{
  "runtimes\\alpine-x64\\native\\libe_sqlite3.so": "39C244FEDBCD3DFC37041D4FCE1AE21D",
  "runtimes\\linux-arm\\native\\libe_sqlite3.so": "96CF54BC0EFB83D6E3F5F3E04997A59D",
  "runtimes\\linux-arm64\\native\\libe_sqlite3.so": "F079E55E7F3F9966A4A2052A3234E068",
  "runtimes\\linux-armel\\native\\libe_sqlite3.so": "C5A67D49434FC65D64E9C15778078C76",
  "runtimes\\linux-mips64\\native\\libe_sqlite3.so": "5F8461214089CFC677D46C19B7162161",
  "runtimes\\linux-musl-x64\\native\\libe_sqlite3.so": "39C244FEDBCD3DFC37041D4FCE1AE21D",
  "runtimes\\linux-x64\\native\\libe_sqlite3.so": "6F49C540D3AB9964D67A4A704C3D262D",
  "runtimes\\linux-x64\\native\\libglfw.so.3": "9E3137144F68B9E9793F4C7AD5B1BEA7",
  "runtimes\\linux-x64\\native\\libSDL2-2.0.so": "99B95A708381FC66AB2370E45A260527",
  "runtimes\\linux-x64\\native\\libstbi.so": "0945355ED59677D06E3E88F48101BB26",
  "runtimes\\linux-x86\\native\\libe_sqlite3.so": "5E0659B414CBD6DDC38C65582485853E",
  "runtimes\\osx-x64\\native\\libe_sqlite3.dylib": "F82AE134FCD1C080A69D775591406673",
  "runtimes\\osx-x64\\native\\libglfw.3.dylib": "1E30FAB2F0C40E82290AD4B0BF14A880",
  "runtimes\\osx-x64\\native\\libSDL2-2.0.dylib": "AAC958490586C67395F0A90903AE3747",
  "runtimes\\osx-x64\\native\\libstbi.dylib": "0B84B0A6A80178266018081C3CAB68E6",
  "runtimes\\win-arm\\native\\e_sqlite3.dll": "B5AD06C347EEB2BA51B0291AEA8A9516",
  "runtimes\\win-arm64\\native\\e_sqlite3.dll": "4FDAAE3CF8FF2F6F25A3F92527840495",
  "runtimes\\win-x64\\native\\cimgui.dll": "48CF464DC2660BDCC8824F93F43BE14B",
  "runtimes\\win-x64\\native\\cimguizmo.dll": "5DA615063DC9AB4B667E958FAD19EC79",
  "runtimes\\win-x64\\native\\cimplot.dll": "FC0D5E7BB29820905A3D57C079F88204",
  "runtimes\\win-x64\\native\\e_sqlite3.dll": "F3E2308C1D71212690D45DCA3CA9E127",
  "runtimes\\win-x64\\native\\glfw3.dll": "3F51AEE3CB4D4000F6BE79E5B57ED2C2",
  "runtimes\\win-x64\\native\\minhook.x64d.dll": "BFF31E990D08CB374EE296FFBE7027E9",
  "runtimes\\win-x64\\native\\SDL2.dll": "013EDFE9741EAEF5DF85E60A0622DDE1",
  "runtimes\\win-x64\\native\\stbi.dll": "993EB8E0102CDFD6C9F145A7A66EF62B",
  "runtimes\\win-x64\\native\\stbi.lib": "927C214DE576219E1F80DBE7798A0502",
  "runtimes\\win-x86\\native\\e_sqlite3.dll": "8FB83CFB3B06F664A7329ADC662B17BD",
  "runtimes\\win-x86\\native\\glfw3.dll": "14EC6BD4CE944846959162B05E3F415C",
  "runtimes\\win-x86\\native\\SDL2.dll": "E3FEA158F11A5233453C08D983149F6C",
  "targets\\Dalamud.Plugin.Bootstrap.targets": "C85635161398CD9852CF7212DB7EB904",
  "targets\\Dalamud.Plugin.targets": "69D15EDFB3D4F0BEE3A099216E4DE057",
  "BitFaster.Caching.dll": "5A8C1A6A1AE07D9305508C18D137519E",
  "CheapLoc.dll": "D67AA9DEE0CAD2687955EDBCF3961188",
  "commit_hash.txt": "5F53C358283EC0C33FF7B1C7E0E444D6",
  "Costura.dll": "B9F97C60995E30B814C2F0F457E862C5",
  "Dalamud.Boot.dll": "69F21882263D664066FE7BC167D212DB",
  "Dalamud.Common.dll": "D24E8C241AEFEFE7760253D5FB112600",
  "Dalamud.deps.json": "06254D84D2D3E6FE229EF72E2C80DBB8",
  "Dalamud.dll": "D7D1618832E048EE72F06F9EACF8D515",
  "Dalamud.Injector.deps.json": "E30B9BD40106FFC14A5274A670979EDF",
  "Dalamud.Injector.dll": "D8E86FEB36E66303300B99AFE6BAFB4F",
  "Dalamud.Injector.exe": "68EB7C08BDE6EF346B36EDFBC5BA73B7",
  "Dalamud.Injector.runtimeconfig.json": "B9BB65FFE7924D4D8BABE9FA66303200",
  "Dalamud.Injector.xml": "D41E5DF541D19A015215E777D7395C9C",
  "Dalamud.runtimeconfig.json": "2A9CD915428BDD175E0889BD0C225F75",
  "Dalamud.xml": "7F53D417445D07F17AA8A5DE53837E70",
  "DalamudCrashHandler.exe": "012C167AA89C4DDA869A6A83E3827596",
  "FASM-LICENSE.TXT": "ECEA1D10811221D5F0A3E96F9C38E2C7",
  "FASM.DLL": "D8FAC49AC7DAE03F59D4F5DDE20C9BD0",
  "FASMX64.DLL": "20F8065058578656D95BCAB2B6680B04",
  "FFXIVClientStructs.dll": "AE3536FABDA861576EBD0A9E555E8D43",
  "FFXIVClientStructs.xml": "2F6993788EDF79E77009B3D01EA9BA35",
  "goaaats.Reloaded.Assembler.targets": "CC22CB0A353E2136EE9E6E96DB9F7164",
  "Iced.dll": "EBAF960B5209BBABE5DB1BE3CDF50FD0",
  "ImGui.NET.dll": "0C103DFABAF79D63F8EA12EF265216DD",
  "ImGuiScene.dll": "9A7DB728CB4EF6A0991A1B21A1E211F4",
  "InteropGenerator.Runtime.dll": "D6B3612AFF98000046F564C939050CC1",
  "JetBrains.Annotations.dll": "63F4754E5372C7969D7CF74DFB391431",
  "licenses.txt": "A159BE62AA91178EFC3E3983AE874D1D",
  "Lumina.dll": "94A9F0E65C718F311D7EA6E3280985C1",
  "Lumina.Excel.dll": "97DC3FB939886BF5E7EF686C4875932A",
  "Microsoft.Bcl.HashCode.dll": "613AB56061ADF2284E047025207467E0",
  "Microsoft.DotNet.PlatformAbstractions.dll": "00AB0F02B1114C57C758F5AD595224F1",
  "Microsoft.Extensions.DependencyModel.dll": "F39BC76C10CFEA478C936FC4521A9FC9",
  "Microsoft.Extensions.ObjectPool.dll": "FEE3CE8A84417360CC5ED787ED6F7DB1",
  "MinSharp.dll": "6D490416E23AA7B58672ADE0BB034D6A",
  "Mono.Cecil.dll": "4344328E97199ABD2909480694A5B38D",
  "Mono.Cecil.Mdb.dll": "2A21E71A41DB2E2AE54C67389B6339C2",
  "Mono.Cecil.Pdb.dll": "8661BED96FA0D66AD617F8D82D651407",
  "Mono.Cecil.Rocks.dll": "9F5D1D31F93FC118D04EB8CA6AC26AE2",
  "nethost.dll": "21F39F71E2F4B5BA9FB3F126872F2F9B",
  "Newtonsoft.Json.dll": "ADF3E3EECDE20B7C9661E9C47106A14A",
  "PeNet.Asn1.dll": "3B572056BAAFAA1F65F3CEDEFD83FDFB",
  "PeNet.dll": "BB0B8E867DB2E9C340D0DFFD8787198E",
  "PInvoke.AdvApi32.dll": "34EE461D05B403C3A15D0DEC32A3788C",
  "PInvoke.BCrypt.dll": "FD07758EE1440491F22923084109FF26",
  "PInvoke.Cabinet.dll": "333D950E3804735DA60CC41D614C63E2",
  "PInvoke.CfgMgr32.dll": "768BE7CC18EDCF78B296A72ABE891691",
  "PInvoke.Crypt32.dll": "E7B00B0851738F4A7F2C6D37DAA973B4",
  "PInvoke.DbgHelp.dll": "E701136169620D20E3A70B560DE20E44",
  "PInvoke.DwmApi.dll": "ACF223CC8962404056648815B486F7D9",
  "PInvoke.Gdi32.dll": "69FF434826F98582CE44D3136ECFFACB",
  "PInvoke.Hid.dll": "2E7A41257F8AD9B26073181F450CD8E5",
  "PInvoke.ImageHlp.dll": "79BE816E8D86EA66489D7780DD675D49",
  "PInvoke.IPHlpApi.dll": "E949FA3326D1BA8872B179AB4EE49D38",
  "PInvoke.Kernel32.dll": "234E15B122ED430DE99490CA1A204958",
  "PInvoke.Magnification.dll": "C9EA3D34F506741ECC044DB19C151F09",
  "PInvoke.Msi.dll": "69EE50CE2DA6B55755E52589F49A7EBC",
  "PInvoke.NCrypt.dll": "DA1DE76C14D99370CA3BEF19DC299B15",
  "PInvoke.NetApi32.dll": "AE79F9FA2E3864A5E0642AE4622ECDC5",
  "PInvoke.NewDev.dll": "B3E1992105D986EF9C5C8E4B630FBB07",
  "PInvoke.NTDll.dll": "3F6BDF840EB27DD0FD9EB8071822183A",
  "PInvoke.Ole32.dll": "3C49FB100B60519FFE725BCD12A538F6",
  "PInvoke.Psapi.dll": "A7683EE4B880227F01C8AE632A892B9E",
  "PInvoke.SetupApi.dll": "1B7AE321185D0081D1759A9AD829F9BA",
  "PInvoke.SHCore.dll": "F27E7F063D51480F6D2294C903E4A606",
  "PInvoke.Shell32.dll": "F71A1BCAF6478190691170DAEA77722F",
  "PInvoke.User32.dll": "8BEDE38311ED4F27127290B81B8079FD",
  "PInvoke.Userenv.dll": "FEB7BCA90B8C905EC2F4BB0789847131",
  "PInvoke.UxTheme.dll": "8E683C016250CB719FDB9AAAFC22B3C5",
  "PInvoke.Windows.Core.dll": "90015440A44935208FFEA9BF61740651",
  "PInvoke.Windows.ShellScalingApi.dll": "F351B34B8C9183A51CADFDC279357C49",
  "PInvoke.WinUsb.dll": "9EB8A0280F2848D1A32B560A939F7336",
  "PInvoke.WtsApi32.dll": "341C94455D2E5893DBE4293D4D67AA4D",
  "Reloaded.Assembler.dll": "9CA1887695CBCBE30B2501AB456B2058",
  "Reloaded.Hooks.Definitions.dll": "FF38EA2BC9B86FCC7CC616646D95379E",
  "Reloaded.Hooks.dll": "FCA7C43C3FF28CCB0F685B2DC277CC32",
  "Reloaded.Memory.Buffers.dll": "C8ADCBD74429C6CE980304D54C541C5F",
  "Reloaded.Memory.dll": "A02491D88C45A789D9DC1FEC7B30BB9F",
  "revision.txt": "4FF6FA96179CDC2838E8D8CE64CD10A7",
  "SDL2-CS.config": "65557595FD5DF55D93B2BF881DE62C3A",
  "SDL2-CS.dll": "6A724B706AAA7DA9FC8351CBCD9F95B3",
  "Serilog.dll": "2A3899ED5BCED446A4FEC50374387FB9",
  "Serilog.Sinks.Async.dll": "7FC2F84D8E7A06E978D198C059B0BC11",
  "Serilog.Sinks.Console.dll": "1510769D07150399CAFC674CC2D00DBE",
  "Serilog.Sinks.File.dll": "E7FC4F4E2D1AC1BA97C8A62B5B22FB5D",
  "SharpDX.Direct3D11.dll": "C6D22F4165EEDD60BE3A674DD21992FC",
  "SharpDX.dll": "47B0734C4F659F3920A08D48C19941C3",
  "SharpDX.DXGI.dll": "1EC4938367A76DB0556CF0AABD2AD828",
  "SharpDX.Mathematics.dll": "6B61557F2780F2D818273214D3FD704B",
  "Silk.NET.Core.dll": "75FBEE7EDBF1CE6BFD5383C954EA7076",
  "Silk.NET.GLFW.dll": "8EDB30EAA14739CF342F9E835DDABFD9",
  "Silk.NET.Maths.dll": "59D92249006A2F28CBCB1D3BAC91CDFA",
  "Silk.NET.OpenGL.dll": "3EAB357E4ECEB9553B80E83B235B9561",
  "Silk.NET.SDL.dll": "48E8029F18844614D65C1C0111D65454",
  "Silk.NET.Windowing.Common.dll": "B0A82FC2B47855261082D1D32F7911FF",
  "Silk.NET.Windowing.Glfw.dll": "F2146D36D6492E2E2F491BB28AD7C7B7",
  "Silk.NET.Windowing.Sdl.dll": "6EF9134F4ACD5EEA1B1A43F14271BA86",
  "SQLite-net.dll": "4F0E3574356D2F4E5A881D3DE727BE51",
  "SQLitePCLRaw.batteries_v2.dll": "EFAF38DE7491C5DBEBCB6B2F3628A08D",
  "SQLitePCLRaw.core.dll": "0423437B0C58416B586732D0E3F9650A",
  "SQLitePCLRaw.nativelibrary.dll": "4CCE1A1D5A32B5608E39030944C8E9AF",
  "SQLitePCLRaw.provider.dynamic_cdecl.dll": "9395928D45F5D8A7FF47CB8B107ACBC0",
  "StbiSharp.dll": "0695F025F3542EC4F96585B9E855FDD6",
  "System.Reactive.dll": "EF5A00287AD15393D41B12AA4B726FF7",
  "System.Reflection.MetadataLoadContext.dll": "E88E3AF6D37736F339022C9ACC5F2F7B",
  "System.Security.Cryptography.Pkcs.dll": "8950E01996A37E808BE3F39063C37BF9",
  "TEMP_gitver.txt": "ABDBF9B44F42DEEE4B21C621F1716A1B",
  "TerraFX.Interop.Windows.dll": "84F7EF6B0DE91F8CC23F773D3FD6DEC0",
  "Validation.dll": "4F903EF4622ABE58BCC7FBE9F473ADF6"
}
