{
  "runtimes\\alpine-x64\\native\\libe_sqlite3.so": "39C244FEDBCD3DFC37041D4FCE1AE21D",
  "runtimes\\linux-arm\\native\\libe_sqlite3.so": "96CF54BC0EFB83D6E3F5F3E04997A59D",
  "runtimes\\linux-arm64\\native\\libe_sqlite3.so": "F079E55E7F3F9966A4A2052A3234E068",
  "runtimes\\linux-armel\\native\\libe_sqlite3.so": "C5A67D49434FC65D64E9C15778078C76",
  "runtimes\\linux-mips64\\native\\libe_sqlite3.so": "5F8461214089CFC677D46C19B7162161",
  "runtimes\\linux-musl-x64\\native\\libe_sqlite3.so": "39C244FEDBCD3DFC37041D4FCE1AE21D",
  "runtimes\\linux-x64\\native\\libe_sqlite3.so": "6F49C540D3AB9964D67A4A704C3D262D",
  "runtimes\\linux-x64\\native\\libglfw.so.3": "9E3137144F68B9E9793F4C7AD5B1BEA7",
  "runtimes\\linux-x64\\native\\libSDL2-2.0.so": "99B95A708381FC66AB2370E45A260527",
  "runtimes\\linux-x64\\native\\libstbi.so": "0945355ED59677D06E3E88F48101BB26",
  "runtimes\\linux-x86\\native\\libe_sqlite3.so": "5E0659B414CBD6DDC38C65582485853E",
  "runtimes\\osx-x64\\native\\libe_sqlite3.dylib": "F82AE134FCD1C080A69D775591406673",
  "runtimes\\osx-x64\\native\\libglfw.3.dylib": "1E30FAB2F0C40E82290AD4B0BF14A880",
  "runtimes\\osx-x64\\native\\libSDL2-2.0.dylib": "AAC958490586C67395F0A90903AE3747",
  "runtimes\\osx-x64\\native\\libstbi.dylib": "0B84B0A6A80178266018081C3CAB68E6",
  "runtimes\\win-arm\\native\\e_sqlite3.dll": "1147D9454C907571C8A320F8B17BBFD3",
  "runtimes\\win-arm64\\native\\e_sqlite3.dll": "FF1ED4631877D715B78CC031090F364E",
  "runtimes\\win-x64\\native\\cimgui.dll": "871FF316247261808592199CB0A2A7DD",
  "runtimes\\win-x64\\native\\cimguizmo.dll": "325C7696D8D86936C7806CED886BC3C4",
  "runtimes\\win-x64\\native\\cimplot.dll": "FBE862AC0DCCADC56CC79D6903847D5E",
  "runtimes\\win-x64\\native\\e_sqlite3.dll": "5C7C9A4C986FFF0478A23F0819609FE7",
  "runtimes\\win-x64\\native\\glfw3.dll": "8D116FE5AA9B9F838C24BC6050ACAFC8",
  "runtimes\\win-x64\\native\\minhook.x64d.dll": "075DFB975276C9885399476AA92F2ED4",
  "runtimes\\win-x64\\native\\SDL2.dll": "C6A76953EC16D38A41F0818DCB1566F7",
  "runtimes\\win-x64\\native\\stbi.dll": "BD170F794CA5FF3A49DB4A6DB5FE75C4",
  "runtimes\\win-x64\\native\\stbi.lib": "927C214DE576219E1F80DBE7798A0502",
  "runtimes\\win-x86\\native\\e_sqlite3.dll": "E7595E919B04E35C822B322FCFF94F5A",
  "runtimes\\win-x86\\native\\glfw3.dll": "7C29D918CF80020CD62DB6E8D337BF67",
  "runtimes\\win-x86\\native\\SDL2.dll": "D6587EC361E6D894C508D7FEAA72EFA9",
  "targets\\Dalamud.Plugin.Bootstrap.targets": "C85635161398CD9852CF7212DB7EB904",
  "targets\\Dalamud.Plugin.targets": "E582DE4B2093280C18BFC7764530631A",
  "BitFaster.Caching.dll": "155E1CF1E02EB099991E2DF1DBC44EFB",
  "CheapLoc.dll": "748CEA6BB63EFF31AAABF3F47DBC7A69",
  "commit_hash.txt": "6ACA0A26943E8BD9D93A10399E2F9F0F",
  "Costura.dll": "C22EBC7EE82DE8C6B56F79A7E670CFD2",
  "Dalamud.Boot.dll": "6B4D7AC6F41AD725ADB6DBF0FDA5556B",
  "Dalamud.Common.dll": "14E835F81DEEBAF931FEB5E266360A70",
  "Dalamud.deps.json": "E8EE0CAE268FEFDDB8801660EC19ECC7",
  "Dalamud.dll": "224EE3E36A4EE00ABEF49DC941F020C7",
  "Dalamud.Injector.deps.json": "E30B9BD40106FFC14A5274A670979EDF",
  "Dalamud.Injector.dll": "0B2D45BE9D97F7A962DAF56D5D8347F3",
  "Dalamud.Injector.exe": "92AE7B8F46B21FD26B0928AA4FB9E536",
  "Dalamud.Injector.runtimeconfig.json": "B9BB65FFE7924D4D8BABE9FA66303200",
  "Dalamud.Injector.xml": "D41E5DF541D19A015215E777D7395C9C",
  "Dalamud.runtimeconfig.json": "2A9CD915428BDD175E0889BD0C225F75",
  "Dalamud.xml": "02428642446E34E5A2C4E070F3C22A9C",
  "DalamudCrashHandler.exe": "68D4646EF835A7FD4D4A8B71BD400A3B",
  "FASM-LICENSE.TXT": "ECEA1D10811221D5F0A3E96F9C38E2C7",
  "FASM.DLL": "EBEF3D50388C5A3ED58C0CE942B3FFE0",
  "FASMX64.DLL": "409E7B31FF34403884A929B27C7A5B4D",
  "FFXIVClientStructs.dll": "531C4B879B741068C0B9F38680DEABBD",
  "FFXIVClientStructs.xml": "2C9E54D2EE1B0FB82F372FFC014A6C8F",
  "goaaats.Reloaded.Assembler.targets": "CC22CB0A353E2136EE9E6E96DB9F7164",
  "Iced.dll": "E81AF4AEADD5B259D18CE3BAF5A4A48A",
  "ImGui.NET.dll": "B28BB3C2AD890529E92227A69AE5F9A8",
  "ImGuiScene.dll": "3364A7EBE545F864B82DE93BA15FE32D",
  "InteropGenerator.Runtime.dll": "CF55964AFD7DC20F48473B0D31FA028E",
  "JetBrains.Annotations.dll": "56EA637D37A2CDA38D43D02A7E4B1456",
  "licenses.txt": "A159BE62AA91178EFC3E3983AE874D1D",
  "Lumina.dll": "636E86A9B5B306C50FA88DA536BB2B3A",
  "Lumina.Excel.dll": "6137C318C31CB39A781A0813E0791BA4",
  "Microsoft.Bcl.HashCode.dll": "613AB56061ADF2284E047025207467E0",
  "Microsoft.DotNet.PlatformAbstractions.dll": "00AB0F02B1114C57C758F5AD595224F1",
  "Microsoft.Extensions.DependencyModel.dll": "F39BC76C10CFEA478C936FC4521A9FC9",
  "Microsoft.Extensions.ObjectPool.dll": "FEE3CE8A84417360CC5ED787ED6F7DB1",
  "MinSharp.dll": "FCD51AF91795A7933061CB6D69424FA6",
  "Mono.Cecil.dll": "304F39011333FEED5B5BFCB36E2D5F38",
  "Mono.Cecil.Mdb.dll": "0CDFF274AC12752DC72C9B19B1A4D401",
  "Mono.Cecil.Pdb.dll": "D2C6174D63636CA332AC1E5EED27C10E",
  "Mono.Cecil.Rocks.dll": "2EBC43197B9F3AA2F72FA28554580D6A",
  "nethost.dll": "21F39F71E2F4B5BA9FB3F126872F2F9B",
  "Newtonsoft.Json.dll": "ADF3E3EECDE20B7C9661E9C47106A14A",
  "PeNet.Asn1.dll": "89E1F11EEDF94F852CED8D88F9BA61AB",
  "PeNet.dll": "96BB8EF39BCA698A3AB52506AA54313F",
  "PInvoke.AdvApi32.dll": "34EE461D05B403C3A15D0DEC32A3788C",
  "PInvoke.BCrypt.dll": "FD07758EE1440491F22923084109FF26",
  "PInvoke.Cabinet.dll": "333D950E3804735DA60CC41D614C63E2",
  "PInvoke.CfgMgr32.dll": "768BE7CC18EDCF78B296A72ABE891691",
  "PInvoke.Crypt32.dll": "E7B00B0851738F4A7F2C6D37DAA973B4",
  "PInvoke.DbgHelp.dll": "E701136169620D20E3A70B560DE20E44",
  "PInvoke.DwmApi.dll": "ACF223CC8962404056648815B486F7D9",
  "PInvoke.Gdi32.dll": "69FF434826F98582CE44D3136ECFFACB",
  "PInvoke.Hid.dll": "2E7A41257F8AD9B26073181F450CD8E5",
  "PInvoke.ImageHlp.dll": "79BE816E8D86EA66489D7780DD675D49",
  "PInvoke.IPHlpApi.dll": "E949FA3326D1BA8872B179AB4EE49D38",
  "PInvoke.Kernel32.dll": "234E15B122ED430DE99490CA1A204958",
  "PInvoke.Magnification.dll": "C9EA3D34F506741ECC044DB19C151F09",
  "PInvoke.Msi.dll": "69EE50CE2DA6B55755E52589F49A7EBC",
  "PInvoke.NCrypt.dll": "DA1DE76C14D99370CA3BEF19DC299B15",
  "PInvoke.NetApi32.dll": "AE79F9FA2E3864A5E0642AE4622ECDC5",
  "PInvoke.NewDev.dll": "B3E1992105D986EF9C5C8E4B630FBB07",
  "PInvoke.NTDll.dll": "3F6BDF840EB27DD0FD9EB8071822183A",
  "PInvoke.Ole32.dll": "3C49FB100B60519FFE725BCD12A538F6",
  "PInvoke.Psapi.dll": "A7683EE4B880227F01C8AE632A892B9E",
  "PInvoke.SetupApi.dll": "1B7AE321185D0081D1759A9AD829F9BA",
  "PInvoke.SHCore.dll": "F27E7F063D51480F6D2294C903E4A606",
  "PInvoke.Shell32.dll": "F71A1BCAF6478190691170DAEA77722F",
  "PInvoke.User32.dll": "8BEDE38311ED4F27127290B81B8079FD",
  "PInvoke.Userenv.dll": "FEB7BCA90B8C905EC2F4BB0789847131",
  "PInvoke.UxTheme.dll": "8E683C016250CB719FDB9AAAFC22B3C5",
  "PInvoke.Windows.Core.dll": "90015440A44935208FFEA9BF61740651",
  "PInvoke.Windows.ShellScalingApi.dll": "F351B34B8C9183A51CADFDC279357C49",
  "PInvoke.WinUsb.dll": "9EB8A0280F2848D1A32B560A939F7336",
  "PInvoke.WtsApi32.dll": "341C94455D2E5893DBE4293D4D67AA4D",
  "Reloaded.Assembler.dll": "8BFEA2DA6C9CA8A7AD29C19ED7F537CB",
  "Reloaded.Hooks.Definitions.dll": "A46FB485BF1D2DD67433A256CB20B488",
  "Reloaded.Hooks.dll": "6CF1BCF447D41F1BE7A438AF85F8F187",
  "Reloaded.Memory.Buffers.dll": "E3698FA590574E6D0B8034534DA57B97",
  "Reloaded.Memory.dll": "5F66CE34D0A0E86E1933BB64F1325823",
  "revision.txt": "46CD618B83BEC844B0DC2C7258F4DE11",
  "SDL2-CS.config": "65557595FD5DF55D93B2BF881DE62C3A",
  "SDL2-CS.dll": "655F4954E92C44C81C0E58C9066DD215",
  "Serilog.dll": "DC7BAE679E5647C30AA65072B7D503B7",
  "Serilog.Sinks.Async.dll": "DD14B66B6831D8E12E094C39AD6DB23F",
  "Serilog.Sinks.Console.dll": "46BD9995B4F3966E5A1485BEB36531C1",
  "Serilog.Sinks.File.dll": "A2EF6B8CEBC9E77339167558F41A72B0",
  "SharpDX.Direct3D11.dll": "12D1948F42E1E451A714A08D07527E1B",
  "SharpDX.dll": "E67BCE59BC0F0449823DCFD735EF88E6",
  "SharpDX.DXGI.dll": "23FADE530C49B59959C2DC0EA608F71A",
  "SharpDX.Mathematics.dll": "53705A75BE1D3D47E73C0D59923EC031",
  "Silk.NET.Core.dll": "F2BDDF80974086B854CF8F56F9A74787",
  "Silk.NET.GLFW.dll": "4F5A6602383A864FD8384DCE43CAA581",
  "Silk.NET.Maths.dll": "95348DC69D03FC1D7FAB503265A6797D",
  "Silk.NET.OpenGL.dll": "DC3185E8AEE726F0A95FDE489B7B5892",
  "Silk.NET.SDL.dll": "9CE88CB073841883D6CB9DB836A29CD2",
  "Silk.NET.Windowing.Common.dll": "DFC13D0B43E136802B80ADBBC30A9476",
  "Silk.NET.Windowing.Glfw.dll": "696827E1FB2F7B89C17DFC9737F57B21",
  "Silk.NET.Windowing.Sdl.dll": "CA4290BDBA4A521669B2ACB3D5EB0EDB",
  "SQLite-net.dll": "3F0F77CDB142C8FC8817C5924E85F0CA",
  "SQLitePCLRaw.batteries_v2.dll": "C2F3D3C326C08901240D0F72D6DE2C08",
  "SQLitePCLRaw.core.dll": "ACAEDEA489E4FEB6F08A48BD1346179B",
  "SQLitePCLRaw.nativelibrary.dll": "A174CC5BB2865EAE1C8AC7BBA2D97A75",
  "SQLitePCLRaw.provider.dynamic_cdecl.dll": "7CBC049EE05ACBE94329FB3343EBC76B",
  "StbiSharp.dll": "0F943E1100FFF5C9945CBD5472DEEA21",
  "System.Reactive.dll": "EF5A00287AD15393D41B12AA4B726FF7",
  "System.Reflection.MetadataLoadContext.dll": "E88E3AF6D37736F339022C9ACC5F2F7B",
  "System.Security.Cryptography.Pkcs.dll": "8950E01996A37E808BE3F39063C37BF9",
  "TEMP_gitver.txt": "BB2633274D1871A487CD320BEFA192BF",
  "TerraFX.Interop.Windows.dll": "84F7EF6B0DE91F8CC23F773D3FD6DEC0",
  "Validation.dll": "B6BEEE653C707FAA3B7221BAD110D06E"
}
