{
  "runtimes\\alpine-x64\\native\\libe_sqlite3.so": "39C244FEDBCD3DFC37041D4FCE1AE21D",
  "runtimes\\linux-arm\\native\\libe_sqlite3.so": "96CF54BC0EFB83D6E3F5F3E04997A59D",
  "runtimes\\linux-arm64\\native\\libe_sqlite3.so": "F079E55E7F3F9966A4A2052A3234E068",
  "runtimes\\linux-armel\\native\\libe_sqlite3.so": "C5A67D49434FC65D64E9C15778078C76",
  "runtimes\\linux-mips64\\native\\libe_sqlite3.so": "5F8461214089CFC677D46C19B7162161",
  "runtimes\\linux-musl-x64\\native\\libe_sqlite3.so": "39C244FEDBCD3DFC37041D4FCE1AE21D",
  "runtimes\\linux-x64\\native\\libe_sqlite3.so": "6F49C540D3AB9964D67A4A704C3D262D",
  "runtimes\\linux-x64\\native\\libglfw.so.3": "9E3137144F68B9E9793F4C7AD5B1BEA7",
  "runtimes\\linux-x64\\native\\libSDL2-2.0.so": "99B95A708381FC66AB2370E45A260527",
  "runtimes\\linux-x64\\native\\libstbi.so": "0945355ED59677D06E3E88F48101BB26",
  "runtimes\\linux-x86\\native\\libe_sqlite3.so": "5E0659B414CBD6DDC38C65582485853E",
  "runtimes\\osx-x64\\native\\libe_sqlite3.dylib": "F82AE134FCD1C080A69D775591406673",
  "runtimes\\osx-x64\\native\\libglfw.3.dylib": "1E30FAB2F0C40E82290AD4B0BF14A880",
  "runtimes\\osx-x64\\native\\libSDL2-2.0.dylib": "AAC958490586C67395F0A90903AE3747",
  "runtimes\\osx-x64\\native\\libstbi.dylib": "0B84B0A6A80178266018081C3CAB68E6",
  "runtimes\\win-arm\\native\\e_sqlite3.dll": "116E5B39B761B41C49EB24A3CCAA8B42",
  "runtimes\\win-arm64\\native\\e_sqlite3.dll": "2B3AAE164F8A0FA477E3D4074CE9740E",
  "runtimes\\win-x64\\native\\cimgui.dll": "1B59028E8E001C7A87E50F82651795D8",
  "runtimes\\win-x64\\native\\cimguizmo.dll": "ADCF06B82F0E544FA04BF2AD94C85AE1",
  "runtimes\\win-x64\\native\\cimplot.dll": "CBD470A0B404564CE4CA1A63C8C854AA",
  "runtimes\\win-x64\\native\\e_sqlite3.dll": "A262AC91AEB528A6C5C61271672C1D13",
  "runtimes\\win-x64\\native\\glfw3.dll": "E9D9353D40ACD7E4323E2ECDCDCE8188",
  "runtimes\\win-x64\\native\\minhook.x64d.dll": "05EA2539868416E0123E2AA238AE8BF5",
  "runtimes\\win-x64\\native\\SDL2.dll": "4321D0814FBA0DEA38B8281DFE3F8DB8",
  "runtimes\\win-x64\\native\\stbi.dll": "11E5EF0E092519C066C467A5244ABF7A",
  "runtimes\\win-x64\\native\\stbi.lib": "927C214DE576219E1F80DBE7798A0502",
  "runtimes\\win-x86\\native\\e_sqlite3.dll": "8B05D62B6646D79428C99712D24C1A8C",
  "runtimes\\win-x86\\native\\glfw3.dll": "71C6A7450236A3E431F0FE1B43034860",
  "runtimes\\win-x86\\native\\SDL2.dll": "D21240C3D5846C649F01AF798DA0FF1D",
  "targets\\Dalamud.Plugin.Bootstrap.targets": "C85635161398CD9852CF7212DB7EB904",
  "targets\\Dalamud.Plugin.targets": "69D15EDFB3D4F0BEE3A099216E4DE057",
  "BitFaster.Caching.dll": "78591F55323AC6AA216332D9C17440D5",
  "CheapLoc.dll": "EE1BD4C0A16F9850426BBDBF17964179",
  "commit_hash.txt": "88BC345E1BC4B91DEBFEDBB6BA6291E8",
  "Costura.dll": "D39661695A8B36B6AC3BE08880B1930F",
  "Dalamud.Boot.dll": "C221635BF6198B24633FF4AFD6381B0F",
  "Dalamud.Common.dll": "E83D84A7F13197C04E16D6FC3ED18C61",
  "Dalamud.deps.json": "41BB6656576166D2CC79A8AB2212DAC8",
  "Dalamud.dll": "90A76CEE0A93B26E1F54EB422EAF8794",
  "Dalamud.Injector.deps.json": "E30B9BD40106FFC14A5274A670979EDF",
  "Dalamud.Injector.dll": "F0490F7265F582C30FD6DB3BB458B54B",
  "Dalamud.Injector.exe": "DDEA69184E3C0DECDC9384DB58B97388",
  "Dalamud.Injector.runtimeconfig.json": "B9BB65FFE7924D4D8BABE9FA66303200",
  "Dalamud.Injector.xml": "D41E5DF541D19A015215E777D7395C9C",
  "Dalamud.runtimeconfig.json": "2A9CD915428BDD175E0889BD0C225F75",
  "Dalamud.xml": "D05296598520CE804FD5C55E415AA89C",
  "DalamudCrashHandler.exe": "33755601F52F4911B398AE34B213B8A9",
  "FASM-LICENSE.TXT": "ECEA1D10811221D5F0A3E96F9C38E2C7",
  "FASM.DLL": "1DA94269F9DD2EAA0165D2A732394161",
  "FASMX64.DLL": "A075EB8BD882B8E8D8171225B97DC825",
  "FFXIVClientStructs.dll": "C2D3E26CD812102B5FBADFDCB4FCBC9E",
  "FFXIVClientStructs.xml": "02EF58A180937CE3E3EDB38F7442D7EF",
  "goaaats.Reloaded.Assembler.targets": "CC22CB0A353E2136EE9E6E96DB9F7164",
  "Iced.dll": "F683B60F106A978C0973524734EE047A",
  "ImGui.NET.dll": "1E9CD0137A58142FFA1B90903CA5638F",
  "ImGuiScene.dll": "C9FA789F43B1BB36A567EBECD6E03DC6",
  "InteropGenerator.Runtime.dll": "D239CB7D91CFEC34C603E2007E23AC04",
  "JetBrains.Annotations.dll": "F8AF572A7882F295D8F419DE051F2592",
  "licenses.txt": "A159BE62AA91178EFC3E3983AE874D1D",
  "Lumina.dll": "9CD61E307AA7BA311B75A52A0AD69EDB",
  "Lumina.Excel.dll": "627A96EB832C50093E574A405787CFAD",
  "Microsoft.Bcl.HashCode.dll": "613AB56061ADF2284E047025207467E0",
  "Microsoft.DotNet.PlatformAbstractions.dll": "00AB0F02B1114C57C758F5AD595224F1",
  "Microsoft.Extensions.DependencyModel.dll": "F39BC76C10CFEA478C936FC4521A9FC9",
  "Microsoft.Extensions.ObjectPool.dll": "FEE3CE8A84417360CC5ED787ED6F7DB1",
  "MinSharp.dll": "4224C3B87D692F4C0C2E935CE66D9408",
  "Mono.Cecil.dll": "98C7419BB13E3584B3E8A310D2CFD5BB",
  "Mono.Cecil.Mdb.dll": "2F7E97C5AA3EED935BB210C8AC8C9C15",
  "Mono.Cecil.Pdb.dll": "5C66D681A182AA1D9923B7799A36E212",
  "Mono.Cecil.Rocks.dll": "1748AD7CE6977B946884E006AE1F61E7",
  "nethost.dll": "21F39F71E2F4B5BA9FB3F126872F2F9B",
  "Newtonsoft.Json.dll": "ADF3E3EECDE20B7C9661E9C47106A14A",
  "PeNet.Asn1.dll": "977FBFF9A58408B138476673FA461B3D",
  "PeNet.dll": "C7E742542FCDEF3E1ABC471FC2A0E472",
  "PInvoke.AdvApi32.dll": "34EE461D05B403C3A15D0DEC32A3788C",
  "PInvoke.BCrypt.dll": "FD07758EE1440491F22923084109FF26",
  "PInvoke.Cabinet.dll": "333D950E3804735DA60CC41D614C63E2",
  "PInvoke.CfgMgr32.dll": "768BE7CC18EDCF78B296A72ABE891691",
  "PInvoke.Crypt32.dll": "E7B00B0851738F4A7F2C6D37DAA973B4",
  "PInvoke.DbgHelp.dll": "E701136169620D20E3A70B560DE20E44",
  "PInvoke.DwmApi.dll": "ACF223CC8962404056648815B486F7D9",
  "PInvoke.Gdi32.dll": "69FF434826F98582CE44D3136ECFFACB",
  "PInvoke.Hid.dll": "2E7A41257F8AD9B26073181F450CD8E5",
  "PInvoke.ImageHlp.dll": "79BE816E8D86EA66489D7780DD675D49",
  "PInvoke.IPHlpApi.dll": "E949FA3326D1BA8872B179AB4EE49D38",
  "PInvoke.Kernel32.dll": "234E15B122ED430DE99490CA1A204958",
  "PInvoke.Magnification.dll": "C9EA3D34F506741ECC044DB19C151F09",
  "PInvoke.Msi.dll": "69EE50CE2DA6B55755E52589F49A7EBC",
  "PInvoke.NCrypt.dll": "DA1DE76C14D99370CA3BEF19DC299B15",
  "PInvoke.NetApi32.dll": "AE79F9FA2E3864A5E0642AE4622ECDC5",
  "PInvoke.NewDev.dll": "B3E1992105D986EF9C5C8E4B630FBB07",
  "PInvoke.NTDll.dll": "3F6BDF840EB27DD0FD9EB8071822183A",
  "PInvoke.Ole32.dll": "3C49FB100B60519FFE725BCD12A538F6",
  "PInvoke.Psapi.dll": "A7683EE4B880227F01C8AE632A892B9E",
  "PInvoke.SetupApi.dll": "1B7AE321185D0081D1759A9AD829F9BA",
  "PInvoke.SHCore.dll": "F27E7F063D51480F6D2294C903E4A606",
  "PInvoke.Shell32.dll": "F71A1BCAF6478190691170DAEA77722F",
  "PInvoke.User32.dll": "8BEDE38311ED4F27127290B81B8079FD",
  "PInvoke.Userenv.dll": "FEB7BCA90B8C905EC2F4BB0789847131",
  "PInvoke.UxTheme.dll": "8E683C016250CB719FDB9AAAFC22B3C5",
  "PInvoke.Windows.Core.dll": "90015440A44935208FFEA9BF61740651",
  "PInvoke.Windows.ShellScalingApi.dll": "F351B34B8C9183A51CADFDC279357C49",
  "PInvoke.WinUsb.dll": "9EB8A0280F2848D1A32B560A939F7336",
  "PInvoke.WtsApi32.dll": "341C94455D2E5893DBE4293D4D67AA4D",
  "Reloaded.Assembler.dll": "23A783C5C0B2E23ECF6E5D9BAAC31326",
  "Reloaded.Hooks.Definitions.dll": "8FDCE4D6E7E7E60DB746BE4DFB83797F",
  "Reloaded.Hooks.dll": "7B4AC08D00CEBE97B7B2ADFD69777125",
  "Reloaded.Memory.Buffers.dll": "6232217D58FAC5FA9046F73C2F6B2403",
  "Reloaded.Memory.dll": "6535D3E1D4890CEE0A9F89D481B0F363",
  "revision.txt": "7CC5CA26D6FBB6DB2B134EF07CC68925",
  "SDL2-CS.config": "65557595FD5DF55D93B2BF881DE62C3A",
  "SDL2-CS.dll": "5A128F052A5E80BBE523D64E72242977",
  "Serilog.dll": "5E909FFFC43A63A9037115EDEB22A74D",
  "Serilog.Sinks.Async.dll": "F00ED84C06B79806B49AC0B43B2E5A0E",
  "Serilog.Sinks.Console.dll": "5A4109F8D1BC27021909953B9D0F82D1",
  "Serilog.Sinks.File.dll": "D764A6A4592DCEA65ECE7D7A2F7BB719",
  "SharpDX.Direct3D11.dll": "47512F59E228DC75C7906D7F109E95E9",
  "SharpDX.dll": "BDDCDDC02F2B75283E31B0AD59AAFDE0",
  "SharpDX.DXGI.dll": "A9D62F7F05AA69F08AEEAA3E61474E46",
  "SharpDX.Mathematics.dll": "95D2798F9CA56451C3D60157A9E3FBD4",
  "Silk.NET.Core.dll": "EC7A55C81B46E1571FD2658F801C467F",
  "Silk.NET.GLFW.dll": "C8A9EA749164C2A468EF72FA50175860",
  "Silk.NET.Maths.dll": "EBD5AC6252A85672BAE57A9D02AF3D19",
  "Silk.NET.OpenGL.dll": "38FF8DF9BDB02DB5423B4F9E34C7C13E",
  "Silk.NET.SDL.dll": "90820EA7C976B4E1A0C7F07C4B02AA46",
  "Silk.NET.Windowing.Common.dll": "F4002814328F0560BC9C33C6DC6B0A35",
  "Silk.NET.Windowing.Glfw.dll": "7F1D03A4CE70683140FA20BAC3F546CE",
  "Silk.NET.Windowing.Sdl.dll": "9638F24454F5BF942A538984442176D3",
  "SQLite-net.dll": "68DC7F58C008F15C3DBE3DD2F4858294",
  "SQLitePCLRaw.batteries_v2.dll": "99AA4D35876D1A1C3F71F43F1737793F",
  "SQLitePCLRaw.core.dll": "7CB824F83CD27CF183BFF70A13CD1362",
  "SQLitePCLRaw.nativelibrary.dll": "3AA21125BA9EB1C4DDFD7E08877BAF94",
  "SQLitePCLRaw.provider.dynamic_cdecl.dll": "C5D29EB5EA762B9B7F3D41E06B8D5A09",
  "StbiSharp.dll": "61CC29C54BBFD9F8A007D720D2A10E1A",
  "System.Reactive.dll": "EF5A00287AD15393D41B12AA4B726FF7",
  "System.Reflection.MetadataLoadContext.dll": "E88E3AF6D37736F339022C9ACC5F2F7B",
  "System.Security.Cryptography.Pkcs.dll": "8950E01996A37E808BE3F39063C37BF9",
  "TEMP_gitver.txt": "A32CE76FD9AB308FB0410D07779D3DD5",
  "TerraFX.Interop.Windows.dll": "84F7EF6B0DE91F8CC23F773D3FD6DEC0",
  "Validation.dll": "1A43278CA3FA36B11177CF68FDFFE597"
}
