{
  "runtimes\\alpine-x64\\native\\libe_sqlite3.so": "39C244FEDBCD3DFC37041D4FCE1AE21D",
  "runtimes\\linux-arm\\native\\libe_sqlite3.so": "96CF54BC0EFB83D6E3F5F3E04997A59D",
  "runtimes\\linux-arm64\\native\\libe_sqlite3.so": "F079E55E7F3F9966A4A2052A3234E068",
  "runtimes\\linux-armel\\native\\libe_sqlite3.so": "C5A67D49434FC65D64E9C15778078C76",
  "runtimes\\linux-mips64\\native\\libe_sqlite3.so": "5F8461214089CFC677D46C19B7162161",
  "runtimes\\linux-musl-x64\\native\\libe_sqlite3.so": "39C244FEDBCD3DFC37041D4FCE1AE21D",
  "runtimes\\linux-x64\\native\\libe_sqlite3.so": "6F49C540D3AB9964D67A4A704C3D262D",
  "runtimes\\linux-x64\\native\\libglfw.so.3": "9E3137144F68B9E9793F4C7AD5B1BEA7",
  "runtimes\\linux-x64\\native\\libSDL2-2.0.so": "99B95A708381FC66AB2370E45A260527",
  "runtimes\\linux-x64\\native\\libstbi.so": "0945355ED59677D06E3E88F48101BB26",
  "runtimes\\linux-x86\\native\\libe_sqlite3.so": "5E0659B414CBD6DDC38C65582485853E",
  "runtimes\\osx-x64\\native\\libe_sqlite3.dylib": "F82AE134FCD1C080A69D775591406673",
  "runtimes\\osx-x64\\native\\libglfw.3.dylib": "1E30FAB2F0C40E82290AD4B0BF14A880",
  "runtimes\\osx-x64\\native\\libSDL2-2.0.dylib": "AAC958490586C67395F0A90903AE3747",
  "runtimes\\osx-x64\\native\\libstbi.dylib": "0B84B0A6A80178266018081C3CAB68E6",
  "runtimes\\win-arm\\native\\e_sqlite3.dll": "F3FA7308E422CCB91E5301DCA7D6A25A",
  "runtimes\\win-arm64\\native\\e_sqlite3.dll": "34AB7301F35FE83BBE54D9102B674E2D",
  "runtimes\\win-x64\\native\\cimgui.dll": "A94DE72E500EA5A023D3408EEFB1BC3F",
  "runtimes\\win-x64\\native\\cimguizmo.dll": "50EFE5C324C662F848401D20F47AD9CA",
  "runtimes\\win-x64\\native\\cimplot.dll": "37B5BE562292ABA3B31ADAB9444C492E",
  "runtimes\\win-x64\\native\\e_sqlite3.dll": "72B5E163882C297FD7F19D37554CB582",
  "runtimes\\win-x64\\native\\glfw3.dll": "6BCC92C8A1DF262619385F24F9C034E5",
  "runtimes\\win-x64\\native\\minhook.x64d.dll": "8B4C8AF2812A496FA02F99C57F963BF4",
  "runtimes\\win-x64\\native\\SDL2.dll": "378117CD94E89B03A456D1B1443F7AA6",
  "runtimes\\win-x64\\native\\stbi.dll": "3F93AB1BDA9579604F4CC832A04CC6BF",
  "runtimes\\win-x64\\native\\stbi.lib": "927C214DE576219E1F80DBE7798A0502",
  "runtimes\\win-x86\\native\\e_sqlite3.dll": "A5015666789FF43F6716C264B4DE6EF2",
  "runtimes\\win-x86\\native\\glfw3.dll": "7F803AF93D085DF4E07BEDC0E83BBFB0",
  "runtimes\\win-x86\\native\\SDL2.dll": "A94AA29BC54B688610A04CCD367E5BE7",
  "targets\\Dalamud.Plugin.Bootstrap.targets": "C85635161398CD9852CF7212DB7EB904",
  "targets\\Dalamud.Plugin.targets": "69D15EDFB3D4F0BEE3A099216E4DE057",
  "BitFaster.Caching.dll": "A887DCC9557908D946A3486ADDFBA59A",
  "CheapLoc.dll": "4F2ADFDA492BCB2E372DEC7701CBDEA6",
  "commit_hash.txt": "8CC3B2E52CA3256B84CBC00F00C457DA",
  "Costura.dll": "473462763D1DB978D0559842B0C04B4C",
  "Dalamud.Boot.dll": "E51172D113C0C72339153F00EE8CB4DC",
  "Dalamud.Common.dll": "E35A4F12C5A072B8DBD0B00F1733F4BB",
  "Dalamud.deps.json": "06254D84D2D3E6FE229EF72E2C80DBB8",
  "Dalamud.dll": "565BA3EFD349DF99A406B11B441C1DA9",
  "Dalamud.Injector.deps.json": "E30B9BD40106FFC14A5274A670979EDF",
  "Dalamud.Injector.dll": "BD70AE99F74115422F4F7A56338EF630",
  "Dalamud.Injector.exe": "A9BDA38B1C902D20E1E4987BD2AFB53A",
  "Dalamud.Injector.runtimeconfig.json": "B9BB65FFE7924D4D8BABE9FA66303200",
  "Dalamud.Injector.xml": "D41E5DF541D19A015215E777D7395C9C",
  "Dalamud.runtimeconfig.json": "2A9CD915428BDD175E0889BD0C225F75",
  "Dalamud.xml": "7F53D417445D07F17AA8A5DE53837E70",
  "DalamudCrashHandler.exe": "FA3162C496149445740D91755384089B",
  "FASM-LICENSE.TXT": "ECEA1D10811221D5F0A3E96F9C38E2C7",
  "FASM.DLL": "C8B502AF0621495D5532AFEF5ADED57C",
  "FASMX64.DLL": "932B66A945461E6C9005CB8B69EE5554",
  "FFXIVClientStructs.dll": "3134BE8050CD0DA5DC7BAA1669CB97A0",
  "FFXIVClientStructs.xml": "2F6993788EDF79E77009B3D01EA9BA35",
  "goaaats.Reloaded.Assembler.targets": "CC22CB0A353E2136EE9E6E96DB9F7164",
  "Iced.dll": "AAE887A44FF33D58A618AF1F1F29110F",
  "ImGui.NET.dll": "E01DB165EA8A50E1450293697134620F",
  "ImGuiScene.dll": "EB1BE69E261E93443E19DA89DB3A8FED",
  "InteropGenerator.Runtime.dll": "8F68DDCFDA98798A0C499632EB217BE5",
  "JetBrains.Annotations.dll": "58B84B0B273ECE3BDCFBDC797D5EBE6F",
  "licenses.txt": "A159BE62AA91178EFC3E3983AE874D1D",
  "Lumina.dll": "5BF9A6157FAD713D7C26CCF75AA69075",
  "Lumina.Excel.dll": "CFEB26AF342E0735C3CE56724B951D7C",
  "Microsoft.Bcl.HashCode.dll": "613AB56061ADF2284E047025207467E0",
  "Microsoft.DotNet.PlatformAbstractions.dll": "00AB0F02B1114C57C758F5AD595224F1",
  "Microsoft.Extensions.DependencyModel.dll": "F39BC76C10CFEA478C936FC4521A9FC9",
  "Microsoft.Extensions.ObjectPool.dll": "FEE3CE8A84417360CC5ED787ED6F7DB1",
  "MinSharp.dll": "794011C202CA6E7EDC36615698EB8742",
  "Mono.Cecil.dll": "0A25F88ADF9E1A219E7AA7C076ECC024",
  "Mono.Cecil.Mdb.dll": "57206513C1E72D32D78338E6225B70A5",
  "Mono.Cecil.Pdb.dll": "C4B667D06160A8819736947A37D9F586",
  "Mono.Cecil.Rocks.dll": "982F79E52B4D7CED8CBC86023918AD4F",
  "nethost.dll": "21F39F71E2F4B5BA9FB3F126872F2F9B",
  "Newtonsoft.Json.dll": "ADF3E3EECDE20B7C9661E9C47106A14A",
  "PeNet.Asn1.dll": "9AFED25EA8796D9972A91272528ED164",
  "PeNet.dll": "BA4084E63380B0885E4CCEF8CB4BFA65",
  "PInvoke.AdvApi32.dll": "34EE461D05B403C3A15D0DEC32A3788C",
  "PInvoke.BCrypt.dll": "FD07758EE1440491F22923084109FF26",
  "PInvoke.Cabinet.dll": "333D950E3804735DA60CC41D614C63E2",
  "PInvoke.CfgMgr32.dll": "768BE7CC18EDCF78B296A72ABE891691",
  "PInvoke.Crypt32.dll": "E7B00B0851738F4A7F2C6D37DAA973B4",
  "PInvoke.DbgHelp.dll": "E701136169620D20E3A70B560DE20E44",
  "PInvoke.DwmApi.dll": "ACF223CC8962404056648815B486F7D9",
  "PInvoke.Gdi32.dll": "69FF434826F98582CE44D3136ECFFACB",
  "PInvoke.Hid.dll": "2E7A41257F8AD9B26073181F450CD8E5",
  "PInvoke.ImageHlp.dll": "79BE816E8D86EA66489D7780DD675D49",
  "PInvoke.IPHlpApi.dll": "E949FA3326D1BA8872B179AB4EE49D38",
  "PInvoke.Kernel32.dll": "234E15B122ED430DE99490CA1A204958",
  "PInvoke.Magnification.dll": "C9EA3D34F506741ECC044DB19C151F09",
  "PInvoke.Msi.dll": "69EE50CE2DA6B55755E52589F49A7EBC",
  "PInvoke.NCrypt.dll": "DA1DE76C14D99370CA3BEF19DC299B15",
  "PInvoke.NetApi32.dll": "AE79F9FA2E3864A5E0642AE4622ECDC5",
  "PInvoke.NewDev.dll": "B3E1992105D986EF9C5C8E4B630FBB07",
  "PInvoke.NTDll.dll": "3F6BDF840EB27DD0FD9EB8071822183A",
  "PInvoke.Ole32.dll": "3C49FB100B60519FFE725BCD12A538F6",
  "PInvoke.Psapi.dll": "A7683EE4B880227F01C8AE632A892B9E",
  "PInvoke.SetupApi.dll": "1B7AE321185D0081D1759A9AD829F9BA",
  "PInvoke.SHCore.dll": "F27E7F063D51480F6D2294C903E4A606",
  "PInvoke.Shell32.dll": "F71A1BCAF6478190691170DAEA77722F",
  "PInvoke.User32.dll": "8BEDE38311ED4F27127290B81B8079FD",
  "PInvoke.Userenv.dll": "FEB7BCA90B8C905EC2F4BB0789847131",
  "PInvoke.UxTheme.dll": "8E683C016250CB719FDB9AAAFC22B3C5",
  "PInvoke.Windows.Core.dll": "90015440A44935208FFEA9BF61740651",
  "PInvoke.Windows.ShellScalingApi.dll": "F351B34B8C9183A51CADFDC279357C49",
  "PInvoke.WinUsb.dll": "9EB8A0280F2848D1A32B560A939F7336",
  "PInvoke.WtsApi32.dll": "341C94455D2E5893DBE4293D4D67AA4D",
  "Reloaded.Assembler.dll": "1193B95DDA214A30830DF83129D161A7",
  "Reloaded.Hooks.Definitions.dll": "7CB0714EA6BCCEE643C15A6F437F45F1",
  "Reloaded.Hooks.dll": "666DEB872C23265513D9FE4C4259BC80",
  "Reloaded.Memory.Buffers.dll": "CA54B6AA18A46B433CE5F45488599F87",
  "Reloaded.Memory.dll": "C5597EA45A03E4C962A9454738F7D4F7",
  "revision.txt": "E17A886EFC21FA45B9DC49A17C29DCF1",
  "SDL2-CS.config": "65557595FD5DF55D93B2BF881DE62C3A",
  "SDL2-CS.dll": "644DA34226881284C87AC96CBC600D69",
  "Serilog.dll": "20566A8304EC0018DAB63F20A1E6115D",
  "Serilog.Sinks.Async.dll": "8A4B5C84E9FD94A30E2F243797C643BC",
  "Serilog.Sinks.Console.dll": "B7085E4724EF89FE18E559E95E3651F5",
  "Serilog.Sinks.File.dll": "95C7C394C2EB32A29AD2FF69853BB46D",
  "SharpDX.Direct3D11.dll": "DC9D4D7B3393EDC8F90DA7D5F04B0465",
  "SharpDX.dll": "ECA4DD5B0D0CF8ACBB472E64813FCE66",
  "SharpDX.DXGI.dll": "6905AE27F2E6A15862F3BF94D6003073",
  "SharpDX.Mathematics.dll": "C4C7F86D01860A51E252407E838C1202",
  "Silk.NET.Core.dll": "182DC11DA78ED534FADCAEC73F5C1915",
  "Silk.NET.GLFW.dll": "0F18FE9455E713E942D01B8F65CB400F",
  "Silk.NET.Maths.dll": "6D2C11CF7AA6F227CB7EE80BB70B0910",
  "Silk.NET.OpenGL.dll": "7484CBDBCB623B1204D91C5A028915A7",
  "Silk.NET.SDL.dll": "E4B9003BEDCB53DE8A0DEFC601C59FFC",
  "Silk.NET.Windowing.Common.dll": "577851AD6F1E799957F397897A8AEFAA",
  "Silk.NET.Windowing.Glfw.dll": "02E4E819C1E515CDBE04C01157022D13",
  "Silk.NET.Windowing.Sdl.dll": "444EA5911189C3F0D63774C23CD31A4B",
  "SQLite-net.dll": "7224D92F95C05BF4C6D51961FF821137",
  "SQLitePCLRaw.batteries_v2.dll": "52BB7F2062E7018DF1B502F22E44A8D7",
  "SQLitePCLRaw.core.dll": "90922C0280C12304BF6253A68C80391F",
  "SQLitePCLRaw.nativelibrary.dll": "1C263F738613586B143922ED7BFDF52F",
  "SQLitePCLRaw.provider.dynamic_cdecl.dll": "0BE7FBB8D9CEA744FD1DEAA3FCC23DAD",
  "StbiSharp.dll": "598FBC08C8B5D369F7B597C3A6470B3E",
  "System.Reactive.dll": "EF5A00287AD15393D41B12AA4B726FF7",
  "System.Reflection.MetadataLoadContext.dll": "E88E3AF6D37736F339022C9ACC5F2F7B",
  "System.Security.Cryptography.Pkcs.dll": "8950E01996A37E808BE3F39063C37BF9",
  "TEMP_gitver.txt": "ED899883A81222FA501BB37A4CD6B79F",
  "TerraFX.Interop.Windows.dll": "84F7EF6B0DE91F8CC23F773D3FD6DEC0",
  "Validation.dll": "067F21282D13C4349ACBB66A10A2372A"
}
