{
  "runtimes\\alpine-x64\\native\\libe_sqlite3.so": "39C244FEDBCD3DFC37041D4FCE1AE21D",
  "runtimes\\linux-arm\\native\\libe_sqlite3.so": "96CF54BC0EFB83D6E3F5F3E04997A59D",
  "runtimes\\linux-arm64\\native\\libe_sqlite3.so": "F079E55E7F3F9966A4A2052A3234E068",
  "runtimes\\linux-armel\\native\\libe_sqlite3.so": "C5A67D49434FC65D64E9C15778078C76",
  "runtimes\\linux-mips64\\native\\libe_sqlite3.so": "5F8461214089CFC677D46C19B7162161",
  "runtimes\\linux-musl-x64\\native\\libe_sqlite3.so": "39C244FEDBCD3DFC37041D4FCE1AE21D",
  "runtimes\\linux-x64\\native\\libe_sqlite3.so": "6F49C540D3AB9964D67A4A704C3D262D",
  "runtimes\\linux-x64\\native\\libglfw.so.3": "9E3137144F68B9E9793F4C7AD5B1BEA7",
  "runtimes\\linux-x64\\native\\libSDL2-2.0.so": "99B95A708381FC66AB2370E45A260527",
  "runtimes\\linux-x64\\native\\libstbi.so": "0945355ED59677D06E3E88F48101BB26",
  "runtimes\\linux-x86\\native\\libe_sqlite3.so": "5E0659B414CBD6DDC38C65582485853E",
  "runtimes\\osx-x64\\native\\libe_sqlite3.dylib": "F82AE134FCD1C080A69D775591406673",
  "runtimes\\osx-x64\\native\\libglfw.3.dylib": "1E30FAB2F0C40E82290AD4B0BF14A880",
  "runtimes\\osx-x64\\native\\libSDL2-2.0.dylib": "AAC958490586C67395F0A90903AE3747",
  "runtimes\\osx-x64\\native\\libstbi.dylib": "0B84B0A6A80178266018081C3CAB68E6",
  "runtimes\\win-arm\\native\\e_sqlite3.dll": "A16C1FCB4F2DD73EEE073F8B80FFB629",
  "runtimes\\win-arm64\\native\\e_sqlite3.dll": "A3B2BC335B38B470EEE13C5F3793E952",
  "runtimes\\win-x64\\native\\cimgui.dll": "90B167A1099A4E6AF9113EB5824D2B97",
  "runtimes\\win-x64\\native\\cimguizmo.dll": "C8D4755C26A545D823BFAD54AC660AC4",
  "runtimes\\win-x64\\native\\cimplot.dll": "F9D75AF0F2BF14530503DFFC58C2CA73",
  "runtimes\\win-x64\\native\\e_sqlite3.dll": "48E02B9C5E6D645E86ACCF15BE581F45",
  "runtimes\\win-x64\\native\\glfw3.dll": "2C40950116FEFB8A381C5568F1DCEC7F",
  "runtimes\\win-x64\\native\\minhook.x64d.dll": "41E6ED6D83A1A7763B8E3581E723F048",
  "runtimes\\win-x64\\native\\SDL2.dll": "30A3F7DEE75EB7C9AB52C910D6141D3B",
  "runtimes\\win-x64\\native\\stbi.dll": "E2CD7FC2D5C2E54BEEEF84EFCD5973F3",
  "runtimes\\win-x64\\native\\stbi.lib": "927C214DE576219E1F80DBE7798A0502",
  "runtimes\\win-x86\\native\\e_sqlite3.dll": "104C5A207C9F7732C4F6B431DDCCBB65",
  "runtimes\\win-x86\\native\\glfw3.dll": "F236F1BEC7096FA8FEBAF194769614C9",
  "runtimes\\win-x86\\native\\SDL2.dll": "7D842A32633ABA8E7F7A0335510EA3CB",
  "targets\\Dalamud.Plugin.Bootstrap.targets": "C85635161398CD9852CF7212DB7EB904",
  "targets\\Dalamud.Plugin.targets": "69D15EDFB3D4F0BEE3A099216E4DE057",
  "BitFaster.Caching.dll": "B3FEDE03F09CFA408DB2C82957A275D6",
  "CheapLoc.dll": "93AA0C8EB80F1D25AC0ACE4FF3BE3C64",
  "commit_hash.txt": "A275D91AE127750B41C62EE9A6148176",
  "Costura.dll": "607533BEB975D3C1D68E53D1A98231B8",
  "Dalamud.Boot.dll": "77781E39F2CF3D86670D585853D28A55",
  "Dalamud.Common.dll": "90D13584B7FCB4A69B0AC6C25CF0F802",
  "Dalamud.deps.json": "D3AC001AF1F66565AA6AD147FB748A10",
  "Dalamud.dll": "90F2259F1D897C602AD4C5F4224698D3",
  "Dalamud.Injector.deps.json": "E30B9BD40106FFC14A5274A670979EDF",
  "Dalamud.Injector.dll": "F7B3BA75CC4EAF014306BBA08670ADED",
  "Dalamud.Injector.exe": "AD52FBCDA65C01CAC1FF7321D9BB08A5",
  "Dalamud.Injector.runtimeconfig.json": "B9BB65FFE7924D4D8BABE9FA66303200",
  "Dalamud.Injector.xml": "D41E5DF541D19A015215E777D7395C9C",
  "Dalamud.runtimeconfig.json": "2A9CD915428BDD175E0889BD0C225F75",
  "Dalamud.xml": "F2A2D61902497698B0FAD52F2145A54E",
  "DalamudCrashHandler.exe": "1CDD18DDBB4967F9484757179DE9BC6C",
  "FASM-LICENSE.TXT": "ECEA1D10811221D5F0A3E96F9C38E2C7",
  "FASM.DLL": "C743C62B1609BA195765822EAFE53917",
  "FASMX64.DLL": "C7FB25455769AFA20F23C087D7B773C2",
  "FFXIVClientStructs.dll": "2C28841F9EB66D6502C21FE07C0A338E",
  "FFXIVClientStructs.xml": "7875AE170297BB85DC5C4830801FA9F8",
  "goaaats.Reloaded.Assembler.targets": "CC22CB0A353E2136EE9E6E96DB9F7164",
  "Iced.dll": "70E94E0E81703F9CE24BFA7503C9D449",
  "ImGui.NET.dll": "3D6F24F798E274AE23ACAB64311036A8",
  "ImGuiScene.dll": "3E019630AFC7736B879BCA47EEEFE188",
  "InteropGenerator.Runtime.dll": "7F3AC88FD8DFB60BD16376ECB5267810",
  "JetBrains.Annotations.dll": "E844A63FE316A404A11C2A04053FEB21",
  "licenses.txt": "A159BE62AA91178EFC3E3983AE874D1D",
  "Lumina.dll": "8575A0780AC0FF10F5BD6DF02E47CED2",
  "Lumina.Excel.dll": "88719685960ACCE6C5CE0807390B9479",
  "Microsoft.Bcl.HashCode.dll": "613AB56061ADF2284E047025207467E0",
  "Microsoft.DotNet.PlatformAbstractions.dll": "00AB0F02B1114C57C758F5AD595224F1",
  "Microsoft.Extensions.DependencyModel.dll": "F39BC76C10CFEA478C936FC4521A9FC9",
  "Microsoft.Extensions.ObjectPool.dll": "FEE3CE8A84417360CC5ED787ED6F7DB1",
  "MinSharp.dll": "537839766DC61523B22BD5057AC3CA1A",
  "Mono.Cecil.dll": "3B9557891428F6DF2B5CBF87581758AB",
  "Mono.Cecil.Mdb.dll": "3708557815D30611D588B4B40A914050",
  "Mono.Cecil.Pdb.dll": "E0C98EC284B63711D080462E1749BE70",
  "Mono.Cecil.Rocks.dll": "8DFF23368B4D9887D6191689A511ED98",
  "nethost.dll": "21F39F71E2F4B5BA9FB3F126872F2F9B",
  "Newtonsoft.Json.dll": "ADF3E3EECDE20B7C9661E9C47106A14A",
  "PeNet.Asn1.dll": "917F3D8FFE091B845F855B38E81396AD",
  "PeNet.dll": "64F8917E49C2468E1802A3CEA354994E",
  "PInvoke.AdvApi32.dll": "34EE461D05B403C3A15D0DEC32A3788C",
  "PInvoke.BCrypt.dll": "FD07758EE1440491F22923084109FF26",
  "PInvoke.Cabinet.dll": "333D950E3804735DA60CC41D614C63E2",
  "PInvoke.CfgMgr32.dll": "768BE7CC18EDCF78B296A72ABE891691",
  "PInvoke.Crypt32.dll": "E7B00B0851738F4A7F2C6D37DAA973B4",
  "PInvoke.DbgHelp.dll": "E701136169620D20E3A70B560DE20E44",
  "PInvoke.DwmApi.dll": "ACF223CC8962404056648815B486F7D9",
  "PInvoke.Gdi32.dll": "69FF434826F98582CE44D3136ECFFACB",
  "PInvoke.Hid.dll": "2E7A41257F8AD9B26073181F450CD8E5",
  "PInvoke.ImageHlp.dll": "79BE816E8D86EA66489D7780DD675D49",
  "PInvoke.IPHlpApi.dll": "E949FA3326D1BA8872B179AB4EE49D38",
  "PInvoke.Kernel32.dll": "234E15B122ED430DE99490CA1A204958",
  "PInvoke.Magnification.dll": "C9EA3D34F506741ECC044DB19C151F09",
  "PInvoke.Msi.dll": "69EE50CE2DA6B55755E52589F49A7EBC",
  "PInvoke.NCrypt.dll": "DA1DE76C14D99370CA3BEF19DC299B15",
  "PInvoke.NetApi32.dll": "AE79F9FA2E3864A5E0642AE4622ECDC5",
  "PInvoke.NewDev.dll": "B3E1992105D986EF9C5C8E4B630FBB07",
  "PInvoke.NTDll.dll": "3F6BDF840EB27DD0FD9EB8071822183A",
  "PInvoke.Ole32.dll": "3C49FB100B60519FFE725BCD12A538F6",
  "PInvoke.Psapi.dll": "A7683EE4B880227F01C8AE632A892B9E",
  "PInvoke.SetupApi.dll": "1B7AE321185D0081D1759A9AD829F9BA",
  "PInvoke.SHCore.dll": "F27E7F063D51480F6D2294C903E4A606",
  "PInvoke.Shell32.dll": "F71A1BCAF6478190691170DAEA77722F",
  "PInvoke.User32.dll": "8BEDE38311ED4F27127290B81B8079FD",
  "PInvoke.Userenv.dll": "FEB7BCA90B8C905EC2F4BB0789847131",
  "PInvoke.UxTheme.dll": "8E683C016250CB719FDB9AAAFC22B3C5",
  "PInvoke.Windows.Core.dll": "90015440A44935208FFEA9BF61740651",
  "PInvoke.Windows.ShellScalingApi.dll": "F351B34B8C9183A51CADFDC279357C49",
  "PInvoke.WinUsb.dll": "9EB8A0280F2848D1A32B560A939F7336",
  "PInvoke.WtsApi32.dll": "341C94455D2E5893DBE4293D4D67AA4D",
  "Reloaded.Assembler.dll": "A28E4D3A77BCC9468358728D98737CEC",
  "Reloaded.Hooks.Definitions.dll": "5A4E22D90AC521FAFD0C26C07B51BBA3",
  "Reloaded.Hooks.dll": "067D2F85A846F7B532D43E5BDE2FA664",
  "Reloaded.Memory.Buffers.dll": "808CD440C4DFE05B04E35D1E223BD3AE",
  "Reloaded.Memory.dll": "1A4EE04F72A8BE5281FB42B4B7ECA180",
  "revision.txt": "0678CA2EAE02D542CC931E81B74DE122",
  "SDL2-CS.config": "65557595FD5DF55D93B2BF881DE62C3A",
  "SDL2-CS.dll": "0909BB80EF1A2376E5FC76A2783696A5",
  "Serilog.dll": "0411E9C5FAAD7574F7F4536E63CCDABC",
  "Serilog.Sinks.Async.dll": "9A21480678389B3DF6AB78AB5A35D685",
  "Serilog.Sinks.Console.dll": "D9EE3C6671440C4FC2999D48D0418CD0",
  "Serilog.Sinks.File.dll": "85A4D78D9EA41FF6CA53744E2F439DED",
  "SharpDX.Direct3D11.dll": "C08A5F71171CD3B55702B771878FABD3",
  "SharpDX.dll": "78D8AA8EB7C7A5B4E073A5AE251D4EE8",
  "SharpDX.DXGI.dll": "B897CB260D2FED304202D5782F459440",
  "SharpDX.Mathematics.dll": "9D9DE05A3899EB3913DEAF9AFB1A2B88",
  "Silk.NET.Core.dll": "1058F8946F46B088DE2DE6962BA7EA62",
  "Silk.NET.GLFW.dll": "3671A5013E42496F8DE45384913FB3BE",
  "Silk.NET.Maths.dll": "562ACE5A0154922849779AF6285095F4",
  "Silk.NET.OpenGL.dll": "EBCF5B1DE03390F09CC47BCD2BB547E4",
  "Silk.NET.SDL.dll": "3219D0702E8CF50C4C8CEE6B9D5205D8",
  "Silk.NET.Windowing.Common.dll": "A2E2FE5714A039C79B0669A415AE5C7B",
  "Silk.NET.Windowing.Glfw.dll": "9932FCEDBACF611E0CD0E811077180F9",
  "Silk.NET.Windowing.Sdl.dll": "418209B89FAA18A7900EA8FE5C5E4AF1",
  "SQLite-net.dll": "00A3C62F8E56A3655E3201F29F2FEF00",
  "SQLitePCLRaw.batteries_v2.dll": "7A0DDA28484C2744F1DD5EF8D3C0B89D",
  "SQLitePCLRaw.core.dll": "65640F08AFB08F634D7AB27860A9A0A7",
  "SQLitePCLRaw.nativelibrary.dll": "3C4836B2C35BEEB6481331F38E06A8BB",
  "SQLitePCLRaw.provider.dynamic_cdecl.dll": "83A0E1EB74AC1BD27AFC34A9128D2C01",
  "StbiSharp.dll": "338551099FCC4A106D9DB6EAF538814F",
  "System.Reactive.dll": "EF5A00287AD15393D41B12AA4B726FF7",
  "System.Reflection.MetadataLoadContext.dll": "E88E3AF6D37736F339022C9ACC5F2F7B",
  "System.Security.Cryptography.Pkcs.dll": "8950E01996A37E808BE3F39063C37BF9",
  "TEMP_gitver.txt": "3B9890324330FF5A8569487DF2367514",
  "TerraFX.Interop.Windows.dll": "84F7EF6B0DE91F8CC23F773D3FD6DEC0",
  "Validation.dll": "4280F503FCB909FAF6AA0981D675C589"
}
