{
  "runtimes\\alpine-x64\\native\\libe_sqlite3.so": "39C244FEDBCD3DFC37041D4FCE1AE21D",
  "runtimes\\linux-arm\\native\\libe_sqlite3.so": "96CF54BC0EFB83D6E3F5F3E04997A59D",
  "runtimes\\linux-arm64\\native\\libe_sqlite3.so": "F079E55E7F3F9966A4A2052A3234E068",
  "runtimes\\linux-armel\\native\\libe_sqlite3.so": "C5A67D49434FC65D64E9C15778078C76",
  "runtimes\\linux-mips64\\native\\libe_sqlite3.so": "5F8461214089CFC677D46C19B7162161",
  "runtimes\\linux-musl-x64\\native\\libe_sqlite3.so": "39C244FEDBCD3DFC37041D4FCE1AE21D",
  "runtimes\\linux-x64\\native\\libe_sqlite3.so": "6F49C540D3AB9964D67A4A704C3D262D",
  "runtimes\\linux-x64\\native\\libglfw.so.3": "9E3137144F68B9E9793F4C7AD5B1BEA7",
  "runtimes\\linux-x64\\native\\libSDL2-2.0.so": "99B95A708381FC66AB2370E45A260527",
  "runtimes\\linux-x64\\native\\libstbi.so": "0945355ED59677D06E3E88F48101BB26",
  "runtimes\\linux-x86\\native\\libe_sqlite3.so": "5E0659B414CBD6DDC38C65582485853E",
  "runtimes\\osx-x64\\native\\libe_sqlite3.dylib": "F82AE134FCD1C080A69D775591406673",
  "runtimes\\osx-x64\\native\\libglfw.3.dylib": "1E30FAB2F0C40E82290AD4B0BF14A880",
  "runtimes\\osx-x64\\native\\libSDL2-2.0.dylib": "AAC958490586C67395F0A90903AE3747",
  "runtimes\\osx-x64\\native\\libstbi.dylib": "0B84B0A6A80178266018081C3CAB68E6",
  "runtimes\\win-arm\\native\\e_sqlite3.dll": "9A3D1F5001DB5F33BF5741DF32EF95DB",
  "runtimes\\win-arm64\\native\\e_sqlite3.dll": "52212A7CF553AB69F340A3D79D1A7AC0",
  "runtimes\\win-x64\\native\\cimgui.dll": "F2B0CF563D5B2B8F9451F52C9793A3EF",
  "runtimes\\win-x64\\native\\cimguizmo.dll": "43F6348229D33390A47D6F7C7B3ABF4C",
  "runtimes\\win-x64\\native\\cimplot.dll": "3246F3866B577073371511C20F470656",
  "runtimes\\win-x64\\native\\e_sqlite3.dll": "80BB8AEBBF0DDC595C58EED2000B8563",
  "runtimes\\win-x64\\native\\glfw3.dll": "393C3CCEF69A18148991F7241E3F10CD",
  "runtimes\\win-x64\\native\\minhook.x64d.dll": "250D9C46A6E7046354F0A6F1CCFCF434",
  "runtimes\\win-x64\\native\\SDL2.dll": "B224873D6809571FE00486FCE541F6FC",
  "runtimes\\win-x64\\native\\stbi.dll": "91AB44F52F48D6E2846D5F99BBD564D0",
  "runtimes\\win-x64\\native\\stbi.lib": "927C214DE576219E1F80DBE7798A0502",
  "runtimes\\win-x86\\native\\e_sqlite3.dll": "C0EDD1AC6159BB483886175494952C41",
  "runtimes\\win-x86\\native\\glfw3.dll": "05D1B8BD10EE49DEB3C7DDA870B4FABB",
  "runtimes\\win-x86\\native\\SDL2.dll": "2D987DFF6BB44EFE12F9BE8D23D2E997",
  "targets\\Dalamud.Plugin.Bootstrap.targets": "C85635161398CD9852CF7212DB7EB904",
  "targets\\Dalamud.Plugin.targets": "69D15EDFB3D4F0BEE3A099216E4DE057",
  "BitFaster.Caching.dll": "2887C1762F0C1D49569FA079778095C7",
  "CheapLoc.dll": "F762F141DA5A7AAD1DC49F9DC19F9778",
  "commit_hash.txt": "F0F81C85EEC4C4DB6E4BAF8515577A33",
  "Costura.dll": "87BA4517453DF2E5AAEA2EB79133AA52",
  "Dalamud.Boot.dll": "F5F8CDEACC07F27EF0820060D3B77C60",
  "Dalamud.Common.dll": "719F73D303620E42B14034C547C75283",
  "Dalamud.deps.json": "B98BE4EE1FCA56C06A175C4E40F7B2C4",
  "Dalamud.dll": "26A185BC34B9293CFCE92720E62E4496",
  "Dalamud.Injector.deps.json": "E30B9BD40106FFC14A5274A670979EDF",
  "Dalamud.Injector.dll": "99B392AF4A1996C521DC3789BCE064CA",
  "Dalamud.Injector.exe": "80BA7BF1DDE06540F722301A14DE73C6",
  "Dalamud.Injector.runtimeconfig.json": "B9BB65FFE7924D4D8BABE9FA66303200",
  "Dalamud.Injector.xml": "D41E5DF541D19A015215E777D7395C9C",
  "Dalamud.runtimeconfig.json": "2A9CD915428BDD175E0889BD0C225F75",
  "Dalamud.xml": "D05296598520CE804FD5C55E415AA89C",
  "DalamudCrashHandler.exe": "6366A01D7610A1B0C7C74E6402ADB239",
  "FASM-LICENSE.TXT": "ECEA1D10811221D5F0A3E96F9C38E2C7",
  "FASM.DLL": "30F1ED0DCA1332B06F0A37FB473B2B20",
  "FASMX64.DLL": "6C88845DCAB7BD3199BEB642B12DBCEA",
  "FFXIVClientStructs.dll": "F9ABB6C17357EF9A777BF2F277E102CF",
  "FFXIVClientStructs.xml": "2F85CA114927591B73AD38C3F7540DCB",
  "goaaats.Reloaded.Assembler.targets": "CC22CB0A353E2136EE9E6E96DB9F7164",
  "Iced.dll": "D4673BCECBE608D4E11DEB037FDC4334",
  "ImGui.NET.dll": "85DFA5F369833BAD9178393EE32F72AB",
  "ImGuiScene.dll": "9BD955FE2FAABD988CAEAE6987A22E31",
  "InteropGenerator.Runtime.dll": "F9B9855AE7ABB731E2628C9784AE3D8F",
  "JetBrains.Annotations.dll": "157580906C3491EE4EC81A64ECF2B12A",
  "licenses.txt": "A159BE62AA91178EFC3E3983AE874D1D",
  "Lumina.dll": "F3CC09B909677ACB603DA04A7A73403C",
  "Lumina.Excel.dll": "15ED435B388766DD4844DC4B38C68013",
  "Microsoft.Bcl.HashCode.dll": "613AB56061ADF2284E047025207467E0",
  "Microsoft.DotNet.PlatformAbstractions.dll": "00AB0F02B1114C57C758F5AD595224F1",
  "Microsoft.Extensions.DependencyModel.dll": "F39BC76C10CFEA478C936FC4521A9FC9",
  "Microsoft.Extensions.ObjectPool.dll": "FEE3CE8A84417360CC5ED787ED6F7DB1",
  "MinSharp.dll": "60595972FDA2D23AFD95831FF42033DC",
  "Mono.Cecil.dll": "15D6CD4B94147B875C55B0C9964692C9",
  "Mono.Cecil.Mdb.dll": "46DCD302CF71D5BAA4BA0FECF2406E8C",
  "Mono.Cecil.Pdb.dll": "78122CF0C9764E3D499245AE829EF42A",
  "Mono.Cecil.Rocks.dll": "9C33290C8B8C95DB686B67AB9DE640B2",
  "nethost.dll": "21F39F71E2F4B5BA9FB3F126872F2F9B",
  "Newtonsoft.Json.dll": "ADF3E3EECDE20B7C9661E9C47106A14A",
  "PeNet.Asn1.dll": "EF703B0F7F249C045E829517374DA91D",
  "PeNet.dll": "49C2B97CFEB5B20358C53985D9C7867A",
  "PInvoke.AdvApi32.dll": "34EE461D05B403C3A15D0DEC32A3788C",
  "PInvoke.BCrypt.dll": "FD07758EE1440491F22923084109FF26",
  "PInvoke.Cabinet.dll": "333D950E3804735DA60CC41D614C63E2",
  "PInvoke.CfgMgr32.dll": "768BE7CC18EDCF78B296A72ABE891691",
  "PInvoke.Crypt32.dll": "E7B00B0851738F4A7F2C6D37DAA973B4",
  "PInvoke.DbgHelp.dll": "E701136169620D20E3A70B560DE20E44",
  "PInvoke.DwmApi.dll": "ACF223CC8962404056648815B486F7D9",
  "PInvoke.Gdi32.dll": "69FF434826F98582CE44D3136ECFFACB",
  "PInvoke.Hid.dll": "2E7A41257F8AD9B26073181F450CD8E5",
  "PInvoke.ImageHlp.dll": "79BE816E8D86EA66489D7780DD675D49",
  "PInvoke.IPHlpApi.dll": "E949FA3326D1BA8872B179AB4EE49D38",
  "PInvoke.Kernel32.dll": "234E15B122ED430DE99490CA1A204958",
  "PInvoke.Magnification.dll": "C9EA3D34F506741ECC044DB19C151F09",
  "PInvoke.Msi.dll": "69EE50CE2DA6B55755E52589F49A7EBC",
  "PInvoke.NCrypt.dll": "DA1DE76C14D99370CA3BEF19DC299B15",
  "PInvoke.NetApi32.dll": "AE79F9FA2E3864A5E0642AE4622ECDC5",
  "PInvoke.NewDev.dll": "B3E1992105D986EF9C5C8E4B630FBB07",
  "PInvoke.NTDll.dll": "3F6BDF840EB27DD0FD9EB8071822183A",
  "PInvoke.Ole32.dll": "3C49FB100B60519FFE725BCD12A538F6",
  "PInvoke.Psapi.dll": "A7683EE4B880227F01C8AE632A892B9E",
  "PInvoke.SetupApi.dll": "1B7AE321185D0081D1759A9AD829F9BA",
  "PInvoke.SHCore.dll": "F27E7F063D51480F6D2294C903E4A606",
  "PInvoke.Shell32.dll": "F71A1BCAF6478190691170DAEA77722F",
  "PInvoke.User32.dll": "8BEDE38311ED4F27127290B81B8079FD",
  "PInvoke.Userenv.dll": "FEB7BCA90B8C905EC2F4BB0789847131",
  "PInvoke.UxTheme.dll": "8E683C016250CB719FDB9AAAFC22B3C5",
  "PInvoke.Windows.Core.dll": "90015440A44935208FFEA9BF61740651",
  "PInvoke.Windows.ShellScalingApi.dll": "F351B34B8C9183A51CADFDC279357C49",
  "PInvoke.WinUsb.dll": "9EB8A0280F2848D1A32B560A939F7336",
  "PInvoke.WtsApi32.dll": "341C94455D2E5893DBE4293D4D67AA4D",
  "Reloaded.Assembler.dll": "BDD0BE1DC222227160EE187021D0F23B",
  "Reloaded.Hooks.Definitions.dll": "98EF59A61829823EFBE28083DA0A8891",
  "Reloaded.Hooks.dll": "020E6437B040E3C4C5C052ED15C6D215",
  "Reloaded.Memory.Buffers.dll": "D53C0C0B301FBAC50D9DB5D8A5B5837B",
  "Reloaded.Memory.dll": "9F88F5F9B47B71B031F0C937EF5D45F1",
  "revision.txt": "3891B14B5D8CCE2FDD8DCDB4DED28F6D",
  "SDL2-CS.config": "65557595FD5DF55D93B2BF881DE62C3A",
  "SDL2-CS.dll": "9BA85400BE43944DFC47BB4970A253BA",
  "Serilog.dll": "3F757D30FA6946F33BB12D761B858A4D",
  "Serilog.Sinks.Async.dll": "28F4C1EE1A09E06348F5C4218753C48D",
  "Serilog.Sinks.Console.dll": "94B19B0D1145FF32EB69AA5DC0024EEB",
  "Serilog.Sinks.File.dll": "3D0A21BAA6980ACB70ABE2108CB7ED01",
  "SharpDX.Direct3D11.dll": "B88EA88A0FCDE46B1F8411CBD6801459",
  "SharpDX.dll": "23386EF313CB04EBAB60E78964BD798F",
  "SharpDX.DXGI.dll": "037AF6A7EB4B08E6C7A4168FFD600BD8",
  "SharpDX.Mathematics.dll": "23D5963489917FCB0A711276E23B6607",
  "Silk.NET.Core.dll": "E65403755C1955E484D702847D4F991E",
  "Silk.NET.GLFW.dll": "63154F6BBED29D6C1EE4041B687D06E0",
  "Silk.NET.Maths.dll": "1C626FBC03B1E6DDC2EF1FE863F59ABC",
  "Silk.NET.OpenGL.dll": "8B76D9C988CD7701C0B4F724CC4C2DF5",
  "Silk.NET.SDL.dll": "DEB3BD7F7713252577044BEA7F1EF407",
  "Silk.NET.Windowing.Common.dll": "CCE68F30620E0AEB3B74DC7FC397BBB4",
  "Silk.NET.Windowing.Glfw.dll": "6924E66A0AB1CB260F8678B4952E73E6",
  "Silk.NET.Windowing.Sdl.dll": "4C84F05231C4421DECEAFE21E4FFCC6F",
  "SQLite-net.dll": "F57709D0D28B5F73F0FDE2B8048F5525",
  "SQLitePCLRaw.batteries_v2.dll": "1B1FA069F970436532271800E2AFED62",
  "SQLitePCLRaw.core.dll": "431A4FD888C512038F858F059B67DDBB",
  "SQLitePCLRaw.nativelibrary.dll": "EF1EC363480162AD8B94FC5FA0B74F07",
  "SQLitePCLRaw.provider.dynamic_cdecl.dll": "5BF03100F759FD4704235732392E4AC3",
  "StbiSharp.dll": "0474FF45F637509760FA225FC53E5417",
  "System.Reactive.dll": "EF5A00287AD15393D41B12AA4B726FF7",
  "System.Reflection.MetadataLoadContext.dll": "E88E3AF6D37736F339022C9ACC5F2F7B",
  "System.Security.Cryptography.Pkcs.dll": "8950E01996A37E808BE3F39063C37BF9",
  "TEMP_gitver.txt": "6152032580FDC59917426AED8EA3DFE6",
  "TerraFX.Interop.Windows.dll": "84F7EF6B0DE91F8CC23F773D3FD6DEC0",
  "Validation.dll": "76D71A02E8D9A0E0D15B805F4B712710"
}
