{
  "runtimes\\alpine-x64\\native\\libe_sqlite3.so": "39C244FEDBCD3DFC37041D4FCE1AE21D",
  "runtimes\\linux-arm\\native\\libe_sqlite3.so": "96CF54BC0EFB83D6E3F5F3E04997A59D",
  "runtimes\\linux-arm64\\native\\libe_sqlite3.so": "F079E55E7F3F9966A4A2052A3234E068",
  "runtimes\\linux-armel\\native\\libe_sqlite3.so": "C5A67D49434FC65D64E9C15778078C76",
  "runtimes\\linux-mips64\\native\\libe_sqlite3.so": "5F8461214089CFC677D46C19B7162161",
  "runtimes\\linux-musl-x64\\native\\libe_sqlite3.so": "39C244FEDBCD3DFC37041D4FCE1AE21D",
  "runtimes\\linux-x64\\native\\libe_sqlite3.so": "6F49C540D3AB9964D67A4A704C3D262D",
  "runtimes\\linux-x64\\native\\libglfw.so.3": "9E3137144F68B9E9793F4C7AD5B1BEA7",
  "runtimes\\linux-x64\\native\\libSDL2-2.0.so": "99B95A708381FC66AB2370E45A260527",
  "runtimes\\linux-x64\\native\\libstbi.so": "0945355ED59677D06E3E88F48101BB26",
  "runtimes\\linux-x86\\native\\libe_sqlite3.so": "5E0659B414CBD6DDC38C65582485853E",
  "runtimes\\osx-x64\\native\\libe_sqlite3.dylib": "F82AE134FCD1C080A69D775591406673",
  "runtimes\\osx-x64\\native\\libglfw.3.dylib": "1E30FAB2F0C40E82290AD4B0BF14A880",
  "runtimes\\osx-x64\\native\\libSDL2-2.0.dylib": "AAC958490586C67395F0A90903AE3747",
  "runtimes\\osx-x64\\native\\libstbi.dylib": "0B84B0A6A80178266018081C3CAB68E6",
  "runtimes\\win-arm\\native\\e_sqlite3.dll": "27F08B4E98F2A1FF57700C2B958615DD",
  "runtimes\\win-arm64\\native\\e_sqlite3.dll": "E54978C692F568853E7CF32E01F6680D",
  "runtimes\\win-x64\\native\\cimgui.dll": "813B13B15D227279C6C4416B8F0790E1",
  "runtimes\\win-x64\\native\\cimguizmo.dll": "5E51630A8B1F8D38B74394F3A59F9DB2",
  "runtimes\\win-x64\\native\\cimplot.dll": "24CB3913D5392A597F82BC90961DBCD7",
  "runtimes\\win-x64\\native\\e_sqlite3.dll": "FA0662B352384450F0EABF07B6D9396B",
  "runtimes\\win-x64\\native\\glfw3.dll": "00A2B048531ED0BB53774BAA383A3B1F",
  "runtimes\\win-x64\\native\\minhook.x64d.dll": "CCA7A150737CCC4F1FF304E1FCA1A857",
  "runtimes\\win-x64\\native\\SDL2.dll": "8C6C5E84A46C11384FC4C49DFD70A266",
  "runtimes\\win-x64\\native\\stbi.dll": "F29ADEFAA83C6B82DD6FCECB34943A17",
  "runtimes\\win-x64\\native\\stbi.lib": "927C214DE576219E1F80DBE7798A0502",
  "runtimes\\win-x86\\native\\e_sqlite3.dll": "277CE7D2A317727865CE2BE27DD73067",
  "runtimes\\win-x86\\native\\glfw3.dll": "DE290692379C42D1B1DD1FF675D99311",
  "runtimes\\win-x86\\native\\SDL2.dll": "9C7F25C455C6101C7E91AB767E7A3316",
  "targets\\Dalamud.Plugin.Bootstrap.targets": "C85635161398CD9852CF7212DB7EB904",
  "targets\\Dalamud.Plugin.targets": "69D15EDFB3D4F0BEE3A099216E4DE057",
  "BitFaster.Caching.dll": "234F0A5A957AF7B719982269C8E23066",
  "CheapLoc.dll": "901C066C2E24C0C6780CB644BBD12F0F",
  "commit_hash.txt": "3DA071A8C3799D51648E9623C062A8C1",
  "Costura.dll": "81F566F86C9D274BF653ED4C88D365E9",
  "Dalamud.Boot.dll": "4DF48078321898DE9500C0403388CC86",
  "Dalamud.Common.dll": "57CAACE184E830E5A9913EB99BA6BC17",
  "Dalamud.deps.json": "D3AC001AF1F66565AA6AD147FB748A10",
  "Dalamud.dll": "474201A5137AE6CE7D37C5B783B152E8",
  "Dalamud.Injector.deps.json": "E30B9BD40106FFC14A5274A670979EDF",
  "Dalamud.Injector.dll": "98EBA40DF8FE4E09B1F9B3BB5DFC7B6D",
  "Dalamud.Injector.exe": "3EAFF4ED9CCF67F9304D720D8E3CE363",
  "Dalamud.Injector.runtimeconfig.json": "B9BB65FFE7924D4D8BABE9FA66303200",
  "Dalamud.Injector.xml": "D41E5DF541D19A015215E777D7395C9C",
  "Dalamud.runtimeconfig.json": "2A9CD915428BDD175E0889BD0C225F75",
  "Dalamud.xml": "DCEEE314B16CC34E36915F9655B658BB",
  "DalamudCrashHandler.exe": "649EAF1E4A46104229745C906321145C",
  "FASM-LICENSE.TXT": "ECEA1D10811221D5F0A3E96F9C38E2C7",
  "FASM.DLL": "7F05BA8E0A70172A3B3E129385FF4AAC",
  "FASMX64.DLL": "7479A36B474C3656E64F4D7625CB7609",
  "FFXIVClientStructs.dll": "BC94AA4C38D7780CA6B827EAC0F593C9",
  "FFXIVClientStructs.xml": "7875AE170297BB85DC5C4830801FA9F8",
  "goaaats.Reloaded.Assembler.targets": "CC22CB0A353E2136EE9E6E96DB9F7164",
  "Iced.dll": "735925D35CAA4FA45B6D7BDD05D3BF76",
  "ImGui.NET.dll": "9CAC2B9E4BA41ECA48BBB7E32F176E0D",
  "ImGuiScene.dll": "BC0169DF240AAC46B242167E58E41C63",
  "InteropGenerator.Runtime.dll": "DCCA95CBE20BA4304E7C56715BBC08B7",
  "JetBrains.Annotations.dll": "5456250381D2747DA9EAADA4F22AC27F",
  "licenses.txt": "A159BE62AA91178EFC3E3983AE874D1D",
  "Lumina.dll": "C7449D91481BEA9A4C7355C4AEF276A1",
  "Lumina.Excel.dll": "42D8962697C51D175F0481E7EAD361AA",
  "Microsoft.Bcl.HashCode.dll": "613AB56061ADF2284E047025207467E0",
  "Microsoft.DotNet.PlatformAbstractions.dll": "00AB0F02B1114C57C758F5AD595224F1",
  "Microsoft.Extensions.DependencyModel.dll": "F39BC76C10CFEA478C936FC4521A9FC9",
  "Microsoft.Extensions.ObjectPool.dll": "FEE3CE8A84417360CC5ED787ED6F7DB1",
  "MinSharp.dll": "FD71B603EDF83D9D726CFBC2CB8D71AC",
  "Mono.Cecil.dll": "DCAE82B6FBAF0AC64B87566D93F323E9",
  "Mono.Cecil.Mdb.dll": "9E99A9972337743B226F7B026CC5DFF5",
  "Mono.Cecil.Pdb.dll": "B5985A8147217A4CD4971AAD44DE7BC7",
  "Mono.Cecil.Rocks.dll": "AED0D70B0621140FE3FED54FD9F29A24",
  "nethost.dll": "21F39F71E2F4B5BA9FB3F126872F2F9B",
  "Newtonsoft.Json.dll": "ADF3E3EECDE20B7C9661E9C47106A14A",
  "PeNet.Asn1.dll": "13EA64A65F0EFD05D68ECC4F5D225976",
  "PeNet.dll": "D17D8034FAF6E21B5A0318ED5C3EB74E",
  "PInvoke.AdvApi32.dll": "34EE461D05B403C3A15D0DEC32A3788C",
  "PInvoke.BCrypt.dll": "FD07758EE1440491F22923084109FF26",
  "PInvoke.Cabinet.dll": "333D950E3804735DA60CC41D614C63E2",
  "PInvoke.CfgMgr32.dll": "768BE7CC18EDCF78B296A72ABE891691",
  "PInvoke.Crypt32.dll": "E7B00B0851738F4A7F2C6D37DAA973B4",
  "PInvoke.DbgHelp.dll": "E701136169620D20E3A70B560DE20E44",
  "PInvoke.DwmApi.dll": "ACF223CC8962404056648815B486F7D9",
  "PInvoke.Gdi32.dll": "69FF434826F98582CE44D3136ECFFACB",
  "PInvoke.Hid.dll": "2E7A41257F8AD9B26073181F450CD8E5",
  "PInvoke.ImageHlp.dll": "79BE816E8D86EA66489D7780DD675D49",
  "PInvoke.IPHlpApi.dll": "E949FA3326D1BA8872B179AB4EE49D38",
  "PInvoke.Kernel32.dll": "234E15B122ED430DE99490CA1A204958",
  "PInvoke.Magnification.dll": "C9EA3D34F506741ECC044DB19C151F09",
  "PInvoke.Msi.dll": "69EE50CE2DA6B55755E52589F49A7EBC",
  "PInvoke.NCrypt.dll": "DA1DE76C14D99370CA3BEF19DC299B15",
  "PInvoke.NetApi32.dll": "AE79F9FA2E3864A5E0642AE4622ECDC5",
  "PInvoke.NewDev.dll": "B3E1992105D986EF9C5C8E4B630FBB07",
  "PInvoke.NTDll.dll": "3F6BDF840EB27DD0FD9EB8071822183A",
  "PInvoke.Ole32.dll": "3C49FB100B60519FFE725BCD12A538F6",
  "PInvoke.Psapi.dll": "A7683EE4B880227F01C8AE632A892B9E",
  "PInvoke.SetupApi.dll": "1B7AE321185D0081D1759A9AD829F9BA",
  "PInvoke.SHCore.dll": "F27E7F063D51480F6D2294C903E4A606",
  "PInvoke.Shell32.dll": "F71A1BCAF6478190691170DAEA77722F",
  "PInvoke.User32.dll": "8BEDE38311ED4F27127290B81B8079FD",
  "PInvoke.Userenv.dll": "FEB7BCA90B8C905EC2F4BB0789847131",
  "PInvoke.UxTheme.dll": "8E683C016250CB719FDB9AAAFC22B3C5",
  "PInvoke.Windows.Core.dll": "90015440A44935208FFEA9BF61740651",
  "PInvoke.Windows.ShellScalingApi.dll": "F351B34B8C9183A51CADFDC279357C49",
  "PInvoke.WinUsb.dll": "9EB8A0280F2848D1A32B560A939F7336",
  "PInvoke.WtsApi32.dll": "341C94455D2E5893DBE4293D4D67AA4D",
  "Reloaded.Assembler.dll": "756F3B3F6DFA1D513F835AC6268D9993",
  "Reloaded.Hooks.Definitions.dll": "AB37120D37EAB1B1C8D721A69B91D1D6",
  "Reloaded.Hooks.dll": "FC361CB1F5900A17F7FDE803D4807D0E",
  "Reloaded.Memory.Buffers.dll": "2188A7CF7C30A2BEF6553E80723B205D",
  "Reloaded.Memory.dll": "1E68927708B8FE803EBB42C0651F6CBF",
  "revision.txt": "EE389847678A3A9D1CE9E4CA69200D06",
  "SDL2-CS.config": "65557595FD5DF55D93B2BF881DE62C3A",
  "SDL2-CS.dll": "3622BE3FC38DF2841DC02B562E8CA9FD",
  "Serilog.dll": "F39A4BCB16076D7C256FEC516AF43DE1",
  "Serilog.Sinks.Async.dll": "47012A592D75A10A4C51332D0D60DE42",
  "Serilog.Sinks.Console.dll": "C5EA6A34C5FE87B858F836F0FC641C67",
  "Serilog.Sinks.File.dll": "08D91BB7FB25B48AE77D1A6886171EFE",
  "SharpDX.Direct3D11.dll": "40EC6937494A9BB4FB21068FD9F45DA6",
  "SharpDX.dll": "902AE6B6AA7F1E186FB2BA8B2BFDC081",
  "SharpDX.DXGI.dll": "18888E3793DE2191763DC46D7F2230F2",
  "SharpDX.Mathematics.dll": "9DA1951D27530EFC899AA5D1F30DC676",
  "Silk.NET.Core.dll": "D89B7E469F4960E9BB0199ECCC2FABF7",
  "Silk.NET.GLFW.dll": "47B75A150393E3A831C6E7B6ADBDBEB8",
  "Silk.NET.Maths.dll": "7779BFF00B45F13F0389110FA2009F30",
  "Silk.NET.OpenGL.dll": "87E5437A5F7660F92281A102CAC07E23",
  "Silk.NET.SDL.dll": "DDE9E9DD9DA233A5CA43016D45B0F290",
  "Silk.NET.Windowing.Common.dll": "CF9EA582F44497C7DFE4E3F1C59AFD27",
  "Silk.NET.Windowing.Glfw.dll": "D11AD9FAC560B08D898EFD4E4C4869C5",
  "Silk.NET.Windowing.Sdl.dll": "E0914E759E2F02CFC54964ECB52FB724",
  "SQLite-net.dll": "A96F3A787152F9B7F0FA9340D341DF03",
  "SQLitePCLRaw.batteries_v2.dll": "767A5388EFF97173B5394F06C4D66CF4",
  "SQLitePCLRaw.core.dll": "99F42E8771861DDC00CCE55EC5543DEC",
  "SQLitePCLRaw.nativelibrary.dll": "A3368BCADF2BE780F5B107256EB82C2F",
  "SQLitePCLRaw.provider.dynamic_cdecl.dll": "AF1E0B7493C3C3131E0436FC9CC94A40",
  "StbiSharp.dll": "EE58CFD9C38CCC10E5919B31279A2182",
  "System.Reactive.dll": "EF5A00287AD15393D41B12AA4B726FF7",
  "System.Reflection.MetadataLoadContext.dll": "E88E3AF6D37736F339022C9ACC5F2F7B",
  "System.Security.Cryptography.Pkcs.dll": "8950E01996A37E808BE3F39063C37BF9",
  "TEMP_gitver.txt": "1DC380D26BDECFB3778A74928AD3A5E4",
  "TerraFX.Interop.Windows.dll": "84F7EF6B0DE91F8CC23F773D3FD6DEC0",
  "Validation.dll": "D10BB0A16AB492462C313A9AC79B4AA6"
}
