{
  "runtimes\\alpine-x64\\native\\libe_sqlite3.so": "39C244FEDBCD3DFC37041D4FCE1AE21D",
  "runtimes\\linux-arm\\native\\libe_sqlite3.so": "96CF54BC0EFB83D6E3F5F3E04997A59D",
  "runtimes\\linux-arm64\\native\\libe_sqlite3.so": "F079E55E7F3F9966A4A2052A3234E068",
  "runtimes\\linux-armel\\native\\libe_sqlite3.so": "C5A67D49434FC65D64E9C15778078C76",
  "runtimes\\linux-mips64\\native\\libe_sqlite3.so": "5F8461214089CFC677D46C19B7162161",
  "runtimes\\linux-musl-x64\\native\\libe_sqlite3.so": "39C244FEDBCD3DFC37041D4FCE1AE21D",
  "runtimes\\linux-x64\\native\\libe_sqlite3.so": "6F49C540D3AB9964D67A4A704C3D262D",
  "runtimes\\linux-x64\\native\\libglfw.so.3": "9E3137144F68B9E9793F4C7AD5B1BEA7",
  "runtimes\\linux-x64\\native\\libSDL2-2.0.so": "99B95A708381FC66AB2370E45A260527",
  "runtimes\\linux-x64\\native\\libstbi.so": "0945355ED59677D06E3E88F48101BB26",
  "runtimes\\linux-x86\\native\\libe_sqlite3.so": "5E0659B414CBD6DDC38C65582485853E",
  "runtimes\\osx-x64\\native\\libe_sqlite3.dylib": "F82AE134FCD1C080A69D775591406673",
  "runtimes\\osx-x64\\native\\libglfw.3.dylib": "1E30FAB2F0C40E82290AD4B0BF14A880",
  "runtimes\\osx-x64\\native\\libSDL2-2.0.dylib": "AAC958490586C67395F0A90903AE3747",
  "runtimes\\osx-x64\\native\\libstbi.dylib": "0B84B0A6A80178266018081C3CAB68E6",
  "runtimes\\win-arm\\native\\e_sqlite3.dll": "287C284CFFDEB2DA7655B28BC13DEC2A",
  "runtimes\\win-arm64\\native\\e_sqlite3.dll": "1B0688F4E726DEFA6DA48CA2F5204303",
  "runtimes\\win-x64\\native\\cimgui.dll": "DE1DCAECE685EF97122CD25F50267235",
  "runtimes\\win-x64\\native\\cimguizmo.dll": "BFE9FB41A50E96C6BDB81872DFED5143",
  "runtimes\\win-x64\\native\\cimplot.dll": "E1C568491D90B85E5EF81D4837C90965",
  "runtimes\\win-x64\\native\\e_sqlite3.dll": "CD30A911F91F373B12F3721CDCD53EC6",
  "runtimes\\win-x64\\native\\glfw3.dll": "30CFD23099C8561D92BAA547A3E603F0",
  "runtimes\\win-x64\\native\\minhook.x64d.dll": "419B7708C92FA7D21F552C0C478BD7EC",
  "runtimes\\win-x64\\native\\SDL2.dll": "15C8D5BE57EDA2E9108F2DFA7DD7875B",
  "runtimes\\win-x64\\native\\stbi.dll": "633DA53AD928F8CCC482E518FFDEBCD9",
  "runtimes\\win-x64\\native\\stbi.lib": "927C214DE576219E1F80DBE7798A0502",
  "runtimes\\win-x86\\native\\e_sqlite3.dll": "72BBD13D2FACE4E6BD0B9E5180B92C06",
  "runtimes\\win-x86\\native\\glfw3.dll": "0B22531AD296A50E65A257A53DB5B051",
  "runtimes\\win-x86\\native\\SDL2.dll": "895089A9045EB74C40DF3739CC3202D5",
  "targets\\Dalamud.Plugin.Bootstrap.targets": "C85635161398CD9852CF7212DB7EB904",
  "targets\\Dalamud.Plugin.targets": "E582DE4B2093280C18BFC7764530631A",
  "BitFaster.Caching.dll": "117812B904D96030F4653EA74E7F9C28",
  "CheapLoc.dll": "35F7C94F6E4C06917DD0E63CF297E72A",
  "commit_hash.txt": "0D8033051F5A32C974BA008CD9ECDEE8",
  "Costura.dll": "5D4708A4F2D9F68908A87AF767C638A0",
  "Dalamud.Boot.dll": "5FE440B2E43B82AD14ED5F8B449654C4",
  "Dalamud.Common.dll": "0E94CFE28E95753B1FC3FE531B2F5B65",
  "Dalamud.deps.json": "3E8A8E85A41FA5DCD3D19C70B37102AE",
  "Dalamud.dll": "5CADAAFB82FAFA202D7BA77C9784D401",
  "Dalamud.Injector.deps.json": "E30B9BD40106FFC14A5274A670979EDF",
  "Dalamud.Injector.dll": "050B8161AD7818F8237B9A514D9FED5F",
  "Dalamud.Injector.exe": "6BAAAF3E05F71290EE8F855F86C30553",
  "Dalamud.Injector.runtimeconfig.json": "B9BB65FFE7924D4D8BABE9FA66303200",
  "Dalamud.Injector.xml": "D41E5DF541D19A015215E777D7395C9C",
  "Dalamud.runtimeconfig.json": "2A9CD915428BDD175E0889BD0C225F75",
  "Dalamud.xml": "8D4955EC9A6E52F2712D386B2428EE58",
  "DalamudCrashHandler.exe": "086CFE05F0D66E2EE87B3FBD9D69123C",
  "FASM-LICENSE.TXT": "ECEA1D10811221D5F0A3E96F9C38E2C7",
  "FASM.DLL": "6C2CA6C83EABAF0F28D0D044E387A1AA",
  "FASMX64.DLL": "94A0691684154A1BF6D70C6773A3011B",
  "FFXIVClientStructs.dll": "80F32CBB6E47F9D8E8B4FF68B77F366B",
  "FFXIVClientStructs.xml": "568FAD0829835CF8EC1C445CC6917EEB",
  "goaaats.Reloaded.Assembler.targets": "CC22CB0A353E2136EE9E6E96DB9F7164",
  "Iced.dll": "695A6B5CA3B1659E440C86FBD5E93BE6",
  "ImGui.NET.dll": "9494C93F60D03944174F7208180F87C5",
  "ImGuiScene.dll": "FD7E9E5957A99470902C1C9599490FD2",
  "InteropGenerator.Runtime.dll": "64E2346C2037F115DF4182A2DC6DEB81",
  "JetBrains.Annotations.dll": "29AD2A4A6DF55142BF970CF781849C2F",
  "licenses.txt": "A159BE62AA91178EFC3E3983AE874D1D",
  "Lumina.dll": "2C79E33D253C69969EE2E563DC29FA21",
  "Lumina.Excel.dll": "FD52C6F771012A05FC40727B62FF5E44",
  "Microsoft.Bcl.HashCode.dll": "613AB56061ADF2284E047025207467E0",
  "Microsoft.DotNet.PlatformAbstractions.dll": "00AB0F02B1114C57C758F5AD595224F1",
  "Microsoft.Extensions.DependencyModel.dll": "F39BC76C10CFEA478C936FC4521A9FC9",
  "Microsoft.Extensions.ObjectPool.dll": "FEE3CE8A84417360CC5ED787ED6F7DB1",
  "MinSharp.dll": "5F4CB82390D2C50669463BBD31B7F4BD",
  "Mono.Cecil.dll": "90BB663EEEFD181988A1393E4E1CFAE4",
  "Mono.Cecil.Mdb.dll": "742D3589D8E1CE16BFA10A79ED32C809",
  "Mono.Cecil.Pdb.dll": "BF86FDFC2B881EB522FA56A19B20C7A0",
  "Mono.Cecil.Rocks.dll": "774E4664657FDC86A68BE96C5CF15676",
  "nethost.dll": "21F39F71E2F4B5BA9FB3F126872F2F9B",
  "Newtonsoft.Json.dll": "ADF3E3EECDE20B7C9661E9C47106A14A",
  "PeNet.Asn1.dll": "19813B7EECB0A7FE8A86A936CF657FF8",
  "PeNet.dll": "DE593C13E94D429A39908E477DE739E1",
  "PInvoke.AdvApi32.dll": "34EE461D05B403C3A15D0DEC32A3788C",
  "PInvoke.BCrypt.dll": "FD07758EE1440491F22923084109FF26",
  "PInvoke.Cabinet.dll": "333D950E3804735DA60CC41D614C63E2",
  "PInvoke.CfgMgr32.dll": "768BE7CC18EDCF78B296A72ABE891691",
  "PInvoke.Crypt32.dll": "E7B00B0851738F4A7F2C6D37DAA973B4",
  "PInvoke.DbgHelp.dll": "E701136169620D20E3A70B560DE20E44",
  "PInvoke.DwmApi.dll": "ACF223CC8962404056648815B486F7D9",
  "PInvoke.Gdi32.dll": "69FF434826F98582CE44D3136ECFFACB",
  "PInvoke.Hid.dll": "2E7A41257F8AD9B26073181F450CD8E5",
  "PInvoke.ImageHlp.dll": "79BE816E8D86EA66489D7780DD675D49",
  "PInvoke.IPHlpApi.dll": "E949FA3326D1BA8872B179AB4EE49D38",
  "PInvoke.Kernel32.dll": "234E15B122ED430DE99490CA1A204958",
  "PInvoke.Magnification.dll": "C9EA3D34F506741ECC044DB19C151F09",
  "PInvoke.Msi.dll": "69EE50CE2DA6B55755E52589F49A7EBC",
  "PInvoke.NCrypt.dll": "DA1DE76C14D99370CA3BEF19DC299B15",
  "PInvoke.NetApi32.dll": "AE79F9FA2E3864A5E0642AE4622ECDC5",
  "PInvoke.NewDev.dll": "B3E1992105D986EF9C5C8E4B630FBB07",
  "PInvoke.NTDll.dll": "3F6BDF840EB27DD0FD9EB8071822183A",
  "PInvoke.Ole32.dll": "3C49FB100B60519FFE725BCD12A538F6",
  "PInvoke.Psapi.dll": "A7683EE4B880227F01C8AE632A892B9E",
  "PInvoke.SetupApi.dll": "1B7AE321185D0081D1759A9AD829F9BA",
  "PInvoke.SHCore.dll": "F27E7F063D51480F6D2294C903E4A606",
  "PInvoke.Shell32.dll": "F71A1BCAF6478190691170DAEA77722F",
  "PInvoke.User32.dll": "8BEDE38311ED4F27127290B81B8079FD",
  "PInvoke.Userenv.dll": "FEB7BCA90B8C905EC2F4BB0789847131",
  "PInvoke.UxTheme.dll": "8E683C016250CB719FDB9AAAFC22B3C5",
  "PInvoke.Windows.Core.dll": "90015440A44935208FFEA9BF61740651",
  "PInvoke.Windows.ShellScalingApi.dll": "F351B34B8C9183A51CADFDC279357C49",
  "PInvoke.WinUsb.dll": "9EB8A0280F2848D1A32B560A939F7336",
  "PInvoke.WtsApi32.dll": "341C94455D2E5893DBE4293D4D67AA4D",
  "Reloaded.Assembler.dll": "3D996D52950E2FAF7B818A0E07B6B6E2",
  "Reloaded.Hooks.Definitions.dll": "2B0AA2ED6563C8F509B72FEDE217F875",
  "Reloaded.Hooks.dll": "9327C0CF326EB71B9AF73A5F8C75076B",
  "Reloaded.Memory.Buffers.dll": "C98EC9B000321E19E5D00392500BCE59",
  "Reloaded.Memory.dll": "F27AB5420F030524FCE3A0E959F633CA",
  "revision.txt": "FAEFEC47428CF9A2F0875BA9C2042A81",
  "SDL2-CS.config": "65557595FD5DF55D93B2BF881DE62C3A",
  "SDL2-CS.dll": "E059AD5CEA34DFF73112A5B7A4AEB132",
  "Serilog.dll": "323EBF117BF0B04A046B80794104C697",
  "Serilog.Sinks.Async.dll": "59261DF0584F58989D064D5DAD5AFC96",
  "Serilog.Sinks.Console.dll": "B470FA73C0DD0A4BDAE2D01C75899A4F",
  "Serilog.Sinks.File.dll": "F4E45EE642398D87B3C6F8C4D8E80297",
  "SharpDX.Direct3D11.dll": "023F74CA376E6763D4C4305B770C7558",
  "SharpDX.dll": "DFD13D77115D9234A01C7B8F946823D3",
  "SharpDX.DXGI.dll": "21757334B350A49D16F6E34098C79781",
  "SharpDX.Mathematics.dll": "DDA43DF41175011152019FE8988D0F01",
  "Silk.NET.Core.dll": "0322F674322101CAAD987A3291A9C474",
  "Silk.NET.GLFW.dll": "3C1A89C9F7B9163A31FB6E543AF3C3BF",
  "Silk.NET.Maths.dll": "AABAAD66B479B1ADA7F2B6235691CE38",
  "Silk.NET.OpenGL.dll": "0995DEA8F8A9C7D1F5B181E4276FADF0",
  "Silk.NET.SDL.dll": "6966536FA6BCA49210FE66B1465A08EF",
  "Silk.NET.Windowing.Common.dll": "0FCECDCD600BDB50B29E2FC4E4441BA0",
  "Silk.NET.Windowing.Glfw.dll": "D834AFD151C53C8BB6CE663843116051",
  "Silk.NET.Windowing.Sdl.dll": "014FF7ABBC9C70F3FA4BC8EE3C0B0265",
  "SQLite-net.dll": "C7A60674718978FC62F10E31EF9AC8CD",
  "SQLitePCLRaw.batteries_v2.dll": "B60EEE661C7A19882519F523432A02A2",
  "SQLitePCLRaw.core.dll": "4D02C20FFD41E5CFF51613885AEE7BCF",
  "SQLitePCLRaw.nativelibrary.dll": "A6864901041935383CFB05A1BF9FC8E6",
  "SQLitePCLRaw.provider.dynamic_cdecl.dll": "C3421838282861B3E427C5AAAEDEA35C",
  "StbiSharp.dll": "C893E2F89C10D4B64FE06DF134894C6C",
  "System.Reactive.dll": "EF5A00287AD15393D41B12AA4B726FF7",
  "System.Reflection.MetadataLoadContext.dll": "E88E3AF6D37736F339022C9ACC5F2F7B",
  "System.Security.Cryptography.Pkcs.dll": "8950E01996A37E808BE3F39063C37BF9",
  "TEMP_gitver.txt": "6AFA9B37095C7AD260B53CE957AA2E44",
  "TerraFX.Interop.Windows.dll": "84F7EF6B0DE91F8CC23F773D3FD6DEC0",
  "Validation.dll": "65CFFE09B0B54185865920C8BC8D9B70"
}
