{
  "runtimes\\alpine-x64\\native\\libe_sqlite3.so": "39C244FEDBCD3DFC37041D4FCE1AE21D",
  "runtimes\\linux-arm\\native\\libe_sqlite3.so": "96CF54BC0EFB83D6E3F5F3E04997A59D",
  "runtimes\\linux-arm64\\native\\libe_sqlite3.so": "F079E55E7F3F9966A4A2052A3234E068",
  "runtimes\\linux-armel\\native\\libe_sqlite3.so": "C5A67D49434FC65D64E9C15778078C76",
  "runtimes\\linux-mips64\\native\\libe_sqlite3.so": "5F8461214089CFC677D46C19B7162161",
  "runtimes\\linux-musl-x64\\native\\libe_sqlite3.so": "39C244FEDBCD3DFC37041D4FCE1AE21D",
  "runtimes\\linux-x64\\native\\libe_sqlite3.so": "6F49C540D3AB9964D67A4A704C3D262D",
  "runtimes\\linux-x64\\native\\libglfw.so.3": "9E3137144F68B9E9793F4C7AD5B1BEA7",
  "runtimes\\linux-x64\\native\\libSDL2-2.0.so": "99B95A708381FC66AB2370E45A260527",
  "runtimes\\linux-x64\\native\\libstbi.so": "0945355ED59677D06E3E88F48101BB26",
  "runtimes\\linux-x86\\native\\libe_sqlite3.so": "5E0659B414CBD6DDC38C65582485853E",
  "runtimes\\osx-x64\\native\\libe_sqlite3.dylib": "F82AE134FCD1C080A69D775591406673",
  "runtimes\\osx-x64\\native\\libglfw.3.dylib": "1E30FAB2F0C40E82290AD4B0BF14A880",
  "runtimes\\osx-x64\\native\\libSDL2-2.0.dylib": "AAC958490586C67395F0A90903AE3747",
  "runtimes\\osx-x64\\native\\libstbi.dylib": "0B84B0A6A80178266018081C3CAB68E6",
  "runtimes\\win-arm\\native\\e_sqlite3.dll": "F95ADAD13ABE83A6E624A5278B5A392B",
  "runtimes\\win-arm64\\native\\e_sqlite3.dll": "CB1C52105813F64D711E19BCAC855810",
  "runtimes\\win-x64\\native\\cimgui.dll": "AD934F26680BF3A23D07C9D51823B7C1",
  "runtimes\\win-x64\\native\\cimguizmo.dll": "E73878AF375F053FE046933C1B313CFB",
  "runtimes\\win-x64\\native\\cimplot.dll": "5B3F8792F268F190D1F03C417A0FEB22",
  "runtimes\\win-x64\\native\\e_sqlite3.dll": "E3AC76866CFDA6D6AC4F5F46B7A9072A",
  "runtimes\\win-x64\\native\\glfw3.dll": "C0BDF974CAFBA16519005CCE43040607",
  "runtimes\\win-x64\\native\\minhook.x64d.dll": "67ACC8AA5019DC73275934065DB85EF8",
  "runtimes\\win-x64\\native\\SDL2.dll": "48BC216026D9F545CD5920D9775F7F41",
  "runtimes\\win-x64\\native\\stbi.dll": "AE68EFD9080DA68A2F0CEB989E5D8A97",
  "runtimes\\win-x64\\native\\stbi.lib": "927C214DE576219E1F80DBE7798A0502",
  "runtimes\\win-x86\\native\\e_sqlite3.dll": "BBBD3067925C526E08C4EF8E5FCD175A",
  "runtimes\\win-x86\\native\\glfw3.dll": "6A4B3F64732AF7D79DFEC55436573C3F",
  "runtimes\\win-x86\\native\\SDL2.dll": "90CD7670346843629094E7493999BB9D",
  "targets\\Dalamud.Plugin.Bootstrap.targets": "C85635161398CD9852CF7212DB7EB904",
  "targets\\Dalamud.Plugin.targets": "69D15EDFB3D4F0BEE3A099216E4DE057",
  "BitFaster.Caching.dll": "BAFBD77C7F5C2F881D0B66120B6BF509",
  "CheapLoc.dll": "F96D1B1B98D972BA61A83555F6F36B75",
  "commit_hash.txt": "32E97201FBA5E3602BD01D7694016845",
  "Costura.dll": "F7DBD08D417A4A6E43880D0A9669F094",
  "Dalamud.Boot.dll": "2B9BFCC3E712CE80FC6EC57E82D6D348",
  "Dalamud.Common.dll": "177355E297B4FA9699DE7B4E63C18C86",
  "Dalamud.deps.json": "98483F5732E88A148FADD96163A78B90",
  "Dalamud.dll": "4170C24CABE1CEB69F6B539878967AAE",
  "Dalamud.Injector.deps.json": "E30B9BD40106FFC14A5274A670979EDF",
  "Dalamud.Injector.dll": "DF1548FE1A33FCA82EC96C6A0ACEC018",
  "Dalamud.Injector.exe": "2C9BB62521F66EDBAA7EF7DF567AF3A6",
  "Dalamud.Injector.runtimeconfig.json": "B9BB65FFE7924D4D8BABE9FA66303200",
  "Dalamud.Injector.xml": "D41E5DF541D19A015215E777D7395C9C",
  "Dalamud.runtimeconfig.json": "2A9CD915428BDD175E0889BD0C225F75",
  "Dalamud.xml": "D05296598520CE804FD5C55E415AA89C",
  "DalamudCrashHandler.exe": "290101DF1AEEA1D59D8E32D85D656D37",
  "FASM-LICENSE.TXT": "ECEA1D10811221D5F0A3E96F9C38E2C7",
  "FASM.DLL": "E5B5B62A69070C4FB4D339FBCF1E947B",
  "FASMX64.DLL": "775FD76A164616B205AB9EDB72DE2563",
  "FFXIVClientStructs.dll": "BBB47D05E884B108829DB49F46F441E1",
  "FFXIVClientStructs.xml": "7765E19761534A47D9AA39A798157F46",
  "goaaats.Reloaded.Assembler.targets": "CC22CB0A353E2136EE9E6E96DB9F7164",
  "Iced.dll": "759FDFAACE4189F1AF077940E85C247D",
  "ImGui.NET.dll": "49804ABAFBDA26F699974D6CE808ED2A",
  "ImGuiScene.dll": "FCA51D90448526614224B3501A404588",
  "InteropGenerator.Runtime.dll": "BE28BD70135570217FAC55B3AA67D821",
  "JetBrains.Annotations.dll": "34B153E361EC80EE5E9BB6DBE0C8D4AD",
  "licenses.txt": "A159BE62AA91178EFC3E3983AE874D1D",
  "Lumina.dll": "08B4B29FD66EC7583B3FC1422D836B3F",
  "Lumina.Excel.dll": "7486F6166E211203ED49F2BE2E903538",
  "Microsoft.Bcl.HashCode.dll": "613AB56061ADF2284E047025207467E0",
  "Microsoft.DotNet.PlatformAbstractions.dll": "00AB0F02B1114C57C758F5AD595224F1",
  "Microsoft.Extensions.DependencyModel.dll": "F39BC76C10CFEA478C936FC4521A9FC9",
  "Microsoft.Extensions.ObjectPool.dll": "FEE3CE8A84417360CC5ED787ED6F7DB1",
  "MinSharp.dll": "8E300EBD62398F9133FFA6DFD30411D5",
  "Mono.Cecil.dll": "54EC0DC516D2B3E51961C3995F09D7BD",
  "Mono.Cecil.Mdb.dll": "A13A144EC4531E3AE9D42AB2BFC2597D",
  "Mono.Cecil.Pdb.dll": "A5B8FB0E20E6B443A0D75C1A58488FB6",
  "Mono.Cecil.Rocks.dll": "ECD6BFF88FF38102DC1E93C7FA498AFB",
  "nethost.dll": "21F39F71E2F4B5BA9FB3F126872F2F9B",
  "Newtonsoft.Json.dll": "ADF3E3EECDE20B7C9661E9C47106A14A",
  "PeNet.Asn1.dll": "4E517404A631E2386622DB75BD94AAA8",
  "PeNet.dll": "99AA75602A364F15E01E79CA9EF68A5A",
  "PInvoke.AdvApi32.dll": "34EE461D05B403C3A15D0DEC32A3788C",
  "PInvoke.BCrypt.dll": "FD07758EE1440491F22923084109FF26",
  "PInvoke.Cabinet.dll": "333D950E3804735DA60CC41D614C63E2",
  "PInvoke.CfgMgr32.dll": "768BE7CC18EDCF78B296A72ABE891691",
  "PInvoke.Crypt32.dll": "E7B00B0851738F4A7F2C6D37DAA973B4",
  "PInvoke.DbgHelp.dll": "E701136169620D20E3A70B560DE20E44",
  "PInvoke.DwmApi.dll": "ACF223CC8962404056648815B486F7D9",
  "PInvoke.Gdi32.dll": "69FF434826F98582CE44D3136ECFFACB",
  "PInvoke.Hid.dll": "2E7A41257F8AD9B26073181F450CD8E5",
  "PInvoke.ImageHlp.dll": "79BE816E8D86EA66489D7780DD675D49",
  "PInvoke.IPHlpApi.dll": "E949FA3326D1BA8872B179AB4EE49D38",
  "PInvoke.Kernel32.dll": "234E15B122ED430DE99490CA1A204958",
  "PInvoke.Magnification.dll": "C9EA3D34F506741ECC044DB19C151F09",
  "PInvoke.Msi.dll": "69EE50CE2DA6B55755E52589F49A7EBC",
  "PInvoke.NCrypt.dll": "DA1DE76C14D99370CA3BEF19DC299B15",
  "PInvoke.NetApi32.dll": "AE79F9FA2E3864A5E0642AE4622ECDC5",
  "PInvoke.NewDev.dll": "B3E1992105D986EF9C5C8E4B630FBB07",
  "PInvoke.NTDll.dll": "3F6BDF840EB27DD0FD9EB8071822183A",
  "PInvoke.Ole32.dll": "3C49FB100B60519FFE725BCD12A538F6",
  "PInvoke.Psapi.dll": "A7683EE4B880227F01C8AE632A892B9E",
  "PInvoke.SetupApi.dll": "1B7AE321185D0081D1759A9AD829F9BA",
  "PInvoke.SHCore.dll": "F27E7F063D51480F6D2294C903E4A606",
  "PInvoke.Shell32.dll": "F71A1BCAF6478190691170DAEA77722F",
  "PInvoke.User32.dll": "8BEDE38311ED4F27127290B81B8079FD",
  "PInvoke.Userenv.dll": "FEB7BCA90B8C905EC2F4BB0789847131",
  "PInvoke.UxTheme.dll": "8E683C016250CB719FDB9AAAFC22B3C5",
  "PInvoke.Windows.Core.dll": "90015440A44935208FFEA9BF61740651",
  "PInvoke.Windows.ShellScalingApi.dll": "F351B34B8C9183A51CADFDC279357C49",
  "PInvoke.WinUsb.dll": "9EB8A0280F2848D1A32B560A939F7336",
  "PInvoke.WtsApi32.dll": "341C94455D2E5893DBE4293D4D67AA4D",
  "Reloaded.Assembler.dll": "3FEB6AC34917BA31A38B49C13F05ECE7",
  "Reloaded.Hooks.Definitions.dll": "594A8A230694C1BA978655FE64946937",
  "Reloaded.Hooks.dll": "C6EEFEE1A0B0D6008A1B78E072CC8F30",
  "Reloaded.Memory.Buffers.dll": "A1372B78429086F6B111ED04EB2D9CDA",
  "Reloaded.Memory.dll": "269A6E75422DED3C90D803AB69C0D228",
  "revision.txt": "E531E258FE3098C3BDD707C30A687D73",
  "SDL2-CS.config": "65557595FD5DF55D93B2BF881DE62C3A",
  "SDL2-CS.dll": "79DB50B5A486E1067D8FB92BED86F6F4",
  "Serilog.dll": "4377EF5D4408127F645575E7142E999D",
  "Serilog.Sinks.Async.dll": "EC50434BE7780131EB1305EA69651971",
  "Serilog.Sinks.Console.dll": "B3F1A1C421A36668CDC2E41BEEDDB0EB",
  "Serilog.Sinks.File.dll": "E5167B50C857C4F24ADB25431DD303DD",
  "SharpDX.Direct3D11.dll": "C3870929FBB9F294271092D7C32D9BE2",
  "SharpDX.dll": "8F60C000ECA4A2C074E7429740C54ADF",
  "SharpDX.DXGI.dll": "C3DE1D96885C2F4E9509657BFB4FE8CE",
  "SharpDX.Mathematics.dll": "6B0AA1FA6FD865F921C7C7DF069D7032",
  "Silk.NET.Core.dll": "D81F8FC5E2C2236F4D5FE8AC23D05B35",
  "Silk.NET.GLFW.dll": "CA75897527D0AA692E7D7236961C5AF6",
  "Silk.NET.Maths.dll": "024E70DFB8C56C8F12C1F0B299A1CF31",
  "Silk.NET.OpenGL.dll": "7C950D31CBC04D5739609F58FB8B4335",
  "Silk.NET.SDL.dll": "CF4FDEF0EC52143812D7E83C2C772DC4",
  "Silk.NET.Windowing.Common.dll": "F75F56F5191D20F23C1682A598704161",
  "Silk.NET.Windowing.Glfw.dll": "BCC71AAEC1C26299CD3F15B43784E509",
  "Silk.NET.Windowing.Sdl.dll": "E73FEDAC8E43533006D2530B844D4D43",
  "SQLite-net.dll": "FE94DECA3800129E8FCF53D27BD9E7D5",
  "SQLitePCLRaw.batteries_v2.dll": "554DC57A7A45D34E0EC6BD8C4AA67F2A",
  "SQLitePCLRaw.core.dll": "AD54581E25984EBEA15FB5F53D8209D9",
  "SQLitePCLRaw.nativelibrary.dll": "D9F8DA87A58BCD512CFE8E521B191B35",
  "SQLitePCLRaw.provider.dynamic_cdecl.dll": "7F80856851780E8D9C8F9007BC9DB3DB",
  "StbiSharp.dll": "9F69C42B32ED7F8AD61CE6500EE487C8",
  "System.Reactive.dll": "EF5A00287AD15393D41B12AA4B726FF7",
  "System.Reflection.MetadataLoadContext.dll": "E88E3AF6D37736F339022C9ACC5F2F7B",
  "System.Security.Cryptography.Pkcs.dll": "8950E01996A37E808BE3F39063C37BF9",
  "TEMP_gitver.txt": "B0FDB97FD3FB5BE838DB40DD70975293",
  "TerraFX.Interop.Windows.dll": "84F7EF6B0DE91F8CC23F773D3FD6DEC0",
  "Validation.dll": "E0B31189719809DB85BFAE31F04CF085"
}
