{
  "runtimes\\alpine-x64\\native\\libe_sqlite3.so": "39C244FEDBCD3DFC37041D4FCE1AE21D",
  "runtimes\\linux-arm\\native\\libe_sqlite3.so": "96CF54BC0EFB83D6E3F5F3E04997A59D",
  "runtimes\\linux-arm64\\native\\libe_sqlite3.so": "F079E55E7F3F9966A4A2052A3234E068",
  "runtimes\\linux-armel\\native\\libe_sqlite3.so": "C5A67D49434FC65D64E9C15778078C76",
  "runtimes\\linux-mips64\\native\\libe_sqlite3.so": "5F8461214089CFC677D46C19B7162161",
  "runtimes\\linux-musl-x64\\native\\libe_sqlite3.so": "39C244FEDBCD3DFC37041D4FCE1AE21D",
  "runtimes\\linux-x64\\native\\libe_sqlite3.so": "6F49C540D3AB9964D67A4A704C3D262D",
  "runtimes\\linux-x64\\native\\libglfw.so.3": "9E3137144F68B9E9793F4C7AD5B1BEA7",
  "runtimes\\linux-x64\\native\\libSDL2-2.0.so": "99B95A708381FC66AB2370E45A260527",
  "runtimes\\linux-x64\\native\\libstbi.so": "0945355ED59677D06E3E88F48101BB26",
  "runtimes\\linux-x86\\native\\libe_sqlite3.so": "5E0659B414CBD6DDC38C65582485853E",
  "runtimes\\osx-x64\\native\\libe_sqlite3.dylib": "F82AE134FCD1C080A69D775591406673",
  "runtimes\\osx-x64\\native\\libglfw.3.dylib": "1E30FAB2F0C40E82290AD4B0BF14A880",
  "runtimes\\osx-x64\\native\\libSDL2-2.0.dylib": "AAC958490586C67395F0A90903AE3747",
  "runtimes\\osx-x64\\native\\libstbi.dylib": "0B84B0A6A80178266018081C3CAB68E6",
  "runtimes\\win-arm\\native\\e_sqlite3.dll": "5834A5986670A41D4EF3E343D551BD88",
  "runtimes\\win-arm64\\native\\e_sqlite3.dll": "BC1F98A58582AD98DD981EF2FCE1FAC6",
  "runtimes\\win-x64\\native\\cimgui.dll": "C96BF2301C01CA197D42E6F3258FE9A9",
  "runtimes\\win-x64\\native\\cimguizmo.dll": "DE79EC3C2CD469FEBB87A962F144C0C6",
  "runtimes\\win-x64\\native\\cimplot.dll": "651AFB9247F25C76FA7AFEEE51CB2601",
  "runtimes\\win-x64\\native\\e_sqlite3.dll": "0D73828391985D5410AB2580EB93592D",
  "runtimes\\win-x64\\native\\glfw3.dll": "F9F442C5E5624915356639A80862C828",
  "runtimes\\win-x64\\native\\minhook.x64d.dll": "BB055BDE4863DD56D88DB8D4E982A56A",
  "runtimes\\win-x64\\native\\SDL2.dll": "D2D04464B8167FB64DCCB206F8AFB323",
  "runtimes\\win-x64\\native\\stbi.dll": "ECEEF21C93E0DB1434CB9B2F46DA81CD",
  "runtimes\\win-x64\\native\\stbi.lib": "927C214DE576219E1F80DBE7798A0502",
  "runtimes\\win-x86\\native\\e_sqlite3.dll": "915E8AAD64DF8F0C4010D595ADFAC3E3",
  "runtimes\\win-x86\\native\\glfw3.dll": "FB28EB602B87F517E45ED20FC0819A65",
  "runtimes\\win-x86\\native\\SDL2.dll": "FB2EB5EE7D3DD148B8D24642594446B1",
  "targets\\Dalamud.Plugin.Bootstrap.targets": "C85635161398CD9852CF7212DB7EB904",
  "targets\\Dalamud.Plugin.targets": "69D15EDFB3D4F0BEE3A099216E4DE057",
  "BitFaster.Caching.dll": "A123402B7E2D9B0CC1BC44415C16A26D",
  "CheapLoc.dll": "D5FC47B979E449E810398B3456DF4BF0",
  "commit_hash.txt": "C8EDCBE46DB309D53DB2753B3442558B",
  "Costura.dll": "5545F2245EF73187E7422EF500BAA6FA",
  "Dalamud.Boot.dll": "06358A4B7F57A08233632AA70DD23E47",
  "Dalamud.Common.dll": "1A35AB5FF235ED0CB2591248B0DDB83D",
  "Dalamud.deps.json": "D3AC001AF1F66565AA6AD147FB748A10",
  "Dalamud.dll": "82F433C747E83E69DC04B8F007C5318B",
  "Dalamud.Injector.deps.json": "E30B9BD40106FFC14A5274A670979EDF",
  "Dalamud.Injector.dll": "0667B62016C72F2923EDDEFCBCED7DD9",
  "Dalamud.Injector.exe": "AB6F7A950D93B1D9D67BFBA5F1443081",
  "Dalamud.Injector.runtimeconfig.json": "B9BB65FFE7924D4D8BABE9FA66303200",
  "Dalamud.Injector.xml": "D41E5DF541D19A015215E777D7395C9C",
  "Dalamud.runtimeconfig.json": "2A9CD915428BDD175E0889BD0C225F75",
  "Dalamud.xml": "F6110380527597887D7991B9F130CC70",
  "DalamudCrashHandler.exe": "0E941EAC5528FD73613DE51A9F4C976D",
  "FASM-LICENSE.TXT": "ECEA1D10811221D5F0A3E96F9C38E2C7",
  "FASM.DLL": "E16141D542464280CBF70D48BF75F80C",
  "FASMX64.DLL": "450923E6C5FF83BFFDC4B0AE3016165A",
  "FFXIVClientStructs.dll": "E8CC4286B1B9F439BAACB93688789C77",
  "FFXIVClientStructs.xml": "7875AE170297BB85DC5C4830801FA9F8",
  "goaaats.Reloaded.Assembler.targets": "CC22CB0A353E2136EE9E6E96DB9F7164",
  "Iced.dll": "45A9CB7D5C1E63CAC85C92D86F05C5E6",
  "ImGui.NET.dll": "B0F7086C85C7993D367AD4D890E2490E",
  "ImGuiScene.dll": "E1B8A4EB033F6135DCB79EEA45B15FEE",
  "InteropGenerator.Runtime.dll": "807FB87EE83EF6CE7E0F3E46DF58BEB3",
  "JetBrains.Annotations.dll": "F1B104012B5FE683ECBA85D093D58C8A",
  "licenses.txt": "A159BE62AA91178EFC3E3983AE874D1D",
  "Lumina.dll": "AA2613ECFDE2070DEABCE738728BAF1B",
  "Lumina.Excel.dll": "0CE1C19F3B015FD3759BC5D6E982DF4F",
  "Microsoft.Bcl.HashCode.dll": "613AB56061ADF2284E047025207467E0",
  "Microsoft.DotNet.PlatformAbstractions.dll": "00AB0F02B1114C57C758F5AD595224F1",
  "Microsoft.Extensions.DependencyModel.dll": "F39BC76C10CFEA478C936FC4521A9FC9",
  "Microsoft.Extensions.ObjectPool.dll": "FEE3CE8A84417360CC5ED787ED6F7DB1",
  "MinSharp.dll": "CE7C6DE81D5AD7F0C76DD61EBE30FB6F",
  "Mono.Cecil.dll": "7931384D8CC020D89EE482919D18F173",
  "Mono.Cecil.Mdb.dll": "7F90C00D4CD76C8814A44CF94B3244E6",
  "Mono.Cecil.Pdb.dll": "A473F2EBFA15546E51127ED7F2C0D90B",
  "Mono.Cecil.Rocks.dll": "948D87D21514E591F8B5139906712129",
  "nethost.dll": "21F39F71E2F4B5BA9FB3F126872F2F9B",
  "Newtonsoft.Json.dll": "ADF3E3EECDE20B7C9661E9C47106A14A",
  "PeNet.Asn1.dll": "07CFF893E945A2B13383AAB403593CDB",
  "PeNet.dll": "0EDC8D134DE9AC61281EBA888DF885BA",
  "PInvoke.AdvApi32.dll": "34EE461D05B403C3A15D0DEC32A3788C",
  "PInvoke.BCrypt.dll": "FD07758EE1440491F22923084109FF26",
  "PInvoke.Cabinet.dll": "333D950E3804735DA60CC41D614C63E2",
  "PInvoke.CfgMgr32.dll": "768BE7CC18EDCF78B296A72ABE891691",
  "PInvoke.Crypt32.dll": "E7B00B0851738F4A7F2C6D37DAA973B4",
  "PInvoke.DbgHelp.dll": "E701136169620D20E3A70B560DE20E44",
  "PInvoke.DwmApi.dll": "ACF223CC8962404056648815B486F7D9",
  "PInvoke.Gdi32.dll": "69FF434826F98582CE44D3136ECFFACB",
  "PInvoke.Hid.dll": "2E7A41257F8AD9B26073181F450CD8E5",
  "PInvoke.ImageHlp.dll": "79BE816E8D86EA66489D7780DD675D49",
  "PInvoke.IPHlpApi.dll": "E949FA3326D1BA8872B179AB4EE49D38",
  "PInvoke.Kernel32.dll": "234E15B122ED430DE99490CA1A204958",
  "PInvoke.Magnification.dll": "C9EA3D34F506741ECC044DB19C151F09",
  "PInvoke.Msi.dll": "69EE50CE2DA6B55755E52589F49A7EBC",
  "PInvoke.NCrypt.dll": "DA1DE76C14D99370CA3BEF19DC299B15",
  "PInvoke.NetApi32.dll": "AE79F9FA2E3864A5E0642AE4622ECDC5",
  "PInvoke.NewDev.dll": "B3E1992105D986EF9C5C8E4B630FBB07",
  "PInvoke.NTDll.dll": "3F6BDF840EB27DD0FD9EB8071822183A",
  "PInvoke.Ole32.dll": "3C49FB100B60519FFE725BCD12A538F6",
  "PInvoke.Psapi.dll": "A7683EE4B880227F01C8AE632A892B9E",
  "PInvoke.SetupApi.dll": "1B7AE321185D0081D1759A9AD829F9BA",
  "PInvoke.SHCore.dll": "F27E7F063D51480F6D2294C903E4A606",
  "PInvoke.Shell32.dll": "F71A1BCAF6478190691170DAEA77722F",
  "PInvoke.User32.dll": "8BEDE38311ED4F27127290B81B8079FD",
  "PInvoke.Userenv.dll": "FEB7BCA90B8C905EC2F4BB0789847131",
  "PInvoke.UxTheme.dll": "8E683C016250CB719FDB9AAAFC22B3C5",
  "PInvoke.Windows.Core.dll": "90015440A44935208FFEA9BF61740651",
  "PInvoke.Windows.ShellScalingApi.dll": "F351B34B8C9183A51CADFDC279357C49",
  "PInvoke.WinUsb.dll": "9EB8A0280F2848D1A32B560A939F7336",
  "PInvoke.WtsApi32.dll": "341C94455D2E5893DBE4293D4D67AA4D",
  "Reloaded.Assembler.dll": "38128AD77C1A278A56C7982CE0458030",
  "Reloaded.Hooks.Definitions.dll": "BA812CFEEFC41DC5E5B3A91A660AFC94",
  "Reloaded.Hooks.dll": "536290CEA1BFD1E17C320DFE9E0ECC81",
  "Reloaded.Memory.Buffers.dll": "C69CBAEB6E138DEBEFAB66F679611D41",
  "Reloaded.Memory.dll": "B04A74CC380E956E015DF274A32296CC",
  "revision.txt": "CA6AB34959489659F8C3776AAF1F8EFD",
  "SDL2-CS.config": "65557595FD5DF55D93B2BF881DE62C3A",
  "SDL2-CS.dll": "7AD67DF9B6C46C0359356F531B07E369",
  "Serilog.dll": "6B2279DAC5DEC6568614DEB9BF6CCD65",
  "Serilog.Sinks.Async.dll": "C166E9C254FA9588E477CAA534293703",
  "Serilog.Sinks.Console.dll": "088D6E524E960DD031DEBAC15A830C3E",
  "Serilog.Sinks.File.dll": "FD755D467AD720204149A4E019E981A0",
  "SharpDX.Direct3D11.dll": "1B647ADD801F7829E8938C76622E6712",
  "SharpDX.dll": "D53BB5860D809EAE20D16368A21085A8",
  "SharpDX.DXGI.dll": "16571A766E7A94D88B1F54B41D21457A",
  "SharpDX.Mathematics.dll": "8BB5770B7EF27796CCA3FD8888731CF9",
  "Silk.NET.Core.dll": "C3F22922FBC01D75C7119C62ADFFB557",
  "Silk.NET.GLFW.dll": "B683FF0DD00DF1DCE4B62465EF25EC2F",
  "Silk.NET.Maths.dll": "85A121586890FA1C652A709512E1848F",
  "Silk.NET.OpenGL.dll": "A8646F40546B9FC8C5A70B79AF83DDDD",
  "Silk.NET.SDL.dll": "0F50133F9EE5C343596F169A28F871B7",
  "Silk.NET.Windowing.Common.dll": "118B194DD8F969799D7BB8FF5D39FE72",
  "Silk.NET.Windowing.Glfw.dll": "FE5DFE18D05C1E0C0471C1A0B4C0A296",
  "Silk.NET.Windowing.Sdl.dll": "D0CB6BB86981AC3A1F923122A599B2C2",
  "SQLite-net.dll": "41AC77808B5156E367EB3050D195DDC4",
  "SQLitePCLRaw.batteries_v2.dll": "F7A8E90EC6AF0D198864882F728D1948",
  "SQLitePCLRaw.core.dll": "EA74C97E703B9CCFA94F0154562356AA",
  "SQLitePCLRaw.nativelibrary.dll": "F5FBA8F1842E08E43CDD2A7B11182F6F",
  "SQLitePCLRaw.provider.dynamic_cdecl.dll": "CE6B610616F792A918FF2C5826EAD7EF",
  "StbiSharp.dll": "BE88709C78665662D3828E2BA0E3F535",
  "System.Reactive.dll": "EF5A00287AD15393D41B12AA4B726FF7",
  "System.Reflection.MetadataLoadContext.dll": "E88E3AF6D37736F339022C9ACC5F2F7B",
  "System.Security.Cryptography.Pkcs.dll": "8950E01996A37E808BE3F39063C37BF9",
  "TEMP_gitver.txt": "500FAC6343DCC1E8C12A87369A4656E3",
  "TerraFX.Interop.Windows.dll": "84F7EF6B0DE91F8CC23F773D3FD6DEC0",
  "Validation.dll": "33F8E2D288A7D436F296A86C698783B7"
}
