{
  "runtimes\\alpine-x64\\native\\libe_sqlite3.so": "39C244FEDBCD3DFC37041D4FCE1AE21D",
  "runtimes\\linux-arm\\native\\libe_sqlite3.so": "96CF54BC0EFB83D6E3F5F3E04997A59D",
  "runtimes\\linux-arm64\\native\\libe_sqlite3.so": "F079E55E7F3F9966A4A2052A3234E068",
  "runtimes\\linux-armel\\native\\libe_sqlite3.so": "C5A67D49434FC65D64E9C15778078C76",
  "runtimes\\linux-mips64\\native\\libe_sqlite3.so": "5F8461214089CFC677D46C19B7162161",
  "runtimes\\linux-musl-x64\\native\\libe_sqlite3.so": "39C244FEDBCD3DFC37041D4FCE1AE21D",
  "runtimes\\linux-x64\\native\\libe_sqlite3.so": "6F49C540D3AB9964D67A4A704C3D262D",
  "runtimes\\linux-x64\\native\\libglfw.so.3": "9E3137144F68B9E9793F4C7AD5B1BEA7",
  "runtimes\\linux-x64\\native\\libSDL2-2.0.so": "99B95A708381FC66AB2370E45A260527",
  "runtimes\\linux-x64\\native\\libstbi.so": "0945355ED59677D06E3E88F48101BB26",
  "runtimes\\linux-x86\\native\\libe_sqlite3.so": "5E0659B414CBD6DDC38C65582485853E",
  "runtimes\\osx-x64\\native\\libe_sqlite3.dylib": "F82AE134FCD1C080A69D775591406673",
  "runtimes\\osx-x64\\native\\libglfw.3.dylib": "1E30FAB2F0C40E82290AD4B0BF14A880",
  "runtimes\\osx-x64\\native\\libSDL2-2.0.dylib": "AAC958490586C67395F0A90903AE3747",
  "runtimes\\osx-x64\\native\\libstbi.dylib": "0B84B0A6A80178266018081C3CAB68E6",
  "runtimes\\win-arm\\native\\e_sqlite3.dll": "CA26321CAB87FE546CFB537B5BE1C3C4",
  "runtimes\\win-arm64\\native\\e_sqlite3.dll": "5E24CBCF8A78800845EA3B56D78F9810",
  "runtimes\\win-x64\\native\\cimgui.dll": "C6ED7956E943C7443C72495E04F7C16B",
  "runtimes\\win-x64\\native\\cimguizmo.dll": "B97B7E96600B3FF4CD66C5BDDB394681",
  "runtimes\\win-x64\\native\\cimplot.dll": "19F35191D968DABC193AB059082444C7",
  "runtimes\\win-x64\\native\\e_sqlite3.dll": "B19032452AA586B2E3CD6A06DC18AFBB",
  "runtimes\\win-x64\\native\\glfw3.dll": "03871DBBD5AC5B84E90033181CA6994B",
  "runtimes\\win-x64\\native\\minhook.x64d.dll": "FC05584B9465F2674D670AD3774C32CF",
  "runtimes\\win-x64\\native\\SDL2.dll": "0746C41C951C9D731D620C70A21F86C8",
  "runtimes\\win-x64\\native\\stbi.dll": "E69C0479F007D8BFC853CD534676F7C3",
  "runtimes\\win-x64\\native\\stbi.lib": "927C214DE576219E1F80DBE7798A0502",
  "runtimes\\win-x86\\native\\e_sqlite3.dll": "8B9A3B8E74855D72BD24C614028704B4",
  "runtimes\\win-x86\\native\\glfw3.dll": "25F1B051C1687B2A30181421A21078F7",
  "runtimes\\win-x86\\native\\SDL2.dll": "BADF5392B91332D8FAA109D478403E42",
  "targets\\Dalamud.Plugin.Bootstrap.targets": "C85635161398CD9852CF7212DB7EB904",
  "targets\\Dalamud.Plugin.targets": "E582DE4B2093280C18BFC7764530631A",
  "BitFaster.Caching.dll": "429FDF8D7C22E76CAE2E41429CD9C1C0",
  "CheapLoc.dll": "363AEE12D61394060E067CF34C5C69F2",
  "commit_hash.txt": "81BD410D18987BF41A79A1EA2FA52B70",
  "Costura.dll": "6067D906DF9E059BF25A515247999C2B",
  "Dalamud.Boot.dll": "5E2DC9EA2AA9BE3C1BA0A29FF63D90D6",
  "Dalamud.Common.dll": "5BD1A1E0C065CF71A72545DF2A7684FB",
  "Dalamud.deps.json": "9AB24B3C111E0ED9A20CE274194606D9",
  "Dalamud.dll": "97824F5B1A8451DC4D703606B7ADD8D7",
  "Dalamud.Injector.deps.json": "E30B9BD40106FFC14A5274A670979EDF",
  "Dalamud.Injector.dll": "FE18C0C1F29D50F3717FA1013EDB996D",
  "Dalamud.Injector.exe": "5F2748BABC6492E0392AD4D1777BBAFA",
  "Dalamud.Injector.runtimeconfig.json": "B9BB65FFE7924D4D8BABE9FA66303200",
  "Dalamud.Injector.xml": "D41E5DF541D19A015215E777D7395C9C",
  "Dalamud.runtimeconfig.json": "2A9CD915428BDD175E0889BD0C225F75",
  "Dalamud.xml": "312ABCFC122667E7AE82A147213826C3",
  "DalamudCrashHandler.exe": "3BFF262DE7BF70011E9EFD8C540C0190",
  "FASM-LICENSE.TXT": "ECEA1D10811221D5F0A3E96F9C38E2C7",
  "FASM.DLL": "2527641FF962241B37C60D058050323E",
  "FASMX64.DLL": "DF6E7F7DA541B30BD8A956AD013C1118",
  "FFXIVClientStructs.dll": "8C9E13589D4AAD4728D16C68C6D4270D",
  "FFXIVClientStructs.xml": "2C9E54D2EE1B0FB82F372FFC014A6C8F",
  "goaaats.Reloaded.Assembler.targets": "CC22CB0A353E2136EE9E6E96DB9F7164",
  "Iced.dll": "3984E6D8AEF5C0CB141E56C3FEAF77BB",
  "ImGui.NET.dll": "1882642F1D3894D39C128DA27AE8B3E8",
  "ImGuiScene.dll": "ECE1ABF00EB7FA621B467C8E47D0C348",
  "InteropGenerator.Runtime.dll": "8FE8E3F4367DF3746EE764F749A63174",
  "JetBrains.Annotations.dll": "7251C52C0561B82F09EE040522B9296B",
  "licenses.txt": "A159BE62AA91178EFC3E3983AE874D1D",
  "Lumina.dll": "B1E50D2479E85B2BD66FBBA1B87648D1",
  "Lumina.Excel.dll": "5015A695F4CAE1780AB71343FC825904",
  "Microsoft.Bcl.HashCode.dll": "613AB56061ADF2284E047025207467E0",
  "Microsoft.DotNet.PlatformAbstractions.dll": "00AB0F02B1114C57C758F5AD595224F1",
  "Microsoft.Extensions.DependencyModel.dll": "F39BC76C10CFEA478C936FC4521A9FC9",
  "Microsoft.Extensions.ObjectPool.dll": "FEE3CE8A84417360CC5ED787ED6F7DB1",
  "MinSharp.dll": "AE69B8467B6F0F19267F26046ED2D7BB",
  "Mono.Cecil.dll": "180F99569F6AAB4F57123AD1CF4C6778",
  "Mono.Cecil.Mdb.dll": "507331A4E7DD79A3DB8A79A1995D6E06",
  "Mono.Cecil.Pdb.dll": "761F6A286B455DC821B27EB7F9767825",
  "Mono.Cecil.Rocks.dll": "227CE819BE34AFC891620AAA43AB2F6B",
  "nethost.dll": "21F39F71E2F4B5BA9FB3F126872F2F9B",
  "Newtonsoft.Json.dll": "ADF3E3EECDE20B7C9661E9C47106A14A",
  "PeNet.Asn1.dll": "2DD928F03918E501C90CEC616AE4BBEF",
  "PeNet.dll": "A3BD087CE61F2243B575908539040226",
  "PInvoke.AdvApi32.dll": "34EE461D05B403C3A15D0DEC32A3788C",
  "PInvoke.BCrypt.dll": "FD07758EE1440491F22923084109FF26",
  "PInvoke.Cabinet.dll": "333D950E3804735DA60CC41D614C63E2",
  "PInvoke.CfgMgr32.dll": "768BE7CC18EDCF78B296A72ABE891691",
  "PInvoke.Crypt32.dll": "E7B00B0851738F4A7F2C6D37DAA973B4",
  "PInvoke.DbgHelp.dll": "E701136169620D20E3A70B560DE20E44",
  "PInvoke.DwmApi.dll": "ACF223CC8962404056648815B486F7D9",
  "PInvoke.Gdi32.dll": "69FF434826F98582CE44D3136ECFFACB",
  "PInvoke.Hid.dll": "2E7A41257F8AD9B26073181F450CD8E5",
  "PInvoke.ImageHlp.dll": "79BE816E8D86EA66489D7780DD675D49",
  "PInvoke.IPHlpApi.dll": "E949FA3326D1BA8872B179AB4EE49D38",
  "PInvoke.Kernel32.dll": "234E15B122ED430DE99490CA1A204958",
  "PInvoke.Magnification.dll": "C9EA3D34F506741ECC044DB19C151F09",
  "PInvoke.Msi.dll": "69EE50CE2DA6B55755E52589F49A7EBC",
  "PInvoke.NCrypt.dll": "DA1DE76C14D99370CA3BEF19DC299B15",
  "PInvoke.NetApi32.dll": "AE79F9FA2E3864A5E0642AE4622ECDC5",
  "PInvoke.NewDev.dll": "B3E1992105D986EF9C5C8E4B630FBB07",
  "PInvoke.NTDll.dll": "3F6BDF840EB27DD0FD9EB8071822183A",
  "PInvoke.Ole32.dll": "3C49FB100B60519FFE725BCD12A538F6",
  "PInvoke.Psapi.dll": "A7683EE4B880227F01C8AE632A892B9E",
  "PInvoke.SetupApi.dll": "1B7AE321185D0081D1759A9AD829F9BA",
  "PInvoke.SHCore.dll": "F27E7F063D51480F6D2294C903E4A606",
  "PInvoke.Shell32.dll": "F71A1BCAF6478190691170DAEA77722F",
  "PInvoke.User32.dll": "8BEDE38311ED4F27127290B81B8079FD",
  "PInvoke.Userenv.dll": "FEB7BCA90B8C905EC2F4BB0789847131",
  "PInvoke.UxTheme.dll": "8E683C016250CB719FDB9AAAFC22B3C5",
  "PInvoke.Windows.Core.dll": "90015440A44935208FFEA9BF61740651",
  "PInvoke.Windows.ShellScalingApi.dll": "F351B34B8C9183A51CADFDC279357C49",
  "PInvoke.WinUsb.dll": "9EB8A0280F2848D1A32B560A939F7336",
  "PInvoke.WtsApi32.dll": "341C94455D2E5893DBE4293D4D67AA4D",
  "Reloaded.Assembler.dll": "D7B9DD276C371A05B8B41E0C3EADB171",
  "Reloaded.Hooks.Definitions.dll": "D4BA8EA86E06983D5C7B2A375F09F68D",
  "Reloaded.Hooks.dll": "A43C4307C68C77E771D4B8C3DF79C299",
  "Reloaded.Memory.Buffers.dll": "F49AD0A7D16AE41F04802624DF5C906C",
  "Reloaded.Memory.dll": "DD1A804DF98B1455CCFA0E7DF53DD961",
  "revision.txt": "C1A3D34711AB5D85335331CA0E57F067",
  "SDL2-CS.config": "65557595FD5DF55D93B2BF881DE62C3A",
  "SDL2-CS.dll": "1CE0A62014FBF4CEC2B5145779749A0C",
  "Serilog.dll": "79C12C731B5AEC8FFFD0C71980E6B808",
  "Serilog.Sinks.Async.dll": "E944C3C24BC4FFA35977F97C7F3D38AD",
  "Serilog.Sinks.Console.dll": "CE9280DE24EFFFB0BC1704ACCD8DAC4E",
  "Serilog.Sinks.File.dll": "B906246C682568EBBCCD6F82F59A4E9C",
  "SharpDX.Direct3D11.dll": "4DFC4A3DA14A859A77620FB6B14486D0",
  "SharpDX.dll": "5A5FD16838130A7E9F93A792BF3B053E",
  "SharpDX.DXGI.dll": "BFC454E44C215227D2EDDDEF0A02ACA1",
  "SharpDX.Mathematics.dll": "40F228A07F067DD760A992762C4EB3AC",
  "Silk.NET.Core.dll": "8B4BD109AF9987BD1D7DB1AA1D465807",
  "Silk.NET.GLFW.dll": "3D122CB00277218207DBB593A81A7D07",
  "Silk.NET.Maths.dll": "4F1E118FE3BDB2C736C016D6F1EF3E5F",
  "Silk.NET.OpenGL.dll": "0518CABB37871500E1A66AF3458602F2",
  "Silk.NET.SDL.dll": "B04DCC3A825811F34203358D05603CF6",
  "Silk.NET.Windowing.Common.dll": "638BF345ADB44ECDB16EDE1A9AE92316",
  "Silk.NET.Windowing.Glfw.dll": "B54D13852F1FCD1ABDAF591136EA9A2E",
  "Silk.NET.Windowing.Sdl.dll": "528F6207E3C2CA64E2EB3DBF2B4B8601",
  "SQLite-net.dll": "4168AD01CC42DDA279520C4308D6BA53",
  "SQLitePCLRaw.batteries_v2.dll": "733EDF6B28A2F986981C4571E5BD8D8D",
  "SQLitePCLRaw.core.dll": "7674A46D7653C39B64D3D31838289C68",
  "SQLitePCLRaw.nativelibrary.dll": "3C985D1E94E7FBC44DC20E0822B46749",
  "SQLitePCLRaw.provider.dynamic_cdecl.dll": "57DFF9D889F7D3D2BD6254E3BC2EEB7C",
  "StbiSharp.dll": "20B9A3BD18958703BB4EDC5C252B1937",
  "System.Reactive.dll": "EF5A00287AD15393D41B12AA4B726FF7",
  "System.Reflection.MetadataLoadContext.dll": "E88E3AF6D37736F339022C9ACC5F2F7B",
  "System.Security.Cryptography.Pkcs.dll": "8950E01996A37E808BE3F39063C37BF9",
  "TEMP_gitver.txt": "08250B742FD21F05A95782922AC6A9C4",
  "TerraFX.Interop.Windows.dll": "84F7EF6B0DE91F8CC23F773D3FD6DEC0",
  "Validation.dll": "F8934E387E29937928F676D85E0BE98C"
}
