{
  "runtimes\\alpine-x64\\native\\libe_sqlite3.so": "39C244FEDBCD3DFC37041D4FCE1AE21D",
  "runtimes\\linux-arm\\native\\libe_sqlite3.so": "96CF54BC0EFB83D6E3F5F3E04997A59D",
  "runtimes\\linux-arm64\\native\\libe_sqlite3.so": "F079E55E7F3F9966A4A2052A3234E068",
  "runtimes\\linux-armel\\native\\libe_sqlite3.so": "C5A67D49434FC65D64E9C15778078C76",
  "runtimes\\linux-mips64\\native\\libe_sqlite3.so": "5F8461214089CFC677D46C19B7162161",
  "runtimes\\linux-musl-x64\\native\\libe_sqlite3.so": "39C244FEDBCD3DFC37041D4FCE1AE21D",
  "runtimes\\linux-x64\\native\\libe_sqlite3.so": "6F49C540D3AB9964D67A4A704C3D262D",
  "runtimes\\linux-x64\\native\\libglfw.so.3": "9E3137144F68B9E9793F4C7AD5B1BEA7",
  "runtimes\\linux-x64\\native\\libSDL2-2.0.so": "99B95A708381FC66AB2370E45A260527",
  "runtimes\\linux-x64\\native\\libstbi.so": "0945355ED59677D06E3E88F48101BB26",
  "runtimes\\linux-x86\\native\\libe_sqlite3.so": "5E0659B414CBD6DDC38C65582485853E",
  "runtimes\\osx-x64\\native\\libe_sqlite3.dylib": "F82AE134FCD1C080A69D775591406673",
  "runtimes\\osx-x64\\native\\libglfw.3.dylib": "1E30FAB2F0C40E82290AD4B0BF14A880",
  "runtimes\\osx-x64\\native\\libSDL2-2.0.dylib": "AAC958490586C67395F0A90903AE3747",
  "runtimes\\osx-x64\\native\\libstbi.dylib": "0B84B0A6A80178266018081C3CAB68E6",
  "runtimes\\win-arm\\native\\e_sqlite3.dll": "A0782A06DC45CC9F5BCC00FC7EBF102B",
  "runtimes\\win-arm64\\native\\e_sqlite3.dll": "39A77E7D3F3A1540BDEF34237A956B97",
  "runtimes\\win-x64\\native\\cimgui.dll": "41F47C8A44F8A0E1E371B79A93629B41",
  "runtimes\\win-x64\\native\\cimguizmo.dll": "B04B9E1DE6B392611A894E5FCD871B32",
  "runtimes\\win-x64\\native\\cimplot.dll": "A07D1B473E706699B76FBA944A38A9C7",
  "runtimes\\win-x64\\native\\e_sqlite3.dll": "33385BB5C0DE0626325D334A8BDC9743",
  "runtimes\\win-x64\\native\\glfw3.dll": "A07D7F442C7C43ED9288905BC744E98B",
  "runtimes\\win-x64\\native\\minhook.x64d.dll": "5C5ABCAE3A8EC74A08D239C89CD04F7F",
  "runtimes\\win-x64\\native\\SDL2.dll": "A23686961DFD659616EEDDBC7206E6B5",
  "runtimes\\win-x64\\native\\stbi.dll": "3F4DAFC02E2C79A1E5E5275CAC40ED69",
  "runtimes\\win-x64\\native\\stbi.lib": "927C214DE576219E1F80DBE7798A0502",
  "runtimes\\win-x86\\native\\e_sqlite3.dll": "DAF4E07920A7E118A189E936A5E67F84",
  "runtimes\\win-x86\\native\\glfw3.dll": "6D8D82ED60BF382C8320BBD088D4FDC0",
  "runtimes\\win-x86\\native\\SDL2.dll": "0B570EAA968F17B2310C902B31A3087E",
  "targets\\Dalamud.Plugin.Bootstrap.targets": "C85635161398CD9852CF7212DB7EB904",
  "targets\\Dalamud.Plugin.targets": "E582DE4B2093280C18BFC7764530631A",
  "BitFaster.Caching.dll": "FD0A5EBED8E14EFBD10E4D3EE70297A4",
  "CheapLoc.dll": "2AFF7EB5AC44809EB573F49DACD429CE",
  "commit_hash.txt": "821CA62A14BA1B99A478EF5250D81DAD",
  "Costura.dll": "FA6470D530421BB23DCD393B58765082",
  "Dalamud.Boot.dll": "033DC3E1AE4622F713310EF5A936D253",
  "Dalamud.Common.dll": "514701AF96BD0F152DA745380B30EADB",
  "Dalamud.deps.json": "1A68E49498933A9539E91B9CE1E4410F",
  "Dalamud.dll": "4F8DA2610637FA118791BCFA0EE27586",
  "Dalamud.Injector.deps.json": "E30B9BD40106FFC14A5274A670979EDF",
  "Dalamud.Injector.dll": "F702A0CA99B9BC32C0A7650294DCF30D",
  "Dalamud.Injector.exe": "E4BBC8F742B792D432CAD988FB7B0235",
  "Dalamud.Injector.runtimeconfig.json": "B9BB65FFE7924D4D8BABE9FA66303200",
  "Dalamud.Injector.xml": "D41E5DF541D19A015215E777D7395C9C",
  "Dalamud.runtimeconfig.json": "2A9CD915428BDD175E0889BD0C225F75",
  "Dalamud.xml": "88DE61FCFE77BBDFDEBB35D5814EC7D6",
  "DalamudCrashHandler.exe": "A0730B7FFBDF032FA4F586EBD4C904A3",
  "FASM-LICENSE.TXT": "ECEA1D10811221D5F0A3E96F9C38E2C7",
  "FASM.DLL": "252715C0B313D8B4D00D4432858CFABF",
  "FASMX64.DLL": "43FCE35CA08DA86CBFD6EA42E0302E80",
  "FFXIVClientStructs.dll": "C7C010E6C0F522EAEB101ABBBC859CBA",
  "FFXIVClientStructs.xml": "BE0ECAB2862351FFBE1429DFDE25CD99",
  "goaaats.Reloaded.Assembler.targets": "CC22CB0A353E2136EE9E6E96DB9F7164",
  "Iced.dll": "FD88FA7D744339A7496E4D2B10DAFA44",
  "ImGui.NET.dll": "FCEAFE8A11C07E5E18528A00F95032D4",
  "ImGuiScene.dll": "8AC58177F285037AC030275F8B89209A",
  "InteropGenerator.Runtime.dll": "8A56E5B47B1D134B97A0D0AADC6880BA",
  "JetBrains.Annotations.dll": "E4DF9BA46DD3E2D00F8FBDD4FF8064EF",
  "licenses.txt": "A159BE62AA91178EFC3E3983AE874D1D",
  "Lumina.dll": "A683BB953CA2F4B5429059E2CEE48A1E",
  "Lumina.Excel.dll": "0F36B05303EA36CA86138AD3ADD06E62",
  "Microsoft.Bcl.HashCode.dll": "613AB56061ADF2284E047025207467E0",
  "Microsoft.DotNet.PlatformAbstractions.dll": "00AB0F02B1114C57C758F5AD595224F1",
  "Microsoft.Extensions.DependencyModel.dll": "F39BC76C10CFEA478C936FC4521A9FC9",
  "Microsoft.Extensions.ObjectPool.dll": "FEE3CE8A84417360CC5ED787ED6F7DB1",
  "MinSharp.dll": "BD07F632C00862F86CA9DF91E44ED97D",
  "Mono.Cecil.dll": "A53DCF40710078BAC29FBED8E5C6B9F1",
  "Mono.Cecil.Mdb.dll": "CA9E9EB5C546C2AD26C56BAAA76D60E6",
  "Mono.Cecil.Pdb.dll": "FB48CB9240338C04F6E4978BDE4C225E",
  "Mono.Cecil.Rocks.dll": "E45AFA8950371D26247D20BF7525C301",
  "nethost.dll": "21F39F71E2F4B5BA9FB3F126872F2F9B",
  "Newtonsoft.Json.dll": "ADF3E3EECDE20B7C9661E9C47106A14A",
  "PeNet.Asn1.dll": "D8AF5192D4C8D479CDCE7820B6B820D5",
  "PeNet.dll": "E6A2D51F45D72592DFD7D63779735E99",
  "PInvoke.AdvApi32.dll": "34EE461D05B403C3A15D0DEC32A3788C",
  "PInvoke.BCrypt.dll": "FD07758EE1440491F22923084109FF26",
  "PInvoke.Cabinet.dll": "333D950E3804735DA60CC41D614C63E2",
  "PInvoke.CfgMgr32.dll": "768BE7CC18EDCF78B296A72ABE891691",
  "PInvoke.Crypt32.dll": "E7B00B0851738F4A7F2C6D37DAA973B4",
  "PInvoke.DbgHelp.dll": "E701136169620D20E3A70B560DE20E44",
  "PInvoke.DwmApi.dll": "ACF223CC8962404056648815B486F7D9",
  "PInvoke.Gdi32.dll": "69FF434826F98582CE44D3136ECFFACB",
  "PInvoke.Hid.dll": "2E7A41257F8AD9B26073181F450CD8E5",
  "PInvoke.ImageHlp.dll": "79BE816E8D86EA66489D7780DD675D49",
  "PInvoke.IPHlpApi.dll": "E949FA3326D1BA8872B179AB4EE49D38",
  "PInvoke.Kernel32.dll": "234E15B122ED430DE99490CA1A204958",
  "PInvoke.Magnification.dll": "C9EA3D34F506741ECC044DB19C151F09",
  "PInvoke.Msi.dll": "69EE50CE2DA6B55755E52589F49A7EBC",
  "PInvoke.NCrypt.dll": "DA1DE76C14D99370CA3BEF19DC299B15",
  "PInvoke.NetApi32.dll": "AE79F9FA2E3864A5E0642AE4622ECDC5",
  "PInvoke.NewDev.dll": "B3E1992105D986EF9C5C8E4B630FBB07",
  "PInvoke.NTDll.dll": "3F6BDF840EB27DD0FD9EB8071822183A",
  "PInvoke.Ole32.dll": "3C49FB100B60519FFE725BCD12A538F6",
  "PInvoke.Psapi.dll": "A7683EE4B880227F01C8AE632A892B9E",
  "PInvoke.SetupApi.dll": "1B7AE321185D0081D1759A9AD829F9BA",
  "PInvoke.SHCore.dll": "F27E7F063D51480F6D2294C903E4A606",
  "PInvoke.Shell32.dll": "F71A1BCAF6478190691170DAEA77722F",
  "PInvoke.User32.dll": "8BEDE38311ED4F27127290B81B8079FD",
  "PInvoke.Userenv.dll": "FEB7BCA90B8C905EC2F4BB0789847131",
  "PInvoke.UxTheme.dll": "8E683C016250CB719FDB9AAAFC22B3C5",
  "PInvoke.Windows.Core.dll": "90015440A44935208FFEA9BF61740651",
  "PInvoke.Windows.ShellScalingApi.dll": "F351B34B8C9183A51CADFDC279357C49",
  "PInvoke.WinUsb.dll": "9EB8A0280F2848D1A32B560A939F7336",
  "PInvoke.WtsApi32.dll": "341C94455D2E5893DBE4293D4D67AA4D",
  "Reloaded.Assembler.dll": "7415E597EAA467B6F92AA960CA2FF234",
  "Reloaded.Hooks.Definitions.dll": "D0CFD1FEECFAD34DD5970BB9E0450523",
  "Reloaded.Hooks.dll": "C24416803D95F6E728B12E8D6D40DE74",
  "Reloaded.Memory.Buffers.dll": "68CE16DDD80040DD4AA25C318B49B8D7",
  "Reloaded.Memory.dll": "846A5B52B3136F4C44C807DE29B85B6B",
  "revision.txt": "662A2E96162905620397B19C9D249781",
  "SDL2-CS.config": "65557595FD5DF55D93B2BF881DE62C3A",
  "SDL2-CS.dll": "9620DB6219191738A0D698E5C84D60D3",
  "Serilog.dll": "58586246AD1747AE76D0B4223D0C8746",
  "Serilog.Sinks.Async.dll": "DC3D7897A7CF37F7AC24BCB8936178B7",
  "Serilog.Sinks.Console.dll": "687C74710C4B42903D54D98A1BBF7312",
  "Serilog.Sinks.File.dll": "9A3FB1F3AD8CCBDFEE55D7473CA47586",
  "SharpDX.Direct3D11.dll": "50E37AF73782CF50DA1EAD6339D2106C",
  "SharpDX.dll": "987AA4253D56E076B22AC32EB65F4046",
  "SharpDX.DXGI.dll": "8391DF86168645BBFD7FCDCC8C103775",
  "SharpDX.Mathematics.dll": "B37131CC5B08C4CBAF9B77B1B25CE393",
  "Silk.NET.Core.dll": "96665A0DDCB64F8E572EA2F217582542",
  "Silk.NET.GLFW.dll": "E0AF3679A178FC47BBA5CEC4C0907DB2",
  "Silk.NET.Maths.dll": "DA19B63092AE4AB970335404339A8D8B",
  "Silk.NET.OpenGL.dll": "2DB5E02DD2E212965B3B643EDD7EFB18",
  "Silk.NET.SDL.dll": "54E6B8322D53B1DBB4CE16E8CE084318",
  "Silk.NET.Windowing.Common.dll": "2FBC1385822A619E994B5B4A6885733B",
  "Silk.NET.Windowing.Glfw.dll": "1E5C1627FE288BC6646D591A872D3E57",
  "Silk.NET.Windowing.Sdl.dll": "3F8CCDECD72E4451EC078B908520EA27",
  "SQLite-net.dll": "EA53EE87F5DC08667AB0B33553B556B4",
  "SQLitePCLRaw.batteries_v2.dll": "076D2A4275CCB44C6987417DF73A2CFE",
  "SQLitePCLRaw.core.dll": "7FD9D936501A5C1763E507A4A70A86B8",
  "SQLitePCLRaw.nativelibrary.dll": "4C9636ED4D8165CD3E889E7C1CC0016A",
  "SQLitePCLRaw.provider.dynamic_cdecl.dll": "074BA77192001CDCF44D3D7146EDBB5C",
  "StbiSharp.dll": "B4CE9811880887A3FF04CCDE2B68A08F",
  "System.Reactive.dll": "EF5A00287AD15393D41B12AA4B726FF7",
  "System.Reflection.MetadataLoadContext.dll": "E88E3AF6D37736F339022C9ACC5F2F7B",
  "System.Security.Cryptography.Pkcs.dll": "8950E01996A37E808BE3F39063C37BF9",
  "TEMP_gitver.txt": "F2FDE0EB25A343AF4F7641F3B18C71E3",
  "TerraFX.Interop.Windows.dll": "84F7EF6B0DE91F8CC23F773D3FD6DEC0",
  "Validation.dll": "BCDE33E030E2816F0AA98B925C85BCFB"
}
