{
  "runtimes\\alpine-x64\\native\\libe_sqlite3.so": "39C244FEDBCD3DFC37041D4FCE1AE21D",
  "runtimes\\linux-arm\\native\\libe_sqlite3.so": "96CF54BC0EFB83D6E3F5F3E04997A59D",
  "runtimes\\linux-arm64\\native\\libe_sqlite3.so": "F079E55E7F3F9966A4A2052A3234E068",
  "runtimes\\linux-armel\\native\\libe_sqlite3.so": "C5A67D49434FC65D64E9C15778078C76",
  "runtimes\\linux-mips64\\native\\libe_sqlite3.so": "5F8461214089CFC677D46C19B7162161",
  "runtimes\\linux-musl-x64\\native\\libe_sqlite3.so": "39C244FEDBCD3DFC37041D4FCE1AE21D",
  "runtimes\\linux-x64\\native\\libe_sqlite3.so": "6F49C540D3AB9964D67A4A704C3D262D",
  "runtimes\\linux-x64\\native\\libglfw.so.3": "9E3137144F68B9E9793F4C7AD5B1BEA7",
  "runtimes\\linux-x64\\native\\libSDL2-2.0.so": "99B95A708381FC66AB2370E45A260527",
  "runtimes\\linux-x64\\native\\libstbi.so": "0945355ED59677D06E3E88F48101BB26",
  "runtimes\\linux-x86\\native\\libe_sqlite3.so": "5E0659B414CBD6DDC38C65582485853E",
  "runtimes\\osx-x64\\native\\libe_sqlite3.dylib": "F82AE134FCD1C080A69D775591406673",
  "runtimes\\osx-x64\\native\\libglfw.3.dylib": "1E30FAB2F0C40E82290AD4B0BF14A880",
  "runtimes\\osx-x64\\native\\libSDL2-2.0.dylib": "AAC958490586C67395F0A90903AE3747",
  "runtimes\\osx-x64\\native\\libstbi.dylib": "0B84B0A6A80178266018081C3CAB68E6",
  "runtimes\\win-arm\\native\\e_sqlite3.dll": "E1D09A79FC4AE7E65D3FC83D21150A9E",
  "runtimes\\win-arm64\\native\\e_sqlite3.dll": "2EA1BB62326B7C9C1B4241D568DE6843",
  "runtimes\\win-x64\\native\\cimgui.dll": "075E45F2BD17CC2C0E78713047231E8E",
  "runtimes\\win-x64\\native\\cimguizmo.dll": "2A9B72C6208B730C7975EA9943C37631",
  "runtimes\\win-x64\\native\\cimplot.dll": "A1BC7D488DD2259555341EE50D122354",
  "runtimes\\win-x64\\native\\e_sqlite3.dll": "4FD331E607E7D1DA43C228EE2A694ABC",
  "runtimes\\win-x64\\native\\glfw3.dll": "11B66F1A98BE9801175D67DB1EB59D91",
  "runtimes\\win-x64\\native\\minhook.x64d.dll": "B459B15EDF587B16955E2DCB27CE4E0A",
  "runtimes\\win-x64\\native\\SDL2.dll": "6D72CAABA6D96E45E78DC739D697AD31",
  "runtimes\\win-x64\\native\\stbi.dll": "F0462DD91B23991CF61ABBE84C8537D6",
  "runtimes\\win-x64\\native\\stbi.lib": "927C214DE576219E1F80DBE7798A0502",
  "runtimes\\win-x86\\native\\e_sqlite3.dll": "1199001A3FB229D1469537F9134698E2",
  "runtimes\\win-x86\\native\\glfw3.dll": "96575FBB4D132E3F8BAE3D635CD93D92",
  "runtimes\\win-x86\\native\\SDL2.dll": "61DEC949DDB0697768C2F43F725DD6AC",
  "targets\\Dalamud.Plugin.Bootstrap.targets": "C85635161398CD9852CF7212DB7EB904",
  "targets\\Dalamud.Plugin.targets": "69D15EDFB3D4F0BEE3A099216E4DE057",
  "BitFaster.Caching.dll": "DF9C14503973E34432D8EFAD19F772E8",
  "CheapLoc.dll": "4B0A1EEB708C4C897BF6114C3E1C6B43",
  "commit_hash.txt": "EB58D0294EB1AC5EBC8B821C4EBA59E4",
  "Costura.dll": "75773B0A45288CBF8BE90D8116A3299D",
  "Dalamud.Boot.dll": "779809E37275628EEE52B1C408EEA747",
  "Dalamud.Common.dll": "2D533DEC3088FC4A55407FC8D04B1410",
  "Dalamud.deps.json": "8A41492CBF7642548B70F9BF515074F7",
  "Dalamud.dll": "9C853060A8E25C1B7B06C795C7AF777C",
  "Dalamud.Injector.deps.json": "E30B9BD40106FFC14A5274A670979EDF",
  "Dalamud.Injector.dll": "9E6DFFF0A0C7D3415F9DDE4A0B31ACC0",
  "Dalamud.Injector.exe": "D0B5A44E24D1E16579C207F5417AA501",
  "Dalamud.Injector.runtimeconfig.json": "B9BB65FFE7924D4D8BABE9FA66303200",
  "Dalamud.Injector.xml": "D41E5DF541D19A015215E777D7395C9C",
  "Dalamud.runtimeconfig.json": "2A9CD915428BDD175E0889BD0C225F75",
  "Dalamud.xml": "D05296598520CE804FD5C55E415AA89C",
  "DalamudCrashHandler.exe": "D9D1D5A9C674F736789C3CB9640C709F",
  "FASM-LICENSE.TXT": "ECEA1D10811221D5F0A3E96F9C38E2C7",
  "FASM.DLL": "0805DBAD461B5F7AAE60036F9C27B5C7",
  "FASMX64.DLL": "FFF13304D93BD44F2411BB7D9C891B6D",
  "FFXIVClientStructs.dll": "41D56F6E39A4CC439F2A324865D989A9",
  "FFXIVClientStructs.xml": "F2427F94D5DA9AD4A3B4BAFBAE9DB905",
  "goaaats.Reloaded.Assembler.targets": "CC22CB0A353E2136EE9E6E96DB9F7164",
  "Iced.dll": "8E074D44F9A0296A3CBFF11833F431C3",
  "ImGui.NET.dll": "E4860D8F8AA665F405A9170680CD1B9F",
  "ImGuiScene.dll": "A1C6086322C56F499322A791D69F9331",
  "InteropGenerator.Runtime.dll": "FED3D0AFA8D4871F4DB9DFC6B85EEE51",
  "JetBrains.Annotations.dll": "B39721A507070A805B289249BCE5AFC2",
  "licenses.txt": "A159BE62AA91178EFC3E3983AE874D1D",
  "Lumina.dll": "F15F6E42091045D7F5B5C401392F284C",
  "Lumina.Excel.dll": "B2DEF01C514FF7921B0F542CC2CBB37E",
  "Microsoft.Bcl.HashCode.dll": "613AB56061ADF2284E047025207467E0",
  "Microsoft.DotNet.PlatformAbstractions.dll": "00AB0F02B1114C57C758F5AD595224F1",
  "Microsoft.Extensions.DependencyModel.dll": "F39BC76C10CFEA478C936FC4521A9FC9",
  "Microsoft.Extensions.ObjectPool.dll": "FEE3CE8A84417360CC5ED787ED6F7DB1",
  "MinSharp.dll": "F9FA3740F27C9E48A63DC6D44E6B7124",
  "Mono.Cecil.dll": "0BCC26904BB251FA5254099CD8A44766",
  "Mono.Cecil.Mdb.dll": "D99E8C3E4D4A96BF769B0C6BFE900934",
  "Mono.Cecil.Pdb.dll": "7B2BEF0987D4827608F079CB1266188B",
  "Mono.Cecil.Rocks.dll": "A7CFB6315290C3E33B741D70F2117B1F",
  "nethost.dll": "21F39F71E2F4B5BA9FB3F126872F2F9B",
  "Newtonsoft.Json.dll": "ADF3E3EECDE20B7C9661E9C47106A14A",
  "PeNet.Asn1.dll": "308531F722C42188C6296A95A967054A",
  "PeNet.dll": "EF34DB5CC2187A6201A7EC4432879B92",
  "PInvoke.AdvApi32.dll": "34EE461D05B403C3A15D0DEC32A3788C",
  "PInvoke.BCrypt.dll": "FD07758EE1440491F22923084109FF26",
  "PInvoke.Cabinet.dll": "333D950E3804735DA60CC41D614C63E2",
  "PInvoke.CfgMgr32.dll": "768BE7CC18EDCF78B296A72ABE891691",
  "PInvoke.Crypt32.dll": "E7B00B0851738F4A7F2C6D37DAA973B4",
  "PInvoke.DbgHelp.dll": "E701136169620D20E3A70B560DE20E44",
  "PInvoke.DwmApi.dll": "ACF223CC8962404056648815B486F7D9",
  "PInvoke.Gdi32.dll": "69FF434826F98582CE44D3136ECFFACB",
  "PInvoke.Hid.dll": "2E7A41257F8AD9B26073181F450CD8E5",
  "PInvoke.ImageHlp.dll": "79BE816E8D86EA66489D7780DD675D49",
  "PInvoke.IPHlpApi.dll": "E949FA3326D1BA8872B179AB4EE49D38",
  "PInvoke.Kernel32.dll": "234E15B122ED430DE99490CA1A204958",
  "PInvoke.Magnification.dll": "C9EA3D34F506741ECC044DB19C151F09",
  "PInvoke.Msi.dll": "69EE50CE2DA6B55755E52589F49A7EBC",
  "PInvoke.NCrypt.dll": "DA1DE76C14D99370CA3BEF19DC299B15",
  "PInvoke.NetApi32.dll": "AE79F9FA2E3864A5E0642AE4622ECDC5",
  "PInvoke.NewDev.dll": "B3E1992105D986EF9C5C8E4B630FBB07",
  "PInvoke.NTDll.dll": "3F6BDF840EB27DD0FD9EB8071822183A",
  "PInvoke.Ole32.dll": "3C49FB100B60519FFE725BCD12A538F6",
  "PInvoke.Psapi.dll": "A7683EE4B880227F01C8AE632A892B9E",
  "PInvoke.SetupApi.dll": "1B7AE321185D0081D1759A9AD829F9BA",
  "PInvoke.SHCore.dll": "F27E7F063D51480F6D2294C903E4A606",
  "PInvoke.Shell32.dll": "F71A1BCAF6478190691170DAEA77722F",
  "PInvoke.User32.dll": "8BEDE38311ED4F27127290B81B8079FD",
  "PInvoke.Userenv.dll": "FEB7BCA90B8C905EC2F4BB0789847131",
  "PInvoke.UxTheme.dll": "8E683C016250CB719FDB9AAAFC22B3C5",
  "PInvoke.Windows.Core.dll": "90015440A44935208FFEA9BF61740651",
  "PInvoke.Windows.ShellScalingApi.dll": "F351B34B8C9183A51CADFDC279357C49",
  "PInvoke.WinUsb.dll": "9EB8A0280F2848D1A32B560A939F7336",
  "PInvoke.WtsApi32.dll": "341C94455D2E5893DBE4293D4D67AA4D",
  "Reloaded.Assembler.dll": "B43C16F0F54ABB590B58A7F09B57F5F1",
  "Reloaded.Hooks.Definitions.dll": "8E0D62AB4FED04F51CEDC9CA394D5F6B",
  "Reloaded.Hooks.dll": "2A8BCFA816E21CF2E9B6539A1FE28418",
  "Reloaded.Memory.Buffers.dll": "25ACAAECCDF183FE5A5516790E7310DB",
  "Reloaded.Memory.dll": "5BEBDFF53A661F55D4889141348E1715",
  "revision.txt": "4DB73860ECB5533B5A6C710341D5BBEC",
  "SDL2-CS.config": "65557595FD5DF55D93B2BF881DE62C3A",
  "SDL2-CS.dll": "D739C00F5AF6D6D7EC8CBB191DC6479B",
  "Serilog.dll": "CD2F02B4000F2A9624408FE60B7AA873",
  "Serilog.Sinks.Async.dll": "0A06A6D7F25880EAB3F8A0542749EBFF",
  "Serilog.Sinks.Console.dll": "5CDC3994E012065494E9DE02B52603EC",
  "Serilog.Sinks.File.dll": "327348722215F224BC6CDB2447A58365",
  "SharpDX.Direct3D11.dll": "A2F13C249E1020DF4C2EB1F417481F19",
  "SharpDX.dll": "795F229D11A4338CF7B9A94DB9BF1C04",
  "SharpDX.DXGI.dll": "F79042A83AD585BB8B49F073CE6BB661",
  "SharpDX.Mathematics.dll": "93BAC98A91233FF5384349E378D521FB",
  "Silk.NET.Core.dll": "3CA003238D6BB0AB1ABEDDD66030A7A7",
  "Silk.NET.GLFW.dll": "68347FDE81163F9644ABA654548CE71C",
  "Silk.NET.Maths.dll": "A14D29106F4CFC75D83D25BE8AC7D635",
  "Silk.NET.OpenGL.dll": "9299277F0ED2CE343B76A836F1CD8ED6",
  "Silk.NET.SDL.dll": "7E34A3EBA84C07A40BE2B073A923147A",
  "Silk.NET.Windowing.Common.dll": "AA7042231E9FF2D878D0B9D372B93BB0",
  "Silk.NET.Windowing.Glfw.dll": "580539920DA97DB608163D5730205CDE",
  "Silk.NET.Windowing.Sdl.dll": "0E445907179EEECA6CB4BFA884821A84",
  "SQLite-net.dll": "AB398F816F181BC2EAD76019FD240467",
  "SQLitePCLRaw.batteries_v2.dll": "FCF942A49D4F705A996E893415E7CADF",
  "SQLitePCLRaw.core.dll": "2DF57E8294FC49AF000C43B6801E7A1B",
  "SQLitePCLRaw.nativelibrary.dll": "464E4B6FCBEBA555E52886EDF8B5A22C",
  "SQLitePCLRaw.provider.dynamic_cdecl.dll": "18867F741CDC55BE73BD099325363C63",
  "StbiSharp.dll": "E9D84E250780A52FD1D2D3FAE6CA516B",
  "System.Reactive.dll": "EF5A00287AD15393D41B12AA4B726FF7",
  "System.Reflection.MetadataLoadContext.dll": "E88E3AF6D37736F339022C9ACC5F2F7B",
  "System.Security.Cryptography.Pkcs.dll": "8950E01996A37E808BE3F39063C37BF9",
  "TEMP_gitver.txt": "3FEE6CD65C0C85E4CD48CA8FAA57B165",
  "TerraFX.Interop.Windows.dll": "84F7EF6B0DE91F8CC23F773D3FD6DEC0",
  "Validation.dll": "112F016D6B04859ECFF7EC289C087CB3"
}
