{
  "runtimes\\alpine-x64\\native\\libe_sqlite3.so": "39C244FEDBCD3DFC37041D4FCE1AE21D",
  "runtimes\\linux-arm\\native\\libe_sqlite3.so": "96CF54BC0EFB83D6E3F5F3E04997A59D",
  "runtimes\\linux-arm64\\native\\libe_sqlite3.so": "F079E55E7F3F9966A4A2052A3234E068",
  "runtimes\\linux-armel\\native\\libe_sqlite3.so": "C5A67D49434FC65D64E9C15778078C76",
  "runtimes\\linux-mips64\\native\\libe_sqlite3.so": "5F8461214089CFC677D46C19B7162161",
  "runtimes\\linux-musl-x64\\native\\libe_sqlite3.so": "39C244FEDBCD3DFC37041D4FCE1AE21D",
  "runtimes\\linux-x64\\native\\libe_sqlite3.so": "6F49C540D3AB9964D67A4A704C3D262D",
  "runtimes\\linux-x64\\native\\libglfw.so.3": "9E3137144F68B9E9793F4C7AD5B1BEA7",
  "runtimes\\linux-x64\\native\\libSDL2-2.0.so": "99B95A708381FC66AB2370E45A260527",
  "runtimes\\linux-x64\\native\\libstbi.so": "0945355ED59677D06E3E88F48101BB26",
  "runtimes\\linux-x86\\native\\libe_sqlite3.so": "5E0659B414CBD6DDC38C65582485853E",
  "runtimes\\osx-x64\\native\\libe_sqlite3.dylib": "F82AE134FCD1C080A69D775591406673",
  "runtimes\\osx-x64\\native\\libglfw.3.dylib": "1E30FAB2F0C40E82290AD4B0BF14A880",
  "runtimes\\osx-x64\\native\\libSDL2-2.0.dylib": "AAC958490586C67395F0A90903AE3747",
  "runtimes\\osx-x64\\native\\libstbi.dylib": "0B84B0A6A80178266018081C3CAB68E6",
  "runtimes\\win-arm\\native\\e_sqlite3.dll": "8140F113EB6DC7F696532ACDA27F5165",
  "runtimes\\win-arm64\\native\\e_sqlite3.dll": "ADDCF88AE56BCE6DBB5322AA1FA214F8",
  "runtimes\\win-x64\\native\\cimgui.dll": "C9C9CB32D07D76FBF419F6596545D175",
  "runtimes\\win-x64\\native\\cimguizmo.dll": "37C6286D6581CDCC24846841E67F4445",
  "runtimes\\win-x64\\native\\cimplot.dll": "0987F6475F3E2E288024A6F17983C72D",
  "runtimes\\win-x64\\native\\e_sqlite3.dll": "E17D2ACA8C83C2F5EDDDB8A5299338CB",
  "runtimes\\win-x64\\native\\glfw3.dll": "E731E5189C07A40265DDB00907E80ADF",
  "runtimes\\win-x64\\native\\minhook.x64d.dll": "D22DF757B55687599E7C44FE1F32EB46",
  "runtimes\\win-x64\\native\\SDL2.dll": "D8BF1A7F06340A1DA61CD9E576DE0B54",
  "runtimes\\win-x64\\native\\stbi.dll": "95F09B3A57589C922F8B1D2E8C9B03AA",
  "runtimes\\win-x64\\native\\stbi.lib": "927C214DE576219E1F80DBE7798A0502",
  "runtimes\\win-x86\\native\\e_sqlite3.dll": "565F70630E80EDB3F4E102726116AB18",
  "runtimes\\win-x86\\native\\glfw3.dll": "403B1F8EF0C689F55D2159C33139677F",
  "runtimes\\win-x86\\native\\SDL2.dll": "EE00D80C704333A1B099D5F9F2DD403D",
  "targets\\Dalamud.Plugin.Bootstrap.targets": "C85635161398CD9852CF7212DB7EB904",
  "targets\\Dalamud.Plugin.targets": "E582DE4B2093280C18BFC7764530631A",
  "BitFaster.Caching.dll": "11586F77E3CD8B89262002F3991AEDA7",
  "CheapLoc.dll": "71C1827F4A9DBAAB5C7AC550591B4D64",
  "commit_hash.txt": "77A750732C7278A66FC54304F618DB31",
  "Costura.dll": "D483F0AE2878A4A23B5733F14173E621",
  "Dalamud.Boot.dll": "59A8CFCB7E024C36FED23288704EF619",
  "Dalamud.Common.dll": "B0392A09BD0A334960CED541E2931E92",
  "Dalamud.deps.json": "E8EE0CAE268FEFDDB8801660EC19ECC7",
  "Dalamud.dll": "6B20B09F0B88F3168C76F0F7016AD5AB",
  "Dalamud.Injector.deps.json": "E30B9BD40106FFC14A5274A670979EDF",
  "Dalamud.Injector.dll": "4090127F8DFF40ADCF2E8129D777277E",
  "Dalamud.Injector.exe": "669DDCCE3BD4D198BEE3FF397C2B8E71",
  "Dalamud.Injector.runtimeconfig.json": "B9BB65FFE7924D4D8BABE9FA66303200",
  "Dalamud.Injector.xml": "D41E5DF541D19A015215E777D7395C9C",
  "Dalamud.runtimeconfig.json": "2A9CD915428BDD175E0889BD0C225F75",
  "Dalamud.xml": "D1FBB4D8156C453C2397F0CEE01DD8F4",
  "DalamudCrashHandler.exe": "09506C3510A0C52E804AEABB3C70DBE9",
  "FASM-LICENSE.TXT": "ECEA1D10811221D5F0A3E96F9C38E2C7",
  "FASM.DLL": "ED9001F2B463D46832E3401F6BD0132A",
  "FASMX64.DLL": "2A48261B39FFCFD93D19BA4FFB2B3136",
  "FFXIVClientStructs.dll": "650B014AF84E21385B794B48266DAB17",
  "FFXIVClientStructs.xml": "2C9E54D2EE1B0FB82F372FFC014A6C8F",
  "goaaats.Reloaded.Assembler.targets": "CC22CB0A353E2136EE9E6E96DB9F7164",
  "Iced.dll": "67E46B0155780530D8308E92BA04DF3D",
  "ImGui.NET.dll": "1A827F3433CF03C9B25568E55D1B54F8",
  "ImGuiScene.dll": "5CAC9FDEEF2EED4D557E55C4CDA18C58",
  "InteropGenerator.Runtime.dll": "59CCE3F12B22B9EE9AC762A7BAE6A9F3",
  "JetBrains.Annotations.dll": "F466E359BAF9174FEAD185CA7DDC503D",
  "licenses.txt": "A159BE62AA91178EFC3E3983AE874D1D",
  "Lumina.dll": "CD622447206F555A7744CE91651731EB",
  "Lumina.Excel.dll": "9047741A9658252CBD8EF45AEA9994DC",
  "Microsoft.Bcl.HashCode.dll": "613AB56061ADF2284E047025207467E0",
  "Microsoft.DotNet.PlatformAbstractions.dll": "00AB0F02B1114C57C758F5AD595224F1",
  "Microsoft.Extensions.DependencyModel.dll": "F39BC76C10CFEA478C936FC4521A9FC9",
  "Microsoft.Extensions.ObjectPool.dll": "FEE3CE8A84417360CC5ED787ED6F7DB1",
  "MinSharp.dll": "571DA5C872F8B6C8ABD70EC9B02E21A8",
  "Mono.Cecil.dll": "94D4198F28DF51CA6A4D829368EA5CC8",
  "Mono.Cecil.Mdb.dll": "328E58159554F74D7F320FA20B1CB2FD",
  "Mono.Cecil.Pdb.dll": "64FFFDDC350990D95173E0AB8BFE6D9A",
  "Mono.Cecil.Rocks.dll": "40282C53D7B74A3B971B734CC5C6A5E4",
  "nethost.dll": "21F39F71E2F4B5BA9FB3F126872F2F9B",
  "Newtonsoft.Json.dll": "ADF3E3EECDE20B7C9661E9C47106A14A",
  "PeNet.Asn1.dll": "F5EDA1DC389FDE7C804487815E0474BA",
  "PeNet.dll": "E70608809AD87A8817A3DBF79D039C38",
  "PInvoke.AdvApi32.dll": "34EE461D05B403C3A15D0DEC32A3788C",
  "PInvoke.BCrypt.dll": "FD07758EE1440491F22923084109FF26",
  "PInvoke.Cabinet.dll": "333D950E3804735DA60CC41D614C63E2",
  "PInvoke.CfgMgr32.dll": "768BE7CC18EDCF78B296A72ABE891691",
  "PInvoke.Crypt32.dll": "E7B00B0851738F4A7F2C6D37DAA973B4",
  "PInvoke.DbgHelp.dll": "E701136169620D20E3A70B560DE20E44",
  "PInvoke.DwmApi.dll": "ACF223CC8962404056648815B486F7D9",
  "PInvoke.Gdi32.dll": "69FF434826F98582CE44D3136ECFFACB",
  "PInvoke.Hid.dll": "2E7A41257F8AD9B26073181F450CD8E5",
  "PInvoke.ImageHlp.dll": "79BE816E8D86EA66489D7780DD675D49",
  "PInvoke.IPHlpApi.dll": "E949FA3326D1BA8872B179AB4EE49D38",
  "PInvoke.Kernel32.dll": "234E15B122ED430DE99490CA1A204958",
  "PInvoke.Magnification.dll": "C9EA3D34F506741ECC044DB19C151F09",
  "PInvoke.Msi.dll": "69EE50CE2DA6B55755E52589F49A7EBC",
  "PInvoke.NCrypt.dll": "DA1DE76C14D99370CA3BEF19DC299B15",
  "PInvoke.NetApi32.dll": "AE79F9FA2E3864A5E0642AE4622ECDC5",
  "PInvoke.NewDev.dll": "B3E1992105D986EF9C5C8E4B630FBB07",
  "PInvoke.NTDll.dll": "3F6BDF840EB27DD0FD9EB8071822183A",
  "PInvoke.Ole32.dll": "3C49FB100B60519FFE725BCD12A538F6",
  "PInvoke.Psapi.dll": "A7683EE4B880227F01C8AE632A892B9E",
  "PInvoke.SetupApi.dll": "1B7AE321185D0081D1759A9AD829F9BA",
  "PInvoke.SHCore.dll": "F27E7F063D51480F6D2294C903E4A606",
  "PInvoke.Shell32.dll": "F71A1BCAF6478190691170DAEA77722F",
  "PInvoke.User32.dll": "8BEDE38311ED4F27127290B81B8079FD",
  "PInvoke.Userenv.dll": "FEB7BCA90B8C905EC2F4BB0789847131",
  "PInvoke.UxTheme.dll": "8E683C016250CB719FDB9AAAFC22B3C5",
  "PInvoke.Windows.Core.dll": "90015440A44935208FFEA9BF61740651",
  "PInvoke.Windows.ShellScalingApi.dll": "F351B34B8C9183A51CADFDC279357C49",
  "PInvoke.WinUsb.dll": "9EB8A0280F2848D1A32B560A939F7336",
  "PInvoke.WtsApi32.dll": "341C94455D2E5893DBE4293D4D67AA4D",
  "Reloaded.Assembler.dll": "FA02AD8F6FDDF73292BF9790E81B4B11",
  "Reloaded.Hooks.Definitions.dll": "BFA6C80EB7217D4AF0ACC1CD97A77297",
  "Reloaded.Hooks.dll": "7B7A68282B0C0D130DE990AD93790097",
  "Reloaded.Memory.Buffers.dll": "CFF833A4D65A5C8CC308D87C0BE639B4",
  "Reloaded.Memory.dll": "FDAE849E84A6DF727B5DA9C09BD97E99",
  "revision.txt": "B105E5A192F80EF3EC4EE4756AF089A3",
  "SDL2-CS.config": "65557595FD5DF55D93B2BF881DE62C3A",
  "SDL2-CS.dll": "8C266EADCD52DFC31D923ECCD36352E6",
  "Serilog.dll": "27CD4DA05E422C26A496D9DF465F287B",
  "Serilog.Sinks.Async.dll": "1A4ECFC63E29A590BC99F75E84C50AD2",
  "Serilog.Sinks.Console.dll": "148CBCD93D0994EA93569189D7FE94F3",
  "Serilog.Sinks.File.dll": "787CF9F69F68063024433445DD423E4B",
  "SharpDX.Direct3D11.dll": "0B95B2D3D9A19C537B85B1144DCEF355",
  "SharpDX.dll": "7096917C4AC0DC465A92D34FF05A8402",
  "SharpDX.DXGI.dll": "365BA61C22A81054503431750E52F475",
  "SharpDX.Mathematics.dll": "FC1C036D8E59746C6A5A63FB21F42F33",
  "Silk.NET.Core.dll": "A7A42030DD93F4E952B74260F5880DA0",
  "Silk.NET.GLFW.dll": "02792A82AABC704D192310A6E16899A9",
  "Silk.NET.Maths.dll": "64291B8740DC1350CA249E04FA544B90",
  "Silk.NET.OpenGL.dll": "8B4C433E6344644A8E5DD29531E0BD80",
  "Silk.NET.SDL.dll": "C47E26189F870C049EF7528898EF730E",
  "Silk.NET.Windowing.Common.dll": "10883601B733195A04FA0C410DD83C11",
  "Silk.NET.Windowing.Glfw.dll": "1A7E87D4495854E49D93BF74B4C37BAC",
  "Silk.NET.Windowing.Sdl.dll": "D320416FC3A4FCF79E1E2A78B044756A",
  "SQLite-net.dll": "0936CBE2D2FEB1ED104A4A4D6FA964EA",
  "SQLitePCLRaw.batteries_v2.dll": "6391A3B44C2BF03CF7DF91AB0009D89C",
  "SQLitePCLRaw.core.dll": "B746937552BE5E6A295EFC999289DFF4",
  "SQLitePCLRaw.nativelibrary.dll": "72BDEA176FE065A8594BDF44B1B22C22",
  "SQLitePCLRaw.provider.dynamic_cdecl.dll": "FE4235CCC43A19A8DB9539BBBA045901",
  "StbiSharp.dll": "387B6725E77695FB2C392CB713D44572",
  "System.Reactive.dll": "EF5A00287AD15393D41B12AA4B726FF7",
  "System.Reflection.MetadataLoadContext.dll": "E88E3AF6D37736F339022C9ACC5F2F7B",
  "System.Security.Cryptography.Pkcs.dll": "8950E01996A37E808BE3F39063C37BF9",
  "TEMP_gitver.txt": "840EB05314447D1AE6EA7E6020A40728",
  "TerraFX.Interop.Windows.dll": "84F7EF6B0DE91F8CC23F773D3FD6DEC0",
  "Validation.dll": "C6E494F2DC09CFFA2F5CA1388FD07985"
}
