{
  "runtimes\\alpine-x64\\native\\libe_sqlite3.so": "39C244FEDBCD3DFC37041D4FCE1AE21D",
  "runtimes\\linux-arm\\native\\libe_sqlite3.so": "96CF54BC0EFB83D6E3F5F3E04997A59D",
  "runtimes\\linux-arm64\\native\\libe_sqlite3.so": "F079E55E7F3F9966A4A2052A3234E068",
  "runtimes\\linux-armel\\native\\libe_sqlite3.so": "C5A67D49434FC65D64E9C15778078C76",
  "runtimes\\linux-mips64\\native\\libe_sqlite3.so": "5F8461214089CFC677D46C19B7162161",
  "runtimes\\linux-musl-x64\\native\\libe_sqlite3.so": "39C244FEDBCD3DFC37041D4FCE1AE21D",
  "runtimes\\linux-x64\\native\\libe_sqlite3.so": "6F49C540D3AB9964D67A4A704C3D262D",
  "runtimes\\linux-x64\\native\\libglfw.so.3": "9E3137144F68B9E9793F4C7AD5B1BEA7",
  "runtimes\\linux-x64\\native\\libSDL2-2.0.so": "99B95A708381FC66AB2370E45A260527",
  "runtimes\\linux-x64\\native\\libstbi.so": "0945355ED59677D06E3E88F48101BB26",
  "runtimes\\linux-x86\\native\\libe_sqlite3.so": "5E0659B414CBD6DDC38C65582485853E",
  "runtimes\\osx-x64\\native\\libe_sqlite3.dylib": "F82AE134FCD1C080A69D775591406673",
  "runtimes\\osx-x64\\native\\libglfw.3.dylib": "1E30FAB2F0C40E82290AD4B0BF14A880",
  "runtimes\\osx-x64\\native\\libSDL2-2.0.dylib": "AAC958490586C67395F0A90903AE3747",
  "runtimes\\osx-x64\\native\\libstbi.dylib": "0B84B0A6A80178266018081C3CAB68E6",
  "runtimes\\win-arm\\native\\e_sqlite3.dll": "55A8A80BFD21AD0D275DE851928C95C1",
  "runtimes\\win-arm64\\native\\e_sqlite3.dll": "449106B31AADBF13466D01F004EDCB4A",
  "runtimes\\win-x64\\native\\cimgui.dll": "E2329DAF1B4F8E971E23B688A47324C9",
  "runtimes\\win-x64\\native\\cimguizmo.dll": "B41C57448BACEB310302782F63539F06",
  "runtimes\\win-x64\\native\\cimplot.dll": "9830F80D592E7A263721BB66CC7555DF",
  "runtimes\\win-x64\\native\\e_sqlite3.dll": "50DD332DF01786F4C01DD280311EA3DD",
  "runtimes\\win-x64\\native\\glfw3.dll": "77DE9C5452C80924E3BD86B152BF9B59",
  "runtimes\\win-x64\\native\\minhook.x64d.dll": "1DB500DA13F3C84EC3B83CC97B8C84AB",
  "runtimes\\win-x64\\native\\SDL2.dll": "4042FEA3E64095E761C81D393EAFE531",
  "runtimes\\win-x64\\native\\stbi.dll": "28CBF3D6BA1849E86F8E2404D3DDA8D9",
  "runtimes\\win-x64\\native\\stbi.lib": "927C214DE576219E1F80DBE7798A0502",
  "runtimes\\win-x86\\native\\e_sqlite3.dll": "213406A30A776EEEB43E7C8C14BE58C8",
  "runtimes\\win-x86\\native\\glfw3.dll": "23D79BA2BCD933F9B97447BFB738BA5C",
  "runtimes\\win-x86\\native\\SDL2.dll": "F1370CCD0F8EA22E72D96EE5992DF2C9",
  "targets\\Dalamud.Plugin.Bootstrap.targets": "C85635161398CD9852CF7212DB7EB904",
  "targets\\Dalamud.Plugin.targets": "69D15EDFB3D4F0BEE3A099216E4DE057",
  "BitFaster.Caching.dll": "8353E982378DB5507F468EA6BBA9BBD2",
  "CheapLoc.dll": "AC1EDBF25CB2C9E276D4C48303E9ADB9",
  "commit_hash.txt": "55842E2F65F82F8A48E49F2006BAABCC",
  "Costura.dll": "1029023131A88C9F483984F6E7C1A7C3",
  "Dalamud.Boot.dll": "1793A376F187B1A993D46C71661ED557",
  "Dalamud.Common.dll": "248155C407C67F47ECA01768B9BCB0E3",
  "Dalamud.deps.json": "3B13DD2AA132982940E527F31975BF19",
  "Dalamud.dll": "8A4740CEE49DCC3A66355346071C5547",
  "Dalamud.Injector.deps.json": "E30B9BD40106FFC14A5274A670979EDF",
  "Dalamud.Injector.dll": "42FD24C2D933D35A8F91053746084BBD",
  "Dalamud.Injector.exe": "8DF7DEA9239524FBE45430CABB1066FD",
  "Dalamud.Injector.runtimeconfig.json": "B9BB65FFE7924D4D8BABE9FA66303200",
  "Dalamud.Injector.xml": "D41E5DF541D19A015215E777D7395C9C",
  "Dalamud.runtimeconfig.json": "2A9CD915428BDD175E0889BD0C225F75",
  "Dalamud.xml": "7F53D417445D07F17AA8A5DE53837E70",
  "DalamudCrashHandler.exe": "C2E07AA80ABFA103697B593CF3927402",
  "FASM-LICENSE.TXT": "ECEA1D10811221D5F0A3E96F9C38E2C7",
  "FASM.DLL": "D541BA4D863C80D0DB47887DDF2F9B49",
  "FASMX64.DLL": "A691F0FEE4DF7645E90D7D626D8A1D33",
  "FFXIVClientStructs.dll": "E0300D2D1448994B7B4E3B97E0AEDA76",
  "FFXIVClientStructs.xml": "52F6B003CDB9E8A7410889F850DEE1F3",
  "goaaats.Reloaded.Assembler.targets": "CC22CB0A353E2136EE9E6E96DB9F7164",
  "Iced.dll": "AE0D0AEC928EDB426CE44B65DCEBC87D",
  "ImGui.NET.dll": "0A987C0DC41C51EB758E56C0B867BA06",
  "ImGuiScene.dll": "FE9EAE9686831D2710869D5FFE4AA07C",
  "InteropGenerator.Runtime.dll": "D1693F197ADA81182564DAF93141A482",
  "JetBrains.Annotations.dll": "799789DE488E55BD3021832A40C40048",
  "licenses.txt": "A159BE62AA91178EFC3E3983AE874D1D",
  "Lumina.dll": "A266424149AC479DD055C069DB6C03B3",
  "Lumina.Excel.dll": "7E8E286E0466B1EFC420ED057D07E6AC",
  "Microsoft.Bcl.HashCode.dll": "613AB56061ADF2284E047025207467E0",
  "Microsoft.DotNet.PlatformAbstractions.dll": "00AB0F02B1114C57C758F5AD595224F1",
  "Microsoft.Extensions.DependencyModel.dll": "F39BC76C10CFEA478C936FC4521A9FC9",
  "Microsoft.Extensions.ObjectPool.dll": "FEE3CE8A84417360CC5ED787ED6F7DB1",
  "MinSharp.dll": "0F8AEBAA778751102FCB870BD5A4C510",
  "Mono.Cecil.dll": "1C86FE8A2A8C7AA2454B63938CBDBC2E",
  "Mono.Cecil.Mdb.dll": "E1CC57DD8C54BCB4488725D668024349",
  "Mono.Cecil.Pdb.dll": "679032FEE8B9E8D10D2112BD84F2EE3F",
  "Mono.Cecil.Rocks.dll": "AED4DA8FE4BC510A017CD949BCA3FAA4",
  "nethost.dll": "21F39F71E2F4B5BA9FB3F126872F2F9B",
  "Newtonsoft.Json.dll": "ADF3E3EECDE20B7C9661E9C47106A14A",
  "PeNet.Asn1.dll": "1BEF580C0F65DB606FC2890512305B0F",
  "PeNet.dll": "CBA5612E874DAAC4B7FB657231336156",
  "PInvoke.AdvApi32.dll": "34EE461D05B403C3A15D0DEC32A3788C",
  "PInvoke.BCrypt.dll": "FD07758EE1440491F22923084109FF26",
  "PInvoke.Cabinet.dll": "333D950E3804735DA60CC41D614C63E2",
  "PInvoke.CfgMgr32.dll": "768BE7CC18EDCF78B296A72ABE891691",
  "PInvoke.Crypt32.dll": "E7B00B0851738F4A7F2C6D37DAA973B4",
  "PInvoke.DbgHelp.dll": "E701136169620D20E3A70B560DE20E44",
  "PInvoke.DwmApi.dll": "ACF223CC8962404056648815B486F7D9",
  "PInvoke.Gdi32.dll": "69FF434826F98582CE44D3136ECFFACB",
  "PInvoke.Hid.dll": "2E7A41257F8AD9B26073181F450CD8E5",
  "PInvoke.ImageHlp.dll": "79BE816E8D86EA66489D7780DD675D49",
  "PInvoke.IPHlpApi.dll": "E949FA3326D1BA8872B179AB4EE49D38",
  "PInvoke.Kernel32.dll": "234E15B122ED430DE99490CA1A204958",
  "PInvoke.Magnification.dll": "C9EA3D34F506741ECC044DB19C151F09",
  "PInvoke.Msi.dll": "69EE50CE2DA6B55755E52589F49A7EBC",
  "PInvoke.NCrypt.dll": "DA1DE76C14D99370CA3BEF19DC299B15",
  "PInvoke.NetApi32.dll": "AE79F9FA2E3864A5E0642AE4622ECDC5",
  "PInvoke.NewDev.dll": "B3E1992105D986EF9C5C8E4B630FBB07",
  "PInvoke.NTDll.dll": "3F6BDF840EB27DD0FD9EB8071822183A",
  "PInvoke.Ole32.dll": "3C49FB100B60519FFE725BCD12A538F6",
  "PInvoke.Psapi.dll": "A7683EE4B880227F01C8AE632A892B9E",
  "PInvoke.SetupApi.dll": "1B7AE321185D0081D1759A9AD829F9BA",
  "PInvoke.SHCore.dll": "F27E7F063D51480F6D2294C903E4A606",
  "PInvoke.Shell32.dll": "F71A1BCAF6478190691170DAEA77722F",
  "PInvoke.User32.dll": "8BEDE38311ED4F27127290B81B8079FD",
  "PInvoke.Userenv.dll": "FEB7BCA90B8C905EC2F4BB0789847131",
  "PInvoke.UxTheme.dll": "8E683C016250CB719FDB9AAAFC22B3C5",
  "PInvoke.Windows.Core.dll": "90015440A44935208FFEA9BF61740651",
  "PInvoke.Windows.ShellScalingApi.dll": "F351B34B8C9183A51CADFDC279357C49",
  "PInvoke.WinUsb.dll": "9EB8A0280F2848D1A32B560A939F7336",
  "PInvoke.WtsApi32.dll": "341C94455D2E5893DBE4293D4D67AA4D",
  "Reloaded.Assembler.dll": "4BEC59A1348B02D1C78C187CF6726071",
  "Reloaded.Hooks.Definitions.dll": "D22A46F876B031F637A32BF71AFB8402",
  "Reloaded.Hooks.dll": "7BB4247BA662330475260D7CD34C9325",
  "Reloaded.Memory.Buffers.dll": "E059FF3315F59E78EB1A1B7705FB798E",
  "Reloaded.Memory.dll": "20FE35EDDE0646B8E90FE73FD3381668",
  "revision.txt": "56DC0997D871E9177069BB472574EB29",
  "SDL2-CS.config": "65557595FD5DF55D93B2BF881DE62C3A",
  "SDL2-CS.dll": "BD1DABE835081F95A6514B0C285ACF04",
  "Serilog.dll": "6164B71CEFC6A4530CB50CE1110E09FE",
  "Serilog.Sinks.Async.dll": "607B718DE9C8BD31DCBEC4290210EA62",
  "Serilog.Sinks.Console.dll": "1032363DD660D4E2EC1D906F4DC107A8",
  "Serilog.Sinks.File.dll": "A1065F1AA96BECD46AF2B4221834652B",
  "SharpDX.Direct3D11.dll": "4136057DAD76651BEB71C485255EAAAF",
  "SharpDX.dll": "C6FD5ABD3146547DC207EF3DEF3D2043",
  "SharpDX.DXGI.dll": "E6D8A16B6E863C9BE136E2459CA6F02C",
  "SharpDX.Mathematics.dll": "469B44C0816A3C94CE4922542C3DCA7E",
  "Silk.NET.Core.dll": "8DEE18FABED020BBA651A6F4EDD4AC0C",
  "Silk.NET.GLFW.dll": "B64BCE12E246C0DA655678E6281A6FCA",
  "Silk.NET.Maths.dll": "4431460B249E5895FB971711DA01AA22",
  "Silk.NET.OpenGL.dll": "63ED000EB6300ADB1F46B4D5CBD11A38",
  "Silk.NET.SDL.dll": "3B2EDF588D07D1A891E7639DCC87CB71",
  "Silk.NET.Windowing.Common.dll": "0CC10DAB9BB8048DC17360397E33C0C0",
  "Silk.NET.Windowing.Glfw.dll": "9CB34634E922FCA04CCFFB592B99E33C",
  "Silk.NET.Windowing.Sdl.dll": "07E196D70F2C0714B8299D476585A53C",
  "SQLite-net.dll": "CC43D33AB9ABBE1D56B520C5E7593B05",
  "SQLitePCLRaw.batteries_v2.dll": "41E080FA5DCBE7462D0A113D65C97B9D",
  "SQLitePCLRaw.core.dll": "8C851B3364C31A719A24AF160E77FB10",
  "SQLitePCLRaw.nativelibrary.dll": "17F89F3C57CB495858D0900A9F085463",
  "SQLitePCLRaw.provider.dynamic_cdecl.dll": "E8F704B5D47BC3F7CECFF95E37AFF226",
  "StbiSharp.dll": "0BEEC1F98126F1E7EBDD0E380DEE4CDF",
  "System.Reactive.dll": "EF5A00287AD15393D41B12AA4B726FF7",
  "System.Reflection.MetadataLoadContext.dll": "E88E3AF6D37736F339022C9ACC5F2F7B",
  "System.Security.Cryptography.Pkcs.dll": "8950E01996A37E808BE3F39063C37BF9",
  "TEMP_gitver.txt": "ADB688C243C001FEA632B13A430740EB",
  "TerraFX.Interop.Windows.dll": "84F7EF6B0DE91F8CC23F773D3FD6DEC0",
  "Validation.dll": "4AEEEB2AA66D65184371CEBFEFCDBE60"
}
