{
  "runtimes\\alpine-x64\\native\\libe_sqlite3.so": "39C244FEDBCD3DFC37041D4FCE1AE21D",
  "runtimes\\linux-arm\\native\\libe_sqlite3.so": "96CF54BC0EFB83D6E3F5F3E04997A59D",
  "runtimes\\linux-arm64\\native\\libe_sqlite3.so": "F079E55E7F3F9966A4A2052A3234E068",
  "runtimes\\linux-armel\\native\\libe_sqlite3.so": "C5A67D49434FC65D64E9C15778078C76",
  "runtimes\\linux-mips64\\native\\libe_sqlite3.so": "5F8461214089CFC677D46C19B7162161",
  "runtimes\\linux-musl-x64\\native\\libe_sqlite3.so": "39C244FEDBCD3DFC37041D4FCE1AE21D",
  "runtimes\\linux-x64\\native\\libe_sqlite3.so": "6F49C540D3AB9964D67A4A704C3D262D",
  "runtimes\\linux-x64\\native\\libglfw.so.3": "9E3137144F68B9E9793F4C7AD5B1BEA7",
  "runtimes\\linux-x64\\native\\libSDL2-2.0.so": "99B95A708381FC66AB2370E45A260527",
  "runtimes\\linux-x64\\native\\libstbi.so": "0945355ED59677D06E3E88F48101BB26",
  "runtimes\\linux-x86\\native\\libe_sqlite3.so": "5E0659B414CBD6DDC38C65582485853E",
  "runtimes\\osx-x64\\native\\libe_sqlite3.dylib": "F82AE134FCD1C080A69D775591406673",
  "runtimes\\osx-x64\\native\\libglfw.3.dylib": "1E30FAB2F0C40E82290AD4B0BF14A880",
  "runtimes\\osx-x64\\native\\libSDL2-2.0.dylib": "AAC958490586C67395F0A90903AE3747",
  "runtimes\\osx-x64\\native\\libstbi.dylib": "0B84B0A6A80178266018081C3CAB68E6",
  "runtimes\\win-arm\\native\\e_sqlite3.dll": "8EBB813B3F0F82EFEA6754E9BC964789",
  "runtimes\\win-arm64\\native\\e_sqlite3.dll": "1BE4570E7A63A6EFBD41365D6A3BD605",
  "runtimes\\win-x64\\native\\cimgui.dll": "80CE166A01F7C95FEB3ED89E7FA68DC3",
  "runtimes\\win-x64\\native\\cimguizmo.dll": "6F69F1FCEE0703888BF1E9B51CDE6821",
  "runtimes\\win-x64\\native\\cimplot.dll": "157088598EA43F605034BB5188368EF0",
  "runtimes\\win-x64\\native\\e_sqlite3.dll": "0E8CD21F01CDB1249E726BF6A9939725",
  "runtimes\\win-x64\\native\\glfw3.dll": "D177A43CE7C44E35D084F97E6B039064",
  "runtimes\\win-x64\\native\\minhook.x64d.dll": "EAA185E9CF76BF37037E16ADCDFF120C",
  "runtimes\\win-x64\\native\\SDL2.dll": "70E799D4F5BF358815F0286741C7F079",
  "runtimes\\win-x64\\native\\stbi.dll": "ED3E1DA20EB1ABEF5BECE092422FE90B",
  "runtimes\\win-x64\\native\\stbi.lib": "927C214DE576219E1F80DBE7798A0502",
  "runtimes\\win-x86\\native\\e_sqlite3.dll": "9DD43F3D6B27CF7BEA0A48278C49B1FF",
  "runtimes\\win-x86\\native\\glfw3.dll": "BE728E6435054896D9DF2B3A4171A2A2",
  "runtimes\\win-x86\\native\\SDL2.dll": "1EA98312A90C349BBF3AA300BFC272CC",
  "targets\\Dalamud.Plugin.Bootstrap.targets": "C85635161398CD9852CF7212DB7EB904",
  "targets\\Dalamud.Plugin.targets": "E582DE4B2093280C18BFC7764530631A",
  "BitFaster.Caching.dll": "AFA9627FA63A4DDFE66428C79A1128CD",
  "CheapLoc.dll": "897D2C1AAFD68F9439ABC11D3F3C3704",
  "commit_hash.txt": "B63C4ADE459BE95920C8497C55533555",
  "Costura.dll": "68341BFEAEE0C518334509D60E8AB7A5",
  "Dalamud.Boot.dll": "27CDD744AA7DDB69A6D2ACBCFC1BCDE2",
  "Dalamud.Common.dll": "FA1C085C34D46630490B9BB5E388A735",
  "Dalamud.deps.json": "48071107F8EE9E642FD2EA0EA3315464",
  "Dalamud.dll": "0A87D0DBFBA56B6ABD217D80320E920F",
  "Dalamud.Injector.deps.json": "E30B9BD40106FFC14A5274A670979EDF",
  "Dalamud.Injector.dll": "0400AB5ECFDE336FEBEFE5CAAD6D534F",
  "Dalamud.Injector.exe": "EDDAFC413844E66333371DE65082B6AC",
  "Dalamud.Injector.runtimeconfig.json": "B9BB65FFE7924D4D8BABE9FA66303200",
  "Dalamud.Injector.xml": "D41E5DF541D19A015215E777D7395C9C",
  "Dalamud.runtimeconfig.json": "2A9CD915428BDD175E0889BD0C225F75",
  "Dalamud.xml": "0C1B6C71C1D7ECF2E580312CD8004236",
  "DalamudCrashHandler.exe": "CE37913E29F856EF3C20A55A4355EC07",
  "FASM-LICENSE.TXT": "ECEA1D10811221D5F0A3E96F9C38E2C7",
  "FASM.DLL": "B31875EAACC51D97CF83C4298585AC5C",
  "FASMX64.DLL": "8132817EE945689C6F76BD67B5FBF1B8",
  "FFXIVClientStructs.dll": "FDAF2DA670D6CA67EF40DA0840F25D7A",
  "FFXIVClientStructs.xml": "8505E4752E43A530E0F8B261E9C56DFE",
  "goaaats.Reloaded.Assembler.targets": "CC22CB0A353E2136EE9E6E96DB9F7164",
  "Iced.dll": "F90356DA1ABE666E9D6614DA2B80BD5F",
  "ImGui.NET.dll": "C01882F093A28CE44A552F5A8E94DB2C",
  "ImGuiScene.dll": "89FDB39003A2D1C8B04E2C1070700F62",
  "InteropGenerator.Runtime.dll": "DF47741211C0A92F0F819444A267284D",
  "JetBrains.Annotations.dll": "04BF37D31DA370DF25B253475FD936BD",
  "licenses.txt": "A159BE62AA91178EFC3E3983AE874D1D",
  "Lumina.dll": "D74DED778D5AFD8D380FA9D6BF06FBC5",
  "Lumina.Excel.dll": "955B4C7DF32EAF97D55E2AC80C85A091",
  "Microsoft.Bcl.HashCode.dll": "613AB56061ADF2284E047025207467E0",
  "Microsoft.DotNet.PlatformAbstractions.dll": "00AB0F02B1114C57C758F5AD595224F1",
  "Microsoft.Extensions.DependencyModel.dll": "F39BC76C10CFEA478C936FC4521A9FC9",
  "Microsoft.Extensions.ObjectPool.dll": "FEE3CE8A84417360CC5ED787ED6F7DB1",
  "MinSharp.dll": "7E27EACC256471B3F5FCEBF33658A978",
  "Mono.Cecil.dll": "4F7505CF73A153D50E7DEEB857AFDDBC",
  "Mono.Cecil.Mdb.dll": "A778D550C45A8FAAF28B669820B22B8B",
  "Mono.Cecil.Pdb.dll": "E7064A493D9FF23B26ACBF5CD9AE74B1",
  "Mono.Cecil.Rocks.dll": "0FE6BB96DD222C3967C279BF704E71F9",
  "nethost.dll": "21F39F71E2F4B5BA9FB3F126872F2F9B",
  "Newtonsoft.Json.dll": "ADF3E3EECDE20B7C9661E9C47106A14A",
  "PeNet.Asn1.dll": "FAEF2583CEDF6D97555564ED589EFBE8",
  "PeNet.dll": "2B76DB40C29F3758AFDA669D2F5C2258",
  "PInvoke.AdvApi32.dll": "34EE461D05B403C3A15D0DEC32A3788C",
  "PInvoke.BCrypt.dll": "FD07758EE1440491F22923084109FF26",
  "PInvoke.Cabinet.dll": "333D950E3804735DA60CC41D614C63E2",
  "PInvoke.CfgMgr32.dll": "768BE7CC18EDCF78B296A72ABE891691",
  "PInvoke.Crypt32.dll": "E7B00B0851738F4A7F2C6D37DAA973B4",
  "PInvoke.DbgHelp.dll": "E701136169620D20E3A70B560DE20E44",
  "PInvoke.DwmApi.dll": "ACF223CC8962404056648815B486F7D9",
  "PInvoke.Gdi32.dll": "69FF434826F98582CE44D3136ECFFACB",
  "PInvoke.Hid.dll": "2E7A41257F8AD9B26073181F450CD8E5",
  "PInvoke.ImageHlp.dll": "79BE816E8D86EA66489D7780DD675D49",
  "PInvoke.IPHlpApi.dll": "E949FA3326D1BA8872B179AB4EE49D38",
  "PInvoke.Kernel32.dll": "234E15B122ED430DE99490CA1A204958",
  "PInvoke.Magnification.dll": "C9EA3D34F506741ECC044DB19C151F09",
  "PInvoke.Msi.dll": "69EE50CE2DA6B55755E52589F49A7EBC",
  "PInvoke.NCrypt.dll": "DA1DE76C14D99370CA3BEF19DC299B15",
  "PInvoke.NetApi32.dll": "AE79F9FA2E3864A5E0642AE4622ECDC5",
  "PInvoke.NewDev.dll": "B3E1992105D986EF9C5C8E4B630FBB07",
  "PInvoke.NTDll.dll": "3F6BDF840EB27DD0FD9EB8071822183A",
  "PInvoke.Ole32.dll": "3C49FB100B60519FFE725BCD12A538F6",
  "PInvoke.Psapi.dll": "A7683EE4B880227F01C8AE632A892B9E",
  "PInvoke.SetupApi.dll": "1B7AE321185D0081D1759A9AD829F9BA",
  "PInvoke.SHCore.dll": "F27E7F063D51480F6D2294C903E4A606",
  "PInvoke.Shell32.dll": "F71A1BCAF6478190691170DAEA77722F",
  "PInvoke.User32.dll": "8BEDE38311ED4F27127290B81B8079FD",
  "PInvoke.Userenv.dll": "FEB7BCA90B8C905EC2F4BB0789847131",
  "PInvoke.UxTheme.dll": "8E683C016250CB719FDB9AAAFC22B3C5",
  "PInvoke.Windows.Core.dll": "90015440A44935208FFEA9BF61740651",
  "PInvoke.Windows.ShellScalingApi.dll": "F351B34B8C9183A51CADFDC279357C49",
  "PInvoke.WinUsb.dll": "9EB8A0280F2848D1A32B560A939F7336",
  "PInvoke.WtsApi32.dll": "341C94455D2E5893DBE4293D4D67AA4D",
  "Reloaded.Assembler.dll": "D6EF160F48FF1DB1E4B2476CBD9E6301",
  "Reloaded.Hooks.Definitions.dll": "37AA8F60FC157F20035DA9993052CA17",
  "Reloaded.Hooks.dll": "D293E9E3960A21F9EC992FC7D8161D0C",
  "Reloaded.Memory.Buffers.dll": "A8DE9700713C1E4EB245B74D329F042E",
  "Reloaded.Memory.dll": "19FFEC89BD82796F8AF28C57D3794626",
  "revision.txt": "3A246AF2678DFAD0D536E0A62CF49179",
  "SDL2-CS.config": "65557595FD5DF55D93B2BF881DE62C3A",
  "SDL2-CS.dll": "27FC34282025AD34E64C57958B68B946",
  "Serilog.dll": "697743F821D4E81CD374A6BC1A05E523",
  "Serilog.Sinks.Async.dll": "DD45331907EA66ADA5F9384DD784F2E9",
  "Serilog.Sinks.Console.dll": "01C059F178D5C17EDB77E57D213DAD04",
  "Serilog.Sinks.File.dll": "5D19EC2F718078EAC2D02698F2523311",
  "SharpDX.Direct3D11.dll": "DD6D8F7E43F7B816936523346101F507",
  "SharpDX.dll": "AC712BA32955511B0CE1CAA0D3952E69",
  "SharpDX.DXGI.dll": "45DB315964541ECD046F3F09EA78C05A",
  "SharpDX.Mathematics.dll": "600C486F46BED61BC1D1060772D9DC12",
  "Silk.NET.Core.dll": "2290A4C12A668798F4EC8EBB2A23662F",
  "Silk.NET.GLFW.dll": "C2CF521447B50CB0888E607211BABD44",
  "Silk.NET.Maths.dll": "E651C9D6A33F04A6937A8F38288A4F10",
  "Silk.NET.OpenGL.dll": "802A9952AE80B15079938570B2EEC33B",
  "Silk.NET.SDL.dll": "08FBACF1403F8BD83EAF198FE131444B",
  "Silk.NET.Windowing.Common.dll": "402399EB18D61C8E9BEEC5019357D9C9",
  "Silk.NET.Windowing.Glfw.dll": "29B32809F44B539643914B7261EFC032",
  "Silk.NET.Windowing.Sdl.dll": "D31C01C41E39E592238AF9981F8D5334",
  "SQLite-net.dll": "57EE99D0F46FB83CBF81D3EC2CE66036",
  "SQLitePCLRaw.batteries_v2.dll": "EAD346C00DCD4008C4F26572510819B1",
  "SQLitePCLRaw.core.dll": "65036EBD761FCB8C52A76BDE001FAE45",
  "SQLitePCLRaw.nativelibrary.dll": "DEC3520B9601BF15A2103054623AF25B",
  "SQLitePCLRaw.provider.dynamic_cdecl.dll": "096B6A6E56ED29FE73033F3DB9601C6A",
  "StbiSharp.dll": "DB5D50AE6E9B094BE016FC1470222AA3",
  "System.Reactive.dll": "EF5A00287AD15393D41B12AA4B726FF7",
  "System.Reflection.MetadataLoadContext.dll": "E88E3AF6D37736F339022C9ACC5F2F7B",
  "System.Security.Cryptography.Pkcs.dll": "8950E01996A37E808BE3F39063C37BF9",
  "TEMP_gitver.txt": "37830A886424BA34AEEE4742498DD4DC",
  "TerraFX.Interop.Windows.dll": "84F7EF6B0DE91F8CC23F773D3FD6DEC0",
  "Validation.dll": "CA639921C4580129C0B30A69C1A9A62F"
}
