{
  "runtimes\\alpine-x64\\native\\libe_sqlite3.so": "39C244FEDBCD3DFC37041D4FCE1AE21D",
  "runtimes\\linux-arm\\native\\libe_sqlite3.so": "96CF54BC0EFB83D6E3F5F3E04997A59D",
  "runtimes\\linux-arm64\\native\\libe_sqlite3.so": "F079E55E7F3F9966A4A2052A3234E068",
  "runtimes\\linux-armel\\native\\libe_sqlite3.so": "C5A67D49434FC65D64E9C15778078C76",
  "runtimes\\linux-mips64\\native\\libe_sqlite3.so": "5F8461214089CFC677D46C19B7162161",
  "runtimes\\linux-musl-x64\\native\\libe_sqlite3.so": "39C244FEDBCD3DFC37041D4FCE1AE21D",
  "runtimes\\linux-x64\\native\\libe_sqlite3.so": "6F49C540D3AB9964D67A4A704C3D262D",
  "runtimes\\linux-x64\\native\\libglfw.so.3": "9E3137144F68B9E9793F4C7AD5B1BEA7",
  "runtimes\\linux-x64\\native\\libSDL2-2.0.so": "99B95A708381FC66AB2370E45A260527",
  "runtimes\\linux-x64\\native\\libstbi.so": "0945355ED59677D06E3E88F48101BB26",
  "runtimes\\linux-x86\\native\\libe_sqlite3.so": "5E0659B414CBD6DDC38C65582485853E",
  "runtimes\\osx-x64\\native\\libe_sqlite3.dylib": "F82AE134FCD1C080A69D775591406673",
  "runtimes\\osx-x64\\native\\libglfw.3.dylib": "1E30FAB2F0C40E82290AD4B0BF14A880",
  "runtimes\\osx-x64\\native\\libSDL2-2.0.dylib": "AAC958490586C67395F0A90903AE3747",
  "runtimes\\osx-x64\\native\\libstbi.dylib": "0B84B0A6A80178266018081C3CAB68E6",
  "runtimes\\win-arm\\native\\e_sqlite3.dll": "2FDFB975132ACC88839F325E544A9720",
  "runtimes\\win-arm64\\native\\e_sqlite3.dll": "5CCF2818C6585FF8B36AA6A6CBFD2765",
  "runtimes\\win-x64\\native\\cimgui.dll": "8C86BAB24938D7DC87B1CBA93E218665",
  "runtimes\\win-x64\\native\\cimguizmo.dll": "7B9DAAB362CE6D0836E0720CF5C3630A",
  "runtimes\\win-x64\\native\\cimplot.dll": "36DE79BE8D8D0C2E0D2C85A6D198C6CC",
  "runtimes\\win-x64\\native\\e_sqlite3.dll": "9FE1911B22B3D91DC5BC8BA5ADFF93C2",
  "runtimes\\win-x64\\native\\glfw3.dll": "2BF499D610A31D861DEB3A7AD64C9708",
  "runtimes\\win-x64\\native\\minhook.x64d.dll": "E9189F41D882DFCE5C66E47673474396",
  "runtimes\\win-x64\\native\\SDL2.dll": "514E514B02A2692B3B13B741E00053CA",
  "runtimes\\win-x64\\native\\stbi.dll": "07F59CD7007D92B17ECDC38ECEEEEB3A",
  "runtimes\\win-x64\\native\\stbi.lib": "927C214DE576219E1F80DBE7798A0502",
  "runtimes\\win-x86\\native\\e_sqlite3.dll": "8A74D4777DCE04CEBF08CBB7D4925381",
  "runtimes\\win-x86\\native\\glfw3.dll": "249C125F1FF11051B053B33F36082876",
  "runtimes\\win-x86\\native\\SDL2.dll": "C37A99E0D74761534A4A4DE6877F33A5",
  "targets\\Dalamud.Plugin.Bootstrap.targets": "C85635161398CD9852CF7212DB7EB904",
  "targets\\Dalamud.Plugin.targets": "69D15EDFB3D4F0BEE3A099216E4DE057",
  "BitFaster.Caching.dll": "CFF576FB4B8DD66DE36CEE41B66A0840",
  "CheapLoc.dll": "2B0C6ECCD546E07B6EDA9AA2495FD7CD",
  "commit_hash.txt": "CB46B1860A74EDE7F2EC1B4EBECCFF39",
  "Costura.dll": "396BF2286410C2B0BB50177EDFCF1018",
  "Dalamud.Boot.dll": "ECBFA668F321194DF9EE33D9D3E902AF",
  "Dalamud.Common.dll": "2DC6D1C215C9A30C8B6A1CDCE9EEB7D8",
  "Dalamud.deps.json": "94CB903B959D7DFEE32B7E7CCAE42618",
  "Dalamud.dll": "1831F53AA97BC25024D1C67DEE2F346D",
  "Dalamud.Injector.deps.json": "E30B9BD40106FFC14A5274A670979EDF",
  "Dalamud.Injector.dll": "34380BCA7C958E424F4CCFC07E6368CC",
  "Dalamud.Injector.exe": "74730200E6AF5EC511D1302BA8B4DED2",
  "Dalamud.Injector.runtimeconfig.json": "B9BB65FFE7924D4D8BABE9FA66303200",
  "Dalamud.Injector.xml": "D41E5DF541D19A015215E777D7395C9C",
  "Dalamud.runtimeconfig.json": "2A9CD915428BDD175E0889BD0C225F75",
  "Dalamud.xml": "D05296598520CE804FD5C55E415AA89C",
  "DalamudCrashHandler.exe": "61BC7F03A97809D782A1E70CEF8D3F84",
  "FASM-LICENSE.TXT": "ECEA1D10811221D5F0A3E96F9C38E2C7",
  "FASM.DLL": "970D7FACE26E072D07A489ADA4B6E710",
  "FASMX64.DLL": "078C957AA7AF6C76757EDD6F34A9AF83",
  "FFXIVClientStructs.dll": "9E72D2E79E0693BA35DE45CE1D72289C",
  "FFXIVClientStructs.xml": "4C0AAEC1C5FC2EAE8C05C6FF90BEDB4F",
  "goaaats.Reloaded.Assembler.targets": "CC22CB0A353E2136EE9E6E96DB9F7164",
  "Iced.dll": "820D052B2D4AE496A8DED5ABC85F1342",
  "ImGui.NET.dll": "359E3305C719833A497D5F56A7E346C5",
  "ImGuiScene.dll": "98505161768FC9A8305A9A5D05140DE9",
  "InteropGenerator.Runtime.dll": "DFB229F404EAF7644C1D79D796F8F3CA",
  "JetBrains.Annotations.dll": "E7FF83BF732581E1A8B467EC89D26CE8",
  "licenses.txt": "A159BE62AA91178EFC3E3983AE874D1D",
  "Lumina.dll": "9C35F8CAD67E244EB38C3EFEABB0C66B",
  "Lumina.Excel.dll": "31226498633B31C4EE8BCD82E6AC67D5",
  "Microsoft.Bcl.HashCode.dll": "613AB56061ADF2284E047025207467E0",
  "Microsoft.DotNet.PlatformAbstractions.dll": "00AB0F02B1114C57C758F5AD595224F1",
  "Microsoft.Extensions.DependencyModel.dll": "F39BC76C10CFEA478C936FC4521A9FC9",
  "Microsoft.Extensions.ObjectPool.dll": "FEE3CE8A84417360CC5ED787ED6F7DB1",
  "MinSharp.dll": "32A8B34BFAB5B8DE874CFDF839B2279D",
  "Mono.Cecil.dll": "8A83B77FDC1BE915C50BEE5C25944194",
  "Mono.Cecil.Mdb.dll": "CB6051AAE911BE85F3EABA65CB2425A7",
  "Mono.Cecil.Pdb.dll": "4F3447586BA00DA05BA2FF7E5C299E8C",
  "Mono.Cecil.Rocks.dll": "C43F18CB0ACEDE1BAF5D73E93F6E28FB",
  "nethost.dll": "21F39F71E2F4B5BA9FB3F126872F2F9B",
  "Newtonsoft.Json.dll": "ADF3E3EECDE20B7C9661E9C47106A14A",
  "PeNet.Asn1.dll": "0AD6F4642058998FDBB4F00ACD7B2C79",
  "PeNet.dll": "0FB5CBEC1C664E15651434F9D0C2944A",
  "PInvoke.AdvApi32.dll": "34EE461D05B403C3A15D0DEC32A3788C",
  "PInvoke.BCrypt.dll": "FD07758EE1440491F22923084109FF26",
  "PInvoke.Cabinet.dll": "333D950E3804735DA60CC41D614C63E2",
  "PInvoke.CfgMgr32.dll": "768BE7CC18EDCF78B296A72ABE891691",
  "PInvoke.Crypt32.dll": "E7B00B0851738F4A7F2C6D37DAA973B4",
  "PInvoke.DbgHelp.dll": "E701136169620D20E3A70B560DE20E44",
  "PInvoke.DwmApi.dll": "ACF223CC8962404056648815B486F7D9",
  "PInvoke.Gdi32.dll": "69FF434826F98582CE44D3136ECFFACB",
  "PInvoke.Hid.dll": "2E7A41257F8AD9B26073181F450CD8E5",
  "PInvoke.ImageHlp.dll": "79BE816E8D86EA66489D7780DD675D49",
  "PInvoke.IPHlpApi.dll": "E949FA3326D1BA8872B179AB4EE49D38",
  "PInvoke.Kernel32.dll": "234E15B122ED430DE99490CA1A204958",
  "PInvoke.Magnification.dll": "C9EA3D34F506741ECC044DB19C151F09",
  "PInvoke.Msi.dll": "69EE50CE2DA6B55755E52589F49A7EBC",
  "PInvoke.NCrypt.dll": "DA1DE76C14D99370CA3BEF19DC299B15",
  "PInvoke.NetApi32.dll": "AE79F9FA2E3864A5E0642AE4622ECDC5",
  "PInvoke.NewDev.dll": "B3E1992105D986EF9C5C8E4B630FBB07",
  "PInvoke.NTDll.dll": "3F6BDF840EB27DD0FD9EB8071822183A",
  "PInvoke.Ole32.dll": "3C49FB100B60519FFE725BCD12A538F6",
  "PInvoke.Psapi.dll": "A7683EE4B880227F01C8AE632A892B9E",
  "PInvoke.SetupApi.dll": "1B7AE321185D0081D1759A9AD829F9BA",
  "PInvoke.SHCore.dll": "F27E7F063D51480F6D2294C903E4A606",
  "PInvoke.Shell32.dll": "F71A1BCAF6478190691170DAEA77722F",
  "PInvoke.User32.dll": "8BEDE38311ED4F27127290B81B8079FD",
  "PInvoke.Userenv.dll": "FEB7BCA90B8C905EC2F4BB0789847131",
  "PInvoke.UxTheme.dll": "8E683C016250CB719FDB9AAAFC22B3C5",
  "PInvoke.Windows.Core.dll": "90015440A44935208FFEA9BF61740651",
  "PInvoke.Windows.ShellScalingApi.dll": "F351B34B8C9183A51CADFDC279357C49",
  "PInvoke.WinUsb.dll": "9EB8A0280F2848D1A32B560A939F7336",
  "PInvoke.WtsApi32.dll": "341C94455D2E5893DBE4293D4D67AA4D",
  "Reloaded.Assembler.dll": "B3B78ABDAE20A4EF9861643A13D98607",
  "Reloaded.Hooks.Definitions.dll": "2F360F9507438ED72C315A60932871F3",
  "Reloaded.Hooks.dll": "170B86E7F8D29B9D68C2EE353E337447",
  "Reloaded.Memory.Buffers.dll": "3FE28A9EB5DF55645AE79607221E5151",
  "Reloaded.Memory.dll": "BBD9D75F8F689F8ECDE006C6D159CE0D",
  "revision.txt": "7FBE9C04F99DBFBC738AE9079740A314",
  "SDL2-CS.config": "65557595FD5DF55D93B2BF881DE62C3A",
  "SDL2-CS.dll": "E4146482CA306B380563CFE8BB9B8E72",
  "Serilog.dll": "D2E1E8E99AA4914AACE6815D9E3C0447",
  "Serilog.Sinks.Async.dll": "5F4F9433F151A50C5C2ECC330849E189",
  "Serilog.Sinks.Console.dll": "560A862C0A6271B2610E7EEFB71E121E",
  "Serilog.Sinks.File.dll": "4D36F994E3DDB3B9CA81220E1D33F98F",
  "SharpDX.Direct3D11.dll": "69EC63FBDCD9B3D038BFDEFE1AD6C3FD",
  "SharpDX.dll": "E51E68E61066CC15699D1687D1FB206D",
  "SharpDX.DXGI.dll": "CC6A97ABD0E84D5BF917BB9DD2987951",
  "SharpDX.Mathematics.dll": "BB920CF4160B7EC9AEC571D115054972",
  "Silk.NET.Core.dll": "E3F669BE9ADD358932E04926D4164E2C",
  "Silk.NET.GLFW.dll": "2855A4F064261C41148483FDECA63865",
  "Silk.NET.Maths.dll": "ABBFC9B40CCAFF2D75F3C5A46948DA9D",
  "Silk.NET.OpenGL.dll": "7FF6F059A84FA46E076E9FC5F2294D32",
  "Silk.NET.SDL.dll": "368C0179C5822B89D7453E163E2F00F9",
  "Silk.NET.Windowing.Common.dll": "19AAF148C5885C5F488E8E7F74F752A8",
  "Silk.NET.Windowing.Glfw.dll": "0D29173739D26D153435D55D4A6CD727",
  "Silk.NET.Windowing.Sdl.dll": "089A1A8C2AF866B146CEF47053CE95DF",
  "SQLite-net.dll": "6419EE561A982C72A00C00256922CCCF",
  "SQLitePCLRaw.batteries_v2.dll": "5995D45B34393202E10F407FA0FAAE16",
  "SQLitePCLRaw.core.dll": "897BF49BB1A53B3EFBBC41000DED1FCE",
  "SQLitePCLRaw.nativelibrary.dll": "057C411191689370A8A58466807536D0",
  "SQLitePCLRaw.provider.dynamic_cdecl.dll": "B56E114DF7319C8C71DF4B4076F41F37",
  "StbiSharp.dll": "9F8E91D9FC4B975CE71629B8672D758C",
  "System.Reactive.dll": "EF5A00287AD15393D41B12AA4B726FF7",
  "System.Reflection.MetadataLoadContext.dll": "E88E3AF6D37736F339022C9ACC5F2F7B",
  "System.Security.Cryptography.Pkcs.dll": "8950E01996A37E808BE3F39063C37BF9",
  "TEMP_gitver.txt": "EE9A329B1E36B606DB8F30698929362A",
  "TerraFX.Interop.Windows.dll": "84F7EF6B0DE91F8CC23F773D3FD6DEC0",
  "Validation.dll": "C97B23E71B31AB66357280A375D7BAD7"
}
