{
  "runtimes\\alpine-x64\\native\\libe_sqlite3.so": "39C244FEDBCD3DFC37041D4FCE1AE21D",
  "runtimes\\linux-arm\\native\\libe_sqlite3.so": "96CF54BC0EFB83D6E3F5F3E04997A59D",
  "runtimes\\linux-arm64\\native\\libe_sqlite3.so": "F079E55E7F3F9966A4A2052A3234E068",
  "runtimes\\linux-armel\\native\\libe_sqlite3.so": "C5A67D49434FC65D64E9C15778078C76",
  "runtimes\\linux-mips64\\native\\libe_sqlite3.so": "5F8461214089CFC677D46C19B7162161",
  "runtimes\\linux-musl-x64\\native\\libe_sqlite3.so": "39C244FEDBCD3DFC37041D4FCE1AE21D",
  "runtimes\\linux-x64\\native\\libe_sqlite3.so": "6F49C540D3AB9964D67A4A704C3D262D",
  "runtimes\\linux-x64\\native\\libglfw.so.3": "9E3137144F68B9E9793F4C7AD5B1BEA7",
  "runtimes\\linux-x64\\native\\libSDL2-2.0.so": "99B95A708381FC66AB2370E45A260527",
  "runtimes\\linux-x64\\native\\libstbi.so": "0945355ED59677D06E3E88F48101BB26",
  "runtimes\\linux-x86\\native\\libe_sqlite3.so": "5E0659B414CBD6DDC38C65582485853E",
  "runtimes\\osx-x64\\native\\libe_sqlite3.dylib": "F82AE134FCD1C080A69D775591406673",
  "runtimes\\osx-x64\\native\\libglfw.3.dylib": "1E30FAB2F0C40E82290AD4B0BF14A880",
  "runtimes\\osx-x64\\native\\libSDL2-2.0.dylib": "AAC958490586C67395F0A90903AE3747",
  "runtimes\\osx-x64\\native\\libstbi.dylib": "0B84B0A6A80178266018081C3CAB68E6",
  "runtimes\\win-arm\\native\\e_sqlite3.dll": "B424424A56584759FEF9DF34EC668450",
  "runtimes\\win-arm64\\native\\e_sqlite3.dll": "92FD5FB197B0E4F2829A38A933068C68",
  "runtimes\\win-x64\\native\\cimgui.dll": "00641C40DF4523C2730530D705335405",
  "runtimes\\win-x64\\native\\cimguizmo.dll": "6C9D1593EE435FDBF7B1AF82B37E1570",
  "runtimes\\win-x64\\native\\cimplot.dll": "7E5A5E459D6D99F7D3DD5C00092BE6E1",
  "runtimes\\win-x64\\native\\e_sqlite3.dll": "963A2B1641E6969295DC8723C0143F91",
  "runtimes\\win-x64\\native\\glfw3.dll": "E3FAE3816B471EAD587C627F307D389B",
  "runtimes\\win-x64\\native\\minhook.x64d.dll": "31C0A13FC2F9017A0B7DB0768467E363",
  "runtimes\\win-x64\\native\\SDL2.dll": "509FAEA10BEA2CB56B0C19E6F91B3987",
  "runtimes\\win-x64\\native\\stbi.dll": "DD3E2401B89121AA1BBCE98F81B6CCF2",
  "runtimes\\win-x64\\native\\stbi.lib": "927C214DE576219E1F80DBE7798A0502",
  "runtimes\\win-x86\\native\\e_sqlite3.dll": "7600ACE1E30B9D9BEC9F567F92D17D82",
  "runtimes\\win-x86\\native\\glfw3.dll": "963D9A773B2CEFF806E891DD72BCCC60",
  "runtimes\\win-x86\\native\\SDL2.dll": "C373A44A82F2A1F5C8F585F32B0DCA95",
  "targets\\Dalamud.Plugin.Bootstrap.targets": "C85635161398CD9852CF7212DB7EB904",
  "targets\\Dalamud.Plugin.targets": "E582DE4B2093280C18BFC7764530631A",
  "BitFaster.Caching.dll": "4DAB14A5D292C530D47CF20297E9CDAF",
  "CheapLoc.dll": "2C9F7D8A9ADE252A79E0F135565E8F05",
  "commit_hash.txt": "5294D2BA581411871317E204E77FCF36",
  "Costura.dll": "9B206D3CA1AD459B1EB901F4BBB8BBE3",
  "Dalamud.Boot.dll": "1B89DEE95CCB0508BA63C7F21800782F",
  "Dalamud.Common.dll": "F4F29841E5CAE80428DCF145480E18B0",
  "Dalamud.deps.json": "91C52FE777B93BB69885F7B7F51047A6",
  "Dalamud.dll": "3C11EDA4F58779EC057EA8F681E01420",
  "Dalamud.Injector.deps.json": "E30B9BD40106FFC14A5274A670979EDF",
  "Dalamud.Injector.dll": "06A833E9B21E7A767A29429C3E673F82",
  "Dalamud.Injector.exe": "3058D6ABB160D930B4CCA8F40B742F02",
  "Dalamud.Injector.runtimeconfig.json": "B9BB65FFE7924D4D8BABE9FA66303200",
  "Dalamud.Injector.xml": "D41E5DF541D19A015215E777D7395C9C",
  "Dalamud.runtimeconfig.json": "2A9CD915428BDD175E0889BD0C225F75",
  "Dalamud.xml": "88DE61FCFE77BBDFDEBB35D5814EC7D6",
  "DalamudCrashHandler.exe": "A4188BDFED27C9FD02EB2995031C4CE9",
  "FASM-LICENSE.TXT": "ECEA1D10811221D5F0A3E96F9C38E2C7",
  "FASM.DLL": "5B23CC1A2AAFD31938B03280BAE54C74",
  "FASMX64.DLL": "9888B5969B4C0FB217B5BD01AD3BE902",
  "FFXIVClientStructs.dll": "FF076582BABDF268D4072D404F63C2A7",
  "FFXIVClientStructs.xml": "BE0ECAB2862351FFBE1429DFDE25CD99",
  "goaaats.Reloaded.Assembler.targets": "CC22CB0A353E2136EE9E6E96DB9F7164",
  "Iced.dll": "2BBD6685F7EEE01C0799C867DE266B3A",
  "ImGui.NET.dll": "F155929413DB70F63E60DA95C1C608E6",
  "ImGuiScene.dll": "14C44B58E2D920B41E294B7302C690A0",
  "InteropGenerator.Runtime.dll": "66969A1565E40B3BF07BBB3B67440B91",
  "JetBrains.Annotations.dll": "F0FB32F23BF9CD7E310F5A329E9B277D",
  "licenses.txt": "A159BE62AA91178EFC3E3983AE874D1D",
  "Lumina.dll": "6485FFD9F9C2793B678CB5C1E3FB3290",
  "Lumina.Excel.dll": "60D0D64CF5E159A37A760B92A0B8224D",
  "Microsoft.Bcl.HashCode.dll": "613AB56061ADF2284E047025207467E0",
  "Microsoft.DotNet.PlatformAbstractions.dll": "00AB0F02B1114C57C758F5AD595224F1",
  "Microsoft.Extensions.DependencyModel.dll": "F39BC76C10CFEA478C936FC4521A9FC9",
  "Microsoft.Extensions.ObjectPool.dll": "FEE3CE8A84417360CC5ED787ED6F7DB1",
  "MinSharp.dll": "369F04E5465F3B5FE63264AD99E7F4EA",
  "Mono.Cecil.dll": "85412F3D77348339441E5E0C7ACDC19A",
  "Mono.Cecil.Mdb.dll": "2DC14199EF70659217F517033A7AA307",
  "Mono.Cecil.Pdb.dll": "337288C6B0799D7E4E1C72BBB5BDF835",
  "Mono.Cecil.Rocks.dll": "8E8E224838FEC7CEF486749BDAE612B2",
  "nethost.dll": "21F39F71E2F4B5BA9FB3F126872F2F9B",
  "Newtonsoft.Json.dll": "ADF3E3EECDE20B7C9661E9C47106A14A",
  "PeNet.Asn1.dll": "5B0160F9F3E4C70659D2901EB8AEA91D",
  "PeNet.dll": "0B3E8286647A740C80640607BA20AEF4",
  "PInvoke.AdvApi32.dll": "34EE461D05B403C3A15D0DEC32A3788C",
  "PInvoke.BCrypt.dll": "FD07758EE1440491F22923084109FF26",
  "PInvoke.Cabinet.dll": "333D950E3804735DA60CC41D614C63E2",
  "PInvoke.CfgMgr32.dll": "768BE7CC18EDCF78B296A72ABE891691",
  "PInvoke.Crypt32.dll": "E7B00B0851738F4A7F2C6D37DAA973B4",
  "PInvoke.DbgHelp.dll": "E701136169620D20E3A70B560DE20E44",
  "PInvoke.DwmApi.dll": "ACF223CC8962404056648815B486F7D9",
  "PInvoke.Gdi32.dll": "69FF434826F98582CE44D3136ECFFACB",
  "PInvoke.Hid.dll": "2E7A41257F8AD9B26073181F450CD8E5",
  "PInvoke.ImageHlp.dll": "79BE816E8D86EA66489D7780DD675D49",
  "PInvoke.IPHlpApi.dll": "E949FA3326D1BA8872B179AB4EE49D38",
  "PInvoke.Kernel32.dll": "234E15B122ED430DE99490CA1A204958",
  "PInvoke.Magnification.dll": "C9EA3D34F506741ECC044DB19C151F09",
  "PInvoke.Msi.dll": "69EE50CE2DA6B55755E52589F49A7EBC",
  "PInvoke.NCrypt.dll": "DA1DE76C14D99370CA3BEF19DC299B15",
  "PInvoke.NetApi32.dll": "AE79F9FA2E3864A5E0642AE4622ECDC5",
  "PInvoke.NewDev.dll": "B3E1992105D986EF9C5C8E4B630FBB07",
  "PInvoke.NTDll.dll": "3F6BDF840EB27DD0FD9EB8071822183A",
  "PInvoke.Ole32.dll": "3C49FB100B60519FFE725BCD12A538F6",
  "PInvoke.Psapi.dll": "A7683EE4B880227F01C8AE632A892B9E",
  "PInvoke.SetupApi.dll": "1B7AE321185D0081D1759A9AD829F9BA",
  "PInvoke.SHCore.dll": "F27E7F063D51480F6D2294C903E4A606",
  "PInvoke.Shell32.dll": "F71A1BCAF6478190691170DAEA77722F",
  "PInvoke.User32.dll": "8BEDE38311ED4F27127290B81B8079FD",
  "PInvoke.Userenv.dll": "FEB7BCA90B8C905EC2F4BB0789847131",
  "PInvoke.UxTheme.dll": "8E683C016250CB719FDB9AAAFC22B3C5",
  "PInvoke.Windows.Core.dll": "90015440A44935208FFEA9BF61740651",
  "PInvoke.Windows.ShellScalingApi.dll": "F351B34B8C9183A51CADFDC279357C49",
  "PInvoke.WinUsb.dll": "9EB8A0280F2848D1A32B560A939F7336",
  "PInvoke.WtsApi32.dll": "341C94455D2E5893DBE4293D4D67AA4D",
  "Reloaded.Assembler.dll": "CEB38782B0E998883E2389A715581D7F",
  "Reloaded.Hooks.Definitions.dll": "D7B1F642A7F08481C13BE448C9D48064",
  "Reloaded.Hooks.dll": "4F58A7A0FCD6438F5F018A735F52EBBC",
  "Reloaded.Memory.Buffers.dll": "CCA6098F79E42BB931B1C5E4AEBF5AA2",
  "Reloaded.Memory.dll": "11ACF867C01A68636311F56FB3D6899B",
  "revision.txt": "5DBC8390F17E019D300D5A162C3CE3BC",
  "SDL2-CS.config": "65557595FD5DF55D93B2BF881DE62C3A",
  "SDL2-CS.dll": "B7210504CD97BE7CFB62BFC43B811DF2",
  "Serilog.dll": "856849632840FD82308E6C22C73459CC",
  "Serilog.Sinks.Async.dll": "B7869EE7C552DE6FBF3FDB2D60930FF0",
  "Serilog.Sinks.Console.dll": "62471201EA70F255292BD509FCD2E2D2",
  "Serilog.Sinks.File.dll": "2736E5EF8E614121F35C711C603A5FB6",
  "SharpDX.Direct3D11.dll": "59B802B4180712848E1C9D4E6C7B856C",
  "SharpDX.dll": "146E8A48387A0215C2C1469AF363C8E4",
  "SharpDX.DXGI.dll": "58F8BA18A1CB4B0D539879A895594077",
  "SharpDX.Mathematics.dll": "C83471831424216885FC799444841BFA",
  "Silk.NET.Core.dll": "CECFBB1A2CB4C15594FA1027FE415BE5",
  "Silk.NET.GLFW.dll": "1BCF31EC39EEE8E033C8E4A366ECEA73",
  "Silk.NET.Maths.dll": "D238CE8FCAF1098657FBD6B977454B5F",
  "Silk.NET.OpenGL.dll": "216138724FF1007F2AF694D3BD9F3021",
  "Silk.NET.SDL.dll": "DF7C5E4292651EF7A347621B6877EA23",
  "Silk.NET.Windowing.Common.dll": "12739DF022A2A69EBA5A579032D4CDDA",
  "Silk.NET.Windowing.Glfw.dll": "C3A285DCB50CE287699CC067050FD3FB",
  "Silk.NET.Windowing.Sdl.dll": "6A376EF39AD80F66412C884DE83D5CE4",
  "SQLite-net.dll": "C7BEBFFDBD65DE9FD835A065F5657225",
  "SQLitePCLRaw.batteries_v2.dll": "D04695F387C0B07B506149816244C507",
  "SQLitePCLRaw.core.dll": "D41D943BBC94CD97B9D6712E33498469",
  "SQLitePCLRaw.nativelibrary.dll": "C626B68891DD9964CE5BA7595D9BCA3B",
  "SQLitePCLRaw.provider.dynamic_cdecl.dll": "24F6953C76DF943E28DF7325DE044A04",
  "StbiSharp.dll": "ACAB311ECCCE8883C22D17A4BF914244",
  "System.Reactive.dll": "EF5A00287AD15393D41B12AA4B726FF7",
  "System.Reflection.MetadataLoadContext.dll": "E88E3AF6D37736F339022C9ACC5F2F7B",
  "System.Security.Cryptography.Pkcs.dll": "8950E01996A37E808BE3F39063C37BF9",
  "TEMP_gitver.txt": "D76A5A1DE62A69F284D85280C08BCA9B",
  "TerraFX.Interop.Windows.dll": "84F7EF6B0DE91F8CC23F773D3FD6DEC0",
  "Validation.dll": "0C06DD38B9C9428DD5E9061C4AF8B0DC"
}
