{
  "runtimes\\alpine-x64\\native\\libe_sqlite3.so": "39C244FEDBCD3DFC37041D4FCE1AE21D",
  "runtimes\\linux-arm\\native\\libe_sqlite3.so": "96CF54BC0EFB83D6E3F5F3E04997A59D",
  "runtimes\\linux-arm64\\native\\libe_sqlite3.so": "F079E55E7F3F9966A4A2052A3234E068",
  "runtimes\\linux-armel\\native\\libe_sqlite3.so": "C5A67D49434FC65D64E9C15778078C76",
  "runtimes\\linux-mips64\\native\\libe_sqlite3.so": "5F8461214089CFC677D46C19B7162161",
  "runtimes\\linux-musl-x64\\native\\libe_sqlite3.so": "39C244FEDBCD3DFC37041D4FCE1AE21D",
  "runtimes\\linux-x64\\native\\libe_sqlite3.so": "6F49C540D3AB9964D67A4A704C3D262D",
  "runtimes\\linux-x64\\native\\libglfw.so.3": "9E3137144F68B9E9793F4C7AD5B1BEA7",
  "runtimes\\linux-x64\\native\\libSDL2-2.0.so": "99B95A708381FC66AB2370E45A260527",
  "runtimes\\linux-x64\\native\\libstbi.so": "0945355ED59677D06E3E88F48101BB26",
  "runtimes\\linux-x86\\native\\libe_sqlite3.so": "5E0659B414CBD6DDC38C65582485853E",
  "runtimes\\osx-x64\\native\\libe_sqlite3.dylib": "F82AE134FCD1C080A69D775591406673",
  "runtimes\\osx-x64\\native\\libglfw.3.dylib": "1E30FAB2F0C40E82290AD4B0BF14A880",
  "runtimes\\osx-x64\\native\\libSDL2-2.0.dylib": "AAC958490586C67395F0A90903AE3747",
  "runtimes\\osx-x64\\native\\libstbi.dylib": "0B84B0A6A80178266018081C3CAB68E6",
  "runtimes\\win-arm\\native\\e_sqlite3.dll": "2341BB8C5AE56D1D6947315939C379BB",
  "runtimes\\win-arm64\\native\\e_sqlite3.dll": "6FB57BB0B5D91BB9E719E401975C3049",
  "runtimes\\win-x64\\native\\cimgui.dll": "FA037B419C93999BBD874CC5AC1F1F6A",
  "runtimes\\win-x64\\native\\cimguizmo.dll": "C2741777948E1C16F67975C3B8894486",
  "runtimes\\win-x64\\native\\cimplot.dll": "ACF8BA98C3B02308876AC80EF0CBF38A",
  "runtimes\\win-x64\\native\\e_sqlite3.dll": "B4957CEB6B760ECD64672C86E32E07C6",
  "runtimes\\win-x64\\native\\glfw3.dll": "028E80CF22BBBE23406E4A22D8587D17",
  "runtimes\\win-x64\\native\\minhook.x64d.dll": "FD5EE944AAB605230F9E952F2156A50F",
  "runtimes\\win-x64\\native\\SDL2.dll": "1E9186723E1D9F2F2F056F7455228277",
  "runtimes\\win-x64\\native\\stbi.dll": "29DAC98D5BBC6F8FB5AF2532D62DAD38",
  "runtimes\\win-x64\\native\\stbi.lib": "927C214DE576219E1F80DBE7798A0502",
  "runtimes\\win-x86\\native\\e_sqlite3.dll": "4CEB5473DE7B5AB00B01AB29C3060867",
  "runtimes\\win-x86\\native\\glfw3.dll": "3FE1CDD6102405FE390C6B420E8E169C",
  "runtimes\\win-x86\\native\\SDL2.dll": "714DB1A46D5EAB342CECB116FCE65CCB",
  "targets\\Dalamud.Plugin.Bootstrap.targets": "C85635161398CD9852CF7212DB7EB904",
  "targets\\Dalamud.Plugin.targets": "69D15EDFB3D4F0BEE3A099216E4DE057",
  "BitFaster.Caching.dll": "135C130620389B3DDDCF665D86E972AF",
  "CheapLoc.dll": "BB709015B3D613A1C6FFA2D0D681C531",
  "commit_hash.txt": "552BDFB9DACCA2AB66E2F11877223947",
  "Costura.dll": "2A98C6DC614559965E33471AC7A046C2",
  "Dalamud.Boot.dll": "1DFACE22CFAE0E22EA3854CE0B61D029",
  "Dalamud.Common.dll": "B0CF5BEE79CD3E6157DA426A5E2BFC54",
  "Dalamud.deps.json": "41BB6656576166D2CC79A8AB2212DAC8",
  "Dalamud.dll": "0FAA3A56E8B4E59D5727608E8CF08FA0",
  "Dalamud.Injector.deps.json": "E30B9BD40106FFC14A5274A670979EDF",
  "Dalamud.Injector.dll": "92B9590979FCABD2E9693FB28A04580E",
  "Dalamud.Injector.exe": "E32757047E5AD1FE291B048FE6D0CA3C",
  "Dalamud.Injector.runtimeconfig.json": "B9BB65FFE7924D4D8BABE9FA66303200",
  "Dalamud.Injector.xml": "D41E5DF541D19A015215E777D7395C9C",
  "Dalamud.runtimeconfig.json": "2A9CD915428BDD175E0889BD0C225F75",
  "Dalamud.xml": "D05296598520CE804FD5C55E415AA89C",
  "DalamudCrashHandler.exe": "6DA35CB4E829C0E2545C859296032295",
  "FASM-LICENSE.TXT": "ECEA1D10811221D5F0A3E96F9C38E2C7",
  "FASM.DLL": "CE91AA1B80163C9BE139FF6E7E4D0774",
  "FASMX64.DLL": "51DBE468D3E9E888A2D8ECF1C9816192",
  "FFXIVClientStructs.dll": "7805703B8A2AC13E9A0E3DBE7E8A234D",
  "FFXIVClientStructs.xml": "02EF58A180937CE3E3EDB38F7442D7EF",
  "goaaats.Reloaded.Assembler.targets": "CC22CB0A353E2136EE9E6E96DB9F7164",
  "Iced.dll": "8BD74BD56C39A4CAA955963AB9AAD852",
  "ImGui.NET.dll": "4A6F045EC1BF331515CEB9717C75BE57",
  "ImGuiScene.dll": "808222B53FB67B9A8734F82A5FC0FCB4",
  "InteropGenerator.Runtime.dll": "2E1BF949581B3A27521A29408A47318A",
  "JetBrains.Annotations.dll": "8B099556B1011EBBBC0FC4E9264C5FA0",
  "licenses.txt": "A159BE62AA91178EFC3E3983AE874D1D",
  "Lumina.dll": "B7A75E05CFA4F21FCC630339DD7B5389",
  "Lumina.Excel.dll": "B1936E6A7DA94F37A9C6E3EFF5BD3634",
  "Microsoft.Bcl.HashCode.dll": "613AB56061ADF2284E047025207467E0",
  "Microsoft.DotNet.PlatformAbstractions.dll": "00AB0F02B1114C57C758F5AD595224F1",
  "Microsoft.Extensions.DependencyModel.dll": "F39BC76C10CFEA478C936FC4521A9FC9",
  "Microsoft.Extensions.ObjectPool.dll": "FEE3CE8A84417360CC5ED787ED6F7DB1",
  "MinSharp.dll": "5B961EE4E7D7780F62ACEDCC1B2A2969",
  "Mono.Cecil.dll": "DC74DD4DACCB1C4D0017AF129A9B4B8E",
  "Mono.Cecil.Mdb.dll": "510651239445AA41185827E435C77D2D",
  "Mono.Cecil.Pdb.dll": "CA7C62D9C95F3B614D16C922AB410B21",
  "Mono.Cecil.Rocks.dll": "04F08C38D35DB243A5B41D4B3C33DEC5",
  "nethost.dll": "21F39F71E2F4B5BA9FB3F126872F2F9B",
  "Newtonsoft.Json.dll": "ADF3E3EECDE20B7C9661E9C47106A14A",
  "PeNet.Asn1.dll": "F58BF3589C4F7DFF20CFEB6331A0958F",
  "PeNet.dll": "A7DD8A291C3E638665D54FF2FCFE9780",
  "PInvoke.AdvApi32.dll": "34EE461D05B403C3A15D0DEC32A3788C",
  "PInvoke.BCrypt.dll": "FD07758EE1440491F22923084109FF26",
  "PInvoke.Cabinet.dll": "333D950E3804735DA60CC41D614C63E2",
  "PInvoke.CfgMgr32.dll": "768BE7CC18EDCF78B296A72ABE891691",
  "PInvoke.Crypt32.dll": "E7B00B0851738F4A7F2C6D37DAA973B4",
  "PInvoke.DbgHelp.dll": "E701136169620D20E3A70B560DE20E44",
  "PInvoke.DwmApi.dll": "ACF223CC8962404056648815B486F7D9",
  "PInvoke.Gdi32.dll": "69FF434826F98582CE44D3136ECFFACB",
  "PInvoke.Hid.dll": "2E7A41257F8AD9B26073181F450CD8E5",
  "PInvoke.ImageHlp.dll": "79BE816E8D86EA66489D7780DD675D49",
  "PInvoke.IPHlpApi.dll": "E949FA3326D1BA8872B179AB4EE49D38",
  "PInvoke.Kernel32.dll": "234E15B122ED430DE99490CA1A204958",
  "PInvoke.Magnification.dll": "C9EA3D34F506741ECC044DB19C151F09",
  "PInvoke.Msi.dll": "69EE50CE2DA6B55755E52589F49A7EBC",
  "PInvoke.NCrypt.dll": "DA1DE76C14D99370CA3BEF19DC299B15",
  "PInvoke.NetApi32.dll": "AE79F9FA2E3864A5E0642AE4622ECDC5",
  "PInvoke.NewDev.dll": "B3E1992105D986EF9C5C8E4B630FBB07",
  "PInvoke.NTDll.dll": "3F6BDF840EB27DD0FD9EB8071822183A",
  "PInvoke.Ole32.dll": "3C49FB100B60519FFE725BCD12A538F6",
  "PInvoke.Psapi.dll": "A7683EE4B880227F01C8AE632A892B9E",
  "PInvoke.SetupApi.dll": "1B7AE321185D0081D1759A9AD829F9BA",
  "PInvoke.SHCore.dll": "F27E7F063D51480F6D2294C903E4A606",
  "PInvoke.Shell32.dll": "F71A1BCAF6478190691170DAEA77722F",
  "PInvoke.User32.dll": "8BEDE38311ED4F27127290B81B8079FD",
  "PInvoke.Userenv.dll": "FEB7BCA90B8C905EC2F4BB0789847131",
  "PInvoke.UxTheme.dll": "8E683C016250CB719FDB9AAAFC22B3C5",
  "PInvoke.Windows.Core.dll": "90015440A44935208FFEA9BF61740651",
  "PInvoke.Windows.ShellScalingApi.dll": "F351B34B8C9183A51CADFDC279357C49",
  "PInvoke.WinUsb.dll": "9EB8A0280F2848D1A32B560A939F7336",
  "PInvoke.WtsApi32.dll": "341C94455D2E5893DBE4293D4D67AA4D",
  "Reloaded.Assembler.dll": "39DD28D01CD3838CE87B08FA64032BD1",
  "Reloaded.Hooks.Definitions.dll": "06A339B24A5A8AA3A3759A77CFB34CB1",
  "Reloaded.Hooks.dll": "6129E97E95B788D66A8B135565F42865",
  "Reloaded.Memory.Buffers.dll": "612C9AF19BB82A926E50C067DE5BA736",
  "Reloaded.Memory.dll": "53F62E5BEB71649F0A7F5857BE4962F8",
  "revision.txt": "88FCF48A99A38A0FFB078D0D5762DC1B",
  "SDL2-CS.config": "65557595FD5DF55D93B2BF881DE62C3A",
  "SDL2-CS.dll": "23449938FFD0EC942FDC07990C3BA82E",
  "Serilog.dll": "095C4FF5D4CF2CC7622EC4E86FB399A4",
  "Serilog.Sinks.Async.dll": "5D5B26E8EDA43A6CE627D67D2CEB315A",
  "Serilog.Sinks.Console.dll": "64A15AAE56D2695139D5EBF320DBB54E",
  "Serilog.Sinks.File.dll": "F69928A8DD24BFEACD16AB1283B13675",
  "SharpDX.Direct3D11.dll": "5A59BF2F7A1275C81B271DFBCC2C8FF8",
  "SharpDX.dll": "887D495686EB02915B66006F0EB9DDDD",
  "SharpDX.DXGI.dll": "FBD63EF8091D1B867FAF464E92FCF817",
  "SharpDX.Mathematics.dll": "47F06E89789DFFDA28C36DFC9FFD0303",
  "Silk.NET.Core.dll": "F84D965924B0B7A864502C06704223D8",
  "Silk.NET.GLFW.dll": "714F888D7E752D1EA0D5C38A4B4510B3",
  "Silk.NET.Maths.dll": "130224E21011BE7DD8B0E04D4C0D8F04",
  "Silk.NET.OpenGL.dll": "2C67C44513C88B912B96B3D86053EDF2",
  "Silk.NET.SDL.dll": "2EC282D3159B39EBE3A90EE8EF758042",
  "Silk.NET.Windowing.Common.dll": "2F74B7D1BB8AFFAEFCE439DEE6002F1A",
  "Silk.NET.Windowing.Glfw.dll": "04B2D5C133EA4056EA87C2FB9EAFAA5D",
  "Silk.NET.Windowing.Sdl.dll": "2FA0440F5EEE9F6200F5CF75C006C1D4",
  "SQLite-net.dll": "0EA7E5128D7916DE4956D24AB6E43957",
  "SQLitePCLRaw.batteries_v2.dll": "81E02D08FE1B83644F44F8235351044D",
  "SQLitePCLRaw.core.dll": "70ED0B211A1B01642A90368782D72090",
  "SQLitePCLRaw.nativelibrary.dll": "84E4B050696AF95E9CADD2C3BBB3B967",
  "SQLitePCLRaw.provider.dynamic_cdecl.dll": "D9EA4038846483892E9D5D656A69879F",
  "StbiSharp.dll": "DCB39C7676CD71EC0781D2BFC321E193",
  "System.Reactive.dll": "EF5A00287AD15393D41B12AA4B726FF7",
  "System.Reflection.MetadataLoadContext.dll": "E88E3AF6D37736F339022C9ACC5F2F7B",
  "System.Security.Cryptography.Pkcs.dll": "8950E01996A37E808BE3F39063C37BF9",
  "TEMP_gitver.txt": "324F5CCFC13FB20C8029BE7B7C8A374E",
  "TerraFX.Interop.Windows.dll": "84F7EF6B0DE91F8CC23F773D3FD6DEC0",
  "Validation.dll": "EE62935B0C523DDA1E9300E4E66DE893"
}
