{
  "runtimes\\alpine-x64\\native\\libe_sqlite3.so": "39C244FEDBCD3DFC37041D4FCE1AE21D",
  "runtimes\\linux-arm\\native\\libe_sqlite3.so": "96CF54BC0EFB83D6E3F5F3E04997A59D",
  "runtimes\\linux-arm64\\native\\libe_sqlite3.so": "F079E55E7F3F9966A4A2052A3234E068",
  "runtimes\\linux-armel\\native\\libe_sqlite3.so": "C5A67D49434FC65D64E9C15778078C76",
  "runtimes\\linux-mips64\\native\\libe_sqlite3.so": "5F8461214089CFC677D46C19B7162161",
  "runtimes\\linux-musl-x64\\native\\libe_sqlite3.so": "39C244FEDBCD3DFC37041D4FCE1AE21D",
  "runtimes\\linux-x64\\native\\libe_sqlite3.so": "6F49C540D3AB9964D67A4A704C3D262D",
  "runtimes\\linux-x64\\native\\libglfw.so.3": "9E3137144F68B9E9793F4C7AD5B1BEA7",
  "runtimes\\linux-x64\\native\\libSDL2-2.0.so": "99B95A708381FC66AB2370E45A260527",
  "runtimes\\linux-x64\\native\\libstbi.so": "0945355ED59677D06E3E88F48101BB26",
  "runtimes\\linux-x86\\native\\libe_sqlite3.so": "5E0659B414CBD6DDC38C65582485853E",
  "runtimes\\osx-x64\\native\\libe_sqlite3.dylib": "F82AE134FCD1C080A69D775591406673",
  "runtimes\\osx-x64\\native\\libglfw.3.dylib": "1E30FAB2F0C40E82290AD4B0BF14A880",
  "runtimes\\osx-x64\\native\\libSDL2-2.0.dylib": "AAC958490586C67395F0A90903AE3747",
  "runtimes\\osx-x64\\native\\libstbi.dylib": "0B84B0A6A80178266018081C3CAB68E6",
  "runtimes\\win-arm\\native\\e_sqlite3.dll": "33BD584E34E8F655C7F25A33971036AA",
  "runtimes\\win-arm64\\native\\e_sqlite3.dll": "23099033F49B668C210A62799E348D04",
  "runtimes\\win-x64\\native\\cimgui.dll": "573727D8F505BD113968AC0BF0BBDA4B",
  "runtimes\\win-x64\\native\\cimguizmo.dll": "EE0ECE18FFD737CC12000172B2B8857E",
  "runtimes\\win-x64\\native\\cimplot.dll": "958019A28DD6262236E718BDEC4D7112",
  "runtimes\\win-x64\\native\\e_sqlite3.dll": "B84B079A4BC3B4118C815011576A9DF0",
  "runtimes\\win-x64\\native\\glfw3.dll": "1C065098177A8F39152D9A5C8C57814F",
  "runtimes\\win-x64\\native\\minhook.x64d.dll": "CED03835B69E35562B97610DC4A81C05",
  "runtimes\\win-x64\\native\\SDL2.dll": "25CD76DAF80EEBC38FF3C38422C7058E",
  "runtimes\\win-x64\\native\\stbi.dll": "9EF92A5BC164237DC3AED8AEA3139537",
  "runtimes\\win-x64\\native\\stbi.lib": "927C214DE576219E1F80DBE7798A0502",
  "runtimes\\win-x86\\native\\e_sqlite3.dll": "94F4DD8D906B48C87AA3C57966762CC7",
  "runtimes\\win-x86\\native\\glfw3.dll": "92AC2B36BBC2EA600F1C65019996D356",
  "runtimes\\win-x86\\native\\SDL2.dll": "BBD608414FD5DB332D2403FA9BFB139A",
  "targets\\Dalamud.Plugin.Bootstrap.targets": "C85635161398CD9852CF7212DB7EB904",
  "targets\\Dalamud.Plugin.targets": "E582DE4B2093280C18BFC7764530631A",
  "BitFaster.Caching.dll": "5A5DE740ADB2CE38D4D0A1CCCC2D6479",
  "CheapLoc.dll": "654648CD5AC440E155F22EF6BD50B3C9",
  "commit_hash.txt": "AB450623D8FCE005F754D9F363526DB3",
  "Costura.dll": "5F8ED06A1D198BB228EC8B5B39EFE202",
  "Dalamud.Boot.dll": "3E2CF7A8BBC58199951223275A4EE09E",
  "Dalamud.Common.dll": "A6C03C03D7E3A21F4978C83D59E68311",
  "Dalamud.deps.json": "BB52107EE553FB76F66DF4916FD038A4",
  "Dalamud.dll": "06ABBF3ADA51DDF6A4D5CEA523A1CD85",
  "Dalamud.Injector.deps.json": "E30B9BD40106FFC14A5274A670979EDF",
  "Dalamud.Injector.dll": "5CF54727ADB78C02FE42AFFE695C7EFF",
  "Dalamud.Injector.exe": "4DF94E3F1CCACF54D0D43AFD716922D0",
  "Dalamud.Injector.runtimeconfig.json": "B9BB65FFE7924D4D8BABE9FA66303200",
  "Dalamud.Injector.xml": "D41E5DF541D19A015215E777D7395C9C",
  "Dalamud.runtimeconfig.json": "2A9CD915428BDD175E0889BD0C225F75",
  "Dalamud.xml": "8D4955EC9A6E52F2712D386B2428EE58",
  "DalamudCrashHandler.exe": "EB691B8353D32B8E45F3033FE356D255",
  "FASM-LICENSE.TXT": "ECEA1D10811221D5F0A3E96F9C38E2C7",
  "FASM.DLL": "392825625EEFED3192A2B6E2A8AF2FB7",
  "FASMX64.DLL": "4286431270880F36ED5D848A3C643D05",
  "FFXIVClientStructs.dll": "FD3FCA39A498E00927B46CAAF5A21E7F",
  "FFXIVClientStructs.xml": "F43A9D92425EE1188C4DEA0E0321BE17",
  "goaaats.Reloaded.Assembler.targets": "CC22CB0A353E2136EE9E6E96DB9F7164",
  "Iced.dll": "DCC14B0D1F054F8357E2353A057C4328",
  "ImGui.NET.dll": "6BCBF95A460C577982FBC4342C740D44",
  "ImGuiScene.dll": "59D38C4F6457E0E98FC8B0B35C273909",
  "InteropGenerator.Runtime.dll": "108E7CB54FA2CAB0018CA72FF716FFFE",
  "JetBrains.Annotations.dll": "283C5193C1A4006C3D7B982D3EAB3903",
  "licenses.txt": "A159BE62AA91178EFC3E3983AE874D1D",
  "Lumina.dll": "E432735E7C3CE4E31ADF92585473D52E",
  "Lumina.Excel.dll": "E4DA029F02E78A32570059171F267CF9",
  "Microsoft.Bcl.HashCode.dll": "613AB56061ADF2284E047025207467E0",
  "Microsoft.DotNet.PlatformAbstractions.dll": "00AB0F02B1114C57C758F5AD595224F1",
  "Microsoft.Extensions.DependencyModel.dll": "F39BC76C10CFEA478C936FC4521A9FC9",
  "Microsoft.Extensions.ObjectPool.dll": "FEE3CE8A84417360CC5ED787ED6F7DB1",
  "MinSharp.dll": "30D8F469E74EAACA96FAC02AD3458195",
  "Mono.Cecil.dll": "C61C37BF4DCBB27FB4270C6036A476A6",
  "Mono.Cecil.Mdb.dll": "E2605A2971F536CBC519D101342B1220",
  "Mono.Cecil.Pdb.dll": "75F99952C6A048950CC0CE0FCEE4CCE5",
  "Mono.Cecil.Rocks.dll": "F97B15E943529AA342D016E06A525E66",
  "nethost.dll": "21F39F71E2F4B5BA9FB3F126872F2F9B",
  "Newtonsoft.Json.dll": "ADF3E3EECDE20B7C9661E9C47106A14A",
  "PeNet.Asn1.dll": "BDB6082CA42BAD811C1B1111403C3634",
  "PeNet.dll": "A9713BBDB2534561259FAFAD11768F81",
  "PInvoke.AdvApi32.dll": "34EE461D05B403C3A15D0DEC32A3788C",
  "PInvoke.BCrypt.dll": "FD07758EE1440491F22923084109FF26",
  "PInvoke.Cabinet.dll": "333D950E3804735DA60CC41D614C63E2",
  "PInvoke.CfgMgr32.dll": "768BE7CC18EDCF78B296A72ABE891691",
  "PInvoke.Crypt32.dll": "E7B00B0851738F4A7F2C6D37DAA973B4",
  "PInvoke.DbgHelp.dll": "E701136169620D20E3A70B560DE20E44",
  "PInvoke.DwmApi.dll": "ACF223CC8962404056648815B486F7D9",
  "PInvoke.Gdi32.dll": "69FF434826F98582CE44D3136ECFFACB",
  "PInvoke.Hid.dll": "2E7A41257F8AD9B26073181F450CD8E5",
  "PInvoke.ImageHlp.dll": "79BE816E8D86EA66489D7780DD675D49",
  "PInvoke.IPHlpApi.dll": "E949FA3326D1BA8872B179AB4EE49D38",
  "PInvoke.Kernel32.dll": "234E15B122ED430DE99490CA1A204958",
  "PInvoke.Magnification.dll": "C9EA3D34F506741ECC044DB19C151F09",
  "PInvoke.Msi.dll": "69EE50CE2DA6B55755E52589F49A7EBC",
  "PInvoke.NCrypt.dll": "DA1DE76C14D99370CA3BEF19DC299B15",
  "PInvoke.NetApi32.dll": "AE79F9FA2E3864A5E0642AE4622ECDC5",
  "PInvoke.NewDev.dll": "B3E1992105D986EF9C5C8E4B630FBB07",
  "PInvoke.NTDll.dll": "3F6BDF840EB27DD0FD9EB8071822183A",
  "PInvoke.Ole32.dll": "3C49FB100B60519FFE725BCD12A538F6",
  "PInvoke.Psapi.dll": "A7683EE4B880227F01C8AE632A892B9E",
  "PInvoke.SetupApi.dll": "1B7AE321185D0081D1759A9AD829F9BA",
  "PInvoke.SHCore.dll": "F27E7F063D51480F6D2294C903E4A606",
  "PInvoke.Shell32.dll": "F71A1BCAF6478190691170DAEA77722F",
  "PInvoke.User32.dll": "8BEDE38311ED4F27127290B81B8079FD",
  "PInvoke.Userenv.dll": "FEB7BCA90B8C905EC2F4BB0789847131",
  "PInvoke.UxTheme.dll": "8E683C016250CB719FDB9AAAFC22B3C5",
  "PInvoke.Windows.Core.dll": "90015440A44935208FFEA9BF61740651",
  "PInvoke.Windows.ShellScalingApi.dll": "F351B34B8C9183A51CADFDC279357C49",
  "PInvoke.WinUsb.dll": "9EB8A0280F2848D1A32B560A939F7336",
  "PInvoke.WtsApi32.dll": "341C94455D2E5893DBE4293D4D67AA4D",
  "Reloaded.Assembler.dll": "8BBDD5731063072575B52D21C870B7F2",
  "Reloaded.Hooks.Definitions.dll": "982D90C9D50A6DC7B8119BC160294EE2",
  "Reloaded.Hooks.dll": "3CBA9FAA34FBE0EC7D1E6BB2BBD385E5",
  "Reloaded.Memory.Buffers.dll": "0F5F7E2CFCC64CF6833FF2A5902D86F5",
  "Reloaded.Memory.dll": "C56A62FE77424FFE098B82DBF87F4980",
  "revision.txt": "497476FE61816251905E8BAAFDF54C23",
  "SDL2-CS.config": "65557595FD5DF55D93B2BF881DE62C3A",
  "SDL2-CS.dll": "068AED11BABDE009C46616EFEF3ABF23",
  "Serilog.dll": "FEB30A13C46FCCF3723E0F00AD5E8619",
  "Serilog.Sinks.Async.dll": "158220C0F251B8FEF981E76F1E041E0E",
  "Serilog.Sinks.Console.dll": "A7A9F6F1B516C351144AC6274493B7C3",
  "Serilog.Sinks.File.dll": "633711E8DC495895F05DA0EEA97A9466",
  "SharpDX.Direct3D11.dll": "87360634B993DD2F36AAB959F85401E9",
  "SharpDX.dll": "5E6F1D8A3C6A63B972A1003C966426D1",
  "SharpDX.DXGI.dll": "D46D79239A8DDB6369BA20CF1904D612",
  "SharpDX.Mathematics.dll": "43791839F1323006FC7379814E31B3E4",
  "Silk.NET.Core.dll": "48380DB1D3412612C9FE416311161F79",
  "Silk.NET.GLFW.dll": "E5C5CD8B361EAA6C87C8730D02DDAC48",
  "Silk.NET.Maths.dll": "514F3E6FDDDF7F76CDB03C67C515618C",
  "Silk.NET.OpenGL.dll": "A5C5453782C702347AC88CF3CECAE1B7",
  "Silk.NET.SDL.dll": "E9ED1BF6A8F5BAD3F7BBF54C70BA42FE",
  "Silk.NET.Windowing.Common.dll": "5B40DF0AB0B3CCAE740B104D336B6C63",
  "Silk.NET.Windowing.Glfw.dll": "B875DC125D64E918667E08647B48C084",
  "Silk.NET.Windowing.Sdl.dll": "D521648B41A90EC606E70738A3204A1A",
  "SQLite-net.dll": "D643D85BF57CFEFC92710C77788E380D",
  "SQLitePCLRaw.batteries_v2.dll": "F3745EB616D0C4287945F3C9D15DEA11",
  "SQLitePCLRaw.core.dll": "0372C96F83A1A4C9663F44B5DB843D80",
  "SQLitePCLRaw.nativelibrary.dll": "E7233D3F33F4063A1B0410809F6169B2",
  "SQLitePCLRaw.provider.dynamic_cdecl.dll": "07484104C7DFE90BF74D1B7685FA422C",
  "StbiSharp.dll": "39EFB8D87A1704EB9E845E593F9E31E6",
  "System.Reactive.dll": "EF5A00287AD15393D41B12AA4B726FF7",
  "System.Reflection.MetadataLoadContext.dll": "E88E3AF6D37736F339022C9ACC5F2F7B",
  "System.Security.Cryptography.Pkcs.dll": "8950E01996A37E808BE3F39063C37BF9",
  "TEMP_gitver.txt": "E6D2C2B78DB4260AE31FF2022BA30A40",
  "TerraFX.Interop.Windows.dll": "84F7EF6B0DE91F8CC23F773D3FD6DEC0",
  "Validation.dll": "90BB563A34D359677EE2487AB25B9EBE"
}
