{
  "runtimes\\alpine-x64\\native\\libe_sqlite3.so": "39C244FEDBCD3DFC37041D4FCE1AE21D",
  "runtimes\\linux-arm\\native\\libe_sqlite3.so": "96CF54BC0EFB83D6E3F5F3E04997A59D",
  "runtimes\\linux-arm64\\native\\libe_sqlite3.so": "F079E55E7F3F9966A4A2052A3234E068",
  "runtimes\\linux-armel\\native\\libe_sqlite3.so": "C5A67D49434FC65D64E9C15778078C76",
  "runtimes\\linux-mips64\\native\\libe_sqlite3.so": "5F8461214089CFC677D46C19B7162161",
  "runtimes\\linux-musl-x64\\native\\libe_sqlite3.so": "39C244FEDBCD3DFC37041D4FCE1AE21D",
  "runtimes\\linux-x64\\native\\libe_sqlite3.so": "6F49C540D3AB9964D67A4A704C3D262D",
  "runtimes\\linux-x64\\native\\libglfw.so.3": "9E3137144F68B9E9793F4C7AD5B1BEA7",
  "runtimes\\linux-x64\\native\\libSDL2-2.0.so": "99B95A708381FC66AB2370E45A260527",
  "runtimes\\linux-x64\\native\\libstbi.so": "0945355ED59677D06E3E88F48101BB26",
  "runtimes\\linux-x86\\native\\libe_sqlite3.so": "5E0659B414CBD6DDC38C65582485853E",
  "runtimes\\osx-x64\\native\\libe_sqlite3.dylib": "F82AE134FCD1C080A69D775591406673",
  "runtimes\\osx-x64\\native\\libglfw.3.dylib": "1E30FAB2F0C40E82290AD4B0BF14A880",
  "runtimes\\osx-x64\\native\\libSDL2-2.0.dylib": "AAC958490586C67395F0A90903AE3747",
  "runtimes\\osx-x64\\native\\libstbi.dylib": "0B84B0A6A80178266018081C3CAB68E6",
  "runtimes\\win-arm\\native\\e_sqlite3.dll": "13D50906DDE251625D9133C80E68F385",
  "runtimes\\win-arm64\\native\\e_sqlite3.dll": "B5A9D44A7DAFEA19AF8BD12C09592ED1",
  "runtimes\\win-x64\\native\\cimgui.dll": "6A528FABAC52958F7B64CA9EA368A157",
  "runtimes\\win-x64\\native\\cimguizmo.dll": "FA0A50B0543919545D13FAAF200C4239",
  "runtimes\\win-x64\\native\\cimplot.dll": "324BD904825BF8559DE0A43E37C7FAE1",
  "runtimes\\win-x64\\native\\e_sqlite3.dll": "17E33F28C60A80B526993C1866DA7119",
  "runtimes\\win-x64\\native\\glfw3.dll": "10621940F31CAD8BBE98D0B55BB444BC",
  "runtimes\\win-x64\\native\\minhook.x64d.dll": "966A655ABF08CDB1FEA14EDB8D160810",
  "runtimes\\win-x64\\native\\SDL2.dll": "F08B656AED403B370C38035B3E262A7A",
  "runtimes\\win-x64\\native\\stbi.dll": "A922BEDA250F31B5EC3095B38B4AC03A",
  "runtimes\\win-x64\\native\\stbi.lib": "927C214DE576219E1F80DBE7798A0502",
  "runtimes\\win-x86\\native\\e_sqlite3.dll": "D8FF6942D63F0C18166D6FEDDB265D08",
  "runtimes\\win-x86\\native\\glfw3.dll": "F5E394D4C5C7D57B6B392E86DEE51464",
  "runtimes\\win-x86\\native\\SDL2.dll": "BF4FC34D5FF151639078DBEDDB0983AF",
  "targets\\Dalamud.Plugin.Bootstrap.targets": "C85635161398CD9852CF7212DB7EB904",
  "targets\\Dalamud.Plugin.targets": "69D15EDFB3D4F0BEE3A099216E4DE057",
  "BitFaster.Caching.dll": "E19CCC951B34862C430EAB6EA2EC0B18",
  "CheapLoc.dll": "E42E7A99CC3EAE8F972C0A9B4B885B78",
  "commit_hash.txt": "1D45FD67CB3325F4CA94989772488BE1",
  "Costura.dll": "BEC8BD68BDB129581F9D809D9EA4E866",
  "Dalamud.Boot.dll": "D9721B49647151AF522294937ED49899",
  "Dalamud.Common.dll": "F7FB29D67FA9BE813FE3CE6309D3846B",
  "Dalamud.deps.json": "D3AC001AF1F66565AA6AD147FB748A10",
  "Dalamud.dll": "B91FA3CF9540ECADD25B4B3904DB50A3",
  "Dalamud.Injector.deps.json": "E30B9BD40106FFC14A5274A670979EDF",
  "Dalamud.Injector.dll": "7B5365A0C32811A1638F788821E7674F",
  "Dalamud.Injector.exe": "128137BBAAD72491699B9F90EB419507",
  "Dalamud.Injector.runtimeconfig.json": "B9BB65FFE7924D4D8BABE9FA66303200",
  "Dalamud.Injector.xml": "D41E5DF541D19A015215E777D7395C9C",
  "Dalamud.runtimeconfig.json": "2A9CD915428BDD175E0889BD0C225F75",
  "Dalamud.xml": "ED05A98B46E8E3177DC1B4EA695A15E3",
  "DalamudCrashHandler.exe": "360B234D55860E5169732FB0CFEF0F7C",
  "FASM-LICENSE.TXT": "ECEA1D10811221D5F0A3E96F9C38E2C7",
  "FASM.DLL": "97A33CED285E9315529F87C8DB283B04",
  "FASMX64.DLL": "133BE92AF025E43046D0C134BF9A41D1",
  "FFXIVClientStructs.dll": "A25942D3FB9342BED208D28D0732605E",
  "FFXIVClientStructs.xml": "7875AE170297BB85DC5C4830801FA9F8",
  "goaaats.Reloaded.Assembler.targets": "CC22CB0A353E2136EE9E6E96DB9F7164",
  "Iced.dll": "D2FEC14B58C6AB584EB4261AF168FFB4",
  "ImGui.NET.dll": "8C6C2A13793D263E91F4C9E957FCA6AB",
  "ImGuiScene.dll": "A912B9C5C1BF90B32656C82DCAFDABB4",
  "InteropGenerator.Runtime.dll": "C3B2CEC554352E42D9AD1EB5632B15D8",
  "JetBrains.Annotations.dll": "C8A7BC18EFD4EF5F76172BC9F69CAE24",
  "licenses.txt": "A159BE62AA91178EFC3E3983AE874D1D",
  "Lumina.dll": "A0D63DF20066CB47686850DB69E20784",
  "Lumina.Excel.dll": "7486F5F7734B4A84AC56E609110B34FE",
  "Microsoft.Bcl.HashCode.dll": "613AB56061ADF2284E047025207467E0",
  "Microsoft.DotNet.PlatformAbstractions.dll": "00AB0F02B1114C57C758F5AD595224F1",
  "Microsoft.Extensions.DependencyModel.dll": "F39BC76C10CFEA478C936FC4521A9FC9",
  "Microsoft.Extensions.ObjectPool.dll": "FEE3CE8A84417360CC5ED787ED6F7DB1",
  "MinSharp.dll": "7FD64EFC88B2921AC7F63E8736B6DDFA",
  "Mono.Cecil.dll": "178BA0D9F289845526E3C040F9A46723",
  "Mono.Cecil.Mdb.dll": "5D6CEABAC3CF64447848454F7D0ED516",
  "Mono.Cecil.Pdb.dll": "6D25D9F0F09BF6FDCE0880853E5EDDC9",
  "Mono.Cecil.Rocks.dll": "D5C07900C66A6D402D3A26606FB2FA0D",
  "nethost.dll": "21F39F71E2F4B5BA9FB3F126872F2F9B",
  "Newtonsoft.Json.dll": "ADF3E3EECDE20B7C9661E9C47106A14A",
  "PeNet.Asn1.dll": "161260CF700BF60D1254B89BFF7D491B",
  "PeNet.dll": "B3765826B47604A776FA8A1BB6E4911C",
  "PInvoke.AdvApi32.dll": "34EE461D05B403C3A15D0DEC32A3788C",
  "PInvoke.BCrypt.dll": "FD07758EE1440491F22923084109FF26",
  "PInvoke.Cabinet.dll": "333D950E3804735DA60CC41D614C63E2",
  "PInvoke.CfgMgr32.dll": "768BE7CC18EDCF78B296A72ABE891691",
  "PInvoke.Crypt32.dll": "E7B00B0851738F4A7F2C6D37DAA973B4",
  "PInvoke.DbgHelp.dll": "E701136169620D20E3A70B560DE20E44",
  "PInvoke.DwmApi.dll": "ACF223CC8962404056648815B486F7D9",
  "PInvoke.Gdi32.dll": "69FF434826F98582CE44D3136ECFFACB",
  "PInvoke.Hid.dll": "2E7A41257F8AD9B26073181F450CD8E5",
  "PInvoke.ImageHlp.dll": "79BE816E8D86EA66489D7780DD675D49",
  "PInvoke.IPHlpApi.dll": "E949FA3326D1BA8872B179AB4EE49D38",
  "PInvoke.Kernel32.dll": "234E15B122ED430DE99490CA1A204958",
  "PInvoke.Magnification.dll": "C9EA3D34F506741ECC044DB19C151F09",
  "PInvoke.Msi.dll": "69EE50CE2DA6B55755E52589F49A7EBC",
  "PInvoke.NCrypt.dll": "DA1DE76C14D99370CA3BEF19DC299B15",
  "PInvoke.NetApi32.dll": "AE79F9FA2E3864A5E0642AE4622ECDC5",
  "PInvoke.NewDev.dll": "B3E1992105D986EF9C5C8E4B630FBB07",
  "PInvoke.NTDll.dll": "3F6BDF840EB27DD0FD9EB8071822183A",
  "PInvoke.Ole32.dll": "3C49FB100B60519FFE725BCD12A538F6",
  "PInvoke.Psapi.dll": "A7683EE4B880227F01C8AE632A892B9E",
  "PInvoke.SetupApi.dll": "1B7AE321185D0081D1759A9AD829F9BA",
  "PInvoke.SHCore.dll": "F27E7F063D51480F6D2294C903E4A606",
  "PInvoke.Shell32.dll": "F71A1BCAF6478190691170DAEA77722F",
  "PInvoke.User32.dll": "8BEDE38311ED4F27127290B81B8079FD",
  "PInvoke.Userenv.dll": "FEB7BCA90B8C905EC2F4BB0789847131",
  "PInvoke.UxTheme.dll": "8E683C016250CB719FDB9AAAFC22B3C5",
  "PInvoke.Windows.Core.dll": "90015440A44935208FFEA9BF61740651",
  "PInvoke.Windows.ShellScalingApi.dll": "F351B34B8C9183A51CADFDC279357C49",
  "PInvoke.WinUsb.dll": "9EB8A0280F2848D1A32B560A939F7336",
  "PInvoke.WtsApi32.dll": "341C94455D2E5893DBE4293D4D67AA4D",
  "Reloaded.Assembler.dll": "BADEC360D45F4714E0F4D2E7FAE99FFF",
  "Reloaded.Hooks.Definitions.dll": "4DEECC23FDAE2FD4EE2A2773BEFD170A",
  "Reloaded.Hooks.dll": "38813F0CA70C698BF11F0871687A13AB",
  "Reloaded.Memory.Buffers.dll": "449FCEF54CA85293BA3476D49DC18934",
  "Reloaded.Memory.dll": "C5EDF527623D7813B8F51373EB26B5F8",
  "revision.txt": "C4098249CC953BD98B54E57A1AD89D12",
  "SDL2-CS.config": "65557595FD5DF55D93B2BF881DE62C3A",
  "SDL2-CS.dll": "17A7A943DB2CDFE4DB181DEC442F2927",
  "Serilog.dll": "223278B50AC62FCA832DDDB1C473EFD7",
  "Serilog.Sinks.Async.dll": "0AC9F78940EC1B7B2D954D224512DF9B",
  "Serilog.Sinks.Console.dll": "5F98256FAB1431C8D197D710CD2DEE18",
  "Serilog.Sinks.File.dll": "B1454FAA607A2B9956D2C9500EF3AEBA",
  "SharpDX.Direct3D11.dll": "5E806CC9558C8DD0565D86FA61723592",
  "SharpDX.dll": "2CEABE08697C93634CEF37FFAEA75C7F",
  "SharpDX.DXGI.dll": "DD5089169CE9544C39F00F3F3002D938",
  "SharpDX.Mathematics.dll": "8D53CED9B91B9260D6F9180AF9EBFAA5",
  "Silk.NET.Core.dll": "830774144304FF2CE9FDFCC03BCFE87E",
  "Silk.NET.GLFW.dll": "382537C2D43F8FAE54FEC9935FF085C7",
  "Silk.NET.Maths.dll": "CB4C942B10DD91149C2233755D1857A4",
  "Silk.NET.OpenGL.dll": "FD69A0CB7281006BC075B1094F200DB2",
  "Silk.NET.SDL.dll": "9C5DA9625F5E33575A5AF83AAA5EABF3",
  "Silk.NET.Windowing.Common.dll": "2539D248348236EA93A8A2BA11EEE370",
  "Silk.NET.Windowing.Glfw.dll": "CEC342423273B5B0FCCCBAAB62BBB323",
  "Silk.NET.Windowing.Sdl.dll": "A15CBDC3F4283A33DC622320C15E0926",
  "SQLite-net.dll": "A129DA75CDBA34C5371DCF6E27467D3D",
  "SQLitePCLRaw.batteries_v2.dll": "B149E7ED373FD99A1F1B0A025B17EF93",
  "SQLitePCLRaw.core.dll": "33FA66D5862F1CE8A252CE9103CCB998",
  "SQLitePCLRaw.nativelibrary.dll": "E422804E083C7F2A27D8F6EFCB88BECD",
  "SQLitePCLRaw.provider.dynamic_cdecl.dll": "90E10A90FEBCF6D174761D632E5718A5",
  "StbiSharp.dll": "15B9B2FF13EAA5E21AA86C51AE7D2734",
  "System.Reactive.dll": "EF5A00287AD15393D41B12AA4B726FF7",
  "System.Reflection.MetadataLoadContext.dll": "E88E3AF6D37736F339022C9ACC5F2F7B",
  "System.Security.Cryptography.Pkcs.dll": "8950E01996A37E808BE3F39063C37BF9",
  "TEMP_gitver.txt": "6988E793FC738C659C6FD28DA62895EB",
  "TerraFX.Interop.Windows.dll": "84F7EF6B0DE91F8CC23F773D3FD6DEC0",
  "Validation.dll": "0924FFB12C80C97097C10297D11B5DAF"
}
