{
  "runtimes\\alpine-x64\\native\\libe_sqlite3.so": "39C244FEDBCD3DFC37041D4FCE1AE21D",
  "runtimes\\linux-arm\\native\\libe_sqlite3.so": "96CF54BC0EFB83D6E3F5F3E04997A59D",
  "runtimes\\linux-arm64\\native\\libe_sqlite3.so": "F079E55E7F3F9966A4A2052A3234E068",
  "runtimes\\linux-armel\\native\\libe_sqlite3.so": "C5A67D49434FC65D64E9C15778078C76",
  "runtimes\\linux-mips64\\native\\libe_sqlite3.so": "5F8461214089CFC677D46C19B7162161",
  "runtimes\\linux-musl-x64\\native\\libe_sqlite3.so": "39C244FEDBCD3DFC37041D4FCE1AE21D",
  "runtimes\\linux-x64\\native\\libe_sqlite3.so": "6F49C540D3AB9964D67A4A704C3D262D",
  "runtimes\\linux-x64\\native\\libglfw.so.3": "9E3137144F68B9E9793F4C7AD5B1BEA7",
  "runtimes\\linux-x64\\native\\libSDL2-2.0.so": "99B95A708381FC66AB2370E45A260527",
  "runtimes\\linux-x64\\native\\libstbi.so": "0945355ED59677D06E3E88F48101BB26",
  "runtimes\\linux-x86\\native\\libe_sqlite3.so": "5E0659B414CBD6DDC38C65582485853E",
  "runtimes\\osx-x64\\native\\libe_sqlite3.dylib": "F82AE134FCD1C080A69D775591406673",
  "runtimes\\osx-x64\\native\\libglfw.3.dylib": "1E30FAB2F0C40E82290AD4B0BF14A880",
  "runtimes\\osx-x64\\native\\libSDL2-2.0.dylib": "AAC958490586C67395F0A90903AE3747",
  "runtimes\\osx-x64\\native\\libstbi.dylib": "0B84B0A6A80178266018081C3CAB68E6",
  "runtimes\\win-arm\\native\\e_sqlite3.dll": "4618BC0A9729681188E9E75EE9BFD4E4",
  "runtimes\\win-arm64\\native\\e_sqlite3.dll": "317C39344F5CFCDCFE85C0AFF10F7017",
  "runtimes\\win-x64\\native\\cimgui.dll": "5674E6E63787E018D22ACEEA09A2E4F1",
  "runtimes\\win-x64\\native\\cimguizmo.dll": "AFB0419EBB6D7B438466B9DCD20AC15A",
  "runtimes\\win-x64\\native\\cimplot.dll": "02C117CEC4BD98ED134E4E7E412DABD8",
  "runtimes\\win-x64\\native\\e_sqlite3.dll": "3063A6879E847A35FC6CE80F4D36FE4A",
  "runtimes\\win-x64\\native\\glfw3.dll": "279BDEF8FC474F8DFDD3FCCFFCC4EE6F",
  "runtimes\\win-x64\\native\\minhook.x64d.dll": "C212D44557CE85724F91C2D1D8A325DD",
  "runtimes\\win-x64\\native\\SDL2.dll": "C35C833B4510023E927C17E74CDA8740",
  "runtimes\\win-x64\\native\\stbi.dll": "6FE40C6C63A9E9EDA61FF5898995B481",
  "runtimes\\win-x64\\native\\stbi.lib": "927C214DE576219E1F80DBE7798A0502",
  "runtimes\\win-x86\\native\\e_sqlite3.dll": "950041871C950E2C332AEC55C3B192EC",
  "runtimes\\win-x86\\native\\glfw3.dll": "35E5E91EF9DA030BBF261B488012662D",
  "runtimes\\win-x86\\native\\SDL2.dll": "117B20FC1D2BDE6AC541F06479712F64",
  "targets\\Dalamud.Plugin.Bootstrap.targets": "C85635161398CD9852CF7212DB7EB904",
  "targets\\Dalamud.Plugin.targets": "E582DE4B2093280C18BFC7764530631A",
  "BitFaster.Caching.dll": "92B30F19E60147469824427BC3A6C6E2",
  "CheapLoc.dll": "E56DFF097880FA978BBAB273B996DFE2",
  "commit_hash.txt": "30892A38C629D5F6AEE97FF3F4BCA782",
  "Costura.dll": "A8220533671888B8EE0A62FB13B9FCD9",
  "Dalamud.Boot.dll": "D58CC4FF67D8BFEA3321AF60700A69EB",
  "Dalamud.Common.dll": "90A7B441B7B345C2B218B7F707CF486A",
  "Dalamud.deps.json": "2CAC0CBA0A449A8140F5DA9DD9829675",
  "Dalamud.dll": "680C0E517E9BDD1AA0AB49BA06EA230B",
  "Dalamud.Injector.deps.json": "E30B9BD40106FFC14A5274A670979EDF",
  "Dalamud.Injector.dll": "863A0075CDCB649303B3C898263742F6",
  "Dalamud.Injector.exe": "567FC5D28C975494AB0EDAC3AE35C92F",
  "Dalamud.Injector.runtimeconfig.json": "B9BB65FFE7924D4D8BABE9FA66303200",
  "Dalamud.Injector.xml": "D41E5DF541D19A015215E777D7395C9C",
  "Dalamud.runtimeconfig.json": "2A9CD915428BDD175E0889BD0C225F75",
  "Dalamud.xml": "8D4955EC9A6E52F2712D386B2428EE58",
  "DalamudCrashHandler.exe": "B365F1AEF439B7841B7408E9022200D6",
  "FASM-LICENSE.TXT": "ECEA1D10811221D5F0A3E96F9C38E2C7",
  "FASM.DLL": "65EEF68FD340E067C6EC6E4C50AB6617",
  "FASMX64.DLL": "53255B2CCC258233E9EE705F249A7314",
  "FFXIVClientStructs.dll": "B1C152C1DED089FDDD376C7B8A6B1EB1",
  "FFXIVClientStructs.xml": "732BB87F08FF35CCC406946651EAC80F",
  "goaaats.Reloaded.Assembler.targets": "CC22CB0A353E2136EE9E6E96DB9F7164",
  "Iced.dll": "536506EBC97283AEB6514E59D4541ECC",
  "ImGui.NET.dll": "8620A75EA695BFE166A5EC4362CF8039",
  "ImGuiScene.dll": "4E957563C63495DD77E88093D3419C4C",
  "InteropGenerator.Runtime.dll": "E6838E5AFCFBBB889341F9B25E9F6E9E",
  "JetBrains.Annotations.dll": "938EA8196384DA978BA9036E7AD3BB96",
  "licenses.txt": "A159BE62AA91178EFC3E3983AE874D1D",
  "Lumina.dll": "31A7D05B368EF4579758C666F20D0D37",
  "Lumina.Excel.dll": "2ACE626BB1EFA7ECD5EB5865A0C44AB9",
  "Microsoft.Bcl.HashCode.dll": "613AB56061ADF2284E047025207467E0",
  "Microsoft.DotNet.PlatformAbstractions.dll": "00AB0F02B1114C57C758F5AD595224F1",
  "Microsoft.Extensions.DependencyModel.dll": "F39BC76C10CFEA478C936FC4521A9FC9",
  "Microsoft.Extensions.ObjectPool.dll": "FEE3CE8A84417360CC5ED787ED6F7DB1",
  "MinSharp.dll": "146F42036B8E005D2FD2D0767C74FC45",
  "Mono.Cecil.dll": "270233ACBB311643F5123F99D4AC7DF0",
  "Mono.Cecil.Mdb.dll": "DD0DBF7285EE5A6FFC34DF49E526E1B9",
  "Mono.Cecil.Pdb.dll": "0DBBBDCE35E3AD6AE1FCCBBEE6C8BABD",
  "Mono.Cecil.Rocks.dll": "664BA0BBC3EBD8E367BB4FCC51CC7123",
  "nethost.dll": "21F39F71E2F4B5BA9FB3F126872F2F9B",
  "Newtonsoft.Json.dll": "ADF3E3EECDE20B7C9661E9C47106A14A",
  "PeNet.Asn1.dll": "ADDABF0D4C24F0FD35FF4F0EE249319A",
  "PeNet.dll": "C2F2C9D0280FF2C48FB868A703B663B9",
  "PInvoke.AdvApi32.dll": "34EE461D05B403C3A15D0DEC32A3788C",
  "PInvoke.BCrypt.dll": "FD07758EE1440491F22923084109FF26",
  "PInvoke.Cabinet.dll": "333D950E3804735DA60CC41D614C63E2",
  "PInvoke.CfgMgr32.dll": "768BE7CC18EDCF78B296A72ABE891691",
  "PInvoke.Crypt32.dll": "E7B00B0851738F4A7F2C6D37DAA973B4",
  "PInvoke.DbgHelp.dll": "E701136169620D20E3A70B560DE20E44",
  "PInvoke.DwmApi.dll": "ACF223CC8962404056648815B486F7D9",
  "PInvoke.Gdi32.dll": "69FF434826F98582CE44D3136ECFFACB",
  "PInvoke.Hid.dll": "2E7A41257F8AD9B26073181F450CD8E5",
  "PInvoke.ImageHlp.dll": "79BE816E8D86EA66489D7780DD675D49",
  "PInvoke.IPHlpApi.dll": "E949FA3326D1BA8872B179AB4EE49D38",
  "PInvoke.Kernel32.dll": "234E15B122ED430DE99490CA1A204958",
  "PInvoke.Magnification.dll": "C9EA3D34F506741ECC044DB19C151F09",
  "PInvoke.Msi.dll": "69EE50CE2DA6B55755E52589F49A7EBC",
  "PInvoke.NCrypt.dll": "DA1DE76C14D99370CA3BEF19DC299B15",
  "PInvoke.NetApi32.dll": "AE79F9FA2E3864A5E0642AE4622ECDC5",
  "PInvoke.NewDev.dll": "B3E1992105D986EF9C5C8E4B630FBB07",
  "PInvoke.NTDll.dll": "3F6BDF840EB27DD0FD9EB8071822183A",
  "PInvoke.Ole32.dll": "3C49FB100B60519FFE725BCD12A538F6",
  "PInvoke.Psapi.dll": "A7683EE4B880227F01C8AE632A892B9E",
  "PInvoke.SetupApi.dll": "1B7AE321185D0081D1759A9AD829F9BA",
  "PInvoke.SHCore.dll": "F27E7F063D51480F6D2294C903E4A606",
  "PInvoke.Shell32.dll": "F71A1BCAF6478190691170DAEA77722F",
  "PInvoke.User32.dll": "8BEDE38311ED4F27127290B81B8079FD",
  "PInvoke.Userenv.dll": "FEB7BCA90B8C905EC2F4BB0789847131",
  "PInvoke.UxTheme.dll": "8E683C016250CB719FDB9AAAFC22B3C5",
  "PInvoke.Windows.Core.dll": "90015440A44935208FFEA9BF61740651",
  "PInvoke.Windows.ShellScalingApi.dll": "F351B34B8C9183A51CADFDC279357C49",
  "PInvoke.WinUsb.dll": "9EB8A0280F2848D1A32B560A939F7336",
  "PInvoke.WtsApi32.dll": "341C94455D2E5893DBE4293D4D67AA4D",
  "Reloaded.Assembler.dll": "1C7E9ABC5D542AF7DCB51DF813C0E6E5",
  "Reloaded.Hooks.Definitions.dll": "7331DE81C0C331AFE276290DC295E354",
  "Reloaded.Hooks.dll": "C8B31EDD2580B77C39F7365F22AFBBDD",
  "Reloaded.Memory.Buffers.dll": "CD6499085723B2AFE282E43D7A8D8298",
  "Reloaded.Memory.dll": "890E3EE4FB8C00B9B821671730FAEFA6",
  "revision.txt": "EFFFFA8DEEF3C927FEFC014850129BB6",
  "SDL2-CS.config": "65557595FD5DF55D93B2BF881DE62C3A",
  "SDL2-CS.dll": "914D8A0A442CDE8787BE09910BE65325",
  "Serilog.dll": "AC8BF071E7436CFED0BB6EDFF48A99F4",
  "Serilog.Sinks.Async.dll": "A9AFE834782E9D37A07B14DEC834F1BE",
  "Serilog.Sinks.Console.dll": "CBE0E3DF727B1F57ADA42EC0F6BC19DF",
  "Serilog.Sinks.File.dll": "68F95AC5EC7FD24E31CBDCB771C4A3E3",
  "SharpDX.Direct3D11.dll": "4EFF846EB8499789D8598059FF7EF374",
  "SharpDX.dll": "814D8C6D23385EB6649FBF6BB2FFAC06",
  "SharpDX.DXGI.dll": "1AD4CB73ACFAD85C4F7C3D89D3F0A845",
  "SharpDX.Mathematics.dll": "F46F8715B22FF84EE215454ACC8E28A0",
  "Silk.NET.Core.dll": "956FF814BE9E92B0612313B98ECF4D22",
  "Silk.NET.GLFW.dll": "ABBACD9B0FB48220EB9D90051182AF88",
  "Silk.NET.Maths.dll": "350F307134B531CF740C365BE873A4D8",
  "Silk.NET.OpenGL.dll": "D89D571D7CB91F2B827C27FE634D4DBC",
  "Silk.NET.SDL.dll": "98F8C27724D5CA720CA0C001EFC54495",
  "Silk.NET.Windowing.Common.dll": "D11F5D2C2171A4816DA6934CF608138F",
  "Silk.NET.Windowing.Glfw.dll": "50141A24CAC13779B9711E339632C21E",
  "Silk.NET.Windowing.Sdl.dll": "81E246D8DF7D44483A5459F00E318FF8",
  "SQLite-net.dll": "86C5412DD0139EE9D5BEAB870C674B80",
  "SQLitePCLRaw.batteries_v2.dll": "9C33EA15F40CDCB3E958BD82CEBD237A",
  "SQLitePCLRaw.core.dll": "ED6877FAD388173B10C21713ED13DAB5",
  "SQLitePCLRaw.nativelibrary.dll": "19A08372E19A81718D54395843AE33FA",
  "SQLitePCLRaw.provider.dynamic_cdecl.dll": "85414CCCDE7696B27C2B30F4EAA294D9",
  "StbiSharp.dll": "C5418DE5181F3324595AB55E6BEBD7DE",
  "System.Reactive.dll": "EF5A00287AD15393D41B12AA4B726FF7",
  "System.Reflection.MetadataLoadContext.dll": "E88E3AF6D37736F339022C9ACC5F2F7B",
  "System.Security.Cryptography.Pkcs.dll": "8950E01996A37E808BE3F39063C37BF9",
  "TEMP_gitver.txt": "A2EB5E8CBE2A3B9144B451B95EF88EEF",
  "TerraFX.Interop.Windows.dll": "84F7EF6B0DE91F8CC23F773D3FD6DEC0",
  "Validation.dll": "1766DA3236907C43D00763B76EF2D10F"
}
