{
  "runtimes\\alpine-x64\\native\\libe_sqlite3.so": "39C244FEDBCD3DFC37041D4FCE1AE21D",
  "runtimes\\linux-arm\\native\\libe_sqlite3.so": "96CF54BC0EFB83D6E3F5F3E04997A59D",
  "runtimes\\linux-arm64\\native\\libe_sqlite3.so": "F079E55E7F3F9966A4A2052A3234E068",
  "runtimes\\linux-armel\\native\\libe_sqlite3.so": "C5A67D49434FC65D64E9C15778078C76",
  "runtimes\\linux-mips64\\native\\libe_sqlite3.so": "5F8461214089CFC677D46C19B7162161",
  "runtimes\\linux-musl-x64\\native\\libe_sqlite3.so": "39C244FEDBCD3DFC37041D4FCE1AE21D",
  "runtimes\\linux-x64\\native\\libe_sqlite3.so": "6F49C540D3AB9964D67A4A704C3D262D",
  "runtimes\\linux-x64\\native\\libglfw.so.3": "9E3137144F68B9E9793F4C7AD5B1BEA7",
  "runtimes\\linux-x64\\native\\libSDL2-2.0.so": "99B95A708381FC66AB2370E45A260527",
  "runtimes\\linux-x64\\native\\libstbi.so": "0945355ED59677D06E3E88F48101BB26",
  "runtimes\\linux-x86\\native\\libe_sqlite3.so": "5E0659B414CBD6DDC38C65582485853E",
  "runtimes\\osx-x64\\native\\libe_sqlite3.dylib": "F82AE134FCD1C080A69D775591406673",
  "runtimes\\osx-x64\\native\\libglfw.3.dylib": "1E30FAB2F0C40E82290AD4B0BF14A880",
  "runtimes\\osx-x64\\native\\libSDL2-2.0.dylib": "AAC958490586C67395F0A90903AE3747",
  "runtimes\\osx-x64\\native\\libstbi.dylib": "0B84B0A6A80178266018081C3CAB68E6",
  "runtimes\\win-arm\\native\\e_sqlite3.dll": "14BF779B0F9B9B7CCED9E1C4E7041171",
  "runtimes\\win-arm64\\native\\e_sqlite3.dll": "C86DF66B7A650940EC18FFB0CB266946",
  "runtimes\\win-x64\\native\\cimgui.dll": "F5830A15E78FE3B0464EC33710DEA89D",
  "runtimes\\win-x64\\native\\cimguizmo.dll": "D475CCC29F0645D23A9C5D3882EA6D92",
  "runtimes\\win-x64\\native\\cimplot.dll": "EFABE445B61CE73733388BC53A9C8916",
  "runtimes\\win-x64\\native\\e_sqlite3.dll": "C69E7C002BD4620FF8087A0FC68C28EE",
  "runtimes\\win-x64\\native\\glfw3.dll": "49CEFDD66BEC49E8E7E9C93056F138B7",
  "runtimes\\win-x64\\native\\minhook.x64d.dll": "E996D2F7AA0ED4E8BADFAD351F56E54A",
  "runtimes\\win-x64\\native\\SDL2.dll": "D65150F97388CB02BD9CB7E0E9670161",
  "runtimes\\win-x64\\native\\stbi.dll": "70B8F5174CBF1B3CBDFD8EFEB89D0566",
  "runtimes\\win-x64\\native\\stbi.lib": "927C214DE576219E1F80DBE7798A0502",
  "runtimes\\win-x86\\native\\e_sqlite3.dll": "FDFA08B0419273DC6BE36FEB6F106DE5",
  "runtimes\\win-x86\\native\\glfw3.dll": "1278C3B047CA4C61D8BFECF4084FD0FB",
  "runtimes\\win-x86\\native\\SDL2.dll": "6ED11B85A1F5460EF26E17E05D039238",
  "targets\\Dalamud.Plugin.Bootstrap.targets": "C85635161398CD9852CF7212DB7EB904",
  "targets\\Dalamud.Plugin.targets": "69D15EDFB3D4F0BEE3A099216E4DE057",
  "BitFaster.Caching.dll": "5F95C35AD40032845EB14FD051A1946A",
  "CheapLoc.dll": "E3078A4A30A06C886C9C03CE81E0FB5B",
  "commit_hash.txt": "45D4EDCF4163BF856DAFC8ED480ACC44",
  "Costura.dll": "136E7EC7A32DF6B3752DE02EA52F0ADF",
  "Dalamud.Boot.dll": "D763EE17CC2FBBDC66DD46B0C43FC99C",
  "Dalamud.Common.dll": "FF4B0495984F3E318F4CA78C9DF06DCB",
  "Dalamud.deps.json": "C1CB5BD4FF22AA492DC8C70702F7EC94",
  "Dalamud.dll": "4B70721B6FEC54D56C932F3B0A12798F",
  "Dalamud.Injector.deps.json": "E30B9BD40106FFC14A5274A670979EDF",
  "Dalamud.Injector.dll": "FC7AA22A738EFD0CC566EEB288C16C00",
  "Dalamud.Injector.exe": "76DC264307F986AE9D485FE3E5207A59",
  "Dalamud.Injector.runtimeconfig.json": "B9BB65FFE7924D4D8BABE9FA66303200",
  "Dalamud.Injector.xml": "D41E5DF541D19A015215E777D7395C9C",
  "Dalamud.runtimeconfig.json": "2A9CD915428BDD175E0889BD0C225F75",
  "Dalamud.xml": "7F53D417445D07F17AA8A5DE53837E70",
  "DalamudCrashHandler.exe": "CD2EA0E3D04A82A17255B261C143E04D",
  "FASM-LICENSE.TXT": "ECEA1D10811221D5F0A3E96F9C38E2C7",
  "FASM.DLL": "3392DE13DD57DCDC557876EF2A5D4CFC",
  "FASMX64.DLL": "062014E99DA743FE166E005C4263CCD8",
  "FFXIVClientStructs.dll": "623852A46D87B26BCC01F1FC2DCCD9CD",
  "FFXIVClientStructs.xml": "2CAE72D35BEA14420DF3A6D8E305A89F",
  "goaaats.Reloaded.Assembler.targets": "CC22CB0A353E2136EE9E6E96DB9F7164",
  "Iced.dll": "A6F121E1AD9C1FF7DD850933D0692804",
  "ImGui.NET.dll": "4A67FAB40569189C3A843F993E8F3619",
  "ImGuiScene.dll": "F9400C18327003E25CB3D41B278B99A0",
  "InteropGenerator.Runtime.dll": "557A2B0C912C71EE3FCB2D38E60A5757",
  "JetBrains.Annotations.dll": "D362A52D4A56CFFC15569F3CEF86AF19",
  "licenses.txt": "A159BE62AA91178EFC3E3983AE874D1D",
  "Lumina.dll": "D23283804BEA07FAAA6D2439731BB345",
  "Lumina.Excel.dll": "41033C961A6863BCDCF739A5C4C7F83B",
  "Microsoft.Bcl.HashCode.dll": "613AB56061ADF2284E047025207467E0",
  "Microsoft.DotNet.PlatformAbstractions.dll": "00AB0F02B1114C57C758F5AD595224F1",
  "Microsoft.Extensions.DependencyModel.dll": "F39BC76C10CFEA478C936FC4521A9FC9",
  "Microsoft.Extensions.ObjectPool.dll": "FEE3CE8A84417360CC5ED787ED6F7DB1",
  "MinSharp.dll": "04FCE5226FB6D18476FC542717FA9315",
  "Mono.Cecil.dll": "AD697F72A4BC76B0DA96D428128C765F",
  "Mono.Cecil.Mdb.dll": "F899339FA794E5112338A53397BDEB3D",
  "Mono.Cecil.Pdb.dll": "9EE6A6BA3A939C795F235BF376F38150",
  "Mono.Cecil.Rocks.dll": "DE8F0DB6F0B8AEC8037F24DBBA630722",
  "nethost.dll": "21F39F71E2F4B5BA9FB3F126872F2F9B",
  "Newtonsoft.Json.dll": "ADF3E3EECDE20B7C9661E9C47106A14A",
  "PeNet.Asn1.dll": "51FEB9D3D6F7FC7963FAAD518EC39CA7",
  "PeNet.dll": "DD8A109C651C48C280173B8142418783",
  "PInvoke.AdvApi32.dll": "34EE461D05B403C3A15D0DEC32A3788C",
  "PInvoke.BCrypt.dll": "FD07758EE1440491F22923084109FF26",
  "PInvoke.Cabinet.dll": "333D950E3804735DA60CC41D614C63E2",
  "PInvoke.CfgMgr32.dll": "768BE7CC18EDCF78B296A72ABE891691",
  "PInvoke.Crypt32.dll": "E7B00B0851738F4A7F2C6D37DAA973B4",
  "PInvoke.DbgHelp.dll": "E701136169620D20E3A70B560DE20E44",
  "PInvoke.DwmApi.dll": "ACF223CC8962404056648815B486F7D9",
  "PInvoke.Gdi32.dll": "69FF434826F98582CE44D3136ECFFACB",
  "PInvoke.Hid.dll": "2E7A41257F8AD9B26073181F450CD8E5",
  "PInvoke.ImageHlp.dll": "79BE816E8D86EA66489D7780DD675D49",
  "PInvoke.IPHlpApi.dll": "E949FA3326D1BA8872B179AB4EE49D38",
  "PInvoke.Kernel32.dll": "234E15B122ED430DE99490CA1A204958",
  "PInvoke.Magnification.dll": "C9EA3D34F506741ECC044DB19C151F09",
  "PInvoke.Msi.dll": "69EE50CE2DA6B55755E52589F49A7EBC",
  "PInvoke.NCrypt.dll": "DA1DE76C14D99370CA3BEF19DC299B15",
  "PInvoke.NetApi32.dll": "AE79F9FA2E3864A5E0642AE4622ECDC5",
  "PInvoke.NewDev.dll": "B3E1992105D986EF9C5C8E4B630FBB07",
  "PInvoke.NTDll.dll": "3F6BDF840EB27DD0FD9EB8071822183A",
  "PInvoke.Ole32.dll": "3C49FB100B60519FFE725BCD12A538F6",
  "PInvoke.Psapi.dll": "A7683EE4B880227F01C8AE632A892B9E",
  "PInvoke.SetupApi.dll": "1B7AE321185D0081D1759A9AD829F9BA",
  "PInvoke.SHCore.dll": "F27E7F063D51480F6D2294C903E4A606",
  "PInvoke.Shell32.dll": "F71A1BCAF6478190691170DAEA77722F",
  "PInvoke.User32.dll": "8BEDE38311ED4F27127290B81B8079FD",
  "PInvoke.Userenv.dll": "FEB7BCA90B8C905EC2F4BB0789847131",
  "PInvoke.UxTheme.dll": "8E683C016250CB719FDB9AAAFC22B3C5",
  "PInvoke.Windows.Core.dll": "90015440A44935208FFEA9BF61740651",
  "PInvoke.Windows.ShellScalingApi.dll": "F351B34B8C9183A51CADFDC279357C49",
  "PInvoke.WinUsb.dll": "9EB8A0280F2848D1A32B560A939F7336",
  "PInvoke.WtsApi32.dll": "341C94455D2E5893DBE4293D4D67AA4D",
  "Reloaded.Assembler.dll": "E278C137D2F583D61F2DF7D553C6B004",
  "Reloaded.Hooks.Definitions.dll": "016430EF4FDE08941A646CD55300795E",
  "Reloaded.Hooks.dll": "931A2609492F851C4FB95102BA833DD8",
  "Reloaded.Memory.Buffers.dll": "8886C83DD2FF45938B7CEEA0075EEE9F",
  "Reloaded.Memory.dll": "B79725AD5B891AADCC01315A8264293D",
  "revision.txt": "3BC71FAEBE42E1639EB6FDED38D714CD",
  "SDL2-CS.config": "65557595FD5DF55D93B2BF881DE62C3A",
  "SDL2-CS.dll": "F7689361715AF6DB99DACF35A1A44821",
  "Serilog.dll": "6F18330B40ED812217AC084ECA915F1B",
  "Serilog.Sinks.Async.dll": "0E8CB0FB1712641FC08FF93BAD3E756B",
  "Serilog.Sinks.Console.dll": "8DFD10B9338E5B6823FC932F9319C096",
  "Serilog.Sinks.File.dll": "37947CBDE46E7342F21F21E8EB0B885A",
  "SharpDX.Direct3D11.dll": "ED5443772FE205462F35462526239343",
  "SharpDX.dll": "3401FCD2EED1812F586013BF5686A742",
  "SharpDX.DXGI.dll": "18DA46E72ABE6548CC5F728A35F3030B",
  "SharpDX.Mathematics.dll": "4BAE1BF2638BD22DF9F905D6BA912464",
  "Silk.NET.Core.dll": "DF1A8859C7ACD35950CAE1AA20F940D9",
  "Silk.NET.GLFW.dll": "7B769F1EC03C4A6A38CF1A322A1C7A9C",
  "Silk.NET.Maths.dll": "86FD9F2C3BFEF95F8B856CB93120D106",
  "Silk.NET.OpenGL.dll": "75C658F5F1D920420387B451FB900394",
  "Silk.NET.SDL.dll": "3273F2ABA1AF81A5F9BA3F78CA6FA8AF",
  "Silk.NET.Windowing.Common.dll": "4D4D5C2180A4B6C6105AA54E0D54442D",
  "Silk.NET.Windowing.Glfw.dll": "50D105E4D7F928008658C9BBCDD63135",
  "Silk.NET.Windowing.Sdl.dll": "EEB716D3A027DB77565221CD31DD0ECA",
  "SQLite-net.dll": "C5A45843740D00A46B4B1E29EB094F8E",
  "SQLitePCLRaw.batteries_v2.dll": "37153283665C1CA5C31BD95730AD0ABE",
  "SQLitePCLRaw.core.dll": "D6C59F244707FE146C7CA73BB3822DBF",
  "SQLitePCLRaw.nativelibrary.dll": "B1DFFC37D02D4024D7CA355FD0B24CF8",
  "SQLitePCLRaw.provider.dynamic_cdecl.dll": "37CA5F7E5EAB421B7B2BA32D2A50732F",
  "StbiSharp.dll": "17BD7983D899537E9E2909C65DB8D09A",
  "System.Reactive.dll": "EF5A00287AD15393D41B12AA4B726FF7",
  "System.Reflection.MetadataLoadContext.dll": "E88E3AF6D37736F339022C9ACC5F2F7B",
  "System.Security.Cryptography.Pkcs.dll": "8950E01996A37E808BE3F39063C37BF9",
  "TEMP_gitver.txt": "9CB26C5BB096349E6D213A882C468033",
  "TerraFX.Interop.Windows.dll": "84F7EF6B0DE91F8CC23F773D3FD6DEC0",
  "Validation.dll": "05E4BE6F91FFAB827A1ADFFE407489ED"
}
