{
  "runtimes\\alpine-x64\\native\\libe_sqlite3.so": "39C244FEDBCD3DFC37041D4FCE1AE21D",
  "runtimes\\linux-arm\\native\\libe_sqlite3.so": "96CF54BC0EFB83D6E3F5F3E04997A59D",
  "runtimes\\linux-arm64\\native\\libe_sqlite3.so": "F079E55E7F3F9966A4A2052A3234E068",
  "runtimes\\linux-armel\\native\\libe_sqlite3.so": "C5A67D49434FC65D64E9C15778078C76",
  "runtimes\\linux-mips64\\native\\libe_sqlite3.so": "5F8461214089CFC677D46C19B7162161",
  "runtimes\\linux-musl-x64\\native\\libe_sqlite3.so": "39C244FEDBCD3DFC37041D4FCE1AE21D",
  "runtimes\\linux-x64\\native\\libe_sqlite3.so": "6F49C540D3AB9964D67A4A704C3D262D",
  "runtimes\\linux-x64\\native\\libglfw.so.3": "9E3137144F68B9E9793F4C7AD5B1BEA7",
  "runtimes\\linux-x64\\native\\libSDL2-2.0.so": "99B95A708381FC66AB2370E45A260527",
  "runtimes\\linux-x64\\native\\libstbi.so": "0945355ED59677D06E3E88F48101BB26",
  "runtimes\\linux-x86\\native\\libe_sqlite3.so": "5E0659B414CBD6DDC38C65582485853E",
  "runtimes\\osx-x64\\native\\libe_sqlite3.dylib": "F82AE134FCD1C080A69D775591406673",
  "runtimes\\osx-x64\\native\\libglfw.3.dylib": "1E30FAB2F0C40E82290AD4B0BF14A880",
  "runtimes\\osx-x64\\native\\libSDL2-2.0.dylib": "AAC958490586C67395F0A90903AE3747",
  "runtimes\\osx-x64\\native\\libstbi.dylib": "0B84B0A6A80178266018081C3CAB68E6",
  "runtimes\\win-arm\\native\\e_sqlite3.dll": "E73D8B1DD44A0C322048007404EDE92E",
  "runtimes\\win-arm64\\native\\e_sqlite3.dll": "F508755F78613C210B4E7F7EEA23ACA9",
  "runtimes\\win-x64\\native\\cimgui.dll": "747449990A7B365E1E2956F6F4635B5A",
  "runtimes\\win-x64\\native\\cimguizmo.dll": "FD353EE4E5A8A6B2CCFEBF1D74EB9588",
  "runtimes\\win-x64\\native\\cimplot.dll": "45E1F678DA77EAF561CE85FB97BE720B",
  "runtimes\\win-x64\\native\\e_sqlite3.dll": "0EBD60A6F315DE60163CE695D2B84AC3",
  "runtimes\\win-x64\\native\\glfw3.dll": "A21F5B9E53FC8E506AD13A68132FBDC2",
  "runtimes\\win-x64\\native\\minhook.x64d.dll": "B4BF6E27D3CDFC1FD0739A0FF9066EC4",
  "runtimes\\win-x64\\native\\SDL2.dll": "85C045C83A820A4F353F30B35E3221A0",
  "runtimes\\win-x64\\native\\stbi.dll": "2B431AA70B53A0EF7C9675E13B6CFB61",
  "runtimes\\win-x64\\native\\stbi.lib": "927C214DE576219E1F80DBE7798A0502",
  "runtimes\\win-x86\\native\\e_sqlite3.dll": "942ACD709959F01D97068CDEFE14FBA3",
  "runtimes\\win-x86\\native\\glfw3.dll": "12F11E84436BD673D6061A7886E9BA0A",
  "runtimes\\win-x86\\native\\SDL2.dll": "3CF21F1FE130EA2D015E54C68EE045B8",
  "targets\\Dalamud.Plugin.Bootstrap.targets": "C85635161398CD9852CF7212DB7EB904",
  "targets\\Dalamud.Plugin.targets": "E582DE4B2093280C18BFC7764530631A",
  "BitFaster.Caching.dll": "3E0685FEB3C6EF0EB3836F4AD4F7CC3D",
  "CheapLoc.dll": "98F5833FCCFC752D76E371ECCFA12AF3",
  "commit_hash.txt": "B951D1A50B9FABDAC98750EDB431B8C2",
  "Costura.dll": "1E14A1FCCFE413DB7AFFAFDB60BD99A8",
  "Dalamud.Boot.dll": "2A848BB493B334339CE6639FEC6DFA25",
  "Dalamud.Common.dll": "16F2F3D74A5DFB71B0039D47216FED16",
  "Dalamud.deps.json": "E310A9CA44C9A2AD6D099A46E45E24D1",
  "Dalamud.dll": "36F0E56CEC36F995BB934EF31C59E9CA",
  "Dalamud.Injector.deps.json": "E30B9BD40106FFC14A5274A670979EDF",
  "Dalamud.Injector.dll": "84F70B5226721530C3246B604510FC64",
  "Dalamud.Injector.exe": "8BEDC2FD24D080A107213961552F9CFA",
  "Dalamud.Injector.runtimeconfig.json": "B9BB65FFE7924D4D8BABE9FA66303200",
  "Dalamud.Injector.xml": "D41E5DF541D19A015215E777D7395C9C",
  "Dalamud.runtimeconfig.json": "2A9CD915428BDD175E0889BD0C225F75",
  "Dalamud.xml": "8D4955EC9A6E52F2712D386B2428EE58",
  "DalamudCrashHandler.exe": "A9AE026DB9C1F254D70D82CA33C5A939",
  "FASM-LICENSE.TXT": "ECEA1D10811221D5F0A3E96F9C38E2C7",
  "FASM.DLL": "38B3C3671ED921F56EB6B7F4E1B76906",
  "FASMX64.DLL": "3531CF5EE21D628BF9FA3B3949BF25A8",
  "FFXIVClientStructs.dll": "4F2135592096D3AA11A5C5983640275D",
  "FFXIVClientStructs.xml": "D98A3D01114E1EC280BE37CF0618090C",
  "goaaats.Reloaded.Assembler.targets": "CC22CB0A353E2136EE9E6E96DB9F7164",
  "Iced.dll": "D8F551E0ED0A3A6ECED95AF2DD9D3469",
  "ImGui.NET.dll": "4888C8AD9F8D8A7205C8479EFE70478E",
  "ImGuiScene.dll": "56B7C069B8C6AEAE88F58F369BF489C6",
  "InteropGenerator.Runtime.dll": "2F841ED893BF22F7F90DCB36D2964EF4",
  "JetBrains.Annotations.dll": "2E495A1A4D70B6FA6E93A0E562D262E5",
  "licenses.txt": "A159BE62AA91178EFC3E3983AE874D1D",
  "Lumina.dll": "1DAF336C737AF393AF4B110610BE7348",
  "Lumina.Excel.dll": "E7C59EC688A776AD93980E5BBA1254AF",
  "Microsoft.Bcl.HashCode.dll": "613AB56061ADF2284E047025207467E0",
  "Microsoft.DotNet.PlatformAbstractions.dll": "00AB0F02B1114C57C758F5AD595224F1",
  "Microsoft.Extensions.DependencyModel.dll": "F39BC76C10CFEA478C936FC4521A9FC9",
  "Microsoft.Extensions.ObjectPool.dll": "FEE3CE8A84417360CC5ED787ED6F7DB1",
  "MinSharp.dll": "E4F32ECC032C3B863470405CF0849B12",
  "Mono.Cecil.dll": "405DD9CBEB2497FF2ACE70C05EE99984",
  "Mono.Cecil.Mdb.dll": "C187AC3439B2E343FB0AC74CCD029F38",
  "Mono.Cecil.Pdb.dll": "086B8D721E98EB43AC3861FC20508D4B",
  "Mono.Cecil.Rocks.dll": "5CDAA2C2932F168A43560974358270A2",
  "nethost.dll": "21F39F71E2F4B5BA9FB3F126872F2F9B",
  "Newtonsoft.Json.dll": "ADF3E3EECDE20B7C9661E9C47106A14A",
  "PeNet.Asn1.dll": "C13A3EE968B3194E601E66062A775EA7",
  "PeNet.dll": "998A56E7B25C764C1DCFF4552AAD16BE",
  "PInvoke.AdvApi32.dll": "34EE461D05B403C3A15D0DEC32A3788C",
  "PInvoke.BCrypt.dll": "FD07758EE1440491F22923084109FF26",
  "PInvoke.Cabinet.dll": "333D950E3804735DA60CC41D614C63E2",
  "PInvoke.CfgMgr32.dll": "768BE7CC18EDCF78B296A72ABE891691",
  "PInvoke.Crypt32.dll": "E7B00B0851738F4A7F2C6D37DAA973B4",
  "PInvoke.DbgHelp.dll": "E701136169620D20E3A70B560DE20E44",
  "PInvoke.DwmApi.dll": "ACF223CC8962404056648815B486F7D9",
  "PInvoke.Gdi32.dll": "69FF434826F98582CE44D3136ECFFACB",
  "PInvoke.Hid.dll": "2E7A41257F8AD9B26073181F450CD8E5",
  "PInvoke.ImageHlp.dll": "79BE816E8D86EA66489D7780DD675D49",
  "PInvoke.IPHlpApi.dll": "E949FA3326D1BA8872B179AB4EE49D38",
  "PInvoke.Kernel32.dll": "234E15B122ED430DE99490CA1A204958",
  "PInvoke.Magnification.dll": "C9EA3D34F506741ECC044DB19C151F09",
  "PInvoke.Msi.dll": "69EE50CE2DA6B55755E52589F49A7EBC",
  "PInvoke.NCrypt.dll": "DA1DE76C14D99370CA3BEF19DC299B15",
  "PInvoke.NetApi32.dll": "AE79F9FA2E3864A5E0642AE4622ECDC5",
  "PInvoke.NewDev.dll": "B3E1992105D986EF9C5C8E4B630FBB07",
  "PInvoke.NTDll.dll": "3F6BDF840EB27DD0FD9EB8071822183A",
  "PInvoke.Ole32.dll": "3C49FB100B60519FFE725BCD12A538F6",
  "PInvoke.Psapi.dll": "A7683EE4B880227F01C8AE632A892B9E",
  "PInvoke.SetupApi.dll": "1B7AE321185D0081D1759A9AD829F9BA",
  "PInvoke.SHCore.dll": "F27E7F063D51480F6D2294C903E4A606",
  "PInvoke.Shell32.dll": "F71A1BCAF6478190691170DAEA77722F",
  "PInvoke.User32.dll": "8BEDE38311ED4F27127290B81B8079FD",
  "PInvoke.Userenv.dll": "FEB7BCA90B8C905EC2F4BB0789847131",
  "PInvoke.UxTheme.dll": "8E683C016250CB719FDB9AAAFC22B3C5",
  "PInvoke.Windows.Core.dll": "90015440A44935208FFEA9BF61740651",
  "PInvoke.Windows.ShellScalingApi.dll": "F351B34B8C9183A51CADFDC279357C49",
  "PInvoke.WinUsb.dll": "9EB8A0280F2848D1A32B560A939F7336",
  "PInvoke.WtsApi32.dll": "341C94455D2E5893DBE4293D4D67AA4D",
  "Reloaded.Assembler.dll": "75AC98F85AD0C1C1CDA647B2E9FA06A7",
  "Reloaded.Hooks.Definitions.dll": "E6EA1CDA92457CEF7A374C8D96D0F57C",
  "Reloaded.Hooks.dll": "CD9C82FD23AB7D98B4BEE3B6358BECDE",
  "Reloaded.Memory.Buffers.dll": "7132170DC2564CA3B2BD1874C8F6C993",
  "Reloaded.Memory.dll": "553EE5AF2543860266B3F41FDFA3090B",
  "revision.txt": "3AB6BE46E1D6B21D59A3C3A0B9D0F6EF",
  "SDL2-CS.config": "65557595FD5DF55D93B2BF881DE62C3A",
  "SDL2-CS.dll": "10BA910A31AB97E49ABDBE297A51BB11",
  "Serilog.dll": "4B6A1169ABC1B4239E128F2FD34089C5",
  "Serilog.Sinks.Async.dll": "F087A622728554F047BC41ECBF92A9EB",
  "Serilog.Sinks.Console.dll": "F23419EBFC5A65354AB271E27F0BC708",
  "Serilog.Sinks.File.dll": "85594C4CD938BB833E0FAFE65470CD26",
  "SharpDX.Direct3D11.dll": "4A0E597430543599548C68D0E8E52A51",
  "SharpDX.dll": "8D4F0A71D6FA7BE64A921E2F5D77A05C",
  "SharpDX.DXGI.dll": "9F696A087E7AEA912A3B2EDC3B2C4545",
  "SharpDX.Mathematics.dll": "1C8CB119704AE627FD92398ED5AFDC63",
  "Silk.NET.Core.dll": "F0A0185C7F2EE03B83EC298945A3DD7C",
  "Silk.NET.GLFW.dll": "9C1EA29BC65E2423FC5A50EFB8DD247E",
  "Silk.NET.Maths.dll": "41AEC60C76E6D04B830B2223EA8F67CB",
  "Silk.NET.OpenGL.dll": "17FFFC0026F9AF9FF3CA5A0C78BB3D33",
  "Silk.NET.SDL.dll": "AC28276D1ABF1054834D189FC61F12E7",
  "Silk.NET.Windowing.Common.dll": "F63EFC5D4E60CD953C7CCBA7186D1A0C",
  "Silk.NET.Windowing.Glfw.dll": "E1185BBF6D233C7D964571381C8EAF7A",
  "Silk.NET.Windowing.Sdl.dll": "2FAAE4F24DA256E8202EF58891B4F33F",
  "SQLite-net.dll": "76AF59858D9C0D2AEC84E4E8A40014B8",
  "SQLitePCLRaw.batteries_v2.dll": "D0280207291B11A2F1261D2A677726E0",
  "SQLitePCLRaw.core.dll": "3E2522A46C920A5891A79FE88CAC601C",
  "SQLitePCLRaw.nativelibrary.dll": "7733614C437E78C1CD56EE7B9135D2D6",
  "SQLitePCLRaw.provider.dynamic_cdecl.dll": "F62A7C42BCD8DF115427B4F9EF50EED0",
  "StbiSharp.dll": "9D7B5868167994534A6C76867C647298",
  "System.Reactive.dll": "EF5A00287AD15393D41B12AA4B726FF7",
  "System.Reflection.MetadataLoadContext.dll": "E88E3AF6D37736F339022C9ACC5F2F7B",
  "System.Security.Cryptography.Pkcs.dll": "8950E01996A37E808BE3F39063C37BF9",
  "TEMP_gitver.txt": "549B3051A2956726772B7345347A6ED0",
  "TerraFX.Interop.Windows.dll": "84F7EF6B0DE91F8CC23F773D3FD6DEC0",
  "Validation.dll": "AF2E338D15044B7B6C5E8CEAE81223CD"
}
