{
  "runtimes\\alpine-x64\\native\\libe_sqlite3.so": "39C244FEDBCD3DFC37041D4FCE1AE21D",
  "runtimes\\linux-arm\\native\\libe_sqlite3.so": "96CF54BC0EFB83D6E3F5F3E04997A59D",
  "runtimes\\linux-arm64\\native\\libe_sqlite3.so": "F079E55E7F3F9966A4A2052A3234E068",
  "runtimes\\linux-armel\\native\\libe_sqlite3.so": "C5A67D49434FC65D64E9C15778078C76",
  "runtimes\\linux-mips64\\native\\libe_sqlite3.so": "5F8461214089CFC677D46C19B7162161",
  "runtimes\\linux-musl-x64\\native\\libe_sqlite3.so": "39C244FEDBCD3DFC37041D4FCE1AE21D",
  "runtimes\\linux-x64\\native\\libe_sqlite3.so": "6F49C540D3AB9964D67A4A704C3D262D",
  "runtimes\\linux-x64\\native\\libglfw.so.3": "9E3137144F68B9E9793F4C7AD5B1BEA7",
  "runtimes\\linux-x64\\native\\libSDL2-2.0.so": "99B95A708381FC66AB2370E45A260527",
  "runtimes\\linux-x64\\native\\libstbi.so": "0945355ED59677D06E3E88F48101BB26",
  "runtimes\\linux-x86\\native\\libe_sqlite3.so": "5E0659B414CBD6DDC38C65582485853E",
  "runtimes\\osx-x64\\native\\libe_sqlite3.dylib": "F82AE134FCD1C080A69D775591406673",
  "runtimes\\osx-x64\\native\\libglfw.3.dylib": "1E30FAB2F0C40E82290AD4B0BF14A880",
  "runtimes\\osx-x64\\native\\libSDL2-2.0.dylib": "AAC958490586C67395F0A90903AE3747",
  "runtimes\\osx-x64\\native\\libstbi.dylib": "0B84B0A6A80178266018081C3CAB68E6",
  "runtimes\\win-arm\\native\\e_sqlite3.dll": "60BF7EC8C4644FCC03BC29452F0C203D",
  "runtimes\\win-arm64\\native\\e_sqlite3.dll": "370C9850460528019A3CAA33A40994DA",
  "runtimes\\win-x64\\native\\cimgui.dll": "E77FCB52F9FC7BE9D29A5385276FBECB",
  "runtimes\\win-x64\\native\\cimguizmo.dll": "DA4AA1F5382004C0E2036DDDB4C0B1C6",
  "runtimes\\win-x64\\native\\cimplot.dll": "783A0C68F22B83F6A0BC7B527E6800E2",
  "runtimes\\win-x64\\native\\e_sqlite3.dll": "42E49FF95BC3F3CD3C01C5E2EC9AABE8",
  "runtimes\\win-x64\\native\\glfw3.dll": "6A36A6211E29C6D0D01AC3372F9799C0",
  "runtimes\\win-x64\\native\\minhook.x64d.dll": "D8D794AA282D372F9963465341C567BD",
  "runtimes\\win-x64\\native\\SDL2.dll": "B8B8A5E3688E59FC85937017FECA6FAD",
  "runtimes\\win-x64\\native\\stbi.dll": "E9D9F9F894834037EBE3A6F3FE62CE10",
  "runtimes\\win-x64\\native\\stbi.lib": "927C214DE576219E1F80DBE7798A0502",
  "runtimes\\win-x86\\native\\e_sqlite3.dll": "B66D8CD53353276E6B8C50A93B313CE9",
  "runtimes\\win-x86\\native\\glfw3.dll": "342B0CC17BE127D44ED2722123784DCC",
  "runtimes\\win-x86\\native\\SDL2.dll": "D5F33EB9C475AAEC27DA16785FC2B0CA",
  "targets\\Dalamud.Plugin.Bootstrap.targets": "C85635161398CD9852CF7212DB7EB904",
  "targets\\Dalamud.Plugin.targets": "69D15EDFB3D4F0BEE3A099216E4DE057",
  "BitFaster.Caching.dll": "A1F792BD724B3D08AC1F95006DD7EDB7",
  "CheapLoc.dll": "6703009417CC6E1560B8947567C09B02",
  "commit_hash.txt": "138EAC2FFBA02D2777B1521CF4249BB6",
  "Costura.dll": "70BF707E4A3F8F04F6E224A587A5B783",
  "Dalamud.Boot.dll": "5A12DF4A32C9F444C4300807D7DDC3B8",
  "Dalamud.Common.dll": "721082C0235FA56861AF51ABA191E84D",
  "Dalamud.deps.json": "2247F9AE7605F653CC5A8A26B648DBB6",
  "Dalamud.dll": "97C80291E3A2532302A30B19505260A0",
  "Dalamud.Injector.deps.json": "E30B9BD40106FFC14A5274A670979EDF",
  "Dalamud.Injector.dll": "A961264C6FC5F2C599FB98E7B3DC5DFE",
  "Dalamud.Injector.exe": "84D830F7C7ABCA3F933F898544C2B155",
  "Dalamud.Injector.runtimeconfig.json": "B9BB65FFE7924D4D8BABE9FA66303200",
  "Dalamud.Injector.xml": "D41E5DF541D19A015215E777D7395C9C",
  "Dalamud.runtimeconfig.json": "2A9CD915428BDD175E0889BD0C225F75",
  "Dalamud.xml": "D05296598520CE804FD5C55E415AA89C",
  "DalamudCrashHandler.exe": "953F9ADD648753E4BEF77A11B45FE7E9",
  "FASM-LICENSE.TXT": "ECEA1D10811221D5F0A3E96F9C38E2C7",
  "FASM.DLL": "D81362B5BAFA4914ABBFDDC26390CD34",
  "FASMX64.DLL": "2ABA274DDBF01CBB57702C747A784B72",
  "FFXIVClientStructs.dll": "E3BEB19628CC9BA819B7B4C81F029469",
  "FFXIVClientStructs.xml": "12577C2471340295C6ABB3EE43116A56",
  "goaaats.Reloaded.Assembler.targets": "CC22CB0A353E2136EE9E6E96DB9F7164",
  "Iced.dll": "B78914583ECB4E0AC6B8F3C338C6B5DB",
  "ImGui.NET.dll": "3D85BDA64CBEFCA2768985855F5FFDBC",
  "ImGuiScene.dll": "84C0CEF36342591E71E4BFD544E23177",
  "InteropGenerator.Runtime.dll": "E84619983D0556650714BE3E5FBC088C",
  "JetBrains.Annotations.dll": "0081D0FA3EFBAB0CA77CB99CC27B026D",
  "licenses.txt": "A159BE62AA91178EFC3E3983AE874D1D",
  "Lumina.dll": "D65A05C5EE8C9651C4A3BA51FB9D4F8D",
  "Lumina.Excel.dll": "46A5D2749580FFA3A6163799DEAEFC6E",
  "Microsoft.Bcl.HashCode.dll": "613AB56061ADF2284E047025207467E0",
  "Microsoft.DotNet.PlatformAbstractions.dll": "00AB0F02B1114C57C758F5AD595224F1",
  "Microsoft.Extensions.DependencyModel.dll": "F39BC76C10CFEA478C936FC4521A9FC9",
  "Microsoft.Extensions.ObjectPool.dll": "FEE3CE8A84417360CC5ED787ED6F7DB1",
  "MinSharp.dll": "15B94AF00EDFA68F5E03AE2BF4D6DDCB",
  "Mono.Cecil.dll": "E31501412ABC1DF0ECCE90433B2E48EF",
  "Mono.Cecil.Mdb.dll": "286FB6B5C9C427979D9E8FA66139A2A1",
  "Mono.Cecil.Pdb.dll": "A4551E177B4581149BDDC30449F6B6E4",
  "Mono.Cecil.Rocks.dll": "08B6D09F976D906A28D3A67173BA40F2",
  "nethost.dll": "21F39F71E2F4B5BA9FB3F126872F2F9B",
  "Newtonsoft.Json.dll": "ADF3E3EECDE20B7C9661E9C47106A14A",
  "PeNet.Asn1.dll": "804AFF82F7E9C6516972EEB47F13EA23",
  "PeNet.dll": "DE84B83599D7D7FA25BCE5AF79B54F7D",
  "PInvoke.AdvApi32.dll": "34EE461D05B403C3A15D0DEC32A3788C",
  "PInvoke.BCrypt.dll": "FD07758EE1440491F22923084109FF26",
  "PInvoke.Cabinet.dll": "333D950E3804735DA60CC41D614C63E2",
  "PInvoke.CfgMgr32.dll": "768BE7CC18EDCF78B296A72ABE891691",
  "PInvoke.Crypt32.dll": "E7B00B0851738F4A7F2C6D37DAA973B4",
  "PInvoke.DbgHelp.dll": "E701136169620D20E3A70B560DE20E44",
  "PInvoke.DwmApi.dll": "ACF223CC8962404056648815B486F7D9",
  "PInvoke.Gdi32.dll": "69FF434826F98582CE44D3136ECFFACB",
  "PInvoke.Hid.dll": "2E7A41257F8AD9B26073181F450CD8E5",
  "PInvoke.ImageHlp.dll": "79BE816E8D86EA66489D7780DD675D49",
  "PInvoke.IPHlpApi.dll": "E949FA3326D1BA8872B179AB4EE49D38",
  "PInvoke.Kernel32.dll": "234E15B122ED430DE99490CA1A204958",
  "PInvoke.Magnification.dll": "C9EA3D34F506741ECC044DB19C151F09",
  "PInvoke.Msi.dll": "69EE50CE2DA6B55755E52589F49A7EBC",
  "PInvoke.NCrypt.dll": "DA1DE76C14D99370CA3BEF19DC299B15",
  "PInvoke.NetApi32.dll": "AE79F9FA2E3864A5E0642AE4622ECDC5",
  "PInvoke.NewDev.dll": "B3E1992105D986EF9C5C8E4B630FBB07",
  "PInvoke.NTDll.dll": "3F6BDF840EB27DD0FD9EB8071822183A",
  "PInvoke.Ole32.dll": "3C49FB100B60519FFE725BCD12A538F6",
  "PInvoke.Psapi.dll": "A7683EE4B880227F01C8AE632A892B9E",
  "PInvoke.SetupApi.dll": "1B7AE321185D0081D1759A9AD829F9BA",
  "PInvoke.SHCore.dll": "F27E7F063D51480F6D2294C903E4A606",
  "PInvoke.Shell32.dll": "F71A1BCAF6478190691170DAEA77722F",
  "PInvoke.User32.dll": "8BEDE38311ED4F27127290B81B8079FD",
  "PInvoke.Userenv.dll": "FEB7BCA90B8C905EC2F4BB0789847131",
  "PInvoke.UxTheme.dll": "8E683C016250CB719FDB9AAAFC22B3C5",
  "PInvoke.Windows.Core.dll": "90015440A44935208FFEA9BF61740651",
  "PInvoke.Windows.ShellScalingApi.dll": "F351B34B8C9183A51CADFDC279357C49",
  "PInvoke.WinUsb.dll": "9EB8A0280F2848D1A32B560A939F7336",
  "PInvoke.WtsApi32.dll": "341C94455D2E5893DBE4293D4D67AA4D",
  "Reloaded.Assembler.dll": "B271F62D490AB53EF8AA916531358415",
  "Reloaded.Hooks.Definitions.dll": "88EF65E3E8FA1D3137F8722AD7709C7F",
  "Reloaded.Hooks.dll": "B9C73184ED61E15CEBA4C95E79DBEDC7",
  "Reloaded.Memory.Buffers.dll": "ABE3D7D61B7C0CC2B457A979D6F7749B",
  "Reloaded.Memory.dll": "6C0E66F3B0271749D9E735DE2B008C0A",
  "revision.txt": "07E87C2F4FC7F7C96116D8E2A92790F5",
  "SDL2-CS.config": "65557595FD5DF55D93B2BF881DE62C3A",
  "SDL2-CS.dll": "56A5110B71673BE832E975DD10A8B19A",
  "Serilog.dll": "68BC26F1EAF0DF9541F250C97000354B",
  "Serilog.Sinks.Async.dll": "67A1951C9ADEE6C0F6839DAE86527F18",
  "Serilog.Sinks.Console.dll": "81856F4B5B500C9CFFEE0421E77B330E",
  "Serilog.Sinks.File.dll": "049480660288E46E5597B4E9E7D8833A",
  "SharpDX.Direct3D11.dll": "43A79C17D8CFD17A3A7D73D242574474",
  "SharpDX.dll": "16A74B3640C95707ED88EF437C8CEDDF",
  "SharpDX.DXGI.dll": "5DACF0131CA78632C1F253C11DACA5D1",
  "SharpDX.Mathematics.dll": "504B07F0B63DD5EB8DA919D76554E95E",
  "Silk.NET.Core.dll": "F928B0E826D52FE9AC46D6D1DD00DEF2",
  "Silk.NET.GLFW.dll": "97A16FAC05E9D7ECAA24F112F6B10A80",
  "Silk.NET.Maths.dll": "01618D9F3E93C1116E919705440BB569",
  "Silk.NET.OpenGL.dll": "FC9786B5186C6FE30B173C825CAA4810",
  "Silk.NET.SDL.dll": "E6132C241DEB359F76F3639BD03797F9",
  "Silk.NET.Windowing.Common.dll": "2B1218DBD8EA25E4B79EAC916E78895C",
  "Silk.NET.Windowing.Glfw.dll": "148EB46C26701863F1209881BBD7B020",
  "Silk.NET.Windowing.Sdl.dll": "F7CCC416F80B2C33DF130CAEF9252CF4",
  "SQLite-net.dll": "0DCF7395D2CBE8B4ADCFF353AEE865F1",
  "SQLitePCLRaw.batteries_v2.dll": "58F90DD635DFC774619C8187AF7842A1",
  "SQLitePCLRaw.core.dll": "D7B8D0345ADBF181D3DC80B006BCB7D0",
  "SQLitePCLRaw.nativelibrary.dll": "D9E35D6118545DC9D43CD608F44ED7B9",
  "SQLitePCLRaw.provider.dynamic_cdecl.dll": "219821A57FCCE1A191C5FBF8E519BB9C",
  "StbiSharp.dll": "D24904E7166C1FE97E842F1DEE9C0399",
  "System.Reactive.dll": "EF5A00287AD15393D41B12AA4B726FF7",
  "System.Reflection.MetadataLoadContext.dll": "E88E3AF6D37736F339022C9ACC5F2F7B",
  "System.Security.Cryptography.Pkcs.dll": "8950E01996A37E808BE3F39063C37BF9",
  "TEMP_gitver.txt": "113CF2FA8D34C05793A81B60D16769CA",
  "TerraFX.Interop.Windows.dll": "84F7EF6B0DE91F8CC23F773D3FD6DEC0",
  "Validation.dll": "170DB1C3DF17EFD717159D1863EEFCC1"
}
