{
  "runtimes\\alpine-x64\\native\\libe_sqlite3.so": "39C244FEDBCD3DFC37041D4FCE1AE21D",
  "runtimes\\linux-arm\\native\\libe_sqlite3.so": "96CF54BC0EFB83D6E3F5F3E04997A59D",
  "runtimes\\linux-arm64\\native\\libe_sqlite3.so": "F079E55E7F3F9966A4A2052A3234E068",
  "runtimes\\linux-armel\\native\\libe_sqlite3.so": "C5A67D49434FC65D64E9C15778078C76",
  "runtimes\\linux-mips64\\native\\libe_sqlite3.so": "5F8461214089CFC677D46C19B7162161",
  "runtimes\\linux-musl-x64\\native\\libe_sqlite3.so": "39C244FEDBCD3DFC37041D4FCE1AE21D",
  "runtimes\\linux-x64\\native\\libe_sqlite3.so": "6F49C540D3AB9964D67A4A704C3D262D",
  "runtimes\\linux-x64\\native\\libglfw.so.3": "9E3137144F68B9E9793F4C7AD5B1BEA7",
  "runtimes\\linux-x64\\native\\libSDL2-2.0.so": "99B95A708381FC66AB2370E45A260527",
  "runtimes\\linux-x64\\native\\libstbi.so": "0945355ED59677D06E3E88F48101BB26",
  "runtimes\\linux-x86\\native\\libe_sqlite3.so": "5E0659B414CBD6DDC38C65582485853E",
  "runtimes\\osx-x64\\native\\libe_sqlite3.dylib": "F82AE134FCD1C080A69D775591406673",
  "runtimes\\osx-x64\\native\\libglfw.3.dylib": "1E30FAB2F0C40E82290AD4B0BF14A880",
  "runtimes\\osx-x64\\native\\libSDL2-2.0.dylib": "AAC958490586C67395F0A90903AE3747",
  "runtimes\\osx-x64\\native\\libstbi.dylib": "0B84B0A6A80178266018081C3CAB68E6",
  "runtimes\\win-arm\\native\\e_sqlite3.dll": "5D2A31708E5C1EBFA356422812D01AA6",
  "runtimes\\win-arm64\\native\\e_sqlite3.dll": "AB96E4A3E3B3A8BBD492745F9E7F3AAE",
  "runtimes\\win-x64\\native\\cimgui.dll": "BF2BFD16B805A6DB9434E3869EA88531",
  "runtimes\\win-x64\\native\\cimguizmo.dll": "081561808C72B4A5BBBDC20A37D53DB2",
  "runtimes\\win-x64\\native\\cimplot.dll": "0FA01EC2A0203D827930F2664A10DCE2",
  "runtimes\\win-x64\\native\\e_sqlite3.dll": "0653ECC8B93E75EC5149CF1EABED8169",
  "runtimes\\win-x64\\native\\glfw3.dll": "01BEFAC38C73D0BFAF60683C9E599065",
  "runtimes\\win-x64\\native\\minhook.x64d.dll": "B42E27AFAC488B5E9893D3F923B0110C",
  "runtimes\\win-x64\\native\\SDL2.dll": "372D849CCDAB0465274F1F7B54D90C70",
  "runtimes\\win-x64\\native\\stbi.dll": "EDC18D921738D8A535EB98D7CC15DCF3",
  "runtimes\\win-x64\\native\\stbi.lib": "927C214DE576219E1F80DBE7798A0502",
  "runtimes\\win-x86\\native\\e_sqlite3.dll": "93882DEB234C1755B824DBD84FF0FA40",
  "runtimes\\win-x86\\native\\glfw3.dll": "D3A694945E2F68202B52BB87A3873F46",
  "runtimes\\win-x86\\native\\SDL2.dll": "9F6C89DE5755C8C716562C316AC92BE9",
  "targets\\Dalamud.Plugin.Bootstrap.targets": "C85635161398CD9852CF7212DB7EB904",
  "targets\\Dalamud.Plugin.targets": "E582DE4B2093280C18BFC7764530631A",
  "BitFaster.Caching.dll": "C321D50B5CE7793D44A182E38153CE33",
  "CheapLoc.dll": "4337AD77B32185F42B59B107A7FDA070",
  "commit_hash.txt": "5102EB99F77DC217F6E6D2734DF8D943",
  "Costura.dll": "50AA1AE79ACB6273FE8954D7B3F8F9A3",
  "Dalamud.Boot.dll": "DFB21AAE2AC13F2CBC9DBC592A75A719",
  "Dalamud.Common.dll": "079A08EF519453BE233C582A16543391",
  "Dalamud.deps.json": "4347DE776C444B286B6406A1696F2AC7",
  "Dalamud.dll": "A80FAC07E3527E115E2E3FAC0DBC2B30",
  "Dalamud.Injector.deps.json": "E30B9BD40106FFC14A5274A670979EDF",
  "Dalamud.Injector.dll": "3051CD50C6F81D8EFFFF4A0AC736BC82",
  "Dalamud.Injector.exe": "324594D2F05428B315F32F8F0F67F621",
  "Dalamud.Injector.runtimeconfig.json": "B9BB65FFE7924D4D8BABE9FA66303200",
  "Dalamud.Injector.xml": "D41E5DF541D19A015215E777D7395C9C",
  "Dalamud.runtimeconfig.json": "2A9CD915428BDD175E0889BD0C225F75",
  "Dalamud.xml": "B7DFB24DE73A2BFCB06CC2AFDE59145C",
  "DalamudCrashHandler.exe": "D0CD7DE54007226F455AD757DAC8A34E",
  "FASM-LICENSE.TXT": "ECEA1D10811221D5F0A3E96F9C38E2C7",
  "FASM.DLL": "D9268F72444290D51AF52261DDD6B958",
  "FASMX64.DLL": "AE1E352E2418D310C5100D60769EFB97",
  "FFXIVClientStructs.dll": "1277DCCB9F73B8FF3EB54901C2902B4D",
  "FFXIVClientStructs.xml": "55A6374406D53FB95068E99367CF9C0A",
  "goaaats.Reloaded.Assembler.targets": "CC22CB0A353E2136EE9E6E96DB9F7164",
  "Iced.dll": "82EC9C14C0907882ADCB1C2D128F13B4",
  "ImGui.NET.dll": "5C576BBC8DB05CE3B2D9674C596B7B91",
  "ImGuiScene.dll": "D084B4E13BDAF8445DE81B98AE0A27AB",
  "InteropGenerator.Runtime.dll": "88128EEADCDC17C72CD2B6EFE725352C",
  "JetBrains.Annotations.dll": "326ED4A9B24B03227E1826CBE5BC87A3",
  "licenses.txt": "A159BE62AA91178EFC3E3983AE874D1D",
  "Lumina.dll": "D234AC460716C664F5C2E7E0B75CB202",
  "Lumina.Excel.dll": "1AEBD0B050B0F8220240E188CABA7A72",
  "Microsoft.Bcl.HashCode.dll": "613AB56061ADF2284E047025207467E0",
  "Microsoft.DotNet.PlatformAbstractions.dll": "00AB0F02B1114C57C758F5AD595224F1",
  "Microsoft.Extensions.DependencyModel.dll": "F39BC76C10CFEA478C936FC4521A9FC9",
  "Microsoft.Extensions.ObjectPool.dll": "FEE3CE8A84417360CC5ED787ED6F7DB1",
  "MinSharp.dll": "6AC8E4F458492DB562242DD3299BF816",
  "Mono.Cecil.dll": "55BF122E42EB5873D1A5135D8198A27C",
  "Mono.Cecil.Mdb.dll": "ABD284C244DC9E8B4D2B8A673F026671",
  "Mono.Cecil.Pdb.dll": "9E85187944D547ED3A5687E477A4BD68",
  "Mono.Cecil.Rocks.dll": "BBB614307862E7BD8A469D384B8683AE",
  "nethost.dll": "21F39F71E2F4B5BA9FB3F126872F2F9B",
  "Newtonsoft.Json.dll": "ADF3E3EECDE20B7C9661E9C47106A14A",
  "PeNet.Asn1.dll": "B105C9A1C8BF0AB8A4AD391272FB3CB2",
  "PeNet.dll": "FC4ABACEAD22A79DC3BC07FDF7BBCF6C",
  "PInvoke.AdvApi32.dll": "34EE461D05B403C3A15D0DEC32A3788C",
  "PInvoke.BCrypt.dll": "FD07758EE1440491F22923084109FF26",
  "PInvoke.Cabinet.dll": "333D950E3804735DA60CC41D614C63E2",
  "PInvoke.CfgMgr32.dll": "768BE7CC18EDCF78B296A72ABE891691",
  "PInvoke.Crypt32.dll": "E7B00B0851738F4A7F2C6D37DAA973B4",
  "PInvoke.DbgHelp.dll": "E701136169620D20E3A70B560DE20E44",
  "PInvoke.DwmApi.dll": "ACF223CC8962404056648815B486F7D9",
  "PInvoke.Gdi32.dll": "69FF434826F98582CE44D3136ECFFACB",
  "PInvoke.Hid.dll": "2E7A41257F8AD9B26073181F450CD8E5",
  "PInvoke.ImageHlp.dll": "79BE816E8D86EA66489D7780DD675D49",
  "PInvoke.IPHlpApi.dll": "E949FA3326D1BA8872B179AB4EE49D38",
  "PInvoke.Kernel32.dll": "234E15B122ED430DE99490CA1A204958",
  "PInvoke.Magnification.dll": "C9EA3D34F506741ECC044DB19C151F09",
  "PInvoke.Msi.dll": "69EE50CE2DA6B55755E52589F49A7EBC",
  "PInvoke.NCrypt.dll": "DA1DE76C14D99370CA3BEF19DC299B15",
  "PInvoke.NetApi32.dll": "AE79F9FA2E3864A5E0642AE4622ECDC5",
  "PInvoke.NewDev.dll": "B3E1992105D986EF9C5C8E4B630FBB07",
  "PInvoke.NTDll.dll": "3F6BDF840EB27DD0FD9EB8071822183A",
  "PInvoke.Ole32.dll": "3C49FB100B60519FFE725BCD12A538F6",
  "PInvoke.Psapi.dll": "A7683EE4B880227F01C8AE632A892B9E",
  "PInvoke.SetupApi.dll": "1B7AE321185D0081D1759A9AD829F9BA",
  "PInvoke.SHCore.dll": "F27E7F063D51480F6D2294C903E4A606",
  "PInvoke.Shell32.dll": "F71A1BCAF6478190691170DAEA77722F",
  "PInvoke.User32.dll": "8BEDE38311ED4F27127290B81B8079FD",
  "PInvoke.Userenv.dll": "FEB7BCA90B8C905EC2F4BB0789847131",
  "PInvoke.UxTheme.dll": "8E683C016250CB719FDB9AAAFC22B3C5",
  "PInvoke.Windows.Core.dll": "90015440A44935208FFEA9BF61740651",
  "PInvoke.Windows.ShellScalingApi.dll": "F351B34B8C9183A51CADFDC279357C49",
  "PInvoke.WinUsb.dll": "9EB8A0280F2848D1A32B560A939F7336",
  "PInvoke.WtsApi32.dll": "341C94455D2E5893DBE4293D4D67AA4D",
  "Reloaded.Assembler.dll": "6F817D59F1A7B8E6D068B40A689C0449",
  "Reloaded.Hooks.Definitions.dll": "56282BE5DB295C364926BE61D2654350",
  "Reloaded.Hooks.dll": "53B278C4316886CCB8E16480FA9616AE",
  "Reloaded.Memory.Buffers.dll": "B4C37AC1F3B37059E10BC6975386144E",
  "Reloaded.Memory.dll": "E342F675DEFE121ED16AE2B71995D76F",
  "revision.txt": "4E5046FC8D6A97D18A5F54BEAED54DEA",
  "SDL2-CS.config": "65557595FD5DF55D93B2BF881DE62C3A",
  "SDL2-CS.dll": "B3D7DAC7D69A79D8ACF035E0774F55ED",
  "Serilog.dll": "DC329289FA9676F11F30B1A9F9AF74E7",
  "Serilog.Sinks.Async.dll": "E90ECB4523D5C47F24234494DB4C1E26",
  "Serilog.Sinks.Console.dll": "BB092CC5820729F7E31152AB92FE858A",
  "Serilog.Sinks.File.dll": "BD93C06ACAF19310B66695D7D8F4628A",
  "SharpDX.Direct3D11.dll": "6566DEFCE975D30A81F581B6E9D303C2",
  "SharpDX.dll": "E7C64047F6A5D41C0F451CFF0862147D",
  "SharpDX.DXGI.dll": "FE7ADB6F645246E8D2B12303F952BCD3",
  "SharpDX.Mathematics.dll": "66B3D80240BA74510FA9CA632C585007",
  "Silk.NET.Core.dll": "F1695B25DB17303524B2499578B534CC",
  "Silk.NET.GLFW.dll": "24529377C7ED91FFB6AD9B329FD92F31",
  "Silk.NET.Maths.dll": "FF16E3677B64B485BAAD878C5031D50D",
  "Silk.NET.OpenGL.dll": "ABFD560747D4FBB01D080A2CA8CBD750",
  "Silk.NET.SDL.dll": "8476ECD9EF44849CCECFD567F8FB8C09",
  "Silk.NET.Windowing.Common.dll": "C1A92C5BF55BC709614964B880CB7989",
  "Silk.NET.Windowing.Glfw.dll": "A4AF39C3692FD112CCCABD06E8E22AAA",
  "Silk.NET.Windowing.Sdl.dll": "1D992EC09A9C56B457FDD6C89A325428",
  "SQLite-net.dll": "847E95B13A4758679F411A03BEA6134E",
  "SQLitePCLRaw.batteries_v2.dll": "DEB4F4AC805B29DF7D8BC5C810DC8B85",
  "SQLitePCLRaw.core.dll": "48C64AA936A772A0257AA74D697D5DB5",
  "SQLitePCLRaw.nativelibrary.dll": "BCC18ECACB9B6E59B92C3B295C572F15",
  "SQLitePCLRaw.provider.dynamic_cdecl.dll": "892421E8151529B8BCB8D54E847B7752",
  "StbiSharp.dll": "ACC4447B11D74027680A01A7265D8BBB",
  "System.Reactive.dll": "EF5A00287AD15393D41B12AA4B726FF7",
  "System.Reflection.MetadataLoadContext.dll": "E88E3AF6D37736F339022C9ACC5F2F7B",
  "System.Security.Cryptography.Pkcs.dll": "8950E01996A37E808BE3F39063C37BF9",
  "TEMP_gitver.txt": "458FF6207A36252C7FE2432EE16F0FB1",
  "TerraFX.Interop.Windows.dll": "84F7EF6B0DE91F8CC23F773D3FD6DEC0",
  "Validation.dll": "F307DFFBF26312B7F230CB0E5D98A40D"
}
