{
  "runtimes\\alpine-x64\\native\\libe_sqlite3.so": "39C244FEDBCD3DFC37041D4FCE1AE21D",
  "runtimes\\linux-arm\\native\\libe_sqlite3.so": "96CF54BC0EFB83D6E3F5F3E04997A59D",
  "runtimes\\linux-arm64\\native\\libe_sqlite3.so": "F079E55E7F3F9966A4A2052A3234E068",
  "runtimes\\linux-armel\\native\\libe_sqlite3.so": "C5A67D49434FC65D64E9C15778078C76",
  "runtimes\\linux-mips64\\native\\libe_sqlite3.so": "5F8461214089CFC677D46C19B7162161",
  "runtimes\\linux-musl-x64\\native\\libe_sqlite3.so": "39C244FEDBCD3DFC37041D4FCE1AE21D",
  "runtimes\\linux-x64\\native\\libe_sqlite3.so": "6F49C540D3AB9964D67A4A704C3D262D",
  "runtimes\\linux-x64\\native\\libglfw.so.3": "9E3137144F68B9E9793F4C7AD5B1BEA7",
  "runtimes\\linux-x64\\native\\libSDL2-2.0.so": "99B95A708381FC66AB2370E45A260527",
  "runtimes\\linux-x64\\native\\libstbi.so": "0945355ED59677D06E3E88F48101BB26",
  "runtimes\\linux-x86\\native\\libe_sqlite3.so": "5E0659B414CBD6DDC38C65582485853E",
  "runtimes\\osx-x64\\native\\libe_sqlite3.dylib": "F82AE134FCD1C080A69D775591406673",
  "runtimes\\osx-x64\\native\\libglfw.3.dylib": "1E30FAB2F0C40E82290AD4B0BF14A880",
  "runtimes\\osx-x64\\native\\libSDL2-2.0.dylib": "AAC958490586C67395F0A90903AE3747",
  "runtimes\\osx-x64\\native\\libstbi.dylib": "0B84B0A6A80178266018081C3CAB68E6",
  "runtimes\\win-arm\\native\\e_sqlite3.dll": "1812206D7ABA460D1E3429F51D65F921",
  "runtimes\\win-arm64\\native\\e_sqlite3.dll": "E63A97F906340EC32AFA99F1C6D1A496",
  "runtimes\\win-x64\\native\\cimgui.dll": "EC3EDF16727945AE8FCF2255165A9742",
  "runtimes\\win-x64\\native\\cimguizmo.dll": "840212FFD624ED0BCF4A83F24D5DBA0A",
  "runtimes\\win-x64\\native\\cimplot.dll": "5BFAFD82D5BABDAF2D8A104C8B44272C",
  "runtimes\\win-x64\\native\\e_sqlite3.dll": "5FF0D5E81D410B2A4FF1015B35FCCBB7",
  "runtimes\\win-x64\\native\\glfw3.dll": "975D6E3C98A0ECABC4D2C6D742AB9F6B",
  "runtimes\\win-x64\\native\\minhook.x64d.dll": "1A44AD6F120B71C2672E0DB42955F354",
  "runtimes\\win-x64\\native\\SDL2.dll": "1211DCE8208040F9F9061CC6A7D166D1",
  "runtimes\\win-x64\\native\\stbi.dll": "49F6705BD6BD8B84CA295099CFAF7920",
  "runtimes\\win-x64\\native\\stbi.lib": "927C214DE576219E1F80DBE7798A0502",
  "runtimes\\win-x86\\native\\e_sqlite3.dll": "257B76CE620B18369E9FD6B60E3C50E8",
  "runtimes\\win-x86\\native\\glfw3.dll": "FCD64AAF527366D7FC3DA11D4A191A79",
  "runtimes\\win-x86\\native\\SDL2.dll": "1E510795C5DC5AB74800CDCA3E8DAC92",
  "targets\\Dalamud.Plugin.Bootstrap.targets": "C85635161398CD9852CF7212DB7EB904",
  "targets\\Dalamud.Plugin.targets": "E582DE4B2093280C18BFC7764530631A",
  "BitFaster.Caching.dll": "4DECE6898246107D8F5528683285C50C",
  "CheapLoc.dll": "C9A1E5CB1C0F737B61D23B8E59B12FC6",
  "commit_hash.txt": "B004D576E01D791A0529DE7474C492AD",
  "Costura.dll": "DD743667B1338536D9DDFA2EC3543D01",
  "Dalamud.Boot.dll": "E7D8855D90F06FCF10B06250546468A1",
  "Dalamud.Common.dll": "A0956C91A4D6BA295E761B56AA919497",
  "Dalamud.deps.json": "3E8A8E85A41FA5DCD3D19C70B37102AE",
  "Dalamud.dll": "0D75C33F6B689D3E73C678C999464E34",
  "Dalamud.Injector.deps.json": "E30B9BD40106FFC14A5274A670979EDF",
  "Dalamud.Injector.dll": "8AA5FA943F97E25E6AFCA603290EC382",
  "Dalamud.Injector.exe": "8B1FD83CDA500948FE2B9F74FE03BC03",
  "Dalamud.Injector.runtimeconfig.json": "B9BB65FFE7924D4D8BABE9FA66303200",
  "Dalamud.Injector.xml": "D41E5DF541D19A015215E777D7395C9C",
  "Dalamud.runtimeconfig.json": "2A9CD915428BDD175E0889BD0C225F75",
  "Dalamud.xml": "8D4955EC9A6E52F2712D386B2428EE58",
  "DalamudCrashHandler.exe": "7C42AF5E64AE4A9D5363F220B83C7830",
  "FASM-LICENSE.TXT": "ECEA1D10811221D5F0A3E96F9C38E2C7",
  "FASM.DLL": "854AD1AC9D9652053B75AA11086BD5E0",
  "FASMX64.DLL": "6A584101BF0E827BA6D0B2A3DFC0A0EE",
  "FFXIVClientStructs.dll": "F8D7C978620F57A8D03EA5036B1B2EE6",
  "FFXIVClientStructs.xml": "568FAD0829835CF8EC1C445CC6917EEB",
  "goaaats.Reloaded.Assembler.targets": "CC22CB0A353E2136EE9E6E96DB9F7164",
  "Iced.dll": "6CC7010ECACE8A45EB93E3D620D152D4",
  "ImGui.NET.dll": "DE9F5EBC7060523DC57A46A9B73EBB2D",
  "ImGuiScene.dll": "D29B9BCC65BA5383A4BE6626578F7346",
  "InteropGenerator.Runtime.dll": "612EFF6B7E75286502FA3EC334B5EDC8",
  "JetBrains.Annotations.dll": "3F1420A2E72A2B2CD0F47B0FA66B6AAE",
  "licenses.txt": "A159BE62AA91178EFC3E3983AE874D1D",
  "Lumina.dll": "74223AACF79382F40FBBAB9697C25ACC",
  "Lumina.Excel.dll": "F276B6522A3325F1E95ED63EA6D5DC29",
  "Microsoft.Bcl.HashCode.dll": "613AB56061ADF2284E047025207467E0",
  "Microsoft.DotNet.PlatformAbstractions.dll": "00AB0F02B1114C57C758F5AD595224F1",
  "Microsoft.Extensions.DependencyModel.dll": "F39BC76C10CFEA478C936FC4521A9FC9",
  "Microsoft.Extensions.ObjectPool.dll": "FEE3CE8A84417360CC5ED787ED6F7DB1",
  "MinSharp.dll": "6D3E52B5CC6F06F121A4E2397A410B91",
  "Mono.Cecil.dll": "2C68A89F70A747620C834E1185B682BF",
  "Mono.Cecil.Mdb.dll": "7A011B559EB3F3EC8A7E150D95C1717D",
  "Mono.Cecil.Pdb.dll": "A1773C098188208B251F296819A15345",
  "Mono.Cecil.Rocks.dll": "F5ED37F434A78B561894F4E286717DE9",
  "nethost.dll": "21F39F71E2F4B5BA9FB3F126872F2F9B",
  "Newtonsoft.Json.dll": "ADF3E3EECDE20B7C9661E9C47106A14A",
  "PeNet.Asn1.dll": "F9B848655A1F9FFB1DFF59A70114E7DC",
  "PeNet.dll": "9CC03993FD888E1CFF1DD46EF2F804DF",
  "PInvoke.AdvApi32.dll": "34EE461D05B403C3A15D0DEC32A3788C",
  "PInvoke.BCrypt.dll": "FD07758EE1440491F22923084109FF26",
  "PInvoke.Cabinet.dll": "333D950E3804735DA60CC41D614C63E2",
  "PInvoke.CfgMgr32.dll": "768BE7CC18EDCF78B296A72ABE891691",
  "PInvoke.Crypt32.dll": "E7B00B0851738F4A7F2C6D37DAA973B4",
  "PInvoke.DbgHelp.dll": "E701136169620D20E3A70B560DE20E44",
  "PInvoke.DwmApi.dll": "ACF223CC8962404056648815B486F7D9",
  "PInvoke.Gdi32.dll": "69FF434826F98582CE44D3136ECFFACB",
  "PInvoke.Hid.dll": "2E7A41257F8AD9B26073181F450CD8E5",
  "PInvoke.ImageHlp.dll": "79BE816E8D86EA66489D7780DD675D49",
  "PInvoke.IPHlpApi.dll": "E949FA3326D1BA8872B179AB4EE49D38",
  "PInvoke.Kernel32.dll": "234E15B122ED430DE99490CA1A204958",
  "PInvoke.Magnification.dll": "C9EA3D34F506741ECC044DB19C151F09",
  "PInvoke.Msi.dll": "69EE50CE2DA6B55755E52589F49A7EBC",
  "PInvoke.NCrypt.dll": "DA1DE76C14D99370CA3BEF19DC299B15",
  "PInvoke.NetApi32.dll": "AE79F9FA2E3864A5E0642AE4622ECDC5",
  "PInvoke.NewDev.dll": "B3E1992105D986EF9C5C8E4B630FBB07",
  "PInvoke.NTDll.dll": "3F6BDF840EB27DD0FD9EB8071822183A",
  "PInvoke.Ole32.dll": "3C49FB100B60519FFE725BCD12A538F6",
  "PInvoke.Psapi.dll": "A7683EE4B880227F01C8AE632A892B9E",
  "PInvoke.SetupApi.dll": "1B7AE321185D0081D1759A9AD829F9BA",
  "PInvoke.SHCore.dll": "F27E7F063D51480F6D2294C903E4A606",
  "PInvoke.Shell32.dll": "F71A1BCAF6478190691170DAEA77722F",
  "PInvoke.User32.dll": "8BEDE38311ED4F27127290B81B8079FD",
  "PInvoke.Userenv.dll": "FEB7BCA90B8C905EC2F4BB0789847131",
  "PInvoke.UxTheme.dll": "8E683C016250CB719FDB9AAAFC22B3C5",
  "PInvoke.Windows.Core.dll": "90015440A44935208FFEA9BF61740651",
  "PInvoke.Windows.ShellScalingApi.dll": "F351B34B8C9183A51CADFDC279357C49",
  "PInvoke.WinUsb.dll": "9EB8A0280F2848D1A32B560A939F7336",
  "PInvoke.WtsApi32.dll": "341C94455D2E5893DBE4293D4D67AA4D",
  "Reloaded.Assembler.dll": "9137C9441E016FC1EE1019DD339AA2F0",
  "Reloaded.Hooks.Definitions.dll": "18203C6E40E17CF373A89F3CEDCFED43",
  "Reloaded.Hooks.dll": "95E0214848B5355AC406615C728F8A03",
  "Reloaded.Memory.Buffers.dll": "870DA6FC037B7CE432A7807E1C3BB918",
  "Reloaded.Memory.dll": "A91A73EA2EA5CA85BA02B522B38010AA",
  "revision.txt": "8466A2B43729C29DCD7CC0FDFA1A9E7A",
  "SDL2-CS.config": "65557595FD5DF55D93B2BF881DE62C3A",
  "SDL2-CS.dll": "187188EE5B757D242D9B0CA42459FB07",
  "Serilog.dll": "19DF03DF4A24EB51143B88FBB7058994",
  "Serilog.Sinks.Async.dll": "C574ECD91FDAC9B5439E94F63BAAAB73",
  "Serilog.Sinks.Console.dll": "EA2A32302A2E3A8192BAF737242B2CE3",
  "Serilog.Sinks.File.dll": "AD8C66EE0640DECD4D7FF393131F7440",
  "SharpDX.Direct3D11.dll": "79F5242DD4234F5DEB568D9458E0D48E",
  "SharpDX.dll": "3F760057C5ACAEE4DA0B6573089B3562",
  "SharpDX.DXGI.dll": "E8E4FE0E845B2303345697E584B3F9F4",
  "SharpDX.Mathematics.dll": "63487C1146F40F699CB830BC5CF72505",
  "Silk.NET.Core.dll": "B2B125B6B4E0F6D482CCB2FE5D5E0C18",
  "Silk.NET.GLFW.dll": "C89B4A97F831A0EE0ECCDC3D259F7CEA",
  "Silk.NET.Maths.dll": "EC95C745C4A91249BE41ACC14F7BDF1A",
  "Silk.NET.OpenGL.dll": "153837CA06A74C20DD583658F39B3C5D",
  "Silk.NET.SDL.dll": "765591048987ADC59FE27F1AFF379C0C",
  "Silk.NET.Windowing.Common.dll": "704BCCD9FA89AF5F45C2A23AA47A6D8C",
  "Silk.NET.Windowing.Glfw.dll": "39B01C06A07088E45E9C2E95369B84E3",
  "Silk.NET.Windowing.Sdl.dll": "3508C18B6BBDC5C8CFCC3A9D8C468D05",
  "SQLite-net.dll": "F74AD02909E7E2C02ECB192219A64CC3",
  "SQLitePCLRaw.batteries_v2.dll": "F8EB3DA025E53B7C46255DA834BAF20C",
  "SQLitePCLRaw.core.dll": "193CF33B9E4BA8E0BDFCE26889954C94",
  "SQLitePCLRaw.nativelibrary.dll": "7129C3E8F0FC201DD0DE2833672C86DE",
  "SQLitePCLRaw.provider.dynamic_cdecl.dll": "1DDA8F8EAA4EC86C30D32E5EF03D2E64",
  "StbiSharp.dll": "495BFC610222E7D6D6992B08FD5F2A34",
  "System.Reactive.dll": "EF5A00287AD15393D41B12AA4B726FF7",
  "System.Reflection.MetadataLoadContext.dll": "E88E3AF6D37736F339022C9ACC5F2F7B",
  "System.Security.Cryptography.Pkcs.dll": "8950E01996A37E808BE3F39063C37BF9",
  "TEMP_gitver.txt": "FFD6E8BF4BDA1CB69FD540BF261587CC",
  "TerraFX.Interop.Windows.dll": "84F7EF6B0DE91F8CC23F773D3FD6DEC0",
  "Validation.dll": "BA283F5AB5B86FB2549A53392F31113C"
}
