{
  "cs\\Microsoft.VisualStudio.Threading.resources.dll": "59CC07A0788ED5D2D7B1EC4C24692B5E",
  "cs\\Microsoft.VisualStudio.Validation.resources.dll": "6D64EB21E28D7DA0951CCB11D5A111DB",
  "cs\\StreamJsonRpc.resources.dll": "187B9DF9156C8ECA5FFC2D8DFC0D0AEB",
  "de\\Microsoft.VisualStudio.Threading.resources.dll": "E8F71F6E86250EE8F040884F21901A84",
  "de\\Microsoft.VisualStudio.Validation.resources.dll": "6BDBEB8494C6DF5EE482065A9D7F0B1E",
  "de\\StreamJsonRpc.resources.dll": "18A2EE45995D18CB97504B89E1D8EA84",
  "es\\Microsoft.VisualStudio.Threading.resources.dll": "C91684BC69AC34D7C4761C769C4613CE",
  "es\\Microsoft.VisualStudio.Validation.resources.dll": "0F92DD2019CF7222118E8B5D9409A328",
  "es\\StreamJsonRpc.resources.dll": "1426AE60A50C341884A93E75FDCB8F15",
  "fr\\Microsoft.VisualStudio.Threading.resources.dll": "8DF66006C30B545517609BC994A333BF",
  "fr\\Microsoft.VisualStudio.Validation.resources.dll": "1299DF7F85B8ABCC8205E7F968E64DE5",
  "fr\\StreamJsonRpc.resources.dll": "E0EF73E9AC6F5AC89FEFA3E4442FA526",
  "it\\Microsoft.VisualStudio.Threading.resources.dll": "ACB2901AD3BA29250398D7F7C7F06472",
  "it\\Microsoft.VisualStudio.Validation.resources.dll": "E96AFCAC956DE57A60CF403431A06B9F",
  "it\\StreamJsonRpc.resources.dll": "AF93C232BE3DE144BDBA9D47B0CF1FBA",
  "ja\\Microsoft.VisualStudio.Threading.resources.dll": "57953EF05139ABD830A160D29D477AE7",
  "ja\\Microsoft.VisualStudio.Validation.resources.dll": "37C3387A524C942BC21029A532E0FA88",
  "ja\\StreamJsonRpc.resources.dll": "71C0BF4563B000F7F6FD977A56646389",
  "ko\\Microsoft.VisualStudio.Threading.resources.dll": "4E69F9315A2BE37081E916836BD2865B",
  "ko\\Microsoft.VisualStudio.Validation.resources.dll": "F7519010D92C7E3BF6DD25032575FD3D",
  "ko\\StreamJsonRpc.resources.dll": "0462338CED7D90B6A89AA6C5C0B553ED",
  "pl\\Microsoft.VisualStudio.Threading.resources.dll": "E957E9AD4D62A6EDE5DEDB85DCB66BE0",
  "pl\\Microsoft.VisualStudio.Validation.resources.dll": "157FEA4FF784A1A3C450AAEAFC808171",
  "pl\\StreamJsonRpc.resources.dll": "A386D42B9AC0F3349E75FA0711BF6125",
  "pt-BR\\Microsoft.VisualStudio.Threading.resources.dll": "D0E584DCA9CFC97B49480B5326D1BE85",
  "pt-BR\\Microsoft.VisualStudio.Validation.resources.dll": "F1D96FD5909173972C661A1D8FE629DB",
  "pt-BR\\StreamJsonRpc.resources.dll": "7FF82CEBA9C3AFD947DC59A5FE132C78",
  "ru\\Microsoft.VisualStudio.Threading.resources.dll": "53F0D3DFF78ACA534A9F06C3E435BCDE",
  "ru\\Microsoft.VisualStudio.Validation.resources.dll": "DA5D932621691D0A43F9C41589BEA612",
  "ru\\StreamJsonRpc.resources.dll": "2BE00971D9A6088B5EC340B210503234",
  "runtimes\\alpine-x64\\native\\libe_sqlite3.so": "39C244FEDBCD3DFC37041D4FCE1AE21D",
  "runtimes\\linux-arm\\native\\libe_sqlite3.so": "96CF54BC0EFB83D6E3F5F3E04997A59D",
  "runtimes\\linux-arm64\\native\\libe_sqlite3.so": "F079E55E7F3F9966A4A2052A3234E068",
  "runtimes\\linux-armel\\native\\libe_sqlite3.so": "C5A67D49434FC65D64E9C15778078C76",
  "runtimes\\linux-mips64\\native\\libe_sqlite3.so": "5F8461214089CFC677D46C19B7162161",
  "runtimes\\linux-musl-x64\\native\\libe_sqlite3.so": "39C244FEDBCD3DFC37041D4FCE1AE21D",
  "runtimes\\linux-x64\\native\\libe_sqlite3.so": "6F49C540D3AB9964D67A4A704C3D262D",
  "runtimes\\linux-x86\\native\\libe_sqlite3.so": "5E0659B414CBD6DDC38C65582485853E",
  "runtimes\\osx-x64\\native\\libe_sqlite3.dylib": "F82AE134FCD1C080A69D775591406673",
  "runtimes\\win-arm\\native\\e_sqlite3.dll": "CE70E6A5E44AD7EDC4FAC9D3B6D307BE",
  "runtimes\\win-arm64\\native\\e_sqlite3.dll": "E89CB67CBD5E66D28F0D9E601B3FE525",
  "runtimes\\win-x64\\native\\e_sqlite3.dll": "0800259723E7680D992EB2434269F086",
  "runtimes\\win-x64\\native\\minhook.x64d.dll": "1DCECCF66EEB21E33D411C5D43C102DE",
  "runtimes\\win-x86\\native\\e_sqlite3.dll": "0CE9DB09C73B00E8F38125EBEAA9987F",
  "targets\\Dalamud.Plugin.Bootstrap.targets": "C85635161398CD9852CF7212DB7EB904",
  "targets\\Dalamud.Plugin.targets": "394EE2BEC70254F76ABBE2C33F62BBFA",
  "tr\\Microsoft.VisualStudio.Threading.resources.dll": "538FE3DA0C0527DC98456020A4351A85",
  "tr\\Microsoft.VisualStudio.Validation.resources.dll": "7C15CA39FCA7DF71D62C46E6F03389EF",
  "tr\\StreamJsonRpc.resources.dll": "E2AD6BCEBF0533F4D421EE83B42795C1",
  "zh-Hans\\Microsoft.VisualStudio.Threading.resources.dll": "4263966625E34972E95A9C1A2A0C61E8",
  "zh-Hans\\Microsoft.VisualStudio.Validation.resources.dll": "EB7953D05EF1CE51E790708D42EE5D18",
  "zh-Hans\\StreamJsonRpc.resources.dll": "FF596CD821202672B86089A5AB619C71",
  "zh-Hant\\Microsoft.VisualStudio.Threading.resources.dll": "4B693EDFE83A99478E1041AA17FFC35A",
  "zh-Hant\\Microsoft.VisualStudio.Validation.resources.dll": "8EF011A0285333D0EEFE22D5AA7A1702",
  "zh-Hant\\StreamJsonRpc.resources.dll": "BBF8E9013F9B1244348840EAA9CAF9B0",
  "BCnEncoder.dll": "0916DFC760A472123AF2CF2A67488C92",
  "BitFaster.Caching.dll": "456D63F18570F1093183B3A99767205F",
  "CheapLoc.dll": "270E3C6C4A691E6C71CB8D85C9A1948A",
  "cimgui.dll": "069C0F2EAE916E3EAA7E76648E6A88B2",
  "cimguizmo.dll": "B9E03754F471FDA3EBC4A6E8C9A1065A",
  "cimplot.dll": "CAF33ADD258C868EC7F0F30005639870",
  "commit_hash.txt": "38370719DCBD00C51A65CEB7EF3591AE",
  "CommunityToolkit.HighPerformance.dll": "66B64EC334625F2C5D341A45E28EEB43",
  "Dalamud.Bindings.ImGui.dll": "FA9F27885BA4B923ED39A2F26A375640",
  "Dalamud.Bindings.ImGuizmo.dll": "2D6D134F882EC5B06A635AC9267BAE94",
  "Dalamud.Bindings.ImPlot.dll": "CBDA6F70D25790D356A345108DF440B2",
  "Dalamud.Boot.dll": "9F3937175E848F35AB41B7F8B553CE92",
  "Dalamud.Common.dll": "BC70B703294641EAA9673278EC1F1364",
  "Dalamud.deps.json": "D682C643FE6FC733E51F7A9113D52697",
  "Dalamud.dll": "CD36BE4CA0A4A5EDB8542074B4CA59DF",
  "Dalamud.Injector.deps.json": "172E729569F73D338FB44810869B424F",
  "Dalamud.Injector.dll": "5A77A372DBD5A6CCED48C472B7D69D56",
  "Dalamud.Injector.exe": "FB9D4FF687E957DC6A74C10E5A359987",
  "Dalamud.Injector.runtimeconfig.json": "481C4D4F6151485203242D25F632FCC5",
  "Dalamud.Injector.xml": "CBC84759DB84E5C8A9269116B45E7C9D",
  "Dalamud.runtimeconfig.json": "9DB7F0D7C94CA1AA6CA3ACFA6F93A1D8",
  "Dalamud.xml": "EF57F15C806C3C3235C86F6017E4D3C1",
  "DalamudCrashHandler.exe": "7B21EF4CA53CC417B24E6E13A2F546D6",
  "FASM-LICENSE.TXT": "ECEA1D10811221D5F0A3E96F9C38E2C7",
  "FASM.DLL": "6E1029DB38E1D1609FB15F05A3266407",
  "FASMX64.DLL": "1D81B4FDAA02DEF8B2AA8A8D7181E1BB",
  "FFXIVClientStructs.dll": "74AE9B78C37FE5329EC63DF8BD5111B8",
  "FFXIVClientStructs.xml": "F1EC2874259BDBEE02E2D0E9EEBEC047",
  "goatcorp.Reloaded.Assembler.dll": "9A0D0E6FCBBE4B065110E3E7D0C9BAB5",
  "goatcorp.Reloaded.Assembler.targets": "CC22CB0A353E2136EE9E6E96DB9F7164",
  "goatcorp.Reloaded.Hooks.dll": "E6EE412DFEA12CA1431FFC701C57D91D",
  "goatcorp.Reloaded.Memory.Buffers.dll": "FE71DB5EF359ECEA9FEB20DEAC17E602",
  "HexaGen.Runtime.dll": "EE268F098AE8A12BB59F1D3EC163BD27",
  "Iced.dll": "2FFED86E0CD26A932488E2FB77C421EE",
  "ImGuiScene.dll": "8888CFC88D4C1B1759BA055113DDA664",
  "InteropGenerator.Runtime.dll": "A02FAAAAF3186ED60036FFC223C2B8BD",
  "JetBrains.Annotations.dll": "9BB433CC059774837A7A1B2492400C01",
  "licenses.txt": "A159BE62AA91178EFC3E3983AE874D1D",
  "Lumina.dll": "194505109205748E5EABC918C0AA6F2E",
  "Lumina.Excel.dll": "047D7D7AE14988EC5A8D74B4A2459EF0",
  "Lumina.Excel.xml": "3D3B7AD224A8A04B92B2B311FB8DA535",
  "MessagePack.Annotations.dll": "8AB375FD7CE1CD60FF6C521CD563CCAD",
  "MessagePack.dll": "5B607CD20B09B8B3C00BB3A096771F9E",
  "Microsoft.Extensions.ObjectPool.dll": "CB2B8426DF93B062B631BC85B3369BED",
  "Microsoft.NET.StringTools.dll": "88B3B9B25E54FF438D2F4F1609B726A4",
  "Microsoft.VisualStudio.Threading.dll": "EF2AC53B930F5ED16DA3B4CFB1033813",
  "Microsoft.VisualStudio.Validation.dll": "0B1D5949C6944383B1EE896C5E13D08B",
  "MinSharp.dll": "04DE8F182686C59ABB9304E5C5582D35",
  "Mono.Cecil.dll": "1A24FC7B8F565AB71E45FDD220CCE623",
  "Mono.Cecil.Mdb.dll": "3F3C85AE89C668A8DD945D79B3277646",
  "Mono.Cecil.Pdb.dll": "FB355D601360C2C1413F9290687D5C7B",
  "Mono.Cecil.Rocks.dll": "A7050E7AEA45829EFBAA64A54E50BF23",
  "Nerdbank.Streams.dll": "539451E456062345AF25E7E17335299B",
  "nethost.dll": "21F39F71E2F4B5BA9FB3F126872F2F9B",
  "Newtonsoft.Json.dll": "ADF3E3EECDE20B7C9661E9C47106A14A",
  "PeNet.Asn1.dll": "BD737DC24B7DA3FA8CB797B68AD083B0",
  "PeNet.dll": "9E717F185332A1DC692A0E2D38E8DCDB",
  "Reloaded.Hooks.Definitions.dll": "DC2CDB1954716CECDDC3B0AAA228AF55",
  "Reloaded.Memory.Buffers.dll": "0A7E6376E027FB0818FC34D8BDC265E9",
  "Reloaded.Memory.dll": "63312ADBC98F066B461FE4F29BA55CD8",
  "revision.txt": "E0CD3F16F9E883CA91C2A4C24F47B3D9",
  "Serilog.dll": "4C13E0F7ED56ADA0578C3190ACCF40ED",
  "Serilog.Sinks.Async.dll": "51F1FF5197820F8C6BB756589193C868",
  "Serilog.Sinks.Console.dll": "4159D7EE02C3C5C4867DA8222B2AB77B",
  "Serilog.Sinks.File.dll": "4B2123C17A0122B73B65635564C9FA3F",
  "SharpDX.Direct3D11.dll": "97CF704DA0BA460D91E1C7CC7B003251",
  "SharpDX.dll": "53E71CE883C3623ACD8C941639225DCF",
  "SharpDX.DXGI.dll": "D76053DDAE45B47174C7F4FF96B64140",
  "SharpDX.Mathematics.dll": "26703CC12F9BABDAAE76A7121BDF128A",
  "SQLite-net.dll": "92AB73E0EA99873C1207DDE250B0509E",
  "SQLitePCLRaw.batteries_v2.dll": "7BED514623CAECE9001FF642EF0FCCAF",
  "SQLitePCLRaw.core.dll": "A3EC0D2A46E590B255F83C12BC24D364",
  "SQLitePCLRaw.nativelibrary.dll": "2B9DD314E6CE8BA777D38CD297B760D5",
  "SQLitePCLRaw.provider.dynamic_cdecl.dll": "6FCD0489139E5C2402FF605725FF9080",
  "StreamJsonRpc.dll": "6157633EE85D57CFF6772C1526F2D352",
  "System.Reactive.dll": "EF5A00287AD15393D41B12AA4B726FF7",
  "System.Reflection.MetadataLoadContext.dll": "284C720DEE2524BCF10DD1B5648AA303",
  "System.Security.Cryptography.Pkcs.dll": "8950E01996A37E808BE3F39063C37BF9",
  "TEMP_gitver.txt": "2EFD98C90DA4F797E8675F72B64D13E3",
  "TerraFX.Interop.Windows.dll": "84F7EF6B0DE91F8CC23F773D3FD6DEC0"
}
