{
  "cs\\Microsoft.VisualStudio.Threading.resources.dll": "59CC07A0788ED5D2D7B1EC4C24692B5E",
  "cs\\Microsoft.VisualStudio.Validation.resources.dll": "6D64EB21E28D7DA0951CCB11D5A111DB",
  "cs\\StreamJsonRpc.resources.dll": "187B9DF9156C8ECA5FFC2D8DFC0D0AEB",
  "de\\Microsoft.VisualStudio.Threading.resources.dll": "E8F71F6E86250EE8F040884F21901A84",
  "de\\Microsoft.VisualStudio.Validation.resources.dll": "6BDBEB8494C6DF5EE482065A9D7F0B1E",
  "de\\StreamJsonRpc.resources.dll": "18A2EE45995D18CB97504B89E1D8EA84",
  "es\\Microsoft.VisualStudio.Threading.resources.dll": "C91684BC69AC34D7C4761C769C4613CE",
  "es\\Microsoft.VisualStudio.Validation.resources.dll": "0F92DD2019CF7222118E8B5D9409A328",
  "es\\StreamJsonRpc.resources.dll": "1426AE60A50C341884A93E75FDCB8F15",
  "fr\\Microsoft.VisualStudio.Threading.resources.dll": "8DF66006C30B545517609BC994A333BF",
  "fr\\Microsoft.VisualStudio.Validation.resources.dll": "1299DF7F85B8ABCC8205E7F968E64DE5",
  "fr\\StreamJsonRpc.resources.dll": "E0EF73E9AC6F5AC89FEFA3E4442FA526",
  "it\\Microsoft.VisualStudio.Threading.resources.dll": "ACB2901AD3BA29250398D7F7C7F06472",
  "it\\Microsoft.VisualStudio.Validation.resources.dll": "E96AFCAC956DE57A60CF403431A06B9F",
  "it\\StreamJsonRpc.resources.dll": "AF93C232BE3DE144BDBA9D47B0CF1FBA",
  "ja\\Microsoft.VisualStudio.Threading.resources.dll": "57953EF05139ABD830A160D29D477AE7",
  "ja\\Microsoft.VisualStudio.Validation.resources.dll": "37C3387A524C942BC21029A532E0FA88",
  "ja\\StreamJsonRpc.resources.dll": "71C0BF4563B000F7F6FD977A56646389",
  "ko\\Microsoft.VisualStudio.Threading.resources.dll": "4E69F9315A2BE37081E916836BD2865B",
  "ko\\Microsoft.VisualStudio.Validation.resources.dll": "F7519010D92C7E3BF6DD25032575FD3D",
  "ko\\StreamJsonRpc.resources.dll": "0462338CED7D90B6A89AA6C5C0B553ED",
  "pl\\Microsoft.VisualStudio.Threading.resources.dll": "E957E9AD4D62A6EDE5DEDB85DCB66BE0",
  "pl\\Microsoft.VisualStudio.Validation.resources.dll": "157FEA4FF784A1A3C450AAEAFC808171",
  "pl\\StreamJsonRpc.resources.dll": "A386D42B9AC0F3349E75FA0711BF6125",
  "pt-BR\\Microsoft.VisualStudio.Threading.resources.dll": "D0E584DCA9CFC97B49480B5326D1BE85",
  "pt-BR\\Microsoft.VisualStudio.Validation.resources.dll": "F1D96FD5909173972C661A1D8FE629DB",
  "pt-BR\\StreamJsonRpc.resources.dll": "7FF82CEBA9C3AFD947DC59A5FE132C78",
  "ru\\Microsoft.VisualStudio.Threading.resources.dll": "53F0D3DFF78ACA534A9F06C3E435BCDE",
  "ru\\Microsoft.VisualStudio.Validation.resources.dll": "DA5D932621691D0A43F9C41589BEA612",
  "ru\\StreamJsonRpc.resources.dll": "2BE00971D9A6088B5EC340B210503234",
  "runtimes\\alpine-x64\\native\\libe_sqlite3.so": "39C244FEDBCD3DFC37041D4FCE1AE21D",
  "runtimes\\linux-arm\\native\\libe_sqlite3.so": "96CF54BC0EFB83D6E3F5F3E04997A59D",
  "runtimes\\linux-arm64\\native\\libe_sqlite3.so": "F079E55E7F3F9966A4A2052A3234E068",
  "runtimes\\linux-armel\\native\\libe_sqlite3.so": "C5A67D49434FC65D64E9C15778078C76",
  "runtimes\\linux-mips64\\native\\libe_sqlite3.so": "5F8461214089CFC677D46C19B7162161",
  "runtimes\\linux-musl-x64\\native\\libe_sqlite3.so": "39C244FEDBCD3DFC37041D4FCE1AE21D",
  "runtimes\\linux-x64\\native\\libe_sqlite3.so": "6F49C540D3AB9964D67A4A704C3D262D",
  "runtimes\\linux-x86\\native\\libe_sqlite3.so": "5E0659B414CBD6DDC38C65582485853E",
  "runtimes\\osx-x64\\native\\libe_sqlite3.dylib": "F82AE134FCD1C080A69D775591406673",
  "runtimes\\win-arm\\native\\e_sqlite3.dll": "A919A6D2EA27335DFBF2913CC4FFBD79",
  "runtimes\\win-arm64\\native\\e_sqlite3.dll": "A0E2AF3579F9A0515D139E7B7113C04B",
  "runtimes\\win-x64\\native\\e_sqlite3.dll": "E0F98F78F139219D5A63D42A34F7FCDD",
  "runtimes\\win-x64\\native\\minhook.x64d.dll": "F6DAE9974271288A63E44B4411A398CC",
  "runtimes\\win-x86\\native\\e_sqlite3.dll": "777F4CA100D5160136A98F6044A86BD7",
  "tr\\Microsoft.VisualStudio.Threading.resources.dll": "538FE3DA0C0527DC98456020A4351A85",
  "tr\\Microsoft.VisualStudio.Validation.resources.dll": "7C15CA39FCA7DF71D62C46E6F03389EF",
  "tr\\StreamJsonRpc.resources.dll": "E2AD6BCEBF0533F4D421EE83B42795C1",
  "zh-Hans\\Microsoft.VisualStudio.Threading.resources.dll": "4263966625E34972E95A9C1A2A0C61E8",
  "zh-Hans\\Microsoft.VisualStudio.Validation.resources.dll": "EB7953D05EF1CE51E790708D42EE5D18",
  "zh-Hans\\StreamJsonRpc.resources.dll": "FF596CD821202672B86089A5AB619C71",
  "zh-Hant\\Microsoft.VisualStudio.Threading.resources.dll": "4B693EDFE83A99478E1041AA17FFC35A",
  "zh-Hant\\Microsoft.VisualStudio.Validation.resources.dll": "8EF011A0285333D0EEFE22D5AA7A1702",
  "zh-Hant\\StreamJsonRpc.resources.dll": "BBF8E9013F9B1244348840EAA9CAF9B0",
  "BCnEncoder.dll": "F61A6709F5716AF77AE50D0D43BD0C5C",
  "BitFaster.Caching.dll": "B8DD07279A3FCB2E698ABB77A1637E5C",
  "CheapLoc.dll": "87B6BC6C6DC0419F429C6AF38C780614",
  "cimgui.dll": "A9DBDE8BDBBB1E7A36372A3A56098186",
  "cimguizmo.dll": "9FB84B4837701C1368E5E7EA0671FE44",
  "cimplot.dll": "DCB9FC434FEED782E9B7E17895C00B9B",
  "commit_hash.txt": "827F20E8CA07443A5B4E1F470BB8A033",
  "CommunityToolkit.HighPerformance.dll": "66B64EC334625F2C5D341A45E28EEB43",
  "Dalamud.Bindings.ImGui.dll": "BA9DC197675B8C695302A030A19076AD",
  "Dalamud.Bindings.ImGuizmo.dll": "94927B15CE36150312319DADEE68B6E8",
  "Dalamud.Bindings.ImPlot.dll": "E9FDF511962E5F585B8A73258B1968D6",
  "Dalamud.Boot.dll": "3EE15E6F0E07662E73CD02AFCCF974F9",
  "Dalamud.Common.dll": "AEA9D23756F76CE8B6F20E4D00E71529",
  "Dalamud.deps.json": "1CBC28407DEFCB543E717ECAC92494C8",
  "Dalamud.dll": "5CF2EE5BC2CA35811E42945F0C1C91FF",
  "Dalamud.Injector.deps.json": "172E729569F73D338FB44810869B424F",
  "Dalamud.Injector.dll": "0DD9B6CAB5B665474B9C73397257B59B",
  "Dalamud.Injector.exe": "41A00E8ED48F4999132C5BDF55401201",
  "Dalamud.Injector.runtimeconfig.json": "481C4D4F6151485203242D25F632FCC5",
  "Dalamud.Injector.xml": "573870DEB8A9854EC20203EDE9D78425",
  "Dalamud.runtimeconfig.json": "9DB7F0D7C94CA1AA6CA3ACFA6F93A1D8",
  "Dalamud.xml": "E2B8480A8AC77CF205002063B3F8C96E",
  "DalamudCrashHandler.exe": "090D3EC1D28A0A2EEAE70395DAB6EDF6",
  "FASM-LICENSE.TXT": "ECEA1D10811221D5F0A3E96F9C38E2C7",
  "FASM.DLL": "33FED6E0F16E57EE292F1BCB766606B8",
  "FASMX64.DLL": "CB38800ED70A9C3A12EC7A9E8AE23F6B",
  "FFXIVClientStructs.dll": "EA6B7F2040CE6FFEA6D6ECADCC47C149",
  "FFXIVClientStructs.xml": "AF27831EE858B63D292F2CDD8B6F245E",
  "goatcorp.Reloaded.Assembler.dll": "82C07454AC26E56441D7C02EB034A6C7",
  "goatcorp.Reloaded.Assembler.targets": "CC22CB0A353E2136EE9E6E96DB9F7164",
  "goatcorp.Reloaded.Hooks.dll": "9E14CF743DA93BC9DDED7DA8E482FED8",
  "goatcorp.Reloaded.Memory.Buffers.dll": "314312535CB62C18B3E31331985893D8",
  "HexaGen.Runtime.dll": "DB878B91DA29D8372D15344C1C0BA6EC",
  "Iced.dll": "35B246A18970850C58A562A6DA72611D",
  "ImGuiScene.dll": "D5A90DA0D448B2842BA619377D21C4C1",
  "InteropGenerator.Runtime.dll": "94087F3734001927FD09008AA3676FFA",
  "JetBrains.Annotations.dll": "9140E483DE306B7B4EE2AC44869A6E50",
  "licenses.txt": "A159BE62AA91178EFC3E3983AE874D1D",
  "Lumina.dll": "C49B22C9DF678C32EF3B21AF75BD5DF7",
  "Lumina.Excel.dll": "04660B920DF6D490EAACE060690EA609",
  "Lumina.Excel.xml": "3D3B7AD224A8A04B92B2B311FB8DA535",
  "MessagePack.Annotations.dll": "4C53A82EC98190497A6DB0BDCBA8654A",
  "MessagePack.dll": "7B6287976F6936E91E4EB8CDD27B3758",
  "Microsoft.Extensions.ObjectPool.dll": "CB2B8426DF93B062B631BC85B3369BED",
  "Microsoft.NET.StringTools.dll": "88B3B9B25E54FF438D2F4F1609B726A4",
  "Microsoft.VisualStudio.Threading.dll": "EF2AC53B930F5ED16DA3B4CFB1033813",
  "Microsoft.VisualStudio.Validation.dll": "0B1D5949C6944383B1EE896C5E13D08B",
  "MinSharp.dll": "60462175B146DB3D8B3CEFD3BB33C2A9",
  "Mono.Cecil.dll": "D97F7F2C75DB3552F1D4D6A84AE458D3",
  "Mono.Cecil.Mdb.dll": "616E93DF9631539CEE142DCB89D141D0",
  "Mono.Cecil.Pdb.dll": "E5C2E51C2036E55176382CDF10FFD687",
  "Mono.Cecil.Rocks.dll": "02D6B38F9D6EFF6EF319A98E7AD3AD89",
  "Nerdbank.Streams.dll": "539451E456062345AF25E7E17335299B",
  "nethost.dll": "21F39F71E2F4B5BA9FB3F126872F2F9B",
  "Newtonsoft.Json.dll": "ADF3E3EECDE20B7C9661E9C47106A14A",
  "PeNet.Asn1.dll": "43BA35FD9C0C610F220136A3777CEEA9",
  "PeNet.dll": "92F13C20DF787FFA8F8E4A8A2E7CA976",
  "Reloaded.Hooks.Definitions.dll": "B4A6AFC95AD5DF98B8E844CCFC4DE86D",
  "Reloaded.Memory.Buffers.dll": "464251DA2EE36CE8C37091EDD071D258",
  "Reloaded.Memory.dll": "6EE9EFC5A7AB4E78A6C36AD7F1F5D2BC",
  "revision.txt": "22C432F46FD86E1BE5BC4429282EB65D",
  "Serilog.dll": "99326F58685B441A1EBE7053DD3CA5FC",
  "Serilog.Sinks.Async.dll": "6E6F3C966DCC9C07B90B614AFF5677E0",
  "Serilog.Sinks.Console.dll": "F8C7AD0D78F805419544EBE9AE3FC320",
  "Serilog.Sinks.File.dll": "99980DBDF10CF19659478C24510B8B44",
  "SQLite-net.dll": "86A3A93C067AC75080D1BB7F2ED95D16",
  "SQLitePCLRaw.batteries_v2.dll": "C43E9B2BB4B39E5363096FD2FC675759",
  "SQLitePCLRaw.core.dll": "57DB88FE619D41ABCA99B8B8486DA27B",
  "SQLitePCLRaw.nativelibrary.dll": "F27156DBAB47E171901E6E9FEA474697",
  "SQLitePCLRaw.provider.dynamic_cdecl.dll": "6CE621B8FF4FCA2D9AFD2E36EC9989A3",
  "StreamJsonRpc.dll": "6157633EE85D57CFF6772C1526F2D352",
  "System.Reactive.dll": "EF5A00287AD15393D41B12AA4B726FF7",
  "System.Reflection.MetadataLoadContext.dll": "284C720DEE2524BCF10DD1B5648AA303",
  "System.Security.Cryptography.Pkcs.dll": "8950E01996A37E808BE3F39063C37BF9",
  "TEMP_gitver.txt": "A9557A3778EE244954AA2840C5A38BB2",
  "TerraFX.Interop.Windows.dll": "C75D06E77DE5A095D45676A81CDE0DC9"
}
