{
  "cs\\Microsoft.VisualStudio.Threading.resources.dll": "59CC07A0788ED5D2D7B1EC4C24692B5E",
  "cs\\Microsoft.VisualStudio.Validation.resources.dll": "6D64EB21E28D7DA0951CCB11D5A111DB",
  "cs\\StreamJsonRpc.resources.dll": "187B9DF9156C8ECA5FFC2D8DFC0D0AEB",
  "de\\Microsoft.VisualStudio.Threading.resources.dll": "E8F71F6E86250EE8F040884F21901A84",
  "de\\Microsoft.VisualStudio.Validation.resources.dll": "6BDBEB8494C6DF5EE482065A9D7F0B1E",
  "de\\StreamJsonRpc.resources.dll": "18A2EE45995D18CB97504B89E1D8EA84",
  "es\\Microsoft.VisualStudio.Threading.resources.dll": "C91684BC69AC34D7C4761C769C4613CE",
  "es\\Microsoft.VisualStudio.Validation.resources.dll": "0F92DD2019CF7222118E8B5D9409A328",
  "es\\StreamJsonRpc.resources.dll": "1426AE60A50C341884A93E75FDCB8F15",
  "fr\\Microsoft.VisualStudio.Threading.resources.dll": "8DF66006C30B545517609BC994A333BF",
  "fr\\Microsoft.VisualStudio.Validation.resources.dll": "1299DF7F85B8ABCC8205E7F968E64DE5",
  "fr\\StreamJsonRpc.resources.dll": "E0EF73E9AC6F5AC89FEFA3E4442FA526",
  "it\\Microsoft.VisualStudio.Threading.resources.dll": "ACB2901AD3BA29250398D7F7C7F06472",
  "it\\Microsoft.VisualStudio.Validation.resources.dll": "E96AFCAC956DE57A60CF403431A06B9F",
  "it\\StreamJsonRpc.resources.dll": "AF93C232BE3DE144BDBA9D47B0CF1FBA",
  "ja\\Microsoft.VisualStudio.Threading.resources.dll": "57953EF05139ABD830A160D29D477AE7",
  "ja\\Microsoft.VisualStudio.Validation.resources.dll": "37C3387A524C942BC21029A532E0FA88",
  "ja\\StreamJsonRpc.resources.dll": "71C0BF4563B000F7F6FD977A56646389",
  "ko\\Microsoft.VisualStudio.Threading.resources.dll": "4E69F9315A2BE37081E916836BD2865B",
  "ko\\Microsoft.VisualStudio.Validation.resources.dll": "F7519010D92C7E3BF6DD25032575FD3D",
  "ko\\StreamJsonRpc.resources.dll": "0462338CED7D90B6A89AA6C5C0B553ED",
  "pl\\Microsoft.VisualStudio.Threading.resources.dll": "E957E9AD4D62A6EDE5DEDB85DCB66BE0",
  "pl\\Microsoft.VisualStudio.Validation.resources.dll": "157FEA4FF784A1A3C450AAEAFC808171",
  "pl\\StreamJsonRpc.resources.dll": "A386D42B9AC0F3349E75FA0711BF6125",
  "pt-BR\\Microsoft.VisualStudio.Threading.resources.dll": "D0E584DCA9CFC97B49480B5326D1BE85",
  "pt-BR\\Microsoft.VisualStudio.Validation.resources.dll": "F1D96FD5909173972C661A1D8FE629DB",
  "pt-BR\\StreamJsonRpc.resources.dll": "7FF82CEBA9C3AFD947DC59A5FE132C78",
  "ru\\Microsoft.VisualStudio.Threading.resources.dll": "53F0D3DFF78ACA534A9F06C3E435BCDE",
  "ru\\Microsoft.VisualStudio.Validation.resources.dll": "DA5D932621691D0A43F9C41589BEA612",
  "ru\\StreamJsonRpc.resources.dll": "2BE00971D9A6088B5EC340B210503234",
  "runtimes\\alpine-x64\\native\\libe_sqlite3.so": "39C244FEDBCD3DFC37041D4FCE1AE21D",
  "runtimes\\linux-arm\\native\\libe_sqlite3.so": "96CF54BC0EFB83D6E3F5F3E04997A59D",
  "runtimes\\linux-arm64\\native\\libe_sqlite3.so": "F079E55E7F3F9966A4A2052A3234E068",
  "runtimes\\linux-armel\\native\\libe_sqlite3.so": "C5A67D49434FC65D64E9C15778078C76",
  "runtimes\\linux-mips64\\native\\libe_sqlite3.so": "5F8461214089CFC677D46C19B7162161",
  "runtimes\\linux-musl-x64\\native\\libe_sqlite3.so": "39C244FEDBCD3DFC37041D4FCE1AE21D",
  "runtimes\\linux-x64\\native\\libe_sqlite3.so": "6F49C540D3AB9964D67A4A704C3D262D",
  "runtimes\\linux-x86\\native\\libe_sqlite3.so": "5E0659B414CBD6DDC38C65582485853E",
  "runtimes\\osx-x64\\native\\libe_sqlite3.dylib": "F82AE134FCD1C080A69D775591406673",
  "runtimes\\win-arm\\native\\e_sqlite3.dll": "E3F141DEF4288AC33F39FFCDE0C90C35",
  "runtimes\\win-arm64\\native\\e_sqlite3.dll": "81BE5B550FE4C9ECD3EC920BA1D5AAC7",
  "runtimes\\win-x64\\native\\e_sqlite3.dll": "A90DA8F8B2EF2E8B3A49D3C43E78774E",
  "runtimes\\win-x64\\native\\minhook.x64d.dll": "07FF42C17A79F16DDD321BE016E46195",
  "runtimes\\win-x86\\native\\e_sqlite3.dll": "9133246FA82B3635141AFD2A3F009D9B",
  "targets\\Dalamud.Plugin.Bootstrap.targets": "C85635161398CD9852CF7212DB7EB904",
  "targets\\Dalamud.Plugin.targets": "394EE2BEC70254F76ABBE2C33F62BBFA",
  "tr\\Microsoft.VisualStudio.Threading.resources.dll": "538FE3DA0C0527DC98456020A4351A85",
  "tr\\Microsoft.VisualStudio.Validation.resources.dll": "7C15CA39FCA7DF71D62C46E6F03389EF",
  "tr\\StreamJsonRpc.resources.dll": "E2AD6BCEBF0533F4D421EE83B42795C1",
  "zh-Hans\\Microsoft.VisualStudio.Threading.resources.dll": "4263966625E34972E95A9C1A2A0C61E8",
  "zh-Hans\\Microsoft.VisualStudio.Validation.resources.dll": "EB7953D05EF1CE51E790708D42EE5D18",
  "zh-Hans\\StreamJsonRpc.resources.dll": "FF596CD821202672B86089A5AB619C71",
  "zh-Hant\\Microsoft.VisualStudio.Threading.resources.dll": "4B693EDFE83A99478E1041AA17FFC35A",
  "zh-Hant\\Microsoft.VisualStudio.Validation.resources.dll": "8EF011A0285333D0EEFE22D5AA7A1702",
  "zh-Hant\\StreamJsonRpc.resources.dll": "BBF8E9013F9B1244348840EAA9CAF9B0",
  "BCnEncoder.dll": "EEA2A91AEBD71C039C8D83033345A21B",
  "BitFaster.Caching.dll": "44490C02E24B5BCB112062D62EA23B7B",
  "CheapLoc.dll": "625731F192DE45FD64EDD86828A541E5",
  "cimgui.dll": "DA7B718D97959B2337B9F56B71CB58B2",
  "cimguizmo.dll": "97B1CC9E12F798F1512D52019CA77D12",
  "cimplot.dll": "D15FAD96F7A9B6AFD91E2A0372C6EF48",
  "commit_hash.txt": "653E17217DD58D6D0F31D5330CEA4C89",
  "CommunityToolkit.HighPerformance.dll": "66B64EC334625F2C5D341A45E28EEB43",
  "Dalamud.Bindings.ImGui.dll": "461390BE02DBAAA00BB285FC98F78EF1",
  "Dalamud.Bindings.ImGuizmo.dll": "DC427818EFCE1A06E16C85A8E8629399",
  "Dalamud.Bindings.ImPlot.dll": "14D2306701E05A230CEFD6F675DCC50B",
  "Dalamud.Boot.dll": "7D3421D755CAC1174925353CD8A7D30A",
  "Dalamud.Common.dll": "6716528DBCE0EBCCA91473CEFFF91E20",
  "Dalamud.deps.json": "D682C643FE6FC733E51F7A9113D52697",
  "Dalamud.dll": "5A4504581E1DB67C7F044C8E1E37E4B9",
  "Dalamud.Injector.deps.json": "172E729569F73D338FB44810869B424F",
  "Dalamud.Injector.dll": "BC0BBE23E320B6F33770B4D751D41A63",
  "Dalamud.Injector.exe": "D268F5D8AE13F62B39DEFEE0D05760C6",
  "Dalamud.Injector.runtimeconfig.json": "481C4D4F6151485203242D25F632FCC5",
  "Dalamud.Injector.xml": "CBC84759DB84E5C8A9269116B45E7C9D",
  "Dalamud.runtimeconfig.json": "9DB7F0D7C94CA1AA6CA3ACFA6F93A1D8",
  "Dalamud.xml": "16C098261D6473418F6D51E075D4B3B7",
  "DalamudCrashHandler.exe": "CBEC3333AC4E24AB39F278E7CDFD1D31",
  "FASM-LICENSE.TXT": "ECEA1D10811221D5F0A3E96F9C38E2C7",
  "FASM.DLL": "103D233CE3265A6121126FFAF20C0245",
  "FASMX64.DLL": "6849F27F8940410E166AD85A373581A7",
  "FFXIVClientStructs.dll": "2BD577BCCCDC328148AAEBBEC59F3153",
  "FFXIVClientStructs.xml": "F1EC2874259BDBEE02E2D0E9EEBEC047",
  "goatcorp.Reloaded.Assembler.dll": "3948A9D2CB698CB7143F6A6407E25F8D",
  "goatcorp.Reloaded.Assembler.targets": "CC22CB0A353E2136EE9E6E96DB9F7164",
  "goatcorp.Reloaded.Hooks.dll": "4573A48CE227BA5846AC0120097B6F53",
  "goatcorp.Reloaded.Memory.Buffers.dll": "F00B5C5E66A5EF94E4AB2A6EE9441D67",
  "HexaGen.Runtime.dll": "F5CABEE62E0D467C61B8A3822656D5B1",
  "Iced.dll": "79BACA0EC9A25A5B832463055487DA43",
  "ImGuiScene.dll": "E402D8D38609C332BB1694D6E615EEE6",
  "InteropGenerator.Runtime.dll": "D3B27A9A55FC301BF32BD21DCAF7792E",
  "JetBrains.Annotations.dll": "3F0E7AF7B7ED0B7BDAA049DD2BE8E57B",
  "licenses.txt": "A159BE62AA91178EFC3E3983AE874D1D",
  "Lumina.dll": "F77C3624D20F34D40DEFEDEF59FEEE82",
  "Lumina.Excel.dll": "B0FE905FA2F977DACCF48330602055AE",
  "Lumina.Excel.xml": "3D3B7AD224A8A04B92B2B311FB8DA535",
  "MessagePack.Annotations.dll": "F64EF58F05C311C9610D5666E98B28A0",
  "MessagePack.dll": "8271EC186BFBCA400EBEDEB4FD9D3FF8",
  "Microsoft.Extensions.ObjectPool.dll": "CB2B8426DF93B062B631BC85B3369BED",
  "Microsoft.NET.StringTools.dll": "88B3B9B25E54FF438D2F4F1609B726A4",
  "Microsoft.VisualStudio.Threading.dll": "EF2AC53B930F5ED16DA3B4CFB1033813",
  "Microsoft.VisualStudio.Validation.dll": "0B1D5949C6944383B1EE896C5E13D08B",
  "MinSharp.dll": "210FCBAA0428A54376A06913742EA8E2",
  "Mono.Cecil.dll": "AA4DCFCA39CFD8F2BB5FE5971413D0A9",
  "Mono.Cecil.Mdb.dll": "E1F93D7BBC070B02BED08350061E7DD1",
  "Mono.Cecil.Pdb.dll": "861E5495A74BA88526FA79E127E7027F",
  "Mono.Cecil.Rocks.dll": "A2F24CE2FAAE851CDD8F061ECC7EB5B6",
  "Nerdbank.Streams.dll": "539451E456062345AF25E7E17335299B",
  "nethost.dll": "21F39F71E2F4B5BA9FB3F126872F2F9B",
  "Newtonsoft.Json.dll": "ADF3E3EECDE20B7C9661E9C47106A14A",
  "PeNet.Asn1.dll": "7C5F0E147E1C709B4953C453EDC7FD01",
  "PeNet.dll": "843680D71E4B3BCB1D453FF10B00056B",
  "Reloaded.Hooks.Definitions.dll": "CAB4EA9B2F3B1AB80C02A24AB51BF1E0",
  "Reloaded.Memory.Buffers.dll": "E1AC20CAB24FF90950EA11AD5C2A0F54",
  "Reloaded.Memory.dll": "A30CF54053E42A652893CC4EEF00F942",
  "revision.txt": "0F34132B15DD02F282A11EA1E322A96D",
  "Serilog.dll": "3A71A4BA641DD4D058C17E8EC203C7EA",
  "Serilog.Sinks.Async.dll": "2A3B161BA550B42ED2ACBF404B1E6947",
  "Serilog.Sinks.Console.dll": "6132F6F570897767F2795E1710B873D9",
  "Serilog.Sinks.File.dll": "97E154B7CBD2D916B52E2FE0B20B3690",
  "SharpDX.Direct3D11.dll": "67EB7645ED0BAA5F0C14B46B563466D6",
  "SharpDX.dll": "1668A6D15651319A041302F3FFBEFF09",
  "SharpDX.DXGI.dll": "1A5CC379C759AE3C7C88F0EE3E718DE7",
  "SharpDX.Mathematics.dll": "EDE22531604102018BFB464434F03D3B",
  "SQLite-net.dll": "54BBD6EB107E0FC9D5434E1A7966EE3C",
  "SQLitePCLRaw.batteries_v2.dll": "8E2F68361B0872F09372A32FE9A7C00D",
  "SQLitePCLRaw.core.dll": "2DC621E0B22252262CEFC9197A6DE11C",
  "SQLitePCLRaw.nativelibrary.dll": "3169A1C77BBC79F80CEA42C285355752",
  "SQLitePCLRaw.provider.dynamic_cdecl.dll": "92349BBCC0A36B07078FE3672DB789C3",
  "StreamJsonRpc.dll": "6157633EE85D57CFF6772C1526F2D352",
  "System.Reactive.dll": "EF5A00287AD15393D41B12AA4B726FF7",
  "System.Reflection.MetadataLoadContext.dll": "284C720DEE2524BCF10DD1B5648AA303",
  "System.Security.Cryptography.Pkcs.dll": "8950E01996A37E808BE3F39063C37BF9",
  "TEMP_gitver.txt": "D875125741DE581236B3F9D156AB7E9B",
  "TerraFX.Interop.Windows.dll": "84F7EF6B0DE91F8CC23F773D3FD6DEC0"
}
