{
  "runtimes\\alpine-x64\\native\\libe_sqlite3.so": "39C244FEDBCD3DFC37041D4FCE1AE21D",
  "runtimes\\linux-arm\\native\\libe_sqlite3.so": "96CF54BC0EFB83D6E3F5F3E04997A59D",
  "runtimes\\linux-arm64\\native\\libe_sqlite3.so": "F079E55E7F3F9966A4A2052A3234E068",
  "runtimes\\linux-armel\\native\\libe_sqlite3.so": "C5A67D49434FC65D64E9C15778078C76",
  "runtimes\\linux-mips64\\native\\libe_sqlite3.so": "5F8461214089CFC677D46C19B7162161",
  "runtimes\\linux-musl-x64\\native\\libe_sqlite3.so": "39C244FEDBCD3DFC37041D4FCE1AE21D",
  "runtimes\\linux-x64\\native\\libe_sqlite3.so": "6F49C540D3AB9964D67A4A704C3D262D",
  "runtimes\\linux-x86\\native\\libe_sqlite3.so": "5E0659B414CBD6DDC38C65582485853E",
  "runtimes\\osx-x64\\native\\libe_sqlite3.dylib": "F82AE134FCD1C080A69D775591406673",
  "runtimes\\win-arm\\native\\e_sqlite3.dll": "F439D96D9EE98A4213B0A37992DBB305",
  "runtimes\\win-arm64\\native\\e_sqlite3.dll": "17A25B2E208BE905482697F9F2018D31",
  "runtimes\\win-x64\\native\\e_sqlite3.dll": "5504D38B5CAD359561C44F37C2427FCC",
  "runtimes\\win-x64\\native\\minhook.x64d.dll": "98D36BE21718C0CF685ADEDCEBF4745E",
  "runtimes\\win-x86\\native\\e_sqlite3.dll": "6C40BFF227B7EA7C85E60F261BE18072",
  "targets\\Dalamud.Plugin.Bootstrap.targets": "C85635161398CD9852CF7212DB7EB904",
  "targets\\Dalamud.Plugin.targets": "394EE2BEC70254F76ABBE2C33F62BBFA",
  "BCnEncoder.dll": "749CA2E40140AE0555C57ACA59452F73",
  "BitFaster.Caching.dll": "948A6CB3142E2EBC6A9A5435D6D28BA9",
  "CheapLoc.dll": "9177F552893F134FFFB5FF056C1F552F",
  "cimgui.dll": "05077231F8E6C61B0C5DFCB4E14C81AA",
  "cimguizmo.dll": "C14713DE4FAFE1F32F4D294DDE2BEF80",
  "cimplot.dll": "6A1479A7064B064B720ACDC01763B339",
  "commit_hash.txt": "DEC6A4AF59EABA6EF24743D3C4237550",
  "CommunityToolkit.HighPerformance.dll": "66B64EC334625F2C5D341A45E28EEB43",
  "Dalamud.Bindings.ImGui.dll": "FCF3F5FB0EE556AB46DD432F6CDDDE00",
  "Dalamud.Bindings.ImGuizmo.dll": "00D12202D21102B5EA1991954DD40953",
  "Dalamud.Bindings.ImPlot.dll": "F375BD2084A01396739170DF6DE3A26E",
  "Dalamud.Boot.dll": "0FB3DB7C4A3E891C3434F638A22A6F4D",
  "Dalamud.Common.dll": "E5A41F16FE1D5EAB02204CA54DF43143",
  "Dalamud.deps.json": "6B763962E5A2465787745803AF11E5D7",
  "Dalamud.dll": "31772AC2E24BF31244D33B5E777DF663",
  "Dalamud.Injector.deps.json": "172E729569F73D338FB44810869B424F",
  "Dalamud.Injector.dll": "158907007CDE5598E30898ED41EEC6A4",
  "Dalamud.Injector.exe": "B358182EFE866BA77EADFAB1ECEDD880",
  "Dalamud.Injector.runtimeconfig.json": "481C4D4F6151485203242D25F632FCC5",
  "Dalamud.Injector.xml": "CBC84759DB84E5C8A9269116B45E7C9D",
  "Dalamud.runtimeconfig.json": "9DB7F0D7C94CA1AA6CA3ACFA6F93A1D8",
  "Dalamud.xml": "D505BAA14250441D2541E5E3CDD096BB",
  "DalamudCrashHandler.exe": "F0A847F5B6BF4BB1D845E4945E737E07",
  "FASM-LICENSE.TXT": "ECEA1D10811221D5F0A3E96F9C38E2C7",
  "FASM.DLL": "DE4B873E834247AE4E9F370B63E50478",
  "FASMX64.DLL": "3B0BDDAA23323137C157B0ECE9850D75",
  "FFXIVClientStructs.dll": "A20F13E9C9DD85F844A501F1A8026776",
  "FFXIVClientStructs.xml": "2AE5AFF7925698A5DA881FD75801990F",
  "goatcorp.Reloaded.Assembler.dll": "ECD0AFAB87423383F8C037BE34A81896",
  "goatcorp.Reloaded.Assembler.targets": "CC22CB0A353E2136EE9E6E96DB9F7164",
  "goatcorp.Reloaded.Hooks.dll": "8BDB0FECBEFFA1590D62131BFE68F964",
  "goatcorp.Reloaded.Memory.Buffers.dll": "808A4280CF9DF48B5BCCD44FC3419B48",
  "HexaGen.Runtime.dll": "148C585D18F349251CBD7EBEB5D977C3",
  "Iced.dll": "AB5A73E4EC0320BEEE277013DECA6FED",
  "ImGuiScene.dll": "260B4531D57C8CF4E14F32E80F726722",
  "InteropGenerator.Runtime.dll": "F5B2F1B5828FD8FBE9F678378E1BC724",
  "JetBrains.Annotations.dll": "038628F0A4D7DBCFE88C7A08243C1A70",
  "licenses.txt": "A159BE62AA91178EFC3E3983AE874D1D",
  "Lumina.dll": "577D1DC02F227BF1B4EE1CF373997692",
  "Lumina.Excel.dll": "ACB88BD33ECACB0748C8B5DF8C9F9C5E",
  "Lumina.Excel.xml": "3D3B7AD224A8A04B92B2B311FB8DA535",
  "Microsoft.Extensions.ObjectPool.dll": "CB2B8426DF93B062B631BC85B3369BED",
  "MinSharp.dll": "A861169295AFDD40DF6E37956B05A966",
  "Mono.Cecil.dll": "6179E87F8936601B29CB84A4BC25AD0B",
  "Mono.Cecil.Mdb.dll": "54A02D739C426D36FCF8CCCF1C7EEBB1",
  "Mono.Cecil.Pdb.dll": "069D3FC5B228003047266AD528E5B57F",
  "Mono.Cecil.Rocks.dll": "F58B8B21B98444AD24BCE2B11F72E4BF",
  "nethost.dll": "21F39F71E2F4B5BA9FB3F126872F2F9B",
  "Newtonsoft.Json.dll": "ADF3E3EECDE20B7C9661E9C47106A14A",
  "PeNet.Asn1.dll": "9F9E7473E73A2A8D902BF06926603129",
  "PeNet.dll": "E14ECD8D32F72E2241D828EF3C19DEC2",
  "Reloaded.Hooks.Definitions.dll": "159A70B2C7ACC49BD3BA2FD1A6DA5E52",
  "Reloaded.Memory.Buffers.dll": "472B6C3117A5772F408D23FCC783F49F",
  "Reloaded.Memory.dll": "8CC36374DF1F790783C12D2CBAD5BC29",
  "revision.txt": "7BEC7E63A493E2D61891B1E4051EF75A",
  "Serilog.dll": "D6E0E422EDD31DFD9B3BC68ADEFA33CF",
  "Serilog.Sinks.Async.dll": "DB243AC51DF1BD52D02436E1B017F181",
  "Serilog.Sinks.Console.dll": "11948BBDB29E7638F514B63A85E761F5",
  "Serilog.Sinks.File.dll": "7FEC5337F7C6A86BBF8DE31301C6D428",
  "SharpDX.Direct3D11.dll": "B2F453A5B35C1BC786D808338846FB9E",
  "SharpDX.dll": "8339A62A95A004FE4A1E574E374A65C8",
  "SharpDX.DXGI.dll": "29F7423029D9947C2B7B88F5553A2871",
  "SharpDX.Mathematics.dll": "C74909815B8973F692F94E4E9706B6F5",
  "SQLite-net.dll": "118E3830C463A29094966FDEB7D48043",
  "SQLitePCLRaw.batteries_v2.dll": "EBBD061566089A46E977B7F1AFD084FD",
  "SQLitePCLRaw.core.dll": "67BDACA0C6A72EBEE6FD7A42388C86B3",
  "SQLitePCLRaw.nativelibrary.dll": "16CAEEED4DF9C5655B064EAE5484288D",
  "SQLitePCLRaw.provider.dynamic_cdecl.dll": "99D6B23410EA6BE98B3E425D3F83C2C3",
  "System.Reactive.dll": "EF5A00287AD15393D41B12AA4B726FF7",
  "System.Reflection.MetadataLoadContext.dll": "284C720DEE2524BCF10DD1B5648AA303",
  "System.Security.Cryptography.Pkcs.dll": "8950E01996A37E808BE3F39063C37BF9",
  "TEMP_gitver.txt": "4730439C52F281ADF886E9BF29AACC2A",
  "TerraFX.Interop.Windows.dll": "84F7EF6B0DE91F8CC23F773D3FD6DEC0"
}
