{
  "cs\\Microsoft.VisualStudio.Threading.resources.dll": "59CC07A0788ED5D2D7B1EC4C24692B5E",
  "cs\\Microsoft.VisualStudio.Validation.resources.dll": "6D64EB21E28D7DA0951CCB11D5A111DB",
  "cs\\StreamJsonRpc.resources.dll": "187B9DF9156C8ECA5FFC2D8DFC0D0AEB",
  "de\\Microsoft.VisualStudio.Threading.resources.dll": "E8F71F6E86250EE8F040884F21901A84",
  "de\\Microsoft.VisualStudio.Validation.resources.dll": "6BDBEB8494C6DF5EE482065A9D7F0B1E",
  "de\\StreamJsonRpc.resources.dll": "18A2EE45995D18CB97504B89E1D8EA84",
  "es\\Microsoft.VisualStudio.Threading.resources.dll": "C91684BC69AC34D7C4761C769C4613CE",
  "es\\Microsoft.VisualStudio.Validation.resources.dll": "0F92DD2019CF7222118E8B5D9409A328",
  "es\\StreamJsonRpc.resources.dll": "1426AE60A50C341884A93E75FDCB8F15",
  "fr\\Microsoft.VisualStudio.Threading.resources.dll": "8DF66006C30B545517609BC994A333BF",
  "fr\\Microsoft.VisualStudio.Validation.resources.dll": "1299DF7F85B8ABCC8205E7F968E64DE5",
  "fr\\StreamJsonRpc.resources.dll": "E0EF73E9AC6F5AC89FEFA3E4442FA526",
  "it\\Microsoft.VisualStudio.Threading.resources.dll": "ACB2901AD3BA29250398D7F7C7F06472",
  "it\\Microsoft.VisualStudio.Validation.resources.dll": "E96AFCAC956DE57A60CF403431A06B9F",
  "it\\StreamJsonRpc.resources.dll": "AF93C232BE3DE144BDBA9D47B0CF1FBA",
  "ja\\Microsoft.VisualStudio.Threading.resources.dll": "57953EF05139ABD830A160D29D477AE7",
  "ja\\Microsoft.VisualStudio.Validation.resources.dll": "37C3387A524C942BC21029A532E0FA88",
  "ja\\StreamJsonRpc.resources.dll": "71C0BF4563B000F7F6FD977A56646389",
  "ko\\Microsoft.VisualStudio.Threading.resources.dll": "4E69F9315A2BE37081E916836BD2865B",
  "ko\\Microsoft.VisualStudio.Validation.resources.dll": "F7519010D92C7E3BF6DD25032575FD3D",
  "ko\\StreamJsonRpc.resources.dll": "0462338CED7D90B6A89AA6C5C0B553ED",
  "pl\\Microsoft.VisualStudio.Threading.resources.dll": "E957E9AD4D62A6EDE5DEDB85DCB66BE0",
  "pl\\Microsoft.VisualStudio.Validation.resources.dll": "157FEA4FF784A1A3C450AAEAFC808171",
  "pl\\StreamJsonRpc.resources.dll": "A386D42B9AC0F3349E75FA0711BF6125",
  "pt-BR\\Microsoft.VisualStudio.Threading.resources.dll": "D0E584DCA9CFC97B49480B5326D1BE85",
  "pt-BR\\Microsoft.VisualStudio.Validation.resources.dll": "F1D96FD5909173972C661A1D8FE629DB",
  "pt-BR\\StreamJsonRpc.resources.dll": "7FF82CEBA9C3AFD947DC59A5FE132C78",
  "ru\\Microsoft.VisualStudio.Threading.resources.dll": "53F0D3DFF78ACA534A9F06C3E435BCDE",
  "ru\\Microsoft.VisualStudio.Validation.resources.dll": "DA5D932621691D0A43F9C41589BEA612",
  "ru\\StreamJsonRpc.resources.dll": "2BE00971D9A6088B5EC340B210503234",
  "runtimes\\alpine-x64\\native\\libe_sqlite3.so": "39C244FEDBCD3DFC37041D4FCE1AE21D",
  "runtimes\\linux-arm\\native\\libe_sqlite3.so": "96CF54BC0EFB83D6E3F5F3E04997A59D",
  "runtimes\\linux-arm64\\native\\libe_sqlite3.so": "F079E55E7F3F9966A4A2052A3234E068",
  "runtimes\\linux-armel\\native\\libe_sqlite3.so": "C5A67D49434FC65D64E9C15778078C76",
  "runtimes\\linux-mips64\\native\\libe_sqlite3.so": "5F8461214089CFC677D46C19B7162161",
  "runtimes\\linux-musl-x64\\native\\libe_sqlite3.so": "39C244FEDBCD3DFC37041D4FCE1AE21D",
  "runtimes\\linux-x64\\native\\libe_sqlite3.so": "6F49C540D3AB9964D67A4A704C3D262D",
  "runtimes\\linux-x86\\native\\libe_sqlite3.so": "5E0659B414CBD6DDC38C65582485853E",
  "runtimes\\osx-x64\\native\\libe_sqlite3.dylib": "F82AE134FCD1C080A69D775591406673",
  "runtimes\\win-arm\\native\\e_sqlite3.dll": "0CC09F0F3D00434B43AD6353E07E0272",
  "runtimes\\win-arm64\\native\\e_sqlite3.dll": "DCE0C4A96E6ABE8539E0B4BD3C0E8705",
  "runtimes\\win-x64\\native\\e_sqlite3.dll": "BE20F3D1F829E88EFFCEA553A8D61350",
  "runtimes\\win-x64\\native\\minhook.x64d.dll": "48FF50B75F1485A86DB15974A49638CE",
  "runtimes\\win-x86\\native\\e_sqlite3.dll": "6D89562DCB4B573AC25AC0395E105DF7",
  "targets\\Dalamud.Plugin.Bootstrap.targets": "C85635161398CD9852CF7212DB7EB904",
  "targets\\Dalamud.Plugin.targets": "394EE2BEC70254F76ABBE2C33F62BBFA",
  "tr\\Microsoft.VisualStudio.Threading.resources.dll": "538FE3DA0C0527DC98456020A4351A85",
  "tr\\Microsoft.VisualStudio.Validation.resources.dll": "7C15CA39FCA7DF71D62C46E6F03389EF",
  "tr\\StreamJsonRpc.resources.dll": "E2AD6BCEBF0533F4D421EE83B42795C1",
  "zh-Hans\\Microsoft.VisualStudio.Threading.resources.dll": "4263966625E34972E95A9C1A2A0C61E8",
  "zh-Hans\\Microsoft.VisualStudio.Validation.resources.dll": "EB7953D05EF1CE51E790708D42EE5D18",
  "zh-Hans\\StreamJsonRpc.resources.dll": "FF596CD821202672B86089A5AB619C71",
  "zh-Hant\\Microsoft.VisualStudio.Threading.resources.dll": "4B693EDFE83A99478E1041AA17FFC35A",
  "zh-Hant\\Microsoft.VisualStudio.Validation.resources.dll": "8EF011A0285333D0EEFE22D5AA7A1702",
  "zh-Hant\\StreamJsonRpc.resources.dll": "BBF8E9013F9B1244348840EAA9CAF9B0",
  "BCnEncoder.dll": "F093553DE658FF93161FFA0D2F4A3DCB",
  "BitFaster.Caching.dll": "FD48262EA9FAB85ECCC02ADE6E909226",
  "CheapLoc.dll": "005C313DC19ECAAC4168DCFAEDC3C3B7",
  "cimgui.dll": "D19C4887909E08EDC8C806AF6F56ECEA",
  "cimguizmo.dll": "BA5D5F098F67F7C33FCDE9CB8CA918E6",
  "cimplot.dll": "B61EA80DD2F5F8D7758FE297DA546330",
  "commit_hash.txt": "67A36A30E0BEE0D2DD527827161F76DF",
  "CommunityToolkit.HighPerformance.dll": "66B64EC334625F2C5D341A45E28EEB43",
  "Dalamud.Bindings.ImGui.dll": "8ED5655F06DCD3E48EBD1A9879105AD5",
  "Dalamud.Bindings.ImGuizmo.dll": "A5A98B6B1C8E29BF1DD465C33EB2C20B",
  "Dalamud.Bindings.ImPlot.dll": "B00048E78B1DC7D55B5DC320B2D24065",
  "Dalamud.Boot.dll": "4A79E96B3D387A3218372C85CDABFAA6",
  "Dalamud.Common.dll": "931DCDDA4D5D1A8130F46B8D9FAA7545",
  "Dalamud.deps.json": "6BFF76764CFB6615ECDF670E71A2FD05",
  "Dalamud.dll": "741BF7EF50155BE64706CAEF800C6D00",
  "Dalamud.Injector.deps.json": "172E729569F73D338FB44810869B424F",
  "Dalamud.Injector.dll": "CC31FA0337F38EAF8E5B861062C51969",
  "Dalamud.Injector.exe": "9F9ED6490C213A90BCDBFCF53ED379A2",
  "Dalamud.Injector.runtimeconfig.json": "481C4D4F6151485203242D25F632FCC5",
  "Dalamud.Injector.xml": "CBC84759DB84E5C8A9269116B45E7C9D",
  "Dalamud.runtimeconfig.json": "9DB7F0D7C94CA1AA6CA3ACFA6F93A1D8",
  "Dalamud.xml": "2DC3A51D53AD4C36B1E565BEA8BB044B",
  "DalamudCrashHandler.exe": "201266F2FBC0C07E88B70E1ABEDBE654",
  "FASM-LICENSE.TXT": "ECEA1D10811221D5F0A3E96F9C38E2C7",
  "FASM.DLL": "95DB79DFC454EFA8810F31094BD58BB3",
  "FASMX64.DLL": "AFABA5936EDA2047BFC6C241A98B1D78",
  "FFXIVClientStructs.dll": "D19FD382C4F79D3D00734318219B90B1",
  "FFXIVClientStructs.xml": "2AE5AFF7925698A5DA881FD75801990F",
  "goatcorp.Reloaded.Assembler.dll": "B006EA9B4F735AF171CA7B01CECF343F",
  "goatcorp.Reloaded.Assembler.targets": "CC22CB0A353E2136EE9E6E96DB9F7164",
  "goatcorp.Reloaded.Hooks.dll": "53F0C2C62A3F3B36DC40BBAEC575F276",
  "goatcorp.Reloaded.Memory.Buffers.dll": "FCA797A9E62824178D05736E28AE4349",
  "HexaGen.Runtime.dll": "D6770EB5DF6E61D788F9442272EDD299",
  "Iced.dll": "8D50C43C3E6B40C2F23FE76F46459DC7",
  "ImGuiScene.dll": "0EA838591B32BCA862A51597E557E4D7",
  "InteropGenerator.Runtime.dll": "534F1E575A4FECFC6BB7CCE455312F80",
  "JetBrains.Annotations.dll": "6C18935C2AB699724FEC1B8E6F0B4F57",
  "licenses.txt": "A159BE62AA91178EFC3E3983AE874D1D",
  "Lumina.dll": "A011650FF79A2B6DFDBACB82FFC352C6",
  "Lumina.Excel.dll": "B3B3536136E5B40A81A3FBCB737CEB54",
  "Lumina.Excel.xml": "3D3B7AD224A8A04B92B2B311FB8DA535",
  "MessagePack.Annotations.dll": "ACFF7A0558B0AFD4F0D3CFE2C0E79117",
  "MessagePack.dll": "D8319841B102DCE0645324BD4AA78CEA",
  "Microsoft.Extensions.ObjectPool.dll": "CB2B8426DF93B062B631BC85B3369BED",
  "Microsoft.NET.StringTools.dll": "88B3B9B25E54FF438D2F4F1609B726A4",
  "Microsoft.VisualStudio.Threading.dll": "EF2AC53B930F5ED16DA3B4CFB1033813",
  "Microsoft.VisualStudio.Validation.dll": "0B1D5949C6944383B1EE896C5E13D08B",
  "MinSharp.dll": "451636908E9A29D87187974D176F464A",
  "Mono.Cecil.dll": "04632C5EA1F6E2C6D76A28BFB0C9969A",
  "Mono.Cecil.Mdb.dll": "8E6D2D85A78C17317A877C0EF6390EFD",
  "Mono.Cecil.Pdb.dll": "725CDB63CCF93B1FD10079A48779BB02",
  "Mono.Cecil.Rocks.dll": "969A2C04BF2D4A474354EB3CF026BE6E",
  "Nerdbank.Streams.dll": "539451E456062345AF25E7E17335299B",
  "nethost.dll": "21F39F71E2F4B5BA9FB3F126872F2F9B",
  "Newtonsoft.Json.dll": "ADF3E3EECDE20B7C9661E9C47106A14A",
  "PeNet.Asn1.dll": "2AC6CC5B7B23CAF0EB3486C3577404F7",
  "PeNet.dll": "1B3D4E3453EE4E447E695A789E01303F",
  "Reloaded.Hooks.Definitions.dll": "A4A1AB75AE66387B9FD546AA01F6D886",
  "Reloaded.Memory.Buffers.dll": "3988373BB7CFDA62A8B1CBFD9E22F2AF",
  "Reloaded.Memory.dll": "450338D0C7FFB69A0BD1970A4E5A5497",
  "revision.txt": "8AA2C95DC0A6833D2D0CB944555739CC",
  "Serilog.dll": "2C8F659C00B837974CAB4345F32747C4",
  "Serilog.Sinks.Async.dll": "84754C7554B76EB9E677316582153847",
  "Serilog.Sinks.Console.dll": "DF6C2926A3E4EF2ABD03DF07928914BF",
  "Serilog.Sinks.File.dll": "0E38688203C8EAF3DEC2F363728493F3",
  "SharpDX.Direct3D11.dll": "21AB32BB9C926D0386C04D87AA12946F",
  "SharpDX.dll": "9A0DB4CE5B0F745FFF6CD8C3545697F8",
  "SharpDX.DXGI.dll": "B09F15D59509A5740CBAA59DE99E4378",
  "SharpDX.Mathematics.dll": "3F970A94B0520595DFA50C0FB02FF01E",
  "SQLite-net.dll": "BFCC888F94F432C3F3568C0747B9C1BD",
  "SQLitePCLRaw.batteries_v2.dll": "AEB5D19E29AABEB96D78230DB6C3834C",
  "SQLitePCLRaw.core.dll": "19A0D81E70C614C651B9847BA79FAC2A",
  "SQLitePCLRaw.nativelibrary.dll": "0C876BF0052AF42C69BE7E58204106C0",
  "SQLitePCLRaw.provider.dynamic_cdecl.dll": "E2D72DACB4ED02B2B7ED3471853A834B",
  "StreamJsonRpc.dll": "6157633EE85D57CFF6772C1526F2D352",
  "System.Reactive.dll": "EF5A00287AD15393D41B12AA4B726FF7",
  "System.Reflection.MetadataLoadContext.dll": "284C720DEE2524BCF10DD1B5648AA303",
  "System.Security.Cryptography.Pkcs.dll": "8950E01996A37E808BE3F39063C37BF9",
  "TEMP_gitver.txt": "57214E6E2C12CF9917C472A83C230539",
  "TerraFX.Interop.Windows.dll": "84F7EF6B0DE91F8CC23F773D3FD6DEC0"
}
