{
  "cs\\Microsoft.VisualStudio.Threading.resources.dll": "59CC07A0788ED5D2D7B1EC4C24692B5E",
  "cs\\Microsoft.VisualStudio.Validation.resources.dll": "6D64EB21E28D7DA0951CCB11D5A111DB",
  "cs\\StreamJsonRpc.resources.dll": "187B9DF9156C8ECA5FFC2D8DFC0D0AEB",
  "de\\Microsoft.VisualStudio.Threading.resources.dll": "E8F71F6E86250EE8F040884F21901A84",
  "de\\Microsoft.VisualStudio.Validation.resources.dll": "6BDBEB8494C6DF5EE482065A9D7F0B1E",
  "de\\StreamJsonRpc.resources.dll": "18A2EE45995D18CB97504B89E1D8EA84",
  "es\\Microsoft.VisualStudio.Threading.resources.dll": "C91684BC69AC34D7C4761C769C4613CE",
  "es\\Microsoft.VisualStudio.Validation.resources.dll": "0F92DD2019CF7222118E8B5D9409A328",
  "es\\StreamJsonRpc.resources.dll": "1426AE60A50C341884A93E75FDCB8F15",
  "fr\\Microsoft.VisualStudio.Threading.resources.dll": "8DF66006C30B545517609BC994A333BF",
  "fr\\Microsoft.VisualStudio.Validation.resources.dll": "1299DF7F85B8ABCC8205E7F968E64DE5",
  "fr\\StreamJsonRpc.resources.dll": "E0EF73E9AC6F5AC89FEFA3E4442FA526",
  "it\\Microsoft.VisualStudio.Threading.resources.dll": "ACB2901AD3BA29250398D7F7C7F06472",
  "it\\Microsoft.VisualStudio.Validation.resources.dll": "E96AFCAC956DE57A60CF403431A06B9F",
  "it\\StreamJsonRpc.resources.dll": "AF93C232BE3DE144BDBA9D47B0CF1FBA",
  "ja\\Microsoft.VisualStudio.Threading.resources.dll": "57953EF05139ABD830A160D29D477AE7",
  "ja\\Microsoft.VisualStudio.Validation.resources.dll": "37C3387A524C942BC21029A532E0FA88",
  "ja\\StreamJsonRpc.resources.dll": "71C0BF4563B000F7F6FD977A56646389",
  "ko\\Microsoft.VisualStudio.Threading.resources.dll": "4E69F9315A2BE37081E916836BD2865B",
  "ko\\Microsoft.VisualStudio.Validation.resources.dll": "F7519010D92C7E3BF6DD25032575FD3D",
  "ko\\StreamJsonRpc.resources.dll": "0462338CED7D90B6A89AA6C5C0B553ED",
  "pl\\Microsoft.VisualStudio.Threading.resources.dll": "E957E9AD4D62A6EDE5DEDB85DCB66BE0",
  "pl\\Microsoft.VisualStudio.Validation.resources.dll": "157FEA4FF784A1A3C450AAEAFC808171",
  "pl\\StreamJsonRpc.resources.dll": "A386D42B9AC0F3349E75FA0711BF6125",
  "pt-BR\\Microsoft.VisualStudio.Threading.resources.dll": "D0E584DCA9CFC97B49480B5326D1BE85",
  "pt-BR\\Microsoft.VisualStudio.Validation.resources.dll": "F1D96FD5909173972C661A1D8FE629DB",
  "pt-BR\\StreamJsonRpc.resources.dll": "7FF82CEBA9C3AFD947DC59A5FE132C78",
  "ru\\Microsoft.VisualStudio.Threading.resources.dll": "53F0D3DFF78ACA534A9F06C3E435BCDE",
  "ru\\Microsoft.VisualStudio.Validation.resources.dll": "DA5D932621691D0A43F9C41589BEA612",
  "ru\\StreamJsonRpc.resources.dll": "2BE00971D9A6088B5EC340B210503234",
  "runtimes\\alpine-arm\\native\\libe_sqlite3.so": "87AF85204A246154501382901F3F6812",
  "runtimes\\alpine-arm64\\native\\libe_sqlite3.so": "CD4B9AAB53400EFE96ABC32B339A866A",
  "runtimes\\alpine-x64\\native\\libe_sqlite3.so": "6C9D6E34F1E932668237404D6EB6FC66",
  "runtimes\\browser-wasm\\nativeassets\\net7.0\\e_sqlite3.a": "E25518AC5EAD5E787448F3258236888E",
  "runtimes\\linux-arm\\native\\libe_sqlite3.so": "B8DA0DB6A447B5CCE98207F6A250FB84",
  "runtimes\\linux-arm64\\native\\libe_sqlite3.so": "A888898B38395A15F2DE200BAA8B486F",
  "runtimes\\linux-armel\\native\\libe_sqlite3.so": "54F3F4183B81387F7928ED0BB9B67B32",
  "runtimes\\linux-mips64\\native\\libe_sqlite3.so": "D56886A2E2F081CDEA1621BB18132764",
  "runtimes\\linux-musl-arm\\native\\libe_sqlite3.so": "87AF85204A246154501382901F3F6812",
  "runtimes\\linux-musl-arm64\\native\\libe_sqlite3.so": "CD4B9AAB53400EFE96ABC32B339A866A",
  "runtimes\\linux-musl-x64\\native\\libe_sqlite3.so": "6C9D6E34F1E932668237404D6EB6FC66",
  "runtimes\\linux-s390x\\native\\libe_sqlite3.so": "CB751CC76F280849C0E2F718D6784E69",
  "runtimes\\linux-x64\\native\\libe_sqlite3.so": "30098E7FAEB947BF5A5AE2FDB34E4461",
  "runtimes\\linux-x86\\native\\libe_sqlite3.so": "68872BD5071077981504636C2353EAA8",
  "runtimes\\maccatalyst-arm64\\native\\libe_sqlite3.dylib": "B2597C8799A6D21E5B98DB28C9C725FD",
  "runtimes\\maccatalyst-x64\\native\\libe_sqlite3.dylib": "19DCF2A64A7B5D1B8C7705AC809653A5",
  "runtimes\\osx-arm64\\native\\libe_sqlite3.dylib": "FB6D0058E0E849FA8715911B49790350",
  "runtimes\\osx-x64\\native\\libe_sqlite3.dylib": "DE5735102E730C1518C029DB3A0040A9",
  "runtimes\\win-arm\\native\\e_sqlite3.dll": "257C27F25A329A9CEF6C6EA7064D0406",
  "runtimes\\win-arm64\\native\\e_sqlite3.dll": "FB3B9577AEFE4A9AF341D11AEF9FAC71",
  "runtimes\\win-x64\\native\\e_sqlite3.dll": "483DA2D1B0C9D88F335FA5F8026B2180",
  "runtimes\\win-x64\\native\\minhook.x64d.dll": "900983B4BD1F181BB95E3592286FDA27",
  "runtimes\\win-x86\\native\\e_sqlite3.dll": "151AA88ADD38C12156DAFD1061358696",
  "tr\\Microsoft.VisualStudio.Threading.resources.dll": "538FE3DA0C0527DC98456020A4351A85",
  "tr\\Microsoft.VisualStudio.Validation.resources.dll": "7C15CA39FCA7DF71D62C46E6F03389EF",
  "tr\\StreamJsonRpc.resources.dll": "E2AD6BCEBF0533F4D421EE83B42795C1",
  "zh-Hans\\Microsoft.VisualStudio.Threading.resources.dll": "4263966625E34972E95A9C1A2A0C61E8",
  "zh-Hans\\Microsoft.VisualStudio.Validation.resources.dll": "EB7953D05EF1CE51E790708D42EE5D18",
  "zh-Hans\\StreamJsonRpc.resources.dll": "FF596CD821202672B86089A5AB619C71",
  "zh-Hant\\Microsoft.VisualStudio.Threading.resources.dll": "4B693EDFE83A99478E1041AA17FFC35A",
  "zh-Hant\\Microsoft.VisualStudio.Validation.resources.dll": "8EF011A0285333D0EEFE22D5AA7A1702",
  "zh-Hant\\StreamJsonRpc.resources.dll": "BBF8E9013F9B1244348840EAA9CAF9B0",
  "BCnEncoder.dll": "2EE50075A91B0B1A7672099C5F963EC3",
  "BitFaster.Caching.dll": "0E152F998B840DDAAA14FD1AA405C77E",
  "CheapLoc.dll": "5533B47DFE2481182145133256D2C9DB",
  "cimgui.dll": "9DA9C4C27F0E255E4B15B3724955B805",
  "cimguizmo.dll": "9DD3313D12B9E4238B41EEE4BF79CA83",
  "cimplot.dll": "4625399BFBE901C756504EA94B6EE390",
  "commit_hash.txt": "25449CB491461B62BD8EE58573B0C924",
  "CommunityToolkit.HighPerformance.dll": "66B64EC334625F2C5D341A45E28EEB43",
  "Dalamud.Bindings.ImGui.dll": "8DA3F1513A05582D4D5B2BA2165059B3",
  "Dalamud.Bindings.ImGuizmo.dll": "58904651D6E0483C4F7A83E62AE25E0B",
  "Dalamud.Bindings.ImPlot.dll": "445298DC9FA31305604935BABA7F3AAA",
  "Dalamud.Boot.dll": "87F6024B00E61F10448E38953AE60E4C",
  "Dalamud.Common.dll": "932BF8F61A641DC743DC0555976A120C",
  "Dalamud.deps.json": "9DD468F34254663D22C7E6FAE16EA59F",
  "Dalamud.dll": "B11B9B316477B7503BDB6E251C0C9B0C",
  "Dalamud.Injector.deps.json": "DC7A37D1ECAADAF9946D1957958D13D8",
  "Dalamud.Injector.dll": "2997D224937674522AA448D94F499A71",
  "Dalamud.Injector.exe": "462BFDC40C3693DB50ACCFF118CB2730",
  "Dalamud.Injector.runtimeconfig.json": "481C4D4F6151485203242D25F632FCC5",
  "Dalamud.Injector.xml": "573870DEB8A9854EC20203EDE9D78425",
  "Dalamud.runtimeconfig.json": "9DB7F0D7C94CA1AA6CA3ACFA6F93A1D8",
  "Dalamud.xml": "821E4B7C6A8AB2E5C8C86595E4F7D077",
  "DalamudCrashHandler.exe": "96C0392F9FBEDE1D2D4DC731AC1D113B",
  "FASM-LICENSE.TXT": "ECEA1D10811221D5F0A3E96F9C38E2C7",
  "FASM.DLL": "08976BEE04FB119C56352DCAAD0BFD4B",
  "FASMX64.DLL": "1BBF12745F8841387F47FA57131D5501",
  "FFXIVClientStructs.dll": "3F3B6E682FF7CF6629A9C6F0597D47BA",
  "FFXIVClientStructs.xml": "AF27831EE858B63D292F2CDD8B6F245E",
  "goatcorp.Reloaded.Assembler.dll": "79DF6D20C88F5B04891AC2A80ACB32D3",
  "goatcorp.Reloaded.Assembler.targets": "CC22CB0A353E2136EE9E6E96DB9F7164",
  "goatcorp.Reloaded.Hooks.dll": "1B7AE25383E659EE15569F744F78E6C0",
  "goatcorp.Reloaded.Memory.Buffers.dll": "DD292BAEA2B6E16CA0189FF10470676F",
  "HexaGen.Runtime.dll": "D546B86AB7E6681995F3D29220CF3109",
  "Iced.dll": "2C28923AF18406D6D629D7E8F3CAA572",
  "ImGuiScene.dll": "79238B5561143FE0CD68F9C83E1ED11F",
  "InteropGenerator.Runtime.dll": "70B8AAAAE4D0B496D19B2E5528DEFB9D",
  "JetBrains.Annotations.dll": "D334483DFBCF8BE6062277E1FB3B94F3",
  "licenses.txt": "A159BE62AA91178EFC3E3983AE874D1D",
  "Lumina.dll": "A146F118B398255D45654FE01B614BC5",
  "Lumina.Excel.dll": "0A8E92E1DCBE3EB1C871C1D7CBC2C8CA",
  "Lumina.Excel.xml": "3D3B7AD224A8A04B92B2B311FB8DA535",
  "MessagePack.Annotations.dll": "4AFEE9CE052DBF06D02450BBF571D951",
  "MessagePack.dll": "5735636CC1BAF55DCB9A3F3B738FBECC",
  "Microsoft.Extensions.ObjectPool.dll": "CB2B8426DF93B062B631BC85B3369BED",
  "Microsoft.NET.StringTools.dll": "88B3B9B25E54FF438D2F4F1609B726A4",
  "Microsoft.VisualStudio.Threading.dll": "EF2AC53B930F5ED16DA3B4CFB1033813",
  "Microsoft.VisualStudio.Validation.dll": "0B1D5949C6944383B1EE896C5E13D08B",
  "MinSharp.dll": "0F3A9AA287403E7CA9E8FE6B27CA95E2",
  "Mono.Cecil.dll": "32724610FEF42261F75B31E62B6804FE",
  "Mono.Cecil.Mdb.dll": "CD3808112A758A37D82E82E7D5E4FBFD",
  "Mono.Cecil.Pdb.dll": "3D8222A0206619144FC324D3894EB22B",
  "Mono.Cecil.Rocks.dll": "D645605BED9083C2E595C323DBB6A0B3",
  "Nerdbank.Streams.dll": "539451E456062345AF25E7E17335299B",
  "nethost.dll": "21F39F71E2F4B5BA9FB3F126872F2F9B",
  "Newtonsoft.Json.dll": "C252FE44B67A08E6DAB4EADE3764DB49",
  "PeNet.Asn1.dll": "86C81B7AC4ECC23427017D3CB2180885",
  "PeNet.dll": "9360B3BA3CC02F6CDFEC5F00791B7485",
  "Reloaded.Hooks.Definitions.dll": "AA8EFAA5942AFD46963879C2335A1237",
  "Reloaded.Memory.Buffers.dll": "9DE876079FC2B7073708071572E3AB2B",
  "Reloaded.Memory.dll": "4BEBD49DADA99AFEE3E9AA1D6BB0B2A2",
  "revision.txt": "E3BC4E7F243EBC05D66A0568A3331966",
  "Serilog.dll": "78B747D055557143966B63AE7452625D",
  "Serilog.Sinks.Async.dll": "DA6480D6FE77E05C8E81CA277B76A5B5",
  "Serilog.Sinks.Console.dll": "D4F54AF712EE2D22E5EB82D0D7B9AFA4",
  "Serilog.Sinks.File.dll": "79494B433C76EBE301BE9005EE297333",
  "SQLite-net.dll": "CF6AA02A56154C925950616E33052354",
  "SQLitePCLRaw.batteries_v2.dll": "FD25A048932AB38BED882DF0C523DB10",
  "SQLitePCLRaw.core.dll": "84F17BCB586C151D101B7797F0514FF2",
  "SQLitePCLRaw.provider.e_sqlite3.dll": "8CA8F0B4095F89E2F8530C7B0B3E6355",
  "StreamJsonRpc.dll": "6157633EE85D57CFF6772C1526F2D352",
  "System.Reactive.dll": "C6016588304D55406E3D1C2FA7D42903",
  "System.Reflection.MetadataLoadContext.dll": "284C720DEE2524BCF10DD1B5648AA303",
  "System.Security.Cryptography.Pkcs.dll": "17945B2BF07D9377E36AD3EBE69FF693",
  "TEMP_gitver.txt": "3565968149318F2190833603316C9CFB",
  "TerraFX.Interop.Windows.dll": "C75D06E77DE5A095D45676A81CDE0DC9"
}
