{
  "cs\\Microsoft.VisualStudio.Threading.resources.dll": "59CC07A0788ED5D2D7B1EC4C24692B5E",
  "cs\\Microsoft.VisualStudio.Validation.resources.dll": "6D64EB21E28D7DA0951CCB11D5A111DB",
  "cs\\StreamJsonRpc.resources.dll": "187B9DF9156C8ECA5FFC2D8DFC0D0AEB",
  "de\\Microsoft.VisualStudio.Threading.resources.dll": "E8F71F6E86250EE8F040884F21901A84",
  "de\\Microsoft.VisualStudio.Validation.resources.dll": "6BDBEB8494C6DF5EE482065A9D7F0B1E",
  "de\\StreamJsonRpc.resources.dll": "18A2EE45995D18CB97504B89E1D8EA84",
  "es\\Microsoft.VisualStudio.Threading.resources.dll": "C91684BC69AC34D7C4761C769C4613CE",
  "es\\Microsoft.VisualStudio.Validation.resources.dll": "0F92DD2019CF7222118E8B5D9409A328",
  "es\\StreamJsonRpc.resources.dll": "1426AE60A50C341884A93E75FDCB8F15",
  "fr\\Microsoft.VisualStudio.Threading.resources.dll": "8DF66006C30B545517609BC994A333BF",
  "fr\\Microsoft.VisualStudio.Validation.resources.dll": "1299DF7F85B8ABCC8205E7F968E64DE5",
  "fr\\StreamJsonRpc.resources.dll": "E0EF73E9AC6F5AC89FEFA3E4442FA526",
  "it\\Microsoft.VisualStudio.Threading.resources.dll": "ACB2901AD3BA29250398D7F7C7F06472",
  "it\\Microsoft.VisualStudio.Validation.resources.dll": "E96AFCAC956DE57A60CF403431A06B9F",
  "it\\StreamJsonRpc.resources.dll": "AF93C232BE3DE144BDBA9D47B0CF1FBA",
  "ja\\Microsoft.VisualStudio.Threading.resources.dll": "57953EF05139ABD830A160D29D477AE7",
  "ja\\Microsoft.VisualStudio.Validation.resources.dll": "37C3387A524C942BC21029A532E0FA88",
  "ja\\StreamJsonRpc.resources.dll": "71C0BF4563B000F7F6FD977A56646389",
  "ko\\Microsoft.VisualStudio.Threading.resources.dll": "4E69F9315A2BE37081E916836BD2865B",
  "ko\\Microsoft.VisualStudio.Validation.resources.dll": "F7519010D92C7E3BF6DD25032575FD3D",
  "ko\\StreamJsonRpc.resources.dll": "0462338CED7D90B6A89AA6C5C0B553ED",
  "pl\\Microsoft.VisualStudio.Threading.resources.dll": "E957E9AD4D62A6EDE5DEDB85DCB66BE0",
  "pl\\Microsoft.VisualStudio.Validation.resources.dll": "157FEA4FF784A1A3C450AAEAFC808171",
  "pl\\StreamJsonRpc.resources.dll": "A386D42B9AC0F3349E75FA0711BF6125",
  "pt-BR\\Microsoft.VisualStudio.Threading.resources.dll": "D0E584DCA9CFC97B49480B5326D1BE85",
  "pt-BR\\Microsoft.VisualStudio.Validation.resources.dll": "F1D96FD5909173972C661A1D8FE629DB",
  "pt-BR\\StreamJsonRpc.resources.dll": "7FF82CEBA9C3AFD947DC59A5FE132C78",
  "ru\\Microsoft.VisualStudio.Threading.resources.dll": "53F0D3DFF78ACA534A9F06C3E435BCDE",
  "ru\\Microsoft.VisualStudio.Validation.resources.dll": "DA5D932621691D0A43F9C41589BEA612",
  "ru\\StreamJsonRpc.resources.dll": "2BE00971D9A6088B5EC340B210503234",
  "runtimes\\alpine-x64\\native\\libe_sqlite3.so": "39C244FEDBCD3DFC37041D4FCE1AE21D",
  "runtimes\\linux-arm\\native\\libe_sqlite3.so": "96CF54BC0EFB83D6E3F5F3E04997A59D",
  "runtimes\\linux-arm64\\native\\libe_sqlite3.so": "F079E55E7F3F9966A4A2052A3234E068",
  "runtimes\\linux-armel\\native\\libe_sqlite3.so": "C5A67D49434FC65D64E9C15778078C76",
  "runtimes\\linux-mips64\\native\\libe_sqlite3.so": "5F8461214089CFC677D46C19B7162161",
  "runtimes\\linux-musl-x64\\native\\libe_sqlite3.so": "39C244FEDBCD3DFC37041D4FCE1AE21D",
  "runtimes\\linux-x64\\native\\libe_sqlite3.so": "6F49C540D3AB9964D67A4A704C3D262D",
  "runtimes\\linux-x86\\native\\libe_sqlite3.so": "5E0659B414CBD6DDC38C65582485853E",
  "runtimes\\osx-x64\\native\\libe_sqlite3.dylib": "F82AE134FCD1C080A69D775591406673",
  "runtimes\\win-arm\\native\\e_sqlite3.dll": "BED3B0FE26E10B24B91465659C3D4C25",
  "runtimes\\win-arm64\\native\\e_sqlite3.dll": "08250A8CEC721AC0F966D3ACEDB9C386",
  "runtimes\\win-x64\\native\\e_sqlite3.dll": "4C40BBEEC2B06BDA34BC508A4B13B063",
  "runtimes\\win-x64\\native\\minhook.x64d.dll": "EB7BD3B43FD359AD12242301111CD31B",
  "runtimes\\win-x86\\native\\e_sqlite3.dll": "FE9E147E023C0C5B624BC464C43106AB",
  "targets\\Dalamud.Plugin.Bootstrap.targets": "C85635161398CD9852CF7212DB7EB904",
  "targets\\Dalamud.Plugin.targets": "394EE2BEC70254F76ABBE2C33F62BBFA",
  "tr\\Microsoft.VisualStudio.Threading.resources.dll": "538FE3DA0C0527DC98456020A4351A85",
  "tr\\Microsoft.VisualStudio.Validation.resources.dll": "7C15CA39FCA7DF71D62C46E6F03389EF",
  "tr\\StreamJsonRpc.resources.dll": "E2AD6BCEBF0533F4D421EE83B42795C1",
  "zh-Hans\\Microsoft.VisualStudio.Threading.resources.dll": "4263966625E34972E95A9C1A2A0C61E8",
  "zh-Hans\\Microsoft.VisualStudio.Validation.resources.dll": "EB7953D05EF1CE51E790708D42EE5D18",
  "zh-Hans\\StreamJsonRpc.resources.dll": "FF596CD821202672B86089A5AB619C71",
  "zh-Hant\\Microsoft.VisualStudio.Threading.resources.dll": "4B693EDFE83A99478E1041AA17FFC35A",
  "zh-Hant\\Microsoft.VisualStudio.Validation.resources.dll": "8EF011A0285333D0EEFE22D5AA7A1702",
  "zh-Hant\\StreamJsonRpc.resources.dll": "BBF8E9013F9B1244348840EAA9CAF9B0",
  "BCnEncoder.dll": "EE74041090C1FFD031D019BCD578CAE6",
  "BitFaster.Caching.dll": "EEB2260A1C331C1F9A6B69E13C144F47",
  "CheapLoc.dll": "93693D9C9404F5575183851171D81C88",
  "cimgui.dll": "69A6E285ACDCA31889F95EF48745307A",
  "cimguizmo.dll": "255DD50A0C00D865E205B1C9E6DDE765",
  "cimplot.dll": "F56DC24B94302609622C04C8998B5C19",
  "commit_hash.txt": "5FEB26833EF3DBA23D07CEEF40A243B6",
  "CommunityToolkit.HighPerformance.dll": "66B64EC334625F2C5D341A45E28EEB43",
  "Dalamud.Bindings.ImGui.dll": "418FCF8B7E26C0AFC594AFB29708806D",
  "Dalamud.Bindings.ImGuizmo.dll": "38E0998266C07D2080E65C6807F5D0AD",
  "Dalamud.Bindings.ImPlot.dll": "E5E8A6673AEB0840E4A20E3E4F339366",
  "Dalamud.Boot.dll": "919B23F27ADF1AD30DE0B59A67D2DF12",
  "Dalamud.Common.dll": "F819525A4B6F50884005996E235DB5CF",
  "Dalamud.deps.json": "6BFF76764CFB6615ECDF670E71A2FD05",
  "Dalamud.dll": "D06DA3561CD49DBE044A7C8501B35A81",
  "Dalamud.Injector.deps.json": "172E729569F73D338FB44810869B424F",
  "Dalamud.Injector.dll": "EA196CE57F5E0AE43AE1DCF3F106EA0C",
  "Dalamud.Injector.exe": "E6495E5A60205FE68685CC803849B6DE",
  "Dalamud.Injector.runtimeconfig.json": "481C4D4F6151485203242D25F632FCC5",
  "Dalamud.Injector.xml": "CBC84759DB84E5C8A9269116B45E7C9D",
  "Dalamud.runtimeconfig.json": "9DB7F0D7C94CA1AA6CA3ACFA6F93A1D8",
  "Dalamud.xml": "B9062E2B1C7AC5D98D9284E79619AB41",
  "DalamudCrashHandler.exe": "97D2860CEBBDCB827285517DD3F14386",
  "FASM-LICENSE.TXT": "ECEA1D10811221D5F0A3E96F9C38E2C7",
  "FASM.DLL": "6D7BA5E19F5101E9E4175ADDA5DBADC7",
  "FASMX64.DLL": "EBB3099F715B0E9F883FFF373714FB90",
  "FFXIVClientStructs.dll": "B8BA1DEC099B3ABF315B18B7FBD5F121",
  "FFXIVClientStructs.xml": "2AE5AFF7925698A5DA881FD75801990F",
  "goatcorp.Reloaded.Assembler.dll": "1F70FC900761FDDEDD7487DE6B047394",
  "goatcorp.Reloaded.Assembler.targets": "CC22CB0A353E2136EE9E6E96DB9F7164",
  "goatcorp.Reloaded.Hooks.dll": "BF3DCFBECC6DF51BA5C5A92D876EA73A",
  "goatcorp.Reloaded.Memory.Buffers.dll": "D35B0AFC47BEAB25B2CD7466184605A3",
  "HexaGen.Runtime.dll": "C2FAD831C3C4C44C5CC455123FAB3959",
  "Iced.dll": "179906EC1F7213B0CFF5384E676B5434",
  "ImGuiScene.dll": "E396D9F728A3DF813DD7CF27A11245E5",
  "InteropGenerator.Runtime.dll": "B1857CA6737B6CCB0143F9615520CA5D",
  "JetBrains.Annotations.dll": "3E5575656AD89E83B038BDAEDB263D74",
  "licenses.txt": "A159BE62AA91178EFC3E3983AE874D1D",
  "Lumina.dll": "729C5BF7803AF80E33E4842B09FC6E66",
  "Lumina.Excel.dll": "CF3E591D8A86DC8B5370E5ED5F103858",
  "Lumina.Excel.xml": "3D3B7AD224A8A04B92B2B311FB8DA535",
  "MessagePack.Annotations.dll": "CF8F018604383AC78E7AE0E6D55AD5BE",
  "MessagePack.dll": "89C81A23D0BC8C776F9958F99CCAF8F4",
  "Microsoft.Extensions.ObjectPool.dll": "CB2B8426DF93B062B631BC85B3369BED",
  "Microsoft.NET.StringTools.dll": "88B3B9B25E54FF438D2F4F1609B726A4",
  "Microsoft.VisualStudio.Threading.dll": "EF2AC53B930F5ED16DA3B4CFB1033813",
  "Microsoft.VisualStudio.Validation.dll": "0B1D5949C6944383B1EE896C5E13D08B",
  "MinSharp.dll": "98493F4E506D53C0DC91401863370DA8",
  "Mono.Cecil.dll": "D590DE4FA9A7E6790AC70BCBF3BA87DA",
  "Mono.Cecil.Mdb.dll": "E9F7146B4080AE38891D67448FB3CDB2",
  "Mono.Cecil.Pdb.dll": "29A54998E22C96FB8CF05AFE97FC78FA",
  "Mono.Cecil.Rocks.dll": "4C7E353DE397B2786DD9EE3DE9077CA8",
  "Nerdbank.Streams.dll": "539451E456062345AF25E7E17335299B",
  "nethost.dll": "21F39F71E2F4B5BA9FB3F126872F2F9B",
  "Newtonsoft.Json.dll": "ADF3E3EECDE20B7C9661E9C47106A14A",
  "PeNet.Asn1.dll": "6605CEAAB1DE889E1EEEC53255556DDA",
  "PeNet.dll": "D1CECD459C86993332C34120D22F6234",
  "Reloaded.Hooks.Definitions.dll": "2F8C5640B6AC87CBE71CAC764F604A5A",
  "Reloaded.Memory.Buffers.dll": "E9FE89372D9DA42B234A9556B5210E58",
  "Reloaded.Memory.dll": "1CBDECBF8DED20C82606E87A388E5E72",
  "revision.txt": "27B09E189A405B6CCA6DDD7EC869C143",
  "Serilog.dll": "A26A8AC81D62C77A8AFF6B1CE785591B",
  "Serilog.Sinks.Async.dll": "D509D7F116035942C9A13BD54A0E2B2D",
  "Serilog.Sinks.Console.dll": "84A511BB488CC6E673C1A1CBFFD3692D",
  "Serilog.Sinks.File.dll": "DD5FD1AB2363B0B18831F3CFE303AC5C",
  "SharpDX.Direct3D11.dll": "18B4073AC815E66FA64B2534DD2ADB95",
  "SharpDX.dll": "A547C2A31FBA7182A2E38F048B0FD950",
  "SharpDX.DXGI.dll": "E19930503FF42EF585D313D20C484862",
  "SharpDX.Mathematics.dll": "1E8C9F42A76F99200FF90639420C9E87",
  "SQLite-net.dll": "BA5561F5603BAAE6C5C741921F614924",
  "SQLitePCLRaw.batteries_v2.dll": "EE5AD0986F19431D6709F0BD409B3410",
  "SQLitePCLRaw.core.dll": "CE4C3B8A934469917C7B32AF9BC036D4",
  "SQLitePCLRaw.nativelibrary.dll": "9C7BA9950756D1E0363D60D12484EDAA",
  "SQLitePCLRaw.provider.dynamic_cdecl.dll": "B9E38726100D7BDFFB01B880C0BFF4B7",
  "StreamJsonRpc.dll": "6157633EE85D57CFF6772C1526F2D352",
  "System.Reactive.dll": "EF5A00287AD15393D41B12AA4B726FF7",
  "System.Reflection.MetadataLoadContext.dll": "284C720DEE2524BCF10DD1B5648AA303",
  "System.Security.Cryptography.Pkcs.dll": "8950E01996A37E808BE3F39063C37BF9",
  "TEMP_gitver.txt": "0E3EA42406576BB7A0C7DE0AC68077C9",
  "TerraFX.Interop.Windows.dll": "84F7EF6B0DE91F8CC23F773D3FD6DEC0"
}
