{
  "cs\\Microsoft.VisualStudio.Threading.resources.dll": "59CC07A0788ED5D2D7B1EC4C24692B5E",
  "cs\\Microsoft.VisualStudio.Validation.resources.dll": "6D64EB21E28D7DA0951CCB11D5A111DB",
  "cs\\StreamJsonRpc.resources.dll": "187B9DF9156C8ECA5FFC2D8DFC0D0AEB",
  "de\\Microsoft.VisualStudio.Threading.resources.dll": "E8F71F6E86250EE8F040884F21901A84",
  "de\\Microsoft.VisualStudio.Validation.resources.dll": "6BDBEB8494C6DF5EE482065A9D7F0B1E",
  "de\\StreamJsonRpc.resources.dll": "18A2EE45995D18CB97504B89E1D8EA84",
  "es\\Microsoft.VisualStudio.Threading.resources.dll": "C91684BC69AC34D7C4761C769C4613CE",
  "es\\Microsoft.VisualStudio.Validation.resources.dll": "0F92DD2019CF7222118E8B5D9409A328",
  "es\\StreamJsonRpc.resources.dll": "1426AE60A50C341884A93E75FDCB8F15",
  "fr\\Microsoft.VisualStudio.Threading.resources.dll": "8DF66006C30B545517609BC994A333BF",
  "fr\\Microsoft.VisualStudio.Validation.resources.dll": "1299DF7F85B8ABCC8205E7F968E64DE5",
  "fr\\StreamJsonRpc.resources.dll": "E0EF73E9AC6F5AC89FEFA3E4442FA526",
  "it\\Microsoft.VisualStudio.Threading.resources.dll": "ACB2901AD3BA29250398D7F7C7F06472",
  "it\\Microsoft.VisualStudio.Validation.resources.dll": "E96AFCAC956DE57A60CF403431A06B9F",
  "it\\StreamJsonRpc.resources.dll": "AF93C232BE3DE144BDBA9D47B0CF1FBA",
  "ja\\Microsoft.VisualStudio.Threading.resources.dll": "57953EF05139ABD830A160D29D477AE7",
  "ja\\Microsoft.VisualStudio.Validation.resources.dll": "37C3387A524C942BC21029A532E0FA88",
  "ja\\StreamJsonRpc.resources.dll": "71C0BF4563B000F7F6FD977A56646389",
  "ko\\Microsoft.VisualStudio.Threading.resources.dll": "4E69F9315A2BE37081E916836BD2865B",
  "ko\\Microsoft.VisualStudio.Validation.resources.dll": "F7519010D92C7E3BF6DD25032575FD3D",
  "ko\\StreamJsonRpc.resources.dll": "0462338CED7D90B6A89AA6C5C0B553ED",
  "pl\\Microsoft.VisualStudio.Threading.resources.dll": "E957E9AD4D62A6EDE5DEDB85DCB66BE0",
  "pl\\Microsoft.VisualStudio.Validation.resources.dll": "157FEA4FF784A1A3C450AAEAFC808171",
  "pl\\StreamJsonRpc.resources.dll": "A386D42B9AC0F3349E75FA0711BF6125",
  "pt-BR\\Microsoft.VisualStudio.Threading.resources.dll": "D0E584DCA9CFC97B49480B5326D1BE85",
  "pt-BR\\Microsoft.VisualStudio.Validation.resources.dll": "F1D96FD5909173972C661A1D8FE629DB",
  "pt-BR\\StreamJsonRpc.resources.dll": "7FF82CEBA9C3AFD947DC59A5FE132C78",
  "ru\\Microsoft.VisualStudio.Threading.resources.dll": "53F0D3DFF78ACA534A9F06C3E435BCDE",
  "ru\\Microsoft.VisualStudio.Validation.resources.dll": "DA5D932621691D0A43F9C41589BEA612",
  "ru\\StreamJsonRpc.resources.dll": "2BE00971D9A6088B5EC340B210503234",
  "runtimes\\alpine-x64\\native\\libe_sqlite3.so": "39C244FEDBCD3DFC37041D4FCE1AE21D",
  "runtimes\\linux-arm\\native\\libe_sqlite3.so": "96CF54BC0EFB83D6E3F5F3E04997A59D",
  "runtimes\\linux-arm64\\native\\libe_sqlite3.so": "F079E55E7F3F9966A4A2052A3234E068",
  "runtimes\\linux-armel\\native\\libe_sqlite3.so": "C5A67D49434FC65D64E9C15778078C76",
  "runtimes\\linux-mips64\\native\\libe_sqlite3.so": "5F8461214089CFC677D46C19B7162161",
  "runtimes\\linux-musl-x64\\native\\libe_sqlite3.so": "39C244FEDBCD3DFC37041D4FCE1AE21D",
  "runtimes\\linux-x64\\native\\libe_sqlite3.so": "6F49C540D3AB9964D67A4A704C3D262D",
  "runtimes\\linux-x86\\native\\libe_sqlite3.so": "5E0659B414CBD6DDC38C65582485853E",
  "runtimes\\osx-x64\\native\\libe_sqlite3.dylib": "F82AE134FCD1C080A69D775591406673",
  "runtimes\\win-arm\\native\\e_sqlite3.dll": "1EFF14C811DBB99F7C4F43293C03CAB0",
  "runtimes\\win-arm64\\native\\e_sqlite3.dll": "F8CBC2FABE253A1D999B0ACBF574E6F4",
  "runtimes\\win-x64\\native\\e_sqlite3.dll": "A11C74547EB8B5285361CC8B2034790B",
  "runtimes\\win-x64\\native\\minhook.x64d.dll": "A6B70E8925B39DD69889BCCA5FD82191",
  "runtimes\\win-x86\\native\\e_sqlite3.dll": "52F5FFF30911DF304670DA6AFB041370",
  "targets\\Dalamud.Plugin.Bootstrap.targets": "C85635161398CD9852CF7212DB7EB904",
  "targets\\Dalamud.Plugin.targets": "394EE2BEC70254F76ABBE2C33F62BBFA",
  "tr\\Microsoft.VisualStudio.Threading.resources.dll": "538FE3DA0C0527DC98456020A4351A85",
  "tr\\Microsoft.VisualStudio.Validation.resources.dll": "7C15CA39FCA7DF71D62C46E6F03389EF",
  "tr\\StreamJsonRpc.resources.dll": "E2AD6BCEBF0533F4D421EE83B42795C1",
  "zh-Hans\\Microsoft.VisualStudio.Threading.resources.dll": "4263966625E34972E95A9C1A2A0C61E8",
  "zh-Hans\\Microsoft.VisualStudio.Validation.resources.dll": "EB7953D05EF1CE51E790708D42EE5D18",
  "zh-Hans\\StreamJsonRpc.resources.dll": "FF596CD821202672B86089A5AB619C71",
  "zh-Hant\\Microsoft.VisualStudio.Threading.resources.dll": "4B693EDFE83A99478E1041AA17FFC35A",
  "zh-Hant\\Microsoft.VisualStudio.Validation.resources.dll": "8EF011A0285333D0EEFE22D5AA7A1702",
  "zh-Hant\\StreamJsonRpc.resources.dll": "BBF8E9013F9B1244348840EAA9CAF9B0",
  "BCnEncoder.dll": "CA0BB7FEAFA0B911B0945AEB376D748B",
  "BitFaster.Caching.dll": "0439259738CBCE33A03D34110A2B4578",
  "CheapLoc.dll": "2725C257DF2D384558462B956AB91ECD",
  "cimgui.dll": "7BAC9404EC99BB750FE7A5B1101E444E",
  "cimguizmo.dll": "4917ABF03178670A4666EB1AC86687B1",
  "cimplot.dll": "272FACD445BA72056709ED2C8FA84221",
  "commit_hash.txt": "FEA9A8670FBA4AEACC1231A8FC84B6F7",
  "CommunityToolkit.HighPerformance.dll": "66B64EC334625F2C5D341A45E28EEB43",
  "Dalamud.Bindings.ImGui.dll": "E2EA42FFACF3AE0919AB62E10486C778",
  "Dalamud.Bindings.ImGuizmo.dll": "C270543104046EC350AC63C777FC9AC2",
  "Dalamud.Bindings.ImPlot.dll": "7B29C9DD855780F627690BBEE8832E7C",
  "Dalamud.Boot.dll": "C21E955E0C166EF58C7155A3DDAEB3C4",
  "Dalamud.Common.dll": "FC22B01331C6846D4F06042F2F9A1E08",
  "Dalamud.deps.json": "1CBC28407DEFCB543E717ECAC92494C8",
  "Dalamud.dll": "54011113B91FCFF520C67F787C6C7E49",
  "Dalamud.Injector.deps.json": "172E729569F73D338FB44810869B424F",
  "Dalamud.Injector.dll": "6E604E56C55C5576BF8197C8022C4855",
  "Dalamud.Injector.exe": "D7AE64002EA10C6CD1CBDEDE79FE4B00",
  "Dalamud.Injector.runtimeconfig.json": "481C4D4F6151485203242D25F632FCC5",
  "Dalamud.Injector.xml": "573870DEB8A9854EC20203EDE9D78425",
  "Dalamud.runtimeconfig.json": "9DB7F0D7C94CA1AA6CA3ACFA6F93A1D8",
  "Dalamud.xml": "E2B8480A8AC77CF205002063B3F8C96E",
  "DalamudCrashHandler.exe": "521A50BE6C5AA8F2FD07F27A4C330174",
  "FASM-LICENSE.TXT": "ECEA1D10811221D5F0A3E96F9C38E2C7",
  "FASM.DLL": "985442A4FD531BAA693404233DB07079",
  "FASMX64.DLL": "99C95D3967BED31CA3F2F36B969BEF45",
  "FFXIVClientStructs.dll": "231CDFD2E3BA801A8583F7BC56D24316",
  "FFXIVClientStructs.xml": "AF27831EE858B63D292F2CDD8B6F245E",
  "goatcorp.Reloaded.Assembler.dll": "63D1135782245B7BBF5B029100D73A58",
  "goatcorp.Reloaded.Assembler.targets": "CC22CB0A353E2136EE9E6E96DB9F7164",
  "goatcorp.Reloaded.Hooks.dll": "6EB80971DDC752A28263D8DF0CEDF6BB",
  "goatcorp.Reloaded.Memory.Buffers.dll": "3232A2B8AAFFE67C0803D3F24E7AA8A4",
  "HexaGen.Runtime.dll": "40FAE9C2C3BB75A9B768574FDE43DAEC",
  "Iced.dll": "5CD8806D6F479B229F9E7E00CCD7BD1E",
  "ImGuiScene.dll": "BB9F2720C99B850B9ECC7F9A1D15CB85",
  "InteropGenerator.Runtime.dll": "7CD9EA03893AD944283E6291E917E735",
  "JetBrains.Annotations.dll": "F2659116E63529C46B04AE8879301A15",
  "licenses.txt": "A159BE62AA91178EFC3E3983AE874D1D",
  "Lumina.dll": "13DC8DBE1F00777BFE5FE0FAE70F9614",
  "Lumina.Excel.dll": "D800B4D7AE81F76F5F352FD0603EA54C",
  "Lumina.Excel.xml": "3D3B7AD224A8A04B92B2B311FB8DA535",
  "MessagePack.Annotations.dll": "F44753C700F37BE0CF615BA80313C373",
  "MessagePack.dll": "2F80196D194148112483C671CE7E5FEE",
  "Microsoft.Extensions.ObjectPool.dll": "CB2B8426DF93B062B631BC85B3369BED",
  "Microsoft.NET.StringTools.dll": "88B3B9B25E54FF438D2F4F1609B726A4",
  "Microsoft.VisualStudio.Threading.dll": "EF2AC53B930F5ED16DA3B4CFB1033813",
  "Microsoft.VisualStudio.Validation.dll": "0B1D5949C6944383B1EE896C5E13D08B",
  "MinSharp.dll": "4314A880CDADD2F3574082A319AEA968",
  "Mono.Cecil.dll": "BFF1AD6A68F2477F90431737D2CF0E44",
  "Mono.Cecil.Mdb.dll": "58163AC4D28D963BE269B7A996870D2C",
  "Mono.Cecil.Pdb.dll": "2A8714353B6BEF933C5BCA5A7C4997C1",
  "Mono.Cecil.Rocks.dll": "FB1F55DD37A1407F4530C42FE753FFFE",
  "Nerdbank.Streams.dll": "539451E456062345AF25E7E17335299B",
  "nethost.dll": "21F39F71E2F4B5BA9FB3F126872F2F9B",
  "Newtonsoft.Json.dll": "ADF3E3EECDE20B7C9661E9C47106A14A",
  "PeNet.Asn1.dll": "9D4282B260F9CA334E3DD16FDFAD461C",
  "PeNet.dll": "3EFF6EF1020377A38142B24B0BA147FC",
  "Reloaded.Hooks.Definitions.dll": "E5973ED3919F6F970261D62AEF85014C",
  "Reloaded.Memory.Buffers.dll": "39CFC27893347DFD89C784E97F91FBC5",
  "Reloaded.Memory.dll": "0173D5CB5BCD6511FFABAA0C6C93EAE2",
  "revision.txt": "146389F11F0E76CBC28CA267A34353A7",
  "Serilog.dll": "A64657F6D7116CCE919AEA0F4AA55E8B",
  "Serilog.Sinks.Async.dll": "030D4E53C07814C71010273226361D1A",
  "Serilog.Sinks.Console.dll": "409F510E5E70BEA90ABC8E0EC110C53B",
  "Serilog.Sinks.File.dll": "6BFECEFFCC9130F18DD80994AB2A327F",
  "SQLite-net.dll": "941A39B4A6CDAAB843D1550FAA3D7A7D",
  "SQLitePCLRaw.batteries_v2.dll": "5ED223E7E2F9018A4F80A6E12B00E3D0",
  "SQLitePCLRaw.core.dll": "BA956F530AED41D4B8D1BDC5852EC3AF",
  "SQLitePCLRaw.nativelibrary.dll": "19B5D66A288FB5B8D5A4D7B54A4951B6",
  "SQLitePCLRaw.provider.dynamic_cdecl.dll": "568FCD5F2F65652A0C62EC7567E85B52",
  "StreamJsonRpc.dll": "6157633EE85D57CFF6772C1526F2D352",
  "System.Reactive.dll": "EF5A00287AD15393D41B12AA4B726FF7",
  "System.Reflection.MetadataLoadContext.dll": "284C720DEE2524BCF10DD1B5648AA303",
  "System.Security.Cryptography.Pkcs.dll": "8950E01996A37E808BE3F39063C37BF9",
  "TEMP_gitver.txt": "153E43382D0BF8D9D76B9F0068B75152",
  "TerraFX.Interop.Windows.dll": "C75D06E77DE5A095D45676A81CDE0DC9"
}
