{
  "cs\\Microsoft.VisualStudio.Threading.resources.dll": "59CC07A0788ED5D2D7B1EC4C24692B5E",
  "cs\\Microsoft.VisualStudio.Validation.resources.dll": "6D64EB21E28D7DA0951CCB11D5A111DB",
  "cs\\StreamJsonRpc.resources.dll": "187B9DF9156C8ECA5FFC2D8DFC0D0AEB",
  "de\\Microsoft.VisualStudio.Threading.resources.dll": "E8F71F6E86250EE8F040884F21901A84",
  "de\\Microsoft.VisualStudio.Validation.resources.dll": "6BDBEB8494C6DF5EE482065A9D7F0B1E",
  "de\\StreamJsonRpc.resources.dll": "18A2EE45995D18CB97504B89E1D8EA84",
  "es\\Microsoft.VisualStudio.Threading.resources.dll": "C91684BC69AC34D7C4761C769C4613CE",
  "es\\Microsoft.VisualStudio.Validation.resources.dll": "0F92DD2019CF7222118E8B5D9409A328",
  "es\\StreamJsonRpc.resources.dll": "1426AE60A50C341884A93E75FDCB8F15",
  "fr\\Microsoft.VisualStudio.Threading.resources.dll": "8DF66006C30B545517609BC994A333BF",
  "fr\\Microsoft.VisualStudio.Validation.resources.dll": "1299DF7F85B8ABCC8205E7F968E64DE5",
  "fr\\StreamJsonRpc.resources.dll": "E0EF73E9AC6F5AC89FEFA3E4442FA526",
  "it\\Microsoft.VisualStudio.Threading.resources.dll": "ACB2901AD3BA29250398D7F7C7F06472",
  "it\\Microsoft.VisualStudio.Validation.resources.dll": "E96AFCAC956DE57A60CF403431A06B9F",
  "it\\StreamJsonRpc.resources.dll": "AF93C232BE3DE144BDBA9D47B0CF1FBA",
  "ja\\Microsoft.VisualStudio.Threading.resources.dll": "57953EF05139ABD830A160D29D477AE7",
  "ja\\Microsoft.VisualStudio.Validation.resources.dll": "37C3387A524C942BC21029A532E0FA88",
  "ja\\StreamJsonRpc.resources.dll": "71C0BF4563B000F7F6FD977A56646389",
  "ko\\Microsoft.VisualStudio.Threading.resources.dll": "4E69F9315A2BE37081E916836BD2865B",
  "ko\\Microsoft.VisualStudio.Validation.resources.dll": "F7519010D92C7E3BF6DD25032575FD3D",
  "ko\\StreamJsonRpc.resources.dll": "0462338CED7D90B6A89AA6C5C0B553ED",
  "pl\\Microsoft.VisualStudio.Threading.resources.dll": "E957E9AD4D62A6EDE5DEDB85DCB66BE0",
  "pl\\Microsoft.VisualStudio.Validation.resources.dll": "157FEA4FF784A1A3C450AAEAFC808171",
  "pl\\StreamJsonRpc.resources.dll": "A386D42B9AC0F3349E75FA0711BF6125",
  "pt-BR\\Microsoft.VisualStudio.Threading.resources.dll": "D0E584DCA9CFC97B49480B5326D1BE85",
  "pt-BR\\Microsoft.VisualStudio.Validation.resources.dll": "F1D96FD5909173972C661A1D8FE629DB",
  "pt-BR\\StreamJsonRpc.resources.dll": "7FF82CEBA9C3AFD947DC59A5FE132C78",
  "ru\\Microsoft.VisualStudio.Threading.resources.dll": "53F0D3DFF78ACA534A9F06C3E435BCDE",
  "ru\\Microsoft.VisualStudio.Validation.resources.dll": "DA5D932621691D0A43F9C41589BEA612",
  "ru\\StreamJsonRpc.resources.dll": "2BE00971D9A6088B5EC340B210503234",
  "runtimes\\alpine-x64\\native\\libe_sqlite3.so": "39C244FEDBCD3DFC37041D4FCE1AE21D",
  "runtimes\\linux-arm\\native\\libe_sqlite3.so": "96CF54BC0EFB83D6E3F5F3E04997A59D",
  "runtimes\\linux-arm64\\native\\libe_sqlite3.so": "F079E55E7F3F9966A4A2052A3234E068",
  "runtimes\\linux-armel\\native\\libe_sqlite3.so": "C5A67D49434FC65D64E9C15778078C76",
  "runtimes\\linux-mips64\\native\\libe_sqlite3.so": "5F8461214089CFC677D46C19B7162161",
  "runtimes\\linux-musl-x64\\native\\libe_sqlite3.so": "39C244FEDBCD3DFC37041D4FCE1AE21D",
  "runtimes\\linux-x64\\native\\libe_sqlite3.so": "6F49C540D3AB9964D67A4A704C3D262D",
  "runtimes\\linux-x86\\native\\libe_sqlite3.so": "5E0659B414CBD6DDC38C65582485853E",
  "runtimes\\osx-x64\\native\\libe_sqlite3.dylib": "F82AE134FCD1C080A69D775591406673",
  "runtimes\\win-arm\\native\\e_sqlite3.dll": "5DD450B9F7CB5CBB68CE6BB0EC14DDA6",
  "runtimes\\win-arm64\\native\\e_sqlite3.dll": "B37B9E486CBF2510F34635EE46D5EB7C",
  "runtimes\\win-x64\\native\\e_sqlite3.dll": "9A5E98A56B6EE9B383F22759E24E4588",
  "runtimes\\win-x64\\native\\minhook.x64d.dll": "89FFEC54459BA61368DCBA5F2C46805C",
  "runtimes\\win-x86\\native\\e_sqlite3.dll": "14D03AE61D2895DF4B98D25C5A48A760",
  "targets\\Dalamud.Plugin.Bootstrap.targets": "C85635161398CD9852CF7212DB7EB904",
  "targets\\Dalamud.Plugin.targets": "394EE2BEC70254F76ABBE2C33F62BBFA",
  "tr\\Microsoft.VisualStudio.Threading.resources.dll": "538FE3DA0C0527DC98456020A4351A85",
  "tr\\Microsoft.VisualStudio.Validation.resources.dll": "7C15CA39FCA7DF71D62C46E6F03389EF",
  "tr\\StreamJsonRpc.resources.dll": "E2AD6BCEBF0533F4D421EE83B42795C1",
  "zh-Hans\\Microsoft.VisualStudio.Threading.resources.dll": "4263966625E34972E95A9C1A2A0C61E8",
  "zh-Hans\\Microsoft.VisualStudio.Validation.resources.dll": "EB7953D05EF1CE51E790708D42EE5D18",
  "zh-Hans\\StreamJsonRpc.resources.dll": "FF596CD821202672B86089A5AB619C71",
  "zh-Hant\\Microsoft.VisualStudio.Threading.resources.dll": "4B693EDFE83A99478E1041AA17FFC35A",
  "zh-Hant\\Microsoft.VisualStudio.Validation.resources.dll": "8EF011A0285333D0EEFE22D5AA7A1702",
  "zh-Hant\\StreamJsonRpc.resources.dll": "BBF8E9013F9B1244348840EAA9CAF9B0",
  "BCnEncoder.dll": "928144EFD88BBEAD08FCF85E96186AEE",
  "BitFaster.Caching.dll": "B222E36CF546C817AFED570FA3A6DE40",
  "CheapLoc.dll": "7508DAB631A4D45D22036FF4C47489FB",
  "cimgui.dll": "CD8A6B4EE6C7BF24BB083F2653DEB4B7",
  "cimguizmo.dll": "FEC2ABB53292278B75CCFDD6830F0FAA",
  "cimplot.dll": "8AEF5282EC043C312C7F4F6C9B79A7E8",
  "commit_hash.txt": "4B129CC5E28F613275B997F96C32D1D3",
  "CommunityToolkit.HighPerformance.dll": "66B64EC334625F2C5D341A45E28EEB43",
  "Dalamud.Bindings.ImGui.dll": "75A2656F3D803FFDF93003294A8CB942",
  "Dalamud.Bindings.ImGuizmo.dll": "809D4E3883226879C90B002E942E4409",
  "Dalamud.Bindings.ImPlot.dll": "5C351729DB4A954ABFA7D7E3A574FA28",
  "Dalamud.Boot.dll": "0A98F0F9355DE2F29B781A17C57BF8ED",
  "Dalamud.Common.dll": "C737D9E29D38EEAEDA26B1A8218CAED1",
  "Dalamud.deps.json": "E357F8A051E38FC9A0AF58B494534248",
  "Dalamud.dll": "D1C3B15E52E02B600860F38D6A6631F9",
  "Dalamud.Injector.deps.json": "172E729569F73D338FB44810869B424F",
  "Dalamud.Injector.dll": "FBBA2C43C2AB8332535F9396173B02E4",
  "Dalamud.Injector.exe": "E6E69CB1F5084E426E02518BECF9FCFB",
  "Dalamud.Injector.runtimeconfig.json": "481C4D4F6151485203242D25F632FCC5",
  "Dalamud.Injector.xml": "CBC84759DB84E5C8A9269116B45E7C9D",
  "Dalamud.runtimeconfig.json": "9DB7F0D7C94CA1AA6CA3ACFA6F93A1D8",
  "Dalamud.xml": "6A71C3D7A5D298338ABBE21CABD61606",
  "DalamudCrashHandler.exe": "C53EC6A3734A9467D29079B4F58D74C8",
  "FASM-LICENSE.TXT": "ECEA1D10811221D5F0A3E96F9C38E2C7",
  "FASM.DLL": "999F97A233CF4C399D8953F7729458AE",
  "FASMX64.DLL": "A71F194032FF291BEA3926EBBBD7D4C6",
  "FFXIVClientStructs.dll": "C95EEE8D310CFCEF5F42149ABC1708F9",
  "FFXIVClientStructs.xml": "1DD1B69585CA15E07E429C185743ED50",
  "goatcorp.Reloaded.Assembler.dll": "0C66F226CD980D56551FF58AED7D0C18",
  "goatcorp.Reloaded.Assembler.targets": "CC22CB0A353E2136EE9E6E96DB9F7164",
  "goatcorp.Reloaded.Hooks.dll": "878AD1E9F63375C0B6CE809BDB8B1563",
  "goatcorp.Reloaded.Memory.Buffers.dll": "00858C1D47F12F32E3BA26131C4A6668",
  "HexaGen.Runtime.dll": "DDE89B9F9D53011D53D93D30100C9899",
  "Iced.dll": "E0BE798F9AE5BD4BABE037C49FEF07CF",
  "ImGuiScene.dll": "6889AA0FDD1EFB0530F49E8028E56160",
  "InteropGenerator.Runtime.dll": "D0D51DE45817E8E61C2BD6B8C7588CB2",
  "JetBrains.Annotations.dll": "EB1CB18E6C206944B622D8B1D8E48B2C",
  "licenses.txt": "A159BE62AA91178EFC3E3983AE874D1D",
  "Lumina.dll": "2666660CF7B246008263B4FB1410D627",
  "Lumina.Excel.dll": "8B5F6E049139A59E2D95A16A73E2DDB7",
  "Lumina.Excel.xml": "3D3B7AD224A8A04B92B2B311FB8DA535",
  "MessagePack.Annotations.dll": "379443185A2B4E5AB81DA7BF31787DEF",
  "MessagePack.dll": "DC460E361528F02371FF192F6A2AF02A",
  "Microsoft.Extensions.ObjectPool.dll": "CB2B8426DF93B062B631BC85B3369BED",
  "Microsoft.NET.StringTools.dll": "88B3B9B25E54FF438D2F4F1609B726A4",
  "Microsoft.VisualStudio.Threading.dll": "EF2AC53B930F5ED16DA3B4CFB1033813",
  "Microsoft.VisualStudio.Validation.dll": "0B1D5949C6944383B1EE896C5E13D08B",
  "MinSharp.dll": "49A331DB429185FE5E7DE18FAC0CE41D",
  "Mono.Cecil.dll": "948CEA6064BAF47B1F2B4A30FE6CB205",
  "Mono.Cecil.Mdb.dll": "55EAD6A11EE175C0C69EE44AD53C3A84",
  "Mono.Cecil.Pdb.dll": "0D3C7DD35C01B1C0D3978F236065D134",
  "Mono.Cecil.Rocks.dll": "D4BD78A08DB9BB48D1A01540647B54A6",
  "Nerdbank.Streams.dll": "539451E456062345AF25E7E17335299B",
  "nethost.dll": "21F39F71E2F4B5BA9FB3F126872F2F9B",
  "Newtonsoft.Json.dll": "ADF3E3EECDE20B7C9661E9C47106A14A",
  "PeNet.Asn1.dll": "5034DEBFFBA0077E6FE94D26287453CD",
  "PeNet.dll": "3FE8F83AF9F8113985A23213642B6631",
  "Reloaded.Hooks.Definitions.dll": "F71BAD6A45857E898B0A68A45E8B366D",
  "Reloaded.Memory.Buffers.dll": "43DC3A197112C86D9D1C0D4FDFE4DB3B",
  "Reloaded.Memory.dll": "998C0CB195D9C699FF60603A0C4A59AA",
  "revision.txt": "0E1BACF07B14673FCDB553DA51B999A5",
  "Serilog.dll": "4A9F1AEECFF269C0AA6B981B671F4D75",
  "Serilog.Sinks.Async.dll": "5A78DAA8ACCD1FB45B7D44729D252660",
  "Serilog.Sinks.Console.dll": "F7C6B00006946DDFAD5D6ED4F9E3138C",
  "Serilog.Sinks.File.dll": "0083DDC1CA5531058DC089EC1E8EF523",
  "SharpDX.Direct3D11.dll": "FB543CE4F5CBBE6BB61FAFA7F268B547",
  "SharpDX.dll": "6991C36833FB21F3F3E9741CE9756C6E",
  "SharpDX.DXGI.dll": "B70BA8D6B58E27894F1CAE4CCC3750B1",
  "SharpDX.Mathematics.dll": "28BE764725EDFB331DB133D9AFF67E88",
  "SQLite-net.dll": "8168F99F4C02C31B53EF32A228B62CB5",
  "SQLitePCLRaw.batteries_v2.dll": "09CEC2C1D94909197729B00E19D35C8F",
  "SQLitePCLRaw.core.dll": "295E3D72B9DD4668B4622B8FDF822A0A",
  "SQLitePCLRaw.nativelibrary.dll": "CA86DD27EC5C589AD41E0DC18C14E46B",
  "SQLitePCLRaw.provider.dynamic_cdecl.dll": "FB18F66DEA34D1D0602F3595DD327C63",
  "StreamJsonRpc.dll": "6157633EE85D57CFF6772C1526F2D352",
  "System.Reactive.dll": "EF5A00287AD15393D41B12AA4B726FF7",
  "System.Reflection.MetadataLoadContext.dll": "284C720DEE2524BCF10DD1B5648AA303",
  "System.Security.Cryptography.Pkcs.dll": "8950E01996A37E808BE3F39063C37BF9",
  "TEMP_gitver.txt": "44C97DE734F0BC44BBC7DACE474198D7",
  "TerraFX.Interop.Windows.dll": "84F7EF6B0DE91F8CC23F773D3FD6DEC0"
}
