{
  "cs\\Microsoft.VisualStudio.Threading.resources.dll": "59CC07A0788ED5D2D7B1EC4C24692B5E",
  "cs\\Microsoft.VisualStudio.Validation.resources.dll": "6D64EB21E28D7DA0951CCB11D5A111DB",
  "cs\\StreamJsonRpc.resources.dll": "187B9DF9156C8ECA5FFC2D8DFC0D0AEB",
  "de\\Microsoft.VisualStudio.Threading.resources.dll": "E8F71F6E86250EE8F040884F21901A84",
  "de\\Microsoft.VisualStudio.Validation.resources.dll": "6BDBEB8494C6DF5EE482065A9D7F0B1E",
  "de\\StreamJsonRpc.resources.dll": "18A2EE45995D18CB97504B89E1D8EA84",
  "es\\Microsoft.VisualStudio.Threading.resources.dll": "C91684BC69AC34D7C4761C769C4613CE",
  "es\\Microsoft.VisualStudio.Validation.resources.dll": "0F92DD2019CF7222118E8B5D9409A328",
  "es\\StreamJsonRpc.resources.dll": "1426AE60A50C341884A93E75FDCB8F15",
  "fr\\Microsoft.VisualStudio.Threading.resources.dll": "8DF66006C30B545517609BC994A333BF",
  "fr\\Microsoft.VisualStudio.Validation.resources.dll": "1299DF7F85B8ABCC8205E7F968E64DE5",
  "fr\\StreamJsonRpc.resources.dll": "E0EF73E9AC6F5AC89FEFA3E4442FA526",
  "it\\Microsoft.VisualStudio.Threading.resources.dll": "ACB2901AD3BA29250398D7F7C7F06472",
  "it\\Microsoft.VisualStudio.Validation.resources.dll": "E96AFCAC956DE57A60CF403431A06B9F",
  "it\\StreamJsonRpc.resources.dll": "AF93C232BE3DE144BDBA9D47B0CF1FBA",
  "ja\\Microsoft.VisualStudio.Threading.resources.dll": "57953EF05139ABD830A160D29D477AE7",
  "ja\\Microsoft.VisualStudio.Validation.resources.dll": "37C3387A524C942BC21029A532E0FA88",
  "ja\\StreamJsonRpc.resources.dll": "71C0BF4563B000F7F6FD977A56646389",
  "ko\\Microsoft.VisualStudio.Threading.resources.dll": "4E69F9315A2BE37081E916836BD2865B",
  "ko\\Microsoft.VisualStudio.Validation.resources.dll": "F7519010D92C7E3BF6DD25032575FD3D",
  "ko\\StreamJsonRpc.resources.dll": "0462338CED7D90B6A89AA6C5C0B553ED",
  "pl\\Microsoft.VisualStudio.Threading.resources.dll": "E957E9AD4D62A6EDE5DEDB85DCB66BE0",
  "pl\\Microsoft.VisualStudio.Validation.resources.dll": "157FEA4FF784A1A3C450AAEAFC808171",
  "pl\\StreamJsonRpc.resources.dll": "A386D42B9AC0F3349E75FA0711BF6125",
  "pt-BR\\Microsoft.VisualStudio.Threading.resources.dll": "D0E584DCA9CFC97B49480B5326D1BE85",
  "pt-BR\\Microsoft.VisualStudio.Validation.resources.dll": "F1D96FD5909173972C661A1D8FE629DB",
  "pt-BR\\StreamJsonRpc.resources.dll": "7FF82CEBA9C3AFD947DC59A5FE132C78",
  "ru\\Microsoft.VisualStudio.Threading.resources.dll": "53F0D3DFF78ACA534A9F06C3E435BCDE",
  "ru\\Microsoft.VisualStudio.Validation.resources.dll": "DA5D932621691D0A43F9C41589BEA612",
  "ru\\StreamJsonRpc.resources.dll": "2BE00971D9A6088B5EC340B210503234",
  "runtimes\\alpine-x64\\native\\libe_sqlite3.so": "39C244FEDBCD3DFC37041D4FCE1AE21D",
  "runtimes\\linux-arm\\native\\libe_sqlite3.so": "96CF54BC0EFB83D6E3F5F3E04997A59D",
  "runtimes\\linux-arm64\\native\\libe_sqlite3.so": "F079E55E7F3F9966A4A2052A3234E068",
  "runtimes\\linux-armel\\native\\libe_sqlite3.so": "C5A67D49434FC65D64E9C15778078C76",
  "runtimes\\linux-mips64\\native\\libe_sqlite3.so": "5F8461214089CFC677D46C19B7162161",
  "runtimes\\linux-musl-x64\\native\\libe_sqlite3.so": "39C244FEDBCD3DFC37041D4FCE1AE21D",
  "runtimes\\linux-x64\\native\\libe_sqlite3.so": "6F49C540D3AB9964D67A4A704C3D262D",
  "runtimes\\linux-x86\\native\\libe_sqlite3.so": "5E0659B414CBD6DDC38C65582485853E",
  "runtimes\\osx-x64\\native\\libe_sqlite3.dylib": "F82AE134FCD1C080A69D775591406673",
  "runtimes\\win-arm\\native\\e_sqlite3.dll": "54FCEA4CB7402BD5282036A118F00DEF",
  "runtimes\\win-arm64\\native\\e_sqlite3.dll": "B684AE172ED2DC3133AB17B2D621DAE6",
  "runtimes\\win-x64\\native\\e_sqlite3.dll": "27F475DA5E3075D36123A1944201898E",
  "runtimes\\win-x64\\native\\minhook.x64d.dll": "6C89E908BDB8CFF7C2453122631578B3",
  "runtimes\\win-x86\\native\\e_sqlite3.dll": "4D703680602D1EA554979E322DCC6AA1",
  "targets\\Dalamud.Plugin.Bootstrap.targets": "C85635161398CD9852CF7212DB7EB904",
  "targets\\Dalamud.Plugin.targets": "394EE2BEC70254F76ABBE2C33F62BBFA",
  "tr\\Microsoft.VisualStudio.Threading.resources.dll": "538FE3DA0C0527DC98456020A4351A85",
  "tr\\Microsoft.VisualStudio.Validation.resources.dll": "7C15CA39FCA7DF71D62C46E6F03389EF",
  "tr\\StreamJsonRpc.resources.dll": "E2AD6BCEBF0533F4D421EE83B42795C1",
  "zh-Hans\\Microsoft.VisualStudio.Threading.resources.dll": "4263966625E34972E95A9C1A2A0C61E8",
  "zh-Hans\\Microsoft.VisualStudio.Validation.resources.dll": "EB7953D05EF1CE51E790708D42EE5D18",
  "zh-Hans\\StreamJsonRpc.resources.dll": "FF596CD821202672B86089A5AB619C71",
  "zh-Hant\\Microsoft.VisualStudio.Threading.resources.dll": "4B693EDFE83A99478E1041AA17FFC35A",
  "zh-Hant\\Microsoft.VisualStudio.Validation.resources.dll": "8EF011A0285333D0EEFE22D5AA7A1702",
  "zh-Hant\\StreamJsonRpc.resources.dll": "BBF8E9013F9B1244348840EAA9CAF9B0",
  "BCnEncoder.dll": "C97EC04D06905F8769D43AD0FA48998C",
  "BitFaster.Caching.dll": "592A6D92C33F59FC9DC68999C0BF42BC",
  "CheapLoc.dll": "854009D1F69391F6EA52D9CD5A318970",
  "cimgui.dll": "AD4C4E73195E89531090B2648AB61EA6",
  "cimguizmo.dll": "B13E47703FE2EAC79D63274828C0248B",
  "cimplot.dll": "F1B668E99DF4D6DE7E55C6D728F6A725",
  "commit_hash.txt": "3642854AE1F04757C842F98DF4E4E414",
  "CommunityToolkit.HighPerformance.dll": "66B64EC334625F2C5D341A45E28EEB43",
  "Dalamud.Bindings.ImGui.dll": "D66CFED343B99490FF6CA52ABF1E3478",
  "Dalamud.Bindings.ImGuizmo.dll": "B0D8C1C3429D7B0AE9BC22BF2A0652A8",
  "Dalamud.Bindings.ImPlot.dll": "A4ED4DA1B1AEEC376E21D2A4BFE26577",
  "Dalamud.Boot.dll": "E64E248CC61AB86EBD0B543B2497C2D3",
  "Dalamud.Common.dll": "2F616F748098A1BA5136F6D049AD72CB",
  "Dalamud.deps.json": "1CBC28407DEFCB543E717ECAC92494C8",
  "Dalamud.dll": "75B52423A218CA937EE4CFDDC7C00296",
  "Dalamud.Injector.deps.json": "172E729569F73D338FB44810869B424F",
  "Dalamud.Injector.dll": "23283F6B61A7ADFFA7A79F0B7F157026",
  "Dalamud.Injector.exe": "8B733DD84361F2C9FD82760186B14399",
  "Dalamud.Injector.runtimeconfig.json": "481C4D4F6151485203242D25F632FCC5",
  "Dalamud.Injector.xml": "CBC84759DB84E5C8A9269116B45E7C9D",
  "Dalamud.runtimeconfig.json": "9DB7F0D7C94CA1AA6CA3ACFA6F93A1D8",
  "Dalamud.xml": "1B71BE603E31F8E481898E13A27858C9",
  "DalamudCrashHandler.exe": "D540EDBF5D85718151925C02D54B09D0",
  "FASM-LICENSE.TXT": "ECEA1D10811221D5F0A3E96F9C38E2C7",
  "FASM.DLL": "40B244F6DB6526ED5C98B0BF84A34F2A",
  "FASMX64.DLL": "337FC2A979C334F850174CCBF7B74B4A",
  "FFXIVClientStructs.dll": "3905E51DEAEFED1168C14F8C583169B5",
  "FFXIVClientStructs.xml": "AF27831EE858B63D292F2CDD8B6F245E",
  "goatcorp.Reloaded.Assembler.dll": "3A7F183D60B66855BE3EB7D105571AD4",
  "goatcorp.Reloaded.Assembler.targets": "CC22CB0A353E2136EE9E6E96DB9F7164",
  "goatcorp.Reloaded.Hooks.dll": "6383A754F904FE9B3D8CCF9CCBB4C36E",
  "goatcorp.Reloaded.Memory.Buffers.dll": "CD28CB3B24677D0A3B20455D5EBF8893",
  "HexaGen.Runtime.dll": "68BAAA5A2F71B26C8E95EE7A17C34A2A",
  "Iced.dll": "9EE1116A8866827550CDE40C20C284EB",
  "ImGuiScene.dll": "E8420CA6EF022142B32F689B02D54B7A",
  "InteropGenerator.Runtime.dll": "6328B6503958618B1D3D358E6E51F453",
  "JetBrains.Annotations.dll": "0B96CB64132327B181995F1E8039E666",
  "licenses.txt": "A159BE62AA91178EFC3E3983AE874D1D",
  "Lumina.dll": "9C1DF10584F96933382774D597E37702",
  "Lumina.Excel.dll": "BB8C7F6700CB7F1BBEF8F91DC3CD48D9",
  "Lumina.Excel.xml": "3D3B7AD224A8A04B92B2B311FB8DA535",
  "MessagePack.Annotations.dll": "D7749AA2275C628E9BB0B927AF5DAB5E",
  "MessagePack.dll": "4A5E50976C81EF9791FC6115728000E5",
  "Microsoft.Extensions.ObjectPool.dll": "CB2B8426DF93B062B631BC85B3369BED",
  "Microsoft.NET.StringTools.dll": "88B3B9B25E54FF438D2F4F1609B726A4",
  "Microsoft.VisualStudio.Threading.dll": "EF2AC53B930F5ED16DA3B4CFB1033813",
  "Microsoft.VisualStudio.Validation.dll": "0B1D5949C6944383B1EE896C5E13D08B",
  "MinSharp.dll": "34223AC351454C51DF9606E5052E6836",
  "Mono.Cecil.dll": "3CAD44611FE52F35D9048A351338B128",
  "Mono.Cecil.Mdb.dll": "BBC551E2B785B46631C56E2AC4322721",
  "Mono.Cecil.Pdb.dll": "1228C4513C8D694FE6019E2CBF7B6DB0",
  "Mono.Cecil.Rocks.dll": "5BD1FF4DC874ADF076933265CEDC0182",
  "Nerdbank.Streams.dll": "539451E456062345AF25E7E17335299B",
  "nethost.dll": "21F39F71E2F4B5BA9FB3F126872F2F9B",
  "Newtonsoft.Json.dll": "ADF3E3EECDE20B7C9661E9C47106A14A",
  "PeNet.Asn1.dll": "5BA5FA294C05E83B474CBE28CD9A586C",
  "PeNet.dll": "BB0016C7552D425C2D0C36AA1EA5528E",
  "Reloaded.Hooks.Definitions.dll": "144CF8E7E8B6F39CB7409B6018F82C27",
  "Reloaded.Memory.Buffers.dll": "EC8FA408F8B39DED2683E9CDAD0A0046",
  "Reloaded.Memory.dll": "FD4152807B21D1FBD68192A43DFB56E2",
  "revision.txt": "BCB7C13FF9746A60FA8C3E748ACD054D",
  "Serilog.dll": "8F52A250FEB19131BD3B586C8DAA54DD",
  "Serilog.Sinks.Async.dll": "3D03A7533060608D28AEB4487D3432DC",
  "Serilog.Sinks.Console.dll": "61DCAABEFDEB39966CFC0BE29C278D8A",
  "Serilog.Sinks.File.dll": "E0182F31E9CB47F2F9C9E8D1C200F1E3",
  "SQLite-net.dll": "3BD1B88BA54CCBD95C14757F473D0B20",
  "SQLitePCLRaw.batteries_v2.dll": "3C0E8C05AA0A0EBBA6ADC9332AA68CA8",
  "SQLitePCLRaw.core.dll": "51DDD0A513FE4B0E1BCC975BFD768AC9",
  "SQLitePCLRaw.nativelibrary.dll": "D665E005F28E1B8968AED2EC1DB91391",
  "SQLitePCLRaw.provider.dynamic_cdecl.dll": "D59A39F78A4FC89C63E199F0EAD9480C",
  "StreamJsonRpc.dll": "6157633EE85D57CFF6772C1526F2D352",
  "System.Reactive.dll": "EF5A00287AD15393D41B12AA4B726FF7",
  "System.Reflection.MetadataLoadContext.dll": "284C720DEE2524BCF10DD1B5648AA303",
  "System.Security.Cryptography.Pkcs.dll": "8950E01996A37E808BE3F39063C37BF9",
  "TEMP_gitver.txt": "6493FA4262C158BFA170D117C3951B7A",
  "TerraFX.Interop.Windows.dll": "C75D06E77DE5A095D45676A81CDE0DC9"
}
