{
  "cs\\Microsoft.VisualStudio.Threading.resources.dll": "59CC07A0788ED5D2D7B1EC4C24692B5E",
  "cs\\Microsoft.VisualStudio.Validation.resources.dll": "6D64EB21E28D7DA0951CCB11D5A111DB",
  "cs\\StreamJsonRpc.resources.dll": "187B9DF9156C8ECA5FFC2D8DFC0D0AEB",
  "de\\Microsoft.VisualStudio.Threading.resources.dll": "E8F71F6E86250EE8F040884F21901A84",
  "de\\Microsoft.VisualStudio.Validation.resources.dll": "6BDBEB8494C6DF5EE482065A9D7F0B1E",
  "de\\StreamJsonRpc.resources.dll": "18A2EE45995D18CB97504B89E1D8EA84",
  "es\\Microsoft.VisualStudio.Threading.resources.dll": "C91684BC69AC34D7C4761C769C4613CE",
  "es\\Microsoft.VisualStudio.Validation.resources.dll": "0F92DD2019CF7222118E8B5D9409A328",
  "es\\StreamJsonRpc.resources.dll": "1426AE60A50C341884A93E75FDCB8F15",
  "fr\\Microsoft.VisualStudio.Threading.resources.dll": "8DF66006C30B545517609BC994A333BF",
  "fr\\Microsoft.VisualStudio.Validation.resources.dll": "1299DF7F85B8ABCC8205E7F968E64DE5",
  "fr\\StreamJsonRpc.resources.dll": "E0EF73E9AC6F5AC89FEFA3E4442FA526",
  "it\\Microsoft.VisualStudio.Threading.resources.dll": "ACB2901AD3BA29250398D7F7C7F06472",
  "it\\Microsoft.VisualStudio.Validation.resources.dll": "E96AFCAC956DE57A60CF403431A06B9F",
  "it\\StreamJsonRpc.resources.dll": "AF93C232BE3DE144BDBA9D47B0CF1FBA",
  "ja\\Microsoft.VisualStudio.Threading.resources.dll": "57953EF05139ABD830A160D29D477AE7",
  "ja\\Microsoft.VisualStudio.Validation.resources.dll": "37C3387A524C942BC21029A532E0FA88",
  "ja\\StreamJsonRpc.resources.dll": "71C0BF4563B000F7F6FD977A56646389",
  "ko\\Microsoft.VisualStudio.Threading.resources.dll": "4E69F9315A2BE37081E916836BD2865B",
  "ko\\Microsoft.VisualStudio.Validation.resources.dll": "F7519010D92C7E3BF6DD25032575FD3D",
  "ko\\StreamJsonRpc.resources.dll": "0462338CED7D90B6A89AA6C5C0B553ED",
  "pl\\Microsoft.VisualStudio.Threading.resources.dll": "E957E9AD4D62A6EDE5DEDB85DCB66BE0",
  "pl\\Microsoft.VisualStudio.Validation.resources.dll": "157FEA4FF784A1A3C450AAEAFC808171",
  "pl\\StreamJsonRpc.resources.dll": "A386D42B9AC0F3349E75FA0711BF6125",
  "pt-BR\\Microsoft.VisualStudio.Threading.resources.dll": "D0E584DCA9CFC97B49480B5326D1BE85",
  "pt-BR\\Microsoft.VisualStudio.Validation.resources.dll": "F1D96FD5909173972C661A1D8FE629DB",
  "pt-BR\\StreamJsonRpc.resources.dll": "7FF82CEBA9C3AFD947DC59A5FE132C78",
  "ru\\Microsoft.VisualStudio.Threading.resources.dll": "53F0D3DFF78ACA534A9F06C3E435BCDE",
  "ru\\Microsoft.VisualStudio.Validation.resources.dll": "DA5D932621691D0A43F9C41589BEA612",
  "ru\\StreamJsonRpc.resources.dll": "2BE00971D9A6088B5EC340B210503234",
  "runtimes\\alpine-arm\\native\\libe_sqlite3.so": "87AF85204A246154501382901F3F6812",
  "runtimes\\alpine-arm64\\native\\libe_sqlite3.so": "CD4B9AAB53400EFE96ABC32B339A866A",
  "runtimes\\alpine-x64\\native\\libe_sqlite3.so": "6C9D6E34F1E932668237404D6EB6FC66",
  "runtimes\\browser-wasm\\nativeassets\\net7.0\\e_sqlite3.a": "E25518AC5EAD5E787448F3258236888E",
  "runtimes\\linux-arm\\native\\libe_sqlite3.so": "B8DA0DB6A447B5CCE98207F6A250FB84",
  "runtimes\\linux-arm64\\native\\libe_sqlite3.so": "A888898B38395A15F2DE200BAA8B486F",
  "runtimes\\linux-armel\\native\\libe_sqlite3.so": "54F3F4183B81387F7928ED0BB9B67B32",
  "runtimes\\linux-mips64\\native\\libe_sqlite3.so": "D56886A2E2F081CDEA1621BB18132764",
  "runtimes\\linux-musl-arm\\native\\libe_sqlite3.so": "87AF85204A246154501382901F3F6812",
  "runtimes\\linux-musl-arm64\\native\\libe_sqlite3.so": "CD4B9AAB53400EFE96ABC32B339A866A",
  "runtimes\\linux-musl-x64\\native\\libe_sqlite3.so": "6C9D6E34F1E932668237404D6EB6FC66",
  "runtimes\\linux-s390x\\native\\libe_sqlite3.so": "CB751CC76F280849C0E2F718D6784E69",
  "runtimes\\linux-x64\\native\\libe_sqlite3.so": "30098E7FAEB947BF5A5AE2FDB34E4461",
  "runtimes\\linux-x86\\native\\libe_sqlite3.so": "68872BD5071077981504636C2353EAA8",
  "runtimes\\maccatalyst-arm64\\native\\libe_sqlite3.dylib": "B2597C8799A6D21E5B98DB28C9C725FD",
  "runtimes\\maccatalyst-x64\\native\\libe_sqlite3.dylib": "19DCF2A64A7B5D1B8C7705AC809653A5",
  "runtimes\\osx-arm64\\native\\libe_sqlite3.dylib": "FB6D0058E0E849FA8715911B49790350",
  "runtimes\\osx-x64\\native\\libe_sqlite3.dylib": "DE5735102E730C1518C029DB3A0040A9",
  "runtimes\\win-arm\\native\\e_sqlite3.dll": "9D102FD9534B40DF92572BF786382165",
  "runtimes\\win-arm64\\native\\e_sqlite3.dll": "5B90BB0A784148E1BB98ABFF2BE54556",
  "runtimes\\win-x64\\native\\e_sqlite3.dll": "D3A5065EE6A823805A7F34B5B7060596",
  "runtimes\\win-x64\\native\\minhook.x64d.dll": "4250FF0449977A9FA2F1E40DFCA7EB1C",
  "runtimes\\win-x86\\native\\e_sqlite3.dll": "F463F561530D42DE228F4ED25BD01951",
  "tr\\Microsoft.VisualStudio.Threading.resources.dll": "538FE3DA0C0527DC98456020A4351A85",
  "tr\\Microsoft.VisualStudio.Validation.resources.dll": "7C15CA39FCA7DF71D62C46E6F03389EF",
  "tr\\StreamJsonRpc.resources.dll": "E2AD6BCEBF0533F4D421EE83B42795C1",
  "zh-Hans\\Microsoft.VisualStudio.Threading.resources.dll": "4263966625E34972E95A9C1A2A0C61E8",
  "zh-Hans\\Microsoft.VisualStudio.Validation.resources.dll": "EB7953D05EF1CE51E790708D42EE5D18",
  "zh-Hans\\StreamJsonRpc.resources.dll": "FF596CD821202672B86089A5AB619C71",
  "zh-Hant\\Microsoft.VisualStudio.Threading.resources.dll": "4B693EDFE83A99478E1041AA17FFC35A",
  "zh-Hant\\Microsoft.VisualStudio.Validation.resources.dll": "8EF011A0285333D0EEFE22D5AA7A1702",
  "zh-Hant\\StreamJsonRpc.resources.dll": "BBF8E9013F9B1244348840EAA9CAF9B0",
  "BCnEncoder.dll": "2614CB843BB2750B9D818D48ABD2CE30",
  "BitFaster.Caching.dll": "719FC47F02A14776C8C0CF5D27CCE16E",
  "CheapLoc.dll": "3FAB6BC0B41729121A494DE07D1BC286",
  "cimgui.dll": "BAFE0E621555707AD0A363677D1D53D1",
  "cimguizmo.dll": "1EA90A7D2498ADC39B9A6BF286A2D881",
  "cimplot.dll": "EC1F7820F4FB46145A02D3D551742127",
  "commit_hash.txt": "6E01BA98A107B25FDABB6A1AF3CF0C73",
  "CommunityToolkit.HighPerformance.dll": "66B64EC334625F2C5D341A45E28EEB43",
  "Dalamud.Bindings.ImGui.dll": "BEA555C371321B3B1B215E0E96AA7E67",
  "Dalamud.Bindings.ImGuizmo.dll": "C8D49E36FA24489F8A47C8602EC91107",
  "Dalamud.Bindings.ImPlot.dll": "5ED53BB6D90A29B15E8185ACE56DBC2E",
  "Dalamud.Boot.dll": "14F8A4D4B50EFAF8772125E062D7D3B9",
  "Dalamud.Common.dll": "3CDCD389D54F0C6B458B3D50DED7A0E1",
  "Dalamud.deps.json": "9DD468F34254663D22C7E6FAE16EA59F",
  "Dalamud.dll": "8B6A42662AC8A504102ED625CCAA6E48",
  "Dalamud.Injector.deps.json": "DC7A37D1ECAADAF9946D1957958D13D8",
  "Dalamud.Injector.dll": "49FF0B357A8F2882FD25CBF01953CC2D",
  "Dalamud.Injector.exe": "D28323FD75D92998D09BECA75B6D9608",
  "Dalamud.Injector.runtimeconfig.json": "481C4D4F6151485203242D25F632FCC5",
  "Dalamud.Injector.xml": "573870DEB8A9854EC20203EDE9D78425",
  "Dalamud.runtimeconfig.json": "9DB7F0D7C94CA1AA6CA3ACFA6F93A1D8",
  "Dalamud.xml": "33647E0432C8D9789ABF91263380EB3F",
  "DalamudCrashHandler.exe": "128F76529394313A5A96A2994A819739",
  "FASM-LICENSE.TXT": "ECEA1D10811221D5F0A3E96F9C38E2C7",
  "FASM.DLL": "9631316DBC881005E52F4624DDE9F950",
  "FASMX64.DLL": "1101F398D3F55C608CD85489AAEA05E5",
  "FFXIVClientStructs.dll": "3043ED70CECC511F0419138201C8D2DF",
  "FFXIVClientStructs.xml": "AF27831EE858B63D292F2CDD8B6F245E",
  "goatcorp.Reloaded.Assembler.dll": "0B081353DF7B202064C1B1CA073D8F4F",
  "goatcorp.Reloaded.Assembler.targets": "CC22CB0A353E2136EE9E6E96DB9F7164",
  "goatcorp.Reloaded.Hooks.dll": "42AE1E5BC34BF80735DBDDD6BFBB5159",
  "goatcorp.Reloaded.Memory.Buffers.dll": "1D748B2DCF5070CFCA980B378AFC1471",
  "HexaGen.Runtime.dll": "3BFB18B183FF72FFE10727DC64F3344B",
  "Iced.dll": "D60369908B8F0C5860811C145A5027DB",
  "ImGuiScene.dll": "575C2933A1E6566C364072C7AB62E691",
  "InteropGenerator.Runtime.dll": "3AFBEB5DBFEF82EF49596670B500EAA1",
  "JetBrains.Annotations.dll": "D334483DFBCF8BE6062277E1FB3B94F3",
  "licenses.txt": "A159BE62AA91178EFC3E3983AE874D1D",
  "Lumina.dll": "C59D88C6194DAFFAA2BF609466E79B39",
  "Lumina.Excel.dll": "12BA35C980F046C8E4DCFFB1CC9D36C3",
  "Lumina.Excel.xml": "3D3B7AD224A8A04B92B2B311FB8DA535",
  "MessagePack.Annotations.dll": "FBCEC4FEF8D33AFB66972FA61A6D1B15",
  "MessagePack.dll": "F58FCA08E8FE7A221FA6C17148A82F51",
  "Microsoft.Extensions.ObjectPool.dll": "CB2B8426DF93B062B631BC85B3369BED",
  "Microsoft.NET.StringTools.dll": "88B3B9B25E54FF438D2F4F1609B726A4",
  "Microsoft.VisualStudio.Threading.dll": "EF2AC53B930F5ED16DA3B4CFB1033813",
  "Microsoft.VisualStudio.Validation.dll": "0B1D5949C6944383B1EE896C5E13D08B",
  "MinSharp.dll": "1B244ECDC764069EE702DDDA9F0AFD0C",
  "Mono.Cecil.dll": "B3719E1DAE88806EA5AB695C41BA03A5",
  "Mono.Cecil.Mdb.dll": "67B5C7847193204C6603540AAF29D526",
  "Mono.Cecil.Pdb.dll": "4EF9E86ADC91A2C7FBE7AF33C18CC72F",
  "Mono.Cecil.Rocks.dll": "20173CA914C2E93A48C5725000619996",
  "Nerdbank.Streams.dll": "539451E456062345AF25E7E17335299B",
  "nethost.dll": "21F39F71E2F4B5BA9FB3F126872F2F9B",
  "Newtonsoft.Json.dll": "C252FE44B67A08E6DAB4EADE3764DB49",
  "PeNet.Asn1.dll": "E19AE77F60F92B5E6C1F1E2D159EA6EF",
  "PeNet.dll": "6285E7848DD992AFA0AD1D632DD0FD63",
  "Reloaded.Hooks.Definitions.dll": "0232F3E3B700AAD6CA7FD3968B4D05CF",
  "Reloaded.Memory.Buffers.dll": "1887524675FCF4549AFB4DAEDC7020F0",
  "Reloaded.Memory.dll": "096EC44890BEAAED8B9A7A416ABC1F1E",
  "revision.txt": "6467C327EAF8940B4DD07A08C63C5E85",
  "Serilog.dll": "213A9056B7633879BC0D3EB91930A225",
  "Serilog.Sinks.Async.dll": "C16DC8A9B5F2AC6684516955A78EC4C6",
  "Serilog.Sinks.Console.dll": "BA2B0A1ED893ED02C136965AB8CC98F9",
  "Serilog.Sinks.File.dll": "87818466DAB50957331761E58311AA4B",
  "SQLite-net.dll": "3C5DE6F0446A9ECBB8364E8E63A3BAAD",
  "SQLitePCLRaw.batteries_v2.dll": "D3DC39DA907434CF2B543C5A57F2AA58",
  "SQLitePCLRaw.core.dll": "F9474CD04E235B67728AE0384408F86B",
  "SQLitePCLRaw.provider.e_sqlite3.dll": "C44D8A4A2A9255D2FC651B8DC9F8C038",
  "StreamJsonRpc.dll": "6157633EE85D57CFF6772C1526F2D352",
  "System.Reactive.dll": "C6016588304D55406E3D1C2FA7D42903",
  "System.Reflection.MetadataLoadContext.dll": "284C720DEE2524BCF10DD1B5648AA303",
  "System.Security.Cryptography.Pkcs.dll": "17945B2BF07D9377E36AD3EBE69FF693",
  "TEMP_gitver.txt": "A61D1868A0B9D49405615AC72D0811D7",
  "TerraFX.Interop.Windows.dll": "C75D06E77DE5A095D45676A81CDE0DC9"
}
