{
  "cs\\Microsoft.VisualStudio.Threading.resources.dll": "59CC07A0788ED5D2D7B1EC4C24692B5E",
  "cs\\Microsoft.VisualStudio.Validation.resources.dll": "6D64EB21E28D7DA0951CCB11D5A111DB",
  "cs\\StreamJsonRpc.resources.dll": "187B9DF9156C8ECA5FFC2D8DFC0D0AEB",
  "de\\Microsoft.VisualStudio.Threading.resources.dll": "E8F71F6E86250EE8F040884F21901A84",
  "de\\Microsoft.VisualStudio.Validation.resources.dll": "6BDBEB8494C6DF5EE482065A9D7F0B1E",
  "de\\StreamJsonRpc.resources.dll": "18A2EE45995D18CB97504B89E1D8EA84",
  "es\\Microsoft.VisualStudio.Threading.resources.dll": "C91684BC69AC34D7C4761C769C4613CE",
  "es\\Microsoft.VisualStudio.Validation.resources.dll": "0F92DD2019CF7222118E8B5D9409A328",
  "es\\StreamJsonRpc.resources.dll": "1426AE60A50C341884A93E75FDCB8F15",
  "fr\\Microsoft.VisualStudio.Threading.resources.dll": "8DF66006C30B545517609BC994A333BF",
  "fr\\Microsoft.VisualStudio.Validation.resources.dll": "1299DF7F85B8ABCC8205E7F968E64DE5",
  "fr\\StreamJsonRpc.resources.dll": "E0EF73E9AC6F5AC89FEFA3E4442FA526",
  "it\\Microsoft.VisualStudio.Threading.resources.dll": "ACB2901AD3BA29250398D7F7C7F06472",
  "it\\Microsoft.VisualStudio.Validation.resources.dll": "E96AFCAC956DE57A60CF403431A06B9F",
  "it\\StreamJsonRpc.resources.dll": "AF93C232BE3DE144BDBA9D47B0CF1FBA",
  "ja\\Microsoft.VisualStudio.Threading.resources.dll": "57953EF05139ABD830A160D29D477AE7",
  "ja\\Microsoft.VisualStudio.Validation.resources.dll": "37C3387A524C942BC21029A532E0FA88",
  "ja\\StreamJsonRpc.resources.dll": "71C0BF4563B000F7F6FD977A56646389",
  "ko\\Microsoft.VisualStudio.Threading.resources.dll": "4E69F9315A2BE37081E916836BD2865B",
  "ko\\Microsoft.VisualStudio.Validation.resources.dll": "F7519010D92C7E3BF6DD25032575FD3D",
  "ko\\StreamJsonRpc.resources.dll": "0462338CED7D90B6A89AA6C5C0B553ED",
  "pl\\Microsoft.VisualStudio.Threading.resources.dll": "E957E9AD4D62A6EDE5DEDB85DCB66BE0",
  "pl\\Microsoft.VisualStudio.Validation.resources.dll": "157FEA4FF784A1A3C450AAEAFC808171",
  "pl\\StreamJsonRpc.resources.dll": "A386D42B9AC0F3349E75FA0711BF6125",
  "pt-BR\\Microsoft.VisualStudio.Threading.resources.dll": "D0E584DCA9CFC97B49480B5326D1BE85",
  "pt-BR\\Microsoft.VisualStudio.Validation.resources.dll": "F1D96FD5909173972C661A1D8FE629DB",
  "pt-BR\\StreamJsonRpc.resources.dll": "7FF82CEBA9C3AFD947DC59A5FE132C78",
  "ru\\Microsoft.VisualStudio.Threading.resources.dll": "53F0D3DFF78ACA534A9F06C3E435BCDE",
  "ru\\Microsoft.VisualStudio.Validation.resources.dll": "DA5D932621691D0A43F9C41589BEA612",
  "ru\\StreamJsonRpc.resources.dll": "2BE00971D9A6088B5EC340B210503234",
  "runtimes\\alpine-x64\\native\\libe_sqlite3.so": "39C244FEDBCD3DFC37041D4FCE1AE21D",
  "runtimes\\linux-arm\\native\\libe_sqlite3.so": "96CF54BC0EFB83D6E3F5F3E04997A59D",
  "runtimes\\linux-arm64\\native\\libe_sqlite3.so": "F079E55E7F3F9966A4A2052A3234E068",
  "runtimes\\linux-armel\\native\\libe_sqlite3.so": "C5A67D49434FC65D64E9C15778078C76",
  "runtimes\\linux-mips64\\native\\libe_sqlite3.so": "5F8461214089CFC677D46C19B7162161",
  "runtimes\\linux-musl-x64\\native\\libe_sqlite3.so": "39C244FEDBCD3DFC37041D4FCE1AE21D",
  "runtimes\\linux-x64\\native\\libe_sqlite3.so": "6F49C540D3AB9964D67A4A704C3D262D",
  "runtimes\\linux-x86\\native\\libe_sqlite3.so": "5E0659B414CBD6DDC38C65582485853E",
  "runtimes\\osx-x64\\native\\libe_sqlite3.dylib": "F82AE134FCD1C080A69D775591406673",
  "runtimes\\win-arm\\native\\e_sqlite3.dll": "6EAB60F6AD682C8A63EC7722FFEF97D6",
  "runtimes\\win-arm64\\native\\e_sqlite3.dll": "6B95818883F620D27B1EB88223836DD3",
  "runtimes\\win-x64\\native\\e_sqlite3.dll": "A3CFCD8B6A457DF7B85C4C752A17CBF3",
  "runtimes\\win-x64\\native\\minhook.x64d.dll": "9597A8CEB574C19A8305D9975073A7A6",
  "runtimes\\win-x86\\native\\e_sqlite3.dll": "BE8AA1E36A42E5F1067286FDA9DBB559",
  "targets\\Dalamud.Plugin.Bootstrap.targets": "C85635161398CD9852CF7212DB7EB904",
  "targets\\Dalamud.Plugin.targets": "394EE2BEC70254F76ABBE2C33F62BBFA",
  "tr\\Microsoft.VisualStudio.Threading.resources.dll": "538FE3DA0C0527DC98456020A4351A85",
  "tr\\Microsoft.VisualStudio.Validation.resources.dll": "7C15CA39FCA7DF71D62C46E6F03389EF",
  "tr\\StreamJsonRpc.resources.dll": "E2AD6BCEBF0533F4D421EE83B42795C1",
  "zh-Hans\\Microsoft.VisualStudio.Threading.resources.dll": "4263966625E34972E95A9C1A2A0C61E8",
  "zh-Hans\\Microsoft.VisualStudio.Validation.resources.dll": "EB7953D05EF1CE51E790708D42EE5D18",
  "zh-Hans\\StreamJsonRpc.resources.dll": "FF596CD821202672B86089A5AB619C71",
  "zh-Hant\\Microsoft.VisualStudio.Threading.resources.dll": "4B693EDFE83A99478E1041AA17FFC35A",
  "zh-Hant\\Microsoft.VisualStudio.Validation.resources.dll": "8EF011A0285333D0EEFE22D5AA7A1702",
  "zh-Hant\\StreamJsonRpc.resources.dll": "BBF8E9013F9B1244348840EAA9CAF9B0",
  "BCnEncoder.dll": "09A12EFEFFC567EDA3F4AFF6C849A57B",
  "BitFaster.Caching.dll": "81AA06496E27ADB7AC516D434D483C66",
  "CheapLoc.dll": "E06C5CBAF93A4EB279735B2E1AE556AA",
  "cimgui.dll": "3CB94F3924BD1AD392611B5DB5282C6A",
  "cimguizmo.dll": "2F966742BED21C9BC30A807087F52DFA",
  "cimplot.dll": "6E10046BF34F99997F60C515C39B0B1C",
  "commit_hash.txt": "8157508985B7276116A21CDAD4F88DB9",
  "CommunityToolkit.HighPerformance.dll": "66B64EC334625F2C5D341A45E28EEB43",
  "Dalamud.Bindings.ImGui.dll": "8BB15EF75184EB17044BB84F54EA80FA",
  "Dalamud.Bindings.ImGuizmo.dll": "33523A347F19180B838FD5BE1E02927C",
  "Dalamud.Bindings.ImPlot.dll": "F77AAC07996A0F1E9BDEC3753D94DF1C",
  "Dalamud.Boot.dll": "5CEF2436F7A2CB01E3F403D194B77B68",
  "Dalamud.Common.dll": "F6A2A76B4EEAA7BF93492AEB97303750",
  "Dalamud.deps.json": "1CBC28407DEFCB543E717ECAC92494C8",
  "Dalamud.dll": "DE4123693368D4A630C0D71999209167",
  "Dalamud.Injector.deps.json": "172E729569F73D338FB44810869B424F",
  "Dalamud.Injector.dll": "DE5B063B4642D3F701881B8424F66F43",
  "Dalamud.Injector.exe": "2DC0A8A3C88C7B6EECF769AAA4CF7F03",
  "Dalamud.Injector.runtimeconfig.json": "481C4D4F6151485203242D25F632FCC5",
  "Dalamud.Injector.xml": "CBC84759DB84E5C8A9269116B45E7C9D",
  "Dalamud.runtimeconfig.json": "9DB7F0D7C94CA1AA6CA3ACFA6F93A1D8",
  "Dalamud.xml": "1B71BE603E31F8E481898E13A27858C9",
  "DalamudCrashHandler.exe": "CAE075ECFC06CCE1111D69192AFC8F69",
  "FASM-LICENSE.TXT": "ECEA1D10811221D5F0A3E96F9C38E2C7",
  "FASM.DLL": "231AAB19B60463478638C65B7264A83E",
  "FASMX64.DLL": "E3D014471CBA223CBDB81288C65CF66D",
  "FFXIVClientStructs.dll": "6C12500E63472F434C6EACA484DFBEC9",
  "FFXIVClientStructs.xml": "AF27831EE858B63D292F2CDD8B6F245E",
  "goatcorp.Reloaded.Assembler.dll": "B3D8FF019E9F3B7B61C1D8FD6744D949",
  "goatcorp.Reloaded.Assembler.targets": "CC22CB0A353E2136EE9E6E96DB9F7164",
  "goatcorp.Reloaded.Hooks.dll": "B90ECFC95517D6B694E3CC120BF25845",
  "goatcorp.Reloaded.Memory.Buffers.dll": "E2B4F60B3E4D54532009409F7CCEA9AB",
  "HexaGen.Runtime.dll": "F9A538D81722824E7B26DB9B877FB11B",
  "Iced.dll": "CED9FD787F42E2C14D4643DF8892791F",
  "ImGuiScene.dll": "6F4B4CCCCECAAAF1E6C7828FF1F2FA89",
  "InteropGenerator.Runtime.dll": "2874E55DE529B94A9EA002EABBBE8554",
  "JetBrains.Annotations.dll": "B1822E40F2CE909369596E0F60E4BDF7",
  "licenses.txt": "A159BE62AA91178EFC3E3983AE874D1D",
  "Lumina.dll": "D1FA3A15C464C1DD8ED7FD6B6DCFE644",
  "Lumina.Excel.dll": "627A04DF83574884FDE8E6933119312B",
  "Lumina.Excel.xml": "3D3B7AD224A8A04B92B2B311FB8DA535",
  "MessagePack.Annotations.dll": "F01880297F6485AF1741B42FFB29EBD6",
  "MessagePack.dll": "A143A58360F37BB961C5D4FE602A958A",
  "Microsoft.Extensions.ObjectPool.dll": "CB2B8426DF93B062B631BC85B3369BED",
  "Microsoft.NET.StringTools.dll": "88B3B9B25E54FF438D2F4F1609B726A4",
  "Microsoft.VisualStudio.Threading.dll": "EF2AC53B930F5ED16DA3B4CFB1033813",
  "Microsoft.VisualStudio.Validation.dll": "0B1D5949C6944383B1EE896C5E13D08B",
  "MinSharp.dll": "FF66AE1EB4A08FA9F231552AFED62CF9",
  "Mono.Cecil.dll": "BB1AF719197FBAF9B26CF8C37BD6EB2F",
  "Mono.Cecil.Mdb.dll": "1AB4E310E9CD0BFAD96E0F6D82FCEB68",
  "Mono.Cecil.Pdb.dll": "D48EBEF04C2B8407258AF88260C8B836",
  "Mono.Cecil.Rocks.dll": "262F5A5769BBB018CC1A15C2DC78DCB9",
  "Nerdbank.Streams.dll": "539451E456062345AF25E7E17335299B",
  "nethost.dll": "21F39F71E2F4B5BA9FB3F126872F2F9B",
  "Newtonsoft.Json.dll": "ADF3E3EECDE20B7C9661E9C47106A14A",
  "PeNet.Asn1.dll": "CA1F15300D2C1C0B401294595394288B",
  "PeNet.dll": "A43321DABA98B0C1A29D90C94E09A4DC",
  "Reloaded.Hooks.Definitions.dll": "56D1B81E3A958045184F49DF0A4F61A1",
  "Reloaded.Memory.Buffers.dll": "8A62EEBB8366C63CE10DDA34EB4C649C",
  "Reloaded.Memory.dll": "84F2D8D7112D9646575A126F942C7D82",
  "revision.txt": "E6A4F65E7355BB8B7671C3A18003B146",
  "Serilog.dll": "ED2CCAF3750B727640C43C334B6EF624",
  "Serilog.Sinks.Async.dll": "64FA3CB4488C60A4E986251C582AC362",
  "Serilog.Sinks.Console.dll": "B07F92DF9124D12459935A3D8F06D622",
  "Serilog.Sinks.File.dll": "3CC25DB6BE921737D0172480FB18C3AE",
  "SQLite-net.dll": "D18740C617EADB036FE29FB460EDF0E6",
  "SQLitePCLRaw.batteries_v2.dll": "DF0685E6421E02A4AEDAB4A846C69BEB",
  "SQLitePCLRaw.core.dll": "9DF846EF2258866E8D3304C9E39C5D34",
  "SQLitePCLRaw.nativelibrary.dll": "7C3A12AAB296003CED5BA2056932C142",
  "SQLitePCLRaw.provider.dynamic_cdecl.dll": "A570635511179B86ED03B2167DBE0B36",
  "StreamJsonRpc.dll": "6157633EE85D57CFF6772C1526F2D352",
  "System.Reactive.dll": "EF5A00287AD15393D41B12AA4B726FF7",
  "System.Reflection.MetadataLoadContext.dll": "284C720DEE2524BCF10DD1B5648AA303",
  "System.Security.Cryptography.Pkcs.dll": "8950E01996A37E808BE3F39063C37BF9",
  "TEMP_gitver.txt": "9F4DE2DD43F53A9B084F201F1CCA2533",
  "TerraFX.Interop.Windows.dll": "C75D06E77DE5A095D45676A81CDE0DC9"
}
