{
  "cs\\Microsoft.VisualStudio.Threading.resources.dll": "59CC07A0788ED5D2D7B1EC4C24692B5E",
  "cs\\Microsoft.VisualStudio.Validation.resources.dll": "6D64EB21E28D7DA0951CCB11D5A111DB",
  "cs\\StreamJsonRpc.resources.dll": "187B9DF9156C8ECA5FFC2D8DFC0D0AEB",
  "de\\Microsoft.VisualStudio.Threading.resources.dll": "E8F71F6E86250EE8F040884F21901A84",
  "de\\Microsoft.VisualStudio.Validation.resources.dll": "6BDBEB8494C6DF5EE482065A9D7F0B1E",
  "de\\StreamJsonRpc.resources.dll": "18A2EE45995D18CB97504B89E1D8EA84",
  "es\\Microsoft.VisualStudio.Threading.resources.dll": "C91684BC69AC34D7C4761C769C4613CE",
  "es\\Microsoft.VisualStudio.Validation.resources.dll": "0F92DD2019CF7222118E8B5D9409A328",
  "es\\StreamJsonRpc.resources.dll": "1426AE60A50C341884A93E75FDCB8F15",
  "fr\\Microsoft.VisualStudio.Threading.resources.dll": "8DF66006C30B545517609BC994A333BF",
  "fr\\Microsoft.VisualStudio.Validation.resources.dll": "1299DF7F85B8ABCC8205E7F968E64DE5",
  "fr\\StreamJsonRpc.resources.dll": "E0EF73E9AC6F5AC89FEFA3E4442FA526",
  "it\\Microsoft.VisualStudio.Threading.resources.dll": "ACB2901AD3BA29250398D7F7C7F06472",
  "it\\Microsoft.VisualStudio.Validation.resources.dll": "E96AFCAC956DE57A60CF403431A06B9F",
  "it\\StreamJsonRpc.resources.dll": "AF93C232BE3DE144BDBA9D47B0CF1FBA",
  "ja\\Microsoft.VisualStudio.Threading.resources.dll": "57953EF05139ABD830A160D29D477AE7",
  "ja\\Microsoft.VisualStudio.Validation.resources.dll": "37C3387A524C942BC21029A532E0FA88",
  "ja\\StreamJsonRpc.resources.dll": "71C0BF4563B000F7F6FD977A56646389",
  "ko\\Microsoft.VisualStudio.Threading.resources.dll": "4E69F9315A2BE37081E916836BD2865B",
  "ko\\Microsoft.VisualStudio.Validation.resources.dll": "F7519010D92C7E3BF6DD25032575FD3D",
  "ko\\StreamJsonRpc.resources.dll": "0462338CED7D90B6A89AA6C5C0B553ED",
  "pl\\Microsoft.VisualStudio.Threading.resources.dll": "E957E9AD4D62A6EDE5DEDB85DCB66BE0",
  "pl\\Microsoft.VisualStudio.Validation.resources.dll": "157FEA4FF784A1A3C450AAEAFC808171",
  "pl\\StreamJsonRpc.resources.dll": "A386D42B9AC0F3349E75FA0711BF6125",
  "pt-BR\\Microsoft.VisualStudio.Threading.resources.dll": "D0E584DCA9CFC97B49480B5326D1BE85",
  "pt-BR\\Microsoft.VisualStudio.Validation.resources.dll": "F1D96FD5909173972C661A1D8FE629DB",
  "pt-BR\\StreamJsonRpc.resources.dll": "7FF82CEBA9C3AFD947DC59A5FE132C78",
  "ru\\Microsoft.VisualStudio.Threading.resources.dll": "53F0D3DFF78ACA534A9F06C3E435BCDE",
  "ru\\Microsoft.VisualStudio.Validation.resources.dll": "DA5D932621691D0A43F9C41589BEA612",
  "ru\\StreamJsonRpc.resources.dll": "2BE00971D9A6088B5EC340B210503234",
  "runtimes\\alpine-x64\\native\\libe_sqlite3.so": "39C244FEDBCD3DFC37041D4FCE1AE21D",
  "runtimes\\linux-arm\\native\\libe_sqlite3.so": "96CF54BC0EFB83D6E3F5F3E04997A59D",
  "runtimes\\linux-arm64\\native\\libe_sqlite3.so": "F079E55E7F3F9966A4A2052A3234E068",
  "runtimes\\linux-armel\\native\\libe_sqlite3.so": "C5A67D49434FC65D64E9C15778078C76",
  "runtimes\\linux-mips64\\native\\libe_sqlite3.so": "5F8461214089CFC677D46C19B7162161",
  "runtimes\\linux-musl-x64\\native\\libe_sqlite3.so": "39C244FEDBCD3DFC37041D4FCE1AE21D",
  "runtimes\\linux-x64\\native\\libe_sqlite3.so": "6F49C540D3AB9964D67A4A704C3D262D",
  "runtimes\\linux-x86\\native\\libe_sqlite3.so": "5E0659B414CBD6DDC38C65582485853E",
  "runtimes\\osx-x64\\native\\libe_sqlite3.dylib": "F82AE134FCD1C080A69D775591406673",
  "runtimes\\win-arm\\native\\e_sqlite3.dll": "787A4125D233CB592FEB2FB61F4709D8",
  "runtimes\\win-arm64\\native\\e_sqlite3.dll": "DD1F18FCBA61E30CDF8621A908EAF4D4",
  "runtimes\\win-x64\\native\\e_sqlite3.dll": "CC55747F39F0134A182C1AFD272AEBB5",
  "runtimes\\win-x64\\native\\minhook.x64d.dll": "9138A18D7549D679FECED6B3C2891B27",
  "runtimes\\win-x86\\native\\e_sqlite3.dll": "6A6A35AAD45E2EC10328D85789AAE78F",
  "targets\\Dalamud.Plugin.Bootstrap.targets": "C85635161398CD9852CF7212DB7EB904",
  "targets\\Dalamud.Plugin.targets": "394EE2BEC70254F76ABBE2C33F62BBFA",
  "tr\\Microsoft.VisualStudio.Threading.resources.dll": "538FE3DA0C0527DC98456020A4351A85",
  "tr\\Microsoft.VisualStudio.Validation.resources.dll": "7C15CA39FCA7DF71D62C46E6F03389EF",
  "tr\\StreamJsonRpc.resources.dll": "E2AD6BCEBF0533F4D421EE83B42795C1",
  "zh-Hans\\Microsoft.VisualStudio.Threading.resources.dll": "4263966625E34972E95A9C1A2A0C61E8",
  "zh-Hans\\Microsoft.VisualStudio.Validation.resources.dll": "EB7953D05EF1CE51E790708D42EE5D18",
  "zh-Hans\\StreamJsonRpc.resources.dll": "FF596CD821202672B86089A5AB619C71",
  "zh-Hant\\Microsoft.VisualStudio.Threading.resources.dll": "4B693EDFE83A99478E1041AA17FFC35A",
  "zh-Hant\\Microsoft.VisualStudio.Validation.resources.dll": "8EF011A0285333D0EEFE22D5AA7A1702",
  "zh-Hant\\StreamJsonRpc.resources.dll": "BBF8E9013F9B1244348840EAA9CAF9B0",
  "BCnEncoder.dll": "17C2D375DF3BF0519B39DFDB50FA75BC",
  "BitFaster.Caching.dll": "6B4D102A18A57DAAB284552EA463A6D4",
  "CheapLoc.dll": "723D426E88C700BC3455C0C528DAF626",
  "cimgui.dll": "21BDF014235C7FDD40AA946B1CB68141",
  "cimguizmo.dll": "EDAEF38D7D79492B08B51A2E5622EF1C",
  "cimplot.dll": "5CE503924E3CA8D07E48295E7C7ED07D",
  "commit_hash.txt": "7443949F00E696D3FA2CB9E0F96C0B5C",
  "CommunityToolkit.HighPerformance.dll": "66B64EC334625F2C5D341A45E28EEB43",
  "Dalamud.Bindings.ImGui.dll": "B7B37C87B617A73B4861A5DDF09E49FD",
  "Dalamud.Bindings.ImGuizmo.dll": "46C1DA2785D633593B79660A935E67A9",
  "Dalamud.Bindings.ImPlot.dll": "835D82A5A49CC2FDE844AB3C7FBB9C89",
  "Dalamud.Boot.dll": "679B4A8D6116BFF6B2D77FDCF4F8C311",
  "Dalamud.Common.dll": "4256903BC221C1CC3FF0FE3099DD9207",
  "Dalamud.deps.json": "1CBC28407DEFCB543E717ECAC92494C8",
  "Dalamud.dll": "31263E98A6095FAE7B0283EC0632A813",
  "Dalamud.Injector.deps.json": "172E729569F73D338FB44810869B424F",
  "Dalamud.Injector.dll": "26E4301951B3BC42A93B22E57A8B8B08",
  "Dalamud.Injector.exe": "13FBCD9CA92924733E19064B2F099045",
  "Dalamud.Injector.runtimeconfig.json": "481C4D4F6151485203242D25F632FCC5",
  "Dalamud.Injector.xml": "573870DEB8A9854EC20203EDE9D78425",
  "Dalamud.runtimeconfig.json": "9DB7F0D7C94CA1AA6CA3ACFA6F93A1D8",
  "Dalamud.xml": "549DBCA4368E216F7AA3C205A0D7E032",
  "DalamudCrashHandler.exe": "8F867258D0BEBC225F7008D849E8B219",
  "FASM-LICENSE.TXT": "ECEA1D10811221D5F0A3E96F9C38E2C7",
  "FASM.DLL": "74479DD94690A0B1EBF8620D9DBF727D",
  "FASMX64.DLL": "05C94660717FA5E3F61711308DAF2229",
  "FFXIVClientStructs.dll": "2F86F1B083E0B1C09C8449EB947D3F3F",
  "FFXIVClientStructs.xml": "AF27831EE858B63D292F2CDD8B6F245E",
  "goatcorp.Reloaded.Assembler.dll": "7D801EBBE86E017681FC708133AF0D30",
  "goatcorp.Reloaded.Assembler.targets": "CC22CB0A353E2136EE9E6E96DB9F7164",
  "goatcorp.Reloaded.Hooks.dll": "CB77433A20340E2194E9451D90F037AC",
  "goatcorp.Reloaded.Memory.Buffers.dll": "B0FF81F3978F2DDA6E7E8E9184A11AE0",
  "HexaGen.Runtime.dll": "A8A449490991E89A123176103CC41487",
  "Iced.dll": "9730B8D70779C29F9BF9440DDB057140",
  "ImGuiScene.dll": "0E6BB951E08ACFA730B2683555C30CCC",
  "InteropGenerator.Runtime.dll": "3EDA5535BAF9EA5116B961A5519D9505",
  "JetBrains.Annotations.dll": "71868349C82DFD64CD7E6776107BA4EA",
  "licenses.txt": "A159BE62AA91178EFC3E3983AE874D1D",
  "Lumina.dll": "CDCF83020409EDC1CA46163F90B76FD6",
  "Lumina.Excel.dll": "A7C4DFCE0A72C61A13A67966B8F2E8AD",
  "Lumina.Excel.xml": "3D3B7AD224A8A04B92B2B311FB8DA535",
  "MessagePack.Annotations.dll": "484CEE9F5F06F494F9031A9E5B3DD3F7",
  "MessagePack.dll": "1E003E51A22A202AA3314B8F55DAAE97",
  "Microsoft.Extensions.ObjectPool.dll": "CB2B8426DF93B062B631BC85B3369BED",
  "Microsoft.NET.StringTools.dll": "88B3B9B25E54FF438D2F4F1609B726A4",
  "Microsoft.VisualStudio.Threading.dll": "EF2AC53B930F5ED16DA3B4CFB1033813",
  "Microsoft.VisualStudio.Validation.dll": "0B1D5949C6944383B1EE896C5E13D08B",
  "MinSharp.dll": "8C44A658A02BAA1B986363749BD5B275",
  "Mono.Cecil.dll": "C0582B35E5A24A43B161EFF323E6FA72",
  "Mono.Cecil.Mdb.dll": "DFEED7A27ACE01CFD4A4B169CEFB635A",
  "Mono.Cecil.Pdb.dll": "6272CC804AB7D879E0995698EF95BC77",
  "Mono.Cecil.Rocks.dll": "B58D088669EE5AFEBDFD0CB5FCE4B357",
  "Nerdbank.Streams.dll": "539451E456062345AF25E7E17335299B",
  "nethost.dll": "21F39F71E2F4B5BA9FB3F126872F2F9B",
  "Newtonsoft.Json.dll": "ADF3E3EECDE20B7C9661E9C47106A14A",
  "PeNet.Asn1.dll": "336C4C370FC51C826EF479F9ABF95099",
  "PeNet.dll": "1EB8492B927C6BC37E8DE7AB51658687",
  "Reloaded.Hooks.Definitions.dll": "CFB6383836835FD7B9E222E5D01EBA19",
  "Reloaded.Memory.Buffers.dll": "E49A4AA24985824C576E0728C3067CA2",
  "Reloaded.Memory.dll": "9221F15ED8D425E83C2A9AC496692A03",
  "revision.txt": "193510E35BF81956996AA49093954075",
  "Serilog.dll": "A75E1163ECBBFBC812065427AF8915AA",
  "Serilog.Sinks.Async.dll": "F6FEC3658C040E27687DEB35D0F84B95",
  "Serilog.Sinks.Console.dll": "4C48C1C97ED66E69311D8C51E6786925",
  "Serilog.Sinks.File.dll": "0F22DA1DB518A22B44FA30799ABA8BED",
  "SQLite-net.dll": "D079E5D0C4A337A1ED2C4A3F23D59321",
  "SQLitePCLRaw.batteries_v2.dll": "CD44AA0DEFA0F9C5DA8FABF4DC76B408",
  "SQLitePCLRaw.core.dll": "ECD206B785370A13B552E7E9A9E1A9F0",
  "SQLitePCLRaw.nativelibrary.dll": "AE8B0201AF187E9AB2D6A35B909C8247",
  "SQLitePCLRaw.provider.dynamic_cdecl.dll": "EF5ED963D9EA20CF4D5642272CC24511",
  "StreamJsonRpc.dll": "6157633EE85D57CFF6772C1526F2D352",
  "System.Reactive.dll": "EF5A00287AD15393D41B12AA4B726FF7",
  "System.Reflection.MetadataLoadContext.dll": "284C720DEE2524BCF10DD1B5648AA303",
  "System.Security.Cryptography.Pkcs.dll": "8950E01996A37E808BE3F39063C37BF9",
  "TEMP_gitver.txt": "AF7D8DBA7610DDF9C957712E548C6EAB",
  "TerraFX.Interop.Windows.dll": "C75D06E77DE5A095D45676A81CDE0DC9"
}
