{
  "cs\\Microsoft.VisualStudio.Threading.resources.dll": "59CC07A0788ED5D2D7B1EC4C24692B5E",
  "cs\\Microsoft.VisualStudio.Validation.resources.dll": "6D64EB21E28D7DA0951CCB11D5A111DB",
  "cs\\StreamJsonRpc.resources.dll": "187B9DF9156C8ECA5FFC2D8DFC0D0AEB",
  "de\\Microsoft.VisualStudio.Threading.resources.dll": "E8F71F6E86250EE8F040884F21901A84",
  "de\\Microsoft.VisualStudio.Validation.resources.dll": "6BDBEB8494C6DF5EE482065A9D7F0B1E",
  "de\\StreamJsonRpc.resources.dll": "18A2EE45995D18CB97504B89E1D8EA84",
  "es\\Microsoft.VisualStudio.Threading.resources.dll": "C91684BC69AC34D7C4761C769C4613CE",
  "es\\Microsoft.VisualStudio.Validation.resources.dll": "0F92DD2019CF7222118E8B5D9409A328",
  "es\\StreamJsonRpc.resources.dll": "1426AE60A50C341884A93E75FDCB8F15",
  "fr\\Microsoft.VisualStudio.Threading.resources.dll": "8DF66006C30B545517609BC994A333BF",
  "fr\\Microsoft.VisualStudio.Validation.resources.dll": "1299DF7F85B8ABCC8205E7F968E64DE5",
  "fr\\StreamJsonRpc.resources.dll": "E0EF73E9AC6F5AC89FEFA3E4442FA526",
  "it\\Microsoft.VisualStudio.Threading.resources.dll": "ACB2901AD3BA29250398D7F7C7F06472",
  "it\\Microsoft.VisualStudio.Validation.resources.dll": "E96AFCAC956DE57A60CF403431A06B9F",
  "it\\StreamJsonRpc.resources.dll": "AF93C232BE3DE144BDBA9D47B0CF1FBA",
  "ja\\Microsoft.VisualStudio.Threading.resources.dll": "57953EF05139ABD830A160D29D477AE7",
  "ja\\Microsoft.VisualStudio.Validation.resources.dll": "37C3387A524C942BC21029A532E0FA88",
  "ja\\StreamJsonRpc.resources.dll": "71C0BF4563B000F7F6FD977A56646389",
  "ko\\Microsoft.VisualStudio.Threading.resources.dll": "4E69F9315A2BE37081E916836BD2865B",
  "ko\\Microsoft.VisualStudio.Validation.resources.dll": "F7519010D92C7E3BF6DD25032575FD3D",
  "ko\\StreamJsonRpc.resources.dll": "0462338CED7D90B6A89AA6C5C0B553ED",
  "pl\\Microsoft.VisualStudio.Threading.resources.dll": "E957E9AD4D62A6EDE5DEDB85DCB66BE0",
  "pl\\Microsoft.VisualStudio.Validation.resources.dll": "157FEA4FF784A1A3C450AAEAFC808171",
  "pl\\StreamJsonRpc.resources.dll": "A386D42B9AC0F3349E75FA0711BF6125",
  "pt-BR\\Microsoft.VisualStudio.Threading.resources.dll": "D0E584DCA9CFC97B49480B5326D1BE85",
  "pt-BR\\Microsoft.VisualStudio.Validation.resources.dll": "F1D96FD5909173972C661A1D8FE629DB",
  "pt-BR\\StreamJsonRpc.resources.dll": "7FF82CEBA9C3AFD947DC59A5FE132C78",
  "ru\\Microsoft.VisualStudio.Threading.resources.dll": "53F0D3DFF78ACA534A9F06C3E435BCDE",
  "ru\\Microsoft.VisualStudio.Validation.resources.dll": "DA5D932621691D0A43F9C41589BEA612",
  "ru\\StreamJsonRpc.resources.dll": "2BE00971D9A6088B5EC340B210503234",
  "runtimes\\alpine-arm\\native\\libe_sqlite3.so": "87AF85204A246154501382901F3F6812",
  "runtimes\\alpine-arm64\\native\\libe_sqlite3.so": "CD4B9AAB53400EFE96ABC32B339A866A",
  "runtimes\\alpine-x64\\native\\libe_sqlite3.so": "6C9D6E34F1E932668237404D6EB6FC66",
  "runtimes\\browser-wasm\\nativeassets\\net7.0\\e_sqlite3.a": "E25518AC5EAD5E787448F3258236888E",
  "runtimes\\linux-arm\\native\\libe_sqlite3.so": "B8DA0DB6A447B5CCE98207F6A250FB84",
  "runtimes\\linux-arm64\\native\\libe_sqlite3.so": "A888898B38395A15F2DE200BAA8B486F",
  "runtimes\\linux-armel\\native\\libe_sqlite3.so": "54F3F4183B81387F7928ED0BB9B67B32",
  "runtimes\\linux-mips64\\native\\libe_sqlite3.so": "D56886A2E2F081CDEA1621BB18132764",
  "runtimes\\linux-musl-arm\\native\\libe_sqlite3.so": "87AF85204A246154501382901F3F6812",
  "runtimes\\linux-musl-arm64\\native\\libe_sqlite3.so": "CD4B9AAB53400EFE96ABC32B339A866A",
  "runtimes\\linux-musl-x64\\native\\libe_sqlite3.so": "6C9D6E34F1E932668237404D6EB6FC66",
  "runtimes\\linux-s390x\\native\\libe_sqlite3.so": "CB751CC76F280849C0E2F718D6784E69",
  "runtimes\\linux-x64\\native\\libe_sqlite3.so": "30098E7FAEB947BF5A5AE2FDB34E4461",
  "runtimes\\linux-x86\\native\\libe_sqlite3.so": "68872BD5071077981504636C2353EAA8",
  "runtimes\\maccatalyst-arm64\\native\\libe_sqlite3.dylib": "B2597C8799A6D21E5B98DB28C9C725FD",
  "runtimes\\maccatalyst-x64\\native\\libe_sqlite3.dylib": "19DCF2A64A7B5D1B8C7705AC809653A5",
  "runtimes\\osx-arm64\\native\\libe_sqlite3.dylib": "FB6D0058E0E849FA8715911B49790350",
  "runtimes\\osx-x64\\native\\libe_sqlite3.dylib": "DE5735102E730C1518C029DB3A0040A9",
  "runtimes\\win-arm\\native\\e_sqlite3.dll": "62E778364F457435C5B4949C40499646",
  "runtimes\\win-arm64\\native\\e_sqlite3.dll": "60B3870F29E8C602FBA9410B58E18E5D",
  "runtimes\\win-x64\\native\\e_sqlite3.dll": "EC06B3210F232E970D27453767D10FDC",
  "runtimes\\win-x64\\native\\minhook.x64d.dll": "6EAAA0BCA30EE5F48A1761989123165D",
  "runtimes\\win-x86\\native\\e_sqlite3.dll": "2DDAC395C1222B00CDB8C36CE9546243",
  "tr\\Microsoft.VisualStudio.Threading.resources.dll": "538FE3DA0C0527DC98456020A4351A85",
  "tr\\Microsoft.VisualStudio.Validation.resources.dll": "7C15CA39FCA7DF71D62C46E6F03389EF",
  "tr\\StreamJsonRpc.resources.dll": "E2AD6BCEBF0533F4D421EE83B42795C1",
  "zh-Hans\\Microsoft.VisualStudio.Threading.resources.dll": "4263966625E34972E95A9C1A2A0C61E8",
  "zh-Hans\\Microsoft.VisualStudio.Validation.resources.dll": "EB7953D05EF1CE51E790708D42EE5D18",
  "zh-Hans\\StreamJsonRpc.resources.dll": "FF596CD821202672B86089A5AB619C71",
  "zh-Hant\\Microsoft.VisualStudio.Threading.resources.dll": "4B693EDFE83A99478E1041AA17FFC35A",
  "zh-Hant\\Microsoft.VisualStudio.Validation.resources.dll": "8EF011A0285333D0EEFE22D5AA7A1702",
  "zh-Hant\\StreamJsonRpc.resources.dll": "BBF8E9013F9B1244348840EAA9CAF9B0",
  "BCnEncoder.dll": "A3756D81A6E66D9C1207C3944F88593D",
  "BitFaster.Caching.dll": "FA005945E38BA16B12CA2FB2E17B8E50",
  "CheapLoc.dll": "1A98D8B4550B6D154E3575CE7B582D4F",
  "cimgui.dll": "0B902B074EF2C5E6869B01375F4E50AC",
  "cimguizmo.dll": "08C4F73F91C2A4A2A0C5574E6FB1F319",
  "cimplot.dll": "73DDDFC450E382100E1B560E657A3B62",
  "commit_hash.txt": "2109D35A7968D2E8FE2D52BD5A294F06",
  "CommunityToolkit.HighPerformance.dll": "66B64EC334625F2C5D341A45E28EEB43",
  "Dalamud.Bindings.ImGui.dll": "EA3C8EECC07496C7F51B0F26682B8013",
  "Dalamud.Bindings.ImGuizmo.dll": "DAC7114FF20F3101681F0D8351418301",
  "Dalamud.Bindings.ImPlot.dll": "7EBD041407EE567970CEB6021DFD7A50",
  "Dalamud.Boot.dll": "9A1514F66A555D779087C1560843F86D",
  "Dalamud.Common.dll": "1C342ACF240B63C42C3C448F8DDCB548",
  "Dalamud.deps.json": "1826495503CE6053299FC8B1632FF33C",
  "Dalamud.dll": "6410DFF4E7827065736536E475903568",
  "Dalamud.Injector.deps.json": "DC7A37D1ECAADAF9946D1957958D13D8",
  "Dalamud.Injector.dll": "44A3DC7CFAE7AA28F1F29E87D78764C7",
  "Dalamud.Injector.exe": "DD7CD869636A16BFB088A01FFE5B3522",
  "Dalamud.Injector.runtimeconfig.json": "481C4D4F6151485203242D25F632FCC5",
  "Dalamud.Injector.xml": "573870DEB8A9854EC20203EDE9D78425",
  "Dalamud.runtimeconfig.json": "9DB7F0D7C94CA1AA6CA3ACFA6F93A1D8",
  "Dalamud.xml": "2EB028FE4049BB8D58AA9AFEA847B54F",
  "DalamudCrashHandler.exe": "7862FE721C40107BADBEAAB95803C2DE",
  "FASM-LICENSE.TXT": "ECEA1D10811221D5F0A3E96F9C38E2C7",
  "FASM.DLL": "6060BB66BAC483D621AD47FD6FCD72D7",
  "FASMX64.DLL": "27ABF96C51B5DE8A1E0463E384422521",
  "FFXIVClientStructs.dll": "51DA1F1589F3E3438D89B0C644EF7679",
  "FFXIVClientStructs.xml": "AF27831EE858B63D292F2CDD8B6F245E",
  "goatcorp.Reloaded.Assembler.dll": "266C22DD973304226A756A5ACDDDBECB",
  "goatcorp.Reloaded.Assembler.targets": "CC22CB0A353E2136EE9E6E96DB9F7164",
  "goatcorp.Reloaded.Hooks.dll": "B45533C9C99E3E8E1F5A56FE2334A3F1",
  "goatcorp.Reloaded.Memory.Buffers.dll": "855D7522B587A3EE6C8502B5858EADA0",
  "HexaGen.Runtime.dll": "8125D79757B78A8780CFEE8ED419AC99",
  "Iced.dll": "9A5381BFCF111A5CA711AB65EECCEA45",
  "ImGuiScene.dll": "BAEB64453BF1D9567BBD46E99DA2A03C",
  "InteropGenerator.Runtime.dll": "B9513E80447D05E5231C4AC15ED5FABD",
  "JetBrains.Annotations.dll": "D334483DFBCF8BE6062277E1FB3B94F3",
  "licenses.txt": "A159BE62AA91178EFC3E3983AE874D1D",
  "Lumina.dll": "0CBC835FE3AB3E0917796AB87CDEA027",
  "Lumina.Excel.dll": "27A2166DDE6B23DEFAFC148C766C71D5",
  "Lumina.Excel.xml": "3D3B7AD224A8A04B92B2B311FB8DA535",
  "MessagePack.Annotations.dll": "2FFB212EB14EFA4259E9B1B360FAE23D",
  "MessagePack.dll": "56BDBC4CADF1DD4D6D66DD1456149184",
  "Microsoft.Extensions.ObjectPool.dll": "CB2B8426DF93B062B631BC85B3369BED",
  "Microsoft.NET.StringTools.dll": "88B3B9B25E54FF438D2F4F1609B726A4",
  "Microsoft.VisualStudio.Threading.dll": "EF2AC53B930F5ED16DA3B4CFB1033813",
  "Microsoft.VisualStudio.Validation.dll": "0B1D5949C6944383B1EE896C5E13D08B",
  "MinSharp.dll": "4FEF9B5654B2F9129A02FF599E64B6FF",
  "Mono.Cecil.dll": "B8D07BC64848E32B3A776A0901DC7C5D",
  "Mono.Cecil.Mdb.dll": "BA12E17A505EF6B1E07625A1965ABC7B",
  "Mono.Cecil.Pdb.dll": "2D3D57FAC97A7FCC3D0AFD84DD43E0A8",
  "Mono.Cecil.Rocks.dll": "6F098B71DE5D48DD5B899925705C3349",
  "Nerdbank.Streams.dll": "539451E456062345AF25E7E17335299B",
  "nethost.dll": "21F39F71E2F4B5BA9FB3F126872F2F9B",
  "Newtonsoft.Json.dll": "C252FE44B67A08E6DAB4EADE3764DB49",
  "PeNet.Asn1.dll": "0B28FA19FB13E2111FE46EE69B84D6B4",
  "PeNet.dll": "E96CEC0A6BA5A33CFA51FD0F89CC8284",
  "Reloaded.Hooks.Definitions.dll": "21615788C2777F1E2C97870507D4E4E3",
  "Reloaded.Memory.Buffers.dll": "D079EF0551C1034A9F41A430B691FB2A",
  "Reloaded.Memory.dll": "C0609669CC23714F0D3DE2396484D2D7",
  "revision.txt": "5D8C6EE0D8964E66A3225458F981522D",
  "Serilog.dll": "FEB23EEE46BA95A980AA329A890975EE",
  "Serilog.Sinks.Async.dll": "0EC6D37E77F9C929F7980F4E318734D7",
  "Serilog.Sinks.Console.dll": "D409B2D95A2F15E2463D727200892CA6",
  "Serilog.Sinks.File.dll": "089AB7DA13C0AC289ACAF5A8942EFC6F",
  "SQLite-net.dll": "7CF7D0653C21C69997870B30250CCBB2",
  "SQLitePCLRaw.batteries_v2.dll": "13FE47B0458206CEB6B6816360447482",
  "SQLitePCLRaw.core.dll": "4FAD1CFEBD9F6624511689EB6E34FB55",
  "SQLitePCLRaw.provider.e_sqlite3.dll": "ED8CBA5F93CAA26EE670A5E984013FC8",
  "StreamJsonRpc.dll": "6157633EE85D57CFF6772C1526F2D352",
  "System.Reactive.dll": "C6016588304D55406E3D1C2FA7D42903",
  "System.Reflection.MetadataLoadContext.dll": "284C720DEE2524BCF10DD1B5648AA303",
  "System.Security.Cryptography.Pkcs.dll": "17945B2BF07D9377E36AD3EBE69FF693",
  "TEMP_gitver.txt": "75EE70CF346367800EE7C41B6F614B2D",
  "TerraFX.Interop.Windows.dll": "C75D06E77DE5A095D45676A81CDE0DC9"
}
