{
  "cs\\Microsoft.VisualStudio.Threading.resources.dll": "59CC07A0788ED5D2D7B1EC4C24692B5E",
  "cs\\Microsoft.VisualStudio.Validation.resources.dll": "6D64EB21E28D7DA0951CCB11D5A111DB",
  "cs\\StreamJsonRpc.resources.dll": "187B9DF9156C8ECA5FFC2D8DFC0D0AEB",
  "de\\Microsoft.VisualStudio.Threading.resources.dll": "E8F71F6E86250EE8F040884F21901A84",
  "de\\Microsoft.VisualStudio.Validation.resources.dll": "6BDBEB8494C6DF5EE482065A9D7F0B1E",
  "de\\StreamJsonRpc.resources.dll": "18A2EE45995D18CB97504B89E1D8EA84",
  "es\\Microsoft.VisualStudio.Threading.resources.dll": "C91684BC69AC34D7C4761C769C4613CE",
  "es\\Microsoft.VisualStudio.Validation.resources.dll": "0F92DD2019CF7222118E8B5D9409A328",
  "es\\StreamJsonRpc.resources.dll": "1426AE60A50C341884A93E75FDCB8F15",
  "fr\\Microsoft.VisualStudio.Threading.resources.dll": "8DF66006C30B545517609BC994A333BF",
  "fr\\Microsoft.VisualStudio.Validation.resources.dll": "1299DF7F85B8ABCC8205E7F968E64DE5",
  "fr\\StreamJsonRpc.resources.dll": "E0EF73E9AC6F5AC89FEFA3E4442FA526",
  "it\\Microsoft.VisualStudio.Threading.resources.dll": "ACB2901AD3BA29250398D7F7C7F06472",
  "it\\Microsoft.VisualStudio.Validation.resources.dll": "E96AFCAC956DE57A60CF403431A06B9F",
  "it\\StreamJsonRpc.resources.dll": "AF93C232BE3DE144BDBA9D47B0CF1FBA",
  "ja\\Microsoft.VisualStudio.Threading.resources.dll": "57953EF05139ABD830A160D29D477AE7",
  "ja\\Microsoft.VisualStudio.Validation.resources.dll": "37C3387A524C942BC21029A532E0FA88",
  "ja\\StreamJsonRpc.resources.dll": "71C0BF4563B000F7F6FD977A56646389",
  "ko\\Microsoft.VisualStudio.Threading.resources.dll": "4E69F9315A2BE37081E916836BD2865B",
  "ko\\Microsoft.VisualStudio.Validation.resources.dll": "F7519010D92C7E3BF6DD25032575FD3D",
  "ko\\StreamJsonRpc.resources.dll": "0462338CED7D90B6A89AA6C5C0B553ED",
  "pl\\Microsoft.VisualStudio.Threading.resources.dll": "E957E9AD4D62A6EDE5DEDB85DCB66BE0",
  "pl\\Microsoft.VisualStudio.Validation.resources.dll": "157FEA4FF784A1A3C450AAEAFC808171",
  "pl\\StreamJsonRpc.resources.dll": "A386D42B9AC0F3349E75FA0711BF6125",
  "pt-BR\\Microsoft.VisualStudio.Threading.resources.dll": "D0E584DCA9CFC97B49480B5326D1BE85",
  "pt-BR\\Microsoft.VisualStudio.Validation.resources.dll": "F1D96FD5909173972C661A1D8FE629DB",
  "pt-BR\\StreamJsonRpc.resources.dll": "7FF82CEBA9C3AFD947DC59A5FE132C78",
  "ru\\Microsoft.VisualStudio.Threading.resources.dll": "53F0D3DFF78ACA534A9F06C3E435BCDE",
  "ru\\Microsoft.VisualStudio.Validation.resources.dll": "DA5D932621691D0A43F9C41589BEA612",
  "ru\\StreamJsonRpc.resources.dll": "2BE00971D9A6088B5EC340B210503234",
  "runtimes\\alpine-arm\\native\\libe_sqlite3.so": "87AF85204A246154501382901F3F6812",
  "runtimes\\alpine-arm64\\native\\libe_sqlite3.so": "CD4B9AAB53400EFE96ABC32B339A866A",
  "runtimes\\alpine-x64\\native\\libe_sqlite3.so": "6C9D6E34F1E932668237404D6EB6FC66",
  "runtimes\\browser-wasm\\nativeassets\\net7.0\\e_sqlite3.a": "E25518AC5EAD5E787448F3258236888E",
  "runtimes\\linux-arm\\native\\libe_sqlite3.so": "B8DA0DB6A447B5CCE98207F6A250FB84",
  "runtimes\\linux-arm64\\native\\libe_sqlite3.so": "A888898B38395A15F2DE200BAA8B486F",
  "runtimes\\linux-armel\\native\\libe_sqlite3.so": "54F3F4183B81387F7928ED0BB9B67B32",
  "runtimes\\linux-mips64\\native\\libe_sqlite3.so": "D56886A2E2F081CDEA1621BB18132764",
  "runtimes\\linux-musl-arm\\native\\libe_sqlite3.so": "87AF85204A246154501382901F3F6812",
  "runtimes\\linux-musl-arm64\\native\\libe_sqlite3.so": "CD4B9AAB53400EFE96ABC32B339A866A",
  "runtimes\\linux-musl-x64\\native\\libe_sqlite3.so": "6C9D6E34F1E932668237404D6EB6FC66",
  "runtimes\\linux-s390x\\native\\libe_sqlite3.so": "CB751CC76F280849C0E2F718D6784E69",
  "runtimes\\linux-x64\\native\\libe_sqlite3.so": "30098E7FAEB947BF5A5AE2FDB34E4461",
  "runtimes\\linux-x86\\native\\libe_sqlite3.so": "68872BD5071077981504636C2353EAA8",
  "runtimes\\maccatalyst-arm64\\native\\libe_sqlite3.dylib": "B2597C8799A6D21E5B98DB28C9C725FD",
  "runtimes\\maccatalyst-x64\\native\\libe_sqlite3.dylib": "19DCF2A64A7B5D1B8C7705AC809653A5",
  "runtimes\\osx-arm64\\native\\libe_sqlite3.dylib": "FB6D0058E0E849FA8715911B49790350",
  "runtimes\\osx-x64\\native\\libe_sqlite3.dylib": "DE5735102E730C1518C029DB3A0040A9",
  "runtimes\\win-arm\\native\\e_sqlite3.dll": "E09EBE969D8575B5AEFC9086C75AA908",
  "runtimes\\win-arm64\\native\\e_sqlite3.dll": "82D526770FE294B35A3D5351E68D283B",
  "runtimes\\win-x64\\native\\e_sqlite3.dll": "4CCC63563A5CEE1BFC2912535C685C47",
  "runtimes\\win-x64\\native\\minhook.x64d.dll": "82D2D0E37294BDC6A554D39492E39E11",
  "runtimes\\win-x86\\native\\e_sqlite3.dll": "B0AD7ACF44318868C661645837777AEC",
  "tr\\Microsoft.VisualStudio.Threading.resources.dll": "538FE3DA0C0527DC98456020A4351A85",
  "tr\\Microsoft.VisualStudio.Validation.resources.dll": "7C15CA39FCA7DF71D62C46E6F03389EF",
  "tr\\StreamJsonRpc.resources.dll": "E2AD6BCEBF0533F4D421EE83B42795C1",
  "zh-Hans\\Microsoft.VisualStudio.Threading.resources.dll": "4263966625E34972E95A9C1A2A0C61E8",
  "zh-Hans\\Microsoft.VisualStudio.Validation.resources.dll": "EB7953D05EF1CE51E790708D42EE5D18",
  "zh-Hans\\StreamJsonRpc.resources.dll": "FF596CD821202672B86089A5AB619C71",
  "zh-Hant\\Microsoft.VisualStudio.Threading.resources.dll": "4B693EDFE83A99478E1041AA17FFC35A",
  "zh-Hant\\Microsoft.VisualStudio.Validation.resources.dll": "8EF011A0285333D0EEFE22D5AA7A1702",
  "zh-Hant\\StreamJsonRpc.resources.dll": "BBF8E9013F9B1244348840EAA9CAF9B0",
  "BCnEncoder.dll": "23AA2A06896627614D1638BDC1BDD3F1",
  "BitFaster.Caching.dll": "31694A62760B3FEC34F9B169C9C7D49F",
  "CheapLoc.dll": "060ED2D9C9C72A652CD12AE7D0D84907",
  "cimgui.dll": "E7DC780A5703A1DB06DFB35A5AF84B5F",
  "cimguizmo.dll": "4430C75E650B3F6B5FC51108BF0EBEED",
  "cimplot.dll": "F1CD686DCBF65E6BB86428DA3B883A03",
  "commit_hash.txt": "DD431CC5B1DD96C909BC751319CBA933",
  "CommunityToolkit.HighPerformance.dll": "66B64EC334625F2C5D341A45E28EEB43",
  "Dalamud.Bindings.ImGui.dll": "6FFD2F2CB7DCCA0754253A4A61BF59C5",
  "Dalamud.Bindings.ImGuizmo.dll": "347C0B98C7AF070D117E3B1347A93186",
  "Dalamud.Bindings.ImPlot.dll": "C195AD3609380DBB95AAA4C68BBE9518",
  "Dalamud.Boot.dll": "F781D22C00936AD453C508BC7591B1B3",
  "Dalamud.Common.dll": "6F97DF2A70DC135AA46645084E1A1B30",
  "Dalamud.deps.json": "9DD468F34254663D22C7E6FAE16EA59F",
  "Dalamud.dll": "97F8B54036F16D3D6F8B8E45FC385E3F",
  "Dalamud.Injector.deps.json": "DC7A37D1ECAADAF9946D1957958D13D8",
  "Dalamud.Injector.dll": "561C25D81382DCB93BB6739E7B4605F8",
  "Dalamud.Injector.exe": "93950561B7771E5B33EDFC4EBF520C11",
  "Dalamud.Injector.runtimeconfig.json": "481C4D4F6151485203242D25F632FCC5",
  "Dalamud.Injector.xml": "573870DEB8A9854EC20203EDE9D78425",
  "Dalamud.runtimeconfig.json": "9DB7F0D7C94CA1AA6CA3ACFA6F93A1D8",
  "Dalamud.xml": "F079E1AD26EC5FFA38BEFF8F9572C07A",
  "DalamudCrashHandler.exe": "E6422C2A4CCA0110D15EAE3D05E071C3",
  "FASM-LICENSE.TXT": "ECEA1D10811221D5F0A3E96F9C38E2C7",
  "FASM.DLL": "4AE05A22043F803FF3F2FE2F5F7E091F",
  "FASMX64.DLL": "D0AF81B326F0D635BB475FBB34C871A3",
  "FFXIVClientStructs.dll": "0C50F8088FFE20A0346150B7D8671771",
  "FFXIVClientStructs.xml": "AF27831EE858B63D292F2CDD8B6F245E",
  "goatcorp.Reloaded.Assembler.dll": "38F64480603F5CDAA0A580BF4A78FA41",
  "goatcorp.Reloaded.Assembler.targets": "CC22CB0A353E2136EE9E6E96DB9F7164",
  "goatcorp.Reloaded.Hooks.dll": "9EB7A815D9FD4A3B6DCD8FF794D2447B",
  "goatcorp.Reloaded.Memory.Buffers.dll": "A9E5F96A6251CB539834AAAEA4827E8F",
  "HexaGen.Runtime.dll": "190BAA82E54B73A018910E7423346FFE",
  "Iced.dll": "D0E016DBC8C30AAB54D1F3AEF870F4F9",
  "ImGuiScene.dll": "E9ADF3ED05CE30E969F94DA8A11080E6",
  "InteropGenerator.Runtime.dll": "AD698C078C691ED413582D623E2BA0AF",
  "JetBrains.Annotations.dll": "D334483DFBCF8BE6062277E1FB3B94F3",
  "licenses.txt": "A159BE62AA91178EFC3E3983AE874D1D",
  "Lumina.dll": "16149FC5165E65174C797BDA78207353",
  "Lumina.Excel.dll": "E1CEE04483AFEEF7F5E2E5A2B43BC672",
  "Lumina.Excel.xml": "3D3B7AD224A8A04B92B2B311FB8DA535",
  "MessagePack.Annotations.dll": "9BFEA9F505F918367E4DD351FC1597B9",
  "MessagePack.dll": "970E5F8E2CB72870DCDF19EABA1D3F11",
  "Microsoft.Extensions.ObjectPool.dll": "CB2B8426DF93B062B631BC85B3369BED",
  "Microsoft.NET.StringTools.dll": "88B3B9B25E54FF438D2F4F1609B726A4",
  "Microsoft.VisualStudio.Threading.dll": "EF2AC53B930F5ED16DA3B4CFB1033813",
  "Microsoft.VisualStudio.Validation.dll": "0B1D5949C6944383B1EE896C5E13D08B",
  "MinSharp.dll": "83F03B329735803AA4C1531C5938D327",
  "Mono.Cecil.dll": "291794A1A589078DE60EB90C5B3A3A35",
  "Mono.Cecil.Mdb.dll": "B7A063EC5948D90A474914E844330ED9",
  "Mono.Cecil.Pdb.dll": "59CFEFA70B5FCF92E6951E889821E35B",
  "Mono.Cecil.Rocks.dll": "5EAFDEF2938F7C475A6D5E54AF9CBFD6",
  "Nerdbank.Streams.dll": "539451E456062345AF25E7E17335299B",
  "nethost.dll": "21F39F71E2F4B5BA9FB3F126872F2F9B",
  "Newtonsoft.Json.dll": "C252FE44B67A08E6DAB4EADE3764DB49",
  "PeNet.Asn1.dll": "B25E3E9EFA4F0EF0B6EAFE577BD1ED1D",
  "PeNet.dll": "1C094E350E3D7ABDDBD86E863437B140",
  "Reloaded.Hooks.Definitions.dll": "6FEE51B9A09CCFC127CE151F196941AD",
  "Reloaded.Memory.Buffers.dll": "23144CF8407CEB1E7142523EE5E218EC",
  "Reloaded.Memory.dll": "7BF68B39E37B51C4C5689C3AA0D55139",
  "revision.txt": "9381FC93AD66F9EC4B2EEF71147A6665",
  "Serilog.dll": "DCD5548E5DBA76BDF6ED0813F65DF8A0",
  "Serilog.Sinks.Async.dll": "0B57895C98840984A0CAE7F744FAFE91",
  "Serilog.Sinks.Console.dll": "3DACCF70D543544D74377A96D4E5FA29",
  "Serilog.Sinks.File.dll": "F642BDB53F5B10A25ED48EC3110168BD",
  "SQLite-net.dll": "F9E7ACD56A9D51C0A0F28F240CC5BBDC",
  "SQLitePCLRaw.batteries_v2.dll": "C5BB2A8E8627E74FEC08AB7ACF55B1F1",
  "SQLitePCLRaw.core.dll": "8969D12A0AE8C2D7364D12FCA9105430",
  "SQLitePCLRaw.provider.e_sqlite3.dll": "F8288C744A3E2ADA0B4612D72A91AFEB",
  "StreamJsonRpc.dll": "6157633EE85D57CFF6772C1526F2D352",
  "System.Reactive.dll": "C6016588304D55406E3D1C2FA7D42903",
  "System.Reflection.MetadataLoadContext.dll": "284C720DEE2524BCF10DD1B5648AA303",
  "System.Security.Cryptography.Pkcs.dll": "17945B2BF07D9377E36AD3EBE69FF693",
  "TEMP_gitver.txt": "68F35731842429B41266262E9C4FD5EB",
  "TerraFX.Interop.Windows.dll": "C75D06E77DE5A095D45676A81CDE0DC9"
}
