{
  "cs\\Microsoft.VisualStudio.Threading.resources.dll": "59CC07A0788ED5D2D7B1EC4C24692B5E",
  "cs\\Microsoft.VisualStudio.Validation.resources.dll": "6D64EB21E28D7DA0951CCB11D5A111DB",
  "cs\\StreamJsonRpc.resources.dll": "187B9DF9156C8ECA5FFC2D8DFC0D0AEB",
  "de\\Microsoft.VisualStudio.Threading.resources.dll": "E8F71F6E86250EE8F040884F21901A84",
  "de\\Microsoft.VisualStudio.Validation.resources.dll": "6BDBEB8494C6DF5EE482065A9D7F0B1E",
  "de\\StreamJsonRpc.resources.dll": "18A2EE45995D18CB97504B89E1D8EA84",
  "es\\Microsoft.VisualStudio.Threading.resources.dll": "C91684BC69AC34D7C4761C769C4613CE",
  "es\\Microsoft.VisualStudio.Validation.resources.dll": "0F92DD2019CF7222118E8B5D9409A328",
  "es\\StreamJsonRpc.resources.dll": "1426AE60A50C341884A93E75FDCB8F15",
  "fr\\Microsoft.VisualStudio.Threading.resources.dll": "8DF66006C30B545517609BC994A333BF",
  "fr\\Microsoft.VisualStudio.Validation.resources.dll": "1299DF7F85B8ABCC8205E7F968E64DE5",
  "fr\\StreamJsonRpc.resources.dll": "E0EF73E9AC6F5AC89FEFA3E4442FA526",
  "it\\Microsoft.VisualStudio.Threading.resources.dll": "ACB2901AD3BA29250398D7F7C7F06472",
  "it\\Microsoft.VisualStudio.Validation.resources.dll": "E96AFCAC956DE57A60CF403431A06B9F",
  "it\\StreamJsonRpc.resources.dll": "AF93C232BE3DE144BDBA9D47B0CF1FBA",
  "ja\\Microsoft.VisualStudio.Threading.resources.dll": "57953EF05139ABD830A160D29D477AE7",
  "ja\\Microsoft.VisualStudio.Validation.resources.dll": "37C3387A524C942BC21029A532E0FA88",
  "ja\\StreamJsonRpc.resources.dll": "71C0BF4563B000F7F6FD977A56646389",
  "ko\\Microsoft.VisualStudio.Threading.resources.dll": "4E69F9315A2BE37081E916836BD2865B",
  "ko\\Microsoft.VisualStudio.Validation.resources.dll": "F7519010D92C7E3BF6DD25032575FD3D",
  "ko\\StreamJsonRpc.resources.dll": "0462338CED7D90B6A89AA6C5C0B553ED",
  "pl\\Microsoft.VisualStudio.Threading.resources.dll": "E957E9AD4D62A6EDE5DEDB85DCB66BE0",
  "pl\\Microsoft.VisualStudio.Validation.resources.dll": "157FEA4FF784A1A3C450AAEAFC808171",
  "pl\\StreamJsonRpc.resources.dll": "A386D42B9AC0F3349E75FA0711BF6125",
  "pt-BR\\Microsoft.VisualStudio.Threading.resources.dll": "D0E584DCA9CFC97B49480B5326D1BE85",
  "pt-BR\\Microsoft.VisualStudio.Validation.resources.dll": "F1D96FD5909173972C661A1D8FE629DB",
  "pt-BR\\StreamJsonRpc.resources.dll": "7FF82CEBA9C3AFD947DC59A5FE132C78",
  "ru\\Microsoft.VisualStudio.Threading.resources.dll": "53F0D3DFF78ACA534A9F06C3E435BCDE",
  "ru\\Microsoft.VisualStudio.Validation.resources.dll": "DA5D932621691D0A43F9C41589BEA612",
  "ru\\StreamJsonRpc.resources.dll": "2BE00971D9A6088B5EC340B210503234",
  "runtimes\\alpine-x64\\native\\libe_sqlite3.so": "39C244FEDBCD3DFC37041D4FCE1AE21D",
  "runtimes\\linux-arm\\native\\libe_sqlite3.so": "96CF54BC0EFB83D6E3F5F3E04997A59D",
  "runtimes\\linux-arm64\\native\\libe_sqlite3.so": "F079E55E7F3F9966A4A2052A3234E068",
  "runtimes\\linux-armel\\native\\libe_sqlite3.so": "C5A67D49434FC65D64E9C15778078C76",
  "runtimes\\linux-mips64\\native\\libe_sqlite3.so": "5F8461214089CFC677D46C19B7162161",
  "runtimes\\linux-musl-x64\\native\\libe_sqlite3.so": "39C244FEDBCD3DFC37041D4FCE1AE21D",
  "runtimes\\linux-x64\\native\\libe_sqlite3.so": "6F49C540D3AB9964D67A4A704C3D262D",
  "runtimes\\linux-x86\\native\\libe_sqlite3.so": "5E0659B414CBD6DDC38C65582485853E",
  "runtimes\\osx-x64\\native\\libe_sqlite3.dylib": "F82AE134FCD1C080A69D775591406673",
  "runtimes\\win-arm\\native\\e_sqlite3.dll": "0FCB2EE4893AFDF326C9DE5333A03187",
  "runtimes\\win-arm64\\native\\e_sqlite3.dll": "E75377D9E553DD299DD18FF25E655EE9",
  "runtimes\\win-x64\\native\\e_sqlite3.dll": "F548105404A573F778B228852FF9EC89",
  "runtimes\\win-x64\\native\\minhook.x64d.dll": "5298FCCF23EE8218F888824DFC10E873",
  "runtimes\\win-x86\\native\\e_sqlite3.dll": "46F05ECB67B6C61928E7EA531C479CA2",
  "targets\\Dalamud.Plugin.Bootstrap.targets": "C85635161398CD9852CF7212DB7EB904",
  "targets\\Dalamud.Plugin.targets": "394EE2BEC70254F76ABBE2C33F62BBFA",
  "tr\\Microsoft.VisualStudio.Threading.resources.dll": "538FE3DA0C0527DC98456020A4351A85",
  "tr\\Microsoft.VisualStudio.Validation.resources.dll": "7C15CA39FCA7DF71D62C46E6F03389EF",
  "tr\\StreamJsonRpc.resources.dll": "E2AD6BCEBF0533F4D421EE83B42795C1",
  "zh-Hans\\Microsoft.VisualStudio.Threading.resources.dll": "4263966625E34972E95A9C1A2A0C61E8",
  "zh-Hans\\Microsoft.VisualStudio.Validation.resources.dll": "EB7953D05EF1CE51E790708D42EE5D18",
  "zh-Hans\\StreamJsonRpc.resources.dll": "FF596CD821202672B86089A5AB619C71",
  "zh-Hant\\Microsoft.VisualStudio.Threading.resources.dll": "4B693EDFE83A99478E1041AA17FFC35A",
  "zh-Hant\\Microsoft.VisualStudio.Validation.resources.dll": "8EF011A0285333D0EEFE22D5AA7A1702",
  "zh-Hant\\StreamJsonRpc.resources.dll": "BBF8E9013F9B1244348840EAA9CAF9B0",
  "BCnEncoder.dll": "377308F2DB6CC37AF567B2B4C9424118",
  "BitFaster.Caching.dll": "6444602559A84B6602A03EE498112B86",
  "CheapLoc.dll": "194B10003B2831E08747BD89767B8FD1",
  "cimgui.dll": "1A5EC71C9D4A4DBF4566EB8820153522",
  "cimguizmo.dll": "1387A647E747154557871FE4225322BC",
  "cimplot.dll": "89A839475FDDB644BAF6F57303E7BA52",
  "commit_hash.txt": "1FACB537B37F8873D0517A295D72B4BC",
  "CommunityToolkit.HighPerformance.dll": "66B64EC334625F2C5D341A45E28EEB43",
  "Dalamud.Bindings.ImGui.dll": "4872A1B8E63DFAF382E79DE58C63CAB0",
  "Dalamud.Bindings.ImGuizmo.dll": "5300122E1D65C98E3AA217BFDC5BB606",
  "Dalamud.Bindings.ImPlot.dll": "D75D25B2DC106605CFE7CA951D7DAAF5",
  "Dalamud.Boot.dll": "96C1801E8EC57A8C3B3187920853BA80",
  "Dalamud.Common.dll": "DFE13147A1823076282C519BBA44D620",
  "Dalamud.deps.json": "729CB9C1F378E7D9A9B08FD2D8C8F449",
  "Dalamud.dll": "9805AF70E14706E0952BDC6A0D3B1D44",
  "Dalamud.Injector.deps.json": "172E729569F73D338FB44810869B424F",
  "Dalamud.Injector.dll": "C2D8834E5CDA6377CF00C3BD875D9172",
  "Dalamud.Injector.exe": "BBE88E1E04CFCC54ADD9E83258ED592B",
  "Dalamud.Injector.runtimeconfig.json": "481C4D4F6151485203242D25F632FCC5",
  "Dalamud.Injector.xml": "CBC84759DB84E5C8A9269116B45E7C9D",
  "Dalamud.runtimeconfig.json": "9DB7F0D7C94CA1AA6CA3ACFA6F93A1D8",
  "Dalamud.xml": "6A71C3D7A5D298338ABBE21CABD61606",
  "DalamudCrashHandler.exe": "1295F3A86B7E0FEE6CC38847D48CC5FA",
  "FASM-LICENSE.TXT": "ECEA1D10811221D5F0A3E96F9C38E2C7",
  "FASM.DLL": "7622675723A78FCA3E9C67B7BD4B31A0",
  "FASMX64.DLL": "09356E2984604391EC95B33CDDCA246E",
  "FFXIVClientStructs.dll": "2D9EFA189F421C049C8215C9DA2BDCF5",
  "FFXIVClientStructs.xml": "1DD1B69585CA15E07E429C185743ED50",
  "goatcorp.Reloaded.Assembler.dll": "31299F155FF136EADD45806BF83C6212",
  "goatcorp.Reloaded.Assembler.targets": "CC22CB0A353E2136EE9E6E96DB9F7164",
  "goatcorp.Reloaded.Hooks.dll": "3AF1234378863C4A91D540F0621D231D",
  "goatcorp.Reloaded.Memory.Buffers.dll": "30FC915EB0D942837A652E20C5EC7B0B",
  "HexaGen.Runtime.dll": "6DF9AF6CB1D4CA30726A0D89000F1501",
  "Iced.dll": "88C7D30DA906145031254BD9A95067F9",
  "ImGuiScene.dll": "3451F84D4572EF98E9D042300E99436A",
  "InteropGenerator.Runtime.dll": "6E95E63CAADC6364DD524E3F2C9BB43E",
  "JetBrains.Annotations.dll": "814991D9183CE4C1965228CBDEF0E3D5",
  "licenses.txt": "A159BE62AA91178EFC3E3983AE874D1D",
  "Lumina.dll": "A260C0D262EDDB97228117A77DE3F2A0",
  "Lumina.Excel.dll": "B4C94220EA3C90D61A194420A72E95CD",
  "Lumina.Excel.xml": "3D3B7AD224A8A04B92B2B311FB8DA535",
  "MessagePack.Annotations.dll": "4E89130AACE266C5F5D0B34985A2A3F6",
  "MessagePack.dll": "50F9DCB5F779F99F3D37120630CE2FAE",
  "Microsoft.Extensions.ObjectPool.dll": "CB2B8426DF93B062B631BC85B3369BED",
  "Microsoft.NET.StringTools.dll": "88B3B9B25E54FF438D2F4F1609B726A4",
  "Microsoft.VisualStudio.Threading.dll": "EF2AC53B930F5ED16DA3B4CFB1033813",
  "Microsoft.VisualStudio.Validation.dll": "0B1D5949C6944383B1EE896C5E13D08B",
  "MinSharp.dll": "2252B49661021B73F92134D47DA7DA2C",
  "Mono.Cecil.dll": "12F04B890C4AD4E3461984A4E940E5AA",
  "Mono.Cecil.Mdb.dll": "14E3E97A5DAC84250712231D7437E6EC",
  "Mono.Cecil.Pdb.dll": "71EA962DB2AFD0B9CD50C2A43083BCAF",
  "Mono.Cecil.Rocks.dll": "D47E8B81515DDA876FBAA81523D92110",
  "Nerdbank.Streams.dll": "539451E456062345AF25E7E17335299B",
  "nethost.dll": "21F39F71E2F4B5BA9FB3F126872F2F9B",
  "Newtonsoft.Json.dll": "ADF3E3EECDE20B7C9661E9C47106A14A",
  "PeNet.Asn1.dll": "C91AC1F4EF2188FB47DC284284BC81D2",
  "PeNet.dll": "B3C85C40CCB95C5BCC4F06899E133AE3",
  "Reloaded.Hooks.Definitions.dll": "75180BA5A4272AC692A24A45F707EB99",
  "Reloaded.Memory.Buffers.dll": "B39495C763F0735C2BF8E1283FB47E0A",
  "Reloaded.Memory.dll": "5A766D0FB243B02210AA4BD333545E6A",
  "revision.txt": "9D4C03631B8B0C85AE08BF05EDA37D0F",
  "Serilog.dll": "03DEFA245957F566823619766A380999",
  "Serilog.Sinks.Async.dll": "04BC110B79D5FA7403EECED3C02CADB6",
  "Serilog.Sinks.Console.dll": "4550BFCBD47466C98154D1028C569709",
  "Serilog.Sinks.File.dll": "7A5F7B666044001637127EAE9BF51221",
  "SharpDX.Direct3D11.dll": "339323603021452A2296D83288B0A7D7",
  "SharpDX.dll": "3E42CF8A5A847241313A262CD7BC107C",
  "SharpDX.DXGI.dll": "75AA84CE65855094DE093DDE64973DD7",
  "SharpDX.Mathematics.dll": "A5985C6EDFCCCCC1EC7D67E79B0EDB39",
  "SQLite-net.dll": "A26175839C1C4D4335A423D330D1C8EC",
  "SQLitePCLRaw.batteries_v2.dll": "160C910F6B264F6858DD1DCDB8F1DE1D",
  "SQLitePCLRaw.core.dll": "F766245A80F3490D7AEE230086448562",
  "SQLitePCLRaw.nativelibrary.dll": "09E49B74477BBEC3A3DC061DC28D15AA",
  "SQLitePCLRaw.provider.dynamic_cdecl.dll": "1429F4E42F6C23C921C2937052BB1839",
  "StreamJsonRpc.dll": "6157633EE85D57CFF6772C1526F2D352",
  "System.Reactive.dll": "EF5A00287AD15393D41B12AA4B726FF7",
  "System.Reflection.MetadataLoadContext.dll": "284C720DEE2524BCF10DD1B5648AA303",
  "System.Security.Cryptography.Pkcs.dll": "8950E01996A37E808BE3F39063C37BF9",
  "TEMP_gitver.txt": "98125CB9A2F574BCE548DEB9A7DFF705",
  "TerraFX.Interop.Windows.dll": "84F7EF6B0DE91F8CC23F773D3FD6DEC0"
}
