{
  "runtimes\\alpine-x64\\native\\libe_sqlite3.so": "39C244FEDBCD3DFC37041D4FCE1AE21D",
  "runtimes\\linux-arm\\native\\libe_sqlite3.so": "96CF54BC0EFB83D6E3F5F3E04997A59D",
  "runtimes\\linux-arm64\\native\\libe_sqlite3.so": "F079E55E7F3F9966A4A2052A3234E068",
  "runtimes\\linux-armel\\native\\libe_sqlite3.so": "C5A67D49434FC65D64E9C15778078C76",
  "runtimes\\linux-mips64\\native\\libe_sqlite3.so": "5F8461214089CFC677D46C19B7162161",
  "runtimes\\linux-musl-x64\\native\\libe_sqlite3.so": "39C244FEDBCD3DFC37041D4FCE1AE21D",
  "runtimes\\linux-x64\\native\\libe_sqlite3.so": "6F49C540D3AB9964D67A4A704C3D262D",
  "runtimes\\linux-x86\\native\\libe_sqlite3.so": "5E0659B414CBD6DDC38C65582485853E",
  "runtimes\\osx-x64\\native\\libe_sqlite3.dylib": "F82AE134FCD1C080A69D775591406673",
  "runtimes\\win-arm\\native\\e_sqlite3.dll": "6E9707D1EA33E222F096FCF37EA837FF",
  "runtimes\\win-arm64\\native\\e_sqlite3.dll": "0A2FBE0C7380C1955C1C1F16DB33F495",
  "runtimes\\win-x64\\native\\e_sqlite3.dll": "AF4B1669CBD24683FC16C2A8CF3E17A0",
  "runtimes\\win-x64\\native\\minhook.x64d.dll": "71A3175C8770C61C4D2DEB2E9693AE6D",
  "runtimes\\win-x86\\native\\e_sqlite3.dll": "248A487DDCD457A264827443A462A101",
  "targets\\Dalamud.Plugin.Bootstrap.targets": "C85635161398CD9852CF7212DB7EB904",
  "targets\\Dalamud.Plugin.targets": "394EE2BEC70254F76ABBE2C33F62BBFA",
  "BCnEncoder.dll": "6226EC5C8193AF5E6E4ABF203AD5F75D",
  "BitFaster.Caching.dll": "31B8265CEB51EDAE9299022C10F8EB42",
  "CheapLoc.dll": "0A4A48A0D3D89DB81CF42E6CEF51042F",
  "cimgui.dll": "635FFEAB0CE74EF42A18FB01FBBB476C",
  "cimguizmo.dll": "BE253AEBC8E5C75BE3D131B09CA58223",
  "cimplot.dll": "792A698187BCD063F4893B6E5D2D7394",
  "commit_hash.txt": "0B9A3A3FF1E660E649050F1927E279E8",
  "CommunityToolkit.HighPerformance.dll": "66B64EC334625F2C5D341A45E28EEB43",
  "Dalamud.Bindings.ImGui.dll": "60AAB8B41F0594D1BDC1C1BF44C52EF8",
  "Dalamud.Bindings.ImGuizmo.dll": "8A8AE71AB67BE7B877A5BD2428B0A567",
  "Dalamud.Bindings.ImPlot.dll": "A7E1E9BB5E6E734F4700A4DB3449E5EB",
  "Dalamud.Boot.dll": "8C5E92EAA410554ED5AE9C727E80E1B9",
  "Dalamud.Common.dll": "765AF55F0C41EF5AC8B2D2602765ED51",
  "Dalamud.deps.json": "6B763962E5A2465787745803AF11E5D7",
  "Dalamud.dll": "76730365ECB3D459B1F34460F4F2378D",
  "Dalamud.Injector.deps.json": "172E729569F73D338FB44810869B424F",
  "Dalamud.Injector.dll": "A4BD9A3867F66CB55BEC05AE53B5EF38",
  "Dalamud.Injector.exe": "47DD6245BDFF539453C5DA4A17D8AF5D",
  "Dalamud.Injector.runtimeconfig.json": "481C4D4F6151485203242D25F632FCC5",
  "Dalamud.Injector.xml": "CBC84759DB84E5C8A9269116B45E7C9D",
  "Dalamud.runtimeconfig.json": "9DB7F0D7C94CA1AA6CA3ACFA6F93A1D8",
  "Dalamud.xml": "F6A13E2539305ECBFD7A226A9F5EB40D",
  "DalamudCrashHandler.exe": "1E0A15A9ECB80E59DE3FF3F4656CEA91",
  "FASM-LICENSE.TXT": "ECEA1D10811221D5F0A3E96F9C38E2C7",
  "FASM.DLL": "89FF692AC6EA60EC59C791ECF2852CA5",
  "FASMX64.DLL": "186BC7B10D8AF9ADFD2C0CED385E332E",
  "FFXIVClientStructs.dll": "1DE2BB679991542550B43F65A2005893",
  "FFXIVClientStructs.xml": "2AE5AFF7925698A5DA881FD75801990F",
  "goatcorp.Reloaded.Assembler.dll": "98CC7A419BA71C80A1AE6A03705157B4",
  "goatcorp.Reloaded.Assembler.targets": "CC22CB0A353E2136EE9E6E96DB9F7164",
  "goatcorp.Reloaded.Hooks.dll": "80FF4CEF77D39EA42008347B9CE14971",
  "goatcorp.Reloaded.Memory.Buffers.dll": "1DB80ACAA978CFB5B051A45288E4C4CE",
  "HexaGen.Runtime.dll": "6863ACA856F004CC15073134DD58E06F",
  "Iced.dll": "14493462E7121E772DD291C7B85F3AF2",
  "ImGuiScene.dll": "F61AE3E5222F6AAA73CCF6D64DB7CF99",
  "InteropGenerator.Runtime.dll": "49C86CAFD9727A2E287F941B9C6EF22F",
  "JetBrains.Annotations.dll": "F2E670EF30528D625F33738FA2AEEBA4",
  "licenses.txt": "A159BE62AA91178EFC3E3983AE874D1D",
  "Lumina.dll": "BB87BE6794C4AF4459BBAF211EA76A5B",
  "Lumina.Excel.dll": "BE7D5719F360FBCDC865E6146E008E3E",
  "Lumina.Excel.xml": "3D3B7AD224A8A04B92B2B311FB8DA535",
  "Microsoft.Extensions.ObjectPool.dll": "CB2B8426DF93B062B631BC85B3369BED",
  "MinSharp.dll": "1DD66B8901095CA9F6596C978DCF56A6",
  "Mono.Cecil.dll": "134BDD62C4C1C772EEEEF74AA5F4A0C8",
  "Mono.Cecil.Mdb.dll": "A3FF1FE41406B8104EE5A821C90E4985",
  "Mono.Cecil.Pdb.dll": "E1BAF367D5C0EC5A4D54F7363A92A816",
  "Mono.Cecil.Rocks.dll": "DF39676DD4CAD841763336ACE2C63A9D",
  "nethost.dll": "21F39F71E2F4B5BA9FB3F126872F2F9B",
  "Newtonsoft.Json.dll": "ADF3E3EECDE20B7C9661E9C47106A14A",
  "PeNet.Asn1.dll": "CC0041107BA4864352C467935AFED435",
  "PeNet.dll": "36E2CBA9832F344BB9D7D905E512A05B",
  "Reloaded.Hooks.Definitions.dll": "7419767394A44A82D49187DD764FF588",
  "Reloaded.Memory.Buffers.dll": "F5AC76E4AAD0114D81767992C7F492F8",
  "Reloaded.Memory.dll": "CC9A539C6B6F880F96AE3DE96070E91E",
  "revision.txt": "C4BCA428211C2B48B81FD3B12AFD2AA1",
  "Serilog.dll": "71B32ADCA54090301FD5B17397B02A79",
  "Serilog.Sinks.Async.dll": "BD002CA36A71E61A5C5E68427341158D",
  "Serilog.Sinks.Console.dll": "9590F56A5733DA98F33280C4A427ED1D",
  "Serilog.Sinks.File.dll": "EC1F787D82F79D0A4218CA3429D29CCB",
  "SharpDX.Direct3D11.dll": "D991750AF675184AE436979429D95DC4",
  "SharpDX.dll": "9232BFFE15E01217EFDFAD0C4811E29F",
  "SharpDX.DXGI.dll": "9F6F5F40A91768E974C9B42BA883AFE6",
  "SharpDX.Mathematics.dll": "67C78B608B77216C01D753AE3862C3CC",
  "SQLite-net.dll": "07FCE64B2F017933AC22F56D20155A6D",
  "SQLitePCLRaw.batteries_v2.dll": "E5F861F40AFB0D6A40CC499A107144D2",
  "SQLitePCLRaw.core.dll": "79E5D165E5D2750557B00CBEF24C10A3",
  "SQLitePCLRaw.nativelibrary.dll": "9E97D09293D19FED62CCB835E681AB96",
  "SQLitePCLRaw.provider.dynamic_cdecl.dll": "3710CCB16C7488CE1C9DA0657F77726B",
  "System.Reactive.dll": "EF5A00287AD15393D41B12AA4B726FF7",
  "System.Reflection.MetadataLoadContext.dll": "284C720DEE2524BCF10DD1B5648AA303",
  "System.Security.Cryptography.Pkcs.dll": "8950E01996A37E808BE3F39063C37BF9",
  "TEMP_gitver.txt": "D2361D638D852D11662C1F65336DC8EC",
  "TerraFX.Interop.Windows.dll": "84F7EF6B0DE91F8CC23F773D3FD6DEC0"
}
