{
  "cs\\Microsoft.VisualStudio.Threading.resources.dll": "59CC07A0788ED5D2D7B1EC4C24692B5E",
  "cs\\Microsoft.VisualStudio.Validation.resources.dll": "6D64EB21E28D7DA0951CCB11D5A111DB",
  "cs\\StreamJsonRpc.resources.dll": "187B9DF9156C8ECA5FFC2D8DFC0D0AEB",
  "de\\Microsoft.VisualStudio.Threading.resources.dll": "E8F71F6E86250EE8F040884F21901A84",
  "de\\Microsoft.VisualStudio.Validation.resources.dll": "6BDBEB8494C6DF5EE482065A9D7F0B1E",
  "de\\StreamJsonRpc.resources.dll": "18A2EE45995D18CB97504B89E1D8EA84",
  "es\\Microsoft.VisualStudio.Threading.resources.dll": "C91684BC69AC34D7C4761C769C4613CE",
  "es\\Microsoft.VisualStudio.Validation.resources.dll": "0F92DD2019CF7222118E8B5D9409A328",
  "es\\StreamJsonRpc.resources.dll": "1426AE60A50C341884A93E75FDCB8F15",
  "fr\\Microsoft.VisualStudio.Threading.resources.dll": "8DF66006C30B545517609BC994A333BF",
  "fr\\Microsoft.VisualStudio.Validation.resources.dll": "1299DF7F85B8ABCC8205E7F968E64DE5",
  "fr\\StreamJsonRpc.resources.dll": "E0EF73E9AC6F5AC89FEFA3E4442FA526",
  "it\\Microsoft.VisualStudio.Threading.resources.dll": "ACB2901AD3BA29250398D7F7C7F06472",
  "it\\Microsoft.VisualStudio.Validation.resources.dll": "E96AFCAC956DE57A60CF403431A06B9F",
  "it\\StreamJsonRpc.resources.dll": "AF93C232BE3DE144BDBA9D47B0CF1FBA",
  "ja\\Microsoft.VisualStudio.Threading.resources.dll": "57953EF05139ABD830A160D29D477AE7",
  "ja\\Microsoft.VisualStudio.Validation.resources.dll": "37C3387A524C942BC21029A532E0FA88",
  "ja\\StreamJsonRpc.resources.dll": "71C0BF4563B000F7F6FD977A56646389",
  "ko\\Microsoft.VisualStudio.Threading.resources.dll": "4E69F9315A2BE37081E916836BD2865B",
  "ko\\Microsoft.VisualStudio.Validation.resources.dll": "F7519010D92C7E3BF6DD25032575FD3D",
  "ko\\StreamJsonRpc.resources.dll": "0462338CED7D90B6A89AA6C5C0B553ED",
  "pl\\Microsoft.VisualStudio.Threading.resources.dll": "E957E9AD4D62A6EDE5DEDB85DCB66BE0",
  "pl\\Microsoft.VisualStudio.Validation.resources.dll": "157FEA4FF784A1A3C450AAEAFC808171",
  "pl\\StreamJsonRpc.resources.dll": "A386D42B9AC0F3349E75FA0711BF6125",
  "pt-BR\\Microsoft.VisualStudio.Threading.resources.dll": "D0E584DCA9CFC97B49480B5326D1BE85",
  "pt-BR\\Microsoft.VisualStudio.Validation.resources.dll": "F1D96FD5909173972C661A1D8FE629DB",
  "pt-BR\\StreamJsonRpc.resources.dll": "7FF82CEBA9C3AFD947DC59A5FE132C78",
  "ru\\Microsoft.VisualStudio.Threading.resources.dll": "53F0D3DFF78ACA534A9F06C3E435BCDE",
  "ru\\Microsoft.VisualStudio.Validation.resources.dll": "DA5D932621691D0A43F9C41589BEA612",
  "ru\\StreamJsonRpc.resources.dll": "2BE00971D9A6088B5EC340B210503234",
  "runtimes\\alpine-x64\\native\\libe_sqlite3.so": "39C244FEDBCD3DFC37041D4FCE1AE21D",
  "runtimes\\linux-arm\\native\\libe_sqlite3.so": "96CF54BC0EFB83D6E3F5F3E04997A59D",
  "runtimes\\linux-arm64\\native\\libe_sqlite3.so": "F079E55E7F3F9966A4A2052A3234E068",
  "runtimes\\linux-armel\\native\\libe_sqlite3.so": "C5A67D49434FC65D64E9C15778078C76",
  "runtimes\\linux-mips64\\native\\libe_sqlite3.so": "5F8461214089CFC677D46C19B7162161",
  "runtimes\\linux-musl-x64\\native\\libe_sqlite3.so": "39C244FEDBCD3DFC37041D4FCE1AE21D",
  "runtimes\\linux-x64\\native\\libe_sqlite3.so": "6F49C540D3AB9964D67A4A704C3D262D",
  "runtimes\\linux-x86\\native\\libe_sqlite3.so": "5E0659B414CBD6DDC38C65582485853E",
  "runtimes\\osx-x64\\native\\libe_sqlite3.dylib": "F82AE134FCD1C080A69D775591406673",
  "runtimes\\win-arm\\native\\e_sqlite3.dll": "1E4D5B84A5F31611E814DE3140D290C2",
  "runtimes\\win-arm64\\native\\e_sqlite3.dll": "DE09C7E7E621C2D2C112B3B6E7B17EB5",
  "runtimes\\win-x64\\native\\e_sqlite3.dll": "24AC1195675BDE04F1EFC730C816EF01",
  "runtimes\\win-x64\\native\\minhook.x64d.dll": "1B65EE11DBCC66AE97F0FEDAD65DF249",
  "runtimes\\win-x86\\native\\e_sqlite3.dll": "02E0EF11EBD2AFBBA2FF8B5D1738BF10",
  "targets\\Dalamud.Plugin.Bootstrap.targets": "C85635161398CD9852CF7212DB7EB904",
  "targets\\Dalamud.Plugin.targets": "394EE2BEC70254F76ABBE2C33F62BBFA",
  "tr\\Microsoft.VisualStudio.Threading.resources.dll": "538FE3DA0C0527DC98456020A4351A85",
  "tr\\Microsoft.VisualStudio.Validation.resources.dll": "7C15CA39FCA7DF71D62C46E6F03389EF",
  "tr\\StreamJsonRpc.resources.dll": "E2AD6BCEBF0533F4D421EE83B42795C1",
  "zh-Hans\\Microsoft.VisualStudio.Threading.resources.dll": "4263966625E34972E95A9C1A2A0C61E8",
  "zh-Hans\\Microsoft.VisualStudio.Validation.resources.dll": "EB7953D05EF1CE51E790708D42EE5D18",
  "zh-Hans\\StreamJsonRpc.resources.dll": "FF596CD821202672B86089A5AB619C71",
  "zh-Hant\\Microsoft.VisualStudio.Threading.resources.dll": "4B693EDFE83A99478E1041AA17FFC35A",
  "zh-Hant\\Microsoft.VisualStudio.Validation.resources.dll": "8EF011A0285333D0EEFE22D5AA7A1702",
  "zh-Hant\\StreamJsonRpc.resources.dll": "BBF8E9013F9B1244348840EAA9CAF9B0",
  "BCnEncoder.dll": "9BEB027EB951C3C0BDA9BBDBBEF36EAE",
  "BitFaster.Caching.dll": "1F41D1EF23CBD18CA322D3FB26978715",
  "CheapLoc.dll": "AD765D5D513A830349D521B840A6B236",
  "cimgui.dll": "ED4DDA9D1A9B0816B70D8706FBE6873F",
  "cimguizmo.dll": "1D77BD3ABF5725F75566D9E2B61720DD",
  "cimplot.dll": "2118EE0B5CD613E802CCEBF67B596D56",
  "commit_hash.txt": "496442B0AEB2ED9AEC9A99A5231EAD24",
  "CommunityToolkit.HighPerformance.dll": "66B64EC334625F2C5D341A45E28EEB43",
  "Dalamud.Bindings.ImGui.dll": "BF57A86DED0A195CBA5B35FAD00DFAB7",
  "Dalamud.Bindings.ImGuizmo.dll": "0269850F45C9CB017EE41834AA7B98DA",
  "Dalamud.Bindings.ImPlot.dll": "B71323BD0501B4291CBCB673907F3413",
  "Dalamud.Boot.dll": "DB4F31E889A75AF23B08B7D45EC98BD5",
  "Dalamud.Common.dll": "29CB531D725EC358D5EE8F1387527F34",
  "Dalamud.deps.json": "8D125F733CADFEB8E8F8FF5153BB82EF",
  "Dalamud.dll": "D59056636D1745E6F2E430CF13747ECC",
  "Dalamud.Injector.deps.json": "172E729569F73D338FB44810869B424F",
  "Dalamud.Injector.dll": "AE2E5E79175EAD146DF955015EF5B1A3",
  "Dalamud.Injector.exe": "12CFA86D829576A521CE9498074E38EC",
  "Dalamud.Injector.runtimeconfig.json": "481C4D4F6151485203242D25F632FCC5",
  "Dalamud.Injector.xml": "CBC84759DB84E5C8A9269116B45E7C9D",
  "Dalamud.runtimeconfig.json": "9DB7F0D7C94CA1AA6CA3ACFA6F93A1D8",
  "Dalamud.xml": "CAD29962247D3E73D17C0D6463D68484",
  "DalamudCrashHandler.exe": "8360D736797A88E7FE03EA1F4F99FE03",
  "FASM-LICENSE.TXT": "ECEA1D10811221D5F0A3E96F9C38E2C7",
  "FASM.DLL": "C3B32F0F89913EDA20170123C1D4FC39",
  "FASMX64.DLL": "ED611DBABE51416B776BD65A48A0AA67",
  "FFXIVClientStructs.dll": "F705F001365B51907F20101CCA41C9B3",
  "FFXIVClientStructs.xml": "D181A3C56779ECCB0F5FC7CEC0C922D0",
  "goatcorp.Reloaded.Assembler.dll": "538E370A818716F3D57469B9085BA504",
  "goatcorp.Reloaded.Assembler.targets": "CC22CB0A353E2136EE9E6E96DB9F7164",
  "goatcorp.Reloaded.Hooks.dll": "A1A46400F374B0373014D3EABB236002",
  "goatcorp.Reloaded.Memory.Buffers.dll": "87E4DD594AAE1B6B452FDE5E3AFE8FDA",
  "HexaGen.Runtime.dll": "9B37E50400BAFF09C06ACB479C2553A0",
  "Iced.dll": "8D6978CCBFB60A5AFC7F4F5CDF9E7B67",
  "ImGuiScene.dll": "4C1088B736D538987A311C19DAE8069F",
  "InteropGenerator.Runtime.dll": "B0E4EF6E478F7C8E14AA8197D913C4E4",
  "JetBrains.Annotations.dll": "65481473800845ED6562D31A66C448C5",
  "licenses.txt": "A159BE62AA91178EFC3E3983AE874D1D",
  "Lumina.dll": "978B1D93F2E4A2C7B60840B7F90E03A1",
  "Lumina.Excel.dll": "7483945D0D9335AF72A6199D84B8BC04",
  "Lumina.Excel.xml": "3D3B7AD224A8A04B92B2B311FB8DA535",
  "MessagePack.Annotations.dll": "EB53255641C1BEB39CFDFEC757C13548",
  "MessagePack.dll": "74FF5AA1A7F028058C65054483FB4487",
  "Microsoft.Extensions.ObjectPool.dll": "CB2B8426DF93B062B631BC85B3369BED",
  "Microsoft.NET.StringTools.dll": "88B3B9B25E54FF438D2F4F1609B726A4",
  "Microsoft.VisualStudio.Threading.dll": "EF2AC53B930F5ED16DA3B4CFB1033813",
  "Microsoft.VisualStudio.Validation.dll": "0B1D5949C6944383B1EE896C5E13D08B",
  "MinSharp.dll": "12304A561714B69346412C37CC41D0AD",
  "Mono.Cecil.dll": "29C5EAA491117C9E5561BF0AC872F600",
  "Mono.Cecil.Mdb.dll": "0BB301070303F4C3CF6A691ED2FBEE62",
  "Mono.Cecil.Pdb.dll": "4CE8497563699E066B72D1EF2F3B8EFC",
  "Mono.Cecil.Rocks.dll": "44F51F7E2300597D92BF6802810E13EF",
  "Nerdbank.Streams.dll": "539451E456062345AF25E7E17335299B",
  "nethost.dll": "21F39F71E2F4B5BA9FB3F126872F2F9B",
  "Newtonsoft.Json.dll": "ADF3E3EECDE20B7C9661E9C47106A14A",
  "PeNet.Asn1.dll": "01A5B515736000B28ECAC30ED4BA719E",
  "PeNet.dll": "21F7270A299840B275D6A3E1E62DE3C7",
  "Reloaded.Hooks.Definitions.dll": "55BE2EBB64E7F22DC8B76A744D77FFDE",
  "Reloaded.Memory.Buffers.dll": "704D2953BC2D31877B79939EFFB28237",
  "Reloaded.Memory.dll": "C4E0F5B78DE8EBC500B248F5B2D36628",
  "revision.txt": "2CCC2826B445AEBAC6F6B3F8013E7931",
  "Serilog.dll": "B8AF771ADF03B95E05C1A815EFA09F46",
  "Serilog.Sinks.Async.dll": "8DDC378D3BA4A7B309F1D871471DCD5F",
  "Serilog.Sinks.Console.dll": "EB32728115E7C65E28647ECA01B56778",
  "Serilog.Sinks.File.dll": "236FC762842DEAC7A415E0297BA0538A",
  "SharpDX.Direct3D11.dll": "D170D5FFA19FDF6673D49172E421C998",
  "SharpDX.dll": "6CEB95846597A1F9E0E4641E41355313",
  "SharpDX.DXGI.dll": "02525750864E926B27CB234ACE9A85BF",
  "SharpDX.Mathematics.dll": "2D56E7B518D03302BF007EBEE2BBC2B7",
  "SQLite-net.dll": "85A38B47BBF9FE07021DFE13056A5942",
  "SQLitePCLRaw.batteries_v2.dll": "C549109B2EF8D873623BE731DC9E48B4",
  "SQLitePCLRaw.core.dll": "E842FF92E2C027364BD6D41B14ED36EF",
  "SQLitePCLRaw.nativelibrary.dll": "8D9CAFCACE5BB481F2648D86145EC180",
  "SQLitePCLRaw.provider.dynamic_cdecl.dll": "CAA15737E42B7250CDFADC663843658B",
  "StreamJsonRpc.dll": "6157633EE85D57CFF6772C1526F2D352",
  "System.Reactive.dll": "EF5A00287AD15393D41B12AA4B726FF7",
  "System.Reflection.MetadataLoadContext.dll": "284C720DEE2524BCF10DD1B5648AA303",
  "System.Security.Cryptography.Pkcs.dll": "8950E01996A37E808BE3F39063C37BF9",
  "TEMP_gitver.txt": "EB76C31AB7CC22005ED932F6BD3C0DCF",
  "TerraFX.Interop.Windows.dll": "84F7EF6B0DE91F8CC23F773D3FD6DEC0"
}
