{
  "cs\\Microsoft.VisualStudio.Threading.resources.dll": "59CC07A0788ED5D2D7B1EC4C24692B5E",
  "cs\\Microsoft.VisualStudio.Validation.resources.dll": "6D64EB21E28D7DA0951CCB11D5A111DB",
  "cs\\StreamJsonRpc.resources.dll": "187B9DF9156C8ECA5FFC2D8DFC0D0AEB",
  "de\\Microsoft.VisualStudio.Threading.resources.dll": "E8F71F6E86250EE8F040884F21901A84",
  "de\\Microsoft.VisualStudio.Validation.resources.dll": "6BDBEB8494C6DF5EE482065A9D7F0B1E",
  "de\\StreamJsonRpc.resources.dll": "18A2EE45995D18CB97504B89E1D8EA84",
  "es\\Microsoft.VisualStudio.Threading.resources.dll": "C91684BC69AC34D7C4761C769C4613CE",
  "es\\Microsoft.VisualStudio.Validation.resources.dll": "0F92DD2019CF7222118E8B5D9409A328",
  "es\\StreamJsonRpc.resources.dll": "1426AE60A50C341884A93E75FDCB8F15",
  "fr\\Microsoft.VisualStudio.Threading.resources.dll": "8DF66006C30B545517609BC994A333BF",
  "fr\\Microsoft.VisualStudio.Validation.resources.dll": "1299DF7F85B8ABCC8205E7F968E64DE5",
  "fr\\StreamJsonRpc.resources.dll": "E0EF73E9AC6F5AC89FEFA3E4442FA526",
  "it\\Microsoft.VisualStudio.Threading.resources.dll": "ACB2901AD3BA29250398D7F7C7F06472",
  "it\\Microsoft.VisualStudio.Validation.resources.dll": "E96AFCAC956DE57A60CF403431A06B9F",
  "it\\StreamJsonRpc.resources.dll": "AF93C232BE3DE144BDBA9D47B0CF1FBA",
  "ja\\Microsoft.VisualStudio.Threading.resources.dll": "57953EF05139ABD830A160D29D477AE7",
  "ja\\Microsoft.VisualStudio.Validation.resources.dll": "37C3387A524C942BC21029A532E0FA88",
  "ja\\StreamJsonRpc.resources.dll": "71C0BF4563B000F7F6FD977A56646389",
  "ko\\Microsoft.VisualStudio.Threading.resources.dll": "4E69F9315A2BE37081E916836BD2865B",
  "ko\\Microsoft.VisualStudio.Validation.resources.dll": "F7519010D92C7E3BF6DD25032575FD3D",
  "ko\\StreamJsonRpc.resources.dll": "0462338CED7D90B6A89AA6C5C0B553ED",
  "pl\\Microsoft.VisualStudio.Threading.resources.dll": "E957E9AD4D62A6EDE5DEDB85DCB66BE0",
  "pl\\Microsoft.VisualStudio.Validation.resources.dll": "157FEA4FF784A1A3C450AAEAFC808171",
  "pl\\StreamJsonRpc.resources.dll": "A386D42B9AC0F3349E75FA0711BF6125",
  "pt-BR\\Microsoft.VisualStudio.Threading.resources.dll": "D0E584DCA9CFC97B49480B5326D1BE85",
  "pt-BR\\Microsoft.VisualStudio.Validation.resources.dll": "F1D96FD5909173972C661A1D8FE629DB",
  "pt-BR\\StreamJsonRpc.resources.dll": "7FF82CEBA9C3AFD947DC59A5FE132C78",
  "ru\\Microsoft.VisualStudio.Threading.resources.dll": "53F0D3DFF78ACA534A9F06C3E435BCDE",
  "ru\\Microsoft.VisualStudio.Validation.resources.dll": "DA5D932621691D0A43F9C41589BEA612",
  "ru\\StreamJsonRpc.resources.dll": "2BE00971D9A6088B5EC340B210503234",
  "runtimes\\alpine-x64\\native\\libe_sqlite3.so": "39C244FEDBCD3DFC37041D4FCE1AE21D",
  "runtimes\\linux-arm\\native\\libe_sqlite3.so": "96CF54BC0EFB83D6E3F5F3E04997A59D",
  "runtimes\\linux-arm64\\native\\libe_sqlite3.so": "F079E55E7F3F9966A4A2052A3234E068",
  "runtimes\\linux-armel\\native\\libe_sqlite3.so": "C5A67D49434FC65D64E9C15778078C76",
  "runtimes\\linux-mips64\\native\\libe_sqlite3.so": "5F8461214089CFC677D46C19B7162161",
  "runtimes\\linux-musl-x64\\native\\libe_sqlite3.so": "39C244FEDBCD3DFC37041D4FCE1AE21D",
  "runtimes\\linux-x64\\native\\libe_sqlite3.so": "6F49C540D3AB9964D67A4A704C3D262D",
  "runtimes\\linux-x86\\native\\libe_sqlite3.so": "5E0659B414CBD6DDC38C65582485853E",
  "runtimes\\osx-x64\\native\\libe_sqlite3.dylib": "F82AE134FCD1C080A69D775591406673",
  "runtimes\\win-arm\\native\\e_sqlite3.dll": "C95A405ACBBE4086BB1B54198DDCB747",
  "runtimes\\win-arm64\\native\\e_sqlite3.dll": "51DA86BF16C4CB136B3CAECC072EA75A",
  "runtimes\\win-x64\\native\\e_sqlite3.dll": "EDCB54B7308E2D60277A58F6BFD06C49",
  "runtimes\\win-x64\\native\\minhook.x64d.dll": "EF0FE88146B64A5FA85E19C5F5A326D1",
  "runtimes\\win-x86\\native\\e_sqlite3.dll": "FD756C11FC046B36AB349EBB99918619",
  "targets\\Dalamud.Plugin.Bootstrap.targets": "C85635161398CD9852CF7212DB7EB904",
  "targets\\Dalamud.Plugin.targets": "394EE2BEC70254F76ABBE2C33F62BBFA",
  "tr\\Microsoft.VisualStudio.Threading.resources.dll": "538FE3DA0C0527DC98456020A4351A85",
  "tr\\Microsoft.VisualStudio.Validation.resources.dll": "7C15CA39FCA7DF71D62C46E6F03389EF",
  "tr\\StreamJsonRpc.resources.dll": "E2AD6BCEBF0533F4D421EE83B42795C1",
  "zh-Hans\\Microsoft.VisualStudio.Threading.resources.dll": "4263966625E34972E95A9C1A2A0C61E8",
  "zh-Hans\\Microsoft.VisualStudio.Validation.resources.dll": "EB7953D05EF1CE51E790708D42EE5D18",
  "zh-Hans\\StreamJsonRpc.resources.dll": "FF596CD821202672B86089A5AB619C71",
  "zh-Hant\\Microsoft.VisualStudio.Threading.resources.dll": "4B693EDFE83A99478E1041AA17FFC35A",
  "zh-Hant\\Microsoft.VisualStudio.Validation.resources.dll": "8EF011A0285333D0EEFE22D5AA7A1702",
  "zh-Hant\\StreamJsonRpc.resources.dll": "BBF8E9013F9B1244348840EAA9CAF9B0",
  "BCnEncoder.dll": "1564E538624B44E4206BAE1A7A63B403",
  "BitFaster.Caching.dll": "4B0A769D2B2621D477ED468567812829",
  "CheapLoc.dll": "F10534A545B5D0D38D3AB1A5058046EC",
  "cimgui.dll": "2950B1465768A8F2EFF09488F756B741",
  "cimguizmo.dll": "73DA0E0BEC9DC63528D1B225CAA23667",
  "cimplot.dll": "89F1321D34BF4A56B17DD99F18706E54",
  "commit_hash.txt": "B478A6B02FDA82BE20A6DAB37F47DE70",
  "CommunityToolkit.HighPerformance.dll": "66B64EC334625F2C5D341A45E28EEB43",
  "Dalamud.Bindings.ImGui.dll": "72F64733EB711F612A01A07C6B61F154",
  "Dalamud.Bindings.ImGuizmo.dll": "4BEA50C4E955E2AE3B4B1D9F63393DFF",
  "Dalamud.Bindings.ImPlot.dll": "2077FD221BC23AE40ACE0E27205E9352",
  "Dalamud.Boot.dll": "255EEF3915243B57B289B3272552B746",
  "Dalamud.Common.dll": "F5C9E435705E1FAF8DF54F795306794C",
  "Dalamud.deps.json": "1CBC28407DEFCB543E717ECAC92494C8",
  "Dalamud.dll": "93E2F3513764C0B7DB88EF861C94EFEF",
  "Dalamud.Injector.deps.json": "172E729569F73D338FB44810869B424F",
  "Dalamud.Injector.dll": "FEA726A4C3950BD85F89C03AE0C2A399",
  "Dalamud.Injector.exe": "87DE822FC15188BDB51B08EEF87293AC",
  "Dalamud.Injector.runtimeconfig.json": "481C4D4F6151485203242D25F632FCC5",
  "Dalamud.Injector.xml": "573870DEB8A9854EC20203EDE9D78425",
  "Dalamud.runtimeconfig.json": "9DB7F0D7C94CA1AA6CA3ACFA6F93A1D8",
  "Dalamud.xml": "CC46C8DBF8C5921C4D4771158FC5F184",
  "DalamudCrashHandler.exe": "566DEFA83C7C13CFB19CD28CAED7C8DD",
  "FASM-LICENSE.TXT": "ECEA1D10811221D5F0A3E96F9C38E2C7",
  "FASM.DLL": "ED69E2A7C791D66D9F1E8F55EBFC127E",
  "FASMX64.DLL": "49B8007A14C65C03902D318F15CF15C9",
  "FFXIVClientStructs.dll": "2ECADEA31D953606D6A24748836C4D3C",
  "FFXIVClientStructs.xml": "AF27831EE858B63D292F2CDD8B6F245E",
  "goatcorp.Reloaded.Assembler.dll": "A10DEF7779948971ACDA25D26556D82C",
  "goatcorp.Reloaded.Assembler.targets": "CC22CB0A353E2136EE9E6E96DB9F7164",
  "goatcorp.Reloaded.Hooks.dll": "7267EC2CD08C0CD5DD5B136A40E7275B",
  "goatcorp.Reloaded.Memory.Buffers.dll": "4C4E1F28A1F1B19E11628CA9FAAB7FD6",
  "HexaGen.Runtime.dll": "12321E51C493987AAC5C18CC1FA0DEE6",
  "Iced.dll": "088B7678FE524A23F0FC19F629D42CA0",
  "ImGuiScene.dll": "555ED2441A6B9777DA7552844A283F63",
  "InteropGenerator.Runtime.dll": "2770594CFAC18025FB399AF825259500",
  "JetBrains.Annotations.dll": "835C16C3A76AE0A71998225686C4F632",
  "licenses.txt": "A159BE62AA91178EFC3E3983AE874D1D",
  "Lumina.dll": "6F20C08ED9752F5AE8098B5DC0A98D21",
  "Lumina.Excel.dll": "BC070334B7B61946C716CD68BDB49833",
  "Lumina.Excel.xml": "3D3B7AD224A8A04B92B2B311FB8DA535",
  "MessagePack.Annotations.dll": "2EFF838EA0BDC25B748138638729BCF0",
  "MessagePack.dll": "5A67C45440B237107E925641BDAEB589",
  "Microsoft.Extensions.ObjectPool.dll": "CB2B8426DF93B062B631BC85B3369BED",
  "Microsoft.NET.StringTools.dll": "88B3B9B25E54FF438D2F4F1609B726A4",
  "Microsoft.VisualStudio.Threading.dll": "EF2AC53B930F5ED16DA3B4CFB1033813",
  "Microsoft.VisualStudio.Validation.dll": "0B1D5949C6944383B1EE896C5E13D08B",
  "MinSharp.dll": "ECFAAA35C4E505BF680300D20402B2A7",
  "Mono.Cecil.dll": "E2211446DA72C2B0C125227DEFA7CDE8",
  "Mono.Cecil.Mdb.dll": "364A7F6441FE58D874397E4DA05A30A8",
  "Mono.Cecil.Pdb.dll": "6EC7EC16D7B1881637E59D67766CAC5D",
  "Mono.Cecil.Rocks.dll": "7F98D1DA24A31405766B20C35C041157",
  "Nerdbank.Streams.dll": "539451E456062345AF25E7E17335299B",
  "nethost.dll": "21F39F71E2F4B5BA9FB3F126872F2F9B",
  "Newtonsoft.Json.dll": "ADF3E3EECDE20B7C9661E9C47106A14A",
  "PeNet.Asn1.dll": "F7CEEE9CC8EEB438919ED352B2334B18",
  "PeNet.dll": "C3CE3B9C63825F74F271AF04E37D6821",
  "Reloaded.Hooks.Definitions.dll": "702E33327260D4B2A2549F126B081413",
  "Reloaded.Memory.Buffers.dll": "0B2E7291D037886B14CB79E432A7F390",
  "Reloaded.Memory.dll": "22A109770828B294F8C5A9E6DB08A007",
  "revision.txt": "A87C11B9100C608B7F8E98CFA316FF7B",
  "Serilog.dll": "27290017CB394F835E3742B6602FA539",
  "Serilog.Sinks.Async.dll": "6B76BF6872C222CDD5807897C2B9B689",
  "Serilog.Sinks.Console.dll": "E5A419F03F52AD6C017D8C19F5282D96",
  "Serilog.Sinks.File.dll": "E05B3BCD04687083A2ADCFCA3ACA1E58",
  "SQLite-net.dll": "31B9DCDF015F30940A6CCF80F789E135",
  "SQLitePCLRaw.batteries_v2.dll": "3139B51E7527E69135448B9C4A07D16E",
  "SQLitePCLRaw.core.dll": "D1E15AA2BD1EAB7C02C5C05AF6077824",
  "SQLitePCLRaw.nativelibrary.dll": "87DD05001B85E2EE9B721696A2251F5A",
  "SQLitePCLRaw.provider.dynamic_cdecl.dll": "F5EE4311DF64C58BAE3C019794C54E36",
  "StreamJsonRpc.dll": "6157633EE85D57CFF6772C1526F2D352",
  "System.Reactive.dll": "EF5A00287AD15393D41B12AA4B726FF7",
  "System.Reflection.MetadataLoadContext.dll": "284C720DEE2524BCF10DD1B5648AA303",
  "System.Security.Cryptography.Pkcs.dll": "8950E01996A37E808BE3F39063C37BF9",
  "TEMP_gitver.txt": "3F0EE312E1DA40C64A1E11EDE059AF39",
  "TerraFX.Interop.Windows.dll": "C75D06E77DE5A095D45676A81CDE0DC9"
}
