{
  "cs\\Microsoft.VisualStudio.Threading.resources.dll": "59CC07A0788ED5D2D7B1EC4C24692B5E",
  "cs\\Microsoft.VisualStudio.Validation.resources.dll": "6D64EB21E28D7DA0951CCB11D5A111DB",
  "cs\\StreamJsonRpc.resources.dll": "187B9DF9156C8ECA5FFC2D8DFC0D0AEB",
  "de\\Microsoft.VisualStudio.Threading.resources.dll": "E8F71F6E86250EE8F040884F21901A84",
  "de\\Microsoft.VisualStudio.Validation.resources.dll": "6BDBEB8494C6DF5EE482065A9D7F0B1E",
  "de\\StreamJsonRpc.resources.dll": "18A2EE45995D18CB97504B89E1D8EA84",
  "es\\Microsoft.VisualStudio.Threading.resources.dll": "C91684BC69AC34D7C4761C769C4613CE",
  "es\\Microsoft.VisualStudio.Validation.resources.dll": "0F92DD2019CF7222118E8B5D9409A328",
  "es\\StreamJsonRpc.resources.dll": "1426AE60A50C341884A93E75FDCB8F15",
  "fr\\Microsoft.VisualStudio.Threading.resources.dll": "8DF66006C30B545517609BC994A333BF",
  "fr\\Microsoft.VisualStudio.Validation.resources.dll": "1299DF7F85B8ABCC8205E7F968E64DE5",
  "fr\\StreamJsonRpc.resources.dll": "E0EF73E9AC6F5AC89FEFA3E4442FA526",
  "it\\Microsoft.VisualStudio.Threading.resources.dll": "ACB2901AD3BA29250398D7F7C7F06472",
  "it\\Microsoft.VisualStudio.Validation.resources.dll": "E96AFCAC956DE57A60CF403431A06B9F",
  "it\\StreamJsonRpc.resources.dll": "AF93C232BE3DE144BDBA9D47B0CF1FBA",
  "ja\\Microsoft.VisualStudio.Threading.resources.dll": "57953EF05139ABD830A160D29D477AE7",
  "ja\\Microsoft.VisualStudio.Validation.resources.dll": "37C3387A524C942BC21029A532E0FA88",
  "ja\\StreamJsonRpc.resources.dll": "71C0BF4563B000F7F6FD977A56646389",
  "ko\\Microsoft.VisualStudio.Threading.resources.dll": "4E69F9315A2BE37081E916836BD2865B",
  "ko\\Microsoft.VisualStudio.Validation.resources.dll": "F7519010D92C7E3BF6DD25032575FD3D",
  "ko\\StreamJsonRpc.resources.dll": "0462338CED7D90B6A89AA6C5C0B553ED",
  "pl\\Microsoft.VisualStudio.Threading.resources.dll": "E957E9AD4D62A6EDE5DEDB85DCB66BE0",
  "pl\\Microsoft.VisualStudio.Validation.resources.dll": "157FEA4FF784A1A3C450AAEAFC808171",
  "pl\\StreamJsonRpc.resources.dll": "A386D42B9AC0F3349E75FA0711BF6125",
  "pt-BR\\Microsoft.VisualStudio.Threading.resources.dll": "D0E584DCA9CFC97B49480B5326D1BE85",
  "pt-BR\\Microsoft.VisualStudio.Validation.resources.dll": "F1D96FD5909173972C661A1D8FE629DB",
  "pt-BR\\StreamJsonRpc.resources.dll": "7FF82CEBA9C3AFD947DC59A5FE132C78",
  "ru\\Microsoft.VisualStudio.Threading.resources.dll": "53F0D3DFF78ACA534A9F06C3E435BCDE",
  "ru\\Microsoft.VisualStudio.Validation.resources.dll": "DA5D932621691D0A43F9C41589BEA612",
  "ru\\StreamJsonRpc.resources.dll": "2BE00971D9A6088B5EC340B210503234",
  "runtimes\\alpine-arm\\native\\libe_sqlite3.so": "87AF85204A246154501382901F3F6812",
  "runtimes\\alpine-arm64\\native\\libe_sqlite3.so": "CD4B9AAB53400EFE96ABC32B339A866A",
  "runtimes\\alpine-x64\\native\\libe_sqlite3.so": "6C9D6E34F1E932668237404D6EB6FC66",
  "runtimes\\browser-wasm\\nativeassets\\net7.0\\e_sqlite3.a": "E25518AC5EAD5E787448F3258236888E",
  "runtimes\\linux-arm\\native\\libe_sqlite3.so": "B8DA0DB6A447B5CCE98207F6A250FB84",
  "runtimes\\linux-arm64\\native\\libe_sqlite3.so": "A888898B38395A15F2DE200BAA8B486F",
  "runtimes\\linux-armel\\native\\libe_sqlite3.so": "54F3F4183B81387F7928ED0BB9B67B32",
  "runtimes\\linux-mips64\\native\\libe_sqlite3.so": "D56886A2E2F081CDEA1621BB18132764",
  "runtimes\\linux-musl-arm\\native\\libe_sqlite3.so": "87AF85204A246154501382901F3F6812",
  "runtimes\\linux-musl-arm64\\native\\libe_sqlite3.so": "CD4B9AAB53400EFE96ABC32B339A866A",
  "runtimes\\linux-musl-x64\\native\\libe_sqlite3.so": "6C9D6E34F1E932668237404D6EB6FC66",
  "runtimes\\linux-s390x\\native\\libe_sqlite3.so": "CB751CC76F280849C0E2F718D6784E69",
  "runtimes\\linux-x64\\native\\libe_sqlite3.so": "30098E7FAEB947BF5A5AE2FDB34E4461",
  "runtimes\\linux-x86\\native\\libe_sqlite3.so": "68872BD5071077981504636C2353EAA8",
  "runtimes\\maccatalyst-arm64\\native\\libe_sqlite3.dylib": "B2597C8799A6D21E5B98DB28C9C725FD",
  "runtimes\\maccatalyst-x64\\native\\libe_sqlite3.dylib": "19DCF2A64A7B5D1B8C7705AC809653A5",
  "runtimes\\osx-arm64\\native\\libe_sqlite3.dylib": "FB6D0058E0E849FA8715911B49790350",
  "runtimes\\osx-x64\\native\\libe_sqlite3.dylib": "DE5735102E730C1518C029DB3A0040A9",
  "runtimes\\win-arm\\native\\e_sqlite3.dll": "5AF90BCDDABC66595C6DD12F883637F0",
  "runtimes\\win-arm64\\native\\e_sqlite3.dll": "0D4ACEA5ACE33B45E416456131C09851",
  "runtimes\\win-x64\\native\\e_sqlite3.dll": "5235E13993F0D8C03DA70C47ECC16C46",
  "runtimes\\win-x64\\native\\minhook.x64d.dll": "01FFC0AFDBA7DDEF116DA45F8E05288B",
  "runtimes\\win-x86\\native\\e_sqlite3.dll": "76995B99AC526CE29C066F62FA441DF8",
  "tr\\Microsoft.VisualStudio.Threading.resources.dll": "538FE3DA0C0527DC98456020A4351A85",
  "tr\\Microsoft.VisualStudio.Validation.resources.dll": "7C15CA39FCA7DF71D62C46E6F03389EF",
  "tr\\StreamJsonRpc.resources.dll": "E2AD6BCEBF0533F4D421EE83B42795C1",
  "zh-Hans\\Microsoft.VisualStudio.Threading.resources.dll": "4263966625E34972E95A9C1A2A0C61E8",
  "zh-Hans\\Microsoft.VisualStudio.Validation.resources.dll": "EB7953D05EF1CE51E790708D42EE5D18",
  "zh-Hans\\StreamJsonRpc.resources.dll": "FF596CD821202672B86089A5AB619C71",
  "zh-Hant\\Microsoft.VisualStudio.Threading.resources.dll": "4B693EDFE83A99478E1041AA17FFC35A",
  "zh-Hant\\Microsoft.VisualStudio.Validation.resources.dll": "8EF011A0285333D0EEFE22D5AA7A1702",
  "zh-Hant\\StreamJsonRpc.resources.dll": "BBF8E9013F9B1244348840EAA9CAF9B0",
  "BCnEncoder.dll": "E1CAAA0E97BB0F137800E4F98E870DE8",
  "BitFaster.Caching.dll": "B5D5C617C8374E108A523E9DDCB007E3",
  "CheapLoc.dll": "509C181FF311C0499DBB3B52E97CEB11",
  "cimgui.dll": "983E1064D5B36D1FA1EEE05DB37377D9",
  "cimguizmo.dll": "A1644D3291A98BACAD2397350A338EE6",
  "cimplot.dll": "C99C7565A2E713DE5388EB8C6D637CC0",
  "commit_hash.txt": "D20C55412538B67F888B1C91E61E366E",
  "CommunityToolkit.HighPerformance.dll": "66B64EC334625F2C5D341A45E28EEB43",
  "Dalamud.Bindings.ImGui.dll": "1F5FCC15B10791158685B188F7E9378B",
  "Dalamud.Bindings.ImGuizmo.dll": "7156FFCD1002A568E7183BE084DB0774",
  "Dalamud.Bindings.ImPlot.dll": "28C0B8DB3BA6F2D32B97576427CF8F81",
  "Dalamud.Boot.dll": "7ED49DF971196CAF264B52D1CE304F43",
  "Dalamud.Common.dll": "938688750CDCBE8FAA78B2DB7B43A8D0",
  "Dalamud.deps.json": "9DD468F34254663D22C7E6FAE16EA59F",
  "Dalamud.dll": "5AB2DE88D3DFD256E893931D61A814E8",
  "Dalamud.Injector.deps.json": "DC7A37D1ECAADAF9946D1957958D13D8",
  "Dalamud.Injector.dll": "BB527B5C50ED6E81DECA41D129360FF2",
  "Dalamud.Injector.exe": "043F121F50B1CE4CD1E5F81F1E6EC593",
  "Dalamud.Injector.runtimeconfig.json": "481C4D4F6151485203242D25F632FCC5",
  "Dalamud.Injector.xml": "573870DEB8A9854EC20203EDE9D78425",
  "Dalamud.runtimeconfig.json": "9DB7F0D7C94CA1AA6CA3ACFA6F93A1D8",
  "Dalamud.xml": "0A7D8B840D48E1FA2B56BF31CA1EE3BD",
  "DalamudCrashHandler.exe": "038B92AD7C98B01E42AB1177FA5CCC73",
  "FASM-LICENSE.TXT": "ECEA1D10811221D5F0A3E96F9C38E2C7",
  "FASM.DLL": "1AEA050BE87D0A9F24A328D6B1C5C856",
  "FASMX64.DLL": "3C4C0EF27C11261AE971DD5A1DFF2111",
  "FFXIVClientStructs.dll": "3A57E9A76C601F4F82E74B3E99F8A99A",
  "FFXIVClientStructs.xml": "AF27831EE858B63D292F2CDD8B6F245E",
  "goatcorp.Reloaded.Assembler.dll": "1D3A668B75AC249FA8993D64E2F62146",
  "goatcorp.Reloaded.Assembler.targets": "CC22CB0A353E2136EE9E6E96DB9F7164",
  "goatcorp.Reloaded.Hooks.dll": "00B4CFD225D8CFEB9C4D742F78E4ADFC",
  "goatcorp.Reloaded.Memory.Buffers.dll": "46C99861E81EBE9B99FC8F3B0BEF6D80",
  "HexaGen.Runtime.dll": "13C0CFEF8FC24CE79F5878A9F083F318",
  "Iced.dll": "FAF7E8635B7C733F800E02A64C61DACA",
  "ImGuiScene.dll": "2AF0B8C7832ECCACC1435EBF6C389797",
  "InteropGenerator.Runtime.dll": "561BF766EB03C38FEF60C83B83DC8151",
  "JetBrains.Annotations.dll": "D334483DFBCF8BE6062277E1FB3B94F3",
  "licenses.txt": "A159BE62AA91178EFC3E3983AE874D1D",
  "Lumina.dll": "D13EC2B36BE5201E85A8E490ECD62D54",
  "Lumina.Excel.dll": "E8DDEB85ABE83DE8D4CEEDE2F61452CC",
  "Lumina.Excel.xml": "3D3B7AD224A8A04B92B2B311FB8DA535",
  "MessagePack.Annotations.dll": "ABF21031CE515197492678231EFC7BF2",
  "MessagePack.dll": "405FAC94C6C978AE66902103C56210A9",
  "Microsoft.Extensions.ObjectPool.dll": "CB2B8426DF93B062B631BC85B3369BED",
  "Microsoft.NET.StringTools.dll": "88B3B9B25E54FF438D2F4F1609B726A4",
  "Microsoft.VisualStudio.Threading.dll": "EF2AC53B930F5ED16DA3B4CFB1033813",
  "Microsoft.VisualStudio.Validation.dll": "0B1D5949C6944383B1EE896C5E13D08B",
  "MinSharp.dll": "CCE5E6A95B70F93AE0C2EAAF969AD8B6",
  "Mono.Cecil.dll": "D01B03C80FF824350D09D3E8B4597F68",
  "Mono.Cecil.Mdb.dll": "9FBEE4CEC457D33A09062294D379AE41",
  "Mono.Cecil.Pdb.dll": "F0BD3E280B1F4D7D9BFAE4C8D3DE5EC6",
  "Mono.Cecil.Rocks.dll": "99ED8DD7CFD962A7008C871DF5374D8C",
  "Nerdbank.Streams.dll": "539451E456062345AF25E7E17335299B",
  "nethost.dll": "21F39F71E2F4B5BA9FB3F126872F2F9B",
  "Newtonsoft.Json.dll": "C252FE44B67A08E6DAB4EADE3764DB49",
  "PeNet.Asn1.dll": "4BBC1F75F2C5189CA18A68F372139414",
  "PeNet.dll": "64C2FAD66A9A4A646AED69BF34FE8CFD",
  "Reloaded.Hooks.Definitions.dll": "28F750AB561E7107D4FEEB7149CC5751",
  "Reloaded.Memory.Buffers.dll": "19099FC33F282CF63A0B0FAFB5129314",
  "Reloaded.Memory.dll": "699D04686FB564C48FB468634DE11ADF",
  "revision.txt": "C6862D63B17D713EE14F3A405D9FDE77",
  "Serilog.dll": "04F8A283BD03D5879E8B2DDC13BADB8B",
  "Serilog.Sinks.Async.dll": "86B1A1D64909CA7BA6615523BD746235",
  "Serilog.Sinks.Console.dll": "C8D6487BB43DE9B7AF3013AE7B76D7FE",
  "Serilog.Sinks.File.dll": "04110B8655C0026776B21D6491C49C3D",
  "SQLite-net.dll": "15310E87BEA8653514C084FD6FC3B21F",
  "SQLitePCLRaw.batteries_v2.dll": "80042A8E24A4B1A9C9F4F93415FD6CE0",
  "SQLitePCLRaw.core.dll": "08651B0B350933F5041CC08C5520464A",
  "SQLitePCLRaw.provider.e_sqlite3.dll": "131FCFDE686EA7B1A03E14B49764D580",
  "StreamJsonRpc.dll": "6157633EE85D57CFF6772C1526F2D352",
  "System.Reactive.dll": "C6016588304D55406E3D1C2FA7D42903",
  "System.Reflection.MetadataLoadContext.dll": "284C720DEE2524BCF10DD1B5648AA303",
  "System.Security.Cryptography.Pkcs.dll": "17945B2BF07D9377E36AD3EBE69FF693",
  "TEMP_gitver.txt": "9AE828E5AA6C64022EA5CBF9B587D8AA",
  "TerraFX.Interop.Windows.dll": "C75D06E77DE5A095D45676A81CDE0DC9"
}
