{
  "cs\\Microsoft.VisualStudio.Threading.resources.dll": "59CC07A0788ED5D2D7B1EC4C24692B5E",
  "cs\\Microsoft.VisualStudio.Validation.resources.dll": "6D64EB21E28D7DA0951CCB11D5A111DB",
  "cs\\StreamJsonRpc.resources.dll": "187B9DF9156C8ECA5FFC2D8DFC0D0AEB",
  "de\\Microsoft.VisualStudio.Threading.resources.dll": "E8F71F6E86250EE8F040884F21901A84",
  "de\\Microsoft.VisualStudio.Validation.resources.dll": "6BDBEB8494C6DF5EE482065A9D7F0B1E",
  "de\\StreamJsonRpc.resources.dll": "18A2EE45995D18CB97504B89E1D8EA84",
  "es\\Microsoft.VisualStudio.Threading.resources.dll": "C91684BC69AC34D7C4761C769C4613CE",
  "es\\Microsoft.VisualStudio.Validation.resources.dll": "0F92DD2019CF7222118E8B5D9409A328",
  "es\\StreamJsonRpc.resources.dll": "1426AE60A50C341884A93E75FDCB8F15",
  "fr\\Microsoft.VisualStudio.Threading.resources.dll": "8DF66006C30B545517609BC994A333BF",
  "fr\\Microsoft.VisualStudio.Validation.resources.dll": "1299DF7F85B8ABCC8205E7F968E64DE5",
  "fr\\StreamJsonRpc.resources.dll": "E0EF73E9AC6F5AC89FEFA3E4442FA526",
  "it\\Microsoft.VisualStudio.Threading.resources.dll": "ACB2901AD3BA29250398D7F7C7F06472",
  "it\\Microsoft.VisualStudio.Validation.resources.dll": "E96AFCAC956DE57A60CF403431A06B9F",
  "it\\StreamJsonRpc.resources.dll": "AF93C232BE3DE144BDBA9D47B0CF1FBA",
  "ja\\Microsoft.VisualStudio.Threading.resources.dll": "57953EF05139ABD830A160D29D477AE7",
  "ja\\Microsoft.VisualStudio.Validation.resources.dll": "37C3387A524C942BC21029A532E0FA88",
  "ja\\StreamJsonRpc.resources.dll": "71C0BF4563B000F7F6FD977A56646389",
  "ko\\Microsoft.VisualStudio.Threading.resources.dll": "4E69F9315A2BE37081E916836BD2865B",
  "ko\\Microsoft.VisualStudio.Validation.resources.dll": "F7519010D92C7E3BF6DD25032575FD3D",
  "ko\\StreamJsonRpc.resources.dll": "0462338CED7D90B6A89AA6C5C0B553ED",
  "pl\\Microsoft.VisualStudio.Threading.resources.dll": "E957E9AD4D62A6EDE5DEDB85DCB66BE0",
  "pl\\Microsoft.VisualStudio.Validation.resources.dll": "157FEA4FF784A1A3C450AAEAFC808171",
  "pl\\StreamJsonRpc.resources.dll": "A386D42B9AC0F3349E75FA0711BF6125",
  "pt-BR\\Microsoft.VisualStudio.Threading.resources.dll": "D0E584DCA9CFC97B49480B5326D1BE85",
  "pt-BR\\Microsoft.VisualStudio.Validation.resources.dll": "F1D96FD5909173972C661A1D8FE629DB",
  "pt-BR\\StreamJsonRpc.resources.dll": "7FF82CEBA9C3AFD947DC59A5FE132C78",
  "ru\\Microsoft.VisualStudio.Threading.resources.dll": "53F0D3DFF78ACA534A9F06C3E435BCDE",
  "ru\\Microsoft.VisualStudio.Validation.resources.dll": "DA5D932621691D0A43F9C41589BEA612",
  "ru\\StreamJsonRpc.resources.dll": "2BE00971D9A6088B5EC340B210503234",
  "runtimes\\alpine-x64\\native\\libe_sqlite3.so": "39C244FEDBCD3DFC37041D4FCE1AE21D",
  "runtimes\\linux-arm\\native\\libe_sqlite3.so": "96CF54BC0EFB83D6E3F5F3E04997A59D",
  "runtimes\\linux-arm64\\native\\libe_sqlite3.so": "F079E55E7F3F9966A4A2052A3234E068",
  "runtimes\\linux-armel\\native\\libe_sqlite3.so": "C5A67D49434FC65D64E9C15778078C76",
  "runtimes\\linux-mips64\\native\\libe_sqlite3.so": "5F8461214089CFC677D46C19B7162161",
  "runtimes\\linux-musl-x64\\native\\libe_sqlite3.so": "39C244FEDBCD3DFC37041D4FCE1AE21D",
  "runtimes\\linux-x64\\native\\libe_sqlite3.so": "6F49C540D3AB9964D67A4A704C3D262D",
  "runtimes\\linux-x86\\native\\libe_sqlite3.so": "5E0659B414CBD6DDC38C65582485853E",
  "runtimes\\osx-x64\\native\\libe_sqlite3.dylib": "F82AE134FCD1C080A69D775591406673",
  "runtimes\\win-arm\\native\\e_sqlite3.dll": "268AD6A81E1E3A4FD745D0379B7B94FC",
  "runtimes\\win-arm64\\native\\e_sqlite3.dll": "CA5ACFBB1297FD4E0271EE75A3110D22",
  "runtimes\\win-x64\\native\\e_sqlite3.dll": "01F7F91DF3A89B271D7C85AF91307482",
  "runtimes\\win-x64\\native\\minhook.x64d.dll": "71C4960FBF99D2406F05A5CB0775685E",
  "runtimes\\win-x86\\native\\e_sqlite3.dll": "16D98CA3CE19C6D97735894E0712293E",
  "tr\\Microsoft.VisualStudio.Threading.resources.dll": "538FE3DA0C0527DC98456020A4351A85",
  "tr\\Microsoft.VisualStudio.Validation.resources.dll": "7C15CA39FCA7DF71D62C46E6F03389EF",
  "tr\\StreamJsonRpc.resources.dll": "E2AD6BCEBF0533F4D421EE83B42795C1",
  "zh-Hans\\Microsoft.VisualStudio.Threading.resources.dll": "4263966625E34972E95A9C1A2A0C61E8",
  "zh-Hans\\Microsoft.VisualStudio.Validation.resources.dll": "EB7953D05EF1CE51E790708D42EE5D18",
  "zh-Hans\\StreamJsonRpc.resources.dll": "FF596CD821202672B86089A5AB619C71",
  "zh-Hant\\Microsoft.VisualStudio.Threading.resources.dll": "4B693EDFE83A99478E1041AA17FFC35A",
  "zh-Hant\\Microsoft.VisualStudio.Validation.resources.dll": "8EF011A0285333D0EEFE22D5AA7A1702",
  "zh-Hant\\StreamJsonRpc.resources.dll": "BBF8E9013F9B1244348840EAA9CAF9B0",
  "BCnEncoder.dll": "15567C726227291B6F389662A7CFCA32",
  "BitFaster.Caching.dll": "24B8A6E7A37BF84EE4AFD9DF4FC3EFFE",
  "CheapLoc.dll": "B99513C843863CDD5D9A478DE716E8B4",
  "cimgui.dll": "6A62077B39EB85B1FFCA545D0A46F2DB",
  "cimguizmo.dll": "A5969038E1C9D2D384D241E198516B31",
  "cimplot.dll": "8020FE3CA17D0A4BD30E2E3C5CDFC0A9",
  "commit_hash.txt": "F61297C9B953B0FFA4EAD8F7D6DBF84D",
  "CommunityToolkit.HighPerformance.dll": "66B64EC334625F2C5D341A45E28EEB43",
  "Dalamud.Bindings.ImGui.dll": "2F50F86C753ABDBE05DAAB9060AD9118",
  "Dalamud.Bindings.ImGuizmo.dll": "FF00B3F00437823543EE01705BCBEA42",
  "Dalamud.Bindings.ImPlot.dll": "9C91814BF8917EDA880DAF17A15A67ED",
  "Dalamud.Boot.dll": "3E5C042CEF9610F28E330B055EFA1516",
  "Dalamud.Common.dll": "6C81DA8C4AF0DA5E5B83ADFFDA57DC87",
  "Dalamud.deps.json": "1CBC28407DEFCB543E717ECAC92494C8",
  "Dalamud.dll": "AC76B2FE714284E5A8CC744CB865132C",
  "Dalamud.Injector.deps.json": "172E729569F73D338FB44810869B424F",
  "Dalamud.Injector.dll": "152B59AE2A7B66D12886597C5314F736",
  "Dalamud.Injector.exe": "4566782D5501A72808A16BD087276A53",
  "Dalamud.Injector.runtimeconfig.json": "481C4D4F6151485203242D25F632FCC5",
  "Dalamud.Injector.xml": "573870DEB8A9854EC20203EDE9D78425",
  "Dalamud.runtimeconfig.json": "9DB7F0D7C94CA1AA6CA3ACFA6F93A1D8",
  "Dalamud.xml": "F6939B01A4592AAEF46150E2606E36F1",
  "DalamudCrashHandler.exe": "058D996F737CD79F87F371F2CFB65BDE",
  "FASM-LICENSE.TXT": "ECEA1D10811221D5F0A3E96F9C38E2C7",
  "FASM.DLL": "DBCC3ECF52062F73A0B5AC7FD4A97000",
  "FASMX64.DLL": "38504130978A3F9993F73BC85E67CA27",
  "FFXIVClientStructs.dll": "4EC318A0E177BCA11250A3F7C0D397B2",
  "FFXIVClientStructs.xml": "AF27831EE858B63D292F2CDD8B6F245E",
  "goatcorp.Reloaded.Assembler.dll": "BBB09E1E40CFA8DD4736F03288406DC4",
  "goatcorp.Reloaded.Assembler.targets": "CC22CB0A353E2136EE9E6E96DB9F7164",
  "goatcorp.Reloaded.Hooks.dll": "57C9704E9AB67F36C0FF0C6AC28A6253",
  "goatcorp.Reloaded.Memory.Buffers.dll": "88691B05F80F36B96590167E8F9B9452",
  "HexaGen.Runtime.dll": "6C3C22B1EFCA0D8AC95C8FEB2BB0A550",
  "Iced.dll": "4D410356569A900EEB5797C9B2E07D46",
  "ImGuiScene.dll": "0CA8E3EE277CB7BDB265AA608F4D6415",
  "InteropGenerator.Runtime.dll": "D3619E84B0252F4F7DD6B95AE4163608",
  "JetBrains.Annotations.dll": "1308B09C6BFCA672321A388F493C989F",
  "licenses.txt": "A159BE62AA91178EFC3E3983AE874D1D",
  "Lumina.dll": "D777D130EA75648BCFA83643610C7DD8",
  "Lumina.Excel.dll": "52598CEE8BAECC10B119D96E6E2C354C",
  "Lumina.Excel.xml": "3D3B7AD224A8A04B92B2B311FB8DA535",
  "MessagePack.Annotations.dll": "CCD5CB29CCE82E0DF83785C52EBBBEFC",
  "MessagePack.dll": "A8001CC993F6FACB2E415464A45F7A6D",
  "Microsoft.Extensions.ObjectPool.dll": "CB2B8426DF93B062B631BC85B3369BED",
  "Microsoft.NET.StringTools.dll": "88B3B9B25E54FF438D2F4F1609B726A4",
  "Microsoft.VisualStudio.Threading.dll": "EF2AC53B930F5ED16DA3B4CFB1033813",
  "Microsoft.VisualStudio.Validation.dll": "0B1D5949C6944383B1EE896C5E13D08B",
  "MinSharp.dll": "8879FEC4D64660AD461EBC59104E9435",
  "Mono.Cecil.dll": "5E6D613126691025387A67AEA7EAD3F3",
  "Mono.Cecil.Mdb.dll": "67F5515E85BC3FB419D600DD73CB5253",
  "Mono.Cecil.Pdb.dll": "2A202898072496D7544EE2378A2497D0",
  "Mono.Cecil.Rocks.dll": "579FDFF7B04ADCACFB4DD27C497EB4ED",
  "Nerdbank.Streams.dll": "539451E456062345AF25E7E17335299B",
  "nethost.dll": "21F39F71E2F4B5BA9FB3F126872F2F9B",
  "Newtonsoft.Json.dll": "ADF3E3EECDE20B7C9661E9C47106A14A",
  "PeNet.Asn1.dll": "3187BB3E8EF99D209B6DD331768A3883",
  "PeNet.dll": "6039DA10FFF44633CBB8225710933F8E",
  "Reloaded.Hooks.Definitions.dll": "C13B2583301A3D7FA28207CB9CB0BC20",
  "Reloaded.Memory.Buffers.dll": "AA600ECA9C00C2E47DA84E22362E34DD",
  "Reloaded.Memory.dll": "8E9B6E7DFE2239FCBFEF9BD56C1B251E",
  "revision.txt": "30DE24287A6D8F07B37C716AD51623A7",
  "Serilog.dll": "ADD24B0CEF67CBAD064F1906FE5CE9DF",
  "Serilog.Sinks.Async.dll": "6ABC5B0FAC2D955D2373BBD33FF1CB6E",
  "Serilog.Sinks.Console.dll": "6E3349B970E115F9E3D1326D2E023443",
  "Serilog.Sinks.File.dll": "747BF5B68621ACBA3706B6E4AF8E8459",
  "SQLite-net.dll": "2D8CDA13D819E605FCD72F3986E3B5A4",
  "SQLitePCLRaw.batteries_v2.dll": "F47D12907C1D3537EEEAFAF9B015999E",
  "SQLitePCLRaw.core.dll": "A47564ACFD344A8D14BDB0BDD9891101",
  "SQLitePCLRaw.nativelibrary.dll": "56C11DAF9AEF19250D79ED5833D74BC6",
  "SQLitePCLRaw.provider.dynamic_cdecl.dll": "62FA1AB3735709F3D10FC01324E41535",
  "StreamJsonRpc.dll": "6157633EE85D57CFF6772C1526F2D352",
  "System.Reactive.dll": "EF5A00287AD15393D41B12AA4B726FF7",
  "System.Reflection.MetadataLoadContext.dll": "284C720DEE2524BCF10DD1B5648AA303",
  "System.Security.Cryptography.Pkcs.dll": "8950E01996A37E808BE3F39063C37BF9",
  "TEMP_gitver.txt": "D4F2178EA24AF1E7FD5132E1F6D61129",
  "TerraFX.Interop.Windows.dll": "C75D06E77DE5A095D45676A81CDE0DC9"
}
