{
  "cs\\Microsoft.VisualStudio.Threading.resources.dll": "59CC07A0788ED5D2D7B1EC4C24692B5E",
  "cs\\Microsoft.VisualStudio.Validation.resources.dll": "6D64EB21E28D7DA0951CCB11D5A111DB",
  "cs\\StreamJsonRpc.resources.dll": "187B9DF9156C8ECA5FFC2D8DFC0D0AEB",
  "de\\Microsoft.VisualStudio.Threading.resources.dll": "E8F71F6E86250EE8F040884F21901A84",
  "de\\Microsoft.VisualStudio.Validation.resources.dll": "6BDBEB8494C6DF5EE482065A9D7F0B1E",
  "de\\StreamJsonRpc.resources.dll": "18A2EE45995D18CB97504B89E1D8EA84",
  "es\\Microsoft.VisualStudio.Threading.resources.dll": "C91684BC69AC34D7C4761C769C4613CE",
  "es\\Microsoft.VisualStudio.Validation.resources.dll": "0F92DD2019CF7222118E8B5D9409A328",
  "es\\StreamJsonRpc.resources.dll": "1426AE60A50C341884A93E75FDCB8F15",
  "fr\\Microsoft.VisualStudio.Threading.resources.dll": "8DF66006C30B545517609BC994A333BF",
  "fr\\Microsoft.VisualStudio.Validation.resources.dll": "1299DF7F85B8ABCC8205E7F968E64DE5",
  "fr\\StreamJsonRpc.resources.dll": "E0EF73E9AC6F5AC89FEFA3E4442FA526",
  "it\\Microsoft.VisualStudio.Threading.resources.dll": "ACB2901AD3BA29250398D7F7C7F06472",
  "it\\Microsoft.VisualStudio.Validation.resources.dll": "E96AFCAC956DE57A60CF403431A06B9F",
  "it\\StreamJsonRpc.resources.dll": "AF93C232BE3DE144BDBA9D47B0CF1FBA",
  "ja\\Microsoft.VisualStudio.Threading.resources.dll": "57953EF05139ABD830A160D29D477AE7",
  "ja\\Microsoft.VisualStudio.Validation.resources.dll": "37C3387A524C942BC21029A532E0FA88",
  "ja\\StreamJsonRpc.resources.dll": "71C0BF4563B000F7F6FD977A56646389",
  "ko\\Microsoft.VisualStudio.Threading.resources.dll": "4E69F9315A2BE37081E916836BD2865B",
  "ko\\Microsoft.VisualStudio.Validation.resources.dll": "F7519010D92C7E3BF6DD25032575FD3D",
  "ko\\StreamJsonRpc.resources.dll": "0462338CED7D90B6A89AA6C5C0B553ED",
  "pl\\Microsoft.VisualStudio.Threading.resources.dll": "E957E9AD4D62A6EDE5DEDB85DCB66BE0",
  "pl\\Microsoft.VisualStudio.Validation.resources.dll": "157FEA4FF784A1A3C450AAEAFC808171",
  "pl\\StreamJsonRpc.resources.dll": "A386D42B9AC0F3349E75FA0711BF6125",
  "pt-BR\\Microsoft.VisualStudio.Threading.resources.dll": "D0E584DCA9CFC97B49480B5326D1BE85",
  "pt-BR\\Microsoft.VisualStudio.Validation.resources.dll": "F1D96FD5909173972C661A1D8FE629DB",
  "pt-BR\\StreamJsonRpc.resources.dll": "7FF82CEBA9C3AFD947DC59A5FE132C78",
  "ru\\Microsoft.VisualStudio.Threading.resources.dll": "53F0D3DFF78ACA534A9F06C3E435BCDE",
  "ru\\Microsoft.VisualStudio.Validation.resources.dll": "DA5D932621691D0A43F9C41589BEA612",
  "ru\\StreamJsonRpc.resources.dll": "2BE00971D9A6088B5EC340B210503234",
  "runtimes\\alpine-arm\\native\\libe_sqlite3.so": "87AF85204A246154501382901F3F6812",
  "runtimes\\alpine-arm64\\native\\libe_sqlite3.so": "CD4B9AAB53400EFE96ABC32B339A866A",
  "runtimes\\alpine-x64\\native\\libe_sqlite3.so": "6C9D6E34F1E932668237404D6EB6FC66",
  "runtimes\\browser-wasm\\nativeassets\\net7.0\\e_sqlite3.a": "E25518AC5EAD5E787448F3258236888E",
  "runtimes\\linux-arm\\native\\libe_sqlite3.so": "B8DA0DB6A447B5CCE98207F6A250FB84",
  "runtimes\\linux-arm64\\native\\libe_sqlite3.so": "A888898B38395A15F2DE200BAA8B486F",
  "runtimes\\linux-armel\\native\\libe_sqlite3.so": "54F3F4183B81387F7928ED0BB9B67B32",
  "runtimes\\linux-mips64\\native\\libe_sqlite3.so": "D56886A2E2F081CDEA1621BB18132764",
  "runtimes\\linux-musl-arm\\native\\libe_sqlite3.so": "87AF85204A246154501382901F3F6812",
  "runtimes\\linux-musl-arm64\\native\\libe_sqlite3.so": "CD4B9AAB53400EFE96ABC32B339A866A",
  "runtimes\\linux-musl-x64\\native\\libe_sqlite3.so": "6C9D6E34F1E932668237404D6EB6FC66",
  "runtimes\\linux-s390x\\native\\libe_sqlite3.so": "CB751CC76F280849C0E2F718D6784E69",
  "runtimes\\linux-x64\\native\\libe_sqlite3.so": "30098E7FAEB947BF5A5AE2FDB34E4461",
  "runtimes\\linux-x86\\native\\libe_sqlite3.so": "68872BD5071077981504636C2353EAA8",
  "runtimes\\maccatalyst-arm64\\native\\libe_sqlite3.dylib": "B2597C8799A6D21E5B98DB28C9C725FD",
  "runtimes\\maccatalyst-x64\\native\\libe_sqlite3.dylib": "19DCF2A64A7B5D1B8C7705AC809653A5",
  "runtimes\\osx-arm64\\native\\libe_sqlite3.dylib": "FB6D0058E0E849FA8715911B49790350",
  "runtimes\\osx-x64\\native\\libe_sqlite3.dylib": "DE5735102E730C1518C029DB3A0040A9",
  "runtimes\\win-arm\\native\\e_sqlite3.dll": "CCC81346319D6375A773CDF657498435",
  "runtimes\\win-arm64\\native\\e_sqlite3.dll": "0E0D46FBB8E981C7CD32CAB575D9E7E5",
  "runtimes\\win-x64\\native\\e_sqlite3.dll": "6BABB16CC5928BFBE50899630D2E9C6F",
  "runtimes\\win-x64\\native\\minhook.x64d.dll": "9CC4BB734C9870FB53F3D0E0F147AE2C",
  "runtimes\\win-x86\\native\\e_sqlite3.dll": "1A110A9FCF0B0A960D33A7FFF84A4718",
  "tr\\Microsoft.VisualStudio.Threading.resources.dll": "538FE3DA0C0527DC98456020A4351A85",
  "tr\\Microsoft.VisualStudio.Validation.resources.dll": "7C15CA39FCA7DF71D62C46E6F03389EF",
  "tr\\StreamJsonRpc.resources.dll": "E2AD6BCEBF0533F4D421EE83B42795C1",
  "zh-Hans\\Microsoft.VisualStudio.Threading.resources.dll": "4263966625E34972E95A9C1A2A0C61E8",
  "zh-Hans\\Microsoft.VisualStudio.Validation.resources.dll": "EB7953D05EF1CE51E790708D42EE5D18",
  "zh-Hans\\StreamJsonRpc.resources.dll": "FF596CD821202672B86089A5AB619C71",
  "zh-Hant\\Microsoft.VisualStudio.Threading.resources.dll": "4B693EDFE83A99478E1041AA17FFC35A",
  "zh-Hant\\Microsoft.VisualStudio.Validation.resources.dll": "8EF011A0285333D0EEFE22D5AA7A1702",
  "zh-Hant\\StreamJsonRpc.resources.dll": "BBF8E9013F9B1244348840EAA9CAF9B0",
  "BCnEncoder.dll": "B5E81F42A9F8CFB91BB87838F8659C6A",
  "BitFaster.Caching.dll": "D527BFFF18B2EB608791EFAAA3A13416",
  "CheapLoc.dll": "B30C5D00A44615782E7464F22CDD90AA",
  "cimgui.dll": "FAFB0B4559FE552EA201D743C7394869",
  "cimguizmo.dll": "5EB8312C6D68E6E3F0304223498E3E76",
  "cimplot.dll": "7A1EE1D10DB76E0C9393DCD82723A759",
  "commit_hash.txt": "C1A7F019F8DB09A469F2F9C5538F33FA",
  "CommunityToolkit.HighPerformance.dll": "66B64EC334625F2C5D341A45E28EEB43",
  "Dalamud.Bindings.ImGui.dll": "8EE0B58D18F3326E819B37EFAE56FE24",
  "Dalamud.Bindings.ImGuizmo.dll": "5E75245BFD1B46D4FACDCF4B73A7C936",
  "Dalamud.Bindings.ImPlot.dll": "D5E77B4D1AE23A602B5FFBDBE932799D",
  "Dalamud.Boot.dll": "1B11716D428778DE88877A2EBC94318D",
  "Dalamud.Common.dll": "69890E2330A02C080F65DA2B6BAD914C",
  "Dalamud.deps.json": "9DD468F34254663D22C7E6FAE16EA59F",
  "Dalamud.dll": "6332AA9FC9ECB1351DA30A11B0ADEC10",
  "Dalamud.Injector.deps.json": "DC7A37D1ECAADAF9946D1957958D13D8",
  "Dalamud.Injector.dll": "53E5F47289BFC6E14C0720581FF7BCCC",
  "Dalamud.Injector.exe": "4F1488C99BB064A8980FBC8ECA79DACA",
  "Dalamud.Injector.runtimeconfig.json": "481C4D4F6151485203242D25F632FCC5",
  "Dalamud.Injector.xml": "573870DEB8A9854EC20203EDE9D78425",
  "Dalamud.runtimeconfig.json": "9DB7F0D7C94CA1AA6CA3ACFA6F93A1D8",
  "Dalamud.xml": "C7A955357CAADEF6EEAC2E2C715448D8",
  "DalamudCrashHandler.exe": "9DEBF40E061659E28781081696574A6F",
  "FASM-LICENSE.TXT": "ECEA1D10811221D5F0A3E96F9C38E2C7",
  "FASM.DLL": "1BAB760A429D064C7846BF649AAEF15F",
  "FASMX64.DLL": "E933578DC6C60C99DE40A3385BD34970",
  "FFXIVClientStructs.dll": "DEBCB1F9DD10DA2FC13ACD190D6C8965",
  "FFXIVClientStructs.xml": "AF27831EE858B63D292F2CDD8B6F245E",
  "goatcorp.Reloaded.Assembler.dll": "3B7C910EEA47F694D33021BC995449FE",
  "goatcorp.Reloaded.Assembler.targets": "CC22CB0A353E2136EE9E6E96DB9F7164",
  "goatcorp.Reloaded.Hooks.dll": "B1C1518F7112EDB4EEE143C31FECC989",
  "goatcorp.Reloaded.Memory.Buffers.dll": "76D601BE79141AB4E123DDAF8BECE6AF",
  "HexaGen.Runtime.dll": "D5016C99E4D1522EDE6E2BF06BB3D0AB",
  "Iced.dll": "DB0459BA46167FB03F04A65827F027F8",
  "ImGuiScene.dll": "6D18700FFD6D792A4A0470856E9527FA",
  "InteropGenerator.Runtime.dll": "55BC39EFE9591BA3F1B2F83DFC8B0C4F",
  "JetBrains.Annotations.dll": "D334483DFBCF8BE6062277E1FB3B94F3",
  "licenses.txt": "A159BE62AA91178EFC3E3983AE874D1D",
  "Lumina.dll": "C55D7C1D4EE2C17570637B4178D65BA1",
  "Lumina.Excel.dll": "D5EF32F60B5886D19B1EECA4603CAA22",
  "Lumina.Excel.xml": "3D3B7AD224A8A04B92B2B311FB8DA535",
  "MessagePack.Annotations.dll": "17D7036AB3D0E1ACBBDD0D23501DACF7",
  "MessagePack.dll": "AEA2205A0078DC972BAF5FE331A690A4",
  "Microsoft.Extensions.ObjectPool.dll": "CB2B8426DF93B062B631BC85B3369BED",
  "Microsoft.NET.StringTools.dll": "88B3B9B25E54FF438D2F4F1609B726A4",
  "Microsoft.VisualStudio.Threading.dll": "EF2AC53B930F5ED16DA3B4CFB1033813",
  "Microsoft.VisualStudio.Validation.dll": "0B1D5949C6944383B1EE896C5E13D08B",
  "MinSharp.dll": "D3A21653AC6CFBC3A53DEF0A156B3226",
  "Mono.Cecil.dll": "28EC2158D086E15C076E0FB1F48D21A6",
  "Mono.Cecil.Mdb.dll": "AEF7A3EB849D9527E2455DC4CDEF30AA",
  "Mono.Cecil.Pdb.dll": "3D7E67D6AF6005D536B720A37232E8A6",
  "Mono.Cecil.Rocks.dll": "EB7EAD240FC6388DAA3E9C967A43038F",
  "Nerdbank.Streams.dll": "539451E456062345AF25E7E17335299B",
  "nethost.dll": "21F39F71E2F4B5BA9FB3F126872F2F9B",
  "Newtonsoft.Json.dll": "C252FE44B67A08E6DAB4EADE3764DB49",
  "PeNet.Asn1.dll": "6856065895007664F84689C1C1E9035C",
  "PeNet.dll": "598B239CA45566544A63F738F931E42E",
  "Reloaded.Hooks.Definitions.dll": "A1619BFF6825DF1A64A66740EACF1AE0",
  "Reloaded.Memory.Buffers.dll": "7B57792FBA3DB5494B086EB7EA8309EF",
  "Reloaded.Memory.dll": "0D680328148C35EABC4DFB33DA22EAEC",
  "revision.txt": "7792A0500B5AABB4B072D113A160D200",
  "Serilog.dll": "A9F52C4CF2044E8BA3D5DDCD429CFFD4",
  "Serilog.Sinks.Async.dll": "9C04E6E296FE5E4D9C7924B2DA4FA97E",
  "Serilog.Sinks.Console.dll": "8DD98369769D079B6214D113B3078EE7",
  "Serilog.Sinks.File.dll": "8A8B84E479E8BAFCB06E6565C3E1B792",
  "SQLite-net.dll": "CEC4C16A5AC59FB7516DF12D1CF188BE",
  "SQLitePCLRaw.batteries_v2.dll": "CE002F4340709E090D6E368DB5A30E9F",
  "SQLitePCLRaw.core.dll": "E756FEAC1C0729D4F447E9DB76A12C72",
  "SQLitePCLRaw.provider.e_sqlite3.dll": "1BC649DC8C8720D1D83BED3A0E9CC623",
  "StreamJsonRpc.dll": "6157633EE85D57CFF6772C1526F2D352",
  "System.Reactive.dll": "C6016588304D55406E3D1C2FA7D42903",
  "System.Reflection.MetadataLoadContext.dll": "284C720DEE2524BCF10DD1B5648AA303",
  "System.Security.Cryptography.Pkcs.dll": "17945B2BF07D9377E36AD3EBE69FF693",
  "TEMP_gitver.txt": "33848DF34ECA0FAFC6A5D23BAABADEBF",
  "TerraFX.Interop.Windows.dll": "C75D06E77DE5A095D45676A81CDE0DC9"
}
