{
  "runtimes\\alpine-x64\\native\\libe_sqlite3.so": "39C244FEDBCD3DFC37041D4FCE1AE21D",
  "runtimes\\linux-arm\\native\\libe_sqlite3.so": "96CF54BC0EFB83D6E3F5F3E04997A59D",
  "runtimes\\linux-arm64\\native\\libe_sqlite3.so": "F079E55E7F3F9966A4A2052A3234E068",
  "runtimes\\linux-armel\\native\\libe_sqlite3.so": "C5A67D49434FC65D64E9C15778078C76",
  "runtimes\\linux-mips64\\native\\libe_sqlite3.so": "5F8461214089CFC677D46C19B7162161",
  "runtimes\\linux-musl-x64\\native\\libe_sqlite3.so": "39C244FEDBCD3DFC37041D4FCE1AE21D",
  "runtimes\\linux-x64\\native\\libe_sqlite3.so": "6F49C540D3AB9964D67A4A704C3D262D",
  "runtimes\\linux-x86\\native\\libe_sqlite3.so": "5E0659B414CBD6DDC38C65582485853E",
  "runtimes\\osx-x64\\native\\libe_sqlite3.dylib": "F82AE134FCD1C080A69D775591406673",
  "runtimes\\win-arm\\native\\e_sqlite3.dll": "0C126B2B780AB622BB9B7A83FABD5418",
  "runtimes\\win-arm64\\native\\e_sqlite3.dll": "02C3137ED6356702DBA2E1DED1AA3770",
  "runtimes\\win-x64\\native\\e_sqlite3.dll": "D6E9FF5805853C3D46518880B58708D3",
  "runtimes\\win-x64\\native\\minhook.x64d.dll": "3327E6ED2984B417CC3860580ED68730",
  "runtimes\\win-x86\\native\\e_sqlite3.dll": "6E6611F4E2D570AA755226F2515AD878",
  "targets\\Dalamud.Plugin.Bootstrap.targets": "C85635161398CD9852CF7212DB7EB904",
  "targets\\Dalamud.Plugin.targets": "394EE2BEC70254F76ABBE2C33F62BBFA",
  "BCnEncoder.dll": "1F2CD53F54FCDAC1B7D62AEB0ADD4BA1",
  "BitFaster.Caching.dll": "9B18F61882D24030284BC9DAC030473C",
  "CheapLoc.dll": "F16ECE00BDB467B2DC91F6FF3FFE81D7",
  "cimgui.dll": "CCDE60DDACE95800EB12D211165CC03A",
  "cimguizmo.dll": "EB770CE7722DC45A8B7D61FF347DEF12",
  "cimplot.dll": "325D7047747C0CB4A28B7763F23651F0",
  "commit_hash.txt": "288F9AB5CCF13724AFFCD8AF37D49C8D",
  "CommunityToolkit.HighPerformance.dll": "66B64EC334625F2C5D341A45E28EEB43",
  "Dalamud.Bindings.ImGui.dll": "7A56999CABB1061EA4C5ADF5F980F1ED",
  "Dalamud.Bindings.ImGuizmo.dll": "2EC86B43454910DE17A6635EEAE58BDF",
  "Dalamud.Bindings.ImPlot.dll": "32679A9C3A67BE1EB4A0C83EF25868EB",
  "Dalamud.Boot.dll": "E51D1D2B7E887AE3A39F3CEE51A933B3",
  "Dalamud.Common.dll": "71D6C6C6526C0E13D53300B549B756E7",
  "Dalamud.deps.json": "6B763962E5A2465787745803AF11E5D7",
  "Dalamud.dll": "66456569C4AFA334D61BFFEF983C7D09",
  "Dalamud.Injector.deps.json": "172E729569F73D338FB44810869B424F",
  "Dalamud.Injector.dll": "8DAC8A73BA1A740BDAF3142C82394F5E",
  "Dalamud.Injector.exe": "DE751D85790E86BF18A1263456F1E2DA",
  "Dalamud.Injector.runtimeconfig.json": "481C4D4F6151485203242D25F632FCC5",
  "Dalamud.Injector.xml": "CBC84759DB84E5C8A9269116B45E7C9D",
  "Dalamud.runtimeconfig.json": "9DB7F0D7C94CA1AA6CA3ACFA6F93A1D8",
  "Dalamud.xml": "CEFE56941D8A56984D7B016B6D774982",
  "DalamudCrashHandler.exe": "707E51546C2B1A9F0D82E84E5A26CFE5",
  "FASM-LICENSE.TXT": "ECEA1D10811221D5F0A3E96F9C38E2C7",
  "FASM.DLL": "31E738482ACD882F9F233CF9638A551D",
  "FASMX64.DLL": "2A725D98BE79D9F4B0EE169F4A73FB4F",
  "FFXIVClientStructs.dll": "E09469E14360E274B604AA85F5A76E1C",
  "FFXIVClientStructs.xml": "2AE5AFF7925698A5DA881FD75801990F",
  "goatcorp.Reloaded.Assembler.dll": "1861857533E5CAC097FA118D377C1B90",
  "goatcorp.Reloaded.Assembler.targets": "CC22CB0A353E2136EE9E6E96DB9F7164",
  "goatcorp.Reloaded.Hooks.dll": "0204151515C69D50896390096439F274",
  "goatcorp.Reloaded.Memory.Buffers.dll": "0A023F5BFDC9FD51F1CB3908B83F0966",
  "HexaGen.Runtime.dll": "035B53DF8D721856B040B07326FE5C24",
  "Iced.dll": "03A4DAE142898DA950F55BE7BAAE9C41",
  "ImGuiScene.dll": "8981F0C7F9E050FC4CFE6937DDB47580",
  "InteropGenerator.Runtime.dll": "39AA0993B4D9A1D6CA24866A62D5CEC3",
  "JetBrains.Annotations.dll": "A72DAB06E5246F5F88F3F7A36EE91DCE",
  "licenses.txt": "A159BE62AA91178EFC3E3983AE874D1D",
  "Lumina.dll": "A131983DA3011A589610CC32EF5E1F59",
  "Lumina.Excel.dll": "F623AE7715F3D84EBDCCC197C97657FD",
  "Lumina.Excel.xml": "3D3B7AD224A8A04B92B2B311FB8DA535",
  "Microsoft.Extensions.ObjectPool.dll": "CB2B8426DF93B062B631BC85B3369BED",
  "MinSharp.dll": "D4F8B616F7E6906B29FBBC6159AB98DF",
  "Mono.Cecil.dll": "82D0C6B2BFADB7CBB915F0A6FD3CF0D2",
  "Mono.Cecil.Mdb.dll": "5AA0E27312567CD4C6C265B2BEE4779E",
  "Mono.Cecil.Pdb.dll": "17324D46885298FCA0F2162244B8BE42",
  "Mono.Cecil.Rocks.dll": "F4F58DE9D6D233954BE58819D63160E0",
  "nethost.dll": "21F39F71E2F4B5BA9FB3F126872F2F9B",
  "Newtonsoft.Json.dll": "ADF3E3EECDE20B7C9661E9C47106A14A",
  "PeNet.Asn1.dll": "984524FA4946588D195102C65CF63BFC",
  "PeNet.dll": "A7309C51B6AD33171B6D3ADE42E186D4",
  "Reloaded.Hooks.Definitions.dll": "3651B9CF3B1F10D81E5D8EE8AAD3AC7F",
  "Reloaded.Memory.Buffers.dll": "AC995AE82BE739B1BECA35AA1DD74BBA",
  "Reloaded.Memory.dll": "9C4C419772E25DD857CFFA2D51F88498",
  "revision.txt": "C1D53B7A97707B5CD1815C8D228D8EF1",
  "Serilog.dll": "75D37F670F808AF63046AB89F323B4FD",
  "Serilog.Sinks.Async.dll": "1FBF81098CFD6F66CCFC0DC86C7522C6",
  "Serilog.Sinks.Console.dll": "7B4A277F8E0BBCAC60C41C9E75266DD9",
  "Serilog.Sinks.File.dll": "445312FE02CB9C5EDF03B104E5A842E8",
  "SharpDX.Direct3D11.dll": "0DD5672D2E595066A52B0354DA4C317F",
  "SharpDX.dll": "72A53DF1F0B6B92CA0E75A54845217DC",
  "SharpDX.DXGI.dll": "A61E3D9E32ED667D009044991EDB2D84",
  "SharpDX.Mathematics.dll": "2FCDEE72C22E30142AEAE32858B5D0B1",
  "SQLite-net.dll": "C77161745AD5D1A537F0E8DB7AC0D35F",
  "SQLitePCLRaw.batteries_v2.dll": "A79FE06D1FBE8C7268969FC8371FF084",
  "SQLitePCLRaw.core.dll": "9F0159949AD7A8371BED3944DCCAA721",
  "SQLitePCLRaw.nativelibrary.dll": "04A5592025D793DC80C0C8500234EECD",
  "SQLitePCLRaw.provider.dynamic_cdecl.dll": "E96DCDB12FBB7F50571EF40801486EF1",
  "System.Reactive.dll": "EF5A00287AD15393D41B12AA4B726FF7",
  "System.Reflection.MetadataLoadContext.dll": "284C720DEE2524BCF10DD1B5648AA303",
  "System.Security.Cryptography.Pkcs.dll": "8950E01996A37E808BE3F39063C37BF9",
  "TEMP_gitver.txt": "9C371E1493A0473548769E72B50E5D9C",
  "TerraFX.Interop.Windows.dll": "84F7EF6B0DE91F8CC23F773D3FD6DEC0"
}
