{
  "cs\\Microsoft.VisualStudio.Threading.resources.dll": "59CC07A0788ED5D2D7B1EC4C24692B5E",
  "cs\\Microsoft.VisualStudio.Validation.resources.dll": "6D64EB21E28D7DA0951CCB11D5A111DB",
  "cs\\StreamJsonRpc.resources.dll": "187B9DF9156C8ECA5FFC2D8DFC0D0AEB",
  "de\\Microsoft.VisualStudio.Threading.resources.dll": "E8F71F6E86250EE8F040884F21901A84",
  "de\\Microsoft.VisualStudio.Validation.resources.dll": "6BDBEB8494C6DF5EE482065A9D7F0B1E",
  "de\\StreamJsonRpc.resources.dll": "18A2EE45995D18CB97504B89E1D8EA84",
  "es\\Microsoft.VisualStudio.Threading.resources.dll": "C91684BC69AC34D7C4761C769C4613CE",
  "es\\Microsoft.VisualStudio.Validation.resources.dll": "0F92DD2019CF7222118E8B5D9409A328",
  "es\\StreamJsonRpc.resources.dll": "1426AE60A50C341884A93E75FDCB8F15",
  "fr\\Microsoft.VisualStudio.Threading.resources.dll": "8DF66006C30B545517609BC994A333BF",
  "fr\\Microsoft.VisualStudio.Validation.resources.dll": "1299DF7F85B8ABCC8205E7F968E64DE5",
  "fr\\StreamJsonRpc.resources.dll": "E0EF73E9AC6F5AC89FEFA3E4442FA526",
  "it\\Microsoft.VisualStudio.Threading.resources.dll": "ACB2901AD3BA29250398D7F7C7F06472",
  "it\\Microsoft.VisualStudio.Validation.resources.dll": "E96AFCAC956DE57A60CF403431A06B9F",
  "it\\StreamJsonRpc.resources.dll": "AF93C232BE3DE144BDBA9D47B0CF1FBA",
  "ja\\Microsoft.VisualStudio.Threading.resources.dll": "57953EF05139ABD830A160D29D477AE7",
  "ja\\Microsoft.VisualStudio.Validation.resources.dll": "37C3387A524C942BC21029A532E0FA88",
  "ja\\StreamJsonRpc.resources.dll": "71C0BF4563B000F7F6FD977A56646389",
  "ko\\Microsoft.VisualStudio.Threading.resources.dll": "4E69F9315A2BE37081E916836BD2865B",
  "ko\\Microsoft.VisualStudio.Validation.resources.dll": "F7519010D92C7E3BF6DD25032575FD3D",
  "ko\\StreamJsonRpc.resources.dll": "0462338CED7D90B6A89AA6C5C0B553ED",
  "pl\\Microsoft.VisualStudio.Threading.resources.dll": "E957E9AD4D62A6EDE5DEDB85DCB66BE0",
  "pl\\Microsoft.VisualStudio.Validation.resources.dll": "157FEA4FF784A1A3C450AAEAFC808171",
  "pl\\StreamJsonRpc.resources.dll": "A386D42B9AC0F3349E75FA0711BF6125",
  "pt-BR\\Microsoft.VisualStudio.Threading.resources.dll": "D0E584DCA9CFC97B49480B5326D1BE85",
  "pt-BR\\Microsoft.VisualStudio.Validation.resources.dll": "F1D96FD5909173972C661A1D8FE629DB",
  "pt-BR\\StreamJsonRpc.resources.dll": "7FF82CEBA9C3AFD947DC59A5FE132C78",
  "ru\\Microsoft.VisualStudio.Threading.resources.dll": "53F0D3DFF78ACA534A9F06C3E435BCDE",
  "ru\\Microsoft.VisualStudio.Validation.resources.dll": "DA5D932621691D0A43F9C41589BEA612",
  "ru\\StreamJsonRpc.resources.dll": "2BE00971D9A6088B5EC340B210503234",
  "runtimes\\alpine-x64\\native\\libe_sqlite3.so": "39C244FEDBCD3DFC37041D4FCE1AE21D",
  "runtimes\\linux-arm\\native\\libe_sqlite3.so": "96CF54BC0EFB83D6E3F5F3E04997A59D",
  "runtimes\\linux-arm64\\native\\libe_sqlite3.so": "F079E55E7F3F9966A4A2052A3234E068",
  "runtimes\\linux-armel\\native\\libe_sqlite3.so": "C5A67D49434FC65D64E9C15778078C76",
  "runtimes\\linux-mips64\\native\\libe_sqlite3.so": "5F8461214089CFC677D46C19B7162161",
  "runtimes\\linux-musl-x64\\native\\libe_sqlite3.so": "39C244FEDBCD3DFC37041D4FCE1AE21D",
  "runtimes\\linux-x64\\native\\libe_sqlite3.so": "6F49C540D3AB9964D67A4A704C3D262D",
  "runtimes\\linux-x86\\native\\libe_sqlite3.so": "5E0659B414CBD6DDC38C65582485853E",
  "runtimes\\osx-x64\\native\\libe_sqlite3.dylib": "F82AE134FCD1C080A69D775591406673",
  "runtimes\\win-arm\\native\\e_sqlite3.dll": "5E530EC93052C0CFCACCB49A7452DDE8",
  "runtimes\\win-arm64\\native\\e_sqlite3.dll": "45060DA605D3C3E9AEFD5BAF90A21DA4",
  "runtimes\\win-x64\\native\\e_sqlite3.dll": "7DB7C605CDBAAE5043554F7DDA44DFDC",
  "runtimes\\win-x64\\native\\minhook.x64d.dll": "A93EA6DE503BD8B63FF60F0AB814B777",
  "runtimes\\win-x86\\native\\e_sqlite3.dll": "4A3F3BA04380842E7825C95CD18EE473",
  "tr\\Microsoft.VisualStudio.Threading.resources.dll": "538FE3DA0C0527DC98456020A4351A85",
  "tr\\Microsoft.VisualStudio.Validation.resources.dll": "7C15CA39FCA7DF71D62C46E6F03389EF",
  "tr\\StreamJsonRpc.resources.dll": "E2AD6BCEBF0533F4D421EE83B42795C1",
  "zh-Hans\\Microsoft.VisualStudio.Threading.resources.dll": "4263966625E34972E95A9C1A2A0C61E8",
  "zh-Hans\\Microsoft.VisualStudio.Validation.resources.dll": "EB7953D05EF1CE51E790708D42EE5D18",
  "zh-Hans\\StreamJsonRpc.resources.dll": "FF596CD821202672B86089A5AB619C71",
  "zh-Hant\\Microsoft.VisualStudio.Threading.resources.dll": "4B693EDFE83A99478E1041AA17FFC35A",
  "zh-Hant\\Microsoft.VisualStudio.Validation.resources.dll": "8EF011A0285333D0EEFE22D5AA7A1702",
  "zh-Hant\\StreamJsonRpc.resources.dll": "BBF8E9013F9B1244348840EAA9CAF9B0",
  "BCnEncoder.dll": "AF8564A3F89A600AABF80947EE232E21",
  "BitFaster.Caching.dll": "09D234E0B21F36513775EAECA2D8E77D",
  "CheapLoc.dll": "64694FBC917D3F71DEFB0A62C10C21E0",
  "cimgui.dll": "FE71889578FBF91D0705E98A0A9B2A56",
  "cimguizmo.dll": "7ADF08FCA2945CA6739CCFEAA2A5D3EA",
  "cimplot.dll": "17A0BC003D7AFB525ECD183EB1D6ABA5",
  "commit_hash.txt": "771F5F28374B0D0EAD84ECE3CD8D2D2A",
  "CommunityToolkit.HighPerformance.dll": "66B64EC334625F2C5D341A45E28EEB43",
  "Dalamud.Bindings.ImGui.dll": "68F04677B7931C415E5DD181C0EF8FA8",
  "Dalamud.Bindings.ImGuizmo.dll": "B2AD9C86B6783006ABA11D14BDFFFB98",
  "Dalamud.Bindings.ImPlot.dll": "E8BEF403C1A71B873D332FDCA062306F",
  "Dalamud.Boot.dll": "68B621019D0806343932F752BD9A6385",
  "Dalamud.Common.dll": "10BA65D08C21806315F639F3FA32D10E",
  "Dalamud.deps.json": "0EF45544E49C5D9182D644809BC4347F",
  "Dalamud.dll": "38B79E4EBC8FC408B36B1EA8AD8898EE",
  "Dalamud.Injector.deps.json": "172E729569F73D338FB44810869B424F",
  "Dalamud.Injector.dll": "419BCEABE6F2B68C5ECA3F4D71FD2830",
  "Dalamud.Injector.exe": "011A82FF0806A1A974955C50EB124E4C",
  "Dalamud.Injector.runtimeconfig.json": "481C4D4F6151485203242D25F632FCC5",
  "Dalamud.Injector.xml": "573870DEB8A9854EC20203EDE9D78425",
  "Dalamud.runtimeconfig.json": "9DB7F0D7C94CA1AA6CA3ACFA6F93A1D8",
  "Dalamud.xml": "2EB028FE4049BB8D58AA9AFEA847B54F",
  "DalamudCrashHandler.exe": "F1CEC3E6F0B1E57CFD7F2EA82CF6A1EA",
  "FASM-LICENSE.TXT": "ECEA1D10811221D5F0A3E96F9C38E2C7",
  "FASM.DLL": "B4D2AC34FE5854D65F6603A0C1F4F174",
  "FASMX64.DLL": "A9B4C10D283B11E81E5964E3BC4896A3",
  "FFXIVClientStructs.dll": "002E539D4C10E4637753818449EE6400",
  "FFXIVClientStructs.xml": "AF27831EE858B63D292F2CDD8B6F245E",
  "goatcorp.Reloaded.Assembler.dll": "B24C6BA917984E4CBD666FBFB61604C3",
  "goatcorp.Reloaded.Assembler.targets": "CC22CB0A353E2136EE9E6E96DB9F7164",
  "goatcorp.Reloaded.Hooks.dll": "FC3F8D2C4D1AC6F975749D2CB537C9A3",
  "goatcorp.Reloaded.Memory.Buffers.dll": "B7B0854DD8296B6270C8107D2078A80A",
  "HexaGen.Runtime.dll": "92A870D674BF12C1DBE43A50EDDF1C2B",
  "Iced.dll": "3F430CE97F049EBBE229EB018735E5DA",
  "ImGuiScene.dll": "D9A2D4111ADAF818AA99A6B2E4D7AE4C",
  "InteropGenerator.Runtime.dll": "6317160D5F7A736EE55B51F298EF91A4",
  "JetBrains.Annotations.dll": "9633171759369B684AB63469BA2B1D0C",
  "licenses.txt": "A159BE62AA91178EFC3E3983AE874D1D",
  "Lumina.dll": "6EA682A2DF17292FF08379B9676F732C",
  "Lumina.Excel.dll": "ADAB61B5D147A177753B19F3B6F66ECE",
  "Lumina.Excel.xml": "3D3B7AD224A8A04B92B2B311FB8DA535",
  "MessagePack.Annotations.dll": "041DB8D083CA930A5FF290E9B6F61FD0",
  "MessagePack.dll": "231B74D207F8BEDA21399C3365207B1B",
  "Microsoft.Extensions.ObjectPool.dll": "CB2B8426DF93B062B631BC85B3369BED",
  "Microsoft.NET.StringTools.dll": "88B3B9B25E54FF438D2F4F1609B726A4",
  "Microsoft.VisualStudio.Threading.dll": "EF2AC53B930F5ED16DA3B4CFB1033813",
  "Microsoft.VisualStudio.Validation.dll": "0B1D5949C6944383B1EE896C5E13D08B",
  "MinSharp.dll": "E4FF4DCE49BB9797F0F12C4E166C36CF",
  "Mono.Cecil.dll": "E66EFCEA56DFF14F2F9EF6A89EEEF1BF",
  "Mono.Cecil.Mdb.dll": "04E394DA2812482FF62DDA52BC969C3E",
  "Mono.Cecil.Pdb.dll": "B5E83ED34F5ED09BDE4162A72C920BC9",
  "Mono.Cecil.Rocks.dll": "5726997BF9576979F19BC4890B5F0C2D",
  "Nerdbank.Streams.dll": "539451E456062345AF25E7E17335299B",
  "nethost.dll": "21F39F71E2F4B5BA9FB3F126872F2F9B",
  "Newtonsoft.Json.dll": "ADF3E3EECDE20B7C9661E9C47106A14A",
  "PeNet.Asn1.dll": "7E58929E809C7E7BA4013EABEDEBF31E",
  "PeNet.dll": "1684622886337E2E0AA750446316D025",
  "Reloaded.Hooks.Definitions.dll": "3E3B31406DDB65A0AE033872A0212541",
  "Reloaded.Memory.Buffers.dll": "FAC60EF873D07B8E193F18EECEEBCEE8",
  "Reloaded.Memory.dll": "D22EA3B80F78A19F3FE0AB9E256F9E78",
  "revision.txt": "57827DDD068A17AD6DFC6690962241E5",
  "Serilog.dll": "1202F9215B8A26221273EE83C7A53108",
  "Serilog.Sinks.Async.dll": "FCBC267B6A3D30DC809F080EE2A00DBB",
  "Serilog.Sinks.Console.dll": "F46DA06DD082ACC2AB434AB258349F43",
  "Serilog.Sinks.File.dll": "8BD7893F2FAD9D90BC03253F795167EE",
  "SQLite-net.dll": "9A43787C6D22B07D0C54ED8E96AC03F6",
  "SQLitePCLRaw.batteries_v2.dll": "75EF0604A2F5D129A2DD7A66C200EB40",
  "SQLitePCLRaw.core.dll": "72E2CE207964D8D2282F71D2E1DB1D9D",
  "SQLitePCLRaw.nativelibrary.dll": "159FAA2DD0E16FB8179AEA51C94C7FCF",
  "SQLitePCLRaw.provider.dynamic_cdecl.dll": "C94FBA7526D1400686AD3D6D86B53342",
  "StreamJsonRpc.dll": "6157633EE85D57CFF6772C1526F2D352",
  "System.Reactive.dll": "EF5A00287AD15393D41B12AA4B726FF7",
  "System.Reflection.MetadataLoadContext.dll": "284C720DEE2524BCF10DD1B5648AA303",
  "System.Security.Cryptography.Pkcs.dll": "8950E01996A37E808BE3F39063C37BF9",
  "TEMP_gitver.txt": "3B6E1ECCCB4F4B50B326644D53C133A6",
  "TerraFX.Interop.Windows.dll": "C75D06E77DE5A095D45676A81CDE0DC9"
}
