{
  "runtimes\\linux-x64\\native\\libglfw.so.3": "9E3137144F68B9E9793F4C7AD5B1BEA7",
  "runtimes\\linux-x64\\native\\libSDL2-2.0.so": "99B95A708381FC66AB2370E45A260527",
  "runtimes\\linux-x64\\native\\libstbi.so": "0945355ED59677D06E3E88F48101BB26",
  "runtimes\\osx-x64\\native\\libglfw.3.dylib": "1E30FAB2F0C40E82290AD4B0BF14A880",
  "runtimes\\osx-x64\\native\\libSDL2-2.0.dylib": "AAC958490586C67395F0A90903AE3747",
  "runtimes\\osx-x64\\native\\libstbi.dylib": "0B84B0A6A80178266018081C3CAB68E6",
  "runtimes\\unix\\lib\\netcoreapp3.0\\System.Drawing.Common.dll": "6DDDA9858492A7D5887112FD98BA4D59",
  "runtimes\\win\\lib\\netcoreapp3.0\\System.Drawing.Common.dll": "86268518C164BDD38217DCD8E74A2543",
  "runtimes\\win-x64\\native\\cimgui.dll": "72A5F81E7D141AC350DE3D80555CEDC4",
  "runtimes\\win-x64\\native\\cimguizmo.dll": "F236F6320E07B1F597A52CEBF6CD5634",
  "runtimes\\win-x64\\native\\cimnodes.dll": "6886385014C6B887357D4C6E0F47314D",
  "runtimes\\win-x64\\native\\cimplot.dll": "743E4F46CD2414B2A15DADF3FE1E4E71",
  "runtimes\\win-x64\\native\\glfw3.dll": "0515F263F8ACE4BA1DB8AADA30AF87D5",
  "runtimes\\win-x64\\native\\minhook.x64d.dll": "54C9C9AF7BD808BB7CCEF4F003051F5A",
  "runtimes\\win-x64\\native\\SDL2.dll": "7A11CBCF3D011D61DFC45EEEA0197839",
  "runtimes\\win-x64\\native\\stbi.dll": "32E0A20B753C874E73D4E53ACCEC7D6D",
  "runtimes\\win-x64\\native\\stbi.lib": "927C214DE576219E1F80DBE7798A0502",
  "runtimes\\win-x86\\native\\glfw3.dll": "93B194178AEF1070C2FD183BB820F40D",
  "runtimes\\win-x86\\native\\SDL2.dll": "FC9437F416F54994C83E9403BD861107",
  "CheapLoc.dll": "A889B7561AD4B1C74419AE53135F0DDE",
  "Costura.dll": "65700FF9C600CE4D2E89B8638513F725",
  "Dalamud.Boot.dll": "5F50370E97E89229F147600E52052BD6",
  "Dalamud.deps.json": "2468FBBE477DBA990F3D4996FA65094B",
  "Dalamud.dll": "78AF0E11BF57615F98A992AD847A0554",
  "Dalamud.Injector.deps.json": "FFB1FE736AD6715CDD67EF3BA9701D5F",
  "Dalamud.Injector.dll": "1BA1FA0F679C87421C076461566D7DC0",
  "Dalamud.Injector.exe": "EAA9A6315563A16B2DC06732917B071B",
  "Dalamud.Injector.runtimeconfig.dev.json": "86F563FDEA16F201FBCEBD6EAE6894F2",
  "Dalamud.Injector.runtimeconfig.json": "5BE8F94351C3768D669294BC4A627DA9",
  "Dalamud.Injector.xml": "E58C5ED05F43C4D17FE1BA54EE26C2FB",
  "Dalamud.runtimeconfig.dev.json": "86F563FDEA16F201FBCEBD6EAE6894F2",
  "Dalamud.runtimeconfig.json": "D77831B18631BADC582E0D924241B0A2",
  "Dalamud.xml": "D9488DAAE71337DBF7DF5823E81AFEB3",
  "FASM-LICENSE.TXT": "ECEA1D10811221D5F0A3E96F9C38E2C7",
  "FASM.DLL": "793AB4CD7A8D490412747DCD2BED25EC",
  "FASMX64.DLL": "818EF3928DB004EF6FC84FC6CDD48A97",
  "FFXIVClientStructs.dll": "CD12D4A6FEBD649EF806BA15FDE9F0DA",
  "Iced.dll": "EE697D219B58B91FE6CA6046C13F378A",
  "ImGui.NET.dll": "8630C11EA645CD5F47DCF384E8E9D6F1",
  "ImGuiScene.dll": "BE4A732C89F0D17250278BC442BD1ED5",
  "JetBrains.Annotations.dll": "FAAB370045A87C53A6995FBD35F4D82E",
  "Lumina.dll": "4BCB67EF83137AA29F04E8B3603D9ECB",
  "Lumina.Excel.dll": "9B9DE8AA7982101EA160EC8033FE80E9",
  "Microsoft.Bcl.HashCode.dll": "613AB56061ADF2284E047025207467E0",
  "Microsoft.DotNet.PlatformAbstractions.dll": "00AB0F02B1114C57C758F5AD595224F1",
  "Microsoft.Extensions.DependencyModel.dll": "F39BC76C10CFEA478C936FC4521A9FC9",
  "MinSharp.dll": "C5A02648B291B3574EBC3ACE6CFD9BB5",
  "Mono.Cecil.dll": "7C40214D60B54749A1A7F79EA6F62BAC",
  "Mono.Cecil.Mdb.dll": "0C4EC4EB146BFE047755669C8060A967",
  "Mono.Cecil.Pdb.dll": "743102D277A8754DC74F7644E03A8956",
  "Mono.Cecil.Rocks.dll": "FE8C2B2EEF6E5E7284DC9B522A7BE468",
  "MonoMod.RuntimeDetour.dll": "902F9708500C77C154C0C2983FD2CEA2",
  "MonoMod.Utils.dll": "262AE62C0EF760AA062186560DA85DAE",
  "nethost.dll": "012081214FE71F0F6ADCD9F4A71B2B00",
  "Newtonsoft.Json.dll": "916D32B899F1BC23B209648D007B99FD",
  "PeNet.Asn1.dll": "13277F0BF9D56C0615296AA3C4792B2C",
  "PeNet.dll": "44B99BADBB59494BCE3B6A4B95377DA8",
  "PInvoke.AdvApi32.dll": "34EE461D05B403C3A15D0DEC32A3788C",
  "PInvoke.BCrypt.dll": "FD07758EE1440491F22923084109FF26",
  "PInvoke.Cabinet.dll": "333D950E3804735DA60CC41D614C63E2",
  "PInvoke.CfgMgr32.dll": "768BE7CC18EDCF78B296A72ABE891691",
  "PInvoke.Crypt32.dll": "E7B00B0851738F4A7F2C6D37DAA973B4",
  "PInvoke.DbgHelp.dll": "E701136169620D20E3A70B560DE20E44",
  "PInvoke.DwmApi.dll": "ACF223CC8962404056648815B486F7D9",
  "PInvoke.Gdi32.dll": "69FF434826F98582CE44D3136ECFFACB",
  "PInvoke.Hid.dll": "2E7A41257F8AD9B26073181F450CD8E5",
  "PInvoke.ImageHlp.dll": "79BE816E8D86EA66489D7780DD675D49",
  "PInvoke.IPHlpApi.dll": "E949FA3326D1BA8872B179AB4EE49D38",
  "PInvoke.Kernel32.dll": "234E15B122ED430DE99490CA1A204958",
  "PInvoke.Magnification.dll": "C9EA3D34F506741ECC044DB19C151F09",
  "PInvoke.Msi.dll": "69EE50CE2DA6B55755E52589F49A7EBC",
  "PInvoke.NCrypt.dll": "DA1DE76C14D99370CA3BEF19DC299B15",
  "PInvoke.NetApi32.dll": "AE79F9FA2E3864A5E0642AE4622ECDC5",
  "PInvoke.NewDev.dll": "B3E1992105D986EF9C5C8E4B630FBB07",
  "PInvoke.NTDll.dll": "3F6BDF840EB27DD0FD9EB8071822183A",
  "PInvoke.Ole32.dll": "3C49FB100B60519FFE725BCD12A538F6",
  "PInvoke.Psapi.dll": "A7683EE4B880227F01C8AE632A892B9E",
  "PInvoke.SetupApi.dll": "1B7AE321185D0081D1759A9AD829F9BA",
  "PInvoke.SHCore.dll": "F27E7F063D51480F6D2294C903E4A606",
  "PInvoke.Shell32.dll": "F71A1BCAF6478190691170DAEA77722F",
  "PInvoke.User32.dll": "8BEDE38311ED4F27127290B81B8079FD",
  "PInvoke.Userenv.dll": "FEB7BCA90B8C905EC2F4BB0789847131",
  "PInvoke.UxTheme.dll": "8E683C016250CB719FDB9AAAFC22B3C5",
  "PInvoke.Windows.Core.dll": "90015440A44935208FFEA9BF61740651",
  "PInvoke.Windows.ShellScalingApi.dll": "F351B34B8C9183A51CADFDC279357C49",
  "PInvoke.WinUsb.dll": "9EB8A0280F2848D1A32B560A939F7336",
  "PInvoke.WtsApi32.dll": "341C94455D2E5893DBE4293D4D67AA4D",
  "Reloaded.Assembler.dll": "C754A086AA5B6F5BC1EFDAE1125D41DC",
  "Reloaded.Assembler.targets": "CC22CB0A353E2136EE9E6E96DB9F7164",
  "Reloaded.Hooks.Definitions.dll": "1CA2E45F891A26B90FE32E5002C1DABB",
  "Reloaded.Hooks.dll": "5ECF3BC70218F38A4B7DF27F23BD99D8",
  "Reloaded.Memory.Buffers.dll": "AE9CB903CAEC48640496D84C6D26C077",
  "Reloaded.Memory.dll": "44CAD4BAD6E2FDE73BCEC5A1DB9F6122",
  "SDL2-CS.config": "65557595FD5DF55D93B2BF881DE62C3A",
  "SDL2-CS.dll": "049EE80E7CA4EA66AB037B22E150A732",
  "Serilog.dll": "181F3E3D0C509566283156816EB317CA",
  "Serilog.Sinks.Async.dll": "3106495323806F04C7837F30B1937D39",
  "Serilog.Sinks.File.dll": "E5AE6947F5EF06D6A52A86D07CEBCB3B",
  "SharpDisasm.dll": "C09A0B3E41B8D13D8B0FF8F3D72B064B",
  "SharpDX.Direct3D11.dll": "D2C094FEF2DF16D0FE0E538F4179FDA1",
  "SharpDX.dll": "6C00B8BE8FB6FF838C79C9DE405DB1F5",
  "SharpDX.DXGI.dll": "FACCD233E453D81A69C5081971031ED9",
  "SharpDX.Mathematics.dll": "627AA0022B8549C41DC65777CEC20F30",
  "Silk.NET.Core.dll": "B68191524395A1A200E668FB7722EB30",
  "Silk.NET.GLFW.dll": "FA158408831CA3B3A9BCDB5ADED20C8E",
  "Silk.NET.Maths.dll": "C9B9FF599E789D8AEC49E85DDCED1A1E",
  "Silk.NET.OpenGL.dll": "5CAEF87F2B3A920F28B255E5442CA01F",
  "Silk.NET.SDL.dll": "7F4F0250947EC2A5CA5E51BF5E8D4BC1",
  "Silk.NET.Windowing.Common.dll": "C1EC1EDC12583BD7F261D0EF764544C9",
  "Silk.NET.Windowing.Glfw.dll": "A90DDB9755E4159F355E057149787351",
  "Silk.NET.Windowing.Sdl.dll": "8E8DD33C9F719106C920641563613E76",
  "StbiSharp.dll": "E74B723FBB51F705C02A351B06C90F07",
  "System.Drawing.Common.dll": "81322ED16B5B8CC51936161EF92889C5",
  "System.Reflection.MetadataLoadContext.dll": "5675DBCB2208324B6CB8D2D334682132",
  "System.Security.Cryptography.Pkcs.dll": "8950E01996A37E808BE3F39063C37BF9",
  "Validation.dll": "B2E7F6E81AB0DCF99FC04497A525C145"
}
