{
  "cs\\Microsoft.CodeAnalysis.CSharp.resources.dll": "BC549683EC243CF3303A81B97745D5E0",
  "cs\\Microsoft.CodeAnalysis.CSharp.Scripting.resources.dll": "B3124A922914B37E11D58917EBF6FFF3",
  "cs\\Microsoft.CodeAnalysis.resources.dll": "BD2D2B1819DFB5CEE6C196E3DFE812B8",
  "cs\\Microsoft.CodeAnalysis.Scripting.resources.dll": "2658B1B7B383E57AEE80C1860DAA668F",
  "de\\Microsoft.CodeAnalysis.CSharp.resources.dll": "A7A1389D9DD8440446982AD0867EF04C",
  "de\\Microsoft.CodeAnalysis.CSharp.Scripting.resources.dll": "AE52A7787EC46D8BA56B0F00D48B72DA",
  "de\\Microsoft.CodeAnalysis.resources.dll": "00AFB1A37E7A63A7CBEA25450F938135",
  "de\\Microsoft.CodeAnalysis.Scripting.resources.dll": "EB0D19595BDA36D51007BF4BD43862B8",
  "es\\Microsoft.CodeAnalysis.CSharp.resources.dll": "F2161A44FD9E46DAA4933F4B8A2BBA76",
  "es\\Microsoft.CodeAnalysis.CSharp.Scripting.resources.dll": "D967F83DB41B6B28AB89346A97ED04B6",
  "es\\Microsoft.CodeAnalysis.resources.dll": "05121F0EC7F37F9447761523BA9FE120",
  "es\\Microsoft.CodeAnalysis.Scripting.resources.dll": "76FFDC4360E7172E8D63BB9D49D810BE",
  "fr\\Microsoft.CodeAnalysis.CSharp.resources.dll": "7BB96586EB07BB62CD69A2A83F8CC7D1",
  "fr\\Microsoft.CodeAnalysis.CSharp.Scripting.resources.dll": "7D373D2E8DAA8F45526F5C22924C9960",
  "fr\\Microsoft.CodeAnalysis.resources.dll": "AF03AF833BDD544BDF3DBDF5049BD7F4",
  "fr\\Microsoft.CodeAnalysis.Scripting.resources.dll": "FBA747401BC39FC3D5E7E42717C21B1F",
  "it\\Microsoft.CodeAnalysis.CSharp.resources.dll": "1320E977BA4451A7640DF7747F7FA3B2",
  "it\\Microsoft.CodeAnalysis.CSharp.Scripting.resources.dll": "693F260F235BAE092423D76A755219AC",
  "it\\Microsoft.CodeAnalysis.resources.dll": "337067355424D42F516CD3F2C1A96CFF",
  "it\\Microsoft.CodeAnalysis.Scripting.resources.dll": "9818DE49A0FF742E1AD0DAE1469AB66F",
  "ja\\Microsoft.CodeAnalysis.CSharp.resources.dll": "6A50F3DCB380F89B09E0A641F2316280",
  "ja\\Microsoft.CodeAnalysis.CSharp.Scripting.resources.dll": "E45ACE616B82947F9818F12F02FADB8B",
  "ja\\Microsoft.CodeAnalysis.resources.dll": "E1F8F271E0CF9BB8701B2AF99C769773",
  "ja\\Microsoft.CodeAnalysis.Scripting.resources.dll": "FAA97C0532C646083E4183366C4A4724",
  "ko\\Microsoft.CodeAnalysis.CSharp.resources.dll": "BA27D537A40074B3FF21BA7735F7EE68",
  "ko\\Microsoft.CodeAnalysis.CSharp.Scripting.resources.dll": "18E0CCECDD92F6D2824764365AF24F62",
  "ko\\Microsoft.CodeAnalysis.resources.dll": "1D0F1229B9C1CD7C24A46E652ABDAA45",
  "ko\\Microsoft.CodeAnalysis.Scripting.resources.dll": "92B344C0214C856AF3BE9496E7D75A76",
  "pl\\Microsoft.CodeAnalysis.CSharp.resources.dll": "05C643508FDFB23BDD898922324E27AF",
  "pl\\Microsoft.CodeAnalysis.CSharp.Scripting.resources.dll": "2C403B4B935210854296159D621660EF",
  "pl\\Microsoft.CodeAnalysis.resources.dll": "C6C67AD06B6A710A476A872E60E8A6E4",
  "pl\\Microsoft.CodeAnalysis.Scripting.resources.dll": "D9E26A58A0370C87DEDF1C1B4E9574AE",
  "pt-BR\\Microsoft.CodeAnalysis.CSharp.resources.dll": "BC45E9E6029FA59018F26FF5115DBEE3",
  "pt-BR\\Microsoft.CodeAnalysis.CSharp.Scripting.resources.dll": "756FD1442D7F5A85C532B5A84E13EEDD",
  "pt-BR\\Microsoft.CodeAnalysis.resources.dll": "1F147966D928C83770FA1FD878C2E8CB",
  "pt-BR\\Microsoft.CodeAnalysis.Scripting.resources.dll": "8A9571340DF358F25E62DEFB7E2F5E0E",
  "ru\\Microsoft.CodeAnalysis.CSharp.resources.dll": "2ABF66811059E31B06AFD11DE30233D8",
  "ru\\Microsoft.CodeAnalysis.CSharp.Scripting.resources.dll": "5E16A9C6DA20083364466FBBAEC333F1",
  "ru\\Microsoft.CodeAnalysis.resources.dll": "F07BA967AD03C1A10E38214732D7B070",
  "ru\\Microsoft.CodeAnalysis.Scripting.resources.dll": "764D6900F6D031A3B2D26CBDB3258654",
  "runtimes\\linux-x64\\native\\libglfw.so.3": "9E3137144F68B9E9793F4C7AD5B1BEA7",
  "runtimes\\linux-x64\\native\\libSDL2-2.0.so": "99B95A708381FC66AB2370E45A260527",
  "runtimes\\linux-x64\\native\\libstbi.so": "0945355ED59677D06E3E88F48101BB26",
  "runtimes\\osx-x64\\native\\libglfw.3.dylib": "1E30FAB2F0C40E82290AD4B0BF14A880",
  "runtimes\\osx-x64\\native\\libSDL2-2.0.dylib": "AAC958490586C67395F0A90903AE3747",
  "runtimes\\osx-x64\\native\\libstbi.dylib": "0B84B0A6A80178266018081C3CAB68E6",
  "runtimes\\unix\\lib\\netcoreapp3.0\\System.Drawing.Common.dll": "6DDDA9858492A7D5887112FD98BA4D59",
  "runtimes\\win\\lib\\netcoreapp3.0\\System.Drawing.Common.dll": "86268518C164BDD38217DCD8E74A2543",
  "runtimes\\win-x64\\native\\glfw3.dll": "0515F263F8ACE4BA1DB8AADA30AF87D5",
  "runtimes\\win-x64\\native\\SDL2.dll": "7A11CBCF3D011D61DFC45EEEA0197839",
  "runtimes\\win-x64\\native\\stbi.dll": "32E0A20B753C874E73D4E53ACCEC7D6D",
  "runtimes\\win-x64\\native\\stbi.lib": "927C214DE576219E1F80DBE7798A0502",
  "runtimes\\win-x86\\native\\glfw3.dll": "93B194178AEF1070C2FD183BB820F40D",
  "runtimes\\win-x86\\native\\SDL2.dll": "FC9437F416F54994C83E9403BD861107",
  "tr\\Microsoft.CodeAnalysis.CSharp.resources.dll": "1792720DD38B59570BA3AD531DEF20FB",
  "tr\\Microsoft.CodeAnalysis.CSharp.Scripting.resources.dll": "03BF859E480EE1202CCE8553C6F2DC15",
  "tr\\Microsoft.CodeAnalysis.resources.dll": "01F7154837DD7ADE1FE662F60BCE1D78",
  "tr\\Microsoft.CodeAnalysis.Scripting.resources.dll": "565D70215AF58F4DD267B9C744CA56D0",
  "zh-Hans\\Microsoft.CodeAnalysis.CSharp.resources.dll": "648EA05B31375DD68ABC0B84AF42C8DB",
  "zh-Hans\\Microsoft.CodeAnalysis.CSharp.Scripting.resources.dll": "E02A0784226D5DBBC854E0304D2B230A",
  "zh-Hans\\Microsoft.CodeAnalysis.resources.dll": "6DFFCB06FCD693BB53BC936B713DCD7D",
  "zh-Hans\\Microsoft.CodeAnalysis.Scripting.resources.dll": "1CA87460E276D72ADFEB5580D09F5521",
  "zh-Hant\\Microsoft.CodeAnalysis.CSharp.resources.dll": "86FC94653A63952339816AE038EEE081",
  "zh-Hant\\Microsoft.CodeAnalysis.CSharp.Scripting.resources.dll": "52E3FA99CB3943125DC3C025ABC87AC6",
  "zh-Hant\\Microsoft.CodeAnalysis.resources.dll": "F99006E932ECD51895B060C99E79E9E4",
  "zh-Hant\\Microsoft.CodeAnalysis.Scripting.resources.dll": "3023ED7E49CB36B72E8937F5C1BAF7C4",
  "CheapLoc.dll": "E75187D5EEF4A3CA095A603D89997058",
  "Dalamud.Boot.dll": "FEC849ED7B7427D3F716927748B200DB",
  "Dalamud.deps.json": "AABB1D735D9BCC2E5F552C4BEC4C1314",
  "Dalamud.dll": "BD23C1AB7FA122F1BB7E2250200E1859",
  "Dalamud.Injector.deps.json": "AE0456C17E58B7BC2E2C35FC36D6E2F9",
  "Dalamud.Injector.dll": "E47F1F824253C89BE94611931A784A27",
  "Dalamud.Injector.exe": "0BD0B6D05F4517B945EA7A02FEFD1D12",
  "Dalamud.Injector.runtimeconfig.dev.json": "4401D17ABD0EF52E8F60C95C1E1196A5",
  "Dalamud.Injector.runtimeconfig.json": "308DB40BE9CF853F6571F09D97788371",
  "Dalamud.Injector.xml": "ECD33566742CC48674AAF5784FD5E8DF",
  "Dalamud.runtimeconfig.dev.json": "4401D17ABD0EF52E8F60C95C1E1196A5",
  "Dalamud.runtimeconfig.json": "308DB40BE9CF853F6571F09D97788371",
  "Dalamud.xml": "E42CFC1AAADB0A62C6EA6D11CE31B2E3",
  "FASM.DLL": "F7D898F92362F879C80F712D5BEE8D5A",
  "FASM-LICENSE.TXT": "ECEA1D10811221D5F0A3E96F9C38E2C7",
  "FASMX64.DLL": "094A145CC40AB5166BF0F00EE2954EEF",
  "FFXIVClientStructs.dll": "15E3366EE154395D0221F03D28628A33",
  "Iced.dll": "EE697D219B58B91FE6CA6046C13F378A",
  "ImGui.NET.dll": "6BC5D6949818633B1C67C0C3D3ADE84C",
  "ImGuiScene.dll": "EAF179C7B727AB6F3110B36C243CDAF8",
  "JetBrains.Annotations.dll": "28160E69E1175663FAC87E18B79B75B4",
  "Lumina.dll": "C9C5DF5BB500513D7F4CD37E6E5F1ADC",
  "Lumina.Excel.dll": "E844A7C4034F7CEB7FB89CFD91D13387",
  "McMaster.NETCore.Plugins.dll": "6A0EC6FC63D66ABBB60493BB53AEAFF6",
  "Microsoft.Bcl.HashCode.dll": "613AB56061ADF2284E047025207467E0",
  "Microsoft.CodeAnalysis.CSharp.dll": "125AF80A4FC2E0BB0F96B12ED8F62F14",
  "Microsoft.CodeAnalysis.CSharp.Scripting.dll": "01F2D45C7FE0B1907B9CEE75509FE565",
  "Microsoft.CodeAnalysis.dll": "A184FE5B2D614400BECA3FD34A4D21F9",
  "Microsoft.CodeAnalysis.Scripting.dll": "48CEAEDA0011B31E3E0C5562282DD138",
  "Microsoft.DotNet.PlatformAbstractions.dll": "00AB0F02B1114C57C758F5AD595224F1",
  "Microsoft.Extensions.DependencyModel.dll": "104B74E47E79E12E4E6EBCA324C48D29",
  "Mono.Cecil.dll": "C4B802B9B66DC5B2B3F251C8822DA712",
  "Mono.Cecil.Mdb.dll": "54016AFEC9A4541DE4EA7FDC4536BEE6",
  "Mono.Cecil.Pdb.dll": "F100E5CF51EF9837AF10B793F3ED8703",
  "Mono.Cecil.Rocks.dll": "519AFF3818E8871E428F403B9F1BF63D",
  "nethost.dll": "012081214FE71F0F6ADCD9F4A71B2B00",
  "Newtonsoft.Json.dll": "916D32B899F1BC23B209648D007B99FD",
  "PeNet.Asn1.dll": "258F9AE3752C9E914D0698915A78A1F2",
  "PeNet.dll": "71DC16E1A5A8AB476B2F555C5EB9CA97",
  "PInvoke.AdvApi32.dll": "34EE461D05B403C3A15D0DEC32A3788C",
  "PInvoke.BCrypt.dll": "FD07758EE1440491F22923084109FF26",
  "PInvoke.Cabinet.dll": "333D950E3804735DA60CC41D614C63E2",
  "PInvoke.CfgMgr32.dll": "768BE7CC18EDCF78B296A72ABE891691",
  "PInvoke.Crypt32.dll": "E7B00B0851738F4A7F2C6D37DAA973B4",
  "PInvoke.DbgHelp.dll": "E701136169620D20E3A70B560DE20E44",
  "PInvoke.DwmApi.dll": "ACF223CC8962404056648815B486F7D9",
  "PInvoke.Gdi32.dll": "69FF434826F98582CE44D3136ECFFACB",
  "PInvoke.Hid.dll": "2E7A41257F8AD9B26073181F450CD8E5",
  "PInvoke.ImageHlp.dll": "79BE816E8D86EA66489D7780DD675D49",
  "PInvoke.IPHlpApi.dll": "E949FA3326D1BA8872B179AB4EE49D38",
  "PInvoke.Kernel32.dll": "234E15B122ED430DE99490CA1A204958",
  "PInvoke.Magnification.dll": "C9EA3D34F506741ECC044DB19C151F09",
  "PInvoke.Msi.dll": "69EE50CE2DA6B55755E52589F49A7EBC",
  "PInvoke.NCrypt.dll": "DA1DE76C14D99370CA3BEF19DC299B15",
  "PInvoke.NetApi32.dll": "AE79F9FA2E3864A5E0642AE4622ECDC5",
  "PInvoke.NewDev.dll": "B3E1992105D986EF9C5C8E4B630FBB07",
  "PInvoke.NTDll.dll": "3F6BDF840EB27DD0FD9EB8071822183A",
  "PInvoke.Ole32.dll": "3C49FB100B60519FFE725BCD12A538F6",
  "PInvoke.Psapi.dll": "A7683EE4B880227F01C8AE632A892B9E",
  "PInvoke.SetupApi.dll": "1B7AE321185D0081D1759A9AD829F9BA",
  "PInvoke.SHCore.dll": "F27E7F063D51480F6D2294C903E4A606",
  "PInvoke.Shell32.dll": "F71A1BCAF6478190691170DAEA77722F",
  "PInvoke.User32.dll": "8BEDE38311ED4F27127290B81B8079FD",
  "PInvoke.Userenv.dll": "FEB7BCA90B8C905EC2F4BB0789847131",
  "PInvoke.UxTheme.dll": "8E683C016250CB719FDB9AAAFC22B3C5",
  "PInvoke.Windows.Core.dll": "90015440A44935208FFEA9BF61740651",
  "PInvoke.Windows.ShellScalingApi.dll": "F351B34B8C9183A51CADFDC279357C49",
  "PInvoke.WinUsb.dll": "9EB8A0280F2848D1A32B560A939F7336",
  "PInvoke.WtsApi32.dll": "341C94455D2E5893DBE4293D4D67AA4D",
  "Reloaded.Assembler.dll": "9734B86A0F18B2F501F00CC9F763A615",
  "Reloaded.Assembler.targets": "CC22CB0A353E2136EE9E6E96DB9F7164",
  "Reloaded.Hooks.Definitions.dll": "1CA2E45F891A26B90FE32E5002C1DABB",
  "Reloaded.Hooks.dll": "FF30537232E0066778425F0F7E0DAA6E",
  "Reloaded.Injector.dll": "9D6911C1E358EFF12D8E0FE4860E4E1A",
  "Reloaded.Memory.Buffers.dll": "AE9CB903CAEC48640496D84C6D26C077",
  "Reloaded.Memory.dll": "44CAD4BAD6E2FDE73BCEC5A1DB9F6122",
  "SDL2-CS.config": "65557595FD5DF55D93B2BF881DE62C3A",
  "SDL2-CS.dll": "D839446353E89758800A3891FE8D2DAE",
  "Serilog.dll": "181F3E3D0C509566283156816EB317CA",
  "Serilog.Sinks.Async.dll": "A940B90E5AE54020B816A735940A31EF",
  "Serilog.Sinks.File.dll": "1DE856CB2379F943E0AC6087F0C18E69",
  "SharpDisasm.dll": "C09A0B3E41B8D13D8B0FF8F3D72B064B",
  "SharpDX.Direct3D11.dll": "D2C094FEF2DF16D0FE0E538F4179FDA1",
  "SharpDX.dll": "6C00B8BE8FB6FF838C79C9DE405DB1F5",
  "SharpDX.DXGI.dll": "FACCD233E453D81A69C5081971031ED9",
  "SharpDX.Mathematics.dll": "627AA0022B8549C41DC65777CEC20F30",
  "Silk.NET.Core.dll": "B68191524395A1A200E668FB7722EB30",
  "Silk.NET.GLFW.dll": "FA158408831CA3B3A9BCDB5ADED20C8E",
  "Silk.NET.Maths.dll": "C9B9FF599E789D8AEC49E85DDCED1A1E",
  "Silk.NET.OpenGL.dll": "5CAEF87F2B3A920F28B255E5442CA01F",
  "Silk.NET.SDL.dll": "7F4F0250947EC2A5CA5E51BF5E8D4BC1",
  "Silk.NET.Windowing.Common.dll": "C1EC1EDC12583BD7F261D0EF764544C9",
  "Silk.NET.Windowing.Glfw.dll": "A90DDB9755E4159F355E057149787351",
  "Silk.NET.Windowing.Sdl.dll": "8E8DD33C9F719106C920641563613E76",
  "StbiSharp.dll": "E74B723FBB51F705C02A351B06C90F07",
  "System.Drawing.Common.dll": "81322ED16B5B8CC51936161EF92889C5",
  "System.Reflection.MetadataLoadContext.dll": "5675DBCB2208324B6CB8D2D334682132",
  "Validation.dll": "B2E7F6E81AB0DCF99FC04497A525C145"
}
