{
  "runtimes\\alpine-x64\\native\\libe_sqlite3.so": "39C244FEDBCD3DFC37041D4FCE1AE21D",
  "runtimes\\linux-arm\\native\\libe_sqlite3.so": "96CF54BC0EFB83D6E3F5F3E04997A59D",
  "runtimes\\linux-arm64\\native\\libe_sqlite3.so": "F079E55E7F3F9966A4A2052A3234E068",
  "runtimes\\linux-armel\\native\\libe_sqlite3.so": "C5A67D49434FC65D64E9C15778078C76",
  "runtimes\\linux-mips64\\native\\libe_sqlite3.so": "5F8461214089CFC677D46C19B7162161",
  "runtimes\\linux-musl-x64\\native\\libe_sqlite3.so": "39C244FEDBCD3DFC37041D4FCE1AE21D",
  "runtimes\\linux-x64\\native\\libe_sqlite3.so": "6F49C540D3AB9964D67A4A704C3D262D",
  "runtimes\\linux-x64\\native\\libglfw.so.3": "9E3137144F68B9E9793F4C7AD5B1BEA7",
  "runtimes\\linux-x64\\native\\libSDL2-2.0.so": "99B95A708381FC66AB2370E45A260527",
  "runtimes\\linux-x64\\native\\libstbi.so": "0945355ED59677D06E3E88F48101BB26",
  "runtimes\\linux-x86\\native\\libe_sqlite3.so": "5E0659B414CBD6DDC38C65582485853E",
  "runtimes\\osx-x64\\native\\libe_sqlite3.dylib": "F82AE134FCD1C080A69D775591406673",
  "runtimes\\osx-x64\\native\\libglfw.3.dylib": "1E30FAB2F0C40E82290AD4B0BF14A880",
  "runtimes\\osx-x64\\native\\libSDL2-2.0.dylib": "AAC958490586C67395F0A90903AE3747",
  "runtimes\\osx-x64\\native\\libstbi.dylib": "0B84B0A6A80178266018081C3CAB68E6",
  "runtimes\\win-arm\\native\\e_sqlite3.dll": "54E4BE5776D61F5B8EAB6FF83E591E83",
  "runtimes\\win-arm64\\native\\e_sqlite3.dll": "F218B6FAF9FD5235E38B665770B2C997",
  "runtimes\\win-x64\\native\\cimgui.dll": "C977DCFB94B3446DC53D4645AF255F06",
  "runtimes\\win-x64\\native\\cimguizmo.dll": "DBAE5769FFB911CB7B91EA6491AEEC26",
  "runtimes\\win-x64\\native\\cimplot.dll": "2989441E63F8E127A9AD11A437EE58D1",
  "runtimes\\win-x64\\native\\e_sqlite3.dll": "E0510FB90B247AA3BBC963ACFB038D1B",
  "runtimes\\win-x64\\native\\glfw3.dll": "F6F9D19B078723799F85E4113F01C60F",
  "runtimes\\win-x64\\native\\minhook.x64d.dll": "9E5780CD8A831031F555F1F8415443F3",
  "runtimes\\win-x64\\native\\SDL2.dll": "259514DC3EEF20F56C256F80C2BDA78F",
  "runtimes\\win-x64\\native\\stbi.dll": "1E8E8C25F8D6B49608D94C902DD7D8FC",
  "runtimes\\win-x64\\native\\stbi.lib": "927C214DE576219E1F80DBE7798A0502",
  "runtimes\\win-x86\\native\\e_sqlite3.dll": "4139739CF8AF697DB2C76480CC7362B7",
  "runtimes\\win-x86\\native\\glfw3.dll": "3EA062B85651C50C417645418E38E927",
  "runtimes\\win-x86\\native\\SDL2.dll": "AFB7000298E7D56DED7C66865950F453",
  "targets\\Dalamud.Plugin.Bootstrap.targets": "C85635161398CD9852CF7212DB7EB904",
  "targets\\Dalamud.Plugin.targets": "E2AA900DB1F6596D1C203D4112A10F5E",
  "CheapLoc.dll": "4B59C88974319717E12473DE4AF8B8A2",
  "Costura.dll": "0D7364CFC8A976C7806A11134E0D7238",
  "Dalamud.Boot.dll": "9CA987045B194DB0221BDFDA031CB230",
  "Dalamud.Common.dll": "12E8EDCC886B57FA71EEB7FA0B5475F8",
  "Dalamud.deps.json": "A45B7CA1210BD5203A20B3BBF6F01F40",
  "Dalamud.dll": "1BB20F15F14CFCB88D4E910FD41EE969",
  "Dalamud.Injector.deps.json": "C1FA0941DC8B38E415776C60C508AAB9",
  "Dalamud.Injector.dll": "C6F871BC1982FDCA9A0326BCC5476F5B",
  "Dalamud.Injector.exe": "4719D5E0BEBBA79CD2E4FD783C0B27F7",
  "Dalamud.Injector.runtimeconfig.json": "B9BB65FFE7924D4D8BABE9FA66303200",
  "Dalamud.Injector.xml": "D41E5DF541D19A015215E777D7395C9C",
  "Dalamud.runtimeconfig.json": "2A9CD915428BDD175E0889BD0C225F75",
  "Dalamud.xml": "37A020879D04CD6A0BCCB74D33118E87",
  "DalamudCrashHandler.exe": "3471808D1B5933D5B3182F5871192CAD",
  "FASM-LICENSE.TXT": "ECEA1D10811221D5F0A3E96F9C38E2C7",
  "FASM.DLL": "754CE3FB141BEE0A12BED184E2B4C702",
  "FASMX64.DLL": "6CB84E0BF3EE7EFDC0189C6A6464C845",
  "FFXIVClientStructs.dll": "340DF2EB68F0671293FBBE4444ABE9FC",
  "FFXIVClientStructs.xml": "39D682805E3B23E9193A8220A5DF19AE",
  "goaaats.Reloaded.Assembler.targets": "CC22CB0A353E2136EE9E6E96DB9F7164",
  "Iced.dll": "83BB30E0387DBCBF7D3DF5E7F672832A",
  "ImGui.NET.dll": "1482E86F518DC2F23EA52027216B1D85",
  "ImGuiScene.dll": "457B9A33CAB323A53EC2409F75729FFF",
  "JetBrains.Annotations.dll": "FB7413465E691C4039A78F5D032A661C",
  "licenses.txt": "A159BE62AA91178EFC3E3983AE874D1D",
  "Lumina.dll": "A4D3D871C707A2A796891F2B9891A6B4",
  "Lumina.Excel.dll": "3754BD499F2E8BE49CB7DCFB176DCC0E",
  "Microsoft.Bcl.HashCode.dll": "613AB56061ADF2284E047025207467E0",
  "Microsoft.DotNet.PlatformAbstractions.dll": "00AB0F02B1114C57C758F5AD595224F1",
  "Microsoft.Extensions.DependencyModel.dll": "F39BC76C10CFEA478C936FC4521A9FC9",
  "Microsoft.Extensions.ObjectPool.dll": "4EEE3E64BE561711391BF998FFBF65D3",
  "MinSharp.dll": "66472F11889C58A2D237380CF24CCC62",
  "Mono.Cecil.dll": "AAA871DA27CE0BB9747E79B83F4631CB",
  "Mono.Cecil.Mdb.dll": "81A8F735DEFA486FF640CBEDA21F7F75",
  "Mono.Cecil.Pdb.dll": "478A10EDF2041143594783597C7F2655",
  "Mono.Cecil.Rocks.dll": "4D86CF24FBD956B798C5F696E57C6D02",
  "nethost.dll": "012081214FE71F0F6ADCD9F4A71B2B00",
  "Newtonsoft.Json.dll": "86A83A63F12B55FD3718CFBFB577D7DC",
  "PeNet.Asn1.dll": "434701D3DD3BFAB1102492FB2B0C7D14",
  "PeNet.dll": "754358FB66138CC61A5B5B01C4867B1D",
  "PInvoke.AdvApi32.dll": "34EE461D05B403C3A15D0DEC32A3788C",
  "PInvoke.BCrypt.dll": "FD07758EE1440491F22923084109FF26",
  "PInvoke.Cabinet.dll": "333D950E3804735DA60CC41D614C63E2",
  "PInvoke.CfgMgr32.dll": "768BE7CC18EDCF78B296A72ABE891691",
  "PInvoke.Crypt32.dll": "E7B00B0851738F4A7F2C6D37DAA973B4",
  "PInvoke.DbgHelp.dll": "E701136169620D20E3A70B560DE20E44",
  "PInvoke.DwmApi.dll": "ACF223CC8962404056648815B486F7D9",
  "PInvoke.Gdi32.dll": "69FF434826F98582CE44D3136ECFFACB",
  "PInvoke.Hid.dll": "2E7A41257F8AD9B26073181F450CD8E5",
  "PInvoke.ImageHlp.dll": "79BE816E8D86EA66489D7780DD675D49",
  "PInvoke.IPHlpApi.dll": "E949FA3326D1BA8872B179AB4EE49D38",
  "PInvoke.Kernel32.dll": "234E15B122ED430DE99490CA1A204958",
  "PInvoke.Magnification.dll": "C9EA3D34F506741ECC044DB19C151F09",
  "PInvoke.Msi.dll": "69EE50CE2DA6B55755E52589F49A7EBC",
  "PInvoke.NCrypt.dll": "DA1DE76C14D99370CA3BEF19DC299B15",
  "PInvoke.NetApi32.dll": "AE79F9FA2E3864A5E0642AE4622ECDC5",
  "PInvoke.NewDev.dll": "B3E1992105D986EF9C5C8E4B630FBB07",
  "PInvoke.NTDll.dll": "3F6BDF840EB27DD0FD9EB8071822183A",
  "PInvoke.Ole32.dll": "3C49FB100B60519FFE725BCD12A538F6",
  "PInvoke.Psapi.dll": "A7683EE4B880227F01C8AE632A892B9E",
  "PInvoke.SetupApi.dll": "1B7AE321185D0081D1759A9AD829F9BA",
  "PInvoke.SHCore.dll": "F27E7F063D51480F6D2294C903E4A606",
  "PInvoke.Shell32.dll": "F71A1BCAF6478190691170DAEA77722F",
  "PInvoke.User32.dll": "8BEDE38311ED4F27127290B81B8079FD",
  "PInvoke.Userenv.dll": "FEB7BCA90B8C905EC2F4BB0789847131",
  "PInvoke.UxTheme.dll": "8E683C016250CB719FDB9AAAFC22B3C5",
  "PInvoke.Windows.Core.dll": "90015440A44935208FFEA9BF61740651",
  "PInvoke.Windows.ShellScalingApi.dll": "F351B34B8C9183A51CADFDC279357C49",
  "PInvoke.WinUsb.dll": "9EB8A0280F2848D1A32B560A939F7336",
  "PInvoke.WtsApi32.dll": "341C94455D2E5893DBE4293D4D67AA4D",
  "Reloaded.Assembler.dll": "1BDEB7DBBD64771206C0CEB9DA81DD82",
  "Reloaded.Hooks.Definitions.dll": "068BEDEA3889D3539B82A679821B8FC7",
  "Reloaded.Hooks.dll": "6D4FF00F7256CD6E3B50D1A781904C70",
  "Reloaded.Memory.Buffers.dll": "340CAB3E6031708DBB437D95F64F7718",
  "Reloaded.Memory.dll": "073D2F572AEB36AB2EF23AFE7A08E24B",
  "revision.txt": "8C5EBE834BB61A2E5AB8EF38F8D940F3",
  "SDL2-CS.config": "65557595FD5DF55D93B2BF881DE62C3A",
  "SDL2-CS.dll": "AF3070C1A436768A7D7AE047418A3E76",
  "Serilog.dll": "36FE980FAED82DD88E252ABE2915C426",
  "Serilog.Sinks.Async.dll": "61BEA969031B499A959607B83BDED371",
  "Serilog.Sinks.Console.dll": "079E4D706C8DDB3140FC01EE7A61BD77",
  "Serilog.Sinks.File.dll": "7A4A4F8B8D6D5D3DE02D5F5B87746E21",
  "SharpDX.Direct3D11.dll": "A2CB0ECDBCA64196E7AE560AF1D1A8B3",
  "SharpDX.dll": "E96E4E291C4CFF60BF32DF0F61B7BFF0",
  "SharpDX.DXGI.dll": "E3CAE3D14961B8BEB8A9D97DC332281A",
  "SharpDX.Mathematics.dll": "13ABC203EA04E3378F6B334DF171A6F9",
  "Silk.NET.Core.dll": "7A8CE5E676F430C13B7D960D903A6423",
  "Silk.NET.GLFW.dll": "4E1392FAFC29400CD82F5EF1BA7E6512",
  "Silk.NET.Maths.dll": "624BE10D983BD2E102AF1B835EBBABF8",
  "Silk.NET.OpenGL.dll": "2EA345B0E0811C7C3612174F067E08C4",
  "Silk.NET.SDL.dll": "3C5900566AAA111C9C9F147B085820C7",
  "Silk.NET.Windowing.Common.dll": "7E72661CA2D6F333862F0AEB404D0778",
  "Silk.NET.Windowing.Glfw.dll": "39A511949F27BCFDF0C0D4E9FC9407F4",
  "Silk.NET.Windowing.Sdl.dll": "6E5033022DADD468855E51B7777DBEDB",
  "SQLite-net.dll": "AB68D7F46034F5EBD6514419912715B6",
  "SQLitePCLRaw.batteries_v2.dll": "2BFC3A2712133B7FB72A38664AF6ECAD",
  "SQLitePCLRaw.core.dll": "786BFA7DA018DEA957533F2786FDBFA9",
  "SQLitePCLRaw.nativelibrary.dll": "30E5C2A2F5309AADF3801245A90F10B9",
  "SQLitePCLRaw.provider.dynamic_cdecl.dll": "68DA6CC80E65B97169F126D737448AE6",
  "StbiSharp.dll": "5A337512B2022A06B29ADF2322F674B3",
  "System.Reactive.dll": "EF5A00287AD15393D41B12AA4B726FF7",
  "System.Reflection.MetadataLoadContext.dll": "7EC41D41F4E1246757BA3E2EC862D562",
  "System.Security.Cryptography.Pkcs.dll": "8950E01996A37E808BE3F39063C37BF9",
  "TEMP_gitver.txt": "98D11D0B35E7E38877C3BA3999B9C86F",
  "TerraFX.Interop.Windows.dll": "84F7EF6B0DE91F8CC23F773D3FD6DEC0",
  "Validation.dll": "E64BE1372113B0C8FA0F7B90C3493355"
}
