{
  "runtimes\\alpine-x64\\native\\libe_sqlite3.so": "39C244FEDBCD3DFC37041D4FCE1AE21D",
  "runtimes\\linux-arm\\native\\libe_sqlite3.so": "96CF54BC0EFB83D6E3F5F3E04997A59D",
  "runtimes\\linux-arm64\\native\\libe_sqlite3.so": "F079E55E7F3F9966A4A2052A3234E068",
  "runtimes\\linux-armel\\native\\libe_sqlite3.so": "C5A67D49434FC65D64E9C15778078C76",
  "runtimes\\linux-mips64\\native\\libe_sqlite3.so": "5F8461214089CFC677D46C19B7162161",
  "runtimes\\linux-musl-x64\\native\\libe_sqlite3.so": "39C244FEDBCD3DFC37041D4FCE1AE21D",
  "runtimes\\linux-x64\\native\\libe_sqlite3.so": "6F49C540D3AB9964D67A4A704C3D262D",
  "runtimes\\linux-x64\\native\\libglfw.so.3": "9E3137144F68B9E9793F4C7AD5B1BEA7",
  "runtimes\\linux-x64\\native\\libSDL2-2.0.so": "99B95A708381FC66AB2370E45A260527",
  "runtimes\\linux-x64\\native\\libstbi.so": "0945355ED59677D06E3E88F48101BB26",
  "runtimes\\linux-x86\\native\\libe_sqlite3.so": "5E0659B414CBD6DDC38C65582485853E",
  "runtimes\\osx-x64\\native\\libe_sqlite3.dylib": "F82AE134FCD1C080A69D775591406673",
  "runtimes\\osx-x64\\native\\libglfw.3.dylib": "1E30FAB2F0C40E82290AD4B0BF14A880",
  "runtimes\\osx-x64\\native\\libSDL2-2.0.dylib": "AAC958490586C67395F0A90903AE3747",
  "runtimes\\osx-x64\\native\\libstbi.dylib": "0B84B0A6A80178266018081C3CAB68E6",
  "runtimes\\win-arm\\native\\e_sqlite3.dll": "4A212C8A0473F6D63BA8313E13EBBAD0",
  "runtimes\\win-arm64\\native\\e_sqlite3.dll": "2FB16DB6FB9D4FD6E8117B30FE89848C",
  "runtimes\\win-x64\\native\\cimgui.dll": "01F90A2CC0D5E06F880203E9AB7908BC",
  "runtimes\\win-x64\\native\\cimguizmo.dll": "3A3609A83050DC325BB713D3138BBFF9",
  "runtimes\\win-x64\\native\\cimplot.dll": "91B27AFB1E5DE075FC708CE138AC61ED",
  "runtimes\\win-x64\\native\\e_sqlite3.dll": "E55927B001E0A104FA7978814A0FB5BB",
  "runtimes\\win-x64\\native\\glfw3.dll": "3E4AABF63D926FD15490F5EBCD408847",
  "runtimes\\win-x64\\native\\minhook.x64d.dll": "696D31202572CDA0EB84759108297684",
  "runtimes\\win-x64\\native\\SDL2.dll": "C602F1432D0040334C84F7FB5748427D",
  "runtimes\\win-x64\\native\\stbi.dll": "54BA532E77127687139F7458FC46ADF6",
  "runtimes\\win-x64\\native\\stbi.lib": "927C214DE576219E1F80DBE7798A0502",
  "runtimes\\win-x86\\native\\e_sqlite3.dll": "F266CB7AD22F7A155435ED9B39E6E0E0",
  "runtimes\\win-x86\\native\\glfw3.dll": "644BD1E535C0B2F707A89871B8143D17",
  "runtimes\\win-x86\\native\\SDL2.dll": "8A750C261B8AC5CD14B3D9AB33DF3328",
  "targets\\Dalamud.Plugin.Bootstrap.targets": "C85635161398CD9852CF7212DB7EB904",
  "targets\\Dalamud.Plugin.targets": "E2AA900DB1F6596D1C203D4112A10F5E",
  "CheapLoc.dll": "4B79081325078F54C38FFB983CBDF923",
  "Costura.dll": "715850BDA3F3392330384B7F780B777B",
  "Dalamud.Boot.dll": "390B79F4E3B68E10C1D28BFEC1C945BF",
  "Dalamud.Common.dll": "75D743D80F307B817CFAAEA8DADB3425",
  "Dalamud.deps.json": "A45B7CA1210BD5203A20B3BBF6F01F40",
  "Dalamud.dll": "EBDB1F1947B74F58BECCB17622E67DB7",
  "Dalamud.Injector.deps.json": "C1FA0941DC8B38E415776C60C508AAB9",
  "Dalamud.Injector.dll": "261D90F670D6D143C6DD17E5812A0C3C",
  "Dalamud.Injector.exe": "6B9E9D4AC85A1FA082A64E076AA79A6C",
  "Dalamud.Injector.runtimeconfig.json": "B9BB65FFE7924D4D8BABE9FA66303200",
  "Dalamud.Injector.xml": "D41E5DF541D19A015215E777D7395C9C",
  "Dalamud.runtimeconfig.json": "2A9CD915428BDD175E0889BD0C225F75",
  "Dalamud.xml": "D5650EAE56C40D69645E90649C0B4F8C",
  "DalamudCrashHandler.exe": "F46FEFB87C908F8DC35259C1B1435CE8",
  "FASM-LICENSE.TXT": "ECEA1D10811221D5F0A3E96F9C38E2C7",
  "FASM.DLL": "10F9EC6A27F0708E634EE57057B532D6",
  "FASMX64.DLL": "99CA66CCCABD7C04486781BC8D659ACD",
  "FFXIVClientStructs.dll": "F3567EFE89A25854903BDF86FF0E25AD",
  "FFXIVClientStructs.xml": "59685A5C8D14F9258CFB55AD6BC4CD47",
  "goaaats.Reloaded.Assembler.targets": "CC22CB0A353E2136EE9E6E96DB9F7164",
  "Iced.dll": "15E0ED01A53451A5C5998B91AE20DE01",
  "ImGui.NET.dll": "9C5F5D005755071B6011A0D0BCBB2D79",
  "ImGuiScene.dll": "10670677D014EFB7A5CAD8F43C1A185C",
  "JetBrains.Annotations.dll": "857FD11A9E7300C94BB56342CAEBF84C",
  "licenses.txt": "A159BE62AA91178EFC3E3983AE874D1D",
  "Lumina.dll": "382594574268802A794DCF12242E6375",
  "Lumina.Excel.dll": "D90373E47B660571E5474D2EC0844256",
  "Microsoft.Bcl.HashCode.dll": "613AB56061ADF2284E047025207467E0",
  "Microsoft.DotNet.PlatformAbstractions.dll": "00AB0F02B1114C57C758F5AD595224F1",
  "Microsoft.Extensions.DependencyModel.dll": "F39BC76C10CFEA478C936FC4521A9FC9",
  "Microsoft.Extensions.ObjectPool.dll": "4EEE3E64BE561711391BF998FFBF65D3",
  "MinSharp.dll": "D91A4F2FE2F5D809F8A115FBD1359612",
  "Mono.Cecil.dll": "A5CE7EA95E68B71280F77B625ACDD269",
  "Mono.Cecil.Mdb.dll": "E4DA495D1681D9EB43C0995DD284D3E9",
  "Mono.Cecil.Pdb.dll": "D7E53A459C5E5FBF179752D3D8AAF90B",
  "Mono.Cecil.Rocks.dll": "5C18B25D039B298D9D8500BECC8D178E",
  "nethost.dll": "012081214FE71F0F6ADCD9F4A71B2B00",
  "Newtonsoft.Json.dll": "86A83A63F12B55FD3718CFBFB577D7DC",
  "PeNet.Asn1.dll": "C19EBFD2A02517B626A3F5369CBACCEC",
  "PeNet.dll": "904EEAB96F1CD30874966E5CBAAF6228",
  "PInvoke.AdvApi32.dll": "34EE461D05B403C3A15D0DEC32A3788C",
  "PInvoke.BCrypt.dll": "FD07758EE1440491F22923084109FF26",
  "PInvoke.Cabinet.dll": "333D950E3804735DA60CC41D614C63E2",
  "PInvoke.CfgMgr32.dll": "768BE7CC18EDCF78B296A72ABE891691",
  "PInvoke.Crypt32.dll": "E7B00B0851738F4A7F2C6D37DAA973B4",
  "PInvoke.DbgHelp.dll": "E701136169620D20E3A70B560DE20E44",
  "PInvoke.DwmApi.dll": "ACF223CC8962404056648815B486F7D9",
  "PInvoke.Gdi32.dll": "69FF434826F98582CE44D3136ECFFACB",
  "PInvoke.Hid.dll": "2E7A41257F8AD9B26073181F450CD8E5",
  "PInvoke.ImageHlp.dll": "79BE816E8D86EA66489D7780DD675D49",
  "PInvoke.IPHlpApi.dll": "E949FA3326D1BA8872B179AB4EE49D38",
  "PInvoke.Kernel32.dll": "234E15B122ED430DE99490CA1A204958",
  "PInvoke.Magnification.dll": "C9EA3D34F506741ECC044DB19C151F09",
  "PInvoke.Msi.dll": "69EE50CE2DA6B55755E52589F49A7EBC",
  "PInvoke.NCrypt.dll": "DA1DE76C14D99370CA3BEF19DC299B15",
  "PInvoke.NetApi32.dll": "AE79F9FA2E3864A5E0642AE4622ECDC5",
  "PInvoke.NewDev.dll": "B3E1992105D986EF9C5C8E4B630FBB07",
  "PInvoke.NTDll.dll": "3F6BDF840EB27DD0FD9EB8071822183A",
  "PInvoke.Ole32.dll": "3C49FB100B60519FFE725BCD12A538F6",
  "PInvoke.Psapi.dll": "A7683EE4B880227F01C8AE632A892B9E",
  "PInvoke.SetupApi.dll": "1B7AE321185D0081D1759A9AD829F9BA",
  "PInvoke.SHCore.dll": "F27E7F063D51480F6D2294C903E4A606",
  "PInvoke.Shell32.dll": "F71A1BCAF6478190691170DAEA77722F",
  "PInvoke.User32.dll": "8BEDE38311ED4F27127290B81B8079FD",
  "PInvoke.Userenv.dll": "FEB7BCA90B8C905EC2F4BB0789847131",
  "PInvoke.UxTheme.dll": "8E683C016250CB719FDB9AAAFC22B3C5",
  "PInvoke.Windows.Core.dll": "90015440A44935208FFEA9BF61740651",
  "PInvoke.Windows.ShellScalingApi.dll": "F351B34B8C9183A51CADFDC279357C49",
  "PInvoke.WinUsb.dll": "9EB8A0280F2848D1A32B560A939F7336",
  "PInvoke.WtsApi32.dll": "341C94455D2E5893DBE4293D4D67AA4D",
  "Reloaded.Assembler.dll": "C3EC10BB44DBD8A6E50392AD9F316074",
  "Reloaded.Hooks.Definitions.dll": "6543AD9F2089DF764B60C9550256D01A",
  "Reloaded.Hooks.dll": "BD369BF2B29FC2859392B4393BD7EFD7",
  "Reloaded.Memory.Buffers.dll": "FB4389771964806D2807F3C5D0A35D7F",
  "Reloaded.Memory.dll": "BDFF40250A8108AAE2CE87845EA8E27F",
  "revision.txt": "E7D161AC8D8A76529D39D9F5B4249CCB",
  "SDL2-CS.config": "65557595FD5DF55D93B2BF881DE62C3A",
  "SDL2-CS.dll": "C3B79ECFBACAC45098F864C3F984239A",
  "Serilog.dll": "4BBA612178786F047432ECAD8BF3C4F4",
  "Serilog.Sinks.Async.dll": "A7F9DA3EDD4C9BC07830042091353BAD",
  "Serilog.Sinks.Console.dll": "56239BAA4B52341002E5D6AABF613A09",
  "Serilog.Sinks.File.dll": "8CB5FA9093FD4428347881B62E0B2790",
  "SharpDX.Direct3D11.dll": "D41FAC942711B6D4F27A181D8DFDA9B4",
  "SharpDX.dll": "9BCE33CE7C89CA4944777D582B7B727C",
  "SharpDX.DXGI.dll": "6508F013E9B87D1FBB8E9A6ED287E68F",
  "SharpDX.Mathematics.dll": "C9FFA46296F61E46C0998E9A0261DF91",
  "Silk.NET.Core.dll": "C69BDD79BF7FD8C1023979BB857631B8",
  "Silk.NET.GLFW.dll": "46927B1CF0757420123EEF5F4B86ED5A",
  "Silk.NET.Maths.dll": "602A83AD88D050AC9E169ABD00070CAE",
  "Silk.NET.OpenGL.dll": "812BFE444B94811FF4712FA3122DE28E",
  "Silk.NET.SDL.dll": "399091F52FF887110D0363041362CFF9",
  "Silk.NET.Windowing.Common.dll": "5B7C41DD3718CD18D34109D615C53758",
  "Silk.NET.Windowing.Glfw.dll": "680A84CBFEDC45CD84491105669B291E",
  "Silk.NET.Windowing.Sdl.dll": "D6E84D695BDD96E36B8AEC279D442CFC",
  "SQLite-net.dll": "C802891DED3896A0B25EA42716AC0ABD",
  "SQLitePCLRaw.batteries_v2.dll": "113ECF892522C877C67C6F9DD942B314",
  "SQLitePCLRaw.core.dll": "84473D15E2848D86EE85F68ECE87B5C4",
  "SQLitePCLRaw.nativelibrary.dll": "F700F34C107BA2C58A95384B3F6B0E34",
  "SQLitePCLRaw.provider.dynamic_cdecl.dll": "15FD512807E1569303502ADC1AC439BE",
  "StbiSharp.dll": "7F4CBFB12A2291B8613BD51B89CA4B4B",
  "System.Reactive.dll": "EF5A00287AD15393D41B12AA4B726FF7",
  "System.Reflection.MetadataLoadContext.dll": "7EC41D41F4E1246757BA3E2EC862D562",
  "System.Security.Cryptography.Pkcs.dll": "8950E01996A37E808BE3F39063C37BF9",
  "TEMP_gitver.txt": "31504BABB195BD0E3C708890D39C0F6B",
  "TerraFX.Interop.Windows.dll": "84F7EF6B0DE91F8CC23F773D3FD6DEC0",
  "Validation.dll": "3CF77EBB98BA2AE335E5A839D2010BA3"
}
