{
  "runtimes\\alpine-x64\\native\\libe_sqlite3.so": "39C244FEDBCD3DFC37041D4FCE1AE21D",
  "runtimes\\linux-arm\\native\\libe_sqlite3.so": "96CF54BC0EFB83D6E3F5F3E04997A59D",
  "runtimes\\linux-arm64\\native\\libe_sqlite3.so": "F079E55E7F3F9966A4A2052A3234E068",
  "runtimes\\linux-armel\\native\\libe_sqlite3.so": "C5A67D49434FC65D64E9C15778078C76",
  "runtimes\\linux-mips64\\native\\libe_sqlite3.so": "5F8461214089CFC677D46C19B7162161",
  "runtimes\\linux-musl-x64\\native\\libe_sqlite3.so": "39C244FEDBCD3DFC37041D4FCE1AE21D",
  "runtimes\\linux-x64\\native\\libe_sqlite3.so": "6F49C540D3AB9964D67A4A704C3D262D",
  "runtimes\\linux-x64\\native\\libglfw.so.3": "9E3137144F68B9E9793F4C7AD5B1BEA7",
  "runtimes\\linux-x64\\native\\libSDL2-2.0.so": "99B95A708381FC66AB2370E45A260527",
  "runtimes\\linux-x64\\native\\libstbi.so": "0945355ED59677D06E3E88F48101BB26",
  "runtimes\\linux-x86\\native\\libe_sqlite3.so": "5E0659B414CBD6DDC38C65582485853E",
  "runtimes\\osx-x64\\native\\libe_sqlite3.dylib": "F82AE134FCD1C080A69D775591406673",
  "runtimes\\osx-x64\\native\\libglfw.3.dylib": "1E30FAB2F0C40E82290AD4B0BF14A880",
  "runtimes\\osx-x64\\native\\libSDL2-2.0.dylib": "AAC958490586C67395F0A90903AE3747",
  "runtimes\\osx-x64\\native\\libstbi.dylib": "0B84B0A6A80178266018081C3CAB68E6",
  "runtimes\\win-arm\\native\\e_sqlite3.dll": "B554E974BE5A0F0BCDA01A5808EB92C6",
  "runtimes\\win-arm64\\native\\e_sqlite3.dll": "5DF10CBEDE41B881617FDA765B0B4C25",
  "runtimes\\win-x64\\native\\cimgui.dll": "B6B9F38795DAA63C927DFA8B113E47CD",
  "runtimes\\win-x64\\native\\cimguizmo.dll": "3ECBBBD1911B18EF1AAE25AF68E5F974",
  "runtimes\\win-x64\\native\\cimplot.dll": "CAFBE6F63C95B67924880C13E730EA88",
  "runtimes\\win-x64\\native\\e_sqlite3.dll": "773A9DEA526EFAAD02437D3BC758A707",
  "runtimes\\win-x64\\native\\glfw3.dll": "EDBE1D12318F65D69F413EB0245FA920",
  "runtimes\\win-x64\\native\\minhook.x64d.dll": "3ADD0CE9A25F8C5280D9EABF19407621",
  "runtimes\\win-x64\\native\\SDL2.dll": "525146436930742902F0CB9BDBAD8E5B",
  "runtimes\\win-x64\\native\\stbi.dll": "C3E2BE6D2889FE932EB738B9760C7962",
  "runtimes\\win-x64\\native\\stbi.lib": "927C214DE576219E1F80DBE7798A0502",
  "runtimes\\win-x86\\native\\e_sqlite3.dll": "5C24524F091589C4BA8B7EC4A9FBF0A9",
  "runtimes\\win-x86\\native\\glfw3.dll": "6669AB4417997B529738558A12D8459C",
  "runtimes\\win-x86\\native\\SDL2.dll": "7D691179B758F68D57AD95F05BD07959",
  "targets\\Dalamud.Plugin.Bootstrap.targets": "C85635161398CD9852CF7212DB7EB904",
  "targets\\Dalamud.Plugin.targets": "E2AA900DB1F6596D1C203D4112A10F5E",
  "CheapLoc.dll": "877DFBD0513B0308F166F0A5EB8FACC7",
  "Costura.dll": "B3B48D7312E7F643629232E5AF718AFF",
  "Dalamud.Boot.dll": "25E2B500E6E26509D0B68D1B758571D2",
  "Dalamud.Common.dll": "CC06F61BF12E72FB31F18E0CEA977FA2",
  "Dalamud.deps.json": "027FE84097BB9C153BC4A3EC38B2FB18",
  "Dalamud.dll": "9D2272078CC47628C49B8536B4339F23",
  "Dalamud.Injector.deps.json": "C1FA0941DC8B38E415776C60C508AAB9",
  "Dalamud.Injector.dll": "B8948964DB04DF42D751EE9E28DBED62",
  "Dalamud.Injector.exe": "352FA5F58D4F50349BC7BCB5911927F6",
  "Dalamud.Injector.runtimeconfig.json": "B9BB65FFE7924D4D8BABE9FA66303200",
  "Dalamud.Injector.xml": "D41E5DF541D19A015215E777D7395C9C",
  "Dalamud.runtimeconfig.json": "2A9CD915428BDD175E0889BD0C225F75",
  "Dalamud.xml": "E4BFDB198391D43C0699A3A161879909",
  "DalamudCrashHandler.exe": "A6958311AD370E791FE7AC9F347538D7",
  "FASM-LICENSE.TXT": "ECEA1D10811221D5F0A3E96F9C38E2C7",
  "FASM.DLL": "B3E65C4031DB40C90D8AD2B7FEB8EE0B",
  "FASMX64.DLL": "9C75285D4D262EE8DC9C90A5DB365C7B",
  "FFXIVClientStructs.dll": "B87384E76BBDF87D4BE84A71105A82A2",
  "FFXIVClientStructs.xml": "39D682805E3B23E9193A8220A5DF19AE",
  "goaaats.Reloaded.Assembler.targets": "CC22CB0A353E2136EE9E6E96DB9F7164",
  "Iced.dll": "1923A4A6982582939DCE6DAF22CCB97C",
  "ImGui.NET.dll": "6339522EC63C1FDDC5B6F1C0756556E4",
  "ImGuiScene.dll": "B7307DA5CC700887B3240B50C4C48977",
  "JetBrains.Annotations.dll": "78C586EE8E6A5F67AD52CDB9442F57BF",
  "licenses.txt": "A159BE62AA91178EFC3E3983AE874D1D",
  "Lumina.dll": "5E18F5471BE24E45C272C4C6DB25EEF7",
  "Lumina.Excel.dll": "55DCAA8A6021B5501638CF3F82311DB4",
  "Microsoft.Bcl.HashCode.dll": "613AB56061ADF2284E047025207467E0",
  "Microsoft.DotNet.PlatformAbstractions.dll": "00AB0F02B1114C57C758F5AD595224F1",
  "Microsoft.Extensions.DependencyModel.dll": "F39BC76C10CFEA478C936FC4521A9FC9",
  "Microsoft.Extensions.ObjectPool.dll": "4EEE3E64BE561711391BF998FFBF65D3",
  "MinSharp.dll": "9ECA34E3C45E0A3E69641D480D46939A",
  "Mono.Cecil.dll": "D790D5A51821A3655D6505D344C2DA5E",
  "Mono.Cecil.Mdb.dll": "78E5255ECFFC052BDE94DC660F393990",
  "Mono.Cecil.Pdb.dll": "4D12F3F0AC72AA71E61137B46AFBA178",
  "Mono.Cecil.Rocks.dll": "4C60B2E6D8F0C25F2C951681E31F9F06",
  "nethost.dll": "012081214FE71F0F6ADCD9F4A71B2B00",
  "Newtonsoft.Json.dll": "86A83A63F12B55FD3718CFBFB577D7DC",
  "PeNet.Asn1.dll": "45F20BC5977B4B94CC6B6275525CD8FA",
  "PeNet.dll": "143223E507AD9B607D85F959FF6D69E0",
  "PInvoke.AdvApi32.dll": "34EE461D05B403C3A15D0DEC32A3788C",
  "PInvoke.BCrypt.dll": "FD07758EE1440491F22923084109FF26",
  "PInvoke.Cabinet.dll": "333D950E3804735DA60CC41D614C63E2",
  "PInvoke.CfgMgr32.dll": "768BE7CC18EDCF78B296A72ABE891691",
  "PInvoke.Crypt32.dll": "E7B00B0851738F4A7F2C6D37DAA973B4",
  "PInvoke.DbgHelp.dll": "E701136169620D20E3A70B560DE20E44",
  "PInvoke.DwmApi.dll": "ACF223CC8962404056648815B486F7D9",
  "PInvoke.Gdi32.dll": "69FF434826F98582CE44D3136ECFFACB",
  "PInvoke.Hid.dll": "2E7A41257F8AD9B26073181F450CD8E5",
  "PInvoke.ImageHlp.dll": "79BE816E8D86EA66489D7780DD675D49",
  "PInvoke.IPHlpApi.dll": "E949FA3326D1BA8872B179AB4EE49D38",
  "PInvoke.Kernel32.dll": "234E15B122ED430DE99490CA1A204958",
  "PInvoke.Magnification.dll": "C9EA3D34F506741ECC044DB19C151F09",
  "PInvoke.Msi.dll": "69EE50CE2DA6B55755E52589F49A7EBC",
  "PInvoke.NCrypt.dll": "DA1DE76C14D99370CA3BEF19DC299B15",
  "PInvoke.NetApi32.dll": "AE79F9FA2E3864A5E0642AE4622ECDC5",
  "PInvoke.NewDev.dll": "B3E1992105D986EF9C5C8E4B630FBB07",
  "PInvoke.NTDll.dll": "3F6BDF840EB27DD0FD9EB8071822183A",
  "PInvoke.Ole32.dll": "3C49FB100B60519FFE725BCD12A538F6",
  "PInvoke.Psapi.dll": "A7683EE4B880227F01C8AE632A892B9E",
  "PInvoke.SetupApi.dll": "1B7AE321185D0081D1759A9AD829F9BA",
  "PInvoke.SHCore.dll": "F27E7F063D51480F6D2294C903E4A606",
  "PInvoke.Shell32.dll": "F71A1BCAF6478190691170DAEA77722F",
  "PInvoke.User32.dll": "8BEDE38311ED4F27127290B81B8079FD",
  "PInvoke.Userenv.dll": "FEB7BCA90B8C905EC2F4BB0789847131",
  "PInvoke.UxTheme.dll": "8E683C016250CB719FDB9AAAFC22B3C5",
  "PInvoke.Windows.Core.dll": "90015440A44935208FFEA9BF61740651",
  "PInvoke.Windows.ShellScalingApi.dll": "F351B34B8C9183A51CADFDC279357C49",
  "PInvoke.WinUsb.dll": "9EB8A0280F2848D1A32B560A939F7336",
  "PInvoke.WtsApi32.dll": "341C94455D2E5893DBE4293D4D67AA4D",
  "Reloaded.Assembler.dll": "E4FD5A3D08E87C767089C27BC35D6F4D",
  "Reloaded.Hooks.Definitions.dll": "6C3EFE73F5112A05B6C820952F6C6E70",
  "Reloaded.Hooks.dll": "832293C03F9C02570B35FE72A11AC0B1",
  "Reloaded.Memory.Buffers.dll": "2B125FC0741C0E55D75D5D5FCA019F63",
  "Reloaded.Memory.dll": "BF13FCF8AC48DCA2326A4C5C1DA236DE",
  "revision.txt": "1D3B7F1F8A7625F8D5E700DCF0D9AE68",
  "SDL2-CS.config": "65557595FD5DF55D93B2BF881DE62C3A",
  "SDL2-CS.dll": "AD4250F3187B53DF9DBB39ED663E62E2",
  "Serilog.dll": "614B90D5306C056EB52E5F28B650FE8D",
  "Serilog.Sinks.Async.dll": "945CBD6283369E0D6A812B5903E0479B",
  "Serilog.Sinks.Console.dll": "6DC95A087BDBA701A78D7F83FB84710B",
  "Serilog.Sinks.File.dll": "E965D122BA07263E5DC916F48255AFFE",
  "SharpDX.Direct3D11.dll": "02572F160E4792D8AB17C18FDF633FA6",
  "SharpDX.dll": "B5BA2B886020D6F0F1D541E9FBCBE1FD",
  "SharpDX.DXGI.dll": "274C8CC60BD3533904402F167586743D",
  "SharpDX.Mathematics.dll": "864C3E55E056BA626D94A88733574AFD",
  "Silk.NET.Core.dll": "B0483D3F2FAC53E7BFF0BEE176A7638B",
  "Silk.NET.GLFW.dll": "BEC6B7E3D14032846570EBE731139D99",
  "Silk.NET.Maths.dll": "30ED54837DA881C185C888A1688D1DA4",
  "Silk.NET.OpenGL.dll": "84E593A698862862990B930CE0E079BB",
  "Silk.NET.SDL.dll": "9B5CED06FEBEBD3443A24FB4C476C8BE",
  "Silk.NET.Windowing.Common.dll": "73D482D9A521FFE9D38A146EA8E021FE",
  "Silk.NET.Windowing.Glfw.dll": "A8DD2571C1068395BC0532155389090C",
  "Silk.NET.Windowing.Sdl.dll": "CD9C62DEA1A26C98427A14DB07D60C62",
  "SQLite-net.dll": "84F2758DD737918B1C814C505564FD42",
  "SQLitePCLRaw.batteries_v2.dll": "8640E5C543BE1ADD17C79DA49CBD8AA2",
  "SQLitePCLRaw.core.dll": "AC6F43291615D71850DAC0DC411AD3DE",
  "SQLitePCLRaw.nativelibrary.dll": "5E1F7FC808755A982406B65B003818F5",
  "SQLitePCLRaw.provider.dynamic_cdecl.dll": "4D20B07DD6F15A6F0EDBB56E81F4B30A",
  "StbiSharp.dll": "AAC814F4D865BD7B403145363B366B71",
  "System.Reactive.dll": "EF5A00287AD15393D41B12AA4B726FF7",
  "System.Reflection.MetadataLoadContext.dll": "7EC41D41F4E1246757BA3E2EC862D562",
  "System.Security.Cryptography.Pkcs.dll": "8950E01996A37E808BE3F39063C37BF9",
  "TEMP_gitver.txt": "E037D7E643DF86C903B46DF204C1DE09",
  "TerraFX.Interop.Windows.dll": "84F7EF6B0DE91F8CC23F773D3FD6DEC0",
  "Validation.dll": "D512C1AC7BC935A27331D1EE006859B3"
}
