{
  "runtimes\\alpine-x64\\native\\libe_sqlite3.so": "39C244FEDBCD3DFC37041D4FCE1AE21D",
  "runtimes\\linux-arm\\native\\libe_sqlite3.so": "96CF54BC0EFB83D6E3F5F3E04997A59D",
  "runtimes\\linux-arm64\\native\\libe_sqlite3.so": "F079E55E7F3F9966A4A2052A3234E068",
  "runtimes\\linux-armel\\native\\libe_sqlite3.so": "C5A67D49434FC65D64E9C15778078C76",
  "runtimes\\linux-mips64\\native\\libe_sqlite3.so": "5F8461214089CFC677D46C19B7162161",
  "runtimes\\linux-musl-x64\\native\\libe_sqlite3.so": "39C244FEDBCD3DFC37041D4FCE1AE21D",
  "runtimes\\linux-x64\\native\\libe_sqlite3.so": "6F49C540D3AB9964D67A4A704C3D262D",
  "runtimes\\linux-x64\\native\\libglfw.so.3": "9E3137144F68B9E9793F4C7AD5B1BEA7",
  "runtimes\\linux-x64\\native\\libSDL2-2.0.so": "99B95A708381FC66AB2370E45A260527",
  "runtimes\\linux-x64\\native\\libstbi.so": "0945355ED59677D06E3E88F48101BB26",
  "runtimes\\linux-x86\\native\\libe_sqlite3.so": "5E0659B414CBD6DDC38C65582485853E",
  "runtimes\\osx-x64\\native\\libe_sqlite3.dylib": "F82AE134FCD1C080A69D775591406673",
  "runtimes\\osx-x64\\native\\libglfw.3.dylib": "1E30FAB2F0C40E82290AD4B0BF14A880",
  "runtimes\\osx-x64\\native\\libSDL2-2.0.dylib": "AAC958490586C67395F0A90903AE3747",
  "runtimes\\osx-x64\\native\\libstbi.dylib": "0B84B0A6A80178266018081C3CAB68E6",
  "runtimes\\win-arm\\native\\e_sqlite3.dll": "EE5A7CAC882A342EB707046E870DB517",
  "runtimes\\win-arm64\\native\\e_sqlite3.dll": "AD1296FBF28D0060F26F03662E94DFE0",
  "runtimes\\win-x64\\native\\cimgui.dll": "CBFBD195373C5460C401BAF8F8DFA173",
  "runtimes\\win-x64\\native\\cimguizmo.dll": "1E0BFC57EAC17D8DAE8723257BD18327",
  "runtimes\\win-x64\\native\\cimplot.dll": "E6BE0914789802E4E36940293C43F199",
  "runtimes\\win-x64\\native\\e_sqlite3.dll": "D300F7B6DC9D379C9FE00D0BD495D8F1",
  "runtimes\\win-x64\\native\\glfw3.dll": "2A64ED653A0A7BE341446CC849670AFF",
  "runtimes\\win-x64\\native\\minhook.x64d.dll": "5104150C465EAFEE9706841382D78C60",
  "runtimes\\win-x64\\native\\SDL2.dll": "4CCDFBA5B7E41DEC36525BA740212D07",
  "runtimes\\win-x64\\native\\stbi.dll": "07B6EB1FD5BB7357C4D8014DF0CC3A5E",
  "runtimes\\win-x64\\native\\stbi.lib": "927C214DE576219E1F80DBE7798A0502",
  "runtimes\\win-x86\\native\\e_sqlite3.dll": "4E43C335EC6A13B17871439C5D0AC64C",
  "runtimes\\win-x86\\native\\glfw3.dll": "D3211DB18F0AEFC03CFDE32BF875062A",
  "runtimes\\win-x86\\native\\SDL2.dll": "322907980103017B8FA4EDD958C5F809",
  "targets\\Dalamud.Plugin.Bootstrap.targets": "C85635161398CD9852CF7212DB7EB904",
  "targets\\Dalamud.Plugin.targets": "11001C983157350F50D99F1A827999B5",
  "CheapLoc.dll": "769633A781958F797AA2331717AF909B",
  "Costura.dll": "8CFC6E71208246C43948D94C02093402",
  "Dalamud.Boot.dll": "3BE5A3EB81A6AD4696F814CE733C4FCB",
  "Dalamud.Common.dll": "B282823FA1FB3650BA58B0DCA1616D28",
  "Dalamud.deps.json": "3D44EB9C12E53BFB2988AEE7E56B45C5",
  "Dalamud.dll": "FD17F848B5EA9FC9AB62B0E9DEBC5DF7",
  "Dalamud.Injector.deps.json": "C1FA0941DC8B38E415776C60C508AAB9",
  "Dalamud.Injector.dll": "D469A884FBFB0067500711212135EB20",
  "Dalamud.Injector.exe": "D7AB09B5B02795D55D9315DDD018674E",
  "Dalamud.Injector.runtimeconfig.json": "B9BB65FFE7924D4D8BABE9FA66303200",
  "Dalamud.Injector.xml": "6CFC451561E67CE7788814C5B327D7EC",
  "Dalamud.runtimeconfig.json": "2A9CD915428BDD175E0889BD0C225F75",
  "Dalamud.xml": "E1BC4EA425A89EF58B3BC9B8E255DBB5",
  "DalamudCrashHandler.exe": "EB87CCDF3EE7FCB54219CF3D3AA3AC9A",
  "FASM-LICENSE.TXT": "ECEA1D10811221D5F0A3E96F9C38E2C7",
  "FASM.DLL": "4903E7FE7CFF91F510D0176BFC937D18",
  "FASMX64.DLL": "E1C3209CB68D9F741F15A76B4A8483AA",
  "FFXIVClientStructs.dll": "1AC3FAA1768089FB5B9A0FF5DED2E0EE",
  "FFXIVClientStructs.xml": "65234A31B95DA5636DFE70DE6CC144AD",
  "goaaats.Reloaded.Assembler.targets": "CC22CB0A353E2136EE9E6E96DB9F7164",
  "Iced.dll": "7F8144B3A0E2D917DEC9E41C0B02E116",
  "ImGui.NET.dll": "6E1FAACA12A362D411B4FBEECFE43950",
  "ImGuiScene.dll": "B6BD9C2F64B06735642969C62E4F0524",
  "JetBrains.Annotations.dll": "F4AB0EC67BB0036D9AF8F42B5EA88330",
  "licenses.txt": "A159BE62AA91178EFC3E3983AE874D1D",
  "Lumina.dll": "6F0069DABA01E07EBDB085F7BC13FEA2",
  "Lumina.Excel.dll": "A76A5348C15E70FD424954E5E7D87B17",
  "Microsoft.Bcl.HashCode.dll": "613AB56061ADF2284E047025207467E0",
  "Microsoft.DotNet.PlatformAbstractions.dll": "00AB0F02B1114C57C758F5AD595224F1",
  "Microsoft.Extensions.DependencyModel.dll": "F39BC76C10CFEA478C936FC4521A9FC9",
  "MinSharp.dll": "859BE6D5F8532BE8BD64753712655BDD",
  "Mono.Cecil.dll": "C02A272688C27FD0B0A62B65E4BFD714",
  "Mono.Cecil.Mdb.dll": "B41406A37C68C72D0ACA04A24711AFF0",
  "Mono.Cecil.Pdb.dll": "76906420DA14485AAAEC2FFB63D7FC2A",
  "Mono.Cecil.Rocks.dll": "05C1132ACF4CF842C986AF03464B7CB6",
  "nethost.dll": "012081214FE71F0F6ADCD9F4A71B2B00",
  "Newtonsoft.Json.dll": "86A83A63F12B55FD3718CFBFB577D7DC",
  "PeNet.Asn1.dll": "9735B7E949CE271A65A71BD6147B9040",
  "PeNet.dll": "4C2584BF40E9BB258BB5B3A2D4598DAD",
  "PInvoke.AdvApi32.dll": "34EE461D05B403C3A15D0DEC32A3788C",
  "PInvoke.BCrypt.dll": "FD07758EE1440491F22923084109FF26",
  "PInvoke.Cabinet.dll": "333D950E3804735DA60CC41D614C63E2",
  "PInvoke.CfgMgr32.dll": "768BE7CC18EDCF78B296A72ABE891691",
  "PInvoke.Crypt32.dll": "E7B00B0851738F4A7F2C6D37DAA973B4",
  "PInvoke.DbgHelp.dll": "E701136169620D20E3A70B560DE20E44",
  "PInvoke.DwmApi.dll": "ACF223CC8962404056648815B486F7D9",
  "PInvoke.Gdi32.dll": "69FF434826F98582CE44D3136ECFFACB",
  "PInvoke.Hid.dll": "2E7A41257F8AD9B26073181F450CD8E5",
  "PInvoke.ImageHlp.dll": "79BE816E8D86EA66489D7780DD675D49",
  "PInvoke.IPHlpApi.dll": "E949FA3326D1BA8872B179AB4EE49D38",
  "PInvoke.Kernel32.dll": "234E15B122ED430DE99490CA1A204958",
  "PInvoke.Magnification.dll": "C9EA3D34F506741ECC044DB19C151F09",
  "PInvoke.Msi.dll": "69EE50CE2DA6B55755E52589F49A7EBC",
  "PInvoke.NCrypt.dll": "DA1DE76C14D99370CA3BEF19DC299B15",
  "PInvoke.NetApi32.dll": "AE79F9FA2E3864A5E0642AE4622ECDC5",
  "PInvoke.NewDev.dll": "B3E1992105D986EF9C5C8E4B630FBB07",
  "PInvoke.NTDll.dll": "3F6BDF840EB27DD0FD9EB8071822183A",
  "PInvoke.Ole32.dll": "3C49FB100B60519FFE725BCD12A538F6",
  "PInvoke.Psapi.dll": "A7683EE4B880227F01C8AE632A892B9E",
  "PInvoke.SetupApi.dll": "1B7AE321185D0081D1759A9AD829F9BA",
  "PInvoke.SHCore.dll": "F27E7F063D51480F6D2294C903E4A606",
  "PInvoke.Shell32.dll": "F71A1BCAF6478190691170DAEA77722F",
  "PInvoke.User32.dll": "8BEDE38311ED4F27127290B81B8079FD",
  "PInvoke.Userenv.dll": "FEB7BCA90B8C905EC2F4BB0789847131",
  "PInvoke.UxTheme.dll": "8E683C016250CB719FDB9AAAFC22B3C5",
  "PInvoke.Windows.Core.dll": "90015440A44935208FFEA9BF61740651",
  "PInvoke.Windows.ShellScalingApi.dll": "F351B34B8C9183A51CADFDC279357C49",
  "PInvoke.WinUsb.dll": "9EB8A0280F2848D1A32B560A939F7336",
  "PInvoke.WtsApi32.dll": "341C94455D2E5893DBE4293D4D67AA4D",
  "Reloaded.Assembler.dll": "0DA89A52377C78360659F05DB0719707",
  "Reloaded.Hooks.Definitions.dll": "A441CF6E07DC2A06F70A00F30B8C2CF4",
  "Reloaded.Hooks.dll": "1CEF97A36610372965CFDED83BDBCE59",
  "Reloaded.Memory.Buffers.dll": "6BB8B562ADE479BD487E33B8CADB9FBB",
  "Reloaded.Memory.dll": "DEF6FB53C209E6BC02CF02F15F75173B",
  "revision.txt": "543857F4A06C852113BCC02ABF295EB5",
  "SDL2-CS.config": "65557595FD5DF55D93B2BF881DE62C3A",
  "SDL2-CS.dll": "CD7C9399B77D05B39309591DB61D0778",
  "Serilog.dll": "FBA760F7F931E749A59C75616472EAAA",
  "Serilog.Sinks.Async.dll": "D70A36B1CBF044D3B340C8A4848A9175",
  "Serilog.Sinks.Console.dll": "99A50FAEC3533DFFA7D95C110B8E720A",
  "Serilog.Sinks.File.dll": "433DB4A1533E5EDE9C6524B9C037D8C0",
  "SharpDX.Direct3D11.dll": "2F74A516B268DE0CD4F5F6888DC74661",
  "SharpDX.dll": "F21336E9E01230393F98D374C18A9A08",
  "SharpDX.DXGI.dll": "8A2FE66EAA33CBDF51E52DE931684103",
  "SharpDX.Mathematics.dll": "B4E8A91D78D2FF57864218070B0ADAD4",
  "Silk.NET.Core.dll": "389BDF67CA76C66D913B4FD463CDC9BA",
  "Silk.NET.GLFW.dll": "7115DF1E2C28927CDE28B8C8FEED210B",
  "Silk.NET.Maths.dll": "E52FEE650C7C1284551D84F6010034EE",
  "Silk.NET.OpenGL.dll": "BD37C35ADE30DDA3DF251FC555D7F7FE",
  "Silk.NET.SDL.dll": "29DC8EDE44C070B7300355317ECC3752",
  "Silk.NET.Windowing.Common.dll": "29BE88AD1D87637F1A1439D046A4564F",
  "Silk.NET.Windowing.Glfw.dll": "E514FC6969D585136925D691F108D827",
  "Silk.NET.Windowing.Sdl.dll": "6790DC29E6E4ABE3CCE90C011E6D7C5B",
  "SQLite-net.dll": "CBE80CECD6C8A39E6F07A7DD50F947CB",
  "SQLitePCLRaw.batteries_v2.dll": "72E90865C2F96CDD335FCD6FF55989CE",
  "SQLitePCLRaw.core.dll": "F90ED8E6293099689A1A1217516BB3C1",
  "SQLitePCLRaw.nativelibrary.dll": "31B931D05E403C920A08A9F6C3CF2B75",
  "SQLitePCLRaw.provider.dynamic_cdecl.dll": "73414772BB31FB2C19276514B48D7386",
  "StbiSharp.dll": "6C2DA057563B0A214DF99C52A6F31A61",
  "System.Reactive.dll": "EF5A00287AD15393D41B12AA4B726FF7",
  "System.Reflection.MetadataLoadContext.dll": "7EC41D41F4E1246757BA3E2EC862D562",
  "System.Security.Cryptography.Pkcs.dll": "8950E01996A37E808BE3F39063C37BF9",
  "TEMP_gitver.txt": "2C09027E10B0F3E8C28A0D815C619005",
  "TerraFX.Interop.Windows.dll": "84F7EF6B0DE91F8CC23F773D3FD6DEC0",
  "Validation.dll": "46435BDAE3115206CB4558A21D020ABB"
}
