{
  "runtimes\\alpine-x64\\native\\libe_sqlite3.so": "39C244FEDBCD3DFC37041D4FCE1AE21D",
  "runtimes\\linux-arm\\native\\libe_sqlite3.so": "96CF54BC0EFB83D6E3F5F3E04997A59D",
  "runtimes\\linux-arm64\\native\\libe_sqlite3.so": "F079E55E7F3F9966A4A2052A3234E068",
  "runtimes\\linux-armel\\native\\libe_sqlite3.so": "C5A67D49434FC65D64E9C15778078C76",
  "runtimes\\linux-mips64\\native\\libe_sqlite3.so": "5F8461214089CFC677D46C19B7162161",
  "runtimes\\linux-musl-x64\\native\\libe_sqlite3.so": "39C244FEDBCD3DFC37041D4FCE1AE21D",
  "runtimes\\linux-x64\\native\\libe_sqlite3.so": "6F49C540D3AB9964D67A4A704C3D262D",
  "runtimes\\linux-x64\\native\\libglfw.so.3": "9E3137144F68B9E9793F4C7AD5B1BEA7",
  "runtimes\\linux-x64\\native\\libSDL2-2.0.so": "99B95A708381FC66AB2370E45A260527",
  "runtimes\\linux-x64\\native\\libstbi.so": "0945355ED59677D06E3E88F48101BB26",
  "runtimes\\linux-x86\\native\\libe_sqlite3.so": "5E0659B414CBD6DDC38C65582485853E",
  "runtimes\\osx-x64\\native\\libe_sqlite3.dylib": "F82AE134FCD1C080A69D775591406673",
  "runtimes\\osx-x64\\native\\libglfw.3.dylib": "1E30FAB2F0C40E82290AD4B0BF14A880",
  "runtimes\\osx-x64\\native\\libSDL2-2.0.dylib": "AAC958490586C67395F0A90903AE3747",
  "runtimes\\osx-x64\\native\\libstbi.dylib": "0B84B0A6A80178266018081C3CAB68E6",
  "runtimes\\win-arm\\native\\e_sqlite3.dll": "DCE1A9B971167E99C0801D97245BD4A5",
  "runtimes\\win-arm64\\native\\e_sqlite3.dll": "B2EBBE31CB5D7F795E0730E2850E0E12",
  "runtimes\\win-x64\\native\\cimgui.dll": "B50852F9629582A94DF05DA5DDD7028D",
  "runtimes\\win-x64\\native\\cimguizmo.dll": "39C61BD6C3BF69BCD6D82B28EACCBAF9",
  "runtimes\\win-x64\\native\\cimplot.dll": "EEE94D259798F191DFEA26051C782B16",
  "runtimes\\win-x64\\native\\e_sqlite3.dll": "BD8D3362DC4BF1DAB7631D720E5EB116",
  "runtimes\\win-x64\\native\\glfw3.dll": "E8C034E7BDE2AFC3A2101B9F34E23A67",
  "runtimes\\win-x64\\native\\minhook.x64d.dll": "1A2BBB467375B03E73598C669CA06659",
  "runtimes\\win-x64\\native\\SDL2.dll": "918F272764304B78D00729ED16EBDB21",
  "runtimes\\win-x64\\native\\stbi.dll": "16A84C4C32AD4DF5EA7BA992DEBF4068",
  "runtimes\\win-x64\\native\\stbi.lib": "927C214DE576219E1F80DBE7798A0502",
  "runtimes\\win-x86\\native\\e_sqlite3.dll": "8E6CEED5073BDC1903D2E78B42EC6957",
  "runtimes\\win-x86\\native\\glfw3.dll": "3C1FA193B75C107903DDDE2990E15599",
  "runtimes\\win-x86\\native\\SDL2.dll": "F0C7A52C9CCC77679AE60D02E0BA665D",
  "targets\\Dalamud.Plugin.Bootstrap.targets": "C85635161398CD9852CF7212DB7EB904",
  "targets\\Dalamud.Plugin.targets": "11001C983157350F50D99F1A827999B5",
  "CheapLoc.dll": "06A482B0AF88CFB1ADDB124D2BA40FAE",
  "Costura.dll": "01995F6097AD84183974D63F6AADCEEC",
  "Dalamud.Boot.dll": "82A6DE2E6038E498B36499652C14D766",
  "Dalamud.Common.dll": "584A427823CB6F0F910390692FB91AFF",
  "Dalamud.deps.json": "A45B7CA1210BD5203A20B3BBF6F01F40",
  "Dalamud.dll": "1944D38F9587992C6E8795B695A82B21",
  "Dalamud.Injector.deps.json": "C1FA0941DC8B38E415776C60C508AAB9",
  "Dalamud.Injector.dll": "8DF0B85184C7F955B758B204E53735EB",
  "Dalamud.Injector.exe": "CB6697BC17FE6FA9DE69D7E717DE158E",
  "Dalamud.Injector.runtimeconfig.json": "B9BB65FFE7924D4D8BABE9FA66303200",
  "Dalamud.Injector.xml": "D41E5DF541D19A015215E777D7395C9C",
  "Dalamud.runtimeconfig.json": "2A9CD915428BDD175E0889BD0C225F75",
  "Dalamud.xml": "E7D8530195B6001E5C4FB43C8D736BC3",
  "DalamudCrashHandler.exe": "FB7D91D964186E620FFFE452884E9E33",
  "FASM-LICENSE.TXT": "ECEA1D10811221D5F0A3E96F9C38E2C7",
  "FASM.DLL": "31DC570C284FBF4C0B31D05E946BA8AE",
  "FASMX64.DLL": "611F5C95B2959A15C29A2B449C1421E2",
  "FFXIVClientStructs.dll": "D1A3541805F8656BF9C376B62C240156",
  "FFXIVClientStructs.xml": "08C8C63D475C837BDE9528BC1D68B9C9",
  "goaaats.Reloaded.Assembler.targets": "CC22CB0A353E2136EE9E6E96DB9F7164",
  "Iced.dll": "146577FA66929EB0E40197F18FEDE906",
  "ImGui.NET.dll": "5F8B54A2A074967810C66CE5A11A160A",
  "ImGuiScene.dll": "31ACEC0A3C6DEE766BE7CF70C0CFA285",
  "JetBrains.Annotations.dll": "8B97F1F83F74D8117C9CF8E6E40BF268",
  "licenses.txt": "A159BE62AA91178EFC3E3983AE874D1D",
  "Lumina.dll": "1F56140F949DBD7670FCE96B5904E719",
  "Lumina.Excel.dll": "619CCEF526C85847C9F5C7DA6D9F53C3",
  "Microsoft.Bcl.HashCode.dll": "613AB56061ADF2284E047025207467E0",
  "Microsoft.DotNet.PlatformAbstractions.dll": "00AB0F02B1114C57C758F5AD595224F1",
  "Microsoft.Extensions.DependencyModel.dll": "F39BC76C10CFEA478C936FC4521A9FC9",
  "Microsoft.Extensions.ObjectPool.dll": "4EEE3E64BE561711391BF998FFBF65D3",
  "MinSharp.dll": "86211DBED7DC056C2E9158D0201D278F",
  "Mono.Cecil.dll": "EB34CA6C0D10FF84B0F0DB13C03888D7",
  "Mono.Cecil.Mdb.dll": "0FDDC10A8C91CEFE41DCFE3A3EA6CFCE",
  "Mono.Cecil.Pdb.dll": "047D166D4FF9272D9512DD4D1D70F4CC",
  "Mono.Cecil.Rocks.dll": "740D35A861EC5B38F5440B97BEDB5F6C",
  "nethost.dll": "012081214FE71F0F6ADCD9F4A71B2B00",
  "Newtonsoft.Json.dll": "86A83A63F12B55FD3718CFBFB577D7DC",
  "PeNet.Asn1.dll": "C3D11CFFE0953BE419D63DB9A91D2E3F",
  "PeNet.dll": "7D4918449036A39252A781E40F94C323",
  "PInvoke.AdvApi32.dll": "34EE461D05B403C3A15D0DEC32A3788C",
  "PInvoke.BCrypt.dll": "FD07758EE1440491F22923084109FF26",
  "PInvoke.Cabinet.dll": "333D950E3804735DA60CC41D614C63E2",
  "PInvoke.CfgMgr32.dll": "768BE7CC18EDCF78B296A72ABE891691",
  "PInvoke.Crypt32.dll": "E7B00B0851738F4A7F2C6D37DAA973B4",
  "PInvoke.DbgHelp.dll": "E701136169620D20E3A70B560DE20E44",
  "PInvoke.DwmApi.dll": "ACF223CC8962404056648815B486F7D9",
  "PInvoke.Gdi32.dll": "69FF434826F98582CE44D3136ECFFACB",
  "PInvoke.Hid.dll": "2E7A41257F8AD9B26073181F450CD8E5",
  "PInvoke.ImageHlp.dll": "79BE816E8D86EA66489D7780DD675D49",
  "PInvoke.IPHlpApi.dll": "E949FA3326D1BA8872B179AB4EE49D38",
  "PInvoke.Kernel32.dll": "234E15B122ED430DE99490CA1A204958",
  "PInvoke.Magnification.dll": "C9EA3D34F506741ECC044DB19C151F09",
  "PInvoke.Msi.dll": "69EE50CE2DA6B55755E52589F49A7EBC",
  "PInvoke.NCrypt.dll": "DA1DE76C14D99370CA3BEF19DC299B15",
  "PInvoke.NetApi32.dll": "AE79F9FA2E3864A5E0642AE4622ECDC5",
  "PInvoke.NewDev.dll": "B3E1992105D986EF9C5C8E4B630FBB07",
  "PInvoke.NTDll.dll": "3F6BDF840EB27DD0FD9EB8071822183A",
  "PInvoke.Ole32.dll": "3C49FB100B60519FFE725BCD12A538F6",
  "PInvoke.Psapi.dll": "A7683EE4B880227F01C8AE632A892B9E",
  "PInvoke.SetupApi.dll": "1B7AE321185D0081D1759A9AD829F9BA",
  "PInvoke.SHCore.dll": "F27E7F063D51480F6D2294C903E4A606",
  "PInvoke.Shell32.dll": "F71A1BCAF6478190691170DAEA77722F",
  "PInvoke.User32.dll": "8BEDE38311ED4F27127290B81B8079FD",
  "PInvoke.Userenv.dll": "FEB7BCA90B8C905EC2F4BB0789847131",
  "PInvoke.UxTheme.dll": "8E683C016250CB719FDB9AAAFC22B3C5",
  "PInvoke.Windows.Core.dll": "90015440A44935208FFEA9BF61740651",
  "PInvoke.Windows.ShellScalingApi.dll": "F351B34B8C9183A51CADFDC279357C49",
  "PInvoke.WinUsb.dll": "9EB8A0280F2848D1A32B560A939F7336",
  "PInvoke.WtsApi32.dll": "341C94455D2E5893DBE4293D4D67AA4D",
  "Reloaded.Assembler.dll": "F4FFEB18A181B0BC2D486DDA9FECAED9",
  "Reloaded.Hooks.Definitions.dll": "72AC5552A7E5185DF3358273FDFA9F30",
  "Reloaded.Hooks.dll": "DC7F3AE568ED52AE20B7B0688F732477",
  "Reloaded.Memory.Buffers.dll": "D282EEB5EDDD4016F374C91E29E23D3F",
  "Reloaded.Memory.dll": "6C6F7F36C0BE554B9FB5EED5DCF4A1E7",
  "revision.txt": "C4414E538A5475EC0244673B7F2F7DBB",
  "SDL2-CS.config": "65557595FD5DF55D93B2BF881DE62C3A",
  "SDL2-CS.dll": "E7E08F5E9D6B531FC3681BB04740E98B",
  "Serilog.dll": "9370B3C6D87827608E9F05916BF808FB",
  "Serilog.Sinks.Async.dll": "34803417470DBEF53234F1FDDBB826CC",
  "Serilog.Sinks.Console.dll": "203B38E3C85DA94EE81FB60432BE3F5E",
  "Serilog.Sinks.File.dll": "7F9CA427BB955001ADB1591DEA2C81FE",
  "SharpDX.Direct3D11.dll": "037F66A529DBE0C6B9B4DD580B2C01A0",
  "SharpDX.dll": "E735C4C3901AD5D46DF469D29141A67B",
  "SharpDX.DXGI.dll": "C5CE6C9FDA8547C6E1C3E7D83AB5E343",
  "SharpDX.Mathematics.dll": "68A9F44B249D51547928570DCF86A68A",
  "Silk.NET.Core.dll": "1DFEE4DB253B1FD5FD183585A8E02E6C",
  "Silk.NET.GLFW.dll": "99E49E4746B87C08A1B890582D65327A",
  "Silk.NET.Maths.dll": "DFBF2E993D4FC6512D7E277ECE2BDD28",
  "Silk.NET.OpenGL.dll": "62BF967974DB0FBA6915E7059F839840",
  "Silk.NET.SDL.dll": "150E323D850B4782B10DC8F3529D47BB",
  "Silk.NET.Windowing.Common.dll": "0AB7400D80E4A6812760262C231A1FD2",
  "Silk.NET.Windowing.Glfw.dll": "84860A63272FBC8D4D5466986400AFF0",
  "Silk.NET.Windowing.Sdl.dll": "B03257D3EC0CF0C0364763A97BE864BC",
  "SQLite-net.dll": "B5B9CB0BD41C371E85626FCCD9F5AFC1",
  "SQLitePCLRaw.batteries_v2.dll": "365E3DDAA55A256448E7E25DF9DEB93E",
  "SQLitePCLRaw.core.dll": "0702862152129A6F899310A00199D599",
  "SQLitePCLRaw.nativelibrary.dll": "5DEF1FE023F2F51DE8B8E62362FAB736",
  "SQLitePCLRaw.provider.dynamic_cdecl.dll": "E83FA01B479F1D31D0E8A9E2736CBD2A",
  "StbiSharp.dll": "2DB3F24D5AC78B28E8785F54566314D7",
  "System.Reactive.dll": "EF5A00287AD15393D41B12AA4B726FF7",
  "System.Reflection.MetadataLoadContext.dll": "7EC41D41F4E1246757BA3E2EC862D562",
  "System.Security.Cryptography.Pkcs.dll": "8950E01996A37E808BE3F39063C37BF9",
  "TEMP_gitver.txt": "F4CA1822E54E75CE5A5A2DEF017569CB",
  "TerraFX.Interop.Windows.dll": "84F7EF6B0DE91F8CC23F773D3FD6DEC0",
  "Validation.dll": "FB00692640487AB07D9A958114405478"
}
