{
  "runtimes\\alpine-x64\\native\\libe_sqlite3.so": "39C244FEDBCD3DFC37041D4FCE1AE21D",
  "runtimes\\linux-arm\\native\\libe_sqlite3.so": "96CF54BC0EFB83D6E3F5F3E04997A59D",
  "runtimes\\linux-arm64\\native\\libe_sqlite3.so": "F079E55E7F3F9966A4A2052A3234E068",
  "runtimes\\linux-armel\\native\\libe_sqlite3.so": "C5A67D49434FC65D64E9C15778078C76",
  "runtimes\\linux-mips64\\native\\libe_sqlite3.so": "5F8461214089CFC677D46C19B7162161",
  "runtimes\\linux-musl-x64\\native\\libe_sqlite3.so": "39C244FEDBCD3DFC37041D4FCE1AE21D",
  "runtimes\\linux-x64\\native\\libe_sqlite3.so": "6F49C540D3AB9964D67A4A704C3D262D",
  "runtimes\\linux-x64\\native\\libglfw.so.3": "9E3137144F68B9E9793F4C7AD5B1BEA7",
  "runtimes\\linux-x64\\native\\libSDL2-2.0.so": "99B95A708381FC66AB2370E45A260527",
  "runtimes\\linux-x64\\native\\libstbi.so": "0945355ED59677D06E3E88F48101BB26",
  "runtimes\\linux-x86\\native\\libe_sqlite3.so": "5E0659B414CBD6DDC38C65582485853E",
  "runtimes\\osx-x64\\native\\libe_sqlite3.dylib": "F82AE134FCD1C080A69D775591406673",
  "runtimes\\osx-x64\\native\\libglfw.3.dylib": "1E30FAB2F0C40E82290AD4B0BF14A880",
  "runtimes\\osx-x64\\native\\libSDL2-2.0.dylib": "AAC958490586C67395F0A90903AE3747",
  "runtimes\\osx-x64\\native\\libstbi.dylib": "0B84B0A6A80178266018081C3CAB68E6",
  "runtimes\\win-arm\\native\\e_sqlite3.dll": "2E5A6715EB2F59EB37F0E69761704DC9",
  "runtimes\\win-arm64\\native\\e_sqlite3.dll": "06729019C28930CFA9A4BDCDE3AD6571",
  "runtimes\\win-x64\\native\\cimgui.dll": "6393BFE85C652864F50D55348056CD3C",
  "runtimes\\win-x64\\native\\cimguizmo.dll": "7C95B2508752F314ED9FFF2E2BBB6629",
  "runtimes\\win-x64\\native\\cimplot.dll": "1C2A9C908A560AD84DDDC5417FF69167",
  "runtimes\\win-x64\\native\\e_sqlite3.dll": "34AE2D18C271CF724E214159C7ACBC4F",
  "runtimes\\win-x64\\native\\glfw3.dll": "5B9B278EB6B663717D5B4360E8380214",
  "runtimes\\win-x64\\native\\minhook.x64d.dll": "A7BF17987201EF60A998F13B1066C189",
  "runtimes\\win-x64\\native\\SDL2.dll": "D889755A398D543473E4629C26D50B35",
  "runtimes\\win-x64\\native\\stbi.dll": "9800831E510C5D778703780BDD7FF9D1",
  "runtimes\\win-x64\\native\\stbi.lib": "927C214DE576219E1F80DBE7798A0502",
  "runtimes\\win-x86\\native\\e_sqlite3.dll": "D7E0A5525AFA3C256B5EF22B5EED43EE",
  "runtimes\\win-x86\\native\\glfw3.dll": "63CAD599121CD9F2FA763F4263C07CAD",
  "runtimes\\win-x86\\native\\SDL2.dll": "1D44F709564AFC86F514A3F2FB21AF23",
  "targets\\Dalamud.Plugin.Bootstrap.targets": "C85635161398CD9852CF7212DB7EB904",
  "targets\\Dalamud.Plugin.targets": "11001C983157350F50D99F1A827999B5",
  "CheapLoc.dll": "A395DBD389D003BCC63DB4704BC0AFCA",
  "Costura.dll": "EF9FF340121F33CFD31B3A6121F97E39",
  "Dalamud.Boot.dll": "579732F143D08324CE29609890F11BF5",
  "Dalamud.Common.dll": "A285F1537A1DDA002200CE40E53AF768",
  "Dalamud.deps.json": "24392B1F1DED7B841403963F9F68A902",
  "Dalamud.dll": "C4E46710CF06BA3BF2FC4C606AB7264D",
  "Dalamud.Injector.deps.json": "C1FA0941DC8B38E415776C60C508AAB9",
  "Dalamud.Injector.dll": "F137CCD930AFF7AD0F0AEB5B76D262C7",
  "Dalamud.Injector.exe": "F2826C95236E6B0B28FA6D45261CE7AF",
  "Dalamud.Injector.runtimeconfig.json": "B9BB65FFE7924D4D8BABE9FA66303200",
  "Dalamud.Injector.xml": "6CFC451561E67CE7788814C5B327D7EC",
  "Dalamud.runtimeconfig.json": "2A9CD915428BDD175E0889BD0C225F75",
  "Dalamud.xml": "271DC0511CEC104E4496746260E9729E",
  "DalamudCrashHandler.exe": "68844F57CDA81321F16C1D07CFD763BD",
  "FASM-LICENSE.TXT": "ECEA1D10811221D5F0A3E96F9C38E2C7",
  "FASM.DLL": "62E60E37AF229460117DCB3AE3E7D2D7",
  "FASMX64.DLL": "7017E2879322C8DCDD0B31D926B75A71",
  "FFXIVClientStructs.dll": "B9F1C7656E244BBBD09A6A89453B262A",
  "FFXIVClientStructs.xml": "152FEDA81773B270AC030522A26C1F00",
  "goaaats.Reloaded.Assembler.targets": "CC22CB0A353E2136EE9E6E96DB9F7164",
  "Iced.dll": "C0EF76F989CE9AF5E14B813CBAAA60D0",
  "ImGui.NET.dll": "599109C4FD6009A1EC69833294D3F4D3",
  "ImGuiScene.dll": "87C4AF43DBBBC97D698FE1A6AFCC35C3",
  "JetBrains.Annotations.dll": "E3F6868574D423BB34F7B59A8482907B",
  "licenses.txt": "A159BE62AA91178EFC3E3983AE874D1D",
  "Lumina.dll": "95CCE74064191667F202BD84D7D291E3",
  "Lumina.Excel.dll": "55747385B6361F2B233FE8EC6589FFD4",
  "Microsoft.Bcl.HashCode.dll": "613AB56061ADF2284E047025207467E0",
  "Microsoft.DotNet.PlatformAbstractions.dll": "00AB0F02B1114C57C758F5AD595224F1",
  "Microsoft.Extensions.DependencyModel.dll": "F39BC76C10CFEA478C936FC4521A9FC9",
  "Microsoft.Extensions.ObjectPool.dll": "4EEE3E64BE561711391BF998FFBF65D3",
  "MinSharp.dll": "F6AC5CE36E5A68FDA79DE17969023B69",
  "Mono.Cecil.dll": "4C56A478F3DD8D566F90AA548CEF854D",
  "Mono.Cecil.Mdb.dll": "E99D5A3F47490DDA04C4786B2C2D322A",
  "Mono.Cecil.Pdb.dll": "6D21FE5B5824E277FED61FF129F202EF",
  "Mono.Cecil.Rocks.dll": "F149368B0F347D87B58C249DC04EC57D",
  "nethost.dll": "012081214FE71F0F6ADCD9F4A71B2B00",
  "Newtonsoft.Json.dll": "86A83A63F12B55FD3718CFBFB577D7DC",
  "PeNet.Asn1.dll": "91419C272B7A5A3BB0CDFE9B5D01ABEE",
  "PeNet.dll": "C06EBF53FFB417465F7CD928E8A46C06",
  "PInvoke.AdvApi32.dll": "34EE461D05B403C3A15D0DEC32A3788C",
  "PInvoke.BCrypt.dll": "FD07758EE1440491F22923084109FF26",
  "PInvoke.Cabinet.dll": "333D950E3804735DA60CC41D614C63E2",
  "PInvoke.CfgMgr32.dll": "768BE7CC18EDCF78B296A72ABE891691",
  "PInvoke.Crypt32.dll": "E7B00B0851738F4A7F2C6D37DAA973B4",
  "PInvoke.DbgHelp.dll": "E701136169620D20E3A70B560DE20E44",
  "PInvoke.DwmApi.dll": "ACF223CC8962404056648815B486F7D9",
  "PInvoke.Gdi32.dll": "69FF434826F98582CE44D3136ECFFACB",
  "PInvoke.Hid.dll": "2E7A41257F8AD9B26073181F450CD8E5",
  "PInvoke.ImageHlp.dll": "79BE816E8D86EA66489D7780DD675D49",
  "PInvoke.IPHlpApi.dll": "E949FA3326D1BA8872B179AB4EE49D38",
  "PInvoke.Kernel32.dll": "234E15B122ED430DE99490CA1A204958",
  "PInvoke.Magnification.dll": "C9EA3D34F506741ECC044DB19C151F09",
  "PInvoke.Msi.dll": "69EE50CE2DA6B55755E52589F49A7EBC",
  "PInvoke.NCrypt.dll": "DA1DE76C14D99370CA3BEF19DC299B15",
  "PInvoke.NetApi32.dll": "AE79F9FA2E3864A5E0642AE4622ECDC5",
  "PInvoke.NewDev.dll": "B3E1992105D986EF9C5C8E4B630FBB07",
  "PInvoke.NTDll.dll": "3F6BDF840EB27DD0FD9EB8071822183A",
  "PInvoke.Ole32.dll": "3C49FB100B60519FFE725BCD12A538F6",
  "PInvoke.Psapi.dll": "A7683EE4B880227F01C8AE632A892B9E",
  "PInvoke.SetupApi.dll": "1B7AE321185D0081D1759A9AD829F9BA",
  "PInvoke.SHCore.dll": "F27E7F063D51480F6D2294C903E4A606",
  "PInvoke.Shell32.dll": "F71A1BCAF6478190691170DAEA77722F",
  "PInvoke.User32.dll": "8BEDE38311ED4F27127290B81B8079FD",
  "PInvoke.Userenv.dll": "FEB7BCA90B8C905EC2F4BB0789847131",
  "PInvoke.UxTheme.dll": "8E683C016250CB719FDB9AAAFC22B3C5",
  "PInvoke.Windows.Core.dll": "90015440A44935208FFEA9BF61740651",
  "PInvoke.Windows.ShellScalingApi.dll": "F351B34B8C9183A51CADFDC279357C49",
  "PInvoke.WinUsb.dll": "9EB8A0280F2848D1A32B560A939F7336",
  "PInvoke.WtsApi32.dll": "341C94455D2E5893DBE4293D4D67AA4D",
  "Reloaded.Assembler.dll": "45AD25027F3446323A963EC0AA0F65FB",
  "Reloaded.Hooks.Definitions.dll": "9535BC35A6771BD7EB4484EB036C811A",
  "Reloaded.Hooks.dll": "E1A2E08A5302E27CA78AAE81AC469262",
  "Reloaded.Memory.Buffers.dll": "8D3D02D7D1173B4EAF5D2A7517FBB942",
  "Reloaded.Memory.dll": "B765DD4536162AE5E8307EC1487E54E4",
  "revision.txt": "0397758F8990C1B41B81B43AC389AB9F",
  "SDL2-CS.config": "65557595FD5DF55D93B2BF881DE62C3A",
  "SDL2-CS.dll": "E7C73CDF1A3BF143E92A7B6816F5174E",
  "Serilog.dll": "9D9CF41C57375321C2814AF4B2F7FB4A",
  "Serilog.Sinks.Async.dll": "D1761D926CFEF94961B50751371EA6B3",
  "Serilog.Sinks.Console.dll": "A058D5BA0F668574394F4E6DB9AEC26C",
  "Serilog.Sinks.File.dll": "8F26B8348B49715F7DE1B43CC46D128E",
  "SharpDX.Direct3D11.dll": "FB9789622EE613C472A49C0CF9E3FD60",
  "SharpDX.dll": "5CF1A2B155DB81317459D1BD2892D73A",
  "SharpDX.DXGI.dll": "F13AFB228C8962962E75D3339914426D",
  "SharpDX.Mathematics.dll": "F1B077252A6173577D316A514816D92E",
  "Silk.NET.Core.dll": "8311EB34CE58145E91892F419307D843",
  "Silk.NET.GLFW.dll": "C5D63B2F419C70AD1F9B96171EC4DBDB",
  "Silk.NET.Maths.dll": "A7E4EBF5ED45CD982A4A683CBFE93F4F",
  "Silk.NET.OpenGL.dll": "602DDA5080B8BAE5B66FCC18AAA6539C",
  "Silk.NET.SDL.dll": "55D13AFDE92C18DFE6DB1754F2174ABC",
  "Silk.NET.Windowing.Common.dll": "D8C0FF26DE047920A6B4FF592A67C25C",
  "Silk.NET.Windowing.Glfw.dll": "71CA5CB3BFE8894DE7D14E18D1446751",
  "Silk.NET.Windowing.Sdl.dll": "FD94ED919D56013B99C1287DA7D57B63",
  "SQLite-net.dll": "6BB4A523E86A89F7055A1A437BE9FDDA",
  "SQLitePCLRaw.batteries_v2.dll": "870E2CA7C80E0DA3DD85807A6BDE721C",
  "SQLitePCLRaw.core.dll": "E44B172E192E08982611D9CF66851A52",
  "SQLitePCLRaw.nativelibrary.dll": "74E5C7AE09B61AFBB3A497C95489A795",
  "SQLitePCLRaw.provider.dynamic_cdecl.dll": "A98F0D800626EC2000CDB1AC370C60E3",
  "StbiSharp.dll": "411145F13C5775176E1EE792A9DE44B8",
  "System.Reactive.dll": "EF5A00287AD15393D41B12AA4B726FF7",
  "System.Reflection.MetadataLoadContext.dll": "7EC41D41F4E1246757BA3E2EC862D562",
  "System.Security.Cryptography.Pkcs.dll": "8950E01996A37E808BE3F39063C37BF9",
  "TEMP_gitver.txt": "2815EF231EEE539852AA44802557EA79",
  "TerraFX.Interop.Windows.dll": "84F7EF6B0DE91F8CC23F773D3FD6DEC0",
  "Validation.dll": "721C05818EDDA4EC9BB21DAD3B915CD9"
}
