{
  "runtimes\\alpine-x64\\native\\libe_sqlite3.so": "39C244FEDBCD3DFC37041D4FCE1AE21D",
  "runtimes\\linux-arm\\native\\libe_sqlite3.so": "96CF54BC0EFB83D6E3F5F3E04997A59D",
  "runtimes\\linux-arm64\\native\\libe_sqlite3.so": "F079E55E7F3F9966A4A2052A3234E068",
  "runtimes\\linux-armel\\native\\libe_sqlite3.so": "C5A67D49434FC65D64E9C15778078C76",
  "runtimes\\linux-mips64\\native\\libe_sqlite3.so": "5F8461214089CFC677D46C19B7162161",
  "runtimes\\linux-musl-x64\\native\\libe_sqlite3.so": "39C244FEDBCD3DFC37041D4FCE1AE21D",
  "runtimes\\linux-x64\\native\\libe_sqlite3.so": "6F49C540D3AB9964D67A4A704C3D262D",
  "runtimes\\linux-x64\\native\\libglfw.so.3": "9E3137144F68B9E9793F4C7AD5B1BEA7",
  "runtimes\\linux-x64\\native\\libSDL2-2.0.so": "99B95A708381FC66AB2370E45A260527",
  "runtimes\\linux-x64\\native\\libstbi.so": "0945355ED59677D06E3E88F48101BB26",
  "runtimes\\linux-x86\\native\\libe_sqlite3.so": "5E0659B414CBD6DDC38C65582485853E",
  "runtimes\\osx-x64\\native\\libe_sqlite3.dylib": "F82AE134FCD1C080A69D775591406673",
  "runtimes\\osx-x64\\native\\libglfw.3.dylib": "1E30FAB2F0C40E82290AD4B0BF14A880",
  "runtimes\\osx-x64\\native\\libSDL2-2.0.dylib": "AAC958490586C67395F0A90903AE3747",
  "runtimes\\osx-x64\\native\\libstbi.dylib": "0B84B0A6A80178266018081C3CAB68E6",
  "runtimes\\win-arm\\native\\e_sqlite3.dll": "232361B08A2202A7811C54C67E861BFF",
  "runtimes\\win-arm64\\native\\e_sqlite3.dll": "12887954D88976AC21F8211BD85BD2BB",
  "runtimes\\win-x64\\native\\cimgui.dll": "BD68B3B8F19B84FCD00EFA80B6DC60AB",
  "runtimes\\win-x64\\native\\cimguizmo.dll": "988D4B487461BAB7B4A54FD1BA77EE3A",
  "runtimes\\win-x64\\native\\cimplot.dll": "FE942C9845F048032D41067E46C46127",
  "runtimes\\win-x64\\native\\e_sqlite3.dll": "B070BA45370CF2A1186B7ECFD3C6001B",
  "runtimes\\win-x64\\native\\glfw3.dll": "DABCDF32E330A4AA2CD582BA85CC6F19",
  "runtimes\\win-x64\\native\\minhook.x64d.dll": "6DF4DE773344C288A9AD23C88F89BACF",
  "runtimes\\win-x64\\native\\SDL2.dll": "272502F81BF7B6CE33BF932B94F706E3",
  "runtimes\\win-x64\\native\\stbi.dll": "64264D768FA381036C0A665B63F8741D",
  "runtimes\\win-x64\\native\\stbi.lib": "927C214DE576219E1F80DBE7798A0502",
  "runtimes\\win-x86\\native\\e_sqlite3.dll": "B6373E0DF5FF707F1D3F33247D0276B0",
  "runtimes\\win-x86\\native\\glfw3.dll": "2CEA2B7529410E967D300A03C82E7E68",
  "runtimes\\win-x86\\native\\SDL2.dll": "3732274E90C8D3314810DA8109C3FC5F",
  "targets\\Dalamud.Plugin.Bootstrap.targets": "C85635161398CD9852CF7212DB7EB904",
  "targets\\Dalamud.Plugin.targets": "11001C983157350F50D99F1A827999B5",
  "CheapLoc.dll": "343100AFAC19B785DAB00F80869014AD",
  "Costura.dll": "21B545256B48CD9EC53D439AE2BE03D8",
  "Dalamud.Boot.dll": "8B853FFEF8AFCFF8560A384EFD403719",
  "Dalamud.Common.dll": "6857750E4887780210DAA124AF01A68E",
  "Dalamud.deps.json": "35EDBF255C48F359DD97CB51583E357D",
  "Dalamud.dll": "28EA173902DAE36CB174DA2A5711EC20",
  "Dalamud.Injector.deps.json": "C1FA0941DC8B38E415776C60C508AAB9",
  "Dalamud.Injector.dll": "E38BAD11F58EC1ED6E892B2349AC7CAA",
  "Dalamud.Injector.exe": "73ECEC3EE80A0D6031B10B07BB828FB4",
  "Dalamud.Injector.runtimeconfig.json": "B9BB65FFE7924D4D8BABE9FA66303200",
  "Dalamud.Injector.xml": "6CFC451561E67CE7788814C5B327D7EC",
  "Dalamud.runtimeconfig.json": "2A9CD915428BDD175E0889BD0C225F75",
  "Dalamud.xml": "8FDD8627616E6602FF486C6F176E2C5D",
  "DalamudCrashHandler.exe": "30E92CECC0133C00736FC1CDD7B1BDD2",
  "FASM-LICENSE.TXT": "ECEA1D10811221D5F0A3E96F9C38E2C7",
  "FASM.DLL": "0F78369610B95F62262012BDA6E32B43",
  "FASMX64.DLL": "23FF889A809DE364423AD97D114B773A",
  "FFXIVClientStructs.dll": "BF049B45460E5AEF87E1AA49E38F48AA",
  "FFXIVClientStructs.xml": "6ECC87C75E3DE92B1BBA81EA04C87478",
  "goaaats.Reloaded.Assembler.targets": "CC22CB0A353E2136EE9E6E96DB9F7164",
  "Iced.dll": "49D776D091841DC50AB6E87753FA24A8",
  "ImGui.NET.dll": "DF6BC7D877D90D93942E40220146104B",
  "ImGuiScene.dll": "3E0AE48DDCA4516ABFFF119EA0481054",
  "JetBrains.Annotations.dll": "448734F0EE2CB81A36C3E7609B020863",
  "licenses.txt": "A159BE62AA91178EFC3E3983AE874D1D",
  "Lumina.dll": "06828A1045267854C9CDFA4003705979",
  "Lumina.Excel.dll": "BC2CCB4343C5260D015C66A826B82AD7",
  "Microsoft.Bcl.HashCode.dll": "613AB56061ADF2284E047025207467E0",
  "Microsoft.DotNet.PlatformAbstractions.dll": "00AB0F02B1114C57C758F5AD595224F1",
  "Microsoft.Extensions.DependencyModel.dll": "F39BC76C10CFEA478C936FC4521A9FC9",
  "MinSharp.dll": "4BD14981E72A2ED4FF781A9CC45A56F4",
  "Mono.Cecil.dll": "4D96303A916658A71CFC50DE83E75A0F",
  "Mono.Cecil.Mdb.dll": "0A09738B67C181FEFF3316D17EA24F17",
  "Mono.Cecil.Pdb.dll": "731B4D12385D9DB01823C78D5EB0DA58",
  "Mono.Cecil.Rocks.dll": "58F0058BD8F5ECA5E5818BD42E36743C",
  "nethost.dll": "012081214FE71F0F6ADCD9F4A71B2B00",
  "Newtonsoft.Json.dll": "86A83A63F12B55FD3718CFBFB577D7DC",
  "PeNet.Asn1.dll": "6F7FCCB45DB3DC7BE4DACCEA658908F3",
  "PeNet.dll": "893CD405CC43E0E9C12F63F58D69E8B2",
  "PInvoke.AdvApi32.dll": "34EE461D05B403C3A15D0DEC32A3788C",
  "PInvoke.BCrypt.dll": "FD07758EE1440491F22923084109FF26",
  "PInvoke.Cabinet.dll": "333D950E3804735DA60CC41D614C63E2",
  "PInvoke.CfgMgr32.dll": "768BE7CC18EDCF78B296A72ABE891691",
  "PInvoke.Crypt32.dll": "E7B00B0851738F4A7F2C6D37DAA973B4",
  "PInvoke.DbgHelp.dll": "E701136169620D20E3A70B560DE20E44",
  "PInvoke.DwmApi.dll": "ACF223CC8962404056648815B486F7D9",
  "PInvoke.Gdi32.dll": "69FF434826F98582CE44D3136ECFFACB",
  "PInvoke.Hid.dll": "2E7A41257F8AD9B26073181F450CD8E5",
  "PInvoke.ImageHlp.dll": "79BE816E8D86EA66489D7780DD675D49",
  "PInvoke.IPHlpApi.dll": "E949FA3326D1BA8872B179AB4EE49D38",
  "PInvoke.Kernel32.dll": "234E15B122ED430DE99490CA1A204958",
  "PInvoke.Magnification.dll": "C9EA3D34F506741ECC044DB19C151F09",
  "PInvoke.Msi.dll": "69EE50CE2DA6B55755E52589F49A7EBC",
  "PInvoke.NCrypt.dll": "DA1DE76C14D99370CA3BEF19DC299B15",
  "PInvoke.NetApi32.dll": "AE79F9FA2E3864A5E0642AE4622ECDC5",
  "PInvoke.NewDev.dll": "B3E1992105D986EF9C5C8E4B630FBB07",
  "PInvoke.NTDll.dll": "3F6BDF840EB27DD0FD9EB8071822183A",
  "PInvoke.Ole32.dll": "3C49FB100B60519FFE725BCD12A538F6",
  "PInvoke.Psapi.dll": "A7683EE4B880227F01C8AE632A892B9E",
  "PInvoke.SetupApi.dll": "1B7AE321185D0081D1759A9AD829F9BA",
  "PInvoke.SHCore.dll": "F27E7F063D51480F6D2294C903E4A606",
  "PInvoke.Shell32.dll": "F71A1BCAF6478190691170DAEA77722F",
  "PInvoke.User32.dll": "8BEDE38311ED4F27127290B81B8079FD",
  "PInvoke.Userenv.dll": "FEB7BCA90B8C905EC2F4BB0789847131",
  "PInvoke.UxTheme.dll": "8E683C016250CB719FDB9AAAFC22B3C5",
  "PInvoke.Windows.Core.dll": "90015440A44935208FFEA9BF61740651",
  "PInvoke.Windows.ShellScalingApi.dll": "F351B34B8C9183A51CADFDC279357C49",
  "PInvoke.WinUsb.dll": "9EB8A0280F2848D1A32B560A939F7336",
  "PInvoke.WtsApi32.dll": "341C94455D2E5893DBE4293D4D67AA4D",
  "Reloaded.Assembler.dll": "7AED42C50FE48B4232B1F4FC213AEB48",
  "Reloaded.Hooks.Definitions.dll": "A4842DA6963FB200C5A2524BF8717EAD",
  "Reloaded.Hooks.dll": "5E8DBF8D8D0F2D2A05743B03881A4DEF",
  "Reloaded.Memory.Buffers.dll": "EEC7EA4C15BB4C44CC54D2F94B535B6F",
  "Reloaded.Memory.dll": "FDD174B4501EFF67F2F2AE2C51B0B998",
  "revision.txt": "83451E7EF8755C2A8F464093C808F529",
  "SDL2-CS.config": "65557595FD5DF55D93B2BF881DE62C3A",
  "SDL2-CS.dll": "2E5C7FABD34E95C33C03DB84402F4EFE",
  "Serilog.dll": "3BC4796628EED16ABAC78703EF4D1052",
  "Serilog.Sinks.Async.dll": "F84A147B7602DC594933DE02162F3F2D",
  "Serilog.Sinks.Console.dll": "8AD70A3042DFB8FB66CB236DD8BF2559",
  "Serilog.Sinks.File.dll": "A7DA42B184574AB925451C262BAC798B",
  "SharpDX.Direct3D11.dll": "BF65029043C0ED368DB43080B6AB4809",
  "SharpDX.dll": "F27799FF639CF1C72F77807434BFD43E",
  "SharpDX.DXGI.dll": "2FE4D43871F9715711790C5979BBC710",
  "SharpDX.Mathematics.dll": "DCBEBDC76D6937AE422FF1668A26DCCC",
  "Silk.NET.Core.dll": "FBB277154AB1A1A2F91FDDC2EDFDB91F",
  "Silk.NET.GLFW.dll": "9CAD333985ECFA90A060C4DB44847E89",
  "Silk.NET.Maths.dll": "A1969A5E34232F933B0742569EE68465",
  "Silk.NET.OpenGL.dll": "7E182F7910AD78CB2CBEF3C53CA6B89B",
  "Silk.NET.SDL.dll": "34DE763ECA1D994604F1A7952E6899BE",
  "Silk.NET.Windowing.Common.dll": "971209825FC577AD6679BE82730036D3",
  "Silk.NET.Windowing.Glfw.dll": "5FA154D797619AEECE90609FE49A6546",
  "Silk.NET.Windowing.Sdl.dll": "9A24EFEDA6307A07B3A0F1FF75BE8504",
  "SQLite-net.dll": "7D6C5038590CED3EA5741261F9D982F4",
  "SQLitePCLRaw.batteries_v2.dll": "582690ED1263FAB453D5C34BF17B5F70",
  "SQLitePCLRaw.core.dll": "8EAB0E0A9201FD5C1A0968131C77B27E",
  "SQLitePCLRaw.nativelibrary.dll": "2C0B1A8849F25B39632C846E4156A2B3",
  "SQLitePCLRaw.provider.dynamic_cdecl.dll": "4C815FA84D5E648AE16B68606D9B0260",
  "StbiSharp.dll": "880FF3E078FD3EAB723F5571CA4B7E1E",
  "System.Reactive.dll": "EF5A00287AD15393D41B12AA4B726FF7",
  "System.Reflection.MetadataLoadContext.dll": "7EC41D41F4E1246757BA3E2EC862D562",
  "System.Security.Cryptography.Pkcs.dll": "8950E01996A37E808BE3F39063C37BF9",
  "TEMP_gitver.txt": "7A10205D761B5F864030BF4D9CFC4462",
  "Validation.dll": "C57EF3DD78D83305C45C507AAB2E4F14"
}
