{
  "runtimes\\alpine-x64\\native\\libe_sqlite3.so": "39C244FEDBCD3DFC37041D4FCE1AE21D",
  "runtimes\\linux-arm\\native\\libe_sqlite3.so": "96CF54BC0EFB83D6E3F5F3E04997A59D",
  "runtimes\\linux-arm64\\native\\libe_sqlite3.so": "F079E55E7F3F9966A4A2052A3234E068",
  "runtimes\\linux-armel\\native\\libe_sqlite3.so": "C5A67D49434FC65D64E9C15778078C76",
  "runtimes\\linux-mips64\\native\\libe_sqlite3.so": "5F8461214089CFC677D46C19B7162161",
  "runtimes\\linux-musl-x64\\native\\libe_sqlite3.so": "39C244FEDBCD3DFC37041D4FCE1AE21D",
  "runtimes\\linux-x64\\native\\libe_sqlite3.so": "6F49C540D3AB9964D67A4A704C3D262D",
  "runtimes\\linux-x64\\native\\libglfw.so.3": "9E3137144F68B9E9793F4C7AD5B1BEA7",
  "runtimes\\linux-x64\\native\\libSDL2-2.0.so": "99B95A708381FC66AB2370E45A260527",
  "runtimes\\linux-x64\\native\\libstbi.so": "0945355ED59677D06E3E88F48101BB26",
  "runtimes\\linux-x86\\native\\libe_sqlite3.so": "5E0659B414CBD6DDC38C65582485853E",
  "runtimes\\osx-x64\\native\\libe_sqlite3.dylib": "F82AE134FCD1C080A69D775591406673",
  "runtimes\\osx-x64\\native\\libglfw.3.dylib": "1E30FAB2F0C40E82290AD4B0BF14A880",
  "runtimes\\osx-x64\\native\\libSDL2-2.0.dylib": "AAC958490586C67395F0A90903AE3747",
  "runtimes\\osx-x64\\native\\libstbi.dylib": "0B84B0A6A80178266018081C3CAB68E6",
  "runtimes\\win-arm\\native\\e_sqlite3.dll": "8389434F808C77C53FCD6EDE0AD6E59B",
  "runtimes\\win-arm64\\native\\e_sqlite3.dll": "C7DC88125EE1136C3746CC462DF02658",
  "runtimes\\win-x64\\native\\cimgui.dll": "6CED466B93B1B95F5458D4555420A673",
  "runtimes\\win-x64\\native\\cimguizmo.dll": "F2B3B98820D2BECCB9105614F69F0911",
  "runtimes\\win-x64\\native\\cimplot.dll": "DA1F82CDD3684C65E28A95A77427DC06",
  "runtimes\\win-x64\\native\\e_sqlite3.dll": "03F3483C6D594955E546E3A3CF86CB8D",
  "runtimes\\win-x64\\native\\glfw3.dll": "372D86700BD5DB12AA12C259D437A29F",
  "runtimes\\win-x64\\native\\minhook.x64d.dll": "FCFFF960EBC88A608C59430F81FFC226",
  "runtimes\\win-x64\\native\\SDL2.dll": "B55598FEB6A76716675235477D1BC64A",
  "runtimes\\win-x64\\native\\stbi.dll": "ECDA221F158A2F9F2AF405C3839F30F7",
  "runtimes\\win-x64\\native\\stbi.lib": "927C214DE576219E1F80DBE7798A0502",
  "runtimes\\win-x86\\native\\e_sqlite3.dll": "75DDFEC2A673203EF148BA652402FD34",
  "runtimes\\win-x86\\native\\glfw3.dll": "FC3E651360E588B254FB3A98C4B0821C",
  "runtimes\\win-x86\\native\\SDL2.dll": "420097732D0F9F4090C95B0AD7105A45",
  "targets\\Dalamud.Plugin.Bootstrap.targets": "C85635161398CD9852CF7212DB7EB904",
  "targets\\Dalamud.Plugin.targets": "11001C983157350F50D99F1A827999B5",
  "CheapLoc.dll": "2EE7C16C670EBB5B4C0CC8C6C0E1E153",
  "Costura.dll": "D7605811919C69A422B4F0916FEB3CE3",
  "Dalamud.Boot.dll": "82F01C26DA98592F8AE735234AC81B4C",
  "Dalamud.Common.dll": "3105E1C7296BA8570F36BA164616033F",
  "Dalamud.deps.json": "A45B7CA1210BD5203A20B3BBF6F01F40",
  "Dalamud.dll": "27C9EC3E25B1032A23D904029F879683",
  "Dalamud.Injector.deps.json": "C1FA0941DC8B38E415776C60C508AAB9",
  "Dalamud.Injector.dll": "2AB7356F78A7283E3832ABFBF54D251B",
  "Dalamud.Injector.exe": "6BE155FA6E2CB3B953870D04095C26D3",
  "Dalamud.Injector.runtimeconfig.json": "B9BB65FFE7924D4D8BABE9FA66303200",
  "Dalamud.Injector.xml": "D41E5DF541D19A015215E777D7395C9C",
  "Dalamud.runtimeconfig.json": "2A9CD915428BDD175E0889BD0C225F75",
  "Dalamud.xml": "D6F2E03259966ABD2A3AFBD82F25C945",
  "DalamudCrashHandler.exe": "4BC5E352A34C41D88C9F855153B2F99F",
  "FASM-LICENSE.TXT": "ECEA1D10811221D5F0A3E96F9C38E2C7",
  "FASM.DLL": "2CD42834A6B0B7B4C11AD6A6ADFA11F9",
  "FASMX64.DLL": "A1545747EA6274FBA8C9C04E9207B4E7",
  "FFXIVClientStructs.dll": "384A6BC6F1F770E2BE0FF9B92FC738FE",
  "FFXIVClientStructs.xml": "59685A5C8D14F9258CFB55AD6BC4CD47",
  "goaaats.Reloaded.Assembler.targets": "CC22CB0A353E2136EE9E6E96DB9F7164",
  "Iced.dll": "B452519EE270941976DB1E3DE24BBA3A",
  "ImGui.NET.dll": "A8B4B0298023A11AC19CAFE887F02880",
  "ImGuiScene.dll": "3D6A6016B5636992DAC6DD92F3B20DF1",
  "JetBrains.Annotations.dll": "C32F39423DACD556BA4953F3BECFDC2B",
  "licenses.txt": "A159BE62AA91178EFC3E3983AE874D1D",
  "Lumina.dll": "7E2A0959FE771C912FB132F15D4F94A5",
  "Lumina.Excel.dll": "F96F74E3FCF6DE22BB250455A9012D6C",
  "Microsoft.Bcl.HashCode.dll": "613AB56061ADF2284E047025207467E0",
  "Microsoft.DotNet.PlatformAbstractions.dll": "00AB0F02B1114C57C758F5AD595224F1",
  "Microsoft.Extensions.DependencyModel.dll": "F39BC76C10CFEA478C936FC4521A9FC9",
  "Microsoft.Extensions.ObjectPool.dll": "4EEE3E64BE561711391BF998FFBF65D3",
  "MinSharp.dll": "D1504FA1A89EB7DC6AA8FF168B30F8AE",
  "Mono.Cecil.dll": "5520BBDC16BB018D89FAC15095BACEF6",
  "Mono.Cecil.Mdb.dll": "F1BF40C348A2BD302630CDBB6D73083E",
  "Mono.Cecil.Pdb.dll": "27DBD962B66A79CCD164D8C81BF40044",
  "Mono.Cecil.Rocks.dll": "5469E2A6D1D7D6F9B407881B281EBD16",
  "nethost.dll": "012081214FE71F0F6ADCD9F4A71B2B00",
  "Newtonsoft.Json.dll": "86A83A63F12B55FD3718CFBFB577D7DC",
  "PeNet.Asn1.dll": "09ED69A84E6F8CE01D49F48DD77E5B01",
  "PeNet.dll": "AB144AC7F9D6A9BC623D8C5A711343A0",
  "PInvoke.AdvApi32.dll": "34EE461D05B403C3A15D0DEC32A3788C",
  "PInvoke.BCrypt.dll": "FD07758EE1440491F22923084109FF26",
  "PInvoke.Cabinet.dll": "333D950E3804735DA60CC41D614C63E2",
  "PInvoke.CfgMgr32.dll": "768BE7CC18EDCF78B296A72ABE891691",
  "PInvoke.Crypt32.dll": "E7B00B0851738F4A7F2C6D37DAA973B4",
  "PInvoke.DbgHelp.dll": "E701136169620D20E3A70B560DE20E44",
  "PInvoke.DwmApi.dll": "ACF223CC8962404056648815B486F7D9",
  "PInvoke.Gdi32.dll": "69FF434826F98582CE44D3136ECFFACB",
  "PInvoke.Hid.dll": "2E7A41257F8AD9B26073181F450CD8E5",
  "PInvoke.ImageHlp.dll": "79BE816E8D86EA66489D7780DD675D49",
  "PInvoke.IPHlpApi.dll": "E949FA3326D1BA8872B179AB4EE49D38",
  "PInvoke.Kernel32.dll": "234E15B122ED430DE99490CA1A204958",
  "PInvoke.Magnification.dll": "C9EA3D34F506741ECC044DB19C151F09",
  "PInvoke.Msi.dll": "69EE50CE2DA6B55755E52589F49A7EBC",
  "PInvoke.NCrypt.dll": "DA1DE76C14D99370CA3BEF19DC299B15",
  "PInvoke.NetApi32.dll": "AE79F9FA2E3864A5E0642AE4622ECDC5",
  "PInvoke.NewDev.dll": "B3E1992105D986EF9C5C8E4B630FBB07",
  "PInvoke.NTDll.dll": "3F6BDF840EB27DD0FD9EB8071822183A",
  "PInvoke.Ole32.dll": "3C49FB100B60519FFE725BCD12A538F6",
  "PInvoke.Psapi.dll": "A7683EE4B880227F01C8AE632A892B9E",
  "PInvoke.SetupApi.dll": "1B7AE321185D0081D1759A9AD829F9BA",
  "PInvoke.SHCore.dll": "F27E7F063D51480F6D2294C903E4A606",
  "PInvoke.Shell32.dll": "F71A1BCAF6478190691170DAEA77722F",
  "PInvoke.User32.dll": "8BEDE38311ED4F27127290B81B8079FD",
  "PInvoke.Userenv.dll": "FEB7BCA90B8C905EC2F4BB0789847131",
  "PInvoke.UxTheme.dll": "8E683C016250CB719FDB9AAAFC22B3C5",
  "PInvoke.Windows.Core.dll": "90015440A44935208FFEA9BF61740651",
  "PInvoke.Windows.ShellScalingApi.dll": "F351B34B8C9183A51CADFDC279357C49",
  "PInvoke.WinUsb.dll": "9EB8A0280F2848D1A32B560A939F7336",
  "PInvoke.WtsApi32.dll": "341C94455D2E5893DBE4293D4D67AA4D",
  "Reloaded.Assembler.dll": "90EDD73BFA5D5C3A712EE1348BA63E4B",
  "Reloaded.Hooks.Definitions.dll": "B99606F61911C070562AD631A6F130D4",
  "Reloaded.Hooks.dll": "B50BA06F4E98857C3D10247234D366A0",
  "Reloaded.Memory.Buffers.dll": "EBC0E63D6D6643E6A44DA88FADB42902",
  "Reloaded.Memory.dll": "F3A8CEFE398B8CB3D43CC39BC6FF0303",
  "revision.txt": "84FDBC3AC902561C00871C9B0C226756",
  "SDL2-CS.config": "65557595FD5DF55D93B2BF881DE62C3A",
  "SDL2-CS.dll": "279C42FBF460F8AB403444462136ECA8",
  "Serilog.dll": "8CD932C81C0B54501D1F4480FAD3C75C",
  "Serilog.Sinks.Async.dll": "2DF09CDA2A71E681C7511CA28E30E9A7",
  "Serilog.Sinks.Console.dll": "46669478AC3DF3146D97728CFE3CC734",
  "Serilog.Sinks.File.dll": "C93FDF536A262466ACAFEE3C899096B5",
  "SharpDX.Direct3D11.dll": "697D1B67C88BE89C7AB46794DF7BA9C0",
  "SharpDX.dll": "67CB1908A0AB7DCEDBAB5E4D39D782B7",
  "SharpDX.DXGI.dll": "C62C9919E4B902BEFCFE850216D7002F",
  "SharpDX.Mathematics.dll": "D1CB0792092200747B9C34BA1B2FEAE1",
  "Silk.NET.Core.dll": "0F94099E334BDF0A966B063E384A3964",
  "Silk.NET.GLFW.dll": "0B55CD98DDAF1AB5DEB74B04AF62ED1D",
  "Silk.NET.Maths.dll": "9BAD3B318BFB46648AFFC808E9C336A6",
  "Silk.NET.OpenGL.dll": "0534FD4C476016F6E1A2260E47D92738",
  "Silk.NET.SDL.dll": "9A774724005CB47E3DD33901BCFCC633",
  "Silk.NET.Windowing.Common.dll": "FE64BA5FF67B614208E4ABACE643DAA4",
  "Silk.NET.Windowing.Glfw.dll": "14D49CD03E5AE49D7522D4BFD6924BB2",
  "Silk.NET.Windowing.Sdl.dll": "42BD0A7C7A9EE788BD0E49735ADDFE1F",
  "SQLite-net.dll": "FBC2B87652B6EBB15667DA5C149F4B15",
  "SQLitePCLRaw.batteries_v2.dll": "5A516ED938B12D16F5139E92E326FE67",
  "SQLitePCLRaw.core.dll": "305417FB19955B4219AD8D60035E0069",
  "SQLitePCLRaw.nativelibrary.dll": "315307724C3FC848A28E1BBD451903D9",
  "SQLitePCLRaw.provider.dynamic_cdecl.dll": "4C353F3713B266A3F8AC0204804BF341",
  "StbiSharp.dll": "89E716A59D1DA81DA83D4F5112282239",
  "System.Reactive.dll": "EF5A00287AD15393D41B12AA4B726FF7",
  "System.Reflection.MetadataLoadContext.dll": "7EC41D41F4E1246757BA3E2EC862D562",
  "System.Security.Cryptography.Pkcs.dll": "8950E01996A37E808BE3F39063C37BF9",
  "TEMP_gitver.txt": "006E90FAD5A254352B9BB5E104E28DBA",
  "TerraFX.Interop.Windows.dll": "84F7EF6B0DE91F8CC23F773D3FD6DEC0",
  "Validation.dll": "A2679F597E762FE4B2C611EEB6598D56"
}
