{
  "runtimes\\alpine-x64\\native\\libe_sqlite3.so": "39C244FEDBCD3DFC37041D4FCE1AE21D",
  "runtimes\\linux-arm\\native\\libe_sqlite3.so": "96CF54BC0EFB83D6E3F5F3E04997A59D",
  "runtimes\\linux-arm64\\native\\libe_sqlite3.so": "F079E55E7F3F9966A4A2052A3234E068",
  "runtimes\\linux-armel\\native\\libe_sqlite3.so": "C5A67D49434FC65D64E9C15778078C76",
  "runtimes\\linux-mips64\\native\\libe_sqlite3.so": "5F8461214089CFC677D46C19B7162161",
  "runtimes\\linux-musl-x64\\native\\libe_sqlite3.so": "39C244FEDBCD3DFC37041D4FCE1AE21D",
  "runtimes\\linux-x64\\native\\libe_sqlite3.so": "6F49C540D3AB9964D67A4A704C3D262D",
  "runtimes\\linux-x64\\native\\libglfw.so.3": "9E3137144F68B9E9793F4C7AD5B1BEA7",
  "runtimes\\linux-x64\\native\\libSDL2-2.0.so": "99B95A708381FC66AB2370E45A260527",
  "runtimes\\linux-x64\\native\\libstbi.so": "0945355ED59677D06E3E88F48101BB26",
  "runtimes\\linux-x86\\native\\libe_sqlite3.so": "5E0659B414CBD6DDC38C65582485853E",
  "runtimes\\osx-x64\\native\\libe_sqlite3.dylib": "F82AE134FCD1C080A69D775591406673",
  "runtimes\\osx-x64\\native\\libglfw.3.dylib": "1E30FAB2F0C40E82290AD4B0BF14A880",
  "runtimes\\osx-x64\\native\\libSDL2-2.0.dylib": "AAC958490586C67395F0A90903AE3747",
  "runtimes\\osx-x64\\native\\libstbi.dylib": "0B84B0A6A80178266018081C3CAB68E6",
  "runtimes\\win-arm\\native\\e_sqlite3.dll": "9E8143DD15FF111D989C03AE987102BB",
  "runtimes\\win-arm64\\native\\e_sqlite3.dll": "33A6BFBC9F189B69E5D1145F739E553D",
  "runtimes\\win-x64\\native\\cimgui.dll": "D278FF5DFB4D83C7AB262FF1223DB354",
  "runtimes\\win-x64\\native\\cimguizmo.dll": "D07739803170BE462FF936481272A5E3",
  "runtimes\\win-x64\\native\\cimplot.dll": "8471FCF40E7049CD0E5ACA26410FC7BE",
  "runtimes\\win-x64\\native\\e_sqlite3.dll": "373B7CDF91FEAE31FB5DDF5DF010DCDE",
  "runtimes\\win-x64\\native\\glfw3.dll": "74E02958AB77A31B612346052F746ECB",
  "runtimes\\win-x64\\native\\minhook.x64d.dll": "8DB2CF3078B372EA50498CBD444D35C8",
  "runtimes\\win-x64\\native\\SDL2.dll": "1B59D527D8AB75BE6F61D133A97F27E5",
  "runtimes\\win-x64\\native\\stbi.dll": "C67469478681269D451ADCB4B3D97145",
  "runtimes\\win-x64\\native\\stbi.lib": "927C214DE576219E1F80DBE7798A0502",
  "runtimes\\win-x86\\native\\e_sqlite3.dll": "05CCAB95411D37DD77E8487EDD0BE738",
  "runtimes\\win-x86\\native\\glfw3.dll": "90A09A8259F45948F99E297B7F0CAE70",
  "runtimes\\win-x86\\native\\SDL2.dll": "05621E72DE7DE2502F119121CED2DC21",
  "targets\\Dalamud.Plugin.Bootstrap.targets": "C85635161398CD9852CF7212DB7EB904",
  "targets\\Dalamud.Plugin.targets": "E2AA900DB1F6596D1C203D4112A10F5E",
  "CheapLoc.dll": "B73DA0848B879B7673F8B16AD379ADB7",
  "Costura.dll": "D28C5312E439CF8D144675C3774C38E3",
  "Dalamud.Boot.dll": "0D6C37D4D63A9404B4E77D67CEABA15F",
  "Dalamud.Common.dll": "DF14FDB2E0DBCD96E34E95452DAA8B05",
  "Dalamud.deps.json": "A45B7CA1210BD5203A20B3BBF6F01F40",
  "Dalamud.dll": "09EF6293379A61447A0B100AB4A24546",
  "Dalamud.Injector.deps.json": "C1FA0941DC8B38E415776C60C508AAB9",
  "Dalamud.Injector.dll": "5E5C692B7285A5C13862A643C20FD024",
  "Dalamud.Injector.exe": "69C10D2B7CB04FA477FB4B18470BB514",
  "Dalamud.Injector.runtimeconfig.json": "B9BB65FFE7924D4D8BABE9FA66303200",
  "Dalamud.Injector.xml": "D41E5DF541D19A015215E777D7395C9C",
  "Dalamud.runtimeconfig.json": "2A9CD915428BDD175E0889BD0C225F75",
  "Dalamud.xml": "555F2F276FB8ADAF43ECF9936DFCFA8D",
  "DalamudCrashHandler.exe": "C859970A736BD67C1EE3C946C9B796FB",
  "FASM-LICENSE.TXT": "ECEA1D10811221D5F0A3E96F9C38E2C7",
  "FASM.DLL": "CCF2E8AC9B9438714B9865F48DCE9C4B",
  "FASMX64.DLL": "72A0697ECAC5F1E385B03A0BB064860B",
  "FFXIVClientStructs.dll": "201E4AFCD13DBEB0476A8C69383354D2",
  "FFXIVClientStructs.xml": "39D682805E3B23E9193A8220A5DF19AE",
  "goaaats.Reloaded.Assembler.targets": "CC22CB0A353E2136EE9E6E96DB9F7164",
  "Iced.dll": "738098D7456F5DD2B1A849CABAAE3B6F",
  "ImGui.NET.dll": "8F8C12BB3BFCC4ABA13DE0450315BF35",
  "ImGuiScene.dll": "D9105F9200EA9388350C11F85517CB02",
  "JetBrains.Annotations.dll": "1820FC91E5DE1DB20EE90B7BBD0818AB",
  "licenses.txt": "A159BE62AA91178EFC3E3983AE874D1D",
  "Lumina.dll": "D505C22A685C0B7B1696E7254265BDF3",
  "Lumina.Excel.dll": "D3EA3DBE79CA9AB5E4B706592A29CE6A",
  "Microsoft.Bcl.HashCode.dll": "613AB56061ADF2284E047025207467E0",
  "Microsoft.DotNet.PlatformAbstractions.dll": "00AB0F02B1114C57C758F5AD595224F1",
  "Microsoft.Extensions.DependencyModel.dll": "F39BC76C10CFEA478C936FC4521A9FC9",
  "Microsoft.Extensions.ObjectPool.dll": "4EEE3E64BE561711391BF998FFBF65D3",
  "MinSharp.dll": "6ECC029799D2D6197A63808537E498DB",
  "Mono.Cecil.dll": "C7245D9BAC1631ABE0DB699029AFCBEF",
  "Mono.Cecil.Mdb.dll": "932F607547A76FE485B08A97697EE55B",
  "Mono.Cecil.Pdb.dll": "AFF4C6E39A4C702E59094A8671E6D915",
  "Mono.Cecil.Rocks.dll": "78C00A27327FA0ED250EAD824F224347",
  "nethost.dll": "012081214FE71F0F6ADCD9F4A71B2B00",
  "Newtonsoft.Json.dll": "86A83A63F12B55FD3718CFBFB577D7DC",
  "PeNet.Asn1.dll": "B9C9C0B09CF085172284417002417954",
  "PeNet.dll": "97E4D217A2EA1C4803384113A2721C08",
  "PInvoke.AdvApi32.dll": "34EE461D05B403C3A15D0DEC32A3788C",
  "PInvoke.BCrypt.dll": "FD07758EE1440491F22923084109FF26",
  "PInvoke.Cabinet.dll": "333D950E3804735DA60CC41D614C63E2",
  "PInvoke.CfgMgr32.dll": "768BE7CC18EDCF78B296A72ABE891691",
  "PInvoke.Crypt32.dll": "E7B00B0851738F4A7F2C6D37DAA973B4",
  "PInvoke.DbgHelp.dll": "E701136169620D20E3A70B560DE20E44",
  "PInvoke.DwmApi.dll": "ACF223CC8962404056648815B486F7D9",
  "PInvoke.Gdi32.dll": "69FF434826F98582CE44D3136ECFFACB",
  "PInvoke.Hid.dll": "2E7A41257F8AD9B26073181F450CD8E5",
  "PInvoke.ImageHlp.dll": "79BE816E8D86EA66489D7780DD675D49",
  "PInvoke.IPHlpApi.dll": "E949FA3326D1BA8872B179AB4EE49D38",
  "PInvoke.Kernel32.dll": "234E15B122ED430DE99490CA1A204958",
  "PInvoke.Magnification.dll": "C9EA3D34F506741ECC044DB19C151F09",
  "PInvoke.Msi.dll": "69EE50CE2DA6B55755E52589F49A7EBC",
  "PInvoke.NCrypt.dll": "DA1DE76C14D99370CA3BEF19DC299B15",
  "PInvoke.NetApi32.dll": "AE79F9FA2E3864A5E0642AE4622ECDC5",
  "PInvoke.NewDev.dll": "B3E1992105D986EF9C5C8E4B630FBB07",
  "PInvoke.NTDll.dll": "3F6BDF840EB27DD0FD9EB8071822183A",
  "PInvoke.Ole32.dll": "3C49FB100B60519FFE725BCD12A538F6",
  "PInvoke.Psapi.dll": "A7683EE4B880227F01C8AE632A892B9E",
  "PInvoke.SetupApi.dll": "1B7AE321185D0081D1759A9AD829F9BA",
  "PInvoke.SHCore.dll": "F27E7F063D51480F6D2294C903E4A606",
  "PInvoke.Shell32.dll": "F71A1BCAF6478190691170DAEA77722F",
  "PInvoke.User32.dll": "8BEDE38311ED4F27127290B81B8079FD",
  "PInvoke.Userenv.dll": "FEB7BCA90B8C905EC2F4BB0789847131",
  "PInvoke.UxTheme.dll": "8E683C016250CB719FDB9AAAFC22B3C5",
  "PInvoke.Windows.Core.dll": "90015440A44935208FFEA9BF61740651",
  "PInvoke.Windows.ShellScalingApi.dll": "F351B34B8C9183A51CADFDC279357C49",
  "PInvoke.WinUsb.dll": "9EB8A0280F2848D1A32B560A939F7336",
  "PInvoke.WtsApi32.dll": "341C94455D2E5893DBE4293D4D67AA4D",
  "Reloaded.Assembler.dll": "D2177B528705070C3CDFEADA5FD27714",
  "Reloaded.Hooks.Definitions.dll": "A05E007782F385FFC90C98EF1A5A00F1",
  "Reloaded.Hooks.dll": "4D8F6854C1C57F3AB78F762137AD9EA5",
  "Reloaded.Memory.Buffers.dll": "22C9EA491979DAA57AF1901D588A6762",
  "Reloaded.Memory.dll": "07D8D69180DD0C59AEF058BD3B218301",
  "revision.txt": "6A571FE98A2BA453E84923B447D79CFF",
  "SDL2-CS.config": "65557595FD5DF55D93B2BF881DE62C3A",
  "SDL2-CS.dll": "31838B0394171760D85CF13E43300BB5",
  "Serilog.dll": "AC4FFEDC5EEE65BE8A95268C8387DB8A",
  "Serilog.Sinks.Async.dll": "00F3F3854A008E6D6B73DF03ED605FB0",
  "Serilog.Sinks.Console.dll": "0C9F2CD2BE7B1AEBE65C834A114302A1",
  "Serilog.Sinks.File.dll": "ABB8A53934A097C922C7580BA4DA0661",
  "SharpDX.Direct3D11.dll": "BF213A47EE3155C05E6099A298DA2CA6",
  "SharpDX.dll": "EA08A468A5F8B2D72F8D90E3F02CEAB9",
  "SharpDX.DXGI.dll": "938621FE206A2F9D169C759300243E0B",
  "SharpDX.Mathematics.dll": "F0A40E3C134F12F7FA63AAD31924E7CA",
  "Silk.NET.Core.dll": "67914A376A91CF5C39B3A7BB29D885B6",
  "Silk.NET.GLFW.dll": "DB9451C9DA3327F455BB9DA8E8C7F8AA",
  "Silk.NET.Maths.dll": "769E4CB11E14D4E058F01119452AE09E",
  "Silk.NET.OpenGL.dll": "77CC175A128E27BC52B5028B93D3FCDA",
  "Silk.NET.SDL.dll": "C538D2567F321D933843B888A880CBD9",
  "Silk.NET.Windowing.Common.dll": "DC0B5627F3286686937ADDACC846271E",
  "Silk.NET.Windowing.Glfw.dll": "63C0259DD31EB112FE7293E91F2D3191",
  "Silk.NET.Windowing.Sdl.dll": "2B52C0BF0C250192652AEE6841894A82",
  "SQLite-net.dll": "539A5661DF2383854992DEA5578133FB",
  "SQLitePCLRaw.batteries_v2.dll": "99C1AB1C779D939F8B4FCCE8CA233F0D",
  "SQLitePCLRaw.core.dll": "938A779AC2AB869CC5DBC59D5E4C48FC",
  "SQLitePCLRaw.nativelibrary.dll": "1974597E49BE8F70F9519DC34FD7D378",
  "SQLitePCLRaw.provider.dynamic_cdecl.dll": "142B03ED9348B5EFA9B84D0441B7ED10",
  "StbiSharp.dll": "AA4937FE6305ABE36E66F096E37176CD",
  "System.Reactive.dll": "EF5A00287AD15393D41B12AA4B726FF7",
  "System.Reflection.MetadataLoadContext.dll": "7EC41D41F4E1246757BA3E2EC862D562",
  "System.Security.Cryptography.Pkcs.dll": "8950E01996A37E808BE3F39063C37BF9",
  "TEMP_gitver.txt": "CC235E94DD13A13D5102DFF881750E51",
  "TerraFX.Interop.Windows.dll": "84F7EF6B0DE91F8CC23F773D3FD6DEC0",
  "Validation.dll": "71970639A0E70657975E895437C08EDF"
}
