{
  "runtimes\\alpine-x64\\native\\libe_sqlite3.so": "39C244FEDBCD3DFC37041D4FCE1AE21D",
  "runtimes\\linux-arm\\native\\libe_sqlite3.so": "96CF54BC0EFB83D6E3F5F3E04997A59D",
  "runtimes\\linux-arm64\\native\\libe_sqlite3.so": "F079E55E7F3F9966A4A2052A3234E068",
  "runtimes\\linux-armel\\native\\libe_sqlite3.so": "C5A67D49434FC65D64E9C15778078C76",
  "runtimes\\linux-mips64\\native\\libe_sqlite3.so": "5F8461214089CFC677D46C19B7162161",
  "runtimes\\linux-musl-x64\\native\\libe_sqlite3.so": "39C244FEDBCD3DFC37041D4FCE1AE21D",
  "runtimes\\linux-x64\\native\\libe_sqlite3.so": "6F49C540D3AB9964D67A4A704C3D262D",
  "runtimes\\linux-x64\\native\\libglfw.so.3": "9E3137144F68B9E9793F4C7AD5B1BEA7",
  "runtimes\\linux-x64\\native\\libSDL2-2.0.so": "99B95A708381FC66AB2370E45A260527",
  "runtimes\\linux-x64\\native\\libstbi.so": "0945355ED59677D06E3E88F48101BB26",
  "runtimes\\linux-x86\\native\\libe_sqlite3.so": "5E0659B414CBD6DDC38C65582485853E",
  "runtimes\\osx-x64\\native\\libe_sqlite3.dylib": "F82AE134FCD1C080A69D775591406673",
  "runtimes\\osx-x64\\native\\libglfw.3.dylib": "1E30FAB2F0C40E82290AD4B0BF14A880",
  "runtimes\\osx-x64\\native\\libSDL2-2.0.dylib": "AAC958490586C67395F0A90903AE3747",
  "runtimes\\osx-x64\\native\\libstbi.dylib": "0B84B0A6A80178266018081C3CAB68E6",
  "runtimes\\win-arm\\native\\e_sqlite3.dll": "08015D540394831A7D1CD624AF13F498",
  "runtimes\\win-arm64\\native\\e_sqlite3.dll": "14E3316B5F9C586E0483AF816C1DB132",
  "runtimes\\win-x64\\native\\cimgui.dll": "228D96C8F93D0777C61D8370F0AC2208",
  "runtimes\\win-x64\\native\\cimguizmo.dll": "FA676E58D375E6E1E88297D146B3CC73",
  "runtimes\\win-x64\\native\\cimplot.dll": "26067B05D55769C7E9440860448B5F3E",
  "runtimes\\win-x64\\native\\e_sqlite3.dll": "0EDC2D17ED9728A4883C62EEB0347051",
  "runtimes\\win-x64\\native\\glfw3.dll": "38FF0BA447B8FA34211E5A82A98E7A18",
  "runtimes\\win-x64\\native\\minhook.x64d.dll": "54EEBE13C951881C9AB34620EE2B71D6",
  "runtimes\\win-x64\\native\\SDL2.dll": "CBD47479875E805333CF9312970D1CCC",
  "runtimes\\win-x64\\native\\stbi.dll": "DFCF4F65A7B31F095458BB1C92198892",
  "runtimes\\win-x64\\native\\stbi.lib": "927C214DE576219E1F80DBE7798A0502",
  "runtimes\\win-x86\\native\\e_sqlite3.dll": "ECB1ED0B55647704403800C1183FA27C",
  "runtimes\\win-x86\\native\\glfw3.dll": "92CF73CD35C50402E68622A7532C6A05",
  "runtimes\\win-x86\\native\\SDL2.dll": "ABAD08DE689B82EB7317FD071BC48256",
  "targets\\Dalamud.Plugin.Bootstrap.targets": "C85635161398CD9852CF7212DB7EB904",
  "targets\\Dalamud.Plugin.targets": "11001C983157350F50D99F1A827999B5",
  "CheapLoc.dll": "4D38DFDDF34280F8556EC6759193708A",
  "Costura.dll": "0D77B96B5A3E8A41C7E2F265CC94F773",
  "Dalamud.Boot.dll": "048A27A62DBF6C27DE947665FFC2498E",
  "Dalamud.Common.dll": "9C8D2693A0983CFEC4032C51A9E24255",
  "Dalamud.deps.json": "A45B7CA1210BD5203A20B3BBF6F01F40",
  "Dalamud.dll": "D3BFE0E9F4041C4DA4D38FB7166EEBBD",
  "Dalamud.Injector.deps.json": "C1FA0941DC8B38E415776C60C508AAB9",
  "Dalamud.Injector.dll": "72C347D2BE9D2A5CA4350BC3EF6A95D6",
  "Dalamud.Injector.exe": "25E8453CDC968EBED916A5174113BC2A",
  "Dalamud.Injector.runtimeconfig.json": "B9BB65FFE7924D4D8BABE9FA66303200",
  "Dalamud.Injector.xml": "D41E5DF541D19A015215E777D7395C9C",
  "Dalamud.runtimeconfig.json": "2A9CD915428BDD175E0889BD0C225F75",
  "Dalamud.xml": "DBCEE811B994E174FFDDB66B5DDA122D",
  "DalamudCrashHandler.exe": "2128BB9A249ECBA0AC5868A08442D0EC",
  "FASM-LICENSE.TXT": "ECEA1D10811221D5F0A3E96F9C38E2C7",
  "FASM.DLL": "B367F6346476450083953E7C8690D491",
  "FASMX64.DLL": "46B395040C3846DE40A8E1BA00401C16",
  "FFXIVClientStructs.dll": "556F6E7F1B342D2103A4C4C693CEB288",
  "FFXIVClientStructs.xml": "59685A5C8D14F9258CFB55AD6BC4CD47",
  "goaaats.Reloaded.Assembler.targets": "CC22CB0A353E2136EE9E6E96DB9F7164",
  "Iced.dll": "9F9B7D085EB65082B3DE3F55CE637D92",
  "ImGui.NET.dll": "8F7EC2687DD077E220C3309106ED010C",
  "ImGuiScene.dll": "4C3DE7C98AF1A0FFD0FF0B29EBC41577",
  "JetBrains.Annotations.dll": "EDC0444A199BE301B358A329DA170592",
  "licenses.txt": "A159BE62AA91178EFC3E3983AE874D1D",
  "Lumina.dll": "A99ADF3F2251EAEE3C41C62F6F2EF8DF",
  "Lumina.Excel.dll": "FC250951817C3306DA6F4501899077A2",
  "Microsoft.Bcl.HashCode.dll": "613AB56061ADF2284E047025207467E0",
  "Microsoft.DotNet.PlatformAbstractions.dll": "00AB0F02B1114C57C758F5AD595224F1",
  "Microsoft.Extensions.DependencyModel.dll": "F39BC76C10CFEA478C936FC4521A9FC9",
  "Microsoft.Extensions.ObjectPool.dll": "4EEE3E64BE561711391BF998FFBF65D3",
  "MinSharp.dll": "5ECCA7D9BF821BE41DF19CB0BAA9CB66",
  "Mono.Cecil.dll": "1D91B78AC5CB150AB2E7DEE2E503C81E",
  "Mono.Cecil.Mdb.dll": "DFD2595E9E7AFE13AE643BBCAF25FEE4",
  "Mono.Cecil.Pdb.dll": "944CBF7BD89748BB07B6162CD96C3D87",
  "Mono.Cecil.Rocks.dll": "A4538CB365F1FC7D87A2A69F5BEB593B",
  "nethost.dll": "012081214FE71F0F6ADCD9F4A71B2B00",
  "Newtonsoft.Json.dll": "86A83A63F12B55FD3718CFBFB577D7DC",
  "PeNet.Asn1.dll": "1F651EC0A913C221A21AE4F1535074ED",
  "PeNet.dll": "B0A3FF88BC0638B48E43C7F5C785E669",
  "PInvoke.AdvApi32.dll": "34EE461D05B403C3A15D0DEC32A3788C",
  "PInvoke.BCrypt.dll": "FD07758EE1440491F22923084109FF26",
  "PInvoke.Cabinet.dll": "333D950E3804735DA60CC41D614C63E2",
  "PInvoke.CfgMgr32.dll": "768BE7CC18EDCF78B296A72ABE891691",
  "PInvoke.Crypt32.dll": "E7B00B0851738F4A7F2C6D37DAA973B4",
  "PInvoke.DbgHelp.dll": "E701136169620D20E3A70B560DE20E44",
  "PInvoke.DwmApi.dll": "ACF223CC8962404056648815B486F7D9",
  "PInvoke.Gdi32.dll": "69FF434826F98582CE44D3136ECFFACB",
  "PInvoke.Hid.dll": "2E7A41257F8AD9B26073181F450CD8E5",
  "PInvoke.ImageHlp.dll": "79BE816E8D86EA66489D7780DD675D49",
  "PInvoke.IPHlpApi.dll": "E949FA3326D1BA8872B179AB4EE49D38",
  "PInvoke.Kernel32.dll": "234E15B122ED430DE99490CA1A204958",
  "PInvoke.Magnification.dll": "C9EA3D34F506741ECC044DB19C151F09",
  "PInvoke.Msi.dll": "69EE50CE2DA6B55755E52589F49A7EBC",
  "PInvoke.NCrypt.dll": "DA1DE76C14D99370CA3BEF19DC299B15",
  "PInvoke.NetApi32.dll": "AE79F9FA2E3864A5E0642AE4622ECDC5",
  "PInvoke.NewDev.dll": "B3E1992105D986EF9C5C8E4B630FBB07",
  "PInvoke.NTDll.dll": "3F6BDF840EB27DD0FD9EB8071822183A",
  "PInvoke.Ole32.dll": "3C49FB100B60519FFE725BCD12A538F6",
  "PInvoke.Psapi.dll": "A7683EE4B880227F01C8AE632A892B9E",
  "PInvoke.SetupApi.dll": "1B7AE321185D0081D1759A9AD829F9BA",
  "PInvoke.SHCore.dll": "F27E7F063D51480F6D2294C903E4A606",
  "PInvoke.Shell32.dll": "F71A1BCAF6478190691170DAEA77722F",
  "PInvoke.User32.dll": "8BEDE38311ED4F27127290B81B8079FD",
  "PInvoke.Userenv.dll": "FEB7BCA90B8C905EC2F4BB0789847131",
  "PInvoke.UxTheme.dll": "8E683C016250CB719FDB9AAAFC22B3C5",
  "PInvoke.Windows.Core.dll": "90015440A44935208FFEA9BF61740651",
  "PInvoke.Windows.ShellScalingApi.dll": "F351B34B8C9183A51CADFDC279357C49",
  "PInvoke.WinUsb.dll": "9EB8A0280F2848D1A32B560A939F7336",
  "PInvoke.WtsApi32.dll": "341C94455D2E5893DBE4293D4D67AA4D",
  "Reloaded.Assembler.dll": "652BC81D08FA8D2B77B18D304F917E80",
  "Reloaded.Hooks.Definitions.dll": "60BDDD6F48A798460E9BDDBB7D10B87C",
  "Reloaded.Hooks.dll": "F9A6C0B8523A18CD384179FF7DB5BF0E",
  "Reloaded.Memory.Buffers.dll": "5E62D1A81044AA63D0CEE8490B31B061",
  "Reloaded.Memory.dll": "8A3C05D608A80F69AA52AA1E46146BD1",
  "revision.txt": "007D4A1214289AEA09B9759AE1324E96",
  "SDL2-CS.config": "65557595FD5DF55D93B2BF881DE62C3A",
  "SDL2-CS.dll": "84CD6362091912E660622BDABC81F501",
  "Serilog.dll": "688A10B58CEA2B503028E7CE6B48189A",
  "Serilog.Sinks.Async.dll": "419E4276C12CDA3FF8FE0392954E94DF",
  "Serilog.Sinks.Console.dll": "57EBDC0DB605EF3C1083C41BAA5E1FD4",
  "Serilog.Sinks.File.dll": "9DD6948F29EF1F815DD880CEF99C53EE",
  "SharpDX.Direct3D11.dll": "FFEB932CFD191DDAD1F4F4445239F4E5",
  "SharpDX.dll": "4999A8AE9100BBED8724A2F19A1D2DC7",
  "SharpDX.DXGI.dll": "53E9AA5BB3BDCDF4386593C8B754AC69",
  "SharpDX.Mathematics.dll": "F4406F4FC833E072429A846658941B4E",
  "Silk.NET.Core.dll": "01FE5294FAF49DFB265DBDA1D7E915EC",
  "Silk.NET.GLFW.dll": "F12BACDD2FD7AD70F2473A7F119C6ECC",
  "Silk.NET.Maths.dll": "17A43CB118DF00DEEC5536F8CD25A5C8",
  "Silk.NET.OpenGL.dll": "6CCEF5B9FDECEC5244819ABCBA1F590A",
  "Silk.NET.SDL.dll": "61937DC80F0DA5A961FFE269D3EA664C",
  "Silk.NET.Windowing.Common.dll": "37E9AA2AC0C080909085E0F26BE4D78B",
  "Silk.NET.Windowing.Glfw.dll": "0310A0398919E2E11613FFCE4CF8308B",
  "Silk.NET.Windowing.Sdl.dll": "F38876D36CEE1E0B45D4F363AC82B8A6",
  "SQLite-net.dll": "BF4F9F9B3D0C2EA2602F68D25F55AC09",
  "SQLitePCLRaw.batteries_v2.dll": "4210D2E67C055E844AE06CF36434733B",
  "SQLitePCLRaw.core.dll": "FA701E11B7FA4E7E014F92546FA7F01D",
  "SQLitePCLRaw.nativelibrary.dll": "41783CC6F0024990D5BBF4D37A6B4219",
  "SQLitePCLRaw.provider.dynamic_cdecl.dll": "4DFD046B2DE4F88BF8CF0558C78E26B0",
  "StbiSharp.dll": "C8F28E2C27DE0B2EDED7E08BBCED4C86",
  "System.Reactive.dll": "EF5A00287AD15393D41B12AA4B726FF7",
  "System.Reflection.MetadataLoadContext.dll": "7EC41D41F4E1246757BA3E2EC862D562",
  "System.Security.Cryptography.Pkcs.dll": "8950E01996A37E808BE3F39063C37BF9",
  "TEMP_gitver.txt": "F635A9C61E185AD7845029BD7C623BDB",
  "TerraFX.Interop.Windows.dll": "84F7EF6B0DE91F8CC23F773D3FD6DEC0",
  "Validation.dll": "E5FB5D11A859109059CFAF20E62CD38F"
}
