{
  "runtimes\\alpine-x64\\native\\libe_sqlite3.so": "39C244FEDBCD3DFC37041D4FCE1AE21D",
  "runtimes\\linux-arm\\native\\libe_sqlite3.so": "96CF54BC0EFB83D6E3F5F3E04997A59D",
  "runtimes\\linux-arm64\\native\\libe_sqlite3.so": "F079E55E7F3F9966A4A2052A3234E068",
  "runtimes\\linux-armel\\native\\libe_sqlite3.so": "C5A67D49434FC65D64E9C15778078C76",
  "runtimes\\linux-mips64\\native\\libe_sqlite3.so": "5F8461214089CFC677D46C19B7162161",
  "runtimes\\linux-musl-x64\\native\\libe_sqlite3.so": "39C244FEDBCD3DFC37041D4FCE1AE21D",
  "runtimes\\linux-x64\\native\\libe_sqlite3.so": "6F49C540D3AB9964D67A4A704C3D262D",
  "runtimes\\linux-x64\\native\\libglfw.so.3": "9E3137144F68B9E9793F4C7AD5B1BEA7",
  "runtimes\\linux-x64\\native\\libSDL2-2.0.so": "99B95A708381FC66AB2370E45A260527",
  "runtimes\\linux-x64\\native\\libstbi.so": "0945355ED59677D06E3E88F48101BB26",
  "runtimes\\linux-x86\\native\\libe_sqlite3.so": "5E0659B414CBD6DDC38C65582485853E",
  "runtimes\\osx-x64\\native\\libe_sqlite3.dylib": "F82AE134FCD1C080A69D775591406673",
  "runtimes\\osx-x64\\native\\libglfw.3.dylib": "1E30FAB2F0C40E82290AD4B0BF14A880",
  "runtimes\\osx-x64\\native\\libSDL2-2.0.dylib": "AAC958490586C67395F0A90903AE3747",
  "runtimes\\osx-x64\\native\\libstbi.dylib": "0B84B0A6A80178266018081C3CAB68E6",
  "runtimes\\win-arm\\native\\e_sqlite3.dll": "95D71CDB0315F6C0FCF2E67C741E5C83",
  "runtimes\\win-arm64\\native\\e_sqlite3.dll": "B79B31822AB3B00502357E70CCE36F34",
  "runtimes\\win-x64\\native\\cimgui.dll": "45909D5A32ED9ECC9593ADA8565A8924",
  "runtimes\\win-x64\\native\\cimguizmo.dll": "61291E5722A793179CDFD8A44D856821",
  "runtimes\\win-x64\\native\\cimplot.dll": "E437849636438A95BC456E45EB8D712D",
  "runtimes\\win-x64\\native\\e_sqlite3.dll": "8AE5DB6186624FAE0FA618C018C10FEC",
  "runtimes\\win-x64\\native\\glfw3.dll": "87E6A941F5A5F9C97DBCA9A7EC32FA92",
  "runtimes\\win-x64\\native\\minhook.x64d.dll": "522D9728A0C179B1CF65A10C37499FB0",
  "runtimes\\win-x64\\native\\SDL2.dll": "CF67DB107EF0093F936F12E336D051AA",
  "runtimes\\win-x64\\native\\stbi.dll": "5E701DFD55C8EA49A1CBC4190B31A190",
  "runtimes\\win-x64\\native\\stbi.lib": "927C214DE576219E1F80DBE7798A0502",
  "runtimes\\win-x86\\native\\e_sqlite3.dll": "B046189E7016334DD37A9FC9CC2005CE",
  "runtimes\\win-x86\\native\\glfw3.dll": "66954EB5DA6AAD1CF802CB10AC57BAF1",
  "runtimes\\win-x86\\native\\SDL2.dll": "CE738F4DCF95ADD2E3F45FDA4180D70A",
  "targets\\Dalamud.Plugin.Bootstrap.targets": "C85635161398CD9852CF7212DB7EB904",
  "targets\\Dalamud.Plugin.targets": "11001C983157350F50D99F1A827999B5",
  "CheapLoc.dll": "9300D86F0B50FF2B4E7DD8A6597DD58B",
  "Costura.dll": "4539E3AB0095861E4F7895D970C5D3FA",
  "Dalamud.Boot.dll": "52F5AE8784455D935FC3CFD89EECF89B",
  "Dalamud.Common.dll": "91DAC46A62763264EA473EDC1574CBA2",
  "Dalamud.deps.json": "A45B7CA1210BD5203A20B3BBF6F01F40",
  "Dalamud.dll": "5C8ECEFC700EA88AAFB87E5F0C739024",
  "Dalamud.Injector.deps.json": "C1FA0941DC8B38E415776C60C508AAB9",
  "Dalamud.Injector.dll": "9B2516048BD3DB0F96E996D19A2450EF",
  "Dalamud.Injector.exe": "3C6E0D3371702D133E7A4E0E306C1B96",
  "Dalamud.Injector.runtimeconfig.json": "B9BB65FFE7924D4D8BABE9FA66303200",
  "Dalamud.Injector.xml": "D41E5DF541D19A015215E777D7395C9C",
  "Dalamud.runtimeconfig.json": "2A9CD915428BDD175E0889BD0C225F75",
  "Dalamud.xml": "D0A0CF9425908F8C3A748F00F9321156",
  "DalamudCrashHandler.exe": "0DBE0231C2A9B6099EFD950CBB0AC09E",
  "FASM-LICENSE.TXT": "ECEA1D10811221D5F0A3E96F9C38E2C7",
  "FASM.DLL": "5D3B16D8665D7DAD139A12E9AF9FC2C1",
  "FASMX64.DLL": "1189D4A4F6B717943681B0544D135B19",
  "FFXIVClientStructs.dll": "B6FAC49FCD2AF2928B5CB52D1D4C1348",
  "FFXIVClientStructs.xml": "08C8C63D475C837BDE9528BC1D68B9C9",
  "goaaats.Reloaded.Assembler.targets": "CC22CB0A353E2136EE9E6E96DB9F7164",
  "Iced.dll": "B280BD7FD37EFCBD5764DB0239E42861",
  "ImGui.NET.dll": "D014C81D2768C83E6A775E0A799386D4",
  "ImGuiScene.dll": "6271254EDA1B9F3A43A64B2C9F291725",
  "JetBrains.Annotations.dll": "65E3DEA487AED6FE072135D8F87E927E",
  "licenses.txt": "A159BE62AA91178EFC3E3983AE874D1D",
  "Lumina.dll": "9121338ECEA2225B20E9F05A34234249",
  "Lumina.Excel.dll": "667E6AA23DA17CDBB43BDFDCC3B1A2E9",
  "Microsoft.Bcl.HashCode.dll": "613AB56061ADF2284E047025207467E0",
  "Microsoft.DotNet.PlatformAbstractions.dll": "00AB0F02B1114C57C758F5AD595224F1",
  "Microsoft.Extensions.DependencyModel.dll": "F39BC76C10CFEA478C936FC4521A9FC9",
  "Microsoft.Extensions.ObjectPool.dll": "4EEE3E64BE561711391BF998FFBF65D3",
  "MinSharp.dll": "8B11DF6E8F1E206438675A33C3772F65",
  "Mono.Cecil.dll": "DBB59DD4717AD132C62F0CBE2B74FD62",
  "Mono.Cecil.Mdb.dll": "13F1D9311407C0549A098F395F081D3C",
  "Mono.Cecil.Pdb.dll": "836A4BBA3424B414FE58864B28934CDF",
  "Mono.Cecil.Rocks.dll": "BF3FF635EA17718E2C43EC896BF29F5D",
  "nethost.dll": "012081214FE71F0F6ADCD9F4A71B2B00",
  "Newtonsoft.Json.dll": "86A83A63F12B55FD3718CFBFB577D7DC",
  "PeNet.Asn1.dll": "F0DB157CA9857E4532211ADE002786A7",
  "PeNet.dll": "A042201999A8B8A2709BF3CEA9BCFFCA",
  "PInvoke.AdvApi32.dll": "34EE461D05B403C3A15D0DEC32A3788C",
  "PInvoke.BCrypt.dll": "FD07758EE1440491F22923084109FF26",
  "PInvoke.Cabinet.dll": "333D950E3804735DA60CC41D614C63E2",
  "PInvoke.CfgMgr32.dll": "768BE7CC18EDCF78B296A72ABE891691",
  "PInvoke.Crypt32.dll": "E7B00B0851738F4A7F2C6D37DAA973B4",
  "PInvoke.DbgHelp.dll": "E701136169620D20E3A70B560DE20E44",
  "PInvoke.DwmApi.dll": "ACF223CC8962404056648815B486F7D9",
  "PInvoke.Gdi32.dll": "69FF434826F98582CE44D3136ECFFACB",
  "PInvoke.Hid.dll": "2E7A41257F8AD9B26073181F450CD8E5",
  "PInvoke.ImageHlp.dll": "79BE816E8D86EA66489D7780DD675D49",
  "PInvoke.IPHlpApi.dll": "E949FA3326D1BA8872B179AB4EE49D38",
  "PInvoke.Kernel32.dll": "234E15B122ED430DE99490CA1A204958",
  "PInvoke.Magnification.dll": "C9EA3D34F506741ECC044DB19C151F09",
  "PInvoke.Msi.dll": "69EE50CE2DA6B55755E52589F49A7EBC",
  "PInvoke.NCrypt.dll": "DA1DE76C14D99370CA3BEF19DC299B15",
  "PInvoke.NetApi32.dll": "AE79F9FA2E3864A5E0642AE4622ECDC5",
  "PInvoke.NewDev.dll": "B3E1992105D986EF9C5C8E4B630FBB07",
  "PInvoke.NTDll.dll": "3F6BDF840EB27DD0FD9EB8071822183A",
  "PInvoke.Ole32.dll": "3C49FB100B60519FFE725BCD12A538F6",
  "PInvoke.Psapi.dll": "A7683EE4B880227F01C8AE632A892B9E",
  "PInvoke.SetupApi.dll": "1B7AE321185D0081D1759A9AD829F9BA",
  "PInvoke.SHCore.dll": "F27E7F063D51480F6D2294C903E4A606",
  "PInvoke.Shell32.dll": "F71A1BCAF6478190691170DAEA77722F",
  "PInvoke.User32.dll": "8BEDE38311ED4F27127290B81B8079FD",
  "PInvoke.Userenv.dll": "FEB7BCA90B8C905EC2F4BB0789847131",
  "PInvoke.UxTheme.dll": "8E683C016250CB719FDB9AAAFC22B3C5",
  "PInvoke.Windows.Core.dll": "90015440A44935208FFEA9BF61740651",
  "PInvoke.Windows.ShellScalingApi.dll": "F351B34B8C9183A51CADFDC279357C49",
  "PInvoke.WinUsb.dll": "9EB8A0280F2848D1A32B560A939F7336",
  "PInvoke.WtsApi32.dll": "341C94455D2E5893DBE4293D4D67AA4D",
  "Reloaded.Assembler.dll": "3B6EBF03FFFFF96081DC30D41183CD92",
  "Reloaded.Hooks.Definitions.dll": "A54562251090482FFDE4434514063E44",
  "Reloaded.Hooks.dll": "91B0E6514FE700A6BCEE743DBF87040D",
  "Reloaded.Memory.Buffers.dll": "8364852E89855A8F839E0526E4D701AD",
  "Reloaded.Memory.dll": "8E5037DEE99669BFAF3246D4615610B3",
  "revision.txt": "E4ACB4C86DE9D2D9A41364F93951028D",
  "SDL2-CS.config": "65557595FD5DF55D93B2BF881DE62C3A",
  "SDL2-CS.dll": "380A55E9C06569FE22ED2822ACBF14E1",
  "Serilog.dll": "D318D0D15B75F976A58A48AF10E626ED",
  "Serilog.Sinks.Async.dll": "B340A8B9DB1EA43E54D876B6EEA74560",
  "Serilog.Sinks.Console.dll": "6D2D0280867126B536A62B122AB45839",
  "Serilog.Sinks.File.dll": "C08B24A3898B9BC2C65E7A83A8920BA5",
  "SharpDX.Direct3D11.dll": "D4E1B6B11A536F45A44F38D8BFD1B3F6",
  "SharpDX.dll": "5264C9366B8EFC38D5354F3574894342",
  "SharpDX.DXGI.dll": "44E2419C4947B24F213061A8E5A7B326",
  "SharpDX.Mathematics.dll": "6E82039B31042EBE98AABB95AAFD5182",
  "Silk.NET.Core.dll": "6516A5C7F47EB75EE148DB977A20699D",
  "Silk.NET.GLFW.dll": "E9AAAEDF8A83BB5426201294A840E4D0",
  "Silk.NET.Maths.dll": "12F020319E7A49603E9C8CEF590472BB",
  "Silk.NET.OpenGL.dll": "4426A0BD2C336DDBB3EBEA4BA26D150B",
  "Silk.NET.SDL.dll": "B9CC1CC5DFC1184E85A158028BB38698",
  "Silk.NET.Windowing.Common.dll": "36A364F62D725AAEF445D18F2A7BE8AD",
  "Silk.NET.Windowing.Glfw.dll": "2FBBB848A9CF0F077FD6DB0913D9667D",
  "Silk.NET.Windowing.Sdl.dll": "8661A083233766DFEE4B823115929A5E",
  "SQLite-net.dll": "89AD582E0EFD286ABF7DDEAC4ADC0E3D",
  "SQLitePCLRaw.batteries_v2.dll": "FAC0A536EA854BF9E4C8F7F6DB12CA1B",
  "SQLitePCLRaw.core.dll": "580A2A2E239193DE28F98F5C7D814FFC",
  "SQLitePCLRaw.nativelibrary.dll": "BE3C2E9B55E5AC0BEFFC5F1B0D1E60C1",
  "SQLitePCLRaw.provider.dynamic_cdecl.dll": "E345C4856F6748870D7280E1A07EEFEF",
  "StbiSharp.dll": "56F6C8A4A08A563C42917DEBA0E368AA",
  "System.Reactive.dll": "EF5A00287AD15393D41B12AA4B726FF7",
  "System.Reflection.MetadataLoadContext.dll": "7EC41D41F4E1246757BA3E2EC862D562",
  "System.Security.Cryptography.Pkcs.dll": "8950E01996A37E808BE3F39063C37BF9",
  "TEMP_gitver.txt": "0F410A5158D52BB14DF5A1434659027F",
  "TerraFX.Interop.Windows.dll": "84F7EF6B0DE91F8CC23F773D3FD6DEC0",
  "Validation.dll": "F560D3983449C4F0B437C7FE7178BBBC"
}
