{
  "runtimes\\alpine-x64\\native\\libe_sqlite3.so": "39C244FEDBCD3DFC37041D4FCE1AE21D",
  "runtimes\\linux-arm\\native\\libe_sqlite3.so": "96CF54BC0EFB83D6E3F5F3E04997A59D",
  "runtimes\\linux-arm64\\native\\libe_sqlite3.so": "F079E55E7F3F9966A4A2052A3234E068",
  "runtimes\\linux-armel\\native\\libe_sqlite3.so": "C5A67D49434FC65D64E9C15778078C76",
  "runtimes\\linux-mips64\\native\\libe_sqlite3.so": "5F8461214089CFC677D46C19B7162161",
  "runtimes\\linux-musl-x64\\native\\libe_sqlite3.so": "39C244FEDBCD3DFC37041D4FCE1AE21D",
  "runtimes\\linux-x64\\native\\libe_sqlite3.so": "6F49C540D3AB9964D67A4A704C3D262D",
  "runtimes\\linux-x64\\native\\libglfw.so.3": "9E3137144F68B9E9793F4C7AD5B1BEA7",
  "runtimes\\linux-x64\\native\\libSDL2-2.0.so": "99B95A708381FC66AB2370E45A260527",
  "runtimes\\linux-x64\\native\\libstbi.so": "0945355ED59677D06E3E88F48101BB26",
  "runtimes\\linux-x86\\native\\libe_sqlite3.so": "5E0659B414CBD6DDC38C65582485853E",
  "runtimes\\osx-x64\\native\\libe_sqlite3.dylib": "F82AE134FCD1C080A69D775591406673",
  "runtimes\\osx-x64\\native\\libglfw.3.dylib": "1E30FAB2F0C40E82290AD4B0BF14A880",
  "runtimes\\osx-x64\\native\\libSDL2-2.0.dylib": "AAC958490586C67395F0A90903AE3747",
  "runtimes\\osx-x64\\native\\libstbi.dylib": "0B84B0A6A80178266018081C3CAB68E6",
  "runtimes\\win-arm\\native\\e_sqlite3.dll": "47E4543600738CC7AC8F981829CB728F",
  "runtimes\\win-arm64\\native\\e_sqlite3.dll": "E9FBAAE19CFE5B0139FF414EA1346162",
  "runtimes\\win-x64\\native\\cimgui.dll": "D35D5B504B7B3FF9B9E9DA1EF723A6B6",
  "runtimes\\win-x64\\native\\cimguizmo.dll": "88D3A74B9EF8FF7E75BA8DA0983A0892",
  "runtimes\\win-x64\\native\\cimplot.dll": "77A1F0E2F76164C17EB494E60EAB8C0A",
  "runtimes\\win-x64\\native\\e_sqlite3.dll": "F31AA0C8DCB08C0C46B3D32D4BCEC950",
  "runtimes\\win-x64\\native\\glfw3.dll": "EEAA9533140DEA65D7DC02D0EA301D54",
  "runtimes\\win-x64\\native\\minhook.x64d.dll": "0DF804AF6A023F6121F8C014DD98C472",
  "runtimes\\win-x64\\native\\SDL2.dll": "66B35372F7B15A9CF30DE830FE5B1EAB",
  "runtimes\\win-x64\\native\\stbi.dll": "FCB7D9AFEBD5C651BDF359D10B461484",
  "runtimes\\win-x64\\native\\stbi.lib": "927C214DE576219E1F80DBE7798A0502",
  "runtimes\\win-x86\\native\\e_sqlite3.dll": "AD7B49FDEC51887CFE59E16A173A7758",
  "runtimes\\win-x86\\native\\glfw3.dll": "F3BF2B1CC4AB8FF0E00B4B27ADEF5DBD",
  "runtimes\\win-x86\\native\\SDL2.dll": "C4A0E6AB1878BE473421FFD63F6047AB",
  "targets\\Dalamud.Plugin.Bootstrap.targets": "C85635161398CD9852CF7212DB7EB904",
  "targets\\Dalamud.Plugin.targets": "11001C983157350F50D99F1A827999B5",
  "CheapLoc.dll": "8CBEAFFFAFEF83C8A3F3544D82B7F91E",
  "Costura.dll": "D888733D80E4D93D0B69469E8DA2290D",
  "Dalamud.Boot.dll": "56025E09132D4F50F2DFC6FB612E91D1",
  "Dalamud.Common.dll": "60A52DA72E4F9397684E736B6BCB6861",
  "Dalamud.deps.json": "3D44EB9C12E53BFB2988AEE7E56B45C5",
  "Dalamud.dll": "DC8A87DDF0500159444A088A2942FB87",
  "Dalamud.Injector.deps.json": "C1FA0941DC8B38E415776C60C508AAB9",
  "Dalamud.Injector.dll": "B9E83C306B25F8C2AEDEE31D788C8204",
  "Dalamud.Injector.exe": "0E731221AEEC2611776F0F765537CE9A",
  "Dalamud.Injector.runtimeconfig.json": "B9BB65FFE7924D4D8BABE9FA66303200",
  "Dalamud.Injector.xml": "6CFC451561E67CE7788814C5B327D7EC",
  "Dalamud.runtimeconfig.json": "2A9CD915428BDD175E0889BD0C225F75",
  "Dalamud.xml": "E1BC4EA425A89EF58B3BC9B8E255DBB5",
  "DalamudCrashHandler.exe": "98D02F56DE77BD4ADB16C107269F89D2",
  "FASM-LICENSE.TXT": "ECEA1D10811221D5F0A3E96F9C38E2C7",
  "FASM.DLL": "893EDF956CFFFB6AA4A3CB986CECDB0B",
  "FASMX64.DLL": "CC1195F341105535E2D491C8EFE5A82F",
  "FFXIVClientStructs.dll": "DC003C40E8EAF2E8FF885AA74A0106CC",
  "FFXIVClientStructs.xml": "65234A31B95DA5636DFE70DE6CC144AD",
  "goaaats.Reloaded.Assembler.targets": "CC22CB0A353E2136EE9E6E96DB9F7164",
  "Iced.dll": "35488F1248F6061B271BFF2A5DADAC48",
  "ImGui.NET.dll": "FA5DDDE9B9FA0BC505616E1D86470E6F",
  "ImGuiScene.dll": "E562BF3976AFA8DA088A3E00C463FE0B",
  "JetBrains.Annotations.dll": "61BBB9E076A8C88535599C36966A9482",
  "licenses.txt": "A159BE62AA91178EFC3E3983AE874D1D",
  "Lumina.dll": "7ABEA07B429D7002ECF25B14E5DE5F54",
  "Lumina.Excel.dll": "7AD620497FF6E9DB572E4F0D0FEB9C1B",
  "Microsoft.Bcl.HashCode.dll": "613AB56061ADF2284E047025207467E0",
  "Microsoft.DotNet.PlatformAbstractions.dll": "00AB0F02B1114C57C758F5AD595224F1",
  "Microsoft.Extensions.DependencyModel.dll": "F39BC76C10CFEA478C936FC4521A9FC9",
  "MinSharp.dll": "1892128650278D06C0AFC481D6DD3E7B",
  "Mono.Cecil.dll": "F40A4D39AE327EDFBADD9056A37F8D62",
  "Mono.Cecil.Mdb.dll": "9DD08AD059EB50381F23E2E5712485D0",
  "Mono.Cecil.Pdb.dll": "60A4C61AA9D5E287E16EA9F67D8801D6",
  "Mono.Cecil.Rocks.dll": "6BFC210248C91D5737A6341DBE5119C7",
  "nethost.dll": "012081214FE71F0F6ADCD9F4A71B2B00",
  "Newtonsoft.Json.dll": "86A83A63F12B55FD3718CFBFB577D7DC",
  "PeNet.Asn1.dll": "CC241A206FBE4A77BADA183436AE5573",
  "PeNet.dll": "C681F6967B932F7B3F16CA7FD9C4A090",
  "PInvoke.AdvApi32.dll": "34EE461D05B403C3A15D0DEC32A3788C",
  "PInvoke.BCrypt.dll": "FD07758EE1440491F22923084109FF26",
  "PInvoke.Cabinet.dll": "333D950E3804735DA60CC41D614C63E2",
  "PInvoke.CfgMgr32.dll": "768BE7CC18EDCF78B296A72ABE891691",
  "PInvoke.Crypt32.dll": "E7B00B0851738F4A7F2C6D37DAA973B4",
  "PInvoke.DbgHelp.dll": "E701136169620D20E3A70B560DE20E44",
  "PInvoke.DwmApi.dll": "ACF223CC8962404056648815B486F7D9",
  "PInvoke.Gdi32.dll": "69FF434826F98582CE44D3136ECFFACB",
  "PInvoke.Hid.dll": "2E7A41257F8AD9B26073181F450CD8E5",
  "PInvoke.ImageHlp.dll": "79BE816E8D86EA66489D7780DD675D49",
  "PInvoke.IPHlpApi.dll": "E949FA3326D1BA8872B179AB4EE49D38",
  "PInvoke.Kernel32.dll": "234E15B122ED430DE99490CA1A204958",
  "PInvoke.Magnification.dll": "C9EA3D34F506741ECC044DB19C151F09",
  "PInvoke.Msi.dll": "69EE50CE2DA6B55755E52589F49A7EBC",
  "PInvoke.NCrypt.dll": "DA1DE76C14D99370CA3BEF19DC299B15",
  "PInvoke.NetApi32.dll": "AE79F9FA2E3864A5E0642AE4622ECDC5",
  "PInvoke.NewDev.dll": "B3E1992105D986EF9C5C8E4B630FBB07",
  "PInvoke.NTDll.dll": "3F6BDF840EB27DD0FD9EB8071822183A",
  "PInvoke.Ole32.dll": "3C49FB100B60519FFE725BCD12A538F6",
  "PInvoke.Psapi.dll": "A7683EE4B880227F01C8AE632A892B9E",
  "PInvoke.SetupApi.dll": "1B7AE321185D0081D1759A9AD829F9BA",
  "PInvoke.SHCore.dll": "F27E7F063D51480F6D2294C903E4A606",
  "PInvoke.Shell32.dll": "F71A1BCAF6478190691170DAEA77722F",
  "PInvoke.User32.dll": "8BEDE38311ED4F27127290B81B8079FD",
  "PInvoke.Userenv.dll": "FEB7BCA90B8C905EC2F4BB0789847131",
  "PInvoke.UxTheme.dll": "8E683C016250CB719FDB9AAAFC22B3C5",
  "PInvoke.Windows.Core.dll": "90015440A44935208FFEA9BF61740651",
  "PInvoke.Windows.ShellScalingApi.dll": "F351B34B8C9183A51CADFDC279357C49",
  "PInvoke.WinUsb.dll": "9EB8A0280F2848D1A32B560A939F7336",
  "PInvoke.WtsApi32.dll": "341C94455D2E5893DBE4293D4D67AA4D",
  "Reloaded.Assembler.dll": "B16674AC51551F2362178052ABF6DEC8",
  "Reloaded.Hooks.Definitions.dll": "68378FB7E8FEDDC00E67516E22160A7B",
  "Reloaded.Hooks.dll": "8042CF36F17F6B22A6D2672E56423FFC",
  "Reloaded.Memory.Buffers.dll": "6A9B41253CD72CD4FD9C3823F3BE7F50",
  "Reloaded.Memory.dll": "EDD1B9E5DA7CA45DDAC239E648C18F57",
  "revision.txt": "983A33A9A86796DF362C1108E00F54A6",
  "SDL2-CS.config": "65557595FD5DF55D93B2BF881DE62C3A",
  "SDL2-CS.dll": "2DE23F95D45CD73B446D54D9AF4AF242",
  "Serilog.dll": "06280B31774E3DACC9BBFD6224239835",
  "Serilog.Sinks.Async.dll": "BC332AED931B43EE593F439A86A1B0D5",
  "Serilog.Sinks.Console.dll": "FC5FD922D479C13345F852AB89BE6780",
  "Serilog.Sinks.File.dll": "CFC7BBFAD30229CBFBA68CDB1365D959",
  "SharpDX.Direct3D11.dll": "E928F0C4835586A3C985B836A3014FBC",
  "SharpDX.dll": "7D6D4EC300C9340DC3A957EC17C9C7A0",
  "SharpDX.DXGI.dll": "31D6A28ADB88B9CA67E716D893D42E3B",
  "SharpDX.Mathematics.dll": "37820CC792DEC9777DB7FD0F0A1AC27A",
  "Silk.NET.Core.dll": "330F768DD125052994E78981367A2F58",
  "Silk.NET.GLFW.dll": "EDA2ACFD995B26E5390A560DAF7B151E",
  "Silk.NET.Maths.dll": "9EDB83C007B1D9FED90D88EC0804FD2E",
  "Silk.NET.OpenGL.dll": "27C2E5810A0F6421EB622E9C8E607EFF",
  "Silk.NET.SDL.dll": "A981399AE876DF42D621B3FCEC9D277F",
  "Silk.NET.Windowing.Common.dll": "3C28A8531959D205FB6E063EF487E816",
  "Silk.NET.Windowing.Glfw.dll": "D2A5F474FA4718E1420B63431EE37484",
  "Silk.NET.Windowing.Sdl.dll": "0746391E13504DBAFF177A270722C4A1",
  "SQLite-net.dll": "5421BDFF6206AF7FCE6DA676D6C222D6",
  "SQLitePCLRaw.batteries_v2.dll": "F97BE916FD3E48F3F56CBA1BA85EE95B",
  "SQLitePCLRaw.core.dll": "C0DC7EBF969F7CF421C6FBE5545F84F5",
  "SQLitePCLRaw.nativelibrary.dll": "B57F198EB9B0B5EFA306C81F47003615",
  "SQLitePCLRaw.provider.dynamic_cdecl.dll": "9D344351BDB8BBEBCB68A8D59C8A6B73",
  "StbiSharp.dll": "30C9EB549BE88DF8D22998CF964257EB",
  "System.Reactive.dll": "EF5A00287AD15393D41B12AA4B726FF7",
  "System.Reflection.MetadataLoadContext.dll": "7EC41D41F4E1246757BA3E2EC862D562",
  "System.Security.Cryptography.Pkcs.dll": "8950E01996A37E808BE3F39063C37BF9",
  "TEMP_gitver.txt": "821A04A6E4CCAFAE2997D3E6AFEFDCF8",
  "TerraFX.Interop.Windows.dll": "84F7EF6B0DE91F8CC23F773D3FD6DEC0",
  "Validation.dll": "1AF1C1942B0EC098EA7F8355D03C6CAC"
}
