{
  "runtimes\\alpine-x64\\native\\libe_sqlite3.so": "39C244FEDBCD3DFC37041D4FCE1AE21D",
  "runtimes\\linux-arm\\native\\libe_sqlite3.so": "96CF54BC0EFB83D6E3F5F3E04997A59D",
  "runtimes\\linux-arm64\\native\\libe_sqlite3.so": "F079E55E7F3F9966A4A2052A3234E068",
  "runtimes\\linux-armel\\native\\libe_sqlite3.so": "C5A67D49434FC65D64E9C15778078C76",
  "runtimes\\linux-mips64\\native\\libe_sqlite3.so": "5F8461214089CFC677D46C19B7162161",
  "runtimes\\linux-musl-x64\\native\\libe_sqlite3.so": "39C244FEDBCD3DFC37041D4FCE1AE21D",
  "runtimes\\linux-x64\\native\\libe_sqlite3.so": "6F49C540D3AB9964D67A4A704C3D262D",
  "runtimes\\linux-x64\\native\\libglfw.so.3": "9E3137144F68B9E9793F4C7AD5B1BEA7",
  "runtimes\\linux-x64\\native\\libSDL2-2.0.so": "99B95A708381FC66AB2370E45A260527",
  "runtimes\\linux-x64\\native\\libstbi.so": "0945355ED59677D06E3E88F48101BB26",
  "runtimes\\linux-x86\\native\\libe_sqlite3.so": "5E0659B414CBD6DDC38C65582485853E",
  "runtimes\\osx-x64\\native\\libe_sqlite3.dylib": "F82AE134FCD1C080A69D775591406673",
  "runtimes\\osx-x64\\native\\libglfw.3.dylib": "1E30FAB2F0C40E82290AD4B0BF14A880",
  "runtimes\\osx-x64\\native\\libSDL2-2.0.dylib": "AAC958490586C67395F0A90903AE3747",
  "runtimes\\osx-x64\\native\\libstbi.dylib": "0B84B0A6A80178266018081C3CAB68E6",
  "runtimes\\win-arm\\native\\e_sqlite3.dll": "DB6B452BA51D89917B6A29E34BC784DE",
  "runtimes\\win-arm64\\native\\e_sqlite3.dll": "A7EA437BC9FAFD6C38A88EDF002B9566",
  "runtimes\\win-x64\\native\\cimgui.dll": "CFA32404C411EE5A28D9A7E22F546188",
  "runtimes\\win-x64\\native\\cimguizmo.dll": "3504F4AD4C7B2D1150A3011915F3B488",
  "runtimes\\win-x64\\native\\cimplot.dll": "1266971E0942F43B2AA7D6651A5295AF",
  "runtimes\\win-x64\\native\\e_sqlite3.dll": "5F43DC04DF647FB1A5C794EA5A368BF4",
  "runtimes\\win-x64\\native\\glfw3.dll": "940A9DEDE1A37598B5A443ED581150BC",
  "runtimes\\win-x64\\native\\minhook.x64d.dll": "75EDB498552DC050DCD7637E8FE0344C",
  "runtimes\\win-x64\\native\\SDL2.dll": "03597FB18B7D4048F301F7FE25C8C6F3",
  "runtimes\\win-x64\\native\\stbi.dll": "13E9E59FEAC63FB1541E15C5987F617C",
  "runtimes\\win-x64\\native\\stbi.lib": "927C214DE576219E1F80DBE7798A0502",
  "runtimes\\win-x86\\native\\e_sqlite3.dll": "58C0682B7575F427EB300C3122F06D05",
  "runtimes\\win-x86\\native\\glfw3.dll": "AC243DD6E169A80ED6FE9EF9BDBBFF9F",
  "runtimes\\win-x86\\native\\SDL2.dll": "ECD3743F5A1FF02CE6FB88DAB8CD3C96",
  "targets\\Dalamud.Plugin.Bootstrap.targets": "C85635161398CD9852CF7212DB7EB904",
  "targets\\Dalamud.Plugin.targets": "11001C983157350F50D99F1A827999B5",
  "CheapLoc.dll": "8E97EA2EF388645B3FB357922E893A73",
  "Costura.dll": "189EFB39E41776CD13308999C15B319C",
  "Dalamud.Boot.dll": "CA7238B58472916FD16050866BB48C95",
  "Dalamud.Common.dll": "AB7369876547522C92A29CAF32C01C9C",
  "Dalamud.deps.json": "35EDBF255C48F359DD97CB51583E357D",
  "Dalamud.dll": "EA9A7036B3799D88FB46087EA6A801B8",
  "Dalamud.Injector.deps.json": "C1FA0941DC8B38E415776C60C508AAB9",
  "Dalamud.Injector.dll": "EF2104389631F5AF3AFE6B5AF25F1572",
  "Dalamud.Injector.exe": "66405BED334607314709A905CC863502",
  "Dalamud.Injector.runtimeconfig.json": "B9BB65FFE7924D4D8BABE9FA66303200",
  "Dalamud.Injector.xml": "6CFC451561E67CE7788814C5B327D7EC",
  "Dalamud.runtimeconfig.json": "2A9CD915428BDD175E0889BD0C225F75",
  "Dalamud.xml": "8FDD8627616E6602FF486C6F176E2C5D",
  "DalamudCrashHandler.exe": "AF185342D2BA3D9CCF4CE058920FFEF0",
  "FASM-LICENSE.TXT": "ECEA1D10811221D5F0A3E96F9C38E2C7",
  "FASM.DLL": "8BA17A49CC4A4E007D068A1DB97C7944",
  "FASMX64.DLL": "94F163E5D51408454706DAB8223EE1D0",
  "FFXIVClientStructs.dll": "2C5E43126C4BDE2238F99F5695DB7D23",
  "FFXIVClientStructs.xml": "6ECC87C75E3DE92B1BBA81EA04C87478",
  "goaaats.Reloaded.Assembler.targets": "CC22CB0A353E2136EE9E6E96DB9F7164",
  "Iced.dll": "D4559E9B2FC67DD2C002ABDE2137461E",
  "ImGui.NET.dll": "3040F911ABBC1229BEFA97097620F6CC",
  "ImGuiScene.dll": "C85161405B69ADBCBCA3D9989914E4F1",
  "JetBrains.Annotations.dll": "89EDE1B51878D48A4B97B44F6344B20D",
  "licenses.txt": "A159BE62AA91178EFC3E3983AE874D1D",
  "Lumina.dll": "8632680E339AE183127DA0532F3B6579",
  "Lumina.Excel.dll": "91B903CC62250748DD692578FE747CA4",
  "Microsoft.Bcl.HashCode.dll": "613AB56061ADF2284E047025207467E0",
  "Microsoft.DotNet.PlatformAbstractions.dll": "00AB0F02B1114C57C758F5AD595224F1",
  "Microsoft.Extensions.DependencyModel.dll": "F39BC76C10CFEA478C936FC4521A9FC9",
  "MinSharp.dll": "6ABC9AD3305518679231223826730CDC",
  "Mono.Cecil.dll": "FF63169303CB132F7FBF43C365601608",
  "Mono.Cecil.Mdb.dll": "4AFC5101B576036A6E8332A7126066E0",
  "Mono.Cecil.Pdb.dll": "F59F19C2208E2D5FB26F61CEE139DCE7",
  "Mono.Cecil.Rocks.dll": "C138DC3231F3DF17CE70CA1B0561ED5C",
  "nethost.dll": "012081214FE71F0F6ADCD9F4A71B2B00",
  "Newtonsoft.Json.dll": "86A83A63F12B55FD3718CFBFB577D7DC",
  "PeNet.Asn1.dll": "839CC9B39EBF782B7BD4001029544F1F",
  "PeNet.dll": "77957004376329E82AD594C677571036",
  "PInvoke.AdvApi32.dll": "34EE461D05B403C3A15D0DEC32A3788C",
  "PInvoke.BCrypt.dll": "FD07758EE1440491F22923084109FF26",
  "PInvoke.Cabinet.dll": "333D950E3804735DA60CC41D614C63E2",
  "PInvoke.CfgMgr32.dll": "768BE7CC18EDCF78B296A72ABE891691",
  "PInvoke.Crypt32.dll": "E7B00B0851738F4A7F2C6D37DAA973B4",
  "PInvoke.DbgHelp.dll": "E701136169620D20E3A70B560DE20E44",
  "PInvoke.DwmApi.dll": "ACF223CC8962404056648815B486F7D9",
  "PInvoke.Gdi32.dll": "69FF434826F98582CE44D3136ECFFACB",
  "PInvoke.Hid.dll": "2E7A41257F8AD9B26073181F450CD8E5",
  "PInvoke.ImageHlp.dll": "79BE816E8D86EA66489D7780DD675D49",
  "PInvoke.IPHlpApi.dll": "E949FA3326D1BA8872B179AB4EE49D38",
  "PInvoke.Kernel32.dll": "234E15B122ED430DE99490CA1A204958",
  "PInvoke.Magnification.dll": "C9EA3D34F506741ECC044DB19C151F09",
  "PInvoke.Msi.dll": "69EE50CE2DA6B55755E52589F49A7EBC",
  "PInvoke.NCrypt.dll": "DA1DE76C14D99370CA3BEF19DC299B15",
  "PInvoke.NetApi32.dll": "AE79F9FA2E3864A5E0642AE4622ECDC5",
  "PInvoke.NewDev.dll": "B3E1992105D986EF9C5C8E4B630FBB07",
  "PInvoke.NTDll.dll": "3F6BDF840EB27DD0FD9EB8071822183A",
  "PInvoke.Ole32.dll": "3C49FB100B60519FFE725BCD12A538F6",
  "PInvoke.Psapi.dll": "A7683EE4B880227F01C8AE632A892B9E",
  "PInvoke.SetupApi.dll": "1B7AE321185D0081D1759A9AD829F9BA",
  "PInvoke.SHCore.dll": "F27E7F063D51480F6D2294C903E4A606",
  "PInvoke.Shell32.dll": "F71A1BCAF6478190691170DAEA77722F",
  "PInvoke.User32.dll": "8BEDE38311ED4F27127290B81B8079FD",
  "PInvoke.Userenv.dll": "FEB7BCA90B8C905EC2F4BB0789847131",
  "PInvoke.UxTheme.dll": "8E683C016250CB719FDB9AAAFC22B3C5",
  "PInvoke.Windows.Core.dll": "90015440A44935208FFEA9BF61740651",
  "PInvoke.Windows.ShellScalingApi.dll": "F351B34B8C9183A51CADFDC279357C49",
  "PInvoke.WinUsb.dll": "9EB8A0280F2848D1A32B560A939F7336",
  "PInvoke.WtsApi32.dll": "341C94455D2E5893DBE4293D4D67AA4D",
  "Reloaded.Assembler.dll": "FC8F0E8DA9A7D1DC07FD8306C43D4341",
  "Reloaded.Hooks.Definitions.dll": "3067805EC84618A39F5B6D05AA2EC675",
  "Reloaded.Hooks.dll": "778B99D1E8807E0E5648A5B1867A8047",
  "Reloaded.Memory.Buffers.dll": "A660586E75187D62E7BCD10673361CB7",
  "Reloaded.Memory.dll": "B708EDD8E0486DB520C2D607DB8E1C95",
  "revision.txt": "B4DF9F494056D51F86C7F1A89850C467",
  "SDL2-CS.config": "65557595FD5DF55D93B2BF881DE62C3A",
  "SDL2-CS.dll": "D56A155A1F842DB1B201EA48D88DB341",
  "Serilog.dll": "71D4A42964A8BE61B5212448A3C7272E",
  "Serilog.Sinks.Async.dll": "9C71049F7D44A718967893197C37F8C5",
  "Serilog.Sinks.Console.dll": "2F273B9E1C2A254443F6ACFE9D726AA9",
  "Serilog.Sinks.File.dll": "47D89DAED6CD31AFA6AE081AC01668C1",
  "SharpDX.Direct3D11.dll": "5A0460D842EC4257BEF5ABB878B58A34",
  "SharpDX.dll": "F99CECF7B61EFD0128116E52D78B8887",
  "SharpDX.DXGI.dll": "43BE34256CE40DE0644A7A1A01BF46AF",
  "SharpDX.Mathematics.dll": "6710B3F4D52EBE23F0C6C4564A162049",
  "Silk.NET.Core.dll": "F70F6EBE94F20D5BAEBD52ECB7CF36EE",
  "Silk.NET.GLFW.dll": "20EB3E1C34C8E18783D4375ECB563A23",
  "Silk.NET.Maths.dll": "CEB1C3E6B4821D9B7F1BA8B8CBA39DCB",
  "Silk.NET.OpenGL.dll": "F0D79A9267CFB9E9D5F85D9548D47DD9",
  "Silk.NET.SDL.dll": "C20FA4CC43B07011B3C17CF16DAE0B02",
  "Silk.NET.Windowing.Common.dll": "7506BB030C180915A3761C0B3CBFE94E",
  "Silk.NET.Windowing.Glfw.dll": "E73E15F5CE4F5ACC59F2340294F82AF6",
  "Silk.NET.Windowing.Sdl.dll": "5D1BE91ADD21C189FF3136728EB8474A",
  "SQLite-net.dll": "47F904F331AD2CAE7D6FEE67BB284C26",
  "SQLitePCLRaw.batteries_v2.dll": "586341D9BDB5764E057D34CE8E020EEE",
  "SQLitePCLRaw.core.dll": "349C3571D277C5486143E2E822710E3E",
  "SQLitePCLRaw.nativelibrary.dll": "82A9A965F912F4BE2007CAC9D702B6C6",
  "SQLitePCLRaw.provider.dynamic_cdecl.dll": "909D14A8BACAF2C4D9804FD490FEC49A",
  "StbiSharp.dll": "D077CCAAC740FEE13F76A85724787695",
  "System.Reactive.dll": "EF5A00287AD15393D41B12AA4B726FF7",
  "System.Reflection.MetadataLoadContext.dll": "7EC41D41F4E1246757BA3E2EC862D562",
  "System.Security.Cryptography.Pkcs.dll": "8950E01996A37E808BE3F39063C37BF9",
  "TEMP_gitver.txt": "F91559D09B28A1A74D39D773D4504105",
  "Validation.dll": "5BD3D900A67FD0BE62999D1BA6704ECF"
}
