{
  "runtimes\\alpine-x64\\native\\libe_sqlite3.so": "39C244FEDBCD3DFC37041D4FCE1AE21D",
  "runtimes\\linux-arm\\native\\libe_sqlite3.so": "96CF54BC0EFB83D6E3F5F3E04997A59D",
  "runtimes\\linux-arm64\\native\\libe_sqlite3.so": "F079E55E7F3F9966A4A2052A3234E068",
  "runtimes\\linux-armel\\native\\libe_sqlite3.so": "C5A67D49434FC65D64E9C15778078C76",
  "runtimes\\linux-mips64\\native\\libe_sqlite3.so": "5F8461214089CFC677D46C19B7162161",
  "runtimes\\linux-musl-x64\\native\\libe_sqlite3.so": "39C244FEDBCD3DFC37041D4FCE1AE21D",
  "runtimes\\linux-x64\\native\\libe_sqlite3.so": "6F49C540D3AB9964D67A4A704C3D262D",
  "runtimes\\linux-x64\\native\\libglfw.so.3": "9E3137144F68B9E9793F4C7AD5B1BEA7",
  "runtimes\\linux-x64\\native\\libSDL2-2.0.so": "99B95A708381FC66AB2370E45A260527",
  "runtimes\\linux-x64\\native\\libstbi.so": "0945355ED59677D06E3E88F48101BB26",
  "runtimes\\linux-x86\\native\\libe_sqlite3.so": "5E0659B414CBD6DDC38C65582485853E",
  "runtimes\\osx-x64\\native\\libe_sqlite3.dylib": "F82AE134FCD1C080A69D775591406673",
  "runtimes\\osx-x64\\native\\libglfw.3.dylib": "1E30FAB2F0C40E82290AD4B0BF14A880",
  "runtimes\\osx-x64\\native\\libSDL2-2.0.dylib": "AAC958490586C67395F0A90903AE3747",
  "runtimes\\osx-x64\\native\\libstbi.dylib": "0B84B0A6A80178266018081C3CAB68E6",
  "runtimes\\win-arm\\native\\e_sqlite3.dll": "165EA16F0E3B9FEB93A1AD7378CF5046",
  "runtimes\\win-arm64\\native\\e_sqlite3.dll": "8FB703987C45D2B27F2AC09BE2FB4CED",
  "runtimes\\win-x64\\native\\cimgui.dll": "9A7161B7B0449DB83D770D1EE003CC08",
  "runtimes\\win-x64\\native\\cimguizmo.dll": "1619E7E80900885057809D33432ED674",
  "runtimes\\win-x64\\native\\cimplot.dll": "BB4E391F8EA4ACA00D7BB50E5071872E",
  "runtimes\\win-x64\\native\\e_sqlite3.dll": "06DF8A17DF083E90C764FEF50A0D9334",
  "runtimes\\win-x64\\native\\glfw3.dll": "DCECF55F4C69564D5EF1DFDD095E1049",
  "runtimes\\win-x64\\native\\minhook.x64d.dll": "CD756F1ECA76C0522CB0E76D235D1292",
  "runtimes\\win-x64\\native\\SDL2.dll": "39E34F6B15E587043C68986B2D35B4FB",
  "runtimes\\win-x64\\native\\stbi.dll": "0344DA18F652118AD0E75F126A85DDE4",
  "runtimes\\win-x64\\native\\stbi.lib": "927C214DE576219E1F80DBE7798A0502",
  "runtimes\\win-x86\\native\\e_sqlite3.dll": "4FA018E30B1951685A3D8D5869BDAB0D",
  "runtimes\\win-x86\\native\\glfw3.dll": "DF61C35673F129C4374532C87F792373",
  "runtimes\\win-x86\\native\\SDL2.dll": "7DC4885327C65DFF946CB14251FC6009",
  "targets\\Dalamud.Plugin.Bootstrap.targets": "C85635161398CD9852CF7212DB7EB904",
  "targets\\Dalamud.Plugin.targets": "11001C983157350F50D99F1A827999B5",
  "CheapLoc.dll": "83F4050E55343B669EDB18023C10263E",
  "Costura.dll": "23278DB8BF70E19296715F26387BF8D6",
  "Dalamud.Boot.dll": "B1C7DE463D22664EBB3A899311CBA8DC",
  "Dalamud.Common.dll": "D528D814BF0C96B2558742C3FE31BE4B",
  "Dalamud.deps.json": "A45B7CA1210BD5203A20B3BBF6F01F40",
  "Dalamud.dll": "C3C6F38D28D38E9D04765353780510E1",
  "Dalamud.Injector.deps.json": "C1FA0941DC8B38E415776C60C508AAB9",
  "Dalamud.Injector.dll": "140B6154073D7670DBDB31FE170C82B3",
  "Dalamud.Injector.exe": "57A3082E96FF59F5324AC5798D7C98C3",
  "Dalamud.Injector.runtimeconfig.json": "B9BB65FFE7924D4D8BABE9FA66303200",
  "Dalamud.Injector.xml": "D41E5DF541D19A015215E777D7395C9C",
  "Dalamud.runtimeconfig.json": "2A9CD915428BDD175E0889BD0C225F75",
  "Dalamud.xml": "E7D8530195B6001E5C4FB43C8D736BC3",
  "DalamudCrashHandler.exe": "4573687AF0B498B5687F4B0826169C70",
  "FASM-LICENSE.TXT": "ECEA1D10811221D5F0A3E96F9C38E2C7",
  "FASM.DLL": "EA931849FC197E5C326761A280E9EE3D",
  "FASMX64.DLL": "C3740CEE0C7C9060CC97B56326937AA9",
  "FFXIVClientStructs.dll": "9576DCC7B2EA8647E74A560DAE367BB8",
  "FFXIVClientStructs.xml": "59685A5C8D14F9258CFB55AD6BC4CD47",
  "goaaats.Reloaded.Assembler.targets": "CC22CB0A353E2136EE9E6E96DB9F7164",
  "Iced.dll": "CCB82D0FA809B22B95429E987753B720",
  "ImGui.NET.dll": "A62BCDEB06F1BFFA461420125BDA6181",
  "ImGuiScene.dll": "122500899C70285D097508CFF6B618DA",
  "JetBrains.Annotations.dll": "D903FE695FA7CBBAD31300C875D0F2C5",
  "licenses.txt": "A159BE62AA91178EFC3E3983AE874D1D",
  "Lumina.dll": "44578801BB8E72C0F9C23A9EEFF467FE",
  "Lumina.Excel.dll": "A6EAEC9451C48CFF03C01C180776DD37",
  "Microsoft.Bcl.HashCode.dll": "613AB56061ADF2284E047025207467E0",
  "Microsoft.DotNet.PlatformAbstractions.dll": "00AB0F02B1114C57C758F5AD595224F1",
  "Microsoft.Extensions.DependencyModel.dll": "F39BC76C10CFEA478C936FC4521A9FC9",
  "Microsoft.Extensions.ObjectPool.dll": "4EEE3E64BE561711391BF998FFBF65D3",
  "MinSharp.dll": "F4593F6D4D44C9F6915059C8B7089AD2",
  "Mono.Cecil.dll": "62BA9393D2BBA757AD7F3733623214A3",
  "Mono.Cecil.Mdb.dll": "15841F7B42E23F5BF3081C7DD415AC67",
  "Mono.Cecil.Pdb.dll": "939E2DFDD2373E2D0DC868A70550B701",
  "Mono.Cecil.Rocks.dll": "73872FBC900753B065EC813EA97ACB68",
  "nethost.dll": "012081214FE71F0F6ADCD9F4A71B2B00",
  "Newtonsoft.Json.dll": "86A83A63F12B55FD3718CFBFB577D7DC",
  "PeNet.Asn1.dll": "F97E505AEA1549E168ABB2070E7AF81E",
  "PeNet.dll": "93A90917C23DA879EEF2CDFAB9B5A209",
  "PInvoke.AdvApi32.dll": "34EE461D05B403C3A15D0DEC32A3788C",
  "PInvoke.BCrypt.dll": "FD07758EE1440491F22923084109FF26",
  "PInvoke.Cabinet.dll": "333D950E3804735DA60CC41D614C63E2",
  "PInvoke.CfgMgr32.dll": "768BE7CC18EDCF78B296A72ABE891691",
  "PInvoke.Crypt32.dll": "E7B00B0851738F4A7F2C6D37DAA973B4",
  "PInvoke.DbgHelp.dll": "E701136169620D20E3A70B560DE20E44",
  "PInvoke.DwmApi.dll": "ACF223CC8962404056648815B486F7D9",
  "PInvoke.Gdi32.dll": "69FF434826F98582CE44D3136ECFFACB",
  "PInvoke.Hid.dll": "2E7A41257F8AD9B26073181F450CD8E5",
  "PInvoke.ImageHlp.dll": "79BE816E8D86EA66489D7780DD675D49",
  "PInvoke.IPHlpApi.dll": "E949FA3326D1BA8872B179AB4EE49D38",
  "PInvoke.Kernel32.dll": "234E15B122ED430DE99490CA1A204958",
  "PInvoke.Magnification.dll": "C9EA3D34F506741ECC044DB19C151F09",
  "PInvoke.Msi.dll": "69EE50CE2DA6B55755E52589F49A7EBC",
  "PInvoke.NCrypt.dll": "DA1DE76C14D99370CA3BEF19DC299B15",
  "PInvoke.NetApi32.dll": "AE79F9FA2E3864A5E0642AE4622ECDC5",
  "PInvoke.NewDev.dll": "B3E1992105D986EF9C5C8E4B630FBB07",
  "PInvoke.NTDll.dll": "3F6BDF840EB27DD0FD9EB8071822183A",
  "PInvoke.Ole32.dll": "3C49FB100B60519FFE725BCD12A538F6",
  "PInvoke.Psapi.dll": "A7683EE4B880227F01C8AE632A892B9E",
  "PInvoke.SetupApi.dll": "1B7AE321185D0081D1759A9AD829F9BA",
  "PInvoke.SHCore.dll": "F27E7F063D51480F6D2294C903E4A606",
  "PInvoke.Shell32.dll": "F71A1BCAF6478190691170DAEA77722F",
  "PInvoke.User32.dll": "8BEDE38311ED4F27127290B81B8079FD",
  "PInvoke.Userenv.dll": "FEB7BCA90B8C905EC2F4BB0789847131",
  "PInvoke.UxTheme.dll": "8E683C016250CB719FDB9AAAFC22B3C5",
  "PInvoke.Windows.Core.dll": "90015440A44935208FFEA9BF61740651",
  "PInvoke.Windows.ShellScalingApi.dll": "F351B34B8C9183A51CADFDC279357C49",
  "PInvoke.WinUsb.dll": "9EB8A0280F2848D1A32B560A939F7336",
  "PInvoke.WtsApi32.dll": "341C94455D2E5893DBE4293D4D67AA4D",
  "Reloaded.Assembler.dll": "78C4E010A303DE420A814EFA2D352D0E",
  "Reloaded.Hooks.Definitions.dll": "A5CC6CBD4AFE7A47ED01F85CE56C1981",
  "Reloaded.Hooks.dll": "9A1418A6997B50C9F2C86D8F818C7CB5",
  "Reloaded.Memory.Buffers.dll": "8E0D58F165DB28EF37CA08D681277D5A",
  "Reloaded.Memory.dll": "791727AF21ED9A06F5C5DA8BD79910C5",
  "revision.txt": "A9AD5F2808F68EEA468621A04C49EFE1",
  "SDL2-CS.config": "65557595FD5DF55D93B2BF881DE62C3A",
  "SDL2-CS.dll": "7A26BF2346AE1B48634DD2A86FAC68E3",
  "Serilog.dll": "40FE7AEDC9339457C1E37724F047CDC6",
  "Serilog.Sinks.Async.dll": "289292A539FC3A0DA46CC518FE5AC13F",
  "Serilog.Sinks.Console.dll": "2B3A54CE8FC4BC83AABACCFDFF28C748",
  "Serilog.Sinks.File.dll": "5D6EFCC267398F5225BB1E4B1EBA9AB0",
  "SharpDX.Direct3D11.dll": "28DEB5E6967D1ADABF99015F9770CDE0",
  "SharpDX.dll": "82A0FD86B4C58DF70208D684E1C5EC74",
  "SharpDX.DXGI.dll": "5F89E4D44606F2A975240B1EF491A1F4",
  "SharpDX.Mathematics.dll": "BCFAF308F0BB7893D6261A1317C9C513",
  "Silk.NET.Core.dll": "B9BA884722B60458CE13510FD8442A4C",
  "Silk.NET.GLFW.dll": "EDDD030C9A183105821FF1962CFE960F",
  "Silk.NET.Maths.dll": "D45390CBFCE470B8141DE09B376FCFD6",
  "Silk.NET.OpenGL.dll": "89EC53EF8F61E41A24CD4BE7D07CD7A7",
  "Silk.NET.SDL.dll": "DA111118997F707E53140488E4B5C7CA",
  "Silk.NET.Windowing.Common.dll": "E8648D08E8F041323BB2E714A5D3D409",
  "Silk.NET.Windowing.Glfw.dll": "34CC880F359963716227FF5B1A7F998F",
  "Silk.NET.Windowing.Sdl.dll": "818B3DE0A7CB33C3B25B065FBC4697DE",
  "SQLite-net.dll": "A80DA1A07F619DFB4298B51DFEA3BC52",
  "SQLitePCLRaw.batteries_v2.dll": "3C6551C08303F0A1ED66182895B25396",
  "SQLitePCLRaw.core.dll": "05ED6AC977018986E2C2B3472577CF23",
  "SQLitePCLRaw.nativelibrary.dll": "098E0B1114F5DCC439F512FD7F022B73",
  "SQLitePCLRaw.provider.dynamic_cdecl.dll": "8045C326800A12C553754F5D2ADBD215",
  "StbiSharp.dll": "86F0400405C3DFA053926CE6F9457BD7",
  "System.Reactive.dll": "EF5A00287AD15393D41B12AA4B726FF7",
  "System.Reflection.MetadataLoadContext.dll": "7EC41D41F4E1246757BA3E2EC862D562",
  "System.Security.Cryptography.Pkcs.dll": "8950E01996A37E808BE3F39063C37BF9",
  "TEMP_gitver.txt": "C0C0C702B80CB752DE26A803EADDBB29",
  "TerraFX.Interop.Windows.dll": "84F7EF6B0DE91F8CC23F773D3FD6DEC0",
  "Validation.dll": "DAB2A3BD1A5643F26AAADD4E061AB193"
}
