{
  "runtimes\\alpine-x64\\native\\libe_sqlite3.so": "39C244FEDBCD3DFC37041D4FCE1AE21D",
  "runtimes\\linux-arm\\native\\libe_sqlite3.so": "96CF54BC0EFB83D6E3F5F3E04997A59D",
  "runtimes\\linux-arm64\\native\\libe_sqlite3.so": "F079E55E7F3F9966A4A2052A3234E068",
  "runtimes\\linux-armel\\native\\libe_sqlite3.so": "C5A67D49434FC65D64E9C15778078C76",
  "runtimes\\linux-mips64\\native\\libe_sqlite3.so": "5F8461214089CFC677D46C19B7162161",
  "runtimes\\linux-musl-x64\\native\\libe_sqlite3.so": "39C244FEDBCD3DFC37041D4FCE1AE21D",
  "runtimes\\linux-x64\\native\\libe_sqlite3.so": "6F49C540D3AB9964D67A4A704C3D262D",
  "runtimes\\linux-x64\\native\\libglfw.so.3": "9E3137144F68B9E9793F4C7AD5B1BEA7",
  "runtimes\\linux-x64\\native\\libSDL2-2.0.so": "99B95A708381FC66AB2370E45A260527",
  "runtimes\\linux-x64\\native\\libstbi.so": "0945355ED59677D06E3E88F48101BB26",
  "runtimes\\linux-x86\\native\\libe_sqlite3.so": "5E0659B414CBD6DDC38C65582485853E",
  "runtimes\\osx-x64\\native\\libe_sqlite3.dylib": "F82AE134FCD1C080A69D775591406673",
  "runtimes\\osx-x64\\native\\libglfw.3.dylib": "1E30FAB2F0C40E82290AD4B0BF14A880",
  "runtimes\\osx-x64\\native\\libSDL2-2.0.dylib": "AAC958490586C67395F0A90903AE3747",
  "runtimes\\osx-x64\\native\\libstbi.dylib": "0B84B0A6A80178266018081C3CAB68E6",
  "runtimes\\win-arm\\native\\e_sqlite3.dll": "7D491705C72034A6FFCE2CB363C03871",
  "runtimes\\win-arm64\\native\\e_sqlite3.dll": "60545B094A462453A737A43A37428916",
  "runtimes\\win-x64\\native\\cimgui.dll": "47EC22707E264E879D3584CA082A39E3",
  "runtimes\\win-x64\\native\\cimguizmo.dll": "F9F9B277B623DFFE120110BF1CFDA84B",
  "runtimes\\win-x64\\native\\cimplot.dll": "1D395370E16A408C3EB6E2060074B2DC",
  "runtimes\\win-x64\\native\\e_sqlite3.dll": "AFF7C6513DA329C7573ACF21C977B03B",
  "runtimes\\win-x64\\native\\glfw3.dll": "21EF06B577CED2433D4FF2C21F34D779",
  "runtimes\\win-x64\\native\\minhook.x64d.dll": "724B6710E571D4DEE1F8C33BF35AE950",
  "runtimes\\win-x64\\native\\SDL2.dll": "59BD2F5B023A3B84758F22AA5C1457A4",
  "runtimes\\win-x64\\native\\stbi.dll": "3CE78C679CA6C70322680166CC230016",
  "runtimes\\win-x64\\native\\stbi.lib": "927C214DE576219E1F80DBE7798A0502",
  "runtimes\\win-x86\\native\\e_sqlite3.dll": "2A04527C7835E4B8D45CF9BB899A6DB0",
  "runtimes\\win-x86\\native\\glfw3.dll": "6CE1BE48FF9D9CFED6E291754240E0C0",
  "runtimes\\win-x86\\native\\SDL2.dll": "827F2F107B00317AC61FD60B941B38C5",
  "targets\\Dalamud.Plugin.Bootstrap.targets": "C85635161398CD9852CF7212DB7EB904",
  "targets\\Dalamud.Plugin.targets": "E2AA900DB1F6596D1C203D4112A10F5E",
  "CheapLoc.dll": "D52AB2C283FDD230A5C6889DD108E951",
  "Costura.dll": "227DA7B41D06BB2B924D16FFCF9569EB",
  "Dalamud.Boot.dll": "C695E71A6E3E228B0BD5E501DFCB54FF",
  "Dalamud.Common.dll": "45357705F5FFD7EDD1630267AE853CC6",
  "Dalamud.deps.json": "A45B7CA1210BD5203A20B3BBF6F01F40",
  "Dalamud.dll": "77A1846E414F603B10709B0FC5A96595",
  "Dalamud.Injector.deps.json": "C1FA0941DC8B38E415776C60C508AAB9",
  "Dalamud.Injector.dll": "C44DA3210CC97E27135A30AE1F0FCC67",
  "Dalamud.Injector.exe": "DEA8E90C48B5974D43F87128B4B3FCB3",
  "Dalamud.Injector.runtimeconfig.json": "B9BB65FFE7924D4D8BABE9FA66303200",
  "Dalamud.Injector.xml": "D41E5DF541D19A015215E777D7395C9C",
  "Dalamud.runtimeconfig.json": "2A9CD915428BDD175E0889BD0C225F75",
  "Dalamud.xml": "DBCEE811B994E174FFDDB66B5DDA122D",
  "DalamudCrashHandler.exe": "4AE729C9157EC33E0DD54C9F0335C314",
  "FASM-LICENSE.TXT": "ECEA1D10811221D5F0A3E96F9C38E2C7",
  "FASM.DLL": "953A8BDDC8BF8D7596AA58926879BC23",
  "FASMX64.DLL": "EB50A648B9AF7DBC57553E4B96D1FBF1",
  "FFXIVClientStructs.dll": "7BB92F65DFBCD4DC9F0DE6025C8068E1",
  "FFXIVClientStructs.xml": "59685A5C8D14F9258CFB55AD6BC4CD47",
  "goaaats.Reloaded.Assembler.targets": "CC22CB0A353E2136EE9E6E96DB9F7164",
  "Iced.dll": "16BFDBBD708916BB0E3DA7D1CFC80339",
  "ImGui.NET.dll": "43BBBBBFC44BC27C05C398610AE4BECA",
  "ImGuiScene.dll": "D3FAA3804DC1B5FA875E176B87F3828C",
  "JetBrains.Annotations.dll": "17499116F66003363B6E00678BBFE9A4",
  "licenses.txt": "A159BE62AA91178EFC3E3983AE874D1D",
  "Lumina.dll": "0F647901AB2D938D44F6228FEE205504",
  "Lumina.Excel.dll": "13F7C65EC9617BE9ED91CA4FE76E1439",
  "Microsoft.Bcl.HashCode.dll": "613AB56061ADF2284E047025207467E0",
  "Microsoft.DotNet.PlatformAbstractions.dll": "00AB0F02B1114C57C758F5AD595224F1",
  "Microsoft.Extensions.DependencyModel.dll": "F39BC76C10CFEA478C936FC4521A9FC9",
  "Microsoft.Extensions.ObjectPool.dll": "4EEE3E64BE561711391BF998FFBF65D3",
  "MinSharp.dll": "6669A33CA931BCD55211885C1D940AEA",
  "Mono.Cecil.dll": "AACE615584B2F8C052FB4D1920A93FC6",
  "Mono.Cecil.Mdb.dll": "6A736E402CD86DD85DFEE949402328AD",
  "Mono.Cecil.Pdb.dll": "8612DDB70D0B20C9F21CD2423EFA7776",
  "Mono.Cecil.Rocks.dll": "527990C028B253BDEBA0F143F3D5A8DA",
  "nethost.dll": "012081214FE71F0F6ADCD9F4A71B2B00",
  "Newtonsoft.Json.dll": "86A83A63F12B55FD3718CFBFB577D7DC",
  "PeNet.Asn1.dll": "5D5BD516B0B5ECA5F52848EC40DE4E54",
  "PeNet.dll": "51B5D51E59A1928FA9C5B8D9E2CB72BC",
  "PInvoke.AdvApi32.dll": "34EE461D05B403C3A15D0DEC32A3788C",
  "PInvoke.BCrypt.dll": "FD07758EE1440491F22923084109FF26",
  "PInvoke.Cabinet.dll": "333D950E3804735DA60CC41D614C63E2",
  "PInvoke.CfgMgr32.dll": "768BE7CC18EDCF78B296A72ABE891691",
  "PInvoke.Crypt32.dll": "E7B00B0851738F4A7F2C6D37DAA973B4",
  "PInvoke.DbgHelp.dll": "E701136169620D20E3A70B560DE20E44",
  "PInvoke.DwmApi.dll": "ACF223CC8962404056648815B486F7D9",
  "PInvoke.Gdi32.dll": "69FF434826F98582CE44D3136ECFFACB",
  "PInvoke.Hid.dll": "2E7A41257F8AD9B26073181F450CD8E5",
  "PInvoke.ImageHlp.dll": "79BE816E8D86EA66489D7780DD675D49",
  "PInvoke.IPHlpApi.dll": "E949FA3326D1BA8872B179AB4EE49D38",
  "PInvoke.Kernel32.dll": "234E15B122ED430DE99490CA1A204958",
  "PInvoke.Magnification.dll": "C9EA3D34F506741ECC044DB19C151F09",
  "PInvoke.Msi.dll": "69EE50CE2DA6B55755E52589F49A7EBC",
  "PInvoke.NCrypt.dll": "DA1DE76C14D99370CA3BEF19DC299B15",
  "PInvoke.NetApi32.dll": "AE79F9FA2E3864A5E0642AE4622ECDC5",
  "PInvoke.NewDev.dll": "B3E1992105D986EF9C5C8E4B630FBB07",
  "PInvoke.NTDll.dll": "3F6BDF840EB27DD0FD9EB8071822183A",
  "PInvoke.Ole32.dll": "3C49FB100B60519FFE725BCD12A538F6",
  "PInvoke.Psapi.dll": "A7683EE4B880227F01C8AE632A892B9E",
  "PInvoke.SetupApi.dll": "1B7AE321185D0081D1759A9AD829F9BA",
  "PInvoke.SHCore.dll": "F27E7F063D51480F6D2294C903E4A606",
  "PInvoke.Shell32.dll": "F71A1BCAF6478190691170DAEA77722F",
  "PInvoke.User32.dll": "8BEDE38311ED4F27127290B81B8079FD",
  "PInvoke.Userenv.dll": "FEB7BCA90B8C905EC2F4BB0789847131",
  "PInvoke.UxTheme.dll": "8E683C016250CB719FDB9AAAFC22B3C5",
  "PInvoke.Windows.Core.dll": "90015440A44935208FFEA9BF61740651",
  "PInvoke.Windows.ShellScalingApi.dll": "F351B34B8C9183A51CADFDC279357C49",
  "PInvoke.WinUsb.dll": "9EB8A0280F2848D1A32B560A939F7336",
  "PInvoke.WtsApi32.dll": "341C94455D2E5893DBE4293D4D67AA4D",
  "Reloaded.Assembler.dll": "895F19E99BC27FB4B06811C16F9BF443",
  "Reloaded.Hooks.Definitions.dll": "BCB89EAA6D8A4FE1475B952EA831BFBB",
  "Reloaded.Hooks.dll": "9C064EE8A5B16F6AD504F69BDBF59A7A",
  "Reloaded.Memory.Buffers.dll": "E0733440E750B824FA82DE62202B8514",
  "Reloaded.Memory.dll": "DCC02BFD03B24428CF63792C19FF71BC",
  "revision.txt": "5B0FA0E4C041548BB6289E15D865A696",
  "SDL2-CS.config": "65557595FD5DF55D93B2BF881DE62C3A",
  "SDL2-CS.dll": "7A2160EFB2911325B80A73415712043E",
  "Serilog.dll": "6EF3CC8CC95C61D1BE0EE33B8763E10A",
  "Serilog.Sinks.Async.dll": "C11EF47058AF89F591268333FAF7115B",
  "Serilog.Sinks.Console.dll": "B874B7FED7D692D15F470E5803ED395F",
  "Serilog.Sinks.File.dll": "B53DDB78297274C28B0DED1E04611B4B",
  "SharpDX.Direct3D11.dll": "14E455348EC3329D6D572F8F1B5FA9F5",
  "SharpDX.dll": "07DF4E554B93396DE32364056DF03FB2",
  "SharpDX.DXGI.dll": "C809329304DB0B70F25F74F698AF5EA8",
  "SharpDX.Mathematics.dll": "421CC0CDA5B798B5B8CC2863612461A3",
  "Silk.NET.Core.dll": "C31115BAAD9000793CF4F8F63383549F",
  "Silk.NET.GLFW.dll": "0B39DBE71CD98396F1E05E34B2CE9F46",
  "Silk.NET.Maths.dll": "82761ECC6A5BD1079966C7D3E0A34234",
  "Silk.NET.OpenGL.dll": "17CD5AFBE8AD8F91E5C3AB06698DCFB9",
  "Silk.NET.SDL.dll": "086740C6A23C7CE7C8F886DA0D195A9A",
  "Silk.NET.Windowing.Common.dll": "326CA3B97B65C3780549588D97DF473B",
  "Silk.NET.Windowing.Glfw.dll": "D32D4311207628E907D8002B3E5C6E5B",
  "Silk.NET.Windowing.Sdl.dll": "D1910C36229BD04044E0A700F99D614B",
  "SQLite-net.dll": "144BE521CA899D07F70B4770FE7222E9",
  "SQLitePCLRaw.batteries_v2.dll": "80D4F0E59613E91AD120D35609C5A5C9",
  "SQLitePCLRaw.core.dll": "66A11DE716D539BE9249B3A3AE51810E",
  "SQLitePCLRaw.nativelibrary.dll": "08285663527ACDC07850621BA4AEFD41",
  "SQLitePCLRaw.provider.dynamic_cdecl.dll": "5C92823326B940D70006CAD313AA1C35",
  "StbiSharp.dll": "D282401646ED81F86368D93EFF2A7F74",
  "System.Reactive.dll": "EF5A00287AD15393D41B12AA4B726FF7",
  "System.Reflection.MetadataLoadContext.dll": "7EC41D41F4E1246757BA3E2EC862D562",
  "System.Security.Cryptography.Pkcs.dll": "8950E01996A37E808BE3F39063C37BF9",
  "TEMP_gitver.txt": "B168635971F16C97AA919DFF0BDBEE00",
  "TerraFX.Interop.Windows.dll": "84F7EF6B0DE91F8CC23F773D3FD6DEC0",
  "Validation.dll": "5318984EF3B3BB4CD8D2291E1446FDD8"
}
