{
  "runtimes\\alpine-x64\\native\\libe_sqlite3.so": "39C244FEDBCD3DFC37041D4FCE1AE21D",
  "runtimes\\linux-arm\\native\\libe_sqlite3.so": "96CF54BC0EFB83D6E3F5F3E04997A59D",
  "runtimes\\linux-arm64\\native\\libe_sqlite3.so": "F079E55E7F3F9966A4A2052A3234E068",
  "runtimes\\linux-armel\\native\\libe_sqlite3.so": "C5A67D49434FC65D64E9C15778078C76",
  "runtimes\\linux-mips64\\native\\libe_sqlite3.so": "5F8461214089CFC677D46C19B7162161",
  "runtimes\\linux-musl-x64\\native\\libe_sqlite3.so": "39C244FEDBCD3DFC37041D4FCE1AE21D",
  "runtimes\\linux-x64\\native\\libe_sqlite3.so": "6F49C540D3AB9964D67A4A704C3D262D",
  "runtimes\\linux-x64\\native\\libglfw.so.3": "9E3137144F68B9E9793F4C7AD5B1BEA7",
  "runtimes\\linux-x64\\native\\libSDL2-2.0.so": "99B95A708381FC66AB2370E45A260527",
  "runtimes\\linux-x64\\native\\libstbi.so": "0945355ED59677D06E3E88F48101BB26",
  "runtimes\\linux-x86\\native\\libe_sqlite3.so": "5E0659B414CBD6DDC38C65582485853E",
  "runtimes\\osx-x64\\native\\libe_sqlite3.dylib": "F82AE134FCD1C080A69D775591406673",
  "runtimes\\osx-x64\\native\\libglfw.3.dylib": "1E30FAB2F0C40E82290AD4B0BF14A880",
  "runtimes\\osx-x64\\native\\libSDL2-2.0.dylib": "AAC958490586C67395F0A90903AE3747",
  "runtimes\\osx-x64\\native\\libstbi.dylib": "0B84B0A6A80178266018081C3CAB68E6",
  "runtimes\\win-arm\\native\\e_sqlite3.dll": "7311AD409A7B7DC88241A1678075CA6C",
  "runtimes\\win-arm64\\native\\e_sqlite3.dll": "54F938BA7E48F203881FF822F2DFBE53",
  "runtimes\\win-x64\\native\\cimgui.dll": "FA788FFF93F4D8C22698191832CA47C2",
  "runtimes\\win-x64\\native\\cimguizmo.dll": "271722F2196404052D42A40A0892BC9F",
  "runtimes\\win-x64\\native\\cimplot.dll": "5C34433BC72A26E78D028E7E67B171A1",
  "runtimes\\win-x64\\native\\e_sqlite3.dll": "CEDEDF9BF8956815D559C04F1388D438",
  "runtimes\\win-x64\\native\\glfw3.dll": "2FFEF3E8C0727B58426DE761919A7394",
  "runtimes\\win-x64\\native\\minhook.x64d.dll": "4A333BE6F407DB2E3B2A0FB5274AB368",
  "runtimes\\win-x64\\native\\SDL2.dll": "77FE0186FC27902B133BAC953D51A028",
  "runtimes\\win-x64\\native\\stbi.dll": "CBB0E50E8A3DE2A6F61149C85E230B71",
  "runtimes\\win-x64\\native\\stbi.lib": "927C214DE576219E1F80DBE7798A0502",
  "runtimes\\win-x86\\native\\e_sqlite3.dll": "403B0E312FD662A6125D0BF48905543B",
  "runtimes\\win-x86\\native\\glfw3.dll": "7C9C1741C2D0278969CA2206A3C469B4",
  "runtimes\\win-x86\\native\\SDL2.dll": "3C44BB6AA52763A7474CBA7BC54FCC42",
  "targets\\Dalamud.Plugin.Bootstrap.targets": "C85635161398CD9852CF7212DB7EB904",
  "targets\\Dalamud.Plugin.targets": "E2AA900DB1F6596D1C203D4112A10F5E",
  "CheapLoc.dll": "E7D667DF2FAF22B6DB2D6120F533C301",
  "Costura.dll": "8C8604902F09C5A1A54A2C5A21A3CE6A",
  "Dalamud.Boot.dll": "92916B829A934DB92F54505CAF272619",
  "Dalamud.Common.dll": "8D1441C407EA2BA37251B0F76C876818",
  "Dalamud.deps.json": "A45B7CA1210BD5203A20B3BBF6F01F40",
  "Dalamud.dll": "7D407FB9F7F3CD0B016415A5B4EC3EFE",
  "Dalamud.Injector.deps.json": "C1FA0941DC8B38E415776C60C508AAB9",
  "Dalamud.Injector.dll": "867BDE4D82E82AE92652F10253CF026E",
  "Dalamud.Injector.exe": "CCBA4286DB81C4C6CD0381117933F38F",
  "Dalamud.Injector.runtimeconfig.json": "B9BB65FFE7924D4D8BABE9FA66303200",
  "Dalamud.Injector.xml": "D41E5DF541D19A015215E777D7395C9C",
  "Dalamud.runtimeconfig.json": "2A9CD915428BDD175E0889BD0C225F75",
  "Dalamud.xml": "555F2F276FB8ADAF43ECF9936DFCFA8D",
  "DalamudCrashHandler.exe": "46FDCCB57353F915852A9A0A748C0C58",
  "FASM-LICENSE.TXT": "ECEA1D10811221D5F0A3E96F9C38E2C7",
  "FASM.DLL": "EFEF15A681CF8DB637EBB5759997F3A9",
  "FASMX64.DLL": "CE4DFBDEAF8E14FB7DB25079765447A1",
  "FFXIVClientStructs.dll": "7392AE495D60DCC59D012978E8BAA876",
  "FFXIVClientStructs.xml": "39D682805E3B23E9193A8220A5DF19AE",
  "goaaats.Reloaded.Assembler.targets": "CC22CB0A353E2136EE9E6E96DB9F7164",
  "Iced.dll": "087402694EDAD1ECFF4B839137A17B0A",
  "ImGui.NET.dll": "BA5215E84D310F8DAE6FAAF0FD6BA0EB",
  "ImGuiScene.dll": "AF69637C903172794FF1A1B5982170B3",
  "JetBrains.Annotations.dll": "CE312ABAD29DB6BFF19306DC98E34789",
  "licenses.txt": "A159BE62AA91178EFC3E3983AE874D1D",
  "Lumina.dll": "F2ED7C3C0612071F5E5D611F94DE2EB9",
  "Lumina.Excel.dll": "566D2A8CFFEBC1C092A751A1043A1FD7",
  "Microsoft.Bcl.HashCode.dll": "613AB56061ADF2284E047025207467E0",
  "Microsoft.DotNet.PlatformAbstractions.dll": "00AB0F02B1114C57C758F5AD595224F1",
  "Microsoft.Extensions.DependencyModel.dll": "F39BC76C10CFEA478C936FC4521A9FC9",
  "Microsoft.Extensions.ObjectPool.dll": "4EEE3E64BE561711391BF998FFBF65D3",
  "MinSharp.dll": "F18A13E4E9DE9E2B336A12242DB1C26C",
  "Mono.Cecil.dll": "17EC7B664FE31DF592EF8597E62B33F1",
  "Mono.Cecil.Mdb.dll": "62AD67B401BAC771B9404D35188CE319",
  "Mono.Cecil.Pdb.dll": "5B937C6138AF7BABB08069F72B301AAB",
  "Mono.Cecil.Rocks.dll": "3259082CFC7B3937D21BD6F370052E09",
  "nethost.dll": "012081214FE71F0F6ADCD9F4A71B2B00",
  "Newtonsoft.Json.dll": "86A83A63F12B55FD3718CFBFB577D7DC",
  "PeNet.Asn1.dll": "C4FB396F3D96C8859CAA3589159F8DEA",
  "PeNet.dll": "77B0B0D18F7C8841DCA7A644D758A050",
  "PInvoke.AdvApi32.dll": "34EE461D05B403C3A15D0DEC32A3788C",
  "PInvoke.BCrypt.dll": "FD07758EE1440491F22923084109FF26",
  "PInvoke.Cabinet.dll": "333D950E3804735DA60CC41D614C63E2",
  "PInvoke.CfgMgr32.dll": "768BE7CC18EDCF78B296A72ABE891691",
  "PInvoke.Crypt32.dll": "E7B00B0851738F4A7F2C6D37DAA973B4",
  "PInvoke.DbgHelp.dll": "E701136169620D20E3A70B560DE20E44",
  "PInvoke.DwmApi.dll": "ACF223CC8962404056648815B486F7D9",
  "PInvoke.Gdi32.dll": "69FF434826F98582CE44D3136ECFFACB",
  "PInvoke.Hid.dll": "2E7A41257F8AD9B26073181F450CD8E5",
  "PInvoke.ImageHlp.dll": "79BE816E8D86EA66489D7780DD675D49",
  "PInvoke.IPHlpApi.dll": "E949FA3326D1BA8872B179AB4EE49D38",
  "PInvoke.Kernel32.dll": "234E15B122ED430DE99490CA1A204958",
  "PInvoke.Magnification.dll": "C9EA3D34F506741ECC044DB19C151F09",
  "PInvoke.Msi.dll": "69EE50CE2DA6B55755E52589F49A7EBC",
  "PInvoke.NCrypt.dll": "DA1DE76C14D99370CA3BEF19DC299B15",
  "PInvoke.NetApi32.dll": "AE79F9FA2E3864A5E0642AE4622ECDC5",
  "PInvoke.NewDev.dll": "B3E1992105D986EF9C5C8E4B630FBB07",
  "PInvoke.NTDll.dll": "3F6BDF840EB27DD0FD9EB8071822183A",
  "PInvoke.Ole32.dll": "3C49FB100B60519FFE725BCD12A538F6",
  "PInvoke.Psapi.dll": "A7683EE4B880227F01C8AE632A892B9E",
  "PInvoke.SetupApi.dll": "1B7AE321185D0081D1759A9AD829F9BA",
  "PInvoke.SHCore.dll": "F27E7F063D51480F6D2294C903E4A606",
  "PInvoke.Shell32.dll": "F71A1BCAF6478190691170DAEA77722F",
  "PInvoke.User32.dll": "8BEDE38311ED4F27127290B81B8079FD",
  "PInvoke.Userenv.dll": "FEB7BCA90B8C905EC2F4BB0789847131",
  "PInvoke.UxTheme.dll": "8E683C016250CB719FDB9AAAFC22B3C5",
  "PInvoke.Windows.Core.dll": "90015440A44935208FFEA9BF61740651",
  "PInvoke.Windows.ShellScalingApi.dll": "F351B34B8C9183A51CADFDC279357C49",
  "PInvoke.WinUsb.dll": "9EB8A0280F2848D1A32B560A939F7336",
  "PInvoke.WtsApi32.dll": "341C94455D2E5893DBE4293D4D67AA4D",
  "Reloaded.Assembler.dll": "F975D54A57714A52CEFFBFF8B1A682BA",
  "Reloaded.Hooks.Definitions.dll": "9659D8747DB4D2E5D759C029CF2CE0FB",
  "Reloaded.Hooks.dll": "A97F0F3D6D69E091738E4857A89F0EEA",
  "Reloaded.Memory.Buffers.dll": "F2F63F4C141F5F14FAC479256C2C39D8",
  "Reloaded.Memory.dll": "A9B43BEFF3A3A1025453F8206AEE3ED7",
  "revision.txt": "DAB10C50DC668CD8560DF444FF3A4227",
  "SDL2-CS.config": "65557595FD5DF55D93B2BF881DE62C3A",
  "SDL2-CS.dll": "20E94F7B0AD0C027CC113915B1B5D9B4",
  "Serilog.dll": "A2F9F4A702B7D111B505EE61E8813627",
  "Serilog.Sinks.Async.dll": "D146691729604521D387D1435633AF0B",
  "Serilog.Sinks.Console.dll": "CDE2986464339F1FF112137EBE4196B8",
  "Serilog.Sinks.File.dll": "7297CDAB740E6465C27FF87AA72899EF",
  "SharpDX.Direct3D11.dll": "D70290C0268AE048F55E4A0D8E02E35B",
  "SharpDX.dll": "D0E676ED24A34CD89CEA6756A6F79512",
  "SharpDX.DXGI.dll": "3378F10FC910C98AE3B474B802A8351F",
  "SharpDX.Mathematics.dll": "76F62C0A22B9235C7B89A51430F4599B",
  "Silk.NET.Core.dll": "5DC9EC42E410E38400495A1C5E8A8494",
  "Silk.NET.GLFW.dll": "237A53CD3827E8DD823FDC4D329D4984",
  "Silk.NET.Maths.dll": "3F22B8BF86E5F269B284B17A3592B24F",
  "Silk.NET.OpenGL.dll": "B3B72208749220BD918C321FE3DF576A",
  "Silk.NET.SDL.dll": "9C2DB7B87113E7CD58662258DC534A05",
  "Silk.NET.Windowing.Common.dll": "B1939F3E0D7FBB2DE7D661186FA8367D",
  "Silk.NET.Windowing.Glfw.dll": "6A7D43BE0EC05BA51607760A805927A5",
  "Silk.NET.Windowing.Sdl.dll": "FC40A5EB88D8C10C79B9AEF1CDED1A61",
  "SQLite-net.dll": "67A38EA98CCBFFE005A3B88F8EA8F4ED",
  "SQLitePCLRaw.batteries_v2.dll": "3A0B896577D6DB887A0591B447D596B8",
  "SQLitePCLRaw.core.dll": "0B845C0D7E208D658C7CE540F8B26472",
  "SQLitePCLRaw.nativelibrary.dll": "7CB5C14626347DB2A8B3281CB9124C14",
  "SQLitePCLRaw.provider.dynamic_cdecl.dll": "A63FA5A263CBD7E636390D9CED8B5431",
  "StbiSharp.dll": "5307BC63E3A2A1B22B1226ADB1E4CB3F",
  "System.Reactive.dll": "EF5A00287AD15393D41B12AA4B726FF7",
  "System.Reflection.MetadataLoadContext.dll": "7EC41D41F4E1246757BA3E2EC862D562",
  "System.Security.Cryptography.Pkcs.dll": "8950E01996A37E808BE3F39063C37BF9",
  "TEMP_gitver.txt": "FF9DDC109E4B52418750A2DDB5A5E7BA",
  "TerraFX.Interop.Windows.dll": "84F7EF6B0DE91F8CC23F773D3FD6DEC0",
  "Validation.dll": "73388001AFC1920C5EB0C881C092682E"
}
