{
  "runtimes\\alpine-x64\\native\\libe_sqlite3.so": "39C244FEDBCD3DFC37041D4FCE1AE21D",
  "runtimes\\linux-arm\\native\\libe_sqlite3.so": "96CF54BC0EFB83D6E3F5F3E04997A59D",
  "runtimes\\linux-arm64\\native\\libe_sqlite3.so": "F079E55E7F3F9966A4A2052A3234E068",
  "runtimes\\linux-armel\\native\\libe_sqlite3.so": "C5A67D49434FC65D64E9C15778078C76",
  "runtimes\\linux-mips64\\native\\libe_sqlite3.so": "5F8461214089CFC677D46C19B7162161",
  "runtimes\\linux-musl-x64\\native\\libe_sqlite3.so": "39C244FEDBCD3DFC37041D4FCE1AE21D",
  "runtimes\\linux-x64\\native\\libe_sqlite3.so": "6F49C540D3AB9964D67A4A704C3D262D",
  "runtimes\\linux-x64\\native\\libglfw.so.3": "9E3137144F68B9E9793F4C7AD5B1BEA7",
  "runtimes\\linux-x64\\native\\libSDL2-2.0.so": "99B95A708381FC66AB2370E45A260527",
  "runtimes\\linux-x64\\native\\libstbi.so": "0945355ED59677D06E3E88F48101BB26",
  "runtimes\\linux-x86\\native\\libe_sqlite3.so": "5E0659B414CBD6DDC38C65582485853E",
  "runtimes\\osx-x64\\native\\libe_sqlite3.dylib": "F82AE134FCD1C080A69D775591406673",
  "runtimes\\osx-x64\\native\\libglfw.3.dylib": "1E30FAB2F0C40E82290AD4B0BF14A880",
  "runtimes\\osx-x64\\native\\libSDL2-2.0.dylib": "AAC958490586C67395F0A90903AE3747",
  "runtimes\\osx-x64\\native\\libstbi.dylib": "0B84B0A6A80178266018081C3CAB68E6",
  "runtimes\\win-arm\\native\\e_sqlite3.dll": "727DECCF468335F7630A6ADAA1C15EF9",
  "runtimes\\win-arm64\\native\\e_sqlite3.dll": "DA0F669B12AEC991E7292AA9359193D8",
  "runtimes\\win-x64\\native\\cimgui.dll": "A68E48E7613D81DAF6B4EBA3CAFF2F0F",
  "runtimes\\win-x64\\native\\cimguizmo.dll": "6AFF5C30E6AD138167D6FC506A18898B",
  "runtimes\\win-x64\\native\\cimplot.dll": "13303014FBE8E49B87D943C4EF2FB4DC",
  "runtimes\\win-x64\\native\\e_sqlite3.dll": "2516ED627019DFAA278B38D97C7B368B",
  "runtimes\\win-x64\\native\\glfw3.dll": "BDA28CEBBA6A99950119F165FC41A4D8",
  "runtimes\\win-x64\\native\\minhook.x64d.dll": "CE4823430A6926C9669BBE386F559E32",
  "runtimes\\win-x64\\native\\SDL2.dll": "88692BEAADCE8B22125F68C677CDCC40",
  "runtimes\\win-x64\\native\\stbi.dll": "E60AB750148174DF772C84D6B1F17AB4",
  "runtimes\\win-x64\\native\\stbi.lib": "927C214DE576219E1F80DBE7798A0502",
  "runtimes\\win-x86\\native\\e_sqlite3.dll": "A091563C305CAF8986F2821C3435073D",
  "runtimes\\win-x86\\native\\glfw3.dll": "18DE94C36FFD74E3041F1F78193376D7",
  "runtimes\\win-x86\\native\\SDL2.dll": "364739F6D22780502C54E30277A23E5B",
  "targets\\Dalamud.Plugin.Bootstrap.targets": "C85635161398CD9852CF7212DB7EB904",
  "targets\\Dalamud.Plugin.targets": "11001C983157350F50D99F1A827999B5",
  "CheapLoc.dll": "39FC9F8CBF10B4E956CC9B82E32DCE92",
  "Costura.dll": "02C4C9F5D2E3C6AD8FBC19D87B9EFA3D",
  "Dalamud.Boot.dll": "3FD046B7BBE6089B9B0370786720A11C",
  "Dalamud.Common.dll": "DA533E5D46FC00556226DCBA8756FF93",
  "Dalamud.deps.json": "24392B1F1DED7B841403963F9F68A902",
  "Dalamud.dll": "EC59BA37228705ED4228014809E1D728",
  "Dalamud.Injector.deps.json": "C1FA0941DC8B38E415776C60C508AAB9",
  "Dalamud.Injector.dll": "E318464A39C63B03955E0FC3266D0935",
  "Dalamud.Injector.exe": "C50791C79CDACEAE527CE15525469586",
  "Dalamud.Injector.runtimeconfig.json": "B9BB65FFE7924D4D8BABE9FA66303200",
  "Dalamud.Injector.xml": "6CFC451561E67CE7788814C5B327D7EC",
  "Dalamud.runtimeconfig.json": "2A9CD915428BDD175E0889BD0C225F75",
  "Dalamud.xml": "271DC0511CEC104E4496746260E9729E",
  "DalamudCrashHandler.exe": "7BE9CFC38D931AC85324637CAB74DF05",
  "FASM-LICENSE.TXT": "ECEA1D10811221D5F0A3E96F9C38E2C7",
  "FASM.DLL": "323147564E91F5AB45F773CE2E50ADC7",
  "FASMX64.DLL": "B3598A8CCE9CFA0BF75AF2181443AA5D",
  "FFXIVClientStructs.dll": "9964461AB4DA8374AE0A4B1EB20DE79B",
  "FFXIVClientStructs.xml": "152FEDA81773B270AC030522A26C1F00",
  "goaaats.Reloaded.Assembler.targets": "CC22CB0A353E2136EE9E6E96DB9F7164",
  "Iced.dll": "4788F49D91258CCCAB880AAFA8A93C54",
  "ImGui.NET.dll": "6F82472D1F5AD53F6B61E936C1B4FBC3",
  "ImGuiScene.dll": "8580A33EE01E87AAFDCE736D7DD49862",
  "JetBrains.Annotations.dll": "6649D714C2D65DFDE89B01BBAC3F4268",
  "licenses.txt": "A159BE62AA91178EFC3E3983AE874D1D",
  "Lumina.dll": "6E64A370EFEA8548DAFAEF79CBCA3B25",
  "Lumina.Excel.dll": "1C2BA4A3FA7BB24725479917B44F6F52",
  "Microsoft.Bcl.HashCode.dll": "613AB56061ADF2284E047025207467E0",
  "Microsoft.DotNet.PlatformAbstractions.dll": "00AB0F02B1114C57C758F5AD595224F1",
  "Microsoft.Extensions.DependencyModel.dll": "F39BC76C10CFEA478C936FC4521A9FC9",
  "Microsoft.Extensions.ObjectPool.dll": "4EEE3E64BE561711391BF998FFBF65D3",
  "MinSharp.dll": "7AC1BD4FA710E29D33905115688B154A",
  "Mono.Cecil.dll": "5C8201C72FB1C4A91A454C3ACFEF533E",
  "Mono.Cecil.Mdb.dll": "87C586C9DD665EAC32A1B1D8EA26EF7D",
  "Mono.Cecil.Pdb.dll": "AAEAF575EA8A671EA68195D9405FACBD",
  "Mono.Cecil.Rocks.dll": "20EFDFE09CAC96D80392678695D255BD",
  "nethost.dll": "012081214FE71F0F6ADCD9F4A71B2B00",
  "Newtonsoft.Json.dll": "86A83A63F12B55FD3718CFBFB577D7DC",
  "PeNet.Asn1.dll": "755847E24945A0769C6F9533617E35CF",
  "PeNet.dll": "F9E607EC819903728DAFB6E8DA0F576F",
  "PInvoke.AdvApi32.dll": "34EE461D05B403C3A15D0DEC32A3788C",
  "PInvoke.BCrypt.dll": "FD07758EE1440491F22923084109FF26",
  "PInvoke.Cabinet.dll": "333D950E3804735DA60CC41D614C63E2",
  "PInvoke.CfgMgr32.dll": "768BE7CC18EDCF78B296A72ABE891691",
  "PInvoke.Crypt32.dll": "E7B00B0851738F4A7F2C6D37DAA973B4",
  "PInvoke.DbgHelp.dll": "E701136169620D20E3A70B560DE20E44",
  "PInvoke.DwmApi.dll": "ACF223CC8962404056648815B486F7D9",
  "PInvoke.Gdi32.dll": "69FF434826F98582CE44D3136ECFFACB",
  "PInvoke.Hid.dll": "2E7A41257F8AD9B26073181F450CD8E5",
  "PInvoke.ImageHlp.dll": "79BE816E8D86EA66489D7780DD675D49",
  "PInvoke.IPHlpApi.dll": "E949FA3326D1BA8872B179AB4EE49D38",
  "PInvoke.Kernel32.dll": "234E15B122ED430DE99490CA1A204958",
  "PInvoke.Magnification.dll": "C9EA3D34F506741ECC044DB19C151F09",
  "PInvoke.Msi.dll": "69EE50CE2DA6B55755E52589F49A7EBC",
  "PInvoke.NCrypt.dll": "DA1DE76C14D99370CA3BEF19DC299B15",
  "PInvoke.NetApi32.dll": "AE79F9FA2E3864A5E0642AE4622ECDC5",
  "PInvoke.NewDev.dll": "B3E1992105D986EF9C5C8E4B630FBB07",
  "PInvoke.NTDll.dll": "3F6BDF840EB27DD0FD9EB8071822183A",
  "PInvoke.Ole32.dll": "3C49FB100B60519FFE725BCD12A538F6",
  "PInvoke.Psapi.dll": "A7683EE4B880227F01C8AE632A892B9E",
  "PInvoke.SetupApi.dll": "1B7AE321185D0081D1759A9AD829F9BA",
  "PInvoke.SHCore.dll": "F27E7F063D51480F6D2294C903E4A606",
  "PInvoke.Shell32.dll": "F71A1BCAF6478190691170DAEA77722F",
  "PInvoke.User32.dll": "8BEDE38311ED4F27127290B81B8079FD",
  "PInvoke.Userenv.dll": "FEB7BCA90B8C905EC2F4BB0789847131",
  "PInvoke.UxTheme.dll": "8E683C016250CB719FDB9AAAFC22B3C5",
  "PInvoke.Windows.Core.dll": "90015440A44935208FFEA9BF61740651",
  "PInvoke.Windows.ShellScalingApi.dll": "F351B34B8C9183A51CADFDC279357C49",
  "PInvoke.WinUsb.dll": "9EB8A0280F2848D1A32B560A939F7336",
  "PInvoke.WtsApi32.dll": "341C94455D2E5893DBE4293D4D67AA4D",
  "Reloaded.Assembler.dll": "51CD9A6888DC9AFBE06EB59EA8731A1F",
  "Reloaded.Hooks.Definitions.dll": "526C9464AD9A25D35ACF6FFC07FA05A2",
  "Reloaded.Hooks.dll": "F0D68226C0BADF14E65DFB816DFFC85C",
  "Reloaded.Memory.Buffers.dll": "035BA940B7AEA76653674A308FFBC7E5",
  "Reloaded.Memory.dll": "EA3B0D3DBE094C901EC35273EC80FFCE",
  "revision.txt": "54843973F9B6670141731BBB71A02946",
  "SDL2-CS.config": "65557595FD5DF55D93B2BF881DE62C3A",
  "SDL2-CS.dll": "3F7FF60C63E3466CFEF11462B05DD730",
  "Serilog.dll": "630EA72A8C80146DF74080F7F0DB9848",
  "Serilog.Sinks.Async.dll": "1861FB2F8F4B0E23F2A56971BC9EBDE2",
  "Serilog.Sinks.Console.dll": "4585F788EB2A7449DF9988CAE54E0389",
  "Serilog.Sinks.File.dll": "2D9C44833EF7618E8AA20C638C7A3A4B",
  "SharpDX.Direct3D11.dll": "3CCF7679ADDA64F916D7027B362A5C97",
  "SharpDX.dll": "A578F2ED5E91AF940B82530910BDCB41",
  "SharpDX.DXGI.dll": "E651CFC6A85035520AAC676B22F51405",
  "SharpDX.Mathematics.dll": "58E6987393EDA20FD7974F9D1F5D43CA",
  "Silk.NET.Core.dll": "84BA665F2DE62103ECE638FF7E831DF5",
  "Silk.NET.GLFW.dll": "9A05AF841F635ED7F91AB11A7BDE0666",
  "Silk.NET.Maths.dll": "8C61A82B3A0BBCEB950F38A68E102626",
  "Silk.NET.OpenGL.dll": "A9C6033E33A9A67238E3B6D31EEE27E7",
  "Silk.NET.SDL.dll": "0DA2AD430CCBCAD47EF5750E4FC2D944",
  "Silk.NET.Windowing.Common.dll": "39B889791A15A42A939827F926A33C22",
  "Silk.NET.Windowing.Glfw.dll": "FCC7FB80B46BE1851C2815FA8E512812",
  "Silk.NET.Windowing.Sdl.dll": "02CFBC3A21EBE0C1EE857CBBE9FC563D",
  "SQLite-net.dll": "CF16E5C712272AD60AD86B0448545025",
  "SQLitePCLRaw.batteries_v2.dll": "F51EFD120C2A074520D895CE878D6B45",
  "SQLitePCLRaw.core.dll": "442CF90814D22E833A37BB880F79F577",
  "SQLitePCLRaw.nativelibrary.dll": "5EB6DF475612B8B6A7B8DD694EC6CE42",
  "SQLitePCLRaw.provider.dynamic_cdecl.dll": "9BE4B45681D19248714A221C0EA198C7",
  "StbiSharp.dll": "F968F72F74B460C879805623CC9451E8",
  "System.Reactive.dll": "EF5A00287AD15393D41B12AA4B726FF7",
  "System.Reflection.MetadataLoadContext.dll": "7EC41D41F4E1246757BA3E2EC862D562",
  "System.Security.Cryptography.Pkcs.dll": "8950E01996A37E808BE3F39063C37BF9",
  "TEMP_gitver.txt": "92B06A22F1ED2D5FB9A28A214381FC31",
  "TerraFX.Interop.Windows.dll": "84F7EF6B0DE91F8CC23F773D3FD6DEC0",
  "Validation.dll": "170AD647EFB9B29B0E27D9E57ACC7DC1"
}
