{
  "runtimes\\alpine-x64\\native\\libe_sqlite3.so": "39C244FEDBCD3DFC37041D4FCE1AE21D",
  "runtimes\\linux-arm\\native\\libe_sqlite3.so": "96CF54BC0EFB83D6E3F5F3E04997A59D",
  "runtimes\\linux-arm64\\native\\libe_sqlite3.so": "F079E55E7F3F9966A4A2052A3234E068",
  "runtimes\\linux-armel\\native\\libe_sqlite3.so": "C5A67D49434FC65D64E9C15778078C76",
  "runtimes\\linux-mips64\\native\\libe_sqlite3.so": "5F8461214089CFC677D46C19B7162161",
  "runtimes\\linux-musl-x64\\native\\libe_sqlite3.so": "39C244FEDBCD3DFC37041D4FCE1AE21D",
  "runtimes\\linux-x64\\native\\libe_sqlite3.so": "6F49C540D3AB9964D67A4A704C3D262D",
  "runtimes\\linux-x64\\native\\libglfw.so.3": "9E3137144F68B9E9793F4C7AD5B1BEA7",
  "runtimes\\linux-x64\\native\\libSDL2-2.0.so": "99B95A708381FC66AB2370E45A260527",
  "runtimes\\linux-x64\\native\\libstbi.so": "0945355ED59677D06E3E88F48101BB26",
  "runtimes\\linux-x86\\native\\libe_sqlite3.so": "5E0659B414CBD6DDC38C65582485853E",
  "runtimes\\osx-x64\\native\\libe_sqlite3.dylib": "F82AE134FCD1C080A69D775591406673",
  "runtimes\\osx-x64\\native\\libglfw.3.dylib": "1E30FAB2F0C40E82290AD4B0BF14A880",
  "runtimes\\osx-x64\\native\\libSDL2-2.0.dylib": "AAC958490586C67395F0A90903AE3747",
  "runtimes\\osx-x64\\native\\libstbi.dylib": "0B84B0A6A80178266018081C3CAB68E6",
  "runtimes\\win-arm\\native\\e_sqlite3.dll": "F7E4FF1462475D3251534031D280F883",
  "runtimes\\win-arm64\\native\\e_sqlite3.dll": "E48832D7EE3C64382F1256EF99242E0E",
  "runtimes\\win-x64\\native\\cimgui.dll": "7AE2CC682F39D36AD3C8D12B9DF41188",
  "runtimes\\win-x64\\native\\cimguizmo.dll": "BDE3E125955618B37B9AD5D0AD8984D1",
  "runtimes\\win-x64\\native\\cimplot.dll": "AE85CED0D2F64CC47FF4BA0367B7BD81",
  "runtimes\\win-x64\\native\\e_sqlite3.dll": "04AD6BC0AC37BF0AC8E10544D8AE3FA2",
  "runtimes\\win-x64\\native\\glfw3.dll": "146CF12DB4071FD899B6A025D10CD3A7",
  "runtimes\\win-x64\\native\\minhook.x64d.dll": "EABD489EF43BAADCA0A2AEA18DC6A9BD",
  "runtimes\\win-x64\\native\\SDL2.dll": "25C8A702154C55343825E35BE105E7EF",
  "runtimes\\win-x64\\native\\stbi.dll": "422F27F2611CDFA2D0962C1316E007D3",
  "runtimes\\win-x64\\native\\stbi.lib": "927C214DE576219E1F80DBE7798A0502",
  "runtimes\\win-x86\\native\\e_sqlite3.dll": "58F3312690FA61C1612321291AAEE100",
  "runtimes\\win-x86\\native\\glfw3.dll": "9E5E5BE0CBF124BE41E769B772033425",
  "runtimes\\win-x86\\native\\SDL2.dll": "6320683C14837B9F91087A1B40C76E1C",
  "targets\\Dalamud.Plugin.Bootstrap.targets": "C85635161398CD9852CF7212DB7EB904",
  "targets\\Dalamud.Plugin.targets": "11001C983157350F50D99F1A827999B5",
  "CheapLoc.dll": "1FE794EF26D0770EBB52FDD359C90664",
  "Costura.dll": "C6B3B699A80D708047D3BEB08CF39C10",
  "Dalamud.Boot.dll": "46FFC4950FC431F5A04D624ACD9DADD1",
  "Dalamud.Common.dll": "8DF94B7DE6E26919051D103678275CF1",
  "Dalamud.deps.json": "167C2000B25EDE1114F865FAE2321C73",
  "Dalamud.dll": "605F8898198F8D62AE476B7CA8F5A803",
  "Dalamud.Injector.deps.json": "4E53ABE9A5D3E4592DA63EBF98DAAD86",
  "Dalamud.Injector.dll": "5256EF5291E3C26724EBB82ACD466416",
  "Dalamud.Injector.exe": "8D3445805FFF3A11F82C4FDA62C9326D",
  "Dalamud.Injector.runtimeconfig.json": "AAAFA957BB3B382321D67ACC2D792553",
  "Dalamud.Injector.xml": "6CFC451561E67CE7788814C5B327D7EC",
  "Dalamud.runtimeconfig.json": "454E2BA21742B08CF0A9827950A92B0F",
  "Dalamud.xml": "AD3BAC5D2A542A40184FFE7F4E2B8375",
  "DalamudCrashHandler.exe": "493EE5C121A1892B008CB6301085A209",
  "FASM-LICENSE.TXT": "ECEA1D10811221D5F0A3E96F9C38E2C7",
  "FASM.DLL": "39ED3DF8BCEB426E68E0BE7DC9A4753A",
  "FASMX64.DLL": "AA87CB1AD62C178ACFF69606DD27F531",
  "FFXIVClientStructs.dll": "EFEAB8AF82523CC36DCC80B847B8F922",
  "FFXIVClientStructs.xml": "6ECC87C75E3DE92B1BBA81EA04C87478",
  "goaaats.Reloaded.Assembler.targets": "CC22CB0A353E2136EE9E6E96DB9F7164",
  "Iced.dll": "FDCA42DCCECF560392C4EAF1F8C415C2",
  "ImGui.NET.dll": "E8CA49CDFDD177CA00F0494185EC913D",
  "ImGuiScene.dll": "8FEB5D0DC9C01CFB59C7C528D277FAE7",
  "JetBrains.Annotations.dll": "AA08F1EE2C161FFFAC88AE5B4E3917AA",
  "licenses.txt": "A159BE62AA91178EFC3E3983AE874D1D",
  "Lumina.dll": "303DFA047DB68F604CAEB8C9538CC472",
  "Lumina.Excel.dll": "0E29DDC0A8B68A81E6611BECECAF8679",
  "Microsoft.Bcl.HashCode.dll": "613AB56061ADF2284E047025207467E0",
  "Microsoft.DotNet.PlatformAbstractions.dll": "00AB0F02B1114C57C758F5AD595224F1",
  "Microsoft.Extensions.DependencyModel.dll": "F39BC76C10CFEA478C936FC4521A9FC9",
  "MinSharp.dll": "75ED17CD14D1A7940519990B4776D25A",
  "Mono.Cecil.dll": "2A535A52D0DF5BF6581723BF11280471",
  "Mono.Cecil.Mdb.dll": "C916ECD503DAD5BF7434D0430817F897",
  "Mono.Cecil.Pdb.dll": "F93A8BDCA1D2961CD1F3247E255680CC",
  "Mono.Cecil.Rocks.dll": "D612E04118406D61D5155F12C5554A75",
  "MonoMod.Backports.dll": "96CE7175CD4EB972FE1AC67836A0DD88",
  "MonoMod.Core.dll": "4F938177368A0BF8935B06C84834BEBC",
  "MonoMod.Iced.dll": "493021AAE0F01A2A4D1FBDB364FA3C0B",
  "MonoMod.ILHelpers.dll": "7A637F0F2E7512618B1B7813D9BEC6D5",
  "MonoMod.RuntimeDetour.dll": "8B448433A529A81A3481CA2F9EAD0EF2",
  "MonoMod.Utils.dll": "E6F517B7DC0E3FA22AFB74E8D99F62E1",
  "nethost.dll": "012081214FE71F0F6ADCD9F4A71B2B00",
  "Newtonsoft.Json.dll": "86A83A63F12B55FD3718CFBFB577D7DC",
  "PeNet.Asn1.dll": "B985446E8AC73B082165328CCEDDAC12",
  "PeNet.dll": "3E6BBC6F6EF89B7AA7B575C85312660C",
  "PInvoke.AdvApi32.dll": "34EE461D05B403C3A15D0DEC32A3788C",
  "PInvoke.BCrypt.dll": "FD07758EE1440491F22923084109FF26",
  "PInvoke.Cabinet.dll": "333D950E3804735DA60CC41D614C63E2",
  "PInvoke.CfgMgr32.dll": "768BE7CC18EDCF78B296A72ABE891691",
  "PInvoke.Crypt32.dll": "E7B00B0851738F4A7F2C6D37DAA973B4",
  "PInvoke.DbgHelp.dll": "E701136169620D20E3A70B560DE20E44",
  "PInvoke.DwmApi.dll": "ACF223CC8962404056648815B486F7D9",
  "PInvoke.Gdi32.dll": "69FF434826F98582CE44D3136ECFFACB",
  "PInvoke.Hid.dll": "2E7A41257F8AD9B26073181F450CD8E5",
  "PInvoke.ImageHlp.dll": "79BE816E8D86EA66489D7780DD675D49",
  "PInvoke.IPHlpApi.dll": "E949FA3326D1BA8872B179AB4EE49D38",
  "PInvoke.Kernel32.dll": "234E15B122ED430DE99490CA1A204958",
  "PInvoke.Magnification.dll": "C9EA3D34F506741ECC044DB19C151F09",
  "PInvoke.Msi.dll": "69EE50CE2DA6B55755E52589F49A7EBC",
  "PInvoke.NCrypt.dll": "DA1DE76C14D99370CA3BEF19DC299B15",
  "PInvoke.NetApi32.dll": "AE79F9FA2E3864A5E0642AE4622ECDC5",
  "PInvoke.NewDev.dll": "B3E1992105D986EF9C5C8E4B630FBB07",
  "PInvoke.NTDll.dll": "3F6BDF840EB27DD0FD9EB8071822183A",
  "PInvoke.Ole32.dll": "3C49FB100B60519FFE725BCD12A538F6",
  "PInvoke.Psapi.dll": "A7683EE4B880227F01C8AE632A892B9E",
  "PInvoke.SetupApi.dll": "1B7AE321185D0081D1759A9AD829F9BA",
  "PInvoke.SHCore.dll": "F27E7F063D51480F6D2294C903E4A606",
  "PInvoke.Shell32.dll": "F71A1BCAF6478190691170DAEA77722F",
  "PInvoke.User32.dll": "8BEDE38311ED4F27127290B81B8079FD",
  "PInvoke.Userenv.dll": "FEB7BCA90B8C905EC2F4BB0789847131",
  "PInvoke.UxTheme.dll": "8E683C016250CB719FDB9AAAFC22B3C5",
  "PInvoke.Windows.Core.dll": "90015440A44935208FFEA9BF61740651",
  "PInvoke.Windows.ShellScalingApi.dll": "F351B34B8C9183A51CADFDC279357C49",
  "PInvoke.WinUsb.dll": "9EB8A0280F2848D1A32B560A939F7336",
  "PInvoke.WtsApi32.dll": "341C94455D2E5893DBE4293D4D67AA4D",
  "Reloaded.Assembler.dll": "424619D160093A31709447B8B0A12C8A",
  "Reloaded.Hooks.Definitions.dll": "C7194C3B87DB9B92F15CB111B8846DDF",
  "Reloaded.Hooks.dll": "BF68F84473E9BCA1844CDFDFF7068438",
  "Reloaded.Memory.Buffers.dll": "3C0B749A1CAAD30E5BFEB484A301DA61",
  "Reloaded.Memory.dll": "37E97C7AA9DEC4DAAA1D9B4E812CCAAC",
  "revision.txt": "AA36C88C27650AF3B9868B723AE15DFC",
  "SDL2-CS.config": "65557595FD5DF55D93B2BF881DE62C3A",
  "SDL2-CS.dll": "E22F7F341B39947E83E360C9E009C3BC",
  "Serilog.dll": "0A7D42748A4B3D6049011F3CB8BE5A67",
  "Serilog.Sinks.Async.dll": "7DD7BE8EA99B3468A83821E16A84A528",
  "Serilog.Sinks.Console.dll": "7606021788F5C2DCF8AB02AA53AD7318",
  "Serilog.Sinks.File.dll": "80D872BDD11232A985E921FD9F855444",
  "SharpDX.Direct3D11.dll": "B61B48053A81ABF7A1848E3EB37CBBDE",
  "SharpDX.dll": "EAD138E859CC1F7AF60BC69AEE20C5B4",
  "SharpDX.DXGI.dll": "102135D5BFD700009B44F5388EE7724A",
  "SharpDX.Mathematics.dll": "26EF79378ED54F10983C5B260F5140B6",
  "Silk.NET.Core.dll": "F2B314FE931E0DD5157009775D1A384A",
  "Silk.NET.GLFW.dll": "5929904154826727420A2A54125CB62F",
  "Silk.NET.Maths.dll": "62B2F011A298978D143FA07C19C400A1",
  "Silk.NET.OpenGL.dll": "EB903662E24A280A467AEF84689232D4",
  "Silk.NET.SDL.dll": "AE4CE7580F6FE946F6A64EAC5D91749D",
  "Silk.NET.Windowing.Common.dll": "772FC5531E9EECFCE4B8A501B63C21F6",
  "Silk.NET.Windowing.Glfw.dll": "DB03B79868FD03AE1AF31FBFCA4A0DF7",
  "Silk.NET.Windowing.Sdl.dll": "F6E22ACFD97F2CDEBC84412B785511CD",
  "SQLite-net.dll": "2F9792B01AA9FBDAEA0C354016C8B177",
  "SQLitePCLRaw.batteries_v2.dll": "77740046F2ABD1335B2EF3CBA502D370",
  "SQLitePCLRaw.core.dll": "30ECC2E8AF8E87DEEADA41F8ED52FFAB",
  "SQLitePCLRaw.nativelibrary.dll": "014F0D8D5069BB5A165DC4A7D0B22DB5",
  "SQLitePCLRaw.provider.dynamic_cdecl.dll": "81D5DF1624BE9CB601DE6C562BB283A3",
  "StbiSharp.dll": "31BB6D32B66D37F7EE50EB2673600E10",
  "System.Reactive.dll": "EF5A00287AD15393D41B12AA4B726FF7",
  "System.Reflection.MetadataLoadContext.dll": "7EC41D41F4E1246757BA3E2EC862D562",
  "System.Security.Cryptography.Pkcs.dll": "8950E01996A37E808BE3F39063C37BF9",
  "TEMP_gitver.txt": "81FB625C7AF2D022E38892EA69C81065",
  "Validation.dll": "45E5EDA8B11DDF8F9066A0AD32C8A5AF"
}
