{
  "runtimes\\alpine-x64\\native\\libe_sqlite3.so": "39C244FEDBCD3DFC37041D4FCE1AE21D",
  "runtimes\\linux-arm\\native\\libe_sqlite3.so": "96CF54BC0EFB83D6E3F5F3E04997A59D",
  "runtimes\\linux-arm64\\native\\libe_sqlite3.so": "F079E55E7F3F9966A4A2052A3234E068",
  "runtimes\\linux-armel\\native\\libe_sqlite3.so": "C5A67D49434FC65D64E9C15778078C76",
  "runtimes\\linux-mips64\\native\\libe_sqlite3.so": "5F8461214089CFC677D46C19B7162161",
  "runtimes\\linux-musl-x64\\native\\libe_sqlite3.so": "39C244FEDBCD3DFC37041D4FCE1AE21D",
  "runtimes\\linux-x64\\native\\libe_sqlite3.so": "6F49C540D3AB9964D67A4A704C3D262D",
  "runtimes\\linux-x64\\native\\libglfw.so.3": "9E3137144F68B9E9793F4C7AD5B1BEA7",
  "runtimes\\linux-x64\\native\\libSDL2-2.0.so": "99B95A708381FC66AB2370E45A260527",
  "runtimes\\linux-x64\\native\\libstbi.so": "0945355ED59677D06E3E88F48101BB26",
  "runtimes\\linux-x86\\native\\libe_sqlite3.so": "5E0659B414CBD6DDC38C65582485853E",
  "runtimes\\osx-x64\\native\\libe_sqlite3.dylib": "F82AE134FCD1C080A69D775591406673",
  "runtimes\\osx-x64\\native\\libglfw.3.dylib": "1E30FAB2F0C40E82290AD4B0BF14A880",
  "runtimes\\osx-x64\\native\\libSDL2-2.0.dylib": "AAC958490586C67395F0A90903AE3747",
  "runtimes\\osx-x64\\native\\libstbi.dylib": "0B84B0A6A80178266018081C3CAB68E6",
  "runtimes\\win-arm\\native\\e_sqlite3.dll": "A2F2C62F6E1FF87492B5F7F1F53BB6B8",
  "runtimes\\win-arm64\\native\\e_sqlite3.dll": "C61630C3F85133DEFC3A91FD26B6A1CB",
  "runtimes\\win-x64\\native\\cimgui.dll": "503B9192FEA42925AF663D77C2A58BCA",
  "runtimes\\win-x64\\native\\cimguizmo.dll": "90232CAAD796117047EB462659CC08DD",
  "runtimes\\win-x64\\native\\cimplot.dll": "380C4C74602932A00B926A946B0A5715",
  "runtimes\\win-x64\\native\\e_sqlite3.dll": "5802E2B1B3E241AB3185C5CBBC40FA63",
  "runtimes\\win-x64\\native\\glfw3.dll": "2EAA2E6641D5D083BDA353608F9969FF",
  "runtimes\\win-x64\\native\\minhook.x64d.dll": "F2268C6309607295086B9CB81660A4E4",
  "runtimes\\win-x64\\native\\SDL2.dll": "D7D5EEB6E952F388038EA3B374192008",
  "runtimes\\win-x64\\native\\stbi.dll": "2D34FD5C0E857CE0BA19B9EE91CFEBB5",
  "runtimes\\win-x64\\native\\stbi.lib": "927C214DE576219E1F80DBE7798A0502",
  "runtimes\\win-x86\\native\\e_sqlite3.dll": "F2B561A0B604B200C505B9F95AAD3CE9",
  "runtimes\\win-x86\\native\\glfw3.dll": "3DDCF4D327432A84356EB4FDA352F293",
  "runtimes\\win-x86\\native\\SDL2.dll": "C3C0CE8E5A4C672B706CC29C211BB921",
  "targets\\Dalamud.Plugin.Bootstrap.targets": "C85635161398CD9852CF7212DB7EB904",
  "targets\\Dalamud.Plugin.targets": "11001C983157350F50D99F1A827999B5",
  "CheapLoc.dll": "C518682B838C047F59D3D36585BFDC42",
  "Costura.dll": "2997F99B30C9627B46B8715A6A4CB963",
  "Dalamud.Boot.dll": "5C3F4649FC18A2B7BFB4A2A7C614555B",
  "Dalamud.Common.dll": "C1A5AC046610AA4FCC31EB3C96A0C92E",
  "Dalamud.deps.json": "CBAE62E116D49030FCC7C50975EE1D27",
  "Dalamud.dll": "D74BB0B4E82BF204AA1C0BC30D486825",
  "Dalamud.Injector.deps.json": "C1FA0941DC8B38E415776C60C508AAB9",
  "Dalamud.Injector.dll": "EE6EB78A61319B47D340C7DF8898E24F",
  "Dalamud.Injector.exe": "1794D3040ECB557A35DB66519556A790",
  "Dalamud.Injector.runtimeconfig.json": "B9BB65FFE7924D4D8BABE9FA66303200",
  "Dalamud.Injector.xml": "6CFC451561E67CE7788814C5B327D7EC",
  "Dalamud.runtimeconfig.json": "2A9CD915428BDD175E0889BD0C225F75",
  "Dalamud.xml": "11692FECAB47050B89B969264AB735C4",
  "DalamudCrashHandler.exe": "49A31AB2EEC7AA33F7DE2013F11FFC72",
  "FASM-LICENSE.TXT": "ECEA1D10811221D5F0A3E96F9C38E2C7",
  "FASM.DLL": "CDA66B8AE2BDB6A04B544F1212FDA679",
  "FASMX64.DLL": "59336F1F1146AC1C0EF44E05D0B3911D",
  "FFXIVClientStructs.dll": "ECCFC1231E471595DB891DE2C13E7487",
  "FFXIVClientStructs.xml": "982CA42C496670171A8A5A744FFD9321",
  "goaaats.Reloaded.Assembler.targets": "CC22CB0A353E2136EE9E6E96DB9F7164",
  "Iced.dll": "D4ECE752F1049316AE1E74D83EC274A2",
  "ImGui.NET.dll": "572BE02C1DF0E8E0D3DC30EC17DE2B2A",
  "ImGuiScene.dll": "CA868D4C6ADD5FF61D2F88CA7CA2DFDC",
  "JetBrains.Annotations.dll": "F1229F9374AF458A0FBAF1666A25C477",
  "licenses.txt": "A159BE62AA91178EFC3E3983AE874D1D",
  "Lumina.dll": "4ADD9F13E2F83D1785B76E03F9A7FC45",
  "Lumina.Excel.dll": "B1991D7FFCB5DFAEE2ED4A3EA1E20BFD",
  "Microsoft.Bcl.HashCode.dll": "613AB56061ADF2284E047025207467E0",
  "Microsoft.DotNet.PlatformAbstractions.dll": "00AB0F02B1114C57C758F5AD595224F1",
  "Microsoft.Extensions.DependencyModel.dll": "F39BC76C10CFEA478C936FC4521A9FC9",
  "MinSharp.dll": "A69AFE275DD3E335D4E7D1A635E58658",
  "Mono.Cecil.dll": "C54F37B7F74D0BDEDB70721338BC42FE",
  "Mono.Cecil.Mdb.dll": "F5DC9E1600B1E0283803A68F7DAA8F78",
  "Mono.Cecil.Pdb.dll": "1683C0E451BF9F81F889472E986248CD",
  "Mono.Cecil.Rocks.dll": "72E8486790B74DF647AD1E3D2AB9BC51",
  "nethost.dll": "012081214FE71F0F6ADCD9F4A71B2B00",
  "Newtonsoft.Json.dll": "86A83A63F12B55FD3718CFBFB577D7DC",
  "PeNet.Asn1.dll": "BC260CAD050BC7F0A0B97032B30C3C5A",
  "PeNet.dll": "68118E3A8EB0A2F7F830FB26AED1E2B4",
  "PInvoke.AdvApi32.dll": "34EE461D05B403C3A15D0DEC32A3788C",
  "PInvoke.BCrypt.dll": "FD07758EE1440491F22923084109FF26",
  "PInvoke.Cabinet.dll": "333D950E3804735DA60CC41D614C63E2",
  "PInvoke.CfgMgr32.dll": "768BE7CC18EDCF78B296A72ABE891691",
  "PInvoke.Crypt32.dll": "E7B00B0851738F4A7F2C6D37DAA973B4",
  "PInvoke.DbgHelp.dll": "E701136169620D20E3A70B560DE20E44",
  "PInvoke.DwmApi.dll": "ACF223CC8962404056648815B486F7D9",
  "PInvoke.Gdi32.dll": "69FF434826F98582CE44D3136ECFFACB",
  "PInvoke.Hid.dll": "2E7A41257F8AD9B26073181F450CD8E5",
  "PInvoke.ImageHlp.dll": "79BE816E8D86EA66489D7780DD675D49",
  "PInvoke.IPHlpApi.dll": "E949FA3326D1BA8872B179AB4EE49D38",
  "PInvoke.Kernel32.dll": "234E15B122ED430DE99490CA1A204958",
  "PInvoke.Magnification.dll": "C9EA3D34F506741ECC044DB19C151F09",
  "PInvoke.Msi.dll": "69EE50CE2DA6B55755E52589F49A7EBC",
  "PInvoke.NCrypt.dll": "DA1DE76C14D99370CA3BEF19DC299B15",
  "PInvoke.NetApi32.dll": "AE79F9FA2E3864A5E0642AE4622ECDC5",
  "PInvoke.NewDev.dll": "B3E1992105D986EF9C5C8E4B630FBB07",
  "PInvoke.NTDll.dll": "3F6BDF840EB27DD0FD9EB8071822183A",
  "PInvoke.Ole32.dll": "3C49FB100B60519FFE725BCD12A538F6",
  "PInvoke.Psapi.dll": "A7683EE4B880227F01C8AE632A892B9E",
  "PInvoke.SetupApi.dll": "1B7AE321185D0081D1759A9AD829F9BA",
  "PInvoke.SHCore.dll": "F27E7F063D51480F6D2294C903E4A606",
  "PInvoke.Shell32.dll": "F71A1BCAF6478190691170DAEA77722F",
  "PInvoke.User32.dll": "8BEDE38311ED4F27127290B81B8079FD",
  "PInvoke.Userenv.dll": "FEB7BCA90B8C905EC2F4BB0789847131",
  "PInvoke.UxTheme.dll": "8E683C016250CB719FDB9AAAFC22B3C5",
  "PInvoke.Windows.Core.dll": "90015440A44935208FFEA9BF61740651",
  "PInvoke.Windows.ShellScalingApi.dll": "F351B34B8C9183A51CADFDC279357C49",
  "PInvoke.WinUsb.dll": "9EB8A0280F2848D1A32B560A939F7336",
  "PInvoke.WtsApi32.dll": "341C94455D2E5893DBE4293D4D67AA4D",
  "Reloaded.Assembler.dll": "3E2785E0BDED57AC3B7DE2A749C74A06",
  "Reloaded.Hooks.Definitions.dll": "E57B8AB2B16F8671E2F881758F654EEE",
  "Reloaded.Hooks.dll": "2CD2B865663651BDB3BD8A8147155132",
  "Reloaded.Memory.Buffers.dll": "31AC41FFEA301A5BF6E578D0B0A5E53E",
  "Reloaded.Memory.dll": "D3F1808023DF37CB07F6FDDB90AEBB62",
  "revision.txt": "D84210A75448034BCC4947005695C306",
  "SDL2-CS.config": "65557595FD5DF55D93B2BF881DE62C3A",
  "SDL2-CS.dll": "6B185B4867C1F4960D95659EF22658AB",
  "Serilog.dll": "A38378DB4F7B063B2DE0522D67AB099F",
  "Serilog.Sinks.Async.dll": "119B585B3EBAF8CF4980C4B1778EEFA1",
  "Serilog.Sinks.Console.dll": "B0D4AB4F89298597637EFAE62D9CB43B",
  "Serilog.Sinks.File.dll": "A78BA503ED5557BEAFF1B08B4B2646EC",
  "SharpDX.Direct3D11.dll": "B5C22B28AE5004B7F81C013C1BB73782",
  "SharpDX.dll": "1725E8B30A026ACD22D6C702FB1BDE92",
  "SharpDX.DXGI.dll": "FE9A8606708802B964CC421A2B48A9EC",
  "SharpDX.Mathematics.dll": "84B8A83DB8D1481170F47343D5760881",
  "Silk.NET.Core.dll": "31B69CC6A1FE66B38982D8948C816111",
  "Silk.NET.GLFW.dll": "6FD00BA462979B6EE06A2FDAADA02467",
  "Silk.NET.Maths.dll": "C97CB97AC9117C8CB0B5DC6F0F637E95",
  "Silk.NET.OpenGL.dll": "13F7B4F172758E47C0474AA8E1D4DBA3",
  "Silk.NET.SDL.dll": "05F25BA1AAE3371FB484A1119CAF1A07",
  "Silk.NET.Windowing.Common.dll": "F2FEC8BC4638CE508E3F1DB9C4CA5A74",
  "Silk.NET.Windowing.Glfw.dll": "D43DFC1833472F826283F0D97839FFFD",
  "Silk.NET.Windowing.Sdl.dll": "B0BFD42F1E591434342683A10292F789",
  "SQLite-net.dll": "CD5B3BB5B5E18C1148886A78AEF93827",
  "SQLitePCLRaw.batteries_v2.dll": "1487DC4D6A6522D4AE10BD27AC32709F",
  "SQLitePCLRaw.core.dll": "811E2B5242EEA3D9206201B0DF2D9FFE",
  "SQLitePCLRaw.nativelibrary.dll": "EFB9399AEC0ECBB3E5441720401C629E",
  "SQLitePCLRaw.provider.dynamic_cdecl.dll": "FF18E738CD703F871398FFE71180ABE1",
  "StbiSharp.dll": "ED71ECB189AAD176404B24702D98452E",
  "System.Reactive.dll": "EF5A00287AD15393D41B12AA4B726FF7",
  "System.Reflection.MetadataLoadContext.dll": "7EC41D41F4E1246757BA3E2EC862D562",
  "System.Security.Cryptography.Pkcs.dll": "8950E01996A37E808BE3F39063C37BF9",
  "TEMP_gitver.txt": "A5A83CFE66EBB64DDEE3F1E5F985857C",
  "TerraFX.Interop.Windows.dll": "84F7EF6B0DE91F8CC23F773D3FD6DEC0",
  "Validation.dll": "48AAF9A0C15C1749A945D2ECCEC286C4"
}
