{
  "runtimes\\alpine-x64\\native\\libe_sqlite3.so": "39C244FEDBCD3DFC37041D4FCE1AE21D",
  "runtimes\\linux-arm\\native\\libe_sqlite3.so": "96CF54BC0EFB83D6E3F5F3E04997A59D",
  "runtimes\\linux-arm64\\native\\libe_sqlite3.so": "F079E55E7F3F9966A4A2052A3234E068",
  "runtimes\\linux-armel\\native\\libe_sqlite3.so": "C5A67D49434FC65D64E9C15778078C76",
  "runtimes\\linux-mips64\\native\\libe_sqlite3.so": "5F8461214089CFC677D46C19B7162161",
  "runtimes\\linux-musl-x64\\native\\libe_sqlite3.so": "39C244FEDBCD3DFC37041D4FCE1AE21D",
  "runtimes\\linux-x64\\native\\libe_sqlite3.so": "6F49C540D3AB9964D67A4A704C3D262D",
  "runtimes\\linux-x64\\native\\libglfw.so.3": "9E3137144F68B9E9793F4C7AD5B1BEA7",
  "runtimes\\linux-x64\\native\\libSDL2-2.0.so": "99B95A708381FC66AB2370E45A260527",
  "runtimes\\linux-x64\\native\\libstbi.so": "0945355ED59677D06E3E88F48101BB26",
  "runtimes\\linux-x86\\native\\libe_sqlite3.so": "5E0659B414CBD6DDC38C65582485853E",
  "runtimes\\osx-x64\\native\\libe_sqlite3.dylib": "F82AE134FCD1C080A69D775591406673",
  "runtimes\\osx-x64\\native\\libglfw.3.dylib": "1E30FAB2F0C40E82290AD4B0BF14A880",
  "runtimes\\osx-x64\\native\\libSDL2-2.0.dylib": "AAC958490586C67395F0A90903AE3747",
  "runtimes\\osx-x64\\native\\libstbi.dylib": "0B84B0A6A80178266018081C3CAB68E6",
  "runtimes\\win-arm\\native\\e_sqlite3.dll": "CABCCA5DF221823BBBBA9830E051A799",
  "runtimes\\win-arm64\\native\\e_sqlite3.dll": "0F9E4F9B57E0593EB330E94057F6C9CE",
  "runtimes\\win-x64\\native\\cimgui.dll": "7A517AA2C7EC07E12B38A3B00D11679D",
  "runtimes\\win-x64\\native\\cimguizmo.dll": "F2312EC8DB6B38FF8ABE462ED1F4A749",
  "runtimes\\win-x64\\native\\cimplot.dll": "F15EEAB854D1559491C4C06B46E8DBFB",
  "runtimes\\win-x64\\native\\e_sqlite3.dll": "1E498F25D818FAFF689817EB4CED5351",
  "runtimes\\win-x64\\native\\glfw3.dll": "6C5FA907A2ECB526BD3DCA8C1DF1FA66",
  "runtimes\\win-x64\\native\\minhook.x64d.dll": "BDAFD610DF650FB8B3A2F73C88AF083C",
  "runtimes\\win-x64\\native\\SDL2.dll": "DD9DF40BAF5525A979A28380EC0F5C7B",
  "runtimes\\win-x64\\native\\stbi.dll": "8B156D5C066A2282CED004A176F59406",
  "runtimes\\win-x64\\native\\stbi.lib": "927C214DE576219E1F80DBE7798A0502",
  "runtimes\\win-x86\\native\\e_sqlite3.dll": "042069FDB0CFA303B71EF74960363073",
  "runtimes\\win-x86\\native\\glfw3.dll": "D1ABFD81761F6B4A4775C652969BEE1A",
  "runtimes\\win-x86\\native\\SDL2.dll": "CA4DB0A44513B660A1ACF9C6FDC02F73",
  "targets\\Dalamud.Plugin.Bootstrap.targets": "C85635161398CD9852CF7212DB7EB904",
  "targets\\Dalamud.Plugin.targets": "11001C983157350F50D99F1A827999B5",
  "CheapLoc.dll": "A1AFE46E992AA9B3D1E89C1CA269698D",
  "Costura.dll": "E4D20EAB7C085AAA1DBAA9B8D43A8685",
  "Dalamud.Boot.dll": "FC8947D5A7FEAA867339028052847690",
  "Dalamud.Common.dll": "20FDCEAE3D517D6E4DB09FEC3DBCB714",
  "Dalamud.deps.json": "0098D5814B42E05E994D595AB61BFD26",
  "Dalamud.dll": "8AA9ED61118ABF81FF6C6EA7DDC9B091",
  "Dalamud.Injector.deps.json": "C1FA0941DC8B38E415776C60C508AAB9",
  "Dalamud.Injector.dll": "5F0F77CCC7C83ABE97D49D62D21F27D4",
  "Dalamud.Injector.exe": "E716B31C3F1AF5B1C16BB541E49913A2",
  "Dalamud.Injector.runtimeconfig.json": "B9BB65FFE7924D4D8BABE9FA66303200",
  "Dalamud.Injector.xml": "6CFC451561E67CE7788814C5B327D7EC",
  "Dalamud.runtimeconfig.json": "2A9CD915428BDD175E0889BD0C225F75",
  "Dalamud.xml": "8FDD8627616E6602FF486C6F176E2C5D",
  "DalamudCrashHandler.exe": "29281708C2141889EFE8112C862C0121",
  "FASM-LICENSE.TXT": "ECEA1D10811221D5F0A3E96F9C38E2C7",
  "FASM.DLL": "87CA21B7ECAF4CF5014C68363C440858",
  "FASMX64.DLL": "2CF598141C7F32BD1F09E02441BC3F33",
  "FFXIVClientStructs.dll": "C360FE14A651E67CB4F92F7D16D967FC",
  "FFXIVClientStructs.xml": "6ECC87C75E3DE92B1BBA81EA04C87478",
  "goaaats.Reloaded.Assembler.targets": "CC22CB0A353E2136EE9E6E96DB9F7164",
  "Iced.dll": "41F8EBF79360DF1CBAA657D78507BBC4",
  "ImGui.NET.dll": "BA70CD4601201C4629B990CCAC4B8BAA",
  "ImGuiScene.dll": "D5726B47A2B611F877C0D8268EB1F1BB",
  "JetBrains.Annotations.dll": "D75FD194915B251D30C6569C19E2164C",
  "licenses.txt": "A159BE62AA91178EFC3E3983AE874D1D",
  "Lumina.dll": "D626BF7542B92F19079F6E3162DF72A5",
  "Lumina.Excel.dll": "C49165281AE20483E83056BC1A40DDD7",
  "Microsoft.Bcl.HashCode.dll": "613AB56061ADF2284E047025207467E0",
  "Microsoft.DotNet.PlatformAbstractions.dll": "00AB0F02B1114C57C758F5AD595224F1",
  "Microsoft.Extensions.DependencyModel.dll": "F39BC76C10CFEA478C936FC4521A9FC9",
  "MinSharp.dll": "5D48D0F065A5948E5BDC9DC7DDB9BE15",
  "Mono.Cecil.dll": "ED1FAC6104EDFDE11F4CE032945EA5D6",
  "Mono.Cecil.Mdb.dll": "8576E0B86FB2FBE53884C26673CA4C6F",
  "Mono.Cecil.Pdb.dll": "4730295D162CEC8E8614EE6C33386833",
  "Mono.Cecil.Rocks.dll": "08B8A34FF4661C26510D2026ED33A95B",
  "nethost.dll": "012081214FE71F0F6ADCD9F4A71B2B00",
  "Newtonsoft.Json.dll": "86A83A63F12B55FD3718CFBFB577D7DC",
  "PeNet.Asn1.dll": "1FCD626F5EE2F98A7E2472D25A01EF15",
  "PeNet.dll": "077F5D90C731487CECE208866900EB92",
  "PInvoke.AdvApi32.dll": "34EE461D05B403C3A15D0DEC32A3788C",
  "PInvoke.BCrypt.dll": "FD07758EE1440491F22923084109FF26",
  "PInvoke.Cabinet.dll": "333D950E3804735DA60CC41D614C63E2",
  "PInvoke.CfgMgr32.dll": "768BE7CC18EDCF78B296A72ABE891691",
  "PInvoke.Crypt32.dll": "E7B00B0851738F4A7F2C6D37DAA973B4",
  "PInvoke.DbgHelp.dll": "E701136169620D20E3A70B560DE20E44",
  "PInvoke.DwmApi.dll": "ACF223CC8962404056648815B486F7D9",
  "PInvoke.Gdi32.dll": "69FF434826F98582CE44D3136ECFFACB",
  "PInvoke.Hid.dll": "2E7A41257F8AD9B26073181F450CD8E5",
  "PInvoke.ImageHlp.dll": "79BE816E8D86EA66489D7780DD675D49",
  "PInvoke.IPHlpApi.dll": "E949FA3326D1BA8872B179AB4EE49D38",
  "PInvoke.Kernel32.dll": "234E15B122ED430DE99490CA1A204958",
  "PInvoke.Magnification.dll": "C9EA3D34F506741ECC044DB19C151F09",
  "PInvoke.Msi.dll": "69EE50CE2DA6B55755E52589F49A7EBC",
  "PInvoke.NCrypt.dll": "DA1DE76C14D99370CA3BEF19DC299B15",
  "PInvoke.NetApi32.dll": "AE79F9FA2E3864A5E0642AE4622ECDC5",
  "PInvoke.NewDev.dll": "B3E1992105D986EF9C5C8E4B630FBB07",
  "PInvoke.NTDll.dll": "3F6BDF840EB27DD0FD9EB8071822183A",
  "PInvoke.Ole32.dll": "3C49FB100B60519FFE725BCD12A538F6",
  "PInvoke.Psapi.dll": "A7683EE4B880227F01C8AE632A892B9E",
  "PInvoke.SetupApi.dll": "1B7AE321185D0081D1759A9AD829F9BA",
  "PInvoke.SHCore.dll": "F27E7F063D51480F6D2294C903E4A606",
  "PInvoke.Shell32.dll": "F71A1BCAF6478190691170DAEA77722F",
  "PInvoke.User32.dll": "8BEDE38311ED4F27127290B81B8079FD",
  "PInvoke.Userenv.dll": "FEB7BCA90B8C905EC2F4BB0789847131",
  "PInvoke.UxTheme.dll": "8E683C016250CB719FDB9AAAFC22B3C5",
  "PInvoke.Windows.Core.dll": "90015440A44935208FFEA9BF61740651",
  "PInvoke.Windows.ShellScalingApi.dll": "F351B34B8C9183A51CADFDC279357C49",
  "PInvoke.WinUsb.dll": "9EB8A0280F2848D1A32B560A939F7336",
  "PInvoke.WtsApi32.dll": "341C94455D2E5893DBE4293D4D67AA4D",
  "Reloaded.Assembler.dll": "B4D789E797EB5B401549EBDF96E402AD",
  "Reloaded.Hooks.Definitions.dll": "9509BB5AF3EBD73CEB1B96F50E6A241D",
  "Reloaded.Hooks.dll": "FEE4D2259FF9B0CBE83B3ECACA749E16",
  "Reloaded.Memory.Buffers.dll": "970B938D7D15536638E07E5C5C642333",
  "Reloaded.Memory.dll": "E99900DE130323480E2FCC41F9B8CEBF",
  "revision.txt": "DC2208F9BBD11486D5DBBB9218E03017",
  "SDL2-CS.config": "65557595FD5DF55D93B2BF881DE62C3A",
  "SDL2-CS.dll": "A5FE8C543A7E4136C7F484805C23228C",
  "Serilog.dll": "28EA26E0A8369632EF65E283E12A6DFA",
  "Serilog.Sinks.Async.dll": "9717B774B3EED4E1A8AFC309C8ADD677",
  "Serilog.Sinks.Console.dll": "735B3E55A78DE0338ADDBA8FE97E2607",
  "Serilog.Sinks.File.dll": "3BED31655A411D804799F5674D754720",
  "SharpDX.Direct3D11.dll": "BF42DAEA0AC0D69597441127A08DB5AD",
  "SharpDX.dll": "C349B9136E3A24C25F7DB5A4B3B8B37F",
  "SharpDX.DXGI.dll": "CDF7E818D82BBA674F7D18467E2768BA",
  "SharpDX.Mathematics.dll": "E75213BC59E3431B83366D3753E6FC89",
  "Silk.NET.Core.dll": "79B530B2FC99956AED517E8E8130C3A6",
  "Silk.NET.GLFW.dll": "598DBEA77A312F4E3D6C0ABB491E6E74",
  "Silk.NET.Maths.dll": "62933BE114F6660E5A781ACDDD95DEB2",
  "Silk.NET.OpenGL.dll": "BEBE2DBC07B32A559F1E285C0DFB0D64",
  "Silk.NET.SDL.dll": "239E7B3C0162EE025B66780D7C261C53",
  "Silk.NET.Windowing.Common.dll": "6B8072CBD8F400B445D05937CB9A08B6",
  "Silk.NET.Windowing.Glfw.dll": "6D064A679790A261D7C288136F0113BC",
  "Silk.NET.Windowing.Sdl.dll": "93FE4A73254242F125BD102848C49B4F",
  "SQLite-net.dll": "B7760298D890640D6598C27ADEF25F14",
  "SQLitePCLRaw.batteries_v2.dll": "DA7DAA3CD6A552AEDEFFAA4047564E78",
  "SQLitePCLRaw.core.dll": "CA53AE88E2C5A59E957A3C8B1F6EDEB8",
  "SQLitePCLRaw.nativelibrary.dll": "707707C8CAD35F960A2D9F5553A2FAF3",
  "SQLitePCLRaw.provider.dynamic_cdecl.dll": "39595A6F84F7360DDBBE7051757EB0A6",
  "StbiSharp.dll": "32622243B78AFC3AB6B2094BE686FD73",
  "System.Reactive.dll": "EF5A00287AD15393D41B12AA4B726FF7",
  "System.Reflection.MetadataLoadContext.dll": "7EC41D41F4E1246757BA3E2EC862D562",
  "System.Security.Cryptography.Pkcs.dll": "8950E01996A37E808BE3F39063C37BF9",
  "TEMP_gitver.txt": "18F3086403BE07FD31DD63C8F7A113A1",
  "Validation.dll": "D8407B23A89B06C143947B610D2858E9"
}
