{
  "runtimes\\alpine-x64\\native\\libe_sqlite3.so": "39C244FEDBCD3DFC37041D4FCE1AE21D",
  "runtimes\\linux-arm\\native\\libe_sqlite3.so": "96CF54BC0EFB83D6E3F5F3E04997A59D",
  "runtimes\\linux-arm64\\native\\libe_sqlite3.so": "F079E55E7F3F9966A4A2052A3234E068",
  "runtimes\\linux-armel\\native\\libe_sqlite3.so": "C5A67D49434FC65D64E9C15778078C76",
  "runtimes\\linux-mips64\\native\\libe_sqlite3.so": "5F8461214089CFC677D46C19B7162161",
  "runtimes\\linux-musl-x64\\native\\libe_sqlite3.so": "39C244FEDBCD3DFC37041D4FCE1AE21D",
  "runtimes\\linux-x64\\native\\libe_sqlite3.so": "6F49C540D3AB9964D67A4A704C3D262D",
  "runtimes\\linux-x64\\native\\libglfw.so.3": "9E3137144F68B9E9793F4C7AD5B1BEA7",
  "runtimes\\linux-x64\\native\\libSDL2-2.0.so": "99B95A708381FC66AB2370E45A260527",
  "runtimes\\linux-x64\\native\\libstbi.so": "0945355ED59677D06E3E88F48101BB26",
  "runtimes\\linux-x86\\native\\libe_sqlite3.so": "5E0659B414CBD6DDC38C65582485853E",
  "runtimes\\osx-x64\\native\\libe_sqlite3.dylib": "F82AE134FCD1C080A69D775591406673",
  "runtimes\\osx-x64\\native\\libglfw.3.dylib": "1E30FAB2F0C40E82290AD4B0BF14A880",
  "runtimes\\osx-x64\\native\\libSDL2-2.0.dylib": "AAC958490586C67395F0A90903AE3747",
  "runtimes\\osx-x64\\native\\libstbi.dylib": "0B84B0A6A80178266018081C3CAB68E6",
  "runtimes\\win-arm\\native\\e_sqlite3.dll": "989031510CEEEC41E3BCF380A02ABADE",
  "runtimes\\win-arm64\\native\\e_sqlite3.dll": "2E19641D7DDC20786D74D90E88CF2EAB",
  "runtimes\\win-x64\\native\\e_sqlite3.dll": "CC43DA3512E03D2E8532D7D8C7BE3BFA",
  "runtimes\\win-x64\\native\\glfw3.dll": "EF4E594D85CF91A66184ED61F16ED509",
  "runtimes\\win-x64\\native\\minhook.x64d.dll": "14EEDB1A6D4A34FCF49DA59379C124D1",
  "runtimes\\win-x64\\native\\SDL2.dll": "3C7902245ED491A8155C811A8960223A",
  "runtimes\\win-x64\\native\\stbi.dll": "5285216872CAC98189885669CA7B5A7A",
  "runtimes\\win-x64\\native\\stbi.lib": "927C214DE576219E1F80DBE7798A0502",
  "runtimes\\win-x86\\native\\e_sqlite3.dll": "92EC28FDFCC8C92F7ED0D131E44EF02F",
  "runtimes\\win-x86\\native\\glfw3.dll": "E1166BCBD2CAC9CB8F4B65000EC66F8C",
  "runtimes\\win-x86\\native\\SDL2.dll": "67955CEFBA703DFB25DBAAA8C0395F47",
  "targets\\Dalamud.Plugin.Bootstrap.targets": "C85635161398CD9852CF7212DB7EB904",
  "targets\\Dalamud.Plugin.targets": "394EE2BEC70254F76ABBE2C33F62BBFA",
  "BitFaster.Caching.dll": "47CCC05AB10F5759EA568A856E7E7636",
  "CheapLoc.dll": "EF3B4045C2C092965BB05754BC9DC299",
  "cimgui.dll": "E82FD9B09988DBED79F8426993187AC2",
  "cimguizmo.dll": "4C1D039D842AE1099EF6BB03AC19A31B",
  "cimplot.dll": "9548C160E7EB40FF36AA7A8DC1B28EA6",
  "commit_hash.txt": "26D85D7AFD384E583D731C4E4F4934CC",
  "Dalamud.Boot.dll": "B5407B061EA5DB2F171D38639A91D4EB",
  "Dalamud.Common.dll": "72510BFDAF799FEAAEBAE4CBDBFB3FFB",
  "Dalamud.deps.json": "FF1D7323F0C8D45B1F1253AACAABDA23",
  "Dalamud.dll": "62783E0A2BF657F6D4146B425FB0DC73",
  "Dalamud.Injector.deps.json": "C21972522E8133995B2C9562B3E39983",
  "Dalamud.Injector.dll": "91A311418D942EE9DFCAB486BBE255B2",
  "Dalamud.Injector.exe": "28ED159415184D0EBC6648C71FAC5669",
  "Dalamud.Injector.runtimeconfig.json": "439C534917CEF268A731631073E50FE4",
  "Dalamud.Injector.xml": "6730B8BB13078B71889B5A56C5DFAC6D",
  "Dalamud.runtimeconfig.json": "CA3935E9C6B9E3300F2D7171E4AF6335",
  "Dalamud.xml": "342CC0156945908371A50CFB25A9A51D",
  "DalamudCrashHandler.exe": "192BD2FFDEA5EAD3C96CDB88E6BF903E",
  "FASM-LICENSE.TXT": "ECEA1D10811221D5F0A3E96F9C38E2C7",
  "FASM.DLL": "E21FF2DF035D9A7F0BE8ABBDC822F775",
  "FASMX64.DLL": "AFE2E116088CE4BB8C040634007CAB79",
  "FFXIVClientStructs.dll": "2C2D1A08A2D7AA187CA033B0F810E5BC",
  "FFXIVClientStructs.xml": "3F85EAF3E210C050E877A31FE5F89ADF",
  "goaaats.Reloaded.Assembler.targets": "CC22CB0A353E2136EE9E6E96DB9F7164",
  "Iced.dll": "D4DCD6A829E4C414E98CE80311855D7E",
  "ImGui.NET.dll": "9436B82AA5CBE1002BEAEFAF5F8279C2",
  "ImGuiScene.dll": "D34B010582E8CB6BCA3EE0B3292F2274",
  "InteropGenerator.Runtime.dll": "A38056062ED19C902C9357C1FFE5DC45",
  "JetBrains.Annotations.dll": "EBB8B5E81048F13B49A4711616CC2DB2",
  "licenses.txt": "A159BE62AA91178EFC3E3983AE874D1D",
  "Lumina.dll": "75F7536C8F0A03B27C98A511ABE622B2",
  "Lumina.Excel.dll": "B5A228B886C0D189F2E3A4AC46F80DBE",
  "Microsoft.Bcl.HashCode.dll": "613AB56061ADF2284E047025207467E0",
  "Microsoft.DotNet.PlatformAbstractions.dll": "00AB0F02B1114C57C758F5AD595224F1",
  "Microsoft.Extensions.DependencyModel.dll": "F39BC76C10CFEA478C936FC4521A9FC9",
  "Microsoft.Extensions.ObjectPool.dll": "B0558CE087EAE95853E35579300F3A77",
  "MinSharp.dll": "BD204DA86FBFC3AAE414A4FF42AFC13E",
  "Mono.Cecil.dll": "9506919D2F59EA0739822A3A1F3715B3",
  "Mono.Cecil.Mdb.dll": "6AE8B0DB38AE6EDB1DCB844055ECA4AA",
  "Mono.Cecil.Pdb.dll": "A274ECC654F61AE053DA50A8538C18BE",
  "Mono.Cecil.Rocks.dll": "8471D60EA14BF87E49D11D5F38BE2D69",
  "nethost.dll": "21F39F71E2F4B5BA9FB3F126872F2F9B",
  "Newtonsoft.Json.dll": "ADF3E3EECDE20B7C9661E9C47106A14A",
  "PeNet.Asn1.dll": "22DA60AC78EF113172452233E49047A5",
  "PeNet.dll": "4A3B8389C53FDA5154B4FE1073B7EE7D",
  "PInvoke.AdvApi32.dll": "34EE461D05B403C3A15D0DEC32A3788C",
  "PInvoke.BCrypt.dll": "FD07758EE1440491F22923084109FF26",
  "PInvoke.Cabinet.dll": "333D950E3804735DA60CC41D614C63E2",
  "PInvoke.CfgMgr32.dll": "768BE7CC18EDCF78B296A72ABE891691",
  "PInvoke.Crypt32.dll": "E7B00B0851738F4A7F2C6D37DAA973B4",
  "PInvoke.DbgHelp.dll": "E701136169620D20E3A70B560DE20E44",
  "PInvoke.DwmApi.dll": "ACF223CC8962404056648815B486F7D9",
  "PInvoke.Gdi32.dll": "69FF434826F98582CE44D3136ECFFACB",
  "PInvoke.Hid.dll": "2E7A41257F8AD9B26073181F450CD8E5",
  "PInvoke.ImageHlp.dll": "79BE816E8D86EA66489D7780DD675D49",
  "PInvoke.IPHlpApi.dll": "E949FA3326D1BA8872B179AB4EE49D38",
  "PInvoke.Kernel32.dll": "234E15B122ED430DE99490CA1A204958",
  "PInvoke.Magnification.dll": "C9EA3D34F506741ECC044DB19C151F09",
  "PInvoke.Msi.dll": "69EE50CE2DA6B55755E52589F49A7EBC",
  "PInvoke.NCrypt.dll": "DA1DE76C14D99370CA3BEF19DC299B15",
  "PInvoke.NetApi32.dll": "AE79F9FA2E3864A5E0642AE4622ECDC5",
  "PInvoke.NewDev.dll": "B3E1992105D986EF9C5C8E4B630FBB07",
  "PInvoke.NTDll.dll": "3F6BDF840EB27DD0FD9EB8071822183A",
  "PInvoke.Ole32.dll": "3C49FB100B60519FFE725BCD12A538F6",
  "PInvoke.Psapi.dll": "A7683EE4B880227F01C8AE632A892B9E",
  "PInvoke.SetupApi.dll": "1B7AE321185D0081D1759A9AD829F9BA",
  "PInvoke.SHCore.dll": "F27E7F063D51480F6D2294C903E4A606",
  "PInvoke.Shell32.dll": "F71A1BCAF6478190691170DAEA77722F",
  "PInvoke.User32.dll": "8BEDE38311ED4F27127290B81B8079FD",
  "PInvoke.Userenv.dll": "FEB7BCA90B8C905EC2F4BB0789847131",
  "PInvoke.UxTheme.dll": "8E683C016250CB719FDB9AAAFC22B3C5",
  "PInvoke.Windows.Core.dll": "90015440A44935208FFEA9BF61740651",
  "PInvoke.Windows.ShellScalingApi.dll": "F351B34B8C9183A51CADFDC279357C49",
  "PInvoke.WinUsb.dll": "9EB8A0280F2848D1A32B560A939F7336",
  "PInvoke.WtsApi32.dll": "341C94455D2E5893DBE4293D4D67AA4D",
  "Reloaded.Assembler.dll": "21D5CCD2184CD4A4F5448FFDABEC5C98",
  "Reloaded.Hooks.Definitions.dll": "E16FDD7F560DBD3063F0459E2E57F4DC",
  "Reloaded.Hooks.dll": "449E4306D274EC4D5A6B0ED664BAAE13",
  "Reloaded.Memory.Buffers.dll": "49D99EA63FEE18188828B8C0E27E1D25",
  "Reloaded.Memory.dll": "9975CFB8B75DBDAEF91A7B811DB0F34A",
  "revision.txt": "F4F0EDB08C97567CE6B0475A63BF7000",
  "SDL2-CS.config": "65557595FD5DF55D93B2BF881DE62C3A",
  "SDL2-CS.dll": "E7ED7AEB1FEFEA92C56E0FB801BA5C6A",
  "Serilog.dll": "6C1E477D4A3042BEEE19FDB3D1715A52",
  "Serilog.Sinks.Async.dll": "3403031A374906CB057AE01B6F5A313A",
  "Serilog.Sinks.Console.dll": "B855FEEE19BAB7207E88E3D6184DA52B",
  "Serilog.Sinks.File.dll": "64E09C93F5AB9B8B3F32809DA77667C3",
  "SharpDX.Direct3D11.dll": "C83BBF0DE36D5C170D59AF3797171621",
  "SharpDX.dll": "78CFA71628AC0B297291D0E0BE84F532",
  "SharpDX.DXGI.dll": "60EAB3353B954E81BAA7C39FCA1936A7",
  "SharpDX.Mathematics.dll": "D1660818B08803AACF620E30642CA54C",
  "Silk.NET.Core.dll": "1EFA526390C0709674F3C74BC6ECF811",
  "Silk.NET.GLFW.dll": "7741404BE893442F56B9D501E46DC4F0",
  "Silk.NET.Maths.dll": "610DA3F4ED52BB580DC16443F239A659",
  "Silk.NET.OpenGL.dll": "E85F665C6DB8DF7508252EB56F9AD7A5",
  "Silk.NET.SDL.dll": "3F29515C8C0D02FA7958CD63BEFEE6B4",
  "Silk.NET.Windowing.Common.dll": "23ED5177DC8A35A53BB65AA84E3F7E22",
  "Silk.NET.Windowing.Glfw.dll": "CA57372425AD36B1A35B1ABFCE705377",
  "Silk.NET.Windowing.Sdl.dll": "273939FDF228F906351A2A9680E7336C",
  "SQLite-net.dll": "6B866A879454C6ECF0C9DD55541F4C48",
  "SQLitePCLRaw.batteries_v2.dll": "896F347D3A366661B49BBD4E8582C695",
  "SQLitePCLRaw.core.dll": "25B515F0027C62AA91CBF4495710386E",
  "SQLitePCLRaw.nativelibrary.dll": "B093C9662EB1621A91220C2F908A00C3",
  "SQLitePCLRaw.provider.dynamic_cdecl.dll": "512A5A31CC6F1C41B9980F02581A3F1C",
  "StbiSharp.dll": "44E1D7CC0E2A5E6FA28B970030CACEE9",
  "System.Reactive.dll": "EF5A00287AD15393D41B12AA4B726FF7",
  "System.Reflection.MetadataLoadContext.dll": "E88E3AF6D37736F339022C9ACC5F2F7B",
  "System.Security.Cryptography.Pkcs.dll": "8950E01996A37E808BE3F39063C37BF9",
  "TEMP_gitver.txt": "4A7640E6C0F6E00EB709C8ADA63CB8F6",
  "TerraFX.Interop.Windows.dll": "84F7EF6B0DE91F8CC23F773D3FD6DEC0",
  "Validation.dll": "21051401317CA1966A63F3275C5FA96E"
}
