{
  "runtimes\\alpine-x64\\native\\libe_sqlite3.so": "39C244FEDBCD3DFC37041D4FCE1AE21D",
  "runtimes\\linux-arm\\native\\libe_sqlite3.so": "96CF54BC0EFB83D6E3F5F3E04997A59D",
  "runtimes\\linux-arm64\\native\\libe_sqlite3.so": "F079E55E7F3F9966A4A2052A3234E068",
  "runtimes\\linux-armel\\native\\libe_sqlite3.so": "C5A67D49434FC65D64E9C15778078C76",
  "runtimes\\linux-mips64\\native\\libe_sqlite3.so": "5F8461214089CFC677D46C19B7162161",
  "runtimes\\linux-musl-x64\\native\\libe_sqlite3.so": "39C244FEDBCD3DFC37041D4FCE1AE21D",
  "runtimes\\linux-x64\\native\\libe_sqlite3.so": "6F49C540D3AB9964D67A4A704C3D262D",
  "runtimes\\linux-x64\\native\\libglfw.so.3": "9E3137144F68B9E9793F4C7AD5B1BEA7",
  "runtimes\\linux-x64\\native\\libSDL2-2.0.so": "99B95A708381FC66AB2370E45A260527",
  "runtimes\\linux-x64\\native\\libstbi.so": "0945355ED59677D06E3E88F48101BB26",
  "runtimes\\linux-x86\\native\\libe_sqlite3.so": "5E0659B414CBD6DDC38C65582485853E",
  "runtimes\\osx-x64\\native\\libe_sqlite3.dylib": "F82AE134FCD1C080A69D775591406673",
  "runtimes\\osx-x64\\native\\libglfw.3.dylib": "1E30FAB2F0C40E82290AD4B0BF14A880",
  "runtimes\\osx-x64\\native\\libSDL2-2.0.dylib": "AAC958490586C67395F0A90903AE3747",
  "runtimes\\osx-x64\\native\\libstbi.dylib": "0B84B0A6A80178266018081C3CAB68E6",
  "runtimes\\win-arm\\native\\e_sqlite3.dll": "C8F1E66D39BDE769DD2EFDA67A166B19",
  "runtimes\\win-arm64\\native\\e_sqlite3.dll": "298CD613833834CA34DCF0EA5FA13D7A",
  "runtimes\\win-x64\\native\\e_sqlite3.dll": "2EC9F68303564D027F79844FDCBB05E8",
  "runtimes\\win-x64\\native\\glfw3.dll": "25B847AD39E04E8955BC23BD97297B76",
  "runtimes\\win-x64\\native\\minhook.x64d.dll": "4DB58DF2C736257D3DD89BFB4EB1EDEE",
  "runtimes\\win-x64\\native\\SDL2.dll": "B474514DFD4A130CC0A3B7999E2571DD",
  "runtimes\\win-x64\\native\\stbi.dll": "A3F11D0FA4EBF21EA65405622276EE93",
  "runtimes\\win-x64\\native\\stbi.lib": "927C214DE576219E1F80DBE7798A0502",
  "runtimes\\win-x86\\native\\e_sqlite3.dll": "2F2C00B43E766BBB8A19F81A87497414",
  "runtimes\\win-x86\\native\\glfw3.dll": "064E6966B0250DC94595E8965EF7EA7D",
  "runtimes\\win-x86\\native\\SDL2.dll": "5601B39EAC6A981E8C00624251DC6D68",
  "targets\\Dalamud.Plugin.Bootstrap.targets": "C85635161398CD9852CF7212DB7EB904",
  "targets\\Dalamud.Plugin.targets": "394EE2BEC70254F76ABBE2C33F62BBFA",
  "BitFaster.Caching.dll": "63520D6118B8D73E182019ACE2362B55",
  "CheapLoc.dll": "2F370D2A82339A9A7ECD5AA8191CC689",
  "cimgui.dll": "29D8DD926A5263BF8ECE25864E3EF518",
  "cimguizmo.dll": "2C7CECF6AE4741352D4D7FD04C70895A",
  "cimplot.dll": "28CD71CC76302BF6647EA7FD05015051",
  "commit_hash.txt": "9B9D00E5C466D02A5FB3F47D549DDB85",
  "Dalamud.Boot.dll": "005149F2FB19FB4F03CE54C8B65DC5BC",
  "Dalamud.Common.dll": "98D5AC6543A48989761C05F9EC85F7D0",
  "Dalamud.deps.json": "AE0C501C1C2A20774C7484319CDF32CC",
  "Dalamud.dll": "236E69143D1F6A4D30CA9659D83D447D",
  "Dalamud.Injector.deps.json": "C21972522E8133995B2C9562B3E39983",
  "Dalamud.Injector.dll": "7A38FAC7EB36B312E1C8DECBB58555E0",
  "Dalamud.Injector.exe": "84FFC27093EBC31568BC88482798AEE3",
  "Dalamud.Injector.runtimeconfig.json": "439C534917CEF268A731631073E50FE4",
  "Dalamud.Injector.xml": "6730B8BB13078B71889B5A56C5DFAC6D",
  "Dalamud.runtimeconfig.json": "CA3935E9C6B9E3300F2D7171E4AF6335",
  "Dalamud.xml": "7767A40933A71697D76E953CE82E171F",
  "DalamudCrashHandler.exe": "781376611AB21AB82D1B0F438FBC6C67",
  "FASM-LICENSE.TXT": "ECEA1D10811221D5F0A3E96F9C38E2C7",
  "FASM.DLL": "BA78C1ABAE75C40CDF564C6E4FEF9996",
  "FASMX64.DLL": "A8F7CFFD3235CAAAECF180A1086F296A",
  "FFXIVClientStructs.dll": "EDEB859BC0E82201EFD85B272B103260",
  "FFXIVClientStructs.xml": "4F63CB455B4858A25F4A6D1D821EE980",
  "goaaats.Reloaded.Assembler.targets": "CC22CB0A353E2136EE9E6E96DB9F7164",
  "Iced.dll": "00723373B0B796537045ADC818181CEF",
  "ImGui.NET.dll": "A930681EB4BC5AE47BF43347BCC6B8E7",
  "ImGuiScene.dll": "B63FB041A2F9AC03AF4CB5FAEAE3A1D3",
  "InteropGenerator.Runtime.dll": "3277871CFF23E40DFBD4EB4ED074B26A",
  "JetBrains.Annotations.dll": "0DC95C118F960BA92F7F01B624897593",
  "licenses.txt": "A159BE62AA91178EFC3E3983AE874D1D",
  "Lumina.dll": "8B9FD4D9AD31D3D6207F58BC1170CE0F",
  "Lumina.Excel.dll": "8340B4613D2267C5AB7B61F86DC13A50",
  "Microsoft.Bcl.HashCode.dll": "613AB56061ADF2284E047025207467E0",
  "Microsoft.DotNet.PlatformAbstractions.dll": "00AB0F02B1114C57C758F5AD595224F1",
  "Microsoft.Extensions.DependencyModel.dll": "F39BC76C10CFEA478C936FC4521A9FC9",
  "Microsoft.Extensions.ObjectPool.dll": "B0558CE087EAE95853E35579300F3A77",
  "MinSharp.dll": "124A6392C92B7157CCC1D41E8C821639",
  "Mono.Cecil.dll": "CA3F26E1EF8998A187FD6922296809FE",
  "Mono.Cecil.Mdb.dll": "AEEBE90D31AAEA6E6A7063CA861D6BA6",
  "Mono.Cecil.Pdb.dll": "2CE09BE128CE7010D5B02E941974B5B1",
  "Mono.Cecil.Rocks.dll": "D5107970237676982BE5FC75A752BD51",
  "nethost.dll": "21F39F71E2F4B5BA9FB3F126872F2F9B",
  "Newtonsoft.Json.dll": "ADF3E3EECDE20B7C9661E9C47106A14A",
  "PeNet.Asn1.dll": "6052A4A9FD7360936707B2A172AD72CA",
  "PeNet.dll": "063AAA9D1B548DE0FB002C8F2D25B090",
  "PInvoke.AdvApi32.dll": "34EE461D05B403C3A15D0DEC32A3788C",
  "PInvoke.BCrypt.dll": "FD07758EE1440491F22923084109FF26",
  "PInvoke.Cabinet.dll": "333D950E3804735DA60CC41D614C63E2",
  "PInvoke.CfgMgr32.dll": "768BE7CC18EDCF78B296A72ABE891691",
  "PInvoke.Crypt32.dll": "E7B00B0851738F4A7F2C6D37DAA973B4",
  "PInvoke.DbgHelp.dll": "E701136169620D20E3A70B560DE20E44",
  "PInvoke.DwmApi.dll": "ACF223CC8962404056648815B486F7D9",
  "PInvoke.Gdi32.dll": "69FF434826F98582CE44D3136ECFFACB",
  "PInvoke.Hid.dll": "2E7A41257F8AD9B26073181F450CD8E5",
  "PInvoke.ImageHlp.dll": "79BE816E8D86EA66489D7780DD675D49",
  "PInvoke.IPHlpApi.dll": "E949FA3326D1BA8872B179AB4EE49D38",
  "PInvoke.Kernel32.dll": "234E15B122ED430DE99490CA1A204958",
  "PInvoke.Magnification.dll": "C9EA3D34F506741ECC044DB19C151F09",
  "PInvoke.Msi.dll": "69EE50CE2DA6B55755E52589F49A7EBC",
  "PInvoke.NCrypt.dll": "DA1DE76C14D99370CA3BEF19DC299B15",
  "PInvoke.NetApi32.dll": "AE79F9FA2E3864A5E0642AE4622ECDC5",
  "PInvoke.NewDev.dll": "B3E1992105D986EF9C5C8E4B630FBB07",
  "PInvoke.NTDll.dll": "3F6BDF840EB27DD0FD9EB8071822183A",
  "PInvoke.Ole32.dll": "3C49FB100B60519FFE725BCD12A538F6",
  "PInvoke.Psapi.dll": "A7683EE4B880227F01C8AE632A892B9E",
  "PInvoke.SetupApi.dll": "1B7AE321185D0081D1759A9AD829F9BA",
  "PInvoke.SHCore.dll": "F27E7F063D51480F6D2294C903E4A606",
  "PInvoke.Shell32.dll": "F71A1BCAF6478190691170DAEA77722F",
  "PInvoke.User32.dll": "8BEDE38311ED4F27127290B81B8079FD",
  "PInvoke.Userenv.dll": "FEB7BCA90B8C905EC2F4BB0789847131",
  "PInvoke.UxTheme.dll": "8E683C016250CB719FDB9AAAFC22B3C5",
  "PInvoke.Windows.Core.dll": "90015440A44935208FFEA9BF61740651",
  "PInvoke.Windows.ShellScalingApi.dll": "F351B34B8C9183A51CADFDC279357C49",
  "PInvoke.WinUsb.dll": "9EB8A0280F2848D1A32B560A939F7336",
  "PInvoke.WtsApi32.dll": "341C94455D2E5893DBE4293D4D67AA4D",
  "Reloaded.Assembler.dll": "9BEFD4526B239BBF090F1756BA7370B0",
  "Reloaded.Hooks.Definitions.dll": "787E35956CD311C7B67D884D5CEF6D00",
  "Reloaded.Hooks.dll": "E780B1C34F6C562544BA7778B8D74C18",
  "Reloaded.Memory.Buffers.dll": "FC08AFC47D8210EC91EA9D752F49851F",
  "Reloaded.Memory.dll": "6BBE08AEE9FBE60F8D9C499EA598320F",
  "revision.txt": "2548A4AC7AD6EDDD035BCED24EC6D964",
  "SDL2-CS.config": "65557595FD5DF55D93B2BF881DE62C3A",
  "SDL2-CS.dll": "6B6D1AD14E3863A64CD3938F520D1455",
  "Serilog.dll": "F276594AFD1B99A56DF4D2D5E6392BCC",
  "Serilog.Sinks.Async.dll": "8DDD719A02007358D5ACCC04E128468A",
  "Serilog.Sinks.Console.dll": "9E0D4B4DC8F4E6E0E4404434C94764AC",
  "Serilog.Sinks.File.dll": "46DEE59ECC9186AE76D054091A1920F7",
  "SharpDX.Direct3D11.dll": "3D9B0162C3F2996D77973BCFA0B8612D",
  "SharpDX.dll": "3DAB97E69E0D45E5B216AF0156D6E089",
  "SharpDX.DXGI.dll": "452127540ACA4D05E4FD0869B5B53055",
  "SharpDX.Mathematics.dll": "CC95C640744ED4A5105064D17C866800",
  "Silk.NET.Core.dll": "EA1CEFA71786DEC3CE28473E3CF3892C",
  "Silk.NET.GLFW.dll": "2B4079193F4A787DF3DB3E3B1A4A803C",
  "Silk.NET.Maths.dll": "1210859D73D90772B4336FAADC342932",
  "Silk.NET.OpenGL.dll": "BA8311112716A5464E9D58AA906317CC",
  "Silk.NET.SDL.dll": "7A26F6CD1EB7840448A02C117647265A",
  "Silk.NET.Windowing.Common.dll": "E2504D7389A56C66AE26B3A451E514D4",
  "Silk.NET.Windowing.Glfw.dll": "2E319CFA64E7B9BA87356CDB4F375AAE",
  "Silk.NET.Windowing.Sdl.dll": "FD2A6F9CD9140FA24979737C94F9EFE7",
  "SQLite-net.dll": "8B71D4F32B5C1E984CC30B19C0746B9B",
  "SQLitePCLRaw.batteries_v2.dll": "FC695A3AC79995A3DFA3D9004E9084B2",
  "SQLitePCLRaw.core.dll": "4722D6A86C0D5FC9989D22FD8A43AA9D",
  "SQLitePCLRaw.nativelibrary.dll": "1ECC33172A04020BE50A29EB0B9F5EA2",
  "SQLitePCLRaw.provider.dynamic_cdecl.dll": "3E5F5E27FF329C379515DDBD9AED43E4",
  "StbiSharp.dll": "597C3CDBC49E9899B7920C2D67EEDA89",
  "System.Reactive.dll": "EF5A00287AD15393D41B12AA4B726FF7",
  "System.Reflection.MetadataLoadContext.dll": "E88E3AF6D37736F339022C9ACC5F2F7B",
  "System.Security.Cryptography.Pkcs.dll": "8950E01996A37E808BE3F39063C37BF9",
  "TEMP_gitver.txt": "2993577A378A9E0CBD38ECD112E971D0",
  "TerraFX.Interop.Windows.dll": "84F7EF6B0DE91F8CC23F773D3FD6DEC0",
  "Validation.dll": "D93A91A84A6634277978BB0F0A9456C2"
}
