{
  "runtimes\\alpine-x64\\native\\libe_sqlite3.so": "39C244FEDBCD3DFC37041D4FCE1AE21D",
  "runtimes\\linux-arm\\native\\libe_sqlite3.so": "96CF54BC0EFB83D6E3F5F3E04997A59D",
  "runtimes\\linux-arm64\\native\\libe_sqlite3.so": "F079E55E7F3F9966A4A2052A3234E068",
  "runtimes\\linux-armel\\native\\libe_sqlite3.so": "C5A67D49434FC65D64E9C15778078C76",
  "runtimes\\linux-mips64\\native\\libe_sqlite3.so": "5F8461214089CFC677D46C19B7162161",
  "runtimes\\linux-musl-x64\\native\\libe_sqlite3.so": "39C244FEDBCD3DFC37041D4FCE1AE21D",
  "runtimes\\linux-x64\\native\\libe_sqlite3.so": "6F49C540D3AB9964D67A4A704C3D262D",
  "runtimes\\linux-x64\\native\\libglfw.so.3": "9E3137144F68B9E9793F4C7AD5B1BEA7",
  "runtimes\\linux-x64\\native\\libSDL2-2.0.so": "99B95A708381FC66AB2370E45A260527",
  "runtimes\\linux-x64\\native\\libstbi.so": "0945355ED59677D06E3E88F48101BB26",
  "runtimes\\linux-x86\\native\\libe_sqlite3.so": "5E0659B414CBD6DDC38C65582485853E",
  "runtimes\\osx-x64\\native\\libe_sqlite3.dylib": "F82AE134FCD1C080A69D775591406673",
  "runtimes\\osx-x64\\native\\libglfw.3.dylib": "1E30FAB2F0C40E82290AD4B0BF14A880",
  "runtimes\\osx-x64\\native\\libSDL2-2.0.dylib": "AAC958490586C67395F0A90903AE3747",
  "runtimes\\osx-x64\\native\\libstbi.dylib": "0B84B0A6A80178266018081C3CAB68E6",
  "runtimes\\win-arm\\native\\e_sqlite3.dll": "C7EBDAD41208B82E2959EA15478F38A8",
  "runtimes\\win-arm64\\native\\e_sqlite3.dll": "228AAC0AE821092630E2B75E88E13923",
  "runtimes\\win-x64\\native\\e_sqlite3.dll": "54B0FC96CE5B0F9A63676CCAEF4B4C27",
  "runtimes\\win-x64\\native\\glfw3.dll": "739C82CE1E7189B590223F0151AFA1A3",
  "runtimes\\win-x64\\native\\minhook.x64d.dll": "141F8A9010E567077B8F3ABB8643ED35",
  "runtimes\\win-x64\\native\\SDL2.dll": "97F7FC9B6C123B6D435454AB1A2F17E6",
  "runtimes\\win-x64\\native\\stbi.dll": "CC51DA724F2030FA76FFD6CC545E50BE",
  "runtimes\\win-x64\\native\\stbi.lib": "927C214DE576219E1F80DBE7798A0502",
  "runtimes\\win-x86\\native\\e_sqlite3.dll": "13D6E18995ADC6D0CF69CBE048532495",
  "runtimes\\win-x86\\native\\glfw3.dll": "B261528A2635D79B9AAB8E90AD7B19BE",
  "runtimes\\win-x86\\native\\SDL2.dll": "C050EAABA575C2D6A40FD465F0699E8F",
  "targets\\Dalamud.Plugin.Bootstrap.targets": "C85635161398CD9852CF7212DB7EB904",
  "targets\\Dalamud.Plugin.targets": "394EE2BEC70254F76ABBE2C33F62BBFA",
  "BitFaster.Caching.dll": "68CD8D792282546FA14798F14531E76D",
  "CheapLoc.dll": "9BB0287E7A2117A85789E3EBB2C52E61",
  "cimgui.dll": "5A44D328CF1FF9BCEA0DF538DFE6532F",
  "cimguizmo.dll": "B2C9E318F652CDC41EBA0D61ACA6A2B1",
  "cimplot.dll": "24AF122E4EB476A0FAE8DA5347E4172F",
  "commit_hash.txt": "08293812A4BD1F6059EDCA528842E175",
  "Dalamud.Boot.dll": "4F17AA78A9F57CC57CA5956297726640",
  "Dalamud.Common.dll": "1DE3143DA7493E425CD7E0254A7E1FDE",
  "Dalamud.deps.json": "1C88A2ED455199652E07DF593021AC63",
  "Dalamud.dll": "DE77B3FF514ACB0C6FC87E5858C890C3",
  "Dalamud.Injector.deps.json": "C21972522E8133995B2C9562B3E39983",
  "Dalamud.Injector.dll": "42488A80BB63B74579B3C1D75A77E0D5",
  "Dalamud.Injector.exe": "815B06C00EC1551BC7BB883C9D6A59ED",
  "Dalamud.Injector.runtimeconfig.json": "439C534917CEF268A731631073E50FE4",
  "Dalamud.Injector.xml": "6730B8BB13078B71889B5A56C5DFAC6D",
  "Dalamud.runtimeconfig.json": "CA3935E9C6B9E3300F2D7171E4AF6335",
  "Dalamud.xml": "F21C1AF09A8F2A91A6F3FB8A5332CDAE",
  "DalamudCrashHandler.exe": "E7FC1DA3CBEB162D26CFED556925B467",
  "FASM-LICENSE.TXT": "ECEA1D10811221D5F0A3E96F9C38E2C7",
  "FASM.DLL": "58352CBD273148233275734EC99195DD",
  "FASMX64.DLL": "529BC694811C75351478C7EAB1ABF4A3",
  "FFXIVClientStructs.dll": "67703CAD9B626B2EE4AE8E67304B4C01",
  "FFXIVClientStructs.xml": "AEC2415D77AD9CCCE2842933C772013C",
  "goaaats.Reloaded.Assembler.targets": "CC22CB0A353E2136EE9E6E96DB9F7164",
  "Iced.dll": "F2C740492FBC0BA452083F42DAA93C92",
  "ImGui.NET.dll": "C8856F114C1B284F37095699B4D6959D",
  "ImGuiScene.dll": "8BF0A625B337D484857EFDD29B38AB38",
  "InteropGenerator.Runtime.dll": "032BD56811FF02F30D120C7DD173F84D",
  "JetBrains.Annotations.dll": "51AB7D7152CC6E62C049C21F84036B24",
  "licenses.txt": "A159BE62AA91178EFC3E3983AE874D1D",
  "Lumina.dll": "EAF16E292BAC926FFE4B3B2CC29E84BA",
  "Lumina.Excel.dll": "6BF8561A41B69717A158F2E7628F6633",
  "Microsoft.Bcl.HashCode.dll": "613AB56061ADF2284E047025207467E0",
  "Microsoft.DotNet.PlatformAbstractions.dll": "00AB0F02B1114C57C758F5AD595224F1",
  "Microsoft.Extensions.DependencyModel.dll": "F39BC76C10CFEA478C936FC4521A9FC9",
  "Microsoft.Extensions.ObjectPool.dll": "B0558CE087EAE95853E35579300F3A77",
  "MinSharp.dll": "14F0605A4ACE77F45D798DE78EE676D3",
  "Mono.Cecil.dll": "F81EE58FB0AC7E41771927868EB4CBFF",
  "Mono.Cecil.Mdb.dll": "B71EFE404AF2B10F4D340BE6BCD733DF",
  "Mono.Cecil.Pdb.dll": "8D61BF3E116CD13A7BE2399E2398A12F",
  "Mono.Cecil.Rocks.dll": "8414CA716431A06D962E6E41ACB446E5",
  "nethost.dll": "21F39F71E2F4B5BA9FB3F126872F2F9B",
  "Newtonsoft.Json.dll": "ADF3E3EECDE20B7C9661E9C47106A14A",
  "PeNet.Asn1.dll": "63ACCA07DCB8103E14306C3B07C28FFF",
  "PeNet.dll": "D369C407C5EB72AAE278C2B08291C637",
  "PInvoke.AdvApi32.dll": "34EE461D05B403C3A15D0DEC32A3788C",
  "PInvoke.BCrypt.dll": "FD07758EE1440491F22923084109FF26",
  "PInvoke.Cabinet.dll": "333D950E3804735DA60CC41D614C63E2",
  "PInvoke.CfgMgr32.dll": "768BE7CC18EDCF78B296A72ABE891691",
  "PInvoke.Crypt32.dll": "E7B00B0851738F4A7F2C6D37DAA973B4",
  "PInvoke.DbgHelp.dll": "E701136169620D20E3A70B560DE20E44",
  "PInvoke.DwmApi.dll": "ACF223CC8962404056648815B486F7D9",
  "PInvoke.Gdi32.dll": "69FF434826F98582CE44D3136ECFFACB",
  "PInvoke.Hid.dll": "2E7A41257F8AD9B26073181F450CD8E5",
  "PInvoke.ImageHlp.dll": "79BE816E8D86EA66489D7780DD675D49",
  "PInvoke.IPHlpApi.dll": "E949FA3326D1BA8872B179AB4EE49D38",
  "PInvoke.Kernel32.dll": "234E15B122ED430DE99490CA1A204958",
  "PInvoke.Magnification.dll": "C9EA3D34F506741ECC044DB19C151F09",
  "PInvoke.Msi.dll": "69EE50CE2DA6B55755E52589F49A7EBC",
  "PInvoke.NCrypt.dll": "DA1DE76C14D99370CA3BEF19DC299B15",
  "PInvoke.NetApi32.dll": "AE79F9FA2E3864A5E0642AE4622ECDC5",
  "PInvoke.NewDev.dll": "B3E1992105D986EF9C5C8E4B630FBB07",
  "PInvoke.NTDll.dll": "3F6BDF840EB27DD0FD9EB8071822183A",
  "PInvoke.Ole32.dll": "3C49FB100B60519FFE725BCD12A538F6",
  "PInvoke.Psapi.dll": "A7683EE4B880227F01C8AE632A892B9E",
  "PInvoke.SetupApi.dll": "1B7AE321185D0081D1759A9AD829F9BA",
  "PInvoke.SHCore.dll": "F27E7F063D51480F6D2294C903E4A606",
  "PInvoke.Shell32.dll": "F71A1BCAF6478190691170DAEA77722F",
  "PInvoke.User32.dll": "8BEDE38311ED4F27127290B81B8079FD",
  "PInvoke.Userenv.dll": "FEB7BCA90B8C905EC2F4BB0789847131",
  "PInvoke.UxTheme.dll": "8E683C016250CB719FDB9AAAFC22B3C5",
  "PInvoke.Windows.Core.dll": "90015440A44935208FFEA9BF61740651",
  "PInvoke.Windows.ShellScalingApi.dll": "F351B34B8C9183A51CADFDC279357C49",
  "PInvoke.WinUsb.dll": "9EB8A0280F2848D1A32B560A939F7336",
  "PInvoke.WtsApi32.dll": "341C94455D2E5893DBE4293D4D67AA4D",
  "Reloaded.Assembler.dll": "6F3DE01A9A4C292B156FFC2ED2551EBE",
  "Reloaded.Hooks.Definitions.dll": "041C07EF2A667F5AABF016C589147740",
  "Reloaded.Hooks.dll": "04D434C90BD32BF034E0EBDB9EEFC51E",
  "Reloaded.Memory.Buffers.dll": "4422E38FB3B13858C8E20B214CF14E54",
  "Reloaded.Memory.dll": "74D311A1D0C331BC7C22C0AB3A74CD69",
  "revision.txt": "48FBAB00052197BC8BD943498B89DD71",
  "SDL2-CS.config": "65557595FD5DF55D93B2BF881DE62C3A",
  "SDL2-CS.dll": "446014E3DEE66AD1BEBD0CD5EAF9EF9E",
  "Serilog.dll": "307D105389F503D657392236FC3B1652",
  "Serilog.Sinks.Async.dll": "C48C7A5A1A9E9A5A72BAF6AA5E7F5FE3",
  "Serilog.Sinks.Console.dll": "11B957F48D6CC2F1EB534830DCF3EDAD",
  "Serilog.Sinks.File.dll": "AF59914BC65F254203D709ED96022E0F",
  "SharpDX.Direct3D11.dll": "DDBB1C1230BBB5E947B6A46F6532A2BA",
  "SharpDX.dll": "B5DE26903FB2770A569E142ABBB498A7",
  "SharpDX.DXGI.dll": "3EF968AC65A13052366E59CDD0CE6B5B",
  "SharpDX.Mathematics.dll": "B965DD501DA1409CE92FBDBF330C1D5E",
  "Silk.NET.Core.dll": "7B84882DD0CF45AD0142446A885F22D4",
  "Silk.NET.GLFW.dll": "A2C2015555845729D54C35574413BDD0",
  "Silk.NET.Maths.dll": "5E967D051E90AE83EBD4114FFAD0FF91",
  "Silk.NET.OpenGL.dll": "D667FC67C8488A31E81907C27034488D",
  "Silk.NET.SDL.dll": "FC1101C33A5794CFA46D2E028879100D",
  "Silk.NET.Windowing.Common.dll": "5D5E801D5A2689BFAEBF31D754B2E58E",
  "Silk.NET.Windowing.Glfw.dll": "DEE7D51F26B3C075065A4D929AA089F1",
  "Silk.NET.Windowing.Sdl.dll": "4935A48B038D26966E78689C1C2C42CD",
  "SQLite-net.dll": "CFF523A8278F5225D9F68D69538B5A9C",
  "SQLitePCLRaw.batteries_v2.dll": "3387A068DACF13526432250978C3A5FE",
  "SQLitePCLRaw.core.dll": "D20A10DA268C29385F2E03F0264578CB",
  "SQLitePCLRaw.nativelibrary.dll": "B243C220404DB5EB26D368F323F541D9",
  "SQLitePCLRaw.provider.dynamic_cdecl.dll": "D54C8B16954E3C94A4034EFCDCEF6D35",
  "StbiSharp.dll": "9DFAE121C426E4233A6351B68313655A",
  "System.Reactive.dll": "EF5A00287AD15393D41B12AA4B726FF7",
  "System.Reflection.MetadataLoadContext.dll": "E88E3AF6D37736F339022C9ACC5F2F7B",
  "System.Security.Cryptography.Pkcs.dll": "8950E01996A37E808BE3F39063C37BF9",
  "TEMP_gitver.txt": "C4AE1F7739BAB3D586BBE743C01C1B6A",
  "TerraFX.Interop.Windows.dll": "84F7EF6B0DE91F8CC23F773D3FD6DEC0",
  "Validation.dll": "F347307ADE78795E3C4CDF5E30625C07"
}
