{
  "runtimes\\alpine-x64\\native\\libe_sqlite3.so": "39C244FEDBCD3DFC37041D4FCE1AE21D",
  "runtimes\\linux-arm\\native\\libe_sqlite3.so": "96CF54BC0EFB83D6E3F5F3E04997A59D",
  "runtimes\\linux-arm64\\native\\libe_sqlite3.so": "F079E55E7F3F9966A4A2052A3234E068",
  "runtimes\\linux-armel\\native\\libe_sqlite3.so": "C5A67D49434FC65D64E9C15778078C76",
  "runtimes\\linux-mips64\\native\\libe_sqlite3.so": "5F8461214089CFC677D46C19B7162161",
  "runtimes\\linux-musl-x64\\native\\libe_sqlite3.so": "39C244FEDBCD3DFC37041D4FCE1AE21D",
  "runtimes\\linux-x64\\native\\libe_sqlite3.so": "6F49C540D3AB9964D67A4A704C3D262D",
  "runtimes\\linux-x64\\native\\libglfw.so.3": "9E3137144F68B9E9793F4C7AD5B1BEA7",
  "runtimes\\linux-x64\\native\\libSDL2-2.0.so": "99B95A708381FC66AB2370E45A260527",
  "runtimes\\linux-x64\\native\\libstbi.so": "0945355ED59677D06E3E88F48101BB26",
  "runtimes\\linux-x86\\native\\libe_sqlite3.so": "5E0659B414CBD6DDC38C65582485853E",
  "runtimes\\osx-x64\\native\\libe_sqlite3.dylib": "F82AE134FCD1C080A69D775591406673",
  "runtimes\\osx-x64\\native\\libglfw.3.dylib": "1E30FAB2F0C40E82290AD4B0BF14A880",
  "runtimes\\osx-x64\\native\\libSDL2-2.0.dylib": "AAC958490586C67395F0A90903AE3747",
  "runtimes\\osx-x64\\native\\libstbi.dylib": "0B84B0A6A80178266018081C3CAB68E6",
  "runtimes\\win-arm\\native\\e_sqlite3.dll": "74333E2EFF34F658F3CA988FC9B69105",
  "runtimes\\win-arm64\\native\\e_sqlite3.dll": "EF22AA19AA940B93AA849932D2680992",
  "runtimes\\win-x64\\native\\e_sqlite3.dll": "463A002E1AA5935129601D7A9754CE70",
  "runtimes\\win-x64\\native\\glfw3.dll": "3BD55533C130B1AF22321B3B644A9282",
  "runtimes\\win-x64\\native\\minhook.x64d.dll": "87AC8A9B72E3F2FF5A0A0FFDA8FF4359",
  "runtimes\\win-x64\\native\\SDL2.dll": "AB7FBEEB943545A748F24FA3D0B45FD1",
  "runtimes\\win-x64\\native\\stbi.dll": "D957C71CBD354AC842599911B64792B7",
  "runtimes\\win-x64\\native\\stbi.lib": "927C214DE576219E1F80DBE7798A0502",
  "runtimes\\win-x86\\native\\e_sqlite3.dll": "4F0B8B64B9CA183674B956D43C63B6C1",
  "runtimes\\win-x86\\native\\glfw3.dll": "4A41E5A39F511D5527150458D4EFC447",
  "runtimes\\win-x86\\native\\SDL2.dll": "C11F6F1F85F424C85356050E06802E8C",
  "targets\\Dalamud.Plugin.Bootstrap.targets": "C85635161398CD9852CF7212DB7EB904",
  "targets\\Dalamud.Plugin.targets": "394EE2BEC70254F76ABBE2C33F62BBFA",
  "BitFaster.Caching.dll": "192A7EA3FB56CFAC9F972AF653950BA3",
  "CheapLoc.dll": "087EC92793348B9412AA3B96564EB090",
  "cimgui.dll": "42C5C077C650C16941CD452305EFAD07",
  "cimguizmo.dll": "B66B03F9919CC2FAF38FED6AC622D98F",
  "cimplot.dll": "8FDDC256E96C3FAB91563773F04770A9",
  "commit_hash.txt": "B784560F5149DC2C8800751D0D1972B3",
  "Dalamud.Boot.dll": "CC0506ACAD9E73764A1FB2DA13CB6158",
  "Dalamud.Common.dll": "AA5395473164EEAC98F7737B19997EF2",
  "Dalamud.deps.json": "D8737DF2D50D4221564B8D2822711BBF",
  "Dalamud.dll": "AEAF150519070500A0F0271DC2510CE0",
  "Dalamud.Injector.deps.json": "C21972522E8133995B2C9562B3E39983",
  "Dalamud.Injector.dll": "9F312A50372368414A1977A61C44A960",
  "Dalamud.Injector.exe": "C738CBB6A10433B9A5F2FA5BDBDA1A4F",
  "Dalamud.Injector.runtimeconfig.json": "439C534917CEF268A731631073E50FE4",
  "Dalamud.Injector.xml": "6730B8BB13078B71889B5A56C5DFAC6D",
  "Dalamud.runtimeconfig.json": "CA3935E9C6B9E3300F2D7171E4AF6335",
  "Dalamud.xml": "F21C1AF09A8F2A91A6F3FB8A5332CDAE",
  "DalamudCrashHandler.exe": "645593EB3ED971A165219670D7043E46",
  "FASM-LICENSE.TXT": "ECEA1D10811221D5F0A3E96F9C38E2C7",
  "FASM.DLL": "CC69A3DE28E97F48B7FAE666D04F153F",
  "FASMX64.DLL": "EB60859B3CC1AA1AE6B877AB53A5A3E3",
  "FFXIVClientStructs.dll": "47B70056485BE19FEC8DE74F0FD1CBD5",
  "FFXIVClientStructs.xml": "0BBB654482D740289917CEA2059C4715",
  "goaaats.Reloaded.Assembler.targets": "CC22CB0A353E2136EE9E6E96DB9F7164",
  "Iced.dll": "DBF05EC516A611BCFF857D922FCD34CE",
  "ImGui.NET.dll": "454573F43AAEE2AF1FCA3FDBED7E1B85",
  "ImGuiScene.dll": "854A33BDEBA0EC50A76F287930EC0C90",
  "InteropGenerator.Runtime.dll": "4074C54C1F510BF3D476BB509D8A714C",
  "JetBrains.Annotations.dll": "3A067C35056B28E2A2B961CABB2BB20E",
  "licenses.txt": "A159BE62AA91178EFC3E3983AE874D1D",
  "Lumina.dll": "CBE2921CCE538263A0F5A06D27C9F043",
  "Lumina.Excel.dll": "9427D2FAE7238D141A7F026B599AF7DC",
  "Microsoft.Bcl.HashCode.dll": "613AB56061ADF2284E047025207467E0",
  "Microsoft.DotNet.PlatformAbstractions.dll": "00AB0F02B1114C57C758F5AD595224F1",
  "Microsoft.Extensions.DependencyModel.dll": "F39BC76C10CFEA478C936FC4521A9FC9",
  "Microsoft.Extensions.ObjectPool.dll": "B0558CE087EAE95853E35579300F3A77",
  "MinSharp.dll": "36A62002E26FCA432A1E4E15EB6BD7C8",
  "Mono.Cecil.dll": "D1249498AFD639BF6F8827B8B14B9E80",
  "Mono.Cecil.Mdb.dll": "EAC8DDCD67A9F6DCB7DE842828371C16",
  "Mono.Cecil.Pdb.dll": "8B357613441051AD75F881FF35E6E538",
  "Mono.Cecil.Rocks.dll": "26E0FA2D31D4E5DFE3F43CDBF09705BE",
  "nethost.dll": "21F39F71E2F4B5BA9FB3F126872F2F9B",
  "Newtonsoft.Json.dll": "ADF3E3EECDE20B7C9661E9C47106A14A",
  "PeNet.Asn1.dll": "A5ABDEAFD9A77318E769A91DEC7C921B",
  "PeNet.dll": "1C339B3673840A9A756E3CD4B128B49C",
  "PInvoke.AdvApi32.dll": "34EE461D05B403C3A15D0DEC32A3788C",
  "PInvoke.BCrypt.dll": "FD07758EE1440491F22923084109FF26",
  "PInvoke.Cabinet.dll": "333D950E3804735DA60CC41D614C63E2",
  "PInvoke.CfgMgr32.dll": "768BE7CC18EDCF78B296A72ABE891691",
  "PInvoke.Crypt32.dll": "E7B00B0851738F4A7F2C6D37DAA973B4",
  "PInvoke.DbgHelp.dll": "E701136169620D20E3A70B560DE20E44",
  "PInvoke.DwmApi.dll": "ACF223CC8962404056648815B486F7D9",
  "PInvoke.Gdi32.dll": "69FF434826F98582CE44D3136ECFFACB",
  "PInvoke.Hid.dll": "2E7A41257F8AD9B26073181F450CD8E5",
  "PInvoke.ImageHlp.dll": "79BE816E8D86EA66489D7780DD675D49",
  "PInvoke.IPHlpApi.dll": "E949FA3326D1BA8872B179AB4EE49D38",
  "PInvoke.Kernel32.dll": "234E15B122ED430DE99490CA1A204958",
  "PInvoke.Magnification.dll": "C9EA3D34F506741ECC044DB19C151F09",
  "PInvoke.Msi.dll": "69EE50CE2DA6B55755E52589F49A7EBC",
  "PInvoke.NCrypt.dll": "DA1DE76C14D99370CA3BEF19DC299B15",
  "PInvoke.NetApi32.dll": "AE79F9FA2E3864A5E0642AE4622ECDC5",
  "PInvoke.NewDev.dll": "B3E1992105D986EF9C5C8E4B630FBB07",
  "PInvoke.NTDll.dll": "3F6BDF840EB27DD0FD9EB8071822183A",
  "PInvoke.Ole32.dll": "3C49FB100B60519FFE725BCD12A538F6",
  "PInvoke.Psapi.dll": "A7683EE4B880227F01C8AE632A892B9E",
  "PInvoke.SetupApi.dll": "1B7AE321185D0081D1759A9AD829F9BA",
  "PInvoke.SHCore.dll": "F27E7F063D51480F6D2294C903E4A606",
  "PInvoke.Shell32.dll": "F71A1BCAF6478190691170DAEA77722F",
  "PInvoke.User32.dll": "8BEDE38311ED4F27127290B81B8079FD",
  "PInvoke.Userenv.dll": "FEB7BCA90B8C905EC2F4BB0789847131",
  "PInvoke.UxTheme.dll": "8E683C016250CB719FDB9AAAFC22B3C5",
  "PInvoke.Windows.Core.dll": "90015440A44935208FFEA9BF61740651",
  "PInvoke.Windows.ShellScalingApi.dll": "F351B34B8C9183A51CADFDC279357C49",
  "PInvoke.WinUsb.dll": "9EB8A0280F2848D1A32B560A939F7336",
  "PInvoke.WtsApi32.dll": "341C94455D2E5893DBE4293D4D67AA4D",
  "Reloaded.Assembler.dll": "06901E78BF89CE081A5F884B2FF8110E",
  "Reloaded.Hooks.Definitions.dll": "EE48F8D4C5A36795C1D50C2EAC998FBF",
  "Reloaded.Hooks.dll": "C0ADA77704DD2258DCAFABA8F6F3C66C",
  "Reloaded.Memory.Buffers.dll": "5F734E243668A8A021446AC8CE587B71",
  "Reloaded.Memory.dll": "65516B87D24BB0238AC9309F48B3ADCB",
  "revision.txt": "754C32EB39C6DFD8B7C97531A459937C",
  "SDL2-CS.config": "65557595FD5DF55D93B2BF881DE62C3A",
  "SDL2-CS.dll": "86D271DBC79A350EA01C9336A381BFCB",
  "Serilog.dll": "11FE38094AF3F26127F595A7B2983962",
  "Serilog.Sinks.Async.dll": "ACA9989D32781A2AC5946CD25ED37229",
  "Serilog.Sinks.Console.dll": "4CE8542AC079AFDC5188FA1360F4F230",
  "Serilog.Sinks.File.dll": "5792A9CCC831E6628360218562DF04A8",
  "SharpDX.Direct3D11.dll": "6BBCA874309197D2DC1010D2FC8FE38B",
  "SharpDX.dll": "92B56464F871FFF5D6BDEDF3394F34CD",
  "SharpDX.DXGI.dll": "02E0CAB91193C530A8437D74BFAEF9FA",
  "SharpDX.Mathematics.dll": "FE8870BB8A29FFF29620ED36FDF23A07",
  "Silk.NET.Core.dll": "9342FF082DE391793B68E2759B80B9FA",
  "Silk.NET.GLFW.dll": "0C1C122D944CEFF488AB9DD043EDA7A1",
  "Silk.NET.Maths.dll": "DD8D06AE618801C6A279A498A2ED7B12",
  "Silk.NET.OpenGL.dll": "E8A5C088607DD6BD324078C2912083C2",
  "Silk.NET.SDL.dll": "9C37E7F113123F76DAAE6F05726A7617",
  "Silk.NET.Windowing.Common.dll": "48854FF1D0B810203EF613D479AF0F64",
  "Silk.NET.Windowing.Glfw.dll": "67B0191E6ADA9B41A9C556FB44622FD9",
  "Silk.NET.Windowing.Sdl.dll": "601BBF65701FD797E140433FFF387034",
  "SQLite-net.dll": "3B6A648E163AD619C5537448854013DA",
  "SQLitePCLRaw.batteries_v2.dll": "E0B008C0CE17EF96321973E5DDEFA08B",
  "SQLitePCLRaw.core.dll": "54DD3D7EF5BF10B2D534AF9BCFF9612B",
  "SQLitePCLRaw.nativelibrary.dll": "52A1D85ED683BF6F921E7E755471C941",
  "SQLitePCLRaw.provider.dynamic_cdecl.dll": "2F3759B8004C49A9292ABBCA41E55681",
  "StbiSharp.dll": "36736E6DDBAA467F540A84AFB8E9A7EE",
  "System.Reactive.dll": "EF5A00287AD15393D41B12AA4B726FF7",
  "System.Reflection.MetadataLoadContext.dll": "E88E3AF6D37736F339022C9ACC5F2F7B",
  "System.Security.Cryptography.Pkcs.dll": "8950E01996A37E808BE3F39063C37BF9",
  "TEMP_gitver.txt": "07811EFF79F95B77074AF0A6E13A55EC",
  "TerraFX.Interop.Windows.dll": "84F7EF6B0DE91F8CC23F773D3FD6DEC0",
  "Validation.dll": "C110F899B360076675AC05C0A42088AE"
}
