{
  "runtimes\\alpine-x64\\native\\libe_sqlite3.so": "39C244FEDBCD3DFC37041D4FCE1AE21D",
  "runtimes\\linux-arm\\native\\libe_sqlite3.so": "96CF54BC0EFB83D6E3F5F3E04997A59D",
  "runtimes\\linux-arm64\\native\\libe_sqlite3.so": "F079E55E7F3F9966A4A2052A3234E068",
  "runtimes\\linux-armel\\native\\libe_sqlite3.so": "C5A67D49434FC65D64E9C15778078C76",
  "runtimes\\linux-mips64\\native\\libe_sqlite3.so": "5F8461214089CFC677D46C19B7162161",
  "runtimes\\linux-musl-x64\\native\\libe_sqlite3.so": "39C244FEDBCD3DFC37041D4FCE1AE21D",
  "runtimes\\linux-x64\\native\\libe_sqlite3.so": "6F49C540D3AB9964D67A4A704C3D262D",
  "runtimes\\linux-x64\\native\\libglfw.so.3": "9E3137144F68B9E9793F4C7AD5B1BEA7",
  "runtimes\\linux-x64\\native\\libSDL2-2.0.so": "99B95A708381FC66AB2370E45A260527",
  "runtimes\\linux-x64\\native\\libstbi.so": "0945355ED59677D06E3E88F48101BB26",
  "runtimes\\linux-x86\\native\\libe_sqlite3.so": "5E0659B414CBD6DDC38C65582485853E",
  "runtimes\\osx-x64\\native\\libe_sqlite3.dylib": "F82AE134FCD1C080A69D775591406673",
  "runtimes\\osx-x64\\native\\libglfw.3.dylib": "1E30FAB2F0C40E82290AD4B0BF14A880",
  "runtimes\\osx-x64\\native\\libSDL2-2.0.dylib": "AAC958490586C67395F0A90903AE3747",
  "runtimes\\osx-x64\\native\\libstbi.dylib": "0B84B0A6A80178266018081C3CAB68E6",
  "runtimes\\win-arm\\native\\e_sqlite3.dll": "301DF4E00A3149D63471A768466A32BC",
  "runtimes\\win-arm64\\native\\e_sqlite3.dll": "964CD1C0A249769E04B10E5C929E491F",
  "runtimes\\win-x64\\native\\e_sqlite3.dll": "14AF151282211E758D87B999203602F4",
  "runtimes\\win-x64\\native\\glfw3.dll": "F999AE113041AA424D31947A99773FB6",
  "runtimes\\win-x64\\native\\minhook.x64d.dll": "81D49C69B4AEF8E0270F72B63754E4F6",
  "runtimes\\win-x64\\native\\SDL2.dll": "2E77BCBE26DE35D41EB58E9999E0A6D5",
  "runtimes\\win-x64\\native\\stbi.dll": "96355A0C6F3EC3A01D965CAD95F358E9",
  "runtimes\\win-x64\\native\\stbi.lib": "927C214DE576219E1F80DBE7798A0502",
  "runtimes\\win-x86\\native\\e_sqlite3.dll": "1DDC62F9FD44504FA8394B1583021B30",
  "runtimes\\win-x86\\native\\glfw3.dll": "4184D22A87314DFC19A20D3AACEF9FF0",
  "runtimes\\win-x86\\native\\SDL2.dll": "267626F839A3FE1A953FEFBFA251AED2",
  "targets\\Dalamud.Plugin.Bootstrap.targets": "C85635161398CD9852CF7212DB7EB904",
  "targets\\Dalamud.Plugin.targets": "394EE2BEC70254F76ABBE2C33F62BBFA",
  "BitFaster.Caching.dll": "A6E5733C66CD3C6A3A5D1453C167B891",
  "CheapLoc.dll": "F53FF8AA01C16A113163A39222FF2AE6",
  "cimgui.dll": "A06864F70F5B42EE206411A56856F46F",
  "cimguizmo.dll": "E0E94DE75B75C8DC03D8AB5049234B47",
  "cimplot.dll": "19E7C6DDA349A9238DA01964FA4FB445",
  "commit_hash.txt": "3D941AA40F90507C1377C28B792DE7E4",
  "Dalamud.Boot.dll": "09D8BFFC5FECDDBF0EE75E8CEBE3221A",
  "Dalamud.Common.dll": "70BD85F3C8DDB78E2895C907581149AE",
  "Dalamud.deps.json": "AE0C501C1C2A20774C7484319CDF32CC",
  "Dalamud.dll": "3CA004AB72F5F1F221A3D54FB7AE118F",
  "Dalamud.Injector.deps.json": "C21972522E8133995B2C9562B3E39983",
  "Dalamud.Injector.dll": "858EFA776BF5983BCAE59C3F72A505F4",
  "Dalamud.Injector.exe": "0C4B52901CD951F0033388113B47338D",
  "Dalamud.Injector.runtimeconfig.json": "439C534917CEF268A731631073E50FE4",
  "Dalamud.Injector.xml": "6730B8BB13078B71889B5A56C5DFAC6D",
  "Dalamud.runtimeconfig.json": "CA3935E9C6B9E3300F2D7171E4AF6335",
  "Dalamud.xml": "C7C36D62F0112A1FF291505ADC8639D8",
  "DalamudCrashHandler.exe": "63A6630FB1786C82FCEE6EF324649C0A",
  "FASM-LICENSE.TXT": "ECEA1D10811221D5F0A3E96F9C38E2C7",
  "FASM.DLL": "7D04FB60182A53F5531E6EDEAC079BF4",
  "FASMX64.DLL": "7F09D252F55FBAB9A1BCD7428A650699",
  "FFXIVClientStructs.dll": "E32EF8A2578FEE63F5A6997F611510DF",
  "FFXIVClientStructs.xml": "4F63CB455B4858A25F4A6D1D821EE980",
  "goaaats.Reloaded.Assembler.targets": "CC22CB0A353E2136EE9E6E96DB9F7164",
  "Iced.dll": "87A3DA3BC404EF3D0E57A709F3C3B700",
  "ImGui.NET.dll": "281D7FF88A62EEE7E9F84C9EA30B7462",
  "ImGuiScene.dll": "A6823AA7FCBEDFAFFDBF39CF055E0BE5",
  "InteropGenerator.Runtime.dll": "7133EC6BCCA2C008D74216B600293C11",
  "JetBrains.Annotations.dll": "21E645B45FB270EE896E900394580C4D",
  "licenses.txt": "A159BE62AA91178EFC3E3983AE874D1D",
  "Lumina.dll": "B2416AB0A7039BD68901D07EEDD25FE5",
  "Lumina.Excel.dll": "82308D8D1A1B848A628B0DED404BA84B",
  "Microsoft.Bcl.HashCode.dll": "613AB56061ADF2284E047025207467E0",
  "Microsoft.DotNet.PlatformAbstractions.dll": "00AB0F02B1114C57C758F5AD595224F1",
  "Microsoft.Extensions.DependencyModel.dll": "F39BC76C10CFEA478C936FC4521A9FC9",
  "Microsoft.Extensions.ObjectPool.dll": "B0558CE087EAE95853E35579300F3A77",
  "MinSharp.dll": "E425E1DFEE0015D95BD969F9BCE943E4",
  "Mono.Cecil.dll": "792888B3C7F565C8D599967C8736589B",
  "Mono.Cecil.Mdb.dll": "B434D15F8CE9CE2D932285B3C7554DE6",
  "Mono.Cecil.Pdb.dll": "7615074186D6EC0793399BEB3D2F6639",
  "Mono.Cecil.Rocks.dll": "7342E0E3133601D52E9EF850F90BD80F",
  "nethost.dll": "21F39F71E2F4B5BA9FB3F126872F2F9B",
  "Newtonsoft.Json.dll": "ADF3E3EECDE20B7C9661E9C47106A14A",
  "PeNet.Asn1.dll": "1D9F0946685A322E16CEEDBBDCB98460",
  "PeNet.dll": "F8E61E5008BEEFA2E4FCD20AFE808519",
  "PInvoke.AdvApi32.dll": "34EE461D05B403C3A15D0DEC32A3788C",
  "PInvoke.BCrypt.dll": "FD07758EE1440491F22923084109FF26",
  "PInvoke.Cabinet.dll": "333D950E3804735DA60CC41D614C63E2",
  "PInvoke.CfgMgr32.dll": "768BE7CC18EDCF78B296A72ABE891691",
  "PInvoke.Crypt32.dll": "E7B00B0851738F4A7F2C6D37DAA973B4",
  "PInvoke.DbgHelp.dll": "E701136169620D20E3A70B560DE20E44",
  "PInvoke.DwmApi.dll": "ACF223CC8962404056648815B486F7D9",
  "PInvoke.Gdi32.dll": "69FF434826F98582CE44D3136ECFFACB",
  "PInvoke.Hid.dll": "2E7A41257F8AD9B26073181F450CD8E5",
  "PInvoke.ImageHlp.dll": "79BE816E8D86EA66489D7780DD675D49",
  "PInvoke.IPHlpApi.dll": "E949FA3326D1BA8872B179AB4EE49D38",
  "PInvoke.Kernel32.dll": "234E15B122ED430DE99490CA1A204958",
  "PInvoke.Magnification.dll": "C9EA3D34F506741ECC044DB19C151F09",
  "PInvoke.Msi.dll": "69EE50CE2DA6B55755E52589F49A7EBC",
  "PInvoke.NCrypt.dll": "DA1DE76C14D99370CA3BEF19DC299B15",
  "PInvoke.NetApi32.dll": "AE79F9FA2E3864A5E0642AE4622ECDC5",
  "PInvoke.NewDev.dll": "B3E1992105D986EF9C5C8E4B630FBB07",
  "PInvoke.NTDll.dll": "3F6BDF840EB27DD0FD9EB8071822183A",
  "PInvoke.Ole32.dll": "3C49FB100B60519FFE725BCD12A538F6",
  "PInvoke.Psapi.dll": "A7683EE4B880227F01C8AE632A892B9E",
  "PInvoke.SetupApi.dll": "1B7AE321185D0081D1759A9AD829F9BA",
  "PInvoke.SHCore.dll": "F27E7F063D51480F6D2294C903E4A606",
  "PInvoke.Shell32.dll": "F71A1BCAF6478190691170DAEA77722F",
  "PInvoke.User32.dll": "8BEDE38311ED4F27127290B81B8079FD",
  "PInvoke.Userenv.dll": "FEB7BCA90B8C905EC2F4BB0789847131",
  "PInvoke.UxTheme.dll": "8E683C016250CB719FDB9AAAFC22B3C5",
  "PInvoke.Windows.Core.dll": "90015440A44935208FFEA9BF61740651",
  "PInvoke.Windows.ShellScalingApi.dll": "F351B34B8C9183A51CADFDC279357C49",
  "PInvoke.WinUsb.dll": "9EB8A0280F2848D1A32B560A939F7336",
  "PInvoke.WtsApi32.dll": "341C94455D2E5893DBE4293D4D67AA4D",
  "Reloaded.Assembler.dll": "C0C5C784E61841BA0163DD3EC36F314C",
  "Reloaded.Hooks.Definitions.dll": "FDC62ACE6EB2AC735154E6C194D099FF",
  "Reloaded.Hooks.dll": "8F37725C54FBAEA5C1899F488C1B1A5B",
  "Reloaded.Memory.Buffers.dll": "149F56496FF63D17651D5C382877526E",
  "Reloaded.Memory.dll": "62BC13DCB5AD503744F1358535ED3462",
  "revision.txt": "C460DC0F18FC309AC07306A4A55D2FD6",
  "SDL2-CS.config": "65557595FD5DF55D93B2BF881DE62C3A",
  "SDL2-CS.dll": "662CEB0517F03D1026D37DFAB62D8A91",
  "Serilog.dll": "BF4D3AD8651289D8AF9A05678FFCA29F",
  "Serilog.Sinks.Async.dll": "5F03EE444D0A380C27945F1EE4D38ACD",
  "Serilog.Sinks.Console.dll": "B8B6F6F6F50300252B27237D232A40B5",
  "Serilog.Sinks.File.dll": "B0ED81285A78B5E95083126C25224BD6",
  "SharpDX.Direct3D11.dll": "577A82D09B607C3405E3604AB33418A2",
  "SharpDX.dll": "8A04FDC5020FB825B52480D78AC1C50C",
  "SharpDX.DXGI.dll": "2AEF45CFF315CCBFCF3FA17A6FEC7378",
  "SharpDX.Mathematics.dll": "7B6FE95D85F0075F5D02F6B033BCEAAB",
  "Silk.NET.Core.dll": "0E395379417DC9987D4ABBA6B7DA3C82",
  "Silk.NET.GLFW.dll": "E1EC81D80E0834F550AD63C999D02FA0",
  "Silk.NET.Maths.dll": "66936E2FB1A43047B0BC5CE329E2189F",
  "Silk.NET.OpenGL.dll": "EDBA9DA59BB87B4DD7E6AB450C3D6545",
  "Silk.NET.SDL.dll": "3FB115ECBA71C626161E26CFE44DD0DD",
  "Silk.NET.Windowing.Common.dll": "4815491C1BEE9E2A73AD052EBD66EF33",
  "Silk.NET.Windowing.Glfw.dll": "F42A8B2FE1C2AF9C8B34E385820AD95F",
  "Silk.NET.Windowing.Sdl.dll": "200E79B35C8A290CB804B24B7D0FA8C6",
  "SQLite-net.dll": "D76E4EFDDB9C1EA7EA1121E8228FAFA8",
  "SQLitePCLRaw.batteries_v2.dll": "C91C5FB7E204D7579B81D5C9BD266E24",
  "SQLitePCLRaw.core.dll": "0535905061711BBF484B2379490C6BAD",
  "SQLitePCLRaw.nativelibrary.dll": "8281B1F741456ADA9CB78F1ABC310C83",
  "SQLitePCLRaw.provider.dynamic_cdecl.dll": "0ECA80013A1CFCDA364034108EFEA0B0",
  "StbiSharp.dll": "86C457935C7548BF7C54BB7EDD644E99",
  "System.Reactive.dll": "EF5A00287AD15393D41B12AA4B726FF7",
  "System.Reflection.MetadataLoadContext.dll": "E88E3AF6D37736F339022C9ACC5F2F7B",
  "System.Security.Cryptography.Pkcs.dll": "8950E01996A37E808BE3F39063C37BF9",
  "TEMP_gitver.txt": "C3DBFCD3F6E2EC53F5BA0F16CC092AC7",
  "TerraFX.Interop.Windows.dll": "84F7EF6B0DE91F8CC23F773D3FD6DEC0",
  "Validation.dll": "AC6B8372786F3410FE0CA9AD379FFB7F"
}
