{
  "runtimes\\alpine-x64\\native\\libe_sqlite3.so": "39C244FEDBCD3DFC37041D4FCE1AE21D",
  "runtimes\\linux-arm\\native\\libe_sqlite3.so": "96CF54BC0EFB83D6E3F5F3E04997A59D",
  "runtimes\\linux-arm64\\native\\libe_sqlite3.so": "F079E55E7F3F9966A4A2052A3234E068",
  "runtimes\\linux-armel\\native\\libe_sqlite3.so": "C5A67D49434FC65D64E9C15778078C76",
  "runtimes\\linux-mips64\\native\\libe_sqlite3.so": "5F8461214089CFC677D46C19B7162161",
  "runtimes\\linux-musl-x64\\native\\libe_sqlite3.so": "39C244FEDBCD3DFC37041D4FCE1AE21D",
  "runtimes\\linux-x64\\native\\libe_sqlite3.so": "6F49C540D3AB9964D67A4A704C3D262D",
  "runtimes\\linux-x64\\native\\libglfw.so.3": "9E3137144F68B9E9793F4C7AD5B1BEA7",
  "runtimes\\linux-x64\\native\\libSDL2-2.0.so": "99B95A708381FC66AB2370E45A260527",
  "runtimes\\linux-x64\\native\\libstbi.so": "0945355ED59677D06E3E88F48101BB26",
  "runtimes\\linux-x86\\native\\libe_sqlite3.so": "5E0659B414CBD6DDC38C65582485853E",
  "runtimes\\osx-x64\\native\\libe_sqlite3.dylib": "F82AE134FCD1C080A69D775591406673",
  "runtimes\\osx-x64\\native\\libglfw.3.dylib": "1E30FAB2F0C40E82290AD4B0BF14A880",
  "runtimes\\osx-x64\\native\\libSDL2-2.0.dylib": "AAC958490586C67395F0A90903AE3747",
  "runtimes\\osx-x64\\native\\libstbi.dylib": "0B84B0A6A80178266018081C3CAB68E6",
  "runtimes\\win-arm\\native\\e_sqlite3.dll": "9B2D319D7BCF7E2450772446DBB1B615",
  "runtimes\\win-arm64\\native\\e_sqlite3.dll": "3B750501FDE7C77ED86B29BC0915981A",
  "runtimes\\win-x64\\native\\e_sqlite3.dll": "B3E2DF9434CF320FF48C4C6FA4B69346",
  "runtimes\\win-x64\\native\\glfw3.dll": "D3BD22B583B893C6053E43587D936F0E",
  "runtimes\\win-x64\\native\\minhook.x64d.dll": "17DF7646E1D09D86491E04E424461B30",
  "runtimes\\win-x64\\native\\SDL2.dll": "8786964EBB1A9E41405C976C3FD76ECF",
  "runtimes\\win-x64\\native\\stbi.dll": "FEA764E6BC3BFB894F7E1BF2F437723B",
  "runtimes\\win-x64\\native\\stbi.lib": "927C214DE576219E1F80DBE7798A0502",
  "runtimes\\win-x86\\native\\e_sqlite3.dll": "43E2C8F4D819118B323D900CA17F9273",
  "runtimes\\win-x86\\native\\glfw3.dll": "784DF473DC51C17F67DB7446DB1F953C",
  "runtimes\\win-x86\\native\\SDL2.dll": "E09E61956D54FC528509E5D5C2320D60",
  "targets\\Dalamud.Plugin.Bootstrap.targets": "C85635161398CD9852CF7212DB7EB904",
  "targets\\Dalamud.Plugin.targets": "394EE2BEC70254F76ABBE2C33F62BBFA",
  "BitFaster.Caching.dll": "D0B83704058E9D3BD6E83F134B34B42D",
  "CheapLoc.dll": "6141E6B36DB7B02A2FE925B3987FD2A7",
  "cimgui.dll": "D930A337990F4C9BD00552AEE99CB240",
  "cimguizmo.dll": "3D17203A7B98C8676381B42474E80ED5",
  "cimplot.dll": "3139AB2B1DD4A5428AC6EA5744E98740",
  "commit_hash.txt": "C5674A52418E9B528574FAF79F404248",
  "Dalamud.Boot.dll": "41944203DBC8B15746B26E23BC24DEA2",
  "Dalamud.Common.dll": "96DDAED55084138083AE9D02084F72AE",
  "Dalamud.deps.json": "AE0C501C1C2A20774C7484319CDF32CC",
  "Dalamud.dll": "93455B116D6A8A7E3365F9F619EB076B",
  "Dalamud.Injector.deps.json": "C21972522E8133995B2C9562B3E39983",
  "Dalamud.Injector.dll": "4426D32C867A67E1CB7E3E49F314EFF2",
  "Dalamud.Injector.exe": "AB1D49A8F0AE710B328DA3C058DE95BF",
  "Dalamud.Injector.runtimeconfig.json": "439C534917CEF268A731631073E50FE4",
  "Dalamud.Injector.xml": "6730B8BB13078B71889B5A56C5DFAC6D",
  "Dalamud.runtimeconfig.json": "CA3935E9C6B9E3300F2D7171E4AF6335",
  "Dalamud.xml": "24B1C5C868D1699E1AF529475F7A6F69",
  "DalamudCrashHandler.exe": "653E31818A5786065B2B3EDF20867C34",
  "FASM-LICENSE.TXT": "ECEA1D10811221D5F0A3E96F9C38E2C7",
  "FASM.DLL": "B905A456DE0162D276A9BC473FE3E491",
  "FASMX64.DLL": "ABB280BDC24890F5ACCB9ED16951981D",
  "FFXIVClientStructs.dll": "733A712D58D5930D1356F90E213A5E3A",
  "FFXIVClientStructs.xml": "4F63CB455B4858A25F4A6D1D821EE980",
  "goaaats.Reloaded.Assembler.targets": "CC22CB0A353E2136EE9E6E96DB9F7164",
  "Iced.dll": "4275DD40C055F2EEDEECDA7675237F52",
  "ImGui.NET.dll": "77070F5532F208E263287454BF09A89C",
  "ImGuiScene.dll": "46F9AEF5C13FC6BA26DE14481616EEC0",
  "InteropGenerator.Runtime.dll": "34B2219EED3CCB87A4DF3FFD5380D093",
  "JetBrains.Annotations.dll": "15B7803D7360E40DC02C743905935F37",
  "licenses.txt": "A159BE62AA91178EFC3E3983AE874D1D",
  "Lumina.dll": "5543DE412EFDCB17F852F0C60A6D3DB3",
  "Lumina.Excel.dll": "DC11086CA1EA13AF954371514A068799",
  "Microsoft.Bcl.HashCode.dll": "613AB56061ADF2284E047025207467E0",
  "Microsoft.DotNet.PlatformAbstractions.dll": "00AB0F02B1114C57C758F5AD595224F1",
  "Microsoft.Extensions.DependencyModel.dll": "F39BC76C10CFEA478C936FC4521A9FC9",
  "Microsoft.Extensions.ObjectPool.dll": "B0558CE087EAE95853E35579300F3A77",
  "MinSharp.dll": "C64728883C54E75202D4EBFAF481965F",
  "Mono.Cecil.dll": "7B020442EE96C961B6C70CC0CC02330D",
  "Mono.Cecil.Mdb.dll": "EDD02958ADC62EE3884AF3974553FBC3",
  "Mono.Cecil.Pdb.dll": "A876F97D3296F09C954DFBAB1321EADC",
  "Mono.Cecil.Rocks.dll": "47748D13E3E534432855A1FE40D9E016",
  "nethost.dll": "21F39F71E2F4B5BA9FB3F126872F2F9B",
  "Newtonsoft.Json.dll": "ADF3E3EECDE20B7C9661E9C47106A14A",
  "PeNet.Asn1.dll": "A51FA1195653D8766A3B9A5FA0B4D86E",
  "PeNet.dll": "6FDA8EE852EB82EA86C4EC1F2424A59C",
  "PInvoke.AdvApi32.dll": "34EE461D05B403C3A15D0DEC32A3788C",
  "PInvoke.BCrypt.dll": "FD07758EE1440491F22923084109FF26",
  "PInvoke.Cabinet.dll": "333D950E3804735DA60CC41D614C63E2",
  "PInvoke.CfgMgr32.dll": "768BE7CC18EDCF78B296A72ABE891691",
  "PInvoke.Crypt32.dll": "E7B00B0851738F4A7F2C6D37DAA973B4",
  "PInvoke.DbgHelp.dll": "E701136169620D20E3A70B560DE20E44",
  "PInvoke.DwmApi.dll": "ACF223CC8962404056648815B486F7D9",
  "PInvoke.Gdi32.dll": "69FF434826F98582CE44D3136ECFFACB",
  "PInvoke.Hid.dll": "2E7A41257F8AD9B26073181F450CD8E5",
  "PInvoke.ImageHlp.dll": "79BE816E8D86EA66489D7780DD675D49",
  "PInvoke.IPHlpApi.dll": "E949FA3326D1BA8872B179AB4EE49D38",
  "PInvoke.Kernel32.dll": "234E15B122ED430DE99490CA1A204958",
  "PInvoke.Magnification.dll": "C9EA3D34F506741ECC044DB19C151F09",
  "PInvoke.Msi.dll": "69EE50CE2DA6B55755E52589F49A7EBC",
  "PInvoke.NCrypt.dll": "DA1DE76C14D99370CA3BEF19DC299B15",
  "PInvoke.NetApi32.dll": "AE79F9FA2E3864A5E0642AE4622ECDC5",
  "PInvoke.NewDev.dll": "B3E1992105D986EF9C5C8E4B630FBB07",
  "PInvoke.NTDll.dll": "3F6BDF840EB27DD0FD9EB8071822183A",
  "PInvoke.Ole32.dll": "3C49FB100B60519FFE725BCD12A538F6",
  "PInvoke.Psapi.dll": "A7683EE4B880227F01C8AE632A892B9E",
  "PInvoke.SetupApi.dll": "1B7AE321185D0081D1759A9AD829F9BA",
  "PInvoke.SHCore.dll": "F27E7F063D51480F6D2294C903E4A606",
  "PInvoke.Shell32.dll": "F71A1BCAF6478190691170DAEA77722F",
  "PInvoke.User32.dll": "8BEDE38311ED4F27127290B81B8079FD",
  "PInvoke.Userenv.dll": "FEB7BCA90B8C905EC2F4BB0789847131",
  "PInvoke.UxTheme.dll": "8E683C016250CB719FDB9AAAFC22B3C5",
  "PInvoke.Windows.Core.dll": "90015440A44935208FFEA9BF61740651",
  "PInvoke.Windows.ShellScalingApi.dll": "F351B34B8C9183A51CADFDC279357C49",
  "PInvoke.WinUsb.dll": "9EB8A0280F2848D1A32B560A939F7336",
  "PInvoke.WtsApi32.dll": "341C94455D2E5893DBE4293D4D67AA4D",
  "Reloaded.Assembler.dll": "B6EEF375E78945198D38DEA6E7073895",
  "Reloaded.Hooks.Definitions.dll": "6D2B1FEED3E1CE17D1DCC0CE5700F137",
  "Reloaded.Hooks.dll": "EA16E9B88CCD51744BEE2EF1FEB534A6",
  "Reloaded.Memory.Buffers.dll": "13D163554CC1196CC397E5C3447A7FA1",
  "Reloaded.Memory.dll": "3A5447EB0FF81B97F4A5ACBF846989C3",
  "revision.txt": "344EF5151BE171062F42F03E69663ECF",
  "SDL2-CS.config": "65557595FD5DF55D93B2BF881DE62C3A",
  "SDL2-CS.dll": "52095ABC9215524466F238EE4E1F442D",
  "Serilog.dll": "5691D136CE8782B477D4CB0EBF391B2E",
  "Serilog.Sinks.Async.dll": "AB49EFC073BCAD3AC0E315D1A67BE8CA",
  "Serilog.Sinks.Console.dll": "0BFAA3FB44FFAC4592923A76BA9C8B4B",
  "Serilog.Sinks.File.dll": "0B352238094059675860174D25E945F1",
  "SharpDX.Direct3D11.dll": "AC829801E3E0363B1AB796C630A216CB",
  "SharpDX.dll": "80A7766065109D4ED0CD4DF2450E82BB",
  "SharpDX.DXGI.dll": "F5F6F69760C01A65F5E356244DA707C0",
  "SharpDX.Mathematics.dll": "621258E3CDB700026A81087E41C5299B",
  "Silk.NET.Core.dll": "4833CF44C832A42A49D3DC26204B4D71",
  "Silk.NET.GLFW.dll": "C013A0009844741B8A2E84C510CA9F7C",
  "Silk.NET.Maths.dll": "096E952C32B2C68DFC5C066F5EDAC206",
  "Silk.NET.OpenGL.dll": "AE8D78EE97C7A84FC98CEAE388C946E8",
  "Silk.NET.SDL.dll": "7196154EDAF44E509DB14D494FCA5D52",
  "Silk.NET.Windowing.Common.dll": "B9D9FE35752DD2BDD648BB092C7F642F",
  "Silk.NET.Windowing.Glfw.dll": "A00986BD5EC420EC45B99328BC69EB20",
  "Silk.NET.Windowing.Sdl.dll": "9ABC6B2866437D2EC9EF2E579A85F6A2",
  "SQLite-net.dll": "6470E8755577AAE54B78A2F48898331F",
  "SQLitePCLRaw.batteries_v2.dll": "2CCFEEDF38EBFF124DD1B9BFD6E75116",
  "SQLitePCLRaw.core.dll": "ACF2824C578AD5660E24897CA13312CF",
  "SQLitePCLRaw.nativelibrary.dll": "2CA071DE0747BBE2C4F4855B799D6DA5",
  "SQLitePCLRaw.provider.dynamic_cdecl.dll": "264DB9EE065BF9AF3EF81ADB7A11FB8D",
  "StbiSharp.dll": "E8E8BFD307F7501203B44992ECC9398F",
  "System.Reactive.dll": "EF5A00287AD15393D41B12AA4B726FF7",
  "System.Reflection.MetadataLoadContext.dll": "E88E3AF6D37736F339022C9ACC5F2F7B",
  "System.Security.Cryptography.Pkcs.dll": "8950E01996A37E808BE3F39063C37BF9",
  "TEMP_gitver.txt": "248D091D80F03197D26340A53C10A846",
  "TerraFX.Interop.Windows.dll": "84F7EF6B0DE91F8CC23F773D3FD6DEC0",
  "Validation.dll": "9D93F8651AA0C94A296D5240A27F7747"
}
