{
  "runtimes\\alpine-x64\\native\\libe_sqlite3.so": "39C244FEDBCD3DFC37041D4FCE1AE21D",
  "runtimes\\linux-arm\\native\\libe_sqlite3.so": "96CF54BC0EFB83D6E3F5F3E04997A59D",
  "runtimes\\linux-arm64\\native\\libe_sqlite3.so": "F079E55E7F3F9966A4A2052A3234E068",
  "runtimes\\linux-armel\\native\\libe_sqlite3.so": "C5A67D49434FC65D64E9C15778078C76",
  "runtimes\\linux-mips64\\native\\libe_sqlite3.so": "5F8461214089CFC677D46C19B7162161",
  "runtimes\\linux-musl-x64\\native\\libe_sqlite3.so": "39C244FEDBCD3DFC37041D4FCE1AE21D",
  "runtimes\\linux-x64\\native\\libe_sqlite3.so": "6F49C540D3AB9964D67A4A704C3D262D",
  "runtimes\\linux-x64\\native\\libglfw.so.3": "9E3137144F68B9E9793F4C7AD5B1BEA7",
  "runtimes\\linux-x64\\native\\libSDL2-2.0.so": "99B95A708381FC66AB2370E45A260527",
  "runtimes\\linux-x64\\native\\libstbi.so": "0945355ED59677D06E3E88F48101BB26",
  "runtimes\\linux-x86\\native\\libe_sqlite3.so": "5E0659B414CBD6DDC38C65582485853E",
  "runtimes\\osx-x64\\native\\libe_sqlite3.dylib": "F82AE134FCD1C080A69D775591406673",
  "runtimes\\osx-x64\\native\\libglfw.3.dylib": "1E30FAB2F0C40E82290AD4B0BF14A880",
  "runtimes\\osx-x64\\native\\libSDL2-2.0.dylib": "AAC958490586C67395F0A90903AE3747",
  "runtimes\\osx-x64\\native\\libstbi.dylib": "0B84B0A6A80178266018081C3CAB68E6",
  "runtimes\\win-arm\\native\\e_sqlite3.dll": "EF67898CE8AF240E42493941E9EF1346",
  "runtimes\\win-arm64\\native\\e_sqlite3.dll": "5857C1DD2709ED797CC5AB31FFF6B8A6",
  "runtimes\\win-x64\\native\\e_sqlite3.dll": "93DFB90ADA1D7F0327EB734FFF8B10EB",
  "runtimes\\win-x64\\native\\glfw3.dll": "3BDB04353E89264403FC23E387FAEC4A",
  "runtimes\\win-x64\\native\\minhook.x64d.dll": "D0ACDD87F239FC16E09BB83F133E6C28",
  "runtimes\\win-x64\\native\\SDL2.dll": "5EEBE9553A1EE123E91485FCC3E239E0",
  "runtimes\\win-x64\\native\\stbi.dll": "CA6E7FECDA2550EAF7DA3463A74CBCB9",
  "runtimes\\win-x64\\native\\stbi.lib": "927C214DE576219E1F80DBE7798A0502",
  "runtimes\\win-x86\\native\\e_sqlite3.dll": "4EEAD758982E099807CC61927CFF8526",
  "runtimes\\win-x86\\native\\glfw3.dll": "15EE6B15934C04C0846BB5FE49640C1F",
  "runtimes\\win-x86\\native\\SDL2.dll": "FA9C36ADDD0AF78293172BD86C6A7542",
  "targets\\Dalamud.Plugin.Bootstrap.targets": "C85635161398CD9852CF7212DB7EB904",
  "targets\\Dalamud.Plugin.targets": "394EE2BEC70254F76ABBE2C33F62BBFA",
  "BitFaster.Caching.dll": "CE36415FCE50C7DAF4316C63BBA203E5",
  "CheapLoc.dll": "E1210E3D6D4600C2C5E75A28854E4FEE",
  "cimgui.dll": "7B2C2715B0B91AA77B5C667B5E10FFC3",
  "cimguizmo.dll": "F3DD989D997EF91FB711D2FAB56B026D",
  "cimplot.dll": "EBADE45B59879A1F975EEA6EAB1525DB",
  "commit_hash.txt": "0E641F2C5391C64E2F864270675F985E",
  "Dalamud.Boot.dll": "4D83F6A1AB60A9876E21739F4DCD407E",
  "Dalamud.Common.dll": "216ECE88705727A9EFFD1F69CBBD2BEB",
  "Dalamud.deps.json": "D8737DF2D50D4221564B8D2822711BBF",
  "Dalamud.dll": "73317BECB36B0EE567D5D096578961E0",
  "Dalamud.Injector.deps.json": "C21972522E8133995B2C9562B3E39983",
  "Dalamud.Injector.dll": "41B2CC6F926DB497AD138968A336CA6C",
  "Dalamud.Injector.exe": "920A3539AAE558B256F992374851E5F3",
  "Dalamud.Injector.runtimeconfig.json": "439C534917CEF268A731631073E50FE4",
  "Dalamud.Injector.xml": "6730B8BB13078B71889B5A56C5DFAC6D",
  "Dalamud.runtimeconfig.json": "CA3935E9C6B9E3300F2D7171E4AF6335",
  "Dalamud.xml": "F21C1AF09A8F2A91A6F3FB8A5332CDAE",
  "DalamudCrashHandler.exe": "7D1970C308D94A704B5EB9BFB2BCBA11",
  "FASM-LICENSE.TXT": "ECEA1D10811221D5F0A3E96F9C38E2C7",
  "FASM.DLL": "75EFE5C9E93153737E2706263B85B798",
  "FASMX64.DLL": "28661EC0982E3ED50CE2664649D09EB8",
  "FFXIVClientStructs.dll": "85AC730D70010E8F927972DFBD697636",
  "FFXIVClientStructs.xml": "0BBB654482D740289917CEA2059C4715",
  "goaaats.Reloaded.Assembler.targets": "CC22CB0A353E2136EE9E6E96DB9F7164",
  "Iced.dll": "F022F59945B8DA1E04397D57A6D01542",
  "ImGui.NET.dll": "B6580464343944C3CB20042803459B9F",
  "ImGuiScene.dll": "7B3971EF91740DFB1334DDA52460AAE1",
  "InteropGenerator.Runtime.dll": "47F4B5F6A8B6581EA389C23CE32D55EF",
  "JetBrains.Annotations.dll": "518833F3892386A6F181845696A0BA99",
  "licenses.txt": "A159BE62AA91178EFC3E3983AE874D1D",
  "Lumina.dll": "EF17F25EE37DDA06EB5413569960FFF3",
  "Lumina.Excel.dll": "CFF2DF7BBB4903C03037E544B9B94271",
  "Microsoft.Bcl.HashCode.dll": "613AB56061ADF2284E047025207467E0",
  "Microsoft.DotNet.PlatformAbstractions.dll": "00AB0F02B1114C57C758F5AD595224F1",
  "Microsoft.Extensions.DependencyModel.dll": "F39BC76C10CFEA478C936FC4521A9FC9",
  "Microsoft.Extensions.ObjectPool.dll": "B0558CE087EAE95853E35579300F3A77",
  "MinSharp.dll": "AB3142A6E0095C584D327A02E796EEE1",
  "Mono.Cecil.dll": "F7E85B3BFBF6BD88E0811BBE115940E8",
  "Mono.Cecil.Mdb.dll": "3905EE018D448FD6A347CDF4457C95F7",
  "Mono.Cecil.Pdb.dll": "A46688FE02C7C102CD2A4B81EB5E7093",
  "Mono.Cecil.Rocks.dll": "8532D03F18B59F7D96031EACD4869A13",
  "nethost.dll": "21F39F71E2F4B5BA9FB3F126872F2F9B",
  "Newtonsoft.Json.dll": "ADF3E3EECDE20B7C9661E9C47106A14A",
  "PeNet.Asn1.dll": "9BE6C780242630630C19D96509673DCF",
  "PeNet.dll": "3C7C3980B1AF1B9EB2BDE210E5083D80",
  "PInvoke.AdvApi32.dll": "34EE461D05B403C3A15D0DEC32A3788C",
  "PInvoke.BCrypt.dll": "FD07758EE1440491F22923084109FF26",
  "PInvoke.Cabinet.dll": "333D950E3804735DA60CC41D614C63E2",
  "PInvoke.CfgMgr32.dll": "768BE7CC18EDCF78B296A72ABE891691",
  "PInvoke.Crypt32.dll": "E7B00B0851738F4A7F2C6D37DAA973B4",
  "PInvoke.DbgHelp.dll": "E701136169620D20E3A70B560DE20E44",
  "PInvoke.DwmApi.dll": "ACF223CC8962404056648815B486F7D9",
  "PInvoke.Gdi32.dll": "69FF434826F98582CE44D3136ECFFACB",
  "PInvoke.Hid.dll": "2E7A41257F8AD9B26073181F450CD8E5",
  "PInvoke.ImageHlp.dll": "79BE816E8D86EA66489D7780DD675D49",
  "PInvoke.IPHlpApi.dll": "E949FA3326D1BA8872B179AB4EE49D38",
  "PInvoke.Kernel32.dll": "234E15B122ED430DE99490CA1A204958",
  "PInvoke.Magnification.dll": "C9EA3D34F506741ECC044DB19C151F09",
  "PInvoke.Msi.dll": "69EE50CE2DA6B55755E52589F49A7EBC",
  "PInvoke.NCrypt.dll": "DA1DE76C14D99370CA3BEF19DC299B15",
  "PInvoke.NetApi32.dll": "AE79F9FA2E3864A5E0642AE4622ECDC5",
  "PInvoke.NewDev.dll": "B3E1992105D986EF9C5C8E4B630FBB07",
  "PInvoke.NTDll.dll": "3F6BDF840EB27DD0FD9EB8071822183A",
  "PInvoke.Ole32.dll": "3C49FB100B60519FFE725BCD12A538F6",
  "PInvoke.Psapi.dll": "A7683EE4B880227F01C8AE632A892B9E",
  "PInvoke.SetupApi.dll": "1B7AE321185D0081D1759A9AD829F9BA",
  "PInvoke.SHCore.dll": "F27E7F063D51480F6D2294C903E4A606",
  "PInvoke.Shell32.dll": "F71A1BCAF6478190691170DAEA77722F",
  "PInvoke.User32.dll": "8BEDE38311ED4F27127290B81B8079FD",
  "PInvoke.Userenv.dll": "FEB7BCA90B8C905EC2F4BB0789847131",
  "PInvoke.UxTheme.dll": "8E683C016250CB719FDB9AAAFC22B3C5",
  "PInvoke.Windows.Core.dll": "90015440A44935208FFEA9BF61740651",
  "PInvoke.Windows.ShellScalingApi.dll": "F351B34B8C9183A51CADFDC279357C49",
  "PInvoke.WinUsb.dll": "9EB8A0280F2848D1A32B560A939F7336",
  "PInvoke.WtsApi32.dll": "341C94455D2E5893DBE4293D4D67AA4D",
  "Reloaded.Assembler.dll": "1278745305E87A56AFC16BFE67F57D6B",
  "Reloaded.Hooks.Definitions.dll": "40C185260228544444344B2BE8544DB7",
  "Reloaded.Hooks.dll": "2010C8F7C5178EFFBE4ADE6977F25E62",
  "Reloaded.Memory.Buffers.dll": "8A050C58DC66627E8B2E463158314903",
  "Reloaded.Memory.dll": "984572843B1A3FA9020E5F2799F0D203",
  "revision.txt": "BEE3D07327A21D8E7F02E10BA4B35C15",
  "SDL2-CS.config": "65557595FD5DF55D93B2BF881DE62C3A",
  "SDL2-CS.dll": "56643C0D603C7A8819E62EAB27CED201",
  "Serilog.dll": "52E3F744EE90B5D3907F4FAD5DD3BD45",
  "Serilog.Sinks.Async.dll": "570BF54AD6A6553F493D6396A3BC841C",
  "Serilog.Sinks.Console.dll": "D64D87836E1321BF03152F74D7A1BA0D",
  "Serilog.Sinks.File.dll": "9622F069A69D57A7385E6BD15DA46E04",
  "SharpDX.Direct3D11.dll": "CDF742AC7DF05ADAE34C13F2F6AD4143",
  "SharpDX.dll": "4CC16F7778C38934EE386176E20FFB6C",
  "SharpDX.DXGI.dll": "66C726CD2F5E7CF963E41C5852B4A0F6",
  "SharpDX.Mathematics.dll": "C7CF7A4725087CC2F7A3E262AD37F2E3",
  "Silk.NET.Core.dll": "87EEE086364011455B915B6C0A3B7F9C",
  "Silk.NET.GLFW.dll": "77DDA998A3E67C3640D411B38885C692",
  "Silk.NET.Maths.dll": "4390DD1E7DDF3F36ED11C6B0EB3A834E",
  "Silk.NET.OpenGL.dll": "85EC67959B14ADD6A5B51657B0C9B977",
  "Silk.NET.SDL.dll": "04DD9D3B1B147873F5D06B2ED9CDFC16",
  "Silk.NET.Windowing.Common.dll": "A4FC709228C6AE27E7A29C4A0066E92E",
  "Silk.NET.Windowing.Glfw.dll": "B0CF212D80CCA81AD16EF1F7D498FAAC",
  "Silk.NET.Windowing.Sdl.dll": "87B6A0423B8BB3F0089BC9CD4CF75C31",
  "SQLite-net.dll": "80D26C35A289A5EA552111B531262876",
  "SQLitePCLRaw.batteries_v2.dll": "D9D9A7B746CB74F077E5ECF7619B7907",
  "SQLitePCLRaw.core.dll": "52A46C24546813D8DB3FF2F99465444E",
  "SQLitePCLRaw.nativelibrary.dll": "416B9712C43ED2FB18DF691F40181D1F",
  "SQLitePCLRaw.provider.dynamic_cdecl.dll": "7986502E1C6BD81E4D1EC887CA24EC0F",
  "StbiSharp.dll": "8E25C5D9288A1A70905BD3C22ED33F9C",
  "System.Reactive.dll": "EF5A00287AD15393D41B12AA4B726FF7",
  "System.Reflection.MetadataLoadContext.dll": "E88E3AF6D37736F339022C9ACC5F2F7B",
  "System.Security.Cryptography.Pkcs.dll": "8950E01996A37E808BE3F39063C37BF9",
  "TEMP_gitver.txt": "F3DF4F11D98591535DDD3B34B5F9B80C",
  "TerraFX.Interop.Windows.dll": "84F7EF6B0DE91F8CC23F773D3FD6DEC0",
  "Validation.dll": "73F59F67FE1D2D911C9A97BF81401B7C"
}
