{
  "runtimes\\alpine-x64\\native\\libe_sqlite3.so": "39C244FEDBCD3DFC37041D4FCE1AE21D",
  "runtimes\\linux-arm\\native\\libe_sqlite3.so": "96CF54BC0EFB83D6E3F5F3E04997A59D",
  "runtimes\\linux-arm64\\native\\libe_sqlite3.so": "F079E55E7F3F9966A4A2052A3234E068",
  "runtimes\\linux-armel\\native\\libe_sqlite3.so": "C5A67D49434FC65D64E9C15778078C76",
  "runtimes\\linux-mips64\\native\\libe_sqlite3.so": "5F8461214089CFC677D46C19B7162161",
  "runtimes\\linux-musl-x64\\native\\libe_sqlite3.so": "39C244FEDBCD3DFC37041D4FCE1AE21D",
  "runtimes\\linux-x64\\native\\libe_sqlite3.so": "6F49C540D3AB9964D67A4A704C3D262D",
  "runtimes\\linux-x64\\native\\libglfw.so.3": "9E3137144F68B9E9793F4C7AD5B1BEA7",
  "runtimes\\linux-x64\\native\\libSDL2-2.0.so": "99B95A708381FC66AB2370E45A260527",
  "runtimes\\linux-x64\\native\\libstbi.so": "0945355ED59677D06E3E88F48101BB26",
  "runtimes\\linux-x86\\native\\libe_sqlite3.so": "5E0659B414CBD6DDC38C65582485853E",
  "runtimes\\osx-x64\\native\\libe_sqlite3.dylib": "F82AE134FCD1C080A69D775591406673",
  "runtimes\\osx-x64\\native\\libglfw.3.dylib": "1E30FAB2F0C40E82290AD4B0BF14A880",
  "runtimes\\osx-x64\\native\\libSDL2-2.0.dylib": "AAC958490586C67395F0A90903AE3747",
  "runtimes\\osx-x64\\native\\libstbi.dylib": "0B84B0A6A80178266018081C3CAB68E6",
  "runtimes\\win-arm\\native\\e_sqlite3.dll": "5DA7C81C849CEEE9022A70279170ED95",
  "runtimes\\win-arm64\\native\\e_sqlite3.dll": "6E626C7B6483ADD720C222F988C70119",
  "runtimes\\win-x64\\native\\e_sqlite3.dll": "B9C46857AF3C21C4240AA53A09C42712",
  "runtimes\\win-x64\\native\\glfw3.dll": "4E86541343A033EF78B8A640B52B4919",
  "runtimes\\win-x64\\native\\minhook.x64d.dll": "EB135B0B29747ACD4047264A6B085E49",
  "runtimes\\win-x64\\native\\SDL2.dll": "8941AFD89DEA9C86D2F16EC2B16812A9",
  "runtimes\\win-x64\\native\\stbi.dll": "08EF18F693AE6DB83EADE4F377C9909F",
  "runtimes\\win-x64\\native\\stbi.lib": "927C214DE576219E1F80DBE7798A0502",
  "runtimes\\win-x86\\native\\e_sqlite3.dll": "B0F67E84F55592F96CB1F398EB4ACE77",
  "runtimes\\win-x86\\native\\glfw3.dll": "D0C192BB7CEC169093BF3CDBC727BEC6",
  "runtimes\\win-x86\\native\\SDL2.dll": "92771B9929F282BB2C3F088F8BB304A0",
  "targets\\Dalamud.Plugin.Bootstrap.targets": "C85635161398CD9852CF7212DB7EB904",
  "targets\\Dalamud.Plugin.targets": "394EE2BEC70254F76ABBE2C33F62BBFA",
  "BitFaster.Caching.dll": "C4AD64857F652218676254F600D74FEA",
  "CheapLoc.dll": "50686B7408A8836DBEDB4CB31763CAD3",
  "cimgui.dll": "47F95D5A72E579D5EFD3F1086DC0FC56",
  "cimguizmo.dll": "D69C353C39849A03DBB05E51DF8A1EA0",
  "cimplot.dll": "4427CAAA8BA1F5A0E6FFBF66567C77A5",
  "commit_hash.txt": "4595742C58D60EC7935271A21C366326",
  "Dalamud.Boot.dll": "8555531341C3E8D7C79E28E5EE879A08",
  "Dalamud.Common.dll": "2204DDD0412DE651A0AC42D6CF8CF371",
  "Dalamud.deps.json": "B8C2E7D8C53A8E3584A563913DEDB542",
  "Dalamud.dll": "1EA6A664EF7BC60AE7A95B1B68E7E2A6",
  "Dalamud.Injector.deps.json": "C21972522E8133995B2C9562B3E39983",
  "Dalamud.Injector.dll": "3A782A582D5B251424292A4084281CB6",
  "Dalamud.Injector.exe": "93878BD10AB1EC6BD02FF57575F0371A",
  "Dalamud.Injector.runtimeconfig.json": "439C534917CEF268A731631073E50FE4",
  "Dalamud.Injector.xml": "6730B8BB13078B71889B5A56C5DFAC6D",
  "Dalamud.runtimeconfig.json": "CA3935E9C6B9E3300F2D7171E4AF6335",
  "Dalamud.xml": "342CC0156945908371A50CFB25A9A51D",
  "DalamudCrashHandler.exe": "55294AFA554B8E7BC01F4C5CC3DE5530",
  "FASM-LICENSE.TXT": "ECEA1D10811221D5F0A3E96F9C38E2C7",
  "FASM.DLL": "5465EA2924305065E9BA16A7BD53F643",
  "FASMX64.DLL": "5FB6E0AD54E47D212B1271A6738B8D3F",
  "FFXIVClientStructs.dll": "FC648ACA151634F4571CA086B978DE29",
  "FFXIVClientStructs.xml": "2DCD7142B3174A884E5F54FC76069D21",
  "goaaats.Reloaded.Assembler.targets": "CC22CB0A353E2136EE9E6E96DB9F7164",
  "Iced.dll": "90E8D88060599AB91D5E03DD1050EF2E",
  "ImGui.NET.dll": "C28A55A2732DC25830341C40FCA0FA88",
  "ImGuiScene.dll": "165F80201C2B99B71CD6F30321B88E8B",
  "InteropGenerator.Runtime.dll": "FB06677540C20F8E7510D68A54EFE51A",
  "JetBrains.Annotations.dll": "DBF24788914CB509A7D2EB480C08953C",
  "licenses.txt": "A159BE62AA91178EFC3E3983AE874D1D",
  "Lumina.dll": "72388E8D285171D487A9CD46E0766B5B",
  "Lumina.Excel.dll": "A167B07E7FB29FFF9D986AA125B3894E",
  "Microsoft.Bcl.HashCode.dll": "613AB56061ADF2284E047025207467E0",
  "Microsoft.DotNet.PlatformAbstractions.dll": "00AB0F02B1114C57C758F5AD595224F1",
  "Microsoft.Extensions.DependencyModel.dll": "F39BC76C10CFEA478C936FC4521A9FC9",
  "Microsoft.Extensions.ObjectPool.dll": "B0558CE087EAE95853E35579300F3A77",
  "MinSharp.dll": "ADA7AEEE326BC1652EAE506B5AB381CE",
  "Mono.Cecil.dll": "42DF038E5E230E7B4692E0E06D3AA5D6",
  "Mono.Cecil.Mdb.dll": "976F68835048C14972341EA76BF95646",
  "Mono.Cecil.Pdb.dll": "675F070A036450C3E90AAE9DB9E38204",
  "Mono.Cecil.Rocks.dll": "1133ABB55F2F32614F07EF1FD2BDDE5A",
  "nethost.dll": "21F39F71E2F4B5BA9FB3F126872F2F9B",
  "Newtonsoft.Json.dll": "ADF3E3EECDE20B7C9661E9C47106A14A",
  "PeNet.Asn1.dll": "ED524B5DC261ECF88E1A896D784CE6C5",
  "PeNet.dll": "D52E0B6D90642037705A5930FEFED32D",
  "PInvoke.AdvApi32.dll": "34EE461D05B403C3A15D0DEC32A3788C",
  "PInvoke.BCrypt.dll": "FD07758EE1440491F22923084109FF26",
  "PInvoke.Cabinet.dll": "333D950E3804735DA60CC41D614C63E2",
  "PInvoke.CfgMgr32.dll": "768BE7CC18EDCF78B296A72ABE891691",
  "PInvoke.Crypt32.dll": "E7B00B0851738F4A7F2C6D37DAA973B4",
  "PInvoke.DbgHelp.dll": "E701136169620D20E3A70B560DE20E44",
  "PInvoke.DwmApi.dll": "ACF223CC8962404056648815B486F7D9",
  "PInvoke.Gdi32.dll": "69FF434826F98582CE44D3136ECFFACB",
  "PInvoke.Hid.dll": "2E7A41257F8AD9B26073181F450CD8E5",
  "PInvoke.ImageHlp.dll": "79BE816E8D86EA66489D7780DD675D49",
  "PInvoke.IPHlpApi.dll": "E949FA3326D1BA8872B179AB4EE49D38",
  "PInvoke.Kernel32.dll": "234E15B122ED430DE99490CA1A204958",
  "PInvoke.Magnification.dll": "C9EA3D34F506741ECC044DB19C151F09",
  "PInvoke.Msi.dll": "69EE50CE2DA6B55755E52589F49A7EBC",
  "PInvoke.NCrypt.dll": "DA1DE76C14D99370CA3BEF19DC299B15",
  "PInvoke.NetApi32.dll": "AE79F9FA2E3864A5E0642AE4622ECDC5",
  "PInvoke.NewDev.dll": "B3E1992105D986EF9C5C8E4B630FBB07",
  "PInvoke.NTDll.dll": "3F6BDF840EB27DD0FD9EB8071822183A",
  "PInvoke.Ole32.dll": "3C49FB100B60519FFE725BCD12A538F6",
  "PInvoke.Psapi.dll": "A7683EE4B880227F01C8AE632A892B9E",
  "PInvoke.SetupApi.dll": "1B7AE321185D0081D1759A9AD829F9BA",
  "PInvoke.SHCore.dll": "F27E7F063D51480F6D2294C903E4A606",
  "PInvoke.Shell32.dll": "F71A1BCAF6478190691170DAEA77722F",
  "PInvoke.User32.dll": "8BEDE38311ED4F27127290B81B8079FD",
  "PInvoke.Userenv.dll": "FEB7BCA90B8C905EC2F4BB0789847131",
  "PInvoke.UxTheme.dll": "8E683C016250CB719FDB9AAAFC22B3C5",
  "PInvoke.Windows.Core.dll": "90015440A44935208FFEA9BF61740651",
  "PInvoke.Windows.ShellScalingApi.dll": "F351B34B8C9183A51CADFDC279357C49",
  "PInvoke.WinUsb.dll": "9EB8A0280F2848D1A32B560A939F7336",
  "PInvoke.WtsApi32.dll": "341C94455D2E5893DBE4293D4D67AA4D",
  "Reloaded.Assembler.dll": "7B0BF4B9F059D512AF6D062EF4573C64",
  "Reloaded.Hooks.Definitions.dll": "7CA9613339BD8F808EBE5A1B1B9D769A",
  "Reloaded.Hooks.dll": "CEA0F5B171F180B55CABC00A9B5C23EA",
  "Reloaded.Memory.Buffers.dll": "9B13CDB08E68093A55871F4FD41B8CD9",
  "Reloaded.Memory.dll": "5F681F3740385F183A4D7053D5DB7BDE",
  "revision.txt": "71D2D6CCAC82F8A334937FF0FCDC0D8A",
  "SDL2-CS.config": "65557595FD5DF55D93B2BF881DE62C3A",
  "SDL2-CS.dll": "286F31EC7C582DF100E7AA756E9AA746",
  "Serilog.dll": "696F8B27389E7AB49372369740F77978",
  "Serilog.Sinks.Async.dll": "5CA42C95B20E6F2FDE743ACFD2CFF3D0",
  "Serilog.Sinks.Console.dll": "9DD3AD4E3A90856F6B07D9D8062462C1",
  "Serilog.Sinks.File.dll": "CAEC72C826EFA16A7E71F51F0450441F",
  "SharpDX.Direct3D11.dll": "7D983D966162390F1EBFFB2B1A057D86",
  "SharpDX.dll": "DE0FB8113ABAA0D2F60B3A2090CCF4D2",
  "SharpDX.DXGI.dll": "C3988E5756FE313F133A22A953CCD598",
  "SharpDX.Mathematics.dll": "34EF3B62EBFC5C471FBFFE728CC57F9A",
  "Silk.NET.Core.dll": "1192132F8691875DD7F2EF2B53E71E5D",
  "Silk.NET.GLFW.dll": "678552BEA767E79308D835924E11ADF7",
  "Silk.NET.Maths.dll": "DADEA07D82D0340AE1764F028F71B872",
  "Silk.NET.OpenGL.dll": "F09108542E42C415CDF1EA6BAAA92AA2",
  "Silk.NET.SDL.dll": "9B4B87A40450E6234BAAA7C298DB2F68",
  "Silk.NET.Windowing.Common.dll": "8799C7E6879CFCB83C89C10FC12BF14A",
  "Silk.NET.Windowing.Glfw.dll": "EA27AF39204D5D9B7156848B4B0CD603",
  "Silk.NET.Windowing.Sdl.dll": "F6DA481852BBBAB8AACF172F801EB62D",
  "SQLite-net.dll": "9538FABF415C9F507A691D1F4C378FAB",
  "SQLitePCLRaw.batteries_v2.dll": "74B7BF4D785E39262129BE821EB6BD59",
  "SQLitePCLRaw.core.dll": "BB4BB4AC1D09959B7CF4B95749BA9D22",
  "SQLitePCLRaw.nativelibrary.dll": "8B1F604E4CA3D83B667050BE483C91CB",
  "SQLitePCLRaw.provider.dynamic_cdecl.dll": "AB7FB3310E92E01345E8D1A3C367C6DE",
  "StbiSharp.dll": "6A2FA2FA32D9ED5F79E8E08E3AC786D0",
  "System.Reactive.dll": "EF5A00287AD15393D41B12AA4B726FF7",
  "System.Reflection.MetadataLoadContext.dll": "E88E3AF6D37736F339022C9ACC5F2F7B",
  "System.Security.Cryptography.Pkcs.dll": "8950E01996A37E808BE3F39063C37BF9",
  "TEMP_gitver.txt": "6B6BFB9CA9D6E20DCC9264B0D1CAC15F",
  "TerraFX.Interop.Windows.dll": "84F7EF6B0DE91F8CC23F773D3FD6DEC0",
  "Validation.dll": "F2BE77F5AED00E6E44F20E6017A42D76"
}
