{
  "runtimes\\alpine-x64\\native\\libe_sqlite3.so": "39C244FEDBCD3DFC37041D4FCE1AE21D",
  "runtimes\\linux-arm\\native\\libe_sqlite3.so": "96CF54BC0EFB83D6E3F5F3E04997A59D",
  "runtimes\\linux-arm64\\native\\libe_sqlite3.so": "F079E55E7F3F9966A4A2052A3234E068",
  "runtimes\\linux-armel\\native\\libe_sqlite3.so": "C5A67D49434FC65D64E9C15778078C76",
  "runtimes\\linux-mips64\\native\\libe_sqlite3.so": "5F8461214089CFC677D46C19B7162161",
  "runtimes\\linux-musl-x64\\native\\libe_sqlite3.so": "39C244FEDBCD3DFC37041D4FCE1AE21D",
  "runtimes\\linux-x64\\native\\libe_sqlite3.so": "6F49C540D3AB9964D67A4A704C3D262D",
  "runtimes\\linux-x64\\native\\libglfw.so.3": "9E3137144F68B9E9793F4C7AD5B1BEA7",
  "runtimes\\linux-x64\\native\\libSDL2-2.0.so": "99B95A708381FC66AB2370E45A260527",
  "runtimes\\linux-x64\\native\\libstbi.so": "0945355ED59677D06E3E88F48101BB26",
  "runtimes\\linux-x86\\native\\libe_sqlite3.so": "5E0659B414CBD6DDC38C65582485853E",
  "runtimes\\osx-x64\\native\\libe_sqlite3.dylib": "F82AE134FCD1C080A69D775591406673",
  "runtimes\\osx-x64\\native\\libglfw.3.dylib": "1E30FAB2F0C40E82290AD4B0BF14A880",
  "runtimes\\osx-x64\\native\\libSDL2-2.0.dylib": "AAC958490586C67395F0A90903AE3747",
  "runtimes\\osx-x64\\native\\libstbi.dylib": "0B84B0A6A80178266018081C3CAB68E6",
  "runtimes\\win-arm\\native\\e_sqlite3.dll": "806FE854803992473F55BD7BE04E51E0",
  "runtimes\\win-arm64\\native\\e_sqlite3.dll": "BE1C7D85803BD0C98DE96B897B5D860C",
  "runtimes\\win-x64\\native\\e_sqlite3.dll": "F3B53E8B41E83EC617C839E332A1A572",
  "runtimes\\win-x64\\native\\glfw3.dll": "2B12A789BE04BEDA5A27C949B90821B0",
  "runtimes\\win-x64\\native\\minhook.x64d.dll": "C3F1F8AEAED63158A3FFAC46DF4BDDA2",
  "runtimes\\win-x64\\native\\SDL2.dll": "8BB21F71CA42E86DB3E742E394F4A659",
  "runtimes\\win-x64\\native\\stbi.dll": "6A081C62C3FBB51CC3DAB73681CE4C9E",
  "runtimes\\win-x64\\native\\stbi.lib": "927C214DE576219E1F80DBE7798A0502",
  "runtimes\\win-x86\\native\\e_sqlite3.dll": "90464992AAF1369348410FBC1B6435AC",
  "runtimes\\win-x86\\native\\glfw3.dll": "4D18C781EF21ED88B50327EAA252DE9F",
  "runtimes\\win-x86\\native\\SDL2.dll": "32299E106F46188FB78DFCEC342A9603",
  "targets\\Dalamud.Plugin.Bootstrap.targets": "C85635161398CD9852CF7212DB7EB904",
  "targets\\Dalamud.Plugin.targets": "394EE2BEC70254F76ABBE2C33F62BBFA",
  "BitFaster.Caching.dll": "7C855EF09A40728B11ED4DDC29AD58C9",
  "CheapLoc.dll": "95ECB7F4F5868264579C02B115E985C7",
  "cimgui.dll": "8E97725DAC4F9713A3392D53D85240BF",
  "cimguizmo.dll": "D67A89927E80E36FF6764837D1417CD1",
  "cimplot.dll": "7A7D69C647B5F6092A6226458DC4E169",
  "commit_hash.txt": "9D449135EB32A9D41963D6BBE38A757E",
  "Dalamud.Boot.dll": "761F328057665520D9C836E94425A0B1",
  "Dalamud.Common.dll": "A2CD26B5A4707D80F233A0C05CA7701F",
  "Dalamud.deps.json": "427F08C178C4BBFB3E2FB076FCD5E263",
  "Dalamud.dll": "58EB35AFD0A500EFFCDC636BF5472088",
  "Dalamud.Injector.deps.json": "C21972522E8133995B2C9562B3E39983",
  "Dalamud.Injector.dll": "F8D6B57465E00F09674A4E94DDBF11E1",
  "Dalamud.Injector.exe": "0AABA10A33E89124B7C672CFA4AAE5B6",
  "Dalamud.Injector.runtimeconfig.json": "439C534917CEF268A731631073E50FE4",
  "Dalamud.Injector.xml": "6730B8BB13078B71889B5A56C5DFAC6D",
  "Dalamud.runtimeconfig.json": "CA3935E9C6B9E3300F2D7171E4AF6335",
  "Dalamud.xml": "342CC0156945908371A50CFB25A9A51D",
  "DalamudCrashHandler.exe": "2A7A5AD37897B75CCE9DEBFE3220898F",
  "FASM-LICENSE.TXT": "ECEA1D10811221D5F0A3E96F9C38E2C7",
  "FASM.DLL": "C2C7ACFA271C0E61A0FFCB0713AB5533",
  "FASMX64.DLL": "B6ED469E3C96029D907601AA7586A48B",
  "FFXIVClientStructs.dll": "27691A0E5215270946998C02D40D2744",
  "FFXIVClientStructs.xml": "CEBB6FE1906D084407E8005E8D5517A8",
  "goaaats.Reloaded.Assembler.targets": "CC22CB0A353E2136EE9E6E96DB9F7164",
  "Iced.dll": "7ABA6108D306DA66C97AA357DC70A5E7",
  "ImGui.NET.dll": "FE12ADE236050098ED97953DFCF671F5",
  "ImGuiScene.dll": "0990E4F642A6A69EDCF0615097B85BCA",
  "InteropGenerator.Runtime.dll": "643811853BF5B02F5A3791F18768B93F",
  "JetBrains.Annotations.dll": "01A32C64A3F5BCBF047ECCC2AA1704B6",
  "licenses.txt": "A159BE62AA91178EFC3E3983AE874D1D",
  "Lumina.dll": "D6AA4DD9E0D13BBE260F5971A8DBCDA9",
  "Lumina.Excel.dll": "3462A16A18998D4DC9F551445B90062D",
  "Microsoft.Bcl.HashCode.dll": "613AB56061ADF2284E047025207467E0",
  "Microsoft.DotNet.PlatformAbstractions.dll": "00AB0F02B1114C57C758F5AD595224F1",
  "Microsoft.Extensions.DependencyModel.dll": "F39BC76C10CFEA478C936FC4521A9FC9",
  "Microsoft.Extensions.ObjectPool.dll": "B0558CE087EAE95853E35579300F3A77",
  "MinSharp.dll": "3D8DD021130A4AC5624C2AEEF1CCE7EE",
  "Mono.Cecil.dll": "CE3BADEE2AED15F9131E857B87F6C878",
  "Mono.Cecil.Mdb.dll": "6BA159582D756490ACED983E24711E7F",
  "Mono.Cecil.Pdb.dll": "E134BC51909286459842F2CA24F66E64",
  "Mono.Cecil.Rocks.dll": "F1DFF7BB4C797614F1AE58C805ADC73B",
  "nethost.dll": "21F39F71E2F4B5BA9FB3F126872F2F9B",
  "Newtonsoft.Json.dll": "ADF3E3EECDE20B7C9661E9C47106A14A",
  "PeNet.Asn1.dll": "F8BE483ECB0AB1A23CA5CC9A546EDD6E",
  "PeNet.dll": "43C90D0F960DD02146EEAD637E63B8A7",
  "PInvoke.AdvApi32.dll": "34EE461D05B403C3A15D0DEC32A3788C",
  "PInvoke.BCrypt.dll": "FD07758EE1440491F22923084109FF26",
  "PInvoke.Cabinet.dll": "333D950E3804735DA60CC41D614C63E2",
  "PInvoke.CfgMgr32.dll": "768BE7CC18EDCF78B296A72ABE891691",
  "PInvoke.Crypt32.dll": "E7B00B0851738F4A7F2C6D37DAA973B4",
  "PInvoke.DbgHelp.dll": "E701136169620D20E3A70B560DE20E44",
  "PInvoke.DwmApi.dll": "ACF223CC8962404056648815B486F7D9",
  "PInvoke.Gdi32.dll": "69FF434826F98582CE44D3136ECFFACB",
  "PInvoke.Hid.dll": "2E7A41257F8AD9B26073181F450CD8E5",
  "PInvoke.ImageHlp.dll": "79BE816E8D86EA66489D7780DD675D49",
  "PInvoke.IPHlpApi.dll": "E949FA3326D1BA8872B179AB4EE49D38",
  "PInvoke.Kernel32.dll": "234E15B122ED430DE99490CA1A204958",
  "PInvoke.Magnification.dll": "C9EA3D34F506741ECC044DB19C151F09",
  "PInvoke.Msi.dll": "69EE50CE2DA6B55755E52589F49A7EBC",
  "PInvoke.NCrypt.dll": "DA1DE76C14D99370CA3BEF19DC299B15",
  "PInvoke.NetApi32.dll": "AE79F9FA2E3864A5E0642AE4622ECDC5",
  "PInvoke.NewDev.dll": "B3E1992105D986EF9C5C8E4B630FBB07",
  "PInvoke.NTDll.dll": "3F6BDF840EB27DD0FD9EB8071822183A",
  "PInvoke.Ole32.dll": "3C49FB100B60519FFE725BCD12A538F6",
  "PInvoke.Psapi.dll": "A7683EE4B880227F01C8AE632A892B9E",
  "PInvoke.SetupApi.dll": "1B7AE321185D0081D1759A9AD829F9BA",
  "PInvoke.SHCore.dll": "F27E7F063D51480F6D2294C903E4A606",
  "PInvoke.Shell32.dll": "F71A1BCAF6478190691170DAEA77722F",
  "PInvoke.User32.dll": "8BEDE38311ED4F27127290B81B8079FD",
  "PInvoke.Userenv.dll": "FEB7BCA90B8C905EC2F4BB0789847131",
  "PInvoke.UxTheme.dll": "8E683C016250CB719FDB9AAAFC22B3C5",
  "PInvoke.Windows.Core.dll": "90015440A44935208FFEA9BF61740651",
  "PInvoke.Windows.ShellScalingApi.dll": "F351B34B8C9183A51CADFDC279357C49",
  "PInvoke.WinUsb.dll": "9EB8A0280F2848D1A32B560A939F7336",
  "PInvoke.WtsApi32.dll": "341C94455D2E5893DBE4293D4D67AA4D",
  "Reloaded.Assembler.dll": "580E1363E68B0217554738E22EFB124E",
  "Reloaded.Hooks.Definitions.dll": "49A301D7C99978651A884743076CDF14",
  "Reloaded.Hooks.dll": "5F1D757CCBED165B575B890AD78B1470",
  "Reloaded.Memory.Buffers.dll": "9DA4D45449C9DA69232B16D0D6EE2215",
  "Reloaded.Memory.dll": "BBABB53D96D64F4E1C5A704314614390",
  "revision.txt": "203CB085A5C2C3FAF8E4F60131817256",
  "SDL2-CS.config": "65557595FD5DF55D93B2BF881DE62C3A",
  "SDL2-CS.dll": "70AE8F252F104B1989DD8232B056FD9B",
  "Serilog.dll": "42AA866F21826F46A576D133CDA37262",
  "Serilog.Sinks.Async.dll": "C4BCA0B29FAB0347626292395C8418DF",
  "Serilog.Sinks.Console.dll": "7661773F2A715ACB9CBCF304B8F4DD4E",
  "Serilog.Sinks.File.dll": "7A30FC79E9C26CB1ECEB62AB92816DD3",
  "SharpDX.Direct3D11.dll": "0E447EE2553005D2E224D084BB713FF7",
  "SharpDX.dll": "066ECFBCF30BF03A6ADFF3AB50156E0F",
  "SharpDX.DXGI.dll": "392B350F1C2071B33B8835784985C3AC",
  "SharpDX.Mathematics.dll": "52203DD889DD093263A443F8F77102B3",
  "Silk.NET.Core.dll": "56B2FF12271A98E95EAA07A08F3D6579",
  "Silk.NET.GLFW.dll": "4238719E40FBB34F7340D8B6ACB3A57B",
  "Silk.NET.Maths.dll": "6F9CBB6A6EB334A8E812B84FE6FBA110",
  "Silk.NET.OpenGL.dll": "D3348077791F81030A046E0AEF986254",
  "Silk.NET.SDL.dll": "C5F7844081C8E1C5CECCBCDE76385F07",
  "Silk.NET.Windowing.Common.dll": "AABCB467050E93E63F17E6B976430D68",
  "Silk.NET.Windowing.Glfw.dll": "6A9BC971F57D8CA8B3EBA16670D1A6B8",
  "Silk.NET.Windowing.Sdl.dll": "EDB3011071CEC38F7C6FA69C75D5D20C",
  "SQLite-net.dll": "C73AB10310E6264D03B2C37AD549D479",
  "SQLitePCLRaw.batteries_v2.dll": "1DAAB49FAD180F64DB1FFA5A55CB5F7B",
  "SQLitePCLRaw.core.dll": "C2C5EEEB5C8EAA5053C957EA0E3534E5",
  "SQLitePCLRaw.nativelibrary.dll": "00B81A3554E68EA584A156EC63A919C6",
  "SQLitePCLRaw.provider.dynamic_cdecl.dll": "A35D0AC28E23CECE9937885A32D9CF48",
  "StbiSharp.dll": "81645023B3F50D41E49A2D0D093C20A7",
  "System.Reactive.dll": "EF5A00287AD15393D41B12AA4B726FF7",
  "System.Reflection.MetadataLoadContext.dll": "E88E3AF6D37736F339022C9ACC5F2F7B",
  "System.Security.Cryptography.Pkcs.dll": "8950E01996A37E808BE3F39063C37BF9",
  "TEMP_gitver.txt": "01FBAA0F2D993B89BF91E003D567AFB8",
  "TerraFX.Interop.Windows.dll": "84F7EF6B0DE91F8CC23F773D3FD6DEC0",
  "Validation.dll": "6505C84AEE4C14C32F0B6FAAAB55E4CF"
}
