{
  "runtimes\\alpine-x64\\native\\libe_sqlite3.so": "39C244FEDBCD3DFC37041D4FCE1AE21D",
  "runtimes\\linux-arm\\native\\libe_sqlite3.so": "96CF54BC0EFB83D6E3F5F3E04997A59D",
  "runtimes\\linux-arm64\\native\\libe_sqlite3.so": "F079E55E7F3F9966A4A2052A3234E068",
  "runtimes\\linux-armel\\native\\libe_sqlite3.so": "C5A67D49434FC65D64E9C15778078C76",
  "runtimes\\linux-mips64\\native\\libe_sqlite3.so": "5F8461214089CFC677D46C19B7162161",
  "runtimes\\linux-musl-x64\\native\\libe_sqlite3.so": "39C244FEDBCD3DFC37041D4FCE1AE21D",
  "runtimes\\linux-x64\\native\\libe_sqlite3.so": "6F49C540D3AB9964D67A4A704C3D262D",
  "runtimes\\linux-x64\\native\\libglfw.so.3": "9E3137144F68B9E9793F4C7AD5B1BEA7",
  "runtimes\\linux-x64\\native\\libSDL2-2.0.so": "99B95A708381FC66AB2370E45A260527",
  "runtimes\\linux-x64\\native\\libstbi.so": "0945355ED59677D06E3E88F48101BB26",
  "runtimes\\linux-x86\\native\\libe_sqlite3.so": "5E0659B414CBD6DDC38C65582485853E",
  "runtimes\\osx-x64\\native\\libe_sqlite3.dylib": "F82AE134FCD1C080A69D775591406673",
  "runtimes\\osx-x64\\native\\libglfw.3.dylib": "1E30FAB2F0C40E82290AD4B0BF14A880",
  "runtimes\\osx-x64\\native\\libSDL2-2.0.dylib": "AAC958490586C67395F0A90903AE3747",
  "runtimes\\osx-x64\\native\\libstbi.dylib": "0B84B0A6A80178266018081C3CAB68E6",
  "runtimes\\win-arm\\native\\e_sqlite3.dll": "496AAE0F73DA10A762BB52ABD7635D9B",
  "runtimes\\win-arm64\\native\\e_sqlite3.dll": "5213D2CEBBEE0AB062069B1C175AF00F",
  "runtimes\\win-x64\\native\\e_sqlite3.dll": "F12497ED1EA4BF52D0BA82B99D99E8CE",
  "runtimes\\win-x64\\native\\glfw3.dll": "A7B84697100AAB8EA7C1734722D7B7E9",
  "runtimes\\win-x64\\native\\minhook.x64d.dll": "3C63FE10B7B304F6BD55AA62E26E1DAB",
  "runtimes\\win-x64\\native\\SDL2.dll": "0850D3A5D9E90A311141190B9A936534",
  "runtimes\\win-x64\\native\\stbi.dll": "CD95B14210FB638B0435E71E1438CAFB",
  "runtimes\\win-x64\\native\\stbi.lib": "927C214DE576219E1F80DBE7798A0502",
  "runtimes\\win-x86\\native\\e_sqlite3.dll": "C9B4CDFE29046336ABFD5731F126BC56",
  "runtimes\\win-x86\\native\\glfw3.dll": "DA0DEED225102C92D11E9C3D138F7B4A",
  "runtimes\\win-x86\\native\\SDL2.dll": "D0625ABC25357386DAFCEB36D65A077C",
  "targets\\Dalamud.Plugin.Bootstrap.targets": "C85635161398CD9852CF7212DB7EB904",
  "targets\\Dalamud.Plugin.targets": "394EE2BEC70254F76ABBE2C33F62BBFA",
  "BitFaster.Caching.dll": "BA272FA8BAE992123A01521CAD77D630",
  "CheapLoc.dll": "BA606F28F97137128ED4663A84D54FB2",
  "cimgui.dll": "82784FFA0DB90EC2976AFF0ED8686616",
  "cimguizmo.dll": "4EDEC02FFDEC7D7A5179BB646576C185",
  "cimplot.dll": "FD372D2357D5B7787FB20A02A680FA72",
  "commit_hash.txt": "5BC0D00679CBB551233947D4878FB3EC",
  "Dalamud.Boot.dll": "9DF575DF199F3946BC6D5E534F2F1C26",
  "Dalamud.Common.dll": "D8B2ED52BF0ED6294825647A65E3FC46",
  "Dalamud.deps.json": "AE0C501C1C2A20774C7484319CDF32CC",
  "Dalamud.dll": "B69D49604B8E2149274479A56CDFB153",
  "Dalamud.Injector.deps.json": "C21972522E8133995B2C9562B3E39983",
  "Dalamud.Injector.dll": "ABEF7568D9A15623335EAFB9A66C20B3",
  "Dalamud.Injector.exe": "CDFFE5557CF24AB2F026D850D444982D",
  "Dalamud.Injector.runtimeconfig.json": "439C534917CEF268A731631073E50FE4",
  "Dalamud.Injector.xml": "6730B8BB13078B71889B5A56C5DFAC6D",
  "Dalamud.runtimeconfig.json": "CA3935E9C6B9E3300F2D7171E4AF6335",
  "Dalamud.xml": "C7C36D62F0112A1FF291505ADC8639D8",
  "DalamudCrashHandler.exe": "E662DDBEB559D98B2B1E9602EA3CCAC8",
  "FASM-LICENSE.TXT": "ECEA1D10811221D5F0A3E96F9C38E2C7",
  "FASM.DLL": "6D5C4044E8721454E6D37DD1429AC1EB",
  "FASMX64.DLL": "3A4D93C502E29B17B482DA043A873E95",
  "FFXIVClientStructs.dll": "5B9A2A9C4136401A67390F8C9037F1C6",
  "FFXIVClientStructs.xml": "4F63CB455B4858A25F4A6D1D821EE980",
  "goaaats.Reloaded.Assembler.targets": "CC22CB0A353E2136EE9E6E96DB9F7164",
  "Iced.dll": "A0EC396E202D5772E38EA22A58689063",
  "ImGui.NET.dll": "D23561052E6B433E821CD34548BC2644",
  "ImGuiScene.dll": "6D3BF02C4BED04804C94E9605F14353F",
  "InteropGenerator.Runtime.dll": "A49F1F61F308D5926A21651DE18DE7DF",
  "JetBrains.Annotations.dll": "7D5EA3E941EE30E4CEA8A2F6AE5CB687",
  "licenses.txt": "A159BE62AA91178EFC3E3983AE874D1D",
  "Lumina.dll": "3986518425F8B1F209AD41E623120D65",
  "Lumina.Excel.dll": "66043515F2BACB15765ADCD7594CAADD",
  "Microsoft.Bcl.HashCode.dll": "613AB56061ADF2284E047025207467E0",
  "Microsoft.DotNet.PlatformAbstractions.dll": "00AB0F02B1114C57C758F5AD595224F1",
  "Microsoft.Extensions.DependencyModel.dll": "F39BC76C10CFEA478C936FC4521A9FC9",
  "Microsoft.Extensions.ObjectPool.dll": "B0558CE087EAE95853E35579300F3A77",
  "MinSharp.dll": "5B7A8997AB4EE37AF7FBE8A43462D943",
  "Mono.Cecil.dll": "102EEECBAAB4940A9C6F00D584B71B1C",
  "Mono.Cecil.Mdb.dll": "E0498608F7966D6A98B84FBBA65C7F77",
  "Mono.Cecil.Pdb.dll": "7F80462433980D34659AC5FA5834E45A",
  "Mono.Cecil.Rocks.dll": "4982C35F6C13462FAD25D2C68D910229",
  "nethost.dll": "21F39F71E2F4B5BA9FB3F126872F2F9B",
  "Newtonsoft.Json.dll": "ADF3E3EECDE20B7C9661E9C47106A14A",
  "PeNet.Asn1.dll": "339B5439CD679A22D4479C8A71B9AD15",
  "PeNet.dll": "4740E293A77A9935CC37141D21B95AFC",
  "PInvoke.AdvApi32.dll": "34EE461D05B403C3A15D0DEC32A3788C",
  "PInvoke.BCrypt.dll": "FD07758EE1440491F22923084109FF26",
  "PInvoke.Cabinet.dll": "333D950E3804735DA60CC41D614C63E2",
  "PInvoke.CfgMgr32.dll": "768BE7CC18EDCF78B296A72ABE891691",
  "PInvoke.Crypt32.dll": "E7B00B0851738F4A7F2C6D37DAA973B4",
  "PInvoke.DbgHelp.dll": "E701136169620D20E3A70B560DE20E44",
  "PInvoke.DwmApi.dll": "ACF223CC8962404056648815B486F7D9",
  "PInvoke.Gdi32.dll": "69FF434826F98582CE44D3136ECFFACB",
  "PInvoke.Hid.dll": "2E7A41257F8AD9B26073181F450CD8E5",
  "PInvoke.ImageHlp.dll": "79BE816E8D86EA66489D7780DD675D49",
  "PInvoke.IPHlpApi.dll": "E949FA3326D1BA8872B179AB4EE49D38",
  "PInvoke.Kernel32.dll": "234E15B122ED430DE99490CA1A204958",
  "PInvoke.Magnification.dll": "C9EA3D34F506741ECC044DB19C151F09",
  "PInvoke.Msi.dll": "69EE50CE2DA6B55755E52589F49A7EBC",
  "PInvoke.NCrypt.dll": "DA1DE76C14D99370CA3BEF19DC299B15",
  "PInvoke.NetApi32.dll": "AE79F9FA2E3864A5E0642AE4622ECDC5",
  "PInvoke.NewDev.dll": "B3E1992105D986EF9C5C8E4B630FBB07",
  "PInvoke.NTDll.dll": "3F6BDF840EB27DD0FD9EB8071822183A",
  "PInvoke.Ole32.dll": "3C49FB100B60519FFE725BCD12A538F6",
  "PInvoke.Psapi.dll": "A7683EE4B880227F01C8AE632A892B9E",
  "PInvoke.SetupApi.dll": "1B7AE321185D0081D1759A9AD829F9BA",
  "PInvoke.SHCore.dll": "F27E7F063D51480F6D2294C903E4A606",
  "PInvoke.Shell32.dll": "F71A1BCAF6478190691170DAEA77722F",
  "PInvoke.User32.dll": "8BEDE38311ED4F27127290B81B8079FD",
  "PInvoke.Userenv.dll": "FEB7BCA90B8C905EC2F4BB0789847131",
  "PInvoke.UxTheme.dll": "8E683C016250CB719FDB9AAAFC22B3C5",
  "PInvoke.Windows.Core.dll": "90015440A44935208FFEA9BF61740651",
  "PInvoke.Windows.ShellScalingApi.dll": "F351B34B8C9183A51CADFDC279357C49",
  "PInvoke.WinUsb.dll": "9EB8A0280F2848D1A32B560A939F7336",
  "PInvoke.WtsApi32.dll": "341C94455D2E5893DBE4293D4D67AA4D",
  "Reloaded.Assembler.dll": "C087CF3CD9EDD94EA82B05914268504E",
  "Reloaded.Hooks.Definitions.dll": "331A81178E5DA327B18167B974B26528",
  "Reloaded.Hooks.dll": "432B690EBD15226D004D8E65E4E9A70F",
  "Reloaded.Memory.Buffers.dll": "B1C5B07A19F326CBDF45F5E7F4BFA7EE",
  "Reloaded.Memory.dll": "5F8F58322C8257B34CD52ADC3E04501E",
  "revision.txt": "DA94BE6D2B80D736E2D13D1E3C47D035",
  "SDL2-CS.config": "65557595FD5DF55D93B2BF881DE62C3A",
  "SDL2-CS.dll": "9E8B7058CFA88EABBB903DA04FB7BE3B",
  "Serilog.dll": "26E74E3F81BBE36EC9D76E850A26F64A",
  "Serilog.Sinks.Async.dll": "CA44EC20A71233322731513969B2E322",
  "Serilog.Sinks.Console.dll": "1DCB2F530E1CF0011E13A232DCE19353",
  "Serilog.Sinks.File.dll": "68BAEE1F93EC68D48B0EA7E4945FAA32",
  "SharpDX.Direct3D11.dll": "2821255129B427CC86321991F064B728",
  "SharpDX.dll": "EC6B51AC5E3471D2926191CBAAD294B4",
  "SharpDX.DXGI.dll": "196935B66D4617784322DAFA4E062519",
  "SharpDX.Mathematics.dll": "C97C460F257DD561C37B6E6F2B300954",
  "Silk.NET.Core.dll": "84EDD2524C953912F47994EC0E52BC84",
  "Silk.NET.GLFW.dll": "FEE58A7B5EAFC50EECA6301E037C0CB4",
  "Silk.NET.Maths.dll": "50B94888FADE23FB10107092D00CE8A6",
  "Silk.NET.OpenGL.dll": "547EB4CB3559075079D6ED97BBC0251C",
  "Silk.NET.SDL.dll": "6E5620AF81E108C8EEBA6A7FD8C6E4B2",
  "Silk.NET.Windowing.Common.dll": "712D540667E8231DB82824CDEF18D287",
  "Silk.NET.Windowing.Glfw.dll": "ABE1304E41F0391AD643D068183C9265",
  "Silk.NET.Windowing.Sdl.dll": "F6E97BFF187E824F3C45536D8696DCFF",
  "SQLite-net.dll": "192FC32FDA27A73F57E4D87D7D7EE3D9",
  "SQLitePCLRaw.batteries_v2.dll": "81C648CB29C3634B2CD05CFEC5D1E245",
  "SQLitePCLRaw.core.dll": "7D7C1561B04936D81D2ED8FE9F0924EB",
  "SQLitePCLRaw.nativelibrary.dll": "3D96F15197DB6429D6907A66070237E4",
  "SQLitePCLRaw.provider.dynamic_cdecl.dll": "2F3F1F7136BC080CBF10987308DAC0D2",
  "StbiSharp.dll": "C34558ACC4287755A8C44C91473C07FB",
  "System.Reactive.dll": "EF5A00287AD15393D41B12AA4B726FF7",
  "System.Reflection.MetadataLoadContext.dll": "E88E3AF6D37736F339022C9ACC5F2F7B",
  "System.Security.Cryptography.Pkcs.dll": "8950E01996A37E808BE3F39063C37BF9",
  "TEMP_gitver.txt": "02D321BBFFAE2775DEA81EEA6E8621D6",
  "TerraFX.Interop.Windows.dll": "84F7EF6B0DE91F8CC23F773D3FD6DEC0",
  "Validation.dll": "F20C9ED3DC6BAA0CAF299C27B75F2D27"
}
