{
  "runtimes\\alpine-x64\\native\\libe_sqlite3.so": "39C244FEDBCD3DFC37041D4FCE1AE21D",
  "runtimes\\linux-arm\\native\\libe_sqlite3.so": "96CF54BC0EFB83D6E3F5F3E04997A59D",
  "runtimes\\linux-arm64\\native\\libe_sqlite3.so": "F079E55E7F3F9966A4A2052A3234E068",
  "runtimes\\linux-armel\\native\\libe_sqlite3.so": "C5A67D49434FC65D64E9C15778078C76",
  "runtimes\\linux-mips64\\native\\libe_sqlite3.so": "5F8461214089CFC677D46C19B7162161",
  "runtimes\\linux-musl-x64\\native\\libe_sqlite3.so": "39C244FEDBCD3DFC37041D4FCE1AE21D",
  "runtimes\\linux-x64\\native\\libe_sqlite3.so": "6F49C540D3AB9964D67A4A704C3D262D",
  "runtimes\\linux-x64\\native\\libglfw.so.3": "9E3137144F68B9E9793F4C7AD5B1BEA7",
  "runtimes\\linux-x64\\native\\libSDL2-2.0.so": "99B95A708381FC66AB2370E45A260527",
  "runtimes\\linux-x64\\native\\libstbi.so": "0945355ED59677D06E3E88F48101BB26",
  "runtimes\\linux-x86\\native\\libe_sqlite3.so": "5E0659B414CBD6DDC38C65582485853E",
  "runtimes\\osx-x64\\native\\libe_sqlite3.dylib": "F82AE134FCD1C080A69D775591406673",
  "runtimes\\osx-x64\\native\\libglfw.3.dylib": "1E30FAB2F0C40E82290AD4B0BF14A880",
  "runtimes\\osx-x64\\native\\libSDL2-2.0.dylib": "AAC958490586C67395F0A90903AE3747",
  "runtimes\\osx-x64\\native\\libstbi.dylib": "0B84B0A6A80178266018081C3CAB68E6",
  "runtimes\\win-arm\\native\\e_sqlite3.dll": "1E6FFE9BE7007ADA91D8084C96E8E6E3",
  "runtimes\\win-arm64\\native\\e_sqlite3.dll": "889D8580FCFE5AD9C1E78BB5C7E2D6B3",
  "runtimes\\win-x64\\native\\e_sqlite3.dll": "CAE685C62B31C80FFC4890C5500F35B9",
  "runtimes\\win-x64\\native\\glfw3.dll": "7AC18B97CE6532E156E70443A5CF35C5",
  "runtimes\\win-x64\\native\\minhook.x64d.dll": "9A5F8B9E1C539374EAC7EBB8371530D9",
  "runtimes\\win-x64\\native\\SDL2.dll": "705B9AA7C93EBDA58F0DABF82D708EB8",
  "runtimes\\win-x64\\native\\stbi.dll": "AD21110A7107A1E40FB99DC8C23249C2",
  "runtimes\\win-x64\\native\\stbi.lib": "927C214DE576219E1F80DBE7798A0502",
  "runtimes\\win-x86\\native\\e_sqlite3.dll": "BCA5C14725AB7BA620E0C8EC3DE6AFAB",
  "runtimes\\win-x86\\native\\glfw3.dll": "401D38087FA924E4C943EF0F072EF3DB",
  "runtimes\\win-x86\\native\\SDL2.dll": "C0832B583E1CC61F873EADF40431F17C",
  "targets\\Dalamud.Plugin.Bootstrap.targets": "C85635161398CD9852CF7212DB7EB904",
  "targets\\Dalamud.Plugin.targets": "394EE2BEC70254F76ABBE2C33F62BBFA",
  "BitFaster.Caching.dll": "B9787BB3E50B1D7BB64F03276859912D",
  "CheapLoc.dll": "C714F809358253537E9EE1692A981A1A",
  "cimgui.dll": "A29A11B764E3CB561D8C491DE26BB019",
  "cimguizmo.dll": "B894B6A6CB2A1638140C49EF151C1BBE",
  "cimplot.dll": "90B7426D2453835A05955BFBBC09EB65",
  "commit_hash.txt": "758C28C87BC57791C012088EEBD406C3",
  "Dalamud.Boot.dll": "7561402A91BF112B452987089559DB10",
  "Dalamud.Common.dll": "4ADEE7538A0D00F1245F905F5EA3103E",
  "Dalamud.deps.json": "427F08C178C4BBFB3E2FB076FCD5E263",
  "Dalamud.dll": "7B8ADC14EB374DB19B1920FAB67E4BA3",
  "Dalamud.Injector.deps.json": "C21972522E8133995B2C9562B3E39983",
  "Dalamud.Injector.dll": "397D91F2A99360DD2941A3CBC905979F",
  "Dalamud.Injector.exe": "37806FC6DA1D7BD0E83970909AFE80E4",
  "Dalamud.Injector.runtimeconfig.json": "439C534917CEF268A731631073E50FE4",
  "Dalamud.Injector.xml": "6730B8BB13078B71889B5A56C5DFAC6D",
  "Dalamud.runtimeconfig.json": "CA3935E9C6B9E3300F2D7171E4AF6335",
  "Dalamud.xml": "342CC0156945908371A50CFB25A9A51D",
  "DalamudCrashHandler.exe": "C378D10141ED443DA51C8DC94CB2C99A",
  "FASM-LICENSE.TXT": "ECEA1D10811221D5F0A3E96F9C38E2C7",
  "FASM.DLL": "3E244050837BB513599CAD03AF6E751F",
  "FASMX64.DLL": "7E3284C61205FC40C4ED75D211E6E517",
  "FFXIVClientStructs.dll": "AA01B9CB83D3B44037EE35F3C63AAA7A",
  "FFXIVClientStructs.xml": "CEBB6FE1906D084407E8005E8D5517A8",
  "goaaats.Reloaded.Assembler.targets": "CC22CB0A353E2136EE9E6E96DB9F7164",
  "Iced.dll": "6DA89126988F615102C0ED9DD1093FB9",
  "ImGui.NET.dll": "840150539D16E200AD85D3CCBE8AE8D1",
  "ImGuiScene.dll": "54D022836A71F9CC463D74E0D49D4905",
  "InteropGenerator.Runtime.dll": "001A6888FDA4F64657787B7F996A31F2",
  "JetBrains.Annotations.dll": "1A9C027FF6683D7C4648F2270B973E74",
  "licenses.txt": "A159BE62AA91178EFC3E3983AE874D1D",
  "Lumina.dll": "0E9A3A831D25A26998511D7825820D67",
  "Lumina.Excel.dll": "E0EC816D1ADF2BFB2B877DE647F4D2F8",
  "Microsoft.Bcl.HashCode.dll": "613AB56061ADF2284E047025207467E0",
  "Microsoft.DotNet.PlatformAbstractions.dll": "00AB0F02B1114C57C758F5AD595224F1",
  "Microsoft.Extensions.DependencyModel.dll": "F39BC76C10CFEA478C936FC4521A9FC9",
  "Microsoft.Extensions.ObjectPool.dll": "B0558CE087EAE95853E35579300F3A77",
  "MinSharp.dll": "4FFCB5F726812DAB55425C420C44C07B",
  "Mono.Cecil.dll": "35182C9F84452EFE9429F0C0C5212CE4",
  "Mono.Cecil.Mdb.dll": "F02556760F9B8634D22A81E94AE083B9",
  "Mono.Cecil.Pdb.dll": "8B55EC85152B0B08706846A640C00890",
  "Mono.Cecil.Rocks.dll": "E2745E85253257F3688F196B8567DC89",
  "nethost.dll": "21F39F71E2F4B5BA9FB3F126872F2F9B",
  "Newtonsoft.Json.dll": "ADF3E3EECDE20B7C9661E9C47106A14A",
  "PeNet.Asn1.dll": "A60883D567B7C5DE6CC8C71815FE2B3A",
  "PeNet.dll": "B3BB7A7EB8B55B9D1154C806615E9569",
  "PInvoke.AdvApi32.dll": "34EE461D05B403C3A15D0DEC32A3788C",
  "PInvoke.BCrypt.dll": "FD07758EE1440491F22923084109FF26",
  "PInvoke.Cabinet.dll": "333D950E3804735DA60CC41D614C63E2",
  "PInvoke.CfgMgr32.dll": "768BE7CC18EDCF78B296A72ABE891691",
  "PInvoke.Crypt32.dll": "E7B00B0851738F4A7F2C6D37DAA973B4",
  "PInvoke.DbgHelp.dll": "E701136169620D20E3A70B560DE20E44",
  "PInvoke.DwmApi.dll": "ACF223CC8962404056648815B486F7D9",
  "PInvoke.Gdi32.dll": "69FF434826F98582CE44D3136ECFFACB",
  "PInvoke.Hid.dll": "2E7A41257F8AD9B26073181F450CD8E5",
  "PInvoke.ImageHlp.dll": "79BE816E8D86EA66489D7780DD675D49",
  "PInvoke.IPHlpApi.dll": "E949FA3326D1BA8872B179AB4EE49D38",
  "PInvoke.Kernel32.dll": "234E15B122ED430DE99490CA1A204958",
  "PInvoke.Magnification.dll": "C9EA3D34F506741ECC044DB19C151F09",
  "PInvoke.Msi.dll": "69EE50CE2DA6B55755E52589F49A7EBC",
  "PInvoke.NCrypt.dll": "DA1DE76C14D99370CA3BEF19DC299B15",
  "PInvoke.NetApi32.dll": "AE79F9FA2E3864A5E0642AE4622ECDC5",
  "PInvoke.NewDev.dll": "B3E1992105D986EF9C5C8E4B630FBB07",
  "PInvoke.NTDll.dll": "3F6BDF840EB27DD0FD9EB8071822183A",
  "PInvoke.Ole32.dll": "3C49FB100B60519FFE725BCD12A538F6",
  "PInvoke.Psapi.dll": "A7683EE4B880227F01C8AE632A892B9E",
  "PInvoke.SetupApi.dll": "1B7AE321185D0081D1759A9AD829F9BA",
  "PInvoke.SHCore.dll": "F27E7F063D51480F6D2294C903E4A606",
  "PInvoke.Shell32.dll": "F71A1BCAF6478190691170DAEA77722F",
  "PInvoke.User32.dll": "8BEDE38311ED4F27127290B81B8079FD",
  "PInvoke.Userenv.dll": "FEB7BCA90B8C905EC2F4BB0789847131",
  "PInvoke.UxTheme.dll": "8E683C016250CB719FDB9AAAFC22B3C5",
  "PInvoke.Windows.Core.dll": "90015440A44935208FFEA9BF61740651",
  "PInvoke.Windows.ShellScalingApi.dll": "F351B34B8C9183A51CADFDC279357C49",
  "PInvoke.WinUsb.dll": "9EB8A0280F2848D1A32B560A939F7336",
  "PInvoke.WtsApi32.dll": "341C94455D2E5893DBE4293D4D67AA4D",
  "Reloaded.Assembler.dll": "80030D48EEAB7F8B33A46D9CDD63A616",
  "Reloaded.Hooks.Definitions.dll": "29EF81BDBC4501F6B688890EC57B90A5",
  "Reloaded.Hooks.dll": "EDC5000FBF151D38CEB4B6CEE2E6DD7E",
  "Reloaded.Memory.Buffers.dll": "29C338991C5E7171D62F22175589BBFA",
  "Reloaded.Memory.dll": "8A414986F93881E2CEDB758783A1C13D",
  "revision.txt": "6B493230205F780E1BC26945DF7481E5",
  "SDL2-CS.config": "65557595FD5DF55D93B2BF881DE62C3A",
  "SDL2-CS.dll": "3AF66123C17399B3FF1934FC0CBBDB43",
  "Serilog.dll": "88E01A1334D98B890775D29361709713",
  "Serilog.Sinks.Async.dll": "0734FAF4CE514E556D25B55185D9AA4F",
  "Serilog.Sinks.Console.dll": "E73DC2D36393B51191623DBD8BDEB89C",
  "Serilog.Sinks.File.dll": "2050C5F438DBDC92B6F9B1350C0FBDCA",
  "SharpDX.Direct3D11.dll": "26BC7644F769159B8C25DE4FED91D34F",
  "SharpDX.dll": "133E85523B037F311BDA8E957D4E0C1D",
  "SharpDX.DXGI.dll": "13887D10D073DBC01FEDFEA131A902FF",
  "SharpDX.Mathematics.dll": "54BFED391386AC22F8E1BF9CAE728E5D",
  "Silk.NET.Core.dll": "9E04F23E6048E00A6046B7F3E288C9B1",
  "Silk.NET.GLFW.dll": "1F82081E6F0A69C963EA8875424719DF",
  "Silk.NET.Maths.dll": "1AA308535C259470ACA52A72C0374BE0",
  "Silk.NET.OpenGL.dll": "82E0180F6F71A628445EE6C63E80D5DB",
  "Silk.NET.SDL.dll": "07F4C77646D1CE3DFD83CF465B5D604B",
  "Silk.NET.Windowing.Common.dll": "07EF5B935955747A1792221103FC12E1",
  "Silk.NET.Windowing.Glfw.dll": "30069BC8DD78A2AEF7C25FF71EC4E2AE",
  "Silk.NET.Windowing.Sdl.dll": "E86972D61809065C4A913E9AFE802DE5",
  "SQLite-net.dll": "AB005D87A2C6CF07268ECA69A6EFEA5B",
  "SQLitePCLRaw.batteries_v2.dll": "A41E83173AA3110206762F6C0F38750E",
  "SQLitePCLRaw.core.dll": "9065897F59A4602D689EBEF2962E73E1",
  "SQLitePCLRaw.nativelibrary.dll": "D5DED22186B1925FD214423E1ABDFBBC",
  "SQLitePCLRaw.provider.dynamic_cdecl.dll": "C653FCE8790D87E972357DA7B36B6684",
  "StbiSharp.dll": "160CE25B71BD3A5E0B9261A9B2246C18",
  "System.Reactive.dll": "EF5A00287AD15393D41B12AA4B726FF7",
  "System.Reflection.MetadataLoadContext.dll": "E88E3AF6D37736F339022C9ACC5F2F7B",
  "System.Security.Cryptography.Pkcs.dll": "8950E01996A37E808BE3F39063C37BF9",
  "TEMP_gitver.txt": "7019C0D5D72328B4FB40194E0C5D5367",
  "TerraFX.Interop.Windows.dll": "84F7EF6B0DE91F8CC23F773D3FD6DEC0",
  "Validation.dll": "6CD6CA1ACAC0DF3A37B89361C36555B1"
}
