{
  "runtimes\\alpine-x64\\native\\libe_sqlite3.so": "39C244FEDBCD3DFC37041D4FCE1AE21D",
  "runtimes\\linux-arm\\native\\libe_sqlite3.so": "96CF54BC0EFB83D6E3F5F3E04997A59D",
  "runtimes\\linux-arm64\\native\\libe_sqlite3.so": "F079E55E7F3F9966A4A2052A3234E068",
  "runtimes\\linux-armel\\native\\libe_sqlite3.so": "C5A67D49434FC65D64E9C15778078C76",
  "runtimes\\linux-mips64\\native\\libe_sqlite3.so": "5F8461214089CFC677D46C19B7162161",
  "runtimes\\linux-musl-x64\\native\\libe_sqlite3.so": "39C244FEDBCD3DFC37041D4FCE1AE21D",
  "runtimes\\linux-x64\\native\\libe_sqlite3.so": "6F49C540D3AB9964D67A4A704C3D262D",
  "runtimes\\linux-x64\\native\\libglfw.so.3": "9E3137144F68B9E9793F4C7AD5B1BEA7",
  "runtimes\\linux-x64\\native\\libSDL2-2.0.so": "99B95A708381FC66AB2370E45A260527",
  "runtimes\\linux-x64\\native\\libstbi.so": "0945355ED59677D06E3E88F48101BB26",
  "runtimes\\linux-x86\\native\\libe_sqlite3.so": "5E0659B414CBD6DDC38C65582485853E",
  "runtimes\\osx-x64\\native\\libe_sqlite3.dylib": "F82AE134FCD1C080A69D775591406673",
  "runtimes\\osx-x64\\native\\libglfw.3.dylib": "1E30FAB2F0C40E82290AD4B0BF14A880",
  "runtimes\\osx-x64\\native\\libSDL2-2.0.dylib": "AAC958490586C67395F0A90903AE3747",
  "runtimes\\osx-x64\\native\\libstbi.dylib": "0B84B0A6A80178266018081C3CAB68E6",
  "runtimes\\win-arm\\native\\e_sqlite3.dll": "8D412C6DD1E81D3BCD9C4C70B6F6F339",
  "runtimes\\win-arm64\\native\\e_sqlite3.dll": "94207DDFAEB1B0AED55686473BEF0A85",
  "runtimes\\win-x64\\native\\e_sqlite3.dll": "1153F1568CD12E25DBB0E7A8E172B2E7",
  "runtimes\\win-x64\\native\\glfw3.dll": "956D033FCC42A74FF28BC9BB240AB149",
  "runtimes\\win-x64\\native\\minhook.x64d.dll": "3D5FF70B2786506A17C1A02F2E52134A",
  "runtimes\\win-x64\\native\\SDL2.dll": "867E35151A0A90624AFD110721AFADB4",
  "runtimes\\win-x64\\native\\stbi.dll": "68CD4AD28A1E98769D573854E9D33EF8",
  "runtimes\\win-x64\\native\\stbi.lib": "927C214DE576219E1F80DBE7798A0502",
  "runtimes\\win-x86\\native\\e_sqlite3.dll": "0106E32F087764C4BAB47EF615CADCB7",
  "runtimes\\win-x86\\native\\glfw3.dll": "9480BA54AAEEA25910FC9B1A42B46C4D",
  "runtimes\\win-x86\\native\\SDL2.dll": "E3FBF96AE9749D1A4146F9A9F3705832",
  "targets\\Dalamud.Plugin.Bootstrap.targets": "C85635161398CD9852CF7212DB7EB904",
  "targets\\Dalamud.Plugin.targets": "394EE2BEC70254F76ABBE2C33F62BBFA",
  "BitFaster.Caching.dll": "076028CF71B28500278CF1085F3B733C",
  "CheapLoc.dll": "0C585DC1483A611CE12EB8584D537F64",
  "cimgui.dll": "520958B8ACF3764573024157CC169011",
  "cimguizmo.dll": "E980CC18BA1C3752F9C82A926C4B9578",
  "cimplot.dll": "39FC1BC9E06FDE8803B01FB91334C5D2",
  "commit_hash.txt": "B2F8FCCCAA9AB356EB0D21D14846E924",
  "Dalamud.Boot.dll": "E58CED536CC2C2D9B27416F6AD7C3714",
  "Dalamud.Common.dll": "5CD6503CE6668B94435013D3B5E5131D",
  "Dalamud.deps.json": "FCD2C499BA25110B67AF7A598039E4A9",
  "Dalamud.dll": "33654F8060508F2A04FCFB9F71F77E5D",
  "Dalamud.Injector.deps.json": "C21972522E8133995B2C9562B3E39983",
  "Dalamud.Injector.dll": "B9246533692F4EF2CEB1DF5E94D76742",
  "Dalamud.Injector.exe": "2BF6D310C2C2CA99F8F1BC0E017D69A8",
  "Dalamud.Injector.runtimeconfig.json": "439C534917CEF268A731631073E50FE4",
  "Dalamud.Injector.xml": "6730B8BB13078B71889B5A56C5DFAC6D",
  "Dalamud.runtimeconfig.json": "CA3935E9C6B9E3300F2D7171E4AF6335",
  "Dalamud.xml": "35FDE57EAFB43086DB7E46B0B4917FC1",
  "DalamudCrashHandler.exe": "4AE7897C2CCCDADAA09A6EF66A71CA65",
  "FASM-LICENSE.TXT": "ECEA1D10811221D5F0A3E96F9C38E2C7",
  "FASM.DLL": "96C55D1C24F73ABBA8AB26983AEE6D63",
  "FASMX64.DLL": "DA9051800FC9C06C98A538BBD8291BAB",
  "FFXIVClientStructs.dll": "390CAC18A120F501AEE10FB6E6C59FF9",
  "FFXIVClientStructs.xml": "19FC3378C01EAE58505CEEC322F1D45E",
  "goaaats.Reloaded.Assembler.targets": "CC22CB0A353E2136EE9E6E96DB9F7164",
  "Iced.dll": "04FA448230076095277D6BF9AA18FCD6",
  "ImGui.NET.dll": "96C8D29A683F8118885C30EF12B3BCB6",
  "ImGuiScene.dll": "01CC8A97F507FF152779D8E3BB24B430",
  "InteropGenerator.Runtime.dll": "55CCFBE0ED2E86B12C9CBDD79BDEB9E0",
  "JetBrains.Annotations.dll": "314AA4BB3CAFCDAD2350B6441D955059",
  "licenses.txt": "A159BE62AA91178EFC3E3983AE874D1D",
  "Lumina.dll": "F7B36D5841EBD539D925613D6C282417",
  "Lumina.Excel.dll": "3E6FCE099B26386878CD88DB129F72A2",
  "Microsoft.Bcl.HashCode.dll": "613AB56061ADF2284E047025207467E0",
  "Microsoft.DotNet.PlatformAbstractions.dll": "00AB0F02B1114C57C758F5AD595224F1",
  "Microsoft.Extensions.DependencyModel.dll": "F39BC76C10CFEA478C936FC4521A9FC9",
  "Microsoft.Extensions.ObjectPool.dll": "B0558CE087EAE95853E35579300F3A77",
  "MinSharp.dll": "23E980598A663BDBAD9426B83BB85B16",
  "Mono.Cecil.dll": "F6A191ADC5AECB888CB3BEFE1202E0CF",
  "Mono.Cecil.Mdb.dll": "38B30F7D884134A48EF61C22BDF2E1F6",
  "Mono.Cecil.Pdb.dll": "FF58C330A607A91788F8B4EDC4A991A1",
  "Mono.Cecil.Rocks.dll": "1918D03F9ABFD2047BDF86E8FC82178D",
  "nethost.dll": "21F39F71E2F4B5BA9FB3F126872F2F9B",
  "Newtonsoft.Json.dll": "ADF3E3EECDE20B7C9661E9C47106A14A",
  "PeNet.Asn1.dll": "E74854157A6085AD8F0B7E3D259C2544",
  "PeNet.dll": "05F30E61E3B3AD8626E64060F3F0487B",
  "PInvoke.AdvApi32.dll": "34EE461D05B403C3A15D0DEC32A3788C",
  "PInvoke.BCrypt.dll": "FD07758EE1440491F22923084109FF26",
  "PInvoke.Cabinet.dll": "333D950E3804735DA60CC41D614C63E2",
  "PInvoke.CfgMgr32.dll": "768BE7CC18EDCF78B296A72ABE891691",
  "PInvoke.Crypt32.dll": "E7B00B0851738F4A7F2C6D37DAA973B4",
  "PInvoke.DbgHelp.dll": "E701136169620D20E3A70B560DE20E44",
  "PInvoke.DwmApi.dll": "ACF223CC8962404056648815B486F7D9",
  "PInvoke.Gdi32.dll": "69FF434826F98582CE44D3136ECFFACB",
  "PInvoke.Hid.dll": "2E7A41257F8AD9B26073181F450CD8E5",
  "PInvoke.ImageHlp.dll": "79BE816E8D86EA66489D7780DD675D49",
  "PInvoke.IPHlpApi.dll": "E949FA3326D1BA8872B179AB4EE49D38",
  "PInvoke.Kernel32.dll": "234E15B122ED430DE99490CA1A204958",
  "PInvoke.Magnification.dll": "C9EA3D34F506741ECC044DB19C151F09",
  "PInvoke.Msi.dll": "69EE50CE2DA6B55755E52589F49A7EBC",
  "PInvoke.NCrypt.dll": "DA1DE76C14D99370CA3BEF19DC299B15",
  "PInvoke.NetApi32.dll": "AE79F9FA2E3864A5E0642AE4622ECDC5",
  "PInvoke.NewDev.dll": "B3E1992105D986EF9C5C8E4B630FBB07",
  "PInvoke.NTDll.dll": "3F6BDF840EB27DD0FD9EB8071822183A",
  "PInvoke.Ole32.dll": "3C49FB100B60519FFE725BCD12A538F6",
  "PInvoke.Psapi.dll": "A7683EE4B880227F01C8AE632A892B9E",
  "PInvoke.SetupApi.dll": "1B7AE321185D0081D1759A9AD829F9BA",
  "PInvoke.SHCore.dll": "F27E7F063D51480F6D2294C903E4A606",
  "PInvoke.Shell32.dll": "F71A1BCAF6478190691170DAEA77722F",
  "PInvoke.User32.dll": "8BEDE38311ED4F27127290B81B8079FD",
  "PInvoke.Userenv.dll": "FEB7BCA90B8C905EC2F4BB0789847131",
  "PInvoke.UxTheme.dll": "8E683C016250CB719FDB9AAAFC22B3C5",
  "PInvoke.Windows.Core.dll": "90015440A44935208FFEA9BF61740651",
  "PInvoke.Windows.ShellScalingApi.dll": "F351B34B8C9183A51CADFDC279357C49",
  "PInvoke.WinUsb.dll": "9EB8A0280F2848D1A32B560A939F7336",
  "PInvoke.WtsApi32.dll": "341C94455D2E5893DBE4293D4D67AA4D",
  "Reloaded.Assembler.dll": "731CF7CB9303C7D6BBD2B3D2B75047BB",
  "Reloaded.Hooks.Definitions.dll": "7D940ABB6D99DC1E8E7D59B20ADEC1D6",
  "Reloaded.Hooks.dll": "46BAE94B162C93DB093A25677F00AB6E",
  "Reloaded.Memory.Buffers.dll": "0A2BB6EB2D404D05569516B4FB9BAF39",
  "Reloaded.Memory.dll": "13EF641CEA1D1B49CEFD6FFD601D144F",
  "revision.txt": "F84D465177E84BB4E756A8319443CDCB",
  "SDL2-CS.config": "65557595FD5DF55D93B2BF881DE62C3A",
  "SDL2-CS.dll": "1EB91678D3D908121F24D913663B8619",
  "Serilog.dll": "9006CC0196751930F1EB8A4BF0507975",
  "Serilog.Sinks.Async.dll": "581B792892DD52CF8550D7F6F7021164",
  "Serilog.Sinks.Console.dll": "9936EE56BB509543ED67F4BF0B9EF06A",
  "Serilog.Sinks.File.dll": "0CDAC444797C9C3674E680A45EF2560A",
  "SharpDX.Direct3D11.dll": "20436EF5B95530DB4F23EAECCDE78EE5",
  "SharpDX.dll": "AC434114F753BC9A2CA01772F1EF96E8",
  "SharpDX.DXGI.dll": "250943DFAAA0891C94A1ED39AC75A1C9",
  "SharpDX.Mathematics.dll": "934D47F3FF3D106FC47815D41D56DBF6",
  "Silk.NET.Core.dll": "82D30E474F1C45D99D851CF3278B4294",
  "Silk.NET.GLFW.dll": "41F13E81275FF847CBF5C1D421CBC37C",
  "Silk.NET.Maths.dll": "9066D2B63F4F2A014229FE4C70B95A2B",
  "Silk.NET.OpenGL.dll": "C6616185FDE7CCAEBAA689A3645F286E",
  "Silk.NET.SDL.dll": "4E9D5A09F8392F86AF55A7425336B137",
  "Silk.NET.Windowing.Common.dll": "16411046B1EC586D6859D6E6ADFE8F4A",
  "Silk.NET.Windowing.Glfw.dll": "B36978819161BFC455690785E5CC400D",
  "Silk.NET.Windowing.Sdl.dll": "5A4F1EA42CF7B947CDD6EE959CB9A3B1",
  "SQLite-net.dll": "DB63F4D922EE8DBCB135A812672C318A",
  "SQLitePCLRaw.batteries_v2.dll": "3092990421AC1122B065401E4DD2B1B2",
  "SQLitePCLRaw.core.dll": "75F0A5CDE264DB5E60CC5001C7C397B6",
  "SQLitePCLRaw.nativelibrary.dll": "7F29D959742B2638E7F7E12244AEB52B",
  "SQLitePCLRaw.provider.dynamic_cdecl.dll": "8FBC0F23816726D99B06F6A44513B112",
  "StbiSharp.dll": "CDF860D375178D6214DB2DF003FA6233",
  "System.Reactive.dll": "EF5A00287AD15393D41B12AA4B726FF7",
  "System.Reflection.MetadataLoadContext.dll": "E88E3AF6D37736F339022C9ACC5F2F7B",
  "System.Security.Cryptography.Pkcs.dll": "8950E01996A37E808BE3F39063C37BF9",
  "TEMP_gitver.txt": "B7FBDB66EAC00D1F2DFA03FB09BBAAB2",
  "TerraFX.Interop.Windows.dll": "84F7EF6B0DE91F8CC23F773D3FD6DEC0",
  "Validation.dll": "8908686A90821D2BB140E0E22A111C71"
}
