{
  "runtimes\\alpine-x64\\native\\libe_sqlite3.so": "39C244FEDBCD3DFC37041D4FCE1AE21D",
  "runtimes\\linux-arm\\native\\libe_sqlite3.so": "96CF54BC0EFB83D6E3F5F3E04997A59D",
  "runtimes\\linux-arm64\\native\\libe_sqlite3.so": "F079E55E7F3F9966A4A2052A3234E068",
  "runtimes\\linux-armel\\native\\libe_sqlite3.so": "C5A67D49434FC65D64E9C15778078C76",
  "runtimes\\linux-mips64\\native\\libe_sqlite3.so": "5F8461214089CFC677D46C19B7162161",
  "runtimes\\linux-musl-x64\\native\\libe_sqlite3.so": "39C244FEDBCD3DFC37041D4FCE1AE21D",
  "runtimes\\linux-x64\\native\\libe_sqlite3.so": "6F49C540D3AB9964D67A4A704C3D262D",
  "runtimes\\linux-x64\\native\\libglfw.so.3": "9E3137144F68B9E9793F4C7AD5B1BEA7",
  "runtimes\\linux-x64\\native\\libSDL2-2.0.so": "99B95A708381FC66AB2370E45A260527",
  "runtimes\\linux-x64\\native\\libstbi.so": "0945355ED59677D06E3E88F48101BB26",
  "runtimes\\linux-x86\\native\\libe_sqlite3.so": "5E0659B414CBD6DDC38C65582485853E",
  "runtimes\\osx-x64\\native\\libe_sqlite3.dylib": "F82AE134FCD1C080A69D775591406673",
  "runtimes\\osx-x64\\native\\libglfw.3.dylib": "1E30FAB2F0C40E82290AD4B0BF14A880",
  "runtimes\\osx-x64\\native\\libSDL2-2.0.dylib": "AAC958490586C67395F0A90903AE3747",
  "runtimes\\osx-x64\\native\\libstbi.dylib": "0B84B0A6A80178266018081C3CAB68E6",
  "runtimes\\win-arm\\native\\e_sqlite3.dll": "59FAD71415D0A85DB6E942C919450CE7",
  "runtimes\\win-arm64\\native\\e_sqlite3.dll": "4D1B60293B3C4C32F4AE26E7DA13D0C9",
  "runtimes\\win-x64\\native\\e_sqlite3.dll": "7300C20A206716993C48BE5945CFA350",
  "runtimes\\win-x64\\native\\glfw3.dll": "EFEE76E02960DA6EE9F4CF5823F39687",
  "runtimes\\win-x64\\native\\minhook.x64d.dll": "2FB96ACCE2DE478BC03D6E08472F1691",
  "runtimes\\win-x64\\native\\SDL2.dll": "08A3D0E8FA200676EB64036431FC60E3",
  "runtimes\\win-x64\\native\\stbi.dll": "8AA30C67246EB7EF7B350401895EAEE0",
  "runtimes\\win-x64\\native\\stbi.lib": "927C214DE576219E1F80DBE7798A0502",
  "runtimes\\win-x86\\native\\e_sqlite3.dll": "22F5076431A454978CE640BE6F789A99",
  "runtimes\\win-x86\\native\\glfw3.dll": "54F517C84084336AB6333A435A80D2E2",
  "runtimes\\win-x86\\native\\SDL2.dll": "CB6AF6D8B6E3833DF38724C70F4EB1D9",
  "targets\\Dalamud.Plugin.Bootstrap.targets": "C85635161398CD9852CF7212DB7EB904",
  "targets\\Dalamud.Plugin.targets": "394EE2BEC70254F76ABBE2C33F62BBFA",
  "BitFaster.Caching.dll": "5F1026C21050E54F26C28E8EA1EC3983",
  "CheapLoc.dll": "B4AAF65F79820B149BC8506966A37D30",
  "cimgui.dll": "45981C71860ED46BFEDAC44B107E7964",
  "cimguizmo.dll": "CAC22D1D526279CC1A1D275C222A3CE4",
  "cimplot.dll": "6D5C812613D32F85A65A0C6D5C95E3D9",
  "commit_hash.txt": "5EBD5C4BA08598D28F1601970CE7A03D",
  "Dalamud.Boot.dll": "C75CB0D1711C12DC04371C5B2DC8C5CB",
  "Dalamud.Common.dll": "65F742DECD4BBFCE9D9BEDE2C53F180C",
  "Dalamud.deps.json": "AE0C501C1C2A20774C7484319CDF32CC",
  "Dalamud.dll": "D89A7B42EAAE459749E423E0BE27B965",
  "Dalamud.Injector.deps.json": "C21972522E8133995B2C9562B3E39983",
  "Dalamud.Injector.dll": "76EDD1B6A579EF1AE8C19F29A38C4BE9",
  "Dalamud.Injector.exe": "7C6E794C7D0C317D6C8E5976AFC05D2C",
  "Dalamud.Injector.runtimeconfig.json": "439C534917CEF268A731631073E50FE4",
  "Dalamud.Injector.xml": "6730B8BB13078B71889B5A56C5DFAC6D",
  "Dalamud.runtimeconfig.json": "CA3935E9C6B9E3300F2D7171E4AF6335",
  "Dalamud.xml": "7767A40933A71697D76E953CE82E171F",
  "DalamudCrashHandler.exe": "17532C2A1823B6409453D8F3D066D98C",
  "FASM-LICENSE.TXT": "ECEA1D10811221D5F0A3E96F9C38E2C7",
  "FASM.DLL": "FABBE81AEB1D6DEC53A37312448F8948",
  "FASMX64.DLL": "5E5AC2A13D30777E8AD20ABB6B4B714E",
  "FFXIVClientStructs.dll": "2A7EE19A3A547C49FBF7DD1F5E0255D0",
  "FFXIVClientStructs.xml": "4F63CB455B4858A25F4A6D1D821EE980",
  "goaaats.Reloaded.Assembler.targets": "CC22CB0A353E2136EE9E6E96DB9F7164",
  "Iced.dll": "7D47F11118C14F004E83CFB2EB6D749D",
  "ImGui.NET.dll": "10BB58A3E329ADE7B7C9701CEB78D114",
  "ImGuiScene.dll": "7A5584B0657B20D903B67B6CAA28923C",
  "InteropGenerator.Runtime.dll": "8872DAC5F553736112FBFCCE289293D2",
  "JetBrains.Annotations.dll": "22F378988A303A04B92A128BB08519B0",
  "licenses.txt": "A159BE62AA91178EFC3E3983AE874D1D",
  "Lumina.dll": "9EC2806DC2469FA6CC4430032B1F7E61",
  "Lumina.Excel.dll": "ED74CA9F58F3D52168E8CB55CA9C5DF1",
  "Microsoft.Bcl.HashCode.dll": "613AB56061ADF2284E047025207467E0",
  "Microsoft.DotNet.PlatformAbstractions.dll": "00AB0F02B1114C57C758F5AD595224F1",
  "Microsoft.Extensions.DependencyModel.dll": "F39BC76C10CFEA478C936FC4521A9FC9",
  "Microsoft.Extensions.ObjectPool.dll": "B0558CE087EAE95853E35579300F3A77",
  "MinSharp.dll": "CEBCB20C7CE57AFA73A40384D81156F7",
  "Mono.Cecil.dll": "300D8551428742A9822D3710F2CD149C",
  "Mono.Cecil.Mdb.dll": "AC13B09C01DDF4662E1A29ACDF4F03A3",
  "Mono.Cecil.Pdb.dll": "5A58ECE3A5BC6FC2296DCF0C746017B3",
  "Mono.Cecil.Rocks.dll": "74028273F317885AB0FC4366AEFC7463",
  "nethost.dll": "21F39F71E2F4B5BA9FB3F126872F2F9B",
  "Newtonsoft.Json.dll": "ADF3E3EECDE20B7C9661E9C47106A14A",
  "PeNet.Asn1.dll": "63453E8D557DEF3FE06E25997E57FCBD",
  "PeNet.dll": "ACA9BB3C55318588A470AA4B72EB804E",
  "PInvoke.AdvApi32.dll": "34EE461D05B403C3A15D0DEC32A3788C",
  "PInvoke.BCrypt.dll": "FD07758EE1440491F22923084109FF26",
  "PInvoke.Cabinet.dll": "333D950E3804735DA60CC41D614C63E2",
  "PInvoke.CfgMgr32.dll": "768BE7CC18EDCF78B296A72ABE891691",
  "PInvoke.Crypt32.dll": "E7B00B0851738F4A7F2C6D37DAA973B4",
  "PInvoke.DbgHelp.dll": "E701136169620D20E3A70B560DE20E44",
  "PInvoke.DwmApi.dll": "ACF223CC8962404056648815B486F7D9",
  "PInvoke.Gdi32.dll": "69FF434826F98582CE44D3136ECFFACB",
  "PInvoke.Hid.dll": "2E7A41257F8AD9B26073181F450CD8E5",
  "PInvoke.ImageHlp.dll": "79BE816E8D86EA66489D7780DD675D49",
  "PInvoke.IPHlpApi.dll": "E949FA3326D1BA8872B179AB4EE49D38",
  "PInvoke.Kernel32.dll": "234E15B122ED430DE99490CA1A204958",
  "PInvoke.Magnification.dll": "C9EA3D34F506741ECC044DB19C151F09",
  "PInvoke.Msi.dll": "69EE50CE2DA6B55755E52589F49A7EBC",
  "PInvoke.NCrypt.dll": "DA1DE76C14D99370CA3BEF19DC299B15",
  "PInvoke.NetApi32.dll": "AE79F9FA2E3864A5E0642AE4622ECDC5",
  "PInvoke.NewDev.dll": "B3E1992105D986EF9C5C8E4B630FBB07",
  "PInvoke.NTDll.dll": "3F6BDF840EB27DD0FD9EB8071822183A",
  "PInvoke.Ole32.dll": "3C49FB100B60519FFE725BCD12A538F6",
  "PInvoke.Psapi.dll": "A7683EE4B880227F01C8AE632A892B9E",
  "PInvoke.SetupApi.dll": "1B7AE321185D0081D1759A9AD829F9BA",
  "PInvoke.SHCore.dll": "F27E7F063D51480F6D2294C903E4A606",
  "PInvoke.Shell32.dll": "F71A1BCAF6478190691170DAEA77722F",
  "PInvoke.User32.dll": "8BEDE38311ED4F27127290B81B8079FD",
  "PInvoke.Userenv.dll": "FEB7BCA90B8C905EC2F4BB0789847131",
  "PInvoke.UxTheme.dll": "8E683C016250CB719FDB9AAAFC22B3C5",
  "PInvoke.Windows.Core.dll": "90015440A44935208FFEA9BF61740651",
  "PInvoke.Windows.ShellScalingApi.dll": "F351B34B8C9183A51CADFDC279357C49",
  "PInvoke.WinUsb.dll": "9EB8A0280F2848D1A32B560A939F7336",
  "PInvoke.WtsApi32.dll": "341C94455D2E5893DBE4293D4D67AA4D",
  "Reloaded.Assembler.dll": "F5FE63C8EC1D2AE2802A17EA12748239",
  "Reloaded.Hooks.Definitions.dll": "2A3F6A79B7D6A4E21DD8625F59B6EFCE",
  "Reloaded.Hooks.dll": "2B74DDA1261E63C99BFA6EEEEC59273F",
  "Reloaded.Memory.Buffers.dll": "A199D028A5219541EB434F0EC8A73EF9",
  "Reloaded.Memory.dll": "AA96AA226330390D4297286F6C44D77C",
  "revision.txt": "5C6287BE4DE9FF5AFEAEC72D54436FCF",
  "SDL2-CS.config": "65557595FD5DF55D93B2BF881DE62C3A",
  "SDL2-CS.dll": "ED0463C2D59521981B2BA66574C8D1E7",
  "Serilog.dll": "ED46A65ED512C74313E9790B3FBE1467",
  "Serilog.Sinks.Async.dll": "3134BC977CB149DDEAB73C11167B8FE4",
  "Serilog.Sinks.Console.dll": "D4DAA4FDABF7F7090411F9F03BE5304D",
  "Serilog.Sinks.File.dll": "DED96B8A992704068FE164EF13638B7E",
  "SharpDX.Direct3D11.dll": "6C61EA611CE28F8F898AA096A0AC5A69",
  "SharpDX.dll": "B43C9BBB976CAE329CEE897EA5512147",
  "SharpDX.DXGI.dll": "938EC1736ACCC24AA75073899DCC4DA2",
  "SharpDX.Mathematics.dll": "460BBBE8C19BCCA9BD97BE0C0004670C",
  "Silk.NET.Core.dll": "CB616AF3FA3FD6769042055AD12AA284",
  "Silk.NET.GLFW.dll": "6B73F1F0EAB55BB74B3F70112887E508",
  "Silk.NET.Maths.dll": "588D2B2BD19DFE7D0EF18A893CEB312A",
  "Silk.NET.OpenGL.dll": "FDEFC93EFE1898C88D8C5BD5D4C05160",
  "Silk.NET.SDL.dll": "4898334CA8D274BEAAE7D37CBF0347DB",
  "Silk.NET.Windowing.Common.dll": "D5AA5ACC36590E72F9CA1EA9A9770D88",
  "Silk.NET.Windowing.Glfw.dll": "306BB2E51963FF8480A3F6EA579AC247",
  "Silk.NET.Windowing.Sdl.dll": "9B8DE4EB6DCBFEBC8CAC3860EE3FD037",
  "SQLite-net.dll": "F02183E718538FCBF3B51F1716AE1DC4",
  "SQLitePCLRaw.batteries_v2.dll": "513C2517AB44DD8CCE219FF731AB8A14",
  "SQLitePCLRaw.core.dll": "AD8AA67A5C78B12C82C476A9C67F991C",
  "SQLitePCLRaw.nativelibrary.dll": "0EFCE97512D3205DD0B8B5489BEE0CC2",
  "SQLitePCLRaw.provider.dynamic_cdecl.dll": "AB0F7B04AE659559F2F44CAE73AB00EF",
  "StbiSharp.dll": "E7DEEE0CA9767884809CDB227A0A15A4",
  "System.Reactive.dll": "EF5A00287AD15393D41B12AA4B726FF7",
  "System.Reflection.MetadataLoadContext.dll": "E88E3AF6D37736F339022C9ACC5F2F7B",
  "System.Security.Cryptography.Pkcs.dll": "8950E01996A37E808BE3F39063C37BF9",
  "TEMP_gitver.txt": "0615A5B8FECB8B9C3A232984B0BBBADA",
  "TerraFX.Interop.Windows.dll": "84F7EF6B0DE91F8CC23F773D3FD6DEC0",
  "Validation.dll": "08B50B1419C7009A585FC94565C22FB1"
}
