{
  "runtimes\\alpine-x64\\native\\libe_sqlite3.so": "39C244FEDBCD3DFC37041D4FCE1AE21D",
  "runtimes\\linux-arm\\native\\libe_sqlite3.so": "96CF54BC0EFB83D6E3F5F3E04997A59D",
  "runtimes\\linux-arm64\\native\\libe_sqlite3.so": "F079E55E7F3F9966A4A2052A3234E068",
  "runtimes\\linux-armel\\native\\libe_sqlite3.so": "C5A67D49434FC65D64E9C15778078C76",
  "runtimes\\linux-mips64\\native\\libe_sqlite3.so": "5F8461214089CFC677D46C19B7162161",
  "runtimes\\linux-musl-x64\\native\\libe_sqlite3.so": "39C244FEDBCD3DFC37041D4FCE1AE21D",
  "runtimes\\linux-x64\\native\\libe_sqlite3.so": "6F49C540D3AB9964D67A4A704C3D262D",
  "runtimes\\linux-x64\\native\\libglfw.so.3": "9E3137144F68B9E9793F4C7AD5B1BEA7",
  "runtimes\\linux-x64\\native\\libSDL2-2.0.so": "99B95A708381FC66AB2370E45A260527",
  "runtimes\\linux-x64\\native\\libstbi.so": "0945355ED59677D06E3E88F48101BB26",
  "runtimes\\linux-x86\\native\\libe_sqlite3.so": "5E0659B414CBD6DDC38C65582485853E",
  "runtimes\\osx-x64\\native\\libe_sqlite3.dylib": "F82AE134FCD1C080A69D775591406673",
  "runtimes\\osx-x64\\native\\libglfw.3.dylib": "1E30FAB2F0C40E82290AD4B0BF14A880",
  "runtimes\\osx-x64\\native\\libSDL2-2.0.dylib": "AAC958490586C67395F0A90903AE3747",
  "runtimes\\osx-x64\\native\\libstbi.dylib": "0B84B0A6A80178266018081C3CAB68E6",
  "runtimes\\win-arm\\native\\e_sqlite3.dll": "A345DC769380E91C586CE1FCCC1538FC",
  "runtimes\\win-arm64\\native\\e_sqlite3.dll": "4E01B20EA8A088720A1D0A6ED75283B2",
  "runtimes\\win-x64\\native\\e_sqlite3.dll": "1E5A691095C22FDFE58314E9CD15A188",
  "runtimes\\win-x64\\native\\glfw3.dll": "DEB2495551FF4FB627F903437DFE7F76",
  "runtimes\\win-x64\\native\\minhook.x64d.dll": "C7931DC9EB3F500D2ED427D6F710FA64",
  "runtimes\\win-x64\\native\\SDL2.dll": "20E855AF9640B31D332D02EB2FC5850D",
  "runtimes\\win-x64\\native\\stbi.dll": "57CCFBBADCF3113E2A9F9DDA176AA613",
  "runtimes\\win-x64\\native\\stbi.lib": "927C214DE576219E1F80DBE7798A0502",
  "runtimes\\win-x86\\native\\e_sqlite3.dll": "60E71B182D55715CEC9C0C96C32B3352",
  "runtimes\\win-x86\\native\\glfw3.dll": "3A7C97A15D6FADA30B72C9230C92E492",
  "runtimes\\win-x86\\native\\SDL2.dll": "0A6C0C7802C47AE7103DC13C9AA65DE2",
  "targets\\Dalamud.Plugin.Bootstrap.targets": "C85635161398CD9852CF7212DB7EB904",
  "targets\\Dalamud.Plugin.targets": "394EE2BEC70254F76ABBE2C33F62BBFA",
  "BitFaster.Caching.dll": "A61A5025A08AAD172A00F67C08FB08D8",
  "CheapLoc.dll": "0786D12DBC6215EEB24CAEED7A9C3F16",
  "cimgui.dll": "28046A610C0FC5956EC6CC2355E41916",
  "cimguizmo.dll": "16F4AB639FA5F6CD5C11FFCE72C47B55",
  "cimplot.dll": "0380E5ACA26B6D70B443420025688FE3",
  "commit_hash.txt": "35570BE255E1F14418F804D5A3FDDC96",
  "Dalamud.Boot.dll": "FB974BF360AD16E565291411E1BF6560",
  "Dalamud.Common.dll": "4317A4AA1BE677513A97D1BD6A30CCF8",
  "Dalamud.deps.json": "FF1D7323F0C8D45B1F1253AACAABDA23",
  "Dalamud.dll": "A390630755440C197BC98C3853976116",
  "Dalamud.Injector.deps.json": "C21972522E8133995B2C9562B3E39983",
  "Dalamud.Injector.dll": "1E252C19C094B4974AE14F802DF49652",
  "Dalamud.Injector.exe": "799475AE9156F7C79A7FD54D064B5216",
  "Dalamud.Injector.runtimeconfig.json": "439C534917CEF268A731631073E50FE4",
  "Dalamud.Injector.xml": "6730B8BB13078B71889B5A56C5DFAC6D",
  "Dalamud.runtimeconfig.json": "CA3935E9C6B9E3300F2D7171E4AF6335",
  "Dalamud.xml": "342CC0156945908371A50CFB25A9A51D",
  "DalamudCrashHandler.exe": "FDCBF3DD3BD57E3AF807EF4122ADADE7",
  "FASM-LICENSE.TXT": "ECEA1D10811221D5F0A3E96F9C38E2C7",
  "FASM.DLL": "54A56048B72A784601CFDA40684F608C",
  "FASMX64.DLL": "799D05FA9B063C030BF0A1413F2794F4",
  "FFXIVClientStructs.dll": "C465E2F41E764AC3AE58FF3DAD41D143",
  "FFXIVClientStructs.xml": "3F85EAF3E210C050E877A31FE5F89ADF",
  "goaaats.Reloaded.Assembler.targets": "CC22CB0A353E2136EE9E6E96DB9F7164",
  "Iced.dll": "E0596E1CFEFE5648F7BF1894B384B9A9",
  "ImGui.NET.dll": "37014C8559AB1AECE94610BD09FB4AAA",
  "ImGuiScene.dll": "D9ED1F7DCD7AB11539F97FB3AF8A3F48",
  "InteropGenerator.Runtime.dll": "693C6CCAE1EEFDB48B832FA3C00BC9B4",
  "JetBrains.Annotations.dll": "8B88310C43C3209648A4243AAF69A550",
  "licenses.txt": "A159BE62AA91178EFC3E3983AE874D1D",
  "Lumina.dll": "A71434196375768A80F9DD07EF2D1F42",
  "Lumina.Excel.dll": "A33E29100C43548601FEE5173995150F",
  "Microsoft.Bcl.HashCode.dll": "613AB56061ADF2284E047025207467E0",
  "Microsoft.DotNet.PlatformAbstractions.dll": "00AB0F02B1114C57C758F5AD595224F1",
  "Microsoft.Extensions.DependencyModel.dll": "F39BC76C10CFEA478C936FC4521A9FC9",
  "Microsoft.Extensions.ObjectPool.dll": "B0558CE087EAE95853E35579300F3A77",
  "MinSharp.dll": "120E3ACF9BE4270C29B31834B16FE762",
  "Mono.Cecil.dll": "FA8B52F90BCDB57E19214921A54CB9B5",
  "Mono.Cecil.Mdb.dll": "97C46FECD0B4DF95A634C4E8F0AF82B5",
  "Mono.Cecil.Pdb.dll": "F4C8B1A6ACE1DEAB5595AEAEC094C948",
  "Mono.Cecil.Rocks.dll": "0EB1C107F607510559D7D4701BE5E9F9",
  "nethost.dll": "21F39F71E2F4B5BA9FB3F126872F2F9B",
  "Newtonsoft.Json.dll": "ADF3E3EECDE20B7C9661E9C47106A14A",
  "PeNet.Asn1.dll": "2B14E911BB1DE1511FD94C4D99D81060",
  "PeNet.dll": "0AB7C38E689C882FF7A1BA65AC51A3AF",
  "PInvoke.AdvApi32.dll": "34EE461D05B403C3A15D0DEC32A3788C",
  "PInvoke.BCrypt.dll": "FD07758EE1440491F22923084109FF26",
  "PInvoke.Cabinet.dll": "333D950E3804735DA60CC41D614C63E2",
  "PInvoke.CfgMgr32.dll": "768BE7CC18EDCF78B296A72ABE891691",
  "PInvoke.Crypt32.dll": "E7B00B0851738F4A7F2C6D37DAA973B4",
  "PInvoke.DbgHelp.dll": "E701136169620D20E3A70B560DE20E44",
  "PInvoke.DwmApi.dll": "ACF223CC8962404056648815B486F7D9",
  "PInvoke.Gdi32.dll": "69FF434826F98582CE44D3136ECFFACB",
  "PInvoke.Hid.dll": "2E7A41257F8AD9B26073181F450CD8E5",
  "PInvoke.ImageHlp.dll": "79BE816E8D86EA66489D7780DD675D49",
  "PInvoke.IPHlpApi.dll": "E949FA3326D1BA8872B179AB4EE49D38",
  "PInvoke.Kernel32.dll": "234E15B122ED430DE99490CA1A204958",
  "PInvoke.Magnification.dll": "C9EA3D34F506741ECC044DB19C151F09",
  "PInvoke.Msi.dll": "69EE50CE2DA6B55755E52589F49A7EBC",
  "PInvoke.NCrypt.dll": "DA1DE76C14D99370CA3BEF19DC299B15",
  "PInvoke.NetApi32.dll": "AE79F9FA2E3864A5E0642AE4622ECDC5",
  "PInvoke.NewDev.dll": "B3E1992105D986EF9C5C8E4B630FBB07",
  "PInvoke.NTDll.dll": "3F6BDF840EB27DD0FD9EB8071822183A",
  "PInvoke.Ole32.dll": "3C49FB100B60519FFE725BCD12A538F6",
  "PInvoke.Psapi.dll": "A7683EE4B880227F01C8AE632A892B9E",
  "PInvoke.SetupApi.dll": "1B7AE321185D0081D1759A9AD829F9BA",
  "PInvoke.SHCore.dll": "F27E7F063D51480F6D2294C903E4A606",
  "PInvoke.Shell32.dll": "F71A1BCAF6478190691170DAEA77722F",
  "PInvoke.User32.dll": "8BEDE38311ED4F27127290B81B8079FD",
  "PInvoke.Userenv.dll": "FEB7BCA90B8C905EC2F4BB0789847131",
  "PInvoke.UxTheme.dll": "8E683C016250CB719FDB9AAAFC22B3C5",
  "PInvoke.Windows.Core.dll": "90015440A44935208FFEA9BF61740651",
  "PInvoke.Windows.ShellScalingApi.dll": "F351B34B8C9183A51CADFDC279357C49",
  "PInvoke.WinUsb.dll": "9EB8A0280F2848D1A32B560A939F7336",
  "PInvoke.WtsApi32.dll": "341C94455D2E5893DBE4293D4D67AA4D",
  "Reloaded.Assembler.dll": "F919EA53B9EC94101A7DAB4A20800CD2",
  "Reloaded.Hooks.Definitions.dll": "4416E305D690BA1AA39B189923F05628",
  "Reloaded.Hooks.dll": "FE16D41D8B0C27E28BF1C651CC8D2582",
  "Reloaded.Memory.Buffers.dll": "EFF63D1B51661023CD5E58D7F6F5A2FB",
  "Reloaded.Memory.dll": "0C0FFFBBE97938C1A4B21A9D585B6879",
  "revision.txt": "78B91366B15C399BD05530E96D28A530",
  "SDL2-CS.config": "65557595FD5DF55D93B2BF881DE62C3A",
  "SDL2-CS.dll": "D99F23B2DFC3B11DDB28F09096A544D5",
  "Serilog.dll": "59E49641E53DB3A20176DEF36783BF20",
  "Serilog.Sinks.Async.dll": "1E02B33F2DDBC3E39E5C0DC4C70DD863",
  "Serilog.Sinks.Console.dll": "A0CCA86743BC5FAE549023A77495B0E7",
  "Serilog.Sinks.File.dll": "7EF660835E1FBA7584848B8282AEB0AD",
  "SharpDX.Direct3D11.dll": "4F9AEC023524F850DDD72724CBBB597A",
  "SharpDX.dll": "C1CB7EA77178B8D4FAD6070F0E1DC48E",
  "SharpDX.DXGI.dll": "05CF1D02D8DFC7741E5F19593685749C",
  "SharpDX.Mathematics.dll": "635F697811DC73B4433A8CB858045D5A",
  "Silk.NET.Core.dll": "C96A52006BAA0A1ECF7620AAB0C61CDF",
  "Silk.NET.GLFW.dll": "2663AD083C905EBA78AD97B943E95C60",
  "Silk.NET.Maths.dll": "65B8D9049A0E4960CB3A59413331C12A",
  "Silk.NET.OpenGL.dll": "475B1C10898DF183836352D958468B7D",
  "Silk.NET.SDL.dll": "87E5AACC0509BF0BC565DD4C87E8EA6C",
  "Silk.NET.Windowing.Common.dll": "D9DA47538067CE5BA241F1F6A2D71F1A",
  "Silk.NET.Windowing.Glfw.dll": "5731961B51EC99AA2ECC8B54EBC974B5",
  "Silk.NET.Windowing.Sdl.dll": "6806AB8DB5997369D03F23230DFA4467",
  "SQLite-net.dll": "BF7F12EB24C2BF4CA39230ABB3AE57C5",
  "SQLitePCLRaw.batteries_v2.dll": "58F12455A6F35F2AD997F21749DCC7B2",
  "SQLitePCLRaw.core.dll": "FBF8EEB3DACF8F024AE71E55E9326B72",
  "SQLitePCLRaw.nativelibrary.dll": "518CE4F56407EA5F2E87B1854738529D",
  "SQLitePCLRaw.provider.dynamic_cdecl.dll": "0EA96D614B104B9CA4FD96ABDDA81EDB",
  "StbiSharp.dll": "77C9F81BA94D6C89F848F9E993B7249B",
  "System.Reactive.dll": "EF5A00287AD15393D41B12AA4B726FF7",
  "System.Reflection.MetadataLoadContext.dll": "E88E3AF6D37736F339022C9ACC5F2F7B",
  "System.Security.Cryptography.Pkcs.dll": "8950E01996A37E808BE3F39063C37BF9",
  "TEMP_gitver.txt": "46DA14286D71212398871954124E0E23",
  "TerraFX.Interop.Windows.dll": "84F7EF6B0DE91F8CC23F773D3FD6DEC0",
  "Validation.dll": "93425759029019BCFFDAD3882FEBB78C"
}
