{
  "runtimes\\alpine-x64\\native\\libe_sqlite3.so": "39C244FEDBCD3DFC37041D4FCE1AE21D",
  "runtimes\\linux-arm\\native\\libe_sqlite3.so": "96CF54BC0EFB83D6E3F5F3E04997A59D",
  "runtimes\\linux-arm64\\native\\libe_sqlite3.so": "F079E55E7F3F9966A4A2052A3234E068",
  "runtimes\\linux-armel\\native\\libe_sqlite3.so": "C5A67D49434FC65D64E9C15778078C76",
  "runtimes\\linux-mips64\\native\\libe_sqlite3.so": "5F8461214089CFC677D46C19B7162161",
  "runtimes\\linux-musl-x64\\native\\libe_sqlite3.so": "39C244FEDBCD3DFC37041D4FCE1AE21D",
  "runtimes\\linux-x64\\native\\libe_sqlite3.so": "6F49C540D3AB9964D67A4A704C3D262D",
  "runtimes\\linux-x64\\native\\libglfw.so.3": "9E3137144F68B9E9793F4C7AD5B1BEA7",
  "runtimes\\linux-x64\\native\\libSDL2-2.0.so": "99B95A708381FC66AB2370E45A260527",
  "runtimes\\linux-x64\\native\\libstbi.so": "0945355ED59677D06E3E88F48101BB26",
  "runtimes\\linux-x86\\native\\libe_sqlite3.so": "5E0659B414CBD6DDC38C65582485853E",
  "runtimes\\osx-x64\\native\\libe_sqlite3.dylib": "F82AE134FCD1C080A69D775591406673",
  "runtimes\\osx-x64\\native\\libglfw.3.dylib": "1E30FAB2F0C40E82290AD4B0BF14A880",
  "runtimes\\osx-x64\\native\\libSDL2-2.0.dylib": "AAC958490586C67395F0A90903AE3747",
  "runtimes\\osx-x64\\native\\libstbi.dylib": "0B84B0A6A80178266018081C3CAB68E6",
  "runtimes\\win-arm\\native\\e_sqlite3.dll": "55684C81071D163879E1AAA17266DB09",
  "runtimes\\win-arm64\\native\\e_sqlite3.dll": "02F8575A1E7E9C69DE04EA9BA6462C34",
  "runtimes\\win-x64\\native\\e_sqlite3.dll": "288B427E2250970EBD1C278B752999FA",
  "runtimes\\win-x64\\native\\glfw3.dll": "42D4B335FDC0A525EDDB799259F1D344",
  "runtimes\\win-x64\\native\\minhook.x64d.dll": "BDA7DC910A7539B977E924BFDCF14CB7",
  "runtimes\\win-x64\\native\\SDL2.dll": "A5FF0298305579165532F03201EDA841",
  "runtimes\\win-x64\\native\\stbi.dll": "EBA69AFCE164FA2DC65E673A11E44897",
  "runtimes\\win-x64\\native\\stbi.lib": "927C214DE576219E1F80DBE7798A0502",
  "runtimes\\win-x86\\native\\e_sqlite3.dll": "49A53AC217D6F85DECF2E36D4A23250B",
  "runtimes\\win-x86\\native\\glfw3.dll": "6074CA1E242FD94E4DBD8F292D3A4097",
  "runtimes\\win-x86\\native\\SDL2.dll": "FE5658773107189AB78D24465119F3BE",
  "targets\\Dalamud.Plugin.Bootstrap.targets": "C85635161398CD9852CF7212DB7EB904",
  "targets\\Dalamud.Plugin.targets": "394EE2BEC70254F76ABBE2C33F62BBFA",
  "BitFaster.Caching.dll": "862D9FDB77EB8AC3593C922002A9D09F",
  "CheapLoc.dll": "4311A551140FF855DAA5C5645AD0830D",
  "cimgui.dll": "8CC062A6FDF66ECDAC5B665708F6CB3B",
  "cimguizmo.dll": "36D0259A10001C9B82A61DB7C253C7C6",
  "cimplot.dll": "FD287A539F7CB15D4D009E388618FBF8",
  "commit_hash.txt": "03D22D06AA5EAAB41D255485FC25C691",
  "Dalamud.Boot.dll": "2AD222CB1349DA8F1A33177B60826870",
  "Dalamud.Common.dll": "5788682F055966C1B4145366BA5D013B",
  "Dalamud.deps.json": "FF1D7323F0C8D45B1F1253AACAABDA23",
  "Dalamud.dll": "EDB61AA8DD921DB3C03F4E68AFC039EF",
  "Dalamud.Injector.deps.json": "C21972522E8133995B2C9562B3E39983",
  "Dalamud.Injector.dll": "AF1AD1945B0C48F31E92502E90E301A7",
  "Dalamud.Injector.exe": "A97601921C0B918E112BE9B5DF847259",
  "Dalamud.Injector.runtimeconfig.json": "439C534917CEF268A731631073E50FE4",
  "Dalamud.Injector.xml": "6730B8BB13078B71889B5A56C5DFAC6D",
  "Dalamud.runtimeconfig.json": "CA3935E9C6B9E3300F2D7171E4AF6335",
  "Dalamud.xml": "F21C1AF09A8F2A91A6F3FB8A5332CDAE",
  "DalamudCrashHandler.exe": "05C1C9926F7511964E0B650159AC61AE",
  "FASM-LICENSE.TXT": "ECEA1D10811221D5F0A3E96F9C38E2C7",
  "FASM.DLL": "1619878BFC1D276F8F4FD1B8CE8A0B93",
  "FASMX64.DLL": "D9EF823A98F5722771E4380FB566C491",
  "FFXIVClientStructs.dll": "5699D43201BE95381D03E008D09825EE",
  "FFXIVClientStructs.xml": "3F85EAF3E210C050E877A31FE5F89ADF",
  "goaaats.Reloaded.Assembler.targets": "CC22CB0A353E2136EE9E6E96DB9F7164",
  "Iced.dll": "2632FB4C342E21E2731103C134FF14C5",
  "ImGui.NET.dll": "A10BCE6EF2C031442D5EB5D86DBE97A9",
  "ImGuiScene.dll": "B0BA4F7B039A6A5DB23CFCAC57187A9F",
  "InteropGenerator.Runtime.dll": "9BB5FC25666D656B863801CCC421E515",
  "JetBrains.Annotations.dll": "E4D697314D031F39DA2ABE584A20405B",
  "licenses.txt": "A159BE62AA91178EFC3E3983AE874D1D",
  "Lumina.dll": "B74B3066839A031E7D24EB18E8057AE3",
  "Lumina.Excel.dll": "54CAC86B7F3F3D22525AD6D6B525F132",
  "Microsoft.Bcl.HashCode.dll": "613AB56061ADF2284E047025207467E0",
  "Microsoft.DotNet.PlatformAbstractions.dll": "00AB0F02B1114C57C758F5AD595224F1",
  "Microsoft.Extensions.DependencyModel.dll": "F39BC76C10CFEA478C936FC4521A9FC9",
  "Microsoft.Extensions.ObjectPool.dll": "B0558CE087EAE95853E35579300F3A77",
  "MinSharp.dll": "8F673249E19E9483D7E051FD93720765",
  "Mono.Cecil.dll": "023F802DB6C0A49210719B57FCEF74C3",
  "Mono.Cecil.Mdb.dll": "1CE9DD81FF2EC9FB9643D2EA4189D261",
  "Mono.Cecil.Pdb.dll": "ABCA10912A097153168ABA4094328DE2",
  "Mono.Cecil.Rocks.dll": "59405F50D08740108794F38034E6DEC0",
  "nethost.dll": "21F39F71E2F4B5BA9FB3F126872F2F9B",
  "Newtonsoft.Json.dll": "ADF3E3EECDE20B7C9661E9C47106A14A",
  "PeNet.Asn1.dll": "762B587DFB502550D528C1036FE4BE7B",
  "PeNet.dll": "E0D5803B0CFC798C6271FE6EEFD8F476",
  "PInvoke.AdvApi32.dll": "34EE461D05B403C3A15D0DEC32A3788C",
  "PInvoke.BCrypt.dll": "FD07758EE1440491F22923084109FF26",
  "PInvoke.Cabinet.dll": "333D950E3804735DA60CC41D614C63E2",
  "PInvoke.CfgMgr32.dll": "768BE7CC18EDCF78B296A72ABE891691",
  "PInvoke.Crypt32.dll": "E7B00B0851738F4A7F2C6D37DAA973B4",
  "PInvoke.DbgHelp.dll": "E701136169620D20E3A70B560DE20E44",
  "PInvoke.DwmApi.dll": "ACF223CC8962404056648815B486F7D9",
  "PInvoke.Gdi32.dll": "69FF434826F98582CE44D3136ECFFACB",
  "PInvoke.Hid.dll": "2E7A41257F8AD9B26073181F450CD8E5",
  "PInvoke.ImageHlp.dll": "79BE816E8D86EA66489D7780DD675D49",
  "PInvoke.IPHlpApi.dll": "E949FA3326D1BA8872B179AB4EE49D38",
  "PInvoke.Kernel32.dll": "234E15B122ED430DE99490CA1A204958",
  "PInvoke.Magnification.dll": "C9EA3D34F506741ECC044DB19C151F09",
  "PInvoke.Msi.dll": "69EE50CE2DA6B55755E52589F49A7EBC",
  "PInvoke.NCrypt.dll": "DA1DE76C14D99370CA3BEF19DC299B15",
  "PInvoke.NetApi32.dll": "AE79F9FA2E3864A5E0642AE4622ECDC5",
  "PInvoke.NewDev.dll": "B3E1992105D986EF9C5C8E4B630FBB07",
  "PInvoke.NTDll.dll": "3F6BDF840EB27DD0FD9EB8071822183A",
  "PInvoke.Ole32.dll": "3C49FB100B60519FFE725BCD12A538F6",
  "PInvoke.Psapi.dll": "A7683EE4B880227F01C8AE632A892B9E",
  "PInvoke.SetupApi.dll": "1B7AE321185D0081D1759A9AD829F9BA",
  "PInvoke.SHCore.dll": "F27E7F063D51480F6D2294C903E4A606",
  "PInvoke.Shell32.dll": "F71A1BCAF6478190691170DAEA77722F",
  "PInvoke.User32.dll": "8BEDE38311ED4F27127290B81B8079FD",
  "PInvoke.Userenv.dll": "FEB7BCA90B8C905EC2F4BB0789847131",
  "PInvoke.UxTheme.dll": "8E683C016250CB719FDB9AAAFC22B3C5",
  "PInvoke.Windows.Core.dll": "90015440A44935208FFEA9BF61740651",
  "PInvoke.Windows.ShellScalingApi.dll": "F351B34B8C9183A51CADFDC279357C49",
  "PInvoke.WinUsb.dll": "9EB8A0280F2848D1A32B560A939F7336",
  "PInvoke.WtsApi32.dll": "341C94455D2E5893DBE4293D4D67AA4D",
  "Reloaded.Assembler.dll": "FB506D186A8069BAA122614C48DA67BC",
  "Reloaded.Hooks.Definitions.dll": "38F1723124249B0253D54299C2B685A2",
  "Reloaded.Hooks.dll": "E2D1680F76C989C1795CCD1F4743A773",
  "Reloaded.Memory.Buffers.dll": "2A4CD21FC495D1798CFF92E465D191FC",
  "Reloaded.Memory.dll": "7D840EF24F47B41A05ACA8A515750936",
  "revision.txt": "D0F5722F11A0CC839FA2CA6EA49D8585",
  "SDL2-CS.config": "65557595FD5DF55D93B2BF881DE62C3A",
  "SDL2-CS.dll": "7C39C8B80DD41845012B9618336D0BBB",
  "Serilog.dll": "FF454E4468DC2158113E231496A56E3C",
  "Serilog.Sinks.Async.dll": "A1819616078A9AA61BA1F8F9E9ACC181",
  "Serilog.Sinks.Console.dll": "3E5C1726A0741FF7FDECF351B09A3560",
  "Serilog.Sinks.File.dll": "90DE113E85B1D0007D3679D552A2D590",
  "SharpDX.Direct3D11.dll": "F0420B1F102ED2CFA047B29ED5365ECC",
  "SharpDX.dll": "57D054888460270FBBDA84BA664E4D3C",
  "SharpDX.DXGI.dll": "79832407EFDEDEFF02F13175C14E4B92",
  "SharpDX.Mathematics.dll": "C8578E90FE88E5000F7C846F9F232855",
  "Silk.NET.Core.dll": "864C0B8EB0213C84837BA89A57B13B18",
  "Silk.NET.GLFW.dll": "C66BB2F5E308A504471EA10424FFCF63",
  "Silk.NET.Maths.dll": "B6DB628B332C32A0C1374E7891AC9E28",
  "Silk.NET.OpenGL.dll": "249DA4ACCE29ED781E4ED079AF80A0AD",
  "Silk.NET.SDL.dll": "B80F0F90FE5E64BF1487813453A8B7E7",
  "Silk.NET.Windowing.Common.dll": "FD3BF28BEAFAB62767FD1B2AA26173C6",
  "Silk.NET.Windowing.Glfw.dll": "6889A592D745CFFC0D4EB8D8053ACB42",
  "Silk.NET.Windowing.Sdl.dll": "C9C5FDA701BAAA8ED41ADA338B63E736",
  "SQLite-net.dll": "C4C3A35066356871156EE664D180F83A",
  "SQLitePCLRaw.batteries_v2.dll": "13E118346DEF7AB497EBEDE0B5A1D9B6",
  "SQLitePCLRaw.core.dll": "7D34C59ED8FDD4F9667445EDCDD0AD0E",
  "SQLitePCLRaw.nativelibrary.dll": "2FC5A1801EAB9FDCC7E933C8D6A2ABFA",
  "SQLitePCLRaw.provider.dynamic_cdecl.dll": "E9E81503E503189095CD678082FB29A8",
  "StbiSharp.dll": "74757F92D2011D74D11CD1D758D918FB",
  "System.Reactive.dll": "EF5A00287AD15393D41B12AA4B726FF7",
  "System.Reflection.MetadataLoadContext.dll": "E88E3AF6D37736F339022C9ACC5F2F7B",
  "System.Security.Cryptography.Pkcs.dll": "8950E01996A37E808BE3F39063C37BF9",
  "TEMP_gitver.txt": "F3886ED59C52478CC998737484A40A12",
  "TerraFX.Interop.Windows.dll": "84F7EF6B0DE91F8CC23F773D3FD6DEC0",
  "Validation.dll": "46307D36A25D29700C77F839F292A6BE"
}
