{
  "runtimes\\alpine-x64\\native\\libe_sqlite3.so": "39C244FEDBCD3DFC37041D4FCE1AE21D",
  "runtimes\\linux-arm\\native\\libe_sqlite3.so": "96CF54BC0EFB83D6E3F5F3E04997A59D",
  "runtimes\\linux-arm64\\native\\libe_sqlite3.so": "F079E55E7F3F9966A4A2052A3234E068",
  "runtimes\\linux-armel\\native\\libe_sqlite3.so": "C5A67D49434FC65D64E9C15778078C76",
  "runtimes\\linux-mips64\\native\\libe_sqlite3.so": "5F8461214089CFC677D46C19B7162161",
  "runtimes\\linux-musl-x64\\native\\libe_sqlite3.so": "39C244FEDBCD3DFC37041D4FCE1AE21D",
  "runtimes\\linux-x64\\native\\libe_sqlite3.so": "6F49C540D3AB9964D67A4A704C3D262D",
  "runtimes\\linux-x64\\native\\libglfw.so.3": "9E3137144F68B9E9793F4C7AD5B1BEA7",
  "runtimes\\linux-x64\\native\\libSDL2-2.0.so": "99B95A708381FC66AB2370E45A260527",
  "runtimes\\linux-x64\\native\\libstbi.so": "0945355ED59677D06E3E88F48101BB26",
  "runtimes\\linux-x86\\native\\libe_sqlite3.so": "5E0659B414CBD6DDC38C65582485853E",
  "runtimes\\osx-x64\\native\\libe_sqlite3.dylib": "F82AE134FCD1C080A69D775591406673",
  "runtimes\\osx-x64\\native\\libglfw.3.dylib": "1E30FAB2F0C40E82290AD4B0BF14A880",
  "runtimes\\osx-x64\\native\\libSDL2-2.0.dylib": "AAC958490586C67395F0A90903AE3747",
  "runtimes\\osx-x64\\native\\libstbi.dylib": "0B84B0A6A80178266018081C3CAB68E6",
  "runtimes\\win-arm\\native\\e_sqlite3.dll": "5B063A78B3BCD1743E6F9A0CC95FD4D8",
  "runtimes\\win-arm64\\native\\e_sqlite3.dll": "98AC374F0E71FAA994A6584FFA092AAA",
  "runtimes\\win-x64\\native\\e_sqlite3.dll": "767DBDD9231BA75B1C8C824C9ED2546E",
  "runtimes\\win-x64\\native\\glfw3.dll": "351D17E400DC7A513D4397C68C81BC2A",
  "runtimes\\win-x64\\native\\minhook.x64d.dll": "4F937707EDC08C6DB04B5D2DE4E40E6B",
  "runtimes\\win-x64\\native\\SDL2.dll": "30083DE0D49B3233F3056CDF6AB233A2",
  "runtimes\\win-x64\\native\\stbi.dll": "FEF3F424CE98C1DF8BBC5CE5D343B255",
  "runtimes\\win-x64\\native\\stbi.lib": "927C214DE576219E1F80DBE7798A0502",
  "runtimes\\win-x86\\native\\e_sqlite3.dll": "CA1F5C50549A0A708A3C28C9C1967554",
  "runtimes\\win-x86\\native\\glfw3.dll": "E60F99B0FA9048C4673657ADB7D33A04",
  "runtimes\\win-x86\\native\\SDL2.dll": "B0B1931C37753D62403D158BE10B6189",
  "targets\\Dalamud.Plugin.Bootstrap.targets": "C85635161398CD9852CF7212DB7EB904",
  "targets\\Dalamud.Plugin.targets": "394EE2BEC70254F76ABBE2C33F62BBFA",
  "BitFaster.Caching.dll": "9233B1EE2F48172023F49707220DD620",
  "CheapLoc.dll": "354A57375859995E2E4797932D04C22D",
  "cimgui.dll": "DA68AE3DEA91A600D8270C80AE0080BC",
  "cimguizmo.dll": "7B5EDDFA63765EBBD4A570AA56B3AFCD",
  "cimplot.dll": "4438B8B846195D42AC394B499A89A57E",
  "commit_hash.txt": "7926A6385630679E48AD10507F3996FE",
  "Dalamud.Boot.dll": "F042ABA81BBF97EB1F7694A5F6C30289",
  "Dalamud.Common.dll": "BE2C10CD4ABF344373C84B825E35BCD5",
  "Dalamud.deps.json": "AE0C501C1C2A20774C7484319CDF32CC",
  "Dalamud.dll": "F86FFC816DED0780965FA5C45D0939F4",
  "Dalamud.Injector.deps.json": "C21972522E8133995B2C9562B3E39983",
  "Dalamud.Injector.dll": "54D8FBB837D869A8BE39007A7A19EF77",
  "Dalamud.Injector.exe": "15F52A077627CF21610DFA20D14ACF20",
  "Dalamud.Injector.runtimeconfig.json": "439C534917CEF268A731631073E50FE4",
  "Dalamud.Injector.xml": "6730B8BB13078B71889B5A56C5DFAC6D",
  "Dalamud.runtimeconfig.json": "CA3935E9C6B9E3300F2D7171E4AF6335",
  "Dalamud.xml": "399ECEDB15AABC3BFCC95F1F113E8139",
  "DalamudCrashHandler.exe": "3D6C5E9F93B7ABCC94C11F430A26B728",
  "FASM-LICENSE.TXT": "ECEA1D10811221D5F0A3E96F9C38E2C7",
  "FASM.DLL": "5B0D9F0DBF6B94EEA940BEDD609569B2",
  "FASMX64.DLL": "C7091BFCA369BA7F7BED22D1E0E2BB3A",
  "FFXIVClientStructs.dll": "65C8F0DEA92DD775A4F311682A2FFA2B",
  "FFXIVClientStructs.xml": "4F63CB455B4858A25F4A6D1D821EE980",
  "goaaats.Reloaded.Assembler.targets": "CC22CB0A353E2136EE9E6E96DB9F7164",
  "Iced.dll": "56F35FA7B5AB5790DF2911B5FED8FB5F",
  "ImGui.NET.dll": "87D7334170AA65DCB58D3018E01929CF",
  "ImGuiScene.dll": "AAF206728D09698E0BD8AEE0C57AF97E",
  "InteropGenerator.Runtime.dll": "E31B710F3E45E8D9D13894C4CECB626B",
  "JetBrains.Annotations.dll": "E665266E4879957FB21D22EAA453D196",
  "licenses.txt": "A159BE62AA91178EFC3E3983AE874D1D",
  "Lumina.dll": "304249AE821757339E6A3A675FA3E039",
  "Lumina.Excel.dll": "59A709AAA1002FEE2103D91B5D5B6F9D",
  "Microsoft.Bcl.HashCode.dll": "613AB56061ADF2284E047025207467E0",
  "Microsoft.DotNet.PlatformAbstractions.dll": "00AB0F02B1114C57C758F5AD595224F1",
  "Microsoft.Extensions.DependencyModel.dll": "F39BC76C10CFEA478C936FC4521A9FC9",
  "Microsoft.Extensions.ObjectPool.dll": "B0558CE087EAE95853E35579300F3A77",
  "MinSharp.dll": "4B90FC131BC32C65762817BA0DB05BF2",
  "Mono.Cecil.dll": "D44A4233E5EE70AAFD8EDA3FBA952857",
  "Mono.Cecil.Mdb.dll": "A838F437FD4579E660266BBFFF2967F2",
  "Mono.Cecil.Pdb.dll": "B913B0BD568673BFAC94AA4D45DE710A",
  "Mono.Cecil.Rocks.dll": "1503D33F5B8F4159ABA40F90D844663B",
  "nethost.dll": "21F39F71E2F4B5BA9FB3F126872F2F9B",
  "Newtonsoft.Json.dll": "ADF3E3EECDE20B7C9661E9C47106A14A",
  "PeNet.Asn1.dll": "B0A751380409E4D7EE6BB00DE98ED69A",
  "PeNet.dll": "83BB2363BAFCD66E6DBD68DE22D4DA75",
  "PInvoke.AdvApi32.dll": "34EE461D05B403C3A15D0DEC32A3788C",
  "PInvoke.BCrypt.dll": "FD07758EE1440491F22923084109FF26",
  "PInvoke.Cabinet.dll": "333D950E3804735DA60CC41D614C63E2",
  "PInvoke.CfgMgr32.dll": "768BE7CC18EDCF78B296A72ABE891691",
  "PInvoke.Crypt32.dll": "E7B00B0851738F4A7F2C6D37DAA973B4",
  "PInvoke.DbgHelp.dll": "E701136169620D20E3A70B560DE20E44",
  "PInvoke.DwmApi.dll": "ACF223CC8962404056648815B486F7D9",
  "PInvoke.Gdi32.dll": "69FF434826F98582CE44D3136ECFFACB",
  "PInvoke.Hid.dll": "2E7A41257F8AD9B26073181F450CD8E5",
  "PInvoke.ImageHlp.dll": "79BE816E8D86EA66489D7780DD675D49",
  "PInvoke.IPHlpApi.dll": "E949FA3326D1BA8872B179AB4EE49D38",
  "PInvoke.Kernel32.dll": "234E15B122ED430DE99490CA1A204958",
  "PInvoke.Magnification.dll": "C9EA3D34F506741ECC044DB19C151F09",
  "PInvoke.Msi.dll": "69EE50CE2DA6B55755E52589F49A7EBC",
  "PInvoke.NCrypt.dll": "DA1DE76C14D99370CA3BEF19DC299B15",
  "PInvoke.NetApi32.dll": "AE79F9FA2E3864A5E0642AE4622ECDC5",
  "PInvoke.NewDev.dll": "B3E1992105D986EF9C5C8E4B630FBB07",
  "PInvoke.NTDll.dll": "3F6BDF840EB27DD0FD9EB8071822183A",
  "PInvoke.Ole32.dll": "3C49FB100B60519FFE725BCD12A538F6",
  "PInvoke.Psapi.dll": "A7683EE4B880227F01C8AE632A892B9E",
  "PInvoke.SetupApi.dll": "1B7AE321185D0081D1759A9AD829F9BA",
  "PInvoke.SHCore.dll": "F27E7F063D51480F6D2294C903E4A606",
  "PInvoke.Shell32.dll": "F71A1BCAF6478190691170DAEA77722F",
  "PInvoke.User32.dll": "8BEDE38311ED4F27127290B81B8079FD",
  "PInvoke.Userenv.dll": "FEB7BCA90B8C905EC2F4BB0789847131",
  "PInvoke.UxTheme.dll": "8E683C016250CB719FDB9AAAFC22B3C5",
  "PInvoke.Windows.Core.dll": "90015440A44935208FFEA9BF61740651",
  "PInvoke.Windows.ShellScalingApi.dll": "F351B34B8C9183A51CADFDC279357C49",
  "PInvoke.WinUsb.dll": "9EB8A0280F2848D1A32B560A939F7336",
  "PInvoke.WtsApi32.dll": "341C94455D2E5893DBE4293D4D67AA4D",
  "Reloaded.Assembler.dll": "FD65A2D41B7C96F6F79343618CFB2A0D",
  "Reloaded.Hooks.Definitions.dll": "03513B1B115410994146921C24AAC31D",
  "Reloaded.Hooks.dll": "423ECD24D1A9422A2DC7C89B859BD60E",
  "Reloaded.Memory.Buffers.dll": "C830B24A460E7EC9133CB9ECD6F5DAF0",
  "Reloaded.Memory.dll": "30A22263FB79708820B5EB1D01192162",
  "revision.txt": "5898D8095428EE310BF7FA3DA1864FF7",
  "SDL2-CS.config": "65557595FD5DF55D93B2BF881DE62C3A",
  "SDL2-CS.dll": "469F9D2957080D0EEB4C301FF8C6233E",
  "Serilog.dll": "6B92F9DB71626925FF08075AD564CB3E",
  "Serilog.Sinks.Async.dll": "366061AF46654D9923D8D6EE5801B0D2",
  "Serilog.Sinks.Console.dll": "1E50D0BE4ED2BC95ED7EBFAA504BA25B",
  "Serilog.Sinks.File.dll": "50FA2C29665F51BFE558331A88966947",
  "SharpDX.Direct3D11.dll": "E5E7743BF48AF9A1FCBF225DF4C90037",
  "SharpDX.dll": "B081E6FDF0CFB20CEB0C7D51A5B4E74C",
  "SharpDX.DXGI.dll": "85C80A9A9CB585A792EFF96A00132092",
  "SharpDX.Mathematics.dll": "4946A541D4C341DCD347EE96B8BCF13C",
  "Silk.NET.Core.dll": "BC48D17730DA503806BEDCE780D28900",
  "Silk.NET.GLFW.dll": "F6EB4F07B022C772EA2BB54030C2B683",
  "Silk.NET.Maths.dll": "99624238043962976234EC1285C699EB",
  "Silk.NET.OpenGL.dll": "F519B339F8B058F7964D455094726C51",
  "Silk.NET.SDL.dll": "E3B05EA73B9A1AA47582AA5EBE7513E3",
  "Silk.NET.Windowing.Common.dll": "24205D112C8F52C544C1102363751CAD",
  "Silk.NET.Windowing.Glfw.dll": "4103122D3B31CF546566569562BE19ED",
  "Silk.NET.Windowing.Sdl.dll": "CE72DC1D763F2151FF7A6260690551ED",
  "SQLite-net.dll": "F22D6F08CCBF2AC19E4146032AE67967",
  "SQLitePCLRaw.batteries_v2.dll": "F8CF92704BAE8624DEC7A022D536DA99",
  "SQLitePCLRaw.core.dll": "2C34B33470A47EECE667F88BB157E35D",
  "SQLitePCLRaw.nativelibrary.dll": "44BF00B39439E6A355BFE0037B9CF45D",
  "SQLitePCLRaw.provider.dynamic_cdecl.dll": "82AD7A26D15F98CC41D5A468F45E634D",
  "StbiSharp.dll": "67841E1455E43D4B4854D4315AE55F89",
  "System.Reactive.dll": "EF5A00287AD15393D41B12AA4B726FF7",
  "System.Reflection.MetadataLoadContext.dll": "E88E3AF6D37736F339022C9ACC5F2F7B",
  "System.Security.Cryptography.Pkcs.dll": "8950E01996A37E808BE3F39063C37BF9",
  "TEMP_gitver.txt": "AA7E9D048792705550D502873126BF3B",
  "TerraFX.Interop.Windows.dll": "84F7EF6B0DE91F8CC23F773D3FD6DEC0",
  "Validation.dll": "669299A7D379AD07FFBDFAC2669B6340"
}
