{
  "runtimes\\alpine-x64\\native\\libe_sqlite3.so": "39C244FEDBCD3DFC37041D4FCE1AE21D",
  "runtimes\\linux-arm\\native\\libe_sqlite3.so": "96CF54BC0EFB83D6E3F5F3E04997A59D",
  "runtimes\\linux-arm64\\native\\libe_sqlite3.so": "F079E55E7F3F9966A4A2052A3234E068",
  "runtimes\\linux-armel\\native\\libe_sqlite3.so": "C5A67D49434FC65D64E9C15778078C76",
  "runtimes\\linux-mips64\\native\\libe_sqlite3.so": "5F8461214089CFC677D46C19B7162161",
  "runtimes\\linux-musl-x64\\native\\libe_sqlite3.so": "39C244FEDBCD3DFC37041D4FCE1AE21D",
  "runtimes\\linux-x64\\native\\libe_sqlite3.so": "6F49C540D3AB9964D67A4A704C3D262D",
  "runtimes\\linux-x86\\native\\libe_sqlite3.so": "5E0659B414CBD6DDC38C65582485853E",
  "runtimes\\osx-x64\\native\\libe_sqlite3.dylib": "F82AE134FCD1C080A69D775591406673",
  "runtimes\\win-arm\\native\\e_sqlite3.dll": "6DFFE31A683FE45B97757D6D131D6366",
  "runtimes\\win-arm64\\native\\e_sqlite3.dll": "92032E5BC1F645AC9F0139DEECA6B991",
  "runtimes\\win-x64\\native\\e_sqlite3.dll": "8065E5958C38EA8953F55A5ED185BB38",
  "runtimes\\win-x64\\native\\minhook.x64d.dll": "2C6DBD7F068A8F86ACBFE9E54D2A1956",
  "runtimes\\win-x86\\native\\e_sqlite3.dll": "8D3DEAB1A5252C909C4154B25F448E69",
  "targets\\Dalamud.Plugin.Bootstrap.targets": "C85635161398CD9852CF7212DB7EB904",
  "targets\\Dalamud.Plugin.targets": "394EE2BEC70254F76ABBE2C33F62BBFA",
  "BitFaster.Caching.dll": "B3DB9A4F0D7956572DBF3C21A08A1082",
  "CheapLoc.dll": "A5072335337F2396B9E9959A92E9F0D4",
  "cimgui.dll": "ED80F639957D2531482DD7241E5500F9",
  "cimguizmo.dll": "1087959C17C0C7693345121E1A438CAF",
  "cimplot.dll": "FCD9449FF4BCC19B03C1006F95AD3A59",
  "commit_hash.txt": "39C41653F3535B765ACA0882133A9ED1",
  "Dalamud.Bindings.ImGui.dll": "7877551959773912D0EB8CF8B54CFFE2",
  "Dalamud.Bindings.ImGuizmo.dll": "5C621D80A2FEDA6F766A543E1C014328",
  "Dalamud.Bindings.ImPlot.dll": "71F1B6E302AC22EC96EFAAAB2330C3EE",
  "Dalamud.Boot.dll": "73865A0DCEB0C91D6AFADBCF9B6C3A4C",
  "Dalamud.Common.dll": "2CC4C9594FACE8C7A2FFDCA3B1E6A7A3",
  "Dalamud.deps.json": "F781596EDCF0F59205693071E538FDF7",
  "Dalamud.dll": "D32818CF443DBD1D8376D8731C7D8AD5",
  "Dalamud.Injector.deps.json": "C21972522E8133995B2C9562B3E39983",
  "Dalamud.Injector.dll": "6F785FB4D6BEE79F8728A2B218F472EA",
  "Dalamud.Injector.exe": "887CF578A57AD834BFF3071821C3DE53",
  "Dalamud.Injector.runtimeconfig.json": "439C534917CEF268A731631073E50FE4",
  "Dalamud.Injector.xml": "6730B8BB13078B71889B5A56C5DFAC6D",
  "Dalamud.runtimeconfig.json": "CA3935E9C6B9E3300F2D7171E4AF6335",
  "Dalamud.xml": "E7A510474713948C7092BBCDB720AFA7",
  "DalamudCrashHandler.exe": "13F66DFE25B1BBAA26D3166E42FB1692",
  "FASM-LICENSE.TXT": "ECEA1D10811221D5F0A3E96F9C38E2C7",
  "FASM.DLL": "9E93B0737014E676E3FBF4DDA5643639",
  "FASMX64.DLL": "41350AB73405C2120D9E661E3D169CFF",
  "FFXIVClientStructs.dll": "4DD7C30FF2B5A73F46EE01B22D5D5B95",
  "FFXIVClientStructs.xml": "81BF3A5F4157DB3125E29B9A24535E88",
  "goatcorp.Reloaded.Assembler.targets": "CC22CB0A353E2136EE9E6E96DB9F7164",
  "HexaGen.Runtime.dll": "B8014A7415FF4B2A8F8B78DB05A3264F",
  "Iced.dll": "B02AC14A3CB7CB7A3672A1A707B7385B",
  "ImGuiScene.dll": "A3B8B1DEC837975E2FE2D08FF2BE06D3",
  "InteropGenerator.Runtime.dll": "D37DFA228CC20E639AA9C14A357EBEDC",
  "JetBrains.Annotations.dll": "292A302843C1DC6E99C3439A10126B65",
  "licenses.txt": "A159BE62AA91178EFC3E3983AE874D1D",
  "Lumina.dll": "B7C0AEAA63D4D2FCE48CFEE4FBFC0DC7",
  "Lumina.Excel.dll": "2D4344A2C7460306DC55DE41D9767B9E",
  "Lumina.Excel.xml": "0089FDC0BA0B16ED0696413305959999",
  "Microsoft.Extensions.ObjectPool.dll": "5510583E2B50BE953814615586673C33",
  "MinSharp.dll": "6C8F00AE0AE0E26F5C28AE709D38FC0B",
  "Mono.Cecil.dll": "B586DC093F82628196F2FA6A89C676E1",
  "Mono.Cecil.Mdb.dll": "55DED7231E59F8343C8BC3B9FA9E8973",
  "Mono.Cecil.Pdb.dll": "D51887A1D994B64D820740B825328943",
  "Mono.Cecil.Rocks.dll": "FA3922CCB0A3FEFA2AA8E47099C67ECA",
  "nethost.dll": "21F39F71E2F4B5BA9FB3F126872F2F9B",
  "Newtonsoft.Json.dll": "ADF3E3EECDE20B7C9661E9C47106A14A",
  "PeNet.Asn1.dll": "3C1285C5841824FF63CF26D83BA7650F",
  "PeNet.dll": "CE6A06016449C70FAE029CC8F3708C8D",
  "Reloaded.Assembler.dll": "251DCB6779BF45B5DAAF9F4757976E85",
  "Reloaded.Hooks.Definitions.dll": "4156428B2364DC469C1BC62D012DB743",
  "Reloaded.Hooks.dll": "87EBBA25C7F37AFF10348EB3CF594B3B",
  "Reloaded.Memory.Buffers.dll": "FD5FDD8F6977EBEF1790A115F9D5BEC2",
  "Reloaded.Memory.dll": "84E2A572614BF8B50A377C7AE292F6D4",
  "revision.txt": "C5F441CD5F43EB2F2C024E1F8B5D00CD",
  "Serilog.dll": "F8DB910F2C6A2A0C56073A5C7974F434",
  "Serilog.Sinks.Async.dll": "CCEA452C133BEF6A2D4722CF23444E2E",
  "Serilog.Sinks.Console.dll": "332675708A36FA54ADEF1316648D77EF",
  "Serilog.Sinks.File.dll": "8AF9AECDAF571883A071FACA92689A60",
  "SharpDX.Direct3D11.dll": "D95242E427EFCBD25BC1CCEE5453A42A",
  "SharpDX.dll": "A965EC540243E71319419F79B7425A9C",
  "SharpDX.DXGI.dll": "6E2FF16024B8613066A76E568446F533",
  "SharpDX.Mathematics.dll": "2CF077CA5A33729E64978350D1C4F651",
  "SQLite-net.dll": "7A334C3DF114B6AF1361FDFDB08A9419",
  "SQLitePCLRaw.batteries_v2.dll": "17BEDDC432E1AF2F1DD4BB7071D348DE",
  "SQLitePCLRaw.core.dll": "F641F3B1B5423C9C5521A7714C86A1D1",
  "SQLitePCLRaw.nativelibrary.dll": "DE2F9237260207CDF918353B25FA1663",
  "SQLitePCLRaw.provider.dynamic_cdecl.dll": "8302080188EC9668518F66D52CD2AEE3",
  "System.Reactive.dll": "EF5A00287AD15393D41B12AA4B726FF7",
  "System.Reflection.MetadataLoadContext.dll": "E88E3AF6D37736F339022C9ACC5F2F7B",
  "System.Security.Cryptography.Pkcs.dll": "8950E01996A37E808BE3F39063C37BF9",
  "TEMP_gitver.txt": "2D9A0F3225C44D8843A151E069EF999F",
  "TerraFX.Interop.Windows.dll": "84F7EF6B0DE91F8CC23F773D3FD6DEC0"
}
