{
  "runtimes\\alpine-x64\\native\\libe_sqlite3.so": "39C244FEDBCD3DFC37041D4FCE1AE21D",
  "runtimes\\linux-arm\\native\\libe_sqlite3.so": "96CF54BC0EFB83D6E3F5F3E04997A59D",
  "runtimes\\linux-arm64\\native\\libe_sqlite3.so": "F079E55E7F3F9966A4A2052A3234E068",
  "runtimes\\linux-armel\\native\\libe_sqlite3.so": "C5A67D49434FC65D64E9C15778078C76",
  "runtimes\\linux-mips64\\native\\libe_sqlite3.so": "5F8461214089CFC677D46C19B7162161",
  "runtimes\\linux-musl-x64\\native\\libe_sqlite3.so": "39C244FEDBCD3DFC37041D4FCE1AE21D",
  "runtimes\\linux-x64\\native\\libe_sqlite3.so": "6F49C540D3AB9964D67A4A704C3D262D",
  "runtimes\\linux-x86\\native\\libe_sqlite3.so": "5E0659B414CBD6DDC38C65582485853E",
  "runtimes\\osx-x64\\native\\libe_sqlite3.dylib": "F82AE134FCD1C080A69D775591406673",
  "runtimes\\win-arm\\native\\e_sqlite3.dll": "FAA64CB8916B7CF2C59BBB7BAED49EBE",
  "runtimes\\win-arm64\\native\\e_sqlite3.dll": "FA5A7E5BC4443402BF7752B0FC418DFD",
  "runtimes\\win-x64\\native\\e_sqlite3.dll": "4E470CC13BD6994830633F85797F6FD7",
  "runtimes\\win-x64\\native\\minhook.x64d.dll": "7557E64A104E9BC6E8F69C3F968E041B",
  "runtimes\\win-x86\\native\\e_sqlite3.dll": "AEFF4B0B6FC9615B6DD611A4FE8B3E99",
  "targets\\Dalamud.Plugin.Bootstrap.targets": "C85635161398CD9852CF7212DB7EB904",
  "targets\\Dalamud.Plugin.targets": "394EE2BEC70254F76ABBE2C33F62BBFA",
  "BitFaster.Caching.dll": "25FBB62311CD267C1250DC97335B253C",
  "CheapLoc.dll": "F969587BB8035DEEC4C4B954D1657DF9",
  "cimgui.dll": "FC274E8FEDCA9E26F60ED6A8208C9323",
  "cimguizmo.dll": "6A767924C07E7C2AB7AEB7E26ABB2AB4",
  "cimplot.dll": "40422502CBA908781F2CC3648D2E51B3",
  "commit_hash.txt": "AF7B65A282FAB26E0E91F63B5445CE09",
  "Dalamud.Bindings.ImGui.dll": "35B2D658FF4E1CCD9323B260777B2AD8",
  "Dalamud.Bindings.ImGuizmo.dll": "560E7B7D37F1B9B25019CD0D3783CCAD",
  "Dalamud.Bindings.ImPlot.dll": "BCC487E7A28040191172983325C63AF3",
  "Dalamud.Boot.dll": "62BC3D199C5D3E2D5389789E630EC8D2",
  "Dalamud.Common.dll": "A7DAFF6D90B424CDE2D88BEEA6AE3C58",
  "Dalamud.deps.json": "D947767D550C1A23C3713EB1FE77CDCC",
  "Dalamud.dll": "34B2C3A1D888957631814EF908B9926F",
  "Dalamud.Injector.deps.json": "C21972522E8133995B2C9562B3E39983",
  "Dalamud.Injector.dll": "E2E5A667B585C77A891AD80F82BB989F",
  "Dalamud.Injector.exe": "739FA265FD1F3410E1875A6A17BD292B",
  "Dalamud.Injector.runtimeconfig.json": "439C534917CEF268A731631073E50FE4",
  "Dalamud.Injector.xml": "6730B8BB13078B71889B5A56C5DFAC6D",
  "Dalamud.runtimeconfig.json": "CA3935E9C6B9E3300F2D7171E4AF6335",
  "Dalamud.xml": "2595FBA6E54F4614F5022A2E503FE603",
  "DalamudCrashHandler.exe": "D29BDF38C5DB640A2DF150AF7A637903",
  "FASM-LICENSE.TXT": "ECEA1D10811221D5F0A3E96F9C38E2C7",
  "FASM.DLL": "87BADF2CA80BFE8DD3B3CF802E1B2683",
  "FASMX64.DLL": "5DDFDFBA4D5E94663FE0C965582C7A9C",
  "FFXIVClientStructs.dll": "8D193C8EE15C34390D9BCFA780416C9A",
  "FFXIVClientStructs.xml": "1A7655D6237D8F13958622C41508E4DD",
  "goatcorp.Reloaded.Assembler.targets": "CC22CB0A353E2136EE9E6E96DB9F7164",
  "HexaGen.Runtime.dll": "303DA7BAC7A875E668157B69540A613B",
  "Iced.dll": "3BA2FD98513508D3213DB36E1C12FA15",
  "ImGuiScene.dll": "234D7EDF423ECFA9816B4CEFAE1CADCA",
  "InteropGenerator.Runtime.dll": "95EC55B90A7980F01394D6629637F8D5",
  "JetBrains.Annotations.dll": "F4D5BED338DB0D906B25EE27569C5A47",
  "licenses.txt": "A159BE62AA91178EFC3E3983AE874D1D",
  "Lumina.dll": "518A655B464D7B35E3BF0ABE69218430",
  "Lumina.Excel.dll": "49C3327226C775BD4D35E1A35FE4005A",
  "Lumina.Excel.xml": "0089FDC0BA0B16ED0696413305959999",
  "Microsoft.Extensions.ObjectPool.dll": "B0558CE087EAE95853E35579300F3A77",
  "MinSharp.dll": "D07F58F3AF486164CEF853FEF2E5CA14",
  "Mono.Cecil.dll": "6DCAAD95341C8DBD6F8D12BEF540D781",
  "Mono.Cecil.Mdb.dll": "DDCFB181DBE70FBB0B427F8CB2CDD86B",
  "Mono.Cecil.Pdb.dll": "9C6684954321CA98B2F482D0EEDAFA44",
  "Mono.Cecil.Rocks.dll": "7369D7EBCAF6C04239F771E6DBF91997",
  "nethost.dll": "21F39F71E2F4B5BA9FB3F126872F2F9B",
  "Newtonsoft.Json.dll": "ADF3E3EECDE20B7C9661E9C47106A14A",
  "PeNet.Asn1.dll": "7F70799F91583EE53E6F9FCFE2990F65",
  "PeNet.dll": "8C2A7F37500840348C3C87AF1E655C70",
  "Reloaded.Assembler.dll": "627E7A9ACD70BC45C160B7F7A35904AC",
  "Reloaded.Hooks.Definitions.dll": "F7AC57F4E7AECA90E97B104E515F14FF",
  "Reloaded.Hooks.dll": "62A4A41B7E84666D33EB85350A6DF1EF",
  "Reloaded.Memory.Buffers.dll": "3C916130FE2DFF9181E698EF9197499C",
  "Reloaded.Memory.dll": "6DD4EB637A6598A8F99EF83466D21BDA",
  "revision.txt": "05AE14D7AE387B93370D142D82220F1B",
  "Serilog.dll": "395C6779718BAF51BB4B3617D256C2CC",
  "Serilog.Sinks.Async.dll": "1A503629127F70108CC5074C2055D51D",
  "Serilog.Sinks.Console.dll": "6BEFD472C6A53D8D2891782155774372",
  "Serilog.Sinks.File.dll": "82E4946AA5F7310DCF10C671EFC1EA69",
  "SharpDX.Direct3D11.dll": "922B567E8F49C228E13819BD85026CE8",
  "SharpDX.dll": "2BAADC9CDCCFA5C9E6DF877B4481F3D0",
  "SharpDX.DXGI.dll": "9D5FC779C2AC5D24BFB38A79D6C747F1",
  "SharpDX.Mathematics.dll": "BDF5200F023636A2715616833B0D24E3",
  "SQLite-net.dll": "94613326C9AE63932D188A70B4DC28F8",
  "SQLitePCLRaw.batteries_v2.dll": "227855476521DF387C9FFF87F593735E",
  "SQLitePCLRaw.core.dll": "828A970953164B54F07288FD19E56C49",
  "SQLitePCLRaw.nativelibrary.dll": "FB054299EAAC7FCFD9E443E350CC7A12",
  "SQLitePCLRaw.provider.dynamic_cdecl.dll": "FD1F4630DE8BF4A8A1F0F8512C39F502",
  "System.Reactive.dll": "EF5A00287AD15393D41B12AA4B726FF7",
  "System.Reflection.MetadataLoadContext.dll": "E88E3AF6D37736F339022C9ACC5F2F7B",
  "System.Security.Cryptography.Pkcs.dll": "8950E01996A37E808BE3F39063C37BF9",
  "TEMP_gitver.txt": "77C878FB5675FBFC4323FEF8E0BCABBB",
  "TerraFX.Interop.Windows.dll": "84F7EF6B0DE91F8CC23F773D3FD6DEC0"
}
