{
  "runtimes\\alpine-x64\\native\\libe_sqlite3.so": "39C244FEDBCD3DFC37041D4FCE1AE21D",
  "runtimes\\linux-arm\\native\\libe_sqlite3.so": "96CF54BC0EFB83D6E3F5F3E04997A59D",
  "runtimes\\linux-arm64\\native\\libe_sqlite3.so": "F079E55E7F3F9966A4A2052A3234E068",
  "runtimes\\linux-armel\\native\\libe_sqlite3.so": "C5A67D49434FC65D64E9C15778078C76",
  "runtimes\\linux-mips64\\native\\libe_sqlite3.so": "5F8461214089CFC677D46C19B7162161",
  "runtimes\\linux-musl-x64\\native\\libe_sqlite3.so": "39C244FEDBCD3DFC37041D4FCE1AE21D",
  "runtimes\\linux-x64\\native\\libe_sqlite3.so": "6F49C540D3AB9964D67A4A704C3D262D",
  "runtimes\\linux-x86\\native\\libe_sqlite3.so": "5E0659B414CBD6DDC38C65582485853E",
  "runtimes\\osx-x64\\native\\libe_sqlite3.dylib": "F82AE134FCD1C080A69D775591406673",
  "runtimes\\win-arm\\native\\e_sqlite3.dll": "4EADDD9CC188D5FBEB5D0382EE3CE512",
  "runtimes\\win-arm64\\native\\e_sqlite3.dll": "E64F486C3AD13B1353B8A56070B55711",
  "runtimes\\win-x64\\native\\e_sqlite3.dll": "7267BDF98B888855D634BF040F6C2839",
  "runtimes\\win-x64\\native\\minhook.x64d.dll": "05C98360195D948F07F5EE660AFAA9FC",
  "runtimes\\win-x86\\native\\e_sqlite3.dll": "9A91937E184D91E0E3A12F948748A523",
  "targets\\Dalamud.Plugin.Bootstrap.targets": "C85635161398CD9852CF7212DB7EB904",
  "targets\\Dalamud.Plugin.targets": "394EE2BEC70254F76ABBE2C33F62BBFA",
  "BitFaster.Caching.dll": "44181F046EC1BD6EF0A5E0723876F983",
  "CheapLoc.dll": "78432B2B32F04D1335648E726EDA5FE3",
  "cimgui.dll": "2CD1A8625DE0E1BF9A7157754B466C34",
  "cimguizmo.dll": "81671385BCEBBEE8B3FF08F74A3D750B",
  "cimplot.dll": "4CDC1A7D85883F2DC8DF69D6AB3BADCB",
  "commit_hash.txt": "8F30F37A255CF7BA0F7302EA194EB3D9",
  "Dalamud.Bindings.ImGui.dll": "14C3DFB9B7DF4B7D4C38133A0F9C3E7C",
  "Dalamud.Bindings.ImGuizmo.dll": "F8EC5E4323B9A1BB8EA7B3C243C74823",
  "Dalamud.Bindings.ImPlot.dll": "1D06432AE477645FDDBBACDF8067E8D7",
  "Dalamud.Boot.dll": "984D7608F3E6AAB42B03FC4376B0F920",
  "Dalamud.Common.dll": "D0F29C9F9E53ADE9FE2A0AFEF68D35AA",
  "Dalamud.deps.json": "FE9C884841CF266914970D97D36516F4",
  "Dalamud.dll": "8B63739DF7B19567DD3A70FC723740F3",
  "Dalamud.Injector.deps.json": "C21972522E8133995B2C9562B3E39983",
  "Dalamud.Injector.dll": "11D71AD8FABE8FEEF75B26392308476B",
  "Dalamud.Injector.exe": "9DA89F7DE27E7ABAC8BB04B243056BC8",
  "Dalamud.Injector.runtimeconfig.json": "439C534917CEF268A731631073E50FE4",
  "Dalamud.Injector.xml": "6730B8BB13078B71889B5A56C5DFAC6D",
  "Dalamud.runtimeconfig.json": "CA3935E9C6B9E3300F2D7171E4AF6335",
  "Dalamud.xml": "2595FBA6E54F4614F5022A2E503FE603",
  "DalamudCrashHandler.exe": "C2D56A3846D80E099BF6A95DDC0B7349",
  "FASM-LICENSE.TXT": "ECEA1D10811221D5F0A3E96F9C38E2C7",
  "FASM.DLL": "00DAD68D26775A3CF794FF34135790CB",
  "FASMX64.DLL": "92071062DA4129C5C0A301A2142D771A",
  "FFXIVClientStructs.dll": "BDA316A32DB185189CB82D9EFD5736C3",
  "FFXIVClientStructs.xml": "DDAFA223C9AF61966ABA49967BAC8D3B",
  "goatcorp.Reloaded.Assembler.targets": "CC22CB0A353E2136EE9E6E96DB9F7164",
  "HexaGen.Runtime.dll": "5C1EA2FE7D33B150FC82BC9ACCE42324",
  "Iced.dll": "24E30F0BD0A0FBE938634FBABA9C5A93",
  "ImGuiScene.dll": "6EB10A55C80724B69D2F60112AEDBD5E",
  "InteropGenerator.Runtime.dll": "CD629A22B7AB40EF7F75A7C5ABF205E4",
  "JetBrains.Annotations.dll": "68AB450E4C5AAFB94A49E2A2EC936AFE",
  "licenses.txt": "A159BE62AA91178EFC3E3983AE874D1D",
  "Lumina.dll": "A466535909A8C40C3762A8DCA0ABB638",
  "Lumina.Excel.dll": "F09B0270490A4D0EF6B690F5E3DAEA74",
  "Lumina.Excel.xml": "0089FDC0BA0B16ED0696413305959999",
  "Microsoft.Extensions.ObjectPool.dll": "B0558CE087EAE95853E35579300F3A77",
  "MinSharp.dll": "E6163E910D365341D28395F20D867017",
  "Mono.Cecil.dll": "0E955456FD89EA1AADD3C29C4761EA09",
  "Mono.Cecil.Mdb.dll": "E645A4055CCBCE7AC766D92F20F71A4C",
  "Mono.Cecil.Pdb.dll": "276CEBA66E318541F8F36F729E750F2F",
  "Mono.Cecil.Rocks.dll": "D39DDFFD2609E6D32F1A34DDF5F9583E",
  "nethost.dll": "21F39F71E2F4B5BA9FB3F126872F2F9B",
  "Newtonsoft.Json.dll": "ADF3E3EECDE20B7C9661E9C47106A14A",
  "PeNet.Asn1.dll": "2ABF7BCA4AF0783125A285DAC84088AD",
  "PeNet.dll": "0091EBC2CEA512F76B64A106A9E5AD5E",
  "Reloaded.Assembler.dll": "16F73ED7D27A380399E604B6A5FE2272",
  "Reloaded.Hooks.Definitions.dll": "8589C35F1C5998F78F03DB109C6317E7",
  "Reloaded.Hooks.dll": "BFE56F50C5905A91219256BCA97B1E8C",
  "Reloaded.Memory.Buffers.dll": "F77F830D2C5B3ACCD6430D3E991173B5",
  "Reloaded.Memory.dll": "AC24850B495FD85AEF03254544FD5ADD",
  "revision.txt": "367147F1755502D9BC6189F8E2C3005D",
  "Serilog.dll": "FA65D6436A532B26446CCE6378238AC0",
  "Serilog.Sinks.Async.dll": "FCBD40633C8F01C8D0388D5D88884F3F",
  "Serilog.Sinks.Console.dll": "2DC29B9C20685D45FF18022004299D15",
  "Serilog.Sinks.File.dll": "CF7E387C1980680BEB41940CE0271034",
  "SharpDX.Direct3D11.dll": "CF59FAFBECA932E07D5A8B201A4F7E0E",
  "SharpDX.dll": "DE605D3E4623CE1DBFA57FE8DAF01E6A",
  "SharpDX.DXGI.dll": "4AD9F7BEE10A55413B924E273186E446",
  "SharpDX.Mathematics.dll": "798BA00F5F3BAD560D32CD8FD2006CC2",
  "SQLite-net.dll": "1AC34C41E7DA9562AEE263DBEEF947C5",
  "SQLitePCLRaw.batteries_v2.dll": "7BAA17D972CC33D62FBE2B84B9075C70",
  "SQLitePCLRaw.core.dll": "C7D5A9C1A9495D10432AA02A0C1D8084",
  "SQLitePCLRaw.nativelibrary.dll": "0EFAB083E1C5C744EC8500D4556F2056",
  "SQLitePCLRaw.provider.dynamic_cdecl.dll": "69D616DEAF728DE743306B8545057A39",
  "System.Reactive.dll": "EF5A00287AD15393D41B12AA4B726FF7",
  "System.Reflection.MetadataLoadContext.dll": "E88E3AF6D37736F339022C9ACC5F2F7B",
  "System.Security.Cryptography.Pkcs.dll": "8950E01996A37E808BE3F39063C37BF9",
  "TEMP_gitver.txt": "7872982DBB7C487814A73070C979D0F6",
  "TerraFX.Interop.Windows.dll": "84F7EF6B0DE91F8CC23F773D3FD6DEC0"
}
