{
  "runtimes\\alpine-x64\\native\\libe_sqlite3.so": "39C244FEDBCD3DFC37041D4FCE1AE21D",
  "runtimes\\linux-arm\\native\\libe_sqlite3.so": "96CF54BC0EFB83D6E3F5F3E04997A59D",
  "runtimes\\linux-arm64\\native\\libe_sqlite3.so": "F079E55E7F3F9966A4A2052A3234E068",
  "runtimes\\linux-armel\\native\\libe_sqlite3.so": "C5A67D49434FC65D64E9C15778078C76",
  "runtimes\\linux-mips64\\native\\libe_sqlite3.so": "5F8461214089CFC677D46C19B7162161",
  "runtimes\\linux-musl-x64\\native\\libe_sqlite3.so": "39C244FEDBCD3DFC37041D4FCE1AE21D",
  "runtimes\\linux-x64\\native\\libe_sqlite3.so": "6F49C540D3AB9964D67A4A704C3D262D",
  "runtimes\\linux-x86\\native\\libe_sqlite3.so": "5E0659B414CBD6DDC38C65582485853E",
  "runtimes\\osx-x64\\native\\libe_sqlite3.dylib": "F82AE134FCD1C080A69D775591406673",
  "runtimes\\win-arm\\native\\e_sqlite3.dll": "D9D1503B655917B5D8EB351496589975",
  "runtimes\\win-arm64\\native\\e_sqlite3.dll": "90980434E6F2D369C37990F4AB306273",
  "runtimes\\win-x64\\native\\e_sqlite3.dll": "9BD61CC14685EC4DB363E0DEAE928953",
  "runtimes\\win-x64\\native\\minhook.x64d.dll": "8F4A0C490B18A646A65F650576FF677A",
  "runtimes\\win-x86\\native\\e_sqlite3.dll": "A7728E662D04A8A7829EFBC6350B9E55",
  "targets\\Dalamud.Plugin.Bootstrap.targets": "C85635161398CD9852CF7212DB7EB904",
  "targets\\Dalamud.Plugin.targets": "394EE2BEC70254F76ABBE2C33F62BBFA",
  "BitFaster.Caching.dll": "972FF29D844C4863B974CDF7F057BD63",
  "CheapLoc.dll": "70A41D3979889AC195A7FF77227F3565",
  "cimgui.dll": "3BE8F64A84022132DB47FC95034BC70F",
  "cimguizmo.dll": "B6850EDE47A654685EED79B5518AD95F",
  "cimplot.dll": "EACAD64B190D73DF615849473EED99AD",
  "commit_hash.txt": "7C8088D373D626B450BE513A78D99A50",
  "Dalamud.Bindings.ImGui.dll": "1DD752D7C22F987F684826857350FBDF",
  "Dalamud.Bindings.ImGuizmo.dll": "51F9067139732C0D4B9F5C689436F5B3",
  "Dalamud.Bindings.ImPlot.dll": "696E28C416B50CEC001680DE10943D15",
  "Dalamud.Boot.dll": "9DAABC204BB3FC561792921E3C4E153D",
  "Dalamud.Common.dll": "AF7E1E11ADAF803708452B660BEE4C4C",
  "Dalamud.deps.json": "B994BC9CBA5785513835292905E90C6E",
  "Dalamud.dll": "81E7B085E502786582CB88BD540F0DB4",
  "Dalamud.Injector.deps.json": "C21972522E8133995B2C9562B3E39983",
  "Dalamud.Injector.dll": "D83E7F303C123E281833063DF5D8236B",
  "Dalamud.Injector.exe": "3CB3CAC7B011301E4DFCCA7BDE7EF0DD",
  "Dalamud.Injector.runtimeconfig.json": "439C534917CEF268A731631073E50FE4",
  "Dalamud.Injector.xml": "6730B8BB13078B71889B5A56C5DFAC6D",
  "Dalamud.runtimeconfig.json": "CA3935E9C6B9E3300F2D7171E4AF6335",
  "Dalamud.xml": "2595FBA6E54F4614F5022A2E503FE603",
  "DalamudCrashHandler.exe": "0DC773E797BF131A881AC701CCAC0917",
  "FASM-LICENSE.TXT": "ECEA1D10811221D5F0A3E96F9C38E2C7",
  "FASM.DLL": "54DE5D14E712E3FBF929D28F2B720EF9",
  "FASMX64.DLL": "5B0F134CF00F6346BC315A8DF27B1CC6",
  "FFXIVClientStructs.dll": "F7867A25A4C50DBF374F496E5D77F18D",
  "FFXIVClientStructs.xml": "75DAC4DF3F50E2ACA764377C6E9EC73E",
  "goatcorp.Reloaded.Assembler.targets": "CC22CB0A353E2136EE9E6E96DB9F7164",
  "HexaGen.Runtime.dll": "9B0DC0F2C963AB70836A6CCBCF35F2F9",
  "Iced.dll": "50E93B94860CC33F7B2DF0D5529F4E5D",
  "ImGuiScene.dll": "C9293552D0413E4A7852A4E63002C376",
  "InteropGenerator.Runtime.dll": "EDDB1E4E109E9E0575C6B16277BBBD66",
  "JetBrains.Annotations.dll": "6BAE0C376D1A0C9E051EBEF7757FF870",
  "licenses.txt": "A159BE62AA91178EFC3E3983AE874D1D",
  "Lumina.dll": "B963A3F7DE4E0488A53063588037202A",
  "Lumina.Excel.dll": "1DC0A201B3AAE572C69979AD3C8E7A34",
  "Lumina.Excel.xml": "0089FDC0BA0B16ED0696413305959999",
  "Microsoft.Extensions.ObjectPool.dll": "B0558CE087EAE95853E35579300F3A77",
  "MinSharp.dll": "3C91A7AD068B908696E837B52E049C3D",
  "Mono.Cecil.dll": "8D8CCC4C05DEF93FB1D90DA8CC274A30",
  "Mono.Cecil.Mdb.dll": "9C30C5DB0F3F120D9BA650DF286A771C",
  "Mono.Cecil.Pdb.dll": "BFE1E9FC9A4DB7779650BAB988875195",
  "Mono.Cecil.Rocks.dll": "599A866E8B739DDDAF352C00ED3EFC26",
  "nethost.dll": "21F39F71E2F4B5BA9FB3F126872F2F9B",
  "Newtonsoft.Json.dll": "ADF3E3EECDE20B7C9661E9C47106A14A",
  "PeNet.Asn1.dll": "201982C8CE922383DD318A89FC6C84F5",
  "PeNet.dll": "BBC52A11B5270A5CE2D9AC852160E5B2",
  "Reloaded.Assembler.dll": "67FED673FD498CC649E0D0A9D7E63C0A",
  "Reloaded.Hooks.Definitions.dll": "8CFDAA4850B642E968390DC719C954DD",
  "Reloaded.Hooks.dll": "144973CA025441043720DF5A91A60FE8",
  "Reloaded.Memory.Buffers.dll": "18E1E849A9B70A37E03E1839B019E2B5",
  "Reloaded.Memory.dll": "2C3B34D855D147228A326004B80895F8",
  "revision.txt": "33853141E0873909BE88F5C3E6144CC6",
  "Serilog.dll": "149AF9F7FB15C2D3FE20837625DB8048",
  "Serilog.Sinks.Async.dll": "61E4AB1F6F24B817654171172E8F8951",
  "Serilog.Sinks.Console.dll": "206BC0D9B5B769B9EFB56393029832A7",
  "Serilog.Sinks.File.dll": "B0FB3CA59AEA63E4C26FEA9D67E995EF",
  "SharpDX.Direct3D11.dll": "E42CC725505612850BC59E25B9C35384",
  "SharpDX.dll": "E158F5A3054097C40DE0C0AFBCCD6DA6",
  "SharpDX.DXGI.dll": "554B62DF6C552E438B82D66B0660D7AC",
  "SharpDX.Mathematics.dll": "CC31F13E79C0D78EF1F3BE047A443C58",
  "SQLite-net.dll": "A6823907B0364EF7160FAC5D1CB7C668",
  "SQLitePCLRaw.batteries_v2.dll": "47EB783777675D729C4B4BD12CF417B4",
  "SQLitePCLRaw.core.dll": "9F3522847B2E8BAFC8785FB268F94586",
  "SQLitePCLRaw.nativelibrary.dll": "530EB9320BE3098F31BBA92584EDC373",
  "SQLitePCLRaw.provider.dynamic_cdecl.dll": "EB7FF1818EBB52FD148C53BD4F3E76F5",
  "System.Reactive.dll": "EF5A00287AD15393D41B12AA4B726FF7",
  "System.Reflection.MetadataLoadContext.dll": "E88E3AF6D37736F339022C9ACC5F2F7B",
  "System.Security.Cryptography.Pkcs.dll": "8950E01996A37E808BE3F39063C37BF9",
  "TEMP_gitver.txt": "325D67C3547BDF7A673BB1AF28393BB5",
  "TerraFX.Interop.Windows.dll": "84F7EF6B0DE91F8CC23F773D3FD6DEC0"
}
