{
  "runtimes\\alpine-x64\\native\\libe_sqlite3.so": "39C244FEDBCD3DFC37041D4FCE1AE21D",
  "runtimes\\linux-arm\\native\\libe_sqlite3.so": "96CF54BC0EFB83D6E3F5F3E04997A59D",
  "runtimes\\linux-arm64\\native\\libe_sqlite3.so": "F079E55E7F3F9966A4A2052A3234E068",
  "runtimes\\linux-armel\\native\\libe_sqlite3.so": "C5A67D49434FC65D64E9C15778078C76",
  "runtimes\\linux-mips64\\native\\libe_sqlite3.so": "5F8461214089CFC677D46C19B7162161",
  "runtimes\\linux-musl-x64\\native\\libe_sqlite3.so": "39C244FEDBCD3DFC37041D4FCE1AE21D",
  "runtimes\\linux-x64\\native\\libe_sqlite3.so": "6F49C540D3AB9964D67A4A704C3D262D",
  "runtimes\\linux-x86\\native\\libe_sqlite3.so": "5E0659B414CBD6DDC38C65582485853E",
  "runtimes\\osx-x64\\native\\libe_sqlite3.dylib": "F82AE134FCD1C080A69D775591406673",
  "runtimes\\win-arm\\native\\e_sqlite3.dll": "9FC0DDB7EEFA635B26EE023D58287769",
  "runtimes\\win-arm64\\native\\e_sqlite3.dll": "03A9772FAB4B7FB18E414D2B36ED6734",
  "runtimes\\win-x64\\native\\e_sqlite3.dll": "BD971E8A542375F1E4B9D54D1B1E0D3E",
  "runtimes\\win-x64\\native\\minhook.x64d.dll": "335127A8BF8AE99445A05738BA53708D",
  "runtimes\\win-x86\\native\\e_sqlite3.dll": "889A75FD11FD6F4168E45AAA73DB3BDB",
  "targets\\Dalamud.Plugin.Bootstrap.targets": "C85635161398CD9852CF7212DB7EB904",
  "targets\\Dalamud.Plugin.targets": "394EE2BEC70254F76ABBE2C33F62BBFA",
  "BitFaster.Caching.dll": "87CF35FADBB213990D160A6C8D82DEC5",
  "CheapLoc.dll": "A7680A32CB98AE6C4FCD87F407ED4C37",
  "cimgui.dll": "91492BBCBA5487791A0FA065917C4F0B",
  "cimguizmo.dll": "4D04F02F0CCEDA0735201B9E24518057",
  "cimplot.dll": "FB919A050811AE882AAFB92700B31DD8",
  "commit_hash.txt": "0FA165E63D0D3E010EE23252193DF466",
  "Dalamud.Bindings.ImGui.dll": "FD4C06AB10B8066DC00850645A586470",
  "Dalamud.Bindings.ImGuizmo.dll": "C11C15E9D53D60B449E353CAD8B8158D",
  "Dalamud.Bindings.ImPlot.dll": "358FC8BCEFF84E26C0CAA6DAA5406DD2",
  "Dalamud.Boot.dll": "1077CB3946CABA234F87B15E8E7B0EF0",
  "Dalamud.Common.dll": "6BD8EB5233084A3C1CED833858749437",
  "Dalamud.deps.json": "D901B29AE7C0E9AC2E04D317A73080EA",
  "Dalamud.dll": "B3B24510D71D2368E5752BE6DE734DC1",
  "Dalamud.Injector.deps.json": "C21972522E8133995B2C9562B3E39983",
  "Dalamud.Injector.dll": "16AB150241B262F036E1109E8A311210",
  "Dalamud.Injector.exe": "7D9A8307944FB71012F1482788297581",
  "Dalamud.Injector.runtimeconfig.json": "439C534917CEF268A731631073E50FE4",
  "Dalamud.Injector.xml": "6730B8BB13078B71889B5A56C5DFAC6D",
  "Dalamud.runtimeconfig.json": "CA3935E9C6B9E3300F2D7171E4AF6335",
  "Dalamud.xml": "704A082DDDC603C47B462C51CC0DBB1F",
  "DalamudCrashHandler.exe": "22C495984F2CDC2290E540760C870886",
  "FASM-LICENSE.TXT": "ECEA1D10811221D5F0A3E96F9C38E2C7",
  "FASM.DLL": "9B88E70F8AB35C76612E34D30D206B78",
  "FASMX64.DLL": "19B5F63CB4FE97A092563707DF8CE3A5",
  "FFXIVClientStructs.dll": "A31B118FC4696B2EA8562BA07434DBB0",
  "FFXIVClientStructs.xml": "1A7655D6237D8F13958622C41508E4DD",
  "goatcorp.Reloaded.Assembler.targets": "CC22CB0A353E2136EE9E6E96DB9F7164",
  "HexaGen.Runtime.dll": "7ADEA949395E741BC6894237B687F0D7",
  "Iced.dll": "6D1458856E54A32F0E561898AB7CDB42",
  "ImGuiScene.dll": "596D52748E3A14C7B751088D58ED1540",
  "InteropGenerator.Runtime.dll": "21D775399FAB18F7466361E0FDD98BAF",
  "JetBrains.Annotations.dll": "3FBBFCB5327DA0DE61452F3294BF9DE3",
  "licenses.txt": "A159BE62AA91178EFC3E3983AE874D1D",
  "Lumina.dll": "3A7B6F794D98C429A999BB17D9397B68",
  "Lumina.Excel.dll": "E72F3A3812EA1A018F35D1D5BF3E7E66",
  "Lumina.Excel.xml": "0089FDC0BA0B16ED0696413305959999",
  "Microsoft.Extensions.ObjectPool.dll": "5510583E2B50BE953814615586673C33",
  "MinSharp.dll": "D9DD8667AE666183698E608A2320168D",
  "Mono.Cecil.dll": "582DCA3288EBE5DB0244ED1A9F4D82C0",
  "Mono.Cecil.Mdb.dll": "CC31A035D994D00E6C968B93C59EA1B4",
  "Mono.Cecil.Pdb.dll": "E306E8D7C01DBC32532E0982FA553B72",
  "Mono.Cecil.Rocks.dll": "C6FA758A63055ED160356518E6E6736C",
  "nethost.dll": "21F39F71E2F4B5BA9FB3F126872F2F9B",
  "Newtonsoft.Json.dll": "ADF3E3EECDE20B7C9661E9C47106A14A",
  "PeNet.Asn1.dll": "71EF7D90969BB0157907A1902EC998C0",
  "PeNet.dll": "D9C92BB878678B1999CBA9BA424C25B4",
  "Reloaded.Assembler.dll": "CE818E8250D0469C4261930BC5C521B9",
  "Reloaded.Hooks.Definitions.dll": "DF11CD9E6F3AE9797F63531A4B00D706",
  "Reloaded.Hooks.dll": "D6A15B34FE39307C665B9E4CF0D4430E",
  "Reloaded.Memory.Buffers.dll": "B1D2E355923FB73575E7BBBABA1574E6",
  "Reloaded.Memory.dll": "65AB9CF16AE4F3C0311F7E242F63D097",
  "revision.txt": "941C377C73C0EFED759C993F1B859526",
  "Serilog.dll": "68A716ACD6A18641BA1A804ADDE27913",
  "Serilog.Sinks.Async.dll": "1FB511B0F13A5584744B10E5EAF98695",
  "Serilog.Sinks.Console.dll": "3F3F130E3405838B4B5A1EDA3C7F6A2A",
  "Serilog.Sinks.File.dll": "8E26AC5669920A0486804DB8011E3F17",
  "SharpDX.Direct3D11.dll": "A4E43C98D9B3B241154E579FC9E6917E",
  "SharpDX.dll": "9FBD3788EB42399423A94F9C38260E98",
  "SharpDX.DXGI.dll": "72BDAD0CEC215E9FD788365FC9DE764C",
  "SharpDX.Mathematics.dll": "FECB53152A1DB9CE317A8F42E08F4279",
  "SQLite-net.dll": "A5B797150816976B1CC1B86EA38C2DD1",
  "SQLitePCLRaw.batteries_v2.dll": "15E410A4523C32249B86386BDD68D93C",
  "SQLitePCLRaw.core.dll": "85B42FC1F1241CF4AF922F0ECD7AB4D0",
  "SQLitePCLRaw.nativelibrary.dll": "69618262D71303370B6B577F45F98DE4",
  "SQLitePCLRaw.provider.dynamic_cdecl.dll": "C3679CA9D587BDD14F25A5801FE7650A",
  "System.Reactive.dll": "EF5A00287AD15393D41B12AA4B726FF7",
  "System.Reflection.MetadataLoadContext.dll": "E88E3AF6D37736F339022C9ACC5F2F7B",
  "System.Security.Cryptography.Pkcs.dll": "8950E01996A37E808BE3F39063C37BF9",
  "TEMP_gitver.txt": "AC656ADEE1B00AD546C175D341A78E74",
  "TerraFX.Interop.Windows.dll": "84F7EF6B0DE91F8CC23F773D3FD6DEC0"
}
