{
  "runtimes\\alpine-x64\\native\\libe_sqlite3.so": "39C244FEDBCD3DFC37041D4FCE1AE21D",
  "runtimes\\linux-arm\\native\\libe_sqlite3.so": "96CF54BC0EFB83D6E3F5F3E04997A59D",
  "runtimes\\linux-arm64\\native\\libe_sqlite3.so": "F079E55E7F3F9966A4A2052A3234E068",
  "runtimes\\linux-armel\\native\\libe_sqlite3.so": "C5A67D49434FC65D64E9C15778078C76",
  "runtimes\\linux-mips64\\native\\libe_sqlite3.so": "5F8461214089CFC677D46C19B7162161",
  "runtimes\\linux-musl-x64\\native\\libe_sqlite3.so": "39C244FEDBCD3DFC37041D4FCE1AE21D",
  "runtimes\\linux-x64\\native\\libe_sqlite3.so": "6F49C540D3AB9964D67A4A704C3D262D",
  "runtimes\\linux-x86\\native\\libe_sqlite3.so": "5E0659B414CBD6DDC38C65582485853E",
  "runtimes\\osx-x64\\native\\libe_sqlite3.dylib": "F82AE134FCD1C080A69D775591406673",
  "runtimes\\win-arm\\native\\e_sqlite3.dll": "A1038E57CDDEAD80C063FA8418053E7A",
  "runtimes\\win-arm64\\native\\e_sqlite3.dll": "24BE9C5BEE9E2AA6C2AB7D578E00EFB5",
  "runtimes\\win-x64\\native\\e_sqlite3.dll": "C593A7BF57FDB04E2B5460A7DBB78A50",
  "runtimes\\win-x64\\native\\minhook.x64d.dll": "5D4C60D9B62DDB2CC509D62443EE3D4D",
  "runtimes\\win-x86\\native\\e_sqlite3.dll": "EF1F7A7E3310C0F6B820D305F0B02F90",
  "targets\\Dalamud.Plugin.Bootstrap.targets": "C85635161398CD9852CF7212DB7EB904",
  "targets\\Dalamud.Plugin.targets": "394EE2BEC70254F76ABBE2C33F62BBFA",
  "BitFaster.Caching.dll": "77035B0B48471CD5C4DE4FC6D33D04B2",
  "CheapLoc.dll": "E698FBE62A2441F69F973DAAD24C7BE1",
  "cimgui.dll": "FB8B08A15CE79E8330C152EF89B70EB7",
  "cimguizmo.dll": "5659C1665CEBBB1F34F11BADA5B5ED2C",
  "cimplot.dll": "C23606B02CCB43DDF4E10473BE910B00",
  "commit_hash.txt": "824BBA954598A78CA26DEDA0617FCAD7",
  "Dalamud.Bindings.ImGui.dll": "55BD7C0CE63BBF824182BAA8D22D94D6",
  "Dalamud.Bindings.ImGuizmo.dll": "E9A6818C231792443B43C9714D801CE6",
  "Dalamud.Bindings.ImPlot.dll": "AF4792259172AFA541D01C45959C596A",
  "Dalamud.Boot.dll": "39DD99D884BF15CBDE0C0E476CD9149C",
  "Dalamud.Common.dll": "E05DF7C0A26AB81A49E355E5826CB123",
  "Dalamud.deps.json": "2893A1A041EBF5559FD1611B369212B1",
  "Dalamud.dll": "C20073DA5D6176F106D84516268E48AB",
  "Dalamud.Injector.deps.json": "C21972522E8133995B2C9562B3E39983",
  "Dalamud.Injector.dll": "58AD16990828E733CAD53FD8741A3A89",
  "Dalamud.Injector.exe": "EB7F03AFA426BB19765CB4261E4B56A4",
  "Dalamud.Injector.runtimeconfig.json": "439C534917CEF268A731631073E50FE4",
  "Dalamud.Injector.xml": "6730B8BB13078B71889B5A56C5DFAC6D",
  "Dalamud.runtimeconfig.json": "CA3935E9C6B9E3300F2D7171E4AF6335",
  "Dalamud.xml": "9E27F867E16886DA24E20FA4B58BEF16",
  "DalamudCrashHandler.exe": "F06B6B1A89BDDA2C8A70583C4FBD657C",
  "FASM-LICENSE.TXT": "ECEA1D10811221D5F0A3E96F9C38E2C7",
  "FASM.DLL": "41F9E7C0E4C15E481BCA19B3F8652E46",
  "FASMX64.DLL": "0865EE411C9B12C6F593ECC0628F229A",
  "FFXIVClientStructs.dll": "26AF814550F55454818978DBC22739B2",
  "FFXIVClientStructs.xml": "6B94627FE6F7761F55D499980577885C",
  "goatcorp.Reloaded.Assembler.targets": "CC22CB0A353E2136EE9E6E96DB9F7164",
  "HexaGen.Runtime.dll": "F4A185B2CEF93BE511CDC174ED0DE25D",
  "Iced.dll": "15615D25430657A2AF08845ABC282FA3",
  "ImGuiScene.dll": "4D52DFC538A9B9009DEC6A257FB806AB",
  "InteropGenerator.Runtime.dll": "30A9BB61223C8FB382FBC3A4D0AC239B",
  "JetBrains.Annotations.dll": "A738A5EA8D19979C82691689BCBFD0DD",
  "licenses.txt": "A159BE62AA91178EFC3E3983AE874D1D",
  "Lumina.dll": "5A300BD900B98DC888FCEEDBEB8BDC9B",
  "Lumina.Excel.dll": "233F9BEF37CD0250612E54D5C79D9833",
  "Lumina.Excel.xml": "0089FDC0BA0B16ED0696413305959999",
  "Microsoft.Extensions.ObjectPool.dll": "B0558CE087EAE95853E35579300F3A77",
  "MinSharp.dll": "B3E68EF67FDD41748A48EDB04B26C728",
  "Mono.Cecil.dll": "0DB9B0A3F1B65F704EACA90067B015EC",
  "Mono.Cecil.Mdb.dll": "5CDDCD85606B5CC61D941E6F2417D9A8",
  "Mono.Cecil.Pdb.dll": "E4F4C3C50D2F5288DF7C76849E94C72C",
  "Mono.Cecil.Rocks.dll": "65B559FFE48ACC9D365F26296BB8CCF4",
  "nethost.dll": "21F39F71E2F4B5BA9FB3F126872F2F9B",
  "Newtonsoft.Json.dll": "ADF3E3EECDE20B7C9661E9C47106A14A",
  "PeNet.Asn1.dll": "9EDEAEC4B514C42A29CFFFBCFD78CFE8",
  "PeNet.dll": "27F4414D059A51C675404919734DAD89",
  "Reloaded.Assembler.dll": "ACF5C407CCDC806264C71A3D1BE3AD8B",
  "Reloaded.Hooks.Definitions.dll": "453827953BBA4A0E8213B9C54459BE04",
  "Reloaded.Hooks.dll": "1BB71510D0777984C304EBEB464EF15F",
  "Reloaded.Memory.Buffers.dll": "FF10F743A8B672E76AC0B6C297CF9F19",
  "Reloaded.Memory.dll": "7C10406F3B419A04113329DB1D297DD6",
  "revision.txt": "3D9DABE52805A1EA21864B09F3397593",
  "Serilog.dll": "04C02F2AEB55A97BC627255B8A193AF9",
  "Serilog.Sinks.Async.dll": "7EEBBD0EFCE8853DDB1012C1240A6492",
  "Serilog.Sinks.Console.dll": "BED6A9A0C3E1BD3B4B68E0DC49666303",
  "Serilog.Sinks.File.dll": "168864F7FE6904FB00EC1B19788FBB23",
  "SharpDX.Direct3D11.dll": "8C87C985060AA1F0571A2AF37B841B00",
  "SharpDX.dll": "AA43DFD1B765DA8C20ABA0EA723FBCB2",
  "SharpDX.DXGI.dll": "C47BE5E7CDD50C03742CBC002392A5CA",
  "SharpDX.Mathematics.dll": "347432DD654E6C2BA82970CDC0F7D160",
  "SQLite-net.dll": "4823A620BCBFF850AE7D33A92B9DD41C",
  "SQLitePCLRaw.batteries_v2.dll": "FB467B076E03728AE494119C695C7C30",
  "SQLitePCLRaw.core.dll": "0CEE969E108D0C6CFF887FC955429FB3",
  "SQLitePCLRaw.nativelibrary.dll": "5C1422F3D289FEA27FE27FAB64729ACE",
  "SQLitePCLRaw.provider.dynamic_cdecl.dll": "C528E179FDB25CBC80BA2B6DA50FE925",
  "System.Reactive.dll": "EF5A00287AD15393D41B12AA4B726FF7",
  "System.Reflection.MetadataLoadContext.dll": "E88E3AF6D37736F339022C9ACC5F2F7B",
  "System.Security.Cryptography.Pkcs.dll": "8950E01996A37E808BE3F39063C37BF9",
  "TEMP_gitver.txt": "F9A1588F81D2DE497D4B1A9D3C17C1EE",
  "TerraFX.Interop.Windows.dll": "84F7EF6B0DE91F8CC23F773D3FD6DEC0"
}
