{
  "runtimes\\alpine-x64\\native\\libe_sqlite3.so": "39C244FEDBCD3DFC37041D4FCE1AE21D",
  "runtimes\\linux-arm\\native\\libe_sqlite3.so": "96CF54BC0EFB83D6E3F5F3E04997A59D",
  "runtimes\\linux-arm64\\native\\libe_sqlite3.so": "F079E55E7F3F9966A4A2052A3234E068",
  "runtimes\\linux-armel\\native\\libe_sqlite3.so": "C5A67D49434FC65D64E9C15778078C76",
  "runtimes\\linux-mips64\\native\\libe_sqlite3.so": "5F8461214089CFC677D46C19B7162161",
  "runtimes\\linux-musl-x64\\native\\libe_sqlite3.so": "39C244FEDBCD3DFC37041D4FCE1AE21D",
  "runtimes\\linux-x64\\native\\libe_sqlite3.so": "6F49C540D3AB9964D67A4A704C3D262D",
  "runtimes\\linux-x86\\native\\libe_sqlite3.so": "5E0659B414CBD6DDC38C65582485853E",
  "runtimes\\osx-x64\\native\\libe_sqlite3.dylib": "F82AE134FCD1C080A69D775591406673",
  "runtimes\\win-arm\\native\\e_sqlite3.dll": "7B7C976AC3521DBCAA07E18C0A3778A9",
  "runtimes\\win-arm64\\native\\e_sqlite3.dll": "AD72B46FD02F611FA507683B18E3C044",
  "runtimes\\win-x64\\native\\e_sqlite3.dll": "31767AFD4CA80C8606CC691277492A3E",
  "runtimes\\win-x64\\native\\minhook.x64d.dll": "E1A9E90FBC3C86E126382FCA47A75882",
  "runtimes\\win-x86\\native\\e_sqlite3.dll": "8637481D8149AC88C458C6D8609F608E",
  "targets\\Dalamud.Plugin.Bootstrap.targets": "C85635161398CD9852CF7212DB7EB904",
  "targets\\Dalamud.Plugin.targets": "394EE2BEC70254F76ABBE2C33F62BBFA",
  "BitFaster.Caching.dll": "A0F06249BF8824125A56C971A2E4301D",
  "CheapLoc.dll": "033B33BD5BFCDCD5BB9F4433B7A70B05",
  "cimgui.dll": "94FCCE969E0EC824A94BA7D094E2952E",
  "cimguizmo.dll": "2E56B246BAB48DCECCEEA7D86C12EC5B",
  "cimplot.dll": "6A21083262E519E3928740FD6FFA949D",
  "commit_hash.txt": "2AE05F6E747067F5F1780CD2B0BBE077",
  "Dalamud.Bindings.ImGui.dll": "812C2BC09A917AB9217ADB65F3D4A82B",
  "Dalamud.Bindings.ImGuizmo.dll": "D1920C40749186F2487DE25C1F21093B",
  "Dalamud.Bindings.ImPlot.dll": "A76B7525DC6179089ADE65853591FE26",
  "Dalamud.Boot.dll": "E7E2BE48162161FABD1EE0B7AED9FF2E",
  "Dalamud.Common.dll": "76324F506B4F04AC26815C3567B7FD30",
  "Dalamud.deps.json": "55513BB0DE6A35BB3F9A431EC2E7CD1B",
  "Dalamud.dll": "127A022D769A8FB481D2887DDF34C534",
  "Dalamud.Injector.deps.json": "C21972522E8133995B2C9562B3E39983",
  "Dalamud.Injector.dll": "11233A8D3140BCAB31C9F08AF1C8482B",
  "Dalamud.Injector.exe": "6FE5DAF8CBD464C8DDD0D17241EAF1A1",
  "Dalamud.Injector.runtimeconfig.json": "439C534917CEF268A731631073E50FE4",
  "Dalamud.Injector.xml": "6730B8BB13078B71889B5A56C5DFAC6D",
  "Dalamud.runtimeconfig.json": "CA3935E9C6B9E3300F2D7171E4AF6335",
  "Dalamud.xml": "7C59386E21AD57298F8068798F52D1A4",
  "DalamudCrashHandler.exe": "97B8D94764D2BBEFCA0B0979A9611C02",
  "FASM-LICENSE.TXT": "ECEA1D10811221D5F0A3E96F9C38E2C7",
  "FASM.DLL": "8820BAC4A37AFED6B768B260258CD7AC",
  "FASMX64.DLL": "3C8FB8BA72E284614867858775EE483F",
  "FFXIVClientStructs.dll": "E97DFC94A1DAA278852CF69D4FA03785",
  "FFXIVClientStructs.xml": "411963B3F2ECD855A802A797A51A859F",
  "goatcorp.Reloaded.Assembler.targets": "CC22CB0A353E2136EE9E6E96DB9F7164",
  "HexaGen.Runtime.dll": "9199056A385D4EAE445B7DF12718AC2C",
  "Iced.dll": "1B89E2C3B82A1DD5126EB2777F4CA82E",
  "ImGuiScene.dll": "044042AF05C47105D458D956137094C7",
  "InteropGenerator.Runtime.dll": "7EE1A3483369720195B5A45043DE142F",
  "JetBrains.Annotations.dll": "602382B345AE2628A3B6204800D089C0",
  "licenses.txt": "A159BE62AA91178EFC3E3983AE874D1D",
  "Lumina.dll": "01D54829F1ED19EF81A371C09DE9398D",
  "Lumina.Excel.dll": "68A4CF5A544D9AD8180D3C931F5EE440",
  "Lumina.Excel.xml": "0089FDC0BA0B16ED0696413305959999",
  "Microsoft.Extensions.ObjectPool.dll": "B0558CE087EAE95853E35579300F3A77",
  "MinSharp.dll": "0B6D19EA02F718702AE88D2A5F223558",
  "Mono.Cecil.dll": "DC3C5C0F175E26067A8EFB2B0E314815",
  "Mono.Cecil.Mdb.dll": "135AA372D1EF45FB2F7873DE578C645F",
  "Mono.Cecil.Pdb.dll": "C8862FE89C19D6D510460A42756E4294",
  "Mono.Cecil.Rocks.dll": "EB1804619FE782B55DC06A280988E3F7",
  "nethost.dll": "21F39F71E2F4B5BA9FB3F126872F2F9B",
  "Newtonsoft.Json.dll": "ADF3E3EECDE20B7C9661E9C47106A14A",
  "PeNet.Asn1.dll": "F225CFE8BC4CF678B8D96559CE0203F4",
  "PeNet.dll": "F4F43F06FE1D53DFC646F47971A1CD6C",
  "Reloaded.Assembler.dll": "BA19EDF617666F279442B4479EEBE718",
  "Reloaded.Hooks.Definitions.dll": "6DA762ED520F12920EFAA814C4BBEEA7",
  "Reloaded.Hooks.dll": "DA667B4C481D0D5602FB006EB7E59BA3",
  "Reloaded.Memory.Buffers.dll": "2B72856F21790B7B20ABCA061ADD802C",
  "Reloaded.Memory.dll": "7195DE75BB1D16FDE882F110FD036A7A",
  "revision.txt": "7CFD5DF443B4EB0D69886A583B33DE4C",
  "Serilog.dll": "EB031754B799D7F01F46AAE8F63AC8D1",
  "Serilog.Sinks.Async.dll": "5337724448D08BE11F89144BE32CBEEF",
  "Serilog.Sinks.Console.dll": "DFE7342888D18EFB40BD32EE570D3559",
  "Serilog.Sinks.File.dll": "D5CC66800F8CFD9875389F3A0FCD74D5",
  "SharpDX.Direct3D11.dll": "9D0D2F3026618FD64974522E2C5BDA33",
  "SharpDX.dll": "CEEED756541BB2A420E8BF5D1FF44CFA",
  "SharpDX.DXGI.dll": "D1099CA54B3BB4CCD99FA97B0AC80F94",
  "SharpDX.Mathematics.dll": "5CD3B82AAE9C51C194F0C559D5CA8016",
  "SQLite-net.dll": "F116771BCD97E7D146BEF72B61787EBC",
  "SQLitePCLRaw.batteries_v2.dll": "251B3FD87C50C940D63F8EAB466EC0ED",
  "SQLitePCLRaw.core.dll": "9C05A75021C8D0B1F03C5F7BF472592E",
  "SQLitePCLRaw.nativelibrary.dll": "B0752767B2A95562AEC7BF439FCC169D",
  "SQLitePCLRaw.provider.dynamic_cdecl.dll": "45AF9F894E035828B391C233C9D4825A",
  "System.Reactive.dll": "EF5A00287AD15393D41B12AA4B726FF7",
  "System.Reflection.MetadataLoadContext.dll": "E88E3AF6D37736F339022C9ACC5F2F7B",
  "System.Security.Cryptography.Pkcs.dll": "8950E01996A37E808BE3F39063C37BF9",
  "TEMP_gitver.txt": "A83AEF2FE68951E58E9BCFB5968ED81D",
  "TerraFX.Interop.Windows.dll": "84F7EF6B0DE91F8CC23F773D3FD6DEC0"
}
