{
  "runtimes\\alpine-x64\\native\\libe_sqlite3.so": "39C244FEDBCD3DFC37041D4FCE1AE21D",
  "runtimes\\linux-arm\\native\\libe_sqlite3.so": "96CF54BC0EFB83D6E3F5F3E04997A59D",
  "runtimes\\linux-arm64\\native\\libe_sqlite3.so": "F079E55E7F3F9966A4A2052A3234E068",
  "runtimes\\linux-armel\\native\\libe_sqlite3.so": "C5A67D49434FC65D64E9C15778078C76",
  "runtimes\\linux-mips64\\native\\libe_sqlite3.so": "5F8461214089CFC677D46C19B7162161",
  "runtimes\\linux-musl-x64\\native\\libe_sqlite3.so": "39C244FEDBCD3DFC37041D4FCE1AE21D",
  "runtimes\\linux-x64\\native\\libe_sqlite3.so": "6F49C540D3AB9964D67A4A704C3D262D",
  "runtimes\\linux-x86\\native\\libe_sqlite3.so": "5E0659B414CBD6DDC38C65582485853E",
  "runtimes\\osx-x64\\native\\libe_sqlite3.dylib": "F82AE134FCD1C080A69D775591406673",
  "runtimes\\win-arm\\native\\e_sqlite3.dll": "4A7DA28AF37BF016A3A8784F8FC18625",
  "runtimes\\win-arm64\\native\\e_sqlite3.dll": "087CCCAD7E1D49E0316C1AA98507195E",
  "runtimes\\win-x64\\native\\e_sqlite3.dll": "0FB67A4AE64DE5CAF225B9A2DFB6963E",
  "runtimes\\win-x64\\native\\minhook.x64d.dll": "527AFE8851AA896617F3580A22791AA2",
  "runtimes\\win-x86\\native\\e_sqlite3.dll": "1406D0C09956C60C2A73BB71DACB9CC0",
  "targets\\Dalamud.Plugin.Bootstrap.targets": "C85635161398CD9852CF7212DB7EB904",
  "targets\\Dalamud.Plugin.targets": "394EE2BEC70254F76ABBE2C33F62BBFA",
  "BitFaster.Caching.dll": "90ADD2DE897629EAD708029B60740249",
  "CheapLoc.dll": "7BE8C99360D21BB744EAAF34DCE4A028",
  "cimgui.dll": "32C7315952C0E05C4D341846669A873F",
  "cimguizmo.dll": "A3F131446C0B6BBEA9E7F47537AB6F39",
  "cimplot.dll": "CA16C19EB9A547CCFB9FFD621E503E58",
  "commit_hash.txt": "9FB75864C01D1666D17ECEA7EF76A5BE",
  "Dalamud.Bindings.ImGui.dll": "988B4C1794F512569BB97AE3E75FCF86",
  "Dalamud.Bindings.ImGuizmo.dll": "0AF8AA37FC6A4995521389FFA4C4212C",
  "Dalamud.Bindings.ImPlot.dll": "A38A78352F1E4A75AADA1ED8C54E4095",
  "Dalamud.Boot.dll": "6791F83D9B60C6CF6B747E14C5311F2B",
  "Dalamud.Common.dll": "6EDEC64A733037480EF6D35E536F39B1",
  "Dalamud.deps.json": "DFE0B58BABE89004FE464E8C939CA90F",
  "Dalamud.dll": "5408833CE62EBE8A7701FA7B90A486EB",
  "Dalamud.Injector.deps.json": "C21972522E8133995B2C9562B3E39983",
  "Dalamud.Injector.dll": "DBDBE11084F8B20C9C8C0D3250C91377",
  "Dalamud.Injector.exe": "FCA356E98BB9E0F15F369F39D730B50A",
  "Dalamud.Injector.runtimeconfig.json": "439C534917CEF268A731631073E50FE4",
  "Dalamud.Injector.xml": "6730B8BB13078B71889B5A56C5DFAC6D",
  "Dalamud.runtimeconfig.json": "CA3935E9C6B9E3300F2D7171E4AF6335",
  "Dalamud.xml": "C26ACA90C62B723D15D630AA5A2F85E0",
  "DalamudCrashHandler.exe": "6393C21A1CB4792A0F39E325267F622C",
  "FASM-LICENSE.TXT": "ECEA1D10811221D5F0A3E96F9C38E2C7",
  "FASM.DLL": "8F1504E85CDD64EFB4181A33F783A18F",
  "FASMX64.DLL": "AAFD898AE43091FA55B4B71449AC089D",
  "FFXIVClientStructs.dll": "142EC0BCABB285512C9233BF2447A9C0",
  "FFXIVClientStructs.xml": "411963B3F2ECD855A802A797A51A859F",
  "goatcorp.Reloaded.Assembler.targets": "CC22CB0A353E2136EE9E6E96DB9F7164",
  "HexaGen.Runtime.dll": "CE6CDB04EBD07F9FCCE9FEBA6460FB11",
  "Iced.dll": "77532BB68C224F8E73D94D603E7C23F2",
  "ImGuiScene.dll": "5C5171C2ECB59354C97A8AC114B6EFDD",
  "InteropGenerator.Runtime.dll": "C92320F43746D8CD71DB4CE4D6B1B0BE",
  "JetBrains.Annotations.dll": "8A9678D6397FC958840B0F5EAB96B435",
  "licenses.txt": "A159BE62AA91178EFC3E3983AE874D1D",
  "Lumina.dll": "F4B184E358918F391AD51761A005BC3E",
  "Lumina.Excel.dll": "BAA51CAF1654E1A5491376966198635B",
  "Lumina.Excel.xml": "0089FDC0BA0B16ED0696413305959999",
  "Microsoft.Extensions.ObjectPool.dll": "B0558CE087EAE95853E35579300F3A77",
  "MinSharp.dll": "43BA33EE368EA0D9A7226153687C9175",
  "Mono.Cecil.dll": "1C07F7DC27A39731EA50A6AB4E1B34AA",
  "Mono.Cecil.Mdb.dll": "07EE687096DA7869880F86836024B732",
  "Mono.Cecil.Pdb.dll": "AAA02EBCCE9E31B60EB19400029AED6D",
  "Mono.Cecil.Rocks.dll": "7E585D49DC88AE3D2AAD4F568DB026BC",
  "nethost.dll": "21F39F71E2F4B5BA9FB3F126872F2F9B",
  "Newtonsoft.Json.dll": "ADF3E3EECDE20B7C9661E9C47106A14A",
  "PeNet.Asn1.dll": "627798BB31B97E583373994BF37FF900",
  "PeNet.dll": "C90233AD0D04C8BB369A86E9B1C8D8DA",
  "Reloaded.Assembler.dll": "857C6888A150FC0EFE43861237B8BF52",
  "Reloaded.Hooks.Definitions.dll": "A2539F9590D082F45C065AC73AE14D6F",
  "Reloaded.Hooks.dll": "40F3F7ED3E13895E869CFADF7F8FBCA1",
  "Reloaded.Memory.Buffers.dll": "A30F4ADCFFFE8581723F1889A49C4DAB",
  "Reloaded.Memory.dll": "DDE1E8FB4ED175E3F768B9970586A60E",
  "revision.txt": "A3BF6E4DB673B6449C2F7D13EE6EC9C0",
  "Serilog.dll": "9C06C7DCEADD769E5419D2C78B2AC2C4",
  "Serilog.Sinks.Async.dll": "2927BC648307E8CC08AA9E8FF8D00CA2",
  "Serilog.Sinks.Console.dll": "2C99E198248EBDB7CE7DC5A31271F899",
  "Serilog.Sinks.File.dll": "DC8620F509F85FB231C77C501D663981",
  "SharpDX.Direct3D11.dll": "AF391A0F5C943729A841F2B23830D08D",
  "SharpDX.dll": "C48EF0925BB23FA7A3AB376928FAC233",
  "SharpDX.DXGI.dll": "B786B001EBF18E1CAD8D71286A4FC22C",
  "SharpDX.Mathematics.dll": "4B6478157F915F861B2DFB325039CF4C",
  "SQLite-net.dll": "ABF295B6ED8EABE1CA67DBCA56296952",
  "SQLitePCLRaw.batteries_v2.dll": "9EA41FB73A213B4B0B6F6BF027AB60D3",
  "SQLitePCLRaw.core.dll": "1CEDABC851841603E77631062ED02E9F",
  "SQLitePCLRaw.nativelibrary.dll": "0F0DCE42768C161010C99E58C08744AE",
  "SQLitePCLRaw.provider.dynamic_cdecl.dll": "A4C2F78B83C5C2DB4D438C8145C4B9D3",
  "System.Reactive.dll": "EF5A00287AD15393D41B12AA4B726FF7",
  "System.Reflection.MetadataLoadContext.dll": "E88E3AF6D37736F339022C9ACC5F2F7B",
  "System.Security.Cryptography.Pkcs.dll": "8950E01996A37E808BE3F39063C37BF9",
  "TEMP_gitver.txt": "44501AB1826F74E90BFEBB2CC98B6D87",
  "TerraFX.Interop.Windows.dll": "84F7EF6B0DE91F8CC23F773D3FD6DEC0"
}
