{
  "runtimes\\alpine-x64\\native\\libe_sqlite3.so": "39C244FEDBCD3DFC37041D4FCE1AE21D",
  "runtimes\\linux-arm\\native\\libe_sqlite3.so": "96CF54BC0EFB83D6E3F5F3E04997A59D",
  "runtimes\\linux-arm64\\native\\libe_sqlite3.so": "F079E55E7F3F9966A4A2052A3234E068",
  "runtimes\\linux-armel\\native\\libe_sqlite3.so": "C5A67D49434FC65D64E9C15778078C76",
  "runtimes\\linux-mips64\\native\\libe_sqlite3.so": "5F8461214089CFC677D46C19B7162161",
  "runtimes\\linux-musl-x64\\native\\libe_sqlite3.so": "39C244FEDBCD3DFC37041D4FCE1AE21D",
  "runtimes\\linux-x64\\native\\libe_sqlite3.so": "6F49C540D3AB9964D67A4A704C3D262D",
  "runtimes\\linux-x86\\native\\libe_sqlite3.so": "5E0659B414CBD6DDC38C65582485853E",
  "runtimes\\osx-x64\\native\\libe_sqlite3.dylib": "F82AE134FCD1C080A69D775591406673",
  "runtimes\\win-arm\\native\\e_sqlite3.dll": "F10C1E9172607C9A6A72C421DEB39B26",
  "runtimes\\win-arm64\\native\\e_sqlite3.dll": "DE726A2240808962B07B8C0130E68168",
  "runtimes\\win-x64\\native\\e_sqlite3.dll": "33A17F83118B5505C5B63695CAE63DB7",
  "runtimes\\win-x64\\native\\minhook.x64d.dll": "2163B1441F5C5CF34E2212FC61F45A17",
  "runtimes\\win-x86\\native\\e_sqlite3.dll": "5DD502D2102C489142A2DA3745223EE6",
  "targets\\Dalamud.Plugin.Bootstrap.targets": "C85635161398CD9852CF7212DB7EB904",
  "targets\\Dalamud.Plugin.targets": "394EE2BEC70254F76ABBE2C33F62BBFA",
  "BitFaster.Caching.dll": "33E150BD954F3FE650AACEAC0998BA0B",
  "CheapLoc.dll": "ABB412896E0217835C9B604EF4C25C2A",
  "cimgui.dll": "2155EDF9EE7839FB727A0D840B4E6327",
  "cimguizmo.dll": "770EC2A57F03AFEC825D0D8B1C07CDAE",
  "cimplot.dll": "6FA83222A0EC20400DDC4F916BAE01EC",
  "commit_hash.txt": "0453BCD9E7157C832E9B3399AC573ACD",
  "Dalamud.Bindings.ImGui.dll": "7490F2EB2454E218F15223007D5A3522",
  "Dalamud.Bindings.ImGuizmo.dll": "E12CA696C1E35F921569C03C5A23ADA6",
  "Dalamud.Bindings.ImPlot.dll": "FFA1635487009BC51CA78FE9AD55E2A7",
  "Dalamud.Boot.dll": "1148FC2A23C18D75024CC13F37A9348C",
  "Dalamud.Common.dll": "33ECD6D96CF1991990356EE8A36FB706",
  "Dalamud.deps.json": "2893A1A041EBF5559FD1611B369212B1",
  "Dalamud.dll": "47835953CD4CDA338242419AC3135BF6",
  "Dalamud.Injector.deps.json": "C21972522E8133995B2C9562B3E39983",
  "Dalamud.Injector.dll": "F488DC75AF78EE92D092950FD599149D",
  "Dalamud.Injector.exe": "EF11377EA63F6BC15F65067E3AB087D5",
  "Dalamud.Injector.runtimeconfig.json": "439C534917CEF268A731631073E50FE4",
  "Dalamud.Injector.xml": "6730B8BB13078B71889B5A56C5DFAC6D",
  "Dalamud.runtimeconfig.json": "CA3935E9C6B9E3300F2D7171E4AF6335",
  "Dalamud.xml": "C26ACA90C62B723D15D630AA5A2F85E0",
  "DalamudCrashHandler.exe": "ABE30F47B4A492404D82D62F224DD325",
  "FASM-LICENSE.TXT": "ECEA1D10811221D5F0A3E96F9C38E2C7",
  "FASM.DLL": "C4656B05C5A5F7DC57C88A01F9EDB472",
  "FASMX64.DLL": "6546D842ED9BF2865CAF3231F714B2C9",
  "FFXIVClientStructs.dll": "FE6B063AB945770C7F511D309DC5D8AF",
  "FFXIVClientStructs.xml": "6B94627FE6F7761F55D499980577885C",
  "goatcorp.Reloaded.Assembler.targets": "CC22CB0A353E2136EE9E6E96DB9F7164",
  "HexaGen.Runtime.dll": "6DB4683C6D13B886D70AEDBB0A80C6C9",
  "Iced.dll": "23D16893510A039ACC07BDF2F5C09D8C",
  "ImGuiScene.dll": "C1E9C1AA16A73354E624549A7063B897",
  "InteropGenerator.Runtime.dll": "7E3FB08C1313AE915E6DC7615A282F6B",
  "JetBrains.Annotations.dll": "15BE6A81D35BB44C8EA0C535478BF072",
  "licenses.txt": "A159BE62AA91178EFC3E3983AE874D1D",
  "Lumina.dll": "86B75A34D715078AEC9FF1D8282DCFD0",
  "Lumina.Excel.dll": "3519426F44991423F3C0F5BE9357B3A9",
  "Lumina.Excel.xml": "0089FDC0BA0B16ED0696413305959999",
  "Microsoft.Extensions.ObjectPool.dll": "B0558CE087EAE95853E35579300F3A77",
  "MinSharp.dll": "E92ED3A190D1C65D126DC9FEBC8D56B5",
  "Mono.Cecil.dll": "A0773E2E418DBD24EE2E54CC9DE3D034",
  "Mono.Cecil.Mdb.dll": "1911C0213933821C64FAB521B24CF948",
  "Mono.Cecil.Pdb.dll": "3E41AFD8CAF0F937ED59203C367AE948",
  "Mono.Cecil.Rocks.dll": "5056A17C19BB49698B9F0A1AF83E0878",
  "nethost.dll": "21F39F71E2F4B5BA9FB3F126872F2F9B",
  "Newtonsoft.Json.dll": "ADF3E3EECDE20B7C9661E9C47106A14A",
  "PeNet.Asn1.dll": "B9231E719738023A65C56686D982D99D",
  "PeNet.dll": "9F1400D2533938F853397E5B8602F4F2",
  "Reloaded.Assembler.dll": "42A5B2D3E8C7598D311CB2FECC561629",
  "Reloaded.Hooks.Definitions.dll": "AF113DECE1F00B65DB3ED4C816AF1BB1",
  "Reloaded.Hooks.dll": "2579ED16B466FBA0446BCAD5AC7918BC",
  "Reloaded.Memory.Buffers.dll": "923B4D8BCA2A064CBAEEA0F8E2AD1D1E",
  "Reloaded.Memory.dll": "F9A460663005F4D484C5BABCD6FBB310",
  "revision.txt": "FC95FA5740BA01A870CFA52F671FE1E4",
  "Serilog.dll": "8978E54E93DD089CE1B4EF19A8933A30",
  "Serilog.Sinks.Async.dll": "DB836958A19F0FD019F01790ABA470EE",
  "Serilog.Sinks.Console.dll": "B1CE78611D6B85303744A68E3C6F431A",
  "Serilog.Sinks.File.dll": "81AE52471C013E5E7B7BF2ACA71F7885",
  "SharpDX.Direct3D11.dll": "1664E6180B5845517E9F07F0713B9398",
  "SharpDX.dll": "2416F72935082CD7430AF69C21F00FF2",
  "SharpDX.DXGI.dll": "74EF75DD2BEF5AA05AC13D17ED13E5BF",
  "SharpDX.Mathematics.dll": "33899536AA41BF46FF931140E19A06E4",
  "SQLite-net.dll": "C74F893FB369A03546A288E298A97C8D",
  "SQLitePCLRaw.batteries_v2.dll": "F823544E0B181A186EA4E7421DC5F907",
  "SQLitePCLRaw.core.dll": "5ADB2441FDDCFC7DA95E6CA7AD2C3B23",
  "SQLitePCLRaw.nativelibrary.dll": "EF5230E23AC7E567C09EFC2C2974EE70",
  "SQLitePCLRaw.provider.dynamic_cdecl.dll": "499CE17AEE7B03900FE7598CF927B897",
  "System.Reactive.dll": "EF5A00287AD15393D41B12AA4B726FF7",
  "System.Reflection.MetadataLoadContext.dll": "E88E3AF6D37736F339022C9ACC5F2F7B",
  "System.Security.Cryptography.Pkcs.dll": "8950E01996A37E808BE3F39063C37BF9",
  "TEMP_gitver.txt": "06319023FEF7ADCC30F4EE8B1AE63BC9",
  "TerraFX.Interop.Windows.dll": "84F7EF6B0DE91F8CC23F773D3FD6DEC0"
}
