{
  "runtimes\\alpine-x64\\native\\libe_sqlite3.so": "39C244FEDBCD3DFC37041D4FCE1AE21D",
  "runtimes\\linux-arm\\native\\libe_sqlite3.so": "96CF54BC0EFB83D6E3F5F3E04997A59D",
  "runtimes\\linux-arm64\\native\\libe_sqlite3.so": "F079E55E7F3F9966A4A2052A3234E068",
  "runtimes\\linux-armel\\native\\libe_sqlite3.so": "C5A67D49434FC65D64E9C15778078C76",
  "runtimes\\linux-mips64\\native\\libe_sqlite3.so": "5F8461214089CFC677D46C19B7162161",
  "runtimes\\linux-musl-x64\\native\\libe_sqlite3.so": "39C244FEDBCD3DFC37041D4FCE1AE21D",
  "runtimes\\linux-x64\\native\\libe_sqlite3.so": "6F49C540D3AB9964D67A4A704C3D262D",
  "runtimes\\linux-x86\\native\\libe_sqlite3.so": "5E0659B414CBD6DDC38C65582485853E",
  "runtimes\\osx-x64\\native\\libe_sqlite3.dylib": "F82AE134FCD1C080A69D775591406673",
  "runtimes\\win-arm\\native\\e_sqlite3.dll": "0DB7289B242F0E6AA9A8CC1B2BC65D59",
  "runtimes\\win-arm64\\native\\e_sqlite3.dll": "2973E4D771988AFF4381919743D1317D",
  "runtimes\\win-x64\\native\\e_sqlite3.dll": "3E77D192FAA7D9BCDBE73374B25BA6F6",
  "runtimes\\win-x64\\native\\minhook.x64d.dll": "F7AB7D9509B9657000B3A57D61759689",
  "runtimes\\win-x86\\native\\e_sqlite3.dll": "3DE5E57F2327A1E569FE3A4EE78EB959",
  "targets\\Dalamud.Plugin.Bootstrap.targets": "C85635161398CD9852CF7212DB7EB904",
  "targets\\Dalamud.Plugin.targets": "394EE2BEC70254F76ABBE2C33F62BBFA",
  "BitFaster.Caching.dll": "51F64AF8876E0B11155483C6D72550C0",
  "CheapLoc.dll": "BE3258E63FF4776D5AA39154D6B8B6E3",
  "cimgui.dll": "894DD8404AE4F6EB39F1E3820D58C9C3",
  "cimguizmo.dll": "A2B53689E86A0430E15FDAC6BBE63B48",
  "cimplot.dll": "BE607B19410C6600E470E3F8FED5C81E",
  "commit_hash.txt": "D59B9677F5E91BD006839920C6FC3FA8",
  "Dalamud.Bindings.ImGui.dll": "C5A7AD106B2581DEC5B451EE10849540",
  "Dalamud.Bindings.ImGuizmo.dll": "594A5EA3624A12D6227B5AC6DE4BFD89",
  "Dalamud.Bindings.ImPlot.dll": "4E6771DB5C1DA9744139CE15B4DA91C6",
  "Dalamud.Boot.dll": "A886AB4DA1E78A8F59289D69E9F511BD",
  "Dalamud.Common.dll": "0BE171771D26E59413AF28E19363B01F",
  "Dalamud.deps.json": "FF83523C524526ECB1DF17CCFF9F760D",
  "Dalamud.dll": "BA8A3AE13C2B4ACB126F4FE5723B193F",
  "Dalamud.Injector.deps.json": "C21972522E8133995B2C9562B3E39983",
  "Dalamud.Injector.dll": "38C9BF1BEB548564F0D3885BEBD6C828",
  "Dalamud.Injector.exe": "1C5112998D515DA525F0C9B2F0037CF0",
  "Dalamud.Injector.runtimeconfig.json": "439C534917CEF268A731631073E50FE4",
  "Dalamud.Injector.xml": "6730B8BB13078B71889B5A56C5DFAC6D",
  "Dalamud.runtimeconfig.json": "CA3935E9C6B9E3300F2D7171E4AF6335",
  "Dalamud.xml": "2595FBA6E54F4614F5022A2E503FE603",
  "DalamudCrashHandler.exe": "EB1D9775CDEBC07BB1DCABE5D634AA3E",
  "FASM-LICENSE.TXT": "ECEA1D10811221D5F0A3E96F9C38E2C7",
  "FASM.DLL": "0A49046D6CAEB3B0C401608539E2587B",
  "FASMX64.DLL": "3D4905EB3C827865B8A99708DB6C863E",
  "FFXIVClientStructs.dll": "29E7705FDEE864C54A247D84F0042D41",
  "FFXIVClientStructs.xml": "1BE99FDC24B3196411540E6026067EB7",
  "goatcorp.Reloaded.Assembler.targets": "CC22CB0A353E2136EE9E6E96DB9F7164",
  "HexaGen.Runtime.dll": "F122C91784B2938FA3BE898FA1ECC52C",
  "Iced.dll": "953E86865B721D6E96BBECCF6F31E2ED",
  "ImGuiScene.dll": "76CCD063E4DAC0A40F9EE68A923E9DFC",
  "InteropGenerator.Runtime.dll": "296C92BF13DB3A76129DFADD11F9624B",
  "JetBrains.Annotations.dll": "86CE870C2F03A2ED4339BD16EB81C50E",
  "licenses.txt": "A159BE62AA91178EFC3E3983AE874D1D",
  "Lumina.dll": "D0208BD526176EAA4AFF46E869A15B56",
  "Lumina.Excel.dll": "B848D09CAF515C3F3B1A3B6D902C1D2F",
  "Lumina.Excel.xml": "0089FDC0BA0B16ED0696413305959999",
  "Microsoft.Extensions.ObjectPool.dll": "B0558CE087EAE95853E35579300F3A77",
  "MinSharp.dll": "B0AA5B34399BCDBA1F19BB751EC65104",
  "Mono.Cecil.dll": "C41DB0B185C6E296FD90167018C76DF0",
  "Mono.Cecil.Mdb.dll": "314B24D2272F07BFC48D3A470CA81DC9",
  "Mono.Cecil.Pdb.dll": "904A2B72807B0185B7381DEBACCEFF0D",
  "Mono.Cecil.Rocks.dll": "6B755F4D6BFF74513F747D9CDECFE2FD",
  "nethost.dll": "21F39F71E2F4B5BA9FB3F126872F2F9B",
  "Newtonsoft.Json.dll": "ADF3E3EECDE20B7C9661E9C47106A14A",
  "PeNet.Asn1.dll": "E7AAA1435519BBE0C01164BC9CC274D7",
  "PeNet.dll": "C9F77165D27DACA472936905AD2D3D0C",
  "Reloaded.Assembler.dll": "25B5903E52D567AFFF38905F0209D1B6",
  "Reloaded.Hooks.Definitions.dll": "5D80F33964484C8C905E88D787D4BB70",
  "Reloaded.Hooks.dll": "F8852E6A93BF7B1A76E739607EAC4700",
  "Reloaded.Memory.Buffers.dll": "FC0B4B8A52337644763568E9F8F49896",
  "Reloaded.Memory.dll": "866B05605145213F4520A24ADD1A925C",
  "revision.txt": "8973BA741E7BD6450D8023552F43728E",
  "Serilog.dll": "0017AFF17B39413BFB6D35ADAF95771C",
  "Serilog.Sinks.Async.dll": "3A88F63117577FAEE41E9F3185FD5FCD",
  "Serilog.Sinks.Console.dll": "D717F51854628F4AF64A68E36A36F262",
  "Serilog.Sinks.File.dll": "AFC830E238DA1B6006D245A2D6519C74",
  "SharpDX.Direct3D11.dll": "008C9C17D249E850735561525EC8355A",
  "SharpDX.dll": "BFBE6CE67B7B9C4ED3634B42298988B0",
  "SharpDX.DXGI.dll": "49D50C2DA7198F9D95BB6DDE4F94EE3D",
  "SharpDX.Mathematics.dll": "E1A75CC0ED50B082C4CF6D28A78C7986",
  "SQLite-net.dll": "EAFBD7DE615B79880D7808963D050D0B",
  "SQLitePCLRaw.batteries_v2.dll": "5D0394B832661E6B94F4479D907248AA",
  "SQLitePCLRaw.core.dll": "6C2F92E674BBBB2C084EC49D0A783984",
  "SQLitePCLRaw.nativelibrary.dll": "BF7230562707F2BF9D1D8CBF63CEAF47",
  "SQLitePCLRaw.provider.dynamic_cdecl.dll": "9AAB206FAFD12001D2D9F9BF241157B0",
  "System.Reactive.dll": "EF5A00287AD15393D41B12AA4B726FF7",
  "System.Reflection.MetadataLoadContext.dll": "E88E3AF6D37736F339022C9ACC5F2F7B",
  "System.Security.Cryptography.Pkcs.dll": "8950E01996A37E808BE3F39063C37BF9",
  "TEMP_gitver.txt": "5756F42AF6F2D50A96FBE4CD7BF560CC",
  "TerraFX.Interop.Windows.dll": "84F7EF6B0DE91F8CC23F773D3FD6DEC0"
}
