{
  "runtimes\\alpine-x64\\native\\libe_sqlite3.so": "39C244FEDBCD3DFC37041D4FCE1AE21D",
  "runtimes\\linux-arm\\native\\libe_sqlite3.so": "96CF54BC0EFB83D6E3F5F3E04997A59D",
  "runtimes\\linux-arm64\\native\\libe_sqlite3.so": "F079E55E7F3F9966A4A2052A3234E068",
  "runtimes\\linux-armel\\native\\libe_sqlite3.so": "C5A67D49434FC65D64E9C15778078C76",
  "runtimes\\linux-mips64\\native\\libe_sqlite3.so": "5F8461214089CFC677D46C19B7162161",
  "runtimes\\linux-musl-x64\\native\\libe_sqlite3.so": "39C244FEDBCD3DFC37041D4FCE1AE21D",
  "runtimes\\linux-x64\\native\\libe_sqlite3.so": "6F49C540D3AB9964D67A4A704C3D262D",
  "runtimes\\linux-x86\\native\\libe_sqlite3.so": "5E0659B414CBD6DDC38C65582485853E",
  "runtimes\\osx-x64\\native\\libe_sqlite3.dylib": "F82AE134FCD1C080A69D775591406673",
  "runtimes\\win-arm\\native\\e_sqlite3.dll": "8A75CE3562AE3B9E32C56BA7D9F1B5A9",
  "runtimes\\win-arm64\\native\\e_sqlite3.dll": "3753E41ACB196899DA17842D19D506B5",
  "runtimes\\win-x64\\native\\e_sqlite3.dll": "E3C50B3D30FEA7DF04091BE82E5457F5",
  "runtimes\\win-x64\\native\\minhook.x64d.dll": "24C2CABD3AE42E0EBD447360E9E36CAB",
  "runtimes\\win-x86\\native\\e_sqlite3.dll": "F1E22806F69C59583D019ECC9A0F2DC1",
  "targets\\Dalamud.Plugin.Bootstrap.targets": "C85635161398CD9852CF7212DB7EB904",
  "targets\\Dalamud.Plugin.targets": "394EE2BEC70254F76ABBE2C33F62BBFA",
  "BitFaster.Caching.dll": "9B268C9F38E3682C15DEBA38FFD73383",
  "CheapLoc.dll": "C3150E7EE2DFF73EDED951B7959FDE90",
  "cimgui.dll": "1A127F111F73562936DAA1F9D2686DBE",
  "cimguizmo.dll": "AE75728BB083D65A7293AF14E4AFCC18",
  "cimplot.dll": "514D905DF27AB408DEF3A3B757F0D7A1",
  "commit_hash.txt": "BEAB5B74271414007C36B8D35A471410",
  "Dalamud.Bindings.ImGui.dll": "6BE95E168AEA720CC056B0485D6CC1B0",
  "Dalamud.Bindings.ImGuizmo.dll": "470ECEA083BB0B0594A668B757EA3257",
  "Dalamud.Bindings.ImPlot.dll": "D439D73BC00CCD04C69998EDB932E1FA",
  "Dalamud.Boot.dll": "DDADFC4D8A4764FF2BA2007BBD731348",
  "Dalamud.Common.dll": "08C68BC90038109B34F609CBD397EE7E",
  "Dalamud.deps.json": "CE06311F264E65744752550614C7F5EC",
  "Dalamud.dll": "C98C884DFDC713AFF8975AC88E017480",
  "Dalamud.Injector.deps.json": "C21972522E8133995B2C9562B3E39983",
  "Dalamud.Injector.dll": "E65708C8A4C8ECCDECB888C60F5BFBCD",
  "Dalamud.Injector.exe": "E61E820B140ACC585A67545B845109B8",
  "Dalamud.Injector.runtimeconfig.json": "439C534917CEF268A731631073E50FE4",
  "Dalamud.Injector.xml": "6730B8BB13078B71889B5A56C5DFAC6D",
  "Dalamud.runtimeconfig.json": "CA3935E9C6B9E3300F2D7171E4AF6335",
  "Dalamud.xml": "2595FBA6E54F4614F5022A2E503FE603",
  "DalamudCrashHandler.exe": "C0EA2CEAD7AA433E2DD50AEBA29C68F0",
  "FASM-LICENSE.TXT": "ECEA1D10811221D5F0A3E96F9C38E2C7",
  "FASM.DLL": "BC80015F98E5BD02A7DD7978C1C14820",
  "FASMX64.DLL": "13CF9065B80687841A746BD78514A893",
  "FFXIVClientStructs.dll": "882951F52380736047A35C634AD4D57D",
  "FFXIVClientStructs.xml": "047855CA97C93475EE69AA1561023FA3",
  "goatcorp.Reloaded.Assembler.targets": "CC22CB0A353E2136EE9E6E96DB9F7164",
  "HexaGen.Runtime.dll": "F781A3F9731112A61BDBAF1AE3E19979",
  "Iced.dll": "8170D432E066FCE26405FA49CE878E86",
  "ImGuiScene.dll": "806251650E9D4A2830953E5345907B36",
  "InteropGenerator.Runtime.dll": "324EFDF6B9EE95717F4C31A56CE88B59",
  "JetBrains.Annotations.dll": "AD414D2A144517D0B9E564F2D20571D9",
  "licenses.txt": "A159BE62AA91178EFC3E3983AE874D1D",
  "Lumina.dll": "43C1F6FD958AC89973EAA9883AD8CB62",
  "Lumina.Excel.dll": "0CC184A7564C120A2155F3DB64E36A34",
  "Lumina.Excel.xml": "0089FDC0BA0B16ED0696413305959999",
  "Microsoft.Extensions.ObjectPool.dll": "B0558CE087EAE95853E35579300F3A77",
  "MinSharp.dll": "192A2A27657B659E3129296F125D9980",
  "Mono.Cecil.dll": "346EB2DE77CF5A2C519FF3089685DB93",
  "Mono.Cecil.Mdb.dll": "8EA526C59D89BC92135309AA7BE6851C",
  "Mono.Cecil.Pdb.dll": "9A9F546F3F0187308C18353D38D56841",
  "Mono.Cecil.Rocks.dll": "8E60CE2D8B1E7777D7767904694ED188",
  "nethost.dll": "21F39F71E2F4B5BA9FB3F126872F2F9B",
  "Newtonsoft.Json.dll": "ADF3E3EECDE20B7C9661E9C47106A14A",
  "PeNet.Asn1.dll": "BEE220582DB50848978E01517DF59039",
  "PeNet.dll": "306654FE9DA92CEFC7D48231E55C4C11",
  "Reloaded.Assembler.dll": "D1A0D7C5438BF9BB98084983FF454903",
  "Reloaded.Hooks.Definitions.dll": "A808FE890CB3A5B02CE748D445E53440",
  "Reloaded.Hooks.dll": "60CBE2F2FA34B072B4BDA6EB0CE8B4E8",
  "Reloaded.Memory.Buffers.dll": "E6B9A0C4C790F0D2574CE6A4A0AD0838",
  "Reloaded.Memory.dll": "405D6052A2C1838F7E852CFC1D663E3C",
  "revision.txt": "70A32110FFF0F26D301E58EBBCA9CB9F",
  "Serilog.dll": "B6248FD3A7CC3F7BFE4B3273F9D8EF86",
  "Serilog.Sinks.Async.dll": "975563117914ABD3BAA20BCE9C1DC395",
  "Serilog.Sinks.Console.dll": "2AED97813D1298E74F8EC6D74BD5AFBB",
  "Serilog.Sinks.File.dll": "B22DA4C0003057D8C3CA9177270422FF",
  "SharpDX.Direct3D11.dll": "EC220274E52F91A9DBC391955B1C44E9",
  "SharpDX.dll": "4476C1F0B834D71FD2A2C4359369B9DE",
  "SharpDX.DXGI.dll": "AA74A66AADFF5E041B739325D2C0F870",
  "SharpDX.Mathematics.dll": "6C0B58C756BC4AE0CA20E45E98BB9FB9",
  "SQLite-net.dll": "93BE80E97F5814EF9DAF6C18FBC9D7DC",
  "SQLitePCLRaw.batteries_v2.dll": "EAADA41CFAB49DF3527E6C726785A86E",
  "SQLitePCLRaw.core.dll": "367BB6E85EF79A891936CFE9EDFD42F8",
  "SQLitePCLRaw.nativelibrary.dll": "AD7F87B184F9E04146DF637AAD6B43EA",
  "SQLitePCLRaw.provider.dynamic_cdecl.dll": "08BAE6EEE12729A3BB7696EA5A4A130D",
  "System.Reactive.dll": "EF5A00287AD15393D41B12AA4B726FF7",
  "System.Reflection.MetadataLoadContext.dll": "E88E3AF6D37736F339022C9ACC5F2F7B",
  "System.Security.Cryptography.Pkcs.dll": "8950E01996A37E808BE3F39063C37BF9",
  "TEMP_gitver.txt": "1FAC59432145B6F4C1EEA5B5843FD554",
  "TerraFX.Interop.Windows.dll": "84F7EF6B0DE91F8CC23F773D3FD6DEC0"
}
