{
  "runtimes\\alpine-x64\\native\\libe_sqlite3.so": "39C244FEDBCD3DFC37041D4FCE1AE21D",
  "runtimes\\linux-arm\\native\\libe_sqlite3.so": "96CF54BC0EFB83D6E3F5F3E04997A59D",
  "runtimes\\linux-arm64\\native\\libe_sqlite3.so": "F079E55E7F3F9966A4A2052A3234E068",
  "runtimes\\linux-armel\\native\\libe_sqlite3.so": "C5A67D49434FC65D64E9C15778078C76",
  "runtimes\\linux-mips64\\native\\libe_sqlite3.so": "5F8461214089CFC677D46C19B7162161",
  "runtimes\\linux-musl-x64\\native\\libe_sqlite3.so": "39C244FEDBCD3DFC37041D4FCE1AE21D",
  "runtimes\\linux-x64\\native\\libe_sqlite3.so": "6F49C540D3AB9964D67A4A704C3D262D",
  "runtimes\\linux-x86\\native\\libe_sqlite3.so": "5E0659B414CBD6DDC38C65582485853E",
  "runtimes\\osx-x64\\native\\libe_sqlite3.dylib": "F82AE134FCD1C080A69D775591406673",
  "runtimes\\win-arm\\native\\e_sqlite3.dll": "B04A8FBD0170D87DE9A05F8F23257465",
  "runtimes\\win-arm64\\native\\e_sqlite3.dll": "DBF967FA6A9E6FE2B87E8D7EE5324B4C",
  "runtimes\\win-x64\\native\\e_sqlite3.dll": "979434CE35C7EB48464E51734BEB1189",
  "runtimes\\win-x64\\native\\minhook.x64d.dll": "6F95AE0C0C5F666C6A6218E8F515F5B5",
  "runtimes\\win-x86\\native\\e_sqlite3.dll": "EBE216187865E83D232AC7DD747B05A2",
  "targets\\Dalamud.Plugin.Bootstrap.targets": "C85635161398CD9852CF7212DB7EB904",
  "targets\\Dalamud.Plugin.targets": "394EE2BEC70254F76ABBE2C33F62BBFA",
  "BitFaster.Caching.dll": "E2A6FA78E3C4A1667FE25E3299ECDF55",
  "CheapLoc.dll": "55DDD53956512E631E84FE65F1ACE2B0",
  "cimgui.dll": "A5A42EBE53DD1E67DC84D03DADCFC014",
  "cimguizmo.dll": "709A4BF3C84590FDC7B612321C94EF1F",
  "cimplot.dll": "D58F2AD0F7E6076409E0EF96E290334B",
  "commit_hash.txt": "3EE0A32EADB111E291006757C2B063D0",
  "Dalamud.Bindings.ImGui.dll": "A4AED58576362641C88A1EAADFEF1777",
  "Dalamud.Bindings.ImGuizmo.dll": "5E7052034B62CA8B0B0EDDB0D6D94752",
  "Dalamud.Bindings.ImPlot.dll": "A55CC42CA0BA42533B055ECD57E80956",
  "Dalamud.Boot.dll": "D821B28AC8AF0A3A49FD2FAB20EF64D9",
  "Dalamud.Common.dll": "88688A162F9A5F6BE1F535C991AD5C87",
  "Dalamud.deps.json": "02DC3950F9453D687F1FEF461A720160",
  "Dalamud.dll": "A7B2EB8CE2E079EB0A6CF2A267CF21CA",
  "Dalamud.Injector.deps.json": "C21972522E8133995B2C9562B3E39983",
  "Dalamud.Injector.dll": "283968F0857FCCC0FA8B12B5F04DB526",
  "Dalamud.Injector.exe": "073C5AB9E4CF4557227A664276154C21",
  "Dalamud.Injector.runtimeconfig.json": "439C534917CEF268A731631073E50FE4",
  "Dalamud.Injector.xml": "6730B8BB13078B71889B5A56C5DFAC6D",
  "Dalamud.runtimeconfig.json": "CA3935E9C6B9E3300F2D7171E4AF6335",
  "Dalamud.xml": "7B49390B8C2F55812A4E01CAEB536069",
  "DalamudCrashHandler.exe": "25A1F2630135DA3CC4DC61C3D279352E",
  "FASM-LICENSE.TXT": "ECEA1D10811221D5F0A3E96F9C38E2C7",
  "FASM.DLL": "1019E31CC0C8D6EED75E189435B2DED9",
  "FASMX64.DLL": "6D5E2C453EF8742E7435F7D99404F5FB",
  "FFXIVClientStructs.dll": "91F58A528F670FB5AC13CB70BC54F04A",
  "FFXIVClientStructs.xml": "E2E873BAC9C57DBDBBD74181D5971D73",
  "goatcorp.Reloaded.Assembler.targets": "CC22CB0A353E2136EE9E6E96DB9F7164",
  "HexaGen.Runtime.dll": "DAF539A3474591883C605D098AB9C6BA",
  "Iced.dll": "25F650EA5AE7D72DA4FB5246611DE740",
  "ImGuiScene.dll": "55063B60F221531C5CD0E865A90ECA84",
  "InteropGenerator.Runtime.dll": "49BB3BF6947D8DAF812452B8C8132BDA",
  "JetBrains.Annotations.dll": "1868578D455E691FA2A72F4B0DCCC8AF",
  "licenses.txt": "A159BE62AA91178EFC3E3983AE874D1D",
  "Lumina.dll": "6076974C76427BDCFCEF1A0EC2DF6291",
  "Lumina.Excel.dll": "42CF7DAD5258D9F5B56D1DFA13BCF643",
  "Lumina.Excel.xml": "0089FDC0BA0B16ED0696413305959999",
  "Microsoft.Extensions.ObjectPool.dll": "5510583E2B50BE953814615586673C33",
  "MinSharp.dll": "F7998829AE681E3F57E595B9E31C2111",
  "Mono.Cecil.dll": "BC25904A93A18E5404FE9265BBC0025A",
  "Mono.Cecil.Mdb.dll": "54065DCD13BAD126FC38AB4F5D769579",
  "Mono.Cecil.Pdb.dll": "5FE83B848C8EF969B58885DA79238F8A",
  "Mono.Cecil.Rocks.dll": "97F2A31C54AA685ADB7FC9BD3966FB85",
  "nethost.dll": "21F39F71E2F4B5BA9FB3F126872F2F9B",
  "Newtonsoft.Json.dll": "ADF3E3EECDE20B7C9661E9C47106A14A",
  "PeNet.Asn1.dll": "EFFC7F585B7C432F3F32C847BC15F787",
  "PeNet.dll": "9456EB85C87CD2F19EDB0D295950BE2D",
  "Reloaded.Assembler.dll": "006706039D3B3D1DE483AFE43AC40D75",
  "Reloaded.Hooks.Definitions.dll": "6FC2393E4DAAD19C4DD205F2CE42DAB5",
  "Reloaded.Hooks.dll": "4C3AEBA6A3FF54C6C736367E01F1FDBF",
  "Reloaded.Memory.Buffers.dll": "31D97574065031419615765A703ECAAC",
  "Reloaded.Memory.dll": "804B2DFD2D70B87D4715A699BDDBE4A2",
  "revision.txt": "D76D8DEEA9C19CC9AAF2237D2BF2F785",
  "Serilog.dll": "5BE6C4E309BF699F6EDA6F615078EEA6",
  "Serilog.Sinks.Async.dll": "0B6098E6DEDC749230642540C074845D",
  "Serilog.Sinks.Console.dll": "115E31E6A1ED7A99E087A4F7063F1F37",
  "Serilog.Sinks.File.dll": "E71D5D07DBE72B0FF2257DE535A43704",
  "SharpDX.Direct3D11.dll": "5B5B822F784AC03142CC302CFEBA4AAB",
  "SharpDX.dll": "3D1EBDA0E347EBC67640C799B3C1788D",
  "SharpDX.DXGI.dll": "7A45F941DA43A32B25EA9E2D10B50543",
  "SharpDX.Mathematics.dll": "C31441171E91711CFA183660A09D222C",
  "SQLite-net.dll": "4A5DF26DB9410230E3B6CD436D5E7667",
  "SQLitePCLRaw.batteries_v2.dll": "6E2B45B2C425D572F03D6030F86D411D",
  "SQLitePCLRaw.core.dll": "1F517117D2FEC01F637DC34625752378",
  "SQLitePCLRaw.nativelibrary.dll": "4099D98EDDCBAC70F1A351285373F33E",
  "SQLitePCLRaw.provider.dynamic_cdecl.dll": "D4377F63DE30C15E5301A20520C99BBB",
  "System.Reactive.dll": "EF5A00287AD15393D41B12AA4B726FF7",
  "System.Reflection.MetadataLoadContext.dll": "E88E3AF6D37736F339022C9ACC5F2F7B",
  "System.Security.Cryptography.Pkcs.dll": "8950E01996A37E808BE3F39063C37BF9",
  "TEMP_gitver.txt": "335B51BE865DCB039B4C105357256771",
  "TerraFX.Interop.Windows.dll": "84F7EF6B0DE91F8CC23F773D3FD6DEC0"
}
