{
  "runtimes\\alpine-x64\\native\\libe_sqlite3.so": "39C244FEDBCD3DFC37041D4FCE1AE21D",
  "runtimes\\linux-arm\\native\\libe_sqlite3.so": "96CF54BC0EFB83D6E3F5F3E04997A59D",
  "runtimes\\linux-arm64\\native\\libe_sqlite3.so": "F079E55E7F3F9966A4A2052A3234E068",
  "runtimes\\linux-armel\\native\\libe_sqlite3.so": "C5A67D49434FC65D64E9C15778078C76",
  "runtimes\\linux-mips64\\native\\libe_sqlite3.so": "5F8461214089CFC677D46C19B7162161",
  "runtimes\\linux-musl-x64\\native\\libe_sqlite3.so": "39C244FEDBCD3DFC37041D4FCE1AE21D",
  "runtimes\\linux-x64\\native\\libe_sqlite3.so": "6F49C540D3AB9964D67A4A704C3D262D",
  "runtimes\\linux-x86\\native\\libe_sqlite3.so": "5E0659B414CBD6DDC38C65582485853E",
  "runtimes\\osx-x64\\native\\libe_sqlite3.dylib": "F82AE134FCD1C080A69D775591406673",
  "runtimes\\win-arm\\native\\e_sqlite3.dll": "2F04E030D5BF29936028D623D81D20A3",
  "runtimes\\win-arm64\\native\\e_sqlite3.dll": "76595026357CFA0CB42F8EECA6DDD25D",
  "runtimes\\win-x64\\native\\e_sqlite3.dll": "E32CFE6F5FB7B25465EB9AEEAE4DABCF",
  "runtimes\\win-x64\\native\\minhook.x64d.dll": "32E5103691DFB282DDD6BD9B76785754",
  "runtimes\\win-x86\\native\\e_sqlite3.dll": "70BEDE0A9E5D9B06706A5622DEBC9FA4",
  "targets\\Dalamud.Plugin.Bootstrap.targets": "C85635161398CD9852CF7212DB7EB904",
  "targets\\Dalamud.Plugin.targets": "394EE2BEC70254F76ABBE2C33F62BBFA",
  "BitFaster.Caching.dll": "592652F4B86203261A6324F93ED2995D",
  "CheapLoc.dll": "DE279021DFE7B7DB5C82CF65BB62833C",
  "cimgui.dll": "5E7824B67670E099A0D14E0E41422011",
  "cimguizmo.dll": "C650EA49F992535AB905E724C23E83CD",
  "cimplot.dll": "55E2A55EEF42396B636DAA330D3AA79F",
  "commit_hash.txt": "5573CE0536C1A40C5D650B20C40E7009",
  "Dalamud.Bindings.ImGui.dll": "E799E4A4759C410989AF95E6A7B141DA",
  "Dalamud.Bindings.ImGuizmo.dll": "4B88C53C4B6C609F4D71C3A085936C5E",
  "Dalamud.Bindings.ImPlot.dll": "0856EB3EE7DEECAF1899C1B321D44D9B",
  "Dalamud.Boot.dll": "769E851DA36299968F8D43E25DE726BE",
  "Dalamud.Common.dll": "86027B8D8196930F289A3C086848DDB2",
  "Dalamud.deps.json": "79BDBCCC247E0B4A1081612A7BAA4D2E",
  "Dalamud.dll": "EADE38D0451EF9318E721FB58F8B6493",
  "Dalamud.Injector.deps.json": "C21972522E8133995B2C9562B3E39983",
  "Dalamud.Injector.dll": "703A4C3030852FF3D08DC9C28DDB30DD",
  "Dalamud.Injector.exe": "10B4736C6E41C083648C99AC3E74C6C8",
  "Dalamud.Injector.runtimeconfig.json": "439C534917CEF268A731631073E50FE4",
  "Dalamud.Injector.xml": "6730B8BB13078B71889B5A56C5DFAC6D",
  "Dalamud.runtimeconfig.json": "CA3935E9C6B9E3300F2D7171E4AF6335",
  "Dalamud.xml": "2595FBA6E54F4614F5022A2E503FE603",
  "DalamudCrashHandler.exe": "931E477B3DFA55375A48F91D4CC0F5F6",
  "FASM-LICENSE.TXT": "ECEA1D10811221D5F0A3E96F9C38E2C7",
  "FASM.DLL": "DCE3C6DFFCBF73355478877E720B63F7",
  "FASMX64.DLL": "480A16ED102AF9CC9A1FAC95272E027D",
  "FFXIVClientStructs.dll": "08447E96DB3D88462E24FE18E179A15F",
  "FFXIVClientStructs.xml": "BE4ECABB016C81649773E2833451CA60",
  "goatcorp.Reloaded.Assembler.targets": "CC22CB0A353E2136EE9E6E96DB9F7164",
  "HexaGen.Runtime.dll": "2196BAEB289BABBFDD5A7A59AE79A53D",
  "Iced.dll": "6C6E355DE551512A4EC35014BE0E85EC",
  "ImGuiScene.dll": "C3895CE0F1BBADF3EB61FCB8509026B1",
  "InteropGenerator.Runtime.dll": "19482057291B8F0DA2FB7B48E58CF4D4",
  "JetBrains.Annotations.dll": "DC774785DA9AB64769B43BBD0A218B6A",
  "licenses.txt": "A159BE62AA91178EFC3E3983AE874D1D",
  "Lumina.dll": "BD433CF40511F98EBF20C1DA5875A198",
  "Lumina.Excel.dll": "A45759EA4708146B86AD1788707E8B71",
  "Lumina.Excel.xml": "0089FDC0BA0B16ED0696413305959999",
  "Microsoft.Extensions.ObjectPool.dll": "B0558CE087EAE95853E35579300F3A77",
  "MinSharp.dll": "CFDB5CDC64DD081166B5A22107FF78C0",
  "Mono.Cecil.dll": "F58973CE5698B00B5D34AC423F0873C6",
  "Mono.Cecil.Mdb.dll": "33D16AA825E6217ACC1569B88DFA1C1D",
  "Mono.Cecil.Pdb.dll": "94F2C9558534443E2AAE6483A9632CE0",
  "Mono.Cecil.Rocks.dll": "5E06F879EDD281332794933AD4A2DAEF",
  "nethost.dll": "21F39F71E2F4B5BA9FB3F126872F2F9B",
  "Newtonsoft.Json.dll": "ADF3E3EECDE20B7C9661E9C47106A14A",
  "PeNet.Asn1.dll": "578ADB6621F43660283FE5D84D6FAA3E",
  "PeNet.dll": "D578F5A4FC029808CE1DA5034DE1A149",
  "Reloaded.Assembler.dll": "62E181F82885189A543BF9A400D737FF",
  "Reloaded.Hooks.Definitions.dll": "F53B9FBE6F885CDA038167E4866865DF",
  "Reloaded.Hooks.dll": "55ADE9EDA7CC4E0013C2D0332AB10856",
  "Reloaded.Memory.Buffers.dll": "CCA4653C2C005D22FACA031D59974F81",
  "Reloaded.Memory.dll": "A1F44644235C4A5AA780919FC23E0437",
  "revision.txt": "F4661398CB1A3ABD3FFE58600BF11322",
  "Serilog.dll": "FD2E3A1C042D3F40B6E048B59F12CA08",
  "Serilog.Sinks.Async.dll": "E384CCE9235E8387BDE7AC28F777D07C",
  "Serilog.Sinks.Console.dll": "9F2FACA22B37E623CAD20B3A8FB0E470",
  "Serilog.Sinks.File.dll": "510C71A5F6AB18E4255581D0010FEB57",
  "SharpDX.Direct3D11.dll": "8E8575769EE370B85E21E6468FFA8A40",
  "SharpDX.dll": "FD11C342FCED39AF760A2C9AB3357A9A",
  "SharpDX.DXGI.dll": "F4A5C93EF5E2002811CDF11C252C1CCC",
  "SharpDX.Mathematics.dll": "6F3CF06C2C873E8FC9D2D9A4D5B4C755",
  "SQLite-net.dll": "9394393CB8A78B448DA81269D9382D75",
  "SQLitePCLRaw.batteries_v2.dll": "593B31CB2C69368B4DBEB401F0CF6057",
  "SQLitePCLRaw.core.dll": "274C65EEFA6CB0739FCBC15F8CCAD1E5",
  "SQLitePCLRaw.nativelibrary.dll": "6CD5FFD79D493F597377447BA6BDD89E",
  "SQLitePCLRaw.provider.dynamic_cdecl.dll": "E67C4F82573D76189F4C76F2810FF56E",
  "System.Reactive.dll": "EF5A00287AD15393D41B12AA4B726FF7",
  "System.Reflection.MetadataLoadContext.dll": "E88E3AF6D37736F339022C9ACC5F2F7B",
  "System.Security.Cryptography.Pkcs.dll": "8950E01996A37E808BE3F39063C37BF9",
  "TEMP_gitver.txt": "9212225632F8E28A97D88AA8D146F62F",
  "TerraFX.Interop.Windows.dll": "84F7EF6B0DE91F8CC23F773D3FD6DEC0"
}
