{
  "runtimes\\alpine-x64\\native\\libe_sqlite3.so": "39C244FEDBCD3DFC37041D4FCE1AE21D",
  "runtimes\\linux-arm\\native\\libe_sqlite3.so": "96CF54BC0EFB83D6E3F5F3E04997A59D",
  "runtimes\\linux-arm64\\native\\libe_sqlite3.so": "F079E55E7F3F9966A4A2052A3234E068",
  "runtimes\\linux-armel\\native\\libe_sqlite3.so": "C5A67D49434FC65D64E9C15778078C76",
  "runtimes\\linux-mips64\\native\\libe_sqlite3.so": "5F8461214089CFC677D46C19B7162161",
  "runtimes\\linux-musl-x64\\native\\libe_sqlite3.so": "39C244FEDBCD3DFC37041D4FCE1AE21D",
  "runtimes\\linux-x64\\native\\libe_sqlite3.so": "6F49C540D3AB9964D67A4A704C3D262D",
  "runtimes\\linux-x86\\native\\libe_sqlite3.so": "5E0659B414CBD6DDC38C65582485853E",
  "runtimes\\osx-x64\\native\\libe_sqlite3.dylib": "F82AE134FCD1C080A69D775591406673",
  "runtimes\\win-arm\\native\\e_sqlite3.dll": "0445D98599C4F0C2669FD755B6C9E16B",
  "runtimes\\win-arm64\\native\\e_sqlite3.dll": "03EC2AD6D17F1E46BAA7698CD882EC3A",
  "runtimes\\win-x64\\native\\e_sqlite3.dll": "490301EDA231AA007BCDEADE8B119896",
  "runtimes\\win-x64\\native\\minhook.x64d.dll": "854CBBC5E76D3A142FF482E11ABDC193",
  "runtimes\\win-x86\\native\\e_sqlite3.dll": "3AF1AB1D64FE7677E1BD09B69D59D279",
  "targets\\Dalamud.Plugin.Bootstrap.targets": "C85635161398CD9852CF7212DB7EB904",
  "targets\\Dalamud.Plugin.targets": "394EE2BEC70254F76ABBE2C33F62BBFA",
  "BitFaster.Caching.dll": "82F156A57154F2BEF70203F6A53E4413",
  "CheapLoc.dll": "BE3EFCA0FF2E969DE48449B6AF177B6E",
  "cimgui.dll": "A126C078856543FB55EE98E98BDC3B5E",
  "cimguizmo.dll": "9133F9371143E80D02168FF7B4A3C504",
  "cimplot.dll": "651664212CE65FB04C7DDA0A9D83461F",
  "commit_hash.txt": "0D895537B2828617BC4C147EC7A20F2B",
  "Dalamud.Bindings.ImGui.dll": "9F9DEE08F2950FA63636E029CC7BB8BA",
  "Dalamud.Bindings.ImGuizmo.dll": "2F3FBC9FD27F3D77BBC01B715AF8FF3B",
  "Dalamud.Bindings.ImPlot.dll": "08FB915FD2F162B927900A3BD5A06DD1",
  "Dalamud.Boot.dll": "29E61E6A87AFB6F33A0D5093FC607111",
  "Dalamud.Common.dll": "791C84C007BB63DE253449E493C5D751",
  "Dalamud.deps.json": "3D9489E45903682BBF7E4B5788F5BF9D",
  "Dalamud.dll": "EAF7615223546B885A86A1B6B289984F",
  "Dalamud.Injector.deps.json": "C21972522E8133995B2C9562B3E39983",
  "Dalamud.Injector.dll": "E0D44974FE466B4341B494771398815D",
  "Dalamud.Injector.exe": "FA65F773F6EE46D628464A3B57F2BB38",
  "Dalamud.Injector.runtimeconfig.json": "439C534917CEF268A731631073E50FE4",
  "Dalamud.Injector.xml": "6730B8BB13078B71889B5A56C5DFAC6D",
  "Dalamud.runtimeconfig.json": "CA3935E9C6B9E3300F2D7171E4AF6335",
  "Dalamud.xml": "2595FBA6E54F4614F5022A2E503FE603",
  "DalamudCrashHandler.exe": "24008783715F13DB1A1AFB60AB2DD618",
  "FASM-LICENSE.TXT": "ECEA1D10811221D5F0A3E96F9C38E2C7",
  "FASM.DLL": "A94B053C754BC3DA4D7FBC11B67B3C31",
  "FASMX64.DLL": "23B1A9A579EF4BBD578B40F891E8D0A2",
  "FFXIVClientStructs.dll": "967F686C223A32565D635FC0FD94E2D4",
  "FFXIVClientStructs.xml": "EF0ADB906B9A9A325A0F26AEB7851DB9",
  "goatcorp.Reloaded.Assembler.targets": "CC22CB0A353E2136EE9E6E96DB9F7164",
  "HexaGen.Runtime.dll": "AE281E0E0875280422FA63CB1A95C2DF",
  "Iced.dll": "7C872898E33608824EB3B963029E9FB7",
  "ImGuiScene.dll": "D99EEC58414D552E831758249BA077F2",
  "InteropGenerator.Runtime.dll": "7014AFFABEDF7E068EC19C836047FA02",
  "JetBrains.Annotations.dll": "383167EDCE33B32BA4DAFF89D69960B0",
  "licenses.txt": "A159BE62AA91178EFC3E3983AE874D1D",
  "Lumina.dll": "55665B51A4E9BDD5556FB19949A7996F",
  "Lumina.Excel.dll": "5247E84F54D45EB56E36CBE097CE14D7",
  "Lumina.Excel.xml": "0089FDC0BA0B16ED0696413305959999",
  "Microsoft.Extensions.ObjectPool.dll": "B0558CE087EAE95853E35579300F3A77",
  "MinSharp.dll": "A245902A76A42BF3DA1B101B5D0FB08A",
  "Mono.Cecil.dll": "56C535A4D53C74EF6F92AC6109C36019",
  "Mono.Cecil.Mdb.dll": "A4B78D340CE570242527127F827506AD",
  "Mono.Cecil.Pdb.dll": "306A7288C1C7F37D6AB01E2A22AD11B4",
  "Mono.Cecil.Rocks.dll": "9D1C7363C01E866EFAEDB744740CCBF0",
  "nethost.dll": "21F39F71E2F4B5BA9FB3F126872F2F9B",
  "Newtonsoft.Json.dll": "ADF3E3EECDE20B7C9661E9C47106A14A",
  "PeNet.Asn1.dll": "B6C19A25A911A938D0FBB07928D4C378",
  "PeNet.dll": "A3A44108DEB14CED6608D82759617675",
  "Reloaded.Assembler.dll": "18E1C7E211DF59ABCC3847CF7E78C541",
  "Reloaded.Hooks.Definitions.dll": "9AF8ECBE614AE335C36F57F74C9D13BB",
  "Reloaded.Hooks.dll": "5600C248B535F8DAAF04A3D42F7414A0",
  "Reloaded.Memory.Buffers.dll": "270074BCB39CF6176592898ECE175FBE",
  "Reloaded.Memory.dll": "682EF4D2D2A53AED86021FA303097445",
  "revision.txt": "F9FD5EC4C141A95257AA99EF1B590672",
  "Serilog.dll": "977106C64C3A1E033670AD29C661A05C",
  "Serilog.Sinks.Async.dll": "7F028189BA2AAAF92B151CEB959CB18E",
  "Serilog.Sinks.Console.dll": "A36A580594B8A566F9B085D7E5CF31AC",
  "Serilog.Sinks.File.dll": "FCF5B555C7EE0CB992038BBBFFAEB13B",
  "SharpDX.Direct3D11.dll": "83FE741F72F17DB56D6B1A426F67339F",
  "SharpDX.dll": "FDE69A042463951C36ECA16835CA9BE1",
  "SharpDX.DXGI.dll": "270E4F3717D18F738A3961DF07B20A84",
  "SharpDX.Mathematics.dll": "53E513057F1EB03EB561CA734B9C1386",
  "SQLite-net.dll": "C0FE756E044F3AEA18B966A3C9A49030",
  "SQLitePCLRaw.batteries_v2.dll": "F3C4EFCBB959C5DEB70D577C67689E97",
  "SQLitePCLRaw.core.dll": "72A0CBC46E70F7EC4FA1923B4A861909",
  "SQLitePCLRaw.nativelibrary.dll": "8859FC99AF64447EA1D1182945E8B5A1",
  "SQLitePCLRaw.provider.dynamic_cdecl.dll": "FF3555F6B74F0942B1B9FDD77AF7765F",
  "System.Reactive.dll": "EF5A00287AD15393D41B12AA4B726FF7",
  "System.Reflection.MetadataLoadContext.dll": "E88E3AF6D37736F339022C9ACC5F2F7B",
  "System.Security.Cryptography.Pkcs.dll": "8950E01996A37E808BE3F39063C37BF9",
  "TEMP_gitver.txt": "19EF3DE716D1342A54E65EDEB7639CCB",
  "TerraFX.Interop.Windows.dll": "84F7EF6B0DE91F8CC23F773D3FD6DEC0"
}
