{
  "runtimes\\alpine-x64\\native\\libe_sqlite3.so": "39C244FEDBCD3DFC37041D4FCE1AE21D",
  "runtimes\\linux-arm\\native\\libe_sqlite3.so": "96CF54BC0EFB83D6E3F5F3E04997A59D",
  "runtimes\\linux-arm64\\native\\libe_sqlite3.so": "F079E55E7F3F9966A4A2052A3234E068",
  "runtimes\\linux-armel\\native\\libe_sqlite3.so": "C5A67D49434FC65D64E9C15778078C76",
  "runtimes\\linux-mips64\\native\\libe_sqlite3.so": "5F8461214089CFC677D46C19B7162161",
  "runtimes\\linux-musl-x64\\native\\libe_sqlite3.so": "39C244FEDBCD3DFC37041D4FCE1AE21D",
  "runtimes\\linux-x64\\native\\libe_sqlite3.so": "6F49C540D3AB9964D67A4A704C3D262D",
  "runtimes\\linux-x86\\native\\libe_sqlite3.so": "5E0659B414CBD6DDC38C65582485853E",
  "runtimes\\osx-x64\\native\\libe_sqlite3.dylib": "F82AE134FCD1C080A69D775591406673",
  "runtimes\\win-arm\\native\\e_sqlite3.dll": "2C75A60EC3AC2265113F1FC6BCD75089",
  "runtimes\\win-arm64\\native\\e_sqlite3.dll": "6E64D9C1CC2D3EF993F929C7E2F86E2D",
  "runtimes\\win-x64\\native\\e_sqlite3.dll": "705C0A4AE0534BA6985CCA4767B2FA77",
  "runtimes\\win-x64\\native\\minhook.x64d.dll": "F52BC4D11411529C88674EA6E9D03934",
  "runtimes\\win-x86\\native\\e_sqlite3.dll": "70E83BE4E561EB09B3A1264940E50510",
  "targets\\Dalamud.Plugin.Bootstrap.targets": "C85635161398CD9852CF7212DB7EB904",
  "targets\\Dalamud.Plugin.targets": "394EE2BEC70254F76ABBE2C33F62BBFA",
  "BitFaster.Caching.dll": "EA0B4E0EA0DD7092444C5CB86A2A4195",
  "CheapLoc.dll": "4E09682357DA737799487434B05CECD6",
  "cimgui.dll": "637CB2266A1F6DA9D82F3027F404A992",
  "cimguizmo.dll": "265AC026D4A0506FCFFDFE52614F8008",
  "cimplot.dll": "AFADD26621DFA2AB6A911BF81BCE5DDC",
  "commit_hash.txt": "6F93EAAB6F9983920BB19A48AE3F4AC6",
  "Dalamud.Bindings.ImGui.dll": "69CFDB77DA33E3B954ACC5958103BB1C",
  "Dalamud.Bindings.ImGuizmo.dll": "01D3530279B935884B8DA77E4A4027CE",
  "Dalamud.Bindings.ImPlot.dll": "B4CD202D70C250B33B1D148816D90E4C",
  "Dalamud.Boot.dll": "CDBF20267510349983F319DDB0622F19",
  "Dalamud.Common.dll": "4688A942366C3948CF671DEEF473B7BE",
  "Dalamud.deps.json": "DFE0B58BABE89004FE464E8C939CA90F",
  "Dalamud.dll": "C830D7A0A77722CE2C27148793AB2294",
  "Dalamud.Injector.deps.json": "C21972522E8133995B2C9562B3E39983",
  "Dalamud.Injector.dll": "FF7B4BDCE8FB888053388C0180910E37",
  "Dalamud.Injector.exe": "771D20FA9130712DB091253CB2D9B7D1",
  "Dalamud.Injector.runtimeconfig.json": "439C534917CEF268A731631073E50FE4",
  "Dalamud.Injector.xml": "6730B8BB13078B71889B5A56C5DFAC6D",
  "Dalamud.runtimeconfig.json": "CA3935E9C6B9E3300F2D7171E4AF6335",
  "Dalamud.xml": "7C59386E21AD57298F8068798F52D1A4",
  "DalamudCrashHandler.exe": "B9FF70453C0B8301236408655623F4B4",
  "FASM-LICENSE.TXT": "ECEA1D10811221D5F0A3E96F9C38E2C7",
  "FASM.DLL": "EC4371BBCD3BE19BA6E1093A5C87345F",
  "FASMX64.DLL": "28A5FA5D001FC9EBE17CFD21E87BC4BD",
  "FFXIVClientStructs.dll": "41A7D3CD5D7F7EF756F70AC940270BBB",
  "FFXIVClientStructs.xml": "411963B3F2ECD855A802A797A51A859F",
  "goatcorp.Reloaded.Assembler.targets": "CC22CB0A353E2136EE9E6E96DB9F7164",
  "HexaGen.Runtime.dll": "79C2A617CF3430181B417DC42A31E3E7",
  "Iced.dll": "93D2DFDC795034A803E36F5E74539CBD",
  "ImGuiScene.dll": "4FA8347493B5CB6A66CE317AF6771188",
  "InteropGenerator.Runtime.dll": "3F0A98F882C649796E67F5647A3F31B0",
  "JetBrains.Annotations.dll": "77D40002C069BE090B4FC9E30FB06915",
  "licenses.txt": "A159BE62AA91178EFC3E3983AE874D1D",
  "Lumina.dll": "FDCC9C8D6331D8AEA2A53EE526752E6C",
  "Lumina.Excel.dll": "9C5D5BE7F28A82D4D1E9E6ED7362F2E6",
  "Lumina.Excel.xml": "0089FDC0BA0B16ED0696413305959999",
  "Microsoft.Extensions.ObjectPool.dll": "B0558CE087EAE95853E35579300F3A77",
  "MinSharp.dll": "836441DCE32C35DF08BA08F51BC8FB11",
  "Mono.Cecil.dll": "98B273BE514C216F508C03E873C73662",
  "Mono.Cecil.Mdb.dll": "99D4B65EAE3F78510B275F51CDB25523",
  "Mono.Cecil.Pdb.dll": "0C0FBEE00EE58687A8A0CBD77F7275AA",
  "Mono.Cecil.Rocks.dll": "B9146163DE00923D12CB0466E73B3350",
  "nethost.dll": "21F39F71E2F4B5BA9FB3F126872F2F9B",
  "Newtonsoft.Json.dll": "ADF3E3EECDE20B7C9661E9C47106A14A",
  "PeNet.Asn1.dll": "4D6797A9FCCCB15DB4AA90BE3E9BA06D",
  "PeNet.dll": "241DC683319F21DE676EE450669F952B",
  "Reloaded.Assembler.dll": "6885E2AEB8F90870858DA063F21AF263",
  "Reloaded.Hooks.Definitions.dll": "4E2DBC04FDB08CFCC1740B24D29337B4",
  "Reloaded.Hooks.dll": "98764567D6AF52F8D6A46931D1004111",
  "Reloaded.Memory.Buffers.dll": "CBC80D80E7CD1D8752A49DC1F7608429",
  "Reloaded.Memory.dll": "7BAF41C3B47C7A6A8DD7174B48174763",
  "revision.txt": "0A54B19A13B6712DC04D1B49215423D8",
  "Serilog.dll": "48C929BFDA4403D128F91DF210E9E584",
  "Serilog.Sinks.Async.dll": "5643C8012CDD89F3BFF2A869985519A1",
  "Serilog.Sinks.Console.dll": "B247A5C69D09407FB4AB24E5013F67A9",
  "Serilog.Sinks.File.dll": "CA278ADF99D98C9DB3F8E97781DEB775",
  "SharpDX.Direct3D11.dll": "C99AD3D8D242ED37A33EF578092DA58F",
  "SharpDX.dll": "58B15A4D8039A59C4C6304B885BF3C13",
  "SharpDX.DXGI.dll": "541C1CFEBAE90244FAADE44039A93B32",
  "SharpDX.Mathematics.dll": "CAD44435988921DB66BDD0D1E4C659AC",
  "SQLite-net.dll": "066BFC9C3065CB110A34C5AA8C7B8893",
  "SQLitePCLRaw.batteries_v2.dll": "0105F96BD897C8AF139D484897C29820",
  "SQLitePCLRaw.core.dll": "8CBF8082CC711EC64FA96FF8DC4F4B00",
  "SQLitePCLRaw.nativelibrary.dll": "9785D559CB3C508CCB4220AF8A547DCD",
  "SQLitePCLRaw.provider.dynamic_cdecl.dll": "8306C55FCFB89E527A37160A7A55D702",
  "System.Reactive.dll": "EF5A00287AD15393D41B12AA4B726FF7",
  "System.Reflection.MetadataLoadContext.dll": "E88E3AF6D37736F339022C9ACC5F2F7B",
  "System.Security.Cryptography.Pkcs.dll": "8950E01996A37E808BE3F39063C37BF9",
  "TEMP_gitver.txt": "827D1E9BBB87DE5C594EDFAF4D73542D",
  "TerraFX.Interop.Windows.dll": "84F7EF6B0DE91F8CC23F773D3FD6DEC0"
}
