{
  "runtimes\\alpine-x64\\native\\libe_sqlite3.so": "39C244FEDBCD3DFC37041D4FCE1AE21D",
  "runtimes\\linux-arm\\native\\libe_sqlite3.so": "96CF54BC0EFB83D6E3F5F3E04997A59D",
  "runtimes\\linux-arm64\\native\\libe_sqlite3.so": "F079E55E7F3F9966A4A2052A3234E068",
  "runtimes\\linux-armel\\native\\libe_sqlite3.so": "C5A67D49434FC65D64E9C15778078C76",
  "runtimes\\linux-mips64\\native\\libe_sqlite3.so": "5F8461214089CFC677D46C19B7162161",
  "runtimes\\linux-musl-x64\\native\\libe_sqlite3.so": "39C244FEDBCD3DFC37041D4FCE1AE21D",
  "runtimes\\linux-x64\\native\\libe_sqlite3.so": "6F49C540D3AB9964D67A4A704C3D262D",
  "runtimes\\linux-x86\\native\\libe_sqlite3.so": "5E0659B414CBD6DDC38C65582485853E",
  "runtimes\\osx-x64\\native\\libe_sqlite3.dylib": "F82AE134FCD1C080A69D775591406673",
  "runtimes\\win-arm\\native\\e_sqlite3.dll": "C5973F3D06052E3ED464BC223F8621D3",
  "runtimes\\win-arm64\\native\\e_sqlite3.dll": "72F78361B5D5AA51CBF55F49334DAFA5",
  "runtimes\\win-x64\\native\\e_sqlite3.dll": "367F4BFB8808D936B6227C28361350CF",
  "runtimes\\win-x64\\native\\minhook.x64d.dll": "DF9044E5F41DDCFB196A8097CEB54FE3",
  "runtimes\\win-x86\\native\\e_sqlite3.dll": "37BFA961BE24000001EE91AE3E5C7300",
  "targets\\Dalamud.Plugin.Bootstrap.targets": "C85635161398CD9852CF7212DB7EB904",
  "targets\\Dalamud.Plugin.targets": "394EE2BEC70254F76ABBE2C33F62BBFA",
  "BitFaster.Caching.dll": "6FD3A933F5AFB09A4539519AA0605D62",
  "CheapLoc.dll": "6A7F478CFD317D8179BB34A0121134B3",
  "cimgui.dll": "67F26034F422E2C742E3200F691DAD11",
  "cimguizmo.dll": "F25EDB5B410793358512C609DF6BDDA0",
  "cimplot.dll": "CCC50E1732EB65B2310D9F52F559B667",
  "commit_hash.txt": "7D7A458A037AB03CDA7B5112D6EC71DE",
  "Dalamud.Bindings.ImGui.dll": "1CA81D7E62625EC3C536815A0A0B2BED",
  "Dalamud.Bindings.ImGuizmo.dll": "D8A8AD84FE1B8259178526EFB94E8EC3",
  "Dalamud.Bindings.ImPlot.dll": "94CDB75740414A91A463B0AA632CB236",
  "Dalamud.Boot.dll": "36DE7A99205B94561A4CDB9F83AB693B",
  "Dalamud.Common.dll": "5272F6111959FD0552A3DDEAA0BC41EC",
  "Dalamud.deps.json": "DBB013EF5ABAD5D85319900FD6286E03",
  "Dalamud.dll": "D3CE8127480257947B94880A59769F13",
  "Dalamud.Injector.deps.json": "C21972522E8133995B2C9562B3E39983",
  "Dalamud.Injector.dll": "C58A7ED4C87A34084BF0159640CDED76",
  "Dalamud.Injector.exe": "7750E69F50946702BDF63CAC13167CA5",
  "Dalamud.Injector.runtimeconfig.json": "439C534917CEF268A731631073E50FE4",
  "Dalamud.Injector.xml": "6730B8BB13078B71889B5A56C5DFAC6D",
  "Dalamud.runtimeconfig.json": "CA3935E9C6B9E3300F2D7171E4AF6335",
  "Dalamud.xml": "9E27F867E16886DA24E20FA4B58BEF16",
  "DalamudCrashHandler.exe": "D44296F0B3956FB3390935B9FE530C50",
  "FASM-LICENSE.TXT": "ECEA1D10811221D5F0A3E96F9C38E2C7",
  "FASM.DLL": "884FE71A85582CEBEB90314A648E4A97",
  "FASMX64.DLL": "3B6E56F6BF42C0561DEB2662A64001E6",
  "FFXIVClientStructs.dll": "183DB78B9F4A37855D7BFCB9D0D98084",
  "FFXIVClientStructs.xml": "10D39DF040B314493A92DE1F81DDBF76",
  "goatcorp.Reloaded.Assembler.targets": "CC22CB0A353E2136EE9E6E96DB9F7164",
  "HexaGen.Runtime.dll": "807F5E274FC4A77FA543E484A11539D0",
  "Iced.dll": "051D49E2D9F81D1DB909972ABFA28A84",
  "ImGuiScene.dll": "360A1833781EA1D71DF260B3E8D76192",
  "InteropGenerator.Runtime.dll": "D5594359B19BCC40610829C20E1E6D08",
  "JetBrains.Annotations.dll": "BC1BC552EAB7C230DF3648BDEA4E47CC",
  "licenses.txt": "A159BE62AA91178EFC3E3983AE874D1D",
  "Lumina.dll": "D7674C7E86284CED25AF95A31520AEE4",
  "Lumina.Excel.dll": "8625605C3AC2F93A2DC50CC5C4948723",
  "Lumina.Excel.xml": "0089FDC0BA0B16ED0696413305959999",
  "Microsoft.Extensions.ObjectPool.dll": "B0558CE087EAE95853E35579300F3A77",
  "MinSharp.dll": "9CB42A8896C1082AFC0954A1AF25374A",
  "Mono.Cecil.dll": "849DC8B566530E54A9D8FB3C107CEA88",
  "Mono.Cecil.Mdb.dll": "19189161D6806E872E44360088B03F16",
  "Mono.Cecil.Pdb.dll": "135D14F0EBD71B7CE6AD76D667A10C27",
  "Mono.Cecil.Rocks.dll": "FA0959FB1F2DAF19E6CE4A521587654D",
  "nethost.dll": "21F39F71E2F4B5BA9FB3F126872F2F9B",
  "Newtonsoft.Json.dll": "ADF3E3EECDE20B7C9661E9C47106A14A",
  "PeNet.Asn1.dll": "E9DE30FD36349E325A25C4DC608F7877",
  "PeNet.dll": "2292A25CC2BE704D93E5D340CD03EEFE",
  "Reloaded.Assembler.dll": "E1B0A67D76FEAC7EEE4584C048AAEC4D",
  "Reloaded.Hooks.Definitions.dll": "69F2776BA6154793DE48C3918F017FA8",
  "Reloaded.Hooks.dll": "36156494B06629B26EEFD17CCD23C532",
  "Reloaded.Memory.Buffers.dll": "F481B4AFE2BA805425326C220D04A285",
  "Reloaded.Memory.dll": "D6D987FFA9B01FC239CB27EEB23C5730",
  "revision.txt": "F1DAF122CDE863010844459363CD31DB",
  "Serilog.dll": "1BC77DB5A6C45B90081C6FAD687BD982",
  "Serilog.Sinks.Async.dll": "E9626EDDD97E1EF7D2D4F0055A51E018",
  "Serilog.Sinks.Console.dll": "8025D2E290697D2CE4D47498E7120A79",
  "Serilog.Sinks.File.dll": "61BFC5E091E95804028849F2167F5DA5",
  "SharpDX.Direct3D11.dll": "31CB359311073DDECD45A3BB8926F58E",
  "SharpDX.dll": "4D91F8854D730B778F9BCC05EF0648A9",
  "SharpDX.DXGI.dll": "CECF3F80A048265F711ABFA557E42B30",
  "SharpDX.Mathematics.dll": "F413FC63FC922F99C25920316EC66335",
  "SQLite-net.dll": "6CAEE4C3718348B12DB95BE9E21BF022",
  "SQLitePCLRaw.batteries_v2.dll": "256940B382B1AF2AB660E49E3E6FC430",
  "SQLitePCLRaw.core.dll": "BF3DF2A6CFF7195A85BD408BBCC3ACEF",
  "SQLitePCLRaw.nativelibrary.dll": "E7FB2E46F85F246A7540530E8FF8B0A5",
  "SQLitePCLRaw.provider.dynamic_cdecl.dll": "24B970BCF9724905751E230F8ED3C870",
  "System.Reactive.dll": "EF5A00287AD15393D41B12AA4B726FF7",
  "System.Reflection.MetadataLoadContext.dll": "E88E3AF6D37736F339022C9ACC5F2F7B",
  "System.Security.Cryptography.Pkcs.dll": "8950E01996A37E808BE3F39063C37BF9",
  "TEMP_gitver.txt": "5F3DDED227FAA1FC9E0A1B4CF1AB7A5D",
  "TerraFX.Interop.Windows.dll": "84F7EF6B0DE91F8CC23F773D3FD6DEC0"
}
