{
  "runtimes\\linux-x64\\native\\libglfw.so.3": "9E3137144F68B9E9793F4C7AD5B1BEA7",
  "runtimes\\linux-x64\\native\\libSDL2-2.0.so": "99B95A708381FC66AB2370E45A260527",
  "runtimes\\linux-x64\\native\\libstbi.so": "0945355ED59677D06E3E88F48101BB26",
  "runtimes\\osx-x64\\native\\libglfw.3.dylib": "1E30FAB2F0C40E82290AD4B0BF14A880",
  "runtimes\\osx-x64\\native\\libSDL2-2.0.dylib": "AAC958490586C67395F0A90903AE3747",
  "runtimes\\osx-x64\\native\\libstbi.dylib": "0B84B0A6A80178266018081C3CAB68E6",
  "runtimes\\win-x64\\native\\cimgui.dll": "FA3FAAC3BD0FB526F97EB7D8AD0FC6F8",
  "runtimes\\win-x64\\native\\cimguizmo.dll": "7890BE697DE90F33A2ECE35670D47DFF",
  "runtimes\\win-x64\\native\\cimplot.dll": "BE2B89C71D3D3701C7807FAE9C042441",
  "runtimes\\win-x64\\native\\glfw3.dll": "FBF7044CCAE6519409815036E908455E",
  "runtimes\\win-x64\\native\\minhook.x64d.dll": "831CEA18C40B565122DC277B6ED5DF99",
  "runtimes\\win-x64\\native\\SDL2.dll": "9CE4C3B343FA338AF7DA4E219BAAA06C",
  "runtimes\\win-x64\\native\\stbi.dll": "563C4EA00B6DA0BA50C56EBDEED3B5FB",
  "runtimes\\win-x64\\native\\stbi.lib": "927C214DE576219E1F80DBE7798A0502",
  "runtimes\\win-x86\\native\\glfw3.dll": "2F858422A5D9294AED969917B1A4B46A",
  "runtimes\\win-x86\\native\\SDL2.dll": "8E1D3CCBD0BB2486EA3914BDCAA6907D",
  "targets\\Dalamud.Plugin.Bootstrap.targets": "72C91AC1B4F7C83711BB4C5834FE49A8",
  "targets\\Dalamud.Plugin.targets": "CE55DF182FBC948D33DB41454A31EEF9",
  "CheapLoc.dll": "DA37886918C0D11AE356183FEE9FC3A8",
  "Costura.dll": "EB332174C38F8437EC054AAFB1F298E2",
  "Dalamud.Boot.dll": "904B70BEFD4FF0D38818A0A47718EFD9",
  "Dalamud.deps.json": "32AEA597F0C5D451AE7CDDD74432372D",
  "Dalamud.dll": "0A9986D911CA3F499288994E41FAD292",
  "Dalamud.Injector.deps.json": "D10EED2039C0151239F5EA4FE3A65A7B",
  "Dalamud.Injector.dll": "62ABD8B44AB76DFC9FC01D375B79101F",
  "Dalamud.Injector.exe": "D9816EFEC9D3403AEB949ED52884412D",
  "Dalamud.Injector.runtimeconfig.json": "AAAFA957BB3B382321D67ACC2D792553",
  "Dalamud.Injector.xml": "CC06A545B271F56E0781ECC82BDEF67F",
  "Dalamud.Interface.dll": "9DE2C318E8A2D642F4A6329C3B270DF8",
  "Dalamud.runtimeconfig.json": "454E2BA21742B08CF0A9827950A92B0F",
  "Dalamud.xml": "1AC3EA5486B556C230011A529D2EBEA4",
  "DalamudCrashHandler.exe": "0B6165B75E4097F4DBB91B8E52A7E015",
  "FASM-LICENSE.TXT": "ECEA1D10811221D5F0A3E96F9C38E2C7",
  "FASM.DLL": "671D2F30AFD67C72AE1BDA689417B9A3",
  "FASMX64.DLL": "62584FA01234F75ACB0C6BFD13DDD745",
  "FFXIVClientStructs.dll": "BDD86154BCC284E62B322C234F3A6BF1",
  "FFXIVClientStructs.xml": "BA4F4EE1FE3A86FD25F585B2E2EAB745",
  "goaaats.Reloaded.Assembler.targets": "CC22CB0A353E2136EE9E6E96DB9F7164",
  "Iced.dll": "7FF75F41C559E446592174004DD4EBDF",
  "ImGui.NET.dll": "36532F31A2B70FCE776FD53487A64AF0",
  "ImGuiScene.dll": "F6109D9275778ADEDB69B87702559B20",
  "JetBrains.Annotations.dll": "08DB810CE73A34CB19A2533D47C33E20",
  "licenses.txt": "A159BE62AA91178EFC3E3983AE874D1D",
  "Lumina.dll": "1182C7D6C0FA23E1831B1160A5E7C3B6",
  "Lumina.Excel.dll": "E0CD62D7CE40FDD0AB0C297A7F25594C",
  "Microsoft.Bcl.HashCode.dll": "613AB56061ADF2284E047025207467E0",
  "Microsoft.DotNet.PlatformAbstractions.dll": "00AB0F02B1114C57C758F5AD595224F1",
  "Microsoft.Extensions.DependencyModel.dll": "F39BC76C10CFEA478C936FC4521A9FC9",
  "MinSharp.dll": "09FB5F4FBDAF439BFF706ED859465AC3",
  "Mono.Cecil.dll": "4CCFC34F47E4DCD60AFB25016C3E7355",
  "Mono.Cecil.Mdb.dll": "73D42C001B15B1DDD8DC34FB3BF37377",
  "Mono.Cecil.Pdb.dll": "48ADF367E24A205A4B4FB99C94CF57C5",
  "Mono.Cecil.Rocks.dll": "D732B99E998F6408DB454847A33677DE",
  "MonoMod.Backports.dll": "CD7238AF3CA985E86AE30BFB19EDCCC1",
  "MonoMod.Core.dll": "D9602C8FAD0F3EC218CA36D812FF1FC2",
  "MonoMod.Iced.dll": "01E068668A1C91E77771B7C3E8DF7C9E",
  "MonoMod.ILHelpers.dll": "15CEC7CEE28541B99492FA2F970E74E0",
  "MonoMod.RuntimeDetour.dll": "639F2FC2DAE1EA147AAEB9FADF985034",
  "MonoMod.Utils.dll": "26DFE21AD736A15CC4D0C096AB9E8655",
  "nethost.dll": "012081214FE71F0F6ADCD9F4A71B2B00",
  "Newtonsoft.Json.dll": "86A83A63F12B55FD3718CFBFB577D7DC",
  "PeNet.Asn1.dll": "0BADCC2EC076949B1195A6E6AD9C7696",
  "PeNet.dll": "CE87308793868168517B5C713AB8D090",
  "PInvoke.AdvApi32.dll": "34EE461D05B403C3A15D0DEC32A3788C",
  "PInvoke.BCrypt.dll": "FD07758EE1440491F22923084109FF26",
  "PInvoke.Cabinet.dll": "333D950E3804735DA60CC41D614C63E2",
  "PInvoke.CfgMgr32.dll": "768BE7CC18EDCF78B296A72ABE891691",
  "PInvoke.Crypt32.dll": "E7B00B0851738F4A7F2C6D37DAA973B4",
  "PInvoke.DbgHelp.dll": "E701136169620D20E3A70B560DE20E44",
  "PInvoke.DwmApi.dll": "ACF223CC8962404056648815B486F7D9",
  "PInvoke.Gdi32.dll": "69FF434826F98582CE44D3136ECFFACB",
  "PInvoke.Hid.dll": "2E7A41257F8AD9B26073181F450CD8E5",
  "PInvoke.ImageHlp.dll": "79BE816E8D86EA66489D7780DD675D49",
  "PInvoke.IPHlpApi.dll": "E949FA3326D1BA8872B179AB4EE49D38",
  "PInvoke.Kernel32.dll": "234E15B122ED430DE99490CA1A204958",
  "PInvoke.Magnification.dll": "C9EA3D34F506741ECC044DB19C151F09",
  "PInvoke.Msi.dll": "69EE50CE2DA6B55755E52589F49A7EBC",
  "PInvoke.NCrypt.dll": "DA1DE76C14D99370CA3BEF19DC299B15",
  "PInvoke.NetApi32.dll": "AE79F9FA2E3864A5E0642AE4622ECDC5",
  "PInvoke.NewDev.dll": "B3E1992105D986EF9C5C8E4B630FBB07",
  "PInvoke.NTDll.dll": "3F6BDF840EB27DD0FD9EB8071822183A",
  "PInvoke.Ole32.dll": "3C49FB100B60519FFE725BCD12A538F6",
  "PInvoke.Psapi.dll": "A7683EE4B880227F01C8AE632A892B9E",
  "PInvoke.SetupApi.dll": "1B7AE321185D0081D1759A9AD829F9BA",
  "PInvoke.SHCore.dll": "F27E7F063D51480F6D2294C903E4A606",
  "PInvoke.Shell32.dll": "F71A1BCAF6478190691170DAEA77722F",
  "PInvoke.User32.dll": "8BEDE38311ED4F27127290B81B8079FD",
  "PInvoke.Userenv.dll": "FEB7BCA90B8C905EC2F4BB0789847131",
  "PInvoke.UxTheme.dll": "8E683C016250CB719FDB9AAAFC22B3C5",
  "PInvoke.Windows.Core.dll": "90015440A44935208FFEA9BF61740651",
  "PInvoke.Windows.ShellScalingApi.dll": "F351B34B8C9183A51CADFDC279357C49",
  "PInvoke.WinUsb.dll": "9EB8A0280F2848D1A32B560A939F7336",
  "PInvoke.WtsApi32.dll": "341C94455D2E5893DBE4293D4D67AA4D",
  "Reloaded.Assembler.dll": "91472C6615A7982616BB50AC16807838",
  "Reloaded.Hooks.Definitions.dll": "1690B55AED8BA0865D4BAE5F60F5FBD9",
  "Reloaded.Hooks.dll": "891CF816036FBC79B68D10D3D38DEED9",
  "Reloaded.Memory.Buffers.dll": "4854ABA9D6A6C6B0DA6A76B401BA4E69",
  "Reloaded.Memory.dll": "4C3C3E0461B5F18335CA0E64334F4C03",
  "revision.txt": "8133415EA4647B6345849FB38311CF32",
  "SDL2-CS.config": "65557595FD5DF55D93B2BF881DE62C3A",
  "SDL2-CS.dll": "FA69C1030C142B295EEDC42A13222692",
  "Serilog.dll": "58F6891EF13A03A0D3F8A471915E74B1",
  "Serilog.Sinks.Async.dll": "6FC5EFDB5934CDC6D457774EF718F83E",
  "Serilog.Sinks.Console.dll": "CC4BD86DE439B3241549CBB216541122",
  "Serilog.Sinks.File.dll": "B3F448C7C50F3453EA411F27F1884BCA",
  "SharpDX.Direct3D11.dll": "59A1A73B8E7562EED705DF973941A898",
  "SharpDX.dll": "F7C3BAE30FBF62D8B90B7C8F5911C11F",
  "SharpDX.DXGI.dll": "C5EAA7946AD6FE91DE609093A80EBBAF",
  "SharpDX.Mathematics.dll": "98D34B7619A923F0BC4AE4478376BD37",
  "Silk.NET.Core.dll": "931A600504131E24007A2B717DD1940D",
  "Silk.NET.GLFW.dll": "1BDD62E068E15C2A3E367D2B902A930D",
  "Silk.NET.Maths.dll": "0B94CE4B7DB4D05461A8349DD5C0A0EB",
  "Silk.NET.OpenGL.dll": "A351598F34CF67B6B7C4FCEC8A948A04",
  "Silk.NET.SDL.dll": "3ADD406B654DE06B6BBF5588ACCF22A9",
  "Silk.NET.Windowing.Common.dll": "11A62F8EF4F5B0B9E7B4F4EE2FA8D9A0",
  "Silk.NET.Windowing.Glfw.dll": "67996E0ACCE994170AA80754782C4254",
  "Silk.NET.Windowing.Sdl.dll": "A9A69AD84CA649B0A9C746EAD206D6C4",
  "StbiSharp.dll": "9F9A6C0A8DF84AFFE368AA23981BC519",
  "System.Reactive.dll": "EF5A00287AD15393D41B12AA4B726FF7",
  "System.Reflection.MetadataLoadContext.dll": "7EC41D41F4E1246757BA3E2EC862D562",
  "System.Security.Cryptography.Pkcs.dll": "8950E01996A37E808BE3F39063C37BF9",
  "TEMP_gitver.txt": "4340782F8C298FD19EE524AD0AF8AA67",
  "Validation.dll": "8909AB3A3AA182C74921F2343B2C9316"
}
