{
  "runtimes\\linux-x64\\native\\libglfw.so.3": "9E3137144F68B9E9793F4C7AD5B1BEA7",
  "runtimes\\linux-x64\\native\\libSDL2-2.0.so": "99B95A708381FC66AB2370E45A260527",
  "runtimes\\linux-x64\\native\\libstbi.so": "0945355ED59677D06E3E88F48101BB26",
  "runtimes\\osx-x64\\native\\libglfw.3.dylib": "1E30FAB2F0C40E82290AD4B0BF14A880",
  "runtimes\\osx-x64\\native\\libSDL2-2.0.dylib": "AAC958490586C67395F0A90903AE3747",
  "runtimes\\osx-x64\\native\\libstbi.dylib": "0B84B0A6A80178266018081C3CAB68E6",
  "runtimes\\win-x64\\native\\cimgui.dll": "0CFD4289F226BD5DC5A038D9F14B1E34",
  "runtimes\\win-x64\\native\\cimguizmo.dll": "F933AE5AC4BB06870EE688F0460C951D",
  "runtimes\\win-x64\\native\\cimplot.dll": "811EF674D4D6E322A9E6AAE18E397A11",
  "runtimes\\win-x64\\native\\glfw3.dll": "DE2BADAE058C6ED8D3888B3CE056B54C",
  "runtimes\\win-x64\\native\\minhook.x64d.dll": "2C669B42F74BC096DD8719A7D1C28233",
  "runtimes\\win-x64\\native\\SDL2.dll": "AFDD006A349BA5D8D30180623C6F1587",
  "runtimes\\win-x64\\native\\stbi.dll": "F54EBDDF3340A4A5B37331E2C6804D8E",
  "runtimes\\win-x64\\native\\stbi.lib": "927C214DE576219E1F80DBE7798A0502",
  "runtimes\\win-x86\\native\\glfw3.dll": "0A60962EADDCA402C273E97FE14E9F88",
  "runtimes\\win-x86\\native\\SDL2.dll": "E50C4830F4D5AD1AEE4602FA08EAD8F3",
  "targets\\Dalamud.Plugin.Bootstrap.targets": "C85635161398CD9852CF7212DB7EB904",
  "targets\\Dalamud.Plugin.targets": "D3DE10F1F04F22619FDD1005FD3DCFEF",
  "CheapLoc.dll": "12857182F9437114A8F4C6F4CCA003EB",
  "Costura.dll": "B40657595E45CC095E65D95F1DBBAA8D",
  "Dalamud.Boot.dll": "7C4DD4B74F3D1B77149A8CC02A840987",
  "Dalamud.deps.json": "FCC14F93C9850DC28BD5337EB2CB727A",
  "Dalamud.dll": "C3C45F8E1C0FBB7E2CDB44CEF57822A6",
  "Dalamud.Injector.deps.json": "D10EED2039C0151239F5EA4FE3A65A7B",
  "Dalamud.Injector.dll": "40CD835B5CBF06DC7E4F53FE6B70F713",
  "Dalamud.Injector.exe": "A101C759E4C2E76592A975B2BC2F8614",
  "Dalamud.Injector.runtimeconfig.json": "AAAFA957BB3B382321D67ACC2D792553",
  "Dalamud.Injector.xml": "CC06A545B271F56E0781ECC82BDEF67F",
  "Dalamud.runtimeconfig.json": "454E2BA21742B08CF0A9827950A92B0F",
  "Dalamud.xml": "C651DBFAA64AF32BF2EC356F7EA71B87",
  "DalamudCrashHandler.exe": "3A9DC2AEE5FFCEF2A1ED67873C172811",
  "FASM-LICENSE.TXT": "ECEA1D10811221D5F0A3E96F9C38E2C7",
  "FASM.DLL": "205F8C3243B8FBBDCF941C7344E0C282",
  "FASMX64.DLL": "1F32B4FC9BB136E85D2EED05EC68BEF7",
  "FFXIVClientStructs.dll": "663A62CD246E2E9F68E73E65C2D70F13",
  "FFXIVClientStructs.xml": "6A42F0907862C62173BB7E9BBE777FCA",
  "goaaats.Reloaded.Assembler.targets": "CC22CB0A353E2136EE9E6E96DB9F7164",
  "Iced.dll": "1F65D6EB15A9C46E1D840800B9FB03DF",
  "ImGui.NET.dll": "804486B738AFD12A8FE18F36C18D313E",
  "ImGuiScene.dll": "AC566E9760CDCE95105CD391BBF8C609",
  "JetBrains.Annotations.dll": "D4F4D08C31E8CE1E6D25DD24A3B7DEA6",
  "licenses.txt": "A159BE62AA91178EFC3E3983AE874D1D",
  "Lumina.dll": "9E59C3F81F11A82C439804C9E8E491C6",
  "Lumina.Excel.dll": "C8E75B24ECFA6531CCA2FF66B82865B5",
  "Microsoft.Bcl.HashCode.dll": "613AB56061ADF2284E047025207467E0",
  "Microsoft.DotNet.PlatformAbstractions.dll": "00AB0F02B1114C57C758F5AD595224F1",
  "Microsoft.Extensions.DependencyModel.dll": "F39BC76C10CFEA478C936FC4521A9FC9",
  "MinSharp.dll": "C5B3F1248D7D06FF4A3D75BEC697008C",
  "Mono.Cecil.dll": "4BB7090EDCA5A98B05EBF869A9B5A342",
  "Mono.Cecil.Mdb.dll": "C73CE184DE28DBA75B189E8A3A0FED5D",
  "Mono.Cecil.Pdb.dll": "61C5C0C80B7C60604B97905FD5C6BCCF",
  "Mono.Cecil.Rocks.dll": "D9D407FC72C12D2D64F3AE228FC1C809",
  "MonoMod.Backports.dll": "42EE3460A4C9FC1E3DDB16BEAB8BFF49",
  "MonoMod.Core.dll": "5C8212F8CCA18C73CCFBD5AF17292101",
  "MonoMod.Iced.dll": "67D0376DFB84243D8DFAD6A39D0ECC48",
  "MonoMod.ILHelpers.dll": "0739D4B4669C4739BCF719E026050CF3",
  "MonoMod.RuntimeDetour.dll": "B1F43519168B8E304AA457D65A8EE229",
  "MonoMod.Utils.dll": "ED88C0FEA308B9AD83AEAE434F4F2F9C",
  "nethost.dll": "012081214FE71F0F6ADCD9F4A71B2B00",
  "Newtonsoft.Json.dll": "86A83A63F12B55FD3718CFBFB577D7DC",
  "PeNet.Asn1.dll": "DAB6540427D5CF8AC2663BFD9B5B39AD",
  "PeNet.dll": "3668193B494A4EDAD192538284C53BA3",
  "PInvoke.AdvApi32.dll": "34EE461D05B403C3A15D0DEC32A3788C",
  "PInvoke.BCrypt.dll": "FD07758EE1440491F22923084109FF26",
  "PInvoke.Cabinet.dll": "333D950E3804735DA60CC41D614C63E2",
  "PInvoke.CfgMgr32.dll": "768BE7CC18EDCF78B296A72ABE891691",
  "PInvoke.Crypt32.dll": "E7B00B0851738F4A7F2C6D37DAA973B4",
  "PInvoke.DbgHelp.dll": "E701136169620D20E3A70B560DE20E44",
  "PInvoke.DwmApi.dll": "ACF223CC8962404056648815B486F7D9",
  "PInvoke.Gdi32.dll": "69FF434826F98582CE44D3136ECFFACB",
  "PInvoke.Hid.dll": "2E7A41257F8AD9B26073181F450CD8E5",
  "PInvoke.ImageHlp.dll": "79BE816E8D86EA66489D7780DD675D49",
  "PInvoke.IPHlpApi.dll": "E949FA3326D1BA8872B179AB4EE49D38",
  "PInvoke.Kernel32.dll": "234E15B122ED430DE99490CA1A204958",
  "PInvoke.Magnification.dll": "C9EA3D34F506741ECC044DB19C151F09",
  "PInvoke.Msi.dll": "69EE50CE2DA6B55755E52589F49A7EBC",
  "PInvoke.NCrypt.dll": "DA1DE76C14D99370CA3BEF19DC299B15",
  "PInvoke.NetApi32.dll": "AE79F9FA2E3864A5E0642AE4622ECDC5",
  "PInvoke.NewDev.dll": "B3E1992105D986EF9C5C8E4B630FBB07",
  "PInvoke.NTDll.dll": "3F6BDF840EB27DD0FD9EB8071822183A",
  "PInvoke.Ole32.dll": "3C49FB100B60519FFE725BCD12A538F6",
  "PInvoke.Psapi.dll": "A7683EE4B880227F01C8AE632A892B9E",
  "PInvoke.SetupApi.dll": "1B7AE321185D0081D1759A9AD829F9BA",
  "PInvoke.SHCore.dll": "F27E7F063D51480F6D2294C903E4A606",
  "PInvoke.Shell32.dll": "F71A1BCAF6478190691170DAEA77722F",
  "PInvoke.User32.dll": "8BEDE38311ED4F27127290B81B8079FD",
  "PInvoke.Userenv.dll": "FEB7BCA90B8C905EC2F4BB0789847131",
  "PInvoke.UxTheme.dll": "8E683C016250CB719FDB9AAAFC22B3C5",
  "PInvoke.Windows.Core.dll": "90015440A44935208FFEA9BF61740651",
  "PInvoke.Windows.ShellScalingApi.dll": "F351B34B8C9183A51CADFDC279357C49",
  "PInvoke.WinUsb.dll": "9EB8A0280F2848D1A32B560A939F7336",
  "PInvoke.WtsApi32.dll": "341C94455D2E5893DBE4293D4D67AA4D",
  "Reloaded.Assembler.dll": "182C5EDAA3193D6464DF50233EE5836A",
  "Reloaded.Hooks.Definitions.dll": "B023A92DBB886BA4C86FAB94267117B7",
  "Reloaded.Hooks.dll": "4FC7B2CF47DE738BFE50B3127E64E0B3",
  "Reloaded.Memory.Buffers.dll": "5BC7EEF80B9EF2813DBF4F9B91D25381",
  "Reloaded.Memory.dll": "3690B8A26F344CA860BE20BBBFB00FFA",
  "revision.txt": "9FE4E15B3924B1A78221734D0C063AE7",
  "SDL2-CS.config": "65557595FD5DF55D93B2BF881DE62C3A",
  "SDL2-CS.dll": "4667231C8F1E79A8DD9143CDFBCED1D0",
  "Serilog.dll": "5B2458BBE04640E68AB9142CBC40AADB",
  "Serilog.Sinks.Async.dll": "5A9E2A7F0B316F7042F71E7E3D6294F4",
  "Serilog.Sinks.Console.dll": "8D2B16E5585E7BFC7156EF09010E043D",
  "Serilog.Sinks.File.dll": "06F573150C3590F6AE95B7141DBC8B19",
  "SharpDX.Direct3D11.dll": "CCFD55D87C851A3C70814A7BEDA586EE",
  "SharpDX.dll": "6087D4DAFEA91B33157DA98009222657",
  "SharpDX.DXGI.dll": "1A6A3BD34C6FAF681848145FC69C028E",
  "SharpDX.Mathematics.dll": "18524E3FE97114B688EC8D63DFA56B3E",
  "Silk.NET.Core.dll": "86AFE70983690FA3BE1BDE49695891F1",
  "Silk.NET.GLFW.dll": "E5DFED582336725D2DEB03EADB56331E",
  "Silk.NET.Maths.dll": "5B5061BE042505680A998AEFE20E7C80",
  "Silk.NET.OpenGL.dll": "ED10E65A7510F6E0891118C9A8E3D68C",
  "Silk.NET.SDL.dll": "D5327C820CDB44D0609C26ADB6C0D337",
  "Silk.NET.Windowing.Common.dll": "786ACBB7FFB09070581F51C49EA02579",
  "Silk.NET.Windowing.Glfw.dll": "F817358EC423E15DC15CBEFA5CFCC1E5",
  "Silk.NET.Windowing.Sdl.dll": "98B082693CA5450B704509B56E0B45F1",
  "StbiSharp.dll": "0E5BF836EFCE581A6A1ACC1C0898091D",
  "System.Reactive.dll": "EF5A00287AD15393D41B12AA4B726FF7",
  "System.Reflection.MetadataLoadContext.dll": "7EC41D41F4E1246757BA3E2EC862D562",
  "System.Security.Cryptography.Pkcs.dll": "8950E01996A37E808BE3F39063C37BF9",
  "TEMP_gitver.txt": "590EAB7D6B60ADD360A2283EDD73AB1F",
  "Validation.dll": "F88A9F260E772900BE037F8B001F70F6"
}
