{
  "runtimes\\linux-x64\\native\\libglfw.so.3": "9E3137144F68B9E9793F4C7AD5B1BEA7",
  "runtimes\\linux-x64\\native\\libSDL2-2.0.so": "99B95A708381FC66AB2370E45A260527",
  "runtimes\\linux-x64\\native\\libstbi.so": "0945355ED59677D06E3E88F48101BB26",
  "runtimes\\osx-x64\\native\\libglfw.3.dylib": "1E30FAB2F0C40E82290AD4B0BF14A880",
  "runtimes\\osx-x64\\native\\libSDL2-2.0.dylib": "AAC958490586C67395F0A90903AE3747",
  "runtimes\\osx-x64\\native\\libstbi.dylib": "0B84B0A6A80178266018081C3CAB68E6",
  "runtimes\\win-x64\\native\\cimgui.dll": "57BC33BB43B321BA9D0AE9B49723D8EC",
  "runtimes\\win-x64\\native\\cimguizmo.dll": "E8C798ED25A4BC60B62310C590C5A1AE",
  "runtimes\\win-x64\\native\\cimplot.dll": "1FBBE5F77AA62D607425178375CF81C9",
  "runtimes\\win-x64\\native\\glfw3.dll": "3A9366E39E3461A8C6AEFD5408E23796",
  "runtimes\\win-x64\\native\\minhook.x64d.dll": "8644A7CD33D931A3BB92F66F23AFD792",
  "runtimes\\win-x64\\native\\SDL2.dll": "4534D416C8F888A0F807F03F12023BC4",
  "runtimes\\win-x64\\native\\stbi.dll": "DAF87D411270BF12597E24336278C850",
  "runtimes\\win-x64\\native\\stbi.lib": "927C214DE576219E1F80DBE7798A0502",
  "runtimes\\win-x86\\native\\glfw3.dll": "8D6FC838D6AB31E06DA17711E16FF647",
  "runtimes\\win-x86\\native\\SDL2.dll": "FCAC71A0F9B6D259BC6AECE5B7DC9957",
  "targets\\Dalamud.Plugin.Bootstrap.targets": "72C91AC1B4F7C83711BB4C5834FE49A8",
  "targets\\Dalamud.Plugin.targets": "D3DE10F1F04F22619FDD1005FD3DCFEF",
  "CheapLoc.dll": "32F80165F335853A678A2549196A32D4",
  "Costura.dll": "F44AB79EE3794B7D6756573B823C2B89",
  "Dalamud.Boot.dll": "77C3E42D7E7E0F804570403FD339AAC4",
  "Dalamud.deps.json": "FCC14F93C9850DC28BD5337EB2CB727A",
  "Dalamud.dll": "6B27706247D61B1AE6A5ACBE679B574E",
  "Dalamud.Injector.deps.json": "D10EED2039C0151239F5EA4FE3A65A7B",
  "Dalamud.Injector.dll": "7BD46D7AD3E3C64A6A249AFF14A5264B",
  "Dalamud.Injector.exe": "34322428C7946E6BF3CE8AC3BD22BA02",
  "Dalamud.Injector.runtimeconfig.json": "AAAFA957BB3B382321D67ACC2D792553",
  "Dalamud.Injector.xml": "CC06A545B271F56E0781ECC82BDEF67F",
  "Dalamud.runtimeconfig.json": "454E2BA21742B08CF0A9827950A92B0F",
  "Dalamud.xml": "4037D29A7EB13605AD30518C00169F41",
  "DalamudCrashHandler.exe": "044A1DE8F8E3BAF6463E9F5C4444E40D",
  "FASM-LICENSE.TXT": "ECEA1D10811221D5F0A3E96F9C38E2C7",
  "FASM.DLL": "93E3ECF9370E7350C4FB26933F877F46",
  "FASMX64.DLL": "E88F193E973B9F89F1AB55FCE3C5A5CF",
  "FFXIVClientStructs.dll": "79B9695020D8B708A0B6E9F8B1161CC1",
  "FFXIVClientStructs.xml": "99D52300842511BA998676842AD0B2D7",
  "goaaats.Reloaded.Assembler.targets": "CC22CB0A353E2136EE9E6E96DB9F7164",
  "Iced.dll": "AA6AA1DFF0A86FA65AB5F638AD4DCDC7",
  "ImGui.NET.dll": "44E639E3C582672D702B1DE12CC6BE63",
  "ImGuiScene.dll": "567AA7222A3FA3DC94FD0E3F78D184DB",
  "JetBrains.Annotations.dll": "FD862D1AAE3F843B9C86ED96D9E06717",
  "licenses.txt": "A159BE62AA91178EFC3E3983AE874D1D",
  "Lumina.dll": "A5B031A5F57382652999FCFA66F19F05",
  "Lumina.Excel.dll": "EADC88E92379BF468FB164713351754C",
  "Microsoft.Bcl.HashCode.dll": "613AB56061ADF2284E047025207467E0",
  "Microsoft.DotNet.PlatformAbstractions.dll": "00AB0F02B1114C57C758F5AD595224F1",
  "Microsoft.Extensions.DependencyModel.dll": "F39BC76C10CFEA478C936FC4521A9FC9",
  "MinSharp.dll": "E37B31AEA5E502F1FD7BFD1EAA285CCA",
  "Mono.Cecil.dll": "01F12A18284FF0853350FD812D8B7DD2",
  "Mono.Cecil.Mdb.dll": "D8CE16FB454660F6BF8CD0F0E0EC2B4D",
  "Mono.Cecil.Pdb.dll": "B0C4731D15E2D3BB2DA07E73DB038BDD",
  "Mono.Cecil.Rocks.dll": "A583301D52DD71197ACBBD572FF8CE4A",
  "MonoMod.Backports.dll": "127509CADE1FCEA8B560C18E62A17A11",
  "MonoMod.Core.dll": "FAD54D80A3624E13DC5EB7D45267C13B",
  "MonoMod.Iced.dll": "6DC37932823090AD674AEEF45FD54FFF",
  "MonoMod.ILHelpers.dll": "17153A3F12141CF1251F9E41C2DE13D9",
  "MonoMod.RuntimeDetour.dll": "DE813AB5A8F9841E47F511A9EA592498",
  "MonoMod.Utils.dll": "2701675D7EC273FDB813116CF96F08D2",
  "nethost.dll": "012081214FE71F0F6ADCD9F4A71B2B00",
  "Newtonsoft.Json.dll": "86A83A63F12B55FD3718CFBFB577D7DC",
  "PeNet.Asn1.dll": "23F9562F138AC89F993F9051517BAA15",
  "PeNet.dll": "EA519EFD4778EBE1334791FCB3FD4281",
  "PInvoke.AdvApi32.dll": "34EE461D05B403C3A15D0DEC32A3788C",
  "PInvoke.BCrypt.dll": "FD07758EE1440491F22923084109FF26",
  "PInvoke.Cabinet.dll": "333D950E3804735DA60CC41D614C63E2",
  "PInvoke.CfgMgr32.dll": "768BE7CC18EDCF78B296A72ABE891691",
  "PInvoke.Crypt32.dll": "E7B00B0851738F4A7F2C6D37DAA973B4",
  "PInvoke.DbgHelp.dll": "E701136169620D20E3A70B560DE20E44",
  "PInvoke.DwmApi.dll": "ACF223CC8962404056648815B486F7D9",
  "PInvoke.Gdi32.dll": "69FF434826F98582CE44D3136ECFFACB",
  "PInvoke.Hid.dll": "2E7A41257F8AD9B26073181F450CD8E5",
  "PInvoke.ImageHlp.dll": "79BE816E8D86EA66489D7780DD675D49",
  "PInvoke.IPHlpApi.dll": "E949FA3326D1BA8872B179AB4EE49D38",
  "PInvoke.Kernel32.dll": "234E15B122ED430DE99490CA1A204958",
  "PInvoke.Magnification.dll": "C9EA3D34F506741ECC044DB19C151F09",
  "PInvoke.Msi.dll": "69EE50CE2DA6B55755E52589F49A7EBC",
  "PInvoke.NCrypt.dll": "DA1DE76C14D99370CA3BEF19DC299B15",
  "PInvoke.NetApi32.dll": "AE79F9FA2E3864A5E0642AE4622ECDC5",
  "PInvoke.NewDev.dll": "B3E1992105D986EF9C5C8E4B630FBB07",
  "PInvoke.NTDll.dll": "3F6BDF840EB27DD0FD9EB8071822183A",
  "PInvoke.Ole32.dll": "3C49FB100B60519FFE725BCD12A538F6",
  "PInvoke.Psapi.dll": "A7683EE4B880227F01C8AE632A892B9E",
  "PInvoke.SetupApi.dll": "1B7AE321185D0081D1759A9AD829F9BA",
  "PInvoke.SHCore.dll": "F27E7F063D51480F6D2294C903E4A606",
  "PInvoke.Shell32.dll": "F71A1BCAF6478190691170DAEA77722F",
  "PInvoke.User32.dll": "8BEDE38311ED4F27127290B81B8079FD",
  "PInvoke.Userenv.dll": "FEB7BCA90B8C905EC2F4BB0789847131",
  "PInvoke.UxTheme.dll": "8E683C016250CB719FDB9AAAFC22B3C5",
  "PInvoke.Windows.Core.dll": "90015440A44935208FFEA9BF61740651",
  "PInvoke.Windows.ShellScalingApi.dll": "F351B34B8C9183A51CADFDC279357C49",
  "PInvoke.WinUsb.dll": "9EB8A0280F2848D1A32B560A939F7336",
  "PInvoke.WtsApi32.dll": "341C94455D2E5893DBE4293D4D67AA4D",
  "Reloaded.Assembler.dll": "FE9092C6549B37ECD934EC4140850A7B",
  "Reloaded.Hooks.Definitions.dll": "58BB9E6B14E4982B3A71501DD1120243",
  "Reloaded.Hooks.dll": "5D3540CDDFA495C743889DF16B9C1AA5",
  "Reloaded.Memory.Buffers.dll": "275704B3AA6B38EA77FE5A26779DE974",
  "Reloaded.Memory.dll": "35CBF3CC5BE608D76C657B2711AB213E",
  "revision.txt": "B837305E43F7E535A1506FC263EEE3ED",
  "SDL2-CS.config": "65557595FD5DF55D93B2BF881DE62C3A",
  "SDL2-CS.dll": "01252DD44328626C4AD71CE9EE38622D",
  "Serilog.dll": "41DA1A3CF647C3A8A14674D4DE558667",
  "Serilog.Sinks.Async.dll": "F294F61924DCDF813BAF617E8317DE2C",
  "Serilog.Sinks.Console.dll": "323AAC016705ACD8E884CE755CB6C0D9",
  "Serilog.Sinks.File.dll": "B46083586FAF0471F6B7AC970E0E1D92",
  "SharpDX.Direct3D11.dll": "98E50003BFA05ED5F5FDE372441258E4",
  "SharpDX.dll": "4C9B2D6466C025460696966B63FE9AB5",
  "SharpDX.DXGI.dll": "C26460479DCB60E7F667D508AAB523F1",
  "SharpDX.Mathematics.dll": "74C094A8384692709638B688ABFE5B34",
  "Silk.NET.Core.dll": "26B05B21AB360B97B9E733CEFA873675",
  "Silk.NET.GLFW.dll": "7B5E40FD0421F542BCAF7F9069CADBF8",
  "Silk.NET.Maths.dll": "7E975A028895074AB4D8D9471DDFFDCC",
  "Silk.NET.OpenGL.dll": "A4603B73609B5E8C372A844ED22E3ADE",
  "Silk.NET.SDL.dll": "EF9939A77593660C22DDEE5B002AE849",
  "Silk.NET.Windowing.Common.dll": "EC0F82F3FA5B04C78AF9206AC1D785F6",
  "Silk.NET.Windowing.Glfw.dll": "A6D54E14B7B46C8F218B46126ABF7CAE",
  "Silk.NET.Windowing.Sdl.dll": "5E0B686BEF48AC9F906E26A8130DCAC9",
  "StbiSharp.dll": "DB5C743E64AF6A97649BE3882A352E30",
  "System.Reactive.dll": "EF5A00287AD15393D41B12AA4B726FF7",
  "System.Reflection.MetadataLoadContext.dll": "7EC41D41F4E1246757BA3E2EC862D562",
  "System.Security.Cryptography.Pkcs.dll": "8950E01996A37E808BE3F39063C37BF9",
  "TEMP_gitver.txt": "588AFB9557E9783B2C6AD075D0C5FE1B",
  "Validation.dll": "00C675493C936621E71CB8DE1996F4C6"
}
