{
  "runtimes\\linux-x64\\native\\libglfw.so.3": "9E3137144F68B9E9793F4C7AD5B1BEA7",
  "runtimes\\linux-x64\\native\\libSDL2-2.0.so": "99B95A708381FC66AB2370E45A260527",
  "runtimes\\linux-x64\\native\\libstbi.so": "0945355ED59677D06E3E88F48101BB26",
  "runtimes\\osx-x64\\native\\libglfw.3.dylib": "1E30FAB2F0C40E82290AD4B0BF14A880",
  "runtimes\\osx-x64\\native\\libSDL2-2.0.dylib": "AAC958490586C67395F0A90903AE3747",
  "runtimes\\osx-x64\\native\\libstbi.dylib": "0B84B0A6A80178266018081C3CAB68E6",
  "runtimes\\win-x64\\native\\cimgui.dll": "3EF4032019EA26D9380B3482B11016F1",
  "runtimes\\win-x64\\native\\cimguizmo.dll": "EAD3D0D277C27A618278DB9EE4E71A3E",
  "runtimes\\win-x64\\native\\cimplot.dll": "8AE08EBECAB4896FC371AFEA453D6699",
  "runtimes\\win-x64\\native\\glfw3.dll": "B354BD148179D54EC0D4C7D9DD4E5A57",
  "runtimes\\win-x64\\native\\minhook.x64d.dll": "1A9254DC580D6E372EE73380BE008781",
  "runtimes\\win-x64\\native\\SDL2.dll": "A9100D2D71928CFBBDB80ABD952A8FC5",
  "runtimes\\win-x64\\native\\stbi.dll": "6EEEA41EBCA90EC8E71EAD80F30A5926",
  "runtimes\\win-x64\\native\\stbi.lib": "927C214DE576219E1F80DBE7798A0502",
  "runtimes\\win-x86\\native\\glfw3.dll": "8278BD7680BFFBA79685EAB3E6468EF4",
  "runtimes\\win-x86\\native\\SDL2.dll": "4EBD8C28A75F450256EBE86588DA13E8",
  "targets\\Dalamud.Plugin.Bootstrap.targets": "C85635161398CD9852CF7212DB7EB904",
  "targets\\Dalamud.Plugin.targets": "D3DE10F1F04F22619FDD1005FD3DCFEF",
  "CheapLoc.dll": "56E4816790411A7A52D5935775EA1CE6",
  "Costura.dll": "74DF30A3A64113E045CD174A2A6F3AB0",
  "Dalamud.Boot.dll": "D8AAE31066E0C36A88A3BE243D1242CD",
  "Dalamud.deps.json": "FCC14F93C9850DC28BD5337EB2CB727A",
  "Dalamud.dll": "547DAFA98DC314B7DFA63F55FFCDDDE3",
  "Dalamud.Injector.deps.json": "D10EED2039C0151239F5EA4FE3A65A7B",
  "Dalamud.Injector.dll": "58BA1E605BFFC9B5BCC58DD7047197B0",
  "Dalamud.Injector.exe": "693E1F1B2E9857EF209346C56FFAAD09",
  "Dalamud.Injector.runtimeconfig.json": "AAAFA957BB3B382321D67ACC2D792553",
  "Dalamud.Injector.xml": "CC06A545B271F56E0781ECC82BDEF67F",
  "Dalamud.runtimeconfig.json": "454E2BA21742B08CF0A9827950A92B0F",
  "Dalamud.xml": "002A9A132CF5720E345FA2285A62FCF2",
  "DalamudCrashHandler.exe": "DE0955023AF0FECB57085B301D56B686",
  "FASM-LICENSE.TXT": "ECEA1D10811221D5F0A3E96F9C38E2C7",
  "FASM.DLL": "A12498FBFB00FCBCFC021E15587955EF",
  "FASMX64.DLL": "DD5E94AE86EB964586EFBD23565FD598",
  "FFXIVClientStructs.dll": "ADE29FF0F1E3B98CEB12DCE5766604CF",
  "FFXIVClientStructs.xml": "6A42F0907862C62173BB7E9BBE777FCA",
  "goaaats.Reloaded.Assembler.targets": "CC22CB0A353E2136EE9E6E96DB9F7164",
  "Iced.dll": "AD1FCD47921E39907840BFF7E079E4C5",
  "ImGui.NET.dll": "F743240B0EBEF6F74EF221F8FE81E633",
  "ImGuiScene.dll": "8D7936B8A68E414EC6A02FEB0B0B34B9",
  "JetBrains.Annotations.dll": "CEAEE4B5B4B58C272CDCAC7514F2363D",
  "licenses.txt": "A159BE62AA91178EFC3E3983AE874D1D",
  "Lumina.dll": "2D23E57F29524B4C5C665378EBEAFD91",
  "Lumina.Excel.dll": "507B48197D3DE3BB783C54E061BE8450",
  "Microsoft.Bcl.HashCode.dll": "613AB56061ADF2284E047025207467E0",
  "Microsoft.DotNet.PlatformAbstractions.dll": "00AB0F02B1114C57C758F5AD595224F1",
  "Microsoft.Extensions.DependencyModel.dll": "F39BC76C10CFEA478C936FC4521A9FC9",
  "MinSharp.dll": "DD8537E104B45100E8E78EB04A3BE97C",
  "Mono.Cecil.dll": "F5177489FC111C45C1E7617B54B28270",
  "Mono.Cecil.Mdb.dll": "1AC95642F751F2B8648108396FF49C12",
  "Mono.Cecil.Pdb.dll": "309484F69541D9E193C29A8C207C1229",
  "Mono.Cecil.Rocks.dll": "349728186C7294EBD436020F035B353C",
  "MonoMod.Backports.dll": "31C0D4DF385164DB9018C22E6A82B62F",
  "MonoMod.Core.dll": "C49F4204E3212A7FDEDBF8186C516D84",
  "MonoMod.Iced.dll": "F838AEADF884C6ADE98671E6297DA182",
  "MonoMod.ILHelpers.dll": "AF9AE57D4985C205C7B75BBEC410F332",
  "MonoMod.RuntimeDetour.dll": "552B908FF668093BB7EAE69E49AE9780",
  "MonoMod.Utils.dll": "F286971402DE02EBE0C7F0A14BCAC4C9",
  "nethost.dll": "012081214FE71F0F6ADCD9F4A71B2B00",
  "Newtonsoft.Json.dll": "86A83A63F12B55FD3718CFBFB577D7DC",
  "PeNet.Asn1.dll": "4D0BC526D21552F3C50C5357F6DEB1D8",
  "PeNet.dll": "23A77BC402F5C156C5B9496590D344C6",
  "PInvoke.AdvApi32.dll": "34EE461D05B403C3A15D0DEC32A3788C",
  "PInvoke.BCrypt.dll": "FD07758EE1440491F22923084109FF26",
  "PInvoke.Cabinet.dll": "333D950E3804735DA60CC41D614C63E2",
  "PInvoke.CfgMgr32.dll": "768BE7CC18EDCF78B296A72ABE891691",
  "PInvoke.Crypt32.dll": "E7B00B0851738F4A7F2C6D37DAA973B4",
  "PInvoke.DbgHelp.dll": "E701136169620D20E3A70B560DE20E44",
  "PInvoke.DwmApi.dll": "ACF223CC8962404056648815B486F7D9",
  "PInvoke.Gdi32.dll": "69FF434826F98582CE44D3136ECFFACB",
  "PInvoke.Hid.dll": "2E7A41257F8AD9B26073181F450CD8E5",
  "PInvoke.ImageHlp.dll": "79BE816E8D86EA66489D7780DD675D49",
  "PInvoke.IPHlpApi.dll": "E949FA3326D1BA8872B179AB4EE49D38",
  "PInvoke.Kernel32.dll": "234E15B122ED430DE99490CA1A204958",
  "PInvoke.Magnification.dll": "C9EA3D34F506741ECC044DB19C151F09",
  "PInvoke.Msi.dll": "69EE50CE2DA6B55755E52589F49A7EBC",
  "PInvoke.NCrypt.dll": "DA1DE76C14D99370CA3BEF19DC299B15",
  "PInvoke.NetApi32.dll": "AE79F9FA2E3864A5E0642AE4622ECDC5",
  "PInvoke.NewDev.dll": "B3E1992105D986EF9C5C8E4B630FBB07",
  "PInvoke.NTDll.dll": "3F6BDF840EB27DD0FD9EB8071822183A",
  "PInvoke.Ole32.dll": "3C49FB100B60519FFE725BCD12A538F6",
  "PInvoke.Psapi.dll": "A7683EE4B880227F01C8AE632A892B9E",
  "PInvoke.SetupApi.dll": "1B7AE321185D0081D1759A9AD829F9BA",
  "PInvoke.SHCore.dll": "F27E7F063D51480F6D2294C903E4A606",
  "PInvoke.Shell32.dll": "F71A1BCAF6478190691170DAEA77722F",
  "PInvoke.User32.dll": "8BEDE38311ED4F27127290B81B8079FD",
  "PInvoke.Userenv.dll": "FEB7BCA90B8C905EC2F4BB0789847131",
  "PInvoke.UxTheme.dll": "8E683C016250CB719FDB9AAAFC22B3C5",
  "PInvoke.Windows.Core.dll": "90015440A44935208FFEA9BF61740651",
  "PInvoke.Windows.ShellScalingApi.dll": "F351B34B8C9183A51CADFDC279357C49",
  "PInvoke.WinUsb.dll": "9EB8A0280F2848D1A32B560A939F7336",
  "PInvoke.WtsApi32.dll": "341C94455D2E5893DBE4293D4D67AA4D",
  "Reloaded.Assembler.dll": "245904BFBF5AE64D8D09C4E7DD812B42",
  "Reloaded.Hooks.Definitions.dll": "B0C8C040A0750BF9E54A6D0558DAB39A",
  "Reloaded.Hooks.dll": "B52B24BCD94B8F0C7542DC15FE0D4E7B",
  "Reloaded.Memory.Buffers.dll": "FF926E2F2334E66CA1E55620C6BD2A33",
  "Reloaded.Memory.dll": "BC60AF485B307BA879DD728E90E2FD0A",
  "revision.txt": "120CA817EBE8CAA71E92AC53049B2C6A",
  "SDL2-CS.config": "65557595FD5DF55D93B2BF881DE62C3A",
  "SDL2-CS.dll": "01B75566CA7E1DA766AABB0DD7B2546A",
  "Serilog.dll": "34E66773031F3A405CC70563221A65ED",
  "Serilog.Sinks.Async.dll": "83837D3797F68FBC0773EB79353222C7",
  "Serilog.Sinks.Console.dll": "328DC57B4349C48237BCBE9938BB4A2F",
  "Serilog.Sinks.File.dll": "F706F67A945C54792FA648E7FA920954",
  "SharpDX.Direct3D11.dll": "79B650E658853735F753B3019ABE1CB6",
  "SharpDX.dll": "97500F0B4BD9348FFC6096A74D29E2EA",
  "SharpDX.DXGI.dll": "84043BD0268418C467120E68335CB701",
  "SharpDX.Mathematics.dll": "15F79684CA5C4758052800D203ADA6B9",
  "Silk.NET.Core.dll": "841202D20FE9F466941EAFDE3D2F1223",
  "Silk.NET.GLFW.dll": "25FAD1F4BAA1067D896BD75338DF3DFB",
  "Silk.NET.Maths.dll": "F6832C27B253344980090785BF13DF5F",
  "Silk.NET.OpenGL.dll": "343B1099A3DFD86BEEE78CEE454E9155",
  "Silk.NET.SDL.dll": "BAFA9E84DAB7CE8C576BEFB6C94CFEEF",
  "Silk.NET.Windowing.Common.dll": "9AC5640483B8317E17E2B17A7B9BE95D",
  "Silk.NET.Windowing.Glfw.dll": "EDB1D6F67D88851F544C2A7FE359A3BC",
  "Silk.NET.Windowing.Sdl.dll": "0A9D4D6648B5AE5B7A0B3BCDCF3F67D5",
  "StbiSharp.dll": "65B4C24E555647830C7B8CF9C07B9A2D",
  "System.Reactive.dll": "EF5A00287AD15393D41B12AA4B726FF7",
  "System.Reflection.MetadataLoadContext.dll": "7EC41D41F4E1246757BA3E2EC862D562",
  "System.Security.Cryptography.Pkcs.dll": "8950E01996A37E808BE3F39063C37BF9",
  "TEMP_gitver.txt": "8B6DBD2E41CD135A7BEB7C535C5D79F0",
  "Validation.dll": "5083E28CAFBFE114D183F03FB497C6B6"
}
