{
  "runtimes\\linux-x64\\native\\libglfw.so.3": "9E3137144F68B9E9793F4C7AD5B1BEA7",
  "runtimes\\linux-x64\\native\\libSDL2-2.0.so": "99B95A708381FC66AB2370E45A260527",
  "runtimes\\linux-x64\\native\\libstbi.so": "0945355ED59677D06E3E88F48101BB26",
  "runtimes\\osx-x64\\native\\libglfw.3.dylib": "1E30FAB2F0C40E82290AD4B0BF14A880",
  "runtimes\\osx-x64\\native\\libSDL2-2.0.dylib": "AAC958490586C67395F0A90903AE3747",
  "runtimes\\osx-x64\\native\\libstbi.dylib": "0B84B0A6A80178266018081C3CAB68E6",
  "runtimes\\win-x64\\native\\cimgui.dll": "A117F1B5DB2EA48C3196DBB44BBD03A1",
  "runtimes\\win-x64\\native\\cimguizmo.dll": "95E1014826BCF14FEA3E42FD5DF6277D",
  "runtimes\\win-x64\\native\\cimplot.dll": "CE1A844982A73EEEF03A7FD6394F50E7",
  "runtimes\\win-x64\\native\\glfw3.dll": "3E49372A466EA7B0E7E8F35D61C46412",
  "runtimes\\win-x64\\native\\minhook.x64d.dll": "444B1006BDEA0D7B6F48A78A7B1905BD",
  "runtimes\\win-x64\\native\\SDL2.dll": "D4608FA44F54CE36EA2D1B13BCEF65B6",
  "runtimes\\win-x64\\native\\stbi.dll": "85BAB2D86469B189DE783C3C4B28D1DA",
  "runtimes\\win-x64\\native\\stbi.lib": "927C214DE576219E1F80DBE7798A0502",
  "runtimes\\win-x86\\native\\glfw3.dll": "74E3C4C4E13724C1124EC7A9F64035D4",
  "runtimes\\win-x86\\native\\SDL2.dll": "316C726CC80478302BC1A8B33C8947F6",
  "targets\\Dalamud.Plugin.Bootstrap.targets": "C85635161398CD9852CF7212DB7EB904",
  "targets\\Dalamud.Plugin.targets": "D3DE10F1F04F22619FDD1005FD3DCFEF",
  "CheapLoc.dll": "474EF054A2838CDD4EE04FC6CA78CF84",
  "Costura.dll": "E2B2181F99D9D9E0DF99FA366AE8AE83",
  "Dalamud.Boot.dll": "0785D0B17FD80E494CF0043C04BDC007",
  "Dalamud.deps.json": "FCC14F93C9850DC28BD5337EB2CB727A",
  "Dalamud.dll": "A9816FA2DF8982F481F6EC28630C9791",
  "Dalamud.Injector.deps.json": "D10EED2039C0151239F5EA4FE3A65A7B",
  "Dalamud.Injector.dll": "EB43E70FF786C018182245958B139D14",
  "Dalamud.Injector.exe": "A2BA2F295CAAADCADF0C8E766E48A565",
  "Dalamud.Injector.runtimeconfig.json": "AAAFA957BB3B382321D67ACC2D792553",
  "Dalamud.Injector.xml": "CC06A545B271F56E0781ECC82BDEF67F",
  "Dalamud.runtimeconfig.json": "454E2BA21742B08CF0A9827950A92B0F",
  "Dalamud.xml": "9215BF389BB5C083D2CD3826C978AB3C",
  "DalamudCrashHandler.exe": "E53F114B50514096653069FFA59F6E7B",
  "FASM-LICENSE.TXT": "ECEA1D10811221D5F0A3E96F9C38E2C7",
  "FASM.DLL": "B6773BA56D03F95E5B06A213CB9C3E1C",
  "FASMX64.DLL": "C8016A5E6D7490714BB36E54A8A8358A",
  "FFXIVClientStructs.dll": "372975D58D6481ABBC6F416E811ECF2B",
  "FFXIVClientStructs.xml": "6A42F0907862C62173BB7E9BBE777FCA",
  "goaaats.Reloaded.Assembler.targets": "CC22CB0A353E2136EE9E6E96DB9F7164",
  "Iced.dll": "9F570D80FD435191F5D8B63B5D0BD3D3",
  "ImGui.NET.dll": "CF35ECAFDD761ECEA71AA406EE00FCF9",
  "ImGuiScene.dll": "853A0B4B31C6A29F2F38BF20AE81AF3B",
  "JetBrains.Annotations.dll": "6A1951B3BE033B99F87823788FCAB845",
  "licenses.txt": "A159BE62AA91178EFC3E3983AE874D1D",
  "Lumina.dll": "5CA5EC1EEDF54B322EED18FDD660EC7F",
  "Lumina.Excel.dll": "AB91B1ACE34C53875A3CB092548E487F",
  "Microsoft.Bcl.HashCode.dll": "613AB56061ADF2284E047025207467E0",
  "Microsoft.DotNet.PlatformAbstractions.dll": "00AB0F02B1114C57C758F5AD595224F1",
  "Microsoft.Extensions.DependencyModel.dll": "F39BC76C10CFEA478C936FC4521A9FC9",
  "MinSharp.dll": "DE61E97339F6AD0D0B650C9C752A59C9",
  "Mono.Cecil.dll": "EC489571DE3833CCD400C67406EC5B76",
  "Mono.Cecil.Mdb.dll": "B94608BC7AFF69FF7102D27E617ED6D3",
  "Mono.Cecil.Pdb.dll": "3C1D2F1E9771BC4E20A127A63915C7DB",
  "Mono.Cecil.Rocks.dll": "2306EA6EEEAB707BE8B0601060CD40D1",
  "MonoMod.Backports.dll": "E2743EBB10BFB9158089592B06301601",
  "MonoMod.Core.dll": "C24A3AC8B42C3CF20387AFE0BE0E9316",
  "MonoMod.Iced.dll": "28940BDA4100ADDF85B4AD90894F58F9",
  "MonoMod.ILHelpers.dll": "FCA8A7473F82AA30CCDB12CFFE3F8AB7",
  "MonoMod.RuntimeDetour.dll": "EA79E04280A9792A249DE2624C59E907",
  "MonoMod.Utils.dll": "659ECACE57CB3481B1EC3E5FE5AB3F56",
  "nethost.dll": "012081214FE71F0F6ADCD9F4A71B2B00",
  "Newtonsoft.Json.dll": "86A83A63F12B55FD3718CFBFB577D7DC",
  "PeNet.Asn1.dll": "AD443328BE60405C5B19CEE33B8C98D9",
  "PeNet.dll": "DE84D625FD20BDE566D96E62AF564C48",
  "PInvoke.AdvApi32.dll": "34EE461D05B403C3A15D0DEC32A3788C",
  "PInvoke.BCrypt.dll": "FD07758EE1440491F22923084109FF26",
  "PInvoke.Cabinet.dll": "333D950E3804735DA60CC41D614C63E2",
  "PInvoke.CfgMgr32.dll": "768BE7CC18EDCF78B296A72ABE891691",
  "PInvoke.Crypt32.dll": "E7B00B0851738F4A7F2C6D37DAA973B4",
  "PInvoke.DbgHelp.dll": "E701136169620D20E3A70B560DE20E44",
  "PInvoke.DwmApi.dll": "ACF223CC8962404056648815B486F7D9",
  "PInvoke.Gdi32.dll": "69FF434826F98582CE44D3136ECFFACB",
  "PInvoke.Hid.dll": "2E7A41257F8AD9B26073181F450CD8E5",
  "PInvoke.ImageHlp.dll": "79BE816E8D86EA66489D7780DD675D49",
  "PInvoke.IPHlpApi.dll": "E949FA3326D1BA8872B179AB4EE49D38",
  "PInvoke.Kernel32.dll": "234E15B122ED430DE99490CA1A204958",
  "PInvoke.Magnification.dll": "C9EA3D34F506741ECC044DB19C151F09",
  "PInvoke.Msi.dll": "69EE50CE2DA6B55755E52589F49A7EBC",
  "PInvoke.NCrypt.dll": "DA1DE76C14D99370CA3BEF19DC299B15",
  "PInvoke.NetApi32.dll": "AE79F9FA2E3864A5E0642AE4622ECDC5",
  "PInvoke.NewDev.dll": "B3E1992105D986EF9C5C8E4B630FBB07",
  "PInvoke.NTDll.dll": "3F6BDF840EB27DD0FD9EB8071822183A",
  "PInvoke.Ole32.dll": "3C49FB100B60519FFE725BCD12A538F6",
  "PInvoke.Psapi.dll": "A7683EE4B880227F01C8AE632A892B9E",
  "PInvoke.SetupApi.dll": "1B7AE321185D0081D1759A9AD829F9BA",
  "PInvoke.SHCore.dll": "F27E7F063D51480F6D2294C903E4A606",
  "PInvoke.Shell32.dll": "F71A1BCAF6478190691170DAEA77722F",
  "PInvoke.User32.dll": "8BEDE38311ED4F27127290B81B8079FD",
  "PInvoke.Userenv.dll": "FEB7BCA90B8C905EC2F4BB0789847131",
  "PInvoke.UxTheme.dll": "8E683C016250CB719FDB9AAAFC22B3C5",
  "PInvoke.Windows.Core.dll": "90015440A44935208FFEA9BF61740651",
  "PInvoke.Windows.ShellScalingApi.dll": "F351B34B8C9183A51CADFDC279357C49",
  "PInvoke.WinUsb.dll": "9EB8A0280F2848D1A32B560A939F7336",
  "PInvoke.WtsApi32.dll": "341C94455D2E5893DBE4293D4D67AA4D",
  "Reloaded.Assembler.dll": "74AD7486D35CA6BDDDD7AD06096FA51D",
  "Reloaded.Hooks.Definitions.dll": "7DE21DA9963F57B39930B55C00D7F171",
  "Reloaded.Hooks.dll": "7BE5AC36A24170788BDA4E89240271F4",
  "Reloaded.Memory.Buffers.dll": "8353A91AA43D9B9374AC0E8D8F9589BA",
  "Reloaded.Memory.dll": "391A73A04DAA38A9750B75FC721F4633",
  "revision.txt": "97E48472142CFDD1CD5D5B5CA6831CF4",
  "SDL2-CS.config": "65557595FD5DF55D93B2BF881DE62C3A",
  "SDL2-CS.dll": "B8B470075DC75BE67DA07E6CC1FD331D",
  "Serilog.dll": "221AC00C477FD109BF906C0A8C93D1F9",
  "Serilog.Sinks.Async.dll": "A1EF19D27C5F5C3D4FCF2F1F59BF894F",
  "Serilog.Sinks.Console.dll": "D9C8B19F80DDCA097FC97162288ED7AB",
  "Serilog.Sinks.File.dll": "9DAD7F90B55ED7CA41D75E2226AAD7EE",
  "SharpDX.Direct3D11.dll": "998DE7578592CE62EF33D4A75CCF52BF",
  "SharpDX.dll": "55D1D227C5C9C510C75C558C27022E15",
  "SharpDX.DXGI.dll": "35CD89279B5C43A74B8CFCFF8833A579",
  "SharpDX.Mathematics.dll": "3982B40D27169B698BCC21839D64ACEB",
  "Silk.NET.Core.dll": "FD4AA04D8C9561137B2D42239F0DF763",
  "Silk.NET.GLFW.dll": "73D2720633E1A35DD03EB87445186E11",
  "Silk.NET.Maths.dll": "8B0E9793278627FC0315B9D6086694D1",
  "Silk.NET.OpenGL.dll": "E3CCAD213F8EAA36632E6A3960006E1B",
  "Silk.NET.SDL.dll": "BA4DCE7A2185251746127BB494C3D903",
  "Silk.NET.Windowing.Common.dll": "6D01895D36C0FAA02D719529C6E5CB78",
  "Silk.NET.Windowing.Glfw.dll": "F508F4D655616E672E3E8F68A50B260D",
  "Silk.NET.Windowing.Sdl.dll": "F6D81D04F8150A00786D22DD040EF02D",
  "StbiSharp.dll": "316D77317FD34269857BEAF2879B1DA5",
  "System.Reactive.dll": "EF5A00287AD15393D41B12AA4B726FF7",
  "System.Reflection.MetadataLoadContext.dll": "7EC41D41F4E1246757BA3E2EC862D562",
  "System.Security.Cryptography.Pkcs.dll": "8950E01996A37E808BE3F39063C37BF9",
  "TEMP_gitver.txt": "C80D15B2D49715621F4103ED9025F992",
  "Validation.dll": "07183AC82808A2497D3EB630EA153140"
}
