{
  "runtimes\\linux-x64\\native\\libglfw.so.3": "9E3137144F68B9E9793F4C7AD5B1BEA7",
  "runtimes\\linux-x64\\native\\libSDL2-2.0.so": "99B95A708381FC66AB2370E45A260527",
  "runtimes\\linux-x64\\native\\libstbi.so": "0945355ED59677D06E3E88F48101BB26",
  "runtimes\\osx-x64\\native\\libglfw.3.dylib": "1E30FAB2F0C40E82290AD4B0BF14A880",
  "runtimes\\osx-x64\\native\\libSDL2-2.0.dylib": "AAC958490586C67395F0A90903AE3747",
  "runtimes\\osx-x64\\native\\libstbi.dylib": "0B84B0A6A80178266018081C3CAB68E6",
  "runtimes\\win-x64\\native\\cimgui.dll": "8794CBFA523D2D40CE076927A3FD4262",
  "runtimes\\win-x64\\native\\cimguizmo.dll": "18E8C5BEBB25B2724EA864A78FF0BD91",
  "runtimes\\win-x64\\native\\cimplot.dll": "500BED0E1E86F5B6C6EB852977C4F805",
  "runtimes\\win-x64\\native\\glfw3.dll": "97FBAEAADF8923279220EE998D657EAE",
  "runtimes\\win-x64\\native\\minhook.x64d.dll": "49818E6904BC0930DDB0250F17C97D89",
  "runtimes\\win-x64\\native\\SDL2.dll": "CCC7AB5EEF20BFAEB87B37E48433ED6F",
  "runtimes\\win-x64\\native\\stbi.dll": "B8267610DE74225A1FBC40A59AE33A92",
  "runtimes\\win-x64\\native\\stbi.lib": "927C214DE576219E1F80DBE7798A0502",
  "runtimes\\win-x86\\native\\glfw3.dll": "7836EA984DA7CDDAEB2CD044D0F01DF5",
  "runtimes\\win-x86\\native\\SDL2.dll": "AFEC50C532DE7C08C47AF2A9BE3A940A",
  "targets\\Dalamud.Plugin.Bootstrap.targets": "72C91AC1B4F7C83711BB4C5834FE49A8",
  "targets\\Dalamud.Plugin.targets": "D3DE10F1F04F22619FDD1005FD3DCFEF",
  "CheapLoc.dll": "4C8544962F7FCDD4D2765D3D17D657FE",
  "Costura.dll": "3EF23E734858E1A453DBE221A1D61275",
  "Dalamud.Boot.dll": "AD034F50B31C31BD9584E6107B2A49AF",
  "Dalamud.deps.json": "DDB22E0738D8FA598772708A6F9B131F",
  "Dalamud.dll": "2E0F072C5FFD89D3E42E644D1FA42384",
  "Dalamud.Injector.deps.json": "D10EED2039C0151239F5EA4FE3A65A7B",
  "Dalamud.Injector.dll": "4126269AFA29DAD9CFF1B365D9416D15",
  "Dalamud.Injector.exe": "3B83E60CD0FDCC20DDD720E3769901D8",
  "Dalamud.Injector.runtimeconfig.json": "AAAFA957BB3B382321D67ACC2D792553",
  "Dalamud.Injector.xml": "CC06A545B271F56E0781ECC82BDEF67F",
  "Dalamud.runtimeconfig.json": "454E2BA21742B08CF0A9827950A92B0F",
  "Dalamud.xml": "D9876442DEA7E1FD7B613C08DCCC4160",
  "DalamudCrashHandler.exe": "468B53C7A978BDFBC7C73A91F501D74C",
  "FASM-LICENSE.TXT": "ECEA1D10811221D5F0A3E96F9C38E2C7",
  "FASM.DLL": "0942D90A4F7156D91CA4703368AEA41E",
  "FASMX64.DLL": "C66D6D65516C987ABAC0A54E168B8B50",
  "FFXIVClientStructs.dll": "9D596BC5A2C1DE58A9A4BEB498E433CC",
  "FFXIVClientStructs.xml": "BA4F4EE1FE3A86FD25F585B2E2EAB745",
  "goaaats.Reloaded.Assembler.targets": "CC22CB0A353E2136EE9E6E96DB9F7164",
  "Iced.dll": "6EAD6601C64286AD82E750D5DCA84F53",
  "ImGui.NET.dll": "E08186FC9BAEB7FC0BC9ED2DEA488E29",
  "ImGuiScene.dll": "C44D0E1E8E670D4864E4330F4095E359",
  "JetBrains.Annotations.dll": "A538FEF0670A2E265E5513F6DC94F722",
  "licenses.txt": "A159BE62AA91178EFC3E3983AE874D1D",
  "Lumina.dll": "4B7862292B4B7FD6335F528FBB5E5D55",
  "Lumina.Excel.dll": "D43C795B7BE20F05783469706A1B11E0",
  "Microsoft.Bcl.HashCode.dll": "613AB56061ADF2284E047025207467E0",
  "Microsoft.DotNet.PlatformAbstractions.dll": "00AB0F02B1114C57C758F5AD595224F1",
  "Microsoft.Extensions.DependencyModel.dll": "F39BC76C10CFEA478C936FC4521A9FC9",
  "MinSharp.dll": "715DDEC5E7D302EEF22741E16239E893",
  "Mono.Cecil.dll": "AC83C22F9BD1251701B200C32BCE34DE",
  "Mono.Cecil.Mdb.dll": "24E4DE46D94774E83DD7930C44F8457B",
  "Mono.Cecil.Pdb.dll": "7E80E069D9B870870C9430AF4EA87705",
  "Mono.Cecil.Rocks.dll": "D6A4F33DD1A7BEFE7B14CA3880C08F0B",
  "MonoMod.Backports.dll": "13EBD2895B37C68AB0FE20A1914130DB",
  "MonoMod.Core.dll": "34C31088F8BBCDF147298C5B0D112A62",
  "MonoMod.Iced.dll": "8880B0434483A7D68E292F27AA3E54CA",
  "MonoMod.ILHelpers.dll": "BF8C2C18C15FBDB76B9A03D501B473C5",
  "MonoMod.RuntimeDetour.dll": "B5A8EBC6B0FD55D7B6583DF31DC0AA3F",
  "MonoMod.Utils.dll": "D775FFFC57FAA20819246B67A7F97E34",
  "nethost.dll": "012081214FE71F0F6ADCD9F4A71B2B00",
  "Newtonsoft.Json.dll": "86A83A63F12B55FD3718CFBFB577D7DC",
  "PeNet.Asn1.dll": "CEA43450B1DE15A08AEC4AA16FC1AB2D",
  "PeNet.dll": "FBB5A2A798BCBA38EED9330ECCA91844",
  "PInvoke.AdvApi32.dll": "34EE461D05B403C3A15D0DEC32A3788C",
  "PInvoke.BCrypt.dll": "FD07758EE1440491F22923084109FF26",
  "PInvoke.Cabinet.dll": "333D950E3804735DA60CC41D614C63E2",
  "PInvoke.CfgMgr32.dll": "768BE7CC18EDCF78B296A72ABE891691",
  "PInvoke.Crypt32.dll": "E7B00B0851738F4A7F2C6D37DAA973B4",
  "PInvoke.DbgHelp.dll": "E701136169620D20E3A70B560DE20E44",
  "PInvoke.DwmApi.dll": "ACF223CC8962404056648815B486F7D9",
  "PInvoke.Gdi32.dll": "69FF434826F98582CE44D3136ECFFACB",
  "PInvoke.Hid.dll": "2E7A41257F8AD9B26073181F450CD8E5",
  "PInvoke.ImageHlp.dll": "79BE816E8D86EA66489D7780DD675D49",
  "PInvoke.IPHlpApi.dll": "E949FA3326D1BA8872B179AB4EE49D38",
  "PInvoke.Kernel32.dll": "234E15B122ED430DE99490CA1A204958",
  "PInvoke.Magnification.dll": "C9EA3D34F506741ECC044DB19C151F09",
  "PInvoke.Msi.dll": "69EE50CE2DA6B55755E52589F49A7EBC",
  "PInvoke.NCrypt.dll": "DA1DE76C14D99370CA3BEF19DC299B15",
  "PInvoke.NetApi32.dll": "AE79F9FA2E3864A5E0642AE4622ECDC5",
  "PInvoke.NewDev.dll": "B3E1992105D986EF9C5C8E4B630FBB07",
  "PInvoke.NTDll.dll": "3F6BDF840EB27DD0FD9EB8071822183A",
  "PInvoke.Ole32.dll": "3C49FB100B60519FFE725BCD12A538F6",
  "PInvoke.Psapi.dll": "A7683EE4B880227F01C8AE632A892B9E",
  "PInvoke.SetupApi.dll": "1B7AE321185D0081D1759A9AD829F9BA",
  "PInvoke.SHCore.dll": "F27E7F063D51480F6D2294C903E4A606",
  "PInvoke.Shell32.dll": "F71A1BCAF6478190691170DAEA77722F",
  "PInvoke.User32.dll": "8BEDE38311ED4F27127290B81B8079FD",
  "PInvoke.Userenv.dll": "FEB7BCA90B8C905EC2F4BB0789847131",
  "PInvoke.UxTheme.dll": "8E683C016250CB719FDB9AAAFC22B3C5",
  "PInvoke.Windows.Core.dll": "90015440A44935208FFEA9BF61740651",
  "PInvoke.Windows.ShellScalingApi.dll": "F351B34B8C9183A51CADFDC279357C49",
  "PInvoke.WinUsb.dll": "9EB8A0280F2848D1A32B560A939F7336",
  "PInvoke.WtsApi32.dll": "341C94455D2E5893DBE4293D4D67AA4D",
  "Reloaded.Assembler.dll": "7AD5A0F5245F01D59E4102350274BBF2",
  "Reloaded.Hooks.Definitions.dll": "9A765F5D4DED0AC5E084BD29F7592D36",
  "Reloaded.Hooks.dll": "5DE5C36E2F44A45DBAFE163DD6F8439F",
  "Reloaded.Memory.Buffers.dll": "B80ED7D80F5DD937F44F870C068CA3E5",
  "Reloaded.Memory.dll": "97CF3ED829E9A7442B015D44504C3269",
  "revision.txt": "7D97667A3E056ACAB9AAF653807B4A03",
  "SDL2-CS.config": "65557595FD5DF55D93B2BF881DE62C3A",
  "SDL2-CS.dll": "3EADBA5FEA323354FC3F391FD5E8CDD9",
  "Serilog.dll": "701127366F3FDC4811575DD399992CED",
  "Serilog.Sinks.Async.dll": "DE071A63D0C243CE519BB6605BBC4F5D",
  "Serilog.Sinks.Console.dll": "0D240B1AA08F5BF4729E580422EAC817",
  "Serilog.Sinks.File.dll": "653440A30039B4B28B74B12468DD11BF",
  "SharpDX.Direct3D11.dll": "81F0B2ACCE36EFE792510E81A25A0D3C",
  "SharpDX.dll": "6B06B4556E8BC66876CFC7C9470EB4ED",
  "SharpDX.DXGI.dll": "D081E84A6B5CA0D0A06F3A74F3F2D614",
  "SharpDX.Mathematics.dll": "7968BAFAF2CB606C23E6AB30FFC91E95",
  "Silk.NET.Core.dll": "CF59EE41076303C3485DDCB2B0D934B6",
  "Silk.NET.GLFW.dll": "EAECB9ECB35B1DE6496CBF5733CD245F",
  "Silk.NET.Maths.dll": "3F8740C1CAB19B0640B4FA13C6FB6E49",
  "Silk.NET.OpenGL.dll": "B6B22E8FE021B718C0148F133428EFCB",
  "Silk.NET.SDL.dll": "112021EB7BD21FB6FC755C459625E0CD",
  "Silk.NET.Windowing.Common.dll": "76A4C51D3D438B797F634190677B61CC",
  "Silk.NET.Windowing.Glfw.dll": "85533B9FB723F1E62E5204C089F16B67",
  "Silk.NET.Windowing.Sdl.dll": "9770A10C9ED97D6CB0B4349D6A661C02",
  "StbiSharp.dll": "844BD225BFA777D80767E3B87EDF4417",
  "System.Reactive.dll": "EF5A00287AD15393D41B12AA4B726FF7",
  "System.Reflection.MetadataLoadContext.dll": "7EC41D41F4E1246757BA3E2EC862D562",
  "System.Security.Cryptography.Pkcs.dll": "8950E01996A37E808BE3F39063C37BF9",
  "TEMP_gitver.txt": "74D3C038E686135165DB62407544EA3E",
  "Validation.dll": "72135610BE2196203CF1E25999D5C2B8"
}
