{
  "runtimes\\linux-x64\\native\\libglfw.so.3": "9E3137144F68B9E9793F4C7AD5B1BEA7",
  "runtimes\\linux-x64\\native\\libSDL2-2.0.so": "99B95A708381FC66AB2370E45A260527",
  "runtimes\\linux-x64\\native\\libstbi.so": "0945355ED59677D06E3E88F48101BB26",
  "runtimes\\osx-x64\\native\\libglfw.3.dylib": "1E30FAB2F0C40E82290AD4B0BF14A880",
  "runtimes\\osx-x64\\native\\libSDL2-2.0.dylib": "AAC958490586C67395F0A90903AE3747",
  "runtimes\\osx-x64\\native\\libstbi.dylib": "0B84B0A6A80178266018081C3CAB68E6",
  "runtimes\\win-x64\\native\\cimgui.dll": "F368B399F22EEC3B1EA2ADC233160931",
  "runtimes\\win-x64\\native\\cimguizmo.dll": "0DB1A0C39E6C729B7613147B0D1B0363",
  "runtimes\\win-x64\\native\\cimplot.dll": "EAA4A0CAB27098B726A5FD7DDACB8FE2",
  "runtimes\\win-x64\\native\\glfw3.dll": "B078FEE0C30B3190DA6304B427896D00",
  "runtimes\\win-x64\\native\\minhook.x64d.dll": "AA7460D2CD77CCDA6B548E854CB70EA1",
  "runtimes\\win-x64\\native\\SDL2.dll": "5DB518BFE035B96F6685F98A69E9CABF",
  "runtimes\\win-x64\\native\\stbi.dll": "6A7C5171BBB216B67AB09DAD6906294C",
  "runtimes\\win-x64\\native\\stbi.lib": "927C214DE576219E1F80DBE7798A0502",
  "runtimes\\win-x86\\native\\glfw3.dll": "E6068D8418030866ADA52F50FC25F759",
  "runtimes\\win-x86\\native\\SDL2.dll": "403C2B7778D8A69FB6E83584EC564491",
  "targets\\Dalamud.Plugin.Bootstrap.targets": "72C91AC1B4F7C83711BB4C5834FE49A8",
  "targets\\Dalamud.Plugin.targets": "D3DE10F1F04F22619FDD1005FD3DCFEF",
  "CheapLoc.dll": "24380E0404EA6DA9639E81962F1CA7FB",
  "Costura.dll": "E8EBCCE90DCCBBB5500ED738BC651C3F",
  "Dalamud.Boot.dll": "ADA4E2896291B1816D9CF9672127C3B1",
  "Dalamud.deps.json": "DDB22E0738D8FA598772708A6F9B131F",
  "Dalamud.dll": "ADDCE072C624E896B812766DA95E07BC",
  "Dalamud.Injector.deps.json": "D10EED2039C0151239F5EA4FE3A65A7B",
  "Dalamud.Injector.dll": "58FFF748C001F862969BF06DFBAC6F71",
  "Dalamud.Injector.exe": "F645EA8545B3830D7AFDD1F067C101A9",
  "Dalamud.Injector.runtimeconfig.json": "AAAFA957BB3B382321D67ACC2D792553",
  "Dalamud.Injector.xml": "CC06A545B271F56E0781ECC82BDEF67F",
  "Dalamud.runtimeconfig.json": "454E2BA21742B08CF0A9827950A92B0F",
  "Dalamud.xml": "982BF441688C743A4AC9DB7BD2355005",
  "DalamudCrashHandler.exe": "7CC8BCE60C075269321557FAFA1E7044",
  "FASM-LICENSE.TXT": "ECEA1D10811221D5F0A3E96F9C38E2C7",
  "FASM.DLL": "9597C6F1C5F867CF76D85231D49781C5",
  "FASMX64.DLL": "D57603456240285689FE4B4A890819D7",
  "FFXIVClientStructs.dll": "49CA5E86B85DA791DABE0776337D273D",
  "FFXIVClientStructs.xml": "1E81062A8DE4667D1F3E043E2D8F18F0",
  "goaaats.Reloaded.Assembler.targets": "CC22CB0A353E2136EE9E6E96DB9F7164",
  "Iced.dll": "332B5B3EF880C5BDFA44BAC008C16A73",
  "ImGui.NET.dll": "401F81CE8F05F5933B6ECF92B236EB31",
  "ImGuiScene.dll": "B4B8B5EF3E7D94C0C4A28705F007F359",
  "JetBrains.Annotations.dll": "E5B874F8EF3AC424C3F79A4E4EB11F23",
  "licenses.txt": "A159BE62AA91178EFC3E3983AE874D1D",
  "Lumina.dll": "3210E576460605D66D27F40DE6D3397E",
  "Lumina.Excel.dll": "F4CD0A10A201CE542915FA028E2F5076",
  "Microsoft.Bcl.HashCode.dll": "613AB56061ADF2284E047025207467E0",
  "Microsoft.DotNet.PlatformAbstractions.dll": "00AB0F02B1114C57C758F5AD595224F1",
  "Microsoft.Extensions.DependencyModel.dll": "F39BC76C10CFEA478C936FC4521A9FC9",
  "MinSharp.dll": "3182263FDA4C261F55AEB0BF9504D953",
  "Mono.Cecil.dll": "E414448389DBDECE3CE2257F4671890E",
  "Mono.Cecil.Mdb.dll": "530751E3D7DF74D5633A7A1A1434BE74",
  "Mono.Cecil.Pdb.dll": "F2579452C7E829FB794DF860DF9EEFDA",
  "Mono.Cecil.Rocks.dll": "D896392A6576E5A754C6B129B8A573B4",
  "MonoMod.Backports.dll": "24572B1181557FC5948864F6149AA4D0",
  "MonoMod.Core.dll": "EDD81AFE3A23FC90AAEDCD923DA79F30",
  "MonoMod.Iced.dll": "31555800BA86C808F783B4F54E369A01",
  "MonoMod.ILHelpers.dll": "E7A9B7084FB52897EC9596B070572351",
  "MonoMod.RuntimeDetour.dll": "53178E66E9A847EEAB6CA328EB9631E8",
  "MonoMod.Utils.dll": "4949C794B1526B8F354922C63696BFCE",
  "nethost.dll": "012081214FE71F0F6ADCD9F4A71B2B00",
  "Newtonsoft.Json.dll": "86A83A63F12B55FD3718CFBFB577D7DC",
  "PeNet.Asn1.dll": "ADCC74BBF63787E7DD2BBD075B916D29",
  "PeNet.dll": "45AFCFB8D127D4078C89E673D68E0493",
  "PInvoke.AdvApi32.dll": "34EE461D05B403C3A15D0DEC32A3788C",
  "PInvoke.BCrypt.dll": "FD07758EE1440491F22923084109FF26",
  "PInvoke.Cabinet.dll": "333D950E3804735DA60CC41D614C63E2",
  "PInvoke.CfgMgr32.dll": "768BE7CC18EDCF78B296A72ABE891691",
  "PInvoke.Crypt32.dll": "E7B00B0851738F4A7F2C6D37DAA973B4",
  "PInvoke.DbgHelp.dll": "E701136169620D20E3A70B560DE20E44",
  "PInvoke.DwmApi.dll": "ACF223CC8962404056648815B486F7D9",
  "PInvoke.Gdi32.dll": "69FF434826F98582CE44D3136ECFFACB",
  "PInvoke.Hid.dll": "2E7A41257F8AD9B26073181F450CD8E5",
  "PInvoke.ImageHlp.dll": "79BE816E8D86EA66489D7780DD675D49",
  "PInvoke.IPHlpApi.dll": "E949FA3326D1BA8872B179AB4EE49D38",
  "PInvoke.Kernel32.dll": "234E15B122ED430DE99490CA1A204958",
  "PInvoke.Magnification.dll": "C9EA3D34F506741ECC044DB19C151F09",
  "PInvoke.Msi.dll": "69EE50CE2DA6B55755E52589F49A7EBC",
  "PInvoke.NCrypt.dll": "DA1DE76C14D99370CA3BEF19DC299B15",
  "PInvoke.NetApi32.dll": "AE79F9FA2E3864A5E0642AE4622ECDC5",
  "PInvoke.NewDev.dll": "B3E1992105D986EF9C5C8E4B630FBB07",
  "PInvoke.NTDll.dll": "3F6BDF840EB27DD0FD9EB8071822183A",
  "PInvoke.Ole32.dll": "3C49FB100B60519FFE725BCD12A538F6",
  "PInvoke.Psapi.dll": "A7683EE4B880227F01C8AE632A892B9E",
  "PInvoke.SetupApi.dll": "1B7AE321185D0081D1759A9AD829F9BA",
  "PInvoke.SHCore.dll": "F27E7F063D51480F6D2294C903E4A606",
  "PInvoke.Shell32.dll": "F71A1BCAF6478190691170DAEA77722F",
  "PInvoke.User32.dll": "8BEDE38311ED4F27127290B81B8079FD",
  "PInvoke.Userenv.dll": "FEB7BCA90B8C905EC2F4BB0789847131",
  "PInvoke.UxTheme.dll": "8E683C016250CB719FDB9AAAFC22B3C5",
  "PInvoke.Windows.Core.dll": "90015440A44935208FFEA9BF61740651",
  "PInvoke.Windows.ShellScalingApi.dll": "F351B34B8C9183A51CADFDC279357C49",
  "PInvoke.WinUsb.dll": "9EB8A0280F2848D1A32B560A939F7336",
  "PInvoke.WtsApi32.dll": "341C94455D2E5893DBE4293D4D67AA4D",
  "Reloaded.Assembler.dll": "6BE66B01626B55128346306D185BF7AB",
  "Reloaded.Hooks.Definitions.dll": "8A057ACEEB92C6CFC60BEBEBC7142F34",
  "Reloaded.Hooks.dll": "30C1D9EF5A53268C711A559B78931F59",
  "Reloaded.Memory.Buffers.dll": "0DAD6DAA69244E32EE35FEDE8636B769",
  "Reloaded.Memory.dll": "F79971D4A82D5ACBC72E77414934A28F",
  "revision.txt": "FA8DBBCB682699544E4E8F2212115F73",
  "SDL2-CS.config": "65557595FD5DF55D93B2BF881DE62C3A",
  "SDL2-CS.dll": "800C1687C3FB87AE76ADD338D0AEF297",
  "Serilog.dll": "8F9E1A8FC5B04F206B3B67FC4DED652F",
  "Serilog.Sinks.Async.dll": "DCDA6F49B829D189BB669B0704A9D2CD",
  "Serilog.Sinks.Console.dll": "0028CA7F66BB3A03CC71601B1643F115",
  "Serilog.Sinks.File.dll": "914F464B8CAA33CE1B617DAD8FEB0C13",
  "SharpDX.Direct3D11.dll": "0476923829E4CAD81F4E2577590BCFAA",
  "SharpDX.dll": "69F27AA5976D602BFC40BB1CBDBF2CD3",
  "SharpDX.DXGI.dll": "83C8B2612AF749BE4D9447326ACA4DA2",
  "SharpDX.Mathematics.dll": "D9288F79B7157FAADBCA4BCC00716710",
  "Silk.NET.Core.dll": "DC75A8A7848B529FF40653262BB3E8EE",
  "Silk.NET.GLFW.dll": "C1DF696CE64D8A99FFDBD3CBEEC0CA34",
  "Silk.NET.Maths.dll": "C831659EE254DE532F764A9718C7C0E5",
  "Silk.NET.OpenGL.dll": "A41AA2523B15A0C0C24CA7B11A731425",
  "Silk.NET.SDL.dll": "06BAF990D6C339920740DD7B786FCB69",
  "Silk.NET.Windowing.Common.dll": "E8BCC77D859F74B6A96C61161179BD47",
  "Silk.NET.Windowing.Glfw.dll": "88C2123A4F591003043155ED3695F03C",
  "Silk.NET.Windowing.Sdl.dll": "2382935783CB142AA28D16D79022CA5D",
  "StbiSharp.dll": "F8DFD7ED5C67B8E14CF1A217D5868C86",
  "System.Reactive.dll": "EF5A00287AD15393D41B12AA4B726FF7",
  "System.Reflection.MetadataLoadContext.dll": "7EC41D41F4E1246757BA3E2EC862D562",
  "System.Security.Cryptography.Pkcs.dll": "8950E01996A37E808BE3F39063C37BF9",
  "TEMP_gitver.txt": "80C94963B6034373F53D306A7C321129",
  "Validation.dll": "D1EA7B04A93736F12A6F0C27B0D80E23"
}
