{
  "runtimes\\alpine-x64\\native\\libe_sqlite3.so": "39C244FEDBCD3DFC37041D4FCE1AE21D",
  "runtimes\\linux-arm\\native\\libe_sqlite3.so": "96CF54BC0EFB83D6E3F5F3E04997A59D",
  "runtimes\\linux-arm64\\native\\libe_sqlite3.so": "F079E55E7F3F9966A4A2052A3234E068",
  "runtimes\\linux-armel\\native\\libe_sqlite3.so": "C5A67D49434FC65D64E9C15778078C76",
  "runtimes\\linux-mips64\\native\\libe_sqlite3.so": "5F8461214089CFC677D46C19B7162161",
  "runtimes\\linux-musl-x64\\native\\libe_sqlite3.so": "39C244FEDBCD3DFC37041D4FCE1AE21D",
  "runtimes\\linux-x64\\native\\libe_sqlite3.so": "6F49C540D3AB9964D67A4A704C3D262D",
  "runtimes\\linux-x64\\native\\libglfw.so.3": "9E3137144F68B9E9793F4C7AD5B1BEA7",
  "runtimes\\linux-x64\\native\\libSDL2-2.0.so": "99B95A708381FC66AB2370E45A260527",
  "runtimes\\linux-x64\\native\\libstbi.so": "0945355ED59677D06E3E88F48101BB26",
  "runtimes\\linux-x86\\native\\libe_sqlite3.so": "5E0659B414CBD6DDC38C65582485853E",
  "runtimes\\osx-x64\\native\\libe_sqlite3.dylib": "F82AE134FCD1C080A69D775591406673",
  "runtimes\\osx-x64\\native\\libglfw.3.dylib": "1E30FAB2F0C40E82290AD4B0BF14A880",
  "runtimes\\osx-x64\\native\\libSDL2-2.0.dylib": "AAC958490586C67395F0A90903AE3747",
  "runtimes\\osx-x64\\native\\libstbi.dylib": "0B84B0A6A80178266018081C3CAB68E6",
  "runtimes\\win-arm\\native\\e_sqlite3.dll": "7215D7857BD1C581FE27B3CB314DA0CE",
  "runtimes\\win-arm64\\native\\e_sqlite3.dll": "5FDE477108D2C86775ED95DDADEF064B",
  "runtimes\\win-x64\\native\\cimgui.dll": "613D5657C02E129C53889EA058CBDBBE",
  "runtimes\\win-x64\\native\\cimguizmo.dll": "4B2A8DB4871271D03C0D1551DE6BB9A6",
  "runtimes\\win-x64\\native\\cimplot.dll": "7A07E4EFD79D4F0ACCE054CA70BBB61D",
  "runtimes\\win-x64\\native\\e_sqlite3.dll": "73CA8D2A26B30C5613E3692AC104EB52",
  "runtimes\\win-x64\\native\\glfw3.dll": "62B6DCC6C0B3BAC52003494DDAFBC071",
  "runtimes\\win-x64\\native\\minhook.x64d.dll": "BDCF4BEFB8BEB89C8FD6085EF2A97CDD",
  "runtimes\\win-x64\\native\\SDL2.dll": "5D8C3BE4427429A19206C2EA6EEE53C5",
  "runtimes\\win-x64\\native\\stbi.dll": "080E3D0CF12EC36A1942677FEC394963",
  "runtimes\\win-x64\\native\\stbi.lib": "927C214DE576219E1F80DBE7798A0502",
  "runtimes\\win-x86\\native\\e_sqlite3.dll": "0039FDF4439729CC6FBD18C9F4D454D5",
  "runtimes\\win-x86\\native\\glfw3.dll": "97669A6862AA65FAE49A235DFEC0E6CA",
  "runtimes\\win-x86\\native\\SDL2.dll": "568900B13C4A4CA7CCC4759D7B64C9DA",
  "targets\\Dalamud.Plugin.Bootstrap.targets": "C85635161398CD9852CF7212DB7EB904",
  "targets\\Dalamud.Plugin.targets": "D3DE10F1F04F22619FDD1005FD3DCFEF",
  "CheapLoc.dll": "102DBD914B7E1366B0D817EC12F13E5C",
  "Costura.dll": "D63B5BB66EF6497A91DEAA460C4F410B",
  "Dalamud.Boot.dll": "DD849741FE58212A2E32390B7AE12B46",
  "Dalamud.deps.json": "D9D023C2BDAF60C79B310FF66C529FA6",
  "Dalamud.dll": "E1BA920002365BDD8D4B2315918EFC20",
  "Dalamud.Injector.deps.json": "D10EED2039C0151239F5EA4FE3A65A7B",
  "Dalamud.Injector.dll": "3372C9173B7C46570CB799316E0572CB",
  "Dalamud.Injector.exe": "885D87BA4E99BE22F107173638F8DEA9",
  "Dalamud.Injector.runtimeconfig.json": "AAAFA957BB3B382321D67ACC2D792553",
  "Dalamud.Injector.xml": "197E7CCAFAA062125D1632AAC708A129",
  "Dalamud.runtimeconfig.json": "454E2BA21742B08CF0A9827950A92B0F",
  "Dalamud.xml": "A6E8E6CDFDFBE00E3E6234F88C15E134",
  "DalamudCrashHandler.exe": "7A726784BFFFE462050738AE886A981A",
  "FASM-LICENSE.TXT": "ECEA1D10811221D5F0A3E96F9C38E2C7",
  "FASM.DLL": "104F2E818AD5A50C61BA2D9A5586CE41",
  "FASMX64.DLL": "2BDFF7CE8F9C12F0FDA76ADF584C9645",
  "FFXIVClientStructs.dll": "63F95E45EF464328EF9A406A01374449",
  "FFXIVClientStructs.xml": "6A42F0907862C62173BB7E9BBE777FCA",
  "goaaats.Reloaded.Assembler.targets": "CC22CB0A353E2136EE9E6E96DB9F7164",
  "Iced.dll": "76CDBA7A7A661659C21D11EB4E90E6B4",
  "ImGui.NET.dll": "45900B470CD04F2AFBE6A2637883A0A7",
  "ImGuiScene.dll": "B2F9873DFAC135AE3629542E60A428D0",
  "JetBrains.Annotations.dll": "94B1401BF7341B2771563BB96B5ED6A2",
  "licenses.txt": "A159BE62AA91178EFC3E3983AE874D1D",
  "Lumina.dll": "C5FC05E9881904904A805142041858FD",
  "Lumina.Excel.dll": "D9E398E0C75BB43E6F34AEF4E30DA8EA",
  "Microsoft.Bcl.HashCode.dll": "613AB56061ADF2284E047025207467E0",
  "Microsoft.DotNet.PlatformAbstractions.dll": "00AB0F02B1114C57C758F5AD595224F1",
  "Microsoft.Extensions.DependencyModel.dll": "F39BC76C10CFEA478C936FC4521A9FC9",
  "MinSharp.dll": "681BC00042683A1A5ACBB7B9F9DC8313",
  "Mono.Cecil.dll": "B8F65695699479DBC02C117FA52D1423",
  "Mono.Cecil.Mdb.dll": "3EA79FA5A418AA07A2F60FA185181AD0",
  "Mono.Cecil.Pdb.dll": "27EA3750D81CA10B0BF4D7913070184F",
  "Mono.Cecil.Rocks.dll": "CD3EEEEB657EA0A1761A102138D0AB9F",
  "MonoMod.Backports.dll": "F32B3AD4FCD0DAC30301AB3CB770EEA4",
  "MonoMod.Core.dll": "33FB96FAA803E1DD29980E5713ED86A1",
  "MonoMod.Iced.dll": "23D1D5FA9D6DD56E0B904BBDBAC0B90B",
  "MonoMod.ILHelpers.dll": "840738D5D7E403358660A016E8B9F6D8",
  "MonoMod.RuntimeDetour.dll": "04695F3D33911144995F353658AA07AA",
  "MonoMod.Utils.dll": "CFF38152A77716EB911ECC3A7E5F31B6",
  "nethost.dll": "012081214FE71F0F6ADCD9F4A71B2B00",
  "Newtonsoft.Json.dll": "86A83A63F12B55FD3718CFBFB577D7DC",
  "PeNet.Asn1.dll": "0FD2D04A50BDEFEA478EAD6BB770622D",
  "PeNet.dll": "496D7B1F3A2B6ADE478C66851E005C32",
  "PInvoke.AdvApi32.dll": "34EE461D05B403C3A15D0DEC32A3788C",
  "PInvoke.BCrypt.dll": "FD07758EE1440491F22923084109FF26",
  "PInvoke.Cabinet.dll": "333D950E3804735DA60CC41D614C63E2",
  "PInvoke.CfgMgr32.dll": "768BE7CC18EDCF78B296A72ABE891691",
  "PInvoke.Crypt32.dll": "E7B00B0851738F4A7F2C6D37DAA973B4",
  "PInvoke.DbgHelp.dll": "E701136169620D20E3A70B560DE20E44",
  "PInvoke.DwmApi.dll": "ACF223CC8962404056648815B486F7D9",
  "PInvoke.Gdi32.dll": "69FF434826F98582CE44D3136ECFFACB",
  "PInvoke.Hid.dll": "2E7A41257F8AD9B26073181F450CD8E5",
  "PInvoke.ImageHlp.dll": "79BE816E8D86EA66489D7780DD675D49",
  "PInvoke.IPHlpApi.dll": "E949FA3326D1BA8872B179AB4EE49D38",
  "PInvoke.Kernel32.dll": "234E15B122ED430DE99490CA1A204958",
  "PInvoke.Magnification.dll": "C9EA3D34F506741ECC044DB19C151F09",
  "PInvoke.Msi.dll": "69EE50CE2DA6B55755E52589F49A7EBC",
  "PInvoke.NCrypt.dll": "DA1DE76C14D99370CA3BEF19DC299B15",
  "PInvoke.NetApi32.dll": "AE79F9FA2E3864A5E0642AE4622ECDC5",
  "PInvoke.NewDev.dll": "B3E1992105D986EF9C5C8E4B630FBB07",
  "PInvoke.NTDll.dll": "3F6BDF840EB27DD0FD9EB8071822183A",
  "PInvoke.Ole32.dll": "3C49FB100B60519FFE725BCD12A538F6",
  "PInvoke.Psapi.dll": "A7683EE4B880227F01C8AE632A892B9E",
  "PInvoke.SetupApi.dll": "1B7AE321185D0081D1759A9AD829F9BA",
  "PInvoke.SHCore.dll": "F27E7F063D51480F6D2294C903E4A606",
  "PInvoke.Shell32.dll": "F71A1BCAF6478190691170DAEA77722F",
  "PInvoke.User32.dll": "8BEDE38311ED4F27127290B81B8079FD",
  "PInvoke.Userenv.dll": "FEB7BCA90B8C905EC2F4BB0789847131",
  "PInvoke.UxTheme.dll": "8E683C016250CB719FDB9AAAFC22B3C5",
  "PInvoke.Windows.Core.dll": "90015440A44935208FFEA9BF61740651",
  "PInvoke.Windows.ShellScalingApi.dll": "F351B34B8C9183A51CADFDC279357C49",
  "PInvoke.WinUsb.dll": "9EB8A0280F2848D1A32B560A939F7336",
  "PInvoke.WtsApi32.dll": "341C94455D2E5893DBE4293D4D67AA4D",
  "Reloaded.Assembler.dll": "CCD7BEEDA7D4EEF55853081F660B806E",
  "Reloaded.Hooks.Definitions.dll": "410D1299A0E34F6FC38EAB69A4007462",
  "Reloaded.Hooks.dll": "C0B54AA89EFB00D5EBC9E33B5EBC9370",
  "Reloaded.Memory.Buffers.dll": "A2E79B23A15FDD437D9922EBA369C12A",
  "Reloaded.Memory.dll": "80BF3A732E9E07E3D1D12CF65BBD20F8",
  "revision.txt": "30CDE89544CAA549A813D660C4B27967",
  "SDL2-CS.config": "65557595FD5DF55D93B2BF881DE62C3A",
  "SDL2-CS.dll": "6D27D2809DD0022F83A562A7739CC7BB",
  "Serilog.dll": "FDFAF8DD9D8CD9DC2966D32EE91AAF6F",
  "Serilog.Sinks.Async.dll": "BAAB1DCEC5BBB99214319B47078021FD",
  "Serilog.Sinks.Console.dll": "67AACAAADC2E27ABDDE3337022A3BDD7",
  "Serilog.Sinks.File.dll": "81D8AB2F03BFD294F91EB05FF761B1F3",
  "SharpDX.Direct3D11.dll": "E3A7C38D2F23A492CE27BFDCABF92D62",
  "SharpDX.dll": "20A78277A22FADFB4155859BEEE0A733",
  "SharpDX.DXGI.dll": "4457E78A85171F15E452F56E9A288074",
  "SharpDX.Mathematics.dll": "6F32A2DDA47F9A9C99A5730C93D98D45",
  "Silk.NET.Core.dll": "977FC2A0EDD47BF7E652BB3C27CEDEDE",
  "Silk.NET.GLFW.dll": "FFCF59227A4B7F0B03973F318437CFAF",
  "Silk.NET.Maths.dll": "F62143B4E88322241664E944F803D68A",
  "Silk.NET.OpenGL.dll": "2EEAFC805ED1AC20125D7D3FAC4B562A",
  "Silk.NET.SDL.dll": "9A8ECE02538D40989F360AA1E063E266",
  "Silk.NET.Windowing.Common.dll": "37E8F53EC780BE225D85067022F21023",
  "Silk.NET.Windowing.Glfw.dll": "63868615F28FCEF3811D01620B37C071",
  "Silk.NET.Windowing.Sdl.dll": "26B76A8041B6A4A2B39FF8E8364FCB97",
  "SQLite-net.dll": "C0A8A13D0FE98EEC7D24D59473ECE358",
  "SQLitePCLRaw.batteries_v2.dll": "7187439B1A5E0047EE5330253222EE08",
  "SQLitePCLRaw.core.dll": "62BD9BF3D12AAACD21D070B269F6C71A",
  "SQLitePCLRaw.nativelibrary.dll": "6ED8D139B4B80C1017C5A17100329A75",
  "SQLitePCLRaw.provider.dynamic_cdecl.dll": "849F8BCCE72D48E64A7A46B614706A3D",
  "StbiSharp.dll": "C53ED0C8CDC9FE51BACD09F3D1C287D2",
  "System.Reactive.dll": "EF5A00287AD15393D41B12AA4B726FF7",
  "System.Reflection.MetadataLoadContext.dll": "7EC41D41F4E1246757BA3E2EC862D562",
  "System.Security.Cryptography.Pkcs.dll": "8950E01996A37E808BE3F39063C37BF9",
  "TEMP_gitver.txt": "D7EC6ADD42AB0867F983FE78AAC83602",
  "Validation.dll": "BC342CC7784087F36D3A2E4B858A54A1"
}
