{
  "runtimes\\linux-x64\\native\\libglfw.so.3": "9E3137144F68B9E9793F4C7AD5B1BEA7",
  "runtimes\\linux-x64\\native\\libSDL2-2.0.so": "99B95A708381FC66AB2370E45A260527",
  "runtimes\\linux-x64\\native\\libstbi.so": "0945355ED59677D06E3E88F48101BB26",
  "runtimes\\osx-x64\\native\\libglfw.3.dylib": "1E30FAB2F0C40E82290AD4B0BF14A880",
  "runtimes\\osx-x64\\native\\libSDL2-2.0.dylib": "AAC958490586C67395F0A90903AE3747",
  "runtimes\\osx-x64\\native\\libstbi.dylib": "0B84B0A6A80178266018081C3CAB68E6",
  "runtimes\\win-x64\\native\\cimgui.dll": "323E1147BEC8255786DC8EC7B4C16ADA",
  "runtimes\\win-x64\\native\\cimguizmo.dll": "49DBC3BC9034EFED766DEA814E42DAEE",
  "runtimes\\win-x64\\native\\cimplot.dll": "9336A2319D88B248F8B42E20DB968F2B",
  "runtimes\\win-x64\\native\\glfw3.dll": "6DE91CEEA4A0BE9596E8508CF7B141BB",
  "runtimes\\win-x64\\native\\minhook.x64d.dll": "E99A5758B08B9DDCF67F466AE9361C84",
  "runtimes\\win-x64\\native\\SDL2.dll": "18D86AC4C0A149C1771E2D189C40C379",
  "runtimes\\win-x64\\native\\stbi.dll": "E95A3D98A85CB6378966B3B8BD6B4A71",
  "runtimes\\win-x64\\native\\stbi.lib": "927C214DE576219E1F80DBE7798A0502",
  "runtimes\\win-x86\\native\\glfw3.dll": "B4A52D423AD227DF66A960703A318CB5",
  "runtimes\\win-x86\\native\\SDL2.dll": "5B72EFD3380EF80D99DA8171BCBFAACD",
  "targets\\Dalamud.Plugin.Bootstrap.targets": "72C91AC1B4F7C83711BB4C5834FE49A8",
  "targets\\Dalamud.Plugin.targets": "CE55DF182FBC948D33DB41454A31EEF9",
  "CheapLoc.dll": "080235E2487508EC15D0CBBEE3F4E082",
  "Costura.dll": "F6705B47DAA9B6812C26385CBB7BDCDB",
  "Dalamud.Boot.dll": "03A7C1F5BE8550B253CBCB9BE50C0030",
  "Dalamud.deps.json": "32AEA597F0C5D451AE7CDDD74432372D",
  "Dalamud.dll": "69FCD37202F5F1E3A5A8A45063A6A692",
  "Dalamud.Injector.deps.json": "D10EED2039C0151239F5EA4FE3A65A7B",
  "Dalamud.Injector.dll": "7D0DC247CEC17AE0FAE5D5C824173295",
  "Dalamud.Injector.exe": "7E9741AAA2B1616120270C5706AB70C5",
  "Dalamud.Injector.runtimeconfig.json": "AAAFA957BB3B382321D67ACC2D792553",
  "Dalamud.Injector.xml": "CC06A545B271F56E0781ECC82BDEF67F",
  "Dalamud.Interface.dll": "B67C04083FADEC7AEE8BDCFC7A2E0B8D",
  "Dalamud.runtimeconfig.json": "454E2BA21742B08CF0A9827950A92B0F",
  "Dalamud.xml": "5C4805C7E816872AC94022EC0D019295",
  "DalamudCrashHandler.exe": "006147696608D6CAC6A183F30CB4E070",
  "FASM-LICENSE.TXT": "ECEA1D10811221D5F0A3E96F9C38E2C7",
  "FASM.DLL": "6967BEE39DCACAAC2F9AE1FA6B925828",
  "FASMX64.DLL": "A798DBD6C0CA07DC16959BCE6D9C8CDA",
  "FFXIVClientStructs.dll": "95F9B0ADE1BA0ABE1CD1CB4BA801A284",
  "FFXIVClientStructs.xml": "BA4F4EE1FE3A86FD25F585B2E2EAB745",
  "goaaats.Reloaded.Assembler.targets": "CC22CB0A353E2136EE9E6E96DB9F7164",
  "Iced.dll": "CCED40B55B56D72568851B2B97DF5293",
  "ImGui.NET.dll": "19F39FB1C148B0C79E9E6BBA541B060C",
  "ImGuiScene.dll": "40543F3F83826C6599F9C97002682BB2",
  "JetBrains.Annotations.dll": "0A8DB4EAC1E5A2D86CEF3727C1E028D2",
  "licenses.txt": "A159BE62AA91178EFC3E3983AE874D1D",
  "Lumina.dll": "A48B91E402123FD38E203EB3763259CC",
  "Lumina.Excel.dll": "2F280B53A96D17D72AF50652CF470E3D",
  "Microsoft.Bcl.HashCode.dll": "613AB56061ADF2284E047025207467E0",
  "Microsoft.DotNet.PlatformAbstractions.dll": "00AB0F02B1114C57C758F5AD595224F1",
  "Microsoft.Extensions.DependencyModel.dll": "F39BC76C10CFEA478C936FC4521A9FC9",
  "MinSharp.dll": "9274625C75E51040174CDB985BC6E3A1",
  "Mono.Cecil.dll": "70B11BC431559080AB64970BC9E28986",
  "Mono.Cecil.Mdb.dll": "7E0B9B3CDD5CFC3BC4160124FD1C4E7E",
  "Mono.Cecil.Pdb.dll": "27823D3785D6B66D6BB105AFD196C56F",
  "Mono.Cecil.Rocks.dll": "939FFBADBF91F42C76631EAA49CB6F29",
  "MonoMod.Backports.dll": "05DB31AFFDAEEC78916FD048A54C4C26",
  "MonoMod.Core.dll": "93F99B67A505CCFE8A411AAB8EE8DD51",
  "MonoMod.Iced.dll": "1CCA054E9EBF815908CCEAC669E57F2C",
  "MonoMod.ILHelpers.dll": "2EA9F25254A66C23673AF936A85F3D95",
  "MonoMod.RuntimeDetour.dll": "DC38C13BF59387000C7ED6F6AD08A4F0",
  "MonoMod.Utils.dll": "70A233226CF2260D02387827D8FC20AF",
  "nethost.dll": "012081214FE71F0F6ADCD9F4A71B2B00",
  "Newtonsoft.Json.dll": "86A83A63F12B55FD3718CFBFB577D7DC",
  "PeNet.Asn1.dll": "0DB16284C9113873DF098C98500EFA0B",
  "PeNet.dll": "BE839406E4C2D41A290083161D4A59E5",
  "PInvoke.AdvApi32.dll": "34EE461D05B403C3A15D0DEC32A3788C",
  "PInvoke.BCrypt.dll": "FD07758EE1440491F22923084109FF26",
  "PInvoke.Cabinet.dll": "333D950E3804735DA60CC41D614C63E2",
  "PInvoke.CfgMgr32.dll": "768BE7CC18EDCF78B296A72ABE891691",
  "PInvoke.Crypt32.dll": "E7B00B0851738F4A7F2C6D37DAA973B4",
  "PInvoke.DbgHelp.dll": "E701136169620D20E3A70B560DE20E44",
  "PInvoke.DwmApi.dll": "ACF223CC8962404056648815B486F7D9",
  "PInvoke.Gdi32.dll": "69FF434826F98582CE44D3136ECFFACB",
  "PInvoke.Hid.dll": "2E7A41257F8AD9B26073181F450CD8E5",
  "PInvoke.ImageHlp.dll": "79BE816E8D86EA66489D7780DD675D49",
  "PInvoke.IPHlpApi.dll": "E949FA3326D1BA8872B179AB4EE49D38",
  "PInvoke.Kernel32.dll": "234E15B122ED430DE99490CA1A204958",
  "PInvoke.Magnification.dll": "C9EA3D34F506741ECC044DB19C151F09",
  "PInvoke.Msi.dll": "69EE50CE2DA6B55755E52589F49A7EBC",
  "PInvoke.NCrypt.dll": "DA1DE76C14D99370CA3BEF19DC299B15",
  "PInvoke.NetApi32.dll": "AE79F9FA2E3864A5E0642AE4622ECDC5",
  "PInvoke.NewDev.dll": "B3E1992105D986EF9C5C8E4B630FBB07",
  "PInvoke.NTDll.dll": "3F6BDF840EB27DD0FD9EB8071822183A",
  "PInvoke.Ole32.dll": "3C49FB100B60519FFE725BCD12A538F6",
  "PInvoke.Psapi.dll": "A7683EE4B880227F01C8AE632A892B9E",
  "PInvoke.SetupApi.dll": "1B7AE321185D0081D1759A9AD829F9BA",
  "PInvoke.SHCore.dll": "F27E7F063D51480F6D2294C903E4A606",
  "PInvoke.Shell32.dll": "F71A1BCAF6478190691170DAEA77722F",
  "PInvoke.User32.dll": "8BEDE38311ED4F27127290B81B8079FD",
  "PInvoke.Userenv.dll": "FEB7BCA90B8C905EC2F4BB0789847131",
  "PInvoke.UxTheme.dll": "8E683C016250CB719FDB9AAAFC22B3C5",
  "PInvoke.Windows.Core.dll": "90015440A44935208FFEA9BF61740651",
  "PInvoke.Windows.ShellScalingApi.dll": "F351B34B8C9183A51CADFDC279357C49",
  "PInvoke.WinUsb.dll": "9EB8A0280F2848D1A32B560A939F7336",
  "PInvoke.WtsApi32.dll": "341C94455D2E5893DBE4293D4D67AA4D",
  "Reloaded.Assembler.dll": "764153745794CCAB263FE9E93C7FB3DA",
  "Reloaded.Hooks.Definitions.dll": "EDCAED32CE38732DA8081E447E1EF6DD",
  "Reloaded.Hooks.dll": "4FFA983B6E0B67A0B22552BADA320BD1",
  "Reloaded.Memory.Buffers.dll": "81BCCCB2A9C3FADF451DE1679720666F",
  "Reloaded.Memory.dll": "0A17F3AFD92D8F713DC49427E2EFC00E",
  "revision.txt": "C0C783B5FC0D7D808F1D14A6E9C8280D",
  "SDL2-CS.config": "65557595FD5DF55D93B2BF881DE62C3A",
  "SDL2-CS.dll": "FE75FD876B2503FF04607A4DF38C0D41",
  "Serilog.dll": "1390ED22786646D7CCA1C0B618F3D617",
  "Serilog.Sinks.Async.dll": "61EE07EF860E764F9A0F847A9434C141",
  "Serilog.Sinks.Console.dll": "60CB406F599C98A73BF0943204843374",
  "Serilog.Sinks.File.dll": "CB61056A73CE5D069A2214C1810F30D6",
  "SharpDX.Direct3D11.dll": "F7C44446711335EB4775D950063B7B67",
  "SharpDX.dll": "9ED86BC75550375D3931D3ECE73DAFE0",
  "SharpDX.DXGI.dll": "9FB76812A81B51D78C90F42CA04007E3",
  "SharpDX.Mathematics.dll": "BBB9E482FC11E3724158CEB9BBCACE65",
  "Silk.NET.Core.dll": "3CC8203F982F2B180EC39BC1C6CDE850",
  "Silk.NET.GLFW.dll": "B0A07C978C84C18351134C5FC16A9697",
  "Silk.NET.Maths.dll": "7F4C1B64B84A84978E24C943F70BC999",
  "Silk.NET.OpenGL.dll": "FA0431CDF283D352F056E5440A960259",
  "Silk.NET.SDL.dll": "27CF0A0309920B64057182120FFCF732",
  "Silk.NET.Windowing.Common.dll": "7DB521F7552DC81EC58388778FF91EAF",
  "Silk.NET.Windowing.Glfw.dll": "315D5C557F1F00D018A7C03EF1C37F6A",
  "Silk.NET.Windowing.Sdl.dll": "34E4E6147A54291CB2CA6E20F96CAA2E",
  "StbiSharp.dll": "CF18C882BDA374CB1FB4CA05C1026788",
  "System.Reactive.dll": "EF5A00287AD15393D41B12AA4B726FF7",
  "System.Reflection.MetadataLoadContext.dll": "7EC41D41F4E1246757BA3E2EC862D562",
  "System.Security.Cryptography.Pkcs.dll": "8950E01996A37E808BE3F39063C37BF9",
  "TEMP_gitver.txt": "F3ECD37980D0C536E97D2059E21D1F8F",
  "Validation.dll": "557B08D37E0A6AE15B000FF20F4014D3"
}
