{
  "runtimes\\alpine-x64\\native\\libe_sqlite3.so": "39C244FEDBCD3DFC37041D4FCE1AE21D",
  "runtimes\\linux-arm\\native\\libe_sqlite3.so": "96CF54BC0EFB83D6E3F5F3E04997A59D",
  "runtimes\\linux-arm64\\native\\libe_sqlite3.so": "F079E55E7F3F9966A4A2052A3234E068",
  "runtimes\\linux-armel\\native\\libe_sqlite3.so": "C5A67D49434FC65D64E9C15778078C76",
  "runtimes\\linux-mips64\\native\\libe_sqlite3.so": "5F8461214089CFC677D46C19B7162161",
  "runtimes\\linux-musl-x64\\native\\libe_sqlite3.so": "39C244FEDBCD3DFC37041D4FCE1AE21D",
  "runtimes\\linux-x64\\native\\libe_sqlite3.so": "6F49C540D3AB9964D67A4A704C3D262D",
  "runtimes\\linux-x64\\native\\libglfw.so.3": "9E3137144F68B9E9793F4C7AD5B1BEA7",
  "runtimes\\linux-x64\\native\\libSDL2-2.0.so": "99B95A708381FC66AB2370E45A260527",
  "runtimes\\linux-x64\\native\\libstbi.so": "0945355ED59677D06E3E88F48101BB26",
  "runtimes\\linux-x86\\native\\libe_sqlite3.so": "5E0659B414CBD6DDC38C65582485853E",
  "runtimes\\osx-x64\\native\\libe_sqlite3.dylib": "F82AE134FCD1C080A69D775591406673",
  "runtimes\\osx-x64\\native\\libglfw.3.dylib": "1E30FAB2F0C40E82290AD4B0BF14A880",
  "runtimes\\osx-x64\\native\\libSDL2-2.0.dylib": "AAC958490586C67395F0A90903AE3747",
  "runtimes\\osx-x64\\native\\libstbi.dylib": "0B84B0A6A80178266018081C3CAB68E6",
  "runtimes\\win-arm\\native\\e_sqlite3.dll": "B1F31CA12A0D4C70C672374D17EE9B6B",
  "runtimes\\win-arm64\\native\\e_sqlite3.dll": "5009A2C4DC8985F87F84D62E72FC8C44",
  "runtimes\\win-x64\\native\\cimgui.dll": "82871B32F1EACA0802F528BF97937D31",
  "runtimes\\win-x64\\native\\cimguizmo.dll": "5A8F235BB7C27F6EB0B19AEF6E833CFF",
  "runtimes\\win-x64\\native\\cimplot.dll": "8C8FAA17A832EBD9711AF738ABCEF8BA",
  "runtimes\\win-x64\\native\\e_sqlite3.dll": "11FB2388660E24D6917A9FFE909A7CC4",
  "runtimes\\win-x64\\native\\glfw3.dll": "FEE847D0B4B492863E88F631AFBA6E4C",
  "runtimes\\win-x64\\native\\minhook.x64d.dll": "B6323927294B5767B07BC54EB6AB97F4",
  "runtimes\\win-x64\\native\\SDL2.dll": "DD9DA157BC73BF094DE082ED935041BA",
  "runtimes\\win-x64\\native\\stbi.dll": "95DB67E5E56146B47CB81C9BCE692FDB",
  "runtimes\\win-x64\\native\\stbi.lib": "927C214DE576219E1F80DBE7798A0502",
  "runtimes\\win-x86\\native\\e_sqlite3.dll": "250723DFD408AEAA602B305D899B526F",
  "runtimes\\win-x86\\native\\glfw3.dll": "D297BB0ED1D55D59C4684D926DFC6000",
  "runtimes\\win-x86\\native\\SDL2.dll": "055C2B6F29F7C502D95A3DF461DC2F14",
  "targets\\Dalamud.Plugin.Bootstrap.targets": "C85635161398CD9852CF7212DB7EB904",
  "targets\\Dalamud.Plugin.targets": "D3DE10F1F04F22619FDD1005FD3DCFEF",
  "CheapLoc.dll": "B3E1FFEC5CE623D02BB5CA79BD07C418",
  "Costura.dll": "E7B7984C5E981B685C17E67A912DD7AB",
  "Dalamud.Boot.dll": "9E8FD24F2AA07657D80A0130265A3705",
  "Dalamud.Common.dll": "4B8F60E966683C4CEAE24997426A7472",
  "Dalamud.deps.json": "3D506ACEB4FEAE6A8AC47C8C913F3AA5",
  "Dalamud.dll": "B917DE477F4A086347C1DE784952F5DA",
  "Dalamud.Injector.deps.json": "4E53ABE9A5D3E4592DA63EBF98DAAD86",
  "Dalamud.Injector.dll": "AE28D761586FD72ACC7A3861D5D0C82B",
  "Dalamud.Injector.exe": "104A64284141A9910F275B86B469AFDD",
  "Dalamud.Injector.runtimeconfig.json": "AAAFA957BB3B382321D67ACC2D792553",
  "Dalamud.Injector.xml": "6CFC451561E67CE7788814C5B327D7EC",
  "Dalamud.runtimeconfig.json": "454E2BA21742B08CF0A9827950A92B0F",
  "Dalamud.xml": "12FD1448629846ED00D544F75A16BAF1",
  "DalamudCrashHandler.exe": "878A46A2E770804DC3B7F79F19C77055",
  "FASM-LICENSE.TXT": "ECEA1D10811221D5F0A3E96F9C38E2C7",
  "FASM.DLL": "E7A7293E36EF46ADAD3F5FB240DE77A4",
  "FASMX64.DLL": "E30A55BF3D503565A3D74B4184F35E7E",
  "FFXIVClientStructs.dll": "F57D723D0C55ED2B7A129135B2D26B8D",
  "FFXIVClientStructs.xml": "F047797A2BD71D6B107E93D79A4F8543",
  "goaaats.Reloaded.Assembler.targets": "CC22CB0A353E2136EE9E6E96DB9F7164",
  "Iced.dll": "3D720F697B91CFBB0B7DC5D1D841EB3E",
  "ImGui.NET.dll": "9CBB73E0082E928C0A4A95D8885F3397",
  "ImGuiScene.dll": "6503B1A8B22E173EB857378FEE2D5AFA",
  "JetBrains.Annotations.dll": "43D7787A5E369B004106A8E471DBEF39",
  "licenses.txt": "A159BE62AA91178EFC3E3983AE874D1D",
  "Lumina.dll": "103733014E868E7453D82EB1B94E8DC1",
  "Lumina.Excel.dll": "5F0C2DBD5487165C634D7B5BB2EB9AE7",
  "Microsoft.Bcl.HashCode.dll": "613AB56061ADF2284E047025207467E0",
  "Microsoft.DotNet.PlatformAbstractions.dll": "00AB0F02B1114C57C758F5AD595224F1",
  "Microsoft.Extensions.DependencyModel.dll": "F39BC76C10CFEA478C936FC4521A9FC9",
  "MinSharp.dll": "6FE022BC02BEA19BC1F72D49A565E415",
  "Mono.Cecil.dll": "43C290C0B63354D5B53D056BB356A56E",
  "Mono.Cecil.Mdb.dll": "980D929CA4067BE42A9295514CB349DB",
  "Mono.Cecil.Pdb.dll": "3571B04D175AB011150B85037BC82AA0",
  "Mono.Cecil.Rocks.dll": "D0BEAEA33352888796FD0713D8943EFD",
  "MonoMod.Backports.dll": "D0F7486AD305414EFA61794144BBF7B3",
  "MonoMod.Core.dll": "B591BD62298FDAABE9115DE0434DF28F",
  "MonoMod.Iced.dll": "AC3CE6CFB5706FB65CA65F99B0D388A2",
  "MonoMod.ILHelpers.dll": "C44DB70D42953836A238C57566528E89",
  "MonoMod.RuntimeDetour.dll": "F07522E641ABAA3C7A55950D1C59C542",
  "MonoMod.Utils.dll": "979C510FEC2DDA064FFF851982712149",
  "nethost.dll": "012081214FE71F0F6ADCD9F4A71B2B00",
  "Newtonsoft.Json.dll": "86A83A63F12B55FD3718CFBFB577D7DC",
  "PeNet.Asn1.dll": "5CCD3AF042684575FECB23590E8EE84A",
  "PeNet.dll": "760123C7973256C994E5F01C9E467DB5",
  "PInvoke.AdvApi32.dll": "34EE461D05B403C3A15D0DEC32A3788C",
  "PInvoke.BCrypt.dll": "FD07758EE1440491F22923084109FF26",
  "PInvoke.Cabinet.dll": "333D950E3804735DA60CC41D614C63E2",
  "PInvoke.CfgMgr32.dll": "768BE7CC18EDCF78B296A72ABE891691",
  "PInvoke.Crypt32.dll": "E7B00B0851738F4A7F2C6D37DAA973B4",
  "PInvoke.DbgHelp.dll": "E701136169620D20E3A70B560DE20E44",
  "PInvoke.DwmApi.dll": "ACF223CC8962404056648815B486F7D9",
  "PInvoke.Gdi32.dll": "69FF434826F98582CE44D3136ECFFACB",
  "PInvoke.Hid.dll": "2E7A41257F8AD9B26073181F450CD8E5",
  "PInvoke.ImageHlp.dll": "79BE816E8D86EA66489D7780DD675D49",
  "PInvoke.IPHlpApi.dll": "E949FA3326D1BA8872B179AB4EE49D38",
  "PInvoke.Kernel32.dll": "234E15B122ED430DE99490CA1A204958",
  "PInvoke.Magnification.dll": "C9EA3D34F506741ECC044DB19C151F09",
  "PInvoke.Msi.dll": "69EE50CE2DA6B55755E52589F49A7EBC",
  "PInvoke.NCrypt.dll": "DA1DE76C14D99370CA3BEF19DC299B15",
  "PInvoke.NetApi32.dll": "AE79F9FA2E3864A5E0642AE4622ECDC5",
  "PInvoke.NewDev.dll": "B3E1992105D986EF9C5C8E4B630FBB07",
  "PInvoke.NTDll.dll": "3F6BDF840EB27DD0FD9EB8071822183A",
  "PInvoke.Ole32.dll": "3C49FB100B60519FFE725BCD12A538F6",
  "PInvoke.Psapi.dll": "A7683EE4B880227F01C8AE632A892B9E",
  "PInvoke.SetupApi.dll": "1B7AE321185D0081D1759A9AD829F9BA",
  "PInvoke.SHCore.dll": "F27E7F063D51480F6D2294C903E4A606",
  "PInvoke.Shell32.dll": "F71A1BCAF6478190691170DAEA77722F",
  "PInvoke.User32.dll": "8BEDE38311ED4F27127290B81B8079FD",
  "PInvoke.Userenv.dll": "FEB7BCA90B8C905EC2F4BB0789847131",
  "PInvoke.UxTheme.dll": "8E683C016250CB719FDB9AAAFC22B3C5",
  "PInvoke.Windows.Core.dll": "90015440A44935208FFEA9BF61740651",
  "PInvoke.Windows.ShellScalingApi.dll": "F351B34B8C9183A51CADFDC279357C49",
  "PInvoke.WinUsb.dll": "9EB8A0280F2848D1A32B560A939F7336",
  "PInvoke.WtsApi32.dll": "341C94455D2E5893DBE4293D4D67AA4D",
  "Reloaded.Assembler.dll": "13A207A99D31365FEC97965798EC71F9",
  "Reloaded.Hooks.Definitions.dll": "449B3F7644AEE6B284EEF94C5717453F",
  "Reloaded.Hooks.dll": "A455CB3ABB0D707CF222C7BA2743FA54",
  "Reloaded.Memory.Buffers.dll": "545F6B26BE2F0B0966A89ACC13C2CADC",
  "Reloaded.Memory.dll": "0A58ECA54C6B5874356C5C249899468F",
  "revision.txt": "B90BA83119860D7F6A6DFAAB9F2AA150",
  "SDL2-CS.config": "65557595FD5DF55D93B2BF881DE62C3A",
  "SDL2-CS.dll": "833C89416DBE9D8862E1742FD2EBA6C0",
  "Serilog.dll": "1E6917F9C45283C5CAA3E6A82346D1D2",
  "Serilog.Sinks.Async.dll": "98ACB1C0A2F15EF44C7CB70E2BFE05C9",
  "Serilog.Sinks.Console.dll": "B3AB978A782CE7BAA2D663ABB6D3D12C",
  "Serilog.Sinks.File.dll": "585B6F2C06CF2A041A9DD3E6611F0615",
  "SharpDX.Direct3D11.dll": "669D5A68FD96E93DD62AC771976EF8B8",
  "SharpDX.dll": "3398D0AEBFE4C90C63416F814B9B137A",
  "SharpDX.DXGI.dll": "BAB46BCFFE7E9C7A098E397A01EE7584",
  "SharpDX.Mathematics.dll": "446388ECA698C1E86CE3750022290FDA",
  "Silk.NET.Core.dll": "972DFAD9C022D2B08D4E0CA41CB21FF5",
  "Silk.NET.GLFW.dll": "6D653AD73106AC446E75C89DE9E95DCD",
  "Silk.NET.Maths.dll": "157AEDA8657D4B046A95A0F6F400771F",
  "Silk.NET.OpenGL.dll": "615B20783DA203E339F2C886489DB90D",
  "Silk.NET.SDL.dll": "26F319F057730E1BBE1544A59299FDE2",
  "Silk.NET.Windowing.Common.dll": "A336303FEFA5FC7EB4B623F5784004A1",
  "Silk.NET.Windowing.Glfw.dll": "87E6249A94697E0EA5FA5251F35AE818",
  "Silk.NET.Windowing.Sdl.dll": "141518FB7A89E7BF0B5C03A720E22B0D",
  "SQLite-net.dll": "E672D36EB541AF2890953A07FED2AB81",
  "SQLitePCLRaw.batteries_v2.dll": "3524A1191A1B4B8A7D5445BD01E2BDD6",
  "SQLitePCLRaw.core.dll": "C89870F710D9D3EB71793B56583F87F1",
  "SQLitePCLRaw.nativelibrary.dll": "9369B3FBB9F436295A379DA63FCF424B",
  "SQLitePCLRaw.provider.dynamic_cdecl.dll": "61F7D4769FA068D0BE0232FAAEC0F492",
  "StbiSharp.dll": "2B477B7B73F8057374C82DCAD130FF1B",
  "System.Reactive.dll": "EF5A00287AD15393D41B12AA4B726FF7",
  "System.Reflection.MetadataLoadContext.dll": "7EC41D41F4E1246757BA3E2EC862D562",
  "System.Security.Cryptography.Pkcs.dll": "8950E01996A37E808BE3F39063C37BF9",
  "TEMP_gitver.txt": "DAC8153F6AFFC3CE5F6697B217E4D21C",
  "Validation.dll": "4707D0A1AED5D7B6E73F63D23251F99D"
}
