{
  "runtimes\\alpine-x64\\native\\libe_sqlite3.so": "39C244FEDBCD3DFC37041D4FCE1AE21D",
  "runtimes\\linux-arm\\native\\libe_sqlite3.so": "96CF54BC0EFB83D6E3F5F3E04997A59D",
  "runtimes\\linux-arm64\\native\\libe_sqlite3.so": "F079E55E7F3F9966A4A2052A3234E068",
  "runtimes\\linux-armel\\native\\libe_sqlite3.so": "C5A67D49434FC65D64E9C15778078C76",
  "runtimes\\linux-mips64\\native\\libe_sqlite3.so": "5F8461214089CFC677D46C19B7162161",
  "runtimes\\linux-musl-x64\\native\\libe_sqlite3.so": "39C244FEDBCD3DFC37041D4FCE1AE21D",
  "runtimes\\linux-x64\\native\\libe_sqlite3.so": "6F49C540D3AB9964D67A4A704C3D262D",
  "runtimes\\linux-x64\\native\\libglfw.so.3": "9E3137144F68B9E9793F4C7AD5B1BEA7",
  "runtimes\\linux-x64\\native\\libSDL2-2.0.so": "99B95A708381FC66AB2370E45A260527",
  "runtimes\\linux-x64\\native\\libstbi.so": "0945355ED59677D06E3E88F48101BB26",
  "runtimes\\linux-x86\\native\\libe_sqlite3.so": "5E0659B414CBD6DDC38C65582485853E",
  "runtimes\\osx-x64\\native\\libe_sqlite3.dylib": "F82AE134FCD1C080A69D775591406673",
  "runtimes\\osx-x64\\native\\libglfw.3.dylib": "1E30FAB2F0C40E82290AD4B0BF14A880",
  "runtimes\\osx-x64\\native\\libSDL2-2.0.dylib": "AAC958490586C67395F0A90903AE3747",
  "runtimes\\osx-x64\\native\\libstbi.dylib": "0B84B0A6A80178266018081C3CAB68E6",
  "runtimes\\win-arm\\native\\e_sqlite3.dll": "F2800A71E57812780D3E131B9D7307C0",
  "runtimes\\win-arm64\\native\\e_sqlite3.dll": "AD7FD70740876737B92C755CA2589BEA",
  "runtimes\\win-x64\\native\\cimgui.dll": "F2FC3F4027CCA195BEEA48A077445613",
  "runtimes\\win-x64\\native\\cimguizmo.dll": "3735B07A44C4725D4E1827939BC1904D",
  "runtimes\\win-x64\\native\\cimplot.dll": "75AE1E4BECD7190BDE3D2A61CACB7330",
  "runtimes\\win-x64\\native\\e_sqlite3.dll": "1C53DE5F3E8307508C736256B7109A62",
  "runtimes\\win-x64\\native\\glfw3.dll": "AEDA1DC1717165441E8B1BF70114597D",
  "runtimes\\win-x64\\native\\minhook.x64d.dll": "E27494A399A8C1D9EDD1ACF2A47E89C2",
  "runtimes\\win-x64\\native\\SDL2.dll": "4F5BD05DC97BB3F7F7086775B7894BB6",
  "runtimes\\win-x64\\native\\stbi.dll": "688AA2F65595C932874F2C3206F40CE8",
  "runtimes\\win-x64\\native\\stbi.lib": "927C214DE576219E1F80DBE7798A0502",
  "runtimes\\win-x86\\native\\e_sqlite3.dll": "7A1606A164D6FA8FF9DE8335730224DB",
  "runtimes\\win-x86\\native\\glfw3.dll": "F4A89D3E7406FE450B71D87D2A5ECAF7",
  "runtimes\\win-x86\\native\\SDL2.dll": "7531B9CAE54096FAD823C56EF66EDD9B",
  "targets\\Dalamud.Plugin.Bootstrap.targets": "C85635161398CD9852CF7212DB7EB904",
  "targets\\Dalamud.Plugin.targets": "D3DE10F1F04F22619FDD1005FD3DCFEF",
  "CheapLoc.dll": "8609B52E6ED22F671D22097649171770",
  "Costura.dll": "0E6804810786469D3107BC12D2EC7782",
  "Dalamud.Boot.dll": "9DD4E88B91390EFE26E9AFADEC312D2D",
  "Dalamud.Common.dll": "75911BB14518F796B7F9AA43047B245C",
  "Dalamud.deps.json": "3D506ACEB4FEAE6A8AC47C8C913F3AA5",
  "Dalamud.dll": "F96CBB5B66A75A7752E127F045C2C394",
  "Dalamud.Injector.deps.json": "4E53ABE9A5D3E4592DA63EBF98DAAD86",
  "Dalamud.Injector.dll": "B235DE2BD54B805F0F3BD23AD836D106",
  "Dalamud.Injector.exe": "7B8096D24C8B3FE540F7E1582FDD322A",
  "Dalamud.Injector.runtimeconfig.json": "AAAFA957BB3B382321D67ACC2D792553",
  "Dalamud.Injector.xml": "6CFC451561E67CE7788814C5B327D7EC",
  "Dalamud.runtimeconfig.json": "454E2BA21742B08CF0A9827950A92B0F",
  "Dalamud.xml": "12FD1448629846ED00D544F75A16BAF1",
  "DalamudCrashHandler.exe": "C072D50917B322501D8D9B783F7DD099",
  "FASM-LICENSE.TXT": "ECEA1D10811221D5F0A3E96F9C38E2C7",
  "FASM.DLL": "7379E694CBF598BB1575E1D989B3A0EE",
  "FASMX64.DLL": "F9ED6EC0158C594F32812A26E2027D44",
  "FFXIVClientStructs.dll": "A66FB9FA87F436B59CC90ADDB2E58D08",
  "FFXIVClientStructs.xml": "F047797A2BD71D6B107E93D79A4F8543",
  "goaaats.Reloaded.Assembler.targets": "CC22CB0A353E2136EE9E6E96DB9F7164",
  "Iced.dll": "1BE83504F86071519E573C547BD37095",
  "ImGui.NET.dll": "194A5CD0CECE3838730347CEFFBFE342",
  "ImGuiScene.dll": "AFF7BDB9DBA7A0D80FEA6D44E4FCD7D6",
  "JetBrains.Annotations.dll": "72789D09A19F20D67405DC2FB279BF35",
  "licenses.txt": "A159BE62AA91178EFC3E3983AE874D1D",
  "Lumina.dll": "FF2952BF412ACE42F9B399D1C9FF331E",
  "Lumina.Excel.dll": "BB58A9CAE7E1A812191335B6747ECFF8",
  "Microsoft.Bcl.HashCode.dll": "613AB56061ADF2284E047025207467E0",
  "Microsoft.DotNet.PlatformAbstractions.dll": "00AB0F02B1114C57C758F5AD595224F1",
  "Microsoft.Extensions.DependencyModel.dll": "F39BC76C10CFEA478C936FC4521A9FC9",
  "MinSharp.dll": "40A2650AC598BFEF44CF684AF6459E29",
  "Mono.Cecil.dll": "B0519BBA0025DBE262EA4C2695442936",
  "Mono.Cecil.Mdb.dll": "C59956D72370DB592C18AFE6883676E4",
  "Mono.Cecil.Pdb.dll": "D6CCA5032EE950E37FB9ACD259851CE0",
  "Mono.Cecil.Rocks.dll": "D9DAC5C6C7249546534D05C06C75CB12",
  "MonoMod.Backports.dll": "41792E3446A37C3B55FA098BCDFE2661",
  "MonoMod.Core.dll": "6AAB22CB97EAB4F717F014AF7DC75F46",
  "MonoMod.Iced.dll": "018D4867A4463B76EEDC60FA4E031BB2",
  "MonoMod.ILHelpers.dll": "47A0D3C64E09802C83556AD8D290A39E",
  "MonoMod.RuntimeDetour.dll": "0F0AF6D453E5A4EAF14D049641F0CDDE",
  "MonoMod.Utils.dll": "BBD75DB540080734A770DD2FE7AE2272",
  "nethost.dll": "012081214FE71F0F6ADCD9F4A71B2B00",
  "Newtonsoft.Json.dll": "86A83A63F12B55FD3718CFBFB577D7DC",
  "PeNet.Asn1.dll": "40E8CAAFBE61DEAE06A6F3B5A0CF10E6",
  "PeNet.dll": "5F6EA52F5B1130903C77BB087FA904C7",
  "PInvoke.AdvApi32.dll": "34EE461D05B403C3A15D0DEC32A3788C",
  "PInvoke.BCrypt.dll": "FD07758EE1440491F22923084109FF26",
  "PInvoke.Cabinet.dll": "333D950E3804735DA60CC41D614C63E2",
  "PInvoke.CfgMgr32.dll": "768BE7CC18EDCF78B296A72ABE891691",
  "PInvoke.Crypt32.dll": "E7B00B0851738F4A7F2C6D37DAA973B4",
  "PInvoke.DbgHelp.dll": "E701136169620D20E3A70B560DE20E44",
  "PInvoke.DwmApi.dll": "ACF223CC8962404056648815B486F7D9",
  "PInvoke.Gdi32.dll": "69FF434826F98582CE44D3136ECFFACB",
  "PInvoke.Hid.dll": "2E7A41257F8AD9B26073181F450CD8E5",
  "PInvoke.ImageHlp.dll": "79BE816E8D86EA66489D7780DD675D49",
  "PInvoke.IPHlpApi.dll": "E949FA3326D1BA8872B179AB4EE49D38",
  "PInvoke.Kernel32.dll": "234E15B122ED430DE99490CA1A204958",
  "PInvoke.Magnification.dll": "C9EA3D34F506741ECC044DB19C151F09",
  "PInvoke.Msi.dll": "69EE50CE2DA6B55755E52589F49A7EBC",
  "PInvoke.NCrypt.dll": "DA1DE76C14D99370CA3BEF19DC299B15",
  "PInvoke.NetApi32.dll": "AE79F9FA2E3864A5E0642AE4622ECDC5",
  "PInvoke.NewDev.dll": "B3E1992105D986EF9C5C8E4B630FBB07",
  "PInvoke.NTDll.dll": "3F6BDF840EB27DD0FD9EB8071822183A",
  "PInvoke.Ole32.dll": "3C49FB100B60519FFE725BCD12A538F6",
  "PInvoke.Psapi.dll": "A7683EE4B880227F01C8AE632A892B9E",
  "PInvoke.SetupApi.dll": "1B7AE321185D0081D1759A9AD829F9BA",
  "PInvoke.SHCore.dll": "F27E7F063D51480F6D2294C903E4A606",
  "PInvoke.Shell32.dll": "F71A1BCAF6478190691170DAEA77722F",
  "PInvoke.User32.dll": "8BEDE38311ED4F27127290B81B8079FD",
  "PInvoke.Userenv.dll": "FEB7BCA90B8C905EC2F4BB0789847131",
  "PInvoke.UxTheme.dll": "8E683C016250CB719FDB9AAAFC22B3C5",
  "PInvoke.Windows.Core.dll": "90015440A44935208FFEA9BF61740651",
  "PInvoke.Windows.ShellScalingApi.dll": "F351B34B8C9183A51CADFDC279357C49",
  "PInvoke.WinUsb.dll": "9EB8A0280F2848D1A32B560A939F7336",
  "PInvoke.WtsApi32.dll": "341C94455D2E5893DBE4293D4D67AA4D",
  "Reloaded.Assembler.dll": "3680AEA155D87C3C0E2919930F017AC9",
  "Reloaded.Hooks.Definitions.dll": "B69A44AF81637C04C3FF40B11C5E7276",
  "Reloaded.Hooks.dll": "92057A6DED4DF90445C1A4BB576823C7",
  "Reloaded.Memory.Buffers.dll": "DC8EDD887DB124E1E6587AC89543467E",
  "Reloaded.Memory.dll": "192ABEDBAC6AC69FAA825FC82F6A50AC",
  "revision.txt": "B052E2E0C0AD1B2D5036BD56E27D061C",
  "SDL2-CS.config": "65557595FD5DF55D93B2BF881DE62C3A",
  "SDL2-CS.dll": "1901F7F5AAB4A8877EE2C50C2D14679C",
  "Serilog.dll": "0CD0E80F0ABFCDF7BA0BB62F6D07DA3D",
  "Serilog.Sinks.Async.dll": "22F5A733C3FEB0909547575ED01707B7",
  "Serilog.Sinks.Console.dll": "B30011D46B5F1981C468739D46736F23",
  "Serilog.Sinks.File.dll": "24D8B427910EE5CED3B5B2D0C03C6146",
  "SharpDX.Direct3D11.dll": "70DD2F7979EE58C67778CB5594D433E4",
  "SharpDX.dll": "424A326A627803F2E35331C6E9A6322C",
  "SharpDX.DXGI.dll": "D26630BAF4B13CAAF5BD4BE3F461BEB2",
  "SharpDX.Mathematics.dll": "71E23F95D09E350E332D9920551C8A4B",
  "Silk.NET.Core.dll": "B8AA864735A1D68EFDDF49ECE7D572C6",
  "Silk.NET.GLFW.dll": "906150B63B7F3EF148016EBD39162B83",
  "Silk.NET.Maths.dll": "4D0BC58C99EF5E06CB3B7D4BF276283C",
  "Silk.NET.OpenGL.dll": "23FCDC1758FDB7FD1F54909B0D6A1CF8",
  "Silk.NET.SDL.dll": "2ACA0FA53E08BB0AD44C74FB99172BE7",
  "Silk.NET.Windowing.Common.dll": "3B0E2095401857A6955885220377C057",
  "Silk.NET.Windowing.Glfw.dll": "6E3A3292E29E0E81259184398885C780",
  "Silk.NET.Windowing.Sdl.dll": "B0246CA8A20DBB6D36931D58B38BE2C5",
  "SQLite-net.dll": "248F06017C86F9D6E9576D893C0C3072",
  "SQLitePCLRaw.batteries_v2.dll": "2E65279109B94FC42F45BA622F866F85",
  "SQLitePCLRaw.core.dll": "FEBDD1264B1EC6D00E08C66D9B9BEA7A",
  "SQLitePCLRaw.nativelibrary.dll": "046C08D6A43635AEBECE267C9C100888",
  "SQLitePCLRaw.provider.dynamic_cdecl.dll": "09F4B1B903B5E3949607278BEC039A84",
  "StbiSharp.dll": "EA9E395106652017A0EDE00D1850D956",
  "System.Reactive.dll": "EF5A00287AD15393D41B12AA4B726FF7",
  "System.Reflection.MetadataLoadContext.dll": "7EC41D41F4E1246757BA3E2EC862D562",
  "System.Security.Cryptography.Pkcs.dll": "8950E01996A37E808BE3F39063C37BF9",
  "TEMP_gitver.txt": "D1BA0086FAA1EB3BA68130D3D96F94D3",
  "Validation.dll": "6E3630AE02EA8CE3FA2F4296EF915246"
}
