{
  "runtimes\\linux-x64\\native\\libglfw.so.3": "9E3137144F68B9E9793F4C7AD5B1BEA7",
  "runtimes\\linux-x64\\native\\libSDL2-2.0.so": "99B95A708381FC66AB2370E45A260527",
  "runtimes\\linux-x64\\native\\libstbi.so": "0945355ED59677D06E3E88F48101BB26",
  "runtimes\\osx-x64\\native\\libglfw.3.dylib": "1E30FAB2F0C40E82290AD4B0BF14A880",
  "runtimes\\osx-x64\\native\\libSDL2-2.0.dylib": "AAC958490586C67395F0A90903AE3747",
  "runtimes\\osx-x64\\native\\libstbi.dylib": "0B84B0A6A80178266018081C3CAB68E6",
  "runtimes\\win-x64\\native\\cimgui.dll": "E036BD91177E5701E1B9AA79E76B74FD",
  "runtimes\\win-x64\\native\\cimguizmo.dll": "A14D1E890573235337F8FC21DA2062B5",
  "runtimes\\win-x64\\native\\cimplot.dll": "0A3CAA93A33D6C9542FC11319D299431",
  "runtimes\\win-x64\\native\\glfw3.dll": "91B3F0ECB1B25D9B34A9D3AEC59D7036",
  "runtimes\\win-x64\\native\\minhook.x64d.dll": "6F46381A92D089CF8AC819853DAE49B2",
  "runtimes\\win-x64\\native\\SDL2.dll": "27CC301B8F67CBB156E67BB5CDDA7392",
  "runtimes\\win-x64\\native\\stbi.dll": "AAB8CE1CEDA48A17E2B70CA4DF4596E9",
  "runtimes\\win-x64\\native\\stbi.lib": "927C214DE576219E1F80DBE7798A0502",
  "runtimes\\win-x86\\native\\glfw3.dll": "DB2BA16F052F2E0E8B1C3084AC6CF0DB",
  "runtimes\\win-x86\\native\\SDL2.dll": "6AAA5E8E14EB804FCC4773D664A56887",
  "targets\\Dalamud.Plugin.Bootstrap.targets": "72C91AC1B4F7C83711BB4C5834FE49A8",
  "targets\\Dalamud.Plugin.targets": "D3DE10F1F04F22619FDD1005FD3DCFEF",
  "CheapLoc.dll": "710B10584909B171DDCA301F5742018B",
  "Costura.dll": "5D7F25DA4517B0B539DC2050032B30FB",
  "Dalamud.Boot.dll": "A84874026153F2C014AE2B4CF1D52795",
  "Dalamud.deps.json": "DDB22E0738D8FA598772708A6F9B131F",
  "Dalamud.dll": "F23BED2BD746517FBAB5D96529AB560E",
  "Dalamud.Injector.deps.json": "D10EED2039C0151239F5EA4FE3A65A7B",
  "Dalamud.Injector.dll": "50A50D5A5D2DDB30C1B97C29CDD6AB1B",
  "Dalamud.Injector.exe": "EF1A2BBE8255AD075A6839DF4AEAA6C7",
  "Dalamud.Injector.runtimeconfig.json": "AAAFA957BB3B382321D67ACC2D792553",
  "Dalamud.Injector.xml": "CC06A545B271F56E0781ECC82BDEF67F",
  "Dalamud.runtimeconfig.json": "454E2BA21742B08CF0A9827950A92B0F",
  "Dalamud.xml": "347DE1B68153CC9F806A9256BFEFDD6B",
  "DalamudCrashHandler.exe": "79658C9F84DEC38118B90808045FD53F",
  "FASM-LICENSE.TXT": "ECEA1D10811221D5F0A3E96F9C38E2C7",
  "FASM.DLL": "C917CD38FA9BBC2AA26E9F986591F6D7",
  "FASMX64.DLL": "0E5174D05E7BF1362977A25ED3701BBC",
  "FFXIVClientStructs.dll": "CBC3EA782C89146B732FD723D3CA2003",
  "FFXIVClientStructs.xml": "99D52300842511BA998676842AD0B2D7",
  "goaaats.Reloaded.Assembler.targets": "CC22CB0A353E2136EE9E6E96DB9F7164",
  "Iced.dll": "F0A89C172F27234C9E7A5F2878097EF1",
  "ImGui.NET.dll": "73E1A8E077A5F9310834F0957108215F",
  "ImGuiScene.dll": "DB073C7F6403100BB4B46CBE935BF847",
  "JetBrains.Annotations.dll": "28F138222D7ED24638E77A78672500F6",
  "licenses.txt": "A159BE62AA91178EFC3E3983AE874D1D",
  "Lumina.dll": "70E0D48D62B29BEF2F6A7D749677F3C7",
  "Lumina.Excel.dll": "98E2CA923A9DD715F8F332C19ABE23C9",
  "Microsoft.Bcl.HashCode.dll": "613AB56061ADF2284E047025207467E0",
  "Microsoft.DotNet.PlatformAbstractions.dll": "00AB0F02B1114C57C758F5AD595224F1",
  "Microsoft.Extensions.DependencyModel.dll": "F39BC76C10CFEA478C936FC4521A9FC9",
  "MinSharp.dll": "FA1B421800CD15F85E7C2FE3773B0E75",
  "Mono.Cecil.dll": "7B7E8BB2612252749691E5A935CCA761",
  "Mono.Cecil.Mdb.dll": "F17CF699F73512594CCD2C69CECFEEEF",
  "Mono.Cecil.Pdb.dll": "17FE7EE212E519F20FC3C4E2F56DFCD6",
  "Mono.Cecil.Rocks.dll": "1A84286F726528E2A2EF8F3DCC933A6F",
  "MonoMod.Backports.dll": "A755FC043AD941505FF074C8A7CBD8B6",
  "MonoMod.Core.dll": "5EF1EBE7330E072DF234764336C5EC6E",
  "MonoMod.Iced.dll": "7719A095EEAFC49C709DF620894E9514",
  "MonoMod.ILHelpers.dll": "6D59B3172465E0371F63250CF5F16D1F",
  "MonoMod.RuntimeDetour.dll": "2F03BA7BD0E94D2F89CE228FECE79E6A",
  "MonoMod.Utils.dll": "466E4DCEA62A021E978ADB4468B69386",
  "nethost.dll": "012081214FE71F0F6ADCD9F4A71B2B00",
  "Newtonsoft.Json.dll": "86A83A63F12B55FD3718CFBFB577D7DC",
  "PeNet.Asn1.dll": "63EC524604E6AE33822F07938C427059",
  "PeNet.dll": "4E1D5989C578777EA50CF640802C105C",
  "PInvoke.AdvApi32.dll": "34EE461D05B403C3A15D0DEC32A3788C",
  "PInvoke.BCrypt.dll": "FD07758EE1440491F22923084109FF26",
  "PInvoke.Cabinet.dll": "333D950E3804735DA60CC41D614C63E2",
  "PInvoke.CfgMgr32.dll": "768BE7CC18EDCF78B296A72ABE891691",
  "PInvoke.Crypt32.dll": "E7B00B0851738F4A7F2C6D37DAA973B4",
  "PInvoke.DbgHelp.dll": "E701136169620D20E3A70B560DE20E44",
  "PInvoke.DwmApi.dll": "ACF223CC8962404056648815B486F7D9",
  "PInvoke.Gdi32.dll": "69FF434826F98582CE44D3136ECFFACB",
  "PInvoke.Hid.dll": "2E7A41257F8AD9B26073181F450CD8E5",
  "PInvoke.ImageHlp.dll": "79BE816E8D86EA66489D7780DD675D49",
  "PInvoke.IPHlpApi.dll": "E949FA3326D1BA8872B179AB4EE49D38",
  "PInvoke.Kernel32.dll": "234E15B122ED430DE99490CA1A204958",
  "PInvoke.Magnification.dll": "C9EA3D34F506741ECC044DB19C151F09",
  "PInvoke.Msi.dll": "69EE50CE2DA6B55755E52589F49A7EBC",
  "PInvoke.NCrypt.dll": "DA1DE76C14D99370CA3BEF19DC299B15",
  "PInvoke.NetApi32.dll": "AE79F9FA2E3864A5E0642AE4622ECDC5",
  "PInvoke.NewDev.dll": "B3E1992105D986EF9C5C8E4B630FBB07",
  "PInvoke.NTDll.dll": "3F6BDF840EB27DD0FD9EB8071822183A",
  "PInvoke.Ole32.dll": "3C49FB100B60519FFE725BCD12A538F6",
  "PInvoke.Psapi.dll": "A7683EE4B880227F01C8AE632A892B9E",
  "PInvoke.SetupApi.dll": "1B7AE321185D0081D1759A9AD829F9BA",
  "PInvoke.SHCore.dll": "F27E7F063D51480F6D2294C903E4A606",
  "PInvoke.Shell32.dll": "F71A1BCAF6478190691170DAEA77722F",
  "PInvoke.User32.dll": "8BEDE38311ED4F27127290B81B8079FD",
  "PInvoke.Userenv.dll": "FEB7BCA90B8C905EC2F4BB0789847131",
  "PInvoke.UxTheme.dll": "8E683C016250CB719FDB9AAAFC22B3C5",
  "PInvoke.Windows.Core.dll": "90015440A44935208FFEA9BF61740651",
  "PInvoke.Windows.ShellScalingApi.dll": "F351B34B8C9183A51CADFDC279357C49",
  "PInvoke.WinUsb.dll": "9EB8A0280F2848D1A32B560A939F7336",
  "PInvoke.WtsApi32.dll": "341C94455D2E5893DBE4293D4D67AA4D",
  "Reloaded.Assembler.dll": "8E88C48F1C36BF207E5FD24D710EB424",
  "Reloaded.Hooks.Definitions.dll": "D0DA4B12E0193E95FAE1B05FE690128C",
  "Reloaded.Hooks.dll": "8345936EB07E0FFBFA8763C80258322F",
  "Reloaded.Memory.Buffers.dll": "92F878D74D4118F3A91BAA021F4CEEB7",
  "Reloaded.Memory.dll": "86C546C514F9154B582CBC357A92BCCD",
  "revision.txt": "440924C5948E05070663F88E69E8242B",
  "SDL2-CS.config": "65557595FD5DF55D93B2BF881DE62C3A",
  "SDL2-CS.dll": "6E62FCEE86309507D7E1B31B48158D5E",
  "Serilog.dll": "827C11CFCEE0D013C60631700F83CECB",
  "Serilog.Sinks.Async.dll": "FF75B55757354B5B3C81868410EDE674",
  "Serilog.Sinks.Console.dll": "8D3365BF1A23C8221E98F9823FE1F2DC",
  "Serilog.Sinks.File.dll": "55886327514DE3884265DCD29634657B",
  "SharpDX.Direct3D11.dll": "203C3DB9CEA1CDAC0E11D643DED4E405",
  "SharpDX.dll": "4F33C656B6B31A0407C75FFB0E6DF45F",
  "SharpDX.DXGI.dll": "B3590398B9132BE6C232F1B71DD5C702",
  "SharpDX.Mathematics.dll": "C99C40E00B0B40233CD385BA3BC0DF77",
  "Silk.NET.Core.dll": "B3E3864FC2163DE43064D7D119B121DA",
  "Silk.NET.GLFW.dll": "BA8E1F62B8F9FABCC9F7E1B97DABB753",
  "Silk.NET.Maths.dll": "ADD352FAAA24B7EB0F4021C872008891",
  "Silk.NET.OpenGL.dll": "F0B83445227356648609ED7AD239C2FE",
  "Silk.NET.SDL.dll": "64A98C16A782E230EACF1931019BDED1",
  "Silk.NET.Windowing.Common.dll": "3768779BB8C164BFBCD2583AA601C45E",
  "Silk.NET.Windowing.Glfw.dll": "D55B6998C2277D05A7BCEF4F8D4D84E3",
  "Silk.NET.Windowing.Sdl.dll": "0612F6D11F77991D7D59BC6FA2660185",
  "StbiSharp.dll": "F59ECEDCF7FE9533F1E3B8D2267252C2",
  "System.Reactive.dll": "EF5A00287AD15393D41B12AA4B726FF7",
  "System.Reflection.MetadataLoadContext.dll": "7EC41D41F4E1246757BA3E2EC862D562",
  "System.Security.Cryptography.Pkcs.dll": "8950E01996A37E808BE3F39063C37BF9",
  "TEMP_gitver.txt": "7344258C7C484900A2115D48FB5A61E8",
  "Validation.dll": "A98F80B25BE3F0BCCD84AB2BAF8CAC1D"
}
