{
  "runtimes\\linux-x64\\native\\libglfw.so.3": "9E3137144F68B9E9793F4C7AD5B1BEA7",
  "runtimes\\linux-x64\\native\\libSDL2-2.0.so": "99B95A708381FC66AB2370E45A260527",
  "runtimes\\linux-x64\\native\\libstbi.so": "0945355ED59677D06E3E88F48101BB26",
  "runtimes\\osx-x64\\native\\libglfw.3.dylib": "1E30FAB2F0C40E82290AD4B0BF14A880",
  "runtimes\\osx-x64\\native\\libSDL2-2.0.dylib": "AAC958490586C67395F0A90903AE3747",
  "runtimes\\osx-x64\\native\\libstbi.dylib": "0B84B0A6A80178266018081C3CAB68E6",
  "runtimes\\win-x64\\native\\cimgui.dll": "752E02DF5CC20B3EF830BB5DB5F2F631",
  "runtimes\\win-x64\\native\\cimguizmo.dll": "747D015CB93E93DD12515991D5937B92",
  "runtimes\\win-x64\\native\\cimplot.dll": "163FA961E0D3A792AA2E74295C12D8A9",
  "runtimes\\win-x64\\native\\glfw3.dll": "927FD2527682D5EADCF93B7D66B7D450",
  "runtimes\\win-x64\\native\\minhook.x64d.dll": "D08DC9934878A171A8C53E32E50F87D8",
  "runtimes\\win-x64\\native\\SDL2.dll": "07B8E5473CB9EF7D3D88B62200D579AC",
  "runtimes\\win-x64\\native\\stbi.dll": "245F7410F671EED80964CAA78EACA4B2",
  "runtimes\\win-x64\\native\\stbi.lib": "927C214DE576219E1F80DBE7798A0502",
  "runtimes\\win-x86\\native\\glfw3.dll": "52FC31E1C5BAF9BE886E52FC1A2A268E",
  "runtimes\\win-x86\\native\\SDL2.dll": "551F6B97FF5EF72D6DBB1953B4EF57A2",
  "targets\\Dalamud.Plugin.Bootstrap.targets": "C85635161398CD9852CF7212DB7EB904",
  "targets\\Dalamud.Plugin.targets": "D3DE10F1F04F22619FDD1005FD3DCFEF",
  "CheapLoc.dll": "5D7354490F62EFC6CC282A6A691B2360",
  "Costura.dll": "B2CCA7AA7126A0F0DE25FDA4C3FAE1A5",
  "Dalamud.Boot.dll": "3F9AF300B6ECC1F0D3B2AE225A549599",
  "Dalamud.deps.json": "FCC14F93C9850DC28BD5337EB2CB727A",
  "Dalamud.dll": "B5E5226E159C6A816E39E83D2BC90A45",
  "Dalamud.Injector.deps.json": "D10EED2039C0151239F5EA4FE3A65A7B",
  "Dalamud.Injector.dll": "8A8E0A392DE08D3ED26E8596928AA8DA",
  "Dalamud.Injector.exe": "6EF4D5D38A749767DCE56BCD3B85493F",
  "Dalamud.Injector.runtimeconfig.json": "AAAFA957BB3B382321D67ACC2D792553",
  "Dalamud.Injector.xml": "CC06A545B271F56E0781ECC82BDEF67F",
  "Dalamud.runtimeconfig.json": "454E2BA21742B08CF0A9827950A92B0F",
  "Dalamud.xml": "403A8AD361BE2E02632DDD2E053C0EB4",
  "DalamudCrashHandler.exe": "E876069A5952B1CF55CF96E51F01BBB7",
  "FASM-LICENSE.TXT": "ECEA1D10811221D5F0A3E96F9C38E2C7",
  "FASM.DLL": "A9027671E100C3A75306F3DEB6E6D732",
  "FASMX64.DLL": "EC6D249C7AAFEE8FE60CEA1D40916BBE",
  "FFXIVClientStructs.dll": "01B82486F94D68CD226ED5F58275D72C",
  "FFXIVClientStructs.xml": "6A42F0907862C62173BB7E9BBE777FCA",
  "goaaats.Reloaded.Assembler.targets": "CC22CB0A353E2136EE9E6E96DB9F7164",
  "Iced.dll": "F70539A0AA199FF45A7129C01DC11395",
  "ImGui.NET.dll": "ABF88F6B4ACFFF1DE9DC52A3C1A5E3B4",
  "ImGuiScene.dll": "8B0E32CDD0D451CD032541228B67F7AA",
  "JetBrains.Annotations.dll": "074E287C96106EDA563F9670139AF5F7",
  "licenses.txt": "A159BE62AA91178EFC3E3983AE874D1D",
  "Lumina.dll": "7340E7E3AA58896AD8913707BF54B8DB",
  "Lumina.Excel.dll": "4961D4BA33189A0F974DDEF093CED583",
  "Microsoft.Bcl.HashCode.dll": "613AB56061ADF2284E047025207467E0",
  "Microsoft.DotNet.PlatformAbstractions.dll": "00AB0F02B1114C57C758F5AD595224F1",
  "Microsoft.Extensions.DependencyModel.dll": "F39BC76C10CFEA478C936FC4521A9FC9",
  "MinSharp.dll": "62D77CB0B081FF0FAC11487CF5E9A869",
  "Mono.Cecil.dll": "839B7F16F2B9CD9F1CF3A47F6F736847",
  "Mono.Cecil.Mdb.dll": "D5F797A23C974A160EA3AC9185A785F7",
  "Mono.Cecil.Pdb.dll": "DB5C2CE8ED563E1BA5B01098BF2E1224",
  "Mono.Cecil.Rocks.dll": "DC3DCA196481F272C2BA75D1012F5D56",
  "MonoMod.Backports.dll": "A6B4DE649C13EC3B81902FF811255E4F",
  "MonoMod.Core.dll": "9D43608343894457B2D708B6934CFBD5",
  "MonoMod.Iced.dll": "43A9231BFB5D5946801E429329BA8D61",
  "MonoMod.ILHelpers.dll": "F2FA760B00550D3D63CC5DF36B27696A",
  "MonoMod.RuntimeDetour.dll": "772AA856CFA5A65AEBAB27D71242E15D",
  "MonoMod.Utils.dll": "6538ADEF6C5AB3CE0C570F1B3BB14205",
  "nethost.dll": "012081214FE71F0F6ADCD9F4A71B2B00",
  "Newtonsoft.Json.dll": "86A83A63F12B55FD3718CFBFB577D7DC",
  "PeNet.Asn1.dll": "07A0BA8DF3227BF0232B54942AC6435B",
  "PeNet.dll": "C2D05376DE22165CA8C32370D84CCBD1",
  "PInvoke.AdvApi32.dll": "34EE461D05B403C3A15D0DEC32A3788C",
  "PInvoke.BCrypt.dll": "FD07758EE1440491F22923084109FF26",
  "PInvoke.Cabinet.dll": "333D950E3804735DA60CC41D614C63E2",
  "PInvoke.CfgMgr32.dll": "768BE7CC18EDCF78B296A72ABE891691",
  "PInvoke.Crypt32.dll": "E7B00B0851738F4A7F2C6D37DAA973B4",
  "PInvoke.DbgHelp.dll": "E701136169620D20E3A70B560DE20E44",
  "PInvoke.DwmApi.dll": "ACF223CC8962404056648815B486F7D9",
  "PInvoke.Gdi32.dll": "69FF434826F98582CE44D3136ECFFACB",
  "PInvoke.Hid.dll": "2E7A41257F8AD9B26073181F450CD8E5",
  "PInvoke.ImageHlp.dll": "79BE816E8D86EA66489D7780DD675D49",
  "PInvoke.IPHlpApi.dll": "E949FA3326D1BA8872B179AB4EE49D38",
  "PInvoke.Kernel32.dll": "234E15B122ED430DE99490CA1A204958",
  "PInvoke.Magnification.dll": "C9EA3D34F506741ECC044DB19C151F09",
  "PInvoke.Msi.dll": "69EE50CE2DA6B55755E52589F49A7EBC",
  "PInvoke.NCrypt.dll": "DA1DE76C14D99370CA3BEF19DC299B15",
  "PInvoke.NetApi32.dll": "AE79F9FA2E3864A5E0642AE4622ECDC5",
  "PInvoke.NewDev.dll": "B3E1992105D986EF9C5C8E4B630FBB07",
  "PInvoke.NTDll.dll": "3F6BDF840EB27DD0FD9EB8071822183A",
  "PInvoke.Ole32.dll": "3C49FB100B60519FFE725BCD12A538F6",
  "PInvoke.Psapi.dll": "A7683EE4B880227F01C8AE632A892B9E",
  "PInvoke.SetupApi.dll": "1B7AE321185D0081D1759A9AD829F9BA",
  "PInvoke.SHCore.dll": "F27E7F063D51480F6D2294C903E4A606",
  "PInvoke.Shell32.dll": "F71A1BCAF6478190691170DAEA77722F",
  "PInvoke.User32.dll": "8BEDE38311ED4F27127290B81B8079FD",
  "PInvoke.Userenv.dll": "FEB7BCA90B8C905EC2F4BB0789847131",
  "PInvoke.UxTheme.dll": "8E683C016250CB719FDB9AAAFC22B3C5",
  "PInvoke.Windows.Core.dll": "90015440A44935208FFEA9BF61740651",
  "PInvoke.Windows.ShellScalingApi.dll": "F351B34B8C9183A51CADFDC279357C49",
  "PInvoke.WinUsb.dll": "9EB8A0280F2848D1A32B560A939F7336",
  "PInvoke.WtsApi32.dll": "341C94455D2E5893DBE4293D4D67AA4D",
  "Reloaded.Assembler.dll": "48BBEECE97DE49DB0BCF81BBC0DBE7DA",
  "Reloaded.Hooks.Definitions.dll": "4B7116E2341ACA2525F6E621B3016EFD",
  "Reloaded.Hooks.dll": "3EE6DB446DE7B2C6830E4821C76D67A5",
  "Reloaded.Memory.Buffers.dll": "0EBD293FC6A2261A518EDE5079985097",
  "Reloaded.Memory.dll": "4F936E71EFC22F30E991490D454528B5",
  "revision.txt": "BEDC7106FFA9616DDC27E360B9AC02A6",
  "SDL2-CS.config": "65557595FD5DF55D93B2BF881DE62C3A",
  "SDL2-CS.dll": "835DE515BF054673CBE3CE5DC699B392",
  "Serilog.dll": "A71082617C2647C0629D9661C16C5BB2",
  "Serilog.Sinks.Async.dll": "C6D0BA5CEB0C39E43866E7A1A7DBB369",
  "Serilog.Sinks.Console.dll": "0826BC4529A058A621383D16212FBB67",
  "Serilog.Sinks.File.dll": "1F51A760AD1EDD26FF209C596CF6345A",
  "SharpDX.Direct3D11.dll": "A25958847614053C871C78039D2B584C",
  "SharpDX.dll": "18E641B28F178EC6C8AF2ED4D72EB327",
  "SharpDX.DXGI.dll": "C6F0F47B059C5155B69FE35C5F336921",
  "SharpDX.Mathematics.dll": "35BD1DE9F33F4EB8D43FC8CD565F737F",
  "Silk.NET.Core.dll": "342CFBEF64CFE05E39DF4721FA9C8919",
  "Silk.NET.GLFW.dll": "09134F9E4400AA951493A7F113E11366",
  "Silk.NET.Maths.dll": "0464B0E04B42FBE38DB77FA4297F6EE7",
  "Silk.NET.OpenGL.dll": "61BBCAC265DA7FBCB0B11B53C5CF6860",
  "Silk.NET.SDL.dll": "41DCEDC2F1353FEEE2DBCABFFA166BC8",
  "Silk.NET.Windowing.Common.dll": "0C82BACD1AC3E8921C79C71642ADE369",
  "Silk.NET.Windowing.Glfw.dll": "597F8037299213CEC1B77DD981507625",
  "Silk.NET.Windowing.Sdl.dll": "2BE4A7628ECAE6C51D602C921C89C845",
  "StbiSharp.dll": "033B36C8BBF000A63E862D8CEA54A78C",
  "System.Reactive.dll": "EF5A00287AD15393D41B12AA4B726FF7",
  "System.Reflection.MetadataLoadContext.dll": "7EC41D41F4E1246757BA3E2EC862D562",
  "System.Security.Cryptography.Pkcs.dll": "8950E01996A37E808BE3F39063C37BF9",
  "TEMP_gitver.txt": "B2C9C9806CA64235E8EAEBCB08BECFC5",
  "Validation.dll": "D0ACC0C5E90600B373E448D63A693023"
}
