{
  "runtimes\\alpine-x64\\native\\libe_sqlite3.so": "39C244FEDBCD3DFC37041D4FCE1AE21D",
  "runtimes\\linux-arm\\native\\libe_sqlite3.so": "96CF54BC0EFB83D6E3F5F3E04997A59D",
  "runtimes\\linux-arm64\\native\\libe_sqlite3.so": "F079E55E7F3F9966A4A2052A3234E068",
  "runtimes\\linux-armel\\native\\libe_sqlite3.so": "C5A67D49434FC65D64E9C15778078C76",
  "runtimes\\linux-mips64\\native\\libe_sqlite3.so": "5F8461214089CFC677D46C19B7162161",
  "runtimes\\linux-musl-x64\\native\\libe_sqlite3.so": "39C244FEDBCD3DFC37041D4FCE1AE21D",
  "runtimes\\linux-x64\\native\\libe_sqlite3.so": "6F49C540D3AB9964D67A4A704C3D262D",
  "runtimes\\linux-x64\\native\\libglfw.so.3": "9E3137144F68B9E9793F4C7AD5B1BEA7",
  "runtimes\\linux-x64\\native\\libSDL2-2.0.so": "99B95A708381FC66AB2370E45A260527",
  "runtimes\\linux-x64\\native\\libstbi.so": "0945355ED59677D06E3E88F48101BB26",
  "runtimes\\linux-x86\\native\\libe_sqlite3.so": "5E0659B414CBD6DDC38C65582485853E",
  "runtimes\\osx-x64\\native\\libe_sqlite3.dylib": "F82AE134FCD1C080A69D775591406673",
  "runtimes\\osx-x64\\native\\libglfw.3.dylib": "1E30FAB2F0C40E82290AD4B0BF14A880",
  "runtimes\\osx-x64\\native\\libSDL2-2.0.dylib": "AAC958490586C67395F0A90903AE3747",
  "runtimes\\osx-x64\\native\\libstbi.dylib": "0B84B0A6A80178266018081C3CAB68E6",
  "runtimes\\win-arm\\native\\e_sqlite3.dll": "04C65FC9CC9425A1BAB159C145BA3B3F",
  "runtimes\\win-arm64\\native\\e_sqlite3.dll": "18FF2BED79E60498032B3F176E993226",
  "runtimes\\win-x64\\native\\cimgui.dll": "B6E9D4C9B50A41FFDACEDB4051281A56",
  "runtimes\\win-x64\\native\\cimguizmo.dll": "750B7A8CF8A1D4AB29493370F712F158",
  "runtimes\\win-x64\\native\\cimplot.dll": "33AA547EB4919C242BAF9590647EE9D1",
  "runtimes\\win-x64\\native\\e_sqlite3.dll": "009C98D171C66E9C7976B53D81DD3AEE",
  "runtimes\\win-x64\\native\\glfw3.dll": "B6A243BF16142CD071A0B105D3EE6C6D",
  "runtimes\\win-x64\\native\\minhook.x64d.dll": "F7D24871BF1DED294098785B1F89A771",
  "runtimes\\win-x64\\native\\SDL2.dll": "A99547DE543DE8EC96E346BF8EF4FA64",
  "runtimes\\win-x64\\native\\stbi.dll": "1DA8D49436B19CC81DEEA0212F56B9DA",
  "runtimes\\win-x64\\native\\stbi.lib": "927C214DE576219E1F80DBE7798A0502",
  "runtimes\\win-x86\\native\\e_sqlite3.dll": "43E69B68F139F3CCD7B4563B99FBB5EC",
  "runtimes\\win-x86\\native\\glfw3.dll": "0A35481AFDE595A1C82FDCBCF105C992",
  "runtimes\\win-x86\\native\\SDL2.dll": "9AA7CF47C51AC99FD80FAC0AB3208402",
  "targets\\Dalamud.Plugin.Bootstrap.targets": "C85635161398CD9852CF7212DB7EB904",
  "targets\\Dalamud.Plugin.targets": "D3DE10F1F04F22619FDD1005FD3DCFEF",
  "CheapLoc.dll": "83C82C5CD97B3D3775202610C06E6CA9",
  "Costura.dll": "B8CAFC0D74EEBECBC94AE3CBE485F86C",
  "Dalamud.Boot.dll": "4507D850FA5B4D04C8750D889B4050AD",
  "Dalamud.Common.dll": "FBD4E1300628F6E29EDA133FE8B68617",
  "Dalamud.deps.json": "3D506ACEB4FEAE6A8AC47C8C913F3AA5",
  "Dalamud.dll": "C56A0EAF731C3C6140CF7550A15FD326",
  "Dalamud.Injector.deps.json": "4E53ABE9A5D3E4592DA63EBF98DAAD86",
  "Dalamud.Injector.dll": "DC2BC9632DCF698776E5A3D9B75D8517",
  "Dalamud.Injector.exe": "FD507E88A716A7D9EDD2ED67077DAACE",
  "Dalamud.Injector.runtimeconfig.json": "AAAFA957BB3B382321D67ACC2D792553",
  "Dalamud.Injector.xml": "6CFC451561E67CE7788814C5B327D7EC",
  "Dalamud.runtimeconfig.json": "454E2BA21742B08CF0A9827950A92B0F",
  "Dalamud.xml": "12FD1448629846ED00D544F75A16BAF1",
  "DalamudCrashHandler.exe": "D7D1CEEE49CC6ACD35AA7854AA4BF12B",
  "FASM-LICENSE.TXT": "ECEA1D10811221D5F0A3E96F9C38E2C7",
  "FASM.DLL": "804B5D4032BA0D621177B9AFDE6A84C9",
  "FASMX64.DLL": "FE3D79F0D259A050718ABA80E51E2D68",
  "FFXIVClientStructs.dll": "DE8D916F78497B9289C4F6B33E859A64",
  "FFXIVClientStructs.xml": "6A42F0907862C62173BB7E9BBE777FCA",
  "goaaats.Reloaded.Assembler.targets": "CC22CB0A353E2136EE9E6E96DB9F7164",
  "Iced.dll": "26697D3662C0669A492E33A28905B34C",
  "ImGui.NET.dll": "8E4172CC0B5ADFEE243577E35639625A",
  "ImGuiScene.dll": "9EB22D7160C10120D97F39899917FF98",
  "JetBrains.Annotations.dll": "290B73B91C709E5D3FCB36C69B2EEAF0",
  "licenses.txt": "A159BE62AA91178EFC3E3983AE874D1D",
  "Lumina.dll": "005C98B2769D2D5B7F11DB4F1F9E0280",
  "Lumina.Excel.dll": "F0FF9AA67E849809D5EC3BED92492F70",
  "Microsoft.Bcl.HashCode.dll": "613AB56061ADF2284E047025207467E0",
  "Microsoft.DotNet.PlatformAbstractions.dll": "00AB0F02B1114C57C758F5AD595224F1",
  "Microsoft.Extensions.DependencyModel.dll": "F39BC76C10CFEA478C936FC4521A9FC9",
  "MinSharp.dll": "9050EA32F44EFE3AF124A032B31B1876",
  "Mono.Cecil.dll": "C82BA77B3F6B773760FB9A6AB067DD53",
  "Mono.Cecil.Mdb.dll": "46C4B7BF4BB3BAB90485FA1EFFEA180A",
  "Mono.Cecil.Pdb.dll": "2CF464C559153FC1E26D5577245B83A8",
  "Mono.Cecil.Rocks.dll": "A6FA718FD771E7FAEDCD9A12FED89EB9",
  "MonoMod.Backports.dll": "C80C7940D87EDFD91AB345B8512B9D39",
  "MonoMod.Core.dll": "2AF77EF6FC7E16453F7A5D4BD1B98C4E",
  "MonoMod.Iced.dll": "391B34349464BE61E18C29D2485E5B92",
  "MonoMod.ILHelpers.dll": "F6A4CB0EDC5514CAA4749693E0149A6F",
  "MonoMod.RuntimeDetour.dll": "1B736A6CE6859141A0CF63201644A3C1",
  "MonoMod.Utils.dll": "23C0A030B7B30A9355604C7FCE591290",
  "nethost.dll": "012081214FE71F0F6ADCD9F4A71B2B00",
  "Newtonsoft.Json.dll": "86A83A63F12B55FD3718CFBFB577D7DC",
  "PeNet.Asn1.dll": "A44F25A32C51BB6B1C76FB6E51DB271A",
  "PeNet.dll": "7102D8CF826634F13AA00933D176C79B",
  "PInvoke.AdvApi32.dll": "34EE461D05B403C3A15D0DEC32A3788C",
  "PInvoke.BCrypt.dll": "FD07758EE1440491F22923084109FF26",
  "PInvoke.Cabinet.dll": "333D950E3804735DA60CC41D614C63E2",
  "PInvoke.CfgMgr32.dll": "768BE7CC18EDCF78B296A72ABE891691",
  "PInvoke.Crypt32.dll": "E7B00B0851738F4A7F2C6D37DAA973B4",
  "PInvoke.DbgHelp.dll": "E701136169620D20E3A70B560DE20E44",
  "PInvoke.DwmApi.dll": "ACF223CC8962404056648815B486F7D9",
  "PInvoke.Gdi32.dll": "69FF434826F98582CE44D3136ECFFACB",
  "PInvoke.Hid.dll": "2E7A41257F8AD9B26073181F450CD8E5",
  "PInvoke.ImageHlp.dll": "79BE816E8D86EA66489D7780DD675D49",
  "PInvoke.IPHlpApi.dll": "E949FA3326D1BA8872B179AB4EE49D38",
  "PInvoke.Kernel32.dll": "234E15B122ED430DE99490CA1A204958",
  "PInvoke.Magnification.dll": "C9EA3D34F506741ECC044DB19C151F09",
  "PInvoke.Msi.dll": "69EE50CE2DA6B55755E52589F49A7EBC",
  "PInvoke.NCrypt.dll": "DA1DE76C14D99370CA3BEF19DC299B15",
  "PInvoke.NetApi32.dll": "AE79F9FA2E3864A5E0642AE4622ECDC5",
  "PInvoke.NewDev.dll": "B3E1992105D986EF9C5C8E4B630FBB07",
  "PInvoke.NTDll.dll": "3F6BDF840EB27DD0FD9EB8071822183A",
  "PInvoke.Ole32.dll": "3C49FB100B60519FFE725BCD12A538F6",
  "PInvoke.Psapi.dll": "A7683EE4B880227F01C8AE632A892B9E",
  "PInvoke.SetupApi.dll": "1B7AE321185D0081D1759A9AD829F9BA",
  "PInvoke.SHCore.dll": "F27E7F063D51480F6D2294C903E4A606",
  "PInvoke.Shell32.dll": "F71A1BCAF6478190691170DAEA77722F",
  "PInvoke.User32.dll": "8BEDE38311ED4F27127290B81B8079FD",
  "PInvoke.Userenv.dll": "FEB7BCA90B8C905EC2F4BB0789847131",
  "PInvoke.UxTheme.dll": "8E683C016250CB719FDB9AAAFC22B3C5",
  "PInvoke.Windows.Core.dll": "90015440A44935208FFEA9BF61740651",
  "PInvoke.Windows.ShellScalingApi.dll": "F351B34B8C9183A51CADFDC279357C49",
  "PInvoke.WinUsb.dll": "9EB8A0280F2848D1A32B560A939F7336",
  "PInvoke.WtsApi32.dll": "341C94455D2E5893DBE4293D4D67AA4D",
  "Reloaded.Assembler.dll": "D15E3085FD05EFC92600642060F808A5",
  "Reloaded.Hooks.Definitions.dll": "7424ACDEB38EEF09410F156CD69E8AE2",
  "Reloaded.Hooks.dll": "988C6C1F2C482E8515948660B9D98C25",
  "Reloaded.Memory.Buffers.dll": "7F03F74BBC39C09262B6D4CB65559384",
  "Reloaded.Memory.dll": "DD9E70294293A4961B85649895A6F0BA",
  "revision.txt": "5DD3E474F6E08E3316CE5E3BC36C666E",
  "SDL2-CS.config": "65557595FD5DF55D93B2BF881DE62C3A",
  "SDL2-CS.dll": "21541546B90024B79FC44A9D3E3057B4",
  "Serilog.dll": "81756424A707B4FDEA66BA995A67B6CE",
  "Serilog.Sinks.Async.dll": "29F4E1430DFD23A3DA91A97638F4F347",
  "Serilog.Sinks.Console.dll": "4D94CF259C03C673F7120B543CA1A12E",
  "Serilog.Sinks.File.dll": "F67932E406E84F80F69C1729B94F532D",
  "SharpDX.Direct3D11.dll": "3C5D1E78C2CA9E1586AD4412BEBAA138",
  "SharpDX.dll": "3FE0AA220AD23D4BB78B94AEA9F665FC",
  "SharpDX.DXGI.dll": "2E18BD33B8B7046102168F66E23E9CA1",
  "SharpDX.Mathematics.dll": "E37EF9B59844602931CCEE8321493CBD",
  "Silk.NET.Core.dll": "6CC24A9E8E0DC265286EFF0C6E0A22BD",
  "Silk.NET.GLFW.dll": "99E75EE524F52DA309DFF892ADB0B131",
  "Silk.NET.Maths.dll": "CA4D0ABC8E4C768397129460FD97074E",
  "Silk.NET.OpenGL.dll": "D401F3710B1B46CC2D824BADEB71EB0C",
  "Silk.NET.SDL.dll": "73760C57385A6F2C5CF626AC8CB70F9E",
  "Silk.NET.Windowing.Common.dll": "213AC31034C4BC595E24D25D731A0BC1",
  "Silk.NET.Windowing.Glfw.dll": "ADE2EF01709998D42F177FA05EBE4773",
  "Silk.NET.Windowing.Sdl.dll": "5E6B97A450A5131169CA875D8E9830F2",
  "SQLite-net.dll": "EAE0B2E46588272A267BEECCC0933281",
  "SQLitePCLRaw.batteries_v2.dll": "68AB443EBA9E31A14B253D633949D2A2",
  "SQLitePCLRaw.core.dll": "ACBB38CB94F8EDE2BFECBAE36C8A7654",
  "SQLitePCLRaw.nativelibrary.dll": "B2BFFF75CC90C0A31D5DFE2F3ECA02F8",
  "SQLitePCLRaw.provider.dynamic_cdecl.dll": "BCD7AA840406CF31F63AB98FD79D4162",
  "StbiSharp.dll": "04E871ADEE856C1A4034A7383C1CE36D",
  "System.Reactive.dll": "EF5A00287AD15393D41B12AA4B726FF7",
  "System.Reflection.MetadataLoadContext.dll": "7EC41D41F4E1246757BA3E2EC862D562",
  "System.Security.Cryptography.Pkcs.dll": "8950E01996A37E808BE3F39063C37BF9",
  "TEMP_gitver.txt": "3D4DD7353AAFFD526038E85195E20BFB",
  "Validation.dll": "5365C0141A77E1315FA8D6A36D3854BC"
}
