{
  "runtimes\\linux-x64\\native\\libglfw.so.3": "9E3137144F68B9E9793F4C7AD5B1BEA7",
  "runtimes\\linux-x64\\native\\libSDL2-2.0.so": "99B95A708381FC66AB2370E45A260527",
  "runtimes\\linux-x64\\native\\libstbi.so": "0945355ED59677D06E3E88F48101BB26",
  "runtimes\\osx-x64\\native\\libglfw.3.dylib": "1E30FAB2F0C40E82290AD4B0BF14A880",
  "runtimes\\osx-x64\\native\\libSDL2-2.0.dylib": "AAC958490586C67395F0A90903AE3747",
  "runtimes\\osx-x64\\native\\libstbi.dylib": "0B84B0A6A80178266018081C3CAB68E6",
  "runtimes\\win-x64\\native\\cimgui.dll": "77E3A1479705DBEDBA53804ACEC086A0",
  "runtimes\\win-x64\\native\\cimguizmo.dll": "D98A0800BADDCD437E6BC32757609893",
  "runtimes\\win-x64\\native\\cimplot.dll": "3A9664D3D0BCD47EAD36FA83EF6F5D67",
  "runtimes\\win-x64\\native\\glfw3.dll": "BCF17834E7651158E9A3E167CE3A1387",
  "runtimes\\win-x64\\native\\minhook.x64d.dll": "50E0088D971AEC83BB4FF601BF300933",
  "runtimes\\win-x64\\native\\SDL2.dll": "6294CF05A004081DDF323523C12C5692",
  "runtimes\\win-x64\\native\\stbi.dll": "59341B506D7C4A7671A03EC69EE121E4",
  "runtimes\\win-x64\\native\\stbi.lib": "927C214DE576219E1F80DBE7798A0502",
  "runtimes\\win-x86\\native\\glfw3.dll": "3FBE37BBA686D66DBEB3B32AF8EB3381",
  "runtimes\\win-x86\\native\\SDL2.dll": "4971A08D190767F158A9A097EF82AC41",
  "targets\\Dalamud.Plugin.Bootstrap.targets": "C85635161398CD9852CF7212DB7EB904",
  "targets\\Dalamud.Plugin.targets": "D3DE10F1F04F22619FDD1005FD3DCFEF",
  "CheapLoc.dll": "9675130EA9A07A90A7219BBBCB2BFA9A",
  "Costura.dll": "6CF0648A2BE38B9B240C1A5E567E9982",
  "Dalamud.Boot.dll": "D3D5A99E6A7AAB16BE3B03EDB7BA71AA",
  "Dalamud.deps.json": "FCC14F93C9850DC28BD5337EB2CB727A",
  "Dalamud.dll": "328049381FB044C6ECFB4942D071DFC8",
  "Dalamud.Injector.deps.json": "D10EED2039C0151239F5EA4FE3A65A7B",
  "Dalamud.Injector.dll": "05AF615C9B9515BEE37A56240267C149",
  "Dalamud.Injector.exe": "8C3530EEE5F271E51C724AB3FE5DACC4",
  "Dalamud.Injector.runtimeconfig.json": "AAAFA957BB3B382321D67ACC2D792553",
  "Dalamud.Injector.xml": "CC06A545B271F56E0781ECC82BDEF67F",
  "Dalamud.runtimeconfig.json": "454E2BA21742B08CF0A9827950A92B0F",
  "Dalamud.xml": "403A8AD361BE2E02632DDD2E053C0EB4",
  "DalamudCrashHandler.exe": "1B9C56509B038953757D5F9CA8E64083",
  "FASM-LICENSE.TXT": "ECEA1D10811221D5F0A3E96F9C38E2C7",
  "FASM.DLL": "428840AEFE8C2436BB69E81C9C07021D",
  "FASMX64.DLL": "76CF5C252FB4858D7B6C5F7F66EA89CF",
  "FFXIVClientStructs.dll": "7D764DC67F6454A060A41E1C4E0AB49F",
  "FFXIVClientStructs.xml": "6A42F0907862C62173BB7E9BBE777FCA",
  "goaaats.Reloaded.Assembler.targets": "CC22CB0A353E2136EE9E6E96DB9F7164",
  "Iced.dll": "05D67C163A13F9B2674725E7ED250CC9",
  "ImGui.NET.dll": "374CCF9B9B6F33B80876CB95AFA887D7",
  "ImGuiScene.dll": "C5D62665708B374DAFB1137BDAC58AFE",
  "JetBrains.Annotations.dll": "B9219DE10419FEABBE8A61FE049BEF96",
  "licenses.txt": "A159BE62AA91178EFC3E3983AE874D1D",
  "Lumina.dll": "BC648629EAA4E4C37D29A3A996934687",
  "Lumina.Excel.dll": "03955EF105CEE9E5EF84628C0F8DC87B",
  "Microsoft.Bcl.HashCode.dll": "613AB56061ADF2284E047025207467E0",
  "Microsoft.DotNet.PlatformAbstractions.dll": "00AB0F02B1114C57C758F5AD595224F1",
  "Microsoft.Extensions.DependencyModel.dll": "F39BC76C10CFEA478C936FC4521A9FC9",
  "MinSharp.dll": "4011A083BAB4D02F47BC412EA9268291",
  "Mono.Cecil.dll": "3C358AAC366283FA593C532B897B4E57",
  "Mono.Cecil.Mdb.dll": "F37EEF812D664E93AFC4B3142B308C60",
  "Mono.Cecil.Pdb.dll": "F3099892181537121F3888C37CC0C46E",
  "Mono.Cecil.Rocks.dll": "3AEB9665DAAA51630CCAE7E3A4D27FEA",
  "MonoMod.Backports.dll": "36CD864AE79FA663C01671876ABCF4D6",
  "MonoMod.Core.dll": "4FEE5FD945B5A48F29E9A0CCA3342952",
  "MonoMod.Iced.dll": "C5730C79BE5263C0F838ECEDF22969D4",
  "MonoMod.ILHelpers.dll": "784197635B522B645D7028F73923433B",
  "MonoMod.RuntimeDetour.dll": "7952F2F586379CA7AE71D799071FC895",
  "MonoMod.Utils.dll": "9DD4BF1F1A3C14A4EFACD2D3822387D8",
  "nethost.dll": "012081214FE71F0F6ADCD9F4A71B2B00",
  "Newtonsoft.Json.dll": "86A83A63F12B55FD3718CFBFB577D7DC",
  "PeNet.Asn1.dll": "1FAAA873B53E39A078DB7D075FEC7160",
  "PeNet.dll": "C47713E813452C545E6607E308CE4C8B",
  "PInvoke.AdvApi32.dll": "34EE461D05B403C3A15D0DEC32A3788C",
  "PInvoke.BCrypt.dll": "FD07758EE1440491F22923084109FF26",
  "PInvoke.Cabinet.dll": "333D950E3804735DA60CC41D614C63E2",
  "PInvoke.CfgMgr32.dll": "768BE7CC18EDCF78B296A72ABE891691",
  "PInvoke.Crypt32.dll": "E7B00B0851738F4A7F2C6D37DAA973B4",
  "PInvoke.DbgHelp.dll": "E701136169620D20E3A70B560DE20E44",
  "PInvoke.DwmApi.dll": "ACF223CC8962404056648815B486F7D9",
  "PInvoke.Gdi32.dll": "69FF434826F98582CE44D3136ECFFACB",
  "PInvoke.Hid.dll": "2E7A41257F8AD9B26073181F450CD8E5",
  "PInvoke.ImageHlp.dll": "79BE816E8D86EA66489D7780DD675D49",
  "PInvoke.IPHlpApi.dll": "E949FA3326D1BA8872B179AB4EE49D38",
  "PInvoke.Kernel32.dll": "234E15B122ED430DE99490CA1A204958",
  "PInvoke.Magnification.dll": "C9EA3D34F506741ECC044DB19C151F09",
  "PInvoke.Msi.dll": "69EE50CE2DA6B55755E52589F49A7EBC",
  "PInvoke.NCrypt.dll": "DA1DE76C14D99370CA3BEF19DC299B15",
  "PInvoke.NetApi32.dll": "AE79F9FA2E3864A5E0642AE4622ECDC5",
  "PInvoke.NewDev.dll": "B3E1992105D986EF9C5C8E4B630FBB07",
  "PInvoke.NTDll.dll": "3F6BDF840EB27DD0FD9EB8071822183A",
  "PInvoke.Ole32.dll": "3C49FB100B60519FFE725BCD12A538F6",
  "PInvoke.Psapi.dll": "A7683EE4B880227F01C8AE632A892B9E",
  "PInvoke.SetupApi.dll": "1B7AE321185D0081D1759A9AD829F9BA",
  "PInvoke.SHCore.dll": "F27E7F063D51480F6D2294C903E4A606",
  "PInvoke.Shell32.dll": "F71A1BCAF6478190691170DAEA77722F",
  "PInvoke.User32.dll": "8BEDE38311ED4F27127290B81B8079FD",
  "PInvoke.Userenv.dll": "FEB7BCA90B8C905EC2F4BB0789847131",
  "PInvoke.UxTheme.dll": "8E683C016250CB719FDB9AAAFC22B3C5",
  "PInvoke.Windows.Core.dll": "90015440A44935208FFEA9BF61740651",
  "PInvoke.Windows.ShellScalingApi.dll": "F351B34B8C9183A51CADFDC279357C49",
  "PInvoke.WinUsb.dll": "9EB8A0280F2848D1A32B560A939F7336",
  "PInvoke.WtsApi32.dll": "341C94455D2E5893DBE4293D4D67AA4D",
  "Reloaded.Assembler.dll": "FF560316A44B3276D70BC1F6C7E3E8E0",
  "Reloaded.Hooks.Definitions.dll": "7452AD7B5F2DA8DDC7A0288C7B04F41D",
  "Reloaded.Hooks.dll": "0A4405F2486A1DC69EDB02AB7634CB43",
  "Reloaded.Memory.Buffers.dll": "8866458E0FC600DC74853EE2BFB2F87F",
  "Reloaded.Memory.dll": "3A6290778E000B6B670AF2BCDA0FF465",
  "revision.txt": "05128E44E27C36BDBA71221BFCCF735D",
  "SDL2-CS.config": "65557595FD5DF55D93B2BF881DE62C3A",
  "SDL2-CS.dll": "DC06DCAF467F0D76D33FE01A1DEE51DB",
  "Serilog.dll": "738DC5BB0DEC7F1E571C607CD27A2A87",
  "Serilog.Sinks.Async.dll": "A1EF2597ADC0010C2E783AC5449C7AE8",
  "Serilog.Sinks.Console.dll": "B66E9805B87A39C06541F7B8718EDD2B",
  "Serilog.Sinks.File.dll": "124579DBE6501CABA962F81E1B5CF093",
  "SharpDX.Direct3D11.dll": "197C714BA0678630885D87BBA8765BB1",
  "SharpDX.dll": "F81BCA1287FB2A3ADA401385F09F37B1",
  "SharpDX.DXGI.dll": "7127F4F36953DAE89BF899C0311A2D4F",
  "SharpDX.Mathematics.dll": "A62372F5E241334054EE22BF6433CEC7",
  "Silk.NET.Core.dll": "5F089F48DCB9D8B551CAF52351ED2D5A",
  "Silk.NET.GLFW.dll": "319ADB4001FCEC1F5366260C4084FCBC",
  "Silk.NET.Maths.dll": "6C004B0B0EEFC8CB56BEBDA9931BDDAC",
  "Silk.NET.OpenGL.dll": "1AA5A1E3847EF2D4D430FA92E0D73CB9",
  "Silk.NET.SDL.dll": "C2515916027A5BC7C6F466491F22CCA1",
  "Silk.NET.Windowing.Common.dll": "47702D8F513C4215CFB1064C3C2F882D",
  "Silk.NET.Windowing.Glfw.dll": "EBD2A1FC2173FC21A552B105C04F5071",
  "Silk.NET.Windowing.Sdl.dll": "57930246D5D30047E4812409AD6BAB56",
  "StbiSharp.dll": "FFEDB9E716B4FDBEF74BA747F8004835",
  "System.Reactive.dll": "EF5A00287AD15393D41B12AA4B726FF7",
  "System.Reflection.MetadataLoadContext.dll": "7EC41D41F4E1246757BA3E2EC862D562",
  "System.Security.Cryptography.Pkcs.dll": "8950E01996A37E808BE3F39063C37BF9",
  "TEMP_gitver.txt": "5E7BA23B2410D9EBA3B2D242F2E4C543",
  "Validation.dll": "39D9F97EFACA853BC525D9510D22BC76"
}
