{
  "runtimes\\alpine-x64\\native\\libe_sqlite3.so": "39C244FEDBCD3DFC37041D4FCE1AE21D",
  "runtimes\\linux-arm\\native\\libe_sqlite3.so": "96CF54BC0EFB83D6E3F5F3E04997A59D",
  "runtimes\\linux-arm64\\native\\libe_sqlite3.so": "F079E55E7F3F9966A4A2052A3234E068",
  "runtimes\\linux-armel\\native\\libe_sqlite3.so": "C5A67D49434FC65D64E9C15778078C76",
  "runtimes\\linux-mips64\\native\\libe_sqlite3.so": "5F8461214089CFC677D46C19B7162161",
  "runtimes\\linux-musl-x64\\native\\libe_sqlite3.so": "39C244FEDBCD3DFC37041D4FCE1AE21D",
  "runtimes\\linux-x64\\native\\libe_sqlite3.so": "6F49C540D3AB9964D67A4A704C3D262D",
  "runtimes\\linux-x64\\native\\libglfw.so.3": "9E3137144F68B9E9793F4C7AD5B1BEA7",
  "runtimes\\linux-x64\\native\\libSDL2-2.0.so": "99B95A708381FC66AB2370E45A260527",
  "runtimes\\linux-x64\\native\\libstbi.so": "0945355ED59677D06E3E88F48101BB26",
  "runtimes\\linux-x86\\native\\libe_sqlite3.so": "5E0659B414CBD6DDC38C65582485853E",
  "runtimes\\osx-x64\\native\\libe_sqlite3.dylib": "F82AE134FCD1C080A69D775591406673",
  "runtimes\\osx-x64\\native\\libglfw.3.dylib": "1E30FAB2F0C40E82290AD4B0BF14A880",
  "runtimes\\osx-x64\\native\\libSDL2-2.0.dylib": "AAC958490586C67395F0A90903AE3747",
  "runtimes\\osx-x64\\native\\libstbi.dylib": "0B84B0A6A80178266018081C3CAB68E6",
  "runtimes\\win-arm\\native\\e_sqlite3.dll": "D94EAB758BDB23CF0E04258FDBE99081",
  "runtimes\\win-arm64\\native\\e_sqlite3.dll": "B3B1BBE22C6373F4F5EAE54CF2062EFE",
  "runtimes\\win-x64\\native\\cimgui.dll": "738DAD239DADE04042286ED51E9DAC60",
  "runtimes\\win-x64\\native\\cimguizmo.dll": "5FA48E174260054F168F283CEAF49259",
  "runtimes\\win-x64\\native\\cimplot.dll": "BB044CA6A509A24298F84DAD60E3C3C6",
  "runtimes\\win-x64\\native\\e_sqlite3.dll": "C469A6464C883EDD5200A8ED16D2F196",
  "runtimes\\win-x64\\native\\glfw3.dll": "BBA62897BF058ED0102652EE275ABE24",
  "runtimes\\win-x64\\native\\minhook.x64d.dll": "41DDF1CA6F935B35FEB834D9868E9FA9",
  "runtimes\\win-x64\\native\\SDL2.dll": "C96E2CF41242FAE0F703D694FFFDB8E4",
  "runtimes\\win-x64\\native\\stbi.dll": "6B1A89F6F5269B90FB0C9D83E2D206A9",
  "runtimes\\win-x64\\native\\stbi.lib": "927C214DE576219E1F80DBE7798A0502",
  "runtimes\\win-x86\\native\\e_sqlite3.dll": "BF83174882D20D417B07FBE37BB655FB",
  "runtimes\\win-x86\\native\\glfw3.dll": "1489EA233EE1646FD90E50372D1DBD78",
  "runtimes\\win-x86\\native\\SDL2.dll": "C20B64FADF5B14107FC4DAB03B80888E",
  "targets\\Dalamud.Plugin.Bootstrap.targets": "C85635161398CD9852CF7212DB7EB904",
  "targets\\Dalamud.Plugin.targets": "D3DE10F1F04F22619FDD1005FD3DCFEF",
  "CheapLoc.dll": "7F9B4F778E22D67C3B4DBD4A94BAD6DD",
  "Costura.dll": "689652262215FA2BF7B7BA5468A1761E",
  "Dalamud.Boot.dll": "1414F3B1C67B8947C3E7E400776B9E98",
  "Dalamud.Common.dll": "07C07F5C03E68035F5436CF6562C6F4A",
  "Dalamud.deps.json": "3D506ACEB4FEAE6A8AC47C8C913F3AA5",
  "Dalamud.dll": "4C57D7161B961A3E896FCC482A5FB4BA",
  "Dalamud.Injector.deps.json": "4E53ABE9A5D3E4592DA63EBF98DAAD86",
  "Dalamud.Injector.dll": "464AD9F74AA71E0AE119CAE1144AEC00",
  "Dalamud.Injector.exe": "F3FC2828D29665CD49A261DE158A6A92",
  "Dalamud.Injector.runtimeconfig.json": "AAAFA957BB3B382321D67ACC2D792553",
  "Dalamud.Injector.xml": "6CFC451561E67CE7788814C5B327D7EC",
  "Dalamud.runtimeconfig.json": "454E2BA21742B08CF0A9827950A92B0F",
  "Dalamud.xml": "3F8C30D7C1ACD6526BDA827F6A8EF712",
  "DalamudCrashHandler.exe": "62AAF9DB857C34AED1CCD7D3C3B16D32",
  "FASM-LICENSE.TXT": "ECEA1D10811221D5F0A3E96F9C38E2C7",
  "FASM.DLL": "E5945AD1260E5CDC23FE030E52B06BA2",
  "FASMX64.DLL": "FC3CB436141DE927BCD4D9A0F899D0C9",
  "FFXIVClientStructs.dll": "F0471ABBDD52878206998159D4C9EF23",
  "FFXIVClientStructs.xml": "F047797A2BD71D6B107E93D79A4F8543",
  "goaaats.Reloaded.Assembler.targets": "CC22CB0A353E2136EE9E6E96DB9F7164",
  "Iced.dll": "DAD039D99E933BD0D7992792D1E9F87E",
  "ImGui.NET.dll": "CD8188A4B61A905F717A58759D8E25BB",
  "ImGuiScene.dll": "AB4B9A3E9680929CD471698762CD0D26",
  "JetBrains.Annotations.dll": "922C1EE06D36C5089B00D56575793744",
  "licenses.txt": "A159BE62AA91178EFC3E3983AE874D1D",
  "Lumina.dll": "8F030DA45D4ED1E7EB00C8AC118F7BFF",
  "Lumina.Excel.dll": "BD6AFFF6DE73D73563701DF1E485A1E5",
  "Microsoft.Bcl.HashCode.dll": "613AB56061ADF2284E047025207467E0",
  "Microsoft.DotNet.PlatformAbstractions.dll": "00AB0F02B1114C57C758F5AD595224F1",
  "Microsoft.Extensions.DependencyModel.dll": "F39BC76C10CFEA478C936FC4521A9FC9",
  "MinSharp.dll": "AA2234BB97A04B1618C02FAD43745B5B",
  "Mono.Cecil.dll": "C42EE5321C6043ABBC177504D11FD562",
  "Mono.Cecil.Mdb.dll": "782BFC9F13C2BEF5916EC6AA049AAFB7",
  "Mono.Cecil.Pdb.dll": "A2B31671D2527311057E417806A7DB2B",
  "Mono.Cecil.Rocks.dll": "CD612B2D065AFEA0877459166FE6225A",
  "MonoMod.Backports.dll": "909729E8BA77AC24D534764726FA14F9",
  "MonoMod.Core.dll": "CA667965409402DB6F6AAACA88181BC1",
  "MonoMod.Iced.dll": "6512ACF1CB479B1B546AD54FCDA2789A",
  "MonoMod.ILHelpers.dll": "5DA319C753EA74614BEDA36F79B4ABFD",
  "MonoMod.RuntimeDetour.dll": "4B2C978C55E55FF94AB4C4D6E74B36CF",
  "MonoMod.Utils.dll": "27E72E767354EC7605CD8A512AAAF9FD",
  "nethost.dll": "012081214FE71F0F6ADCD9F4A71B2B00",
  "Newtonsoft.Json.dll": "86A83A63F12B55FD3718CFBFB577D7DC",
  "PeNet.Asn1.dll": "87C0569C4EA4CD3A68AE89BB9065D8B7",
  "PeNet.dll": "0B04FECCF1BEDC4F04E0604AEF3278F9",
  "PInvoke.AdvApi32.dll": "34EE461D05B403C3A15D0DEC32A3788C",
  "PInvoke.BCrypt.dll": "FD07758EE1440491F22923084109FF26",
  "PInvoke.Cabinet.dll": "333D950E3804735DA60CC41D614C63E2",
  "PInvoke.CfgMgr32.dll": "768BE7CC18EDCF78B296A72ABE891691",
  "PInvoke.Crypt32.dll": "E7B00B0851738F4A7F2C6D37DAA973B4",
  "PInvoke.DbgHelp.dll": "E701136169620D20E3A70B560DE20E44",
  "PInvoke.DwmApi.dll": "ACF223CC8962404056648815B486F7D9",
  "PInvoke.Gdi32.dll": "69FF434826F98582CE44D3136ECFFACB",
  "PInvoke.Hid.dll": "2E7A41257F8AD9B26073181F450CD8E5",
  "PInvoke.ImageHlp.dll": "79BE816E8D86EA66489D7780DD675D49",
  "PInvoke.IPHlpApi.dll": "E949FA3326D1BA8872B179AB4EE49D38",
  "PInvoke.Kernel32.dll": "234E15B122ED430DE99490CA1A204958",
  "PInvoke.Magnification.dll": "C9EA3D34F506741ECC044DB19C151F09",
  "PInvoke.Msi.dll": "69EE50CE2DA6B55755E52589F49A7EBC",
  "PInvoke.NCrypt.dll": "DA1DE76C14D99370CA3BEF19DC299B15",
  "PInvoke.NetApi32.dll": "AE79F9FA2E3864A5E0642AE4622ECDC5",
  "PInvoke.NewDev.dll": "B3E1992105D986EF9C5C8E4B630FBB07",
  "PInvoke.NTDll.dll": "3F6BDF840EB27DD0FD9EB8071822183A",
  "PInvoke.Ole32.dll": "3C49FB100B60519FFE725BCD12A538F6",
  "PInvoke.Psapi.dll": "A7683EE4B880227F01C8AE632A892B9E",
  "PInvoke.SetupApi.dll": "1B7AE321185D0081D1759A9AD829F9BA",
  "PInvoke.SHCore.dll": "F27E7F063D51480F6D2294C903E4A606",
  "PInvoke.Shell32.dll": "F71A1BCAF6478190691170DAEA77722F",
  "PInvoke.User32.dll": "8BEDE38311ED4F27127290B81B8079FD",
  "PInvoke.Userenv.dll": "FEB7BCA90B8C905EC2F4BB0789847131",
  "PInvoke.UxTheme.dll": "8E683C016250CB719FDB9AAAFC22B3C5",
  "PInvoke.Windows.Core.dll": "90015440A44935208FFEA9BF61740651",
  "PInvoke.Windows.ShellScalingApi.dll": "F351B34B8C9183A51CADFDC279357C49",
  "PInvoke.WinUsb.dll": "9EB8A0280F2848D1A32B560A939F7336",
  "PInvoke.WtsApi32.dll": "341C94455D2E5893DBE4293D4D67AA4D",
  "Reloaded.Assembler.dll": "E22EA61C6AA93FD08505BC77C620ACC9",
  "Reloaded.Hooks.Definitions.dll": "3C5B46C65D162A26388C84A8AA8C0C95",
  "Reloaded.Hooks.dll": "8B6A09A54E90B486590F77865C4F6179",
  "Reloaded.Memory.Buffers.dll": "CDFEE4FB0463C5D30F6E654B6BAD0767",
  "Reloaded.Memory.dll": "99DE15665B7208535AF3BDD6A68E0AA0",
  "revision.txt": "8CB94E7A9661EA20B1293C589216D396",
  "SDL2-CS.config": "65557595FD5DF55D93B2BF881DE62C3A",
  "SDL2-CS.dll": "528801EBA6F6F625C19790B598512C8E",
  "Serilog.dll": "919DD0DEF63EF46A3B46FC9FB4D4DD07",
  "Serilog.Sinks.Async.dll": "86E4B6B835A076146569EF50700472AF",
  "Serilog.Sinks.Console.dll": "A34F89BCF57668C50E8520491F89D514",
  "Serilog.Sinks.File.dll": "685F9B0E11880AB5356CA8BDEC00A41F",
  "SharpDX.Direct3D11.dll": "AA620F698B22359C4ABD7BE27542F195",
  "SharpDX.dll": "DD201DEEA4E9415CE4A6A35F89BDC1F9",
  "SharpDX.DXGI.dll": "6B06A94A2A24E9E316F85743A561032B",
  "SharpDX.Mathematics.dll": "37D836E5AFADAB42C7B65D2720B022A4",
  "Silk.NET.Core.dll": "2A9438DE997323771CD7252A80D23ABF",
  "Silk.NET.GLFW.dll": "6B3DBA3EA6682270EDAF808270DE0BCF",
  "Silk.NET.Maths.dll": "7FED23A6D9059DEDC3FBF1E6BA894A62",
  "Silk.NET.OpenGL.dll": "4006D990F010DD118BB99486E2FA2F44",
  "Silk.NET.SDL.dll": "A45466BB7F886ABB3C44BE96E26647A5",
  "Silk.NET.Windowing.Common.dll": "37CF458C86E5283091D218E11316BD53",
  "Silk.NET.Windowing.Glfw.dll": "EB5ECA04F512CAE4D776EC36C4C8AB7C",
  "Silk.NET.Windowing.Sdl.dll": "602BBBE5A6FDB5D774289C9B2358EC71",
  "SQLite-net.dll": "CF09D4E7413CFEFD3A7E39B90A966F87",
  "SQLitePCLRaw.batteries_v2.dll": "0248D62CFFF02259BA6547C95C06AAFA",
  "SQLitePCLRaw.core.dll": "B1015D739697BD86CBFF25FA89106E3A",
  "SQLitePCLRaw.nativelibrary.dll": "9BF6823709EAEDB45958DB66FA3D9FEE",
  "SQLitePCLRaw.provider.dynamic_cdecl.dll": "98F5F1920595A7D7AD566B63F3A5DE84",
  "StbiSharp.dll": "7BCEBFD421D02A9BF2F4BC04E3F6D8DE",
  "System.Reactive.dll": "EF5A00287AD15393D41B12AA4B726FF7",
  "System.Reflection.MetadataLoadContext.dll": "7EC41D41F4E1246757BA3E2EC862D562",
  "System.Security.Cryptography.Pkcs.dll": "8950E01996A37E808BE3F39063C37BF9",
  "TEMP_gitver.txt": "5BECC44A43C81D41388F8AB139AECE8D",
  "Validation.dll": "B204F2079262CF836F20C231BD8EBE61"
}
