{
  "runtimes\\linux-x64\\native\\libglfw.so.3": "9E3137144F68B9E9793F4C7AD5B1BEA7",
  "runtimes\\linux-x64\\native\\libSDL2-2.0.so": "99B95A708381FC66AB2370E45A260527",
  "runtimes\\linux-x64\\native\\libstbi.so": "0945355ED59677D06E3E88F48101BB26",
  "runtimes\\osx-x64\\native\\libglfw.3.dylib": "1E30FAB2F0C40E82290AD4B0BF14A880",
  "runtimes\\osx-x64\\native\\libSDL2-2.0.dylib": "AAC958490586C67395F0A90903AE3747",
  "runtimes\\osx-x64\\native\\libstbi.dylib": "0B84B0A6A80178266018081C3CAB68E6",
  "runtimes\\win-x64\\native\\cimgui.dll": "A1F20066A70B37FB7E3065960C08C80E",
  "runtimes\\win-x64\\native\\cimguizmo.dll": "0B6A761D3835357261849E86BE5FD9DF",
  "runtimes\\win-x64\\native\\cimplot.dll": "4AD79EE3DCD77E8D5ED14818925EA678",
  "runtimes\\win-x64\\native\\glfw3.dll": "1D1112AED48B386BB9521AE3B4DF8478",
  "runtimes\\win-x64\\native\\minhook.x64d.dll": "E8CE0E55C023044E619B3B8371753651",
  "runtimes\\win-x64\\native\\SDL2.dll": "7C946D9F5F99FB486A66E045EDF5ECAB",
  "runtimes\\win-x64\\native\\stbi.dll": "D4564236B17B9BA26E2B6423D66A1FEF",
  "runtimes\\win-x64\\native\\stbi.lib": "927C214DE576219E1F80DBE7798A0502",
  "runtimes\\win-x86\\native\\glfw3.dll": "D524CDE753622AD714C55A718B93685A",
  "runtimes\\win-x86\\native\\SDL2.dll": "2081B2DB82BB92CD1DE91137244C36EB",
  "targets\\Dalamud.Plugin.Bootstrap.targets": "72C91AC1B4F7C83711BB4C5834FE49A8",
  "targets\\Dalamud.Plugin.targets": "CE55DF182FBC948D33DB41454A31EEF9",
  "CheapLoc.dll": "0CD77E2F3AE8DB8D676B34B36061D5B5",
  "Costura.dll": "872B665F02454C346B8C9943AEC43EF5",
  "Dalamud.Boot.dll": "DD1DB85F104616417F2D4AA72D695CED",
  "Dalamud.deps.json": "32AEA597F0C5D451AE7CDDD74432372D",
  "Dalamud.dll": "A961D2B923A99F70917062BA679F82F5",
  "Dalamud.Injector.deps.json": "D10EED2039C0151239F5EA4FE3A65A7B",
  "Dalamud.Injector.dll": "A1AA904BD7346A2C2737C0076268342A",
  "Dalamud.Injector.exe": "1F76AC4056AB02B35FC7AFFAB8E8707D",
  "Dalamud.Injector.runtimeconfig.json": "AAAFA957BB3B382321D67ACC2D792553",
  "Dalamud.Injector.xml": "CC06A545B271F56E0781ECC82BDEF67F",
  "Dalamud.Interface.dll": "8D617A865D61365FA78D73131F6D0408",
  "Dalamud.runtimeconfig.json": "454E2BA21742B08CF0A9827950A92B0F",
  "Dalamud.xml": "8AFABAC092D9D46746EC40A0968B0CD2",
  "DalamudCrashHandler.exe": "A7F2EBD17D8828E2414C61A033D972EE",
  "FASM-LICENSE.TXT": "ECEA1D10811221D5F0A3E96F9C38E2C7",
  "FASM.DLL": "BD8CAC103EB4F761490004F0159FDAC2",
  "FASMX64.DLL": "E1370848EBB59F52D0FC3981AD94476A",
  "FFXIVClientStructs.dll": "C4367125C2A0515BB405E3E13D6338D9",
  "FFXIVClientStructs.xml": "BA4F4EE1FE3A86FD25F585B2E2EAB745",
  "goaaats.Reloaded.Assembler.targets": "CC22CB0A353E2136EE9E6E96DB9F7164",
  "Iced.dll": "FDE958E42D93AF2A43C7115560DA52F7",
  "ImGui.NET.dll": "507B3087432030BA4A45C8E92F67EF04",
  "ImGuiScene.dll": "3E210206D85F25990ACB7B2A0820E5E4",
  "JetBrains.Annotations.dll": "1239D6C3CDBB68BC6A1749A23B720CC5",
  "licenses.txt": "A159BE62AA91178EFC3E3983AE874D1D",
  "Lumina.dll": "C0BFD10607D44CC6C9142103CC84DE37",
  "Lumina.Excel.dll": "EEAE08AACA0431DBF47ECE3FB725DDD9",
  "Microsoft.Bcl.HashCode.dll": "613AB56061ADF2284E047025207467E0",
  "Microsoft.DotNet.PlatformAbstractions.dll": "00AB0F02B1114C57C758F5AD595224F1",
  "Microsoft.Extensions.DependencyModel.dll": "F39BC76C10CFEA478C936FC4521A9FC9",
  "MinSharp.dll": "025F3FEA91923FCA9D89DF712DAD1F29",
  "Mono.Cecil.dll": "749E7B86371EC4EABA5817F4E09ECC3F",
  "Mono.Cecil.Mdb.dll": "2BF806F66876BD8F40CB1E2217181EA8",
  "Mono.Cecil.Pdb.dll": "986BFCB8A7B5B77B83EF00241F962143",
  "Mono.Cecil.Rocks.dll": "00EBB5A0A55B6B81DA6ACF86DEACC6AC",
  "MonoMod.Backports.dll": "DF08F0B29BFEB95571C5BE7DEC0A3914",
  "MonoMod.Core.dll": "3D4185B620AE999A83AEB5775989EC0D",
  "MonoMod.Iced.dll": "9714EE51E630E0879F8B59255765A467",
  "MonoMod.ILHelpers.dll": "8CB192CB8958D5F7D70F782C01FB3CBC",
  "MonoMod.RuntimeDetour.dll": "E328C690ACF4A17C132CEB854C7CB4BD",
  "MonoMod.Utils.dll": "55EF6DE22774ADC9D4E07D358BB5134A",
  "nethost.dll": "012081214FE71F0F6ADCD9F4A71B2B00",
  "Newtonsoft.Json.dll": "86A83A63F12B55FD3718CFBFB577D7DC",
  "PeNet.Asn1.dll": "DC23970EF56BB5E05CF625EE385D1802",
  "PeNet.dll": "81D39426750FFDDC5E992B1B6D88254B",
  "PInvoke.AdvApi32.dll": "34EE461D05B403C3A15D0DEC32A3788C",
  "PInvoke.BCrypt.dll": "FD07758EE1440491F22923084109FF26",
  "PInvoke.Cabinet.dll": "333D950E3804735DA60CC41D614C63E2",
  "PInvoke.CfgMgr32.dll": "768BE7CC18EDCF78B296A72ABE891691",
  "PInvoke.Crypt32.dll": "E7B00B0851738F4A7F2C6D37DAA973B4",
  "PInvoke.DbgHelp.dll": "E701136169620D20E3A70B560DE20E44",
  "PInvoke.DwmApi.dll": "ACF223CC8962404056648815B486F7D9",
  "PInvoke.Gdi32.dll": "69FF434826F98582CE44D3136ECFFACB",
  "PInvoke.Hid.dll": "2E7A41257F8AD9B26073181F450CD8E5",
  "PInvoke.ImageHlp.dll": "79BE816E8D86EA66489D7780DD675D49",
  "PInvoke.IPHlpApi.dll": "E949FA3326D1BA8872B179AB4EE49D38",
  "PInvoke.Kernel32.dll": "234E15B122ED430DE99490CA1A204958",
  "PInvoke.Magnification.dll": "C9EA3D34F506741ECC044DB19C151F09",
  "PInvoke.Msi.dll": "69EE50CE2DA6B55755E52589F49A7EBC",
  "PInvoke.NCrypt.dll": "DA1DE76C14D99370CA3BEF19DC299B15",
  "PInvoke.NetApi32.dll": "AE79F9FA2E3864A5E0642AE4622ECDC5",
  "PInvoke.NewDev.dll": "B3E1992105D986EF9C5C8E4B630FBB07",
  "PInvoke.NTDll.dll": "3F6BDF840EB27DD0FD9EB8071822183A",
  "PInvoke.Ole32.dll": "3C49FB100B60519FFE725BCD12A538F6",
  "PInvoke.Psapi.dll": "A7683EE4B880227F01C8AE632A892B9E",
  "PInvoke.SetupApi.dll": "1B7AE321185D0081D1759A9AD829F9BA",
  "PInvoke.SHCore.dll": "F27E7F063D51480F6D2294C903E4A606",
  "PInvoke.Shell32.dll": "F71A1BCAF6478190691170DAEA77722F",
  "PInvoke.User32.dll": "8BEDE38311ED4F27127290B81B8079FD",
  "PInvoke.Userenv.dll": "FEB7BCA90B8C905EC2F4BB0789847131",
  "PInvoke.UxTheme.dll": "8E683C016250CB719FDB9AAAFC22B3C5",
  "PInvoke.Windows.Core.dll": "90015440A44935208FFEA9BF61740651",
  "PInvoke.Windows.ShellScalingApi.dll": "F351B34B8C9183A51CADFDC279357C49",
  "PInvoke.WinUsb.dll": "9EB8A0280F2848D1A32B560A939F7336",
  "PInvoke.WtsApi32.dll": "341C94455D2E5893DBE4293D4D67AA4D",
  "Reloaded.Assembler.dll": "F239D3F84AFF2C56DF1155DB2CDE6502",
  "Reloaded.Hooks.Definitions.dll": "1EDC0C35B19AE1060F53FA33CA672461",
  "Reloaded.Hooks.dll": "B12A6C5CB99CD9A63A85D09ABEFD6B56",
  "Reloaded.Memory.Buffers.dll": "9BF20C692C1939DFEE820724E5B6CFB4",
  "Reloaded.Memory.dll": "B39004D5DE4FAF00E4CF6D44037DD45B",
  "revision.txt": "455CB2657AAA59E32FAD80CB0B65B9DC",
  "SDL2-CS.config": "65557595FD5DF55D93B2BF881DE62C3A",
  "SDL2-CS.dll": "5E90EFEA8DA3A802B049CCA1D213DC5C",
  "Serilog.dll": "01949CEA7B612BF1818FAB1A1F71237D",
  "Serilog.Sinks.Async.dll": "CAD3A849C2DBBBD0313CA2024C8831E7",
  "Serilog.Sinks.Console.dll": "57FDF6B477B2C2A0C970F604559A98D8",
  "Serilog.Sinks.File.dll": "35A8C75E811178A5048A8A4AE9B6CE35",
  "SharpDX.Direct3D11.dll": "E7F1C380BD4418DCABD3097E3AFCB7EF",
  "SharpDX.dll": "004B3FA513992C16F7D0DD1CD672CE15",
  "SharpDX.DXGI.dll": "EBB73FE26C70EB1820B93F1BE54F84EA",
  "SharpDX.Mathematics.dll": "4800A40D03133C3392F6B62BC22AF21A",
  "Silk.NET.Core.dll": "5C753CDEF17B44D3C4545A7F73F8837B",
  "Silk.NET.GLFW.dll": "ADEB924292AE3B47BDF300A676706A7C",
  "Silk.NET.Maths.dll": "29C19684E6F973C2BD72A1579C87F266",
  "Silk.NET.OpenGL.dll": "4D7DFA5559845D1CC8F6B88FE8591D29",
  "Silk.NET.SDL.dll": "CC7A0B3F171D3A581A14AC66BA0122C9",
  "Silk.NET.Windowing.Common.dll": "9FA48540A3CA18A7FB972877BF9C978F",
  "Silk.NET.Windowing.Glfw.dll": "D6302E102DED36C06D3C0980C698501F",
  "Silk.NET.Windowing.Sdl.dll": "1695E45FD40FD79B9D498534225A6913",
  "StbiSharp.dll": "23E336269462F8B0CE8E29679AF08B85",
  "System.Reactive.dll": "EF5A00287AD15393D41B12AA4B726FF7",
  "System.Reflection.MetadataLoadContext.dll": "7EC41D41F4E1246757BA3E2EC862D562",
  "System.Security.Cryptography.Pkcs.dll": "8950E01996A37E808BE3F39063C37BF9",
  "TEMP_gitver.txt": "AB5D53F1B9ED414074A596C1B7A82D1D",
  "Validation.dll": "82D698AC7D579C551E7F20F0D3E5C8EE"
}
