{
  "runtimes\\linux-x64\\native\\libglfw.so.3": "9E3137144F68B9E9793F4C7AD5B1BEA7",
  "runtimes\\linux-x64\\native\\libSDL2-2.0.so": "99B95A708381FC66AB2370E45A260527",
  "runtimes\\linux-x64\\native\\libstbi.so": "0945355ED59677D06E3E88F48101BB26",
  "runtimes\\osx-x64\\native\\libglfw.3.dylib": "1E30FAB2F0C40E82290AD4B0BF14A880",
  "runtimes\\osx-x64\\native\\libSDL2-2.0.dylib": "AAC958490586C67395F0A90903AE3747",
  "runtimes\\osx-x64\\native\\libstbi.dylib": "0B84B0A6A80178266018081C3CAB68E6",
  "runtimes\\win-x64\\native\\cimgui.dll": "83821915C1D0D61442A1D82C85E3ABDC",
  "runtimes\\win-x64\\native\\cimguizmo.dll": "98DCA2894C7B4123466319A852D3F77C",
  "runtimes\\win-x64\\native\\cimplot.dll": "689CADC728B523E3CE5FF0A97A79FEF7",
  "runtimes\\win-x64\\native\\glfw3.dll": "21D4454C672B052A1C288F40C35547CA",
  "runtimes\\win-x64\\native\\minhook.x64d.dll": "C32A98B7A39FAE2538326C83E7AC74EB",
  "runtimes\\win-x64\\native\\SDL2.dll": "286D0EC40267260CE99ED30BD7FABDCB",
  "runtimes\\win-x64\\native\\stbi.dll": "87C31AF13F9466259E6539A20A9A6787",
  "runtimes\\win-x64\\native\\stbi.lib": "927C214DE576219E1F80DBE7798A0502",
  "runtimes\\win-x86\\native\\glfw3.dll": "85A0ECD45974D84CF4E483BA2AFB4F36",
  "runtimes\\win-x86\\native\\SDL2.dll": "BF56AFEE17CA5E5BD2C4D9098E5050AD",
  "targets\\Dalamud.Plugin.Bootstrap.targets": "72C91AC1B4F7C83711BB4C5834FE49A8",
  "targets\\Dalamud.Plugin.targets": "CE55DF182FBC948D33DB41454A31EEF9",
  "CheapLoc.dll": "CC37C1FB595108DAC5E4938CEA3EECB7",
  "Costura.dll": "07E2CEE8F22FE2BD69389D17FBECDBBB",
  "Dalamud.Boot.dll": "BEF3AB21A8BCAF1FBF807122EFC3646C",
  "Dalamud.deps.json": "32AEA597F0C5D451AE7CDDD74432372D",
  "Dalamud.dll": "6861EAD55EA5E0A02A02E9E263830DA6",
  "Dalamud.Injector.deps.json": "D10EED2039C0151239F5EA4FE3A65A7B",
  "Dalamud.Injector.dll": "1C7B99199B52248C1C0F1D3FC706EB24",
  "Dalamud.Injector.exe": "1D84F052E6D6D63747CB1853C47B3E0F",
  "Dalamud.Injector.runtimeconfig.json": "AAAFA957BB3B382321D67ACC2D792553",
  "Dalamud.Injector.xml": "CC06A545B271F56E0781ECC82BDEF67F",
  "Dalamud.Interface.dll": "B78C74E44B54B7D64D669DD0C7DC0E46",
  "Dalamud.runtimeconfig.json": "454E2BA21742B08CF0A9827950A92B0F",
  "Dalamud.xml": "28FB72B59AD1D220A559BB70C8176721",
  "DalamudCrashHandler.exe": "498966A3D5517B620C3BDF59F44671D9",
  "FASM-LICENSE.TXT": "ECEA1D10811221D5F0A3E96F9C38E2C7",
  "FASM.DLL": "083752835954FD131C4E2F0EC0AFCAFA",
  "FASMX64.DLL": "A18033CD2E886E210FA114B5CA20CC37",
  "FFXIVClientStructs.dll": "A40EF9B5DFD9F26214467F1AE4095DEA",
  "FFXIVClientStructs.xml": "BA4F4EE1FE3A86FD25F585B2E2EAB745",
  "goaaats.Reloaded.Assembler.targets": "CC22CB0A353E2136EE9E6E96DB9F7164",
  "Iced.dll": "5F7F873EAD0123679150AB4A6EA697CB",
  "ImGui.NET.dll": "1F17BF10DC6FEA6538AFB2B2DF323AFD",
  "ImGuiScene.dll": "D167BBF354C4FC785FB38FC176BFF251",
  "JetBrains.Annotations.dll": "CD1B25DBA6D624E31DFE74BD95FDF9B2",
  "licenses.txt": "A159BE62AA91178EFC3E3983AE874D1D",
  "Lumina.dll": "A6FEF4667414B0B88701F1B159162474",
  "Lumina.Excel.dll": "E949AAEE98EA726C1365B7AF405E5791",
  "Microsoft.Bcl.HashCode.dll": "613AB56061ADF2284E047025207467E0",
  "Microsoft.DotNet.PlatformAbstractions.dll": "00AB0F02B1114C57C758F5AD595224F1",
  "Microsoft.Extensions.DependencyModel.dll": "F39BC76C10CFEA478C936FC4521A9FC9",
  "MinSharp.dll": "C95DF0B8FBB14D5F0C4809F0D82A8F70",
  "Mono.Cecil.dll": "E3DD24ABCDF1241EB428BF24667ACD53",
  "Mono.Cecil.Mdb.dll": "50E5E27A96B8A0C754F4B35318225870",
  "Mono.Cecil.Pdb.dll": "8D2E537BD87CB108D90BE00A60044F39",
  "Mono.Cecil.Rocks.dll": "48FCFCAFDF0A41A5E4EE97C21D8136F2",
  "MonoMod.Backports.dll": "46DAFF61CED4F60D9E5F51CEDD9B4677",
  "MonoMod.Core.dll": "C1F89EEA769EF42233D1495FE0121204",
  "MonoMod.Iced.dll": "5BB2A38FC2B370AD3C4A65F696B729C3",
  "MonoMod.ILHelpers.dll": "069A2E95286F09754C82AA85A4BCE9BC",
  "MonoMod.RuntimeDetour.dll": "C7E6ED176DE2D634D3E2E23FFC2C4929",
  "MonoMod.Utils.dll": "F2CE2BD393CCAC4F7247471FCF90DDCC",
  "nethost.dll": "012081214FE71F0F6ADCD9F4A71B2B00",
  "Newtonsoft.Json.dll": "86A83A63F12B55FD3718CFBFB577D7DC",
  "PeNet.Asn1.dll": "4E5772C1D5CC36F35DB50C7D9FBCB36C",
  "PeNet.dll": "A5F1899B9117923A00D8199C2DD26CA7",
  "PInvoke.AdvApi32.dll": "34EE461D05B403C3A15D0DEC32A3788C",
  "PInvoke.BCrypt.dll": "FD07758EE1440491F22923084109FF26",
  "PInvoke.Cabinet.dll": "333D950E3804735DA60CC41D614C63E2",
  "PInvoke.CfgMgr32.dll": "768BE7CC18EDCF78B296A72ABE891691",
  "PInvoke.Crypt32.dll": "E7B00B0851738F4A7F2C6D37DAA973B4",
  "PInvoke.DbgHelp.dll": "E701136169620D20E3A70B560DE20E44",
  "PInvoke.DwmApi.dll": "ACF223CC8962404056648815B486F7D9",
  "PInvoke.Gdi32.dll": "69FF434826F98582CE44D3136ECFFACB",
  "PInvoke.Hid.dll": "2E7A41257F8AD9B26073181F450CD8E5",
  "PInvoke.ImageHlp.dll": "79BE816E8D86EA66489D7780DD675D49",
  "PInvoke.IPHlpApi.dll": "E949FA3326D1BA8872B179AB4EE49D38",
  "PInvoke.Kernel32.dll": "234E15B122ED430DE99490CA1A204958",
  "PInvoke.Magnification.dll": "C9EA3D34F506741ECC044DB19C151F09",
  "PInvoke.Msi.dll": "69EE50CE2DA6B55755E52589F49A7EBC",
  "PInvoke.NCrypt.dll": "DA1DE76C14D99370CA3BEF19DC299B15",
  "PInvoke.NetApi32.dll": "AE79F9FA2E3864A5E0642AE4622ECDC5",
  "PInvoke.NewDev.dll": "B3E1992105D986EF9C5C8E4B630FBB07",
  "PInvoke.NTDll.dll": "3F6BDF840EB27DD0FD9EB8071822183A",
  "PInvoke.Ole32.dll": "3C49FB100B60519FFE725BCD12A538F6",
  "PInvoke.Psapi.dll": "A7683EE4B880227F01C8AE632A892B9E",
  "PInvoke.SetupApi.dll": "1B7AE321185D0081D1759A9AD829F9BA",
  "PInvoke.SHCore.dll": "F27E7F063D51480F6D2294C903E4A606",
  "PInvoke.Shell32.dll": "F71A1BCAF6478190691170DAEA77722F",
  "PInvoke.User32.dll": "8BEDE38311ED4F27127290B81B8079FD",
  "PInvoke.Userenv.dll": "FEB7BCA90B8C905EC2F4BB0789847131",
  "PInvoke.UxTheme.dll": "8E683C016250CB719FDB9AAAFC22B3C5",
  "PInvoke.Windows.Core.dll": "90015440A44935208FFEA9BF61740651",
  "PInvoke.Windows.ShellScalingApi.dll": "F351B34B8C9183A51CADFDC279357C49",
  "PInvoke.WinUsb.dll": "9EB8A0280F2848D1A32B560A939F7336",
  "PInvoke.WtsApi32.dll": "341C94455D2E5893DBE4293D4D67AA4D",
  "Reloaded.Assembler.dll": "ED9BF0B5D6E59757369C36FD89B2A5D7",
  "Reloaded.Hooks.Definitions.dll": "00FCDE178E9F480346E7A968A9A027FE",
  "Reloaded.Hooks.dll": "584E5344F79790DC765E803D61A8D7DF",
  "Reloaded.Memory.Buffers.dll": "E730B8CD6E36A8F48565D65B4CD14D92",
  "Reloaded.Memory.dll": "3330532492059CB64C3FED3CB9E69E44",
  "revision.txt": "F04CD7399B2B0128970EFB6D20B5C551",
  "SDL2-CS.config": "65557595FD5DF55D93B2BF881DE62C3A",
  "SDL2-CS.dll": "12096324F42BB777B959DCA32EAF7317",
  "Serilog.dll": "FD464F0243BBFF7B5864A8BD158A0173",
  "Serilog.Sinks.Async.dll": "AECA80882726C477367DD9B1B035D667",
  "Serilog.Sinks.Console.dll": "A325FD9AE7FD197399C45A75324AB0EC",
  "Serilog.Sinks.File.dll": "DC4E09CB85DB90977C0647DFFE6F087D",
  "SharpDX.Direct3D11.dll": "C001B59C12E0FACACD6A958D9087A4A2",
  "SharpDX.dll": "1A0F279A9E43FD7A69092495C4626669",
  "SharpDX.DXGI.dll": "847747D09F4161ACF688A6C20C41D5A3",
  "SharpDX.Mathematics.dll": "B65309BF5B061EB5F7133BCC1141EFC3",
  "Silk.NET.Core.dll": "8D4B6CA461D238287394E88FE221907B",
  "Silk.NET.GLFW.dll": "63CFCC799E6AB8007336B3F0295A89C9",
  "Silk.NET.Maths.dll": "CE43C57C5DA7AE9BC0C12E9821E23F71",
  "Silk.NET.OpenGL.dll": "944597BB2247BC4D263B035FC9FEF8BB",
  "Silk.NET.SDL.dll": "EEB432349E9CF6AE2E24593E2B38AFA9",
  "Silk.NET.Windowing.Common.dll": "A81AB67B1CDFC2F060C6D5AE62E556D5",
  "Silk.NET.Windowing.Glfw.dll": "C9E6C810F150019D1ADFB64E05596FBE",
  "Silk.NET.Windowing.Sdl.dll": "1F8DD8C5C833E73ED2424443D456A6EF",
  "StbiSharp.dll": "5D947BF7335753A0E2B72897F6313489",
  "System.Reactive.dll": "EF5A00287AD15393D41B12AA4B726FF7",
  "System.Reflection.MetadataLoadContext.dll": "7EC41D41F4E1246757BA3E2EC862D562",
  "System.Security.Cryptography.Pkcs.dll": "8950E01996A37E808BE3F39063C37BF9",
  "TEMP_gitver.txt": "B4B01799144614B400F0146A2BA84AA7",
  "Validation.dll": "82E1EB646E23049BE204CACDFFC86838"
}
