{
  "runtimes\\alpine-x64\\native\\libe_sqlite3.so": "39C244FEDBCD3DFC37041D4FCE1AE21D",
  "runtimes\\linux-arm\\native\\libe_sqlite3.so": "96CF54BC0EFB83D6E3F5F3E04997A59D",
  "runtimes\\linux-arm64\\native\\libe_sqlite3.so": "F079E55E7F3F9966A4A2052A3234E068",
  "runtimes\\linux-armel\\native\\libe_sqlite3.so": "C5A67D49434FC65D64E9C15778078C76",
  "runtimes\\linux-mips64\\native\\libe_sqlite3.so": "5F8461214089CFC677D46C19B7162161",
  "runtimes\\linux-musl-x64\\native\\libe_sqlite3.so": "39C244FEDBCD3DFC37041D4FCE1AE21D",
  "runtimes\\linux-x64\\native\\libe_sqlite3.so": "6F49C540D3AB9964D67A4A704C3D262D",
  "runtimes\\linux-x64\\native\\libglfw.so.3": "9E3137144F68B9E9793F4C7AD5B1BEA7",
  "runtimes\\linux-x64\\native\\libSDL2-2.0.so": "99B95A708381FC66AB2370E45A260527",
  "runtimes\\linux-x64\\native\\libstbi.so": "0945355ED59677D06E3E88F48101BB26",
  "runtimes\\linux-x86\\native\\libe_sqlite3.so": "5E0659B414CBD6DDC38C65582485853E",
  "runtimes\\osx-x64\\native\\libe_sqlite3.dylib": "F82AE134FCD1C080A69D775591406673",
  "runtimes\\osx-x64\\native\\libglfw.3.dylib": "1E30FAB2F0C40E82290AD4B0BF14A880",
  "runtimes\\osx-x64\\native\\libSDL2-2.0.dylib": "AAC958490586C67395F0A90903AE3747",
  "runtimes\\osx-x64\\native\\libstbi.dylib": "0B84B0A6A80178266018081C3CAB68E6",
  "runtimes\\win-arm\\native\\e_sqlite3.dll": "66821B4DDDD6C686A8659969CA6393BE",
  "runtimes\\win-arm64\\native\\e_sqlite3.dll": "5FDD859A199C3F95D4331306CDDD79D5",
  "runtimes\\win-x64\\native\\cimgui.dll": "D17A0B0A1250084B21FC95D7C0579C69",
  "runtimes\\win-x64\\native\\cimguizmo.dll": "B1925A9FA55C08996C236F9ABA2BBEAB",
  "runtimes\\win-x64\\native\\cimplot.dll": "D37D9238F97B3D5060F83DA603E8C201",
  "runtimes\\win-x64\\native\\e_sqlite3.dll": "4656C0E7B1EAE97C78BF910773D90564",
  "runtimes\\win-x64\\native\\glfw3.dll": "294A2111CB477FCF42BBB3CF857204E6",
  "runtimes\\win-x64\\native\\minhook.x64d.dll": "C81FCDADEA0B0BB582D52B27CA915B2A",
  "runtimes\\win-x64\\native\\SDL2.dll": "FDC6FF9805C9DF4181CF53B6B5DAB0D2",
  "runtimes\\win-x64\\native\\stbi.dll": "B9C76962F7D3F24EEDEBEAA8EE7CE546",
  "runtimes\\win-x64\\native\\stbi.lib": "927C214DE576219E1F80DBE7798A0502",
  "runtimes\\win-x86\\native\\e_sqlite3.dll": "11DDB9A8072038B87CCCD63B550EE942",
  "runtimes\\win-x86\\native\\glfw3.dll": "42BD51C50C1987482A48E9D8C4CC1BDE",
  "runtimes\\win-x86\\native\\SDL2.dll": "521C75C69E25851B79299751B93A6113",
  "targets\\Dalamud.Plugin.Bootstrap.targets": "C85635161398CD9852CF7212DB7EB904",
  "targets\\Dalamud.Plugin.targets": "D3DE10F1F04F22619FDD1005FD3DCFEF",
  "CheapLoc.dll": "DCD7C6C520AC33A2B5FDD2D71A4230D8",
  "Costura.dll": "B4AD1226EC75AC4EFE9BBD41F36276DC",
  "Dalamud.Boot.dll": "7DC64FF5F5D7484213E41513B6BA72A8",
  "Dalamud.Common.dll": "5B882F085479D5BF4006F798CF234354",
  "Dalamud.deps.json": "3D506ACEB4FEAE6A8AC47C8C913F3AA5",
  "Dalamud.dll": "729404E5FD7F49E56F932DAD1DECDBD4",
  "Dalamud.Injector.deps.json": "4E53ABE9A5D3E4592DA63EBF98DAAD86",
  "Dalamud.Injector.dll": "42A9FADA773FDC30A029E824BFB4A37F",
  "Dalamud.Injector.exe": "D1EF7EB9CA563A437DC06DF141AE8D7A",
  "Dalamud.Injector.runtimeconfig.json": "AAAFA957BB3B382321D67ACC2D792553",
  "Dalamud.Injector.xml": "6CFC451561E67CE7788814C5B327D7EC",
  "Dalamud.runtimeconfig.json": "454E2BA21742B08CF0A9827950A92B0F",
  "Dalamud.xml": "3F8C30D7C1ACD6526BDA827F6A8EF712",
  "DalamudCrashHandler.exe": "9579136A1341297C56D80E1DAE457211",
  "FASM-LICENSE.TXT": "ECEA1D10811221D5F0A3E96F9C38E2C7",
  "FASM.DLL": "E64ED64E32AEEA5CA2429FC258C103A3",
  "FASMX64.DLL": "39019A28C52AEB6E8B538244871F89EE",
  "FFXIVClientStructs.dll": "8E830784D9B3943C0EBF4D4130D44EAF",
  "FFXIVClientStructs.xml": "F047797A2BD71D6B107E93D79A4F8543",
  "goaaats.Reloaded.Assembler.targets": "CC22CB0A353E2136EE9E6E96DB9F7164",
  "Iced.dll": "6CFB1F551F162C178FD0FFDA47A81AC9",
  "ImGui.NET.dll": "BF2A9CEDE018945355B669B7DD7AFCCC",
  "ImGuiScene.dll": "82DCEABB7586A9B87491C3C265CD9206",
  "JetBrains.Annotations.dll": "337989ACB5398CC900FFDACB440DAC08",
  "licenses.txt": "A159BE62AA91178EFC3E3983AE874D1D",
  "Lumina.dll": "8D8563704C7C566510A83FAFED86E54C",
  "Lumina.Excel.dll": "2B9AD432B51DC4207DFD90E130C57747",
  "Microsoft.Bcl.HashCode.dll": "613AB56061ADF2284E047025207467E0",
  "Microsoft.DotNet.PlatformAbstractions.dll": "00AB0F02B1114C57C758F5AD595224F1",
  "Microsoft.Extensions.DependencyModel.dll": "F39BC76C10CFEA478C936FC4521A9FC9",
  "MinSharp.dll": "13927D9E93AB425AB50F46082C0CF319",
  "Mono.Cecil.dll": "009BF8155FC628ACB83405DDFB277C7B",
  "Mono.Cecil.Mdb.dll": "FD894A3581E1E1ED5E6AC21F146AB959",
  "Mono.Cecil.Pdb.dll": "1B3FFA8FD4908EFA17EEBC0723EE17B7",
  "Mono.Cecil.Rocks.dll": "0750D299F31C8C8165319AC44176E976",
  "MonoMod.Backports.dll": "AD1D18863B4CF24633C69FDF7EFAD3FF",
  "MonoMod.Core.dll": "4E22298CB815634A91431888D3553F75",
  "MonoMod.Iced.dll": "792C2932FEDE4A55D581254DD656196B",
  "MonoMod.ILHelpers.dll": "A82E18890B7F32DFFD15462B53F26233",
  "MonoMod.RuntimeDetour.dll": "8F682468261E41DD7A2CAC14857FE246",
  "MonoMod.Utils.dll": "EB64EAD5CFB4DCD3F0E0E8B0CD4F466D",
  "nethost.dll": "012081214FE71F0F6ADCD9F4A71B2B00",
  "Newtonsoft.Json.dll": "86A83A63F12B55FD3718CFBFB577D7DC",
  "PeNet.Asn1.dll": "95E9B43B801AD1F87F1B0DBF7687D3F9",
  "PeNet.dll": "2FF6771A64242A72C4D0D6095546A648",
  "PInvoke.AdvApi32.dll": "34EE461D05B403C3A15D0DEC32A3788C",
  "PInvoke.BCrypt.dll": "FD07758EE1440491F22923084109FF26",
  "PInvoke.Cabinet.dll": "333D950E3804735DA60CC41D614C63E2",
  "PInvoke.CfgMgr32.dll": "768BE7CC18EDCF78B296A72ABE891691",
  "PInvoke.Crypt32.dll": "E7B00B0851738F4A7F2C6D37DAA973B4",
  "PInvoke.DbgHelp.dll": "E701136169620D20E3A70B560DE20E44",
  "PInvoke.DwmApi.dll": "ACF223CC8962404056648815B486F7D9",
  "PInvoke.Gdi32.dll": "69FF434826F98582CE44D3136ECFFACB",
  "PInvoke.Hid.dll": "2E7A41257F8AD9B26073181F450CD8E5",
  "PInvoke.ImageHlp.dll": "79BE816E8D86EA66489D7780DD675D49",
  "PInvoke.IPHlpApi.dll": "E949FA3326D1BA8872B179AB4EE49D38",
  "PInvoke.Kernel32.dll": "234E15B122ED430DE99490CA1A204958",
  "PInvoke.Magnification.dll": "C9EA3D34F506741ECC044DB19C151F09",
  "PInvoke.Msi.dll": "69EE50CE2DA6B55755E52589F49A7EBC",
  "PInvoke.NCrypt.dll": "DA1DE76C14D99370CA3BEF19DC299B15",
  "PInvoke.NetApi32.dll": "AE79F9FA2E3864A5E0642AE4622ECDC5",
  "PInvoke.NewDev.dll": "B3E1992105D986EF9C5C8E4B630FBB07",
  "PInvoke.NTDll.dll": "3F6BDF840EB27DD0FD9EB8071822183A",
  "PInvoke.Ole32.dll": "3C49FB100B60519FFE725BCD12A538F6",
  "PInvoke.Psapi.dll": "A7683EE4B880227F01C8AE632A892B9E",
  "PInvoke.SetupApi.dll": "1B7AE321185D0081D1759A9AD829F9BA",
  "PInvoke.SHCore.dll": "F27E7F063D51480F6D2294C903E4A606",
  "PInvoke.Shell32.dll": "F71A1BCAF6478190691170DAEA77722F",
  "PInvoke.User32.dll": "8BEDE38311ED4F27127290B81B8079FD",
  "PInvoke.Userenv.dll": "FEB7BCA90B8C905EC2F4BB0789847131",
  "PInvoke.UxTheme.dll": "8E683C016250CB719FDB9AAAFC22B3C5",
  "PInvoke.Windows.Core.dll": "90015440A44935208FFEA9BF61740651",
  "PInvoke.Windows.ShellScalingApi.dll": "F351B34B8C9183A51CADFDC279357C49",
  "PInvoke.WinUsb.dll": "9EB8A0280F2848D1A32B560A939F7336",
  "PInvoke.WtsApi32.dll": "341C94455D2E5893DBE4293D4D67AA4D",
  "Reloaded.Assembler.dll": "EE9B5C2616A8CD6C956C937237B0F8D2",
  "Reloaded.Hooks.Definitions.dll": "DD7ABE8EC3DC9AAE3D0E91B49353A598",
  "Reloaded.Hooks.dll": "07916297CABFDFD8D3C1312637B86202",
  "Reloaded.Memory.Buffers.dll": "50AB2F14485003C5CB88B8BCCC8A7A4E",
  "Reloaded.Memory.dll": "86E0604BF5C1E24766E8EEBB7A67DA1C",
  "revision.txt": "F2B5E92F61B6DE923B063588EE6E7C48",
  "SDL2-CS.config": "65557595FD5DF55D93B2BF881DE62C3A",
  "SDL2-CS.dll": "CDD51DFD960D6D40D86F0053EF5AA835",
  "Serilog.dll": "272ADBD6254280395D32773AE10FB9D7",
  "Serilog.Sinks.Async.dll": "D3C724810BDA8D4904A1AC057AAFF47E",
  "Serilog.Sinks.Console.dll": "1AE8B03382D7CE013A8089A8CB565161",
  "Serilog.Sinks.File.dll": "F3C8981A4B161A233E5A6A8930D3E3B8",
  "SharpDX.Direct3D11.dll": "F7F10BE24B7DB6578DABB4458B095A3F",
  "SharpDX.dll": "032EA0133EBE8D8C7DB242EFE0900BC3",
  "SharpDX.DXGI.dll": "18328497F4F804BBC55CAEB76ABC44C9",
  "SharpDX.Mathematics.dll": "96CEDF38A766D3A20CE6672372C6A260",
  "Silk.NET.Core.dll": "224059B4E81927675145A2559C102564",
  "Silk.NET.GLFW.dll": "71951BE625D3071602FD1289800C8FD6",
  "Silk.NET.Maths.dll": "A7FF107F39AC1E1C152B360BDB33C312",
  "Silk.NET.OpenGL.dll": "1087A64CE4E068B1D79873195A61663D",
  "Silk.NET.SDL.dll": "A1FAEF76892325A349240D5865C8BB49",
  "Silk.NET.Windowing.Common.dll": "32AA4E4800E05A02393B3940CCEB903B",
  "Silk.NET.Windowing.Glfw.dll": "FD0B800B5F4DB62A3BBD376AC6B3CB9B",
  "Silk.NET.Windowing.Sdl.dll": "AB16D9F3F506A49C418B9440209377A2",
  "SQLite-net.dll": "6CD08EC9885089A34B5B5299F0A1A64F",
  "SQLitePCLRaw.batteries_v2.dll": "88361492C02695B56E012D64D9108924",
  "SQLitePCLRaw.core.dll": "7DE21048D8A17D61995D0F420BFCD8E1",
  "SQLitePCLRaw.nativelibrary.dll": "4724A9199E724B281973D21B86C250C9",
  "SQLitePCLRaw.provider.dynamic_cdecl.dll": "1973BC90C82CF29E4ED5F34A24EABBF3",
  "StbiSharp.dll": "7DD3CD216319F9FED340D31EF68C3DF4",
  "System.Reactive.dll": "EF5A00287AD15393D41B12AA4B726FF7",
  "System.Reflection.MetadataLoadContext.dll": "7EC41D41F4E1246757BA3E2EC862D562",
  "System.Security.Cryptography.Pkcs.dll": "8950E01996A37E808BE3F39063C37BF9",
  "TEMP_gitver.txt": "E0A90B588B581955179CD1786374C7CF",
  "Validation.dll": "047E81D0D4C211869301AFFE518BD1ED"
}
