{
  "runtimes\\alpine-x64\\native\\libe_sqlite3.so": "39C244FEDBCD3DFC37041D4FCE1AE21D",
  "runtimes\\linux-arm\\native\\libe_sqlite3.so": "96CF54BC0EFB83D6E3F5F3E04997A59D",
  "runtimes\\linux-arm64\\native\\libe_sqlite3.so": "F079E55E7F3F9966A4A2052A3234E068",
  "runtimes\\linux-armel\\native\\libe_sqlite3.so": "C5A67D49434FC65D64E9C15778078C76",
  "runtimes\\linux-mips64\\native\\libe_sqlite3.so": "5F8461214089CFC677D46C19B7162161",
  "runtimes\\linux-musl-x64\\native\\libe_sqlite3.so": "39C244FEDBCD3DFC37041D4FCE1AE21D",
  "runtimes\\linux-x64\\native\\libe_sqlite3.so": "6F49C540D3AB9964D67A4A704C3D262D",
  "runtimes\\linux-x64\\native\\libglfw.so.3": "9E3137144F68B9E9793F4C7AD5B1BEA7",
  "runtimes\\linux-x64\\native\\libSDL2-2.0.so": "99B95A708381FC66AB2370E45A260527",
  "runtimes\\linux-x64\\native\\libstbi.so": "0945355ED59677D06E3E88F48101BB26",
  "runtimes\\linux-x86\\native\\libe_sqlite3.so": "5E0659B414CBD6DDC38C65582485853E",
  "runtimes\\osx-x64\\native\\libe_sqlite3.dylib": "F82AE134FCD1C080A69D775591406673",
  "runtimes\\osx-x64\\native\\libglfw.3.dylib": "1E30FAB2F0C40E82290AD4B0BF14A880",
  "runtimes\\osx-x64\\native\\libSDL2-2.0.dylib": "AAC958490586C67395F0A90903AE3747",
  "runtimes\\osx-x64\\native\\libstbi.dylib": "0B84B0A6A80178266018081C3CAB68E6",
  "runtimes\\win-arm\\native\\e_sqlite3.dll": "E15DF1A1AEF5AE6D72D2546830521DB3",
  "runtimes\\win-arm64\\native\\e_sqlite3.dll": "8A5D87975D7A930A548A0B1480567597",
  "runtimes\\win-x64\\native\\cimgui.dll": "B820C473860D7D090BF04DC4D874ED54",
  "runtimes\\win-x64\\native\\cimguizmo.dll": "DAC701FBDE99370FE92D9F046A63E2EF",
  "runtimes\\win-x64\\native\\cimplot.dll": "6352E99D0CA833C4B8002DABC3CDF428",
  "runtimes\\win-x64\\native\\e_sqlite3.dll": "DE48680C5728F2B76A5851B798CD0FCA",
  "runtimes\\win-x64\\native\\glfw3.dll": "36869C973AB5C5400E7AF773702B727F",
  "runtimes\\win-x64\\native\\minhook.x64d.dll": "A04F50C02D05F9CACB072645E0F20C4B",
  "runtimes\\win-x64\\native\\SDL2.dll": "0A837CDA641DB06E5C7FE21D2F7629DF",
  "runtimes\\win-x64\\native\\stbi.dll": "F6C091C2E73DBE79D45DA9143A2B1178",
  "runtimes\\win-x64\\native\\stbi.lib": "927C214DE576219E1F80DBE7798A0502",
  "runtimes\\win-x86\\native\\e_sqlite3.dll": "86F5AAB2A19462DA8F7C093AB6C235D9",
  "runtimes\\win-x86\\native\\glfw3.dll": "7E9675EBB8AF23A9D9D9230109B53CF1",
  "runtimes\\win-x86\\native\\SDL2.dll": "9B8843A826DCAF437DABA445937477F8",
  "targets\\Dalamud.Plugin.Bootstrap.targets": "C85635161398CD9852CF7212DB7EB904",
  "targets\\Dalamud.Plugin.targets": "D3DE10F1F04F22619FDD1005FD3DCFEF",
  "CheapLoc.dll": "6E948D9FA235071941504A46A09C9948",
  "Costura.dll": "0BA69B5961925D0DC27BE79E1785F3D8",
  "Dalamud.Boot.dll": "81F4A291AADB694863BB0B1D4DDBB96E",
  "Dalamud.Common.dll": "76543FD0F1F628CE032036F356A06079",
  "Dalamud.deps.json": "3D506ACEB4FEAE6A8AC47C8C913F3AA5",
  "Dalamud.dll": "5CBA8FBC64EFFBB4917C2BA9BEEF9D0E",
  "Dalamud.Injector.deps.json": "4E53ABE9A5D3E4592DA63EBF98DAAD86",
  "Dalamud.Injector.dll": "C36880D0B91DD5242C061032F36CF3F7",
  "Dalamud.Injector.exe": "7172702FD03DF956BAC5F3E10D0E8B21",
  "Dalamud.Injector.runtimeconfig.json": "AAAFA957BB3B382321D67ACC2D792553",
  "Dalamud.Injector.xml": "6CFC451561E67CE7788814C5B327D7EC",
  "Dalamud.runtimeconfig.json": "454E2BA21742B08CF0A9827950A92B0F",
  "Dalamud.xml": "11F17022054E3EB9FF4852F56375FFC4",
  "DalamudCrashHandler.exe": "E53E67F3FA12906531714C4B31BD23AF",
  "FASM-LICENSE.TXT": "ECEA1D10811221D5F0A3E96F9C38E2C7",
  "FASM.DLL": "3F69C36030C0F9A22AEACFF72F322AD2",
  "FASMX64.DLL": "D7293399BE148874C551490B8D303118",
  "FFXIVClientStructs.dll": "9BC2FC87090CECFB510F1118F1C1D305",
  "FFXIVClientStructs.xml": "F047797A2BD71D6B107E93D79A4F8543",
  "goaaats.Reloaded.Assembler.targets": "CC22CB0A353E2136EE9E6E96DB9F7164",
  "Iced.dll": "789F4CFDE1407585146CCA834072D275",
  "ImGui.NET.dll": "C00D6CFAF1EC5A28331BF32AFCEB8041",
  "ImGuiScene.dll": "9228E221DBC79FA0E02789228F984941",
  "JetBrains.Annotations.dll": "3D58D5253A339E27ADB927AA82840CFE",
  "licenses.txt": "A159BE62AA91178EFC3E3983AE874D1D",
  "Lumina.dll": "0CE947AABE05D3FECC71AC0F7305CCD5",
  "Lumina.Excel.dll": "043E998130A5A05CD44C0CB2EB2F8B0A",
  "Microsoft.Bcl.HashCode.dll": "613AB56061ADF2284E047025207467E0",
  "Microsoft.DotNet.PlatformAbstractions.dll": "00AB0F02B1114C57C758F5AD595224F1",
  "Microsoft.Extensions.DependencyModel.dll": "F39BC76C10CFEA478C936FC4521A9FC9",
  "MinSharp.dll": "FB74D442C9D554EC06C394251DC4921E",
  "Mono.Cecil.dll": "78756724208B20CF40C0784A113C117D",
  "Mono.Cecil.Mdb.dll": "36A2A31411B2D6B5145851971EAFE09F",
  "Mono.Cecil.Pdb.dll": "862C7E33A01778414137DA1EA934DEBC",
  "Mono.Cecil.Rocks.dll": "173C5F38F6E501C97E72CD2FC908FF47",
  "MonoMod.Backports.dll": "6A39E65983677F40DBA0D2C3A81857C8",
  "MonoMod.Core.dll": "2C5761CC2906DA907D393226745D1881",
  "MonoMod.Iced.dll": "58C2DE53FD9666E60D1E3F5A0CA3369D",
  "MonoMod.ILHelpers.dll": "2AA0E0FE559146C3386A76779BCB3B1C",
  "MonoMod.RuntimeDetour.dll": "12E35FCBD94AD237EE0E4997E42D0A35",
  "MonoMod.Utils.dll": "575A78ADAE44B944F7A0DD5D501A1346",
  "nethost.dll": "012081214FE71F0F6ADCD9F4A71B2B00",
  "Newtonsoft.Json.dll": "86A83A63F12B55FD3718CFBFB577D7DC",
  "PeNet.Asn1.dll": "620BDED0F52F6FC45F951057378209FF",
  "PeNet.dll": "FB97C9B8F3AAA379CE8E797AC76460C2",
  "PInvoke.AdvApi32.dll": "34EE461D05B403C3A15D0DEC32A3788C",
  "PInvoke.BCrypt.dll": "FD07758EE1440491F22923084109FF26",
  "PInvoke.Cabinet.dll": "333D950E3804735DA60CC41D614C63E2",
  "PInvoke.CfgMgr32.dll": "768BE7CC18EDCF78B296A72ABE891691",
  "PInvoke.Crypt32.dll": "E7B00B0851738F4A7F2C6D37DAA973B4",
  "PInvoke.DbgHelp.dll": "E701136169620D20E3A70B560DE20E44",
  "PInvoke.DwmApi.dll": "ACF223CC8962404056648815B486F7D9",
  "PInvoke.Gdi32.dll": "69FF434826F98582CE44D3136ECFFACB",
  "PInvoke.Hid.dll": "2E7A41257F8AD9B26073181F450CD8E5",
  "PInvoke.ImageHlp.dll": "79BE816E8D86EA66489D7780DD675D49",
  "PInvoke.IPHlpApi.dll": "E949FA3326D1BA8872B179AB4EE49D38",
  "PInvoke.Kernel32.dll": "234E15B122ED430DE99490CA1A204958",
  "PInvoke.Magnification.dll": "C9EA3D34F506741ECC044DB19C151F09",
  "PInvoke.Msi.dll": "69EE50CE2DA6B55755E52589F49A7EBC",
  "PInvoke.NCrypt.dll": "DA1DE76C14D99370CA3BEF19DC299B15",
  "PInvoke.NetApi32.dll": "AE79F9FA2E3864A5E0642AE4622ECDC5",
  "PInvoke.NewDev.dll": "B3E1992105D986EF9C5C8E4B630FBB07",
  "PInvoke.NTDll.dll": "3F6BDF840EB27DD0FD9EB8071822183A",
  "PInvoke.Ole32.dll": "3C49FB100B60519FFE725BCD12A538F6",
  "PInvoke.Psapi.dll": "A7683EE4B880227F01C8AE632A892B9E",
  "PInvoke.SetupApi.dll": "1B7AE321185D0081D1759A9AD829F9BA",
  "PInvoke.SHCore.dll": "F27E7F063D51480F6D2294C903E4A606",
  "PInvoke.Shell32.dll": "F71A1BCAF6478190691170DAEA77722F",
  "PInvoke.User32.dll": "8BEDE38311ED4F27127290B81B8079FD",
  "PInvoke.Userenv.dll": "FEB7BCA90B8C905EC2F4BB0789847131",
  "PInvoke.UxTheme.dll": "8E683C016250CB719FDB9AAAFC22B3C5",
  "PInvoke.Windows.Core.dll": "90015440A44935208FFEA9BF61740651",
  "PInvoke.Windows.ShellScalingApi.dll": "F351B34B8C9183A51CADFDC279357C49",
  "PInvoke.WinUsb.dll": "9EB8A0280F2848D1A32B560A939F7336",
  "PInvoke.WtsApi32.dll": "341C94455D2E5893DBE4293D4D67AA4D",
  "Reloaded.Assembler.dll": "31B0C4844A563053743D7A5F222EE5C6",
  "Reloaded.Hooks.Definitions.dll": "ED1A9F7C72994C8EED2D0324335F3A03",
  "Reloaded.Hooks.dll": "A64CE23D8659626442A21789C49896F0",
  "Reloaded.Memory.Buffers.dll": "77CCEA92637CFDA06590B41C971FCE01",
  "Reloaded.Memory.dll": "17DBF83E0D2C4DC128BD4C264C65827A",
  "revision.txt": "7E889FB76E0E07C11733550F2A6C7A5A",
  "SDL2-CS.config": "65557595FD5DF55D93B2BF881DE62C3A",
  "SDL2-CS.dll": "1D1F73BE6611FF4DA0DF432CD9ED3F0D",
  "Serilog.dll": "7748A38CC00CFF9AD1E30D963D363769",
  "Serilog.Sinks.Async.dll": "0F26659FC74E517F8650017A39A5C5DA",
  "Serilog.Sinks.Console.dll": "3AE181BF1C5E0DE620385C86FA398DA0",
  "Serilog.Sinks.File.dll": "C4F803173BE2B269C7CC7E9DECB5095B",
  "SharpDX.Direct3D11.dll": "7332911366A7B3F454AECBF4795459F1",
  "SharpDX.dll": "F4E0781F05631F53D29B46B2EE6D7385",
  "SharpDX.DXGI.dll": "EF9E4DBEC8216B2BFE248955593B81B8",
  "SharpDX.Mathematics.dll": "39E28AE0C171652D9061F032B1EC3875",
  "Silk.NET.Core.dll": "9D979F4BB78181A3C29DB74D85017F82",
  "Silk.NET.GLFW.dll": "90EC5AA059ED5F0A5AD12F94C755620B",
  "Silk.NET.Maths.dll": "71FD883DF3B5811A5D953DC50BC3CBB0",
  "Silk.NET.OpenGL.dll": "A798104C851537B7A12C48114EB43D62",
  "Silk.NET.SDL.dll": "6CAC39560F5E5708985365399F65D90A",
  "Silk.NET.Windowing.Common.dll": "7484BD90604CB04436CD543EE9501FD9",
  "Silk.NET.Windowing.Glfw.dll": "6E22C0F7533E5A3E151D3C913DFCDAC9",
  "Silk.NET.Windowing.Sdl.dll": "0848B8A3372B82F3718666B12289A528",
  "SQLite-net.dll": "7B934AFDA160A899A07AAF4602A38252",
  "SQLitePCLRaw.batteries_v2.dll": "3D37DF32200D8CAF7DC49638CC493A75",
  "SQLitePCLRaw.core.dll": "1E4E61C064EB19B10141C565F1BD6F37",
  "SQLitePCLRaw.nativelibrary.dll": "03F7ABE3E6ACD27BF6788E2EB83A739F",
  "SQLitePCLRaw.provider.dynamic_cdecl.dll": "83862D0390608698651D96ACB1D27A6E",
  "StbiSharp.dll": "CF0D28E294DBA34B1CCC4B51B9792F26",
  "System.Reactive.dll": "EF5A00287AD15393D41B12AA4B726FF7",
  "System.Reflection.MetadataLoadContext.dll": "7EC41D41F4E1246757BA3E2EC862D562",
  "System.Security.Cryptography.Pkcs.dll": "8950E01996A37E808BE3F39063C37BF9",
  "TEMP_gitver.txt": "87735D510E9E7770D51A538427184598",
  "Validation.dll": "5E6370A3BE81520495E02F7F7518A445"
}
