{
  "runtimes\\linux-x64\\native\\libglfw.so.3": "9E3137144F68B9E9793F4C7AD5B1BEA7",
  "runtimes\\linux-x64\\native\\libSDL2-2.0.so": "99B95A708381FC66AB2370E45A260527",
  "runtimes\\linux-x64\\native\\libstbi.so": "0945355ED59677D06E3E88F48101BB26",
  "runtimes\\osx-x64\\native\\libglfw.3.dylib": "1E30FAB2F0C40E82290AD4B0BF14A880",
  "runtimes\\osx-x64\\native\\libSDL2-2.0.dylib": "AAC958490586C67395F0A90903AE3747",
  "runtimes\\osx-x64\\native\\libstbi.dylib": "0B84B0A6A80178266018081C3CAB68E6",
  "runtimes\\win-x64\\native\\cimgui.dll": "3AC67C2B8C25D0C062F2EF1358DB2557",
  "runtimes\\win-x64\\native\\cimguizmo.dll": "420613C3C2C43D45F90EE4958B3C0B45",
  "runtimes\\win-x64\\native\\cimplot.dll": "4A5A2C6931F7C43C154FA4C844CA5DA3",
  "runtimes\\win-x64\\native\\glfw3.dll": "740D87B0A81919D393061E778DC91A0E",
  "runtimes\\win-x64\\native\\minhook.x64d.dll": "E3CCD657CAB993BD71B03F41FB24FAEF",
  "runtimes\\win-x64\\native\\SDL2.dll": "54B1FA66FDB1201CD05A8EE219D67100",
  "runtimes\\win-x64\\native\\stbi.dll": "692797680A4512FDCB2E7C58D05E0EF2",
  "runtimes\\win-x64\\native\\stbi.lib": "927C214DE576219E1F80DBE7798A0502",
  "runtimes\\win-x86\\native\\glfw3.dll": "AA9181D2DBF5BB75FE1FA39C1704A1AF",
  "runtimes\\win-x86\\native\\SDL2.dll": "594F0B39A9D748AAE47628A546D9BCC9",
  "targets\\Dalamud.Plugin.Bootstrap.targets": "72C91AC1B4F7C83711BB4C5834FE49A8",
  "targets\\Dalamud.Plugin.targets": "D3DE10F1F04F22619FDD1005FD3DCFEF",
  "CheapLoc.dll": "36DF62D37A283B3586757522588AA809",
  "Costura.dll": "4AFDC4374FC6A51E4C4BAB3C7E3202C5",
  "Dalamud.Boot.dll": "630DB1693D6081572BEC0BFB78AD8220",
  "Dalamud.deps.json": "DDB22E0738D8FA598772708A6F9B131F",
  "Dalamud.dll": "1E92D34F4D69356FB5921D6591BB4A8F",
  "Dalamud.Injector.deps.json": "D10EED2039C0151239F5EA4FE3A65A7B",
  "Dalamud.Injector.dll": "4E15B3C8EA5DCBF391CEF1481388A02C",
  "Dalamud.Injector.exe": "28DA61A5C8D78B3784E0FFFC57675215",
  "Dalamud.Injector.runtimeconfig.json": "AAAFA957BB3B382321D67ACC2D792553",
  "Dalamud.Injector.xml": "CC06A545B271F56E0781ECC82BDEF67F",
  "Dalamud.runtimeconfig.json": "454E2BA21742B08CF0A9827950A92B0F",
  "Dalamud.xml": "FD9428D89EF96804589AAB6857765079",
  "DalamudCrashHandler.exe": "302F24E8F61FE556D7B65EC59C41AD0F",
  "FASM-LICENSE.TXT": "ECEA1D10811221D5F0A3E96F9C38E2C7",
  "FASM.DLL": "0BEFF6BF02F1CA16E6708138E408EC29",
  "FASMX64.DLL": "669735EA67AC4D6E6F6DC780F7F0EB98",
  "FFXIVClientStructs.dll": "2D270D07458B478689AB06EF833C576F",
  "FFXIVClientStructs.xml": "99D52300842511BA998676842AD0B2D7",
  "goaaats.Reloaded.Assembler.targets": "CC22CB0A353E2136EE9E6E96DB9F7164",
  "Iced.dll": "89B6813CE51187256F76BA2333DA9DEA",
  "ImGui.NET.dll": "5E836486084FBFE60FF7BEB87A5C1C50",
  "ImGuiScene.dll": "6AF2050F7FDE51BDB25ED2CB7CD7A96B",
  "JetBrains.Annotations.dll": "821AB052AC53DDB4EB75E0333DBEF80E",
  "licenses.txt": "A159BE62AA91178EFC3E3983AE874D1D",
  "Lumina.dll": "27EA1C37DC993094E304482CE8FBFB17",
  "Lumina.Excel.dll": "105412828CDEC855821AF627EE66C1B4",
  "Microsoft.Bcl.HashCode.dll": "613AB56061ADF2284E047025207467E0",
  "Microsoft.DotNet.PlatformAbstractions.dll": "00AB0F02B1114C57C758F5AD595224F1",
  "Microsoft.Extensions.DependencyModel.dll": "F39BC76C10CFEA478C936FC4521A9FC9",
  "MinSharp.dll": "836BB7049072FAB6B6F550C3EF4160AF",
  "Mono.Cecil.dll": "46F89E3BFBA0A9D04F7E5A5393DCFF60",
  "Mono.Cecil.Mdb.dll": "C39802161ED46419DD99F81013BE9E17",
  "Mono.Cecil.Pdb.dll": "0735B4E9AA64A538B56E4C9E5A26F6BA",
  "Mono.Cecil.Rocks.dll": "F63AFDA9550DA90769F9B003AF203247",
  "MonoMod.Backports.dll": "458628311F186DE2B63F47C37FCFC8AB",
  "MonoMod.Core.dll": "6727873E640423832171159E11E64334",
  "MonoMod.Iced.dll": "855FFE58E33F272760D254AD3345BB54",
  "MonoMod.ILHelpers.dll": "E0F378F08C3CC7B3451BD14E4491D0F3",
  "MonoMod.RuntimeDetour.dll": "3E4785ABC8F477CDB1ED750A73945B0B",
  "MonoMod.Utils.dll": "C1C6B6AFE214265E5E0C4FD708687E8A",
  "nethost.dll": "012081214FE71F0F6ADCD9F4A71B2B00",
  "Newtonsoft.Json.dll": "86A83A63F12B55FD3718CFBFB577D7DC",
  "PeNet.Asn1.dll": "2CECD01075C25A0BA7C26C55FD3F7E3E",
  "PeNet.dll": "CBC5058E40B93699FB5CBDFDEFF3D319",
  "PInvoke.AdvApi32.dll": "34EE461D05B403C3A15D0DEC32A3788C",
  "PInvoke.BCrypt.dll": "FD07758EE1440491F22923084109FF26",
  "PInvoke.Cabinet.dll": "333D950E3804735DA60CC41D614C63E2",
  "PInvoke.CfgMgr32.dll": "768BE7CC18EDCF78B296A72ABE891691",
  "PInvoke.Crypt32.dll": "E7B00B0851738F4A7F2C6D37DAA973B4",
  "PInvoke.DbgHelp.dll": "E701136169620D20E3A70B560DE20E44",
  "PInvoke.DwmApi.dll": "ACF223CC8962404056648815B486F7D9",
  "PInvoke.Gdi32.dll": "69FF434826F98582CE44D3136ECFFACB",
  "PInvoke.Hid.dll": "2E7A41257F8AD9B26073181F450CD8E5",
  "PInvoke.ImageHlp.dll": "79BE816E8D86EA66489D7780DD675D49",
  "PInvoke.IPHlpApi.dll": "E949FA3326D1BA8872B179AB4EE49D38",
  "PInvoke.Kernel32.dll": "234E15B122ED430DE99490CA1A204958",
  "PInvoke.Magnification.dll": "C9EA3D34F506741ECC044DB19C151F09",
  "PInvoke.Msi.dll": "69EE50CE2DA6B55755E52589F49A7EBC",
  "PInvoke.NCrypt.dll": "DA1DE76C14D99370CA3BEF19DC299B15",
  "PInvoke.NetApi32.dll": "AE79F9FA2E3864A5E0642AE4622ECDC5",
  "PInvoke.NewDev.dll": "B3E1992105D986EF9C5C8E4B630FBB07",
  "PInvoke.NTDll.dll": "3F6BDF840EB27DD0FD9EB8071822183A",
  "PInvoke.Ole32.dll": "3C49FB100B60519FFE725BCD12A538F6",
  "PInvoke.Psapi.dll": "A7683EE4B880227F01C8AE632A892B9E",
  "PInvoke.SetupApi.dll": "1B7AE321185D0081D1759A9AD829F9BA",
  "PInvoke.SHCore.dll": "F27E7F063D51480F6D2294C903E4A606",
  "PInvoke.Shell32.dll": "F71A1BCAF6478190691170DAEA77722F",
  "PInvoke.User32.dll": "8BEDE38311ED4F27127290B81B8079FD",
  "PInvoke.Userenv.dll": "FEB7BCA90B8C905EC2F4BB0789847131",
  "PInvoke.UxTheme.dll": "8E683C016250CB719FDB9AAAFC22B3C5",
  "PInvoke.Windows.Core.dll": "90015440A44935208FFEA9BF61740651",
  "PInvoke.Windows.ShellScalingApi.dll": "F351B34B8C9183A51CADFDC279357C49",
  "PInvoke.WinUsb.dll": "9EB8A0280F2848D1A32B560A939F7336",
  "PInvoke.WtsApi32.dll": "341C94455D2E5893DBE4293D4D67AA4D",
  "Reloaded.Assembler.dll": "81128101CA04D86BD05A66E73136F98C",
  "Reloaded.Hooks.Definitions.dll": "2194BAF01B64793FD52EEEC357A9AD74",
  "Reloaded.Hooks.dll": "DF6D285474570A051EA2A5ABE5354127",
  "Reloaded.Memory.Buffers.dll": "03E3849B39A136DD8C4594C8A7B1E9BF",
  "Reloaded.Memory.dll": "D63AE49F82C713F8E853EE198D2F626B",
  "revision.txt": "0314C9B108B8C39F1CF878ED93FDD5AE",
  "SDL2-CS.config": "65557595FD5DF55D93B2BF881DE62C3A",
  "SDL2-CS.dll": "999E7BADE9CE975342C5C0D8D15128F4",
  "Serilog.dll": "16EFCFCB4620E7B1412FCDC6F5B9FBA9",
  "Serilog.Sinks.Async.dll": "80086627BEDB84207892D7E59701C38D",
  "Serilog.Sinks.Console.dll": "AE2F60107132BA6F87E785556040085C",
  "Serilog.Sinks.File.dll": "4510B730FA8E7C99E665F7F3BC5B408B",
  "SharpDX.Direct3D11.dll": "2DEDA5185818081FE75DA261861471E5",
  "SharpDX.dll": "0699C3D9C0A7BDBC1C2F633254042B9B",
  "SharpDX.DXGI.dll": "D9EB3CD53BC25C5A6EEEDE6A5C1B1C49",
  "SharpDX.Mathematics.dll": "7CBF1DB2FF34A752F5C3B822CB50D974",
  "Silk.NET.Core.dll": "4F022F9F6E68CAD288332431A0870717",
  "Silk.NET.GLFW.dll": "C8E2B226AA8C2882820365B97C88DFAD",
  "Silk.NET.Maths.dll": "94294548B6ABAA563D80330FB51E0256",
  "Silk.NET.OpenGL.dll": "BDB2D53B28C46A9C91F6E418784FE2BF",
  "Silk.NET.SDL.dll": "EB33D4534AF922AF6EFC14F06E025A98",
  "Silk.NET.Windowing.Common.dll": "88F48E25A3BB4F6D70F76558229F65A9",
  "Silk.NET.Windowing.Glfw.dll": "13A6E2B05BDA549A4C9649064B549A71",
  "Silk.NET.Windowing.Sdl.dll": "C036B95D552A754D927E504079607E9F",
  "StbiSharp.dll": "A891E75BEF4E0DE5C8E867DEDB5266DC",
  "System.Reactive.dll": "EF5A00287AD15393D41B12AA4B726FF7",
  "System.Reflection.MetadataLoadContext.dll": "7EC41D41F4E1246757BA3E2EC862D562",
  "System.Security.Cryptography.Pkcs.dll": "8950E01996A37E808BE3F39063C37BF9",
  "TEMP_gitver.txt": "E895F48A3F7F84A639397E938C875A4A",
  "Validation.dll": "F1180F9A7B802A1ED543FAEEF37D6D9F"
}
