{
  "runtimes\\linux-x64\\native\\libglfw.so.3": "9E3137144F68B9E9793F4C7AD5B1BEA7",
  "runtimes\\linux-x64\\native\\libSDL2-2.0.so": "99B95A708381FC66AB2370E45A260527",
  "runtimes\\linux-x64\\native\\libstbi.so": "0945355ED59677D06E3E88F48101BB26",
  "runtimes\\osx-x64\\native\\libglfw.3.dylib": "1E30FAB2F0C40E82290AD4B0BF14A880",
  "runtimes\\osx-x64\\native\\libSDL2-2.0.dylib": "AAC958490586C67395F0A90903AE3747",
  "runtimes\\osx-x64\\native\\libstbi.dylib": "0B84B0A6A80178266018081C3CAB68E6",
  "runtimes\\win-x64\\native\\cimgui.dll": "AB6C7051454AB2430390F8B32C700373",
  "runtimes\\win-x64\\native\\cimguizmo.dll": "DEF43A13851DE1A2F15B2FC7E5C88C25",
  "runtimes\\win-x64\\native\\cimplot.dll": "02A5565C1777F46C2C4D9423BF6EADB0",
  "runtimes\\win-x64\\native\\glfw3.dll": "331758FC4E648FE42C97FDDBBC2AC0EF",
  "runtimes\\win-x64\\native\\minhook.x64d.dll": "E4C5F5334F717675583899E73EAEAA5C",
  "runtimes\\win-x64\\native\\SDL2.dll": "17076CF93CB6BE10186FECBF147AE061",
  "runtimes\\win-x64\\native\\stbi.dll": "A1F2D942FA03717CCECD9C4EC03E6DA6",
  "runtimes\\win-x64\\native\\stbi.lib": "927C214DE576219E1F80DBE7798A0502",
  "runtimes\\win-x86\\native\\glfw3.dll": "C9FCFA0405E0DA06502114B03AFE5720",
  "runtimes\\win-x86\\native\\SDL2.dll": "A62C20BD57E18E7DCCBE27AD97DB0893",
  "targets\\Dalamud.Plugin.Bootstrap.targets": "72C91AC1B4F7C83711BB4C5834FE49A8",
  "targets\\Dalamud.Plugin.targets": "D3DE10F1F04F22619FDD1005FD3DCFEF",
  "CheapLoc.dll": "6625DE43603FB1F357B6A367390BF32E",
  "Costura.dll": "470E4B7A5D9416B19797B9BD8D65EBFC",
  "Dalamud.Boot.dll": "FB451E8E54843DD22F109FC11832BD26",
  "Dalamud.deps.json": "FCC14F93C9850DC28BD5337EB2CB727A",
  "Dalamud.dll": "AE6BE7E907405DC953B1463FB8986D2D",
  "Dalamud.Injector.deps.json": "D10EED2039C0151239F5EA4FE3A65A7B",
  "Dalamud.Injector.dll": "9AAD0179B617D5173386B78027DAD0A6",
  "Dalamud.Injector.exe": "9644DA75D4C0543621CF8241E1FE868D",
  "Dalamud.Injector.runtimeconfig.json": "AAAFA957BB3B382321D67ACC2D792553",
  "Dalamud.Injector.xml": "CC06A545B271F56E0781ECC82BDEF67F",
  "Dalamud.runtimeconfig.json": "454E2BA21742B08CF0A9827950A92B0F",
  "Dalamud.xml": "CBFA02DE319386FEEA34349ED18D6CB2",
  "DalamudCrashHandler.exe": "507EFA9482A4A5B43AD2ED0A9AB4DE65",
  "FASM-LICENSE.TXT": "ECEA1D10811221D5F0A3E96F9C38E2C7",
  "FASM.DLL": "3466D15E893628676FB76A8368350D2C",
  "FASMX64.DLL": "F4876D1EA38E647C89DB96A93B0419C2",
  "FFXIVClientStructs.dll": "64675FE89BCB78C7DF8DD34E5CC0C780",
  "FFXIVClientStructs.xml": "6A42F0907862C62173BB7E9BBE777FCA",
  "goaaats.Reloaded.Assembler.targets": "CC22CB0A353E2136EE9E6E96DB9F7164",
  "Iced.dll": "CFFC2FE94A76665087778C9E1D5EA29E",
  "ImGui.NET.dll": "4D7871038CFC6EE5FCEF871F55213AFC",
  "ImGuiScene.dll": "4CF4238BF78BC81683D44EE7E928E55E",
  "JetBrains.Annotations.dll": "825B90BB2E6C1D2697AA65DE43F82137",
  "licenses.txt": "A159BE62AA91178EFC3E3983AE874D1D",
  "Lumina.dll": "DC47B3BB5CBEAD74CBE94F12A410AA45",
  "Lumina.Excel.dll": "7825BD327410B1C480848C56731B8DF2",
  "Microsoft.Bcl.HashCode.dll": "613AB56061ADF2284E047025207467E0",
  "Microsoft.DotNet.PlatformAbstractions.dll": "00AB0F02B1114C57C758F5AD595224F1",
  "Microsoft.Extensions.DependencyModel.dll": "F39BC76C10CFEA478C936FC4521A9FC9",
  "MinSharp.dll": "17B3EC09397E09BD87D8A93047DC4B39",
  "Mono.Cecil.dll": "DA68C6EDD73B09747397776964707F5F",
  "Mono.Cecil.Mdb.dll": "8E28A8E8D4EF5BF07AF932B06FF2A0C1",
  "Mono.Cecil.Pdb.dll": "EEEE99CC077C89C1B0ABE71BC9D30D3E",
  "Mono.Cecil.Rocks.dll": "44166EAAF3729C69134E320F9F003B1F",
  "MonoMod.Backports.dll": "574F30AFA87FA5FA8870375ECC9E4353",
  "MonoMod.Core.dll": "3BCB24966B4F5EF1D01D323A42D5C39B",
  "MonoMod.Iced.dll": "1F61523EDA71C316043EEC503D9B102F",
  "MonoMod.ILHelpers.dll": "383650B935479977F65A87047A85E9F4",
  "MonoMod.RuntimeDetour.dll": "145DC3D89979717C58714778C95213B0",
  "MonoMod.Utils.dll": "FA9E51062BCCC46C4432CBC9513720F9",
  "nethost.dll": "012081214FE71F0F6ADCD9F4A71B2B00",
  "Newtonsoft.Json.dll": "86A83A63F12B55FD3718CFBFB577D7DC",
  "PeNet.Asn1.dll": "6D1FE8DDA9B654692843CE24392C7A7E",
  "PeNet.dll": "6AD077954BD9FB81E0D274AEC13B1871",
  "PInvoke.AdvApi32.dll": "34EE461D05B403C3A15D0DEC32A3788C",
  "PInvoke.BCrypt.dll": "FD07758EE1440491F22923084109FF26",
  "PInvoke.Cabinet.dll": "333D950E3804735DA60CC41D614C63E2",
  "PInvoke.CfgMgr32.dll": "768BE7CC18EDCF78B296A72ABE891691",
  "PInvoke.Crypt32.dll": "E7B00B0851738F4A7F2C6D37DAA973B4",
  "PInvoke.DbgHelp.dll": "E701136169620D20E3A70B560DE20E44",
  "PInvoke.DwmApi.dll": "ACF223CC8962404056648815B486F7D9",
  "PInvoke.Gdi32.dll": "69FF434826F98582CE44D3136ECFFACB",
  "PInvoke.Hid.dll": "2E7A41257F8AD9B26073181F450CD8E5",
  "PInvoke.ImageHlp.dll": "79BE816E8D86EA66489D7780DD675D49",
  "PInvoke.IPHlpApi.dll": "E949FA3326D1BA8872B179AB4EE49D38",
  "PInvoke.Kernel32.dll": "234E15B122ED430DE99490CA1A204958",
  "PInvoke.Magnification.dll": "C9EA3D34F506741ECC044DB19C151F09",
  "PInvoke.Msi.dll": "69EE50CE2DA6B55755E52589F49A7EBC",
  "PInvoke.NCrypt.dll": "DA1DE76C14D99370CA3BEF19DC299B15",
  "PInvoke.NetApi32.dll": "AE79F9FA2E3864A5E0642AE4622ECDC5",
  "PInvoke.NewDev.dll": "B3E1992105D986EF9C5C8E4B630FBB07",
  "PInvoke.NTDll.dll": "3F6BDF840EB27DD0FD9EB8071822183A",
  "PInvoke.Ole32.dll": "3C49FB100B60519FFE725BCD12A538F6",
  "PInvoke.Psapi.dll": "A7683EE4B880227F01C8AE632A892B9E",
  "PInvoke.SetupApi.dll": "1B7AE321185D0081D1759A9AD829F9BA",
  "PInvoke.SHCore.dll": "F27E7F063D51480F6D2294C903E4A606",
  "PInvoke.Shell32.dll": "F71A1BCAF6478190691170DAEA77722F",
  "PInvoke.User32.dll": "8BEDE38311ED4F27127290B81B8079FD",
  "PInvoke.Userenv.dll": "FEB7BCA90B8C905EC2F4BB0789847131",
  "PInvoke.UxTheme.dll": "8E683C016250CB719FDB9AAAFC22B3C5",
  "PInvoke.Windows.Core.dll": "90015440A44935208FFEA9BF61740651",
  "PInvoke.Windows.ShellScalingApi.dll": "F351B34B8C9183A51CADFDC279357C49",
  "PInvoke.WinUsb.dll": "9EB8A0280F2848D1A32B560A939F7336",
  "PInvoke.WtsApi32.dll": "341C94455D2E5893DBE4293D4D67AA4D",
  "Reloaded.Assembler.dll": "58724A2DA994D76C35248965A20522B5",
  "Reloaded.Hooks.Definitions.dll": "8C40063275AD3D7E93CAE4048264E2ED",
  "Reloaded.Hooks.dll": "C07FFB98E8FF1B7045E05264800195D2",
  "Reloaded.Memory.Buffers.dll": "EEE450B9C7BE4B08AA5A54C0C26A888E",
  "Reloaded.Memory.dll": "32C01278B3D6A9DBB6C55D019539A5A1",
  "revision.txt": "AAFD8346A677AF9DB717AFEADF6B62EC",
  "SDL2-CS.config": "65557595FD5DF55D93B2BF881DE62C3A",
  "SDL2-CS.dll": "7A8BFC0A0D55E33D0082B85B4FA4C88F",
  "Serilog.dll": "06726537E8A69A2D1C8216B15789001D",
  "Serilog.Sinks.Async.dll": "0BF84D4EDE2AC1230764476869A24B9A",
  "Serilog.Sinks.Console.dll": "081C73BFADEB6437D8EC7091D8CEE5A7",
  "Serilog.Sinks.File.dll": "F38C21E5D6A839288983DBA0C50B99DB",
  "SharpDX.Direct3D11.dll": "8F4FF730A19660B8AFE562725E890027",
  "SharpDX.dll": "DB1E78F5A4507B516771B8ACC6135269",
  "SharpDX.DXGI.dll": "F24F34FE9BADE8924C399B5958ED7451",
  "SharpDX.Mathematics.dll": "B98DFA644AD7FB525BB0CA939B5C99FC",
  "Silk.NET.Core.dll": "9042E902130C5E7D880E3B41928385D5",
  "Silk.NET.GLFW.dll": "878E3AB86731C185E2F4993434B18FB7",
  "Silk.NET.Maths.dll": "E0F45BFFFEAE9CC5D1B66E67A576F2B3",
  "Silk.NET.OpenGL.dll": "AF1570929C724DEFC8569A1CE0713393",
  "Silk.NET.SDL.dll": "7408429B8D2B6FEF480135343A7E43EE",
  "Silk.NET.Windowing.Common.dll": "AB0B9081DD514634BE896743A38A515D",
  "Silk.NET.Windowing.Glfw.dll": "83576C7BAA3EFF9343D55788E08CCAE8",
  "Silk.NET.Windowing.Sdl.dll": "04962A55F6D163E30AB194841E600646",
  "StbiSharp.dll": "7FA216C3E1E2E712C476D110C8BEAE7A",
  "System.Reactive.dll": "EF5A00287AD15393D41B12AA4B726FF7",
  "System.Reflection.MetadataLoadContext.dll": "7EC41D41F4E1246757BA3E2EC862D562",
  "System.Security.Cryptography.Pkcs.dll": "8950E01996A37E808BE3F39063C37BF9",
  "TEMP_gitver.txt": "65FF212936FAB7586820D087E0A2F0BF",
  "Validation.dll": "79E01E1E59992701D7B442A64F6E3346"
}
