{
  "runtimes\\linux-x64\\native\\libglfw.so.3": "9E3137144F68B9E9793F4C7AD5B1BEA7",
  "runtimes\\linux-x64\\native\\libSDL2-2.0.so": "99B95A708381FC66AB2370E45A260527",
  "runtimes\\linux-x64\\native\\libstbi.so": "0945355ED59677D06E3E88F48101BB26",
  "runtimes\\osx-x64\\native\\libglfw.3.dylib": "1E30FAB2F0C40E82290AD4B0BF14A880",
  "runtimes\\osx-x64\\native\\libSDL2-2.0.dylib": "AAC958490586C67395F0A90903AE3747",
  "runtimes\\osx-x64\\native\\libstbi.dylib": "0B84B0A6A80178266018081C3CAB68E6",
  "runtimes\\win-x64\\native\\cimgui.dll": "4231D226B16E6E49CE4CF04D88D2BA87",
  "runtimes\\win-x64\\native\\cimguizmo.dll": "7C245ADABD2A0FC5DB8D6E6F63BD8DCE",
  "runtimes\\win-x64\\native\\cimplot.dll": "F02E880764802606B2F9F00D5BAE69C1",
  "runtimes\\win-x64\\native\\glfw3.dll": "86927677DC318D5B42B3A6DF48A99414",
  "runtimes\\win-x64\\native\\minhook.x64d.dll": "FA18F6D149F6D45550BFA6ECC7591944",
  "runtimes\\win-x64\\native\\SDL2.dll": "D1E9CD5211638EB9D57D307D8A827A00",
  "runtimes\\win-x64\\native\\stbi.dll": "2ACC859F9B25F47F640E03FD562385CE",
  "runtimes\\win-x64\\native\\stbi.lib": "927C214DE576219E1F80DBE7798A0502",
  "runtimes\\win-x86\\native\\glfw3.dll": "B0CFCC8770D7E466818EBDD85AE20414",
  "runtimes\\win-x86\\native\\SDL2.dll": "A9DD9852FD65C38D8DAF5CDDF0BC607D",
  "targets\\Dalamud.Plugin.Bootstrap.targets": "72C91AC1B4F7C83711BB4C5834FE49A8",
  "targets\\Dalamud.Plugin.targets": "D3DE10F1F04F22619FDD1005FD3DCFEF",
  "CheapLoc.dll": "8155DEEF71EEB15FDF5F897B38495CE4",
  "Costura.dll": "2BB03700854B9800437FB9CEE4B703A2",
  "Dalamud.Boot.dll": "A42D124D3E5A4944498A471CBC5222B9",
  "Dalamud.deps.json": "FCC14F93C9850DC28BD5337EB2CB727A",
  "Dalamud.dll": "E049DD83967699BC844E243DF969F42E",
  "Dalamud.Injector.deps.json": "D10EED2039C0151239F5EA4FE3A65A7B",
  "Dalamud.Injector.dll": "D397CF6D958DF1FCD89BAFD44E433B6E",
  "Dalamud.Injector.exe": "6586F91337692ECB3972F2A35DAD5919",
  "Dalamud.Injector.runtimeconfig.json": "AAAFA957BB3B382321D67ACC2D792553",
  "Dalamud.Injector.xml": "CC06A545B271F56E0781ECC82BDEF67F",
  "Dalamud.runtimeconfig.json": "454E2BA21742B08CF0A9827950A92B0F",
  "Dalamud.xml": "80EDA55A0A296DCF3757945CC07F3645",
  "DalamudCrashHandler.exe": "EAD7B2915888C2B47F705C087895B531",
  "FASM-LICENSE.TXT": "ECEA1D10811221D5F0A3E96F9C38E2C7",
  "FASM.DLL": "6F6819CFE9589A898F38A1641EC3BEB5",
  "FASMX64.DLL": "4FC4CE1A9F0AD5B291790BDB989E2E92",
  "FFXIVClientStructs.dll": "70AFDF0EF8341E49BE790EEC23C89756",
  "FFXIVClientStructs.xml": "2390E5F11BDFDB0C1D1FB453E9806E22",
  "goaaats.Reloaded.Assembler.targets": "CC22CB0A353E2136EE9E6E96DB9F7164",
  "Iced.dll": "5BC73C9DA749F802A045CF77BDCC027E",
  "ImGui.NET.dll": "966629041AB178239D026EF70B9B50EE",
  "ImGuiScene.dll": "EE4BE6810723C796AED27053CA4B806A",
  "JetBrains.Annotations.dll": "65BCAC35C88879429435B89DBFD7B7DB",
  "licenses.txt": "A159BE62AA91178EFC3E3983AE874D1D",
  "Lumina.dll": "7CD32EF1F7E039B3976DB11962203592",
  "Lumina.Excel.dll": "96954B46BCDD308AF99CDA99AB042C93",
  "Microsoft.Bcl.HashCode.dll": "613AB56061ADF2284E047025207467E0",
  "Microsoft.DotNet.PlatformAbstractions.dll": "00AB0F02B1114C57C758F5AD595224F1",
  "Microsoft.Extensions.DependencyModel.dll": "F39BC76C10CFEA478C936FC4521A9FC9",
  "MinSharp.dll": "A8C845615E8130E40EE4F90A361C7521",
  "Mono.Cecil.dll": "A83939F5F12B0458C1F5977DA1ED1DFD",
  "Mono.Cecil.Mdb.dll": "7D4424EB51EB6E96A0CC976D77291146",
  "Mono.Cecil.Pdb.dll": "ADE55A92C5EA8944FB752DBC6F155E2C",
  "Mono.Cecil.Rocks.dll": "FAB14FECCA0C4F5BA017F061B20EA0E9",
  "MonoMod.Backports.dll": "02BEFB132EF916DDC4C4790956ED09C1",
  "MonoMod.Core.dll": "8978AAC258A52EE967502A6AB5DF7F7E",
  "MonoMod.Iced.dll": "3DCFFC2EBE04D111DACBBD2BD458A019",
  "MonoMod.ILHelpers.dll": "6EFEF34962501952E3AD1CD8AD47C0AD",
  "MonoMod.RuntimeDetour.dll": "F587D06306C533FE18286E47D12F1576",
  "MonoMod.Utils.dll": "61444E692D516D9F1EDF1E8359AB22CF",
  "nethost.dll": "012081214FE71F0F6ADCD9F4A71B2B00",
  "Newtonsoft.Json.dll": "86A83A63F12B55FD3718CFBFB577D7DC",
  "PeNet.Asn1.dll": "71D6FC2BF777E0D0F47B102ABEE5174B",
  "PeNet.dll": "04CE5DAD0550A1D4161AB1071B68A261",
  "PInvoke.AdvApi32.dll": "34EE461D05B403C3A15D0DEC32A3788C",
  "PInvoke.BCrypt.dll": "FD07758EE1440491F22923084109FF26",
  "PInvoke.Cabinet.dll": "333D950E3804735DA60CC41D614C63E2",
  "PInvoke.CfgMgr32.dll": "768BE7CC18EDCF78B296A72ABE891691",
  "PInvoke.Crypt32.dll": "E7B00B0851738F4A7F2C6D37DAA973B4",
  "PInvoke.DbgHelp.dll": "E701136169620D20E3A70B560DE20E44",
  "PInvoke.DwmApi.dll": "ACF223CC8962404056648815B486F7D9",
  "PInvoke.Gdi32.dll": "69FF434826F98582CE44D3136ECFFACB",
  "PInvoke.Hid.dll": "2E7A41257F8AD9B26073181F450CD8E5",
  "PInvoke.ImageHlp.dll": "79BE816E8D86EA66489D7780DD675D49",
  "PInvoke.IPHlpApi.dll": "E949FA3326D1BA8872B179AB4EE49D38",
  "PInvoke.Kernel32.dll": "234E15B122ED430DE99490CA1A204958",
  "PInvoke.Magnification.dll": "C9EA3D34F506741ECC044DB19C151F09",
  "PInvoke.Msi.dll": "69EE50CE2DA6B55755E52589F49A7EBC",
  "PInvoke.NCrypt.dll": "DA1DE76C14D99370CA3BEF19DC299B15",
  "PInvoke.NetApi32.dll": "AE79F9FA2E3864A5E0642AE4622ECDC5",
  "PInvoke.NewDev.dll": "B3E1992105D986EF9C5C8E4B630FBB07",
  "PInvoke.NTDll.dll": "3F6BDF840EB27DD0FD9EB8071822183A",
  "PInvoke.Ole32.dll": "3C49FB100B60519FFE725BCD12A538F6",
  "PInvoke.Psapi.dll": "A7683EE4B880227F01C8AE632A892B9E",
  "PInvoke.SetupApi.dll": "1B7AE321185D0081D1759A9AD829F9BA",
  "PInvoke.SHCore.dll": "F27E7F063D51480F6D2294C903E4A606",
  "PInvoke.Shell32.dll": "F71A1BCAF6478190691170DAEA77722F",
  "PInvoke.User32.dll": "8BEDE38311ED4F27127290B81B8079FD",
  "PInvoke.Userenv.dll": "FEB7BCA90B8C905EC2F4BB0789847131",
  "PInvoke.UxTheme.dll": "8E683C016250CB719FDB9AAAFC22B3C5",
  "PInvoke.Windows.Core.dll": "90015440A44935208FFEA9BF61740651",
  "PInvoke.Windows.ShellScalingApi.dll": "F351B34B8C9183A51CADFDC279357C49",
  "PInvoke.WinUsb.dll": "9EB8A0280F2848D1A32B560A939F7336",
  "PInvoke.WtsApi32.dll": "341C94455D2E5893DBE4293D4D67AA4D",
  "Reloaded.Assembler.dll": "8EDFC9D41853999049FA0DF05EA8EB51",
  "Reloaded.Hooks.Definitions.dll": "DC27BA47B0D7AF561E9D41450CEBF40A",
  "Reloaded.Hooks.dll": "613530956B67D9A43DBE7A2E331BCC7C",
  "Reloaded.Memory.Buffers.dll": "91A18BC7C429CBE9F3B3C142108814CE",
  "Reloaded.Memory.dll": "32149A8E9C1F313C4DF33C2204FC6100",
  "revision.txt": "D7B76EDF790923BF7177F7EBBA5978DF",
  "SDL2-CS.config": "65557595FD5DF55D93B2BF881DE62C3A",
  "SDL2-CS.dll": "25B91824817380A3152FBBA4303BB0A8",
  "Serilog.dll": "36BD17568D5FEEC8BA5EB077FC8C2FA9",
  "Serilog.Sinks.Async.dll": "E8A53126BA6A19FCB5A9F366259E6548",
  "Serilog.Sinks.Console.dll": "B78CCD88919F3DCF0F25EFC37DB97504",
  "Serilog.Sinks.File.dll": "E6DBD117FE790923EE513057823AD770",
  "SharpDX.Direct3D11.dll": "EF1AD673EDA95E750340F891170B387D",
  "SharpDX.dll": "260D9915DC7A654F7C20CAB5AA122721",
  "SharpDX.DXGI.dll": "F37AF43D41833DE47427B384F6CA984A",
  "SharpDX.Mathematics.dll": "EAFA51E534B79F30397131032F99122F",
  "Silk.NET.Core.dll": "B5CE1D0A2F0C458945542ECE5EB496E7",
  "Silk.NET.GLFW.dll": "485BE827CC58818B8D7E629B0A63678D",
  "Silk.NET.Maths.dll": "CF471B36EA8441F7D5A711E8144AE0CD",
  "Silk.NET.OpenGL.dll": "087B5E6792F510AF7782D3BE131430F3",
  "Silk.NET.SDL.dll": "CB78DD78DABE895CE9C73CC88C542874",
  "Silk.NET.Windowing.Common.dll": "0A779681FD2AAA7EA2E89AB64FF7C7B4",
  "Silk.NET.Windowing.Glfw.dll": "F74DA1A18D939377ABBE91B7E41D2CCE",
  "Silk.NET.Windowing.Sdl.dll": "3F9514FC50C6C131080A576B36178E82",
  "StbiSharp.dll": "21F5D13F11EB146B74FDF34BE45DAB55",
  "System.Reactive.dll": "EF5A00287AD15393D41B12AA4B726FF7",
  "System.Reflection.MetadataLoadContext.dll": "7EC41D41F4E1246757BA3E2EC862D562",
  "System.Security.Cryptography.Pkcs.dll": "8950E01996A37E808BE3F39063C37BF9",
  "TEMP_gitver.txt": "38422A31DFB025F5CCE8E7EBE2FDD886",
  "Validation.dll": "EA1F62FD07A2994FC560227FC21743F5"
}
