{
  "runtimes\\linux-x64\\native\\libglfw.so.3": "9E3137144F68B9E9793F4C7AD5B1BEA7",
  "runtimes\\linux-x64\\native\\libSDL2-2.0.so": "99B95A708381FC66AB2370E45A260527",
  "runtimes\\linux-x64\\native\\libstbi.so": "0945355ED59677D06E3E88F48101BB26",
  "runtimes\\osx-x64\\native\\libglfw.3.dylib": "1E30FAB2F0C40E82290AD4B0BF14A880",
  "runtimes\\osx-x64\\native\\libSDL2-2.0.dylib": "AAC958490586C67395F0A90903AE3747",
  "runtimes\\osx-x64\\native\\libstbi.dylib": "0B84B0A6A80178266018081C3CAB68E6",
  "runtimes\\win-x64\\native\\cimgui.dll": "723D93B9DDF21CEF8E5BEDCCCADEFBB5",
  "runtimes\\win-x64\\native\\cimguizmo.dll": "A04C75B5ADB8EB5CBC11CA6807D0DCD4",
  "runtimes\\win-x64\\native\\cimplot.dll": "0980DB5CC1C022D4DC6AD5DFE7D6FF45",
  "runtimes\\win-x64\\native\\glfw3.dll": "442A4FBDADA1B5C4F8600671A9DD7AAF",
  "runtimes\\win-x64\\native\\minhook.x64d.dll": "F495E40225B9FC5A0908D270E601EB1F",
  "runtimes\\win-x64\\native\\SDL2.dll": "7798F71C8B702392389787754EE99112",
  "runtimes\\win-x64\\native\\stbi.dll": "6FADF103B870196D47739900AD9D6052",
  "runtimes\\win-x64\\native\\stbi.lib": "927C214DE576219E1F80DBE7798A0502",
  "runtimes\\win-x86\\native\\glfw3.dll": "4647609A538C252978520F0E41CD4B7C",
  "runtimes\\win-x86\\native\\SDL2.dll": "4BF4C9C774401DF21AAE4259EA23ABC2",
  "targets\\Dalamud.Plugin.Bootstrap.targets": "72C91AC1B4F7C83711BB4C5834FE49A8",
  "targets\\Dalamud.Plugin.targets": "D3DE10F1F04F22619FDD1005FD3DCFEF",
  "CheapLoc.dll": "FEB1847CCAC8595D9646DC8DEB4F23A5",
  "Costura.dll": "E8B81DBE3D0BCAFAD2398161D29BFF26",
  "Dalamud.Boot.dll": "D3EE45F6421C2118CFDCC394FA6E7C54",
  "Dalamud.deps.json": "FCC14F93C9850DC28BD5337EB2CB727A",
  "Dalamud.dll": "9B6D66307150CAA00BD401DEFCFD7B6E",
  "Dalamud.Injector.deps.json": "D10EED2039C0151239F5EA4FE3A65A7B",
  "Dalamud.Injector.dll": "C3EA9F506AB62A2B5511AABD7BA32C78",
  "Dalamud.Injector.exe": "1C486024D6FA2C79FF97AE6B03343EE6",
  "Dalamud.Injector.runtimeconfig.json": "AAAFA957BB3B382321D67ACC2D792553",
  "Dalamud.Injector.xml": "CC06A545B271F56E0781ECC82BDEF67F",
  "Dalamud.runtimeconfig.json": "454E2BA21742B08CF0A9827950A92B0F",
  "Dalamud.xml": "B138F473A3EB44E53114B84940691F75",
  "DalamudCrashHandler.exe": "BAE3D171F55570EC44C864ABF34C7B52",
  "FASM-LICENSE.TXT": "ECEA1D10811221D5F0A3E96F9C38E2C7",
  "FASM.DLL": "9B6ACD9969A4CDFD89E1F5C3F018623F",
  "FASMX64.DLL": "E665938003C0EBBDB508A8D04EE11CC6",
  "FFXIVClientStructs.dll": "214BC875674638E6968EAEED5A343A45",
  "FFXIVClientStructs.xml": "99D52300842511BA998676842AD0B2D7",
  "goaaats.Reloaded.Assembler.targets": "CC22CB0A353E2136EE9E6E96DB9F7164",
  "Iced.dll": "8CBACAC37AF27798B44F4B12D674DC99",
  "ImGui.NET.dll": "9B783B824AA01944524D44B3927E8A4F",
  "ImGuiScene.dll": "63271E1809581A10C91B14F994754416",
  "JetBrains.Annotations.dll": "D722C26244B1B08567964ADCED6D42CC",
  "licenses.txt": "A159BE62AA91178EFC3E3983AE874D1D",
  "Lumina.dll": "2B1B75A1D313C8B9DB0F80758D0130E6",
  "Lumina.Excel.dll": "EB7DFA072EA1FFF247B9C569A2640824",
  "Microsoft.Bcl.HashCode.dll": "613AB56061ADF2284E047025207467E0",
  "Microsoft.DotNet.PlatformAbstractions.dll": "00AB0F02B1114C57C758F5AD595224F1",
  "Microsoft.Extensions.DependencyModel.dll": "F39BC76C10CFEA478C936FC4521A9FC9",
  "MinSharp.dll": "07CCED813177D54593181C1E0C7088C0",
  "Mono.Cecil.dll": "26B8FB531DDF110B80078795AEE4FDD1",
  "Mono.Cecil.Mdb.dll": "F48A060BFF6670F06CFEBE1F9416FD75",
  "Mono.Cecil.Pdb.dll": "11AA6B146ED972FB0E5690EA52B42C3F",
  "Mono.Cecil.Rocks.dll": "4522A6C442BB0D7A5A4277991C4A0317",
  "MonoMod.Backports.dll": "EDA88C8DB339638EF56ABCDF57AEDD1F",
  "MonoMod.Core.dll": "F4256671B3AB77DE0A4A411B01B223F8",
  "MonoMod.Iced.dll": "A9285CC981CA487E24F787F86753FFBF",
  "MonoMod.ILHelpers.dll": "89D1512F2987904EB18D84E3B1DE42E9",
  "MonoMod.RuntimeDetour.dll": "84CB06089555E022C1FB0A370D9BB9DB",
  "MonoMod.Utils.dll": "970E822C9AB6BEFF88A6DC6EE5FDF028",
  "nethost.dll": "012081214FE71F0F6ADCD9F4A71B2B00",
  "Newtonsoft.Json.dll": "86A83A63F12B55FD3718CFBFB577D7DC",
  "PeNet.Asn1.dll": "4574074C5B63EA17CF609F003A9B6A58",
  "PeNet.dll": "03EC235BCB3421D4561ED4640B830FAA",
  "PInvoke.AdvApi32.dll": "34EE461D05B403C3A15D0DEC32A3788C",
  "PInvoke.BCrypt.dll": "FD07758EE1440491F22923084109FF26",
  "PInvoke.Cabinet.dll": "333D950E3804735DA60CC41D614C63E2",
  "PInvoke.CfgMgr32.dll": "768BE7CC18EDCF78B296A72ABE891691",
  "PInvoke.Crypt32.dll": "E7B00B0851738F4A7F2C6D37DAA973B4",
  "PInvoke.DbgHelp.dll": "E701136169620D20E3A70B560DE20E44",
  "PInvoke.DwmApi.dll": "ACF223CC8962404056648815B486F7D9",
  "PInvoke.Gdi32.dll": "69FF434826F98582CE44D3136ECFFACB",
  "PInvoke.Hid.dll": "2E7A41257F8AD9B26073181F450CD8E5",
  "PInvoke.ImageHlp.dll": "79BE816E8D86EA66489D7780DD675D49",
  "PInvoke.IPHlpApi.dll": "E949FA3326D1BA8872B179AB4EE49D38",
  "PInvoke.Kernel32.dll": "234E15B122ED430DE99490CA1A204958",
  "PInvoke.Magnification.dll": "C9EA3D34F506741ECC044DB19C151F09",
  "PInvoke.Msi.dll": "69EE50CE2DA6B55755E52589F49A7EBC",
  "PInvoke.NCrypt.dll": "DA1DE76C14D99370CA3BEF19DC299B15",
  "PInvoke.NetApi32.dll": "AE79F9FA2E3864A5E0642AE4622ECDC5",
  "PInvoke.NewDev.dll": "B3E1992105D986EF9C5C8E4B630FBB07",
  "PInvoke.NTDll.dll": "3F6BDF840EB27DD0FD9EB8071822183A",
  "PInvoke.Ole32.dll": "3C49FB100B60519FFE725BCD12A538F6",
  "PInvoke.Psapi.dll": "A7683EE4B880227F01C8AE632A892B9E",
  "PInvoke.SetupApi.dll": "1B7AE321185D0081D1759A9AD829F9BA",
  "PInvoke.SHCore.dll": "F27E7F063D51480F6D2294C903E4A606",
  "PInvoke.Shell32.dll": "F71A1BCAF6478190691170DAEA77722F",
  "PInvoke.User32.dll": "8BEDE38311ED4F27127290B81B8079FD",
  "PInvoke.Userenv.dll": "FEB7BCA90B8C905EC2F4BB0789847131",
  "PInvoke.UxTheme.dll": "8E683C016250CB719FDB9AAAFC22B3C5",
  "PInvoke.Windows.Core.dll": "90015440A44935208FFEA9BF61740651",
  "PInvoke.Windows.ShellScalingApi.dll": "F351B34B8C9183A51CADFDC279357C49",
  "PInvoke.WinUsb.dll": "9EB8A0280F2848D1A32B560A939F7336",
  "PInvoke.WtsApi32.dll": "341C94455D2E5893DBE4293D4D67AA4D",
  "Reloaded.Assembler.dll": "841186D0D821ED80BBF72F77A9EEED18",
  "Reloaded.Hooks.Definitions.dll": "5D5C86F7B6E24F3C4208ADFC29835EAF",
  "Reloaded.Hooks.dll": "AFE34F9B1290D77DBB4767914319C418",
  "Reloaded.Memory.Buffers.dll": "FB79F571D1C58AC58DF9CB1759DD5AFB",
  "Reloaded.Memory.dll": "AC8C1C40E6A38836D08025997F2B8D67",
  "revision.txt": "3E3AA687770F55C704CA997C3BE81634",
  "SDL2-CS.config": "65557595FD5DF55D93B2BF881DE62C3A",
  "SDL2-CS.dll": "01D4A23EA608D14561825E894E22FF70",
  "Serilog.dll": "F99A827A7DD642A362FACA894E3795E3",
  "Serilog.Sinks.Async.dll": "402E7222C4D17E80BC900934991620DD",
  "Serilog.Sinks.Console.dll": "65B06FF3A240ADDB0DEA3338C617B9B2",
  "Serilog.Sinks.File.dll": "05BFFCECE76EC45A8184B1583FE2DD62",
  "SharpDX.Direct3D11.dll": "989AB95F73EA7CE19AF12C86764B45BD",
  "SharpDX.dll": "B481FCF82530035E3DCB4594E9ABAC38",
  "SharpDX.DXGI.dll": "9775539D7929EA8611E55D6D6DBF20AD",
  "SharpDX.Mathematics.dll": "52566BDF49CD81CDB1A9804E09254278",
  "Silk.NET.Core.dll": "42D1660F47749A3094348FBAB7607D0C",
  "Silk.NET.GLFW.dll": "7F03A613597F4E8ADD31410A8D4A7E21",
  "Silk.NET.Maths.dll": "297EE2C42347805455AFC14F4C360523",
  "Silk.NET.OpenGL.dll": "DE060A0F63B2402F6367A766A6AD3CCA",
  "Silk.NET.SDL.dll": "C2579B5FB249DFEB514A15F7E13C53BA",
  "Silk.NET.Windowing.Common.dll": "1E37BD8FC051C0B07862B3DF0196CF15",
  "Silk.NET.Windowing.Glfw.dll": "AD63E50B72C5B7BAA7E9B98269EA1C25",
  "Silk.NET.Windowing.Sdl.dll": "2CD1C928B5B72AD558835BC860D4C3BD",
  "StbiSharp.dll": "4C39E23872618760669E44D4951AB216",
  "System.Reactive.dll": "EF5A00287AD15393D41B12AA4B726FF7",
  "System.Reflection.MetadataLoadContext.dll": "7EC41D41F4E1246757BA3E2EC862D562",
  "System.Security.Cryptography.Pkcs.dll": "8950E01996A37E808BE3F39063C37BF9",
  "TEMP_gitver.txt": "BBBD04BE0D58838E6C1AC938CA21B3EE",
  "Validation.dll": "FD6A9114E4273B5645F3283ABED33EF5"
}
