{
  "runtimes\\linux-x64\\native\\libglfw.so.3": "9E3137144F68B9E9793F4C7AD5B1BEA7",
  "runtimes\\linux-x64\\native\\libSDL2-2.0.so": "99B95A708381FC66AB2370E45A260527",
  "runtimes\\linux-x64\\native\\libstbi.so": "0945355ED59677D06E3E88F48101BB26",
  "runtimes\\osx-x64\\native\\libglfw.3.dylib": "1E30FAB2F0C40E82290AD4B0BF14A880",
  "runtimes\\osx-x64\\native\\libSDL2-2.0.dylib": "AAC958490586C67395F0A90903AE3747",
  "runtimes\\osx-x64\\native\\libstbi.dylib": "0B84B0A6A80178266018081C3CAB68E6",
  "runtimes\\win-x64\\native\\cimgui.dll": "56792F16B645AED32FE9BA594EAB8ADC",
  "runtimes\\win-x64\\native\\cimguizmo.dll": "E1674C181CDA0649BE702E9BC2E5B00D",
  "runtimes\\win-x64\\native\\cimplot.dll": "23CFE834E73C1469D11D90659468D8DD",
  "runtimes\\win-x64\\native\\glfw3.dll": "6745658A4110FD6FA8B32B4DBFAFD884",
  "runtimes\\win-x64\\native\\minhook.x64d.dll": "A176735505940F3F8D2554BA4AE2F528",
  "runtimes\\win-x64\\native\\SDL2.dll": "61E5CBB96644D59A8CBE5374CD26CE4D",
  "runtimes\\win-x64\\native\\stbi.dll": "1F7866A389825180B3DA35FD569ED5FC",
  "runtimes\\win-x64\\native\\stbi.lib": "927C214DE576219E1F80DBE7798A0502",
  "runtimes\\win-x86\\native\\glfw3.dll": "DD0F2E7813947D273C8FE86482DFB671",
  "runtimes\\win-x86\\native\\SDL2.dll": "7DF0539FCA7F99BB4F2CA8D6CA7D23A2",
  "targets\\Dalamud.Plugin.Bootstrap.targets": "72C91AC1B4F7C83711BB4C5834FE49A8",
  "targets\\Dalamud.Plugin.targets": "D3DE10F1F04F22619FDD1005FD3DCFEF",
  "CheapLoc.dll": "5236AE5D3F9A5F6A09E3B8C6D95CAEAE",
  "Costura.dll": "6B1CE24BCAF87BE7CB41F67F3008A56B",
  "Dalamud.Boot.dll": "3157E8EE6B67EBB03DEFB2024C31D824",
  "Dalamud.deps.json": "FCC14F93C9850DC28BD5337EB2CB727A",
  "Dalamud.dll": "634FC4D4831DA216DF593FF32A74C29F",
  "Dalamud.Injector.deps.json": "D10EED2039C0151239F5EA4FE3A65A7B",
  "Dalamud.Injector.dll": "F9ACB9117231FEE2132403C42C140595",
  "Dalamud.Injector.exe": "7DE81B37F43682CBDB49C468AA474D29",
  "Dalamud.Injector.runtimeconfig.json": "AAAFA957BB3B382321D67ACC2D792553",
  "Dalamud.Injector.xml": "CC06A545B271F56E0781ECC82BDEF67F",
  "Dalamud.runtimeconfig.json": "454E2BA21742B08CF0A9827950A92B0F",
  "Dalamud.xml": "0822F8301A0C28E7C9443E26E8562C2F",
  "DalamudCrashHandler.exe": "3C151EC82608E3E547FD77E3E57C49AF",
  "FASM-LICENSE.TXT": "ECEA1D10811221D5F0A3E96F9C38E2C7",
  "FASM.DLL": "614D0CAE47ACA57C067012291F94AF4A",
  "FASMX64.DLL": "C84FF56BBF24AA2CEF4D96E80838A115",
  "FFXIVClientStructs.dll": "3FEE6EA8C7326E6942A410B9EB3D77E9",
  "FFXIVClientStructs.xml": "2390E5F11BDFDB0C1D1FB453E9806E22",
  "goaaats.Reloaded.Assembler.targets": "CC22CB0A353E2136EE9E6E96DB9F7164",
  "Iced.dll": "5825CC8CC2F83C67C5F2AFC321F65F0C",
  "ImGui.NET.dll": "9A4F32C9EFFF188887D9C3EC8B9B344E",
  "ImGuiScene.dll": "17950998D0BF57628859EB77B183B15E",
  "JetBrains.Annotations.dll": "BE956DA6D3A62C59DA2AA08FF42D7988",
  "licenses.txt": "A159BE62AA91178EFC3E3983AE874D1D",
  "Lumina.dll": "797460398756C8E66BA53A7746FF428C",
  "Lumina.Excel.dll": "1D4C3C06DE97FA09B4F7F6899CBA33CC",
  "Microsoft.Bcl.HashCode.dll": "613AB56061ADF2284E047025207467E0",
  "Microsoft.DotNet.PlatformAbstractions.dll": "00AB0F02B1114C57C758F5AD595224F1",
  "Microsoft.Extensions.DependencyModel.dll": "F39BC76C10CFEA478C936FC4521A9FC9",
  "MinSharp.dll": "3EBC92A64F96734E6DF30D4F09D3FDB5",
  "Mono.Cecil.dll": "8E0FE3062517E2F9AD316196B193447C",
  "Mono.Cecil.Mdb.dll": "6AB6AC208FB4F7AE2A9FCF488786E9E1",
  "Mono.Cecil.Pdb.dll": "4E1E70F4F329492611D80708657CEF03",
  "Mono.Cecil.Rocks.dll": "A1FDF486993606B06621A6D55B350C65",
  "MonoMod.Backports.dll": "D715A3A3BAA21F3DE30565D21460C088",
  "MonoMod.Core.dll": "B5A9DF8EEA76E14A52C980D80287944B",
  "MonoMod.Iced.dll": "649FCD9A5CED9C23399380C5FFC74447",
  "MonoMod.ILHelpers.dll": "C763FADC4106EA0660ACD20F01EADB76",
  "MonoMod.RuntimeDetour.dll": "3D9B9D7CD89FD256E90059A49058B69F",
  "MonoMod.Utils.dll": "541B7060738320689F629E4980AB781A",
  "nethost.dll": "012081214FE71F0F6ADCD9F4A71B2B00",
  "Newtonsoft.Json.dll": "86A83A63F12B55FD3718CFBFB577D7DC",
  "PeNet.Asn1.dll": "0BE5B7C2B1D0C81CA7B7582821BADE11",
  "PeNet.dll": "A4F4F99425FE6A68C66149A2C47A1F0C",
  "PInvoke.AdvApi32.dll": "34EE461D05B403C3A15D0DEC32A3788C",
  "PInvoke.BCrypt.dll": "FD07758EE1440491F22923084109FF26",
  "PInvoke.Cabinet.dll": "333D950E3804735DA60CC41D614C63E2",
  "PInvoke.CfgMgr32.dll": "768BE7CC18EDCF78B296A72ABE891691",
  "PInvoke.Crypt32.dll": "E7B00B0851738F4A7F2C6D37DAA973B4",
  "PInvoke.DbgHelp.dll": "E701136169620D20E3A70B560DE20E44",
  "PInvoke.DwmApi.dll": "ACF223CC8962404056648815B486F7D9",
  "PInvoke.Gdi32.dll": "69FF434826F98582CE44D3136ECFFACB",
  "PInvoke.Hid.dll": "2E7A41257F8AD9B26073181F450CD8E5",
  "PInvoke.ImageHlp.dll": "79BE816E8D86EA66489D7780DD675D49",
  "PInvoke.IPHlpApi.dll": "E949FA3326D1BA8872B179AB4EE49D38",
  "PInvoke.Kernel32.dll": "234E15B122ED430DE99490CA1A204958",
  "PInvoke.Magnification.dll": "C9EA3D34F506741ECC044DB19C151F09",
  "PInvoke.Msi.dll": "69EE50CE2DA6B55755E52589F49A7EBC",
  "PInvoke.NCrypt.dll": "DA1DE76C14D99370CA3BEF19DC299B15",
  "PInvoke.NetApi32.dll": "AE79F9FA2E3864A5E0642AE4622ECDC5",
  "PInvoke.NewDev.dll": "B3E1992105D986EF9C5C8E4B630FBB07",
  "PInvoke.NTDll.dll": "3F6BDF840EB27DD0FD9EB8071822183A",
  "PInvoke.Ole32.dll": "3C49FB100B60519FFE725BCD12A538F6",
  "PInvoke.Psapi.dll": "A7683EE4B880227F01C8AE632A892B9E",
  "PInvoke.SetupApi.dll": "1B7AE321185D0081D1759A9AD829F9BA",
  "PInvoke.SHCore.dll": "F27E7F063D51480F6D2294C903E4A606",
  "PInvoke.Shell32.dll": "F71A1BCAF6478190691170DAEA77722F",
  "PInvoke.User32.dll": "8BEDE38311ED4F27127290B81B8079FD",
  "PInvoke.Userenv.dll": "FEB7BCA90B8C905EC2F4BB0789847131",
  "PInvoke.UxTheme.dll": "8E683C016250CB719FDB9AAAFC22B3C5",
  "PInvoke.Windows.Core.dll": "90015440A44935208FFEA9BF61740651",
  "PInvoke.Windows.ShellScalingApi.dll": "F351B34B8C9183A51CADFDC279357C49",
  "PInvoke.WinUsb.dll": "9EB8A0280F2848D1A32B560A939F7336",
  "PInvoke.WtsApi32.dll": "341C94455D2E5893DBE4293D4D67AA4D",
  "Reloaded.Assembler.dll": "F79C4DB85A8C2082E8D0A7D9E6E3C95E",
  "Reloaded.Hooks.Definitions.dll": "9D71D31CDD4181C0B96B372DB2C4E96C",
  "Reloaded.Hooks.dll": "375DA8221C70434002CC937C6E7892EA",
  "Reloaded.Memory.Buffers.dll": "BE903C128B4B453D3C29E19CB0D831E8",
  "Reloaded.Memory.dll": "46FE9FCBCE28E5C81021CF00C1FFE233",
  "revision.txt": "D4B40E6113D6268363E7A93D4CBE6875",
  "SDL2-CS.config": "65557595FD5DF55D93B2BF881DE62C3A",
  "SDL2-CS.dll": "C8B29FD49D5032550E96DA50CF9D34EE",
  "Serilog.dll": "65490B0696CA6697B46B5EACDC996737",
  "Serilog.Sinks.Async.dll": "59849A651A381FAB228704A1CFA5E44D",
  "Serilog.Sinks.Console.dll": "E4D2C62A1EE336B8CDA5289B8AB72B9F",
  "Serilog.Sinks.File.dll": "B42BEA69D3EB95F6B5F378BE8382341A",
  "SharpDX.Direct3D11.dll": "84BAFD8D9285F4EEBE828AD32D6196E5",
  "SharpDX.dll": "5E04C913B327F321B116C15CEDD1BA85",
  "SharpDX.DXGI.dll": "AFB208DA9C5AA2D80AAE58760C51433A",
  "SharpDX.Mathematics.dll": "D44B7D8DEE0A1D8BEF5A7D9D7C1D48EB",
  "Silk.NET.Core.dll": "E7E1314A6544366B94E937052482D49C",
  "Silk.NET.GLFW.dll": "A84C27B6A8893897AE4305834365AA00",
  "Silk.NET.Maths.dll": "6A9270E7715B0E913D26C4835060C168",
  "Silk.NET.OpenGL.dll": "594A194C7953387B5631DCDBB51E5158",
  "Silk.NET.SDL.dll": "E1E3AABA6E9C64B6DB7C13D800D19C68",
  "Silk.NET.Windowing.Common.dll": "F45563101D215FA67801EDB43F93268D",
  "Silk.NET.Windowing.Glfw.dll": "E6D4A0A4E536891AD4571A2FB35100B0",
  "Silk.NET.Windowing.Sdl.dll": "289081090081EF8B2D79DF9418097853",
  "StbiSharp.dll": "C11D10DEC9548B5EBF4796A27C825216",
  "System.Reactive.dll": "EF5A00287AD15393D41B12AA4B726FF7",
  "System.Reflection.MetadataLoadContext.dll": "7EC41D41F4E1246757BA3E2EC862D562",
  "System.Security.Cryptography.Pkcs.dll": "8950E01996A37E808BE3F39063C37BF9",
  "TEMP_gitver.txt": "5558060FB6AF4481D6C46F53EE30A51D",
  "Validation.dll": "8394278658792C010D593BD28740E5AC"
}
