{
  "runtimes\\alpine-x64\\native\\libe_sqlite3.so": "39C244FEDBCD3DFC37041D4FCE1AE21D",
  "runtimes\\linux-arm\\native\\libe_sqlite3.so": "96CF54BC0EFB83D6E3F5F3E04997A59D",
  "runtimes\\linux-arm64\\native\\libe_sqlite3.so": "F079E55E7F3F9966A4A2052A3234E068",
  "runtimes\\linux-armel\\native\\libe_sqlite3.so": "C5A67D49434FC65D64E9C15778078C76",
  "runtimes\\linux-mips64\\native\\libe_sqlite3.so": "5F8461214089CFC677D46C19B7162161",
  "runtimes\\linux-musl-x64\\native\\libe_sqlite3.so": "39C244FEDBCD3DFC37041D4FCE1AE21D",
  "runtimes\\linux-x64\\native\\libe_sqlite3.so": "6F49C540D3AB9964D67A4A704C3D262D",
  "runtimes\\linux-x64\\native\\libglfw.so.3": "9E3137144F68B9E9793F4C7AD5B1BEA7",
  "runtimes\\linux-x64\\native\\libSDL2-2.0.so": "99B95A708381FC66AB2370E45A260527",
  "runtimes\\linux-x64\\native\\libstbi.so": "0945355ED59677D06E3E88F48101BB26",
  "runtimes\\linux-x86\\native\\libe_sqlite3.so": "5E0659B414CBD6DDC38C65582485853E",
  "runtimes\\osx-x64\\native\\libe_sqlite3.dylib": "F82AE134FCD1C080A69D775591406673",
  "runtimes\\osx-x64\\native\\libglfw.3.dylib": "1E30FAB2F0C40E82290AD4B0BF14A880",
  "runtimes\\osx-x64\\native\\libSDL2-2.0.dylib": "AAC958490586C67395F0A90903AE3747",
  "runtimes\\osx-x64\\native\\libstbi.dylib": "0B84B0A6A80178266018081C3CAB68E6",
  "runtimes\\win-arm\\native\\e_sqlite3.dll": "2DDB99BD8CB4E75670E312F4338C57BC",
  "runtimes\\win-arm64\\native\\e_sqlite3.dll": "791E5ACFE9523C15BA1E909D5972A11E",
  "runtimes\\win-x64\\native\\cimgui.dll": "6171DBE128E81D7100832D2CEF7163FA",
  "runtimes\\win-x64\\native\\cimguizmo.dll": "3C612A5148F445E31E3232C6E429D84E",
  "runtimes\\win-x64\\native\\cimplot.dll": "9A3CF111BD9E66E4A651B9BB1577EBE5",
  "runtimes\\win-x64\\native\\e_sqlite3.dll": "0C84B4E5D2D38F03A5395106D5476950",
  "runtimes\\win-x64\\native\\glfw3.dll": "69A9B2072D7B495F073CC4F60615C060",
  "runtimes\\win-x64\\native\\minhook.x64d.dll": "FC377479C61F05AE29A6946D4A78A18C",
  "runtimes\\win-x64\\native\\SDL2.dll": "5F11A9D042ECFDD738331115D14F404E",
  "runtimes\\win-x64\\native\\stbi.dll": "0791C88D3251DD954DE72873EE64BC0E",
  "runtimes\\win-x64\\native\\stbi.lib": "927C214DE576219E1F80DBE7798A0502",
  "runtimes\\win-x86\\native\\e_sqlite3.dll": "ED582ED30DFAAC1D63AF391F5B28AE4E",
  "runtimes\\win-x86\\native\\glfw3.dll": "EAF495CCA1AD55B534D1A651FF45B423",
  "runtimes\\win-x86\\native\\SDL2.dll": "2217F236CC059026097A7C4CFE7437D9",
  "targets\\Dalamud.Plugin.Bootstrap.targets": "C85635161398CD9852CF7212DB7EB904",
  "targets\\Dalamud.Plugin.targets": "D3DE10F1F04F22619FDD1005FD3DCFEF",
  "CheapLoc.dll": "4475DD6D14BA6656D7FB519224D2F430",
  "Costura.dll": "8C44B57AB476EBDC50C756242550CB3B",
  "Dalamud.Boot.dll": "2EB05BF39CA981BD8D621594C37E01AE",
  "Dalamud.deps.json": "D9D023C2BDAF60C79B310FF66C529FA6",
  "Dalamud.dll": "8F186641315689C4882DE33F8DE68429",
  "Dalamud.Injector.deps.json": "D10EED2039C0151239F5EA4FE3A65A7B",
  "Dalamud.Injector.dll": "E843416DD34A925872904036DC57DFED",
  "Dalamud.Injector.exe": "73447C7F881A9A71F80CA361CD1B6A88",
  "Dalamud.Injector.runtimeconfig.json": "AAAFA957BB3B382321D67ACC2D792553",
  "Dalamud.Injector.xml": "CC06A545B271F56E0781ECC82BDEF67F",
  "Dalamud.runtimeconfig.json": "454E2BA21742B08CF0A9827950A92B0F",
  "Dalamud.xml": "A6E8E6CDFDFBE00E3E6234F88C15E134",
  "DalamudCrashHandler.exe": "3D59550F14F6385EB08866EEAAEF8B42",
  "FASM-LICENSE.TXT": "ECEA1D10811221D5F0A3E96F9C38E2C7",
  "FASM.DLL": "068B6DCAAE45A1EC73683ACDDCDDDD65",
  "FASMX64.DLL": "D4D89F75B5C22A0D9FC9A172355A4732",
  "FFXIVClientStructs.dll": "9EB76CC0E56703AC0787A7692C49B819",
  "FFXIVClientStructs.xml": "6A42F0907862C62173BB7E9BBE777FCA",
  "goaaats.Reloaded.Assembler.targets": "CC22CB0A353E2136EE9E6E96DB9F7164",
  "Iced.dll": "CA2FE7BA7477C9CAFEF458024CFBAF7F",
  "ImGui.NET.dll": "E650F1986FE11284E130EC1E81C12F1A",
  "ImGuiScene.dll": "449B7BEB994694FB6340071F15EA2B1D",
  "JetBrains.Annotations.dll": "D3A659798DB442181B52DAFC3ED9287A",
  "licenses.txt": "A159BE62AA91178EFC3E3983AE874D1D",
  "Lumina.dll": "2C8B27EA8AA378A9355FC87784B6903D",
  "Lumina.Excel.dll": "55506DEE659CC457F7673C15D2854408",
  "Microsoft.Bcl.HashCode.dll": "613AB56061ADF2284E047025207467E0",
  "Microsoft.DotNet.PlatformAbstractions.dll": "00AB0F02B1114C57C758F5AD595224F1",
  "Microsoft.Extensions.DependencyModel.dll": "F39BC76C10CFEA478C936FC4521A9FC9",
  "MinSharp.dll": "B90EBB3F578979A3A64DD9F316239B3B",
  "Mono.Cecil.dll": "76595C099E63583397976F9F18837431",
  "Mono.Cecil.Mdb.dll": "835F9D32BA0D178269A0D2AAC7D02BC1",
  "Mono.Cecil.Pdb.dll": "DC3AE0607A84EFDEDAA9112D024E94C3",
  "Mono.Cecil.Rocks.dll": "85F81320C57F7875DCF9DD9283A93DA1",
  "MonoMod.Backports.dll": "4AD66D087F6CB943A6FD02CF0366EB4A",
  "MonoMod.Core.dll": "66269C2ABE43D74B43B415A48975962B",
  "MonoMod.Iced.dll": "632AE086CEAD8303122B68907F314145",
  "MonoMod.ILHelpers.dll": "194AF5A408D07A964926A21F9C62808F",
  "MonoMod.RuntimeDetour.dll": "483046F11B7BF58BC591B1A04152E0E4",
  "MonoMod.Utils.dll": "0658062F44A483B3B8181A7FCE50FF4D",
  "nethost.dll": "012081214FE71F0F6ADCD9F4A71B2B00",
  "Newtonsoft.Json.dll": "86A83A63F12B55FD3718CFBFB577D7DC",
  "PeNet.Asn1.dll": "BDFD872A0BAF3EECE3AC89919A05CCB9",
  "PeNet.dll": "1071E11D0E4C23E3D45DAB26D22E47E8",
  "PInvoke.AdvApi32.dll": "34EE461D05B403C3A15D0DEC32A3788C",
  "PInvoke.BCrypt.dll": "FD07758EE1440491F22923084109FF26",
  "PInvoke.Cabinet.dll": "333D950E3804735DA60CC41D614C63E2",
  "PInvoke.CfgMgr32.dll": "768BE7CC18EDCF78B296A72ABE891691",
  "PInvoke.Crypt32.dll": "E7B00B0851738F4A7F2C6D37DAA973B4",
  "PInvoke.DbgHelp.dll": "E701136169620D20E3A70B560DE20E44",
  "PInvoke.DwmApi.dll": "ACF223CC8962404056648815B486F7D9",
  "PInvoke.Gdi32.dll": "69FF434826F98582CE44D3136ECFFACB",
  "PInvoke.Hid.dll": "2E7A41257F8AD9B26073181F450CD8E5",
  "PInvoke.ImageHlp.dll": "79BE816E8D86EA66489D7780DD675D49",
  "PInvoke.IPHlpApi.dll": "E949FA3326D1BA8872B179AB4EE49D38",
  "PInvoke.Kernel32.dll": "234E15B122ED430DE99490CA1A204958",
  "PInvoke.Magnification.dll": "C9EA3D34F506741ECC044DB19C151F09",
  "PInvoke.Msi.dll": "69EE50CE2DA6B55755E52589F49A7EBC",
  "PInvoke.NCrypt.dll": "DA1DE76C14D99370CA3BEF19DC299B15",
  "PInvoke.NetApi32.dll": "AE79F9FA2E3864A5E0642AE4622ECDC5",
  "PInvoke.NewDev.dll": "B3E1992105D986EF9C5C8E4B630FBB07",
  "PInvoke.NTDll.dll": "3F6BDF840EB27DD0FD9EB8071822183A",
  "PInvoke.Ole32.dll": "3C49FB100B60519FFE725BCD12A538F6",
  "PInvoke.Psapi.dll": "A7683EE4B880227F01C8AE632A892B9E",
  "PInvoke.SetupApi.dll": "1B7AE321185D0081D1759A9AD829F9BA",
  "PInvoke.SHCore.dll": "F27E7F063D51480F6D2294C903E4A606",
  "PInvoke.Shell32.dll": "F71A1BCAF6478190691170DAEA77722F",
  "PInvoke.User32.dll": "8BEDE38311ED4F27127290B81B8079FD",
  "PInvoke.Userenv.dll": "FEB7BCA90B8C905EC2F4BB0789847131",
  "PInvoke.UxTheme.dll": "8E683C016250CB719FDB9AAAFC22B3C5",
  "PInvoke.Windows.Core.dll": "90015440A44935208FFEA9BF61740651",
  "PInvoke.Windows.ShellScalingApi.dll": "F351B34B8C9183A51CADFDC279357C49",
  "PInvoke.WinUsb.dll": "9EB8A0280F2848D1A32B560A939F7336",
  "PInvoke.WtsApi32.dll": "341C94455D2E5893DBE4293D4D67AA4D",
  "Reloaded.Assembler.dll": "FFEEF157307C0BCB29A19FF79B1A5F55",
  "Reloaded.Hooks.Definitions.dll": "7FFCD2966064ED84AEF14FC14F16C0E8",
  "Reloaded.Hooks.dll": "8B44DA81E1EECAF188168AE102926060",
  "Reloaded.Memory.Buffers.dll": "4876F9E33EC7743954C5D7DAE61AAD13",
  "Reloaded.Memory.dll": "1C4870F8482F1030EB5324A01755A575",
  "revision.txt": "A57D48399922B03419153A9760C5CE53",
  "SDL2-CS.config": "65557595FD5DF55D93B2BF881DE62C3A",
  "SDL2-CS.dll": "B21F108DAD1B0A1B5F8EBB610617D9FE",
  "Serilog.dll": "DA0D39444984CC9654162BD0E4695EF7",
  "Serilog.Sinks.Async.dll": "4BD50CFFFFB54343050F0CA9476E36BB",
  "Serilog.Sinks.Console.dll": "2021BA7D292FA67C4D25A187F0F55715",
  "Serilog.Sinks.File.dll": "36A71EA0D17B7D0D42ED78E8D63943AA",
  "SharpDX.Direct3D11.dll": "2535FA2A8FBC18DDD896B7EE069AAA7F",
  "SharpDX.dll": "BAE7BF131BCF0EDC754202CAB5E674C4",
  "SharpDX.DXGI.dll": "E9E2EFA9567794DFFE75E5657E1B4287",
  "SharpDX.Mathematics.dll": "977E72301CD1CDB9FCCADF8765218106",
  "Silk.NET.Core.dll": "117426D615FAB5691D863E47CF97D3BF",
  "Silk.NET.GLFW.dll": "06D044B9ADEB0AD8DD270EA3BA2313AE",
  "Silk.NET.Maths.dll": "A3F532C3D39E1823894360AD857A7310",
  "Silk.NET.OpenGL.dll": "FDF7EE9637C4BFAE5C09FFD84B35B1D0",
  "Silk.NET.SDL.dll": "CC6932B1B1A2DA1226795712EAFF833D",
  "Silk.NET.Windowing.Common.dll": "22EAAF48FA8DDBD7DEB5A91ED388E1F4",
  "Silk.NET.Windowing.Glfw.dll": "EC6230203A5EE06F33DB8185339F63CC",
  "Silk.NET.Windowing.Sdl.dll": "CF9D0DAB454D37792850548EF8A74636",
  "SQLite-net.dll": "56473B3294941608756F2A6E9688113A",
  "SQLitePCLRaw.batteries_v2.dll": "0F0AEF11A12CA7D28FFA0A5E90633CC6",
  "SQLitePCLRaw.core.dll": "0FBFE5452588EEA534658405EE310471",
  "SQLitePCLRaw.nativelibrary.dll": "8BE919E4F1BB5571B17FEAE7745AFB43",
  "SQLitePCLRaw.provider.dynamic_cdecl.dll": "93C6A867B8D1AC25BEC4F6293AF935BE",
  "StbiSharp.dll": "FF56C9530ADAEFA5D36AA3B1CED8BF8F",
  "System.Reactive.dll": "EF5A00287AD15393D41B12AA4B726FF7",
  "System.Reflection.MetadataLoadContext.dll": "7EC41D41F4E1246757BA3E2EC862D562",
  "System.Security.Cryptography.Pkcs.dll": "8950E01996A37E808BE3F39063C37BF9",
  "TEMP_gitver.txt": "7A64DEC4309E509C16CA56DE1697A35F",
  "Validation.dll": "139CF5779A37DE431B601807B51CC6D9"
}
