{
  "runtimes\\linux-x64\\native\\libglfw.so.3": "9E3137144F68B9E9793F4C7AD5B1BEA7",
  "runtimes\\linux-x64\\native\\libSDL2-2.0.so": "99B95A708381FC66AB2370E45A260527",
  "runtimes\\linux-x64\\native\\libstbi.so": "0945355ED59677D06E3E88F48101BB26",
  "runtimes\\osx-x64\\native\\libglfw.3.dylib": "1E30FAB2F0C40E82290AD4B0BF14A880",
  "runtimes\\osx-x64\\native\\libSDL2-2.0.dylib": "AAC958490586C67395F0A90903AE3747",
  "runtimes\\osx-x64\\native\\libstbi.dylib": "0B84B0A6A80178266018081C3CAB68E6",
  "runtimes\\win-x64\\native\\cimgui.dll": "6E799CF90EDC29A6DFA4AA83017029F2",
  "runtimes\\win-x64\\native\\cimguizmo.dll": "63CF4C00FD52A5F12E59AFB1433C4F33",
  "runtimes\\win-x64\\native\\cimplot.dll": "96AE53FCB622DCB99DEB5B78794D67CB",
  "runtimes\\win-x64\\native\\glfw3.dll": "24152BCF8C60E501F936EB7AC51A8F9A",
  "runtimes\\win-x64\\native\\minhook.x64d.dll": "E0C7F44BDE3EB652350B5F2D05144BC4",
  "runtimes\\win-x64\\native\\SDL2.dll": "80E8F98C3FE5DE9FD00A889D477304A2",
  "runtimes\\win-x64\\native\\stbi.dll": "DF62B1E4B0629C794D13E2566B8A5C06",
  "runtimes\\win-x64\\native\\stbi.lib": "927C214DE576219E1F80DBE7798A0502",
  "runtimes\\win-x86\\native\\glfw3.dll": "A80C1B46082360C6F1F121F0D9DB96E5",
  "runtimes\\win-x86\\native\\SDL2.dll": "8D6A3C8321CDB05F46BE9CFA0E1AC518",
  "targets\\Dalamud.Plugin.Bootstrap.targets": "72C91AC1B4F7C83711BB4C5834FE49A8",
  "targets\\Dalamud.Plugin.targets": "D3DE10F1F04F22619FDD1005FD3DCFEF",
  "CheapLoc.dll": "1865081F6B10A53E772F9DE1A4F85A41",
  "Costura.dll": "790BC2AA20C7295E8946E625F22E100F",
  "Dalamud.Boot.dll": "86FD7D70499D5CB0D58378109CF76B97",
  "Dalamud.deps.json": "DDB22E0738D8FA598772708A6F9B131F",
  "Dalamud.dll": "2750CAD1755A4FC19C783AD3E7C93893",
  "Dalamud.Injector.deps.json": "D10EED2039C0151239F5EA4FE3A65A7B",
  "Dalamud.Injector.dll": "FF80DF35CA1C8F4389B045F5F49D4180",
  "Dalamud.Injector.exe": "6FBAA5AC8D20F4312F1C0A8171E77AE7",
  "Dalamud.Injector.runtimeconfig.json": "AAAFA957BB3B382321D67ACC2D792553",
  "Dalamud.Injector.xml": "CC06A545B271F56E0781ECC82BDEF67F",
  "Dalamud.runtimeconfig.json": "454E2BA21742B08CF0A9827950A92B0F",
  "Dalamud.xml": "708A6642CD278D100C8BA65B54FA47EA",
  "DalamudCrashHandler.exe": "C267BCD754285DE0ECF2DAB4B1B8438B",
  "FASM-LICENSE.TXT": "ECEA1D10811221D5F0A3E96F9C38E2C7",
  "FASM.DLL": "2ED49CA95E880B31B81368018FBE9986",
  "FASMX64.DLL": "22511E4A2B2E944E0C17F3ECCA69C0F0",
  "FFXIVClientStructs.dll": "AE16E97FFEC645657CAA771B2C2749C5",
  "FFXIVClientStructs.xml": "1E81062A8DE4667D1F3E043E2D8F18F0",
  "goaaats.Reloaded.Assembler.targets": "CC22CB0A353E2136EE9E6E96DB9F7164",
  "Iced.dll": "9026EA053C9A4EEF42BF368AF953366F",
  "ImGui.NET.dll": "38B035A9A9FB10C7EE2943784F19190F",
  "ImGuiScene.dll": "1C8CA0CA5AE0B4DD905760D785899FF7",
  "JetBrains.Annotations.dll": "33B0A3EF2224F173DAE49A7EB836FC40",
  "licenses.txt": "A159BE62AA91178EFC3E3983AE874D1D",
  "Lumina.dll": "26D52EAAA90954222C883ACF0DAE1AC7",
  "Lumina.Excel.dll": "B2F1C5AA7BE729BD7005F171683DA79F",
  "Microsoft.Bcl.HashCode.dll": "613AB56061ADF2284E047025207467E0",
  "Microsoft.DotNet.PlatformAbstractions.dll": "00AB0F02B1114C57C758F5AD595224F1",
  "Microsoft.Extensions.DependencyModel.dll": "F39BC76C10CFEA478C936FC4521A9FC9",
  "MinSharp.dll": "6EC0288A4F3E2335F9C22D34984AFC96",
  "Mono.Cecil.dll": "0A7C88A206CB6433CC8C141B664D2BC7",
  "Mono.Cecil.Mdb.dll": "0050A7A19F34C9126645AC9F6CFDF9F5",
  "Mono.Cecil.Pdb.dll": "CFC9FEB13EBA428877AEB60164E825E4",
  "Mono.Cecil.Rocks.dll": "BA249D1AFB996731C59928E0E7B9BE8D",
  "MonoMod.Backports.dll": "B71E816B28FCE8B16AE426A8E9C4FE19",
  "MonoMod.Core.dll": "4C30399B1A4BFD38262227D78B636ECE",
  "MonoMod.Iced.dll": "8C0F46FE60551FAE7CA78C4E59DFDE0A",
  "MonoMod.ILHelpers.dll": "2927C030870C26F09FC8DD407755079B",
  "MonoMod.RuntimeDetour.dll": "055266F02AC7675FF5CE264403E94C11",
  "MonoMod.Utils.dll": "6C87934C2FA1C88C166CAAD7CE521847",
  "nethost.dll": "012081214FE71F0F6ADCD9F4A71B2B00",
  "Newtonsoft.Json.dll": "86A83A63F12B55FD3718CFBFB577D7DC",
  "PeNet.Asn1.dll": "A5E8DB3490A959EB147DB85A477CDEF9",
  "PeNet.dll": "01BDEB17DE0E810171009A2F5FB96301",
  "PInvoke.AdvApi32.dll": "34EE461D05B403C3A15D0DEC32A3788C",
  "PInvoke.BCrypt.dll": "FD07758EE1440491F22923084109FF26",
  "PInvoke.Cabinet.dll": "333D950E3804735DA60CC41D614C63E2",
  "PInvoke.CfgMgr32.dll": "768BE7CC18EDCF78B296A72ABE891691",
  "PInvoke.Crypt32.dll": "E7B00B0851738F4A7F2C6D37DAA973B4",
  "PInvoke.DbgHelp.dll": "E701136169620D20E3A70B560DE20E44",
  "PInvoke.DwmApi.dll": "ACF223CC8962404056648815B486F7D9",
  "PInvoke.Gdi32.dll": "69FF434826F98582CE44D3136ECFFACB",
  "PInvoke.Hid.dll": "2E7A41257F8AD9B26073181F450CD8E5",
  "PInvoke.ImageHlp.dll": "79BE816E8D86EA66489D7780DD675D49",
  "PInvoke.IPHlpApi.dll": "E949FA3326D1BA8872B179AB4EE49D38",
  "PInvoke.Kernel32.dll": "234E15B122ED430DE99490CA1A204958",
  "PInvoke.Magnification.dll": "C9EA3D34F506741ECC044DB19C151F09",
  "PInvoke.Msi.dll": "69EE50CE2DA6B55755E52589F49A7EBC",
  "PInvoke.NCrypt.dll": "DA1DE76C14D99370CA3BEF19DC299B15",
  "PInvoke.NetApi32.dll": "AE79F9FA2E3864A5E0642AE4622ECDC5",
  "PInvoke.NewDev.dll": "B3E1992105D986EF9C5C8E4B630FBB07",
  "PInvoke.NTDll.dll": "3F6BDF840EB27DD0FD9EB8071822183A",
  "PInvoke.Ole32.dll": "3C49FB100B60519FFE725BCD12A538F6",
  "PInvoke.Psapi.dll": "A7683EE4B880227F01C8AE632A892B9E",
  "PInvoke.SetupApi.dll": "1B7AE321185D0081D1759A9AD829F9BA",
  "PInvoke.SHCore.dll": "F27E7F063D51480F6D2294C903E4A606",
  "PInvoke.Shell32.dll": "F71A1BCAF6478190691170DAEA77722F",
  "PInvoke.User32.dll": "8BEDE38311ED4F27127290B81B8079FD",
  "PInvoke.Userenv.dll": "FEB7BCA90B8C905EC2F4BB0789847131",
  "PInvoke.UxTheme.dll": "8E683C016250CB719FDB9AAAFC22B3C5",
  "PInvoke.Windows.Core.dll": "90015440A44935208FFEA9BF61740651",
  "PInvoke.Windows.ShellScalingApi.dll": "F351B34B8C9183A51CADFDC279357C49",
  "PInvoke.WinUsb.dll": "9EB8A0280F2848D1A32B560A939F7336",
  "PInvoke.WtsApi32.dll": "341C94455D2E5893DBE4293D4D67AA4D",
  "Reloaded.Assembler.dll": "6BAA574C4E5F8BF876656A82FB014C95",
  "Reloaded.Hooks.Definitions.dll": "4877AE5B348AFC7E987A7278E8889DC6",
  "Reloaded.Hooks.dll": "1E470A21E58F40C1589F1EC8D027302F",
  "Reloaded.Memory.Buffers.dll": "EE855B9EBD6637EA368FE631E50CE745",
  "Reloaded.Memory.dll": "D787C25A060BBA0374C1E817C96C564C",
  "revision.txt": "E3B21256183CF7C2C7A66BE163579D37",
  "SDL2-CS.config": "65557595FD5DF55D93B2BF881DE62C3A",
  "SDL2-CS.dll": "5C3F3106C8B962DFCAB2EE01463FE6DD",
  "Serilog.dll": "3C8C27C9D5A9742775D729EB882E1FA9",
  "Serilog.Sinks.Async.dll": "14DF57E7AE9F3793AC65882D05F27168",
  "Serilog.Sinks.Console.dll": "38A77DCD9CD01DEEE117B5969751A791",
  "Serilog.Sinks.File.dll": "A49BADB30CA80FC9AE5734D55B1DA2AD",
  "SharpDX.Direct3D11.dll": "BBD197769A241E4462AE2FCB6D06892E",
  "SharpDX.dll": "996C6C4B4B4E57FB9E6C28F8D7171AB7",
  "SharpDX.DXGI.dll": "F8792E7657EBDA21BEF89BC6E5EB1360",
  "SharpDX.Mathematics.dll": "B1ABB226ABDE3AA1DF024676395F81D9",
  "Silk.NET.Core.dll": "2177C2107388749542818864759D49AC",
  "Silk.NET.GLFW.dll": "BABE884CD242BBAB2C410993D875B18D",
  "Silk.NET.Maths.dll": "770A1F865FEFF5D663BB443A8E3D0392",
  "Silk.NET.OpenGL.dll": "34028F1F39D718EF82CD69605E7D3692",
  "Silk.NET.SDL.dll": "CAD5622FCA35ED91C8873C546EC0BBBD",
  "Silk.NET.Windowing.Common.dll": "3A8717853C80620D2EF59EDF0C6F6EE1",
  "Silk.NET.Windowing.Glfw.dll": "A3BA2CB5AEA496823DAC163FCDF42E56",
  "Silk.NET.Windowing.Sdl.dll": "2DF6046E49A0C3883C8EA59FD37DD835",
  "StbiSharp.dll": "453DFBCED60B25D20430D4C75241ABB9",
  "System.Reactive.dll": "EF5A00287AD15393D41B12AA4B726FF7",
  "System.Reflection.MetadataLoadContext.dll": "7EC41D41F4E1246757BA3E2EC862D562",
  "System.Security.Cryptography.Pkcs.dll": "8950E01996A37E808BE3F39063C37BF9",
  "TEMP_gitver.txt": "C338CB34BE598D58BA8B21A21489B2BE",
  "Validation.dll": "348F71E066A02D64A69AB6A80E0D5E90"
}
