{
  "runtimes\\linux-x64\\native\\libglfw.so.3": "9E3137144F68B9E9793F4C7AD5B1BEA7",
  "runtimes\\linux-x64\\native\\libSDL2-2.0.so": "99B95A708381FC66AB2370E45A260527",
  "runtimes\\linux-x64\\native\\libstbi.so": "0945355ED59677D06E3E88F48101BB26",
  "runtimes\\osx-x64\\native\\libglfw.3.dylib": "1E30FAB2F0C40E82290AD4B0BF14A880",
  "runtimes\\osx-x64\\native\\libSDL2-2.0.dylib": "AAC958490586C67395F0A90903AE3747",
  "runtimes\\osx-x64\\native\\libstbi.dylib": "0B84B0A6A80178266018081C3CAB68E6",
  "runtimes\\win-x64\\native\\cimgui.dll": "9CB0964B8CEE9E17376C37A274F06684",
  "runtimes\\win-x64\\native\\cimguizmo.dll": "10A8CE505CE179D0D83308317CA3DD60",
  "runtimes\\win-x64\\native\\cimplot.dll": "64E2266AC477A83277B228CA2A11E9A5",
  "runtimes\\win-x64\\native\\glfw3.dll": "9774E4354E7CAF981397A198033FFB6C",
  "runtimes\\win-x64\\native\\minhook.x64d.dll": "A8BB1C6026E2E21143E4C1AD9BB51857",
  "runtimes\\win-x64\\native\\SDL2.dll": "16227266EF56E97D54E7DA0393BF8CD7",
  "runtimes\\win-x64\\native\\stbi.dll": "D487502E87CDAF76C728C61C60E23625",
  "runtimes\\win-x64\\native\\stbi.lib": "927C214DE576219E1F80DBE7798A0502",
  "runtimes\\win-x86\\native\\glfw3.dll": "8553B76048C0848712943E50715C7C61",
  "runtimes\\win-x86\\native\\SDL2.dll": "019F5E52B63D0255E4CC9C1AD584E57F",
  "targets\\Dalamud.Plugin.Bootstrap.targets": "C85635161398CD9852CF7212DB7EB904",
  "targets\\Dalamud.Plugin.targets": "D3DE10F1F04F22619FDD1005FD3DCFEF",
  "CheapLoc.dll": "CE1B71D03AA4BCF81D26E32BDC6C4D46",
  "Costura.dll": "41F5DF1A560A48696BD79B07E413AEED",
  "Dalamud.Boot.dll": "92D3429638A6EC2C65E636BEB7F103E3",
  "Dalamud.deps.json": "FCC14F93C9850DC28BD5337EB2CB727A",
  "Dalamud.dll": "AC06D21C468EDF4739A12D09DC1BF3C5",
  "Dalamud.Injector.deps.json": "D10EED2039C0151239F5EA4FE3A65A7B",
  "Dalamud.Injector.dll": "1BA201C35F944931AC889E568017C296",
  "Dalamud.Injector.exe": "B07F8E542C3A289A150372DDDD30D083",
  "Dalamud.Injector.runtimeconfig.json": "AAAFA957BB3B382321D67ACC2D792553",
  "Dalamud.Injector.xml": "CC06A545B271F56E0781ECC82BDEF67F",
  "Dalamud.runtimeconfig.json": "454E2BA21742B08CF0A9827950A92B0F",
  "Dalamud.xml": "8C942927430680AFACBBF65A01DC3F27",
  "DalamudCrashHandler.exe": "B02BCF34E498F5BB6AC178FCB97F2307",
  "FASM-LICENSE.TXT": "ECEA1D10811221D5F0A3E96F9C38E2C7",
  "FASM.DLL": "35B1579AA245E840357D5F32028B6088",
  "FASMX64.DLL": "A2B4D1C23D1587D33273964F7576A269",
  "FFXIVClientStructs.dll": "3E92457FBB802F3BEF962ED439F97D71",
  "FFXIVClientStructs.xml": "6A42F0907862C62173BB7E9BBE777FCA",
  "goaaats.Reloaded.Assembler.targets": "CC22CB0A353E2136EE9E6E96DB9F7164",
  "Iced.dll": "41AF281F5B733C4D0EE9B42449776855",
  "ImGui.NET.dll": "49B3B2E0B633D7F9328D888CDFA7B402",
  "ImGuiScene.dll": "AC16DA7EB30B2DC40AA369F75E2C8100",
  "JetBrains.Annotations.dll": "AFBFE948A90FFF19574F50CD2644C23B",
  "licenses.txt": "A159BE62AA91178EFC3E3983AE874D1D",
  "Lumina.dll": "18EE01D1AE67E7BFD0F7A4F1807A910A",
  "Lumina.Excel.dll": "728E505C8B8638CAF6662D5C00F9AF19",
  "Microsoft.Bcl.HashCode.dll": "613AB56061ADF2284E047025207467E0",
  "Microsoft.DotNet.PlatformAbstractions.dll": "00AB0F02B1114C57C758F5AD595224F1",
  "Microsoft.Extensions.DependencyModel.dll": "F39BC76C10CFEA478C936FC4521A9FC9",
  "MinSharp.dll": "051560B85490238A2F53782F0636DBE2",
  "Mono.Cecil.dll": "751DA3E9B0891915E05FE6CCFD211B2D",
  "Mono.Cecil.Mdb.dll": "D8077DDE18181867E9A2F476D80F3246",
  "Mono.Cecil.Pdb.dll": "AD8C6DC5E50ACC47CEB94CBF6BC354D2",
  "Mono.Cecil.Rocks.dll": "E8449242789FC4310BA1F78B81FB04B1",
  "MonoMod.Backports.dll": "A87DA1A01A36A680C750C8251050526D",
  "MonoMod.Core.dll": "349FBF33BC1CACEEB6F35C00CE18EC8B",
  "MonoMod.Iced.dll": "E3423BBF9F691B39CB4B1FC53D6AD808",
  "MonoMod.ILHelpers.dll": "979873A4401EB9A2B0C54E576529AA65",
  "MonoMod.RuntimeDetour.dll": "56880EDB1A41D4B26E8028BF2464DD55",
  "MonoMod.Utils.dll": "383CA5157011E4F8A09D23DBBB5D74D1",
  "nethost.dll": "012081214FE71F0F6ADCD9F4A71B2B00",
  "Newtonsoft.Json.dll": "86A83A63F12B55FD3718CFBFB577D7DC",
  "PeNet.Asn1.dll": "3E06C2AB771009D927C17BD3BF64CAD2",
  "PeNet.dll": "5354F0FA53130FB2337318D7AEF0C9B6",
  "PInvoke.AdvApi32.dll": "34EE461D05B403C3A15D0DEC32A3788C",
  "PInvoke.BCrypt.dll": "FD07758EE1440491F22923084109FF26",
  "PInvoke.Cabinet.dll": "333D950E3804735DA60CC41D614C63E2",
  "PInvoke.CfgMgr32.dll": "768BE7CC18EDCF78B296A72ABE891691",
  "PInvoke.Crypt32.dll": "E7B00B0851738F4A7F2C6D37DAA973B4",
  "PInvoke.DbgHelp.dll": "E701136169620D20E3A70B560DE20E44",
  "PInvoke.DwmApi.dll": "ACF223CC8962404056648815B486F7D9",
  "PInvoke.Gdi32.dll": "69FF434826F98582CE44D3136ECFFACB",
  "PInvoke.Hid.dll": "2E7A41257F8AD9B26073181F450CD8E5",
  "PInvoke.ImageHlp.dll": "79BE816E8D86EA66489D7780DD675D49",
  "PInvoke.IPHlpApi.dll": "E949FA3326D1BA8872B179AB4EE49D38",
  "PInvoke.Kernel32.dll": "234E15B122ED430DE99490CA1A204958",
  "PInvoke.Magnification.dll": "C9EA3D34F506741ECC044DB19C151F09",
  "PInvoke.Msi.dll": "69EE50CE2DA6B55755E52589F49A7EBC",
  "PInvoke.NCrypt.dll": "DA1DE76C14D99370CA3BEF19DC299B15",
  "PInvoke.NetApi32.dll": "AE79F9FA2E3864A5E0642AE4622ECDC5",
  "PInvoke.NewDev.dll": "B3E1992105D986EF9C5C8E4B630FBB07",
  "PInvoke.NTDll.dll": "3F6BDF840EB27DD0FD9EB8071822183A",
  "PInvoke.Ole32.dll": "3C49FB100B60519FFE725BCD12A538F6",
  "PInvoke.Psapi.dll": "A7683EE4B880227F01C8AE632A892B9E",
  "PInvoke.SetupApi.dll": "1B7AE321185D0081D1759A9AD829F9BA",
  "PInvoke.SHCore.dll": "F27E7F063D51480F6D2294C903E4A606",
  "PInvoke.Shell32.dll": "F71A1BCAF6478190691170DAEA77722F",
  "PInvoke.User32.dll": "8BEDE38311ED4F27127290B81B8079FD",
  "PInvoke.Userenv.dll": "FEB7BCA90B8C905EC2F4BB0789847131",
  "PInvoke.UxTheme.dll": "8E683C016250CB719FDB9AAAFC22B3C5",
  "PInvoke.Windows.Core.dll": "90015440A44935208FFEA9BF61740651",
  "PInvoke.Windows.ShellScalingApi.dll": "F351B34B8C9183A51CADFDC279357C49",
  "PInvoke.WinUsb.dll": "9EB8A0280F2848D1A32B560A939F7336",
  "PInvoke.WtsApi32.dll": "341C94455D2E5893DBE4293D4D67AA4D",
  "Reloaded.Assembler.dll": "95423226843DB5D9315205A584FA0C01",
  "Reloaded.Hooks.Definitions.dll": "2D6A6CCC0CFDA5FCFE794B36987AF3B7",
  "Reloaded.Hooks.dll": "27DB32CEE1AB0A3CA09B1CB00B32D1DC",
  "Reloaded.Memory.Buffers.dll": "471CC6A11C87E4570AF5704220FA76A8",
  "Reloaded.Memory.dll": "06977BF0880C1157232E29FA6FE99230",
  "revision.txt": "FB8E51C5C713F2AAF71F62E03C5298DB",
  "SDL2-CS.config": "65557595FD5DF55D93B2BF881DE62C3A",
  "SDL2-CS.dll": "D1B24E59E5A66E55B7E4BCDB7E63BC06",
  "Serilog.dll": "D9B78BB67DCF96335542CBBF553237D1",
  "Serilog.Sinks.Async.dll": "9989EA19B6DFCD03E41C43886C06506D",
  "Serilog.Sinks.Console.dll": "E14DCDCAB35A583C3325C3981FE1CA19",
  "Serilog.Sinks.File.dll": "45DA9775DEC1505C3FFD61068852E7BD",
  "SharpDX.Direct3D11.dll": "BBDD9BBCE0F4FCECE5F673B7BD19B6EF",
  "SharpDX.dll": "83BA402837DFB01E24B7D4D4CC62D2F8",
  "SharpDX.DXGI.dll": "D761E61EA506948EFC9AA71AE4378C9F",
  "SharpDX.Mathematics.dll": "57E91DDDF0670FDC064E96470F6BC58C",
  "Silk.NET.Core.dll": "9B10D3F0B5F4892247835D9F8B99399E",
  "Silk.NET.GLFW.dll": "74CAADB5CD487C5F3EBD108E33F6DA08",
  "Silk.NET.Maths.dll": "8338AC4117627C2AF6413E3FB51E29FC",
  "Silk.NET.OpenGL.dll": "CF4724C6506024405F7E88391724B4EC",
  "Silk.NET.SDL.dll": "74E858A5F01478F54FF5286D3C899130",
  "Silk.NET.Windowing.Common.dll": "BC86C9E21B20632579E7B9B397305C0F",
  "Silk.NET.Windowing.Glfw.dll": "9AF82E352D13B3BCF9CCBCF7203BC153",
  "Silk.NET.Windowing.Sdl.dll": "8760BCE88AD2FDD1C73E30C1438A2436",
  "StbiSharp.dll": "AC7D548AA1259B121E673DBA8DF858D1",
  "System.Reactive.dll": "EF5A00287AD15393D41B12AA4B726FF7",
  "System.Reflection.MetadataLoadContext.dll": "7EC41D41F4E1246757BA3E2EC862D562",
  "System.Security.Cryptography.Pkcs.dll": "8950E01996A37E808BE3F39063C37BF9",
  "TEMP_gitver.txt": "7F3C7C65DBBA368BC44D517859797C8A",
  "Validation.dll": "5A08C74F6ABB89FA3FA7D6158904E50E"
}
