{
  "runtimes\\linux-x64\\native\\libglfw.so.3": "9E3137144F68B9E9793F4C7AD5B1BEA7",
  "runtimes\\linux-x64\\native\\libSDL2-2.0.so": "99B95A708381FC66AB2370E45A260527",
  "runtimes\\linux-x64\\native\\libstbi.so": "0945355ED59677D06E3E88F48101BB26",
  "runtimes\\osx-x64\\native\\libglfw.3.dylib": "1E30FAB2F0C40E82290AD4B0BF14A880",
  "runtimes\\osx-x64\\native\\libSDL2-2.0.dylib": "AAC958490586C67395F0A90903AE3747",
  "runtimes\\osx-x64\\native\\libstbi.dylib": "0B84B0A6A80178266018081C3CAB68E6",
  "runtimes\\win-x64\\native\\cimgui.dll": "617E7BB0138EED3DF4CDBF56E8C84274",
  "runtimes\\win-x64\\native\\cimguizmo.dll": "076031EFC96487FE183C3BE053A841E2",
  "runtimes\\win-x64\\native\\cimplot.dll": "A6004612BDEB8C110A4D57D39D691AB0",
  "runtimes\\win-x64\\native\\glfw3.dll": "1904D5F02C32D0D5228CC1FCD3A81015",
  "runtimes\\win-x64\\native\\minhook.x64d.dll": "A464CD1A688013E1354CA94F735A195C",
  "runtimes\\win-x64\\native\\SDL2.dll": "5DBB4A32287EB30B67D2C428118EF542",
  "runtimes\\win-x64\\native\\stbi.dll": "91ECABCACAD8D3E474E77C8EF7295C7A",
  "runtimes\\win-x64\\native\\stbi.lib": "927C214DE576219E1F80DBE7798A0502",
  "runtimes\\win-x86\\native\\glfw3.dll": "87E755BE4AF3746C584CF381B3ADA1F5",
  "runtimes\\win-x86\\native\\SDL2.dll": "CFB0AAFAE7871D441272AFFF80DB905B",
  "targets\\Dalamud.Plugin.Bootstrap.targets": "72C91AC1B4F7C83711BB4C5834FE49A8",
  "targets\\Dalamud.Plugin.targets": "D3DE10F1F04F22619FDD1005FD3DCFEF",
  "CheapLoc.dll": "C1D4214C79C4E6303816429A1B6D618F",
  "Costura.dll": "7EC3824E7179FBC10DB5D8F361DB80F3",
  "Dalamud.Boot.dll": "BD32CB41987CBF019340F759A2C199EB",
  "Dalamud.deps.json": "FCC14F93C9850DC28BD5337EB2CB727A",
  "Dalamud.dll": "4174B40B3FDEF6EF2DEB63D59CD7F3C4",
  "Dalamud.Injector.deps.json": "D10EED2039C0151239F5EA4FE3A65A7B",
  "Dalamud.Injector.dll": "6F54AC20D4A4238A8F046803E22E3748",
  "Dalamud.Injector.exe": "85F39F9E075F4027654CE85073EB738B",
  "Dalamud.Injector.runtimeconfig.json": "AAAFA957BB3B382321D67ACC2D792553",
  "Dalamud.Injector.xml": "CC06A545B271F56E0781ECC82BDEF67F",
  "Dalamud.runtimeconfig.json": "454E2BA21742B08CF0A9827950A92B0F",
  "Dalamud.xml": "7D35ED384A2C076A30EF9CA72A809EAC",
  "DalamudCrashHandler.exe": "D636DFDE5BB4D21F923B835BEEEFB357",
  "FASM-LICENSE.TXT": "ECEA1D10811221D5F0A3E96F9C38E2C7",
  "FASM.DLL": "4A83856BD9A050055539706266877C84",
  "FASMX64.DLL": "C2C9390307842AF00BD3131FCFA6E2A4",
  "FFXIVClientStructs.dll": "0D6EA423E4086A8C391DE37188958CA6",
  "FFXIVClientStructs.xml": "2390E5F11BDFDB0C1D1FB453E9806E22",
  "goaaats.Reloaded.Assembler.targets": "CC22CB0A353E2136EE9E6E96DB9F7164",
  "Iced.dll": "88AA5804571DE23E2ED9BFFDA2C6C787",
  "ImGui.NET.dll": "4350844F0972085EC5BD52470C75AF2F",
  "ImGuiScene.dll": "0DF618CFC9F0C1CADF1C84DC7E712560",
  "JetBrains.Annotations.dll": "BB51BE368F168D99E5DE7F15FDE4D18E",
  "licenses.txt": "A159BE62AA91178EFC3E3983AE874D1D",
  "Lumina.dll": "73D9A89C8D11221FF4A8B28C95A30932",
  "Lumina.Excel.dll": "632C2A7E96E02C0F9BA95A6C7D97D066",
  "Microsoft.Bcl.HashCode.dll": "613AB56061ADF2284E047025207467E0",
  "Microsoft.DotNet.PlatformAbstractions.dll": "00AB0F02B1114C57C758F5AD595224F1",
  "Microsoft.Extensions.DependencyModel.dll": "F39BC76C10CFEA478C936FC4521A9FC9",
  "MinSharp.dll": "D4AAD1950BAA639997DE132F21BF9BCF",
  "Mono.Cecil.dll": "649DE20B5B3E5064DA489D7D2FCC987F",
  "Mono.Cecil.Mdb.dll": "4375A47E6D42E21EF152620C4CFA2CED",
  "Mono.Cecil.Pdb.dll": "20941575ECC70F3FCF756C0F2FEEFC58",
  "Mono.Cecil.Rocks.dll": "77B8D94FD50B80E10550457508B4A0C2",
  "MonoMod.Backports.dll": "E13C4C042D1833324AFF71F6650D353E",
  "MonoMod.Core.dll": "275E3B521299E0B25EAFCFA0694F1927",
  "MonoMod.Iced.dll": "B0AEF95B83CE53F2257177606561AC3D",
  "MonoMod.ILHelpers.dll": "8C73B08ED821F37FE97405B3CA4EF210",
  "MonoMod.RuntimeDetour.dll": "9106E764E67C348948400A89CC83C6A2",
  "MonoMod.Utils.dll": "2664199448645568B1D6B1B2A889FF03",
  "nethost.dll": "012081214FE71F0F6ADCD9F4A71B2B00",
  "Newtonsoft.Json.dll": "86A83A63F12B55FD3718CFBFB577D7DC",
  "PeNet.Asn1.dll": "FF854528BB9279DA8021F48B0793B3AA",
  "PeNet.dll": "FE4675A851835B413229947826EE9F5F",
  "PInvoke.AdvApi32.dll": "34EE461D05B403C3A15D0DEC32A3788C",
  "PInvoke.BCrypt.dll": "FD07758EE1440491F22923084109FF26",
  "PInvoke.Cabinet.dll": "333D950E3804735DA60CC41D614C63E2",
  "PInvoke.CfgMgr32.dll": "768BE7CC18EDCF78B296A72ABE891691",
  "PInvoke.Crypt32.dll": "E7B00B0851738F4A7F2C6D37DAA973B4",
  "PInvoke.DbgHelp.dll": "E701136169620D20E3A70B560DE20E44",
  "PInvoke.DwmApi.dll": "ACF223CC8962404056648815B486F7D9",
  "PInvoke.Gdi32.dll": "69FF434826F98582CE44D3136ECFFACB",
  "PInvoke.Hid.dll": "2E7A41257F8AD9B26073181F450CD8E5",
  "PInvoke.ImageHlp.dll": "79BE816E8D86EA66489D7780DD675D49",
  "PInvoke.IPHlpApi.dll": "E949FA3326D1BA8872B179AB4EE49D38",
  "PInvoke.Kernel32.dll": "234E15B122ED430DE99490CA1A204958",
  "PInvoke.Magnification.dll": "C9EA3D34F506741ECC044DB19C151F09",
  "PInvoke.Msi.dll": "69EE50CE2DA6B55755E52589F49A7EBC",
  "PInvoke.NCrypt.dll": "DA1DE76C14D99370CA3BEF19DC299B15",
  "PInvoke.NetApi32.dll": "AE79F9FA2E3864A5E0642AE4622ECDC5",
  "PInvoke.NewDev.dll": "B3E1992105D986EF9C5C8E4B630FBB07",
  "PInvoke.NTDll.dll": "3F6BDF840EB27DD0FD9EB8071822183A",
  "PInvoke.Ole32.dll": "3C49FB100B60519FFE725BCD12A538F6",
  "PInvoke.Psapi.dll": "A7683EE4B880227F01C8AE632A892B9E",
  "PInvoke.SetupApi.dll": "1B7AE321185D0081D1759A9AD829F9BA",
  "PInvoke.SHCore.dll": "F27E7F063D51480F6D2294C903E4A606",
  "PInvoke.Shell32.dll": "F71A1BCAF6478190691170DAEA77722F",
  "PInvoke.User32.dll": "8BEDE38311ED4F27127290B81B8079FD",
  "PInvoke.Userenv.dll": "FEB7BCA90B8C905EC2F4BB0789847131",
  "PInvoke.UxTheme.dll": "8E683C016250CB719FDB9AAAFC22B3C5",
  "PInvoke.Windows.Core.dll": "90015440A44935208FFEA9BF61740651",
  "PInvoke.Windows.ShellScalingApi.dll": "F351B34B8C9183A51CADFDC279357C49",
  "PInvoke.WinUsb.dll": "9EB8A0280F2848D1A32B560A939F7336",
  "PInvoke.WtsApi32.dll": "341C94455D2E5893DBE4293D4D67AA4D",
  "Reloaded.Assembler.dll": "8242381B73F6E339FCCE3F0D2593F4EA",
  "Reloaded.Hooks.Definitions.dll": "AAD89F6CDFFE89E309FFE2349EBB43C4",
  "Reloaded.Hooks.dll": "3C19B2C5962ED195B620790D18C8CE54",
  "Reloaded.Memory.Buffers.dll": "76FB4734E150C42DFED7F0984CC166F6",
  "Reloaded.Memory.dll": "93327C81AB81D68E1ADB6317B126B5F8",
  "revision.txt": "8196E8D0F9EE7DFDFC7E11DBBFA30D77",
  "SDL2-CS.config": "65557595FD5DF55D93B2BF881DE62C3A",
  "SDL2-CS.dll": "5E8BAE7E1EDE0C4957DD76C622456C7D",
  "Serilog.dll": "7C13717AF22F4360EB4CF9B3538EE4ED",
  "Serilog.Sinks.Async.dll": "118FE936AEC8830313C3F05038349095",
  "Serilog.Sinks.Console.dll": "AF3053D26D87FE5681EF42231C81086E",
  "Serilog.Sinks.File.dll": "D9D67A08375E48BB1B0FBAC3B6C47067",
  "SharpDX.Direct3D11.dll": "F7A977F1FDF1ED5A0ACB1F7D6C694859",
  "SharpDX.dll": "55132B95D708EA9F4CDFAC7BD5375A9C",
  "SharpDX.DXGI.dll": "A110354EFA7E22F2BD249740B2D0272E",
  "SharpDX.Mathematics.dll": "01A00AA90B12AE621B4F56010136EDB9",
  "Silk.NET.Core.dll": "A40F7F61F552A7B5FD56756BE1DF9DDA",
  "Silk.NET.GLFW.dll": "285165A0A77B21E7739B4FC7ED673D2B",
  "Silk.NET.Maths.dll": "B40F6D457D28BD26ADDCB12BF2A58506",
  "Silk.NET.OpenGL.dll": "BE2F787035764B452E862A0D0BCAA045",
  "Silk.NET.SDL.dll": "E18F3ED5C7489F391375AF17FA5CC246",
  "Silk.NET.Windowing.Common.dll": "DAEDBB49AEF77074F6406526B06E1B66",
  "Silk.NET.Windowing.Glfw.dll": "0200734FAD78CE690A856CF6BDA4A0E3",
  "Silk.NET.Windowing.Sdl.dll": "6B97CF3E80EDDCBAAA5B0956372287E2",
  "StbiSharp.dll": "6522C60C8A792EE3E667675FBE89E48A",
  "System.Reactive.dll": "EF5A00287AD15393D41B12AA4B726FF7",
  "System.Reflection.MetadataLoadContext.dll": "7EC41D41F4E1246757BA3E2EC862D562",
  "System.Security.Cryptography.Pkcs.dll": "8950E01996A37E808BE3F39063C37BF9",
  "TEMP_gitver.txt": "5937852E489E996430BAD7595B81C53A",
  "Validation.dll": "F02D4EBDBF5EF7ED50F7D3C1450462DC"
}
