{
  "runtimes\\linux-x64\\native\\libglfw.so.3": "9E3137144F68B9E9793F4C7AD5B1BEA7",
  "runtimes\\linux-x64\\native\\libSDL2-2.0.so": "99B95A708381FC66AB2370E45A260527",
  "runtimes\\linux-x64\\native\\libstbi.so": "0945355ED59677D06E3E88F48101BB26",
  "runtimes\\osx-x64\\native\\libglfw.3.dylib": "1E30FAB2F0C40E82290AD4B0BF14A880",
  "runtimes\\osx-x64\\native\\libSDL2-2.0.dylib": "AAC958490586C67395F0A90903AE3747",
  "runtimes\\osx-x64\\native\\libstbi.dylib": "0B84B0A6A80178266018081C3CAB68E6",
  "runtimes\\win-x64\\native\\cimgui.dll": "BF7D033FC3D428455585F9303FF01773",
  "runtimes\\win-x64\\native\\cimguizmo.dll": "E587A0467FDFE663254F707905E76033",
  "runtimes\\win-x64\\native\\cimplot.dll": "8665FA772099504606B3C31C374679B4",
  "runtimes\\win-x64\\native\\glfw3.dll": "6F5DBC9D049A5741D76C502E324D1711",
  "runtimes\\win-x64\\native\\minhook.x64d.dll": "48E661210B1CFAFF4C38FA33C02F4BDC",
  "runtimes\\win-x64\\native\\SDL2.dll": "9AA5DF4AD03EAF59662EDC9C6E0983AF",
  "runtimes\\win-x64\\native\\stbi.dll": "345EAC73A497CD565A3D19BFAB45F8F4",
  "runtimes\\win-x64\\native\\stbi.lib": "927C214DE576219E1F80DBE7798A0502",
  "runtimes\\win-x86\\native\\glfw3.dll": "47548508185C7D074CCA743D068D85D5",
  "runtimes\\win-x86\\native\\SDL2.dll": "124DEB368795505FB91B5A239AFB8C7B",
  "targets\\Dalamud.Plugin.Bootstrap.targets": "72C91AC1B4F7C83711BB4C5834FE49A8",
  "targets\\Dalamud.Plugin.targets": "D3DE10F1F04F22619FDD1005FD3DCFEF",
  "CheapLoc.dll": "69A6C93A5AD68BFD0AD032A2BE90EC1B",
  "Costura.dll": "102378D3D57E4447828C23F919A16B04",
  "Dalamud.Boot.dll": "E0E2B6E9B1057B87CBE111C02EB627E9",
  "Dalamud.deps.json": "FCC14F93C9850DC28BD5337EB2CB727A",
  "Dalamud.dll": "C13D41BDE39ABFB8F74CDAC1D6E77CF8",
  "Dalamud.Injector.deps.json": "D10EED2039C0151239F5EA4FE3A65A7B",
  "Dalamud.Injector.dll": "F271014E2234FD36807F106D6C72F01D",
  "Dalamud.Injector.exe": "0C1A9AE40EF0B050B11524CF2D79732D",
  "Dalamud.Injector.runtimeconfig.json": "AAAFA957BB3B382321D67ACC2D792553",
  "Dalamud.Injector.xml": "CC06A545B271F56E0781ECC82BDEF67F",
  "Dalamud.runtimeconfig.json": "454E2BA21742B08CF0A9827950A92B0F",
  "Dalamud.xml": "61C20147FDD84F27DD35123A85C84CB3",
  "DalamudCrashHandler.exe": "5D3DEC22B655AC3117BADD77029DDB40",
  "FASM-LICENSE.TXT": "ECEA1D10811221D5F0A3E96F9C38E2C7",
  "FASM.DLL": "5D1BAF678A74CF581AE4AAC45014D0E9",
  "FASMX64.DLL": "A62EDE4F72EB8981C4B39F7983C220F1",
  "FFXIVClientStructs.dll": "DA899FB518FC8DE6BD584F43021BE9F8",
  "FFXIVClientStructs.xml": "2390E5F11BDFDB0C1D1FB453E9806E22",
  "goaaats.Reloaded.Assembler.targets": "CC22CB0A353E2136EE9E6E96DB9F7164",
  "Iced.dll": "8DAC9C7B184A8A814342EC24E0879788",
  "ImGui.NET.dll": "DA7287F080E48F855593E05749F439C3",
  "ImGuiScene.dll": "2216B0B65AEBEB83090B2ADA3DAD2E3D",
  "JetBrains.Annotations.dll": "C643D75B5533FB3DC36DA633F0CAF3CA",
  "licenses.txt": "A159BE62AA91178EFC3E3983AE874D1D",
  "Lumina.dll": "A748729F2D3FCE4E0E92D0E90CF36BD1",
  "Lumina.Excel.dll": "CD14BC0C9973D61ED57C76CFCDA5E90C",
  "Microsoft.Bcl.HashCode.dll": "613AB56061ADF2284E047025207467E0",
  "Microsoft.DotNet.PlatformAbstractions.dll": "00AB0F02B1114C57C758F5AD595224F1",
  "Microsoft.Extensions.DependencyModel.dll": "F39BC76C10CFEA478C936FC4521A9FC9",
  "MinSharp.dll": "FE35E033C80DC3DFC43007086DEAD1E8",
  "Mono.Cecil.dll": "B8DB1665B3452621638D4BC656776B63",
  "Mono.Cecil.Mdb.dll": "D59FAFAFF498771901BF728FD18E12A7",
  "Mono.Cecil.Pdb.dll": "7B11D34D4D640DEAF07B732C6EB9D269",
  "Mono.Cecil.Rocks.dll": "5610BE475E319F62B6321A10EF556E9B",
  "MonoMod.Backports.dll": "A090596106ADC26F515FC9BFC52E5F8C",
  "MonoMod.Core.dll": "56626CE24012E9EE532809CFCEB9894B",
  "MonoMod.Iced.dll": "AF178DB89223C04173FA86D6816B92B9",
  "MonoMod.ILHelpers.dll": "90661DA764FC610CBA29D39A454CBBCD",
  "MonoMod.RuntimeDetour.dll": "6D8C376477B9A2A3F3FCDEE7D1EE4AA8",
  "MonoMod.Utils.dll": "57523F86F3AB3657B1260DF032C84029",
  "nethost.dll": "012081214FE71F0F6ADCD9F4A71B2B00",
  "Newtonsoft.Json.dll": "86A83A63F12B55FD3718CFBFB577D7DC",
  "PeNet.Asn1.dll": "8B5817404826313C6D651EFEEDA3AC25",
  "PeNet.dll": "820FBB766557859F55E74110AF27F301",
  "PInvoke.AdvApi32.dll": "34EE461D05B403C3A15D0DEC32A3788C",
  "PInvoke.BCrypt.dll": "FD07758EE1440491F22923084109FF26",
  "PInvoke.Cabinet.dll": "333D950E3804735DA60CC41D614C63E2",
  "PInvoke.CfgMgr32.dll": "768BE7CC18EDCF78B296A72ABE891691",
  "PInvoke.Crypt32.dll": "E7B00B0851738F4A7F2C6D37DAA973B4",
  "PInvoke.DbgHelp.dll": "E701136169620D20E3A70B560DE20E44",
  "PInvoke.DwmApi.dll": "ACF223CC8962404056648815B486F7D9",
  "PInvoke.Gdi32.dll": "69FF434826F98582CE44D3136ECFFACB",
  "PInvoke.Hid.dll": "2E7A41257F8AD9B26073181F450CD8E5",
  "PInvoke.ImageHlp.dll": "79BE816E8D86EA66489D7780DD675D49",
  "PInvoke.IPHlpApi.dll": "E949FA3326D1BA8872B179AB4EE49D38",
  "PInvoke.Kernel32.dll": "234E15B122ED430DE99490CA1A204958",
  "PInvoke.Magnification.dll": "C9EA3D34F506741ECC044DB19C151F09",
  "PInvoke.Msi.dll": "69EE50CE2DA6B55755E52589F49A7EBC",
  "PInvoke.NCrypt.dll": "DA1DE76C14D99370CA3BEF19DC299B15",
  "PInvoke.NetApi32.dll": "AE79F9FA2E3864A5E0642AE4622ECDC5",
  "PInvoke.NewDev.dll": "B3E1992105D986EF9C5C8E4B630FBB07",
  "PInvoke.NTDll.dll": "3F6BDF840EB27DD0FD9EB8071822183A",
  "PInvoke.Ole32.dll": "3C49FB100B60519FFE725BCD12A538F6",
  "PInvoke.Psapi.dll": "A7683EE4B880227F01C8AE632A892B9E",
  "PInvoke.SetupApi.dll": "1B7AE321185D0081D1759A9AD829F9BA",
  "PInvoke.SHCore.dll": "F27E7F063D51480F6D2294C903E4A606",
  "PInvoke.Shell32.dll": "F71A1BCAF6478190691170DAEA77722F",
  "PInvoke.User32.dll": "8BEDE38311ED4F27127290B81B8079FD",
  "PInvoke.Userenv.dll": "FEB7BCA90B8C905EC2F4BB0789847131",
  "PInvoke.UxTheme.dll": "8E683C016250CB719FDB9AAAFC22B3C5",
  "PInvoke.Windows.Core.dll": "90015440A44935208FFEA9BF61740651",
  "PInvoke.Windows.ShellScalingApi.dll": "F351B34B8C9183A51CADFDC279357C49",
  "PInvoke.WinUsb.dll": "9EB8A0280F2848D1A32B560A939F7336",
  "PInvoke.WtsApi32.dll": "341C94455D2E5893DBE4293D4D67AA4D",
  "Reloaded.Assembler.dll": "46162CCD9F6294091A53B7954DFF2864",
  "Reloaded.Hooks.Definitions.dll": "7BDC049BA21B3FE4890D6A6AAD4E942F",
  "Reloaded.Hooks.dll": "98C8B08B7D4810FB0F1F31CE467EBD2F",
  "Reloaded.Memory.Buffers.dll": "CEC723CD78DEF4ADF9216017DEDA525E",
  "Reloaded.Memory.dll": "C59BBAD97A24B1FEBE23DDCC1403BA9A",
  "revision.txt": "76C538125FC5C9EC6AD1D05650A57DE5",
  "SDL2-CS.config": "65557595FD5DF55D93B2BF881DE62C3A",
  "SDL2-CS.dll": "4125F33DDA2D1EAF0263020BB5D6E710",
  "Serilog.dll": "1DE929FC7BADF0EF853461A2AA12E360",
  "Serilog.Sinks.Async.dll": "419040EAB56D8BAD836A5968C01FA04C",
  "Serilog.Sinks.Console.dll": "FE5EC32549D9D2266F5B37949F37751F",
  "Serilog.Sinks.File.dll": "F522169573EBA2B9D4D7957F091107B6",
  "SharpDX.Direct3D11.dll": "DA74F53758FD65F6CEC748DF5A18C7B7",
  "SharpDX.dll": "DCC3463C3F4EC4E8893483722A9960DA",
  "SharpDX.DXGI.dll": "5161ADD3AE45F9A303A4F401BCBB7483",
  "SharpDX.Mathematics.dll": "403E6A2548DE59A4394FC86651DF8572",
  "Silk.NET.Core.dll": "478EE2ABC67CF5E8DFB205B1A878935A",
  "Silk.NET.GLFW.dll": "A8AF70EEA4C9718BA4F1B2B2A6AC2A96",
  "Silk.NET.Maths.dll": "1A36FCB29884AB350C7C321372AF4F89",
  "Silk.NET.OpenGL.dll": "AF1344BA1A51476CD7485DE86CDEADED",
  "Silk.NET.SDL.dll": "BDF94B4B0FB7594BD19595E3A707926F",
  "Silk.NET.Windowing.Common.dll": "EC1EE5F5B4D8685F291FE19473674E5D",
  "Silk.NET.Windowing.Glfw.dll": "9E02A82DF7BB9CE43269463C410F4F9A",
  "Silk.NET.Windowing.Sdl.dll": "16E4CA8C5998D67191F6F56BCFC9637B",
  "StbiSharp.dll": "82BC2A0CD5373F0CCBDF168F80BBEA53",
  "System.Reactive.dll": "EF5A00287AD15393D41B12AA4B726FF7",
  "System.Reflection.MetadataLoadContext.dll": "7EC41D41F4E1246757BA3E2EC862D562",
  "System.Security.Cryptography.Pkcs.dll": "8950E01996A37E808BE3F39063C37BF9",
  "TEMP_gitver.txt": "30DAFE5C1992656B8D26BE2580D11052",
  "Validation.dll": "695693885727C1BAB156C4CFA1CF9B4B"
}
