{
  "runtimes\\linux-x64\\native\\libglfw.so.3": "9E3137144F68B9E9793F4C7AD5B1BEA7",
  "runtimes\\linux-x64\\native\\libSDL2-2.0.so": "99B95A708381FC66AB2370E45A260527",
  "runtimes\\linux-x64\\native\\libstbi.so": "0945355ED59677D06E3E88F48101BB26",
  "runtimes\\osx-x64\\native\\libglfw.3.dylib": "1E30FAB2F0C40E82290AD4B0BF14A880",
  "runtimes\\osx-x64\\native\\libSDL2-2.0.dylib": "AAC958490586C67395F0A90903AE3747",
  "runtimes\\osx-x64\\native\\libstbi.dylib": "0B84B0A6A80178266018081C3CAB68E6",
  "runtimes\\win-x64\\native\\cimgui.dll": "F46E7CB3769E8080CB1AA49726AC4264",
  "runtimes\\win-x64\\native\\cimguizmo.dll": "E49F0DB0A90789E4674E721A58CDDA4A",
  "runtimes\\win-x64\\native\\cimplot.dll": "2F3898AB3FD067A9DE8AC975FA6E6D29",
  "runtimes\\win-x64\\native\\glfw3.dll": "E504DA366DC725B6C6A8B5D6E755BA11",
  "runtimes\\win-x64\\native\\minhook.x64d.dll": "990CA31428831276197DD11877555E0F",
  "runtimes\\win-x64\\native\\SDL2.dll": "BAE173FE7DE129BD6F84DA1306BAB802",
  "runtimes\\win-x64\\native\\stbi.dll": "77B7FBF6998F2C7C46770B4F325EFF73",
  "runtimes\\win-x64\\native\\stbi.lib": "927C214DE576219E1F80DBE7798A0502",
  "runtimes\\win-x86\\native\\glfw3.dll": "88E4354E08EF873378C18EC45E8B51D2",
  "runtimes\\win-x86\\native\\SDL2.dll": "A0231158FC215A010A9D1DD228D5859D",
  "targets\\Dalamud.Plugin.Bootstrap.targets": "72C91AC1B4F7C83711BB4C5834FE49A8",
  "targets\\Dalamud.Plugin.targets": "CE55DF182FBC948D33DB41454A31EEF9",
  "CheapLoc.dll": "9894824BBCCED6876662ACD8628308B6",
  "Costura.dll": "8EB9F8C2DDEBF56711C032FE162E65B7",
  "Dalamud.Boot.dll": "8606A452741494D92AA1BCF8DC4795B6",
  "Dalamud.deps.json": "32AEA597F0C5D451AE7CDDD74432372D",
  "Dalamud.dll": "FB42B435899CF94DFA4D6B55B6078292",
  "Dalamud.Injector.deps.json": "D10EED2039C0151239F5EA4FE3A65A7B",
  "Dalamud.Injector.dll": "4C5B1AE61A0964DAB54699711A601759",
  "Dalamud.Injector.exe": "36E8087AAD16E05BFD80B928D85DA0A1",
  "Dalamud.Injector.runtimeconfig.json": "AAAFA957BB3B382321D67ACC2D792553",
  "Dalamud.Injector.xml": "CC06A545B271F56E0781ECC82BDEF67F",
  "Dalamud.Interface.dll": "B84E839460551DAACD6F1472A4279CB9",
  "Dalamud.runtimeconfig.json": "454E2BA21742B08CF0A9827950A92B0F",
  "Dalamud.xml": "8AFABAC092D9D46746EC40A0968B0CD2",
  "DalamudCrashHandler.exe": "85609F32AF28ACE97B07BB2D12A321BF",
  "FASM-LICENSE.TXT": "ECEA1D10811221D5F0A3E96F9C38E2C7",
  "FASM.DLL": "A789B2C9F2025058C77B6D7F8247C62F",
  "FASMX64.DLL": "761F93165E1F5A0FE8823C396E074966",
  "FFXIVClientStructs.dll": "90828186E03BD9A1D74D7C8610C012D6",
  "FFXIVClientStructs.xml": "BA4F4EE1FE3A86FD25F585B2E2EAB745",
  "goaaats.Reloaded.Assembler.targets": "CC22CB0A353E2136EE9E6E96DB9F7164",
  "Iced.dll": "D1343EC4E3E34BE925B6558471C2974D",
  "ImGui.NET.dll": "6B74281874416D07C107ED5ACDA5047B",
  "ImGuiScene.dll": "D738FF1D1A43EC467535A19DB75A1512",
  "JetBrains.Annotations.dll": "906C4C92C1B742FD818C03A2CA15D246",
  "licenses.txt": "A159BE62AA91178EFC3E3983AE874D1D",
  "Lumina.dll": "7F1436C6AACF67F8477AA06C483E91FB",
  "Lumina.Excel.dll": "9A0467E6398B887541AB2F3B6D393CF3",
  "Microsoft.Bcl.HashCode.dll": "613AB56061ADF2284E047025207467E0",
  "Microsoft.DotNet.PlatformAbstractions.dll": "00AB0F02B1114C57C758F5AD595224F1",
  "Microsoft.Extensions.DependencyModel.dll": "F39BC76C10CFEA478C936FC4521A9FC9",
  "MinSharp.dll": "C91D2DD761177DCAF3DB0F473F50953B",
  "Mono.Cecil.dll": "4FA6B52EB4F2E5A5482729EE0A5B2F22",
  "Mono.Cecil.Mdb.dll": "8C3012520934AE219B23F5E3F6CA7760",
  "Mono.Cecil.Pdb.dll": "25F1D1B05F895BFA02CAAF957245D31D",
  "Mono.Cecil.Rocks.dll": "894DEBE658B4554F491E8E806075F325",
  "MonoMod.Backports.dll": "E273BEAEB44777A08702491469460701",
  "MonoMod.Core.dll": "5DE52739D5784D6C2C4511D9D65FD4DA",
  "MonoMod.Iced.dll": "2571B3F5D4226ACB495A107C6EC3B8F8",
  "MonoMod.ILHelpers.dll": "8F7EF1674ABE901FA21DBC47F41E1EC5",
  "MonoMod.RuntimeDetour.dll": "6426E16B759E0D8BE94DC32AFD295580",
  "MonoMod.Utils.dll": "783A6CBCB3EF2620939793DA979FABA4",
  "nethost.dll": "012081214FE71F0F6ADCD9F4A71B2B00",
  "Newtonsoft.Json.dll": "86A83A63F12B55FD3718CFBFB577D7DC",
  "PeNet.Asn1.dll": "E130572F1E7CD8256D506DAC565ABA41",
  "PeNet.dll": "E5B79364172482098D102AA33A79D972",
  "PInvoke.AdvApi32.dll": "34EE461D05B403C3A15D0DEC32A3788C",
  "PInvoke.BCrypt.dll": "FD07758EE1440491F22923084109FF26",
  "PInvoke.Cabinet.dll": "333D950E3804735DA60CC41D614C63E2",
  "PInvoke.CfgMgr32.dll": "768BE7CC18EDCF78B296A72ABE891691",
  "PInvoke.Crypt32.dll": "E7B00B0851738F4A7F2C6D37DAA973B4",
  "PInvoke.DbgHelp.dll": "E701136169620D20E3A70B560DE20E44",
  "PInvoke.DwmApi.dll": "ACF223CC8962404056648815B486F7D9",
  "PInvoke.Gdi32.dll": "69FF434826F98582CE44D3136ECFFACB",
  "PInvoke.Hid.dll": "2E7A41257F8AD9B26073181F450CD8E5",
  "PInvoke.ImageHlp.dll": "79BE816E8D86EA66489D7780DD675D49",
  "PInvoke.IPHlpApi.dll": "E949FA3326D1BA8872B179AB4EE49D38",
  "PInvoke.Kernel32.dll": "234E15B122ED430DE99490CA1A204958",
  "PInvoke.Magnification.dll": "C9EA3D34F506741ECC044DB19C151F09",
  "PInvoke.Msi.dll": "69EE50CE2DA6B55755E52589F49A7EBC",
  "PInvoke.NCrypt.dll": "DA1DE76C14D99370CA3BEF19DC299B15",
  "PInvoke.NetApi32.dll": "AE79F9FA2E3864A5E0642AE4622ECDC5",
  "PInvoke.NewDev.dll": "B3E1992105D986EF9C5C8E4B630FBB07",
  "PInvoke.NTDll.dll": "3F6BDF840EB27DD0FD9EB8071822183A",
  "PInvoke.Ole32.dll": "3C49FB100B60519FFE725BCD12A538F6",
  "PInvoke.Psapi.dll": "A7683EE4B880227F01C8AE632A892B9E",
  "PInvoke.SetupApi.dll": "1B7AE321185D0081D1759A9AD829F9BA",
  "PInvoke.SHCore.dll": "F27E7F063D51480F6D2294C903E4A606",
  "PInvoke.Shell32.dll": "F71A1BCAF6478190691170DAEA77722F",
  "PInvoke.User32.dll": "8BEDE38311ED4F27127290B81B8079FD",
  "PInvoke.Userenv.dll": "FEB7BCA90B8C905EC2F4BB0789847131",
  "PInvoke.UxTheme.dll": "8E683C016250CB719FDB9AAAFC22B3C5",
  "PInvoke.Windows.Core.dll": "90015440A44935208FFEA9BF61740651",
  "PInvoke.Windows.ShellScalingApi.dll": "F351B34B8C9183A51CADFDC279357C49",
  "PInvoke.WinUsb.dll": "9EB8A0280F2848D1A32B560A939F7336",
  "PInvoke.WtsApi32.dll": "341C94455D2E5893DBE4293D4D67AA4D",
  "Reloaded.Assembler.dll": "0677482B42BBF6DCA085A621F69FEC2F",
  "Reloaded.Hooks.Definitions.dll": "E91B44BF4B6DF82003C1276FAD383957",
  "Reloaded.Hooks.dll": "5D547969DE6EDD104839F3AAC04736D5",
  "Reloaded.Memory.Buffers.dll": "CCB979357BA20862AB41CCEC3B327E26",
  "Reloaded.Memory.dll": "9B1C35917A528DD9AF18216AD421B913",
  "revision.txt": "D5FF135377D39F1DE7372C95C74DD962",
  "SDL2-CS.config": "65557595FD5DF55D93B2BF881DE62C3A",
  "SDL2-CS.dll": "065238449C64E2EBEBE9D1AC9070CD9D",
  "Serilog.dll": "2EB3E31F0F28EA5FA2D612A82093EEC2",
  "Serilog.Sinks.Async.dll": "EFB397743396457E77608A8B9B2E9116",
  "Serilog.Sinks.Console.dll": "8C336FC3D0F9F0D956E48ED4E8A252A5",
  "Serilog.Sinks.File.dll": "6DCE434AFBBC0128327EB76ECCB69005",
  "SharpDX.Direct3D11.dll": "BB6F715CFF31AE89BA883BE78DC0F9FF",
  "SharpDX.dll": "A46CFDCEDFC956340D4389F455EA5B8C",
  "SharpDX.DXGI.dll": "12C37984A934A3575F7034A89DB50AF5",
  "SharpDX.Mathematics.dll": "763A032DE405C44B91DFA35AADFCBD1F",
  "Silk.NET.Core.dll": "CEC2FE9A624EADC7D46DE43BCFB6733D",
  "Silk.NET.GLFW.dll": "9265037284B74E4AD051ECC7CFEFF0A1",
  "Silk.NET.Maths.dll": "1FF6A7934FEECA574DDA367F40B872FB",
  "Silk.NET.OpenGL.dll": "27EB0938072ACD69A54BB6E7DE0F8774",
  "Silk.NET.SDL.dll": "7B0C157EE9E1B8D65AD920DABDC8FB1D",
  "Silk.NET.Windowing.Common.dll": "2ABC69C66A18DE0A292F7ACA622E2658",
  "Silk.NET.Windowing.Glfw.dll": "A3E9779C7035E75EEC2354D4330EEEE2",
  "Silk.NET.Windowing.Sdl.dll": "7116D86BEFE9CB6A874CF5AEC8D7E70B",
  "StbiSharp.dll": "F475640C9D85AF19BF12C9FC6AECDB8A",
  "System.Reactive.dll": "EF5A00287AD15393D41B12AA4B726FF7",
  "System.Reflection.MetadataLoadContext.dll": "7EC41D41F4E1246757BA3E2EC862D562",
  "System.Security.Cryptography.Pkcs.dll": "8950E01996A37E808BE3F39063C37BF9",
  "TEMP_gitver.txt": "BD5CD8AF2923D0282B0D2A3612EE3533",
  "Validation.dll": "84813A6DAB14F95E08F2E26743F263DF"
}
