{
  "runtimes\\linux-x64\\native\\libglfw.so.3": "9E3137144F68B9E9793F4C7AD5B1BEA7",
  "runtimes\\linux-x64\\native\\libSDL2-2.0.so": "99B95A708381FC66AB2370E45A260527",
  "runtimes\\linux-x64\\native\\libstbi.so": "0945355ED59677D06E3E88F48101BB26",
  "runtimes\\osx-x64\\native\\libglfw.3.dylib": "1E30FAB2F0C40E82290AD4B0BF14A880",
  "runtimes\\osx-x64\\native\\libSDL2-2.0.dylib": "AAC958490586C67395F0A90903AE3747",
  "runtimes\\osx-x64\\native\\libstbi.dylib": "0B84B0A6A80178266018081C3CAB68E6",
  "runtimes\\win-x64\\native\\cimgui.dll": "90A1AC3A6232C2ABD4EBAC319BD46DAB",
  "runtimes\\win-x64\\native\\cimguizmo.dll": "3569D57D2D5AB9750B2B6E125537C31A",
  "runtimes\\win-x64\\native\\cimplot.dll": "23EF5F30D2FEBB374A00CEC50A5CE1D8",
  "runtimes\\win-x64\\native\\glfw3.dll": "36E7C891DE67D1935FC30500CFE3CCDA",
  "runtimes\\win-x64\\native\\minhook.x64d.dll": "E33C3145175E5D69FA04A9C571B520D3",
  "runtimes\\win-x64\\native\\SDL2.dll": "6917DCA06D90A73A96ACB0AEC8EF29E2",
  "runtimes\\win-x64\\native\\stbi.dll": "8A476AADFF2D1A9B2F6E5B99720A8915",
  "runtimes\\win-x64\\native\\stbi.lib": "927C214DE576219E1F80DBE7798A0502",
  "runtimes\\win-x86\\native\\glfw3.dll": "2206DDFCB5ECEDDD3BDA49049C7AC0E5",
  "runtimes\\win-x86\\native\\SDL2.dll": "571EAEBCC50103C80A26BD434F6D0DD1",
  "targets\\Dalamud.Plugin.Bootstrap.targets": "72C91AC1B4F7C83711BB4C5834FE49A8",
  "targets\\Dalamud.Plugin.targets": "D3DE10F1F04F22619FDD1005FD3DCFEF",
  "CheapLoc.dll": "CB731551563F42546190DE8F21AB6C6D",
  "Costura.dll": "F329EF8201C57C929E7D8AA6FD088809",
  "Dalamud.Boot.dll": "F976214CE19DBCC8C85B3FE374C5F021",
  "Dalamud.deps.json": "DDB22E0738D8FA598772708A6F9B131F",
  "Dalamud.dll": "437DA7652654100F8A44DB6371E186A9",
  "Dalamud.Injector.deps.json": "D10EED2039C0151239F5EA4FE3A65A7B",
  "Dalamud.Injector.dll": "DA46290AFADDE3DF0B89E5D048B481DC",
  "Dalamud.Injector.exe": "E3AC0B348F37A7A628A437F35457BF5D",
  "Dalamud.Injector.runtimeconfig.json": "AAAFA957BB3B382321D67ACC2D792553",
  "Dalamud.Injector.xml": "CC06A545B271F56E0781ECC82BDEF67F",
  "Dalamud.runtimeconfig.json": "454E2BA21742B08CF0A9827950A92B0F",
  "Dalamud.xml": "0BA9A93175E4ECA755D18E227CDBA3B8",
  "DalamudCrashHandler.exe": "1093AF73DE721008D2565139A0EDF6A2",
  "FASM-LICENSE.TXT": "ECEA1D10811221D5F0A3E96F9C38E2C7",
  "FASM.DLL": "413770828808638109F32BFE67CA470B",
  "FASMX64.DLL": "2B3B2F190D2053C505566AE30B9DF1CB",
  "FFXIVClientStructs.dll": "4875CFE7AA5300192A9B0DB64EDF1DAA",
  "FFXIVClientStructs.xml": "B457B29B810C40B9AD58A4A10AF9ABD5",
  "goaaats.Reloaded.Assembler.targets": "CC22CB0A353E2136EE9E6E96DB9F7164",
  "Iced.dll": "2DD59954DB173BAFEA718A4987B4D6CF",
  "ImGui.NET.dll": "C5C2AE8BA052A19354C9670BC305BD9F",
  "ImGuiScene.dll": "4E4C869D21DE4D2CECC57BCA9A21DCA5",
  "JetBrains.Annotations.dll": "F34560AAA7E91DC0C3DA4562F90C3CC1",
  "licenses.txt": "A159BE62AA91178EFC3E3983AE874D1D",
  "Lumina.dll": "10412E18D8FBA7B8ADC33F45BA6FE87F",
  "Lumina.Excel.dll": "B8DE68E594B94F29CC84F0C25495D4E7",
  "Microsoft.Bcl.HashCode.dll": "613AB56061ADF2284E047025207467E0",
  "Microsoft.DotNet.PlatformAbstractions.dll": "00AB0F02B1114C57C758F5AD595224F1",
  "Microsoft.Extensions.DependencyModel.dll": "F39BC76C10CFEA478C936FC4521A9FC9",
  "MinSharp.dll": "E8A6673F2732B8200C75E1CE3DB67459",
  "Mono.Cecil.dll": "F8F3B402814407D2FD0EC647BB1BF593",
  "Mono.Cecil.Mdb.dll": "4D31228F0E968936E0755EAF4C38C558",
  "Mono.Cecil.Pdb.dll": "F62520FC5A901B6014B2744A3DE7608E",
  "Mono.Cecil.Rocks.dll": "40BB82E7C68C0ED76F2DFD04F9A66614",
  "MonoMod.Backports.dll": "16F473E61B4E208DFA48D37EC051E8BD",
  "MonoMod.Core.dll": "C484AC69E0868DF911BC39A4E3D51B5F",
  "MonoMod.Iced.dll": "74A35B63960A0D26B1ABFD390A1E0F43",
  "MonoMod.ILHelpers.dll": "EBD8178A79B74BFC528D68B543B3E761",
  "MonoMod.RuntimeDetour.dll": "3CC51D8167860D2E56BF77475CDE5EA9",
  "MonoMod.Utils.dll": "477D2CD768E580804F40AE29D8770551",
  "nethost.dll": "012081214FE71F0F6ADCD9F4A71B2B00",
  "Newtonsoft.Json.dll": "86A83A63F12B55FD3718CFBFB577D7DC",
  "PeNet.Asn1.dll": "3A8E6544C0221213DDC625F7B2E83042",
  "PeNet.dll": "DF70661A78EA9312F269A16C82E4E1FE",
  "PInvoke.AdvApi32.dll": "34EE461D05B403C3A15D0DEC32A3788C",
  "PInvoke.BCrypt.dll": "FD07758EE1440491F22923084109FF26",
  "PInvoke.Cabinet.dll": "333D950E3804735DA60CC41D614C63E2",
  "PInvoke.CfgMgr32.dll": "768BE7CC18EDCF78B296A72ABE891691",
  "PInvoke.Crypt32.dll": "E7B00B0851738F4A7F2C6D37DAA973B4",
  "PInvoke.DbgHelp.dll": "E701136169620D20E3A70B560DE20E44",
  "PInvoke.DwmApi.dll": "ACF223CC8962404056648815B486F7D9",
  "PInvoke.Gdi32.dll": "69FF434826F98582CE44D3136ECFFACB",
  "PInvoke.Hid.dll": "2E7A41257F8AD9B26073181F450CD8E5",
  "PInvoke.ImageHlp.dll": "79BE816E8D86EA66489D7780DD675D49",
  "PInvoke.IPHlpApi.dll": "E949FA3326D1BA8872B179AB4EE49D38",
  "PInvoke.Kernel32.dll": "234E15B122ED430DE99490CA1A204958",
  "PInvoke.Magnification.dll": "C9EA3D34F506741ECC044DB19C151F09",
  "PInvoke.Msi.dll": "69EE50CE2DA6B55755E52589F49A7EBC",
  "PInvoke.NCrypt.dll": "DA1DE76C14D99370CA3BEF19DC299B15",
  "PInvoke.NetApi32.dll": "AE79F9FA2E3864A5E0642AE4622ECDC5",
  "PInvoke.NewDev.dll": "B3E1992105D986EF9C5C8E4B630FBB07",
  "PInvoke.NTDll.dll": "3F6BDF840EB27DD0FD9EB8071822183A",
  "PInvoke.Ole32.dll": "3C49FB100B60519FFE725BCD12A538F6",
  "PInvoke.Psapi.dll": "A7683EE4B880227F01C8AE632A892B9E",
  "PInvoke.SetupApi.dll": "1B7AE321185D0081D1759A9AD829F9BA",
  "PInvoke.SHCore.dll": "F27E7F063D51480F6D2294C903E4A606",
  "PInvoke.Shell32.dll": "F71A1BCAF6478190691170DAEA77722F",
  "PInvoke.User32.dll": "8BEDE38311ED4F27127290B81B8079FD",
  "PInvoke.Userenv.dll": "FEB7BCA90B8C905EC2F4BB0789847131",
  "PInvoke.UxTheme.dll": "8E683C016250CB719FDB9AAAFC22B3C5",
  "PInvoke.Windows.Core.dll": "90015440A44935208FFEA9BF61740651",
  "PInvoke.Windows.ShellScalingApi.dll": "F351B34B8C9183A51CADFDC279357C49",
  "PInvoke.WinUsb.dll": "9EB8A0280F2848D1A32B560A939F7336",
  "PInvoke.WtsApi32.dll": "341C94455D2E5893DBE4293D4D67AA4D",
  "Reloaded.Assembler.dll": "F907DAC2F7CC435064EDD5E341A3BF58",
  "Reloaded.Hooks.Definitions.dll": "040B662625D02C9FE34E36F7DFA6DB67",
  "Reloaded.Hooks.dll": "972DAA5F87365D159B8BC53314CADF1E",
  "Reloaded.Memory.Buffers.dll": "F015A3A07BCCB40C2C7700693FA4BC56",
  "Reloaded.Memory.dll": "D8BFE69AE6232C942CC526A495CD4E38",
  "revision.txt": "92FDE850D824C2BA9B563CB6FA4078C3",
  "SDL2-CS.config": "65557595FD5DF55D93B2BF881DE62C3A",
  "SDL2-CS.dll": "75C336CE9555D56082AF5E4A825A7ACE",
  "Serilog.dll": "2C3CE0CBA3DD6B06D0127BE0998FA38C",
  "Serilog.Sinks.Async.dll": "B1C25B62880CC57E6B3B7FCDFDC51820",
  "Serilog.Sinks.Console.dll": "8F3B109F88E1F84DF912A5BB06E0F656",
  "Serilog.Sinks.File.dll": "D8604FA648F179EAED91C2EF06A2267A",
  "SharpDX.Direct3D11.dll": "A6ED591BF25733DF3F9F7544BB6F38BF",
  "SharpDX.dll": "3A5B28F5E93CE7BD4B97024644EDB83F",
  "SharpDX.DXGI.dll": "53242C1FCFFDE3C686F5EB39464B3620",
  "SharpDX.Mathematics.dll": "F62EC5EAA8C8D41171E7266904471C32",
  "Silk.NET.Core.dll": "1FE7D553414DC7A57E382074A7C36B78",
  "Silk.NET.GLFW.dll": "6665F4D320989229F9999A6763B9DD9F",
  "Silk.NET.Maths.dll": "945B3A5C405D5E756FE6EA805D9EE3ED",
  "Silk.NET.OpenGL.dll": "92D900643EF3265B7D088330282AB59F",
  "Silk.NET.SDL.dll": "CC4BB256BF83ACE7694263AD8CDDA7CF",
  "Silk.NET.Windowing.Common.dll": "969E7161F1E3CF0A495479241581CD49",
  "Silk.NET.Windowing.Glfw.dll": "6EA9DED455E28477C828EFA7520231C0",
  "Silk.NET.Windowing.Sdl.dll": "0D79FBFD7323318155F53711C268B17B",
  "StbiSharp.dll": "55F1F22F928715F1C55E4425061CF933",
  "System.Reactive.dll": "EF5A00287AD15393D41B12AA4B726FF7",
  "System.Reflection.MetadataLoadContext.dll": "7EC41D41F4E1246757BA3E2EC862D562",
  "System.Security.Cryptography.Pkcs.dll": "8950E01996A37E808BE3F39063C37BF9",
  "TEMP_gitver.txt": "1AED443E64336F27B36F5095D0760E41",
  "Validation.dll": "8793231F76801CC1DC2A8B9F3B2D5E6E"
}
