{
  "runtimes\\linux-x64\\native\\libglfw.so.3": "9E3137144F68B9E9793F4C7AD5B1BEA7",
  "runtimes\\linux-x64\\native\\libSDL2-2.0.so": "99B95A708381FC66AB2370E45A260527",
  "runtimes\\linux-x64\\native\\libstbi.so": "0945355ED59677D06E3E88F48101BB26",
  "runtimes\\osx-x64\\native\\libglfw.3.dylib": "1E30FAB2F0C40E82290AD4B0BF14A880",
  "runtimes\\osx-x64\\native\\libSDL2-2.0.dylib": "AAC958490586C67395F0A90903AE3747",
  "runtimes\\osx-x64\\native\\libstbi.dylib": "0B84B0A6A80178266018081C3CAB68E6",
  "runtimes\\win-x64\\native\\cimgui.dll": "2F7F64C4529A366636E74930D252A3CF",
  "runtimes\\win-x64\\native\\cimguizmo.dll": "9B900EAACCEAEBA2B97E4A58674C2AE9",
  "runtimes\\win-x64\\native\\cimplot.dll": "42873770D6F4BC000A0EBCABC2D9A0D4",
  "runtimes\\win-x64\\native\\glfw3.dll": "EFF23B158526C6F0871629112CF0A84F",
  "runtimes\\win-x64\\native\\minhook.x64d.dll": "EA54BDF1D171BE90724FCF77BA6D14F5",
  "runtimes\\win-x64\\native\\SDL2.dll": "E44E147179347E161406992B43B3D7C9",
  "runtimes\\win-x64\\native\\stbi.dll": "6ED07A4E44556FAD3A3308FD408130C6",
  "runtimes\\win-x64\\native\\stbi.lib": "927C214DE576219E1F80DBE7798A0502",
  "runtimes\\win-x86\\native\\glfw3.dll": "CEA7ACA9A833C4322299DFD33063A11F",
  "runtimes\\win-x86\\native\\SDL2.dll": "B1A5D1ED85229EF6989EA22EF3E593A9",
  "targets\\Dalamud.Plugin.Bootstrap.targets": "C85635161398CD9852CF7212DB7EB904",
  "targets\\Dalamud.Plugin.targets": "D3DE10F1F04F22619FDD1005FD3DCFEF",
  "CheapLoc.dll": "BDFC10EE184B921A1666DE1895F3F991",
  "Costura.dll": "32BCD103560F17A68D4A07F16E549942",
  "Dalamud.Boot.dll": "701FA63F6D4BE0D2FCEB7534A47DFD32",
  "Dalamud.deps.json": "FCC14F93C9850DC28BD5337EB2CB727A",
  "Dalamud.dll": "A5F26D550984ADFB62EA2637CA9373CF",
  "Dalamud.Injector.deps.json": "D10EED2039C0151239F5EA4FE3A65A7B",
  "Dalamud.Injector.dll": "2D26DEEC3231E8941EED92C93E51C3DE",
  "Dalamud.Injector.exe": "401C9F1D3CE28D4A0FBACCFA33B0AB12",
  "Dalamud.Injector.runtimeconfig.json": "AAAFA957BB3B382321D67ACC2D792553",
  "Dalamud.Injector.xml": "CC06A545B271F56E0781ECC82BDEF67F",
  "Dalamud.runtimeconfig.json": "454E2BA21742B08CF0A9827950A92B0F",
  "Dalamud.xml": "002A9A132CF5720E345FA2285A62FCF2",
  "DalamudCrashHandler.exe": "E4AD202D91E68AF413774D73FDFE8ABA",
  "FASM-LICENSE.TXT": "ECEA1D10811221D5F0A3E96F9C38E2C7",
  "FASM.DLL": "63570173DE968C484B754A8DF87337DC",
  "FASMX64.DLL": "C92B08EC706C9607B42AC798BC00C14E",
  "FFXIVClientStructs.dll": "5B5B99BF782309661F4602CE7B060902",
  "FFXIVClientStructs.xml": "6A42F0907862C62173BB7E9BBE777FCA",
  "goaaats.Reloaded.Assembler.targets": "CC22CB0A353E2136EE9E6E96DB9F7164",
  "Iced.dll": "2B44F5F1E200EB91A08B22CAF2C97B68",
  "ImGui.NET.dll": "9344E693268CF3C7102E56E1069F7A79",
  "ImGuiScene.dll": "8F3973F6673A1368E6CD0D19B882560C",
  "JetBrains.Annotations.dll": "E8D2D4472281160CC4B4A203278B9445",
  "licenses.txt": "A159BE62AA91178EFC3E3983AE874D1D",
  "Lumina.dll": "4940DA004CCCFBAAAE34EF3D5C68FF94",
  "Lumina.Excel.dll": "9C807ABC679F2D938369D7394A6F9A41",
  "Microsoft.Bcl.HashCode.dll": "613AB56061ADF2284E047025207467E0",
  "Microsoft.DotNet.PlatformAbstractions.dll": "00AB0F02B1114C57C758F5AD595224F1",
  "Microsoft.Extensions.DependencyModel.dll": "F39BC76C10CFEA478C936FC4521A9FC9",
  "MinSharp.dll": "9C79ADFE57C7707B46DD546094940472",
  "Mono.Cecil.dll": "0D69DF51A6ED2E63431BB0F271777E11",
  "Mono.Cecil.Mdb.dll": "4E3D6618D506AC30CE9DA68FFF459D27",
  "Mono.Cecil.Pdb.dll": "6A0C9AB019646751AF3AAE34E18D7719",
  "Mono.Cecil.Rocks.dll": "7360C212C1B99F106CD6FA1059A3734E",
  "MonoMod.Backports.dll": "13DB9166C72B39DB0EBCBB3506B7C92C",
  "MonoMod.Core.dll": "2D2EE854B10E3EB9DB0C8B690A123123",
  "MonoMod.Iced.dll": "CBB4688A122111456217B3C6B50C40E3",
  "MonoMod.ILHelpers.dll": "DAB596D9380F8011023F14A573E93D6A",
  "MonoMod.RuntimeDetour.dll": "A532756EC10AA6F57FCB0F1161BE2610",
  "MonoMod.Utils.dll": "3B88F0C4C89F7B0A323D2C24BDB408A3",
  "nethost.dll": "012081214FE71F0F6ADCD9F4A71B2B00",
  "Newtonsoft.Json.dll": "86A83A63F12B55FD3718CFBFB577D7DC",
  "PeNet.Asn1.dll": "3822B0FFF2456D814038B10041C48987",
  "PeNet.dll": "CEE5DED41B39314C1CAA8784E58E0415",
  "PInvoke.AdvApi32.dll": "34EE461D05B403C3A15D0DEC32A3788C",
  "PInvoke.BCrypt.dll": "FD07758EE1440491F22923084109FF26",
  "PInvoke.Cabinet.dll": "333D950E3804735DA60CC41D614C63E2",
  "PInvoke.CfgMgr32.dll": "768BE7CC18EDCF78B296A72ABE891691",
  "PInvoke.Crypt32.dll": "E7B00B0851738F4A7F2C6D37DAA973B4",
  "PInvoke.DbgHelp.dll": "E701136169620D20E3A70B560DE20E44",
  "PInvoke.DwmApi.dll": "ACF223CC8962404056648815B486F7D9",
  "PInvoke.Gdi32.dll": "69FF434826F98582CE44D3136ECFFACB",
  "PInvoke.Hid.dll": "2E7A41257F8AD9B26073181F450CD8E5",
  "PInvoke.ImageHlp.dll": "79BE816E8D86EA66489D7780DD675D49",
  "PInvoke.IPHlpApi.dll": "E949FA3326D1BA8872B179AB4EE49D38",
  "PInvoke.Kernel32.dll": "234E15B122ED430DE99490CA1A204958",
  "PInvoke.Magnification.dll": "C9EA3D34F506741ECC044DB19C151F09",
  "PInvoke.Msi.dll": "69EE50CE2DA6B55755E52589F49A7EBC",
  "PInvoke.NCrypt.dll": "DA1DE76C14D99370CA3BEF19DC299B15",
  "PInvoke.NetApi32.dll": "AE79F9FA2E3864A5E0642AE4622ECDC5",
  "PInvoke.NewDev.dll": "B3E1992105D986EF9C5C8E4B630FBB07",
  "PInvoke.NTDll.dll": "3F6BDF840EB27DD0FD9EB8071822183A",
  "PInvoke.Ole32.dll": "3C49FB100B60519FFE725BCD12A538F6",
  "PInvoke.Psapi.dll": "A7683EE4B880227F01C8AE632A892B9E",
  "PInvoke.SetupApi.dll": "1B7AE321185D0081D1759A9AD829F9BA",
  "PInvoke.SHCore.dll": "F27E7F063D51480F6D2294C903E4A606",
  "PInvoke.Shell32.dll": "F71A1BCAF6478190691170DAEA77722F",
  "PInvoke.User32.dll": "8BEDE38311ED4F27127290B81B8079FD",
  "PInvoke.Userenv.dll": "FEB7BCA90B8C905EC2F4BB0789847131",
  "PInvoke.UxTheme.dll": "8E683C016250CB719FDB9AAAFC22B3C5",
  "PInvoke.Windows.Core.dll": "90015440A44935208FFEA9BF61740651",
  "PInvoke.Windows.ShellScalingApi.dll": "F351B34B8C9183A51CADFDC279357C49",
  "PInvoke.WinUsb.dll": "9EB8A0280F2848D1A32B560A939F7336",
  "PInvoke.WtsApi32.dll": "341C94455D2E5893DBE4293D4D67AA4D",
  "Reloaded.Assembler.dll": "1B2450CE603584B6482AF90B48C0690D",
  "Reloaded.Hooks.Definitions.dll": "D8D1FE02BEC8D5281CF4D711800C2304",
  "Reloaded.Hooks.dll": "4375B8A13FBB890906F46A37A9C76355",
  "Reloaded.Memory.Buffers.dll": "350BB7E42599447B9C69366AD460035D",
  "Reloaded.Memory.dll": "6DE90E0B3876033417B08D60F7F1D08B",
  "revision.txt": "A732804C8566FC8F498947EA59A841F8",
  "SDL2-CS.config": "65557595FD5DF55D93B2BF881DE62C3A",
  "SDL2-CS.dll": "A6EAF2D4CF5FAE398E058CEEA1B8F459",
  "Serilog.dll": "2207E244F91F213B7481CC78A5A4E79D",
  "Serilog.Sinks.Async.dll": "2897857B85B046F2C6242AEBFE705BA1",
  "Serilog.Sinks.Console.dll": "CAF9B73132B9EB2796D19D7EDD9D021D",
  "Serilog.Sinks.File.dll": "78F6EA766DEACF25F72A490634046B57",
  "SharpDX.Direct3D11.dll": "17A6BBAB80FE5DFE85B9012EFE617476",
  "SharpDX.dll": "02F3284F3B6B3814071F181192EFA843",
  "SharpDX.DXGI.dll": "170FA6797042788A454EE73E15E1EEF7",
  "SharpDX.Mathematics.dll": "2005A3BE777D5AA645A9D384953EED23",
  "Silk.NET.Core.dll": "FE49AF85C5517A34DEE237AA8754DE96",
  "Silk.NET.GLFW.dll": "2A2A2F2335D23F0887A0D69E62A54430",
  "Silk.NET.Maths.dll": "C18F649598153924F28C4CDCF969610F",
  "Silk.NET.OpenGL.dll": "B14C99FA06723EF14D1DFF1E0555B99D",
  "Silk.NET.SDL.dll": "A7888FD0D8CA03F569C345D6A174D2FB",
  "Silk.NET.Windowing.Common.dll": "AF91C78A8B88CB621CDCE780A61F0826",
  "Silk.NET.Windowing.Glfw.dll": "4C2DD0A1AFE729892C20666126909525",
  "Silk.NET.Windowing.Sdl.dll": "4D8FA6257D6D8922B0949C7522ECEDDF",
  "StbiSharp.dll": "BC8F28C3B2EBED4A5CEF70A3CFEFEF16",
  "System.Reactive.dll": "EF5A00287AD15393D41B12AA4B726FF7",
  "System.Reflection.MetadataLoadContext.dll": "7EC41D41F4E1246757BA3E2EC862D562",
  "System.Security.Cryptography.Pkcs.dll": "8950E01996A37E808BE3F39063C37BF9",
  "TEMP_gitver.txt": "147CEEF555323254FE0D64B5540F579D",
  "Validation.dll": "F059B5DD5CC0B3C526766509A09CF1BD"
}
