{
  "runtimes\\linux-x64\\native\\libglfw.so.3": "9E3137144F68B9E9793F4C7AD5B1BEA7",
  "runtimes\\linux-x64\\native\\libSDL2-2.0.so": "99B95A708381FC66AB2370E45A260527",
  "runtimes\\linux-x64\\native\\libstbi.so": "0945355ED59677D06E3E88F48101BB26",
  "runtimes\\osx-x64\\native\\libglfw.3.dylib": "1E30FAB2F0C40E82290AD4B0BF14A880",
  "runtimes\\osx-x64\\native\\libSDL2-2.0.dylib": "AAC958490586C67395F0A90903AE3747",
  "runtimes\\osx-x64\\native\\libstbi.dylib": "0B84B0A6A80178266018081C3CAB68E6",
  "runtimes\\win-x64\\native\\cimgui.dll": "1085BC1588E9577F2DAB8C9BB76547E1",
  "runtimes\\win-x64\\native\\cimguizmo.dll": "51435038F02315DDB31D267F709E4924",
  "runtimes\\win-x64\\native\\cimplot.dll": "4D2B228C315AFE3DD7D0FBCFEF6ED46C",
  "runtimes\\win-x64\\native\\glfw3.dll": "11F900E4C5DF88E0454CCFF0B551821E",
  "runtimes\\win-x64\\native\\minhook.x64d.dll": "2BADDC57109A251F4FCD7E65771D63B3",
  "runtimes\\win-x64\\native\\SDL2.dll": "D1E683B5794227FF86D40967993342F4",
  "runtimes\\win-x64\\native\\stbi.dll": "7BFA848BF20D62CA083BD5AFF858BBA1",
  "runtimes\\win-x64\\native\\stbi.lib": "927C214DE576219E1F80DBE7798A0502",
  "runtimes\\win-x86\\native\\glfw3.dll": "B483021C0235C728A5A254F689194151",
  "runtimes\\win-x86\\native\\SDL2.dll": "1355E4FC0183EA6321A8EC523230D2EB",
  "targets\\Dalamud.Plugin.Bootstrap.targets": "C85635161398CD9852CF7212DB7EB904",
  "targets\\Dalamud.Plugin.targets": "D3DE10F1F04F22619FDD1005FD3DCFEF",
  "CheapLoc.dll": "EB63A9582ED41D933815F09550DBA942",
  "Costura.dll": "58FB0FC82F9E30578BEF496700C62962",
  "Dalamud.Boot.dll": "F8034EEFBF72275D6A1D6E2EB72BC750",
  "Dalamud.deps.json": "FCC14F93C9850DC28BD5337EB2CB727A",
  "Dalamud.dll": "1F2A2FCE7E1F16B7BAD681588923A13D",
  "Dalamud.Injector.deps.json": "D10EED2039C0151239F5EA4FE3A65A7B",
  "Dalamud.Injector.dll": "61406AC0DA4877AF342432AF6765C541",
  "Dalamud.Injector.exe": "D4D57543DE1D715C2A1E7A884C9B44C9",
  "Dalamud.Injector.runtimeconfig.json": "AAAFA957BB3B382321D67ACC2D792553",
  "Dalamud.Injector.xml": "CC06A545B271F56E0781ECC82BDEF67F",
  "Dalamud.runtimeconfig.json": "454E2BA21742B08CF0A9827950A92B0F",
  "Dalamud.xml": "0859E749ACFB57BF0001154BF92C157D",
  "DalamudCrashHandler.exe": "A517B6864B78A324977F59C28FC4EC69",
  "FASM-LICENSE.TXT": "ECEA1D10811221D5F0A3E96F9C38E2C7",
  "FASM.DLL": "F91468083C1E54B414C7E50DC0E8A9AD",
  "FASMX64.DLL": "A85698EE2156CC7F88DE8E0CE57D17DE",
  "FFXIVClientStructs.dll": "AD3BC7F77F1275B36FF8D07802FBBE08",
  "FFXIVClientStructs.xml": "6A42F0907862C62173BB7E9BBE777FCA",
  "goaaats.Reloaded.Assembler.targets": "CC22CB0A353E2136EE9E6E96DB9F7164",
  "Iced.dll": "D67061FEAAEBD251D3EDD256744FE379",
  "ImGui.NET.dll": "67BCAC72DB2C4F58CF60A534FDE55758",
  "ImGuiScene.dll": "3A73E8AC626472CE014E86898E2E3D0F",
  "JetBrains.Annotations.dll": "4FDF2263C9BA8E82D9AB22ED68282AD4",
  "licenses.txt": "A159BE62AA91178EFC3E3983AE874D1D",
  "Lumina.dll": "E8F675B1775F24BC4A5FE8DFDF3A69C9",
  "Lumina.Excel.dll": "FA0327B19800D917A35A356D61E13742",
  "Microsoft.Bcl.HashCode.dll": "613AB56061ADF2284E047025207467E0",
  "Microsoft.DotNet.PlatformAbstractions.dll": "00AB0F02B1114C57C758F5AD595224F1",
  "Microsoft.Extensions.DependencyModel.dll": "F39BC76C10CFEA478C936FC4521A9FC9",
  "MinSharp.dll": "AF17AB70A457E542E425D9DA868504AC",
  "Mono.Cecil.dll": "8A573B3E2A7785E5139B6625078E6D90",
  "Mono.Cecil.Mdb.dll": "8CDBFAFBFAA346FF561113DC5207A74E",
  "Mono.Cecil.Pdb.dll": "65F41577F47488D6AE1EBD6D7C3B8208",
  "Mono.Cecil.Rocks.dll": "40B956EAEDA37BEB5AD44DD7DE2A5F9D",
  "MonoMod.Backports.dll": "4F0A2CC6E0EDCD1D786EAF53DBEB161F",
  "MonoMod.Core.dll": "2B5921BC861B1308FDC35880B87B9BBE",
  "MonoMod.Iced.dll": "0B257120AE843C1E44ACD985592615AA",
  "MonoMod.ILHelpers.dll": "C18A17A2F8CE9D5DF9E7B631909FD5D1",
  "MonoMod.RuntimeDetour.dll": "84846EB0406F1798BAE867229E1709EB",
  "MonoMod.Utils.dll": "5A4DC74A289C954C1682957208F0CDE5",
  "nethost.dll": "012081214FE71F0F6ADCD9F4A71B2B00",
  "Newtonsoft.Json.dll": "86A83A63F12B55FD3718CFBFB577D7DC",
  "PeNet.Asn1.dll": "9AB25715C6524FF71006CAD15E0E39CF",
  "PeNet.dll": "0740DBC5BC910F28EAEC5F8CB47D53D5",
  "PInvoke.AdvApi32.dll": "34EE461D05B403C3A15D0DEC32A3788C",
  "PInvoke.BCrypt.dll": "FD07758EE1440491F22923084109FF26",
  "PInvoke.Cabinet.dll": "333D950E3804735DA60CC41D614C63E2",
  "PInvoke.CfgMgr32.dll": "768BE7CC18EDCF78B296A72ABE891691",
  "PInvoke.Crypt32.dll": "E7B00B0851738F4A7F2C6D37DAA973B4",
  "PInvoke.DbgHelp.dll": "E701136169620D20E3A70B560DE20E44",
  "PInvoke.DwmApi.dll": "ACF223CC8962404056648815B486F7D9",
  "PInvoke.Gdi32.dll": "69FF434826F98582CE44D3136ECFFACB",
  "PInvoke.Hid.dll": "2E7A41257F8AD9B26073181F450CD8E5",
  "PInvoke.ImageHlp.dll": "79BE816E8D86EA66489D7780DD675D49",
  "PInvoke.IPHlpApi.dll": "E949FA3326D1BA8872B179AB4EE49D38",
  "PInvoke.Kernel32.dll": "234E15B122ED430DE99490CA1A204958",
  "PInvoke.Magnification.dll": "C9EA3D34F506741ECC044DB19C151F09",
  "PInvoke.Msi.dll": "69EE50CE2DA6B55755E52589F49A7EBC",
  "PInvoke.NCrypt.dll": "DA1DE76C14D99370CA3BEF19DC299B15",
  "PInvoke.NetApi32.dll": "AE79F9FA2E3864A5E0642AE4622ECDC5",
  "PInvoke.NewDev.dll": "B3E1992105D986EF9C5C8E4B630FBB07",
  "PInvoke.NTDll.dll": "3F6BDF840EB27DD0FD9EB8071822183A",
  "PInvoke.Ole32.dll": "3C49FB100B60519FFE725BCD12A538F6",
  "PInvoke.Psapi.dll": "A7683EE4B880227F01C8AE632A892B9E",
  "PInvoke.SetupApi.dll": "1B7AE321185D0081D1759A9AD829F9BA",
  "PInvoke.SHCore.dll": "F27E7F063D51480F6D2294C903E4A606",
  "PInvoke.Shell32.dll": "F71A1BCAF6478190691170DAEA77722F",
  "PInvoke.User32.dll": "8BEDE38311ED4F27127290B81B8079FD",
  "PInvoke.Userenv.dll": "FEB7BCA90B8C905EC2F4BB0789847131",
  "PInvoke.UxTheme.dll": "8E683C016250CB719FDB9AAAFC22B3C5",
  "PInvoke.Windows.Core.dll": "90015440A44935208FFEA9BF61740651",
  "PInvoke.Windows.ShellScalingApi.dll": "F351B34B8C9183A51CADFDC279357C49",
  "PInvoke.WinUsb.dll": "9EB8A0280F2848D1A32B560A939F7336",
  "PInvoke.WtsApi32.dll": "341C94455D2E5893DBE4293D4D67AA4D",
  "Reloaded.Assembler.dll": "1F503EE7ADD20902E13A59F74E9C8ED9",
  "Reloaded.Hooks.Definitions.dll": "234DEA14DADA57E477A3A023F71CB18D",
  "Reloaded.Hooks.dll": "09FBFA80B293AE88BCCD8EE7523F5EAF",
  "Reloaded.Memory.Buffers.dll": "E260F493E0BCADB08BFC539A6DFD12F7",
  "Reloaded.Memory.dll": "26F0DCDAA14FF7974696096BFECAC4EC",
  "revision.txt": "63CB524A9F51B7858733E1108BF556FA",
  "SDL2-CS.config": "65557595FD5DF55D93B2BF881DE62C3A",
  "SDL2-CS.dll": "F9074979B117993AECB339EC599152E5",
  "Serilog.dll": "E33A35469A6B4A4AF57C91EBC42CB1DF",
  "Serilog.Sinks.Async.dll": "ACEF268E10968935CEB45FC9AC28C3BF",
  "Serilog.Sinks.Console.dll": "F625945FF588FFA488FD61390C6FEA19",
  "Serilog.Sinks.File.dll": "266F0818A0E69107B733F9942634DC4D",
  "SharpDX.Direct3D11.dll": "B917A7325B3D955F071E0EED7847BCB4",
  "SharpDX.dll": "BF491E870F229DDFC48A323007352069",
  "SharpDX.DXGI.dll": "7EE917AF4327A6EAC4108B1D0DBBF638",
  "SharpDX.Mathematics.dll": "B67D95621A74B93B5A2889A3BECE7341",
  "Silk.NET.Core.dll": "1E73E4F55FD1F8D80E213AF447EED820",
  "Silk.NET.GLFW.dll": "6E458300199013B30C9FD7385B1FA760",
  "Silk.NET.Maths.dll": "8F23F530FF7C91EBC774E903A16FEAEE",
  "Silk.NET.OpenGL.dll": "33AF6FD66774ADBA8B49DEE58C1ED7B6",
  "Silk.NET.SDL.dll": "C4E74BCC4A9991ED1D344E586D6B4F34",
  "Silk.NET.Windowing.Common.dll": "05EEA3C97F120BB98A30B029A315E287",
  "Silk.NET.Windowing.Glfw.dll": "B4C4BC4ED630674BD7F006FEDB9DBA98",
  "Silk.NET.Windowing.Sdl.dll": "0209857EC0B41108412AD5A84F32D449",
  "StbiSharp.dll": "ADB9E415DF35066BDD3BB04E66C8FA3F",
  "System.Reactive.dll": "EF5A00287AD15393D41B12AA4B726FF7",
  "System.Reflection.MetadataLoadContext.dll": "7EC41D41F4E1246757BA3E2EC862D562",
  "System.Security.Cryptography.Pkcs.dll": "8950E01996A37E808BE3F39063C37BF9",
  "TEMP_gitver.txt": "04BB4A2A12D03E3D456C20B02049870A",
  "Validation.dll": "DC34D5B9AFC0C373F210B4B4DD9006B9"
}
