{
  "runtimes\\linux-x64\\native\\libglfw.so.3": "9E3137144F68B9E9793F4C7AD5B1BEA7",
  "runtimes\\linux-x64\\native\\libSDL2-2.0.so": "99B95A708381FC66AB2370E45A260527",
  "runtimes\\linux-x64\\native\\libstbi.so": "0945355ED59677D06E3E88F48101BB26",
  "runtimes\\osx-x64\\native\\libglfw.3.dylib": "1E30FAB2F0C40E82290AD4B0BF14A880",
  "runtimes\\osx-x64\\native\\libSDL2-2.0.dylib": "AAC958490586C67395F0A90903AE3747",
  "runtimes\\osx-x64\\native\\libstbi.dylib": "0B84B0A6A80178266018081C3CAB68E6",
  "runtimes\\win-x64\\native\\cimgui.dll": "9D449FC836E76F5B3857048A5466E914",
  "runtimes\\win-x64\\native\\cimguizmo.dll": "41FE4A2CD7F597319E6D37ED85BC9CBB",
  "runtimes\\win-x64\\native\\cimplot.dll": "9719F76604A271BCEFC06FADD379758D",
  "runtimes\\win-x64\\native\\glfw3.dll": "F7ABC698C6CE376C6E6919ED35A2CDDA",
  "runtimes\\win-x64\\native\\minhook.x64d.dll": "2370E8100C877243FB7802611CD79F5A",
  "runtimes\\win-x64\\native\\SDL2.dll": "6337F7D98DDE65DC8471ACA2FE61578F",
  "runtimes\\win-x64\\native\\stbi.dll": "55F2D8414B3E1877658A597E2133B9B6",
  "runtimes\\win-x64\\native\\stbi.lib": "927C214DE576219E1F80DBE7798A0502",
  "runtimes\\win-x86\\native\\glfw3.dll": "7FDF5F1D62A7B0318EAF9DA6B5636EC2",
  "runtimes\\win-x86\\native\\SDL2.dll": "2ED1999065B20DD321DF0A6A44A1D6B0",
  "targets\\Dalamud.Plugin.Bootstrap.targets": "72C91AC1B4F7C83711BB4C5834FE49A8",
  "targets\\Dalamud.Plugin.targets": "D3DE10F1F04F22619FDD1005FD3DCFEF",
  "CheapLoc.dll": "B24F428B5C540180FEAF7F55BF4473A5",
  "Costura.dll": "75B21BE4EDC57EEF8BF2C989454A3F5C",
  "Dalamud.Boot.dll": "8CF9A23E14D79D9F4E766E8885FC4427",
  "Dalamud.deps.json": "DDB22E0738D8FA598772708A6F9B131F",
  "Dalamud.dll": "7B13D83016933960DBEC17F217877B71",
  "Dalamud.Injector.deps.json": "D10EED2039C0151239F5EA4FE3A65A7B",
  "Dalamud.Injector.dll": "3F807A8B2005F3D33156E777B890CAE4",
  "Dalamud.Injector.exe": "2795FF6CCD85D65607E1F83E2904B1CF",
  "Dalamud.Injector.runtimeconfig.json": "AAAFA957BB3B382321D67ACC2D792553",
  "Dalamud.Injector.xml": "CC06A545B271F56E0781ECC82BDEF67F",
  "Dalamud.runtimeconfig.json": "454E2BA21742B08CF0A9827950A92B0F",
  "Dalamud.xml": "777215A9A0652DE7A5C4C06AB37A84A8",
  "DalamudCrashHandler.exe": "ADB5BBADFC87219622DDA9C9BACBE5E4",
  "FASM-LICENSE.TXT": "ECEA1D10811221D5F0A3E96F9C38E2C7",
  "FASM.DLL": "D4F0F22CE606D18FEA54906B11A62973",
  "FASMX64.DLL": "16246546D3F490C1E43A524D16D7F7CD",
  "FFXIVClientStructs.dll": "6BDA4833BA8F7DA671943704FC6318EB",
  "FFXIVClientStructs.xml": "1E81062A8DE4667D1F3E043E2D8F18F0",
  "goaaats.Reloaded.Assembler.targets": "CC22CB0A353E2136EE9E6E96DB9F7164",
  "Iced.dll": "0414EEE5021095725D74F27BCF42C155",
  "ImGui.NET.dll": "EE415CE35E004FFD6245B39FFCF8BA0C",
  "ImGuiScene.dll": "1EFFEECEA5D25D8A736F0A7CBA716609",
  "JetBrains.Annotations.dll": "3A06A4BD0CF402449DE0EA1BA4665135",
  "licenses.txt": "A159BE62AA91178EFC3E3983AE874D1D",
  "Lumina.dll": "2CE71C251A18B2DBC8CF15A977A1E00B",
  "Lumina.Excel.dll": "519636D5BA6FE05DCD14F6A616F1F183",
  "Microsoft.Bcl.HashCode.dll": "613AB56061ADF2284E047025207467E0",
  "Microsoft.DotNet.PlatformAbstractions.dll": "00AB0F02B1114C57C758F5AD595224F1",
  "Microsoft.Extensions.DependencyModel.dll": "F39BC76C10CFEA478C936FC4521A9FC9",
  "MinSharp.dll": "7E1EA331D8613F2EC90476017EFA017E",
  "Mono.Cecil.dll": "11CA2E4D7E13C69C89D8C6236EB69E0F",
  "Mono.Cecil.Mdb.dll": "50516DB14AF1CE47193B1A430A0833E4",
  "Mono.Cecil.Pdb.dll": "4262BFC1D5A4A0A45609790DC023E5A1",
  "Mono.Cecil.Rocks.dll": "9E5BE3C0191173D81D8E85FDCCD3E0BA",
  "MonoMod.Backports.dll": "26978F79F95A70CEF44CF6E81BBF3E7D",
  "MonoMod.Core.dll": "2EB9B517CB4C8A82BAB01CDD001F5F6B",
  "MonoMod.Iced.dll": "D3346BE2723A86D55232F7EDA1AEF464",
  "MonoMod.ILHelpers.dll": "B50D84E91E02D52787B72884B095CC5D",
  "MonoMod.RuntimeDetour.dll": "EA992204E5F868BF960192321EE21B78",
  "MonoMod.Utils.dll": "503D1C26A390ED68A4EE4659CC7EB55E",
  "nethost.dll": "012081214FE71F0F6ADCD9F4A71B2B00",
  "Newtonsoft.Json.dll": "86A83A63F12B55FD3718CFBFB577D7DC",
  "PeNet.Asn1.dll": "696C62BAAA35D70D5CBA7CD8ADC54BF5",
  "PeNet.dll": "127F990C9F6C3716DDA38CA6C195557C",
  "PInvoke.AdvApi32.dll": "34EE461D05B403C3A15D0DEC32A3788C",
  "PInvoke.BCrypt.dll": "FD07758EE1440491F22923084109FF26",
  "PInvoke.Cabinet.dll": "333D950E3804735DA60CC41D614C63E2",
  "PInvoke.CfgMgr32.dll": "768BE7CC18EDCF78B296A72ABE891691",
  "PInvoke.Crypt32.dll": "E7B00B0851738F4A7F2C6D37DAA973B4",
  "PInvoke.DbgHelp.dll": "E701136169620D20E3A70B560DE20E44",
  "PInvoke.DwmApi.dll": "ACF223CC8962404056648815B486F7D9",
  "PInvoke.Gdi32.dll": "69FF434826F98582CE44D3136ECFFACB",
  "PInvoke.Hid.dll": "2E7A41257F8AD9B26073181F450CD8E5",
  "PInvoke.ImageHlp.dll": "79BE816E8D86EA66489D7780DD675D49",
  "PInvoke.IPHlpApi.dll": "E949FA3326D1BA8872B179AB4EE49D38",
  "PInvoke.Kernel32.dll": "234E15B122ED430DE99490CA1A204958",
  "PInvoke.Magnification.dll": "C9EA3D34F506741ECC044DB19C151F09",
  "PInvoke.Msi.dll": "69EE50CE2DA6B55755E52589F49A7EBC",
  "PInvoke.NCrypt.dll": "DA1DE76C14D99370CA3BEF19DC299B15",
  "PInvoke.NetApi32.dll": "AE79F9FA2E3864A5E0642AE4622ECDC5",
  "PInvoke.NewDev.dll": "B3E1992105D986EF9C5C8E4B630FBB07",
  "PInvoke.NTDll.dll": "3F6BDF840EB27DD0FD9EB8071822183A",
  "PInvoke.Ole32.dll": "3C49FB100B60519FFE725BCD12A538F6",
  "PInvoke.Psapi.dll": "A7683EE4B880227F01C8AE632A892B9E",
  "PInvoke.SetupApi.dll": "1B7AE321185D0081D1759A9AD829F9BA",
  "PInvoke.SHCore.dll": "F27E7F063D51480F6D2294C903E4A606",
  "PInvoke.Shell32.dll": "F71A1BCAF6478190691170DAEA77722F",
  "PInvoke.User32.dll": "8BEDE38311ED4F27127290B81B8079FD",
  "PInvoke.Userenv.dll": "FEB7BCA90B8C905EC2F4BB0789847131",
  "PInvoke.UxTheme.dll": "8E683C016250CB719FDB9AAAFC22B3C5",
  "PInvoke.Windows.Core.dll": "90015440A44935208FFEA9BF61740651",
  "PInvoke.Windows.ShellScalingApi.dll": "F351B34B8C9183A51CADFDC279357C49",
  "PInvoke.WinUsb.dll": "9EB8A0280F2848D1A32B560A939F7336",
  "PInvoke.WtsApi32.dll": "341C94455D2E5893DBE4293D4D67AA4D",
  "Reloaded.Assembler.dll": "86D4835BF705BFA4C6FABC57345BF75E",
  "Reloaded.Hooks.Definitions.dll": "B18E4D8D2C2B3141D1DC4283BA0D0FD7",
  "Reloaded.Hooks.dll": "54D3271A2D51379E0C176421A9BB8383",
  "Reloaded.Memory.Buffers.dll": "B431AA34DFF72ADE1CA29B6A499EF2A3",
  "Reloaded.Memory.dll": "97BE02AE9F3A624C507AD8B7BAD9CDC1",
  "revision.txt": "EC0F40C389AEEF789CE03EB814FACC6C",
  "SDL2-CS.config": "65557595FD5DF55D93B2BF881DE62C3A",
  "SDL2-CS.dll": "5179A54A29F763BBB916678AA87D23CF",
  "Serilog.dll": "E95E87E16DA6177C1A20EC4726FA8937",
  "Serilog.Sinks.Async.dll": "D00DE13EA54CCF24452A42CA225E42D0",
  "Serilog.Sinks.Console.dll": "D5A510A80D1EEEC5CEC5A0CB400A1197",
  "Serilog.Sinks.File.dll": "93D6C5248D94552A2002C74AABAA87F7",
  "SharpDX.Direct3D11.dll": "A5EC92D2896014CBCE5DDCCD592CE36B",
  "SharpDX.dll": "A84BEDF128E90AEDC32FBFE0B8F8CA19",
  "SharpDX.DXGI.dll": "C52C3720FF6DEF5D98CCFE8DBE50F671",
  "SharpDX.Mathematics.dll": "CC9283EF0996C28486C0760904EDCD03",
  "Silk.NET.Core.dll": "6B667E6FB222236CB8502E95051C5EEE",
  "Silk.NET.GLFW.dll": "AAF6151B1AEC80A0DC0CD6CC36DE32ED",
  "Silk.NET.Maths.dll": "B9CAADDB4EE64D4F0105642FF33FD2A4",
  "Silk.NET.OpenGL.dll": "2C9E5991C553F53C2B7C5D2E6BEC5CE6",
  "Silk.NET.SDL.dll": "460098E2B7E0AAB25F3B2F88A8B3321D",
  "Silk.NET.Windowing.Common.dll": "EFA0C5F630014223F84FC09DB8221F94",
  "Silk.NET.Windowing.Glfw.dll": "3DE31B1DA0C32F6FF414CB86FFC94166",
  "Silk.NET.Windowing.Sdl.dll": "00854A3B246FF56F9A8B67D4558B67BD",
  "StbiSharp.dll": "9D2FF542FFA78C08009D593380893104",
  "System.Reactive.dll": "EF5A00287AD15393D41B12AA4B726FF7",
  "System.Reflection.MetadataLoadContext.dll": "7EC41D41F4E1246757BA3E2EC862D562",
  "System.Security.Cryptography.Pkcs.dll": "8950E01996A37E808BE3F39063C37BF9",
  "TEMP_gitver.txt": "7BF18218ACA3B676F36CFBC51E36CCB8",
  "Validation.dll": "C5120F886F664A1DD9D82E47EBEDFA5E"
}
