{
  "runtimes\\alpine-x64\\native\\libe_sqlite3.so": "39C244FEDBCD3DFC37041D4FCE1AE21D",
  "runtimes\\linux-arm\\native\\libe_sqlite3.so": "96CF54BC0EFB83D6E3F5F3E04997A59D",
  "runtimes\\linux-arm64\\native\\libe_sqlite3.so": "F079E55E7F3F9966A4A2052A3234E068",
  "runtimes\\linux-armel\\native\\libe_sqlite3.so": "C5A67D49434FC65D64E9C15778078C76",
  "runtimes\\linux-mips64\\native\\libe_sqlite3.so": "5F8461214089CFC677D46C19B7162161",
  "runtimes\\linux-musl-x64\\native\\libe_sqlite3.so": "39C244FEDBCD3DFC37041D4FCE1AE21D",
  "runtimes\\linux-x64\\native\\libe_sqlite3.so": "6F49C540D3AB9964D67A4A704C3D262D",
  "runtimes\\linux-x64\\native\\libglfw.so.3": "9E3137144F68B9E9793F4C7AD5B1BEA7",
  "runtimes\\linux-x64\\native\\libSDL2-2.0.so": "99B95A708381FC66AB2370E45A260527",
  "runtimes\\linux-x64\\native\\libstbi.so": "0945355ED59677D06E3E88F48101BB26",
  "runtimes\\linux-x86\\native\\libe_sqlite3.so": "5E0659B414CBD6DDC38C65582485853E",
  "runtimes\\osx-x64\\native\\libe_sqlite3.dylib": "F82AE134FCD1C080A69D775591406673",
  "runtimes\\osx-x64\\native\\libglfw.3.dylib": "1E30FAB2F0C40E82290AD4B0BF14A880",
  "runtimes\\osx-x64\\native\\libSDL2-2.0.dylib": "AAC958490586C67395F0A90903AE3747",
  "runtimes\\osx-x64\\native\\libstbi.dylib": "0B84B0A6A80178266018081C3CAB68E6",
  "runtimes\\win-arm\\native\\e_sqlite3.dll": "FE0C0E5F31C2C71EC4F1799A96DAF0B7",
  "runtimes\\win-arm64\\native\\e_sqlite3.dll": "FA36537D8E45BB64AE6DA95714FA195D",
  "runtimes\\win-x64\\native\\cimgui.dll": "FC3A6F2ECEE038442D0D2191F198041B",
  "runtimes\\win-x64\\native\\cimguizmo.dll": "658226583FA20C42C209D28F4DFCF73A",
  "runtimes\\win-x64\\native\\cimplot.dll": "D053465A866CBEE8694E55F5E2CE919A",
  "runtimes\\win-x64\\native\\e_sqlite3.dll": "408E5A41DF9E95265F15490A50081702",
  "runtimes\\win-x64\\native\\glfw3.dll": "C2A2C91FA4396875F682A22EC3B70E4E",
  "runtimes\\win-x64\\native\\minhook.x64d.dll": "FEBAEF6B49E6CDC08507737455EDCC1B",
  "runtimes\\win-x64\\native\\SDL2.dll": "93A54562FD6913462E1F92BE8E07DF0A",
  "runtimes\\win-x64\\native\\stbi.dll": "CC4D9DDE87094B428D91B7C0CF9F1B65",
  "runtimes\\win-x64\\native\\stbi.lib": "927C214DE576219E1F80DBE7798A0502",
  "runtimes\\win-x86\\native\\e_sqlite3.dll": "11686185A1DEFFF99203F6E5E13DB4F7",
  "runtimes\\win-x86\\native\\glfw3.dll": "C61F2DBF8A6C1069CBD22844FE39F852",
  "runtimes\\win-x86\\native\\SDL2.dll": "81B4E46591932FC275664E69809924F3",
  "targets\\Dalamud.Plugin.Bootstrap.targets": "C85635161398CD9852CF7212DB7EB904",
  "targets\\Dalamud.Plugin.targets": "D3DE10F1F04F22619FDD1005FD3DCFEF",
  "CheapLoc.dll": "64855DDFA0DCA90C7E7E4DF0DE86359E",
  "Costura.dll": "94CC9EBE910656FB1FB33D5CC86DEF0C",
  "Dalamud.Boot.dll": "3A4B9C46701DA1700E94BBF8E231A621",
  "Dalamud.deps.json": "D9D023C2BDAF60C79B310FF66C529FA6",
  "Dalamud.dll": "3917AFBC1E24005C07A215F17EF99328",
  "Dalamud.Injector.deps.json": "D10EED2039C0151239F5EA4FE3A65A7B",
  "Dalamud.Injector.dll": "1BAE42FE0A2D4066EAF469DDA97B6E4B",
  "Dalamud.Injector.exe": "7B5BDC593ADC66400C727E5E159FB93A",
  "Dalamud.Injector.runtimeconfig.json": "AAAFA957BB3B382321D67ACC2D792553",
  "Dalamud.Injector.xml": "CC06A545B271F56E0781ECC82BDEF67F",
  "Dalamud.runtimeconfig.json": "454E2BA21742B08CF0A9827950A92B0F",
  "Dalamud.xml": "E566FD94A555C5F296FFF7E5FD7C4D36",
  "DalamudCrashHandler.exe": "528B650C2320258A46EC915BF775895A",
  "FASM-LICENSE.TXT": "ECEA1D10811221D5F0A3E96F9C38E2C7",
  "FASM.DLL": "5EA10E5B7CAD0383BA3E30696C048A54",
  "FASMX64.DLL": "4717A73DD364AC742EBCDA6E3E237789",
  "FFXIVClientStructs.dll": "0CBE3E12D48ED822BB1AE90F30F88822",
  "FFXIVClientStructs.xml": "6A42F0907862C62173BB7E9BBE777FCA",
  "goaaats.Reloaded.Assembler.targets": "CC22CB0A353E2136EE9E6E96DB9F7164",
  "Iced.dll": "257C71B31A4416D2E3C9AEAA61EE2F3B",
  "ImGui.NET.dll": "58A33CFDB6369DC5DE87F576A63D4544",
  "ImGuiScene.dll": "F83A0D59A03B5D328C4C023B92A41237",
  "JetBrains.Annotations.dll": "846FDAFEAC4F6DE1F060BE7EC2DACE44",
  "licenses.txt": "A159BE62AA91178EFC3E3983AE874D1D",
  "Lumina.dll": "7B300D222BA4E19D4A4A68919D9974BA",
  "Lumina.Excel.dll": "B0FD9C50982AC916949735AC06F4FD4F",
  "Microsoft.Bcl.HashCode.dll": "613AB56061ADF2284E047025207467E0",
  "Microsoft.DotNet.PlatformAbstractions.dll": "00AB0F02B1114C57C758F5AD595224F1",
  "Microsoft.Extensions.DependencyModel.dll": "F39BC76C10CFEA478C936FC4521A9FC9",
  "MinSharp.dll": "8A52EDC5EBC7A7BE7A0C03FDF3CCCF9F",
  "Mono.Cecil.dll": "88CF8B794F583396ADBE852F3C8E5E6F",
  "Mono.Cecil.Mdb.dll": "5B4FC2C4A91EA965AC2E85F43C7A0E56",
  "Mono.Cecil.Pdb.dll": "086ED3CAB6AFE1D21567428686E9F908",
  "Mono.Cecil.Rocks.dll": "305DEBDC60BF11658ECB5271B700FCD5",
  "MonoMod.Backports.dll": "2DC281D099C71CE8240AAE5F120EDC6A",
  "MonoMod.Core.dll": "33D94DB665E826DACD41835AB37125AE",
  "MonoMod.Iced.dll": "4CCBBC64AEDD8ECD19793974ECCF66FD",
  "MonoMod.ILHelpers.dll": "A4E525B1A4FDA1F94A7F7FBEA46F1095",
  "MonoMod.RuntimeDetour.dll": "3279715C754485BFD520D51181A8939E",
  "MonoMod.Utils.dll": "F51C33EF11C0FF7C7C75FB15C80DC4C9",
  "nethost.dll": "012081214FE71F0F6ADCD9F4A71B2B00",
  "Newtonsoft.Json.dll": "86A83A63F12B55FD3718CFBFB577D7DC",
  "PeNet.Asn1.dll": "8CCFA2F2562CA4A758D9A29BDE30E42E",
  "PeNet.dll": "F0CFE77074B392A38B946A6E2304A18C",
  "PInvoke.AdvApi32.dll": "34EE461D05B403C3A15D0DEC32A3788C",
  "PInvoke.BCrypt.dll": "FD07758EE1440491F22923084109FF26",
  "PInvoke.Cabinet.dll": "333D950E3804735DA60CC41D614C63E2",
  "PInvoke.CfgMgr32.dll": "768BE7CC18EDCF78B296A72ABE891691",
  "PInvoke.Crypt32.dll": "E7B00B0851738F4A7F2C6D37DAA973B4",
  "PInvoke.DbgHelp.dll": "E701136169620D20E3A70B560DE20E44",
  "PInvoke.DwmApi.dll": "ACF223CC8962404056648815B486F7D9",
  "PInvoke.Gdi32.dll": "69FF434826F98582CE44D3136ECFFACB",
  "PInvoke.Hid.dll": "2E7A41257F8AD9B26073181F450CD8E5",
  "PInvoke.ImageHlp.dll": "79BE816E8D86EA66489D7780DD675D49",
  "PInvoke.IPHlpApi.dll": "E949FA3326D1BA8872B179AB4EE49D38",
  "PInvoke.Kernel32.dll": "234E15B122ED430DE99490CA1A204958",
  "PInvoke.Magnification.dll": "C9EA3D34F506741ECC044DB19C151F09",
  "PInvoke.Msi.dll": "69EE50CE2DA6B55755E52589F49A7EBC",
  "PInvoke.NCrypt.dll": "DA1DE76C14D99370CA3BEF19DC299B15",
  "PInvoke.NetApi32.dll": "AE79F9FA2E3864A5E0642AE4622ECDC5",
  "PInvoke.NewDev.dll": "B3E1992105D986EF9C5C8E4B630FBB07",
  "PInvoke.NTDll.dll": "3F6BDF840EB27DD0FD9EB8071822183A",
  "PInvoke.Ole32.dll": "3C49FB100B60519FFE725BCD12A538F6",
  "PInvoke.Psapi.dll": "A7683EE4B880227F01C8AE632A892B9E",
  "PInvoke.SetupApi.dll": "1B7AE321185D0081D1759A9AD829F9BA",
  "PInvoke.SHCore.dll": "F27E7F063D51480F6D2294C903E4A606",
  "PInvoke.Shell32.dll": "F71A1BCAF6478190691170DAEA77722F",
  "PInvoke.User32.dll": "8BEDE38311ED4F27127290B81B8079FD",
  "PInvoke.Userenv.dll": "FEB7BCA90B8C905EC2F4BB0789847131",
  "PInvoke.UxTheme.dll": "8E683C016250CB719FDB9AAAFC22B3C5",
  "PInvoke.Windows.Core.dll": "90015440A44935208FFEA9BF61740651",
  "PInvoke.Windows.ShellScalingApi.dll": "F351B34B8C9183A51CADFDC279357C49",
  "PInvoke.WinUsb.dll": "9EB8A0280F2848D1A32B560A939F7336",
  "PInvoke.WtsApi32.dll": "341C94455D2E5893DBE4293D4D67AA4D",
  "Reloaded.Assembler.dll": "2ABA750E62EA433DA4062D8304AD9A73",
  "Reloaded.Hooks.Definitions.dll": "397CE3869078592FACFDE887FA310F9E",
  "Reloaded.Hooks.dll": "B3F02D7EC1FE58702744FC3A220F990F",
  "Reloaded.Memory.Buffers.dll": "66F6C957778910A3A81A66776C08031A",
  "Reloaded.Memory.dll": "DDBED431FE2A5C364275C4A62CBE3C97",
  "revision.txt": "11D867796D85DB8CAD5280AC44CEC7C1",
  "SDL2-CS.config": "65557595FD5DF55D93B2BF881DE62C3A",
  "SDL2-CS.dll": "C5258FCFA13FE924821634F6B985E8DA",
  "Serilog.dll": "EE04A0BA0C5014D0ECC090B0E4272504",
  "Serilog.Sinks.Async.dll": "B3C9BA803F0E687FB5B3AEDB766DBFCA",
  "Serilog.Sinks.Console.dll": "914B4902A5BB17460FAFAF8D24D695DF",
  "Serilog.Sinks.File.dll": "8BA68223E347AA5E4C6F8655D7EB5C8C",
  "SharpDX.Direct3D11.dll": "6BAE777FB5D4D2859D98270E38DADCE6",
  "SharpDX.dll": "13A99867F3D644B7A2DF70ABBF48D39C",
  "SharpDX.DXGI.dll": "8C25FE487BB788DFE4B5D1BB7FACB66B",
  "SharpDX.Mathematics.dll": "5AEA4C1563BD159A67DA85740695E8F4",
  "Silk.NET.Core.dll": "ED94C40F0C90E24410B435F582C5827B",
  "Silk.NET.GLFW.dll": "67B0C2DE442E8F731629D12C649C431E",
  "Silk.NET.Maths.dll": "C4501469B22C90906A669D3661709BAB",
  "Silk.NET.OpenGL.dll": "FF4A76F81C8EFE380AEE6227D1F87617",
  "Silk.NET.SDL.dll": "80736E22B75B242C3890063E4D5768E5",
  "Silk.NET.Windowing.Common.dll": "53F65D0250DF3D2C973C3A3707AD6833",
  "Silk.NET.Windowing.Glfw.dll": "619A5522EB65332CC8FFCC53503F0777",
  "Silk.NET.Windowing.Sdl.dll": "BEE0D58DC04840461B2FD11DA7517405",
  "SQLite-net.dll": "F23B661D0C8DB33441444B45A4CF4C14",
  "SQLitePCLRaw.batteries_v2.dll": "B6C74819EF199005CD3B620A80682F22",
  "SQLitePCLRaw.core.dll": "9B66DA23A7B8F36CFB7E46B8A3872E3F",
  "SQLitePCLRaw.nativelibrary.dll": "D39A43C592EAA067B239C899A5E4BD08",
  "SQLitePCLRaw.provider.dynamic_cdecl.dll": "E6A44E9966374DD0F84A5959730A5C92",
  "StbiSharp.dll": "6BB65231C323A34E466F18F59B27B65F",
  "System.Reactive.dll": "EF5A00287AD15393D41B12AA4B726FF7",
  "System.Reflection.MetadataLoadContext.dll": "7EC41D41F4E1246757BA3E2EC862D562",
  "System.Security.Cryptography.Pkcs.dll": "8950E01996A37E808BE3F39063C37BF9",
  "TEMP_gitver.txt": "DE43A2BA8DEA3DC986A8AA8671FBF4B8",
  "Validation.dll": "B3A41341C66F6DDD5B4247CAFA251515"
}
