{
  "runtimes\\linux-x64\\native\\libglfw.so.3": "9E3137144F68B9E9793F4C7AD5B1BEA7",
  "runtimes\\linux-x64\\native\\libSDL2-2.0.so": "99B95A708381FC66AB2370E45A260527",
  "runtimes\\linux-x64\\native\\libstbi.so": "0945355ED59677D06E3E88F48101BB26",
  "runtimes\\osx-x64\\native\\libglfw.3.dylib": "1E30FAB2F0C40E82290AD4B0BF14A880",
  "runtimes\\osx-x64\\native\\libSDL2-2.0.dylib": "AAC958490586C67395F0A90903AE3747",
  "runtimes\\osx-x64\\native\\libstbi.dylib": "0B84B0A6A80178266018081C3CAB68E6",
  "runtimes\\win-x64\\native\\cimgui.dll": "8C8F68BDA88B6A538BF22D9E0EF02C7D",
  "runtimes\\win-x64\\native\\cimguizmo.dll": "6BA4D571BAA169C655C8CA317D891A25",
  "runtimes\\win-x64\\native\\cimplot.dll": "70697B2E42F35D5B59B5907F95482636",
  "runtimes\\win-x64\\native\\glfw3.dll": "30EA833C1790D1FAC2AB760C5371B538",
  "runtimes\\win-x64\\native\\minhook.x64d.dll": "687FE65D9A506C8C2639642794F9F58A",
  "runtimes\\win-x64\\native\\SDL2.dll": "95292CE5F26E7699033B8D92471182CB",
  "runtimes\\win-x64\\native\\stbi.dll": "7F40C819082085D99BDE56F090F3BF13",
  "runtimes\\win-x64\\native\\stbi.lib": "927C214DE576219E1F80DBE7798A0502",
  "runtimes\\win-x86\\native\\glfw3.dll": "C376C049DF3E964ED83D73CD45A1715D",
  "runtimes\\win-x86\\native\\SDL2.dll": "C7DB7B85C38B6E0D4912A64A24E4466F",
  "targets\\Dalamud.Plugin.Bootstrap.targets": "72C91AC1B4F7C83711BB4C5834FE49A8",
  "targets\\Dalamud.Plugin.targets": "D3DE10F1F04F22619FDD1005FD3DCFEF",
  "CheapLoc.dll": "1D72970FDBE55DA26148047DF35CD962",
  "Costura.dll": "CAADEA41A15567457516232D840AE564",
  "Dalamud.Boot.dll": "9F1F5D62EF2E088B2BBE1DE404513FB8",
  "Dalamud.deps.json": "FCC14F93C9850DC28BD5337EB2CB727A",
  "Dalamud.dll": "3D5C8F39333F4808CEF1D542BB03B814",
  "Dalamud.Injector.deps.json": "D10EED2039C0151239F5EA4FE3A65A7B",
  "Dalamud.Injector.dll": "A88AC473865CFAAD49FE02D85D97FD52",
  "Dalamud.Injector.exe": "7C9D749BA1EBE6D0AADF7C1690B25C0C",
  "Dalamud.Injector.runtimeconfig.json": "AAAFA957BB3B382321D67ACC2D792553",
  "Dalamud.Injector.xml": "CC06A545B271F56E0781ECC82BDEF67F",
  "Dalamud.runtimeconfig.json": "454E2BA21742B08CF0A9827950A92B0F",
  "Dalamud.xml": "63C4A6516842BD8EFFC6B494CDF11B52",
  "DalamudCrashHandler.exe": "D0B7130C3EC665635F873F56AEC394BB",
  "FASM-LICENSE.TXT": "ECEA1D10811221D5F0A3E96F9C38E2C7",
  "FASM.DLL": "5B669A896FE7924ACA2E27857162984F",
  "FASMX64.DLL": "2CA337467803C63F7859C5F3CF3E066C",
  "FFXIVClientStructs.dll": "E55E0A68EC75716824BBC2C6F39D9860",
  "FFXIVClientStructs.xml": "99D52300842511BA998676842AD0B2D7",
  "goaaats.Reloaded.Assembler.targets": "CC22CB0A353E2136EE9E6E96DB9F7164",
  "Iced.dll": "8948032563B79C63BA8CCD9D990AE146",
  "ImGui.NET.dll": "60B23D39FE225FEFB9E9F222117014CE",
  "ImGuiScene.dll": "90A77FF7568065B241292CC9D40C4A6F",
  "JetBrains.Annotations.dll": "EDA1C137B8740ECC5305F5F4CF28779D",
  "licenses.txt": "A159BE62AA91178EFC3E3983AE874D1D",
  "Lumina.dll": "67A20B201DCBD37EC0CE9864C725208C",
  "Lumina.Excel.dll": "CC29C0BFD29D85611407710B1A66A063",
  "Microsoft.Bcl.HashCode.dll": "613AB56061ADF2284E047025207467E0",
  "Microsoft.DotNet.PlatformAbstractions.dll": "00AB0F02B1114C57C758F5AD595224F1",
  "Microsoft.Extensions.DependencyModel.dll": "F39BC76C10CFEA478C936FC4521A9FC9",
  "MinSharp.dll": "D82356A51172AA9892F11AF3544D9583",
  "Mono.Cecil.dll": "20A1CD51614C44E69D1C27DAABE440C5",
  "Mono.Cecil.Mdb.dll": "27FFBDDFA3633C0CEF84C9D949CF7A11",
  "Mono.Cecil.Pdb.dll": "01B2A5444817B1A620FD9FAE05DD8DB6",
  "Mono.Cecil.Rocks.dll": "5851B2F4D9BA97F5CC95D4C5A45B810E",
  "MonoMod.Backports.dll": "DCA6E8FECE6E8D199B75A9C3E772DB16",
  "MonoMod.Core.dll": "75EE1DD50C5DB0FB87FC09A65074835E",
  "MonoMod.Iced.dll": "FC0C4C75AAD7E2F9EE30576312B1E3ED",
  "MonoMod.ILHelpers.dll": "D504E69878AA3CD40144BE3BDB2FE7BF",
  "MonoMod.RuntimeDetour.dll": "A170FDBCFDDD41D49625DE0109D05CB2",
  "MonoMod.Utils.dll": "A3DFE5B495EE9DE9B2EA1CE15838045B",
  "nethost.dll": "012081214FE71F0F6ADCD9F4A71B2B00",
  "Newtonsoft.Json.dll": "86A83A63F12B55FD3718CFBFB577D7DC",
  "PeNet.Asn1.dll": "865C611B8C63C70D7DFE27B706C70444",
  "PeNet.dll": "36A5EE33D89F1923060AA4C3DC84099A",
  "PInvoke.AdvApi32.dll": "34EE461D05B403C3A15D0DEC32A3788C",
  "PInvoke.BCrypt.dll": "FD07758EE1440491F22923084109FF26",
  "PInvoke.Cabinet.dll": "333D950E3804735DA60CC41D614C63E2",
  "PInvoke.CfgMgr32.dll": "768BE7CC18EDCF78B296A72ABE891691",
  "PInvoke.Crypt32.dll": "E7B00B0851738F4A7F2C6D37DAA973B4",
  "PInvoke.DbgHelp.dll": "E701136169620D20E3A70B560DE20E44",
  "PInvoke.DwmApi.dll": "ACF223CC8962404056648815B486F7D9",
  "PInvoke.Gdi32.dll": "69FF434826F98582CE44D3136ECFFACB",
  "PInvoke.Hid.dll": "2E7A41257F8AD9B26073181F450CD8E5",
  "PInvoke.ImageHlp.dll": "79BE816E8D86EA66489D7780DD675D49",
  "PInvoke.IPHlpApi.dll": "E949FA3326D1BA8872B179AB4EE49D38",
  "PInvoke.Kernel32.dll": "234E15B122ED430DE99490CA1A204958",
  "PInvoke.Magnification.dll": "C9EA3D34F506741ECC044DB19C151F09",
  "PInvoke.Msi.dll": "69EE50CE2DA6B55755E52589F49A7EBC",
  "PInvoke.NCrypt.dll": "DA1DE76C14D99370CA3BEF19DC299B15",
  "PInvoke.NetApi32.dll": "AE79F9FA2E3864A5E0642AE4622ECDC5",
  "PInvoke.NewDev.dll": "B3E1992105D986EF9C5C8E4B630FBB07",
  "PInvoke.NTDll.dll": "3F6BDF840EB27DD0FD9EB8071822183A",
  "PInvoke.Ole32.dll": "3C49FB100B60519FFE725BCD12A538F6",
  "PInvoke.Psapi.dll": "A7683EE4B880227F01C8AE632A892B9E",
  "PInvoke.SetupApi.dll": "1B7AE321185D0081D1759A9AD829F9BA",
  "PInvoke.SHCore.dll": "F27E7F063D51480F6D2294C903E4A606",
  "PInvoke.Shell32.dll": "F71A1BCAF6478190691170DAEA77722F",
  "PInvoke.User32.dll": "8BEDE38311ED4F27127290B81B8079FD",
  "PInvoke.Userenv.dll": "FEB7BCA90B8C905EC2F4BB0789847131",
  "PInvoke.UxTheme.dll": "8E683C016250CB719FDB9AAAFC22B3C5",
  "PInvoke.Windows.Core.dll": "90015440A44935208FFEA9BF61740651",
  "PInvoke.Windows.ShellScalingApi.dll": "F351B34B8C9183A51CADFDC279357C49",
  "PInvoke.WinUsb.dll": "9EB8A0280F2848D1A32B560A939F7336",
  "PInvoke.WtsApi32.dll": "341C94455D2E5893DBE4293D4D67AA4D",
  "Reloaded.Assembler.dll": "F3A859B06D75A5B5F785D0E2B4F905D9",
  "Reloaded.Hooks.Definitions.dll": "510DE00985FEA55CF93529B0703A49D6",
  "Reloaded.Hooks.dll": "22916D7D11DE1468BA9C24CAC524F369",
  "Reloaded.Memory.Buffers.dll": "D78F8221825DD52959C1574F88474CCF",
  "Reloaded.Memory.dll": "3292F7636D20F628503F749415A9437F",
  "revision.txt": "109F91266EF89CC3690079B28ABFE9A3",
  "SDL2-CS.config": "65557595FD5DF55D93B2BF881DE62C3A",
  "SDL2-CS.dll": "53F58765FE896EF78C85AB961B578356",
  "Serilog.dll": "02C9A9D7F4B7FCE60680CEA672113DD4",
  "Serilog.Sinks.Async.dll": "9B4F273E54DA323404CED48DEBBC7E74",
  "Serilog.Sinks.Console.dll": "8E4E4E928450421C85F5047596031B51",
  "Serilog.Sinks.File.dll": "B998654C538B4D6ED751DE5FE9CB600C",
  "SharpDX.Direct3D11.dll": "DFABBB958A6F1E4D9DC3747E99C8F577",
  "SharpDX.dll": "CB7B23C9EC753AEF5AB49A53D7DC4219",
  "SharpDX.DXGI.dll": "826DD2B16CEEFC0D99399CE97F678233",
  "SharpDX.Mathematics.dll": "42E783F940077BB2D65E73BA555AA31B",
  "Silk.NET.Core.dll": "3ECD7C501D62B36625BD3E2EEF604F27",
  "Silk.NET.GLFW.dll": "2B334F1B32B551AE87ADB839D809DD39",
  "Silk.NET.Maths.dll": "1E2921DE7EAC140D8F40647B52C02AE7",
  "Silk.NET.OpenGL.dll": "40C25F0E5467AA587879D5938BDBF63E",
  "Silk.NET.SDL.dll": "F8BA54586ED46444FFD835B722FEF96D",
  "Silk.NET.Windowing.Common.dll": "AC3C941625A39E51DE28006661524953",
  "Silk.NET.Windowing.Glfw.dll": "B801D30EEC7C8890AED9AC4398BC40A8",
  "Silk.NET.Windowing.Sdl.dll": "5A1C9781D07C79317EB2FC6C81E4A033",
  "StbiSharp.dll": "52F28977683AA639B1E9A54BFF8FEF51",
  "System.Reactive.dll": "EF5A00287AD15393D41B12AA4B726FF7",
  "System.Reflection.MetadataLoadContext.dll": "7EC41D41F4E1246757BA3E2EC862D562",
  "System.Security.Cryptography.Pkcs.dll": "8950E01996A37E808BE3F39063C37BF9",
  "TEMP_gitver.txt": "682A39B2942468491CB315914C65C3C1",
  "Validation.dll": "BF2FB435D2F78D10A2AAF7F2B12C2275"
}
