{
  "runtimes\\linux-x64\\native\\libglfw.so.3": "9E3137144F68B9E9793F4C7AD5B1BEA7",
  "runtimes\\linux-x64\\native\\libSDL2-2.0.so": "99B95A708381FC66AB2370E45A260527",
  "runtimes\\linux-x64\\native\\libstbi.so": "0945355ED59677D06E3E88F48101BB26",
  "runtimes\\osx-x64\\native\\libglfw.3.dylib": "1E30FAB2F0C40E82290AD4B0BF14A880",
  "runtimes\\osx-x64\\native\\libSDL2-2.0.dylib": "AAC958490586C67395F0A90903AE3747",
  "runtimes\\osx-x64\\native\\libstbi.dylib": "0B84B0A6A80178266018081C3CAB68E6",
  "runtimes\\win-x64\\native\\cimgui.dll": "F745F9AD68B90EED2169C24866DD477C",
  "runtimes\\win-x64\\native\\cimguizmo.dll": "659D069468A203DE3875D884F7C05C1B",
  "runtimes\\win-x64\\native\\cimplot.dll": "7ADCD26A84A47D3D23D657FD07CA8A35",
  "runtimes\\win-x64\\native\\glfw3.dll": "2C7BEB91FD2D65BDFE786977B46B7DCF",
  "runtimes\\win-x64\\native\\minhook.x64d.dll": "CEDB1C5C5935F5C146E72C81639FFFA6",
  "runtimes\\win-x64\\native\\SDL2.dll": "0C18A31CDEC01BA1555B69C189641092",
  "runtimes\\win-x64\\native\\stbi.dll": "EBA54EAC736D432C41DE61A9A594AC25",
  "runtimes\\win-x64\\native\\stbi.lib": "927C214DE576219E1F80DBE7798A0502",
  "runtimes\\win-x86\\native\\glfw3.dll": "EF450F96269ED7EC5342862765D6F465",
  "runtimes\\win-x86\\native\\SDL2.dll": "D1437B9D666A10137FABF83EAA6726BE",
  "targets\\Dalamud.Plugin.Bootstrap.targets": "72C91AC1B4F7C83711BB4C5834FE49A8",
  "targets\\Dalamud.Plugin.targets": "D3DE10F1F04F22619FDD1005FD3DCFEF",
  "CheapLoc.dll": "94011024AF15438E634CA0CDC9288658",
  "Costura.dll": "88481CE72B600F35C547689D84A5FD69",
  "Dalamud.Boot.dll": "427A7CF5F77B0DBAE96F0011391E0197",
  "Dalamud.deps.json": "DDB22E0738D8FA598772708A6F9B131F",
  "Dalamud.dll": "CCA53BFEB8A10FBA5E8A45C99954C388",
  "Dalamud.Injector.deps.json": "D10EED2039C0151239F5EA4FE3A65A7B",
  "Dalamud.Injector.dll": "E09CFEC6BD3E2C3D9E8760DA20AD054B",
  "Dalamud.Injector.exe": "6B83E3F180FD31C03E212F427D39B25D",
  "Dalamud.Injector.runtimeconfig.json": "AAAFA957BB3B382321D67ACC2D792553",
  "Dalamud.Injector.xml": "CC06A545B271F56E0781ECC82BDEF67F",
  "Dalamud.runtimeconfig.json": "454E2BA21742B08CF0A9827950A92B0F",
  "Dalamud.xml": "2543297EDC59438515D0973A2A780D16",
  "DalamudCrashHandler.exe": "561BE21BCBA51D9D750265C6D107707F",
  "FASM-LICENSE.TXT": "ECEA1D10811221D5F0A3E96F9C38E2C7",
  "FASM.DLL": "AF336A7162CA0C569AC51F77C8CCD389",
  "FASMX64.DLL": "566C53408C6859FC83312510CB052CA1",
  "FFXIVClientStructs.dll": "9BFB466E7F2C1E1AA33C89F5DAB02E14",
  "FFXIVClientStructs.xml": "1E81062A8DE4667D1F3E043E2D8F18F0",
  "goaaats.Reloaded.Assembler.targets": "CC22CB0A353E2136EE9E6E96DB9F7164",
  "Iced.dll": "4E2720A3EE769247F7D00F5CCDD38A98",
  "ImGui.NET.dll": "7D986AF1865AA9C179766DB9694C030E",
  "ImGuiScene.dll": "20F1BDF7F9BD127E5B90529D953DC1C7",
  "JetBrains.Annotations.dll": "A6B11A57DBE7A1866CD6DB9FE8020334",
  "licenses.txt": "A159BE62AA91178EFC3E3983AE874D1D",
  "Lumina.dll": "72EB15D6766C27C0D129BDCC71649585",
  "Lumina.Excel.dll": "89CBCF698E6815BF8CABA2C6B0B62196",
  "Microsoft.Bcl.HashCode.dll": "613AB56061ADF2284E047025207467E0",
  "Microsoft.DotNet.PlatformAbstractions.dll": "00AB0F02B1114C57C758F5AD595224F1",
  "Microsoft.Extensions.DependencyModel.dll": "F39BC76C10CFEA478C936FC4521A9FC9",
  "MinSharp.dll": "D304B49656245BC93C2EDE0B2D636235",
  "Mono.Cecil.dll": "CDA678ABC9652947AEB818E11A03B01C",
  "Mono.Cecil.Mdb.dll": "663BF6ACA0B985298A5F14A65AEB7352",
  "Mono.Cecil.Pdb.dll": "276E881D3A7F5BB7786D49294EFB6FB2",
  "Mono.Cecil.Rocks.dll": "13582D1C4478B03FB22E3BA2FEB64EFF",
  "MonoMod.Backports.dll": "763A9322706EB0F7D5C405764BD3CCA7",
  "MonoMod.Core.dll": "BB502BE32584C363761BB23A6CCE118F",
  "MonoMod.Iced.dll": "F75B02417E57F5C9AFF12C0D60BC0A2F",
  "MonoMod.ILHelpers.dll": "EEB193198E8717804DD5FC4EA8C8B939",
  "MonoMod.RuntimeDetour.dll": "79E93334BDA8174A8FAC8F149223A16F",
  "MonoMod.Utils.dll": "F3DEBA30E5FCFDBE27248F2B6C9ED4B2",
  "nethost.dll": "012081214FE71F0F6ADCD9F4A71B2B00",
  "Newtonsoft.Json.dll": "86A83A63F12B55FD3718CFBFB577D7DC",
  "PeNet.Asn1.dll": "006AE1A704F22E3EAF6269362ADA4B0F",
  "PeNet.dll": "6F42CFF04EFFAB68B08C13B4E120A621",
  "PInvoke.AdvApi32.dll": "34EE461D05B403C3A15D0DEC32A3788C",
  "PInvoke.BCrypt.dll": "FD07758EE1440491F22923084109FF26",
  "PInvoke.Cabinet.dll": "333D950E3804735DA60CC41D614C63E2",
  "PInvoke.CfgMgr32.dll": "768BE7CC18EDCF78B296A72ABE891691",
  "PInvoke.Crypt32.dll": "E7B00B0851738F4A7F2C6D37DAA973B4",
  "PInvoke.DbgHelp.dll": "E701136169620D20E3A70B560DE20E44",
  "PInvoke.DwmApi.dll": "ACF223CC8962404056648815B486F7D9",
  "PInvoke.Gdi32.dll": "69FF434826F98582CE44D3136ECFFACB",
  "PInvoke.Hid.dll": "2E7A41257F8AD9B26073181F450CD8E5",
  "PInvoke.ImageHlp.dll": "79BE816E8D86EA66489D7780DD675D49",
  "PInvoke.IPHlpApi.dll": "E949FA3326D1BA8872B179AB4EE49D38",
  "PInvoke.Kernel32.dll": "234E15B122ED430DE99490CA1A204958",
  "PInvoke.Magnification.dll": "C9EA3D34F506741ECC044DB19C151F09",
  "PInvoke.Msi.dll": "69EE50CE2DA6B55755E52589F49A7EBC",
  "PInvoke.NCrypt.dll": "DA1DE76C14D99370CA3BEF19DC299B15",
  "PInvoke.NetApi32.dll": "AE79F9FA2E3864A5E0642AE4622ECDC5",
  "PInvoke.NewDev.dll": "B3E1992105D986EF9C5C8E4B630FBB07",
  "PInvoke.NTDll.dll": "3F6BDF840EB27DD0FD9EB8071822183A",
  "PInvoke.Ole32.dll": "3C49FB100B60519FFE725BCD12A538F6",
  "PInvoke.Psapi.dll": "A7683EE4B880227F01C8AE632A892B9E",
  "PInvoke.SetupApi.dll": "1B7AE321185D0081D1759A9AD829F9BA",
  "PInvoke.SHCore.dll": "F27E7F063D51480F6D2294C903E4A606",
  "PInvoke.Shell32.dll": "F71A1BCAF6478190691170DAEA77722F",
  "PInvoke.User32.dll": "8BEDE38311ED4F27127290B81B8079FD",
  "PInvoke.Userenv.dll": "FEB7BCA90B8C905EC2F4BB0789847131",
  "PInvoke.UxTheme.dll": "8E683C016250CB719FDB9AAAFC22B3C5",
  "PInvoke.Windows.Core.dll": "90015440A44935208FFEA9BF61740651",
  "PInvoke.Windows.ShellScalingApi.dll": "F351B34B8C9183A51CADFDC279357C49",
  "PInvoke.WinUsb.dll": "9EB8A0280F2848D1A32B560A939F7336",
  "PInvoke.WtsApi32.dll": "341C94455D2E5893DBE4293D4D67AA4D",
  "Reloaded.Assembler.dll": "25922E1030BB8CFDD0C2934F652B3FED",
  "Reloaded.Hooks.Definitions.dll": "0B752023BF7526DAED7B6003D0D791C0",
  "Reloaded.Hooks.dll": "24615DCF812855863BC882E414D168EA",
  "Reloaded.Memory.Buffers.dll": "32786449630BDBB9D84601D1EAAB987E",
  "Reloaded.Memory.dll": "9FC4A395239AC9273D44609A9468AB17",
  "revision.txt": "A3147B88259A8E5745EBD59394AEE83E",
  "SDL2-CS.config": "65557595FD5DF55D93B2BF881DE62C3A",
  "SDL2-CS.dll": "B15F9D30F6B55E0315F4E46F6C59AAD1",
  "Serilog.dll": "F357CB715AE2F56FB78266A8CD34F8F2",
  "Serilog.Sinks.Async.dll": "154D28EC157D86D64DC8862EFF552104",
  "Serilog.Sinks.Console.dll": "53DF4AB8A2223CE8E5E4C9762A4FD01D",
  "Serilog.Sinks.File.dll": "DA65FF2989893CD176A51E24BE3C4E83",
  "SharpDX.Direct3D11.dll": "8C22F46B7493FFAE9DFFA23F1F83FB6F",
  "SharpDX.dll": "F8AF7CD35F4709AC7CB65F57F91EE5AC",
  "SharpDX.DXGI.dll": "B0E398C2A731224F4D97DCA40B6123BF",
  "SharpDX.Mathematics.dll": "F0E40C3B72E174A583AC5BD3D8DD65A2",
  "Silk.NET.Core.dll": "A4F661EF144DB89F229EA5547461488B",
  "Silk.NET.GLFW.dll": "1574222A191E449202FEF1240C5AE606",
  "Silk.NET.Maths.dll": "4B530E7E2D33685E6F2ADA54C2C2B7E0",
  "Silk.NET.OpenGL.dll": "066C4FB4B38B08D824E75DE918C1BFAA",
  "Silk.NET.SDL.dll": "96D283F5665877AB540A50B9937C1D72",
  "Silk.NET.Windowing.Common.dll": "ABDEFF717FFCB1AA5E2F65074E75015D",
  "Silk.NET.Windowing.Glfw.dll": "FC808E9DA92321592C427D35D81981CD",
  "Silk.NET.Windowing.Sdl.dll": "876AFD08036F57F242981F7D30FF1725",
  "StbiSharp.dll": "FE795055E55662835A45FA3E66B68D5B",
  "System.Reactive.dll": "EF5A00287AD15393D41B12AA4B726FF7",
  "System.Reflection.MetadataLoadContext.dll": "7EC41D41F4E1246757BA3E2EC862D562",
  "System.Security.Cryptography.Pkcs.dll": "8950E01996A37E808BE3F39063C37BF9",
  "TEMP_gitver.txt": "AF7BCE25AFEF54E68243D0D5064E1A2A",
  "Validation.dll": "FE1C3400DD56D94CBEA27012A4F2B40B"
}
