{
  "runtimes\\linux-x64\\native\\libglfw.so.3": "9E3137144F68B9E9793F4C7AD5B1BEA7",
  "runtimes\\linux-x64\\native\\libSDL2-2.0.so": "99B95A708381FC66AB2370E45A260527",
  "runtimes\\linux-x64\\native\\libstbi.so": "0945355ED59677D06E3E88F48101BB26",
  "runtimes\\osx-x64\\native\\libglfw.3.dylib": "1E30FAB2F0C40E82290AD4B0BF14A880",
  "runtimes\\osx-x64\\native\\libSDL2-2.0.dylib": "AAC958490586C67395F0A90903AE3747",
  "runtimes\\osx-x64\\native\\libstbi.dylib": "0B84B0A6A80178266018081C3CAB68E6",
  "runtimes\\win-x64\\native\\cimgui.dll": "C5D773D0248A675E3908B0247606A152",
  "runtimes\\win-x64\\native\\cimguizmo.dll": "96CB94EBE4AFB1F091C91C1C1F116FF7",
  "runtimes\\win-x64\\native\\cimplot.dll": "D9332A5B169733A53875C197E534B476",
  "runtimes\\win-x64\\native\\glfw3.dll": "CA87451E5573AA3DFDCC65D16BB5E956",
  "runtimes\\win-x64\\native\\minhook.x64d.dll": "FA677016B8A1971A51EB0E0E5DB66B45",
  "runtimes\\win-x64\\native\\SDL2.dll": "6A4D62D33F50A96AEAC2B672449AB395",
  "runtimes\\win-x64\\native\\stbi.dll": "F89D108DA5948268DC1B13FADA00E0AE",
  "runtimes\\win-x64\\native\\stbi.lib": "927C214DE576219E1F80DBE7798A0502",
  "runtimes\\win-x86\\native\\glfw3.dll": "85D149CDB29B664547CAFE5B8CAC0C1A",
  "runtimes\\win-x86\\native\\SDL2.dll": "80D2DF147CE7ACFFDEE9B4453F937894",
  "targets\\Dalamud.Plugin.Bootstrap.targets": "72C91AC1B4F7C83711BB4C5834FE49A8",
  "targets\\Dalamud.Plugin.targets": "D3DE10F1F04F22619FDD1005FD3DCFEF",
  "CheapLoc.dll": "30F2544683A90AB9887EA70ED85FE000",
  "Costura.dll": "27642BEF6AFE90773E7F7AE0267B63BF",
  "Dalamud.Boot.dll": "7182E088E00321C836B7B20FEE822631",
  "Dalamud.deps.json": "FCC14F93C9850DC28BD5337EB2CB727A",
  "Dalamud.dll": "EA91D0A2F7750F849D948280541B43DA",
  "Dalamud.Injector.deps.json": "D10EED2039C0151239F5EA4FE3A65A7B",
  "Dalamud.Injector.dll": "11D25B7D1EA4CAB298CC9A7780A7F9C0",
  "Dalamud.Injector.exe": "1C91829CF4ABD99BF80A5D5F9D0339F5",
  "Dalamud.Injector.runtimeconfig.json": "AAAFA957BB3B382321D67ACC2D792553",
  "Dalamud.Injector.xml": "CC06A545B271F56E0781ECC82BDEF67F",
  "Dalamud.runtimeconfig.json": "454E2BA21742B08CF0A9827950A92B0F",
  "Dalamud.xml": "347DE1B68153CC9F806A9256BFEFDD6B",
  "DalamudCrashHandler.exe": "5E12682506AFC44A426F503908BA6A4F",
  "FASM-LICENSE.TXT": "ECEA1D10811221D5F0A3E96F9C38E2C7",
  "FASM.DLL": "194C3C28CEDBFE492EB90156F2AABBEC",
  "FASMX64.DLL": "5903260B0D91F9CE90966E786FFE37DA",
  "FFXIVClientStructs.dll": "C700DB93F867A9B96468E111590C1C09",
  "FFXIVClientStructs.xml": "99D52300842511BA998676842AD0B2D7",
  "goaaats.Reloaded.Assembler.targets": "CC22CB0A353E2136EE9E6E96DB9F7164",
  "Iced.dll": "5C06F801F833B6F40BE66C57DD0A2633",
  "ImGui.NET.dll": "BA128207C2CDD47791972345A155BBDB",
  "ImGuiScene.dll": "1C98D4E43103B1E7F593EF51A3585840",
  "JetBrains.Annotations.dll": "75A1B48ADFF8143131650D12C39A7C28",
  "licenses.txt": "A159BE62AA91178EFC3E3983AE874D1D",
  "Lumina.dll": "ADFDEA8926F778BC1B26BB2E45FD46BD",
  "Lumina.Excel.dll": "78A4D2408421AF6DF0FEED949B1F2E96",
  "Microsoft.Bcl.HashCode.dll": "613AB56061ADF2284E047025207467E0",
  "Microsoft.DotNet.PlatformAbstractions.dll": "00AB0F02B1114C57C758F5AD595224F1",
  "Microsoft.Extensions.DependencyModel.dll": "F39BC76C10CFEA478C936FC4521A9FC9",
  "MinSharp.dll": "03548DB1955DAE329370C1B79BB7DDC0",
  "Mono.Cecil.dll": "F22A99169A172D4C34AF15DCC5192749",
  "Mono.Cecil.Mdb.dll": "194561894761380592365596C279F645",
  "Mono.Cecil.Pdb.dll": "960A2FBD62F448E9913347DA9C167BB0",
  "Mono.Cecil.Rocks.dll": "AA8D7C16EE7B4224AADD39A4C74A7F44",
  "MonoMod.Backports.dll": "946ABDC4F7AE4C86D7F1185FDF23B947",
  "MonoMod.Core.dll": "273E4C87433FDA16359B6CFB9536DEA4",
  "MonoMod.Iced.dll": "6E0F624E3E4C2BEB8DA7B0FC288D65C0",
  "MonoMod.ILHelpers.dll": "6BAEB4A9E363387EDABF19449624466E",
  "MonoMod.RuntimeDetour.dll": "5711978997B0A563F4B4C0AF5A64E521",
  "MonoMod.Utils.dll": "8B358A49410594D2AA5F1B9301B164BA",
  "nethost.dll": "012081214FE71F0F6ADCD9F4A71B2B00",
  "Newtonsoft.Json.dll": "86A83A63F12B55FD3718CFBFB577D7DC",
  "PeNet.Asn1.dll": "8371E1A85084F0FE047CB16BCCB72F39",
  "PeNet.dll": "94EE236A31BF8F8BBDF79809DBADB333",
  "PInvoke.AdvApi32.dll": "34EE461D05B403C3A15D0DEC32A3788C",
  "PInvoke.BCrypt.dll": "FD07758EE1440491F22923084109FF26",
  "PInvoke.Cabinet.dll": "333D950E3804735DA60CC41D614C63E2",
  "PInvoke.CfgMgr32.dll": "768BE7CC18EDCF78B296A72ABE891691",
  "PInvoke.Crypt32.dll": "E7B00B0851738F4A7F2C6D37DAA973B4",
  "PInvoke.DbgHelp.dll": "E701136169620D20E3A70B560DE20E44",
  "PInvoke.DwmApi.dll": "ACF223CC8962404056648815B486F7D9",
  "PInvoke.Gdi32.dll": "69FF434826F98582CE44D3136ECFFACB",
  "PInvoke.Hid.dll": "2E7A41257F8AD9B26073181F450CD8E5",
  "PInvoke.ImageHlp.dll": "79BE816E8D86EA66489D7780DD675D49",
  "PInvoke.IPHlpApi.dll": "E949FA3326D1BA8872B179AB4EE49D38",
  "PInvoke.Kernel32.dll": "234E15B122ED430DE99490CA1A204958",
  "PInvoke.Magnification.dll": "C9EA3D34F506741ECC044DB19C151F09",
  "PInvoke.Msi.dll": "69EE50CE2DA6B55755E52589F49A7EBC",
  "PInvoke.NCrypt.dll": "DA1DE76C14D99370CA3BEF19DC299B15",
  "PInvoke.NetApi32.dll": "AE79F9FA2E3864A5E0642AE4622ECDC5",
  "PInvoke.NewDev.dll": "B3E1992105D986EF9C5C8E4B630FBB07",
  "PInvoke.NTDll.dll": "3F6BDF840EB27DD0FD9EB8071822183A",
  "PInvoke.Ole32.dll": "3C49FB100B60519FFE725BCD12A538F6",
  "PInvoke.Psapi.dll": "A7683EE4B880227F01C8AE632A892B9E",
  "PInvoke.SetupApi.dll": "1B7AE321185D0081D1759A9AD829F9BA",
  "PInvoke.SHCore.dll": "F27E7F063D51480F6D2294C903E4A606",
  "PInvoke.Shell32.dll": "F71A1BCAF6478190691170DAEA77722F",
  "PInvoke.User32.dll": "8BEDE38311ED4F27127290B81B8079FD",
  "PInvoke.Userenv.dll": "FEB7BCA90B8C905EC2F4BB0789847131",
  "PInvoke.UxTheme.dll": "8E683C016250CB719FDB9AAAFC22B3C5",
  "PInvoke.Windows.Core.dll": "90015440A44935208FFEA9BF61740651",
  "PInvoke.Windows.ShellScalingApi.dll": "F351B34B8C9183A51CADFDC279357C49",
  "PInvoke.WinUsb.dll": "9EB8A0280F2848D1A32B560A939F7336",
  "PInvoke.WtsApi32.dll": "341C94455D2E5893DBE4293D4D67AA4D",
  "Reloaded.Assembler.dll": "A15D04B234A879A07250E959703B6988",
  "Reloaded.Hooks.Definitions.dll": "37E9261CAFA0E278AA11A12BF4591C46",
  "Reloaded.Hooks.dll": "BA5E73ED97A7D19E93581AF50747DD37",
  "Reloaded.Memory.Buffers.dll": "EF6C6C5EBF8A810F1FFB92713BE864BE",
  "Reloaded.Memory.dll": "319592C45C2A1E77DCA73C20DCC7DB12",
  "revision.txt": "5EB13CB69B6E20DD7A42030F5936A9DC",
  "SDL2-CS.config": "65557595FD5DF55D93B2BF881DE62C3A",
  "SDL2-CS.dll": "D1DC5E70C5EA1236466300C81BE5BD9B",
  "Serilog.dll": "01A42A1487D686E967F1DBD745DD8052",
  "Serilog.Sinks.Async.dll": "91E8A930DF265A5C8E248E8E9D390C10",
  "Serilog.Sinks.Console.dll": "722D417268B0E3A09A7D33F482798C77",
  "Serilog.Sinks.File.dll": "53FCA2EF0F7644CFD7297D37DCCF6797",
  "SharpDX.Direct3D11.dll": "A5E4945436376FD9B4178835591CAAE9",
  "SharpDX.dll": "BA92D291399A492B5BB521FFDADBE683",
  "SharpDX.DXGI.dll": "201502032B04A7EC0F54E25957F6B115",
  "SharpDX.Mathematics.dll": "DA6799CF8E2C67356F371B33056CE114",
  "Silk.NET.Core.dll": "B8319B9FB9A5B733BF07231A56966340",
  "Silk.NET.GLFW.dll": "846485DEAC762E4CABF546A88DE39BBD",
  "Silk.NET.Maths.dll": "F04C9D74694C2DCBF4AF19E9F7D292BE",
  "Silk.NET.OpenGL.dll": "DE224ED61DE5466820F11211D2F7F693",
  "Silk.NET.SDL.dll": "662D8E1540875156A71E1E874EE14CFE",
  "Silk.NET.Windowing.Common.dll": "8235D132AE4AAE507DDF9A71D4A13050",
  "Silk.NET.Windowing.Glfw.dll": "6EFE2D7A44AA21A0264353DCBDCA6CD2",
  "Silk.NET.Windowing.Sdl.dll": "E2BBC91E2A402DBEF8B3D7C8D19EEEC3",
  "StbiSharp.dll": "4E47EE7EC40EF85F92A79EC4D62239D8",
  "System.Reactive.dll": "EF5A00287AD15393D41B12AA4B726FF7",
  "System.Reflection.MetadataLoadContext.dll": "7EC41D41F4E1246757BA3E2EC862D562",
  "System.Security.Cryptography.Pkcs.dll": "8950E01996A37E808BE3F39063C37BF9",
  "TEMP_gitver.txt": "DE6AB00DF55A1BC8F412035DAB0EE278",
  "Validation.dll": "ED99F2F391B2F147CDA02F768B1B54F1"
}
