{
  "runtimes\\linux-x64\\native\\libglfw.so.3": "9E3137144F68B9E9793F4C7AD5B1BEA7",
  "runtimes\\linux-x64\\native\\libSDL2-2.0.so": "99B95A708381FC66AB2370E45A260527",
  "runtimes\\linux-x64\\native\\libstbi.so": "0945355ED59677D06E3E88F48101BB26",
  "runtimes\\osx-x64\\native\\libglfw.3.dylib": "1E30FAB2F0C40E82290AD4B0BF14A880",
  "runtimes\\osx-x64\\native\\libSDL2-2.0.dylib": "AAC958490586C67395F0A90903AE3747",
  "runtimes\\osx-x64\\native\\libstbi.dylib": "0B84B0A6A80178266018081C3CAB68E6",
  "runtimes\\win-x64\\native\\cimgui.dll": "EFB4A2F08DD91793E0EC5560CFF1F5CF",
  "runtimes\\win-x64\\native\\cimguizmo.dll": "55C4880A7B0FB8C91773713577EB1DA4",
  "runtimes\\win-x64\\native\\cimplot.dll": "580100A63F41AF04DAD94EE5B71FE5B5",
  "runtimes\\win-x64\\native\\glfw3.dll": "AED5288C4D06A3EFAD0AA63F96701C1D",
  "runtimes\\win-x64\\native\\minhook.x64d.dll": "3EDAC806FDDB480ACF19E2FE706BEA2D",
  "runtimes\\win-x64\\native\\SDL2.dll": "5E4DAB1A7731E21A95359CE40058F535",
  "runtimes\\win-x64\\native\\stbi.dll": "DD86DB56B62BE9D2754CBC1C7FC9BCEF",
  "runtimes\\win-x64\\native\\stbi.lib": "927C214DE576219E1F80DBE7798A0502",
  "runtimes\\win-x86\\native\\glfw3.dll": "C214C4B516FD41D2D807312DD1271CDA",
  "runtimes\\win-x86\\native\\SDL2.dll": "C773AABF942833915C767E5D74F186B1",
  "targets\\Dalamud.Plugin.Bootstrap.targets": "72C91AC1B4F7C83711BB4C5834FE49A8",
  "targets\\Dalamud.Plugin.targets": "D3DE10F1F04F22619FDD1005FD3DCFEF",
  "CheapLoc.dll": "CAFD11760E3D850538F9301126503F9C",
  "Costura.dll": "8373BEC87258B9544F0537F17BB1F8DA",
  "Dalamud.Boot.dll": "4BEBA2C143286D60153AB68B95732F7C",
  "Dalamud.deps.json": "FCC14F93C9850DC28BD5337EB2CB727A",
  "Dalamud.dll": "BDC1FB007CFF7C747EDD1DA327AA4F1A",
  "Dalamud.Injector.deps.json": "D10EED2039C0151239F5EA4FE3A65A7B",
  "Dalamud.Injector.dll": "BD69D23C5564001332F7B3DD1B84D27F",
  "Dalamud.Injector.exe": "A1170F659797592705C09FDE6D8114A3",
  "Dalamud.Injector.runtimeconfig.json": "AAAFA957BB3B382321D67ACC2D792553",
  "Dalamud.Injector.xml": "CC06A545B271F56E0781ECC82BDEF67F",
  "Dalamud.runtimeconfig.json": "454E2BA21742B08CF0A9827950A92B0F",
  "Dalamud.xml": "680E8A0E7A6F77380A0D67B43DD4CF3F",
  "DalamudCrashHandler.exe": "7FAAD1177AC0E672AE10758840323B44",
  "FASM-LICENSE.TXT": "ECEA1D10811221D5F0A3E96F9C38E2C7",
  "FASM.DLL": "4064FC7AF8CC0784D38D81B13137263E",
  "FASMX64.DLL": "0A90685D62869A102EA101D7DB939125",
  "FFXIVClientStructs.dll": "EDCA7B0DA62E5A785E482378BFD3D5D9",
  "FFXIVClientStructs.xml": "99D52300842511BA998676842AD0B2D7",
  "goaaats.Reloaded.Assembler.targets": "CC22CB0A353E2136EE9E6E96DB9F7164",
  "Iced.dll": "83B267D3D2B2853C8CC0261EC9F284B6",
  "ImGui.NET.dll": "A858C03369E6B49AFD9D0ED77EBB6951",
  "ImGuiScene.dll": "F979903B5D82E020E9D58F192A83DD1F",
  "JetBrains.Annotations.dll": "FE5F49904F5C3F8A97675F61B3E41E0B",
  "licenses.txt": "A159BE62AA91178EFC3E3983AE874D1D",
  "Lumina.dll": "F68EF2036200AADA60944146E7CF8B6B",
  "Lumina.Excel.dll": "0C9AD2EED0523A2EC2E6C22FC97B3536",
  "Microsoft.Bcl.HashCode.dll": "613AB56061ADF2284E047025207467E0",
  "Microsoft.DotNet.PlatformAbstractions.dll": "00AB0F02B1114C57C758F5AD595224F1",
  "Microsoft.Extensions.DependencyModel.dll": "F39BC76C10CFEA478C936FC4521A9FC9",
  "MinSharp.dll": "642FA0ADD7F3831040670B4CB128EFFC",
  "Mono.Cecil.dll": "BD20A451DF0E8A3A9928479CBD48887A",
  "Mono.Cecil.Mdb.dll": "1BED03C73437CD64F3EC20FB5AFEA6C7",
  "Mono.Cecil.Pdb.dll": "B309829E7573C6AEF34D45F3DB44704C",
  "Mono.Cecil.Rocks.dll": "CD92A2166AE99E404A1CF2FBDB9DDE50",
  "MonoMod.Backports.dll": "52E2E377C2AB5C1D08456CAD8D2472DC",
  "MonoMod.Core.dll": "2F002B082F75E10E949F76BE10FD2CEC",
  "MonoMod.Iced.dll": "DEB5027CD9E0ADE677BF7DFF8FFEC2A3",
  "MonoMod.ILHelpers.dll": "095C281B91344A6C640580C3530A0AC3",
  "MonoMod.RuntimeDetour.dll": "2F20ACA6A15AA2688D6DBDD26EA7A48F",
  "MonoMod.Utils.dll": "FE9C2BB2348BFB373A7CF4869F3919CC",
  "nethost.dll": "012081214FE71F0F6ADCD9F4A71B2B00",
  "Newtonsoft.Json.dll": "86A83A63F12B55FD3718CFBFB577D7DC",
  "PeNet.Asn1.dll": "77837295508B84ED9A56243BF3D2497F",
  "PeNet.dll": "166F4C040708E75FAEBF57D856D479F6",
  "PInvoke.AdvApi32.dll": "34EE461D05B403C3A15D0DEC32A3788C",
  "PInvoke.BCrypt.dll": "FD07758EE1440491F22923084109FF26",
  "PInvoke.Cabinet.dll": "333D950E3804735DA60CC41D614C63E2",
  "PInvoke.CfgMgr32.dll": "768BE7CC18EDCF78B296A72ABE891691",
  "PInvoke.Crypt32.dll": "E7B00B0851738F4A7F2C6D37DAA973B4",
  "PInvoke.DbgHelp.dll": "E701136169620D20E3A70B560DE20E44",
  "PInvoke.DwmApi.dll": "ACF223CC8962404056648815B486F7D9",
  "PInvoke.Gdi32.dll": "69FF434826F98582CE44D3136ECFFACB",
  "PInvoke.Hid.dll": "2E7A41257F8AD9B26073181F450CD8E5",
  "PInvoke.ImageHlp.dll": "79BE816E8D86EA66489D7780DD675D49",
  "PInvoke.IPHlpApi.dll": "E949FA3326D1BA8872B179AB4EE49D38",
  "PInvoke.Kernel32.dll": "234E15B122ED430DE99490CA1A204958",
  "PInvoke.Magnification.dll": "C9EA3D34F506741ECC044DB19C151F09",
  "PInvoke.Msi.dll": "69EE50CE2DA6B55755E52589F49A7EBC",
  "PInvoke.NCrypt.dll": "DA1DE76C14D99370CA3BEF19DC299B15",
  "PInvoke.NetApi32.dll": "AE79F9FA2E3864A5E0642AE4622ECDC5",
  "PInvoke.NewDev.dll": "B3E1992105D986EF9C5C8E4B630FBB07",
  "PInvoke.NTDll.dll": "3F6BDF840EB27DD0FD9EB8071822183A",
  "PInvoke.Ole32.dll": "3C49FB100B60519FFE725BCD12A538F6",
  "PInvoke.Psapi.dll": "A7683EE4B880227F01C8AE632A892B9E",
  "PInvoke.SetupApi.dll": "1B7AE321185D0081D1759A9AD829F9BA",
  "PInvoke.SHCore.dll": "F27E7F063D51480F6D2294C903E4A606",
  "PInvoke.Shell32.dll": "F71A1BCAF6478190691170DAEA77722F",
  "PInvoke.User32.dll": "8BEDE38311ED4F27127290B81B8079FD",
  "PInvoke.Userenv.dll": "FEB7BCA90B8C905EC2F4BB0789847131",
  "PInvoke.UxTheme.dll": "8E683C016250CB719FDB9AAAFC22B3C5",
  "PInvoke.Windows.Core.dll": "90015440A44935208FFEA9BF61740651",
  "PInvoke.Windows.ShellScalingApi.dll": "F351B34B8C9183A51CADFDC279357C49",
  "PInvoke.WinUsb.dll": "9EB8A0280F2848D1A32B560A939F7336",
  "PInvoke.WtsApi32.dll": "341C94455D2E5893DBE4293D4D67AA4D",
  "Reloaded.Assembler.dll": "707C19DD0437AE27F35BA4DD889B1BF0",
  "Reloaded.Hooks.Definitions.dll": "2F33B890BA5436E9834CC9C30B7B3AB6",
  "Reloaded.Hooks.dll": "98F63C0FEF902B3FC939BBF276E39C20",
  "Reloaded.Memory.Buffers.dll": "90858FE1383B1B600D95B750B732BD1D",
  "Reloaded.Memory.dll": "2199E03C08D1545B7FA3BA43845D0E29",
  "revision.txt": "0777ACFF7C9AB34562699E4E1D05AFFB",
  "SDL2-CS.config": "65557595FD5DF55D93B2BF881DE62C3A",
  "SDL2-CS.dll": "833096761CA37B17EC89A16417CB6D5A",
  "Serilog.dll": "1F74F4E775D4107AA4C72236A2C74072",
  "Serilog.Sinks.Async.dll": "9D0D28BFE3B984649931B2A3AF63FD9D",
  "Serilog.Sinks.Console.dll": "C9FCE7DE360466A751C59B0A2EA86B68",
  "Serilog.Sinks.File.dll": "37E0E48892F2EADD5E3B644C1AFE8369",
  "SharpDX.Direct3D11.dll": "3908A5B8ECB456229B586D2C9260EEE3",
  "SharpDX.dll": "76C49116F46F9DEC131044F5BAA67F63",
  "SharpDX.DXGI.dll": "791E27B94B8D6C288C59F21BD89F80D8",
  "SharpDX.Mathematics.dll": "0A7C18ECC694F2E0D1D30EE76F2836A0",
  "Silk.NET.Core.dll": "0C8251F67C731FE920B1DD5C9732CAB4",
  "Silk.NET.GLFW.dll": "17771C93C8A1123BA909EAA1BAEA9F44",
  "Silk.NET.Maths.dll": "B013FBC576CBD1B817127351253543B7",
  "Silk.NET.OpenGL.dll": "190646AA07F68E8D7547BC29341BFD88",
  "Silk.NET.SDL.dll": "DAB5A993D6A1CED3653FAA5377C48050",
  "Silk.NET.Windowing.Common.dll": "74C65BC4EC31ABEDD6CEA4923DB517C3",
  "Silk.NET.Windowing.Glfw.dll": "805C766E12AE0629F8635FD0B12F4A41",
  "Silk.NET.Windowing.Sdl.dll": "21BA199A262AD08023FC9DC3B95A2FC3",
  "StbiSharp.dll": "5672B3114B19637FF70F4945BC270DC9",
  "System.Reactive.dll": "EF5A00287AD15393D41B12AA4B726FF7",
  "System.Reflection.MetadataLoadContext.dll": "7EC41D41F4E1246757BA3E2EC862D562",
  "System.Security.Cryptography.Pkcs.dll": "8950E01996A37E808BE3F39063C37BF9",
  "TEMP_gitver.txt": "C974C3760AE3FA3D93CC45C46DFADADC",
  "Validation.dll": "12CE954129CED0D5AD21E01B702CC099"
}
