{
  "runtimes\\linux-x64\\native\\libglfw.so.3": "9E3137144F68B9E9793F4C7AD5B1BEA7",
  "runtimes\\linux-x64\\native\\libSDL2-2.0.so": "99B95A708381FC66AB2370E45A260527",
  "runtimes\\linux-x64\\native\\libstbi.so": "0945355ED59677D06E3E88F48101BB26",
  "runtimes\\osx-x64\\native\\libglfw.3.dylib": "1E30FAB2F0C40E82290AD4B0BF14A880",
  "runtimes\\osx-x64\\native\\libSDL2-2.0.dylib": "AAC958490586C67395F0A90903AE3747",
  "runtimes\\osx-x64\\native\\libstbi.dylib": "0B84B0A6A80178266018081C3CAB68E6",
  "runtimes\\win-x64\\native\\cimgui.dll": "500CA46ABEFDBFDA129FE66F65A088C5",
  "runtimes\\win-x64\\native\\cimguizmo.dll": "6E8A54F102BAD34A9A3615148051EF2B",
  "runtimes\\win-x64\\native\\cimplot.dll": "BD96A44A7CA51EF2D8D624BAE455984E",
  "runtimes\\win-x64\\native\\glfw3.dll": "4B70910CA0AA6EC43234FE1B5839C59A",
  "runtimes\\win-x64\\native\\minhook.x64d.dll": "F619533D0BBE4DBEBE1766B0FAD78E45",
  "runtimes\\win-x64\\native\\SDL2.dll": "343B88AADC4CCB4E87F2FAD2AF66D028",
  "runtimes\\win-x64\\native\\stbi.dll": "42B754FC499808D596A7E070FCD93ACD",
  "runtimes\\win-x64\\native\\stbi.lib": "927C214DE576219E1F80DBE7798A0502",
  "runtimes\\win-x86\\native\\glfw3.dll": "B3709D15853DBB9B6B6E00F0AD3D6990",
  "runtimes\\win-x86\\native\\SDL2.dll": "0D73FCF3E0443664DE326F3D9AE1B0ED",
  "targets\\Dalamud.Plugin.Bootstrap.targets": "72C91AC1B4F7C83711BB4C5834FE49A8",
  "targets\\Dalamud.Plugin.targets": "D3DE10F1F04F22619FDD1005FD3DCFEF",
  "CheapLoc.dll": "90562F0F3440A03CB22038EC38DC865B",
  "Costura.dll": "1A2E5FB406E815F18F059C4BE1B69C95",
  "Dalamud.Boot.dll": "51C9E4BDA3FC62958E7C9C8D33F4D707",
  "Dalamud.deps.json": "FCC14F93C9850DC28BD5337EB2CB727A",
  "Dalamud.dll": "A35B8B5D840D42BD8BA6633BB348D37B",
  "Dalamud.Injector.deps.json": "D10EED2039C0151239F5EA4FE3A65A7B",
  "Dalamud.Injector.dll": "BB999D0A28A79447739EDEE7342485E3",
  "Dalamud.Injector.exe": "DD00FCCE996C85C39BE825CA8EC89640",
  "Dalamud.Injector.runtimeconfig.json": "AAAFA957BB3B382321D67ACC2D792553",
  "Dalamud.Injector.xml": "CC06A545B271F56E0781ECC82BDEF67F",
  "Dalamud.runtimeconfig.json": "454E2BA21742B08CF0A9827950A92B0F",
  "Dalamud.xml": "723E34889FFB7177C2F7F59B7701E2D2",
  "DalamudCrashHandler.exe": "C10D23916D8168B034D9708D45BC3B23",
  "FASM-LICENSE.TXT": "ECEA1D10811221D5F0A3E96F9C38E2C7",
  "FASM.DLL": "F83C22B29441A1613D5B36181FC363FB",
  "FASMX64.DLL": "A12417726D65F16CF68E59810262B53D",
  "FFXIVClientStructs.dll": "FC7AF98D8F942F3ACD5CF30B6BF06ADB",
  "FFXIVClientStructs.xml": "99D52300842511BA998676842AD0B2D7",
  "goaaats.Reloaded.Assembler.targets": "CC22CB0A353E2136EE9E6E96DB9F7164",
  "Iced.dll": "E135965DF09D0A8606DC258C658BD1B2",
  "ImGui.NET.dll": "96AD29427E0809F220BA2D4957B0732F",
  "ImGuiScene.dll": "085FC5AEF0434F3496B7B87129C1CC59",
  "JetBrains.Annotations.dll": "9DC9175C22D1140E0BE34C9D37D854D8",
  "licenses.txt": "A159BE62AA91178EFC3E3983AE874D1D",
  "Lumina.dll": "AD74F9308D172DF86C66AE9A0D7DD23D",
  "Lumina.Excel.dll": "4540DB1D3E1032602E7ABE6AD42EC13F",
  "Microsoft.Bcl.HashCode.dll": "613AB56061ADF2284E047025207467E0",
  "Microsoft.DotNet.PlatformAbstractions.dll": "00AB0F02B1114C57C758F5AD595224F1",
  "Microsoft.Extensions.DependencyModel.dll": "F39BC76C10CFEA478C936FC4521A9FC9",
  "MinSharp.dll": "01E0C10C45C42A8E5706B4530A347627",
  "Mono.Cecil.dll": "6BC14EA197ACB578482D8F9DBC66C3F2",
  "Mono.Cecil.Mdb.dll": "41C151A5696C285EFC4D1F7177F7D445",
  "Mono.Cecil.Pdb.dll": "43A15E1759179F11F53BFE8BF98519F2",
  "Mono.Cecil.Rocks.dll": "5AFDE999BC4064C4F22D93EA42C74B37",
  "MonoMod.Backports.dll": "8C45F1F8E4693B23A757CC6920976EE3",
  "MonoMod.Core.dll": "C1BDD3235631749726FE190668D3AC38",
  "MonoMod.Iced.dll": "C264B6312845F729F51DBED25005E6C6",
  "MonoMod.ILHelpers.dll": "C1DBA291544442AD677ACEF5D416A0B7",
  "MonoMod.RuntimeDetour.dll": "98EFF887497F924C8E885260070E226C",
  "MonoMod.Utils.dll": "18A5EFD9A1C584E3F2376149802ABD5B",
  "nethost.dll": "012081214FE71F0F6ADCD9F4A71B2B00",
  "Newtonsoft.Json.dll": "86A83A63F12B55FD3718CFBFB577D7DC",
  "PeNet.Asn1.dll": "6F39DA5ED2C2A7BF38FD8976B99B0FFF",
  "PeNet.dll": "61F5A7AED9C3D9C3DD5004A5A19E00C6",
  "PInvoke.AdvApi32.dll": "34EE461D05B403C3A15D0DEC32A3788C",
  "PInvoke.BCrypt.dll": "FD07758EE1440491F22923084109FF26",
  "PInvoke.Cabinet.dll": "333D950E3804735DA60CC41D614C63E2",
  "PInvoke.CfgMgr32.dll": "768BE7CC18EDCF78B296A72ABE891691",
  "PInvoke.Crypt32.dll": "E7B00B0851738F4A7F2C6D37DAA973B4",
  "PInvoke.DbgHelp.dll": "E701136169620D20E3A70B560DE20E44",
  "PInvoke.DwmApi.dll": "ACF223CC8962404056648815B486F7D9",
  "PInvoke.Gdi32.dll": "69FF434826F98582CE44D3136ECFFACB",
  "PInvoke.Hid.dll": "2E7A41257F8AD9B26073181F450CD8E5",
  "PInvoke.ImageHlp.dll": "79BE816E8D86EA66489D7780DD675D49",
  "PInvoke.IPHlpApi.dll": "E949FA3326D1BA8872B179AB4EE49D38",
  "PInvoke.Kernel32.dll": "234E15B122ED430DE99490CA1A204958",
  "PInvoke.Magnification.dll": "C9EA3D34F506741ECC044DB19C151F09",
  "PInvoke.Msi.dll": "69EE50CE2DA6B55755E52589F49A7EBC",
  "PInvoke.NCrypt.dll": "DA1DE76C14D99370CA3BEF19DC299B15",
  "PInvoke.NetApi32.dll": "AE79F9FA2E3864A5E0642AE4622ECDC5",
  "PInvoke.NewDev.dll": "B3E1992105D986EF9C5C8E4B630FBB07",
  "PInvoke.NTDll.dll": "3F6BDF840EB27DD0FD9EB8071822183A",
  "PInvoke.Ole32.dll": "3C49FB100B60519FFE725BCD12A538F6",
  "PInvoke.Psapi.dll": "A7683EE4B880227F01C8AE632A892B9E",
  "PInvoke.SetupApi.dll": "1B7AE321185D0081D1759A9AD829F9BA",
  "PInvoke.SHCore.dll": "F27E7F063D51480F6D2294C903E4A606",
  "PInvoke.Shell32.dll": "F71A1BCAF6478190691170DAEA77722F",
  "PInvoke.User32.dll": "8BEDE38311ED4F27127290B81B8079FD",
  "PInvoke.Userenv.dll": "FEB7BCA90B8C905EC2F4BB0789847131",
  "PInvoke.UxTheme.dll": "8E683C016250CB719FDB9AAAFC22B3C5",
  "PInvoke.Windows.Core.dll": "90015440A44935208FFEA9BF61740651",
  "PInvoke.Windows.ShellScalingApi.dll": "F351B34B8C9183A51CADFDC279357C49",
  "PInvoke.WinUsb.dll": "9EB8A0280F2848D1A32B560A939F7336",
  "PInvoke.WtsApi32.dll": "341C94455D2E5893DBE4293D4D67AA4D",
  "Reloaded.Assembler.dll": "44F84F9C2273B5CC030610714C990E5C",
  "Reloaded.Hooks.Definitions.dll": "DC5B05F0A73B236D3D71550444BADD83",
  "Reloaded.Hooks.dll": "B5E1D14EE5430D32DF1B6DB1DDFD33D3",
  "Reloaded.Memory.Buffers.dll": "5DC603115E5F8CD83BC99D5618B3EEC1",
  "Reloaded.Memory.dll": "70124218DEE3E70437AFB9EBDE31C440",
  "revision.txt": "861578D797AEB0634F77AFF3F488CCA2",
  "SDL2-CS.config": "65557595FD5DF55D93B2BF881DE62C3A",
  "SDL2-CS.dll": "94B5096EBD498895F0E05442C0131B7D",
  "Serilog.dll": "E7736D122070439B10804222238A275A",
  "Serilog.Sinks.Async.dll": "02ACAF9263A411572C7CA954B7A98A2B",
  "Serilog.Sinks.Console.dll": "AFE2A807F1DD0A6DA9B82281619D0784",
  "Serilog.Sinks.File.dll": "6C3D2304B113E7DFF50F4D332167F025",
  "SharpDX.Direct3D11.dll": "FC2B0124F301E727CAD761DFD898D1D0",
  "SharpDX.dll": "3451B676F13CD58D112DB80D195BE374",
  "SharpDX.DXGI.dll": "F2A95F99AC42FDDDA03A61F3518673E9",
  "SharpDX.Mathematics.dll": "AE400E21C61B24777900A636C3F8D73C",
  "Silk.NET.Core.dll": "77381A1B0FAF89081219647060609F50",
  "Silk.NET.GLFW.dll": "C465AA341F440D71FFBBD809582682F6",
  "Silk.NET.Maths.dll": "F3E59BF0897A91CCB76A1CF83353748A",
  "Silk.NET.OpenGL.dll": "F72042CCAC58C786B757E9A4DD323EB7",
  "Silk.NET.SDL.dll": "73BEB321BCA3E97BA1CE116F403F1E9C",
  "Silk.NET.Windowing.Common.dll": "78D6C2972042A84BADBFD20770E1ABD6",
  "Silk.NET.Windowing.Glfw.dll": "27153E0B959BFBC9EA50D1ADA48FECFD",
  "Silk.NET.Windowing.Sdl.dll": "F724733DE9D2F04A3229D4C151597377",
  "StbiSharp.dll": "7479BC88BDEC571E222227F875D8FEF5",
  "System.Reactive.dll": "EF5A00287AD15393D41B12AA4B726FF7",
  "System.Reflection.MetadataLoadContext.dll": "7EC41D41F4E1246757BA3E2EC862D562",
  "System.Security.Cryptography.Pkcs.dll": "8950E01996A37E808BE3F39063C37BF9",
  "TEMP_gitver.txt": "FBAB184E5109B84D9EA7B4ED0FEFA916",
  "Validation.dll": "D68174443068B7226A35AFD324269391"
}
