{
  "runtimes\\linux-x64\\native\\libglfw.so.3": "9E3137144F68B9E9793F4C7AD5B1BEA7",
  "runtimes\\linux-x64\\native\\libSDL2-2.0.so": "99B95A708381FC66AB2370E45A260527",
  "runtimes\\linux-x64\\native\\libstbi.so": "0945355ED59677D06E3E88F48101BB26",
  "runtimes\\osx-x64\\native\\libglfw.3.dylib": "1E30FAB2F0C40E82290AD4B0BF14A880",
  "runtimes\\osx-x64\\native\\libSDL2-2.0.dylib": "AAC958490586C67395F0A90903AE3747",
  "runtimes\\osx-x64\\native\\libstbi.dylib": "0B84B0A6A80178266018081C3CAB68E6",
  "runtimes\\win-x64\\native\\cimgui.dll": "DC2FE65BF45B2D1F53E7F95D434B0980",
  "runtimes\\win-x64\\native\\cimguizmo.dll": "A7CFB2FA7047B739941E7E0692093333",
  "runtimes\\win-x64\\native\\cimplot.dll": "CE5FF668390F3EBD35F58C2B782C3CF5",
  "runtimes\\win-x64\\native\\glfw3.dll": "B65CC47C0A8ADD0BCA1E2F2616E2B44E",
  "runtimes\\win-x64\\native\\minhook.x64d.dll": "AB685CBEBCB91F7030D326A1DDA79D7B",
  "runtimes\\win-x64\\native\\SDL2.dll": "573B53435A543C0BDF317B8826EB9456",
  "runtimes\\win-x64\\native\\stbi.dll": "A4BB8D157FBC226DE297EC5E77C7D4BC",
  "runtimes\\win-x64\\native\\stbi.lib": "927C214DE576219E1F80DBE7798A0502",
  "runtimes\\win-x86\\native\\glfw3.dll": "0773B4AEF1E42532394DF4A0807339CC",
  "runtimes\\win-x86\\native\\SDL2.dll": "F9E3D4C3464D5B25FB210A4C89B67B55",
  "targets\\Dalamud.Plugin.Bootstrap.targets": "72C91AC1B4F7C83711BB4C5834FE49A8",
  "targets\\Dalamud.Plugin.targets": "D3DE10F1F04F22619FDD1005FD3DCFEF",
  "CheapLoc.dll": "59CE5767B0F1C36B8CA1241BD88E46BE",
  "Costura.dll": "817491BF6ACF1206E0DCA255C30C6511",
  "Dalamud.Boot.dll": "D8935A956B7F74F326B933DF91A71F16",
  "Dalamud.deps.json": "DDB22E0738D8FA598772708A6F9B131F",
  "Dalamud.dll": "92DCFD1CE82F872AE9E77B947CEC03B4",
  "Dalamud.Injector.deps.json": "D10EED2039C0151239F5EA4FE3A65A7B",
  "Dalamud.Injector.dll": "59D3E89418E3C8B2113894AD715DEE53",
  "Dalamud.Injector.exe": "B21999386F121C9A3318FD9B8BCA755D",
  "Dalamud.Injector.runtimeconfig.json": "AAAFA957BB3B382321D67ACC2D792553",
  "Dalamud.Injector.xml": "CC06A545B271F56E0781ECC82BDEF67F",
  "Dalamud.runtimeconfig.json": "454E2BA21742B08CF0A9827950A92B0F",
  "Dalamud.xml": "69FF453B97C59A29BEC809B41CE6DEA3",
  "DalamudCrashHandler.exe": "090AD7F78FFC96AA174376A8FCBBBB97",
  "FASM-LICENSE.TXT": "ECEA1D10811221D5F0A3E96F9C38E2C7",
  "FASM.DLL": "017D7C56F4E2DF830A326E7F4DC8848B",
  "FASMX64.DLL": "CEAB73FD360B317787458191C06508A5",
  "FFXIVClientStructs.dll": "7D4C3237C48AB38A62CAEC24E959EA20",
  "FFXIVClientStructs.xml": "BA4F4EE1FE3A86FD25F585B2E2EAB745",
  "goaaats.Reloaded.Assembler.targets": "CC22CB0A353E2136EE9E6E96DB9F7164",
  "Iced.dll": "7CD8080E8E700CF77C3BE425B41A660E",
  "ImGui.NET.dll": "9E65EE263F6AE53D6A912D4AFF200BD6",
  "ImGuiScene.dll": "46EC4AD20F66A322FF3C1C3FD262D791",
  "JetBrains.Annotations.dll": "E77240F77B99B173C059AEBE2BA76890",
  "licenses.txt": "A159BE62AA91178EFC3E3983AE874D1D",
  "Lumina.dll": "67259B4CEBF1B3FA017A77C92B0708F4",
  "Lumina.Excel.dll": "6B5FF0370A744150A4EFD6718F3EEE3B",
  "Microsoft.Bcl.HashCode.dll": "613AB56061ADF2284E047025207467E0",
  "Microsoft.DotNet.PlatformAbstractions.dll": "00AB0F02B1114C57C758F5AD595224F1",
  "Microsoft.Extensions.DependencyModel.dll": "F39BC76C10CFEA478C936FC4521A9FC9",
  "MinSharp.dll": "09381EA4F8F712E802DF02FEEAD9F754",
  "Mono.Cecil.dll": "9C8AF61552203230438F51ABE1F3FCE1",
  "Mono.Cecil.Mdb.dll": "6B1A609913304E0485FBBB1A28AEBD97",
  "Mono.Cecil.Pdb.dll": "B37204A7EB067CBB8572D0FCC4DDA1E4",
  "Mono.Cecil.Rocks.dll": "2D476BA7A3B047CD32828DE0A3E2945C",
  "MonoMod.Backports.dll": "5801503165073689D7C378F1E76F9FA5",
  "MonoMod.Core.dll": "5A0E19C7C5F7D2DBCE7ACBC12F9C199F",
  "MonoMod.Iced.dll": "DAE1EC9DC8017C075970B1C449F5F8C0",
  "MonoMod.ILHelpers.dll": "1DCE351DFDB106B571CC04EDD2585954",
  "MonoMod.RuntimeDetour.dll": "DE09C259DAA96DC8B36D6FAB8B21910C",
  "MonoMod.Utils.dll": "051EFE3C5272D02D7D35976A9D8E8A5B",
  "nethost.dll": "012081214FE71F0F6ADCD9F4A71B2B00",
  "Newtonsoft.Json.dll": "86A83A63F12B55FD3718CFBFB577D7DC",
  "PeNet.Asn1.dll": "E11429F4A293934E9B38FBE6FC1A38F4",
  "PeNet.dll": "327E11641EC982EBC62AD9F787A894DB",
  "PInvoke.AdvApi32.dll": "34EE461D05B403C3A15D0DEC32A3788C",
  "PInvoke.BCrypt.dll": "FD07758EE1440491F22923084109FF26",
  "PInvoke.Cabinet.dll": "333D950E3804735DA60CC41D614C63E2",
  "PInvoke.CfgMgr32.dll": "768BE7CC18EDCF78B296A72ABE891691",
  "PInvoke.Crypt32.dll": "E7B00B0851738F4A7F2C6D37DAA973B4",
  "PInvoke.DbgHelp.dll": "E701136169620D20E3A70B560DE20E44",
  "PInvoke.DwmApi.dll": "ACF223CC8962404056648815B486F7D9",
  "PInvoke.Gdi32.dll": "69FF434826F98582CE44D3136ECFFACB",
  "PInvoke.Hid.dll": "2E7A41257F8AD9B26073181F450CD8E5",
  "PInvoke.ImageHlp.dll": "79BE816E8D86EA66489D7780DD675D49",
  "PInvoke.IPHlpApi.dll": "E949FA3326D1BA8872B179AB4EE49D38",
  "PInvoke.Kernel32.dll": "234E15B122ED430DE99490CA1A204958",
  "PInvoke.Magnification.dll": "C9EA3D34F506741ECC044DB19C151F09",
  "PInvoke.Msi.dll": "69EE50CE2DA6B55755E52589F49A7EBC",
  "PInvoke.NCrypt.dll": "DA1DE76C14D99370CA3BEF19DC299B15",
  "PInvoke.NetApi32.dll": "AE79F9FA2E3864A5E0642AE4622ECDC5",
  "PInvoke.NewDev.dll": "B3E1992105D986EF9C5C8E4B630FBB07",
  "PInvoke.NTDll.dll": "3F6BDF840EB27DD0FD9EB8071822183A",
  "PInvoke.Ole32.dll": "3C49FB100B60519FFE725BCD12A538F6",
  "PInvoke.Psapi.dll": "A7683EE4B880227F01C8AE632A892B9E",
  "PInvoke.SetupApi.dll": "1B7AE321185D0081D1759A9AD829F9BA",
  "PInvoke.SHCore.dll": "F27E7F063D51480F6D2294C903E4A606",
  "PInvoke.Shell32.dll": "F71A1BCAF6478190691170DAEA77722F",
  "PInvoke.User32.dll": "8BEDE38311ED4F27127290B81B8079FD",
  "PInvoke.Userenv.dll": "FEB7BCA90B8C905EC2F4BB0789847131",
  "PInvoke.UxTheme.dll": "8E683C016250CB719FDB9AAAFC22B3C5",
  "PInvoke.Windows.Core.dll": "90015440A44935208FFEA9BF61740651",
  "PInvoke.Windows.ShellScalingApi.dll": "F351B34B8C9183A51CADFDC279357C49",
  "PInvoke.WinUsb.dll": "9EB8A0280F2848D1A32B560A939F7336",
  "PInvoke.WtsApi32.dll": "341C94455D2E5893DBE4293D4D67AA4D",
  "Reloaded.Assembler.dll": "9C1AA66E17DA77461739C01634B53B67",
  "Reloaded.Hooks.Definitions.dll": "867F9B32CD13CB6F65303297D371C654",
  "Reloaded.Hooks.dll": "FFDDFD7954CD7267D2CF53A4798E5D06",
  "Reloaded.Memory.Buffers.dll": "A25B89FF33371718545FFA8F3410C419",
  "Reloaded.Memory.dll": "5CAEFB61BDCAA5313EAA17DDF6F51F34",
  "revision.txt": "8430B32B5BAC908E765DF8813D4405C5",
  "SDL2-CS.config": "65557595FD5DF55D93B2BF881DE62C3A",
  "SDL2-CS.dll": "01A6E9009D9F70C9A1860AC4A8B0AEE1",
  "Serilog.dll": "E433C797191B54D27CE105E8C9D47A4F",
  "Serilog.Sinks.Async.dll": "B3905491ABFC1973E8A1BFF2ED775D2C",
  "Serilog.Sinks.Console.dll": "1B0E8173214831D766F3D8647788C002",
  "Serilog.Sinks.File.dll": "DF3318DD0C3A9DEE5E5FF93B8D0B1ED3",
  "SharpDX.Direct3D11.dll": "F713170109AA15E3F22179A3AA64A8AD",
  "SharpDX.dll": "EF39BA9A26398512BB75D6CC789E6935",
  "SharpDX.DXGI.dll": "ED1074DE63637A5D6F7363E85608079B",
  "SharpDX.Mathematics.dll": "D2E4AFE7C0CD11062B274E3AA8D58B82",
  "Silk.NET.Core.dll": "A2DA43F699389113BC32E9968BD735DA",
  "Silk.NET.GLFW.dll": "25E79AB3AB48408CEBA18BD982286B06",
  "Silk.NET.Maths.dll": "99A54BD03F3FDA43DCBD1A1F82ECA3F2",
  "Silk.NET.OpenGL.dll": "F07EC382F6E2328ADA5D9A84F0C76657",
  "Silk.NET.SDL.dll": "04F842BCF9AA509410C27A8D5E266397",
  "Silk.NET.Windowing.Common.dll": "6B0A644999FBCA55DDF9D7C511466BE3",
  "Silk.NET.Windowing.Glfw.dll": "2778F040632511F4ACDD1B19B9EE79BF",
  "Silk.NET.Windowing.Sdl.dll": "EA5BAAB16BC59268147422F5FEEC7B3B",
  "StbiSharp.dll": "D5DCD5600AC1D7C5E18EF3689C10E95F",
  "System.Reactive.dll": "EF5A00287AD15393D41B12AA4B726FF7",
  "System.Reflection.MetadataLoadContext.dll": "7EC41D41F4E1246757BA3E2EC862D562",
  "System.Security.Cryptography.Pkcs.dll": "8950E01996A37E808BE3F39063C37BF9",
  "TEMP_gitver.txt": "1F3D780F3A8E86EAC17A238411F60D6A",
  "Validation.dll": "C5C4242DC538F80AE44E2BBC7FACDCE7"
}
