{
  "runtimes\\linux-x64\\native\\libglfw.so.3": "9E3137144F68B9E9793F4C7AD5B1BEA7",
  "runtimes\\linux-x64\\native\\libSDL2-2.0.so": "99B95A708381FC66AB2370E45A260527",
  "runtimes\\linux-x64\\native\\libstbi.so": "0945355ED59677D06E3E88F48101BB26",
  "runtimes\\osx-x64\\native\\libglfw.3.dylib": "1E30FAB2F0C40E82290AD4B0BF14A880",
  "runtimes\\osx-x64\\native\\libSDL2-2.0.dylib": "AAC958490586C67395F0A90903AE3747",
  "runtimes\\osx-x64\\native\\libstbi.dylib": "0B84B0A6A80178266018081C3CAB68E6",
  "runtimes\\win-x64\\native\\cimgui.dll": "2EC43663DE8A613AA1D357F5AF4D84DE",
  "runtimes\\win-x64\\native\\cimguizmo.dll": "A7C65A66C951C4432DE498405CA8190B",
  "runtimes\\win-x64\\native\\cimplot.dll": "11AD9DBD5D45749B5117FBB72596684E",
  "runtimes\\win-x64\\native\\glfw3.dll": "C75567496AD64DC1EEE4B079FCC5E61B",
  "runtimes\\win-x64\\native\\minhook.x64d.dll": "B4352D5EAAA2D341CA5CF2CDD1BF9879",
  "runtimes\\win-x64\\native\\SDL2.dll": "335E7DF7238522326393415D7C02DAE5",
  "runtimes\\win-x64\\native\\stbi.dll": "5E8597E522FF84AB295E7D8DB5D6D8FD",
  "runtimes\\win-x64\\native\\stbi.lib": "927C214DE576219E1F80DBE7798A0502",
  "runtimes\\win-x86\\native\\glfw3.dll": "D7FD3BA0E20CCA68D5805EBE97C3F05A",
  "runtimes\\win-x86\\native\\SDL2.dll": "01EA8A547E9F4F6C9180B8E1E80C00AE",
  "targets\\Dalamud.Plugin.Bootstrap.targets": "72C91AC1B4F7C83711BB4C5834FE49A8",
  "targets\\Dalamud.Plugin.targets": "D3DE10F1F04F22619FDD1005FD3DCFEF",
  "CheapLoc.dll": "FFBE65CC1DD3EA626FBC12447A8F6BDE",
  "Costura.dll": "87DE9D5D1575EDDE3A3D841A7732963D",
  "Dalamud.Boot.dll": "3842B20FE7303CF5FE2121F72E1733CD",
  "Dalamud.deps.json": "DDB22E0738D8FA598772708A6F9B131F",
  "Dalamud.dll": "433F8625183FE193D237481DED18BD13",
  "Dalamud.Injector.deps.json": "D10EED2039C0151239F5EA4FE3A65A7B",
  "Dalamud.Injector.dll": "CF31946136B501EAA566B1DDD892545A",
  "Dalamud.Injector.exe": "0798FA4D7B46F0AE67CED247A142F21B",
  "Dalamud.Injector.runtimeconfig.json": "AAAFA957BB3B382321D67ACC2D792553",
  "Dalamud.Injector.xml": "CC06A545B271F56E0781ECC82BDEF67F",
  "Dalamud.runtimeconfig.json": "454E2BA21742B08CF0A9827950A92B0F",
  "Dalamud.xml": "07261DD9735E8EDC2BA956FE9BDF9964",
  "DalamudCrashHandler.exe": "1EF10E25948BD198AD5360516022B6FD",
  "FASM-LICENSE.TXT": "ECEA1D10811221D5F0A3E96F9C38E2C7",
  "FASM.DLL": "D4D8141F883B8286EBBBF8201EC6A642",
  "FASMX64.DLL": "200FB3D47DEC61C1EA03087F983C0845",
  "FFXIVClientStructs.dll": "EBA760740FDB312A776F7676289D7318",
  "FFXIVClientStructs.xml": "B457B29B810C40B9AD58A4A10AF9ABD5",
  "goaaats.Reloaded.Assembler.targets": "CC22CB0A353E2136EE9E6E96DB9F7164",
  "Iced.dll": "313F5E4AFF0C816F7D45FA8E9AF081AF",
  "ImGui.NET.dll": "1EEDF2BE5C9A195A05726ACA597CAAC4",
  "ImGuiScene.dll": "B13AB23B1AD4C8B2337F58319907C495",
  "JetBrains.Annotations.dll": "F9151B7D917913149A080A39210450B6",
  "licenses.txt": "A159BE62AA91178EFC3E3983AE874D1D",
  "Lumina.dll": "044D9F7E381FA226BAF083409AB5865E",
  "Lumina.Excel.dll": "A2CB69DC99B46C72AE3D3F746E6DA8E4",
  "Microsoft.Bcl.HashCode.dll": "613AB56061ADF2284E047025207467E0",
  "Microsoft.DotNet.PlatformAbstractions.dll": "00AB0F02B1114C57C758F5AD595224F1",
  "Microsoft.Extensions.DependencyModel.dll": "F39BC76C10CFEA478C936FC4521A9FC9",
  "MinSharp.dll": "ED170D9847C408C7DDB479012C33338C",
  "Mono.Cecil.dll": "C99D03C55B5E6AB34DA8678F1EA4B2EF",
  "Mono.Cecil.Mdb.dll": "7C9755F163ADF5866BA82C463FEB9D51",
  "Mono.Cecil.Pdb.dll": "0DBEAB1929B91340D4050F0AC0D321FE",
  "Mono.Cecil.Rocks.dll": "62651E4EA4FFADCBC4F32B9CA8056315",
  "MonoMod.Backports.dll": "36E6AA644ADB068522E9881115E823EB",
  "MonoMod.Core.dll": "1D88525EAF1DD831573F97C124EAE519",
  "MonoMod.Iced.dll": "0C8C9645B25FCCB13DF465E05D85BF6C",
  "MonoMod.ILHelpers.dll": "88E2C5EA07A94618E0859A54C71E1ACD",
  "MonoMod.RuntimeDetour.dll": "8B3FB2F9C35178927B703322E3839F0A",
  "MonoMod.Utils.dll": "70D2464D143793AED594871F4CDBE8B2",
  "nethost.dll": "012081214FE71F0F6ADCD9F4A71B2B00",
  "Newtonsoft.Json.dll": "86A83A63F12B55FD3718CFBFB577D7DC",
  "PeNet.Asn1.dll": "7B1AAC3E8DEEEED22F134E4C677F7AE9",
  "PeNet.dll": "B7BEBD4EC6BC82F73792785F8692594C",
  "PInvoke.AdvApi32.dll": "34EE461D05B403C3A15D0DEC32A3788C",
  "PInvoke.BCrypt.dll": "FD07758EE1440491F22923084109FF26",
  "PInvoke.Cabinet.dll": "333D950E3804735DA60CC41D614C63E2",
  "PInvoke.CfgMgr32.dll": "768BE7CC18EDCF78B296A72ABE891691",
  "PInvoke.Crypt32.dll": "E7B00B0851738F4A7F2C6D37DAA973B4",
  "PInvoke.DbgHelp.dll": "E701136169620D20E3A70B560DE20E44",
  "PInvoke.DwmApi.dll": "ACF223CC8962404056648815B486F7D9",
  "PInvoke.Gdi32.dll": "69FF434826F98582CE44D3136ECFFACB",
  "PInvoke.Hid.dll": "2E7A41257F8AD9B26073181F450CD8E5",
  "PInvoke.ImageHlp.dll": "79BE816E8D86EA66489D7780DD675D49",
  "PInvoke.IPHlpApi.dll": "E949FA3326D1BA8872B179AB4EE49D38",
  "PInvoke.Kernel32.dll": "234E15B122ED430DE99490CA1A204958",
  "PInvoke.Magnification.dll": "C9EA3D34F506741ECC044DB19C151F09",
  "PInvoke.Msi.dll": "69EE50CE2DA6B55755E52589F49A7EBC",
  "PInvoke.NCrypt.dll": "DA1DE76C14D99370CA3BEF19DC299B15",
  "PInvoke.NetApi32.dll": "AE79F9FA2E3864A5E0642AE4622ECDC5",
  "PInvoke.NewDev.dll": "B3E1992105D986EF9C5C8E4B630FBB07",
  "PInvoke.NTDll.dll": "3F6BDF840EB27DD0FD9EB8071822183A",
  "PInvoke.Ole32.dll": "3C49FB100B60519FFE725BCD12A538F6",
  "PInvoke.Psapi.dll": "A7683EE4B880227F01C8AE632A892B9E",
  "PInvoke.SetupApi.dll": "1B7AE321185D0081D1759A9AD829F9BA",
  "PInvoke.SHCore.dll": "F27E7F063D51480F6D2294C903E4A606",
  "PInvoke.Shell32.dll": "F71A1BCAF6478190691170DAEA77722F",
  "PInvoke.User32.dll": "8BEDE38311ED4F27127290B81B8079FD",
  "PInvoke.Userenv.dll": "FEB7BCA90B8C905EC2F4BB0789847131",
  "PInvoke.UxTheme.dll": "8E683C016250CB719FDB9AAAFC22B3C5",
  "PInvoke.Windows.Core.dll": "90015440A44935208FFEA9BF61740651",
  "PInvoke.Windows.ShellScalingApi.dll": "F351B34B8C9183A51CADFDC279357C49",
  "PInvoke.WinUsb.dll": "9EB8A0280F2848D1A32B560A939F7336",
  "PInvoke.WtsApi32.dll": "341C94455D2E5893DBE4293D4D67AA4D",
  "Reloaded.Assembler.dll": "3D485A91523EC2E341733741334125BE",
  "Reloaded.Hooks.Definitions.dll": "696F720C33119D79318EF5BDE4C04F37",
  "Reloaded.Hooks.dll": "8073BE98192FB590DF124DBE1510B36E",
  "Reloaded.Memory.Buffers.dll": "E1311778A1DEBCDD0141400058AE3179",
  "Reloaded.Memory.dll": "25550461A398665CB8FAD6B942BCF88F",
  "revision.txt": "5BF8AAEF51C6E0D363CBE554ACAF3F20",
  "SDL2-CS.config": "65557595FD5DF55D93B2BF881DE62C3A",
  "SDL2-CS.dll": "5F3919B3B2FD9EB2323C3762CB5F7AD3",
  "Serilog.dll": "B4108D566815DB9E8470504733463A86",
  "Serilog.Sinks.Async.dll": "74CEDE64A882FC2238BE8A103A36D5FF",
  "Serilog.Sinks.Console.dll": "B07DA5E7073CE65FC95333D6DB755BBF",
  "Serilog.Sinks.File.dll": "B7B79A616742CA1B17D15EDF8FBC94CE",
  "SharpDX.Direct3D11.dll": "E49272AE5EE386EE95C0F6ACF182AC6B",
  "SharpDX.dll": "08A16ACEC3733EF20F3C3221831F3872",
  "SharpDX.DXGI.dll": "2B15E4640B6779FCDE3689AEA9E944E1",
  "SharpDX.Mathematics.dll": "9412EAEB04181F946DB2368C284D0431",
  "Silk.NET.Core.dll": "77393580B86E2C3FDA29CC6F0EB4E336",
  "Silk.NET.GLFW.dll": "7EEDA811F689A33E261F9BB58B110FFE",
  "Silk.NET.Maths.dll": "BBCDC0814BCC5239E6CF9E12BB1DD3F0",
  "Silk.NET.OpenGL.dll": "1E7F9A674AF0C83D9B9BBEB4E8D879A4",
  "Silk.NET.SDL.dll": "817AC46203560C07BD3E7896A98B493E",
  "Silk.NET.Windowing.Common.dll": "5C02206D8C25873BE748D72270598C45",
  "Silk.NET.Windowing.Glfw.dll": "CB1B2668D08D85963160CC6CB5FF967C",
  "Silk.NET.Windowing.Sdl.dll": "28B11A227D080A580F342B4728EE3E54",
  "StbiSharp.dll": "8B189BBD3F7C7DA25131F7709BE95981",
  "System.Reactive.dll": "EF5A00287AD15393D41B12AA4B726FF7",
  "System.Reflection.MetadataLoadContext.dll": "7EC41D41F4E1246757BA3E2EC862D562",
  "System.Security.Cryptography.Pkcs.dll": "8950E01996A37E808BE3F39063C37BF9",
  "TEMP_gitver.txt": "FAA9BCB3BA39318729523DC4B4B29FE6",
  "Validation.dll": "8AC90EF23B9675190562734994445E44"
}
