{
  "runtimes\\alpine-x64\\native\\libe_sqlite3.so": "39C244FEDBCD3DFC37041D4FCE1AE21D",
  "runtimes\\linux-arm\\native\\libe_sqlite3.so": "96CF54BC0EFB83D6E3F5F3E04997A59D",
  "runtimes\\linux-arm64\\native\\libe_sqlite3.so": "F079E55E7F3F9966A4A2052A3234E068",
  "runtimes\\linux-armel\\native\\libe_sqlite3.so": "C5A67D49434FC65D64E9C15778078C76",
  "runtimes\\linux-mips64\\native\\libe_sqlite3.so": "5F8461214089CFC677D46C19B7162161",
  "runtimes\\linux-musl-x64\\native\\libe_sqlite3.so": "39C244FEDBCD3DFC37041D4FCE1AE21D",
  "runtimes\\linux-x64\\native\\libe_sqlite3.so": "6F49C540D3AB9964D67A4A704C3D262D",
  "runtimes\\linux-x64\\native\\libglfw.so.3": "9E3137144F68B9E9793F4C7AD5B1BEA7",
  "runtimes\\linux-x64\\native\\libSDL2-2.0.so": "99B95A708381FC66AB2370E45A260527",
  "runtimes\\linux-x64\\native\\libstbi.so": "0945355ED59677D06E3E88F48101BB26",
  "runtimes\\linux-x86\\native\\libe_sqlite3.so": "5E0659B414CBD6DDC38C65582485853E",
  "runtimes\\osx-x64\\native\\libe_sqlite3.dylib": "F82AE134FCD1C080A69D775591406673",
  "runtimes\\osx-x64\\native\\libglfw.3.dylib": "1E30FAB2F0C40E82290AD4B0BF14A880",
  "runtimes\\osx-x64\\native\\libSDL2-2.0.dylib": "AAC958490586C67395F0A90903AE3747",
  "runtimes\\osx-x64\\native\\libstbi.dylib": "0B84B0A6A80178266018081C3CAB68E6",
  "runtimes\\win-arm\\native\\e_sqlite3.dll": "E58E91108EDAC2DD9CD4D4F949DFB4BE",
  "runtimes\\win-arm64\\native\\e_sqlite3.dll": "5CDAF1B8876B8E26F36584BF47F2554B",
  "runtimes\\win-x64\\native\\cimgui.dll": "27D1F56D8906C15162EA20BBB30653C5",
  "runtimes\\win-x64\\native\\cimguizmo.dll": "9ED8FB92941A3575E7DAD4DBC03D703E",
  "runtimes\\win-x64\\native\\cimplot.dll": "0969E8F1678313858EEE842318FEE44A",
  "runtimes\\win-x64\\native\\e_sqlite3.dll": "FEDEC12D8BADE78EF82F91FB52D9ABF5",
  "runtimes\\win-x64\\native\\glfw3.dll": "5136644D5AA961A6599289C322923F57",
  "runtimes\\win-x64\\native\\minhook.x64d.dll": "608F2C79540DF8933199494271F35DB4",
  "runtimes\\win-x64\\native\\SDL2.dll": "41B036398D18D9312CF5AFB95A550EC1",
  "runtimes\\win-x64\\native\\stbi.dll": "175CF51BCBB61853167E5F1AA0F482A9",
  "runtimes\\win-x64\\native\\stbi.lib": "927C214DE576219E1F80DBE7798A0502",
  "runtimes\\win-x86\\native\\e_sqlite3.dll": "C84AA06C576A7308FA03E5A07C6714A8",
  "runtimes\\win-x86\\native\\glfw3.dll": "75E7A9D4FD0D77A65FEE01CDDB7DA071",
  "runtimes\\win-x86\\native\\SDL2.dll": "47D9D2BE7CA4D6D8C98A1DF84CE729E3",
  "targets\\Dalamud.Plugin.Bootstrap.targets": "C85635161398CD9852CF7212DB7EB904",
  "targets\\Dalamud.Plugin.targets": "D3DE10F1F04F22619FDD1005FD3DCFEF",
  "CheapLoc.dll": "A032D66FA5137D81E74CF7D2D4D336CF",
  "Costura.dll": "E691B0B68FF18ABEB80F60957DFC8AF3",
  "Dalamud.Boot.dll": "43F09626186D65FBABCEE0A93DE36124",
  "Dalamud.deps.json": "D9D023C2BDAF60C79B310FF66C529FA6",
  "Dalamud.dll": "FABDCF131BDF2F74922A35526E0A9A2A",
  "Dalamud.Injector.deps.json": "D10EED2039C0151239F5EA4FE3A65A7B",
  "Dalamud.Injector.dll": "D50DA1B2AEC7F0AFC3A14EDCA09719EC",
  "Dalamud.Injector.exe": "3377DC24BADC043910F910C41648B33A",
  "Dalamud.Injector.runtimeconfig.json": "AAAFA957BB3B382321D67ACC2D792553",
  "Dalamud.Injector.xml": "197E7CCAFAA062125D1632AAC708A129",
  "Dalamud.runtimeconfig.json": "454E2BA21742B08CF0A9827950A92B0F",
  "Dalamud.xml": "A6E8E6CDFDFBE00E3E6234F88C15E134",
  "DalamudCrashHandler.exe": "0382C181013AD85B71098C9D679A6278",
  "FASM-LICENSE.TXT": "ECEA1D10811221D5F0A3E96F9C38E2C7",
  "FASM.DLL": "E3A1A458BA21C58E12D1FA4B803EE39A",
  "FASMX64.DLL": "7AFFCE6564CF07EB45B670815E026992",
  "FFXIVClientStructs.dll": "749B8177531C013675CF475C6FC3D6C7",
  "FFXIVClientStructs.xml": "6A42F0907862C62173BB7E9BBE777FCA",
  "goaaats.Reloaded.Assembler.targets": "CC22CB0A353E2136EE9E6E96DB9F7164",
  "Iced.dll": "1F23829F669CE2D9F477CBE79E4CA1D0",
  "ImGui.NET.dll": "E08740B6DECEBE44B77675F52F911B62",
  "ImGuiScene.dll": "E806E66C7A79C3BA531E837C72568977",
  "JetBrains.Annotations.dll": "2AB945626D1BB07AFD04D616CD5284FD",
  "licenses.txt": "A159BE62AA91178EFC3E3983AE874D1D",
  "Lumina.dll": "7F4593522759A8A4B397364716A58769",
  "Lumina.Excel.dll": "BD80BA06F56EA83212D6ABCE5E423CF1",
  "Microsoft.Bcl.HashCode.dll": "613AB56061ADF2284E047025207467E0",
  "Microsoft.DotNet.PlatformAbstractions.dll": "00AB0F02B1114C57C758F5AD595224F1",
  "Microsoft.Extensions.DependencyModel.dll": "F39BC76C10CFEA478C936FC4521A9FC9",
  "MinSharp.dll": "337A1451FC6959489A940477E4C03B29",
  "Mono.Cecil.dll": "A74D782F87147D19B7231B3B995BAC76",
  "Mono.Cecil.Mdb.dll": "0D3D1DB873DFC2159BE5E0B253AED96F",
  "Mono.Cecil.Pdb.dll": "8C57D6AD6534BC404038B07452E0712B",
  "Mono.Cecil.Rocks.dll": "B3622371F44F1598D1F8CA7AF9E6F917",
  "MonoMod.Backports.dll": "7DBBDC60CC6CCE502418E17D06CF7332",
  "MonoMod.Core.dll": "2B2F1A2F8065E0DD0BEC96371B26F780",
  "MonoMod.Iced.dll": "23B92EC3DC2F58439BC588867CC9F75F",
  "MonoMod.ILHelpers.dll": "D8CCBEA38CE8D5707E5CB77C0BBB82A9",
  "MonoMod.RuntimeDetour.dll": "6A99FDFB8F0CACF175257F34FE55B28F",
  "MonoMod.Utils.dll": "3533AAA5BD515786E3B80651C8F4A855",
  "nethost.dll": "012081214FE71F0F6ADCD9F4A71B2B00",
  "Newtonsoft.Json.dll": "86A83A63F12B55FD3718CFBFB577D7DC",
  "PeNet.Asn1.dll": "C3486F89E3B612DFC2BFAD9860F7C6C5",
  "PeNet.dll": "3364B058ADB500714AFA861A1F6F85B7",
  "PInvoke.AdvApi32.dll": "34EE461D05B403C3A15D0DEC32A3788C",
  "PInvoke.BCrypt.dll": "FD07758EE1440491F22923084109FF26",
  "PInvoke.Cabinet.dll": "333D950E3804735DA60CC41D614C63E2",
  "PInvoke.CfgMgr32.dll": "768BE7CC18EDCF78B296A72ABE891691",
  "PInvoke.Crypt32.dll": "E7B00B0851738F4A7F2C6D37DAA973B4",
  "PInvoke.DbgHelp.dll": "E701136169620D20E3A70B560DE20E44",
  "PInvoke.DwmApi.dll": "ACF223CC8962404056648815B486F7D9",
  "PInvoke.Gdi32.dll": "69FF434826F98582CE44D3136ECFFACB",
  "PInvoke.Hid.dll": "2E7A41257F8AD9B26073181F450CD8E5",
  "PInvoke.ImageHlp.dll": "79BE816E8D86EA66489D7780DD675D49",
  "PInvoke.IPHlpApi.dll": "E949FA3326D1BA8872B179AB4EE49D38",
  "PInvoke.Kernel32.dll": "234E15B122ED430DE99490CA1A204958",
  "PInvoke.Magnification.dll": "C9EA3D34F506741ECC044DB19C151F09",
  "PInvoke.Msi.dll": "69EE50CE2DA6B55755E52589F49A7EBC",
  "PInvoke.NCrypt.dll": "DA1DE76C14D99370CA3BEF19DC299B15",
  "PInvoke.NetApi32.dll": "AE79F9FA2E3864A5E0642AE4622ECDC5",
  "PInvoke.NewDev.dll": "B3E1992105D986EF9C5C8E4B630FBB07",
  "PInvoke.NTDll.dll": "3F6BDF840EB27DD0FD9EB8071822183A",
  "PInvoke.Ole32.dll": "3C49FB100B60519FFE725BCD12A538F6",
  "PInvoke.Psapi.dll": "A7683EE4B880227F01C8AE632A892B9E",
  "PInvoke.SetupApi.dll": "1B7AE321185D0081D1759A9AD829F9BA",
  "PInvoke.SHCore.dll": "F27E7F063D51480F6D2294C903E4A606",
  "PInvoke.Shell32.dll": "F71A1BCAF6478190691170DAEA77722F",
  "PInvoke.User32.dll": "8BEDE38311ED4F27127290B81B8079FD",
  "PInvoke.Userenv.dll": "FEB7BCA90B8C905EC2F4BB0789847131",
  "PInvoke.UxTheme.dll": "8E683C016250CB719FDB9AAAFC22B3C5",
  "PInvoke.Windows.Core.dll": "90015440A44935208FFEA9BF61740651",
  "PInvoke.Windows.ShellScalingApi.dll": "F351B34B8C9183A51CADFDC279357C49",
  "PInvoke.WinUsb.dll": "9EB8A0280F2848D1A32B560A939F7336",
  "PInvoke.WtsApi32.dll": "341C94455D2E5893DBE4293D4D67AA4D",
  "Reloaded.Assembler.dll": "1DFAD33F0E3D2AFE8A0C2E444E454E05",
  "Reloaded.Hooks.Definitions.dll": "67ED1047A25B6F4FF4842EA733CAF89D",
  "Reloaded.Hooks.dll": "CB4971471E0E6D4384976BF8E3563EBC",
  "Reloaded.Memory.Buffers.dll": "2D53BCCDDB01A562508FE178022BDC5B",
  "Reloaded.Memory.dll": "DBF56B7C0AA462084F9CC6B066F81164",
  "revision.txt": "BEDA24C1E1B46055DFF2C39C98FD6FC1",
  "SDL2-CS.config": "65557595FD5DF55D93B2BF881DE62C3A",
  "SDL2-CS.dll": "360346C390A165E2C1419BDA18E6CB47",
  "Serilog.dll": "A4899034DA0C2FA74F518A08FEE7E5A8",
  "Serilog.Sinks.Async.dll": "FC38D2C6F04233D9AC3B10841534B700",
  "Serilog.Sinks.Console.dll": "1474C52BAE871F515B4D588C2EBD0E6F",
  "Serilog.Sinks.File.dll": "9E6BFE1882A04EB11F11BBAE7A2FBCA4",
  "SharpDX.Direct3D11.dll": "7F3248BC598471B2AA93D600388EE9E6",
  "SharpDX.dll": "2D9EDA67CDF6BAFB407264BB88515629",
  "SharpDX.DXGI.dll": "17C77F0C7D325A762D641D8D21F1806B",
  "SharpDX.Mathematics.dll": "ED5F5B85356701E16E9B9D6285BF517A",
  "Silk.NET.Core.dll": "CABBC713636A75DF32A4D417D8CD420C",
  "Silk.NET.GLFW.dll": "4E21EDC513010FB05292F4D868E58D8D",
  "Silk.NET.Maths.dll": "FEA108CAD56058D0A88D6598B10DF1FC",
  "Silk.NET.OpenGL.dll": "9B386F2DFFE5412C089FA9B8C20496C3",
  "Silk.NET.SDL.dll": "8B96B1C525EFE4ADF8596E7499287C4F",
  "Silk.NET.Windowing.Common.dll": "BFBD437A15601D3303DDF05180C04FDA",
  "Silk.NET.Windowing.Glfw.dll": "DB3933E41227644E1477EC43986D70A0",
  "Silk.NET.Windowing.Sdl.dll": "C5ADF55AF020A6E300536104D12E1D55",
  "SQLite-net.dll": "B2231576E957B77E9A6A8B1F8C79ED00",
  "SQLitePCLRaw.batteries_v2.dll": "98195D1E6819747B173B8291D8B631F2",
  "SQLitePCLRaw.core.dll": "C64F1DD2492A52674133E9F61CDEEA8F",
  "SQLitePCLRaw.nativelibrary.dll": "2C2E3EB6AE060059E4B44021152D89A5",
  "SQLitePCLRaw.provider.dynamic_cdecl.dll": "59EB7BB93BB6E8CCCACD76178CC86700",
  "StbiSharp.dll": "822A4D26DD8D9B4B08CCE37EB4A3AE90",
  "System.Reactive.dll": "EF5A00287AD15393D41B12AA4B726FF7",
  "System.Reflection.MetadataLoadContext.dll": "7EC41D41F4E1246757BA3E2EC862D562",
  "System.Security.Cryptography.Pkcs.dll": "8950E01996A37E808BE3F39063C37BF9",
  "TEMP_gitver.txt": "1B1931274D8460E5ABBF0AD2DFA7CA6D",
  "Validation.dll": "E3EF70D49A9D6F3BFC0536E6506673B3"
}
