{
  "runtimes\\alpine-x64\\native\\libe_sqlite3.so": "39C244FEDBCD3DFC37041D4FCE1AE21D",
  "runtimes\\linux-arm\\native\\libe_sqlite3.so": "96CF54BC0EFB83D6E3F5F3E04997A59D",
  "runtimes\\linux-arm64\\native\\libe_sqlite3.so": "F079E55E7F3F9966A4A2052A3234E068",
  "runtimes\\linux-armel\\native\\libe_sqlite3.so": "C5A67D49434FC65D64E9C15778078C76",
  "runtimes\\linux-mips64\\native\\libe_sqlite3.so": "5F8461214089CFC677D46C19B7162161",
  "runtimes\\linux-musl-x64\\native\\libe_sqlite3.so": "39C244FEDBCD3DFC37041D4FCE1AE21D",
  "runtimes\\linux-x64\\native\\libe_sqlite3.so": "6F49C540D3AB9964D67A4A704C3D262D",
  "runtimes\\linux-x64\\native\\libglfw.so.3": "9E3137144F68B9E9793F4C7AD5B1BEA7",
  "runtimes\\linux-x64\\native\\libSDL2-2.0.so": "99B95A708381FC66AB2370E45A260527",
  "runtimes\\linux-x64\\native\\libstbi.so": "0945355ED59677D06E3E88F48101BB26",
  "runtimes\\linux-x86\\native\\libe_sqlite3.so": "5E0659B414CBD6DDC38C65582485853E",
  "runtimes\\osx-x64\\native\\libe_sqlite3.dylib": "F82AE134FCD1C080A69D775591406673",
  "runtimes\\osx-x64\\native\\libglfw.3.dylib": "1E30FAB2F0C40E82290AD4B0BF14A880",
  "runtimes\\osx-x64\\native\\libSDL2-2.0.dylib": "AAC958490586C67395F0A90903AE3747",
  "runtimes\\osx-x64\\native\\libstbi.dylib": "0B84B0A6A80178266018081C3CAB68E6",
  "runtimes\\win-arm\\native\\e_sqlite3.dll": "8505100046CE1B07D6ECA7023660CABA",
  "runtimes\\win-arm64\\native\\e_sqlite3.dll": "081B0A8623EC046525A6D3F9F24135CC",
  "runtimes\\win-x64\\native\\cimgui.dll": "B7C501F09471A2B824AF012FACEC36B4",
  "runtimes\\win-x64\\native\\cimguizmo.dll": "0254EE1DA813F4DB37C346936D393743",
  "runtimes\\win-x64\\native\\cimplot.dll": "ECA07F1D79D67074857E0CDA47C371F5",
  "runtimes\\win-x64\\native\\e_sqlite3.dll": "2E0CE754CEC0ED799CD7713637FAE75D",
  "runtimes\\win-x64\\native\\glfw3.dll": "14610118EE449BC05E3610AEA97341AC",
  "runtimes\\win-x64\\native\\minhook.x64d.dll": "DC1704A5CE75E90DCBF34BD67FD281F3",
  "runtimes\\win-x64\\native\\SDL2.dll": "5BE2366898B4C739229B9DBF2E5D6323",
  "runtimes\\win-x64\\native\\stbi.dll": "3D5FFA211887636A554255B3409F09BE",
  "runtimes\\win-x64\\native\\stbi.lib": "927C214DE576219E1F80DBE7798A0502",
  "runtimes\\win-x86\\native\\e_sqlite3.dll": "BF65BA3E3BB2F7966685E87918B63786",
  "runtimes\\win-x86\\native\\glfw3.dll": "CCD2AA81781BCE92CCFFB981CFB6A7E1",
  "runtimes\\win-x86\\native\\SDL2.dll": "02BF14D5CFD1059D8BFA24EBE18182EA",
  "targets\\Dalamud.Plugin.Bootstrap.targets": "C85635161398CD9852CF7212DB7EB904",
  "targets\\Dalamud.Plugin.targets": "D3DE10F1F04F22619FDD1005FD3DCFEF",
  "CheapLoc.dll": "BA2275BA8CEF714350C42540D6023273",
  "Costura.dll": "7E811EF3987642617AEB994901559230",
  "Dalamud.Boot.dll": "864C1AD139B100DD9C9B34BFB65FEE77",
  "Dalamud.Common.dll": "0E70A442A6FC74A12C37E2256E546C78",
  "Dalamud.deps.json": "3D506ACEB4FEAE6A8AC47C8C913F3AA5",
  "Dalamud.dll": "6A1BF0A201F45EF4BDD8A2C75C836CE2",
  "Dalamud.Injector.deps.json": "4E53ABE9A5D3E4592DA63EBF98DAAD86",
  "Dalamud.Injector.dll": "BF368E621B9576378FAEB97123473134",
  "Dalamud.Injector.exe": "C2CEAA103915CC95B2652D2072A322FB",
  "Dalamud.Injector.runtimeconfig.json": "AAAFA957BB3B382321D67ACC2D792553",
  "Dalamud.Injector.xml": "6CFC451561E67CE7788814C5B327D7EC",
  "Dalamud.runtimeconfig.json": "454E2BA21742B08CF0A9827950A92B0F",
  "Dalamud.xml": "12FD1448629846ED00D544F75A16BAF1",
  "DalamudCrashHandler.exe": "93AC81D7D3B031346CF6ADB9420E20E5",
  "FASM-LICENSE.TXT": "ECEA1D10811221D5F0A3E96F9C38E2C7",
  "FASM.DLL": "CE05636D074A46CAC2EA235128057972",
  "FASMX64.DLL": "021514B08B66018FE2A06826C933C619",
  "FFXIVClientStructs.dll": "8919FB45F4D62F9CD995EF17D34B1D77",
  "FFXIVClientStructs.xml": "F047797A2BD71D6B107E93D79A4F8543",
  "goaaats.Reloaded.Assembler.targets": "CC22CB0A353E2136EE9E6E96DB9F7164",
  "Iced.dll": "8989A3B99B09441F521F3EB0F8D9744C",
  "ImGui.NET.dll": "BEFF21F7DE3603253B0F0EA36E7427EA",
  "ImGuiScene.dll": "05A28C9CAC54DE81F7D17220AE9140A0",
  "JetBrains.Annotations.dll": "907FFB02D621585400CE424114F683CE",
  "licenses.txt": "A159BE62AA91178EFC3E3983AE874D1D",
  "Lumina.dll": "A0915C3FFB60DD1BF0BEEA7BFC0C9B7D",
  "Lumina.Excel.dll": "EBD84976211B55EF35F64F50D22EA624",
  "Microsoft.Bcl.HashCode.dll": "613AB56061ADF2284E047025207467E0",
  "Microsoft.DotNet.PlatformAbstractions.dll": "00AB0F02B1114C57C758F5AD595224F1",
  "Microsoft.Extensions.DependencyModel.dll": "F39BC76C10CFEA478C936FC4521A9FC9",
  "MinSharp.dll": "00A0815EAB646EA6EEE78C6994EC12C3",
  "Mono.Cecil.dll": "5220827DF48F8488EFB3C5DDE5004BCE",
  "Mono.Cecil.Mdb.dll": "49881EB627C6200F1230474B83033101",
  "Mono.Cecil.Pdb.dll": "1B276F1BC5EE283E5E2DB8A720761095",
  "Mono.Cecil.Rocks.dll": "8DD891B5729B1AA999BC861EF69183DE",
  "MonoMod.Backports.dll": "BEA7986FC17039EDDC7CB6FC4079FD42",
  "MonoMod.Core.dll": "123E4B5E089529A97D10D84E06B7E150",
  "MonoMod.Iced.dll": "70248EAAEA37A1AB0A4DDCA43F6CDFD2",
  "MonoMod.ILHelpers.dll": "CCA3CBE7243F8727C22523FFE1D18B19",
  "MonoMod.RuntimeDetour.dll": "DC9FBB674E2AB0BBE9E8F02FEC8D255C",
  "MonoMod.Utils.dll": "8DA1CA73669D46A179D5604534ED5B9C",
  "nethost.dll": "012081214FE71F0F6ADCD9F4A71B2B00",
  "Newtonsoft.Json.dll": "86A83A63F12B55FD3718CFBFB577D7DC",
  "PeNet.Asn1.dll": "23647EABD5651A3DFE35E125A03C40E3",
  "PeNet.dll": "203B4887F2ECA7610E95953747C18249",
  "PInvoke.AdvApi32.dll": "34EE461D05B403C3A15D0DEC32A3788C",
  "PInvoke.BCrypt.dll": "FD07758EE1440491F22923084109FF26",
  "PInvoke.Cabinet.dll": "333D950E3804735DA60CC41D614C63E2",
  "PInvoke.CfgMgr32.dll": "768BE7CC18EDCF78B296A72ABE891691",
  "PInvoke.Crypt32.dll": "E7B00B0851738F4A7F2C6D37DAA973B4",
  "PInvoke.DbgHelp.dll": "E701136169620D20E3A70B560DE20E44",
  "PInvoke.DwmApi.dll": "ACF223CC8962404056648815B486F7D9",
  "PInvoke.Gdi32.dll": "69FF434826F98582CE44D3136ECFFACB",
  "PInvoke.Hid.dll": "2E7A41257F8AD9B26073181F450CD8E5",
  "PInvoke.ImageHlp.dll": "79BE816E8D86EA66489D7780DD675D49",
  "PInvoke.IPHlpApi.dll": "E949FA3326D1BA8872B179AB4EE49D38",
  "PInvoke.Kernel32.dll": "234E15B122ED430DE99490CA1A204958",
  "PInvoke.Magnification.dll": "C9EA3D34F506741ECC044DB19C151F09",
  "PInvoke.Msi.dll": "69EE50CE2DA6B55755E52589F49A7EBC",
  "PInvoke.NCrypt.dll": "DA1DE76C14D99370CA3BEF19DC299B15",
  "PInvoke.NetApi32.dll": "AE79F9FA2E3864A5E0642AE4622ECDC5",
  "PInvoke.NewDev.dll": "B3E1992105D986EF9C5C8E4B630FBB07",
  "PInvoke.NTDll.dll": "3F6BDF840EB27DD0FD9EB8071822183A",
  "PInvoke.Ole32.dll": "3C49FB100B60519FFE725BCD12A538F6",
  "PInvoke.Psapi.dll": "A7683EE4B880227F01C8AE632A892B9E",
  "PInvoke.SetupApi.dll": "1B7AE321185D0081D1759A9AD829F9BA",
  "PInvoke.SHCore.dll": "F27E7F063D51480F6D2294C903E4A606",
  "PInvoke.Shell32.dll": "F71A1BCAF6478190691170DAEA77722F",
  "PInvoke.User32.dll": "8BEDE38311ED4F27127290B81B8079FD",
  "PInvoke.Userenv.dll": "FEB7BCA90B8C905EC2F4BB0789847131",
  "PInvoke.UxTheme.dll": "8E683C016250CB719FDB9AAAFC22B3C5",
  "PInvoke.Windows.Core.dll": "90015440A44935208FFEA9BF61740651",
  "PInvoke.Windows.ShellScalingApi.dll": "F351B34B8C9183A51CADFDC279357C49",
  "PInvoke.WinUsb.dll": "9EB8A0280F2848D1A32B560A939F7336",
  "PInvoke.WtsApi32.dll": "341C94455D2E5893DBE4293D4D67AA4D",
  "Reloaded.Assembler.dll": "38ACE6A290456AE1D07D512C528A9271",
  "Reloaded.Hooks.Definitions.dll": "10FD547D0E052C1B3963E3074941AC20",
  "Reloaded.Hooks.dll": "9F01EC735672AD121932259A483FCDC9",
  "Reloaded.Memory.Buffers.dll": "CB985C0308E7FA958C66E159A978B85B",
  "Reloaded.Memory.dll": "E0F02AB2C7BECAB8BA62D4098E849A6A",
  "revision.txt": "ACF666483BC8723FAE7FEDA6F6A9CB7A",
  "SDL2-CS.config": "65557595FD5DF55D93B2BF881DE62C3A",
  "SDL2-CS.dll": "2D63672613E0FC7D7E473669DB411F4A",
  "Serilog.dll": "0340A45E5441D2F37495EB242CB4A390",
  "Serilog.Sinks.Async.dll": "50E0DBDD62B5D80C3FAC5489EE7CCEC3",
  "Serilog.Sinks.Console.dll": "9A382823BF8DE31773281DDEE1C15711",
  "Serilog.Sinks.File.dll": "B996D97154D001C02CDB28810BD3253E",
  "SharpDX.Direct3D11.dll": "0EB361467C1710523C74F3C085FAA535",
  "SharpDX.dll": "FCA7FA4BF439B72E70D0A287E3763EAF",
  "SharpDX.DXGI.dll": "1BE104E861104FB3EC753E7562BB4E7D",
  "SharpDX.Mathematics.dll": "2C58C083D73C604CC0BB7F576E73F740",
  "Silk.NET.Core.dll": "11126CFA57F1BF8445D3153AEE3888B0",
  "Silk.NET.GLFW.dll": "0CFE3DD7762DFCCC9E6176857CD2F311",
  "Silk.NET.Maths.dll": "13977721D7B142825162077F9DCE79D2",
  "Silk.NET.OpenGL.dll": "A942639DDB990B0DF0C03465A88BCFB3",
  "Silk.NET.SDL.dll": "AE8093E0C9E2FBBC507C40F4AECC84DE",
  "Silk.NET.Windowing.Common.dll": "8FAE77108DF159725DB5821B12147042",
  "Silk.NET.Windowing.Glfw.dll": "D596E099EE60BF42E141C96F803DCDE6",
  "Silk.NET.Windowing.Sdl.dll": "56060E0EFAEF291910454B8751EB2259",
  "SQLite-net.dll": "EB4FF3EBC614F5FB66BAE81A2BF63B99",
  "SQLitePCLRaw.batteries_v2.dll": "88670AEFFF4523E99E7A2DD4EACB0580",
  "SQLitePCLRaw.core.dll": "930BEBCE1EE81A4ED0241D3F1B3B7B24",
  "SQLitePCLRaw.nativelibrary.dll": "EB24CEA4CC7E8192A258F77831AEF062",
  "SQLitePCLRaw.provider.dynamic_cdecl.dll": "A74AB7714CB408D5C91E5F4018B3C1F1",
  "StbiSharp.dll": "85B2CFDBE0B970F2CFF762C58DBD6E86",
  "System.Reactive.dll": "EF5A00287AD15393D41B12AA4B726FF7",
  "System.Reflection.MetadataLoadContext.dll": "7EC41D41F4E1246757BA3E2EC862D562",
  "System.Security.Cryptography.Pkcs.dll": "8950E01996A37E808BE3F39063C37BF9",
  "TEMP_gitver.txt": "F0F0C10EE8F59399D2087C012E3CACE5",
  "Validation.dll": "B589BD5B01FD106D3EA3A47B78A70D4A"
}
