{
  "runtimes\\linux-x64\\native\\libglfw.so.3": "9E3137144F68B9E9793F4C7AD5B1BEA7",
  "runtimes\\linux-x64\\native\\libSDL2-2.0.so": "99B95A708381FC66AB2370E45A260527",
  "runtimes\\linux-x64\\native\\libstbi.so": "0945355ED59677D06E3E88F48101BB26",
  "runtimes\\osx-x64\\native\\libglfw.3.dylib": "1E30FAB2F0C40E82290AD4B0BF14A880",
  "runtimes\\osx-x64\\native\\libSDL2-2.0.dylib": "AAC958490586C67395F0A90903AE3747",
  "runtimes\\osx-x64\\native\\libstbi.dylib": "0B84B0A6A80178266018081C3CAB68E6",
  "runtimes\\win-x64\\native\\cimgui.dll": "A4EAC3FC1C9BA488A4DAA5E90DF0848E",
  "runtimes\\win-x64\\native\\cimguizmo.dll": "0D84A03D2D8C78193129AF7F0F3FE83A",
  "runtimes\\win-x64\\native\\cimplot.dll": "279723D6BC8D3F93AA8A2B356ED16EE7",
  "runtimes\\win-x64\\native\\glfw3.dll": "F95CD80E596D7EA8AE85E6052EFCBE82",
  "runtimes\\win-x64\\native\\minhook.x64d.dll": "48930F33EA9EBCAF80613BB658491E8C",
  "runtimes\\win-x64\\native\\SDL2.dll": "733B2AA53497A2FEEBECFB2B7CE043E5",
  "runtimes\\win-x64\\native\\stbi.dll": "0E86CC4A1A0D6D30023FAFF60551E4C5",
  "runtimes\\win-x64\\native\\stbi.lib": "927C214DE576219E1F80DBE7798A0502",
  "runtimes\\win-x86\\native\\glfw3.dll": "65B3612CB035C25A21E30BCBC79B2255",
  "runtimes\\win-x86\\native\\SDL2.dll": "E57213F80011579AF2E20091B3DB4999",
  "targets\\Dalamud.Plugin.Bootstrap.targets": "72C91AC1B4F7C83711BB4C5834FE49A8",
  "targets\\Dalamud.Plugin.targets": "D3DE10F1F04F22619FDD1005FD3DCFEF",
  "CheapLoc.dll": "8B05A9D4D462C44871E4D1561068BA13",
  "Costura.dll": "3CA81AA359C50134C92403797CDE56F9",
  "Dalamud.Boot.dll": "ADA8E77BE29B82F8CB1A38FDCCC2986E",
  "Dalamud.deps.json": "FCC14F93C9850DC28BD5337EB2CB727A",
  "Dalamud.dll": "283CB2DE3842319CC425DB048047B7F0",
  "Dalamud.Injector.deps.json": "D10EED2039C0151239F5EA4FE3A65A7B",
  "Dalamud.Injector.dll": "746DECA2E68E514A820A33730B37700F",
  "Dalamud.Injector.exe": "62F306540B837A1423838BF0AB23805E",
  "Dalamud.Injector.runtimeconfig.json": "AAAFA957BB3B382321D67ACC2D792553",
  "Dalamud.Injector.xml": "CC06A545B271F56E0781ECC82BDEF67F",
  "Dalamud.runtimeconfig.json": "454E2BA21742B08CF0A9827950A92B0F",
  "Dalamud.xml": "8AE0781D1B28E345A697D416F4F2A8CC",
  "DalamudCrashHandler.exe": "DD52D05A5532A15C17D3D1DF25F82BC5",
  "FASM-LICENSE.TXT": "ECEA1D10811221D5F0A3E96F9C38E2C7",
  "FASM.DLL": "DF7B1046DF065B225836B21360143166",
  "FASMX64.DLL": "3731322F27855BCE8F02A01EEBB5EA66",
  "FFXIVClientStructs.dll": "3AE21EF08172C77112664CC1BB107464",
  "FFXIVClientStructs.xml": "99D52300842511BA998676842AD0B2D7",
  "goaaats.Reloaded.Assembler.targets": "CC22CB0A353E2136EE9E6E96DB9F7164",
  "Iced.dll": "25C20728D6D47F57147B331F2BB9B2B4",
  "ImGui.NET.dll": "F420E0D3A15C6A507B84C39955F6C4F4",
  "ImGuiScene.dll": "18E731FDC5AB76A70933BCB9CF706369",
  "JetBrains.Annotations.dll": "AB9494827E38A76272B3386B0F41352F",
  "licenses.txt": "A159BE62AA91178EFC3E3983AE874D1D",
  "Lumina.dll": "2C9BC0EB0ED2C2A714864F10E7BF3FE9",
  "Lumina.Excel.dll": "2617D011E2F2E8062207DD200D9A96F4",
  "Microsoft.Bcl.HashCode.dll": "613AB56061ADF2284E047025207467E0",
  "Microsoft.DotNet.PlatformAbstractions.dll": "00AB0F02B1114C57C758F5AD595224F1",
  "Microsoft.Extensions.DependencyModel.dll": "F39BC76C10CFEA478C936FC4521A9FC9",
  "MinSharp.dll": "9D5E8D5E1ED3CEFA74CC1F43E6DAC404",
  "Mono.Cecil.dll": "EEF9AD4B54F412A34FD15E3575DF95DD",
  "Mono.Cecil.Mdb.dll": "BE63FD5DF30CAA04CCB97EABA522BFBC",
  "Mono.Cecil.Pdb.dll": "C67AF16810E84C3573A652246981A5EE",
  "Mono.Cecil.Rocks.dll": "6AFD2C0469439942BDB97B7FFE71C3FF",
  "MonoMod.Backports.dll": "121550D6C7E2B56D957E6CB8AFF91F9C",
  "MonoMod.Core.dll": "80F24771860717D68A4A2B1A8E4B35E9",
  "MonoMod.Iced.dll": "8FF68C3DD7BD97309A0C70A2837CEB53",
  "MonoMod.ILHelpers.dll": "07653BE02FBB26F699E4FB6537A9AF52",
  "MonoMod.RuntimeDetour.dll": "DBE0F845ACCB9396FB8E62DFB6C60D01",
  "MonoMod.Utils.dll": "8481E91C889B965A5EA5149929F3F5F8",
  "nethost.dll": "012081214FE71F0F6ADCD9F4A71B2B00",
  "Newtonsoft.Json.dll": "86A83A63F12B55FD3718CFBFB577D7DC",
  "PeNet.Asn1.dll": "7BFB5B7AD6EBE773BE0FC6EA7EC75393",
  "PeNet.dll": "8E8BB459B292957CCAFD0BA1A22A71B4",
  "PInvoke.AdvApi32.dll": "34EE461D05B403C3A15D0DEC32A3788C",
  "PInvoke.BCrypt.dll": "FD07758EE1440491F22923084109FF26",
  "PInvoke.Cabinet.dll": "333D950E3804735DA60CC41D614C63E2",
  "PInvoke.CfgMgr32.dll": "768BE7CC18EDCF78B296A72ABE891691",
  "PInvoke.Crypt32.dll": "E7B00B0851738F4A7F2C6D37DAA973B4",
  "PInvoke.DbgHelp.dll": "E701136169620D20E3A70B560DE20E44",
  "PInvoke.DwmApi.dll": "ACF223CC8962404056648815B486F7D9",
  "PInvoke.Gdi32.dll": "69FF434826F98582CE44D3136ECFFACB",
  "PInvoke.Hid.dll": "2E7A41257F8AD9B26073181F450CD8E5",
  "PInvoke.ImageHlp.dll": "79BE816E8D86EA66489D7780DD675D49",
  "PInvoke.IPHlpApi.dll": "E949FA3326D1BA8872B179AB4EE49D38",
  "PInvoke.Kernel32.dll": "234E15B122ED430DE99490CA1A204958",
  "PInvoke.Magnification.dll": "C9EA3D34F506741ECC044DB19C151F09",
  "PInvoke.Msi.dll": "69EE50CE2DA6B55755E52589F49A7EBC",
  "PInvoke.NCrypt.dll": "DA1DE76C14D99370CA3BEF19DC299B15",
  "PInvoke.NetApi32.dll": "AE79F9FA2E3864A5E0642AE4622ECDC5",
  "PInvoke.NewDev.dll": "B3E1992105D986EF9C5C8E4B630FBB07",
  "PInvoke.NTDll.dll": "3F6BDF840EB27DD0FD9EB8071822183A",
  "PInvoke.Ole32.dll": "3C49FB100B60519FFE725BCD12A538F6",
  "PInvoke.Psapi.dll": "A7683EE4B880227F01C8AE632A892B9E",
  "PInvoke.SetupApi.dll": "1B7AE321185D0081D1759A9AD829F9BA",
  "PInvoke.SHCore.dll": "F27E7F063D51480F6D2294C903E4A606",
  "PInvoke.Shell32.dll": "F71A1BCAF6478190691170DAEA77722F",
  "PInvoke.User32.dll": "8BEDE38311ED4F27127290B81B8079FD",
  "PInvoke.Userenv.dll": "FEB7BCA90B8C905EC2F4BB0789847131",
  "PInvoke.UxTheme.dll": "8E683C016250CB719FDB9AAAFC22B3C5",
  "PInvoke.Windows.Core.dll": "90015440A44935208FFEA9BF61740651",
  "PInvoke.Windows.ShellScalingApi.dll": "F351B34B8C9183A51CADFDC279357C49",
  "PInvoke.WinUsb.dll": "9EB8A0280F2848D1A32B560A939F7336",
  "PInvoke.WtsApi32.dll": "341C94455D2E5893DBE4293D4D67AA4D",
  "Reloaded.Assembler.dll": "01E12C5A15209293559FD3091E60724E",
  "Reloaded.Hooks.Definitions.dll": "ACEA0072B290FAAFC30CC2FA9DE29F72",
  "Reloaded.Hooks.dll": "094907F2C3C935E3193EB5F2C3B70045",
  "Reloaded.Memory.Buffers.dll": "CDAE97B009CBCA3870B9C50E2E83D107",
  "Reloaded.Memory.dll": "5934E71E49FA2B5DE1C9762949765242",
  "revision.txt": "ECF5631507A8AEDCAE34CEF231AA7348",
  "SDL2-CS.config": "65557595FD5DF55D93B2BF881DE62C3A",
  "SDL2-CS.dll": "262F70797BBC9FE1337063F7F8584EBF",
  "Serilog.dll": "D67C1BBB3EC77BB8E7CCD73DDF9462F6",
  "Serilog.Sinks.Async.dll": "D5A0A150C880406F62C7FBA4E8CD7A2F",
  "Serilog.Sinks.Console.dll": "7DE395177C54EFB0F0E9C0E2338671FE",
  "Serilog.Sinks.File.dll": "2D722FC58F451415BEAF49624B618DBA",
  "SharpDX.Direct3D11.dll": "ACD6AAFDA9A384ACBDC644A43DEE78A0",
  "SharpDX.dll": "6D662E6128BA22C8B28F58D584808DD2",
  "SharpDX.DXGI.dll": "F81355481A74C84BB3E0A65FA8CA9145",
  "SharpDX.Mathematics.dll": "CA225D93B530AD635C3C945FFC4882E0",
  "Silk.NET.Core.dll": "BE27D6E346F3EB7F5399FF1C555741FC",
  "Silk.NET.GLFW.dll": "2E8F0CB65FA9560D152F439B27BB5E6D",
  "Silk.NET.Maths.dll": "7B85FDC14C057D3FBB109021471859B7",
  "Silk.NET.OpenGL.dll": "93E28475FF4BE32DDB0B52A49C26F1E7",
  "Silk.NET.SDL.dll": "659A0B818ACD32765CB1864C8370B0CD",
  "Silk.NET.Windowing.Common.dll": "E010A63A74C6CD67D4AE3E6E93D787D4",
  "Silk.NET.Windowing.Glfw.dll": "F88A4F8D0B5B17E00564EFEA750C6A42",
  "Silk.NET.Windowing.Sdl.dll": "96FB82AE43B257F71D937F74097B7FD7",
  "StbiSharp.dll": "A7D79922CD7A9B2A89351473535D753C",
  "System.Reactive.dll": "EF5A00287AD15393D41B12AA4B726FF7",
  "System.Reflection.MetadataLoadContext.dll": "7EC41D41F4E1246757BA3E2EC862D562",
  "System.Security.Cryptography.Pkcs.dll": "8950E01996A37E808BE3F39063C37BF9",
  "TEMP_gitver.txt": "BE0F32483F5B145B44FFE76B58FF9AB5",
  "Validation.dll": "43385EDB4D227029FEC9C58416616733"
}
