{
  "runtimes\\linux-x64\\native\\libglfw.so.3": "9E3137144F68B9E9793F4C7AD5B1BEA7",
  "runtimes\\linux-x64\\native\\libSDL2-2.0.so": "99B95A708381FC66AB2370E45A260527",
  "runtimes\\linux-x64\\native\\libstbi.so": "0945355ED59677D06E3E88F48101BB26",
  "runtimes\\osx-x64\\native\\libglfw.3.dylib": "1E30FAB2F0C40E82290AD4B0BF14A880",
  "runtimes\\osx-x64\\native\\libSDL2-2.0.dylib": "AAC958490586C67395F0A90903AE3747",
  "runtimes\\osx-x64\\native\\libstbi.dylib": "0B84B0A6A80178266018081C3CAB68E6",
  "runtimes\\win-x64\\native\\cimgui.dll": "CBFA5911247E0A917BED9E77D6546D15",
  "runtimes\\win-x64\\native\\cimguizmo.dll": "68003A2F64FCA963509A8F21D5E12D02",
  "runtimes\\win-x64\\native\\cimplot.dll": "750A6D5993D0286983D0C65DED0B7F72",
  "runtimes\\win-x64\\native\\glfw3.dll": "0AC7C15A4E164EC5D603F57910D54B65",
  "runtimes\\win-x64\\native\\minhook.x64d.dll": "3D659FF845A13240F4F9B477DD27D747",
  "runtimes\\win-x64\\native\\SDL2.dll": "E2C4376558B7D14EC4041DDAF8EBAE1A",
  "runtimes\\win-x64\\native\\stbi.dll": "CA95FC7275FE5BE9894A258580BF0C56",
  "runtimes\\win-x64\\native\\stbi.lib": "927C214DE576219E1F80DBE7798A0502",
  "runtimes\\win-x86\\native\\glfw3.dll": "4EEAB5CA4F1E7F8C64353177F7F99891",
  "runtimes\\win-x86\\native\\SDL2.dll": "493E1EF8D1E85739BD340928BBAED11D",
  "targets\\Dalamud.Plugin.Bootstrap.targets": "72C91AC1B4F7C83711BB4C5834FE49A8",
  "targets\\Dalamud.Plugin.targets": "D3DE10F1F04F22619FDD1005FD3DCFEF",
  "CheapLoc.dll": "7EE36C6886F86D3017BC926D282DBE51",
  "Costura.dll": "6D7886BE6578C7896D2AE46E1D8F9D4F",
  "Dalamud.Boot.dll": "94A3B819EC294CE7B73AA80280B49C07",
  "Dalamud.deps.json": "FCC14F93C9850DC28BD5337EB2CB727A",
  "Dalamud.dll": "E22F90279DD6E6AE8C4955D403BF966B",
  "Dalamud.Injector.deps.json": "D10EED2039C0151239F5EA4FE3A65A7B",
  "Dalamud.Injector.dll": "483CB4DD8607C77353CB1A33E84C36C8",
  "Dalamud.Injector.exe": "B3D1177211E979AA5D4394869EB0F1AC",
  "Dalamud.Injector.runtimeconfig.json": "AAAFA957BB3B382321D67ACC2D792553",
  "Dalamud.Injector.xml": "CC06A545B271F56E0781ECC82BDEF67F",
  "Dalamud.runtimeconfig.json": "454E2BA21742B08CF0A9827950A92B0F",
  "Dalamud.xml": "06CFE133EBF99B6A08E21C01CE441A41",
  "DalamudCrashHandler.exe": "26753999B4E0766B671F23160B718CA6",
  "FASM-LICENSE.TXT": "ECEA1D10811221D5F0A3E96F9C38E2C7",
  "FASM.DLL": "6AC485306E22797B81B0EEFCCCF90FDD",
  "FASMX64.DLL": "28708292D769E4AA6CE6E99F6CC53CA6",
  "FFXIVClientStructs.dll": "BF5A09BB84406CC937A72EA6090565B7",
  "FFXIVClientStructs.xml": "2390E5F11BDFDB0C1D1FB453E9806E22",
  "goaaats.Reloaded.Assembler.targets": "CC22CB0A353E2136EE9E6E96DB9F7164",
  "Iced.dll": "06DA0663684B805A8FEEBF84EE4C75E9",
  "ImGui.NET.dll": "6F288478D3A41A2F847638810E9EF50B",
  "ImGuiScene.dll": "76D6AD5066E4F0DDFF4C7B10700C1597",
  "JetBrains.Annotations.dll": "382849DD618AC504FE7C31116D03D07B",
  "licenses.txt": "A159BE62AA91178EFC3E3983AE874D1D",
  "Lumina.dll": "2D3BDBBAA5B7888B22B98DBC114142C0",
  "Lumina.Excel.dll": "35425B5FCE763986DB5FE5672B3F06B8",
  "Microsoft.Bcl.HashCode.dll": "613AB56061ADF2284E047025207467E0",
  "Microsoft.DotNet.PlatformAbstractions.dll": "00AB0F02B1114C57C758F5AD595224F1",
  "Microsoft.Extensions.DependencyModel.dll": "F39BC76C10CFEA478C936FC4521A9FC9",
  "MinSharp.dll": "711CEBDB6EF849A4E8CF7D27D18F28D7",
  "Mono.Cecil.dll": "B5DF0B06E89606E14CED1BB8C6A6B307",
  "Mono.Cecil.Mdb.dll": "9B164E0389D8E11D789F21FC8E176312",
  "Mono.Cecil.Pdb.dll": "9EC9BD117534E7CFC18B46464D9ECF75",
  "Mono.Cecil.Rocks.dll": "AEAEAFFF1A7D1377B31B52FD16B82FB5",
  "MonoMod.Backports.dll": "6994831885DCC0EABCEB6A41C118DE7B",
  "MonoMod.Core.dll": "AB46E62488343C4A764F5899BCDA4319",
  "MonoMod.Iced.dll": "7A78879066AA1D4BC052F2B4C3F5D039",
  "MonoMod.ILHelpers.dll": "AB199FEDEDBA6C74C43F7C473CA6F6B2",
  "MonoMod.RuntimeDetour.dll": "394E31B2EFC6F0EFDB7884EFC2F870CC",
  "MonoMod.Utils.dll": "1CAB824E384932872482C81E68D0D653",
  "nethost.dll": "012081214FE71F0F6ADCD9F4A71B2B00",
  "Newtonsoft.Json.dll": "86A83A63F12B55FD3718CFBFB577D7DC",
  "PeNet.Asn1.dll": "CB719B28B97D1F3FC65C42BA30B15283",
  "PeNet.dll": "2D130B0AB98C15BA697D318D77AFF9F5",
  "PInvoke.AdvApi32.dll": "34EE461D05B403C3A15D0DEC32A3788C",
  "PInvoke.BCrypt.dll": "FD07758EE1440491F22923084109FF26",
  "PInvoke.Cabinet.dll": "333D950E3804735DA60CC41D614C63E2",
  "PInvoke.CfgMgr32.dll": "768BE7CC18EDCF78B296A72ABE891691",
  "PInvoke.Crypt32.dll": "E7B00B0851738F4A7F2C6D37DAA973B4",
  "PInvoke.DbgHelp.dll": "E701136169620D20E3A70B560DE20E44",
  "PInvoke.DwmApi.dll": "ACF223CC8962404056648815B486F7D9",
  "PInvoke.Gdi32.dll": "69FF434826F98582CE44D3136ECFFACB",
  "PInvoke.Hid.dll": "2E7A41257F8AD9B26073181F450CD8E5",
  "PInvoke.ImageHlp.dll": "79BE816E8D86EA66489D7780DD675D49",
  "PInvoke.IPHlpApi.dll": "E949FA3326D1BA8872B179AB4EE49D38",
  "PInvoke.Kernel32.dll": "234E15B122ED430DE99490CA1A204958",
  "PInvoke.Magnification.dll": "C9EA3D34F506741ECC044DB19C151F09",
  "PInvoke.Msi.dll": "69EE50CE2DA6B55755E52589F49A7EBC",
  "PInvoke.NCrypt.dll": "DA1DE76C14D99370CA3BEF19DC299B15",
  "PInvoke.NetApi32.dll": "AE79F9FA2E3864A5E0642AE4622ECDC5",
  "PInvoke.NewDev.dll": "B3E1992105D986EF9C5C8E4B630FBB07",
  "PInvoke.NTDll.dll": "3F6BDF840EB27DD0FD9EB8071822183A",
  "PInvoke.Ole32.dll": "3C49FB100B60519FFE725BCD12A538F6",
  "PInvoke.Psapi.dll": "A7683EE4B880227F01C8AE632A892B9E",
  "PInvoke.SetupApi.dll": "1B7AE321185D0081D1759A9AD829F9BA",
  "PInvoke.SHCore.dll": "F27E7F063D51480F6D2294C903E4A606",
  "PInvoke.Shell32.dll": "F71A1BCAF6478190691170DAEA77722F",
  "PInvoke.User32.dll": "8BEDE38311ED4F27127290B81B8079FD",
  "PInvoke.Userenv.dll": "FEB7BCA90B8C905EC2F4BB0789847131",
  "PInvoke.UxTheme.dll": "8E683C016250CB719FDB9AAAFC22B3C5",
  "PInvoke.Windows.Core.dll": "90015440A44935208FFEA9BF61740651",
  "PInvoke.Windows.ShellScalingApi.dll": "F351B34B8C9183A51CADFDC279357C49",
  "PInvoke.WinUsb.dll": "9EB8A0280F2848D1A32B560A939F7336",
  "PInvoke.WtsApi32.dll": "341C94455D2E5893DBE4293D4D67AA4D",
  "Reloaded.Assembler.dll": "18E012B41640E022F0D5821AD1375A0C",
  "Reloaded.Hooks.Definitions.dll": "D15763DDE398FC0C1F5352C510BDC380",
  "Reloaded.Hooks.dll": "71C93C605F4B5DE80DDD0FF65D3F788E",
  "Reloaded.Memory.Buffers.dll": "B6D18463E7DB7F34C296C1FEDA941A26",
  "Reloaded.Memory.dll": "729B1870BE7CE30A664CEC310D8B6E35",
  "revision.txt": "86DBA86754C0AD93997A11FA947D97B2",
  "SDL2-CS.config": "65557595FD5DF55D93B2BF881DE62C3A",
  "SDL2-CS.dll": "65A84BDA21ED08686EB2D60FD07FBB57",
  "Serilog.dll": "32F21C39905DDA9642A2212E0CB90436",
  "Serilog.Sinks.Async.dll": "E38423C1FE9FF7BDE2DFAD7CF49AE360",
  "Serilog.Sinks.Console.dll": "335F52B95677035A85EC71C9D38D9C55",
  "Serilog.Sinks.File.dll": "3C5BF6791AB22AE13AC2067B5F403A20",
  "SharpDX.Direct3D11.dll": "09C7A0DDD1B6DCC11574EC35B4E96FA3",
  "SharpDX.dll": "F22671855F8D2FD7D5B62DD5C903AE23",
  "SharpDX.DXGI.dll": "942A435C0E1300D74A10714068C637CA",
  "SharpDX.Mathematics.dll": "1C279F959697ECA74DC084F2ACB42BA8",
  "Silk.NET.Core.dll": "19E127C03D552C0C630E35FA311E4F0B",
  "Silk.NET.GLFW.dll": "6D2C9ACDC8872E04E2EB7B3923079057",
  "Silk.NET.Maths.dll": "1A90D00608235F371DF64D363ACA0716",
  "Silk.NET.OpenGL.dll": "A61A8AE8541358B662CFAAE4740797FF",
  "Silk.NET.SDL.dll": "2B5B3E4AEE8BB03A478ECB7C93762A8F",
  "Silk.NET.Windowing.Common.dll": "A96EC428C32007F796E742E0FB879D62",
  "Silk.NET.Windowing.Glfw.dll": "A9DBCF6F9F61B259E3D98BAB31031B1F",
  "Silk.NET.Windowing.Sdl.dll": "AA05BF45EB55B51230273474A846E9E9",
  "StbiSharp.dll": "BB38AEA075A5D3D259FE797823429EF6",
  "System.Reactive.dll": "EF5A00287AD15393D41B12AA4B726FF7",
  "System.Reflection.MetadataLoadContext.dll": "7EC41D41F4E1246757BA3E2EC862D562",
  "System.Security.Cryptography.Pkcs.dll": "8950E01996A37E808BE3F39063C37BF9",
  "TEMP_gitver.txt": "6BE8D454C9179B6F5104C890EFB2334A",
  "Validation.dll": "12CBD336F075795E2D132113329C11C9"
}
