{
  "runtimes\\alpine-x64\\native\\libe_sqlite3.so": "39C244FEDBCD3DFC37041D4FCE1AE21D",
  "runtimes\\linux-arm\\native\\libe_sqlite3.so": "96CF54BC0EFB83D6E3F5F3E04997A59D",
  "runtimes\\linux-arm64\\native\\libe_sqlite3.so": "F079E55E7F3F9966A4A2052A3234E068",
  "runtimes\\linux-armel\\native\\libe_sqlite3.so": "C5A67D49434FC65D64E9C15778078C76",
  "runtimes\\linux-mips64\\native\\libe_sqlite3.so": "5F8461214089CFC677D46C19B7162161",
  "runtimes\\linux-musl-x64\\native\\libe_sqlite3.so": "39C244FEDBCD3DFC37041D4FCE1AE21D",
  "runtimes\\linux-x64\\native\\libe_sqlite3.so": "6F49C540D3AB9964D67A4A704C3D262D",
  "runtimes\\linux-x64\\native\\libglfw.so.3": "9E3137144F68B9E9793F4C7AD5B1BEA7",
  "runtimes\\linux-x64\\native\\libSDL2-2.0.so": "99B95A708381FC66AB2370E45A260527",
  "runtimes\\linux-x64\\native\\libstbi.so": "0945355ED59677D06E3E88F48101BB26",
  "runtimes\\linux-x86\\native\\libe_sqlite3.so": "5E0659B414CBD6DDC38C65582485853E",
  "runtimes\\osx-x64\\native\\libe_sqlite3.dylib": "F82AE134FCD1C080A69D775591406673",
  "runtimes\\osx-x64\\native\\libglfw.3.dylib": "1E30FAB2F0C40E82290AD4B0BF14A880",
  "runtimes\\osx-x64\\native\\libSDL2-2.0.dylib": "AAC958490586C67395F0A90903AE3747",
  "runtimes\\osx-x64\\native\\libstbi.dylib": "0B84B0A6A80178266018081C3CAB68E6",
  "runtimes\\win-arm\\native\\e_sqlite3.dll": "A0AC02953DEE9DBF78DDD8368708C316",
  "runtimes\\win-arm64\\native\\e_sqlite3.dll": "B6AF51BDD4AB6ABD283E57CB083B1068",
  "runtimes\\win-x64\\native\\cimgui.dll": "396A396C750B78DC2A7A5B803C1710E0",
  "runtimes\\win-x64\\native\\cimguizmo.dll": "F86780F6AE562D9EDA2C9EC8519327CE",
  "runtimes\\win-x64\\native\\cimplot.dll": "3D1BF547BE3E1AE826A618A67A372F27",
  "runtimes\\win-x64\\native\\e_sqlite3.dll": "37238B99CA3EE77B77713C8BD9314F6E",
  "runtimes\\win-x64\\native\\glfw3.dll": "8D826CA14CEC05354C1593A54CFC2C3F",
  "runtimes\\win-x64\\native\\minhook.x64d.dll": "FD6A75726A1CA84707259DCE7EBD2A63",
  "runtimes\\win-x64\\native\\SDL2.dll": "34B3005B19997978D13FFE350F1EF285",
  "runtimes\\win-x64\\native\\stbi.dll": "68000C96C05D94E109C2B17F1122D7FF",
  "runtimes\\win-x64\\native\\stbi.lib": "927C214DE576219E1F80DBE7798A0502",
  "runtimes\\win-x86\\native\\e_sqlite3.dll": "556B24038B625FD2D6B14DC9915D4EDE",
  "runtimes\\win-x86\\native\\glfw3.dll": "0C25C051C39A7B0C34F60FFBC9051F53",
  "runtimes\\win-x86\\native\\SDL2.dll": "C76E11C3F1046F5F4FE1310C3C8A65C5",
  "targets\\Dalamud.Plugin.Bootstrap.targets": "C85635161398CD9852CF7212DB7EB904",
  "targets\\Dalamud.Plugin.targets": "11001C983157350F50D99F1A827999B5",
  "CheapLoc.dll": "677988C1F6A20D80526DE41C61153543",
  "Costura.dll": "42FBD89BC0A209E092F33CC0FC98D6FE",
  "Dalamud.Boot.dll": "583699268D392E3F9640F751821168CE",
  "Dalamud.Common.dll": "142FF7E1BCD8CE9453C5B8FEC2250547",
  "Dalamud.deps.json": "5B368DC8EF63055FCBFC08420E452335",
  "Dalamud.dll": "00881337B7907A10C2B4215B562C9893",
  "Dalamud.Injector.deps.json": "4E53ABE9A5D3E4592DA63EBF98DAAD86",
  "Dalamud.Injector.dll": "B56BD07DD69609978351A25AAC4299BA",
  "Dalamud.Injector.exe": "581F4EFE7DE7C44394862B477D3502D8",
  "Dalamud.Injector.runtimeconfig.json": "AAAFA957BB3B382321D67ACC2D792553",
  "Dalamud.Injector.xml": "6CFC451561E67CE7788814C5B327D7EC",
  "Dalamud.runtimeconfig.json": "15719C111D02D5BD45F37285FC8B6040",
  "Dalamud.xml": "5101CFDD0D259543D634A35FF4B1CD80",
  "DalamudCrashHandler.exe": "ECCF9B14652E2C289217554E0D5CF779",
  "FASM-LICENSE.TXT": "ECEA1D10811221D5F0A3E96F9C38E2C7",
  "FASM.DLL": "D82544C7FCFF7D5F3B45045A68F9AF93",
  "FASMX64.DLL": "EF79FE782FCE61C09FEFA1F1C50BA604",
  "FFXIVClientStructs.dll": "07C02F0018DF7AB8CF7E797CEAB5C8AD",
  "FFXIVClientStructs.xml": "536FBF4EC157D862D5598AF7007BBD8D",
  "goaaats.Reloaded.Assembler.targets": "CC22CB0A353E2136EE9E6E96DB9F7164",
  "Iced.dll": "57BD835F6D7E5CDA99B928F15FE1A3A8",
  "ImGui.NET.dll": "F5B806968CF770FF70E3901A8C3F0210",
  "ImGuiScene.dll": "B70DA377A8F4FFAB0F34DC579546033D",
  "JetBrains.Annotations.dll": "7AE0BACB8BA94D6C5F720A2843D9F204",
  "licenses.txt": "A159BE62AA91178EFC3E3983AE874D1D",
  "Lumina.dll": "1B42821FE7B758AA615D6FAFB2FD1795",
  "Lumina.Excel.dll": "7CC4A560C93B5744AD47B05B02C86064",
  "Microsoft.Bcl.HashCode.dll": "613AB56061ADF2284E047025207467E0",
  "Microsoft.DotNet.PlatformAbstractions.dll": "00AB0F02B1114C57C758F5AD595224F1",
  "Microsoft.Extensions.DependencyModel.dll": "F39BC76C10CFEA478C936FC4521A9FC9",
  "Microsoft.Extensions.ObjectPool.dll": "91B40FCF7D5A05DF428016DDFD05BABB",
  "MinSharp.dll": "780463440E8C47427F4B8DA718B0F072",
  "Mono.Cecil.dll": "1D4126525DF8D4599B8A3CAA0A850B55",
  "Mono.Cecil.Mdb.dll": "1E3AF706072563EA44F44F9339B24B4D",
  "Mono.Cecil.Pdb.dll": "9815490BB6065ECF2C64B09B59757E4F",
  "Mono.Cecil.Rocks.dll": "65FA61C09C7A988EA6E05E1A9FAD794C",
  "MonoMod.Backports.dll": "45C4ADC9C3A94E060F5493047CA8BBD4",
  "MonoMod.Core.dll": "4C4F41D88E89B7AF0791A2EBC4727074",
  "MonoMod.Iced.dll": "65482BA42E3CF7E81798EEB8F231ABC7",
  "MonoMod.ILHelpers.dll": "05036EBC95CF0327478D38D86287FE0A",
  "MonoMod.RuntimeDetour.dll": "653C6081336F51F4009FABBDDCF54891",
  "MonoMod.Utils.dll": "4A2D5D03203DFCA7389C9E2CE330E82C",
  "nethost.dll": "012081214FE71F0F6ADCD9F4A71B2B00",
  "Newtonsoft.Json.dll": "86A83A63F12B55FD3718CFBFB577D7DC",
  "PeNet.Asn1.dll": "DD06E576E65A8BFB2075B4FC01054206",
  "PeNet.dll": "AFEFC72FC51AC2D049340FE4093F0A5E",
  "PInvoke.AdvApi32.dll": "34EE461D05B403C3A15D0DEC32A3788C",
  "PInvoke.BCrypt.dll": "FD07758EE1440491F22923084109FF26",
  "PInvoke.Cabinet.dll": "333D950E3804735DA60CC41D614C63E2",
  "PInvoke.CfgMgr32.dll": "768BE7CC18EDCF78B296A72ABE891691",
  "PInvoke.Crypt32.dll": "E7B00B0851738F4A7F2C6D37DAA973B4",
  "PInvoke.DbgHelp.dll": "E701136169620D20E3A70B560DE20E44",
  "PInvoke.DwmApi.dll": "ACF223CC8962404056648815B486F7D9",
  "PInvoke.Gdi32.dll": "69FF434826F98582CE44D3136ECFFACB",
  "PInvoke.Hid.dll": "2E7A41257F8AD9B26073181F450CD8E5",
  "PInvoke.ImageHlp.dll": "79BE816E8D86EA66489D7780DD675D49",
  "PInvoke.IPHlpApi.dll": "E949FA3326D1BA8872B179AB4EE49D38",
  "PInvoke.Kernel32.dll": "234E15B122ED430DE99490CA1A204958",
  "PInvoke.Magnification.dll": "C9EA3D34F506741ECC044DB19C151F09",
  "PInvoke.Msi.dll": "69EE50CE2DA6B55755E52589F49A7EBC",
  "PInvoke.NCrypt.dll": "DA1DE76C14D99370CA3BEF19DC299B15",
  "PInvoke.NetApi32.dll": "AE79F9FA2E3864A5E0642AE4622ECDC5",
  "PInvoke.NewDev.dll": "B3E1992105D986EF9C5C8E4B630FBB07",
  "PInvoke.NTDll.dll": "3F6BDF840EB27DD0FD9EB8071822183A",
  "PInvoke.Ole32.dll": "3C49FB100B60519FFE725BCD12A538F6",
  "PInvoke.Psapi.dll": "A7683EE4B880227F01C8AE632A892B9E",
  "PInvoke.SetupApi.dll": "1B7AE321185D0081D1759A9AD829F9BA",
  "PInvoke.SHCore.dll": "F27E7F063D51480F6D2294C903E4A606",
  "PInvoke.Shell32.dll": "F71A1BCAF6478190691170DAEA77722F",
  "PInvoke.User32.dll": "8BEDE38311ED4F27127290B81B8079FD",
  "PInvoke.Userenv.dll": "FEB7BCA90B8C905EC2F4BB0789847131",
  "PInvoke.UxTheme.dll": "8E683C016250CB719FDB9AAAFC22B3C5",
  "PInvoke.Windows.Core.dll": "90015440A44935208FFEA9BF61740651",
  "PInvoke.Windows.ShellScalingApi.dll": "F351B34B8C9183A51CADFDC279357C49",
  "PInvoke.WinUsb.dll": "9EB8A0280F2848D1A32B560A939F7336",
  "PInvoke.WtsApi32.dll": "341C94455D2E5893DBE4293D4D67AA4D",
  "Reloaded.Assembler.dll": "B0C9BC1E8D2EE241923328C3E165522B",
  "Reloaded.Hooks.Definitions.dll": "374382BAF975E85176CC1DFA5C973E92",
  "Reloaded.Hooks.dll": "04F9DD63D41ED8791DCFB928FF72E4EA",
  "Reloaded.Memory.Buffers.dll": "A5802136CEA9531D3784D254273C9637",
  "Reloaded.Memory.dll": "33DCBF26582B6D443910C770C73DBA5F",
  "revision.txt": "3CFACD1BEEEB00DB3C2AFC128DC13B7C",
  "SDL2-CS.config": "65557595FD5DF55D93B2BF881DE62C3A",
  "SDL2-CS.dll": "EF88C0CAB6D5E77D6FE3D2A9B948095F",
  "Serilog.dll": "BE867ED863F6A121D6C2CD4DE0D77756",
  "Serilog.Sinks.Async.dll": "32F51D646115266D7778753029D0D6B2",
  "Serilog.Sinks.Console.dll": "140EEC6C278AA02AF5977E70004F9A08",
  "Serilog.Sinks.File.dll": "9AAFC915F61129794221DC18CC603811",
  "SharpDX.Direct3D11.dll": "9919BC66831670F85C3CD65D3082597C",
  "SharpDX.dll": "DFEFC95CEFF7CB64D2D9BBCF4F07AC1F",
  "SharpDX.DXGI.dll": "9A863CE09DADC761BF0AA605C04C7C42",
  "SharpDX.Mathematics.dll": "9EBC22C05A1440259C4B2AE354438B03",
  "Silk.NET.Core.dll": "E771D8135BB420EDAB36A36360615897",
  "Silk.NET.GLFW.dll": "28A1BCE490222756FD935B8E392284B4",
  "Silk.NET.Maths.dll": "1FB4C9D66F97927B115506E8A75C3604",
  "Silk.NET.OpenGL.dll": "F974CD3EF26794C317B80B1EEE3E2BF6",
  "Silk.NET.SDL.dll": "600AD0214CB4B455B0DAE98FAEF1FF12",
  "Silk.NET.Windowing.Common.dll": "47B51742AE8CCC503C98D58EE67AD442",
  "Silk.NET.Windowing.Glfw.dll": "6A72F093C815DBF018BCD43A0FA85FA0",
  "Silk.NET.Windowing.Sdl.dll": "2441DB44EDAFB159933F0CB4438A39BC",
  "SQLite-net.dll": "CC6950A063F56CEE5BA99368F348182D",
  "SQLitePCLRaw.batteries_v2.dll": "7EFDB493F2E91FC8301127E37C075540",
  "SQLitePCLRaw.core.dll": "1AEA5A836AAC3A49693CDB876AA1CBA4",
  "SQLitePCLRaw.nativelibrary.dll": "B5CBB888BD71F05ED58960EC3DA9CD25",
  "SQLitePCLRaw.provider.dynamic_cdecl.dll": "95BB16760ED6BF16E14019A13C9D6659",
  "StbiSharp.dll": "1ED10996FC237E672E057492C5DFE44C",
  "System.Reactive.dll": "EF5A00287AD15393D41B12AA4B726FF7",
  "System.Reflection.MetadataLoadContext.dll": "7EC41D41F4E1246757BA3E2EC862D562",
  "System.Security.Cryptography.Pkcs.dll": "8950E01996A37E808BE3F39063C37BF9",
  "TEMP_gitver.txt": "6D8B23787BCE0A12A18F64DA0B66CEB7",
  "TerraFX.Interop.Windows.dll": "84F7EF6B0DE91F8CC23F773D3FD6DEC0",
  "Validation.dll": "8984FC45162393443EBF381FFE9E165E"
}
