{
  "runtimes\\alpine-x64\\native\\libe_sqlite3.so": "39C244FEDBCD3DFC37041D4FCE1AE21D",
  "runtimes\\linux-arm\\native\\libe_sqlite3.so": "96CF54BC0EFB83D6E3F5F3E04997A59D",
  "runtimes\\linux-arm64\\native\\libe_sqlite3.so": "F079E55E7F3F9966A4A2052A3234E068",
  "runtimes\\linux-armel\\native\\libe_sqlite3.so": "C5A67D49434FC65D64E9C15778078C76",
  "runtimes\\linux-mips64\\native\\libe_sqlite3.so": "5F8461214089CFC677D46C19B7162161",
  "runtimes\\linux-musl-x64\\native\\libe_sqlite3.so": "39C244FEDBCD3DFC37041D4FCE1AE21D",
  "runtimes\\linux-x64\\native\\libe_sqlite3.so": "6F49C540D3AB9964D67A4A704C3D262D",
  "runtimes\\linux-x64\\native\\libglfw.so.3": "9E3137144F68B9E9793F4C7AD5B1BEA7",
  "runtimes\\linux-x64\\native\\libSDL2-2.0.so": "99B95A708381FC66AB2370E45A260527",
  "runtimes\\linux-x64\\native\\libstbi.so": "0945355ED59677D06E3E88F48101BB26",
  "runtimes\\linux-x86\\native\\libe_sqlite3.so": "5E0659B414CBD6DDC38C65582485853E",
  "runtimes\\osx-x64\\native\\libe_sqlite3.dylib": "F82AE134FCD1C080A69D775591406673",
  "runtimes\\osx-x64\\native\\libglfw.3.dylib": "1E30FAB2F0C40E82290AD4B0BF14A880",
  "runtimes\\osx-x64\\native\\libSDL2-2.0.dylib": "AAC958490586C67395F0A90903AE3747",
  "runtimes\\osx-x64\\native\\libstbi.dylib": "0B84B0A6A80178266018081C3CAB68E6",
  "runtimes\\win-arm\\native\\e_sqlite3.dll": "FA3C7D6EC7556AAB7B8F8BFC70FA51F9",
  "runtimes\\win-arm64\\native\\e_sqlite3.dll": "4C80DF4A49B31ABB3B9C2304C6B64AC2",
  "runtimes\\win-x64\\native\\e_sqlite3.dll": "BF9DC4A8509234E65D5D3DE1996395D8",
  "runtimes\\win-x64\\native\\glfw3.dll": "7E983755B0132EE09E38A28711251571",
  "runtimes\\win-x64\\native\\minhook.x64d.dll": "C13ACD6DCA321A047A9A325A7A977C96",
  "runtimes\\win-x64\\native\\SDL2.dll": "B82EEBEEF2545B59B3791FD3D243E762",
  "runtimes\\win-x64\\native\\stbi.dll": "34848722E1FDD45C6699B631269D584D",
  "runtimes\\win-x64\\native\\stbi.lib": "927C214DE576219E1F80DBE7798A0502",
  "runtimes\\win-x86\\native\\e_sqlite3.dll": "D2E8FA50168BB391EADB712B21177F65",
  "runtimes\\win-x86\\native\\glfw3.dll": "C0C565C1622E81CB85B40245D6AD7810",
  "runtimes\\win-x86\\native\\SDL2.dll": "DD7B6E88FD8C5FBA00165E21024D8C54",
  "targets\\Dalamud.Plugin.Bootstrap.targets": "C85635161398CD9852CF7212DB7EB904",
  "targets\\Dalamud.Plugin.targets": "394EE2BEC70254F76ABBE2C33F62BBFA",
  "BitFaster.Caching.dll": "386B5A342FE633D60FE761B357694AFA",
  "CheapLoc.dll": "08CF67DEB6291D68670DDE550B4ADB7B",
  "cimgui.dll": "83FBBF734AA0300BCF3C92717DDE88C0",
  "cimguizmo.dll": "FE75B9B7F728931ABA393759EFCCF47D",
  "cimplot.dll": "DF460A9889C85A76BC7577CCD29365C9",
  "commit_hash.txt": "B68B42212DCD269EB095C318F92E411C",
  "Dalamud.Boot.dll": "2524732BAC13FCBAE20CA9817164F841",
  "Dalamud.Common.dll": "E407AFFFBEA77B71363E3B8339994979",
  "Dalamud.deps.json": "3C4E96F3D0F124DB2CACE8464B571B38",
  "Dalamud.dll": "DE06EBED9F64DDA0FFE4003B11763F92",
  "Dalamud.Injector.deps.json": "C21972522E8133995B2C9562B3E39983",
  "Dalamud.Injector.dll": "85EF69DA96C2F0B6ECDD075454582999",
  "Dalamud.Injector.exe": "04E8F783DDEB01FDA73D57D22DB46A5D",
  "Dalamud.Injector.runtimeconfig.json": "439C534917CEF268A731631073E50FE4",
  "Dalamud.Injector.xml": "6730B8BB13078B71889B5A56C5DFAC6D",
  "Dalamud.runtimeconfig.json": "CA3935E9C6B9E3300F2D7171E4AF6335",
  "Dalamud.xml": "BAC717D37BE2423D5479D165B77109F8",
  "DalamudCrashHandler.exe": "3B91E9ADFE3F4B68795726480C50CB03",
  "FASM-LICENSE.TXT": "ECEA1D10811221D5F0A3E96F9C38E2C7",
  "FASM.DLL": "6E6DB8E07C3E35D0154399CE88C90962",
  "FASMX64.DLL": "36384E8556FC3AAD6755773C2D43056F",
  "FFXIVClientStructs.dll": "D720DE43D4A59DFB527B0CFD6B6B7AB9",
  "FFXIVClientStructs.xml": "AEF6A7D4697A1C54F3FECC9B3B7ED5B1",
  "goaaats.Reloaded.Assembler.targets": "CC22CB0A353E2136EE9E6E96DB9F7164",
  "Iced.dll": "C0E16CB054A43F7D65EB41E935D6EEB2",
  "ImGui.NET.dll": "21A189C02DD48CCAE3A8BCA8E8524302",
  "ImGuiScene.dll": "C27392F1FA2AE8D1193AFC722C058C5D",
  "InteropGenerator.Runtime.dll": "BB2C9BA80DB7A473C304953D2AF814B8",
  "JetBrains.Annotations.dll": "F9546D338830EB4707505A0605FFB594",
  "licenses.txt": "A159BE62AA91178EFC3E3983AE874D1D",
  "Lumina.dll": "0DE17E258E2CD674B0BDDD2CDE5D1ABB",
  "Lumina.Excel.dll": "8E1DD041B755D9DF826F6A3D0AC97492",
  "Microsoft.Bcl.HashCode.dll": "613AB56061ADF2284E047025207467E0",
  "Microsoft.DotNet.PlatformAbstractions.dll": "00AB0F02B1114C57C758F5AD595224F1",
  "Microsoft.Extensions.DependencyModel.dll": "F39BC76C10CFEA478C936FC4521A9FC9",
  "Microsoft.Extensions.ObjectPool.dll": "B0558CE087EAE95853E35579300F3A77",
  "MinSharp.dll": "667A3DBDD89AADACB83A746C9550B3BB",
  "Mono.Cecil.dll": "929C8DD68B6C35AD7A64D41A0F664A98",
  "Mono.Cecil.Mdb.dll": "AD7BCEBB388C451F9DA9D67E62371CBE",
  "Mono.Cecil.Pdb.dll": "D8C5267A56FEE9C83149232559255F73",
  "Mono.Cecil.Rocks.dll": "6863D8E0F4528F916E16DC60DED8E263",
  "nethost.dll": "21F39F71E2F4B5BA9FB3F126872F2F9B",
  "Newtonsoft.Json.dll": "ADF3E3EECDE20B7C9661E9C47106A14A",
  "PeNet.Asn1.dll": "4E8ED1D16D5507A1879A0D14C8D61475",
  "PeNet.dll": "01DB529095A1B22042A07A3D17FA36BD",
  "PInvoke.AdvApi32.dll": "34EE461D05B403C3A15D0DEC32A3788C",
  "PInvoke.BCrypt.dll": "FD07758EE1440491F22923084109FF26",
  "PInvoke.Cabinet.dll": "333D950E3804735DA60CC41D614C63E2",
  "PInvoke.CfgMgr32.dll": "768BE7CC18EDCF78B296A72ABE891691",
  "PInvoke.Crypt32.dll": "E7B00B0851738F4A7F2C6D37DAA973B4",
  "PInvoke.DbgHelp.dll": "E701136169620D20E3A70B560DE20E44",
  "PInvoke.DwmApi.dll": "ACF223CC8962404056648815B486F7D9",
  "PInvoke.Gdi32.dll": "69FF434826F98582CE44D3136ECFFACB",
  "PInvoke.Hid.dll": "2E7A41257F8AD9B26073181F450CD8E5",
  "PInvoke.ImageHlp.dll": "79BE816E8D86EA66489D7780DD675D49",
  "PInvoke.IPHlpApi.dll": "E949FA3326D1BA8872B179AB4EE49D38",
  "PInvoke.Kernel32.dll": "234E15B122ED430DE99490CA1A204958",
  "PInvoke.Magnification.dll": "C9EA3D34F506741ECC044DB19C151F09",
  "PInvoke.Msi.dll": "69EE50CE2DA6B55755E52589F49A7EBC",
  "PInvoke.NCrypt.dll": "DA1DE76C14D99370CA3BEF19DC299B15",
  "PInvoke.NetApi32.dll": "AE79F9FA2E3864A5E0642AE4622ECDC5",
  "PInvoke.NewDev.dll": "B3E1992105D986EF9C5C8E4B630FBB07",
  "PInvoke.NTDll.dll": "3F6BDF840EB27DD0FD9EB8071822183A",
  "PInvoke.Ole32.dll": "3C49FB100B60519FFE725BCD12A538F6",
  "PInvoke.Psapi.dll": "A7683EE4B880227F01C8AE632A892B9E",
  "PInvoke.SetupApi.dll": "1B7AE321185D0081D1759A9AD829F9BA",
  "PInvoke.SHCore.dll": "F27E7F063D51480F6D2294C903E4A606",
  "PInvoke.Shell32.dll": "F71A1BCAF6478190691170DAEA77722F",
  "PInvoke.User32.dll": "8BEDE38311ED4F27127290B81B8079FD",
  "PInvoke.Userenv.dll": "FEB7BCA90B8C905EC2F4BB0789847131",
  "PInvoke.UxTheme.dll": "8E683C016250CB719FDB9AAAFC22B3C5",
  "PInvoke.Windows.Core.dll": "90015440A44935208FFEA9BF61740651",
  "PInvoke.Windows.ShellScalingApi.dll": "F351B34B8C9183A51CADFDC279357C49",
  "PInvoke.WinUsb.dll": "9EB8A0280F2848D1A32B560A939F7336",
  "PInvoke.WtsApi32.dll": "341C94455D2E5893DBE4293D4D67AA4D",
  "Reloaded.Assembler.dll": "94AD7EADA47D2D1735BF20EDA39CE912",
  "Reloaded.Hooks.Definitions.dll": "F2E62A11EDD135502CE9B00B2DDD21E7",
  "Reloaded.Hooks.dll": "5994DA7449680997818A620F46C8FAE4",
  "Reloaded.Memory.Buffers.dll": "196C27FDFFFD22114E4BA07EE1EFBAE3",
  "Reloaded.Memory.dll": "2EE322C5EAD20A8A831AA454E9AB6C4D",
  "revision.txt": "0C4B1EEB45C90B52BFB9D07943D855AB",
  "SDL2-CS.config": "65557595FD5DF55D93B2BF881DE62C3A",
  "SDL2-CS.dll": "DA41E01AD474F153786477B061F657DF",
  "Serilog.dll": "6BFAEDE19C7ABB2B1044BD39D08A95F2",
  "Serilog.Sinks.Async.dll": "AA319071AED62C58E02F5B5D6BF4D672",
  "Serilog.Sinks.Console.dll": "3E9461BA381E82B756372C7594D3F01C",
  "Serilog.Sinks.File.dll": "37878782D1A473E1C52AE36D1CAAB84B",
  "SharpDX.Direct3D11.dll": "95073FE5E7D4FE30E5B5F66F21D78628",
  "SharpDX.dll": "C10115FEA4AE8B87322D5632CE693790",
  "SharpDX.DXGI.dll": "1EC9EA6CA2A9F72210D4EAE7137C2A12",
  "SharpDX.Mathematics.dll": "8F42D4F782F67D4CEF5CDD83FA9E67B6",
  "Silk.NET.Core.dll": "0193950D00698C024D1237097A8A3A71",
  "Silk.NET.GLFW.dll": "AA9176EFCDB13182BF6AC17C53BD39E6",
  "Silk.NET.Maths.dll": "585A8F8F1CC6C42CBF7E9BA300D3C77A",
  "Silk.NET.OpenGL.dll": "E10120809F66101FB16EA388450F63A5",
  "Silk.NET.SDL.dll": "8DA3FCDE84DBBB7F15D5E37FA190A861",
  "Silk.NET.Windowing.Common.dll": "74C66B6812B2080E5A1141E224B92D66",
  "Silk.NET.Windowing.Glfw.dll": "F6869D94897449B32D8EAE7DB10F4E80",
  "Silk.NET.Windowing.Sdl.dll": "3AF0293B3882CF06C3B5FF0C3BA9AB5D",
  "SQLite-net.dll": "79F472B13CF82DF7965CE1C9C7FE04F3",
  "SQLitePCLRaw.batteries_v2.dll": "7018AD8D15CCD9525375F1A91E33DADE",
  "SQLitePCLRaw.core.dll": "B4277BE68A725EF810E5103D92729780",
  "SQLitePCLRaw.nativelibrary.dll": "5F3280882ADDF9D947317A09B363A89A",
  "SQLitePCLRaw.provider.dynamic_cdecl.dll": "BED96F191AE7C4718BE2EC33CE548E8B",
  "StbiSharp.dll": "629694EB00ECC6CE6BE1836CDD2A5E51",
  "System.Reactive.dll": "EF5A00287AD15393D41B12AA4B726FF7",
  "System.Reflection.MetadataLoadContext.dll": "E88E3AF6D37736F339022C9ACC5F2F7B",
  "System.Security.Cryptography.Pkcs.dll": "8950E01996A37E808BE3F39063C37BF9",
  "TEMP_gitver.txt": "000CC9E2F7DDF9D29F9746A027D6A97F",
  "TerraFX.Interop.Windows.dll": "84F7EF6B0DE91F8CC23F773D3FD6DEC0",
  "Validation.dll": "7A9AA5B6882B4056B1B6491DB96D0206"
}
