{
  "runtimes\\alpine-x64\\native\\libe_sqlite3.so": "39C244FEDBCD3DFC37041D4FCE1AE21D",
  "runtimes\\linux-arm\\native\\libe_sqlite3.so": "96CF54BC0EFB83D6E3F5F3E04997A59D",
  "runtimes\\linux-arm64\\native\\libe_sqlite3.so": "F079E55E7F3F9966A4A2052A3234E068",
  "runtimes\\linux-armel\\native\\libe_sqlite3.so": "C5A67D49434FC65D64E9C15778078C76",
  "runtimes\\linux-mips64\\native\\libe_sqlite3.so": "5F8461214089CFC677D46C19B7162161",
  "runtimes\\linux-musl-x64\\native\\libe_sqlite3.so": "39C244FEDBCD3DFC37041D4FCE1AE21D",
  "runtimes\\linux-x64\\native\\libe_sqlite3.so": "6F49C540D3AB9964D67A4A704C3D262D",
  "runtimes\\linux-x86\\native\\libe_sqlite3.so": "5E0659B414CBD6DDC38C65582485853E",
  "runtimes\\osx-x64\\native\\libe_sqlite3.dylib": "F82AE134FCD1C080A69D775591406673",
  "runtimes\\win-arm\\native\\e_sqlite3.dll": "E36E122BDA8A7792AC23D96174A1BAD0",
  "runtimes\\win-arm64\\native\\e_sqlite3.dll": "8900238308AAB1CE7FC21507E0318C84",
  "runtimes\\win-x64\\native\\e_sqlite3.dll": "D69A3C9A8BB1C1AEEAFFA5B2D9D91AF4",
  "runtimes\\win-x64\\native\\minhook.x64d.dll": "730B887FBEE6C8E7E20AD349888E3566",
  "runtimes\\win-x86\\native\\e_sqlite3.dll": "81448A1F488961F6AB316898A1D2CAB0",
  "targets\\Dalamud.Plugin.Bootstrap.targets": "C85635161398CD9852CF7212DB7EB904",
  "targets\\Dalamud.Plugin.targets": "394EE2BEC70254F76ABBE2C33F62BBFA",
  "BCnEncoder.dll": "78ED88C415853BFBE33B72D115337241",
  "BitFaster.Caching.dll": "E7A8CA664612A23FD07F4C41DFE7C4F5",
  "CheapLoc.dll": "6C0A71A44CDED5417D9D21AA86179388",
  "cimgui.dll": "C09DDC4C87E4B93D56F7D400B68D276E",
  "cimguizmo.dll": "8DFE5CB13A68F8DA1A876CC9EA663CF2",
  "cimplot.dll": "4EF679B7B309A723ABE8C4C4BCCCBD90",
  "commit_hash.txt": "E09786B2213F663EB9CE9363AC1838FA",
  "CommunityToolkit.HighPerformance.dll": "66B64EC334625F2C5D341A45E28EEB43",
  "Dalamud.Bindings.ImGui.dll": "0EE459342902F404AE4080B9F9A33607",
  "Dalamud.Bindings.ImGuizmo.dll": "9DB447822059A3A9EFED8EFFBE520D2C",
  "Dalamud.Bindings.ImPlot.dll": "823C6A27F63541E21619D16018849A3F",
  "Dalamud.Boot.dll": "07BDEF77FBC951B566412ACA6074B705",
  "Dalamud.Common.dll": "631C26830F784011B3181FC8472AE422",
  "Dalamud.deps.json": "910F4FE61ED70DBB55D3FDFD20800318",
  "Dalamud.dll": "ACC5601E1B4E2FE5619391126E0BE6C2",
  "Dalamud.Injector.deps.json": "AE17A723819E88058C70AA4BDA14CA37",
  "Dalamud.Injector.dll": "1C03F6F11740F9DD2AE51FFE7D292B58",
  "Dalamud.Injector.exe": "827B69345E3631D84EE4012DBE6D26E7",
  "Dalamud.Injector.runtimeconfig.json": "439C534917CEF268A731631073E50FE4",
  "Dalamud.Injector.xml": "07EC7B68C97460A1C8275C75BE82FAA9",
  "Dalamud.runtimeconfig.json": "CA3935E9C6B9E3300F2D7171E4AF6335",
  "Dalamud.xml": "852DAC3D21D0CFBF9062E626B6A874B1",
  "DalamudCrashHandler.exe": "FDA5B6E461AFA4ED71ACF16494145794",
  "FASM-LICENSE.TXT": "ECEA1D10811221D5F0A3E96F9C38E2C7",
  "FASM.DLL": "2334D53994151231647959EF6A66CECA",
  "FASMX64.DLL": "28CA138E89CF9A16EA7D2E33993B4EF6",
  "FFXIVClientStructs.dll": "C1BCC4D2FC3FA8B0D96BC3B297F50958",
  "FFXIVClientStructs.xml": "2AE5AFF7925698A5DA881FD75801990F",
  "goatcorp.Reloaded.Assembler.dll": "E2D445ABAF95A20542CFD566CE7CA295",
  "goatcorp.Reloaded.Assembler.targets": "CC22CB0A353E2136EE9E6E96DB9F7164",
  "goatcorp.Reloaded.Hooks.dll": "B9546A8F033382760C41E0080FAB196C",
  "goatcorp.Reloaded.Memory.Buffers.dll": "0A5B5FEA93D8EA2A1886B0C6D1BAB708",
  "HexaGen.Runtime.dll": "E8386F5AF296F0E801F30E838074C89E",
  "Iced.dll": "7BE6646A80973D15E12B588EF53D563E",
  "ImGuiScene.dll": "EF256EA261CE7C870CC77EC02B712FD1",
  "InteropGenerator.Runtime.dll": "EFD88885FF71E974BAE3921D9B571258",
  "JetBrains.Annotations.dll": "82490391CB2DAD8250CA0E59BCEBBB04",
  "licenses.txt": "A159BE62AA91178EFC3E3983AE874D1D",
  "Lumina.dll": "862EA6923E63DBA76E379CDF1374047D",
  "Lumina.Excel.dll": "B5FC1338A9D3A970EF10A8B0517A7B0A",
  "Lumina.Excel.xml": "3D3B7AD224A8A04B92B2B311FB8DA535",
  "Microsoft.Extensions.ObjectPool.dll": "5510583E2B50BE953814615586673C33",
  "MinSharp.dll": "4071B0F36937F7C9A4D417BCAA72C65A",
  "Mono.Cecil.dll": "CCA843C08E60B01AEC6248C5D34D0679",
  "Mono.Cecil.Mdb.dll": "254E208540629986FDF940413F752443",
  "Mono.Cecil.Pdb.dll": "C18BD3FA37FEBD68D2F5515ECDC3F6D0",
  "Mono.Cecil.Rocks.dll": "67758A048E3D06F32C8C19C97AE00D2D",
  "nethost.dll": "21F39F71E2F4B5BA9FB3F126872F2F9B",
  "Newtonsoft.Json.dll": "ADF3E3EECDE20B7C9661E9C47106A14A",
  "PeNet.Asn1.dll": "57F3909AE7A8C85ACD43FB5077399C4C",
  "PeNet.dll": "C134CEEB4253A31D42AAC8671D63F485",
  "Reloaded.Hooks.Definitions.dll": "2AD8CC4C4BE78CDC2B39B5231D3003C4",
  "Reloaded.Memory.Buffers.dll": "88A6EB1CE2941F852D5F0B01D0FD00CD",
  "Reloaded.Memory.dll": "887D794665F62ABF8539D38971932B03",
  "revision.txt": "000C076C390A4C357313FCA29E390ECE",
  "Serilog.dll": "A4956083D18413AABF4CCEE3AB2C0EEF",
  "Serilog.Sinks.Async.dll": "A9BA3C6BEFA721B179348D13D48CC500",
  "Serilog.Sinks.Console.dll": "3E456A9DC5C28ED2B7B7EBFBF219AAFB",
  "Serilog.Sinks.File.dll": "C43DE74B3630A87E28AD52E97F4818CC",
  "SharpDX.Direct3D11.dll": "400706315C2FB1BE54E1D5BD1381E6A6",
  "SharpDX.dll": "E786D22D8EAE0DEBD8D67F9157DDE011",
  "SharpDX.DXGI.dll": "B7946EF65A360A031DC16445B9F5442A",
  "SharpDX.Mathematics.dll": "9A81D29E498F8A5BF760BC197EE46F0E",
  "SQLite-net.dll": "AE90C641060420C8400F92A2121AF774",
  "SQLitePCLRaw.batteries_v2.dll": "4B9EE06AA33791AC09829AA37B014A1D",
  "SQLitePCLRaw.core.dll": "9C90543282DCD129D8DBF434020FC35B",
  "SQLitePCLRaw.nativelibrary.dll": "E226A0D8EEBC97427E9BC652E058EFBA",
  "SQLitePCLRaw.provider.dynamic_cdecl.dll": "03AC2DFE0A7065D4D36107768FF26C80",
  "System.Reactive.dll": "EF5A00287AD15393D41B12AA4B726FF7",
  "System.Reflection.MetadataLoadContext.dll": "E88E3AF6D37736F339022C9ACC5F2F7B",
  "System.Security.Cryptography.Pkcs.dll": "8950E01996A37E808BE3F39063C37BF9",
  "TEMP_gitver.txt": "BE39832145B3EA39F16FC65B4186B240",
  "TerraFX.Interop.Windows.dll": "84F7EF6B0DE91F8CC23F773D3FD6DEC0"
}
