{
  "runtimes\\alpine-x64\\native\\libe_sqlite3.so": "39C244FEDBCD3DFC37041D4FCE1AE21D",
  "runtimes\\linux-arm\\native\\libe_sqlite3.so": "96CF54BC0EFB83D6E3F5F3E04997A59D",
  "runtimes\\linux-arm64\\native\\libe_sqlite3.so": "F079E55E7F3F9966A4A2052A3234E068",
  "runtimes\\linux-armel\\native\\libe_sqlite3.so": "C5A67D49434FC65D64E9C15778078C76",
  "runtimes\\linux-mips64\\native\\libe_sqlite3.so": "5F8461214089CFC677D46C19B7162161",
  "runtimes\\linux-musl-x64\\native\\libe_sqlite3.so": "39C244FEDBCD3DFC37041D4FCE1AE21D",
  "runtimes\\linux-x64\\native\\libe_sqlite3.so": "6F49C540D3AB9964D67A4A704C3D262D",
  "runtimes\\linux-x64\\native\\libglfw.so.3": "9E3137144F68B9E9793F4C7AD5B1BEA7",
  "runtimes\\linux-x64\\native\\libSDL2-2.0.so": "99B95A708381FC66AB2370E45A260527",
  "runtimes\\linux-x64\\native\\libstbi.so": "0945355ED59677D06E3E88F48101BB26",
  "runtimes\\linux-x86\\native\\libe_sqlite3.so": "5E0659B414CBD6DDC38C65582485853E",
  "runtimes\\osx-x64\\native\\libe_sqlite3.dylib": "F82AE134FCD1C080A69D775591406673",
  "runtimes\\osx-x64\\native\\libglfw.3.dylib": "1E30FAB2F0C40E82290AD4B0BF14A880",
  "runtimes\\osx-x64\\native\\libSDL2-2.0.dylib": "AAC958490586C67395F0A90903AE3747",
  "runtimes\\osx-x64\\native\\libstbi.dylib": "0B84B0A6A80178266018081C3CAB68E6",
  "runtimes\\win-arm\\native\\e_sqlite3.dll": "65CFBF1030C99C35FCDA05270BC346E6",
  "runtimes\\win-arm64\\native\\e_sqlite3.dll": "BB45523764703EAF6129B0C1614C3DA7",
  "runtimes\\win-x64\\native\\cimgui.dll": "C91F78C6D737104ED60989E205C05C2A",
  "runtimes\\win-x64\\native\\cimguizmo.dll": "0216CB99A2089D19441667189E846CAC",
  "runtimes\\win-x64\\native\\cimplot.dll": "58A010F39C8F61727E1AE4B01C15D49E",
  "runtimes\\win-x64\\native\\e_sqlite3.dll": "25A75AC6E20C96EAFFF2BED5B210EC55",
  "runtimes\\win-x64\\native\\glfw3.dll": "E6E0F0B976A18C46721E7D3558F51491",
  "runtimes\\win-x64\\native\\minhook.x64d.dll": "BCCD72ED74CE22C24AE67675B4B92D38",
  "runtimes\\win-x64\\native\\SDL2.dll": "8345937A51960E6EF3B50259C58F6CFF",
  "runtimes\\win-x64\\native\\stbi.dll": "D7A011436D8DE99D26F7926623422D50",
  "runtimes\\win-x64\\native\\stbi.lib": "927C214DE576219E1F80DBE7798A0502",
  "runtimes\\win-x86\\native\\e_sqlite3.dll": "EEC039EF593E7AE51B0ED99D65DEB7A0",
  "runtimes\\win-x86\\native\\glfw3.dll": "6ED468455B615F7A71074F0E3415CC3A",
  "runtimes\\win-x86\\native\\SDL2.dll": "F40BB9D1D3441092B3D4F01AA603FF50",
  "targets\\Dalamud.Plugin.Bootstrap.targets": "C85635161398CD9852CF7212DB7EB904",
  "targets\\Dalamud.Plugin.targets": "DDD731601C06B16E10CF2F8990452A27",
  "BitFaster.Caching.dll": "328C7EEAF28D2C03DC88D322D469130B",
  "CheapLoc.dll": "D7FECD4F3D62A36AFD3D9194BD886616",
  "Costura.dll": "F7ACD6F0BFC582F520C4DA947C63059A",
  "Dalamud.Boot.dll": "B0EB9E84C0B129DE0E8049EB0E74F8C4",
  "Dalamud.Common.dll": "E44860B428868A89FFFE530F588BCE28",
  "Dalamud.deps.json": "A03CA1203BD76B9C1FBF611643B7445C",
  "Dalamud.dll": "CCB5BA306E38E2EB87A4A828D73CBF04",
  "Dalamud.Injector.deps.json": "973E5D437761614CB8BADBA9E2C0F6EA",
  "Dalamud.Injector.dll": "7597254C2A63F178591AC614204692A3",
  "Dalamud.Injector.exe": "C1751379C9A91B818F88E5103CE3C3F1",
  "Dalamud.Injector.runtimeconfig.json": "B9BB65FFE7924D4D8BABE9FA66303200",
  "Dalamud.Injector.xml": "D41E5DF541D19A015215E777D7395C9C",
  "Dalamud.runtimeconfig.json": "2A9CD915428BDD175E0889BD0C225F75",
  "Dalamud.xml": "DF0410FB4A0C797BEB10DA09104019D4",
  "DalamudCrashHandler.exe": "A696E73F8AD593DCE23C97CF7D39912F",
  "FASM-LICENSE.TXT": "ECEA1D10811221D5F0A3E96F9C38E2C7",
  "FASM.DLL": "4D07BBF21D289CD36EA363DE42D30E29",
  "FASMX64.DLL": "4DA2C70E0FAA765FDB55D4B25D03611E",
  "FFXIVClientStructs.dll": "9A5D2E97F92211489ED7185EBF14709E",
  "FFXIVClientStructs.xml": "D746E6D62D989F7E2BDC36D4BB668DF0",
  "goaaats.Reloaded.Assembler.targets": "CC22CB0A353E2136EE9E6E96DB9F7164",
  "Iced.dll": "4014CCE4ECB764F9028EF89A0823DD6E",
  "ImGui.NET.dll": "D8F5E491B98020EDF9F9F11CF61FF183",
  "ImGuiScene.dll": "D13CA83F91251EF470E316825D1C3672",
  "InteropGenerator.Runtime.dll": "3310CD962F03893781398F064616F0B7",
  "JetBrains.Annotations.dll": "4D58F0FD2339FF6A45866A6AD2B011D3",
  "licenses.txt": "A159BE62AA91178EFC3E3983AE874D1D",
  "Lumina.dll": "4E8E04C3E778193740BE7098820D4623",
  "Lumina.Excel.dll": "C4B320788E2AC2ACF1161B71EE46ED9C",
  "Microsoft.Bcl.HashCode.dll": "613AB56061ADF2284E047025207467E0",
  "Microsoft.DotNet.PlatformAbstractions.dll": "00AB0F02B1114C57C758F5AD595224F1",
  "Microsoft.Extensions.DependencyModel.dll": "F39BC76C10CFEA478C936FC4521A9FC9",
  "Microsoft.Extensions.ObjectPool.dll": "FEE3CE8A84417360CC5ED787ED6F7DB1",
  "MinSharp.dll": "7695CDE8FBCF21C60ABE1102DE46D757",
  "Mono.Cecil.dll": "15A5FCD00A3D2ED3661C2ACBB5946062",
  "Mono.Cecil.Mdb.dll": "C207FBD22B425E27E20A62D2F80E3A66",
  "Mono.Cecil.Pdb.dll": "6EC4552C4494AF36AD7DA21E10FD4D7A",
  "Mono.Cecil.Rocks.dll": "2B361F87C6A0A6DB9D52DE70704235AB",
  "nethost.dll": "012081214FE71F0F6ADCD9F4A71B2B00",
  "Newtonsoft.Json.dll": "ADF3E3EECDE20B7C9661E9C47106A14A",
  "PeNet.Asn1.dll": "F11187342A15116C9EC0D9EB24652EED",
  "PeNet.dll": "941541576517719D4F471F9A9C8BEEDE",
  "PInvoke.AdvApi32.dll": "34EE461D05B403C3A15D0DEC32A3788C",
  "PInvoke.BCrypt.dll": "FD07758EE1440491F22923084109FF26",
  "PInvoke.Cabinet.dll": "333D950E3804735DA60CC41D614C63E2",
  "PInvoke.CfgMgr32.dll": "768BE7CC18EDCF78B296A72ABE891691",
  "PInvoke.Crypt32.dll": "E7B00B0851738F4A7F2C6D37DAA973B4",
  "PInvoke.DbgHelp.dll": "E701136169620D20E3A70B560DE20E44",
  "PInvoke.DwmApi.dll": "ACF223CC8962404056648815B486F7D9",
  "PInvoke.Gdi32.dll": "69FF434826F98582CE44D3136ECFFACB",
  "PInvoke.Hid.dll": "2E7A41257F8AD9B26073181F450CD8E5",
  "PInvoke.ImageHlp.dll": "79BE816E8D86EA66489D7780DD675D49",
  "PInvoke.IPHlpApi.dll": "E949FA3326D1BA8872B179AB4EE49D38",
  "PInvoke.Kernel32.dll": "234E15B122ED430DE99490CA1A204958",
  "PInvoke.Magnification.dll": "C9EA3D34F506741ECC044DB19C151F09",
  "PInvoke.Msi.dll": "69EE50CE2DA6B55755E52589F49A7EBC",
  "PInvoke.NCrypt.dll": "DA1DE76C14D99370CA3BEF19DC299B15",
  "PInvoke.NetApi32.dll": "AE79F9FA2E3864A5E0642AE4622ECDC5",
  "PInvoke.NewDev.dll": "B3E1992105D986EF9C5C8E4B630FBB07",
  "PInvoke.NTDll.dll": "3F6BDF840EB27DD0FD9EB8071822183A",
  "PInvoke.Ole32.dll": "3C49FB100B60519FFE725BCD12A538F6",
  "PInvoke.Psapi.dll": "A7683EE4B880227F01C8AE632A892B9E",
  "PInvoke.SetupApi.dll": "1B7AE321185D0081D1759A9AD829F9BA",
  "PInvoke.SHCore.dll": "F27E7F063D51480F6D2294C903E4A606",
  "PInvoke.Shell32.dll": "F71A1BCAF6478190691170DAEA77722F",
  "PInvoke.User32.dll": "8BEDE38311ED4F27127290B81B8079FD",
  "PInvoke.Userenv.dll": "FEB7BCA90B8C905EC2F4BB0789847131",
  "PInvoke.UxTheme.dll": "8E683C016250CB719FDB9AAAFC22B3C5",
  "PInvoke.Windows.Core.dll": "90015440A44935208FFEA9BF61740651",
  "PInvoke.Windows.ShellScalingApi.dll": "F351B34B8C9183A51CADFDC279357C49",
  "PInvoke.WinUsb.dll": "9EB8A0280F2848D1A32B560A939F7336",
  "PInvoke.WtsApi32.dll": "341C94455D2E5893DBE4293D4D67AA4D",
  "Reloaded.Assembler.dll": "A5A2C628C65E63A4C44B65D62C084EE5",
  "Reloaded.Hooks.Definitions.dll": "26ADF305141C834058C0B76009EE6AE7",
  "Reloaded.Hooks.dll": "F7013FFE132CAB597E280B2A3505ED25",
  "Reloaded.Memory.Buffers.dll": "2AFE0187FE02056C9DDAEB254E6F4CE0",
  "Reloaded.Memory.dll": "9EE8FB8089A82FECBF977E2AC88E265F",
  "revision.txt": "6F8CAA0E6413027CB7A12F945151CB8D",
  "SDL2-CS.config": "65557595FD5DF55D93B2BF881DE62C3A",
  "SDL2-CS.dll": "A64765F814D5222D0114ABAF1D3FCE6A",
  "Serilog.dll": "C2B7E8B936B3EA0A75BF6BE2340F3857",
  "Serilog.Sinks.Async.dll": "EAE38ACD75921FFBD7F87B0A1ECB5705",
  "Serilog.Sinks.Console.dll": "42D6091246E2ACF3E4FB29408B1A5D53",
  "Serilog.Sinks.File.dll": "AAA1FF5C6486D69C5BD729C999328563",
  "SharpDX.Direct3D11.dll": "1438BD93A5C5768C36FC3CFD01129934",
  "SharpDX.dll": "394D72829F84B062A57F5E4FC3C0F79C",
  "SharpDX.DXGI.dll": "0F5F9FF27412E353CE4EBE52B29AC6B9",
  "SharpDX.Mathematics.dll": "9C5480C84E7C47760910940DF1C5B33E",
  "Silk.NET.Core.dll": "9DE688D5B93DA1D017B421404F9B43A1",
  "Silk.NET.GLFW.dll": "EC404FBC976AECD82276520F63414979",
  "Silk.NET.Maths.dll": "F79AC42E2FD1AF0411FCE5AFE848C249",
  "Silk.NET.OpenGL.dll": "614BF087235CD336A7D4CBADD1CC5DF3",
  "Silk.NET.SDL.dll": "D70E392A1B7EBDD418061CA0B1A66DEF",
  "Silk.NET.Windowing.Common.dll": "32F06FE876C95028DA9D7E046C62E9C3",
  "Silk.NET.Windowing.Glfw.dll": "3BABD28BC09080DD59E9A4DCC5206090",
  "Silk.NET.Windowing.Sdl.dll": "9A20523E2506F893970A9A6D141C894C",
  "SQLite-net.dll": "1CA98E38D5762A941AE0E2C4FAF45CB7",
  "SQLitePCLRaw.batteries_v2.dll": "FE39452F4D06102C95E401B3ED636C3F",
  "SQLitePCLRaw.core.dll": "66D34DEB59BB7E95E618F5995FA4BA08",
  "SQLitePCLRaw.nativelibrary.dll": "EBCBE768FD324D90D05C0C439AB31A59",
  "SQLitePCLRaw.provider.dynamic_cdecl.dll": "E6BE726D6A1990B0D24DD076B9DF753F",
  "StbiSharp.dll": "BE8506D115CEE02228CA0C0D9C5A505C",
  "System.Drawing.Common.dll": "94A2181A9593E1204DC87290D7B56922",
  "System.Reactive.dll": "EF5A00287AD15393D41B12AA4B726FF7",
  "System.Reflection.MetadataLoadContext.dll": "E88E3AF6D37736F339022C9ACC5F2F7B",
  "System.Security.Cryptography.Pkcs.dll": "8950E01996A37E808BE3F39063C37BF9",
  "TEMP_gitver.txt": "716854D8470DC680E05365BFEBBB5353",
  "TerraFX.Interop.Windows.dll": "84F7EF6B0DE91F8CC23F773D3FD6DEC0",
  "Validation.dll": "12F83BCB1D17FBF6BD71CBE9E19694B4"
}
