{
  "runtimes\\alpine-x64\\native\\libe_sqlite3.so": "39C244FEDBCD3DFC37041D4FCE1AE21D",
  "runtimes\\linux-arm\\native\\libe_sqlite3.so": "96CF54BC0EFB83D6E3F5F3E04997A59D",
  "runtimes\\linux-arm64\\native\\libe_sqlite3.so": "F079E55E7F3F9966A4A2052A3234E068",
  "runtimes\\linux-armel\\native\\libe_sqlite3.so": "C5A67D49434FC65D64E9C15778078C76",
  "runtimes\\linux-mips64\\native\\libe_sqlite3.so": "5F8461214089CFC677D46C19B7162161",
  "runtimes\\linux-musl-x64\\native\\libe_sqlite3.so": "39C244FEDBCD3DFC37041D4FCE1AE21D",
  "runtimes\\linux-x64\\native\\libe_sqlite3.so": "6F49C540D3AB9964D67A4A704C3D262D",
  "runtimes\\linux-x64\\native\\libglfw.so.3": "9E3137144F68B9E9793F4C7AD5B1BEA7",
  "runtimes\\linux-x64\\native\\libSDL2-2.0.so": "99B95A708381FC66AB2370E45A260527",
  "runtimes\\linux-x64\\native\\libstbi.so": "0945355ED59677D06E3E88F48101BB26",
  "runtimes\\linux-x86\\native\\libe_sqlite3.so": "5E0659B414CBD6DDC38C65582485853E",
  "runtimes\\osx-x64\\native\\libe_sqlite3.dylib": "F82AE134FCD1C080A69D775591406673",
  "runtimes\\osx-x64\\native\\libglfw.3.dylib": "1E30FAB2F0C40E82290AD4B0BF14A880",
  "runtimes\\osx-x64\\native\\libSDL2-2.0.dylib": "AAC958490586C67395F0A90903AE3747",
  "runtimes\\osx-x64\\native\\libstbi.dylib": "0B84B0A6A80178266018081C3CAB68E6",
  "runtimes\\win-arm\\native\\e_sqlite3.dll": "C44525A1137FCFE5E2CD0BDEAF5C0603",
  "runtimes\\win-arm64\\native\\e_sqlite3.dll": "8A1F3225B411536492F8D129F072DC15",
  "runtimes\\win-x64\\native\\e_sqlite3.dll": "C7761C52C9A11AA6796285CCC734A8BB",
  "runtimes\\win-x64\\native\\glfw3.dll": "ECD4F8241735DD24F23080A2860775FB",
  "runtimes\\win-x64\\native\\minhook.x64d.dll": "79848C5303669D5ACFE384427DE0FBA9",
  "runtimes\\win-x64\\native\\SDL2.dll": "0D23FA67EC08FAC7D882CACB00022EFB",
  "runtimes\\win-x64\\native\\stbi.dll": "B299EFEA6DAED84B7ED51D333F7E30CB",
  "runtimes\\win-x64\\native\\stbi.lib": "927C214DE576219E1F80DBE7798A0502",
  "runtimes\\win-x86\\native\\e_sqlite3.dll": "BC3AE168E0E8EF9718B1E8D8D334F6B4",
  "runtimes\\win-x86\\native\\glfw3.dll": "EE3B413840FBD760884CF6ACC677F3EC",
  "runtimes\\win-x86\\native\\SDL2.dll": "3C70641DE01FC9BE407F864D653F6853",
  "targets\\Dalamud.Plugin.Bootstrap.targets": "C85635161398CD9852CF7212DB7EB904",
  "targets\\Dalamud.Plugin.targets": "69D15EDFB3D4F0BEE3A099216E4DE057",
  "BitFaster.Caching.dll": "EEEFD373E8D9FC220B9A4502696A8C94",
  "CheapLoc.dll": "34872473547584810BCE68E4E88AA7B3",
  "cimgui.dll": "BF58B821E6A417EF21D0FDC3CD6738A8",
  "cimguizmo.dll": "73AE0BDB3AAAD53C3739E3083CC1B65C",
  "cimplot.dll": "C3AAA8176E75C478BA6176DE8A786262",
  "commit_hash.txt": "C7FEF5A7410C727329300B3DC93616C9",
  "Dalamud.Boot.dll": "2938AAD7571436D7CEF8CBD87ECC4A4E",
  "Dalamud.Common.dll": "FDB4C9DC0A639A12CA1001998B03B220",
  "Dalamud.deps.json": "E8AB37DCA9EAA3293B205B5F43963B52",
  "Dalamud.dll": "2C1BA97CB2425519995A10B19825494E",
  "Dalamud.Injector.deps.json": "E30B9BD40106FFC14A5274A670979EDF",
  "Dalamud.Injector.dll": "705CEE03074744AD853A45B4346AC5AD",
  "Dalamud.Injector.exe": "BE5C2EC360E9564F9285709DF693C622",
  "Dalamud.Injector.runtimeconfig.json": "B9BB65FFE7924D4D8BABE9FA66303200",
  "Dalamud.Injector.xml": "D41E5DF541D19A015215E777D7395C9C",
  "Dalamud.runtimeconfig.json": "2A9CD915428BDD175E0889BD0C225F75",
  "Dalamud.xml": "21EFC9A4DF3B08F2393DB3FBABEE8E58",
  "DalamudCrashHandler.exe": "0C61AD408BB1700DA2F75ADD0A3FF318",
  "FASM-LICENSE.TXT": "ECEA1D10811221D5F0A3E96F9C38E2C7",
  "FASM.DLL": "8F6733ADB0A3AD7D107681A73E1673BD",
  "FASMX64.DLL": "65E2919F482E2C48E06522B54223CAE0",
  "FFXIVClientStructs.dll": "B8CEC6011F65143A2CD570067863365E",
  "FFXIVClientStructs.xml": "5449B77AF8F417C2F80D08373829C18E",
  "goaaats.Reloaded.Assembler.targets": "CC22CB0A353E2136EE9E6E96DB9F7164",
  "Iced.dll": "16FD84993AF67F97C95A138DBC7B2B75",
  "ImGui.NET.dll": "3CAE8767C4CAC85866C9EDB501675B9E",
  "ImGuiScene.dll": "E9EB4BF1ABAD57D99C857EBCC999D4B9",
  "InteropGenerator.Runtime.dll": "F11CFAA43C191BF7D27C40992EFB51AD",
  "JetBrains.Annotations.dll": "A15C5C63A0460C2AFCF3833C84CC758D",
  "licenses.txt": "A159BE62AA91178EFC3E3983AE874D1D",
  "Lumina.dll": "89835798485D7B04E81985C878EB4208",
  "Lumina.Excel.dll": "BF2A98C0CA0AF3C57041EC7F4A1F599E",
  "Microsoft.Bcl.HashCode.dll": "613AB56061ADF2284E047025207467E0",
  "Microsoft.DotNet.PlatformAbstractions.dll": "00AB0F02B1114C57C758F5AD595224F1",
  "Microsoft.Extensions.DependencyModel.dll": "F39BC76C10CFEA478C936FC4521A9FC9",
  "Microsoft.Extensions.ObjectPool.dll": "FEE3CE8A84417360CC5ED787ED6F7DB1",
  "MinSharp.dll": "FFDCF643EB15A57F0192CFD1BF998B62",
  "Mono.Cecil.dll": "766DA8E8403EC2AB4065CB0B7A9F4C8C",
  "Mono.Cecil.Mdb.dll": "8BCA6760BE92E616B691AD2FB1F20BB0",
  "Mono.Cecil.Pdb.dll": "AABB89DA3AADC32A265ABE01ECDD7945",
  "Mono.Cecil.Rocks.dll": "AE71FAA187AB52DAEC7095523E1B3686",
  "nethost.dll": "21F39F71E2F4B5BA9FB3F126872F2F9B",
  "Newtonsoft.Json.dll": "ADF3E3EECDE20B7C9661E9C47106A14A",
  "PeNet.Asn1.dll": "B7F69AE7324EBB21DD616C784AD59751",
  "PeNet.dll": "ECA5E824B0E3E5C1C2D8183770709FA5",
  "PInvoke.AdvApi32.dll": "34EE461D05B403C3A15D0DEC32A3788C",
  "PInvoke.BCrypt.dll": "FD07758EE1440491F22923084109FF26",
  "PInvoke.Cabinet.dll": "333D950E3804735DA60CC41D614C63E2",
  "PInvoke.CfgMgr32.dll": "768BE7CC18EDCF78B296A72ABE891691",
  "PInvoke.Crypt32.dll": "E7B00B0851738F4A7F2C6D37DAA973B4",
  "PInvoke.DbgHelp.dll": "E701136169620D20E3A70B560DE20E44",
  "PInvoke.DwmApi.dll": "ACF223CC8962404056648815B486F7D9",
  "PInvoke.Gdi32.dll": "69FF434826F98582CE44D3136ECFFACB",
  "PInvoke.Hid.dll": "2E7A41257F8AD9B26073181F450CD8E5",
  "PInvoke.ImageHlp.dll": "79BE816E8D86EA66489D7780DD675D49",
  "PInvoke.IPHlpApi.dll": "E949FA3326D1BA8872B179AB4EE49D38",
  "PInvoke.Kernel32.dll": "234E15B122ED430DE99490CA1A204958",
  "PInvoke.Magnification.dll": "C9EA3D34F506741ECC044DB19C151F09",
  "PInvoke.Msi.dll": "69EE50CE2DA6B55755E52589F49A7EBC",
  "PInvoke.NCrypt.dll": "DA1DE76C14D99370CA3BEF19DC299B15",
  "PInvoke.NetApi32.dll": "AE79F9FA2E3864A5E0642AE4622ECDC5",
  "PInvoke.NewDev.dll": "B3E1992105D986EF9C5C8E4B630FBB07",
  "PInvoke.NTDll.dll": "3F6BDF840EB27DD0FD9EB8071822183A",
  "PInvoke.Ole32.dll": "3C49FB100B60519FFE725BCD12A538F6",
  "PInvoke.Psapi.dll": "A7683EE4B880227F01C8AE632A892B9E",
  "PInvoke.SetupApi.dll": "1B7AE321185D0081D1759A9AD829F9BA",
  "PInvoke.SHCore.dll": "F27E7F063D51480F6D2294C903E4A606",
  "PInvoke.Shell32.dll": "F71A1BCAF6478190691170DAEA77722F",
  "PInvoke.User32.dll": "8BEDE38311ED4F27127290B81B8079FD",
  "PInvoke.Userenv.dll": "FEB7BCA90B8C905EC2F4BB0789847131",
  "PInvoke.UxTheme.dll": "8E683C016250CB719FDB9AAAFC22B3C5",
  "PInvoke.Windows.Core.dll": "90015440A44935208FFEA9BF61740651",
  "PInvoke.Windows.ShellScalingApi.dll": "F351B34B8C9183A51CADFDC279357C49",
  "PInvoke.WinUsb.dll": "9EB8A0280F2848D1A32B560A939F7336",
  "PInvoke.WtsApi32.dll": "341C94455D2E5893DBE4293D4D67AA4D",
  "Reloaded.Assembler.dll": "DC50B87BD169F2C7359F74F3F9CE7260",
  "Reloaded.Hooks.Definitions.dll": "B7FC6F9800C9E872E42B94863C331D27",
  "Reloaded.Hooks.dll": "4FB1EFFB74702DD4186DA2C3074B0771",
  "Reloaded.Memory.Buffers.dll": "D67C9B35E2A02A7476BB69844D6EC619",
  "Reloaded.Memory.dll": "3EB0BF71BF91A5035DDEA92ACEF1B2F5",
  "revision.txt": "BD4D08CD70F4BE1982372107B3B448EF",
  "SDL2-CS.config": "65557595FD5DF55D93B2BF881DE62C3A",
  "SDL2-CS.dll": "3898F49C13FF68342DC987A5A7D6B24A",
  "Serilog.dll": "76F8667D44C848E894EC3B5DEF84E28B",
  "Serilog.Sinks.Async.dll": "D4D4827FC67812984A3F86A7041E3057",
  "Serilog.Sinks.Console.dll": "703F93B80ABF77E431F34C3BE31C135C",
  "Serilog.Sinks.File.dll": "D267A6EC53BC667C077B5948D9DCB771",
  "SharpDX.Direct3D11.dll": "1B490B2219CA805B6E28C6AD0C90B62E",
  "SharpDX.dll": "9E38D4F2A24522BAA9E55962723B8AE3",
  "SharpDX.DXGI.dll": "A88A5234208EA5FF3EED933D9F679ABD",
  "SharpDX.Mathematics.dll": "880087EDDB9839A8089119F57E2C5540",
  "Silk.NET.Core.dll": "16AFA2526DD87C7E87DCDE00532E3F1C",
  "Silk.NET.GLFW.dll": "B1C4B48FF2BB8BA99500BCFF9002C714",
  "Silk.NET.Maths.dll": "A117D775C954D2F11FC35B765B71CA85",
  "Silk.NET.OpenGL.dll": "41B1116721F625AB2E49B582BE4E5576",
  "Silk.NET.SDL.dll": "3E432F45C1AB7BCA503A0DBE89EB4FED",
  "Silk.NET.Windowing.Common.dll": "052C5849AA863B1936DCAB3C177CD56C",
  "Silk.NET.Windowing.Glfw.dll": "E1FFC5A625AB35DB6EB549B47FC01632",
  "Silk.NET.Windowing.Sdl.dll": "54CCAB54A5C12CB6EC6AE4798B72E9D5",
  "SQLite-net.dll": "65275D02410DA5224A2C00310D812C0E",
  "SQLitePCLRaw.batteries_v2.dll": "9E511D2CFEF5BAF85405E96CCD838229",
  "SQLitePCLRaw.core.dll": "744038CCC614231675017E123BB28033",
  "SQLitePCLRaw.nativelibrary.dll": "990809B5DA58F93B3F3BB0BB60DC8B70",
  "SQLitePCLRaw.provider.dynamic_cdecl.dll": "AC7A9F9B2F2EBBE256B0399F87BFBA73",
  "StbiSharp.dll": "F12E29497A76EFCB430E87DEB6C29FD5",
  "System.Reactive.dll": "EF5A00287AD15393D41B12AA4B726FF7",
  "System.Reflection.MetadataLoadContext.dll": "E88E3AF6D37736F339022C9ACC5F2F7B",
  "System.Security.Cryptography.Pkcs.dll": "8950E01996A37E808BE3F39063C37BF9",
  "TEMP_gitver.txt": "4A3CA6ED1A13D1AFA8D3A40468FE84C7",
  "TerraFX.Interop.Windows.dll": "84F7EF6B0DE91F8CC23F773D3FD6DEC0",
  "Validation.dll": "07F587A3A82305995401963DF1B179D5"
}
