{
  "runtimes\\alpine-x64\\native\\libe_sqlite3.so": "39C244FEDBCD3DFC37041D4FCE1AE21D",
  "runtimes\\linux-arm\\native\\libe_sqlite3.so": "96CF54BC0EFB83D6E3F5F3E04997A59D",
  "runtimes\\linux-arm64\\native\\libe_sqlite3.so": "F079E55E7F3F9966A4A2052A3234E068",
  "runtimes\\linux-armel\\native\\libe_sqlite3.so": "C5A67D49434FC65D64E9C15778078C76",
  "runtimes\\linux-mips64\\native\\libe_sqlite3.so": "5F8461214089CFC677D46C19B7162161",
  "runtimes\\linux-musl-x64\\native\\libe_sqlite3.so": "39C244FEDBCD3DFC37041D4FCE1AE21D",
  "runtimes\\linux-x64\\native\\libe_sqlite3.so": "6F49C540D3AB9964D67A4A704C3D262D",
  "runtimes\\linux-x86\\native\\libe_sqlite3.so": "5E0659B414CBD6DDC38C65582485853E",
  "runtimes\\osx-x64\\native\\libe_sqlite3.dylib": "F82AE134FCD1C080A69D775591406673",
  "runtimes\\win-arm\\native\\e_sqlite3.dll": "8284344102B0A513C88F8AECD4825C14",
  "runtimes\\win-arm64\\native\\e_sqlite3.dll": "F56DE68390A6DF790EB4DA603F8F0F16",
  "runtimes\\win-x64\\native\\e_sqlite3.dll": "6D9D23EEF8A5262E467FE51148E1A3FF",
  "runtimes\\win-x64\\native\\minhook.x64d.dll": "01E8BE6550A77B248EE052C77FC45CFC",
  "runtimes\\win-x86\\native\\e_sqlite3.dll": "7FA25ABD7B7E3E1B3E724F22DF3AAD93",
  "targets\\Dalamud.Plugin.Bootstrap.targets": "C85635161398CD9852CF7212DB7EB904",
  "targets\\Dalamud.Plugin.targets": "394EE2BEC70254F76ABBE2C33F62BBFA",
  "BCnEncoder.dll": "6C7D71686696A75245AB4DBE59145425",
  "BitFaster.Caching.dll": "543AFC59050B64C07F2FB37A09407401",
  "CheapLoc.dll": "C4B969D00ED21A39D55857291DBA89E3",
  "cimgui.dll": "E6E4A27E5766EC5B7ECCAE6E1AFAB0F8",
  "cimguizmo.dll": "E2FD5FA635929FE73082157156A158D5",
  "cimplot.dll": "44D691139A8885411E82B97A934A3228",
  "commit_hash.txt": "00269078C55550D5622AC674563317E6",
  "CommunityToolkit.HighPerformance.dll": "66B64EC334625F2C5D341A45E28EEB43",
  "Dalamud.Bindings.ImGui.dll": "A99859BD063D8C67D127DA46C96B4995",
  "Dalamud.Bindings.ImGuizmo.dll": "FE6F9750D691E4A77F14DA4834236882",
  "Dalamud.Bindings.ImPlot.dll": "209B25275826921F378453CCE8C637FD",
  "Dalamud.Boot.dll": "2978E1F848036C8C658A9522C27D012D",
  "Dalamud.Common.dll": "CBED86ED41FEC34CEE6B4F3F62E462DB",
  "Dalamud.deps.json": "2176BFCA5E8954AF9C272E9955AFDF96",
  "Dalamud.dll": "52EC761791953D63FA7ED34727EAEAED",
  "Dalamud.Injector.deps.json": "AE17A723819E88058C70AA4BDA14CA37",
  "Dalamud.Injector.dll": "510FDC70E475AC53F6B7F71191C0DCF7",
  "Dalamud.Injector.exe": "1C0479B77B47663228A546325AF61CC9",
  "Dalamud.Injector.runtimeconfig.json": "439C534917CEF268A731631073E50FE4",
  "Dalamud.Injector.xml": "07EC7B68C97460A1C8275C75BE82FAA9",
  "Dalamud.runtimeconfig.json": "CA3935E9C6B9E3300F2D7171E4AF6335",
  "Dalamud.xml": "8FBB04CA64D37E919AC92C3512EF8CB6",
  "DalamudCrashHandler.exe": "FF2EECE32EDD927464DB381BF350ACA2",
  "FASM-LICENSE.TXT": "ECEA1D10811221D5F0A3E96F9C38E2C7",
  "FASM.DLL": "2E457063C6D0D98F430A7B898D9BE4E9",
  "FASMX64.DLL": "B246FA8692ECE65E4A104F8D422B7F42",
  "FFXIVClientStructs.dll": "26BC54C4F7ABAA67B458618783B08938",
  "FFXIVClientStructs.xml": "9B453B8F24144C17E92719AA4F767C77",
  "goatcorp.Reloaded.Assembler.dll": "258169250BA8875AC8491EA1D1ADBB46",
  "goatcorp.Reloaded.Assembler.targets": "CC22CB0A353E2136EE9E6E96DB9F7164",
  "goatcorp.Reloaded.Hooks.dll": "E756B7E6B2EEEFEC0F3A246DAA9163D7",
  "goatcorp.Reloaded.Memory.Buffers.dll": "5EB3C1B83B3837077FB18CE92C185AE6",
  "HexaGen.Runtime.dll": "0C286C72F151F494FB733B378697FC97",
  "Iced.dll": "1D0F3F7BA80547C1B53BB18AFFF2A450",
  "ImGuiScene.dll": "015BA0636A01C0210049A8B327848F5F",
  "InteropGenerator.Runtime.dll": "FFD0703D45F24B5E3C915CDEA2F2A606",
  "JetBrains.Annotations.dll": "6FAD2B00BDBA5794C0E372480465D7D9",
  "licenses.txt": "A159BE62AA91178EFC3E3983AE874D1D",
  "Lumina.dll": "F54E249DF7DDA4BDD6182905C27542D5",
  "Lumina.Excel.dll": "46DC898C2C79A1BA1C72E1E21E8E1E42",
  "Lumina.Excel.xml": "5CDD45BD0DF11B638FF339938C076EDF",
  "Microsoft.Extensions.ObjectPool.dll": "5510583E2B50BE953814615586673C33",
  "MinSharp.dll": "BFF995421626578F32766DABE2BF3891",
  "Mono.Cecil.dll": "834E0D0BE0FD84EFD94ABD162A12D22D",
  "Mono.Cecil.Mdb.dll": "F791BBE4FD0EF6516103FB250C842052",
  "Mono.Cecil.Pdb.dll": "25037DBACDE08251F666069042FF331A",
  "Mono.Cecil.Rocks.dll": "C9A3B83D263C26C6E4AB2F8B72B1939C",
  "nethost.dll": "21F39F71E2F4B5BA9FB3F126872F2F9B",
  "Newtonsoft.Json.dll": "ADF3E3EECDE20B7C9661E9C47106A14A",
  "PeNet.Asn1.dll": "A0E5C05727160A3A1584CC3DEBD5B110",
  "PeNet.dll": "439B8684DA7D98128F3756B7FCF70BC1",
  "Reloaded.Hooks.Definitions.dll": "374C799589B627B8929D78BD3F824F4A",
  "Reloaded.Memory.Buffers.dll": "A0922680C3E2D25184BF3DBFFA9BD6C3",
  "Reloaded.Memory.dll": "8F0542A151BE66F3CE7CFDD36075E379",
  "revision.txt": "3A24B25A7B092A252166A1641AE953E7",
  "Serilog.dll": "FBF452BEC35A03023FCD7AC9F7D77AC6",
  "Serilog.Sinks.Async.dll": "459362A81DFCD8737FD1694295553A6A",
  "Serilog.Sinks.Console.dll": "CC91D4C9821C93656E5075DC6DC68F33",
  "Serilog.Sinks.File.dll": "50FB0BEF171330C9CBA2AAC72141A20C",
  "SharpDX.Direct3D11.dll": "E8B00D15BA0CDD7510B67C047823367D",
  "SharpDX.dll": "780665582D40A12B7D62B53EF216B4B2",
  "SharpDX.DXGI.dll": "613C8D50A3D40C763FCC11C376A3CDE3",
  "SharpDX.Mathematics.dll": "A136C34977A395DC9536EF5139B84802",
  "SQLite-net.dll": "39EA959003A8480166E9B7D0896DA246",
  "SQLitePCLRaw.batteries_v2.dll": "CCBA8608087ED2C41F3FDB1FED102444",
  "SQLitePCLRaw.core.dll": "5D70DB7A6D3B7813813A44F428F5AA0D",
  "SQLitePCLRaw.nativelibrary.dll": "28244D0BAD7114414646487453B56275",
  "SQLitePCLRaw.provider.dynamic_cdecl.dll": "189B76133A275EEA50564F66F7D38DD7",
  "System.Reactive.dll": "EF5A00287AD15393D41B12AA4B726FF7",
  "System.Reflection.MetadataLoadContext.dll": "E88E3AF6D37736F339022C9ACC5F2F7B",
  "System.Security.Cryptography.Pkcs.dll": "8950E01996A37E808BE3F39063C37BF9",
  "TEMP_gitver.txt": "B9A84AAAAD6BAD24D5C72D22008AED93",
  "TerraFX.Interop.Windows.dll": "84F7EF6B0DE91F8CC23F773D3FD6DEC0"
}
