{
  "runtimes\\alpine-arm\\native\\libe_sqlite3.so": "87AF85204A246154501382901F3F6812",
  "runtimes\\alpine-arm64\\native\\libe_sqlite3.so": "CD4B9AAB53400EFE96ABC32B339A866A",
  "runtimes\\alpine-x64\\native\\libe_sqlite3.so": "6C9D6E34F1E932668237404D6EB6FC66",
  "runtimes\\browser-wasm\\nativeassets\\net7.0\\e_sqlite3.a": "E25518AC5EAD5E787448F3258236888E",
  "runtimes\\linux-arm\\native\\libe_sqlite3.so": "B8DA0DB6A447B5CCE98207F6A250FB84",
  "runtimes\\linux-arm64\\native\\libe_sqlite3.so": "A888898B38395A15F2DE200BAA8B486F",
  "runtimes\\linux-armel\\native\\libe_sqlite3.so": "54F3F4183B81387F7928ED0BB9B67B32",
  "runtimes\\linux-mips64\\native\\libe_sqlite3.so": "D56886A2E2F081CDEA1621BB18132764",
  "runtimes\\linux-musl-arm\\native\\libe_sqlite3.so": "87AF85204A246154501382901F3F6812",
  "runtimes\\linux-musl-arm64\\native\\libe_sqlite3.so": "CD4B9AAB53400EFE96ABC32B339A866A",
  "runtimes\\linux-musl-x64\\native\\libe_sqlite3.so": "6C9D6E34F1E932668237404D6EB6FC66",
  "runtimes\\linux-s390x\\native\\libe_sqlite3.so": "CB751CC76F280849C0E2F718D6784E69",
  "runtimes\\linux-x64\\native\\libe_sqlite3.so": "30098E7FAEB947BF5A5AE2FDB34E4461",
  "runtimes\\linux-x86\\native\\libe_sqlite3.so": "68872BD5071077981504636C2353EAA8",
  "runtimes\\maccatalyst-arm64\\native\\libe_sqlite3.dylib": "B2597C8799A6D21E5B98DB28C9C725FD",
  "runtimes\\maccatalyst-x64\\native\\libe_sqlite3.dylib": "19DCF2A64A7B5D1B8C7705AC809653A5",
  "runtimes\\osx-arm64\\native\\libe_sqlite3.dylib": "FB6D0058E0E849FA8715911B49790350",
  "runtimes\\osx-x64\\native\\libe_sqlite3.dylib": "DE5735102E730C1518C029DB3A0040A9",
  "runtimes\\win-arm\\native\\e_sqlite3.dll": "46BD0D714675D606EF6CAB5F9367E867",
  "runtimes\\win-arm64\\native\\e_sqlite3.dll": "54100619B722A533486D0363606BE720",
  "runtimes\\win-x64\\native\\e_sqlite3.dll": "C3FB4EE9E297216BF2B28F4395E7475B",
  "runtimes\\win-x64\\native\\minhook.x64d.dll": "6DD0E0C42C02395E54D28226163B2C23",
  "runtimes\\win-x86\\native\\e_sqlite3.dll": "F5F20F608F2B6B649F9B7FB160F3A7DD",
  "BCnEncoder.dll": "E7BEF6423977B02D20BA0CACF4F503DC",
  "BitFaster.Caching.dll": "B747E7F765D86BDA2E910712D374CBD1",
  "CheapLoc.dll": "2263947E7843AD77A0D78921C3AB0BC4",
  "cimgui.dll": "2D9A1A1C9C79135AFEDA1B443EE1AF9D",
  "cimguizmo.dll": "AB5D53C06321660F6F25B63719CEE809",
  "cimplot.dll": "28CB8D3FC604914EF3BD6F7F15E25A13",
  "commit_hash.txt": "C09ED44E2685FBE8BB98E64FCE46A53C",
  "CommunityToolkit.HighPerformance.dll": "66B64EC334625F2C5D341A45E28EEB43",
  "Dalamud.Bindings.ImGui.dll": "365C3BBAF8EC1524DC18DF1389C058D4",
  "Dalamud.Bindings.ImGuizmo.dll": "8C24F6B5CBEC4BD158F2D24A8D0C1662",
  "Dalamud.Bindings.ImPlot.dll": "5B8F01666FEAB2F2F9763C6B73E5E397",
  "Dalamud.Boot.dll": "2E72C62B4AAD418F3362DB54FBF81614",
  "Dalamud.Common.dll": "468B7F5CDAEDBB6113B2632BB323E8BB",
  "Dalamud.deps.json": "C0D080B07E1809478E154B040A4A7BE2",
  "Dalamud.dll": "703EBA22D5D4EB50E372AAFDA06121F3",
  "Dalamud.Injector.deps.json": "28C3C412E18C8E21BCEC052CCAF9CE11",
  "Dalamud.Injector.dll": "015BB64C2E7C7D6BA7B93FA9AD4F3EAA",
  "Dalamud.Injector.exe": "8C75C8BB9C08B03B63EE1BBF7BBF8CAF",
  "Dalamud.Injector.runtimeconfig.json": "481C4D4F6151485203242D25F632FCC5",
  "Dalamud.Injector.xml": "573870DEB8A9854EC20203EDE9D78425",
  "Dalamud.runtimeconfig.json": "9DB7F0D7C94CA1AA6CA3ACFA6F93A1D8",
  "Dalamud.xml": "1F2D5E969A99DB79C495B46FB3DD6DBB",
  "DalamudCrashHandler.exe": "D5B674AE0A046EB376E51666A9B96CF2",
  "FFXIVClientStructs.dll": "F660AD353FF072D518450DC3EFFABCE0",
  "FFXIVClientStructs.xml": "2AA07E2A0040A3222D45A84FABEF43DE",
  "goatcorp.Reloaded.Hooks.dll": "3D2F6676287E2599611245FBF25B374E",
  "goatcorp.Reloaded.Memory.Buffers.dll": "6AA9887068495B6890C021E902CF85A8",
  "HexaGen.Runtime.dll": "212A650D868FCE8101E2999CAFD2165E",
  "Iced.dll": "5CCB45B762A6556B2B949D4F174255F4",
  "ImGuiScene.dll": "259407DBA4ACD5DE7374C6E49EB8081C",
  "InteropGenerator.Runtime.dll": "F8DC4940A473BA98B74B1449F592B65C",
  "JetBrains.Annotations.dll": "D334483DFBCF8BE6062277E1FB3B94F3",
  "licenses.txt": "A159BE62AA91178EFC3E3983AE874D1D",
  "Lumina.dll": "92F0272AA3D3833B14352969061D49D8",
  "Lumina.Excel.dll": "5A1AEC174FABC005A5982BB91382FA62",
  "Lumina.Excel.xml": "AEE3C28A2AE7FBEC7B9B5685FA0F569D",
  "Microsoft.Extensions.ObjectPool.dll": "CB2B8426DF93B062B631BC85B3369BED",
  "MinSharp.dll": "AE88217AB33258C9B6368429D7CD73F2",
  "Mono.Cecil.dll": "E248B0EE25D666446F4140134C7B747E",
  "Mono.Cecil.Mdb.dll": "F9C2738B63C3B4C7399D9FFDD1562BA4",
  "Mono.Cecil.Pdb.dll": "AE72B2B80307DEE8E74783287E603461",
  "Mono.Cecil.Rocks.dll": "8B9E17765A3C4781DDFF000EBFC6C78E",
  "nethost.dll": "21F39F71E2F4B5BA9FB3F126872F2F9B",
  "Newtonsoft.Json.dll": "C252FE44B67A08E6DAB4EADE3764DB49",
  "PeNet.Asn1.dll": "ED04157482AF7121D2C4A347A51D0846",
  "PeNet.dll": "3CA1E4FD1DC21F233ECCD2D9562DC8AB",
  "Reloaded.Hooks.Definitions.dll": "3B2F32E565BBA4FEF52910CDFDDA1E79",
  "Reloaded.Memory.Buffers.dll": "517321F8D2201F70D1E79127F957AEBE",
  "Reloaded.Memory.dll": "9352FC25219738F50C5BA8DCBBF47245",
  "revision.txt": "71DD9B48FF8928E726D4D21A5AF243F3",
  "Serilog.dll": "2EF16220ED750838FB75196D0B892697",
  "Serilog.Sinks.Async.dll": "7C254593B6DE254E0F1269C891637760",
  "Serilog.Sinks.Console.dll": "679DBE032974273EFC68769E01D34886",
  "Serilog.Sinks.File.dll": "3E77860EC849AEC5DF87C57B738E8C9B",
  "SQLite-net.dll": "3A89C4F619562D85DB39B50E3A97429D",
  "SQLitePCLRaw.batteries_v2.dll": "FEBDF2CE5D4BAD2DC81C6C4CE0B6A18C",
  "SQLitePCLRaw.core.dll": "EEED34371E73A5A3153768E83ACBC962",
  "SQLitePCLRaw.provider.e_sqlite3.dll": "54DD05F797E6F1D503D410E2BB6DAF92",
  "System.Reactive.dll": "C6016588304D55406E3D1C2FA7D42903",
  "System.Reflection.MetadataLoadContext.dll": "284C720DEE2524BCF10DD1B5648AA303",
  "System.Security.Cryptography.Pkcs.dll": "17945B2BF07D9377E36AD3EBE69FF693",
  "TEMP_gitver.txt": "70817ECADB742C52C24F48C93F29924D",
  "TerraFX.Interop.Windows.dll": "C75D06E77DE5A095D45676A81CDE0DC9"
}
