{
  "runtimes\\alpine-x64\\native\\libe_sqlite3.so": "39C244FEDBCD3DFC37041D4FCE1AE21D",
  "runtimes\\linux-arm\\native\\libe_sqlite3.so": "96CF54BC0EFB83D6E3F5F3E04997A59D",
  "runtimes\\linux-arm64\\native\\libe_sqlite3.so": "F079E55E7F3F9966A4A2052A3234E068",
  "runtimes\\linux-armel\\native\\libe_sqlite3.so": "C5A67D49434FC65D64E9C15778078C76",
  "runtimes\\linux-mips64\\native\\libe_sqlite3.so": "5F8461214089CFC677D46C19B7162161",
  "runtimes\\linux-musl-x64\\native\\libe_sqlite3.so": "39C244FEDBCD3DFC37041D4FCE1AE21D",
  "runtimes\\linux-x64\\native\\libe_sqlite3.so": "6F49C540D3AB9964D67A4A704C3D262D",
  "runtimes\\linux-x64\\native\\libglfw.so.3": "9E3137144F68B9E9793F4C7AD5B1BEA7",
  "runtimes\\linux-x64\\native\\libSDL2-2.0.so": "99B95A708381FC66AB2370E45A260527",
  "runtimes\\linux-x64\\native\\libstbi.so": "0945355ED59677D06E3E88F48101BB26",
  "runtimes\\linux-x86\\native\\libe_sqlite3.so": "5E0659B414CBD6DDC38C65582485853E",
  "runtimes\\osx-x64\\native\\libe_sqlite3.dylib": "F82AE134FCD1C080A69D775591406673",
  "runtimes\\osx-x64\\native\\libglfw.3.dylib": "1E30FAB2F0C40E82290AD4B0BF14A880",
  "runtimes\\osx-x64\\native\\libSDL2-2.0.dylib": "AAC958490586C67395F0A90903AE3747",
  "runtimes\\osx-x64\\native\\libstbi.dylib": "0B84B0A6A80178266018081C3CAB68E6",
  "runtimes\\win-arm\\native\\e_sqlite3.dll": "7624063FFC2A43A8109501896F2B57DE",
  "runtimes\\win-arm64\\native\\e_sqlite3.dll": "1BEE8F803BE9F8F6C20EDA7E521AC899",
  "runtimes\\win-x64\\native\\e_sqlite3.dll": "E0442AD4675DC21FC37FCDEC8B5A4CAF",
  "runtimes\\win-x64\\native\\glfw3.dll": "AE8272B1C0913C00443136C7A801B302",
  "runtimes\\win-x64\\native\\minhook.x64d.dll": "DEF11B4AB2675FB10F67A17F59317C50",
  "runtimes\\win-x64\\native\\SDL2.dll": "B69156580664CB726EAE8E630A770574",
  "runtimes\\win-x64\\native\\stbi.dll": "B417CC826F0F2BDD4536E4CA64578D7E",
  "runtimes\\win-x64\\native\\stbi.lib": "927C214DE576219E1F80DBE7798A0502",
  "runtimes\\win-x86\\native\\e_sqlite3.dll": "888385FA52650A6C1079A7C947A9F47E",
  "runtimes\\win-x86\\native\\glfw3.dll": "74DD6C5A68135E41E8B23A82EE304A9D",
  "runtimes\\win-x86\\native\\SDL2.dll": "76C1607449042E9D1596EC1445B95F74",
  "targets\\Dalamud.Plugin.Bootstrap.targets": "C85635161398CD9852CF7212DB7EB904",
  "targets\\Dalamud.Plugin.targets": "394EE2BEC70254F76ABBE2C33F62BBFA",
  "BitFaster.Caching.dll": "6C004D984D1C202AEE18A58164EBC8CA",
  "CheapLoc.dll": "AB7C43B6D201F713D62638286033773D",
  "cimgui.dll": "FBA25D5F6F566E41D785A9CEB25E5514",
  "cimguizmo.dll": "2DD06FBC45F81A4BCDD534DCCB6DD816",
  "cimplot.dll": "92F0E1D7940B4CC1C0A91A8F975B7089",
  "commit_hash.txt": "79E4A735DEB7CF9AA25EF69401302ECA",
  "Dalamud.Boot.dll": "00EBF54B4BE7E00B867427AEAD6E8F10",
  "Dalamud.Common.dll": "AA6BB72611E9AB4CB7E68BFA51474E1F",
  "Dalamud.deps.json": "8DE15BF2B6743B5BAC4FFA85F2B4E695",
  "Dalamud.dll": "1F87837819971D9EBC2BBCBD5EEE93F2",
  "Dalamud.Injector.deps.json": "C21972522E8133995B2C9562B3E39983",
  "Dalamud.Injector.dll": "833492269D76B35C246D7FE814D4ABCA",
  "Dalamud.Injector.exe": "ED7FAD2D742ED72C4BBFE574F7EA8342",
  "Dalamud.Injector.runtimeconfig.json": "439C534917CEF268A731631073E50FE4",
  "Dalamud.Injector.xml": "6730B8BB13078B71889B5A56C5DFAC6D",
  "Dalamud.runtimeconfig.json": "CA3935E9C6B9E3300F2D7171E4AF6335",
  "Dalamud.xml": "59F978B4C6886F3D0F513DE8030F5573",
  "DalamudCrashHandler.exe": "CB5F92A503D87FC722E7BE8325353133",
  "FASM-LICENSE.TXT": "ECEA1D10811221D5F0A3E96F9C38E2C7",
  "FASM.DLL": "D34C0DCDEFFD4008652BCC38AC2C39D6",
  "FASMX64.DLL": "013861715ECBB494051AE42399B49598",
  "FFXIVClientStructs.dll": "E368F06E4EF27E1F9174299D90B55A37",
  "FFXIVClientStructs.xml": "9793EE575F4B6AEE61162E59AD2E112D",
  "goatcorp.Reloaded.Assembler.targets": "CC22CB0A353E2136EE9E6E96DB9F7164",
  "Iced.dll": "DA717C83B2BFAA1D8FD10225519711CC",
  "ImGui.NET.dll": "7AB74555435DFEB1FB9F66AF646DAD1C",
  "ImGuiScene.dll": "6CB1F504FD4968B798D853918052E9F7",
  "InteropGenerator.Runtime.dll": "D6E6B21F2310BB4DF77589858BA1D389",
  "JetBrains.Annotations.dll": "53F51126051AC57C3A057A635F927DE7",
  "licenses.txt": "A159BE62AA91178EFC3E3983AE874D1D",
  "Lumina.dll": "F188359FCE01C473CCD0010E60B0CF63",
  "Lumina.Excel.dll": "02EE6715F15BA2EFF00A7A917FAA1AE0",
  "Microsoft.Bcl.HashCode.dll": "613AB56061ADF2284E047025207467E0",
  "Microsoft.DotNet.PlatformAbstractions.dll": "00AB0F02B1114C57C758F5AD595224F1",
  "Microsoft.Extensions.DependencyModel.dll": "F39BC76C10CFEA478C936FC4521A9FC9",
  "Microsoft.Extensions.ObjectPool.dll": "B0558CE087EAE95853E35579300F3A77",
  "MinSharp.dll": "83301CD9DC9CE6E6ABF2E86DC983384E",
  "Mono.Cecil.dll": "FA6E2C33BC46A9810A85D0A682B4A0FB",
  "Mono.Cecil.Mdb.dll": "8A94BF98F62AE4F0C9B358867DCB22A5",
  "Mono.Cecil.Pdb.dll": "EA0E1BF45576E602ECE740804168F0D5",
  "Mono.Cecil.Rocks.dll": "FBD6A10E34C0A1D3760D5C59D6572BDA",
  "nethost.dll": "21F39F71E2F4B5BA9FB3F126872F2F9B",
  "Newtonsoft.Json.dll": "ADF3E3EECDE20B7C9661E9C47106A14A",
  "PeNet.Asn1.dll": "A2DF44B7486CB3063C4B7A33DFAAA1DF",
  "PeNet.dll": "01C59A003883CF50A18D530FE2C8BD01",
  "PInvoke.AdvApi32.dll": "34EE461D05B403C3A15D0DEC32A3788C",
  "PInvoke.BCrypt.dll": "FD07758EE1440491F22923084109FF26",
  "PInvoke.Cabinet.dll": "333D950E3804735DA60CC41D614C63E2",
  "PInvoke.CfgMgr32.dll": "768BE7CC18EDCF78B296A72ABE891691",
  "PInvoke.Crypt32.dll": "E7B00B0851738F4A7F2C6D37DAA973B4",
  "PInvoke.DbgHelp.dll": "E701136169620D20E3A70B560DE20E44",
  "PInvoke.DwmApi.dll": "ACF223CC8962404056648815B486F7D9",
  "PInvoke.Gdi32.dll": "69FF434826F98582CE44D3136ECFFACB",
  "PInvoke.Hid.dll": "2E7A41257F8AD9B26073181F450CD8E5",
  "PInvoke.ImageHlp.dll": "79BE816E8D86EA66489D7780DD675D49",
  "PInvoke.IPHlpApi.dll": "E949FA3326D1BA8872B179AB4EE49D38",
  "PInvoke.Kernel32.dll": "234E15B122ED430DE99490CA1A204958",
  "PInvoke.Magnification.dll": "C9EA3D34F506741ECC044DB19C151F09",
  "PInvoke.Msi.dll": "69EE50CE2DA6B55755E52589F49A7EBC",
  "PInvoke.NCrypt.dll": "DA1DE76C14D99370CA3BEF19DC299B15",
  "PInvoke.NetApi32.dll": "AE79F9FA2E3864A5E0642AE4622ECDC5",
  "PInvoke.NewDev.dll": "B3E1992105D986EF9C5C8E4B630FBB07",
  "PInvoke.NTDll.dll": "3F6BDF840EB27DD0FD9EB8071822183A",
  "PInvoke.Ole32.dll": "3C49FB100B60519FFE725BCD12A538F6",
  "PInvoke.Psapi.dll": "A7683EE4B880227F01C8AE632A892B9E",
  "PInvoke.SetupApi.dll": "1B7AE321185D0081D1759A9AD829F9BA",
  "PInvoke.SHCore.dll": "F27E7F063D51480F6D2294C903E4A606",
  "PInvoke.Shell32.dll": "F71A1BCAF6478190691170DAEA77722F",
  "PInvoke.User32.dll": "8BEDE38311ED4F27127290B81B8079FD",
  "PInvoke.Userenv.dll": "FEB7BCA90B8C905EC2F4BB0789847131",
  "PInvoke.UxTheme.dll": "8E683C016250CB719FDB9AAAFC22B3C5",
  "PInvoke.Windows.Core.dll": "90015440A44935208FFEA9BF61740651",
  "PInvoke.Windows.ShellScalingApi.dll": "F351B34B8C9183A51CADFDC279357C49",
  "PInvoke.WinUsb.dll": "9EB8A0280F2848D1A32B560A939F7336",
  "PInvoke.WtsApi32.dll": "341C94455D2E5893DBE4293D4D67AA4D",
  "Reloaded.Assembler.dll": "2590B059E19C1ECC918D5B2762607E04",
  "Reloaded.Hooks.Definitions.dll": "FC8AE0C86EE86D6B650FC6EF3761E1D1",
  "Reloaded.Hooks.dll": "01C602D5CD9C06E94457A451287E9A3C",
  "Reloaded.Memory.Buffers.dll": "A5CEEC9AB8D4F108B7434024475B3D8B",
  "Reloaded.Memory.dll": "12CBFF15C201771A3CA4D30154FD5B3D",
  "revision.txt": "F6A8DD1C954C8506AADC764CC32B895E",
  "SDL2-CS.config": "65557595FD5DF55D93B2BF881DE62C3A",
  "SDL2-CS.dll": "13DD723A5896CD3A2D6937CC60567886",
  "Serilog.dll": "447644BD5C04EC1E96ED72A53AC9B865",
  "Serilog.Sinks.Async.dll": "CC645CB13DABCB1AE11152DBCB64EAE9",
  "Serilog.Sinks.Console.dll": "6B0FC4DC867E033B0AB2F67229F704C3",
  "Serilog.Sinks.File.dll": "E29C17AE39906019AA944AA8DC7B617D",
  "SharpDX.Direct3D11.dll": "AA2EB56AFBB3FCD5CBCD4321FD0BAE1E",
  "SharpDX.dll": "D444F22998D2039F9E1D962418882BC1",
  "SharpDX.DXGI.dll": "D8FD1E7AB8B744DBAFF896583E3B76FE",
  "SharpDX.Mathematics.dll": "E9227817576B7C8BDEB5EC312FF067BC",
  "Silk.NET.Core.dll": "250F1194A063B9DB7E25626DDB3656DC",
  "Silk.NET.GLFW.dll": "D63AE6A7DE88369C37187D3C641F604B",
  "Silk.NET.Maths.dll": "DEB2EF5E018F352173691E9E093E1EFD",
  "Silk.NET.OpenGL.dll": "AB009EE243CB8D2D459BA5D47126F32D",
  "Silk.NET.SDL.dll": "F638E507FF349D58DEFEA357B1882DE3",
  "Silk.NET.Windowing.Common.dll": "4DFFC2651A6C1C36466F0ECFB0B6BEE1",
  "Silk.NET.Windowing.Glfw.dll": "80B1B9119E8D3258109635A1CDB6AADD",
  "Silk.NET.Windowing.Sdl.dll": "7A3EB48CFFD59A6496EEB811BA83CEE3",
  "SQLite-net.dll": "6A7BB9BBC84377BC45CFCBCBAD774944",
  "SQLitePCLRaw.batteries_v2.dll": "DBDC84B89857534793E9AD718F2E8B82",
  "SQLitePCLRaw.core.dll": "D5349A5C1708315439F7257ABD206612",
  "SQLitePCLRaw.nativelibrary.dll": "997CDD6623F5F2C4F6DD04CFDA4CFF92",
  "SQLitePCLRaw.provider.dynamic_cdecl.dll": "2F3E93FBFECAF76F79BC75D37C3E84E0",
  "StbiSharp.dll": "A261C5D0868617BCE295FD1B8EC1FC64",
  "System.Reactive.dll": "EF5A00287AD15393D41B12AA4B726FF7",
  "System.Reflection.MetadataLoadContext.dll": "E88E3AF6D37736F339022C9ACC5F2F7B",
  "System.Security.Cryptography.Pkcs.dll": "8950E01996A37E808BE3F39063C37BF9",
  "TEMP_gitver.txt": "4BC7264A7D94B2EC8CE57C2020933F56",
  "TerraFX.Interop.Windows.dll": "84F7EF6B0DE91F8CC23F773D3FD6DEC0",
  "Validation.dll": "63FDBE0F6BE76C71CBBAF403A428309F"
}
