{
  "runtimes\\alpine-x64\\native\\libe_sqlite3.so": "39C244FEDBCD3DFC37041D4FCE1AE21D",
  "runtimes\\linux-arm\\native\\libe_sqlite3.so": "96CF54BC0EFB83D6E3F5F3E04997A59D",
  "runtimes\\linux-arm64\\native\\libe_sqlite3.so": "F079E55E7F3F9966A4A2052A3234E068",
  "runtimes\\linux-armel\\native\\libe_sqlite3.so": "C5A67D49434FC65D64E9C15778078C76",
  "runtimes\\linux-mips64\\native\\libe_sqlite3.so": "5F8461214089CFC677D46C19B7162161",
  "runtimes\\linux-musl-x64\\native\\libe_sqlite3.so": "39C244FEDBCD3DFC37041D4FCE1AE21D",
  "runtimes\\linux-x64\\native\\libe_sqlite3.so": "6F49C540D3AB9964D67A4A704C3D262D",
  "runtimes\\linux-x64\\native\\libglfw.so.3": "9E3137144F68B9E9793F4C7AD5B1BEA7",
  "runtimes\\linux-x64\\native\\libSDL2-2.0.so": "99B95A708381FC66AB2370E45A260527",
  "runtimes\\linux-x64\\native\\libstbi.so": "0945355ED59677D06E3E88F48101BB26",
  "runtimes\\linux-x86\\native\\libe_sqlite3.so": "5E0659B414CBD6DDC38C65582485853E",
  "runtimes\\osx-x64\\native\\libe_sqlite3.dylib": "F82AE134FCD1C080A69D775591406673",
  "runtimes\\osx-x64\\native\\libglfw.3.dylib": "1E30FAB2F0C40E82290AD4B0BF14A880",
  "runtimes\\osx-x64\\native\\libSDL2-2.0.dylib": "AAC958490586C67395F0A90903AE3747",
  "runtimes\\osx-x64\\native\\libstbi.dylib": "0B84B0A6A80178266018081C3CAB68E6",
  "runtimes\\win-arm\\native\\e_sqlite3.dll": "5BE07BA40B1F49FB121427BCA0156D5D",
  "runtimes\\win-arm64\\native\\e_sqlite3.dll": "05795BB572DA218EF8212A8D44B464D8",
  "runtimes\\win-x64\\native\\cimgui.dll": "FA364FD4EFCC439F1BD0AA1A6774FEE4",
  "runtimes\\win-x64\\native\\cimguizmo.dll": "992C4EF2DBDD8356D401934EB992E4DA",
  "runtimes\\win-x64\\native\\cimplot.dll": "140A47B1C89E97B730F45A5CCCAF1B0F",
  "runtimes\\win-x64\\native\\e_sqlite3.dll": "C472671F8E436E05839F81F241625D0C",
  "runtimes\\win-x64\\native\\glfw3.dll": "A091B917A5FF9F9DCFD61B98EC90EAA9",
  "runtimes\\win-x64\\native\\minhook.x64d.dll": "82EE4C60BBACE167AB1062D8B61EDCD8",
  "runtimes\\win-x64\\native\\SDL2.dll": "7D1395D09E7B19D44931FEDBA69A5E56",
  "runtimes\\win-x64\\native\\stbi.dll": "EC0A2E443C1B044C4C926AC7F33F97A9",
  "runtimes\\win-x64\\native\\stbi.lib": "927C214DE576219E1F80DBE7798A0502",
  "runtimes\\win-x86\\native\\e_sqlite3.dll": "FD6BF6B83F17C220D71B0DF8ADFBB5AB",
  "runtimes\\win-x86\\native\\glfw3.dll": "B7930D7FAAE6D589E8DA1EADA959DD6A",
  "runtimes\\win-x86\\native\\SDL2.dll": "A04B4BE7517301DFD935BE521A044E1D",
  "targets\\Dalamud.Plugin.Bootstrap.targets": "C85635161398CD9852CF7212DB7EB904",
  "targets\\Dalamud.Plugin.targets": "E2AA900DB1F6596D1C203D4112A10F5E",
  "CheapLoc.dll": "0CC8FD0FA53B71F2BF26ECECE4351F1F",
  "Costura.dll": "752C50AFEB4A4BEDF16D1DEAF727241D",
  "Dalamud.Boot.dll": "644CB2483EC2FD4ED6E2205BA5859BDA",
  "Dalamud.Common.dll": "0BFD45D6A3C2724FB6850244EDC22FB2",
  "Dalamud.deps.json": "53BE8D00F2198DD9B3D5B4C8FBC4B098",
  "Dalamud.dll": "E8FCEED246FF8400EDCE8E186670DA37",
  "Dalamud.Injector.deps.json": "C1FA0941DC8B38E415776C60C508AAB9",
  "Dalamud.Injector.dll": "CFE5172C3C74EA933C8ECE4357E6EDBE",
  "Dalamud.Injector.exe": "CCFF6D9AF3DA0B701CCBA6E5E444D7D7",
  "Dalamud.Injector.runtimeconfig.json": "B9BB65FFE7924D4D8BABE9FA66303200",
  "Dalamud.Injector.xml": "D41E5DF541D19A015215E777D7395C9C",
  "Dalamud.runtimeconfig.json": "2A9CD915428BDD175E0889BD0C225F75",
  "Dalamud.xml": "37A020879D04CD6A0BCCB74D33118E87",
  "DalamudCrashHandler.exe": "179D22AF80035BA048EA07D3E7F3A5AA",
  "FASM-LICENSE.TXT": "ECEA1D10811221D5F0A3E96F9C38E2C7",
  "FASM.DLL": "44222C5DF0F6AF639CC57C2D813933E0",
  "FASMX64.DLL": "F7E54CEDE38F04E04EAC01D2E42CBC88",
  "FFXIVClientStructs.dll": "20CD5453B7167464692E72A695FA6F56",
  "FFXIVClientStructs.xml": "39D682805E3B23E9193A8220A5DF19AE",
  "goaaats.Reloaded.Assembler.targets": "CC22CB0A353E2136EE9E6E96DB9F7164",
  "Iced.dll": "AD0A8754E1F86AEF44F391BE8447935C",
  "ImGui.NET.dll": "C430128564404B21031A2625C4EC5441",
  "ImGuiScene.dll": "DD419A0087934DC9816F7755012E9831",
  "JetBrains.Annotations.dll": "580863A22E2FDA19754A448B798E1999",
  "licenses.txt": "A159BE62AA91178EFC3E3983AE874D1D",
  "Lumina.dll": "D036CE5359EC2D1D3B2882F8C5D311F3",
  "Lumina.Excel.dll": "C2D563476B2A67B3B3D805A8C4F41B0D",
  "Microsoft.Bcl.HashCode.dll": "613AB56061ADF2284E047025207467E0",
  "Microsoft.DotNet.PlatformAbstractions.dll": "00AB0F02B1114C57C758F5AD595224F1",
  "Microsoft.Extensions.DependencyModel.dll": "F39BC76C10CFEA478C936FC4521A9FC9",
  "Microsoft.Extensions.ObjectPool.dll": "4EEE3E64BE561711391BF998FFBF65D3",
  "MinSharp.dll": "C8A9CC8C09F1D47C898C933EC70B0E32",
  "Mono.Cecil.dll": "2FB895AEAD82183B7B73AF4CF647649D",
  "Mono.Cecil.Mdb.dll": "C4DB2768FD73A610CE51DD832141D299",
  "Mono.Cecil.Pdb.dll": "255FF33CB946F152D48DC22D694CF438",
  "Mono.Cecil.Rocks.dll": "6E6DFEEFC7F459E8B770544D62766090",
  "nethost.dll": "012081214FE71F0F6ADCD9F4A71B2B00",
  "Newtonsoft.Json.dll": "86A83A63F12B55FD3718CFBFB577D7DC",
  "PeNet.Asn1.dll": "06674C28D6D08279EFC79ED1192F8D7C",
  "PeNet.dll": "7A0AFA9E5B667044B351BE46EB9C85A3",
  "PInvoke.AdvApi32.dll": "34EE461D05B403C3A15D0DEC32A3788C",
  "PInvoke.BCrypt.dll": "FD07758EE1440491F22923084109FF26",
  "PInvoke.Cabinet.dll": "333D950E3804735DA60CC41D614C63E2",
  "PInvoke.CfgMgr32.dll": "768BE7CC18EDCF78B296A72ABE891691",
  "PInvoke.Crypt32.dll": "E7B00B0851738F4A7F2C6D37DAA973B4",
  "PInvoke.DbgHelp.dll": "E701136169620D20E3A70B560DE20E44",
  "PInvoke.DwmApi.dll": "ACF223CC8962404056648815B486F7D9",
  "PInvoke.Gdi32.dll": "69FF434826F98582CE44D3136ECFFACB",
  "PInvoke.Hid.dll": "2E7A41257F8AD9B26073181F450CD8E5",
  "PInvoke.ImageHlp.dll": "79BE816E8D86EA66489D7780DD675D49",
  "PInvoke.IPHlpApi.dll": "E949FA3326D1BA8872B179AB4EE49D38",
  "PInvoke.Kernel32.dll": "234E15B122ED430DE99490CA1A204958",
  "PInvoke.Magnification.dll": "C9EA3D34F506741ECC044DB19C151F09",
  "PInvoke.Msi.dll": "69EE50CE2DA6B55755E52589F49A7EBC",
  "PInvoke.NCrypt.dll": "DA1DE76C14D99370CA3BEF19DC299B15",
  "PInvoke.NetApi32.dll": "AE79F9FA2E3864A5E0642AE4622ECDC5",
  "PInvoke.NewDev.dll": "B3E1992105D986EF9C5C8E4B630FBB07",
  "PInvoke.NTDll.dll": "3F6BDF840EB27DD0FD9EB8071822183A",
  "PInvoke.Ole32.dll": "3C49FB100B60519FFE725BCD12A538F6",
  "PInvoke.Psapi.dll": "A7683EE4B880227F01C8AE632A892B9E",
  "PInvoke.SetupApi.dll": "1B7AE321185D0081D1759A9AD829F9BA",
  "PInvoke.SHCore.dll": "F27E7F063D51480F6D2294C903E4A606",
  "PInvoke.Shell32.dll": "F71A1BCAF6478190691170DAEA77722F",
  "PInvoke.User32.dll": "8BEDE38311ED4F27127290B81B8079FD",
  "PInvoke.Userenv.dll": "FEB7BCA90B8C905EC2F4BB0789847131",
  "PInvoke.UxTheme.dll": "8E683C016250CB719FDB9AAAFC22B3C5",
  "PInvoke.Windows.Core.dll": "90015440A44935208FFEA9BF61740651",
  "PInvoke.Windows.ShellScalingApi.dll": "F351B34B8C9183A51CADFDC279357C49",
  "PInvoke.WinUsb.dll": "9EB8A0280F2848D1A32B560A939F7336",
  "PInvoke.WtsApi32.dll": "341C94455D2E5893DBE4293D4D67AA4D",
  "Reloaded.Assembler.dll": "C21D1400B1CD0746FE1DBA4E8F649BCD",
  "Reloaded.Hooks.Definitions.dll": "4F45D82092ABB68BA63F41452A490F04",
  "Reloaded.Hooks.dll": "5AC8C0AEC16CC3C2EA044E13DE9A010D",
  "Reloaded.Memory.Buffers.dll": "B24F196C597E29D2532D267DC20BD1C4",
  "Reloaded.Memory.dll": "22D1E70D2611146F6A9D30DA8340DD2A",
  "revision.txt": "538A50FB36B97123ADC3627CBDB223BF",
  "SDL2-CS.config": "65557595FD5DF55D93B2BF881DE62C3A",
  "SDL2-CS.dll": "7B53309C87A609143E15F2883B76062C",
  "Serilog.dll": "7ED102DAC25226CBAB7A1A584FFD6499",
  "Serilog.Sinks.Async.dll": "4606387CBF661DE29E3E63D86954495D",
  "Serilog.Sinks.Console.dll": "7F7961D0E789D949B10411DFEB3BCF99",
  "Serilog.Sinks.File.dll": "BAE63675EAE6E2374EF050AFD55B184E",
  "SharpDX.Direct3D11.dll": "8A9A583412185752CC06B06C1817A86A",
  "SharpDX.dll": "6CDD1627EC0B13FC23F954ADCE89A0B2",
  "SharpDX.DXGI.dll": "E15EC0F774962A9267C663E60CC69CDA",
  "SharpDX.Mathematics.dll": "95826D3629C7A9B34A678C0369DD4F22",
  "Silk.NET.Core.dll": "88D52A645FAA6318F5D8C39D1511E1DE",
  "Silk.NET.GLFW.dll": "16EDBEDDBB6589DDE3EDD602431D5125",
  "Silk.NET.Maths.dll": "25AB40B54A92D0CE33EB6FBE3C3A067C",
  "Silk.NET.OpenGL.dll": "48163A6664EA595FA0FCDF03FC7FF40F",
  "Silk.NET.SDL.dll": "3642180CC9898D1EFD2DA1022F738675",
  "Silk.NET.Windowing.Common.dll": "01E8C53177665F577CCCA7C0C25AD591",
  "Silk.NET.Windowing.Glfw.dll": "1891F16DAE27DD1B4E20404229269234",
  "Silk.NET.Windowing.Sdl.dll": "F48CC9602AFAA549C9DAB762D2BAD3BA",
  "SQLite-net.dll": "C2CDA4B02CC96DD9A47C7DAF80CC4FBB",
  "SQLitePCLRaw.batteries_v2.dll": "420B9199FEAFCAE7C112EA52010553A8",
  "SQLitePCLRaw.core.dll": "F112A8904E288039172E31FE9A360E7A",
  "SQLitePCLRaw.nativelibrary.dll": "217F92E77803AC9D09C8148C2636A155",
  "SQLitePCLRaw.provider.dynamic_cdecl.dll": "7DB53BDA8B23C589D4DB89AF83BBF7C2",
  "StbiSharp.dll": "32EA580DF20E27A8DB8F0C3B9BF17C48",
  "System.Reactive.dll": "EF5A00287AD15393D41B12AA4B726FF7",
  "System.Reflection.MetadataLoadContext.dll": "7EC41D41F4E1246757BA3E2EC862D562",
  "System.Security.Cryptography.Pkcs.dll": "8950E01996A37E808BE3F39063C37BF9",
  "TEMP_gitver.txt": "AC7121F6686CDB2CEE2C9587E6E85939",
  "TerraFX.Interop.Windows.dll": "84F7EF6B0DE91F8CC23F773D3FD6DEC0",
  "Validation.dll": "23DA3BB713787736C4A22B71A349F551"
}
