{
  "runtimes\\linux-x64\\native\\libglfw.so.3": "9E3137144F68B9E9793F4C7AD5B1BEA7",
  "runtimes\\linux-x64\\native\\libSDL2-2.0.so": "99B95A708381FC66AB2370E45A260527",
  "runtimes\\linux-x64\\native\\libstbi.so": "0945355ED59677D06E3E88F48101BB26",
  "runtimes\\osx-x64\\native\\libglfw.3.dylib": "1E30FAB2F0C40E82290AD4B0BF14A880",
  "runtimes\\osx-x64\\native\\libSDL2-2.0.dylib": "AAC958490586C67395F0A90903AE3747",
  "runtimes\\osx-x64\\native\\libstbi.dylib": "0B84B0A6A80178266018081C3CAB68E6",
  "runtimes\\win-x64\\native\\cimgui.dll": "306A1EE7D3277B88823FCE1EF3012FC5",
  "runtimes\\win-x64\\native\\cimguizmo.dll": "57C919CF9C0647F8DF7CB018418E552A",
  "runtimes\\win-x64\\native\\cimplot.dll": "B9050E310504D582BB24C7DF41DE8E18",
  "runtimes\\win-x64\\native\\glfw3.dll": "17EA59EDAD64E1360C96A2CE98C6C64D",
  "runtimes\\win-x64\\native\\minhook.x64d.dll": "807FF0E39F61ECEB13C03AC33C9C44D4",
  "runtimes\\win-x64\\native\\SDL2.dll": "0D7438D56EF9374C720143824CA3D4BB",
  "runtimes\\win-x64\\native\\stbi.dll": "A8DCF29B874DD10DE75ABFEE02D5C969",
  "runtimes\\win-x64\\native\\stbi.lib": "927C214DE576219E1F80DBE7798A0502",
  "runtimes\\win-x86\\native\\glfw3.dll": "ACA266299BCBCDFBECFBFF0CBB410EAA",
  "runtimes\\win-x86\\native\\SDL2.dll": "DAAFBA1752DCA6E6003168F214493654",
  "targets\\Dalamud.Plugin.Bootstrap.targets": "72C91AC1B4F7C83711BB4C5834FE49A8",
  "targets\\Dalamud.Plugin.targets": "CE55DF182FBC948D33DB41454A31EEF9",
  "CheapLoc.dll": "28FBC848CC93BEC9A6BB94CCB310A092",
  "Costura.dll": "B260E53DEF232CD62DBDFF75E8B06FA1",
  "Dalamud.Boot.dll": "0E725AD2CC6C9E910E959FA0E3E9F4DB",
  "Dalamud.deps.json": "6AFBBAB846E400F6FB34D20873022522",
  "Dalamud.dll": "9676A0533E5DB260B55BBA88BA63C486",
  "Dalamud.Injector.deps.json": "D10EED2039C0151239F5EA4FE3A65A7B",
  "Dalamud.Injector.dll": "BE0F16DB6748BA77C2C7D49794CF2D73",
  "Dalamud.Injector.exe": "F1438A1A9A9B460A431674A28AA58ADC",
  "Dalamud.Injector.runtimeconfig.json": "AAAFA957BB3B382321D67ACC2D792553",
  "Dalamud.Injector.xml": "CC06A545B271F56E0781ECC82BDEF67F",
  "Dalamud.Interface.dll": "6E75F3CD63109C58469076B748DFDC46",
  "Dalamud.runtimeconfig.json": "454E2BA21742B08CF0A9827950A92B0F",
  "Dalamud.xml": "88094BEB342AC741D6DAEBBF0FE0F88A",
  "DalamudCrashHandler.exe": "6BEFB77C4D12614CE55436AA6FB8509A",
  "FASM-LICENSE.TXT": "ECEA1D10811221D5F0A3E96F9C38E2C7",
  "FASM.DLL": "63B38F28F3B5899E66B3E36C97CF804E",
  "FASMX64.DLL": "87B544ADF76A0161C1B37EC6A24087B2",
  "FFXIVClientStructs.dll": "D7DDAF36EB57A40FD956E2B2FEB0D579",
  "FFXIVClientStructs.xml": "BA4F4EE1FE3A86FD25F585B2E2EAB745",
  "goaaats.Reloaded.Assembler.targets": "CC22CB0A353E2136EE9E6E96DB9F7164",
  "Iced.dll": "DF40B56337508F22B1ECCA4F88BB4A54",
  "ImGui.NET.dll": "3A9B6C79D936C5832D7CF03C8F0F3F96",
  "ImGuiScene.dll": "1CBE0C148D393C1786C6911636F405CB",
  "JetBrains.Annotations.dll": "6101870E8B9F1BDC4262A5221013BAE5",
  "licenses.txt": "A159BE62AA91178EFC3E3983AE874D1D",
  "Lumina.dll": "3E17285D06AD31BB4741D52E88FA5A3C",
  "Lumina.Excel.dll": "2B61B6DAF94B768E94B6255E776AE2AF",
  "Microsoft.Bcl.HashCode.dll": "613AB56061ADF2284E047025207467E0",
  "Microsoft.DotNet.PlatformAbstractions.dll": "00AB0F02B1114C57C758F5AD595224F1",
  "Microsoft.Extensions.DependencyModel.dll": "F39BC76C10CFEA478C936FC4521A9FC9",
  "MinSharp.dll": "42C6A926E49D0BBB1E20138B8E1D2F5C",
  "Mono.Cecil.dll": "A561BB33C2D35B0A70591620028CB268",
  "Mono.Cecil.Mdb.dll": "96461398759381114A2756B353DED0F7",
  "Mono.Cecil.Pdb.dll": "7306513EA69ECB7FA47FEAE255AD31D3",
  "Mono.Cecil.Rocks.dll": "B0CBB20D898CA8649F0EED7D18CCB0E3",
  "MonoMod.Backports.dll": "AD8BF3A16A6FAB61722935B30B77AD69",
  "MonoMod.Core.dll": "E493163BEDF0178081E1D3BB2A1B7304",
  "MonoMod.Iced.dll": "0E214A717CAAD8D60ED7AF121C871910",
  "MonoMod.ILHelpers.dll": "42B5CAF9F3DE9571AD44EA78A9653FC0",
  "MonoMod.RuntimeDetour.dll": "29B07F9197A2C0713E564255A78083AF",
  "MonoMod.Utils.dll": "F91022A023E7BA6BB87B2D094D54559C",
  "nethost.dll": "012081214FE71F0F6ADCD9F4A71B2B00",
  "Newtonsoft.Json.dll": "86A83A63F12B55FD3718CFBFB577D7DC",
  "PeNet.Asn1.dll": "87DC51A832354DEEAB0F2576F85534E0",
  "PeNet.dll": "9A7CE705DCB3FAB50707DCCFD39F5BA5",
  "PInvoke.AdvApi32.dll": "34EE461D05B403C3A15D0DEC32A3788C",
  "PInvoke.BCrypt.dll": "FD07758EE1440491F22923084109FF26",
  "PInvoke.Cabinet.dll": "333D950E3804735DA60CC41D614C63E2",
  "PInvoke.CfgMgr32.dll": "768BE7CC18EDCF78B296A72ABE891691",
  "PInvoke.Crypt32.dll": "E7B00B0851738F4A7F2C6D37DAA973B4",
  "PInvoke.DbgHelp.dll": "E701136169620D20E3A70B560DE20E44",
  "PInvoke.DwmApi.dll": "ACF223CC8962404056648815B486F7D9",
  "PInvoke.Gdi32.dll": "69FF434826F98582CE44D3136ECFFACB",
  "PInvoke.Hid.dll": "2E7A41257F8AD9B26073181F450CD8E5",
  "PInvoke.ImageHlp.dll": "79BE816E8D86EA66489D7780DD675D49",
  "PInvoke.IPHlpApi.dll": "E949FA3326D1BA8872B179AB4EE49D38",
  "PInvoke.Kernel32.dll": "234E15B122ED430DE99490CA1A204958",
  "PInvoke.Magnification.dll": "C9EA3D34F506741ECC044DB19C151F09",
  "PInvoke.Msi.dll": "69EE50CE2DA6B55755E52589F49A7EBC",
  "PInvoke.NCrypt.dll": "DA1DE76C14D99370CA3BEF19DC299B15",
  "PInvoke.NetApi32.dll": "AE79F9FA2E3864A5E0642AE4622ECDC5",
  "PInvoke.NewDev.dll": "B3E1992105D986EF9C5C8E4B630FBB07",
  "PInvoke.NTDll.dll": "3F6BDF840EB27DD0FD9EB8071822183A",
  "PInvoke.Ole32.dll": "3C49FB100B60519FFE725BCD12A538F6",
  "PInvoke.Psapi.dll": "A7683EE4B880227F01C8AE632A892B9E",
  "PInvoke.SetupApi.dll": "1B7AE321185D0081D1759A9AD829F9BA",
  "PInvoke.SHCore.dll": "F27E7F063D51480F6D2294C903E4A606",
  "PInvoke.Shell32.dll": "F71A1BCAF6478190691170DAEA77722F",
  "PInvoke.User32.dll": "8BEDE38311ED4F27127290B81B8079FD",
  "PInvoke.Userenv.dll": "FEB7BCA90B8C905EC2F4BB0789847131",
  "PInvoke.UxTheme.dll": "8E683C016250CB719FDB9AAAFC22B3C5",
  "PInvoke.Windows.Core.dll": "90015440A44935208FFEA9BF61740651",
  "PInvoke.Windows.ShellScalingApi.dll": "F351B34B8C9183A51CADFDC279357C49",
  "PInvoke.WinUsb.dll": "9EB8A0280F2848D1A32B560A939F7336",
  "PInvoke.WtsApi32.dll": "341C94455D2E5893DBE4293D4D67AA4D",
  "Reloaded.Assembler.dll": "E5A9DB756AD98067415ABF097F57CE21",
  "Reloaded.Hooks.Definitions.dll": "806217BB6DEA24AF7D4AC2988D154253",
  "Reloaded.Hooks.dll": "087CCA777EFC41DAEE15C01ECAD76F73",
  "Reloaded.Memory.Buffers.dll": "6EF64A7E9052D2D7FCC9A2B55BA0FEFD",
  "Reloaded.Memory.dll": "18C9C0138828E4341F05E069024408CD",
  "revision.txt": "C12D1F7CC7C4B41A125B5752D1238B03",
  "SDL2-CS.config": "65557595FD5DF55D93B2BF881DE62C3A",
  "SDL2-CS.dll": "F17917103C77FCB6E627B99BE4480485",
  "Serilog.dll": "00557740A2A972B1C0B2971625C037F1",
  "Serilog.Sinks.Async.dll": "10FB6FCBD2AD86C2209C81D9AD9FDBAE",
  "Serilog.Sinks.Console.dll": "216621E94192593F29EDAC5B6D3A0A8D",
  "Serilog.Sinks.File.dll": "BA39E1BB56639556C1F5E9EDBF83CCB0",
  "SharpDX.Direct3D11.dll": "399423BDBE737D15131F7C374B59D592",
  "SharpDX.dll": "0B02599BD2AB1A5627A2B00818C12291",
  "SharpDX.DXGI.dll": "2052EED20EBF240E93DE5626F32E0708",
  "SharpDX.Mathematics.dll": "2B95D73C04B4779F347B416E92CD38A8",
  "Silk.NET.Core.dll": "2D61BDE8EB5D3C6A059F781C56B2DC26",
  "Silk.NET.GLFW.dll": "5ADB1E02097B5C5F7110D95BBCEFBD2A",
  "Silk.NET.Maths.dll": "22A2EA1068F4CE198934EB45B063EA6D",
  "Silk.NET.OpenGL.dll": "5925161356A61AE471A0706CF74A0870",
  "Silk.NET.SDL.dll": "146EF55CA8D712F45F072C598F26010B",
  "Silk.NET.Windowing.Common.dll": "2F08613671F15CE17B50D8188D251CE1",
  "Silk.NET.Windowing.Glfw.dll": "13902B563B5F4AEEA11DC910624DF107",
  "Silk.NET.Windowing.Sdl.dll": "4A45C276789192ECA527976386209A9B",
  "StbiSharp.dll": "832D27D3A4D1728E5CB2A985D332DE9D",
  "System.Reactive.dll": "EF5A00287AD15393D41B12AA4B726FF7",
  "System.Reflection.MetadataLoadContext.dll": "7EC41D41F4E1246757BA3E2EC862D562",
  "System.Security.Cryptography.Pkcs.dll": "8950E01996A37E808BE3F39063C37BF9",
  "TEMP_gitver.txt": "FDB42DAF2BC7C7B346D854EB552F6D04",
  "Validation.dll": "41A1F5DC6F5D6C3A637FC68B69E6B11E"
}
