{
  "runtimes\\alpine-x64\\native\\libe_sqlite3.so": "39C244FEDBCD3DFC37041D4FCE1AE21D",
  "runtimes\\linux-arm\\native\\libe_sqlite3.so": "96CF54BC0EFB83D6E3F5F3E04997A59D",
  "runtimes\\linux-arm64\\native\\libe_sqlite3.so": "F079E55E7F3F9966A4A2052A3234E068",
  "runtimes\\linux-armel\\native\\libe_sqlite3.so": "C5A67D49434FC65D64E9C15778078C76",
  "runtimes\\linux-mips64\\native\\libe_sqlite3.so": "5F8461214089CFC677D46C19B7162161",
  "runtimes\\linux-musl-x64\\native\\libe_sqlite3.so": "39C244FEDBCD3DFC37041D4FCE1AE21D",
  "runtimes\\linux-x64\\native\\libe_sqlite3.so": "6F49C540D3AB9964D67A4A704C3D262D",
  "runtimes\\linux-x64\\native\\libglfw.so.3": "9E3137144F68B9E9793F4C7AD5B1BEA7",
  "runtimes\\linux-x64\\native\\libSDL2-2.0.so": "99B95A708381FC66AB2370E45A260527",
  "runtimes\\linux-x64\\native\\libstbi.so": "0945355ED59677D06E3E88F48101BB26",
  "runtimes\\linux-x86\\native\\libe_sqlite3.so": "5E0659B414CBD6DDC38C65582485853E",
  "runtimes\\osx-x64\\native\\libe_sqlite3.dylib": "F82AE134FCD1C080A69D775591406673",
  "runtimes\\osx-x64\\native\\libglfw.3.dylib": "1E30FAB2F0C40E82290AD4B0BF14A880",
  "runtimes\\osx-x64\\native\\libSDL2-2.0.dylib": "AAC958490586C67395F0A90903AE3747",
  "runtimes\\osx-x64\\native\\libstbi.dylib": "0B84B0A6A80178266018081C3CAB68E6",
  "runtimes\\win-arm\\native\\e_sqlite3.dll": "92C783B1EC3D38CFB6B069EE4BDA36A6",
  "runtimes\\win-arm64\\native\\e_sqlite3.dll": "FBDBF988EDA245E48039C61A391D488B",
  "runtimes\\win-x64\\native\\e_sqlite3.dll": "6C7D1C1981DAB58BA6B3BBF8B71C5B7B",
  "runtimes\\win-x64\\native\\glfw3.dll": "8EDF6ADCA80A23B19B901D6A358EEBC3",
  "runtimes\\win-x64\\native\\minhook.x64d.dll": "23A55269E73B26F8116515935E689200",
  "runtimes\\win-x64\\native\\SDL2.dll": "2B4B0E68943D9AA33F13F687F3979178",
  "runtimes\\win-x64\\native\\stbi.dll": "98D74387018DA525D79DFA67FD5FB6FD",
  "runtimes\\win-x64\\native\\stbi.lib": "927C214DE576219E1F80DBE7798A0502",
  "runtimes\\win-x86\\native\\e_sqlite3.dll": "BD2C2914EFF61D89E116568F71BF6A83",
  "runtimes\\win-x86\\native\\glfw3.dll": "75E26698484B8B06F50B285C69066BE2",
  "runtimes\\win-x86\\native\\SDL2.dll": "48B4483B7853B0409AE01650CF957F33",
  "targets\\Dalamud.Plugin.Bootstrap.targets": "C85635161398CD9852CF7212DB7EB904",
  "targets\\Dalamud.Plugin.targets": "69D15EDFB3D4F0BEE3A099216E4DE057",
  "BitFaster.Caching.dll": "3F7E54395B41C0F8E22BB21332D2D29D",
  "CheapLoc.dll": "BE856AB05CB9D493059C86EBCD1E176D",
  "cimgui.dll": "E867AEB47A030183342ADFC7332F1F93",
  "cimguizmo.dll": "8A717BB07931CDD2266DCFADD307CD50",
  "cimplot.dll": "CE9D9DACEA0667A22EEA679B0C0695D9",
  "commit_hash.txt": "7BEE41E91838BAB6E98E8FF6D55F9643",
  "Dalamud.Boot.dll": "442EE5638F12B18B047105B052E6196B",
  "Dalamud.Common.dll": "09936DE02479CADFF1EB66998A5B0142",
  "Dalamud.deps.json": "26C348C4702937BC4F1DB0543DE37880",
  "Dalamud.dll": "32CA65DFA0B791863A3055DFDC82EFD3",
  "Dalamud.Injector.deps.json": "E30B9BD40106FFC14A5274A670979EDF",
  "Dalamud.Injector.dll": "A369CA69E28C2FD2241BC4DBE78C891C",
  "Dalamud.Injector.exe": "7BB00CCE6061CF828F4E0E1F057ADC4F",
  "Dalamud.Injector.runtimeconfig.json": "B9BB65FFE7924D4D8BABE9FA66303200",
  "Dalamud.Injector.xml": "D41E5DF541D19A015215E777D7395C9C",
  "Dalamud.runtimeconfig.json": "2A9CD915428BDD175E0889BD0C225F75",
  "Dalamud.xml": "D4B80FC2A5ABB31B7AF7FFC237D260DF",
  "DalamudCrashHandler.exe": "EE778BEB9C12588FFDEF21D0E1718B5E",
  "FASM-LICENSE.TXT": "ECEA1D10811221D5F0A3E96F9C38E2C7",
  "FASM.DLL": "4EC0C15483C17F545E9EFC0AABC8FBEA",
  "FASMX64.DLL": "B3703B653671E699E9CE43650E06157A",
  "FFXIVClientStructs.dll": "64FF0B2F4FBEE9AE424DF1785BCD8EFE",
  "FFXIVClientStructs.xml": "4C295C30718EEE210BF68632CC371965",
  "goaaats.Reloaded.Assembler.targets": "CC22CB0A353E2136EE9E6E96DB9F7164",
  "Iced.dll": "DA9E466CD8371EF3BB1CE9F8FFA6C26C",
  "ImGui.NET.dll": "8CD2EFAB6454777E6E6513AC6A93E23A",
  "ImGuiScene.dll": "6D5AB17F748005F69722DAFD4F7B664E",
  "InteropGenerator.Runtime.dll": "4572B4E5E0585EB1DFDFA418E23376D4",
  "JetBrains.Annotations.dll": "9ED3FC9AC88084C266A1F0DD90267C3E",
  "licenses.txt": "A159BE62AA91178EFC3E3983AE874D1D",
  "Lumina.dll": "90967338E99C31B95A56698902A54813",
  "Lumina.Excel.dll": "BCADEBC43FBB073E03D685E4BF1A894B",
  "Microsoft.Bcl.HashCode.dll": "613AB56061ADF2284E047025207467E0",
  "Microsoft.DotNet.PlatformAbstractions.dll": "00AB0F02B1114C57C758F5AD595224F1",
  "Microsoft.Extensions.DependencyModel.dll": "F39BC76C10CFEA478C936FC4521A9FC9",
  "Microsoft.Extensions.ObjectPool.dll": "FEE3CE8A84417360CC5ED787ED6F7DB1",
  "MinSharp.dll": "DE3F06A95B4C1A875062FB957741A10D",
  "Mono.Cecil.dll": "E4D4D67D5180194D5C589B316CC73770",
  "Mono.Cecil.Mdb.dll": "7DC1C40B4B83070584609F3BEF89F628",
  "Mono.Cecil.Pdb.dll": "0FB6394E5AC44BCF39F976E1E1B2EA9E",
  "Mono.Cecil.Rocks.dll": "631F2D48C95CF3EF1123541CC650C8DA",
  "nethost.dll": "21F39F71E2F4B5BA9FB3F126872F2F9B",
  "Newtonsoft.Json.dll": "ADF3E3EECDE20B7C9661E9C47106A14A",
  "PeNet.Asn1.dll": "6C26DDBC5AA9E70DED21DBC0DC0BB82A",
  "PeNet.dll": "B889CBA8194AC3935D184B6E6B2C142C",
  "PInvoke.AdvApi32.dll": "34EE461D05B403C3A15D0DEC32A3788C",
  "PInvoke.BCrypt.dll": "FD07758EE1440491F22923084109FF26",
  "PInvoke.Cabinet.dll": "333D950E3804735DA60CC41D614C63E2",
  "PInvoke.CfgMgr32.dll": "768BE7CC18EDCF78B296A72ABE891691",
  "PInvoke.Crypt32.dll": "E7B00B0851738F4A7F2C6D37DAA973B4",
  "PInvoke.DbgHelp.dll": "E701136169620D20E3A70B560DE20E44",
  "PInvoke.DwmApi.dll": "ACF223CC8962404056648815B486F7D9",
  "PInvoke.Gdi32.dll": "69FF434826F98582CE44D3136ECFFACB",
  "PInvoke.Hid.dll": "2E7A41257F8AD9B26073181F450CD8E5",
  "PInvoke.ImageHlp.dll": "79BE816E8D86EA66489D7780DD675D49",
  "PInvoke.IPHlpApi.dll": "E949FA3326D1BA8872B179AB4EE49D38",
  "PInvoke.Kernel32.dll": "234E15B122ED430DE99490CA1A204958",
  "PInvoke.Magnification.dll": "C9EA3D34F506741ECC044DB19C151F09",
  "PInvoke.Msi.dll": "69EE50CE2DA6B55755E52589F49A7EBC",
  "PInvoke.NCrypt.dll": "DA1DE76C14D99370CA3BEF19DC299B15",
  "PInvoke.NetApi32.dll": "AE79F9FA2E3864A5E0642AE4622ECDC5",
  "PInvoke.NewDev.dll": "B3E1992105D986EF9C5C8E4B630FBB07",
  "PInvoke.NTDll.dll": "3F6BDF840EB27DD0FD9EB8071822183A",
  "PInvoke.Ole32.dll": "3C49FB100B60519FFE725BCD12A538F6",
  "PInvoke.Psapi.dll": "A7683EE4B880227F01C8AE632A892B9E",
  "PInvoke.SetupApi.dll": "1B7AE321185D0081D1759A9AD829F9BA",
  "PInvoke.SHCore.dll": "F27E7F063D51480F6D2294C903E4A606",
  "PInvoke.Shell32.dll": "F71A1BCAF6478190691170DAEA77722F",
  "PInvoke.User32.dll": "8BEDE38311ED4F27127290B81B8079FD",
  "PInvoke.Userenv.dll": "FEB7BCA90B8C905EC2F4BB0789847131",
  "PInvoke.UxTheme.dll": "8E683C016250CB719FDB9AAAFC22B3C5",
  "PInvoke.Windows.Core.dll": "90015440A44935208FFEA9BF61740651",
  "PInvoke.Windows.ShellScalingApi.dll": "F351B34B8C9183A51CADFDC279357C49",
  "PInvoke.WinUsb.dll": "9EB8A0280F2848D1A32B560A939F7336",
  "PInvoke.WtsApi32.dll": "341C94455D2E5893DBE4293D4D67AA4D",
  "Reloaded.Assembler.dll": "0BB0DF43248D00716220A764E0CC2EE3",
  "Reloaded.Hooks.Definitions.dll": "98153C4DFC54490FB4F1EABBBDE77654",
  "Reloaded.Hooks.dll": "A95FF333EBC1040DBBC1F73371F59D8C",
  "Reloaded.Memory.Buffers.dll": "4E83B25054AD7EF9C6F58FC6D5970717",
  "Reloaded.Memory.dll": "1E82F92AA1B66491D15FCBAD268D9CA7",
  "revision.txt": "4EFB80F630CCECB2D3B9B2087B0F9C89",
  "SDL2-CS.config": "65557595FD5DF55D93B2BF881DE62C3A",
  "SDL2-CS.dll": "CCE12FDB14B3744AFC81B794AB9A29D2",
  "Serilog.dll": "25804B3F95F39B3150BB668E3128E2C4",
  "Serilog.Sinks.Async.dll": "8D1F297FD8EB4D44D2581F6739539F70",
  "Serilog.Sinks.Console.dll": "6408A896AF96CE0E5B67AA58C306BB85",
  "Serilog.Sinks.File.dll": "DBAD2D9336BDE176D18F23F503D5F166",
  "SharpDX.Direct3D11.dll": "F6671DE483831E6A1E466ECA7320BCB0",
  "SharpDX.dll": "0290F54FD74F39AAF5BA120FB064BEE4",
  "SharpDX.DXGI.dll": "17B38DCCF6188D0D41CB98ADDBF0F9FD",
  "SharpDX.Mathematics.dll": "8FBD1804067139C9C54D740CBEFCB457",
  "Silk.NET.Core.dll": "7779801B0375FC69F7789CC956FF4D5F",
  "Silk.NET.GLFW.dll": "6468233AD1602B53893784F8ECE1D3EF",
  "Silk.NET.Maths.dll": "01509F019EB70C74277956BCC8F5BBB6",
  "Silk.NET.OpenGL.dll": "48702CC061B2E71C72032894CD145240",
  "Silk.NET.SDL.dll": "4C94C0A857B7C9A8624ACD72EED47920",
  "Silk.NET.Windowing.Common.dll": "D7B7DCB08DEE70D68C52D32D89AA2723",
  "Silk.NET.Windowing.Glfw.dll": "CE2A803A66873CB116391A59E9CB03EE",
  "Silk.NET.Windowing.Sdl.dll": "ADB305016D425F77F25A8E356D166232",
  "SQLite-net.dll": "8A28BA378F2210C4CD257A8086A977F5",
  "SQLitePCLRaw.batteries_v2.dll": "5C258492587D2246FFD040202A8A4367",
  "SQLitePCLRaw.core.dll": "9F30A8D4F5BB1A9377CE6216B6FD139A",
  "SQLitePCLRaw.nativelibrary.dll": "19D9387082E2F7D5BB0A329B7496463E",
  "SQLitePCLRaw.provider.dynamic_cdecl.dll": "8639607219CF7405094417C2A2D5D2F6",
  "StbiSharp.dll": "E2C794CD4A05136FF25EC294EAFA56D5",
  "System.Reactive.dll": "EF5A00287AD15393D41B12AA4B726FF7",
  "System.Reflection.MetadataLoadContext.dll": "E88E3AF6D37736F339022C9ACC5F2F7B",
  "System.Security.Cryptography.Pkcs.dll": "8950E01996A37E808BE3F39063C37BF9",
  "TEMP_gitver.txt": "7C699921BEA661F27BB43E47874787ED",
  "TerraFX.Interop.Windows.dll": "84F7EF6B0DE91F8CC23F773D3FD6DEC0",
  "Validation.dll": "E44E049270BB9497658F2C091389BC1E"
}
