{
  "runtimes\\alpine-x64\\native\\libe_sqlite3.so": "39C244FEDBCD3DFC37041D4FCE1AE21D",
  "runtimes\\linux-arm\\native\\libe_sqlite3.so": "96CF54BC0EFB83D6E3F5F3E04997A59D",
  "runtimes\\linux-arm64\\native\\libe_sqlite3.so": "F079E55E7F3F9966A4A2052A3234E068",
  "runtimes\\linux-armel\\native\\libe_sqlite3.so": "C5A67D49434FC65D64E9C15778078C76",
  "runtimes\\linux-mips64\\native\\libe_sqlite3.so": "5F8461214089CFC677D46C19B7162161",
  "runtimes\\linux-musl-x64\\native\\libe_sqlite3.so": "39C244FEDBCD3DFC37041D4FCE1AE21D",
  "runtimes\\linux-x64\\native\\libe_sqlite3.so": "6F49C540D3AB9964D67A4A704C3D262D",
  "runtimes\\linux-x64\\native\\libglfw.so.3": "9E3137144F68B9E9793F4C7AD5B1BEA7",
  "runtimes\\linux-x64\\native\\libSDL2-2.0.so": "99B95A708381FC66AB2370E45A260527",
  "runtimes\\linux-x64\\native\\libstbi.so": "0945355ED59677D06E3E88F48101BB26",
  "runtimes\\linux-x86\\native\\libe_sqlite3.so": "5E0659B414CBD6DDC38C65582485853E",
  "runtimes\\osx-x64\\native\\libe_sqlite3.dylib": "F82AE134FCD1C080A69D775591406673",
  "runtimes\\osx-x64\\native\\libglfw.3.dylib": "1E30FAB2F0C40E82290AD4B0BF14A880",
  "runtimes\\osx-x64\\native\\libSDL2-2.0.dylib": "AAC958490586C67395F0A90903AE3747",
  "runtimes\\osx-x64\\native\\libstbi.dylib": "0B84B0A6A80178266018081C3CAB68E6",
  "runtimes\\win-arm\\native\\e_sqlite3.dll": "B6A962A4A264E5BB34C83A6FA2F86213",
  "runtimes\\win-arm64\\native\\e_sqlite3.dll": "5A7A4635B12C4D0524C30D96A00F665A",
  "runtimes\\win-x64\\native\\e_sqlite3.dll": "8EB19798BD02F93D6502C76631318D72",
  "runtimes\\win-x64\\native\\glfw3.dll": "D3C7848143DDE05FA708348E4A6790E5",
  "runtimes\\win-x64\\native\\minhook.x64d.dll": "CFD00FDA1D0B70F00A62EA437EF20E9F",
  "runtimes\\win-x64\\native\\SDL2.dll": "985209EAF24E082382B96A6BD76939A7",
  "runtimes\\win-x64\\native\\stbi.dll": "71342B4A1C221BE4C6664401990EA064",
  "runtimes\\win-x64\\native\\stbi.lib": "927C214DE576219E1F80DBE7798A0502",
  "runtimes\\win-x86\\native\\e_sqlite3.dll": "9673DEF60F3B2EA0ECFACD767DBC740D",
  "runtimes\\win-x86\\native\\glfw3.dll": "8D38F0BDF6A91E119035FE9B641B5950",
  "runtimes\\win-x86\\native\\SDL2.dll": "2E0BB69494226278421A657E3D3785E8",
  "targets\\Dalamud.Plugin.Bootstrap.targets": "C85635161398CD9852CF7212DB7EB904",
  "targets\\Dalamud.Plugin.targets": "69D15EDFB3D4F0BEE3A099216E4DE057",
  "BitFaster.Caching.dll": "950ED15E58FB52B933C8F50AC336A03F",
  "CheapLoc.dll": "EF341AD4321C139486E110ADCE60E103",
  "cimgui.dll": "C6CC602E67ED3F8B9C0BA3A5B4A3DCC4",
  "cimguizmo.dll": "75B4EAD9FFEAA8075169314645B5BC74",
  "cimplot.dll": "1E75BB4139A096C9AFA8B92D20FEA3FF",
  "commit_hash.txt": "33DB49576CC341DBD23C0C1B0DBE8252",
  "Dalamud.Boot.dll": "C2C53C1BDDAA006FF05FF9537E930D53",
  "Dalamud.Common.dll": "9BE427D84AF37814F99FDF7EC352A876",
  "Dalamud.deps.json": "4D9F6E5F4A8B6956E2C875CE84BA6B4B",
  "Dalamud.dll": "28996E8465BC683893F06C937A92073B",
  "Dalamud.Injector.deps.json": "E30B9BD40106FFC14A5274A670979EDF",
  "Dalamud.Injector.dll": "1371F26154DDAA55F516C7CD2A72E1E6",
  "Dalamud.Injector.exe": "A854ABC52DBBBD7C98A63D0BD8DACCD1",
  "Dalamud.Injector.runtimeconfig.json": "B9BB65FFE7924D4D8BABE9FA66303200",
  "Dalamud.Injector.xml": "D41E5DF541D19A015215E777D7395C9C",
  "Dalamud.runtimeconfig.json": "2A9CD915428BDD175E0889BD0C225F75",
  "Dalamud.xml": "CBEB1EC7873D1C3EE47597538D3AFA81",
  "DalamudCrashHandler.exe": "329C15B58CBABA47CF9E29DDB53C6B88",
  "FASM-LICENSE.TXT": "ECEA1D10811221D5F0A3E96F9C38E2C7",
  "FASM.DLL": "4397A96A447702394D89D59D7F4A276B",
  "FASMX64.DLL": "2B6ABC0DD157A948DFF7F50D6D991880",
  "FFXIVClientStructs.dll": "FB0044976CDFFC4AF2078B9E2D1AA71E",
  "FFXIVClientStructs.xml": "F66100F0F910D1903C85D8637203D90C",
  "goaaats.Reloaded.Assembler.targets": "CC22CB0A353E2136EE9E6E96DB9F7164",
  "Iced.dll": "853C471A7BEC7BFBA1DF1696A0D48780",
  "ImGui.NET.dll": "D82C7FE665A9E62A86A0C846B7D67079",
  "ImGuiScene.dll": "390203B9B102109A9285A97B48D97FCA",
  "InteropGenerator.Runtime.dll": "5D3B3A53A02B664CEEF457FD057FCE96",
  "JetBrains.Annotations.dll": "97A74424B34A647D1152D0C34D6F306F",
  "licenses.txt": "A159BE62AA91178EFC3E3983AE874D1D",
  "Lumina.dll": "AF7CC6CF01CB4495F7E297F084D876D4",
  "Lumina.Excel.dll": "95FEDCEE38B045E01B1EEF3BA0B26466",
  "Microsoft.Bcl.HashCode.dll": "613AB56061ADF2284E047025207467E0",
  "Microsoft.DotNet.PlatformAbstractions.dll": "00AB0F02B1114C57C758F5AD595224F1",
  "Microsoft.Extensions.DependencyModel.dll": "F39BC76C10CFEA478C936FC4521A9FC9",
  "Microsoft.Extensions.ObjectPool.dll": "FEE3CE8A84417360CC5ED787ED6F7DB1",
  "MinSharp.dll": "BD6083BCAA38C287969473ACCA5DB204",
  "Mono.Cecil.dll": "798100B2CA589F80F7EFFAA9FA262C43",
  "Mono.Cecil.Mdb.dll": "B54373C1F4A69142E42224B495B26175",
  "Mono.Cecil.Pdb.dll": "C873F1634B3BEBF0A0303A1188212415",
  "Mono.Cecil.Rocks.dll": "33A17376A0519689C9E7CCD692BF1E4D",
  "nethost.dll": "21F39F71E2F4B5BA9FB3F126872F2F9B",
  "Newtonsoft.Json.dll": "ADF3E3EECDE20B7C9661E9C47106A14A",
  "PeNet.Asn1.dll": "D944D0D83F07AFBDBF7EE52E6DAEA1E6",
  "PeNet.dll": "12BF902D78DF0200F540F51C3945877E",
  "PInvoke.AdvApi32.dll": "34EE461D05B403C3A15D0DEC32A3788C",
  "PInvoke.BCrypt.dll": "FD07758EE1440491F22923084109FF26",
  "PInvoke.Cabinet.dll": "333D950E3804735DA60CC41D614C63E2",
  "PInvoke.CfgMgr32.dll": "768BE7CC18EDCF78B296A72ABE891691",
  "PInvoke.Crypt32.dll": "E7B00B0851738F4A7F2C6D37DAA973B4",
  "PInvoke.DbgHelp.dll": "E701136169620D20E3A70B560DE20E44",
  "PInvoke.DwmApi.dll": "ACF223CC8962404056648815B486F7D9",
  "PInvoke.Gdi32.dll": "69FF434826F98582CE44D3136ECFFACB",
  "PInvoke.Hid.dll": "2E7A41257F8AD9B26073181F450CD8E5",
  "PInvoke.ImageHlp.dll": "79BE816E8D86EA66489D7780DD675D49",
  "PInvoke.IPHlpApi.dll": "E949FA3326D1BA8872B179AB4EE49D38",
  "PInvoke.Kernel32.dll": "234E15B122ED430DE99490CA1A204958",
  "PInvoke.Magnification.dll": "C9EA3D34F506741ECC044DB19C151F09",
  "PInvoke.Msi.dll": "69EE50CE2DA6B55755E52589F49A7EBC",
  "PInvoke.NCrypt.dll": "DA1DE76C14D99370CA3BEF19DC299B15",
  "PInvoke.NetApi32.dll": "AE79F9FA2E3864A5E0642AE4622ECDC5",
  "PInvoke.NewDev.dll": "B3E1992105D986EF9C5C8E4B630FBB07",
  "PInvoke.NTDll.dll": "3F6BDF840EB27DD0FD9EB8071822183A",
  "PInvoke.Ole32.dll": "3C49FB100B60519FFE725BCD12A538F6",
  "PInvoke.Psapi.dll": "A7683EE4B880227F01C8AE632A892B9E",
  "PInvoke.SetupApi.dll": "1B7AE321185D0081D1759A9AD829F9BA",
  "PInvoke.SHCore.dll": "F27E7F063D51480F6D2294C903E4A606",
  "PInvoke.Shell32.dll": "F71A1BCAF6478190691170DAEA77722F",
  "PInvoke.User32.dll": "8BEDE38311ED4F27127290B81B8079FD",
  "PInvoke.Userenv.dll": "FEB7BCA90B8C905EC2F4BB0789847131",
  "PInvoke.UxTheme.dll": "8E683C016250CB719FDB9AAAFC22B3C5",
  "PInvoke.Windows.Core.dll": "90015440A44935208FFEA9BF61740651",
  "PInvoke.Windows.ShellScalingApi.dll": "F351B34B8C9183A51CADFDC279357C49",
  "PInvoke.WinUsb.dll": "9EB8A0280F2848D1A32B560A939F7336",
  "PInvoke.WtsApi32.dll": "341C94455D2E5893DBE4293D4D67AA4D",
  "Reloaded.Assembler.dll": "1A740237C3409716908EAC612B25EE21",
  "Reloaded.Hooks.Definitions.dll": "339E924F7CAC49B4FFD2BD056E2ED699",
  "Reloaded.Hooks.dll": "23A0F5B75F3F93272D7B63A1617E449E",
  "Reloaded.Memory.Buffers.dll": "F48F5E2F615C64384B3325EF8FC2E8B0",
  "Reloaded.Memory.dll": "18E797D13D9D629220DCC40667CBAC5A",
  "revision.txt": "D2A452EDFF079CA6980EDCF54CC49945",
  "SDL2-CS.config": "65557595FD5DF55D93B2BF881DE62C3A",
  "SDL2-CS.dll": "75A64FD29C35CBFE3364E9B5FF591561",
  "Serilog.dll": "A8C50ADD9A94D595A3ECB1928D86EFD4",
  "Serilog.Sinks.Async.dll": "6BE00A7075CD55D105D5AAFEAD6348B4",
  "Serilog.Sinks.Console.dll": "E33F1010906E08CD0D45BB6D94150AD4",
  "Serilog.Sinks.File.dll": "C6D342D6F8EE5CA56174D15861675A6D",
  "SharpDX.Direct3D11.dll": "73127B55083BC540E8E409AC14684E6D",
  "SharpDX.dll": "220143764E0713D96B75F2FFBFA500C4",
  "SharpDX.DXGI.dll": "D8F9DC0F3B0FF56E0F32544BF358E842",
  "SharpDX.Mathematics.dll": "B5629FE51862F80F3DB0E39EC9A3816F",
  "Silk.NET.Core.dll": "2C29E66CDAB7890F17B1FDBF44F00488",
  "Silk.NET.GLFW.dll": "A973941189E7F8CFF372DC6DD28C4366",
  "Silk.NET.Maths.dll": "26CCBAC5776A6E4D7ACE9ECCF0E53B7D",
  "Silk.NET.OpenGL.dll": "A246E76D48C8DE95A9F00739E0DBAFDA",
  "Silk.NET.SDL.dll": "2DD81C5A56206E00D9F6952D22AD7116",
  "Silk.NET.Windowing.Common.dll": "7AFB30EF496A0CA53151977EAA63620F",
  "Silk.NET.Windowing.Glfw.dll": "A5B00E64BAFCA2F30971A2032F1FB646",
  "Silk.NET.Windowing.Sdl.dll": "61A7D20BEA0668C78468A97D37A488E1",
  "SQLite-net.dll": "DA7DA4352CD82F6D345D5FECC3DA43A2",
  "SQLitePCLRaw.batteries_v2.dll": "C5A2A38C074CB00E6E92FFA1D9ED327A",
  "SQLitePCLRaw.core.dll": "F115193C7A9D760D9873C2CD0F4AA4E6",
  "SQLitePCLRaw.nativelibrary.dll": "4C9AA2E9EE791D604F7E716EFCF8FEC7",
  "SQLitePCLRaw.provider.dynamic_cdecl.dll": "319EF0EC22CCA2DFD6730BF95A778EC1",
  "StbiSharp.dll": "6F0C31C720104C815B53D74EB2F0368F",
  "System.Reactive.dll": "EF5A00287AD15393D41B12AA4B726FF7",
  "System.Reflection.MetadataLoadContext.dll": "E88E3AF6D37736F339022C9ACC5F2F7B",
  "System.Security.Cryptography.Pkcs.dll": "8950E01996A37E808BE3F39063C37BF9",
  "TEMP_gitver.txt": "0A7AEA8392E3A4AED3A23FE2CEB47B1A",
  "TerraFX.Interop.Windows.dll": "84F7EF6B0DE91F8CC23F773D3FD6DEC0",
  "Validation.dll": "D2F67363363E19E1C63C4A4B041D9D9E"
}
