{
  "runtimes\\alpine-x64\\native\\libe_sqlite3.so": "39C244FEDBCD3DFC37041D4FCE1AE21D",
  "runtimes\\linux-arm\\native\\libe_sqlite3.so": "96CF54BC0EFB83D6E3F5F3E04997A59D",
  "runtimes\\linux-arm64\\native\\libe_sqlite3.so": "F079E55E7F3F9966A4A2052A3234E068",
  "runtimes\\linux-armel\\native\\libe_sqlite3.so": "C5A67D49434FC65D64E9C15778078C76",
  "runtimes\\linux-mips64\\native\\libe_sqlite3.so": "5F8461214089CFC677D46C19B7162161",
  "runtimes\\linux-musl-x64\\native\\libe_sqlite3.so": "39C244FEDBCD3DFC37041D4FCE1AE21D",
  "runtimes\\linux-x64\\native\\libe_sqlite3.so": "6F49C540D3AB9964D67A4A704C3D262D",
  "runtimes\\linux-x64\\native\\libglfw.so.3": "9E3137144F68B9E9793F4C7AD5B1BEA7",
  "runtimes\\linux-x64\\native\\libSDL2-2.0.so": "99B95A708381FC66AB2370E45A260527",
  "runtimes\\linux-x64\\native\\libstbi.so": "0945355ED59677D06E3E88F48101BB26",
  "runtimes\\linux-x86\\native\\libe_sqlite3.so": "5E0659B414CBD6DDC38C65582485853E",
  "runtimes\\osx-x64\\native\\libe_sqlite3.dylib": "F82AE134FCD1C080A69D775591406673",
  "runtimes\\osx-x64\\native\\libglfw.3.dylib": "1E30FAB2F0C40E82290AD4B0BF14A880",
  "runtimes\\osx-x64\\native\\libSDL2-2.0.dylib": "AAC958490586C67395F0A90903AE3747",
  "runtimes\\osx-x64\\native\\libstbi.dylib": "0B84B0A6A80178266018081C3CAB68E6",
  "runtimes\\win-arm\\native\\e_sqlite3.dll": "E880C0AC161F6407A970C5C5B8B86290",
  "runtimes\\win-arm64\\native\\e_sqlite3.dll": "2B6F53492C55231935C4EEC611E4CC93",
  "runtimes\\win-x64\\native\\cimgui.dll": "C910C5366D41994A225922A54564D5F5",
  "runtimes\\win-x64\\native\\cimguizmo.dll": "531DBD1409BF14EC71D2D173C71280CC",
  "runtimes\\win-x64\\native\\cimplot.dll": "0CED739595CDF098E839A9771D2F09DD",
  "runtimes\\win-x64\\native\\e_sqlite3.dll": "7EC4D9D50C10EE59D668F486D9F66ACA",
  "runtimes\\win-x64\\native\\glfw3.dll": "F315350C555B8C1E18122B6B99F11EE8",
  "runtimes\\win-x64\\native\\minhook.x64d.dll": "0F5784D5F1F9E19850A29F66B2BC2B44",
  "runtimes\\win-x64\\native\\SDL2.dll": "13E2256671222BA3F7DBA86055331ED1",
  "runtimes\\win-x64\\native\\stbi.dll": "A1A2F2C371144A64335A6B1F07A9AEAE",
  "runtimes\\win-x64\\native\\stbi.lib": "927C214DE576219E1F80DBE7798A0502",
  "runtimes\\win-x86\\native\\e_sqlite3.dll": "1C875E53A9C9C449AF418C905A3FB096",
  "runtimes\\win-x86\\native\\glfw3.dll": "525126BE597B2F1D1F7E511350451CDB",
  "runtimes\\win-x86\\native\\SDL2.dll": "334B27CB7BDEE25A86B6E5202856D03E",
  "targets\\Dalamud.Plugin.Bootstrap.targets": "C85635161398CD9852CF7212DB7EB904",
  "targets\\Dalamud.Plugin.targets": "69D15EDFB3D4F0BEE3A099216E4DE057",
  "BitFaster.Caching.dll": "D7F90193E284BA63BDECFC691A5D7A6B",
  "CheapLoc.dll": "D3AA848F4BDB9AC2097F8E3F068E879D",
  "commit_hash.txt": "65C1ED357480CFF6F7E3B9DEEFD4E5B7",
  "Costura.dll": "C7672C815D74D17A2DBA2DFFF4B3F99F",
  "Dalamud.Boot.dll": "FF15826DA87169CAFB75DAC2D74E91B3",
  "Dalamud.Common.dll": "26E5D7822C2BED600FC8A92D55AF3993",
  "Dalamud.deps.json": "FCF026FAB379E7AF6073D603B9488418",
  "Dalamud.dll": "3279A67C7A623F9AD1E23D3B32D2B65D",
  "Dalamud.Injector.deps.json": "E30B9BD40106FFC14A5274A670979EDF",
  "Dalamud.Injector.dll": "2996C069D612607A627F27B2C874D2C1",
  "Dalamud.Injector.exe": "8D5CEF4A25985DF7C7DE083993480031",
  "Dalamud.Injector.runtimeconfig.json": "B9BB65FFE7924D4D8BABE9FA66303200",
  "Dalamud.Injector.xml": "D41E5DF541D19A015215E777D7395C9C",
  "Dalamud.runtimeconfig.json": "2A9CD915428BDD175E0889BD0C225F75",
  "Dalamud.xml": "29A68875858DE90F079F021811A95996",
  "DalamudCrashHandler.exe": "3A3EF5E30C7139D2678E829C99F247A6",
  "FASM-LICENSE.TXT": "ECEA1D10811221D5F0A3E96F9C38E2C7",
  "FASM.DLL": "08A1205DF776C505CA7C5DA3EF6D0C56",
  "FASMX64.DLL": "7B7BB530405C7DB22BFEB4F2CC54B66D",
  "FFXIVClientStructs.dll": "6FF70468A8AD99605007C6D0FB23F586",
  "FFXIVClientStructs.xml": "F856D1F348D3DA2E227386868A35056D",
  "goaaats.Reloaded.Assembler.targets": "CC22CB0A353E2136EE9E6E96DB9F7164",
  "Iced.dll": "D685938D9A30F800330A80954809841B",
  "ImGui.NET.dll": "91DE72ACEB6DB84ACD33E55107306D53",
  "ImGuiScene.dll": "193BA23D168ED2C2C1E252E0B2DBD973",
  "InteropGenerator.Runtime.dll": "747D37BDD43CD0382991D39BAC69B4F2",
  "JetBrains.Annotations.dll": "FE4BCA51C89629C200445EE4FF507947",
  "licenses.txt": "A159BE62AA91178EFC3E3983AE874D1D",
  "Lumina.dll": "CB780A0BF3FDD5E394BE3F3A2F536DD0",
  "Lumina.Excel.dll": "B352CCB3D1B443166B8CDBEC250C13EC",
  "Microsoft.Bcl.HashCode.dll": "613AB56061ADF2284E047025207467E0",
  "Microsoft.DotNet.PlatformAbstractions.dll": "00AB0F02B1114C57C758F5AD595224F1",
  "Microsoft.Extensions.DependencyModel.dll": "F39BC76C10CFEA478C936FC4521A9FC9",
  "Microsoft.Extensions.ObjectPool.dll": "FEE3CE8A84417360CC5ED787ED6F7DB1",
  "MinSharp.dll": "86C736EE3C08B73082048D374CC0C260",
  "Mono.Cecil.dll": "BFC519F7899A1A21A6815643C09A1B1B",
  "Mono.Cecil.Mdb.dll": "114230C954E253CB0B6917390E2F4BE6",
  "Mono.Cecil.Pdb.dll": "56992B64A80A40553A37B8037DBD7F6E",
  "Mono.Cecil.Rocks.dll": "8F929BC78C84C74D82769291B23C15EC",
  "nethost.dll": "21F39F71E2F4B5BA9FB3F126872F2F9B",
  "Newtonsoft.Json.dll": "ADF3E3EECDE20B7C9661E9C47106A14A",
  "PeNet.Asn1.dll": "23F278645331B030B96CF2B5B680812F",
  "PeNet.dll": "D6FFE834C590764F9C82A78B02876434",
  "PInvoke.AdvApi32.dll": "34EE461D05B403C3A15D0DEC32A3788C",
  "PInvoke.BCrypt.dll": "FD07758EE1440491F22923084109FF26",
  "PInvoke.Cabinet.dll": "333D950E3804735DA60CC41D614C63E2",
  "PInvoke.CfgMgr32.dll": "768BE7CC18EDCF78B296A72ABE891691",
  "PInvoke.Crypt32.dll": "E7B00B0851738F4A7F2C6D37DAA973B4",
  "PInvoke.DbgHelp.dll": "E701136169620D20E3A70B560DE20E44",
  "PInvoke.DwmApi.dll": "ACF223CC8962404056648815B486F7D9",
  "PInvoke.Gdi32.dll": "69FF434826F98582CE44D3136ECFFACB",
  "PInvoke.Hid.dll": "2E7A41257F8AD9B26073181F450CD8E5",
  "PInvoke.ImageHlp.dll": "79BE816E8D86EA66489D7780DD675D49",
  "PInvoke.IPHlpApi.dll": "E949FA3326D1BA8872B179AB4EE49D38",
  "PInvoke.Kernel32.dll": "234E15B122ED430DE99490CA1A204958",
  "PInvoke.Magnification.dll": "C9EA3D34F506741ECC044DB19C151F09",
  "PInvoke.Msi.dll": "69EE50CE2DA6B55755E52589F49A7EBC",
  "PInvoke.NCrypt.dll": "DA1DE76C14D99370CA3BEF19DC299B15",
  "PInvoke.NetApi32.dll": "AE79F9FA2E3864A5E0642AE4622ECDC5",
  "PInvoke.NewDev.dll": "B3E1992105D986EF9C5C8E4B630FBB07",
  "PInvoke.NTDll.dll": "3F6BDF840EB27DD0FD9EB8071822183A",
  "PInvoke.Ole32.dll": "3C49FB100B60519FFE725BCD12A538F6",
  "PInvoke.Psapi.dll": "A7683EE4B880227F01C8AE632A892B9E",
  "PInvoke.SetupApi.dll": "1B7AE321185D0081D1759A9AD829F9BA",
  "PInvoke.SHCore.dll": "F27E7F063D51480F6D2294C903E4A606",
  "PInvoke.Shell32.dll": "F71A1BCAF6478190691170DAEA77722F",
  "PInvoke.User32.dll": "8BEDE38311ED4F27127290B81B8079FD",
  "PInvoke.Userenv.dll": "FEB7BCA90B8C905EC2F4BB0789847131",
  "PInvoke.UxTheme.dll": "8E683C016250CB719FDB9AAAFC22B3C5",
  "PInvoke.Windows.Core.dll": "90015440A44935208FFEA9BF61740651",
  "PInvoke.Windows.ShellScalingApi.dll": "F351B34B8C9183A51CADFDC279357C49",
  "PInvoke.WinUsb.dll": "9EB8A0280F2848D1A32B560A939F7336",
  "PInvoke.WtsApi32.dll": "341C94455D2E5893DBE4293D4D67AA4D",
  "Reloaded.Assembler.dll": "E74A34687E881376805D898BE903717D",
  "Reloaded.Hooks.Definitions.dll": "6CD7620E16C19001920BF767CA8D8D2B",
  "Reloaded.Hooks.dll": "C59F6B13ED835E9D5ECC7382739FA807",
  "Reloaded.Memory.Buffers.dll": "530B17BB5742848CA3D7ACEF3D03FD39",
  "Reloaded.Memory.dll": "B3413684B30697B0DF2B5DC8EAF70DC4",
  "revision.txt": "64C26B2A2DCF068C49894BD07E0E6389",
  "SDL2-CS.config": "65557595FD5DF55D93B2BF881DE62C3A",
  "SDL2-CS.dll": "B16E2A609CB8C5E431C510757CAB85BB",
  "Serilog.dll": "E1FBA61DCBDC85AA6990798A5B3672BE",
  "Serilog.Sinks.Async.dll": "9F1FD473A3D549FB10F3C0180786DBEE",
  "Serilog.Sinks.Console.dll": "5FCD05530C6AFE89FCC12E809A63C315",
  "Serilog.Sinks.File.dll": "9C81D25E9E749EF25794C2F01A75AE74",
  "SharpDX.Direct3D11.dll": "1944341E22C28B9FD2450CA14EF48283",
  "SharpDX.dll": "FDA9D564CD8C41280B2843B8382D4F00",
  "SharpDX.DXGI.dll": "BD0DDA00FA6717B03F28EF7130D97A83",
  "SharpDX.Mathematics.dll": "72788F74AB0500D8802071ECE1692804",
  "Silk.NET.Core.dll": "1F1D457CED72B6C03576290B8856E70A",
  "Silk.NET.GLFW.dll": "5121D9A5FA476DD57AC412DC0497B916",
  "Silk.NET.Maths.dll": "0A83C35357C4BC817328B5568029942D",
  "Silk.NET.OpenGL.dll": "FA4AB42B197342CE50A458318D45C796",
  "Silk.NET.SDL.dll": "549A4DDAF050CA38165401519D91FE7C",
  "Silk.NET.Windowing.Common.dll": "0442565A18317710FE8C3B0B6DEEC6DA",
  "Silk.NET.Windowing.Glfw.dll": "00AB1DF4FF28856302BD9D47745C3D86",
  "Silk.NET.Windowing.Sdl.dll": "215C3CC7DB1AE3323852A8A21F31BE17",
  "SQLite-net.dll": "3145A14BC82F25E626962A0FC28492FC",
  "SQLitePCLRaw.batteries_v2.dll": "47D2627568F65E6C56F4FBB58EDFB64B",
  "SQLitePCLRaw.core.dll": "37F83F12E908FF66582C5C0BA0499479",
  "SQLitePCLRaw.nativelibrary.dll": "2DC2C88F321C0DC64AFDB9022681BCF4",
  "SQLitePCLRaw.provider.dynamic_cdecl.dll": "9BE7DCB39A6623E12742A87B61F14D87",
  "StbiSharp.dll": "EF1E557025B09AED4BDD2E1DEF3FFF9D",
  "System.Reactive.dll": "EF5A00287AD15393D41B12AA4B726FF7",
  "System.Reflection.MetadataLoadContext.dll": "E88E3AF6D37736F339022C9ACC5F2F7B",
  "System.Security.Cryptography.Pkcs.dll": "8950E01996A37E808BE3F39063C37BF9",
  "TEMP_gitver.txt": "D504867D1CB977B2841297E9C0A14765",
  "TerraFX.Interop.Windows.dll": "84F7EF6B0DE91F8CC23F773D3FD6DEC0",
  "Validation.dll": "B0109D115642AA1A91D8D1FD8C380694"
}
