{
  "runtimes\\alpine-x64\\native\\libe_sqlite3.so": "39C244FEDBCD3DFC37041D4FCE1AE21D",
  "runtimes\\linux-arm\\native\\libe_sqlite3.so": "96CF54BC0EFB83D6E3F5F3E04997A59D",
  "runtimes\\linux-arm64\\native\\libe_sqlite3.so": "F079E55E7F3F9966A4A2052A3234E068",
  "runtimes\\linux-armel\\native\\libe_sqlite3.so": "C5A67D49434FC65D64E9C15778078C76",
  "runtimes\\linux-mips64\\native\\libe_sqlite3.so": "5F8461214089CFC677D46C19B7162161",
  "runtimes\\linux-musl-x64\\native\\libe_sqlite3.so": "39C244FEDBCD3DFC37041D4FCE1AE21D",
  "runtimes\\linux-x64\\native\\libe_sqlite3.so": "6F49C540D3AB9964D67A4A704C3D262D",
  "runtimes\\linux-x86\\native\\libe_sqlite3.so": "5E0659B414CBD6DDC38C65582485853E",
  "runtimes\\osx-x64\\native\\libe_sqlite3.dylib": "F82AE134FCD1C080A69D775591406673",
  "runtimes\\win-arm\\native\\e_sqlite3.dll": "71D14ECBDCF5EF24DBF305C4E7E7F7FF",
  "runtimes\\win-arm64\\native\\e_sqlite3.dll": "73B899D67A9D889299200F0910BD0BC2",
  "runtimes\\win-x64\\native\\e_sqlite3.dll": "4A1CCE76450AFC5AE2A78B9B3153650A",
  "runtimes\\win-x64\\native\\minhook.x64d.dll": "217A60C290F19F6DE6438A224C70B641",
  "runtimes\\win-x86\\native\\e_sqlite3.dll": "2F3ACC8370BF07B8E217815253CC7A6F",
  "targets\\Dalamud.Plugin.Bootstrap.targets": "C85635161398CD9852CF7212DB7EB904",
  "targets\\Dalamud.Plugin.targets": "394EE2BEC70254F76ABBE2C33F62BBFA",
  "BCnEncoder.dll": "1C7261F02365EFB186E1E412B19B67BD",
  "BitFaster.Caching.dll": "C0F90C08720AD3A5A4EBE5149DE12CB5",
  "CheapLoc.dll": "98ACA28B68C19E6981184651864ACFBB",
  "cimgui.dll": "EBD8E997920E78ECBD4A2900DE584FA8",
  "cimguizmo.dll": "B53D2E1E9B3BDA498937C153F3F5D639",
  "cimplot.dll": "047A5AC4CDBB7DAB02F638A67A80248A",
  "commit_hash.txt": "BC656588D08558EC11552B42963FE2D8",
  "CommunityToolkit.HighPerformance.dll": "66B64EC334625F2C5D341A45E28EEB43",
  "Dalamud.Bindings.ImGui.dll": "7F3FABA8C903FE135942B94DC1B77E06",
  "Dalamud.Bindings.ImGuizmo.dll": "B87747B3AC0CB58DF502EE8646CC9017",
  "Dalamud.Bindings.ImPlot.dll": "DDC6265E8BE1CE53B985AC2D6A04329B",
  "Dalamud.Boot.dll": "37153FEC4DE3EE173D146E9889E4BD9D",
  "Dalamud.Common.dll": "D6C278D08A081D247A715425EBEA0CDB",
  "Dalamud.deps.json": "A9DC731E30271C1F6444231A05B4912C",
  "Dalamud.dll": "9FABA0FDD46E204F3F0907B45AAD5C9C",
  "Dalamud.Injector.deps.json": "AE17A723819E88058C70AA4BDA14CA37",
  "Dalamud.Injector.dll": "6CAEEED0B33E25121AE5C798650D9DEE",
  "Dalamud.Injector.exe": "2945C35CBDC50CE10BC0B560A33B3C64",
  "Dalamud.Injector.runtimeconfig.json": "439C534917CEF268A731631073E50FE4",
  "Dalamud.Injector.xml": "07EC7B68C97460A1C8275C75BE82FAA9",
  "Dalamud.runtimeconfig.json": "CA3935E9C6B9E3300F2D7171E4AF6335",
  "Dalamud.xml": "73C6726A758DF7FDD819FC3CCEC32E61",
  "DalamudCrashHandler.exe": "CFD7FE67DF9CA379E0BB983F5BD238D3",
  "FASM-LICENSE.TXT": "ECEA1D10811221D5F0A3E96F9C38E2C7",
  "FASM.DLL": "A0A9BE9ED591A824D79EC49B49ADAE87",
  "FASMX64.DLL": "7B0728B6B0C688D523E673F18B98A747",
  "FFXIVClientStructs.dll": "98E6472D541BE04D00AA52F4A30D060C",
  "FFXIVClientStructs.xml": "2AE5AFF7925698A5DA881FD75801990F",
  "goatcorp.Reloaded.Assembler.dll": "A72B3F91E87E2F848CD08CBEC55831DC",
  "goatcorp.Reloaded.Assembler.targets": "CC22CB0A353E2136EE9E6E96DB9F7164",
  "goatcorp.Reloaded.Hooks.dll": "3BB2EF361BB1D2E13F2B99FDFE891FFB",
  "goatcorp.Reloaded.Memory.Buffers.dll": "691BD9535129711C356BBDC7E9005FF7",
  "HexaGen.Runtime.dll": "ADFBBBA75680B8DBF97639EF93BBCA0D",
  "Iced.dll": "3ACCD2CA8C7C47BC4AC981AF0F550EBF",
  "ImGuiScene.dll": "7264550149F7E2FA64835004B292B20C",
  "InteropGenerator.Runtime.dll": "0548D11918212C0CFE353031DD5E6BE5",
  "JetBrains.Annotations.dll": "4AD714F8030CF85C86C2E6384D30CC30",
  "licenses.txt": "A159BE62AA91178EFC3E3983AE874D1D",
  "Lumina.dll": "621316F54458DDDAE219798E679A348E",
  "Lumina.Excel.dll": "A0B5B8F520D1B6D49EF2766EE76E5058",
  "Lumina.Excel.xml": "3D3B7AD224A8A04B92B2B311FB8DA535",
  "Microsoft.Extensions.ObjectPool.dll": "5510583E2B50BE953814615586673C33",
  "MinSharp.dll": "87485E2B2B92AD097BAB845F397C093F",
  "Mono.Cecil.dll": "174F48456D7D8D8C2665512C0435A9F1",
  "Mono.Cecil.Mdb.dll": "48FEA77B522C0FE8EE9C59DDF0446FC5",
  "Mono.Cecil.Pdb.dll": "D12324223A6CC4EB846084C9CC87CDFD",
  "Mono.Cecil.Rocks.dll": "27BC1AAEA85BA2F2B81839BDB3A5494B",
  "nethost.dll": "21F39F71E2F4B5BA9FB3F126872F2F9B",
  "Newtonsoft.Json.dll": "ADF3E3EECDE20B7C9661E9C47106A14A",
  "PeNet.Asn1.dll": "3F889782DD5B8DE23154126E47B98F43",
  "PeNet.dll": "6E064D5C69C8E6D9AA633EF19DB482BE",
  "Reloaded.Hooks.Definitions.dll": "11CB4B64F5551949EE9128E49FA39F07",
  "Reloaded.Memory.Buffers.dll": "85E87ABAC2D0DF9DE426170A3047271D",
  "Reloaded.Memory.dll": "EC6800577DF19D082EAA017135589B77",
  "revision.txt": "940392F5F32A7ADE1CC201767CF83E31",
  "Serilog.dll": "956B2A938CD972B6A138060135F498E3",
  "Serilog.Sinks.Async.dll": "39A78F648E4956E87E0CE7A17C9A141C",
  "Serilog.Sinks.Console.dll": "2EC3141964963574519BCB1330BA5276",
  "Serilog.Sinks.File.dll": "768CEB5C613CD03404A981048034E961",
  "SharpDX.Direct3D11.dll": "A66163A7C8652ACA47D06C08E266F1D5",
  "SharpDX.dll": "51565946D6BA5E6AC8807F6020CE58F0",
  "SharpDX.DXGI.dll": "8E5540E152D1CB79ED19CF9AA999C990",
  "SharpDX.Mathematics.dll": "720CB05D7B84A184F0697FB8F9B99305",
  "SQLite-net.dll": "FF1FF4BED9DE21D324EE9820A7F270E0",
  "SQLitePCLRaw.batteries_v2.dll": "D296EE2E44780C16FBBF37AAAC10B245",
  "SQLitePCLRaw.core.dll": "59558659E63D4E95E3380789AF011149",
  "SQLitePCLRaw.nativelibrary.dll": "C702070484E8F4139EED41047D073423",
  "SQLitePCLRaw.provider.dynamic_cdecl.dll": "367B69A43282DC5CAF6562705FFC97CF",
  "System.Reactive.dll": "EF5A00287AD15393D41B12AA4B726FF7",
  "System.Reflection.MetadataLoadContext.dll": "E88E3AF6D37736F339022C9ACC5F2F7B",
  "System.Security.Cryptography.Pkcs.dll": "8950E01996A37E808BE3F39063C37BF9",
  "TEMP_gitver.txt": "C8DC359DCF121DF3499D01067EEBF43F",
  "TerraFX.Interop.Windows.dll": "84F7EF6B0DE91F8CC23F773D3FD6DEC0"
}
