{
  "runtimes\\alpine-x64\\native\\libe_sqlite3.so": "39C244FEDBCD3DFC37041D4FCE1AE21D",
  "runtimes\\linux-arm\\native\\libe_sqlite3.so": "96CF54BC0EFB83D6E3F5F3E04997A59D",
  "runtimes\\linux-arm64\\native\\libe_sqlite3.so": "F079E55E7F3F9966A4A2052A3234E068",
  "runtimes\\linux-armel\\native\\libe_sqlite3.so": "C5A67D49434FC65D64E9C15778078C76",
  "runtimes\\linux-mips64\\native\\libe_sqlite3.so": "5F8461214089CFC677D46C19B7162161",
  "runtimes\\linux-musl-x64\\native\\libe_sqlite3.so": "39C244FEDBCD3DFC37041D4FCE1AE21D",
  "runtimes\\linux-x64\\native\\libe_sqlite3.so": "6F49C540D3AB9964D67A4A704C3D262D",
  "runtimes\\linux-x64\\native\\libglfw.so.3": "9E3137144F68B9E9793F4C7AD5B1BEA7",
  "runtimes\\linux-x64\\native\\libSDL2-2.0.so": "99B95A708381FC66AB2370E45A260527",
  "runtimes\\linux-x64\\native\\libstbi.so": "0945355ED59677D06E3E88F48101BB26",
  "runtimes\\linux-x86\\native\\libe_sqlite3.so": "5E0659B414CBD6DDC38C65582485853E",
  "runtimes\\osx-x64\\native\\libe_sqlite3.dylib": "F82AE134FCD1C080A69D775591406673",
  "runtimes\\osx-x64\\native\\libglfw.3.dylib": "1E30FAB2F0C40E82290AD4B0BF14A880",
  "runtimes\\osx-x64\\native\\libSDL2-2.0.dylib": "AAC958490586C67395F0A90903AE3747",
  "runtimes\\osx-x64\\native\\libstbi.dylib": "0B84B0A6A80178266018081C3CAB68E6",
  "runtimes\\win-arm\\native\\e_sqlite3.dll": "FF65F7067008CB837613C3C7E22A69BD",
  "runtimes\\win-arm64\\native\\e_sqlite3.dll": "A1408460B9ECA123D6E1320C00DDEB05",
  "runtimes\\win-x64\\native\\cimgui.dll": "52BB3E83B2A24457760E563CB001A79F",
  "runtimes\\win-x64\\native\\cimguizmo.dll": "D3B415E5CCA4D96834B84405581084BD",
  "runtimes\\win-x64\\native\\cimplot.dll": "E8F9BDAB5986C09616D29C4718245B88",
  "runtimes\\win-x64\\native\\e_sqlite3.dll": "276DF5BEDA6D0F0ADFA8523E6BB1FFBF",
  "runtimes\\win-x64\\native\\glfw3.dll": "05ECBB3D874B2AC0D6663B968CC5A093",
  "runtimes\\win-x64\\native\\minhook.x64d.dll": "EF845E3D66A7830F6DF960B92403F97E",
  "runtimes\\win-x64\\native\\SDL2.dll": "8C414D384934DA809338497783745EA9",
  "runtimes\\win-x64\\native\\stbi.dll": "071BA55CACAA83CB092319FCD7B9E32C",
  "runtimes\\win-x64\\native\\stbi.lib": "927C214DE576219E1F80DBE7798A0502",
  "runtimes\\win-x86\\native\\e_sqlite3.dll": "BCC5E36B07974669F15463EAA711DDDF",
  "runtimes\\win-x86\\native\\glfw3.dll": "AEB012E81219287E70AC608A14DBAD3C",
  "runtimes\\win-x86\\native\\SDL2.dll": "C045355FF153A69F675731ADB4DF6665",
  "targets\\Dalamud.Plugin.Bootstrap.targets": "C85635161398CD9852CF7212DB7EB904",
  "targets\\Dalamud.Plugin.targets": "11001C983157350F50D99F1A827999B5",
  "CheapLoc.dll": "3FCECE707D479F7EC2996EA151BAB8F8",
  "Costura.dll": "7501BFC140E057D1476634E85D8F7395",
  "Dalamud.Boot.dll": "553BC32C325710828F5D58A8C7D33366",
  "Dalamud.Common.dll": "B4B8BD637B267C754F61EC83771F89FA",
  "Dalamud.deps.json": "D3E49AC4BE768F928A9268A3AF65237B",
  "Dalamud.dll": "EAE3186111E9C462A33A155985595F49",
  "Dalamud.Injector.deps.json": "4E53ABE9A5D3E4592DA63EBF98DAAD86",
  "Dalamud.Injector.dll": "EA9370327776F563344D77DA511CE034",
  "Dalamud.Injector.exe": "91FA6FFF6DABABB875F1D57487B93BF2",
  "Dalamud.Injector.runtimeconfig.json": "AAAFA957BB3B382321D67ACC2D792553",
  "Dalamud.Injector.xml": "6CFC451561E67CE7788814C5B327D7EC",
  "Dalamud.runtimeconfig.json": "454E2BA21742B08CF0A9827950A92B0F",
  "Dalamud.xml": "406664C9244532600663FDEF9591AD32",
  "DalamudCrashHandler.exe": "CE3AAA20EB7FBD9FA0464D2503EA2F51",
  "FASM-LICENSE.TXT": "ECEA1D10811221D5F0A3E96F9C38E2C7",
  "FASM.DLL": "8BAAC789CD3177FE90BA9EF27ADE4BB4",
  "FASMX64.DLL": "843BDA753E90043DC8CB6692FEF07841",
  "FFXIVClientStructs.dll": "DB7D39637244155BE5397D79E280BE79",
  "FFXIVClientStructs.xml": "3387ACE20BB2A8EBC84E4B596BCFEE64",
  "goaaats.Reloaded.Assembler.targets": "CC22CB0A353E2136EE9E6E96DB9F7164",
  "Iced.dll": "A43F31E570D5F03204443DF619C8ADA8",
  "ImGui.NET.dll": "23F7EEA9CF2BA53B6051AB6BF1693DA3",
  "ImGuiScene.dll": "13F86E1B92ABB92E9FCEBE49F756E041",
  "JetBrains.Annotations.dll": "D1CE609D9869AADF191BBC3FB904D4F6",
  "licenses.txt": "A159BE62AA91178EFC3E3983AE874D1D",
  "Lumina.dll": "A05895AAF4E7063E4F9F15C2D8FF1EF9",
  "Lumina.Excel.dll": "892E99DEAFB6F2FC6141C7C7FA535B63",
  "Microsoft.Bcl.HashCode.dll": "613AB56061ADF2284E047025207467E0",
  "Microsoft.DotNet.PlatformAbstractions.dll": "00AB0F02B1114C57C758F5AD595224F1",
  "Microsoft.Extensions.DependencyModel.dll": "F39BC76C10CFEA478C936FC4521A9FC9",
  "MinSharp.dll": "6098743C575750B733D79CBDEC30491A",
  "Mono.Cecil.dll": "24F566859785ABD35007756A64408494",
  "Mono.Cecil.Mdb.dll": "7849FE0CB25AF07831D89D483330FF32",
  "Mono.Cecil.Pdb.dll": "B0699A124C7B509DAA1B857E313E58CB",
  "Mono.Cecil.Rocks.dll": "C2A710AA866D1230A936E2D9F696A5FB",
  "MonoMod.Backports.dll": "0DDA66E993535FA9A2BEC8E4A9775ECE",
  "MonoMod.Core.dll": "92C4A29901A74372B16F1A734563DD07",
  "MonoMod.Iced.dll": "E0AFB99376CA2B320F1681B66B5AF6AE",
  "MonoMod.ILHelpers.dll": "65C4CDADC817774BA3E513041304A4CC",
  "MonoMod.RuntimeDetour.dll": "5CC522AB2719847E2FA7726ACE604583",
  "MonoMod.Utils.dll": "5B0F574F73F3905134213B3A11F4E393",
  "nethost.dll": "012081214FE71F0F6ADCD9F4A71B2B00",
  "Newtonsoft.Json.dll": "86A83A63F12B55FD3718CFBFB577D7DC",
  "PeNet.Asn1.dll": "1AC0E22A5D45F03A2FBE82F5A481269C",
  "PeNet.dll": "E296305E13FF3FFA19DCD26EE9B8BD56",
  "PInvoke.AdvApi32.dll": "34EE461D05B403C3A15D0DEC32A3788C",
  "PInvoke.BCrypt.dll": "FD07758EE1440491F22923084109FF26",
  "PInvoke.Cabinet.dll": "333D950E3804735DA60CC41D614C63E2",
  "PInvoke.CfgMgr32.dll": "768BE7CC18EDCF78B296A72ABE891691",
  "PInvoke.Crypt32.dll": "E7B00B0851738F4A7F2C6D37DAA973B4",
  "PInvoke.DbgHelp.dll": "E701136169620D20E3A70B560DE20E44",
  "PInvoke.DwmApi.dll": "ACF223CC8962404056648815B486F7D9",
  "PInvoke.Gdi32.dll": "69FF434826F98582CE44D3136ECFFACB",
  "PInvoke.Hid.dll": "2E7A41257F8AD9B26073181F450CD8E5",
  "PInvoke.ImageHlp.dll": "79BE816E8D86EA66489D7780DD675D49",
  "PInvoke.IPHlpApi.dll": "E949FA3326D1BA8872B179AB4EE49D38",
  "PInvoke.Kernel32.dll": "234E15B122ED430DE99490CA1A204958",
  "PInvoke.Magnification.dll": "C9EA3D34F506741ECC044DB19C151F09",
  "PInvoke.Msi.dll": "69EE50CE2DA6B55755E52589F49A7EBC",
  "PInvoke.NCrypt.dll": "DA1DE76C14D99370CA3BEF19DC299B15",
  "PInvoke.NetApi32.dll": "AE79F9FA2E3864A5E0642AE4622ECDC5",
  "PInvoke.NewDev.dll": "B3E1992105D986EF9C5C8E4B630FBB07",
  "PInvoke.NTDll.dll": "3F6BDF840EB27DD0FD9EB8071822183A",
  "PInvoke.Ole32.dll": "3C49FB100B60519FFE725BCD12A538F6",
  "PInvoke.Psapi.dll": "A7683EE4B880227F01C8AE632A892B9E",
  "PInvoke.SetupApi.dll": "1B7AE321185D0081D1759A9AD829F9BA",
  "PInvoke.SHCore.dll": "F27E7F063D51480F6D2294C903E4A606",
  "PInvoke.Shell32.dll": "F71A1BCAF6478190691170DAEA77722F",
  "PInvoke.User32.dll": "8BEDE38311ED4F27127290B81B8079FD",
  "PInvoke.Userenv.dll": "FEB7BCA90B8C905EC2F4BB0789847131",
  "PInvoke.UxTheme.dll": "8E683C016250CB719FDB9AAAFC22B3C5",
  "PInvoke.Windows.Core.dll": "90015440A44935208FFEA9BF61740651",
  "PInvoke.Windows.ShellScalingApi.dll": "F351B34B8C9183A51CADFDC279357C49",
  "PInvoke.WinUsb.dll": "9EB8A0280F2848D1A32B560A939F7336",
  "PInvoke.WtsApi32.dll": "341C94455D2E5893DBE4293D4D67AA4D",
  "Reloaded.Assembler.dll": "21F02C3CD95B8B900594A6EF5D61473E",
  "Reloaded.Hooks.Definitions.dll": "5A80974207999F7090C4640B49DE8809",
  "Reloaded.Hooks.dll": "E70629EE50560A98382E10426C6520A9",
  "Reloaded.Memory.Buffers.dll": "95C2666785AE97DE2FDD2B612AA49F02",
  "Reloaded.Memory.dll": "4B7F8A7EB63B03BEB9896ED6352C2C8B",
  "revision.txt": "6B4E2B9376139FA09A68B94EC04DBE94",
  "SDL2-CS.config": "65557595FD5DF55D93B2BF881DE62C3A",
  "SDL2-CS.dll": "641ABBD1B0A329EA686F28CE11EAE562",
  "Serilog.dll": "FFC78910B4480A564FDED1E4FDD53B8D",
  "Serilog.Sinks.Async.dll": "F742D8DD9428A4F823186CEE93D60AF2",
  "Serilog.Sinks.Console.dll": "F348AE052ACED83A5C79B805C3657E7E",
  "Serilog.Sinks.File.dll": "BED54E0161C45E77841C50EF4E015E11",
  "SharpDX.Direct3D11.dll": "1850D7F48416D4D1C44A29DBC003DC03",
  "SharpDX.dll": "088DCD01E4541703EAD2FE7CB206104F",
  "SharpDX.DXGI.dll": "79437D67A3288B2B90D4B64AFF50E469",
  "SharpDX.Mathematics.dll": "5262FD40A95B52D51FF397F0A540A583",
  "Silk.NET.Core.dll": "C6FC6FFF4419B1CDBCF2636D8FCFCB15",
  "Silk.NET.GLFW.dll": "A42E04C0C8256A4691BEC801F5065AD9",
  "Silk.NET.Maths.dll": "C44047C4320454AB2C32DBDF94C8C0EB",
  "Silk.NET.OpenGL.dll": "D4FD25D719B8858DE641D2C77E9B73F9",
  "Silk.NET.SDL.dll": "AD33948415A36325D1880E6A992A1F58",
  "Silk.NET.Windowing.Common.dll": "DF25E7553B4F7755A0A9E7EEFD8EA572",
  "Silk.NET.Windowing.Glfw.dll": "A7516AE78E171F6959577D68130851D4",
  "Silk.NET.Windowing.Sdl.dll": "B8C4158EFC0929380FEB6B220A3EE19D",
  "SQLite-net.dll": "F9356A098B78BC948DB75F232902957D",
  "SQLitePCLRaw.batteries_v2.dll": "440C573C0A8A4044921AC3873131CBAA",
  "SQLitePCLRaw.core.dll": "322E77BC9A5ACD0B6010A722B9F1E21B",
  "SQLitePCLRaw.nativelibrary.dll": "107C1DA57392015815746F64A0D05443",
  "SQLitePCLRaw.provider.dynamic_cdecl.dll": "0D2279D9245147955D5405E2D6E76BFD",
  "StbiSharp.dll": "590EDAA6495F291D1E6940EA5AC182B1",
  "System.Reactive.dll": "EF5A00287AD15393D41B12AA4B726FF7",
  "System.Reflection.MetadataLoadContext.dll": "7EC41D41F4E1246757BA3E2EC862D562",
  "System.Security.Cryptography.Pkcs.dll": "8950E01996A37E808BE3F39063C37BF9",
  "TEMP_gitver.txt": "DF6AD29E406A96A13B986A3B530F2A1E",
  "Validation.dll": "39663AC4B3B266FD37F64AF4BA63F753"
}
