{
  "runtimes\\alpine-x64\\native\\libe_sqlite3.so": "39C244FEDBCD3DFC37041D4FCE1AE21D",
  "runtimes\\linux-arm\\native\\libe_sqlite3.so": "96CF54BC0EFB83D6E3F5F3E04997A59D",
  "runtimes\\linux-arm64\\native\\libe_sqlite3.so": "F079E55E7F3F9966A4A2052A3234E068",
  "runtimes\\linux-armel\\native\\libe_sqlite3.so": "C5A67D49434FC65D64E9C15778078C76",
  "runtimes\\linux-mips64\\native\\libe_sqlite3.so": "5F8461214089CFC677D46C19B7162161",
  "runtimes\\linux-musl-x64\\native\\libe_sqlite3.so": "39C244FEDBCD3DFC37041D4FCE1AE21D",
  "runtimes\\linux-x64\\native\\libe_sqlite3.so": "6F49C540D3AB9964D67A4A704C3D262D",
  "runtimes\\linux-x64\\native\\libglfw.so.3": "9E3137144F68B9E9793F4C7AD5B1BEA7",
  "runtimes\\linux-x64\\native\\libSDL2-2.0.so": "99B95A708381FC66AB2370E45A260527",
  "runtimes\\linux-x64\\native\\libstbi.so": "0945355ED59677D06E3E88F48101BB26",
  "runtimes\\linux-x86\\native\\libe_sqlite3.so": "5E0659B414CBD6DDC38C65582485853E",
  "runtimes\\osx-x64\\native\\libe_sqlite3.dylib": "F82AE134FCD1C080A69D775591406673",
  "runtimes\\osx-x64\\native\\libglfw.3.dylib": "1E30FAB2F0C40E82290AD4B0BF14A880",
  "runtimes\\osx-x64\\native\\libSDL2-2.0.dylib": "AAC958490586C67395F0A90903AE3747",
  "runtimes\\osx-x64\\native\\libstbi.dylib": "0B84B0A6A80178266018081C3CAB68E6",
  "runtimes\\win-arm\\native\\e_sqlite3.dll": "CE4ABE6DCD4CA5667B821547365D8B17",
  "runtimes\\win-arm64\\native\\e_sqlite3.dll": "5C36E214398F365F423C9FB5CF5B8ABD",
  "runtimes\\win-x64\\native\\e_sqlite3.dll": "32D362382EC37EE361063F760C27087D",
  "runtimes\\win-x64\\native\\glfw3.dll": "C64F483B4CB15265F4CD843F810EFE7E",
  "runtimes\\win-x64\\native\\minhook.x64d.dll": "DBBF53B5AC458FFA050D38DE968BA90D",
  "runtimes\\win-x64\\native\\SDL2.dll": "14017F2278B2CB65619704C092223493",
  "runtimes\\win-x64\\native\\stbi.dll": "ADC88C3DCFE6CBD48C3F558C59DF417D",
  "runtimes\\win-x64\\native\\stbi.lib": "927C214DE576219E1F80DBE7798A0502",
  "runtimes\\win-x86\\native\\e_sqlite3.dll": "8837E5B048A8035B0B4F7426E39E2942",
  "runtimes\\win-x86\\native\\glfw3.dll": "300E9B8B2E7F918CE43952013B0C4F3B",
  "runtimes\\win-x86\\native\\SDL2.dll": "1D796AD1D22F41BA291196466C1E896D",
  "targets\\Dalamud.Plugin.Bootstrap.targets": "C85635161398CD9852CF7212DB7EB904",
  "targets\\Dalamud.Plugin.targets": "394EE2BEC70254F76ABBE2C33F62BBFA",
  "BitFaster.Caching.dll": "AC290DC1226BA943D128775CA395AB9C",
  "CheapLoc.dll": "60A9AE5F9BE077CC7167E23E664E1E7D",
  "cimgui.dll": "0677FF3443FFD3567C6A805BEAEBAC4F",
  "cimguizmo.dll": "93BEF82886C1A8A7C6F001CB852A05F9",
  "cimplot.dll": "7EAD5794503595F458EB5C6B1EF2F026",
  "commit_hash.txt": "1B13291733771EF7575E9E0E987E135A",
  "Dalamud.Boot.dll": "328C8D8A95462230FFDB71D922C49DF5",
  "Dalamud.Common.dll": "7DD3AD69B5C5656B8F5184E6BDFBC877",
  "Dalamud.deps.json": "E8ED013BA183965FBEEE8756322A9D25",
  "Dalamud.dll": "7147455B5231D2BB7C42F21FB354EA4F",
  "Dalamud.Injector.deps.json": "C21972522E8133995B2C9562B3E39983",
  "Dalamud.Injector.dll": "F799E6F9017E4B2609D81F25A57A5F4F",
  "Dalamud.Injector.exe": "C6C07FC216AD4C71A97E0A17EE7F2775",
  "Dalamud.Injector.runtimeconfig.json": "439C534917CEF268A731631073E50FE4",
  "Dalamud.Injector.xml": "6730B8BB13078B71889B5A56C5DFAC6D",
  "Dalamud.runtimeconfig.json": "CA3935E9C6B9E3300F2D7171E4AF6335",
  "Dalamud.xml": "17621E9A08E7336E9777A6E2EC30DED6",
  "DalamudCrashHandler.exe": "74165E0DB84BDE6CF40B8D694253933E",
  "FASM-LICENSE.TXT": "ECEA1D10811221D5F0A3E96F9C38E2C7",
  "FASM.DLL": "B5DBF143AA1DE4D3078380C7AFE09255",
  "FASMX64.DLL": "413123D12CCBA23A0567BBA0A16FD9F8",
  "FFXIVClientStructs.dll": "498BD95CD4226E9EE40AD35430764BE4",
  "FFXIVClientStructs.xml": "047371563AF9061A08651D89CF30C0BF",
  "goaaats.Reloaded.Assembler.targets": "CC22CB0A353E2136EE9E6E96DB9F7164",
  "Iced.dll": "07C2C3AFC77CE8159031103CF60693CD",
  "ImGui.NET.dll": "877F70366D7DD4513EA634E95138A274",
  "ImGuiScene.dll": "E9E4CBC13DDA30BECCE98D894DC24353",
  "InteropGenerator.Runtime.dll": "A73D09EE9ABEE6B7AC75F6316A97A63D",
  "JetBrains.Annotations.dll": "A0692C52DDA5A09F2420E0150D0E20A5",
  "licenses.txt": "A159BE62AA91178EFC3E3983AE874D1D",
  "Lumina.dll": "780F3C8B12CC31F261DBF2122775DB98",
  "Lumina.Excel.dll": "9F8F22E7DF23FC94AA9E57FCB50FAF57",
  "Microsoft.Bcl.HashCode.dll": "613AB56061ADF2284E047025207467E0",
  "Microsoft.DotNet.PlatformAbstractions.dll": "00AB0F02B1114C57C758F5AD595224F1",
  "Microsoft.Extensions.DependencyModel.dll": "F39BC76C10CFEA478C936FC4521A9FC9",
  "Microsoft.Extensions.ObjectPool.dll": "B0558CE087EAE95853E35579300F3A77",
  "MinSharp.dll": "DF7AE5E0DAB52B19A222ACC0A931D37D",
  "Mono.Cecil.dll": "0D56093D2FA3F931F2D5423090326029",
  "Mono.Cecil.Mdb.dll": "8E1D2CE33E9AC48CA7E0033E0553D9A4",
  "Mono.Cecil.Pdb.dll": "197E873DB082B66D017904F095A07015",
  "Mono.Cecil.Rocks.dll": "8BBA7E40BBE8544B55859BCCB0E5A289",
  "nethost.dll": "21F39F71E2F4B5BA9FB3F126872F2F9B",
  "Newtonsoft.Json.dll": "ADF3E3EECDE20B7C9661E9C47106A14A",
  "PeNet.Asn1.dll": "74FB9232E647662C0D7DBE0F99D8DB2E",
  "PeNet.dll": "6548C122626AEB087CDC0C1E128805C2",
  "PInvoke.AdvApi32.dll": "34EE461D05B403C3A15D0DEC32A3788C",
  "PInvoke.BCrypt.dll": "FD07758EE1440491F22923084109FF26",
  "PInvoke.Cabinet.dll": "333D950E3804735DA60CC41D614C63E2",
  "PInvoke.CfgMgr32.dll": "768BE7CC18EDCF78B296A72ABE891691",
  "PInvoke.Crypt32.dll": "E7B00B0851738F4A7F2C6D37DAA973B4",
  "PInvoke.DbgHelp.dll": "E701136169620D20E3A70B560DE20E44",
  "PInvoke.DwmApi.dll": "ACF223CC8962404056648815B486F7D9",
  "PInvoke.Gdi32.dll": "69FF434826F98582CE44D3136ECFFACB",
  "PInvoke.Hid.dll": "2E7A41257F8AD9B26073181F450CD8E5",
  "PInvoke.ImageHlp.dll": "79BE816E8D86EA66489D7780DD675D49",
  "PInvoke.IPHlpApi.dll": "E949FA3326D1BA8872B179AB4EE49D38",
  "PInvoke.Kernel32.dll": "234E15B122ED430DE99490CA1A204958",
  "PInvoke.Magnification.dll": "C9EA3D34F506741ECC044DB19C151F09",
  "PInvoke.Msi.dll": "69EE50CE2DA6B55755E52589F49A7EBC",
  "PInvoke.NCrypt.dll": "DA1DE76C14D99370CA3BEF19DC299B15",
  "PInvoke.NetApi32.dll": "AE79F9FA2E3864A5E0642AE4622ECDC5",
  "PInvoke.NewDev.dll": "B3E1992105D986EF9C5C8E4B630FBB07",
  "PInvoke.NTDll.dll": "3F6BDF840EB27DD0FD9EB8071822183A",
  "PInvoke.Ole32.dll": "3C49FB100B60519FFE725BCD12A538F6",
  "PInvoke.Psapi.dll": "A7683EE4B880227F01C8AE632A892B9E",
  "PInvoke.SetupApi.dll": "1B7AE321185D0081D1759A9AD829F9BA",
  "PInvoke.SHCore.dll": "F27E7F063D51480F6D2294C903E4A606",
  "PInvoke.Shell32.dll": "F71A1BCAF6478190691170DAEA77722F",
  "PInvoke.User32.dll": "8BEDE38311ED4F27127290B81B8079FD",
  "PInvoke.Userenv.dll": "FEB7BCA90B8C905EC2F4BB0789847131",
  "PInvoke.UxTheme.dll": "8E683C016250CB719FDB9AAAFC22B3C5",
  "PInvoke.Windows.Core.dll": "90015440A44935208FFEA9BF61740651",
  "PInvoke.Windows.ShellScalingApi.dll": "F351B34B8C9183A51CADFDC279357C49",
  "PInvoke.WinUsb.dll": "9EB8A0280F2848D1A32B560A939F7336",
  "PInvoke.WtsApi32.dll": "341C94455D2E5893DBE4293D4D67AA4D",
  "Reloaded.Assembler.dll": "E102ABFFA1B8C59AF22B5407B1A1C5D9",
  "Reloaded.Hooks.Definitions.dll": "2A4A47E835A99BE85FF9A1DCCE7E482B",
  "Reloaded.Hooks.dll": "16C04073A714210165F553C3EDA220F4",
  "Reloaded.Memory.Buffers.dll": "38C1F95AD1EC5FB19CA512A7C8E9E37B",
  "Reloaded.Memory.dll": "FA141F5B9DB693C05CE5C09F6B9AFF03",
  "revision.txt": "84F5DDD735176BECC72C3B1FF424149E",
  "SDL2-CS.config": "65557595FD5DF55D93B2BF881DE62C3A",
  "SDL2-CS.dll": "410E720C49802D971023C9F3A76B8007",
  "Serilog.dll": "D5BB7526673828C3F007C318AF165927",
  "Serilog.Sinks.Async.dll": "535EF126EFF52317F1981BFF2EC65FE1",
  "Serilog.Sinks.Console.dll": "062B3CD7DC90D16683B536841C8FDDCC",
  "Serilog.Sinks.File.dll": "5B41DDBA4551CA4EFC93CDC7B39F8B92",
  "SharpDX.Direct3D11.dll": "7B68D3E2885840D3798E648407C1B7CB",
  "SharpDX.dll": "892B462EFDDF8547106B523755055AD9",
  "SharpDX.DXGI.dll": "EA879F23A01761E7B808ABEDD4A4268B",
  "SharpDX.Mathematics.dll": "1ADB4797F45566BA2ACA6059601046BC",
  "Silk.NET.Core.dll": "A9782756A5C2188B33F166597FD2DE49",
  "Silk.NET.GLFW.dll": "64B5ADE268167DB33419ABB82DC7A7FD",
  "Silk.NET.Maths.dll": "60710D950EDFEAE56610DA968AF1173A",
  "Silk.NET.OpenGL.dll": "7712113B9E3D892E29433C139DA1479D",
  "Silk.NET.SDL.dll": "57A60DC951B7C351BDB3CBA9E3B3CFF0",
  "Silk.NET.Windowing.Common.dll": "B0B298B22CD9FF55DC95B2FF5315F6BD",
  "Silk.NET.Windowing.Glfw.dll": "E6A16AFFC48F15803D4C4283D16FA143",
  "Silk.NET.Windowing.Sdl.dll": "9225CC6F534BD010454C7AA5BED06790",
  "SQLite-net.dll": "A55ECA4219161DCB7A05F10D9DC8AE9A",
  "SQLitePCLRaw.batteries_v2.dll": "9F4070C4BC614CFD9F8D56F4E500D6F2",
  "SQLitePCLRaw.core.dll": "1F84DCCDCAC178221E7880A921FF1F06",
  "SQLitePCLRaw.nativelibrary.dll": "D5E2169670AF8ADDA138DA09522DF5BE",
  "SQLitePCLRaw.provider.dynamic_cdecl.dll": "CC07A394DCC53729B88E4508BAC3BD51",
  "StbiSharp.dll": "C6D789E7022A0A16400D656E97B23EFA",
  "System.Reactive.dll": "EF5A00287AD15393D41B12AA4B726FF7",
  "System.Reflection.MetadataLoadContext.dll": "E88E3AF6D37736F339022C9ACC5F2F7B",
  "System.Security.Cryptography.Pkcs.dll": "8950E01996A37E808BE3F39063C37BF9",
  "TEMP_gitver.txt": "50699F36544600CEF59DD76CC41A9BFD",
  "TerraFX.Interop.Windows.dll": "84F7EF6B0DE91F8CC23F773D3FD6DEC0",
  "Validation.dll": "D20C916832629164B7126B3F0EC20E70"
}
