{
  "runtimes\\alpine-x64\\native\\libe_sqlite3.so": "39C244FEDBCD3DFC37041D4FCE1AE21D",
  "runtimes\\linux-arm\\native\\libe_sqlite3.so": "96CF54BC0EFB83D6E3F5F3E04997A59D",
  "runtimes\\linux-arm64\\native\\libe_sqlite3.so": "F079E55E7F3F9966A4A2052A3234E068",
  "runtimes\\linux-armel\\native\\libe_sqlite3.so": "C5A67D49434FC65D64E9C15778078C76",
  "runtimes\\linux-mips64\\native\\libe_sqlite3.so": "5F8461214089CFC677D46C19B7162161",
  "runtimes\\linux-musl-x64\\native\\libe_sqlite3.so": "39C244FEDBCD3DFC37041D4FCE1AE21D",
  "runtimes\\linux-x64\\native\\libe_sqlite3.so": "6F49C540D3AB9964D67A4A704C3D262D",
  "runtimes\\linux-x64\\native\\libglfw.so.3": "9E3137144F68B9E9793F4C7AD5B1BEA7",
  "runtimes\\linux-x64\\native\\libSDL2-2.0.so": "99B95A708381FC66AB2370E45A260527",
  "runtimes\\linux-x64\\native\\libstbi.so": "0945355ED59677D06E3E88F48101BB26",
  "runtimes\\linux-x86\\native\\libe_sqlite3.so": "5E0659B414CBD6DDC38C65582485853E",
  "runtimes\\osx-x64\\native\\libe_sqlite3.dylib": "F82AE134FCD1C080A69D775591406673",
  "runtimes\\osx-x64\\native\\libglfw.3.dylib": "1E30FAB2F0C40E82290AD4B0BF14A880",
  "runtimes\\osx-x64\\native\\libSDL2-2.0.dylib": "AAC958490586C67395F0A90903AE3747",
  "runtimes\\osx-x64\\native\\libstbi.dylib": "0B84B0A6A80178266018081C3CAB68E6",
  "runtimes\\win-arm\\native\\e_sqlite3.dll": "877D827B8F370DDEE7AAC627B991EF3E",
  "runtimes\\win-arm64\\native\\e_sqlite3.dll": "3D4A6D64C61420FB39956B8B7FA79FA7",
  "runtimes\\win-x64\\native\\cimgui.dll": "5CB7EBEA59093AD96AEEAB4B388427B6",
  "runtimes\\win-x64\\native\\cimguizmo.dll": "6ECA998209D7C5959B753A7328D420F1",
  "runtimes\\win-x64\\native\\cimplot.dll": "8FC0F9B9C00BA8CC9F6A268FDAA7B2C9",
  "runtimes\\win-x64\\native\\e_sqlite3.dll": "70B31C1E9D0B2F40C2346077F5219BD7",
  "runtimes\\win-x64\\native\\glfw3.dll": "32B3E26376849B56F54596FC554CC45B",
  "runtimes\\win-x64\\native\\minhook.x64d.dll": "F7256BCA6850EE0C7E33C9A3FB759E8D",
  "runtimes\\win-x64\\native\\SDL2.dll": "4052F5E0AE104DD1FE41951373134CEC",
  "runtimes\\win-x64\\native\\stbi.dll": "53C44F07E9E19BC818DC3C66DE3A6FB2",
  "runtimes\\win-x64\\native\\stbi.lib": "927C214DE576219E1F80DBE7798A0502",
  "runtimes\\win-x86\\native\\e_sqlite3.dll": "DC2EB6167A5361A48F81AC797D6728C6",
  "runtimes\\win-x86\\native\\glfw3.dll": "7BA302D367FA9567BBB4310001D1801D",
  "runtimes\\win-x86\\native\\SDL2.dll": "F2789BCFBF3DF7D5046443D76B22C47C",
  "targets\\Dalamud.Plugin.Bootstrap.targets": "C85635161398CD9852CF7212DB7EB904",
  "targets\\Dalamud.Plugin.targets": "DDD731601C06B16E10CF2F8990452A27",
  "BitFaster.Caching.dll": "ABC2EEDB38DACD245EBD9AA7C34FA985",
  "CheapLoc.dll": "B59F77048C6844137BC8BF0876E30D65",
  "Costura.dll": "308FB4859F424273EB112FD0E995E70B",
  "Dalamud.Boot.dll": "02BA7FA3BE4789A718A7AE6CB6EF583A",
  "Dalamud.Common.dll": "77A2B19E23A99512C3081C90F0B9E2BD",
  "Dalamud.deps.json": "1FD968AAE905BCFB30AB1E56B3C17169",
  "Dalamud.dll": "D0F24F7A2C0AFABB18334908D92150B9",
  "Dalamud.Injector.deps.json": "973E5D437761614CB8BADBA9E2C0F6EA",
  "Dalamud.Injector.dll": "D7292D2F36AB44FA7434184DB9888AB3",
  "Dalamud.Injector.exe": "BF871B8E28C352AB15A95251C413FFB7",
  "Dalamud.Injector.runtimeconfig.json": "B9BB65FFE7924D4D8BABE9FA66303200",
  "Dalamud.Injector.xml": "D41E5DF541D19A015215E777D7395C9C",
  "Dalamud.runtimeconfig.json": "2A9CD915428BDD175E0889BD0C225F75",
  "Dalamud.xml": "570B361CA04632B544D542AD0019FB56",
  "DalamudCrashHandler.exe": "F9A07F34D4959D13121EC09D11A2300C",
  "FASM-LICENSE.TXT": "ECEA1D10811221D5F0A3E96F9C38E2C7",
  "FASM.DLL": "5F2B240051AAB646ACA209AC1CAD3FC3",
  "FASMX64.DLL": "CFD324ABAC9D896263D9FE74CBEFC4F0",
  "FFXIVClientStructs.dll": "3B414C52B2CA7754A112A9DB761A20C7",
  "FFXIVClientStructs.xml": "D419FE35F1B38BD78A2010E32AAE848D",
  "goaaats.Reloaded.Assembler.targets": "CC22CB0A353E2136EE9E6E96DB9F7164",
  "Iced.dll": "FAD4189DE6EB62F99F044D368488F0DE",
  "ImGui.NET.dll": "B33E7858910A6F3468E51432C0561965",
  "ImGuiScene.dll": "91E9303E4598F18E094EDA40A92944BB",
  "InteropGenerator.Runtime.dll": "5C7BB9A0C5A79DE0B82D8EE74DA293F8",
  "JetBrains.Annotations.dll": "E0B092D96A95F7E1EEB54402ADF61475",
  "licenses.txt": "A159BE62AA91178EFC3E3983AE874D1D",
  "Lumina.dll": "0ED49AAC6B98BF8EC04DF9C8459984CB",
  "Lumina.Excel.dll": "0E09F9EB97AB9D43D49CB29614D77939",
  "Microsoft.Bcl.HashCode.dll": "613AB56061ADF2284E047025207467E0",
  "Microsoft.DotNet.PlatformAbstractions.dll": "00AB0F02B1114C57C758F5AD595224F1",
  "Microsoft.Extensions.DependencyModel.dll": "F39BC76C10CFEA478C936FC4521A9FC9",
  "Microsoft.Extensions.ObjectPool.dll": "FEE3CE8A84417360CC5ED787ED6F7DB1",
  "MinSharp.dll": "7178072DBA2203A7B1D514804EA8E1E3",
  "Mono.Cecil.dll": "855DF70B43AF7B6012909C5E448139D1",
  "Mono.Cecil.Mdb.dll": "2B41A3B665163670CC6F835FEEF77FA4",
  "Mono.Cecil.Pdb.dll": "F189FAECCB506A6588D076EF89283353",
  "Mono.Cecil.Rocks.dll": "FDF0B131EA8DF4F64EA3A6C40C926628",
  "nethost.dll": "21F39F71E2F4B5BA9FB3F126872F2F9B",
  "Newtonsoft.Json.dll": "ADF3E3EECDE20B7C9661E9C47106A14A",
  "PeNet.Asn1.dll": "77243533308B3BB96F30385D8ACB8766",
  "PeNet.dll": "5B4C213DBC703918AF99902F6D49E81F",
  "PInvoke.AdvApi32.dll": "34EE461D05B403C3A15D0DEC32A3788C",
  "PInvoke.BCrypt.dll": "FD07758EE1440491F22923084109FF26",
  "PInvoke.Cabinet.dll": "333D950E3804735DA60CC41D614C63E2",
  "PInvoke.CfgMgr32.dll": "768BE7CC18EDCF78B296A72ABE891691",
  "PInvoke.Crypt32.dll": "E7B00B0851738F4A7F2C6D37DAA973B4",
  "PInvoke.DbgHelp.dll": "E701136169620D20E3A70B560DE20E44",
  "PInvoke.DwmApi.dll": "ACF223CC8962404056648815B486F7D9",
  "PInvoke.Gdi32.dll": "69FF434826F98582CE44D3136ECFFACB",
  "PInvoke.Hid.dll": "2E7A41257F8AD9B26073181F450CD8E5",
  "PInvoke.ImageHlp.dll": "79BE816E8D86EA66489D7780DD675D49",
  "PInvoke.IPHlpApi.dll": "E949FA3326D1BA8872B179AB4EE49D38",
  "PInvoke.Kernel32.dll": "234E15B122ED430DE99490CA1A204958",
  "PInvoke.Magnification.dll": "C9EA3D34F506741ECC044DB19C151F09",
  "PInvoke.Msi.dll": "69EE50CE2DA6B55755E52589F49A7EBC",
  "PInvoke.NCrypt.dll": "DA1DE76C14D99370CA3BEF19DC299B15",
  "PInvoke.NetApi32.dll": "AE79F9FA2E3864A5E0642AE4622ECDC5",
  "PInvoke.NewDev.dll": "B3E1992105D986EF9C5C8E4B630FBB07",
  "PInvoke.NTDll.dll": "3F6BDF840EB27DD0FD9EB8071822183A",
  "PInvoke.Ole32.dll": "3C49FB100B60519FFE725BCD12A538F6",
  "PInvoke.Psapi.dll": "A7683EE4B880227F01C8AE632A892B9E",
  "PInvoke.SetupApi.dll": "1B7AE321185D0081D1759A9AD829F9BA",
  "PInvoke.SHCore.dll": "F27E7F063D51480F6D2294C903E4A606",
  "PInvoke.Shell32.dll": "F71A1BCAF6478190691170DAEA77722F",
  "PInvoke.User32.dll": "8BEDE38311ED4F27127290B81B8079FD",
  "PInvoke.Userenv.dll": "FEB7BCA90B8C905EC2F4BB0789847131",
  "PInvoke.UxTheme.dll": "8E683C016250CB719FDB9AAAFC22B3C5",
  "PInvoke.Windows.Core.dll": "90015440A44935208FFEA9BF61740651",
  "PInvoke.Windows.ShellScalingApi.dll": "F351B34B8C9183A51CADFDC279357C49",
  "PInvoke.WinUsb.dll": "9EB8A0280F2848D1A32B560A939F7336",
  "PInvoke.WtsApi32.dll": "341C94455D2E5893DBE4293D4D67AA4D",
  "Reloaded.Assembler.dll": "A7C4C8DD77297EA409B1C02754B50A8A",
  "Reloaded.Hooks.Definitions.dll": "DB9272EF2EE0FF73F001290FC41BE44A",
  "Reloaded.Hooks.dll": "240336660673F0C66A776CBF7D67953E",
  "Reloaded.Memory.Buffers.dll": "9EF228EC3CF1116F71836FD098FF8D76",
  "Reloaded.Memory.dll": "4754175FAB33B26BD10E707F81BAF554",
  "revision.txt": "F4D0E2E7FC057A58F7CA4A391F01940A",
  "SDL2-CS.config": "65557595FD5DF55D93B2BF881DE62C3A",
  "SDL2-CS.dll": "5AD4DCD58A1DDD6265FC66E36CCC98D1",
  "Serilog.dll": "74A10C565780B1B2F6B444871E97ECFE",
  "Serilog.Sinks.Async.dll": "9661A0ECF09505E02F043C0F6103C2DD",
  "Serilog.Sinks.Console.dll": "D071EA3D268C29F067DA587B18176B17",
  "Serilog.Sinks.File.dll": "A3782173F4DFBE699F9A2287DD2FF713",
  "SharpDX.Direct3D11.dll": "BAEA21ED4DD02D558D18458808B35103",
  "SharpDX.dll": "2B871E1B744F970BE74051EA3D95AF76",
  "SharpDX.DXGI.dll": "69CB4FB642778CAD4BC1BCDB344988F8",
  "SharpDX.Mathematics.dll": "9DD9B9D3BBC51687431D42EC6A62B5C4",
  "Silk.NET.Core.dll": "21BFD5431E991F7CD4D8821F2FFB334F",
  "Silk.NET.GLFW.dll": "7463DEA84C06AC43B3AD998E9101D64E",
  "Silk.NET.Maths.dll": "713DFF0258F082D293AA03004C724A5D",
  "Silk.NET.OpenGL.dll": "06F90F3670D47F3C9BFD0FB75CEC94BC",
  "Silk.NET.SDL.dll": "362499B1D8F88DAB0A63A0A965BC9809",
  "Silk.NET.Windowing.Common.dll": "877C2E14B8CFD6278078CDB00502D5B3",
  "Silk.NET.Windowing.Glfw.dll": "1F7381084B676023576C5D3BD5396328",
  "Silk.NET.Windowing.Sdl.dll": "BE2305B23A40F2F1A762C15590E75DC7",
  "SQLite-net.dll": "72DAD8A31EA1B0B255970DF065BE7895",
  "SQLitePCLRaw.batteries_v2.dll": "63D91378C5D68825CED9A4DAEBD54762",
  "SQLitePCLRaw.core.dll": "3050AC107AD2C23E38F020E14338B448",
  "SQLitePCLRaw.nativelibrary.dll": "CEE809B91424FAAAA63A4DCDF3AD5ABF",
  "SQLitePCLRaw.provider.dynamic_cdecl.dll": "85F8400167DAEB2209DA19A9622E0A9C",
  "StbiSharp.dll": "9364AEB108A151CB17E19FC1172CC4C2",
  "System.Reactive.dll": "EF5A00287AD15393D41B12AA4B726FF7",
  "System.Reflection.MetadataLoadContext.dll": "E88E3AF6D37736F339022C9ACC5F2F7B",
  "System.Security.Cryptography.Pkcs.dll": "8950E01996A37E808BE3F39063C37BF9",
  "TEMP_gitver.txt": "8AD5AF74E6B16D7EFBA2791B9A514A65",
  "TerraFX.Interop.Windows.dll": "84F7EF6B0DE91F8CC23F773D3FD6DEC0",
  "Validation.dll": "699BB9E76BA5BD397DFE524D1510678D"
}
