{
  "runtimes\\alpine-x64\\native\\libe_sqlite3.so": "39C244FEDBCD3DFC37041D4FCE1AE21D",
  "runtimes\\linux-arm\\native\\libe_sqlite3.so": "96CF54BC0EFB83D6E3F5F3E04997A59D",
  "runtimes\\linux-arm64\\native\\libe_sqlite3.so": "F079E55E7F3F9966A4A2052A3234E068",
  "runtimes\\linux-armel\\native\\libe_sqlite3.so": "C5A67D49434FC65D64E9C15778078C76",
  "runtimes\\linux-mips64\\native\\libe_sqlite3.so": "5F8461214089CFC677D46C19B7162161",
  "runtimes\\linux-musl-x64\\native\\libe_sqlite3.so": "39C244FEDBCD3DFC37041D4FCE1AE21D",
  "runtimes\\linux-x64\\native\\libe_sqlite3.so": "6F49C540D3AB9964D67A4A704C3D262D",
  "runtimes\\linux-x86\\native\\libe_sqlite3.so": "5E0659B414CBD6DDC38C65582485853E",
  "runtimes\\osx-x64\\native\\libe_sqlite3.dylib": "F82AE134FCD1C080A69D775591406673",
  "runtimes\\win-arm\\native\\e_sqlite3.dll": "168AF361A18D447482CAA61E1DB98C61",
  "runtimes\\win-arm64\\native\\e_sqlite3.dll": "0B9FDE9A92B5D461BE5E888F4AB9A4A9",
  "runtimes\\win-x64\\native\\e_sqlite3.dll": "C5CCD333B8C83C97002BCF94B6E99714",
  "runtimes\\win-x64\\native\\minhook.x64d.dll": "33FE1FC96BD52DDA11BCC26B2FC2A1AB",
  "runtimes\\win-x86\\native\\e_sqlite3.dll": "A7E1D426D706A2D930228AB53B4D249E",
  "targets\\Dalamud.Plugin.Bootstrap.targets": "C85635161398CD9852CF7212DB7EB904",
  "targets\\Dalamud.Plugin.targets": "394EE2BEC70254F76ABBE2C33F62BBFA",
  "BCnEncoder.dll": "ACDDC28E153765513AFD7228A19CF2D9",
  "BitFaster.Caching.dll": "DB4328239AF3D9D07EC73DCBF38E6057",
  "CheapLoc.dll": "2F60037DE8AFC5B936BA45422ABEC2EE",
  "cimgui.dll": "204F0AB7CACB3D5F7083B25AFCF1B393",
  "cimguizmo.dll": "42515ED1D59D76E5002AD360FAF365BC",
  "cimplot.dll": "95B71D9AED694F47B6C2FDFEAB2F2715",
  "commit_hash.txt": "65D8D4A09BD7940769D822D234DEC298",
  "CommunityToolkit.HighPerformance.dll": "66B64EC334625F2C5D341A45E28EEB43",
  "Dalamud.Bindings.ImGui.dll": "6C66B6CD9A0EF30EC40CF1EC6EE41A21",
  "Dalamud.Bindings.ImGuizmo.dll": "E062FA4E32D06FB056FD100B110AFCF6",
  "Dalamud.Bindings.ImPlot.dll": "491AB6FB3A4AC1063DEBBE3D9A631C90",
  "Dalamud.Boot.dll": "733071FF988942C4D8B4EF3BA4AAC006",
  "Dalamud.Common.dll": "21349CB6FF797310A503B6C40BA0BFF0",
  "Dalamud.deps.json": "5EACD9E71E39884EF5A40245D5362D66",
  "Dalamud.dll": "B1FBAE2524F75FB7B4BDD8CB6AB83DED",
  "Dalamud.Injector.deps.json": "C21972522E8133995B2C9562B3E39983",
  "Dalamud.Injector.dll": "059352D926B3928C8E67D4FE710B7134",
  "Dalamud.Injector.exe": "C966A53C7476D53BA00CEAC718EF2EEA",
  "Dalamud.Injector.runtimeconfig.json": "439C534917CEF268A731631073E50FE4",
  "Dalamud.Injector.xml": "6730B8BB13078B71889B5A56C5DFAC6D",
  "Dalamud.runtimeconfig.json": "CA3935E9C6B9E3300F2D7171E4AF6335",
  "Dalamud.xml": "45ACB099CF3EBA6E7E5A67B977C014FA",
  "DalamudCrashHandler.exe": "FE8B46727DC2ECD2B269DEA0830CEB2E",
  "FASM-LICENSE.TXT": "ECEA1D10811221D5F0A3E96F9C38E2C7",
  "FASM.DLL": "5B27AE633328DFA52A9E187EB98B51DF",
  "FASMX64.DLL": "2A8651E2FF7E5690973ADA1C07E17F37",
  "FFXIVClientStructs.dll": "B50DE04AF6E1A147C94AC90A8BC5FA90",
  "FFXIVClientStructs.xml": "9694F16B071CF2BCA5671DDAFC3617B6",
  "goatcorp.Reloaded.Assembler.targets": "CC22CB0A353E2136EE9E6E96DB9F7164",
  "HexaGen.Runtime.dll": "44D06F52573715B281450AF5422E1272",
  "Iced.dll": "405AEE2E9C43882CBDD3317FE1A3EF28",
  "ImGuiScene.dll": "B9E1105171CD466EB1D11DEB26854C69",
  "InteropGenerator.Runtime.dll": "7922C5897F694CD6A8293D00B9CBBCE1",
  "JetBrains.Annotations.dll": "338CB6CC19A9A16E2554F98618432942",
  "licenses.txt": "A159BE62AA91178EFC3E3983AE874D1D",
  "Lumina.dll": "5BF0FB21B754C399AD6F15DE6FC1EEB0",
  "Lumina.Excel.dll": "44B9BEB6AE480DBF1B2AE6365EAA4E28",
  "Lumina.Excel.xml": "0089FDC0BA0B16ED0696413305959999",
  "Microsoft.Extensions.ObjectPool.dll": "5510583E2B50BE953814615586673C33",
  "MinSharp.dll": "17B3E10BE1796CC76CC7869CA9D9F9AF",
  "Mono.Cecil.dll": "9F023BFFADAB9A1D327F286F887D8A5F",
  "Mono.Cecil.Mdb.dll": "3B19C04639B9FADF3905F0DD255F5690",
  "Mono.Cecil.Pdb.dll": "F0B27FD661323F129235CBEE15B2B414",
  "Mono.Cecil.Rocks.dll": "2D815C6C8C35C28376E49B76EF98C208",
  "nethost.dll": "21F39F71E2F4B5BA9FB3F126872F2F9B",
  "Newtonsoft.Json.dll": "ADF3E3EECDE20B7C9661E9C47106A14A",
  "PeNet.Asn1.dll": "53FF65BF157E7FB50542E6F3840C3E37",
  "PeNet.dll": "AFAA9A3AA0B0F9CF3D67C12B1593FA42",
  "Reloaded.Assembler.dll": "6710E6E78A46F44B150871029E22AE80",
  "Reloaded.Hooks.Definitions.dll": "C2B0BCC0DEDA4349C5A65221751D4CC6",
  "Reloaded.Hooks.dll": "49D7B3B3ABB5F7C59B56693F2726E461",
  "Reloaded.Memory.Buffers.dll": "F5700B37C723A7B32396D2D9F0315757",
  "Reloaded.Memory.dll": "49E2A1EE8401F60A790D90769E1316A0",
  "revision.txt": "6D7D394C9D0C886E9247542E06EBB705",
  "Serilog.dll": "0E97CB684255912C0744D19D9D48C3EE",
  "Serilog.Sinks.Async.dll": "94C4750E06485510CC49E0827CEFA484",
  "Serilog.Sinks.Console.dll": "4D0D2D863882E1A3A08B65755E7E3D47",
  "Serilog.Sinks.File.dll": "6ABD10366CD41B1427F260144CCF19BD",
  "SharpDX.Direct3D11.dll": "FC16249BD6F6BB229276790770A4D8DE",
  "SharpDX.dll": "EFCED12BF81207A7D9863D6BEED45FD0",
  "SharpDX.DXGI.dll": "85A2B54619ADE528A8735CDDC1E7DBD0",
  "SharpDX.Mathematics.dll": "094F6533DE2256BDDC81098E188604DB",
  "SQLite-net.dll": "14810DA2A34D077289BF6E44B534569C",
  "SQLitePCLRaw.batteries_v2.dll": "CF9BC4B6F7F060E97477173F0CA43535",
  "SQLitePCLRaw.core.dll": "336406F5A51B001869D09F1D445CE6BB",
  "SQLitePCLRaw.nativelibrary.dll": "A2D0D49A735DCC485828400044D399FB",
  "SQLitePCLRaw.provider.dynamic_cdecl.dll": "FE6BCF335E688AC321DC157E4BB88024",
  "System.Reactive.dll": "EF5A00287AD15393D41B12AA4B726FF7",
  "System.Reflection.MetadataLoadContext.dll": "E88E3AF6D37736F339022C9ACC5F2F7B",
  "System.Security.Cryptography.Pkcs.dll": "8950E01996A37E808BE3F39063C37BF9",
  "TEMP_gitver.txt": "CA546EE0C7D7C74BABB4A710A6FF06C0",
  "TerraFX.Interop.Windows.dll": "84F7EF6B0DE91F8CC23F773D3FD6DEC0"
}
