{
  "runtimes\\alpine-x64\\native\\libe_sqlite3.so": "39C244FEDBCD3DFC37041D4FCE1AE21D",
  "runtimes\\linux-arm\\native\\libe_sqlite3.so": "96CF54BC0EFB83D6E3F5F3E04997A59D",
  "runtimes\\linux-arm64\\native\\libe_sqlite3.so": "F079E55E7F3F9966A4A2052A3234E068",
  "runtimes\\linux-armel\\native\\libe_sqlite3.so": "C5A67D49434FC65D64E9C15778078C76",
  "runtimes\\linux-mips64\\native\\libe_sqlite3.so": "5F8461214089CFC677D46C19B7162161",
  "runtimes\\linux-musl-x64\\native\\libe_sqlite3.so": "39C244FEDBCD3DFC37041D4FCE1AE21D",
  "runtimes\\linux-x64\\native\\libe_sqlite3.so": "6F49C540D3AB9964D67A4A704C3D262D",
  "runtimes\\linux-x64\\native\\libglfw.so.3": "9E3137144F68B9E9793F4C7AD5B1BEA7",
  "runtimes\\linux-x64\\native\\libSDL2-2.0.so": "99B95A708381FC66AB2370E45A260527",
  "runtimes\\linux-x64\\native\\libstbi.so": "0945355ED59677D06E3E88F48101BB26",
  "runtimes\\linux-x86\\native\\libe_sqlite3.so": "5E0659B414CBD6DDC38C65582485853E",
  "runtimes\\osx-x64\\native\\libe_sqlite3.dylib": "F82AE134FCD1C080A69D775591406673",
  "runtimes\\osx-x64\\native\\libglfw.3.dylib": "1E30FAB2F0C40E82290AD4B0BF14A880",
  "runtimes\\osx-x64\\native\\libSDL2-2.0.dylib": "AAC958490586C67395F0A90903AE3747",
  "runtimes\\osx-x64\\native\\libstbi.dylib": "0B84B0A6A80178266018081C3CAB68E6",
  "runtimes\\win-arm\\native\\e_sqlite3.dll": "4E94F545403195173B4798B9D803CB9F",
  "runtimes\\win-arm64\\native\\e_sqlite3.dll": "C414F630F02FD0CBA9164A1E3B879858",
  "runtimes\\win-x64\\native\\e_sqlite3.dll": "F1AC23B817296CD1AD53973C2BA34800",
  "runtimes\\win-x64\\native\\glfw3.dll": "CF7B01D2D423CB75E57783CBFF6B7AC0",
  "runtimes\\win-x64\\native\\minhook.x64d.dll": "4A9DD219972589F8433FE1A234AAC880",
  "runtimes\\win-x64\\native\\SDL2.dll": "9A7499A0629A445B55AF8548949CF5C0",
  "runtimes\\win-x64\\native\\stbi.dll": "D3FD6B13992E7ED03D16AB2DF8D177EA",
  "runtimes\\win-x64\\native\\stbi.lib": "927C214DE576219E1F80DBE7798A0502",
  "runtimes\\win-x86\\native\\e_sqlite3.dll": "EC30B1D82CC84B68E6A1E1146A1137E1",
  "runtimes\\win-x86\\native\\glfw3.dll": "5A1D6EC82B7CDFD5C336674E07621F45",
  "runtimes\\win-x86\\native\\SDL2.dll": "5C2FA88B810A4389611C5A3C6DBAE67B",
  "targets\\Dalamud.Plugin.Bootstrap.targets": "C85635161398CD9852CF7212DB7EB904",
  "targets\\Dalamud.Plugin.targets": "394EE2BEC70254F76ABBE2C33F62BBFA",
  "BitFaster.Caching.dll": "D7A8CA834904AB76B958525EAE44D568",
  "CheapLoc.dll": "88C502004ECB31D4051D05305674216C",
  "cimgui.dll": "856D0E7C22A73A1429F18F97E31597D7",
  "cimguizmo.dll": "C6C5B840FD5F84CA04B2A3D97E635461",
  "cimplot.dll": "C62B65DA4F72E9E51E1E071F64642D17",
  "commit_hash.txt": "6F6642EBC401A43100347BE6514F9CC0",
  "Dalamud.Boot.dll": "A725B9C895B3299E1E0C7D394C32FBD1",
  "Dalamud.Common.dll": "AF2CB7E4AB29304E8DD1AB8C88D0EE09",
  "Dalamud.deps.json": "EBB8ACF7E8FED90B9186D0F9ADC687A1",
  "Dalamud.dll": "FD82449FCA5707AFBA6B580A16650FC3",
  "Dalamud.Injector.deps.json": "C21972522E8133995B2C9562B3E39983",
  "Dalamud.Injector.dll": "53B55B8D530454B4B12C65C9D9DADF72",
  "Dalamud.Injector.exe": "C058C92A9074339849C33E7EC59131A4",
  "Dalamud.Injector.runtimeconfig.json": "439C534917CEF268A731631073E50FE4",
  "Dalamud.Injector.xml": "6730B8BB13078B71889B5A56C5DFAC6D",
  "Dalamud.runtimeconfig.json": "CA3935E9C6B9E3300F2D7171E4AF6335",
  "Dalamud.xml": "E4AA82131386BCB3F8E40C37F6BC803E",
  "DalamudCrashHandler.exe": "EF8EA10E3CA096D66A370F7C94138E48",
  "FASM-LICENSE.TXT": "ECEA1D10811221D5F0A3E96F9C38E2C7",
  "FASM.DLL": "798DF1D4D44FB3DAD67BF23B6F98CBAE",
  "FASMX64.DLL": "7DA9FC432C2A647C29DFC420FFF205F4",
  "FFXIVClientStructs.dll": "4BC4C11D7033CE60A0F1DC01809EFFDF",
  "FFXIVClientStructs.xml": "1535EB975C95B9B17173082BD48F8779",
  "goatcorp.Reloaded.Assembler.targets": "CC22CB0A353E2136EE9E6E96DB9F7164",
  "Iced.dll": "9D33E360E045D21BECF0BF674C58BAA1",
  "ImGui.NET.dll": "69A21C8B26E30E357AD4767A6C053D8C",
  "ImGuiScene.dll": "18055A2A8AD8EC1C377D31536EF507B4",
  "InteropGenerator.Runtime.dll": "81E046E1682F7BB778E323DE7F0CE551",
  "JetBrains.Annotations.dll": "8DBD3FA900783DC1645B10B8425823C6",
  "licenses.txt": "A159BE62AA91178EFC3E3983AE874D1D",
  "Lumina.dll": "0E5A2BAF89912397F38B5A76F431A2F3",
  "Lumina.Excel.dll": "4B67C0235B09F6DD856F6A711E8496A5",
  "Microsoft.Bcl.HashCode.dll": "613AB56061ADF2284E047025207467E0",
  "Microsoft.DotNet.PlatformAbstractions.dll": "00AB0F02B1114C57C758F5AD595224F1",
  "Microsoft.Extensions.DependencyModel.dll": "F39BC76C10CFEA478C936FC4521A9FC9",
  "Microsoft.Extensions.ObjectPool.dll": "B0558CE087EAE95853E35579300F3A77",
  "MinSharp.dll": "D3782F2F912E82FDE4AC7FB3E56F843A",
  "Mono.Cecil.dll": "E9CDEC3260231317EFC4A4DEE32D9090",
  "Mono.Cecil.Mdb.dll": "E192EA842229AE20B2EED6CE6DF3A2E4",
  "Mono.Cecil.Pdb.dll": "DF8328050302E03C738ACB90013A7F50",
  "Mono.Cecil.Rocks.dll": "32C46291306EE939BAD305FF2AC8667A",
  "nethost.dll": "21F39F71E2F4B5BA9FB3F126872F2F9B",
  "Newtonsoft.Json.dll": "ADF3E3EECDE20B7C9661E9C47106A14A",
  "PeNet.Asn1.dll": "C06A9FE06F8C13954D3FC98339DADBDA",
  "PeNet.dll": "B03F1A00345989FF3831B56F0036EDEE",
  "PInvoke.AdvApi32.dll": "34EE461D05B403C3A15D0DEC32A3788C",
  "PInvoke.BCrypt.dll": "FD07758EE1440491F22923084109FF26",
  "PInvoke.Cabinet.dll": "333D950E3804735DA60CC41D614C63E2",
  "PInvoke.CfgMgr32.dll": "768BE7CC18EDCF78B296A72ABE891691",
  "PInvoke.Crypt32.dll": "E7B00B0851738F4A7F2C6D37DAA973B4",
  "PInvoke.DbgHelp.dll": "E701136169620D20E3A70B560DE20E44",
  "PInvoke.DwmApi.dll": "ACF223CC8962404056648815B486F7D9",
  "PInvoke.Gdi32.dll": "69FF434826F98582CE44D3136ECFFACB",
  "PInvoke.Hid.dll": "2E7A41257F8AD9B26073181F450CD8E5",
  "PInvoke.ImageHlp.dll": "79BE816E8D86EA66489D7780DD675D49",
  "PInvoke.IPHlpApi.dll": "E949FA3326D1BA8872B179AB4EE49D38",
  "PInvoke.Kernel32.dll": "234E15B122ED430DE99490CA1A204958",
  "PInvoke.Magnification.dll": "C9EA3D34F506741ECC044DB19C151F09",
  "PInvoke.Msi.dll": "69EE50CE2DA6B55755E52589F49A7EBC",
  "PInvoke.NCrypt.dll": "DA1DE76C14D99370CA3BEF19DC299B15",
  "PInvoke.NetApi32.dll": "AE79F9FA2E3864A5E0642AE4622ECDC5",
  "PInvoke.NewDev.dll": "B3E1992105D986EF9C5C8E4B630FBB07",
  "PInvoke.NTDll.dll": "3F6BDF840EB27DD0FD9EB8071822183A",
  "PInvoke.Ole32.dll": "3C49FB100B60519FFE725BCD12A538F6",
  "PInvoke.Psapi.dll": "A7683EE4B880227F01C8AE632A892B9E",
  "PInvoke.SetupApi.dll": "1B7AE321185D0081D1759A9AD829F9BA",
  "PInvoke.SHCore.dll": "F27E7F063D51480F6D2294C903E4A606",
  "PInvoke.Shell32.dll": "F71A1BCAF6478190691170DAEA77722F",
  "PInvoke.User32.dll": "8BEDE38311ED4F27127290B81B8079FD",
  "PInvoke.Userenv.dll": "FEB7BCA90B8C905EC2F4BB0789847131",
  "PInvoke.UxTheme.dll": "8E683C016250CB719FDB9AAAFC22B3C5",
  "PInvoke.Windows.Core.dll": "90015440A44935208FFEA9BF61740651",
  "PInvoke.Windows.ShellScalingApi.dll": "F351B34B8C9183A51CADFDC279357C49",
  "PInvoke.WinUsb.dll": "9EB8A0280F2848D1A32B560A939F7336",
  "PInvoke.WtsApi32.dll": "341C94455D2E5893DBE4293D4D67AA4D",
  "Reloaded.Assembler.dll": "6BF9072FC0415732F0F0DD59E1309853",
  "Reloaded.Hooks.Definitions.dll": "245FB9B7FC1E06157C4F890099978C79",
  "Reloaded.Hooks.dll": "4D8825AF52F471592AC22B1CEAE7F738",
  "Reloaded.Memory.Buffers.dll": "860BD49B9CA9E9989DA6B7752CF0C4B4",
  "Reloaded.Memory.dll": "F18FAD723D6B28F4E4FD3948864AEF4B",
  "revision.txt": "FE256FAF97C200DE0F7486DDF56C02F6",
  "SDL2-CS.config": "65557595FD5DF55D93B2BF881DE62C3A",
  "SDL2-CS.dll": "13845300A7E4508C29CCBE91650A8FBE",
  "Serilog.dll": "AC572F11135A59E45381197369F5D1AA",
  "Serilog.Sinks.Async.dll": "F1B83A448B5DB576979488D2B334B9CD",
  "Serilog.Sinks.Console.dll": "2A7CB9AD75701255FAA9778736479D37",
  "Serilog.Sinks.File.dll": "73D504ADC983A1A72A563EF3539B523F",
  "SharpDX.Direct3D11.dll": "E2763CDB07AAE1C5E6AC904AB7324AF5",
  "SharpDX.dll": "0DD3AAAEAB88CD64F339762AF26B58F2",
  "SharpDX.DXGI.dll": "1ABA20DA1E77F7F3236473C588AA4346",
  "SharpDX.Mathematics.dll": "5DA60C694A5C696A731D3A1D4E824152",
  "Silk.NET.Core.dll": "93362055DB722774E2D9D8F9FB475211",
  "Silk.NET.GLFW.dll": "4AD8F077AB0BB7A2DF86662FEE0CE7AC",
  "Silk.NET.Maths.dll": "57FB28FB668810DF5FBA79114BFCDCA4",
  "Silk.NET.OpenGL.dll": "52B110D997CA63C782A7B77AFB0006CE",
  "Silk.NET.SDL.dll": "6DAFF46CDAF51EFE24558A460024794C",
  "Silk.NET.Windowing.Common.dll": "943760AD1EE761EFDB39F86141C96CC7",
  "Silk.NET.Windowing.Glfw.dll": "D300ADC831B985098BCB569B5ECA8B68",
  "Silk.NET.Windowing.Sdl.dll": "4A4910316ADFA1A67FAEF083485709A5",
  "SQLite-net.dll": "258D81AC5BF6F4161F8CB32E219E2283",
  "SQLitePCLRaw.batteries_v2.dll": "D092EF3B720FA267F80567002BB2448A",
  "SQLitePCLRaw.core.dll": "3D23CCD60524AB94633416A32B30E643",
  "SQLitePCLRaw.nativelibrary.dll": "CC9BF88B0E46C304BB9AB3E7494477BD",
  "SQLitePCLRaw.provider.dynamic_cdecl.dll": "BCDE261A8C2AAC0BC0DE01A8EF7F90D6",
  "StbiSharp.dll": "6A32B3C0639D3A8DFF71887972159665",
  "System.Reactive.dll": "EF5A00287AD15393D41B12AA4B726FF7",
  "System.Reflection.MetadataLoadContext.dll": "E88E3AF6D37736F339022C9ACC5F2F7B",
  "System.Security.Cryptography.Pkcs.dll": "8950E01996A37E808BE3F39063C37BF9",
  "TEMP_gitver.txt": "321938E9A288536C873466E923C33317",
  "TerraFX.Interop.Windows.dll": "84F7EF6B0DE91F8CC23F773D3FD6DEC0",
  "Validation.dll": "D9AAA7C6D50FFF28EA762202C2BAE2EB"
}
