{
  "runtimes\\alpine-x64\\native\\libe_sqlite3.so": "39C244FEDBCD3DFC37041D4FCE1AE21D",
  "runtimes\\linux-arm\\native\\libe_sqlite3.so": "96CF54BC0EFB83D6E3F5F3E04997A59D",
  "runtimes\\linux-arm64\\native\\libe_sqlite3.so": "F079E55E7F3F9966A4A2052A3234E068",
  "runtimes\\linux-armel\\native\\libe_sqlite3.so": "C5A67D49434FC65D64E9C15778078C76",
  "runtimes\\linux-mips64\\native\\libe_sqlite3.so": "5F8461214089CFC677D46C19B7162161",
  "runtimes\\linux-musl-x64\\native\\libe_sqlite3.so": "39C244FEDBCD3DFC37041D4FCE1AE21D",
  "runtimes\\linux-x64\\native\\libe_sqlite3.so": "6F49C540D3AB9964D67A4A704C3D262D",
  "runtimes\\linux-x86\\native\\libe_sqlite3.so": "5E0659B414CBD6DDC38C65582485853E",
  "runtimes\\osx-x64\\native\\libe_sqlite3.dylib": "F82AE134FCD1C080A69D775591406673",
  "runtimes\\win-arm\\native\\e_sqlite3.dll": "8D6016A2771E49BAD3F2770F524C08BE",
  "runtimes\\win-arm64\\native\\e_sqlite3.dll": "A9DF70FA6C6C8EE41BE0F849145F16D9",
  "runtimes\\win-x64\\native\\e_sqlite3.dll": "8D0846D85431FE72F5FDBF69182496FC",
  "runtimes\\win-x64\\native\\minhook.x64d.dll": "F7ADD10C22B5EC5B6F90A469F570B39E",
  "runtimes\\win-x86\\native\\e_sqlite3.dll": "AB2F8D1315C1A93BE627D4CDFEA10533",
  "targets\\Dalamud.Plugin.Bootstrap.targets": "C85635161398CD9852CF7212DB7EB904",
  "targets\\Dalamud.Plugin.targets": "394EE2BEC70254F76ABBE2C33F62BBFA",
  "BCnEncoder.dll": "D2D7150F7A0B3C516723D55F66E75138",
  "BitFaster.Caching.dll": "4DF683C06527D44AF9901022497BDC23",
  "CheapLoc.dll": "FE0951809273084CDB222615A02400A7",
  "cimgui.dll": "1A2B27C3A2A5FE0153A6F79B9D27C811",
  "cimguizmo.dll": "240EA369072A20A16FA053A7EAAAC1C4",
  "cimplot.dll": "CB5550E22E7B2E101BAA714D5E04CEBB",
  "commit_hash.txt": "502018720678444FD0960AB5643E3172",
  "CommunityToolkit.HighPerformance.dll": "66B64EC334625F2C5D341A45E28EEB43",
  "Dalamud.Bindings.ImGui.dll": "AF139B9F4A142D0C6A4FA178B8ED166F",
  "Dalamud.Bindings.ImGuizmo.dll": "CAE5CFC60BA680CDD14F886432E012DA",
  "Dalamud.Bindings.ImPlot.dll": "1E9C0E9A01AFF3AD6408601DD935191C",
  "Dalamud.Boot.dll": "13FC50EE74E1D325B4E5607B86221DB3",
  "Dalamud.Common.dll": "9C8753186EF7E24DEEB9F6E3E49B29EF",
  "Dalamud.deps.json": "E3EA45F0074DA63C5DBE0C0491FD67C9",
  "Dalamud.dll": "8BE3CFDD216C35712F8BE97911224BD6",
  "Dalamud.Injector.deps.json": "AE17A723819E88058C70AA4BDA14CA37",
  "Dalamud.Injector.dll": "F8FA3F102E4C9C8176DDB454479BCF73",
  "Dalamud.Injector.exe": "C5373C990EE68D21CABEC928AE18E0A3",
  "Dalamud.Injector.runtimeconfig.json": "439C534917CEF268A731631073E50FE4",
  "Dalamud.Injector.xml": "07EC7B68C97460A1C8275C75BE82FAA9",
  "Dalamud.runtimeconfig.json": "CA3935E9C6B9E3300F2D7171E4AF6335",
  "Dalamud.xml": "5371D42260A85498C1DF05286983EF94",
  "DalamudCrashHandler.exe": "C973A45AB8EDD1B088D367060341AB44",
  "FASM-LICENSE.TXT": "ECEA1D10811221D5F0A3E96F9C38E2C7",
  "FASM.DLL": "4DF17A91D7D902E45C94A69E919825DE",
  "FASMX64.DLL": "E40CF198A520EAAC830105B56D1D94B7",
  "FFXIVClientStructs.dll": "BF94EC4D7A4FEB56B9E3CAB744ED6DD5",
  "FFXIVClientStructs.xml": "1CE8BE4E1F2A63CE1DB462E6639BF98F",
  "goatcorp.Reloaded.Assembler.dll": "48632F575259962D41D08C323710134A",
  "goatcorp.Reloaded.Assembler.targets": "CC22CB0A353E2136EE9E6E96DB9F7164",
  "goatcorp.Reloaded.Hooks.dll": "229DBADE5C984D9632A6E42E2270ECEC",
  "goatcorp.Reloaded.Memory.Buffers.dll": "2B798832B937D389380845F04952AE84",
  "HexaGen.Runtime.dll": "B216B8A969903F2F85DD7E7A1C59884D",
  "Iced.dll": "04B9F7DA6D25FB9CAFC0F3582F2B7688",
  "ImGuiScene.dll": "DFC2C8C58065039D98726272955064C7",
  "InteropGenerator.Runtime.dll": "43A2ABFA806C0665093E2FC399A407BB",
  "JetBrains.Annotations.dll": "40E1ECA4F6B24474788148F1B0C89AD9",
  "licenses.txt": "A159BE62AA91178EFC3E3983AE874D1D",
  "Lumina.dll": "746D41AAA1CF8AAC3C999805420AD006",
  "Lumina.Excel.dll": "8AED551AF3726625C22BF80B66EB9E04",
  "Lumina.Excel.xml": "3D3B7AD224A8A04B92B2B311FB8DA535",
  "Microsoft.Extensions.ObjectPool.dll": "5510583E2B50BE953814615586673C33",
  "MinSharp.dll": "70677D0EF79EED5D8D7453A42D3C330C",
  "Mono.Cecil.dll": "14B72ED170A12A7221267FD4E4E22817",
  "Mono.Cecil.Mdb.dll": "486B831A8EB7B179CAFEA2DEC77AF456",
  "Mono.Cecil.Pdb.dll": "DCB94E59B30CF9FBBA1B883EF019F365",
  "Mono.Cecil.Rocks.dll": "C6C48449AE272C0DE59C454E66AAEB44",
  "nethost.dll": "21F39F71E2F4B5BA9FB3F126872F2F9B",
  "Newtonsoft.Json.dll": "ADF3E3EECDE20B7C9661E9C47106A14A",
  "PeNet.Asn1.dll": "BBBE68D1265D1C1F039B3B6D4E944F37",
  "PeNet.dll": "C819891FE78592C9C7DE1EAE63218089",
  "Reloaded.Hooks.Definitions.dll": "3C8CA50374209DFCDB1C895DADD06F00",
  "Reloaded.Memory.Buffers.dll": "CCD1DA82500A86B860C0B0E01C929D94",
  "Reloaded.Memory.dll": "4D94692A5C121E2730A59604BC8BA208",
  "revision.txt": "07B2EE9F02D5E6E8894377AFB4FEED32",
  "Serilog.dll": "CFCFFA5AE5A867A1EB4ABB0727CAF17D",
  "Serilog.Sinks.Async.dll": "ADB8C0BC59B05E71A09B9B20E86CF029",
  "Serilog.Sinks.Console.dll": "DC94F1E274EDF4C644776A396EF9E00F",
  "Serilog.Sinks.File.dll": "EF6B7278549075C46F2E8465DACB77AE",
  "SharpDX.Direct3D11.dll": "A337B629F81C62875F503A56F2558121",
  "SharpDX.dll": "71EB34541988EED087D0C04E38E1863C",
  "SharpDX.DXGI.dll": "587ADDAF1F61B425AEFD29D8ABCA5372",
  "SharpDX.Mathematics.dll": "C52BE730525A1852859BAD9EB1E2DDC7",
  "SQLite-net.dll": "1A3993B69EC299B31F6E655AEA2D906E",
  "SQLitePCLRaw.batteries_v2.dll": "C6047C6E24842A1983E9E6264C39E26A",
  "SQLitePCLRaw.core.dll": "9F7A4702862B5709A3E4E0FCDA9911C4",
  "SQLitePCLRaw.nativelibrary.dll": "7771B310CCF9B8823A2314D947C505B3",
  "SQLitePCLRaw.provider.dynamic_cdecl.dll": "DDFC40FA4C8A9104EC6455F51F102F42",
  "System.Reactive.dll": "EF5A00287AD15393D41B12AA4B726FF7",
  "System.Reflection.MetadataLoadContext.dll": "E88E3AF6D37736F339022C9ACC5F2F7B",
  "System.Security.Cryptography.Pkcs.dll": "8950E01996A37E808BE3F39063C37BF9",
  "TEMP_gitver.txt": "CD8E9E91190A62733A58D628882EFF52",
  "TerraFX.Interop.Windows.dll": "84F7EF6B0DE91F8CC23F773D3FD6DEC0"
}
