{
  "runtimes\\alpine-arm\\native\\libe_sqlite3.so": "87AF85204A246154501382901F3F6812",
  "runtimes\\alpine-arm64\\native\\libe_sqlite3.so": "CD4B9AAB53400EFE96ABC32B339A866A",
  "runtimes\\alpine-x64\\native\\libe_sqlite3.so": "6C9D6E34F1E932668237404D6EB6FC66",
  "runtimes\\browser-wasm\\nativeassets\\net7.0\\e_sqlite3.a": "E25518AC5EAD5E787448F3258236888E",
  "runtimes\\linux-arm\\native\\libe_sqlite3.so": "B8DA0DB6A447B5CCE98207F6A250FB84",
  "runtimes\\linux-arm64\\native\\libe_sqlite3.so": "A888898B38395A15F2DE200BAA8B486F",
  "runtimes\\linux-armel\\native\\libe_sqlite3.so": "54F3F4183B81387F7928ED0BB9B67B32",
  "runtimes\\linux-mips64\\native\\libe_sqlite3.so": "D56886A2E2F081CDEA1621BB18132764",
  "runtimes\\linux-musl-arm\\native\\libe_sqlite3.so": "87AF85204A246154501382901F3F6812",
  "runtimes\\linux-musl-arm64\\native\\libe_sqlite3.so": "CD4B9AAB53400EFE96ABC32B339A866A",
  "runtimes\\linux-musl-x64\\native\\libe_sqlite3.so": "6C9D6E34F1E932668237404D6EB6FC66",
  "runtimes\\linux-s390x\\native\\libe_sqlite3.so": "CB751CC76F280849C0E2F718D6784E69",
  "runtimes\\linux-x64\\native\\libe_sqlite3.so": "30098E7FAEB947BF5A5AE2FDB34E4461",
  "runtimes\\linux-x86\\native\\libe_sqlite3.so": "68872BD5071077981504636C2353EAA8",
  "runtimes\\maccatalyst-arm64\\native\\libe_sqlite3.dylib": "B2597C8799A6D21E5B98DB28C9C725FD",
  "runtimes\\maccatalyst-x64\\native\\libe_sqlite3.dylib": "19DCF2A64A7B5D1B8C7705AC809653A5",
  "runtimes\\osx-arm64\\native\\libe_sqlite3.dylib": "FB6D0058E0E849FA8715911B49790350",
  "runtimes\\osx-x64\\native\\libe_sqlite3.dylib": "DE5735102E730C1518C029DB3A0040A9",
  "runtimes\\win-arm\\native\\e_sqlite3.dll": "59E71FD5C4C5662E5FC880169048761B",
  "runtimes\\win-arm64\\native\\e_sqlite3.dll": "2E8538ABCBE85C0484963DBAEB7D3535",
  "runtimes\\win-x64\\native\\e_sqlite3.dll": "D5C07B9801B1BBD7AE9C2C1F95CBEA12",
  "runtimes\\win-x64\\native\\minhook.x64d.dll": "75C25D7DF426B5E0F9421CA9E3DFF828",
  "runtimes\\win-x86\\native\\e_sqlite3.dll": "DB4354CDF07B8B41001125184C2BB40E",
  "BCnEncoder.dll": "A93ADFB5DFDE4F4525C438F467DC899C",
  "BitFaster.Caching.dll": "F848CF298094D0DAC0E46AFD3C6A2869",
  "CheapLoc.dll": "934113C915DDE9FF31E68932F497A8D3",
  "cimgui.dll": "62E48B3A945D9DFC6BCCBBFD36907437",
  "cimguizmo.dll": "18723BA31AA3A17B0B1FD11081D3D1C4",
  "cimplot.dll": "CC1F11899C6FC908DA7457441A02E21B",
  "commit_hash.txt": "99F5CD1502B4C8BF8E921446B4312C58",
  "CommunityToolkit.HighPerformance.dll": "66B64EC334625F2C5D341A45E28EEB43",
  "Dalamud.Bindings.ImGui.dll": "24B6A4F01D64F9CB35BBB4C2B927C101",
  "Dalamud.Bindings.ImGuizmo.dll": "D2324EA9FAC5854F78D910955420B58E",
  "Dalamud.Bindings.ImPlot.dll": "C25E2E83685540C9BBEAE634B046834E",
  "Dalamud.Boot.dll": "61798842C7548C0F16B91EF724599CD1",
  "Dalamud.Common.dll": "3E484DA096CDF9DA3C22A39A063C3EA5",
  "Dalamud.deps.json": "DEA374250B8D5B93A412DFA2041292D1",
  "Dalamud.dll": "577FD102A01F3084B1AA3904E4833D6C",
  "Dalamud.Injector.deps.json": "28C3C412E18C8E21BCEC052CCAF9CE11",
  "Dalamud.Injector.dll": "6A290C66BE0F11E687508674EEB805B7",
  "Dalamud.Injector.exe": "A04193EFAD6940666DDBA660EB8AD26A",
  "Dalamud.Injector.runtimeconfig.json": "481C4D4F6151485203242D25F632FCC5",
  "Dalamud.Injector.xml": "573870DEB8A9854EC20203EDE9D78425",
  "Dalamud.runtimeconfig.json": "9DB7F0D7C94CA1AA6CA3ACFA6F93A1D8",
  "Dalamud.xml": "0ACC33FCF5553DFCB568BCE3203DA958",
  "DalamudCrashHandler.exe": "A8A48158F2407F104640A4BC26998DCD",
  "FFXIVClientStructs.dll": "B0F09A7D81EC4109196C2A479DF71040",
  "FFXIVClientStructs.xml": "E35A1CC03851D3924FAAA88E4C7DB339",
  "goatcorp.Reloaded.Hooks.dll": "629E3E2E8772327042011FDC3DBCEF9A",
  "goatcorp.Reloaded.Memory.Buffers.dll": "39658235E85B2D6ECF58AB10C99C8CB6",
  "HexaGen.Runtime.dll": "89DEFBAA0CFECEEC93169B1A537614ED",
  "Iced.dll": "75B3589207BF74B29FCAD923BC861317",
  "ImGuiScene.dll": "B97D5525DA671FBD561AFA695BA97782",
  "InteropGenerator.Runtime.dll": "23C49AA9FA3BCF4F144340F34CD9F0DE",
  "JetBrains.Annotations.dll": "D334483DFBCF8BE6062277E1FB3B94F3",
  "licenses.txt": "A159BE62AA91178EFC3E3983AE874D1D",
  "Lumina.dll": "A783BE39A7D8063A5E244147C9E870D1",
  "Lumina.Excel.dll": "C71CD3815B4F303AEABB2CEBE4BA3EFC",
  "Lumina.Excel.xml": "AEE3C28A2AE7FBEC7B9B5685FA0F569D",
  "Microsoft.Extensions.ObjectPool.dll": "CB2B8426DF93B062B631BC85B3369BED",
  "MinSharp.dll": "EB712CF85B0927527A97CACB710EA69A",
  "Mono.Cecil.dll": "44F7D2E80F4A74414E25EEA12A828989",
  "Mono.Cecil.Mdb.dll": "69C8969DCB3E241C9C4C6EE30FE4C747",
  "Mono.Cecil.Pdb.dll": "AC058D8708CC8CF1752BCA2A686E97B3",
  "Mono.Cecil.Rocks.dll": "33319D9342E1D495026FEAAC5D197ACD",
  "nethost.dll": "21F39F71E2F4B5BA9FB3F126872F2F9B",
  "Newtonsoft.Json.dll": "C252FE44B67A08E6DAB4EADE3764DB49",
  "PeNet.Asn1.dll": "BFCFE9D1A76CD4F2DD55FD0D7601A826",
  "PeNet.dll": "28D769CD6E210854D564424C13B83491",
  "Reloaded.Hooks.Definitions.dll": "282D70C7694F41EADB7D211DEE9E67E6",
  "Reloaded.Memory.Buffers.dll": "FB13871879A294C04461E830F2BCE517",
  "Reloaded.Memory.dll": "518DFD2B7B2E717A022FB290301A849A",
  "revision.txt": "34E157766F31DB3D2099831D348A7933",
  "Serilog.dll": "6469588DACAF76FA706C115C4E11CE41",
  "Serilog.Sinks.Async.dll": "2F6D8B96BF2AFD2698266177F397D546",
  "Serilog.Sinks.Console.dll": "A764DFC52B0BFAF6759230177BB77151",
  "Serilog.Sinks.File.dll": "0AB8EA1101311FD7AAF5B4C10588B07D",
  "SQLite-net.dll": "879AD02BD351AA1EDD77BB77AFC80585",
  "SQLitePCLRaw.batteries_v2.dll": "B22C20D8BDD71012429641BB613DAB88",
  "SQLitePCLRaw.core.dll": "4021492F89ACE9B10A6375D5B90ED95C",
  "SQLitePCLRaw.provider.e_sqlite3.dll": "E602075E8C684C4B3A598BABBAA2D10D",
  "System.Reactive.dll": "C6016588304D55406E3D1C2FA7D42903",
  "System.Reflection.MetadataLoadContext.dll": "284C720DEE2524BCF10DD1B5648AA303",
  "System.Security.Cryptography.Pkcs.dll": "17945B2BF07D9377E36AD3EBE69FF693",
  "TEMP_gitver.txt": "9DF1E81A851E8CF10E7AED7E67841CC0",
  "TerraFX.Interop.Windows.dll": "C75D06E77DE5A095D45676A81CDE0DC9"
}
