{
  "runtimes\\alpine-x64\\native\\libe_sqlite3.so": "39C244FEDBCD3DFC37041D4FCE1AE21D",
  "runtimes\\linux-arm\\native\\libe_sqlite3.so": "96CF54BC0EFB83D6E3F5F3E04997A59D",
  "runtimes\\linux-arm64\\native\\libe_sqlite3.so": "F079E55E7F3F9966A4A2052A3234E068",
  "runtimes\\linux-armel\\native\\libe_sqlite3.so": "C5A67D49434FC65D64E9C15778078C76",
  "runtimes\\linux-mips64\\native\\libe_sqlite3.so": "5F8461214089CFC677D46C19B7162161",
  "runtimes\\linux-musl-x64\\native\\libe_sqlite3.so": "39C244FEDBCD3DFC37041D4FCE1AE21D",
  "runtimes\\linux-x64\\native\\libe_sqlite3.so": "6F49C540D3AB9964D67A4A704C3D262D",
  "runtimes\\linux-x64\\native\\libglfw.so.3": "9E3137144F68B9E9793F4C7AD5B1BEA7",
  "runtimes\\linux-x64\\native\\libSDL2-2.0.so": "99B95A708381FC66AB2370E45A260527",
  "runtimes\\linux-x64\\native\\libstbi.so": "0945355ED59677D06E3E88F48101BB26",
  "runtimes\\linux-x86\\native\\libe_sqlite3.so": "5E0659B414CBD6DDC38C65582485853E",
  "runtimes\\osx-x64\\native\\libe_sqlite3.dylib": "F82AE134FCD1C080A69D775591406673",
  "runtimes\\osx-x64\\native\\libglfw.3.dylib": "1E30FAB2F0C40E82290AD4B0BF14A880",
  "runtimes\\osx-x64\\native\\libSDL2-2.0.dylib": "AAC958490586C67395F0A90903AE3747",
  "runtimes\\osx-x64\\native\\libstbi.dylib": "0B84B0A6A80178266018081C3CAB68E6",
  "runtimes\\win-arm\\native\\e_sqlite3.dll": "3E496817597855726677EFB800E752AA",
  "runtimes\\win-arm64\\native\\e_sqlite3.dll": "BCBF7AAF417219C14E6CB6E8398E2FF9",
  "runtimes\\win-x64\\native\\e_sqlite3.dll": "26E5EC447BBC95D7D158464B5237EC51",
  "runtimes\\win-x64\\native\\glfw3.dll": "22D0296295E3F44EA59D39B2118E2719",
  "runtimes\\win-x64\\native\\minhook.x64d.dll": "04B4302DE79A7D913D2A70CDBB8F08A2",
  "runtimes\\win-x64\\native\\SDL2.dll": "F4731FFAB66C639FD3C3E590EB822B7E",
  "runtimes\\win-x64\\native\\stbi.dll": "027FE0D4FDB0C5E3FE1DD54AF136680F",
  "runtimes\\win-x64\\native\\stbi.lib": "927C214DE576219E1F80DBE7798A0502",
  "runtimes\\win-x86\\native\\e_sqlite3.dll": "4C8A6FB78339CEB297341AB960DD38E7",
  "runtimes\\win-x86\\native\\glfw3.dll": "9FC94EB2856953E79CD9042741F60DEC",
  "runtimes\\win-x86\\native\\SDL2.dll": "D36A0F96D1FD9CF19188D5BE1E270BBD",
  "targets\\Dalamud.Plugin.Bootstrap.targets": "C85635161398CD9852CF7212DB7EB904",
  "targets\\Dalamud.Plugin.targets": "394EE2BEC70254F76ABBE2C33F62BBFA",
  "BitFaster.Caching.dll": "6651A6FFAF88EB8EDBEC629E1C11C5FA",
  "CheapLoc.dll": "E236488E2FCBC24B3C73CF948BF7ACC8",
  "cimgui.dll": "006F85DE544D9E8525394F407AAB406A",
  "cimguizmo.dll": "24A1257631002ED2D7174D9860A42C1F",
  "cimplot.dll": "DE4258E110D1A25F6CCDD048ED2CE8C3",
  "commit_hash.txt": "BAE7AD15C733DD252637A2C9942F2358",
  "Dalamud.Boot.dll": "7748A54344EDC315449E87F761F5FF6F",
  "Dalamud.Common.dll": "D86DE0269ACE89AD8682037110369A3F",
  "Dalamud.deps.json": "15E85264EA7618298B1834C617C281CD",
  "Dalamud.dll": "F0D6841FAF2B1C8336434EE33BF52030",
  "Dalamud.Injector.deps.json": "C21972522E8133995B2C9562B3E39983",
  "Dalamud.Injector.dll": "8247ABF807815CB5858EF853172FBC72",
  "Dalamud.Injector.exe": "6E907A97CB0BD6EE33CE3B13826184E5",
  "Dalamud.Injector.runtimeconfig.json": "439C534917CEF268A731631073E50FE4",
  "Dalamud.Injector.xml": "6730B8BB13078B71889B5A56C5DFAC6D",
  "Dalamud.runtimeconfig.json": "CA3935E9C6B9E3300F2D7171E4AF6335",
  "Dalamud.xml": "17621E9A08E7336E9777A6E2EC30DED6",
  "DalamudCrashHandler.exe": "3E2F01EDF54D3755A31186A72D71D856",
  "FASM-LICENSE.TXT": "ECEA1D10811221D5F0A3E96F9C38E2C7",
  "FASM.DLL": "E9C4E2794DA2FE1DB849E2A5DE99F9E8",
  "FASMX64.DLL": "3F37FC837BA527C4402723C1A865DC11",
  "FFXIVClientStructs.dll": "C7A3432C938CF7DCEA3C44BFEB4EAC8A",
  "FFXIVClientStructs.xml": "6DA9E4BFE90A8E57A0605E292DE68642",
  "goaaats.Reloaded.Assembler.targets": "CC22CB0A353E2136EE9E6E96DB9F7164",
  "Iced.dll": "1D4847B25F897F64805E84E2C8133268",
  "ImGui.NET.dll": "34B614A6F44F14D23E4D788FE1E96F34",
  "ImGuiScene.dll": "311DDA6DB2BF71E0A251A33FB8C90B78",
  "InteropGenerator.Runtime.dll": "4B8844FCEED33B84F9C7EEB53B035D1B",
  "JetBrains.Annotations.dll": "EF0AA3BFB681BB1BAD93744F66E14EB6",
  "licenses.txt": "A159BE62AA91178EFC3E3983AE874D1D",
  "Lumina.dll": "A519A81818FB0F5ADBADCD1886F9B243",
  "Lumina.Excel.dll": "80669D1D7E3D786D89CA9495ADEAB816",
  "Microsoft.Bcl.HashCode.dll": "613AB56061ADF2284E047025207467E0",
  "Microsoft.DotNet.PlatformAbstractions.dll": "00AB0F02B1114C57C758F5AD595224F1",
  "Microsoft.Extensions.DependencyModel.dll": "F39BC76C10CFEA478C936FC4521A9FC9",
  "Microsoft.Extensions.ObjectPool.dll": "B0558CE087EAE95853E35579300F3A77",
  "MinSharp.dll": "77B0C62AF08251D9EF05A97767355152",
  "Mono.Cecil.dll": "73EAC0B675ABC644BFC9F16F394C95EE",
  "Mono.Cecil.Mdb.dll": "F9B5C438265AEECA379345D51330F546",
  "Mono.Cecil.Pdb.dll": "55675C1DD9BFE2A5D7390DA48139B479",
  "Mono.Cecil.Rocks.dll": "4BF8C12D6638D748BD1649FA58C46EE3",
  "nethost.dll": "21F39F71E2F4B5BA9FB3F126872F2F9B",
  "Newtonsoft.Json.dll": "ADF3E3EECDE20B7C9661E9C47106A14A",
  "PeNet.Asn1.dll": "1C1F8A42E6B80E985F005E0174C8A7EA",
  "PeNet.dll": "FCDEF30516F270159D7EFE1FF8BA1E16",
  "PInvoke.AdvApi32.dll": "34EE461D05B403C3A15D0DEC32A3788C",
  "PInvoke.BCrypt.dll": "FD07758EE1440491F22923084109FF26",
  "PInvoke.Cabinet.dll": "333D950E3804735DA60CC41D614C63E2",
  "PInvoke.CfgMgr32.dll": "768BE7CC18EDCF78B296A72ABE891691",
  "PInvoke.Crypt32.dll": "E7B00B0851738F4A7F2C6D37DAA973B4",
  "PInvoke.DbgHelp.dll": "E701136169620D20E3A70B560DE20E44",
  "PInvoke.DwmApi.dll": "ACF223CC8962404056648815B486F7D9",
  "PInvoke.Gdi32.dll": "69FF434826F98582CE44D3136ECFFACB",
  "PInvoke.Hid.dll": "2E7A41257F8AD9B26073181F450CD8E5",
  "PInvoke.ImageHlp.dll": "79BE816E8D86EA66489D7780DD675D49",
  "PInvoke.IPHlpApi.dll": "E949FA3326D1BA8872B179AB4EE49D38",
  "PInvoke.Kernel32.dll": "234E15B122ED430DE99490CA1A204958",
  "PInvoke.Magnification.dll": "C9EA3D34F506741ECC044DB19C151F09",
  "PInvoke.Msi.dll": "69EE50CE2DA6B55755E52589F49A7EBC",
  "PInvoke.NCrypt.dll": "DA1DE76C14D99370CA3BEF19DC299B15",
  "PInvoke.NetApi32.dll": "AE79F9FA2E3864A5E0642AE4622ECDC5",
  "PInvoke.NewDev.dll": "B3E1992105D986EF9C5C8E4B630FBB07",
  "PInvoke.NTDll.dll": "3F6BDF840EB27DD0FD9EB8071822183A",
  "PInvoke.Ole32.dll": "3C49FB100B60519FFE725BCD12A538F6",
  "PInvoke.Psapi.dll": "A7683EE4B880227F01C8AE632A892B9E",
  "PInvoke.SetupApi.dll": "1B7AE321185D0081D1759A9AD829F9BA",
  "PInvoke.SHCore.dll": "F27E7F063D51480F6D2294C903E4A606",
  "PInvoke.Shell32.dll": "F71A1BCAF6478190691170DAEA77722F",
  "PInvoke.User32.dll": "8BEDE38311ED4F27127290B81B8079FD",
  "PInvoke.Userenv.dll": "FEB7BCA90B8C905EC2F4BB0789847131",
  "PInvoke.UxTheme.dll": "8E683C016250CB719FDB9AAAFC22B3C5",
  "PInvoke.Windows.Core.dll": "90015440A44935208FFEA9BF61740651",
  "PInvoke.Windows.ShellScalingApi.dll": "F351B34B8C9183A51CADFDC279357C49",
  "PInvoke.WinUsb.dll": "9EB8A0280F2848D1A32B560A939F7336",
  "PInvoke.WtsApi32.dll": "341C94455D2E5893DBE4293D4D67AA4D",
  "Reloaded.Assembler.dll": "5C24A2E6AE515B0232CBD5FE2149B852",
  "Reloaded.Hooks.Definitions.dll": "4ADF48134F8D8152E39C1A1B4510DEB9",
  "Reloaded.Hooks.dll": "7105DD92B5858D75D345D8A811E0C9ED",
  "Reloaded.Memory.Buffers.dll": "B2191F55884AF592E9DC583FD1CA2FCD",
  "Reloaded.Memory.dll": "7E31520E3E18880283CD784FC5CC6276",
  "revision.txt": "CD3109C63BF4323E6B987A5923BECB96",
  "SDL2-CS.config": "65557595FD5DF55D93B2BF881DE62C3A",
  "SDL2-CS.dll": "7E623BDA4422A7165F6BCFC5DBFAC54D",
  "Serilog.dll": "B8C11A44677E79BB1DAEABE54ED2379D",
  "Serilog.Sinks.Async.dll": "83254EBDDA514EE7532473277272348D",
  "Serilog.Sinks.Console.dll": "F0C7A8C9AA43136F3450F43D42C82235",
  "Serilog.Sinks.File.dll": "547F03C02ED652F0D5A3B94B18E02BB6",
  "SharpDX.Direct3D11.dll": "0307D26D9B81DA5D16645F42C8C2A49B",
  "SharpDX.dll": "688641D80A2307099D72F150070B23C1",
  "SharpDX.DXGI.dll": "B5E63DB588542E126734832BC925A636",
  "SharpDX.Mathematics.dll": "03FEA293A43F5D8C3F6729DB2D4FA592",
  "Silk.NET.Core.dll": "C5C41B18CDB9FED0FB894EEC3BDAB7C8",
  "Silk.NET.GLFW.dll": "C7A9F8A7D0C824303B421875049B9F81",
  "Silk.NET.Maths.dll": "5D9A363F389F06D9C067D1CD67AEE6F4",
  "Silk.NET.OpenGL.dll": "06C8255FAE949BAD2E6E772EB0C9E32E",
  "Silk.NET.SDL.dll": "10821067F80A34224BEA4F8E8C0187EC",
  "Silk.NET.Windowing.Common.dll": "5F964A6206DC2B247292921F90F2827E",
  "Silk.NET.Windowing.Glfw.dll": "697A6CBD31A227D2353A3F904E1369C1",
  "Silk.NET.Windowing.Sdl.dll": "733A75C88A33D96F027BBC10E2392B38",
  "SQLite-net.dll": "5AEA62467656EF8C22D4A3599135FF14",
  "SQLitePCLRaw.batteries_v2.dll": "5F19501717278CA2077EBB950FD66BA2",
  "SQLitePCLRaw.core.dll": "F7557AC3B50987E4DF239FFDCB20F493",
  "SQLitePCLRaw.nativelibrary.dll": "52935023C8B211AAA6F905B8DFCB2BDA",
  "SQLitePCLRaw.provider.dynamic_cdecl.dll": "8E20509AA6FB8423D0ABFDE4A296EECB",
  "StbiSharp.dll": "9B9F0D0193C6B893092C0FA5B8D70A45",
  "System.Reactive.dll": "EF5A00287AD15393D41B12AA4B726FF7",
  "System.Reflection.MetadataLoadContext.dll": "E88E3AF6D37736F339022C9ACC5F2F7B",
  "System.Security.Cryptography.Pkcs.dll": "8950E01996A37E808BE3F39063C37BF9",
  "TEMP_gitver.txt": "5610C80D0FD202DC1D39761F316A5F76",
  "TerraFX.Interop.Windows.dll": "84F7EF6B0DE91F8CC23F773D3FD6DEC0",
  "Validation.dll": "87A1429EAE90438E1B2A9C9C4B36DD28"
}
