{
  "runtimes\\alpine-x64\\native\\libe_sqlite3.so": "39C244FEDBCD3DFC37041D4FCE1AE21D",
  "runtimes\\linux-arm\\native\\libe_sqlite3.so": "96CF54BC0EFB83D6E3F5F3E04997A59D",
  "runtimes\\linux-arm64\\native\\libe_sqlite3.so": "F079E55E7F3F9966A4A2052A3234E068",
  "runtimes\\linux-armel\\native\\libe_sqlite3.so": "C5A67D49434FC65D64E9C15778078C76",
  "runtimes\\linux-mips64\\native\\libe_sqlite3.so": "5F8461214089CFC677D46C19B7162161",
  "runtimes\\linux-musl-x64\\native\\libe_sqlite3.so": "39C244FEDBCD3DFC37041D4FCE1AE21D",
  "runtimes\\linux-x64\\native\\libe_sqlite3.so": "6F49C540D3AB9964D67A4A704C3D262D",
  "runtimes\\linux-x64\\native\\libglfw.so.3": "9E3137144F68B9E9793F4C7AD5B1BEA7",
  "runtimes\\linux-x64\\native\\libSDL2-2.0.so": "99B95A708381FC66AB2370E45A260527",
  "runtimes\\linux-x64\\native\\libstbi.so": "0945355ED59677D06E3E88F48101BB26",
  "runtimes\\linux-x86\\native\\libe_sqlite3.so": "5E0659B414CBD6DDC38C65582485853E",
  "runtimes\\osx-x64\\native\\libe_sqlite3.dylib": "F82AE134FCD1C080A69D775591406673",
  "runtimes\\osx-x64\\native\\libglfw.3.dylib": "1E30FAB2F0C40E82290AD4B0BF14A880",
  "runtimes\\osx-x64\\native\\libSDL2-2.0.dylib": "AAC958490586C67395F0A90903AE3747",
  "runtimes\\osx-x64\\native\\libstbi.dylib": "0B84B0A6A80178266018081C3CAB68E6",
  "runtimes\\win-arm\\native\\e_sqlite3.dll": "A62A90E06BCAE95B273B2FF6D00CFC09",
  "runtimes\\win-arm64\\native\\e_sqlite3.dll": "AA0CC323C681C876C4E28A6FC61ABEBE",
  "runtimes\\win-x64\\native\\e_sqlite3.dll": "13E2FA3E50958EBBC88F3E7C72969187",
  "runtimes\\win-x64\\native\\glfw3.dll": "5AC83A9B49F2677E771B219E04DB3E26",
  "runtimes\\win-x64\\native\\minhook.x64d.dll": "E586E6DEDBF7928D207ECC8CEF596902",
  "runtimes\\win-x64\\native\\SDL2.dll": "A545BA7EA9EA86C3F279E92E9B50AECE",
  "runtimes\\win-x64\\native\\stbi.dll": "BF95C7E0C8F0E05C94E68D2B20D5FB5A",
  "runtimes\\win-x64\\native\\stbi.lib": "927C214DE576219E1F80DBE7798A0502",
  "runtimes\\win-x86\\native\\e_sqlite3.dll": "641FE2D822B725041146B79713E4E630",
  "runtimes\\win-x86\\native\\glfw3.dll": "38D99D6388B894CD1B921CB86977B1B8",
  "runtimes\\win-x86\\native\\SDL2.dll": "4D7B64A894AAAC70538BD7A3615012B4",
  "targets\\Dalamud.Plugin.Bootstrap.targets": "C85635161398CD9852CF7212DB7EB904",
  "targets\\Dalamud.Plugin.targets": "394EE2BEC70254F76ABBE2C33F62BBFA",
  "BitFaster.Caching.dll": "C170A56FDB9AED3D3A174F1CFB7A8FBA",
  "CheapLoc.dll": "D5D41AF792C5308623C80CE31A8A3942",
  "cimgui.dll": "FD2D2FA77C7B78242F589B7404061B1E",
  "cimguizmo.dll": "8227F5C0C92B9617C512D7F8ECEA37EB",
  "cimplot.dll": "D8C2A9F514CB8691349FBAA7F228C123",
  "commit_hash.txt": "6B701FAD62D3D323F146BCCA7423A42C",
  "Dalamud.Boot.dll": "F9C21504766617D60AF5C7E222DE6706",
  "Dalamud.Common.dll": "AA2502C8BC0C11DD707249645E768AC9",
  "Dalamud.deps.json": "D23D985903723224C997442F81EA4321",
  "Dalamud.dll": "63C4D0AD3C4B47FE00F2C03F2393A4F5",
  "Dalamud.Injector.deps.json": "C21972522E8133995B2C9562B3E39983",
  "Dalamud.Injector.dll": "E08C1CF5110469D106C1C058FF5D1ACA",
  "Dalamud.Injector.exe": "0973A943517E70E90B5366F4DA30E0EF",
  "Dalamud.Injector.runtimeconfig.json": "439C534917CEF268A731631073E50FE4",
  "Dalamud.Injector.xml": "6730B8BB13078B71889B5A56C5DFAC6D",
  "Dalamud.runtimeconfig.json": "CA3935E9C6B9E3300F2D7171E4AF6335",
  "Dalamud.xml": "B40E6A127442000FAFC4B93BD592F638",
  "DalamudCrashHandler.exe": "4CA7E61D8FDA219AB51713101E51F705",
  "FASM-LICENSE.TXT": "ECEA1D10811221D5F0A3E96F9C38E2C7",
  "FASM.DLL": "03A85547926E692332E640D637529DB8",
  "FASMX64.DLL": "C980CF0179370DBF4F31B00DD9E38F10",
  "FFXIVClientStructs.dll": "48A60665ABE41A358A15DA8775AA03D6",
  "FFXIVClientStructs.xml": "C3B906D33B4E765EFF3E67FD15FA5348",
  "goatcorp.Reloaded.Assembler.targets": "CC22CB0A353E2136EE9E6E96DB9F7164",
  "Iced.dll": "E812116F6A3BDFB87AEE887A04FEA577",
  "ImGui.NET.dll": "77B25ACF8B64174DD943BAA8F96B800B",
  "ImGuiScene.dll": "4D366B28FD4C1B519EE8AF796E12BA89",
  "InteropGenerator.Runtime.dll": "E8FA03FB8E1019E6AA6C68165FE2DE00",
  "JetBrains.Annotations.dll": "01344F1232F8DF382265C7C2062E482E",
  "licenses.txt": "A159BE62AA91178EFC3E3983AE874D1D",
  "Lumina.dll": "2B4967BD4339FBA140FC7BB15F41F35E",
  "Lumina.Excel.dll": "1D5880DACEF028C4D17A97247DBD6ECF",
  "Microsoft.Bcl.HashCode.dll": "613AB56061ADF2284E047025207467E0",
  "Microsoft.DotNet.PlatformAbstractions.dll": "00AB0F02B1114C57C758F5AD595224F1",
  "Microsoft.Extensions.DependencyModel.dll": "F39BC76C10CFEA478C936FC4521A9FC9",
  "Microsoft.Extensions.ObjectPool.dll": "B0558CE087EAE95853E35579300F3A77",
  "MinSharp.dll": "683CB48072CE859EC110D404E4925FB9",
  "Mono.Cecil.dll": "9493AB5D0B71F210ECC6C146BFAD0C35",
  "Mono.Cecil.Mdb.dll": "6D4499F2167E6A716F4727027A53806B",
  "Mono.Cecil.Pdb.dll": "A0FA58C881F8E3E065A3F5BB07505BB8",
  "Mono.Cecil.Rocks.dll": "DEE1BA2ADAEC9A119F5F097CC527DE62",
  "nethost.dll": "21F39F71E2F4B5BA9FB3F126872F2F9B",
  "Newtonsoft.Json.dll": "ADF3E3EECDE20B7C9661E9C47106A14A",
  "PeNet.Asn1.dll": "C06377FA4D54E2FA5EF9BEAEF403D439",
  "PeNet.dll": "64AE4C6E970D53782A82A232BE24DBDC",
  "PInvoke.AdvApi32.dll": "34EE461D05B403C3A15D0DEC32A3788C",
  "PInvoke.BCrypt.dll": "FD07758EE1440491F22923084109FF26",
  "PInvoke.Cabinet.dll": "333D950E3804735DA60CC41D614C63E2",
  "PInvoke.CfgMgr32.dll": "768BE7CC18EDCF78B296A72ABE891691",
  "PInvoke.Crypt32.dll": "E7B00B0851738F4A7F2C6D37DAA973B4",
  "PInvoke.DbgHelp.dll": "E701136169620D20E3A70B560DE20E44",
  "PInvoke.DwmApi.dll": "ACF223CC8962404056648815B486F7D9",
  "PInvoke.Gdi32.dll": "69FF434826F98582CE44D3136ECFFACB",
  "PInvoke.Hid.dll": "2E7A41257F8AD9B26073181F450CD8E5",
  "PInvoke.ImageHlp.dll": "79BE816E8D86EA66489D7780DD675D49",
  "PInvoke.IPHlpApi.dll": "E949FA3326D1BA8872B179AB4EE49D38",
  "PInvoke.Kernel32.dll": "234E15B122ED430DE99490CA1A204958",
  "PInvoke.Magnification.dll": "C9EA3D34F506741ECC044DB19C151F09",
  "PInvoke.Msi.dll": "69EE50CE2DA6B55755E52589F49A7EBC",
  "PInvoke.NCrypt.dll": "DA1DE76C14D99370CA3BEF19DC299B15",
  "PInvoke.NetApi32.dll": "AE79F9FA2E3864A5E0642AE4622ECDC5",
  "PInvoke.NewDev.dll": "B3E1992105D986EF9C5C8E4B630FBB07",
  "PInvoke.NTDll.dll": "3F6BDF840EB27DD0FD9EB8071822183A",
  "PInvoke.Ole32.dll": "3C49FB100B60519FFE725BCD12A538F6",
  "PInvoke.Psapi.dll": "A7683EE4B880227F01C8AE632A892B9E",
  "PInvoke.SetupApi.dll": "1B7AE321185D0081D1759A9AD829F9BA",
  "PInvoke.SHCore.dll": "F27E7F063D51480F6D2294C903E4A606",
  "PInvoke.Shell32.dll": "F71A1BCAF6478190691170DAEA77722F",
  "PInvoke.User32.dll": "8BEDE38311ED4F27127290B81B8079FD",
  "PInvoke.Userenv.dll": "FEB7BCA90B8C905EC2F4BB0789847131",
  "PInvoke.UxTheme.dll": "8E683C016250CB719FDB9AAAFC22B3C5",
  "PInvoke.Windows.Core.dll": "90015440A44935208FFEA9BF61740651",
  "PInvoke.Windows.ShellScalingApi.dll": "F351B34B8C9183A51CADFDC279357C49",
  "PInvoke.WinUsb.dll": "9EB8A0280F2848D1A32B560A939F7336",
  "PInvoke.WtsApi32.dll": "341C94455D2E5893DBE4293D4D67AA4D",
  "Reloaded.Assembler.dll": "B3A2D4A588A2A19AAA456BC33E295ACF",
  "Reloaded.Hooks.Definitions.dll": "7EBBF551760940E15C45FC6F114938E6",
  "Reloaded.Hooks.dll": "376B06933B4D51508CB1CD43E95F0305",
  "Reloaded.Memory.Buffers.dll": "0467FABFCAFD05CB8F5829B471AA8B74",
  "Reloaded.Memory.dll": "B58F410484C8926F9C13144D39254D43",
  "revision.txt": "56D326D8139F904B679084778F1B3285",
  "SDL2-CS.config": "65557595FD5DF55D93B2BF881DE62C3A",
  "SDL2-CS.dll": "3892C488B95BD2C09A1EA939AA127732",
  "Serilog.dll": "9D364A1EFC9A5DE18B8B37052D1000B5",
  "Serilog.Sinks.Async.dll": "58798CE636AC902F071C8837BD1766BF",
  "Serilog.Sinks.Console.dll": "1CC3D2394A1CC107DA2D951D49FD8EC1",
  "Serilog.Sinks.File.dll": "8F67993AD579ECFC8951044302379BF2",
  "SharpDX.Direct3D11.dll": "74BEDC7C0D50E9AF624D88B28D8FA703",
  "SharpDX.dll": "6B27C0F56551E40248E7DD0185CB6C4C",
  "SharpDX.DXGI.dll": "BB984011ED92A967DF8C503265C93EF6",
  "SharpDX.Mathematics.dll": "E273903BECF2032B80F834D40A6541BA",
  "Silk.NET.Core.dll": "BD70414D478221E937AA3F4CBD5AF2A8",
  "Silk.NET.GLFW.dll": "219C63BAB50F0C2BE2B36988F062CE61",
  "Silk.NET.Maths.dll": "1C9A351975271F359DC6B98AB06C4DF5",
  "Silk.NET.OpenGL.dll": "064BF0EA83BAFF46008C54385968AB43",
  "Silk.NET.SDL.dll": "A72D7F1EFEE3F86CD3659EF028580DF6",
  "Silk.NET.Windowing.Common.dll": "F8ECF3AC5B9001755AD9F30AD3D537BE",
  "Silk.NET.Windowing.Glfw.dll": "A3BAF29F43A6DCD94CC7D3154EB9C02B",
  "Silk.NET.Windowing.Sdl.dll": "0A392A322AB4BD556062E062EDA30CCC",
  "SQLite-net.dll": "DE0D8CD691BA809E40D865B96A9BA538",
  "SQLitePCLRaw.batteries_v2.dll": "D5307C81A5A1EF142935F64528AA9372",
  "SQLitePCLRaw.core.dll": "E9D4EA192EB4250AFEA5D0D0F49BFFBF",
  "SQLitePCLRaw.nativelibrary.dll": "F66B2A45B58037EA4BE6DFBD5EED1123",
  "SQLitePCLRaw.provider.dynamic_cdecl.dll": "86FE8ECEF58B32689B43B78954C5E587",
  "StbiSharp.dll": "86F65F11EC3B2DA8C198CA75FD6EE856",
  "System.Reactive.dll": "EF5A00287AD15393D41B12AA4B726FF7",
  "System.Reflection.MetadataLoadContext.dll": "E88E3AF6D37736F339022C9ACC5F2F7B",
  "System.Security.Cryptography.Pkcs.dll": "8950E01996A37E808BE3F39063C37BF9",
  "TEMP_gitver.txt": "1F0F0C0876C7B420DC314AE3913C6112",
  "TerraFX.Interop.Windows.dll": "84F7EF6B0DE91F8CC23F773D3FD6DEC0",
  "Validation.dll": "DEA36D751577A3CC43E9ECFC194B5D4C"
}
