{
  "runtimes\\alpine-x64\\native\\libe_sqlite3.so": "39C244FEDBCD3DFC37041D4FCE1AE21D",
  "runtimes\\linux-arm\\native\\libe_sqlite3.so": "96CF54BC0EFB83D6E3F5F3E04997A59D",
  "runtimes\\linux-arm64\\native\\libe_sqlite3.so": "F079E55E7F3F9966A4A2052A3234E068",
  "runtimes\\linux-armel\\native\\libe_sqlite3.so": "C5A67D49434FC65D64E9C15778078C76",
  "runtimes\\linux-mips64\\native\\libe_sqlite3.so": "5F8461214089CFC677D46C19B7162161",
  "runtimes\\linux-musl-x64\\native\\libe_sqlite3.so": "39C244FEDBCD3DFC37041D4FCE1AE21D",
  "runtimes\\linux-x64\\native\\libe_sqlite3.so": "6F49C540D3AB9964D67A4A704C3D262D",
  "runtimes\\linux-x64\\native\\libglfw.so.3": "9E3137144F68B9E9793F4C7AD5B1BEA7",
  "runtimes\\linux-x64\\native\\libSDL2-2.0.so": "99B95A708381FC66AB2370E45A260527",
  "runtimes\\linux-x64\\native\\libstbi.so": "0945355ED59677D06E3E88F48101BB26",
  "runtimes\\linux-x86\\native\\libe_sqlite3.so": "5E0659B414CBD6DDC38C65582485853E",
  "runtimes\\osx-x64\\native\\libe_sqlite3.dylib": "F82AE134FCD1C080A69D775591406673",
  "runtimes\\osx-x64\\native\\libglfw.3.dylib": "1E30FAB2F0C40E82290AD4B0BF14A880",
  "runtimes\\osx-x64\\native\\libSDL2-2.0.dylib": "AAC958490586C67395F0A90903AE3747",
  "runtimes\\osx-x64\\native\\libstbi.dylib": "0B84B0A6A80178266018081C3CAB68E6",
  "runtimes\\win-arm\\native\\e_sqlite3.dll": "5874244B7243E98343426242ACE0ECE7",
  "runtimes\\win-arm64\\native\\e_sqlite3.dll": "F0F66CF408E2A65778B8DE382DB1CF22",
  "runtimes\\win-x64\\native\\cimgui.dll": "16BAD5AA9BE15DD62016C7ACC8E0D629",
  "runtimes\\win-x64\\native\\cimguizmo.dll": "9164C1FA48F676ABEAF903DA7901CB40",
  "runtimes\\win-x64\\native\\cimplot.dll": "D07F2969FE45EE361CD3AF344157E039",
  "runtimes\\win-x64\\native\\e_sqlite3.dll": "EC1F0105874C1281B23026B13D020B89",
  "runtimes\\win-x64\\native\\glfw3.dll": "A8AD2A1EB72F0D9CA1A7F2D652B2FB22",
  "runtimes\\win-x64\\native\\minhook.x64d.dll": "DF20D0FB08F4B8409CFB6DC91C5BCE7B",
  "runtimes\\win-x64\\native\\SDL2.dll": "03E679F156664D6593AD1E200E898F0D",
  "runtimes\\win-x64\\native\\stbi.dll": "9B4D9FACB76CC1D4613C2C6C76900AEA",
  "runtimes\\win-x64\\native\\stbi.lib": "927C214DE576219E1F80DBE7798A0502",
  "runtimes\\win-x86\\native\\e_sqlite3.dll": "F547C65A06536874E57726DE3B3B301A",
  "runtimes\\win-x86\\native\\glfw3.dll": "62FF4A23739507BF236E4077F7951E7C",
  "runtimes\\win-x86\\native\\SDL2.dll": "541F49D8DDE0C1C97489F648790A6B89",
  "targets\\Dalamud.Plugin.Bootstrap.targets": "C85635161398CD9852CF7212DB7EB904",
  "targets\\Dalamud.Plugin.targets": "E2AA900DB1F6596D1C203D4112A10F5E",
  "CheapLoc.dll": "D3F5B809789841B2A78F132DD84D2C15",
  "Costura.dll": "E24741A0C4A558D4517CC133F284F28D",
  "Dalamud.Boot.dll": "3D51B303367B535F5438F25A9DD1040C",
  "Dalamud.Common.dll": "A6F43503BBA4A4BC8F46958C3698C724",
  "Dalamud.deps.json": "28E9F8DF5CB523E8219C983ECD22ABFB",
  "Dalamud.dll": "BA20434A3E176C4CA4076459A6074754",
  "Dalamud.Injector.deps.json": "C1FA0941DC8B38E415776C60C508AAB9",
  "Dalamud.Injector.dll": "A363B23C8A4FA8ACD748C382A688F0FB",
  "Dalamud.Injector.exe": "2371EFA0630DCA9181FE38E39F00E291",
  "Dalamud.Injector.runtimeconfig.json": "B9BB65FFE7924D4D8BABE9FA66303200",
  "Dalamud.Injector.xml": "D41E5DF541D19A015215E777D7395C9C",
  "Dalamud.runtimeconfig.json": "2A9CD915428BDD175E0889BD0C225F75",
  "Dalamud.xml": "D86BA311744D44DB4292688E2FDFBB80",
  "DalamudCrashHandler.exe": "15DC53693306C82771B94EB7B42E91AE",
  "FASM-LICENSE.TXT": "ECEA1D10811221D5F0A3E96F9C38E2C7",
  "FASM.DLL": "77FA2BF4026A7F9E25481BADD9979E83",
  "FASMX64.DLL": "2EB864D9FE655F5D48F7DD004FC49D73",
  "FFXIVClientStructs.dll": "B6124AB9177D093B526D7D387B5297A1",
  "FFXIVClientStructs.xml": "107C5C0626723B72D8E194DF12799B5D",
  "goaaats.Reloaded.Assembler.targets": "CC22CB0A353E2136EE9E6E96DB9F7164",
  "Iced.dll": "42CD7736E82E61FBF2CBD129B65EC86D",
  "ImGui.NET.dll": "28EA428E9563A816375E32A5923F1E3B",
  "ImGuiScene.dll": "C67D85BB3D53984095993B74B627E8E7",
  "JetBrains.Annotations.dll": "05D794BDA9D06CFB71A7DF9722EA65CC",
  "licenses.txt": "A159BE62AA91178EFC3E3983AE874D1D",
  "Lumina.dll": "6866B4386852EA04806144BFB6BDDB56",
  "Lumina.Excel.dll": "CEB62D3F3B82733021A87DC0C6DB17B8",
  "Microsoft.Bcl.HashCode.dll": "613AB56061ADF2284E047025207467E0",
  "Microsoft.DotNet.PlatformAbstractions.dll": "00AB0F02B1114C57C758F5AD595224F1",
  "Microsoft.Extensions.DependencyModel.dll": "F39BC76C10CFEA478C936FC4521A9FC9",
  "Microsoft.Extensions.ObjectPool.dll": "4EEE3E64BE561711391BF998FFBF65D3",
  "MinSharp.dll": "54654AC8E36D8498989D278905F855EF",
  "Mono.Cecil.dll": "A89E7FFDF662F1240E0851C223CD5A28",
  "Mono.Cecil.Mdb.dll": "8F3BA2E43BE4463DC8C51C8081F4E70F",
  "Mono.Cecil.Pdb.dll": "40677CD831BD775023F88CC952C9AE25",
  "Mono.Cecil.Rocks.dll": "40817B35A520FF9A7E29C1FB8CBC4248",
  "nethost.dll": "012081214FE71F0F6ADCD9F4A71B2B00",
  "Newtonsoft.Json.dll": "86A83A63F12B55FD3718CFBFB577D7DC",
  "PeNet.Asn1.dll": "358D26B3C2602698AF4775C95BF8E670",
  "PeNet.dll": "D61D89E1A67F87EF196F003D24F7C138",
  "PInvoke.AdvApi32.dll": "34EE461D05B403C3A15D0DEC32A3788C",
  "PInvoke.BCrypt.dll": "FD07758EE1440491F22923084109FF26",
  "PInvoke.Cabinet.dll": "333D950E3804735DA60CC41D614C63E2",
  "PInvoke.CfgMgr32.dll": "768BE7CC18EDCF78B296A72ABE891691",
  "PInvoke.Crypt32.dll": "E7B00B0851738F4A7F2C6D37DAA973B4",
  "PInvoke.DbgHelp.dll": "E701136169620D20E3A70B560DE20E44",
  "PInvoke.DwmApi.dll": "ACF223CC8962404056648815B486F7D9",
  "PInvoke.Gdi32.dll": "69FF434826F98582CE44D3136ECFFACB",
  "PInvoke.Hid.dll": "2E7A41257F8AD9B26073181F450CD8E5",
  "PInvoke.ImageHlp.dll": "79BE816E8D86EA66489D7780DD675D49",
  "PInvoke.IPHlpApi.dll": "E949FA3326D1BA8872B179AB4EE49D38",
  "PInvoke.Kernel32.dll": "234E15B122ED430DE99490CA1A204958",
  "PInvoke.Magnification.dll": "C9EA3D34F506741ECC044DB19C151F09",
  "PInvoke.Msi.dll": "69EE50CE2DA6B55755E52589F49A7EBC",
  "PInvoke.NCrypt.dll": "DA1DE76C14D99370CA3BEF19DC299B15",
  "PInvoke.NetApi32.dll": "AE79F9FA2E3864A5E0642AE4622ECDC5",
  "PInvoke.NewDev.dll": "B3E1992105D986EF9C5C8E4B630FBB07",
  "PInvoke.NTDll.dll": "3F6BDF840EB27DD0FD9EB8071822183A",
  "PInvoke.Ole32.dll": "3C49FB100B60519FFE725BCD12A538F6",
  "PInvoke.Psapi.dll": "A7683EE4B880227F01C8AE632A892B9E",
  "PInvoke.SetupApi.dll": "1B7AE321185D0081D1759A9AD829F9BA",
  "PInvoke.SHCore.dll": "F27E7F063D51480F6D2294C903E4A606",
  "PInvoke.Shell32.dll": "F71A1BCAF6478190691170DAEA77722F",
  "PInvoke.User32.dll": "8BEDE38311ED4F27127290B81B8079FD",
  "PInvoke.Userenv.dll": "FEB7BCA90B8C905EC2F4BB0789847131",
  "PInvoke.UxTheme.dll": "8E683C016250CB719FDB9AAAFC22B3C5",
  "PInvoke.Windows.Core.dll": "90015440A44935208FFEA9BF61740651",
  "PInvoke.Windows.ShellScalingApi.dll": "F351B34B8C9183A51CADFDC279357C49",
  "PInvoke.WinUsb.dll": "9EB8A0280F2848D1A32B560A939F7336",
  "PInvoke.WtsApi32.dll": "341C94455D2E5893DBE4293D4D67AA4D",
  "Reloaded.Assembler.dll": "2D0B989CE7A7BE991E0CEEE9D4DAA2A2",
  "Reloaded.Hooks.Definitions.dll": "2C794C4CFCFC5C7BEF32B03A5F91FCAF",
  "Reloaded.Hooks.dll": "377886B0D676136D965918FD52B3C727",
  "Reloaded.Memory.Buffers.dll": "4AF831A89E910D695936CF7770927CFD",
  "Reloaded.Memory.dll": "BD4C42F1BE2E8ABA352B08488660F691",
  "revision.txt": "1E8EEC0DB325B87B0F57B5056EFD8AFB",
  "SDL2-CS.config": "65557595FD5DF55D93B2BF881DE62C3A",
  "SDL2-CS.dll": "2897C28454230AEA0452BE78C0815583",
  "Serilog.dll": "9AC7C318256E06CB692354DB89319D94",
  "Serilog.Sinks.Async.dll": "82B7A10CEB8502B3554471792B8161AB",
  "Serilog.Sinks.Console.dll": "2BDC84323ECEE1E8AD6ABEC52DCC0880",
  "Serilog.Sinks.File.dll": "A6B74E47A4714A55BB7BEEB0E7A94C7F",
  "SharpDX.Direct3D11.dll": "9B5D0C10D8D0A386C8C4208A63AC8D21",
  "SharpDX.dll": "F7BA4F88C584D3C989F1196E820C83CE",
  "SharpDX.DXGI.dll": "71743BBA17BEFC8387EEB999E42E33A7",
  "SharpDX.Mathematics.dll": "F3B71A5DEF9E4FF2776B19179C8C80EB",
  "Silk.NET.Core.dll": "B18ABF2645E287FACC5F2D3A583267E7",
  "Silk.NET.GLFW.dll": "B82AA25EBE00F72E30FCCF5900B5EAAD",
  "Silk.NET.Maths.dll": "2AE590C1ECE2EC383667EB534522B324",
  "Silk.NET.OpenGL.dll": "85085C186B5C2399E869D4F851B5A438",
  "Silk.NET.SDL.dll": "7772A66F10E6066DA086551F3D7E3AFC",
  "Silk.NET.Windowing.Common.dll": "FE61A998E572842B0EF2C97CC2723314",
  "Silk.NET.Windowing.Glfw.dll": "4AC642A3D641E8BA7E3F6D03778F9F78",
  "Silk.NET.Windowing.Sdl.dll": "9E2ADDC32DE891EA8571122446C79A4A",
  "SQLite-net.dll": "38BE21132DC33D18AE56D1538577D3B0",
  "SQLitePCLRaw.batteries_v2.dll": "F9E08D328AEFF7B514740C7E6856A177",
  "SQLitePCLRaw.core.dll": "1540A7E5C80A9267126314AD4815AAE4",
  "SQLitePCLRaw.nativelibrary.dll": "E5EF6CF62C0B4A9FE4E53A88B6AF48C5",
  "SQLitePCLRaw.provider.dynamic_cdecl.dll": "04D9E738B42D790660DFD7DC1A62811B",
  "StbiSharp.dll": "C455FFB69A570C594A32796E7E34D8CF",
  "System.Reactive.dll": "EF5A00287AD15393D41B12AA4B726FF7",
  "System.Reflection.MetadataLoadContext.dll": "7EC41D41F4E1246757BA3E2EC862D562",
  "System.Security.Cryptography.Pkcs.dll": "8950E01996A37E808BE3F39063C37BF9",
  "TEMP_gitver.txt": "11BCF1076829116E941D88B15D52760B",
  "TerraFX.Interop.Windows.dll": "84F7EF6B0DE91F8CC23F773D3FD6DEC0",
  "Validation.dll": "786BE88A2912749608FA0BC446996250"
}
