{
  "runtimes\\alpine-arm\\native\\libe_sqlite3.so": "87AF85204A246154501382901F3F6812",
  "runtimes\\alpine-arm64\\native\\libe_sqlite3.so": "CD4B9AAB53400EFE96ABC32B339A866A",
  "runtimes\\alpine-x64\\native\\libe_sqlite3.so": "6C9D6E34F1E932668237404D6EB6FC66",
  "runtimes\\browser-wasm\\nativeassets\\net7.0\\e_sqlite3.a": "E25518AC5EAD5E787448F3258236888E",
  "runtimes\\linux-arm\\native\\libe_sqlite3.so": "B8DA0DB6A447B5CCE98207F6A250FB84",
  "runtimes\\linux-arm64\\native\\libe_sqlite3.so": "A888898B38395A15F2DE200BAA8B486F",
  "runtimes\\linux-armel\\native\\libe_sqlite3.so": "54F3F4183B81387F7928ED0BB9B67B32",
  "runtimes\\linux-mips64\\native\\libe_sqlite3.so": "D56886A2E2F081CDEA1621BB18132764",
  "runtimes\\linux-musl-arm\\native\\libe_sqlite3.so": "87AF85204A246154501382901F3F6812",
  "runtimes\\linux-musl-arm64\\native\\libe_sqlite3.so": "CD4B9AAB53400EFE96ABC32B339A866A",
  "runtimes\\linux-musl-x64\\native\\libe_sqlite3.so": "6C9D6E34F1E932668237404D6EB6FC66",
  "runtimes\\linux-s390x\\native\\libe_sqlite3.so": "CB751CC76F280849C0E2F718D6784E69",
  "runtimes\\linux-x64\\native\\libe_sqlite3.so": "30098E7FAEB947BF5A5AE2FDB34E4461",
  "runtimes\\linux-x86\\native\\libe_sqlite3.so": "68872BD5071077981504636C2353EAA8",
  "runtimes\\maccatalyst-arm64\\native\\libe_sqlite3.dylib": "B2597C8799A6D21E5B98DB28C9C725FD",
  "runtimes\\maccatalyst-x64\\native\\libe_sqlite3.dylib": "19DCF2A64A7B5D1B8C7705AC809653A5",
  "runtimes\\osx-arm64\\native\\libe_sqlite3.dylib": "FB6D0058E0E849FA8715911B49790350",
  "runtimes\\osx-x64\\native\\libe_sqlite3.dylib": "DE5735102E730C1518C029DB3A0040A9",
  "runtimes\\win-arm\\native\\e_sqlite3.dll": "BCBA56CBC6CF648556257605B4663621",
  "runtimes\\win-arm64\\native\\e_sqlite3.dll": "5B4C17E97C76C8A3215401BF4C4E79F2",
  "runtimes\\win-x64\\native\\e_sqlite3.dll": "C8500A0A3BA3B017E601AFCEA1210F8C",
  "runtimes\\win-x64\\native\\minhook.x64d.dll": "FEAB4A580DAF27C5B89D9C4E108BB818",
  "runtimes\\win-x86\\native\\e_sqlite3.dll": "82B789BAB456DCAC0CBD501E1EDCEC56",
  "BCnEncoder.dll": "E79144CA218802FDFFAC075EA500D4B1",
  "BitFaster.Caching.dll": "4966D1A7DE6A67328F421B988D5B5BBF",
  "CheapLoc.dll": "8332362AEB4B49E099E91F22EC39DB05",
  "cimgui.dll": "D8B67C12F3CD589D668CF88FDEF711A6",
  "cimguizmo.dll": "FA5DFC703CC236486A799C29FFF87789",
  "cimplot.dll": "4B489D9639ACE6275409314B21BD718A",
  "commit_hash.txt": "A6E92A6FFB528286900C0C6856F1C473",
  "CommunityToolkit.HighPerformance.dll": "66B64EC334625F2C5D341A45E28EEB43",
  "Dalamud.Bindings.ImGui.dll": "3DEA30AA4FC142E52B7CC906909D7C03",
  "Dalamud.Bindings.ImGuizmo.dll": "5BFCF54BDDA6EA41D979EBDEA21E5688",
  "Dalamud.Bindings.ImPlot.dll": "5D31097FF5A41CDF47BC3C9E3DE0D1C1",
  "Dalamud.Boot.dll": "39A8A27EF908D09701115CDA7DDA5412",
  "Dalamud.Common.dll": "BAC7CB3287E4A6468634BE01E7C1A973",
  "Dalamud.deps.json": "24FCB80105D5E29DD12F6DF9AAB43F65",
  "Dalamud.dll": "6FB9C9A4440C423C26DEC458FD608429",
  "Dalamud.Injector.deps.json": "28C3C412E18C8E21BCEC052CCAF9CE11",
  "Dalamud.Injector.dll": "C12C6DC0D37BA6C6BD5591FDFFA9C574",
  "Dalamud.Injector.exe": "235A115927DD5B9EECD98D4B80C49F75",
  "Dalamud.Injector.runtimeconfig.json": "481C4D4F6151485203242D25F632FCC5",
  "Dalamud.Injector.xml": "573870DEB8A9854EC20203EDE9D78425",
  "Dalamud.runtimeconfig.json": "9DB7F0D7C94CA1AA6CA3ACFA6F93A1D8",
  "Dalamud.xml": "DFAA841D9F8F1288EE2AD761F2043A31",
  "DalamudCrashHandler.exe": "38888E4A81B3F220FA8D74CFC3398A7B",
  "FASM-LICENSE.TXT": "ECEA1D10811221D5F0A3E96F9C38E2C7",
  "FASM.DLL": "2885521752A46D128880F240DE5C70AB",
  "FASMX64.DLL": "CAADD849272223FF81111CB73BE9C0FC",
  "FFXIVClientStructs.dll": "8B2AE0BAE6382D7107A7B3119DA6CE5D",
  "FFXIVClientStructs.xml": "EF7242DB4021DAEA08D3E8063B756F28",
  "goatcorp.Reloaded.Assembler.dll": "4C6422232629FCF7BA43656223DC4D85",
  "goatcorp.Reloaded.Assembler.targets": "CC22CB0A353E2136EE9E6E96DB9F7164",
  "goatcorp.Reloaded.Hooks.dll": "33A58E0CC31292576662B657D1C1FB66",
  "goatcorp.Reloaded.Memory.Buffers.dll": "1FDD471E8512B215BB961E511B1F0490",
  "HexaGen.Runtime.dll": "A34A20B85E3DCE9A078C069BF02B085C",
  "Iced.dll": "172B2650F70B5141038EA5A232C5E847",
  "ImGuiScene.dll": "5BA56EF45CCB9F661053D4FA1FAB8FBB",
  "InteropGenerator.Runtime.dll": "ECB816D61A3A8C730E3E9141DCAB1E8D",
  "JetBrains.Annotations.dll": "D334483DFBCF8BE6062277E1FB3B94F3",
  "licenses.txt": "A159BE62AA91178EFC3E3983AE874D1D",
  "Lumina.dll": "C05460FE271E5ABEBD3542A997AC152A",
  "Lumina.Excel.dll": "73C6BCB23B01D566FC040DE3C2591B29",
  "Lumina.Excel.xml": "8C361FFD52612B54A308E043847D6823",
  "Microsoft.Extensions.ObjectPool.dll": "CB2B8426DF93B062B631BC85B3369BED",
  "MinSharp.dll": "1D74890C39622EBAD01973ECE308ADF0",
  "Mono.Cecil.dll": "CFF6C0E8EE96226EC3D0BC00A93EF7FE",
  "Mono.Cecil.Mdb.dll": "29284F5AA462F8712D6410CD84B93020",
  "Mono.Cecil.Pdb.dll": "40E1B21F7CEA4152967B986EDCED3435",
  "Mono.Cecil.Rocks.dll": "B9B84CBAEDC4C34CD3D30B8FF3D0DB4B",
  "nethost.dll": "21F39F71E2F4B5BA9FB3F126872F2F9B",
  "Newtonsoft.Json.dll": "C252FE44B67A08E6DAB4EADE3764DB49",
  "PeNet.Asn1.dll": "45AE52FC2A2CF979B9173D6582BA1907",
  "PeNet.dll": "3991E91E6995CF0FA25FAD56EC277F9A",
  "Reloaded.Hooks.Definitions.dll": "EB98D641A7ACB46FD3C318BB8C09DA0D",
  "Reloaded.Memory.Buffers.dll": "9D01696C5823284B36040492AA499BF3",
  "Reloaded.Memory.dll": "B51B45427152A88EF0848C2C9166E6B6",
  "revision.txt": "007FF380EE5AC49FFC34442F5C2A2B86",
  "Serilog.dll": "32C1459A312E9386968CDCEF680F102C",
  "Serilog.Sinks.Async.dll": "2C51C228ACF445C404D777285F2C6002",
  "Serilog.Sinks.Console.dll": "A3B2C221E5E3B5EB90401A548BD817FB",
  "Serilog.Sinks.File.dll": "82DA50304FA1664577BE19F95E029401",
  "SQLite-net.dll": "497B0DB3F4F86892BDEEB92E9C339D32",
  "SQLitePCLRaw.batteries_v2.dll": "FE157C51EB2BBCD42BDBEA035059FCA0",
  "SQLitePCLRaw.core.dll": "C9461D4BF9234B09BA6D6C77A7330BCC",
  "SQLitePCLRaw.provider.e_sqlite3.dll": "E68C364DB3721BC6DB402150F216F466",
  "System.Reactive.dll": "C6016588304D55406E3D1C2FA7D42903",
  "System.Reflection.MetadataLoadContext.dll": "284C720DEE2524BCF10DD1B5648AA303",
  "System.Security.Cryptography.Pkcs.dll": "17945B2BF07D9377E36AD3EBE69FF693",
  "TEMP_gitver.txt": "29F83B6A6065DE42FB31A0F338B76C60",
  "TerraFX.Interop.Windows.dll": "C75D06E77DE5A095D45676A81CDE0DC9"
}
