{
  "runtimes\\alpine-x64\\native\\libe_sqlite3.so": "39C244FEDBCD3DFC37041D4FCE1AE21D",
  "runtimes\\linux-arm\\native\\libe_sqlite3.so": "96CF54BC0EFB83D6E3F5F3E04997A59D",
  "runtimes\\linux-arm64\\native\\libe_sqlite3.so": "F079E55E7F3F9966A4A2052A3234E068",
  "runtimes\\linux-armel\\native\\libe_sqlite3.so": "C5A67D49434FC65D64E9C15778078C76",
  "runtimes\\linux-mips64\\native\\libe_sqlite3.so": "5F8461214089CFC677D46C19B7162161",
  "runtimes\\linux-musl-x64\\native\\libe_sqlite3.so": "39C244FEDBCD3DFC37041D4FCE1AE21D",
  "runtimes\\linux-x64\\native\\libe_sqlite3.so": "6F49C540D3AB9964D67A4A704C3D262D",
  "runtimes\\linux-x86\\native\\libe_sqlite3.so": "5E0659B414CBD6DDC38C65582485853E",
  "runtimes\\osx-x64\\native\\libe_sqlite3.dylib": "F82AE134FCD1C080A69D775591406673",
  "runtimes\\win-arm\\native\\e_sqlite3.dll": "2F6312870A17A709C599243C5C5F1D98",
  "runtimes\\win-arm64\\native\\e_sqlite3.dll": "293F54492A4D628BD51CF7477738A028",
  "runtimes\\win-x64\\native\\e_sqlite3.dll": "0B4B873E36D92AF08B94EB3FD7CA20A0",
  "runtimes\\win-x64\\native\\minhook.x64d.dll": "049BEE1061AAC394CCDE81458928FCA8",
  "runtimes\\win-x86\\native\\e_sqlite3.dll": "483A76B68E802CDCC930B86255162A9D",
  "targets\\Dalamud.Plugin.Bootstrap.targets": "C85635161398CD9852CF7212DB7EB904",
  "targets\\Dalamud.Plugin.targets": "394EE2BEC70254F76ABBE2C33F62BBFA",
  "BCnEncoder.dll": "8898DBB778159B4B7BB2C0027F9C76EB",
  "BitFaster.Caching.dll": "5162E1B9E0814005F53DA1A463E4F154",
  "CheapLoc.dll": "8BBFC4D3EE1690098A33E65DF9D337BC",
  "cimgui.dll": "DA7B91DD0BDE2EF80F90CED32EF95A2F",
  "cimguizmo.dll": "25A4CA68FA8E3C35EF55C162CC42BA8D",
  "cimplot.dll": "1351B06C3CC9011830112CE8985A28CA",
  "commit_hash.txt": "5B10500817DCA26EE8551377D234245D",
  "CommunityToolkit.HighPerformance.dll": "66B64EC334625F2C5D341A45E28EEB43",
  "Dalamud.Bindings.ImGui.dll": "8260C4D4F70786F3F228DF4829F9B8E0",
  "Dalamud.Bindings.ImGuizmo.dll": "1F7C0C250BD4938AC803BC8BE812C5B3",
  "Dalamud.Bindings.ImPlot.dll": "B2CBBEE4921B219AA326AF9B673B5648",
  "Dalamud.Boot.dll": "72562B8389C576B3670C0FF221B591AB",
  "Dalamud.Common.dll": "DE16F8605EEAFDAE4C31B87106A2C445",
  "Dalamud.deps.json": "2BC2BA708C1627B62408A560FA2E0D32",
  "Dalamud.dll": "D7E9C1B1E7C444F9344786BB5C9E79F4",
  "Dalamud.Injector.deps.json": "AE17A723819E88058C70AA4BDA14CA37",
  "Dalamud.Injector.dll": "D7AF514E18F1428793546E790A183FC4",
  "Dalamud.Injector.exe": "BD69A40667A23E19A85D4D6F48DE136A",
  "Dalamud.Injector.runtimeconfig.json": "439C534917CEF268A731631073E50FE4",
  "Dalamud.Injector.xml": "07EC7B68C97460A1C8275C75BE82FAA9",
  "Dalamud.runtimeconfig.json": "CA3935E9C6B9E3300F2D7171E4AF6335",
  "Dalamud.xml": "2ED69DFD33554F14A3DF273E2A4712CE",
  "DalamudCrashHandler.exe": "D2CB23AC65BF89A97B922B0B63E4E8AA",
  "FASM-LICENSE.TXT": "ECEA1D10811221D5F0A3E96F9C38E2C7",
  "FASM.DLL": "5DABB7DA244DF6465B2DF966C5CAE49B",
  "FASMX64.DLL": "C0545A54A3C8747C62363603F810A816",
  "FFXIVClientStructs.dll": "F7867CC8A35E42869502D950AB66A282",
  "FFXIVClientStructs.xml": "1DD1B69585CA15E07E429C185743ED50",
  "goatcorp.Reloaded.Assembler.dll": "5E664F5A73130799D0058301B367A2DE",
  "goatcorp.Reloaded.Assembler.targets": "CC22CB0A353E2136EE9E6E96DB9F7164",
  "goatcorp.Reloaded.Hooks.dll": "B1866D0C6F15D0636CAAFFE3DE1ED305",
  "goatcorp.Reloaded.Memory.Buffers.dll": "70AD6F6977032153E5AADC3A16A45755",
  "HexaGen.Runtime.dll": "7F74892FF2A262383F6051D5A0212240",
  "Iced.dll": "161523253E4DBFB5CA422A771B3E6219",
  "ImGuiScene.dll": "155320B7BB9C7CD7D89D6270E0A03690",
  "InteropGenerator.Runtime.dll": "2DCBE5F408F3CD9EE5F387796E555B98",
  "JetBrains.Annotations.dll": "027B6F27945C4111BFA4BB64D5AFE275",
  "licenses.txt": "A159BE62AA91178EFC3E3983AE874D1D",
  "Lumina.dll": "2123EED915F038476E45996391664350",
  "Lumina.Excel.dll": "967F35E192CAC70CCD04812A899178B1",
  "Lumina.Excel.xml": "3D3B7AD224A8A04B92B2B311FB8DA535",
  "Microsoft.Extensions.ObjectPool.dll": "5510583E2B50BE953814615586673C33",
  "MinSharp.dll": "BF2032191F0F59F6707865DCBEC16987",
  "Mono.Cecil.dll": "00C12A1CF25562F34449388F5E8C84F9",
  "Mono.Cecil.Mdb.dll": "EAC3E7FBADAAE5D4CF05C16C8FC34F97",
  "Mono.Cecil.Pdb.dll": "25F6A3E3F1249E17AE4E77AEEC7CEDFA",
  "Mono.Cecil.Rocks.dll": "F08EC2E5323FAE98218457834E9F8C08",
  "nethost.dll": "21F39F71E2F4B5BA9FB3F126872F2F9B",
  "Newtonsoft.Json.dll": "ADF3E3EECDE20B7C9661E9C47106A14A",
  "PeNet.Asn1.dll": "22A68EBCC2D7E66088CCF2CC6C414260",
  "PeNet.dll": "FE6322C6C4CC8A7FEB9383E5A2E184E8",
  "Reloaded.Hooks.Definitions.dll": "0531A66CCC532C2EA554712938D63B70",
  "Reloaded.Memory.Buffers.dll": "451C29F2AD4BCE19046A0E69F66083F2",
  "Reloaded.Memory.dll": "95AB45D81E8A7370955DB82DD2D2259C",
  "revision.txt": "761B42CFFF120AAC30045F7A110D0256",
  "Serilog.dll": "299E4569484B1190627E9A05B0770486",
  "Serilog.Sinks.Async.dll": "31C7D0D9272DE5ADC4778A9906BF27FB",
  "Serilog.Sinks.Console.dll": "DCC416ACA9729F9B5B57A0F67DAAC9EE",
  "Serilog.Sinks.File.dll": "6DE3C7875F36C97AC66346B9F1537ADE",
  "SharpDX.Direct3D11.dll": "380B6D71A5FDB7FB33F8FF7AFE68D641",
  "SharpDX.dll": "35709400C942B16A9AFEA827B0777196",
  "SharpDX.DXGI.dll": "B76251F58D6CA6E321B423C918BCA32B",
  "SharpDX.Mathematics.dll": "ABD306495218EA00D91B6F902CE33DF7",
  "SQLite-net.dll": "A73D8F5517BBCF04A0E3AA2416999816",
  "SQLitePCLRaw.batteries_v2.dll": "DA3C3B913BF695C55C19311C7DFCD549",
  "SQLitePCLRaw.core.dll": "B9DF04FA9783487F9812623A4B0934CF",
  "SQLitePCLRaw.nativelibrary.dll": "8393972E34D005593CD60EC9A3FC21F1",
  "SQLitePCLRaw.provider.dynamic_cdecl.dll": "E0C4C08001B6CDF5507AD6AEB998C74C",
  "System.Reactive.dll": "EF5A00287AD15393D41B12AA4B726FF7",
  "System.Reflection.MetadataLoadContext.dll": "E88E3AF6D37736F339022C9ACC5F2F7B",
  "System.Security.Cryptography.Pkcs.dll": "8950E01996A37E808BE3F39063C37BF9",
  "TEMP_gitver.txt": "FEC6744EC788FDB90A689195663611D5",
  "TerraFX.Interop.Windows.dll": "84F7EF6B0DE91F8CC23F773D3FD6DEC0"
}
