{
  "runtimes\\alpine-x64\\native\\libe_sqlite3.so": "39C244FEDBCD3DFC37041D4FCE1AE21D",
  "runtimes\\linux-arm\\native\\libe_sqlite3.so": "96CF54BC0EFB83D6E3F5F3E04997A59D",
  "runtimes\\linux-arm64\\native\\libe_sqlite3.so": "F079E55E7F3F9966A4A2052A3234E068",
  "runtimes\\linux-armel\\native\\libe_sqlite3.so": "C5A67D49434FC65D64E9C15778078C76",
  "runtimes\\linux-mips64\\native\\libe_sqlite3.so": "5F8461214089CFC677D46C19B7162161",
  "runtimes\\linux-musl-x64\\native\\libe_sqlite3.so": "39C244FEDBCD3DFC37041D4FCE1AE21D",
  "runtimes\\linux-x64\\native\\libe_sqlite3.so": "6F49C540D3AB9964D67A4A704C3D262D",
  "runtimes\\linux-x86\\native\\libe_sqlite3.so": "5E0659B414CBD6DDC38C65582485853E",
  "runtimes\\osx-x64\\native\\libe_sqlite3.dylib": "F82AE134FCD1C080A69D775591406673",
  "runtimes\\win-arm\\native\\e_sqlite3.dll": "0AD1BC4F8BDA409219E6140496260DEE",
  "runtimes\\win-arm64\\native\\e_sqlite3.dll": "AD7DA0FA2862AC2E5E7769AB34B3F805",
  "runtimes\\win-x64\\native\\e_sqlite3.dll": "1306E1D4E527CD3506C06463F56FD85D",
  "runtimes\\win-x64\\native\\minhook.x64d.dll": "08C653BB2B530B89D012A2A856C97B3A",
  "runtimes\\win-x86\\native\\e_sqlite3.dll": "6DDB530D5D88A2690334221955B3FFC4",
  "targets\\Dalamud.Plugin.Bootstrap.targets": "C85635161398CD9852CF7212DB7EB904",
  "targets\\Dalamud.Plugin.targets": "394EE2BEC70254F76ABBE2C33F62BBFA",
  "BCnEncoder.dll": "91E873AE6A456FF659ED6F1BC63105E3",
  "BitFaster.Caching.dll": "3AEE731C16D786CB8C7E97421D75F2A5",
  "CheapLoc.dll": "9C6D5630D66AE915D2B691B6F5C1888D",
  "cimgui.dll": "611B78A87DCF6211E6D55B1E3E437644",
  "cimguizmo.dll": "E4AA0741D4B1DB5F7CB53200755EBCF4",
  "cimplot.dll": "7C4505968F0FB4C81EB9B2D567B623D2",
  "commit_hash.txt": "8E09E8274F145650C3EDBA18ECD66A21",
  "CommunityToolkit.HighPerformance.dll": "66B64EC334625F2C5D341A45E28EEB43",
  "Dalamud.Bindings.ImGui.dll": "A4706EA02DCBBA557DAE21CF69D5AC1B",
  "Dalamud.Bindings.ImGuizmo.dll": "F3E0DADCED71A46326F1457DCC8B7C3E",
  "Dalamud.Bindings.ImPlot.dll": "5899F4696840B80C8B494D9540E81D79",
  "Dalamud.Boot.dll": "8CA1799148634D70BF6EC54DCDBE94C2",
  "Dalamud.Common.dll": "8F829A572199C05FA6061D9F1E687B3F",
  "Dalamud.deps.json": "943CF90212F28B7FEE7C5E047A67B85E",
  "Dalamud.dll": "F915531F8C08A6806753D2F8A0247D3E",
  "Dalamud.Injector.deps.json": "AE17A723819E88058C70AA4BDA14CA37",
  "Dalamud.Injector.dll": "8AFD649FBAD8A9624808564F5CE6345C",
  "Dalamud.Injector.exe": "9E61F1A7A3F33CC55F45284909AEC4DA",
  "Dalamud.Injector.runtimeconfig.json": "439C534917CEF268A731631073E50FE4",
  "Dalamud.Injector.xml": "07EC7B68C97460A1C8275C75BE82FAA9",
  "Dalamud.runtimeconfig.json": "CA3935E9C6B9E3300F2D7171E4AF6335",
  "Dalamud.xml": "6A2EA79D86A0EFACA77F2D06D480E4EF",
  "DalamudCrashHandler.exe": "9B6F785FCCCD01E89CF3479B40E8C754",
  "FASM-LICENSE.TXT": "ECEA1D10811221D5F0A3E96F9C38E2C7",
  "FASM.DLL": "D46D8B150D9B330AC4F640B09123E078",
  "FASMX64.DLL": "83D8552ABE7C3DD2203A2C8E5AACC14B",
  "FFXIVClientStructs.dll": "C255CD90326AAE8A02017AD24139DA9E",
  "FFXIVClientStructs.xml": "40D21E58816385CD5B565075AAC7F5F4",
  "goatcorp.Reloaded.Assembler.dll": "A33AA36774E11BF02312234856AA8414",
  "goatcorp.Reloaded.Assembler.targets": "CC22CB0A353E2136EE9E6E96DB9F7164",
  "goatcorp.Reloaded.Hooks.dll": "1CD121D11ECCAFAB5F7C8359DC428FCF",
  "goatcorp.Reloaded.Memory.Buffers.dll": "6F678E0C440BE0A1C0A3D5596A509F73",
  "HexaGen.Runtime.dll": "6C64104B14441A5DBEA4389495FF4B54",
  "Iced.dll": "566FD4AA2C20BFFBB416A45B9A3E57FD",
  "ImGuiScene.dll": "4ABD83065EE31800092B9265A068380E",
  "InteropGenerator.Runtime.dll": "36DA269E5B1D822D99F50DBD3AC986FE",
  "JetBrains.Annotations.dll": "BEF1887A97C73A2DE7E8D736EBA36113",
  "licenses.txt": "A159BE62AA91178EFC3E3983AE874D1D",
  "Lumina.dll": "A185FB2B9B92EF9CC0DACD0D8B551506",
  "Lumina.Excel.dll": "3C9BF7A0DC367CAA231ACC05577215A2",
  "Lumina.Excel.xml": "5CDD45BD0DF11B638FF339938C076EDF",
  "Microsoft.Extensions.ObjectPool.dll": "5510583E2B50BE953814615586673C33",
  "MinSharp.dll": "7A0ABF5FA896E25F2F75AE8C7B11D5AB",
  "Mono.Cecil.dll": "3DFCFA0762CA3C2335D8092BC55BBE93",
  "Mono.Cecil.Mdb.dll": "42BB51A20CA44E85A83AEBFF70052D6A",
  "Mono.Cecil.Pdb.dll": "941B4CC6BF5B110970697CD4FD687B7F",
  "Mono.Cecil.Rocks.dll": "77D79F2FBBB0D8FE042E2FFB3C5E900C",
  "nethost.dll": "21F39F71E2F4B5BA9FB3F126872F2F9B",
  "Newtonsoft.Json.dll": "ADF3E3EECDE20B7C9661E9C47106A14A",
  "PeNet.Asn1.dll": "E1C5DD83D98A4A85272DFC66166BA46C",
  "PeNet.dll": "CB723AC310A26D4FBD37DBAD4BFFCF23",
  "Reloaded.Hooks.Definitions.dll": "BE21C69D8CBA79EE2EDA540FE009B222",
  "Reloaded.Memory.Buffers.dll": "AECCB69E65F38751B472FDA17187B7D1",
  "Reloaded.Memory.dll": "6E24D5BE4E5D5E738629635500415020",
  "revision.txt": "6687CB56CC090ABCAEDEFCA26A8E6606",
  "Serilog.dll": "19ADAE57E39EC21D7E7DF8E14F4241A3",
  "Serilog.Sinks.Async.dll": "A87475EC9A815DEE021580C1DE673110",
  "Serilog.Sinks.Console.dll": "8F11004E4DAFDE9F31349A07EEC3A3DC",
  "Serilog.Sinks.File.dll": "956DB5946611FAEBC2B479CCA95828E5",
  "SharpDX.Direct3D11.dll": "A696DD07795521E0798EC69DCBB37A21",
  "SharpDX.dll": "CACB9DCEC830F4B31D6001EEDD8C12FF",
  "SharpDX.DXGI.dll": "E794C1CE26EBA5F107894E48F078EFBF",
  "SharpDX.Mathematics.dll": "8894A538CF2E42FB98F871216E2A6E3C",
  "SQLite-net.dll": "BF813CFA49120683F77ACEB24B3E08BE",
  "SQLitePCLRaw.batteries_v2.dll": "75CE74628F8AA69F5A3DBBD1F7F271AD",
  "SQLitePCLRaw.core.dll": "309E3E34F0F11377AE246C526D94D099",
  "SQLitePCLRaw.nativelibrary.dll": "9744625591D66FB8740831D17E37AA3C",
  "SQLitePCLRaw.provider.dynamic_cdecl.dll": "23413D8B2ED2F506A4A82EF8547CE685",
  "System.Reactive.dll": "EF5A00287AD15393D41B12AA4B726FF7",
  "System.Reflection.MetadataLoadContext.dll": "E88E3AF6D37736F339022C9ACC5F2F7B",
  "System.Security.Cryptography.Pkcs.dll": "8950E01996A37E808BE3F39063C37BF9",
  "TEMP_gitver.txt": "19CFDD4F074048B9D746E8F495726DA5",
  "TerraFX.Interop.Windows.dll": "84F7EF6B0DE91F8CC23F773D3FD6DEC0"
}
