{
  "runtimes\\alpine-x64\\native\\libe_sqlite3.so": "39C244FEDBCD3DFC37041D4FCE1AE21D",
  "runtimes\\linux-arm\\native\\libe_sqlite3.so": "96CF54BC0EFB83D6E3F5F3E04997A59D",
  "runtimes\\linux-arm64\\native\\libe_sqlite3.so": "F079E55E7F3F9966A4A2052A3234E068",
  "runtimes\\linux-armel\\native\\libe_sqlite3.so": "C5A67D49434FC65D64E9C15778078C76",
  "runtimes\\linux-mips64\\native\\libe_sqlite3.so": "5F8461214089CFC677D46C19B7162161",
  "runtimes\\linux-musl-x64\\native\\libe_sqlite3.so": "39C244FEDBCD3DFC37041D4FCE1AE21D",
  "runtimes\\linux-x64\\native\\libe_sqlite3.so": "6F49C540D3AB9964D67A4A704C3D262D",
  "runtimes\\linux-x86\\native\\libe_sqlite3.so": "5E0659B414CBD6DDC38C65582485853E",
  "runtimes\\osx-x64\\native\\libe_sqlite3.dylib": "F82AE134FCD1C080A69D775591406673",
  "runtimes\\win-arm\\native\\e_sqlite3.dll": "9762FD77F712E87066027D6D98D0F89B",
  "runtimes\\win-arm64\\native\\e_sqlite3.dll": "56A47144B7DCAAFB6DC7147D77A259B3",
  "runtimes\\win-x64\\native\\e_sqlite3.dll": "CA7B47D81E26BCBE44926A93BF50685D",
  "runtimes\\win-x64\\native\\minhook.x64d.dll": "D0575FF9A06C36303722236F0E853A2D",
  "runtimes\\win-x86\\native\\e_sqlite3.dll": "EE80F707D39425A792ABA0A6A521E156",
  "targets\\Dalamud.Plugin.Bootstrap.targets": "C85635161398CD9852CF7212DB7EB904",
  "targets\\Dalamud.Plugin.targets": "394EE2BEC70254F76ABBE2C33F62BBFA",
  "BCnEncoder.dll": "11E0DB69BE6690DCA7A4539382BA7314",
  "BitFaster.Caching.dll": "410302F6F2957317937C4B8A9054DCA4",
  "CheapLoc.dll": "C92DB85B12CCA1D0442BB4F396028065",
  "cimgui.dll": "2E79F0C731AF1CE1CAA5DF3D2E6F3D1F",
  "cimguizmo.dll": "F692C19B75C314B296160FD9E434AF0B",
  "cimplot.dll": "0C69C1CF04C331D886108C8987C9D01A",
  "commit_hash.txt": "9003C519CA8E1C3A2186EA7F02B0E4BB",
  "CommunityToolkit.HighPerformance.dll": "66B64EC334625F2C5D341A45E28EEB43",
  "Dalamud.Bindings.ImGui.dll": "F1CA7A4F76D735F8C0ED8115029B42D6",
  "Dalamud.Bindings.ImGuizmo.dll": "C36DF5F29750A3009679D497C4F48A94",
  "Dalamud.Bindings.ImPlot.dll": "AE85563D027780D487EDE6CB98006024",
  "Dalamud.Boot.dll": "EE9722C968E6F9573E6E01270CADD3BC",
  "Dalamud.Common.dll": "8561F8F0EA322CBE37E169F9343942A1",
  "Dalamud.deps.json": "00D2EDBA3306E3A46C38AF16BF521FEA",
  "Dalamud.dll": "6FA72D21C9E07D2FC09D01B224BFD824",
  "Dalamud.Injector.deps.json": "C21972522E8133995B2C9562B3E39983",
  "Dalamud.Injector.dll": "3CF27AD57779204DA5BB7E1E37393F2F",
  "Dalamud.Injector.exe": "8B5AAE9537B9D1FA6F045C1070D64DCC",
  "Dalamud.Injector.runtimeconfig.json": "439C534917CEF268A731631073E50FE4",
  "Dalamud.Injector.xml": "6730B8BB13078B71889B5A56C5DFAC6D",
  "Dalamud.runtimeconfig.json": "CA3935E9C6B9E3300F2D7171E4AF6335",
  "Dalamud.xml": "5C4EBF3A867F0F50041EB19339DD2D09",
  "DalamudCrashHandler.exe": "A5F1B2F2F41058FCF22DADBE27A5A668",
  "FASM-LICENSE.TXT": "ECEA1D10811221D5F0A3E96F9C38E2C7",
  "FASM.DLL": "92D8A44221285B1018A2C583449B59DA",
  "FASMX64.DLL": "BFFFC39CC340A523A68AD81F1027F9B6",
  "FFXIVClientStructs.dll": "0EB232EFF4F11DC58F8FB37FB05DFF07",
  "FFXIVClientStructs.xml": "9694F16B071CF2BCA5671DDAFC3617B6",
  "goatcorp.Reloaded.Assembler.targets": "CC22CB0A353E2136EE9E6E96DB9F7164",
  "HexaGen.Runtime.dll": "A1FC4AACCB1053A7BC51CD8466BA5B0B",
  "Iced.dll": "E4A19E0B38445639E63FCBA00A2637BA",
  "ImGuiScene.dll": "672E51FEACCEC41E2EA6662084CA2AF8",
  "InteropGenerator.Runtime.dll": "4E32CF428BCA0598611303974467990B",
  "JetBrains.Annotations.dll": "AA3C8C1D3BBD8BB218C77A376A6A5F18",
  "licenses.txt": "A159BE62AA91178EFC3E3983AE874D1D",
  "Lumina.dll": "F035DAC554E654B3D68BFF2F1CAD86A1",
  "Lumina.Excel.dll": "E25AB3C5D8DFA0A1E46F88288088583A",
  "Lumina.Excel.xml": "0089FDC0BA0B16ED0696413305959999",
  "Microsoft.Extensions.ObjectPool.dll": "5510583E2B50BE953814615586673C33",
  "MinSharp.dll": "5B02D8D26F4F3956857D3610F9DBAE40",
  "Mono.Cecil.dll": "D2167C2BA0EA50E908ACCC1EF5195CA7",
  "Mono.Cecil.Mdb.dll": "352FE9DE72B76A86EE8E012EA0D64A32",
  "Mono.Cecil.Pdb.dll": "AE18C2954B45600873B3B57DE522ADC1",
  "Mono.Cecil.Rocks.dll": "46A0F781572B7C0DD9FFADBF43D4CE50",
  "nethost.dll": "21F39F71E2F4B5BA9FB3F126872F2F9B",
  "Newtonsoft.Json.dll": "ADF3E3EECDE20B7C9661E9C47106A14A",
  "PeNet.Asn1.dll": "2B41EEA40D573358601B15E8C25A74D5",
  "PeNet.dll": "3AC44EFD0CC727C25751E163B0916A67",
  "Reloaded.Assembler.dll": "FBE2622AB5C01DFC5DF45318041FBBB9",
  "Reloaded.Hooks.Definitions.dll": "21C7CD362CB492A8983B4C80CA2FD45D",
  "Reloaded.Hooks.dll": "A0B6D2F951EDE72CE02F909E775B8E7C",
  "Reloaded.Memory.Buffers.dll": "E955B0FAED1BB3AA69C800E625E1D0AA",
  "Reloaded.Memory.dll": "272FCD4DE3E5B62E3BB294BF97CDF524",
  "revision.txt": "7F2CBA89A7116C7C6B0A769572D5FAD9",
  "Serilog.dll": "6939351B75FAE6D5AA76B518752E6742",
  "Serilog.Sinks.Async.dll": "CFF73EA7EEC60EED069D1EB0FC4282ED",
  "Serilog.Sinks.Console.dll": "0DB6A799E53EC78CF1B63FD4F88F869E",
  "Serilog.Sinks.File.dll": "CC3EEF4115DD98A15A1970D78079F47C",
  "SharpDX.Direct3D11.dll": "3449414340B4673A12542CCF355FE284",
  "SharpDX.dll": "8D5191D8D5B3F08F1FB86299D9723067",
  "SharpDX.DXGI.dll": "8EAFDE1AA43FB763675123C98E98FCB7",
  "SharpDX.Mathematics.dll": "2E502E6F44964A24A670135DD6DE80D9",
  "SQLite-net.dll": "CF680BECEF4C2791D1A97770290F9436",
  "SQLitePCLRaw.batteries_v2.dll": "4552FD0F181893CC52CE8B5029652B73",
  "SQLitePCLRaw.core.dll": "8A099BECDAA35C704BB7FCC2C2695947",
  "SQLitePCLRaw.nativelibrary.dll": "152E283FFDA95E5DC90C64CC55751FC5",
  "SQLitePCLRaw.provider.dynamic_cdecl.dll": "332F67C6DF894D7E29C747922BD0EB6F",
  "System.Reactive.dll": "EF5A00287AD15393D41B12AA4B726FF7",
  "System.Reflection.MetadataLoadContext.dll": "E88E3AF6D37736F339022C9ACC5F2F7B",
  "System.Security.Cryptography.Pkcs.dll": "8950E01996A37E808BE3F39063C37BF9",
  "TEMP_gitver.txt": "E5BED148534BC7205E50A6527DB34530",
  "TerraFX.Interop.Windows.dll": "84F7EF6B0DE91F8CC23F773D3FD6DEC0"
}
