{
  "runtimes\\alpine-x64\\native\\libe_sqlite3.so": "39C244FEDBCD3DFC37041D4FCE1AE21D",
  "runtimes\\linux-arm\\native\\libe_sqlite3.so": "96CF54BC0EFB83D6E3F5F3E04997A59D",
  "runtimes\\linux-arm64\\native\\libe_sqlite3.so": "F079E55E7F3F9966A4A2052A3234E068",
  "runtimes\\linux-armel\\native\\libe_sqlite3.so": "C5A67D49434FC65D64E9C15778078C76",
  "runtimes\\linux-mips64\\native\\libe_sqlite3.so": "5F8461214089CFC677D46C19B7162161",
  "runtimes\\linux-musl-x64\\native\\libe_sqlite3.so": "39C244FEDBCD3DFC37041D4FCE1AE21D",
  "runtimes\\linux-x64\\native\\libe_sqlite3.so": "6F49C540D3AB9964D67A4A704C3D262D",
  "runtimes\\linux-x64\\native\\libglfw.so.3": "9E3137144F68B9E9793F4C7AD5B1BEA7",
  "runtimes\\linux-x64\\native\\libSDL2-2.0.so": "99B95A708381FC66AB2370E45A260527",
  "runtimes\\linux-x64\\native\\libstbi.so": "0945355ED59677D06E3E88F48101BB26",
  "runtimes\\linux-x86\\native\\libe_sqlite3.so": "5E0659B414CBD6DDC38C65582485853E",
  "runtimes\\osx-x64\\native\\libe_sqlite3.dylib": "F82AE134FCD1C080A69D775591406673",
  "runtimes\\osx-x64\\native\\libglfw.3.dylib": "1E30FAB2F0C40E82290AD4B0BF14A880",
  "runtimes\\osx-x64\\native\\libSDL2-2.0.dylib": "AAC958490586C67395F0A90903AE3747",
  "runtimes\\osx-x64\\native\\libstbi.dylib": "0B84B0A6A80178266018081C3CAB68E6",
  "runtimes\\win-arm\\native\\e_sqlite3.dll": "EE6ACF24C98C022CDF20FB62E31D9067",
  "runtimes\\win-arm64\\native\\e_sqlite3.dll": "33C81D6764A76B4258609CEA627125D3",
  "runtimes\\win-x64\\native\\cimgui.dll": "97FD31126B6189A2B4C038B9954E3485",
  "runtimes\\win-x64\\native\\cimguizmo.dll": "C2B1BD559E1D54705A752233DAEE0E04",
  "runtimes\\win-x64\\native\\cimplot.dll": "888957CD21C9BBB6561922A443DB0127",
  "runtimes\\win-x64\\native\\e_sqlite3.dll": "7A3061840FD52A17CE9511E2E32939E9",
  "runtimes\\win-x64\\native\\glfw3.dll": "1465E64E370418DA7A357225C4DB83A6",
  "runtimes\\win-x64\\native\\minhook.x64d.dll": "2DC3DCB2F4B5654D026C9D908404135E",
  "runtimes\\win-x64\\native\\SDL2.dll": "4564C0F8185293E09BA11AD7595BF3AE",
  "runtimes\\win-x64\\native\\stbi.dll": "4D31E144B171C0D8931DC6BFD0CBB4ED",
  "runtimes\\win-x64\\native\\stbi.lib": "927C214DE576219E1F80DBE7798A0502",
  "runtimes\\win-x86\\native\\e_sqlite3.dll": "61916806989E540E2F95D1AD60735E17",
  "runtimes\\win-x86\\native\\glfw3.dll": "EF02B8B9973949CF98B18656D1C2BCAB",
  "runtimes\\win-x86\\native\\SDL2.dll": "D1FC08629669FBCD8470696CD4E75B04",
  "targets\\Dalamud.Plugin.Bootstrap.targets": "C85635161398CD9852CF7212DB7EB904",
  "targets\\Dalamud.Plugin.targets": "E2AA900DB1F6596D1C203D4112A10F5E",
  "CheapLoc.dll": "B259252175830244CFBB79C203AF8C00",
  "Costura.dll": "52A614E1884DE57FF6A758C8485447BD",
  "Dalamud.Boot.dll": "8DC754C81EC9F050F6167AC94ACE9129",
  "Dalamud.Common.dll": "F57E075B6AEF19D6208675C6FFE903AC",
  "Dalamud.deps.json": "4372DEA72F66DC98C8D2CC4A9661A317",
  "Dalamud.dll": "A91FD9727103C7C8D3BCF8EF89A4A451",
  "Dalamud.Injector.deps.json": "C1FA0941DC8B38E415776C60C508AAB9",
  "Dalamud.Injector.dll": "8B0F056FCD51D120E58DC95F8B246204",
  "Dalamud.Injector.exe": "D1AC9E3753E2181F7BA51592894D2F85",
  "Dalamud.Injector.runtimeconfig.json": "B9BB65FFE7924D4D8BABE9FA66303200",
  "Dalamud.Injector.xml": "D41E5DF541D19A015215E777D7395C9C",
  "Dalamud.runtimeconfig.json": "2A9CD915428BDD175E0889BD0C225F75",
  "Dalamud.xml": "360B990E413496F9550EC7BDAA6A8C55",
  "DalamudCrashHandler.exe": "CD630CAE12E6964E9AD9B3C0DEF826D2",
  "FASM-LICENSE.TXT": "ECEA1D10811221D5F0A3E96F9C38E2C7",
  "FASM.DLL": "D534D7E5DC467E00439F1B58E3B3D59A",
  "FASMX64.DLL": "25F54E9B594EA86368F8EB3E12D632DF",
  "FFXIVClientStructs.dll": "FD71D702DD02FE78526972AFB6B1FC06",
  "FFXIVClientStructs.xml": "9F5B58E540D9CB85ACA5DF7C454064FA",
  "goaaats.Reloaded.Assembler.targets": "CC22CB0A353E2136EE9E6E96DB9F7164",
  "Iced.dll": "F6ED72F2F12F969EEFE8379D1A3EFEE6",
  "ImGui.NET.dll": "095A154E359BF0A22054105BF2EF37F6",
  "ImGuiScene.dll": "D09626061A54166DBA0708A147815037",
  "JetBrains.Annotations.dll": "5575C4B17FFBE84A30CD96A824AF3D12",
  "licenses.txt": "A159BE62AA91178EFC3E3983AE874D1D",
  "Lumina.dll": "B7984606D12F6B6A248911CAC3404506",
  "Lumina.Excel.dll": "CBACD9A33F2FEF23691F080CBF932EEF",
  "Microsoft.Bcl.HashCode.dll": "613AB56061ADF2284E047025207467E0",
  "Microsoft.DotNet.PlatformAbstractions.dll": "00AB0F02B1114C57C758F5AD595224F1",
  "Microsoft.Extensions.DependencyModel.dll": "F39BC76C10CFEA478C936FC4521A9FC9",
  "Microsoft.Extensions.ObjectPool.dll": "FEE3CE8A84417360CC5ED787ED6F7DB1",
  "MinSharp.dll": "270BD499F1C53EE2E0114C0F3D251DBE",
  "Mono.Cecil.dll": "0052324738D5F914430E99BC19C9B658",
  "Mono.Cecil.Mdb.dll": "F63353019715919D358D71159D9D2129",
  "Mono.Cecil.Pdb.dll": "6C0A801E8B0247A8510CB51EF9481029",
  "Mono.Cecil.Rocks.dll": "FD3B98205BFC4E278BE2077925E4E6E2",
  "nethost.dll": "012081214FE71F0F6ADCD9F4A71B2B00",
  "Newtonsoft.Json.dll": "86A83A63F12B55FD3718CFBFB577D7DC",
  "PeNet.Asn1.dll": "D5522FC1B881C80A2C694A3ED270DE3A",
  "PeNet.dll": "E38D3DE1785ACB347B3367A230B23747",
  "PInvoke.AdvApi32.dll": "34EE461D05B403C3A15D0DEC32A3788C",
  "PInvoke.BCrypt.dll": "FD07758EE1440491F22923084109FF26",
  "PInvoke.Cabinet.dll": "333D950E3804735DA60CC41D614C63E2",
  "PInvoke.CfgMgr32.dll": "768BE7CC18EDCF78B296A72ABE891691",
  "PInvoke.Crypt32.dll": "E7B00B0851738F4A7F2C6D37DAA973B4",
  "PInvoke.DbgHelp.dll": "E701136169620D20E3A70B560DE20E44",
  "PInvoke.DwmApi.dll": "ACF223CC8962404056648815B486F7D9",
  "PInvoke.Gdi32.dll": "69FF434826F98582CE44D3136ECFFACB",
  "PInvoke.Hid.dll": "2E7A41257F8AD9B26073181F450CD8E5",
  "PInvoke.ImageHlp.dll": "79BE816E8D86EA66489D7780DD675D49",
  "PInvoke.IPHlpApi.dll": "E949FA3326D1BA8872B179AB4EE49D38",
  "PInvoke.Kernel32.dll": "234E15B122ED430DE99490CA1A204958",
  "PInvoke.Magnification.dll": "C9EA3D34F506741ECC044DB19C151F09",
  "PInvoke.Msi.dll": "69EE50CE2DA6B55755E52589F49A7EBC",
  "PInvoke.NCrypt.dll": "DA1DE76C14D99370CA3BEF19DC299B15",
  "PInvoke.NetApi32.dll": "AE79F9FA2E3864A5E0642AE4622ECDC5",
  "PInvoke.NewDev.dll": "B3E1992105D986EF9C5C8E4B630FBB07",
  "PInvoke.NTDll.dll": "3F6BDF840EB27DD0FD9EB8071822183A",
  "PInvoke.Ole32.dll": "3C49FB100B60519FFE725BCD12A538F6",
  "PInvoke.Psapi.dll": "A7683EE4B880227F01C8AE632A892B9E",
  "PInvoke.SetupApi.dll": "1B7AE321185D0081D1759A9AD829F9BA",
  "PInvoke.SHCore.dll": "F27E7F063D51480F6D2294C903E4A606",
  "PInvoke.Shell32.dll": "F71A1BCAF6478190691170DAEA77722F",
  "PInvoke.User32.dll": "8BEDE38311ED4F27127290B81B8079FD",
  "PInvoke.Userenv.dll": "FEB7BCA90B8C905EC2F4BB0789847131",
  "PInvoke.UxTheme.dll": "8E683C016250CB719FDB9AAAFC22B3C5",
  "PInvoke.Windows.Core.dll": "90015440A44935208FFEA9BF61740651",
  "PInvoke.Windows.ShellScalingApi.dll": "F351B34B8C9183A51CADFDC279357C49",
  "PInvoke.WinUsb.dll": "9EB8A0280F2848D1A32B560A939F7336",
  "PInvoke.WtsApi32.dll": "341C94455D2E5893DBE4293D4D67AA4D",
  "Reloaded.Assembler.dll": "13FB043BE748DBE73317F82F59AA283A",
  "Reloaded.Hooks.Definitions.dll": "88331DE05CB14027FE65528F7C7B9256",
  "Reloaded.Hooks.dll": "1DE1D7592FEBE7A9BE80E32929D74F38",
  "Reloaded.Memory.Buffers.dll": "4D0774409F22A0A851F7F382CFE2DF86",
  "Reloaded.Memory.dll": "D6F979519B6E52E0E1EB2F220243510B",
  "revision.txt": "20CF775FA6B5DFE621ADE096F5D85D52",
  "SDL2-CS.config": "65557595FD5DF55D93B2BF881DE62C3A",
  "SDL2-CS.dll": "7AE4EE3F9A58344FF2947228FB4DCD44",
  "Serilog.dll": "CD06D6387256FAF81338F56095A0AE43",
  "Serilog.Sinks.Async.dll": "BF6A910027774005333CD1B0538B21D4",
  "Serilog.Sinks.Console.dll": "DD94264A7CBDA812544F249365A72518",
  "Serilog.Sinks.File.dll": "25A36502400E363C102982532F7DB91E",
  "SharpDX.Direct3D11.dll": "BE7AEF0FCD6F7DF3204B30B5A20DA6D2",
  "SharpDX.dll": "DC402B92A447CC95107DFAA68394C97B",
  "SharpDX.DXGI.dll": "80C0B1CC2F75372772EFDB5B7155AC4C",
  "SharpDX.Mathematics.dll": "FD3F365ED7AE2D27801C814551A748AD",
  "Silk.NET.Core.dll": "8063D4171D1CA311EF3B498BEB80868F",
  "Silk.NET.GLFW.dll": "B77B40844106F66E423D00B56BC15602",
  "Silk.NET.Maths.dll": "ABBC2D7ED914C3498B341F5DAB150E72",
  "Silk.NET.OpenGL.dll": "728E10CF5D3EAC51947062409ABC1D22",
  "Silk.NET.SDL.dll": "2D04933DC45B0CF16028A5F052815437",
  "Silk.NET.Windowing.Common.dll": "B13806A4893145698E15439DE926A61F",
  "Silk.NET.Windowing.Glfw.dll": "F489240B2DFDA1521B0AE23064516773",
  "Silk.NET.Windowing.Sdl.dll": "C255F9D1BA3310CABF02E311B63EF3DB",
  "SQLite-net.dll": "74C14E42C2725BFB6CAA7398DA783D92",
  "SQLitePCLRaw.batteries_v2.dll": "E1E4574AAF1FB4AC976219DD10EC415E",
  "SQLitePCLRaw.core.dll": "3BA8109EF121A826FDBA4551A001469D",
  "SQLitePCLRaw.nativelibrary.dll": "387B7F6268FF749B2A8C7A9A05B50695",
  "SQLitePCLRaw.provider.dynamic_cdecl.dll": "38C0EF7EE23A6EC46CE606193BABF01D",
  "StbiSharp.dll": "8BE93F1001C5563B3BC8DEF5DFFAC0BA",
  "System.Reactive.dll": "EF5A00287AD15393D41B12AA4B726FF7",
  "System.Reflection.MetadataLoadContext.dll": "7EC41D41F4E1246757BA3E2EC862D562",
  "System.Security.Cryptography.Pkcs.dll": "8950E01996A37E808BE3F39063C37BF9",
  "TEMP_gitver.txt": "EB5CD52BB74DDDA428AA75B088E4A7C4",
  "TerraFX.Interop.Windows.dll": "84F7EF6B0DE91F8CC23F773D3FD6DEC0",
  "Validation.dll": "F7718811F04F97E3E30F5D5B1F627DAD"
}
