{
  "runtimes\\alpine-x64\\native\\libe_sqlite3.so": "39C244FEDBCD3DFC37041D4FCE1AE21D",
  "runtimes\\linux-arm\\native\\libe_sqlite3.so": "96CF54BC0EFB83D6E3F5F3E04997A59D",
  "runtimes\\linux-arm64\\native\\libe_sqlite3.so": "F079E55E7F3F9966A4A2052A3234E068",
  "runtimes\\linux-armel\\native\\libe_sqlite3.so": "C5A67D49434FC65D64E9C15778078C76",
  "runtimes\\linux-mips64\\native\\libe_sqlite3.so": "5F8461214089CFC677D46C19B7162161",
  "runtimes\\linux-musl-x64\\native\\libe_sqlite3.so": "39C244FEDBCD3DFC37041D4FCE1AE21D",
  "runtimes\\linux-x64\\native\\libe_sqlite3.so": "6F49C540D3AB9964D67A4A704C3D262D",
  "runtimes\\linux-x64\\native\\libglfw.so.3": "9E3137144F68B9E9793F4C7AD5B1BEA7",
  "runtimes\\linux-x64\\native\\libSDL2-2.0.so": "99B95A708381FC66AB2370E45A260527",
  "runtimes\\linux-x64\\native\\libstbi.so": "0945355ED59677D06E3E88F48101BB26",
  "runtimes\\linux-x86\\native\\libe_sqlite3.so": "5E0659B414CBD6DDC38C65582485853E",
  "runtimes\\osx-x64\\native\\libe_sqlite3.dylib": "F82AE134FCD1C080A69D775591406673",
  "runtimes\\osx-x64\\native\\libglfw.3.dylib": "1E30FAB2F0C40E82290AD4B0BF14A880",
  "runtimes\\osx-x64\\native\\libSDL2-2.0.dylib": "AAC958490586C67395F0A90903AE3747",
  "runtimes\\osx-x64\\native\\libstbi.dylib": "0B84B0A6A80178266018081C3CAB68E6",
  "runtimes\\win-arm\\native\\e_sqlite3.dll": "2311982E7A029DD30F1D9699F7630F79",
  "runtimes\\win-arm64\\native\\e_sqlite3.dll": "F262576439D006343B96B8531E3FBDA4",
  "runtimes\\win-x64\\native\\cimgui.dll": "5EE8DB18FB012AA5F1D767F1E523F30A",
  "runtimes\\win-x64\\native\\cimguizmo.dll": "01590DD714E29B198D98110896F223F3",
  "runtimes\\win-x64\\native\\cimplot.dll": "F1A07B22C5F9AC6BE37C899CA436DEF2",
  "runtimes\\win-x64\\native\\e_sqlite3.dll": "7FBA696BE8180969CA81F0CD016D0ECC",
  "runtimes\\win-x64\\native\\glfw3.dll": "EFE9D39E7575D23FF3146FB939BB947B",
  "runtimes\\win-x64\\native\\minhook.x64d.dll": "C267F54AEC9E4EF964085ED7567CD778",
  "runtimes\\win-x64\\native\\SDL2.dll": "55F5C07015D1D9FC304C6B27CC0A891D",
  "runtimes\\win-x64\\native\\stbi.dll": "35A4085B49623D8B737A63EFC11E8816",
  "runtimes\\win-x64\\native\\stbi.lib": "927C214DE576219E1F80DBE7798A0502",
  "runtimes\\win-x86\\native\\e_sqlite3.dll": "FEA3E8ACF893676F2A99170C11C0C0E4",
  "runtimes\\win-x86\\native\\glfw3.dll": "0CB554D33595DABF1C9815C38EE49E82",
  "runtimes\\win-x86\\native\\SDL2.dll": "6E3D72EA68ACF9260740C98CC0C3F173",
  "targets\\Dalamud.Plugin.Bootstrap.targets": "C85635161398CD9852CF7212DB7EB904",
  "targets\\Dalamud.Plugin.targets": "E2AA900DB1F6596D1C203D4112A10F5E",
  "CheapLoc.dll": "B837C678DD7C5BFDAE2D2FBA7D885341",
  "Costura.dll": "7F4CDB11F7704EFC30613F3DB87D9D89",
  "Dalamud.Boot.dll": "BF7A92F3F214466ED23B411F7B0DE7CA",
  "Dalamud.Common.dll": "0F7EA6800A46925EA49D9FD4C018523D",
  "Dalamud.deps.json": "3D76FD0988F202E5EAB5599A532D02A5",
  "Dalamud.dll": "02F4FDD0929F3C02926380AE2440DF16",
  "Dalamud.Injector.deps.json": "C1FA0941DC8B38E415776C60C508AAB9",
  "Dalamud.Injector.dll": "9C4463E874503C278A8F8670C6C44252",
  "Dalamud.Injector.exe": "992033C663879939FEC59D87DA4AF1A0",
  "Dalamud.Injector.runtimeconfig.json": "B9BB65FFE7924D4D8BABE9FA66303200",
  "Dalamud.Injector.xml": "D41E5DF541D19A015215E777D7395C9C",
  "Dalamud.runtimeconfig.json": "2A9CD915428BDD175E0889BD0C225F75",
  "Dalamud.xml": "2334130230DAEE08535FC00727E3524E",
  "DalamudCrashHandler.exe": "366C084F0C9EA4A36CB62ADB9F7B7BB2",
  "FASM-LICENSE.TXT": "ECEA1D10811221D5F0A3E96F9C38E2C7",
  "FASM.DLL": "6605A40EB18282D7798E33BFF39A19CC",
  "FASMX64.DLL": "AFABDC82CD22513667095FFDE3AEA38E",
  "FFXIVClientStructs.dll": "05A31B5E8388EE0AF3695BA5DA92E23D",
  "FFXIVClientStructs.xml": "1BC608E144B877A3EE42DFBFDD447B74",
  "goaaats.Reloaded.Assembler.targets": "CC22CB0A353E2136EE9E6E96DB9F7164",
  "Iced.dll": "9495ACDDB72B9908C7A719C5FC5E3B24",
  "ImGui.NET.dll": "A12DC59B38DFA1DE5BF29EC52CC3407C",
  "ImGuiScene.dll": "F7B894F6CBD9646EBD1B107B7C829CED",
  "JetBrains.Annotations.dll": "CC6F30C96DDB076F3A730A4443B4EAB3",
  "licenses.txt": "A159BE62AA91178EFC3E3983AE874D1D",
  "Lumina.dll": "8F3D1E5D7851FAD3E925FE2926095136",
  "Lumina.Excel.dll": "E5A87B318E1FF969DAD52E5F2CDE158A",
  "Microsoft.Bcl.HashCode.dll": "613AB56061ADF2284E047025207467E0",
  "Microsoft.DotNet.PlatformAbstractions.dll": "00AB0F02B1114C57C758F5AD595224F1",
  "Microsoft.Extensions.DependencyModel.dll": "F39BC76C10CFEA478C936FC4521A9FC9",
  "Microsoft.Extensions.ObjectPool.dll": "4EEE3E64BE561711391BF998FFBF65D3",
  "MinSharp.dll": "8C94E691B7D91D61CBC3F59297211CCC",
  "Mono.Cecil.dll": "F437853E9A0470774C0216157608B748",
  "Mono.Cecil.Mdb.dll": "E8F54BF0319FD544152AAAFB74FA84A2",
  "Mono.Cecil.Pdb.dll": "F5F181576CEB8BFA813E85AB9DF04B76",
  "Mono.Cecil.Rocks.dll": "F4A8DCD49E1F491293C1D55E97FF9708",
  "nethost.dll": "012081214FE71F0F6ADCD9F4A71B2B00",
  "Newtonsoft.Json.dll": "86A83A63F12B55FD3718CFBFB577D7DC",
  "PeNet.Asn1.dll": "1EC2A6BD787F197C56EA43EA2288F3E3",
  "PeNet.dll": "026D5AC8F3CEFF2D85FB27A034230ADF",
  "PInvoke.AdvApi32.dll": "34EE461D05B403C3A15D0DEC32A3788C",
  "PInvoke.BCrypt.dll": "FD07758EE1440491F22923084109FF26",
  "PInvoke.Cabinet.dll": "333D950E3804735DA60CC41D614C63E2",
  "PInvoke.CfgMgr32.dll": "768BE7CC18EDCF78B296A72ABE891691",
  "PInvoke.Crypt32.dll": "E7B00B0851738F4A7F2C6D37DAA973B4",
  "PInvoke.DbgHelp.dll": "E701136169620D20E3A70B560DE20E44",
  "PInvoke.DwmApi.dll": "ACF223CC8962404056648815B486F7D9",
  "PInvoke.Gdi32.dll": "69FF434826F98582CE44D3136ECFFACB",
  "PInvoke.Hid.dll": "2E7A41257F8AD9B26073181F450CD8E5",
  "PInvoke.ImageHlp.dll": "79BE816E8D86EA66489D7780DD675D49",
  "PInvoke.IPHlpApi.dll": "E949FA3326D1BA8872B179AB4EE49D38",
  "PInvoke.Kernel32.dll": "234E15B122ED430DE99490CA1A204958",
  "PInvoke.Magnification.dll": "C9EA3D34F506741ECC044DB19C151F09",
  "PInvoke.Msi.dll": "69EE50CE2DA6B55755E52589F49A7EBC",
  "PInvoke.NCrypt.dll": "DA1DE76C14D99370CA3BEF19DC299B15",
  "PInvoke.NetApi32.dll": "AE79F9FA2E3864A5E0642AE4622ECDC5",
  "PInvoke.NewDev.dll": "B3E1992105D986EF9C5C8E4B630FBB07",
  "PInvoke.NTDll.dll": "3F6BDF840EB27DD0FD9EB8071822183A",
  "PInvoke.Ole32.dll": "3C49FB100B60519FFE725BCD12A538F6",
  "PInvoke.Psapi.dll": "A7683EE4B880227F01C8AE632A892B9E",
  "PInvoke.SetupApi.dll": "1B7AE321185D0081D1759A9AD829F9BA",
  "PInvoke.SHCore.dll": "F27E7F063D51480F6D2294C903E4A606",
  "PInvoke.Shell32.dll": "F71A1BCAF6478190691170DAEA77722F",
  "PInvoke.User32.dll": "8BEDE38311ED4F27127290B81B8079FD",
  "PInvoke.Userenv.dll": "FEB7BCA90B8C905EC2F4BB0789847131",
  "PInvoke.UxTheme.dll": "8E683C016250CB719FDB9AAAFC22B3C5",
  "PInvoke.Windows.Core.dll": "90015440A44935208FFEA9BF61740651",
  "PInvoke.Windows.ShellScalingApi.dll": "F351B34B8C9183A51CADFDC279357C49",
  "PInvoke.WinUsb.dll": "9EB8A0280F2848D1A32B560A939F7336",
  "PInvoke.WtsApi32.dll": "341C94455D2E5893DBE4293D4D67AA4D",
  "Reloaded.Assembler.dll": "0A9835D01FEF15EC514F55979FAC4B65",
  "Reloaded.Hooks.Definitions.dll": "CB43B59A5A2B84DDCDD0C5993FBF6C82",
  "Reloaded.Hooks.dll": "27596620EFB77A0D5F0359CAA664A2F2",
  "Reloaded.Memory.Buffers.dll": "BBED114FDE4DB007F25390A80F878F70",
  "Reloaded.Memory.dll": "DD42BEF68AA605AD39D6DCC21E5F6009",
  "revision.txt": "084AFD913AB1E6EA58B8CA73F6CB41A6",
  "SDL2-CS.config": "65557595FD5DF55D93B2BF881DE62C3A",
  "SDL2-CS.dll": "911B228CB7D8BC12A66E14F0323EF902",
  "Serilog.dll": "DFE5ECE1E957758F0FDD9111A568FE79",
  "Serilog.Sinks.Async.dll": "088CE1A54E27FCF811167D59385A898A",
  "Serilog.Sinks.Console.dll": "43D5C134290CDAC8594268C669EE38D9",
  "Serilog.Sinks.File.dll": "7F4B660538C3BC1B6DC2787509646208",
  "SharpDX.Direct3D11.dll": "FA1F12D67A78A614D2C7E3CEE81EDCCD",
  "SharpDX.dll": "58B45B0670C911F6AAE883698EB2ECAD",
  "SharpDX.DXGI.dll": "944BEFB95798B34A765FC1C8A8B1925C",
  "SharpDX.Mathematics.dll": "5B04F9E1FEDE52863871333CA915B07E",
  "Silk.NET.Core.dll": "C39E963F5839FBD0A3282A57E53C7DF2",
  "Silk.NET.GLFW.dll": "4316BBD10EB23FBA1EF3C1E8B4CB843E",
  "Silk.NET.Maths.dll": "714D29EE762A23948C2B08947956CC14",
  "Silk.NET.OpenGL.dll": "D214B5D6E972767295EB148414931E89",
  "Silk.NET.SDL.dll": "1A280336882F6BA994298F9D46E00CDF",
  "Silk.NET.Windowing.Common.dll": "0AB45DD73089BAB3D25B8F8BB9014AC6",
  "Silk.NET.Windowing.Glfw.dll": "0AC286A19CC0DF15A361BC4D1A814DA6",
  "Silk.NET.Windowing.Sdl.dll": "3FB96389497518DC3D4474F1D749FBBF",
  "SQLite-net.dll": "B8A5F393D64F1B324FCB6D67A0652AF8",
  "SQLitePCLRaw.batteries_v2.dll": "E911FEA16D5756D51F59C5E0DC1D69D3",
  "SQLitePCLRaw.core.dll": "820F9ACC2F89F2A09B30D8DDA49BB9DF",
  "SQLitePCLRaw.nativelibrary.dll": "2542D9481B40CB7D1D3197938A9F53A6",
  "SQLitePCLRaw.provider.dynamic_cdecl.dll": "84E5CC77714A13224560704C31034B31",
  "StbiSharp.dll": "1761A58DAD664C1F20C9EC3A9807D357",
  "System.Reactive.dll": "EF5A00287AD15393D41B12AA4B726FF7",
  "System.Reflection.MetadataLoadContext.dll": "7EC41D41F4E1246757BA3E2EC862D562",
  "System.Security.Cryptography.Pkcs.dll": "8950E01996A37E808BE3F39063C37BF9",
  "TEMP_gitver.txt": "A962E94B7F3D5DC205EE355071E47941",
  "TerraFX.Interop.Windows.dll": "84F7EF6B0DE91F8CC23F773D3FD6DEC0",
  "Validation.dll": "4E71CA63234CCD16699C2A883023A57C"
}
