{
  "runtimes\\alpine-x64\\native\\libe_sqlite3.so": "39C244FEDBCD3DFC37041D4FCE1AE21D",
  "runtimes\\linux-arm\\native\\libe_sqlite3.so": "96CF54BC0EFB83D6E3F5F3E04997A59D",
  "runtimes\\linux-arm64\\native\\libe_sqlite3.so": "F079E55E7F3F9966A4A2052A3234E068",
  "runtimes\\linux-armel\\native\\libe_sqlite3.so": "C5A67D49434FC65D64E9C15778078C76",
  "runtimes\\linux-mips64\\native\\libe_sqlite3.so": "5F8461214089CFC677D46C19B7162161",
  "runtimes\\linux-musl-x64\\native\\libe_sqlite3.so": "39C244FEDBCD3DFC37041D4FCE1AE21D",
  "runtimes\\linux-x64\\native\\libe_sqlite3.so": "6F49C540D3AB9964D67A4A704C3D262D",
  "runtimes\\linux-x64\\native\\libglfw.so.3": "9E3137144F68B9E9793F4C7AD5B1BEA7",
  "runtimes\\linux-x64\\native\\libSDL2-2.0.so": "99B95A708381FC66AB2370E45A260527",
  "runtimes\\linux-x64\\native\\libstbi.so": "0945355ED59677D06E3E88F48101BB26",
  "runtimes\\linux-x86\\native\\libe_sqlite3.so": "5E0659B414CBD6DDC38C65582485853E",
  "runtimes\\osx-x64\\native\\libe_sqlite3.dylib": "F82AE134FCD1C080A69D775591406673",
  "runtimes\\osx-x64\\native\\libglfw.3.dylib": "1E30FAB2F0C40E82290AD4B0BF14A880",
  "runtimes\\osx-x64\\native\\libSDL2-2.0.dylib": "AAC958490586C67395F0A90903AE3747",
  "runtimes\\osx-x64\\native\\libstbi.dylib": "0B84B0A6A80178266018081C3CAB68E6",
  "runtimes\\win-arm\\native\\e_sqlite3.dll": "DC0C24767E1481B6C50435E9A407A1BD",
  "runtimes\\win-arm64\\native\\e_sqlite3.dll": "D86CFAED6CF0399C895ED24AE8568672",
  "runtimes\\win-x64\\native\\cimgui.dll": "839D20F3E39B44A63E2BE3E9657F0282",
  "runtimes\\win-x64\\native\\cimguizmo.dll": "D5186134F2A8E8B618BF05E3C9174E72",
  "runtimes\\win-x64\\native\\cimplot.dll": "AF86EB0C0C8BD7C99CD17E74A9F0BDD9",
  "runtimes\\win-x64\\native\\e_sqlite3.dll": "D6063047EC57F81F375F27CC451A13E1",
  "runtimes\\win-x64\\native\\glfw3.dll": "0A46C06F2220856A4AB423EC8BC268D4",
  "runtimes\\win-x64\\native\\minhook.x64d.dll": "221E48C2C698A95ACF53550A4B961778",
  "runtimes\\win-x64\\native\\SDL2.dll": "332B9F79F85C6D1B6CF8B1D541DB5B7B",
  "runtimes\\win-x64\\native\\stbi.dll": "23245A2D67C1B9DCD9F759F3A927DBEA",
  "runtimes\\win-x64\\native\\stbi.lib": "927C214DE576219E1F80DBE7798A0502",
  "runtimes\\win-x86\\native\\e_sqlite3.dll": "B01FB0C6F946DBB62FA4195AD8217F81",
  "runtimes\\win-x86\\native\\glfw3.dll": "E289E600DAC53E889535A275B9CE0FED",
  "runtimes\\win-x86\\native\\SDL2.dll": "D8DBF6A2888C5CE784E335232BDE7D80",
  "targets\\Dalamud.Plugin.Bootstrap.targets": "C85635161398CD9852CF7212DB7EB904",
  "targets\\Dalamud.Plugin.targets": "E2AA900DB1F6596D1C203D4112A10F5E",
  "CheapLoc.dll": "77745F4EF72310FB4CB2BB417B6EBD36",
  "Costura.dll": "0E0DD30C60C6E6A7E24B613C5428AA38",
  "Dalamud.Boot.dll": "88732AACD54422C47A6F779551164BF6",
  "Dalamud.Common.dll": "BAD430CBF667CB91C199A2F9655D954E",
  "Dalamud.deps.json": "348ED6044CF9F6A622566FB11C6D37E6",
  "Dalamud.dll": "DC3459A411427D6B88E4BE9DD7B6E2CF",
  "Dalamud.Injector.deps.json": "C1FA0941DC8B38E415776C60C508AAB9",
  "Dalamud.Injector.dll": "0C95DAF2899B607587106BAAEEA15968",
  "Dalamud.Injector.exe": "FC72737DE4700FA9DE72F6BE6531EFC0",
  "Dalamud.Injector.runtimeconfig.json": "B9BB65FFE7924D4D8BABE9FA66303200",
  "Dalamud.Injector.xml": "D41E5DF541D19A015215E777D7395C9C",
  "Dalamud.runtimeconfig.json": "2A9CD915428BDD175E0889BD0C225F75",
  "Dalamud.xml": "D368F08C50CFE2F9E4E4EEC2C8ED510A",
  "DalamudCrashHandler.exe": "DEF2C03D36446EAD9C5A5E7099739C25",
  "FASM-LICENSE.TXT": "ECEA1D10811221D5F0A3E96F9C38E2C7",
  "FASM.DLL": "B4E0BD5684C873353D8AF018B226D9D9",
  "FASMX64.DLL": "0927919D17104E6A429B3B2BFEAB8913",
  "FFXIVClientStructs.dll": "63F5F22E49B58237B45CBD42DEF961AC",
  "FFXIVClientStructs.xml": "39D682805E3B23E9193A8220A5DF19AE",
  "goaaats.Reloaded.Assembler.targets": "CC22CB0A353E2136EE9E6E96DB9F7164",
  "Iced.dll": "77648C584B43EBABE8C192A6BE5D4840",
  "ImGui.NET.dll": "EFF199F169E4EE196266639F8D0D4C72",
  "ImGuiScene.dll": "9AE777136205F7B1B464C32F85C52D29",
  "JetBrains.Annotations.dll": "3DDF461919E6129CDF7AEBA28A79E6ED",
  "licenses.txt": "A159BE62AA91178EFC3E3983AE874D1D",
  "Lumina.dll": "4C995ED24CD7E33B2FFEF374224028A2",
  "Lumina.Excel.dll": "D0B4BF71F37B5912C9BBD4B5B267B0F3",
  "Microsoft.Bcl.HashCode.dll": "613AB56061ADF2284E047025207467E0",
  "Microsoft.DotNet.PlatformAbstractions.dll": "00AB0F02B1114C57C758F5AD595224F1",
  "Microsoft.Extensions.DependencyModel.dll": "F39BC76C10CFEA478C936FC4521A9FC9",
  "Microsoft.Extensions.ObjectPool.dll": "4EEE3E64BE561711391BF998FFBF65D3",
  "MinSharp.dll": "B1D2057E214E01D9CEE6F7785EA27ADE",
  "Mono.Cecil.dll": "9BFE1987F36F10776B8E31985FF31F7C",
  "Mono.Cecil.Mdb.dll": "272404FBD229478399CBCBC895448B2F",
  "Mono.Cecil.Pdb.dll": "EFC44CF34C4C050C63F31F906DCB8393",
  "Mono.Cecil.Rocks.dll": "ACF73E8FD5864DC350BBB60822F9E67D",
  "nethost.dll": "012081214FE71F0F6ADCD9F4A71B2B00",
  "Newtonsoft.Json.dll": "86A83A63F12B55FD3718CFBFB577D7DC",
  "PeNet.Asn1.dll": "71F7CD8426C671D0BCFFDD7A77F820C4",
  "PeNet.dll": "7586C5ED48F3CF097AC56C22DE0208C4",
  "PInvoke.AdvApi32.dll": "34EE461D05B403C3A15D0DEC32A3788C",
  "PInvoke.BCrypt.dll": "FD07758EE1440491F22923084109FF26",
  "PInvoke.Cabinet.dll": "333D950E3804735DA60CC41D614C63E2",
  "PInvoke.CfgMgr32.dll": "768BE7CC18EDCF78B296A72ABE891691",
  "PInvoke.Crypt32.dll": "E7B00B0851738F4A7F2C6D37DAA973B4",
  "PInvoke.DbgHelp.dll": "E701136169620D20E3A70B560DE20E44",
  "PInvoke.DwmApi.dll": "ACF223CC8962404056648815B486F7D9",
  "PInvoke.Gdi32.dll": "69FF434826F98582CE44D3136ECFFACB",
  "PInvoke.Hid.dll": "2E7A41257F8AD9B26073181F450CD8E5",
  "PInvoke.ImageHlp.dll": "79BE816E8D86EA66489D7780DD675D49",
  "PInvoke.IPHlpApi.dll": "E949FA3326D1BA8872B179AB4EE49D38",
  "PInvoke.Kernel32.dll": "234E15B122ED430DE99490CA1A204958",
  "PInvoke.Magnification.dll": "C9EA3D34F506741ECC044DB19C151F09",
  "PInvoke.Msi.dll": "69EE50CE2DA6B55755E52589F49A7EBC",
  "PInvoke.NCrypt.dll": "DA1DE76C14D99370CA3BEF19DC299B15",
  "PInvoke.NetApi32.dll": "AE79F9FA2E3864A5E0642AE4622ECDC5",
  "PInvoke.NewDev.dll": "B3E1992105D986EF9C5C8E4B630FBB07",
  "PInvoke.NTDll.dll": "3F6BDF840EB27DD0FD9EB8071822183A",
  "PInvoke.Ole32.dll": "3C49FB100B60519FFE725BCD12A538F6",
  "PInvoke.Psapi.dll": "A7683EE4B880227F01C8AE632A892B9E",
  "PInvoke.SetupApi.dll": "1B7AE321185D0081D1759A9AD829F9BA",
  "PInvoke.SHCore.dll": "F27E7F063D51480F6D2294C903E4A606",
  "PInvoke.Shell32.dll": "F71A1BCAF6478190691170DAEA77722F",
  "PInvoke.User32.dll": "8BEDE38311ED4F27127290B81B8079FD",
  "PInvoke.Userenv.dll": "FEB7BCA90B8C905EC2F4BB0789847131",
  "PInvoke.UxTheme.dll": "8E683C016250CB719FDB9AAAFC22B3C5",
  "PInvoke.Windows.Core.dll": "90015440A44935208FFEA9BF61740651",
  "PInvoke.Windows.ShellScalingApi.dll": "F351B34B8C9183A51CADFDC279357C49",
  "PInvoke.WinUsb.dll": "9EB8A0280F2848D1A32B560A939F7336",
  "PInvoke.WtsApi32.dll": "341C94455D2E5893DBE4293D4D67AA4D",
  "Reloaded.Assembler.dll": "4ECD02EBFA4E2B5DD3D260BFB8A900E4",
  "Reloaded.Hooks.Definitions.dll": "BFBF263BC34D1AC66C33BA1FDC0E91A6",
  "Reloaded.Hooks.dll": "3072C87A5950B7148A7FE48671BD2089",
  "Reloaded.Memory.Buffers.dll": "0A75DA1912F4AEC6CFDC102E91B4D26F",
  "Reloaded.Memory.dll": "8100436349CB3DBC2ACD980E0E245C17",
  "revision.txt": "CEDE2D63A7C04EBD4CB55A2228C7141A",
  "SDL2-CS.config": "65557595FD5DF55D93B2BF881DE62C3A",
  "SDL2-CS.dll": "DA5C903A54A1DD8693F813BE588DE177",
  "Serilog.dll": "C19073652ED2FC182C6B3B525D6A0E79",
  "Serilog.Sinks.Async.dll": "C5A76FA99DEBECD4ABBE9B15256286FC",
  "Serilog.Sinks.Console.dll": "3B897A8F6A8E52B959A53EA1C145909D",
  "Serilog.Sinks.File.dll": "113CD3DFBE7673E19F27A57E1F302B76",
  "SharpDX.Direct3D11.dll": "63A298A26C1EF806BA25B272240EEC95",
  "SharpDX.dll": "6B16B481F5FA5B5958D18A30D613C0E1",
  "SharpDX.DXGI.dll": "4EA3BCAD84E1A50FEC2ACEBDE4598740",
  "SharpDX.Mathematics.dll": "5FB1A2689B347BED4C547A79573571E6",
  "Silk.NET.Core.dll": "9555CA4B754544F5CC22A460BB74609A",
  "Silk.NET.GLFW.dll": "4BE892EE734D0CF022BF450EA8856F0B",
  "Silk.NET.Maths.dll": "B9F637C40BB4332C8931AAD7948DE1C6",
  "Silk.NET.OpenGL.dll": "E2B1A99C5055ACF3C09D3FC46651BB3B",
  "Silk.NET.SDL.dll": "C79E570C59044F20D2DEBECA41B84590",
  "Silk.NET.Windowing.Common.dll": "ED7FDAE8A06AA5F7DCB963C472D7CFC8",
  "Silk.NET.Windowing.Glfw.dll": "4E3A1A80705CD850A61EF58265D39214",
  "Silk.NET.Windowing.Sdl.dll": "42A848C683F12444F33B8D9DB194B0F8",
  "SQLite-net.dll": "2B69D23C925F038F7D2E1F61B6F7AFD3",
  "SQLitePCLRaw.batteries_v2.dll": "6CF3AE11DFDAB87FD498E9B64E88FE71",
  "SQLitePCLRaw.core.dll": "8CE7C935155E739605AD3AAFC504D4C3",
  "SQLitePCLRaw.nativelibrary.dll": "685B44466FE68BED50FE0422C086894E",
  "SQLitePCLRaw.provider.dynamic_cdecl.dll": "7B50FEC240B759112788431AA8838017",
  "StbiSharp.dll": "BDBE942C287C67422E6E818B6B21A197",
  "System.Reactive.dll": "EF5A00287AD15393D41B12AA4B726FF7",
  "System.Reflection.MetadataLoadContext.dll": "7EC41D41F4E1246757BA3E2EC862D562",
  "System.Security.Cryptography.Pkcs.dll": "8950E01996A37E808BE3F39063C37BF9",
  "TEMP_gitver.txt": "E149B0989A4EC773FE33C54FAB36B9F2",
  "TerraFX.Interop.Windows.dll": "84F7EF6B0DE91F8CC23F773D3FD6DEC0",
  "Validation.dll": "97D500F381DE1A0A45FA472F71C4BE65"
}
