{
  "runtimes\\alpine-x64\\native\\libe_sqlite3.so": "39C244FEDBCD3DFC37041D4FCE1AE21D",
  "runtimes\\linux-arm\\native\\libe_sqlite3.so": "96CF54BC0EFB83D6E3F5F3E04997A59D",
  "runtimes\\linux-arm64\\native\\libe_sqlite3.so": "F079E55E7F3F9966A4A2052A3234E068",
  "runtimes\\linux-armel\\native\\libe_sqlite3.so": "C5A67D49434FC65D64E9C15778078C76",
  "runtimes\\linux-mips64\\native\\libe_sqlite3.so": "5F8461214089CFC677D46C19B7162161",
  "runtimes\\linux-musl-x64\\native\\libe_sqlite3.so": "39C244FEDBCD3DFC37041D4FCE1AE21D",
  "runtimes\\linux-x64\\native\\libe_sqlite3.so": "6F49C540D3AB9964D67A4A704C3D262D",
  "runtimes\\linux-x64\\native\\libglfw.so.3": "9E3137144F68B9E9793F4C7AD5B1BEA7",
  "runtimes\\linux-x64\\native\\libSDL2-2.0.so": "99B95A708381FC66AB2370E45A260527",
  "runtimes\\linux-x64\\native\\libstbi.so": "0945355ED59677D06E3E88F48101BB26",
  "runtimes\\linux-x86\\native\\libe_sqlite3.so": "5E0659B414CBD6DDC38C65582485853E",
  "runtimes\\osx-x64\\native\\libe_sqlite3.dylib": "F82AE134FCD1C080A69D775591406673",
  "runtimes\\osx-x64\\native\\libglfw.3.dylib": "1E30FAB2F0C40E82290AD4B0BF14A880",
  "runtimes\\osx-x64\\native\\libSDL2-2.0.dylib": "AAC958490586C67395F0A90903AE3747",
  "runtimes\\osx-x64\\native\\libstbi.dylib": "0B84B0A6A80178266018081C3CAB68E6",
  "runtimes\\win-arm\\native\\e_sqlite3.dll": "4CF580F2CC5A081862101A7E172B4897",
  "runtimes\\win-arm64\\native\\e_sqlite3.dll": "7FC673CC15A7C8A67F2C6BD58A7EB2B2",
  "runtimes\\win-x64\\native\\cimgui.dll": "EC11D51ECFCBD1EFB75E94BF127B90C8",
  "runtimes\\win-x64\\native\\cimguizmo.dll": "C93CD751A1FF22EE9EFD0E5FEE22E35B",
  "runtimes\\win-x64\\native\\cimplot.dll": "C5074FA8C8FE3F300CE5D0C19E479688",
  "runtimes\\win-x64\\native\\e_sqlite3.dll": "875C16A356BF3732792C1B6F4CE2763A",
  "runtimes\\win-x64\\native\\glfw3.dll": "A59E1EC34881881531657B0ED211B129",
  "runtimes\\win-x64\\native\\minhook.x64d.dll": "C6DFE141DEAFCCA4712A88FF4349A98C",
  "runtimes\\win-x64\\native\\SDL2.dll": "A597897AFC29E5320CA819534A2D18EC",
  "runtimes\\win-x64\\native\\stbi.dll": "EE3052B87CA2108D7E4D360921F9A7D5",
  "runtimes\\win-x64\\native\\stbi.lib": "927C214DE576219E1F80DBE7798A0502",
  "runtimes\\win-x86\\native\\e_sqlite3.dll": "0AAC73F72A1E70743B618CB896E6B573",
  "runtimes\\win-x86\\native\\glfw3.dll": "7BF3A75884363B42834D81B28C609DA3",
  "runtimes\\win-x86\\native\\SDL2.dll": "0DBA4141D4E6DD46FE638ECC314F4F0B",
  "targets\\Dalamud.Plugin.Bootstrap.targets": "C85635161398CD9852CF7212DB7EB904",
  "targets\\Dalamud.Plugin.targets": "DDD731601C06B16E10CF2F8990452A27",
  "BitFaster.Caching.dll": "5CAD0E1372A60342C6D6E75F4B62DF11",
  "CheapLoc.dll": "36CA215CD3CCB7E062C3D1B1F89F9313",
  "commit_hash.txt": "765339E903F9AA8A91B18B6B88E9F2FE",
  "Costura.dll": "C1DDA0F3A77E408BDAA98FDFDD754999",
  "Dalamud.Boot.dll": "8C37C7C2CBC53305EB30F828F3EE0569",
  "Dalamud.Common.dll": "FC13489B44EF73601737F2F2239AE7A7",
  "Dalamud.deps.json": "2055892670AB2F296AE4BE04B2CEA3FE",
  "Dalamud.dll": "1C661B434DD4F014D2E729727B36BC5B",
  "Dalamud.Injector.deps.json": "973E5D437761614CB8BADBA9E2C0F6EA",
  "Dalamud.Injector.dll": "8B7A2FF21D8607228BF02EA56DBD3E8F",
  "Dalamud.Injector.exe": "443C72817CB893B5A445C20BA46FAF08",
  "Dalamud.Injector.runtimeconfig.json": "B9BB65FFE7924D4D8BABE9FA66303200",
  "Dalamud.Injector.xml": "D41E5DF541D19A015215E777D7395C9C",
  "Dalamud.runtimeconfig.json": "2A9CD915428BDD175E0889BD0C225F75",
  "Dalamud.xml": "F35A0E7A2D18FF911579BC6900B99FFE",
  "DalamudCrashHandler.exe": "3557476FEFD2DE9424ADC8C5656F7CB2",
  "FASM-LICENSE.TXT": "ECEA1D10811221D5F0A3E96F9C38E2C7",
  "FASM.DLL": "239AC69B8F47523D973451F6CCAFBD40",
  "FASMX64.DLL": "A9C82E50D2240C8C94D54D102F69CFB5",
  "FFXIVClientStructs.dll": "E05054B6C76385FC9B9A9AB80BE1E8A2",
  "FFXIVClientStructs.xml": "ADAA7D0DC746EDC7F1FF205AF753F6A0",
  "goaaats.Reloaded.Assembler.targets": "CC22CB0A353E2136EE9E6E96DB9F7164",
  "Iced.dll": "A1BA6AD9776E2A50AF28B85666D0DF0A",
  "ImGui.NET.dll": "6E8B47C5726617B394AABF80E556DEC7",
  "ImGuiScene.dll": "04B6C8B3C5BBEA8991D2985626D0DB9A",
  "InteropGenerator.Runtime.dll": "02F07A34862E1569AFFED68BA6BAABDE",
  "JetBrains.Annotations.dll": "A34C13C73F0339970D2660CD2235427E",
  "licenses.txt": "A159BE62AA91178EFC3E3983AE874D1D",
  "Lumina.dll": "090BC03AB678E86AE44228D522DC2754",
  "Lumina.Excel.dll": "12F3B557A11D148CE8E328669B6F5028",
  "Microsoft.Bcl.HashCode.dll": "613AB56061ADF2284E047025207467E0",
  "Microsoft.DotNet.PlatformAbstractions.dll": "00AB0F02B1114C57C758F5AD595224F1",
  "Microsoft.Extensions.DependencyModel.dll": "F39BC76C10CFEA478C936FC4521A9FC9",
  "Microsoft.Extensions.ObjectPool.dll": "FEE3CE8A84417360CC5ED787ED6F7DB1",
  "MinSharp.dll": "EA68732242C9993140C5AF6E1D81FCDB",
  "Mono.Cecil.dll": "771443365B0560B43ABEC3F2022B6A26",
  "Mono.Cecil.Mdb.dll": "9D9E54B67F858D599CA60F4C6D8C0CA8",
  "Mono.Cecil.Pdb.dll": "2B14F1F6175210384C7EFF5023CFF70C",
  "Mono.Cecil.Rocks.dll": "746FCD2F52EB04BAFAD802D4EC25B35C",
  "nethost.dll": "21F39F71E2F4B5BA9FB3F126872F2F9B",
  "Newtonsoft.Json.dll": "ADF3E3EECDE20B7C9661E9C47106A14A",
  "PeNet.Asn1.dll": "79DEFFD1C29240A442E9B9A230132B9D",
  "PeNet.dll": "0295157C57B24F0FFEF919E0580FC2CC",
  "PInvoke.AdvApi32.dll": "34EE461D05B403C3A15D0DEC32A3788C",
  "PInvoke.BCrypt.dll": "FD07758EE1440491F22923084109FF26",
  "PInvoke.Cabinet.dll": "333D950E3804735DA60CC41D614C63E2",
  "PInvoke.CfgMgr32.dll": "768BE7CC18EDCF78B296A72ABE891691",
  "PInvoke.Crypt32.dll": "E7B00B0851738F4A7F2C6D37DAA973B4",
  "PInvoke.DbgHelp.dll": "E701136169620D20E3A70B560DE20E44",
  "PInvoke.DwmApi.dll": "ACF223CC8962404056648815B486F7D9",
  "PInvoke.Gdi32.dll": "69FF434826F98582CE44D3136ECFFACB",
  "PInvoke.Hid.dll": "2E7A41257F8AD9B26073181F450CD8E5",
  "PInvoke.ImageHlp.dll": "79BE816E8D86EA66489D7780DD675D49",
  "PInvoke.IPHlpApi.dll": "E949FA3326D1BA8872B179AB4EE49D38",
  "PInvoke.Kernel32.dll": "234E15B122ED430DE99490CA1A204958",
  "PInvoke.Magnification.dll": "C9EA3D34F506741ECC044DB19C151F09",
  "PInvoke.Msi.dll": "69EE50CE2DA6B55755E52589F49A7EBC",
  "PInvoke.NCrypt.dll": "DA1DE76C14D99370CA3BEF19DC299B15",
  "PInvoke.NetApi32.dll": "AE79F9FA2E3864A5E0642AE4622ECDC5",
  "PInvoke.NewDev.dll": "B3E1992105D986EF9C5C8E4B630FBB07",
  "PInvoke.NTDll.dll": "3F6BDF840EB27DD0FD9EB8071822183A",
  "PInvoke.Ole32.dll": "3C49FB100B60519FFE725BCD12A538F6",
  "PInvoke.Psapi.dll": "A7683EE4B880227F01C8AE632A892B9E",
  "PInvoke.SetupApi.dll": "1B7AE321185D0081D1759A9AD829F9BA",
  "PInvoke.SHCore.dll": "F27E7F063D51480F6D2294C903E4A606",
  "PInvoke.Shell32.dll": "F71A1BCAF6478190691170DAEA77722F",
  "PInvoke.User32.dll": "8BEDE38311ED4F27127290B81B8079FD",
  "PInvoke.Userenv.dll": "FEB7BCA90B8C905EC2F4BB0789847131",
  "PInvoke.UxTheme.dll": "8E683C016250CB719FDB9AAAFC22B3C5",
  "PInvoke.Windows.Core.dll": "90015440A44935208FFEA9BF61740651",
  "PInvoke.Windows.ShellScalingApi.dll": "F351B34B8C9183A51CADFDC279357C49",
  "PInvoke.WinUsb.dll": "9EB8A0280F2848D1A32B560A939F7336",
  "PInvoke.WtsApi32.dll": "341C94455D2E5893DBE4293D4D67AA4D",
  "Reloaded.Assembler.dll": "F445D1AAEE893613D8EA83187734DFB3",
  "Reloaded.Hooks.Definitions.dll": "50CD8AF9A3091815D58D3C942896FDE9",
  "Reloaded.Hooks.dll": "9809C1A4AAB876B58CD58741A95DB39D",
  "Reloaded.Memory.Buffers.dll": "4A9CD2A8C8D7FF45EAAE426175F198D0",
  "Reloaded.Memory.dll": "0ACA7423D664F8A8FA7B59A6FF872004",
  "revision.txt": "5AD742CD15633B26FDCE1B80F7B39F7C",
  "SDL2-CS.config": "65557595FD5DF55D93B2BF881DE62C3A",
  "SDL2-CS.dll": "0F0820E8A3F638BF8D54CDE7182627CB",
  "Serilog.dll": "21602968C87390B06FF43796182451D4",
  "Serilog.Sinks.Async.dll": "48DF06940384E6ED6750F3A58D83A886",
  "Serilog.Sinks.Console.dll": "2F2CB469D0F4E9CBD922497F67FC4984",
  "Serilog.Sinks.File.dll": "364502BC4327CED2A967965C3C42B35F",
  "SharpDX.Direct3D11.dll": "DDB63D4ED32747BBE967E176D6ECA553",
  "SharpDX.dll": "4802B957084F640E291736C44B9B2068",
  "SharpDX.DXGI.dll": "EA06DCC0AD1892E6D5A2C11B83B501A0",
  "SharpDX.Mathematics.dll": "9D7197376B1DB81D5503BAE755ADCF42",
  "Silk.NET.Core.dll": "25B97C2FB2C542CB58F1F8FE200674CB",
  "Silk.NET.GLFW.dll": "0A13B59465DE285177D913854BB2DBDA",
  "Silk.NET.Maths.dll": "4CD9109FFCDBEB9957B815C61095FAC4",
  "Silk.NET.OpenGL.dll": "A486672B146C369F3E9B040EF0366C81",
  "Silk.NET.SDL.dll": "C4A8433104EE52C15C761A499DF922D0",
  "Silk.NET.Windowing.Common.dll": "282B7A60C3806A2417DB3AE425981C36",
  "Silk.NET.Windowing.Glfw.dll": "4378630467DB56008B8A474E5DFA5637",
  "Silk.NET.Windowing.Sdl.dll": "27525F6BBF405DEAE290E8AA34AC0F1A",
  "SQLite-net.dll": "DA7D53257382071D09488DD5F5AB7DE5",
  "SQLitePCLRaw.batteries_v2.dll": "835437F027561B0021B7F646F1EC9682",
  "SQLitePCLRaw.core.dll": "1A5AE424CDCE5B29CA5807F1112E5BD8",
  "SQLitePCLRaw.nativelibrary.dll": "68A3C5D6AB15FE47D696311CA1D9E79A",
  "SQLitePCLRaw.provider.dynamic_cdecl.dll": "A367C6FD89B4B239F4B915315A680C68",
  "StbiSharp.dll": "AB4C6277BDCD9627EDCBC1B35FD26F03",
  "System.Reactive.dll": "EF5A00287AD15393D41B12AA4B726FF7",
  "System.Reflection.MetadataLoadContext.dll": "E88E3AF6D37736F339022C9ACC5F2F7B",
  "System.Security.Cryptography.Pkcs.dll": "8950E01996A37E808BE3F39063C37BF9",
  "TEMP_gitver.txt": "A331DBADAE36A98EB9F3FB3D52B869ED",
  "TerraFX.Interop.Windows.dll": "84F7EF6B0DE91F8CC23F773D3FD6DEC0",
  "Validation.dll": "B5EA753BE571D8A6560919EF7A921601"
}
