{
  "runtimes\\alpine-x64\\native\\libe_sqlite3.so": "39C244FEDBCD3DFC37041D4FCE1AE21D",
  "runtimes\\linux-arm\\native\\libe_sqlite3.so": "96CF54BC0EFB83D6E3F5F3E04997A59D",
  "runtimes\\linux-arm64\\native\\libe_sqlite3.so": "F079E55E7F3F9966A4A2052A3234E068",
  "runtimes\\linux-armel\\native\\libe_sqlite3.so": "C5A67D49434FC65D64E9C15778078C76",
  "runtimes\\linux-mips64\\native\\libe_sqlite3.so": "5F8461214089CFC677D46C19B7162161",
  "runtimes\\linux-musl-x64\\native\\libe_sqlite3.so": "39C244FEDBCD3DFC37041D4FCE1AE21D",
  "runtimes\\linux-x64\\native\\libe_sqlite3.so": "6F49C540D3AB9964D67A4A704C3D262D",
  "runtimes\\linux-x64\\native\\libglfw.so.3": "9E3137144F68B9E9793F4C7AD5B1BEA7",
  "runtimes\\linux-x64\\native\\libSDL2-2.0.so": "99B95A708381FC66AB2370E45A260527",
  "runtimes\\linux-x64\\native\\libstbi.so": "0945355ED59677D06E3E88F48101BB26",
  "runtimes\\linux-x86\\native\\libe_sqlite3.so": "5E0659B414CBD6DDC38C65582485853E",
  "runtimes\\osx-x64\\native\\libe_sqlite3.dylib": "F82AE134FCD1C080A69D775591406673",
  "runtimes\\osx-x64\\native\\libglfw.3.dylib": "1E30FAB2F0C40E82290AD4B0BF14A880",
  "runtimes\\osx-x64\\native\\libSDL2-2.0.dylib": "AAC958490586C67395F0A90903AE3747",
  "runtimes\\osx-x64\\native\\libstbi.dylib": "0B84B0A6A80178266018081C3CAB68E6",
  "runtimes\\win-arm\\native\\e_sqlite3.dll": "91C640D614B3941F87473D932DF48C1B",
  "runtimes\\win-arm64\\native\\e_sqlite3.dll": "F0BBF31C6A9D31BD3FBDAB96C4E6B05C",
  "runtimes\\win-x64\\native\\cimgui.dll": "992B034E3E55365C0543707D5A2D709A",
  "runtimes\\win-x64\\native\\cimguizmo.dll": "50EA77BB187C30E75C0BBECD3B1076E0",
  "runtimes\\win-x64\\native\\cimplot.dll": "96E291A2BD7740E882CD5A7EA94F92CD",
  "runtimes\\win-x64\\native\\e_sqlite3.dll": "74415935DBEA5BE99FC2EFD465937A64",
  "runtimes\\win-x64\\native\\glfw3.dll": "A2EC7BB9F177D38841E1A9ED15661249",
  "runtimes\\win-x64\\native\\minhook.x64d.dll": "C8A75B3A7DC7CEA4F453545FF1CD3792",
  "runtimes\\win-x64\\native\\SDL2.dll": "230C3C90F206378C80AB888321AB8CC3",
  "runtimes\\win-x64\\native\\stbi.dll": "B28D1266D92017F570D33C418F401BE4",
  "runtimes\\win-x64\\native\\stbi.lib": "927C214DE576219E1F80DBE7798A0502",
  "runtimes\\win-x86\\native\\e_sqlite3.dll": "7F923BFF3E851421BBFE3E64C4CBF0E0",
  "runtimes\\win-x86\\native\\glfw3.dll": "6F593A90E7D73464561B4B9000778B07",
  "runtimes\\win-x86\\native\\SDL2.dll": "5CF47A8BE42253702021A113494C8B57",
  "targets\\Dalamud.Plugin.Bootstrap.targets": "C85635161398CD9852CF7212DB7EB904",
  "targets\\Dalamud.Plugin.targets": "11001C983157350F50D99F1A827999B5",
  "CheapLoc.dll": "435F132C49A2FF081CBFF08E4C8C3E96",
  "Costura.dll": "191A9B19A1621926962C9A24C9EC648C",
  "Dalamud.Boot.dll": "D9090B0045A6466DDBE1FB207F6D5035",
  "Dalamud.Common.dll": "749FCFF7C0BED5D578828DB0B9802742",
  "Dalamud.deps.json": "A509FB669053506AB169D2C2EA213313",
  "Dalamud.dll": "C57C708DCBA78A3B7C62DE47C7097028",
  "Dalamud.Injector.deps.json": "4E53ABE9A5D3E4592DA63EBF98DAAD86",
  "Dalamud.Injector.dll": "20933DF8FCEFDCEC4B3E4F84218E14C8",
  "Dalamud.Injector.exe": "9D4EE8C7B37B77E26D9F9554C336C0BF",
  "Dalamud.Injector.runtimeconfig.json": "AAAFA957BB3B382321D67ACC2D792553",
  "Dalamud.Injector.xml": "6CFC451561E67CE7788814C5B327D7EC",
  "Dalamud.runtimeconfig.json": "454E2BA21742B08CF0A9827950A92B0F",
  "Dalamud.xml": "4B587A09F064FC7FCCC8AF8E603E936D",
  "DalamudCrashHandler.exe": "6C3405DBDF3419B07610B6229B543D2C",
  "FASM-LICENSE.TXT": "ECEA1D10811221D5F0A3E96F9C38E2C7",
  "FASM.DLL": "B2BAE3484B95A8C0AFA162F4B0A070DE",
  "FASMX64.DLL": "F0F99E8401BE107C28979247581FC515",
  "FFXIVClientStructs.dll": "64963F77B76047C890E03DEFC8249BB4",
  "FFXIVClientStructs.xml": "08F04F62207BF2F9E50EAE15DDEE4A2A",
  "goaaats.Reloaded.Assembler.targets": "CC22CB0A353E2136EE9E6E96DB9F7164",
  "Iced.dll": "A087520D482F5378DB34E01E4F42B05E",
  "ImGui.NET.dll": "EA11960CD5CAF0E5F9FD012E4D32E344",
  "ImGuiScene.dll": "FC6417E9AFC32D085D08721ABA0930B8",
  "JetBrains.Annotations.dll": "10FDE4C901B780488026AC451202EF84",
  "licenses.txt": "A159BE62AA91178EFC3E3983AE874D1D",
  "Lumina.dll": "4B3B0492A58616714B3AC61AC58B099B",
  "Lumina.Excel.dll": "DACD3076FFEB86491965FF28E125C040",
  "Microsoft.Bcl.HashCode.dll": "613AB56061ADF2284E047025207467E0",
  "Microsoft.DotNet.PlatformAbstractions.dll": "00AB0F02B1114C57C758F5AD595224F1",
  "Microsoft.Extensions.DependencyModel.dll": "F39BC76C10CFEA478C936FC4521A9FC9",
  "MinSharp.dll": "5D9225C2D137CC3AA71D4A5150C41875",
  "Mono.Cecil.dll": "4BE2859D24FB3076996ADA278CBA87C0",
  "Mono.Cecil.Mdb.dll": "4FD89F0D74D3A37050420A44B5E84CEB",
  "Mono.Cecil.Pdb.dll": "78C0AC9D700979C376D467A13375D6B2",
  "Mono.Cecil.Rocks.dll": "D170585D37B609CC4460D403D02820D2",
  "MonoMod.Backports.dll": "2373CA649E38D965F669BD4ED4DD6735",
  "MonoMod.Core.dll": "D9EE4E26639400341C7F2980C2882D83",
  "MonoMod.Iced.dll": "5FDA40F76B8BC8D44B3AE3B29885CE66",
  "MonoMod.ILHelpers.dll": "DB900E28D5EE4E12973E9C309743F2F3",
  "MonoMod.RuntimeDetour.dll": "CF9797A0F4622F4145EAE0FA2F5246F4",
  "MonoMod.Utils.dll": "0E9B1EE00499FE634D490AF0F5EB3558",
  "nethost.dll": "012081214FE71F0F6ADCD9F4A71B2B00",
  "Newtonsoft.Json.dll": "86A83A63F12B55FD3718CFBFB577D7DC",
  "PeNet.Asn1.dll": "207D1061571ABB55A6DBCD91E3AB704D",
  "PeNet.dll": "C09E9EA9AFAD93C2E817B8E0C5047DBE",
  "PInvoke.AdvApi32.dll": "34EE461D05B403C3A15D0DEC32A3788C",
  "PInvoke.BCrypt.dll": "FD07758EE1440491F22923084109FF26",
  "PInvoke.Cabinet.dll": "333D950E3804735DA60CC41D614C63E2",
  "PInvoke.CfgMgr32.dll": "768BE7CC18EDCF78B296A72ABE891691",
  "PInvoke.Crypt32.dll": "E7B00B0851738F4A7F2C6D37DAA973B4",
  "PInvoke.DbgHelp.dll": "E701136169620D20E3A70B560DE20E44",
  "PInvoke.DwmApi.dll": "ACF223CC8962404056648815B486F7D9",
  "PInvoke.Gdi32.dll": "69FF434826F98582CE44D3136ECFFACB",
  "PInvoke.Hid.dll": "2E7A41257F8AD9B26073181F450CD8E5",
  "PInvoke.ImageHlp.dll": "79BE816E8D86EA66489D7780DD675D49",
  "PInvoke.IPHlpApi.dll": "E949FA3326D1BA8872B179AB4EE49D38",
  "PInvoke.Kernel32.dll": "234E15B122ED430DE99490CA1A204958",
  "PInvoke.Magnification.dll": "C9EA3D34F506741ECC044DB19C151F09",
  "PInvoke.Msi.dll": "69EE50CE2DA6B55755E52589F49A7EBC",
  "PInvoke.NCrypt.dll": "DA1DE76C14D99370CA3BEF19DC299B15",
  "PInvoke.NetApi32.dll": "AE79F9FA2E3864A5E0642AE4622ECDC5",
  "PInvoke.NewDev.dll": "B3E1992105D986EF9C5C8E4B630FBB07",
  "PInvoke.NTDll.dll": "3F6BDF840EB27DD0FD9EB8071822183A",
  "PInvoke.Ole32.dll": "3C49FB100B60519FFE725BCD12A538F6",
  "PInvoke.Psapi.dll": "A7683EE4B880227F01C8AE632A892B9E",
  "PInvoke.SetupApi.dll": "1B7AE321185D0081D1759A9AD829F9BA",
  "PInvoke.SHCore.dll": "F27E7F063D51480F6D2294C903E4A606",
  "PInvoke.Shell32.dll": "F71A1BCAF6478190691170DAEA77722F",
  "PInvoke.User32.dll": "8BEDE38311ED4F27127290B81B8079FD",
  "PInvoke.Userenv.dll": "FEB7BCA90B8C905EC2F4BB0789847131",
  "PInvoke.UxTheme.dll": "8E683C016250CB719FDB9AAAFC22B3C5",
  "PInvoke.Windows.Core.dll": "90015440A44935208FFEA9BF61740651",
  "PInvoke.Windows.ShellScalingApi.dll": "F351B34B8C9183A51CADFDC279357C49",
  "PInvoke.WinUsb.dll": "9EB8A0280F2848D1A32B560A939F7336",
  "PInvoke.WtsApi32.dll": "341C94455D2E5893DBE4293D4D67AA4D",
  "Reloaded.Assembler.dll": "2E92AA5C72DD6B766D8850E9C48855B6",
  "Reloaded.Hooks.Definitions.dll": "AC3A9BE368A99C9223F0D9011CC49469",
  "Reloaded.Hooks.dll": "B4CFC8E9B298CDD7021990907DAD120F",
  "Reloaded.Memory.Buffers.dll": "0E6EBD41CD9F0CDBC5461DDB9E01B570",
  "Reloaded.Memory.dll": "A87E26B84DCD676BEF024142681495BA",
  "revision.txt": "244EDD7E85DC81602B7615CD705545F5",
  "SDL2-CS.config": "65557595FD5DF55D93B2BF881DE62C3A",
  "SDL2-CS.dll": "ED35621EDF6C3E2432A5DE8AA70F63DF",
  "Serilog.dll": "CEED1897C10C2DB0DE91667E9B339C77",
  "Serilog.Sinks.Async.dll": "E0F2B893D9169596F4521E5204BF32F8",
  "Serilog.Sinks.Console.dll": "CFF3B5B3D01BD674AD8EC13D6B28D47B",
  "Serilog.Sinks.File.dll": "ACC6A9F201F18C2A13ACC2800779DB76",
  "SharpDX.Direct3D11.dll": "33DDC53A19BF67C5378D49125F366CA8",
  "SharpDX.dll": "F63D038EF7C9F96B722A9794C397FF71",
  "SharpDX.DXGI.dll": "27C7FCD5EB3AFAA47D77D5CC2AA8A45B",
  "SharpDX.Mathematics.dll": "437D13459FD886C88C076E5F5FFF6E40",
  "Silk.NET.Core.dll": "C2CC298DD43058A523460FE0D6379CEC",
  "Silk.NET.GLFW.dll": "3A77A4C72DE95725CC8835F2AB99967C",
  "Silk.NET.Maths.dll": "0856546B0E251823EF2D02863F304B2D",
  "Silk.NET.OpenGL.dll": "0DD79AEA18A8B89F575E4F34DF9801CB",
  "Silk.NET.SDL.dll": "908DA42E6F5A7848D359C1AD5E15421D",
  "Silk.NET.Windowing.Common.dll": "5530B95DB9EBF32E9275B331C4183F89",
  "Silk.NET.Windowing.Glfw.dll": "8F5F4547EE4733E4F511035F2E65DB3B",
  "Silk.NET.Windowing.Sdl.dll": "F2FDD93A98717F8A1973A0CB16C323D1",
  "SQLite-net.dll": "FCC7337324CB39554BBA15FB672F9798",
  "SQLitePCLRaw.batteries_v2.dll": "7CA39B571271ED3093E3180F251EFB3D",
  "SQLitePCLRaw.core.dll": "7F1FBC7C26C9EF8B3610A70B99471C23",
  "SQLitePCLRaw.nativelibrary.dll": "805AC18803531B31B5444EDB99F519E7",
  "SQLitePCLRaw.provider.dynamic_cdecl.dll": "F9E924C1384EFA9844E3C445804D0600",
  "StbiSharp.dll": "45EB74D85CBD83A94798C4B00981893C",
  "System.Reactive.dll": "EF5A00287AD15393D41B12AA4B726FF7",
  "System.Reflection.MetadataLoadContext.dll": "7EC41D41F4E1246757BA3E2EC862D562",
  "System.Security.Cryptography.Pkcs.dll": "8950E01996A37E808BE3F39063C37BF9",
  "TEMP_gitver.txt": "B6FC192636E92EAA0A9741618E89C44A",
  "Validation.dll": "84541AB50A5AD471DDA7C46F56DD2CFB"
}
