{
  "runtimes\\alpine-x64\\native\\libe_sqlite3.so": "39C244FEDBCD3DFC37041D4FCE1AE21D",
  "runtimes\\linux-arm\\native\\libe_sqlite3.so": "96CF54BC0EFB83D6E3F5F3E04997A59D",
  "runtimes\\linux-arm64\\native\\libe_sqlite3.so": "F079E55E7F3F9966A4A2052A3234E068",
  "runtimes\\linux-armel\\native\\libe_sqlite3.so": "C5A67D49434FC65D64E9C15778078C76",
  "runtimes\\linux-mips64\\native\\libe_sqlite3.so": "5F8461214089CFC677D46C19B7162161",
  "runtimes\\linux-musl-x64\\native\\libe_sqlite3.so": "39C244FEDBCD3DFC37041D4FCE1AE21D",
  "runtimes\\linux-x64\\native\\libe_sqlite3.so": "6F49C540D3AB9964D67A4A704C3D262D",
  "runtimes\\linux-x86\\native\\libe_sqlite3.so": "5E0659B414CBD6DDC38C65582485853E",
  "runtimes\\osx-x64\\native\\libe_sqlite3.dylib": "F82AE134FCD1C080A69D775591406673",
  "runtimes\\win-arm\\native\\e_sqlite3.dll": "E2108136CABA82CA0858FF9E45671033",
  "runtimes\\win-arm64\\native\\e_sqlite3.dll": "2280770A1D005AE177A281AC0C6EB4AC",
  "runtimes\\win-x64\\native\\e_sqlite3.dll": "097736CB01D1E08599574EFC5F6CB0BD",
  "runtimes\\win-x64\\native\\minhook.x64d.dll": "6B7846E66F48B28B426CB9F7E224A6C7",
  "runtimes\\win-x86\\native\\e_sqlite3.dll": "2FCF9A228C353D42CC67BBC3CADB424B",
  "targets\\Dalamud.Plugin.Bootstrap.targets": "C85635161398CD9852CF7212DB7EB904",
  "targets\\Dalamud.Plugin.targets": "394EE2BEC70254F76ABBE2C33F62BBFA",
  "BCnEncoder.dll": "2F9903060F8FF5EF61F3FAB13C17E175",
  "BitFaster.Caching.dll": "43F9C5590B19DDB273C98DA5B1A5CDE5",
  "CheapLoc.dll": "34CFAA89E6D686411F07AB2E15D694C8",
  "cimgui.dll": "978CC400E91FF2465F1832723F40F9A8",
  "cimguizmo.dll": "89A316370CB781236A0D5D9BCE1EAD5F",
  "cimplot.dll": "EE7F6BBD1657D601835A80F2AD2CB567",
  "commit_hash.txt": "868004277191A550AA0180CD30EF3AE6",
  "CommunityToolkit.HighPerformance.dll": "66B64EC334625F2C5D341A45E28EEB43",
  "Dalamud.Bindings.ImGui.dll": "924B92236CA07C52B58504A05ECEA7E6",
  "Dalamud.Bindings.ImGuizmo.dll": "77B62CCA007EBCF5B4129D0DC1570558",
  "Dalamud.Bindings.ImPlot.dll": "E09FB5AC678E9A161AA0F7FF648178EC",
  "Dalamud.Boot.dll": "D3EBAC90421CDAA2896B9464F6D24E77",
  "Dalamud.Common.dll": "940B129A7F83E9B1401EE8172FCE4FBD",
  "Dalamud.deps.json": "317497F34E8A300120AE576133B00CB6",
  "Dalamud.dll": "BC133BF7E43B0306723597579527F168",
  "Dalamud.Injector.deps.json": "AE17A723819E88058C70AA4BDA14CA37",
  "Dalamud.Injector.dll": "5ED31F7109B249EC2FE67560AE0D823F",
  "Dalamud.Injector.exe": "2B65958EA8ED21EE5099E2822A321EF4",
  "Dalamud.Injector.runtimeconfig.json": "439C534917CEF268A731631073E50FE4",
  "Dalamud.Injector.xml": "07EC7B68C97460A1C8275C75BE82FAA9",
  "Dalamud.runtimeconfig.json": "CA3935E9C6B9E3300F2D7171E4AF6335",
  "Dalamud.xml": "60F1E096C860ADC76B0D9165A6C5CE84",
  "DalamudCrashHandler.exe": "86B7FD8B247363FFBEDA2711FC304C93",
  "FASM-LICENSE.TXT": "ECEA1D10811221D5F0A3E96F9C38E2C7",
  "FASM.DLL": "D7E42C47F69100A6F2C4E82D4ED0E502",
  "FASMX64.DLL": "312DDA6D4883FC62483EBA4ECB6307B2",
  "FFXIVClientStructs.dll": "28E042887D32555E4EB8E03D5F451597",
  "FFXIVClientStructs.xml": "1CE8BE4E1F2A63CE1DB462E6639BF98F",
  "goatcorp.Reloaded.Assembler.dll": "83EE1A3DF962ABB9A42351927F4CF76A",
  "goatcorp.Reloaded.Assembler.targets": "CC22CB0A353E2136EE9E6E96DB9F7164",
  "goatcorp.Reloaded.Hooks.dll": "93A766C81B465F4767A00CE3B9D065C2",
  "goatcorp.Reloaded.Memory.Buffers.dll": "D71A70705B1DBC359580D5A8205323DB",
  "HexaGen.Runtime.dll": "7C87B27CA06E654BD260377BD2AB42DB",
  "Iced.dll": "E0933E3E8643EEFCBFF14830D4865D3B",
  "ImGuiScene.dll": "E6EB243D3F92B4D1D6B45ED01288980F",
  "InteropGenerator.Runtime.dll": "0079875F65E835B19FC552592ADDF50D",
  "JetBrains.Annotations.dll": "07793C2F0EB27CB2F742DCF9B8E020E5",
  "licenses.txt": "A159BE62AA91178EFC3E3983AE874D1D",
  "Lumina.dll": "DC01E78E5C68DF44DE937E7CD4E477D3",
  "Lumina.Excel.dll": "4708711E6D2AD68EECC4AAEB819D9E3C",
  "Lumina.Excel.xml": "3D3B7AD224A8A04B92B2B311FB8DA535",
  "Microsoft.Extensions.ObjectPool.dll": "5510583E2B50BE953814615586673C33",
  "MinSharp.dll": "2F14E058ED9C783032D272C5CC619115",
  "Mono.Cecil.dll": "A5045DF484FB3D65A491B8417F0A3DA4",
  "Mono.Cecil.Mdb.dll": "CDACCCB21BF267FB53BA98B25196CFAB",
  "Mono.Cecil.Pdb.dll": "AB78A7C3F749B785A4592EB92DE69924",
  "Mono.Cecil.Rocks.dll": "C26856E22D93B6A37ADE3A764D8E55B0",
  "nethost.dll": "21F39F71E2F4B5BA9FB3F126872F2F9B",
  "Newtonsoft.Json.dll": "ADF3E3EECDE20B7C9661E9C47106A14A",
  "PeNet.Asn1.dll": "33C6E1BCBF3F36D0C58E23F2514A9934",
  "PeNet.dll": "51DB50E33462F12FCC27D17B98EBAC2E",
  "Reloaded.Hooks.Definitions.dll": "F57FDEE2C932B6DE266E0EEE39E6FA19",
  "Reloaded.Memory.Buffers.dll": "C90E0068E73EA2DFD68A876D3A6559E3",
  "Reloaded.Memory.dll": "3875CBD8A704E4D1FBB878D07B151971",
  "revision.txt": "9D1827DC5F75B9D65D80E25EB862E676",
  "Serilog.dll": "236DE93226B3863862610C68C3E44D08",
  "Serilog.Sinks.Async.dll": "458EC746948F07AF6042980D09B04870",
  "Serilog.Sinks.Console.dll": "221220222CFCB3C96DE197B300879151",
  "Serilog.Sinks.File.dll": "A060A27F794F0459C29DFE05D73F0A4D",
  "SharpDX.Direct3D11.dll": "A4487016BACD00111464401CAF055CD9",
  "SharpDX.dll": "99B1DC64E396B11CAF5279133AA9B041",
  "SharpDX.DXGI.dll": "6F69FF71D80FD3FA2610827683F54F58",
  "SharpDX.Mathematics.dll": "B4E1B1491BC3A923285D318B974903AC",
  "SQLite-net.dll": "BFD71414D75BDBB2711656F0D85A4076",
  "SQLitePCLRaw.batteries_v2.dll": "7ECF071386177A4EEBC2468B312B0016",
  "SQLitePCLRaw.core.dll": "E05DFEE5FF9B72E7C8FCD251C44C6F36",
  "SQLitePCLRaw.nativelibrary.dll": "76D9C4B3DD8E76C5F2DBB4575AC16D04",
  "SQLitePCLRaw.provider.dynamic_cdecl.dll": "C4999E0E428B725FF462344D94F418E8",
  "System.Reactive.dll": "EF5A00287AD15393D41B12AA4B726FF7",
  "System.Reflection.MetadataLoadContext.dll": "E88E3AF6D37736F339022C9ACC5F2F7B",
  "System.Security.Cryptography.Pkcs.dll": "8950E01996A37E808BE3F39063C37BF9",
  "TEMP_gitver.txt": "B50EB14F65CCE08105D72B39ECE75D03",
  "TerraFX.Interop.Windows.dll": "84F7EF6B0DE91F8CC23F773D3FD6DEC0"
}
