{
  "runtimes\\alpine-x64\\native\\libe_sqlite3.so": "39C244FEDBCD3DFC37041D4FCE1AE21D",
  "runtimes\\linux-arm\\native\\libe_sqlite3.so": "96CF54BC0EFB83D6E3F5F3E04997A59D",
  "runtimes\\linux-arm64\\native\\libe_sqlite3.so": "F079E55E7F3F9966A4A2052A3234E068",
  "runtimes\\linux-armel\\native\\libe_sqlite3.so": "C5A67D49434FC65D64E9C15778078C76",
  "runtimes\\linux-mips64\\native\\libe_sqlite3.so": "5F8461214089CFC677D46C19B7162161",
  "runtimes\\linux-musl-x64\\native\\libe_sqlite3.so": "39C244FEDBCD3DFC37041D4FCE1AE21D",
  "runtimes\\linux-x64\\native\\libe_sqlite3.so": "6F49C540D3AB9964D67A4A704C3D262D",
  "runtimes\\linux-x64\\native\\libglfw.so.3": "9E3137144F68B9E9793F4C7AD5B1BEA7",
  "runtimes\\linux-x64\\native\\libSDL2-2.0.so": "99B95A708381FC66AB2370E45A260527",
  "runtimes\\linux-x64\\native\\libstbi.so": "0945355ED59677D06E3E88F48101BB26",
  "runtimes\\linux-x86\\native\\libe_sqlite3.so": "5E0659B414CBD6DDC38C65582485853E",
  "runtimes\\osx-x64\\native\\libe_sqlite3.dylib": "F82AE134FCD1C080A69D775591406673",
  "runtimes\\osx-x64\\native\\libglfw.3.dylib": "1E30FAB2F0C40E82290AD4B0BF14A880",
  "runtimes\\osx-x64\\native\\libSDL2-2.0.dylib": "AAC958490586C67395F0A90903AE3747",
  "runtimes\\osx-x64\\native\\libstbi.dylib": "0B84B0A6A80178266018081C3CAB68E6",
  "runtimes\\win-arm\\native\\e_sqlite3.dll": "054956979A201F2CB8E211F4C47F8D7A",
  "runtimes\\win-arm64\\native\\e_sqlite3.dll": "C8F058A00D550D2E7EDDD69153CF1F03",
  "runtimes\\win-x64\\native\\cimgui.dll": "33F904D5992FB8CEF00078560A6F89AB",
  "runtimes\\win-x64\\native\\cimguizmo.dll": "0C552738F76E412B87A817B07CCF2979",
  "runtimes\\win-x64\\native\\cimplot.dll": "F777FA56986D69F39F60A64C0FD271AB",
  "runtimes\\win-x64\\native\\e_sqlite3.dll": "5CB9F94B2433445D49CC0288E4457A51",
  "runtimes\\win-x64\\native\\glfw3.dll": "42AA95CA39D80A6E2F7425E05D4C00DF",
  "runtimes\\win-x64\\native\\minhook.x64d.dll": "E928124E975C2BBE90FDD360FDF0AA50",
  "runtimes\\win-x64\\native\\SDL2.dll": "E0A60BF21017E63CE20BBAA5AB17C5C1",
  "runtimes\\win-x64\\native\\stbi.dll": "DC6267391F6CF3CF52DF62BF7A0937A5",
  "runtimes\\win-x64\\native\\stbi.lib": "927C214DE576219E1F80DBE7798A0502",
  "runtimes\\win-x86\\native\\e_sqlite3.dll": "0E4DCDF3E44DF3368BEEA1D26ACF80D9",
  "runtimes\\win-x86\\native\\glfw3.dll": "EB3C6432DE198C6B2025F3193D7A93BA",
  "runtimes\\win-x86\\native\\SDL2.dll": "D90F2F88595EB8A54D84D0D0463B96EE",
  "targets\\Dalamud.Plugin.Bootstrap.targets": "C85635161398CD9852CF7212DB7EB904",
  "targets\\Dalamud.Plugin.targets": "DDD731601C06B16E10CF2F8990452A27",
  "BitFaster.Caching.dll": "2B9F7ABA2F8923E4EB6DD5757D2873CD",
  "CheapLoc.dll": "D452980EAFCCAFA2AA88CB28E8529301",
  "commit_hash.txt": "BDD0CAD8B83E51616197ADD833241FD5",
  "Costura.dll": "71272EEA8D1087D0F8F7C9908491C4D6",
  "Dalamud.Boot.dll": "039A9E6CAB6C54B5287D025FD8EE5B79",
  "Dalamud.Common.dll": "DCE8CEF8ED66BE9FC744C5ABCD0A2A33",
  "Dalamud.deps.json": "47624600B34B69E0EB31FB2981B69062",
  "Dalamud.dll": "90085F5A67127BF09048E0AE30F2AA52",
  "Dalamud.Injector.deps.json": "973E5D437761614CB8BADBA9E2C0F6EA",
  "Dalamud.Injector.dll": "626EEB7FA6EFCCFDE482E3D8C44C62AD",
  "Dalamud.Injector.exe": "ABFAE99CD409C8E0B49B98A44AE5F75F",
  "Dalamud.Injector.runtimeconfig.json": "B9BB65FFE7924D4D8BABE9FA66303200",
  "Dalamud.Injector.xml": "D41E5DF541D19A015215E777D7395C9C",
  "Dalamud.runtimeconfig.json": "2A9CD915428BDD175E0889BD0C225F75",
  "Dalamud.xml": "EC29735A01BCB296CEA76ED8688C0AD7",
  "DalamudCrashHandler.exe": "FD931C5F14F50132505A8FC89BFD8448",
  "FASM-LICENSE.TXT": "ECEA1D10811221D5F0A3E96F9C38E2C7",
  "FASM.DLL": "F7320696ABED3A5011F4D518AF12EA5F",
  "FASMX64.DLL": "BE3C4107816D5B1144AD551D0E03CB42",
  "FFXIVClientStructs.dll": "35D605A11988F594A0A13FE9143A294B",
  "FFXIVClientStructs.xml": "BE0ECAB2862351FFBE1429DFDE25CD99",
  "goaaats.Reloaded.Assembler.targets": "CC22CB0A353E2136EE9E6E96DB9F7164",
  "Iced.dll": "6102DCF916CA5613E358167FEBE03408",
  "ImGui.NET.dll": "9E8D9F778CA0E0378D22163BBBAFDB97",
  "ImGuiScene.dll": "9C05BA065924AD0D94FC4BA64FC9B6DA",
  "InteropGenerator.Runtime.dll": "57B2D040866355B2E313092F37E5D132",
  "JetBrains.Annotations.dll": "AF9EECE6BB32E266AAF53BF1BC7A2F60",
  "licenses.txt": "A159BE62AA91178EFC3E3983AE874D1D",
  "Lumina.dll": "41AE685ECE2CF1B9697FA8A0BE7D6480",
  "Lumina.Excel.dll": "26C726E6E407F25B91121B527DA1D8C2",
  "Microsoft.Bcl.HashCode.dll": "613AB56061ADF2284E047025207467E0",
  "Microsoft.DotNet.PlatformAbstractions.dll": "00AB0F02B1114C57C758F5AD595224F1",
  "Microsoft.Extensions.DependencyModel.dll": "F39BC76C10CFEA478C936FC4521A9FC9",
  "Microsoft.Extensions.ObjectPool.dll": "FEE3CE8A84417360CC5ED787ED6F7DB1",
  "MinSharp.dll": "72970E57EAD5C85C0F3DAA7EC465AA00",
  "Mono.Cecil.dll": "6D95917B5CF401805400EE3095271CB0",
  "Mono.Cecil.Mdb.dll": "22E9E8FF2366B7BAD6A1B9E99797108E",
  "Mono.Cecil.Pdb.dll": "BEB9BA3E4789B2D12EA4304A39AF3512",
  "Mono.Cecil.Rocks.dll": "1CDE7154922F7AC6D4EFF33BAC2A92B2",
  "nethost.dll": "21F39F71E2F4B5BA9FB3F126872F2F9B",
  "Newtonsoft.Json.dll": "ADF3E3EECDE20B7C9661E9C47106A14A",
  "PeNet.Asn1.dll": "280FDA6AA42C460EF77DB0379A25B7E2",
  "PeNet.dll": "6994C30E4F4BC1CD76F424AE3B58006D",
  "PInvoke.AdvApi32.dll": "34EE461D05B403C3A15D0DEC32A3788C",
  "PInvoke.BCrypt.dll": "FD07758EE1440491F22923084109FF26",
  "PInvoke.Cabinet.dll": "333D950E3804735DA60CC41D614C63E2",
  "PInvoke.CfgMgr32.dll": "768BE7CC18EDCF78B296A72ABE891691",
  "PInvoke.Crypt32.dll": "E7B00B0851738F4A7F2C6D37DAA973B4",
  "PInvoke.DbgHelp.dll": "E701136169620D20E3A70B560DE20E44",
  "PInvoke.DwmApi.dll": "ACF223CC8962404056648815B486F7D9",
  "PInvoke.Gdi32.dll": "69FF434826F98582CE44D3136ECFFACB",
  "PInvoke.Hid.dll": "2E7A41257F8AD9B26073181F450CD8E5",
  "PInvoke.ImageHlp.dll": "79BE816E8D86EA66489D7780DD675D49",
  "PInvoke.IPHlpApi.dll": "E949FA3326D1BA8872B179AB4EE49D38",
  "PInvoke.Kernel32.dll": "234E15B122ED430DE99490CA1A204958",
  "PInvoke.Magnification.dll": "C9EA3D34F506741ECC044DB19C151F09",
  "PInvoke.Msi.dll": "69EE50CE2DA6B55755E52589F49A7EBC",
  "PInvoke.NCrypt.dll": "DA1DE76C14D99370CA3BEF19DC299B15",
  "PInvoke.NetApi32.dll": "AE79F9FA2E3864A5E0642AE4622ECDC5",
  "PInvoke.NewDev.dll": "B3E1992105D986EF9C5C8E4B630FBB07",
  "PInvoke.NTDll.dll": "3F6BDF840EB27DD0FD9EB8071822183A",
  "PInvoke.Ole32.dll": "3C49FB100B60519FFE725BCD12A538F6",
  "PInvoke.Psapi.dll": "A7683EE4B880227F01C8AE632A892B9E",
  "PInvoke.SetupApi.dll": "1B7AE321185D0081D1759A9AD829F9BA",
  "PInvoke.SHCore.dll": "F27E7F063D51480F6D2294C903E4A606",
  "PInvoke.Shell32.dll": "F71A1BCAF6478190691170DAEA77722F",
  "PInvoke.User32.dll": "8BEDE38311ED4F27127290B81B8079FD",
  "PInvoke.Userenv.dll": "FEB7BCA90B8C905EC2F4BB0789847131",
  "PInvoke.UxTheme.dll": "8E683C016250CB719FDB9AAAFC22B3C5",
  "PInvoke.Windows.Core.dll": "90015440A44935208FFEA9BF61740651",
  "PInvoke.Windows.ShellScalingApi.dll": "F351B34B8C9183A51CADFDC279357C49",
  "PInvoke.WinUsb.dll": "9EB8A0280F2848D1A32B560A939F7336",
  "PInvoke.WtsApi32.dll": "341C94455D2E5893DBE4293D4D67AA4D",
  "Reloaded.Assembler.dll": "C902ED0EA67BBE6F3AB2E9BC464DD60F",
  "Reloaded.Hooks.Definitions.dll": "1705A074E3C030A10C0D4EAA9124DC94",
  "Reloaded.Hooks.dll": "2EDF89AE2025DFE39BE2384BDC9B25DC",
  "Reloaded.Memory.Buffers.dll": "8AB8F6116AE57E8E2BD7653591411921",
  "Reloaded.Memory.dll": "01FF0D854E5FB4546F88238E28238D35",
  "revision.txt": "2BA61CC3A8F44143E1F2F13B2B729AB3",
  "SDL2-CS.config": "65557595FD5DF55D93B2BF881DE62C3A",
  "SDL2-CS.dll": "B65A0875E47F6D0CB8C6DBADBA0D30C8",
  "Serilog.dll": "EA6462D9830ED5335BC6F375D9241B0F",
  "Serilog.Sinks.Async.dll": "A9CADEA7DF0D3633435B251E1D68E4D2",
  "Serilog.Sinks.Console.dll": "C40B63060D4B6BD1338546B04446CA26",
  "Serilog.Sinks.File.dll": "820FC13421225CAB39F0C0926987F73B",
  "SharpDX.Direct3D11.dll": "38619D16A4753D02F64AB399FF52C0EC",
  "SharpDX.dll": "92EB49C76C15F344975B5F82ADBC6AB4",
  "SharpDX.DXGI.dll": "EA96FB66AF6DA097FD13985969837D58",
  "SharpDX.Mathematics.dll": "C25A78B4278B7A6E023BB24BBBC6184C",
  "Silk.NET.Core.dll": "0DA0BD23093CD43A38FD03E39AD9949D",
  "Silk.NET.GLFW.dll": "BC049AFB03BED8588B17FD72F00C9D82",
  "Silk.NET.Maths.dll": "BEA63DCAECF0C24E930C796ED0AD80FF",
  "Silk.NET.OpenGL.dll": "A7A27D222E871A671ADDC338967AA57D",
  "Silk.NET.SDL.dll": "20BBA4162EB49461154A05A529B56E9C",
  "Silk.NET.Windowing.Common.dll": "1BDAB99BFE4DE82658E5CEC2B6CE44E4",
  "Silk.NET.Windowing.Glfw.dll": "3DC784114172625FDCBA02BA0CD834F0",
  "Silk.NET.Windowing.Sdl.dll": "B9805E52DD7E8517D10D6DAE344EDB6A",
  "SQLite-net.dll": "14B61CC50E09E99224E073B91D29172D",
  "SQLitePCLRaw.batteries_v2.dll": "916311A28782CC01778454C819FC1E8C",
  "SQLitePCLRaw.core.dll": "C94B7954575299D061AE015D0030E5A7",
  "SQLitePCLRaw.nativelibrary.dll": "3C5A361629AD8EF5D53FFC9CD6650F38",
  "SQLitePCLRaw.provider.dynamic_cdecl.dll": "3F01EF804B850502E1984C48CC0CACDC",
  "StbiSharp.dll": "F278887D7DF8C1D3D229F696CDDE1EA0",
  "System.Reactive.dll": "EF5A00287AD15393D41B12AA4B726FF7",
  "System.Reflection.MetadataLoadContext.dll": "E88E3AF6D37736F339022C9ACC5F2F7B",
  "System.Security.Cryptography.Pkcs.dll": "8950E01996A37E808BE3F39063C37BF9",
  "TEMP_gitver.txt": "25BDF4F8FDC764FD70B53F3BF6BE7E11",
  "TerraFX.Interop.Windows.dll": "84F7EF6B0DE91F8CC23F773D3FD6DEC0",
  "Validation.dll": "0068D7FF0BF0CF68607AF04FC60D2FA7"
}
