{
  "runtimes\\linux-x64\\native\\libglfw.so.3": "9E3137144F68B9E9793F4C7AD5B1BEA7",
  "runtimes\\linux-x64\\native\\libSDL2-2.0.so": "99B95A708381FC66AB2370E45A260527",
  "runtimes\\linux-x64\\native\\libstbi.so": "0945355ED59677D06E3E88F48101BB26",
  "runtimes\\osx-x64\\native\\libglfw.3.dylib": "1E30FAB2F0C40E82290AD4B0BF14A880",
  "runtimes\\osx-x64\\native\\libSDL2-2.0.dylib": "AAC958490586C67395F0A90903AE3747",
  "runtimes\\osx-x64\\native\\libstbi.dylib": "0B84B0A6A80178266018081C3CAB68E6",
  "runtimes\\win-x64\\native\\cimgui.dll": "FFF6143C6E70079646A6660065EAC96B",
  "runtimes\\win-x64\\native\\cimguizmo.dll": "CC1049EFE29FEFA4EF09A8FD539D31D3",
  "runtimes\\win-x64\\native\\cimplot.dll": "821875DD47849A832D1A17C06C97EE86",
  "runtimes\\win-x64\\native\\glfw3.dll": "2E93514ED38B642F29A285F77886ECDA",
  "runtimes\\win-x64\\native\\minhook.x64d.dll": "67D1500ACFED3BEF5FE1D97C2361597A",
  "runtimes\\win-x64\\native\\SDL2.dll": "01FB269BBF11D6F25815899722ACBBCD",
  "runtimes\\win-x64\\native\\stbi.dll": "C86AB6EE20845AB5C249FA93B490BA2A",
  "runtimes\\win-x64\\native\\stbi.lib": "927C214DE576219E1F80DBE7798A0502",
  "runtimes\\win-x86\\native\\glfw3.dll": "1A3FB46A5C512068E6DCC736DBA8532B",
  "runtimes\\win-x86\\native\\SDL2.dll": "76FE130891AB59888E852AACDC6ECA53",
  "targets\\Dalamud.Plugin.Bootstrap.targets": "6406D606CC8075DC321E93123D2DD09B",
  "targets\\Dalamud.Plugin.targets": "F6630CB3D5AC6755A1493FC19F2A36B4",
  "CheapLoc.dll": "29C211BA04CEF459CA57A090FE71F213",
  "Costura.dll": "82AD4F7D883D98D39EAECAC34A65D598",
  "Dalamud.Boot.dll": "D7B7A93ED0C5CDDB4E309F97A2A89856",
  "Dalamud.deps.json": "C20FFECB3FBA8673D1D74B973259BF61",
  "Dalamud.dll": "11ED13CA466E8F3FBC697DE59F2A495A",
  "Dalamud.Injector.deps.json": "D10EED2039C0151239F5EA4FE3A65A7B",
  "Dalamud.Injector.dll": "A4E2A4BD3BEFADDAEF213D3341250BEE",
  "Dalamud.Injector.exe": "8A32C02ACD2B3BC90D6155B834BD231F",
  "Dalamud.Injector.runtimeconfig.json": "AAAFA957BB3B382321D67ACC2D792553",
  "Dalamud.Injector.xml": "CC06A545B271F56E0781ECC82BDEF67F",
  "Dalamud.Interface.dll": "2607C0DD7884A0ECEC400AD44948B32E",
  "Dalamud.runtimeconfig.json": "454E2BA21742B08CF0A9827950A92B0F",
  "Dalamud.xml": "A9CCF035820787CC5095C01B0F587862",
  "DalamudCrashHandler.exe": "3272C4F4C4269282905730304C58A55A",
  "FASM-LICENSE.TXT": "ECEA1D10811221D5F0A3E96F9C38E2C7",
  "FASM.DLL": "75B84A0F2C8A445C1B0C1F0FCAB77DC6",
  "FASMX64.DLL": "7FBDC8EC8201AA472193042F2BC385FF",
  "FFXIVClientStructs.dll": "9340B449031DB4B4F3E2E2A76A4D8DC8",
  "FFXIVClientStructs.xml": "BA4F4EE1FE3A86FD25F585B2E2EAB745",
  "goaaats.Reloaded.Assembler.targets": "CC22CB0A353E2136EE9E6E96DB9F7164",
  "Iced.dll": "31DBB7CE2335C063864741FBFEBC3025",
  "ImGui.NET.dll": "31E0831990221DFC80E38E7D5A933EAF",
  "ImGuiScene.dll": "EFAF77F3591537596129E15C8B9C970E",
  "JetBrains.Annotations.dll": "170D3F8E33C9C921F49BCF9F3C1C8BDB",
  "licenses.txt": "A159BE62AA91178EFC3E3983AE874D1D",
  "Lumina.dll": "231019B351BBF25740660F0ACBE5257E",
  "Lumina.Excel.dll": "AF7A361A9C5D2831EDFA6A2BC47908AB",
  "Microsoft.Bcl.HashCode.dll": "613AB56061ADF2284E047025207467E0",
  "Microsoft.DotNet.PlatformAbstractions.dll": "00AB0F02B1114C57C758F5AD595224F1",
  "Microsoft.Extensions.DependencyModel.dll": "F39BC76C10CFEA478C936FC4521A9FC9",
  "MinSharp.dll": "369DA283B682C359C3190CFC5275AF7E",
  "Mono.Cecil.dll": "9587056495B19AC971F95EE787C94AD2",
  "Mono.Cecil.Mdb.dll": "9864078764C539AF102CA5B8DF96EC7D",
  "Mono.Cecil.Pdb.dll": "6E5E894176196825857A1F8734ECF1F1",
  "Mono.Cecil.Rocks.dll": "AA0A9531CA3F281E2E5141AD140FA76A",
  "MonoMod.Backports.dll": "9DD2CB9C5BD371854E7AA2C1D032C787",
  "MonoMod.Core.dll": "A232281D7F0FC63B4B8141B929E7CF33",
  "MonoMod.Iced.dll": "C0530AC58D785A54D5EEE31E991C7290",
  "MonoMod.ILHelpers.dll": "5835BC458A37DBC395C36BA4969152D0",
  "MonoMod.RuntimeDetour.dll": "0B69BF6A6A20DA18A1EAB1D3DAAD0B35",
  "MonoMod.Utils.dll": "D0413C1AD292BF2666A33DA87CA3B4C0",
  "nethost.dll": "012081214FE71F0F6ADCD9F4A71B2B00",
  "Newtonsoft.Json.dll": "86A83A63F12B55FD3718CFBFB577D7DC",
  "PeNet.Asn1.dll": "0DFE1683A8EDF69A66314781D759F4EF",
  "PeNet.dll": "A47543A70C6BBD40F9BCFCA3F03EFA88",
  "PInvoke.AdvApi32.dll": "34EE461D05B403C3A15D0DEC32A3788C",
  "PInvoke.BCrypt.dll": "FD07758EE1440491F22923084109FF26",
  "PInvoke.Cabinet.dll": "333D950E3804735DA60CC41D614C63E2",
  "PInvoke.CfgMgr32.dll": "768BE7CC18EDCF78B296A72ABE891691",
  "PInvoke.Crypt32.dll": "E7B00B0851738F4A7F2C6D37DAA973B4",
  "PInvoke.DbgHelp.dll": "E701136169620D20E3A70B560DE20E44",
  "PInvoke.DwmApi.dll": "ACF223CC8962404056648815B486F7D9",
  "PInvoke.Gdi32.dll": "69FF434826F98582CE44D3136ECFFACB",
  "PInvoke.Hid.dll": "2E7A41257F8AD9B26073181F450CD8E5",
  "PInvoke.ImageHlp.dll": "79BE816E8D86EA66489D7780DD675D49",
  "PInvoke.IPHlpApi.dll": "E949FA3326D1BA8872B179AB4EE49D38",
  "PInvoke.Kernel32.dll": "234E15B122ED430DE99490CA1A204958",
  "PInvoke.Magnification.dll": "C9EA3D34F506741ECC044DB19C151F09",
  "PInvoke.Msi.dll": "69EE50CE2DA6B55755E52589F49A7EBC",
  "PInvoke.NCrypt.dll": "DA1DE76C14D99370CA3BEF19DC299B15",
  "PInvoke.NetApi32.dll": "AE79F9FA2E3864A5E0642AE4622ECDC5",
  "PInvoke.NewDev.dll": "B3E1992105D986EF9C5C8E4B630FBB07",
  "PInvoke.NTDll.dll": "3F6BDF840EB27DD0FD9EB8071822183A",
  "PInvoke.Ole32.dll": "3C49FB100B60519FFE725BCD12A538F6",
  "PInvoke.Psapi.dll": "A7683EE4B880227F01C8AE632A892B9E",
  "PInvoke.SetupApi.dll": "1B7AE321185D0081D1759A9AD829F9BA",
  "PInvoke.SHCore.dll": "F27E7F063D51480F6D2294C903E4A606",
  "PInvoke.Shell32.dll": "F71A1BCAF6478190691170DAEA77722F",
  "PInvoke.User32.dll": "8BEDE38311ED4F27127290B81B8079FD",
  "PInvoke.Userenv.dll": "FEB7BCA90B8C905EC2F4BB0789847131",
  "PInvoke.UxTheme.dll": "8E683C016250CB719FDB9AAAFC22B3C5",
  "PInvoke.Windows.Core.dll": "90015440A44935208FFEA9BF61740651",
  "PInvoke.Windows.ShellScalingApi.dll": "F351B34B8C9183A51CADFDC279357C49",
  "PInvoke.WinUsb.dll": "9EB8A0280F2848D1A32B560A939F7336",
  "PInvoke.WtsApi32.dll": "341C94455D2E5893DBE4293D4D67AA4D",
  "Reloaded.Assembler.dll": "35A022F7D27C46CBE345CF2F4D09B9FE",
  "Reloaded.Hooks.Definitions.dll": "DAA99A24F642E2944377921F6CCDA66E",
  "Reloaded.Hooks.dll": "37CF82774F926ED3E97038CC882AC5DD",
  "Reloaded.Memory.Buffers.dll": "32912650428E294CE23E68B9A965B1BC",
  "Reloaded.Memory.dll": "DDF04FB3AD0D7416471D10B7D4DF0145",
  "revision.txt": "CBA0A4EE5CCD02FDA0FE3F9A3E7B89FE",
  "SDL2-CS.config": "65557595FD5DF55D93B2BF881DE62C3A",
  "SDL2-CS.dll": "6C3B419022D6F30FE83F2842D83A79D2",
  "Serilog.dll": "1D9FCAF3E82E0C89D1CA7A17D5FE74DD",
  "Serilog.Sinks.Async.dll": "6775180BC2855310B2B5121BE03D1248",
  "Serilog.Sinks.Console.dll": "52478EAB7D33AC15463E0F3992FD8B6C",
  "Serilog.Sinks.File.dll": "E08E3D22861141D691FF720F02018F69",
  "SharpDX.Direct3D11.dll": "67C81DBFE764B4A7403FCB7ED3F10D4C",
  "SharpDX.dll": "4C9398EE61DF66C50A4E5173E1111704",
  "SharpDX.DXGI.dll": "C32781CE089AB8760F7B2373861FAECA",
  "SharpDX.Mathematics.dll": "EE456111C0AC446D04995B720323FA39",
  "Silk.NET.Core.dll": "B5C615C53164A46BE63B43BD5DDB87EB",
  "Silk.NET.GLFW.dll": "B60CFDE72A5FF932D3DDD6F2F6B06D5F",
  "Silk.NET.Maths.dll": "4BB0D54A48F0C00799C2B0ECD570AF22",
  "Silk.NET.OpenGL.dll": "7133E52792BF7D009909FE612546B894",
  "Silk.NET.SDL.dll": "48A16A741B2658BD09689F1A2C24D25D",
  "Silk.NET.Windowing.Common.dll": "1BFFF53B603946638D95BF5C2D84EA27",
  "Silk.NET.Windowing.Glfw.dll": "795D71AB240191E94C39EE84CBFEDCB9",
  "Silk.NET.Windowing.Sdl.dll": "F0AEF7219B484D8584B3F72A24F42084",
  "StbiSharp.dll": "BF638527B4703C67871174774DB697B6",
  "System.Reactive.dll": "EF5A00287AD15393D41B12AA4B726FF7",
  "System.Reflection.MetadataLoadContext.dll": "7EC41D41F4E1246757BA3E2EC862D562",
  "System.Security.Cryptography.Pkcs.dll": "8950E01996A37E808BE3F39063C37BF9",
  "TEMP_gitver.txt": "DAC9E52F476B38CF07487BE19CBFC05B",
  "Validation.dll": "09130B3C9980CFF88591E839B461F9F4"
}
