{
  "runtimes\\alpine-x64\\native\\libe_sqlite3.so": "39C244FEDBCD3DFC37041D4FCE1AE21D",
  "runtimes\\linux-arm\\native\\libe_sqlite3.so": "96CF54BC0EFB83D6E3F5F3E04997A59D",
  "runtimes\\linux-arm64\\native\\libe_sqlite3.so": "F079E55E7F3F9966A4A2052A3234E068",
  "runtimes\\linux-armel\\native\\libe_sqlite3.so": "C5A67D49434FC65D64E9C15778078C76",
  "runtimes\\linux-mips64\\native\\libe_sqlite3.so": "5F8461214089CFC677D46C19B7162161",
  "runtimes\\linux-musl-x64\\native\\libe_sqlite3.so": "39C244FEDBCD3DFC37041D4FCE1AE21D",
  "runtimes\\linux-x64\\native\\libe_sqlite3.so": "6F49C540D3AB9964D67A4A704C3D262D",
  "runtimes\\linux-x64\\native\\libglfw.so.3": "9E3137144F68B9E9793F4C7AD5B1BEA7",
  "runtimes\\linux-x64\\native\\libSDL2-2.0.so": "99B95A708381FC66AB2370E45A260527",
  "runtimes\\linux-x64\\native\\libstbi.so": "0945355ED59677D06E3E88F48101BB26",
  "runtimes\\linux-x86\\native\\libe_sqlite3.so": "5E0659B414CBD6DDC38C65582485853E",
  "runtimes\\osx-x64\\native\\libe_sqlite3.dylib": "F82AE134FCD1C080A69D775591406673",
  "runtimes\\osx-x64\\native\\libglfw.3.dylib": "1E30FAB2F0C40E82290AD4B0BF14A880",
  "runtimes\\osx-x64\\native\\libSDL2-2.0.dylib": "AAC958490586C67395F0A90903AE3747",
  "runtimes\\osx-x64\\native\\libstbi.dylib": "0B84B0A6A80178266018081C3CAB68E6",
  "runtimes\\win-arm\\native\\e_sqlite3.dll": "4F4AA8B7314BB54F80CC58226D930A1D",
  "runtimes\\win-arm64\\native\\e_sqlite3.dll": "E1411F36A975E5E55D1E6FA3E1270733",
  "runtimes\\win-x64\\native\\cimgui.dll": "1B2184825BEEB5E2C6F535AEEFAF9437",
  "runtimes\\win-x64\\native\\cimguizmo.dll": "8C2B80CD2BCF0418123EC3E3A56999EB",
  "runtimes\\win-x64\\native\\cimplot.dll": "3606A616A22075E02C4C9394B225BEE9",
  "runtimes\\win-x64\\native\\e_sqlite3.dll": "A923909A0AE7DC79F5A07471F64F3C22",
  "runtimes\\win-x64\\native\\glfw3.dll": "8FB6F7141BF50D720F6C9C486F201340",
  "runtimes\\win-x64\\native\\minhook.x64d.dll": "2297BD37F5370AA269C4CD6F5CFF5EB0",
  "runtimes\\win-x64\\native\\SDL2.dll": "1DE0B6BFBF8014277E76E87187343609",
  "runtimes\\win-x64\\native\\stbi.dll": "DFF01C810B71AC326E65F4B319E124A9",
  "runtimes\\win-x64\\native\\stbi.lib": "927C214DE576219E1F80DBE7798A0502",
  "runtimes\\win-x86\\native\\e_sqlite3.dll": "F9B865E4E91D33E76E0BE2E1CAAE6BDD",
  "runtimes\\win-x86\\native\\glfw3.dll": "9A809EB5791AAE6DEF607054E5AAD3A2",
  "runtimes\\win-x86\\native\\SDL2.dll": "9D8A87F5F27C7FDD295394AB80ED84BD",
  "targets\\Dalamud.Plugin.Bootstrap.targets": "C85635161398CD9852CF7212DB7EB904",
  "targets\\Dalamud.Plugin.targets": "11001C983157350F50D99F1A827999B5",
  "CheapLoc.dll": "7DA91D5A404F0514510F3B311E24728F",
  "Costura.dll": "20E8D7B483178E39002D93E989896D75",
  "Dalamud.Boot.dll": "E923E94E5DCC14434DEEA36FD448DF4C",
  "Dalamud.Common.dll": "025F4E6D50235AB4C143E14CE3B7E9A8",
  "Dalamud.deps.json": "B5C4435706973213986B511585D3FA43",
  "Dalamud.dll": "966D9458324E7B462B3A5CA63FCD7006",
  "Dalamud.Injector.deps.json": "4E53ABE9A5D3E4592DA63EBF98DAAD86",
  "Dalamud.Injector.dll": "A29C21FA69826A19B74D41607DF519A5",
  "Dalamud.Injector.exe": "88F3D28ED9A41FE275EF4E369A8EC772",
  "Dalamud.Injector.runtimeconfig.json": "AAAFA957BB3B382321D67ACC2D792553",
  "Dalamud.Injector.xml": "6CFC451561E67CE7788814C5B327D7EC",
  "Dalamud.runtimeconfig.json": "15719C111D02D5BD45F37285FC8B6040",
  "Dalamud.xml": "A7C2A6CAD8D7ECC8473E91DB6032B7EB",
  "DalamudCrashHandler.exe": "695D76556FA01C0705502A1187B35367",
  "FASM-LICENSE.TXT": "ECEA1D10811221D5F0A3E96F9C38E2C7",
  "FASM.DLL": "3D430D9D8C3477738D26D2C379E54343",
  "FASMX64.DLL": "2153D7AD39E5C70E203422AFCCAE793C",
  "FFXIVClientStructs.dll": "0A28AB5F46C59A5655DC06B71904F2A5",
  "FFXIVClientStructs.xml": "65234A31B95DA5636DFE70DE6CC144AD",
  "goaaats.Reloaded.Assembler.targets": "CC22CB0A353E2136EE9E6E96DB9F7164",
  "Iced.dll": "BD6B5D4A19A9AA074DDE405565CFFE66",
  "ImGui.NET.dll": "4DC257069AD6C6D412ED48ACCD5F4AD0",
  "ImGuiScene.dll": "92197688BE53CE583B10A6C138F85E4B",
  "JetBrains.Annotations.dll": "0FEA2CD0CA3532A1354A2C89AEA9C4C1",
  "licenses.txt": "A159BE62AA91178EFC3E3983AE874D1D",
  "Lumina.dll": "49C5097BFEA002CC5881D82B67DC9121",
  "Lumina.Excel.dll": "F8609E4EFF983A94433DD181D6C986AC",
  "Microsoft.Bcl.HashCode.dll": "613AB56061ADF2284E047025207467E0",
  "Microsoft.DotNet.PlatformAbstractions.dll": "00AB0F02B1114C57C758F5AD595224F1",
  "Microsoft.Extensions.DependencyModel.dll": "F39BC76C10CFEA478C936FC4521A9FC9",
  "MinSharp.dll": "C767479E829CB5C3A406BC81ED5E269E",
  "Mono.Cecil.dll": "901856F0EC5DEC32B5113A672F7B82A2",
  "Mono.Cecil.Mdb.dll": "DD7BC7B545D232EDC6B36EA3DB62B8B2",
  "Mono.Cecil.Pdb.dll": "CB69FE6B0B15AA6CAAC1EA5C8B718DB3",
  "Mono.Cecil.Rocks.dll": "1961E1FE572A89954643BB91DD92FB2C",
  "MonoMod.Backports.dll": "E06E3593025BE0750D4B4B56CDB91C54",
  "MonoMod.Core.dll": "9471F0BD30A7B77BF448DFE89F09A09E",
  "MonoMod.Iced.dll": "6FF430B619C01B1D350671B1641A2FDF",
  "MonoMod.ILHelpers.dll": "FDECB23F564B43AA5FD08C9808170B48",
  "MonoMod.RuntimeDetour.dll": "BBB927E2DCF033756D335BFE2FF69B59",
  "MonoMod.Utils.dll": "07F8AE10D857A73F316A72364C67111C",
  "nethost.dll": "012081214FE71F0F6ADCD9F4A71B2B00",
  "Newtonsoft.Json.dll": "86A83A63F12B55FD3718CFBFB577D7DC",
  "PeNet.Asn1.dll": "61A6F81899B18E10CA13616ED25A8751",
  "PeNet.dll": "CDFC4B7096BCDE98B79623D04CD43675",
  "PInvoke.AdvApi32.dll": "34EE461D05B403C3A15D0DEC32A3788C",
  "PInvoke.BCrypt.dll": "FD07758EE1440491F22923084109FF26",
  "PInvoke.Cabinet.dll": "333D950E3804735DA60CC41D614C63E2",
  "PInvoke.CfgMgr32.dll": "768BE7CC18EDCF78B296A72ABE891691",
  "PInvoke.Crypt32.dll": "E7B00B0851738F4A7F2C6D37DAA973B4",
  "PInvoke.DbgHelp.dll": "E701136169620D20E3A70B560DE20E44",
  "PInvoke.DwmApi.dll": "ACF223CC8962404056648815B486F7D9",
  "PInvoke.Gdi32.dll": "69FF434826F98582CE44D3136ECFFACB",
  "PInvoke.Hid.dll": "2E7A41257F8AD9B26073181F450CD8E5",
  "PInvoke.ImageHlp.dll": "79BE816E8D86EA66489D7780DD675D49",
  "PInvoke.IPHlpApi.dll": "E949FA3326D1BA8872B179AB4EE49D38",
  "PInvoke.Kernel32.dll": "234E15B122ED430DE99490CA1A204958",
  "PInvoke.Magnification.dll": "C9EA3D34F506741ECC044DB19C151F09",
  "PInvoke.Msi.dll": "69EE50CE2DA6B55755E52589F49A7EBC",
  "PInvoke.NCrypt.dll": "DA1DE76C14D99370CA3BEF19DC299B15",
  "PInvoke.NetApi32.dll": "AE79F9FA2E3864A5E0642AE4622ECDC5",
  "PInvoke.NewDev.dll": "B3E1992105D986EF9C5C8E4B630FBB07",
  "PInvoke.NTDll.dll": "3F6BDF840EB27DD0FD9EB8071822183A",
  "PInvoke.Ole32.dll": "3C49FB100B60519FFE725BCD12A538F6",
  "PInvoke.Psapi.dll": "A7683EE4B880227F01C8AE632A892B9E",
  "PInvoke.SetupApi.dll": "1B7AE321185D0081D1759A9AD829F9BA",
  "PInvoke.SHCore.dll": "F27E7F063D51480F6D2294C903E4A606",
  "PInvoke.Shell32.dll": "F71A1BCAF6478190691170DAEA77722F",
  "PInvoke.User32.dll": "8BEDE38311ED4F27127290B81B8079FD",
  "PInvoke.Userenv.dll": "FEB7BCA90B8C905EC2F4BB0789847131",
  "PInvoke.UxTheme.dll": "8E683C016250CB719FDB9AAAFC22B3C5",
  "PInvoke.Windows.Core.dll": "90015440A44935208FFEA9BF61740651",
  "PInvoke.Windows.ShellScalingApi.dll": "F351B34B8C9183A51CADFDC279357C49",
  "PInvoke.WinUsb.dll": "9EB8A0280F2848D1A32B560A939F7336",
  "PInvoke.WtsApi32.dll": "341C94455D2E5893DBE4293D4D67AA4D",
  "Reloaded.Assembler.dll": "70B614FD85F0FFA6B7F23D079D4F0E1F",
  "Reloaded.Hooks.Definitions.dll": "C028A666B922E36C36BAEBE6CBCD48A7",
  "Reloaded.Hooks.dll": "67000E3B2A38F7F9F974DD2E7D5CD11F",
  "Reloaded.Memory.Buffers.dll": "7F0B0421F984F4CD11E9D8CADEC3363C",
  "Reloaded.Memory.dll": "1202831F82977F448FCC27573944BF5D",
  "revision.txt": "7109AF321D970C64A0154000A60E65C8",
  "SDL2-CS.config": "65557595FD5DF55D93B2BF881DE62C3A",
  "SDL2-CS.dll": "35E7D33C912112F72B792E2E5E9D2894",
  "Serilog.dll": "72D4D59829373FE2B3978D8AA9ABC808",
  "Serilog.Sinks.Async.dll": "1B0CE509EAAB74B5167589D6F61A9B77",
  "Serilog.Sinks.Console.dll": "7EF4E28A69B9825D64E8BF8CF70F4949",
  "Serilog.Sinks.File.dll": "496D6EABE7D1A405D00303F5565C79B9",
  "SharpDX.Direct3D11.dll": "A16618831CD7C1017E0AFFEC10135F1C",
  "SharpDX.dll": "955FF749F6A048F66DC6011C584F71BF",
  "SharpDX.DXGI.dll": "57070AB7847129F8648CC13F8A96472C",
  "SharpDX.Mathematics.dll": "BEE53C8593CF7816A435F3D5B9A1E2A6",
  "Silk.NET.Core.dll": "8D46EE977B7643C7E9DFEC43FC2A8C43",
  "Silk.NET.GLFW.dll": "9C6CF373E73A3708A331BF4BC3CE05A1",
  "Silk.NET.Maths.dll": "B05368F394B0F0E4459A519558C26CDC",
  "Silk.NET.OpenGL.dll": "86564BD5C681BF61A349EE54E6CD13EC",
  "Silk.NET.SDL.dll": "2092789D4B4C8C4881005820270E6AD9",
  "Silk.NET.Windowing.Common.dll": "E02603CE604F5E47250A5A9012C9108E",
  "Silk.NET.Windowing.Glfw.dll": "C4DC683E9FA6AD3FEAA0273FAFB6DBD8",
  "Silk.NET.Windowing.Sdl.dll": "7BA126581D631589A6D088E9692B5A58",
  "SQLite-net.dll": "68A9ACD2A05B7B8A7476930F525A2706",
  "SQLitePCLRaw.batteries_v2.dll": "E5399A239DBD11954BC8E4676FBC78A7",
  "SQLitePCLRaw.core.dll": "35A01B87D651762E2E7707A92A5894D4",
  "SQLitePCLRaw.nativelibrary.dll": "904B97A32BFA7FA5475A036ADAEB0C8E",
  "SQLitePCLRaw.provider.dynamic_cdecl.dll": "7EE17ECC0ED01919625753B033683173",
  "StbiSharp.dll": "E0531C7B8444F2FA64A3A123D76248EC",
  "System.Reactive.dll": "EF5A00287AD15393D41B12AA4B726FF7",
  "System.Reflection.MetadataLoadContext.dll": "7EC41D41F4E1246757BA3E2EC862D562",
  "System.Security.Cryptography.Pkcs.dll": "8950E01996A37E808BE3F39063C37BF9",
  "TEMP_gitver.txt": "2A78159E3CDC5755D55D2E2F6340A6A6",
  "TerraFX.Interop.Windows.dll": "84F7EF6B0DE91F8CC23F773D3FD6DEC0",
  "Validation.dll": "A4D21A0B480809AD334F75A531146790"
}
