{
  "runtimes\\alpine-x64\\native\\libe_sqlite3.so": "39C244FEDBCD3DFC37041D4FCE1AE21D",
  "runtimes\\linux-arm\\native\\libe_sqlite3.so": "96CF54BC0EFB83D6E3F5F3E04997A59D",
  "runtimes\\linux-arm64\\native\\libe_sqlite3.so": "F079E55E7F3F9966A4A2052A3234E068",
  "runtimes\\linux-armel\\native\\libe_sqlite3.so": "C5A67D49434FC65D64E9C15778078C76",
  "runtimes\\linux-mips64\\native\\libe_sqlite3.so": "5F8461214089CFC677D46C19B7162161",
  "runtimes\\linux-musl-x64\\native\\libe_sqlite3.so": "39C244FEDBCD3DFC37041D4FCE1AE21D",
  "runtimes\\linux-x64\\native\\libe_sqlite3.so": "6F49C540D3AB9964D67A4A704C3D262D",
  "runtimes\\linux-x64\\native\\libglfw.so.3": "9E3137144F68B9E9793F4C7AD5B1BEA7",
  "runtimes\\linux-x64\\native\\libSDL2-2.0.so": "99B95A708381FC66AB2370E45A260527",
  "runtimes\\linux-x64\\native\\libstbi.so": "0945355ED59677D06E3E88F48101BB26",
  "runtimes\\linux-x86\\native\\libe_sqlite3.so": "5E0659B414CBD6DDC38C65582485853E",
  "runtimes\\osx-x64\\native\\libe_sqlite3.dylib": "F82AE134FCD1C080A69D775591406673",
  "runtimes\\osx-x64\\native\\libglfw.3.dylib": "1E30FAB2F0C40E82290AD4B0BF14A880",
  "runtimes\\osx-x64\\native\\libSDL2-2.0.dylib": "AAC958490586C67395F0A90903AE3747",
  "runtimes\\osx-x64\\native\\libstbi.dylib": "0B84B0A6A80178266018081C3CAB68E6",
  "runtimes\\win-arm\\native\\e_sqlite3.dll": "EBD701F1ECFF6DE16AD6FE4DDB7C593B",
  "runtimes\\win-arm64\\native\\e_sqlite3.dll": "20A4EAE6682FC58FB7DCC0D1CF33D813",
  "runtimes\\win-x64\\native\\cimgui.dll": "2175099AC95BBC0F2CA4AA4FE5073EE5",
  "runtimes\\win-x64\\native\\cimguizmo.dll": "7E5BC209DACDAE47EEACFFBD65112855",
  "runtimes\\win-x64\\native\\cimplot.dll": "38C92FDAE44026304D847993344C2500",
  "runtimes\\win-x64\\native\\e_sqlite3.dll": "BC99DF618D9A829CD6F8BB7DA49E1DB8",
  "runtimes\\win-x64\\native\\glfw3.dll": "67BBB4DF6523E910A00E6677605A1AD7",
  "runtimes\\win-x64\\native\\minhook.x64d.dll": "3714535F857FA36BA4E42D969A7905CB",
  "runtimes\\win-x64\\native\\SDL2.dll": "B308D7282912EA2DB191E7833E160F6B",
  "runtimes\\win-x64\\native\\stbi.dll": "72A3957D5E4A7C7F111D86C866AE0B4E",
  "runtimes\\win-x64\\native\\stbi.lib": "927C214DE576219E1F80DBE7798A0502",
  "runtimes\\win-x86\\native\\e_sqlite3.dll": "E94437EBCAB2F9B7104A4F2A3B7F1C30",
  "runtimes\\win-x86\\native\\glfw3.dll": "EEFB5FBFF0071574D7A2060A189936AF",
  "runtimes\\win-x86\\native\\SDL2.dll": "A7C529060F68DBF56A82B64583EF4E4C",
  "targets\\Dalamud.Plugin.Bootstrap.targets": "C85635161398CD9852CF7212DB7EB904",
  "targets\\Dalamud.Plugin.targets": "69D15EDFB3D4F0BEE3A099216E4DE057",
  "BitFaster.Caching.dll": "D30E06B28336D82914F21B26B80DDBF7",
  "CheapLoc.dll": "A2E411E7D5A88BABB68BEFA4BAFBB41B",
  "commit_hash.txt": "121DDB4BE581017BF3EB1A9F268593C7",
  "Costura.dll": "198BC4BA65FD723F9F1DA399258677A2",
  "Dalamud.Boot.dll": "72CA19529834DA66E7DABCC33C31A61B",
  "Dalamud.Common.dll": "49FE96470DCDA275637D50E4E6FCCE77",
  "Dalamud.deps.json": "216C8047E5E8C733F3BFB9548C317F66",
  "Dalamud.dll": "CC6D1C0DDF6860597ECB5B89A8B20750",
  "Dalamud.Injector.deps.json": "E30B9BD40106FFC14A5274A670979EDF",
  "Dalamud.Injector.dll": "87EC3C6F2BC8719F35366113DFC172DA",
  "Dalamud.Injector.exe": "786A00DCD093D8EFE33E8F7ABE494C6F",
  "Dalamud.Injector.runtimeconfig.json": "B9BB65FFE7924D4D8BABE9FA66303200",
  "Dalamud.Injector.xml": "D41E5DF541D19A015215E777D7395C9C",
  "Dalamud.runtimeconfig.json": "2A9CD915428BDD175E0889BD0C225F75",
  "Dalamud.xml": "E778828CE24A4B510699D25817F30842",
  "DalamudCrashHandler.exe": "32E6CC0688855B35D3994A5C97DF8CEF",
  "FASM-LICENSE.TXT": "ECEA1D10811221D5F0A3E96F9C38E2C7",
  "FASM.DLL": "279A702C82EB16C3091DA86AED992AC7",
  "FASMX64.DLL": "FF8BEAC4BE0B353170200074E38EBF3E",
  "FFXIVClientStructs.dll": "E6D4AEEB6B53578FD714659A25F03383",
  "FFXIVClientStructs.xml": "C02D61499933F39B2CF997003C706D98",
  "goaaats.Reloaded.Assembler.targets": "CC22CB0A353E2136EE9E6E96DB9F7164",
  "Iced.dll": "897C86FCF3DE1FA447E43631F08CA566",
  "ImGui.NET.dll": "C0A104DC40F9A47DB2F7E2D7DFA70644",
  "ImGuiScene.dll": "97E3DAD667850A788CB122F7C3561EA7",
  "InteropGenerator.Runtime.dll": "0249B547899386881FEC1866DAC89F94",
  "JetBrains.Annotations.dll": "156D3B92D10DF695B137168BAF5736ED",
  "licenses.txt": "A159BE62AA91178EFC3E3983AE874D1D",
  "Lumina.dll": "5B0FB9EA3AC659A506C593E7E883C46B",
  "Lumina.Excel.dll": "E7ED6507EB5C410484A64241179AC130",
  "Microsoft.Bcl.HashCode.dll": "613AB56061ADF2284E047025207467E0",
  "Microsoft.DotNet.PlatformAbstractions.dll": "00AB0F02B1114C57C758F5AD595224F1",
  "Microsoft.Extensions.DependencyModel.dll": "F39BC76C10CFEA478C936FC4521A9FC9",
  "Microsoft.Extensions.ObjectPool.dll": "FEE3CE8A84417360CC5ED787ED6F7DB1",
  "MinSharp.dll": "5601528CAF33FC2DB81349CC5D5C331F",
  "Mono.Cecil.dll": "C05B499BBC5540F51A2BB8823634FEC0",
  "Mono.Cecil.Mdb.dll": "00DECC72FE4A11CD23CE8D972DC0B0AE",
  "Mono.Cecil.Pdb.dll": "B036B8BE5C592D06DCDF69375C44D3F0",
  "Mono.Cecil.Rocks.dll": "35702AE58F426E951BC11AB215A9D44E",
  "nethost.dll": "21F39F71E2F4B5BA9FB3F126872F2F9B",
  "Newtonsoft.Json.dll": "ADF3E3EECDE20B7C9661E9C47106A14A",
  "PeNet.Asn1.dll": "312C3BC22436A72BC7F8305A9BE817C5",
  "PeNet.dll": "0CEB0DD78917E0412735B6357F17E381",
  "PInvoke.AdvApi32.dll": "34EE461D05B403C3A15D0DEC32A3788C",
  "PInvoke.BCrypt.dll": "FD07758EE1440491F22923084109FF26",
  "PInvoke.Cabinet.dll": "333D950E3804735DA60CC41D614C63E2",
  "PInvoke.CfgMgr32.dll": "768BE7CC18EDCF78B296A72ABE891691",
  "PInvoke.Crypt32.dll": "E7B00B0851738F4A7F2C6D37DAA973B4",
  "PInvoke.DbgHelp.dll": "E701136169620D20E3A70B560DE20E44",
  "PInvoke.DwmApi.dll": "ACF223CC8962404056648815B486F7D9",
  "PInvoke.Gdi32.dll": "69FF434826F98582CE44D3136ECFFACB",
  "PInvoke.Hid.dll": "2E7A41257F8AD9B26073181F450CD8E5",
  "PInvoke.ImageHlp.dll": "79BE816E8D86EA66489D7780DD675D49",
  "PInvoke.IPHlpApi.dll": "E949FA3326D1BA8872B179AB4EE49D38",
  "PInvoke.Kernel32.dll": "234E15B122ED430DE99490CA1A204958",
  "PInvoke.Magnification.dll": "C9EA3D34F506741ECC044DB19C151F09",
  "PInvoke.Msi.dll": "69EE50CE2DA6B55755E52589F49A7EBC",
  "PInvoke.NCrypt.dll": "DA1DE76C14D99370CA3BEF19DC299B15",
  "PInvoke.NetApi32.dll": "AE79F9FA2E3864A5E0642AE4622ECDC5",
  "PInvoke.NewDev.dll": "B3E1992105D986EF9C5C8E4B630FBB07",
  "PInvoke.NTDll.dll": "3F6BDF840EB27DD0FD9EB8071822183A",
  "PInvoke.Ole32.dll": "3C49FB100B60519FFE725BCD12A538F6",
  "PInvoke.Psapi.dll": "A7683EE4B880227F01C8AE632A892B9E",
  "PInvoke.SetupApi.dll": "1B7AE321185D0081D1759A9AD829F9BA",
  "PInvoke.SHCore.dll": "F27E7F063D51480F6D2294C903E4A606",
  "PInvoke.Shell32.dll": "F71A1BCAF6478190691170DAEA77722F",
  "PInvoke.User32.dll": "8BEDE38311ED4F27127290B81B8079FD",
  "PInvoke.Userenv.dll": "FEB7BCA90B8C905EC2F4BB0789847131",
  "PInvoke.UxTheme.dll": "8E683C016250CB719FDB9AAAFC22B3C5",
  "PInvoke.Windows.Core.dll": "90015440A44935208FFEA9BF61740651",
  "PInvoke.Windows.ShellScalingApi.dll": "F351B34B8C9183A51CADFDC279357C49",
  "PInvoke.WinUsb.dll": "9EB8A0280F2848D1A32B560A939F7336",
  "PInvoke.WtsApi32.dll": "341C94455D2E5893DBE4293D4D67AA4D",
  "Reloaded.Assembler.dll": "2AC7E7FA865E8FF8B24C88242E4DDEC1",
  "Reloaded.Hooks.Definitions.dll": "62E4AD39D53690E6407CD89E8BB3A3C4",
  "Reloaded.Hooks.dll": "14EA5B9C9195A8507AABACEC9A19732D",
  "Reloaded.Memory.Buffers.dll": "81A229421E5795588F670EA02E854605",
  "Reloaded.Memory.dll": "FC111C4EE04814D6F76282FF1844BD3D",
  "revision.txt": "FEBEFE1CC5C87748EA02036DBE9E3D67",
  "SDL2-CS.config": "65557595FD5DF55D93B2BF881DE62C3A",
  "SDL2-CS.dll": "3EB62C48616846105DE11E6A9630EC6D",
  "Serilog.dll": "3E1416044F55B2F464E680E7E71B063C",
  "Serilog.Sinks.Async.dll": "3358DF1FCB70A2952CDF7F4061DE8653",
  "Serilog.Sinks.Console.dll": "C5A4A964A908C77264B2901101096CC7",
  "Serilog.Sinks.File.dll": "FCD47D9EB9EBE4AC305C354E5D240B0D",
  "SharpDX.Direct3D11.dll": "225DF2BAC4359920216DB7EB2D0F3F6A",
  "SharpDX.dll": "961A316A690EBCE7F1FB989DAA130DD3",
  "SharpDX.DXGI.dll": "486B39B63D6824DEF881E52F4C29FBB9",
  "SharpDX.Mathematics.dll": "B5D894B06EE178E58E277DF9656CCA57",
  "Silk.NET.Core.dll": "50D358A7839E04634837191F5E8CAA41",
  "Silk.NET.GLFW.dll": "08570E89A1FCE7A96CE6750D5B4C2BD4",
  "Silk.NET.Maths.dll": "9B8376BF198737DCC2E981D86F0A169C",
  "Silk.NET.OpenGL.dll": "26F01AD9933C816C791ACD35E3A00F81",
  "Silk.NET.SDL.dll": "7F9A3B23FB2B983BBB9B068C1421F8B4",
  "Silk.NET.Windowing.Common.dll": "F641FED0775136FB5FBB97BF35AC9D92",
  "Silk.NET.Windowing.Glfw.dll": "50DDF3CE435584010696506878CDC850",
  "Silk.NET.Windowing.Sdl.dll": "7501E5430E8E9AE35545317A1E8B9C64",
  "SQLite-net.dll": "62A4BD73AE8B3D83DC59D8D262924D04",
  "SQLitePCLRaw.batteries_v2.dll": "9F6DA14401B51CE096BB7137BF922949",
  "SQLitePCLRaw.core.dll": "4E7D82AAEFE5EE3DAA4A5965DA7538B2",
  "SQLitePCLRaw.nativelibrary.dll": "5664E231105C2479E451B83F0D35A4CE",
  "SQLitePCLRaw.provider.dynamic_cdecl.dll": "94429BE42BC4210517CF7CB14DDA7FDE",
  "StbiSharp.dll": "565AB349158DDE9D8D651330AFB88F2C",
  "System.Reactive.dll": "EF5A00287AD15393D41B12AA4B726FF7",
  "System.Reflection.MetadataLoadContext.dll": "E88E3AF6D37736F339022C9ACC5F2F7B",
  "System.Security.Cryptography.Pkcs.dll": "8950E01996A37E808BE3F39063C37BF9",
  "TEMP_gitver.txt": "B0D681A839E20428CC3D99F88447EEC2",
  "TerraFX.Interop.Windows.dll": "84F7EF6B0DE91F8CC23F773D3FD6DEC0",
  "Validation.dll": "84AAEF984CEDB95F80FC26F5BC514717"
}
