{
  "runtimes\\alpine-x64\\native\\libe_sqlite3.so": "39C244FEDBCD3DFC37041D4FCE1AE21D",
  "runtimes\\linux-arm\\native\\libe_sqlite3.so": "96CF54BC0EFB83D6E3F5F3E04997A59D",
  "runtimes\\linux-arm64\\native\\libe_sqlite3.so": "F079E55E7F3F9966A4A2052A3234E068",
  "runtimes\\linux-armel\\native\\libe_sqlite3.so": "C5A67D49434FC65D64E9C15778078C76",
  "runtimes\\linux-mips64\\native\\libe_sqlite3.so": "5F8461214089CFC677D46C19B7162161",
  "runtimes\\linux-musl-x64\\native\\libe_sqlite3.so": "39C244FEDBCD3DFC37041D4FCE1AE21D",
  "runtimes\\linux-x64\\native\\libe_sqlite3.so": "6F49C540D3AB9964D67A4A704C3D262D",
  "runtimes\\linux-x64\\native\\libglfw.so.3": "9E3137144F68B9E9793F4C7AD5B1BEA7",
  "runtimes\\linux-x64\\native\\libSDL2-2.0.so": "99B95A708381FC66AB2370E45A260527",
  "runtimes\\linux-x64\\native\\libstbi.so": "0945355ED59677D06E3E88F48101BB26",
  "runtimes\\linux-x86\\native\\libe_sqlite3.so": "5E0659B414CBD6DDC38C65582485853E",
  "runtimes\\osx-x64\\native\\libe_sqlite3.dylib": "F82AE134FCD1C080A69D775591406673",
  "runtimes\\osx-x64\\native\\libglfw.3.dylib": "1E30FAB2F0C40E82290AD4B0BF14A880",
  "runtimes\\osx-x64\\native\\libSDL2-2.0.dylib": "AAC958490586C67395F0A90903AE3747",
  "runtimes\\osx-x64\\native\\libstbi.dylib": "0B84B0A6A80178266018081C3CAB68E6",
  "runtimes\\win-arm\\native\\e_sqlite3.dll": "7303FC3A1E13DF2D570367F7EDD2D3B6",
  "runtimes\\win-arm64\\native\\e_sqlite3.dll": "4B28E34BF08F3FA210FDDC9ECC8A3B85",
  "runtimes\\win-x64\\native\\cimgui.dll": "D5CDBCFC138683763C3F052EF45DE18B",
  "runtimes\\win-x64\\native\\cimguizmo.dll": "8D11F5B28F4A789601F81EADEE5B0C0C",
  "runtimes\\win-x64\\native\\cimplot.dll": "C3647A6423A8EBBA33747A5CC342B69B",
  "runtimes\\win-x64\\native\\e_sqlite3.dll": "0F650B95DAE75D2B3C467A07DA53A152",
  "runtimes\\win-x64\\native\\glfw3.dll": "85DFE744A1C84B0E1E2E2193ABB50BB1",
  "runtimes\\win-x64\\native\\minhook.x64d.dll": "CF1BD770BD97479A3179338134040050",
  "runtimes\\win-x64\\native\\SDL2.dll": "BDD1F2499DC59485627C5F657F8EBD78",
  "runtimes\\win-x64\\native\\stbi.dll": "EF450E9044F94B934A9C225D783C24DD",
  "runtimes\\win-x64\\native\\stbi.lib": "927C214DE576219E1F80DBE7798A0502",
  "runtimes\\win-x86\\native\\e_sqlite3.dll": "FCBA80DC5E473BD1D8F820F63B959ECA",
  "runtimes\\win-x86\\native\\glfw3.dll": "3069572B5D8EEA074C8695915F1AA640",
  "runtimes\\win-x86\\native\\SDL2.dll": "A8132B050CC155CA34828AF859A182DF",
  "targets\\Dalamud.Plugin.Bootstrap.targets": "C85635161398CD9852CF7212DB7EB904",
  "targets\\Dalamud.Plugin.targets": "DDD731601C06B16E10CF2F8990452A27",
  "BitFaster.Caching.dll": "9E4058FDD87664CCAE29E7CA41D69E25",
  "CheapLoc.dll": "454C28192BEBD9048824C2564FBF1D24",
  "Costura.dll": "BFFACE64A6153ACCCA1CF8BA16770C9C",
  "Dalamud.Boot.dll": "CB3608069556652164FB97433E8B06D5",
  "Dalamud.Common.dll": "51D4780DD2CB770AA62D2EB87D212D46",
  "Dalamud.deps.json": "A736C763D55869EC3B05CE39FB863E50",
  "Dalamud.dll": "7F4734CBC1D267288EFC534DAB2291C3",
  "Dalamud.Injector.deps.json": "C1FA0941DC8B38E415776C60C508AAB9",
  "Dalamud.Injector.dll": "01D8E33C94BF8CDEF0D131CEAD40E7A0",
  "Dalamud.Injector.exe": "022A20B2C8D62ED225A24BC9BF2F3835",
  "Dalamud.Injector.runtimeconfig.json": "B9BB65FFE7924D4D8BABE9FA66303200",
  "Dalamud.Injector.xml": "D41E5DF541D19A015215E777D7395C9C",
  "Dalamud.runtimeconfig.json": "2A9CD915428BDD175E0889BD0C225F75",
  "Dalamud.xml": "C59A5389E7E7B8E6E42E6B5FDA291B2D",
  "DalamudCrashHandler.exe": "4367674823E4C19FBAF89BB89A85E6A7",
  "FASM-LICENSE.TXT": "ECEA1D10811221D5F0A3E96F9C38E2C7",
  "FASM.DLL": "D1B373C74262ECE25AE126D65C7DA425",
  "FASMX64.DLL": "451D785220E55AD53EB72B38E6B2D3A0",
  "FFXIVClientStructs.dll": "1839F794174FC7DA2A715577F67AD1A9",
  "FFXIVClientStructs.xml": "F71F3FD235056182908FC10BA7FDCBA6",
  "goaaats.Reloaded.Assembler.targets": "CC22CB0A353E2136EE9E6E96DB9F7164",
  "Iced.dll": "90F4ADE6D163FB8E1756C667C776246B",
  "ImGui.NET.dll": "F9FB1AD6C1BC156A64031543F805FFE6",
  "ImGuiScene.dll": "F2F52AAE622A7718A658E813B88EA030",
  "InteropGenerator.Runtime.dll": "0CB02FDF40C3A73D5FF3484F028C69BD",
  "JetBrains.Annotations.dll": "F5BCFC837F236005AF84DE98F280E9D8",
  "licenses.txt": "A159BE62AA91178EFC3E3983AE874D1D",
  "Lumina.dll": "C64D671C716B8CAF0CED739E2760289E",
  "Lumina.Excel.dll": "956A8DF6308BC65A249D7FD997012D50",
  "Microsoft.Bcl.HashCode.dll": "613AB56061ADF2284E047025207467E0",
  "Microsoft.DotNet.PlatformAbstractions.dll": "00AB0F02B1114C57C758F5AD595224F1",
  "Microsoft.Extensions.DependencyModel.dll": "F39BC76C10CFEA478C936FC4521A9FC9",
  "Microsoft.Extensions.ObjectPool.dll": "FEE3CE8A84417360CC5ED787ED6F7DB1",
  "MinSharp.dll": "69AAC4B544276F6C17EC136EF57A7A0E",
  "Mono.Cecil.dll": "4C2D2CA81DF469E7C02587CDE85D7102",
  "Mono.Cecil.Mdb.dll": "83CE55258CA6A84C5F3A17FE8211497A",
  "Mono.Cecil.Pdb.dll": "75AB7E4AE40919A3A5DBC8ED26191656",
  "Mono.Cecil.Rocks.dll": "43A864371A8F6F72F4DE0685B7762824",
  "nethost.dll": "012081214FE71F0F6ADCD9F4A71B2B00",
  "Newtonsoft.Json.dll": "86A83A63F12B55FD3718CFBFB577D7DC",
  "PeNet.Asn1.dll": "4093610B03B9241D1075CB3424EF4575",
  "PeNet.dll": "615C0A9A39998ACF6687798AA11F24A6",
  "PInvoke.AdvApi32.dll": "34EE461D05B403C3A15D0DEC32A3788C",
  "PInvoke.BCrypt.dll": "FD07758EE1440491F22923084109FF26",
  "PInvoke.Cabinet.dll": "333D950E3804735DA60CC41D614C63E2",
  "PInvoke.CfgMgr32.dll": "768BE7CC18EDCF78B296A72ABE891691",
  "PInvoke.Crypt32.dll": "E7B00B0851738F4A7F2C6D37DAA973B4",
  "PInvoke.DbgHelp.dll": "E701136169620D20E3A70B560DE20E44",
  "PInvoke.DwmApi.dll": "ACF223CC8962404056648815B486F7D9",
  "PInvoke.Gdi32.dll": "69FF434826F98582CE44D3136ECFFACB",
  "PInvoke.Hid.dll": "2E7A41257F8AD9B26073181F450CD8E5",
  "PInvoke.ImageHlp.dll": "79BE816E8D86EA66489D7780DD675D49",
  "PInvoke.IPHlpApi.dll": "E949FA3326D1BA8872B179AB4EE49D38",
  "PInvoke.Kernel32.dll": "234E15B122ED430DE99490CA1A204958",
  "PInvoke.Magnification.dll": "C9EA3D34F506741ECC044DB19C151F09",
  "PInvoke.Msi.dll": "69EE50CE2DA6B55755E52589F49A7EBC",
  "PInvoke.NCrypt.dll": "DA1DE76C14D99370CA3BEF19DC299B15",
  "PInvoke.NetApi32.dll": "AE79F9FA2E3864A5E0642AE4622ECDC5",
  "PInvoke.NewDev.dll": "B3E1992105D986EF9C5C8E4B630FBB07",
  "PInvoke.NTDll.dll": "3F6BDF840EB27DD0FD9EB8071822183A",
  "PInvoke.Ole32.dll": "3C49FB100B60519FFE725BCD12A538F6",
  "PInvoke.Psapi.dll": "A7683EE4B880227F01C8AE632A892B9E",
  "PInvoke.SetupApi.dll": "1B7AE321185D0081D1759A9AD829F9BA",
  "PInvoke.SHCore.dll": "F27E7F063D51480F6D2294C903E4A606",
  "PInvoke.Shell32.dll": "F71A1BCAF6478190691170DAEA77722F",
  "PInvoke.User32.dll": "8BEDE38311ED4F27127290B81B8079FD",
  "PInvoke.Userenv.dll": "FEB7BCA90B8C905EC2F4BB0789847131",
  "PInvoke.UxTheme.dll": "8E683C016250CB719FDB9AAAFC22B3C5",
  "PInvoke.Windows.Core.dll": "90015440A44935208FFEA9BF61740651",
  "PInvoke.Windows.ShellScalingApi.dll": "F351B34B8C9183A51CADFDC279357C49",
  "PInvoke.WinUsb.dll": "9EB8A0280F2848D1A32B560A939F7336",
  "PInvoke.WtsApi32.dll": "341C94455D2E5893DBE4293D4D67AA4D",
  "Reloaded.Assembler.dll": "F04113BD91ACDBCB845A09B83C2BFA3C",
  "Reloaded.Hooks.Definitions.dll": "1CC96087EE6CCA0F44B6C7C335D3B62E",
  "Reloaded.Hooks.dll": "4C8D42E6FEBAE24CE08A39C4981C708B",
  "Reloaded.Memory.Buffers.dll": "F2B7FE582B573CDE4CF34F2C2AB7093A",
  "Reloaded.Memory.dll": "3CB956C4DB60E9F98EA0EAA385208600",
  "revision.txt": "A6DA680BCB675843419F2BA88A7AB7B8",
  "SDL2-CS.config": "65557595FD5DF55D93B2BF881DE62C3A",
  "SDL2-CS.dll": "69551B09D88467C938CB40988CF39169",
  "Serilog.dll": "D7DA2E15EA1CA13D4A8F776D233ED295",
  "Serilog.Sinks.Async.dll": "F6C7B0B5676A85EEFB509496BD0783F9",
  "Serilog.Sinks.Console.dll": "5ABEE39DF60945E5210DB33DCB07D579",
  "Serilog.Sinks.File.dll": "0EAE958D75C5F475ADD287E813ED5276",
  "SharpDX.Direct3D11.dll": "ED441FF0B7D146EE2AD607DC5EDC5506",
  "SharpDX.dll": "CE5D055739D96481E3CCD655C4440511",
  "SharpDX.DXGI.dll": "977FF56D15C45D033C2A2F9102F83D0C",
  "SharpDX.Mathematics.dll": "0F25E5C80CF796B878BECC7105E365C6",
  "Silk.NET.Core.dll": "47D539A5E3A0C46BEE3EFFCE88BC15CA",
  "Silk.NET.GLFW.dll": "DEBA3F4EFB7C45DEA0A5CF5A08798264",
  "Silk.NET.Maths.dll": "FAE98CC34F285B7A0A0EA54D2A78FEFD",
  "Silk.NET.OpenGL.dll": "16A266F237BD33E4F2A9351848F44329",
  "Silk.NET.SDL.dll": "28E91F36D48E37458AED247F62D663C8",
  "Silk.NET.Windowing.Common.dll": "8BEFFCA91CBFB592DD992A5B6D6C4F3D",
  "Silk.NET.Windowing.Glfw.dll": "043336BF38CF12A3B2B64EA6AABA0D96",
  "Silk.NET.Windowing.Sdl.dll": "D029392C4922059FE2C20BF78828FAEB",
  "SQLite-net.dll": "C50360DB4117D15474081685B9FF62DB",
  "SQLitePCLRaw.batteries_v2.dll": "69D406D19BCA30096C10DB3450AACE3C",
  "SQLitePCLRaw.core.dll": "52ED0C3F2BBCF0B531E998612BDAEE19",
  "SQLitePCLRaw.nativelibrary.dll": "95F0211DA9E538ADBF993B1142B01F51",
  "SQLitePCLRaw.provider.dynamic_cdecl.dll": "91D13E92FCE89EEDA9B94C630764D27A",
  "StbiSharp.dll": "F566056ED72A126B469B6C9236D6D3ED",
  "System.Reactive.dll": "EF5A00287AD15393D41B12AA4B726FF7",
  "System.Reflection.MetadataLoadContext.dll": "7EC41D41F4E1246757BA3E2EC862D562",
  "System.Security.Cryptography.Pkcs.dll": "8950E01996A37E808BE3F39063C37BF9",
  "TEMP_gitver.txt": "2A62E815D37E6B670515593CFC0CE0A3",
  "TerraFX.Interop.Windows.dll": "84F7EF6B0DE91F8CC23F773D3FD6DEC0",
  "Validation.dll": "80B6C1AA984ABC367498B0EC7B8E8831"
}
