{
  "runtimes\\alpine-x64\\native\\libe_sqlite3.so": "39C244FEDBCD3DFC37041D4FCE1AE21D",
  "runtimes\\linux-arm\\native\\libe_sqlite3.so": "96CF54BC0EFB83D6E3F5F3E04997A59D",
  "runtimes\\linux-arm64\\native\\libe_sqlite3.so": "F079E55E7F3F9966A4A2052A3234E068",
  "runtimes\\linux-armel\\native\\libe_sqlite3.so": "C5A67D49434FC65D64E9C15778078C76",
  "runtimes\\linux-mips64\\native\\libe_sqlite3.so": "5F8461214089CFC677D46C19B7162161",
  "runtimes\\linux-musl-x64\\native\\libe_sqlite3.so": "39C244FEDBCD3DFC37041D4FCE1AE21D",
  "runtimes\\linux-x64\\native\\libe_sqlite3.so": "6F49C540D3AB9964D67A4A704C3D262D",
  "runtimes\\linux-x86\\native\\libe_sqlite3.so": "5E0659B414CBD6DDC38C65582485853E",
  "runtimes\\osx-x64\\native\\libe_sqlite3.dylib": "F82AE134FCD1C080A69D775591406673",
  "runtimes\\win-arm\\native\\e_sqlite3.dll": "A87FC70FCABA46148C7570844AFC937F",
  "runtimes\\win-arm64\\native\\e_sqlite3.dll": "4AA9D7629F2B71384D5C46E208E59348",
  "runtimes\\win-x64\\native\\e_sqlite3.dll": "04B908F2C8477C199CBFDB2892774C75",
  "runtimes\\win-x64\\native\\minhook.x64d.dll": "A0234F1ACF5119009E6585EB0271D54A",
  "runtimes\\win-x86\\native\\e_sqlite3.dll": "3E27F030F8A68E9F0CDD5482E5327A61",
  "targets\\Dalamud.Plugin.Bootstrap.targets": "C85635161398CD9852CF7212DB7EB904",
  "targets\\Dalamud.Plugin.targets": "394EE2BEC70254F76ABBE2C33F62BBFA",
  "BCnEncoder.dll": "0ECC20E7FB547BC9EF389374F9BBD2EC",
  "BitFaster.Caching.dll": "CF8C48CD33B449F97C4F710D1B5BA8AA",
  "CheapLoc.dll": "FE1087810C7C2EF14ECF0F0060973B9F",
  "cimgui.dll": "1862A53231D8637A6C6AC8A5B8FEB747",
  "cimguizmo.dll": "4A86E44B635640FBF0C8784B7209FFBF",
  "cimplot.dll": "6134E15A1804DFE7DCCB05F85F46483B",
  "commit_hash.txt": "80F73F1BDDA78D096B1E35086FA7DF71",
  "CommunityToolkit.HighPerformance.dll": "66B64EC334625F2C5D341A45E28EEB43",
  "Dalamud.Bindings.ImGui.dll": "AA8EB4C40DE92DCFC4B61A74E47EB7FB",
  "Dalamud.Bindings.ImGuizmo.dll": "A20D7175C34EF54413D37E3958932B39",
  "Dalamud.Bindings.ImPlot.dll": "391EB91C76750B30EB46B9B631501374",
  "Dalamud.Boot.dll": "3072AC064D4ECDEFE9133268EC1AD90A",
  "Dalamud.Common.dll": "E9655E36F3EDF78E50A45CF76FE2717C",
  "Dalamud.deps.json": "E84E570F66820105D0E13BEF14C25E96",
  "Dalamud.dll": "5CEEE762F5A433DC0A615E9CDD003C68",
  "Dalamud.Injector.deps.json": "AE17A723819E88058C70AA4BDA14CA37",
  "Dalamud.Injector.dll": "47FFE1ABB738A08D7780D8E2A412562F",
  "Dalamud.Injector.exe": "275679EE017CE9A84960CE8F31745477",
  "Dalamud.Injector.runtimeconfig.json": "439C534917CEF268A731631073E50FE4",
  "Dalamud.Injector.xml": "07EC7B68C97460A1C8275C75BE82FAA9",
  "Dalamud.runtimeconfig.json": "CA3935E9C6B9E3300F2D7171E4AF6335",
  "Dalamud.xml": "5371D42260A85498C1DF05286983EF94",
  "DalamudCrashHandler.exe": "80D6400DA315001EAC8EDB4CF0C03941",
  "FASM-LICENSE.TXT": "ECEA1D10811221D5F0A3E96F9C38E2C7",
  "FASM.DLL": "CDD58B835E780A9B748A3AAFDFB34FEB",
  "FASMX64.DLL": "A780984025F88720202BBB7E9D8FF40F",
  "FFXIVClientStructs.dll": "604D43112C5A055772C6C437BED83D8A",
  "FFXIVClientStructs.xml": "1CE8BE4E1F2A63CE1DB462E6639BF98F",
  "goatcorp.Reloaded.Assembler.dll": "8E61D4A922CD8B59870B22986915150E",
  "goatcorp.Reloaded.Assembler.targets": "CC22CB0A353E2136EE9E6E96DB9F7164",
  "goatcorp.Reloaded.Hooks.dll": "8FE7EC93084E37B884851B79009ADE75",
  "goatcorp.Reloaded.Memory.Buffers.dll": "D4F2D9EF7F5C456DAB20A03C10E5D44C",
  "HexaGen.Runtime.dll": "93A33D76CF18DEDA3C56E00B7D56FE54",
  "Iced.dll": "6C6D830D3B44E293140BDF129E3B755C",
  "ImGuiScene.dll": "CA2222F73A06CB410ED13CA219A4D773",
  "InteropGenerator.Runtime.dll": "090DB9D27AB540AC8664D6BD31D7F4D5",
  "JetBrains.Annotations.dll": "45CBDBE91A527DC5AF73661FE6A40D17",
  "licenses.txt": "A159BE62AA91178EFC3E3983AE874D1D",
  "Lumina.dll": "08B3D772EC295F71E11AABD23D23B54A",
  "Lumina.Excel.dll": "E7305FB7E89E59D44DEBFEB19AC382A0",
  "Lumina.Excel.xml": "3D3B7AD224A8A04B92B2B311FB8DA535",
  "Microsoft.Extensions.ObjectPool.dll": "5510583E2B50BE953814615586673C33",
  "MinSharp.dll": "DABF57CF3B3C6E8EED6C453B54F9AA1F",
  "Mono.Cecil.dll": "8D64F4E5E083B43B9D367ACA2BFEF984",
  "Mono.Cecil.Mdb.dll": "34836EFEC19A33E46E4CD5AFEE34D604",
  "Mono.Cecil.Pdb.dll": "4545F5B46A1CC326EC8EB7E17EAFF6A5",
  "Mono.Cecil.Rocks.dll": "E8BA422642F45EEA58FC01F9CB07BD37",
  "nethost.dll": "21F39F71E2F4B5BA9FB3F126872F2F9B",
  "Newtonsoft.Json.dll": "ADF3E3EECDE20B7C9661E9C47106A14A",
  "PeNet.Asn1.dll": "75C2E190B8913F8F984AB04FCD579C8F",
  "PeNet.dll": "C2DE3CB00FCCCA065CB31369AA1AE4F8",
  "Reloaded.Hooks.Definitions.dll": "74E7DFE0522AB2D3FE1298302D0962DC",
  "Reloaded.Memory.Buffers.dll": "6352053E48DCEE0E72CA7EDE03B5C1FA",
  "Reloaded.Memory.dll": "2832A19F92916F5C3C5BDB9F7AAF754C",
  "revision.txt": "E564618B1A0F9A0E5B043F63D43FC065",
  "Serilog.dll": "7E53A1EA52EF6ADDA14382B0DBB9A8A8",
  "Serilog.Sinks.Async.dll": "C1864A73053AFD59292B23D228DA5958",
  "Serilog.Sinks.Console.dll": "D29EB59BAB43BBABA33D4F8241716C3D",
  "Serilog.Sinks.File.dll": "42BBD572411958EC3DE2E8ECFC7F915C",
  "SharpDX.Direct3D11.dll": "C83BEDB80B8283AFD2C02DA23ABDF22F",
  "SharpDX.dll": "74CC9B799A6A76679B1BE7047A5A2F6F",
  "SharpDX.DXGI.dll": "0E703CD99B7898F3E6B3E61E93FC021A",
  "SharpDX.Mathematics.dll": "AB040D859CCE769007E3A67659AE826C",
  "SQLite-net.dll": "51949BB036364C1BB90AC6F0006792B8",
  "SQLitePCLRaw.batteries_v2.dll": "BD8C65D4DB86C72D52ADB3A63B43A8A4",
  "SQLitePCLRaw.core.dll": "85E9B87A409E106B6DA346ADE7A6F8BA",
  "SQLitePCLRaw.nativelibrary.dll": "AEA3D7458D584AB04CB4863172E324C0",
  "SQLitePCLRaw.provider.dynamic_cdecl.dll": "A9CB76B18369D2B0169ED5DE1D6B8544",
  "System.Reactive.dll": "EF5A00287AD15393D41B12AA4B726FF7",
  "System.Reflection.MetadataLoadContext.dll": "E88E3AF6D37736F339022C9ACC5F2F7B",
  "System.Security.Cryptography.Pkcs.dll": "8950E01996A37E808BE3F39063C37BF9",
  "TEMP_gitver.txt": "8B103E06AEE188A9CD807C68B6AE9652",
  "TerraFX.Interop.Windows.dll": "84F7EF6B0DE91F8CC23F773D3FD6DEC0"
}
