{
  "runtimes\\alpine-x64\\native\\libe_sqlite3.so": "39C244FEDBCD3DFC37041D4FCE1AE21D",
  "runtimes\\linux-arm\\native\\libe_sqlite3.so": "96CF54BC0EFB83D6E3F5F3E04997A59D",
  "runtimes\\linux-arm64\\native\\libe_sqlite3.so": "F079E55E7F3F9966A4A2052A3234E068",
  "runtimes\\linux-armel\\native\\libe_sqlite3.so": "C5A67D49434FC65D64E9C15778078C76",
  "runtimes\\linux-mips64\\native\\libe_sqlite3.so": "5F8461214089CFC677D46C19B7162161",
  "runtimes\\linux-musl-x64\\native\\libe_sqlite3.so": "39C244FEDBCD3DFC37041D4FCE1AE21D",
  "runtimes\\linux-x64\\native\\libe_sqlite3.so": "6F49C540D3AB9964D67A4A704C3D262D",
  "runtimes\\linux-x64\\native\\libglfw.so.3": "9E3137144F68B9E9793F4C7AD5B1BEA7",
  "runtimes\\linux-x64\\native\\libSDL2-2.0.so": "99B95A708381FC66AB2370E45A260527",
  "runtimes\\linux-x64\\native\\libstbi.so": "0945355ED59677D06E3E88F48101BB26",
  "runtimes\\linux-x86\\native\\libe_sqlite3.so": "5E0659B414CBD6DDC38C65582485853E",
  "runtimes\\osx-x64\\native\\libe_sqlite3.dylib": "F82AE134FCD1C080A69D775591406673",
  "runtimes\\osx-x64\\native\\libglfw.3.dylib": "1E30FAB2F0C40E82290AD4B0BF14A880",
  "runtimes\\osx-x64\\native\\libSDL2-2.0.dylib": "AAC958490586C67395F0A90903AE3747",
  "runtimes\\osx-x64\\native\\libstbi.dylib": "0B84B0A6A80178266018081C3CAB68E6",
  "runtimes\\win-arm\\native\\e_sqlite3.dll": "C9A6691AAE9A91EC67A91F7F78AF0E25",
  "runtimes\\win-arm64\\native\\e_sqlite3.dll": "B3B0ED446EE1237067FB589C3E5A72B7",
  "runtimes\\win-x64\\native\\e_sqlite3.dll": "663F86BA768F2EC8B718CA8773ADF3D9",
  "runtimes\\win-x64\\native\\glfw3.dll": "AB92C8232863B599D1EFDA56EEAD5348",
  "runtimes\\win-x64\\native\\minhook.x64d.dll": "95E8FA20B42D3C50A2DC2D4296CF2410",
  "runtimes\\win-x64\\native\\SDL2.dll": "46DA8FCB390CDF57BDB96B694011327D",
  "runtimes\\win-x64\\native\\stbi.dll": "7178732B4E4DEA554F2431BD70B6BC4D",
  "runtimes\\win-x64\\native\\stbi.lib": "927C214DE576219E1F80DBE7798A0502",
  "runtimes\\win-x86\\native\\e_sqlite3.dll": "83F8A84CE4AD3FCEF11B0256665FB946",
  "runtimes\\win-x86\\native\\glfw3.dll": "DA62A32B41624D279CB8821FE6F6E561",
  "runtimes\\win-x86\\native\\SDL2.dll": "52CCD303B0F16CE3ED6C44BEC667EB2E",
  "targets\\Dalamud.Plugin.Bootstrap.targets": "C85635161398CD9852CF7212DB7EB904",
  "targets\\Dalamud.Plugin.targets": "394EE2BEC70254F76ABBE2C33F62BBFA",
  "BitFaster.Caching.dll": "624DB9A50B0CFD788D76F7184A105FCD",
  "CheapLoc.dll": "91EC0A25BE7AE0348D8C70AE28A86A8E",
  "cimgui.dll": "9BEC0E9BDE4DF4F5B140E620739C2BE5",
  "cimguizmo.dll": "EF592FD3AF740DAE2A9EA0CBACA5CADB",
  "cimplot.dll": "6D8E1709383DBD5F608964F532319198",
  "commit_hash.txt": "F0CF0CBB9950CEF23443F47AB54E2EBC",
  "Dalamud.Boot.dll": "8F89607AAA44C838C93ACF8BEE6B2624",
  "Dalamud.Common.dll": "E2872B13A72ED72B9AEDBF9582CABC83",
  "Dalamud.deps.json": "AEDAB698EBCC7C6B19BC4045D9268EE7",
  "Dalamud.dll": "579857E70012135804C22E575E81C893",
  "Dalamud.Injector.deps.json": "C21972522E8133995B2C9562B3E39983",
  "Dalamud.Injector.dll": "796EBEF7C71280665A73211AED7F1AD8",
  "Dalamud.Injector.exe": "AC9FB380AD590465079586A908FCB938",
  "Dalamud.Injector.runtimeconfig.json": "439C534917CEF268A731631073E50FE4",
  "Dalamud.Injector.xml": "6730B8BB13078B71889B5A56C5DFAC6D",
  "Dalamud.runtimeconfig.json": "CA3935E9C6B9E3300F2D7171E4AF6335",
  "Dalamud.xml": "BAC717D37BE2423D5479D165B77109F8",
  "DalamudCrashHandler.exe": "AFDB2582EC28351FC409C8E72EC4E16C",
  "FASM-LICENSE.TXT": "ECEA1D10811221D5F0A3E96F9C38E2C7",
  "FASM.DLL": "FABA5F73A06A213B62DF5F007B2A2369",
  "FASMX64.DLL": "C4E91312F8F58DC6D6A8161A5AB6C38B",
  "FFXIVClientStructs.dll": "3B2C960932336AC1D4E0490F9FB0D56E",
  "FFXIVClientStructs.xml": "6DA9E4BFE90A8E57A0605E292DE68642",
  "goaaats.Reloaded.Assembler.targets": "CC22CB0A353E2136EE9E6E96DB9F7164",
  "Iced.dll": "9B3D76BF2F5E826417A1E3E18B90E2C7",
  "ImGui.NET.dll": "FD33297496F62A6336B05652E0DEB81B",
  "ImGuiScene.dll": "9725C66A2CA2274A501B0C3B7F1D383D",
  "InteropGenerator.Runtime.dll": "13B0D423465B619B62711267EB3F48BA",
  "JetBrains.Annotations.dll": "74A94D26512F63282E5F00855E13FDB6",
  "licenses.txt": "A159BE62AA91178EFC3E3983AE874D1D",
  "Lumina.dll": "E22680E78DAD47157750B6BE8450784E",
  "Lumina.Excel.dll": "D42F57E7A4445EF579718575F33BA5C9",
  "Microsoft.Bcl.HashCode.dll": "613AB56061ADF2284E047025207467E0",
  "Microsoft.DotNet.PlatformAbstractions.dll": "00AB0F02B1114C57C758F5AD595224F1",
  "Microsoft.Extensions.DependencyModel.dll": "F39BC76C10CFEA478C936FC4521A9FC9",
  "Microsoft.Extensions.ObjectPool.dll": "B0558CE087EAE95853E35579300F3A77",
  "MinSharp.dll": "46C130B9F805809F58D99D907DC2D821",
  "Mono.Cecil.dll": "15F1BFA67C8F82532E37D68174B562DD",
  "Mono.Cecil.Mdb.dll": "59C85DC7183479CC9D4715D3A407EEB7",
  "Mono.Cecil.Pdb.dll": "9E43DE435E667F4C77399C7534BA8BDA",
  "Mono.Cecil.Rocks.dll": "47B835F16F6DADA768D6341AE1AF9EEC",
  "nethost.dll": "21F39F71E2F4B5BA9FB3F126872F2F9B",
  "Newtonsoft.Json.dll": "ADF3E3EECDE20B7C9661E9C47106A14A",
  "PeNet.Asn1.dll": "D994FBCCF6BA9C9BB3464878C83B7F79",
  "PeNet.dll": "7547BDD8776DDDB1875F14344E40CEDE",
  "PInvoke.AdvApi32.dll": "34EE461D05B403C3A15D0DEC32A3788C",
  "PInvoke.BCrypt.dll": "FD07758EE1440491F22923084109FF26",
  "PInvoke.Cabinet.dll": "333D950E3804735DA60CC41D614C63E2",
  "PInvoke.CfgMgr32.dll": "768BE7CC18EDCF78B296A72ABE891691",
  "PInvoke.Crypt32.dll": "E7B00B0851738F4A7F2C6D37DAA973B4",
  "PInvoke.DbgHelp.dll": "E701136169620D20E3A70B560DE20E44",
  "PInvoke.DwmApi.dll": "ACF223CC8962404056648815B486F7D9",
  "PInvoke.Gdi32.dll": "69FF434826F98582CE44D3136ECFFACB",
  "PInvoke.Hid.dll": "2E7A41257F8AD9B26073181F450CD8E5",
  "PInvoke.ImageHlp.dll": "79BE816E8D86EA66489D7780DD675D49",
  "PInvoke.IPHlpApi.dll": "E949FA3326D1BA8872B179AB4EE49D38",
  "PInvoke.Kernel32.dll": "234E15B122ED430DE99490CA1A204958",
  "PInvoke.Magnification.dll": "C9EA3D34F506741ECC044DB19C151F09",
  "PInvoke.Msi.dll": "69EE50CE2DA6B55755E52589F49A7EBC",
  "PInvoke.NCrypt.dll": "DA1DE76C14D99370CA3BEF19DC299B15",
  "PInvoke.NetApi32.dll": "AE79F9FA2E3864A5E0642AE4622ECDC5",
  "PInvoke.NewDev.dll": "B3E1992105D986EF9C5C8E4B630FBB07",
  "PInvoke.NTDll.dll": "3F6BDF840EB27DD0FD9EB8071822183A",
  "PInvoke.Ole32.dll": "3C49FB100B60519FFE725BCD12A538F6",
  "PInvoke.Psapi.dll": "A7683EE4B880227F01C8AE632A892B9E",
  "PInvoke.SetupApi.dll": "1B7AE321185D0081D1759A9AD829F9BA",
  "PInvoke.SHCore.dll": "F27E7F063D51480F6D2294C903E4A606",
  "PInvoke.Shell32.dll": "F71A1BCAF6478190691170DAEA77722F",
  "PInvoke.User32.dll": "8BEDE38311ED4F27127290B81B8079FD",
  "PInvoke.Userenv.dll": "FEB7BCA90B8C905EC2F4BB0789847131",
  "PInvoke.UxTheme.dll": "8E683C016250CB719FDB9AAAFC22B3C5",
  "PInvoke.Windows.Core.dll": "90015440A44935208FFEA9BF61740651",
  "PInvoke.Windows.ShellScalingApi.dll": "F351B34B8C9183A51CADFDC279357C49",
  "PInvoke.WinUsb.dll": "9EB8A0280F2848D1A32B560A939F7336",
  "PInvoke.WtsApi32.dll": "341C94455D2E5893DBE4293D4D67AA4D",
  "Reloaded.Assembler.dll": "7BDEB2A86A8FBB06EE0D6518B48DF0A0",
  "Reloaded.Hooks.Definitions.dll": "34F0113544096CA1E150A1DA9DCE32EB",
  "Reloaded.Hooks.dll": "2A21EA7984DA291B3F3C3265BCD0B3E6",
  "Reloaded.Memory.Buffers.dll": "494AC83FCF0257F5C51F73DC9509E5E2",
  "Reloaded.Memory.dll": "AB5EE863E5474E7D25A09425C8117F29",
  "revision.txt": "63A8F9E307F0BF4473C24DD4DB17CEBD",
  "SDL2-CS.config": "65557595FD5DF55D93B2BF881DE62C3A",
  "SDL2-CS.dll": "86E7D61E538299711C22AE7C2F416CD6",
  "Serilog.dll": "301B9031A745D8EE644116FD1046951D",
  "Serilog.Sinks.Async.dll": "D7087D62912AFE77123BCAFF4304F4F8",
  "Serilog.Sinks.Console.dll": "05230BA5DAACF6128A6BA401879ADFFF",
  "Serilog.Sinks.File.dll": "7060F21DD9F6DAD442A6C6EE4CDFA065",
  "SharpDX.Direct3D11.dll": "A17E57498F666D2551F5460D78B4C25E",
  "SharpDX.dll": "126C3843019086C1AD829543B830EFB0",
  "SharpDX.DXGI.dll": "5DB6A9AC3D31152DCD39A7395A6433C8",
  "SharpDX.Mathematics.dll": "60F697F03896B981639C261F2EF4548E",
  "Silk.NET.Core.dll": "A1F5F0E93FBD139D4FF327D36F908B39",
  "Silk.NET.GLFW.dll": "8E3E70ABE3AF0327921FE36D3CF0A6F2",
  "Silk.NET.Maths.dll": "A812916CFBCE25603F7A42697D77F401",
  "Silk.NET.OpenGL.dll": "9BEC3EE00635AF037D6330D28346DE08",
  "Silk.NET.SDL.dll": "5EACD555B56654A8386B97FD88654F5F",
  "Silk.NET.Windowing.Common.dll": "C19E0AFB566278E5BC0D671A5BD5F2FC",
  "Silk.NET.Windowing.Glfw.dll": "5FB93F870C3BCAD66DBC571BF16DA2F5",
  "Silk.NET.Windowing.Sdl.dll": "7D11CB803516408DFA4817A1CA73AEF8",
  "SQLite-net.dll": "DEDA148BB82968756237BB326DC99058",
  "SQLitePCLRaw.batteries_v2.dll": "E62081036A553D1A276C5CF16358B46F",
  "SQLitePCLRaw.core.dll": "0F89A58C5EA153C797A39BC2F7AE6B48",
  "SQLitePCLRaw.nativelibrary.dll": "E06B7A39E776BAEB5AE7105D94E3EC69",
  "SQLitePCLRaw.provider.dynamic_cdecl.dll": "093533F696376E74033EE685D3DBE5A1",
  "StbiSharp.dll": "E1B0356F3DBEF0FB394BDEB4E8A4B01B",
  "System.Reactive.dll": "EF5A00287AD15393D41B12AA4B726FF7",
  "System.Reflection.MetadataLoadContext.dll": "E88E3AF6D37736F339022C9ACC5F2F7B",
  "System.Security.Cryptography.Pkcs.dll": "8950E01996A37E808BE3F39063C37BF9",
  "TEMP_gitver.txt": "B27153108F1B80EA9F026CE1DAAA7A48",
  "TerraFX.Interop.Windows.dll": "84F7EF6B0DE91F8CC23F773D3FD6DEC0",
  "Validation.dll": "E794F58F6B120566021AAE0F911158AB"
}
