{
  "runtimes\\alpine-x64\\native\\libe_sqlite3.so": "39C244FEDBCD3DFC37041D4FCE1AE21D",
  "runtimes\\linux-arm\\native\\libe_sqlite3.so": "96CF54BC0EFB83D6E3F5F3E04997A59D",
  "runtimes\\linux-arm64\\native\\libe_sqlite3.so": "F079E55E7F3F9966A4A2052A3234E068",
  "runtimes\\linux-armel\\native\\libe_sqlite3.so": "C5A67D49434FC65D64E9C15778078C76",
  "runtimes\\linux-mips64\\native\\libe_sqlite3.so": "5F8461214089CFC677D46C19B7162161",
  "runtimes\\linux-musl-x64\\native\\libe_sqlite3.so": "39C244FEDBCD3DFC37041D4FCE1AE21D",
  "runtimes\\linux-x64\\native\\libe_sqlite3.so": "6F49C540D3AB9964D67A4A704C3D262D",
  "runtimes\\linux-x64\\native\\libglfw.so.3": "9E3137144F68B9E9793F4C7AD5B1BEA7",
  "runtimes\\linux-x64\\native\\libSDL2-2.0.so": "99B95A708381FC66AB2370E45A260527",
  "runtimes\\linux-x64\\native\\libstbi.so": "0945355ED59677D06E3E88F48101BB26",
  "runtimes\\linux-x86\\native\\libe_sqlite3.so": "5E0659B414CBD6DDC38C65582485853E",
  "runtimes\\osx-x64\\native\\libe_sqlite3.dylib": "F82AE134FCD1C080A69D775591406673",
  "runtimes\\osx-x64\\native\\libglfw.3.dylib": "1E30FAB2F0C40E82290AD4B0BF14A880",
  "runtimes\\osx-x64\\native\\libSDL2-2.0.dylib": "AAC958490586C67395F0A90903AE3747",
  "runtimes\\osx-x64\\native\\libstbi.dylib": "0B84B0A6A80178266018081C3CAB68E6",
  "runtimes\\win-arm\\native\\e_sqlite3.dll": "68B62CF54B6119FC99EC112E25053745",
  "runtimes\\win-arm64\\native\\e_sqlite3.dll": "1F8DAD80308B6763CDCF0C64096E43E1",
  "runtimes\\win-x64\\native\\cimgui.dll": "A152E2101DD905D9CA86C82182B24E18",
  "runtimes\\win-x64\\native\\cimguizmo.dll": "1E133C2555935C3F9603E182D34F514F",
  "runtimes\\win-x64\\native\\cimplot.dll": "597A793E0E8980695C699F1F270EF662",
  "runtimes\\win-x64\\native\\e_sqlite3.dll": "67DCFB755361709A7CB296BF262709F3",
  "runtimes\\win-x64\\native\\glfw3.dll": "6E5A5DA1044B09A21E96BF4E115A699F",
  "runtimes\\win-x64\\native\\minhook.x64d.dll": "99990F2CCA36DC4FFBC0FD0D7D766CF5",
  "runtimes\\win-x64\\native\\SDL2.dll": "0E3FD5EFEF604D282EDD5264693AF6DE",
  "runtimes\\win-x64\\native\\stbi.dll": "8C6F0E4793BA381A5541B8AA47330458",
  "runtimes\\win-x64\\native\\stbi.lib": "927C214DE576219E1F80DBE7798A0502",
  "runtimes\\win-x86\\native\\e_sqlite3.dll": "90374AED92EE0F3B47FD242471F70358",
  "runtimes\\win-x86\\native\\glfw3.dll": "016C0C3A6BC80D6FE288B862CA38F63C",
  "runtimes\\win-x86\\native\\SDL2.dll": "C43F38BEED5F936E1E2E37D72E5FD0B5",
  "targets\\Dalamud.Plugin.Bootstrap.targets": "C85635161398CD9852CF7212DB7EB904",
  "targets\\Dalamud.Plugin.targets": "11001C983157350F50D99F1A827999B5",
  "CheapLoc.dll": "DC9C7BEE340DE8A58CC91A7A576DE42F",
  "Costura.dll": "8661A1721E5E262583DDCD7D611BF1C8",
  "Dalamud.Boot.dll": "96421C144632D103528A4C03F55DD925",
  "Dalamud.Common.dll": "BF3FDF61E4628F5C4F8838E2CB51115F",
  "Dalamud.deps.json": "A4C444F450041668036608D8C4E3EE53",
  "Dalamud.dll": "D516CA375C7E887F5AE241B45535D5EA",
  "Dalamud.Injector.deps.json": "4E53ABE9A5D3E4592DA63EBF98DAAD86",
  "Dalamud.Injector.dll": "3DE208A6311D9C83D5231EAE59D93871",
  "Dalamud.Injector.exe": "A4543288965F816C2988DC63FDAFB792",
  "Dalamud.Injector.runtimeconfig.json": "AAAFA957BB3B382321D67ACC2D792553",
  "Dalamud.Injector.xml": "D41E5DF541D19A015215E777D7395C9C",
  "Dalamud.runtimeconfig.json": "15719C111D02D5BD45F37285FC8B6040",
  "Dalamud.xml": "F0A6917142F65A3CE0C7009D10A53B8E",
  "DalamudCrashHandler.exe": "97E8B3B6C52124C481C33F738CC2250F",
  "FASM-LICENSE.TXT": "ECEA1D10811221D5F0A3E96F9C38E2C7",
  "FASM.DLL": "E5E4A3D2732114F5C9586B78800053A5",
  "FASMX64.DLL": "5ACDCD55A36CEB1B481FCBC821A91F9A",
  "FFXIVClientStructs.dll": "7903508667BFBF24133C4F0AC94ECD6D",
  "FFXIVClientStructs.xml": "08C8C63D475C837BDE9528BC1D68B9C9",
  "goaaats.Reloaded.Assembler.targets": "CC22CB0A353E2136EE9E6E96DB9F7164",
  "Iced.dll": "FC7E723CF6C56B46D62FFACC541F8400",
  "ImGui.NET.dll": "48028A6E32CC0FE5F64CC4DAAA218E8D",
  "ImGuiScene.dll": "29357BEEB1562EBB73797B6F097AD5BD",
  "JetBrains.Annotations.dll": "E7999AB8986FF92BFB2CB26AC01AD272",
  "licenses.txt": "A159BE62AA91178EFC3E3983AE874D1D",
  "Lumina.dll": "0CDA8EABC5ACDD309A7BC069A9A67388",
  "Lumina.Excel.dll": "86BE3ABDB54E901337B0561B2AD5D4FB",
  "Microsoft.Bcl.HashCode.dll": "613AB56061ADF2284E047025207467E0",
  "Microsoft.DotNet.PlatformAbstractions.dll": "00AB0F02B1114C57C758F5AD595224F1",
  "Microsoft.Extensions.DependencyModel.dll": "F39BC76C10CFEA478C936FC4521A9FC9",
  "Microsoft.Extensions.ObjectPool.dll": "91B40FCF7D5A05DF428016DDFD05BABB",
  "MinSharp.dll": "314BA983B04B13A315094CDACA90AF94",
  "Mono.Cecil.dll": "265C3B849D94A4139851A9BED9144D7C",
  "Mono.Cecil.Mdb.dll": "EF43543770CCF7D6FC19D43F4189D6AE",
  "Mono.Cecil.Pdb.dll": "66FBA24474708958EDBCD229F39E5DB9",
  "Mono.Cecil.Rocks.dll": "82E495B0F729E16F48A052355B57DA0D",
  "MonoMod.Backports.dll": "CADFCC837981B357D1D94105DC9C0C6C",
  "MonoMod.Core.dll": "46045E4B83102801CC35765866461721",
  "MonoMod.Iced.dll": "F7D45F44E45DFA691317768F6FBD2308",
  "MonoMod.ILHelpers.dll": "839839FB1FB0EEE1938948BF3A28F57B",
  "MonoMod.RuntimeDetour.dll": "258815F8A2432EF4A65F0A5922BBC31E",
  "MonoMod.Utils.dll": "5969068D2BC4A39434EF223F4D61A4DC",
  "nethost.dll": "012081214FE71F0F6ADCD9F4A71B2B00",
  "Newtonsoft.Json.dll": "86A83A63F12B55FD3718CFBFB577D7DC",
  "PeNet.Asn1.dll": "A5F1CEFFB1A54DEF2BECA7CE08406963",
  "PeNet.dll": "9EDF582F8F76C82E3D216FF12F43D057",
  "PInvoke.AdvApi32.dll": "34EE461D05B403C3A15D0DEC32A3788C",
  "PInvoke.BCrypt.dll": "FD07758EE1440491F22923084109FF26",
  "PInvoke.Cabinet.dll": "333D950E3804735DA60CC41D614C63E2",
  "PInvoke.CfgMgr32.dll": "768BE7CC18EDCF78B296A72ABE891691",
  "PInvoke.Crypt32.dll": "E7B00B0851738F4A7F2C6D37DAA973B4",
  "PInvoke.DbgHelp.dll": "E701136169620D20E3A70B560DE20E44",
  "PInvoke.DwmApi.dll": "ACF223CC8962404056648815B486F7D9",
  "PInvoke.Gdi32.dll": "69FF434826F98582CE44D3136ECFFACB",
  "PInvoke.Hid.dll": "2E7A41257F8AD9B26073181F450CD8E5",
  "PInvoke.ImageHlp.dll": "79BE816E8D86EA66489D7780DD675D49",
  "PInvoke.IPHlpApi.dll": "E949FA3326D1BA8872B179AB4EE49D38",
  "PInvoke.Kernel32.dll": "234E15B122ED430DE99490CA1A204958",
  "PInvoke.Magnification.dll": "C9EA3D34F506741ECC044DB19C151F09",
  "PInvoke.Msi.dll": "69EE50CE2DA6B55755E52589F49A7EBC",
  "PInvoke.NCrypt.dll": "DA1DE76C14D99370CA3BEF19DC299B15",
  "PInvoke.NetApi32.dll": "AE79F9FA2E3864A5E0642AE4622ECDC5",
  "PInvoke.NewDev.dll": "B3E1992105D986EF9C5C8E4B630FBB07",
  "PInvoke.NTDll.dll": "3F6BDF840EB27DD0FD9EB8071822183A",
  "PInvoke.Ole32.dll": "3C49FB100B60519FFE725BCD12A538F6",
  "PInvoke.Psapi.dll": "A7683EE4B880227F01C8AE632A892B9E",
  "PInvoke.SetupApi.dll": "1B7AE321185D0081D1759A9AD829F9BA",
  "PInvoke.SHCore.dll": "F27E7F063D51480F6D2294C903E4A606",
  "PInvoke.Shell32.dll": "F71A1BCAF6478190691170DAEA77722F",
  "PInvoke.User32.dll": "8BEDE38311ED4F27127290B81B8079FD",
  "PInvoke.Userenv.dll": "FEB7BCA90B8C905EC2F4BB0789847131",
  "PInvoke.UxTheme.dll": "8E683C016250CB719FDB9AAAFC22B3C5",
  "PInvoke.Windows.Core.dll": "90015440A44935208FFEA9BF61740651",
  "PInvoke.Windows.ShellScalingApi.dll": "F351B34B8C9183A51CADFDC279357C49",
  "PInvoke.WinUsb.dll": "9EB8A0280F2848D1A32B560A939F7336",
  "PInvoke.WtsApi32.dll": "341C94455D2E5893DBE4293D4D67AA4D",
  "Reloaded.Assembler.dll": "ABABCD6C6AE39394AD7CC4BFF3CAD334",
  "Reloaded.Hooks.Definitions.dll": "6D02025D4A1DEBA68FCC108853EF3871",
  "Reloaded.Hooks.dll": "7C5700CA07D6D328CD3C92C145F42493",
  "Reloaded.Memory.Buffers.dll": "FACABBBDC3B1EDA4ADC33B69CDCB6F57",
  "Reloaded.Memory.dll": "9C9364EB96830A23514E83FFB5595911",
  "revision.txt": "50F3F8C42B998A48057E9D33F4144B8B",
  "SDL2-CS.config": "65557595FD5DF55D93B2BF881DE62C3A",
  "SDL2-CS.dll": "01D94CC8DA5A2606967EF29F9BC903BE",
  "Serilog.dll": "9A0643EC0B3D165799D1F3138438B8BB",
  "Serilog.Sinks.Async.dll": "2D0511E5B639A235226C7FE1C3E09A6B",
  "Serilog.Sinks.Console.dll": "1B1073A459D315AFF83801CB44C8A5E0",
  "Serilog.Sinks.File.dll": "6CFBEB4DBD71103BA53D9ACB5BEF2011",
  "SharpDX.Direct3D11.dll": "092D2D59AE01A20E4F61F37A3F3A6DCD",
  "SharpDX.dll": "7E51961FDC352BADB97A83E4924C90E2",
  "SharpDX.DXGI.dll": "F79D89A101D3724C0D6F867317432C37",
  "SharpDX.Mathematics.dll": "1346A940C42BED7A6276B9A1EABA35DE",
  "Silk.NET.Core.dll": "E6915212477F435586F68ABB462BDB0C",
  "Silk.NET.GLFW.dll": "4B6B53977CAA2D7B1E7F3182B0E8B2D9",
  "Silk.NET.Maths.dll": "DDEB681540D52B0D4F25F09BEF79FC0D",
  "Silk.NET.OpenGL.dll": "E0636BA74BE821C4399A0C194139A101",
  "Silk.NET.SDL.dll": "99E74DC1A9612A69F41FDE39B3BE6C18",
  "Silk.NET.Windowing.Common.dll": "A999F888478340756BFCA71C6107AA73",
  "Silk.NET.Windowing.Glfw.dll": "1C5908C0C9DA5D2771C987147EC3CE4C",
  "Silk.NET.Windowing.Sdl.dll": "0E41B65EBAAB6ED03368957D858C3A02",
  "SQLite-net.dll": "7DA8DE2451791C9E2AFBAAB64B02E7BD",
  "SQLitePCLRaw.batteries_v2.dll": "3381199C379504D29C71A8DBC40EBADA",
  "SQLitePCLRaw.core.dll": "427F4F0C5752ADB68CA58ECF6E70F7E5",
  "SQLitePCLRaw.nativelibrary.dll": "00A5A09053D478388CA1E2C16C15F804",
  "SQLitePCLRaw.provider.dynamic_cdecl.dll": "F92D05442580CB3610043FBB569F07E3",
  "StbiSharp.dll": "FF52EAB5005235801B7DC7FEB443E2E1",
  "System.Reactive.dll": "EF5A00287AD15393D41B12AA4B726FF7",
  "System.Reflection.MetadataLoadContext.dll": "7EC41D41F4E1246757BA3E2EC862D562",
  "System.Security.Cryptography.Pkcs.dll": "8950E01996A37E808BE3F39063C37BF9",
  "TEMP_gitver.txt": "0FD0AFCF01D57A2E292716DE6916B091",
  "TerraFX.Interop.Windows.dll": "84F7EF6B0DE91F8CC23F773D3FD6DEC0",
  "Validation.dll": "48FDB9C0EEA7E7AD4627E0045F1A1B5D"
}
