{
  "runtimes\\alpine-x64\\native\\libe_sqlite3.so": "39C244FEDBCD3DFC37041D4FCE1AE21D",
  "runtimes\\linux-arm\\native\\libe_sqlite3.so": "96CF54BC0EFB83D6E3F5F3E04997A59D",
  "runtimes\\linux-arm64\\native\\libe_sqlite3.so": "F079E55E7F3F9966A4A2052A3234E068",
  "runtimes\\linux-armel\\native\\libe_sqlite3.so": "C5A67D49434FC65D64E9C15778078C76",
  "runtimes\\linux-mips64\\native\\libe_sqlite3.so": "5F8461214089CFC677D46C19B7162161",
  "runtimes\\linux-musl-x64\\native\\libe_sqlite3.so": "39C244FEDBCD3DFC37041D4FCE1AE21D",
  "runtimes\\linux-x64\\native\\libe_sqlite3.so": "6F49C540D3AB9964D67A4A704C3D262D",
  "runtimes\\linux-x64\\native\\libglfw.so.3": "9E3137144F68B9E9793F4C7AD5B1BEA7",
  "runtimes\\linux-x64\\native\\libSDL2-2.0.so": "99B95A708381FC66AB2370E45A260527",
  "runtimes\\linux-x64\\native\\libstbi.so": "0945355ED59677D06E3E88F48101BB26",
  "runtimes\\linux-x86\\native\\libe_sqlite3.so": "5E0659B414CBD6DDC38C65582485853E",
  "runtimes\\osx-x64\\native\\libe_sqlite3.dylib": "F82AE134FCD1C080A69D775591406673",
  "runtimes\\osx-x64\\native\\libglfw.3.dylib": "1E30FAB2F0C40E82290AD4B0BF14A880",
  "runtimes\\osx-x64\\native\\libSDL2-2.0.dylib": "AAC958490586C67395F0A90903AE3747",
  "runtimes\\osx-x64\\native\\libstbi.dylib": "0B84B0A6A80178266018081C3CAB68E6",
  "runtimes\\win-arm\\native\\e_sqlite3.dll": "F1A2940D1F730CE0D8EF5440FE9BEFED",
  "runtimes\\win-arm64\\native\\e_sqlite3.dll": "A09FD757AB0D1C1E19507A9435DF8ADE",
  "runtimes\\win-x64\\native\\cimgui.dll": "1191A6E931BDC7684376A22B71363D33",
  "runtimes\\win-x64\\native\\cimguizmo.dll": "A665FD9CD2E1F10F29D02F3BB081759C",
  "runtimes\\win-x64\\native\\cimplot.dll": "2437EB625413F18286CE0A0CEADA9169",
  "runtimes\\win-x64\\native\\e_sqlite3.dll": "E4593B510646C792E6A6E67497EEAA3D",
  "runtimes\\win-x64\\native\\glfw3.dll": "E736744D362ECFD493F51F4EFBA7C6E3",
  "runtimes\\win-x64\\native\\minhook.x64d.dll": "764535E2C885BCB626F16D14D0D968A1",
  "runtimes\\win-x64\\native\\SDL2.dll": "8520AA1F20931C002E1F3F6ED215FCED",
  "runtimes\\win-x64\\native\\stbi.dll": "243F16E2E10800BBA50649DF59490432",
  "runtimes\\win-x64\\native\\stbi.lib": "927C214DE576219E1F80DBE7798A0502",
  "runtimes\\win-x86\\native\\e_sqlite3.dll": "AB020169E1CAC32343C976EDA88C5BD2",
  "runtimes\\win-x86\\native\\glfw3.dll": "00D7B2696263CEC38631E5742920A84D",
  "runtimes\\win-x86\\native\\SDL2.dll": "5B9831C40E94F844BFE9C65903DE0C44",
  "targets\\Dalamud.Plugin.Bootstrap.targets": "C85635161398CD9852CF7212DB7EB904",
  "targets\\Dalamud.Plugin.targets": "11001C983157350F50D99F1A827999B5",
  "CheapLoc.dll": "587C5323B8F689BD0C153FDD3201C746",
  "Costura.dll": "4CE00E029A7C1683B9102B33F06009A2",
  "Dalamud.Boot.dll": "D978BFBFCE2AC06AAF66698EE694F78D",
  "Dalamud.Common.dll": "0FB63835C35DADF856A56EDCC34B2ECF",
  "Dalamud.deps.json": "6524D252C92B14C73E64FAE8AD1831E0",
  "Dalamud.dll": "BD75ECC48D5269858F45B5E398138D1B",
  "Dalamud.Injector.deps.json": "4E53ABE9A5D3E4592DA63EBF98DAAD86",
  "Dalamud.Injector.dll": "DC7586A7673BF29BB453C23909DA78F6",
  "Dalamud.Injector.exe": "C0A00583547D4020C2F1D6F3D1C3C8E4",
  "Dalamud.Injector.runtimeconfig.json": "AAAFA957BB3B382321D67ACC2D792553",
  "Dalamud.Injector.xml": "6CFC451561E67CE7788814C5B327D7EC",
  "Dalamud.runtimeconfig.json": "454E2BA21742B08CF0A9827950A92B0F",
  "Dalamud.xml": "891E8CF8A590DE863037F57454784019",
  "DalamudCrashHandler.exe": "5BEC866D5FE1771E4ED3F52C88A84847",
  "FASM-LICENSE.TXT": "ECEA1D10811221D5F0A3E96F9C38E2C7",
  "FASM.DLL": "762CF13A9D8F81C60A6314BB56B8F4B0",
  "FASMX64.DLL": "5B5462B16FA819B1E9C1E6F91B57153B",
  "FFXIVClientStructs.dll": "232162725B21E2F9D5952BC3971F6360",
  "FFXIVClientStructs.xml": "08F04F62207BF2F9E50EAE15DDEE4A2A",
  "goaaats.Reloaded.Assembler.targets": "CC22CB0A353E2136EE9E6E96DB9F7164",
  "Iced.dll": "82C4A279F1969E8BA4B2EFBD9949CDEB",
  "ImGui.NET.dll": "E73AC115CE6DE98700C57C3DD41BD28A",
  "ImGuiScene.dll": "5A9FB95D6BB3528249801E48313C11D9",
  "JetBrains.Annotations.dll": "D0A1D1ED5FC0F39AF1895F404CADC877",
  "licenses.txt": "A159BE62AA91178EFC3E3983AE874D1D",
  "Lumina.dll": "AE5143BF0B1C63E2C2B8BC7912A455EA",
  "Lumina.Excel.dll": "D52CAE8DD3827A39E992842B78992014",
  "Microsoft.Bcl.HashCode.dll": "613AB56061ADF2284E047025207467E0",
  "Microsoft.DotNet.PlatformAbstractions.dll": "00AB0F02B1114C57C758F5AD595224F1",
  "Microsoft.Extensions.DependencyModel.dll": "F39BC76C10CFEA478C936FC4521A9FC9",
  "MinSharp.dll": "990814CEC66BF621CA13D6BDA29E21BF",
  "Mono.Cecil.dll": "7EEB37B2A2F50C97F8BF522AADE4D2A6",
  "Mono.Cecil.Mdb.dll": "73823A5B84C8FA58577ABBD2C2403FB5",
  "Mono.Cecil.Pdb.dll": "6274C752315B9D02C2CD206DB205D47E",
  "Mono.Cecil.Rocks.dll": "92FBAB99DB18995AA548C6F127ACFE0D",
  "MonoMod.Backports.dll": "D8E583B03CF85E019E9A7C054DDF473F",
  "MonoMod.Core.dll": "40B94B73CE962E191BAE6A6065091ECE",
  "MonoMod.Iced.dll": "D1238A157E1B0DDB341686BBF5C21DFA",
  "MonoMod.ILHelpers.dll": "C12E1DC687593E9FC552A588929C16DD",
  "MonoMod.RuntimeDetour.dll": "B92A077A0933DA47219016D14F8F5F04",
  "MonoMod.Utils.dll": "6EB8058DAACCDD1D46962A1E256204AA",
  "nethost.dll": "012081214FE71F0F6ADCD9F4A71B2B00",
  "Newtonsoft.Json.dll": "86A83A63F12B55FD3718CFBFB577D7DC",
  "PeNet.Asn1.dll": "3AF539423E48D167836B9FB2FF3D1D4E",
  "PeNet.dll": "49450D81F860C1978A3C8C94BBA1001F",
  "PInvoke.AdvApi32.dll": "34EE461D05B403C3A15D0DEC32A3788C",
  "PInvoke.BCrypt.dll": "FD07758EE1440491F22923084109FF26",
  "PInvoke.Cabinet.dll": "333D950E3804735DA60CC41D614C63E2",
  "PInvoke.CfgMgr32.dll": "768BE7CC18EDCF78B296A72ABE891691",
  "PInvoke.Crypt32.dll": "E7B00B0851738F4A7F2C6D37DAA973B4",
  "PInvoke.DbgHelp.dll": "E701136169620D20E3A70B560DE20E44",
  "PInvoke.DwmApi.dll": "ACF223CC8962404056648815B486F7D9",
  "PInvoke.Gdi32.dll": "69FF434826F98582CE44D3136ECFFACB",
  "PInvoke.Hid.dll": "2E7A41257F8AD9B26073181F450CD8E5",
  "PInvoke.ImageHlp.dll": "79BE816E8D86EA66489D7780DD675D49",
  "PInvoke.IPHlpApi.dll": "E949FA3326D1BA8872B179AB4EE49D38",
  "PInvoke.Kernel32.dll": "234E15B122ED430DE99490CA1A204958",
  "PInvoke.Magnification.dll": "C9EA3D34F506741ECC044DB19C151F09",
  "PInvoke.Msi.dll": "69EE50CE2DA6B55755E52589F49A7EBC",
  "PInvoke.NCrypt.dll": "DA1DE76C14D99370CA3BEF19DC299B15",
  "PInvoke.NetApi32.dll": "AE79F9FA2E3864A5E0642AE4622ECDC5",
  "PInvoke.NewDev.dll": "B3E1992105D986EF9C5C8E4B630FBB07",
  "PInvoke.NTDll.dll": "3F6BDF840EB27DD0FD9EB8071822183A",
  "PInvoke.Ole32.dll": "3C49FB100B60519FFE725BCD12A538F6",
  "PInvoke.Psapi.dll": "A7683EE4B880227F01C8AE632A892B9E",
  "PInvoke.SetupApi.dll": "1B7AE321185D0081D1759A9AD829F9BA",
  "PInvoke.SHCore.dll": "F27E7F063D51480F6D2294C903E4A606",
  "PInvoke.Shell32.dll": "F71A1BCAF6478190691170DAEA77722F",
  "PInvoke.User32.dll": "8BEDE38311ED4F27127290B81B8079FD",
  "PInvoke.Userenv.dll": "FEB7BCA90B8C905EC2F4BB0789847131",
  "PInvoke.UxTheme.dll": "8E683C016250CB719FDB9AAAFC22B3C5",
  "PInvoke.Windows.Core.dll": "90015440A44935208FFEA9BF61740651",
  "PInvoke.Windows.ShellScalingApi.dll": "F351B34B8C9183A51CADFDC279357C49",
  "PInvoke.WinUsb.dll": "9EB8A0280F2848D1A32B560A939F7336",
  "PInvoke.WtsApi32.dll": "341C94455D2E5893DBE4293D4D67AA4D",
  "Reloaded.Assembler.dll": "B51D6656E757B89FC0DA2D22DF0FA7BF",
  "Reloaded.Hooks.Definitions.dll": "A127F4E96A793664166C87248419FF53",
  "Reloaded.Hooks.dll": "E69969FB988216A72A2FA553C114A885",
  "Reloaded.Memory.Buffers.dll": "C1A7997D0D19610E08BFF469E57DB46F",
  "Reloaded.Memory.dll": "68D6F754055A44A949A0BD5631717270",
  "revision.txt": "E02A35B1563D0DB53486EC068EBAB80F",
  "SDL2-CS.config": "65557595FD5DF55D93B2BF881DE62C3A",
  "SDL2-CS.dll": "2ACD67E99AA14EA7CFE2C59A78D00F05",
  "Serilog.dll": "BCAAF98A073721AA7CCB751265441185",
  "Serilog.Sinks.Async.dll": "7953E5DFED6917CE82410A1E032DD274",
  "Serilog.Sinks.Console.dll": "A8B58182EC5BA0786E75209AE92E42A1",
  "Serilog.Sinks.File.dll": "189E5063D63DF02222530E2406AF5D04",
  "SharpDX.Direct3D11.dll": "81DFCCA4763A9E755213EBB9B23AD95B",
  "SharpDX.dll": "DE19705574EC23E8F4D2B9313F1909BE",
  "SharpDX.DXGI.dll": "43814FC642567921BA6AC394748DD12B",
  "SharpDX.Mathematics.dll": "82F6F3BB320538C594D5AA9B62FDE958",
  "Silk.NET.Core.dll": "30EC76B2B708266E17395980E1B67A3F",
  "Silk.NET.GLFW.dll": "2DACEAC267B14B38AE72B049100B36DF",
  "Silk.NET.Maths.dll": "9433C8230FF1571445B1B42D01014884",
  "Silk.NET.OpenGL.dll": "F91AF1DBBBEA77539403BE2252E62DC5",
  "Silk.NET.SDL.dll": "DA202C024B2FFD6CFF91FB01D38DF2BD",
  "Silk.NET.Windowing.Common.dll": "AB4158FDEF7C012655DA6FE2FFB6A968",
  "Silk.NET.Windowing.Glfw.dll": "D59287EBAB092BB0B20541E60D87A46D",
  "Silk.NET.Windowing.Sdl.dll": "E59CBB38F36B6E5DF41813AA9B998030",
  "SQLite-net.dll": "90E3EE0C5839F1C7BEC653197EC1D073",
  "SQLitePCLRaw.batteries_v2.dll": "BD135C932B47F146005761B5A1E0B28B",
  "SQLitePCLRaw.core.dll": "E5EDD4D57CCBC96C80627054FB21DB12",
  "SQLitePCLRaw.nativelibrary.dll": "F7AA71BAED6C6CFEED12676DD8FE6556",
  "SQLitePCLRaw.provider.dynamic_cdecl.dll": "2534804FDE395BE8D4F9796BCFA88338",
  "StbiSharp.dll": "63739B086D8ECEADF38FD401BFC40D59",
  "System.Reactive.dll": "EF5A00287AD15393D41B12AA4B726FF7",
  "System.Reflection.MetadataLoadContext.dll": "7EC41D41F4E1246757BA3E2EC862D562",
  "System.Security.Cryptography.Pkcs.dll": "8950E01996A37E808BE3F39063C37BF9",
  "TEMP_gitver.txt": "1FFB19196A92479F1BB8DC7369610E55",
  "Validation.dll": "88B4F015AF336CA330A1FD92ECC74AAD"
}
