{
  "runtimes\\alpine-x64\\native\\libe_sqlite3.so": "39C244FEDBCD3DFC37041D4FCE1AE21D",
  "runtimes\\linux-arm\\native\\libe_sqlite3.so": "96CF54BC0EFB83D6E3F5F3E04997A59D",
  "runtimes\\linux-arm64\\native\\libe_sqlite3.so": "F079E55E7F3F9966A4A2052A3234E068",
  "runtimes\\linux-armel\\native\\libe_sqlite3.so": "C5A67D49434FC65D64E9C15778078C76",
  "runtimes\\linux-mips64\\native\\libe_sqlite3.so": "5F8461214089CFC677D46C19B7162161",
  "runtimes\\linux-musl-x64\\native\\libe_sqlite3.so": "39C244FEDBCD3DFC37041D4FCE1AE21D",
  "runtimes\\linux-x64\\native\\libe_sqlite3.so": "6F49C540D3AB9964D67A4A704C3D262D",
  "runtimes\\linux-x86\\native\\libe_sqlite3.so": "5E0659B414CBD6DDC38C65582485853E",
  "runtimes\\osx-x64\\native\\libe_sqlite3.dylib": "F82AE134FCD1C080A69D775591406673",
  "runtimes\\win-arm\\native\\e_sqlite3.dll": "80F7928A15F19DEA117CCEE8C1A6DAD8",
  "runtimes\\win-arm64\\native\\e_sqlite3.dll": "E24CD14774DBF98CCC5D6CC1A674ECCF",
  "runtimes\\win-x64\\native\\e_sqlite3.dll": "EF88BF125EEAB351422DFA7FCC5057B2",
  "runtimes\\win-x64\\native\\minhook.x64d.dll": "EEC85A25BACEB463654B04166A072EF2",
  "runtimes\\win-x86\\native\\e_sqlite3.dll": "72DCFF2D9D3FFCE6C2E6EB4922BBD75C",
  "targets\\Dalamud.Plugin.Bootstrap.targets": "C85635161398CD9852CF7212DB7EB904",
  "targets\\Dalamud.Plugin.targets": "394EE2BEC70254F76ABBE2C33F62BBFA",
  "BitFaster.Caching.dll": "30B159BCA3F131AD6AF45E51FF2AD321",
  "CheapLoc.dll": "A0C33A0EE3A6910ED6651A46663EE153",
  "cimgui.dll": "64F3BA480FC272151BA3E946C7574519",
  "cimguizmo.dll": "C9300DCD2247482BC59C88EBE7729D2C",
  "cimplot.dll": "49C14EE34262A5004930195528C535D8",
  "commit_hash.txt": "36BDDE75CA383ADC27A956E402B8BF67",
  "Dalamud.Bindings.ImGui.dll": "9F15AE160C53C02E5F412559EFD0B9B5",
  "Dalamud.Bindings.ImGuizmo.dll": "C087DADD46196A6D1FED935A748CBC00",
  "Dalamud.Bindings.ImPlot.dll": "878D77698F37E63D08155A485EEB3820",
  "Dalamud.Boot.dll": "38BDD698A65BFA33459022704DB9AF95",
  "Dalamud.Common.dll": "79C6FE1BB3CD76F4C7805DDB75D012A3",
  "Dalamud.deps.json": "C2F325ABEAD24F1F3FB4112C72E9C3FC",
  "Dalamud.dll": "133F475C7BCEC4D0E37D71B0130C2E70",
  "Dalamud.Injector.deps.json": "C21972522E8133995B2C9562B3E39983",
  "Dalamud.Injector.dll": "666DBB4D33DC8832D2E0C99B865CB54A",
  "Dalamud.Injector.exe": "5BB32B55FA90CF1310E4C650C7ABCA27",
  "Dalamud.Injector.runtimeconfig.json": "439C534917CEF268A731631073E50FE4",
  "Dalamud.Injector.xml": "6730B8BB13078B71889B5A56C5DFAC6D",
  "Dalamud.runtimeconfig.json": "CA3935E9C6B9E3300F2D7171E4AF6335",
  "Dalamud.xml": "8A0F0FDFE28EC2D7579FE8F40C2B0E0E",
  "DalamudCrashHandler.exe": "96804F0C139DCB57F313325111E7D95C",
  "FASM-LICENSE.TXT": "ECEA1D10811221D5F0A3E96F9C38E2C7",
  "FASM.DLL": "E44BACB28B916E2719D7C25157546DAC",
  "FASMX64.DLL": "937892D2391240D990E2FA526F1D0E6F",
  "FFXIVClientStructs.dll": "09539E39CCF9A2FC4144145F6F1980CC",
  "FFXIVClientStructs.xml": "6DA9E4BFE90A8E57A0605E292DE68642",
  "goaaats.Reloaded.Assembler.targets": "CC22CB0A353E2136EE9E6E96DB9F7164",
  "HexaGen.Runtime.dll": "AB400BB5E07A6AA1B56AE69A01E2BF7A",
  "Iced.dll": "A505914C7F375A491BFFC01E86F2D593",
  "ImGui.NET.dll": "3C75769F29AB8C2C083B4185029CB106",
  "ImGuiScene.dll": "E18E895209D53DE2453074A620EF7057",
  "InteropGenerator.Runtime.dll": "818069299F840EAFDA3A1D5F4F58297E",
  "JetBrains.Annotations.dll": "05279B8774CAF795C8C667E99380CF1D",
  "licenses.txt": "A159BE62AA91178EFC3E3983AE874D1D",
  "Lumina.dll": "BE1FEF311BDD66A2F73CDCB8FDE97447",
  "Lumina.Excel.dll": "686BA468438B00E91F6A80B9545D288E",
  "Microsoft.Extensions.ObjectPool.dll": "B0558CE087EAE95853E35579300F3A77",
  "MinSharp.dll": "A438B8BC08C6796BBB75C533152FAD86",
  "Mono.Cecil.dll": "FD883FEE440EB1F68DEFA09DBC747C62",
  "Mono.Cecil.Mdb.dll": "353E81424C8DA5898283F11757759317",
  "Mono.Cecil.Pdb.dll": "EF9EAC62E47662BF21C5EAD0C7478475",
  "Mono.Cecil.Rocks.dll": "4E22F658F0DFB54ED019FC9F21E95775",
  "nethost.dll": "21F39F71E2F4B5BA9FB3F126872F2F9B",
  "Newtonsoft.Json.dll": "ADF3E3EECDE20B7C9661E9C47106A14A",
  "PeNet.Asn1.dll": "4177A4A5A744675147E4142A98F3371C",
  "PeNet.dll": "89883C9EE823CB880E24B73CC6134FBE",
  "PInvoke.AdvApi32.dll": "34EE461D05B403C3A15D0DEC32A3788C",
  "PInvoke.BCrypt.dll": "FD07758EE1440491F22923084109FF26",
  "PInvoke.Cabinet.dll": "333D950E3804735DA60CC41D614C63E2",
  "PInvoke.CfgMgr32.dll": "768BE7CC18EDCF78B296A72ABE891691",
  "PInvoke.Crypt32.dll": "E7B00B0851738F4A7F2C6D37DAA973B4",
  "PInvoke.DbgHelp.dll": "E701136169620D20E3A70B560DE20E44",
  "PInvoke.DwmApi.dll": "ACF223CC8962404056648815B486F7D9",
  "PInvoke.Gdi32.dll": "69FF434826F98582CE44D3136ECFFACB",
  "PInvoke.Hid.dll": "2E7A41257F8AD9B26073181F450CD8E5",
  "PInvoke.ImageHlp.dll": "79BE816E8D86EA66489D7780DD675D49",
  "PInvoke.IPHlpApi.dll": "E949FA3326D1BA8872B179AB4EE49D38",
  "PInvoke.Kernel32.dll": "234E15B122ED430DE99490CA1A204958",
  "PInvoke.Magnification.dll": "C9EA3D34F506741ECC044DB19C151F09",
  "PInvoke.Msi.dll": "69EE50CE2DA6B55755E52589F49A7EBC",
  "PInvoke.NCrypt.dll": "DA1DE76C14D99370CA3BEF19DC299B15",
  "PInvoke.NetApi32.dll": "AE79F9FA2E3864A5E0642AE4622ECDC5",
  "PInvoke.NewDev.dll": "B3E1992105D986EF9C5C8E4B630FBB07",
  "PInvoke.NTDll.dll": "3F6BDF840EB27DD0FD9EB8071822183A",
  "PInvoke.Ole32.dll": "3C49FB100B60519FFE725BCD12A538F6",
  "PInvoke.Psapi.dll": "A7683EE4B880227F01C8AE632A892B9E",
  "PInvoke.SetupApi.dll": "1B7AE321185D0081D1759A9AD829F9BA",
  "PInvoke.SHCore.dll": "F27E7F063D51480F6D2294C903E4A606",
  "PInvoke.Shell32.dll": "F71A1BCAF6478190691170DAEA77722F",
  "PInvoke.User32.dll": "8BEDE38311ED4F27127290B81B8079FD",
  "PInvoke.Userenv.dll": "FEB7BCA90B8C905EC2F4BB0789847131",
  "PInvoke.UxTheme.dll": "8E683C016250CB719FDB9AAAFC22B3C5",
  "PInvoke.Windows.Core.dll": "90015440A44935208FFEA9BF61740651",
  "PInvoke.Windows.ShellScalingApi.dll": "F351B34B8C9183A51CADFDC279357C49",
  "PInvoke.WinUsb.dll": "9EB8A0280F2848D1A32B560A939F7336",
  "PInvoke.WtsApi32.dll": "341C94455D2E5893DBE4293D4D67AA4D",
  "Reloaded.Assembler.dll": "F86A5015109100693D83875C11BF8469",
  "Reloaded.Hooks.Definitions.dll": "0F5306A52B02706D12F4C329DAFF39F9",
  "Reloaded.Hooks.dll": "795D721CC0B5C2714FEC836A550D563B",
  "Reloaded.Memory.Buffers.dll": "AD31459C45DC6CA88C30A567FBC7041D",
  "Reloaded.Memory.dll": "5BF37CD2BAA3FC3B95FE80845E639B3E",
  "revision.txt": "D94FD74DCDE1AA553BE72C1006578B23",
  "Serilog.dll": "1BECCB74C0621D1CCFC3EB3193D0A95D",
  "Serilog.Sinks.Async.dll": "A2E899F3E1F50F720BF75539E75D46BA",
  "Serilog.Sinks.Console.dll": "407169519E7DBDF56EE96A3C2BE41656",
  "Serilog.Sinks.File.dll": "DC83E519EB57159082E0D6C0C836A6B5",
  "SharpDX.Direct3D11.dll": "E9DEF8EEBD5D8C214FCDB3B0927F53B0",
  "SharpDX.dll": "947F1B0993BCA84509BFDD7AF07CFE24",
  "SharpDX.DXGI.dll": "94B5C49AB11EB08626C3DDB237617F95",
  "SharpDX.Mathematics.dll": "05059DFBED0CDCBDA1492AFB81839DCD",
  "SQLite-net.dll": "6315CED371E101527B211D7BB0B57236",
  "SQLitePCLRaw.batteries_v2.dll": "7A0F5E4BBAA244523BE02F589659AD5F",
  "SQLitePCLRaw.core.dll": "FB8C15FFC0254FC831A54D1F8743EDAC",
  "SQLitePCLRaw.nativelibrary.dll": "A0679E47302D3033A83F847A8FD649D9",
  "SQLitePCLRaw.provider.dynamic_cdecl.dll": "ABDBC39418A6760A2BA9DD1E9A79C60C",
  "System.Reactive.dll": "EF5A00287AD15393D41B12AA4B726FF7",
  "System.Reflection.MetadataLoadContext.dll": "E88E3AF6D37736F339022C9ACC5F2F7B",
  "System.Security.Cryptography.Pkcs.dll": "8950E01996A37E808BE3F39063C37BF9",
  "TEMP_gitver.txt": "2658E63ABA42EB99432736729FA5BBE1",
  "TerraFX.Interop.Windows.dll": "84F7EF6B0DE91F8CC23F773D3FD6DEC0",
  "Validation.dll": "306BDCE7D9C4331097146FE5C3BB8D98"
}
