{
  "runtimes\\alpine-x64\\native\\libe_sqlite3.so": "39C244FEDBCD3DFC37041D4FCE1AE21D",
  "runtimes\\linux-arm\\native\\libe_sqlite3.so": "96CF54BC0EFB83D6E3F5F3E04997A59D",
  "runtimes\\linux-arm64\\native\\libe_sqlite3.so": "F079E55E7F3F9966A4A2052A3234E068",
  "runtimes\\linux-armel\\native\\libe_sqlite3.so": "C5A67D49434FC65D64E9C15778078C76",
  "runtimes\\linux-mips64\\native\\libe_sqlite3.so": "5F8461214089CFC677D46C19B7162161",
  "runtimes\\linux-musl-x64\\native\\libe_sqlite3.so": "39C244FEDBCD3DFC37041D4FCE1AE21D",
  "runtimes\\linux-x64\\native\\libe_sqlite3.so": "6F49C540D3AB9964D67A4A704C3D262D",
  "runtimes\\linux-x86\\native\\libe_sqlite3.so": "5E0659B414CBD6DDC38C65582485853E",
  "runtimes\\osx-x64\\native\\libe_sqlite3.dylib": "F82AE134FCD1C080A69D775591406673",
  "runtimes\\win-arm\\native\\e_sqlite3.dll": "A876E29CEFD7711342FD8491F0722536",
  "runtimes\\win-arm64\\native\\e_sqlite3.dll": "E71CB34A8AE22708DD835FC17A94A03A",
  "runtimes\\win-x64\\native\\e_sqlite3.dll": "C6CD598896F230ADD2B0BA5043A247A2",
  "runtimes\\win-x64\\native\\minhook.x64d.dll": "DD236F26304FDD2F417CD1A65A52746F",
  "runtimes\\win-x86\\native\\e_sqlite3.dll": "F8F7B4B98B69FA5BB292C03F3EB9FEFC",
  "targets\\Dalamud.Plugin.Bootstrap.targets": "C85635161398CD9852CF7212DB7EB904",
  "targets\\Dalamud.Plugin.targets": "394EE2BEC70254F76ABBE2C33F62BBFA",
  "BitFaster.Caching.dll": "916F4E73CC29450B494BBBECBDE614B3",
  "CheapLoc.dll": "54CA1B8396B69A738B812A338E21DC60",
  "cimgui.dll": "43C680060F7AC489D6BD274199B28F2D",
  "cimguizmo.dll": "0822D17E2E907B698CD50AE4CCBD1E93",
  "cimplot.dll": "69C5B204976B7DC71DD7B925037AED46",
  "commit_hash.txt": "AF03B044099897580979BC1BE1FB3FF3",
  "Dalamud.Bindings.ImGui.dll": "348B52BB7E4EC3C8142B174879B4DEF5",
  "Dalamud.Bindings.ImGuizmo.dll": "59620AF8603C377BD1458F16AAE2BDA0",
  "Dalamud.Bindings.ImPlot.dll": "7094A7C96E59968EB6EBA4BEDF412F11",
  "Dalamud.Boot.dll": "0AAE67BF21A57BF2B0E201BD9ACA58DC",
  "Dalamud.Common.dll": "54C6B3EC95BE5EFB72B66D5E2B293F04",
  "Dalamud.deps.json": "CA11FDFD3129B4AC544689AE12B8F316",
  "Dalamud.dll": "7B4107C6A4B781D494D05BE26BAD8FE8",
  "Dalamud.Injector.deps.json": "C21972522E8133995B2C9562B3E39983",
  "Dalamud.Injector.dll": "C73038F36577DADDD34C2972348FAAEE",
  "Dalamud.Injector.exe": "F7DA81AFD6E29113B025A79DF9C7ACE8",
  "Dalamud.Injector.runtimeconfig.json": "439C534917CEF268A731631073E50FE4",
  "Dalamud.Injector.xml": "6730B8BB13078B71889B5A56C5DFAC6D",
  "Dalamud.runtimeconfig.json": "CA3935E9C6B9E3300F2D7171E4AF6335",
  "Dalamud.xml": "3B517692ED8A00142AA0ABF8A978AF2B",
  "DalamudCrashHandler.exe": "5BB3354D463B8C00C7E4302D3EFDDD45",
  "FASM-LICENSE.TXT": "ECEA1D10811221D5F0A3E96F9C38E2C7",
  "FASM.DLL": "3A10AFA39C0C6E2227478721F0E47F58",
  "FASMX64.DLL": "265F96CE0C2EE1ABE010166B75B8F051",
  "FFXIVClientStructs.dll": "9D13787C11B435DB6A2B86586A52CC07",
  "FFXIVClientStructs.xml": "79866A791CCC32AF748555FA1B68822C",
  "goatcorp.Reloaded.Assembler.targets": "CC22CB0A353E2136EE9E6E96DB9F7164",
  "HexaGen.Runtime.dll": "F4E68C160F6346C3A6621133C24E87FC",
  "Iced.dll": "5478C0A5FDC92B4477C2749D07D865C0",
  "ImGuiScene.dll": "54A85D0319331FFF4E95DD1D65EA054D",
  "InteropGenerator.Runtime.dll": "61EC9A1FA4CE67A6C7D4FAF43A3196DB",
  "JetBrains.Annotations.dll": "7DA97014D4AF9E93146FDF31F321DC85",
  "licenses.txt": "A159BE62AA91178EFC3E3983AE874D1D",
  "Lumina.dll": "30AE48003B8EE0F22D9793F2D11D088A",
  "Lumina.Excel.dll": "EDBB4CC42B8BDEDBA2B82C55D44F96BA",
  "Microsoft.Extensions.ObjectPool.dll": "B0558CE087EAE95853E35579300F3A77",
  "MinSharp.dll": "E59596E3DE0799A9093D8BC33B03DFCA",
  "Mono.Cecil.dll": "1AD16C4675761A154C15C31CD100BA16",
  "Mono.Cecil.Mdb.dll": "A14312C8D9052F00DCBA2C214EDC0A49",
  "Mono.Cecil.Pdb.dll": "953B3F4FF1ED5A503C3A757DD8563B0A",
  "Mono.Cecil.Rocks.dll": "64EEF1003DAE6411407072CD484E410C",
  "nethost.dll": "21F39F71E2F4B5BA9FB3F126872F2F9B",
  "Newtonsoft.Json.dll": "ADF3E3EECDE20B7C9661E9C47106A14A",
  "PeNet.Asn1.dll": "8FE61A62BCBC0A5F3D35998136EB421C",
  "PeNet.dll": "983A964FB12BCC6A154BE1960C786B91",
  "Reloaded.Assembler.dll": "00CD17AF666982BC55FBD8C2D2C6C9F8",
  "Reloaded.Hooks.Definitions.dll": "CCC494F20C6B45377E71B18C4D87502A",
  "Reloaded.Hooks.dll": "391CCF10451426492B92FA5DC6A660A5",
  "Reloaded.Memory.Buffers.dll": "5F82E7C2D60B0E133BBC4BD2AB31B60A",
  "Reloaded.Memory.dll": "E778235E8237FF6802AA19B1D261A4EF",
  "revision.txt": "234A1273487BF7B2E2061B9B56373A29",
  "Serilog.dll": "AEAEEDFFC44B2F2E754C7ECE872E736C",
  "Serilog.Sinks.Async.dll": "A09A37BE06E9F8AEB20E60BF90CD6DDA",
  "Serilog.Sinks.Console.dll": "88BC020049D2C644EAB586A202AA812C",
  "Serilog.Sinks.File.dll": "BFF4D1FF5BDD5E16F5F07938C1A34D16",
  "SharpDX.Direct3D11.dll": "BA68640673CFCF8BCA9CAAFD3D3526B0",
  "SharpDX.dll": "ECB356EF52DEA0462345918F22D8D848",
  "SharpDX.DXGI.dll": "EC47D06A0993669B89E42C63CFFEB7EC",
  "SharpDX.Mathematics.dll": "D8487E73F33B08CBC4DAF9C0DEB0F9DE",
  "SQLite-net.dll": "39F859CFC1F563575056F2251032C35C",
  "SQLitePCLRaw.batteries_v2.dll": "A5C513D81BA9CEF5E5E08010D2F84A8F",
  "SQLitePCLRaw.core.dll": "D812281CDC4022866F991A7701125F0E",
  "SQLitePCLRaw.nativelibrary.dll": "CF737641B1D1AE88D5F8CC834039F74E",
  "SQLitePCLRaw.provider.dynamic_cdecl.dll": "2E7ED7ABC537F8B2CF49E07B8B174686",
  "System.Reactive.dll": "EF5A00287AD15393D41B12AA4B726FF7",
  "System.Reflection.MetadataLoadContext.dll": "E88E3AF6D37736F339022C9ACC5F2F7B",
  "System.Security.Cryptography.Pkcs.dll": "8950E01996A37E808BE3F39063C37BF9",
  "TEMP_gitver.txt": "599AEEC7C954F7002A189441E3174A14",
  "TerraFX.Interop.Windows.dll": "84F7EF6B0DE91F8CC23F773D3FD6DEC0"
}
