{
  "runtimes\\alpine-x64\\native\\libe_sqlite3.so": "39C244FEDBCD3DFC37041D4FCE1AE21D",
  "runtimes\\linux-arm\\native\\libe_sqlite3.so": "96CF54BC0EFB83D6E3F5F3E04997A59D",
  "runtimes\\linux-arm64\\native\\libe_sqlite3.so": "F079E55E7F3F9966A4A2052A3234E068",
  "runtimes\\linux-armel\\native\\libe_sqlite3.so": "C5A67D49434FC65D64E9C15778078C76",
  "runtimes\\linux-mips64\\native\\libe_sqlite3.so": "5F8461214089CFC677D46C19B7162161",
  "runtimes\\linux-musl-x64\\native\\libe_sqlite3.so": "39C244FEDBCD3DFC37041D4FCE1AE21D",
  "runtimes\\linux-x64\\native\\libe_sqlite3.so": "6F49C540D3AB9964D67A4A704C3D262D",
  "runtimes\\linux-x86\\native\\libe_sqlite3.so": "5E0659B414CBD6DDC38C65582485853E",
  "runtimes\\osx-x64\\native\\libe_sqlite3.dylib": "F82AE134FCD1C080A69D775591406673",
  "runtimes\\win-arm\\native\\e_sqlite3.dll": "30C47567E92608AE7D90C169D206E295",
  "runtimes\\win-arm64\\native\\e_sqlite3.dll": "4688BF4E9468C110FB5C4A04155B834A",
  "runtimes\\win-x64\\native\\e_sqlite3.dll": "3483E774A944CF1925D844F69351C167",
  "runtimes\\win-x64\\native\\minhook.x64d.dll": "7B6FD8C09034C85DB958B2E605E08C88",
  "runtimes\\win-x86\\native\\e_sqlite3.dll": "6C6EE5B483EF78E2F69C08D400099221",
  "targets\\Dalamud.Plugin.Bootstrap.targets": "C85635161398CD9852CF7212DB7EB904",
  "targets\\Dalamud.Plugin.targets": "394EE2BEC70254F76ABBE2C33F62BBFA",
  "BitFaster.Caching.dll": "F824C5783D619F80A21C83CE49328FAF",
  "CheapLoc.dll": "2AFB9F9F72560868F156B61C435D9E51",
  "cimgui.dll": "27D6D258B1801DB7F7773D52AED9A648",
  "cimguizmo.dll": "1D54D9E939530F12B3D63CD2B0477D18",
  "cimplot.dll": "F826A962B66AD4E525699AB54EE03EB5",
  "commit_hash.txt": "1ACA31F23924308D008CA9EC1A63E1DC",
  "Dalamud.Bindings.ImGui.dll": "086E64583775CE8707B056F3B953046E",
  "Dalamud.Bindings.ImGuizmo.dll": "CEE3A8F231242D016ED8E41D2BE44855",
  "Dalamud.Bindings.ImPlot.dll": "C7C1AFD90838F89879346A0D4C763F86",
  "Dalamud.Boot.dll": "3667129CF2F6A9AEC3E27FB1999615CB",
  "Dalamud.Common.dll": "53D23729B0626B3263F6EF901AEB7597",
  "Dalamud.deps.json": "210C106DDF3A9C063D49A35ED6B071CC",
  "Dalamud.dll": "A35C8ADEED161A74B6F6B2201D4D004C",
  "Dalamud.Injector.deps.json": "C21972522E8133995B2C9562B3E39983",
  "Dalamud.Injector.dll": "21DC088AF9CDDE9AE6C8EF35FA0876F4",
  "Dalamud.Injector.exe": "8583081900CD95FB175BA8C4F7100312",
  "Dalamud.Injector.runtimeconfig.json": "439C534917CEF268A731631073E50FE4",
  "Dalamud.Injector.xml": "6730B8BB13078B71889B5A56C5DFAC6D",
  "Dalamud.runtimeconfig.json": "CA3935E9C6B9E3300F2D7171E4AF6335",
  "Dalamud.xml": "43881A1F958F425521353D20DF10D653",
  "DalamudCrashHandler.exe": "55DF37F36A66244B73609E322D5F1595",
  "FASM-LICENSE.TXT": "ECEA1D10811221D5F0A3E96F9C38E2C7",
  "FASM.DLL": "280996CBD50B1F50D9C01F7F95CE50EC",
  "FASMX64.DLL": "F2B46D49E59C0467A34B62B01E4EDEBF",
  "FFXIVClientStructs.dll": "1DFFD1076D101B778D01CA5A8E53B859",
  "FFXIVClientStructs.xml": "79866A791CCC32AF748555FA1B68822C",
  "goatcorp.Reloaded.Assembler.targets": "CC22CB0A353E2136EE9E6E96DB9F7164",
  "HexaGen.Runtime.dll": "4418F94BF05FF64F924EF693DD5FDA54",
  "Iced.dll": "3D26B140EE1B99AB548753F7041C6392",
  "ImGuiScene.dll": "1094F67DE6CF18EB7EBEC064654A66B0",
  "InteropGenerator.Runtime.dll": "9DB23150BE4B4A3727E08E746BE35728",
  "JetBrains.Annotations.dll": "9EA42F5D7E74D223083B09346CFE410B",
  "licenses.txt": "A159BE62AA91178EFC3E3983AE874D1D",
  "Lumina.dll": "1FFF945A27B91C4CD1985915790E1CCD",
  "Lumina.Excel.dll": "C38AE4AE9D49240CEEE99B15F3D75328",
  "Microsoft.Extensions.ObjectPool.dll": "B0558CE087EAE95853E35579300F3A77",
  "MinSharp.dll": "F57562619157EE605AB98EF7BAF0643E",
  "Mono.Cecil.dll": "7C5473DDE1561B2C7B5FB312B7BAAFB5",
  "Mono.Cecil.Mdb.dll": "1C74AA99EB4B7493EFE25002FA2F204B",
  "Mono.Cecil.Pdb.dll": "5664D54C8F59E53D6BCC83B301481647",
  "Mono.Cecil.Rocks.dll": "072CC26713FDA43E12FD14AF7B92C8D8",
  "nethost.dll": "21F39F71E2F4B5BA9FB3F126872F2F9B",
  "Newtonsoft.Json.dll": "ADF3E3EECDE20B7C9661E9C47106A14A",
  "PeNet.Asn1.dll": "8BDFBA026FBD795D64A5AE9A9611F410",
  "PeNet.dll": "1B8979A10181C2616666F63E38FA348C",
  "Reloaded.Assembler.dll": "BC48BF4A95C84FAA22E077B274743577",
  "Reloaded.Hooks.Definitions.dll": "53211F5760D1D07B95DE6831E668C021",
  "Reloaded.Hooks.dll": "85042552A631969E77A73FF9B98C0A83",
  "Reloaded.Memory.Buffers.dll": "7F58A9BFEF6C8DAC018C1E382D67F700",
  "Reloaded.Memory.dll": "A5B0BFBC642C5FFE67CB2C5DE058A5C1",
  "revision.txt": "367692068F069C135B7D5A3A59E470D3",
  "Serilog.dll": "2ACBCBC654F2A936C21C92D5EACBD2E6",
  "Serilog.Sinks.Async.dll": "9B307E106BEA0F3B42EECFECE8F31FF2",
  "Serilog.Sinks.Console.dll": "7B50E22219C1A147B1BCE28F05326BF4",
  "Serilog.Sinks.File.dll": "177FB4D7AF7D3FAE9C671AB8897F98D0",
  "SharpDX.Direct3D11.dll": "632985BE1026D444A757B048557D053B",
  "SharpDX.dll": "97449143DB7F3B6C45F0970838B4CE95",
  "SharpDX.DXGI.dll": "A154CFC05B7BCE467D572711A9F155C1",
  "SharpDX.Mathematics.dll": "7020B936CC968D56DD14230ECD2B4D5F",
  "SQLite-net.dll": "9D2BD67D418443C0FF688DA36CA34E8C",
  "SQLitePCLRaw.batteries_v2.dll": "A65426814D90BB894EF7EE3CEF90D455",
  "SQLitePCLRaw.core.dll": "AA4B2E11CAF5CDC1EFACD29EC65C1443",
  "SQLitePCLRaw.nativelibrary.dll": "922445CF53F84583C296DBB95F3A58A5",
  "SQLitePCLRaw.provider.dynamic_cdecl.dll": "26E8A2A9D58C18B761C8175325CFCC5E",
  "System.Reactive.dll": "EF5A00287AD15393D41B12AA4B726FF7",
  "System.Reflection.MetadataLoadContext.dll": "E88E3AF6D37736F339022C9ACC5F2F7B",
  "System.Security.Cryptography.Pkcs.dll": "8950E01996A37E808BE3F39063C37BF9",
  "TEMP_gitver.txt": "B56C11DA11B1930F0E87D26E14B6AB39",
  "TerraFX.Interop.Windows.dll": "84F7EF6B0DE91F8CC23F773D3FD6DEC0"
}
