{
  "runtimes\\alpine-x64\\native\\libe_sqlite3.so": "39C244FEDBCD3DFC37041D4FCE1AE21D",
  "runtimes\\linux-arm\\native\\libe_sqlite3.so": "96CF54BC0EFB83D6E3F5F3E04997A59D",
  "runtimes\\linux-arm64\\native\\libe_sqlite3.so": "F079E55E7F3F9966A4A2052A3234E068",
  "runtimes\\linux-armel\\native\\libe_sqlite3.so": "C5A67D49434FC65D64E9C15778078C76",
  "runtimes\\linux-mips64\\native\\libe_sqlite3.so": "5F8461214089CFC677D46C19B7162161",
  "runtimes\\linux-musl-x64\\native\\libe_sqlite3.so": "39C244FEDBCD3DFC37041D4FCE1AE21D",
  "runtimes\\linux-x64\\native\\libe_sqlite3.so": "6F49C540D3AB9964D67A4A704C3D262D",
  "runtimes\\linux-x86\\native\\libe_sqlite3.so": "5E0659B414CBD6DDC38C65582485853E",
  "runtimes\\osx-x64\\native\\libe_sqlite3.dylib": "F82AE134FCD1C080A69D775591406673",
  "runtimes\\win-arm\\native\\e_sqlite3.dll": "6E4DDAC2357F18C9E5F55DE5A66D284E",
  "runtimes\\win-arm64\\native\\e_sqlite3.dll": "D386F8BC9E2BECF4FA19683FE8446F15",
  "runtimes\\win-x64\\native\\e_sqlite3.dll": "38CD55F831BAE94824EE6E8DE4CAF816",
  "runtimes\\win-x64\\native\\minhook.x64d.dll": "31875A80E241D6CC68EF31EE3DD48351",
  "runtimes\\win-x86\\native\\e_sqlite3.dll": "0834A823593564191399A378E056DF09",
  "targets\\Dalamud.Plugin.Bootstrap.targets": "C85635161398CD9852CF7212DB7EB904",
  "targets\\Dalamud.Plugin.targets": "394EE2BEC70254F76ABBE2C33F62BBFA",
  "BitFaster.Caching.dll": "486B36B8FC8734F99B77E1B191804661",
  "CheapLoc.dll": "35DB8E31C07076271A73EF64DD6C8675",
  "cimgui.dll": "83CCD6C5CB18BFE696B583DF1A0EB50D",
  "cimguizmo.dll": "A9BF858886437675DF080F36B5BB7614",
  "cimplot.dll": "64266FD266EC3F34A598ED984BC52C3F",
  "commit_hash.txt": "4F1069CBF2C65A101A34F328565C9A8A",
  "Dalamud.Bindings.ImGui.dll": "B8D16A0A95E5B4FED0F810205D309506",
  "Dalamud.Bindings.ImGuizmo.dll": "525B39BB92140EA702DA99B6ADB06E9A",
  "Dalamud.Bindings.ImPlot.dll": "DB2372C5A5968F949514A4068A25FC18",
  "Dalamud.Boot.dll": "0024AFAAD45E812A254009D6FC3972C2",
  "Dalamud.Common.dll": "29F27AA4EF2226355D4FACBA42DDC53B",
  "Dalamud.deps.json": "210C106DDF3A9C063D49A35ED6B071CC",
  "Dalamud.dll": "3EBAC68B37C69562BC280E61EEFBC70F",
  "Dalamud.Injector.deps.json": "C21972522E8133995B2C9562B3E39983",
  "Dalamud.Injector.dll": "3AF0F62AFC57736CA5E790B84DEB2C6E",
  "Dalamud.Injector.exe": "236D3ACECB85D48EF431AA4F37351B95",
  "Dalamud.Injector.runtimeconfig.json": "439C534917CEF268A731631073E50FE4",
  "Dalamud.Injector.xml": "6730B8BB13078B71889B5A56C5DFAC6D",
  "Dalamud.runtimeconfig.json": "CA3935E9C6B9E3300F2D7171E4AF6335",
  "Dalamud.xml": "43881A1F958F425521353D20DF10D653",
  "DalamudCrashHandler.exe": "7A5373AAB2A7AD1B638B939A34CDDF95",
  "FASM-LICENSE.TXT": "ECEA1D10811221D5F0A3E96F9C38E2C7",
  "FASM.DLL": "632E10341767A02333CEBEB2C4857F64",
  "FASMX64.DLL": "5D489B3AF4836E5332579660DE67E04C",
  "FFXIVClientStructs.dll": "3BEEB7D4D10C27C9D7DD08456E3DA2B6",
  "FFXIVClientStructs.xml": "79866A791CCC32AF748555FA1B68822C",
  "goatcorp.Reloaded.Assembler.targets": "CC22CB0A353E2136EE9E6E96DB9F7164",
  "HexaGen.Runtime.dll": "BB0638E616E9EBD515EB809448D9330E",
  "Iced.dll": "9B4D84C4702851EFFE827355462F41A3",
  "ImGuiScene.dll": "C883DC5D944D98DA2AB1E5AF5044DB66",
  "InteropGenerator.Runtime.dll": "E9477D3A8CF98F676FECC74B1763522C",
  "JetBrains.Annotations.dll": "F55DF403433E0AEBC4CDF15911277F25",
  "licenses.txt": "A159BE62AA91178EFC3E3983AE874D1D",
  "Lumina.dll": "5421F55856C7332C331F26A94E4B15C1",
  "Lumina.Excel.dll": "0538B7DA1900F5498132E92C33EE6308",
  "Microsoft.Extensions.ObjectPool.dll": "B0558CE087EAE95853E35579300F3A77",
  "MinSharp.dll": "6F7009B21D020C2445B4178DF1C71607",
  "Mono.Cecil.dll": "D2264D139021672A6E7690DB8EC76FA9",
  "Mono.Cecil.Mdb.dll": "B5A186EC78C0A76C06550F996F0E6774",
  "Mono.Cecil.Pdb.dll": "5BD3D9560C8F4836F67DF4330C3E7EB4",
  "Mono.Cecil.Rocks.dll": "818FA1762C1A7D7A93D26377917D770B",
  "nethost.dll": "21F39F71E2F4B5BA9FB3F126872F2F9B",
  "Newtonsoft.Json.dll": "ADF3E3EECDE20B7C9661E9C47106A14A",
  "PeNet.Asn1.dll": "689DE268530C1C9767E0D92580DD6D82",
  "PeNet.dll": "6FD9D7C64215CCD321E58AE2D417DDE8",
  "Reloaded.Assembler.dll": "02776620786A3D3063135384F76F059F",
  "Reloaded.Hooks.Definitions.dll": "25CFC17D03CB53A66F21130F1735DECE",
  "Reloaded.Hooks.dll": "7C5DFE587C19D04D6150F6CBE04CCEBB",
  "Reloaded.Memory.Buffers.dll": "2C36AA7353D7B9E6C34A0BB1431AA608",
  "Reloaded.Memory.dll": "F5904F5A73B3219E4A89580C5103DAE1",
  "revision.txt": "624EC1C881656EE6418604DF2928494B",
  "Serilog.dll": "28CEF2CC2DDF6F4375F6512D4E660E3B",
  "Serilog.Sinks.Async.dll": "92CA13C6871680FB97FD5977AA6D2B6D",
  "Serilog.Sinks.Console.dll": "C5B7DB6D0495AE2E8D7AE0A200E37889",
  "Serilog.Sinks.File.dll": "DA897988385CF0B7091BE3F8C1E13DB7",
  "SharpDX.Direct3D11.dll": "B17A150E6C2D10AEBE274FF20DF65334",
  "SharpDX.dll": "813E41BD7F18004125A25DA398EAC484",
  "SharpDX.DXGI.dll": "FF68B48BB08E91335C42C98E2A43CED1",
  "SharpDX.Mathematics.dll": "F4928560FDC9B80EF29E3C4BD4CD664B",
  "SQLite-net.dll": "2C1E32ED306A2A5D97578198B1D523A6",
  "SQLitePCLRaw.batteries_v2.dll": "E3273F7FB8324129AE7D3E09B8E64FBF",
  "SQLitePCLRaw.core.dll": "10D208F85BE5B962938FA6FA90008394",
  "SQLitePCLRaw.nativelibrary.dll": "9D3BF53D1E24D3A5196A4E0800D34184",
  "SQLitePCLRaw.provider.dynamic_cdecl.dll": "A0D8C97430AFC4A8A9968B205ACA4378",
  "System.Reactive.dll": "EF5A00287AD15393D41B12AA4B726FF7",
  "System.Reflection.MetadataLoadContext.dll": "E88E3AF6D37736F339022C9ACC5F2F7B",
  "System.Security.Cryptography.Pkcs.dll": "8950E01996A37E808BE3F39063C37BF9",
  "TEMP_gitver.txt": "F768E4FA2BFFB81031EA27D4C287A8F7",
  "TerraFX.Interop.Windows.dll": "84F7EF6B0DE91F8CC23F773D3FD6DEC0"
}
