{
  "runtimes\\alpine-x64\\native\\libe_sqlite3.so": "39C244FEDBCD3DFC37041D4FCE1AE21D",
  "runtimes\\linux-arm\\native\\libe_sqlite3.so": "96CF54BC0EFB83D6E3F5F3E04997A59D",
  "runtimes\\linux-arm64\\native\\libe_sqlite3.so": "F079E55E7F3F9966A4A2052A3234E068",
  "runtimes\\linux-armel\\native\\libe_sqlite3.so": "C5A67D49434FC65D64E9C15778078C76",
  "runtimes\\linux-mips64\\native\\libe_sqlite3.so": "5F8461214089CFC677D46C19B7162161",
  "runtimes\\linux-musl-x64\\native\\libe_sqlite3.so": "39C244FEDBCD3DFC37041D4FCE1AE21D",
  "runtimes\\linux-x64\\native\\libe_sqlite3.so": "6F49C540D3AB9964D67A4A704C3D262D",
  "runtimes\\linux-x86\\native\\libe_sqlite3.so": "5E0659B414CBD6DDC38C65582485853E",
  "runtimes\\osx-x64\\native\\libe_sqlite3.dylib": "F82AE134FCD1C080A69D775591406673",
  "runtimes\\win-arm\\native\\e_sqlite3.dll": "5956E422B6E6C598631ADD437C42154A",
  "runtimes\\win-arm64\\native\\e_sqlite3.dll": "B948119F925CBE3EDE1C22D130D5C0D8",
  "runtimes\\win-x64\\native\\e_sqlite3.dll": "076F692A1E11D8C5BB32468FDDF3405D",
  "runtimes\\win-x64\\native\\minhook.x64d.dll": "BAD564D9F12E15AA1FDEC21B8A6227F1",
  "runtimes\\win-x86\\native\\e_sqlite3.dll": "45FA20A2A7FE577B6AF7F7397A9EC71C",
  "targets\\Dalamud.Plugin.Bootstrap.targets": "C85635161398CD9852CF7212DB7EB904",
  "targets\\Dalamud.Plugin.targets": "394EE2BEC70254F76ABBE2C33F62BBFA",
  "BitFaster.Caching.dll": "C3660B64CC636322FC1281A5979F733A",
  "CheapLoc.dll": "840E8B11980B30BA1EA7949DD26AB4EB",
  "cimgui.dll": "2B07883B4F9F172B65B61E0A90E9E7D7",
  "cimguizmo.dll": "D644F0668BF19C5D67F341545AC3AD1D",
  "cimplot.dll": "9AD86C25BC201B9A40AB4BC4BA5DD063",
  "commit_hash.txt": "236BDAA229042A1FCFBA5CB816037E4B",
  "Dalamud.Bindings.ImGui.dll": "67422DA46B3EB171E783A351FC710AFB",
  "Dalamud.Bindings.ImGuizmo.dll": "C4C6F3DDA0B23396C04D70B5443816AC",
  "Dalamud.Bindings.ImPlot.dll": "3AE07A1611E2D29593B25BBB186A8350",
  "Dalamud.Boot.dll": "E02DE5FE51528CEFA1FDEF869E7D55DA",
  "Dalamud.Common.dll": "FEBCE98127B5C031DF73C8C640212B82",
  "Dalamud.deps.json": "CA11FDFD3129B4AC544689AE12B8F316",
  "Dalamud.dll": "9F1F1C8D488782791D7C293B25BB1D4E",
  "Dalamud.Injector.deps.json": "C21972522E8133995B2C9562B3E39983",
  "Dalamud.Injector.dll": "56B3C58C324466484A76FFA9B520BCEE",
  "Dalamud.Injector.exe": "05A6B2D098893F2A803D3962A82C4775",
  "Dalamud.Injector.runtimeconfig.json": "439C534917CEF268A731631073E50FE4",
  "Dalamud.Injector.xml": "6730B8BB13078B71889B5A56C5DFAC6D",
  "Dalamud.runtimeconfig.json": "CA3935E9C6B9E3300F2D7171E4AF6335",
  "Dalamud.xml": "3B517692ED8A00142AA0ABF8A978AF2B",
  "DalamudCrashHandler.exe": "416AAD368573820709A90B554D531D8B",
  "FASM-LICENSE.TXT": "ECEA1D10811221D5F0A3E96F9C38E2C7",
  "FASM.DLL": "31CC39FAF37E309BA95B1B89920D27C5",
  "FASMX64.DLL": "1666EE0910E550DE553FDEB6C350D81C",
  "FFXIVClientStructs.dll": "947E20EA6BB339C54296B79F1831C999",
  "FFXIVClientStructs.xml": "79866A791CCC32AF748555FA1B68822C",
  "goatcorp.Reloaded.Assembler.targets": "CC22CB0A353E2136EE9E6E96DB9F7164",
  "HexaGen.Runtime.dll": "07AFA44A29BFFB4CC471C406EBF7C5E7",
  "Iced.dll": "F53638D017917F557A806E033CB910F3",
  "ImGuiScene.dll": "DE4019042FB195DD34E6A7405ED659C7",
  "InteropGenerator.Runtime.dll": "C63CB915A3593C63963A589BC98750BA",
  "JetBrains.Annotations.dll": "B807AE20622877F5323E29C022553919",
  "licenses.txt": "A159BE62AA91178EFC3E3983AE874D1D",
  "Lumina.dll": "3E4AF9893A17468FC3FC21BC1391B2CB",
  "Lumina.Excel.dll": "F632C069CA2D1DBAF15A1A8CFF67DDE9",
  "Microsoft.Extensions.ObjectPool.dll": "B0558CE087EAE95853E35579300F3A77",
  "MinSharp.dll": "073B264D68173972EED3FA1999B3C572",
  "Mono.Cecil.dll": "93916A590C4B571212AE4F970BF5DAB2",
  "Mono.Cecil.Mdb.dll": "D2C12EC2A9AFFCA2E9549F1F8C6FF1FB",
  "Mono.Cecil.Pdb.dll": "2732EEBB5A551A5573E9ACA7F084FB50",
  "Mono.Cecil.Rocks.dll": "E37B6199F302B134FC44D56DA69FBD8E",
  "nethost.dll": "21F39F71E2F4B5BA9FB3F126872F2F9B",
  "Newtonsoft.Json.dll": "ADF3E3EECDE20B7C9661E9C47106A14A",
  "PeNet.Asn1.dll": "F0B4F860E5F7C141C229C516FF2350F5",
  "PeNet.dll": "DB9C7EF8FE7ADF66D923D45DFBFF533B",
  "Reloaded.Assembler.dll": "66E9690FDAA4F907991F1E4DDD7E7D5E",
  "Reloaded.Hooks.Definitions.dll": "51684942EDB82F293CA6547CADE3600F",
  "Reloaded.Hooks.dll": "EB0D4C4E3342868586B613987F8E7C41",
  "Reloaded.Memory.Buffers.dll": "A6C1DC44301A803530F272D3EAA5C3C7",
  "Reloaded.Memory.dll": "0AA196763D7AF4803F613F908F3A23C3",
  "revision.txt": "D6AE00D77468471C0FBA3A53A0273891",
  "Serilog.dll": "0746D40A645BDB2183A83DA93ACE5444",
  "Serilog.Sinks.Async.dll": "472B5B7D21FD4BDB10190EA0B86E5651",
  "Serilog.Sinks.Console.dll": "C08FA4B62CAFE173CE4C9EEDA579693A",
  "Serilog.Sinks.File.dll": "122E6018A7DD1622A3641D48F7AA9ED1",
  "SharpDX.Direct3D11.dll": "6AA6F0C7738635A92F34C182DE3536EF",
  "SharpDX.dll": "19419E7DE11DF2751CF79201B42D9084",
  "SharpDX.DXGI.dll": "4A0E31341A6A32C58CC8C57215FE18D6",
  "SharpDX.Mathematics.dll": "B7A5B74E2F8AA0E26B1F9335DC3EB15B",
  "SQLite-net.dll": "1BBCB6796ED3A71B076AD33CDCF13B0A",
  "SQLitePCLRaw.batteries_v2.dll": "19D91935A09232B09B26304BB2CA80B8",
  "SQLitePCLRaw.core.dll": "976FED9397A930C362966A78EB3F8853",
  "SQLitePCLRaw.nativelibrary.dll": "F9AD818DA1D492AD1D471B0576E2216B",
  "SQLitePCLRaw.provider.dynamic_cdecl.dll": "57FE7FAFC03AA774A77069B038636194",
  "System.Reactive.dll": "EF5A00287AD15393D41B12AA4B726FF7",
  "System.Reflection.MetadataLoadContext.dll": "E88E3AF6D37736F339022C9ACC5F2F7B",
  "System.Security.Cryptography.Pkcs.dll": "8950E01996A37E808BE3F39063C37BF9",
  "TEMP_gitver.txt": "A621C1F5A9F7383CDC19614E50709E51",
  "TerraFX.Interop.Windows.dll": "84F7EF6B0DE91F8CC23F773D3FD6DEC0"
}
