{
  "runtimes\\alpine-x64\\native\\libe_sqlite3.so": "39C244FEDBCD3DFC37041D4FCE1AE21D",
  "runtimes\\linux-arm\\native\\libe_sqlite3.so": "96CF54BC0EFB83D6E3F5F3E04997A59D",
  "runtimes\\linux-arm64\\native\\libe_sqlite3.so": "F079E55E7F3F9966A4A2052A3234E068",
  "runtimes\\linux-armel\\native\\libe_sqlite3.so": "C5A67D49434FC65D64E9C15778078C76",
  "runtimes\\linux-mips64\\native\\libe_sqlite3.so": "5F8461214089CFC677D46C19B7162161",
  "runtimes\\linux-musl-x64\\native\\libe_sqlite3.so": "39C244FEDBCD3DFC37041D4FCE1AE21D",
  "runtimes\\linux-x64\\native\\libe_sqlite3.so": "6F49C540D3AB9964D67A4A704C3D262D",
  "runtimes\\linux-x86\\native\\libe_sqlite3.so": "5E0659B414CBD6DDC38C65582485853E",
  "runtimes\\osx-x64\\native\\libe_sqlite3.dylib": "F82AE134FCD1C080A69D775591406673",
  "runtimes\\win-arm\\native\\e_sqlite3.dll": "6490181B96125BCA189836FBD78880F7",
  "runtimes\\win-arm64\\native\\e_sqlite3.dll": "6AF957B6401A02CD783D0825B4B9B8F8",
  "runtimes\\win-x64\\native\\e_sqlite3.dll": "6159470A90B1B2579CE4EF8D867D1ABA",
  "runtimes\\win-x64\\native\\minhook.x64d.dll": "2DA7459BCABACAE113D12CD37A6BC648",
  "runtimes\\win-x86\\native\\e_sqlite3.dll": "46ACC1BF9EE2479984DAE2C77DF0A140",
  "targets\\Dalamud.Plugin.Bootstrap.targets": "C85635161398CD9852CF7212DB7EB904",
  "targets\\Dalamud.Plugin.targets": "394EE2BEC70254F76ABBE2C33F62BBFA",
  "BitFaster.Caching.dll": "63D00B86195EFAFBF4F8971235F31777",
  "CheapLoc.dll": "1F973F7B7728903743E2808A6EFBCB5D",
  "cimgui.dll": "4589A10FFB327E75F938F77904CDD86B",
  "cimguizmo.dll": "1B5EBEE612C9058149E15F853C962734",
  "cimplot.dll": "0B669D0ADF9965FE0CE14FAF45D179CF",
  "commit_hash.txt": "1E933290E35227B6C2765A84B8B98534",
  "Dalamud.Bindings.ImGui.dll": "F85870297D47DC5782B99229DC8C7148",
  "Dalamud.Bindings.ImGuizmo.dll": "C8FF5139E18F9C846E4BB58BE48AA6E5",
  "Dalamud.Bindings.ImPlot.dll": "3D661B83F3DA3DF062E7CCCC0BC00A45",
  "Dalamud.Boot.dll": "B237D5F98531D8FD7DD40FF437842860",
  "Dalamud.Common.dll": "F1DC4DCC702EB28732D3509B70ED9BD1",
  "Dalamud.deps.json": "2D29B0AA454CDF65BC1E7F8186F21D58",
  "Dalamud.dll": "2DC4547C652CC12C7D9C596A7865A28F",
  "Dalamud.Injector.deps.json": "C21972522E8133995B2C9562B3E39983",
  "Dalamud.Injector.dll": "613C747AF95F26A0E1D670D68034860B",
  "Dalamud.Injector.exe": "F592F0FACA95EF01792FD064AA89C36C",
  "Dalamud.Injector.runtimeconfig.json": "439C534917CEF268A731631073E50FE4",
  "Dalamud.Injector.xml": "6730B8BB13078B71889B5A56C5DFAC6D",
  "Dalamud.runtimeconfig.json": "CA3935E9C6B9E3300F2D7171E4AF6335",
  "Dalamud.xml": "AB9FCBAF380C9A7050C0C3719D6A333F",
  "DalamudCrashHandler.exe": "5010BB8A07FFC1989C4E5C9FDDC07035",
  "FASM-LICENSE.TXT": "ECEA1D10811221D5F0A3E96F9C38E2C7",
  "FASM.DLL": "1AD648B527E3A6766F245C1CD5C6B5CF",
  "FASMX64.DLL": "3951645C96148DB284F459A5DE198D45",
  "FFXIVClientStructs.dll": "15C3EC513EBB5821361AF928FC6A7AF2",
  "FFXIVClientStructs.xml": "6DA9E4BFE90A8E57A0605E292DE68642",
  "goaaats.Reloaded.Assembler.targets": "CC22CB0A353E2136EE9E6E96DB9F7164",
  "HexaGen.Runtime.dll": "18428654C7A575480D7D16F1C1774424",
  "Iced.dll": "61546985D87073DA326AF1F60BF3547C",
  "ImGui.NET.dll": "7CFB76DE3385AE635FC98E66DDB81935",
  "ImGuiScene.dll": "3CFD39EE84688DD1D96D04DBD3E502DF",
  "InteropGenerator.Runtime.dll": "9621ABCC5483E5572D305D8D6F51901B",
  "JetBrains.Annotations.dll": "B98F48CD448C7FDBED344EEE460BA866",
  "licenses.txt": "A159BE62AA91178EFC3E3983AE874D1D",
  "Lumina.dll": "9BF2B64CFAA5CD72B34397F169125617",
  "Lumina.Excel.dll": "2E70F0EC1A4B728F695B7CFBCCFBA7AE",
  "Microsoft.Extensions.ObjectPool.dll": "B0558CE087EAE95853E35579300F3A77",
  "MinSharp.dll": "9F37D763B48D8A6148477863D5D70859",
  "Mono.Cecil.dll": "AB67E2D32DB3CEBE4E32DA2B9A17B8BA",
  "Mono.Cecil.Mdb.dll": "10966AF295D2B1F6308DEE4D72D3E6E3",
  "Mono.Cecil.Pdb.dll": "2827F9AF2F63686DCD4348BF21E6DA53",
  "Mono.Cecil.Rocks.dll": "DDE58B8970D6761575BD73869CF10F99",
  "nethost.dll": "21F39F71E2F4B5BA9FB3F126872F2F9B",
  "Newtonsoft.Json.dll": "ADF3E3EECDE20B7C9661E9C47106A14A",
  "PeNet.Asn1.dll": "A44D3A23FF78F1A652C47A25A821CBFA",
  "PeNet.dll": "59A24E572EA330283A6AEE3BCD62CDB9",
  "Reloaded.Assembler.dll": "A4DB96C4E2125315C482D027A730C75F",
  "Reloaded.Hooks.Definitions.dll": "A3DC0F2FED0A9D5E323F93A6A43374C6",
  "Reloaded.Hooks.dll": "9C0F16ADBF41A2C5C70D743BA20BA893",
  "Reloaded.Memory.Buffers.dll": "FE8587057DFA3ECE531641CE215C0732",
  "Reloaded.Memory.dll": "6E9156E8887AC888D54149EDC9E41794",
  "revision.txt": "E49EB6523DA9E1C347BC148EA8AC55D3",
  "Serilog.dll": "03BF1F424A1ACF6FBEF588904F02C913",
  "Serilog.Sinks.Async.dll": "74E167EDD4BA72F9257BF61D6CBEE287",
  "Serilog.Sinks.Console.dll": "EAAF33E542CF0433C34E03115F3E1CE8",
  "Serilog.Sinks.File.dll": "4D5C51A8500A4A887B0D811D2F01B868",
  "SharpDX.Direct3D11.dll": "D22ABF5FC581EE26B3E6AB262148BC3C",
  "SharpDX.dll": "CE84D910FD65863ABF04556C1FE9CF89",
  "SharpDX.DXGI.dll": "E53361835B7D47FA7C18FC67A17A5079",
  "SharpDX.Mathematics.dll": "5671CF2F16E506733DC837F070703F27",
  "SQLite-net.dll": "8C1AD0D000B2BDE4BD6559A1FCDC26DB",
  "SQLitePCLRaw.batteries_v2.dll": "2DEF1BCDD6EA2C46706A4B5966B9FC36",
  "SQLitePCLRaw.core.dll": "8F22AAFD80AB5C2BE036E73F9219C7D0",
  "SQLitePCLRaw.nativelibrary.dll": "CC4C90375E29700CB517CBCE37D83D60",
  "SQLitePCLRaw.provider.dynamic_cdecl.dll": "FD233429FE22B0AF03A53B61FE723B46",
  "System.Reactive.dll": "EF5A00287AD15393D41B12AA4B726FF7",
  "System.Reflection.MetadataLoadContext.dll": "E88E3AF6D37736F339022C9ACC5F2F7B",
  "System.Security.Cryptography.Pkcs.dll": "8950E01996A37E808BE3F39063C37BF9",
  "TEMP_gitver.txt": "BE40B70C5293316DA18AED83167F49A3",
  "TerraFX.Interop.Windows.dll": "84F7EF6B0DE91F8CC23F773D3FD6DEC0"
}
