{
  "runtimes\\alpine-x64\\native\\libe_sqlite3.so": "39C244FEDBCD3DFC37041D4FCE1AE21D",
  "runtimes\\linux-arm\\native\\libe_sqlite3.so": "96CF54BC0EFB83D6E3F5F3E04997A59D",
  "runtimes\\linux-arm64\\native\\libe_sqlite3.so": "F079E55E7F3F9966A4A2052A3234E068",
  "runtimes\\linux-armel\\native\\libe_sqlite3.so": "C5A67D49434FC65D64E9C15778078C76",
  "runtimes\\linux-mips64\\native\\libe_sqlite3.so": "5F8461214089CFC677D46C19B7162161",
  "runtimes\\linux-musl-x64\\native\\libe_sqlite3.so": "39C244FEDBCD3DFC37041D4FCE1AE21D",
  "runtimes\\linux-x64\\native\\libe_sqlite3.so": "6F49C540D3AB9964D67A4A704C3D262D",
  "runtimes\\linux-x86\\native\\libe_sqlite3.so": "5E0659B414CBD6DDC38C65582485853E",
  "runtimes\\osx-x64\\native\\libe_sqlite3.dylib": "F82AE134FCD1C080A69D775591406673",
  "runtimes\\win-arm\\native\\e_sqlite3.dll": "990AAB80C79D2E560472290792162B6F",
  "runtimes\\win-arm64\\native\\e_sqlite3.dll": "C0730D883211E59581DF074E73EED25D",
  "runtimes\\win-x64\\native\\e_sqlite3.dll": "613E747547EFEB40EFA74A7752E03BDD",
  "runtimes\\win-x64\\native\\minhook.x64d.dll": "E30B8C92D9B96C9B02B5A0EE92FE9908",
  "runtimes\\win-x86\\native\\e_sqlite3.dll": "80EBC4F0776906FF8EDFB432B48B238B",
  "targets\\Dalamud.Plugin.Bootstrap.targets": "C85635161398CD9852CF7212DB7EB904",
  "targets\\Dalamud.Plugin.targets": "394EE2BEC70254F76ABBE2C33F62BBFA",
  "BitFaster.Caching.dll": "AF3573FA104CF1BF132A95505FCAB7CE",
  "CheapLoc.dll": "70F59B37F89D678042E77481DF235BF3",
  "cimgui.dll": "F4FB7B68432ED1814D0FE15A1464800F",
  "cimguizmo.dll": "20739B278DE21BA414E05CEE73399EAF",
  "cimplot.dll": "F6770964A650E7A50BEE5E1FA8E10435",
  "commit_hash.txt": "8FEA271BE32298A53E88224B54896506",
  "Dalamud.Bindings.ImGui.dll": "9EC54CD4F859F35246E5B6E0FCC0C5AE",
  "Dalamud.Bindings.ImGuizmo.dll": "3CA0861CC70A23E1B578502DFB68F268",
  "Dalamud.Bindings.ImPlot.dll": "4818EBF303BC0B9BA086216D21731F40",
  "Dalamud.Boot.dll": "9DB41B86644AAB34DD88B1E5B48AB443",
  "Dalamud.Common.dll": "5B98E4B09D09FCF74863017010FC87D5",
  "Dalamud.deps.json": "210C106DDF3A9C063D49A35ED6B071CC",
  "Dalamud.dll": "E01E2D28E270C93A4D1918305F187589",
  "Dalamud.Injector.deps.json": "C21972522E8133995B2C9562B3E39983",
  "Dalamud.Injector.dll": "5167C8D78C0A32FD54F16206FAD243BF",
  "Dalamud.Injector.exe": "D2385F02719F9FA1072C4B5496EFC0BD",
  "Dalamud.Injector.runtimeconfig.json": "439C534917CEF268A731631073E50FE4",
  "Dalamud.Injector.xml": "6730B8BB13078B71889B5A56C5DFAC6D",
  "Dalamud.runtimeconfig.json": "CA3935E9C6B9E3300F2D7171E4AF6335",
  "Dalamud.xml": "43881A1F958F425521353D20DF10D653",
  "DalamudCrashHandler.exe": "D57B398C2DA7646D40E353F27A7B8669",
  "FASM-LICENSE.TXT": "ECEA1D10811221D5F0A3E96F9C38E2C7",
  "FASM.DLL": "AA6076C3F3B92554759F1E0B823ECAC8",
  "FASMX64.DLL": "BEAE33A49DDA250C06489F68919C4B95",
  "FFXIVClientStructs.dll": "1F44FD31234B5949B4BD9CD8D8A96767",
  "FFXIVClientStructs.xml": "79866A791CCC32AF748555FA1B68822C",
  "goatcorp.Reloaded.Assembler.targets": "CC22CB0A353E2136EE9E6E96DB9F7164",
  "HexaGen.Runtime.dll": "440308291EB8BF4FB461C9CF3B8CE66D",
  "Iced.dll": "B313B2B1442D7175F2FBE28EFA7F41CB",
  "ImGuiScene.dll": "D66030159EB7D05166CF4380E6B37E8E",
  "InteropGenerator.Runtime.dll": "F4DBA049F0C7A2E0AE6960FEDFC53B8A",
  "JetBrains.Annotations.dll": "A813B6FCEB11C4A2ABC35D2F41651C0B",
  "licenses.txt": "A159BE62AA91178EFC3E3983AE874D1D",
  "Lumina.dll": "CA2E35EA190E45E8125F377F3871B30B",
  "Lumina.Excel.dll": "7CB1359B77994C17FCEF4671EEE97B61",
  "Microsoft.Extensions.ObjectPool.dll": "B0558CE087EAE95853E35579300F3A77",
  "MinSharp.dll": "26DAD8997EF84A5C3AA7EEBB83D6FD31",
  "Mono.Cecil.dll": "2B9C11759868E34943292E4E4FFEEEDF",
  "Mono.Cecil.Mdb.dll": "F64B8F085F5AB6604387B9C92CFBFD40",
  "Mono.Cecil.Pdb.dll": "5DEA3522390EEA40F73802CCC5376B53",
  "Mono.Cecil.Rocks.dll": "2722F71C29F68574469B37AB9097E84E",
  "nethost.dll": "21F39F71E2F4B5BA9FB3F126872F2F9B",
  "Newtonsoft.Json.dll": "ADF3E3EECDE20B7C9661E9C47106A14A",
  "PeNet.Asn1.dll": "E41E89FC4ACB1B282FE2D2B4891DDD12",
  "PeNet.dll": "691128491B89E4C818FFD941A86C8169",
  "Reloaded.Assembler.dll": "6744F5105003538EFB9DE4E7ED5CB131",
  "Reloaded.Hooks.Definitions.dll": "357BFF2C4F30E745C5FE3CBDBC98AA09",
  "Reloaded.Hooks.dll": "847C278120D27CA238A914D087D59A69",
  "Reloaded.Memory.Buffers.dll": "EFDFCA7FD34F6BC888BDC9757BAC0D09",
  "Reloaded.Memory.dll": "C6088ECDF997B2F8B04DC2737912E657",
  "revision.txt": "2AEC405D4B5959235C49EC1D78EDB0C2",
  "Serilog.dll": "6F371CCF411FE53678A7D896648EF99F",
  "Serilog.Sinks.Async.dll": "1D281CBC479714423212204574519CAA",
  "Serilog.Sinks.Console.dll": "81E3EC6D26E2564357BFF70289522359",
  "Serilog.Sinks.File.dll": "56E0465F9F2DA542117BB5B2DB22ED97",
  "SharpDX.Direct3D11.dll": "84C5083981F6F281CA7522FA4A0D56D0",
  "SharpDX.dll": "04F24A706A0BFAEEE9A81871457742B1",
  "SharpDX.DXGI.dll": "EAFCCA1D9E8889FE2BEBD8C52A3C657E",
  "SharpDX.Mathematics.dll": "880E846066126E22592E799FBCD241F8",
  "SQLite-net.dll": "531F4A3A12BEC932B7A8EBA5CAB7C0B1",
  "SQLitePCLRaw.batteries_v2.dll": "786C4439C72CB460F87E19F5F236EC8C",
  "SQLitePCLRaw.core.dll": "48B2F51D13C8F233E3871D8967A5D963",
  "SQLitePCLRaw.nativelibrary.dll": "85D238E568410BBD7E633AE01379BAEF",
  "SQLitePCLRaw.provider.dynamic_cdecl.dll": "F5FFD799BE81126F14310B6B6B25EEE9",
  "System.Reactive.dll": "EF5A00287AD15393D41B12AA4B726FF7",
  "System.Reflection.MetadataLoadContext.dll": "E88E3AF6D37736F339022C9ACC5F2F7B",
  "System.Security.Cryptography.Pkcs.dll": "8950E01996A37E808BE3F39063C37BF9",
  "TEMP_gitver.txt": "83C0D0BD987AC08354259D64D3CE756C",
  "TerraFX.Interop.Windows.dll": "84F7EF6B0DE91F8CC23F773D3FD6DEC0"
}
