{
  "runtimes\\alpine-x64\\native\\libe_sqlite3.so": "39C244FEDBCD3DFC37041D4FCE1AE21D",
  "runtimes\\linux-arm\\native\\libe_sqlite3.so": "96CF54BC0EFB83D6E3F5F3E04997A59D",
  "runtimes\\linux-arm64\\native\\libe_sqlite3.so": "F079E55E7F3F9966A4A2052A3234E068",
  "runtimes\\linux-armel\\native\\libe_sqlite3.so": "C5A67D49434FC65D64E9C15778078C76",
  "runtimes\\linux-mips64\\native\\libe_sqlite3.so": "5F8461214089CFC677D46C19B7162161",
  "runtimes\\linux-musl-x64\\native\\libe_sqlite3.so": "39C244FEDBCD3DFC37041D4FCE1AE21D",
  "runtimes\\linux-x64\\native\\libe_sqlite3.so": "6F49C540D3AB9964D67A4A704C3D262D",
  "runtimes\\linux-x86\\native\\libe_sqlite3.so": "5E0659B414CBD6DDC38C65582485853E",
  "runtimes\\osx-x64\\native\\libe_sqlite3.dylib": "F82AE134FCD1C080A69D775591406673",
  "runtimes\\win-arm\\native\\e_sqlite3.dll": "6BD48F0832003033B04D908182D3971B",
  "runtimes\\win-arm64\\native\\e_sqlite3.dll": "B1EC716EBC6D823415B53B057A5DDB31",
  "runtimes\\win-x64\\native\\e_sqlite3.dll": "6BA09C9CAB96A0AF85BDD2C401447481",
  "runtimes\\win-x64\\native\\minhook.x64d.dll": "9DCCF6C14F6AECECCF43F52B0C31C1FF",
  "runtimes\\win-x86\\native\\e_sqlite3.dll": "CF20711D21D4043D9B6346F1897520F8",
  "targets\\Dalamud.Plugin.Bootstrap.targets": "C85635161398CD9852CF7212DB7EB904",
  "targets\\Dalamud.Plugin.targets": "394EE2BEC70254F76ABBE2C33F62BBFA",
  "BitFaster.Caching.dll": "4B8499E7232C2EF6375935BD22975BD1",
  "CheapLoc.dll": "CB3ED9CF0CA5453E742FC64EF26D92B3",
  "cimgui.dll": "ADD4306C61F6629683AD1BE49D970F01",
  "cimguizmo.dll": "9977C317EB0B8E7E735297B550368630",
  "cimplot.dll": "4E52B0122FAF96D7E00497BD3700B8C8",
  "commit_hash.txt": "470CC8C504C1AE2F96611999E5CA5DC4",
  "Dalamud.Bindings.ImGui.dll": "FB143C054BBC23A85F4271097E86C86D",
  "Dalamud.Bindings.ImGuizmo.dll": "F03A8F494C5454F0359FDD9BC9FDBA6A",
  "Dalamud.Bindings.ImPlot.dll": "7A64CDA3077384135E3F2AF003F6DBB8",
  "Dalamud.Boot.dll": "13F4FE31CAA338A8A8471485E02FC7FA",
  "Dalamud.Common.dll": "136CDD318ECD2FE7DA4984DE2C7C805E",
  "Dalamud.deps.json": "8E5E82C9E3A9F5FA3B4654A837D64CD5",
  "Dalamud.dll": "E412442FA95B05AC3F202555E5C54F4F",
  "Dalamud.Injector.deps.json": "C21972522E8133995B2C9562B3E39983",
  "Dalamud.Injector.dll": "7E05E9EBC5FFE8E5CD1C32737E58441D",
  "Dalamud.Injector.exe": "53D1580265D86663AA3FB49E18599212",
  "Dalamud.Injector.runtimeconfig.json": "439C534917CEF268A731631073E50FE4",
  "Dalamud.Injector.xml": "6730B8BB13078B71889B5A56C5DFAC6D",
  "Dalamud.runtimeconfig.json": "CA3935E9C6B9E3300F2D7171E4AF6335",
  "Dalamud.xml": "8A0F0FDFE28EC2D7579FE8F40C2B0E0E",
  "DalamudCrashHandler.exe": "5275FF75F7F2EB42926534B319082F13",
  "FASM-LICENSE.TXT": "ECEA1D10811221D5F0A3E96F9C38E2C7",
  "FASM.DLL": "E7EB110BC24D75989B09F45AE8BAD53F",
  "FASMX64.DLL": "442817548C97E80AE18C6A79CF05C078",
  "FFXIVClientStructs.dll": "170AE19E00FF83EEB629146084132214",
  "FFXIVClientStructs.xml": "6DA9E4BFE90A8E57A0605E292DE68642",
  "goaaats.Reloaded.Assembler.targets": "CC22CB0A353E2136EE9E6E96DB9F7164",
  "HexaGen.Runtime.dll": "D7D88AEE3AB20D5C698ABAD640315D4A",
  "Iced.dll": "193EB0FF6F39FC23E72C8BD6066D7A06",
  "ImGui.NET.dll": "91FC37E267456BB736BDB528741C84B6",
  "InteropGenerator.Runtime.dll": "1B0AE3536D2ABB64DFF9F2C264DE719B",
  "JetBrains.Annotations.dll": "2839195131C3F2A9F6F15E64CF2AAC3B",
  "licenses.txt": "A159BE62AA91178EFC3E3983AE874D1D",
  "Lumina.dll": "6BF38F66BC2EEF123D293E3540D2DDD3",
  "Lumina.Excel.dll": "40565570E78C3B414BF28A5D5C6CA63E",
  "Microsoft.Extensions.ObjectPool.dll": "B0558CE087EAE95853E35579300F3A77",
  "MinSharp.dll": "37E7BA70F6A3B78C510F59AF53D9E2B0",
  "Mono.Cecil.dll": "22377C6A3F919E9C08569D7F55DF51A1",
  "Mono.Cecil.Mdb.dll": "A94EF0AD72A20DB2924BBBFC776C6C7F",
  "Mono.Cecil.Pdb.dll": "C2E275515BFDFCFE94F3657E9D03C435",
  "Mono.Cecil.Rocks.dll": "0FC61D152ABC562CD10CDC24B2F789F0",
  "nethost.dll": "21F39F71E2F4B5BA9FB3F126872F2F9B",
  "Newtonsoft.Json.dll": "ADF3E3EECDE20B7C9661E9C47106A14A",
  "PeNet.Asn1.dll": "861D0C9F3F0BBC173A8A07B4832EA566",
  "PeNet.dll": "EF829864272B39DAF8DD3C9CD017B747",
  "PInvoke.AdvApi32.dll": "34EE461D05B403C3A15D0DEC32A3788C",
  "PInvoke.BCrypt.dll": "FD07758EE1440491F22923084109FF26",
  "PInvoke.Cabinet.dll": "333D950E3804735DA60CC41D614C63E2",
  "PInvoke.CfgMgr32.dll": "768BE7CC18EDCF78B296A72ABE891691",
  "PInvoke.Crypt32.dll": "E7B00B0851738F4A7F2C6D37DAA973B4",
  "PInvoke.DbgHelp.dll": "E701136169620D20E3A70B560DE20E44",
  "PInvoke.DwmApi.dll": "ACF223CC8962404056648815B486F7D9",
  "PInvoke.Gdi32.dll": "69FF434826F98582CE44D3136ECFFACB",
  "PInvoke.Hid.dll": "2E7A41257F8AD9B26073181F450CD8E5",
  "PInvoke.ImageHlp.dll": "79BE816E8D86EA66489D7780DD675D49",
  "PInvoke.IPHlpApi.dll": "E949FA3326D1BA8872B179AB4EE49D38",
  "PInvoke.Kernel32.dll": "234E15B122ED430DE99490CA1A204958",
  "PInvoke.Magnification.dll": "C9EA3D34F506741ECC044DB19C151F09",
  "PInvoke.Msi.dll": "69EE50CE2DA6B55755E52589F49A7EBC",
  "PInvoke.NCrypt.dll": "DA1DE76C14D99370CA3BEF19DC299B15",
  "PInvoke.NetApi32.dll": "AE79F9FA2E3864A5E0642AE4622ECDC5",
  "PInvoke.NewDev.dll": "B3E1992105D986EF9C5C8E4B630FBB07",
  "PInvoke.NTDll.dll": "3F6BDF840EB27DD0FD9EB8071822183A",
  "PInvoke.Ole32.dll": "3C49FB100B60519FFE725BCD12A538F6",
  "PInvoke.Psapi.dll": "A7683EE4B880227F01C8AE632A892B9E",
  "PInvoke.SetupApi.dll": "1B7AE321185D0081D1759A9AD829F9BA",
  "PInvoke.SHCore.dll": "F27E7F063D51480F6D2294C903E4A606",
  "PInvoke.Shell32.dll": "F71A1BCAF6478190691170DAEA77722F",
  "PInvoke.User32.dll": "8BEDE38311ED4F27127290B81B8079FD",
  "PInvoke.Userenv.dll": "FEB7BCA90B8C905EC2F4BB0789847131",
  "PInvoke.UxTheme.dll": "8E683C016250CB719FDB9AAAFC22B3C5",
  "PInvoke.Windows.Core.dll": "90015440A44935208FFEA9BF61740651",
  "PInvoke.Windows.ShellScalingApi.dll": "F351B34B8C9183A51CADFDC279357C49",
  "PInvoke.WinUsb.dll": "9EB8A0280F2848D1A32B560A939F7336",
  "PInvoke.WtsApi32.dll": "341C94455D2E5893DBE4293D4D67AA4D",
  "Reloaded.Assembler.dll": "608F43094F353D37EC96FA26B2E736D8",
  "Reloaded.Hooks.Definitions.dll": "8AA4C0C26F117D490DE260CE0C76271F",
  "Reloaded.Hooks.dll": "C3905C6FD0363C7CECE3522A24D06599",
  "Reloaded.Memory.Buffers.dll": "7FAD52B9CDB370839CB3323168D3F7DA",
  "Reloaded.Memory.dll": "AB4EE1B278BDC0702A22DD492D7D5058",
  "revision.txt": "C94A589BDD47870B1D74B258D1CE3B33",
  "Serilog.dll": "98E9559AF55F83AAD9218F0B96FBA071",
  "Serilog.Sinks.Async.dll": "ADAA4055B146036458FB5CCB93713A32",
  "Serilog.Sinks.Console.dll": "88B4C260BFB38AB9DD7B042AACE42305",
  "Serilog.Sinks.File.dll": "43E14437DB5F1BD4748F83D5DA368E19",
  "SharpDX.Direct3D11.dll": "AB798B34F38E88154250A6277F02C4CA",
  "SharpDX.dll": "4D8C9C5BB068A92F5F79992860F18094",
  "SharpDX.DXGI.dll": "92FD4446F47E412FB50264F9A4087D14",
  "SharpDX.Mathematics.dll": "74ED125C273805D89CF3BF1700BA3B7A",
  "SQLite-net.dll": "C65DEFE3ED197335EBEBAAF239842431",
  "SQLitePCLRaw.batteries_v2.dll": "32DA8740971150B69A551C9A65F0D014",
  "SQLitePCLRaw.core.dll": "BB592307CC6EA2175CCF282F26BBBFDA",
  "SQLitePCLRaw.nativelibrary.dll": "442699100E2CBA157D8C8CF10C239A9B",
  "SQLitePCLRaw.provider.dynamic_cdecl.dll": "A0EC3E31CAB77560F80E6BFADF907A2B",
  "System.Reactive.dll": "EF5A00287AD15393D41B12AA4B726FF7",
  "System.Reflection.MetadataLoadContext.dll": "E88E3AF6D37736F339022C9ACC5F2F7B",
  "System.Security.Cryptography.Pkcs.dll": "8950E01996A37E808BE3F39063C37BF9",
  "TEMP_gitver.txt": "00A54940A3D22956DF56DAF37572938D",
  "TerraFX.Interop.Windows.dll": "84F7EF6B0DE91F8CC23F773D3FD6DEC0",
  "Validation.dll": "C756F1854529FDFD309529CDB0EB3CA8"
}
