{
  "runtimes\\alpine-x64\\native\\libe_sqlite3.so": "39C244FEDBCD3DFC37041D4FCE1AE21D",
  "runtimes\\linux-arm\\native\\libe_sqlite3.so": "96CF54BC0EFB83D6E3F5F3E04997A59D",
  "runtimes\\linux-arm64\\native\\libe_sqlite3.so": "F079E55E7F3F9966A4A2052A3234E068",
  "runtimes\\linux-armel\\native\\libe_sqlite3.so": "C5A67D49434FC65D64E9C15778078C76",
  "runtimes\\linux-mips64\\native\\libe_sqlite3.so": "5F8461214089CFC677D46C19B7162161",
  "runtimes\\linux-musl-x64\\native\\libe_sqlite3.so": "39C244FEDBCD3DFC37041D4FCE1AE21D",
  "runtimes\\linux-x64\\native\\libe_sqlite3.so": "6F49C540D3AB9964D67A4A704C3D262D",
  "runtimes\\linux-x64\\native\\libglfw.so.3": "9E3137144F68B9E9793F4C7AD5B1BEA7",
  "runtimes\\linux-x64\\native\\libSDL2-2.0.so": "99B95A708381FC66AB2370E45A260527",
  "runtimes\\linux-x64\\native\\libstbi.so": "0945355ED59677D06E3E88F48101BB26",
  "runtimes\\linux-x86\\native\\libe_sqlite3.so": "5E0659B414CBD6DDC38C65582485853E",
  "runtimes\\osx-x64\\native\\libe_sqlite3.dylib": "F82AE134FCD1C080A69D775591406673",
  "runtimes\\osx-x64\\native\\libglfw.3.dylib": "1E30FAB2F0C40E82290AD4B0BF14A880",
  "runtimes\\osx-x64\\native\\libSDL2-2.0.dylib": "AAC958490586C67395F0A90903AE3747",
  "runtimes\\osx-x64\\native\\libstbi.dylib": "0B84B0A6A80178266018081C3CAB68E6",
  "runtimes\\win-arm\\native\\e_sqlite3.dll": "6F3FEEC980B69F98E6073F9D3BC5136C",
  "runtimes\\win-arm64\\native\\e_sqlite3.dll": "5DDA625157A459994CBF6C72A59EA9A1",
  "runtimes\\win-x64\\native\\e_sqlite3.dll": "4CB480E13296DB7774C992DC7CCA6DDB",
  "runtimes\\win-x64\\native\\glfw3.dll": "D629B88455897742A44A5D42D69D5719",
  "runtimes\\win-x64\\native\\minhook.x64d.dll": "76777646D31F6BC9535B305640F077A3",
  "runtimes\\win-x64\\native\\SDL2.dll": "640B7232BAC05459A27CF0AA73C2DBE5",
  "runtimes\\win-x64\\native\\stbi.dll": "E72BFAECB1CB62B87C08B8C63276CDF8",
  "runtimes\\win-x64\\native\\stbi.lib": "927C214DE576219E1F80DBE7798A0502",
  "runtimes\\win-x86\\native\\e_sqlite3.dll": "690E2DF7538EEC1F9175EF6D40246AE4",
  "runtimes\\win-x86\\native\\glfw3.dll": "1F25D21D515675A6E28176D3E60B64A0",
  "runtimes\\win-x86\\native\\SDL2.dll": "6A84E8024E68A0F6E1F9C95940AF0FAE",
  "targets\\Dalamud.Plugin.Bootstrap.targets": "C85635161398CD9852CF7212DB7EB904",
  "targets\\Dalamud.Plugin.targets": "69D15EDFB3D4F0BEE3A099216E4DE057",
  "BitFaster.Caching.dll": "03F0F906CC9BB8CEA78D8257DA0EA96C",
  "CheapLoc.dll": "3BC3059E9A5B441F0EC3F6E76BB6BF30",
  "cimgui.dll": "B3E58CC144A7120990C073D01D76D0FD",
  "cimguizmo.dll": "1B7F30A0526B723B2126A0733040B952",
  "cimplot.dll": "28CF72DEB623A02909ABB2652888E3E4",
  "commit_hash.txt": "114A1AB43764CF6442338C06673A70FF",
  "Dalamud.Boot.dll": "D3F79DBAB68A2108F139B94B2EEEF763",
  "Dalamud.Common.dll": "DE27F665A10454E467B3156FE82125BB",
  "Dalamud.deps.json": "948F14A7854BEC0A19B8CF5899AFA9AA",
  "Dalamud.dll": "96D0227F99632AAB61C8053998190F93",
  "Dalamud.Injector.deps.json": "E30B9BD40106FFC14A5274A670979EDF",
  "Dalamud.Injector.dll": "E5CCA01F6589F7B81B4B66E34E52035E",
  "Dalamud.Injector.exe": "31BD4385EE52DBEFC1864C8E8C403E85",
  "Dalamud.Injector.runtimeconfig.json": "B9BB65FFE7924D4D8BABE9FA66303200",
  "Dalamud.Injector.xml": "D41E5DF541D19A015215E777D7395C9C",
  "Dalamud.runtimeconfig.json": "2A9CD915428BDD175E0889BD0C225F75",
  "Dalamud.xml": "D4B80FC2A5ABB31B7AF7FFC237D260DF",
  "DalamudCrashHandler.exe": "53701135033C5D82E2F2DDA1643C3C9D",
  "FASM-LICENSE.TXT": "ECEA1D10811221D5F0A3E96F9C38E2C7",
  "FASM.DLL": "4F06942997919F33B6BAA58EBF7574DA",
  "FASMX64.DLL": "E41DD6333D3006EED8BB44BB6013D51E",
  "FFXIVClientStructs.dll": "36C2EFCF0A98F6DF917B2D32D8132918",
  "FFXIVClientStructs.xml": "8B0B1F44C3D9652BF52317F562CA5A8F",
  "goaaats.Reloaded.Assembler.targets": "CC22CB0A353E2136EE9E6E96DB9F7164",
  "Iced.dll": "B0302227AADD82AB2350D4876616C636",
  "ImGui.NET.dll": "1C93B79E1A887EEF0763C2F34CC1471A",
  "ImGuiScene.dll": "ABDEAA6AA6AB229D2950CD217D68E522",
  "InteropGenerator.Runtime.dll": "259B9F8F8CE344738CE6E88AC5E34EEB",
  "JetBrains.Annotations.dll": "32814128806720ED04452497BE7AB303",
  "licenses.txt": "A159BE62AA91178EFC3E3983AE874D1D",
  "Lumina.dll": "A6A9582037EF50EB04A64F827A1A5317",
  "Lumina.Excel.dll": "7CB2E3808536C9588910858237555CDB",
  "Microsoft.Bcl.HashCode.dll": "613AB56061ADF2284E047025207467E0",
  "Microsoft.DotNet.PlatformAbstractions.dll": "00AB0F02B1114C57C758F5AD595224F1",
  "Microsoft.Extensions.DependencyModel.dll": "F39BC76C10CFEA478C936FC4521A9FC9",
  "Microsoft.Extensions.ObjectPool.dll": "FEE3CE8A84417360CC5ED787ED6F7DB1",
  "MinSharp.dll": "BA5F01B3871D9564FD0FDE0C11EA62FC",
  "Mono.Cecil.dll": "8FC9E1833714DDC7CC4A2F12FCA68F4C",
  "Mono.Cecil.Mdb.dll": "49E35E01C16AD5F095E142D19F7D1EED",
  "Mono.Cecil.Pdb.dll": "20C2CD7102FC0DAFC60CA57578BCED9F",
  "Mono.Cecil.Rocks.dll": "F652F58C9629FE31126B96CE450478BF",
  "nethost.dll": "21F39F71E2F4B5BA9FB3F126872F2F9B",
  "Newtonsoft.Json.dll": "ADF3E3EECDE20B7C9661E9C47106A14A",
  "PeNet.Asn1.dll": "A8BEC3D8845A266839CEE71847D04251",
  "PeNet.dll": "FFB79AFDE83ED272920306AE3DD5CB50",
  "PInvoke.AdvApi32.dll": "34EE461D05B403C3A15D0DEC32A3788C",
  "PInvoke.BCrypt.dll": "FD07758EE1440491F22923084109FF26",
  "PInvoke.Cabinet.dll": "333D950E3804735DA60CC41D614C63E2",
  "PInvoke.CfgMgr32.dll": "768BE7CC18EDCF78B296A72ABE891691",
  "PInvoke.Crypt32.dll": "E7B00B0851738F4A7F2C6D37DAA973B4",
  "PInvoke.DbgHelp.dll": "E701136169620D20E3A70B560DE20E44",
  "PInvoke.DwmApi.dll": "ACF223CC8962404056648815B486F7D9",
  "PInvoke.Gdi32.dll": "69FF434826F98582CE44D3136ECFFACB",
  "PInvoke.Hid.dll": "2E7A41257F8AD9B26073181F450CD8E5",
  "PInvoke.ImageHlp.dll": "79BE816E8D86EA66489D7780DD675D49",
  "PInvoke.IPHlpApi.dll": "E949FA3326D1BA8872B179AB4EE49D38",
  "PInvoke.Kernel32.dll": "234E15B122ED430DE99490CA1A204958",
  "PInvoke.Magnification.dll": "C9EA3D34F506741ECC044DB19C151F09",
  "PInvoke.Msi.dll": "69EE50CE2DA6B55755E52589F49A7EBC",
  "PInvoke.NCrypt.dll": "DA1DE76C14D99370CA3BEF19DC299B15",
  "PInvoke.NetApi32.dll": "AE79F9FA2E3864A5E0642AE4622ECDC5",
  "PInvoke.NewDev.dll": "B3E1992105D986EF9C5C8E4B630FBB07",
  "PInvoke.NTDll.dll": "3F6BDF840EB27DD0FD9EB8071822183A",
  "PInvoke.Ole32.dll": "3C49FB100B60519FFE725BCD12A538F6",
  "PInvoke.Psapi.dll": "A7683EE4B880227F01C8AE632A892B9E",
  "PInvoke.SetupApi.dll": "1B7AE321185D0081D1759A9AD829F9BA",
  "PInvoke.SHCore.dll": "F27E7F063D51480F6D2294C903E4A606",
  "PInvoke.Shell32.dll": "F71A1BCAF6478190691170DAEA77722F",
  "PInvoke.User32.dll": "8BEDE38311ED4F27127290B81B8079FD",
  "PInvoke.Userenv.dll": "FEB7BCA90B8C905EC2F4BB0789847131",
  "PInvoke.UxTheme.dll": "8E683C016250CB719FDB9AAAFC22B3C5",
  "PInvoke.Windows.Core.dll": "90015440A44935208FFEA9BF61740651",
  "PInvoke.Windows.ShellScalingApi.dll": "F351B34B8C9183A51CADFDC279357C49",
  "PInvoke.WinUsb.dll": "9EB8A0280F2848D1A32B560A939F7336",
  "PInvoke.WtsApi32.dll": "341C94455D2E5893DBE4293D4D67AA4D",
  "Reloaded.Assembler.dll": "9D7DC39273285E0B61DEDAAD26E52013",
  "Reloaded.Hooks.Definitions.dll": "EDC8CDBFF07CA4CB921AE7BF940E9ADB",
  "Reloaded.Hooks.dll": "6F9061914CA3FE3D8E72AD77D8B3F032",
  "Reloaded.Memory.Buffers.dll": "E6242B7CAA9DBF6E3ED018E8F8B5C8E1",
  "Reloaded.Memory.dll": "9C29949E14F642C7A05519DBBE866A48",
  "revision.txt": "D10DDBE86FE1DF4E50C91D66087CBC6A",
  "SDL2-CS.config": "65557595FD5DF55D93B2BF881DE62C3A",
  "SDL2-CS.dll": "E7E5E4FB42784B3F49C8652AC15BC80D",
  "Serilog.dll": "B71C6BF5BE6C6C64967E79EAAF8F5F7F",
  "Serilog.Sinks.Async.dll": "005382FD0AD640C1990932E9BAC8CE66",
  "Serilog.Sinks.Console.dll": "8FBEE259D7EAE837F06C0FC42C4F2D4B",
  "Serilog.Sinks.File.dll": "FC604D97842C3A1BE37084F9D80FAA0B",
  "SharpDX.Direct3D11.dll": "82CD9F6FA79BDEA422E52E248D40F53D",
  "SharpDX.dll": "BD7C8843598C4027755685EEF0E3F5EB",
  "SharpDX.DXGI.dll": "4C964A3E093D5ABFA6EF2D9F052B41D1",
  "SharpDX.Mathematics.dll": "347D026AA81A15EABF1EE4991E7AB7BE",
  "Silk.NET.Core.dll": "2FBB7ED90B9B42748846F85893996771",
  "Silk.NET.GLFW.dll": "348377BE856BC70DB2106C70084E40D9",
  "Silk.NET.Maths.dll": "A701A9386F20EE6FF5BD97CAF22DF024",
  "Silk.NET.OpenGL.dll": "4F73CCFEC6A8BB6AA0E5B090F0D559E9",
  "Silk.NET.SDL.dll": "225060EF5205D8E288B8D42F783F6C5E",
  "Silk.NET.Windowing.Common.dll": "8EFAA4EF0D2A39C37C0B260C926E6985",
  "Silk.NET.Windowing.Glfw.dll": "25C0EBBD018543F80A9CF2D7FC80E7FD",
  "Silk.NET.Windowing.Sdl.dll": "0D653F527FA3B8070E25DFC73450D2DA",
  "SQLite-net.dll": "69F2622907B3C34CCADE08FD742BE599",
  "SQLitePCLRaw.batteries_v2.dll": "9D94740E65D0E51BC99DF23667DFEFF1",
  "SQLitePCLRaw.core.dll": "CA4C5E0C6AF5D3D36F3EE097DF6CF63F",
  "SQLitePCLRaw.nativelibrary.dll": "C3B652707E1A6F4B96779D29ED24CB50",
  "SQLitePCLRaw.provider.dynamic_cdecl.dll": "DD005770D42BB8A4F8C94173B9066BFA",
  "StbiSharp.dll": "42B3BFB58E950AED9063EB5E7A8F0E54",
  "System.Reactive.dll": "EF5A00287AD15393D41B12AA4B726FF7",
  "System.Reflection.MetadataLoadContext.dll": "E88E3AF6D37736F339022C9ACC5F2F7B",
  "System.Security.Cryptography.Pkcs.dll": "8950E01996A37E808BE3F39063C37BF9",
  "TEMP_gitver.txt": "0519F8BDD1E5268568B318A66B3FC7DF",
  "TerraFX.Interop.Windows.dll": "84F7EF6B0DE91F8CC23F773D3FD6DEC0",
  "Validation.dll": "76CFDF5E85252FDF0AE2B82F8AE4293A"
}
