{
  "runtimes\\alpine-x64\\native\\libe_sqlite3.so": "39C244FEDBCD3DFC37041D4FCE1AE21D",
  "runtimes\\linux-arm\\native\\libe_sqlite3.so": "96CF54BC0EFB83D6E3F5F3E04997A59D",
  "runtimes\\linux-arm64\\native\\libe_sqlite3.so": "F079E55E7F3F9966A4A2052A3234E068",
  "runtimes\\linux-armel\\native\\libe_sqlite3.so": "C5A67D49434FC65D64E9C15778078C76",
  "runtimes\\linux-mips64\\native\\libe_sqlite3.so": "5F8461214089CFC677D46C19B7162161",
  "runtimes\\linux-musl-x64\\native\\libe_sqlite3.so": "39C244FEDBCD3DFC37041D4FCE1AE21D",
  "runtimes\\linux-x64\\native\\libe_sqlite3.so": "6F49C540D3AB9964D67A4A704C3D262D",
  "runtimes\\linux-x64\\native\\libglfw.so.3": "9E3137144F68B9E9793F4C7AD5B1BEA7",
  "runtimes\\linux-x64\\native\\libSDL2-2.0.so": "99B95A708381FC66AB2370E45A260527",
  "runtimes\\linux-x64\\native\\libstbi.so": "0945355ED59677D06E3E88F48101BB26",
  "runtimes\\linux-x86\\native\\libe_sqlite3.so": "5E0659B414CBD6DDC38C65582485853E",
  "runtimes\\osx-x64\\native\\libe_sqlite3.dylib": "F82AE134FCD1C080A69D775591406673",
  "runtimes\\osx-x64\\native\\libglfw.3.dylib": "1E30FAB2F0C40E82290AD4B0BF14A880",
  "runtimes\\osx-x64\\native\\libSDL2-2.0.dylib": "AAC958490586C67395F0A90903AE3747",
  "runtimes\\osx-x64\\native\\libstbi.dylib": "0B84B0A6A80178266018081C3CAB68E6",
  "runtimes\\win-arm\\native\\e_sqlite3.dll": "DDA3A30FB59FC1780FC7B3769BBD2C40",
  "runtimes\\win-arm64\\native\\e_sqlite3.dll": "E4099E36E3EF1E1E3F49EA50AAA54594",
  "runtimes\\win-x64\\native\\e_sqlite3.dll": "796BDE562E1C348D539A371685B870E2",
  "runtimes\\win-x64\\native\\glfw3.dll": "D04C422194BDCBDF47049EDFBD3978EA",
  "runtimes\\win-x64\\native\\minhook.x64d.dll": "D5E7C57F353DF5104AE5A103D8A0D8E8",
  "runtimes\\win-x64\\native\\SDL2.dll": "B85242DA2F75D148147E15408ED2C2FD",
  "runtimes\\win-x64\\native\\stbi.dll": "E3E3FC7EDF201D05A3B19C6B2CB1A868",
  "runtimes\\win-x64\\native\\stbi.lib": "927C214DE576219E1F80DBE7798A0502",
  "runtimes\\win-x86\\native\\e_sqlite3.dll": "A8ADA34082CD9EE44F929915AA16ACFA",
  "runtimes\\win-x86\\native\\glfw3.dll": "C2CF0BBCE61852F72E23E2B6E9218415",
  "runtimes\\win-x86\\native\\SDL2.dll": "7AAB14F1176EF141A3D614D60C80420C",
  "targets\\Dalamud.Plugin.Bootstrap.targets": "C85635161398CD9852CF7212DB7EB904",
  "targets\\Dalamud.Plugin.targets": "69D15EDFB3D4F0BEE3A099216E4DE057",
  "BitFaster.Caching.dll": "7B45CD3F5C81929D2364129BD5F70C79",
  "CheapLoc.dll": "95602293E5EBA07C9C2A543C7CF36CED",
  "cimgui.dll": "7B7EC0983578706EDA5104FA05567BC0",
  "cimguizmo.dll": "28EF8215E10B6E63353EF10EB4461B3B",
  "cimplot.dll": "C98109662172C1AC7B305A435B65E76B",
  "commit_hash.txt": "7AB204884AF65AB188BA7157759CA494",
  "Dalamud.Boot.dll": "0C369304A4FDD68FBF9B9B1DDF1FCB82",
  "Dalamud.Common.dll": "6E357737E49C4D95FD8A4B1D3B866105",
  "Dalamud.deps.json": "9C7ED60AE405F2501E8CDC4E98A1CC2A",
  "Dalamud.dll": "A094D96FBAB9E551CD81B595EBB481A0",
  "Dalamud.Injector.deps.json": "E30B9BD40106FFC14A5274A670979EDF",
  "Dalamud.Injector.dll": "574665B8A822C45856CB1D8A6798BBA7",
  "Dalamud.Injector.exe": "98AF66A89B6CF583FBA413692475F9B8",
  "Dalamud.Injector.runtimeconfig.json": "B9BB65FFE7924D4D8BABE9FA66303200",
  "Dalamud.Injector.xml": "D41E5DF541D19A015215E777D7395C9C",
  "Dalamud.runtimeconfig.json": "2A9CD915428BDD175E0889BD0C225F75",
  "Dalamud.xml": "CBEB1EC7873D1C3EE47597538D3AFA81",
  "DalamudCrashHandler.exe": "D9DFA9A863BD7554F694B0A3ACC094E7",
  "FASM-LICENSE.TXT": "ECEA1D10811221D5F0A3E96F9C38E2C7",
  "FASM.DLL": "7E6B598AA14FE7A724B0135AB40E2491",
  "FASMX64.DLL": "DF5CF5CC95A50EEEAE8374F29ECC4DEE",
  "FFXIVClientStructs.dll": "7917A2527E9795F7BBC45F15CACD4A05",
  "FFXIVClientStructs.xml": "DAA46689337616D5F90FF8166F87DED0",
  "goaaats.Reloaded.Assembler.targets": "CC22CB0A353E2136EE9E6E96DB9F7164",
  "Iced.dll": "C93E88BDC08F6AD9C57D29DBAF341774",
  "ImGui.NET.dll": "CEA103496BFD864C2E66BD999ADD4C20",
  "ImGuiScene.dll": "2789C8E3199449BF338C6B77C475F6B1",
  "InteropGenerator.Runtime.dll": "E3E3D2C381A51FA5219A6B926090420E",
  "JetBrains.Annotations.dll": "FC00DFC9CB3ED974056ADE70C98B07A3",
  "licenses.txt": "A159BE62AA91178EFC3E3983AE874D1D",
  "Lumina.dll": "1296A50AF9A23FEB7D1C55C184B78530",
  "Lumina.Excel.dll": "3678B910F543BAD8B72A55D372327393",
  "Microsoft.Bcl.HashCode.dll": "613AB56061ADF2284E047025207467E0",
  "Microsoft.DotNet.PlatformAbstractions.dll": "00AB0F02B1114C57C758F5AD595224F1",
  "Microsoft.Extensions.DependencyModel.dll": "F39BC76C10CFEA478C936FC4521A9FC9",
  "Microsoft.Extensions.ObjectPool.dll": "FEE3CE8A84417360CC5ED787ED6F7DB1",
  "MinSharp.dll": "B79C592D6D5F5DD822E3F01F774B04D0",
  "Mono.Cecil.dll": "C6271C4D0D6E465617494437C41398C3",
  "Mono.Cecil.Mdb.dll": "899B994FCBA0660911F42398C4DEFCFB",
  "Mono.Cecil.Pdb.dll": "5B3776E229235E33831257FD6820EAF4",
  "Mono.Cecil.Rocks.dll": "4E1CE83F399729B37DC6236465232827",
  "nethost.dll": "21F39F71E2F4B5BA9FB3F126872F2F9B",
  "Newtonsoft.Json.dll": "ADF3E3EECDE20B7C9661E9C47106A14A",
  "PeNet.Asn1.dll": "438FB8ADBC1E667CD53E9B08389249AE",
  "PeNet.dll": "B487A2E48CD83B5157DDE5B2E0A63D98",
  "PInvoke.AdvApi32.dll": "34EE461D05B403C3A15D0DEC32A3788C",
  "PInvoke.BCrypt.dll": "FD07758EE1440491F22923084109FF26",
  "PInvoke.Cabinet.dll": "333D950E3804735DA60CC41D614C63E2",
  "PInvoke.CfgMgr32.dll": "768BE7CC18EDCF78B296A72ABE891691",
  "PInvoke.Crypt32.dll": "E7B00B0851738F4A7F2C6D37DAA973B4",
  "PInvoke.DbgHelp.dll": "E701136169620D20E3A70B560DE20E44",
  "PInvoke.DwmApi.dll": "ACF223CC8962404056648815B486F7D9",
  "PInvoke.Gdi32.dll": "69FF434826F98582CE44D3136ECFFACB",
  "PInvoke.Hid.dll": "2E7A41257F8AD9B26073181F450CD8E5",
  "PInvoke.ImageHlp.dll": "79BE816E8D86EA66489D7780DD675D49",
  "PInvoke.IPHlpApi.dll": "E949FA3326D1BA8872B179AB4EE49D38",
  "PInvoke.Kernel32.dll": "234E15B122ED430DE99490CA1A204958",
  "PInvoke.Magnification.dll": "C9EA3D34F506741ECC044DB19C151F09",
  "PInvoke.Msi.dll": "69EE50CE2DA6B55755E52589F49A7EBC",
  "PInvoke.NCrypt.dll": "DA1DE76C14D99370CA3BEF19DC299B15",
  "PInvoke.NetApi32.dll": "AE79F9FA2E3864A5E0642AE4622ECDC5",
  "PInvoke.NewDev.dll": "B3E1992105D986EF9C5C8E4B630FBB07",
  "PInvoke.NTDll.dll": "3F6BDF840EB27DD0FD9EB8071822183A",
  "PInvoke.Ole32.dll": "3C49FB100B60519FFE725BCD12A538F6",
  "PInvoke.Psapi.dll": "A7683EE4B880227F01C8AE632A892B9E",
  "PInvoke.SetupApi.dll": "1B7AE321185D0081D1759A9AD829F9BA",
  "PInvoke.SHCore.dll": "F27E7F063D51480F6D2294C903E4A606",
  "PInvoke.Shell32.dll": "F71A1BCAF6478190691170DAEA77722F",
  "PInvoke.User32.dll": "8BEDE38311ED4F27127290B81B8079FD",
  "PInvoke.Userenv.dll": "FEB7BCA90B8C905EC2F4BB0789847131",
  "PInvoke.UxTheme.dll": "8E683C016250CB719FDB9AAAFC22B3C5",
  "PInvoke.Windows.Core.dll": "90015440A44935208FFEA9BF61740651",
  "PInvoke.Windows.ShellScalingApi.dll": "F351B34B8C9183A51CADFDC279357C49",
  "PInvoke.WinUsb.dll": "9EB8A0280F2848D1A32B560A939F7336",
  "PInvoke.WtsApi32.dll": "341C94455D2E5893DBE4293D4D67AA4D",
  "Reloaded.Assembler.dll": "D303220B4AD2644A6E6C780F8F174990",
  "Reloaded.Hooks.Definitions.dll": "1047E80B1F3625AF214A613947C804C5",
  "Reloaded.Hooks.dll": "E4430ABC25A3070D7A29E5B814CD2BD9",
  "Reloaded.Memory.Buffers.dll": "8F172F65841C5E2794839EC506415086",
  "Reloaded.Memory.dll": "767630B0BD18A3419C065579FA0CD4D9",
  "revision.txt": "E84401AD27C4CFB9815776EB9432FF17",
  "SDL2-CS.config": "65557595FD5DF55D93B2BF881DE62C3A",
  "SDL2-CS.dll": "6C49170AC7F859299A87137556A02949",
  "Serilog.dll": "BA23EAB2899A4D19B2139EF5FAE680AA",
  "Serilog.Sinks.Async.dll": "DED46F0715E15326583502D2A19BE240",
  "Serilog.Sinks.Console.dll": "875D2F3432D505F9509CDF48B9278A66",
  "Serilog.Sinks.File.dll": "D88C9AC653C09C1FD46CBF5A6411D1A4",
  "SharpDX.Direct3D11.dll": "1EF097D5570456088777D91E8F0F1C1F",
  "SharpDX.dll": "EFDAE63C67D48968744D8D7A68CA3B68",
  "SharpDX.DXGI.dll": "88337631B0A8CD5E00419913563AB450",
  "SharpDX.Mathematics.dll": "CAC5296A4B0AB02E5C4E52C333A84FFB",
  "Silk.NET.Core.dll": "058F37853154852FA2F2AB426DF92556",
  "Silk.NET.GLFW.dll": "E3B9D02579557DFD22CFE65A2689C1F1",
  "Silk.NET.Maths.dll": "F69B9AEBECA706806A264E705675C40A",
  "Silk.NET.OpenGL.dll": "E36421286A0E8101EB975327D8416594",
  "Silk.NET.SDL.dll": "F8F1B60D8100FD21B7B37D6DD0D282C0",
  "Silk.NET.Windowing.Common.dll": "2723191C3A8E503800966E826DA2B2E1",
  "Silk.NET.Windowing.Glfw.dll": "78079B93703819CD1B0C909BC5A91240",
  "Silk.NET.Windowing.Sdl.dll": "A6F0D11BECCD280E864E399CA09463F1",
  "SQLite-net.dll": "EB06EB6A5616AF172304FFF0A8AB31EE",
  "SQLitePCLRaw.batteries_v2.dll": "7C949159490722698FFFEEB396DC9473",
  "SQLitePCLRaw.core.dll": "E4F7E6156ADB53AE48F2333EB3D852F2",
  "SQLitePCLRaw.nativelibrary.dll": "8C11C923152378301A39332655FA2D22",
  "SQLitePCLRaw.provider.dynamic_cdecl.dll": "5A692C894525A55ACFF0EEA001ABACC9",
  "StbiSharp.dll": "9F3B3057D47F4232982C00E61700D5DA",
  "System.Reactive.dll": "EF5A00287AD15393D41B12AA4B726FF7",
  "System.Reflection.MetadataLoadContext.dll": "E88E3AF6D37736F339022C9ACC5F2F7B",
  "System.Security.Cryptography.Pkcs.dll": "8950E01996A37E808BE3F39063C37BF9",
  "TEMP_gitver.txt": "196A59D5CFC1ECC177E75D79DC9A8C51",
  "TerraFX.Interop.Windows.dll": "84F7EF6B0DE91F8CC23F773D3FD6DEC0",
  "Validation.dll": "1BD02D60D198AB8953DE10172C0FC0FC"
}
