{
  "runtimes\\alpine-x64\\native\\libe_sqlite3.so": "39C244FEDBCD3DFC37041D4FCE1AE21D",
  "runtimes\\linux-arm\\native\\libe_sqlite3.so": "96CF54BC0EFB83D6E3F5F3E04997A59D",
  "runtimes\\linux-arm64\\native\\libe_sqlite3.so": "F079E55E7F3F9966A4A2052A3234E068",
  "runtimes\\linux-armel\\native\\libe_sqlite3.so": "C5A67D49434FC65D64E9C15778078C76",
  "runtimes\\linux-mips64\\native\\libe_sqlite3.so": "5F8461214089CFC677D46C19B7162161",
  "runtimes\\linux-musl-x64\\native\\libe_sqlite3.so": "39C244FEDBCD3DFC37041D4FCE1AE21D",
  "runtimes\\linux-x64\\native\\libe_sqlite3.so": "6F49C540D3AB9964D67A4A704C3D262D",
  "runtimes\\linux-x64\\native\\libglfw.so.3": "9E3137144F68B9E9793F4C7AD5B1BEA7",
  "runtimes\\linux-x64\\native\\libSDL2-2.0.so": "99B95A708381FC66AB2370E45A260527",
  "runtimes\\linux-x64\\native\\libstbi.so": "0945355ED59677D06E3E88F48101BB26",
  "runtimes\\linux-x86\\native\\libe_sqlite3.so": "5E0659B414CBD6DDC38C65582485853E",
  "runtimes\\osx-x64\\native\\libe_sqlite3.dylib": "F82AE134FCD1C080A69D775591406673",
  "runtimes\\osx-x64\\native\\libglfw.3.dylib": "1E30FAB2F0C40E82290AD4B0BF14A880",
  "runtimes\\osx-x64\\native\\libSDL2-2.0.dylib": "AAC958490586C67395F0A90903AE3747",
  "runtimes\\osx-x64\\native\\libstbi.dylib": "0B84B0A6A80178266018081C3CAB68E6",
  "runtimes\\win-arm\\native\\e_sqlite3.dll": "ED33E1D214D2E53BF2A1277B9BEA6E90",
  "runtimes\\win-arm64\\native\\e_sqlite3.dll": "90F744022B60034D92910691E5F21688",
  "runtimes\\win-x64\\native\\cimgui.dll": "737BCC33CDE035D4DED0266416975911",
  "runtimes\\win-x64\\native\\cimguizmo.dll": "CB8DEB2CA2DD65538B2325C1DDC1D731",
  "runtimes\\win-x64\\native\\cimplot.dll": "06D6A5054E34B4BEC18B33B9F4A2E78F",
  "runtimes\\win-x64\\native\\e_sqlite3.dll": "8344B346DF46DFFE16711846348C6CD3",
  "runtimes\\win-x64\\native\\glfw3.dll": "E518CFDA7DE0A901F045488A1C177154",
  "runtimes\\win-x64\\native\\minhook.x64d.dll": "6B6E3134816383D5EE41C79E7262177C",
  "runtimes\\win-x64\\native\\SDL2.dll": "0526769CC85717A30671D697CB6196FE",
  "runtimes\\win-x64\\native\\stbi.dll": "7F95B81C6041395AA657CD2F6E2256A6",
  "runtimes\\win-x64\\native\\stbi.lib": "927C214DE576219E1F80DBE7798A0502",
  "runtimes\\win-x86\\native\\e_sqlite3.dll": "1DC4C8A5E92F83AB01CDFD94BED6E3EC",
  "runtimes\\win-x86\\native\\glfw3.dll": "8D9D6C2AF3DAFE4D86E8CB1A642FE1E7",
  "runtimes\\win-x86\\native\\SDL2.dll": "AF5292CE8D5696DFA67B8E1C404D988E",
  "targets\\Dalamud.Plugin.Bootstrap.targets": "C85635161398CD9852CF7212DB7EB904",
  "targets\\Dalamud.Plugin.targets": "69D15EDFB3D4F0BEE3A099216E4DE057",
  "BitFaster.Caching.dll": "DD99E8603687F3AA32A08F6EBF0023FC",
  "CheapLoc.dll": "D4B220A237D2F37B4D705370C8FBA2D7",
  "commit_hash.txt": "C551CEE361A4DA87F3EBFEFFD4AE7169",
  "Costura.dll": "7A2329B1F08C0F475466AFBCE9D9A343",
  "Dalamud.Boot.dll": "6780D9D77FAD8469ACFD091AA279DA2B",
  "Dalamud.Common.dll": "BB6A2D37C56AF2C797B1FC68F37D2C16",
  "Dalamud.deps.json": "F3F4FF2ADC418A371923FB74C5466CDB",
  "Dalamud.dll": "70C4F4C9595C4B89FCE6CBDE65363267",
  "Dalamud.Injector.deps.json": "E30B9BD40106FFC14A5274A670979EDF",
  "Dalamud.Injector.dll": "DA0FD6F735B3D9A2DCBD92FB9873DE26",
  "Dalamud.Injector.exe": "AB0F55F2BE57684307724113B97B7DF6",
  "Dalamud.Injector.runtimeconfig.json": "B9BB65FFE7924D4D8BABE9FA66303200",
  "Dalamud.Injector.xml": "D41E5DF541D19A015215E777D7395C9C",
  "Dalamud.runtimeconfig.json": "2A9CD915428BDD175E0889BD0C225F75",
  "Dalamud.xml": "CC52AA1ABAD0DE2BF1C4E57AD9F1EE01",
  "DalamudCrashHandler.exe": "DA9A8E367EBDB9FE0FDAC240303053C7",
  "FASM-LICENSE.TXT": "ECEA1D10811221D5F0A3E96F9C38E2C7",
  "FASM.DLL": "263FA3A3BCD6A8B264CAD73DB8F1377D",
  "FASMX64.DLL": "16020E5A60EFDF48BE8CDB8921EBC40A",
  "FFXIVClientStructs.dll": "E460B569CC6DC74970CAC0D3E5C7BD31",
  "FFXIVClientStructs.xml": "713689767F45D705BC91A09E21C9FF09",
  "goaaats.Reloaded.Assembler.targets": "CC22CB0A353E2136EE9E6E96DB9F7164",
  "Iced.dll": "C9E2B1CD3BFE753817B31068A1955B55",
  "ImGui.NET.dll": "B4FB33DA398E6A73B90800DCD22C9EF3",
  "ImGuiScene.dll": "60EA15DD46B587CCE4E407FFF1A9CBBE",
  "InteropGenerator.Runtime.dll": "7D637CDF12601BF8060A1D1516D48FBC",
  "JetBrains.Annotations.dll": "4EFED21DA0E92B94EC3533DA6DFE4E23",
  "licenses.txt": "A159BE62AA91178EFC3E3983AE874D1D",
  "Lumina.dll": "31BDC014E4DD44222EE83D5A4CA2AAF9",
  "Lumina.Excel.dll": "2AE7C10CC0B8FC27AE96383C6987E911",
  "Microsoft.Bcl.HashCode.dll": "613AB56061ADF2284E047025207467E0",
  "Microsoft.DotNet.PlatformAbstractions.dll": "00AB0F02B1114C57C758F5AD595224F1",
  "Microsoft.Extensions.DependencyModel.dll": "F39BC76C10CFEA478C936FC4521A9FC9",
  "Microsoft.Extensions.ObjectPool.dll": "FEE3CE8A84417360CC5ED787ED6F7DB1",
  "MinSharp.dll": "CA7BA07FD4A7EDF3A00C541211105EDD",
  "Mono.Cecil.dll": "55E771177EFBB2EE1D83EDECFA58195A",
  "Mono.Cecil.Mdb.dll": "9CADC7221B8765DBD0A0C67D5240AF06",
  "Mono.Cecil.Pdb.dll": "D8EFE54CAB74DA02BF5560F271E3974A",
  "Mono.Cecil.Rocks.dll": "04779ED4E0B5DB011AB48E267B46E0FB",
  "nethost.dll": "21F39F71E2F4B5BA9FB3F126872F2F9B",
  "Newtonsoft.Json.dll": "ADF3E3EECDE20B7C9661E9C47106A14A",
  "PeNet.Asn1.dll": "30FA285630259962627D943862818985",
  "PeNet.dll": "9A32C0677CF2F463A0771EA042174358",
  "PInvoke.AdvApi32.dll": "34EE461D05B403C3A15D0DEC32A3788C",
  "PInvoke.BCrypt.dll": "FD07758EE1440491F22923084109FF26",
  "PInvoke.Cabinet.dll": "333D950E3804735DA60CC41D614C63E2",
  "PInvoke.CfgMgr32.dll": "768BE7CC18EDCF78B296A72ABE891691",
  "PInvoke.Crypt32.dll": "E7B00B0851738F4A7F2C6D37DAA973B4",
  "PInvoke.DbgHelp.dll": "E701136169620D20E3A70B560DE20E44",
  "PInvoke.DwmApi.dll": "ACF223CC8962404056648815B486F7D9",
  "PInvoke.Gdi32.dll": "69FF434826F98582CE44D3136ECFFACB",
  "PInvoke.Hid.dll": "2E7A41257F8AD9B26073181F450CD8E5",
  "PInvoke.ImageHlp.dll": "79BE816E8D86EA66489D7780DD675D49",
  "PInvoke.IPHlpApi.dll": "E949FA3326D1BA8872B179AB4EE49D38",
  "PInvoke.Kernel32.dll": "234E15B122ED430DE99490CA1A204958",
  "PInvoke.Magnification.dll": "C9EA3D34F506741ECC044DB19C151F09",
  "PInvoke.Msi.dll": "69EE50CE2DA6B55755E52589F49A7EBC",
  "PInvoke.NCrypt.dll": "DA1DE76C14D99370CA3BEF19DC299B15",
  "PInvoke.NetApi32.dll": "AE79F9FA2E3864A5E0642AE4622ECDC5",
  "PInvoke.NewDev.dll": "B3E1992105D986EF9C5C8E4B630FBB07",
  "PInvoke.NTDll.dll": "3F6BDF840EB27DD0FD9EB8071822183A",
  "PInvoke.Ole32.dll": "3C49FB100B60519FFE725BCD12A538F6",
  "PInvoke.Psapi.dll": "A7683EE4B880227F01C8AE632A892B9E",
  "PInvoke.SetupApi.dll": "1B7AE321185D0081D1759A9AD829F9BA",
  "PInvoke.SHCore.dll": "F27E7F063D51480F6D2294C903E4A606",
  "PInvoke.Shell32.dll": "F71A1BCAF6478190691170DAEA77722F",
  "PInvoke.User32.dll": "8BEDE38311ED4F27127290B81B8079FD",
  "PInvoke.Userenv.dll": "FEB7BCA90B8C905EC2F4BB0789847131",
  "PInvoke.UxTheme.dll": "8E683C016250CB719FDB9AAAFC22B3C5",
  "PInvoke.Windows.Core.dll": "90015440A44935208FFEA9BF61740651",
  "PInvoke.Windows.ShellScalingApi.dll": "F351B34B8C9183A51CADFDC279357C49",
  "PInvoke.WinUsb.dll": "9EB8A0280F2848D1A32B560A939F7336",
  "PInvoke.WtsApi32.dll": "341C94455D2E5893DBE4293D4D67AA4D",
  "Reloaded.Assembler.dll": "87CC6BBF0E2E8139BF5D1898AA1A197A",
  "Reloaded.Hooks.Definitions.dll": "D310DBE4CB7A8124ABC73C9AB26CDA3A",
  "Reloaded.Hooks.dll": "7A4B52E797E8EDC2B7958345EF424B11",
  "Reloaded.Memory.Buffers.dll": "4B74D8139C893EC0DA4F940AAC21B725",
  "Reloaded.Memory.dll": "67D63B491C73E82D7FF2F6F01E8B8C34",
  "revision.txt": "D7B431B1A0CC5F032399870FF4710743",
  "SDL2-CS.config": "65557595FD5DF55D93B2BF881DE62C3A",
  "SDL2-CS.dll": "D5A579E7C49B76B7144D6695247CC787",
  "Serilog.dll": "F632CB762C7812C4B60D11D5BF1D762F",
  "Serilog.Sinks.Async.dll": "91636BDFDCFD7EC31B5C1531A3F017CF",
  "Serilog.Sinks.Console.dll": "8365670CFEA14EA5A13699AC37C36BD5",
  "Serilog.Sinks.File.dll": "1D40377F0CAE77873C4E5152A84B483B",
  "SharpDX.Direct3D11.dll": "1E0FBFDB753D240E9C5DAF6019B31A0D",
  "SharpDX.dll": "8BAEB7E3440E5F0D8B10667A0613EC74",
  "SharpDX.DXGI.dll": "D7EA5E2D1C1349BB50ACC1A0BE8058B1",
  "SharpDX.Mathematics.dll": "212F08CF8C8455C661B1C50B54112742",
  "Silk.NET.Core.dll": "24A15D29955084197F98CE6119FA7E6D",
  "Silk.NET.GLFW.dll": "7A49B825CE814B1D074086A4BE8D82B1",
  "Silk.NET.Maths.dll": "1AFF0B28180F14200D9A47E04706E0F3",
  "Silk.NET.OpenGL.dll": "F34D5FB422A47C0A497C32F7E608917E",
  "Silk.NET.SDL.dll": "55125119FB2526D67A3901240E270216",
  "Silk.NET.Windowing.Common.dll": "8C06082410731FAAB84C0DD581211493",
  "Silk.NET.Windowing.Glfw.dll": "4DB9C58C8FC024F4C338FDC468C2C6B7",
  "Silk.NET.Windowing.Sdl.dll": "93079E729081A88295385BBA151C52E2",
  "SQLite-net.dll": "9FE5DCBCC4773D3017A00F8A29EA457A",
  "SQLitePCLRaw.batteries_v2.dll": "9F5C7E37AF83E0E4A3C588569759E6FC",
  "SQLitePCLRaw.core.dll": "254866C6A238DCD198E022D49DD72330",
  "SQLitePCLRaw.nativelibrary.dll": "DCAD914E08F85A5E697FC4CE8EEAFB74",
  "SQLitePCLRaw.provider.dynamic_cdecl.dll": "D6EDD6D5E48EB9FE85B4931386BBDDC6",
  "StbiSharp.dll": "7A1EF9723898206EF4A3C408EB9E673A",
  "System.Reactive.dll": "EF5A00287AD15393D41B12AA4B726FF7",
  "System.Reflection.MetadataLoadContext.dll": "E88E3AF6D37736F339022C9ACC5F2F7B",
  "System.Security.Cryptography.Pkcs.dll": "8950E01996A37E808BE3F39063C37BF9",
  "TEMP_gitver.txt": "8C126781954D6D13E31C09BC2329DFA1",
  "TerraFX.Interop.Windows.dll": "84F7EF6B0DE91F8CC23F773D3FD6DEC0",
  "Validation.dll": "E049D66B671C2FEDBBC5693388F31890"
}
