{
  "runtimes\\alpine-x64\\native\\libe_sqlite3.so": "39C244FEDBCD3DFC37041D4FCE1AE21D",
  "runtimes\\linux-arm\\native\\libe_sqlite3.so": "96CF54BC0EFB83D6E3F5F3E04997A59D",
  "runtimes\\linux-arm64\\native\\libe_sqlite3.so": "F079E55E7F3F9966A4A2052A3234E068",
  "runtimes\\linux-armel\\native\\libe_sqlite3.so": "C5A67D49434FC65D64E9C15778078C76",
  "runtimes\\linux-mips64\\native\\libe_sqlite3.so": "5F8461214089CFC677D46C19B7162161",
  "runtimes\\linux-musl-x64\\native\\libe_sqlite3.so": "39C244FEDBCD3DFC37041D4FCE1AE21D",
  "runtimes\\linux-x64\\native\\libe_sqlite3.so": "6F49C540D3AB9964D67A4A704C3D262D",
  "runtimes\\linux-x64\\native\\libglfw.so.3": "9E3137144F68B9E9793F4C7AD5B1BEA7",
  "runtimes\\linux-x64\\native\\libSDL2-2.0.so": "99B95A708381FC66AB2370E45A260527",
  "runtimes\\linux-x64\\native\\libstbi.so": "0945355ED59677D06E3E88F48101BB26",
  "runtimes\\linux-x86\\native\\libe_sqlite3.so": "5E0659B414CBD6DDC38C65582485853E",
  "runtimes\\osx-x64\\native\\libe_sqlite3.dylib": "F82AE134FCD1C080A69D775591406673",
  "runtimes\\osx-x64\\native\\libglfw.3.dylib": "1E30FAB2F0C40E82290AD4B0BF14A880",
  "runtimes\\osx-x64\\native\\libSDL2-2.0.dylib": "AAC958490586C67395F0A90903AE3747",
  "runtimes\\osx-x64\\native\\libstbi.dylib": "0B84B0A6A80178266018081C3CAB68E6",
  "runtimes\\win-arm\\native\\e_sqlite3.dll": "8746FDE5C42AD579D152F3A80BC16931",
  "runtimes\\win-arm64\\native\\e_sqlite3.dll": "870A600C3011751A4CFF1325F14CD063",
  "runtimes\\win-x64\\native\\cimgui.dll": "0AC9AA38EB328398E302F4F4CC951441",
  "runtimes\\win-x64\\native\\cimguizmo.dll": "05C3175559BC817820CD698269C7DB72",
  "runtimes\\win-x64\\native\\cimplot.dll": "CA846B3BA3D2DC1C02C6602F2B23A569",
  "runtimes\\win-x64\\native\\e_sqlite3.dll": "192F53C5C480504594A8ABBE504B7D9F",
  "runtimes\\win-x64\\native\\glfw3.dll": "AC80408A6A30F71486946B12BDA6E66C",
  "runtimes\\win-x64\\native\\minhook.x64d.dll": "FB16ED1C1238F2435F0B136BBA938D54",
  "runtimes\\win-x64\\native\\SDL2.dll": "6E7A71637A50B77FC9A5B0AFD9C889A1",
  "runtimes\\win-x64\\native\\stbi.dll": "10957619E2A6D5EC973644E261CABEA6",
  "runtimes\\win-x64\\native\\stbi.lib": "927C214DE576219E1F80DBE7798A0502",
  "runtimes\\win-x86\\native\\e_sqlite3.dll": "5ED13199A4086705360A9E3D5178E295",
  "runtimes\\win-x86\\native\\glfw3.dll": "E85BE006AC560E2A9294B71D7A3531DD",
  "runtimes\\win-x86\\native\\SDL2.dll": "BDCA88E6CC3964A84F64CF704BD81C87",
  "targets\\Dalamud.Plugin.Bootstrap.targets": "C85635161398CD9852CF7212DB7EB904",
  "targets\\Dalamud.Plugin.targets": "69D15EDFB3D4F0BEE3A099216E4DE057",
  "BitFaster.Caching.dll": "EEBD1B41AD9B80059654FB9A05CE8B06",
  "CheapLoc.dll": "C3F5B82C371F1A01E6B5622A1C812595",
  "commit_hash.txt": "C551CEE361A4DA87F3EBFEFFD4AE7169",
  "Costura.dll": "04B2C9FD4B90180314192898B2329DD6",
  "Dalamud.Boot.dll": "EC1D8AEEFF0D7C549A51564FD6A97E1E",
  "Dalamud.Common.dll": "0D31FDA1E69AD4F968C1538A02E011EB",
  "Dalamud.deps.json": "F3F4FF2ADC418A371923FB74C5466CDB",
  "Dalamud.dll": "8A808DE60EE64E4D4AE56F73D56E70F2",
  "Dalamud.Injector.deps.json": "E30B9BD40106FFC14A5274A670979EDF",
  "Dalamud.Injector.dll": "7B9F93AF4132E9FBD4F2AF12B9FAFCB7",
  "Dalamud.Injector.exe": "5ADB2C4AA9C6256FC26110CF981E2A40",
  "Dalamud.Injector.runtimeconfig.json": "B9BB65FFE7924D4D8BABE9FA66303200",
  "Dalamud.Injector.xml": "D41E5DF541D19A015215E777D7395C9C",
  "Dalamud.runtimeconfig.json": "2A9CD915428BDD175E0889BD0C225F75",
  "Dalamud.xml": "CC52AA1ABAD0DE2BF1C4E57AD9F1EE01",
  "DalamudCrashHandler.exe": "6C1BDB1BF1155230753CC2F26ADE13D6",
  "FASM-LICENSE.TXT": "ECEA1D10811221D5F0A3E96F9C38E2C7",
  "FASM.DLL": "FB2949E9170491E73ACEEF4048803CFA",
  "FASMX64.DLL": "52C444AC0BE1FD8B3D5711DC06702FB1",
  "FFXIVClientStructs.dll": "37EEC5ACE1C349BD9082600968478FD3",
  "FFXIVClientStructs.xml": "713689767F45D705BC91A09E21C9FF09",
  "goaaats.Reloaded.Assembler.targets": "CC22CB0A353E2136EE9E6E96DB9F7164",
  "Iced.dll": "A0A893D3114FEE4FFBFB9BEA0A969740",
  "ImGui.NET.dll": "F7760CCE0A2AB3C27F282412122B122D",
  "ImGuiScene.dll": "D330515DCAD53D8591557DF58ADA056B",
  "InteropGenerator.Runtime.dll": "D3709C22F85334166D6486316F949F51",
  "JetBrains.Annotations.dll": "21A0AD46969615811A4EBEEB5506EB24",
  "licenses.txt": "A159BE62AA91178EFC3E3983AE874D1D",
  "Lumina.dll": "8F7970D4B63649C1E9A4B85A03CBE655",
  "Lumina.Excel.dll": "F347FCB0DBE39690213A4829B63523C9",
  "Microsoft.Bcl.HashCode.dll": "613AB56061ADF2284E047025207467E0",
  "Microsoft.DotNet.PlatformAbstractions.dll": "00AB0F02B1114C57C758F5AD595224F1",
  "Microsoft.Extensions.DependencyModel.dll": "F39BC76C10CFEA478C936FC4521A9FC9",
  "Microsoft.Extensions.ObjectPool.dll": "FEE3CE8A84417360CC5ED787ED6F7DB1",
  "MinSharp.dll": "47B0F5F2C23B4E0D163D8A15D6E75BEE",
  "Mono.Cecil.dll": "7AF00E8C1F3DFF20E8104671CBD399E5",
  "Mono.Cecil.Mdb.dll": "9871A663CAEB5C8963D82D308751DB8B",
  "Mono.Cecil.Pdb.dll": "9CB5FA539D43DC0AC787082B7E965029",
  "Mono.Cecil.Rocks.dll": "E4A9A5668E7B29AC9867FCA7B73ECCCF",
  "nethost.dll": "21F39F71E2F4B5BA9FB3F126872F2F9B",
  "Newtonsoft.Json.dll": "ADF3E3EECDE20B7C9661E9C47106A14A",
  "PeNet.Asn1.dll": "5EC480D340E1D54D7DFF4C636B255A0C",
  "PeNet.dll": "98D23C9CF8019F1E88C63BDEFD7ED5A3",
  "PInvoke.AdvApi32.dll": "34EE461D05B403C3A15D0DEC32A3788C",
  "PInvoke.BCrypt.dll": "FD07758EE1440491F22923084109FF26",
  "PInvoke.Cabinet.dll": "333D950E3804735DA60CC41D614C63E2",
  "PInvoke.CfgMgr32.dll": "768BE7CC18EDCF78B296A72ABE891691",
  "PInvoke.Crypt32.dll": "E7B00B0851738F4A7F2C6D37DAA973B4",
  "PInvoke.DbgHelp.dll": "E701136169620D20E3A70B560DE20E44",
  "PInvoke.DwmApi.dll": "ACF223CC8962404056648815B486F7D9",
  "PInvoke.Gdi32.dll": "69FF434826F98582CE44D3136ECFFACB",
  "PInvoke.Hid.dll": "2E7A41257F8AD9B26073181F450CD8E5",
  "PInvoke.ImageHlp.dll": "79BE816E8D86EA66489D7780DD675D49",
  "PInvoke.IPHlpApi.dll": "E949FA3326D1BA8872B179AB4EE49D38",
  "PInvoke.Kernel32.dll": "234E15B122ED430DE99490CA1A204958",
  "PInvoke.Magnification.dll": "C9EA3D34F506741ECC044DB19C151F09",
  "PInvoke.Msi.dll": "69EE50CE2DA6B55755E52589F49A7EBC",
  "PInvoke.NCrypt.dll": "DA1DE76C14D99370CA3BEF19DC299B15",
  "PInvoke.NetApi32.dll": "AE79F9FA2E3864A5E0642AE4622ECDC5",
  "PInvoke.NewDev.dll": "B3E1992105D986EF9C5C8E4B630FBB07",
  "PInvoke.NTDll.dll": "3F6BDF840EB27DD0FD9EB8071822183A",
  "PInvoke.Ole32.dll": "3C49FB100B60519FFE725BCD12A538F6",
  "PInvoke.Psapi.dll": "A7683EE4B880227F01C8AE632A892B9E",
  "PInvoke.SetupApi.dll": "1B7AE321185D0081D1759A9AD829F9BA",
  "PInvoke.SHCore.dll": "F27E7F063D51480F6D2294C903E4A606",
  "PInvoke.Shell32.dll": "F71A1BCAF6478190691170DAEA77722F",
  "PInvoke.User32.dll": "8BEDE38311ED4F27127290B81B8079FD",
  "PInvoke.Userenv.dll": "FEB7BCA90B8C905EC2F4BB0789847131",
  "PInvoke.UxTheme.dll": "8E683C016250CB719FDB9AAAFC22B3C5",
  "PInvoke.Windows.Core.dll": "90015440A44935208FFEA9BF61740651",
  "PInvoke.Windows.ShellScalingApi.dll": "F351B34B8C9183A51CADFDC279357C49",
  "PInvoke.WinUsb.dll": "9EB8A0280F2848D1A32B560A939F7336",
  "PInvoke.WtsApi32.dll": "341C94455D2E5893DBE4293D4D67AA4D",
  "Reloaded.Assembler.dll": "50646588AF257E9422D2CC1EEC182AC7",
  "Reloaded.Hooks.Definitions.dll": "51AF8DC3FE32B39546DDAE2BC14A5A25",
  "Reloaded.Hooks.dll": "236ACEAE6834754E4DBA5FBE4DCA8596",
  "Reloaded.Memory.Buffers.dll": "81827DCC960D173499EEC2FFDF3919E6",
  "Reloaded.Memory.dll": "6C77436E7259C878C0DFA82BBB87DC05",
  "revision.txt": "D7B431B1A0CC5F032399870FF4710743",
  "SDL2-CS.config": "65557595FD5DF55D93B2BF881DE62C3A",
  "SDL2-CS.dll": "52648595C0F15151FD6F72EC61FA0301",
  "Serilog.dll": "3B197451E9D0C565558F4EE95CD06F3C",
  "Serilog.Sinks.Async.dll": "3C34453E59A76A4BCA7AC9213ABE5BB3",
  "Serilog.Sinks.Console.dll": "40AA293A9DF0FD379F60024F323EFFBD",
  "Serilog.Sinks.File.dll": "7983CDCA579E8AED4A472073B63A8357",
  "SharpDX.Direct3D11.dll": "DC5E341802CE70DAE2BF10B4101A63BE",
  "SharpDX.dll": "4CCB39A9411629F81D8515761BF11704",
  "SharpDX.DXGI.dll": "280C4E13BA7470DFB95BC4B48175CAD1",
  "SharpDX.Mathematics.dll": "C74882970D709EFB4BAF17FCD184EBDA",
  "Silk.NET.Core.dll": "6DACDE2097C2F526A64C575BB9ABDE9D",
  "Silk.NET.GLFW.dll": "3C02633C41E12CE1DEBB4385ACC5108A",
  "Silk.NET.Maths.dll": "91807B01151D4C0E57E61B242C456E57",
  "Silk.NET.OpenGL.dll": "C5E9E3DEC23E422763E81F4A6EE720D0",
  "Silk.NET.SDL.dll": "743B9A51EC757E11E2BE01DBFAF5AE1F",
  "Silk.NET.Windowing.Common.dll": "55788B36D8E4767DABBFC1FF50031CBE",
  "Silk.NET.Windowing.Glfw.dll": "EB8BFACC4EA5A2EA0586938DB6F9C4C4",
  "Silk.NET.Windowing.Sdl.dll": "F4F5B9DB4D6F04DBB7AAED1FBBDB7D0B",
  "SQLite-net.dll": "215DE2C2A96F990F160172AFE6E303B5",
  "SQLitePCLRaw.batteries_v2.dll": "299880E7C36F63FE72F0B81BA4537113",
  "SQLitePCLRaw.core.dll": "B6E767B4AA4FFA5AA9DF58C3D612677D",
  "SQLitePCLRaw.nativelibrary.dll": "7B7EA49ABD63260E2366A524B46A2B38",
  "SQLitePCLRaw.provider.dynamic_cdecl.dll": "EDD55218743D38C7FB4BF7417D49CF0F",
  "StbiSharp.dll": "AE3B707574531D849EC42FBCDEA54239",
  "System.Reactive.dll": "EF5A00287AD15393D41B12AA4B726FF7",
  "System.Reflection.MetadataLoadContext.dll": "E88E3AF6D37736F339022C9ACC5F2F7B",
  "System.Security.Cryptography.Pkcs.dll": "8950E01996A37E808BE3F39063C37BF9",
  "TEMP_gitver.txt": "90E8202FDFA666161C25435C27544629",
  "TerraFX.Interop.Windows.dll": "84F7EF6B0DE91F8CC23F773D3FD6DEC0",
  "Validation.dll": "12B21A15529C3231DFDC733F60BE45A5"
}
