{
  "runtimes\\alpine-x64\\native\\libe_sqlite3.so": "39C244FEDBCD3DFC37041D4FCE1AE21D",
  "runtimes\\linux-arm\\native\\libe_sqlite3.so": "96CF54BC0EFB83D6E3F5F3E04997A59D",
  "runtimes\\linux-arm64\\native\\libe_sqlite3.so": "F079E55E7F3F9966A4A2052A3234E068",
  "runtimes\\linux-armel\\native\\libe_sqlite3.so": "C5A67D49434FC65D64E9C15778078C76",
  "runtimes\\linux-mips64\\native\\libe_sqlite3.so": "5F8461214089CFC677D46C19B7162161",
  "runtimes\\linux-musl-x64\\native\\libe_sqlite3.so": "39C244FEDBCD3DFC37041D4FCE1AE21D",
  "runtimes\\linux-x64\\native\\libe_sqlite3.so": "6F49C540D3AB9964D67A4A704C3D262D",
  "runtimes\\linux-x64\\native\\libglfw.so.3": "9E3137144F68B9E9793F4C7AD5B1BEA7",
  "runtimes\\linux-x64\\native\\libSDL2-2.0.so": "99B95A708381FC66AB2370E45A260527",
  "runtimes\\linux-x64\\native\\libstbi.so": "0945355ED59677D06E3E88F48101BB26",
  "runtimes\\linux-x86\\native\\libe_sqlite3.so": "5E0659B414CBD6DDC38C65582485853E",
  "runtimes\\osx-x64\\native\\libe_sqlite3.dylib": "F82AE134FCD1C080A69D775591406673",
  "runtimes\\osx-x64\\native\\libglfw.3.dylib": "1E30FAB2F0C40E82290AD4B0BF14A880",
  "runtimes\\osx-x64\\native\\libSDL2-2.0.dylib": "AAC958490586C67395F0A90903AE3747",
  "runtimes\\osx-x64\\native\\libstbi.dylib": "0B84B0A6A80178266018081C3CAB68E6",
  "runtimes\\win-arm\\native\\e_sqlite3.dll": "9772807314792F0C37C2812F1133A7AD",
  "runtimes\\win-arm64\\native\\e_sqlite3.dll": "23B9892E31623AF486994BCED4B335A5",
  "runtimes\\win-x64\\native\\cimgui.dll": "B51F8B6716FB435E0109D895041D95EB",
  "runtimes\\win-x64\\native\\cimguizmo.dll": "682B7E509ECB09E60F82C7FDEFD9056B",
  "runtimes\\win-x64\\native\\cimplot.dll": "D46A41EF46774941E70C0EDB31866B03",
  "runtimes\\win-x64\\native\\e_sqlite3.dll": "53D8DB56E06473A26DBABB0E083A406D",
  "runtimes\\win-x64\\native\\glfw3.dll": "328A3FF772A643FAFF6A6FC9FA8770B1",
  "runtimes\\win-x64\\native\\minhook.x64d.dll": "81EC989B0C6C9F91A668A59E148264DE",
  "runtimes\\win-x64\\native\\SDL2.dll": "C1390F7E16310B633BDC39CF76A37DB5",
  "runtimes\\win-x64\\native\\stbi.dll": "315F4CE7A7CBEFA97870883F790623DC",
  "runtimes\\win-x64\\native\\stbi.lib": "927C214DE576219E1F80DBE7798A0502",
  "runtimes\\win-x86\\native\\e_sqlite3.dll": "BCE1E7364EE416E6C8BB6DAD9EC217FB",
  "runtimes\\win-x86\\native\\glfw3.dll": "8DEBE0EC1F5F91AA32D70BC0B0338BB9",
  "runtimes\\win-x86\\native\\SDL2.dll": "77E31C8192B90608C5418F3572B7CA9C",
  "targets\\Dalamud.Plugin.Bootstrap.targets": "C85635161398CD9852CF7212DB7EB904",
  "targets\\Dalamud.Plugin.targets": "69D15EDFB3D4F0BEE3A099216E4DE057",
  "BitFaster.Caching.dll": "9559DBBF3FC1D95501D1A47E0CBFD89E",
  "CheapLoc.dll": "031EF36546E1933F730AC0867087F34D",
  "commit_hash.txt": "1917FBC76F63DC7E7F959375B3A9FEB8",
  "Costura.dll": "7F9D557CB099B1FB307DC5C00C9FA903",
  "Dalamud.Boot.dll": "A5A87A43364FEC15452CEBF3D5395827",
  "Dalamud.Common.dll": "E8A61FD3133BB6ADA3C23B37E2481351",
  "Dalamud.deps.json": "946C56EE79CF7B377DC9A3C921DA84BC",
  "Dalamud.dll": "BB4C7218517D02971D438BD9698DAD06",
  "Dalamud.Injector.deps.json": "E30B9BD40106FFC14A5274A670979EDF",
  "Dalamud.Injector.dll": "B461CE79FBCEE8B862742B277525AD54",
  "Dalamud.Injector.exe": "BD870ACE7D8D1ACE160660181C83A09A",
  "Dalamud.Injector.runtimeconfig.json": "B9BB65FFE7924D4D8BABE9FA66303200",
  "Dalamud.Injector.xml": "D41E5DF541D19A015215E777D7395C9C",
  "Dalamud.runtimeconfig.json": "2A9CD915428BDD175E0889BD0C225F75",
  "Dalamud.xml": "CC52AA1ABAD0DE2BF1C4E57AD9F1EE01",
  "DalamudCrashHandler.exe": "2F1B08E90ECB05CE9921626289BF54B0",
  "FASM-LICENSE.TXT": "ECEA1D10811221D5F0A3E96F9C38E2C7",
  "FASM.DLL": "1E1DA2DE89AFDD403542259432DEAF76",
  "FASMX64.DLL": "F1F17CB6D2EF8AFA814F86C40D6BA16D",
  "FFXIVClientStructs.dll": "3ABEF86F5E4EC4933B6F62E5ED376A6C",
  "FFXIVClientStructs.xml": "713689767F45D705BC91A09E21C9FF09",
  "goaaats.Reloaded.Assembler.targets": "CC22CB0A353E2136EE9E6E96DB9F7164",
  "Iced.dll": "13EBDF72A8984C97CA2432C2D754A476",
  "ImGui.NET.dll": "3103A819D23CB5876DF8C523F053F73B",
  "ImGuiScene.dll": "BD60195F53036CC1AB18B3CAB9873C38",
  "InteropGenerator.Runtime.dll": "E5FFAAE3EA8DDAC3FAA202E639CCCBD5",
  "JetBrains.Annotations.dll": "4BF504B7D6BDA19F175D56C3796E082D",
  "licenses.txt": "A159BE62AA91178EFC3E3983AE874D1D",
  "Lumina.dll": "9017803945588774134553E206F27699",
  "Lumina.Excel.dll": "FD3A2F08CFBB26685CC7D80C4EFBF1BA",
  "Microsoft.Bcl.HashCode.dll": "613AB56061ADF2284E047025207467E0",
  "Microsoft.DotNet.PlatformAbstractions.dll": "00AB0F02B1114C57C758F5AD595224F1",
  "Microsoft.Extensions.DependencyModel.dll": "F39BC76C10CFEA478C936FC4521A9FC9",
  "Microsoft.Extensions.ObjectPool.dll": "FEE3CE8A84417360CC5ED787ED6F7DB1",
  "MinSharp.dll": "655A168EA294167D38693EA22860F6E8",
  "Mono.Cecil.dll": "5409FE1E3441A13E04C84F131C963C4D",
  "Mono.Cecil.Mdb.dll": "5AD53F5159D86D496FE227FD3DC7A420",
  "Mono.Cecil.Pdb.dll": "EB38FF224B8896E10B7931F98FCBF4B4",
  "Mono.Cecil.Rocks.dll": "7892E1BDA59D8E64F0FF5D3EBA18E641",
  "nethost.dll": "21F39F71E2F4B5BA9FB3F126872F2F9B",
  "Newtonsoft.Json.dll": "ADF3E3EECDE20B7C9661E9C47106A14A",
  "PeNet.Asn1.dll": "36A39DB1277AD8CB385F28E65089AD12",
  "PeNet.dll": "B92E072A144149ABD0A36136F0165B1B",
  "PInvoke.AdvApi32.dll": "34EE461D05B403C3A15D0DEC32A3788C",
  "PInvoke.BCrypt.dll": "FD07758EE1440491F22923084109FF26",
  "PInvoke.Cabinet.dll": "333D950E3804735DA60CC41D614C63E2",
  "PInvoke.CfgMgr32.dll": "768BE7CC18EDCF78B296A72ABE891691",
  "PInvoke.Crypt32.dll": "E7B00B0851738F4A7F2C6D37DAA973B4",
  "PInvoke.DbgHelp.dll": "E701136169620D20E3A70B560DE20E44",
  "PInvoke.DwmApi.dll": "ACF223CC8962404056648815B486F7D9",
  "PInvoke.Gdi32.dll": "69FF434826F98582CE44D3136ECFFACB",
  "PInvoke.Hid.dll": "2E7A41257F8AD9B26073181F450CD8E5",
  "PInvoke.ImageHlp.dll": "79BE816E8D86EA66489D7780DD675D49",
  "PInvoke.IPHlpApi.dll": "E949FA3326D1BA8872B179AB4EE49D38",
  "PInvoke.Kernel32.dll": "234E15B122ED430DE99490CA1A204958",
  "PInvoke.Magnification.dll": "C9EA3D34F506741ECC044DB19C151F09",
  "PInvoke.Msi.dll": "69EE50CE2DA6B55755E52589F49A7EBC",
  "PInvoke.NCrypt.dll": "DA1DE76C14D99370CA3BEF19DC299B15",
  "PInvoke.NetApi32.dll": "AE79F9FA2E3864A5E0642AE4622ECDC5",
  "PInvoke.NewDev.dll": "B3E1992105D986EF9C5C8E4B630FBB07",
  "PInvoke.NTDll.dll": "3F6BDF840EB27DD0FD9EB8071822183A",
  "PInvoke.Ole32.dll": "3C49FB100B60519FFE725BCD12A538F6",
  "PInvoke.Psapi.dll": "A7683EE4B880227F01C8AE632A892B9E",
  "PInvoke.SetupApi.dll": "1B7AE321185D0081D1759A9AD829F9BA",
  "PInvoke.SHCore.dll": "F27E7F063D51480F6D2294C903E4A606",
  "PInvoke.Shell32.dll": "F71A1BCAF6478190691170DAEA77722F",
  "PInvoke.User32.dll": "8BEDE38311ED4F27127290B81B8079FD",
  "PInvoke.Userenv.dll": "FEB7BCA90B8C905EC2F4BB0789847131",
  "PInvoke.UxTheme.dll": "8E683C016250CB719FDB9AAAFC22B3C5",
  "PInvoke.Windows.Core.dll": "90015440A44935208FFEA9BF61740651",
  "PInvoke.Windows.ShellScalingApi.dll": "F351B34B8C9183A51CADFDC279357C49",
  "PInvoke.WinUsb.dll": "9EB8A0280F2848D1A32B560A939F7336",
  "PInvoke.WtsApi32.dll": "341C94455D2E5893DBE4293D4D67AA4D",
  "Reloaded.Assembler.dll": "942A4346A21EF526AC018BBD4E358E36",
  "Reloaded.Hooks.Definitions.dll": "A23ABF91EE06DFA2048B9B58AF2E55CD",
  "Reloaded.Hooks.dll": "8EC94CB81D8EBAAF40F3119EDC0A9CEB",
  "Reloaded.Memory.Buffers.dll": "18D581C48D8FACDB153595C8B0A3FBD7",
  "Reloaded.Memory.dll": "C36689DE2578FCC50DE94E851CD86075",
  "revision.txt": "D72A7ED33514158AE5E68ED6D80177B9",
  "SDL2-CS.config": "65557595FD5DF55D93B2BF881DE62C3A",
  "SDL2-CS.dll": "7D829148C437E2560D702AB4A8E28BD2",
  "Serilog.dll": "C2AF3113D65F98D99782D37AD86C67E8",
  "Serilog.Sinks.Async.dll": "E88261D57D7174FF618D5EEF8E1F4A3D",
  "Serilog.Sinks.Console.dll": "AF6E486C2299453C204473D165800515",
  "Serilog.Sinks.File.dll": "F3960058D6E35EEC51C0FFF4C3877F01",
  "SharpDX.Direct3D11.dll": "C96099DDAB25AE29EC37FF7F58FE54D0",
  "SharpDX.dll": "0A41BB1AEE906AB055FB9EE3A2168CE6",
  "SharpDX.DXGI.dll": "A3DCEDECC2909A025D833946C8DB259E",
  "SharpDX.Mathematics.dll": "3F2D9F9ADB40D80CB508120E5B250075",
  "Silk.NET.Core.dll": "0C173D69FB67F3B9F79BF49CE80E1312",
  "Silk.NET.GLFW.dll": "96C3F482EBBF735019C0EA3E70AFA48B",
  "Silk.NET.Maths.dll": "97A1B3C5CF7C25C52F00103E6DF821BC",
  "Silk.NET.OpenGL.dll": "8229D48F7144E34A7DE627DF7A44277D",
  "Silk.NET.SDL.dll": "D39E729B7B5178ADDC9CB8549BAD7D40",
  "Silk.NET.Windowing.Common.dll": "D1EF84C71D40A2AD4937608792B32DCB",
  "Silk.NET.Windowing.Glfw.dll": "6A696E221BA7BA4C2FFA466B7544240F",
  "Silk.NET.Windowing.Sdl.dll": "51A162618400397EEDE4D4156EF088A2",
  "SQLite-net.dll": "C49F561008AA46981339F998F60E9859",
  "SQLitePCLRaw.batteries_v2.dll": "9A5070981EFD1A8BDD15F6EBFD6F39EC",
  "SQLitePCLRaw.core.dll": "33A337F5C72D3B5DE10275B7C535FBD6",
  "SQLitePCLRaw.nativelibrary.dll": "DD4865EF45A067D0A913031E30D69804",
  "SQLitePCLRaw.provider.dynamic_cdecl.dll": "6A9A01EC8CC181B316A22A9BC378D6F3",
  "StbiSharp.dll": "F294F7E14A9724C2ADA8AB8CFCD2C061",
  "System.Reactive.dll": "EF5A00287AD15393D41B12AA4B726FF7",
  "System.Reflection.MetadataLoadContext.dll": "E88E3AF6D37736F339022C9ACC5F2F7B",
  "System.Security.Cryptography.Pkcs.dll": "8950E01996A37E808BE3F39063C37BF9",
  "TEMP_gitver.txt": "5FF2515EB893830C59B3135DD8E02513",
  "TerraFX.Interop.Windows.dll": "84F7EF6B0DE91F8CC23F773D3FD6DEC0",
  "Validation.dll": "9AA75E2EE6128B18A6904601AB73EE66"
}
