{
  "runtimes\\alpine-x64\\native\\libe_sqlite3.so": "39C244FEDBCD3DFC37041D4FCE1AE21D",
  "runtimes\\linux-arm\\native\\libe_sqlite3.so": "96CF54BC0EFB83D6E3F5F3E04997A59D",
  "runtimes\\linux-arm64\\native\\libe_sqlite3.so": "F079E55E7F3F9966A4A2052A3234E068",
  "runtimes\\linux-armel\\native\\libe_sqlite3.so": "C5A67D49434FC65D64E9C15778078C76",
  "runtimes\\linux-mips64\\native\\libe_sqlite3.so": "5F8461214089CFC677D46C19B7162161",
  "runtimes\\linux-musl-x64\\native\\libe_sqlite3.so": "39C244FEDBCD3DFC37041D4FCE1AE21D",
  "runtimes\\linux-x64\\native\\libe_sqlite3.so": "6F49C540D3AB9964D67A4A704C3D262D",
  "runtimes\\linux-x64\\native\\libglfw.so.3": "9E3137144F68B9E9793F4C7AD5B1BEA7",
  "runtimes\\linux-x64\\native\\libSDL2-2.0.so": "99B95A708381FC66AB2370E45A260527",
  "runtimes\\linux-x64\\native\\libstbi.so": "0945355ED59677D06E3E88F48101BB26",
  "runtimes\\linux-x86\\native\\libe_sqlite3.so": "5E0659B414CBD6DDC38C65582485853E",
  "runtimes\\osx-x64\\native\\libe_sqlite3.dylib": "F82AE134FCD1C080A69D775591406673",
  "runtimes\\osx-x64\\native\\libglfw.3.dylib": "1E30FAB2F0C40E82290AD4B0BF14A880",
  "runtimes\\osx-x64\\native\\libSDL2-2.0.dylib": "AAC958490586C67395F0A90903AE3747",
  "runtimes\\osx-x64\\native\\libstbi.dylib": "0B84B0A6A80178266018081C3CAB68E6",
  "runtimes\\win-arm\\native\\e_sqlite3.dll": "AE79B5F43D789BD7B3DF2192836F28D1",
  "runtimes\\win-arm64\\native\\e_sqlite3.dll": "DBE296274E3D4722284F0A8142989C28",
  "runtimes\\win-x64\\native\\cimgui.dll": "E2CA9E297AE5C927A164605F74A27AED",
  "runtimes\\win-x64\\native\\cimguizmo.dll": "E372C42E4198DA42A1C43EACF7BFEEA9",
  "runtimes\\win-x64\\native\\cimplot.dll": "2E7F0CEABFBABC5AFBCE67D3B609B78C",
  "runtimes\\win-x64\\native\\e_sqlite3.dll": "D0F6C3FB2B281F6108B77983CA099897",
  "runtimes\\win-x64\\native\\glfw3.dll": "ADDD6BD67301E5F071877098E0C3172B",
  "runtimes\\win-x64\\native\\minhook.x64d.dll": "673FD2F8973231FC960EB35E642D2EA1",
  "runtimes\\win-x64\\native\\SDL2.dll": "B6036C1EC87E76E8BFE671B8B720792D",
  "runtimes\\win-x64\\native\\stbi.dll": "E527DBC55364D1912277D5E38CCD2116",
  "runtimes\\win-x64\\native\\stbi.lib": "927C214DE576219E1F80DBE7798A0502",
  "runtimes\\win-x86\\native\\e_sqlite3.dll": "D088400C7BE880AD948D77A8D74FEF5C",
  "runtimes\\win-x86\\native\\glfw3.dll": "A33754A474DC4307855D3A72B9A49948",
  "runtimes\\win-x86\\native\\SDL2.dll": "D3913020135FF57A8980F65E16601521",
  "targets\\Dalamud.Plugin.Bootstrap.targets": "C85635161398CD9852CF7212DB7EB904",
  "targets\\Dalamud.Plugin.targets": "69D15EDFB3D4F0BEE3A099216E4DE057",
  "BitFaster.Caching.dll": "05341F221A543A55038E73F76E85130F",
  "CheapLoc.dll": "B5D8EB8ED94EC4638BED54D5405C200B",
  "commit_hash.txt": "8D300476F8C5E2A5B1F4CBCD2288A6D3",
  "Costura.dll": "7D5480D7FDF446BB869EA69AFF15A4BA",
  "Dalamud.Boot.dll": "A6209FF96A0F07BC837C9CCBBFE9A998",
  "Dalamud.Common.dll": "6C88BAE6AD29B717DCF69E4DC540262A",
  "Dalamud.deps.json": "F3F4FF2ADC418A371923FB74C5466CDB",
  "Dalamud.dll": "47EB5B1E8285721811A730C0D3B53EBF",
  "Dalamud.Injector.deps.json": "E30B9BD40106FFC14A5274A670979EDF",
  "Dalamud.Injector.dll": "3C4514AE825BF451F932317F13905A0B",
  "Dalamud.Injector.exe": "E918C9930563B8E94EE9EAB3CCB92902",
  "Dalamud.Injector.runtimeconfig.json": "B9BB65FFE7924D4D8BABE9FA66303200",
  "Dalamud.Injector.xml": "D41E5DF541D19A015215E777D7395C9C",
  "Dalamud.runtimeconfig.json": "2A9CD915428BDD175E0889BD0C225F75",
  "Dalamud.xml": "CC52AA1ABAD0DE2BF1C4E57AD9F1EE01",
  "DalamudCrashHandler.exe": "D426B273E82054518526B7ABD67D9A41",
  "FASM-LICENSE.TXT": "ECEA1D10811221D5F0A3E96F9C38E2C7",
  "FASM.DLL": "205BEAAD43AA0C96374D67BF7A1C66AE",
  "FASMX64.DLL": "D539FB87EAD39532BE349898ABAA4D8F",
  "FFXIVClientStructs.dll": "C3CAB4153E832F209D923A0A93677003",
  "FFXIVClientStructs.xml": "713689767F45D705BC91A09E21C9FF09",
  "goaaats.Reloaded.Assembler.targets": "CC22CB0A353E2136EE9E6E96DB9F7164",
  "Iced.dll": "012605E625C9446C21D13DADFF5CF2A1",
  "ImGui.NET.dll": "A59E73F3E2D558CCB5F89A05D8756B5D",
  "ImGuiScene.dll": "0799BA9540B303ABEA61EC9906B71E0B",
  "InteropGenerator.Runtime.dll": "52C6B9762146A88E1979915045C33D0B",
  "JetBrains.Annotations.dll": "0A6FAA3B68A1CAC84218C535060608FF",
  "licenses.txt": "A159BE62AA91178EFC3E3983AE874D1D",
  "Lumina.dll": "111869023036B2A38B38D4AE9205704B",
  "Lumina.Excel.dll": "ACE0BB546ED09895354E6819D7D8F536",
  "Microsoft.Bcl.HashCode.dll": "613AB56061ADF2284E047025207467E0",
  "Microsoft.DotNet.PlatformAbstractions.dll": "00AB0F02B1114C57C758F5AD595224F1",
  "Microsoft.Extensions.DependencyModel.dll": "F39BC76C10CFEA478C936FC4521A9FC9",
  "Microsoft.Extensions.ObjectPool.dll": "FEE3CE8A84417360CC5ED787ED6F7DB1",
  "MinSharp.dll": "5DA93CE62D633F87CFE908426FF824C4",
  "Mono.Cecil.dll": "E484083E451F7E2D226D638C3EFF4DB0",
  "Mono.Cecil.Mdb.dll": "87F157E0BB89F298E9D4F941853E3016",
  "Mono.Cecil.Pdb.dll": "928D599C8DAEBD9712ECC766258FC6B5",
  "Mono.Cecil.Rocks.dll": "D2C40A9D6C555B998D4C9DFFB90276D9",
  "nethost.dll": "21F39F71E2F4B5BA9FB3F126872F2F9B",
  "Newtonsoft.Json.dll": "ADF3E3EECDE20B7C9661E9C47106A14A",
  "PeNet.Asn1.dll": "EE2E7D6D6D3E23EDB03BDA5A030D1465",
  "PeNet.dll": "CBB23D1085F040A89F5ABDFE6171571D",
  "PInvoke.AdvApi32.dll": "34EE461D05B403C3A15D0DEC32A3788C",
  "PInvoke.BCrypt.dll": "FD07758EE1440491F22923084109FF26",
  "PInvoke.Cabinet.dll": "333D950E3804735DA60CC41D614C63E2",
  "PInvoke.CfgMgr32.dll": "768BE7CC18EDCF78B296A72ABE891691",
  "PInvoke.Crypt32.dll": "E7B00B0851738F4A7F2C6D37DAA973B4",
  "PInvoke.DbgHelp.dll": "E701136169620D20E3A70B560DE20E44",
  "PInvoke.DwmApi.dll": "ACF223CC8962404056648815B486F7D9",
  "PInvoke.Gdi32.dll": "69FF434826F98582CE44D3136ECFFACB",
  "PInvoke.Hid.dll": "2E7A41257F8AD9B26073181F450CD8E5",
  "PInvoke.ImageHlp.dll": "79BE816E8D86EA66489D7780DD675D49",
  "PInvoke.IPHlpApi.dll": "E949FA3326D1BA8872B179AB4EE49D38",
  "PInvoke.Kernel32.dll": "234E15B122ED430DE99490CA1A204958",
  "PInvoke.Magnification.dll": "C9EA3D34F506741ECC044DB19C151F09",
  "PInvoke.Msi.dll": "69EE50CE2DA6B55755E52589F49A7EBC",
  "PInvoke.NCrypt.dll": "DA1DE76C14D99370CA3BEF19DC299B15",
  "PInvoke.NetApi32.dll": "AE79F9FA2E3864A5E0642AE4622ECDC5",
  "PInvoke.NewDev.dll": "B3E1992105D986EF9C5C8E4B630FBB07",
  "PInvoke.NTDll.dll": "3F6BDF840EB27DD0FD9EB8071822183A",
  "PInvoke.Ole32.dll": "3C49FB100B60519FFE725BCD12A538F6",
  "PInvoke.Psapi.dll": "A7683EE4B880227F01C8AE632A892B9E",
  "PInvoke.SetupApi.dll": "1B7AE321185D0081D1759A9AD829F9BA",
  "PInvoke.SHCore.dll": "F27E7F063D51480F6D2294C903E4A606",
  "PInvoke.Shell32.dll": "F71A1BCAF6478190691170DAEA77722F",
  "PInvoke.User32.dll": "8BEDE38311ED4F27127290B81B8079FD",
  "PInvoke.Userenv.dll": "FEB7BCA90B8C905EC2F4BB0789847131",
  "PInvoke.UxTheme.dll": "8E683C016250CB719FDB9AAAFC22B3C5",
  "PInvoke.Windows.Core.dll": "90015440A44935208FFEA9BF61740651",
  "PInvoke.Windows.ShellScalingApi.dll": "F351B34B8C9183A51CADFDC279357C49",
  "PInvoke.WinUsb.dll": "9EB8A0280F2848D1A32B560A939F7336",
  "PInvoke.WtsApi32.dll": "341C94455D2E5893DBE4293D4D67AA4D",
  "Reloaded.Assembler.dll": "AB4BA2F02C1D72DA8976F6788940F46C",
  "Reloaded.Hooks.Definitions.dll": "2F9F055C573E7458650AA9025EA685E4",
  "Reloaded.Hooks.dll": "C1F20DF8DDA0F295CCEBDBC39061601D",
  "Reloaded.Memory.Buffers.dll": "0464A1348F3BFA44C3D8333ABBAA7B06",
  "Reloaded.Memory.dll": "AA5B83DE7FF13B27CFCDBA60E9554908",
  "revision.txt": "1F5F5B265100DAAD35B3A491E1C55351",
  "SDL2-CS.config": "65557595FD5DF55D93B2BF881DE62C3A",
  "SDL2-CS.dll": "8EBB332CE2D8FB7B3F1263E3349ADBBF",
  "Serilog.dll": "11BBC3B84742A0731BC4EE4E6E3FBCD1",
  "Serilog.Sinks.Async.dll": "0A1308D4FEB34692FDB5650E1DD0EF68",
  "Serilog.Sinks.Console.dll": "FD42A973A2FEF9E9F5EA9B4ECEB435D6",
  "Serilog.Sinks.File.dll": "04EFF563073FEF80FB0C8B69BEF2607A",
  "SharpDX.Direct3D11.dll": "C9648209F786372FA78E6539D1785CAC",
  "SharpDX.dll": "6084B79B3A9A26F778ED0E14393108B6",
  "SharpDX.DXGI.dll": "A18A4CCE59BC1FE000DB18A4520489A7",
  "SharpDX.Mathematics.dll": "F3B6EE4817DF19659B8556381D749BAC",
  "Silk.NET.Core.dll": "ABB43F639AE5DE942D7BF20B3E96B672",
  "Silk.NET.GLFW.dll": "CBB2A711FAA91D96CCBD15D06EC5EECE",
  "Silk.NET.Maths.dll": "1427305BE3B65D46146018587E2B1483",
  "Silk.NET.OpenGL.dll": "156D1DC32086B7BB3114E7D8888DD9C3",
  "Silk.NET.SDL.dll": "D8E0E09C2D9016606275EE0A535F05F1",
  "Silk.NET.Windowing.Common.dll": "766B1CB6EB71E5A207A2323FD4E20F96",
  "Silk.NET.Windowing.Glfw.dll": "6F3E7DB54CC27B2BD04407401FABB13E",
  "Silk.NET.Windowing.Sdl.dll": "F24A11A02D81F9EDF1EA0B935F45DA1D",
  "SQLite-net.dll": "0AE90DC84B3593C8BECDE8E7E0267D2F",
  "SQLitePCLRaw.batteries_v2.dll": "FCA0DFD806527D1BE2C0002E46E8A2FB",
  "SQLitePCLRaw.core.dll": "BADBA3784AE642610E0D3F6D93F25994",
  "SQLitePCLRaw.nativelibrary.dll": "1CC3EE827295EDC2972AF1368D4A93B3",
  "SQLitePCLRaw.provider.dynamic_cdecl.dll": "07391E84B5D0F6EA85D346F480D380AD",
  "StbiSharp.dll": "2F5ED9614B08327585842811C3268638",
  "System.Reactive.dll": "EF5A00287AD15393D41B12AA4B726FF7",
  "System.Reflection.MetadataLoadContext.dll": "E88E3AF6D37736F339022C9ACC5F2F7B",
  "System.Security.Cryptography.Pkcs.dll": "8950E01996A37E808BE3F39063C37BF9",
  "TEMP_gitver.txt": "5E797E1DCE7E65EECEB3BC1ED2F78891",
  "TerraFX.Interop.Windows.dll": "84F7EF6B0DE91F8CC23F773D3FD6DEC0",
  "Validation.dll": "7E24D50319BBB51831F052369C506CDB"
}
