{
  "runtimes\\alpine-x64\\native\\libe_sqlite3.so": "39C244FEDBCD3DFC37041D4FCE1AE21D",
  "runtimes\\linux-arm\\native\\libe_sqlite3.so": "96CF54BC0EFB83D6E3F5F3E04997A59D",
  "runtimes\\linux-arm64\\native\\libe_sqlite3.so": "F079E55E7F3F9966A4A2052A3234E068",
  "runtimes\\linux-armel\\native\\libe_sqlite3.so": "C5A67D49434FC65D64E9C15778078C76",
  "runtimes\\linux-mips64\\native\\libe_sqlite3.so": "5F8461214089CFC677D46C19B7162161",
  "runtimes\\linux-musl-x64\\native\\libe_sqlite3.so": "39C244FEDBCD3DFC37041D4FCE1AE21D",
  "runtimes\\linux-x64\\native\\libe_sqlite3.so": "6F49C540D3AB9964D67A4A704C3D262D",
  "runtimes\\linux-x64\\native\\libglfw.so.3": "9E3137144F68B9E9793F4C7AD5B1BEA7",
  "runtimes\\linux-x64\\native\\libSDL2-2.0.so": "99B95A708381FC66AB2370E45A260527",
  "runtimes\\linux-x64\\native\\libstbi.so": "0945355ED59677D06E3E88F48101BB26",
  "runtimes\\linux-x86\\native\\libe_sqlite3.so": "5E0659B414CBD6DDC38C65582485853E",
  "runtimes\\osx-x64\\native\\libe_sqlite3.dylib": "F82AE134FCD1C080A69D775591406673",
  "runtimes\\osx-x64\\native\\libglfw.3.dylib": "1E30FAB2F0C40E82290AD4B0BF14A880",
  "runtimes\\osx-x64\\native\\libSDL2-2.0.dylib": "AAC958490586C67395F0A90903AE3747",
  "runtimes\\osx-x64\\native\\libstbi.dylib": "0B84B0A6A80178266018081C3CAB68E6",
  "runtimes\\win-arm\\native\\e_sqlite3.dll": "F46C19F531EA4D06D1BB869FBA84F1AD",
  "runtimes\\win-arm64\\native\\e_sqlite3.dll": "A77F1F6044096223EFE3BC965D3D75A7",
  "runtimes\\win-x64\\native\\cimgui.dll": "0C37479BBD3B92A0EF9AB4A4C849145D",
  "runtimes\\win-x64\\native\\cimguizmo.dll": "4973D55762A1007ED0FC374729BAD870",
  "runtimes\\win-x64\\native\\cimplot.dll": "D4F79178FD61F9CC0AE0E99FE09D36BF",
  "runtimes\\win-x64\\native\\e_sqlite3.dll": "D63CF8B404768F20B4D2B4F2DEEE0198",
  "runtimes\\win-x64\\native\\glfw3.dll": "C92373D1AAD20B470FB50ECCA8FB6DC0",
  "runtimes\\win-x64\\native\\minhook.x64d.dll": "28947E5B63DF611FAF5536DAE4A1A176",
  "runtimes\\win-x64\\native\\SDL2.dll": "8D01F71648E7D94DD013643CAEC7F512",
  "runtimes\\win-x64\\native\\stbi.dll": "57032EACA6013EAF1D9A1DF8EBB19A92",
  "runtimes\\win-x64\\native\\stbi.lib": "927C214DE576219E1F80DBE7798A0502",
  "runtimes\\win-x86\\native\\e_sqlite3.dll": "614B989E8D22AA50D5AFBC2EEC0D6D25",
  "runtimes\\win-x86\\native\\glfw3.dll": "4AE0D562E66563BEA47654F818AEDC75",
  "runtimes\\win-x86\\native\\SDL2.dll": "E978C3DD790D4C23D2C805EB71623D1D",
  "targets\\Dalamud.Plugin.Bootstrap.targets": "C85635161398CD9852CF7212DB7EB904",
  "targets\\Dalamud.Plugin.targets": "DDD731601C06B16E10CF2F8990452A27",
  "BitFaster.Caching.dll": "3CFA96B003D027B993FF041B9AE3E384",
  "CheapLoc.dll": "BB75D207A6BF7192E7B0D3890BE153B4",
  "Costura.dll": "DE1ABCC309615B8D27BA0DC662A29C2E",
  "Dalamud.Boot.dll": "92D80A27F1F5D1AB161E98D447D00347",
  "Dalamud.Common.dll": "B89D0E7FCA560B6BD2472EE21E524DFB",
  "Dalamud.deps.json": "9F3152C5A97A09FD0ACB6A8BFAD1A54B",
  "Dalamud.dll": "79511BA923BD5DB335912C20CDAD3ECA",
  "Dalamud.Injector.deps.json": "C1FA0941DC8B38E415776C60C508AAB9",
  "Dalamud.Injector.dll": "A6B7AE0FA9E9A5A1DEDE33866186C439",
  "Dalamud.Injector.exe": "873A24E5C43C1C1A1E1855CEAB4D2C85",
  "Dalamud.Injector.runtimeconfig.json": "B9BB65FFE7924D4D8BABE9FA66303200",
  "Dalamud.Injector.xml": "D41E5DF541D19A015215E777D7395C9C",
  "Dalamud.runtimeconfig.json": "2A9CD915428BDD175E0889BD0C225F75",
  "Dalamud.xml": "91218AD1FD81416EB433DC1AFFD67C32",
  "DalamudCrashHandler.exe": "D50B841918B3BE3483BCCAD62CE7880B",
  "FASM-LICENSE.TXT": "ECEA1D10811221D5F0A3E96F9C38E2C7",
  "FASM.DLL": "6447E4671DB7166FEBCDDD5909415BC0",
  "FASMX64.DLL": "F69859D4CD9330DAFF586210B5AF2457",
  "FFXIVClientStructs.dll": "69794CDACDE292A895F8CAC7559F2AD2",
  "FFXIVClientStructs.xml": "0FD22F683701A5614FD0EABFCAC9E8B5",
  "goaaats.Reloaded.Assembler.targets": "CC22CB0A353E2136EE9E6E96DB9F7164",
  "Iced.dll": "B0897732DE4FE3FF0539B5D3554EEB5D",
  "ImGui.NET.dll": "58CE5DA8503A6F446EDB21887253E244",
  "ImGuiScene.dll": "3A9E1BE5E22EE91F143F97EE31DB2A31",
  "InteropGenerator.Runtime.dll": "96213D633D5ED4CE3210E7E64ADA26E9",
  "JetBrains.Annotations.dll": "08C3A106ABD6639E87DA4650E74C8A48",
  "licenses.txt": "A159BE62AA91178EFC3E3983AE874D1D",
  "Lumina.dll": "4247081AD80CF0A31D945FC53FE1997D",
  "Lumina.Excel.dll": "1FE6A1C7DFE0F7780B9E0978E36890B7",
  "Microsoft.Bcl.HashCode.dll": "613AB56061ADF2284E047025207467E0",
  "Microsoft.DotNet.PlatformAbstractions.dll": "00AB0F02B1114C57C758F5AD595224F1",
  "Microsoft.Extensions.DependencyModel.dll": "F39BC76C10CFEA478C936FC4521A9FC9",
  "Microsoft.Extensions.ObjectPool.dll": "FEE3CE8A84417360CC5ED787ED6F7DB1",
  "MinSharp.dll": "CCB8C2B591B436C6FFC60651F9DAE0E6",
  "Mono.Cecil.dll": "DAD5CC91308F659B5341D91F4B73AC81",
  "Mono.Cecil.Mdb.dll": "A4E313C1A7654BEB4DC3744964198FE9",
  "Mono.Cecil.Pdb.dll": "DF48979A6E31ED3E53368151D0F9EE2F",
  "Mono.Cecil.Rocks.dll": "EB23CDA2632E9C49F4D037218B2582AC",
  "nethost.dll": "012081214FE71F0F6ADCD9F4A71B2B00",
  "Newtonsoft.Json.dll": "86A83A63F12B55FD3718CFBFB577D7DC",
  "PeNet.Asn1.dll": "54AE0AB74DBAA87DA6213314FFF6F4FA",
  "PeNet.dll": "CCCEAA9B6A81D9CEB116BFEE1F371434",
  "PInvoke.AdvApi32.dll": "34EE461D05B403C3A15D0DEC32A3788C",
  "PInvoke.BCrypt.dll": "FD07758EE1440491F22923084109FF26",
  "PInvoke.Cabinet.dll": "333D950E3804735DA60CC41D614C63E2",
  "PInvoke.CfgMgr32.dll": "768BE7CC18EDCF78B296A72ABE891691",
  "PInvoke.Crypt32.dll": "E7B00B0851738F4A7F2C6D37DAA973B4",
  "PInvoke.DbgHelp.dll": "E701136169620D20E3A70B560DE20E44",
  "PInvoke.DwmApi.dll": "ACF223CC8962404056648815B486F7D9",
  "PInvoke.Gdi32.dll": "69FF434826F98582CE44D3136ECFFACB",
  "PInvoke.Hid.dll": "2E7A41257F8AD9B26073181F450CD8E5",
  "PInvoke.ImageHlp.dll": "79BE816E8D86EA66489D7780DD675D49",
  "PInvoke.IPHlpApi.dll": "E949FA3326D1BA8872B179AB4EE49D38",
  "PInvoke.Kernel32.dll": "234E15B122ED430DE99490CA1A204958",
  "PInvoke.Magnification.dll": "C9EA3D34F506741ECC044DB19C151F09",
  "PInvoke.Msi.dll": "69EE50CE2DA6B55755E52589F49A7EBC",
  "PInvoke.NCrypt.dll": "DA1DE76C14D99370CA3BEF19DC299B15",
  "PInvoke.NetApi32.dll": "AE79F9FA2E3864A5E0642AE4622ECDC5",
  "PInvoke.NewDev.dll": "B3E1992105D986EF9C5C8E4B630FBB07",
  "PInvoke.NTDll.dll": "3F6BDF840EB27DD0FD9EB8071822183A",
  "PInvoke.Ole32.dll": "3C49FB100B60519FFE725BCD12A538F6",
  "PInvoke.Psapi.dll": "A7683EE4B880227F01C8AE632A892B9E",
  "PInvoke.SetupApi.dll": "1B7AE321185D0081D1759A9AD829F9BA",
  "PInvoke.SHCore.dll": "F27E7F063D51480F6D2294C903E4A606",
  "PInvoke.Shell32.dll": "F71A1BCAF6478190691170DAEA77722F",
  "PInvoke.User32.dll": "8BEDE38311ED4F27127290B81B8079FD",
  "PInvoke.Userenv.dll": "FEB7BCA90B8C905EC2F4BB0789847131",
  "PInvoke.UxTheme.dll": "8E683C016250CB719FDB9AAAFC22B3C5",
  "PInvoke.Windows.Core.dll": "90015440A44935208FFEA9BF61740651",
  "PInvoke.Windows.ShellScalingApi.dll": "F351B34B8C9183A51CADFDC279357C49",
  "PInvoke.WinUsb.dll": "9EB8A0280F2848D1A32B560A939F7336",
  "PInvoke.WtsApi32.dll": "341C94455D2E5893DBE4293D4D67AA4D",
  "Reloaded.Assembler.dll": "C884EA43F23E9F0B622AE196D6691BD3",
  "Reloaded.Hooks.Definitions.dll": "0BEE5073686130667F401B0D3ABF1169",
  "Reloaded.Hooks.dll": "BF82134CA64523BEC46C6039D88E2598",
  "Reloaded.Memory.Buffers.dll": "99DDA77BBE2BDC28506A7C68C23D0450",
  "Reloaded.Memory.dll": "702C82F78200559B3C5B7004C736E695",
  "revision.txt": "5A9542C773018268FC6271F7AFEEA969",
  "SDL2-CS.config": "65557595FD5DF55D93B2BF881DE62C3A",
  "SDL2-CS.dll": "BDEDE168FB1B2A04F4728D0E279EA9A0",
  "Serilog.dll": "555C36B400E0BDC822CF0C32BF261386",
  "Serilog.Sinks.Async.dll": "9417B4D5D29BB18CB7D4D8513DDE8ED6",
  "Serilog.Sinks.Console.dll": "834FADFF5ACA2DD3719FCD2352A1DABA",
  "Serilog.Sinks.File.dll": "F0A88C702D36C8786571B819CA844C88",
  "SharpDX.Direct3D11.dll": "054F1920F4FCC0804F314C75342292FC",
  "SharpDX.dll": "65E93A2ACDEF7C537867AE8D40E25302",
  "SharpDX.DXGI.dll": "336FDEF23BD707140B12FF50E5D4F034",
  "SharpDX.Mathematics.dll": "59BFE59F097BE6D57ED6FA4DDCA65550",
  "Silk.NET.Core.dll": "0A17FFF1D440318BD5C87C26AF7E3F5E",
  "Silk.NET.GLFW.dll": "35C4B73383F7CAF2234AE7278DC033F6",
  "Silk.NET.Maths.dll": "DD2598C629429CB18C2CD54E765E8EF7",
  "Silk.NET.OpenGL.dll": "182CC501906A1A0A8FF1D8562B8DB1CB",
  "Silk.NET.SDL.dll": "0C2CE752693CEDDD723732FC4A5ED43D",
  "Silk.NET.Windowing.Common.dll": "83C6F9D56BF9B576E4EF9A90A974D693",
  "Silk.NET.Windowing.Glfw.dll": "E27D1B51C2DF781AA05D67D57C559D9F",
  "Silk.NET.Windowing.Sdl.dll": "38CD448722F167D6FBBBD12EA3E6ED12",
  "SQLite-net.dll": "7A8DBD245EC5E5913144A498E62D5BEA",
  "SQLitePCLRaw.batteries_v2.dll": "B14BD9B5A49614FFCD67B7DE47A2EAC1",
  "SQLitePCLRaw.core.dll": "08384EBE7CB7F54E49A07AEBE4A055D6",
  "SQLitePCLRaw.nativelibrary.dll": "589ACB24EA028C764DFA0AA0A2E2B43A",
  "SQLitePCLRaw.provider.dynamic_cdecl.dll": "FE72763CA59581CB5BF07FB065F20CF9",
  "StbiSharp.dll": "EC7BB91744ABFB25EF510FBDDD175F12",
  "System.Reactive.dll": "EF5A00287AD15393D41B12AA4B726FF7",
  "System.Reflection.MetadataLoadContext.dll": "7EC41D41F4E1246757BA3E2EC862D562",
  "System.Security.Cryptography.Pkcs.dll": "8950E01996A37E808BE3F39063C37BF9",
  "TEMP_gitver.txt": "3A0ED2EC1C65AD13B494B42756B10D90",
  "TerraFX.Interop.Windows.dll": "84F7EF6B0DE91F8CC23F773D3FD6DEC0",
  "Validation.dll": "78984764186CD5743AF87AC78EA2F080"
}
