{
  "runtimes\\alpine-x64\\native\\libe_sqlite3.so": "39C244FEDBCD3DFC37041D4FCE1AE21D",
  "runtimes\\linux-arm\\native\\libe_sqlite3.so": "96CF54BC0EFB83D6E3F5F3E04997A59D",
  "runtimes\\linux-arm64\\native\\libe_sqlite3.so": "F079E55E7F3F9966A4A2052A3234E068",
  "runtimes\\linux-armel\\native\\libe_sqlite3.so": "C5A67D49434FC65D64E9C15778078C76",
  "runtimes\\linux-mips64\\native\\libe_sqlite3.so": "5F8461214089CFC677D46C19B7162161",
  "runtimes\\linux-musl-x64\\native\\libe_sqlite3.so": "39C244FEDBCD3DFC37041D4FCE1AE21D",
  "runtimes\\linux-x64\\native\\libe_sqlite3.so": "6F49C540D3AB9964D67A4A704C3D262D",
  "runtimes\\linux-x64\\native\\libglfw.so.3": "9E3137144F68B9E9793F4C7AD5B1BEA7",
  "runtimes\\linux-x64\\native\\libSDL2-2.0.so": "99B95A708381FC66AB2370E45A260527",
  "runtimes\\linux-x64\\native\\libstbi.so": "0945355ED59677D06E3E88F48101BB26",
  "runtimes\\linux-x86\\native\\libe_sqlite3.so": "5E0659B414CBD6DDC38C65582485853E",
  "runtimes\\osx-x64\\native\\libe_sqlite3.dylib": "F82AE134FCD1C080A69D775591406673",
  "runtimes\\osx-x64\\native\\libglfw.3.dylib": "1E30FAB2F0C40E82290AD4B0BF14A880",
  "runtimes\\osx-x64\\native\\libSDL2-2.0.dylib": "AAC958490586C67395F0A90903AE3747",
  "runtimes\\osx-x64\\native\\libstbi.dylib": "0B84B0A6A80178266018081C3CAB68E6",
  "runtimes\\win-arm\\native\\e_sqlite3.dll": "E819DF80AEEF828CCFA7A312567E2F2C",
  "runtimes\\win-arm64\\native\\e_sqlite3.dll": "B39E8CC357D53F28BA0614ADB5D7D825",
  "runtimes\\win-x64\\native\\cimgui.dll": "5472D23162910ADFAE8E839D7F355797",
  "runtimes\\win-x64\\native\\cimguizmo.dll": "66C82AC1D67F1B396EFA0DB5CDABC335",
  "runtimes\\win-x64\\native\\cimplot.dll": "CFA2416A13CD7DAC2A753800D3EB6E9E",
  "runtimes\\win-x64\\native\\e_sqlite3.dll": "E1BFC84BE006FD61BF7F74B0B6228117",
  "runtimes\\win-x64\\native\\glfw3.dll": "77ABFE2E49881518A58705DA30687E63",
  "runtimes\\win-x64\\native\\minhook.x64d.dll": "838EA360A196EFD3F52F6159D93BF748",
  "runtimes\\win-x64\\native\\SDL2.dll": "F7F20BD0B518BBA8774E8497AC05ACC2",
  "runtimes\\win-x64\\native\\stbi.dll": "AC54DD62EC01FBF5259C3AD6374F7EE3",
  "runtimes\\win-x64\\native\\stbi.lib": "927C214DE576219E1F80DBE7798A0502",
  "runtimes\\win-x86\\native\\e_sqlite3.dll": "75849D1A8E349C6195CD4D1B1B3EE99F",
  "runtimes\\win-x86\\native\\glfw3.dll": "AF0840A27F530284A0AD605BA918F150",
  "runtimes\\win-x86\\native\\SDL2.dll": "2128499DB085756110F912A84F5295C3",
  "targets\\Dalamud.Plugin.Bootstrap.targets": "C85635161398CD9852CF7212DB7EB904",
  "targets\\Dalamud.Plugin.targets": "DDD731601C06B16E10CF2F8990452A27",
  "BitFaster.Caching.dll": "22B0DE7190B006786DB1F3C4FBA4CF18",
  "CheapLoc.dll": "05EE8E9C0AD641FE4250903318C39860",
  "Costura.dll": "E4972D394FABDD1FDE7CFEF579AFD7DE",
  "Dalamud.Boot.dll": "1D31F93F3E255240D8A787CB5094C599",
  "Dalamud.Common.dll": "0F4CF551AE1FCEBACB6FA132AB1EA1D7",
  "Dalamud.deps.json": "9F3152C5A97A09FD0ACB6A8BFAD1A54B",
  "Dalamud.dll": "84B0FAF05E6A51EFDC7F9BC0DE82FE9D",
  "Dalamud.Injector.deps.json": "C1FA0941DC8B38E415776C60C508AAB9",
  "Dalamud.Injector.dll": "A5BEA19B8771E5AF053D22D6464E78FF",
  "Dalamud.Injector.exe": "3BA8B33008CC1C517BDAF8A1D4AAF3D2",
  "Dalamud.Injector.runtimeconfig.json": "B9BB65FFE7924D4D8BABE9FA66303200",
  "Dalamud.Injector.xml": "D41E5DF541D19A015215E777D7395C9C",
  "Dalamud.runtimeconfig.json": "2A9CD915428BDD175E0889BD0C225F75",
  "Dalamud.xml": "B41BD3B743359EFF509F7A41B5FC60AA",
  "DalamudCrashHandler.exe": "F877556858DDA46FB9FA2A0635A89280",
  "FASM-LICENSE.TXT": "ECEA1D10811221D5F0A3E96F9C38E2C7",
  "FASM.DLL": "194C6B7E9704F8F8F5FD59855804F507",
  "FASMX64.DLL": "248843EE289D2926B191F970B30E2F17",
  "FFXIVClientStructs.dll": "E0FB86C09F82F18DB7600ABC79BB166F",
  "FFXIVClientStructs.xml": "0FD22F683701A5614FD0EABFCAC9E8B5",
  "goaaats.Reloaded.Assembler.targets": "CC22CB0A353E2136EE9E6E96DB9F7164",
  "Iced.dll": "E65881B2D53BB93A31AF1E5DDC9B857D",
  "ImGui.NET.dll": "9B79AAECC037F812BFEEDAD0F3B8565E",
  "ImGuiScene.dll": "04E240730722423FDD8F27E717A0EB6C",
  "InteropGenerator.Runtime.dll": "0D6E408F8A8B12F2E46FBE024377D0A1",
  "JetBrains.Annotations.dll": "13760346EBB6FA7D704BE875D253E2A2",
  "licenses.txt": "A159BE62AA91178EFC3E3983AE874D1D",
  "Lumina.dll": "0D2BDD53CB5D5E8B4D984A2F1CB21387",
  "Lumina.Excel.dll": "CE6C4B75753E53E8616994F0788A2DF3",
  "Microsoft.Bcl.HashCode.dll": "613AB56061ADF2284E047025207467E0",
  "Microsoft.DotNet.PlatformAbstractions.dll": "00AB0F02B1114C57C758F5AD595224F1",
  "Microsoft.Extensions.DependencyModel.dll": "F39BC76C10CFEA478C936FC4521A9FC9",
  "Microsoft.Extensions.ObjectPool.dll": "FEE3CE8A84417360CC5ED787ED6F7DB1",
  "MinSharp.dll": "1EA0A5D34F1569819FDFD3C50E3E5F40",
  "Mono.Cecil.dll": "269A8775D21C3E31AB54852CE6D5CC19",
  "Mono.Cecil.Mdb.dll": "914B5028D70DA50F5190C988B40CDD33",
  "Mono.Cecil.Pdb.dll": "8177CFD41AC001B0201A5450A9F24778",
  "Mono.Cecil.Rocks.dll": "79BF26BBF9CCAD6EA133054149FB7E29",
  "nethost.dll": "012081214FE71F0F6ADCD9F4A71B2B00",
  "Newtonsoft.Json.dll": "86A83A63F12B55FD3718CFBFB577D7DC",
  "PeNet.Asn1.dll": "BDF925FE3C1323C4914AF7A60CFB67F1",
  "PeNet.dll": "B8EEBA8D5F14CA28561A7A4B9FD90F6E",
  "PInvoke.AdvApi32.dll": "34EE461D05B403C3A15D0DEC32A3788C",
  "PInvoke.BCrypt.dll": "FD07758EE1440491F22923084109FF26",
  "PInvoke.Cabinet.dll": "333D950E3804735DA60CC41D614C63E2",
  "PInvoke.CfgMgr32.dll": "768BE7CC18EDCF78B296A72ABE891691",
  "PInvoke.Crypt32.dll": "E7B00B0851738F4A7F2C6D37DAA973B4",
  "PInvoke.DbgHelp.dll": "E701136169620D20E3A70B560DE20E44",
  "PInvoke.DwmApi.dll": "ACF223CC8962404056648815B486F7D9",
  "PInvoke.Gdi32.dll": "69FF434826F98582CE44D3136ECFFACB",
  "PInvoke.Hid.dll": "2E7A41257F8AD9B26073181F450CD8E5",
  "PInvoke.ImageHlp.dll": "79BE816E8D86EA66489D7780DD675D49",
  "PInvoke.IPHlpApi.dll": "E949FA3326D1BA8872B179AB4EE49D38",
  "PInvoke.Kernel32.dll": "234E15B122ED430DE99490CA1A204958",
  "PInvoke.Magnification.dll": "C9EA3D34F506741ECC044DB19C151F09",
  "PInvoke.Msi.dll": "69EE50CE2DA6B55755E52589F49A7EBC",
  "PInvoke.NCrypt.dll": "DA1DE76C14D99370CA3BEF19DC299B15",
  "PInvoke.NetApi32.dll": "AE79F9FA2E3864A5E0642AE4622ECDC5",
  "PInvoke.NewDev.dll": "B3E1992105D986EF9C5C8E4B630FBB07",
  "PInvoke.NTDll.dll": "3F6BDF840EB27DD0FD9EB8071822183A",
  "PInvoke.Ole32.dll": "3C49FB100B60519FFE725BCD12A538F6",
  "PInvoke.Psapi.dll": "A7683EE4B880227F01C8AE632A892B9E",
  "PInvoke.SetupApi.dll": "1B7AE321185D0081D1759A9AD829F9BA",
  "PInvoke.SHCore.dll": "F27E7F063D51480F6D2294C903E4A606",
  "PInvoke.Shell32.dll": "F71A1BCAF6478190691170DAEA77722F",
  "PInvoke.User32.dll": "8BEDE38311ED4F27127290B81B8079FD",
  "PInvoke.Userenv.dll": "FEB7BCA90B8C905EC2F4BB0789847131",
  "PInvoke.UxTheme.dll": "8E683C016250CB719FDB9AAAFC22B3C5",
  "PInvoke.Windows.Core.dll": "90015440A44935208FFEA9BF61740651",
  "PInvoke.Windows.ShellScalingApi.dll": "F351B34B8C9183A51CADFDC279357C49",
  "PInvoke.WinUsb.dll": "9EB8A0280F2848D1A32B560A939F7336",
  "PInvoke.WtsApi32.dll": "341C94455D2E5893DBE4293D4D67AA4D",
  "Reloaded.Assembler.dll": "FF4222FB695655D7BD4248C871D39EB8",
  "Reloaded.Hooks.Definitions.dll": "56B604095C3FA1DAD6295266F8A08849",
  "Reloaded.Hooks.dll": "04F4342AB08203DE663321045AAB5704",
  "Reloaded.Memory.Buffers.dll": "3C49D6C38A5EBD1ED3797F3FCC90BC8B",
  "Reloaded.Memory.dll": "534295B4232FA0D8D97597E5A2DF6EE8",
  "revision.txt": "91BC333F6967019AC47B49CA0F2FA757",
  "SDL2-CS.config": "65557595FD5DF55D93B2BF881DE62C3A",
  "SDL2-CS.dll": "7D9EF2F65F3162AC9E330BF7C72E7C8E",
  "Serilog.dll": "57982D41DAB5283F0C73C600886A1F84",
  "Serilog.Sinks.Async.dll": "E4B9C394E7F5C965DDF6C97303E310AA",
  "Serilog.Sinks.Console.dll": "B82DF5DA5255FF749A3F85F366084FA4",
  "Serilog.Sinks.File.dll": "A92BA2A23D0680A405CFA10EE1424446",
  "SharpDX.Direct3D11.dll": "5B769BBF2A604A5BDBB77EF779D7C919",
  "SharpDX.dll": "4033460F313060EBBE92EF65FB00789C",
  "SharpDX.DXGI.dll": "A89EE52820D79E643513227CFDB23B82",
  "SharpDX.Mathematics.dll": "475C1A800B8544360CF93120AAE0AB58",
  "Silk.NET.Core.dll": "FA8E9AABEAB8D9AD26E930E9085B689D",
  "Silk.NET.GLFW.dll": "C83D3C614EB69433C7105ED3B5A9B62F",
  "Silk.NET.Maths.dll": "E9ADE17F519593935776F43D0C896118",
  "Silk.NET.OpenGL.dll": "ACB7F593CF41EC64E62EE6EAA35E72A9",
  "Silk.NET.SDL.dll": "8C7F204BAF8C663574C3374E5E87DF87",
  "Silk.NET.Windowing.Common.dll": "4A8791EF5061C7676C1EAD9185D92CD2",
  "Silk.NET.Windowing.Glfw.dll": "00D62D0E14330EB73EFF0ECC9B6DB40C",
  "Silk.NET.Windowing.Sdl.dll": "DCE6A2C736D3BA2F40378E27F5F5E6CF",
  "SQLite-net.dll": "82473D6D3D85074CA2D41FF55ED02DEF",
  "SQLitePCLRaw.batteries_v2.dll": "19E14603DD499A49C7738EDF8BBE7782",
  "SQLitePCLRaw.core.dll": "BBC2FCFB6656F06F8847D5188A257B9E",
  "SQLitePCLRaw.nativelibrary.dll": "E80DCC245C1089A7F705DF996F5915C6",
  "SQLitePCLRaw.provider.dynamic_cdecl.dll": "44CD986BEFA09B4ECFADDC4922345C5B",
  "StbiSharp.dll": "11BA32E1964476372AEBCA0C485B8C05",
  "System.Reactive.dll": "EF5A00287AD15393D41B12AA4B726FF7",
  "System.Reflection.MetadataLoadContext.dll": "7EC41D41F4E1246757BA3E2EC862D562",
  "System.Security.Cryptography.Pkcs.dll": "8950E01996A37E808BE3F39063C37BF9",
  "TEMP_gitver.txt": "00BA5246C8089C6C01B923988682AD59",
  "TerraFX.Interop.Windows.dll": "84F7EF6B0DE91F8CC23F773D3FD6DEC0",
  "Validation.dll": "22505A3DEA66C581F6A67C05B1A773FE"
}
