{
  "runtimes\\alpine-x64\\native\\libe_sqlite3.so": "39C244FEDBCD3DFC37041D4FCE1AE21D",
  "runtimes\\linux-arm\\native\\libe_sqlite3.so": "96CF54BC0EFB83D6E3F5F3E04997A59D",
  "runtimes\\linux-arm64\\native\\libe_sqlite3.so": "F079E55E7F3F9966A4A2052A3234E068",
  "runtimes\\linux-armel\\native\\libe_sqlite3.so": "C5A67D49434FC65D64E9C15778078C76",
  "runtimes\\linux-mips64\\native\\libe_sqlite3.so": "5F8461214089CFC677D46C19B7162161",
  "runtimes\\linux-musl-x64\\native\\libe_sqlite3.so": "39C244FEDBCD3DFC37041D4FCE1AE21D",
  "runtimes\\linux-x64\\native\\libe_sqlite3.so": "6F49C540D3AB9964D67A4A704C3D262D",
  "runtimes\\linux-x64\\native\\libglfw.so.3": "9E3137144F68B9E9793F4C7AD5B1BEA7",
  "runtimes\\linux-x64\\native\\libSDL2-2.0.so": "99B95A708381FC66AB2370E45A260527",
  "runtimes\\linux-x64\\native\\libstbi.so": "0945355ED59677D06E3E88F48101BB26",
  "runtimes\\linux-x86\\native\\libe_sqlite3.so": "5E0659B414CBD6DDC38C65582485853E",
  "runtimes\\osx-x64\\native\\libe_sqlite3.dylib": "F82AE134FCD1C080A69D775591406673",
  "runtimes\\osx-x64\\native\\libglfw.3.dylib": "1E30FAB2F0C40E82290AD4B0BF14A880",
  "runtimes\\osx-x64\\native\\libSDL2-2.0.dylib": "AAC958490586C67395F0A90903AE3747",
  "runtimes\\osx-x64\\native\\libstbi.dylib": "0B84B0A6A80178266018081C3CAB68E6",
  "runtimes\\win-arm\\native\\e_sqlite3.dll": "2EA69A3F7ED4F7B6485926933ABF5484",
  "runtimes\\win-arm64\\native\\e_sqlite3.dll": "67D6799AA3D90C319B2C250245AB7E1B",
  "runtimes\\win-x64\\native\\cimgui.dll": "BA67CC02B698174156BFBC88D57950FF",
  "runtimes\\win-x64\\native\\cimguizmo.dll": "C2BE1FB2E26206F21C7C18F1D0A62FD7",
  "runtimes\\win-x64\\native\\cimplot.dll": "E6267AF9464ACB96817D462412830903",
  "runtimes\\win-x64\\native\\e_sqlite3.dll": "3E97065B0589875BD32FE0A77ADFE121",
  "runtimes\\win-x64\\native\\glfw3.dll": "1FDBB2E61444147F7A1042346FBB3248",
  "runtimes\\win-x64\\native\\minhook.x64d.dll": "2636EE0BB99FA7583D2271FAAC0B5ACB",
  "runtimes\\win-x64\\native\\SDL2.dll": "EEE05319278CCF950E30937D4DAC39FF",
  "runtimes\\win-x64\\native\\stbi.dll": "136CC2884003B57A22E7F59B5E2A2AB7",
  "runtimes\\win-x64\\native\\stbi.lib": "927C214DE576219E1F80DBE7798A0502",
  "runtimes\\win-x86\\native\\e_sqlite3.dll": "133D5CDDD75E35D9861770609EDA5F93",
  "runtimes\\win-x86\\native\\glfw3.dll": "04D6D7210541E6A21007EAC1302956EB",
  "runtimes\\win-x86\\native\\SDL2.dll": "C67DEBF80D29DB716F23868D35729AA4",
  "targets\\Dalamud.Plugin.Bootstrap.targets": "C85635161398CD9852CF7212DB7EB904",
  "targets\\Dalamud.Plugin.targets": "E2AA900DB1F6596D1C203D4112A10F5E",
  "BitFaster.Caching.dll": "C5C801E0FC7739C39AAFD7B5DCEFD1ED",
  "CheapLoc.dll": "ADB1F8F9B31BA304FC6B4EF8D7404210",
  "Costura.dll": "B0AE894D016D87C23C82B18F4C71FF9E",
  "Dalamud.Boot.dll": "965A05107F3123B9E0E8E8B599B56193",
  "Dalamud.Common.dll": "91E76A524619D0B369C628093A979293",
  "Dalamud.deps.json": "0B36E19377BD1CB30AD7C19F0975F2D9",
  "Dalamud.dll": "6F5B18641351464FCD24D789C6DE10E6",
  "Dalamud.Injector.deps.json": "C1FA0941DC8B38E415776C60C508AAB9",
  "Dalamud.Injector.dll": "4FAF420E66F5BC29A7D58DD8E5EF3254",
  "Dalamud.Injector.exe": "ADDA58CA41868337E66C861BB62B5E48",
  "Dalamud.Injector.runtimeconfig.json": "B9BB65FFE7924D4D8BABE9FA66303200",
  "Dalamud.Injector.xml": "D41E5DF541D19A015215E777D7395C9C",
  "Dalamud.runtimeconfig.json": "2A9CD915428BDD175E0889BD0C225F75",
  "Dalamud.xml": "80C72832C26963643FE1801C58EAAD22",
  "DalamudCrashHandler.exe": "B12641635B50B5803F7491573ECEA39E",
  "FASM-LICENSE.TXT": "ECEA1D10811221D5F0A3E96F9C38E2C7",
  "FASM.DLL": "6EA8A24695435C098D8698D8F1BA4BE9",
  "FASMX64.DLL": "A8934FFD58C06F7178DD3F82B104812D",
  "FFXIVClientStructs.dll": "2D3A2803E3155CA0E1FDE9AEECCF554A",
  "FFXIVClientStructs.xml": "C511E2A28B183896CBC17F01AACF7992",
  "goaaats.Reloaded.Assembler.targets": "CC22CB0A353E2136EE9E6E96DB9F7164",
  "Iced.dll": "CC902BF61983B58287C0120E43D03789",
  "ImGui.NET.dll": "206849A528B20ECA5FF0EDBFD5F63053",
  "ImGuiScene.dll": "CDAC234D13F278FCD28A45D2863AA566",
  "InteropGenerator.Runtime.dll": "5A430449BA38C25DE8E30CB76248C0D4",
  "JetBrains.Annotations.dll": "1C35BD33EBD0A5F757601805EDCD5456",
  "licenses.txt": "A159BE62AA91178EFC3E3983AE874D1D",
  "Lumina.dll": "C5F83613AB0F50263B57198DF6DC8F98",
  "Lumina.Excel.dll": "976635F674AE4DA3EA5641B1F6599217",
  "Microsoft.Bcl.HashCode.dll": "613AB56061ADF2284E047025207467E0",
  "Microsoft.DotNet.PlatformAbstractions.dll": "00AB0F02B1114C57C758F5AD595224F1",
  "Microsoft.Extensions.DependencyModel.dll": "F39BC76C10CFEA478C936FC4521A9FC9",
  "Microsoft.Extensions.ObjectPool.dll": "FEE3CE8A84417360CC5ED787ED6F7DB1",
  "MinSharp.dll": "7A5E821D642C7E43C5B76EEAE66BCE32",
  "Mono.Cecil.dll": "85FC8E7C44457169E52C2C5442B377C7",
  "Mono.Cecil.Mdb.dll": "03D6EF94C86CC522B181801D2C5C0A58",
  "Mono.Cecil.Pdb.dll": "A6A140CFA1AEDD1226A30E00215DA989",
  "Mono.Cecil.Rocks.dll": "930A2508077BD4FA1E0AE32CEF52636F",
  "nethost.dll": "012081214FE71F0F6ADCD9F4A71B2B00",
  "Newtonsoft.Json.dll": "86A83A63F12B55FD3718CFBFB577D7DC",
  "PeNet.Asn1.dll": "251AB68B77FC75C001F7FB2F6EA896FA",
  "PeNet.dll": "FEE7C3AD53D02EDB26BFD1038C4EA375",
  "PInvoke.AdvApi32.dll": "34EE461D05B403C3A15D0DEC32A3788C",
  "PInvoke.BCrypt.dll": "FD07758EE1440491F22923084109FF26",
  "PInvoke.Cabinet.dll": "333D950E3804735DA60CC41D614C63E2",
  "PInvoke.CfgMgr32.dll": "768BE7CC18EDCF78B296A72ABE891691",
  "PInvoke.Crypt32.dll": "E7B00B0851738F4A7F2C6D37DAA973B4",
  "PInvoke.DbgHelp.dll": "E701136169620D20E3A70B560DE20E44",
  "PInvoke.DwmApi.dll": "ACF223CC8962404056648815B486F7D9",
  "PInvoke.Gdi32.dll": "69FF434826F98582CE44D3136ECFFACB",
  "PInvoke.Hid.dll": "2E7A41257F8AD9B26073181F450CD8E5",
  "PInvoke.ImageHlp.dll": "79BE816E8D86EA66489D7780DD675D49",
  "PInvoke.IPHlpApi.dll": "E949FA3326D1BA8872B179AB4EE49D38",
  "PInvoke.Kernel32.dll": "234E15B122ED430DE99490CA1A204958",
  "PInvoke.Magnification.dll": "C9EA3D34F506741ECC044DB19C151F09",
  "PInvoke.Msi.dll": "69EE50CE2DA6B55755E52589F49A7EBC",
  "PInvoke.NCrypt.dll": "DA1DE76C14D99370CA3BEF19DC299B15",
  "PInvoke.NetApi32.dll": "AE79F9FA2E3864A5E0642AE4622ECDC5",
  "PInvoke.NewDev.dll": "B3E1992105D986EF9C5C8E4B630FBB07",
  "PInvoke.NTDll.dll": "3F6BDF840EB27DD0FD9EB8071822183A",
  "PInvoke.Ole32.dll": "3C49FB100B60519FFE725BCD12A538F6",
  "PInvoke.Psapi.dll": "A7683EE4B880227F01C8AE632A892B9E",
  "PInvoke.SetupApi.dll": "1B7AE321185D0081D1759A9AD829F9BA",
  "PInvoke.SHCore.dll": "F27E7F063D51480F6D2294C903E4A606",
  "PInvoke.Shell32.dll": "F71A1BCAF6478190691170DAEA77722F",
  "PInvoke.User32.dll": "8BEDE38311ED4F27127290B81B8079FD",
  "PInvoke.Userenv.dll": "FEB7BCA90B8C905EC2F4BB0789847131",
  "PInvoke.UxTheme.dll": "8E683C016250CB719FDB9AAAFC22B3C5",
  "PInvoke.Windows.Core.dll": "90015440A44935208FFEA9BF61740651",
  "PInvoke.Windows.ShellScalingApi.dll": "F351B34B8C9183A51CADFDC279357C49",
  "PInvoke.WinUsb.dll": "9EB8A0280F2848D1A32B560A939F7336",
  "PInvoke.WtsApi32.dll": "341C94455D2E5893DBE4293D4D67AA4D",
  "Reloaded.Assembler.dll": "32B70F5E87DBAF647666BEC618D8B3DA",
  "Reloaded.Hooks.Definitions.dll": "BD6EEA1220AE9CD9FC29E5C1E52C70F6",
  "Reloaded.Hooks.dll": "8A1F43D855A67EB20541EBDC7BEF3D1F",
  "Reloaded.Memory.Buffers.dll": "8EEA2445F60A04105F951AFE5FA7D485",
  "Reloaded.Memory.dll": "B83346245626C50D75DCCAB1EEDA125E",
  "revision.txt": "996740DE914CED0902E686373E319391",
  "SDL2-CS.config": "65557595FD5DF55D93B2BF881DE62C3A",
  "SDL2-CS.dll": "BB07E06BD609A5A37D55AF795E7230D6",
  "Serilog.dll": "B630679C84B7C961CEA244B57C2F5DB3",
  "Serilog.Sinks.Async.dll": "0EB64FC3916B9D9F8981109B3B89EBDA",
  "Serilog.Sinks.Console.dll": "32714E2D406E0B2BFD29293A65B66EFA",
  "Serilog.Sinks.File.dll": "21475DEF579B9D5FAB764006A02E5901",
  "SharpDX.Direct3D11.dll": "F1BEA0516AB47E68CF6037CDD8228619",
  "SharpDX.dll": "D9F37B103039E7BBBDDDBE437BB72A36",
  "SharpDX.DXGI.dll": "74002CC70373DA5ED166DC9313C6979E",
  "SharpDX.Mathematics.dll": "4FEB1F7B259AE373104D10BE9C4CDCFA",
  "Silk.NET.Core.dll": "BAEC3786ACD47A8D8814143F94B8D879",
  "Silk.NET.GLFW.dll": "978123D5223D97F7BE5CBC36F4E2CECB",
  "Silk.NET.Maths.dll": "D16BBC3D3B461E2BCD075D1EF898038F",
  "Silk.NET.OpenGL.dll": "42CD26C6457141DB99602F503EF5BB22",
  "Silk.NET.SDL.dll": "2B8D83D7844449AF4F88D7B453AC3D1B",
  "Silk.NET.Windowing.Common.dll": "68BA5A80F281632AC2F8CF8932D8F902",
  "Silk.NET.Windowing.Glfw.dll": "F6862CFBD2E8DCC858A621547BC68F88",
  "Silk.NET.Windowing.Sdl.dll": "5576B366182B4572F6C3C51A628E2EE2",
  "SQLite-net.dll": "F5B32729E42E86F5846ED5D8872A0B2C",
  "SQLitePCLRaw.batteries_v2.dll": "620601A1C685A7E147F22B701D76CFB4",
  "SQLitePCLRaw.core.dll": "89EAE381F853E29AE6FB751A7E7A7322",
  "SQLitePCLRaw.nativelibrary.dll": "DFAEFB777A0347123DEFB9C88FA1D87E",
  "SQLitePCLRaw.provider.dynamic_cdecl.dll": "6ED5FDCA6F4C5636EF6AA89A08CB47FD",
  "StbiSharp.dll": "1A98DAABEB8F2D8B8FF8DD531814D9CD",
  "System.Reactive.dll": "EF5A00287AD15393D41B12AA4B726FF7",
  "System.Reflection.MetadataLoadContext.dll": "7EC41D41F4E1246757BA3E2EC862D562",
  "System.Security.Cryptography.Pkcs.dll": "8950E01996A37E808BE3F39063C37BF9",
  "TEMP_gitver.txt": "D2DD0C0DD804A3F74968F92C85552418",
  "TerraFX.Interop.Windows.dll": "84F7EF6B0DE91F8CC23F773D3FD6DEC0",
  "Validation.dll": "8410B0CBF43BA3351F6B452B7C2815F8"
}
