{
  "runtimes\\alpine-x64\\native\\libe_sqlite3.so": "39C244FEDBCD3DFC37041D4FCE1AE21D",
  "runtimes\\linux-arm\\native\\libe_sqlite3.so": "96CF54BC0EFB83D6E3F5F3E04997A59D",
  "runtimes\\linux-arm64\\native\\libe_sqlite3.so": "F079E55E7F3F9966A4A2052A3234E068",
  "runtimes\\linux-armel\\native\\libe_sqlite3.so": "C5A67D49434FC65D64E9C15778078C76",
  "runtimes\\linux-mips64\\native\\libe_sqlite3.so": "5F8461214089CFC677D46C19B7162161",
  "runtimes\\linux-musl-x64\\native\\libe_sqlite3.so": "39C244FEDBCD3DFC37041D4FCE1AE21D",
  "runtimes\\linux-x64\\native\\libe_sqlite3.so": "6F49C540D3AB9964D67A4A704C3D262D",
  "runtimes\\linux-x64\\native\\libglfw.so.3": "9E3137144F68B9E9793F4C7AD5B1BEA7",
  "runtimes\\linux-x64\\native\\libSDL2-2.0.so": "99B95A708381FC66AB2370E45A260527",
  "runtimes\\linux-x64\\native\\libstbi.so": "0945355ED59677D06E3E88F48101BB26",
  "runtimes\\linux-x86\\native\\libe_sqlite3.so": "5E0659B414CBD6DDC38C65582485853E",
  "runtimes\\osx-x64\\native\\libe_sqlite3.dylib": "F82AE134FCD1C080A69D775591406673",
  "runtimes\\osx-x64\\native\\libglfw.3.dylib": "1E30FAB2F0C40E82290AD4B0BF14A880",
  "runtimes\\osx-x64\\native\\libSDL2-2.0.dylib": "AAC958490586C67395F0A90903AE3747",
  "runtimes\\osx-x64\\native\\libstbi.dylib": "0B84B0A6A80178266018081C3CAB68E6",
  "runtimes\\win-arm\\native\\e_sqlite3.dll": "57D8E5D0C845FE9CC29286A79F845C25",
  "runtimes\\win-arm64\\native\\e_sqlite3.dll": "414CF70924F015555566DE51C05FA38A",
  "runtimes\\win-x64\\native\\cimgui.dll": "E5938269C592B53BC4AC7C93FD208473",
  "runtimes\\win-x64\\native\\cimguizmo.dll": "92D9D268B6B124441BBA6F068D873A0B",
  "runtimes\\win-x64\\native\\cimplot.dll": "E7569E41748C1E82CCA716E7872FC09B",
  "runtimes\\win-x64\\native\\e_sqlite3.dll": "A0CAA4CF08A92C1C62E5037B5BBE62BC",
  "runtimes\\win-x64\\native\\glfw3.dll": "63992F129D99F5D53C9F3BD462A02F23",
  "runtimes\\win-x64\\native\\minhook.x64d.dll": "1B207DEFF0531251301F9FDE349C6CE7",
  "runtimes\\win-x64\\native\\SDL2.dll": "887D5A0EFCCF1ED3DB3B3753A8EBED40",
  "runtimes\\win-x64\\native\\stbi.dll": "98F7D1521B0A722D173FBD3F7D464B51",
  "runtimes\\win-x64\\native\\stbi.lib": "927C214DE576219E1F80DBE7798A0502",
  "runtimes\\win-x86\\native\\e_sqlite3.dll": "0EA13AF632872B56EC6A00012449DB7A",
  "runtimes\\win-x86\\native\\glfw3.dll": "B322E67E0DD3C4F99AF43FF29479A6E6",
  "runtimes\\win-x86\\native\\SDL2.dll": "5AC2237193B79496A3CAF1AA89E5908E",
  "targets\\Dalamud.Plugin.Bootstrap.targets": "C85635161398CD9852CF7212DB7EB904",
  "targets\\Dalamud.Plugin.targets": "DDD731601C06B16E10CF2F8990452A27",
  "BitFaster.Caching.dll": "E737BB7C76EDB7814E4C88D1B2F77AE5",
  "CheapLoc.dll": "0678EAB7F61307C40E17BCDD29468671",
  "Costura.dll": "BD7CC3695D1B16C8CDE588A84B1C7B06",
  "Dalamud.Boot.dll": "111FE534F013EFDE63C1B9409CA38775",
  "Dalamud.Common.dll": "1DDE4392787156BED26F71F662DB5470",
  "Dalamud.deps.json": "9F3152C5A97A09FD0ACB6A8BFAD1A54B",
  "Dalamud.dll": "A8EFA20BC7B5F37DF9739EFE5996DF7A",
  "Dalamud.Injector.deps.json": "C1FA0941DC8B38E415776C60C508AAB9",
  "Dalamud.Injector.dll": "9503CCD281A0B62EF19321E052B14251",
  "Dalamud.Injector.exe": "0D758B2CB8F74249EA60F8F024073C0E",
  "Dalamud.Injector.runtimeconfig.json": "B9BB65FFE7924D4D8BABE9FA66303200",
  "Dalamud.Injector.xml": "D41E5DF541D19A015215E777D7395C9C",
  "Dalamud.runtimeconfig.json": "2A9CD915428BDD175E0889BD0C225F75",
  "Dalamud.xml": "8E42A834F09BCE067B4D84F8A403D975",
  "DalamudCrashHandler.exe": "EAFBE1943EC9ABD576216D8DD700E90F",
  "FASM-LICENSE.TXT": "ECEA1D10811221D5F0A3E96F9C38E2C7",
  "FASM.DLL": "16EFA9FB5A4239685EF09F5DD677FB28",
  "FASMX64.DLL": "6C1CF7FEB0794831ED034316BCED24CD",
  "FFXIVClientStructs.dll": "410FEEA87195B51FAE25627EB89E3378",
  "FFXIVClientStructs.xml": "C189A02BB571A06390AF7863F2970F57",
  "goaaats.Reloaded.Assembler.targets": "CC22CB0A353E2136EE9E6E96DB9F7164",
  "Iced.dll": "34A16F4430B687329058D68E94FBDE96",
  "ImGui.NET.dll": "4B3D54A95F3871AAA029D660F58C3817",
  "ImGuiScene.dll": "576BED9D040DEA8FF3169FE44FCA9FF5",
  "InteropGenerator.Runtime.dll": "831D21ED380C23B363D41F63E44BFB87",
  "JetBrains.Annotations.dll": "32B6FF4C9922B0BA49325458F47B8C22",
  "licenses.txt": "A159BE62AA91178EFC3E3983AE874D1D",
  "Lumina.dll": "2AD18D71E6524491A27A7EFF73EF8DED",
  "Lumina.Excel.dll": "23A9AB55512D49B612954D6EC9C29D52",
  "Microsoft.Bcl.HashCode.dll": "613AB56061ADF2284E047025207467E0",
  "Microsoft.DotNet.PlatformAbstractions.dll": "00AB0F02B1114C57C758F5AD595224F1",
  "Microsoft.Extensions.DependencyModel.dll": "F39BC76C10CFEA478C936FC4521A9FC9",
  "Microsoft.Extensions.ObjectPool.dll": "FEE3CE8A84417360CC5ED787ED6F7DB1",
  "MinSharp.dll": "96D7063BBAFC03020BA4498F2577789D",
  "Mono.Cecil.dll": "E3800E0A511451670D856BD9574AD4B5",
  "Mono.Cecil.Mdb.dll": "8976C95F82BDD55A7C89960355C5F8A3",
  "Mono.Cecil.Pdb.dll": "E6B340BA9062A81F326D504D61319C1D",
  "Mono.Cecil.Rocks.dll": "7D91FB4D8FEA0FB4ACDF7961692A89AE",
  "nethost.dll": "012081214FE71F0F6ADCD9F4A71B2B00",
  "Newtonsoft.Json.dll": "86A83A63F12B55FD3718CFBFB577D7DC",
  "PeNet.Asn1.dll": "7FC42CD431F3CCF67404E3ECDD2626E8",
  "PeNet.dll": "21B794E4A548F6FE6E8EE7F79B7D3E9E",
  "PInvoke.AdvApi32.dll": "34EE461D05B403C3A15D0DEC32A3788C",
  "PInvoke.BCrypt.dll": "FD07758EE1440491F22923084109FF26",
  "PInvoke.Cabinet.dll": "333D950E3804735DA60CC41D614C63E2",
  "PInvoke.CfgMgr32.dll": "768BE7CC18EDCF78B296A72ABE891691",
  "PInvoke.Crypt32.dll": "E7B00B0851738F4A7F2C6D37DAA973B4",
  "PInvoke.DbgHelp.dll": "E701136169620D20E3A70B560DE20E44",
  "PInvoke.DwmApi.dll": "ACF223CC8962404056648815B486F7D9",
  "PInvoke.Gdi32.dll": "69FF434826F98582CE44D3136ECFFACB",
  "PInvoke.Hid.dll": "2E7A41257F8AD9B26073181F450CD8E5",
  "PInvoke.ImageHlp.dll": "79BE816E8D86EA66489D7780DD675D49",
  "PInvoke.IPHlpApi.dll": "E949FA3326D1BA8872B179AB4EE49D38",
  "PInvoke.Kernel32.dll": "234E15B122ED430DE99490CA1A204958",
  "PInvoke.Magnification.dll": "C9EA3D34F506741ECC044DB19C151F09",
  "PInvoke.Msi.dll": "69EE50CE2DA6B55755E52589F49A7EBC",
  "PInvoke.NCrypt.dll": "DA1DE76C14D99370CA3BEF19DC299B15",
  "PInvoke.NetApi32.dll": "AE79F9FA2E3864A5E0642AE4622ECDC5",
  "PInvoke.NewDev.dll": "B3E1992105D986EF9C5C8E4B630FBB07",
  "PInvoke.NTDll.dll": "3F6BDF840EB27DD0FD9EB8071822183A",
  "PInvoke.Ole32.dll": "3C49FB100B60519FFE725BCD12A538F6",
  "PInvoke.Psapi.dll": "A7683EE4B880227F01C8AE632A892B9E",
  "PInvoke.SetupApi.dll": "1B7AE321185D0081D1759A9AD829F9BA",
  "PInvoke.SHCore.dll": "F27E7F063D51480F6D2294C903E4A606",
  "PInvoke.Shell32.dll": "F71A1BCAF6478190691170DAEA77722F",
  "PInvoke.User32.dll": "8BEDE38311ED4F27127290B81B8079FD",
  "PInvoke.Userenv.dll": "FEB7BCA90B8C905EC2F4BB0789847131",
  "PInvoke.UxTheme.dll": "8E683C016250CB719FDB9AAAFC22B3C5",
  "PInvoke.Windows.Core.dll": "90015440A44935208FFEA9BF61740651",
  "PInvoke.Windows.ShellScalingApi.dll": "F351B34B8C9183A51CADFDC279357C49",
  "PInvoke.WinUsb.dll": "9EB8A0280F2848D1A32B560A939F7336",
  "PInvoke.WtsApi32.dll": "341C94455D2E5893DBE4293D4D67AA4D",
  "Reloaded.Assembler.dll": "53522786D942742EBB59E4A88D39D598",
  "Reloaded.Hooks.Definitions.dll": "158BEBBC0B8526276586212A7F4D060A",
  "Reloaded.Hooks.dll": "30D8F6B4439C86A871F21C1067F43906",
  "Reloaded.Memory.Buffers.dll": "11D3C114AD1E5B97288EFC6CA89BE424",
  "Reloaded.Memory.dll": "A71E7680DFCFAB5542D9BD4C37143FEA",
  "revision.txt": "173F0F6BB0EE97CF5098F73EE94029D4",
  "SDL2-CS.config": "65557595FD5DF55D93B2BF881DE62C3A",
  "SDL2-CS.dll": "6FA11F77F97852EC21BEA73B3AA7FABE",
  "Serilog.dll": "21FC2A3F2565FA512FED8857A438D7C3",
  "Serilog.Sinks.Async.dll": "E83C41EC495E4CC0F8AF82118AC11A63",
  "Serilog.Sinks.Console.dll": "46F84E5C185F9170E62D2072156BFD9E",
  "Serilog.Sinks.File.dll": "F9899C1D677DBD4FF063220101BEDF18",
  "SharpDX.Direct3D11.dll": "D7D332217815DD31DFC3A760A518B243",
  "SharpDX.dll": "9DCB4EA188514D2AB2707D879D77CCF8",
  "SharpDX.DXGI.dll": "0D5C8966372D7AD5F3F4389D08DE04B1",
  "SharpDX.Mathematics.dll": "4B214DA6C5FBF66DB99FF72D550E6A23",
  "Silk.NET.Core.dll": "AD085D10573BE83B454D87ACC176AAC9",
  "Silk.NET.GLFW.dll": "BCC70AE972675136924271B9E3718EAF",
  "Silk.NET.Maths.dll": "BBACF5A5FBD2CB4742996FFB018BA804",
  "Silk.NET.OpenGL.dll": "B075F346870EB008A21ABBA5CE749668",
  "Silk.NET.SDL.dll": "3FCD50484D7D88B883251DE9084F7E7E",
  "Silk.NET.Windowing.Common.dll": "6247B97779F40C10E013040DFF21B955",
  "Silk.NET.Windowing.Glfw.dll": "7033E2B616D4B0B0330E25D79FB1A944",
  "Silk.NET.Windowing.Sdl.dll": "39972C049E21FCC5A5274575B36E3FDD",
  "SQLite-net.dll": "6AA671F93833DB7059E43A84B4A3EAF0",
  "SQLitePCLRaw.batteries_v2.dll": "825A64FA04DA1EAA3DD74628E4A05F12",
  "SQLitePCLRaw.core.dll": "DC96FD4EBE9B064E2AEB8AD266B47BA4",
  "SQLitePCLRaw.nativelibrary.dll": "70A8B331D15B10FF188031E116FA432C",
  "SQLitePCLRaw.provider.dynamic_cdecl.dll": "805D3CD9900791599229AA55DE58A541",
  "StbiSharp.dll": "3EC11042536E281027EF7B5878604B56",
  "System.Reactive.dll": "EF5A00287AD15393D41B12AA4B726FF7",
  "System.Reflection.MetadataLoadContext.dll": "7EC41D41F4E1246757BA3E2EC862D562",
  "System.Security.Cryptography.Pkcs.dll": "8950E01996A37E808BE3F39063C37BF9",
  "TEMP_gitver.txt": "356B659863583E63F778A6B7381B4E61",
  "TerraFX.Interop.Windows.dll": "84F7EF6B0DE91F8CC23F773D3FD6DEC0",
  "Validation.dll": "10F797D8D9D306BD8A3DFBCB10115D5B"
}
