{
  "runtimes\\alpine-x64\\native\\libe_sqlite3.so": "39C244FEDBCD3DFC37041D4FCE1AE21D",
  "runtimes\\linux-arm\\native\\libe_sqlite3.so": "96CF54BC0EFB83D6E3F5F3E04997A59D",
  "runtimes\\linux-arm64\\native\\libe_sqlite3.so": "F079E55E7F3F9966A4A2052A3234E068",
  "runtimes\\linux-armel\\native\\libe_sqlite3.so": "C5A67D49434FC65D64E9C15778078C76",
  "runtimes\\linux-mips64\\native\\libe_sqlite3.so": "5F8461214089CFC677D46C19B7162161",
  "runtimes\\linux-musl-x64\\native\\libe_sqlite3.so": "39C244FEDBCD3DFC37041D4FCE1AE21D",
  "runtimes\\linux-x64\\native\\libe_sqlite3.so": "6F49C540D3AB9964D67A4A704C3D262D",
  "runtimes\\linux-x64\\native\\libglfw.so.3": "9E3137144F68B9E9793F4C7AD5B1BEA7",
  "runtimes\\linux-x64\\native\\libSDL2-2.0.so": "99B95A708381FC66AB2370E45A260527",
  "runtimes\\linux-x64\\native\\libstbi.so": "0945355ED59677D06E3E88F48101BB26",
  "runtimes\\linux-x86\\native\\libe_sqlite3.so": "5E0659B414CBD6DDC38C65582485853E",
  "runtimes\\osx-x64\\native\\libe_sqlite3.dylib": "F82AE134FCD1C080A69D775591406673",
  "runtimes\\osx-x64\\native\\libglfw.3.dylib": "1E30FAB2F0C40E82290AD4B0BF14A880",
  "runtimes\\osx-x64\\native\\libSDL2-2.0.dylib": "AAC958490586C67395F0A90903AE3747",
  "runtimes\\osx-x64\\native\\libstbi.dylib": "0B84B0A6A80178266018081C3CAB68E6",
  "runtimes\\win-arm\\native\\e_sqlite3.dll": "FEE737478A33BFEA703B7EFDEDB41966",
  "runtimes\\win-arm64\\native\\e_sqlite3.dll": "28B6C843204C50B02EFAFDE505DFC346",
  "runtimes\\win-x64\\native\\cimgui.dll": "BA67197393768EE53B95ADD51C4C4A0A",
  "runtimes\\win-x64\\native\\cimguizmo.dll": "5AB002C99A54362F6023035336DD7B00",
  "runtimes\\win-x64\\native\\cimplot.dll": "48618C36F2E43B8C4B3677A8D095B75F",
  "runtimes\\win-x64\\native\\e_sqlite3.dll": "196AD9041ECF0CCE798BA5DFE79EAE68",
  "runtimes\\win-x64\\native\\glfw3.dll": "6395355AFDEB551C1B9C08D8907E3B51",
  "runtimes\\win-x64\\native\\minhook.x64d.dll": "8730EB85C05B85B45021953AC2A9819D",
  "runtimes\\win-x64\\native\\SDL2.dll": "A26E3EE46739B22E5F72589B0099EC91",
  "runtimes\\win-x64\\native\\stbi.dll": "DF864D1E75BC4D5B5ED8142A6E71D49C",
  "runtimes\\win-x64\\native\\stbi.lib": "927C214DE576219E1F80DBE7798A0502",
  "runtimes\\win-x86\\native\\e_sqlite3.dll": "136A9BE2A7678FD00F4CCEAF425B2DD4",
  "runtimes\\win-x86\\native\\glfw3.dll": "81A7A5E39332E01B4E724CC454109010",
  "runtimes\\win-x86\\native\\SDL2.dll": "FA3842FFB2DF0D991D083DB9B4052B65",
  "targets\\Dalamud.Plugin.Bootstrap.targets": "C85635161398CD9852CF7212DB7EB904",
  "targets\\Dalamud.Plugin.targets": "DDD731601C06B16E10CF2F8990452A27",
  "BitFaster.Caching.dll": "B76D2292507D69BC8C75EFAE007F8928",
  "CheapLoc.dll": "EE89BD495E32B684F23259D7BBACCE25",
  "Costura.dll": "F36325C2D7F62EC1D4D319AC76AF593B",
  "Dalamud.Boot.dll": "AAC76EED2A0B6241FC4094ACB4AADA3B",
  "Dalamud.Common.dll": "6FF3B3D56176EC6DA9ACB4228B1E652D",
  "Dalamud.deps.json": "0B36E19377BD1CB30AD7C19F0975F2D9",
  "Dalamud.dll": "F28653A02EB3F04EC2C0E01FEB9925F0",
  "Dalamud.Injector.deps.json": "C1FA0941DC8B38E415776C60C508AAB9",
  "Dalamud.Injector.dll": "634250358496DB5D468D365AF7DF75F8",
  "Dalamud.Injector.exe": "F96A31E9AC2B4A4F7AA8B5E144265D28",
  "Dalamud.Injector.runtimeconfig.json": "B9BB65FFE7924D4D8BABE9FA66303200",
  "Dalamud.Injector.xml": "D41E5DF541D19A015215E777D7395C9C",
  "Dalamud.runtimeconfig.json": "2A9CD915428BDD175E0889BD0C225F75",
  "Dalamud.xml": "B23A3BFD6A5973E4F8FAD849770ACD80",
  "DalamudCrashHandler.exe": "95BF9A932BC1488997000ED5DD5A47C6",
  "FASM-LICENSE.TXT": "ECEA1D10811221D5F0A3E96F9C38E2C7",
  "FASM.DLL": "D237B9666D7315193A328748F3209AD7",
  "FASMX64.DLL": "EB0284ABE7F5C557E0E0D2BD8D27588F",
  "FFXIVClientStructs.dll": "CDC14075736143AD715B4A55C2C1EA73",
  "FFXIVClientStructs.xml": "B376624435E54BBA877D29E845860A8C",
  "goaaats.Reloaded.Assembler.targets": "CC22CB0A353E2136EE9E6E96DB9F7164",
  "Iced.dll": "447AE5315BC05A47801629C1319FEFD8",
  "ImGui.NET.dll": "896D3C6FFB8039EC391844E7D79559F1",
  "ImGuiScene.dll": "86A0AEDEB3072FF52761402750B118B6",
  "InteropGenerator.Runtime.dll": "2CE56BDA09BF878D539C49E70E38A2B4",
  "JetBrains.Annotations.dll": "B930B3F675AD24349B677D3D04C844A1",
  "licenses.txt": "A159BE62AA91178EFC3E3983AE874D1D",
  "Lumina.dll": "845B7C2FD7C127D9AD793FA3DFC324D9",
  "Lumina.Excel.dll": "4732E621BFF26771F9D4DC260FDF7553",
  "Microsoft.Bcl.HashCode.dll": "613AB56061ADF2284E047025207467E0",
  "Microsoft.DotNet.PlatformAbstractions.dll": "00AB0F02B1114C57C758F5AD595224F1",
  "Microsoft.Extensions.DependencyModel.dll": "F39BC76C10CFEA478C936FC4521A9FC9",
  "Microsoft.Extensions.ObjectPool.dll": "FEE3CE8A84417360CC5ED787ED6F7DB1",
  "MinSharp.dll": "F1AD7EB8A54337452A4D4D348F765B66",
  "Mono.Cecil.dll": "8A1CA59D3C663A460C3EA07AA875704C",
  "Mono.Cecil.Mdb.dll": "F4F1DC1605FA36CEA808E10882B97983",
  "Mono.Cecil.Pdb.dll": "DA64646219537C8DB718ACD2CAF9F337",
  "Mono.Cecil.Rocks.dll": "27DC2E137A810C2B06013AF0D159DF50",
  "nethost.dll": "012081214FE71F0F6ADCD9F4A71B2B00",
  "Newtonsoft.Json.dll": "86A83A63F12B55FD3718CFBFB577D7DC",
  "PeNet.Asn1.dll": "EA1104D26B82B3186DFEFFAAB5FDEC3E",
  "PeNet.dll": "3B2BEBE122B04E2F6919601580E1722D",
  "PInvoke.AdvApi32.dll": "34EE461D05B403C3A15D0DEC32A3788C",
  "PInvoke.BCrypt.dll": "FD07758EE1440491F22923084109FF26",
  "PInvoke.Cabinet.dll": "333D950E3804735DA60CC41D614C63E2",
  "PInvoke.CfgMgr32.dll": "768BE7CC18EDCF78B296A72ABE891691",
  "PInvoke.Crypt32.dll": "E7B00B0851738F4A7F2C6D37DAA973B4",
  "PInvoke.DbgHelp.dll": "E701136169620D20E3A70B560DE20E44",
  "PInvoke.DwmApi.dll": "ACF223CC8962404056648815B486F7D9",
  "PInvoke.Gdi32.dll": "69FF434826F98582CE44D3136ECFFACB",
  "PInvoke.Hid.dll": "2E7A41257F8AD9B26073181F450CD8E5",
  "PInvoke.ImageHlp.dll": "79BE816E8D86EA66489D7780DD675D49",
  "PInvoke.IPHlpApi.dll": "E949FA3326D1BA8872B179AB4EE49D38",
  "PInvoke.Kernel32.dll": "234E15B122ED430DE99490CA1A204958",
  "PInvoke.Magnification.dll": "C9EA3D34F506741ECC044DB19C151F09",
  "PInvoke.Msi.dll": "69EE50CE2DA6B55755E52589F49A7EBC",
  "PInvoke.NCrypt.dll": "DA1DE76C14D99370CA3BEF19DC299B15",
  "PInvoke.NetApi32.dll": "AE79F9FA2E3864A5E0642AE4622ECDC5",
  "PInvoke.NewDev.dll": "B3E1992105D986EF9C5C8E4B630FBB07",
  "PInvoke.NTDll.dll": "3F6BDF840EB27DD0FD9EB8071822183A",
  "PInvoke.Ole32.dll": "3C49FB100B60519FFE725BCD12A538F6",
  "PInvoke.Psapi.dll": "A7683EE4B880227F01C8AE632A892B9E",
  "PInvoke.SetupApi.dll": "1B7AE321185D0081D1759A9AD829F9BA",
  "PInvoke.SHCore.dll": "F27E7F063D51480F6D2294C903E4A606",
  "PInvoke.Shell32.dll": "F71A1BCAF6478190691170DAEA77722F",
  "PInvoke.User32.dll": "8BEDE38311ED4F27127290B81B8079FD",
  "PInvoke.Userenv.dll": "FEB7BCA90B8C905EC2F4BB0789847131",
  "PInvoke.UxTheme.dll": "8E683C016250CB719FDB9AAAFC22B3C5",
  "PInvoke.Windows.Core.dll": "90015440A44935208FFEA9BF61740651",
  "PInvoke.Windows.ShellScalingApi.dll": "F351B34B8C9183A51CADFDC279357C49",
  "PInvoke.WinUsb.dll": "9EB8A0280F2848D1A32B560A939F7336",
  "PInvoke.WtsApi32.dll": "341C94455D2E5893DBE4293D4D67AA4D",
  "Reloaded.Assembler.dll": "D1232B7F332A71E4FB1D98AAD6D7E730",
  "Reloaded.Hooks.Definitions.dll": "0DFD33693208F7D8CD49FBD6D2116492",
  "Reloaded.Hooks.dll": "2BF35478A23A72F167BA0F2C9E6C589F",
  "Reloaded.Memory.Buffers.dll": "7EB1AF58EE6E7D0C275DADD45F16F8EE",
  "Reloaded.Memory.dll": "ABAAA08A414896C76D4980DB5DF53052",
  "revision.txt": "9CE3C52FC54362E22053399D3181C638",
  "SDL2-CS.config": "65557595FD5DF55D93B2BF881DE62C3A",
  "SDL2-CS.dll": "237F302045F180EF76AE00A423784F50",
  "Serilog.dll": "0C0E886DD54B1F61E2CA0298419CA43C",
  "Serilog.Sinks.Async.dll": "208C5AD1C0B301B6516790145C0BB93F",
  "Serilog.Sinks.Console.dll": "B1F1E19931B42582F3855AF781ACCA86",
  "Serilog.Sinks.File.dll": "32694BBD2D5AB71CC553E4185F276A87",
  "SharpDX.Direct3D11.dll": "AD793F571E4BE463AA80E2A9FCE11F4D",
  "SharpDX.dll": "AEF934B562C65D626F84B3740D0B15F6",
  "SharpDX.DXGI.dll": "459032DB3338510353DEAA75448DEBCD",
  "SharpDX.Mathematics.dll": "9257EB9E6323F0EC419FBDB6D5D9BF85",
  "Silk.NET.Core.dll": "1C22229712C6791681792B12C44CCB55",
  "Silk.NET.GLFW.dll": "946F8D1CB54920552987B83278B770D0",
  "Silk.NET.Maths.dll": "8AA8ADF4783FBBD4D7A387945D42F225",
  "Silk.NET.OpenGL.dll": "EBB4FD302801006399A681A755976FD2",
  "Silk.NET.SDL.dll": "A78D35AF2B3BA55ED2686C88822F5C10",
  "Silk.NET.Windowing.Common.dll": "977320DB162A9D4339078C33A48A1019",
  "Silk.NET.Windowing.Glfw.dll": "F39CE4B8CA8B9713646C5F3F8A9274BD",
  "Silk.NET.Windowing.Sdl.dll": "6A90B42F0AAFA488EC8821F2C49DD3AF",
  "SQLite-net.dll": "B270F555A7F25971FDF1B9CA37D8E8DF",
  "SQLitePCLRaw.batteries_v2.dll": "8034B2B7ED94E5C0BA52A11FED2D2364",
  "SQLitePCLRaw.core.dll": "55DD1261E61DBD49F0DFA0D8F63CA355",
  "SQLitePCLRaw.nativelibrary.dll": "BD80822AAA10DC46868E6CC3007D77AB",
  "SQLitePCLRaw.provider.dynamic_cdecl.dll": "CE72E55DA1063B45B1105289E47BAC48",
  "StbiSharp.dll": "078F8F9E1C42CE0A8EF0CED42AE95B4A",
  "System.Reactive.dll": "EF5A00287AD15393D41B12AA4B726FF7",
  "System.Reflection.MetadataLoadContext.dll": "7EC41D41F4E1246757BA3E2EC862D562",
  "System.Security.Cryptography.Pkcs.dll": "8950E01996A37E808BE3F39063C37BF9",
  "TEMP_gitver.txt": "4E7E251F712EEBE21BF626821811F6B2",
  "TerraFX.Interop.Windows.dll": "84F7EF6B0DE91F8CC23F773D3FD6DEC0",
  "Validation.dll": "2A1B7911783DFB0FAFE5E73E9CD0066D"
}
