{
  "runtimes\\alpine-x64\\native\\libe_sqlite3.so": "39C244FEDBCD3DFC37041D4FCE1AE21D",
  "runtimes\\linux-arm\\native\\libe_sqlite3.so": "96CF54BC0EFB83D6E3F5F3E04997A59D",
  "runtimes\\linux-arm64\\native\\libe_sqlite3.so": "F079E55E7F3F9966A4A2052A3234E068",
  "runtimes\\linux-armel\\native\\libe_sqlite3.so": "C5A67D49434FC65D64E9C15778078C76",
  "runtimes\\linux-mips64\\native\\libe_sqlite3.so": "5F8461214089CFC677D46C19B7162161",
  "runtimes\\linux-musl-x64\\native\\libe_sqlite3.so": "39C244FEDBCD3DFC37041D4FCE1AE21D",
  "runtimes\\linux-x64\\native\\libe_sqlite3.so": "6F49C540D3AB9964D67A4A704C3D262D",
  "runtimes\\linux-x64\\native\\libglfw.so.3": "9E3137144F68B9E9793F4C7AD5B1BEA7",
  "runtimes\\linux-x64\\native\\libSDL2-2.0.so": "99B95A708381FC66AB2370E45A260527",
  "runtimes\\linux-x64\\native\\libstbi.so": "0945355ED59677D06E3E88F48101BB26",
  "runtimes\\linux-x86\\native\\libe_sqlite3.so": "5E0659B414CBD6DDC38C65582485853E",
  "runtimes\\osx-x64\\native\\libe_sqlite3.dylib": "F82AE134FCD1C080A69D775591406673",
  "runtimes\\osx-x64\\native\\libglfw.3.dylib": "1E30FAB2F0C40E82290AD4B0BF14A880",
  "runtimes\\osx-x64\\native\\libSDL2-2.0.dylib": "AAC958490586C67395F0A90903AE3747",
  "runtimes\\osx-x64\\native\\libstbi.dylib": "0B84B0A6A80178266018081C3CAB68E6",
  "runtimes\\win-arm\\native\\e_sqlite3.dll": "69EA26EE84A6301D6D466622AB3B406A",
  "runtimes\\win-arm64\\native\\e_sqlite3.dll": "1D7AE4E8AD1BE880116C68125D692606",
  "runtimes\\win-x64\\native\\cimgui.dll": "F8C0BD3FEC60A6A84983B39466AB7C04",
  "runtimes\\win-x64\\native\\cimguizmo.dll": "F7420BD33C2F9B7FA5B6B973E3AAD89C",
  "runtimes\\win-x64\\native\\cimplot.dll": "9ADDBC46768135D80AC3852CB3D509D5",
  "runtimes\\win-x64\\native\\e_sqlite3.dll": "F8A175F74602E301CC60BDD840F72392",
  "runtimes\\win-x64\\native\\glfw3.dll": "0FBD2305F7B60E08E56781876D45B48E",
  "runtimes\\win-x64\\native\\minhook.x64d.dll": "B858C836CF18C220BDBA8C6392424DAB",
  "runtimes\\win-x64\\native\\SDL2.dll": "18A0EA63C7E7E3257006C966BCCB6EF1",
  "runtimes\\win-x64\\native\\stbi.dll": "DB53A02220339C095C8AB0244F7FA399",
  "runtimes\\win-x64\\native\\stbi.lib": "927C214DE576219E1F80DBE7798A0502",
  "runtimes\\win-x86\\native\\e_sqlite3.dll": "8DD82916634BD9F28050B3FE8FCDFA0F",
  "runtimes\\win-x86\\native\\glfw3.dll": "5E62AA91E17E66D166BB1E0B1D69B4D0",
  "runtimes\\win-x86\\native\\SDL2.dll": "FC4883F2481B79888D5CCD805F419281",
  "targets\\Dalamud.Plugin.Bootstrap.targets": "C85635161398CD9852CF7212DB7EB904",
  "targets\\Dalamud.Plugin.targets": "DDD731601C06B16E10CF2F8990452A27",
  "BitFaster.Caching.dll": "4144805899065F3646A30257842DD512",
  "CheapLoc.dll": "4F8AA12F2ACA263FDCB3D53BCF6B6CCE",
  "Costura.dll": "48C07BBF2AC9571432655D6E792EAF81",
  "Dalamud.Boot.dll": "82618C31A4148CEBD4E7D0CB7F03BE5F",
  "Dalamud.Common.dll": "05C6A7EE9EFA9F118C8596082014417A",
  "Dalamud.deps.json": "0B36E19377BD1CB30AD7C19F0975F2D9",
  "Dalamud.dll": "44762D26546A8B2A67BC275A949FE27B",
  "Dalamud.Injector.deps.json": "C1FA0941DC8B38E415776C60C508AAB9",
  "Dalamud.Injector.dll": "999C1ACC921F675774778AFFB4A879D4",
  "Dalamud.Injector.exe": "5221175B35791DF7791EEC249A0761F5",
  "Dalamud.Injector.runtimeconfig.json": "B9BB65FFE7924D4D8BABE9FA66303200",
  "Dalamud.Injector.xml": "D41E5DF541D19A015215E777D7395C9C",
  "Dalamud.runtimeconfig.json": "2A9CD915428BDD175E0889BD0C225F75",
  "Dalamud.xml": "DE0DCC96FE29DA190765CC8D18531384",
  "DalamudCrashHandler.exe": "68652E49037BD004BF0A4688ECD715EE",
  "FASM-LICENSE.TXT": "ECEA1D10811221D5F0A3E96F9C38E2C7",
  "FASM.DLL": "787EBC7CDD70F1A25D771FE2AD38BB6E",
  "FASMX64.DLL": "05381663E9329133F388AF0BA375F184",
  "FFXIVClientStructs.dll": "DD6CEAF41D0AF4D45E53A8E4EDE015B2",
  "FFXIVClientStructs.xml": "9A9DE6FDA4A4671DA9E34CCFC26D443D",
  "goaaats.Reloaded.Assembler.targets": "CC22CB0A353E2136EE9E6E96DB9F7164",
  "Iced.dll": "EDC92297CDCBCA284408508B7F31AAD3",
  "ImGui.NET.dll": "5BFEFAA4C6CC977435EB7AABB53B19A6",
  "ImGuiScene.dll": "E113ED683803B50931EA2E87BCC62D29",
  "InteropGenerator.Runtime.dll": "C35F6E1CD599866920BB9CE9F78A6497",
  "JetBrains.Annotations.dll": "74427F84C4703DFAC61A3F59A47248AA",
  "licenses.txt": "A159BE62AA91178EFC3E3983AE874D1D",
  "Lumina.dll": "5C15690EAD2A8C2FC122A7D913BBC707",
  "Lumina.Excel.dll": "C36D2C4D89023000F9BBDA7D85F4D8E1",
  "Microsoft.Bcl.HashCode.dll": "613AB56061ADF2284E047025207467E0",
  "Microsoft.DotNet.PlatformAbstractions.dll": "00AB0F02B1114C57C758F5AD595224F1",
  "Microsoft.Extensions.DependencyModel.dll": "F39BC76C10CFEA478C936FC4521A9FC9",
  "Microsoft.Extensions.ObjectPool.dll": "FEE3CE8A84417360CC5ED787ED6F7DB1",
  "MinSharp.dll": "E3DEC689D0D264B6FBC76BE7E3AD6B17",
  "Mono.Cecil.dll": "FBAB2EFFB399D5AFD06C36B3DE60E2C6",
  "Mono.Cecil.Mdb.dll": "1DB887108FB23430A05680A48566B674",
  "Mono.Cecil.Pdb.dll": "B3C7D40B23C8A86447B64803CFD3F86F",
  "Mono.Cecil.Rocks.dll": "F93A01C22BCE8CE314E1392AA53E4738",
  "nethost.dll": "012081214FE71F0F6ADCD9F4A71B2B00",
  "Newtonsoft.Json.dll": "86A83A63F12B55FD3718CFBFB577D7DC",
  "PeNet.Asn1.dll": "913663F048F8D76DCAFC5B5848D8D7CB",
  "PeNet.dll": "D5475036E4812B360A6DB0AF270AB192",
  "PInvoke.AdvApi32.dll": "34EE461D05B403C3A15D0DEC32A3788C",
  "PInvoke.BCrypt.dll": "FD07758EE1440491F22923084109FF26",
  "PInvoke.Cabinet.dll": "333D950E3804735DA60CC41D614C63E2",
  "PInvoke.CfgMgr32.dll": "768BE7CC18EDCF78B296A72ABE891691",
  "PInvoke.Crypt32.dll": "E7B00B0851738F4A7F2C6D37DAA973B4",
  "PInvoke.DbgHelp.dll": "E701136169620D20E3A70B560DE20E44",
  "PInvoke.DwmApi.dll": "ACF223CC8962404056648815B486F7D9",
  "PInvoke.Gdi32.dll": "69FF434826F98582CE44D3136ECFFACB",
  "PInvoke.Hid.dll": "2E7A41257F8AD9B26073181F450CD8E5",
  "PInvoke.ImageHlp.dll": "79BE816E8D86EA66489D7780DD675D49",
  "PInvoke.IPHlpApi.dll": "E949FA3326D1BA8872B179AB4EE49D38",
  "PInvoke.Kernel32.dll": "234E15B122ED430DE99490CA1A204958",
  "PInvoke.Magnification.dll": "C9EA3D34F506741ECC044DB19C151F09",
  "PInvoke.Msi.dll": "69EE50CE2DA6B55755E52589F49A7EBC",
  "PInvoke.NCrypt.dll": "DA1DE76C14D99370CA3BEF19DC299B15",
  "PInvoke.NetApi32.dll": "AE79F9FA2E3864A5E0642AE4622ECDC5",
  "PInvoke.NewDev.dll": "B3E1992105D986EF9C5C8E4B630FBB07",
  "PInvoke.NTDll.dll": "3F6BDF840EB27DD0FD9EB8071822183A",
  "PInvoke.Ole32.dll": "3C49FB100B60519FFE725BCD12A538F6",
  "PInvoke.Psapi.dll": "A7683EE4B880227F01C8AE632A892B9E",
  "PInvoke.SetupApi.dll": "1B7AE321185D0081D1759A9AD829F9BA",
  "PInvoke.SHCore.dll": "F27E7F063D51480F6D2294C903E4A606",
  "PInvoke.Shell32.dll": "F71A1BCAF6478190691170DAEA77722F",
  "PInvoke.User32.dll": "8BEDE38311ED4F27127290B81B8079FD",
  "PInvoke.Userenv.dll": "FEB7BCA90B8C905EC2F4BB0789847131",
  "PInvoke.UxTheme.dll": "8E683C016250CB719FDB9AAAFC22B3C5",
  "PInvoke.Windows.Core.dll": "90015440A44935208FFEA9BF61740651",
  "PInvoke.Windows.ShellScalingApi.dll": "F351B34B8C9183A51CADFDC279357C49",
  "PInvoke.WinUsb.dll": "9EB8A0280F2848D1A32B560A939F7336",
  "PInvoke.WtsApi32.dll": "341C94455D2E5893DBE4293D4D67AA4D",
  "Reloaded.Assembler.dll": "AD17939B1DF7208620304F75628E1597",
  "Reloaded.Hooks.Definitions.dll": "52973D4BC50767358B8D78F85B984637",
  "Reloaded.Hooks.dll": "7C3E62424CAC606E53E02B73CEF72622",
  "Reloaded.Memory.Buffers.dll": "194740A5CAF16FEA8F81095BD6451BA5",
  "Reloaded.Memory.dll": "37F6F7839DC348B229D9FB85EB92C9ED",
  "revision.txt": "4A64D913220FCA4C33C140C6952688A8",
  "SDL2-CS.config": "65557595FD5DF55D93B2BF881DE62C3A",
  "SDL2-CS.dll": "D639EE0F3E88575A26CDFCFDF2C7559B",
  "Serilog.dll": "0F5089B154794CB6B9110EACBFFA5843",
  "Serilog.Sinks.Async.dll": "0FC0A03E74E3E3D740918EA0251CEEAF",
  "Serilog.Sinks.Console.dll": "351C6A3B994A866F60EF7D341B463510",
  "Serilog.Sinks.File.dll": "4442945A00A9C90D71907E3C7FC1A976",
  "SharpDX.Direct3D11.dll": "A55E24A0696AC554EC4E04FAF76D5BCA",
  "SharpDX.dll": "0198E3279FDA16EBF9F3351931048B90",
  "SharpDX.DXGI.dll": "B252ECDC1B47CF79EF370D78A42CC1E2",
  "SharpDX.Mathematics.dll": "7B5EF0904C359A88FD6C959C822D7191",
  "Silk.NET.Core.dll": "E42CCAF42CB0F641F0D858A513DA9F9D",
  "Silk.NET.GLFW.dll": "691E7938CE6061342C348CD892AED3D9",
  "Silk.NET.Maths.dll": "F158ACB2B821F8595FDD38F9DBAD7064",
  "Silk.NET.OpenGL.dll": "A302AF3520F413552A40F36AC04687E7",
  "Silk.NET.SDL.dll": "A18478D4E17A430C576E538EABA0B902",
  "Silk.NET.Windowing.Common.dll": "7A050C396E41F2293F2597A2A27B770C",
  "Silk.NET.Windowing.Glfw.dll": "7658205BBE061035D480022E221E1B14",
  "Silk.NET.Windowing.Sdl.dll": "8B27AF8FF80124EDCA7A26FBB335C561",
  "SQLite-net.dll": "E6219274D9493789AB368D879C762C06",
  "SQLitePCLRaw.batteries_v2.dll": "87C932653153DA96915F17723F535143",
  "SQLitePCLRaw.core.dll": "0465A1AB0487933B3415AA74F0E782B8",
  "SQLitePCLRaw.nativelibrary.dll": "48BBC4F1D3E93816461935DDF7694EDD",
  "SQLitePCLRaw.provider.dynamic_cdecl.dll": "D1361A07814D04E1AB4157C727042FED",
  "StbiSharp.dll": "1336CED1544A9F584D4B4600E23D52AD",
  "System.Reactive.dll": "EF5A00287AD15393D41B12AA4B726FF7",
  "System.Reflection.MetadataLoadContext.dll": "7EC41D41F4E1246757BA3E2EC862D562",
  "System.Security.Cryptography.Pkcs.dll": "8950E01996A37E808BE3F39063C37BF9",
  "TEMP_gitver.txt": "F90CE59CB1B6F26F9D290375597F11C2",
  "TerraFX.Interop.Windows.dll": "84F7EF6B0DE91F8CC23F773D3FD6DEC0",
  "Validation.dll": "3CF63ABFB311E538C0E1F58218A3F3E8"
}
