{
  "runtimes\\alpine-x64\\native\\libe_sqlite3.so": "39C244FEDBCD3DFC37041D4FCE1AE21D",
  "runtimes\\linux-arm\\native\\libe_sqlite3.so": "96CF54BC0EFB83D6E3F5F3E04997A59D",
  "runtimes\\linux-arm64\\native\\libe_sqlite3.so": "F079E55E7F3F9966A4A2052A3234E068",
  "runtimes\\linux-armel\\native\\libe_sqlite3.so": "C5A67D49434FC65D64E9C15778078C76",
  "runtimes\\linux-mips64\\native\\libe_sqlite3.so": "5F8461214089CFC677D46C19B7162161",
  "runtimes\\linux-musl-x64\\native\\libe_sqlite3.so": "39C244FEDBCD3DFC37041D4FCE1AE21D",
  "runtimes\\linux-x64\\native\\libe_sqlite3.so": "6F49C540D3AB9964D67A4A704C3D262D",
  "runtimes\\linux-x64\\native\\libglfw.so.3": "9E3137144F68B9E9793F4C7AD5B1BEA7",
  "runtimes\\linux-x64\\native\\libSDL2-2.0.so": "99B95A708381FC66AB2370E45A260527",
  "runtimes\\linux-x64\\native\\libstbi.so": "0945355ED59677D06E3E88F48101BB26",
  "runtimes\\linux-x86\\native\\libe_sqlite3.so": "5E0659B414CBD6DDC38C65582485853E",
  "runtimes\\osx-x64\\native\\libe_sqlite3.dylib": "F82AE134FCD1C080A69D775591406673",
  "runtimes\\osx-x64\\native\\libglfw.3.dylib": "1E30FAB2F0C40E82290AD4B0BF14A880",
  "runtimes\\osx-x64\\native\\libSDL2-2.0.dylib": "AAC958490586C67395F0A90903AE3747",
  "runtimes\\osx-x64\\native\\libstbi.dylib": "0B84B0A6A80178266018081C3CAB68E6",
  "runtimes\\win-arm\\native\\e_sqlite3.dll": "341C0C15A82A60443A080C1CC59DB66C",
  "runtimes\\win-arm64\\native\\e_sqlite3.dll": "43DF67B80FE6E631B73021C25D4A8B95",
  "runtimes\\win-x64\\native\\cimgui.dll": "1D9445855176890F56016B46B79CE061",
  "runtimes\\win-x64\\native\\cimguizmo.dll": "0C0B2AF6F7E5792EA31AD375844A2B87",
  "runtimes\\win-x64\\native\\cimplot.dll": "C04EF4CF71843B6B9ED2BCA50073A9A1",
  "runtimes\\win-x64\\native\\e_sqlite3.dll": "6194370DB2D2C21DAF0FDA87B9F254DF",
  "runtimes\\win-x64\\native\\glfw3.dll": "6AAADE6B8922CCDBDD9E4F651683145C",
  "runtimes\\win-x64\\native\\minhook.x64d.dll": "6D2C67C386CF8DA436B3A9E8CE834BFA",
  "runtimes\\win-x64\\native\\SDL2.dll": "D72B0E101EDC37F95A4553B93E2E9FED",
  "runtimes\\win-x64\\native\\stbi.dll": "049431FF0F26309D72833E4F6F5DB57A",
  "runtimes\\win-x64\\native\\stbi.lib": "927C214DE576219E1F80DBE7798A0502",
  "runtimes\\win-x86\\native\\e_sqlite3.dll": "7475A53D149901FC04E8A0CFAD66C822",
  "runtimes\\win-x86\\native\\glfw3.dll": "CAB1CDB11B6E91B1210A4204EE0B1111",
  "runtimes\\win-x86\\native\\SDL2.dll": "000BCB53A43FB471EFCC2C338FBA35AB",
  "targets\\Dalamud.Plugin.Bootstrap.targets": "C85635161398CD9852CF7212DB7EB904",
  "targets\\Dalamud.Plugin.targets": "DDD731601C06B16E10CF2F8990452A27",
  "BitFaster.Caching.dll": "10C33EB782E319692C7069CDCDD9C779",
  "CheapLoc.dll": "972F269FF56594E556264C0E91E53E5E",
  "Costura.dll": "E6A70924E69351590AB2001C9AA15A68",
  "Dalamud.Boot.dll": "29A0E2F275BC7E85C12D7BC9A4FDCF56",
  "Dalamud.Common.dll": "2A79BBE059325611F27FCB4C05D9EC0A",
  "Dalamud.deps.json": "0B36E19377BD1CB30AD7C19F0975F2D9",
  "Dalamud.dll": "20375D25FD0E05B6DC4B6AD0A122BCE8",
  "Dalamud.Injector.deps.json": "C1FA0941DC8B38E415776C60C508AAB9",
  "Dalamud.Injector.dll": "21F6684933B99519BCB47D4B79559177",
  "Dalamud.Injector.exe": "55AD3EC9DF516819C07BD7EB56D9B69F",
  "Dalamud.Injector.runtimeconfig.json": "B9BB65FFE7924D4D8BABE9FA66303200",
  "Dalamud.Injector.xml": "D41E5DF541D19A015215E777D7395C9C",
  "Dalamud.runtimeconfig.json": "2A9CD915428BDD175E0889BD0C225F75",
  "Dalamud.xml": "DE0DCC96FE29DA190765CC8D18531384",
  "DalamudCrashHandler.exe": "48FE941FFFC686F99110B1E8424DE5F7",
  "FASM-LICENSE.TXT": "ECEA1D10811221D5F0A3E96F9C38E2C7",
  "FASM.DLL": "E2D6F7BE9E40F2CDE9F572685DE11A66",
  "FASMX64.DLL": "A6314142E3A00DD0AD8D2B356155E156",
  "FFXIVClientStructs.dll": "5002FA949B050B4ACC018CF3F9B9F75B",
  "FFXIVClientStructs.xml": "B376624435E54BBA877D29E845860A8C",
  "goaaats.Reloaded.Assembler.targets": "CC22CB0A353E2136EE9E6E96DB9F7164",
  "Iced.dll": "A1302C9541317BC50E76F7D19B051DDD",
  "ImGui.NET.dll": "0166164C1C3C44A83B107E1A955E4AB5",
  "ImGuiScene.dll": "B84C8E4E05C844CEB5D36FEF45B3C2C3",
  "InteropGenerator.Runtime.dll": "49353DDD7BBCB89DC5B5A415754451D1",
  "JetBrains.Annotations.dll": "62F3D752DE89C4435C68E8B9E19555D8",
  "licenses.txt": "A159BE62AA91178EFC3E3983AE874D1D",
  "Lumina.dll": "E800B1DA0BCCA13CDF7B5DFABE74BE3F",
  "Lumina.Excel.dll": "8E63BD7072B58ED8E360C211DF3864AF",
  "Microsoft.Bcl.HashCode.dll": "613AB56061ADF2284E047025207467E0",
  "Microsoft.DotNet.PlatformAbstractions.dll": "00AB0F02B1114C57C758F5AD595224F1",
  "Microsoft.Extensions.DependencyModel.dll": "F39BC76C10CFEA478C936FC4521A9FC9",
  "Microsoft.Extensions.ObjectPool.dll": "FEE3CE8A84417360CC5ED787ED6F7DB1",
  "MinSharp.dll": "11CAB7E32C5A205883D535BB62B03CD4",
  "Mono.Cecil.dll": "215ABFED0EC0BE700A6E570BD5D0310C",
  "Mono.Cecil.Mdb.dll": "813B71966251CC6FA6D3D474D95E70D8",
  "Mono.Cecil.Pdb.dll": "6A4A7E84CB404BDFDEB1D559184648C1",
  "Mono.Cecil.Rocks.dll": "EF8AA617119A07D3FEF6AB67C08D362C",
  "nethost.dll": "012081214FE71F0F6ADCD9F4A71B2B00",
  "Newtonsoft.Json.dll": "86A83A63F12B55FD3718CFBFB577D7DC",
  "PeNet.Asn1.dll": "F4AADD7DB5A51F492D30A495D32E5B3E",
  "PeNet.dll": "9C26FE1D9D06D1D72C503879CAD2C764",
  "PInvoke.AdvApi32.dll": "34EE461D05B403C3A15D0DEC32A3788C",
  "PInvoke.BCrypt.dll": "FD07758EE1440491F22923084109FF26",
  "PInvoke.Cabinet.dll": "333D950E3804735DA60CC41D614C63E2",
  "PInvoke.CfgMgr32.dll": "768BE7CC18EDCF78B296A72ABE891691",
  "PInvoke.Crypt32.dll": "E7B00B0851738F4A7F2C6D37DAA973B4",
  "PInvoke.DbgHelp.dll": "E701136169620D20E3A70B560DE20E44",
  "PInvoke.DwmApi.dll": "ACF223CC8962404056648815B486F7D9",
  "PInvoke.Gdi32.dll": "69FF434826F98582CE44D3136ECFFACB",
  "PInvoke.Hid.dll": "2E7A41257F8AD9B26073181F450CD8E5",
  "PInvoke.ImageHlp.dll": "79BE816E8D86EA66489D7780DD675D49",
  "PInvoke.IPHlpApi.dll": "E949FA3326D1BA8872B179AB4EE49D38",
  "PInvoke.Kernel32.dll": "234E15B122ED430DE99490CA1A204958",
  "PInvoke.Magnification.dll": "C9EA3D34F506741ECC044DB19C151F09",
  "PInvoke.Msi.dll": "69EE50CE2DA6B55755E52589F49A7EBC",
  "PInvoke.NCrypt.dll": "DA1DE76C14D99370CA3BEF19DC299B15",
  "PInvoke.NetApi32.dll": "AE79F9FA2E3864A5E0642AE4622ECDC5",
  "PInvoke.NewDev.dll": "B3E1992105D986EF9C5C8E4B630FBB07",
  "PInvoke.NTDll.dll": "3F6BDF840EB27DD0FD9EB8071822183A",
  "PInvoke.Ole32.dll": "3C49FB100B60519FFE725BCD12A538F6",
  "PInvoke.Psapi.dll": "A7683EE4B880227F01C8AE632A892B9E",
  "PInvoke.SetupApi.dll": "1B7AE321185D0081D1759A9AD829F9BA",
  "PInvoke.SHCore.dll": "F27E7F063D51480F6D2294C903E4A606",
  "PInvoke.Shell32.dll": "F71A1BCAF6478190691170DAEA77722F",
  "PInvoke.User32.dll": "8BEDE38311ED4F27127290B81B8079FD",
  "PInvoke.Userenv.dll": "FEB7BCA90B8C905EC2F4BB0789847131",
  "PInvoke.UxTheme.dll": "8E683C016250CB719FDB9AAAFC22B3C5",
  "PInvoke.Windows.Core.dll": "90015440A44935208FFEA9BF61740651",
  "PInvoke.Windows.ShellScalingApi.dll": "F351B34B8C9183A51CADFDC279357C49",
  "PInvoke.WinUsb.dll": "9EB8A0280F2848D1A32B560A939F7336",
  "PInvoke.WtsApi32.dll": "341C94455D2E5893DBE4293D4D67AA4D",
  "Reloaded.Assembler.dll": "376DAA63EB307BD44FDBDD8689F9B509",
  "Reloaded.Hooks.Definitions.dll": "DA9AF73A70431C6C5A27202674D3DC53",
  "Reloaded.Hooks.dll": "24398CCDB3B68A1E44376EBBB90FB330",
  "Reloaded.Memory.Buffers.dll": "669AF9449FBC27BAEC8DCD54C36D6442",
  "Reloaded.Memory.dll": "F18C3E6AB0D2DD07157077CFA901B1C4",
  "revision.txt": "D3F06EEF2FFAC7FAADBE3055A70682AC",
  "SDL2-CS.config": "65557595FD5DF55D93B2BF881DE62C3A",
  "SDL2-CS.dll": "27C9316DD43D38CEDDE79D72C5E9F5E9",
  "Serilog.dll": "160199C3240C90D4D3C77B00DA81D3FD",
  "Serilog.Sinks.Async.dll": "13A26B77AF9BB3AAFAFB4E5D8CE9CDAC",
  "Serilog.Sinks.Console.dll": "489454DDB7DF4F0E13F16476C87B7C79",
  "Serilog.Sinks.File.dll": "B41961AE63A5331E098F3F679BF249DA",
  "SharpDX.Direct3D11.dll": "87F201CBBA97354429C3C5C13D7E87F5",
  "SharpDX.dll": "DADA31FDA9D16E8CB001EFF42AAC74A5",
  "SharpDX.DXGI.dll": "F7AB554856CC372E71E97A3E581CEE78",
  "SharpDX.Mathematics.dll": "73ED27B0EA43BBAC8A87EB0EDBDE9A21",
  "Silk.NET.Core.dll": "3736F648240D5214327331328751A14B",
  "Silk.NET.GLFW.dll": "D77820FC0490FB937E64358A4C153F1C",
  "Silk.NET.Maths.dll": "9AFFC5F22735CB5E06A3A3544C41020C",
  "Silk.NET.OpenGL.dll": "3ECB18012B62DFCFD83E0BBAF5B97521",
  "Silk.NET.SDL.dll": "3DB5C0C946CE9F8AB4D05F90369890E6",
  "Silk.NET.Windowing.Common.dll": "3E41EBBFCF1575A51113D69B18E36E3E",
  "Silk.NET.Windowing.Glfw.dll": "4DB44FB1C48F9D728D3A3FC207CF446F",
  "Silk.NET.Windowing.Sdl.dll": "72CF6D15B72F032F824FB9FAEDAB6561",
  "SQLite-net.dll": "65686BCD7D9145A5CC9A7B50D0D64817",
  "SQLitePCLRaw.batteries_v2.dll": "903957AE29A63588343ADA46264F9791",
  "SQLitePCLRaw.core.dll": "2CDC9BE60C46C20AB7A27CA94A878D1D",
  "SQLitePCLRaw.nativelibrary.dll": "C6F51C93675817CF8A2AF06F1378FB12",
  "SQLitePCLRaw.provider.dynamic_cdecl.dll": "9A581F3925CDCB5E36B25916E02E070F",
  "StbiSharp.dll": "19A86FD92E2ED97E2F7EECA6D7161212",
  "System.Reactive.dll": "EF5A00287AD15393D41B12AA4B726FF7",
  "System.Reflection.MetadataLoadContext.dll": "7EC41D41F4E1246757BA3E2EC862D562",
  "System.Security.Cryptography.Pkcs.dll": "8950E01996A37E808BE3F39063C37BF9",
  "TEMP_gitver.txt": "AB6A421EB6E046B1C29DD06CEA43B4FD",
  "TerraFX.Interop.Windows.dll": "84F7EF6B0DE91F8CC23F773D3FD6DEC0",
  "Validation.dll": "A8E8F25F9356ACCE5E52082FB1A847FA"
}
