{
  "runtimes\\alpine-x64\\native\\libe_sqlite3.so": "39C244FEDBCD3DFC37041D4FCE1AE21D",
  "runtimes\\linux-arm\\native\\libe_sqlite3.so": "96CF54BC0EFB83D6E3F5F3E04997A59D",
  "runtimes\\linux-arm64\\native\\libe_sqlite3.so": "F079E55E7F3F9966A4A2052A3234E068",
  "runtimes\\linux-armel\\native\\libe_sqlite3.so": "C5A67D49434FC65D64E9C15778078C76",
  "runtimes\\linux-mips64\\native\\libe_sqlite3.so": "5F8461214089CFC677D46C19B7162161",
  "runtimes\\linux-musl-x64\\native\\libe_sqlite3.so": "39C244FEDBCD3DFC37041D4FCE1AE21D",
  "runtimes\\linux-x64\\native\\libe_sqlite3.so": "6F49C540D3AB9964D67A4A704C3D262D",
  "runtimes\\linux-x64\\native\\libglfw.so.3": "9E3137144F68B9E9793F4C7AD5B1BEA7",
  "runtimes\\linux-x64\\native\\libSDL2-2.0.so": "99B95A708381FC66AB2370E45A260527",
  "runtimes\\linux-x64\\native\\libstbi.so": "0945355ED59677D06E3E88F48101BB26",
  "runtimes\\linux-x86\\native\\libe_sqlite3.so": "5E0659B414CBD6DDC38C65582485853E",
  "runtimes\\osx-x64\\native\\libe_sqlite3.dylib": "F82AE134FCD1C080A69D775591406673",
  "runtimes\\osx-x64\\native\\libglfw.3.dylib": "1E30FAB2F0C40E82290AD4B0BF14A880",
  "runtimes\\osx-x64\\native\\libSDL2-2.0.dylib": "AAC958490586C67395F0A90903AE3747",
  "runtimes\\osx-x64\\native\\libstbi.dylib": "0B84B0A6A80178266018081C3CAB68E6",
  "runtimes\\win-arm\\native\\e_sqlite3.dll": "C913D2F421FF690B491C1A1A15B1915C",
  "runtimes\\win-arm64\\native\\e_sqlite3.dll": "567AFC303B9E4BCFF79D77B3CEAE7C8E",
  "runtimes\\win-x64\\native\\cimgui.dll": "D16293688033C6A7EB55A86C653A674A",
  "runtimes\\win-x64\\native\\cimguizmo.dll": "C01E09AB6604F2DCC08867C5AAF870B7",
  "runtimes\\win-x64\\native\\cimplot.dll": "75B608B6DD2882B6786BC5B0431FF752",
  "runtimes\\win-x64\\native\\e_sqlite3.dll": "A60C083F3CB50EED3D2746143C7307C6",
  "runtimes\\win-x64\\native\\glfw3.dll": "5A67E9C42AE75B72012029D73D55E91E",
  "runtimes\\win-x64\\native\\minhook.x64d.dll": "FBD75CB986487120F11C741A924826C8",
  "runtimes\\win-x64\\native\\SDL2.dll": "0078BD87AA74E433B763219740E34594",
  "runtimes\\win-x64\\native\\stbi.dll": "F2C5D49A316BF2F5908136FB33C97551",
  "runtimes\\win-x64\\native\\stbi.lib": "927C214DE576219E1F80DBE7798A0502",
  "runtimes\\win-x86\\native\\e_sqlite3.dll": "6705671D85AE2415289DB29AC2A74177",
  "runtimes\\win-x86\\native\\glfw3.dll": "80EB6B1CFD5F3E035D8E3312FAB5AC0F",
  "runtimes\\win-x86\\native\\SDL2.dll": "3FA2BEA1FF23255265ACBEB3CB87B835",
  "targets\\Dalamud.Plugin.Bootstrap.targets": "C85635161398CD9852CF7212DB7EB904",
  "targets\\Dalamud.Plugin.targets": "DDD731601C06B16E10CF2F8990452A27",
  "BitFaster.Caching.dll": "7ED0A15236CC854DD180EA881EB2CC68",
  "CheapLoc.dll": "0CE60BD94EB5CE70C1F3D8BD981D6AFB",
  "Costura.dll": "5D076B63A1D4A9AB92B7D95FC313E27F",
  "Dalamud.Boot.dll": "4B4D2F5AAF94EC903FD315605C619BA4",
  "Dalamud.Common.dll": "EDD37638F7A1D54941BD1CA675FF52DB",
  "Dalamud.deps.json": "0B36E19377BD1CB30AD7C19F0975F2D9",
  "Dalamud.dll": "67C34BAAA4271F969A709B21A316DF96",
  "Dalamud.Injector.deps.json": "C1FA0941DC8B38E415776C60C508AAB9",
  "Dalamud.Injector.dll": "0BA465D09B9CCB790CCCFB697D08D146",
  "Dalamud.Injector.exe": "477B77829F3EDAA5ED0E8269FEA8F824",
  "Dalamud.Injector.runtimeconfig.json": "B9BB65FFE7924D4D8BABE9FA66303200",
  "Dalamud.Injector.xml": "D41E5DF541D19A015215E777D7395C9C",
  "Dalamud.runtimeconfig.json": "2A9CD915428BDD175E0889BD0C225F75",
  "Dalamud.xml": "D10D78532EADE8716A96CE104F726D4A",
  "DalamudCrashHandler.exe": "B16321144372C6A33BCB7E90713F2C8B",
  "FASM-LICENSE.TXT": "ECEA1D10811221D5F0A3E96F9C38E2C7",
  "FASM.DLL": "E92C0C0CE317849981FEB4738EEA9B34",
  "FASMX64.DLL": "E15C76D7598F782F509DA2F4A18EA9A4",
  "FFXIVClientStructs.dll": "9DBDD17F18ADEB74D33C2CF8A4C7760E",
  "FFXIVClientStructs.xml": "2B08ACEBADB7413F8561445CE837317B",
  "goaaats.Reloaded.Assembler.targets": "CC22CB0A353E2136EE9E6E96DB9F7164",
  "Iced.dll": "CA48D70D092E8BC542558EF156EE14FE",
  "ImGui.NET.dll": "78B1467D0C99F5959BCAD2965F993F50",
  "ImGuiScene.dll": "22178706121276889F0F32CA761D9D65",
  "InteropGenerator.Runtime.dll": "9EBB974F7DB99DD41102053C8B81D41A",
  "JetBrains.Annotations.dll": "13277AF9DC40F9B821062CD32B65E801",
  "licenses.txt": "A159BE62AA91178EFC3E3983AE874D1D",
  "Lumina.dll": "236D81380ECE967B2484933686F634E8",
  "Lumina.Excel.dll": "D73EB791EF88EF2FF0C85F8F9B094642",
  "Microsoft.Bcl.HashCode.dll": "613AB56061ADF2284E047025207467E0",
  "Microsoft.DotNet.PlatformAbstractions.dll": "00AB0F02B1114C57C758F5AD595224F1",
  "Microsoft.Extensions.DependencyModel.dll": "F39BC76C10CFEA478C936FC4521A9FC9",
  "Microsoft.Extensions.ObjectPool.dll": "FEE3CE8A84417360CC5ED787ED6F7DB1",
  "MinSharp.dll": "7E2DA5DB6B491183BC8022173EC85B7B",
  "Mono.Cecil.dll": "210B7E838A505F40E2CA57CE5553D5E3",
  "Mono.Cecil.Mdb.dll": "F6BF65673AB663BA07BF56C3B9396A08",
  "Mono.Cecil.Pdb.dll": "67DCBBA98F770B2C8217EDF1B2A0B23D",
  "Mono.Cecil.Rocks.dll": "8099D86C8D2D4C73161600422C8413F3",
  "nethost.dll": "012081214FE71F0F6ADCD9F4A71B2B00",
  "Newtonsoft.Json.dll": "86A83A63F12B55FD3718CFBFB577D7DC",
  "PeNet.Asn1.dll": "BC55A9AB893B940DE8EFA66AD2A71B15",
  "PeNet.dll": "C1060DBDFA29C2446155900155FA90E8",
  "PInvoke.AdvApi32.dll": "34EE461D05B403C3A15D0DEC32A3788C",
  "PInvoke.BCrypt.dll": "FD07758EE1440491F22923084109FF26",
  "PInvoke.Cabinet.dll": "333D950E3804735DA60CC41D614C63E2",
  "PInvoke.CfgMgr32.dll": "768BE7CC18EDCF78B296A72ABE891691",
  "PInvoke.Crypt32.dll": "E7B00B0851738F4A7F2C6D37DAA973B4",
  "PInvoke.DbgHelp.dll": "E701136169620D20E3A70B560DE20E44",
  "PInvoke.DwmApi.dll": "ACF223CC8962404056648815B486F7D9",
  "PInvoke.Gdi32.dll": "69FF434826F98582CE44D3136ECFFACB",
  "PInvoke.Hid.dll": "2E7A41257F8AD9B26073181F450CD8E5",
  "PInvoke.ImageHlp.dll": "79BE816E8D86EA66489D7780DD675D49",
  "PInvoke.IPHlpApi.dll": "E949FA3326D1BA8872B179AB4EE49D38",
  "PInvoke.Kernel32.dll": "234E15B122ED430DE99490CA1A204958",
  "PInvoke.Magnification.dll": "C9EA3D34F506741ECC044DB19C151F09",
  "PInvoke.Msi.dll": "69EE50CE2DA6B55755E52589F49A7EBC",
  "PInvoke.NCrypt.dll": "DA1DE76C14D99370CA3BEF19DC299B15",
  "PInvoke.NetApi32.dll": "AE79F9FA2E3864A5E0642AE4622ECDC5",
  "PInvoke.NewDev.dll": "B3E1992105D986EF9C5C8E4B630FBB07",
  "PInvoke.NTDll.dll": "3F6BDF840EB27DD0FD9EB8071822183A",
  "PInvoke.Ole32.dll": "3C49FB100B60519FFE725BCD12A538F6",
  "PInvoke.Psapi.dll": "A7683EE4B880227F01C8AE632A892B9E",
  "PInvoke.SetupApi.dll": "1B7AE321185D0081D1759A9AD829F9BA",
  "PInvoke.SHCore.dll": "F27E7F063D51480F6D2294C903E4A606",
  "PInvoke.Shell32.dll": "F71A1BCAF6478190691170DAEA77722F",
  "PInvoke.User32.dll": "8BEDE38311ED4F27127290B81B8079FD",
  "PInvoke.Userenv.dll": "FEB7BCA90B8C905EC2F4BB0789847131",
  "PInvoke.UxTheme.dll": "8E683C016250CB719FDB9AAAFC22B3C5",
  "PInvoke.Windows.Core.dll": "90015440A44935208FFEA9BF61740651",
  "PInvoke.Windows.ShellScalingApi.dll": "F351B34B8C9183A51CADFDC279357C49",
  "PInvoke.WinUsb.dll": "9EB8A0280F2848D1A32B560A939F7336",
  "PInvoke.WtsApi32.dll": "341C94455D2E5893DBE4293D4D67AA4D",
  "Reloaded.Assembler.dll": "F9D955A196004542C46EC0054B126E0F",
  "Reloaded.Hooks.Definitions.dll": "E9EAED6C5466BD715D745B499A3DE3C5",
  "Reloaded.Hooks.dll": "0B61ABABFFB2C7E50A4210DC9868651F",
  "Reloaded.Memory.Buffers.dll": "180353872D74729416CAA580338A683F",
  "Reloaded.Memory.dll": "A68550C6335EE54875D436DCFFC25F9A",
  "revision.txt": "739CF54211AA6B75DD3001D54064E7A7",
  "SDL2-CS.config": "65557595FD5DF55D93B2BF881DE62C3A",
  "SDL2-CS.dll": "01B37C805B97BDAC5F29681DCB31CB6C",
  "Serilog.dll": "CE6A5F42CCC0E9B01D7B44C607C9BE4C",
  "Serilog.Sinks.Async.dll": "EBE16148DCC245E98EF04AD2EE45423A",
  "Serilog.Sinks.Console.dll": "BD4E7D83B2EFD22374BCA358D6A8F729",
  "Serilog.Sinks.File.dll": "D14CFA329D1D9E15DE63BB929F9B3E02",
  "SharpDX.Direct3D11.dll": "7E618C690F02F766CAD8ECF1339ADCB4",
  "SharpDX.dll": "5286E6EE92B4E1D9394E65BED90AAA19",
  "SharpDX.DXGI.dll": "D4A65E96EB9A3A9A1EC6C5E034B5719B",
  "SharpDX.Mathematics.dll": "94BDCADF0685341F290CED7AA4C0BC5E",
  "Silk.NET.Core.dll": "7F63AC6B4D02727A6C470348C950CF27",
  "Silk.NET.GLFW.dll": "3D1FCFBBB36AD8215ACA97A3672B2635",
  "Silk.NET.Maths.dll": "7A89A2888618249932FB4A0A70FC8208",
  "Silk.NET.OpenGL.dll": "015429F9CBD65D3AA6D71CC9075A44B1",
  "Silk.NET.SDL.dll": "46A14409BEE3E32A2F48A3389962F7BD",
  "Silk.NET.Windowing.Common.dll": "607FC7042D3F6E0FF24B0DD54A832441",
  "Silk.NET.Windowing.Glfw.dll": "1272ED201323A30595B7124C70D34BCF",
  "Silk.NET.Windowing.Sdl.dll": "F3A45111E64B727EE6894A651F2C535F",
  "SQLite-net.dll": "1A408CE89F2454153DF44FE909928FBC",
  "SQLitePCLRaw.batteries_v2.dll": "2F2F7514F9B48F017ECC3943CDB47F89",
  "SQLitePCLRaw.core.dll": "023FE4520EC318C94F538A661A20A727",
  "SQLitePCLRaw.nativelibrary.dll": "EBA09F968933D2B009FD17CB33C2DF75",
  "SQLitePCLRaw.provider.dynamic_cdecl.dll": "DB132762A7418D516884BB4477D84C4A",
  "StbiSharp.dll": "88A8E6986FD682C0ECE0B1A38D70412A",
  "System.Reactive.dll": "EF5A00287AD15393D41B12AA4B726FF7",
  "System.Reflection.MetadataLoadContext.dll": "7EC41D41F4E1246757BA3E2EC862D562",
  "System.Security.Cryptography.Pkcs.dll": "8950E01996A37E808BE3F39063C37BF9",
  "TEMP_gitver.txt": "1CEBAB75D545B8BF8397D6B2528FFED6",
  "TerraFX.Interop.Windows.dll": "84F7EF6B0DE91F8CC23F773D3FD6DEC0",
  "Validation.dll": "BE4A3ADBA51B8A56DA455D38657E3D8C"
}
