{
  "runtimes\\alpine-x64\\native\\libe_sqlite3.so": "39C244FEDBCD3DFC37041D4FCE1AE21D",
  "runtimes\\linux-arm\\native\\libe_sqlite3.so": "96CF54BC0EFB83D6E3F5F3E04997A59D",
  "runtimes\\linux-arm64\\native\\libe_sqlite3.so": "F079E55E7F3F9966A4A2052A3234E068",
  "runtimes\\linux-armel\\native\\libe_sqlite3.so": "C5A67D49434FC65D64E9C15778078C76",
  "runtimes\\linux-mips64\\native\\libe_sqlite3.so": "5F8461214089CFC677D46C19B7162161",
  "runtimes\\linux-musl-x64\\native\\libe_sqlite3.so": "39C244FEDBCD3DFC37041D4FCE1AE21D",
  "runtimes\\linux-x64\\native\\libe_sqlite3.so": "6F49C540D3AB9964D67A4A704C3D262D",
  "runtimes\\linux-x64\\native\\libglfw.so.3": "9E3137144F68B9E9793F4C7AD5B1BEA7",
  "runtimes\\linux-x64\\native\\libSDL2-2.0.so": "99B95A708381FC66AB2370E45A260527",
  "runtimes\\linux-x64\\native\\libstbi.so": "0945355ED59677D06E3E88F48101BB26",
  "runtimes\\linux-x86\\native\\libe_sqlite3.so": "5E0659B414CBD6DDC38C65582485853E",
  "runtimes\\osx-x64\\native\\libe_sqlite3.dylib": "F82AE134FCD1C080A69D775591406673",
  "runtimes\\osx-x64\\native\\libglfw.3.dylib": "1E30FAB2F0C40E82290AD4B0BF14A880",
  "runtimes\\osx-x64\\native\\libSDL2-2.0.dylib": "AAC958490586C67395F0A90903AE3747",
  "runtimes\\osx-x64\\native\\libstbi.dylib": "0B84B0A6A80178266018081C3CAB68E6",
  "runtimes\\win-arm\\native\\e_sqlite3.dll": "E0DFD9F56671AA4C1B30AA9135DC2F06",
  "runtimes\\win-arm64\\native\\e_sqlite3.dll": "94FED4A524289776549D124EF093EF85",
  "runtimes\\win-x64\\native\\cimgui.dll": "AC57030D19C1506158EBEE00B1BF19C3",
  "runtimes\\win-x64\\native\\cimguizmo.dll": "D98BC7EE0A171DDA2D502DB748F8BC7A",
  "runtimes\\win-x64\\native\\cimplot.dll": "B0B08EA31A8799AB16116462F695C6EC",
  "runtimes\\win-x64\\native\\e_sqlite3.dll": "04FE427315894CC60E92A9457084DF55",
  "runtimes\\win-x64\\native\\glfw3.dll": "76716162E1F6E3630102B14FBE95C4AC",
  "runtimes\\win-x64\\native\\minhook.x64d.dll": "14C667516288D5E0098F0C04AD2706A2",
  "runtimes\\win-x64\\native\\SDL2.dll": "FD9C9F8BCCEC02E7019F642C415F1F4D",
  "runtimes\\win-x64\\native\\stbi.dll": "4B22BEF9226C846427D972F74C0FF620",
  "runtimes\\win-x64\\native\\stbi.lib": "927C214DE576219E1F80DBE7798A0502",
  "runtimes\\win-x86\\native\\e_sqlite3.dll": "E5923EA82C074D9DF7B901FE9F9C08A0",
  "runtimes\\win-x86\\native\\glfw3.dll": "D84DF0DF93C4CE8518E74D5C0BBE7793",
  "runtimes\\win-x86\\native\\SDL2.dll": "D5D8520C1C7560ADFBBAE6CADBCF5A7E",
  "targets\\Dalamud.Plugin.Bootstrap.targets": "C85635161398CD9852CF7212DB7EB904",
  "targets\\Dalamud.Plugin.targets": "E2AA900DB1F6596D1C203D4112A10F5E",
  "CheapLoc.dll": "0782DE07CA7D97EB3876F0451A76C9E5",
  "Costura.dll": "0BDAF18787E3E228A29E63F915776009",
  "Dalamud.Boot.dll": "917D397D86844C88A2E0B48011FB68AE",
  "Dalamud.Common.dll": "B82AAC3803A9C3C2D831D51CCFF08CAC",
  "Dalamud.deps.json": "5EC064218B6A161E5195EC66217B428D",
  "Dalamud.dll": "4248FAA05710716448AD7BE30AA7776C",
  "Dalamud.Injector.deps.json": "C1FA0941DC8B38E415776C60C508AAB9",
  "Dalamud.Injector.dll": "B8494A8C495E81A9FECA0E5C99C4E0A7",
  "Dalamud.Injector.exe": "82AA3E745F8366CFE3A1889EF2EF66ED",
  "Dalamud.Injector.runtimeconfig.json": "B9BB65FFE7924D4D8BABE9FA66303200",
  "Dalamud.Injector.xml": "D41E5DF541D19A015215E777D7395C9C",
  "Dalamud.runtimeconfig.json": "2A9CD915428BDD175E0889BD0C225F75",
  "Dalamud.xml": "2ACFBC5D0F972789CC4C44F13C597EA8",
  "DalamudCrashHandler.exe": "96F5A273C8557B8E609619B6AF855EAE",
  "FASM-LICENSE.TXT": "ECEA1D10811221D5F0A3E96F9C38E2C7",
  "FASM.DLL": "7AF9DEF51CB0CDAF1541A754C6D9A0D5",
  "FASMX64.DLL": "E4C9B998CD64DABDD129477AAB9F422A",
  "FFXIVClientStructs.dll": "1D0CA0AF08FD222AC3CA70EFF77B9E15",
  "FFXIVClientStructs.xml": "A720C71AA8A1591E1C1220595A4B5E96",
  "goaaats.Reloaded.Assembler.targets": "CC22CB0A353E2136EE9E6E96DB9F7164",
  "Iced.dll": "216DFDCF1553E154492A8B3F5374EE4D",
  "ImGui.NET.dll": "20B4762763F81A196CA0F3091BC44CAC",
  "ImGuiScene.dll": "94BAAE5F0C3763FCAA8C2EE5484BD7E5",
  "JetBrains.Annotations.dll": "D9F43157596749C56745EAD3B817500B",
  "licenses.txt": "A159BE62AA91178EFC3E3983AE874D1D",
  "Lumina.dll": "B8209025B170A5F6B1F478F32D1E7E34",
  "Lumina.Excel.dll": "828EB5059A007A26F8BCE72EDDF323A3",
  "Microsoft.Bcl.HashCode.dll": "613AB56061ADF2284E047025207467E0",
  "Microsoft.DotNet.PlatformAbstractions.dll": "00AB0F02B1114C57C758F5AD595224F1",
  "Microsoft.Extensions.DependencyModel.dll": "F39BC76C10CFEA478C936FC4521A9FC9",
  "Microsoft.Extensions.ObjectPool.dll": "FEE3CE8A84417360CC5ED787ED6F7DB1",
  "MinSharp.dll": "E31C6A363B369ECE03DF98909FCFE118",
  "Mono.Cecil.dll": "7554724888B142A1EC1B3052FEF07168",
  "Mono.Cecil.Mdb.dll": "D569C2922975178289069AAFA009E2D3",
  "Mono.Cecil.Pdb.dll": "4CBAA0A5CDDD62EDF1ACA74FBA147DBD",
  "Mono.Cecil.Rocks.dll": "26D05721F834008AAD622CE26AF5D936",
  "nethost.dll": "012081214FE71F0F6ADCD9F4A71B2B00",
  "Newtonsoft.Json.dll": "86A83A63F12B55FD3718CFBFB577D7DC",
  "PeNet.Asn1.dll": "C01DC2A62EE8D5E5E2F8377B7A716DFD",
  "PeNet.dll": "6BB99C57D94B728808CB4FFD158B383A",
  "PInvoke.AdvApi32.dll": "34EE461D05B403C3A15D0DEC32A3788C",
  "PInvoke.BCrypt.dll": "FD07758EE1440491F22923084109FF26",
  "PInvoke.Cabinet.dll": "333D950E3804735DA60CC41D614C63E2",
  "PInvoke.CfgMgr32.dll": "768BE7CC18EDCF78B296A72ABE891691",
  "PInvoke.Crypt32.dll": "E7B00B0851738F4A7F2C6D37DAA973B4",
  "PInvoke.DbgHelp.dll": "E701136169620D20E3A70B560DE20E44",
  "PInvoke.DwmApi.dll": "ACF223CC8962404056648815B486F7D9",
  "PInvoke.Gdi32.dll": "69FF434826F98582CE44D3136ECFFACB",
  "PInvoke.Hid.dll": "2E7A41257F8AD9B26073181F450CD8E5",
  "PInvoke.ImageHlp.dll": "79BE816E8D86EA66489D7780DD675D49",
  "PInvoke.IPHlpApi.dll": "E949FA3326D1BA8872B179AB4EE49D38",
  "PInvoke.Kernel32.dll": "234E15B122ED430DE99490CA1A204958",
  "PInvoke.Magnification.dll": "C9EA3D34F506741ECC044DB19C151F09",
  "PInvoke.Msi.dll": "69EE50CE2DA6B55755E52589F49A7EBC",
  "PInvoke.NCrypt.dll": "DA1DE76C14D99370CA3BEF19DC299B15",
  "PInvoke.NetApi32.dll": "AE79F9FA2E3864A5E0642AE4622ECDC5",
  "PInvoke.NewDev.dll": "B3E1992105D986EF9C5C8E4B630FBB07",
  "PInvoke.NTDll.dll": "3F6BDF840EB27DD0FD9EB8071822183A",
  "PInvoke.Ole32.dll": "3C49FB100B60519FFE725BCD12A538F6",
  "PInvoke.Psapi.dll": "A7683EE4B880227F01C8AE632A892B9E",
  "PInvoke.SetupApi.dll": "1B7AE321185D0081D1759A9AD829F9BA",
  "PInvoke.SHCore.dll": "F27E7F063D51480F6D2294C903E4A606",
  "PInvoke.Shell32.dll": "F71A1BCAF6478190691170DAEA77722F",
  "PInvoke.User32.dll": "8BEDE38311ED4F27127290B81B8079FD",
  "PInvoke.Userenv.dll": "FEB7BCA90B8C905EC2F4BB0789847131",
  "PInvoke.UxTheme.dll": "8E683C016250CB719FDB9AAAFC22B3C5",
  "PInvoke.Windows.Core.dll": "90015440A44935208FFEA9BF61740651",
  "PInvoke.Windows.ShellScalingApi.dll": "F351B34B8C9183A51CADFDC279357C49",
  "PInvoke.WinUsb.dll": "9EB8A0280F2848D1A32B560A939F7336",
  "PInvoke.WtsApi32.dll": "341C94455D2E5893DBE4293D4D67AA4D",
  "Reloaded.Assembler.dll": "3451C481C9222003F59C67FB4F25CB15",
  "Reloaded.Hooks.Definitions.dll": "77121DBFB62BA1F56F31E40DDB353E3F",
  "Reloaded.Hooks.dll": "BC20307C911E4F62959A10A0AFD6ED1D",
  "Reloaded.Memory.Buffers.dll": "FB1C95AAD05DE7F4EB6885337900815E",
  "Reloaded.Memory.dll": "C6579E9C3DC6261C36802F0BA3F5AD80",
  "revision.txt": "CF040FC71060367913E81AC1EB050AEA",
  "SDL2-CS.config": "65557595FD5DF55D93B2BF881DE62C3A",
  "SDL2-CS.dll": "D994FE112E5FA9D3E483E0E15E533FBA",
  "Serilog.dll": "9F73AA6D1ADCD7ADBED2ECC253EEBE81",
  "Serilog.Sinks.Async.dll": "75262BEDFC484E7E0AED30DD2B69FFC9",
  "Serilog.Sinks.Console.dll": "F871842DE195F0FC62E1E78006120625",
  "Serilog.Sinks.File.dll": "0F9AD8008D015A7E1484B52BD5AE1DD1",
  "SharpDX.Direct3D11.dll": "AC5799C9EBE6A41C1DA5058EEDE55789",
  "SharpDX.dll": "9679760245F933986BA4A3B8ADE21728",
  "SharpDX.DXGI.dll": "82BD1377E74748DBB646036DF56A98E9",
  "SharpDX.Mathematics.dll": "4CAFDCABF08E924BD8648E5650E6A73F",
  "Silk.NET.Core.dll": "7E48529DB27A363CB403ED76A15E5763",
  "Silk.NET.GLFW.dll": "F522C608BD95DA4A10DB8EE1B71FDF76",
  "Silk.NET.Maths.dll": "7C6062F86AB9EE7C8D6AC74A518D397E",
  "Silk.NET.OpenGL.dll": "1CA928E7912465185E250337B7978CAF",
  "Silk.NET.SDL.dll": "37068F5FA8A3DF0613F3760E56EC4D62",
  "Silk.NET.Windowing.Common.dll": "A1EDFD4555F88F2C9108E1A8791F81D8",
  "Silk.NET.Windowing.Glfw.dll": "60750C6DD24280F5A4DB68C4C4FED8E9",
  "Silk.NET.Windowing.Sdl.dll": "B051C3CB96FA178574C23E5676AAB9BB",
  "SQLite-net.dll": "52B8FF575BE5E37C2896CDC9CEF78418",
  "SQLitePCLRaw.batteries_v2.dll": "F36A74B0FFF70F440DF22EC6FDE46E06",
  "SQLitePCLRaw.core.dll": "B8F1A9335718F2AAA3DE9524F853944B",
  "SQLitePCLRaw.nativelibrary.dll": "92A92F0741125D32B7520367D8E73CC9",
  "SQLitePCLRaw.provider.dynamic_cdecl.dll": "8733AE5AE8BD59063493A8D34C038156",
  "StbiSharp.dll": "3A4B04D0AD01D79C93140B9F0025EF1F",
  "System.Reactive.dll": "EF5A00287AD15393D41B12AA4B726FF7",
  "System.Reflection.MetadataLoadContext.dll": "7EC41D41F4E1246757BA3E2EC862D562",
  "System.Security.Cryptography.Pkcs.dll": "8950E01996A37E808BE3F39063C37BF9",
  "TEMP_gitver.txt": "1EC290E86B80551E16096C38625B0FB4",
  "TerraFX.Interop.Windows.dll": "84F7EF6B0DE91F8CC23F773D3FD6DEC0",
  "Validation.dll": "C6DFBB82B7BFC4240D07446085E4384C"
}
