{
  "runtimes\\alpine-x64\\native\\libe_sqlite3.so": "39C244FEDBCD3DFC37041D4FCE1AE21D",
  "runtimes\\linux-arm\\native\\libe_sqlite3.so": "96CF54BC0EFB83D6E3F5F3E04997A59D",
  "runtimes\\linux-arm64\\native\\libe_sqlite3.so": "F079E55E7F3F9966A4A2052A3234E068",
  "runtimes\\linux-armel\\native\\libe_sqlite3.so": "C5A67D49434FC65D64E9C15778078C76",
  "runtimes\\linux-mips64\\native\\libe_sqlite3.so": "5F8461214089CFC677D46C19B7162161",
  "runtimes\\linux-musl-x64\\native\\libe_sqlite3.so": "39C244FEDBCD3DFC37041D4FCE1AE21D",
  "runtimes\\linux-x64\\native\\libe_sqlite3.so": "6F49C540D3AB9964D67A4A704C3D262D",
  "runtimes\\linux-x64\\native\\libglfw.so.3": "9E3137144F68B9E9793F4C7AD5B1BEA7",
  "runtimes\\linux-x64\\native\\libSDL2-2.0.so": "99B95A708381FC66AB2370E45A260527",
  "runtimes\\linux-x64\\native\\libstbi.so": "0945355ED59677D06E3E88F48101BB26",
  "runtimes\\linux-x86\\native\\libe_sqlite3.so": "5E0659B414CBD6DDC38C65582485853E",
  "runtimes\\osx-x64\\native\\libe_sqlite3.dylib": "F82AE134FCD1C080A69D775591406673",
  "runtimes\\osx-x64\\native\\libglfw.3.dylib": "1E30FAB2F0C40E82290AD4B0BF14A880",
  "runtimes\\osx-x64\\native\\libSDL2-2.0.dylib": "AAC958490586C67395F0A90903AE3747",
  "runtimes\\osx-x64\\native\\libstbi.dylib": "0B84B0A6A80178266018081C3CAB68E6",
  "runtimes\\win-arm\\native\\e_sqlite3.dll": "3E322036943A78032B53553B9E431A44",
  "runtimes\\win-arm64\\native\\e_sqlite3.dll": "692CCCAB9DBCD8068827587E57BA28F1",
  "runtimes\\win-x64\\native\\cimgui.dll": "1F217C7A5BC0A8EF63CC40F2CCFB84A4",
  "runtimes\\win-x64\\native\\cimguizmo.dll": "88DCD66754D6985EF407E9B60486C00D",
  "runtimes\\win-x64\\native\\cimplot.dll": "7772B9AF872F09332DEC6F3E33A699EF",
  "runtimes\\win-x64\\native\\e_sqlite3.dll": "199F67B2C60FBC06F63ACEE0B07141BF",
  "runtimes\\win-x64\\native\\glfw3.dll": "EFA469A5DCFAA64881FF2B34115F51A7",
  "runtimes\\win-x64\\native\\minhook.x64d.dll": "64625D3337BFAE7840A5A1DFD5F0F732",
  "runtimes\\win-x64\\native\\SDL2.dll": "FF6470ECA80CC3C4C924E31167FFA1B5",
  "runtimes\\win-x64\\native\\stbi.dll": "909A4FE2AE021F2AD305C82EE5278BFD",
  "runtimes\\win-x64\\native\\stbi.lib": "927C214DE576219E1F80DBE7798A0502",
  "runtimes\\win-x86\\native\\e_sqlite3.dll": "5F56A3ADB1F9C7EDD1ABB660BE1F6672",
  "runtimes\\win-x86\\native\\glfw3.dll": "14135766EFF5042A2C17088B5FF0C97B",
  "runtimes\\win-x86\\native\\SDL2.dll": "EB9155CE7C83C07D046BC5804113C6F2",
  "targets\\Dalamud.Plugin.Bootstrap.targets": "C85635161398CD9852CF7212DB7EB904",
  "targets\\Dalamud.Plugin.targets": "E2AA900DB1F6596D1C203D4112A10F5E",
  "BitFaster.Caching.dll": "2475FBE91E50E8AC45E1715274BC15EB",
  "CheapLoc.dll": "2863B66E110F2A85773119D6ABDD6B90",
  "Costura.dll": "FCBE016FC588CFEC3C2AF2E7A1E6C8E6",
  "Dalamud.Boot.dll": "79FAC0FF7D59E5CA39A91D1FF34F0706",
  "Dalamud.Common.dll": "052D421E4BC1937DC22AAF97BAD65DC6",
  "Dalamud.deps.json": "4FB7E754EA1434548CD1C73B8C62BD5D",
  "Dalamud.dll": "FF438630B2B6E170833B76B2D9648806",
  "Dalamud.Injector.deps.json": "C1FA0941DC8B38E415776C60C508AAB9",
  "Dalamud.Injector.dll": "C4FC6DBAD637B5F13567F67CA34F93BD",
  "Dalamud.Injector.exe": "BF61B1EBAF8D6D29297E299F100BBDF7",
  "Dalamud.Injector.runtimeconfig.json": "B9BB65FFE7924D4D8BABE9FA66303200",
  "Dalamud.Injector.xml": "D41E5DF541D19A015215E777D7395C9C",
  "Dalamud.runtimeconfig.json": "2A9CD915428BDD175E0889BD0C225F75",
  "Dalamud.xml": "01469E21DF040D373F5D80537EFBB0CE",
  "DalamudCrashHandler.exe": "DD2B2E8AA373A8C2E61C712CB7D04163",
  "FASM-LICENSE.TXT": "ECEA1D10811221D5F0A3E96F9C38E2C7",
  "FASM.DLL": "FA785719E517E0EEBA0715ED3B41C1A5",
  "FASMX64.DLL": "B9A19F6661C2CD6CAB664F68A2AE0CB6",
  "FFXIVClientStructs.dll": "7F3946B09983EDE40CAE9A9CE8ABA02B",
  "FFXIVClientStructs.xml": "3C673C8B00E1798B19E579339C9CB903",
  "goaaats.Reloaded.Assembler.targets": "CC22CB0A353E2136EE9E6E96DB9F7164",
  "Iced.dll": "88EFF9862A128FA2F5987A2E38C0CF68",
  "ImGui.NET.dll": "58CED0E5F6CCD58DFD60482F7C7AF46B",
  "ImGuiScene.dll": "355EFBD3EAC4CF107E5C84A668FC9E20",
  "InteropGenerator.Runtime.dll": "5C5315E1457CAEDED213B99811FDA085",
  "JetBrains.Annotations.dll": "05C4ED31AA7DEA024F1EF1CAAEC7D29A",
  "licenses.txt": "A159BE62AA91178EFC3E3983AE874D1D",
  "Lumina.dll": "69357B00B0AB89E08093627657F93095",
  "Lumina.Excel.dll": "A8E070D471A10E6F6AB5E81897D60E94",
  "Microsoft.Bcl.HashCode.dll": "613AB56061ADF2284E047025207467E0",
  "Microsoft.DotNet.PlatformAbstractions.dll": "00AB0F02B1114C57C758F5AD595224F1",
  "Microsoft.Extensions.DependencyModel.dll": "F39BC76C10CFEA478C936FC4521A9FC9",
  "Microsoft.Extensions.ObjectPool.dll": "FEE3CE8A84417360CC5ED787ED6F7DB1",
  "MinSharp.dll": "546850B7B4A4728D0F8F0D9F0E4B7E7A",
  "Mono.Cecil.dll": "CB9D8E4495B5369A146891981A239AA7",
  "Mono.Cecil.Mdb.dll": "12515533B37D99562631166F3825B3D8",
  "Mono.Cecil.Pdb.dll": "B09C3E619C765C0C18CDF9F9C0243391",
  "Mono.Cecil.Rocks.dll": "56B4BAE0F1A656086801B04546DF31E3",
  "nethost.dll": "012081214FE71F0F6ADCD9F4A71B2B00",
  "Newtonsoft.Json.dll": "86A83A63F12B55FD3718CFBFB577D7DC",
  "PeNet.Asn1.dll": "C75274C254A9454F9171671577CF9E84",
  "PeNet.dll": "BB687957CC727F8A0489C1FF36BC4CC3",
  "PInvoke.AdvApi32.dll": "34EE461D05B403C3A15D0DEC32A3788C",
  "PInvoke.BCrypt.dll": "FD07758EE1440491F22923084109FF26",
  "PInvoke.Cabinet.dll": "333D950E3804735DA60CC41D614C63E2",
  "PInvoke.CfgMgr32.dll": "768BE7CC18EDCF78B296A72ABE891691",
  "PInvoke.Crypt32.dll": "E7B00B0851738F4A7F2C6D37DAA973B4",
  "PInvoke.DbgHelp.dll": "E701136169620D20E3A70B560DE20E44",
  "PInvoke.DwmApi.dll": "ACF223CC8962404056648815B486F7D9",
  "PInvoke.Gdi32.dll": "69FF434826F98582CE44D3136ECFFACB",
  "PInvoke.Hid.dll": "2E7A41257F8AD9B26073181F450CD8E5",
  "PInvoke.ImageHlp.dll": "79BE816E8D86EA66489D7780DD675D49",
  "PInvoke.IPHlpApi.dll": "E949FA3326D1BA8872B179AB4EE49D38",
  "PInvoke.Kernel32.dll": "234E15B122ED430DE99490CA1A204958",
  "PInvoke.Magnification.dll": "C9EA3D34F506741ECC044DB19C151F09",
  "PInvoke.Msi.dll": "69EE50CE2DA6B55755E52589F49A7EBC",
  "PInvoke.NCrypt.dll": "DA1DE76C14D99370CA3BEF19DC299B15",
  "PInvoke.NetApi32.dll": "AE79F9FA2E3864A5E0642AE4622ECDC5",
  "PInvoke.NewDev.dll": "B3E1992105D986EF9C5C8E4B630FBB07",
  "PInvoke.NTDll.dll": "3F6BDF840EB27DD0FD9EB8071822183A",
  "PInvoke.Ole32.dll": "3C49FB100B60519FFE725BCD12A538F6",
  "PInvoke.Psapi.dll": "A7683EE4B880227F01C8AE632A892B9E",
  "PInvoke.SetupApi.dll": "1B7AE321185D0081D1759A9AD829F9BA",
  "PInvoke.SHCore.dll": "F27E7F063D51480F6D2294C903E4A606",
  "PInvoke.Shell32.dll": "F71A1BCAF6478190691170DAEA77722F",
  "PInvoke.User32.dll": "8BEDE38311ED4F27127290B81B8079FD",
  "PInvoke.Userenv.dll": "FEB7BCA90B8C905EC2F4BB0789847131",
  "PInvoke.UxTheme.dll": "8E683C016250CB719FDB9AAAFC22B3C5",
  "PInvoke.Windows.Core.dll": "90015440A44935208FFEA9BF61740651",
  "PInvoke.Windows.ShellScalingApi.dll": "F351B34B8C9183A51CADFDC279357C49",
  "PInvoke.WinUsb.dll": "9EB8A0280F2848D1A32B560A939F7336",
  "PInvoke.WtsApi32.dll": "341C94455D2E5893DBE4293D4D67AA4D",
  "Reloaded.Assembler.dll": "2CFC3723CB639DCE16C602D610B14DA8",
  "Reloaded.Hooks.Definitions.dll": "D8D11DB92162A60EA71C03E023523D4F",
  "Reloaded.Hooks.dll": "5D07A797C6FC7D0ADD6FF4D09210FBF3",
  "Reloaded.Memory.Buffers.dll": "3710552A539E3601977EDE2F592C47C0",
  "Reloaded.Memory.dll": "BB9543F7231C928B1792E6731F43E02C",
  "revision.txt": "94BB077F18DAA6620EFA5CF6E6F178D2",
  "SDL2-CS.config": "65557595FD5DF55D93B2BF881DE62C3A",
  "SDL2-CS.dll": "68519A74403320AC23F1435FF70464A5",
  "Serilog.dll": "DC24397412DB9EDA57195CB0C6083DFD",
  "Serilog.Sinks.Async.dll": "E9AB5A6A5E053A17850F6155EAC61B07",
  "Serilog.Sinks.Console.dll": "46530FF6D7D49BE7EBB5126715B6E25B",
  "Serilog.Sinks.File.dll": "C668829023A36E539BDCBB0EBE3BDC8F",
  "SharpDX.Direct3D11.dll": "14989F492DA6C7E6C79C6C9173DD3754",
  "SharpDX.dll": "64C9AE8EE71E3A45F3DB7A2E9FBB9001",
  "SharpDX.DXGI.dll": "B6C7D324E114EB7833813BE35491019C",
  "SharpDX.Mathematics.dll": "C67470A5D1CB69EA5E0777B2832F22D7",
  "Silk.NET.Core.dll": "24EC04AB63F23569F6ADE76F3D190904",
  "Silk.NET.GLFW.dll": "1EF74525AF1C3B071A90ECE6EBC617B4",
  "Silk.NET.Maths.dll": "73D9A1E80413392B324FB8CC88C4B4F2",
  "Silk.NET.OpenGL.dll": "F20566C75FCB86780CFFBED46C0821EF",
  "Silk.NET.SDL.dll": "A15857CFA42139CA5E1553D7F464CF6F",
  "Silk.NET.Windowing.Common.dll": "845C04F9637CBD781DC439F45BB56EC2",
  "Silk.NET.Windowing.Glfw.dll": "0333F472BE14BD803846273C44CB17E4",
  "Silk.NET.Windowing.Sdl.dll": "31ABB180638B8DF764F639B08BD50C17",
  "SQLite-net.dll": "C10D0D96A752DC467A4AAEB78BA75790",
  "SQLitePCLRaw.batteries_v2.dll": "B89074F01044E086E9475F13EF00C86E",
  "SQLitePCLRaw.core.dll": "C26A7174BA0E2A68B95D15A940C232F1",
  "SQLitePCLRaw.nativelibrary.dll": "7EDE8D4D47C314D51F0A43A9DF4DA65C",
  "SQLitePCLRaw.provider.dynamic_cdecl.dll": "2CE1C24371F40407F5702A584D701C59",
  "StbiSharp.dll": "4475388C7041550482089CE00EF703CF",
  "System.Reactive.dll": "EF5A00287AD15393D41B12AA4B726FF7",
  "System.Reflection.MetadataLoadContext.dll": "7EC41D41F4E1246757BA3E2EC862D562",
  "System.Security.Cryptography.Pkcs.dll": "8950E01996A37E808BE3F39063C37BF9",
  "TEMP_gitver.txt": "1D9210069CFF8F75532D5049798DF3A6",
  "TerraFX.Interop.Windows.dll": "84F7EF6B0DE91F8CC23F773D3FD6DEC0",
  "Validation.dll": "B406DDBD9E253BDB7C3488EFE0154F84"
}
