{
  "runtimes\\alpine-x64\\native\\libe_sqlite3.so": "39C244FEDBCD3DFC37041D4FCE1AE21D",
  "runtimes\\linux-arm\\native\\libe_sqlite3.so": "96CF54BC0EFB83D6E3F5F3E04997A59D",
  "runtimes\\linux-arm64\\native\\libe_sqlite3.so": "F079E55E7F3F9966A4A2052A3234E068",
  "runtimes\\linux-armel\\native\\libe_sqlite3.so": "C5A67D49434FC65D64E9C15778078C76",
  "runtimes\\linux-mips64\\native\\libe_sqlite3.so": "5F8461214089CFC677D46C19B7162161",
  "runtimes\\linux-musl-x64\\native\\libe_sqlite3.so": "39C244FEDBCD3DFC37041D4FCE1AE21D",
  "runtimes\\linux-x64\\native\\libe_sqlite3.so": "6F49C540D3AB9964D67A4A704C3D262D",
  "runtimes\\linux-x64\\native\\libglfw.so.3": "9E3137144F68B9E9793F4C7AD5B1BEA7",
  "runtimes\\linux-x64\\native\\libSDL2-2.0.so": "99B95A708381FC66AB2370E45A260527",
  "runtimes\\linux-x64\\native\\libstbi.so": "0945355ED59677D06E3E88F48101BB26",
  "runtimes\\linux-x86\\native\\libe_sqlite3.so": "5E0659B414CBD6DDC38C65582485853E",
  "runtimes\\osx-x64\\native\\libe_sqlite3.dylib": "F82AE134FCD1C080A69D775591406673",
  "runtimes\\osx-x64\\native\\libglfw.3.dylib": "1E30FAB2F0C40E82290AD4B0BF14A880",
  "runtimes\\osx-x64\\native\\libSDL2-2.0.dylib": "AAC958490586C67395F0A90903AE3747",
  "runtimes\\osx-x64\\native\\libstbi.dylib": "0B84B0A6A80178266018081C3CAB68E6",
  "runtimes\\win-arm\\native\\e_sqlite3.dll": "4DB653B00ED064564B0B24439CC7CE2A",
  "runtimes\\win-arm64\\native\\e_sqlite3.dll": "E7383AC618F02BD4ABD08FCFC6369D4C",
  "runtimes\\win-x64\\native\\cimgui.dll": "B445638428592E18E4FC99D1FBC8DD32",
  "runtimes\\win-x64\\native\\cimguizmo.dll": "AE62FF7F2A77653E1442882FD9954103",
  "runtimes\\win-x64\\native\\cimplot.dll": "CA1C6AE4FFFEC1A6CC0985A8A24CA5E6",
  "runtimes\\win-x64\\native\\e_sqlite3.dll": "2055664DFA4309F97E11DFAD383AFD97",
  "runtimes\\win-x64\\native\\glfw3.dll": "7FCAA577CB29B616E980DF2609507EBE",
  "runtimes\\win-x64\\native\\minhook.x64d.dll": "A9BB77AB9837029AE7039962E3462B72",
  "runtimes\\win-x64\\native\\SDL2.dll": "E5BDA3A052CAEC8FF8F23B8E221EF4D9",
  "runtimes\\win-x64\\native\\stbi.dll": "54B4C60ECA66B877551A79D509734413",
  "runtimes\\win-x64\\native\\stbi.lib": "927C214DE576219E1F80DBE7798A0502",
  "runtimes\\win-x86\\native\\e_sqlite3.dll": "4EA5BFF74A6D751A299276C8A6A84299",
  "runtimes\\win-x86\\native\\glfw3.dll": "2591BD5209B9DAB77FBB876424682A50",
  "runtimes\\win-x86\\native\\SDL2.dll": "5531EC74BF2F29D9EAC6170A57E9E1D6",
  "targets\\Dalamud.Plugin.Bootstrap.targets": "C85635161398CD9852CF7212DB7EB904",
  "targets\\Dalamud.Plugin.targets": "E2AA900DB1F6596D1C203D4112A10F5E",
  "BitFaster.Caching.dll": "AC324F39CE4172C3E9BC25ECE79D8270",
  "CheapLoc.dll": "F11C378CF6D691942B090E1B95875144",
  "Costura.dll": "A8D2BF2719F6980D7C29301423E185B2",
  "Dalamud.Boot.dll": "5033B476603473FF297B0107D15E685D",
  "Dalamud.Common.dll": "A5A8B56E0054EAC35B38B96B1ADF91B2",
  "Dalamud.deps.json": "A7CE34B7093292A9559F5E31C4891359",
  "Dalamud.dll": "89E6B23488DD7E99ADD0662810A4F8EB",
  "Dalamud.Injector.deps.json": "C1FA0941DC8B38E415776C60C508AAB9",
  "Dalamud.Injector.dll": "8BE3A0356F80D41FA1EEF058B9FB30EB",
  "Dalamud.Injector.exe": "CB697D222F36C8BDFD32648C819958CD",
  "Dalamud.Injector.runtimeconfig.json": "B9BB65FFE7924D4D8BABE9FA66303200",
  "Dalamud.Injector.xml": "D41E5DF541D19A015215E777D7395C9C",
  "Dalamud.runtimeconfig.json": "2A9CD915428BDD175E0889BD0C225F75",
  "Dalamud.xml": "7BE740C8269B23C0AC4756A55D6BAC28",
  "DalamudCrashHandler.exe": "A108D432C374886478D390DEB5A8BFD4",
  "FASM-LICENSE.TXT": "ECEA1D10811221D5F0A3E96F9C38E2C7",
  "FASM.DLL": "3E5C9309EDD7D47A142F19E8ED64FAD5",
  "FASMX64.DLL": "2DFF5BC4B2A87775B12BF32AE33D8E52",
  "FFXIVClientStructs.dll": "7D0E38C7A9506C17A548342CE48CD087",
  "FFXIVClientStructs.xml": "B1962109B1C3D0417404630B41654AB4",
  "goaaats.Reloaded.Assembler.targets": "CC22CB0A353E2136EE9E6E96DB9F7164",
  "Iced.dll": "2A3B0FE5FA3BC44A8CA7A13633ADA2BF",
  "ImGui.NET.dll": "6F07FC3F55E5F1F819B5F9A22A5E9877",
  "ImGuiScene.dll": "FE035AF002E937827E076D610282583C",
  "InteropGenerator.Runtime.dll": "BE13007ED5DA2020E29BCA9DEEB6986F",
  "JetBrains.Annotations.dll": "983413E645EB207CACB433E93A0D8CB1",
  "licenses.txt": "A159BE62AA91178EFC3E3983AE874D1D",
  "Lumina.dll": "AC426464F9FC72C12A7266BFB54AA6AB",
  "Lumina.Excel.dll": "E49EFE5BFAD6519F14C3FEF112D56CE3",
  "Microsoft.Bcl.HashCode.dll": "613AB56061ADF2284E047025207467E0",
  "Microsoft.DotNet.PlatformAbstractions.dll": "00AB0F02B1114C57C758F5AD595224F1",
  "Microsoft.Extensions.DependencyModel.dll": "F39BC76C10CFEA478C936FC4521A9FC9",
  "Microsoft.Extensions.ObjectPool.dll": "FEE3CE8A84417360CC5ED787ED6F7DB1",
  "MinSharp.dll": "5B6B994E30D55393915A9BD96B844D96",
  "Mono.Cecil.dll": "9A6D0292D48905D12A12921A3D281A05",
  "Mono.Cecil.Mdb.dll": "EF9DDF6E497D8851F4139A865C29CCA4",
  "Mono.Cecil.Pdb.dll": "686002E607C03190A821A067132691F1",
  "Mono.Cecil.Rocks.dll": "3CF26B83D8827C55633787371A16EA29",
  "nethost.dll": "012081214FE71F0F6ADCD9F4A71B2B00",
  "Newtonsoft.Json.dll": "86A83A63F12B55FD3718CFBFB577D7DC",
  "PeNet.Asn1.dll": "BCEBCCE6FDAF0812397DCBE278CB8AAD",
  "PeNet.dll": "BECE2307E268D7D9A88C23162D4715A3",
  "PInvoke.AdvApi32.dll": "34EE461D05B403C3A15D0DEC32A3788C",
  "PInvoke.BCrypt.dll": "FD07758EE1440491F22923084109FF26",
  "PInvoke.Cabinet.dll": "333D950E3804735DA60CC41D614C63E2",
  "PInvoke.CfgMgr32.dll": "768BE7CC18EDCF78B296A72ABE891691",
  "PInvoke.Crypt32.dll": "E7B00B0851738F4A7F2C6D37DAA973B4",
  "PInvoke.DbgHelp.dll": "E701136169620D20E3A70B560DE20E44",
  "PInvoke.DwmApi.dll": "ACF223CC8962404056648815B486F7D9",
  "PInvoke.Gdi32.dll": "69FF434826F98582CE44D3136ECFFACB",
  "PInvoke.Hid.dll": "2E7A41257F8AD9B26073181F450CD8E5",
  "PInvoke.ImageHlp.dll": "79BE816E8D86EA66489D7780DD675D49",
  "PInvoke.IPHlpApi.dll": "E949FA3326D1BA8872B179AB4EE49D38",
  "PInvoke.Kernel32.dll": "234E15B122ED430DE99490CA1A204958",
  "PInvoke.Magnification.dll": "C9EA3D34F506741ECC044DB19C151F09",
  "PInvoke.Msi.dll": "69EE50CE2DA6B55755E52589F49A7EBC",
  "PInvoke.NCrypt.dll": "DA1DE76C14D99370CA3BEF19DC299B15",
  "PInvoke.NetApi32.dll": "AE79F9FA2E3864A5E0642AE4622ECDC5",
  "PInvoke.NewDev.dll": "B3E1992105D986EF9C5C8E4B630FBB07",
  "PInvoke.NTDll.dll": "3F6BDF840EB27DD0FD9EB8071822183A",
  "PInvoke.Ole32.dll": "3C49FB100B60519FFE725BCD12A538F6",
  "PInvoke.Psapi.dll": "A7683EE4B880227F01C8AE632A892B9E",
  "PInvoke.SetupApi.dll": "1B7AE321185D0081D1759A9AD829F9BA",
  "PInvoke.SHCore.dll": "F27E7F063D51480F6D2294C903E4A606",
  "PInvoke.Shell32.dll": "F71A1BCAF6478190691170DAEA77722F",
  "PInvoke.User32.dll": "8BEDE38311ED4F27127290B81B8079FD",
  "PInvoke.Userenv.dll": "FEB7BCA90B8C905EC2F4BB0789847131",
  "PInvoke.UxTheme.dll": "8E683C016250CB719FDB9AAAFC22B3C5",
  "PInvoke.Windows.Core.dll": "90015440A44935208FFEA9BF61740651",
  "PInvoke.Windows.ShellScalingApi.dll": "F351B34B8C9183A51CADFDC279357C49",
  "PInvoke.WinUsb.dll": "9EB8A0280F2848D1A32B560A939F7336",
  "PInvoke.WtsApi32.dll": "341C94455D2E5893DBE4293D4D67AA4D",
  "Reloaded.Assembler.dll": "DDA37DE112B4C8276D2B3022BFE51064",
  "Reloaded.Hooks.Definitions.dll": "1CFDDA3B1B6322134F35CB2C1AFDDBFA",
  "Reloaded.Hooks.dll": "BE7EB2FF35412980A88954E513616F27",
  "Reloaded.Memory.Buffers.dll": "AD16F88B3142307F390FC5BEF19E6819",
  "Reloaded.Memory.dll": "266F1C68C7CB701C513CB94BEDFA5FCA",
  "revision.txt": "0342C9A7B54450830E9727B98F8E3CB7",
  "SDL2-CS.config": "65557595FD5DF55D93B2BF881DE62C3A",
  "SDL2-CS.dll": "586D0EA60C44EC6C3B5273661E6ACFA2",
  "Serilog.dll": "C5FDB1562A617FB6BA0044F552C9CDFE",
  "Serilog.Sinks.Async.dll": "A45A316283C170DD221CD398F8906763",
  "Serilog.Sinks.Console.dll": "6DE19DCF94CF8FDD4F8890E6F9F0A9BF",
  "Serilog.Sinks.File.dll": "2E35FE2307D1549F40AD48B817C862C0",
  "SharpDX.Direct3D11.dll": "536433BC5B24F4FB22033EB4ECE1112D",
  "SharpDX.dll": "1D84370711E93864C26C3B5D3E48BDDF",
  "SharpDX.DXGI.dll": "3526053C8AE6A06B413C92D363B82D72",
  "SharpDX.Mathematics.dll": "11A8C6D850B461EF8EF04642E3CC5670",
  "Silk.NET.Core.dll": "3A1FD80C77F842C3784343F3F9B1568B",
  "Silk.NET.GLFW.dll": "293E52E1B35024B43A79144D478AE0A8",
  "Silk.NET.Maths.dll": "7DB9BC9E2DCBE1B19DA17C2A7A8A36E2",
  "Silk.NET.OpenGL.dll": "A4BFD09DEE8C9CC0FF2A76CAADD5B9E1",
  "Silk.NET.SDL.dll": "4BC15C326AE4813946EB1EE4A4DF6851",
  "Silk.NET.Windowing.Common.dll": "456937A073CA7408C3F4B322B058D82A",
  "Silk.NET.Windowing.Glfw.dll": "0C1DAD117521F8A3D2701765628D7BF2",
  "Silk.NET.Windowing.Sdl.dll": "F2F4A5CBE699244D011429DE85FA9AEB",
  "SQLite-net.dll": "D1F0E26AF66A5B3E6492647EA859FDAA",
  "SQLitePCLRaw.batteries_v2.dll": "588727642D9EB752A0831FB213753B94",
  "SQLitePCLRaw.core.dll": "244E8E6737580F6B0FAEC972938AD9C8",
  "SQLitePCLRaw.nativelibrary.dll": "68F98325A7754C563457402C0CEBF391",
  "SQLitePCLRaw.provider.dynamic_cdecl.dll": "F8867724DE4E3D3083E47ECF265F4292",
  "StbiSharp.dll": "B473A7C57DEECF2E10951CF9AF4E5C73",
  "System.Reactive.dll": "EF5A00287AD15393D41B12AA4B726FF7",
  "System.Reflection.MetadataLoadContext.dll": "7EC41D41F4E1246757BA3E2EC862D562",
  "System.Security.Cryptography.Pkcs.dll": "8950E01996A37E808BE3F39063C37BF9",
  "TEMP_gitver.txt": "97D66E3D577A11A6CD14DC80CF065192",
  "TerraFX.Interop.Windows.dll": "84F7EF6B0DE91F8CC23F773D3FD6DEC0",
  "Validation.dll": "BD58D773A1AFEC63135204F06639B5A5"
}
