{
  "runtimes\\alpine-x64\\native\\libe_sqlite3.so": "39C244FEDBCD3DFC37041D4FCE1AE21D",
  "runtimes\\linux-arm\\native\\libe_sqlite3.so": "96CF54BC0EFB83D6E3F5F3E04997A59D",
  "runtimes\\linux-arm64\\native\\libe_sqlite3.so": "F079E55E7F3F9966A4A2052A3234E068",
  "runtimes\\linux-armel\\native\\libe_sqlite3.so": "C5A67D49434FC65D64E9C15778078C76",
  "runtimes\\linux-mips64\\native\\libe_sqlite3.so": "5F8461214089CFC677D46C19B7162161",
  "runtimes\\linux-musl-x64\\native\\libe_sqlite3.so": "39C244FEDBCD3DFC37041D4FCE1AE21D",
  "runtimes\\linux-x64\\native\\libe_sqlite3.so": "6F49C540D3AB9964D67A4A704C3D262D",
  "runtimes\\linux-x64\\native\\libglfw.so.3": "9E3137144F68B9E9793F4C7AD5B1BEA7",
  "runtimes\\linux-x64\\native\\libSDL2-2.0.so": "99B95A708381FC66AB2370E45A260527",
  "runtimes\\linux-x64\\native\\libstbi.so": "0945355ED59677D06E3E88F48101BB26",
  "runtimes\\linux-x86\\native\\libe_sqlite3.so": "5E0659B414CBD6DDC38C65582485853E",
  "runtimes\\osx-x64\\native\\libe_sqlite3.dylib": "F82AE134FCD1C080A69D775591406673",
  "runtimes\\osx-x64\\native\\libglfw.3.dylib": "1E30FAB2F0C40E82290AD4B0BF14A880",
  "runtimes\\osx-x64\\native\\libSDL2-2.0.dylib": "AAC958490586C67395F0A90903AE3747",
  "runtimes\\osx-x64\\native\\libstbi.dylib": "0B84B0A6A80178266018081C3CAB68E6",
  "runtimes\\win-arm\\native\\e_sqlite3.dll": "733478DB914FF09831B9E2EFBB6FA25F",
  "runtimes\\win-arm64\\native\\e_sqlite3.dll": "A70ECDE9B80CADEE044064226BE355CA",
  "runtimes\\win-x64\\native\\cimgui.dll": "008AC9EBF072CBD1C4E59776C01A3CD1",
  "runtimes\\win-x64\\native\\cimguizmo.dll": "D90113C250D5A35D0B7430686E4AE49D",
  "runtimes\\win-x64\\native\\cimplot.dll": "CA56F9C82AF710E22C52E301FAD09CB8",
  "runtimes\\win-x64\\native\\e_sqlite3.dll": "82A4196F069C0B6E6DE40D64D0C5452C",
  "runtimes\\win-x64\\native\\glfw3.dll": "DF973CFB8D874F1EA9DFEA08DBDA8998",
  "runtimes\\win-x64\\native\\minhook.x64d.dll": "DF0C424500BA672D11E69E3993D0905B",
  "runtimes\\win-x64\\native\\SDL2.dll": "560A168606D777919CF01190E878B00C",
  "runtimes\\win-x64\\native\\stbi.dll": "EDAEEE23D32D795ACAE7A17B9274F85D",
  "runtimes\\win-x64\\native\\stbi.lib": "927C214DE576219E1F80DBE7798A0502",
  "runtimes\\win-x86\\native\\e_sqlite3.dll": "80838250504B22BD647E37A9802490F4",
  "runtimes\\win-x86\\native\\glfw3.dll": "54FC1AF58B6DCF5829BBD9C83888222B",
  "runtimes\\win-x86\\native\\SDL2.dll": "6DF424F66FB9934FA9156B507FC4C275",
  "targets\\Dalamud.Plugin.Bootstrap.targets": "C85635161398CD9852CF7212DB7EB904",
  "targets\\Dalamud.Plugin.targets": "E2AA900DB1F6596D1C203D4112A10F5E",
  "CheapLoc.dll": "F41B98D6813414C9B1AD8D0BBBB1CB39",
  "Costura.dll": "2D4863F424454E330B4E653017BCCD7F",
  "Dalamud.Boot.dll": "4C53DC32F9A25DE7578FACB70CF94BED",
  "Dalamud.Common.dll": "A183E6D968226274536DCE48A17524B9",
  "Dalamud.deps.json": "84CA9BDEBF4319BD9CD8A5CC867040D6",
  "Dalamud.dll": "B4EF1C6591654B3C465B93365BB18CA2",
  "Dalamud.Injector.deps.json": "C1FA0941DC8B38E415776C60C508AAB9",
  "Dalamud.Injector.dll": "C284DE89B4E1AD4E4C1E861671524042",
  "Dalamud.Injector.exe": "E3D21A8B985AE82227DDA20B9315639B",
  "Dalamud.Injector.runtimeconfig.json": "B9BB65FFE7924D4D8BABE9FA66303200",
  "Dalamud.Injector.xml": "D41E5DF541D19A015215E777D7395C9C",
  "Dalamud.runtimeconfig.json": "2A9CD915428BDD175E0889BD0C225F75",
  "Dalamud.xml": "DC1E4443E55ED678599653A145E91D5A",
  "DalamudCrashHandler.exe": "20017F78E9BE7E87D86613EE04AAB3BE",
  "FASM-LICENSE.TXT": "ECEA1D10811221D5F0A3E96F9C38E2C7",
  "FASM.DLL": "F7A2752DE203747276FFC55D993E918C",
  "FASMX64.DLL": "525AC7159824E60B61B2359BE49D545A",
  "FFXIVClientStructs.dll": "CC3820015AC3D32FEC2DF58403D63F64",
  "FFXIVClientStructs.xml": "107C5C0626723B72D8E194DF12799B5D",
  "goaaats.Reloaded.Assembler.targets": "CC22CB0A353E2136EE9E6E96DB9F7164",
  "Iced.dll": "ED38750316D17675CDD6AF9C12606230",
  "ImGui.NET.dll": "C9C774C3F54CA7CE60A315D6FC14B8A8",
  "ImGuiScene.dll": "C5D9675929FD6DD429ABEEF2F9B776EC",
  "JetBrains.Annotations.dll": "7142D2CD11D2C84F6D9E0EADC2726F08",
  "licenses.txt": "A159BE62AA91178EFC3E3983AE874D1D",
  "Lumina.dll": "A134BC51CA2559BE1A4246FDB4765D44",
  "Lumina.Excel.dll": "D661A35C1D0A57BE175084E5C5E921D0",
  "Microsoft.Bcl.HashCode.dll": "613AB56061ADF2284E047025207467E0",
  "Microsoft.DotNet.PlatformAbstractions.dll": "00AB0F02B1114C57C758F5AD595224F1",
  "Microsoft.Extensions.DependencyModel.dll": "F39BC76C10CFEA478C936FC4521A9FC9",
  "Microsoft.Extensions.ObjectPool.dll": "4EEE3E64BE561711391BF998FFBF65D3",
  "MinSharp.dll": "1C0B0EE431585571F76A8E30C24C1853",
  "Mono.Cecil.dll": "C27A1B1928ECD7F8F29D218B1DCCF3F0",
  "Mono.Cecil.Mdb.dll": "3558A97729D0F0C16864E9441CEF4D5D",
  "Mono.Cecil.Pdb.dll": "63F2B2FAA36226554242AE3325C891A2",
  "Mono.Cecil.Rocks.dll": "FD5524BF95B0857C7C72EFCC57FE29F4",
  "nethost.dll": "012081214FE71F0F6ADCD9F4A71B2B00",
  "Newtonsoft.Json.dll": "86A83A63F12B55FD3718CFBFB577D7DC",
  "PeNet.Asn1.dll": "15760CB15A737A3A8D401F5DC3495B59",
  "PeNet.dll": "4E166BAD57CE705447144E084A48B47F",
  "PInvoke.AdvApi32.dll": "34EE461D05B403C3A15D0DEC32A3788C",
  "PInvoke.BCrypt.dll": "FD07758EE1440491F22923084109FF26",
  "PInvoke.Cabinet.dll": "333D950E3804735DA60CC41D614C63E2",
  "PInvoke.CfgMgr32.dll": "768BE7CC18EDCF78B296A72ABE891691",
  "PInvoke.Crypt32.dll": "E7B00B0851738F4A7F2C6D37DAA973B4",
  "PInvoke.DbgHelp.dll": "E701136169620D20E3A70B560DE20E44",
  "PInvoke.DwmApi.dll": "ACF223CC8962404056648815B486F7D9",
  "PInvoke.Gdi32.dll": "69FF434826F98582CE44D3136ECFFACB",
  "PInvoke.Hid.dll": "2E7A41257F8AD9B26073181F450CD8E5",
  "PInvoke.ImageHlp.dll": "79BE816E8D86EA66489D7780DD675D49",
  "PInvoke.IPHlpApi.dll": "E949FA3326D1BA8872B179AB4EE49D38",
  "PInvoke.Kernel32.dll": "234E15B122ED430DE99490CA1A204958",
  "PInvoke.Magnification.dll": "C9EA3D34F506741ECC044DB19C151F09",
  "PInvoke.Msi.dll": "69EE50CE2DA6B55755E52589F49A7EBC",
  "PInvoke.NCrypt.dll": "DA1DE76C14D99370CA3BEF19DC299B15",
  "PInvoke.NetApi32.dll": "AE79F9FA2E3864A5E0642AE4622ECDC5",
  "PInvoke.NewDev.dll": "B3E1992105D986EF9C5C8E4B630FBB07",
  "PInvoke.NTDll.dll": "3F6BDF840EB27DD0FD9EB8071822183A",
  "PInvoke.Ole32.dll": "3C49FB100B60519FFE725BCD12A538F6",
  "PInvoke.Psapi.dll": "A7683EE4B880227F01C8AE632A892B9E",
  "PInvoke.SetupApi.dll": "1B7AE321185D0081D1759A9AD829F9BA",
  "PInvoke.SHCore.dll": "F27E7F063D51480F6D2294C903E4A606",
  "PInvoke.Shell32.dll": "F71A1BCAF6478190691170DAEA77722F",
  "PInvoke.User32.dll": "8BEDE38311ED4F27127290B81B8079FD",
  "PInvoke.Userenv.dll": "FEB7BCA90B8C905EC2F4BB0789847131",
  "PInvoke.UxTheme.dll": "8E683C016250CB719FDB9AAAFC22B3C5",
  "PInvoke.Windows.Core.dll": "90015440A44935208FFEA9BF61740651",
  "PInvoke.Windows.ShellScalingApi.dll": "F351B34B8C9183A51CADFDC279357C49",
  "PInvoke.WinUsb.dll": "9EB8A0280F2848D1A32B560A939F7336",
  "PInvoke.WtsApi32.dll": "341C94455D2E5893DBE4293D4D67AA4D",
  "Reloaded.Assembler.dll": "ADA7CACACD8276B7C5B30611099BAC5A",
  "Reloaded.Hooks.Definitions.dll": "2120BA3083E391E167B1A62BA4C6F9AD",
  "Reloaded.Hooks.dll": "A6B361DF1560C892DE1C5892F796CAE2",
  "Reloaded.Memory.Buffers.dll": "389C622BF67028B58D3ADC776E7C3D6E",
  "Reloaded.Memory.dll": "5D5E745A2489B33E5D5C20928072F3BA",
  "revision.txt": "549406198764950208345D143AA67C7D",
  "SDL2-CS.config": "65557595FD5DF55D93B2BF881DE62C3A",
  "SDL2-CS.dll": "E9873637358415AE8E00A46A1DCA7F0A",
  "Serilog.dll": "6B1861AAD16DA8FFA5F636024096DF07",
  "Serilog.Sinks.Async.dll": "8221ACE8C05E072EF5DFDF333FC3FEBF",
  "Serilog.Sinks.Console.dll": "11DF40CEF0C1BBD2EE6B29790918CD8B",
  "Serilog.Sinks.File.dll": "2BF04E932334AD1260F18B9E961E36CC",
  "SharpDX.Direct3D11.dll": "0F66BA0260C4ECA3623C1CFA50ECDE6E",
  "SharpDX.dll": "9A9D3D2CE486428E92A37D8373DE66BD",
  "SharpDX.DXGI.dll": "53C986534B0155B292BFA4678EC03428",
  "SharpDX.Mathematics.dll": "A5A1D1C893A6885FDB265C1438EE1F1F",
  "Silk.NET.Core.dll": "BABDB9D2D9BE79B879494F6E67017F3D",
  "Silk.NET.GLFW.dll": "48F5DBF725FF440314240A6D8ECE5597",
  "Silk.NET.Maths.dll": "14391019008046F9911592CE95FE7286",
  "Silk.NET.OpenGL.dll": "926FE621034335618204050AADC2B58D",
  "Silk.NET.SDL.dll": "33CA409BBFFC5DDE0C1F5E68A21D53D5",
  "Silk.NET.Windowing.Common.dll": "AEEF8A407329423C836DEED3B5683F7C",
  "Silk.NET.Windowing.Glfw.dll": "A85A9D996DF70F3FD332FF5CF176EC20",
  "Silk.NET.Windowing.Sdl.dll": "D9E8A1B0D0029F4B02DAE28894F50ED9",
  "SQLite-net.dll": "96B1C199F698DAFAE72BC60A0E20DDD3",
  "SQLitePCLRaw.batteries_v2.dll": "98ED005FD21E3448AC9D38BD2052B7A7",
  "SQLitePCLRaw.core.dll": "202F269D079F9198817871C8C1CC0C65",
  "SQLitePCLRaw.nativelibrary.dll": "C0B8500FDCAD934A6BAA438DD65A6CEF",
  "SQLitePCLRaw.provider.dynamic_cdecl.dll": "1DF9364B1960483D6C99C7883C59015D",
  "StbiSharp.dll": "4BD0DD1E356FBD069037023E7722358D",
  "System.Reactive.dll": "EF5A00287AD15393D41B12AA4B726FF7",
  "System.Reflection.MetadataLoadContext.dll": "7EC41D41F4E1246757BA3E2EC862D562",
  "System.Security.Cryptography.Pkcs.dll": "8950E01996A37E808BE3F39063C37BF9",
  "TEMP_gitver.txt": "167D91315D7417F1DE2CF9006B8A8A7D",
  "TerraFX.Interop.Windows.dll": "84F7EF6B0DE91F8CC23F773D3FD6DEC0",
  "Validation.dll": "028E65A9F19D1AE41783EB17371378B7"
}
