{
  "runtimes\\alpine-x64\\native\\libe_sqlite3.so": "39C244FEDBCD3DFC37041D4FCE1AE21D",
  "runtimes\\linux-arm\\native\\libe_sqlite3.so": "96CF54BC0EFB83D6E3F5F3E04997A59D",
  "runtimes\\linux-arm64\\native\\libe_sqlite3.so": "F079E55E7F3F9966A4A2052A3234E068",
  "runtimes\\linux-armel\\native\\libe_sqlite3.so": "C5A67D49434FC65D64E9C15778078C76",
  "runtimes\\linux-mips64\\native\\libe_sqlite3.so": "5F8461214089CFC677D46C19B7162161",
  "runtimes\\linux-musl-x64\\native\\libe_sqlite3.so": "39C244FEDBCD3DFC37041D4FCE1AE21D",
  "runtimes\\linux-x64\\native\\libe_sqlite3.so": "6F49C540D3AB9964D67A4A704C3D262D",
  "runtimes\\linux-x64\\native\\libglfw.so.3": "9E3137144F68B9E9793F4C7AD5B1BEA7",
  "runtimes\\linux-x64\\native\\libSDL2-2.0.so": "99B95A708381FC66AB2370E45A260527",
  "runtimes\\linux-x64\\native\\libstbi.so": "0945355ED59677D06E3E88F48101BB26",
  "runtimes\\linux-x86\\native\\libe_sqlite3.so": "5E0659B414CBD6DDC38C65582485853E",
  "runtimes\\osx-x64\\native\\libe_sqlite3.dylib": "F82AE134FCD1C080A69D775591406673",
  "runtimes\\osx-x64\\native\\libglfw.3.dylib": "1E30FAB2F0C40E82290AD4B0BF14A880",
  "runtimes\\osx-x64\\native\\libSDL2-2.0.dylib": "AAC958490586C67395F0A90903AE3747",
  "runtimes\\osx-x64\\native\\libstbi.dylib": "0B84B0A6A80178266018081C3CAB68E6",
  "runtimes\\win-arm\\native\\e_sqlite3.dll": "F082230539D01C63C7AC08AC150531F9",
  "runtimes\\win-arm64\\native\\e_sqlite3.dll": "0DA9BF6073D18E7F6ECDA11C2D44970E",
  "runtimes\\win-x64\\native\\cimgui.dll": "BCDECBF8BD00A9D3DED53F03E0E76838",
  "runtimes\\win-x64\\native\\cimguizmo.dll": "D1AC2A2170F1C2FBE7D36B19BE676856",
  "runtimes\\win-x64\\native\\cimplot.dll": "5D5C37BFDDEA7437593FF55E0029E2B4",
  "runtimes\\win-x64\\native\\e_sqlite3.dll": "219BCA2F4153EC827EE791C90EFC5074",
  "runtimes\\win-x64\\native\\glfw3.dll": "4ABDC6038F8B780327E01816783FB916",
  "runtimes\\win-x64\\native\\minhook.x64d.dll": "836D9FDCE226FC431169C03BE0C1ECD0",
  "runtimes\\win-x64\\native\\SDL2.dll": "A5ADE0CBAFD7E73BFBC83B25B6567E59",
  "runtimes\\win-x64\\native\\stbi.dll": "6DC1BCE09F1FE6840994D807680BFE10",
  "runtimes\\win-x64\\native\\stbi.lib": "927C214DE576219E1F80DBE7798A0502",
  "runtimes\\win-x86\\native\\e_sqlite3.dll": "312362F7EB162C3B82C9EC523F205586",
  "runtimes\\win-x86\\native\\glfw3.dll": "C49821191176628D152DE3144015FA0F",
  "runtimes\\win-x86\\native\\SDL2.dll": "0FCB64E07DE742BB29D2279F0E9903A6",
  "targets\\Dalamud.Plugin.Bootstrap.targets": "C85635161398CD9852CF7212DB7EB904",
  "targets\\Dalamud.Plugin.targets": "E2AA900DB1F6596D1C203D4112A10F5E",
  "CheapLoc.dll": "1FD53B9246E744AA411061FDD2C548A6",
  "Costura.dll": "34ED4C497E35C36F4F40007E3896D795",
  "Dalamud.Boot.dll": "7D15956F44100BBFB56599630BDA887C",
  "Dalamud.Common.dll": "1261F8DC029AFDE517A24DB90DF51601",
  "Dalamud.deps.json": "71B6F9AED04284FF12895BBD1F27CD87",
  "Dalamud.dll": "9C734602272FD92D50A47340EC1457EF",
  "Dalamud.Injector.deps.json": "C1FA0941DC8B38E415776C60C508AAB9",
  "Dalamud.Injector.dll": "95DEE425FD418D1154A57E60DBC6E1C9",
  "Dalamud.Injector.exe": "76DE6D878BB57A51B56AFCD530D4780F",
  "Dalamud.Injector.runtimeconfig.json": "B9BB65FFE7924D4D8BABE9FA66303200",
  "Dalamud.Injector.xml": "D41E5DF541D19A015215E777D7395C9C",
  "Dalamud.runtimeconfig.json": "2A9CD915428BDD175E0889BD0C225F75",
  "Dalamud.xml": "0C6C0FCA2D3302CB5BDEFE4AD7977903",
  "DalamudCrashHandler.exe": "F58CF86E29D5C7C1C545A662C243EDA2",
  "FASM-LICENSE.TXT": "ECEA1D10811221D5F0A3E96F9C38E2C7",
  "FASM.DLL": "0A16FD85E4477874D314020EC631E822",
  "FASMX64.DLL": "7B447FF8C098ED65D073FC1ADF4701D9",
  "FFXIVClientStructs.dll": "982B9E9AFB223E599C296E3BD9553403",
  "FFXIVClientStructs.xml": "F54DFB4ED1513FCA3664CA9F25663D75",
  "goaaats.Reloaded.Assembler.targets": "CC22CB0A353E2136EE9E6E96DB9F7164",
  "Iced.dll": "06AE3474E2D9D1F7ABF2AEBE34A1F2A7",
  "ImGui.NET.dll": "B9E5A38D8900208EE2A70DF72CA6A9E9",
  "ImGuiScene.dll": "0C001509623177275D1B2457423E803A",
  "InteropGenerator.Runtime.dll": "39FA9F6F1DE8F1A69D1A8482E2260E4F",
  "JetBrains.Annotations.dll": "1C6F19FF11A9538E44DDC32BD66628A2",
  "licenses.txt": "A159BE62AA91178EFC3E3983AE874D1D",
  "Lumina.dll": "D653D90ED0EE848CBE4A4CA335F47E86",
  "Lumina.Excel.dll": "31D0D5342315C1E2408970919FCB2115",
  "Microsoft.Bcl.HashCode.dll": "613AB56061ADF2284E047025207467E0",
  "Microsoft.DotNet.PlatformAbstractions.dll": "00AB0F02B1114C57C758F5AD595224F1",
  "Microsoft.Extensions.DependencyModel.dll": "F39BC76C10CFEA478C936FC4521A9FC9",
  "Microsoft.Extensions.ObjectPool.dll": "FEE3CE8A84417360CC5ED787ED6F7DB1",
  "MinSharp.dll": "CB800E2520BDD02EEF627722D93BE018",
  "Mono.Cecil.dll": "0FB62571026DEAA8FCB955343987B706",
  "Mono.Cecil.Mdb.dll": "048DB57D84DA38E728D529C31CC9A433",
  "Mono.Cecil.Pdb.dll": "6AF32D129E9A5FD73EC5226DE7A0E0D9",
  "Mono.Cecil.Rocks.dll": "973B088B544CDCEC615DD7260E9B41CB",
  "nethost.dll": "012081214FE71F0F6ADCD9F4A71B2B00",
  "Newtonsoft.Json.dll": "86A83A63F12B55FD3718CFBFB577D7DC",
  "PeNet.Asn1.dll": "E5A98C94CB18C8745E0FDC09C4206BBC",
  "PeNet.dll": "22C31092CBBA37EF9E2C1709727B7310",
  "PInvoke.AdvApi32.dll": "34EE461D05B403C3A15D0DEC32A3788C",
  "PInvoke.BCrypt.dll": "FD07758EE1440491F22923084109FF26",
  "PInvoke.Cabinet.dll": "333D950E3804735DA60CC41D614C63E2",
  "PInvoke.CfgMgr32.dll": "768BE7CC18EDCF78B296A72ABE891691",
  "PInvoke.Crypt32.dll": "E7B00B0851738F4A7F2C6D37DAA973B4",
  "PInvoke.DbgHelp.dll": "E701136169620D20E3A70B560DE20E44",
  "PInvoke.DwmApi.dll": "ACF223CC8962404056648815B486F7D9",
  "PInvoke.Gdi32.dll": "69FF434826F98582CE44D3136ECFFACB",
  "PInvoke.Hid.dll": "2E7A41257F8AD9B26073181F450CD8E5",
  "PInvoke.ImageHlp.dll": "79BE816E8D86EA66489D7780DD675D49",
  "PInvoke.IPHlpApi.dll": "E949FA3326D1BA8872B179AB4EE49D38",
  "PInvoke.Kernel32.dll": "234E15B122ED430DE99490CA1A204958",
  "PInvoke.Magnification.dll": "C9EA3D34F506741ECC044DB19C151F09",
  "PInvoke.Msi.dll": "69EE50CE2DA6B55755E52589F49A7EBC",
  "PInvoke.NCrypt.dll": "DA1DE76C14D99370CA3BEF19DC299B15",
  "PInvoke.NetApi32.dll": "AE79F9FA2E3864A5E0642AE4622ECDC5",
  "PInvoke.NewDev.dll": "B3E1992105D986EF9C5C8E4B630FBB07",
  "PInvoke.NTDll.dll": "3F6BDF840EB27DD0FD9EB8071822183A",
  "PInvoke.Ole32.dll": "3C49FB100B60519FFE725BCD12A538F6",
  "PInvoke.Psapi.dll": "A7683EE4B880227F01C8AE632A892B9E",
  "PInvoke.SetupApi.dll": "1B7AE321185D0081D1759A9AD829F9BA",
  "PInvoke.SHCore.dll": "F27E7F063D51480F6D2294C903E4A606",
  "PInvoke.Shell32.dll": "F71A1BCAF6478190691170DAEA77722F",
  "PInvoke.User32.dll": "8BEDE38311ED4F27127290B81B8079FD",
  "PInvoke.Userenv.dll": "FEB7BCA90B8C905EC2F4BB0789847131",
  "PInvoke.UxTheme.dll": "8E683C016250CB719FDB9AAAFC22B3C5",
  "PInvoke.Windows.Core.dll": "90015440A44935208FFEA9BF61740651",
  "PInvoke.Windows.ShellScalingApi.dll": "F351B34B8C9183A51CADFDC279357C49",
  "PInvoke.WinUsb.dll": "9EB8A0280F2848D1A32B560A939F7336",
  "PInvoke.WtsApi32.dll": "341C94455D2E5893DBE4293D4D67AA4D",
  "Reloaded.Assembler.dll": "5A781C68A6E4113F36283A7E8FFC5175",
  "Reloaded.Hooks.Definitions.dll": "31B4DF4768CB7E4E2A1480CA5DB01C2C",
  "Reloaded.Hooks.dll": "40CC220864227E775AB40642F38ACC65",
  "Reloaded.Memory.Buffers.dll": "BE366A784BA070BEF8FF226E6EEBE799",
  "Reloaded.Memory.dll": "9365751895CAC2BD78E053C218409623",
  "revision.txt": "7A9A322CBE0D06A98667FDC5160DC6F8",
  "SDL2-CS.config": "65557595FD5DF55D93B2BF881DE62C3A",
  "SDL2-CS.dll": "339EC0E2ADA41A5FC8CE944BF39BEF07",
  "Serilog.dll": "41A13BBDD967C10219107B5CA4228502",
  "Serilog.Sinks.Async.dll": "B2DDE998B27DBF173DAA284EC97E826C",
  "Serilog.Sinks.Console.dll": "FC41E183F4EADA314C85DDE898306DDA",
  "Serilog.Sinks.File.dll": "37560E57CB5FEF8B091026F1870E8D80",
  "SharpDX.Direct3D11.dll": "F636C6950ACD755D48CBE1D77224AF29",
  "SharpDX.dll": "6A19FC2FD1E55DE9AE7C0408222B9578",
  "SharpDX.DXGI.dll": "0BE27CCED66C6D32CEB831853CC25EE9",
  "SharpDX.Mathematics.dll": "80CCDD15B8EB4EF3A065745A5503A6D3",
  "Silk.NET.Core.dll": "D24E3FF31F2613FD298F2DFEBBA94124",
  "Silk.NET.GLFW.dll": "E297EEC5472B0FD69A4C3DC9FCED937E",
  "Silk.NET.Maths.dll": "3553CB7A4C75BB539765D0751A415312",
  "Silk.NET.OpenGL.dll": "3C1B6013B2522ACF6585EEB46FE8E094",
  "Silk.NET.SDL.dll": "E254BF0FEBAF276EAB0ACBDADC012B36",
  "Silk.NET.Windowing.Common.dll": "2E801841ED6B861E9686B819FFC3BA9A",
  "Silk.NET.Windowing.Glfw.dll": "A900BE76190972DB263AA74E29559470",
  "Silk.NET.Windowing.Sdl.dll": "A6B31723E73C1CB6DB2F83FF17A53A90",
  "SQLite-net.dll": "508B629CD8B33A81836785FF1EC638E8",
  "SQLitePCLRaw.batteries_v2.dll": "A92F783C4FC73058B2F1716B04A2A5FA",
  "SQLitePCLRaw.core.dll": "38F01AA4ED65A1D322FA7132BD6E62E6",
  "SQLitePCLRaw.nativelibrary.dll": "F7EF679B43D31E8A9CC9B65D582A9B2D",
  "SQLitePCLRaw.provider.dynamic_cdecl.dll": "4A5955294074E98D7541ED0EA31BB590",
  "StbiSharp.dll": "D88C0491E405EA53AD7A50B7F9A54E0A",
  "System.Reactive.dll": "EF5A00287AD15393D41B12AA4B726FF7",
  "System.Reflection.MetadataLoadContext.dll": "7EC41D41F4E1246757BA3E2EC862D562",
  "System.Security.Cryptography.Pkcs.dll": "8950E01996A37E808BE3F39063C37BF9",
  "TEMP_gitver.txt": "F6BFB68E233ADAA073BB235319F364C5",
  "TerraFX.Interop.Windows.dll": "84F7EF6B0DE91F8CC23F773D3FD6DEC0",
  "Validation.dll": "16497CD4F8323D2181DE587CF9F1335B"
}
