{
  "runtimes\\alpine-x64\\native\\libe_sqlite3.so": "39C244FEDBCD3DFC37041D4FCE1AE21D",
  "runtimes\\linux-arm\\native\\libe_sqlite3.so": "96CF54BC0EFB83D6E3F5F3E04997A59D",
  "runtimes\\linux-arm64\\native\\libe_sqlite3.so": "F079E55E7F3F9966A4A2052A3234E068",
  "runtimes\\linux-armel\\native\\libe_sqlite3.so": "C5A67D49434FC65D64E9C15778078C76",
  "runtimes\\linux-mips64\\native\\libe_sqlite3.so": "5F8461214089CFC677D46C19B7162161",
  "runtimes\\linux-musl-x64\\native\\libe_sqlite3.so": "39C244FEDBCD3DFC37041D4FCE1AE21D",
  "runtimes\\linux-x64\\native\\libe_sqlite3.so": "6F49C540D3AB9964D67A4A704C3D262D",
  "runtimes\\linux-x64\\native\\libglfw.so.3": "9E3137144F68B9E9793F4C7AD5B1BEA7",
  "runtimes\\linux-x64\\native\\libSDL2-2.0.so": "99B95A708381FC66AB2370E45A260527",
  "runtimes\\linux-x64\\native\\libstbi.so": "0945355ED59677D06E3E88F48101BB26",
  "runtimes\\linux-x86\\native\\libe_sqlite3.so": "5E0659B414CBD6DDC38C65582485853E",
  "runtimes\\osx-x64\\native\\libe_sqlite3.dylib": "F82AE134FCD1C080A69D775591406673",
  "runtimes\\osx-x64\\native\\libglfw.3.dylib": "1E30FAB2F0C40E82290AD4B0BF14A880",
  "runtimes\\osx-x64\\native\\libSDL2-2.0.dylib": "AAC958490586C67395F0A90903AE3747",
  "runtimes\\osx-x64\\native\\libstbi.dylib": "0B84B0A6A80178266018081C3CAB68E6",
  "runtimes\\win-arm\\native\\e_sqlite3.dll": "A84DF62F39CB0800BBCF10DBADBE51CB",
  "runtimes\\win-arm64\\native\\e_sqlite3.dll": "1B371CC6A4D07D11FFEFCFF6A88F4D82",
  "runtimes\\win-x64\\native\\cimgui.dll": "41736E03221CB0F6D3EE3E54F728591E",
  "runtimes\\win-x64\\native\\cimguizmo.dll": "4388A0D3AA5D07472843C2E6D5C86BDD",
  "runtimes\\win-x64\\native\\cimplot.dll": "968A7DE3F5FE9B2091D2F84FEFEE0F7D",
  "runtimes\\win-x64\\native\\e_sqlite3.dll": "A3F3A57670333EFCAFE33E738C91A664",
  "runtimes\\win-x64\\native\\glfw3.dll": "8E6F436558858F4DC08D981CDDC8F87E",
  "runtimes\\win-x64\\native\\minhook.x64d.dll": "895F187C6D3EA980CC18EF2A9667D83D",
  "runtimes\\win-x64\\native\\SDL2.dll": "F38971C663A1D77D52B0FF6B461939BD",
  "runtimes\\win-x64\\native\\stbi.dll": "2E52E7ADBA03C45BE4119C5BB30E7696",
  "runtimes\\win-x64\\native\\stbi.lib": "927C214DE576219E1F80DBE7798A0502",
  "runtimes\\win-x86\\native\\e_sqlite3.dll": "FC2C3C47E1C1B2F7E6FBFF892D9AAAFC",
  "runtimes\\win-x86\\native\\glfw3.dll": "1F9CCDCE400D192890A4830EC0B31979",
  "runtimes\\win-x86\\native\\SDL2.dll": "5365813B7ECF6EB99A98A0B5C5929AB5",
  "targets\\Dalamud.Plugin.Bootstrap.targets": "C85635161398CD9852CF7212DB7EB904",
  "targets\\Dalamud.Plugin.targets": "E2AA900DB1F6596D1C203D4112A10F5E",
  "BitFaster.Caching.dll": "8B9421495AF32B016CC38735C78A6F78",
  "CheapLoc.dll": "4A6AFC44D366A1313F33633D67A30103",
  "Costura.dll": "35DCA7368B947AFA72823DA4D977B0AB",
  "Dalamud.Boot.dll": "3D0128EB754B6F281BB19D6B7ACD53BE",
  "Dalamud.Common.dll": "8C2C68C42863B66F7718C85A7BD6E219",
  "Dalamud.deps.json": "A7CE34B7093292A9559F5E31C4891359",
  "Dalamud.dll": "CF8D377A34DC609A093CA679EF9BE052",
  "Dalamud.Injector.deps.json": "C1FA0941DC8B38E415776C60C508AAB9",
  "Dalamud.Injector.dll": "A8129B505F8C455C493B130EAE126CF8",
  "Dalamud.Injector.exe": "8C9364B16C96CC4FA4C13F77D52EC60E",
  "Dalamud.Injector.runtimeconfig.json": "B9BB65FFE7924D4D8BABE9FA66303200",
  "Dalamud.Injector.xml": "D41E5DF541D19A015215E777D7395C9C",
  "Dalamud.runtimeconfig.json": "2A9CD915428BDD175E0889BD0C225F75",
  "Dalamud.xml": "6F9A9959EBBCDE1705F480E4705892BB",
  "DalamudCrashHandler.exe": "FC3ED3EC4ADB5562CEA9AA65ED08A5D7",
  "FASM-LICENSE.TXT": "ECEA1D10811221D5F0A3E96F9C38E2C7",
  "FASM.DLL": "AF90FB024365BDD1057122209E166DEC",
  "FASMX64.DLL": "CED546E969462F9AF3F2F08E12EC2739",
  "FFXIVClientStructs.dll": "DA957691C766858AA7350FC4FEBA0D18",
  "FFXIVClientStructs.xml": "B1962109B1C3D0417404630B41654AB4",
  "goaaats.Reloaded.Assembler.targets": "CC22CB0A353E2136EE9E6E96DB9F7164",
  "Iced.dll": "72917D3A0BC052587D431D024993A419",
  "ImGui.NET.dll": "095EFFF8AE0B648278008118F62CF3FE",
  "ImGuiScene.dll": "BA3834E687DC1A1F83F7B8CD0163959D",
  "InteropGenerator.Runtime.dll": "364CA3B71C7CC1AB30CB3AD9A6E245F0",
  "JetBrains.Annotations.dll": "8F4C3DA074C11CDDEE883EDBC3627729",
  "licenses.txt": "A159BE62AA91178EFC3E3983AE874D1D",
  "Lumina.dll": "26B6739C37E1DF9DE5F911B4279E973A",
  "Lumina.Excel.dll": "1F393C59AA6DCC3DA7C0C5CEBCB49439",
  "Microsoft.Bcl.HashCode.dll": "613AB56061ADF2284E047025207467E0",
  "Microsoft.DotNet.PlatformAbstractions.dll": "00AB0F02B1114C57C758F5AD595224F1",
  "Microsoft.Extensions.DependencyModel.dll": "F39BC76C10CFEA478C936FC4521A9FC9",
  "Microsoft.Extensions.ObjectPool.dll": "FEE3CE8A84417360CC5ED787ED6F7DB1",
  "MinSharp.dll": "A0712FE97791DB75D4A8CEBCAA0485A8",
  "Mono.Cecil.dll": "AA4728B8E74CD879A0385029A2DE35FD",
  "Mono.Cecil.Mdb.dll": "48C099DDD7A44718E69A14ABD30AA016",
  "Mono.Cecil.Pdb.dll": "5237F5C3679E1857775A2C0CE4E621CC",
  "Mono.Cecil.Rocks.dll": "21C4586F3988BA466FE2ECDC47D77B8D",
  "nethost.dll": "012081214FE71F0F6ADCD9F4A71B2B00",
  "Newtonsoft.Json.dll": "86A83A63F12B55FD3718CFBFB577D7DC",
  "PeNet.Asn1.dll": "ADCA0C089E01514069C91F9C197B4D3C",
  "PeNet.dll": "2CBFEB2A3F9903921565F3DE38C90AD2",
  "PInvoke.AdvApi32.dll": "34EE461D05B403C3A15D0DEC32A3788C",
  "PInvoke.BCrypt.dll": "FD07758EE1440491F22923084109FF26",
  "PInvoke.Cabinet.dll": "333D950E3804735DA60CC41D614C63E2",
  "PInvoke.CfgMgr32.dll": "768BE7CC18EDCF78B296A72ABE891691",
  "PInvoke.Crypt32.dll": "E7B00B0851738F4A7F2C6D37DAA973B4",
  "PInvoke.DbgHelp.dll": "E701136169620D20E3A70B560DE20E44",
  "PInvoke.DwmApi.dll": "ACF223CC8962404056648815B486F7D9",
  "PInvoke.Gdi32.dll": "69FF434826F98582CE44D3136ECFFACB",
  "PInvoke.Hid.dll": "2E7A41257F8AD9B26073181F450CD8E5",
  "PInvoke.ImageHlp.dll": "79BE816E8D86EA66489D7780DD675D49",
  "PInvoke.IPHlpApi.dll": "E949FA3326D1BA8872B179AB4EE49D38",
  "PInvoke.Kernel32.dll": "234E15B122ED430DE99490CA1A204958",
  "PInvoke.Magnification.dll": "C9EA3D34F506741ECC044DB19C151F09",
  "PInvoke.Msi.dll": "69EE50CE2DA6B55755E52589F49A7EBC",
  "PInvoke.NCrypt.dll": "DA1DE76C14D99370CA3BEF19DC299B15",
  "PInvoke.NetApi32.dll": "AE79F9FA2E3864A5E0642AE4622ECDC5",
  "PInvoke.NewDev.dll": "B3E1992105D986EF9C5C8E4B630FBB07",
  "PInvoke.NTDll.dll": "3F6BDF840EB27DD0FD9EB8071822183A",
  "PInvoke.Ole32.dll": "3C49FB100B60519FFE725BCD12A538F6",
  "PInvoke.Psapi.dll": "A7683EE4B880227F01C8AE632A892B9E",
  "PInvoke.SetupApi.dll": "1B7AE321185D0081D1759A9AD829F9BA",
  "PInvoke.SHCore.dll": "F27E7F063D51480F6D2294C903E4A606",
  "PInvoke.Shell32.dll": "F71A1BCAF6478190691170DAEA77722F",
  "PInvoke.User32.dll": "8BEDE38311ED4F27127290B81B8079FD",
  "PInvoke.Userenv.dll": "FEB7BCA90B8C905EC2F4BB0789847131",
  "PInvoke.UxTheme.dll": "8E683C016250CB719FDB9AAAFC22B3C5",
  "PInvoke.Windows.Core.dll": "90015440A44935208FFEA9BF61740651",
  "PInvoke.Windows.ShellScalingApi.dll": "F351B34B8C9183A51CADFDC279357C49",
  "PInvoke.WinUsb.dll": "9EB8A0280F2848D1A32B560A939F7336",
  "PInvoke.WtsApi32.dll": "341C94455D2E5893DBE4293D4D67AA4D",
  "Reloaded.Assembler.dll": "B73383EE6D9120B2015782CD4F5F5EFC",
  "Reloaded.Hooks.Definitions.dll": "968288585B18CEF6900D185F51C82225",
  "Reloaded.Hooks.dll": "2C699B4CCC63E41A8ACEE5FAA36920D2",
  "Reloaded.Memory.Buffers.dll": "5C065B575B4120DFA38D35A3ECDC65DC",
  "Reloaded.Memory.dll": "217DCB09745929301DF315C19C5014A0",
  "revision.txt": "999028872CFFF7AE8EE330A33CBD3874",
  "SDL2-CS.config": "65557595FD5DF55D93B2BF881DE62C3A",
  "SDL2-CS.dll": "786B3A91100F291AFE610EC4A760DCCE",
  "Serilog.dll": "876FCDAC06329455629314555D918305",
  "Serilog.Sinks.Async.dll": "5A419C6D3D686C7D31DCD3AB1A4274ED",
  "Serilog.Sinks.Console.dll": "AAD97FAAADC11E64E0EFA0458B94E8B2",
  "Serilog.Sinks.File.dll": "AEF48F2726BF6A873E902F400252C1B1",
  "SharpDX.Direct3D11.dll": "8DF931A0A6F3B21F2368734D810BE589",
  "SharpDX.dll": "963CA76FD1B39E6F9E8A64143C4C5C25",
  "SharpDX.DXGI.dll": "035F2112F2BA79B279D5335FE62EAE5E",
  "SharpDX.Mathematics.dll": "7E933547C6A2106B54DD3D999FA92FDA",
  "Silk.NET.Core.dll": "ED8FCAD4BE39998F04D749A6A362003A",
  "Silk.NET.GLFW.dll": "9E3DDB4FBE629820FBE8E73AEA921A0C",
  "Silk.NET.Maths.dll": "FF85B9EF256B15711EC5CA0B41490269",
  "Silk.NET.OpenGL.dll": "CAF7EF6DCE755091BE7DFD0727E31BF3",
  "Silk.NET.SDL.dll": "E08C54477376D27047A5F72DE599C0ED",
  "Silk.NET.Windowing.Common.dll": "C823926B8AA2F576C541D8BFBA5544D4",
  "Silk.NET.Windowing.Glfw.dll": "04856F0D0520166FD0A0E0033B0BFE3E",
  "Silk.NET.Windowing.Sdl.dll": "A797C7A830422F9491A08EFD054E0748",
  "SQLite-net.dll": "C4147783C4E49B4DA040C8A14C32CC8E",
  "SQLitePCLRaw.batteries_v2.dll": "72AA899AB0C8396677AC8F1E40B5F613",
  "SQLitePCLRaw.core.dll": "975CB4BF937CBFE59C07A436AD9438F3",
  "SQLitePCLRaw.nativelibrary.dll": "5149433DB782A5BBF4C6F01625BA7710",
  "SQLitePCLRaw.provider.dynamic_cdecl.dll": "4B27F8477A296318C4F51445C5E932AB",
  "StbiSharp.dll": "D2F9CA0C7D6FEC5915AD0685813B5E96",
  "System.Reactive.dll": "EF5A00287AD15393D41B12AA4B726FF7",
  "System.Reflection.MetadataLoadContext.dll": "7EC41D41F4E1246757BA3E2EC862D562",
  "System.Security.Cryptography.Pkcs.dll": "8950E01996A37E808BE3F39063C37BF9",
  "TEMP_gitver.txt": "720F9EDB95547A0BF36CC21AB75998FD",
  "TerraFX.Interop.Windows.dll": "84F7EF6B0DE91F8CC23F773D3FD6DEC0",
  "Validation.dll": "282E85234F67E8189F8524B77C7B5576"
}
