{
  "runtimes\\alpine-x64\\native\\libe_sqlite3.so": "39C244FEDBCD3DFC37041D4FCE1AE21D",
  "runtimes\\linux-arm\\native\\libe_sqlite3.so": "96CF54BC0EFB83D6E3F5F3E04997A59D",
  "runtimes\\linux-arm64\\native\\libe_sqlite3.so": "F079E55E7F3F9966A4A2052A3234E068",
  "runtimes\\linux-armel\\native\\libe_sqlite3.so": "C5A67D49434FC65D64E9C15778078C76",
  "runtimes\\linux-mips64\\native\\libe_sqlite3.so": "5F8461214089CFC677D46C19B7162161",
  "runtimes\\linux-musl-x64\\native\\libe_sqlite3.so": "39C244FEDBCD3DFC37041D4FCE1AE21D",
  "runtimes\\linux-x64\\native\\libe_sqlite3.so": "6F49C540D3AB9964D67A4A704C3D262D",
  "runtimes\\linux-x64\\native\\libglfw.so.3": "9E3137144F68B9E9793F4C7AD5B1BEA7",
  "runtimes\\linux-x64\\native\\libSDL2-2.0.so": "99B95A708381FC66AB2370E45A260527",
  "runtimes\\linux-x64\\native\\libstbi.so": "0945355ED59677D06E3E88F48101BB26",
  "runtimes\\linux-x86\\native\\libe_sqlite3.so": "5E0659B414CBD6DDC38C65582485853E",
  "runtimes\\osx-x64\\native\\libe_sqlite3.dylib": "F82AE134FCD1C080A69D775591406673",
  "runtimes\\osx-x64\\native\\libglfw.3.dylib": "1E30FAB2F0C40E82290AD4B0BF14A880",
  "runtimes\\osx-x64\\native\\libSDL2-2.0.dylib": "AAC958490586C67395F0A90903AE3747",
  "runtimes\\osx-x64\\native\\libstbi.dylib": "0B84B0A6A80178266018081C3CAB68E6",
  "runtimes\\win-arm\\native\\e_sqlite3.dll": "A89046B21D1D3FC238DEE13F4FAB2595",
  "runtimes\\win-arm64\\native\\e_sqlite3.dll": "08212A07738B58E613B49FC4CE396347",
  "runtimes\\win-x64\\native\\cimgui.dll": "CBD1AD263C573FF7D5C37E6B6481814B",
  "runtimes\\win-x64\\native\\cimguizmo.dll": "6F9623D76A68369CB7999AD8A485F5BB",
  "runtimes\\win-x64\\native\\cimplot.dll": "570388B7B4851DEAA23A7EAA63C84B20",
  "runtimes\\win-x64\\native\\e_sqlite3.dll": "390466606D1A6D5F1FCAC98EA4FE61FC",
  "runtimes\\win-x64\\native\\glfw3.dll": "F2C94C52F35561D47BE6609AE8FF4E03",
  "runtimes\\win-x64\\native\\minhook.x64d.dll": "F8D9FCF71D7A2478D9CE9C0C307BD524",
  "runtimes\\win-x64\\native\\SDL2.dll": "50C5084DA8B56039137823FF7A704369",
  "runtimes\\win-x64\\native\\stbi.dll": "0369D6ADA7A6734EA9BF4FEC090B8825",
  "runtimes\\win-x64\\native\\stbi.lib": "927C214DE576219E1F80DBE7798A0502",
  "runtimes\\win-x86\\native\\e_sqlite3.dll": "ADF6E6339800439005B64E86F0174BAE",
  "runtimes\\win-x86\\native\\glfw3.dll": "665486302246D7CDC9FCA62045BAFDE1",
  "runtimes\\win-x86\\native\\SDL2.dll": "D58A173CE9A9B7DB94E164C9DC6A2FBF",
  "targets\\Dalamud.Plugin.Bootstrap.targets": "C85635161398CD9852CF7212DB7EB904",
  "targets\\Dalamud.Plugin.targets": "DDD731601C06B16E10CF2F8990452A27",
  "BitFaster.Caching.dll": "AC0413DC425EE4858889526641C5F9C4",
  "CheapLoc.dll": "36E4070BEDD2AC35DE0848E850548C7C",
  "Costura.dll": "F2F14F43A92EACDC9E25574E263A5273",
  "Dalamud.Boot.dll": "01F20E06B4A9238B12BD9C1A9C59C2DD",
  "Dalamud.Common.dll": "540B3BC9DC1CCF10000A0DC817FC185E",
  "Dalamud.deps.json": "0B36E19377BD1CB30AD7C19F0975F2D9",
  "Dalamud.dll": "14860257E99CE31C6EE5995576588E80",
  "Dalamud.Injector.deps.json": "C1FA0941DC8B38E415776C60C508AAB9",
  "Dalamud.Injector.dll": "0E4EB4D8DE9647EDE18F6664D6617E57",
  "Dalamud.Injector.exe": "5267C3D7558A70C4D73710921566813E",
  "Dalamud.Injector.runtimeconfig.json": "B9BB65FFE7924D4D8BABE9FA66303200",
  "Dalamud.Injector.xml": "D41E5DF541D19A015215E777D7395C9C",
  "Dalamud.runtimeconfig.json": "2A9CD915428BDD175E0889BD0C225F75",
  "Dalamud.xml": "D10D78532EADE8716A96CE104F726D4A",
  "DalamudCrashHandler.exe": "3D0B8957E89630EF364D3F778F81F3E2",
  "FASM-LICENSE.TXT": "ECEA1D10811221D5F0A3E96F9C38E2C7",
  "FASM.DLL": "F90C86D1D8D41F2B188694B610CB9172",
  "FASMX64.DLL": "D84180B7A855CB3278F5C23BC6DA264F",
  "FFXIVClientStructs.dll": "A40398D1B50ED4B6E0CBC9E2580C351B",
  "FFXIVClientStructs.xml": "9A9DE6FDA4A4671DA9E34CCFC26D443D",
  "goaaats.Reloaded.Assembler.targets": "CC22CB0A353E2136EE9E6E96DB9F7164",
  "Iced.dll": "61537CDB70A766693EDA72A416FD5597",
  "ImGui.NET.dll": "DF0284CED634BB2E17826E0CB3C32499",
  "ImGuiScene.dll": "00E09C91101F572D186D8622AB773436",
  "InteropGenerator.Runtime.dll": "3478644FD1A372015A34E9950EE500AE",
  "JetBrains.Annotations.dll": "8E4104DEB4EA2292A745B9672050DDF2",
  "licenses.txt": "A159BE62AA91178EFC3E3983AE874D1D",
  "Lumina.dll": "E15610378EE9225DBB7AEE3E3AAEA391",
  "Lumina.Excel.dll": "8627AECAEBA78DA49CDA61C5D9F9A173",
  "Microsoft.Bcl.HashCode.dll": "613AB56061ADF2284E047025207467E0",
  "Microsoft.DotNet.PlatformAbstractions.dll": "00AB0F02B1114C57C758F5AD595224F1",
  "Microsoft.Extensions.DependencyModel.dll": "F39BC76C10CFEA478C936FC4521A9FC9",
  "Microsoft.Extensions.ObjectPool.dll": "FEE3CE8A84417360CC5ED787ED6F7DB1",
  "MinSharp.dll": "815C05973DF0962776491658E4CA308F",
  "Mono.Cecil.dll": "32C8BA7CA24354B22C74B4AD447B5C84",
  "Mono.Cecil.Mdb.dll": "ADF32E7105A7779999D2227E6F755AF1",
  "Mono.Cecil.Pdb.dll": "CBE88EF55AEB4A4034B89FF5AED1AFB4",
  "Mono.Cecil.Rocks.dll": "9069264CCBD61E27A535BAD82A92AC55",
  "nethost.dll": "012081214FE71F0F6ADCD9F4A71B2B00",
  "Newtonsoft.Json.dll": "86A83A63F12B55FD3718CFBFB577D7DC",
  "PeNet.Asn1.dll": "43AAF1A94AA0B085226560CDFAF19896",
  "PeNet.dll": "0E69F6DFEA67B16EBACB0B3AB2F8E60F",
  "PInvoke.AdvApi32.dll": "34EE461D05B403C3A15D0DEC32A3788C",
  "PInvoke.BCrypt.dll": "FD07758EE1440491F22923084109FF26",
  "PInvoke.Cabinet.dll": "333D950E3804735DA60CC41D614C63E2",
  "PInvoke.CfgMgr32.dll": "768BE7CC18EDCF78B296A72ABE891691",
  "PInvoke.Crypt32.dll": "E7B00B0851738F4A7F2C6D37DAA973B4",
  "PInvoke.DbgHelp.dll": "E701136169620D20E3A70B560DE20E44",
  "PInvoke.DwmApi.dll": "ACF223CC8962404056648815B486F7D9",
  "PInvoke.Gdi32.dll": "69FF434826F98582CE44D3136ECFFACB",
  "PInvoke.Hid.dll": "2E7A41257F8AD9B26073181F450CD8E5",
  "PInvoke.ImageHlp.dll": "79BE816E8D86EA66489D7780DD675D49",
  "PInvoke.IPHlpApi.dll": "E949FA3326D1BA8872B179AB4EE49D38",
  "PInvoke.Kernel32.dll": "234E15B122ED430DE99490CA1A204958",
  "PInvoke.Magnification.dll": "C9EA3D34F506741ECC044DB19C151F09",
  "PInvoke.Msi.dll": "69EE50CE2DA6B55755E52589F49A7EBC",
  "PInvoke.NCrypt.dll": "DA1DE76C14D99370CA3BEF19DC299B15",
  "PInvoke.NetApi32.dll": "AE79F9FA2E3864A5E0642AE4622ECDC5",
  "PInvoke.NewDev.dll": "B3E1992105D986EF9C5C8E4B630FBB07",
  "PInvoke.NTDll.dll": "3F6BDF840EB27DD0FD9EB8071822183A",
  "PInvoke.Ole32.dll": "3C49FB100B60519FFE725BCD12A538F6",
  "PInvoke.Psapi.dll": "A7683EE4B880227F01C8AE632A892B9E",
  "PInvoke.SetupApi.dll": "1B7AE321185D0081D1759A9AD829F9BA",
  "PInvoke.SHCore.dll": "F27E7F063D51480F6D2294C903E4A606",
  "PInvoke.Shell32.dll": "F71A1BCAF6478190691170DAEA77722F",
  "PInvoke.User32.dll": "8BEDE38311ED4F27127290B81B8079FD",
  "PInvoke.Userenv.dll": "FEB7BCA90B8C905EC2F4BB0789847131",
  "PInvoke.UxTheme.dll": "8E683C016250CB719FDB9AAAFC22B3C5",
  "PInvoke.Windows.Core.dll": "90015440A44935208FFEA9BF61740651",
  "PInvoke.Windows.ShellScalingApi.dll": "F351B34B8C9183A51CADFDC279357C49",
  "PInvoke.WinUsb.dll": "9EB8A0280F2848D1A32B560A939F7336",
  "PInvoke.WtsApi32.dll": "341C94455D2E5893DBE4293D4D67AA4D",
  "Reloaded.Assembler.dll": "FB776F11178670D41C4AC24773A7F289",
  "Reloaded.Hooks.Definitions.dll": "BB753D3F669FD7249431E011CA14F388",
  "Reloaded.Hooks.dll": "DDB7E9E0AD62CA648CD7759C7DDB7362",
  "Reloaded.Memory.Buffers.dll": "5481F7117D5749D2EB6E46E7A5942C57",
  "Reloaded.Memory.dll": "DCF11772C0D6A5C07FAA8358FE90278E",
  "revision.txt": "8074856808EBEC0C49403CE3589B28DE",
  "SDL2-CS.config": "65557595FD5DF55D93B2BF881DE62C3A",
  "SDL2-CS.dll": "6063BA29F90724843D059747BF6810F4",
  "Serilog.dll": "2FEFE331446EEBC275EADBAB6A73A8A7",
  "Serilog.Sinks.Async.dll": "AE781A5F7027D5EED6282CB154ADEB8F",
  "Serilog.Sinks.Console.dll": "DFF0700680724EB8AFACBE08BC05A2C6",
  "Serilog.Sinks.File.dll": "1DDDEB808959DB4E5592C03289AF6AA1",
  "SharpDX.Direct3D11.dll": "5E571BE3D2B649D6F03A40D9CD758C9F",
  "SharpDX.dll": "34EB7D8F2A95CF57CC21568EE4DD5A13",
  "SharpDX.DXGI.dll": "8290C3C239705F894C86FB6C55CB2ACD",
  "SharpDX.Mathematics.dll": "BD6A8469BC456EDC556F74100DDA4C02",
  "Silk.NET.Core.dll": "F73DA9DEB5DD5D3E5DCC000AC404EE84",
  "Silk.NET.GLFW.dll": "5FF053816BF65D51FEDC6230DF9AFE01",
  "Silk.NET.Maths.dll": "BF3807D4BDDF756701FA471F9BBD0762",
  "Silk.NET.OpenGL.dll": "32E32F3974362B93E28E92D0FF12DDA4",
  "Silk.NET.SDL.dll": "512C7DEED885B9A5203346567B184B30",
  "Silk.NET.Windowing.Common.dll": "37C7990B844CBEC754702DCAB39A4B2A",
  "Silk.NET.Windowing.Glfw.dll": "49B978EF03453D05E33EA3359BBAC013",
  "Silk.NET.Windowing.Sdl.dll": "D2FB4BEF1F9C42C8FE989073AED22FF2",
  "SQLite-net.dll": "AC8AA2A1BC83FC704AFE69970C6270D2",
  "SQLitePCLRaw.batteries_v2.dll": "7E50A27C6C7556140483389769189AE0",
  "SQLitePCLRaw.core.dll": "2A5BBE2A1ABEAF3024154E9C9D73AE99",
  "SQLitePCLRaw.nativelibrary.dll": "C98AE625E8F13161EBA3ED1BB00EA11F",
  "SQLitePCLRaw.provider.dynamic_cdecl.dll": "7D98A534AA3B5378EB72D3DD76B7185E",
  "StbiSharp.dll": "C5D2E232C5BD29D24D4334F705373DB4",
  "System.Reactive.dll": "EF5A00287AD15393D41B12AA4B726FF7",
  "System.Reflection.MetadataLoadContext.dll": "7EC41D41F4E1246757BA3E2EC862D562",
  "System.Security.Cryptography.Pkcs.dll": "8950E01996A37E808BE3F39063C37BF9",
  "TEMP_gitver.txt": "CC38B38DBAA54087605F12E1E548BD9A",
  "TerraFX.Interop.Windows.dll": "84F7EF6B0DE91F8CC23F773D3FD6DEC0",
  "Validation.dll": "497C02781E63FB70B408FAC87FD8529F"
}
