{
  "runtimes\\alpine-x64\\native\\libe_sqlite3.so": "39C244FEDBCD3DFC37041D4FCE1AE21D",
  "runtimes\\linux-arm\\native\\libe_sqlite3.so": "96CF54BC0EFB83D6E3F5F3E04997A59D",
  "runtimes\\linux-arm64\\native\\libe_sqlite3.so": "F079E55E7F3F9966A4A2052A3234E068",
  "runtimes\\linux-armel\\native\\libe_sqlite3.so": "C5A67D49434FC65D64E9C15778078C76",
  "runtimes\\linux-mips64\\native\\libe_sqlite3.so": "5F8461214089CFC677D46C19B7162161",
  "runtimes\\linux-musl-x64\\native\\libe_sqlite3.so": "39C244FEDBCD3DFC37041D4FCE1AE21D",
  "runtimes\\linux-x64\\native\\libe_sqlite3.so": "6F49C540D3AB9964D67A4A704C3D262D",
  "runtimes\\linux-x64\\native\\libglfw.so.3": "9E3137144F68B9E9793F4C7AD5B1BEA7",
  "runtimes\\linux-x64\\native\\libSDL2-2.0.so": "99B95A708381FC66AB2370E45A260527",
  "runtimes\\linux-x64\\native\\libstbi.so": "0945355ED59677D06E3E88F48101BB26",
  "runtimes\\linux-x86\\native\\libe_sqlite3.so": "5E0659B414CBD6DDC38C65582485853E",
  "runtimes\\osx-x64\\native\\libe_sqlite3.dylib": "F82AE134FCD1C080A69D775591406673",
  "runtimes\\osx-x64\\native\\libglfw.3.dylib": "1E30FAB2F0C40E82290AD4B0BF14A880",
  "runtimes\\osx-x64\\native\\libSDL2-2.0.dylib": "AAC958490586C67395F0A90903AE3747",
  "runtimes\\osx-x64\\native\\libstbi.dylib": "0B84B0A6A80178266018081C3CAB68E6",
  "runtimes\\win-arm\\native\\e_sqlite3.dll": "C64E318AA110C63CE24FD84434A30E66",
  "runtimes\\win-arm64\\native\\e_sqlite3.dll": "ADBC5A22B5F8ECD3D39B2834AED8A429",
  "runtimes\\win-x64\\native\\cimgui.dll": "8C7CBA1F58D5444D53A94AAFFFACF743",
  "runtimes\\win-x64\\native\\cimguizmo.dll": "141385F212FD358DC0DE7A61C2AFB117",
  "runtimes\\win-x64\\native\\cimplot.dll": "DA8333358E632AFFC617D5F3339863FC",
  "runtimes\\win-x64\\native\\e_sqlite3.dll": "540934E13FEF1CBEDC85EB04A8CCCDC9",
  "runtimes\\win-x64\\native\\glfw3.dll": "4348337D3CEEC737272FC10EB088A873",
  "runtimes\\win-x64\\native\\minhook.x64d.dll": "70BC44CF87C54B10246EA317AD280F74",
  "runtimes\\win-x64\\native\\SDL2.dll": "B953F6614BCB7653E572342B74D003A1",
  "runtimes\\win-x64\\native\\stbi.dll": "992DF9F3D2C3D90355DCDE274C67FABB",
  "runtimes\\win-x64\\native\\stbi.lib": "927C214DE576219E1F80DBE7798A0502",
  "runtimes\\win-x86\\native\\e_sqlite3.dll": "D6FE1B8DBB06630023FBC1330CD15470",
  "runtimes\\win-x86\\native\\glfw3.dll": "5E96CE8F761DBAD0EEAFEE1217FDD90C",
  "runtimes\\win-x86\\native\\SDL2.dll": "B64AE6B94814A71AE30726D0AA551498",
  "targets\\Dalamud.Plugin.Bootstrap.targets": "C85635161398CD9852CF7212DB7EB904",
  "targets\\Dalamud.Plugin.targets": "DDD731601C06B16E10CF2F8990452A27",
  "BitFaster.Caching.dll": "21CBFA7C8BD63F3361DFFDF3980E11AB",
  "CheapLoc.dll": "E039936A272A6227B14F6F7D19DBA95C",
  "Costura.dll": "62EB4251D9CA5CBAF67DF65401546256",
  "Dalamud.Boot.dll": "9DF8674691848B3F25D32FF1B21D40A9",
  "Dalamud.Common.dll": "7D166BF270431134EF159B051EEF2F38",
  "Dalamud.deps.json": "9F3152C5A97A09FD0ACB6A8BFAD1A54B",
  "Dalamud.dll": "A3AF7C7CAE370F4666AAC9249A48BA2A",
  "Dalamud.Injector.deps.json": "C1FA0941DC8B38E415776C60C508AAB9",
  "Dalamud.Injector.dll": "44EBC52E403D507F7FA075D32632DF7E",
  "Dalamud.Injector.exe": "80701A60F9B0A6D07DF2E82C9BA33C1B",
  "Dalamud.Injector.runtimeconfig.json": "B9BB65FFE7924D4D8BABE9FA66303200",
  "Dalamud.Injector.xml": "D41E5DF541D19A015215E777D7395C9C",
  "Dalamud.runtimeconfig.json": "2A9CD915428BDD175E0889BD0C225F75",
  "Dalamud.xml": "B41BD3B743359EFF509F7A41B5FC60AA",
  "DalamudCrashHandler.exe": "FBFF8F1F9F7E9B33FC86470363D7C814",
  "FASM-LICENSE.TXT": "ECEA1D10811221D5F0A3E96F9C38E2C7",
  "FASM.DLL": "A60506B4EFD4421B33BB2AE279E6CD34",
  "FASMX64.DLL": "7B095DDD87EFEEC5E67DB7015AE4CED3",
  "FFXIVClientStructs.dll": "C953D359D3D748D766805ABFD2E39E8D",
  "FFXIVClientStructs.xml": "067FFB5A73ACCE3581245801DCE34A0B",
  "goaaats.Reloaded.Assembler.targets": "CC22CB0A353E2136EE9E6E96DB9F7164",
  "Iced.dll": "D5C3CB522EE0D4C8BCBEBDAB42419088",
  "ImGui.NET.dll": "C60D71047CC4458BD1987B4B44722076",
  "ImGuiScene.dll": "92106E15B4358B68BBA913471DCDA8CA",
  "InteropGenerator.Runtime.dll": "4231AE9B1ED5A169A9668DB2BFEF6BFF",
  "JetBrains.Annotations.dll": "04369032707EFBD8D0F12A879B83AC08",
  "licenses.txt": "A159BE62AA91178EFC3E3983AE874D1D",
  "Lumina.dll": "428278E74FE466024DFF1CF4DADEB0A7",
  "Lumina.Excel.dll": "EEB6FD2375FE40D9958F7F7607E7E4D1",
  "Microsoft.Bcl.HashCode.dll": "613AB56061ADF2284E047025207467E0",
  "Microsoft.DotNet.PlatformAbstractions.dll": "00AB0F02B1114C57C758F5AD595224F1",
  "Microsoft.Extensions.DependencyModel.dll": "F39BC76C10CFEA478C936FC4521A9FC9",
  "Microsoft.Extensions.ObjectPool.dll": "FEE3CE8A84417360CC5ED787ED6F7DB1",
  "MinSharp.dll": "FBE5BFBD0AC6B18CA6D47AAA633C0D1B",
  "Mono.Cecil.dll": "B07C621041D418656FBF09C122BB5AA1",
  "Mono.Cecil.Mdb.dll": "794FE5C515948E7FD5EF68000862958B",
  "Mono.Cecil.Pdb.dll": "5C1188CA4C318960A54238E9235265A3",
  "Mono.Cecil.Rocks.dll": "48AC62C37BF81D035C7412E46CF74F37",
  "nethost.dll": "012081214FE71F0F6ADCD9F4A71B2B00",
  "Newtonsoft.Json.dll": "86A83A63F12B55FD3718CFBFB577D7DC",
  "PeNet.Asn1.dll": "A0A1E9861749E0E8CCD47B252CF0D82E",
  "PeNet.dll": "62939EA743A8E2D5655554C668FC5178",
  "PInvoke.AdvApi32.dll": "34EE461D05B403C3A15D0DEC32A3788C",
  "PInvoke.BCrypt.dll": "FD07758EE1440491F22923084109FF26",
  "PInvoke.Cabinet.dll": "333D950E3804735DA60CC41D614C63E2",
  "PInvoke.CfgMgr32.dll": "768BE7CC18EDCF78B296A72ABE891691",
  "PInvoke.Crypt32.dll": "E7B00B0851738F4A7F2C6D37DAA973B4",
  "PInvoke.DbgHelp.dll": "E701136169620D20E3A70B560DE20E44",
  "PInvoke.DwmApi.dll": "ACF223CC8962404056648815B486F7D9",
  "PInvoke.Gdi32.dll": "69FF434826F98582CE44D3136ECFFACB",
  "PInvoke.Hid.dll": "2E7A41257F8AD9B26073181F450CD8E5",
  "PInvoke.ImageHlp.dll": "79BE816E8D86EA66489D7780DD675D49",
  "PInvoke.IPHlpApi.dll": "E949FA3326D1BA8872B179AB4EE49D38",
  "PInvoke.Kernel32.dll": "234E15B122ED430DE99490CA1A204958",
  "PInvoke.Magnification.dll": "C9EA3D34F506741ECC044DB19C151F09",
  "PInvoke.Msi.dll": "69EE50CE2DA6B55755E52589F49A7EBC",
  "PInvoke.NCrypt.dll": "DA1DE76C14D99370CA3BEF19DC299B15",
  "PInvoke.NetApi32.dll": "AE79F9FA2E3864A5E0642AE4622ECDC5",
  "PInvoke.NewDev.dll": "B3E1992105D986EF9C5C8E4B630FBB07",
  "PInvoke.NTDll.dll": "3F6BDF840EB27DD0FD9EB8071822183A",
  "PInvoke.Ole32.dll": "3C49FB100B60519FFE725BCD12A538F6",
  "PInvoke.Psapi.dll": "A7683EE4B880227F01C8AE632A892B9E",
  "PInvoke.SetupApi.dll": "1B7AE321185D0081D1759A9AD829F9BA",
  "PInvoke.SHCore.dll": "F27E7F063D51480F6D2294C903E4A606",
  "PInvoke.Shell32.dll": "F71A1BCAF6478190691170DAEA77722F",
  "PInvoke.User32.dll": "8BEDE38311ED4F27127290B81B8079FD",
  "PInvoke.Userenv.dll": "FEB7BCA90B8C905EC2F4BB0789847131",
  "PInvoke.UxTheme.dll": "8E683C016250CB719FDB9AAAFC22B3C5",
  "PInvoke.Windows.Core.dll": "90015440A44935208FFEA9BF61740651",
  "PInvoke.Windows.ShellScalingApi.dll": "F351B34B8C9183A51CADFDC279357C49",
  "PInvoke.WinUsb.dll": "9EB8A0280F2848D1A32B560A939F7336",
  "PInvoke.WtsApi32.dll": "341C94455D2E5893DBE4293D4D67AA4D",
  "Reloaded.Assembler.dll": "53E9CC0FAFAEBD16ECD1992B00577A27",
  "Reloaded.Hooks.Definitions.dll": "B872F7364965EB2CE6CF6AA5EB4CD500",
  "Reloaded.Hooks.dll": "FD64995453501D7DC64A332D83D4042E",
  "Reloaded.Memory.Buffers.dll": "A9829FAF3C72FA7FF04FCC3DBC813B8E",
  "Reloaded.Memory.dll": "AE003D6E0F43E8EEFCDD96F8C0A82357",
  "revision.txt": "48F7D3043BC03E6C48A6F0EBC0F258A8",
  "SDL2-CS.config": "65557595FD5DF55D93B2BF881DE62C3A",
  "SDL2-CS.dll": "D81A010C6065607E67FA56BE0EEB64C1",
  "Serilog.dll": "447528A326D036952B15FE7E67C00D62",
  "Serilog.Sinks.Async.dll": "AF0E34B6F27BE493FAE52C003E9B3920",
  "Serilog.Sinks.Console.dll": "36D674FDD8E26A1E26E46A84BC97AEBB",
  "Serilog.Sinks.File.dll": "91D90E2CB160FF32D642BB185E56A21B",
  "SharpDX.Direct3D11.dll": "8B45A197C85C95D79BA9663255197AC9",
  "SharpDX.dll": "356A62A4F456919C97F7DAADB4410D42",
  "SharpDX.DXGI.dll": "2C1820C3525ABF495240D9E5A4D726D8",
  "SharpDX.Mathematics.dll": "431D4F3A3A1FABEB6735C6CAF134ECB1",
  "Silk.NET.Core.dll": "5956E2AE938A4CE5C00DF08E3E6BC685",
  "Silk.NET.GLFW.dll": "4932D715BB7504B5FF3053797CE3AD76",
  "Silk.NET.Maths.dll": "20CCF08A98C5AE5774C9C48BE09C6213",
  "Silk.NET.OpenGL.dll": "B8FD37DAFB119AF5C8629605A15D85EF",
  "Silk.NET.SDL.dll": "7D5069D665ECB9FE14A0D92C4154A61C",
  "Silk.NET.Windowing.Common.dll": "3B0AE2656B2E7CAC682B342ECBFBAC5B",
  "Silk.NET.Windowing.Glfw.dll": "38ADB18D15A5A1D71463C6D2FA79E118",
  "Silk.NET.Windowing.Sdl.dll": "293D663E12FAE1C5A3AA210E87113191",
  "SQLite-net.dll": "F31180A2A87DFB4292AF3FE886595980",
  "SQLitePCLRaw.batteries_v2.dll": "42FC141BAA94AC96A7609A384C64BADA",
  "SQLitePCLRaw.core.dll": "7C2E90EFB81EA529BBCD942B584E09E2",
  "SQLitePCLRaw.nativelibrary.dll": "AD87EB8325E4B1F15898ACCE2FBA8C53",
  "SQLitePCLRaw.provider.dynamic_cdecl.dll": "8898F9E28B875C8230034C9392A648F8",
  "StbiSharp.dll": "06B8D1067F27C8CE3F29C726C8A98B32",
  "System.Reactive.dll": "EF5A00287AD15393D41B12AA4B726FF7",
  "System.Reflection.MetadataLoadContext.dll": "7EC41D41F4E1246757BA3E2EC862D562",
  "System.Security.Cryptography.Pkcs.dll": "8950E01996A37E808BE3F39063C37BF9",
  "TEMP_gitver.txt": "3749532CAD0491379C9FABB1214B74A1",
  "TerraFX.Interop.Windows.dll": "84F7EF6B0DE91F8CC23F773D3FD6DEC0",
  "Validation.dll": "0B102EFBF62C245B2FA6CC22D98447DF"
}
