{
  "runtimes\\alpine-x64\\native\\libe_sqlite3.so": "39C244FEDBCD3DFC37041D4FCE1AE21D",
  "runtimes\\linux-arm\\native\\libe_sqlite3.so": "96CF54BC0EFB83D6E3F5F3E04997A59D",
  "runtimes\\linux-arm64\\native\\libe_sqlite3.so": "F079E55E7F3F9966A4A2052A3234E068",
  "runtimes\\linux-armel\\native\\libe_sqlite3.so": "C5A67D49434FC65D64E9C15778078C76",
  "runtimes\\linux-mips64\\native\\libe_sqlite3.so": "5F8461214089CFC677D46C19B7162161",
  "runtimes\\linux-musl-x64\\native\\libe_sqlite3.so": "39C244FEDBCD3DFC37041D4FCE1AE21D",
  "runtimes\\linux-x64\\native\\libe_sqlite3.so": "6F49C540D3AB9964D67A4A704C3D262D",
  "runtimes\\linux-x64\\native\\libglfw.so.3": "9E3137144F68B9E9793F4C7AD5B1BEA7",
  "runtimes\\linux-x64\\native\\libSDL2-2.0.so": "99B95A708381FC66AB2370E45A260527",
  "runtimes\\linux-x64\\native\\libstbi.so": "0945355ED59677D06E3E88F48101BB26",
  "runtimes\\linux-x86\\native\\libe_sqlite3.so": "5E0659B414CBD6DDC38C65582485853E",
  "runtimes\\osx-x64\\native\\libe_sqlite3.dylib": "F82AE134FCD1C080A69D775591406673",
  "runtimes\\osx-x64\\native\\libglfw.3.dylib": "1E30FAB2F0C40E82290AD4B0BF14A880",
  "runtimes\\osx-x64\\native\\libSDL2-2.0.dylib": "AAC958490586C67395F0A90903AE3747",
  "runtimes\\osx-x64\\native\\libstbi.dylib": "0B84B0A6A80178266018081C3CAB68E6",
  "runtimes\\win-arm\\native\\e_sqlite3.dll": "41EB0C2EA8711555FB9FA51135690F93",
  "runtimes\\win-arm64\\native\\e_sqlite3.dll": "474D60E31E0EB46A2B4073B8AFE35DB7",
  "runtimes\\win-x64\\native\\cimgui.dll": "06EC33D1673388B43A529F732A08D91F",
  "runtimes\\win-x64\\native\\cimguizmo.dll": "BA165AA9F2379F38BC18FA50B1271BF9",
  "runtimes\\win-x64\\native\\cimplot.dll": "90475FF8DA040FFA669062BBF83CD4B5",
  "runtimes\\win-x64\\native\\e_sqlite3.dll": "1CFC368B422EC16A9B54A5302BCF4E89",
  "runtimes\\win-x64\\native\\glfw3.dll": "13F0F50EF60B9057A982EC8FDB9D4B1A",
  "runtimes\\win-x64\\native\\minhook.x64d.dll": "F3716EAFEEB8D159A7B4C9F40D7DD57A",
  "runtimes\\win-x64\\native\\SDL2.dll": "07099A415ED6CE15EDC3C204742B63C0",
  "runtimes\\win-x64\\native\\stbi.dll": "C2D912F5B0A2E78996030391AEABEBAD",
  "runtimes\\win-x64\\native\\stbi.lib": "927C214DE576219E1F80DBE7798A0502",
  "runtimes\\win-x86\\native\\e_sqlite3.dll": "1ACCC087F8BAE20B738DCFD49D4EA32E",
  "runtimes\\win-x86\\native\\glfw3.dll": "788898CAD2C4F651AA594B15A68A04E2",
  "runtimes\\win-x86\\native\\SDL2.dll": "42247F5FBDB08374D7042D4394454A44",
  "targets\\Dalamud.Plugin.Bootstrap.targets": "C85635161398CD9852CF7212DB7EB904",
  "targets\\Dalamud.Plugin.targets": "DDD731601C06B16E10CF2F8990452A27",
  "BitFaster.Caching.dll": "1E01423071E218DCEAD992CFBC82D228",
  "CheapLoc.dll": "BC155F4107658F7142303631069336A9",
  "Costura.dll": "2E306512D0C78F8EF2E5C6BF4AD46B4A",
  "Dalamud.Boot.dll": "DDE42CA95886F83DA120F2D130A0340A",
  "Dalamud.Common.dll": "2748D4E00D1431F6150FE622F2D8413C",
  "Dalamud.deps.json": "0B36E19377BD1CB30AD7C19F0975F2D9",
  "Dalamud.dll": "20D06DE83E8FCE296CF303E16AC7330B",
  "Dalamud.Injector.deps.json": "C1FA0941DC8B38E415776C60C508AAB9",
  "Dalamud.Injector.dll": "258211B031DEC34519B2642728AA6381",
  "Dalamud.Injector.exe": "85D873F4271C3AAFFA5E3DC5B43BAA8F",
  "Dalamud.Injector.runtimeconfig.json": "B9BB65FFE7924D4D8BABE9FA66303200",
  "Dalamud.Injector.xml": "D41E5DF541D19A015215E777D7395C9C",
  "Dalamud.runtimeconfig.json": "2A9CD915428BDD175E0889BD0C225F75",
  "Dalamud.xml": "DE0DCC96FE29DA190765CC8D18531384",
  "DalamudCrashHandler.exe": "C8DA68AF1E8EDBD7D1EBF0A4C2B0BC1A",
  "FASM-LICENSE.TXT": "ECEA1D10811221D5F0A3E96F9C38E2C7",
  "FASM.DLL": "D2758DD1C7D9F4D7E98C8E127296FEB5",
  "FASMX64.DLL": "5E75A206B287FD2573C5E577C2ED78E3",
  "FFXIVClientStructs.dll": "3ECD8F5641399EB55415942EC32CA239",
  "FFXIVClientStructs.xml": "B376624435E54BBA877D29E845860A8C",
  "goaaats.Reloaded.Assembler.targets": "CC22CB0A353E2136EE9E6E96DB9F7164",
  "Iced.dll": "AE7D809B69266E5538C0D2348317B939",
  "ImGui.NET.dll": "BCCCA1B0A3810CEBADA7A9AE2CDBA689",
  "ImGuiScene.dll": "FD68F49692FEC06FF58C6DA6F91141B5",
  "InteropGenerator.Runtime.dll": "6C2CFEC87F50E0EA6435BA79B90AB3E5",
  "JetBrains.Annotations.dll": "D879B01E304489E411F42117845889F6",
  "licenses.txt": "A159BE62AA91178EFC3E3983AE874D1D",
  "Lumina.dll": "380C8A5E01A256C51573DF5810ADDFD2",
  "Lumina.Excel.dll": "9C2779C7B71EFD35EBB2C0C04B0AFEB2",
  "Microsoft.Bcl.HashCode.dll": "613AB56061ADF2284E047025207467E0",
  "Microsoft.DotNet.PlatformAbstractions.dll": "00AB0F02B1114C57C758F5AD595224F1",
  "Microsoft.Extensions.DependencyModel.dll": "F39BC76C10CFEA478C936FC4521A9FC9",
  "Microsoft.Extensions.ObjectPool.dll": "FEE3CE8A84417360CC5ED787ED6F7DB1",
  "MinSharp.dll": "DDD0A2E7CED26F44D0AE486F0C063C98",
  "Mono.Cecil.dll": "65EB1302204E2464367EDD4A4AB65715",
  "Mono.Cecil.Mdb.dll": "4B5D4E8824A28F35B3CA128D53A6D86E",
  "Mono.Cecil.Pdb.dll": "F6D787CEE9E43637728AB39E29CD6FB6",
  "Mono.Cecil.Rocks.dll": "7B0702AFF49A3123136CE216B211787F",
  "nethost.dll": "012081214FE71F0F6ADCD9F4A71B2B00",
  "Newtonsoft.Json.dll": "86A83A63F12B55FD3718CFBFB577D7DC",
  "PeNet.Asn1.dll": "9B01AC4F49D790E3F34143DC759288B1",
  "PeNet.dll": "D80C61C11215ADAFAC2CFDC61AC71400",
  "PInvoke.AdvApi32.dll": "34EE461D05B403C3A15D0DEC32A3788C",
  "PInvoke.BCrypt.dll": "FD07758EE1440491F22923084109FF26",
  "PInvoke.Cabinet.dll": "333D950E3804735DA60CC41D614C63E2",
  "PInvoke.CfgMgr32.dll": "768BE7CC18EDCF78B296A72ABE891691",
  "PInvoke.Crypt32.dll": "E7B00B0851738F4A7F2C6D37DAA973B4",
  "PInvoke.DbgHelp.dll": "E701136169620D20E3A70B560DE20E44",
  "PInvoke.DwmApi.dll": "ACF223CC8962404056648815B486F7D9",
  "PInvoke.Gdi32.dll": "69FF434826F98582CE44D3136ECFFACB",
  "PInvoke.Hid.dll": "2E7A41257F8AD9B26073181F450CD8E5",
  "PInvoke.ImageHlp.dll": "79BE816E8D86EA66489D7780DD675D49",
  "PInvoke.IPHlpApi.dll": "E949FA3326D1BA8872B179AB4EE49D38",
  "PInvoke.Kernel32.dll": "234E15B122ED430DE99490CA1A204958",
  "PInvoke.Magnification.dll": "C9EA3D34F506741ECC044DB19C151F09",
  "PInvoke.Msi.dll": "69EE50CE2DA6B55755E52589F49A7EBC",
  "PInvoke.NCrypt.dll": "DA1DE76C14D99370CA3BEF19DC299B15",
  "PInvoke.NetApi32.dll": "AE79F9FA2E3864A5E0642AE4622ECDC5",
  "PInvoke.NewDev.dll": "B3E1992105D986EF9C5C8E4B630FBB07",
  "PInvoke.NTDll.dll": "3F6BDF840EB27DD0FD9EB8071822183A",
  "PInvoke.Ole32.dll": "3C49FB100B60519FFE725BCD12A538F6",
  "PInvoke.Psapi.dll": "A7683EE4B880227F01C8AE632A892B9E",
  "PInvoke.SetupApi.dll": "1B7AE321185D0081D1759A9AD829F9BA",
  "PInvoke.SHCore.dll": "F27E7F063D51480F6D2294C903E4A606",
  "PInvoke.Shell32.dll": "F71A1BCAF6478190691170DAEA77722F",
  "PInvoke.User32.dll": "8BEDE38311ED4F27127290B81B8079FD",
  "PInvoke.Userenv.dll": "FEB7BCA90B8C905EC2F4BB0789847131",
  "PInvoke.UxTheme.dll": "8E683C016250CB719FDB9AAAFC22B3C5",
  "PInvoke.Windows.Core.dll": "90015440A44935208FFEA9BF61740651",
  "PInvoke.Windows.ShellScalingApi.dll": "F351B34B8C9183A51CADFDC279357C49",
  "PInvoke.WinUsb.dll": "9EB8A0280F2848D1A32B560A939F7336",
  "PInvoke.WtsApi32.dll": "341C94455D2E5893DBE4293D4D67AA4D",
  "Reloaded.Assembler.dll": "423964FEFC57E7000D1707941FF2772C",
  "Reloaded.Hooks.Definitions.dll": "379C6B97EB808310255969A756C0C59A",
  "Reloaded.Hooks.dll": "8CE501604DF583FF5688F6F3F04BDAFD",
  "Reloaded.Memory.Buffers.dll": "C2A4C39E0EF680FF4EFE80AD35E64B6F",
  "Reloaded.Memory.dll": "720DB2A9C86D42B7E63B56C6AA36D0A4",
  "revision.txt": "A01DFC715DF9621113E91549C0EE7651",
  "SDL2-CS.config": "65557595FD5DF55D93B2BF881DE62C3A",
  "SDL2-CS.dll": "955FF84955E0224DEDC39132C359D008",
  "Serilog.dll": "A8E2AB1C75CC66566B5FBE52C4EA8242",
  "Serilog.Sinks.Async.dll": "92A8B981CB70DDBFC15B5E9A7CD77DBC",
  "Serilog.Sinks.Console.dll": "612C737DFA739EF7B2BA0E9B7AA303B7",
  "Serilog.Sinks.File.dll": "7DDA865034C02300D04064D5C7F7EC48",
  "SharpDX.Direct3D11.dll": "9AA8AF3AE900C2A9B301E1ADC0E384BB",
  "SharpDX.dll": "8394CC51B7B52AA5C3B4EAA95BD402C0",
  "SharpDX.DXGI.dll": "134B42C343A0497BC17BAFE323F5AF78",
  "SharpDX.Mathematics.dll": "971857E05B96BDD26BFB14EFD226EE84",
  "Silk.NET.Core.dll": "D18B7D9CC23F8FBF59D858BF4495B1EA",
  "Silk.NET.GLFW.dll": "3BD992724F6A5CDB2D18BF000E1DD6FD",
  "Silk.NET.Maths.dll": "CE73095E088B157ECAE8653E63CE736E",
  "Silk.NET.OpenGL.dll": "D5EA3F8FC8472E2AD351D97FFF8B21F6",
  "Silk.NET.SDL.dll": "85764677E7CFE329B64326646FC94E3D",
  "Silk.NET.Windowing.Common.dll": "66347EEE4499407D2296CE012ED60E09",
  "Silk.NET.Windowing.Glfw.dll": "C55FE16D08E55D655659587652AB2804",
  "Silk.NET.Windowing.Sdl.dll": "3088EDCD7D9E94691B23E1C8EEE7BDE8",
  "SQLite-net.dll": "9D0AAD2E42D9BBCD2374F06794092C3F",
  "SQLitePCLRaw.batteries_v2.dll": "D566B3F98365932F984560D21B8EB03D",
  "SQLitePCLRaw.core.dll": "EF935F37581E5345B4AFFDA33516EC8D",
  "SQLitePCLRaw.nativelibrary.dll": "3916933B8147F28EB1F468B779E40EE7",
  "SQLitePCLRaw.provider.dynamic_cdecl.dll": "33E333FDC1DD8ACAFBC8BFED48B02848",
  "StbiSharp.dll": "2A63E2BF3F77BF4BD0F4773E732B9077",
  "System.Reactive.dll": "EF5A00287AD15393D41B12AA4B726FF7",
  "System.Reflection.MetadataLoadContext.dll": "7EC41D41F4E1246757BA3E2EC862D562",
  "System.Security.Cryptography.Pkcs.dll": "8950E01996A37E808BE3F39063C37BF9",
  "TEMP_gitver.txt": "0D1EEE8C108334BAF7BED3E597B4235E",
  "TerraFX.Interop.Windows.dll": "84F7EF6B0DE91F8CC23F773D3FD6DEC0",
  "Validation.dll": "6F0699289A138C9DC1332D1785604C9B"
}
