{
  "runtimes\\alpine-x64\\native\\libe_sqlite3.so": "39C244FEDBCD3DFC37041D4FCE1AE21D",
  "runtimes\\linux-arm\\native\\libe_sqlite3.so": "96CF54BC0EFB83D6E3F5F3E04997A59D",
  "runtimes\\linux-arm64\\native\\libe_sqlite3.so": "F079E55E7F3F9966A4A2052A3234E068",
  "runtimes\\linux-armel\\native\\libe_sqlite3.so": "C5A67D49434FC65D64E9C15778078C76",
  "runtimes\\linux-mips64\\native\\libe_sqlite3.so": "5F8461214089CFC677D46C19B7162161",
  "runtimes\\linux-musl-x64\\native\\libe_sqlite3.so": "39C244FEDBCD3DFC37041D4FCE1AE21D",
  "runtimes\\linux-x64\\native\\libe_sqlite3.so": "6F49C540D3AB9964D67A4A704C3D262D",
  "runtimes\\linux-x64\\native\\libglfw.so.3": "9E3137144F68B9E9793F4C7AD5B1BEA7",
  "runtimes\\linux-x64\\native\\libSDL2-2.0.so": "99B95A708381FC66AB2370E45A260527",
  "runtimes\\linux-x64\\native\\libstbi.so": "0945355ED59677D06E3E88F48101BB26",
  "runtimes\\linux-x86\\native\\libe_sqlite3.so": "5E0659B414CBD6DDC38C65582485853E",
  "runtimes\\osx-x64\\native\\libe_sqlite3.dylib": "F82AE134FCD1C080A69D775591406673",
  "runtimes\\osx-x64\\native\\libglfw.3.dylib": "1E30FAB2F0C40E82290AD4B0BF14A880",
  "runtimes\\osx-x64\\native\\libSDL2-2.0.dylib": "AAC958490586C67395F0A90903AE3747",
  "runtimes\\osx-x64\\native\\libstbi.dylib": "0B84B0A6A80178266018081C3CAB68E6",
  "runtimes\\win-arm\\native\\e_sqlite3.dll": "61061E653CC2159FA88CD8D62B9AD53F",
  "runtimes\\win-arm64\\native\\e_sqlite3.dll": "5195408E67BCC6897FD9534E2893B2FA",
  "runtimes\\win-x64\\native\\cimgui.dll": "7ECA666647B510A8CDEB19405B14110D",
  "runtimes\\win-x64\\native\\cimguizmo.dll": "49CA4E8A0F7393EBC32C74DC0CA85CAE",
  "runtimes\\win-x64\\native\\cimplot.dll": "44F36F0BDC0B710D3D93F9B8C69FA51F",
  "runtimes\\win-x64\\native\\e_sqlite3.dll": "A22E3BCEC837889CDB90D6B5E96597B1",
  "runtimes\\win-x64\\native\\glfw3.dll": "30B0E5C6ED31A4245F34DF5BA331E6BB",
  "runtimes\\win-x64\\native\\minhook.x64d.dll": "EB2717E9F3D08156A08AED0784315F09",
  "runtimes\\win-x64\\native\\SDL2.dll": "2AFA580040470F0206F39459C08DD3A8",
  "runtimes\\win-x64\\native\\stbi.dll": "8FECB6545F88C80A0D8A7011479B6013",
  "runtimes\\win-x64\\native\\stbi.lib": "927C214DE576219E1F80DBE7798A0502",
  "runtimes\\win-x86\\native\\e_sqlite3.dll": "B1F80E5670D781D6399B21AEF8FE5A38",
  "runtimes\\win-x86\\native\\glfw3.dll": "9303B2FE732E10D1AA313FCA67B42895",
  "runtimes\\win-x86\\native\\SDL2.dll": "FFD01A7458824D173C3654866B981188",
  "targets\\Dalamud.Plugin.Bootstrap.targets": "C85635161398CD9852CF7212DB7EB904",
  "targets\\Dalamud.Plugin.targets": "E2AA900DB1F6596D1C203D4112A10F5E",
  "CheapLoc.dll": "64ED7147711B5D7E1AB86DA17E7AD93B",
  "Costura.dll": "642611314F0A035B629271156F2EDB19",
  "Dalamud.Boot.dll": "E8A2203769EC44E66EC8BD13D5F72E49",
  "Dalamud.Common.dll": "1832919D162E1F508D828FBE8D3C661B",
  "Dalamud.deps.json": "71B6F9AED04284FF12895BBD1F27CD87",
  "Dalamud.dll": "A44CD121BCD0FABFB935CDB28A10FBE3",
  "Dalamud.Injector.deps.json": "C1FA0941DC8B38E415776C60C508AAB9",
  "Dalamud.Injector.dll": "DD2BA4575301C7C25EBBA795C7B8D35E",
  "Dalamud.Injector.exe": "038E7C8347A9B9333CB4095C5ACF83A0",
  "Dalamud.Injector.runtimeconfig.json": "B9BB65FFE7924D4D8BABE9FA66303200",
  "Dalamud.Injector.xml": "D41E5DF541D19A015215E777D7395C9C",
  "Dalamud.runtimeconfig.json": "2A9CD915428BDD175E0889BD0C225F75",
  "Dalamud.xml": "AAE595693A0423FBECCBA1DCC33783C6",
  "DalamudCrashHandler.exe": "31AACC11AE97A4A1BA5D2DD3A5BB5C19",
  "FASM-LICENSE.TXT": "ECEA1D10811221D5F0A3E96F9C38E2C7",
  "FASM.DLL": "2FC67D92CDB5B1185371DED99AA5EC7D",
  "FASMX64.DLL": "FD480F9BE1CBD39E6050042FF9EA4F7E",
  "FFXIVClientStructs.dll": "C563A4F23204E93AF0A52E75D5CEA8C4",
  "FFXIVClientStructs.xml": "F54DFB4ED1513FCA3664CA9F25663D75",
  "goaaats.Reloaded.Assembler.targets": "CC22CB0A353E2136EE9E6E96DB9F7164",
  "Iced.dll": "17F95310EF6437BCF679DCB39D5FEF7F",
  "ImGui.NET.dll": "F10F14D70160F88045EFB8AABD9A69F5",
  "ImGuiScene.dll": "9C04F9C416D27303CB54AFAC624B138B",
  "InteropGenerator.Runtime.dll": "A70A4FEDE9FF76C73AF6ADE514B3C1EE",
  "JetBrains.Annotations.dll": "F986AA7868E04533AF4C67C918B68271",
  "licenses.txt": "A159BE62AA91178EFC3E3983AE874D1D",
  "Lumina.dll": "233E6030A90333305E8EC0EFFC37F7BE",
  "Lumina.Excel.dll": "F2990930F6B87AF81AD5EA7FB49E7199",
  "Microsoft.Bcl.HashCode.dll": "613AB56061ADF2284E047025207467E0",
  "Microsoft.DotNet.PlatformAbstractions.dll": "00AB0F02B1114C57C758F5AD595224F1",
  "Microsoft.Extensions.DependencyModel.dll": "F39BC76C10CFEA478C936FC4521A9FC9",
  "Microsoft.Extensions.ObjectPool.dll": "FEE3CE8A84417360CC5ED787ED6F7DB1",
  "MinSharp.dll": "9886264C2C11352B2397070C40DAC575",
  "Mono.Cecil.dll": "8BCDBC1B901A919CB2239A6152269B35",
  "Mono.Cecil.Mdb.dll": "1EF3126159003AAE25E9D146E32A514E",
  "Mono.Cecil.Pdb.dll": "18B193E87911E15B37CFC772F0FAEC48",
  "Mono.Cecil.Rocks.dll": "C2F8BD23A90CD26991215064DE90FB77",
  "nethost.dll": "012081214FE71F0F6ADCD9F4A71B2B00",
  "Newtonsoft.Json.dll": "86A83A63F12B55FD3718CFBFB577D7DC",
  "PeNet.Asn1.dll": "33EF6E69D9BD19F3E7E47CD41FA9D013",
  "PeNet.dll": "D68629849A718B20CCEC3FCD6F86479C",
  "PInvoke.AdvApi32.dll": "34EE461D05B403C3A15D0DEC32A3788C",
  "PInvoke.BCrypt.dll": "FD07758EE1440491F22923084109FF26",
  "PInvoke.Cabinet.dll": "333D950E3804735DA60CC41D614C63E2",
  "PInvoke.CfgMgr32.dll": "768BE7CC18EDCF78B296A72ABE891691",
  "PInvoke.Crypt32.dll": "E7B00B0851738F4A7F2C6D37DAA973B4",
  "PInvoke.DbgHelp.dll": "E701136169620D20E3A70B560DE20E44",
  "PInvoke.DwmApi.dll": "ACF223CC8962404056648815B486F7D9",
  "PInvoke.Gdi32.dll": "69FF434826F98582CE44D3136ECFFACB",
  "PInvoke.Hid.dll": "2E7A41257F8AD9B26073181F450CD8E5",
  "PInvoke.ImageHlp.dll": "79BE816E8D86EA66489D7780DD675D49",
  "PInvoke.IPHlpApi.dll": "E949FA3326D1BA8872B179AB4EE49D38",
  "PInvoke.Kernel32.dll": "234E15B122ED430DE99490CA1A204958",
  "PInvoke.Magnification.dll": "C9EA3D34F506741ECC044DB19C151F09",
  "PInvoke.Msi.dll": "69EE50CE2DA6B55755E52589F49A7EBC",
  "PInvoke.NCrypt.dll": "DA1DE76C14D99370CA3BEF19DC299B15",
  "PInvoke.NetApi32.dll": "AE79F9FA2E3864A5E0642AE4622ECDC5",
  "PInvoke.NewDev.dll": "B3E1992105D986EF9C5C8E4B630FBB07",
  "PInvoke.NTDll.dll": "3F6BDF840EB27DD0FD9EB8071822183A",
  "PInvoke.Ole32.dll": "3C49FB100B60519FFE725BCD12A538F6",
  "PInvoke.Psapi.dll": "A7683EE4B880227F01C8AE632A892B9E",
  "PInvoke.SetupApi.dll": "1B7AE321185D0081D1759A9AD829F9BA",
  "PInvoke.SHCore.dll": "F27E7F063D51480F6D2294C903E4A606",
  "PInvoke.Shell32.dll": "F71A1BCAF6478190691170DAEA77722F",
  "PInvoke.User32.dll": "8BEDE38311ED4F27127290B81B8079FD",
  "PInvoke.Userenv.dll": "FEB7BCA90B8C905EC2F4BB0789847131",
  "PInvoke.UxTheme.dll": "8E683C016250CB719FDB9AAAFC22B3C5",
  "PInvoke.Windows.Core.dll": "90015440A44935208FFEA9BF61740651",
  "PInvoke.Windows.ShellScalingApi.dll": "F351B34B8C9183A51CADFDC279357C49",
  "PInvoke.WinUsb.dll": "9EB8A0280F2848D1A32B560A939F7336",
  "PInvoke.WtsApi32.dll": "341C94455D2E5893DBE4293D4D67AA4D",
  "Reloaded.Assembler.dll": "30CD25F629DE749972CCB361B091237B",
  "Reloaded.Hooks.Definitions.dll": "556A3C12E59364C59388BF5A398C65C0",
  "Reloaded.Hooks.dll": "896838D44BCCD20415D07F37619C6000",
  "Reloaded.Memory.Buffers.dll": "0569857569A371A45C76036C248D3F10",
  "Reloaded.Memory.dll": "70E1C732C29BE6E64E0E083BA6621666",
  "revision.txt": "F0837F171AAE7CCF1A8909B6A0CC3559",
  "SDL2-CS.config": "65557595FD5DF55D93B2BF881DE62C3A",
  "SDL2-CS.dll": "681A6E7AE5A05603CAB10E613FFED332",
  "Serilog.dll": "999AA91E04B995C1F95C2965C405E4EA",
  "Serilog.Sinks.Async.dll": "1810F3F75082C6039F7B48D80C2FBED8",
  "Serilog.Sinks.Console.dll": "E3923E9F8DA04D75720537509E2FCE0C",
  "Serilog.Sinks.File.dll": "44CF5DA208E5B0C2751E3F1E40D385ED",
  "SharpDX.Direct3D11.dll": "5BE429F55DBF20F20880050E21AF254F",
  "SharpDX.dll": "525693E18CD79688A655B58914E48371",
  "SharpDX.DXGI.dll": "91685536905BA83A797DA4906C440DF9",
  "SharpDX.Mathematics.dll": "A91817B86DAF5AA351003FE39584A9D0",
  "Silk.NET.Core.dll": "44F25CFFC5B221DCDB0AD40482EF70FA",
  "Silk.NET.GLFW.dll": "EEAF98ADE6200C769D9B2148E39737F5",
  "Silk.NET.Maths.dll": "EBB899B0C2BA19C410C139045233355D",
  "Silk.NET.OpenGL.dll": "05ACAEC432216CA0B57BE6E9CE66B10A",
  "Silk.NET.SDL.dll": "3A7F66BDC57948B949BDA68FD00B8558",
  "Silk.NET.Windowing.Common.dll": "8CD65F24D5DA93EF063F0E65CE5802C1",
  "Silk.NET.Windowing.Glfw.dll": "456523DCA1CA8054253D720982E3B1EA",
  "Silk.NET.Windowing.Sdl.dll": "AFFFF3E2D3822E2E195DBF98F9748E9B",
  "SQLite-net.dll": "0EC1B8B7C7ED929C92929BD89752758D",
  "SQLitePCLRaw.batteries_v2.dll": "E824C27702039364217C074142474D29",
  "SQLitePCLRaw.core.dll": "555BB8407F3A5740FDB12333A169A2FD",
  "SQLitePCLRaw.nativelibrary.dll": "7AEAF12DA4F94E829D59DC63F291C727",
  "SQLitePCLRaw.provider.dynamic_cdecl.dll": "77A695543C2908FE4A86680352690C5C",
  "StbiSharp.dll": "3267DB8A1A4F6DDDF284B83EF499F86B",
  "System.Reactive.dll": "EF5A00287AD15393D41B12AA4B726FF7",
  "System.Reflection.MetadataLoadContext.dll": "7EC41D41F4E1246757BA3E2EC862D562",
  "System.Security.Cryptography.Pkcs.dll": "8950E01996A37E808BE3F39063C37BF9",
  "TEMP_gitver.txt": "B48D85DE04E208A2DBA31680AE352418",
  "TerraFX.Interop.Windows.dll": "84F7EF6B0DE91F8CC23F773D3FD6DEC0",
  "Validation.dll": "2A27FE08FCBCF8E018EAC7367ACAC7DC"
}
