{
  "runtimes\\alpine-x64\\native\\libe_sqlite3.so": "39C244FEDBCD3DFC37041D4FCE1AE21D",
  "runtimes\\linux-arm\\native\\libe_sqlite3.so": "96CF54BC0EFB83D6E3F5F3E04997A59D",
  "runtimes\\linux-arm64\\native\\libe_sqlite3.so": "F079E55E7F3F9966A4A2052A3234E068",
  "runtimes\\linux-armel\\native\\libe_sqlite3.so": "C5A67D49434FC65D64E9C15778078C76",
  "runtimes\\linux-mips64\\native\\libe_sqlite3.so": "5F8461214089CFC677D46C19B7162161",
  "runtimes\\linux-musl-x64\\native\\libe_sqlite3.so": "39C244FEDBCD3DFC37041D4FCE1AE21D",
  "runtimes\\linux-x64\\native\\libe_sqlite3.so": "6F49C540D3AB9964D67A4A704C3D262D",
  "runtimes\\linux-x64\\native\\libglfw.so.3": "9E3137144F68B9E9793F4C7AD5B1BEA7",
  "runtimes\\linux-x64\\native\\libSDL2-2.0.so": "99B95A708381FC66AB2370E45A260527",
  "runtimes\\linux-x64\\native\\libstbi.so": "0945355ED59677D06E3E88F48101BB26",
  "runtimes\\linux-x86\\native\\libe_sqlite3.so": "5E0659B414CBD6DDC38C65582485853E",
  "runtimes\\osx-x64\\native\\libe_sqlite3.dylib": "F82AE134FCD1C080A69D775591406673",
  "runtimes\\osx-x64\\native\\libglfw.3.dylib": "1E30FAB2F0C40E82290AD4B0BF14A880",
  "runtimes\\osx-x64\\native\\libSDL2-2.0.dylib": "AAC958490586C67395F0A90903AE3747",
  "runtimes\\osx-x64\\native\\libstbi.dylib": "0B84B0A6A80178266018081C3CAB68E6",
  "runtimes\\win-arm\\native\\e_sqlite3.dll": "AC4AF3EB6AB403777536C29CDE6A13B5",
  "runtimes\\win-arm64\\native\\e_sqlite3.dll": "48B780D210C058BD8BBEB053715D0E6C",
  "runtimes\\win-x64\\native\\cimgui.dll": "6733BBB3542E1F8C8934452EB9E2BB67",
  "runtimes\\win-x64\\native\\cimguizmo.dll": "200D5B0C196B003343EC04F014B656CF",
  "runtimes\\win-x64\\native\\cimplot.dll": "64C1B22787E313F6E5AC979B4E5B59F8",
  "runtimes\\win-x64\\native\\e_sqlite3.dll": "3E2058EF047C548453544D266DA51B9D",
  "runtimes\\win-x64\\native\\glfw3.dll": "8CE1A44B6D0F2B3A3496D95BD9935965",
  "runtimes\\win-x64\\native\\minhook.x64d.dll": "D71138A98F72D459557EBFF52AE61A42",
  "runtimes\\win-x64\\native\\SDL2.dll": "7DDA96F52027730A1A675271B2EDD270",
  "runtimes\\win-x64\\native\\stbi.dll": "90DCC1E51EA512B5B79DDB9F758403D7",
  "runtimes\\win-x64\\native\\stbi.lib": "927C214DE576219E1F80DBE7798A0502",
  "runtimes\\win-x86\\native\\e_sqlite3.dll": "986C03946A476E013FE373238473B895",
  "runtimes\\win-x86\\native\\glfw3.dll": "74B6BE5BFDAF17405B1AF11FF06536B0",
  "runtimes\\win-x86\\native\\SDL2.dll": "41FE830A1433CA8AC73C8A809706A62A",
  "targets\\Dalamud.Plugin.Bootstrap.targets": "C85635161398CD9852CF7212DB7EB904",
  "targets\\Dalamud.Plugin.targets": "DDD731601C06B16E10CF2F8990452A27",
  "BitFaster.Caching.dll": "7B5BDF191C7A76902D8E7081D509A6FD",
  "CheapLoc.dll": "D4863C89FE24ABC36BC76C062642E51E",
  "Costura.dll": "69078918DDDABFBE0140D18A0EDBD8A7",
  "Dalamud.Boot.dll": "7296364B6A3D41CE22B68C185B04FF31",
  "Dalamud.Common.dll": "A8E871978F7EB9F504AB0741F6A30280",
  "Dalamud.deps.json": "0B36E19377BD1CB30AD7C19F0975F2D9",
  "Dalamud.dll": "9B13F3DE2C01E078AA9D49D5F3C5819B",
  "Dalamud.Injector.deps.json": "C1FA0941DC8B38E415776C60C508AAB9",
  "Dalamud.Injector.dll": "8FEE0BBFF7AABB7F94D0C02FB9925EC2",
  "Dalamud.Injector.exe": "D47B2FF26FFE6206ED14DA3A04A4CD25",
  "Dalamud.Injector.runtimeconfig.json": "B9BB65FFE7924D4D8BABE9FA66303200",
  "Dalamud.Injector.xml": "D41E5DF541D19A015215E777D7395C9C",
  "Dalamud.runtimeconfig.json": "2A9CD915428BDD175E0889BD0C225F75",
  "Dalamud.xml": "AE9A514C3DBDA34833965AD29935D024",
  "DalamudCrashHandler.exe": "BABA09D69B002D4BC51B4392B5C8C8B0",
  "FASM-LICENSE.TXT": "ECEA1D10811221D5F0A3E96F9C38E2C7",
  "FASM.DLL": "7E2E14205033F8897880BCD3B2A13A1B",
  "FASMX64.DLL": "C3E252B0C4DA1C37E37F2B95DCADA0F3",
  "FFXIVClientStructs.dll": "F690FFF6EE18F30F4948AD4F41FFE059",
  "FFXIVClientStructs.xml": "2B08ACEBADB7413F8561445CE837317B",
  "goaaats.Reloaded.Assembler.targets": "CC22CB0A353E2136EE9E6E96DB9F7164",
  "Iced.dll": "B5E9C1A610ABFB6E83DC1E5BAE672E7D",
  "ImGui.NET.dll": "A7134105C794F36CA7D9859CEC4A0DEC",
  "ImGuiScene.dll": "B52DBC79F4C4BF50E436D679C45A25BA",
  "InteropGenerator.Runtime.dll": "1EFB2FC604BD37F5C80F203F1FF3D902",
  "JetBrains.Annotations.dll": "892C5E211E4539B8805103716A0519A3",
  "licenses.txt": "A159BE62AA91178EFC3E3983AE874D1D",
  "Lumina.dll": "B66AA12C6B532A8F34DEE25623EA6894",
  "Lumina.Excel.dll": "9CD9A4A0ACEABB6741E53085083A47C5",
  "Microsoft.Bcl.HashCode.dll": "613AB56061ADF2284E047025207467E0",
  "Microsoft.DotNet.PlatformAbstractions.dll": "00AB0F02B1114C57C758F5AD595224F1",
  "Microsoft.Extensions.DependencyModel.dll": "F39BC76C10CFEA478C936FC4521A9FC9",
  "Microsoft.Extensions.ObjectPool.dll": "FEE3CE8A84417360CC5ED787ED6F7DB1",
  "MinSharp.dll": "1E040703DBD2D2311AA0F86901F5F96C",
  "Mono.Cecil.dll": "731B83FF43708082410E94A9A647B30A",
  "Mono.Cecil.Mdb.dll": "406881B08731DD245C2DF9A88EA380A7",
  "Mono.Cecil.Pdb.dll": "3A319CF00571DC4E9E0C1503B15724C0",
  "Mono.Cecil.Rocks.dll": "F18A482A109826F399D09F1AE1D28912",
  "nethost.dll": "012081214FE71F0F6ADCD9F4A71B2B00",
  "Newtonsoft.Json.dll": "86A83A63F12B55FD3718CFBFB577D7DC",
  "PeNet.Asn1.dll": "45C816F401C82DCC54AF2DB9235F2538",
  "PeNet.dll": "AC20A726D8E45D7DA5DBD7072E253CC6",
  "PInvoke.AdvApi32.dll": "34EE461D05B403C3A15D0DEC32A3788C",
  "PInvoke.BCrypt.dll": "FD07758EE1440491F22923084109FF26",
  "PInvoke.Cabinet.dll": "333D950E3804735DA60CC41D614C63E2",
  "PInvoke.CfgMgr32.dll": "768BE7CC18EDCF78B296A72ABE891691",
  "PInvoke.Crypt32.dll": "E7B00B0851738F4A7F2C6D37DAA973B4",
  "PInvoke.DbgHelp.dll": "E701136169620D20E3A70B560DE20E44",
  "PInvoke.DwmApi.dll": "ACF223CC8962404056648815B486F7D9",
  "PInvoke.Gdi32.dll": "69FF434826F98582CE44D3136ECFFACB",
  "PInvoke.Hid.dll": "2E7A41257F8AD9B26073181F450CD8E5",
  "PInvoke.ImageHlp.dll": "79BE816E8D86EA66489D7780DD675D49",
  "PInvoke.IPHlpApi.dll": "E949FA3326D1BA8872B179AB4EE49D38",
  "PInvoke.Kernel32.dll": "234E15B122ED430DE99490CA1A204958",
  "PInvoke.Magnification.dll": "C9EA3D34F506741ECC044DB19C151F09",
  "PInvoke.Msi.dll": "69EE50CE2DA6B55755E52589F49A7EBC",
  "PInvoke.NCrypt.dll": "DA1DE76C14D99370CA3BEF19DC299B15",
  "PInvoke.NetApi32.dll": "AE79F9FA2E3864A5E0642AE4622ECDC5",
  "PInvoke.NewDev.dll": "B3E1992105D986EF9C5C8E4B630FBB07",
  "PInvoke.NTDll.dll": "3F6BDF840EB27DD0FD9EB8071822183A",
  "PInvoke.Ole32.dll": "3C49FB100B60519FFE725BCD12A538F6",
  "PInvoke.Psapi.dll": "A7683EE4B880227F01C8AE632A892B9E",
  "PInvoke.SetupApi.dll": "1B7AE321185D0081D1759A9AD829F9BA",
  "PInvoke.SHCore.dll": "F27E7F063D51480F6D2294C903E4A606",
  "PInvoke.Shell32.dll": "F71A1BCAF6478190691170DAEA77722F",
  "PInvoke.User32.dll": "8BEDE38311ED4F27127290B81B8079FD",
  "PInvoke.Userenv.dll": "FEB7BCA90B8C905EC2F4BB0789847131",
  "PInvoke.UxTheme.dll": "8E683C016250CB719FDB9AAAFC22B3C5",
  "PInvoke.Windows.Core.dll": "90015440A44935208FFEA9BF61740651",
  "PInvoke.Windows.ShellScalingApi.dll": "F351B34B8C9183A51CADFDC279357C49",
  "PInvoke.WinUsb.dll": "9EB8A0280F2848D1A32B560A939F7336",
  "PInvoke.WtsApi32.dll": "341C94455D2E5893DBE4293D4D67AA4D",
  "Reloaded.Assembler.dll": "07D52A792BED14DB3862BB5075402081",
  "Reloaded.Hooks.Definitions.dll": "ACCF68057129B154804D662ECA4FF1C5",
  "Reloaded.Hooks.dll": "DD265572A5C99789646ECF43E8012A22",
  "Reloaded.Memory.Buffers.dll": "05BCE775F819B6D7B70AE95DFEAED778",
  "Reloaded.Memory.dll": "0E20992B69CE8301871ECBAEC4067520",
  "revision.txt": "AC0B236E346DA355400A90FCC7E28BE6",
  "SDL2-CS.config": "65557595FD5DF55D93B2BF881DE62C3A",
  "SDL2-CS.dll": "8CA52B16431FE670444ED39E65A8D8FE",
  "Serilog.dll": "D5421AD957BA76EC9B42075D5C365EAD",
  "Serilog.Sinks.Async.dll": "DB61403D105CB034EA122E236CF5143E",
  "Serilog.Sinks.Console.dll": "E224DA1C57755EBD98CE49C5A5C28681",
  "Serilog.Sinks.File.dll": "F01ADA6AD3149F5A97D69E4E4C0A327D",
  "SharpDX.Direct3D11.dll": "905FE57EE438A3FBD14C440A77223F99",
  "SharpDX.dll": "EA3354088D014729ED04EE6961C8DF5C",
  "SharpDX.DXGI.dll": "F9A5FE36ED9C86CF32C0C527230ECF12",
  "SharpDX.Mathematics.dll": "A2778337ED086CE6C3033F25EAFE3059",
  "Silk.NET.Core.dll": "B3FF9A7D2A54CB10274C65D9F997CF9B",
  "Silk.NET.GLFW.dll": "F7425E140E26931E00BB2C75A0D910CB",
  "Silk.NET.Maths.dll": "23ABAEDE5A39E409E89A73CF4FFDF975",
  "Silk.NET.OpenGL.dll": "9F2491BD1BBE55482DAB198A20D644A8",
  "Silk.NET.SDL.dll": "811216BD63EC6EA16B93491019A32868",
  "Silk.NET.Windowing.Common.dll": "B0391CCF17949378A57367FE34405B17",
  "Silk.NET.Windowing.Glfw.dll": "F39D01BE5F6EAA899D8455F3451427AA",
  "Silk.NET.Windowing.Sdl.dll": "D95FE6423C65751B221001B208351B78",
  "SQLite-net.dll": "BE48048DEA0C3A6FB8A34355392EC349",
  "SQLitePCLRaw.batteries_v2.dll": "275E9966A4FB82A75C79C89D9968B87C",
  "SQLitePCLRaw.core.dll": "8F31C2436956D98CAC2EA628A07F5302",
  "SQLitePCLRaw.nativelibrary.dll": "4D9C137076CC1DBAE98ADFD585779EC3",
  "SQLitePCLRaw.provider.dynamic_cdecl.dll": "A2CCFA1D584410F11041CD8982302A55",
  "StbiSharp.dll": "4749ACD07845C3030F4528DF6CDE5A43",
  "System.Reactive.dll": "EF5A00287AD15393D41B12AA4B726FF7",
  "System.Reflection.MetadataLoadContext.dll": "7EC41D41F4E1246757BA3E2EC862D562",
  "System.Security.Cryptography.Pkcs.dll": "8950E01996A37E808BE3F39063C37BF9",
  "TEMP_gitver.txt": "404619B492ABCF119025811D8F887CE2",
  "TerraFX.Interop.Windows.dll": "84F7EF6B0DE91F8CC23F773D3FD6DEC0",
  "Validation.dll": "70EAC193F62B03CEAFACFA99C64944DD"
}
