{
  "runtimes\\alpine-x64\\native\\libe_sqlite3.so": "39C244FEDBCD3DFC37041D4FCE1AE21D",
  "runtimes\\linux-arm\\native\\libe_sqlite3.so": "96CF54BC0EFB83D6E3F5F3E04997A59D",
  "runtimes\\linux-arm64\\native\\libe_sqlite3.so": "F079E55E7F3F9966A4A2052A3234E068",
  "runtimes\\linux-armel\\native\\libe_sqlite3.so": "C5A67D49434FC65D64E9C15778078C76",
  "runtimes\\linux-mips64\\native\\libe_sqlite3.so": "5F8461214089CFC677D46C19B7162161",
  "runtimes\\linux-musl-x64\\native\\libe_sqlite3.so": "39C244FEDBCD3DFC37041D4FCE1AE21D",
  "runtimes\\linux-x64\\native\\libe_sqlite3.so": "6F49C540D3AB9964D67A4A704C3D262D",
  "runtimes\\linux-x64\\native\\libglfw.so.3": "9E3137144F68B9E9793F4C7AD5B1BEA7",
  "runtimes\\linux-x64\\native\\libSDL2-2.0.so": "99B95A708381FC66AB2370E45A260527",
  "runtimes\\linux-x64\\native\\libstbi.so": "0945355ED59677D06E3E88F48101BB26",
  "runtimes\\linux-x86\\native\\libe_sqlite3.so": "5E0659B414CBD6DDC38C65582485853E",
  "runtimes\\osx-x64\\native\\libe_sqlite3.dylib": "F82AE134FCD1C080A69D775591406673",
  "runtimes\\osx-x64\\native\\libglfw.3.dylib": "1E30FAB2F0C40E82290AD4B0BF14A880",
  "runtimes\\osx-x64\\native\\libSDL2-2.0.dylib": "AAC958490586C67395F0A90903AE3747",
  "runtimes\\osx-x64\\native\\libstbi.dylib": "0B84B0A6A80178266018081C3CAB68E6",
  "runtimes\\win-arm\\native\\e_sqlite3.dll": "3298C8B69BC855C8E55E994BA2EDF5AE",
  "runtimes\\win-arm64\\native\\e_sqlite3.dll": "A33BF6C0D55811F259D0BF21E028B2AD",
  "runtimes\\win-x64\\native\\cimgui.dll": "F69B38CB3B4A05836799C68577072F00",
  "runtimes\\win-x64\\native\\cimguizmo.dll": "12816EEF215AF86F4EC423437A488C01",
  "runtimes\\win-x64\\native\\cimplot.dll": "82F0348D19F1214B0F95A46808943EB2",
  "runtimes\\win-x64\\native\\e_sqlite3.dll": "28C1DC2F86F119AACC361444BE4640B7",
  "runtimes\\win-x64\\native\\glfw3.dll": "4FDD250326179C6D4090B3AA45225A3A",
  "runtimes\\win-x64\\native\\minhook.x64d.dll": "86F1F66EBAA6BE3BBD028B04B9822E66",
  "runtimes\\win-x64\\native\\SDL2.dll": "E65060F5B11A71A97C1B3962CBD6B4FE",
  "runtimes\\win-x64\\native\\stbi.dll": "260B53D79A560DE932822C6BF4C0CBC9",
  "runtimes\\win-x64\\native\\stbi.lib": "927C214DE576219E1F80DBE7798A0502",
  "runtimes\\win-x86\\native\\e_sqlite3.dll": "F31E2C3FA0F6046ED5D7B64BBADE1829",
  "runtimes\\win-x86\\native\\glfw3.dll": "F501BE07FFD4F00E05FD419CB4F4E529",
  "runtimes\\win-x86\\native\\SDL2.dll": "74EF66F1FDE73572CFEDB1AAFEB8F3BC",
  "targets\\Dalamud.Plugin.Bootstrap.targets": "C85635161398CD9852CF7212DB7EB904",
  "targets\\Dalamud.Plugin.targets": "E2AA900DB1F6596D1C203D4112A10F5E",
  "BitFaster.Caching.dll": "33AF7291F9B52A7DD5B82AAAD305675C",
  "CheapLoc.dll": "799D358C82CEB63D3485A46614D53330",
  "Costura.dll": "F87F12EBD0A55FEA6DE5812A4281376C",
  "Dalamud.Boot.dll": "F1A76E9449B4F654C51F4A6C2404C8CF",
  "Dalamud.Common.dll": "6742787047B961A0C49E13C729AD9F88",
  "Dalamud.deps.json": "0B36E19377BD1CB30AD7C19F0975F2D9",
  "Dalamud.dll": "02C8BCA6855590E1752C845D0B8D6B48",
  "Dalamud.Injector.deps.json": "C1FA0941DC8B38E415776C60C508AAB9",
  "Dalamud.Injector.dll": "5CDC26DE5A01DE687FE155ADF82E5AAA",
  "Dalamud.Injector.exe": "DDD204E9506BAD32D20616FF911A21DC",
  "Dalamud.Injector.runtimeconfig.json": "B9BB65FFE7924D4D8BABE9FA66303200",
  "Dalamud.Injector.xml": "D41E5DF541D19A015215E777D7395C9C",
  "Dalamud.runtimeconfig.json": "2A9CD915428BDD175E0889BD0C225F75",
  "Dalamud.xml": "44251F1B3F5A4796EA7A75EA325711BE",
  "DalamudCrashHandler.exe": "DB0389510478895079E7255DD2308327",
  "FASM-LICENSE.TXT": "ECEA1D10811221D5F0A3E96F9C38E2C7",
  "FASM.DLL": "52F3FA2770FD19C1D6FF5D72EBCCB192",
  "FASMX64.DLL": "3CE8BD60A27CB6B14E60D280A4E3CF4C",
  "FFXIVClientStructs.dll": "A8D50761E3B5A03A50D786A26962E852",
  "FFXIVClientStructs.xml": "C511E2A28B183896CBC17F01AACF7992",
  "goaaats.Reloaded.Assembler.targets": "CC22CB0A353E2136EE9E6E96DB9F7164",
  "Iced.dll": "5AD6ACCE3E67164F6A7456DDA545AE68",
  "ImGui.NET.dll": "C9F31F0EC1144CB6A9EADB5EFA87F719",
  "ImGuiScene.dll": "748C5C09462D0F5310B4AE70EDD86548",
  "InteropGenerator.Runtime.dll": "8D5C692F29B1CD430CC4987440C251BF",
  "JetBrains.Annotations.dll": "035138F88DF25946052AC63A35709D3B",
  "licenses.txt": "A159BE62AA91178EFC3E3983AE874D1D",
  "Lumina.dll": "5A680F07F537FB07E5760B13522C908F",
  "Lumina.Excel.dll": "D46E5C352F55F20FA65FF89D6C2F825E",
  "Microsoft.Bcl.HashCode.dll": "613AB56061ADF2284E047025207467E0",
  "Microsoft.DotNet.PlatformAbstractions.dll": "00AB0F02B1114C57C758F5AD595224F1",
  "Microsoft.Extensions.DependencyModel.dll": "F39BC76C10CFEA478C936FC4521A9FC9",
  "Microsoft.Extensions.ObjectPool.dll": "FEE3CE8A84417360CC5ED787ED6F7DB1",
  "MinSharp.dll": "5324D7CF89EF7B9CE564ADDA0455DB51",
  "Mono.Cecil.dll": "8DBCF311B620951AA8C72BFF0BF61C52",
  "Mono.Cecil.Mdb.dll": "83242F4210ED632B804C0D2502F9210E",
  "Mono.Cecil.Pdb.dll": "ED2B04FBD6E82CE1828A59D16FE508A3",
  "Mono.Cecil.Rocks.dll": "0426960B5FEA541A0B76DA6D667A47B6",
  "nethost.dll": "012081214FE71F0F6ADCD9F4A71B2B00",
  "Newtonsoft.Json.dll": "86A83A63F12B55FD3718CFBFB577D7DC",
  "PeNet.Asn1.dll": "CAFC9317E9B68E26E7CC018E713323AF",
  "PeNet.dll": "94DF43F09F1F3D905234E8435A68FB2F",
  "PInvoke.AdvApi32.dll": "34EE461D05B403C3A15D0DEC32A3788C",
  "PInvoke.BCrypt.dll": "FD07758EE1440491F22923084109FF26",
  "PInvoke.Cabinet.dll": "333D950E3804735DA60CC41D614C63E2",
  "PInvoke.CfgMgr32.dll": "768BE7CC18EDCF78B296A72ABE891691",
  "PInvoke.Crypt32.dll": "E7B00B0851738F4A7F2C6D37DAA973B4",
  "PInvoke.DbgHelp.dll": "E701136169620D20E3A70B560DE20E44",
  "PInvoke.DwmApi.dll": "ACF223CC8962404056648815B486F7D9",
  "PInvoke.Gdi32.dll": "69FF434826F98582CE44D3136ECFFACB",
  "PInvoke.Hid.dll": "2E7A41257F8AD9B26073181F450CD8E5",
  "PInvoke.ImageHlp.dll": "79BE816E8D86EA66489D7780DD675D49",
  "PInvoke.IPHlpApi.dll": "E949FA3326D1BA8872B179AB4EE49D38",
  "PInvoke.Kernel32.dll": "234E15B122ED430DE99490CA1A204958",
  "PInvoke.Magnification.dll": "C9EA3D34F506741ECC044DB19C151F09",
  "PInvoke.Msi.dll": "69EE50CE2DA6B55755E52589F49A7EBC",
  "PInvoke.NCrypt.dll": "DA1DE76C14D99370CA3BEF19DC299B15",
  "PInvoke.NetApi32.dll": "AE79F9FA2E3864A5E0642AE4622ECDC5",
  "PInvoke.NewDev.dll": "B3E1992105D986EF9C5C8E4B630FBB07",
  "PInvoke.NTDll.dll": "3F6BDF840EB27DD0FD9EB8071822183A",
  "PInvoke.Ole32.dll": "3C49FB100B60519FFE725BCD12A538F6",
  "PInvoke.Psapi.dll": "A7683EE4B880227F01C8AE632A892B9E",
  "PInvoke.SetupApi.dll": "1B7AE321185D0081D1759A9AD829F9BA",
  "PInvoke.SHCore.dll": "F27E7F063D51480F6D2294C903E4A606",
  "PInvoke.Shell32.dll": "F71A1BCAF6478190691170DAEA77722F",
  "PInvoke.User32.dll": "8BEDE38311ED4F27127290B81B8079FD",
  "PInvoke.Userenv.dll": "FEB7BCA90B8C905EC2F4BB0789847131",
  "PInvoke.UxTheme.dll": "8E683C016250CB719FDB9AAAFC22B3C5",
  "PInvoke.Windows.Core.dll": "90015440A44935208FFEA9BF61740651",
  "PInvoke.Windows.ShellScalingApi.dll": "F351B34B8C9183A51CADFDC279357C49",
  "PInvoke.WinUsb.dll": "9EB8A0280F2848D1A32B560A939F7336",
  "PInvoke.WtsApi32.dll": "341C94455D2E5893DBE4293D4D67AA4D",
  "Reloaded.Assembler.dll": "24D66552506AD5D64260393BDA45F72C",
  "Reloaded.Hooks.Definitions.dll": "9B29822A9E48FCDDBB3741548A69241D",
  "Reloaded.Hooks.dll": "5B0BF334962EA9EAC2A9359FCD4ADEE1",
  "Reloaded.Memory.Buffers.dll": "5F08DE68FE44949555D72A70682881F6",
  "Reloaded.Memory.dll": "933BF4F86BD0403EE30C8A45E2F32507",
  "revision.txt": "B6F8DC086B2D60C5856E4FF517060392",
  "SDL2-CS.config": "65557595FD5DF55D93B2BF881DE62C3A",
  "SDL2-CS.dll": "E99859685CF61D6F23C66B666578C734",
  "Serilog.dll": "AAF84981031CA3C40E50B002FAFC8857",
  "Serilog.Sinks.Async.dll": "AEE13B9A3678EEE2DB0FABF347616403",
  "Serilog.Sinks.Console.dll": "76909A90AABADFD450158FABC889AD9D",
  "Serilog.Sinks.File.dll": "477A633B2590972D60DA145E7BC2D160",
  "SharpDX.Direct3D11.dll": "EDE9C0EDECCE81B3AF39381EE63F689E",
  "SharpDX.dll": "9AAA0FC744EB4A556642F64D4E9DD1AA",
  "SharpDX.DXGI.dll": "3668E9BC7E34EB703281C58AA6BCAA9A",
  "SharpDX.Mathematics.dll": "9FB3E8A3F10A283363F1DD5F13E39515",
  "Silk.NET.Core.dll": "E9B12A878C55C36204290407DCF06C20",
  "Silk.NET.GLFW.dll": "41C9A72ABFA262822C69E38DB4D6576A",
  "Silk.NET.Maths.dll": "A47BDC30C8772DBD6542FB6FC77F10AA",
  "Silk.NET.OpenGL.dll": "0F08A510FA8A16D8DFA167981E4C7DCC",
  "Silk.NET.SDL.dll": "BD0EDC36AAF7D7851519CD6A7775E3B6",
  "Silk.NET.Windowing.Common.dll": "01968C9068B5463A199A3B5A15B0F2D1",
  "Silk.NET.Windowing.Glfw.dll": "C2D20F84A4A96F5A73655F87BAB79DD3",
  "Silk.NET.Windowing.Sdl.dll": "4957843BAAFF27ABB414543C4EA2E99F",
  "SQLite-net.dll": "EC3C2A4E68B8ABF103853B5171D25AA8",
  "SQLitePCLRaw.batteries_v2.dll": "0FD3742DC995E98939E294CEE8891983",
  "SQLitePCLRaw.core.dll": "D8B2A923A81D18ADE0DA5AF2CB848EA4",
  "SQLitePCLRaw.nativelibrary.dll": "B0F2FE250D88F4C68465CD92617A2669",
  "SQLitePCLRaw.provider.dynamic_cdecl.dll": "8D77969B67D55A9EE0730B9556B605F1",
  "StbiSharp.dll": "B1A1592D3302BC89545954924199309B",
  "System.Reactive.dll": "EF5A00287AD15393D41B12AA4B726FF7",
  "System.Reflection.MetadataLoadContext.dll": "7EC41D41F4E1246757BA3E2EC862D562",
  "System.Security.Cryptography.Pkcs.dll": "8950E01996A37E808BE3F39063C37BF9",
  "TEMP_gitver.txt": "0BCB7993C414F2D8899764393148BD01",
  "TerraFX.Interop.Windows.dll": "84F7EF6B0DE91F8CC23F773D3FD6DEC0",
  "Validation.dll": "7004485378B13ABD687179A425AACA82"
}
