{
  "runtimes\\alpine-x64\\native\\libe_sqlite3.so": "39C244FEDBCD3DFC37041D4FCE1AE21D",
  "runtimes\\linux-arm\\native\\libe_sqlite3.so": "96CF54BC0EFB83D6E3F5F3E04997A59D",
  "runtimes\\linux-arm64\\native\\libe_sqlite3.so": "F079E55E7F3F9966A4A2052A3234E068",
  "runtimes\\linux-armel\\native\\libe_sqlite3.so": "C5A67D49434FC65D64E9C15778078C76",
  "runtimes\\linux-mips64\\native\\libe_sqlite3.so": "5F8461214089CFC677D46C19B7162161",
  "runtimes\\linux-musl-x64\\native\\libe_sqlite3.so": "39C244FEDBCD3DFC37041D4FCE1AE21D",
  "runtimes\\linux-x64\\native\\libe_sqlite3.so": "6F49C540D3AB9964D67A4A704C3D262D",
  "runtimes\\linux-x64\\native\\libglfw.so.3": "9E3137144F68B9E9793F4C7AD5B1BEA7",
  "runtimes\\linux-x64\\native\\libSDL2-2.0.so": "99B95A708381FC66AB2370E45A260527",
  "runtimes\\linux-x64\\native\\libstbi.so": "0945355ED59677D06E3E88F48101BB26",
  "runtimes\\linux-x86\\native\\libe_sqlite3.so": "5E0659B414CBD6DDC38C65582485853E",
  "runtimes\\osx-x64\\native\\libe_sqlite3.dylib": "F82AE134FCD1C080A69D775591406673",
  "runtimes\\osx-x64\\native\\libglfw.3.dylib": "1E30FAB2F0C40E82290AD4B0BF14A880",
  "runtimes\\osx-x64\\native\\libSDL2-2.0.dylib": "AAC958490586C67395F0A90903AE3747",
  "runtimes\\osx-x64\\native\\libstbi.dylib": "0B84B0A6A80178266018081C3CAB68E6",
  "runtimes\\win-arm\\native\\e_sqlite3.dll": "A77721FC040B37E8ED61A0D8AAD18792",
  "runtimes\\win-arm64\\native\\e_sqlite3.dll": "DE7439E423BE979BECDA3D80F18F7016",
  "runtimes\\win-x64\\native\\cimgui.dll": "164AA21C2D880E54C99F6D903A54D89D",
  "runtimes\\win-x64\\native\\cimguizmo.dll": "1393E975618AFE61F83CAF6CD71A1E64",
  "runtimes\\win-x64\\native\\cimplot.dll": "C5A93A22DE7E66DE87FCD228BD3F9035",
  "runtimes\\win-x64\\native\\e_sqlite3.dll": "DD3F82FC8E4BE700493B20F7A8B48C0C",
  "runtimes\\win-x64\\native\\glfw3.dll": "B7F81DB5106A144842BBA549712540F8",
  "runtimes\\win-x64\\native\\minhook.x64d.dll": "C57848EB4DE075EE558A5BFB6BA64BCA",
  "runtimes\\win-x64\\native\\SDL2.dll": "73747A2FEF41437EE8E839185FA2B56A",
  "runtimes\\win-x64\\native\\stbi.dll": "3C73E697788A1DA34AE905DC648F6BB8",
  "runtimes\\win-x64\\native\\stbi.lib": "927C214DE576219E1F80DBE7798A0502",
  "runtimes\\win-x86\\native\\e_sqlite3.dll": "82429222E60BCE07EAB4D79DDCB5B9A2",
  "runtimes\\win-x86\\native\\glfw3.dll": "ABE730C443AC1F0B8B6F3E886DD8D91B",
  "runtimes\\win-x86\\native\\SDL2.dll": "8CE9DCD871D044724EB0517AF6EF5380",
  "targets\\Dalamud.Plugin.Bootstrap.targets": "C85635161398CD9852CF7212DB7EB904",
  "targets\\Dalamud.Plugin.targets": "DDD731601C06B16E10CF2F8990452A27",
  "BitFaster.Caching.dll": "8607A9F555EDA3C9022AF12D07B506FA",
  "CheapLoc.dll": "E37E48AA6086E80D88C0A1D6E57A3280",
  "Costura.dll": "4926413839444EAE47AFF3340D23E55D",
  "Dalamud.Boot.dll": "EC2911940CC129C871D7631E119C63F4",
  "Dalamud.Common.dll": "9E9B6E4E67C978255576A2828C41598F",
  "Dalamud.deps.json": "0B36E19377BD1CB30AD7C19F0975F2D9",
  "Dalamud.dll": "C1DAA54BE5F73EA7FA0C3CD5CC758A68",
  "Dalamud.Injector.deps.json": "C1FA0941DC8B38E415776C60C508AAB9",
  "Dalamud.Injector.dll": "0A626978C1334A1E316A6BD347A5E2D3",
  "Dalamud.Injector.exe": "2ED1F4BD0F509E106202426B98B144C6",
  "Dalamud.Injector.runtimeconfig.json": "B9BB65FFE7924D4D8BABE9FA66303200",
  "Dalamud.Injector.xml": "D41E5DF541D19A015215E777D7395C9C",
  "Dalamud.runtimeconfig.json": "2A9CD915428BDD175E0889BD0C225F75",
  "Dalamud.xml": "B23A3BFD6A5973E4F8FAD849770ACD80",
  "DalamudCrashHandler.exe": "DA87D53EB719CDC1BE45164D4580F309",
  "FASM-LICENSE.TXT": "ECEA1D10811221D5F0A3E96F9C38E2C7",
  "FASM.DLL": "990E6F7EF9ACE4BD6C806EDCD8AA2F82",
  "FASMX64.DLL": "C36E45E9D7E0614909AC0FA104E87FBC",
  "FFXIVClientStructs.dll": "77608AFE29D2F1E9E769AA21BFDA5070",
  "FFXIVClientStructs.xml": "9E2B653972C7F86030947201737892D8",
  "goaaats.Reloaded.Assembler.targets": "CC22CB0A353E2136EE9E6E96DB9F7164",
  "Iced.dll": "30DCDAC0D9F08A2B552B284A414A68CE",
  "ImGui.NET.dll": "27B9C7C781663B2BD26E3E196E0BDA6D",
  "ImGuiScene.dll": "8C956CDEE5C981D27CAF83A699107D12",
  "InteropGenerator.Runtime.dll": "0191B368C0A1D6B1EB404ED25C1DFF9D",
  "JetBrains.Annotations.dll": "8826200B102D3C7A14978B38DDD4F918",
  "licenses.txt": "A159BE62AA91178EFC3E3983AE874D1D",
  "Lumina.dll": "DF455F49408E0EE65130BCDEC0FE88D6",
  "Lumina.Excel.dll": "113B4622FBE4C466FF2EC7D12C238E17",
  "Microsoft.Bcl.HashCode.dll": "613AB56061ADF2284E047025207467E0",
  "Microsoft.DotNet.PlatformAbstractions.dll": "00AB0F02B1114C57C758F5AD595224F1",
  "Microsoft.Extensions.DependencyModel.dll": "F39BC76C10CFEA478C936FC4521A9FC9",
  "Microsoft.Extensions.ObjectPool.dll": "FEE3CE8A84417360CC5ED787ED6F7DB1",
  "MinSharp.dll": "BC985A321C7A02729DDE3F9A051AE31B",
  "Mono.Cecil.dll": "6D1D7DB7F5ABDFF33EDAE979E429DF68",
  "Mono.Cecil.Mdb.dll": "D7595861A4FCCC1A7BCFCFE8E7B9AF53",
  "Mono.Cecil.Pdb.dll": "A2AC64D15176691FFB29D7083A1AC582",
  "Mono.Cecil.Rocks.dll": "F9CF145E6867D570B0D0EB2C6C4F07D7",
  "nethost.dll": "012081214FE71F0F6ADCD9F4A71B2B00",
  "Newtonsoft.Json.dll": "86A83A63F12B55FD3718CFBFB577D7DC",
  "PeNet.Asn1.dll": "7A9FE3EC231216D49FA18FFB03FB0C39",
  "PeNet.dll": "FAC88B3007788C1E01F81A3A158686F1",
  "PInvoke.AdvApi32.dll": "34EE461D05B403C3A15D0DEC32A3788C",
  "PInvoke.BCrypt.dll": "FD07758EE1440491F22923084109FF26",
  "PInvoke.Cabinet.dll": "333D950E3804735DA60CC41D614C63E2",
  "PInvoke.CfgMgr32.dll": "768BE7CC18EDCF78B296A72ABE891691",
  "PInvoke.Crypt32.dll": "E7B00B0851738F4A7F2C6D37DAA973B4",
  "PInvoke.DbgHelp.dll": "E701136169620D20E3A70B560DE20E44",
  "PInvoke.DwmApi.dll": "ACF223CC8962404056648815B486F7D9",
  "PInvoke.Gdi32.dll": "69FF434826F98582CE44D3136ECFFACB",
  "PInvoke.Hid.dll": "2E7A41257F8AD9B26073181F450CD8E5",
  "PInvoke.ImageHlp.dll": "79BE816E8D86EA66489D7780DD675D49",
  "PInvoke.IPHlpApi.dll": "E949FA3326D1BA8872B179AB4EE49D38",
  "PInvoke.Kernel32.dll": "234E15B122ED430DE99490CA1A204958",
  "PInvoke.Magnification.dll": "C9EA3D34F506741ECC044DB19C151F09",
  "PInvoke.Msi.dll": "69EE50CE2DA6B55755E52589F49A7EBC",
  "PInvoke.NCrypt.dll": "DA1DE76C14D99370CA3BEF19DC299B15",
  "PInvoke.NetApi32.dll": "AE79F9FA2E3864A5E0642AE4622ECDC5",
  "PInvoke.NewDev.dll": "B3E1992105D986EF9C5C8E4B630FBB07",
  "PInvoke.NTDll.dll": "3F6BDF840EB27DD0FD9EB8071822183A",
  "PInvoke.Ole32.dll": "3C49FB100B60519FFE725BCD12A538F6",
  "PInvoke.Psapi.dll": "A7683EE4B880227F01C8AE632A892B9E",
  "PInvoke.SetupApi.dll": "1B7AE321185D0081D1759A9AD829F9BA",
  "PInvoke.SHCore.dll": "F27E7F063D51480F6D2294C903E4A606",
  "PInvoke.Shell32.dll": "F71A1BCAF6478190691170DAEA77722F",
  "PInvoke.User32.dll": "8BEDE38311ED4F27127290B81B8079FD",
  "PInvoke.Userenv.dll": "FEB7BCA90B8C905EC2F4BB0789847131",
  "PInvoke.UxTheme.dll": "8E683C016250CB719FDB9AAAFC22B3C5",
  "PInvoke.Windows.Core.dll": "90015440A44935208FFEA9BF61740651",
  "PInvoke.Windows.ShellScalingApi.dll": "F351B34B8C9183A51CADFDC279357C49",
  "PInvoke.WinUsb.dll": "9EB8A0280F2848D1A32B560A939F7336",
  "PInvoke.WtsApi32.dll": "341C94455D2E5893DBE4293D4D67AA4D",
  "Reloaded.Assembler.dll": "74881BF455FB83319DC36A837726FCE1",
  "Reloaded.Hooks.Definitions.dll": "4F28A3E1BDFD510D391AB2E0E684676C",
  "Reloaded.Hooks.dll": "F240F6D67D648A3CA8096D13202C6D52",
  "Reloaded.Memory.Buffers.dll": "6ED4C8C7C192D2F717CAC40CA23B98C3",
  "Reloaded.Memory.dll": "79DA917F6424F669A3BE328CD466CA29",
  "revision.txt": "12B668A1ADA1828BA795332F419D4EF7",
  "SDL2-CS.config": "65557595FD5DF55D93B2BF881DE62C3A",
  "SDL2-CS.dll": "9CDD7E069AD9428E8787BB80F3A5DEF2",
  "Serilog.dll": "AF1FF11F46B200E057CE9013A7D0B72E",
  "Serilog.Sinks.Async.dll": "3A33A1216C8691DE2266B1992D8B2DBD",
  "Serilog.Sinks.Console.dll": "87D133217168E052EFFF8DB9BB409D74",
  "Serilog.Sinks.File.dll": "4400517B6B7FB19C6B38D3683170AF03",
  "SharpDX.Direct3D11.dll": "5B2D7AF682B4444709B52D1D0C35962B",
  "SharpDX.dll": "4A6C9D369FF1789F1702EED52B6DD269",
  "SharpDX.DXGI.dll": "B6B88CF5B22B9110BEAAD16925BDF8CF",
  "SharpDX.Mathematics.dll": "91C4FBBE2F5FD0A0CBDD95B0136F9FCF",
  "Silk.NET.Core.dll": "D754789465CA75CC935E3E2657F052F7",
  "Silk.NET.GLFW.dll": "CEFF66CAA2C22F1AE04037FB457C4173",
  "Silk.NET.Maths.dll": "5C24CCA3943B2F08E32858790615DF4A",
  "Silk.NET.OpenGL.dll": "D6457C392276D924B27C7C66CF22A22C",
  "Silk.NET.SDL.dll": "F54DE896E1F64894C10FE2C8A1B8F88C",
  "Silk.NET.Windowing.Common.dll": "2E017A47308D1007AF95BA52D9201C85",
  "Silk.NET.Windowing.Glfw.dll": "DD0ABA86E633DDFFC8028B33C149B11B",
  "Silk.NET.Windowing.Sdl.dll": "F3B9CB6B036D0F1C1F0085FE41523627",
  "SQLite-net.dll": "DA19E3731BD0AB0CC95836AE229B5CA0",
  "SQLitePCLRaw.batteries_v2.dll": "96F9E4357B4EFC48CEB31B631CF20513",
  "SQLitePCLRaw.core.dll": "8F5A12EACFC723E79A359B4AC82837B5",
  "SQLitePCLRaw.nativelibrary.dll": "6AE011FC2FF4F0BE1A4BDA6A89F622D8",
  "SQLitePCLRaw.provider.dynamic_cdecl.dll": "1A6E9B576E63A724F4B1C5E44D643AD7",
  "StbiSharp.dll": "918C03CE77943FEE61A6D86296266A05",
  "System.Reactive.dll": "EF5A00287AD15393D41B12AA4B726FF7",
  "System.Reflection.MetadataLoadContext.dll": "7EC41D41F4E1246757BA3E2EC862D562",
  "System.Security.Cryptography.Pkcs.dll": "8950E01996A37E808BE3F39063C37BF9",
  "TEMP_gitver.txt": "AA8AADA010FA84706D16615563A7D5FD",
  "TerraFX.Interop.Windows.dll": "84F7EF6B0DE91F8CC23F773D3FD6DEC0",
  "Validation.dll": "EB92B281C128E42702644127CCB98B77"
}
