{
  "runtimes\\alpine-x64\\native\\libe_sqlite3.so": "39C244FEDBCD3DFC37041D4FCE1AE21D",
  "runtimes\\linux-arm\\native\\libe_sqlite3.so": "96CF54BC0EFB83D6E3F5F3E04997A59D",
  "runtimes\\linux-arm64\\native\\libe_sqlite3.so": "F079E55E7F3F9966A4A2052A3234E068",
  "runtimes\\linux-armel\\native\\libe_sqlite3.so": "C5A67D49434FC65D64E9C15778078C76",
  "runtimes\\linux-mips64\\native\\libe_sqlite3.so": "5F8461214089CFC677D46C19B7162161",
  "runtimes\\linux-musl-x64\\native\\libe_sqlite3.so": "39C244FEDBCD3DFC37041D4FCE1AE21D",
  "runtimes\\linux-x64\\native\\libe_sqlite3.so": "6F49C540D3AB9964D67A4A704C3D262D",
  "runtimes\\linux-x64\\native\\libglfw.so.3": "9E3137144F68B9E9793F4C7AD5B1BEA7",
  "runtimes\\linux-x64\\native\\libSDL2-2.0.so": "99B95A708381FC66AB2370E45A260527",
  "runtimes\\linux-x64\\native\\libstbi.so": "0945355ED59677D06E3E88F48101BB26",
  "runtimes\\linux-x86\\native\\libe_sqlite3.so": "5E0659B414CBD6DDC38C65582485853E",
  "runtimes\\osx-x64\\native\\libe_sqlite3.dylib": "F82AE134FCD1C080A69D775591406673",
  "runtimes\\osx-x64\\native\\libglfw.3.dylib": "1E30FAB2F0C40E82290AD4B0BF14A880",
  "runtimes\\osx-x64\\native\\libSDL2-2.0.dylib": "AAC958490586C67395F0A90903AE3747",
  "runtimes\\osx-x64\\native\\libstbi.dylib": "0B84B0A6A80178266018081C3CAB68E6",
  "runtimes\\win-arm\\native\\e_sqlite3.dll": "E2C5403307A3D8D9C21C9D3BC4108BF1",
  "runtimes\\win-arm64\\native\\e_sqlite3.dll": "4A42235BA9DFEEF7AC2F8F3C08F91C61",
  "runtimes\\win-x64\\native\\cimgui.dll": "76FE8B502437904503AE281BD6B81E0F",
  "runtimes\\win-x64\\native\\cimguizmo.dll": "4AEE1D92A984D4A9EAA6173FC36FA436",
  "runtimes\\win-x64\\native\\cimplot.dll": "8AA2D5DF4198E988AD3D105C7B2C3647",
  "runtimes\\win-x64\\native\\e_sqlite3.dll": "E76858234566BA4E5AAD5A06521436BF",
  "runtimes\\win-x64\\native\\glfw3.dll": "F27E88B79960FEDE213BDE1F2F6F68E3",
  "runtimes\\win-x64\\native\\minhook.x64d.dll": "97843CB271E2845F32FE0BD1DFDE5EAE",
  "runtimes\\win-x64\\native\\SDL2.dll": "BFBF56321489C74DD388BA7F711FA831",
  "runtimes\\win-x64\\native\\stbi.dll": "49B1E9CAECE30A22328742144E7D2652",
  "runtimes\\win-x64\\native\\stbi.lib": "927C214DE576219E1F80DBE7798A0502",
  "runtimes\\win-x86\\native\\e_sqlite3.dll": "6348BF0721BE42394442C875F07AFF53",
  "runtimes\\win-x86\\native\\glfw3.dll": "560EC2974321EADC15EB306444552D32",
  "runtimes\\win-x86\\native\\SDL2.dll": "279B891AB27B4E091732397CCDCE3B33",
  "targets\\Dalamud.Plugin.Bootstrap.targets": "C85635161398CD9852CF7212DB7EB904",
  "targets\\Dalamud.Plugin.targets": "E2AA900DB1F6596D1C203D4112A10F5E",
  "BitFaster.Caching.dll": "7807032C6B0B7140EE01877FEB6DA7F3",
  "CheapLoc.dll": "A6CE8F4C3A49B4F5BC82DC935BA4B007",
  "Costura.dll": "499306178DAD805508DAC9B16D10E52F",
  "Dalamud.Boot.dll": "07E3DEDB1CBB0A0C1D3B693616406DB6",
  "Dalamud.Common.dll": "7EBD00C3261CE70AE63BF3D9EB91A0E1",
  "Dalamud.deps.json": "963CDDC655AD26EE30A8A4FA2E2A16D3",
  "Dalamud.dll": "8F586F5251B3066074E7D6D4D61B73CB",
  "Dalamud.Injector.deps.json": "C1FA0941DC8B38E415776C60C508AAB9",
  "Dalamud.Injector.dll": "0D6DF814EFF56949FC0A3994E4B8DCD4",
  "Dalamud.Injector.exe": "19DB2EE753520FE4149AD9EA780583FE",
  "Dalamud.Injector.runtimeconfig.json": "B9BB65FFE7924D4D8BABE9FA66303200",
  "Dalamud.Injector.xml": "D41E5DF541D19A015215E777D7395C9C",
  "Dalamud.runtimeconfig.json": "2A9CD915428BDD175E0889BD0C225F75",
  "Dalamud.xml": "60B9C44C6AB2A4F95DB06AB0ED4E4202",
  "DalamudCrashHandler.exe": "7A6FF284A6C7111EF747F27450ABF8F3",
  "FASM-LICENSE.TXT": "ECEA1D10811221D5F0A3E96F9C38E2C7",
  "FASM.DLL": "33CD99C53A2C3B90233397068B5BF24C",
  "FASMX64.DLL": "031F65E97EE3AB2D1A0300240E612793",
  "FFXIVClientStructs.dll": "BB6B98F2094EC5836059F8EDBE5530DC",
  "FFXIVClientStructs.xml": "3C673C8B00E1798B19E579339C9CB903",
  "goaaats.Reloaded.Assembler.targets": "CC22CB0A353E2136EE9E6E96DB9F7164",
  "Iced.dll": "468BF95E54DF325709EA2EAFB5306334",
  "ImGui.NET.dll": "DF94196BDE26FD698AFAC6296C6FE4A1",
  "ImGuiScene.dll": "DF8F1523B09CBCAA38F88516FAF579D6",
  "InteropGenerator.Runtime.dll": "C186C4EACC781F1A1E6F4464F1EF07D2",
  "JetBrains.Annotations.dll": "E36ED849E66EF72215B7AAC856827C52",
  "licenses.txt": "A159BE62AA91178EFC3E3983AE874D1D",
  "Lumina.dll": "154AA03F3113736B3E6EB062FF930683",
  "Lumina.Excel.dll": "3406AF6DF026B19D77B1A97E408D6C82",
  "Microsoft.Bcl.HashCode.dll": "613AB56061ADF2284E047025207467E0",
  "Microsoft.DotNet.PlatformAbstractions.dll": "00AB0F02B1114C57C758F5AD595224F1",
  "Microsoft.Extensions.DependencyModel.dll": "F39BC76C10CFEA478C936FC4521A9FC9",
  "Microsoft.Extensions.ObjectPool.dll": "FEE3CE8A84417360CC5ED787ED6F7DB1",
  "MinSharp.dll": "4FA0E403F122F7CABBC49537719FC265",
  "Mono.Cecil.dll": "7D52A8B418ABDF906BA48F3D1D5C1FDA",
  "Mono.Cecil.Mdb.dll": "80405D4CEB6F55E9F9F7835166C700AD",
  "Mono.Cecil.Pdb.dll": "13216977DB0769B1C5E9EAB266B38D9E",
  "Mono.Cecil.Rocks.dll": "15F921AC3F5CFED052CC5B28D57B04E1",
  "nethost.dll": "012081214FE71F0F6ADCD9F4A71B2B00",
  "Newtonsoft.Json.dll": "86A83A63F12B55FD3718CFBFB577D7DC",
  "PeNet.Asn1.dll": "FE547A43A31994F56C5293223A0EF327",
  "PeNet.dll": "F2668D3DF08F1484C16DCF62890D8419",
  "PInvoke.AdvApi32.dll": "34EE461D05B403C3A15D0DEC32A3788C",
  "PInvoke.BCrypt.dll": "FD07758EE1440491F22923084109FF26",
  "PInvoke.Cabinet.dll": "333D950E3804735DA60CC41D614C63E2",
  "PInvoke.CfgMgr32.dll": "768BE7CC18EDCF78B296A72ABE891691",
  "PInvoke.Crypt32.dll": "E7B00B0851738F4A7F2C6D37DAA973B4",
  "PInvoke.DbgHelp.dll": "E701136169620D20E3A70B560DE20E44",
  "PInvoke.DwmApi.dll": "ACF223CC8962404056648815B486F7D9",
  "PInvoke.Gdi32.dll": "69FF434826F98582CE44D3136ECFFACB",
  "PInvoke.Hid.dll": "2E7A41257F8AD9B26073181F450CD8E5",
  "PInvoke.ImageHlp.dll": "79BE816E8D86EA66489D7780DD675D49",
  "PInvoke.IPHlpApi.dll": "E949FA3326D1BA8872B179AB4EE49D38",
  "PInvoke.Kernel32.dll": "234E15B122ED430DE99490CA1A204958",
  "PInvoke.Magnification.dll": "C9EA3D34F506741ECC044DB19C151F09",
  "PInvoke.Msi.dll": "69EE50CE2DA6B55755E52589F49A7EBC",
  "PInvoke.NCrypt.dll": "DA1DE76C14D99370CA3BEF19DC299B15",
  "PInvoke.NetApi32.dll": "AE79F9FA2E3864A5E0642AE4622ECDC5",
  "PInvoke.NewDev.dll": "B3E1992105D986EF9C5C8E4B630FBB07",
  "PInvoke.NTDll.dll": "3F6BDF840EB27DD0FD9EB8071822183A",
  "PInvoke.Ole32.dll": "3C49FB100B60519FFE725BCD12A538F6",
  "PInvoke.Psapi.dll": "A7683EE4B880227F01C8AE632A892B9E",
  "PInvoke.SetupApi.dll": "1B7AE321185D0081D1759A9AD829F9BA",
  "PInvoke.SHCore.dll": "F27E7F063D51480F6D2294C903E4A606",
  "PInvoke.Shell32.dll": "F71A1BCAF6478190691170DAEA77722F",
  "PInvoke.User32.dll": "8BEDE38311ED4F27127290B81B8079FD",
  "PInvoke.Userenv.dll": "FEB7BCA90B8C905EC2F4BB0789847131",
  "PInvoke.UxTheme.dll": "8E683C016250CB719FDB9AAAFC22B3C5",
  "PInvoke.Windows.Core.dll": "90015440A44935208FFEA9BF61740651",
  "PInvoke.Windows.ShellScalingApi.dll": "F351B34B8C9183A51CADFDC279357C49",
  "PInvoke.WinUsb.dll": "9EB8A0280F2848D1A32B560A939F7336",
  "PInvoke.WtsApi32.dll": "341C94455D2E5893DBE4293D4D67AA4D",
  "Reloaded.Assembler.dll": "9F02533B7BF63E6E69ACEA6B9710BD63",
  "Reloaded.Hooks.Definitions.dll": "37A95535945C4D8E523FEF9FC5742DF4",
  "Reloaded.Hooks.dll": "2956F40FD1AD5096A36B60CCCCB50CD8",
  "Reloaded.Memory.Buffers.dll": "313217F643E9B8807991B5424E68B62B",
  "Reloaded.Memory.dll": "A58D50B66AC7121BC095BEB079512B46",
  "revision.txt": "0E64A7B00C83E3D22CE6B3ACF2C582B6",
  "SDL2-CS.config": "65557595FD5DF55D93B2BF881DE62C3A",
  "SDL2-CS.dll": "F27BDF91402E5CB2B1BC14B74C2C3FA3",
  "Serilog.dll": "14AA038D0B35BA6845BE5D317DBD8D24",
  "Serilog.Sinks.Async.dll": "AA8A1A5B773DF8F6DD7AC96BCA300AEC",
  "Serilog.Sinks.Console.dll": "81AADFF5F4CEAE9BF96D9A435941D260",
  "Serilog.Sinks.File.dll": "64AFB3672B02D42962FE971B390169DA",
  "SharpDX.Direct3D11.dll": "2ACD18F2E10C160F6BF2D24C7FD4032C",
  "SharpDX.dll": "C9EE8347085A5BD206DA9E70DE354E14",
  "SharpDX.DXGI.dll": "EF2C7C6979D1ED0605B3A35675B3B41B",
  "SharpDX.Mathematics.dll": "E4F53B5F022408BEBBA16C74BFA09B83",
  "Silk.NET.Core.dll": "D9FA7596D255E91A682D2BFE9707C2F1",
  "Silk.NET.GLFW.dll": "F8F6D9D89F0ABA6A47A185DC93843335",
  "Silk.NET.Maths.dll": "F12C70698EF9441B70E77E41640F0DC5",
  "Silk.NET.OpenGL.dll": "6EEBE43CEFB7263A428B00C6216700CD",
  "Silk.NET.SDL.dll": "FF2ED176AE45CB8EF2938994D3E0F998",
  "Silk.NET.Windowing.Common.dll": "518411737DDC1E130733FD7BD554663A",
  "Silk.NET.Windowing.Glfw.dll": "2BDB0F75E5526C14E6001D8709D93704",
  "Silk.NET.Windowing.Sdl.dll": "39482D13F027723F4D319AE7FAA3F4CB",
  "SQLite-net.dll": "ABF6A032B65779243F12B8D73A3CD04E",
  "SQLitePCLRaw.batteries_v2.dll": "B2DA134A95870474020F79A75BA956AB",
  "SQLitePCLRaw.core.dll": "2170191450494D4D63B55B839AF2752D",
  "SQLitePCLRaw.nativelibrary.dll": "06B8DE42A6A534883D4812389540EBE3",
  "SQLitePCLRaw.provider.dynamic_cdecl.dll": "ABF810FF48248051D5FCF4925A8F30AB",
  "StbiSharp.dll": "45E20D80B1EC7B11D7E2144491A32A47",
  "System.Reactive.dll": "EF5A00287AD15393D41B12AA4B726FF7",
  "System.Reflection.MetadataLoadContext.dll": "7EC41D41F4E1246757BA3E2EC862D562",
  "System.Security.Cryptography.Pkcs.dll": "8950E01996A37E808BE3F39063C37BF9",
  "TEMP_gitver.txt": "32198D7140E1C83F0989ED69491F5A98",
  "TerraFX.Interop.Windows.dll": "84F7EF6B0DE91F8CC23F773D3FD6DEC0",
  "Validation.dll": "2C9997F05890C083E7F7E0FA7A6CA90E"
}
