{
  "runtimes\\alpine-x64\\native\\libe_sqlite3.so": "39C244FEDBCD3DFC37041D4FCE1AE21D",
  "runtimes\\linux-arm\\native\\libe_sqlite3.so": "96CF54BC0EFB83D6E3F5F3E04997A59D",
  "runtimes\\linux-arm64\\native\\libe_sqlite3.so": "F079E55E7F3F9966A4A2052A3234E068",
  "runtimes\\linux-armel\\native\\libe_sqlite3.so": "C5A67D49434FC65D64E9C15778078C76",
  "runtimes\\linux-mips64\\native\\libe_sqlite3.so": "5F8461214089CFC677D46C19B7162161",
  "runtimes\\linux-musl-x64\\native\\libe_sqlite3.so": "39C244FEDBCD3DFC37041D4FCE1AE21D",
  "runtimes\\linux-x64\\native\\libe_sqlite3.so": "6F49C540D3AB9964D67A4A704C3D262D",
  "runtimes\\linux-x64\\native\\libglfw.so.3": "9E3137144F68B9E9793F4C7AD5B1BEA7",
  "runtimes\\linux-x64\\native\\libSDL2-2.0.so": "99B95A708381FC66AB2370E45A260527",
  "runtimes\\linux-x64\\native\\libstbi.so": "0945355ED59677D06E3E88F48101BB26",
  "runtimes\\linux-x86\\native\\libe_sqlite3.so": "5E0659B414CBD6DDC38C65582485853E",
  "runtimes\\osx-x64\\native\\libe_sqlite3.dylib": "F82AE134FCD1C080A69D775591406673",
  "runtimes\\osx-x64\\native\\libglfw.3.dylib": "1E30FAB2F0C40E82290AD4B0BF14A880",
  "runtimes\\osx-x64\\native\\libSDL2-2.0.dylib": "AAC958490586C67395F0A90903AE3747",
  "runtimes\\osx-x64\\native\\libstbi.dylib": "0B84B0A6A80178266018081C3CAB68E6",
  "runtimes\\win-arm\\native\\e_sqlite3.dll": "57FB745F3AF3DD71B8F891072B047056",
  "runtimes\\win-arm64\\native\\e_sqlite3.dll": "75BE2867571F22446DE90285678DE77F",
  "runtimes\\win-x64\\native\\cimgui.dll": "711CC80621E8A11FEC643133D864374D",
  "runtimes\\win-x64\\native\\cimguizmo.dll": "4757D1ECD62B4C8EFE09DBC6ADE28FC6",
  "runtimes\\win-x64\\native\\cimplot.dll": "71E31575B5A483AB512E4870F19BF23D",
  "runtimes\\win-x64\\native\\e_sqlite3.dll": "41EEF90678594B841CD42351602F7519",
  "runtimes\\win-x64\\native\\glfw3.dll": "BADAF218468653ED19E9DECBAF06D071",
  "runtimes\\win-x64\\native\\minhook.x64d.dll": "76D600F7163176DD5EEE5DBFCE1F9043",
  "runtimes\\win-x64\\native\\SDL2.dll": "E43EF946943A2A7DC1532F3BFD39EB27",
  "runtimes\\win-x64\\native\\stbi.dll": "A7B4D61F1FDF80699D8191CD18B911EE",
  "runtimes\\win-x64\\native\\stbi.lib": "927C214DE576219E1F80DBE7798A0502",
  "runtimes\\win-x86\\native\\e_sqlite3.dll": "05A3F03A4A3B56B8C23D6D593D8EA5F6",
  "runtimes\\win-x86\\native\\glfw3.dll": "E181F9B54C01B3F52AB602AB3FBAE0DB",
  "runtimes\\win-x86\\native\\SDL2.dll": "EB0F80880702924D33F92140FB2CE42B",
  "targets\\Dalamud.Plugin.Bootstrap.targets": "C85635161398CD9852CF7212DB7EB904",
  "targets\\Dalamud.Plugin.targets": "E2AA900DB1F6596D1C203D4112A10F5E",
  "BitFaster.Caching.dll": "ED8A6F569A2E5DB5BB7B97D057C0877C",
  "CheapLoc.dll": "99F297446F49B3F37882BF44EA9EF706",
  "Costura.dll": "65750F3032DD032147485B7BA30CCFBE",
  "Dalamud.Boot.dll": "E40D5E865DCDC6E22CBF9C177201C737",
  "Dalamud.Common.dll": "5A4154FAE6B5652B1A1C969ADB0F9631",
  "Dalamud.deps.json": "0B36E19377BD1CB30AD7C19F0975F2D9",
  "Dalamud.dll": "AF3957CAC5D05C04645954D30F721C90",
  "Dalamud.Injector.deps.json": "C1FA0941DC8B38E415776C60C508AAB9",
  "Dalamud.Injector.dll": "D878918DF8F4032DDF60941DFC39E258",
  "Dalamud.Injector.exe": "789EA0C1B6913F4D51D5DEADA0FFF644",
  "Dalamud.Injector.runtimeconfig.json": "B9BB65FFE7924D4D8BABE9FA66303200",
  "Dalamud.Injector.xml": "D41E5DF541D19A015215E777D7395C9C",
  "Dalamud.runtimeconfig.json": "2A9CD915428BDD175E0889BD0C225F75",
  "Dalamud.xml": "80C72832C26963643FE1801C58EAAD22",
  "DalamudCrashHandler.exe": "C601F56A65B25339E8AE0A3DA93AC9FE",
  "FASM-LICENSE.TXT": "ECEA1D10811221D5F0A3E96F9C38E2C7",
  "FASM.DLL": "68737E40BE45809B80B9124F2780BE9A",
  "FASMX64.DLL": "7FA91A9562CF72FE985780879479A97F",
  "FFXIVClientStructs.dll": "66784FD5B5B481CE6D15C0FA25DD2414",
  "FFXIVClientStructs.xml": "56B5B92DBE4F425DE4B0EE17C2CE3603",
  "goaaats.Reloaded.Assembler.targets": "CC22CB0A353E2136EE9E6E96DB9F7164",
  "Iced.dll": "D88F5282729ECEEF9C9DD4010FBB84CA",
  "ImGui.NET.dll": "74DABDF92139394D6E9D883894233146",
  "ImGuiScene.dll": "97762CCDF57C7F49D6F6B8B8101A78B8",
  "InteropGenerator.Runtime.dll": "4024B7A726BCF71A34FC7D58E0B96BCF",
  "JetBrains.Annotations.dll": "9F0E0613B6F107494139342631F21820",
  "licenses.txt": "A159BE62AA91178EFC3E3983AE874D1D",
  "Lumina.dll": "4082CFE279617C91B7269A4A15A5506E",
  "Lumina.Excel.dll": "11B44BCFB2AB24DA8838B45D2DA8FAA4",
  "Microsoft.Bcl.HashCode.dll": "613AB56061ADF2284E047025207467E0",
  "Microsoft.DotNet.PlatformAbstractions.dll": "00AB0F02B1114C57C758F5AD595224F1",
  "Microsoft.Extensions.DependencyModel.dll": "F39BC76C10CFEA478C936FC4521A9FC9",
  "Microsoft.Extensions.ObjectPool.dll": "FEE3CE8A84417360CC5ED787ED6F7DB1",
  "MinSharp.dll": "4678A10F951C88FA84864DA5A1FAC2D8",
  "Mono.Cecil.dll": "33FABC8572F8445533074C0E54301F7F",
  "Mono.Cecil.Mdb.dll": "31ED153F9638D0BCE450FDFF1E470A40",
  "Mono.Cecil.Pdb.dll": "18B6381CD4130D19F5944E75CEEA8C56",
  "Mono.Cecil.Rocks.dll": "1949E456AC91FC3E72061AA249E8D1A9",
  "nethost.dll": "012081214FE71F0F6ADCD9F4A71B2B00",
  "Newtonsoft.Json.dll": "86A83A63F12B55FD3718CFBFB577D7DC",
  "PeNet.Asn1.dll": "0F98124117ACE88E22C5FFE3DA2A4AAD",
  "PeNet.dll": "0A0D3D55CDA915D945E415E5B5C3A59C",
  "PInvoke.AdvApi32.dll": "34EE461D05B403C3A15D0DEC32A3788C",
  "PInvoke.BCrypt.dll": "FD07758EE1440491F22923084109FF26",
  "PInvoke.Cabinet.dll": "333D950E3804735DA60CC41D614C63E2",
  "PInvoke.CfgMgr32.dll": "768BE7CC18EDCF78B296A72ABE891691",
  "PInvoke.Crypt32.dll": "E7B00B0851738F4A7F2C6D37DAA973B4",
  "PInvoke.DbgHelp.dll": "E701136169620D20E3A70B560DE20E44",
  "PInvoke.DwmApi.dll": "ACF223CC8962404056648815B486F7D9",
  "PInvoke.Gdi32.dll": "69FF434826F98582CE44D3136ECFFACB",
  "PInvoke.Hid.dll": "2E7A41257F8AD9B26073181F450CD8E5",
  "PInvoke.ImageHlp.dll": "79BE816E8D86EA66489D7780DD675D49",
  "PInvoke.IPHlpApi.dll": "E949FA3326D1BA8872B179AB4EE49D38",
  "PInvoke.Kernel32.dll": "234E15B122ED430DE99490CA1A204958",
  "PInvoke.Magnification.dll": "C9EA3D34F506741ECC044DB19C151F09",
  "PInvoke.Msi.dll": "69EE50CE2DA6B55755E52589F49A7EBC",
  "PInvoke.NCrypt.dll": "DA1DE76C14D99370CA3BEF19DC299B15",
  "PInvoke.NetApi32.dll": "AE79F9FA2E3864A5E0642AE4622ECDC5",
  "PInvoke.NewDev.dll": "B3E1992105D986EF9C5C8E4B630FBB07",
  "PInvoke.NTDll.dll": "3F6BDF840EB27DD0FD9EB8071822183A",
  "PInvoke.Ole32.dll": "3C49FB100B60519FFE725BCD12A538F6",
  "PInvoke.Psapi.dll": "A7683EE4B880227F01C8AE632A892B9E",
  "PInvoke.SetupApi.dll": "1B7AE321185D0081D1759A9AD829F9BA",
  "PInvoke.SHCore.dll": "F27E7F063D51480F6D2294C903E4A606",
  "PInvoke.Shell32.dll": "F71A1BCAF6478190691170DAEA77722F",
  "PInvoke.User32.dll": "8BEDE38311ED4F27127290B81B8079FD",
  "PInvoke.Userenv.dll": "FEB7BCA90B8C905EC2F4BB0789847131",
  "PInvoke.UxTheme.dll": "8E683C016250CB719FDB9AAAFC22B3C5",
  "PInvoke.Windows.Core.dll": "90015440A44935208FFEA9BF61740651",
  "PInvoke.Windows.ShellScalingApi.dll": "F351B34B8C9183A51CADFDC279357C49",
  "PInvoke.WinUsb.dll": "9EB8A0280F2848D1A32B560A939F7336",
  "PInvoke.WtsApi32.dll": "341C94455D2E5893DBE4293D4D67AA4D",
  "Reloaded.Assembler.dll": "1714AE1E83E22354E9ED6B3567585ACA",
  "Reloaded.Hooks.Definitions.dll": "0480DD48B51179EC26BE4E5D07D1D803",
  "Reloaded.Hooks.dll": "515975CD4E7B80AB84ACCF8CCDB47F59",
  "Reloaded.Memory.Buffers.dll": "06B8E6BCFA0927CFF0EE94F82DFBA9F5",
  "Reloaded.Memory.dll": "C5DA8DE04A3F3744E1A9AE022B3117CC",
  "revision.txt": "56BD37D3A2FDA0F2F41925019C81011D",
  "SDL2-CS.config": "65557595FD5DF55D93B2BF881DE62C3A",
  "SDL2-CS.dll": "5633191BD023EB538A4A933D85B607B0",
  "Serilog.dll": "597BA19E5BA39DBD265F1657A7531910",
  "Serilog.Sinks.Async.dll": "E8E8C9B3CBC218038497246329986C31",
  "Serilog.Sinks.Console.dll": "1B11B979AC355FE128EF9FDD7BA29226",
  "Serilog.Sinks.File.dll": "E46CC57DEEAB2BA3E39105230BE6E752",
  "SharpDX.Direct3D11.dll": "80DCB5E28F16E1681922A08484B4EBFF",
  "SharpDX.dll": "FE2D9E9B7BD4343C5F692BF18F9CE6B1",
  "SharpDX.DXGI.dll": "8F06E63D5752E716801424D9C3A2448F",
  "SharpDX.Mathematics.dll": "97FD88A99ADBB40600A354935CF69714",
  "Silk.NET.Core.dll": "CAEB05F20A4E52CD12C28A73CE4376AA",
  "Silk.NET.GLFW.dll": "05D6C7335BF733916316276EC527F7B3",
  "Silk.NET.Maths.dll": "44906C1446875CAFEF177E08441DE99F",
  "Silk.NET.OpenGL.dll": "6064C4DDC3375F17E0CFEF2337B578B3",
  "Silk.NET.SDL.dll": "E8C3950917B8177C76F5E139D90F9561",
  "Silk.NET.Windowing.Common.dll": "AE9762364299866B8FD644ED795AEDE2",
  "Silk.NET.Windowing.Glfw.dll": "1E3478BFE9DA6125027BF943D40FF4C8",
  "Silk.NET.Windowing.Sdl.dll": "4FC3C2A79D25A2E317066DD4A249FB86",
  "SQLite-net.dll": "1DD68D31312004848527EF39CA446A52",
  "SQLitePCLRaw.batteries_v2.dll": "3AC7BEC141B8D949CBF7CF1C57FF8C96",
  "SQLitePCLRaw.core.dll": "C6D770A26B3BB2F93C7EC6DB33A694EF",
  "SQLitePCLRaw.nativelibrary.dll": "CCCBE20BB00E0F35F0D79DF2CBFDBECC",
  "SQLitePCLRaw.provider.dynamic_cdecl.dll": "F3012A74BAC12A8794ED40897A6FA74F",
  "StbiSharp.dll": "8EA54142F039E7D5A8C8DDD089FFF3EB",
  "System.Reactive.dll": "EF5A00287AD15393D41B12AA4B726FF7",
  "System.Reflection.MetadataLoadContext.dll": "7EC41D41F4E1246757BA3E2EC862D562",
  "System.Security.Cryptography.Pkcs.dll": "8950E01996A37E808BE3F39063C37BF9",
  "TEMP_gitver.txt": "DC76810272A4B39A46016DC63A435B9A",
  "TerraFX.Interop.Windows.dll": "84F7EF6B0DE91F8CC23F773D3FD6DEC0",
  "Validation.dll": "B01CC6D91EDA16565C5D5034DCDD60C1"
}
