{
  "runtimes\\alpine-x64\\native\\libe_sqlite3.so": "39C244FEDBCD3DFC37041D4FCE1AE21D",
  "runtimes\\linux-arm\\native\\libe_sqlite3.so": "96CF54BC0EFB83D6E3F5F3E04997A59D",
  "runtimes\\linux-arm64\\native\\libe_sqlite3.so": "F079E55E7F3F9966A4A2052A3234E068",
  "runtimes\\linux-armel\\native\\libe_sqlite3.so": "C5A67D49434FC65D64E9C15778078C76",
  "runtimes\\linux-mips64\\native\\libe_sqlite3.so": "5F8461214089CFC677D46C19B7162161",
  "runtimes\\linux-musl-x64\\native\\libe_sqlite3.so": "39C244FEDBCD3DFC37041D4FCE1AE21D",
  "runtimes\\linux-x64\\native\\libe_sqlite3.so": "6F49C540D3AB9964D67A4A704C3D262D",
  "runtimes\\linux-x64\\native\\libglfw.so.3": "9E3137144F68B9E9793F4C7AD5B1BEA7",
  "runtimes\\linux-x64\\native\\libSDL2-2.0.so": "99B95A708381FC66AB2370E45A260527",
  "runtimes\\linux-x64\\native\\libstbi.so": "0945355ED59677D06E3E88F48101BB26",
  "runtimes\\linux-x86\\native\\libe_sqlite3.so": "5E0659B414CBD6DDC38C65582485853E",
  "runtimes\\osx-x64\\native\\libe_sqlite3.dylib": "F82AE134FCD1C080A69D775591406673",
  "runtimes\\osx-x64\\native\\libglfw.3.dylib": "1E30FAB2F0C40E82290AD4B0BF14A880",
  "runtimes\\osx-x64\\native\\libSDL2-2.0.dylib": "AAC958490586C67395F0A90903AE3747",
  "runtimes\\osx-x64\\native\\libstbi.dylib": "0B84B0A6A80178266018081C3CAB68E6",
  "runtimes\\win-arm\\native\\e_sqlite3.dll": "E0996C061469240F69F4D5E606627E92",
  "runtimes\\win-arm64\\native\\e_sqlite3.dll": "E0B5DA26B56DF655F01E5ADC9331D5E3",
  "runtimes\\win-x64\\native\\cimgui.dll": "FED38E5E5D0AB11B42409F1EE8DA343C",
  "runtimes\\win-x64\\native\\cimguizmo.dll": "AFFDBBC09A064094C3465C57EB7E56BA",
  "runtimes\\win-x64\\native\\cimplot.dll": "A4FFA6AF9BCA3C1102FE76D222FB0339",
  "runtimes\\win-x64\\native\\e_sqlite3.dll": "C5D7561CC1E3235CB69CC9CD43ABA806",
  "runtimes\\win-x64\\native\\glfw3.dll": "C56254CD2FF07729D0C83D981195B59E",
  "runtimes\\win-x64\\native\\minhook.x64d.dll": "A30408041908DE34C29C1C7A38F2C615",
  "runtimes\\win-x64\\native\\SDL2.dll": "F97A66B764D4EF02A1DDBFC1D86C7396",
  "runtimes\\win-x64\\native\\stbi.dll": "4F8A94E41DF19F2D3CBFEFA4D52C271F",
  "runtimes\\win-x64\\native\\stbi.lib": "927C214DE576219E1F80DBE7798A0502",
  "runtimes\\win-x86\\native\\e_sqlite3.dll": "F6402EAFA2F93C9B3E54D1C1B2A62938",
  "runtimes\\win-x86\\native\\glfw3.dll": "CDA724DA7ADCE0DD024D05EDAB49BED5",
  "runtimes\\win-x86\\native\\SDL2.dll": "2E96B6F6C7C5680F9663CDC389791272",
  "targets\\Dalamud.Plugin.Bootstrap.targets": "C85635161398CD9852CF7212DB7EB904",
  "targets\\Dalamud.Plugin.targets": "E2AA900DB1F6596D1C203D4112A10F5E",
  "BitFaster.Caching.dll": "A755CB0247EC2156A0EFBF2B171A2049",
  "CheapLoc.dll": "5D91929C25F4A0FCA0FBF266604965BE",
  "Costura.dll": "5C6571BB8DF75DAAEC2424B26B244400",
  "Dalamud.Boot.dll": "6E3E57F2CEFE6CB6CB5B0010B7F9EA55",
  "Dalamud.Common.dll": "692F4D8B21A76CC4B8D2B4104ED4CC60",
  "Dalamud.deps.json": "A7CE34B7093292A9559F5E31C4891359",
  "Dalamud.dll": "C8CBD107AE83250FBA1A31528C294430",
  "Dalamud.Injector.deps.json": "C1FA0941DC8B38E415776C60C508AAB9",
  "Dalamud.Injector.dll": "31CCF0A61F92C0943E109C790AE397F7",
  "Dalamud.Injector.exe": "8274A00554711E35DE06959BB3826163",
  "Dalamud.Injector.runtimeconfig.json": "B9BB65FFE7924D4D8BABE9FA66303200",
  "Dalamud.Injector.xml": "D41E5DF541D19A015215E777D7395C9C",
  "Dalamud.runtimeconfig.json": "2A9CD915428BDD175E0889BD0C225F75",
  "Dalamud.xml": "1879B77ABCBDDA3CE159DAF400AE82F6",
  "DalamudCrashHandler.exe": "15D26A9B6F1202CE242871AAF0343548",
  "FASM-LICENSE.TXT": "ECEA1D10811221D5F0A3E96F9C38E2C7",
  "FASM.DLL": "0B919FDA60650B4FD02A4E91077EFEF7",
  "FASMX64.DLL": "D89BA36FD3DA2DEAF94A5A43683FEFD5",
  "FFXIVClientStructs.dll": "8E83697A1186BBE021D920AB2F14EC39",
  "FFXIVClientStructs.xml": "41B497536B8171A8D6B4F4A66CA9D7B9",
  "goaaats.Reloaded.Assembler.targets": "CC22CB0A353E2136EE9E6E96DB9F7164",
  "Iced.dll": "140861348254A1BDE3076BE37E633723",
  "ImGui.NET.dll": "2FB90B9BA5D218742841039C1F15766C",
  "ImGuiScene.dll": "D26C8E74F0FA64A92166F1AF58586A31",
  "InteropGenerator.Runtime.dll": "79EC281E35342A56F3714BA8764ACD32",
  "JetBrains.Annotations.dll": "0A36D1044BD4B3764623CCDC4708207F",
  "licenses.txt": "A159BE62AA91178EFC3E3983AE874D1D",
  "Lumina.dll": "A895FC231FFD80F18877DBC7D7E5C5BC",
  "Lumina.Excel.dll": "B1AD5133065FA61524B7C92E1908E947",
  "Microsoft.Bcl.HashCode.dll": "613AB56061ADF2284E047025207467E0",
  "Microsoft.DotNet.PlatformAbstractions.dll": "00AB0F02B1114C57C758F5AD595224F1",
  "Microsoft.Extensions.DependencyModel.dll": "F39BC76C10CFEA478C936FC4521A9FC9",
  "Microsoft.Extensions.ObjectPool.dll": "FEE3CE8A84417360CC5ED787ED6F7DB1",
  "MinSharp.dll": "A66373D2A800962606D22A1BC0CAEEA2",
  "Mono.Cecil.dll": "E80027C21A1C5F9DA6711298F54EB6F1",
  "Mono.Cecil.Mdb.dll": "35F3A882D49AAB44294FE9F9EC4B7B11",
  "Mono.Cecil.Pdb.dll": "B445DF55246151763C54081EAC33467C",
  "Mono.Cecil.Rocks.dll": "DC050E5E7ECA02B7F8245128493A4960",
  "nethost.dll": "012081214FE71F0F6ADCD9F4A71B2B00",
  "Newtonsoft.Json.dll": "86A83A63F12B55FD3718CFBFB577D7DC",
  "PeNet.Asn1.dll": "E622A7F6F6036458D5B8C02F44DD438F",
  "PeNet.dll": "7A69A735759792DC7764598C533519CA",
  "PInvoke.AdvApi32.dll": "34EE461D05B403C3A15D0DEC32A3788C",
  "PInvoke.BCrypt.dll": "FD07758EE1440491F22923084109FF26",
  "PInvoke.Cabinet.dll": "333D950E3804735DA60CC41D614C63E2",
  "PInvoke.CfgMgr32.dll": "768BE7CC18EDCF78B296A72ABE891691",
  "PInvoke.Crypt32.dll": "E7B00B0851738F4A7F2C6D37DAA973B4",
  "PInvoke.DbgHelp.dll": "E701136169620D20E3A70B560DE20E44",
  "PInvoke.DwmApi.dll": "ACF223CC8962404056648815B486F7D9",
  "PInvoke.Gdi32.dll": "69FF434826F98582CE44D3136ECFFACB",
  "PInvoke.Hid.dll": "2E7A41257F8AD9B26073181F450CD8E5",
  "PInvoke.ImageHlp.dll": "79BE816E8D86EA66489D7780DD675D49",
  "PInvoke.IPHlpApi.dll": "E949FA3326D1BA8872B179AB4EE49D38",
  "PInvoke.Kernel32.dll": "234E15B122ED430DE99490CA1A204958",
  "PInvoke.Magnification.dll": "C9EA3D34F506741ECC044DB19C151F09",
  "PInvoke.Msi.dll": "69EE50CE2DA6B55755E52589F49A7EBC",
  "PInvoke.NCrypt.dll": "DA1DE76C14D99370CA3BEF19DC299B15",
  "PInvoke.NetApi32.dll": "AE79F9FA2E3864A5E0642AE4622ECDC5",
  "PInvoke.NewDev.dll": "B3E1992105D986EF9C5C8E4B630FBB07",
  "PInvoke.NTDll.dll": "3F6BDF840EB27DD0FD9EB8071822183A",
  "PInvoke.Ole32.dll": "3C49FB100B60519FFE725BCD12A538F6",
  "PInvoke.Psapi.dll": "A7683EE4B880227F01C8AE632A892B9E",
  "PInvoke.SetupApi.dll": "1B7AE321185D0081D1759A9AD829F9BA",
  "PInvoke.SHCore.dll": "F27E7F063D51480F6D2294C903E4A606",
  "PInvoke.Shell32.dll": "F71A1BCAF6478190691170DAEA77722F",
  "PInvoke.User32.dll": "8BEDE38311ED4F27127290B81B8079FD",
  "PInvoke.Userenv.dll": "FEB7BCA90B8C905EC2F4BB0789847131",
  "PInvoke.UxTheme.dll": "8E683C016250CB719FDB9AAAFC22B3C5",
  "PInvoke.Windows.Core.dll": "90015440A44935208FFEA9BF61740651",
  "PInvoke.Windows.ShellScalingApi.dll": "F351B34B8C9183A51CADFDC279357C49",
  "PInvoke.WinUsb.dll": "9EB8A0280F2848D1A32B560A939F7336",
  "PInvoke.WtsApi32.dll": "341C94455D2E5893DBE4293D4D67AA4D",
  "Reloaded.Assembler.dll": "EF401105EBEE85748E80F5BC52668AEE",
  "Reloaded.Hooks.Definitions.dll": "6F85D3F987B5156B49366656FCA17535",
  "Reloaded.Hooks.dll": "2B7E6867217322296E8BE8F0EFD62230",
  "Reloaded.Memory.Buffers.dll": "DAA5AEF2A4A8F03859CE36644C0A7E52",
  "Reloaded.Memory.dll": "0E0AE2D5A17F46E455CF178C25FDBC9E",
  "revision.txt": "F02208A057804EE16AC72FF4D3CEC53B",
  "SDL2-CS.config": "65557595FD5DF55D93B2BF881DE62C3A",
  "SDL2-CS.dll": "6FEFAE0768BC77D8F8D7DF1CDEE2A334",
  "Serilog.dll": "DC883BB5619EF3E794CF3BEB7DEAACA9",
  "Serilog.Sinks.Async.dll": "DB8D1860E3A5DEFC367C7A6AD7063855",
  "Serilog.Sinks.Console.dll": "6C5081120E37A3D1403D4218625C31F5",
  "Serilog.Sinks.File.dll": "DE49CCD38B75E586FBF72B3282914C76",
  "SharpDX.Direct3D11.dll": "F2289649C7D3CE5FB3AB8805871C34DC",
  "SharpDX.dll": "07176EEF0432F28F1EA0EA9426926B43",
  "SharpDX.DXGI.dll": "28B9752E568CB94DCD533EEEB9BEBE39",
  "SharpDX.Mathematics.dll": "47DA923D7A49D1291915D5155DEEEB9A",
  "Silk.NET.Core.dll": "CDAFC746F8808BF6BD105769E21D2B83",
  "Silk.NET.GLFW.dll": "57D1C19D0858E5D416F8E2BC886F9E47",
  "Silk.NET.Maths.dll": "D591666D3A09AAA1013339338A11283C",
  "Silk.NET.OpenGL.dll": "4868027454F179A21511AA79CF7759D5",
  "Silk.NET.SDL.dll": "676E511547352AE6D23750716C9A8171",
  "Silk.NET.Windowing.Common.dll": "B43C867269A2FB79D285C6369334FBDD",
  "Silk.NET.Windowing.Glfw.dll": "FC952F980AA23E03C190D52A7A3328D8",
  "Silk.NET.Windowing.Sdl.dll": "91018960B8789A1BE2C300D09F3F7192",
  "SQLite-net.dll": "02BBC68C78F124AF98711EE2053B5EC2",
  "SQLitePCLRaw.batteries_v2.dll": "D707253D1BBE0766F6ACD01FE4EECC82",
  "SQLitePCLRaw.core.dll": "BE439C15A5F3D8A5CB6E8D1A8197A528",
  "SQLitePCLRaw.nativelibrary.dll": "B23BC690D7654483311ACFB9F6E87836",
  "SQLitePCLRaw.provider.dynamic_cdecl.dll": "2A13E1408444FAFA3E2D3A843A0F6819",
  "StbiSharp.dll": "CBE589CD583E63373CD547CEEE70BA73",
  "System.Reactive.dll": "EF5A00287AD15393D41B12AA4B726FF7",
  "System.Reflection.MetadataLoadContext.dll": "7EC41D41F4E1246757BA3E2EC862D562",
  "System.Security.Cryptography.Pkcs.dll": "8950E01996A37E808BE3F39063C37BF9",
  "TEMP_gitver.txt": "FC223B2AFC577F4A2A5D85ACD0A9A87B",
  "TerraFX.Interop.Windows.dll": "84F7EF6B0DE91F8CC23F773D3FD6DEC0",
  "Validation.dll": "F08B9AE10DF82D5BA79AD895CCC6EF5E"
}
