{
  "runtimes\\alpine-x64\\native\\libe_sqlite3.so": "39C244FEDBCD3DFC37041D4FCE1AE21D",
  "runtimes\\linux-arm\\native\\libe_sqlite3.so": "96CF54BC0EFB83D6E3F5F3E04997A59D",
  "runtimes\\linux-arm64\\native\\libe_sqlite3.so": "F079E55E7F3F9966A4A2052A3234E068",
  "runtimes\\linux-armel\\native\\libe_sqlite3.so": "C5A67D49434FC65D64E9C15778078C76",
  "runtimes\\linux-mips64\\native\\libe_sqlite3.so": "5F8461214089CFC677D46C19B7162161",
  "runtimes\\linux-musl-x64\\native\\libe_sqlite3.so": "39C244FEDBCD3DFC37041D4FCE1AE21D",
  "runtimes\\linux-x64\\native\\libe_sqlite3.so": "6F49C540D3AB9964D67A4A704C3D262D",
  "runtimes\\linux-x64\\native\\libglfw.so.3": "9E3137144F68B9E9793F4C7AD5B1BEA7",
  "runtimes\\linux-x64\\native\\libSDL2-2.0.so": "99B95A708381FC66AB2370E45A260527",
  "runtimes\\linux-x64\\native\\libstbi.so": "0945355ED59677D06E3E88F48101BB26",
  "runtimes\\linux-x86\\native\\libe_sqlite3.so": "5E0659B414CBD6DDC38C65582485853E",
  "runtimes\\osx-x64\\native\\libe_sqlite3.dylib": "F82AE134FCD1C080A69D775591406673",
  "runtimes\\osx-x64\\native\\libglfw.3.dylib": "1E30FAB2F0C40E82290AD4B0BF14A880",
  "runtimes\\osx-x64\\native\\libSDL2-2.0.dylib": "AAC958490586C67395F0A90903AE3747",
  "runtimes\\osx-x64\\native\\libstbi.dylib": "0B84B0A6A80178266018081C3CAB68E6",
  "runtimes\\win-arm\\native\\e_sqlite3.dll": "22727EA8E8630076DFE12F37AD85542D",
  "runtimes\\win-arm64\\native\\e_sqlite3.dll": "D1420E6B81798DF83D6301E8DA6C3375",
  "runtimes\\win-x64\\native\\cimgui.dll": "F6BAF30C159B7119F6B738E2092B15D1",
  "runtimes\\win-x64\\native\\cimguizmo.dll": "338A0EF321A52BD254E4D6CD43B15958",
  "runtimes\\win-x64\\native\\cimplot.dll": "1CB3C310A188B4643E577BA6EA942BAD",
  "runtimes\\win-x64\\native\\e_sqlite3.dll": "1DA59D2CF09706478402BA1ED677E339",
  "runtimes\\win-x64\\native\\glfw3.dll": "A76D0D9B7CBE2CAF3D3CE38B4A1D51A2",
  "runtimes\\win-x64\\native\\minhook.x64d.dll": "4B6E824768FF145F92F0FA1E2ECE5B87",
  "runtimes\\win-x64\\native\\SDL2.dll": "914165A372A09784EEE34273DFA3FFD9",
  "runtimes\\win-x64\\native\\stbi.dll": "C68804790AA0F790327529BA11729F23",
  "runtimes\\win-x64\\native\\stbi.lib": "927C214DE576219E1F80DBE7798A0502",
  "runtimes\\win-x86\\native\\e_sqlite3.dll": "6B1B1129271DDBC1614E5DDCF4003A4A",
  "runtimes\\win-x86\\native\\glfw3.dll": "EBE4454A18ECBC55E63AFE0124D33EE0",
  "runtimes\\win-x86\\native\\SDL2.dll": "05F2AEE5CBD1A27381EE447E3D036CD3",
  "targets\\Dalamud.Plugin.Bootstrap.targets": "C85635161398CD9852CF7212DB7EB904",
  "targets\\Dalamud.Plugin.targets": "DDD731601C06B16E10CF2F8990452A27",
  "BitFaster.Caching.dll": "8277CE0E9EDC2B2522EB7A95EF87E090",
  "CheapLoc.dll": "CE9D8ED6A29469497D2D34BEBF125CC7",
  "Costura.dll": "8DA4EAC0D75C57765B11CE55360867DF",
  "Dalamud.Boot.dll": "4523CF36F881895BD8C0A3BAE14FBFFD",
  "Dalamud.Common.dll": "205D2B3900B6D097860F3F8ECE830F9B",
  "Dalamud.deps.json": "9F3152C5A97A09FD0ACB6A8BFAD1A54B",
  "Dalamud.dll": "0E372FEC61B891F40638963FE00B9B0B",
  "Dalamud.Injector.deps.json": "C1FA0941DC8B38E415776C60C508AAB9",
  "Dalamud.Injector.dll": "2E637515D71135E1C666E3187FE58D2E",
  "Dalamud.Injector.exe": "7D07F23CCDF8EE9DA9771EC8A44B5F58",
  "Dalamud.Injector.runtimeconfig.json": "B9BB65FFE7924D4D8BABE9FA66303200",
  "Dalamud.Injector.xml": "D41E5DF541D19A015215E777D7395C9C",
  "Dalamud.runtimeconfig.json": "2A9CD915428BDD175E0889BD0C225F75",
  "Dalamud.xml": "8E42A834F09BCE067B4D84F8A403D975",
  "DalamudCrashHandler.exe": "44FFBD2BCA60718D4036A8269C27EE00",
  "FASM-LICENSE.TXT": "ECEA1D10811221D5F0A3E96F9C38E2C7",
  "FASM.DLL": "29AEA094A6CE3BDCAA822E42F8688B69",
  "FASMX64.DLL": "5DAEED20341FCDF9AFA8EADB469445FC",
  "FFXIVClientStructs.dll": "4B56D7BD9998ED35621203DD24EC9AC5",
  "FFXIVClientStructs.xml": "C189A02BB571A06390AF7863F2970F57",
  "goaaats.Reloaded.Assembler.targets": "CC22CB0A353E2136EE9E6E96DB9F7164",
  "Iced.dll": "1E97412EBF0DF7364A4135ABB836EB2D",
  "ImGui.NET.dll": "78467D64EA1BFE0D952E70523B62A462",
  "ImGuiScene.dll": "736C783C811CBAFBFAE6986C7B86D69B",
  "InteropGenerator.Runtime.dll": "F6A7909B7D0823AF681C0F5BEA18E3AB",
  "JetBrains.Annotations.dll": "045978215A36975BD18FEAE860EAB2FA",
  "licenses.txt": "A159BE62AA91178EFC3E3983AE874D1D",
  "Lumina.dll": "D64BE6F92E20CCCF0D8F201F00228F6E",
  "Lumina.Excel.dll": "68162A53F0516B6E7F4183779055894E",
  "Microsoft.Bcl.HashCode.dll": "613AB56061ADF2284E047025207467E0",
  "Microsoft.DotNet.PlatformAbstractions.dll": "00AB0F02B1114C57C758F5AD595224F1",
  "Microsoft.Extensions.DependencyModel.dll": "F39BC76C10CFEA478C936FC4521A9FC9",
  "Microsoft.Extensions.ObjectPool.dll": "FEE3CE8A84417360CC5ED787ED6F7DB1",
  "MinSharp.dll": "DF6704DFB181CC288C4E78B9F744A5B3",
  "Mono.Cecil.dll": "0603E2A5529B3CCE757DFE191DE2A622",
  "Mono.Cecil.Mdb.dll": "AE9BEBB00897EBAC551EDF4B5D73F061",
  "Mono.Cecil.Pdb.dll": "A9EABF4599DBD23D18B72177E2191786",
  "Mono.Cecil.Rocks.dll": "D6FC8C7A33761C77F9A7E7065987FEA1",
  "nethost.dll": "012081214FE71F0F6ADCD9F4A71B2B00",
  "Newtonsoft.Json.dll": "86A83A63F12B55FD3718CFBFB577D7DC",
  "PeNet.Asn1.dll": "68CD4DFE4BB9017258A7EFA199263EED",
  "PeNet.dll": "5E8AC366300B7627B3E1AC848E932A1C",
  "PInvoke.AdvApi32.dll": "34EE461D05B403C3A15D0DEC32A3788C",
  "PInvoke.BCrypt.dll": "FD07758EE1440491F22923084109FF26",
  "PInvoke.Cabinet.dll": "333D950E3804735DA60CC41D614C63E2",
  "PInvoke.CfgMgr32.dll": "768BE7CC18EDCF78B296A72ABE891691",
  "PInvoke.Crypt32.dll": "E7B00B0851738F4A7F2C6D37DAA973B4",
  "PInvoke.DbgHelp.dll": "E701136169620D20E3A70B560DE20E44",
  "PInvoke.DwmApi.dll": "ACF223CC8962404056648815B486F7D9",
  "PInvoke.Gdi32.dll": "69FF434826F98582CE44D3136ECFFACB",
  "PInvoke.Hid.dll": "2E7A41257F8AD9B26073181F450CD8E5",
  "PInvoke.ImageHlp.dll": "79BE816E8D86EA66489D7780DD675D49",
  "PInvoke.IPHlpApi.dll": "E949FA3326D1BA8872B179AB4EE49D38",
  "PInvoke.Kernel32.dll": "234E15B122ED430DE99490CA1A204958",
  "PInvoke.Magnification.dll": "C9EA3D34F506741ECC044DB19C151F09",
  "PInvoke.Msi.dll": "69EE50CE2DA6B55755E52589F49A7EBC",
  "PInvoke.NCrypt.dll": "DA1DE76C14D99370CA3BEF19DC299B15",
  "PInvoke.NetApi32.dll": "AE79F9FA2E3864A5E0642AE4622ECDC5",
  "PInvoke.NewDev.dll": "B3E1992105D986EF9C5C8E4B630FBB07",
  "PInvoke.NTDll.dll": "3F6BDF840EB27DD0FD9EB8071822183A",
  "PInvoke.Ole32.dll": "3C49FB100B60519FFE725BCD12A538F6",
  "PInvoke.Psapi.dll": "A7683EE4B880227F01C8AE632A892B9E",
  "PInvoke.SetupApi.dll": "1B7AE321185D0081D1759A9AD829F9BA",
  "PInvoke.SHCore.dll": "F27E7F063D51480F6D2294C903E4A606",
  "PInvoke.Shell32.dll": "F71A1BCAF6478190691170DAEA77722F",
  "PInvoke.User32.dll": "8BEDE38311ED4F27127290B81B8079FD",
  "PInvoke.Userenv.dll": "FEB7BCA90B8C905EC2F4BB0789847131",
  "PInvoke.UxTheme.dll": "8E683C016250CB719FDB9AAAFC22B3C5",
  "PInvoke.Windows.Core.dll": "90015440A44935208FFEA9BF61740651",
  "PInvoke.Windows.ShellScalingApi.dll": "F351B34B8C9183A51CADFDC279357C49",
  "PInvoke.WinUsb.dll": "9EB8A0280F2848D1A32B560A939F7336",
  "PInvoke.WtsApi32.dll": "341C94455D2E5893DBE4293D4D67AA4D",
  "Reloaded.Assembler.dll": "DCA46402BD06E5764A8E50BBFB839747",
  "Reloaded.Hooks.Definitions.dll": "F5706DFB5846223C361BD7CF3A05845B",
  "Reloaded.Hooks.dll": "4BA25746C08726B52A2D132F82BAA06B",
  "Reloaded.Memory.Buffers.dll": "4DA96F61D96B321D2169699DA98ADC7C",
  "Reloaded.Memory.dll": "B99E395014A59D13EA4B74E1AC0C2468",
  "revision.txt": "6A6610FEAB86A1F294DBBF5855C74AF9",
  "SDL2-CS.config": "65557595FD5DF55D93B2BF881DE62C3A",
  "SDL2-CS.dll": "5282E3AE46CC7BC5660AEE3C0609DFD3",
  "Serilog.dll": "FCCB64D3EA8810612C279BB194BF6E2A",
  "Serilog.Sinks.Async.dll": "5FE1AC9F77D593E524AC2C67101D4281",
  "Serilog.Sinks.Console.dll": "8BAA1ED02D382CD13F458BBA3019826C",
  "Serilog.Sinks.File.dll": "105361D915D9879CFA13F8BB0DDE377B",
  "SharpDX.Direct3D11.dll": "3B555379241E33A00B9D36A59C255417",
  "SharpDX.dll": "0AF7881D317F1AE68E23ABFE60F0982A",
  "SharpDX.DXGI.dll": "EC5E4F10A585E0544C2CB310AC0D5E05",
  "SharpDX.Mathematics.dll": "523B0A3D0C4A42670D2DD4B2DBC9E296",
  "Silk.NET.Core.dll": "D87AEC32F551549CEAA5C09FCA643BBF",
  "Silk.NET.GLFW.dll": "9AD5F9984F99495E891D8FFADC62D832",
  "Silk.NET.Maths.dll": "FDAF106B6E69DDDD6AE336F8744EB1E0",
  "Silk.NET.OpenGL.dll": "AE132AAB2CABCE549F7E2C4D51336FD5",
  "Silk.NET.SDL.dll": "97B41351332E1EA62366746C6B747A7D",
  "Silk.NET.Windowing.Common.dll": "355B3AAF84F0D2D278189E866273DAFB",
  "Silk.NET.Windowing.Glfw.dll": "A26FD6A244AF2C14F92726C03CF08223",
  "Silk.NET.Windowing.Sdl.dll": "5869249B26C2A3671F9694A0E46E7608",
  "SQLite-net.dll": "A90B1F1D440E63936A18C34378EB691F",
  "SQLitePCLRaw.batteries_v2.dll": "A074D58C5D9B27386CA3CE38F530F82C",
  "SQLitePCLRaw.core.dll": "AE58A9ACA96184B239A83C4E868FF6A8",
  "SQLitePCLRaw.nativelibrary.dll": "804E95D8E97A298082D8B5693CBA0EA3",
  "SQLitePCLRaw.provider.dynamic_cdecl.dll": "04746660BDDE3C5742E2AB1F115733C5",
  "StbiSharp.dll": "CE959193C0A8B2E93AF6600706DC96C3",
  "System.Reactive.dll": "EF5A00287AD15393D41B12AA4B726FF7",
  "System.Reflection.MetadataLoadContext.dll": "7EC41D41F4E1246757BA3E2EC862D562",
  "System.Security.Cryptography.Pkcs.dll": "8950E01996A37E808BE3F39063C37BF9",
  "TEMP_gitver.txt": "666B0D34478C2070D4339E14A872E60B",
  "TerraFX.Interop.Windows.dll": "84F7EF6B0DE91F8CC23F773D3FD6DEC0",
  "Validation.dll": "101C89C41EE26183D94EE04728B35529"
}
