{
  "runtimes\\alpine-x64\\native\\libe_sqlite3.so": "39C244FEDBCD3DFC37041D4FCE1AE21D",
  "runtimes\\linux-arm\\native\\libe_sqlite3.so": "96CF54BC0EFB83D6E3F5F3E04997A59D",
  "runtimes\\linux-arm64\\native\\libe_sqlite3.so": "F079E55E7F3F9966A4A2052A3234E068",
  "runtimes\\linux-armel\\native\\libe_sqlite3.so": "C5A67D49434FC65D64E9C15778078C76",
  "runtimes\\linux-mips64\\native\\libe_sqlite3.so": "5F8461214089CFC677D46C19B7162161",
  "runtimes\\linux-musl-x64\\native\\libe_sqlite3.so": "39C244FEDBCD3DFC37041D4FCE1AE21D",
  "runtimes\\linux-x64\\native\\libe_sqlite3.so": "6F49C540D3AB9964D67A4A704C3D262D",
  "runtimes\\linux-x64\\native\\libglfw.so.3": "9E3137144F68B9E9793F4C7AD5B1BEA7",
  "runtimes\\linux-x64\\native\\libSDL2-2.0.so": "99B95A708381FC66AB2370E45A260527",
  "runtimes\\linux-x64\\native\\libstbi.so": "0945355ED59677D06E3E88F48101BB26",
  "runtimes\\linux-x86\\native\\libe_sqlite3.so": "5E0659B414CBD6DDC38C65582485853E",
  "runtimes\\osx-x64\\native\\libe_sqlite3.dylib": "F82AE134FCD1C080A69D775591406673",
  "runtimes\\osx-x64\\native\\libglfw.3.dylib": "1E30FAB2F0C40E82290AD4B0BF14A880",
  "runtimes\\osx-x64\\native\\libSDL2-2.0.dylib": "AAC958490586C67395F0A90903AE3747",
  "runtimes\\osx-x64\\native\\libstbi.dylib": "0B84B0A6A80178266018081C3CAB68E6",
  "runtimes\\win-arm\\native\\e_sqlite3.dll": "02268CFB0E1B16594D6A899715746AC5",
  "runtimes\\win-arm64\\native\\e_sqlite3.dll": "C718A2B2CD6C3B9B7ADBD7BB35ED43EA",
  "runtimes\\win-x64\\native\\cimgui.dll": "FC5784C774EC8A87D37EAC1DC281F58B",
  "runtimes\\win-x64\\native\\cimguizmo.dll": "6634F613502B2897BC5EFB34E53C19F8",
  "runtimes\\win-x64\\native\\cimplot.dll": "490FA0E288C732B6005E2D04F01BDEC2",
  "runtimes\\win-x64\\native\\e_sqlite3.dll": "218FBD078E91643C929C020FFC4D24C9",
  "runtimes\\win-x64\\native\\glfw3.dll": "DF9E84C362F404E6ED30ED1595E0E6B1",
  "runtimes\\win-x64\\native\\minhook.x64d.dll": "27090AC45732BA6FB33397E90E1E3097",
  "runtimes\\win-x64\\native\\SDL2.dll": "CB58558C53495A8B28571B663D742CFD",
  "runtimes\\win-x64\\native\\stbi.dll": "DB43ECF0F0C646130AFF6987F8DFFE8E",
  "runtimes\\win-x64\\native\\stbi.lib": "927C214DE576219E1F80DBE7798A0502",
  "runtimes\\win-x86\\native\\e_sqlite3.dll": "81C38A1887ADB6E611A4FBC4428C3634",
  "runtimes\\win-x86\\native\\glfw3.dll": "65FD5FDA11F067BB8DC7526B42169DDD",
  "runtimes\\win-x86\\native\\SDL2.dll": "9B128891269803C0D53BE6B1DB55F0CF",
  "targets\\Dalamud.Plugin.Bootstrap.targets": "C85635161398CD9852CF7212DB7EB904",
  "targets\\Dalamud.Plugin.targets": "DDD731601C06B16E10CF2F8990452A27",
  "BitFaster.Caching.dll": "86CA24BC3BD9B3100810B803114496B3",
  "CheapLoc.dll": "51677B3F42F0A5732F5DD8FFEC031111",
  "Costura.dll": "1F49C10732CA0E70FD25E22617C6C204",
  "Dalamud.Boot.dll": "B71FD1B780CF51D92213FD3FAF1668CC",
  "Dalamud.Common.dll": "BF1B0B87C12C83825AED0C2EC9DB1E40",
  "Dalamud.deps.json": "0B36E19377BD1CB30AD7C19F0975F2D9",
  "Dalamud.dll": "BECD0B11F4124E61749861B738EF567A",
  "Dalamud.Injector.deps.json": "C1FA0941DC8B38E415776C60C508AAB9",
  "Dalamud.Injector.dll": "49AA847049597CF4C4A80CA8717C6296",
  "Dalamud.Injector.exe": "82F2855CB16D3332F9EEFCAD602CBDC2",
  "Dalamud.Injector.runtimeconfig.json": "B9BB65FFE7924D4D8BABE9FA66303200",
  "Dalamud.Injector.xml": "D41E5DF541D19A015215E777D7395C9C",
  "Dalamud.runtimeconfig.json": "2A9CD915428BDD175E0889BD0C225F75",
  "Dalamud.xml": "B23A3BFD6A5973E4F8FAD849770ACD80",
  "DalamudCrashHandler.exe": "610C49ED2C3358ABB73F95952A217CF4",
  "FASM-LICENSE.TXT": "ECEA1D10811221D5F0A3E96F9C38E2C7",
  "FASM.DLL": "63DCF2AD20178C2AF4115CC0F31445F9",
  "FASMX64.DLL": "CCEBFDB013AECF71FB90089CF23DC01B",
  "FFXIVClientStructs.dll": "19611B40D9436645627DB6AD34E78E82",
  "FFXIVClientStructs.xml": "9E2B653972C7F86030947201737892D8",
  "goaaats.Reloaded.Assembler.targets": "CC22CB0A353E2136EE9E6E96DB9F7164",
  "Iced.dll": "3EB0C274C69A7D022BD7D17C4D836B7C",
  "ImGui.NET.dll": "4A24BC01F20EA94B23409098EDC9FCE0",
  "ImGuiScene.dll": "57878968D375E3C05C0D27EF413D1EC6",
  "InteropGenerator.Runtime.dll": "55456B3AAA49DF815101E47F1DA8DAD2",
  "JetBrains.Annotations.dll": "113B5F3B62A1A14C2B273AD2A8BA6755",
  "licenses.txt": "A159BE62AA91178EFC3E3983AE874D1D",
  "Lumina.dll": "D493ECDCA1C507D047109A20E186D4D0",
  "Lumina.Excel.dll": "C5EAD060BF61223E91207B65FC98D271",
  "Microsoft.Bcl.HashCode.dll": "613AB56061ADF2284E047025207467E0",
  "Microsoft.DotNet.PlatformAbstractions.dll": "00AB0F02B1114C57C758F5AD595224F1",
  "Microsoft.Extensions.DependencyModel.dll": "F39BC76C10CFEA478C936FC4521A9FC9",
  "Microsoft.Extensions.ObjectPool.dll": "FEE3CE8A84417360CC5ED787ED6F7DB1",
  "MinSharp.dll": "E5282236305E08A47A8733F3B8406DBE",
  "Mono.Cecil.dll": "F906F75CB0667A24493B2552F059EE8E",
  "Mono.Cecil.Mdb.dll": "EFC9C0090DF87A3B69312D7974059A2E",
  "Mono.Cecil.Pdb.dll": "D85E06145A7C55EDAE0782896EE647A0",
  "Mono.Cecil.Rocks.dll": "B73FBC1FECDB2EECF0659C8E02B666C8",
  "nethost.dll": "012081214FE71F0F6ADCD9F4A71B2B00",
  "Newtonsoft.Json.dll": "86A83A63F12B55FD3718CFBFB577D7DC",
  "PeNet.Asn1.dll": "C4EF1AE285C33B3FB56CA2C8C8580BA2",
  "PeNet.dll": "9A49132B5FF1E03E2C625456C5788EB7",
  "PInvoke.AdvApi32.dll": "34EE461D05B403C3A15D0DEC32A3788C",
  "PInvoke.BCrypt.dll": "FD07758EE1440491F22923084109FF26",
  "PInvoke.Cabinet.dll": "333D950E3804735DA60CC41D614C63E2",
  "PInvoke.CfgMgr32.dll": "768BE7CC18EDCF78B296A72ABE891691",
  "PInvoke.Crypt32.dll": "E7B00B0851738F4A7F2C6D37DAA973B4",
  "PInvoke.DbgHelp.dll": "E701136169620D20E3A70B560DE20E44",
  "PInvoke.DwmApi.dll": "ACF223CC8962404056648815B486F7D9",
  "PInvoke.Gdi32.dll": "69FF434826F98582CE44D3136ECFFACB",
  "PInvoke.Hid.dll": "2E7A41257F8AD9B26073181F450CD8E5",
  "PInvoke.ImageHlp.dll": "79BE816E8D86EA66489D7780DD675D49",
  "PInvoke.IPHlpApi.dll": "E949FA3326D1BA8872B179AB4EE49D38",
  "PInvoke.Kernel32.dll": "234E15B122ED430DE99490CA1A204958",
  "PInvoke.Magnification.dll": "C9EA3D34F506741ECC044DB19C151F09",
  "PInvoke.Msi.dll": "69EE50CE2DA6B55755E52589F49A7EBC",
  "PInvoke.NCrypt.dll": "DA1DE76C14D99370CA3BEF19DC299B15",
  "PInvoke.NetApi32.dll": "AE79F9FA2E3864A5E0642AE4622ECDC5",
  "PInvoke.NewDev.dll": "B3E1992105D986EF9C5C8E4B630FBB07",
  "PInvoke.NTDll.dll": "3F6BDF840EB27DD0FD9EB8071822183A",
  "PInvoke.Ole32.dll": "3C49FB100B60519FFE725BCD12A538F6",
  "PInvoke.Psapi.dll": "A7683EE4B880227F01C8AE632A892B9E",
  "PInvoke.SetupApi.dll": "1B7AE321185D0081D1759A9AD829F9BA",
  "PInvoke.SHCore.dll": "F27E7F063D51480F6D2294C903E4A606",
  "PInvoke.Shell32.dll": "F71A1BCAF6478190691170DAEA77722F",
  "PInvoke.User32.dll": "8BEDE38311ED4F27127290B81B8079FD",
  "PInvoke.Userenv.dll": "FEB7BCA90B8C905EC2F4BB0789847131",
  "PInvoke.UxTheme.dll": "8E683C016250CB719FDB9AAAFC22B3C5",
  "PInvoke.Windows.Core.dll": "90015440A44935208FFEA9BF61740651",
  "PInvoke.Windows.ShellScalingApi.dll": "F351B34B8C9183A51CADFDC279357C49",
  "PInvoke.WinUsb.dll": "9EB8A0280F2848D1A32B560A939F7336",
  "PInvoke.WtsApi32.dll": "341C94455D2E5893DBE4293D4D67AA4D",
  "Reloaded.Assembler.dll": "7A7B3180A21E10627D55E23B960A9615",
  "Reloaded.Hooks.Definitions.dll": "9EDF70C361078F8E4287A8CCFEA39307",
  "Reloaded.Hooks.dll": "3F04AD7D8F7137112DB37886AB9ED3DB",
  "Reloaded.Memory.Buffers.dll": "C44608A46AA29C55D8F43C2BC99E2DF2",
  "Reloaded.Memory.dll": "111337AAE846CC7A785806F01059AE2F",
  "revision.txt": "043C2EC6C6390DD0AC5519190A57C88C",
  "SDL2-CS.config": "65557595FD5DF55D93B2BF881DE62C3A",
  "SDL2-CS.dll": "C907528F4F395F543ED4978AAF2DF8A5",
  "Serilog.dll": "1B335EA49FF8D48DA01778546F617DC2",
  "Serilog.Sinks.Async.dll": "5E4A0E38E7D0E625A9FFE0B484763F4A",
  "Serilog.Sinks.Console.dll": "EC9DC6A29E7E15A2EA568AC12FAF7D86",
  "Serilog.Sinks.File.dll": "656956DAFE8EA4E35F2AC8695EB8E6C4",
  "SharpDX.Direct3D11.dll": "5D7B9B9832F4B585BD897A794AC34C5A",
  "SharpDX.dll": "335E745E07984D1FFC77017A06C24BAD",
  "SharpDX.DXGI.dll": "F17B09A5FFC55F7C91369378F82F05FD",
  "SharpDX.Mathematics.dll": "5C7086DA810353E9D8A1ADA8E6594027",
  "Silk.NET.Core.dll": "5FF84449DA1ABE35337A32AAA81D392F",
  "Silk.NET.GLFW.dll": "E05D8CE65A65DC1A9B25307D82799AB9",
  "Silk.NET.Maths.dll": "B3974579D228078780FBCCFB6A2ABD2C",
  "Silk.NET.OpenGL.dll": "FE0D247386C77D1DDA7D65935D0AF427",
  "Silk.NET.SDL.dll": "17F5AFFD91FA7B133C4E189FE73533AE",
  "Silk.NET.Windowing.Common.dll": "B732CCA513DB4A7194EE5F861738499F",
  "Silk.NET.Windowing.Glfw.dll": "DE90B6F6320FC95B68389D7CD13D3D5C",
  "Silk.NET.Windowing.Sdl.dll": "8574CE223F63857DDF9EE8F8EA262111",
  "SQLite-net.dll": "68033DFEDF05A4B5CB0FF6AD0112A90C",
  "SQLitePCLRaw.batteries_v2.dll": "BED2AD409CB7FD2A945254A3D69D98CF",
  "SQLitePCLRaw.core.dll": "858408D41185B6B69AF048928AAE3583",
  "SQLitePCLRaw.nativelibrary.dll": "DCA846D75C3F2DF3C8F51C76BCA8119B",
  "SQLitePCLRaw.provider.dynamic_cdecl.dll": "62CBEA792181024EB338AFA06F6D904C",
  "StbiSharp.dll": "34940D9840788C643BD5AE91FFCE1716",
  "System.Reactive.dll": "EF5A00287AD15393D41B12AA4B726FF7",
  "System.Reflection.MetadataLoadContext.dll": "7EC41D41F4E1246757BA3E2EC862D562",
  "System.Security.Cryptography.Pkcs.dll": "8950E01996A37E808BE3F39063C37BF9",
  "TEMP_gitver.txt": "D767DBA3F5AE7A7465AA7B90D7217B1A",
  "TerraFX.Interop.Windows.dll": "84F7EF6B0DE91F8CC23F773D3FD6DEC0",
  "Validation.dll": "467EC7683FAAB88022B5FCE8A4B6FB14"
}
