{
  "runtimes\\alpine-x64\\native\\libe_sqlite3.so": "39C244FEDBCD3DFC37041D4FCE1AE21D",
  "runtimes\\linux-arm\\native\\libe_sqlite3.so": "96CF54BC0EFB83D6E3F5F3E04997A59D",
  "runtimes\\linux-arm64\\native\\libe_sqlite3.so": "F079E55E7F3F9966A4A2052A3234E068",
  "runtimes\\linux-armel\\native\\libe_sqlite3.so": "C5A67D49434FC65D64E9C15778078C76",
  "runtimes\\linux-mips64\\native\\libe_sqlite3.so": "5F8461214089CFC677D46C19B7162161",
  "runtimes\\linux-musl-x64\\native\\libe_sqlite3.so": "39C244FEDBCD3DFC37041D4FCE1AE21D",
  "runtimes\\linux-x64\\native\\libe_sqlite3.so": "6F49C540D3AB9964D67A4A704C3D262D",
  "runtimes\\linux-x64\\native\\libglfw.so.3": "9E3137144F68B9E9793F4C7AD5B1BEA7",
  "runtimes\\linux-x64\\native\\libSDL2-2.0.so": "99B95A708381FC66AB2370E45A260527",
  "runtimes\\linux-x64\\native\\libstbi.so": "0945355ED59677D06E3E88F48101BB26",
  "runtimes\\linux-x86\\native\\libe_sqlite3.so": "5E0659B414CBD6DDC38C65582485853E",
  "runtimes\\osx-x64\\native\\libe_sqlite3.dylib": "F82AE134FCD1C080A69D775591406673",
  "runtimes\\osx-x64\\native\\libglfw.3.dylib": "1E30FAB2F0C40E82290AD4B0BF14A880",
  "runtimes\\osx-x64\\native\\libSDL2-2.0.dylib": "AAC958490586C67395F0A90903AE3747",
  "runtimes\\osx-x64\\native\\libstbi.dylib": "0B84B0A6A80178266018081C3CAB68E6",
  "runtimes\\win-arm\\native\\e_sqlite3.dll": "B82D77CAE596CE22F909BDCFDF0CEA40",
  "runtimes\\win-arm64\\native\\e_sqlite3.dll": "02332DE737D4FCE4BF90031EC1E6BF40",
  "runtimes\\win-x64\\native\\cimgui.dll": "AEEDEAAD5BDA710FF81FF8111D84E1F1",
  "runtimes\\win-x64\\native\\cimguizmo.dll": "DBE5AC51BDEDD7978F0249949B200126",
  "runtimes\\win-x64\\native\\cimplot.dll": "10FE16124EA622E9233B899891346E30",
  "runtimes\\win-x64\\native\\e_sqlite3.dll": "4AFC4870CC8C4B3FB59EAAAD5CB611AA",
  "runtimes\\win-x64\\native\\glfw3.dll": "8E62FF0CF7F7A9D8259776870D02254D",
  "runtimes\\win-x64\\native\\minhook.x64d.dll": "E90E1A3E1775468EE454482A65090C7F",
  "runtimes\\win-x64\\native\\SDL2.dll": "F3D4DA8EC2B500F7325E406BD2DD5CDF",
  "runtimes\\win-x64\\native\\stbi.dll": "80C8BA23C3D39BFB7E4351111886E0FB",
  "runtimes\\win-x64\\native\\stbi.lib": "927C214DE576219E1F80DBE7798A0502",
  "runtimes\\win-x86\\native\\e_sqlite3.dll": "1A3F55BC70E2A4037A4C47891231D68E",
  "runtimes\\win-x86\\native\\glfw3.dll": "D0817EFAF6EDF9F7C9B183CE30FF936F",
  "runtimes\\win-x86\\native\\SDL2.dll": "30142A601E7150FA0DD16F32A0947868",
  "targets\\Dalamud.Plugin.Bootstrap.targets": "C85635161398CD9852CF7212DB7EB904",
  "targets\\Dalamud.Plugin.targets": "DDD731601C06B16E10CF2F8990452A27",
  "BitFaster.Caching.dll": "20FE7197C2AD77B89C07D99504B7F9EB",
  "CheapLoc.dll": "8F9423966DE1405915A98AF018A1A89D",
  "Costura.dll": "1F4B6FF146E0ED53AADE63247CC400D0",
  "Dalamud.Boot.dll": "979BF439F47F2C82599D893EA90176FE",
  "Dalamud.Common.dll": "82393B8903E35BF3BE434C66B6957A81",
  "Dalamud.deps.json": "9F3152C5A97A09FD0ACB6A8BFAD1A54B",
  "Dalamud.dll": "05AC0178B694DA5C97BB3D084588CABB",
  "Dalamud.Injector.deps.json": "C1FA0941DC8B38E415776C60C508AAB9",
  "Dalamud.Injector.dll": "4B5FFAEFC2896A372066C6E685F40236",
  "Dalamud.Injector.exe": "EB9D7C1FBB2483FF03A0AF41E64BAC6E",
  "Dalamud.Injector.runtimeconfig.json": "B9BB65FFE7924D4D8BABE9FA66303200",
  "Dalamud.Injector.xml": "D41E5DF541D19A015215E777D7395C9C",
  "Dalamud.runtimeconfig.json": "2A9CD915428BDD175E0889BD0C225F75",
  "Dalamud.xml": "B41BD3B743359EFF509F7A41B5FC60AA",
  "DalamudCrashHandler.exe": "1B27723ED0C64531EE5B41218F1DC1BE",
  "FASM-LICENSE.TXT": "ECEA1D10811221D5F0A3E96F9C38E2C7",
  "FASM.DLL": "3E26681CAFBF6DC7CE6ED96B3E01C092",
  "FASMX64.DLL": "CB9CF420B85420A44B8C08425CA3791A",
  "FFXIVClientStructs.dll": "BE03D95C34CB73A81864AFF8D2886D2E",
  "FFXIVClientStructs.xml": "0FD22F683701A5614FD0EABFCAC9E8B5",
  "goaaats.Reloaded.Assembler.targets": "CC22CB0A353E2136EE9E6E96DB9F7164",
  "Iced.dll": "22808D134DCBCB67701B9D7948B5134C",
  "ImGui.NET.dll": "EECA97ADA146A6A92D81AB89CD77852C",
  "ImGuiScene.dll": "7C50AE485E9F38BBA6287AF414341A32",
  "InteropGenerator.Runtime.dll": "E0CE798609BD83ACA75C418D19816ECB",
  "JetBrains.Annotations.dll": "60E6B0E79FE403B2BD550CC7FFDDC86B",
  "licenses.txt": "A159BE62AA91178EFC3E3983AE874D1D",
  "Lumina.dll": "5544C07932C9FFEFB7A6634A4508E9D7",
  "Lumina.Excel.dll": "A17595C403F6C2B33DED68BC911F7D03",
  "Microsoft.Bcl.HashCode.dll": "613AB56061ADF2284E047025207467E0",
  "Microsoft.DotNet.PlatformAbstractions.dll": "00AB0F02B1114C57C758F5AD595224F1",
  "Microsoft.Extensions.DependencyModel.dll": "F39BC76C10CFEA478C936FC4521A9FC9",
  "Microsoft.Extensions.ObjectPool.dll": "FEE3CE8A84417360CC5ED787ED6F7DB1",
  "MinSharp.dll": "64FBB362F7A7F834A12CA8C3CBC757D6",
  "Mono.Cecil.dll": "D35627AC84B84DC403322C0730433848",
  "Mono.Cecil.Mdb.dll": "417F88366A096543E8ACC9CA5AD7FF11",
  "Mono.Cecil.Pdb.dll": "2811B6E378C6F609B52AD7D3724A51A2",
  "Mono.Cecil.Rocks.dll": "6021FEF22B81830DB2CF684F9A2DF8D7",
  "nethost.dll": "012081214FE71F0F6ADCD9F4A71B2B00",
  "Newtonsoft.Json.dll": "86A83A63F12B55FD3718CFBFB577D7DC",
  "PeNet.Asn1.dll": "BC5E4553033F637E0E67848A6A7E8655",
  "PeNet.dll": "06471BE86467A15B09A5C878B19936C9",
  "PInvoke.AdvApi32.dll": "34EE461D05B403C3A15D0DEC32A3788C",
  "PInvoke.BCrypt.dll": "FD07758EE1440491F22923084109FF26",
  "PInvoke.Cabinet.dll": "333D950E3804735DA60CC41D614C63E2",
  "PInvoke.CfgMgr32.dll": "768BE7CC18EDCF78B296A72ABE891691",
  "PInvoke.Crypt32.dll": "E7B00B0851738F4A7F2C6D37DAA973B4",
  "PInvoke.DbgHelp.dll": "E701136169620D20E3A70B560DE20E44",
  "PInvoke.DwmApi.dll": "ACF223CC8962404056648815B486F7D9",
  "PInvoke.Gdi32.dll": "69FF434826F98582CE44D3136ECFFACB",
  "PInvoke.Hid.dll": "2E7A41257F8AD9B26073181F450CD8E5",
  "PInvoke.ImageHlp.dll": "79BE816E8D86EA66489D7780DD675D49",
  "PInvoke.IPHlpApi.dll": "E949FA3326D1BA8872B179AB4EE49D38",
  "PInvoke.Kernel32.dll": "234E15B122ED430DE99490CA1A204958",
  "PInvoke.Magnification.dll": "C9EA3D34F506741ECC044DB19C151F09",
  "PInvoke.Msi.dll": "69EE50CE2DA6B55755E52589F49A7EBC",
  "PInvoke.NCrypt.dll": "DA1DE76C14D99370CA3BEF19DC299B15",
  "PInvoke.NetApi32.dll": "AE79F9FA2E3864A5E0642AE4622ECDC5",
  "PInvoke.NewDev.dll": "B3E1992105D986EF9C5C8E4B630FBB07",
  "PInvoke.NTDll.dll": "3F6BDF840EB27DD0FD9EB8071822183A",
  "PInvoke.Ole32.dll": "3C49FB100B60519FFE725BCD12A538F6",
  "PInvoke.Psapi.dll": "A7683EE4B880227F01C8AE632A892B9E",
  "PInvoke.SetupApi.dll": "1B7AE321185D0081D1759A9AD829F9BA",
  "PInvoke.SHCore.dll": "F27E7F063D51480F6D2294C903E4A606",
  "PInvoke.Shell32.dll": "F71A1BCAF6478190691170DAEA77722F",
  "PInvoke.User32.dll": "8BEDE38311ED4F27127290B81B8079FD",
  "PInvoke.Userenv.dll": "FEB7BCA90B8C905EC2F4BB0789847131",
  "PInvoke.UxTheme.dll": "8E683C016250CB719FDB9AAAFC22B3C5",
  "PInvoke.Windows.Core.dll": "90015440A44935208FFEA9BF61740651",
  "PInvoke.Windows.ShellScalingApi.dll": "F351B34B8C9183A51CADFDC279357C49",
  "PInvoke.WinUsb.dll": "9EB8A0280F2848D1A32B560A939F7336",
  "PInvoke.WtsApi32.dll": "341C94455D2E5893DBE4293D4D67AA4D",
  "Reloaded.Assembler.dll": "F1E841C167BE2267A6354B0A7C1D8BB2",
  "Reloaded.Hooks.Definitions.dll": "AB473F2C58946742AECD5F4E61452DCC",
  "Reloaded.Hooks.dll": "C0C2B71C308D0A567750BB23A94D82C9",
  "Reloaded.Memory.Buffers.dll": "C23C908FB5BBF68B8F25AA9798E2D20E",
  "Reloaded.Memory.dll": "AFE9A7C515E835D9DB81549788E03615",
  "revision.txt": "6E66329891CBB9ADB1966E44379CFADF",
  "SDL2-CS.config": "65557595FD5DF55D93B2BF881DE62C3A",
  "SDL2-CS.dll": "53AD53C14C3A6DF4C8A0E2B391CAEB32",
  "Serilog.dll": "7F91A9E7FF19A8EBB5B674F081E2241F",
  "Serilog.Sinks.Async.dll": "8F87A2EBDF5F41406289B20E54F9E85A",
  "Serilog.Sinks.Console.dll": "FE061FCD400AFE6318ED37E11A51193B",
  "Serilog.Sinks.File.dll": "E254269BBBAE1E63B8A7A5B28D165328",
  "SharpDX.Direct3D11.dll": "2EC64FEFD9364CAEE9584475E6993578",
  "SharpDX.dll": "EF6167F575C4D47E0385B0BAF4527247",
  "SharpDX.DXGI.dll": "B7934F245DB0E1C6D884F1CEE0B96BE6",
  "SharpDX.Mathematics.dll": "138FE06C890FD04A302C7EC07AF9AD64",
  "Silk.NET.Core.dll": "506123FDB69339E889C3920E79478E28",
  "Silk.NET.GLFW.dll": "BCA78C98D87145DC33BB5F556DAE2C5B",
  "Silk.NET.Maths.dll": "8FEF64C83AE7DCB55D6867C4FD9D543B",
  "Silk.NET.OpenGL.dll": "A862070FDEC63147F511CE1B89C09EB4",
  "Silk.NET.SDL.dll": "46E2D76A201C10501AAA55E40E02150C",
  "Silk.NET.Windowing.Common.dll": "A15E76D0C13F6444A1685738AF93D441",
  "Silk.NET.Windowing.Glfw.dll": "E4B343B6537AA0DB13405BFA5A55BC33",
  "Silk.NET.Windowing.Sdl.dll": "1F69D03667838C4A3DEE4FFE9ECB2D6C",
  "SQLite-net.dll": "B57C31DA8789B9D2C0FB03BE84100642",
  "SQLitePCLRaw.batteries_v2.dll": "30B2620361050530F817E2FE47B77864",
  "SQLitePCLRaw.core.dll": "1113698CC3EC305E44377A0BD5BD801D",
  "SQLitePCLRaw.nativelibrary.dll": "6AEAEDEFDB1A7B6EE833623F4E008D1B",
  "SQLitePCLRaw.provider.dynamic_cdecl.dll": "F47E1751AE182EFFF07CB4BAF327F61E",
  "StbiSharp.dll": "F06DD4C61AFFF6AEC34AD3205599EE88",
  "System.Reactive.dll": "EF5A00287AD15393D41B12AA4B726FF7",
  "System.Reflection.MetadataLoadContext.dll": "7EC41D41F4E1246757BA3E2EC862D562",
  "System.Security.Cryptography.Pkcs.dll": "8950E01996A37E808BE3F39063C37BF9",
  "TEMP_gitver.txt": "D8134EF9D2714B0732C12A0085C07C50",
  "TerraFX.Interop.Windows.dll": "84F7EF6B0DE91F8CC23F773D3FD6DEC0",
  "Validation.dll": "A2FEE60E2088CF6A02F60921DE671BF4"
}
