{
  "runtimes\\alpine-x64\\native\\libe_sqlite3.so": "39C244FEDBCD3DFC37041D4FCE1AE21D",
  "runtimes\\linux-arm\\native\\libe_sqlite3.so": "96CF54BC0EFB83D6E3F5F3E04997A59D",
  "runtimes\\linux-arm64\\native\\libe_sqlite3.so": "F079E55E7F3F9966A4A2052A3234E068",
  "runtimes\\linux-armel\\native\\libe_sqlite3.so": "C5A67D49434FC65D64E9C15778078C76",
  "runtimes\\linux-mips64\\native\\libe_sqlite3.so": "5F8461214089CFC677D46C19B7162161",
  "runtimes\\linux-musl-x64\\native\\libe_sqlite3.so": "39C244FEDBCD3DFC37041D4FCE1AE21D",
  "runtimes\\linux-x64\\native\\libe_sqlite3.so": "6F49C540D3AB9964D67A4A704C3D262D",
  "runtimes\\linux-x64\\native\\libglfw.so.3": "9E3137144F68B9E9793F4C7AD5B1BEA7",
  "runtimes\\linux-x64\\native\\libSDL2-2.0.so": "99B95A708381FC66AB2370E45A260527",
  "runtimes\\linux-x64\\native\\libstbi.so": "0945355ED59677D06E3E88F48101BB26",
  "runtimes\\linux-x86\\native\\libe_sqlite3.so": "5E0659B414CBD6DDC38C65582485853E",
  "runtimes\\osx-x64\\native\\libe_sqlite3.dylib": "F82AE134FCD1C080A69D775591406673",
  "runtimes\\osx-x64\\native\\libglfw.3.dylib": "1E30FAB2F0C40E82290AD4B0BF14A880",
  "runtimes\\osx-x64\\native\\libSDL2-2.0.dylib": "AAC958490586C67395F0A90903AE3747",
  "runtimes\\osx-x64\\native\\libstbi.dylib": "0B84B0A6A80178266018081C3CAB68E6",
  "runtimes\\win-arm\\native\\e_sqlite3.dll": "6B963222FA9FDD4FC3506015B878E223",
  "runtimes\\win-arm64\\native\\e_sqlite3.dll": "D91BB84D96BD3EB9B49B7A4F828D9903",
  "runtimes\\win-x64\\native\\cimgui.dll": "8B05AFA00DDBF9B37991BABDC284C458",
  "runtimes\\win-x64\\native\\cimguizmo.dll": "B56DBFA12BB8B89C9CEA8020164E1561",
  "runtimes\\win-x64\\native\\cimplot.dll": "0A8062479B92994913F2383779D039DD",
  "runtimes\\win-x64\\native\\e_sqlite3.dll": "A21C78CDF2593F0BFE28FA9D7084DCD2",
  "runtimes\\win-x64\\native\\glfw3.dll": "9C61F1BB786C04B9214EBAB7FE02A850",
  "runtimes\\win-x64\\native\\minhook.x64d.dll": "03423B0D26E6268D82D6430D3D0A640B",
  "runtimes\\win-x64\\native\\SDL2.dll": "7E7919F4E23328389C40643C9C325694",
  "runtimes\\win-x64\\native\\stbi.dll": "581E3F5B47A736552DC1197D1D4ECDBC",
  "runtimes\\win-x64\\native\\stbi.lib": "927C214DE576219E1F80DBE7798A0502",
  "runtimes\\win-x86\\native\\e_sqlite3.dll": "04CE30016BDE03FB8D97751E0C8D1E92",
  "runtimes\\win-x86\\native\\glfw3.dll": "42873EA4DA54E7F8B3DB9F74AD3630D4",
  "runtimes\\win-x86\\native\\SDL2.dll": "CA2BD7EB9CC3FFC820066F8DFA67A6C3",
  "targets\\Dalamud.Plugin.Bootstrap.targets": "C85635161398CD9852CF7212DB7EB904",
  "targets\\Dalamud.Plugin.targets": "DDD731601C06B16E10CF2F8990452A27",
  "BitFaster.Caching.dll": "1261F0E513ED6AD853CAA537215CF123",
  "CheapLoc.dll": "2487FB0BA1BA57BBDCD4AC9096083E16",
  "Costura.dll": "24C5B58CF385C08593ABD3F53E9EC5F3",
  "Dalamud.Boot.dll": "2D9887F751D05D55CBA48ACDC1D487C3",
  "Dalamud.Common.dll": "946E6CAEF06818E4D4EE5048FC3B88B3",
  "Dalamud.deps.json": "9F3152C5A97A09FD0ACB6A8BFAD1A54B",
  "Dalamud.dll": "C90B40AAA9777E46E75FC115CDF4BF78",
  "Dalamud.Injector.deps.json": "C1FA0941DC8B38E415776C60C508AAB9",
  "Dalamud.Injector.dll": "32190F7D476A8009EE0412FDDBBDCCB4",
  "Dalamud.Injector.exe": "3F834EDA70AE3DF14E0EE829EB093577",
  "Dalamud.Injector.runtimeconfig.json": "B9BB65FFE7924D4D8BABE9FA66303200",
  "Dalamud.Injector.xml": "D41E5DF541D19A015215E777D7395C9C",
  "Dalamud.runtimeconfig.json": "2A9CD915428BDD175E0889BD0C225F75",
  "Dalamud.xml": "B23A3BFD6A5973E4F8FAD849770ACD80",
  "DalamudCrashHandler.exe": "3C26D68A219BB6ECA0ABE2999120DD44",
  "FASM-LICENSE.TXT": "ECEA1D10811221D5F0A3E96F9C38E2C7",
  "FASM.DLL": "CA96382E2C3974E3591B577937EECE4A",
  "FASMX64.DLL": "C717DF310882F586C89356AC73B10680",
  "FFXIVClientStructs.dll": "4A494D4D13B2C7810228B34B35A49693",
  "FFXIVClientStructs.xml": "0FD22F683701A5614FD0EABFCAC9E8B5",
  "goaaats.Reloaded.Assembler.targets": "CC22CB0A353E2136EE9E6E96DB9F7164",
  "Iced.dll": "B169772B1FE14467B545D867FF79AAC1",
  "ImGui.NET.dll": "64E442C3B884B0444D945001CCECFD80",
  "ImGuiScene.dll": "3B4A6AB6DAAEC1C3B68F175284835595",
  "InteropGenerator.Runtime.dll": "C4A7B2C66E21307DE682FD5B82B64C4D",
  "JetBrains.Annotations.dll": "9C1056509479AC89E116EC23D5569E89",
  "licenses.txt": "A159BE62AA91178EFC3E3983AE874D1D",
  "Lumina.dll": "CAF9DECA3CD0013E7F63DACF7FE81B30",
  "Lumina.Excel.dll": "DBB37C84C9735BB208895AF308DF20F5",
  "Microsoft.Bcl.HashCode.dll": "613AB56061ADF2284E047025207467E0",
  "Microsoft.DotNet.PlatformAbstractions.dll": "00AB0F02B1114C57C758F5AD595224F1",
  "Microsoft.Extensions.DependencyModel.dll": "F39BC76C10CFEA478C936FC4521A9FC9",
  "Microsoft.Extensions.ObjectPool.dll": "FEE3CE8A84417360CC5ED787ED6F7DB1",
  "MinSharp.dll": "1C9B525C66788D6891089B0AAF93489D",
  "Mono.Cecil.dll": "032611242CF8B1B7BA0C04824A8DE287",
  "Mono.Cecil.Mdb.dll": "01F8EB6D7BEE336102C639E23068E6C0",
  "Mono.Cecil.Pdb.dll": "48356D00917C6DF09EC89D85DA47393A",
  "Mono.Cecil.Rocks.dll": "9DA47AAEA84955DF3335B593A378A1CD",
  "nethost.dll": "012081214FE71F0F6ADCD9F4A71B2B00",
  "Newtonsoft.Json.dll": "86A83A63F12B55FD3718CFBFB577D7DC",
  "PeNet.Asn1.dll": "FD2C99112A10971288CBA6F42EE2BE56",
  "PeNet.dll": "496B8F08261661CC70BACF1721DD9F38",
  "PInvoke.AdvApi32.dll": "34EE461D05B403C3A15D0DEC32A3788C",
  "PInvoke.BCrypt.dll": "FD07758EE1440491F22923084109FF26",
  "PInvoke.Cabinet.dll": "333D950E3804735DA60CC41D614C63E2",
  "PInvoke.CfgMgr32.dll": "768BE7CC18EDCF78B296A72ABE891691",
  "PInvoke.Crypt32.dll": "E7B00B0851738F4A7F2C6D37DAA973B4",
  "PInvoke.DbgHelp.dll": "E701136169620D20E3A70B560DE20E44",
  "PInvoke.DwmApi.dll": "ACF223CC8962404056648815B486F7D9",
  "PInvoke.Gdi32.dll": "69FF434826F98582CE44D3136ECFFACB",
  "PInvoke.Hid.dll": "2E7A41257F8AD9B26073181F450CD8E5",
  "PInvoke.ImageHlp.dll": "79BE816E8D86EA66489D7780DD675D49",
  "PInvoke.IPHlpApi.dll": "E949FA3326D1BA8872B179AB4EE49D38",
  "PInvoke.Kernel32.dll": "234E15B122ED430DE99490CA1A204958",
  "PInvoke.Magnification.dll": "C9EA3D34F506741ECC044DB19C151F09",
  "PInvoke.Msi.dll": "69EE50CE2DA6B55755E52589F49A7EBC",
  "PInvoke.NCrypt.dll": "DA1DE76C14D99370CA3BEF19DC299B15",
  "PInvoke.NetApi32.dll": "AE79F9FA2E3864A5E0642AE4622ECDC5",
  "PInvoke.NewDev.dll": "B3E1992105D986EF9C5C8E4B630FBB07",
  "PInvoke.NTDll.dll": "3F6BDF840EB27DD0FD9EB8071822183A",
  "PInvoke.Ole32.dll": "3C49FB100B60519FFE725BCD12A538F6",
  "PInvoke.Psapi.dll": "A7683EE4B880227F01C8AE632A892B9E",
  "PInvoke.SetupApi.dll": "1B7AE321185D0081D1759A9AD829F9BA",
  "PInvoke.SHCore.dll": "F27E7F063D51480F6D2294C903E4A606",
  "PInvoke.Shell32.dll": "F71A1BCAF6478190691170DAEA77722F",
  "PInvoke.User32.dll": "8BEDE38311ED4F27127290B81B8079FD",
  "PInvoke.Userenv.dll": "FEB7BCA90B8C905EC2F4BB0789847131",
  "PInvoke.UxTheme.dll": "8E683C016250CB719FDB9AAAFC22B3C5",
  "PInvoke.Windows.Core.dll": "90015440A44935208FFEA9BF61740651",
  "PInvoke.Windows.ShellScalingApi.dll": "F351B34B8C9183A51CADFDC279357C49",
  "PInvoke.WinUsb.dll": "9EB8A0280F2848D1A32B560A939F7336",
  "PInvoke.WtsApi32.dll": "341C94455D2E5893DBE4293D4D67AA4D",
  "Reloaded.Assembler.dll": "9E9A9A08EE001366039910BCBBBC2D14",
  "Reloaded.Hooks.Definitions.dll": "73DFE2A17B95F4532AA4277FE0E8F2D9",
  "Reloaded.Hooks.dll": "2D39CD4B55399C4CCFF64456A9821F04",
  "Reloaded.Memory.Buffers.dll": "7839509F0E67F116DCF78D69B1341EC0",
  "Reloaded.Memory.dll": "CB22604803D764B2AA44BB009CE10EB1",
  "revision.txt": "197838C579C3B78927E0CD15BA4C9689",
  "SDL2-CS.config": "65557595FD5DF55D93B2BF881DE62C3A",
  "SDL2-CS.dll": "0FC2BC9CB868015B0F5789819108D3EC",
  "Serilog.dll": "029700643AE362290C1BB92897ACB631",
  "Serilog.Sinks.Async.dll": "B9FB956CFDEFF5913EF853FB2A6E23FD",
  "Serilog.Sinks.Console.dll": "8EEA9776467F6D2DC4B31DF87A18CAB0",
  "Serilog.Sinks.File.dll": "B25882FB7E59F5E02E3653889C6323A0",
  "SharpDX.Direct3D11.dll": "605391D90781C01A0958C64FC50FA1FA",
  "SharpDX.dll": "8D2E6B074821F057A54D167C175DE9EB",
  "SharpDX.DXGI.dll": "38C7FAD55148D3B454A16C9797D2AFAF",
  "SharpDX.Mathematics.dll": "7DE38BBD048D8621573E0AD24EA0FF36",
  "Silk.NET.Core.dll": "39D980FF2CE9204D92C4CF0705DA598D",
  "Silk.NET.GLFW.dll": "0B83C01F68C21A51E789C7716A007984",
  "Silk.NET.Maths.dll": "EA8F9594B9F66E1811D48DEC632CF90A",
  "Silk.NET.OpenGL.dll": "BCA6A5BE19EB6B18B9ADC3D451BBA2A8",
  "Silk.NET.SDL.dll": "22BC36084514D80219D9A8281831F380",
  "Silk.NET.Windowing.Common.dll": "666950076860BA92994B4E0E50189CCE",
  "Silk.NET.Windowing.Glfw.dll": "F45D5EF768A3BD6E6E0FCBE332B505F4",
  "Silk.NET.Windowing.Sdl.dll": "BAD0FDDF0270719A90E386743A85098E",
  "SQLite-net.dll": "C8ABF22DD3485F20C645609D3B40EC24",
  "SQLitePCLRaw.batteries_v2.dll": "6A5009C3EE52AF278E6F1A18D07B4060",
  "SQLitePCLRaw.core.dll": "A706A9D0CD137999F0F82B4BE426E5B6",
  "SQLitePCLRaw.nativelibrary.dll": "25E959E2CA4993AB91632FCBFDAE58CD",
  "SQLitePCLRaw.provider.dynamic_cdecl.dll": "CBA46EEE9045A66DC14BDA2C7CDDB71C",
  "StbiSharp.dll": "0A98C25B808667EFC4BF4F2632170687",
  "System.Reactive.dll": "EF5A00287AD15393D41B12AA4B726FF7",
  "System.Reflection.MetadataLoadContext.dll": "7EC41D41F4E1246757BA3E2EC862D562",
  "System.Security.Cryptography.Pkcs.dll": "8950E01996A37E808BE3F39063C37BF9",
  "TEMP_gitver.txt": "F8E27548846D8B6D49676353E534BC53",
  "TerraFX.Interop.Windows.dll": "84F7EF6B0DE91F8CC23F773D3FD6DEC0",
  "Validation.dll": "A8A9D9555EDECF9E3FD4AE4636DA643C"
}
