{
  "runtimes\\alpine-x64\\native\\libe_sqlite3.so": "39C244FEDBCD3DFC37041D4FCE1AE21D",
  "runtimes\\linux-arm\\native\\libe_sqlite3.so": "96CF54BC0EFB83D6E3F5F3E04997A59D",
  "runtimes\\linux-arm64\\native\\libe_sqlite3.so": "F079E55E7F3F9966A4A2052A3234E068",
  "runtimes\\linux-armel\\native\\libe_sqlite3.so": "C5A67D49434FC65D64E9C15778078C76",
  "runtimes\\linux-mips64\\native\\libe_sqlite3.so": "5F8461214089CFC677D46C19B7162161",
  "runtimes\\linux-musl-x64\\native\\libe_sqlite3.so": "39C244FEDBCD3DFC37041D4FCE1AE21D",
  "runtimes\\linux-x64\\native\\libe_sqlite3.so": "6F49C540D3AB9964D67A4A704C3D262D",
  "runtimes\\linux-x64\\native\\libglfw.so.3": "9E3137144F68B9E9793F4C7AD5B1BEA7",
  "runtimes\\linux-x64\\native\\libSDL2-2.0.so": "99B95A708381FC66AB2370E45A260527",
  "runtimes\\linux-x64\\native\\libstbi.so": "0945355ED59677D06E3E88F48101BB26",
  "runtimes\\linux-x86\\native\\libe_sqlite3.so": "5E0659B414CBD6DDC38C65582485853E",
  "runtimes\\osx-x64\\native\\libe_sqlite3.dylib": "F82AE134FCD1C080A69D775591406673",
  "runtimes\\osx-x64\\native\\libglfw.3.dylib": "1E30FAB2F0C40E82290AD4B0BF14A880",
  "runtimes\\osx-x64\\native\\libSDL2-2.0.dylib": "AAC958490586C67395F0A90903AE3747",
  "runtimes\\osx-x64\\native\\libstbi.dylib": "0B84B0A6A80178266018081C3CAB68E6",
  "runtimes\\win-arm\\native\\e_sqlite3.dll": "1588ABFA40EDD00685AB2282FFCF75BE",
  "runtimes\\win-arm64\\native\\e_sqlite3.dll": "2D90754D41EC354FC43DCD1F7ED2A6BD",
  "runtimes\\win-x64\\native\\cimgui.dll": "B5A815DA6625C1BDAD0FE014383986C1",
  "runtimes\\win-x64\\native\\cimguizmo.dll": "B43A67C9A8AD1442A78EC81FA305B502",
  "runtimes\\win-x64\\native\\cimplot.dll": "F73F70C8877CEF6CFCB4F078080D81D1",
  "runtimes\\win-x64\\native\\e_sqlite3.dll": "03924158C6C464383FBEC4EEC3B9AE69",
  "runtimes\\win-x64\\native\\glfw3.dll": "5093A09B0EF9B067248F356A0E92D016",
  "runtimes\\win-x64\\native\\minhook.x64d.dll": "FF6EF74E5D913AE38DB0B12B02D3385E",
  "runtimes\\win-x64\\native\\SDL2.dll": "30169F3A8FEBE01840413EF29D0B01CD",
  "runtimes\\win-x64\\native\\stbi.dll": "DE7B919C5F5DC53205C5DAE8218EA3FA",
  "runtimes\\win-x64\\native\\stbi.lib": "927C214DE576219E1F80DBE7798A0502",
  "runtimes\\win-x86\\native\\e_sqlite3.dll": "8B6C778E82CFAE2D3C5478A29AF53F21",
  "runtimes\\win-x86\\native\\glfw3.dll": "844DDCB68BBD03FEBEDC244C8E8C11E4",
  "runtimes\\win-x86\\native\\SDL2.dll": "4161578BE961EA3E089A74BDA091A30B",
  "targets\\Dalamud.Plugin.Bootstrap.targets": "C85635161398CD9852CF7212DB7EB904",
  "targets\\Dalamud.Plugin.targets": "E2AA900DB1F6596D1C203D4112A10F5E",
  "BitFaster.Caching.dll": "1DC2AEFB748BCC9596F4107CD26CFFE3",
  "CheapLoc.dll": "EE959A0E2CB4163F74831A1F71259057",
  "Costura.dll": "A6B3DD317B6AF7BC016825844344D4F3",
  "Dalamud.Boot.dll": "D0F69567E847BCB79DFE43611EE9E66B",
  "Dalamud.Common.dll": "91BA5CE50858CBE4C593269D5940DF3F",
  "Dalamud.deps.json": "4652E9097F6FEEE0D95B1516EACBD4B4",
  "Dalamud.dll": "A76A0D0619DC4F879820B9163B2B6C6D",
  "Dalamud.Injector.deps.json": "C1FA0941DC8B38E415776C60C508AAB9",
  "Dalamud.Injector.dll": "DE3404DEB20A1B3AFBC5A27706F3ADA7",
  "Dalamud.Injector.exe": "35977A834E2DF995218EED89FF30C239",
  "Dalamud.Injector.runtimeconfig.json": "B9BB65FFE7924D4D8BABE9FA66303200",
  "Dalamud.Injector.xml": "D41E5DF541D19A015215E777D7395C9C",
  "Dalamud.runtimeconfig.json": "2A9CD915428BDD175E0889BD0C225F75",
  "Dalamud.xml": "44251F1B3F5A4796EA7A75EA325711BE",
  "DalamudCrashHandler.exe": "CE9CD5700FB73C33D88B11F40C936FB9",
  "FASM-LICENSE.TXT": "ECEA1D10811221D5F0A3E96F9C38E2C7",
  "FASM.DLL": "DC138E03A5C5F596CE46222B9B12EE82",
  "FASMX64.DLL": "FF2EBB33622295B9FA42D7CFE9E19EB0",
  "FFXIVClientStructs.dll": "637C1AF5C8D1BA24FACDAE38EE5C2175",
  "FFXIVClientStructs.xml": "83482E8676A348ED9F8F7113C63973D0",
  "goaaats.Reloaded.Assembler.targets": "CC22CB0A353E2136EE9E6E96DB9F7164",
  "Iced.dll": "D3205135C3C9A3E03E98306162A95675",
  "ImGui.NET.dll": "59051C3D725C5D4F3EC82EF859CEEC55",
  "ImGuiScene.dll": "DF12084319D98A54811409F3F9D03759",
  "InteropGenerator.Runtime.dll": "558439C6EE77681FA7E92C76DA3C4071",
  "JetBrains.Annotations.dll": "E2ED5D787EA5BB6F7F16C8AB693E58B3",
  "licenses.txt": "A159BE62AA91178EFC3E3983AE874D1D",
  "Lumina.dll": "0E96928CC18CDCCD0E81FC9289A70558",
  "Lumina.Excel.dll": "A773A4DCC628E66CC7C5FDFD8C55B588",
  "Microsoft.Bcl.HashCode.dll": "613AB56061ADF2284E047025207467E0",
  "Microsoft.DotNet.PlatformAbstractions.dll": "00AB0F02B1114C57C758F5AD595224F1",
  "Microsoft.Extensions.DependencyModel.dll": "F39BC76C10CFEA478C936FC4521A9FC9",
  "Microsoft.Extensions.ObjectPool.dll": "FEE3CE8A84417360CC5ED787ED6F7DB1",
  "MinSharp.dll": "619E1D4676C57ED1BC4DB7F46F0E3DDA",
  "Mono.Cecil.dll": "45F58731EBDA162259C0A0117306B614",
  "Mono.Cecil.Mdb.dll": "3B2441E5321BF54D9A558737E79260DD",
  "Mono.Cecil.Pdb.dll": "07DE011EEA2ECF802A83563AFEDBB320",
  "Mono.Cecil.Rocks.dll": "B875B5CF712F4A9F72928116F4860F07",
  "nethost.dll": "012081214FE71F0F6ADCD9F4A71B2B00",
  "Newtonsoft.Json.dll": "86A83A63F12B55FD3718CFBFB577D7DC",
  "PeNet.Asn1.dll": "E3E49EE10824BD3963D0477B969FCF8D",
  "PeNet.dll": "22F0A3095554E1CDBFFCF73BC38CC5EE",
  "PInvoke.AdvApi32.dll": "34EE461D05B403C3A15D0DEC32A3788C",
  "PInvoke.BCrypt.dll": "FD07758EE1440491F22923084109FF26",
  "PInvoke.Cabinet.dll": "333D950E3804735DA60CC41D614C63E2",
  "PInvoke.CfgMgr32.dll": "768BE7CC18EDCF78B296A72ABE891691",
  "PInvoke.Crypt32.dll": "E7B00B0851738F4A7F2C6D37DAA973B4",
  "PInvoke.DbgHelp.dll": "E701136169620D20E3A70B560DE20E44",
  "PInvoke.DwmApi.dll": "ACF223CC8962404056648815B486F7D9",
  "PInvoke.Gdi32.dll": "69FF434826F98582CE44D3136ECFFACB",
  "PInvoke.Hid.dll": "2E7A41257F8AD9B26073181F450CD8E5",
  "PInvoke.ImageHlp.dll": "79BE816E8D86EA66489D7780DD675D49",
  "PInvoke.IPHlpApi.dll": "E949FA3326D1BA8872B179AB4EE49D38",
  "PInvoke.Kernel32.dll": "234E15B122ED430DE99490CA1A204958",
  "PInvoke.Magnification.dll": "C9EA3D34F506741ECC044DB19C151F09",
  "PInvoke.Msi.dll": "69EE50CE2DA6B55755E52589F49A7EBC",
  "PInvoke.NCrypt.dll": "DA1DE76C14D99370CA3BEF19DC299B15",
  "PInvoke.NetApi32.dll": "AE79F9FA2E3864A5E0642AE4622ECDC5",
  "PInvoke.NewDev.dll": "B3E1992105D986EF9C5C8E4B630FBB07",
  "PInvoke.NTDll.dll": "3F6BDF840EB27DD0FD9EB8071822183A",
  "PInvoke.Ole32.dll": "3C49FB100B60519FFE725BCD12A538F6",
  "PInvoke.Psapi.dll": "A7683EE4B880227F01C8AE632A892B9E",
  "PInvoke.SetupApi.dll": "1B7AE321185D0081D1759A9AD829F9BA",
  "PInvoke.SHCore.dll": "F27E7F063D51480F6D2294C903E4A606",
  "PInvoke.Shell32.dll": "F71A1BCAF6478190691170DAEA77722F",
  "PInvoke.User32.dll": "8BEDE38311ED4F27127290B81B8079FD",
  "PInvoke.Userenv.dll": "FEB7BCA90B8C905EC2F4BB0789847131",
  "PInvoke.UxTheme.dll": "8E683C016250CB719FDB9AAAFC22B3C5",
  "PInvoke.Windows.Core.dll": "90015440A44935208FFEA9BF61740651",
  "PInvoke.Windows.ShellScalingApi.dll": "F351B34B8C9183A51CADFDC279357C49",
  "PInvoke.WinUsb.dll": "9EB8A0280F2848D1A32B560A939F7336",
  "PInvoke.WtsApi32.dll": "341C94455D2E5893DBE4293D4D67AA4D",
  "Reloaded.Assembler.dll": "06E04317EC09B608F05F9816F9D88AA3",
  "Reloaded.Hooks.Definitions.dll": "6F0BC47A796584B86730446A74F05ED4",
  "Reloaded.Hooks.dll": "517999974215984E68B29EFBFCBBCCAA",
  "Reloaded.Memory.Buffers.dll": "62DFEC080A9266DEDC8C2172CFE8A1EB",
  "Reloaded.Memory.dll": "51010F74766C5A6887FECF575CFCCB52",
  "revision.txt": "C731077C04035AC9E92A3706288DB18F",
  "SDL2-CS.config": "65557595FD5DF55D93B2BF881DE62C3A",
  "SDL2-CS.dll": "27CD8D7B9FEE3FF9E3C31709CF4D5C4A",
  "Serilog.dll": "AAFC3756620537A1F256CF7AF496C382",
  "Serilog.Sinks.Async.dll": "49CA0C15F5423BBE5CB2F5CD07532906",
  "Serilog.Sinks.Console.dll": "F896F3C780A948C982F8EE9036A8FD38",
  "Serilog.Sinks.File.dll": "9C93E29C30846AA05B4D43CB073C57B4",
  "SharpDX.Direct3D11.dll": "2CB1B92B2DCD81DB08B82516F1B32845",
  "SharpDX.dll": "7740D97F7E4DBE23B3CF695C92D50EF8",
  "SharpDX.DXGI.dll": "6D9110ED75250E919624F844DAE17494",
  "SharpDX.Mathematics.dll": "F45961CCB5E65BB774C3C24EA95EB91D",
  "Silk.NET.Core.dll": "CF548DA6CBE76A6EBE914DC002AE1A42",
  "Silk.NET.GLFW.dll": "A2284A4A32E3E2DD8A9E015A495D9756",
  "Silk.NET.Maths.dll": "565342E0D6BD7B219A65A359564CF82D",
  "Silk.NET.OpenGL.dll": "52A0545A4B30077E956CB5FF41A3C50A",
  "Silk.NET.SDL.dll": "35B4785E232D6B46711B9160526AD3F0",
  "Silk.NET.Windowing.Common.dll": "5FB60D5CDA5CA802CBC11D764858A52B",
  "Silk.NET.Windowing.Glfw.dll": "D79191C4BA68B472C9B1013DFA392CEC",
  "Silk.NET.Windowing.Sdl.dll": "EC9DE9ADCFF713DB0573C293F9CCD8AB",
  "SQLite-net.dll": "C7D7BB8F0CEB4255B8FA79CADB5733D5",
  "SQLitePCLRaw.batteries_v2.dll": "4BB09B0425F06216FD4223BDE5F512BE",
  "SQLitePCLRaw.core.dll": "FC238940538DFBE23CC362363CCD6C62",
  "SQLitePCLRaw.nativelibrary.dll": "E5F3A17295A7DD87117FC8C87095A0BD",
  "SQLitePCLRaw.provider.dynamic_cdecl.dll": "87B9D513FDBA4D7A07925145F7DC4C42",
  "StbiSharp.dll": "0B845544E0C3E68B616CB95B35926304",
  "System.Reactive.dll": "EF5A00287AD15393D41B12AA4B726FF7",
  "System.Reflection.MetadataLoadContext.dll": "7EC41D41F4E1246757BA3E2EC862D562",
  "System.Security.Cryptography.Pkcs.dll": "8950E01996A37E808BE3F39063C37BF9",
  "TEMP_gitver.txt": "091FB9605F5FB9C2F0F3FC8570AD111E",
  "TerraFX.Interop.Windows.dll": "84F7EF6B0DE91F8CC23F773D3FD6DEC0",
  "Validation.dll": "FA0EBC7316B4563E39F5F8C48FA4DDE8"
}
