{
  "runtimes\\alpine-x64\\native\\libe_sqlite3.so": "39C244FEDBCD3DFC37041D4FCE1AE21D",
  "runtimes\\linux-arm\\native\\libe_sqlite3.so": "96CF54BC0EFB83D6E3F5F3E04997A59D",
  "runtimes\\linux-arm64\\native\\libe_sqlite3.so": "F079E55E7F3F9966A4A2052A3234E068",
  "runtimes\\linux-armel\\native\\libe_sqlite3.so": "C5A67D49434FC65D64E9C15778078C76",
  "runtimes\\linux-mips64\\native\\libe_sqlite3.so": "5F8461214089CFC677D46C19B7162161",
  "runtimes\\linux-musl-x64\\native\\libe_sqlite3.so": "39C244FEDBCD3DFC37041D4FCE1AE21D",
  "runtimes\\linux-x64\\native\\libe_sqlite3.so": "6F49C540D3AB9964D67A4A704C3D262D",
  "runtimes\\linux-x64\\native\\libglfw.so.3": "9E3137144F68B9E9793F4C7AD5B1BEA7",
  "runtimes\\linux-x64\\native\\libSDL2-2.0.so": "99B95A708381FC66AB2370E45A260527",
  "runtimes\\linux-x64\\native\\libstbi.so": "0945355ED59677D06E3E88F48101BB26",
  "runtimes\\linux-x86\\native\\libe_sqlite3.so": "5E0659B414CBD6DDC38C65582485853E",
  "runtimes\\osx-x64\\native\\libe_sqlite3.dylib": "F82AE134FCD1C080A69D775591406673",
  "runtimes\\osx-x64\\native\\libglfw.3.dylib": "1E30FAB2F0C40E82290AD4B0BF14A880",
  "runtimes\\osx-x64\\native\\libSDL2-2.0.dylib": "AAC958490586C67395F0A90903AE3747",
  "runtimes\\osx-x64\\native\\libstbi.dylib": "0B84B0A6A80178266018081C3CAB68E6",
  "runtimes\\win-arm\\native\\e_sqlite3.dll": "57457571653D74ACCE0C488BCC0CA8CB",
  "runtimes\\win-arm64\\native\\e_sqlite3.dll": "334A99A658A310D938E148D1D9D8491C",
  "runtimes\\win-x64\\native\\cimgui.dll": "DBAF42E690633ED91D4E51B0D55C57D0",
  "runtimes\\win-x64\\native\\cimguizmo.dll": "3F4AECFA49FC9E699C474A3333EA2D87",
  "runtimes\\win-x64\\native\\cimplot.dll": "420A1D0D1FA31D23026878E923209116",
  "runtimes\\win-x64\\native\\e_sqlite3.dll": "4550B0AFCF620B86DF09A8964ECAC35E",
  "runtimes\\win-x64\\native\\glfw3.dll": "B46C5DFC637F6526FB258340DFB5488F",
  "runtimes\\win-x64\\native\\minhook.x64d.dll": "4D9C9E1BFD8F4530AA7A72E65D3E0A16",
  "runtimes\\win-x64\\native\\SDL2.dll": "78BBBFF701F941D1BE42E14D4B0DC0BA",
  "runtimes\\win-x64\\native\\stbi.dll": "69E9D84B348F88CE540666E02A0AC75D",
  "runtimes\\win-x64\\native\\stbi.lib": "927C214DE576219E1F80DBE7798A0502",
  "runtimes\\win-x86\\native\\e_sqlite3.dll": "B2534CF6838B2185EF514BC031647697",
  "runtimes\\win-x86\\native\\glfw3.dll": "A4D20092D4E888C4692740A7FEE6AFA2",
  "runtimes\\win-x86\\native\\SDL2.dll": "5C5B5641F48095B54DFA2062B9B717F8",
  "targets\\Dalamud.Plugin.Bootstrap.targets": "C85635161398CD9852CF7212DB7EB904",
  "targets\\Dalamud.Plugin.targets": "DDD731601C06B16E10CF2F8990452A27",
  "BitFaster.Caching.dll": "088A294BC2E1C72684DE7AE5586058C4",
  "CheapLoc.dll": "E65A1B3CCB3547B6E38C4884B0973804",
  "Costura.dll": "5C9164688E255A2CD5494EE5E2C83A9A",
  "Dalamud.Boot.dll": "AA51A8E95A68C9F57431E811B3A40D0D",
  "Dalamud.Common.dll": "876E3D352D653EE651AB0672AEED744C",
  "Dalamud.deps.json": "0B36E19377BD1CB30AD7C19F0975F2D9",
  "Dalamud.dll": "B489E1740F67B05C4194B9AA39A05C11",
  "Dalamud.Injector.deps.json": "C1FA0941DC8B38E415776C60C508AAB9",
  "Dalamud.Injector.dll": "B69FC7D173F1FB0D5451CD9B0C330D32",
  "Dalamud.Injector.exe": "69DAD09B86A7F3AD8EC05B678840369D",
  "Dalamud.Injector.runtimeconfig.json": "B9BB65FFE7924D4D8BABE9FA66303200",
  "Dalamud.Injector.xml": "D41E5DF541D19A015215E777D7395C9C",
  "Dalamud.runtimeconfig.json": "2A9CD915428BDD175E0889BD0C225F75",
  "Dalamud.xml": "E770BA46C5AB1E1E2E7372DC0A7F3FED",
  "DalamudCrashHandler.exe": "889450A67E8B95078C9DE9A4F86C0FB1",
  "FASM-LICENSE.TXT": "ECEA1D10811221D5F0A3E96F9C38E2C7",
  "FASM.DLL": "1A95DE8F0F070829AC1402BF95D0396A",
  "FASMX64.DLL": "F36F0550CA1FDA3B057D542C3D1E5238",
  "FFXIVClientStructs.dll": "4BB22512C8390C2B1DB98C3F1773E8BD",
  "FFXIVClientStructs.xml": "B376624435E54BBA877D29E845860A8C",
  "goaaats.Reloaded.Assembler.targets": "CC22CB0A353E2136EE9E6E96DB9F7164",
  "Iced.dll": "923F395424F23DDEEF3C36115178C5CC",
  "ImGui.NET.dll": "04891F04B94C39AEB536FDFBBFE276E1",
  "ImGuiScene.dll": "B4B25E2198420963A938020BE051D573",
  "InteropGenerator.Runtime.dll": "A74507B72DF6EFEDDA007D6EBD493590",
  "JetBrains.Annotations.dll": "C97687C1DB480E835179DFB10DFE21F2",
  "licenses.txt": "A159BE62AA91178EFC3E3983AE874D1D",
  "Lumina.dll": "025D7A4708864F693F26A178C272772F",
  "Lumina.Excel.dll": "225AE9CF6BC76AD9A62B7CEB5411AD6A",
  "Microsoft.Bcl.HashCode.dll": "613AB56061ADF2284E047025207467E0",
  "Microsoft.DotNet.PlatformAbstractions.dll": "00AB0F02B1114C57C758F5AD595224F1",
  "Microsoft.Extensions.DependencyModel.dll": "F39BC76C10CFEA478C936FC4521A9FC9",
  "Microsoft.Extensions.ObjectPool.dll": "FEE3CE8A84417360CC5ED787ED6F7DB1",
  "MinSharp.dll": "3F4C2E6E306445A2BCEBB977EF05C857",
  "Mono.Cecil.dll": "8E1820604E4B6B48BE4BB642637B212F",
  "Mono.Cecil.Mdb.dll": "D352391E7FFBEA444D840D337AEA75B8",
  "Mono.Cecil.Pdb.dll": "50760A1591197F5FD3DB052E3A7529E6",
  "Mono.Cecil.Rocks.dll": "80AB237FF5D3B413B81B834280DD081E",
  "nethost.dll": "012081214FE71F0F6ADCD9F4A71B2B00",
  "Newtonsoft.Json.dll": "86A83A63F12B55FD3718CFBFB577D7DC",
  "PeNet.Asn1.dll": "62FA457BD33A5A57081E3ADB3A40E3CE",
  "PeNet.dll": "13E41EF0B33C2321400C6C41BC46E324",
  "PInvoke.AdvApi32.dll": "34EE461D05B403C3A15D0DEC32A3788C",
  "PInvoke.BCrypt.dll": "FD07758EE1440491F22923084109FF26",
  "PInvoke.Cabinet.dll": "333D950E3804735DA60CC41D614C63E2",
  "PInvoke.CfgMgr32.dll": "768BE7CC18EDCF78B296A72ABE891691",
  "PInvoke.Crypt32.dll": "E7B00B0851738F4A7F2C6D37DAA973B4",
  "PInvoke.DbgHelp.dll": "E701136169620D20E3A70B560DE20E44",
  "PInvoke.DwmApi.dll": "ACF223CC8962404056648815B486F7D9",
  "PInvoke.Gdi32.dll": "69FF434826F98582CE44D3136ECFFACB",
  "PInvoke.Hid.dll": "2E7A41257F8AD9B26073181F450CD8E5",
  "PInvoke.ImageHlp.dll": "79BE816E8D86EA66489D7780DD675D49",
  "PInvoke.IPHlpApi.dll": "E949FA3326D1BA8872B179AB4EE49D38",
  "PInvoke.Kernel32.dll": "234E15B122ED430DE99490CA1A204958",
  "PInvoke.Magnification.dll": "C9EA3D34F506741ECC044DB19C151F09",
  "PInvoke.Msi.dll": "69EE50CE2DA6B55755E52589F49A7EBC",
  "PInvoke.NCrypt.dll": "DA1DE76C14D99370CA3BEF19DC299B15",
  "PInvoke.NetApi32.dll": "AE79F9FA2E3864A5E0642AE4622ECDC5",
  "PInvoke.NewDev.dll": "B3E1992105D986EF9C5C8E4B630FBB07",
  "PInvoke.NTDll.dll": "3F6BDF840EB27DD0FD9EB8071822183A",
  "PInvoke.Ole32.dll": "3C49FB100B60519FFE725BCD12A538F6",
  "PInvoke.Psapi.dll": "A7683EE4B880227F01C8AE632A892B9E",
  "PInvoke.SetupApi.dll": "1B7AE321185D0081D1759A9AD829F9BA",
  "PInvoke.SHCore.dll": "F27E7F063D51480F6D2294C903E4A606",
  "PInvoke.Shell32.dll": "F71A1BCAF6478190691170DAEA77722F",
  "PInvoke.User32.dll": "8BEDE38311ED4F27127290B81B8079FD",
  "PInvoke.Userenv.dll": "FEB7BCA90B8C905EC2F4BB0789847131",
  "PInvoke.UxTheme.dll": "8E683C016250CB719FDB9AAAFC22B3C5",
  "PInvoke.Windows.Core.dll": "90015440A44935208FFEA9BF61740651",
  "PInvoke.Windows.ShellScalingApi.dll": "F351B34B8C9183A51CADFDC279357C49",
  "PInvoke.WinUsb.dll": "9EB8A0280F2848D1A32B560A939F7336",
  "PInvoke.WtsApi32.dll": "341C94455D2E5893DBE4293D4D67AA4D",
  "Reloaded.Assembler.dll": "EBB18129EB3CB061467EFA5F7D257E02",
  "Reloaded.Hooks.Definitions.dll": "B5FDBFC0D6F7339C4F487DE3EC10FE9D",
  "Reloaded.Hooks.dll": "2B70ECBF649FF2E1AD12159AF50B9F1E",
  "Reloaded.Memory.Buffers.dll": "1465216C2580102C2386AF8BBE6BE66B",
  "Reloaded.Memory.dll": "69B1DB2A796EE8115653FED9C88C137F",
  "revision.txt": "FE663A72B27BDC613873FBBB512F6F67",
  "SDL2-CS.config": "65557595FD5DF55D93B2BF881DE62C3A",
  "SDL2-CS.dll": "6F98F62BB63B5F3F39407A776556CDB3",
  "Serilog.dll": "0E098E04577DFEFD07CC6312D4A4CC76",
  "Serilog.Sinks.Async.dll": "E6F1704A3F245D0C9E9E3D31EDAAC1CD",
  "Serilog.Sinks.Console.dll": "226BC61169EBD3BA186A41146CC0CC70",
  "Serilog.Sinks.File.dll": "919ECBF9609B5569FDD0FD99A706EDE5",
  "SharpDX.Direct3D11.dll": "0D676A876617595E7FA361B3055E1AAC",
  "SharpDX.dll": "537EE5E8474151F334263CC894B4A2CF",
  "SharpDX.DXGI.dll": "0B0BCA978C86D561C34E0BB11AE36A70",
  "SharpDX.Mathematics.dll": "811EA9328E5D283CBEC292B3A88250C7",
  "Silk.NET.Core.dll": "369F35E5F39E56A0B269B76310D13CF3",
  "Silk.NET.GLFW.dll": "A56025A1F85250939DD256EE36D85810",
  "Silk.NET.Maths.dll": "B504F6E50680FE43CFA80BDADC7CE46D",
  "Silk.NET.OpenGL.dll": "4FEE16AEC402D4826E8B8DBEA01E6706",
  "Silk.NET.SDL.dll": "27AF809B59CFCCB20D19013D451DE309",
  "Silk.NET.Windowing.Common.dll": "905DB4F79EFE87133BEF84EF3E0CA0D2",
  "Silk.NET.Windowing.Glfw.dll": "E22DA205026D46D7B34F15746D5D4723",
  "Silk.NET.Windowing.Sdl.dll": "2AD698892818E85EDFAFA1811A891FF9",
  "SQLite-net.dll": "C8D43965896EC51543B125D3A8B16682",
  "SQLitePCLRaw.batteries_v2.dll": "689E6EB37248936E0FE7230A4773F6EB",
  "SQLitePCLRaw.core.dll": "D41E633EE6CAAA19BB4EE7AC44FCC5A9",
  "SQLitePCLRaw.nativelibrary.dll": "2C7CC7B897C139E230EE3D5F9243F87D",
  "SQLitePCLRaw.provider.dynamic_cdecl.dll": "55465FB28BD8AA8DD4074D4464632262",
  "StbiSharp.dll": "654AD2EF7AA0E31EA4FC7DA81EC8F555",
  "System.Reactive.dll": "EF5A00287AD15393D41B12AA4B726FF7",
  "System.Reflection.MetadataLoadContext.dll": "7EC41D41F4E1246757BA3E2EC862D562",
  "System.Security.Cryptography.Pkcs.dll": "8950E01996A37E808BE3F39063C37BF9",
  "TEMP_gitver.txt": "2369FAD2B5745C618C6D1F41ADAF3C8F",
  "TerraFX.Interop.Windows.dll": "84F7EF6B0DE91F8CC23F773D3FD6DEC0",
  "Validation.dll": "A35670F72A77CBF01023F458EA0B3A4E"
}
