{
  "runtimes\\alpine-x64\\native\\libe_sqlite3.so": "39C244FEDBCD3DFC37041D4FCE1AE21D",
  "runtimes\\linux-arm\\native\\libe_sqlite3.so": "96CF54BC0EFB83D6E3F5F3E04997A59D",
  "runtimes\\linux-arm64\\native\\libe_sqlite3.so": "F079E55E7F3F9966A4A2052A3234E068",
  "runtimes\\linux-armel\\native\\libe_sqlite3.so": "C5A67D49434FC65D64E9C15778078C76",
  "runtimes\\linux-mips64\\native\\libe_sqlite3.so": "5F8461214089CFC677D46C19B7162161",
  "runtimes\\linux-musl-x64\\native\\libe_sqlite3.so": "39C244FEDBCD3DFC37041D4FCE1AE21D",
  "runtimes\\linux-x64\\native\\libe_sqlite3.so": "6F49C540D3AB9964D67A4A704C3D262D",
  "runtimes\\linux-x64\\native\\libglfw.so.3": "9E3137144F68B9E9793F4C7AD5B1BEA7",
  "runtimes\\linux-x64\\native\\libSDL2-2.0.so": "99B95A708381FC66AB2370E45A260527",
  "runtimes\\linux-x64\\native\\libstbi.so": "0945355ED59677D06E3E88F48101BB26",
  "runtimes\\linux-x86\\native\\libe_sqlite3.so": "5E0659B414CBD6DDC38C65582485853E",
  "runtimes\\osx-x64\\native\\libe_sqlite3.dylib": "F82AE134FCD1C080A69D775591406673",
  "runtimes\\osx-x64\\native\\libglfw.3.dylib": "1E30FAB2F0C40E82290AD4B0BF14A880",
  "runtimes\\osx-x64\\native\\libSDL2-2.0.dylib": "AAC958490586C67395F0A90903AE3747",
  "runtimes\\osx-x64\\native\\libstbi.dylib": "0B84B0A6A80178266018081C3CAB68E6",
  "runtimes\\win-arm\\native\\e_sqlite3.dll": "6EF71BD7A3F6B2280548C1BF47ABE643",
  "runtimes\\win-arm64\\native\\e_sqlite3.dll": "AF085784FF8E8E343ED21F70E573C40E",
  "runtimes\\win-x64\\native\\cimgui.dll": "4D251F0150C313061FC6A639871AF4B0",
  "runtimes\\win-x64\\native\\cimguizmo.dll": "31A5CDECB7A022ADEFA693EB13AE099F",
  "runtimes\\win-x64\\native\\cimplot.dll": "0E28007B17CEA563F3C31C6C308E93E7",
  "runtimes\\win-x64\\native\\e_sqlite3.dll": "6F174452371BCC41AA9B75636395A9EC",
  "runtimes\\win-x64\\native\\glfw3.dll": "7B22F48F49D2FB9E0FB99C48E74F667E",
  "runtimes\\win-x64\\native\\minhook.x64d.dll": "81D94FFD6D6BDF67DE42764F41034C29",
  "runtimes\\win-x64\\native\\SDL2.dll": "39355831C2B6CCAB70492A6C5FE81F9E",
  "runtimes\\win-x64\\native\\stbi.dll": "C4ED3379E67FEE66812B4EE8C9B6A37A",
  "runtimes\\win-x64\\native\\stbi.lib": "927C214DE576219E1F80DBE7798A0502",
  "runtimes\\win-x86\\native\\e_sqlite3.dll": "5847AFE8296192CDE68FCA25B27C7930",
  "runtimes\\win-x86\\native\\glfw3.dll": "942187DB34146C62ECFD25FA12DC73CB",
  "runtimes\\win-x86\\native\\SDL2.dll": "A1EE3E0658E8263F92B8D29435FBBF31",
  "targets\\Dalamud.Plugin.Bootstrap.targets": "C85635161398CD9852CF7212DB7EB904",
  "targets\\Dalamud.Plugin.targets": "DDD731601C06B16E10CF2F8990452A27",
  "BitFaster.Caching.dll": "73D211794FC3BFC71F33133E6D45E6BE",
  "CheapLoc.dll": "9D7C9C97623B433B807D652BE4BC6AE9",
  "Costura.dll": "4B96B118E30CACE45765E5B05CC82A17",
  "Dalamud.Boot.dll": "AF2BDC9F58DAAD727187870694DB16F1",
  "Dalamud.Common.dll": "5A0E631F0F2197AC47356412764069BA",
  "Dalamud.deps.json": "0B36E19377BD1CB30AD7C19F0975F2D9",
  "Dalamud.dll": "D46D979E91060F6B8F83D9AFEFB1579B",
  "Dalamud.Injector.deps.json": "C1FA0941DC8B38E415776C60C508AAB9",
  "Dalamud.Injector.dll": "1BD1C8DA1EE6BAA13C4A5252B40ED229",
  "Dalamud.Injector.exe": "E263E7F47BB5B3860DA3B741FC82D100",
  "Dalamud.Injector.runtimeconfig.json": "B9BB65FFE7924D4D8BABE9FA66303200",
  "Dalamud.Injector.xml": "D41E5DF541D19A015215E777D7395C9C",
  "Dalamud.runtimeconfig.json": "2A9CD915428BDD175E0889BD0C225F75",
  "Dalamud.xml": "DE0DCC96FE29DA190765CC8D18531384",
  "DalamudCrashHandler.exe": "449FBFA5B371F1D00521FACA5E0EB56D",
  "FASM-LICENSE.TXT": "ECEA1D10811221D5F0A3E96F9C38E2C7",
  "FASM.DLL": "E59C1AF0B25C4DF080D59EC32A0FCD8F",
  "FASMX64.DLL": "E4A53336556EED86B13117098AEA9E91",
  "FFXIVClientStructs.dll": "1B88C57B7A0B4584A1D3233BE8D07FF9",
  "FFXIVClientStructs.xml": "9A9DE6FDA4A4671DA9E34CCFC26D443D",
  "goaaats.Reloaded.Assembler.targets": "CC22CB0A353E2136EE9E6E96DB9F7164",
  "Iced.dll": "F6B057A95D2212C16C314E6A6049E249",
  "ImGui.NET.dll": "74449DF37842F0A6D3BDBB8C53DB1BBA",
  "ImGuiScene.dll": "7CA41F8F80EB7AE66A624C19EB581F43",
  "InteropGenerator.Runtime.dll": "7D35B7CAB03BA41703A4BF45AACA3B0A",
  "JetBrains.Annotations.dll": "2853F04C86D581FDBCD61E3455D3296C",
  "licenses.txt": "A159BE62AA91178EFC3E3983AE874D1D",
  "Lumina.dll": "8271FA0DE8CD7715D12168EE38220CDF",
  "Lumina.Excel.dll": "23594D2DED37E442BACB71CB51804C59",
  "Microsoft.Bcl.HashCode.dll": "613AB56061ADF2284E047025207467E0",
  "Microsoft.DotNet.PlatformAbstractions.dll": "00AB0F02B1114C57C758F5AD595224F1",
  "Microsoft.Extensions.DependencyModel.dll": "F39BC76C10CFEA478C936FC4521A9FC9",
  "Microsoft.Extensions.ObjectPool.dll": "FEE3CE8A84417360CC5ED787ED6F7DB1",
  "MinSharp.dll": "EE8403008F7F37F0E79962D96F010507",
  "Mono.Cecil.dll": "D40930C14E524CE12D72293F684D7B29",
  "Mono.Cecil.Mdb.dll": "C73D231893164958FDAF2ED46A199D98",
  "Mono.Cecil.Pdb.dll": "7A61FBB5A355139EF0A4C03E398DBE27",
  "Mono.Cecil.Rocks.dll": "CB69837E6C055C45D58BF392964277F4",
  "nethost.dll": "012081214FE71F0F6ADCD9F4A71B2B00",
  "Newtonsoft.Json.dll": "86A83A63F12B55FD3718CFBFB577D7DC",
  "PeNet.Asn1.dll": "BC63C4E9E4F572313C20145B813E391F",
  "PeNet.dll": "9792855902D6ABFCCA4776C342A28A9A",
  "PInvoke.AdvApi32.dll": "34EE461D05B403C3A15D0DEC32A3788C",
  "PInvoke.BCrypt.dll": "FD07758EE1440491F22923084109FF26",
  "PInvoke.Cabinet.dll": "333D950E3804735DA60CC41D614C63E2",
  "PInvoke.CfgMgr32.dll": "768BE7CC18EDCF78B296A72ABE891691",
  "PInvoke.Crypt32.dll": "E7B00B0851738F4A7F2C6D37DAA973B4",
  "PInvoke.DbgHelp.dll": "E701136169620D20E3A70B560DE20E44",
  "PInvoke.DwmApi.dll": "ACF223CC8962404056648815B486F7D9",
  "PInvoke.Gdi32.dll": "69FF434826F98582CE44D3136ECFFACB",
  "PInvoke.Hid.dll": "2E7A41257F8AD9B26073181F450CD8E5",
  "PInvoke.ImageHlp.dll": "79BE816E8D86EA66489D7780DD675D49",
  "PInvoke.IPHlpApi.dll": "E949FA3326D1BA8872B179AB4EE49D38",
  "PInvoke.Kernel32.dll": "234E15B122ED430DE99490CA1A204958",
  "PInvoke.Magnification.dll": "C9EA3D34F506741ECC044DB19C151F09",
  "PInvoke.Msi.dll": "69EE50CE2DA6B55755E52589F49A7EBC",
  "PInvoke.NCrypt.dll": "DA1DE76C14D99370CA3BEF19DC299B15",
  "PInvoke.NetApi32.dll": "AE79F9FA2E3864A5E0642AE4622ECDC5",
  "PInvoke.NewDev.dll": "B3E1992105D986EF9C5C8E4B630FBB07",
  "PInvoke.NTDll.dll": "3F6BDF840EB27DD0FD9EB8071822183A",
  "PInvoke.Ole32.dll": "3C49FB100B60519FFE725BCD12A538F6",
  "PInvoke.Psapi.dll": "A7683EE4B880227F01C8AE632A892B9E",
  "PInvoke.SetupApi.dll": "1B7AE321185D0081D1759A9AD829F9BA",
  "PInvoke.SHCore.dll": "F27E7F063D51480F6D2294C903E4A606",
  "PInvoke.Shell32.dll": "F71A1BCAF6478190691170DAEA77722F",
  "PInvoke.User32.dll": "8BEDE38311ED4F27127290B81B8079FD",
  "PInvoke.Userenv.dll": "FEB7BCA90B8C905EC2F4BB0789847131",
  "PInvoke.UxTheme.dll": "8E683C016250CB719FDB9AAAFC22B3C5",
  "PInvoke.Windows.Core.dll": "90015440A44935208FFEA9BF61740651",
  "PInvoke.Windows.ShellScalingApi.dll": "F351B34B8C9183A51CADFDC279357C49",
  "PInvoke.WinUsb.dll": "9EB8A0280F2848D1A32B560A939F7336",
  "PInvoke.WtsApi32.dll": "341C94455D2E5893DBE4293D4D67AA4D",
  "Reloaded.Assembler.dll": "F2C8001630105A3E80A36A40ACB910A5",
  "Reloaded.Hooks.Definitions.dll": "E402D6EDF6C61D263DBBAF56287D8B81",
  "Reloaded.Hooks.dll": "DDD8A458A391AE0F1C6C2C5B1C41A82E",
  "Reloaded.Memory.Buffers.dll": "187D8C4CCE360D8EE6E2BD1706D6259D",
  "Reloaded.Memory.dll": "0A03F3D5D1E478A2E627200BC7A05D23",
  "revision.txt": "23685A2431ACAD7789C1E3D43EA1522C",
  "SDL2-CS.config": "65557595FD5DF55D93B2BF881DE62C3A",
  "SDL2-CS.dll": "F2CD3A3080904E465628BD3309D41CEB",
  "Serilog.dll": "3A01AED24614034F431FA3F0BFF3DAB7",
  "Serilog.Sinks.Async.dll": "6A7D74156102C3BCE65BC6653EB520E8",
  "Serilog.Sinks.Console.dll": "FB6B18A67CDAFF0AD5941D007E20B9C6",
  "Serilog.Sinks.File.dll": "A9A0B96D90C618B937334C30A9434A32",
  "SharpDX.Direct3D11.dll": "832CA3CFC087F26DAAB2C60BA52B33E0",
  "SharpDX.dll": "9B2D0D2EEDE6914896B731D9FFE3455E",
  "SharpDX.DXGI.dll": "418D4A60C22022F70D22DEFBB2B453AB",
  "SharpDX.Mathematics.dll": "BC6AD9AC5415FD7F0F4A4F1B1699CABC",
  "Silk.NET.Core.dll": "535E88B03E3AA934CDBE76D88F369FDF",
  "Silk.NET.GLFW.dll": "54CB9E727935C5BC7E729328CC347A94",
  "Silk.NET.Maths.dll": "7CA034AA2F605FE7A681AD36DF81B828",
  "Silk.NET.OpenGL.dll": "3CD222458024F3AF16598068F8628026",
  "Silk.NET.SDL.dll": "0E9DA1A94EABA026E31D69158CAD164E",
  "Silk.NET.Windowing.Common.dll": "A3C0E7EFC20B875BD23D82DDE1A13C12",
  "Silk.NET.Windowing.Glfw.dll": "308D8D60D7935DA7EA591A9962F76957",
  "Silk.NET.Windowing.Sdl.dll": "DD577D236D0FA995B227C6D21E5230B8",
  "SQLite-net.dll": "84C1811C5679DF2DE449E0BF569FD493",
  "SQLitePCLRaw.batteries_v2.dll": "36B072817BAE684BA19216C38823A1F1",
  "SQLitePCLRaw.core.dll": "C8E7135BE6A2FDDBA9C2F46141D6CC71",
  "SQLitePCLRaw.nativelibrary.dll": "A962E4D47004F604C67CD5280BA17C52",
  "SQLitePCLRaw.provider.dynamic_cdecl.dll": "B3F3017E79FC763DBB5DBBEA277931DB",
  "StbiSharp.dll": "1CC8C3ED97275573A07D28D9FF3ABFD2",
  "System.Reactive.dll": "EF5A00287AD15393D41B12AA4B726FF7",
  "System.Reflection.MetadataLoadContext.dll": "7EC41D41F4E1246757BA3E2EC862D562",
  "System.Security.Cryptography.Pkcs.dll": "8950E01996A37E808BE3F39063C37BF9",
  "TEMP_gitver.txt": "2FA905B78F1E0CC6EDC9DBCFEA27B63F",
  "TerraFX.Interop.Windows.dll": "84F7EF6B0DE91F8CC23F773D3FD6DEC0",
  "Validation.dll": "488D8B58109ABFF0C5BA5155D6967D2B"
}
