{
  "runtimes\\alpine-x64\\native\\libe_sqlite3.so": "39C244FEDBCD3DFC37041D4FCE1AE21D",
  "runtimes\\linux-arm\\native\\libe_sqlite3.so": "96CF54BC0EFB83D6E3F5F3E04997A59D",
  "runtimes\\linux-arm64\\native\\libe_sqlite3.so": "F079E55E7F3F9966A4A2052A3234E068",
  "runtimes\\linux-armel\\native\\libe_sqlite3.so": "C5A67D49434FC65D64E9C15778078C76",
  "runtimes\\linux-mips64\\native\\libe_sqlite3.so": "5F8461214089CFC677D46C19B7162161",
  "runtimes\\linux-musl-x64\\native\\libe_sqlite3.so": "39C244FEDBCD3DFC37041D4FCE1AE21D",
  "runtimes\\linux-x64\\native\\libe_sqlite3.so": "6F49C540D3AB9964D67A4A704C3D262D",
  "runtimes\\linux-x64\\native\\libglfw.so.3": "9E3137144F68B9E9793F4C7AD5B1BEA7",
  "runtimes\\linux-x64\\native\\libSDL2-2.0.so": "99B95A708381FC66AB2370E45A260527",
  "runtimes\\linux-x64\\native\\libstbi.so": "0945355ED59677D06E3E88F48101BB26",
  "runtimes\\linux-x86\\native\\libe_sqlite3.so": "5E0659B414CBD6DDC38C65582485853E",
  "runtimes\\osx-x64\\native\\libe_sqlite3.dylib": "F82AE134FCD1C080A69D775591406673",
  "runtimes\\osx-x64\\native\\libglfw.3.dylib": "1E30FAB2F0C40E82290AD4B0BF14A880",
  "runtimes\\osx-x64\\native\\libSDL2-2.0.dylib": "AAC958490586C67395F0A90903AE3747",
  "runtimes\\osx-x64\\native\\libstbi.dylib": "0B84B0A6A80178266018081C3CAB68E6",
  "runtimes\\win-arm\\native\\e_sqlite3.dll": "BB67F491FE4F22FD98CABDB0EC0E14C4",
  "runtimes\\win-arm64\\native\\e_sqlite3.dll": "C1F87B923CBD08D3F86D46CD9AD728AA",
  "runtimes\\win-x64\\native\\cimgui.dll": "2D787CF2CFB24BE9A9B5AC1E1F7A060A",
  "runtimes\\win-x64\\native\\cimguizmo.dll": "A00AB151B4CA2D3ABE7CBCC4888829EC",
  "runtimes\\win-x64\\native\\cimplot.dll": "DAE90FB449BB4B8BF1CBAA252779EFA5",
  "runtimes\\win-x64\\native\\e_sqlite3.dll": "57CA00C44B31CA299EF962047229B7FE",
  "runtimes\\win-x64\\native\\glfw3.dll": "2F30495DD4D70B75C3920BDCC56ED175",
  "runtimes\\win-x64\\native\\minhook.x64d.dll": "68348F6E433D81F3EFCCDC07D10D5318",
  "runtimes\\win-x64\\native\\SDL2.dll": "EDF1C31BA6C19DD2A72BEFB9A0F0AF31",
  "runtimes\\win-x64\\native\\stbi.dll": "47F4BCFAD9C91E4EFC2BEB52C80DFB87",
  "runtimes\\win-x64\\native\\stbi.lib": "927C214DE576219E1F80DBE7798A0502",
  "runtimes\\win-x86\\native\\e_sqlite3.dll": "59E5322D7D9748B7D47350A732780DFF",
  "runtimes\\win-x86\\native\\glfw3.dll": "E57F9F03129AAD4AA11B7C1E4529FAF2",
  "runtimes\\win-x86\\native\\SDL2.dll": "DC95BE7F24DDFB7B80888A8A1FB4FB8B",
  "targets\\Dalamud.Plugin.Bootstrap.targets": "C85635161398CD9852CF7212DB7EB904",
  "targets\\Dalamud.Plugin.targets": "E2AA900DB1F6596D1C203D4112A10F5E",
  "BitFaster.Caching.dll": "D2919F106DA5B5AF9BDA65AB072C97F6",
  "CheapLoc.dll": "2F5100CC0E53E7852E359A7494A709A7",
  "Costura.dll": "AAB694EE040A1997B61780DCD61D44FB",
  "Dalamud.Boot.dll": "E6B99237BD9D2B4D6E2E787912DA35CE",
  "Dalamud.Common.dll": "369FB8B7F45A38168F3D7FC909D9E439",
  "Dalamud.deps.json": "4652E9097F6FEEE0D95B1516EACBD4B4",
  "Dalamud.dll": "F0C0D425066D3D651DF80940A7ABB348",
  "Dalamud.Injector.deps.json": "C1FA0941DC8B38E415776C60C508AAB9",
  "Dalamud.Injector.dll": "D6FA01F3CE6077AC8BBAA65F6F4FE2B1",
  "Dalamud.Injector.exe": "6AA9711082CCB289270ACE7F4E09C11D",
  "Dalamud.Injector.runtimeconfig.json": "B9BB65FFE7924D4D8BABE9FA66303200",
  "Dalamud.Injector.xml": "D41E5DF541D19A015215E777D7395C9C",
  "Dalamud.runtimeconfig.json": "2A9CD915428BDD175E0889BD0C225F75",
  "Dalamud.xml": "1879B77ABCBDDA3CE159DAF400AE82F6",
  "DalamudCrashHandler.exe": "B003DFC7F4B8A4BC96AAF3BD49535D0E",
  "FASM-LICENSE.TXT": "ECEA1D10811221D5F0A3E96F9C38E2C7",
  "FASM.DLL": "E7D9295BA0D0D53C1FE65B1499C04E84",
  "FASMX64.DLL": "DEA63215B4333DFD7F443CBABC79C95D",
  "FFXIVClientStructs.dll": "A16A05DF081C2EAE68C04E9F56DC3A94",
  "FFXIVClientStructs.xml": "41B497536B8171A8D6B4F4A66CA9D7B9",
  "goaaats.Reloaded.Assembler.targets": "CC22CB0A353E2136EE9E6E96DB9F7164",
  "Iced.dll": "EA50EB89FB12A21F8E21E2CB0B397EC1",
  "ImGui.NET.dll": "D10EDDA24868A014B9C94C0933DEA9B5",
  "ImGuiScene.dll": "C3A16860900F8051E79F338B1987B712",
  "InteropGenerator.Runtime.dll": "CF6D06CDB56ED148EE611AA757C04CA7",
  "JetBrains.Annotations.dll": "F35353EC07F184033E1A3E0F06D80CA7",
  "licenses.txt": "A159BE62AA91178EFC3E3983AE874D1D",
  "Lumina.dll": "A6C4CEFC60A2A69EFCB958640CE59EF5",
  "Lumina.Excel.dll": "911FF31A16DB16967CAF3B0952ACC231",
  "Microsoft.Bcl.HashCode.dll": "613AB56061ADF2284E047025207467E0",
  "Microsoft.DotNet.PlatformAbstractions.dll": "00AB0F02B1114C57C758F5AD595224F1",
  "Microsoft.Extensions.DependencyModel.dll": "F39BC76C10CFEA478C936FC4521A9FC9",
  "Microsoft.Extensions.ObjectPool.dll": "FEE3CE8A84417360CC5ED787ED6F7DB1",
  "MinSharp.dll": "EF5A57CA78AD54199188EADECFE9D0C5",
  "Mono.Cecil.dll": "59F408D6AD09781BA90588FEFE17BFFB",
  "Mono.Cecil.Mdb.dll": "926DDEDC017C8D4756D639BA3AEB90D8",
  "Mono.Cecil.Pdb.dll": "9F790F9FB6774D28A144197329B6B65D",
  "Mono.Cecil.Rocks.dll": "C0501498C994A96F3BBEB883C282F225",
  "nethost.dll": "012081214FE71F0F6ADCD9F4A71B2B00",
  "Newtonsoft.Json.dll": "86A83A63F12B55FD3718CFBFB577D7DC",
  "PeNet.Asn1.dll": "D654F7581EFE4BBC812E7C8F309071FA",
  "PeNet.dll": "057775E2F34EC1447851272623253676",
  "PInvoke.AdvApi32.dll": "34EE461D05B403C3A15D0DEC32A3788C",
  "PInvoke.BCrypt.dll": "FD07758EE1440491F22923084109FF26",
  "PInvoke.Cabinet.dll": "333D950E3804735DA60CC41D614C63E2",
  "PInvoke.CfgMgr32.dll": "768BE7CC18EDCF78B296A72ABE891691",
  "PInvoke.Crypt32.dll": "E7B00B0851738F4A7F2C6D37DAA973B4",
  "PInvoke.DbgHelp.dll": "E701136169620D20E3A70B560DE20E44",
  "PInvoke.DwmApi.dll": "ACF223CC8962404056648815B486F7D9",
  "PInvoke.Gdi32.dll": "69FF434826F98582CE44D3136ECFFACB",
  "PInvoke.Hid.dll": "2E7A41257F8AD9B26073181F450CD8E5",
  "PInvoke.ImageHlp.dll": "79BE816E8D86EA66489D7780DD675D49",
  "PInvoke.IPHlpApi.dll": "E949FA3326D1BA8872B179AB4EE49D38",
  "PInvoke.Kernel32.dll": "234E15B122ED430DE99490CA1A204958",
  "PInvoke.Magnification.dll": "C9EA3D34F506741ECC044DB19C151F09",
  "PInvoke.Msi.dll": "69EE50CE2DA6B55755E52589F49A7EBC",
  "PInvoke.NCrypt.dll": "DA1DE76C14D99370CA3BEF19DC299B15",
  "PInvoke.NetApi32.dll": "AE79F9FA2E3864A5E0642AE4622ECDC5",
  "PInvoke.NewDev.dll": "B3E1992105D986EF9C5C8E4B630FBB07",
  "PInvoke.NTDll.dll": "3F6BDF840EB27DD0FD9EB8071822183A",
  "PInvoke.Ole32.dll": "3C49FB100B60519FFE725BCD12A538F6",
  "PInvoke.Psapi.dll": "A7683EE4B880227F01C8AE632A892B9E",
  "PInvoke.SetupApi.dll": "1B7AE321185D0081D1759A9AD829F9BA",
  "PInvoke.SHCore.dll": "F27E7F063D51480F6D2294C903E4A606",
  "PInvoke.Shell32.dll": "F71A1BCAF6478190691170DAEA77722F",
  "PInvoke.User32.dll": "8BEDE38311ED4F27127290B81B8079FD",
  "PInvoke.Userenv.dll": "FEB7BCA90B8C905EC2F4BB0789847131",
  "PInvoke.UxTheme.dll": "8E683C016250CB719FDB9AAAFC22B3C5",
  "PInvoke.Windows.Core.dll": "90015440A44935208FFEA9BF61740651",
  "PInvoke.Windows.ShellScalingApi.dll": "F351B34B8C9183A51CADFDC279357C49",
  "PInvoke.WinUsb.dll": "9EB8A0280F2848D1A32B560A939F7336",
  "PInvoke.WtsApi32.dll": "341C94455D2E5893DBE4293D4D67AA4D",
  "Reloaded.Assembler.dll": "1F40C06FF00F9966538A2929677689E4",
  "Reloaded.Hooks.Definitions.dll": "41AD31017B47599B929BD1B8E2D7A871",
  "Reloaded.Hooks.dll": "1D631099AE15A9710A5E2D19D21F916F",
  "Reloaded.Memory.Buffers.dll": "33F31458E088097AE90F293E4D9462AB",
  "Reloaded.Memory.dll": "7BC6E5852DDF66D8DC52593F71051696",
  "revision.txt": "853C68DE7253CDD55DC37BE410A45C60",
  "SDL2-CS.config": "65557595FD5DF55D93B2BF881DE62C3A",
  "SDL2-CS.dll": "3E436B98323C5D6A46DB3D6FFF1E8825",
  "Serilog.dll": "58C972C6DE4507E529BCEDECD3DB0A94",
  "Serilog.Sinks.Async.dll": "992042555F5397C3A349442EDC595F80",
  "Serilog.Sinks.Console.dll": "A683A10AD2FB183DF7B894B0983687F8",
  "Serilog.Sinks.File.dll": "3D67C278461AE1FB3C4A22D960657A6A",
  "SharpDX.Direct3D11.dll": "98E1762BACE3445C1A1BC2D0E2729273",
  "SharpDX.dll": "285E1F131726EABB062BE6A253B07D38",
  "SharpDX.DXGI.dll": "F90C35BBDB92BCAB980E8FB627C69F88",
  "SharpDX.Mathematics.dll": "BE8AF52685C798EB998251D943A94B6C",
  "Silk.NET.Core.dll": "1DDC7B47FE1540D4E0BF99390CD08F03",
  "Silk.NET.GLFW.dll": "C18FF5421223E0B3F523A9BD95B14C41",
  "Silk.NET.Maths.dll": "14EA0B3F24BE0D9222BC44BE0F96104B",
  "Silk.NET.OpenGL.dll": "AB95D9289DA3A75C2E7D1CAC9E7C2190",
  "Silk.NET.SDL.dll": "8568440C4DA5A53CD2CAC3DDCF209731",
  "Silk.NET.Windowing.Common.dll": "40F60FB7C86B536C187360A5F9B1E5BD",
  "Silk.NET.Windowing.Glfw.dll": "8E45782EE03147A650F1EA60101DC3DE",
  "Silk.NET.Windowing.Sdl.dll": "FEBC8F15541CF9E8C07B1A1D89E67679",
  "SQLite-net.dll": "D26A4A8AF5982D56A382A61D47F2DB65",
  "SQLitePCLRaw.batteries_v2.dll": "2750B14C8B3D1A065030F7375F5B877C",
  "SQLitePCLRaw.core.dll": "0A0B6B7DCB0616D3097659B4905FD92E",
  "SQLitePCLRaw.nativelibrary.dll": "C81E35E892947994339911BF3DF388F1",
  "SQLitePCLRaw.provider.dynamic_cdecl.dll": "C5F20355EF018C36FF2EB0003090EBD5",
  "StbiSharp.dll": "A245B06A909DE73C7349CC809DAFB42C",
  "System.Reactive.dll": "EF5A00287AD15393D41B12AA4B726FF7",
  "System.Reflection.MetadataLoadContext.dll": "7EC41D41F4E1246757BA3E2EC862D562",
  "System.Security.Cryptography.Pkcs.dll": "8950E01996A37E808BE3F39063C37BF9",
  "TEMP_gitver.txt": "58C32BED6C372C220700C5618CFECAA2",
  "TerraFX.Interop.Windows.dll": "84F7EF6B0DE91F8CC23F773D3FD6DEC0",
  "Validation.dll": "AE78FA2CFA7F30799F0ACFD315411D2E"
}
