{
  "runtimes\\alpine-x64\\native\\libe_sqlite3.so": "39C244FEDBCD3DFC37041D4FCE1AE21D",
  "runtimes\\linux-arm\\native\\libe_sqlite3.so": "96CF54BC0EFB83D6E3F5F3E04997A59D",
  "runtimes\\linux-arm64\\native\\libe_sqlite3.so": "F079E55E7F3F9966A4A2052A3234E068",
  "runtimes\\linux-armel\\native\\libe_sqlite3.so": "C5A67D49434FC65D64E9C15778078C76",
  "runtimes\\linux-mips64\\native\\libe_sqlite3.so": "5F8461214089CFC677D46C19B7162161",
  "runtimes\\linux-musl-x64\\native\\libe_sqlite3.so": "39C244FEDBCD3DFC37041D4FCE1AE21D",
  "runtimes\\linux-x64\\native\\libe_sqlite3.so": "6F49C540D3AB9964D67A4A704C3D262D",
  "runtimes\\linux-x64\\native\\libglfw.so.3": "9E3137144F68B9E9793F4C7AD5B1BEA7",
  "runtimes\\linux-x64\\native\\libSDL2-2.0.so": "99B95A708381FC66AB2370E45A260527",
  "runtimes\\linux-x64\\native\\libstbi.so": "0945355ED59677D06E3E88F48101BB26",
  "runtimes\\linux-x86\\native\\libe_sqlite3.so": "5E0659B414CBD6DDC38C65582485853E",
  "runtimes\\osx-x64\\native\\libe_sqlite3.dylib": "F82AE134FCD1C080A69D775591406673",
  "runtimes\\osx-x64\\native\\libglfw.3.dylib": "1E30FAB2F0C40E82290AD4B0BF14A880",
  "runtimes\\osx-x64\\native\\libSDL2-2.0.dylib": "AAC958490586C67395F0A90903AE3747",
  "runtimes\\osx-x64\\native\\libstbi.dylib": "0B84B0A6A80178266018081C3CAB68E6",
  "runtimes\\win-arm\\native\\e_sqlite3.dll": "E87773F3959DE0E4C83586E1490F8CAE",
  "runtimes\\win-arm64\\native\\e_sqlite3.dll": "B0AA24F798A124EAF3942684CD51915A",
  "runtimes\\win-x64\\native\\cimgui.dll": "8E50C90C9CFB140226B31A29388F5332",
  "runtimes\\win-x64\\native\\cimguizmo.dll": "5A2382D0D5EAD521FA6AF583485808AE",
  "runtimes\\win-x64\\native\\cimplot.dll": "A2958F47D852477A3A9E7D34D877CB7A",
  "runtimes\\win-x64\\native\\e_sqlite3.dll": "AC32090ECB857E696101DE0503A32B92",
  "runtimes\\win-x64\\native\\glfw3.dll": "3B51CD77CE17D526005F6C534CE5C34B",
  "runtimes\\win-x64\\native\\minhook.x64d.dll": "54682AE82671FE4DDF6F954991A3514D",
  "runtimes\\win-x64\\native\\SDL2.dll": "57857DED92A56F1C60073E1A57C8F00D",
  "runtimes\\win-x64\\native\\stbi.dll": "D4E8762D5839465A0A669BA460C6C782",
  "runtimes\\win-x64\\native\\stbi.lib": "927C214DE576219E1F80DBE7798A0502",
  "runtimes\\win-x86\\native\\e_sqlite3.dll": "E227CA6CCE5834E74E96F998F543BA4B",
  "runtimes\\win-x86\\native\\glfw3.dll": "EC3790C281D5273B452917E858CAEF54",
  "runtimes\\win-x86\\native\\SDL2.dll": "E3A3B939576CF5AEF142885A62E006EF",
  "targets\\Dalamud.Plugin.Bootstrap.targets": "C85635161398CD9852CF7212DB7EB904",
  "targets\\Dalamud.Plugin.targets": "DDD731601C06B16E10CF2F8990452A27",
  "BitFaster.Caching.dll": "1F26742FB11AB032E0F11F626C3DA313",
  "CheapLoc.dll": "19DDD1DFA94999D16E43E70200DA6672",
  "Costura.dll": "A1DD684B76916CB2C458E2D784AB95F4",
  "Dalamud.Boot.dll": "6BBC14B8344B6DB6F0A4BFBB7A32FF27",
  "Dalamud.Common.dll": "C81896699AD5CE6C4588B68CB8E71560",
  "Dalamud.deps.json": "0B36E19377BD1CB30AD7C19F0975F2D9",
  "Dalamud.dll": "B6AAD1AB69FC05DF7C24ECC981EE6DEE",
  "Dalamud.Injector.deps.json": "C1FA0941DC8B38E415776C60C508AAB9",
  "Dalamud.Injector.dll": "7F77C10AD273FE4ED9E26AF689C608C0",
  "Dalamud.Injector.exe": "58D4672655F0A68A44308FCB85670EC7",
  "Dalamud.Injector.runtimeconfig.json": "B9BB65FFE7924D4D8BABE9FA66303200",
  "Dalamud.Injector.xml": "D41E5DF541D19A015215E777D7395C9C",
  "Dalamud.runtimeconfig.json": "2A9CD915428BDD175E0889BD0C225F75",
  "Dalamud.xml": "ED38FDBF8122DD632466A6D676DED0D5",
  "DalamudCrashHandler.exe": "4FBB6F13D2F8AF659530632D3B5E81EE",
  "FASM-LICENSE.TXT": "ECEA1D10811221D5F0A3E96F9C38E2C7",
  "FASM.DLL": "75C46428638D9C938BA7F72167E72CCF",
  "FASMX64.DLL": "8D86C495C834DFC5CAC78782057DFBC4",
  "FFXIVClientStructs.dll": "97A27D154DA94B8DC19532D4C7984AB3",
  "FFXIVClientStructs.xml": "2B08ACEBADB7413F8561445CE837317B",
  "goaaats.Reloaded.Assembler.targets": "CC22CB0A353E2136EE9E6E96DB9F7164",
  "Iced.dll": "ECD2D279003184FC78D7180B62926D1A",
  "ImGui.NET.dll": "C0B988100E4BF28C6F9862F177EE1FCB",
  "ImGuiScene.dll": "DB94A631F18775C8037EBBE3B81D63DE",
  "InteropGenerator.Runtime.dll": "A68813CC62E26DD728E8F7C08C906C92",
  "JetBrains.Annotations.dll": "E99E8AE56083B6DCE8756244F10A2F02",
  "licenses.txt": "A159BE62AA91178EFC3E3983AE874D1D",
  "Lumina.dll": "7AF789929E491003FBCACBA6C39075BA",
  "Lumina.Excel.dll": "FFA88EC8904D8AEAC3DE9CF85A668034",
  "Microsoft.Bcl.HashCode.dll": "613AB56061ADF2284E047025207467E0",
  "Microsoft.DotNet.PlatformAbstractions.dll": "00AB0F02B1114C57C758F5AD595224F1",
  "Microsoft.Extensions.DependencyModel.dll": "F39BC76C10CFEA478C936FC4521A9FC9",
  "Microsoft.Extensions.ObjectPool.dll": "FEE3CE8A84417360CC5ED787ED6F7DB1",
  "MinSharp.dll": "8C38D52B14B72178213989B2C47BE9DB",
  "Mono.Cecil.dll": "4AB6E2797EEF002BC22DA52EA5FC6787",
  "Mono.Cecil.Mdb.dll": "9CC0B7968741568618AF0C9B5BA84C89",
  "Mono.Cecil.Pdb.dll": "9F1BFA9F98E8EC1130C48E15E05836BB",
  "Mono.Cecil.Rocks.dll": "0E015E8448321B4BFA5EF61F9F09E9E9",
  "nethost.dll": "012081214FE71F0F6ADCD9F4A71B2B00",
  "Newtonsoft.Json.dll": "86A83A63F12B55FD3718CFBFB577D7DC",
  "PeNet.Asn1.dll": "73AF44B6E559CE91F5F1270566E41E62",
  "PeNet.dll": "AAC0AC6249508BBCEC5FDEB73C9C2F92",
  "PInvoke.AdvApi32.dll": "34EE461D05B403C3A15D0DEC32A3788C",
  "PInvoke.BCrypt.dll": "FD07758EE1440491F22923084109FF26",
  "PInvoke.Cabinet.dll": "333D950E3804735DA60CC41D614C63E2",
  "PInvoke.CfgMgr32.dll": "768BE7CC18EDCF78B296A72ABE891691",
  "PInvoke.Crypt32.dll": "E7B00B0851738F4A7F2C6D37DAA973B4",
  "PInvoke.DbgHelp.dll": "E701136169620D20E3A70B560DE20E44",
  "PInvoke.DwmApi.dll": "ACF223CC8962404056648815B486F7D9",
  "PInvoke.Gdi32.dll": "69FF434826F98582CE44D3136ECFFACB",
  "PInvoke.Hid.dll": "2E7A41257F8AD9B26073181F450CD8E5",
  "PInvoke.ImageHlp.dll": "79BE816E8D86EA66489D7780DD675D49",
  "PInvoke.IPHlpApi.dll": "E949FA3326D1BA8872B179AB4EE49D38",
  "PInvoke.Kernel32.dll": "234E15B122ED430DE99490CA1A204958",
  "PInvoke.Magnification.dll": "C9EA3D34F506741ECC044DB19C151F09",
  "PInvoke.Msi.dll": "69EE50CE2DA6B55755E52589F49A7EBC",
  "PInvoke.NCrypt.dll": "DA1DE76C14D99370CA3BEF19DC299B15",
  "PInvoke.NetApi32.dll": "AE79F9FA2E3864A5E0642AE4622ECDC5",
  "PInvoke.NewDev.dll": "B3E1992105D986EF9C5C8E4B630FBB07",
  "PInvoke.NTDll.dll": "3F6BDF840EB27DD0FD9EB8071822183A",
  "PInvoke.Ole32.dll": "3C49FB100B60519FFE725BCD12A538F6",
  "PInvoke.Psapi.dll": "A7683EE4B880227F01C8AE632A892B9E",
  "PInvoke.SetupApi.dll": "1B7AE321185D0081D1759A9AD829F9BA",
  "PInvoke.SHCore.dll": "F27E7F063D51480F6D2294C903E4A606",
  "PInvoke.Shell32.dll": "F71A1BCAF6478190691170DAEA77722F",
  "PInvoke.User32.dll": "8BEDE38311ED4F27127290B81B8079FD",
  "PInvoke.Userenv.dll": "FEB7BCA90B8C905EC2F4BB0789847131",
  "PInvoke.UxTheme.dll": "8E683C016250CB719FDB9AAAFC22B3C5",
  "PInvoke.Windows.Core.dll": "90015440A44935208FFEA9BF61740651",
  "PInvoke.Windows.ShellScalingApi.dll": "F351B34B8C9183A51CADFDC279357C49",
  "PInvoke.WinUsb.dll": "9EB8A0280F2848D1A32B560A939F7336",
  "PInvoke.WtsApi32.dll": "341C94455D2E5893DBE4293D4D67AA4D",
  "Reloaded.Assembler.dll": "36375463BA81B6957B264CED23B9E529",
  "Reloaded.Hooks.Definitions.dll": "A7EA136B447B210009F0BCD1562A010F",
  "Reloaded.Hooks.dll": "231482F28A858B5FD9C934D5FFDC11A2",
  "Reloaded.Memory.Buffers.dll": "3322D8F53779D21F2CDFE4B954E1B02B",
  "Reloaded.Memory.dll": "E6E204114BDE07896BEBFDA0C4E2D7A1",
  "revision.txt": "9F4768B4BD4A205E1D3A60398AB022A2",
  "SDL2-CS.config": "65557595FD5DF55D93B2BF881DE62C3A",
  "SDL2-CS.dll": "3DFA6DFC22BB2B6555D777C35585BDDC",
  "Serilog.dll": "7D6E78C6C9E4F5A22B021A28ABEBD4CA",
  "Serilog.Sinks.Async.dll": "7CF33DC76D8B04685479882761AF4CD0",
  "Serilog.Sinks.Console.dll": "FBD3DB6775B95FB476AD948E25BD82E1",
  "Serilog.Sinks.File.dll": "412942E4EE30CC655CE1AC22581AFF9F",
  "SharpDX.Direct3D11.dll": "17FC441B80526D28E9750B899AECA960",
  "SharpDX.dll": "8BA76311310C98EFAAEC4E2C0E9FE934",
  "SharpDX.DXGI.dll": "5CDE3AAE413B7E95C42593510C0E0DEF",
  "SharpDX.Mathematics.dll": "B8D108D808FD63CE3A4B30CB59768D72",
  "Silk.NET.Core.dll": "2C108CCCAE4EFA216EB1729760A662FF",
  "Silk.NET.GLFW.dll": "2757FD1BB363F8BAE00F9ABCC7F829CC",
  "Silk.NET.Maths.dll": "372829E54AF923763B6FB769E159E793",
  "Silk.NET.OpenGL.dll": "EB9E4DCBF4BE194B854C3C0AF142DDAC",
  "Silk.NET.SDL.dll": "13D8FD37864C0B0CD5F1F6A59608EA0D",
  "Silk.NET.Windowing.Common.dll": "C6C29D4A12992014D8D296284044FCDE",
  "Silk.NET.Windowing.Glfw.dll": "6B48AB873D65595050BAA3F3450AFAD0",
  "Silk.NET.Windowing.Sdl.dll": "B41FECCB02DE680EDE26513E983204EC",
  "SQLite-net.dll": "898914BA067EDE8A246EFDBCA874386B",
  "SQLitePCLRaw.batteries_v2.dll": "6FAC9EA99948A1F05EB7EDCAAA514224",
  "SQLitePCLRaw.core.dll": "2188424600A8327C645FAB152962A08A",
  "SQLitePCLRaw.nativelibrary.dll": "2DB9250D3863396CF798EB78AF9D9958",
  "SQLitePCLRaw.provider.dynamic_cdecl.dll": "925671E7810F6EA058D48078C55D5754",
  "StbiSharp.dll": "1ADB55FFBBB5E02274FDD1CFBA6CDCFB",
  "System.Reactive.dll": "EF5A00287AD15393D41B12AA4B726FF7",
  "System.Reflection.MetadataLoadContext.dll": "7EC41D41F4E1246757BA3E2EC862D562",
  "System.Security.Cryptography.Pkcs.dll": "8950E01996A37E808BE3F39063C37BF9",
  "TEMP_gitver.txt": "D06C2ECB708614DF7F667E4030A69EFE",
  "TerraFX.Interop.Windows.dll": "84F7EF6B0DE91F8CC23F773D3FD6DEC0",
  "Validation.dll": "8172B71BB63185693DC38DDB99901B7E"
}
