{
  "runtimes\\alpine-x64\\native\\libe_sqlite3.so": "39C244FEDBCD3DFC37041D4FCE1AE21D",
  "runtimes\\linux-arm\\native\\libe_sqlite3.so": "96CF54BC0EFB83D6E3F5F3E04997A59D",
  "runtimes\\linux-arm64\\native\\libe_sqlite3.so": "F079E55E7F3F9966A4A2052A3234E068",
  "runtimes\\linux-armel\\native\\libe_sqlite3.so": "C5A67D49434FC65D64E9C15778078C76",
  "runtimes\\linux-mips64\\native\\libe_sqlite3.so": "5F8461214089CFC677D46C19B7162161",
  "runtimes\\linux-musl-x64\\native\\libe_sqlite3.so": "39C244FEDBCD3DFC37041D4FCE1AE21D",
  "runtimes\\linux-x64\\native\\libe_sqlite3.so": "6F49C540D3AB9964D67A4A704C3D262D",
  "runtimes\\linux-x64\\native\\libglfw.so.3": "9E3137144F68B9E9793F4C7AD5B1BEA7",
  "runtimes\\linux-x64\\native\\libSDL2-2.0.so": "99B95A708381FC66AB2370E45A260527",
  "runtimes\\linux-x64\\native\\libstbi.so": "0945355ED59677D06E3E88F48101BB26",
  "runtimes\\linux-x86\\native\\libe_sqlite3.so": "5E0659B414CBD6DDC38C65582485853E",
  "runtimes\\osx-x64\\native\\libe_sqlite3.dylib": "F82AE134FCD1C080A69D775591406673",
  "runtimes\\osx-x64\\native\\libglfw.3.dylib": "1E30FAB2F0C40E82290AD4B0BF14A880",
  "runtimes\\osx-x64\\native\\libSDL2-2.0.dylib": "AAC958490586C67395F0A90903AE3747",
  "runtimes\\osx-x64\\native\\libstbi.dylib": "0B84B0A6A80178266018081C3CAB68E6",
  "runtimes\\win-arm\\native\\e_sqlite3.dll": "41241D00975551D4560C3D4744A84134",
  "runtimes\\win-arm64\\native\\e_sqlite3.dll": "1AB6AC3F0A3C2B035264A6576D5736DC",
  "runtimes\\win-x64\\native\\cimgui.dll": "823582FCEF1F66BB2745175975A743EB",
  "runtimes\\win-x64\\native\\cimguizmo.dll": "8061A6DD5A2A062AB0CD2B466661903C",
  "runtimes\\win-x64\\native\\cimplot.dll": "5E4B5AC8FA8552AF4B7D8AA4529D0C98",
  "runtimes\\win-x64\\native\\e_sqlite3.dll": "CB28BA1E72F8494B0EB72EF7366BAC96",
  "runtimes\\win-x64\\native\\glfw3.dll": "3D1FB4B9F826E9FB3B38DE34E869582F",
  "runtimes\\win-x64\\native\\minhook.x64d.dll": "011C7F45EEE8AF5EB32B8001D0D4EA1E",
  "runtimes\\win-x64\\native\\SDL2.dll": "3F48530911F7FB2654B3A92A382E0910",
  "runtimes\\win-x64\\native\\stbi.dll": "088052D0D6191474D49164496B8E64FE",
  "runtimes\\win-x64\\native\\stbi.lib": "927C214DE576219E1F80DBE7798A0502",
  "runtimes\\win-x86\\native\\e_sqlite3.dll": "C53E90A6FFEA1D5543B88169186184ED",
  "runtimes\\win-x86\\native\\glfw3.dll": "5C810B315EECF1221EAC9292F92D8274",
  "runtimes\\win-x86\\native\\SDL2.dll": "560E7C8E103D1BB6BD2629D92B151A3A",
  "targets\\Dalamud.Plugin.Bootstrap.targets": "C85635161398CD9852CF7212DB7EB904",
  "targets\\Dalamud.Plugin.targets": "E2AA900DB1F6596D1C203D4112A10F5E",
  "BitFaster.Caching.dll": "2D7B0A9F495002727BC61CE51B198A18",
  "CheapLoc.dll": "F8577F595D35C1A4366EB8B189035278",
  "Costura.dll": "6C3C2834EDE46E7A165E61D7CCD9E2F4",
  "Dalamud.Boot.dll": "EC6C44B229B935D06CC4534FD8F6C3D9",
  "Dalamud.Common.dll": "7169F7B9CF227E538DB2D9155588EEBB",
  "Dalamud.deps.json": "0B36E19377BD1CB30AD7C19F0975F2D9",
  "Dalamud.dll": "5C304824F907EFC1A0C74BA84CBE6FB1",
  "Dalamud.Injector.deps.json": "C1FA0941DC8B38E415776C60C508AAB9",
  "Dalamud.Injector.dll": "93FC939CC1DDEA3B2D0F939D2E5B8E60",
  "Dalamud.Injector.exe": "43216A2026B2D2154893F944A0960CED",
  "Dalamud.Injector.runtimeconfig.json": "B9BB65FFE7924D4D8BABE9FA66303200",
  "Dalamud.Injector.xml": "D41E5DF541D19A015215E777D7395C9C",
  "Dalamud.runtimeconfig.json": "2A9CD915428BDD175E0889BD0C225F75",
  "Dalamud.xml": "38895261A327ADF9245E5A83BC3858CE",
  "DalamudCrashHandler.exe": "4C82BCAFE9D92704370029A5620B56A0",
  "FASM-LICENSE.TXT": "ECEA1D10811221D5F0A3E96F9C38E2C7",
  "FASM.DLL": "EE2692D247B6671D4ECB4A4EE0FFF378",
  "FASMX64.DLL": "41B76D972E3A86ADD6024EB6DD434FCF",
  "FFXIVClientStructs.dll": "69596E22C81EAFF6E97DCA76D171AF89",
  "FFXIVClientStructs.xml": "56B5B92DBE4F425DE4B0EE17C2CE3603",
  "goaaats.Reloaded.Assembler.targets": "CC22CB0A353E2136EE9E6E96DB9F7164",
  "Iced.dll": "DB882E7CE282B13DA5C81B01CEEE5F0F",
  "ImGui.NET.dll": "88D021462DCE9CDDF60B728BCA8DEE2F",
  "ImGuiScene.dll": "41DA5D488FD4F4E9C1A17EE627C0B419",
  "InteropGenerator.Runtime.dll": "742D7748816CAB04310C1BD27E416D25",
  "JetBrains.Annotations.dll": "9F4B72027F595F734191A6DFB4B13AC7",
  "licenses.txt": "A159BE62AA91178EFC3E3983AE874D1D",
  "Lumina.dll": "6CACB9D573CD05CB613EA925D3E9ACFD",
  "Lumina.Excel.dll": "31758B84A67ED645FA1232859C23A4AF",
  "Microsoft.Bcl.HashCode.dll": "613AB56061ADF2284E047025207467E0",
  "Microsoft.DotNet.PlatformAbstractions.dll": "00AB0F02B1114C57C758F5AD595224F1",
  "Microsoft.Extensions.DependencyModel.dll": "F39BC76C10CFEA478C936FC4521A9FC9",
  "Microsoft.Extensions.ObjectPool.dll": "FEE3CE8A84417360CC5ED787ED6F7DB1",
  "MinSharp.dll": "C16E45E5E38FF4CF63E0A67AB6C28460",
  "Mono.Cecil.dll": "D5EF076F946737F8920509A8787F5F83",
  "Mono.Cecil.Mdb.dll": "3D97293AC14357B5A80F8C82F1B5A122",
  "Mono.Cecil.Pdb.dll": "9188C5E50D9DB32C8F9B5C4EC796F90B",
  "Mono.Cecil.Rocks.dll": "08458FCBFF871A388C6B2FD926FA29C8",
  "nethost.dll": "012081214FE71F0F6ADCD9F4A71B2B00",
  "Newtonsoft.Json.dll": "86A83A63F12B55FD3718CFBFB577D7DC",
  "PeNet.Asn1.dll": "B566E327D4FCB1D92085AAFED88AAC60",
  "PeNet.dll": "32F1CE0E2272F493D19B6A43FFC01FC4",
  "PInvoke.AdvApi32.dll": "34EE461D05B403C3A15D0DEC32A3788C",
  "PInvoke.BCrypt.dll": "FD07758EE1440491F22923084109FF26",
  "PInvoke.Cabinet.dll": "333D950E3804735DA60CC41D614C63E2",
  "PInvoke.CfgMgr32.dll": "768BE7CC18EDCF78B296A72ABE891691",
  "PInvoke.Crypt32.dll": "E7B00B0851738F4A7F2C6D37DAA973B4",
  "PInvoke.DbgHelp.dll": "E701136169620D20E3A70B560DE20E44",
  "PInvoke.DwmApi.dll": "ACF223CC8962404056648815B486F7D9",
  "PInvoke.Gdi32.dll": "69FF434826F98582CE44D3136ECFFACB",
  "PInvoke.Hid.dll": "2E7A41257F8AD9B26073181F450CD8E5",
  "PInvoke.ImageHlp.dll": "79BE816E8D86EA66489D7780DD675D49",
  "PInvoke.IPHlpApi.dll": "E949FA3326D1BA8872B179AB4EE49D38",
  "PInvoke.Kernel32.dll": "234E15B122ED430DE99490CA1A204958",
  "PInvoke.Magnification.dll": "C9EA3D34F506741ECC044DB19C151F09",
  "PInvoke.Msi.dll": "69EE50CE2DA6B55755E52589F49A7EBC",
  "PInvoke.NCrypt.dll": "DA1DE76C14D99370CA3BEF19DC299B15",
  "PInvoke.NetApi32.dll": "AE79F9FA2E3864A5E0642AE4622ECDC5",
  "PInvoke.NewDev.dll": "B3E1992105D986EF9C5C8E4B630FBB07",
  "PInvoke.NTDll.dll": "3F6BDF840EB27DD0FD9EB8071822183A",
  "PInvoke.Ole32.dll": "3C49FB100B60519FFE725BCD12A538F6",
  "PInvoke.Psapi.dll": "A7683EE4B880227F01C8AE632A892B9E",
  "PInvoke.SetupApi.dll": "1B7AE321185D0081D1759A9AD829F9BA",
  "PInvoke.SHCore.dll": "F27E7F063D51480F6D2294C903E4A606",
  "PInvoke.Shell32.dll": "F71A1BCAF6478190691170DAEA77722F",
  "PInvoke.User32.dll": "8BEDE38311ED4F27127290B81B8079FD",
  "PInvoke.Userenv.dll": "FEB7BCA90B8C905EC2F4BB0789847131",
  "PInvoke.UxTheme.dll": "8E683C016250CB719FDB9AAAFC22B3C5",
  "PInvoke.Windows.Core.dll": "90015440A44935208FFEA9BF61740651",
  "PInvoke.Windows.ShellScalingApi.dll": "F351B34B8C9183A51CADFDC279357C49",
  "PInvoke.WinUsb.dll": "9EB8A0280F2848D1A32B560A939F7336",
  "PInvoke.WtsApi32.dll": "341C94455D2E5893DBE4293D4D67AA4D",
  "Reloaded.Assembler.dll": "7BC40E3A63DFF68CA2F219646BC4B645",
  "Reloaded.Hooks.Definitions.dll": "69FDDBF69F7F91388A6262334FCDEFD2",
  "Reloaded.Hooks.dll": "0181CCEE09A9F0081D9C29104D103105",
  "Reloaded.Memory.Buffers.dll": "BD55AA88831B8C63A59305C45F5A775E",
  "Reloaded.Memory.dll": "846D7FD9CA039ADBA1DF0E8B46DD2768",
  "revision.txt": "9718DB12CAE6BE37F7349779007EE589",
  "SDL2-CS.config": "65557595FD5DF55D93B2BF881DE62C3A",
  "SDL2-CS.dll": "557EACDC30CF98CDDA9CD2A0EA18FA8E",
  "Serilog.dll": "EFBB976EFC0D3BF8AEE73F75731D292D",
  "Serilog.Sinks.Async.dll": "BB99E9B391A136D2990CC4B67824B7F3",
  "Serilog.Sinks.Console.dll": "614229561FB0E2CE866C2DC460D1599A",
  "Serilog.Sinks.File.dll": "D63ECA66865F98847A2D76A59B6F86B1",
  "SharpDX.Direct3D11.dll": "FF08723D2AAC36E657F639B873591F0F",
  "SharpDX.dll": "6AA40E6A13EB958A44D4EE0C732169D6",
  "SharpDX.DXGI.dll": "934515C4A0B01C1275E087C06F5A8592",
  "SharpDX.Mathematics.dll": "968B8FFE8F0BA913C510677AB5DCA00A",
  "Silk.NET.Core.dll": "B70F79C90521D6FC2677989EC7A0C4D2",
  "Silk.NET.GLFW.dll": "0FC9EC001DAB79252A9F630DCE26B6FB",
  "Silk.NET.Maths.dll": "99D9EC07626A986903F316810C22DBBA",
  "Silk.NET.OpenGL.dll": "7A20ED39F9AAD8CD4DB0AD95BEA23173",
  "Silk.NET.SDL.dll": "A079435D05498AD8883CB9E01F4AB7D1",
  "Silk.NET.Windowing.Common.dll": "F8DDAE342CBAAFC2974A5980B2BCEE01",
  "Silk.NET.Windowing.Glfw.dll": "226150ADAE0C6C416F82892EF4FB7D49",
  "Silk.NET.Windowing.Sdl.dll": "AAAB6939D90134BCE2CA8E13C6D05D78",
  "SQLite-net.dll": "E82203445E1110F917F6660B87BFF019",
  "SQLitePCLRaw.batteries_v2.dll": "E468BBAB5A595FCDD96518B704484034",
  "SQLitePCLRaw.core.dll": "1225171C3F8F2C434D43D54D92E70851",
  "SQLitePCLRaw.nativelibrary.dll": "D6E542EBD881D7FD5CEECDD6AF6D50FD",
  "SQLitePCLRaw.provider.dynamic_cdecl.dll": "BCBCDF29DA46D13EACF063274C56B3B6",
  "StbiSharp.dll": "9AE09EF4F40D8FE0678CC9DE6D4F9AEA",
  "System.Reactive.dll": "EF5A00287AD15393D41B12AA4B726FF7",
  "System.Reflection.MetadataLoadContext.dll": "7EC41D41F4E1246757BA3E2EC862D562",
  "System.Security.Cryptography.Pkcs.dll": "8950E01996A37E808BE3F39063C37BF9",
  "TEMP_gitver.txt": "1750A65B495AB8466BD59D5E7A544EA8",
  "TerraFX.Interop.Windows.dll": "84F7EF6B0DE91F8CC23F773D3FD6DEC0",
  "Validation.dll": "EFFB197F9D1F5E4D2E20D23E1816F986"
}
