{
  "runtimes\\alpine-x64\\native\\libe_sqlite3.so": "39C244FEDBCD3DFC37041D4FCE1AE21D",
  "runtimes\\linux-arm\\native\\libe_sqlite3.so": "96CF54BC0EFB83D6E3F5F3E04997A59D",
  "runtimes\\linux-arm64\\native\\libe_sqlite3.so": "F079E55E7F3F9966A4A2052A3234E068",
  "runtimes\\linux-armel\\native\\libe_sqlite3.so": "C5A67D49434FC65D64E9C15778078C76",
  "runtimes\\linux-mips64\\native\\libe_sqlite3.so": "5F8461214089CFC677D46C19B7162161",
  "runtimes\\linux-musl-x64\\native\\libe_sqlite3.so": "39C244FEDBCD3DFC37041D4FCE1AE21D",
  "runtimes\\linux-x64\\native\\libe_sqlite3.so": "6F49C540D3AB9964D67A4A704C3D262D",
  "runtimes\\linux-x64\\native\\libglfw.so.3": "9E3137144F68B9E9793F4C7AD5B1BEA7",
  "runtimes\\linux-x64\\native\\libSDL2-2.0.so": "99B95A708381FC66AB2370E45A260527",
  "runtimes\\linux-x64\\native\\libstbi.so": "0945355ED59677D06E3E88F48101BB26",
  "runtimes\\linux-x86\\native\\libe_sqlite3.so": "5E0659B414CBD6DDC38C65582485853E",
  "runtimes\\osx-x64\\native\\libe_sqlite3.dylib": "F82AE134FCD1C080A69D775591406673",
  "runtimes\\osx-x64\\native\\libglfw.3.dylib": "1E30FAB2F0C40E82290AD4B0BF14A880",
  "runtimes\\osx-x64\\native\\libSDL2-2.0.dylib": "AAC958490586C67395F0A90903AE3747",
  "runtimes\\osx-x64\\native\\libstbi.dylib": "0B84B0A6A80178266018081C3CAB68E6",
  "runtimes\\win-arm\\native\\e_sqlite3.dll": "63AA4D88CE6DF814D48A8E4571084DB2",
  "runtimes\\win-arm64\\native\\e_sqlite3.dll": "6B1EA51AE29C5CA31BF9304FD274C32C",
  "runtimes\\win-x64\\native\\cimgui.dll": "C4547E5B2B8586BB7B8B40B30D2CE1F4",
  "runtimes\\win-x64\\native\\cimguizmo.dll": "E66C2ECE48E0795F8CE5A8F83F0109D3",
  "runtimes\\win-x64\\native\\cimplot.dll": "5357C3E58277C5ECA2C7B441F7446FFE",
  "runtimes\\win-x64\\native\\e_sqlite3.dll": "FCA89731696B98DDD6958F21F0B94B1B",
  "runtimes\\win-x64\\native\\glfw3.dll": "10159F122340078AE00F23E11950630A",
  "runtimes\\win-x64\\native\\minhook.x64d.dll": "A00D25C3A569F57BC64DEFB4718169D9",
  "runtimes\\win-x64\\native\\SDL2.dll": "F78049786BCFCAF758A1D8CD8D9A4936",
  "runtimes\\win-x64\\native\\stbi.dll": "6299914AF39B16AC4E6CBEBB8BDFCB9C",
  "runtimes\\win-x64\\native\\stbi.lib": "927C214DE576219E1F80DBE7798A0502",
  "runtimes\\win-x86\\native\\e_sqlite3.dll": "28B71396C926DE048D25312FF43DE735",
  "runtimes\\win-x86\\native\\glfw3.dll": "BD7C5371B042897B7FAB07380D3DFF04",
  "runtimes\\win-x86\\native\\SDL2.dll": "675470D0311299CE40D525C8ED4F6A24",
  "targets\\Dalamud.Plugin.Bootstrap.targets": "C85635161398CD9852CF7212DB7EB904",
  "targets\\Dalamud.Plugin.targets": "DDD731601C06B16E10CF2F8990452A27",
  "BitFaster.Caching.dll": "B28DB5956E9B26F41DA10DC449870BC5",
  "CheapLoc.dll": "E717B2398A3334E0817CDD46BB27EC71",
  "Costura.dll": "13EAAEFCD5F6C85F42C2DC41485E0D5F",
  "Dalamud.Boot.dll": "1CF9AA799DB237D61F87F76D15DBB9EF",
  "Dalamud.Common.dll": "3D490F8CA59A485180698DAE6C48E4BB",
  "Dalamud.deps.json": "9F3152C5A97A09FD0ACB6A8BFAD1A54B",
  "Dalamud.dll": "F396EC4A51057B5810551AB6D85372ED",
  "Dalamud.Injector.deps.json": "C1FA0941DC8B38E415776C60C508AAB9",
  "Dalamud.Injector.dll": "97C714F56BDA5D772CEDA1C94E7AF374",
  "Dalamud.Injector.exe": "C539021677EECF24F1BF3AC7C6E07DB2",
  "Dalamud.Injector.runtimeconfig.json": "B9BB65FFE7924D4D8BABE9FA66303200",
  "Dalamud.Injector.xml": "D41E5DF541D19A015215E777D7395C9C",
  "Dalamud.runtimeconfig.json": "2A9CD915428BDD175E0889BD0C225F75",
  "Dalamud.xml": "B41BD3B743359EFF509F7A41B5FC60AA",
  "DalamudCrashHandler.exe": "C13E4A368E3ABFEC77E08613FB09CD93",
  "FASM-LICENSE.TXT": "ECEA1D10811221D5F0A3E96F9C38E2C7",
  "FASM.DLL": "F80338CF23231E063F5A2338DA9B19B1",
  "FASMX64.DLL": "8859A0F3E733BE6614AEAFC2A5AFD806",
  "FFXIVClientStructs.dll": "ACE1CA73AEB189660F6E003EC52CDB74",
  "FFXIVClientStructs.xml": "0C528386084D51BFBB7E4C4D347A61FB",
  "goaaats.Reloaded.Assembler.targets": "CC22CB0A353E2136EE9E6E96DB9F7164",
  "Iced.dll": "F8F163C556CE3507220FE89CAF929245",
  "ImGui.NET.dll": "8048FC554DAED98FAA7678644EED5BA8",
  "ImGuiScene.dll": "34BFA3295C207BD9FE8AA4134E91BFB3",
  "InteropGenerator.Runtime.dll": "B1DCFB1474CD476140A10F633C7F5B1A",
  "JetBrains.Annotations.dll": "47F0E91C6DD7BE97EAD8D31CF08033F7",
  "licenses.txt": "A159BE62AA91178EFC3E3983AE874D1D",
  "Lumina.dll": "BE1D72DD9790D4B797124DEDF1066F9A",
  "Lumina.Excel.dll": "1468820A366B6E659628B71AADF33043",
  "Microsoft.Bcl.HashCode.dll": "613AB56061ADF2284E047025207467E0",
  "Microsoft.DotNet.PlatformAbstractions.dll": "00AB0F02B1114C57C758F5AD595224F1",
  "Microsoft.Extensions.DependencyModel.dll": "F39BC76C10CFEA478C936FC4521A9FC9",
  "Microsoft.Extensions.ObjectPool.dll": "FEE3CE8A84417360CC5ED787ED6F7DB1",
  "MinSharp.dll": "159780F2863C651075755FC216F21010",
  "Mono.Cecil.dll": "1C8DED4C7773144E7AE6379F3CE15319",
  "Mono.Cecil.Mdb.dll": "534D53E422E44F592568C6651FBDEA5B",
  "Mono.Cecil.Pdb.dll": "78EA18B6529336313A2D1B56A84432F8",
  "Mono.Cecil.Rocks.dll": "C598E8AA9B7C78EE528187B6F26B68CC",
  "nethost.dll": "012081214FE71F0F6ADCD9F4A71B2B00",
  "Newtonsoft.Json.dll": "86A83A63F12B55FD3718CFBFB577D7DC",
  "PeNet.Asn1.dll": "D0149D5742D9D86AC648931DCDBF5E13",
  "PeNet.dll": "1C1CEC68E1838917561E7ED7F48C447C",
  "PInvoke.AdvApi32.dll": "34EE461D05B403C3A15D0DEC32A3788C",
  "PInvoke.BCrypt.dll": "FD07758EE1440491F22923084109FF26",
  "PInvoke.Cabinet.dll": "333D950E3804735DA60CC41D614C63E2",
  "PInvoke.CfgMgr32.dll": "768BE7CC18EDCF78B296A72ABE891691",
  "PInvoke.Crypt32.dll": "E7B00B0851738F4A7F2C6D37DAA973B4",
  "PInvoke.DbgHelp.dll": "E701136169620D20E3A70B560DE20E44",
  "PInvoke.DwmApi.dll": "ACF223CC8962404056648815B486F7D9",
  "PInvoke.Gdi32.dll": "69FF434826F98582CE44D3136ECFFACB",
  "PInvoke.Hid.dll": "2E7A41257F8AD9B26073181F450CD8E5",
  "PInvoke.ImageHlp.dll": "79BE816E8D86EA66489D7780DD675D49",
  "PInvoke.IPHlpApi.dll": "E949FA3326D1BA8872B179AB4EE49D38",
  "PInvoke.Kernel32.dll": "234E15B122ED430DE99490CA1A204958",
  "PInvoke.Magnification.dll": "C9EA3D34F506741ECC044DB19C151F09",
  "PInvoke.Msi.dll": "69EE50CE2DA6B55755E52589F49A7EBC",
  "PInvoke.NCrypt.dll": "DA1DE76C14D99370CA3BEF19DC299B15",
  "PInvoke.NetApi32.dll": "AE79F9FA2E3864A5E0642AE4622ECDC5",
  "PInvoke.NewDev.dll": "B3E1992105D986EF9C5C8E4B630FBB07",
  "PInvoke.NTDll.dll": "3F6BDF840EB27DD0FD9EB8071822183A",
  "PInvoke.Ole32.dll": "3C49FB100B60519FFE725BCD12A538F6",
  "PInvoke.Psapi.dll": "A7683EE4B880227F01C8AE632A892B9E",
  "PInvoke.SetupApi.dll": "1B7AE321185D0081D1759A9AD829F9BA",
  "PInvoke.SHCore.dll": "F27E7F063D51480F6D2294C903E4A606",
  "PInvoke.Shell32.dll": "F71A1BCAF6478190691170DAEA77722F",
  "PInvoke.User32.dll": "8BEDE38311ED4F27127290B81B8079FD",
  "PInvoke.Userenv.dll": "FEB7BCA90B8C905EC2F4BB0789847131",
  "PInvoke.UxTheme.dll": "8E683C016250CB719FDB9AAAFC22B3C5",
  "PInvoke.Windows.Core.dll": "90015440A44935208FFEA9BF61740651",
  "PInvoke.Windows.ShellScalingApi.dll": "F351B34B8C9183A51CADFDC279357C49",
  "PInvoke.WinUsb.dll": "9EB8A0280F2848D1A32B560A939F7336",
  "PInvoke.WtsApi32.dll": "341C94455D2E5893DBE4293D4D67AA4D",
  "Reloaded.Assembler.dll": "0F24DA4408983F550C4FC4FFE884A179",
  "Reloaded.Hooks.Definitions.dll": "3B788A685702CBFECC88E9AA7149DF76",
  "Reloaded.Hooks.dll": "3F99621467B345B03FA8848D0E86F1FF",
  "Reloaded.Memory.Buffers.dll": "F1BCDFDFE8A2D25A706145DA38C4E33F",
  "Reloaded.Memory.dll": "81F62BE7660DC07E67530EFBF9BB9F0A",
  "revision.txt": "2C26F9A59B0BA61233E6FC0AF8E47F14",
  "SDL2-CS.config": "65557595FD5DF55D93B2BF881DE62C3A",
  "SDL2-CS.dll": "CDCE4E4DF714DCC82C881FB530A31F3A",
  "Serilog.dll": "AB138AB8E3CE80C3CAA7345DEA1E4DA7",
  "Serilog.Sinks.Async.dll": "6A6E780480C46B5A1008027E91F23243",
  "Serilog.Sinks.Console.dll": "78AD895B335A37E9DB7EBE06B2E0BFE7",
  "Serilog.Sinks.File.dll": "442E46A7954BD4F955A191CA6F2D6C1B",
  "SharpDX.Direct3D11.dll": "1B521CFF0845F5BB07508CB86D63A32A",
  "SharpDX.dll": "E07C5472EA9E394FB9115D32415823B7",
  "SharpDX.DXGI.dll": "82F971764E5B944ADABBF617F3F1DC40",
  "SharpDX.Mathematics.dll": "405DFF318249E771D102CE2362307449",
  "Silk.NET.Core.dll": "93D07D5B21170B8A0A7A6FD60AB9E647",
  "Silk.NET.GLFW.dll": "A81FA6BAB9D27D89A9AB46B7F0316D8D",
  "Silk.NET.Maths.dll": "6662638F417B9BA59E2BC35DCD50BACE",
  "Silk.NET.OpenGL.dll": "B703A73C7044448BA811B25FC322F0CC",
  "Silk.NET.SDL.dll": "8AC4A3F3335781E08997B898929FB656",
  "Silk.NET.Windowing.Common.dll": "0630987A59A240CD6885A0D35AED53A9",
  "Silk.NET.Windowing.Glfw.dll": "3921302D4064E479E62E03E598A6EFF2",
  "Silk.NET.Windowing.Sdl.dll": "6D72B55A0C3EAEF6D0AEA9679A148B22",
  "SQLite-net.dll": "5B2D9CBAB8615948F9F340892D322290",
  "SQLitePCLRaw.batteries_v2.dll": "77CB3439FF5F7FF0CD9F83FD064E119B",
  "SQLitePCLRaw.core.dll": "D86E7FA516FDC8F8C6E1C352E8DC5C4A",
  "SQLitePCLRaw.nativelibrary.dll": "F4DE320DC3CA381FF9B05026CB2ADBA2",
  "SQLitePCLRaw.provider.dynamic_cdecl.dll": "E32E92C5210A7BA6610863A8288DD32F",
  "StbiSharp.dll": "C7687A9AEACD3216A19AB06A34BEB401",
  "System.Reactive.dll": "EF5A00287AD15393D41B12AA4B726FF7",
  "System.Reflection.MetadataLoadContext.dll": "7EC41D41F4E1246757BA3E2EC862D562",
  "System.Security.Cryptography.Pkcs.dll": "8950E01996A37E808BE3F39063C37BF9",
  "TEMP_gitver.txt": "FEA9F214188F09AB27EDD270FAC30394",
  "TerraFX.Interop.Windows.dll": "84F7EF6B0DE91F8CC23F773D3FD6DEC0",
  "Validation.dll": "50D07969EB3D1B14F4722C4CE4B650B3"
}
