{
  "runtimes\\alpine-x64\\native\\libe_sqlite3.so": "39C244FEDBCD3DFC37041D4FCE1AE21D",
  "runtimes\\linux-arm\\native\\libe_sqlite3.so": "96CF54BC0EFB83D6E3F5F3E04997A59D",
  "runtimes\\linux-arm64\\native\\libe_sqlite3.so": "F079E55E7F3F9966A4A2052A3234E068",
  "runtimes\\linux-armel\\native\\libe_sqlite3.so": "C5A67D49434FC65D64E9C15778078C76",
  "runtimes\\linux-mips64\\native\\libe_sqlite3.so": "5F8461214089CFC677D46C19B7162161",
  "runtimes\\linux-musl-x64\\native\\libe_sqlite3.so": "39C244FEDBCD3DFC37041D4FCE1AE21D",
  "runtimes\\linux-x64\\native\\libe_sqlite3.so": "6F49C540D3AB9964D67A4A704C3D262D",
  "runtimes\\linux-x64\\native\\libglfw.so.3": "9E3137144F68B9E9793F4C7AD5B1BEA7",
  "runtimes\\linux-x64\\native\\libSDL2-2.0.so": "99B95A708381FC66AB2370E45A260527",
  "runtimes\\linux-x64\\native\\libstbi.so": "0945355ED59677D06E3E88F48101BB26",
  "runtimes\\linux-x86\\native\\libe_sqlite3.so": "5E0659B414CBD6DDC38C65582485853E",
  "runtimes\\osx-x64\\native\\libe_sqlite3.dylib": "F82AE134FCD1C080A69D775591406673",
  "runtimes\\osx-x64\\native\\libglfw.3.dylib": "1E30FAB2F0C40E82290AD4B0BF14A880",
  "runtimes\\osx-x64\\native\\libSDL2-2.0.dylib": "AAC958490586C67395F0A90903AE3747",
  "runtimes\\osx-x64\\native\\libstbi.dylib": "0B84B0A6A80178266018081C3CAB68E6",
  "runtimes\\win-arm\\native\\e_sqlite3.dll": "E4EA217B5BEA3342FEAF6F3DBB5B3479",
  "runtimes\\win-arm64\\native\\e_sqlite3.dll": "354932C88C9F427033DB6A1D717303F6",
  "runtimes\\win-x64\\native\\cimgui.dll": "7950BEBE8C9D888DAB5F79EBACC0D736",
  "runtimes\\win-x64\\native\\cimguizmo.dll": "7C90BFD17C2281C66A4EC35D0939AA3C",
  "runtimes\\win-x64\\native\\cimplot.dll": "797E5108E1BEBDD8677E5FBD5905209A",
  "runtimes\\win-x64\\native\\e_sqlite3.dll": "614E4359E15CC42A372DE50B7DA73A95",
  "runtimes\\win-x64\\native\\glfw3.dll": "2658D60FACF39A3A008DA6123689D113",
  "runtimes\\win-x64\\native\\minhook.x64d.dll": "F7ED71BC2A52160A8FF32D67771D616F",
  "runtimes\\win-x64\\native\\SDL2.dll": "79E442CD623EF261D9D2CD3A8C936447",
  "runtimes\\win-x64\\native\\stbi.dll": "3FCC65EF1908EE71A0B1ABB1B9F396D3",
  "runtimes\\win-x64\\native\\stbi.lib": "927C214DE576219E1F80DBE7798A0502",
  "runtimes\\win-x86\\native\\e_sqlite3.dll": "42C1DF6A5BCC2777F3B137CDAF6B28EA",
  "runtimes\\win-x86\\native\\glfw3.dll": "3E3D8082A532E42296D08E141DB0AD0E",
  "runtimes\\win-x86\\native\\SDL2.dll": "F67981E77983594C13D8E01DA1781B06",
  "targets\\Dalamud.Plugin.Bootstrap.targets": "C85635161398CD9852CF7212DB7EB904",
  "targets\\Dalamud.Plugin.targets": "DDD731601C06B16E10CF2F8990452A27",
  "BitFaster.Caching.dll": "C2ADE3145F11E0A2F35E7749BB718EEE",
  "CheapLoc.dll": "EACD0D6F49DF2E3C8E4534EA5EFB729E",
  "Costura.dll": "258BAA8591584368B945821623A236E7",
  "Dalamud.Boot.dll": "F3A0F01A6028734C9B713B51E646E9F0",
  "Dalamud.Common.dll": "7FC94A02610D679E55D3015D612D9C48",
  "Dalamud.deps.json": "0B36E19377BD1CB30AD7C19F0975F2D9",
  "Dalamud.dll": "69979F4D492288CB9F86A77E20C0C400",
  "Dalamud.Injector.deps.json": "C1FA0941DC8B38E415776C60C508AAB9",
  "Dalamud.Injector.dll": "DFF5CB9476EA25F5B8FB8EB24FB76254",
  "Dalamud.Injector.exe": "4B96540CC56024C4F6A550216803416F",
  "Dalamud.Injector.runtimeconfig.json": "B9BB65FFE7924D4D8BABE9FA66303200",
  "Dalamud.Injector.xml": "D41E5DF541D19A015215E777D7395C9C",
  "Dalamud.runtimeconfig.json": "2A9CD915428BDD175E0889BD0C225F75",
  "Dalamud.xml": "DE0DCC96FE29DA190765CC8D18531384",
  "DalamudCrashHandler.exe": "362E10EE8DDAE3C9FBE3934D837B96F4",
  "FASM-LICENSE.TXT": "ECEA1D10811221D5F0A3E96F9C38E2C7",
  "FASM.DLL": "55B467E7141C1CBB4A21343753FB91CB",
  "FASMX64.DLL": "6D261715AA8BBCCDD61F8835FB826205",
  "FFXIVClientStructs.dll": "9CF7F29D55483CAD53F739F5EA0A9CB2",
  "FFXIVClientStructs.xml": "9A9DE6FDA4A4671DA9E34CCFC26D443D",
  "goaaats.Reloaded.Assembler.targets": "CC22CB0A353E2136EE9E6E96DB9F7164",
  "Iced.dll": "94AD98EFC61E8F86AB25907D9467347F",
  "ImGui.NET.dll": "1FE2DCE5CB734133E89FA6C28F079AC3",
  "ImGuiScene.dll": "8E6FD90D8296D78FCF10E543C1A9DE3A",
  "InteropGenerator.Runtime.dll": "D6BF324C25C9F0D17CD31B80FD519250",
  "JetBrains.Annotations.dll": "E9E6A7EA33CE42CD42D69EFA61970458",
  "licenses.txt": "A159BE62AA91178EFC3E3983AE874D1D",
  "Lumina.dll": "D73E7065189B8B125F759049ED39ABBC",
  "Lumina.Excel.dll": "5F81FAE44629646601CB2A895A6DB2E0",
  "Microsoft.Bcl.HashCode.dll": "613AB56061ADF2284E047025207467E0",
  "Microsoft.DotNet.PlatformAbstractions.dll": "00AB0F02B1114C57C758F5AD595224F1",
  "Microsoft.Extensions.DependencyModel.dll": "F39BC76C10CFEA478C936FC4521A9FC9",
  "Microsoft.Extensions.ObjectPool.dll": "FEE3CE8A84417360CC5ED787ED6F7DB1",
  "MinSharp.dll": "A9DC25368CB779DB6D5E2EDBE51E8ABB",
  "Mono.Cecil.dll": "C76CE106A66BC72CF17EA4767DECD4B9",
  "Mono.Cecil.Mdb.dll": "7BE1451F82B7D377252101D140F59119",
  "Mono.Cecil.Pdb.dll": "EB4A305ED910A0E24D13DE51A0C6A710",
  "Mono.Cecil.Rocks.dll": "827C17CAD3140FFBBE78A3CB4513E8B3",
  "nethost.dll": "012081214FE71F0F6ADCD9F4A71B2B00",
  "Newtonsoft.Json.dll": "86A83A63F12B55FD3718CFBFB577D7DC",
  "PeNet.Asn1.dll": "AA3E0B36B6D0ABC28F3069AADB8AF242",
  "PeNet.dll": "97842E597B936A0A37F4A76073003BCE",
  "PInvoke.AdvApi32.dll": "34EE461D05B403C3A15D0DEC32A3788C",
  "PInvoke.BCrypt.dll": "FD07758EE1440491F22923084109FF26",
  "PInvoke.Cabinet.dll": "333D950E3804735DA60CC41D614C63E2",
  "PInvoke.CfgMgr32.dll": "768BE7CC18EDCF78B296A72ABE891691",
  "PInvoke.Crypt32.dll": "E7B00B0851738F4A7F2C6D37DAA973B4",
  "PInvoke.DbgHelp.dll": "E701136169620D20E3A70B560DE20E44",
  "PInvoke.DwmApi.dll": "ACF223CC8962404056648815B486F7D9",
  "PInvoke.Gdi32.dll": "69FF434826F98582CE44D3136ECFFACB",
  "PInvoke.Hid.dll": "2E7A41257F8AD9B26073181F450CD8E5",
  "PInvoke.ImageHlp.dll": "79BE816E8D86EA66489D7780DD675D49",
  "PInvoke.IPHlpApi.dll": "E949FA3326D1BA8872B179AB4EE49D38",
  "PInvoke.Kernel32.dll": "234E15B122ED430DE99490CA1A204958",
  "PInvoke.Magnification.dll": "C9EA3D34F506741ECC044DB19C151F09",
  "PInvoke.Msi.dll": "69EE50CE2DA6B55755E52589F49A7EBC",
  "PInvoke.NCrypt.dll": "DA1DE76C14D99370CA3BEF19DC299B15",
  "PInvoke.NetApi32.dll": "AE79F9FA2E3864A5E0642AE4622ECDC5",
  "PInvoke.NewDev.dll": "B3E1992105D986EF9C5C8E4B630FBB07",
  "PInvoke.NTDll.dll": "3F6BDF840EB27DD0FD9EB8071822183A",
  "PInvoke.Ole32.dll": "3C49FB100B60519FFE725BCD12A538F6",
  "PInvoke.Psapi.dll": "A7683EE4B880227F01C8AE632A892B9E",
  "PInvoke.SetupApi.dll": "1B7AE321185D0081D1759A9AD829F9BA",
  "PInvoke.SHCore.dll": "F27E7F063D51480F6D2294C903E4A606",
  "PInvoke.Shell32.dll": "F71A1BCAF6478190691170DAEA77722F",
  "PInvoke.User32.dll": "8BEDE38311ED4F27127290B81B8079FD",
  "PInvoke.Userenv.dll": "FEB7BCA90B8C905EC2F4BB0789847131",
  "PInvoke.UxTheme.dll": "8E683C016250CB719FDB9AAAFC22B3C5",
  "PInvoke.Windows.Core.dll": "90015440A44935208FFEA9BF61740651",
  "PInvoke.Windows.ShellScalingApi.dll": "F351B34B8C9183A51CADFDC279357C49",
  "PInvoke.WinUsb.dll": "9EB8A0280F2848D1A32B560A939F7336",
  "PInvoke.WtsApi32.dll": "341C94455D2E5893DBE4293D4D67AA4D",
  "Reloaded.Assembler.dll": "DAAB0420699F24839ECEEEA9965C9149",
  "Reloaded.Hooks.Definitions.dll": "3D8EAD2F2574C44078AD0E3A6A28D058",
  "Reloaded.Hooks.dll": "76D0669367B4D229412804F4FC0C9DCE",
  "Reloaded.Memory.Buffers.dll": "B19DF4FBCC9C9601555EB54D99C57855",
  "Reloaded.Memory.dll": "6F20CAA7CE96021C37CEFE8F5B26B61B",
  "revision.txt": "2E855F9489DF0712B4BD8EA9E2848C5A",
  "SDL2-CS.config": "65557595FD5DF55D93B2BF881DE62C3A",
  "SDL2-CS.dll": "ADE0805D7E2219357AD984240DCA0244",
  "Serilog.dll": "8CC87F7A5D95C8387C344CE2D3B39EC7",
  "Serilog.Sinks.Async.dll": "8032F42405DB90F0EC3CBEB11BABFBF8",
  "Serilog.Sinks.Console.dll": "2155EFE48B5D0EC2EC39F9876B50D504",
  "Serilog.Sinks.File.dll": "ED1C0E2EE70E1C3BB3D3C4FE7346FD8F",
  "SharpDX.Direct3D11.dll": "DE4098909B3DDF86EF4C3A1132E45CDE",
  "SharpDX.dll": "0B5F243DF8087962C5E7F342BEFC1CFC",
  "SharpDX.DXGI.dll": "9450465FCCA7A6F34461F7B5C3B2F2C8",
  "SharpDX.Mathematics.dll": "28EA5450AD7757DE61AEE68F18CC16D8",
  "Silk.NET.Core.dll": "01AE20E408EF17FA5DF61242137DD0CB",
  "Silk.NET.GLFW.dll": "D4F9707ABEA4324449FF4B44C3F6146E",
  "Silk.NET.Maths.dll": "0581C1B2BFB6E59CE373A871CB8977AF",
  "Silk.NET.OpenGL.dll": "20CBBC22FF473E3127272EAD1666FD2C",
  "Silk.NET.SDL.dll": "81042C05B635C1FEA92E2534A13DCFAF",
  "Silk.NET.Windowing.Common.dll": "7B33A3F5346C9B9C4E5FCDD7387E443A",
  "Silk.NET.Windowing.Glfw.dll": "D9131D69AD7C4DF8A0C0C35DCEC119F6",
  "Silk.NET.Windowing.Sdl.dll": "640DF435601C53869BFB2A935421E968",
  "SQLite-net.dll": "3A45EC0FA88C062389948521FE0871F9",
  "SQLitePCLRaw.batteries_v2.dll": "12EB73C2180ECB80C5496AA860624445",
  "SQLitePCLRaw.core.dll": "950712496BA101EFBF6934624C34A6A9",
  "SQLitePCLRaw.nativelibrary.dll": "02A1E8AACAC70D23A3998CDF5E5CBEBF",
  "SQLitePCLRaw.provider.dynamic_cdecl.dll": "893EBD99994FBA95506142E37ABEB7F8",
  "StbiSharp.dll": "0A554FE33806CFEA70F288DD610231F3",
  "System.Reactive.dll": "EF5A00287AD15393D41B12AA4B726FF7",
  "System.Reflection.MetadataLoadContext.dll": "7EC41D41F4E1246757BA3E2EC862D562",
  "System.Security.Cryptography.Pkcs.dll": "8950E01996A37E808BE3F39063C37BF9",
  "TEMP_gitver.txt": "5A0C3C747A8DDE6DCE6F48D2DE0D8088",
  "TerraFX.Interop.Windows.dll": "84F7EF6B0DE91F8CC23F773D3FD6DEC0",
  "Validation.dll": "C413F600289E394A4AE093AD117E89AC"
}
