{
  "runtimes\\alpine-x64\\native\\libe_sqlite3.so": "39C244FEDBCD3DFC37041D4FCE1AE21D",
  "runtimes\\linux-arm\\native\\libe_sqlite3.so": "96CF54BC0EFB83D6E3F5F3E04997A59D",
  "runtimes\\linux-arm64\\native\\libe_sqlite3.so": "F079E55E7F3F9966A4A2052A3234E068",
  "runtimes\\linux-armel\\native\\libe_sqlite3.so": "C5A67D49434FC65D64E9C15778078C76",
  "runtimes\\linux-mips64\\native\\libe_sqlite3.so": "5F8461214089CFC677D46C19B7162161",
  "runtimes\\linux-musl-x64\\native\\libe_sqlite3.so": "39C244FEDBCD3DFC37041D4FCE1AE21D",
  "runtimes\\linux-x64\\native\\libe_sqlite3.so": "6F49C540D3AB9964D67A4A704C3D262D",
  "runtimes\\linux-x64\\native\\libglfw.so.3": "9E3137144F68B9E9793F4C7AD5B1BEA7",
  "runtimes\\linux-x64\\native\\libSDL2-2.0.so": "99B95A708381FC66AB2370E45A260527",
  "runtimes\\linux-x64\\native\\libstbi.so": "0945355ED59677D06E3E88F48101BB26",
  "runtimes\\linux-x86\\native\\libe_sqlite3.so": "5E0659B414CBD6DDC38C65582485853E",
  "runtimes\\osx-x64\\native\\libe_sqlite3.dylib": "F82AE134FCD1C080A69D775591406673",
  "runtimes\\osx-x64\\native\\libglfw.3.dylib": "1E30FAB2F0C40E82290AD4B0BF14A880",
  "runtimes\\osx-x64\\native\\libSDL2-2.0.dylib": "AAC958490586C67395F0A90903AE3747",
  "runtimes\\osx-x64\\native\\libstbi.dylib": "0B84B0A6A80178266018081C3CAB68E6",
  "runtimes\\win-arm\\native\\e_sqlite3.dll": "6E5DD8C07825313F65286476C3B91253",
  "runtimes\\win-arm64\\native\\e_sqlite3.dll": "4328D9ECB711DB9FE6E8CA388C2BCFFF",
  "runtimes\\win-x64\\native\\cimgui.dll": "1366A23BEE20EB276FEC2AE46EC64393",
  "runtimes\\win-x64\\native\\cimguizmo.dll": "AE63C08A88C8861FE294832CC53372A2",
  "runtimes\\win-x64\\native\\cimplot.dll": "037C5E49DE81E7F36542289B53947072",
  "runtimes\\win-x64\\native\\e_sqlite3.dll": "3EB27548E75FBF8FEE3F0F3DBDB77C14",
  "runtimes\\win-x64\\native\\glfw3.dll": "6E053EF5DA58EF2C860AEA32D23A3FE5",
  "runtimes\\win-x64\\native\\minhook.x64d.dll": "73575B0FFFC8D6F51B14A2D54758C35F",
  "runtimes\\win-x64\\native\\SDL2.dll": "880FF48DBD84CCE7B90D5BA3866E6363",
  "runtimes\\win-x64\\native\\stbi.dll": "6CD16A7E6B38B3A348803F17FF680C8D",
  "runtimes\\win-x64\\native\\stbi.lib": "927C214DE576219E1F80DBE7798A0502",
  "runtimes\\win-x86\\native\\e_sqlite3.dll": "D1056EA915C30960D000EE5AFFD8D3C8",
  "runtimes\\win-x86\\native\\glfw3.dll": "AE161A5D270B0C01BE66FDF169C42AA5",
  "runtimes\\win-x86\\native\\SDL2.dll": "155A661ABB3B4DAA81C49D63B95700DB",
  "targets\\Dalamud.Plugin.Bootstrap.targets": "C85635161398CD9852CF7212DB7EB904",
  "targets\\Dalamud.Plugin.targets": "E2AA900DB1F6596D1C203D4112A10F5E",
  "BitFaster.Caching.dll": "885C8919E14C17B1877C59E63F814930",
  "CheapLoc.dll": "4F102ED9554675BBDD93F06C8376EBF2",
  "Costura.dll": "17AD5264E9B3437C223BABCCCA10C2B8",
  "Dalamud.Boot.dll": "D910A81E9AC46002FA41249932A92DC9",
  "Dalamud.Common.dll": "FDB3302509DB48B089707D91968E62F0",
  "Dalamud.deps.json": "4FB7E754EA1434548CD1C73B8C62BD5D",
  "Dalamud.dll": "AF56A9AE2486A4B057A76F5891AD0DD7",
  "Dalamud.Injector.deps.json": "C1FA0941DC8B38E415776C60C508AAB9",
  "Dalamud.Injector.dll": "290EC3553940A00FA78BEEF807952CAC",
  "Dalamud.Injector.exe": "6760C7B938E7D21A618255FF63FC8228",
  "Dalamud.Injector.runtimeconfig.json": "B9BB65FFE7924D4D8BABE9FA66303200",
  "Dalamud.Injector.xml": "D41E5DF541D19A015215E777D7395C9C",
  "Dalamud.runtimeconfig.json": "2A9CD915428BDD175E0889BD0C225F75",
  "Dalamud.xml": "01469E21DF040D373F5D80537EFBB0CE",
  "DalamudCrashHandler.exe": "7B9B41A1684C120DD38DBA3ECDA1747E",
  "FASM-LICENSE.TXT": "ECEA1D10811221D5F0A3E96F9C38E2C7",
  "FASM.DLL": "D85A3A1C588139FEC5722DCAF3FA1000",
  "FASMX64.DLL": "D2D46264DDCDBB4ED38F223BB80AEED1",
  "FFXIVClientStructs.dll": "2234D786BE38D7EC2E4C723325F0183A",
  "FFXIVClientStructs.xml": "255D19864B78A8B491591EF6D166C588",
  "goaaats.Reloaded.Assembler.targets": "CC22CB0A353E2136EE9E6E96DB9F7164",
  "Iced.dll": "37379BC066E1C3FF54B4F633469C8CFA",
  "ImGui.NET.dll": "D49D44B5B04C80B39AC9D8C22526C54F",
  "ImGuiScene.dll": "2730EB0FF7F24C7A4BDD2DCBB79540D2",
  "InteropGenerator.Runtime.dll": "9103B02FC81B74628DD6DAD0DFDF0BAF",
  "JetBrains.Annotations.dll": "7D937214429EBFE4DE0D4F4CF8F2F5B2",
  "licenses.txt": "A159BE62AA91178EFC3E3983AE874D1D",
  "Lumina.dll": "ED34A66C23B6B17DFC07718AE87EE3DE",
  "Lumina.Excel.dll": "CBC818B86763CBF799EC30057E114508",
  "Microsoft.Bcl.HashCode.dll": "613AB56061ADF2284E047025207467E0",
  "Microsoft.DotNet.PlatformAbstractions.dll": "00AB0F02B1114C57C758F5AD595224F1",
  "Microsoft.Extensions.DependencyModel.dll": "F39BC76C10CFEA478C936FC4521A9FC9",
  "Microsoft.Extensions.ObjectPool.dll": "FEE3CE8A84417360CC5ED787ED6F7DB1",
  "MinSharp.dll": "7E483D506A1131A41D5D3C30B8273B4E",
  "Mono.Cecil.dll": "C234E7A8EA9E15D65AD04534DB887268",
  "Mono.Cecil.Mdb.dll": "94838DC90E4D05787C2FA70FCE4D6887",
  "Mono.Cecil.Pdb.dll": "3A67BBDD8436D101D777C907CDE98D89",
  "Mono.Cecil.Rocks.dll": "05447C6CBBECEF1AD72E4CA77DF26F25",
  "nethost.dll": "012081214FE71F0F6ADCD9F4A71B2B00",
  "Newtonsoft.Json.dll": "86A83A63F12B55FD3718CFBFB577D7DC",
  "PeNet.Asn1.dll": "B05567A040B1765036C5CCA21E29A145",
  "PeNet.dll": "B392B7131A6D2700DE8EE79228D0C8B7",
  "PInvoke.AdvApi32.dll": "34EE461D05B403C3A15D0DEC32A3788C",
  "PInvoke.BCrypt.dll": "FD07758EE1440491F22923084109FF26",
  "PInvoke.Cabinet.dll": "333D950E3804735DA60CC41D614C63E2",
  "PInvoke.CfgMgr32.dll": "768BE7CC18EDCF78B296A72ABE891691",
  "PInvoke.Crypt32.dll": "E7B00B0851738F4A7F2C6D37DAA973B4",
  "PInvoke.DbgHelp.dll": "E701136169620D20E3A70B560DE20E44",
  "PInvoke.DwmApi.dll": "ACF223CC8962404056648815B486F7D9",
  "PInvoke.Gdi32.dll": "69FF434826F98582CE44D3136ECFFACB",
  "PInvoke.Hid.dll": "2E7A41257F8AD9B26073181F450CD8E5",
  "PInvoke.ImageHlp.dll": "79BE816E8D86EA66489D7780DD675D49",
  "PInvoke.IPHlpApi.dll": "E949FA3326D1BA8872B179AB4EE49D38",
  "PInvoke.Kernel32.dll": "234E15B122ED430DE99490CA1A204958",
  "PInvoke.Magnification.dll": "C9EA3D34F506741ECC044DB19C151F09",
  "PInvoke.Msi.dll": "69EE50CE2DA6B55755E52589F49A7EBC",
  "PInvoke.NCrypt.dll": "DA1DE76C14D99370CA3BEF19DC299B15",
  "PInvoke.NetApi32.dll": "AE79F9FA2E3864A5E0642AE4622ECDC5",
  "PInvoke.NewDev.dll": "B3E1992105D986EF9C5C8E4B630FBB07",
  "PInvoke.NTDll.dll": "3F6BDF840EB27DD0FD9EB8071822183A",
  "PInvoke.Ole32.dll": "3C49FB100B60519FFE725BCD12A538F6",
  "PInvoke.Psapi.dll": "A7683EE4B880227F01C8AE632A892B9E",
  "PInvoke.SetupApi.dll": "1B7AE321185D0081D1759A9AD829F9BA",
  "PInvoke.SHCore.dll": "F27E7F063D51480F6D2294C903E4A606",
  "PInvoke.Shell32.dll": "F71A1BCAF6478190691170DAEA77722F",
  "PInvoke.User32.dll": "8BEDE38311ED4F27127290B81B8079FD",
  "PInvoke.Userenv.dll": "FEB7BCA90B8C905EC2F4BB0789847131",
  "PInvoke.UxTheme.dll": "8E683C016250CB719FDB9AAAFC22B3C5",
  "PInvoke.Windows.Core.dll": "90015440A44935208FFEA9BF61740651",
  "PInvoke.Windows.ShellScalingApi.dll": "F351B34B8C9183A51CADFDC279357C49",
  "PInvoke.WinUsb.dll": "9EB8A0280F2848D1A32B560A939F7336",
  "PInvoke.WtsApi32.dll": "341C94455D2E5893DBE4293D4D67AA4D",
  "Reloaded.Assembler.dll": "05C4E3121999A91460618DF8B65312FB",
  "Reloaded.Hooks.Definitions.dll": "96804217CFFC709AF29DFAD4D3E6E44E",
  "Reloaded.Hooks.dll": "1B966DA353383C62524B551CABE87B50",
  "Reloaded.Memory.Buffers.dll": "D7A35EF9F0F9BEFC7C8E9A8B172B341E",
  "Reloaded.Memory.dll": "C1649A9C948B782F3818BCB9DCCBF4C1",
  "revision.txt": "10FF0B5E85E5B85CC3095D431D8C08B4",
  "SDL2-CS.config": "65557595FD5DF55D93B2BF881DE62C3A",
  "SDL2-CS.dll": "3A0FE5A18A7168E0790CD28E6A7F8299",
  "Serilog.dll": "D48FC75D5153DB2510EC352F611C9140",
  "Serilog.Sinks.Async.dll": "479DB2DBCA8C8AEA3CD08765F539F247",
  "Serilog.Sinks.Console.dll": "6C9739D87BDB04AD157AB18B0CC9B602",
  "Serilog.Sinks.File.dll": "27CA2A020447C0A3CA2E1FE4C2BDC81E",
  "SharpDX.Direct3D11.dll": "1F7240DA173A5362F430BEAE69529589",
  "SharpDX.dll": "38F6B71C402804EFA947FFF8343F9433",
  "SharpDX.DXGI.dll": "768D9870285EBE85B921A6915F2F4011",
  "SharpDX.Mathematics.dll": "5AFEC6993190AC597D7B1169D180DCA2",
  "Silk.NET.Core.dll": "39B1650FD664275D773128BBAE01FC0C",
  "Silk.NET.GLFW.dll": "398DECBAA2F2C72B67EF133C7204C1B3",
  "Silk.NET.Maths.dll": "0CAC33350C5D7FA337C99DFED7EB243D",
  "Silk.NET.OpenGL.dll": "5140FC8768FB1BAB913B7762B68B1DB0",
  "Silk.NET.SDL.dll": "FB111D155DD8877B4F696EB4954A18CD",
  "Silk.NET.Windowing.Common.dll": "F6831AB4661A78910CFAE5538109EB52",
  "Silk.NET.Windowing.Glfw.dll": "3E09A51348608E55A599E6AC7E099323",
  "Silk.NET.Windowing.Sdl.dll": "2A872DBED287F0C93F242422890A36FF",
  "SQLite-net.dll": "479C6F7A83A5A8656074240368B09D28",
  "SQLitePCLRaw.batteries_v2.dll": "A9A3501DD028B8C02A91E548C3944729",
  "SQLitePCLRaw.core.dll": "95ADDEE177476E470EF08584E936E292",
  "SQLitePCLRaw.nativelibrary.dll": "5EA2FE706EFCB000CB7DF0A88EF3DA1C",
  "SQLitePCLRaw.provider.dynamic_cdecl.dll": "1571733ACFB9C676CDD32FF5B73BF5BC",
  "StbiSharp.dll": "B0923B97FB0FFC11D36593235A8B5AFC",
  "System.Reactive.dll": "EF5A00287AD15393D41B12AA4B726FF7",
  "System.Reflection.MetadataLoadContext.dll": "7EC41D41F4E1246757BA3E2EC862D562",
  "System.Security.Cryptography.Pkcs.dll": "8950E01996A37E808BE3F39063C37BF9",
  "TEMP_gitver.txt": "2425AAEBBCB6104AE90C9EB2035E1B83",
  "TerraFX.Interop.Windows.dll": "84F7EF6B0DE91F8CC23F773D3FD6DEC0",
  "Validation.dll": "CC9B662D88D7EB26EB1841BFC8B58291"
}
