{
  "runtimes\\alpine-x64\\native\\libe_sqlite3.so": "39C244FEDBCD3DFC37041D4FCE1AE21D",
  "runtimes\\linux-arm\\native\\libe_sqlite3.so": "96CF54BC0EFB83D6E3F5F3E04997A59D",
  "runtimes\\linux-arm64\\native\\libe_sqlite3.so": "F079E55E7F3F9966A4A2052A3234E068",
  "runtimes\\linux-armel\\native\\libe_sqlite3.so": "C5A67D49434FC65D64E9C15778078C76",
  "runtimes\\linux-mips64\\native\\libe_sqlite3.so": "5F8461214089CFC677D46C19B7162161",
  "runtimes\\linux-musl-x64\\native\\libe_sqlite3.so": "39C244FEDBCD3DFC37041D4FCE1AE21D",
  "runtimes\\linux-x64\\native\\libe_sqlite3.so": "6F49C540D3AB9964D67A4A704C3D262D",
  "runtimes\\linux-x64\\native\\libglfw.so.3": "9E3137144F68B9E9793F4C7AD5B1BEA7",
  "runtimes\\linux-x64\\native\\libSDL2-2.0.so": "99B95A708381FC66AB2370E45A260527",
  "runtimes\\linux-x64\\native\\libstbi.so": "0945355ED59677D06E3E88F48101BB26",
  "runtimes\\linux-x86\\native\\libe_sqlite3.so": "5E0659B414CBD6DDC38C65582485853E",
  "runtimes\\osx-x64\\native\\libe_sqlite3.dylib": "F82AE134FCD1C080A69D775591406673",
  "runtimes\\osx-x64\\native\\libglfw.3.dylib": "1E30FAB2F0C40E82290AD4B0BF14A880",
  "runtimes\\osx-x64\\native\\libSDL2-2.0.dylib": "AAC958490586C67395F0A90903AE3747",
  "runtimes\\osx-x64\\native\\libstbi.dylib": "0B84B0A6A80178266018081C3CAB68E6",
  "runtimes\\win-arm\\native\\e_sqlite3.dll": "3FAAB5C04556C0AC1B2A64963FBD6BA1",
  "runtimes\\win-arm64\\native\\e_sqlite3.dll": "48A8430D71F5DFE3237C915A0A66CCF4",
  "runtimes\\win-x64\\native\\cimgui.dll": "D3C0EF5A5677F680DE2F000DA00EFD10",
  "runtimes\\win-x64\\native\\cimguizmo.dll": "6424726AD77AFA762DE963D47410C258",
  "runtimes\\win-x64\\native\\cimplot.dll": "275F76CE573443E59B234B66A5C7C67B",
  "runtimes\\win-x64\\native\\e_sqlite3.dll": "DA7E0C2A95C0A98468DA6DC9733E9717",
  "runtimes\\win-x64\\native\\glfw3.dll": "A24FB9ED4C4386634C3F56FE6652EABD",
  "runtimes\\win-x64\\native\\minhook.x64d.dll": "7286CE452E10C8282F8607D9C8F5810E",
  "runtimes\\win-x64\\native\\SDL2.dll": "8237F0B98023CB1BB51820B9315021D4",
  "runtimes\\win-x64\\native\\stbi.dll": "F54C2C6EDFE8F064DC7F4469BE073E71",
  "runtimes\\win-x64\\native\\stbi.lib": "927C214DE576219E1F80DBE7798A0502",
  "runtimes\\win-x86\\native\\e_sqlite3.dll": "11B52639A40D39763D5B78D6142177DD",
  "runtimes\\win-x86\\native\\glfw3.dll": "2FAB74B6F8994499BA6EA5E8714A3A85",
  "runtimes\\win-x86\\native\\SDL2.dll": "AE5C21919D3FB79864619DB1E79F0B5E",
  "targets\\Dalamud.Plugin.Bootstrap.targets": "C85635161398CD9852CF7212DB7EB904",
  "targets\\Dalamud.Plugin.targets": "E2AA900DB1F6596D1C203D4112A10F5E",
  "BitFaster.Caching.dll": "6C7AA62E366B349F27FFFC0E028D1CDD",
  "CheapLoc.dll": "627B3843ED9351D9A29269F10B4C9FC4",
  "Costura.dll": "DAC2E5E42CC0467EE3FAE50F10D15F2B",
  "Dalamud.Boot.dll": "8549562ABDC61DCE5C7CB8B7292B434D",
  "Dalamud.Common.dll": "C731F8F8487DE5C8207142F023F96423",
  "Dalamud.deps.json": "0B36E19377BD1CB30AD7C19F0975F2D9",
  "Dalamud.dll": "6AA1E3D623CC10CAA1A3BDB4290B1E77",
  "Dalamud.Injector.deps.json": "C1FA0941DC8B38E415776C60C508AAB9",
  "Dalamud.Injector.dll": "2DDAD1E97A8695987A54DF484A630539",
  "Dalamud.Injector.exe": "8ECD546859447E37AC12DB8795A7CFB9",
  "Dalamud.Injector.runtimeconfig.json": "B9BB65FFE7924D4D8BABE9FA66303200",
  "Dalamud.Injector.xml": "D41E5DF541D19A015215E777D7395C9C",
  "Dalamud.runtimeconfig.json": "2A9CD915428BDD175E0889BD0C225F75",
  "Dalamud.xml": "44251F1B3F5A4796EA7A75EA325711BE",
  "DalamudCrashHandler.exe": "3871DA855CC22A58C4AB1161E17BB523",
  "FASM-LICENSE.TXT": "ECEA1D10811221D5F0A3E96F9C38E2C7",
  "FASM.DLL": "4E8CDCA156481CF2AFA77B0376748C2C",
  "FASMX64.DLL": "99BF3BB9FFEDBEA371D6CDE64127E257",
  "FFXIVClientStructs.dll": "3FAF18AE1BB3EF467953F6C27D7CCC88",
  "FFXIVClientStructs.xml": "C511E2A28B183896CBC17F01AACF7992",
  "goaaats.Reloaded.Assembler.targets": "CC22CB0A353E2136EE9E6E96DB9F7164",
  "Iced.dll": "C80632DCD355EDD50E3B97A258D631B6",
  "ImGui.NET.dll": "7F973F2CAEDF60406349AC078D4A3BD5",
  "ImGuiScene.dll": "A520EBFCE8E00E5AB3C804C3546DE5BF",
  "InteropGenerator.Runtime.dll": "10450409E59B0EACB18B5FC025403541",
  "JetBrains.Annotations.dll": "9657D7F0E7E37EC160D2E4C08E30BC1C",
  "licenses.txt": "A159BE62AA91178EFC3E3983AE874D1D",
  "Lumina.dll": "1E288FB376D21FD9B44CD6C24B3849A2",
  "Lumina.Excel.dll": "5537AEF3EBE2AEB20C7C1553C4DA2FC4",
  "Microsoft.Bcl.HashCode.dll": "613AB56061ADF2284E047025207467E0",
  "Microsoft.DotNet.PlatformAbstractions.dll": "00AB0F02B1114C57C758F5AD595224F1",
  "Microsoft.Extensions.DependencyModel.dll": "F39BC76C10CFEA478C936FC4521A9FC9",
  "Microsoft.Extensions.ObjectPool.dll": "FEE3CE8A84417360CC5ED787ED6F7DB1",
  "MinSharp.dll": "DC0F17840E55D936EBC50DE184EDC200",
  "Mono.Cecil.dll": "1465050472355243961A110489D9B794",
  "Mono.Cecil.Mdb.dll": "CEB5795D58F94DDACFA8B5A783654A97",
  "Mono.Cecil.Pdb.dll": "F362D5F393FE51B877860E17671337F2",
  "Mono.Cecil.Rocks.dll": "F22AABFB0BA86666C7F1637B2696B92B",
  "nethost.dll": "012081214FE71F0F6ADCD9F4A71B2B00",
  "Newtonsoft.Json.dll": "86A83A63F12B55FD3718CFBFB577D7DC",
  "PeNet.Asn1.dll": "159B3D415500804B5BA1602D210AF29C",
  "PeNet.dll": "E072E413B02C6EE65EFA3961089C6DD6",
  "PInvoke.AdvApi32.dll": "34EE461D05B403C3A15D0DEC32A3788C",
  "PInvoke.BCrypt.dll": "FD07758EE1440491F22923084109FF26",
  "PInvoke.Cabinet.dll": "333D950E3804735DA60CC41D614C63E2",
  "PInvoke.CfgMgr32.dll": "768BE7CC18EDCF78B296A72ABE891691",
  "PInvoke.Crypt32.dll": "E7B00B0851738F4A7F2C6D37DAA973B4",
  "PInvoke.DbgHelp.dll": "E701136169620D20E3A70B560DE20E44",
  "PInvoke.DwmApi.dll": "ACF223CC8962404056648815B486F7D9",
  "PInvoke.Gdi32.dll": "69FF434826F98582CE44D3136ECFFACB",
  "PInvoke.Hid.dll": "2E7A41257F8AD9B26073181F450CD8E5",
  "PInvoke.ImageHlp.dll": "79BE816E8D86EA66489D7780DD675D49",
  "PInvoke.IPHlpApi.dll": "E949FA3326D1BA8872B179AB4EE49D38",
  "PInvoke.Kernel32.dll": "234E15B122ED430DE99490CA1A204958",
  "PInvoke.Magnification.dll": "C9EA3D34F506741ECC044DB19C151F09",
  "PInvoke.Msi.dll": "69EE50CE2DA6B55755E52589F49A7EBC",
  "PInvoke.NCrypt.dll": "DA1DE76C14D99370CA3BEF19DC299B15",
  "PInvoke.NetApi32.dll": "AE79F9FA2E3864A5E0642AE4622ECDC5",
  "PInvoke.NewDev.dll": "B3E1992105D986EF9C5C8E4B630FBB07",
  "PInvoke.NTDll.dll": "3F6BDF840EB27DD0FD9EB8071822183A",
  "PInvoke.Ole32.dll": "3C49FB100B60519FFE725BCD12A538F6",
  "PInvoke.Psapi.dll": "A7683EE4B880227F01C8AE632A892B9E",
  "PInvoke.SetupApi.dll": "1B7AE321185D0081D1759A9AD829F9BA",
  "PInvoke.SHCore.dll": "F27E7F063D51480F6D2294C903E4A606",
  "PInvoke.Shell32.dll": "F71A1BCAF6478190691170DAEA77722F",
  "PInvoke.User32.dll": "8BEDE38311ED4F27127290B81B8079FD",
  "PInvoke.Userenv.dll": "FEB7BCA90B8C905EC2F4BB0789847131",
  "PInvoke.UxTheme.dll": "8E683C016250CB719FDB9AAAFC22B3C5",
  "PInvoke.Windows.Core.dll": "90015440A44935208FFEA9BF61740651",
  "PInvoke.Windows.ShellScalingApi.dll": "F351B34B8C9183A51CADFDC279357C49",
  "PInvoke.WinUsb.dll": "9EB8A0280F2848D1A32B560A939F7336",
  "PInvoke.WtsApi32.dll": "341C94455D2E5893DBE4293D4D67AA4D",
  "Reloaded.Assembler.dll": "07991D9E5C7B65C9D62AC33791691A80",
  "Reloaded.Hooks.Definitions.dll": "C88CA737B9EA3B67021550904E92BE47",
  "Reloaded.Hooks.dll": "B5850C4B8C136DCDB09880B64395BB2B",
  "Reloaded.Memory.Buffers.dll": "0C31CFB7456EA9C1F7FC6CAC455E44EE",
  "Reloaded.Memory.dll": "6E72813B459A8AE0667FFB152016E032",
  "revision.txt": "BA6D843EB4251A4526CE65D1807A9309",
  "SDL2-CS.config": "65557595FD5DF55D93B2BF881DE62C3A",
  "SDL2-CS.dll": "23E7591C493A6BC819BCBEFBA378921C",
  "Serilog.dll": "8D84424FCC4397B5A1D329EE91F0523C",
  "Serilog.Sinks.Async.dll": "CFAA80E48532F08B7498B7370AA023D1",
  "Serilog.Sinks.Console.dll": "DC7A1ED3BDDD5085DA7E21B780B71884",
  "Serilog.Sinks.File.dll": "203598523A635FDCB35BC2A6BBFEAACC",
  "SharpDX.Direct3D11.dll": "5F6373C5850C563D249A794840434E26",
  "SharpDX.dll": "0B9A1C8E74A09352883629E80676F3FD",
  "SharpDX.DXGI.dll": "6E1311429F835AEF45E298EE638CB36F",
  "SharpDX.Mathematics.dll": "D0F9613508FAB4ED951E7B2A3CF392CF",
  "Silk.NET.Core.dll": "C52D1E50B22A6A228BF2071210F2228B",
  "Silk.NET.GLFW.dll": "ADAB206B13D9C1E1666071BAC4FEB24E",
  "Silk.NET.Maths.dll": "43517E31CA1C6B9DFE4626A870C3279B",
  "Silk.NET.OpenGL.dll": "8C383A9F92B1C4EB0F52E4D33C530E70",
  "Silk.NET.SDL.dll": "D9E755B21CCF23CC1FF84695C3F95468",
  "Silk.NET.Windowing.Common.dll": "72FDAB53A0B0888C287388A3F4CB22CB",
  "Silk.NET.Windowing.Glfw.dll": "249F286F040EE0B45F37103AA8D14021",
  "Silk.NET.Windowing.Sdl.dll": "F801CCBAA87730EE6AD1D33182ED024D",
  "SQLite-net.dll": "D97A1B31EA2D0102BBCF99AC15E97825",
  "SQLitePCLRaw.batteries_v2.dll": "BFFD6A4DC86464D3917270928C8DF110",
  "SQLitePCLRaw.core.dll": "9B357024E620322EDB8535FD93C545BE",
  "SQLitePCLRaw.nativelibrary.dll": "FE871FB7EEC8665169B819BED07832DC",
  "SQLitePCLRaw.provider.dynamic_cdecl.dll": "E238D2ECF4F1B9D2CCD62F180AA5AEFC",
  "StbiSharp.dll": "096B64C6EC1374141D7C083BD7378937",
  "System.Reactive.dll": "EF5A00287AD15393D41B12AA4B726FF7",
  "System.Reflection.MetadataLoadContext.dll": "7EC41D41F4E1246757BA3E2EC862D562",
  "System.Security.Cryptography.Pkcs.dll": "8950E01996A37E808BE3F39063C37BF9",
  "TEMP_gitver.txt": "F18E17CBAC2FAAC1AB8D603B5312FD39",
  "TerraFX.Interop.Windows.dll": "84F7EF6B0DE91F8CC23F773D3FD6DEC0",
  "Validation.dll": "179F9DA6A9421DE95E3E410D76BAF69A"
}
