{
  "runtimes\\alpine-x64\\native\\libe_sqlite3.so": "39C244FEDBCD3DFC37041D4FCE1AE21D",
  "runtimes\\linux-arm\\native\\libe_sqlite3.so": "96CF54BC0EFB83D6E3F5F3E04997A59D",
  "runtimes\\linux-arm64\\native\\libe_sqlite3.so": "F079E55E7F3F9966A4A2052A3234E068",
  "runtimes\\linux-armel\\native\\libe_sqlite3.so": "C5A67D49434FC65D64E9C15778078C76",
  "runtimes\\linux-mips64\\native\\libe_sqlite3.so": "5F8461214089CFC677D46C19B7162161",
  "runtimes\\linux-musl-x64\\native\\libe_sqlite3.so": "39C244FEDBCD3DFC37041D4FCE1AE21D",
  "runtimes\\linux-x64\\native\\libe_sqlite3.so": "6F49C540D3AB9964D67A4A704C3D262D",
  "runtimes\\linux-x64\\native\\libglfw.so.3": "9E3137144F68B9E9793F4C7AD5B1BEA7",
  "runtimes\\linux-x64\\native\\libSDL2-2.0.so": "99B95A708381FC66AB2370E45A260527",
  "runtimes\\linux-x64\\native\\libstbi.so": "0945355ED59677D06E3E88F48101BB26",
  "runtimes\\linux-x86\\native\\libe_sqlite3.so": "5E0659B414CBD6DDC38C65582485853E",
  "runtimes\\osx-x64\\native\\libe_sqlite3.dylib": "F82AE134FCD1C080A69D775591406673",
  "runtimes\\osx-x64\\native\\libglfw.3.dylib": "1E30FAB2F0C40E82290AD4B0BF14A880",
  "runtimes\\osx-x64\\native\\libSDL2-2.0.dylib": "AAC958490586C67395F0A90903AE3747",
  "runtimes\\osx-x64\\native\\libstbi.dylib": "0B84B0A6A80178266018081C3CAB68E6",
  "runtimes\\win-arm\\native\\e_sqlite3.dll": "474BB5512915DFE51A2A3E736876BB0E",
  "runtimes\\win-arm64\\native\\e_sqlite3.dll": "0955684A6B647638BBB61F6D2E53A71F",
  "runtimes\\win-x64\\native\\cimgui.dll": "3B43F0A0E8BB8C4679CB559427906498",
  "runtimes\\win-x64\\native\\cimguizmo.dll": "B3BE1D6F251694B3713AC9B7BD5D260B",
  "runtimes\\win-x64\\native\\cimplot.dll": "32BCE330AF856FE5524B7DF64CC3A7C6",
  "runtimes\\win-x64\\native\\e_sqlite3.dll": "7EECE6F15E1D56BB7E266B5B2F79F469",
  "runtimes\\win-x64\\native\\glfw3.dll": "C3D80EE4832EE5476D365C722400A86D",
  "runtimes\\win-x64\\native\\minhook.x64d.dll": "7F9D50DABA3C672B30FF01A50711B861",
  "runtimes\\win-x64\\native\\SDL2.dll": "BBEE76C4BB9568EEBAC12694CB3D60EF",
  "runtimes\\win-x64\\native\\stbi.dll": "336DDB6E87F398432F338DB09113E4DA",
  "runtimes\\win-x64\\native\\stbi.lib": "927C214DE576219E1F80DBE7798A0502",
  "runtimes\\win-x86\\native\\e_sqlite3.dll": "E91775170FB4C7EEF91C10664E59E5E2",
  "runtimes\\win-x86\\native\\glfw3.dll": "0A8965EE87988817F23A535813835EA7",
  "runtimes\\win-x86\\native\\SDL2.dll": "303AEF650CEC6F9AAD8E7CCCB165D49C",
  "targets\\Dalamud.Plugin.Bootstrap.targets": "C85635161398CD9852CF7212DB7EB904",
  "targets\\Dalamud.Plugin.targets": "E2AA900DB1F6596D1C203D4112A10F5E",
  "BitFaster.Caching.dll": "0EDA77E1911EBD29B7EA4F3CED8D1A76",
  "CheapLoc.dll": "F372EFC7B143DD7E7B3488C8FF00D0BD",
  "Costura.dll": "E7494DF24145F68A912464AD749A8C3D",
  "Dalamud.Boot.dll": "07575492243CA91F77AD49552847CA4F",
  "Dalamud.Common.dll": "05192C5778B28C4CA5302D453DD29CF3",
  "Dalamud.deps.json": "963CDDC655AD26EE30A8A4FA2E2A16D3",
  "Dalamud.dll": "E04127F18461C6D7A461E1FD19E9E29C",
  "Dalamud.Injector.deps.json": "C1FA0941DC8B38E415776C60C508AAB9",
  "Dalamud.Injector.dll": "FAD67158E3A849B3A3EAD7F20263FA77",
  "Dalamud.Injector.exe": "9BDF82B8827A9A14B25550038793C6A5",
  "Dalamud.Injector.runtimeconfig.json": "B9BB65FFE7924D4D8BABE9FA66303200",
  "Dalamud.Injector.xml": "D41E5DF541D19A015215E777D7395C9C",
  "Dalamud.runtimeconfig.json": "2A9CD915428BDD175E0889BD0C225F75",
  "Dalamud.xml": "45AB77CFF0125C1D115D8651CAAC3E54",
  "DalamudCrashHandler.exe": "F034F395C55A1A665BA8204CC224F8F0",
  "FASM-LICENSE.TXT": "ECEA1D10811221D5F0A3E96F9C38E2C7",
  "FASM.DLL": "9ED9F25F83E489E968E2E5CDA8E0C81F",
  "FASMX64.DLL": "F44050DCD29993D6DA7D97564A48856B",
  "FFXIVClientStructs.dll": "9A98B5BEAFDC9B591081A4A875AB4494",
  "FFXIVClientStructs.xml": "3C673C8B00E1798B19E579339C9CB903",
  "goaaats.Reloaded.Assembler.targets": "CC22CB0A353E2136EE9E6E96DB9F7164",
  "Iced.dll": "A9F0B8253A6B22C889D7B646FF047173",
  "ImGui.NET.dll": "66D72BDA82D4EC7F314457C525D9FCAA",
  "ImGuiScene.dll": "A0D82A6486832C55D17709D86F8AF002",
  "InteropGenerator.Runtime.dll": "D29F5281826E5B098908C4784ABC148D",
  "JetBrains.Annotations.dll": "A9354E94725C40F6D9272F9FEF6FB48C",
  "licenses.txt": "A159BE62AA91178EFC3E3983AE874D1D",
  "Lumina.dll": "2FCCC34604865EB5EC5DFFE55AB5997E",
  "Lumina.Excel.dll": "D0E2C9D93D2E246AAFE1C16AD1FB85D2",
  "Microsoft.Bcl.HashCode.dll": "613AB56061ADF2284E047025207467E0",
  "Microsoft.DotNet.PlatformAbstractions.dll": "00AB0F02B1114C57C758F5AD595224F1",
  "Microsoft.Extensions.DependencyModel.dll": "F39BC76C10CFEA478C936FC4521A9FC9",
  "Microsoft.Extensions.ObjectPool.dll": "FEE3CE8A84417360CC5ED787ED6F7DB1",
  "MinSharp.dll": "CD596BF0B5D175245826C75238D07088",
  "Mono.Cecil.dll": "78B052F3A1E379AC070F2D2E5EAD019B",
  "Mono.Cecil.Mdb.dll": "122E4E7624D93ED469B3CEFD30D19A80",
  "Mono.Cecil.Pdb.dll": "0AEB746337AB71724EFF1C951BAE9953",
  "Mono.Cecil.Rocks.dll": "3E6A3AB4BFABC9166EEF8A7AF55262A0",
  "nethost.dll": "012081214FE71F0F6ADCD9F4A71B2B00",
  "Newtonsoft.Json.dll": "86A83A63F12B55FD3718CFBFB577D7DC",
  "PeNet.Asn1.dll": "E80D51F76BE592E91DB7D37345FB9024",
  "PeNet.dll": "375511F925DF63A798971F8CF7727756",
  "PInvoke.AdvApi32.dll": "34EE461D05B403C3A15D0DEC32A3788C",
  "PInvoke.BCrypt.dll": "FD07758EE1440491F22923084109FF26",
  "PInvoke.Cabinet.dll": "333D950E3804735DA60CC41D614C63E2",
  "PInvoke.CfgMgr32.dll": "768BE7CC18EDCF78B296A72ABE891691",
  "PInvoke.Crypt32.dll": "E7B00B0851738F4A7F2C6D37DAA973B4",
  "PInvoke.DbgHelp.dll": "E701136169620D20E3A70B560DE20E44",
  "PInvoke.DwmApi.dll": "ACF223CC8962404056648815B486F7D9",
  "PInvoke.Gdi32.dll": "69FF434826F98582CE44D3136ECFFACB",
  "PInvoke.Hid.dll": "2E7A41257F8AD9B26073181F450CD8E5",
  "PInvoke.ImageHlp.dll": "79BE816E8D86EA66489D7780DD675D49",
  "PInvoke.IPHlpApi.dll": "E949FA3326D1BA8872B179AB4EE49D38",
  "PInvoke.Kernel32.dll": "234E15B122ED430DE99490CA1A204958",
  "PInvoke.Magnification.dll": "C9EA3D34F506741ECC044DB19C151F09",
  "PInvoke.Msi.dll": "69EE50CE2DA6B55755E52589F49A7EBC",
  "PInvoke.NCrypt.dll": "DA1DE76C14D99370CA3BEF19DC299B15",
  "PInvoke.NetApi32.dll": "AE79F9FA2E3864A5E0642AE4622ECDC5",
  "PInvoke.NewDev.dll": "B3E1992105D986EF9C5C8E4B630FBB07",
  "PInvoke.NTDll.dll": "3F6BDF840EB27DD0FD9EB8071822183A",
  "PInvoke.Ole32.dll": "3C49FB100B60519FFE725BCD12A538F6",
  "PInvoke.Psapi.dll": "A7683EE4B880227F01C8AE632A892B9E",
  "PInvoke.SetupApi.dll": "1B7AE321185D0081D1759A9AD829F9BA",
  "PInvoke.SHCore.dll": "F27E7F063D51480F6D2294C903E4A606",
  "PInvoke.Shell32.dll": "F71A1BCAF6478190691170DAEA77722F",
  "PInvoke.User32.dll": "8BEDE38311ED4F27127290B81B8079FD",
  "PInvoke.Userenv.dll": "FEB7BCA90B8C905EC2F4BB0789847131",
  "PInvoke.UxTheme.dll": "8E683C016250CB719FDB9AAAFC22B3C5",
  "PInvoke.Windows.Core.dll": "90015440A44935208FFEA9BF61740651",
  "PInvoke.Windows.ShellScalingApi.dll": "F351B34B8C9183A51CADFDC279357C49",
  "PInvoke.WinUsb.dll": "9EB8A0280F2848D1A32B560A939F7336",
  "PInvoke.WtsApi32.dll": "341C94455D2E5893DBE4293D4D67AA4D",
  "Reloaded.Assembler.dll": "26CB21283849CEDDC955548674C5E451",
  "Reloaded.Hooks.Definitions.dll": "007E49F2D15240266C4F542974A5585C",
  "Reloaded.Hooks.dll": "64CDC28A1BFFBF4DD14BAE2672BAAC9A",
  "Reloaded.Memory.Buffers.dll": "431CA32B8A8D84D0EB2E0E3D65EB3609",
  "Reloaded.Memory.dll": "00165CEA521E6FD7F71D1FC4BEAD95DE",
  "revision.txt": "78E8DFFE65A2898EEF68A33B8DB35B78",
  "SDL2-CS.config": "65557595FD5DF55D93B2BF881DE62C3A",
  "SDL2-CS.dll": "AF9D481DE7639B9D2E15FC358E65726F",
  "Serilog.dll": "8E1DE74B53827BA4E96DD046400EB05A",
  "Serilog.Sinks.Async.dll": "BF004FE8AFFA47062DC863233F777C09",
  "Serilog.Sinks.Console.dll": "2540C43E1CCC7219136705FC308DF2A5",
  "Serilog.Sinks.File.dll": "A0C28F23931ECE4322ABF66632DBF540",
  "SharpDX.Direct3D11.dll": "F3B98FA1CF80EE0EB8E0C5001FD30778",
  "SharpDX.dll": "AC93E8906F143E9B58DBC6CCEFA651AA",
  "SharpDX.DXGI.dll": "88BD5D26131F671DE90862A64E52686E",
  "SharpDX.Mathematics.dll": "09CEC8CDAB062E455B7682B7988F6DB5",
  "Silk.NET.Core.dll": "15C34C700A72E39B46B98DA0D4CBD5D4",
  "Silk.NET.GLFW.dll": "7527AC19A65858431823FBCDB9811A16",
  "Silk.NET.Maths.dll": "B5619867A4D6BBF56336A2FEB3BC9B9F",
  "Silk.NET.OpenGL.dll": "9ADCBA8A3E3D9A6A32D0CEEA52C04857",
  "Silk.NET.SDL.dll": "D0D8446CE0B030CD069CB837A3D42E10",
  "Silk.NET.Windowing.Common.dll": "BCBB18A3A5FCE48D61A07DC6DB0B3D83",
  "Silk.NET.Windowing.Glfw.dll": "8FADCF0646F74E4D4BD5BE917555A08A",
  "Silk.NET.Windowing.Sdl.dll": "14422B009FC213104573BF5C61890C15",
  "SQLite-net.dll": "7095A482469DDC30EA1A5FF081BC0023",
  "SQLitePCLRaw.batteries_v2.dll": "1A45B53F0D07B3E4E5E0580D63959A01",
  "SQLitePCLRaw.core.dll": "85A6A879A54E1B6E140EFF9FC3CFB098",
  "SQLitePCLRaw.nativelibrary.dll": "EAB20CC2228A29732304BF53731DB018",
  "SQLitePCLRaw.provider.dynamic_cdecl.dll": "FCAB9B94F090EAC1845DBBF38E2A83B8",
  "StbiSharp.dll": "0FA613603973B3BD74CB4D8DACD33DDE",
  "System.Reactive.dll": "EF5A00287AD15393D41B12AA4B726FF7",
  "System.Reflection.MetadataLoadContext.dll": "7EC41D41F4E1246757BA3E2EC862D562",
  "System.Security.Cryptography.Pkcs.dll": "8950E01996A37E808BE3F39063C37BF9",
  "TEMP_gitver.txt": "C3497C3717DD7DBF3508D209EACBC203",
  "TerraFX.Interop.Windows.dll": "84F7EF6B0DE91F8CC23F773D3FD6DEC0",
  "Validation.dll": "4E69AF8D7708ED9B51EB424074260707"
}
