{
  "runtimes\\alpine-x64\\native\\libe_sqlite3.so": "39C244FEDBCD3DFC37041D4FCE1AE21D",
  "runtimes\\linux-arm\\native\\libe_sqlite3.so": "96CF54BC0EFB83D6E3F5F3E04997A59D",
  "runtimes\\linux-arm64\\native\\libe_sqlite3.so": "F079E55E7F3F9966A4A2052A3234E068",
  "runtimes\\linux-armel\\native\\libe_sqlite3.so": "C5A67D49434FC65D64E9C15778078C76",
  "runtimes\\linux-mips64\\native\\libe_sqlite3.so": "5F8461214089CFC677D46C19B7162161",
  "runtimes\\linux-musl-x64\\native\\libe_sqlite3.so": "39C244FEDBCD3DFC37041D4FCE1AE21D",
  "runtimes\\linux-x64\\native\\libe_sqlite3.so": "6F49C540D3AB9964D67A4A704C3D262D",
  "runtimes\\linux-x64\\native\\libglfw.so.3": "9E3137144F68B9E9793F4C7AD5B1BEA7",
  "runtimes\\linux-x64\\native\\libSDL2-2.0.so": "99B95A708381FC66AB2370E45A260527",
  "runtimes\\linux-x64\\native\\libstbi.so": "0945355ED59677D06E3E88F48101BB26",
  "runtimes\\linux-x86\\native\\libe_sqlite3.so": "5E0659B414CBD6DDC38C65582485853E",
  "runtimes\\osx-x64\\native\\libe_sqlite3.dylib": "F82AE134FCD1C080A69D775591406673",
  "runtimes\\osx-x64\\native\\libglfw.3.dylib": "1E30FAB2F0C40E82290AD4B0BF14A880",
  "runtimes\\osx-x64\\native\\libSDL2-2.0.dylib": "AAC958490586C67395F0A90903AE3747",
  "runtimes\\osx-x64\\native\\libstbi.dylib": "0B84B0A6A80178266018081C3CAB68E6",
  "runtimes\\win-arm\\native\\e_sqlite3.dll": "A7E7160132D4E299D74FB08CFAB6F11A",
  "runtimes\\win-arm64\\native\\e_sqlite3.dll": "6E0714DF9C1B8FD726170950BA7064EA",
  "runtimes\\win-x64\\native\\cimgui.dll": "2742ADAFA3FA8DAB0C578896CCB6B215",
  "runtimes\\win-x64\\native\\cimguizmo.dll": "BAB2E0FCD0F0DBA14118C15A96AE8F46",
  "runtimes\\win-x64\\native\\cimplot.dll": "A30B5B4124407238D549BA6881C1016B",
  "runtimes\\win-x64\\native\\e_sqlite3.dll": "107A80AF4F2C21979AE19A61E318F5C2",
  "runtimes\\win-x64\\native\\glfw3.dll": "4204DBBE1B0AB6B222F64A65290753E8",
  "runtimes\\win-x64\\native\\minhook.x64d.dll": "A0975D5744C71123D1030D915283DA90",
  "runtimes\\win-x64\\native\\SDL2.dll": "F0689465E2FC904829AE0D352374267B",
  "runtimes\\win-x64\\native\\stbi.dll": "C768FB2243030A4DBFEE21294F5275B0",
  "runtimes\\win-x64\\native\\stbi.lib": "927C214DE576219E1F80DBE7798A0502",
  "runtimes\\win-x86\\native\\e_sqlite3.dll": "D2A864EAE573675A3D08F729602ABD18",
  "runtimes\\win-x86\\native\\glfw3.dll": "9804C553ACB417F641B78C72FD2A70DD",
  "runtimes\\win-x86\\native\\SDL2.dll": "F8807973B8FCEAB8A0A285150BA5C17D",
  "targets\\Dalamud.Plugin.Bootstrap.targets": "C85635161398CD9852CF7212DB7EB904",
  "targets\\Dalamud.Plugin.targets": "DDD731601C06B16E10CF2F8990452A27",
  "BitFaster.Caching.dll": "507B2F0A4B91D980869EE4DD5820D505",
  "CheapLoc.dll": "6FE6407DD5A60904D16B9B9C159C2B40",
  "Costura.dll": "648FC5303F354250481B551E25C7DADF",
  "Dalamud.Boot.dll": "7C49B1E4B67695C56A8DE4892978D58F",
  "Dalamud.Common.dll": "3D41444B92936881280117FBB04448AC",
  "Dalamud.deps.json": "0B36E19377BD1CB30AD7C19F0975F2D9",
  "Dalamud.dll": "CD99A542DCC07A882FFD30BCAB2672C0",
  "Dalamud.Injector.deps.json": "C1FA0941DC8B38E415776C60C508AAB9",
  "Dalamud.Injector.dll": "C42CEE53572ADCEF839D52C4FDA99470",
  "Dalamud.Injector.exe": "A7A0054C747B7ED0E6C85511AA5CBCFD",
  "Dalamud.Injector.runtimeconfig.json": "B9BB65FFE7924D4D8BABE9FA66303200",
  "Dalamud.Injector.xml": "D41E5DF541D19A015215E777D7395C9C",
  "Dalamud.runtimeconfig.json": "2A9CD915428BDD175E0889BD0C225F75",
  "Dalamud.xml": "E770BA46C5AB1E1E2E7372DC0A7F3FED",
  "DalamudCrashHandler.exe": "52B06E7FA398A9AF83876FE6E9A429A0",
  "FASM-LICENSE.TXT": "ECEA1D10811221D5F0A3E96F9C38E2C7",
  "FASM.DLL": "696319DE086901A99B3B96A587687F50",
  "FASMX64.DLL": "1C4055C2208E15085D6FC3B8EBB87F0E",
  "FFXIVClientStructs.dll": "337E5A60EB5DEAE37853BA18CFFC796B",
  "FFXIVClientStructs.xml": "B376624435E54BBA877D29E845860A8C",
  "goaaats.Reloaded.Assembler.targets": "CC22CB0A353E2136EE9E6E96DB9F7164",
  "Iced.dll": "ED479A07AB96498F37D4EEE238925686",
  "ImGui.NET.dll": "DB4E178E847D992763B40C95D2410126",
  "ImGuiScene.dll": "BCCF5659B09CA493BDDB31B776FF602C",
  "InteropGenerator.Runtime.dll": "BFDEE19E4A067BD9A2059F7C382A426F",
  "JetBrains.Annotations.dll": "9BCFBDA0EC1F73E90C2CB9219D8E7745",
  "licenses.txt": "A159BE62AA91178EFC3E3983AE874D1D",
  "Lumina.dll": "5A47A93C3BF4530D41914B61D6EB0DCF",
  "Lumina.Excel.dll": "13EF9302CF6446B028B03045E0306B25",
  "Microsoft.Bcl.HashCode.dll": "613AB56061ADF2284E047025207467E0",
  "Microsoft.DotNet.PlatformAbstractions.dll": "00AB0F02B1114C57C758F5AD595224F1",
  "Microsoft.Extensions.DependencyModel.dll": "F39BC76C10CFEA478C936FC4521A9FC9",
  "Microsoft.Extensions.ObjectPool.dll": "FEE3CE8A84417360CC5ED787ED6F7DB1",
  "MinSharp.dll": "B4600FE1A9588EC384027645E4908D27",
  "Mono.Cecil.dll": "1CE05430AA5CE19101EA1E7215F2C529",
  "Mono.Cecil.Mdb.dll": "A3AE50EDCA57CA09EFF92ED20CA01B4E",
  "Mono.Cecil.Pdb.dll": "ACB55400AE644B41F93F8F2562E49929",
  "Mono.Cecil.Rocks.dll": "1F59B17B28278DAD9DFF4A1603D205E8",
  "nethost.dll": "012081214FE71F0F6ADCD9F4A71B2B00",
  "Newtonsoft.Json.dll": "86A83A63F12B55FD3718CFBFB577D7DC",
  "PeNet.Asn1.dll": "0F3EFF0F6DA915BA80C348A62C92EBBE",
  "PeNet.dll": "E38EFCA431C5A26F58A821B7F0E1155F",
  "PInvoke.AdvApi32.dll": "34EE461D05B403C3A15D0DEC32A3788C",
  "PInvoke.BCrypt.dll": "FD07758EE1440491F22923084109FF26",
  "PInvoke.Cabinet.dll": "333D950E3804735DA60CC41D614C63E2",
  "PInvoke.CfgMgr32.dll": "768BE7CC18EDCF78B296A72ABE891691",
  "PInvoke.Crypt32.dll": "E7B00B0851738F4A7F2C6D37DAA973B4",
  "PInvoke.DbgHelp.dll": "E701136169620D20E3A70B560DE20E44",
  "PInvoke.DwmApi.dll": "ACF223CC8962404056648815B486F7D9",
  "PInvoke.Gdi32.dll": "69FF434826F98582CE44D3136ECFFACB",
  "PInvoke.Hid.dll": "2E7A41257F8AD9B26073181F450CD8E5",
  "PInvoke.ImageHlp.dll": "79BE816E8D86EA66489D7780DD675D49",
  "PInvoke.IPHlpApi.dll": "E949FA3326D1BA8872B179AB4EE49D38",
  "PInvoke.Kernel32.dll": "234E15B122ED430DE99490CA1A204958",
  "PInvoke.Magnification.dll": "C9EA3D34F506741ECC044DB19C151F09",
  "PInvoke.Msi.dll": "69EE50CE2DA6B55755E52589F49A7EBC",
  "PInvoke.NCrypt.dll": "DA1DE76C14D99370CA3BEF19DC299B15",
  "PInvoke.NetApi32.dll": "AE79F9FA2E3864A5E0642AE4622ECDC5",
  "PInvoke.NewDev.dll": "B3E1992105D986EF9C5C8E4B630FBB07",
  "PInvoke.NTDll.dll": "3F6BDF840EB27DD0FD9EB8071822183A",
  "PInvoke.Ole32.dll": "3C49FB100B60519FFE725BCD12A538F6",
  "PInvoke.Psapi.dll": "A7683EE4B880227F01C8AE632A892B9E",
  "PInvoke.SetupApi.dll": "1B7AE321185D0081D1759A9AD829F9BA",
  "PInvoke.SHCore.dll": "F27E7F063D51480F6D2294C903E4A606",
  "PInvoke.Shell32.dll": "F71A1BCAF6478190691170DAEA77722F",
  "PInvoke.User32.dll": "8BEDE38311ED4F27127290B81B8079FD",
  "PInvoke.Userenv.dll": "FEB7BCA90B8C905EC2F4BB0789847131",
  "PInvoke.UxTheme.dll": "8E683C016250CB719FDB9AAAFC22B3C5",
  "PInvoke.Windows.Core.dll": "90015440A44935208FFEA9BF61740651",
  "PInvoke.Windows.ShellScalingApi.dll": "F351B34B8C9183A51CADFDC279357C49",
  "PInvoke.WinUsb.dll": "9EB8A0280F2848D1A32B560A939F7336",
  "PInvoke.WtsApi32.dll": "341C94455D2E5893DBE4293D4D67AA4D",
  "Reloaded.Assembler.dll": "F14D9B1D6BDC0E4B6D978C72CB7948B0",
  "Reloaded.Hooks.Definitions.dll": "B3AFE336F3118CDB4ADCA2F338720DC0",
  "Reloaded.Hooks.dll": "1E46D1A7DA589A2794A9C769333E6036",
  "Reloaded.Memory.Buffers.dll": "B78BEC292A4BE0D7C5C542A7A4D27872",
  "Reloaded.Memory.dll": "9B792D9B180E5E6341A555999C2E51C8",
  "revision.txt": "A714EC6796F638BA4D5792F78DCCD134",
  "SDL2-CS.config": "65557595FD5DF55D93B2BF881DE62C3A",
  "SDL2-CS.dll": "6F22AE48F369A554CD70759BD209C015",
  "Serilog.dll": "CAF95B4884F4D238424E10BA19758F1F",
  "Serilog.Sinks.Async.dll": "9BEE2FF59418133BD4E75597AB240E13",
  "Serilog.Sinks.Console.dll": "799BBE98A9997E15FB07E3964AACDBCF",
  "Serilog.Sinks.File.dll": "AF3BC215F945B32E152D9723EB235083",
  "SharpDX.Direct3D11.dll": "D789F59B8514214D44712059A48DE8FF",
  "SharpDX.dll": "36428E10003942B51CCE9FE270D5C5B2",
  "SharpDX.DXGI.dll": "B7DFAFEE540F44985727F9C56A19DFEC",
  "SharpDX.Mathematics.dll": "BA92171941AE1EA21BDFCC3FF81E12F1",
  "Silk.NET.Core.dll": "CEE2D7B07460EE67EF393902FCEE3759",
  "Silk.NET.GLFW.dll": "3EEA4883B0D39DCEDA35CD275884A478",
  "Silk.NET.Maths.dll": "ADDD2562567AD5DFD5159A725C533A50",
  "Silk.NET.OpenGL.dll": "0BACB06058056F97824EB714B91CB24B",
  "Silk.NET.SDL.dll": "95088A7DE1CA63B46141506668C4564C",
  "Silk.NET.Windowing.Common.dll": "6B661CBF0DBB0BC51A10414483AFC986",
  "Silk.NET.Windowing.Glfw.dll": "F4A8E9538C057ECE2C37D58A87BB4EB4",
  "Silk.NET.Windowing.Sdl.dll": "DB98E16AF1C9736D0B583F9286F2734C",
  "SQLite-net.dll": "9E3306AC2A7C67ABDE28A15336504D54",
  "SQLitePCLRaw.batteries_v2.dll": "D647E481FA340AFC973892EC134E0378",
  "SQLitePCLRaw.core.dll": "B12AD994F68603C3BCE4E047723C331F",
  "SQLitePCLRaw.nativelibrary.dll": "80EE20796352BD030C4DF063F8FE95C2",
  "SQLitePCLRaw.provider.dynamic_cdecl.dll": "9C067336B4ACD2DB396071696B007B4D",
  "StbiSharp.dll": "050ED1245EE28B8E7488F3D6D4BE9CEA",
  "System.Reactive.dll": "EF5A00287AD15393D41B12AA4B726FF7",
  "System.Reflection.MetadataLoadContext.dll": "7EC41D41F4E1246757BA3E2EC862D562",
  "System.Security.Cryptography.Pkcs.dll": "8950E01996A37E808BE3F39063C37BF9",
  "TEMP_gitver.txt": "78287370F1B8E50987CD8F8FE5ECDE90",
  "TerraFX.Interop.Windows.dll": "84F7EF6B0DE91F8CC23F773D3FD6DEC0",
  "Validation.dll": "B7EE8FA605F47EAAE2A190A262FD012C"
}
