{
  "runtimes\\alpine-x64\\native\\libe_sqlite3.so": "39C244FEDBCD3DFC37041D4FCE1AE21D",
  "runtimes\\linux-arm\\native\\libe_sqlite3.so": "96CF54BC0EFB83D6E3F5F3E04997A59D",
  "runtimes\\linux-arm64\\native\\libe_sqlite3.so": "F079E55E7F3F9966A4A2052A3234E068",
  "runtimes\\linux-armel\\native\\libe_sqlite3.so": "C5A67D49434FC65D64E9C15778078C76",
  "runtimes\\linux-mips64\\native\\libe_sqlite3.so": "5F8461214089CFC677D46C19B7162161",
  "runtimes\\linux-musl-x64\\native\\libe_sqlite3.so": "39C244FEDBCD3DFC37041D4FCE1AE21D",
  "runtimes\\linux-x64\\native\\libe_sqlite3.so": "6F49C540D3AB9964D67A4A704C3D262D",
  "runtimes\\linux-x64\\native\\libglfw.so.3": "9E3137144F68B9E9793F4C7AD5B1BEA7",
  "runtimes\\linux-x64\\native\\libSDL2-2.0.so": "99B95A708381FC66AB2370E45A260527",
  "runtimes\\linux-x64\\native\\libstbi.so": "0945355ED59677D06E3E88F48101BB26",
  "runtimes\\linux-x86\\native\\libe_sqlite3.so": "5E0659B414CBD6DDC38C65582485853E",
  "runtimes\\osx-x64\\native\\libe_sqlite3.dylib": "F82AE134FCD1C080A69D775591406673",
  "runtimes\\osx-x64\\native\\libglfw.3.dylib": "1E30FAB2F0C40E82290AD4B0BF14A880",
  "runtimes\\osx-x64\\native\\libSDL2-2.0.dylib": "AAC958490586C67395F0A90903AE3747",
  "runtimes\\osx-x64\\native\\libstbi.dylib": "0B84B0A6A80178266018081C3CAB68E6",
  "runtimes\\win-arm\\native\\e_sqlite3.dll": "9710829EE8435E25F290290A3AF4045F",
  "runtimes\\win-arm64\\native\\e_sqlite3.dll": "9E2EB033C10F08E1CFCC1CA2B1C9A77C",
  "runtimes\\win-x64\\native\\cimgui.dll": "0148B756238C4DBFA2770F6DC541B229",
  "runtimes\\win-x64\\native\\cimguizmo.dll": "36B2A0C100F8824018FE8711A3425EE5",
  "runtimes\\win-x64\\native\\cimplot.dll": "9EB3467533D707987FC5D81CFE28E40B",
  "runtimes\\win-x64\\native\\e_sqlite3.dll": "FF4824EAE3F76474F83A25603CC77612",
  "runtimes\\win-x64\\native\\glfw3.dll": "77DA54155E6951E90C17863D6923FD70",
  "runtimes\\win-x64\\native\\minhook.x64d.dll": "3AEDD7683F5A6F8FE1A98CF55E646BDC",
  "runtimes\\win-x64\\native\\SDL2.dll": "9FB6F7729972B14BFD3FDDA9A4B7C803",
  "runtimes\\win-x64\\native\\stbi.dll": "1BB13D74D30DE0D0F2856F6823D453DC",
  "runtimes\\win-x64\\native\\stbi.lib": "927C214DE576219E1F80DBE7798A0502",
  "runtimes\\win-x86\\native\\e_sqlite3.dll": "6550AE0012E05AB9266FF9F0F596BED0",
  "runtimes\\win-x86\\native\\glfw3.dll": "BA1688146F47E022A0088C31441DCE78",
  "runtimes\\win-x86\\native\\SDL2.dll": "4445291FFD4DBC189496E63C29D1B39A",
  "targets\\Dalamud.Plugin.Bootstrap.targets": "C85635161398CD9852CF7212DB7EB904",
  "targets\\Dalamud.Plugin.targets": "E2AA900DB1F6596D1C203D4112A10F5E",
  "CheapLoc.dll": "CF73DF42682E3276BB71272F506459C3",
  "Costura.dll": "22F9E44424B2DFEDD3BD1C38CC77F056",
  "Dalamud.Boot.dll": "8DEDDB653D6BFDF0929ED50C7F612D54",
  "Dalamud.Common.dll": "AD5CC92C5EC3781CED037CDE369F77F3",
  "Dalamud.deps.json": "5EC064218B6A161E5195EC66217B428D",
  "Dalamud.dll": "8D55F742DC378D83EED445EB4A1CE6D2",
  "Dalamud.Injector.deps.json": "C1FA0941DC8B38E415776C60C508AAB9",
  "Dalamud.Injector.dll": "39DD8EEA062B0F6928A3493ECB6D1024",
  "Dalamud.Injector.exe": "D1B198BDAEEB6EEF0541161A75735837",
  "Dalamud.Injector.runtimeconfig.json": "B9BB65FFE7924D4D8BABE9FA66303200",
  "Dalamud.Injector.xml": "D41E5DF541D19A015215E777D7395C9C",
  "Dalamud.runtimeconfig.json": "2A9CD915428BDD175E0889BD0C225F75",
  "Dalamud.xml": "2F01776A6EF69989CA50E8C789F492AD",
  "DalamudCrashHandler.exe": "EA046985B001EE3FF46E9A1A86B23E4F",
  "FASM-LICENSE.TXT": "ECEA1D10811221D5F0A3E96F9C38E2C7",
  "FASM.DLL": "12117AA0F714E7E99688CF713DB665E6",
  "FASMX64.DLL": "6E975EC979B26307C764ACA9CCE25F31",
  "FFXIVClientStructs.dll": "DC7B124B47C43F0AA67381ED5F59B8C7",
  "FFXIVClientStructs.xml": "C0223F32F7430476EEA2B5527DEFFA6D",
  "goaaats.Reloaded.Assembler.targets": "CC22CB0A353E2136EE9E6E96DB9F7164",
  "Iced.dll": "B27B31D792A6CA24E7880E10DCDF8989",
  "ImGui.NET.dll": "61BB5324158926D9D5EDEEF7F78ACDDC",
  "ImGuiScene.dll": "B36A418B1152FF85E83D2781B16526BA",
  "JetBrains.Annotations.dll": "A422E86CEA96B1013DB196FF036C4880",
  "licenses.txt": "A159BE62AA91178EFC3E3983AE874D1D",
  "Lumina.dll": "9E9CD84F7EE260D5B7855B6940C60591",
  "Lumina.Excel.dll": "2C2E33C9603F4B6B5DFD3FC77C758DB2",
  "Microsoft.Bcl.HashCode.dll": "613AB56061ADF2284E047025207467E0",
  "Microsoft.DotNet.PlatformAbstractions.dll": "00AB0F02B1114C57C758F5AD595224F1",
  "Microsoft.Extensions.DependencyModel.dll": "F39BC76C10CFEA478C936FC4521A9FC9",
  "Microsoft.Extensions.ObjectPool.dll": "FEE3CE8A84417360CC5ED787ED6F7DB1",
  "MinSharp.dll": "35B94F643B17231197A23C0AE4AB30A9",
  "Mono.Cecil.dll": "F34483012D1F98D0B740D96159F919CA",
  "Mono.Cecil.Mdb.dll": "2142BDBDFF270ABC122AC6BBA71138EE",
  "Mono.Cecil.Pdb.dll": "A6D6F20394B172841297E4E1B8579F5A",
  "Mono.Cecil.Rocks.dll": "01229B8CD72D51B87E340B6C8BFFA6DB",
  "nethost.dll": "012081214FE71F0F6ADCD9F4A71B2B00",
  "Newtonsoft.Json.dll": "86A83A63F12B55FD3718CFBFB577D7DC",
  "PeNet.Asn1.dll": "69282A703C0A0AD8C13C1EC5CA050A43",
  "PeNet.dll": "0932EFB127EDEC7666AFFD054E3C5E73",
  "PInvoke.AdvApi32.dll": "34EE461D05B403C3A15D0DEC32A3788C",
  "PInvoke.BCrypt.dll": "FD07758EE1440491F22923084109FF26",
  "PInvoke.Cabinet.dll": "333D950E3804735DA60CC41D614C63E2",
  "PInvoke.CfgMgr32.dll": "768BE7CC18EDCF78B296A72ABE891691",
  "PInvoke.Crypt32.dll": "E7B00B0851738F4A7F2C6D37DAA973B4",
  "PInvoke.DbgHelp.dll": "E701136169620D20E3A70B560DE20E44",
  "PInvoke.DwmApi.dll": "ACF223CC8962404056648815B486F7D9",
  "PInvoke.Gdi32.dll": "69FF434826F98582CE44D3136ECFFACB",
  "PInvoke.Hid.dll": "2E7A41257F8AD9B26073181F450CD8E5",
  "PInvoke.ImageHlp.dll": "79BE816E8D86EA66489D7780DD675D49",
  "PInvoke.IPHlpApi.dll": "E949FA3326D1BA8872B179AB4EE49D38",
  "PInvoke.Kernel32.dll": "234E15B122ED430DE99490CA1A204958",
  "PInvoke.Magnification.dll": "C9EA3D34F506741ECC044DB19C151F09",
  "PInvoke.Msi.dll": "69EE50CE2DA6B55755E52589F49A7EBC",
  "PInvoke.NCrypt.dll": "DA1DE76C14D99370CA3BEF19DC299B15",
  "PInvoke.NetApi32.dll": "AE79F9FA2E3864A5E0642AE4622ECDC5",
  "PInvoke.NewDev.dll": "B3E1992105D986EF9C5C8E4B630FBB07",
  "PInvoke.NTDll.dll": "3F6BDF840EB27DD0FD9EB8071822183A",
  "PInvoke.Ole32.dll": "3C49FB100B60519FFE725BCD12A538F6",
  "PInvoke.Psapi.dll": "A7683EE4B880227F01C8AE632A892B9E",
  "PInvoke.SetupApi.dll": "1B7AE321185D0081D1759A9AD829F9BA",
  "PInvoke.SHCore.dll": "F27E7F063D51480F6D2294C903E4A606",
  "PInvoke.Shell32.dll": "F71A1BCAF6478190691170DAEA77722F",
  "PInvoke.User32.dll": "8BEDE38311ED4F27127290B81B8079FD",
  "PInvoke.Userenv.dll": "FEB7BCA90B8C905EC2F4BB0789847131",
  "PInvoke.UxTheme.dll": "8E683C016250CB719FDB9AAAFC22B3C5",
  "PInvoke.Windows.Core.dll": "90015440A44935208FFEA9BF61740651",
  "PInvoke.Windows.ShellScalingApi.dll": "F351B34B8C9183A51CADFDC279357C49",
  "PInvoke.WinUsb.dll": "9EB8A0280F2848D1A32B560A939F7336",
  "PInvoke.WtsApi32.dll": "341C94455D2E5893DBE4293D4D67AA4D",
  "Reloaded.Assembler.dll": "78B20A45995CFCB420F3DB591A6EA5CC",
  "Reloaded.Hooks.Definitions.dll": "28B99D312251CD90A16F64256AC8E16A",
  "Reloaded.Hooks.dll": "5B741C73DE44574660589368E1C01C9A",
  "Reloaded.Memory.Buffers.dll": "EDB53A0E2701A94DAEDB885B784A104B",
  "Reloaded.Memory.dll": "15480899C8FB05050B2873FC5640B01F",
  "revision.txt": "3C565485BBD2C54BB0EBE05C7EC741FC",
  "SDL2-CS.config": "65557595FD5DF55D93B2BF881DE62C3A",
  "SDL2-CS.dll": "B9E16EBF092020F1FDC9DD97BBBB49E6",
  "Serilog.dll": "A079C98C8DDB82DA007D881AEDC3DAC8",
  "Serilog.Sinks.Async.dll": "194F06983F6432A8855956C2C6E6005A",
  "Serilog.Sinks.Console.dll": "7F8D6413CC2BFCFFCE348AEC05C786E9",
  "Serilog.Sinks.File.dll": "B060F9EB322CD177846AB6FE035EEC12",
  "SharpDX.Direct3D11.dll": "C4E1018FED18C01DCC70938C901AF1B4",
  "SharpDX.dll": "7FD9295E73E14DEE29B60C0882B7F32D",
  "SharpDX.DXGI.dll": "9F577BA7B2ED47A02DC6F6864F2775FB",
  "SharpDX.Mathematics.dll": "2FF4960EF28699B9A5C288DCFA640AEA",
  "Silk.NET.Core.dll": "376DA8C6A8A0718822302BA9A8FC96D3",
  "Silk.NET.GLFW.dll": "0626CAEB80A796392596C82464A111DE",
  "Silk.NET.Maths.dll": "F7775490FB019C71CC694B0D7444282D",
  "Silk.NET.OpenGL.dll": "42B1EAB8DA70FFE694303AB70EC0B591",
  "Silk.NET.SDL.dll": "59AEE209CC5157907A072847D7D7AC8C",
  "Silk.NET.Windowing.Common.dll": "EDBD227DFA88256892C1A899A8C5FD7D",
  "Silk.NET.Windowing.Glfw.dll": "1738FD0840BA4D2F814EBF2AC625A772",
  "Silk.NET.Windowing.Sdl.dll": "8D799425E058DCDC380E1F1944422678",
  "SQLite-net.dll": "8F11BEAC9B621B0AB10848986D241679",
  "SQLitePCLRaw.batteries_v2.dll": "087F654308C69BAFBC4345E75262DF3C",
  "SQLitePCLRaw.core.dll": "B009C03F542CBE871D4A8017E2EFF4A7",
  "SQLitePCLRaw.nativelibrary.dll": "1436456505AA551B30562525D81E0C20",
  "SQLitePCLRaw.provider.dynamic_cdecl.dll": "696500D60C76763561B5312A2DC471C6",
  "StbiSharp.dll": "65F50A6CE69DC5FFEA7CD989C08FAD8A",
  "System.Reactive.dll": "EF5A00287AD15393D41B12AA4B726FF7",
  "System.Reflection.MetadataLoadContext.dll": "7EC41D41F4E1246757BA3E2EC862D562",
  "System.Security.Cryptography.Pkcs.dll": "8950E01996A37E808BE3F39063C37BF9",
  "TEMP_gitver.txt": "35EA5C3769A6EA6B56C4D368F6C39C3C",
  "TerraFX.Interop.Windows.dll": "84F7EF6B0DE91F8CC23F773D3FD6DEC0",
  "Validation.dll": "4EBE7B1C77CC0D2E23A20845F11B8068"
}
