{
  "runtimes\\alpine-x64\\native\\libe_sqlite3.so": "39C244FEDBCD3DFC37041D4FCE1AE21D",
  "runtimes\\linux-arm\\native\\libe_sqlite3.so": "96CF54BC0EFB83D6E3F5F3E04997A59D",
  "runtimes\\linux-arm64\\native\\libe_sqlite3.so": "F079E55E7F3F9966A4A2052A3234E068",
  "runtimes\\linux-armel\\native\\libe_sqlite3.so": "C5A67D49434FC65D64E9C15778078C76",
  "runtimes\\linux-mips64\\native\\libe_sqlite3.so": "5F8461214089CFC677D46C19B7162161",
  "runtimes\\linux-musl-x64\\native\\libe_sqlite3.so": "39C244FEDBCD3DFC37041D4FCE1AE21D",
  "runtimes\\linux-x64\\native\\libe_sqlite3.so": "6F49C540D3AB9964D67A4A704C3D262D",
  "runtimes\\linux-x64\\native\\libglfw.so.3": "9E3137144F68B9E9793F4C7AD5B1BEA7",
  "runtimes\\linux-x64\\native\\libSDL2-2.0.so": "99B95A708381FC66AB2370E45A260527",
  "runtimes\\linux-x64\\native\\libstbi.so": "0945355ED59677D06E3E88F48101BB26",
  "runtimes\\linux-x86\\native\\libe_sqlite3.so": "5E0659B414CBD6DDC38C65582485853E",
  "runtimes\\osx-x64\\native\\libe_sqlite3.dylib": "F82AE134FCD1C080A69D775591406673",
  "runtimes\\osx-x64\\native\\libglfw.3.dylib": "1E30FAB2F0C40E82290AD4B0BF14A880",
  "runtimes\\osx-x64\\native\\libSDL2-2.0.dylib": "AAC958490586C67395F0A90903AE3747",
  "runtimes\\osx-x64\\native\\libstbi.dylib": "0B84B0A6A80178266018081C3CAB68E6",
  "runtimes\\win-arm\\native\\e_sqlite3.dll": "F95CAAF06D27C6973AAE91E6B9A369FF",
  "runtimes\\win-arm64\\native\\e_sqlite3.dll": "45917E77AB140A3045C9DC1CB72D85B8",
  "runtimes\\win-x64\\native\\cimgui.dll": "0E5287159C87F9DFD8E8106B50E223F9",
  "runtimes\\win-x64\\native\\cimguizmo.dll": "2A53CAF6526DF51F81499BD0DE175514",
  "runtimes\\win-x64\\native\\cimplot.dll": "92F32DA0D5C2792FD9ADBFA8ACEF3C47",
  "runtimes\\win-x64\\native\\e_sqlite3.dll": "73D2B19FBCA8E4D415E24765882504BC",
  "runtimes\\win-x64\\native\\glfw3.dll": "8CB07248D0948A0187385EF7EBC05713",
  "runtimes\\win-x64\\native\\minhook.x64d.dll": "BE31EDD6EFC47A2E80DC2292668D3529",
  "runtimes\\win-x64\\native\\SDL2.dll": "B0DED8F9A8A8419A396EA10E744F5565",
  "runtimes\\win-x64\\native\\stbi.dll": "6CC70CAAEC7A851D24A148E7F1891E12",
  "runtimes\\win-x64\\native\\stbi.lib": "927C214DE576219E1F80DBE7798A0502",
  "runtimes\\win-x86\\native\\e_sqlite3.dll": "E26DB1D7AF414B24974FA33A44C9FD4A",
  "runtimes\\win-x86\\native\\glfw3.dll": "9D6FCF577048922C054295689B86C42D",
  "runtimes\\win-x86\\native\\SDL2.dll": "F4FD24806DC77CA6BD8E48D6871AFF15",
  "targets\\Dalamud.Plugin.Bootstrap.targets": "C85635161398CD9852CF7212DB7EB904",
  "targets\\Dalamud.Plugin.targets": "DDD731601C06B16E10CF2F8990452A27",
  "BitFaster.Caching.dll": "B7208F3432FEFCC2E64C13089D7F98AB",
  "CheapLoc.dll": "AF332663187B614F22553C71912F9F38",
  "Costura.dll": "87DBB6FC90570DC084E8A5F6ED5F31B8",
  "Dalamud.Boot.dll": "1E222E4D10D8131B9139C1533B992F6D",
  "Dalamud.Common.dll": "D015272946AFF0DE60264F52711CB04B",
  "Dalamud.deps.json": "0B36E19377BD1CB30AD7C19F0975F2D9",
  "Dalamud.dll": "F29DCB12CBEDECC3563B408F32A44180",
  "Dalamud.Injector.deps.json": "C1FA0941DC8B38E415776C60C508AAB9",
  "Dalamud.Injector.dll": "B698D38EDA122E3CDD2A894D548E6E46",
  "Dalamud.Injector.exe": "B6A893A700651E9EE739A43CEE987425",
  "Dalamud.Injector.runtimeconfig.json": "B9BB65FFE7924D4D8BABE9FA66303200",
  "Dalamud.Injector.xml": "D41E5DF541D19A015215E777D7395C9C",
  "Dalamud.runtimeconfig.json": "2A9CD915428BDD175E0889BD0C225F75",
  "Dalamud.xml": "B23A3BFD6A5973E4F8FAD849770ACD80",
  "DalamudCrashHandler.exe": "C8A910B645A6DAE67FD48AE7BFB05886",
  "FASM-LICENSE.TXT": "ECEA1D10811221D5F0A3E96F9C38E2C7",
  "FASM.DLL": "2AD81089CB9A1D3A7E8CA20D4B6A6CDA",
  "FASMX64.DLL": "10C08AA7B0842D9068E17C48052CA836",
  "FFXIVClientStructs.dll": "D546E4C9C40FDB9791419AE9C3F0FF56",
  "FFXIVClientStructs.xml": "0FD22F683701A5614FD0EABFCAC9E8B5",
  "goaaats.Reloaded.Assembler.targets": "CC22CB0A353E2136EE9E6E96DB9F7164",
  "Iced.dll": "D86985FAC4FA677F6406077A9B84146E",
  "ImGui.NET.dll": "368E659B22BC896429B1837A7B78753D",
  "ImGuiScene.dll": "272349DC4D350759D6853D686C8398FF",
  "InteropGenerator.Runtime.dll": "7D64582F39E01C2597B9E9E12B43C502",
  "JetBrains.Annotations.dll": "958931425BFDA650F491A33C180635CF",
  "licenses.txt": "A159BE62AA91178EFC3E3983AE874D1D",
  "Lumina.dll": "8CE1DACE196B06405971C5D9C51105C0",
  "Lumina.Excel.dll": "5556119813E34FD9CBE0AF8D828042CA",
  "Microsoft.Bcl.HashCode.dll": "613AB56061ADF2284E047025207467E0",
  "Microsoft.DotNet.PlatformAbstractions.dll": "00AB0F02B1114C57C758F5AD595224F1",
  "Microsoft.Extensions.DependencyModel.dll": "F39BC76C10CFEA478C936FC4521A9FC9",
  "Microsoft.Extensions.ObjectPool.dll": "FEE3CE8A84417360CC5ED787ED6F7DB1",
  "MinSharp.dll": "E1F3596D49D83529A43EE531BA0D5B8F",
  "Mono.Cecil.dll": "CA36457CE612AF6735093372C5E6F767",
  "Mono.Cecil.Mdb.dll": "4B79D936B2F10078CC16133DE2425FF6",
  "Mono.Cecil.Pdb.dll": "37EE5DE7D3FD6061ACCC79ABFF74CCEE",
  "Mono.Cecil.Rocks.dll": "F55F8B26BA70E819A1C9FF4548D0F3F6",
  "nethost.dll": "012081214FE71F0F6ADCD9F4A71B2B00",
  "Newtonsoft.Json.dll": "86A83A63F12B55FD3718CFBFB577D7DC",
  "PeNet.Asn1.dll": "D405D3A2C94430D1CDEDE1178A7DE6A7",
  "PeNet.dll": "360677FE5D862F79BDB405466D3A9C71",
  "PInvoke.AdvApi32.dll": "34EE461D05B403C3A15D0DEC32A3788C",
  "PInvoke.BCrypt.dll": "FD07758EE1440491F22923084109FF26",
  "PInvoke.Cabinet.dll": "333D950E3804735DA60CC41D614C63E2",
  "PInvoke.CfgMgr32.dll": "768BE7CC18EDCF78B296A72ABE891691",
  "PInvoke.Crypt32.dll": "E7B00B0851738F4A7F2C6D37DAA973B4",
  "PInvoke.DbgHelp.dll": "E701136169620D20E3A70B560DE20E44",
  "PInvoke.DwmApi.dll": "ACF223CC8962404056648815B486F7D9",
  "PInvoke.Gdi32.dll": "69FF434826F98582CE44D3136ECFFACB",
  "PInvoke.Hid.dll": "2E7A41257F8AD9B26073181F450CD8E5",
  "PInvoke.ImageHlp.dll": "79BE816E8D86EA66489D7780DD675D49",
  "PInvoke.IPHlpApi.dll": "E949FA3326D1BA8872B179AB4EE49D38",
  "PInvoke.Kernel32.dll": "234E15B122ED430DE99490CA1A204958",
  "PInvoke.Magnification.dll": "C9EA3D34F506741ECC044DB19C151F09",
  "PInvoke.Msi.dll": "69EE50CE2DA6B55755E52589F49A7EBC",
  "PInvoke.NCrypt.dll": "DA1DE76C14D99370CA3BEF19DC299B15",
  "PInvoke.NetApi32.dll": "AE79F9FA2E3864A5E0642AE4622ECDC5",
  "PInvoke.NewDev.dll": "B3E1992105D986EF9C5C8E4B630FBB07",
  "PInvoke.NTDll.dll": "3F6BDF840EB27DD0FD9EB8071822183A",
  "PInvoke.Ole32.dll": "3C49FB100B60519FFE725BCD12A538F6",
  "PInvoke.Psapi.dll": "A7683EE4B880227F01C8AE632A892B9E",
  "PInvoke.SetupApi.dll": "1B7AE321185D0081D1759A9AD829F9BA",
  "PInvoke.SHCore.dll": "F27E7F063D51480F6D2294C903E4A606",
  "PInvoke.Shell32.dll": "F71A1BCAF6478190691170DAEA77722F",
  "PInvoke.User32.dll": "8BEDE38311ED4F27127290B81B8079FD",
  "PInvoke.Userenv.dll": "FEB7BCA90B8C905EC2F4BB0789847131",
  "PInvoke.UxTheme.dll": "8E683C016250CB719FDB9AAAFC22B3C5",
  "PInvoke.Windows.Core.dll": "90015440A44935208FFEA9BF61740651",
  "PInvoke.Windows.ShellScalingApi.dll": "F351B34B8C9183A51CADFDC279357C49",
  "PInvoke.WinUsb.dll": "9EB8A0280F2848D1A32B560A939F7336",
  "PInvoke.WtsApi32.dll": "341C94455D2E5893DBE4293D4D67AA4D",
  "Reloaded.Assembler.dll": "BDBF499DBFDE6EC497153255FD7E5A95",
  "Reloaded.Hooks.Definitions.dll": "4461C4E11C1DA2F44416D2BE0B6C04AD",
  "Reloaded.Hooks.dll": "914C54B1D42CF5267BF07BB182202901",
  "Reloaded.Memory.Buffers.dll": "249D9E5EAFA5007A93B888E664987BBF",
  "Reloaded.Memory.dll": "93062FA3FD81AC97BF722D254164CDCF",
  "revision.txt": "98C56BCE74669E2E4E7A9FC1CAA8C326",
  "SDL2-CS.config": "65557595FD5DF55D93B2BF881DE62C3A",
  "SDL2-CS.dll": "730B5E4E1EF5F93699C573BE346F6131",
  "Serilog.dll": "E0DE8B5CAF9FEB9EA55BE3873FDEA0C2",
  "Serilog.Sinks.Async.dll": "760B1A4671606C410DCE91FC8EAC7F3B",
  "Serilog.Sinks.Console.dll": "ED22EC863769DEB5D66A860A158C6E79",
  "Serilog.Sinks.File.dll": "81D79CD8550D15500EE2BDA9C67DADE3",
  "SharpDX.Direct3D11.dll": "D2B765E427F6C44F709ACFCA3D0C0970",
  "SharpDX.dll": "2BC005BA1B1F073C52B5C115460736E4",
  "SharpDX.DXGI.dll": "A26727F8E08D113CEA67C82AA29FA130",
  "SharpDX.Mathematics.dll": "3C35CEB4A014ABA7996745694AB898E2",
  "Silk.NET.Core.dll": "514573129DB423BBD655AC3752AFC177",
  "Silk.NET.GLFW.dll": "12411B0F6B890F676FB89A537BB6A421",
  "Silk.NET.Maths.dll": "D5855D072EA597DAACBD5C73577C7C4C",
  "Silk.NET.OpenGL.dll": "D533FE904BD879390D56AD3F356CD098",
  "Silk.NET.SDL.dll": "D147230FDC11998E04232C9584B360D6",
  "Silk.NET.Windowing.Common.dll": "8FDB3551328226F4D3B2C6CE0A2457C0",
  "Silk.NET.Windowing.Glfw.dll": "6C2CDD218B6F6A7D6B11B48A0E68AB01",
  "Silk.NET.Windowing.Sdl.dll": "BE9BB2B02021A92CA22A852C6DCAA9E1",
  "SQLite-net.dll": "F93BB161D0A766F59EA14528749B8C40",
  "SQLitePCLRaw.batteries_v2.dll": "9FF7BD2C9CFB3445673994CCFACE2532",
  "SQLitePCLRaw.core.dll": "FE7C9986D03DC4FC1AF38C946793E442",
  "SQLitePCLRaw.nativelibrary.dll": "BDBAC82D3769513D8674C39A3B8CF598",
  "SQLitePCLRaw.provider.dynamic_cdecl.dll": "47394EA88C16302A5234515A5EFB3533",
  "StbiSharp.dll": "D8AA6F0CF8B5888455B3E3D327EEC335",
  "System.Reactive.dll": "EF5A00287AD15393D41B12AA4B726FF7",
  "System.Reflection.MetadataLoadContext.dll": "7EC41D41F4E1246757BA3E2EC862D562",
  "System.Security.Cryptography.Pkcs.dll": "8950E01996A37E808BE3F39063C37BF9",
  "TEMP_gitver.txt": "F92520FD97D3DC4182393C17A36997D2",
  "TerraFX.Interop.Windows.dll": "84F7EF6B0DE91F8CC23F773D3FD6DEC0",
  "Validation.dll": "D095582356C6ECFD7A27A0A164408BCD"
}
