{
  "runtimes\\alpine-x64\\native\\libe_sqlite3.so": "39C244FEDBCD3DFC37041D4FCE1AE21D",
  "runtimes\\linux-arm\\native\\libe_sqlite3.so": "96CF54BC0EFB83D6E3F5F3E04997A59D",
  "runtimes\\linux-arm64\\native\\libe_sqlite3.so": "F079E55E7F3F9966A4A2052A3234E068",
  "runtimes\\linux-armel\\native\\libe_sqlite3.so": "C5A67D49434FC65D64E9C15778078C76",
  "runtimes\\linux-mips64\\native\\libe_sqlite3.so": "5F8461214089CFC677D46C19B7162161",
  "runtimes\\linux-musl-x64\\native\\libe_sqlite3.so": "39C244FEDBCD3DFC37041D4FCE1AE21D",
  "runtimes\\linux-x64\\native\\libe_sqlite3.so": "6F49C540D3AB9964D67A4A704C3D262D",
  "runtimes\\linux-x64\\native\\libglfw.so.3": "9E3137144F68B9E9793F4C7AD5B1BEA7",
  "runtimes\\linux-x64\\native\\libSDL2-2.0.so": "99B95A708381FC66AB2370E45A260527",
  "runtimes\\linux-x64\\native\\libstbi.so": "0945355ED59677D06E3E88F48101BB26",
  "runtimes\\linux-x86\\native\\libe_sqlite3.so": "5E0659B414CBD6DDC38C65582485853E",
  "runtimes\\osx-x64\\native\\libe_sqlite3.dylib": "F82AE134FCD1C080A69D775591406673",
  "runtimes\\osx-x64\\native\\libglfw.3.dylib": "1E30FAB2F0C40E82290AD4B0BF14A880",
  "runtimes\\osx-x64\\native\\libSDL2-2.0.dylib": "AAC958490586C67395F0A90903AE3747",
  "runtimes\\osx-x64\\native\\libstbi.dylib": "0B84B0A6A80178266018081C3CAB68E6",
  "runtimes\\win-arm\\native\\e_sqlite3.dll": "6F4C112FEC4C1CD2D6313FD76A7E85A5",
  "runtimes\\win-arm64\\native\\e_sqlite3.dll": "A237885C176E8BE2B7E1AB7429848FEA",
  "runtimes\\win-x64\\native\\cimgui.dll": "F7BF0F5CE325B7CA24E147143C80AD6B",
  "runtimes\\win-x64\\native\\cimguizmo.dll": "9AD4B4E3CE6681B9A986F40C457225AE",
  "runtimes\\win-x64\\native\\cimplot.dll": "4CB47BF37159CD9E5894F306CB31741D",
  "runtimes\\win-x64\\native\\e_sqlite3.dll": "C09D0ED50B386B90E48AC3B0D87F6914",
  "runtimes\\win-x64\\native\\glfw3.dll": "B77B12279FA2B49A6C25819188EA2B94",
  "runtimes\\win-x64\\native\\minhook.x64d.dll": "1DF1C334FBEDE21D0738EE56842CFF14",
  "runtimes\\win-x64\\native\\SDL2.dll": "0537C3C01D30DC312551CFD4D92520C4",
  "runtimes\\win-x64\\native\\stbi.dll": "166DB9DCF37C1210B2EE05436B7E657D",
  "runtimes\\win-x64\\native\\stbi.lib": "927C214DE576219E1F80DBE7798A0502",
  "runtimes\\win-x86\\native\\e_sqlite3.dll": "0B5243E1450478CA038861EA72A66AB3",
  "runtimes\\win-x86\\native\\glfw3.dll": "F461DE0C36B43E4BDB11B8E08A742AA4",
  "runtimes\\win-x86\\native\\SDL2.dll": "0310F957D3D650F5C58B20468B2D7174",
  "targets\\Dalamud.Plugin.Bootstrap.targets": "C85635161398CD9852CF7212DB7EB904",
  "targets\\Dalamud.Plugin.targets": "DDD731601C06B16E10CF2F8990452A27",
  "BitFaster.Caching.dll": "F4C9839F7A294F05422273903DACA31F",
  "CheapLoc.dll": "53B184F095ACF02C0CD9864ADE6AF6A3",
  "Costura.dll": "1A71CD4CAB236285C3F0A9177E5C6421",
  "Dalamud.Boot.dll": "556352F591B364829DE6CF1C2EEDE3BC",
  "Dalamud.Common.dll": "DB9CD49FDE8C450EA2572967C0641CA7",
  "Dalamud.deps.json": "9F3152C5A97A09FD0ACB6A8BFAD1A54B",
  "Dalamud.dll": "B866A74D63150BB9F8C7F584B145F5D4",
  "Dalamud.Injector.deps.json": "C1FA0941DC8B38E415776C60C508AAB9",
  "Dalamud.Injector.dll": "C9F00CE97658C1C76E36E4E27B20BD8C",
  "Dalamud.Injector.exe": "27C9AD3033790F667E63C14BED7564C1",
  "Dalamud.Injector.runtimeconfig.json": "B9BB65FFE7924D4D8BABE9FA66303200",
  "Dalamud.Injector.xml": "D41E5DF541D19A015215E777D7395C9C",
  "Dalamud.runtimeconfig.json": "2A9CD915428BDD175E0889BD0C225F75",
  "Dalamud.xml": "8E42A834F09BCE067B4D84F8A403D975",
  "DalamudCrashHandler.exe": "B15CD784091FEC98F796BC0005D561A7",
  "FASM-LICENSE.TXT": "ECEA1D10811221D5F0A3E96F9C38E2C7",
  "FASM.DLL": "5A5CFDB09FE71CF9A49F06BE9AA256D2",
  "FASMX64.DLL": "2882FF63BC093B5D9ABBD9C39FD8DA2A",
  "FFXIVClientStructs.dll": "AF283A1D5D0D0CE7910A22DA78543048",
  "FFXIVClientStructs.xml": "0C528386084D51BFBB7E4C4D347A61FB",
  "goaaats.Reloaded.Assembler.targets": "CC22CB0A353E2136EE9E6E96DB9F7164",
  "Iced.dll": "618C83E8E1A717C1E27B9BD93944C922",
  "ImGui.NET.dll": "3E0F7FD6FF34E2FCD42B9DF62A9A1664",
  "ImGuiScene.dll": "EBBBDE6FD04D3A24D76158F09C604254",
  "InteropGenerator.Runtime.dll": "2297EABF75CEE2D5DF558E8C5F072ED5",
  "JetBrains.Annotations.dll": "C080FAFA1B9ACF14A44FDF616706F476",
  "licenses.txt": "A159BE62AA91178EFC3E3983AE874D1D",
  "Lumina.dll": "F90755BF1D273593DBA562593887892F",
  "Lumina.Excel.dll": "1ECFAC764AC2552086BAFEDF18A5E7BD",
  "Microsoft.Bcl.HashCode.dll": "613AB56061ADF2284E047025207467E0",
  "Microsoft.DotNet.PlatformAbstractions.dll": "00AB0F02B1114C57C758F5AD595224F1",
  "Microsoft.Extensions.DependencyModel.dll": "F39BC76C10CFEA478C936FC4521A9FC9",
  "Microsoft.Extensions.ObjectPool.dll": "FEE3CE8A84417360CC5ED787ED6F7DB1",
  "MinSharp.dll": "D4111C9BDF1704F573472E2CF1EE5606",
  "Mono.Cecil.dll": "4D6DD292B4DF13B468716C7A3E37E7ED",
  "Mono.Cecil.Mdb.dll": "1E876F25709AFBDA2C36F724F5A39C2E",
  "Mono.Cecil.Pdb.dll": "0FBA1B9C791856CF0093DBDB7F1646B7",
  "Mono.Cecil.Rocks.dll": "8AC0AACC82889D7EE39B0932312E6C38",
  "nethost.dll": "012081214FE71F0F6ADCD9F4A71B2B00",
  "Newtonsoft.Json.dll": "86A83A63F12B55FD3718CFBFB577D7DC",
  "PeNet.Asn1.dll": "F247A2156994BFD6DB6D4479975A5C3A",
  "PeNet.dll": "553E58753C14FE456FD2EF5F6D77533E",
  "PInvoke.AdvApi32.dll": "34EE461D05B403C3A15D0DEC32A3788C",
  "PInvoke.BCrypt.dll": "FD07758EE1440491F22923084109FF26",
  "PInvoke.Cabinet.dll": "333D950E3804735DA60CC41D614C63E2",
  "PInvoke.CfgMgr32.dll": "768BE7CC18EDCF78B296A72ABE891691",
  "PInvoke.Crypt32.dll": "E7B00B0851738F4A7F2C6D37DAA973B4",
  "PInvoke.DbgHelp.dll": "E701136169620D20E3A70B560DE20E44",
  "PInvoke.DwmApi.dll": "ACF223CC8962404056648815B486F7D9",
  "PInvoke.Gdi32.dll": "69FF434826F98582CE44D3136ECFFACB",
  "PInvoke.Hid.dll": "2E7A41257F8AD9B26073181F450CD8E5",
  "PInvoke.ImageHlp.dll": "79BE816E8D86EA66489D7780DD675D49",
  "PInvoke.IPHlpApi.dll": "E949FA3326D1BA8872B179AB4EE49D38",
  "PInvoke.Kernel32.dll": "234E15B122ED430DE99490CA1A204958",
  "PInvoke.Magnification.dll": "C9EA3D34F506741ECC044DB19C151F09",
  "PInvoke.Msi.dll": "69EE50CE2DA6B55755E52589F49A7EBC",
  "PInvoke.NCrypt.dll": "DA1DE76C14D99370CA3BEF19DC299B15",
  "PInvoke.NetApi32.dll": "AE79F9FA2E3864A5E0642AE4622ECDC5",
  "PInvoke.NewDev.dll": "B3E1992105D986EF9C5C8E4B630FBB07",
  "PInvoke.NTDll.dll": "3F6BDF840EB27DD0FD9EB8071822183A",
  "PInvoke.Ole32.dll": "3C49FB100B60519FFE725BCD12A538F6",
  "PInvoke.Psapi.dll": "A7683EE4B880227F01C8AE632A892B9E",
  "PInvoke.SetupApi.dll": "1B7AE321185D0081D1759A9AD829F9BA",
  "PInvoke.SHCore.dll": "F27E7F063D51480F6D2294C903E4A606",
  "PInvoke.Shell32.dll": "F71A1BCAF6478190691170DAEA77722F",
  "PInvoke.User32.dll": "8BEDE38311ED4F27127290B81B8079FD",
  "PInvoke.Userenv.dll": "FEB7BCA90B8C905EC2F4BB0789847131",
  "PInvoke.UxTheme.dll": "8E683C016250CB719FDB9AAAFC22B3C5",
  "PInvoke.Windows.Core.dll": "90015440A44935208FFEA9BF61740651",
  "PInvoke.Windows.ShellScalingApi.dll": "F351B34B8C9183A51CADFDC279357C49",
  "PInvoke.WinUsb.dll": "9EB8A0280F2848D1A32B560A939F7336",
  "PInvoke.WtsApi32.dll": "341C94455D2E5893DBE4293D4D67AA4D",
  "Reloaded.Assembler.dll": "A669498F22CC886EB468BD287C32ED35",
  "Reloaded.Hooks.Definitions.dll": "48F4E75A3BED2962F27780EEE9BCE182",
  "Reloaded.Hooks.dll": "1ED161ED0425D565F666C302EE4926E8",
  "Reloaded.Memory.Buffers.dll": "8774F0025DB3AF028D652A465C71C7D8",
  "Reloaded.Memory.dll": "4B0FDE9FBAE5C3C9AFD341BD99AE112F",
  "revision.txt": "03A3655FFF3E9BDEA48DE9F49E938E32",
  "SDL2-CS.config": "65557595FD5DF55D93B2BF881DE62C3A",
  "SDL2-CS.dll": "605E254936443A31C1B92163BA81CAB6",
  "Serilog.dll": "7FA0A3DB105D0B642CA09859F7F896BF",
  "Serilog.Sinks.Async.dll": "D25EA03CDE5B4CE6941671DBBEC17E21",
  "Serilog.Sinks.Console.dll": "B0795160BE143C091E3A0BC84D58DB18",
  "Serilog.Sinks.File.dll": "C6F4940D24A5EB78189F64DBD9967EB2",
  "SharpDX.Direct3D11.dll": "B2FC556A1122A2FF65CD3833A044178C",
  "SharpDX.dll": "4F5317E3628F8899AB15BE5E3CFDD771",
  "SharpDX.DXGI.dll": "EC0BE4EA4204F36AA3342C2D7AF953E9",
  "SharpDX.Mathematics.dll": "714854FBA40273B93B24FFBB3F12A782",
  "Silk.NET.Core.dll": "0647E01D49EF94008DDE12FBD7DF0F2C",
  "Silk.NET.GLFW.dll": "8F214874F12D8816A9306410F718A992",
  "Silk.NET.Maths.dll": "77EF1A777DB82A83A0D982C6641C88AD",
  "Silk.NET.OpenGL.dll": "5933C7340AF0DB1ED6FE5BF1CA52C0EC",
  "Silk.NET.SDL.dll": "308E9DDF5F5D1B42B0784759748FE0EB",
  "Silk.NET.Windowing.Common.dll": "0E473ACE361670BE3C1161CC2A23E610",
  "Silk.NET.Windowing.Glfw.dll": "DCC34F1AA7145ED899964187017DB885",
  "Silk.NET.Windowing.Sdl.dll": "299EC384DDEB08D99BC539F0A77C4B55",
  "SQLite-net.dll": "52A67FF9B7D5DBE0B87F4702661BA6F0",
  "SQLitePCLRaw.batteries_v2.dll": "A4E696BDFACCDCE66B1701A73735E358",
  "SQLitePCLRaw.core.dll": "1B86CC9A4B557FDA502B482ABCB56622",
  "SQLitePCLRaw.nativelibrary.dll": "8B19B82E00069A407D7E30C3C65B4DEC",
  "SQLitePCLRaw.provider.dynamic_cdecl.dll": "FEC4F6F8113829A85E12B7F87270BCA4",
  "StbiSharp.dll": "1A15769556628CEB278FE938468C9D21",
  "System.Reactive.dll": "EF5A00287AD15393D41B12AA4B726FF7",
  "System.Reflection.MetadataLoadContext.dll": "7EC41D41F4E1246757BA3E2EC862D562",
  "System.Security.Cryptography.Pkcs.dll": "8950E01996A37E808BE3F39063C37BF9",
  "TEMP_gitver.txt": "3E569411F23ED9ADB4548956CEEA22EF",
  "TerraFX.Interop.Windows.dll": "84F7EF6B0DE91F8CC23F773D3FD6DEC0",
  "Validation.dll": "F090B9D1C10F2C87E9E5B9F641C6D0EE"
}
