{
  "runtimes\\alpine-x64\\native\\libe_sqlite3.so": "39C244FEDBCD3DFC37041D4FCE1AE21D",
  "runtimes\\linux-arm\\native\\libe_sqlite3.so": "96CF54BC0EFB83D6E3F5F3E04997A59D",
  "runtimes\\linux-arm64\\native\\libe_sqlite3.so": "F079E55E7F3F9966A4A2052A3234E068",
  "runtimes\\linux-armel\\native\\libe_sqlite3.so": "C5A67D49434FC65D64E9C15778078C76",
  "runtimes\\linux-mips64\\native\\libe_sqlite3.so": "5F8461214089CFC677D46C19B7162161",
  "runtimes\\linux-musl-x64\\native\\libe_sqlite3.so": "39C244FEDBCD3DFC37041D4FCE1AE21D",
  "runtimes\\linux-x64\\native\\libe_sqlite3.so": "6F49C540D3AB9964D67A4A704C3D262D",
  "runtimes\\linux-x64\\native\\libglfw.so.3": "9E3137144F68B9E9793F4C7AD5B1BEA7",
  "runtimes\\linux-x64\\native\\libSDL2-2.0.so": "99B95A708381FC66AB2370E45A260527",
  "runtimes\\linux-x64\\native\\libstbi.so": "0945355ED59677D06E3E88F48101BB26",
  "runtimes\\linux-x86\\native\\libe_sqlite3.so": "5E0659B414CBD6DDC38C65582485853E",
  "runtimes\\osx-x64\\native\\libe_sqlite3.dylib": "F82AE134FCD1C080A69D775591406673",
  "runtimes\\osx-x64\\native\\libglfw.3.dylib": "1E30FAB2F0C40E82290AD4B0BF14A880",
  "runtimes\\osx-x64\\native\\libSDL2-2.0.dylib": "AAC958490586C67395F0A90903AE3747",
  "runtimes\\osx-x64\\native\\libstbi.dylib": "0B84B0A6A80178266018081C3CAB68E6",
  "runtimes\\win-arm\\native\\e_sqlite3.dll": "5AB134BBA8EEAFC871F9D9EC2DDF6921",
  "runtimes\\win-arm64\\native\\e_sqlite3.dll": "BD96E8B8CE5EEEC83141ABDF3A3B3591",
  "runtimes\\win-x64\\native\\cimgui.dll": "A6E4ED900BE459F72C932AC31D63AC8F",
  "runtimes\\win-x64\\native\\cimguizmo.dll": "6F095B0E9F5084D62B4AE8938987C52D",
  "runtimes\\win-x64\\native\\cimplot.dll": "44256F44EDD65645F553ECF5964F81A4",
  "runtimes\\win-x64\\native\\e_sqlite3.dll": "F3F4EC3DF32524D90C516CF859036677",
  "runtimes\\win-x64\\native\\glfw3.dll": "CEFCEE2416F59C90D876819952F3E927",
  "runtimes\\win-x64\\native\\minhook.x64d.dll": "23BC7DB26E6F193C8C792EC9B5CB7CCE",
  "runtimes\\win-x64\\native\\SDL2.dll": "2E3FC110FC9394E1B197891345E64212",
  "runtimes\\win-x64\\native\\stbi.dll": "3004765E5E46983BDFBF6CF15C815045",
  "runtimes\\win-x64\\native\\stbi.lib": "927C214DE576219E1F80DBE7798A0502",
  "runtimes\\win-x86\\native\\e_sqlite3.dll": "124D209EDDCA778A7CFBCB07CFA0770C",
  "runtimes\\win-x86\\native\\glfw3.dll": "CAE896247E8CF30EE5ECDAB33A27F9C4",
  "runtimes\\win-x86\\native\\SDL2.dll": "F996B581C6C555135E9048093DBCFAD7",
  "targets\\Dalamud.Plugin.Bootstrap.targets": "C85635161398CD9852CF7212DB7EB904",
  "targets\\Dalamud.Plugin.targets": "E2AA900DB1F6596D1C203D4112A10F5E",
  "BitFaster.Caching.dll": "B3A88C0F8C1B4F067354BF9D98473EC8",
  "CheapLoc.dll": "1AF739D7A57D7DB43021A75D9D0C5457",
  "Costura.dll": "DD3D39BEAAB1D7BEE980365437A23C25",
  "Dalamud.Boot.dll": "6D124179F1DAE7694DEF3B4F09741E10",
  "Dalamud.Common.dll": "858FC7AD279403AF59F756A707D8F7F0",
  "Dalamud.deps.json": "0B36E19377BD1CB30AD7C19F0975F2D9",
  "Dalamud.dll": "D193F6F64797DFEB51A8BEB7D734D746",
  "Dalamud.Injector.deps.json": "C1FA0941DC8B38E415776C60C508AAB9",
  "Dalamud.Injector.dll": "8F40DC1958C48C99F43874332738F17A",
  "Dalamud.Injector.exe": "49F508FA808BA14602E010183BA95F81",
  "Dalamud.Injector.runtimeconfig.json": "B9BB65FFE7924D4D8BABE9FA66303200",
  "Dalamud.Injector.xml": "D41E5DF541D19A015215E777D7395C9C",
  "Dalamud.runtimeconfig.json": "2A9CD915428BDD175E0889BD0C225F75",
  "Dalamud.xml": "D652E982A7AACA96D9307EF4C4BE0959",
  "DalamudCrashHandler.exe": "2B417114904A376EF1C5D85D1FF32317",
  "FASM-LICENSE.TXT": "ECEA1D10811221D5F0A3E96F9C38E2C7",
  "FASM.DLL": "23FA6704A1BAC04E1E67457AF1685F69",
  "FASMX64.DLL": "31C371B02711D516D0C7A2A49C4ADB37",
  "FFXIVClientStructs.dll": "0AABE3B611166942F789011DDAD3E410",
  "FFXIVClientStructs.xml": "56B5B92DBE4F425DE4B0EE17C2CE3603",
  "goaaats.Reloaded.Assembler.targets": "CC22CB0A353E2136EE9E6E96DB9F7164",
  "Iced.dll": "432B3A8F282824A271EB06025A05DB22",
  "ImGui.NET.dll": "2F0996EB189F0737DB9824F015FC67D0",
  "ImGuiScene.dll": "74192BBC3EC9153089EB94BF2A9A54A8",
  "InteropGenerator.Runtime.dll": "78A5E600B281D548F7C808E7DA5BE3BD",
  "JetBrains.Annotations.dll": "88CBD079C0DF7BA4788C241657D8FC1C",
  "licenses.txt": "A159BE62AA91178EFC3E3983AE874D1D",
  "Lumina.dll": "8DC31B6653929CA402B653F995120B61",
  "Lumina.Excel.dll": "C6BD5847E57004A5A7297384E976995D",
  "Microsoft.Bcl.HashCode.dll": "613AB56061ADF2284E047025207467E0",
  "Microsoft.DotNet.PlatformAbstractions.dll": "00AB0F02B1114C57C758F5AD595224F1",
  "Microsoft.Extensions.DependencyModel.dll": "F39BC76C10CFEA478C936FC4521A9FC9",
  "Microsoft.Extensions.ObjectPool.dll": "FEE3CE8A84417360CC5ED787ED6F7DB1",
  "MinSharp.dll": "0B92261A3C7E2C3CBA6EFAA502824AE2",
  "Mono.Cecil.dll": "D6674801F41CD75C2D9B7DB32682EF69",
  "Mono.Cecil.Mdb.dll": "52568B6DBA1C19F62F7A747720805347",
  "Mono.Cecil.Pdb.dll": "8AAB253109D7996889623A1C0612A480",
  "Mono.Cecil.Rocks.dll": "9642037359F444097287C78CEC33BDA7",
  "nethost.dll": "012081214FE71F0F6ADCD9F4A71B2B00",
  "Newtonsoft.Json.dll": "86A83A63F12B55FD3718CFBFB577D7DC",
  "PeNet.Asn1.dll": "444B84FB8B74B0764AA9BBAF99DF960B",
  "PeNet.dll": "6BC52A137C6C267D3C922DE0AB893CE5",
  "PInvoke.AdvApi32.dll": "34EE461D05B403C3A15D0DEC32A3788C",
  "PInvoke.BCrypt.dll": "FD07758EE1440491F22923084109FF26",
  "PInvoke.Cabinet.dll": "333D950E3804735DA60CC41D614C63E2",
  "PInvoke.CfgMgr32.dll": "768BE7CC18EDCF78B296A72ABE891691",
  "PInvoke.Crypt32.dll": "E7B00B0851738F4A7F2C6D37DAA973B4",
  "PInvoke.DbgHelp.dll": "E701136169620D20E3A70B560DE20E44",
  "PInvoke.DwmApi.dll": "ACF223CC8962404056648815B486F7D9",
  "PInvoke.Gdi32.dll": "69FF434826F98582CE44D3136ECFFACB",
  "PInvoke.Hid.dll": "2E7A41257F8AD9B26073181F450CD8E5",
  "PInvoke.ImageHlp.dll": "79BE816E8D86EA66489D7780DD675D49",
  "PInvoke.IPHlpApi.dll": "E949FA3326D1BA8872B179AB4EE49D38",
  "PInvoke.Kernel32.dll": "234E15B122ED430DE99490CA1A204958",
  "PInvoke.Magnification.dll": "C9EA3D34F506741ECC044DB19C151F09",
  "PInvoke.Msi.dll": "69EE50CE2DA6B55755E52589F49A7EBC",
  "PInvoke.NCrypt.dll": "DA1DE76C14D99370CA3BEF19DC299B15",
  "PInvoke.NetApi32.dll": "AE79F9FA2E3864A5E0642AE4622ECDC5",
  "PInvoke.NewDev.dll": "B3E1992105D986EF9C5C8E4B630FBB07",
  "PInvoke.NTDll.dll": "3F6BDF840EB27DD0FD9EB8071822183A",
  "PInvoke.Ole32.dll": "3C49FB100B60519FFE725BCD12A538F6",
  "PInvoke.Psapi.dll": "A7683EE4B880227F01C8AE632A892B9E",
  "PInvoke.SetupApi.dll": "1B7AE321185D0081D1759A9AD829F9BA",
  "PInvoke.SHCore.dll": "F27E7F063D51480F6D2294C903E4A606",
  "PInvoke.Shell32.dll": "F71A1BCAF6478190691170DAEA77722F",
  "PInvoke.User32.dll": "8BEDE38311ED4F27127290B81B8079FD",
  "PInvoke.Userenv.dll": "FEB7BCA90B8C905EC2F4BB0789847131",
  "PInvoke.UxTheme.dll": "8E683C016250CB719FDB9AAAFC22B3C5",
  "PInvoke.Windows.Core.dll": "90015440A44935208FFEA9BF61740651",
  "PInvoke.Windows.ShellScalingApi.dll": "F351B34B8C9183A51CADFDC279357C49",
  "PInvoke.WinUsb.dll": "9EB8A0280F2848D1A32B560A939F7336",
  "PInvoke.WtsApi32.dll": "341C94455D2E5893DBE4293D4D67AA4D",
  "Reloaded.Assembler.dll": "DE25AD7AC1CE613AC744F8B6E58E0999",
  "Reloaded.Hooks.Definitions.dll": "59894B50315F0BA1B7BEC75842438627",
  "Reloaded.Hooks.dll": "180F6385EE9F7071B1DE8AD52190C56B",
  "Reloaded.Memory.Buffers.dll": "B4852102DB1C6527A94A59B8E2023A45",
  "Reloaded.Memory.dll": "3123DAB2B9285D8DFC100B56E6214511",
  "revision.txt": "1DBA3025B159CD9354DA65E2D0436A31",
  "SDL2-CS.config": "65557595FD5DF55D93B2BF881DE62C3A",
  "SDL2-CS.dll": "AED9F1856DE543AFE3076C5B3879F051",
  "Serilog.dll": "CC00C0AD7D2EE5CF5D485FC66666A1A6",
  "Serilog.Sinks.Async.dll": "26E3B12FB75BAABCEFBF5C92AF68201D",
  "Serilog.Sinks.Console.dll": "ECC62FD1AF6B0582185792C807401A8E",
  "Serilog.Sinks.File.dll": "69DE6426B62E0A02B400D63614BE9B50",
  "SharpDX.Direct3D11.dll": "8444863906CFE643DFCB1204A26D5B0F",
  "SharpDX.dll": "68F1061E31393860D86DB7E2F62F1E8C",
  "SharpDX.DXGI.dll": "F912F050363CE7E44A3AC1A4296B9CCC",
  "SharpDX.Mathematics.dll": "891A2CDA8BBF0D37FAF040B8772DAC4D",
  "Silk.NET.Core.dll": "8CBE118202C165792F831A7558067CB3",
  "Silk.NET.GLFW.dll": "F445B776291B1DFF991AEC198F36F07B",
  "Silk.NET.Maths.dll": "2BB3FC852361CE3E28299EEC397EC90D",
  "Silk.NET.OpenGL.dll": "C9F8F244131BB1E5FF8EE0BB1ACC1A90",
  "Silk.NET.SDL.dll": "931C7C529241F1C27F391C6D2B8DCB05",
  "Silk.NET.Windowing.Common.dll": "E9087C0E83EB5FE4A7A680A33F911299",
  "Silk.NET.Windowing.Glfw.dll": "66277176BA50A0F1D9EA75C865A6B665",
  "Silk.NET.Windowing.Sdl.dll": "119FD099A2250084B97B8483CD38CB7E",
  "SQLite-net.dll": "534C187BA511E278C367CFDDE6AC411C",
  "SQLitePCLRaw.batteries_v2.dll": "C7B0C7506B68066CB1F5887DAA783FC5",
  "SQLitePCLRaw.core.dll": "751057B03E578CCA55573AB448649B4D",
  "SQLitePCLRaw.nativelibrary.dll": "6D86C0B149FBBD86F290C951FB085733",
  "SQLitePCLRaw.provider.dynamic_cdecl.dll": "D1E5634198B22BDADEBF24933FA5CA7E",
  "StbiSharp.dll": "C9415A5D0712F013CFB0130603214F8A",
  "System.Reactive.dll": "EF5A00287AD15393D41B12AA4B726FF7",
  "System.Reflection.MetadataLoadContext.dll": "7EC41D41F4E1246757BA3E2EC862D562",
  "System.Security.Cryptography.Pkcs.dll": "8950E01996A37E808BE3F39063C37BF9",
  "TEMP_gitver.txt": "3FC6132EA7A1FE1F0D266BA2C7955119",
  "TerraFX.Interop.Windows.dll": "84F7EF6B0DE91F8CC23F773D3FD6DEC0",
  "Validation.dll": "E6C360ED99CE44569447E18448B0969D"
}
