{
  "runtimes\\alpine-x64\\native\\libe_sqlite3.so": "39C244FEDBCD3DFC37041D4FCE1AE21D",
  "runtimes\\linux-arm\\native\\libe_sqlite3.so": "96CF54BC0EFB83D6E3F5F3E04997A59D",
  "runtimes\\linux-arm64\\native\\libe_sqlite3.so": "F079E55E7F3F9966A4A2052A3234E068",
  "runtimes\\linux-armel\\native\\libe_sqlite3.so": "C5A67D49434FC65D64E9C15778078C76",
  "runtimes\\linux-mips64\\native\\libe_sqlite3.so": "5F8461214089CFC677D46C19B7162161",
  "runtimes\\linux-musl-x64\\native\\libe_sqlite3.so": "39C244FEDBCD3DFC37041D4FCE1AE21D",
  "runtimes\\linux-x64\\native\\libe_sqlite3.so": "6F49C540D3AB9964D67A4A704C3D262D",
  "runtimes\\linux-x64\\native\\libglfw.so.3": "9E3137144F68B9E9793F4C7AD5B1BEA7",
  "runtimes\\linux-x64\\native\\libSDL2-2.0.so": "99B95A708381FC66AB2370E45A260527",
  "runtimes\\linux-x64\\native\\libstbi.so": "0945355ED59677D06E3E88F48101BB26",
  "runtimes\\linux-x86\\native\\libe_sqlite3.so": "5E0659B414CBD6DDC38C65582485853E",
  "runtimes\\osx-x64\\native\\libe_sqlite3.dylib": "F82AE134FCD1C080A69D775591406673",
  "runtimes\\osx-x64\\native\\libglfw.3.dylib": "1E30FAB2F0C40E82290AD4B0BF14A880",
  "runtimes\\osx-x64\\native\\libSDL2-2.0.dylib": "AAC958490586C67395F0A90903AE3747",
  "runtimes\\osx-x64\\native\\libstbi.dylib": "0B84B0A6A80178266018081C3CAB68E6",
  "runtimes\\win-arm\\native\\e_sqlite3.dll": "29AD903DCE2E7AE0B0048842A1268339",
  "runtimes\\win-arm64\\native\\e_sqlite3.dll": "D45448381F1E286689A09817EA35DC31",
  "runtimes\\win-x64\\native\\cimgui.dll": "935AEB2699F629807F76EF947F71F83C",
  "runtimes\\win-x64\\native\\cimguizmo.dll": "CE1D7373C3335CE736831DB834DC7F48",
  "runtimes\\win-x64\\native\\cimplot.dll": "EA60B63475E673246441259C9B0E5F5C",
  "runtimes\\win-x64\\native\\e_sqlite3.dll": "7F2B40B1B3DCA81BCEA150134E12609C",
  "runtimes\\win-x64\\native\\glfw3.dll": "0A73C4D578764EED9DAD8B5900A03347",
  "runtimes\\win-x64\\native\\minhook.x64d.dll": "38571C923C9B262630C0871EB08D840D",
  "runtimes\\win-x64\\native\\SDL2.dll": "CCE3D7A9AEAF331492923737471ABBF2",
  "runtimes\\win-x64\\native\\stbi.dll": "819F822192B3B730186BBBD89AA9E699",
  "runtimes\\win-x64\\native\\stbi.lib": "927C214DE576219E1F80DBE7798A0502",
  "runtimes\\win-x86\\native\\e_sqlite3.dll": "22E933A0A9733F4DA780828F18C64505",
  "runtimes\\win-x86\\native\\glfw3.dll": "1266AEC13BA7E25B4F25F66533DE1FE8",
  "runtimes\\win-x86\\native\\SDL2.dll": "1A5C56C21380A47D6B6B0C59D6E371F7",
  "targets\\Dalamud.Plugin.Bootstrap.targets": "C85635161398CD9852CF7212DB7EB904",
  "targets\\Dalamud.Plugin.targets": "E2AA900DB1F6596D1C203D4112A10F5E",
  "BitFaster.Caching.dll": "7D41FCA4A5A8CF9D977FEA182471EE60",
  "CheapLoc.dll": "2FF721C4A779ECC23497F8F74F65EF30",
  "Costura.dll": "0965DC7ACD70A26939E0399DE1E0241B",
  "Dalamud.Boot.dll": "019E09BA2ADFB07A1A8B0AF353755124",
  "Dalamud.Common.dll": "A5D745BDF2FE0964D26DCF0BFA3FE175",
  "Dalamud.deps.json": "4652E9097F6FEEE0D95B1516EACBD4B4",
  "Dalamud.dll": "AC79DD01AFBB5BE016A34AF5C7234E63",
  "Dalamud.Injector.deps.json": "C1FA0941DC8B38E415776C60C508AAB9",
  "Dalamud.Injector.dll": "EC21C7C06ABFE710C0F7A8BB752A6F5E",
  "Dalamud.Injector.exe": "EC2C96CA150CD4E14ACD52DC8870A7C2",
  "Dalamud.Injector.runtimeconfig.json": "B9BB65FFE7924D4D8BABE9FA66303200",
  "Dalamud.Injector.xml": "D41E5DF541D19A015215E777D7395C9C",
  "Dalamud.runtimeconfig.json": "2A9CD915428BDD175E0889BD0C225F75",
  "Dalamud.xml": "44251F1B3F5A4796EA7A75EA325711BE",
  "DalamudCrashHandler.exe": "B141B7A2720F581BB1653ECEB4ACC056",
  "FASM-LICENSE.TXT": "ECEA1D10811221D5F0A3E96F9C38E2C7",
  "FASM.DLL": "E67B743DB487E0FD01C06609D56A4DA1",
  "FASMX64.DLL": "1DB8C295B4A0E6303EB2A4CECA7837D2",
  "FFXIVClientStructs.dll": "EAF4C57A2DB006FEB6F6406F7E173F13",
  "FFXIVClientStructs.xml": "DDB45D5AEDE6799878993BC32ABE2F0A",
  "goaaats.Reloaded.Assembler.targets": "CC22CB0A353E2136EE9E6E96DB9F7164",
  "Iced.dll": "F9760066E07FB80FF76D6781A8F60A01",
  "ImGui.NET.dll": "6C2F1B6E4FD623487790A86C22A54150",
  "ImGuiScene.dll": "32B49273DFE8FEECF3B0402F871E7909",
  "InteropGenerator.Runtime.dll": "E9DA7997A448B328B8D5F442B7711E40",
  "JetBrains.Annotations.dll": "0C3BD5C7D2858879248A367930F15F27",
  "licenses.txt": "A159BE62AA91178EFC3E3983AE874D1D",
  "Lumina.dll": "A5D2928E48B9AB12ACB4A9B9CDB1C83A",
  "Lumina.Excel.dll": "EC0C3DA5A6DC42D9840468268609BB7F",
  "Microsoft.Bcl.HashCode.dll": "613AB56061ADF2284E047025207467E0",
  "Microsoft.DotNet.PlatformAbstractions.dll": "00AB0F02B1114C57C758F5AD595224F1",
  "Microsoft.Extensions.DependencyModel.dll": "F39BC76C10CFEA478C936FC4521A9FC9",
  "Microsoft.Extensions.ObjectPool.dll": "FEE3CE8A84417360CC5ED787ED6F7DB1",
  "MinSharp.dll": "AEAB7FE3A445C7CE55A4A56C7EE0B998",
  "Mono.Cecil.dll": "B08E720858CA25F6E0B7B54D9A5543C6",
  "Mono.Cecil.Mdb.dll": "BD29BC6E52776D85D72EC0C47D8D8796",
  "Mono.Cecil.Pdb.dll": "4B047E789159FAFAA40FA36DFD85F976",
  "Mono.Cecil.Rocks.dll": "7FDDBB5206DFB082769F8746259A46ED",
  "nethost.dll": "012081214FE71F0F6ADCD9F4A71B2B00",
  "Newtonsoft.Json.dll": "86A83A63F12B55FD3718CFBFB577D7DC",
  "PeNet.Asn1.dll": "DF2BD741DCF50D56915B50C356077BB3",
  "PeNet.dll": "9A1815726535EBEC43E26D4B26F2B3F9",
  "PInvoke.AdvApi32.dll": "34EE461D05B403C3A15D0DEC32A3788C",
  "PInvoke.BCrypt.dll": "FD07758EE1440491F22923084109FF26",
  "PInvoke.Cabinet.dll": "333D950E3804735DA60CC41D614C63E2",
  "PInvoke.CfgMgr32.dll": "768BE7CC18EDCF78B296A72ABE891691",
  "PInvoke.Crypt32.dll": "E7B00B0851738F4A7F2C6D37DAA973B4",
  "PInvoke.DbgHelp.dll": "E701136169620D20E3A70B560DE20E44",
  "PInvoke.DwmApi.dll": "ACF223CC8962404056648815B486F7D9",
  "PInvoke.Gdi32.dll": "69FF434826F98582CE44D3136ECFFACB",
  "PInvoke.Hid.dll": "2E7A41257F8AD9B26073181F450CD8E5",
  "PInvoke.ImageHlp.dll": "79BE816E8D86EA66489D7780DD675D49",
  "PInvoke.IPHlpApi.dll": "E949FA3326D1BA8872B179AB4EE49D38",
  "PInvoke.Kernel32.dll": "234E15B122ED430DE99490CA1A204958",
  "PInvoke.Magnification.dll": "C9EA3D34F506741ECC044DB19C151F09",
  "PInvoke.Msi.dll": "69EE50CE2DA6B55755E52589F49A7EBC",
  "PInvoke.NCrypt.dll": "DA1DE76C14D99370CA3BEF19DC299B15",
  "PInvoke.NetApi32.dll": "AE79F9FA2E3864A5E0642AE4622ECDC5",
  "PInvoke.NewDev.dll": "B3E1992105D986EF9C5C8E4B630FBB07",
  "PInvoke.NTDll.dll": "3F6BDF840EB27DD0FD9EB8071822183A",
  "PInvoke.Ole32.dll": "3C49FB100B60519FFE725BCD12A538F6",
  "PInvoke.Psapi.dll": "A7683EE4B880227F01C8AE632A892B9E",
  "PInvoke.SetupApi.dll": "1B7AE321185D0081D1759A9AD829F9BA",
  "PInvoke.SHCore.dll": "F27E7F063D51480F6D2294C903E4A606",
  "PInvoke.Shell32.dll": "F71A1BCAF6478190691170DAEA77722F",
  "PInvoke.User32.dll": "8BEDE38311ED4F27127290B81B8079FD",
  "PInvoke.Userenv.dll": "FEB7BCA90B8C905EC2F4BB0789847131",
  "PInvoke.UxTheme.dll": "8E683C016250CB719FDB9AAAFC22B3C5",
  "PInvoke.Windows.Core.dll": "90015440A44935208FFEA9BF61740651",
  "PInvoke.Windows.ShellScalingApi.dll": "F351B34B8C9183A51CADFDC279357C49",
  "PInvoke.WinUsb.dll": "9EB8A0280F2848D1A32B560A939F7336",
  "PInvoke.WtsApi32.dll": "341C94455D2E5893DBE4293D4D67AA4D",
  "Reloaded.Assembler.dll": "05B49C65DEEE656307BA94156D2620B1",
  "Reloaded.Hooks.Definitions.dll": "1B80795975B9901EAB21DA7E20E3B5D6",
  "Reloaded.Hooks.dll": "F9DED397194F175E4798D561B467A4E3",
  "Reloaded.Memory.Buffers.dll": "3BE3399845F8BE60CC2AAD6984AA4E6D",
  "Reloaded.Memory.dll": "233CDACA1CE5B89BE25AE80E5D824503",
  "revision.txt": "FAAD95253AEE7437871781018BDF3309",
  "SDL2-CS.config": "65557595FD5DF55D93B2BF881DE62C3A",
  "SDL2-CS.dll": "C920C8D4844C33416E6ADD626498C941",
  "Serilog.dll": "CD368B8E4218A10B1B6AE085348BC066",
  "Serilog.Sinks.Async.dll": "6CAA86199549E6D02C9BF5F0A4B299F6",
  "Serilog.Sinks.Console.dll": "4FFF32EECBBCBA2D858DD6085B8C3BEF",
  "Serilog.Sinks.File.dll": "C7427B851D56B5EB794C44A3CFCBCC93",
  "SharpDX.Direct3D11.dll": "0BF6EDBECFEE86C4C709E711F3D30656",
  "SharpDX.dll": "CCD8CB1FD4BE5F010FD76F41B07500FB",
  "SharpDX.DXGI.dll": "9337E0607BC211EC195DD32122CBB68B",
  "SharpDX.Mathematics.dll": "12161AB87C72C0F22B8A010378262BA1",
  "Silk.NET.Core.dll": "1ACACABDE69B4E2D71015997B242CDB5",
  "Silk.NET.GLFW.dll": "A4C3FBCA919917CF415D31604108C81A",
  "Silk.NET.Maths.dll": "9A9523FC3CA955D1037E356A2753CCD7",
  "Silk.NET.OpenGL.dll": "86E9CFD03077A1CA0E2B8323A2B06F7F",
  "Silk.NET.SDL.dll": "6851118562F2511EC308B5B72C39D262",
  "Silk.NET.Windowing.Common.dll": "0B47F841064A5E41EF716A2E0CD738B2",
  "Silk.NET.Windowing.Glfw.dll": "19A0181F32430FBC651F670226B11BC0",
  "Silk.NET.Windowing.Sdl.dll": "C590F48DF6EF3789ED8FB35242B549FF",
  "SQLite-net.dll": "D42E5948E21E7B1BE1F3427639263B77",
  "SQLitePCLRaw.batteries_v2.dll": "75C905B7933A6ED6532FBF155E9A92DC",
  "SQLitePCLRaw.core.dll": "F2A82F7AB411798588C86F9E15EE7788",
  "SQLitePCLRaw.nativelibrary.dll": "1D544D6EA160BE4F5022080D1FB6EE56",
  "SQLitePCLRaw.provider.dynamic_cdecl.dll": "5F61B221C569D565FAD5143E1CEE3BE0",
  "StbiSharp.dll": "48F204648C73018AC9A8C6FC8F44073E",
  "System.Reactive.dll": "EF5A00287AD15393D41B12AA4B726FF7",
  "System.Reflection.MetadataLoadContext.dll": "7EC41D41F4E1246757BA3E2EC862D562",
  "System.Security.Cryptography.Pkcs.dll": "8950E01996A37E808BE3F39063C37BF9",
  "TEMP_gitver.txt": "11BFB27EB36B65C5A818EB5F14B52E06",
  "TerraFX.Interop.Windows.dll": "84F7EF6B0DE91F8CC23F773D3FD6DEC0",
  "Validation.dll": "DAAD0D0EED7FD66B21EC16A77F3F7B25"
}
