{
  "runtimes\\alpine-x64\\native\\libe_sqlite3.so": "39C244FEDBCD3DFC37041D4FCE1AE21D",
  "runtimes\\linux-arm\\native\\libe_sqlite3.so": "96CF54BC0EFB83D6E3F5F3E04997A59D",
  "runtimes\\linux-arm64\\native\\libe_sqlite3.so": "F079E55E7F3F9966A4A2052A3234E068",
  "runtimes\\linux-armel\\native\\libe_sqlite3.so": "C5A67D49434FC65D64E9C15778078C76",
  "runtimes\\linux-mips64\\native\\libe_sqlite3.so": "5F8461214089CFC677D46C19B7162161",
  "runtimes\\linux-musl-x64\\native\\libe_sqlite3.so": "39C244FEDBCD3DFC37041D4FCE1AE21D",
  "runtimes\\linux-x64\\native\\libe_sqlite3.so": "6F49C540D3AB9964D67A4A704C3D262D",
  "runtimes\\linux-x64\\native\\libglfw.so.3": "9E3137144F68B9E9793F4C7AD5B1BEA7",
  "runtimes\\linux-x64\\native\\libSDL2-2.0.so": "99B95A708381FC66AB2370E45A260527",
  "runtimes\\linux-x64\\native\\libstbi.so": "0945355ED59677D06E3E88F48101BB26",
  "runtimes\\linux-x86\\native\\libe_sqlite3.so": "5E0659B414CBD6DDC38C65582485853E",
  "runtimes\\osx-x64\\native\\libe_sqlite3.dylib": "F82AE134FCD1C080A69D775591406673",
  "runtimes\\osx-x64\\native\\libglfw.3.dylib": "1E30FAB2F0C40E82290AD4B0BF14A880",
  "runtimes\\osx-x64\\native\\libSDL2-2.0.dylib": "AAC958490586C67395F0A90903AE3747",
  "runtimes\\osx-x64\\native\\libstbi.dylib": "0B84B0A6A80178266018081C3CAB68E6",
  "runtimes\\win-arm\\native\\e_sqlite3.dll": "B5228325FA9AA690FFA73C8C66760581",
  "runtimes\\win-arm64\\native\\e_sqlite3.dll": "BC7B65BF78AA6229D12DB98CD969F0FE",
  "runtimes\\win-x64\\native\\cimgui.dll": "1BE5E8F276994B2AED698189FF4EE535",
  "runtimes\\win-x64\\native\\cimguizmo.dll": "0F578DA2E88A276C07263A45D8810F28",
  "runtimes\\win-x64\\native\\cimplot.dll": "BF08143788A0F38DA038BDE75C85730A",
  "runtimes\\win-x64\\native\\e_sqlite3.dll": "01882A8D80685AD7C8EC285615FDAEF5",
  "runtimes\\win-x64\\native\\glfw3.dll": "0A0A4CEC271117097175406B6385405A",
  "runtimes\\win-x64\\native\\minhook.x64d.dll": "0B1C49F8CDF3BC0938E569668E500052",
  "runtimes\\win-x64\\native\\SDL2.dll": "68B70578621D9B188CB887C9CE4E9241",
  "runtimes\\win-x64\\native\\stbi.dll": "6D983FFE141855079E3005A11481A7BA",
  "runtimes\\win-x64\\native\\stbi.lib": "927C214DE576219E1F80DBE7798A0502",
  "runtimes\\win-x86\\native\\e_sqlite3.dll": "1EAC25CB44490DF6FD30B785D590B01F",
  "runtimes\\win-x86\\native\\glfw3.dll": "733687CC223E438CEB5084D45B158801",
  "runtimes\\win-x86\\native\\SDL2.dll": "0F09A43A6B3393EE98A5FE6D096CCFFD",
  "targets\\Dalamud.Plugin.Bootstrap.targets": "C85635161398CD9852CF7212DB7EB904",
  "targets\\Dalamud.Plugin.targets": "E2AA900DB1F6596D1C203D4112A10F5E",
  "BitFaster.Caching.dll": "E8A31A4413F3B618C7B8FA88061C1433",
  "CheapLoc.dll": "9229032A02278CC0F8054704A1EC264D",
  "Costura.dll": "50E1945267FFE4A83047BB6AE09C3EDF",
  "Dalamud.Boot.dll": "F53E4C735917AC25FB40B6B239360F42",
  "Dalamud.Common.dll": "32066D00B89E940E9C306C546427909F",
  "Dalamud.deps.json": "A7CE34B7093292A9559F5E31C4891359",
  "Dalamud.dll": "CD008B7BAF241C12D1845B21872396BF",
  "Dalamud.Injector.deps.json": "C1FA0941DC8B38E415776C60C508AAB9",
  "Dalamud.Injector.dll": "F47DECA3FEBB1D0015F2EB4A4F78A7B0",
  "Dalamud.Injector.exe": "962B98803033A931EDB34D607AD9DA3D",
  "Dalamud.Injector.runtimeconfig.json": "B9BB65FFE7924D4D8BABE9FA66303200",
  "Dalamud.Injector.xml": "D41E5DF541D19A015215E777D7395C9C",
  "Dalamud.runtimeconfig.json": "2A9CD915428BDD175E0889BD0C225F75",
  "Dalamud.xml": "3240C0151EBC6DBFBB72D1918AAC691B",
  "DalamudCrashHandler.exe": "6B4956AB9A99761BBEF8B4EA985A6CE2",
  "FASM-LICENSE.TXT": "ECEA1D10811221D5F0A3E96F9C38E2C7",
  "FASM.DLL": "22CD1FD7FB25D82E37FF8E880DE982C7",
  "FASMX64.DLL": "17C49DC2034DE7E49713F6E9F1CBB15E",
  "FFXIVClientStructs.dll": "BA0A53F3CC929B40426543B2BC3AB07E",
  "FFXIVClientStructs.xml": "41B497536B8171A8D6B4F4A66CA9D7B9",
  "goaaats.Reloaded.Assembler.targets": "CC22CB0A353E2136EE9E6E96DB9F7164",
  "Iced.dll": "45D263DC84CA3111B1A8643B19C3011F",
  "ImGui.NET.dll": "DD9274CF1A4F6CCF24CF38F692B4C1C6",
  "ImGuiScene.dll": "4F90BB53A0E231E6B515B6842D9F8350",
  "InteropGenerator.Runtime.dll": "4AD0D71FEB29E7AF26B435D5D13F9909",
  "JetBrains.Annotations.dll": "46A4877B9D5F3FD98DAA52B7BC35FBEB",
  "licenses.txt": "A159BE62AA91178EFC3E3983AE874D1D",
  "Lumina.dll": "57623CE0DF8866A826475178E47B06A9",
  "Lumina.Excel.dll": "371840AD89E76271A1805878474CF20E",
  "Microsoft.Bcl.HashCode.dll": "613AB56061ADF2284E047025207467E0",
  "Microsoft.DotNet.PlatformAbstractions.dll": "00AB0F02B1114C57C758F5AD595224F1",
  "Microsoft.Extensions.DependencyModel.dll": "F39BC76C10CFEA478C936FC4521A9FC9",
  "Microsoft.Extensions.ObjectPool.dll": "FEE3CE8A84417360CC5ED787ED6F7DB1",
  "MinSharp.dll": "FBC5A8964F315F94CBF4DAC5F6298D78",
  "Mono.Cecil.dll": "5796CD9DE5BC905773FD11D3B7756C8E",
  "Mono.Cecil.Mdb.dll": "71F9649AD091CE2C4B59B3FD564206ED",
  "Mono.Cecil.Pdb.dll": "DC032039322BA0EFDA2996E168D6BFE6",
  "Mono.Cecil.Rocks.dll": "C797F62D6A47E3239EFA86EAC2EF9D64",
  "nethost.dll": "012081214FE71F0F6ADCD9F4A71B2B00",
  "Newtonsoft.Json.dll": "86A83A63F12B55FD3718CFBFB577D7DC",
  "PeNet.Asn1.dll": "BF144EA5D513D6AE949B0DAC83580C54",
  "PeNet.dll": "7D856D1B926D2B4EECB7DE2C6A5CE5B3",
  "PInvoke.AdvApi32.dll": "34EE461D05B403C3A15D0DEC32A3788C",
  "PInvoke.BCrypt.dll": "FD07758EE1440491F22923084109FF26",
  "PInvoke.Cabinet.dll": "333D950E3804735DA60CC41D614C63E2",
  "PInvoke.CfgMgr32.dll": "768BE7CC18EDCF78B296A72ABE891691",
  "PInvoke.Crypt32.dll": "E7B00B0851738F4A7F2C6D37DAA973B4",
  "PInvoke.DbgHelp.dll": "E701136169620D20E3A70B560DE20E44",
  "PInvoke.DwmApi.dll": "ACF223CC8962404056648815B486F7D9",
  "PInvoke.Gdi32.dll": "69FF434826F98582CE44D3136ECFFACB",
  "PInvoke.Hid.dll": "2E7A41257F8AD9B26073181F450CD8E5",
  "PInvoke.ImageHlp.dll": "79BE816E8D86EA66489D7780DD675D49",
  "PInvoke.IPHlpApi.dll": "E949FA3326D1BA8872B179AB4EE49D38",
  "PInvoke.Kernel32.dll": "234E15B122ED430DE99490CA1A204958",
  "PInvoke.Magnification.dll": "C9EA3D34F506741ECC044DB19C151F09",
  "PInvoke.Msi.dll": "69EE50CE2DA6B55755E52589F49A7EBC",
  "PInvoke.NCrypt.dll": "DA1DE76C14D99370CA3BEF19DC299B15",
  "PInvoke.NetApi32.dll": "AE79F9FA2E3864A5E0642AE4622ECDC5",
  "PInvoke.NewDev.dll": "B3E1992105D986EF9C5C8E4B630FBB07",
  "PInvoke.NTDll.dll": "3F6BDF840EB27DD0FD9EB8071822183A",
  "PInvoke.Ole32.dll": "3C49FB100B60519FFE725BCD12A538F6",
  "PInvoke.Psapi.dll": "A7683EE4B880227F01C8AE632A892B9E",
  "PInvoke.SetupApi.dll": "1B7AE321185D0081D1759A9AD829F9BA",
  "PInvoke.SHCore.dll": "F27E7F063D51480F6D2294C903E4A606",
  "PInvoke.Shell32.dll": "F71A1BCAF6478190691170DAEA77722F",
  "PInvoke.User32.dll": "8BEDE38311ED4F27127290B81B8079FD",
  "PInvoke.Userenv.dll": "FEB7BCA90B8C905EC2F4BB0789847131",
  "PInvoke.UxTheme.dll": "8E683C016250CB719FDB9AAAFC22B3C5",
  "PInvoke.Windows.Core.dll": "90015440A44935208FFEA9BF61740651",
  "PInvoke.Windows.ShellScalingApi.dll": "F351B34B8C9183A51CADFDC279357C49",
  "PInvoke.WinUsb.dll": "9EB8A0280F2848D1A32B560A939F7336",
  "PInvoke.WtsApi32.dll": "341C94455D2E5893DBE4293D4D67AA4D",
  "Reloaded.Assembler.dll": "0CD58CFC1715C692C33940052801E10A",
  "Reloaded.Hooks.Definitions.dll": "1C162B978264F6CBEAB2B8FDF0E62FCE",
  "Reloaded.Hooks.dll": "6B3E909C3C7D086617277F6D72CC674B",
  "Reloaded.Memory.Buffers.dll": "FF89CE383FA9EE1A61116646BCC48E13",
  "Reloaded.Memory.dll": "971098009557791C0BAA6FB43EE5594F",
  "revision.txt": "E327B1649D06BF74FCEB4FE73F83BDBA",
  "SDL2-CS.config": "65557595FD5DF55D93B2BF881DE62C3A",
  "SDL2-CS.dll": "A13824E65062D070FB88630F529244A8",
  "Serilog.dll": "072E33703D78269C4516D62EC7D4C14E",
  "Serilog.Sinks.Async.dll": "A976DC5F9C03A45619B013B7036D4683",
  "Serilog.Sinks.Console.dll": "A64668B717DC9D4FB4EBC466D3089607",
  "Serilog.Sinks.File.dll": "13E85769A85312D07F6EE883B91B8328",
  "SharpDX.Direct3D11.dll": "6C89BFAEBB23E33A891DAADDEBD000E6",
  "SharpDX.dll": "5376D5110B3CE19BDA60A0A8E7C247C6",
  "SharpDX.DXGI.dll": "05B73691F4266A9AD5657334E0CBC1F9",
  "SharpDX.Mathematics.dll": "F007CD2C4C8A5018F5BA7D7FDE068C9C",
  "Silk.NET.Core.dll": "12AFE822C3E5587FC56DA26B8856C6F4",
  "Silk.NET.GLFW.dll": "C5E3B1A40F3B0B374D2A1B308260DB79",
  "Silk.NET.Maths.dll": "8E5FCED4CF85FDAEADCE8B2D08B69843",
  "Silk.NET.OpenGL.dll": "9668182F819AC2336DF7A6748B2A18C4",
  "Silk.NET.SDL.dll": "4EE686F87ED73B17777B310193F9013A",
  "Silk.NET.Windowing.Common.dll": "CF0904EB0B111C34B7C2A09A0CE990D9",
  "Silk.NET.Windowing.Glfw.dll": "00C882C4C923F2F6A9F379E9D6D7AD7A",
  "Silk.NET.Windowing.Sdl.dll": "D76571070E87E01012080AE571E76970",
  "SQLite-net.dll": "EECA642F76EE833C8905EDAE2D792F67",
  "SQLitePCLRaw.batteries_v2.dll": "FE682DA69663C8A5AE84E4DDA6F3DB65",
  "SQLitePCLRaw.core.dll": "C924A1945E2011BDD23C8766AB052589",
  "SQLitePCLRaw.nativelibrary.dll": "224623242FDB50A5AB5C0CECB7C04E99",
  "SQLitePCLRaw.provider.dynamic_cdecl.dll": "C8564C55F3CE8B354C3C8D9C4FDB8D01",
  "StbiSharp.dll": "9B292C564C56ED0E0A05BFF0597598C0",
  "System.Reactive.dll": "EF5A00287AD15393D41B12AA4B726FF7",
  "System.Reflection.MetadataLoadContext.dll": "7EC41D41F4E1246757BA3E2EC862D562",
  "System.Security.Cryptography.Pkcs.dll": "8950E01996A37E808BE3F39063C37BF9",
  "TEMP_gitver.txt": "5B30445AD03B35DA7389885C36D9AF77",
  "TerraFX.Interop.Windows.dll": "84F7EF6B0DE91F8CC23F773D3FD6DEC0",
  "Validation.dll": "B92289C89D440B5C992A2C20AEF4DAA2"
}
