{
  "runtimes\\alpine-x64\\native\\libe_sqlite3.so": "39C244FEDBCD3DFC37041D4FCE1AE21D",
  "runtimes\\linux-arm\\native\\libe_sqlite3.so": "96CF54BC0EFB83D6E3F5F3E04997A59D",
  "runtimes\\linux-arm64\\native\\libe_sqlite3.so": "F079E55E7F3F9966A4A2052A3234E068",
  "runtimes\\linux-armel\\native\\libe_sqlite3.so": "C5A67D49434FC65D64E9C15778078C76",
  "runtimes\\linux-mips64\\native\\libe_sqlite3.so": "5F8461214089CFC677D46C19B7162161",
  "runtimes\\linux-musl-x64\\native\\libe_sqlite3.so": "39C244FEDBCD3DFC37041D4FCE1AE21D",
  "runtimes\\linux-x64\\native\\libe_sqlite3.so": "6F49C540D3AB9964D67A4A704C3D262D",
  "runtimes\\linux-x64\\native\\libglfw.so.3": "9E3137144F68B9E9793F4C7AD5B1BEA7",
  "runtimes\\linux-x64\\native\\libSDL2-2.0.so": "99B95A708381FC66AB2370E45A260527",
  "runtimes\\linux-x64\\native\\libstbi.so": "0945355ED59677D06E3E88F48101BB26",
  "runtimes\\linux-x86\\native\\libe_sqlite3.so": "5E0659B414CBD6DDC38C65582485853E",
  "runtimes\\osx-x64\\native\\libe_sqlite3.dylib": "F82AE134FCD1C080A69D775591406673",
  "runtimes\\osx-x64\\native\\libglfw.3.dylib": "1E30FAB2F0C40E82290AD4B0BF14A880",
  "runtimes\\osx-x64\\native\\libSDL2-2.0.dylib": "AAC958490586C67395F0A90903AE3747",
  "runtimes\\osx-x64\\native\\libstbi.dylib": "0B84B0A6A80178266018081C3CAB68E6",
  "runtimes\\win-arm\\native\\e_sqlite3.dll": "2DB78C23EB3DF7C8BCD38C5D82834C50",
  "runtimes\\win-arm64\\native\\e_sqlite3.dll": "A41B0FF0F3B9D84673B6DDF273967797",
  "runtimes\\win-x64\\native\\cimgui.dll": "79F82CAFDA5AF0F986B3DB821BAB0AA5",
  "runtimes\\win-x64\\native\\cimguizmo.dll": "B5C64C2D1D9D08C611D8BEDA682F2430",
  "runtimes\\win-x64\\native\\cimplot.dll": "D65343707FDD3F607D482FDDF614C9E5",
  "runtimes\\win-x64\\native\\e_sqlite3.dll": "EECE5864ABAD3ADAAFA3CBD1296DB02D",
  "runtimes\\win-x64\\native\\glfw3.dll": "3DF21ECCC47FD6A14FAE8E035E06A032",
  "runtimes\\win-x64\\native\\minhook.x64d.dll": "E3873FE23333FE0FAB91232A5FA548C6",
  "runtimes\\win-x64\\native\\SDL2.dll": "CF5C21B6E1CEC96FA59DFD35D20A7EE3",
  "runtimes\\win-x64\\native\\stbi.dll": "D495ECFC080D23DAEB39CC8D6C4155D9",
  "runtimes\\win-x64\\native\\stbi.lib": "927C214DE576219E1F80DBE7798A0502",
  "runtimes\\win-x86\\native\\e_sqlite3.dll": "1BE40D4EBAA31880AE3D739DE981E2D0",
  "runtimes\\win-x86\\native\\glfw3.dll": "A2DC7AE4819174E8A7AFA25BA7927DEA",
  "runtimes\\win-x86\\native\\SDL2.dll": "FBF60640D1C1D023CFB68B22F8E2EB46",
  "targets\\Dalamud.Plugin.Bootstrap.targets": "C85635161398CD9852CF7212DB7EB904",
  "targets\\Dalamud.Plugin.targets": "DDD731601C06B16E10CF2F8990452A27",
  "BitFaster.Caching.dll": "6269BF8726A9306AE268AF65241CE178",
  "CheapLoc.dll": "9344E22F434CFAA81D7AA175DF936BF1",
  "Costura.dll": "D34BAA03F50CA95551F8F3B3AD3DF0F6",
  "Dalamud.Boot.dll": "08B2BD4800599F5B5B4844D671B2E30E",
  "Dalamud.Common.dll": "9D4A646D6285710D2D30F6BE30B6BBB5",
  "Dalamud.deps.json": "9F3152C5A97A09FD0ACB6A8BFAD1A54B",
  "Dalamud.dll": "4DD4174A148081201FFC3679E7286A09",
  "Dalamud.Injector.deps.json": "C1FA0941DC8B38E415776C60C508AAB9",
  "Dalamud.Injector.dll": "B0F4E1BFFA7E0F7DE605C6CC43829E9B",
  "Dalamud.Injector.exe": "34073B305F741DE16E73A25807BA9B1A",
  "Dalamud.Injector.runtimeconfig.json": "B9BB65FFE7924D4D8BABE9FA66303200",
  "Dalamud.Injector.xml": "D41E5DF541D19A015215E777D7395C9C",
  "Dalamud.runtimeconfig.json": "2A9CD915428BDD175E0889BD0C225F75",
  "Dalamud.xml": "8E42A834F09BCE067B4D84F8A403D975",
  "DalamudCrashHandler.exe": "1C6864BFAA344776EB74277D2F6E158C",
  "FASM-LICENSE.TXT": "ECEA1D10811221D5F0A3E96F9C38E2C7",
  "FASM.DLL": "055FDBC44C3036A27B0FBA11982E1514",
  "FASMX64.DLL": "5A55BC0CED6F4D997150A314967BA79F",
  "FFXIVClientStructs.dll": "086ABB6F6893F48DB6741E65C43C6BDF",
  "FFXIVClientStructs.xml": "C189A02BB571A06390AF7863F2970F57",
  "goaaats.Reloaded.Assembler.targets": "CC22CB0A353E2136EE9E6E96DB9F7164",
  "Iced.dll": "CA2E09FE389D714077EBC120E7A591FB",
  "ImGui.NET.dll": "5CCC2C930D30F5B749F2BB7BEC25C39B",
  "ImGuiScene.dll": "26D809778357F5710425F456382BE987",
  "InteropGenerator.Runtime.dll": "E655400352C4A564C04EC5C9364A340B",
  "JetBrains.Annotations.dll": "FC308F01F5583413A116E083DCEF2A11",
  "licenses.txt": "A159BE62AA91178EFC3E3983AE874D1D",
  "Lumina.dll": "FAA31D68ED3AAAE3BBC70A318517AFAA",
  "Lumina.Excel.dll": "30835D11A696FB369B5728C72391F184",
  "Microsoft.Bcl.HashCode.dll": "613AB56061ADF2284E047025207467E0",
  "Microsoft.DotNet.PlatformAbstractions.dll": "00AB0F02B1114C57C758F5AD595224F1",
  "Microsoft.Extensions.DependencyModel.dll": "F39BC76C10CFEA478C936FC4521A9FC9",
  "Microsoft.Extensions.ObjectPool.dll": "FEE3CE8A84417360CC5ED787ED6F7DB1",
  "MinSharp.dll": "40AC2AB7F307AF9C16E62B94D4F3A41C",
  "Mono.Cecil.dll": "E64912BE3ACE86F877EB4A6DA3F53B72",
  "Mono.Cecil.Mdb.dll": "D25DCC18C223A2E473E559658535EA13",
  "Mono.Cecil.Pdb.dll": "2750DE67BD52D5C1B27CC259A7A87E1D",
  "Mono.Cecil.Rocks.dll": "75380F67E4A158E8983428B41BAE3042",
  "nethost.dll": "012081214FE71F0F6ADCD9F4A71B2B00",
  "Newtonsoft.Json.dll": "86A83A63F12B55FD3718CFBFB577D7DC",
  "PeNet.Asn1.dll": "679A3F493C5A475737BE421A42922148",
  "PeNet.dll": "2C377412245F793857FEB7ED1BF53908",
  "PInvoke.AdvApi32.dll": "34EE461D05B403C3A15D0DEC32A3788C",
  "PInvoke.BCrypt.dll": "FD07758EE1440491F22923084109FF26",
  "PInvoke.Cabinet.dll": "333D950E3804735DA60CC41D614C63E2",
  "PInvoke.CfgMgr32.dll": "768BE7CC18EDCF78B296A72ABE891691",
  "PInvoke.Crypt32.dll": "E7B00B0851738F4A7F2C6D37DAA973B4",
  "PInvoke.DbgHelp.dll": "E701136169620D20E3A70B560DE20E44",
  "PInvoke.DwmApi.dll": "ACF223CC8962404056648815B486F7D9",
  "PInvoke.Gdi32.dll": "69FF434826F98582CE44D3136ECFFACB",
  "PInvoke.Hid.dll": "2E7A41257F8AD9B26073181F450CD8E5",
  "PInvoke.ImageHlp.dll": "79BE816E8D86EA66489D7780DD675D49",
  "PInvoke.IPHlpApi.dll": "E949FA3326D1BA8872B179AB4EE49D38",
  "PInvoke.Kernel32.dll": "234E15B122ED430DE99490CA1A204958",
  "PInvoke.Magnification.dll": "C9EA3D34F506741ECC044DB19C151F09",
  "PInvoke.Msi.dll": "69EE50CE2DA6B55755E52589F49A7EBC",
  "PInvoke.NCrypt.dll": "DA1DE76C14D99370CA3BEF19DC299B15",
  "PInvoke.NetApi32.dll": "AE79F9FA2E3864A5E0642AE4622ECDC5",
  "PInvoke.NewDev.dll": "B3E1992105D986EF9C5C8E4B630FBB07",
  "PInvoke.NTDll.dll": "3F6BDF840EB27DD0FD9EB8071822183A",
  "PInvoke.Ole32.dll": "3C49FB100B60519FFE725BCD12A538F6",
  "PInvoke.Psapi.dll": "A7683EE4B880227F01C8AE632A892B9E",
  "PInvoke.SetupApi.dll": "1B7AE321185D0081D1759A9AD829F9BA",
  "PInvoke.SHCore.dll": "F27E7F063D51480F6D2294C903E4A606",
  "PInvoke.Shell32.dll": "F71A1BCAF6478190691170DAEA77722F",
  "PInvoke.User32.dll": "8BEDE38311ED4F27127290B81B8079FD",
  "PInvoke.Userenv.dll": "FEB7BCA90B8C905EC2F4BB0789847131",
  "PInvoke.UxTheme.dll": "8E683C016250CB719FDB9AAAFC22B3C5",
  "PInvoke.Windows.Core.dll": "90015440A44935208FFEA9BF61740651",
  "PInvoke.Windows.ShellScalingApi.dll": "F351B34B8C9183A51CADFDC279357C49",
  "PInvoke.WinUsb.dll": "9EB8A0280F2848D1A32B560A939F7336",
  "PInvoke.WtsApi32.dll": "341C94455D2E5893DBE4293D4D67AA4D",
  "Reloaded.Assembler.dll": "A475FFD8625E7F611F74BFCD20C99072",
  "Reloaded.Hooks.Definitions.dll": "6A7DD8CE77E3BD4775492B6E15797F7E",
  "Reloaded.Hooks.dll": "82147A9DF5904888D0AF7BA1864780FB",
  "Reloaded.Memory.Buffers.dll": "7DE1765F463F09BE4798C60C8CEF1EAA",
  "Reloaded.Memory.dll": "F28EE5D3E5BF1D6E907004A89949B5E0",
  "revision.txt": "4EFF0720836A198B6174EECF02CBFDBF",
  "SDL2-CS.config": "65557595FD5DF55D93B2BF881DE62C3A",
  "SDL2-CS.dll": "E3166FCF575A00D9EF9637842E886903",
  "Serilog.dll": "E6E6E0AEFEB4E25CFB74764DF10CEDE2",
  "Serilog.Sinks.Async.dll": "6FD1A1F526CDC176D8F2231D84FA7D55",
  "Serilog.Sinks.Console.dll": "2F1E7F55ACCAB27AB29B1D75C44E562C",
  "Serilog.Sinks.File.dll": "FB5C19A4C09AF0E83D09E576D78CB1F9",
  "SharpDX.Direct3D11.dll": "B3E457A463786021C35AA428BFD82055",
  "SharpDX.dll": "56525A05243B0EA123ED6E83A320F1DE",
  "SharpDX.DXGI.dll": "131AB6C4545E72462F0E561B6DD3828C",
  "SharpDX.Mathematics.dll": "C07161AFB63264BBF164E778E8706CCD",
  "Silk.NET.Core.dll": "856A7D45258AC9F10042D4E58CA95729",
  "Silk.NET.GLFW.dll": "C9B8930363CC5CB27111BFB9966C4BC5",
  "Silk.NET.Maths.dll": "2D8C05ABEF4D72003806B11B5172BD8F",
  "Silk.NET.OpenGL.dll": "B93BCCCCB1C855B7935E5C92A72E9833",
  "Silk.NET.SDL.dll": "955E6394B923662A4B3EC0BD54440F66",
  "Silk.NET.Windowing.Common.dll": "F2F92EAEDC542A7282B5724F94526FBA",
  "Silk.NET.Windowing.Glfw.dll": "9494D2E9E0CF2C86D5473182B39B75CE",
  "Silk.NET.Windowing.Sdl.dll": "5F5CB2E4FDBE88613FCEE70DAF4EC473",
  "SQLite-net.dll": "DF8B0FFC165BC2D19E0FAA795191EBAE",
  "SQLitePCLRaw.batteries_v2.dll": "1440CC856AC1E2F5BB595A0E0D87BF87",
  "SQLitePCLRaw.core.dll": "90FCA6EF44DD2402C355981A92DC929A",
  "SQLitePCLRaw.nativelibrary.dll": "7FF70466B85AC3BC62B1C19F658A110E",
  "SQLitePCLRaw.provider.dynamic_cdecl.dll": "56BAAB8CC7822E3B4DC670929D448733",
  "StbiSharp.dll": "EDF4B2B1A88500353A95204AFCB29BFA",
  "System.Reactive.dll": "EF5A00287AD15393D41B12AA4B726FF7",
  "System.Reflection.MetadataLoadContext.dll": "7EC41D41F4E1246757BA3E2EC862D562",
  "System.Security.Cryptography.Pkcs.dll": "8950E01996A37E808BE3F39063C37BF9",
  "TEMP_gitver.txt": "B989EFEB4A7E426C1275238D069EB9E6",
  "TerraFX.Interop.Windows.dll": "84F7EF6B0DE91F8CC23F773D3FD6DEC0",
  "Validation.dll": "0091E661DF3009257ACED24C43790300"
}
