{
  "runtimes\\alpine-x64\\native\\libe_sqlite3.so": "39C244FEDBCD3DFC37041D4FCE1AE21D",
  "runtimes\\linux-arm\\native\\libe_sqlite3.so": "96CF54BC0EFB83D6E3F5F3E04997A59D",
  "runtimes\\linux-arm64\\native\\libe_sqlite3.so": "F079E55E7F3F9966A4A2052A3234E068",
  "runtimes\\linux-armel\\native\\libe_sqlite3.so": "C5A67D49434FC65D64E9C15778078C76",
  "runtimes\\linux-mips64\\native\\libe_sqlite3.so": "5F8461214089CFC677D46C19B7162161",
  "runtimes\\linux-musl-x64\\native\\libe_sqlite3.so": "39C244FEDBCD3DFC37041D4FCE1AE21D",
  "runtimes\\linux-x64\\native\\libe_sqlite3.so": "6F49C540D3AB9964D67A4A704C3D262D",
  "runtimes\\linux-x64\\native\\libglfw.so.3": "9E3137144F68B9E9793F4C7AD5B1BEA7",
  "runtimes\\linux-x64\\native\\libSDL2-2.0.so": "99B95A708381FC66AB2370E45A260527",
  "runtimes\\linux-x64\\native\\libstbi.so": "0945355ED59677D06E3E88F48101BB26",
  "runtimes\\linux-x86\\native\\libe_sqlite3.so": "5E0659B414CBD6DDC38C65582485853E",
  "runtimes\\osx-x64\\native\\libe_sqlite3.dylib": "F82AE134FCD1C080A69D775591406673",
  "runtimes\\osx-x64\\native\\libglfw.3.dylib": "1E30FAB2F0C40E82290AD4B0BF14A880",
  "runtimes\\osx-x64\\native\\libSDL2-2.0.dylib": "AAC958490586C67395F0A90903AE3747",
  "runtimes\\osx-x64\\native\\libstbi.dylib": "0B84B0A6A80178266018081C3CAB68E6",
  "runtimes\\win-arm\\native\\e_sqlite3.dll": "64BE57A1B5BABA7E4E13E341D0B3579D",
  "runtimes\\win-arm64\\native\\e_sqlite3.dll": "45D169F409609D7C05D514E697CA1EB8",
  "runtimes\\win-x64\\native\\cimgui.dll": "7E4D8A4C9E8CACF4834EEF32DF6E741E",
  "runtimes\\win-x64\\native\\cimguizmo.dll": "4C037A9B1F5EBC331014B86C1DC11AA3",
  "runtimes\\win-x64\\native\\cimplot.dll": "27BC336E4E1A8E52170E08EF6CD12C54",
  "runtimes\\win-x64\\native\\e_sqlite3.dll": "E99682D3BFF1E42140AA27D2BD2AB161",
  "runtimes\\win-x64\\native\\glfw3.dll": "14CB765A735406CBB0912EABC0C3EDB6",
  "runtimes\\win-x64\\native\\minhook.x64d.dll": "002A8A1B1B4CCD8D19487C836F32DA3A",
  "runtimes\\win-x64\\native\\SDL2.dll": "98E59CEE69B1DA19F955A5C7F4D6B2B6",
  "runtimes\\win-x64\\native\\stbi.dll": "87938DA36514A23262C80157AC7316FD",
  "runtimes\\win-x64\\native\\stbi.lib": "927C214DE576219E1F80DBE7798A0502",
  "runtimes\\win-x86\\native\\e_sqlite3.dll": "BE923995521E1115EF1A61BB57891D5B",
  "runtimes\\win-x86\\native\\glfw3.dll": "B4EB1473FE312AAD75813372DFEAEED5",
  "runtimes\\win-x86\\native\\SDL2.dll": "1892628F40FF0B8BA4B6AD27510F68F8",
  "targets\\Dalamud.Plugin.Bootstrap.targets": "C85635161398CD9852CF7212DB7EB904",
  "targets\\Dalamud.Plugin.targets": "DDD731601C06B16E10CF2F8990452A27",
  "BitFaster.Caching.dll": "2DFA8C088117BABDE89412365F5129EA",
  "CheapLoc.dll": "13883C044210C5731E2DD7CCF368AA67",
  "Costura.dll": "6D04DE37A55CCBD726CC9F1FF40A7B7D",
  "Dalamud.Boot.dll": "132CA3031E81F853A9FCABB266A62927",
  "Dalamud.Common.dll": "EAC14CD53ADB5442E8040F9DC28257B4",
  "Dalamud.deps.json": "9F3152C5A97A09FD0ACB6A8BFAD1A54B",
  "Dalamud.dll": "A2174780446A2C27FAF8862782133988",
  "Dalamud.Injector.deps.json": "C1FA0941DC8B38E415776C60C508AAB9",
  "Dalamud.Injector.dll": "9625AF251E77BF50C24347025A898E32",
  "Dalamud.Injector.exe": "D42424BD026812D89A794B2B89E8506B",
  "Dalamud.Injector.runtimeconfig.json": "B9BB65FFE7924D4D8BABE9FA66303200",
  "Dalamud.Injector.xml": "D41E5DF541D19A015215E777D7395C9C",
  "Dalamud.runtimeconfig.json": "2A9CD915428BDD175E0889BD0C225F75",
  "Dalamud.xml": "904F99E58DE17C02E69D1F0866778F02",
  "DalamudCrashHandler.exe": "4323BD2C1A809E6B453E4543C79F8815",
  "FASM-LICENSE.TXT": "ECEA1D10811221D5F0A3E96F9C38E2C7",
  "FASM.DLL": "E920B9FAC7221D49055395D5367A228B",
  "FASMX64.DLL": "51512842706225C4CEFCB02354C958A2",
  "FFXIVClientStructs.dll": "2B656FE2CB9E9449BAC972BE8F32014C",
  "FFXIVClientStructs.xml": "B0CA6A593F33D7F6778342264401D347",
  "goaaats.Reloaded.Assembler.targets": "CC22CB0A353E2136EE9E6E96DB9F7164",
  "Iced.dll": "314BCE20289C8171B988D0D8C9A1F3A0",
  "ImGui.NET.dll": "B8EEDA347A61540C3B970DE27DF42018",
  "ImGuiScene.dll": "0F49429D507422A511D94CB6FE8BA405",
  "InteropGenerator.Runtime.dll": "84818D8105F22B0DFC994B7FDE2CC255",
  "JetBrains.Annotations.dll": "B4B2950975338292135B512CFF97A6B0",
  "licenses.txt": "A159BE62AA91178EFC3E3983AE874D1D",
  "Lumina.dll": "AD890604411F657C2D7CBC7D1E02841B",
  "Lumina.Excel.dll": "1917A70CB90E53CBE623A7385D8C8BE3",
  "Microsoft.Bcl.HashCode.dll": "613AB56061ADF2284E047025207467E0",
  "Microsoft.DotNet.PlatformAbstractions.dll": "00AB0F02B1114C57C758F5AD595224F1",
  "Microsoft.Extensions.DependencyModel.dll": "F39BC76C10CFEA478C936FC4521A9FC9",
  "Microsoft.Extensions.ObjectPool.dll": "FEE3CE8A84417360CC5ED787ED6F7DB1",
  "MinSharp.dll": "F0DA73981B1FAE6AF9523204367172BC",
  "Mono.Cecil.dll": "BA94F2EF27EE009D36C54E3057ADB723",
  "Mono.Cecil.Mdb.dll": "56CC5823AB2E7AA0534DBA67627DC4DE",
  "Mono.Cecil.Pdb.dll": "C07B6DB731775D991CE10F937EA91004",
  "Mono.Cecil.Rocks.dll": "3BEABEC6BB508BB44689D15914A3694E",
  "nethost.dll": "012081214FE71F0F6ADCD9F4A71B2B00",
  "Newtonsoft.Json.dll": "86A83A63F12B55FD3718CFBFB577D7DC",
  "PeNet.Asn1.dll": "9827BC0E61A2283EF6B751D2B0ABF328",
  "PeNet.dll": "3A7F57CC80E240B2E47BDAC2FF1535CC",
  "PInvoke.AdvApi32.dll": "34EE461D05B403C3A15D0DEC32A3788C",
  "PInvoke.BCrypt.dll": "FD07758EE1440491F22923084109FF26",
  "PInvoke.Cabinet.dll": "333D950E3804735DA60CC41D614C63E2",
  "PInvoke.CfgMgr32.dll": "768BE7CC18EDCF78B296A72ABE891691",
  "PInvoke.Crypt32.dll": "E7B00B0851738F4A7F2C6D37DAA973B4",
  "PInvoke.DbgHelp.dll": "E701136169620D20E3A70B560DE20E44",
  "PInvoke.DwmApi.dll": "ACF223CC8962404056648815B486F7D9",
  "PInvoke.Gdi32.dll": "69FF434826F98582CE44D3136ECFFACB",
  "PInvoke.Hid.dll": "2E7A41257F8AD9B26073181F450CD8E5",
  "PInvoke.ImageHlp.dll": "79BE816E8D86EA66489D7780DD675D49",
  "PInvoke.IPHlpApi.dll": "E949FA3326D1BA8872B179AB4EE49D38",
  "PInvoke.Kernel32.dll": "234E15B122ED430DE99490CA1A204958",
  "PInvoke.Magnification.dll": "C9EA3D34F506741ECC044DB19C151F09",
  "PInvoke.Msi.dll": "69EE50CE2DA6B55755E52589F49A7EBC",
  "PInvoke.NCrypt.dll": "DA1DE76C14D99370CA3BEF19DC299B15",
  "PInvoke.NetApi32.dll": "AE79F9FA2E3864A5E0642AE4622ECDC5",
  "PInvoke.NewDev.dll": "B3E1992105D986EF9C5C8E4B630FBB07",
  "PInvoke.NTDll.dll": "3F6BDF840EB27DD0FD9EB8071822183A",
  "PInvoke.Ole32.dll": "3C49FB100B60519FFE725BCD12A538F6",
  "PInvoke.Psapi.dll": "A7683EE4B880227F01C8AE632A892B9E",
  "PInvoke.SetupApi.dll": "1B7AE321185D0081D1759A9AD829F9BA",
  "PInvoke.SHCore.dll": "F27E7F063D51480F6D2294C903E4A606",
  "PInvoke.Shell32.dll": "F71A1BCAF6478190691170DAEA77722F",
  "PInvoke.User32.dll": "8BEDE38311ED4F27127290B81B8079FD",
  "PInvoke.Userenv.dll": "FEB7BCA90B8C905EC2F4BB0789847131",
  "PInvoke.UxTheme.dll": "8E683C016250CB719FDB9AAAFC22B3C5",
  "PInvoke.Windows.Core.dll": "90015440A44935208FFEA9BF61740651",
  "PInvoke.Windows.ShellScalingApi.dll": "F351B34B8C9183A51CADFDC279357C49",
  "PInvoke.WinUsb.dll": "9EB8A0280F2848D1A32B560A939F7336",
  "PInvoke.WtsApi32.dll": "341C94455D2E5893DBE4293D4D67AA4D",
  "Reloaded.Assembler.dll": "D2E2A7FECA2CBD092C6BCE1640BF04D7",
  "Reloaded.Hooks.Definitions.dll": "81FCBCD232BD90665EAFBFB3C4B8A358",
  "Reloaded.Hooks.dll": "55742FB021AAFD7E316B73709C1DFA06",
  "Reloaded.Memory.Buffers.dll": "0F651B9D0359A066CF8815DCDA34CCB4",
  "Reloaded.Memory.dll": "200A35D38F99F194F8EB1AED8C7F01A2",
  "revision.txt": "AE0E08163D22BEFD4635F47BEF1B6E3F",
  "SDL2-CS.config": "65557595FD5DF55D93B2BF881DE62C3A",
  "SDL2-CS.dll": "670598080D6C3191D7AF01B1DC140069",
  "Serilog.dll": "814673FF34F7247EA52D9154DB048C59",
  "Serilog.Sinks.Async.dll": "99640A57D3C9A736F1F654A2FC7D5E07",
  "Serilog.Sinks.Console.dll": "E5B24C33F7C8DC177905EB658E599A0F",
  "Serilog.Sinks.File.dll": "A00A0FA9548FB5DD763CB38E951029D3",
  "SharpDX.Direct3D11.dll": "FFFE77A408037904DE182700BB11EF64",
  "SharpDX.dll": "711246BEA8EF0D924FE67B56DECA5616",
  "SharpDX.DXGI.dll": "198C396CF406BF69B2D309BA941F433E",
  "SharpDX.Mathematics.dll": "C2F1C11D74ED84ED39148D9382968FA4",
  "Silk.NET.Core.dll": "073A61D67E4B1E3FBBFCC89DE3E84570",
  "Silk.NET.GLFW.dll": "4A22861AACC3464F3FAD6166765AFC62",
  "Silk.NET.Maths.dll": "3BFA7C958446436EA9116CE3EED9E4F8",
  "Silk.NET.OpenGL.dll": "1EE9A64D82135EB4F82E43820F240EF0",
  "Silk.NET.SDL.dll": "7E2E03CF46CBC76DF24C7A04417C9ABB",
  "Silk.NET.Windowing.Common.dll": "16ADF4179B87C45FC8E43360C34CB25B",
  "Silk.NET.Windowing.Glfw.dll": "5BF9A48D32E1B48408BED3E8041D2AAB",
  "Silk.NET.Windowing.Sdl.dll": "401813BD4F3FCB5EDF75740039682B22",
  "SQLite-net.dll": "73406DF3FB31BEEB1D40FBEEEED1CCCB",
  "SQLitePCLRaw.batteries_v2.dll": "E32971194572A4ED7B65A56FA67D7181",
  "SQLitePCLRaw.core.dll": "9997C6739BA01AEC9BE6BE91A572D72B",
  "SQLitePCLRaw.nativelibrary.dll": "34A47F921D0BCCC1A3782BEFEB5F7D4D",
  "SQLitePCLRaw.provider.dynamic_cdecl.dll": "8B8365E09E6AD447407F494C4DEA1174",
  "StbiSharp.dll": "5F6FEE70AE646750E7BE3723B913FA7F",
  "System.Reactive.dll": "EF5A00287AD15393D41B12AA4B726FF7",
  "System.Reflection.MetadataLoadContext.dll": "7EC41D41F4E1246757BA3E2EC862D562",
  "System.Security.Cryptography.Pkcs.dll": "8950E01996A37E808BE3F39063C37BF9",
  "TEMP_gitver.txt": "ACA39841D904F3D101A8B67367DD7CED",
  "TerraFX.Interop.Windows.dll": "84F7EF6B0DE91F8CC23F773D3FD6DEC0",
  "Validation.dll": "9ADCABF9F262CD2DCA8CCA9694C20305"
}
