{
  "runtimes\\alpine-x64\\native\\libe_sqlite3.so": "39C244FEDBCD3DFC37041D4FCE1AE21D",
  "runtimes\\linux-arm\\native\\libe_sqlite3.so": "96CF54BC0EFB83D6E3F5F3E04997A59D",
  "runtimes\\linux-arm64\\native\\libe_sqlite3.so": "F079E55E7F3F9966A4A2052A3234E068",
  "runtimes\\linux-armel\\native\\libe_sqlite3.so": "C5A67D49434FC65D64E9C15778078C76",
  "runtimes\\linux-mips64\\native\\libe_sqlite3.so": "5F8461214089CFC677D46C19B7162161",
  "runtimes\\linux-musl-x64\\native\\libe_sqlite3.so": "39C244FEDBCD3DFC37041D4FCE1AE21D",
  "runtimes\\linux-x64\\native\\libe_sqlite3.so": "6F49C540D3AB9964D67A4A704C3D262D",
  "runtimes\\linux-x64\\native\\libglfw.so.3": "9E3137144F68B9E9793F4C7AD5B1BEA7",
  "runtimes\\linux-x64\\native\\libSDL2-2.0.so": "99B95A708381FC66AB2370E45A260527",
  "runtimes\\linux-x64\\native\\libstbi.so": "0945355ED59677D06E3E88F48101BB26",
  "runtimes\\linux-x86\\native\\libe_sqlite3.so": "5E0659B414CBD6DDC38C65582485853E",
  "runtimes\\osx-x64\\native\\libe_sqlite3.dylib": "F82AE134FCD1C080A69D775591406673",
  "runtimes\\osx-x64\\native\\libglfw.3.dylib": "1E30FAB2F0C40E82290AD4B0BF14A880",
  "runtimes\\osx-x64\\native\\libSDL2-2.0.dylib": "AAC958490586C67395F0A90903AE3747",
  "runtimes\\osx-x64\\native\\libstbi.dylib": "0B84B0A6A80178266018081C3CAB68E6",
  "runtimes\\win-arm\\native\\e_sqlite3.dll": "58C2252408F1FA55A76ABE7353502D88",
  "runtimes\\win-arm64\\native\\e_sqlite3.dll": "7EC1AD8A6B024D9E60F39C4FB6FB5539",
  "runtimes\\win-x64\\native\\cimgui.dll": "58CCA24740282D4886FFE5870B09C750",
  "runtimes\\win-x64\\native\\cimguizmo.dll": "CC4F22D1E4A59859859D98BBED9B5CF0",
  "runtimes\\win-x64\\native\\cimplot.dll": "8E91B94F5117DEADE5CA0A7538B9D8C1",
  "runtimes\\win-x64\\native\\e_sqlite3.dll": "F32BA791834171581BDE54618D324EFF",
  "runtimes\\win-x64\\native\\glfw3.dll": "631CE8988F478342519105A8276275F8",
  "runtimes\\win-x64\\native\\minhook.x64d.dll": "025571C437E4DCD9DA20650568E3E9C1",
  "runtimes\\win-x64\\native\\SDL2.dll": "469625BBA397CC21364FDB952261955D",
  "runtimes\\win-x64\\native\\stbi.dll": "EF5CDE4C7854B01908E046DBF19E5579",
  "runtimes\\win-x64\\native\\stbi.lib": "927C214DE576219E1F80DBE7798A0502",
  "runtimes\\win-x86\\native\\e_sqlite3.dll": "7828F3DA1C4D97FEA9ADAC1E638FC8C4",
  "runtimes\\win-x86\\native\\glfw3.dll": "F22B38F8E4B88AADF103021F9879F602",
  "runtimes\\win-x86\\native\\SDL2.dll": "8409F106052FEE423A4B388E5C0393F3",
  "targets\\Dalamud.Plugin.Bootstrap.targets": "C85635161398CD9852CF7212DB7EB904",
  "targets\\Dalamud.Plugin.targets": "DDD731601C06B16E10CF2F8990452A27",
  "BitFaster.Caching.dll": "BDF50AA94459AD44EE408BEC25AD350C",
  "CheapLoc.dll": "375C27889623AEA9ABC6AE6970AF3C0B",
  "Costura.dll": "9FAA08FBACE5AB7A0BA6F69BFE6AEAFA",
  "Dalamud.Boot.dll": "174B42905D96D4D02F2DB2DFE7338D97",
  "Dalamud.Common.dll": "1C6632CEBED84BF97AF7FDB844628F76",
  "Dalamud.deps.json": "9F3152C5A97A09FD0ACB6A8BFAD1A54B",
  "Dalamud.dll": "8E658FA95198D7C6EC3992BD7CD77DB3",
  "Dalamud.Injector.deps.json": "C1FA0941DC8B38E415776C60C508AAB9",
  "Dalamud.Injector.dll": "9CFC73BECEADBD4A26F713915928F6B0",
  "Dalamud.Injector.exe": "A1AFE29E579684A61BF6D6CBAD273EF3",
  "Dalamud.Injector.runtimeconfig.json": "B9BB65FFE7924D4D8BABE9FA66303200",
  "Dalamud.Injector.xml": "D41E5DF541D19A015215E777D7395C9C",
  "Dalamud.runtimeconfig.json": "2A9CD915428BDD175E0889BD0C225F75",
  "Dalamud.xml": "8E42A834F09BCE067B4D84F8A403D975",
  "DalamudCrashHandler.exe": "BFB05D5CC6C39F5E3C06E1F0AEC82768",
  "FASM-LICENSE.TXT": "ECEA1D10811221D5F0A3E96F9C38E2C7",
  "FASM.DLL": "321B755145BC34ABB99BC6E1A9CADAAC",
  "FASMX64.DLL": "AD8FB149EF7F3E2ACF064E1A94CF29DD",
  "FFXIVClientStructs.dll": "31C454CCEEFA5E103D2FAF5745FA9787",
  "FFXIVClientStructs.xml": "C189A02BB571A06390AF7863F2970F57",
  "goaaats.Reloaded.Assembler.targets": "CC22CB0A353E2136EE9E6E96DB9F7164",
  "Iced.dll": "BAD90EDB7E66D9CE99CF9993010416B0",
  "ImGui.NET.dll": "DA1FC94A04D3C0A09DDDBF5061B95F50",
  "ImGuiScene.dll": "2DCAF6080877A591265F1F88DF525206",
  "InteropGenerator.Runtime.dll": "BBD4B07290F66EF54173475738193BA7",
  "JetBrains.Annotations.dll": "868890AE301483153875F429DE315E0A",
  "licenses.txt": "A159BE62AA91178EFC3E3983AE874D1D",
  "Lumina.dll": "9B2C4FA5997C67DC7353DC0E13691378",
  "Lumina.Excel.dll": "CEBEC5EBA619D9DA359892BCEBE9713F",
  "Microsoft.Bcl.HashCode.dll": "613AB56061ADF2284E047025207467E0",
  "Microsoft.DotNet.PlatformAbstractions.dll": "00AB0F02B1114C57C758F5AD595224F1",
  "Microsoft.Extensions.DependencyModel.dll": "F39BC76C10CFEA478C936FC4521A9FC9",
  "Microsoft.Extensions.ObjectPool.dll": "FEE3CE8A84417360CC5ED787ED6F7DB1",
  "MinSharp.dll": "713617DD3F41D2346CE2C784930AFC94",
  "Mono.Cecil.dll": "7B89F0AE71EB66D9C84F02C7EE8E1714",
  "Mono.Cecil.Mdb.dll": "CA441CE199C5EAADAF4B8C5CCB6299CF",
  "Mono.Cecil.Pdb.dll": "B00E6F22B06C63512B972CECF6EEE098",
  "Mono.Cecil.Rocks.dll": "164096433A2BECBD4A9A42A1791F91F5",
  "nethost.dll": "012081214FE71F0F6ADCD9F4A71B2B00",
  "Newtonsoft.Json.dll": "86A83A63F12B55FD3718CFBFB577D7DC",
  "PeNet.Asn1.dll": "502EEDB63930802719E7E4E4BD2173C2",
  "PeNet.dll": "CCF083B38F7553E17E3933F7BDAB0CD2",
  "PInvoke.AdvApi32.dll": "34EE461D05B403C3A15D0DEC32A3788C",
  "PInvoke.BCrypt.dll": "FD07758EE1440491F22923084109FF26",
  "PInvoke.Cabinet.dll": "333D950E3804735DA60CC41D614C63E2",
  "PInvoke.CfgMgr32.dll": "768BE7CC18EDCF78B296A72ABE891691",
  "PInvoke.Crypt32.dll": "E7B00B0851738F4A7F2C6D37DAA973B4",
  "PInvoke.DbgHelp.dll": "E701136169620D20E3A70B560DE20E44",
  "PInvoke.DwmApi.dll": "ACF223CC8962404056648815B486F7D9",
  "PInvoke.Gdi32.dll": "69FF434826F98582CE44D3136ECFFACB",
  "PInvoke.Hid.dll": "2E7A41257F8AD9B26073181F450CD8E5",
  "PInvoke.ImageHlp.dll": "79BE816E8D86EA66489D7780DD675D49",
  "PInvoke.IPHlpApi.dll": "E949FA3326D1BA8872B179AB4EE49D38",
  "PInvoke.Kernel32.dll": "234E15B122ED430DE99490CA1A204958",
  "PInvoke.Magnification.dll": "C9EA3D34F506741ECC044DB19C151F09",
  "PInvoke.Msi.dll": "69EE50CE2DA6B55755E52589F49A7EBC",
  "PInvoke.NCrypt.dll": "DA1DE76C14D99370CA3BEF19DC299B15",
  "PInvoke.NetApi32.dll": "AE79F9FA2E3864A5E0642AE4622ECDC5",
  "PInvoke.NewDev.dll": "B3E1992105D986EF9C5C8E4B630FBB07",
  "PInvoke.NTDll.dll": "3F6BDF840EB27DD0FD9EB8071822183A",
  "PInvoke.Ole32.dll": "3C49FB100B60519FFE725BCD12A538F6",
  "PInvoke.Psapi.dll": "A7683EE4B880227F01C8AE632A892B9E",
  "PInvoke.SetupApi.dll": "1B7AE321185D0081D1759A9AD829F9BA",
  "PInvoke.SHCore.dll": "F27E7F063D51480F6D2294C903E4A606",
  "PInvoke.Shell32.dll": "F71A1BCAF6478190691170DAEA77722F",
  "PInvoke.User32.dll": "8BEDE38311ED4F27127290B81B8079FD",
  "PInvoke.Userenv.dll": "FEB7BCA90B8C905EC2F4BB0789847131",
  "PInvoke.UxTheme.dll": "8E683C016250CB719FDB9AAAFC22B3C5",
  "PInvoke.Windows.Core.dll": "90015440A44935208FFEA9BF61740651",
  "PInvoke.Windows.ShellScalingApi.dll": "F351B34B8C9183A51CADFDC279357C49",
  "PInvoke.WinUsb.dll": "9EB8A0280F2848D1A32B560A939F7336",
  "PInvoke.WtsApi32.dll": "341C94455D2E5893DBE4293D4D67AA4D",
  "Reloaded.Assembler.dll": "515D8EFEE0870540F8A1C4FCC0E0445E",
  "Reloaded.Hooks.Definitions.dll": "D2D418302AFFF159961E44CB88775BE5",
  "Reloaded.Hooks.dll": "77C392BDDCD5D11B28EB46E8B6E9009B",
  "Reloaded.Memory.Buffers.dll": "0EC049283ECE8AB3D68A706ACA0F9D69",
  "Reloaded.Memory.dll": "14893E5FF80D2F265AB554975A52A0B3",
  "revision.txt": "9F93557D309F655FF06F109A08DCF7C4",
  "SDL2-CS.config": "65557595FD5DF55D93B2BF881DE62C3A",
  "SDL2-CS.dll": "38E633DDFD8A5620885A32B1AB6EE283",
  "Serilog.dll": "DFF0924780EDE29125EAA3DC683E9AD7",
  "Serilog.Sinks.Async.dll": "AD7F29004DC7CF167F6265A1E74704BD",
  "Serilog.Sinks.Console.dll": "2EEF10DC1FFF5F819FA3CF1C88776810",
  "Serilog.Sinks.File.dll": "9B395887E4CA91C58BA92FBFFB9CBA35",
  "SharpDX.Direct3D11.dll": "4D45D3F1F44C64FEC538918FB491700D",
  "SharpDX.dll": "2FA24F9E2BFCDE3B5F1E5B1510365BC5",
  "SharpDX.DXGI.dll": "0D3452140C0FE00E226ED2A202E0F040",
  "SharpDX.Mathematics.dll": "2FC07742F24AA3EC26C390490B3D1E8F",
  "Silk.NET.Core.dll": "C6D8DFD9906CE7E95255EB2BF1849EC5",
  "Silk.NET.GLFW.dll": "862DA1F3E96C19C672107D6325494F29",
  "Silk.NET.Maths.dll": "117C07FA438C0D643792538B82946E3B",
  "Silk.NET.OpenGL.dll": "0C3B23760A1588C3E06B0E587474F894",
  "Silk.NET.SDL.dll": "4A932328DAAD3B428F09D383BA6B80AC",
  "Silk.NET.Windowing.Common.dll": "56617E07E64E00CF873F4376DBAC809C",
  "Silk.NET.Windowing.Glfw.dll": "26C6DADD2868120C42C4CEECAD23C4AA",
  "Silk.NET.Windowing.Sdl.dll": "E209282407026CAE0A35CA2C9D70D559",
  "SQLite-net.dll": "118828CE1A756A9DEA5671C773879CAB",
  "SQLitePCLRaw.batteries_v2.dll": "46C4184708BDCA12236E2BD352738134",
  "SQLitePCLRaw.core.dll": "A7B8581278E7F8950036185D7186F612",
  "SQLitePCLRaw.nativelibrary.dll": "F46AEEC32DF69CB17AE81413007B0B8E",
  "SQLitePCLRaw.provider.dynamic_cdecl.dll": "8C038F21A341365B0AAC1676992785A8",
  "StbiSharp.dll": "9B41B4FC5CA4B5F532CDCD6AFDE45AB6",
  "System.Reactive.dll": "EF5A00287AD15393D41B12AA4B726FF7",
  "System.Reflection.MetadataLoadContext.dll": "7EC41D41F4E1246757BA3E2EC862D562",
  "System.Security.Cryptography.Pkcs.dll": "8950E01996A37E808BE3F39063C37BF9",
  "TEMP_gitver.txt": "341EBDB7518141FCA8DD21C59E29607B",
  "TerraFX.Interop.Windows.dll": "84F7EF6B0DE91F8CC23F773D3FD6DEC0",
  "Validation.dll": "BDBD4023041BE49A774B320F1C009ACC"
}
