{
  "runtimes\\alpine-x64\\native\\libe_sqlite3.so": "39C244FEDBCD3DFC37041D4FCE1AE21D",
  "runtimes\\linux-arm\\native\\libe_sqlite3.so": "96CF54BC0EFB83D6E3F5F3E04997A59D",
  "runtimes\\linux-arm64\\native\\libe_sqlite3.so": "F079E55E7F3F9966A4A2052A3234E068",
  "runtimes\\linux-armel\\native\\libe_sqlite3.so": "C5A67D49434FC65D64E9C15778078C76",
  "runtimes\\linux-mips64\\native\\libe_sqlite3.so": "5F8461214089CFC677D46C19B7162161",
  "runtimes\\linux-musl-x64\\native\\libe_sqlite3.so": "39C244FEDBCD3DFC37041D4FCE1AE21D",
  "runtimes\\linux-x64\\native\\libe_sqlite3.so": "6F49C540D3AB9964D67A4A704C3D262D",
  "runtimes\\linux-x64\\native\\libglfw.so.3": "9E3137144F68B9E9793F4C7AD5B1BEA7",
  "runtimes\\linux-x64\\native\\libSDL2-2.0.so": "99B95A708381FC66AB2370E45A260527",
  "runtimes\\linux-x64\\native\\libstbi.so": "0945355ED59677D06E3E88F48101BB26",
  "runtimes\\linux-x86\\native\\libe_sqlite3.so": "5E0659B414CBD6DDC38C65582485853E",
  "runtimes\\osx-x64\\native\\libe_sqlite3.dylib": "F82AE134FCD1C080A69D775591406673",
  "runtimes\\osx-x64\\native\\libglfw.3.dylib": "1E30FAB2F0C40E82290AD4B0BF14A880",
  "runtimes\\osx-x64\\native\\libSDL2-2.0.dylib": "AAC958490586C67395F0A90903AE3747",
  "runtimes\\osx-x64\\native\\libstbi.dylib": "0B84B0A6A80178266018081C3CAB68E6",
  "runtimes\\win-arm\\native\\e_sqlite3.dll": "BF31A04156059D0D901D6138BED0394C",
  "runtimes\\win-arm64\\native\\e_sqlite3.dll": "4FD9821ECA9D493D8C1F963F443F24D8",
  "runtimes\\win-x64\\native\\cimgui.dll": "C4E85E780C05F2595FC3723BD1C0AD15",
  "runtimes\\win-x64\\native\\cimguizmo.dll": "3BB2E2D2AB0F7D122F3FA5FCF922C373",
  "runtimes\\win-x64\\native\\cimplot.dll": "820AFF50DAF2CBB5EF665EF6E1632507",
  "runtimes\\win-x64\\native\\e_sqlite3.dll": "6EE6FF06FBA6F1099538CA44F22954D1",
  "runtimes\\win-x64\\native\\glfw3.dll": "0A54CE71D6774D619EA34075D2E76E29",
  "runtimes\\win-x64\\native\\minhook.x64d.dll": "65C482421438D865082749F9E0119D44",
  "runtimes\\win-x64\\native\\SDL2.dll": "F6E01B9D647547E1365EAF65C11D72E3",
  "runtimes\\win-x64\\native\\stbi.dll": "B8E26912785D60F61297144563FAF67E",
  "runtimes\\win-x64\\native\\stbi.lib": "927C214DE576219E1F80DBE7798A0502",
  "runtimes\\win-x86\\native\\e_sqlite3.dll": "1594972F7026683BE2B69FA277DAB36F",
  "runtimes\\win-x86\\native\\glfw3.dll": "4820045FC3A883130C19D9354C17DDF1",
  "runtimes\\win-x86\\native\\SDL2.dll": "2772647AF1E085E38089874AB7074E9C",
  "targets\\Dalamud.Plugin.Bootstrap.targets": "C85635161398CD9852CF7212DB7EB904",
  "targets\\Dalamud.Plugin.targets": "DDD731601C06B16E10CF2F8990452A27",
  "BitFaster.Caching.dll": "9E226C34A3B72ED8A20FB71A0F854429",
  "CheapLoc.dll": "E6D52866D89B728D095AB771D5E77CF9",
  "Costura.dll": "50BCB1205B74944A8F302144750EF485",
  "Dalamud.Boot.dll": "0CF4D9C83A0B1B7C9ED73268D76D07E6",
  "Dalamud.Common.dll": "57482C18D461D7AB6BDD780F43F7F10A",
  "Dalamud.deps.json": "9F3152C5A97A09FD0ACB6A8BFAD1A54B",
  "Dalamud.dll": "A75F58E891FD8D23CC9E4199FAC45E8D",
  "Dalamud.Injector.deps.json": "C1FA0941DC8B38E415776C60C508AAB9",
  "Dalamud.Injector.dll": "2DAD53BB50E271C77B144574BB9A340E",
  "Dalamud.Injector.exe": "7043D8FF44E67341EAAF7A7E970B4FE2",
  "Dalamud.Injector.runtimeconfig.json": "B9BB65FFE7924D4D8BABE9FA66303200",
  "Dalamud.Injector.xml": "D41E5DF541D19A015215E777D7395C9C",
  "Dalamud.runtimeconfig.json": "2A9CD915428BDD175E0889BD0C225F75",
  "Dalamud.xml": "B23A3BFD6A5973E4F8FAD849770ACD80",
  "DalamudCrashHandler.exe": "7E34E50213680BE316483AACC5C25729",
  "FASM-LICENSE.TXT": "ECEA1D10811221D5F0A3E96F9C38E2C7",
  "FASM.DLL": "6F9EDF295246F8F647FAA02B49797B21",
  "FASMX64.DLL": "9BBD86D0058717456808BF8E65B88D51",
  "FFXIVClientStructs.dll": "644783BBD653187D6F40B2B713B32A39",
  "FFXIVClientStructs.xml": "0FD22F683701A5614FD0EABFCAC9E8B5",
  "goaaats.Reloaded.Assembler.targets": "CC22CB0A353E2136EE9E6E96DB9F7164",
  "Iced.dll": "924ECC5618D495F2293A3C3AFB2D5EF1",
  "ImGui.NET.dll": "24208C792C50A9B644CD08EFED6D37A1",
  "ImGuiScene.dll": "9F976840ACC8D81FED0CA5C15339382D",
  "InteropGenerator.Runtime.dll": "3025B0CC33DB0D43AE27FF7EC0908B0E",
  "JetBrains.Annotations.dll": "6FE92F451541E64D122C2AD25ADB9059",
  "licenses.txt": "A159BE62AA91178EFC3E3983AE874D1D",
  "Lumina.dll": "783D5E14ECEB9D42E3E9D854C0123D96",
  "Lumina.Excel.dll": "E5117AA6D6D8342023A3ABA337E0CF58",
  "Microsoft.Bcl.HashCode.dll": "613AB56061ADF2284E047025207467E0",
  "Microsoft.DotNet.PlatformAbstractions.dll": "00AB0F02B1114C57C758F5AD595224F1",
  "Microsoft.Extensions.DependencyModel.dll": "F39BC76C10CFEA478C936FC4521A9FC9",
  "Microsoft.Extensions.ObjectPool.dll": "FEE3CE8A84417360CC5ED787ED6F7DB1",
  "MinSharp.dll": "B0DDA6149C0079A60288449E48CF68B9",
  "Mono.Cecil.dll": "B3EFDF5A1578A78A38094A5695C263EC",
  "Mono.Cecil.Mdb.dll": "694AC7DA40BEF76B9C4D420C510D26DB",
  "Mono.Cecil.Pdb.dll": "25B54979752797C75FA95778BB4EB511",
  "Mono.Cecil.Rocks.dll": "459716077ADEC3EBC2FBCF84360B939D",
  "nethost.dll": "012081214FE71F0F6ADCD9F4A71B2B00",
  "Newtonsoft.Json.dll": "86A83A63F12B55FD3718CFBFB577D7DC",
  "PeNet.Asn1.dll": "A186EB20FAA85A035789D374D08E4F25",
  "PeNet.dll": "8D345C290F8F2764298671985F86F605",
  "PInvoke.AdvApi32.dll": "34EE461D05B403C3A15D0DEC32A3788C",
  "PInvoke.BCrypt.dll": "FD07758EE1440491F22923084109FF26",
  "PInvoke.Cabinet.dll": "333D950E3804735DA60CC41D614C63E2",
  "PInvoke.CfgMgr32.dll": "768BE7CC18EDCF78B296A72ABE891691",
  "PInvoke.Crypt32.dll": "E7B00B0851738F4A7F2C6D37DAA973B4",
  "PInvoke.DbgHelp.dll": "E701136169620D20E3A70B560DE20E44",
  "PInvoke.DwmApi.dll": "ACF223CC8962404056648815B486F7D9",
  "PInvoke.Gdi32.dll": "69FF434826F98582CE44D3136ECFFACB",
  "PInvoke.Hid.dll": "2E7A41257F8AD9B26073181F450CD8E5",
  "PInvoke.ImageHlp.dll": "79BE816E8D86EA66489D7780DD675D49",
  "PInvoke.IPHlpApi.dll": "E949FA3326D1BA8872B179AB4EE49D38",
  "PInvoke.Kernel32.dll": "234E15B122ED430DE99490CA1A204958",
  "PInvoke.Magnification.dll": "C9EA3D34F506741ECC044DB19C151F09",
  "PInvoke.Msi.dll": "69EE50CE2DA6B55755E52589F49A7EBC",
  "PInvoke.NCrypt.dll": "DA1DE76C14D99370CA3BEF19DC299B15",
  "PInvoke.NetApi32.dll": "AE79F9FA2E3864A5E0642AE4622ECDC5",
  "PInvoke.NewDev.dll": "B3E1992105D986EF9C5C8E4B630FBB07",
  "PInvoke.NTDll.dll": "3F6BDF840EB27DD0FD9EB8071822183A",
  "PInvoke.Ole32.dll": "3C49FB100B60519FFE725BCD12A538F6",
  "PInvoke.Psapi.dll": "A7683EE4B880227F01C8AE632A892B9E",
  "PInvoke.SetupApi.dll": "1B7AE321185D0081D1759A9AD829F9BA",
  "PInvoke.SHCore.dll": "F27E7F063D51480F6D2294C903E4A606",
  "PInvoke.Shell32.dll": "F71A1BCAF6478190691170DAEA77722F",
  "PInvoke.User32.dll": "8BEDE38311ED4F27127290B81B8079FD",
  "PInvoke.Userenv.dll": "FEB7BCA90B8C905EC2F4BB0789847131",
  "PInvoke.UxTheme.dll": "8E683C016250CB719FDB9AAAFC22B3C5",
  "PInvoke.Windows.Core.dll": "90015440A44935208FFEA9BF61740651",
  "PInvoke.Windows.ShellScalingApi.dll": "F351B34B8C9183A51CADFDC279357C49",
  "PInvoke.WinUsb.dll": "9EB8A0280F2848D1A32B560A939F7336",
  "PInvoke.WtsApi32.dll": "341C94455D2E5893DBE4293D4D67AA4D",
  "Reloaded.Assembler.dll": "2E3F26D368EDD70AF5F7CD00EB6B5FF7",
  "Reloaded.Hooks.Definitions.dll": "71AFF1D105C9635F6BB71E79038D9900",
  "Reloaded.Hooks.dll": "38513A528D261B0811ABE7EA958A93FA",
  "Reloaded.Memory.Buffers.dll": "ED87B47DD2A25D8C182B3C44692C483B",
  "Reloaded.Memory.dll": "A9A1E000801DB395CE933493D92321B2",
  "revision.txt": "237168031D88451C78FD8D6D6378C0B2",
  "SDL2-CS.config": "65557595FD5DF55D93B2BF881DE62C3A",
  "SDL2-CS.dll": "7A46F3F2DF0B9F700D2908C964B86205",
  "Serilog.dll": "C6A2F6462F94C07F16758F128BFC8CA5",
  "Serilog.Sinks.Async.dll": "DFAF34911C6B38BAA67E3CF596E03D6B",
  "Serilog.Sinks.Console.dll": "FBDF4EA294D33BD26A29A6B983A591B5",
  "Serilog.Sinks.File.dll": "5268B2942D789A9F495DB60AB6736A43",
  "SharpDX.Direct3D11.dll": "AAA3C152EB145A33AFED0F5B1C466004",
  "SharpDX.dll": "CCEF15E99FB2EB234C40532871A960FF",
  "SharpDX.DXGI.dll": "16EF416188F35C55FD9D6B6D9F6BAC78",
  "SharpDX.Mathematics.dll": "D1626B108E35B1E316D37F480156B6B6",
  "Silk.NET.Core.dll": "96126B4DD44E18CA8B539879D2A2B24F",
  "Silk.NET.GLFW.dll": "9B20F89EFD9898A5ACD3E29DC505F943",
  "Silk.NET.Maths.dll": "EF4B33A0E5A93DAD64B188BE119C5970",
  "Silk.NET.OpenGL.dll": "B5F53E30FA6A3EFC12CD538D15674E0A",
  "Silk.NET.SDL.dll": "85A4E69DF2B959AE2FF6D85554F77B0A",
  "Silk.NET.Windowing.Common.dll": "CCF7D8080761F7A3F217164D00DE5459",
  "Silk.NET.Windowing.Glfw.dll": "63BFA78D7BFAF890BCB7A6D429CD3148",
  "Silk.NET.Windowing.Sdl.dll": "5D6BADA9BD96699DACD05BFAF9B4C3B9",
  "SQLite-net.dll": "667AAE53CB327D7F1E650E6CDFAC07C1",
  "SQLitePCLRaw.batteries_v2.dll": "3FCB1FB4937DCDA3EE540B9DE976E236",
  "SQLitePCLRaw.core.dll": "4847C0143C635145416E04A4C895C95A",
  "SQLitePCLRaw.nativelibrary.dll": "B8D022718B9C188CD433445600EAA0E1",
  "SQLitePCLRaw.provider.dynamic_cdecl.dll": "47089FE31517AE849974A41216CD7157",
  "StbiSharp.dll": "F99B11FF34DFDE6D0D1667DA6DEADB0A",
  "System.Reactive.dll": "EF5A00287AD15393D41B12AA4B726FF7",
  "System.Reflection.MetadataLoadContext.dll": "7EC41D41F4E1246757BA3E2EC862D562",
  "System.Security.Cryptography.Pkcs.dll": "8950E01996A37E808BE3F39063C37BF9",
  "TEMP_gitver.txt": "BE4E70DBFA0BEB350B3DA945F33AFE5C",
  "TerraFX.Interop.Windows.dll": "84F7EF6B0DE91F8CC23F773D3FD6DEC0",
  "Validation.dll": "637BFDE2551AFB49A8AE23D627307AE8"
}
