{
  "runtimes\\alpine-x64\\native\\libe_sqlite3.so": "39C244FEDBCD3DFC37041D4FCE1AE21D",
  "runtimes\\linux-arm\\native\\libe_sqlite3.so": "96CF54BC0EFB83D6E3F5F3E04997A59D",
  "runtimes\\linux-arm64\\native\\libe_sqlite3.so": "F079E55E7F3F9966A4A2052A3234E068",
  "runtimes\\linux-armel\\native\\libe_sqlite3.so": "C5A67D49434FC65D64E9C15778078C76",
  "runtimes\\linux-mips64\\native\\libe_sqlite3.so": "5F8461214089CFC677D46C19B7162161",
  "runtimes\\linux-musl-x64\\native\\libe_sqlite3.so": "39C244FEDBCD3DFC37041D4FCE1AE21D",
  "runtimes\\linux-x64\\native\\libe_sqlite3.so": "6F49C540D3AB9964D67A4A704C3D262D",
  "runtimes\\linux-x64\\native\\libglfw.so.3": "9E3137144F68B9E9793F4C7AD5B1BEA7",
  "runtimes\\linux-x64\\native\\libSDL2-2.0.so": "99B95A708381FC66AB2370E45A260527",
  "runtimes\\linux-x64\\native\\libstbi.so": "0945355ED59677D06E3E88F48101BB26",
  "runtimes\\linux-x86\\native\\libe_sqlite3.so": "5E0659B414CBD6DDC38C65582485853E",
  "runtimes\\osx-x64\\native\\libe_sqlite3.dylib": "F82AE134FCD1C080A69D775591406673",
  "runtimes\\osx-x64\\native\\libglfw.3.dylib": "1E30FAB2F0C40E82290AD4B0BF14A880",
  "runtimes\\osx-x64\\native\\libSDL2-2.0.dylib": "AAC958490586C67395F0A90903AE3747",
  "runtimes\\osx-x64\\native\\libstbi.dylib": "0B84B0A6A80178266018081C3CAB68E6",
  "runtimes\\win-arm\\native\\e_sqlite3.dll": "50C078FB094FB5AC337D4241FB9FA435",
  "runtimes\\win-arm64\\native\\e_sqlite3.dll": "425999D94F6046DB751073FAABC8CA48",
  "runtimes\\win-x64\\native\\cimgui.dll": "97351E87F99C6B9B13B1A25C2E2716A6",
  "runtimes\\win-x64\\native\\cimguizmo.dll": "C97E9C89FCD33DBB0058BA13E3A19E88",
  "runtimes\\win-x64\\native\\cimplot.dll": "A70DB0AC3BED763AE676C5B2343059A2",
  "runtimes\\win-x64\\native\\e_sqlite3.dll": "1EA7072F70EC05DE417D8C954C56A200",
  "runtimes\\win-x64\\native\\glfw3.dll": "D5E6C2C59491981EC92D3D3D8966FAFE",
  "runtimes\\win-x64\\native\\minhook.x64d.dll": "BAAAC9429AEDCB39212D6CE80E2CB466",
  "runtimes\\win-x64\\native\\SDL2.dll": "2999118101A211E94C8307FDFA518FD2",
  "runtimes\\win-x64\\native\\stbi.dll": "44026315D5859C3FBC1E0A8EA9F5F223",
  "runtimes\\win-x64\\native\\stbi.lib": "927C214DE576219E1F80DBE7798A0502",
  "runtimes\\win-x86\\native\\e_sqlite3.dll": "5321CC06EC671A3C5080725EAB7D6C97",
  "runtimes\\win-x86\\native\\glfw3.dll": "FA557B9331C2AFEE9C1FC60D03077231",
  "runtimes\\win-x86\\native\\SDL2.dll": "25FB10A78A0EFC8452F5BC4EDD44A317",
  "targets\\Dalamud.Plugin.Bootstrap.targets": "C85635161398CD9852CF7212DB7EB904",
  "targets\\Dalamud.Plugin.targets": "DDD731601C06B16E10CF2F8990452A27",
  "BitFaster.Caching.dll": "E08DF3A127ABE67154139E8CCF0EBD27",
  "CheapLoc.dll": "D06493E32149F1B9516774749B6AD5D5",
  "Costura.dll": "D8428A855442F1F977FE0CED08DC4491",
  "Dalamud.Boot.dll": "F48E534A8FA3748A15F53B1F59632746",
  "Dalamud.Common.dll": "0FD7B78D16E0EAEF69692DE14411EFA5",
  "Dalamud.deps.json": "0B36E19377BD1CB30AD7C19F0975F2D9",
  "Dalamud.dll": "ABDEF33F114923DE6A90934070B74DB1",
  "Dalamud.Injector.deps.json": "C1FA0941DC8B38E415776C60C508AAB9",
  "Dalamud.Injector.dll": "FFBF790D07738358BB8E1EC53F24D75E",
  "Dalamud.Injector.exe": "61748B86A05D37609ADD6AADDDFCD307",
  "Dalamud.Injector.runtimeconfig.json": "B9BB65FFE7924D4D8BABE9FA66303200",
  "Dalamud.Injector.xml": "D41E5DF541D19A015215E777D7395C9C",
  "Dalamud.runtimeconfig.json": "2A9CD915428BDD175E0889BD0C225F75",
  "Dalamud.xml": "2E1D46445BF3EA56A409AAC158B2AABD",
  "DalamudCrashHandler.exe": "4B8DC929BE7AEB84C14DC78D1BBB1719",
  "FASM-LICENSE.TXT": "ECEA1D10811221D5F0A3E96F9C38E2C7",
  "FASM.DLL": "02FF9EDE68D135A2374451A7C7CD0688",
  "FASMX64.DLL": "5B94BF854578A652EEEA8A370811C2BD",
  "FFXIVClientStructs.dll": "7E3DCA50D6B49E6795354EDE8DE4A6C9",
  "FFXIVClientStructs.xml": "56B5B92DBE4F425DE4B0EE17C2CE3603",
  "goaaats.Reloaded.Assembler.targets": "CC22CB0A353E2136EE9E6E96DB9F7164",
  "Iced.dll": "B659102F1F5ABEAFD590F9943732DEA1",
  "ImGui.NET.dll": "A9E191DF6475613892050BD18198A1BE",
  "ImGuiScene.dll": "7FE8A255CA54CDAA9BC7FFDED87999AA",
  "InteropGenerator.Runtime.dll": "FBF75F4B68D0BE1ECF055611A5AF14E7",
  "JetBrains.Annotations.dll": "176D921FB2B152083638547EA0801524",
  "licenses.txt": "A159BE62AA91178EFC3E3983AE874D1D",
  "Lumina.dll": "F170B504E7D225D48BE32DAC7A0380AF",
  "Lumina.Excel.dll": "5E671347536EED8DD122D126F4FFB2D0",
  "Microsoft.Bcl.HashCode.dll": "613AB56061ADF2284E047025207467E0",
  "Microsoft.DotNet.PlatformAbstractions.dll": "00AB0F02B1114C57C758F5AD595224F1",
  "Microsoft.Extensions.DependencyModel.dll": "F39BC76C10CFEA478C936FC4521A9FC9",
  "Microsoft.Extensions.ObjectPool.dll": "FEE3CE8A84417360CC5ED787ED6F7DB1",
  "MinSharp.dll": "1196CF10F4E7F12DC78A8A19FED30103",
  "Mono.Cecil.dll": "626D4ED5806E817C1E90F3BD8A2F1885",
  "Mono.Cecil.Mdb.dll": "38265D90296BC89539201D5A4455CAA1",
  "Mono.Cecil.Pdb.dll": "DAAB4A78A8BA84A30E8F0DDDEAE8B9F8",
  "Mono.Cecil.Rocks.dll": "1CD735D3483CA2529DCA545876DEA5BD",
  "nethost.dll": "012081214FE71F0F6ADCD9F4A71B2B00",
  "Newtonsoft.Json.dll": "86A83A63F12B55FD3718CFBFB577D7DC",
  "PeNet.Asn1.dll": "97FCD2A2C7EC31509F51176BE10EBB78",
  "PeNet.dll": "A2BD2D59C1DB4387F26C42FE4F509065",
  "PInvoke.AdvApi32.dll": "34EE461D05B403C3A15D0DEC32A3788C",
  "PInvoke.BCrypt.dll": "FD07758EE1440491F22923084109FF26",
  "PInvoke.Cabinet.dll": "333D950E3804735DA60CC41D614C63E2",
  "PInvoke.CfgMgr32.dll": "768BE7CC18EDCF78B296A72ABE891691",
  "PInvoke.Crypt32.dll": "E7B00B0851738F4A7F2C6D37DAA973B4",
  "PInvoke.DbgHelp.dll": "E701136169620D20E3A70B560DE20E44",
  "PInvoke.DwmApi.dll": "ACF223CC8962404056648815B486F7D9",
  "PInvoke.Gdi32.dll": "69FF434826F98582CE44D3136ECFFACB",
  "PInvoke.Hid.dll": "2E7A41257F8AD9B26073181F450CD8E5",
  "PInvoke.ImageHlp.dll": "79BE816E8D86EA66489D7780DD675D49",
  "PInvoke.IPHlpApi.dll": "E949FA3326D1BA8872B179AB4EE49D38",
  "PInvoke.Kernel32.dll": "234E15B122ED430DE99490CA1A204958",
  "PInvoke.Magnification.dll": "C9EA3D34F506741ECC044DB19C151F09",
  "PInvoke.Msi.dll": "69EE50CE2DA6B55755E52589F49A7EBC",
  "PInvoke.NCrypt.dll": "DA1DE76C14D99370CA3BEF19DC299B15",
  "PInvoke.NetApi32.dll": "AE79F9FA2E3864A5E0642AE4622ECDC5",
  "PInvoke.NewDev.dll": "B3E1992105D986EF9C5C8E4B630FBB07",
  "PInvoke.NTDll.dll": "3F6BDF840EB27DD0FD9EB8071822183A",
  "PInvoke.Ole32.dll": "3C49FB100B60519FFE725BCD12A538F6",
  "PInvoke.Psapi.dll": "A7683EE4B880227F01C8AE632A892B9E",
  "PInvoke.SetupApi.dll": "1B7AE321185D0081D1759A9AD829F9BA",
  "PInvoke.SHCore.dll": "F27E7F063D51480F6D2294C903E4A606",
  "PInvoke.Shell32.dll": "F71A1BCAF6478190691170DAEA77722F",
  "PInvoke.User32.dll": "8BEDE38311ED4F27127290B81B8079FD",
  "PInvoke.Userenv.dll": "FEB7BCA90B8C905EC2F4BB0789847131",
  "PInvoke.UxTheme.dll": "8E683C016250CB719FDB9AAAFC22B3C5",
  "PInvoke.Windows.Core.dll": "90015440A44935208FFEA9BF61740651",
  "PInvoke.Windows.ShellScalingApi.dll": "F351B34B8C9183A51CADFDC279357C49",
  "PInvoke.WinUsb.dll": "9EB8A0280F2848D1A32B560A939F7336",
  "PInvoke.WtsApi32.dll": "341C94455D2E5893DBE4293D4D67AA4D",
  "Reloaded.Assembler.dll": "4541E94D8575FB93F0CF5E1DFB33DF3C",
  "Reloaded.Hooks.Definitions.dll": "F080EF6EC0896FA16B465BB4A296B942",
  "Reloaded.Hooks.dll": "9CA82DB3173D652183205D3955415F37",
  "Reloaded.Memory.Buffers.dll": "7B0C3F88FBA3725F6AE3B391BC74E88C",
  "Reloaded.Memory.dll": "F5541BC633B5125E293D08168D0A3F74",
  "revision.txt": "7FFB4E0ECE07869880D51662A2234143",
  "SDL2-CS.config": "65557595FD5DF55D93B2BF881DE62C3A",
  "SDL2-CS.dll": "78364AFB01F21D90FEAA551C02DA7E1D",
  "Serilog.dll": "0DEC4BEF278B09CF03CBFBF8E8235B9A",
  "Serilog.Sinks.Async.dll": "5EB8FA3744A636AEA09C3329A87808E6",
  "Serilog.Sinks.Console.dll": "EAC55E04B3248D7CBFF43527E1D6B89C",
  "Serilog.Sinks.File.dll": "DD4A97EDD5CB7B71A65A097777612621",
  "SharpDX.Direct3D11.dll": "CD245A7073A875EF5923CC36E5BCA2C1",
  "SharpDX.dll": "82A2BC4D9E31CCF820F16C146ADB8DF6",
  "SharpDX.DXGI.dll": "F53C48A1BEB521898C62BF4D467FD373",
  "SharpDX.Mathematics.dll": "A00B0CF38B0ED73A7AC6E60D468C1D05",
  "Silk.NET.Core.dll": "2A62B8663D94F150033982173F240ED2",
  "Silk.NET.GLFW.dll": "0524DDBD8EB79C1B9E96C07062C0FBBD",
  "Silk.NET.Maths.dll": "2B9A925EDE9B2B8BE04A56A03D34206C",
  "Silk.NET.OpenGL.dll": "E19EAC2E2905874D8A752B23EA4E5662",
  "Silk.NET.SDL.dll": "456BA77C757494A8539CE63044910322",
  "Silk.NET.Windowing.Common.dll": "3CEC229C24ED31BCE3544980839F7552",
  "Silk.NET.Windowing.Glfw.dll": "28F5D4C10E3747F115124CCD611A2153",
  "Silk.NET.Windowing.Sdl.dll": "C9E12E0E09C59C5D85A6DBE3BBAA0494",
  "SQLite-net.dll": "BDAB8D61737408EB464FA90BE4A54632",
  "SQLitePCLRaw.batteries_v2.dll": "44D1C3AC2924F743D4B4851928FB314B",
  "SQLitePCLRaw.core.dll": "740525DBAC7DB71C10F8C5EB4E5AAEA9",
  "SQLitePCLRaw.nativelibrary.dll": "4A2E4922F3910271406EEA0F4F6E4721",
  "SQLitePCLRaw.provider.dynamic_cdecl.dll": "F5EC1CF1B6E6AFAF4BE47741CEFC91A6",
  "StbiSharp.dll": "59A12EEA9276E6B4D2A317E0019D39F4",
  "System.Reactive.dll": "EF5A00287AD15393D41B12AA4B726FF7",
  "System.Reflection.MetadataLoadContext.dll": "7EC41D41F4E1246757BA3E2EC862D562",
  "System.Security.Cryptography.Pkcs.dll": "8950E01996A37E808BE3F39063C37BF9",
  "TEMP_gitver.txt": "22024617EE3F5A6BF511FF4878BBD65C",
  "TerraFX.Interop.Windows.dll": "84F7EF6B0DE91F8CC23F773D3FD6DEC0",
  "Validation.dll": "26A6B8C0A7C0E961A19B49493C1D7CC7"
}
