{
  "runtimes\\alpine-x64\\native\\libe_sqlite3.so": "39C244FEDBCD3DFC37041D4FCE1AE21D",
  "runtimes\\linux-arm\\native\\libe_sqlite3.so": "96CF54BC0EFB83D6E3F5F3E04997A59D",
  "runtimes\\linux-arm64\\native\\libe_sqlite3.so": "F079E55E7F3F9966A4A2052A3234E068",
  "runtimes\\linux-armel\\native\\libe_sqlite3.so": "C5A67D49434FC65D64E9C15778078C76",
  "runtimes\\linux-mips64\\native\\libe_sqlite3.so": "5F8461214089CFC677D46C19B7162161",
  "runtimes\\linux-musl-x64\\native\\libe_sqlite3.so": "39C244FEDBCD3DFC37041D4FCE1AE21D",
  "runtimes\\linux-x64\\native\\libe_sqlite3.so": "6F49C540D3AB9964D67A4A704C3D262D",
  "runtimes\\linux-x64\\native\\libglfw.so.3": "9E3137144F68B9E9793F4C7AD5B1BEA7",
  "runtimes\\linux-x64\\native\\libSDL2-2.0.so": "99B95A708381FC66AB2370E45A260527",
  "runtimes\\linux-x64\\native\\libstbi.so": "0945355ED59677D06E3E88F48101BB26",
  "runtimes\\linux-x86\\native\\libe_sqlite3.so": "5E0659B414CBD6DDC38C65582485853E",
  "runtimes\\osx-x64\\native\\libe_sqlite3.dylib": "F82AE134FCD1C080A69D775591406673",
  "runtimes\\osx-x64\\native\\libglfw.3.dylib": "1E30FAB2F0C40E82290AD4B0BF14A880",
  "runtimes\\osx-x64\\native\\libSDL2-2.0.dylib": "AAC958490586C67395F0A90903AE3747",
  "runtimes\\osx-x64\\native\\libstbi.dylib": "0B84B0A6A80178266018081C3CAB68E6",
  "runtimes\\win-arm\\native\\e_sqlite3.dll": "0EC3B5524E59E73AEFD1AA97E368BB06",
  "runtimes\\win-arm64\\native\\e_sqlite3.dll": "246A0AF2D8FAB04C12C5E654D8ABB07B",
  "runtimes\\win-x64\\native\\cimgui.dll": "B7055C593F4A5AB6D40FD91E746A8043",
  "runtimes\\win-x64\\native\\cimguizmo.dll": "89E63BAB5ACB861A6DA71852911BFEE6",
  "runtimes\\win-x64\\native\\cimplot.dll": "FD11741CC7C86F4C146CB9933D7ED6F7",
  "runtimes\\win-x64\\native\\e_sqlite3.dll": "DBDC4AE4D4E9DDCF6C60531F53ED9FA1",
  "runtimes\\win-x64\\native\\glfw3.dll": "0D5C115689C0C8E2E926FA3669BBD173",
  "runtimes\\win-x64\\native\\minhook.x64d.dll": "F21036B784A388EF5107C179FFD070E5",
  "runtimes\\win-x64\\native\\SDL2.dll": "B9E885C694868CC551F0CB79F6AEAF42",
  "runtimes\\win-x64\\native\\stbi.dll": "6D413822C5D7366CEF6D5A1D4C1A89AD",
  "runtimes\\win-x64\\native\\stbi.lib": "927C214DE576219E1F80DBE7798A0502",
  "runtimes\\win-x86\\native\\e_sqlite3.dll": "6478EE55BE670CD20B1C7230B3499DC0",
  "runtimes\\win-x86\\native\\glfw3.dll": "FA666A4B99B0DCC1CCEC59D14D7F8FE9",
  "runtimes\\win-x86\\native\\SDL2.dll": "4D0110D2113F7FEEB9956A59A1FE1262",
  "targets\\Dalamud.Plugin.Bootstrap.targets": "C85635161398CD9852CF7212DB7EB904",
  "targets\\Dalamud.Plugin.targets": "E2AA900DB1F6596D1C203D4112A10F5E",
  "BitFaster.Caching.dll": "C9F51FCE00C92154E7D7AA0AAECACFE2",
  "CheapLoc.dll": "21CC70D76746C973D22E6C74B3ADD0E9",
  "Costura.dll": "8CCFFF1A8317874BAB7C3B2BCF678528",
  "Dalamud.Boot.dll": "882B64470C4444F3622DBB838AD73A35",
  "Dalamud.Common.dll": "24E32FB6B09E28585F9E176BB55D6968",
  "Dalamud.deps.json": "4652E9097F6FEEE0D95B1516EACBD4B4",
  "Dalamud.dll": "E723408FDF1BF0FDEB92E85144482DAB",
  "Dalamud.Injector.deps.json": "C1FA0941DC8B38E415776C60C508AAB9",
  "Dalamud.Injector.dll": "7AA84E38F2576620E59D2438764CE30F",
  "Dalamud.Injector.exe": "6AC8FC6537EE38D6EE2A2495BA588BBF",
  "Dalamud.Injector.runtimeconfig.json": "B9BB65FFE7924D4D8BABE9FA66303200",
  "Dalamud.Injector.xml": "D41E5DF541D19A015215E777D7395C9C",
  "Dalamud.runtimeconfig.json": "2A9CD915428BDD175E0889BD0C225F75",
  "Dalamud.xml": "44251F1B3F5A4796EA7A75EA325711BE",
  "DalamudCrashHandler.exe": "081021805F5571BA74381D5CE86C4524",
  "FASM-LICENSE.TXT": "ECEA1D10811221D5F0A3E96F9C38E2C7",
  "FASM.DLL": "A922914BE8192AE319F2F5F30EDB5AEB",
  "FASMX64.DLL": "6A0F85D250A8FB74EAF75E8352CEDFC1",
  "FFXIVClientStructs.dll": "FFC434A13454B7E14D1DAD4248B7E9CB",
  "FFXIVClientStructs.xml": "552603E213BB3C23C21C79EB66C63504",
  "goaaats.Reloaded.Assembler.targets": "CC22CB0A353E2136EE9E6E96DB9F7164",
  "Iced.dll": "645C6A627F185FF7B8588DCFE220CC2C",
  "ImGui.NET.dll": "BCBDE10EF80490EF747B5BE3EE0F19A3",
  "ImGuiScene.dll": "001565019AB2CB24D89086A3773C8903",
  "InteropGenerator.Runtime.dll": "C0E059F8FD5B2174C645BF7A877FCFF0",
  "JetBrains.Annotations.dll": "C605266760B12994532AA98DBD19D349",
  "licenses.txt": "A159BE62AA91178EFC3E3983AE874D1D",
  "Lumina.dll": "AEC685D66FEC1EB2829B1E0DFBC4F1B8",
  "Lumina.Excel.dll": "A630A9D58A1835DECB236E94FA094A8E",
  "Microsoft.Bcl.HashCode.dll": "613AB56061ADF2284E047025207467E0",
  "Microsoft.DotNet.PlatformAbstractions.dll": "00AB0F02B1114C57C758F5AD595224F1",
  "Microsoft.Extensions.DependencyModel.dll": "F39BC76C10CFEA478C936FC4521A9FC9",
  "Microsoft.Extensions.ObjectPool.dll": "FEE3CE8A84417360CC5ED787ED6F7DB1",
  "MinSharp.dll": "CF7BD8777B38895247A9C49E26521D27",
  "Mono.Cecil.dll": "E20CE2345E2BEDCE796EA1FC9C76BB88",
  "Mono.Cecil.Mdb.dll": "0AE4B2138C924D2AFFC6EAFBCA99EFE1",
  "Mono.Cecil.Pdb.dll": "06F2E33FFFE8FE1F12C5EF9332251A97",
  "Mono.Cecil.Rocks.dll": "1EAB071BAA5302FC5089A484F06CE984",
  "nethost.dll": "012081214FE71F0F6ADCD9F4A71B2B00",
  "Newtonsoft.Json.dll": "86A83A63F12B55FD3718CFBFB577D7DC",
  "PeNet.Asn1.dll": "233741308DCD0AB72DAA1BDAD276062D",
  "PeNet.dll": "7CC6ABD68F6A88CB01AAE801FE8D9982",
  "PInvoke.AdvApi32.dll": "34EE461D05B403C3A15D0DEC32A3788C",
  "PInvoke.BCrypt.dll": "FD07758EE1440491F22923084109FF26",
  "PInvoke.Cabinet.dll": "333D950E3804735DA60CC41D614C63E2",
  "PInvoke.CfgMgr32.dll": "768BE7CC18EDCF78B296A72ABE891691",
  "PInvoke.Crypt32.dll": "E7B00B0851738F4A7F2C6D37DAA973B4",
  "PInvoke.DbgHelp.dll": "E701136169620D20E3A70B560DE20E44",
  "PInvoke.DwmApi.dll": "ACF223CC8962404056648815B486F7D9",
  "PInvoke.Gdi32.dll": "69FF434826F98582CE44D3136ECFFACB",
  "PInvoke.Hid.dll": "2E7A41257F8AD9B26073181F450CD8E5",
  "PInvoke.ImageHlp.dll": "79BE816E8D86EA66489D7780DD675D49",
  "PInvoke.IPHlpApi.dll": "E949FA3326D1BA8872B179AB4EE49D38",
  "PInvoke.Kernel32.dll": "234E15B122ED430DE99490CA1A204958",
  "PInvoke.Magnification.dll": "C9EA3D34F506741ECC044DB19C151F09",
  "PInvoke.Msi.dll": "69EE50CE2DA6B55755E52589F49A7EBC",
  "PInvoke.NCrypt.dll": "DA1DE76C14D99370CA3BEF19DC299B15",
  "PInvoke.NetApi32.dll": "AE79F9FA2E3864A5E0642AE4622ECDC5",
  "PInvoke.NewDev.dll": "B3E1992105D986EF9C5C8E4B630FBB07",
  "PInvoke.NTDll.dll": "3F6BDF840EB27DD0FD9EB8071822183A",
  "PInvoke.Ole32.dll": "3C49FB100B60519FFE725BCD12A538F6",
  "PInvoke.Psapi.dll": "A7683EE4B880227F01C8AE632A892B9E",
  "PInvoke.SetupApi.dll": "1B7AE321185D0081D1759A9AD829F9BA",
  "PInvoke.SHCore.dll": "F27E7F063D51480F6D2294C903E4A606",
  "PInvoke.Shell32.dll": "F71A1BCAF6478190691170DAEA77722F",
  "PInvoke.User32.dll": "8BEDE38311ED4F27127290B81B8079FD",
  "PInvoke.Userenv.dll": "FEB7BCA90B8C905EC2F4BB0789847131",
  "PInvoke.UxTheme.dll": "8E683C016250CB719FDB9AAAFC22B3C5",
  "PInvoke.Windows.Core.dll": "90015440A44935208FFEA9BF61740651",
  "PInvoke.Windows.ShellScalingApi.dll": "F351B34B8C9183A51CADFDC279357C49",
  "PInvoke.WinUsb.dll": "9EB8A0280F2848D1A32B560A939F7336",
  "PInvoke.WtsApi32.dll": "341C94455D2E5893DBE4293D4D67AA4D",
  "Reloaded.Assembler.dll": "5D0C2BF88FBF9578464CCAF2216E9B3C",
  "Reloaded.Hooks.Definitions.dll": "DA550D4063EF62FC4B371E040AA87F34",
  "Reloaded.Hooks.dll": "7E38C2811F220115AE024884DE506012",
  "Reloaded.Memory.Buffers.dll": "369113328EB3949018723ACA45ED9AC8",
  "Reloaded.Memory.dll": "AC03869309A70E41E32C8C8637985DB3",
  "revision.txt": "2E2079D63348233D91CAD1FA9B1361E9",
  "SDL2-CS.config": "65557595FD5DF55D93B2BF881DE62C3A",
  "SDL2-CS.dll": "AE187824099E9813784A95258636517F",
  "Serilog.dll": "88F89C64B91184A581D6E97FB753BB59",
  "Serilog.Sinks.Async.dll": "03DA7B1018781D3B91ADB0EBE40C7C3F",
  "Serilog.Sinks.Console.dll": "C6F26C2FDFC6F5D820DC3F3F9B4DB518",
  "Serilog.Sinks.File.dll": "33145183CCD3158429E41219E75315FB",
  "SharpDX.Direct3D11.dll": "44885E6243A301BE8F70ACA6374F4ECB",
  "SharpDX.dll": "FD6F64D246821EBBF99CC262E68928C3",
  "SharpDX.DXGI.dll": "B89540F69FA18A294BA17B057AF893A3",
  "SharpDX.Mathematics.dll": "E5DC2BF9D11BCA9A3732F3F379BD89FC",
  "Silk.NET.Core.dll": "B1B934E103A38CF23B26007264DED2D2",
  "Silk.NET.GLFW.dll": "2C9BA7A1C7BE8A756003E1721DF96E21",
  "Silk.NET.Maths.dll": "E2ABDD86268436384737744ADC9001A7",
  "Silk.NET.OpenGL.dll": "C0EBDBC0DD107D7C3A8702000A90DAB1",
  "Silk.NET.SDL.dll": "37560101A363E0C05307680694009CDD",
  "Silk.NET.Windowing.Common.dll": "C233DAD2798A09763B2160CB3E5AA856",
  "Silk.NET.Windowing.Glfw.dll": "E297F43D4A0B6BA5EA15C62435EB5E3B",
  "Silk.NET.Windowing.Sdl.dll": "466438F09CF84693879F3C834FB7A19C",
  "SQLite-net.dll": "1688A11E189A51319D76426F01BFB2DD",
  "SQLitePCLRaw.batteries_v2.dll": "0FE00B65A20664079EC8790CF6E53971",
  "SQLitePCLRaw.core.dll": "B727FE8CEC02B603A7A144FD8B81CEEE",
  "SQLitePCLRaw.nativelibrary.dll": "E578EDECFB69452158B7DBC3C1153B3C",
  "SQLitePCLRaw.provider.dynamic_cdecl.dll": "CB3610A96710752B73E355EFB72539A6",
  "StbiSharp.dll": "D19C4D4717348CA710AABBCB403C18EA",
  "System.Reactive.dll": "EF5A00287AD15393D41B12AA4B726FF7",
  "System.Reflection.MetadataLoadContext.dll": "7EC41D41F4E1246757BA3E2EC862D562",
  "System.Security.Cryptography.Pkcs.dll": "8950E01996A37E808BE3F39063C37BF9",
  "TEMP_gitver.txt": "987759C1DC8D6CE8CEB0B1C00765221A",
  "TerraFX.Interop.Windows.dll": "84F7EF6B0DE91F8CC23F773D3FD6DEC0",
  "Validation.dll": "4DE7524CA90D061C9201BA59B4B73CE2"
}
