{
  "runtimes\\alpine-x64\\native\\libe_sqlite3.so": "39C244FEDBCD3DFC37041D4FCE1AE21D",
  "runtimes\\linux-arm\\native\\libe_sqlite3.so": "96CF54BC0EFB83D6E3F5F3E04997A59D",
  "runtimes\\linux-arm64\\native\\libe_sqlite3.so": "F079E55E7F3F9966A4A2052A3234E068",
  "runtimes\\linux-armel\\native\\libe_sqlite3.so": "C5A67D49434FC65D64E9C15778078C76",
  "runtimes\\linux-mips64\\native\\libe_sqlite3.so": "5F8461214089CFC677D46C19B7162161",
  "runtimes\\linux-musl-x64\\native\\libe_sqlite3.so": "39C244FEDBCD3DFC37041D4FCE1AE21D",
  "runtimes\\linux-x64\\native\\libe_sqlite3.so": "6F49C540D3AB9964D67A4A704C3D262D",
  "runtimes\\linux-x64\\native\\libglfw.so.3": "9E3137144F68B9E9793F4C7AD5B1BEA7",
  "runtimes\\linux-x64\\native\\libSDL2-2.0.so": "99B95A708381FC66AB2370E45A260527",
  "runtimes\\linux-x64\\native\\libstbi.so": "0945355ED59677D06E3E88F48101BB26",
  "runtimes\\linux-x86\\native\\libe_sqlite3.so": "5E0659B414CBD6DDC38C65582485853E",
  "runtimes\\osx-x64\\native\\libe_sqlite3.dylib": "F82AE134FCD1C080A69D775591406673",
  "runtimes\\osx-x64\\native\\libglfw.3.dylib": "1E30FAB2F0C40E82290AD4B0BF14A880",
  "runtimes\\osx-x64\\native\\libSDL2-2.0.dylib": "AAC958490586C67395F0A90903AE3747",
  "runtimes\\osx-x64\\native\\libstbi.dylib": "0B84B0A6A80178266018081C3CAB68E6",
  "runtimes\\win-arm\\native\\e_sqlite3.dll": "BE77C4D76BCDC52DBD2C3373075746D7",
  "runtimes\\win-arm64\\native\\e_sqlite3.dll": "F38A9E7CF9719D1B4DA161A3641EBE26",
  "runtimes\\win-x64\\native\\cimgui.dll": "462E9C9D59FD046433338ACC209FA95A",
  "runtimes\\win-x64\\native\\cimguizmo.dll": "49F7DF13CBED530BFB2D470A5CC53E29",
  "runtimes\\win-x64\\native\\cimplot.dll": "5D81CBD2F031893B57CCC95C140E59F5",
  "runtimes\\win-x64\\native\\e_sqlite3.dll": "17130DFA5AF7D85FAA5CCD97358EA59E",
  "runtimes\\win-x64\\native\\glfw3.dll": "9948537C87F3BB6B6FB44654E251C477",
  "runtimes\\win-x64\\native\\minhook.x64d.dll": "B4FB23CABCF3B7BE73F7A020BE79CEF9",
  "runtimes\\win-x64\\native\\SDL2.dll": "E09E2D1EFCC0E9AE34201F93B0B880CD",
  "runtimes\\win-x64\\native\\stbi.dll": "F7DC181D2D7DF356EF57A0FC8C9FF204",
  "runtimes\\win-x64\\native\\stbi.lib": "927C214DE576219E1F80DBE7798A0502",
  "runtimes\\win-x86\\native\\e_sqlite3.dll": "53D57703A10E0437D1C8E5F41AC21BD2",
  "runtimes\\win-x86\\native\\glfw3.dll": "0957C377FC69F46B3BBEAB0EB8900F86",
  "runtimes\\win-x86\\native\\SDL2.dll": "CFDAD5B9CBDBC3C07F5D6D91E8093FDF",
  "targets\\Dalamud.Plugin.Bootstrap.targets": "C85635161398CD9852CF7212DB7EB904",
  "targets\\Dalamud.Plugin.targets": "DDD731601C06B16E10CF2F8990452A27",
  "BitFaster.Caching.dll": "7E2F167A0FEEA2DECEF5EBAF188D5AD4",
  "CheapLoc.dll": "93DD7ABE6C7A49D5643900E5701CC626",
  "Costura.dll": "91D1096870B96D2CC299FD646EBB09F8",
  "Dalamud.Boot.dll": "9001880632F02388D7131CAD4CEDBF34",
  "Dalamud.Common.dll": "58C3D1A329AFA719FAEE5CD79D5CF519",
  "Dalamud.deps.json": "0B36E19377BD1CB30AD7C19F0975F2D9",
  "Dalamud.dll": "435ABEF542FADD392DA7FAFFCB3C7228",
  "Dalamud.Injector.deps.json": "C1FA0941DC8B38E415776C60C508AAB9",
  "Dalamud.Injector.dll": "AE60F4F440920271BA2A548176E00F55",
  "Dalamud.Injector.exe": "F8961DEC840542F551C2D1E504371223",
  "Dalamud.Injector.runtimeconfig.json": "B9BB65FFE7924D4D8BABE9FA66303200",
  "Dalamud.Injector.xml": "D41E5DF541D19A015215E777D7395C9C",
  "Dalamud.runtimeconfig.json": "2A9CD915428BDD175E0889BD0C225F75",
  "Dalamud.xml": "A3378176075FE592E1CD2E6D7E9152C0",
  "DalamudCrashHandler.exe": "AF1C96D307DF5CEB5A0939734DD16EA2",
  "FASM-LICENSE.TXT": "ECEA1D10811221D5F0A3E96F9C38E2C7",
  "FASM.DLL": "937693F93952F54A134C0C6A13A5E188",
  "FASMX64.DLL": "5BC58AEF3FF3950CAED10132BCF20C7B",
  "FFXIVClientStructs.dll": "A2F9EBB3D6258EDD58293EBE7448D22C",
  "FFXIVClientStructs.xml": "9A9DE6FDA4A4671DA9E34CCFC26D443D",
  "goaaats.Reloaded.Assembler.targets": "CC22CB0A353E2136EE9E6E96DB9F7164",
  "Iced.dll": "86243DC85189D2D751F283ADA472E64C",
  "ImGui.NET.dll": "365A6E319311CA15C0E725839DEA8BB2",
  "ImGuiScene.dll": "98EB17C9FA8884A85AD5BC94791ED78E",
  "InteropGenerator.Runtime.dll": "9C71DBB1EABC232A327C830D914FCBAE",
  "JetBrains.Annotations.dll": "EB4F926695594DF0A6006C7CB4565102",
  "licenses.txt": "A159BE62AA91178EFC3E3983AE874D1D",
  "Lumina.dll": "6A67796B6A5A5E5ECCC9F559A82F21E8",
  "Lumina.Excel.dll": "6E6EEB1BCD16C22E05DB9A2409D693EF",
  "Microsoft.Bcl.HashCode.dll": "613AB56061ADF2284E047025207467E0",
  "Microsoft.DotNet.PlatformAbstractions.dll": "00AB0F02B1114C57C758F5AD595224F1",
  "Microsoft.Extensions.DependencyModel.dll": "F39BC76C10CFEA478C936FC4521A9FC9",
  "Microsoft.Extensions.ObjectPool.dll": "FEE3CE8A84417360CC5ED787ED6F7DB1",
  "MinSharp.dll": "1EFA0FA758C1CB0C2CC40AF6783AC680",
  "Mono.Cecil.dll": "66BC3C18D47D5693320F4AA6174B5C92",
  "Mono.Cecil.Mdb.dll": "8A9897CE15DDD94AAFD216EB3362D99D",
  "Mono.Cecil.Pdb.dll": "F239199A28FF166DF267461EFF5E3D74",
  "Mono.Cecil.Rocks.dll": "766B43EF91FDF46DE4555D9B746F1EC8",
  "nethost.dll": "012081214FE71F0F6ADCD9F4A71B2B00",
  "Newtonsoft.Json.dll": "86A83A63F12B55FD3718CFBFB577D7DC",
  "PeNet.Asn1.dll": "B3779C23BCEE16F8A6810976EE74D743",
  "PeNet.dll": "6698CA3630CE8493A4921E750B3F97EE",
  "PInvoke.AdvApi32.dll": "34EE461D05B403C3A15D0DEC32A3788C",
  "PInvoke.BCrypt.dll": "FD07758EE1440491F22923084109FF26",
  "PInvoke.Cabinet.dll": "333D950E3804735DA60CC41D614C63E2",
  "PInvoke.CfgMgr32.dll": "768BE7CC18EDCF78B296A72ABE891691",
  "PInvoke.Crypt32.dll": "E7B00B0851738F4A7F2C6D37DAA973B4",
  "PInvoke.DbgHelp.dll": "E701136169620D20E3A70B560DE20E44",
  "PInvoke.DwmApi.dll": "ACF223CC8962404056648815B486F7D9",
  "PInvoke.Gdi32.dll": "69FF434826F98582CE44D3136ECFFACB",
  "PInvoke.Hid.dll": "2E7A41257F8AD9B26073181F450CD8E5",
  "PInvoke.ImageHlp.dll": "79BE816E8D86EA66489D7780DD675D49",
  "PInvoke.IPHlpApi.dll": "E949FA3326D1BA8872B179AB4EE49D38",
  "PInvoke.Kernel32.dll": "234E15B122ED430DE99490CA1A204958",
  "PInvoke.Magnification.dll": "C9EA3D34F506741ECC044DB19C151F09",
  "PInvoke.Msi.dll": "69EE50CE2DA6B55755E52589F49A7EBC",
  "PInvoke.NCrypt.dll": "DA1DE76C14D99370CA3BEF19DC299B15",
  "PInvoke.NetApi32.dll": "AE79F9FA2E3864A5E0642AE4622ECDC5",
  "PInvoke.NewDev.dll": "B3E1992105D986EF9C5C8E4B630FBB07",
  "PInvoke.NTDll.dll": "3F6BDF840EB27DD0FD9EB8071822183A",
  "PInvoke.Ole32.dll": "3C49FB100B60519FFE725BCD12A538F6",
  "PInvoke.Psapi.dll": "A7683EE4B880227F01C8AE632A892B9E",
  "PInvoke.SetupApi.dll": "1B7AE321185D0081D1759A9AD829F9BA",
  "PInvoke.SHCore.dll": "F27E7F063D51480F6D2294C903E4A606",
  "PInvoke.Shell32.dll": "F71A1BCAF6478190691170DAEA77722F",
  "PInvoke.User32.dll": "8BEDE38311ED4F27127290B81B8079FD",
  "PInvoke.Userenv.dll": "FEB7BCA90B8C905EC2F4BB0789847131",
  "PInvoke.UxTheme.dll": "8E683C016250CB719FDB9AAAFC22B3C5",
  "PInvoke.Windows.Core.dll": "90015440A44935208FFEA9BF61740651",
  "PInvoke.Windows.ShellScalingApi.dll": "F351B34B8C9183A51CADFDC279357C49",
  "PInvoke.WinUsb.dll": "9EB8A0280F2848D1A32B560A939F7336",
  "PInvoke.WtsApi32.dll": "341C94455D2E5893DBE4293D4D67AA4D",
  "Reloaded.Assembler.dll": "08EDD547A693E016BEB84C3CDE552898",
  "Reloaded.Hooks.Definitions.dll": "98E8D27B60A8D1F753B4575D8B1C6895",
  "Reloaded.Hooks.dll": "296D2C59C3BCBC5DEB84C54897415861",
  "Reloaded.Memory.Buffers.dll": "7C8077E2FE6FF3A576965BDF4EB8646A",
  "Reloaded.Memory.dll": "E5B6A51ED8465D8744AE4C671289FA9B",
  "revision.txt": "4AC778418206CC85AC960D5B9134BF74",
  "SDL2-CS.config": "65557595FD5DF55D93B2BF881DE62C3A",
  "SDL2-CS.dll": "2846E3506B80747CD3AA4625CA6A9CF2",
  "Serilog.dll": "C9FF77EE4E15CEABBE8D8113F38AB4AE",
  "Serilog.Sinks.Async.dll": "5BEF4C029E6931ACE141A59C134CA9F8",
  "Serilog.Sinks.Console.dll": "A4319199C2FDD852A4094E7678C2768A",
  "Serilog.Sinks.File.dll": "CC50FAC8A4D627516D4DBB08CAA9C60B",
  "SharpDX.Direct3D11.dll": "F5253A810E0F773FD3D1B01B5D2DC6CE",
  "SharpDX.dll": "5CBA17AAF0CF82F2237DBCA5B4FF9D15",
  "SharpDX.DXGI.dll": "C5DD3F600D2A784395C1C29DFDCD20E7",
  "SharpDX.Mathematics.dll": "FCA988B0709437E54471D82E61D89CF4",
  "Silk.NET.Core.dll": "A727CDF5E2308C7A0EE9B8C1FE07C210",
  "Silk.NET.GLFW.dll": "544154979B551F2A4CBC7B3065CD72A8",
  "Silk.NET.Maths.dll": "54210DBA10D78BEA2C94E8C8683A0DDE",
  "Silk.NET.OpenGL.dll": "3FFF8DC06A598B078DE2CD9C41908B71",
  "Silk.NET.SDL.dll": "875A4C655FAC7C539036AFC2CA4EF9ED",
  "Silk.NET.Windowing.Common.dll": "41FFF4C2D9F2C05BE0D59EB48900E44F",
  "Silk.NET.Windowing.Glfw.dll": "E5D2FCBC07DC1026E3327F94D72F9B16",
  "Silk.NET.Windowing.Sdl.dll": "FB57276BD1431985DD79369F8313A496",
  "SQLite-net.dll": "510E692114553B84D46EB778144D6E05",
  "SQLitePCLRaw.batteries_v2.dll": "7280A0F68E1BCDD860692C43C3DF5104",
  "SQLitePCLRaw.core.dll": "2BB236698BDD538A92F07FF8D948A7A1",
  "SQLitePCLRaw.nativelibrary.dll": "4D52337E4581D2855578C82219CB504E",
  "SQLitePCLRaw.provider.dynamic_cdecl.dll": "6F08B27FF2A36AC92F65F41173CCA5F8",
  "StbiSharp.dll": "D21BDEB203D8C62E9AC97F710B3320B3",
  "System.Reactive.dll": "EF5A00287AD15393D41B12AA4B726FF7",
  "System.Reflection.MetadataLoadContext.dll": "7EC41D41F4E1246757BA3E2EC862D562",
  "System.Security.Cryptography.Pkcs.dll": "8950E01996A37E808BE3F39063C37BF9",
  "TEMP_gitver.txt": "AD23E607A1F2AF5109204EC6CCC4EF60",
  "TerraFX.Interop.Windows.dll": "84F7EF6B0DE91F8CC23F773D3FD6DEC0",
  "Validation.dll": "171473F5B971DDC73F515DF2DDFB35F0"
}
