{
  "runtimes\\alpine-x64\\native\\libe_sqlite3.so": "39C244FEDBCD3DFC37041D4FCE1AE21D",
  "runtimes\\linux-arm\\native\\libe_sqlite3.so": "96CF54BC0EFB83D6E3F5F3E04997A59D",
  "runtimes\\linux-arm64\\native\\libe_sqlite3.so": "F079E55E7F3F9966A4A2052A3234E068",
  "runtimes\\linux-armel\\native\\libe_sqlite3.so": "C5A67D49434FC65D64E9C15778078C76",
  "runtimes\\linux-mips64\\native\\libe_sqlite3.so": "5F8461214089CFC677D46C19B7162161",
  "runtimes\\linux-musl-x64\\native\\libe_sqlite3.so": "39C244FEDBCD3DFC37041D4FCE1AE21D",
  "runtimes\\linux-x64\\native\\libe_sqlite3.so": "6F49C540D3AB9964D67A4A704C3D262D",
  "runtimes\\linux-x64\\native\\libglfw.so.3": "9E3137144F68B9E9793F4C7AD5B1BEA7",
  "runtimes\\linux-x64\\native\\libSDL2-2.0.so": "99B95A708381FC66AB2370E45A260527",
  "runtimes\\linux-x64\\native\\libstbi.so": "0945355ED59677D06E3E88F48101BB26",
  "runtimes\\linux-x86\\native\\libe_sqlite3.so": "5E0659B414CBD6DDC38C65582485853E",
  "runtimes\\osx-x64\\native\\libe_sqlite3.dylib": "F82AE134FCD1C080A69D775591406673",
  "runtimes\\osx-x64\\native\\libglfw.3.dylib": "1E30FAB2F0C40E82290AD4B0BF14A880",
  "runtimes\\osx-x64\\native\\libSDL2-2.0.dylib": "AAC958490586C67395F0A90903AE3747",
  "runtimes\\osx-x64\\native\\libstbi.dylib": "0B84B0A6A80178266018081C3CAB68E6",
  "runtimes\\win-arm\\native\\e_sqlite3.dll": "BCCBEAA71BD0D398CFBA1AA56CB4FA24",
  "runtimes\\win-arm64\\native\\e_sqlite3.dll": "898E6A96DB085B0B98C7CCBA6C2F66BB",
  "runtimes\\win-x64\\native\\cimgui.dll": "8A150564432265505F5E95CF34D92A4A",
  "runtimes\\win-x64\\native\\cimguizmo.dll": "C8E8F84DC4F9D28C196477A10412BC75",
  "runtimes\\win-x64\\native\\cimplot.dll": "AB3B9654D4CD1C4091001B8821487203",
  "runtimes\\win-x64\\native\\e_sqlite3.dll": "F4A05656CD889CCDB537ADD8D0B467CD",
  "runtimes\\win-x64\\native\\glfw3.dll": "BB65414BCDCFC2C27CC3795E40BB8E37",
  "runtimes\\win-x64\\native\\minhook.x64d.dll": "563564D7E411FC4328C7971FF1D40619",
  "runtimes\\win-x64\\native\\SDL2.dll": "F4DAF170AC06CE16C25D6F6E7F2E1C1A",
  "runtimes\\win-x64\\native\\stbi.dll": "C4BD89A5D73F520EA59499FF1CD948EB",
  "runtimes\\win-x64\\native\\stbi.lib": "927C214DE576219E1F80DBE7798A0502",
  "runtimes\\win-x86\\native\\e_sqlite3.dll": "8812BA21712A95671002F1B0F8C1D070",
  "runtimes\\win-x86\\native\\glfw3.dll": "9FE07F645C0C49788C86CCC9DF3477DF",
  "runtimes\\win-x86\\native\\SDL2.dll": "291375C931495F1F3A4AC53B504EFE3A",
  "targets\\Dalamud.Plugin.Bootstrap.targets": "C85635161398CD9852CF7212DB7EB904",
  "targets\\Dalamud.Plugin.targets": "E2AA900DB1F6596D1C203D4112A10F5E",
  "BitFaster.Caching.dll": "22AB4AA73B285366831BE838FD7EA254",
  "CheapLoc.dll": "9DFB9F4AB96AD5F1296EE4AF2119BC50",
  "Costura.dll": "F3FACE50BBDB7BA8ECCC6FA5A6CA3FFF",
  "Dalamud.Boot.dll": "823E5973A6AAAEE313EFABDB12EA9806",
  "Dalamud.Common.dll": "8347FAFFE6ABD74514FB929F01DB7C88",
  "Dalamud.deps.json": "4652E9097F6FEEE0D95B1516EACBD4B4",
  "Dalamud.dll": "5FFEF02AA8F8C67DBE2C51F9343D8E55",
  "Dalamud.Injector.deps.json": "C1FA0941DC8B38E415776C60C508AAB9",
  "Dalamud.Injector.dll": "7FDB22028F7F901BBE093009E79F442A",
  "Dalamud.Injector.exe": "A934293EABA9CE834D7CAC784FCB0D03",
  "Dalamud.Injector.runtimeconfig.json": "B9BB65FFE7924D4D8BABE9FA66303200",
  "Dalamud.Injector.xml": "D41E5DF541D19A015215E777D7395C9C",
  "Dalamud.runtimeconfig.json": "2A9CD915428BDD175E0889BD0C225F75",
  "Dalamud.xml": "44251F1B3F5A4796EA7A75EA325711BE",
  "DalamudCrashHandler.exe": "DC982E9568CDEEDDF097933C719AAA2F",
  "FASM-LICENSE.TXT": "ECEA1D10811221D5F0A3E96F9C38E2C7",
  "FASM.DLL": "C157EFC18C9FABD9D5A4B2D848C8CAD6",
  "FASMX64.DLL": "08336F3A342D93ED68B92416BD88547D",
  "FFXIVClientStructs.dll": "A1A39E586925E3612FD7C2F2C9F9B659",
  "FFXIVClientStructs.xml": "DDB45D5AEDE6799878993BC32ABE2F0A",
  "goaaats.Reloaded.Assembler.targets": "CC22CB0A353E2136EE9E6E96DB9F7164",
  "Iced.dll": "7AACCBE46506AE8C030E688120F0D1D7",
  "ImGui.NET.dll": "54C1E1009F156024BE332D320040A247",
  "ImGuiScene.dll": "C2E30E6B3D0E165C82E0D2033BE24B33",
  "InteropGenerator.Runtime.dll": "D07E7ADDBA8BBA5FA3B07C33275C7CCA",
  "JetBrains.Annotations.dll": "0C7C0BDDB1C145870F44429066E6BB5E",
  "licenses.txt": "A159BE62AA91178EFC3E3983AE874D1D",
  "Lumina.dll": "27667ADD44B393F3AE0B7CD97A7BAA82",
  "Lumina.Excel.dll": "0D528E96A25FE1FC7749F53B7555B1FE",
  "Microsoft.Bcl.HashCode.dll": "613AB56061ADF2284E047025207467E0",
  "Microsoft.DotNet.PlatformAbstractions.dll": "00AB0F02B1114C57C758F5AD595224F1",
  "Microsoft.Extensions.DependencyModel.dll": "F39BC76C10CFEA478C936FC4521A9FC9",
  "Microsoft.Extensions.ObjectPool.dll": "FEE3CE8A84417360CC5ED787ED6F7DB1",
  "MinSharp.dll": "B485B270C7758106253B4F56435E6907",
  "Mono.Cecil.dll": "4364795226BF07D32A0E424951C59270",
  "Mono.Cecil.Mdb.dll": "1A3D3FD1FDCE78678FD693CDFA2061FD",
  "Mono.Cecil.Pdb.dll": "393F82A85A239888C9203561145DED0C",
  "Mono.Cecil.Rocks.dll": "C0C4C51C0D6EFD8B969BB59C83B945EA",
  "nethost.dll": "012081214FE71F0F6ADCD9F4A71B2B00",
  "Newtonsoft.Json.dll": "86A83A63F12B55FD3718CFBFB577D7DC",
  "PeNet.Asn1.dll": "23656FB6D4E5D005876EA33A3A08CAC4",
  "PeNet.dll": "D457F89C91E015C595CF0913E78843B1",
  "PInvoke.AdvApi32.dll": "34EE461D05B403C3A15D0DEC32A3788C",
  "PInvoke.BCrypt.dll": "FD07758EE1440491F22923084109FF26",
  "PInvoke.Cabinet.dll": "333D950E3804735DA60CC41D614C63E2",
  "PInvoke.CfgMgr32.dll": "768BE7CC18EDCF78B296A72ABE891691",
  "PInvoke.Crypt32.dll": "E7B00B0851738F4A7F2C6D37DAA973B4",
  "PInvoke.DbgHelp.dll": "E701136169620D20E3A70B560DE20E44",
  "PInvoke.DwmApi.dll": "ACF223CC8962404056648815B486F7D9",
  "PInvoke.Gdi32.dll": "69FF434826F98582CE44D3136ECFFACB",
  "PInvoke.Hid.dll": "2E7A41257F8AD9B26073181F450CD8E5",
  "PInvoke.ImageHlp.dll": "79BE816E8D86EA66489D7780DD675D49",
  "PInvoke.IPHlpApi.dll": "E949FA3326D1BA8872B179AB4EE49D38",
  "PInvoke.Kernel32.dll": "234E15B122ED430DE99490CA1A204958",
  "PInvoke.Magnification.dll": "C9EA3D34F506741ECC044DB19C151F09",
  "PInvoke.Msi.dll": "69EE50CE2DA6B55755E52589F49A7EBC",
  "PInvoke.NCrypt.dll": "DA1DE76C14D99370CA3BEF19DC299B15",
  "PInvoke.NetApi32.dll": "AE79F9FA2E3864A5E0642AE4622ECDC5",
  "PInvoke.NewDev.dll": "B3E1992105D986EF9C5C8E4B630FBB07",
  "PInvoke.NTDll.dll": "3F6BDF840EB27DD0FD9EB8071822183A",
  "PInvoke.Ole32.dll": "3C49FB100B60519FFE725BCD12A538F6",
  "PInvoke.Psapi.dll": "A7683EE4B880227F01C8AE632A892B9E",
  "PInvoke.SetupApi.dll": "1B7AE321185D0081D1759A9AD829F9BA",
  "PInvoke.SHCore.dll": "F27E7F063D51480F6D2294C903E4A606",
  "PInvoke.Shell32.dll": "F71A1BCAF6478190691170DAEA77722F",
  "PInvoke.User32.dll": "8BEDE38311ED4F27127290B81B8079FD",
  "PInvoke.Userenv.dll": "FEB7BCA90B8C905EC2F4BB0789847131",
  "PInvoke.UxTheme.dll": "8E683C016250CB719FDB9AAAFC22B3C5",
  "PInvoke.Windows.Core.dll": "90015440A44935208FFEA9BF61740651",
  "PInvoke.Windows.ShellScalingApi.dll": "F351B34B8C9183A51CADFDC279357C49",
  "PInvoke.WinUsb.dll": "9EB8A0280F2848D1A32B560A939F7336",
  "PInvoke.WtsApi32.dll": "341C94455D2E5893DBE4293D4D67AA4D",
  "Reloaded.Assembler.dll": "0722F0F28A5E3DAA95F079386244F095",
  "Reloaded.Hooks.Definitions.dll": "861B4D0295DC5E4ACC562354D248B5B4",
  "Reloaded.Hooks.dll": "80E2B8162980F78204163DDCE05C5651",
  "Reloaded.Memory.Buffers.dll": "404F26EFC17A4BE64A8096B970027390",
  "Reloaded.Memory.dll": "8A58D569F935091966658841B7EF0D18",
  "revision.txt": "A7971ABB4134FC0CFCEC7D589E1EBCF6",
  "SDL2-CS.config": "65557595FD5DF55D93B2BF881DE62C3A",
  "SDL2-CS.dll": "7E2E64CB502FE345139ECA79F4539FA9",
  "Serilog.dll": "52EF462541442EC9C2CB50F240731E5E",
  "Serilog.Sinks.Async.dll": "A60AAA3F0F6EA1DEF74B4F709265B8B8",
  "Serilog.Sinks.Console.dll": "8CF12101C9C21CCE3AC58E02B90D52FF",
  "Serilog.Sinks.File.dll": "5DF0AE67D543CA234F03107E57928B0F",
  "SharpDX.Direct3D11.dll": "381097B73F4103850CFF8A7152FAD57D",
  "SharpDX.dll": "266AB579586451CC0571ABF489B22995",
  "SharpDX.DXGI.dll": "5377C355260191641760589F9958A6DF",
  "SharpDX.Mathematics.dll": "017C49515693B01D155AD011887938B0",
  "Silk.NET.Core.dll": "3D49718BAE23CD8339DF4A1464A58C14",
  "Silk.NET.GLFW.dll": "1E059A31C2C708CB423E02A9C7AF23FF",
  "Silk.NET.Maths.dll": "4BE057185F3210F5428AFE370CBADB2C",
  "Silk.NET.OpenGL.dll": "5A6ED903CE9135D2244B45E23DC58502",
  "Silk.NET.SDL.dll": "16388931FB2F296CDD57C68060B48151",
  "Silk.NET.Windowing.Common.dll": "46884813C70EB5BA93EC8ABE2AEE7E23",
  "Silk.NET.Windowing.Glfw.dll": "44502E8C71CDA689A439859C41103F2B",
  "Silk.NET.Windowing.Sdl.dll": "6F23F664EC8589E24B01F332A34CBC57",
  "SQLite-net.dll": "6E327C84AF114984D3F90CE1FCBF2CA7",
  "SQLitePCLRaw.batteries_v2.dll": "6896B73D9FF476B98720BD6D2F06E040",
  "SQLitePCLRaw.core.dll": "2E1E274BD20DCA233628C182C602E52E",
  "SQLitePCLRaw.nativelibrary.dll": "F53CF4ABCFBF96D32E5840FA66C13B35",
  "SQLitePCLRaw.provider.dynamic_cdecl.dll": "A2BFAF04B08BE222758452CB6C1FA3A7",
  "StbiSharp.dll": "7FFD2FD5079FDAB59027D0FD48AFC8FB",
  "System.Reactive.dll": "EF5A00287AD15393D41B12AA4B726FF7",
  "System.Reflection.MetadataLoadContext.dll": "7EC41D41F4E1246757BA3E2EC862D562",
  "System.Security.Cryptography.Pkcs.dll": "8950E01996A37E808BE3F39063C37BF9",
  "TEMP_gitver.txt": "05039894079CA89A444AA3DBD7DD9FCD",
  "TerraFX.Interop.Windows.dll": "84F7EF6B0DE91F8CC23F773D3FD6DEC0",
  "Validation.dll": "BCEDFD4589718F145DFFE9227A9B21C0"
}
