{
  "runtimes\\alpine-x64\\native\\libe_sqlite3.so": "39C244FEDBCD3DFC37041D4FCE1AE21D",
  "runtimes\\linux-arm\\native\\libe_sqlite3.so": "96CF54BC0EFB83D6E3F5F3E04997A59D",
  "runtimes\\linux-arm64\\native\\libe_sqlite3.so": "F079E55E7F3F9966A4A2052A3234E068",
  "runtimes\\linux-armel\\native\\libe_sqlite3.so": "C5A67D49434FC65D64E9C15778078C76",
  "runtimes\\linux-mips64\\native\\libe_sqlite3.so": "5F8461214089CFC677D46C19B7162161",
  "runtimes\\linux-musl-x64\\native\\libe_sqlite3.so": "39C244FEDBCD3DFC37041D4FCE1AE21D",
  "runtimes\\linux-x64\\native\\libe_sqlite3.so": "6F49C540D3AB9964D67A4A704C3D262D",
  "runtimes\\linux-x64\\native\\libglfw.so.3": "9E3137144F68B9E9793F4C7AD5B1BEA7",
  "runtimes\\linux-x64\\native\\libSDL2-2.0.so": "99B95A708381FC66AB2370E45A260527",
  "runtimes\\linux-x64\\native\\libstbi.so": "0945355ED59677D06E3E88F48101BB26",
  "runtimes\\linux-x86\\native\\libe_sqlite3.so": "5E0659B414CBD6DDC38C65582485853E",
  "runtimes\\osx-x64\\native\\libe_sqlite3.dylib": "F82AE134FCD1C080A69D775591406673",
  "runtimes\\osx-x64\\native\\libglfw.3.dylib": "1E30FAB2F0C40E82290AD4B0BF14A880",
  "runtimes\\osx-x64\\native\\libSDL2-2.0.dylib": "AAC958490586C67395F0A90903AE3747",
  "runtimes\\osx-x64\\native\\libstbi.dylib": "0B84B0A6A80178266018081C3CAB68E6",
  "runtimes\\win-arm\\native\\e_sqlite3.dll": "72E5806ED9C6BB373F1CCFD348AE2562",
  "runtimes\\win-arm64\\native\\e_sqlite3.dll": "C2832FC294E53D70488B7C5FF93D4F13",
  "runtimes\\win-x64\\native\\cimgui.dll": "E2D3A8325435C92AB1A25F85A084E852",
  "runtimes\\win-x64\\native\\cimguizmo.dll": "B6CF67784DFF09182643F7410A83C02D",
  "runtimes\\win-x64\\native\\cimplot.dll": "1515478A363B52E65862EC164E2CDC3C",
  "runtimes\\win-x64\\native\\e_sqlite3.dll": "50722F09200327800BB83852E401BA01",
  "runtimes\\win-x64\\native\\glfw3.dll": "C99F0F01E7F603C5E60526754E187BD0",
  "runtimes\\win-x64\\native\\minhook.x64d.dll": "BB8ACBD926069DA7CADAB8CB27DD1B27",
  "runtimes\\win-x64\\native\\SDL2.dll": "165D013DCB6E3F855F1439759775576B",
  "runtimes\\win-x64\\native\\stbi.dll": "7B5E5233ECD7658EC25DF66643A2D87A",
  "runtimes\\win-x64\\native\\stbi.lib": "927C214DE576219E1F80DBE7798A0502",
  "runtimes\\win-x86\\native\\e_sqlite3.dll": "F0F22C0A58EA92E50344CA77E2594BD6",
  "runtimes\\win-x86\\native\\glfw3.dll": "D60BA6B69F01D306CDF8382CC6334CAD",
  "runtimes\\win-x86\\native\\SDL2.dll": "5CDAE2C84129C475D5E12F7734F756A8",
  "targets\\Dalamud.Plugin.Bootstrap.targets": "C85635161398CD9852CF7212DB7EB904",
  "targets\\Dalamud.Plugin.targets": "E2AA900DB1F6596D1C203D4112A10F5E",
  "BitFaster.Caching.dll": "E97667CB46ADFD19BF6C1D40EB6655DA",
  "CheapLoc.dll": "CDE4CE7D81E84CAC682A33D0A3A3F701",
  "Costura.dll": "BDD99062966DD431737D695377CDB8A6",
  "Dalamud.Boot.dll": "2B3862E85525B623EA1F7D48823651DE",
  "Dalamud.Common.dll": "6188ADC4E918E96313AEB72724F936BD",
  "Dalamud.deps.json": "0B36E19377BD1CB30AD7C19F0975F2D9",
  "Dalamud.dll": "6E99C46E7A43CB703FB4D2B4D58CE75E",
  "Dalamud.Injector.deps.json": "C1FA0941DC8B38E415776C60C508AAB9",
  "Dalamud.Injector.dll": "A1632F71007A75BE755C2F3C9E059FDE",
  "Dalamud.Injector.exe": "04FA0023962DC1809AB948A89CE6CAB4",
  "Dalamud.Injector.runtimeconfig.json": "B9BB65FFE7924D4D8BABE9FA66303200",
  "Dalamud.Injector.xml": "D41E5DF541D19A015215E777D7395C9C",
  "Dalamud.runtimeconfig.json": "2A9CD915428BDD175E0889BD0C225F75",
  "Dalamud.xml": "44251F1B3F5A4796EA7A75EA325711BE",
  "DalamudCrashHandler.exe": "AC91DD66E7620E3033E6C0355810A31E",
  "FASM-LICENSE.TXT": "ECEA1D10811221D5F0A3E96F9C38E2C7",
  "FASM.DLL": "CBB575A34DBCBAB3716C5AB8D20AC867",
  "FASMX64.DLL": "E5231CFCE23E78C3A03D68636AC39F63",
  "FFXIVClientStructs.dll": "E9342E98607D9CBCAF066591758F0BF5",
  "FFXIVClientStructs.xml": "83482E8676A348ED9F8F7113C63973D0",
  "goaaats.Reloaded.Assembler.targets": "CC22CB0A353E2136EE9E6E96DB9F7164",
  "Iced.dll": "532DE30EF4E9578E67E2B05091E9865E",
  "ImGui.NET.dll": "2F6A72EA97EA8ACDAC083A874627361B",
  "ImGuiScene.dll": "39C7D99AD1F64850460E9E74E2839408",
  "InteropGenerator.Runtime.dll": "FEB81A573C8D199D1970EBD2F2CD7DC9",
  "JetBrains.Annotations.dll": "52F35A619094B6937CF2CD0D0B023B57",
  "licenses.txt": "A159BE62AA91178EFC3E3983AE874D1D",
  "Lumina.dll": "099CBB126F3E6CF85B4FE8863AC3DBAF",
  "Lumina.Excel.dll": "1EEA84B7BA53D94242C1A91277A719E0",
  "Microsoft.Bcl.HashCode.dll": "613AB56061ADF2284E047025207467E0",
  "Microsoft.DotNet.PlatformAbstractions.dll": "00AB0F02B1114C57C758F5AD595224F1",
  "Microsoft.Extensions.DependencyModel.dll": "F39BC76C10CFEA478C936FC4521A9FC9",
  "Microsoft.Extensions.ObjectPool.dll": "FEE3CE8A84417360CC5ED787ED6F7DB1",
  "MinSharp.dll": "8BFBD86A79A86CE1DA3FE8DF9350BCC6",
  "Mono.Cecil.dll": "FB5B70A7FBCEC3848185A4BAE7F52E9F",
  "Mono.Cecil.Mdb.dll": "04CB9AB7A5E3ED6FDF51C08296D6381C",
  "Mono.Cecil.Pdb.dll": "4A2465B4C7857E09677BCC3FE308EFD1",
  "Mono.Cecil.Rocks.dll": "6B700C044237E5EAE7CA9675E06B3272",
  "nethost.dll": "012081214FE71F0F6ADCD9F4A71B2B00",
  "Newtonsoft.Json.dll": "86A83A63F12B55FD3718CFBFB577D7DC",
  "PeNet.Asn1.dll": "E6E7B6BCC2ECF6DB0BC020592B22363A",
  "PeNet.dll": "DE1ED8CF688548544676979FDEC13DC7",
  "PInvoke.AdvApi32.dll": "34EE461D05B403C3A15D0DEC32A3788C",
  "PInvoke.BCrypt.dll": "FD07758EE1440491F22923084109FF26",
  "PInvoke.Cabinet.dll": "333D950E3804735DA60CC41D614C63E2",
  "PInvoke.CfgMgr32.dll": "768BE7CC18EDCF78B296A72ABE891691",
  "PInvoke.Crypt32.dll": "E7B00B0851738F4A7F2C6D37DAA973B4",
  "PInvoke.DbgHelp.dll": "E701136169620D20E3A70B560DE20E44",
  "PInvoke.DwmApi.dll": "ACF223CC8962404056648815B486F7D9",
  "PInvoke.Gdi32.dll": "69FF434826F98582CE44D3136ECFFACB",
  "PInvoke.Hid.dll": "2E7A41257F8AD9B26073181F450CD8E5",
  "PInvoke.ImageHlp.dll": "79BE816E8D86EA66489D7780DD675D49",
  "PInvoke.IPHlpApi.dll": "E949FA3326D1BA8872B179AB4EE49D38",
  "PInvoke.Kernel32.dll": "234E15B122ED430DE99490CA1A204958",
  "PInvoke.Magnification.dll": "C9EA3D34F506741ECC044DB19C151F09",
  "PInvoke.Msi.dll": "69EE50CE2DA6B55755E52589F49A7EBC",
  "PInvoke.NCrypt.dll": "DA1DE76C14D99370CA3BEF19DC299B15",
  "PInvoke.NetApi32.dll": "AE79F9FA2E3864A5E0642AE4622ECDC5",
  "PInvoke.NewDev.dll": "B3E1992105D986EF9C5C8E4B630FBB07",
  "PInvoke.NTDll.dll": "3F6BDF840EB27DD0FD9EB8071822183A",
  "PInvoke.Ole32.dll": "3C49FB100B60519FFE725BCD12A538F6",
  "PInvoke.Psapi.dll": "A7683EE4B880227F01C8AE632A892B9E",
  "PInvoke.SetupApi.dll": "1B7AE321185D0081D1759A9AD829F9BA",
  "PInvoke.SHCore.dll": "F27E7F063D51480F6D2294C903E4A606",
  "PInvoke.Shell32.dll": "F71A1BCAF6478190691170DAEA77722F",
  "PInvoke.User32.dll": "8BEDE38311ED4F27127290B81B8079FD",
  "PInvoke.Userenv.dll": "FEB7BCA90B8C905EC2F4BB0789847131",
  "PInvoke.UxTheme.dll": "8E683C016250CB719FDB9AAAFC22B3C5",
  "PInvoke.Windows.Core.dll": "90015440A44935208FFEA9BF61740651",
  "PInvoke.Windows.ShellScalingApi.dll": "F351B34B8C9183A51CADFDC279357C49",
  "PInvoke.WinUsb.dll": "9EB8A0280F2848D1A32B560A939F7336",
  "PInvoke.WtsApi32.dll": "341C94455D2E5893DBE4293D4D67AA4D",
  "Reloaded.Assembler.dll": "3B29E2EF9C9BDC2F38E41833C7F35DA4",
  "Reloaded.Hooks.Definitions.dll": "8CCBCEFDAB24AF55833E4384A6395CE4",
  "Reloaded.Hooks.dll": "A47A05C3E2967EDEF0B796759D41AE45",
  "Reloaded.Memory.Buffers.dll": "AFF34F708111C19275B42C2A8D9CE18B",
  "Reloaded.Memory.dll": "7749024176C86AB356E05EAA3D9270DD",
  "revision.txt": "6651526B6FB8F29A00507DE6A49CE30F",
  "SDL2-CS.config": "65557595FD5DF55D93B2BF881DE62C3A",
  "SDL2-CS.dll": "CB4477B0D15FDE1E1130A387B8B44690",
  "Serilog.dll": "A54150995DC29D3E7E1B6186411B66BC",
  "Serilog.Sinks.Async.dll": "41CECBC79193C4B7859AC350DFCFF557",
  "Serilog.Sinks.Console.dll": "AAFBD467D53B610B1403C5971075B7D9",
  "Serilog.Sinks.File.dll": "2DED2D0A0BFBEC6A9FBB9142C43273D5",
  "SharpDX.Direct3D11.dll": "91D0C944FAC3271756641F96C9A868F4",
  "SharpDX.dll": "811333690D941A2C7C045919B8A13ED6",
  "SharpDX.DXGI.dll": "3C1D12A35A281884DB3EC1DABFB7F6D9",
  "SharpDX.Mathematics.dll": "3F1F8D1D7EFC073BB5D0B3A39AB5D0D0",
  "Silk.NET.Core.dll": "60561D6FF100BFFDDCF6032CB3CA7F58",
  "Silk.NET.GLFW.dll": "4864AC646FDE543F64B18DC9BC647E2A",
  "Silk.NET.Maths.dll": "325C5A5AF522BF48A9DEC7607B26B05C",
  "Silk.NET.OpenGL.dll": "8107D2EAAA2C686C3326C1E201F9E2FC",
  "Silk.NET.SDL.dll": "C0C32E2ABE57DF81F7AB23B38FF487A7",
  "Silk.NET.Windowing.Common.dll": "04FF00DE974F88E3A37DC2B9A87E81CE",
  "Silk.NET.Windowing.Glfw.dll": "511BB615CFE524197F26F7490EF4BFD2",
  "Silk.NET.Windowing.Sdl.dll": "6EF4CFA5E97B9DB5A954062011369E99",
  "SQLite-net.dll": "15F79593FA23121080FA50026D7E9B43",
  "SQLitePCLRaw.batteries_v2.dll": "16F13E09B21DE8C714656FC89458AAEC",
  "SQLitePCLRaw.core.dll": "AF1919192A55F7A189CEFDE508F47C3A",
  "SQLitePCLRaw.nativelibrary.dll": "6B15F14EE0F96F013DCE48A70A218ECC",
  "SQLitePCLRaw.provider.dynamic_cdecl.dll": "8E8BBA42862FF40E3A31B64AA9544ECC",
  "StbiSharp.dll": "4A3FBFB1633D65049080EB5345E20E47",
  "System.Reactive.dll": "EF5A00287AD15393D41B12AA4B726FF7",
  "System.Reflection.MetadataLoadContext.dll": "7EC41D41F4E1246757BA3E2EC862D562",
  "System.Security.Cryptography.Pkcs.dll": "8950E01996A37E808BE3F39063C37BF9",
  "TEMP_gitver.txt": "8B38AE2C43F66FFA94276F08177CA92F",
  "TerraFX.Interop.Windows.dll": "84F7EF6B0DE91F8CC23F773D3FD6DEC0",
  "Validation.dll": "816499B3A9D8AD86220D994DA8527D06"
}
