{
  "runtimes\\alpine-x64\\native\\libe_sqlite3.so": "39C244FEDBCD3DFC37041D4FCE1AE21D",
  "runtimes\\linux-arm\\native\\libe_sqlite3.so": "96CF54BC0EFB83D6E3F5F3E04997A59D",
  "runtimes\\linux-arm64\\native\\libe_sqlite3.so": "F079E55E7F3F9966A4A2052A3234E068",
  "runtimes\\linux-armel\\native\\libe_sqlite3.so": "C5A67D49434FC65D64E9C15778078C76",
  "runtimes\\linux-mips64\\native\\libe_sqlite3.so": "5F8461214089CFC677D46C19B7162161",
  "runtimes\\linux-musl-x64\\native\\libe_sqlite3.so": "39C244FEDBCD3DFC37041D4FCE1AE21D",
  "runtimes\\linux-x64\\native\\libe_sqlite3.so": "6F49C540D3AB9964D67A4A704C3D262D",
  "runtimes\\linux-x64\\native\\libglfw.so.3": "9E3137144F68B9E9793F4C7AD5B1BEA7",
  "runtimes\\linux-x64\\native\\libSDL2-2.0.so": "99B95A708381FC66AB2370E45A260527",
  "runtimes\\linux-x64\\native\\libstbi.so": "0945355ED59677D06E3E88F48101BB26",
  "runtimes\\linux-x86\\native\\libe_sqlite3.so": "5E0659B414CBD6DDC38C65582485853E",
  "runtimes\\osx-x64\\native\\libe_sqlite3.dylib": "F82AE134FCD1C080A69D775591406673",
  "runtimes\\osx-x64\\native\\libglfw.3.dylib": "1E30FAB2F0C40E82290AD4B0BF14A880",
  "runtimes\\osx-x64\\native\\libSDL2-2.0.dylib": "AAC958490586C67395F0A90903AE3747",
  "runtimes\\osx-x64\\native\\libstbi.dylib": "0B84B0A6A80178266018081C3CAB68E6",
  "runtimes\\win-arm\\native\\e_sqlite3.dll": "DACBF1FA7C1CFEF8055C4E8FC99B9A99",
  "runtimes\\win-arm64\\native\\e_sqlite3.dll": "CA76414C00D9A6298D382BD8EDF09E68",
  "runtimes\\win-x64\\native\\cimgui.dll": "D21E761E15C01BB69FDA4F35D4F0C006",
  "runtimes\\win-x64\\native\\cimguizmo.dll": "66C08281F41474F94C6086D47CC55C2E",
  "runtimes\\win-x64\\native\\cimplot.dll": "F9204627C00D6CC3472941076C3F547E",
  "runtimes\\win-x64\\native\\e_sqlite3.dll": "7C8D7D6E386C4F5EC56F6BBAB8D403CA",
  "runtimes\\win-x64\\native\\glfw3.dll": "55A1EFC1BEC3E987B010083DB99DBAA5",
  "runtimes\\win-x64\\native\\minhook.x64d.dll": "7CF961F935E2F336AC05648544BA9C82",
  "runtimes\\win-x64\\native\\SDL2.dll": "82F00518281143D32D44912DBE8C18CB",
  "runtimes\\win-x64\\native\\stbi.dll": "AFECA2A1173AC15085A2FE50DBC1AB0A",
  "runtimes\\win-x64\\native\\stbi.lib": "927C214DE576219E1F80DBE7798A0502",
  "runtimes\\win-x86\\native\\e_sqlite3.dll": "E18337A7EACFD3D7B14542DD01E901AB",
  "runtimes\\win-x86\\native\\glfw3.dll": "EE9A2F7C6B13AA3678595EEEEAC22092",
  "runtimes\\win-x86\\native\\SDL2.dll": "F79296B58699EDEFBA0F4EF435068061",
  "targets\\Dalamud.Plugin.Bootstrap.targets": "C85635161398CD9852CF7212DB7EB904",
  "targets\\Dalamud.Plugin.targets": "E2AA900DB1F6596D1C203D4112A10F5E",
  "BitFaster.Caching.dll": "CFE86476C536C0B96EB0ED74D89E5441",
  "CheapLoc.dll": "9E5FBAF92AB305C99B515AB4E1B9DBE7",
  "Costura.dll": "95B7A629AAE6AFEDE4A5C3E8A73C1243",
  "Dalamud.Boot.dll": "91CB990C1C8A7EE50505692F761053A9",
  "Dalamud.Common.dll": "C6F49FDF03D8873E3C7EB93133706C44",
  "Dalamud.deps.json": "0B36E19377BD1CB30AD7C19F0975F2D9",
  "Dalamud.dll": "5569EC69A0D8966954924EFB2B412879",
  "Dalamud.Injector.deps.json": "C1FA0941DC8B38E415776C60C508AAB9",
  "Dalamud.Injector.dll": "2C19F0525D6D31CCF89935B4FFA886B0",
  "Dalamud.Injector.exe": "441C10F527A976A0B719874945058A26",
  "Dalamud.Injector.runtimeconfig.json": "B9BB65FFE7924D4D8BABE9FA66303200",
  "Dalamud.Injector.xml": "D41E5DF541D19A015215E777D7395C9C",
  "Dalamud.runtimeconfig.json": "2A9CD915428BDD175E0889BD0C225F75",
  "Dalamud.xml": "44251F1B3F5A4796EA7A75EA325711BE",
  "DalamudCrashHandler.exe": "46FDE3C70B61CB5CAA166C3BD8441613",
  "FASM-LICENSE.TXT": "ECEA1D10811221D5F0A3E96F9C38E2C7",
  "FASM.DLL": "81D0D47DD7B1EA94FE63C76CB4C46D01",
  "FASMX64.DLL": "72DA85B911A375610681B11FF7D101B5",
  "FFXIVClientStructs.dll": "69A2CC7FFC2D40578AE8C16BF40E2D52",
  "FFXIVClientStructs.xml": "83482E8676A348ED9F8F7113C63973D0",
  "goaaats.Reloaded.Assembler.targets": "CC22CB0A353E2136EE9E6E96DB9F7164",
  "Iced.dll": "5CBB2F9F3EBAF8EE933EB98E52072626",
  "ImGui.NET.dll": "C35B221619DFBF461FA62496E79CF48B",
  "ImGuiScene.dll": "361A1679712E2CE4C72BB93B71EBA984",
  "InteropGenerator.Runtime.dll": "2786DBA694AB074953413F0078C782DD",
  "JetBrains.Annotations.dll": "72C69736CEE554E67736621F0D5D1137",
  "licenses.txt": "A159BE62AA91178EFC3E3983AE874D1D",
  "Lumina.dll": "406C0B2A1083DFE147A2E103E5CDE850",
  "Lumina.Excel.dll": "DB8759961F7DF7A5D80C4D7D1EBCE4F6",
  "Microsoft.Bcl.HashCode.dll": "613AB56061ADF2284E047025207467E0",
  "Microsoft.DotNet.PlatformAbstractions.dll": "00AB0F02B1114C57C758F5AD595224F1",
  "Microsoft.Extensions.DependencyModel.dll": "F39BC76C10CFEA478C936FC4521A9FC9",
  "Microsoft.Extensions.ObjectPool.dll": "FEE3CE8A84417360CC5ED787ED6F7DB1",
  "MinSharp.dll": "6FBDAE4F0234F2DE733219C3675070EE",
  "Mono.Cecil.dll": "5D5A60F004592E1120EECC60D6A5C53E",
  "Mono.Cecil.Mdb.dll": "372809AF792F0C5DEB89A7A5EE048FB5",
  "Mono.Cecil.Pdb.dll": "FECBCFC641EA1BEA3E354C26B51FD8DD",
  "Mono.Cecil.Rocks.dll": "0F04CAAF57E78003F0801B0AA1FE2E07",
  "nethost.dll": "012081214FE71F0F6ADCD9F4A71B2B00",
  "Newtonsoft.Json.dll": "86A83A63F12B55FD3718CFBFB577D7DC",
  "PeNet.Asn1.dll": "FF0D1C1D4777E299C15AF3557A4B766A",
  "PeNet.dll": "69B4079B2AEF7A8C787CF8510884FF8E",
  "PInvoke.AdvApi32.dll": "34EE461D05B403C3A15D0DEC32A3788C",
  "PInvoke.BCrypt.dll": "FD07758EE1440491F22923084109FF26",
  "PInvoke.Cabinet.dll": "333D950E3804735DA60CC41D614C63E2",
  "PInvoke.CfgMgr32.dll": "768BE7CC18EDCF78B296A72ABE891691",
  "PInvoke.Crypt32.dll": "E7B00B0851738F4A7F2C6D37DAA973B4",
  "PInvoke.DbgHelp.dll": "E701136169620D20E3A70B560DE20E44",
  "PInvoke.DwmApi.dll": "ACF223CC8962404056648815B486F7D9",
  "PInvoke.Gdi32.dll": "69FF434826F98582CE44D3136ECFFACB",
  "PInvoke.Hid.dll": "2E7A41257F8AD9B26073181F450CD8E5",
  "PInvoke.ImageHlp.dll": "79BE816E8D86EA66489D7780DD675D49",
  "PInvoke.IPHlpApi.dll": "E949FA3326D1BA8872B179AB4EE49D38",
  "PInvoke.Kernel32.dll": "234E15B122ED430DE99490CA1A204958",
  "PInvoke.Magnification.dll": "C9EA3D34F506741ECC044DB19C151F09",
  "PInvoke.Msi.dll": "69EE50CE2DA6B55755E52589F49A7EBC",
  "PInvoke.NCrypt.dll": "DA1DE76C14D99370CA3BEF19DC299B15",
  "PInvoke.NetApi32.dll": "AE79F9FA2E3864A5E0642AE4622ECDC5",
  "PInvoke.NewDev.dll": "B3E1992105D986EF9C5C8E4B630FBB07",
  "PInvoke.NTDll.dll": "3F6BDF840EB27DD0FD9EB8071822183A",
  "PInvoke.Ole32.dll": "3C49FB100B60519FFE725BCD12A538F6",
  "PInvoke.Psapi.dll": "A7683EE4B880227F01C8AE632A892B9E",
  "PInvoke.SetupApi.dll": "1B7AE321185D0081D1759A9AD829F9BA",
  "PInvoke.SHCore.dll": "F27E7F063D51480F6D2294C903E4A606",
  "PInvoke.Shell32.dll": "F71A1BCAF6478190691170DAEA77722F",
  "PInvoke.User32.dll": "8BEDE38311ED4F27127290B81B8079FD",
  "PInvoke.Userenv.dll": "FEB7BCA90B8C905EC2F4BB0789847131",
  "PInvoke.UxTheme.dll": "8E683C016250CB719FDB9AAAFC22B3C5",
  "PInvoke.Windows.Core.dll": "90015440A44935208FFEA9BF61740651",
  "PInvoke.Windows.ShellScalingApi.dll": "F351B34B8C9183A51CADFDC279357C49",
  "PInvoke.WinUsb.dll": "9EB8A0280F2848D1A32B560A939F7336",
  "PInvoke.WtsApi32.dll": "341C94455D2E5893DBE4293D4D67AA4D",
  "Reloaded.Assembler.dll": "48044AE9593A5666FE633489A2E76270",
  "Reloaded.Hooks.Definitions.dll": "3A6DCE23479B47FB995C39FDEAC4F013",
  "Reloaded.Hooks.dll": "63ACE65D827C5C4190CFA573BF428442",
  "Reloaded.Memory.Buffers.dll": "B3A360AFE312D0DF547C56030BC65FF9",
  "Reloaded.Memory.dll": "9A93E02F1AEF3267E40DE8199B359D4B",
  "revision.txt": "79C662560B0A5F1AE00B623AD8C775E3",
  "SDL2-CS.config": "65557595FD5DF55D93B2BF881DE62C3A",
  "SDL2-CS.dll": "6F5B9D0DEB1E56F11356D3F7B81B34F9",
  "Serilog.dll": "773ABC8C3350CD8ADA1C17236350E8C3",
  "Serilog.Sinks.Async.dll": "CA4A5268F1828FB06555091D6E4D3F20",
  "Serilog.Sinks.Console.dll": "967638D868C603871D5ACC5266EAD114",
  "Serilog.Sinks.File.dll": "F8501E22A3A0B871A475485B47E38776",
  "SharpDX.Direct3D11.dll": "62C267C2FFB0C8E3420897A8876E6E25",
  "SharpDX.dll": "7DDE17E496F7ADFAA2447CA66295D157",
  "SharpDX.DXGI.dll": "6C25C123BB20D1056DD872EBA031895B",
  "SharpDX.Mathematics.dll": "4CA0165B2E5A143C87F4F1F24163AEEB",
  "Silk.NET.Core.dll": "E553A4DE4465AC17CEE6DA00EAE62938",
  "Silk.NET.GLFW.dll": "F55A69EDB57D2A6BE7D4CB8F4ACBEE79",
  "Silk.NET.Maths.dll": "4C143F47A7CDB7738F8EBBB00C5DEE11",
  "Silk.NET.OpenGL.dll": "A163A39A462005955B8A4B09A8851BC2",
  "Silk.NET.SDL.dll": "81FBF7BE88C1FD06F786FD45A273C160",
  "Silk.NET.Windowing.Common.dll": "2ECFF4AF27EBCB792043797A7017C2BA",
  "Silk.NET.Windowing.Glfw.dll": "54578E84075F801CF9F0EA88258C0D30",
  "Silk.NET.Windowing.Sdl.dll": "DB978D36B1C0AE9F9E5E45B7C40AFA98",
  "SQLite-net.dll": "4A3807D1921672B693151B9CBAECF6DF",
  "SQLitePCLRaw.batteries_v2.dll": "7A52CDF000EC5F0F99904E81A38DCF3B",
  "SQLitePCLRaw.core.dll": "B9D66FEB2A66BE65DC92266E24205138",
  "SQLitePCLRaw.nativelibrary.dll": "DE8288EF77288B658F67E7968052AC2C",
  "SQLitePCLRaw.provider.dynamic_cdecl.dll": "6EBD5F440BF61EF64F668237AB2D91FC",
  "StbiSharp.dll": "22761B8F7396CC4A499EFA575BD2449E",
  "System.Reactive.dll": "EF5A00287AD15393D41B12AA4B726FF7",
  "System.Reflection.MetadataLoadContext.dll": "7EC41D41F4E1246757BA3E2EC862D562",
  "System.Security.Cryptography.Pkcs.dll": "8950E01996A37E808BE3F39063C37BF9",
  "TEMP_gitver.txt": "9B09A0F5CB3C2BE6E96042CC47C847EF",
  "TerraFX.Interop.Windows.dll": "84F7EF6B0DE91F8CC23F773D3FD6DEC0",
  "Validation.dll": "63D37ED7A639BEE303648CBDFE64ABAE"
}
