{
  "runtimes\\alpine-x64\\native\\libe_sqlite3.so": "39C244FEDBCD3DFC37041D4FCE1AE21D",
  "runtimes\\linux-arm\\native\\libe_sqlite3.so": "96CF54BC0EFB83D6E3F5F3E04997A59D",
  "runtimes\\linux-arm64\\native\\libe_sqlite3.so": "F079E55E7F3F9966A4A2052A3234E068",
  "runtimes\\linux-armel\\native\\libe_sqlite3.so": "C5A67D49434FC65D64E9C15778078C76",
  "runtimes\\linux-mips64\\native\\libe_sqlite3.so": "5F8461214089CFC677D46C19B7162161",
  "runtimes\\linux-musl-x64\\native\\libe_sqlite3.so": "39C244FEDBCD3DFC37041D4FCE1AE21D",
  "runtimes\\linux-x64\\native\\libe_sqlite3.so": "6F49C540D3AB9964D67A4A704C3D262D",
  "runtimes\\linux-x64\\native\\libglfw.so.3": "9E3137144F68B9E9793F4C7AD5B1BEA7",
  "runtimes\\linux-x64\\native\\libSDL2-2.0.so": "99B95A708381FC66AB2370E45A260527",
  "runtimes\\linux-x64\\native\\libstbi.so": "0945355ED59677D06E3E88F48101BB26",
  "runtimes\\linux-x86\\native\\libe_sqlite3.so": "5E0659B414CBD6DDC38C65582485853E",
  "runtimes\\osx-x64\\native\\libe_sqlite3.dylib": "F82AE134FCD1C080A69D775591406673",
  "runtimes\\osx-x64\\native\\libglfw.3.dylib": "1E30FAB2F0C40E82290AD4B0BF14A880",
  "runtimes\\osx-x64\\native\\libSDL2-2.0.dylib": "AAC958490586C67395F0A90903AE3747",
  "runtimes\\osx-x64\\native\\libstbi.dylib": "0B84B0A6A80178266018081C3CAB68E6",
  "runtimes\\win-arm\\native\\e_sqlite3.dll": "98D4BC3D725ED40609CC508CAC4E5753",
  "runtimes\\win-arm64\\native\\e_sqlite3.dll": "F5EC0491C8F52344AE3A63168F87BC3B",
  "runtimes\\win-x64\\native\\cimgui.dll": "6ACA53D28AEECB73068924FB03C18473",
  "runtimes\\win-x64\\native\\cimguizmo.dll": "2974CFB16DB8A6D36C36F280E6D2F47F",
  "runtimes\\win-x64\\native\\cimplot.dll": "AB05C7648D44E8EF6F49544FD7BE2D3E",
  "runtimes\\win-x64\\native\\e_sqlite3.dll": "08F5208A65F7E0D1D5092771FAE609B0",
  "runtimes\\win-x64\\native\\glfw3.dll": "B561FB49448713C02781919D012AAC2F",
  "runtimes\\win-x64\\native\\minhook.x64d.dll": "A876AD6E1E2544EFC2A26524D3CC8735",
  "runtimes\\win-x64\\native\\SDL2.dll": "A90EFDBD52C833F34DB33EABA796B8C2",
  "runtimes\\win-x64\\native\\stbi.dll": "DB00A8937B20F09511FD081D80E42E03",
  "runtimes\\win-x64\\native\\stbi.lib": "927C214DE576219E1F80DBE7798A0502",
  "runtimes\\win-x86\\native\\e_sqlite3.dll": "E97832C9A9EB48D2E24EFF74A46117C9",
  "runtimes\\win-x86\\native\\glfw3.dll": "6F1EA268ECBA38776978F462150B6E2E",
  "runtimes\\win-x86\\native\\SDL2.dll": "8F87C78AB514F670D49D802ED4A5FDD3",
  "targets\\Dalamud.Plugin.Bootstrap.targets": "C85635161398CD9852CF7212DB7EB904",
  "targets\\Dalamud.Plugin.targets": "E2AA900DB1F6596D1C203D4112A10F5E",
  "CheapLoc.dll": "0B53958AE8257B13028D6633C2B90FDA",
  "Costura.dll": "9874D83BEE492E5D36D433299E404307",
  "Dalamud.Boot.dll": "2787F8BFA8F3F9311E742F61D62072C1",
  "Dalamud.Common.dll": "2BCB0F3A544585A905D5187A8A12F729",
  "Dalamud.deps.json": "7C775DAA74FED44D6D4721E595ADBDE2",
  "Dalamud.dll": "6A61CF4163130732C48878D14FA9A0E7",
  "Dalamud.Injector.deps.json": "C1FA0941DC8B38E415776C60C508AAB9",
  "Dalamud.Injector.dll": "34AF1AA5552F5DC716F67CB6223DE349",
  "Dalamud.Injector.exe": "1EB0E51A3960217A1B0807793FAAC9A0",
  "Dalamud.Injector.runtimeconfig.json": "B9BB65FFE7924D4D8BABE9FA66303200",
  "Dalamud.Injector.xml": "D41E5DF541D19A015215E777D7395C9C",
  "Dalamud.runtimeconfig.json": "2A9CD915428BDD175E0889BD0C225F75",
  "Dalamud.xml": "D16D4DB0EDDE5E98E32C0FA739638B6E",
  "DalamudCrashHandler.exe": "B53CD824BB82E1C00DDC0AC5F0F7F682",
  "FASM-LICENSE.TXT": "ECEA1D10811221D5F0A3E96F9C38E2C7",
  "FASM.DLL": "9E8352D882B7EF7DAB48B23036E98D23",
  "FASMX64.DLL": "F1B8782EC3DAF22F39F8B3B0B0CD7814",
  "FFXIVClientStructs.dll": "8A44A1227BEC93AC58F93D80E751731F",
  "FFXIVClientStructs.xml": "F54DFB4ED1513FCA3664CA9F25663D75",
  "goaaats.Reloaded.Assembler.targets": "CC22CB0A353E2136EE9E6E96DB9F7164",
  "Iced.dll": "46D555ED96AE7825BB74549EABC16C3E",
  "ImGui.NET.dll": "FDE2B5273ADFB724C61E76AA89CFCA62",
  "ImGuiScene.dll": "9270AC3B65AF0AB3A92008A6CFECE3E1",
  "InteropGenerator.Runtime.dll": "6238493BFBA2587B895B21DE0E1C9C09",
  "JetBrains.Annotations.dll": "3FD619F31B74B24D28A2F2083D717544",
  "licenses.txt": "A159BE62AA91178EFC3E3983AE874D1D",
  "Lumina.dll": "12BE7E0BE14CE385C1F57B59B1F7F8B5",
  "Lumina.Excel.dll": "CEE3E088D858C7D2ADC7063E2BA721BE",
  "Microsoft.Bcl.HashCode.dll": "613AB56061ADF2284E047025207467E0",
  "Microsoft.DotNet.PlatformAbstractions.dll": "00AB0F02B1114C57C758F5AD595224F1",
  "Microsoft.Extensions.DependencyModel.dll": "F39BC76C10CFEA478C936FC4521A9FC9",
  "Microsoft.Extensions.ObjectPool.dll": "FEE3CE8A84417360CC5ED787ED6F7DB1",
  "MinSharp.dll": "3DFC2530563F9BF3209F9D49A83ECF9C",
  "Mono.Cecil.dll": "783E1D1B946F4A9132BACCA292A884F0",
  "Mono.Cecil.Mdb.dll": "B38DFBF0EEF85A2C023274CAF696C03C",
  "Mono.Cecil.Pdb.dll": "B8E8A3ACBD7C800E0164C2A084C1E19C",
  "Mono.Cecil.Rocks.dll": "A3D187C38250201FA4F01DC71FC2FBF5",
  "nethost.dll": "012081214FE71F0F6ADCD9F4A71B2B00",
  "Newtonsoft.Json.dll": "86A83A63F12B55FD3718CFBFB577D7DC",
  "PeNet.Asn1.dll": "F0875724C24AC2445F57923DEC720651",
  "PeNet.dll": "83F15499EB454DD0FAD7FB359F44FAF9",
  "PInvoke.AdvApi32.dll": "34EE461D05B403C3A15D0DEC32A3788C",
  "PInvoke.BCrypt.dll": "FD07758EE1440491F22923084109FF26",
  "PInvoke.Cabinet.dll": "333D950E3804735DA60CC41D614C63E2",
  "PInvoke.CfgMgr32.dll": "768BE7CC18EDCF78B296A72ABE891691",
  "PInvoke.Crypt32.dll": "E7B00B0851738F4A7F2C6D37DAA973B4",
  "PInvoke.DbgHelp.dll": "E701136169620D20E3A70B560DE20E44",
  "PInvoke.DwmApi.dll": "ACF223CC8962404056648815B486F7D9",
  "PInvoke.Gdi32.dll": "69FF434826F98582CE44D3136ECFFACB",
  "PInvoke.Hid.dll": "2E7A41257F8AD9B26073181F450CD8E5",
  "PInvoke.ImageHlp.dll": "79BE816E8D86EA66489D7780DD675D49",
  "PInvoke.IPHlpApi.dll": "E949FA3326D1BA8872B179AB4EE49D38",
  "PInvoke.Kernel32.dll": "234E15B122ED430DE99490CA1A204958",
  "PInvoke.Magnification.dll": "C9EA3D34F506741ECC044DB19C151F09",
  "PInvoke.Msi.dll": "69EE50CE2DA6B55755E52589F49A7EBC",
  "PInvoke.NCrypt.dll": "DA1DE76C14D99370CA3BEF19DC299B15",
  "PInvoke.NetApi32.dll": "AE79F9FA2E3864A5E0642AE4622ECDC5",
  "PInvoke.NewDev.dll": "B3E1992105D986EF9C5C8E4B630FBB07",
  "PInvoke.NTDll.dll": "3F6BDF840EB27DD0FD9EB8071822183A",
  "PInvoke.Ole32.dll": "3C49FB100B60519FFE725BCD12A538F6",
  "PInvoke.Psapi.dll": "A7683EE4B880227F01C8AE632A892B9E",
  "PInvoke.SetupApi.dll": "1B7AE321185D0081D1759A9AD829F9BA",
  "PInvoke.SHCore.dll": "F27E7F063D51480F6D2294C903E4A606",
  "PInvoke.Shell32.dll": "F71A1BCAF6478190691170DAEA77722F",
  "PInvoke.User32.dll": "8BEDE38311ED4F27127290B81B8079FD",
  "PInvoke.Userenv.dll": "FEB7BCA90B8C905EC2F4BB0789847131",
  "PInvoke.UxTheme.dll": "8E683C016250CB719FDB9AAAFC22B3C5",
  "PInvoke.Windows.Core.dll": "90015440A44935208FFEA9BF61740651",
  "PInvoke.Windows.ShellScalingApi.dll": "F351B34B8C9183A51CADFDC279357C49",
  "PInvoke.WinUsb.dll": "9EB8A0280F2848D1A32B560A939F7336",
  "PInvoke.WtsApi32.dll": "341C94455D2E5893DBE4293D4D67AA4D",
  "Reloaded.Assembler.dll": "5F4233576307FEC4F6C96A79D4703818",
  "Reloaded.Hooks.Definitions.dll": "2FBD845B3D51EC6D88D2FDF6818C67CE",
  "Reloaded.Hooks.dll": "D3E08A23DB270B7C74968C4FE4BBCB0B",
  "Reloaded.Memory.Buffers.dll": "7CF0158C62189915BF67D9791DCDDCA7",
  "Reloaded.Memory.dll": "018FFB8F332EC42410517E780AFB2D22",
  "revision.txt": "2FE5A27CDE066C0B65ACB8F2C1717464",
  "SDL2-CS.config": "65557595FD5DF55D93B2BF881DE62C3A",
  "SDL2-CS.dll": "FD1B5E6D60DE8FC73F55E4F53B4C3E1C",
  "Serilog.dll": "71E111122C3516E31B51959EC9A84A31",
  "Serilog.Sinks.Async.dll": "31BB37122B7DFD8044C1CC8725693C95",
  "Serilog.Sinks.Console.dll": "2B6C95C67E3C47A828911C968C2001EE",
  "Serilog.Sinks.File.dll": "26A5C3E791EAFD34C34581B7620E2294",
  "SharpDX.Direct3D11.dll": "1076AEFA65A79428DB7E4AC5D1548858",
  "SharpDX.dll": "5124EA3DCE566B92B47282A837D18C6F",
  "SharpDX.DXGI.dll": "66352FEDD7CBF3D14B7A307D40ADFD78",
  "SharpDX.Mathematics.dll": "72818E54AB825726975CA0B4066F4030",
  "Silk.NET.Core.dll": "620F2EBFFCF394F47F590872D0202DF1",
  "Silk.NET.GLFW.dll": "23618C00625C3CE7321A4FC2267231DE",
  "Silk.NET.Maths.dll": "CC62126AC4DB90F18BC71C4E2B0F6067",
  "Silk.NET.OpenGL.dll": "4D2003B6A2EC3D5B6D4F0950BCC1C9C6",
  "Silk.NET.SDL.dll": "386A2775CB288E2CDEC82B1EC23CE76C",
  "Silk.NET.Windowing.Common.dll": "60519DD60670A67877651689C5242709",
  "Silk.NET.Windowing.Glfw.dll": "49DFBED70D1A12476951DA94051E2A92",
  "Silk.NET.Windowing.Sdl.dll": "94821E8CD5CE02F75426BAB9D71D2D8E",
  "SQLite-net.dll": "D34BD738F40ABC44DC5CD437E7F07335",
  "SQLitePCLRaw.batteries_v2.dll": "0AAECCF756DD86AFBE2F7DF9F79CC3CA",
  "SQLitePCLRaw.core.dll": "27A0125C13B6A9EDEB9F0549A8EEB190",
  "SQLitePCLRaw.nativelibrary.dll": "0218DD148F5D60E9C263B46CCCBA927B",
  "SQLitePCLRaw.provider.dynamic_cdecl.dll": "FC6A5688BAF9E959D4BAC90AE542B644",
  "StbiSharp.dll": "82FF53F9F89BC2667C05B301F9101343",
  "System.Reactive.dll": "EF5A00287AD15393D41B12AA4B726FF7",
  "System.Reflection.MetadataLoadContext.dll": "7EC41D41F4E1246757BA3E2EC862D562",
  "System.Security.Cryptography.Pkcs.dll": "8950E01996A37E808BE3F39063C37BF9",
  "TEMP_gitver.txt": "73CBCC433785989C155C231D8E894AB3",
  "TerraFX.Interop.Windows.dll": "84F7EF6B0DE91F8CC23F773D3FD6DEC0",
  "Validation.dll": "02242855276EE9774B88D9752E83D588"
}
