{
  "runtimes\\alpine-x64\\native\\libe_sqlite3.so": "39C244FEDBCD3DFC37041D4FCE1AE21D",
  "runtimes\\linux-arm\\native\\libe_sqlite3.so": "96CF54BC0EFB83D6E3F5F3E04997A59D",
  "runtimes\\linux-arm64\\native\\libe_sqlite3.so": "F079E55E7F3F9966A4A2052A3234E068",
  "runtimes\\linux-armel\\native\\libe_sqlite3.so": "C5A67D49434FC65D64E9C15778078C76",
  "runtimes\\linux-mips64\\native\\libe_sqlite3.so": "5F8461214089CFC677D46C19B7162161",
  "runtimes\\linux-musl-x64\\native\\libe_sqlite3.so": "39C244FEDBCD3DFC37041D4FCE1AE21D",
  "runtimes\\linux-x64\\native\\libe_sqlite3.so": "6F49C540D3AB9964D67A4A704C3D262D",
  "runtimes\\linux-x64\\native\\libglfw.so.3": "9E3137144F68B9E9793F4C7AD5B1BEA7",
  "runtimes\\linux-x64\\native\\libSDL2-2.0.so": "99B95A708381FC66AB2370E45A260527",
  "runtimes\\linux-x64\\native\\libstbi.so": "0945355ED59677D06E3E88F48101BB26",
  "runtimes\\linux-x86\\native\\libe_sqlite3.so": "5E0659B414CBD6DDC38C65582485853E",
  "runtimes\\osx-x64\\native\\libe_sqlite3.dylib": "F82AE134FCD1C080A69D775591406673",
  "runtimes\\osx-x64\\native\\libglfw.3.dylib": "1E30FAB2F0C40E82290AD4B0BF14A880",
  "runtimes\\osx-x64\\native\\libSDL2-2.0.dylib": "AAC958490586C67395F0A90903AE3747",
  "runtimes\\osx-x64\\native\\libstbi.dylib": "0B84B0A6A80178266018081C3CAB68E6",
  "runtimes\\win-arm\\native\\e_sqlite3.dll": "7598F91F3E3E73039DA27287E5CB27D8",
  "runtimes\\win-arm64\\native\\e_sqlite3.dll": "6D9D89DA50F633B834C46B16A8EF284F",
  "runtimes\\win-x64\\native\\cimgui.dll": "F73E574C278CC0749E8D919A49528B4D",
  "runtimes\\win-x64\\native\\cimguizmo.dll": "416A997822C1CBD639B27A799A4369A2",
  "runtimes\\win-x64\\native\\cimplot.dll": "AA8164E2C1D0A4FA44F1E0DF74B48484",
  "runtimes\\win-x64\\native\\e_sqlite3.dll": "1B2D3F4E69D9D992D1418F8D24318BFF",
  "runtimes\\win-x64\\native\\glfw3.dll": "CE69F979EBBAF5F3A3338157915CB58E",
  "runtimes\\win-x64\\native\\minhook.x64d.dll": "9932881752960901B61398DABD142EE8",
  "runtimes\\win-x64\\native\\SDL2.dll": "79062D5A944C6A41DD2554BCBA9B8C0E",
  "runtimes\\win-x64\\native\\stbi.dll": "BCD441E3B268D14B4C3488C64A8D3D3E",
  "runtimes\\win-x64\\native\\stbi.lib": "927C214DE576219E1F80DBE7798A0502",
  "runtimes\\win-x86\\native\\e_sqlite3.dll": "A3DB42D2E87E92D0AB1C459F81634A60",
  "runtimes\\win-x86\\native\\glfw3.dll": "860F2A7580DBCAF852B36F66FF8C6688",
  "runtimes\\win-x86\\native\\SDL2.dll": "C21E846158A88FB5E5A7FF3C5FB21624",
  "targets\\Dalamud.Plugin.Bootstrap.targets": "C85635161398CD9852CF7212DB7EB904",
  "targets\\Dalamud.Plugin.targets": "E2AA900DB1F6596D1C203D4112A10F5E",
  "BitFaster.Caching.dll": "044765642D8AFB3F86F3EEF32F1EA592",
  "CheapLoc.dll": "2660E98A305EB08EC9B70481E3DEAC5A",
  "Costura.dll": "7CD154A48E7BA466209125A474374E8E",
  "Dalamud.Boot.dll": "4BCA38380FC1615420A4657A2DD46AC0",
  "Dalamud.Common.dll": "2CE57167C8FFD1B648992401811BCEE5",
  "Dalamud.deps.json": "A7CE34B7093292A9559F5E31C4891359",
  "Dalamud.dll": "6F5F5ABD6CE8872A2C3CED788D09A051",
  "Dalamud.Injector.deps.json": "C1FA0941DC8B38E415776C60C508AAB9",
  "Dalamud.Injector.dll": "8329498CD8D8612FBE39A72EEBF3A428",
  "Dalamud.Injector.exe": "6EBE03D45FF927CC9A54A1346FBF8280",
  "Dalamud.Injector.runtimeconfig.json": "B9BB65FFE7924D4D8BABE9FA66303200",
  "Dalamud.Injector.xml": "D41E5DF541D19A015215E777D7395C9C",
  "Dalamud.runtimeconfig.json": "2A9CD915428BDD175E0889BD0C225F75",
  "Dalamud.xml": "12E56D1D2DFC9042B1E35F2B135AB57F",
  "DalamudCrashHandler.exe": "0378A59029B3187EE844317D1B25504D",
  "FASM-LICENSE.TXT": "ECEA1D10811221D5F0A3E96F9C38E2C7",
  "FASM.DLL": "D9DDBDCE6A7D97EB5EC1DD1D9381ABBC",
  "FASMX64.DLL": "50C57EE688F4C216FD1968C2D4DCA987",
  "FFXIVClientStructs.dll": "33FBA98FD88C7286BD6514198CEAEAD2",
  "FFXIVClientStructs.xml": "41B497536B8171A8D6B4F4A66CA9D7B9",
  "goaaats.Reloaded.Assembler.targets": "CC22CB0A353E2136EE9E6E96DB9F7164",
  "Iced.dll": "F965FA01411CA355336F94E3133CE2BF",
  "ImGui.NET.dll": "3F68C30329FF29DD3422173D0AE08501",
  "ImGuiScene.dll": "0E7E755785188E24A3FA24A0084E11D1",
  "InteropGenerator.Runtime.dll": "1CB352751E40E0E450C3D14BB86EA23C",
  "JetBrains.Annotations.dll": "4A4D668BFC15E7C364514CD5887F1F80",
  "licenses.txt": "A159BE62AA91178EFC3E3983AE874D1D",
  "Lumina.dll": "2CCAA0963187BAE2EEAE948C60470002",
  "Lumina.Excel.dll": "65D03D7A76CE3DBAB03A2F3859D2537E",
  "Microsoft.Bcl.HashCode.dll": "613AB56061ADF2284E047025207467E0",
  "Microsoft.DotNet.PlatformAbstractions.dll": "00AB0F02B1114C57C758F5AD595224F1",
  "Microsoft.Extensions.DependencyModel.dll": "F39BC76C10CFEA478C936FC4521A9FC9",
  "Microsoft.Extensions.ObjectPool.dll": "FEE3CE8A84417360CC5ED787ED6F7DB1",
  "MinSharp.dll": "A26E5BCBE217D4384F139AA263D429BE",
  "Mono.Cecil.dll": "3D1277470272801E9913176CE390FF6F",
  "Mono.Cecil.Mdb.dll": "50D187D6646A8C14826882509CCAAD77",
  "Mono.Cecil.Pdb.dll": "FDCE55A21D2AAB262CE7CF5E23810A09",
  "Mono.Cecil.Rocks.dll": "A031866F33404BCA7F1AC3FDE31234F6",
  "nethost.dll": "012081214FE71F0F6ADCD9F4A71B2B00",
  "Newtonsoft.Json.dll": "86A83A63F12B55FD3718CFBFB577D7DC",
  "PeNet.Asn1.dll": "B2C72EBB76DFE4E6B3070A80439DECAD",
  "PeNet.dll": "35AAF7CAB050589249DD685CF2D4B8E0",
  "PInvoke.AdvApi32.dll": "34EE461D05B403C3A15D0DEC32A3788C",
  "PInvoke.BCrypt.dll": "FD07758EE1440491F22923084109FF26",
  "PInvoke.Cabinet.dll": "333D950E3804735DA60CC41D614C63E2",
  "PInvoke.CfgMgr32.dll": "768BE7CC18EDCF78B296A72ABE891691",
  "PInvoke.Crypt32.dll": "E7B00B0851738F4A7F2C6D37DAA973B4",
  "PInvoke.DbgHelp.dll": "E701136169620D20E3A70B560DE20E44",
  "PInvoke.DwmApi.dll": "ACF223CC8962404056648815B486F7D9",
  "PInvoke.Gdi32.dll": "69FF434826F98582CE44D3136ECFFACB",
  "PInvoke.Hid.dll": "2E7A41257F8AD9B26073181F450CD8E5",
  "PInvoke.ImageHlp.dll": "79BE816E8D86EA66489D7780DD675D49",
  "PInvoke.IPHlpApi.dll": "E949FA3326D1BA8872B179AB4EE49D38",
  "PInvoke.Kernel32.dll": "234E15B122ED430DE99490CA1A204958",
  "PInvoke.Magnification.dll": "C9EA3D34F506741ECC044DB19C151F09",
  "PInvoke.Msi.dll": "69EE50CE2DA6B55755E52589F49A7EBC",
  "PInvoke.NCrypt.dll": "DA1DE76C14D99370CA3BEF19DC299B15",
  "PInvoke.NetApi32.dll": "AE79F9FA2E3864A5E0642AE4622ECDC5",
  "PInvoke.NewDev.dll": "B3E1992105D986EF9C5C8E4B630FBB07",
  "PInvoke.NTDll.dll": "3F6BDF840EB27DD0FD9EB8071822183A",
  "PInvoke.Ole32.dll": "3C49FB100B60519FFE725BCD12A538F6",
  "PInvoke.Psapi.dll": "A7683EE4B880227F01C8AE632A892B9E",
  "PInvoke.SetupApi.dll": "1B7AE321185D0081D1759A9AD829F9BA",
  "PInvoke.SHCore.dll": "F27E7F063D51480F6D2294C903E4A606",
  "PInvoke.Shell32.dll": "F71A1BCAF6478190691170DAEA77722F",
  "PInvoke.User32.dll": "8BEDE38311ED4F27127290B81B8079FD",
  "PInvoke.Userenv.dll": "FEB7BCA90B8C905EC2F4BB0789847131",
  "PInvoke.UxTheme.dll": "8E683C016250CB719FDB9AAAFC22B3C5",
  "PInvoke.Windows.Core.dll": "90015440A44935208FFEA9BF61740651",
  "PInvoke.Windows.ShellScalingApi.dll": "F351B34B8C9183A51CADFDC279357C49",
  "PInvoke.WinUsb.dll": "9EB8A0280F2848D1A32B560A939F7336",
  "PInvoke.WtsApi32.dll": "341C94455D2E5893DBE4293D4D67AA4D",
  "Reloaded.Assembler.dll": "3C8ABA03F9B0824DE53F3E4949680127",
  "Reloaded.Hooks.Definitions.dll": "47174DB4BD81ACB9937952DF8D609626",
  "Reloaded.Hooks.dll": "55B010E40A0A67C8ABAFAA50D70A00B7",
  "Reloaded.Memory.Buffers.dll": "D9FB1C330FD21952F65519FC4065FDCF",
  "Reloaded.Memory.dll": "D8BBFF574416147A33A792572FC92097",
  "revision.txt": "F02208A057804EE16AC72FF4D3CEC53B",
  "SDL2-CS.config": "65557595FD5DF55D93B2BF881DE62C3A",
  "SDL2-CS.dll": "EF648420A369701B63BF0788DF24331E",
  "Serilog.dll": "E573E3B2AB7FD28601DD5C50AF639123",
  "Serilog.Sinks.Async.dll": "2A554709751F438579D8494AA74E3B5E",
  "Serilog.Sinks.Console.dll": "2C898A6E880CF35872EACF3EE41CE24C",
  "Serilog.Sinks.File.dll": "98344DAF171915915A0711F2D615B986",
  "SharpDX.Direct3D11.dll": "6BDDE2F9C466FB5466F2A6BA837BC6A4",
  "SharpDX.dll": "3A1D52E369EFE4A009F1A431D9B1EE3C",
  "SharpDX.DXGI.dll": "B89CE9B848A5B3CEB23CECCA94BACD7C",
  "SharpDX.Mathematics.dll": "4E6505A71BC0D7505227D1A99388AF46",
  "Silk.NET.Core.dll": "134BFDA022CB21B6E733E94238BB225F",
  "Silk.NET.GLFW.dll": "5E6911E4EB814E6942EBF7B9F0400A3A",
  "Silk.NET.Maths.dll": "B63105CD4E07DBF8A2351769BFF8A60B",
  "Silk.NET.OpenGL.dll": "C151F80C5B591C8BF76489708ABB7A55",
  "Silk.NET.SDL.dll": "F2D115771E872ACD74469685060E2D00",
  "Silk.NET.Windowing.Common.dll": "EB9F7C1397D1939800B772A006F07C51",
  "Silk.NET.Windowing.Glfw.dll": "56FBEDE43D5079B17CEC4008D4FDB1ED",
  "Silk.NET.Windowing.Sdl.dll": "81C12D1D797EEED7E496C7C7B930957A",
  "SQLite-net.dll": "C2DD73431535BE78FC8FBA3FD2368EA9",
  "SQLitePCLRaw.batteries_v2.dll": "D24FCFD00565A8AD487FE896EA146A56",
  "SQLitePCLRaw.core.dll": "5A9AE26BBB584A4130FD9E462E045F11",
  "SQLitePCLRaw.nativelibrary.dll": "A5B0CAE6F296AA1D92F5238793268C30",
  "SQLitePCLRaw.provider.dynamic_cdecl.dll": "8FFD1FD280B422F84F23EB97C246E1DD",
  "StbiSharp.dll": "6752A42261C55311C6EAAD64F517405B",
  "System.Reactive.dll": "EF5A00287AD15393D41B12AA4B726FF7",
  "System.Reflection.MetadataLoadContext.dll": "7EC41D41F4E1246757BA3E2EC862D562",
  "System.Security.Cryptography.Pkcs.dll": "8950E01996A37E808BE3F39063C37BF9",
  "TEMP_gitver.txt": "4E1AA27937072AEA18DED0C8A7089ACC",
  "TerraFX.Interop.Windows.dll": "84F7EF6B0DE91F8CC23F773D3FD6DEC0",
  "Validation.dll": "1524338E1541639C21E1BEBBC66C2898"
}
