{
  "runtimes\\alpine-x64\\native\\libe_sqlite3.so": "39C244FEDBCD3DFC37041D4FCE1AE21D",
  "runtimes\\linux-arm\\native\\libe_sqlite3.so": "96CF54BC0EFB83D6E3F5F3E04997A59D",
  "runtimes\\linux-arm64\\native\\libe_sqlite3.so": "F079E55E7F3F9966A4A2052A3234E068",
  "runtimes\\linux-armel\\native\\libe_sqlite3.so": "C5A67D49434FC65D64E9C15778078C76",
  "runtimes\\linux-mips64\\native\\libe_sqlite3.so": "5F8461214089CFC677D46C19B7162161",
  "runtimes\\linux-musl-x64\\native\\libe_sqlite3.so": "39C244FEDBCD3DFC37041D4FCE1AE21D",
  "runtimes\\linux-x64\\native\\libe_sqlite3.so": "6F49C540D3AB9964D67A4A704C3D262D",
  "runtimes\\linux-x64\\native\\libglfw.so.3": "9E3137144F68B9E9793F4C7AD5B1BEA7",
  "runtimes\\linux-x64\\native\\libSDL2-2.0.so": "99B95A708381FC66AB2370E45A260527",
  "runtimes\\linux-x64\\native\\libstbi.so": "0945355ED59677D06E3E88F48101BB26",
  "runtimes\\linux-x86\\native\\libe_sqlite3.so": "5E0659B414CBD6DDC38C65582485853E",
  "runtimes\\osx-x64\\native\\libe_sqlite3.dylib": "F82AE134FCD1C080A69D775591406673",
  "runtimes\\osx-x64\\native\\libglfw.3.dylib": "1E30FAB2F0C40E82290AD4B0BF14A880",
  "runtimes\\osx-x64\\native\\libSDL2-2.0.dylib": "AAC958490586C67395F0A90903AE3747",
  "runtimes\\osx-x64\\native\\libstbi.dylib": "0B84B0A6A80178266018081C3CAB68E6",
  "runtimes\\win-arm\\native\\e_sqlite3.dll": "79EC5C439B72806E7B718536A3B832C2",
  "runtimes\\win-arm64\\native\\e_sqlite3.dll": "FFF51654E6DD16D36E2A308DBFD01E6C",
  "runtimes\\win-x64\\native\\cimgui.dll": "F6D6A629D53E4A8128C89F69F5670ED0",
  "runtimes\\win-x64\\native\\cimguizmo.dll": "C7E095FBEDA6B27958D82323F1D62120",
  "runtimes\\win-x64\\native\\cimplot.dll": "50DE7F26774862349E78D939A6451F6B",
  "runtimes\\win-x64\\native\\e_sqlite3.dll": "7A262B68E99A22BED2696106B0A6A694",
  "runtimes\\win-x64\\native\\glfw3.dll": "53F4AB49B16CC36B1D7AB20304F756CB",
  "runtimes\\win-x64\\native\\minhook.x64d.dll": "27EF088B7A9509F79BEDBADCB3F13C44",
  "runtimes\\win-x64\\native\\SDL2.dll": "62DE897B1FEE948EC7B23CAEBB897BD8",
  "runtimes\\win-x64\\native\\stbi.dll": "261410459811389CFBE7079801582BEB",
  "runtimes\\win-x64\\native\\stbi.lib": "927C214DE576219E1F80DBE7798A0502",
  "runtimes\\win-x86\\native\\e_sqlite3.dll": "BFB47160CAE9AAFF42CA46AB5E1F1994",
  "runtimes\\win-x86\\native\\glfw3.dll": "C62372008A4BCE06E51AA9D63AB30EC7",
  "runtimes\\win-x86\\native\\SDL2.dll": "F8EC111FC9A78C29296D79BC444BD4F5",
  "targets\\Dalamud.Plugin.Bootstrap.targets": "C85635161398CD9852CF7212DB7EB904",
  "targets\\Dalamud.Plugin.targets": "E2AA900DB1F6596D1C203D4112A10F5E",
  "BitFaster.Caching.dll": "C823A87C54D0AF3161F1B6EC09457F73",
  "CheapLoc.dll": "4794477A5AD65184587DBF339D4994D4",
  "Costura.dll": "98F3DED13071E1070E164FA60B7906CB",
  "Dalamud.Boot.dll": "3A52C9E985AB8AC28745D490656ED59D",
  "Dalamud.Common.dll": "F317012FAF3F64C90F5A7E66E5969E48",
  "Dalamud.deps.json": "0B36E19377BD1CB30AD7C19F0975F2D9",
  "Dalamud.dll": "90C3A34C3E0B0C2B1A0A6AAB916AFBD7",
  "Dalamud.Injector.deps.json": "C1FA0941DC8B38E415776C60C508AAB9",
  "Dalamud.Injector.dll": "B167B2E4B8CF8E2958F1337DF791307A",
  "Dalamud.Injector.exe": "EDD97F1AD26B9754EBD67C11E2755563",
  "Dalamud.Injector.runtimeconfig.json": "B9BB65FFE7924D4D8BABE9FA66303200",
  "Dalamud.Injector.xml": "D41E5DF541D19A015215E777D7395C9C",
  "Dalamud.runtimeconfig.json": "2A9CD915428BDD175E0889BD0C225F75",
  "Dalamud.xml": "3B346931A89005E247CAD679D89B9A8A",
  "DalamudCrashHandler.exe": "E81929614C0621627CE47B65BB832E4F",
  "FASM-LICENSE.TXT": "ECEA1D10811221D5F0A3E96F9C38E2C7",
  "FASM.DLL": "57D20A8604701290028E3366861159E5",
  "FASMX64.DLL": "9A38E16D92B38DEA2BF61D15A6D4B12C",
  "FFXIVClientStructs.dll": "807E25FE24E5E8D3B828DB4DB9B14DF8",
  "FFXIVClientStructs.xml": "56B5B92DBE4F425DE4B0EE17C2CE3603",
  "goaaats.Reloaded.Assembler.targets": "CC22CB0A353E2136EE9E6E96DB9F7164",
  "Iced.dll": "8619F79538FA99B532A3ADFD6B73291A",
  "ImGui.NET.dll": "4DD8B9E219B97039A6B0CDA732CCF277",
  "ImGuiScene.dll": "8D0422F5D39946E1ECC844F0DEFE8DD6",
  "InteropGenerator.Runtime.dll": "61BFF60EFC41B288BECCB78C53455309",
  "JetBrains.Annotations.dll": "C2F2C24B4046E46E2BB2888464F52F86",
  "licenses.txt": "A159BE62AA91178EFC3E3983AE874D1D",
  "Lumina.dll": "AC6BEF1D6A372012B4F0797AA45262D0",
  "Lumina.Excel.dll": "7E17F0F9A9352B7486D25CCCDACB71D2",
  "Microsoft.Bcl.HashCode.dll": "613AB56061ADF2284E047025207467E0",
  "Microsoft.DotNet.PlatformAbstractions.dll": "00AB0F02B1114C57C758F5AD595224F1",
  "Microsoft.Extensions.DependencyModel.dll": "F39BC76C10CFEA478C936FC4521A9FC9",
  "Microsoft.Extensions.ObjectPool.dll": "FEE3CE8A84417360CC5ED787ED6F7DB1",
  "MinSharp.dll": "16902BD2F4691741C4CD5E0BAD1BB993",
  "Mono.Cecil.dll": "9F8EA57B854E968493EE4F09E4E41F49",
  "Mono.Cecil.Mdb.dll": "E6ED7128188AB531D468C86FADF6D5F3",
  "Mono.Cecil.Pdb.dll": "C92DCCFAA7A33AD8993ED4BB9E156406",
  "Mono.Cecil.Rocks.dll": "A691670744C65B7DDDD5ECDED8601C90",
  "nethost.dll": "012081214FE71F0F6ADCD9F4A71B2B00",
  "Newtonsoft.Json.dll": "86A83A63F12B55FD3718CFBFB577D7DC",
  "PeNet.Asn1.dll": "6BE1A194C67F62078C7F998E5ED2194B",
  "PeNet.dll": "5795924BE322A0884302DF55D081E2D7",
  "PInvoke.AdvApi32.dll": "34EE461D05B403C3A15D0DEC32A3788C",
  "PInvoke.BCrypt.dll": "FD07758EE1440491F22923084109FF26",
  "PInvoke.Cabinet.dll": "333D950E3804735DA60CC41D614C63E2",
  "PInvoke.CfgMgr32.dll": "768BE7CC18EDCF78B296A72ABE891691",
  "PInvoke.Crypt32.dll": "E7B00B0851738F4A7F2C6D37DAA973B4",
  "PInvoke.DbgHelp.dll": "E701136169620D20E3A70B560DE20E44",
  "PInvoke.DwmApi.dll": "ACF223CC8962404056648815B486F7D9",
  "PInvoke.Gdi32.dll": "69FF434826F98582CE44D3136ECFFACB",
  "PInvoke.Hid.dll": "2E7A41257F8AD9B26073181F450CD8E5",
  "PInvoke.ImageHlp.dll": "79BE816E8D86EA66489D7780DD675D49",
  "PInvoke.IPHlpApi.dll": "E949FA3326D1BA8872B179AB4EE49D38",
  "PInvoke.Kernel32.dll": "234E15B122ED430DE99490CA1A204958",
  "PInvoke.Magnification.dll": "C9EA3D34F506741ECC044DB19C151F09",
  "PInvoke.Msi.dll": "69EE50CE2DA6B55755E52589F49A7EBC",
  "PInvoke.NCrypt.dll": "DA1DE76C14D99370CA3BEF19DC299B15",
  "PInvoke.NetApi32.dll": "AE79F9FA2E3864A5E0642AE4622ECDC5",
  "PInvoke.NewDev.dll": "B3E1992105D986EF9C5C8E4B630FBB07",
  "PInvoke.NTDll.dll": "3F6BDF840EB27DD0FD9EB8071822183A",
  "PInvoke.Ole32.dll": "3C49FB100B60519FFE725BCD12A538F6",
  "PInvoke.Psapi.dll": "A7683EE4B880227F01C8AE632A892B9E",
  "PInvoke.SetupApi.dll": "1B7AE321185D0081D1759A9AD829F9BA",
  "PInvoke.SHCore.dll": "F27E7F063D51480F6D2294C903E4A606",
  "PInvoke.Shell32.dll": "F71A1BCAF6478190691170DAEA77722F",
  "PInvoke.User32.dll": "8BEDE38311ED4F27127290B81B8079FD",
  "PInvoke.Userenv.dll": "FEB7BCA90B8C905EC2F4BB0789847131",
  "PInvoke.UxTheme.dll": "8E683C016250CB719FDB9AAAFC22B3C5",
  "PInvoke.Windows.Core.dll": "90015440A44935208FFEA9BF61740651",
  "PInvoke.Windows.ShellScalingApi.dll": "F351B34B8C9183A51CADFDC279357C49",
  "PInvoke.WinUsb.dll": "9EB8A0280F2848D1A32B560A939F7336",
  "PInvoke.WtsApi32.dll": "341C94455D2E5893DBE4293D4D67AA4D",
  "Reloaded.Assembler.dll": "D215AF687D8A58AC17BD779679B1574C",
  "Reloaded.Hooks.Definitions.dll": "69CF426A6084A54B0262CE78D9A294D5",
  "Reloaded.Hooks.dll": "BAA400EABE250D6AFACE87567413DEBE",
  "Reloaded.Memory.Buffers.dll": "30A4AE3B0A49953C1F8AE652594FB7F2",
  "Reloaded.Memory.dll": "B53431D71E89E000875E6E34D07C4542",
  "revision.txt": "744878FBDD26871C594F57CA61733E09",
  "SDL2-CS.config": "65557595FD5DF55D93B2BF881DE62C3A",
  "SDL2-CS.dll": "44CBDD740A4DF12B053C51C0D7F30882",
  "Serilog.dll": "554FFA07CF6AEBC2A07BB14622A4323B",
  "Serilog.Sinks.Async.dll": "86B9751E9521B9CC57E633C67C4F2D93",
  "Serilog.Sinks.Console.dll": "96B58E9FBDBA0ACEF9C0323843CC4A6D",
  "Serilog.Sinks.File.dll": "C5FD5A7A56F59B385994C5C7CDCC69C2",
  "SharpDX.Direct3D11.dll": "F9E06DC7E8C234D42AAFDA20A3C71F34",
  "SharpDX.dll": "2E1F47B00424D7EEADD1E4AC085A89C9",
  "SharpDX.DXGI.dll": "4C1D6237E45C2571C6FE96FE08A54E7B",
  "SharpDX.Mathematics.dll": "E848244FEB6C07DC53C583A3E99ABA9C",
  "Silk.NET.Core.dll": "F4D26A78FBB67AEC5AE456F444AAFDE0",
  "Silk.NET.GLFW.dll": "E701A44723934B89B6B38CF1CD846822",
  "Silk.NET.Maths.dll": "439218E53DF65E4B52B26480A5EE01D3",
  "Silk.NET.OpenGL.dll": "96B0ECCEBFEA9C2B5A9A8E66DB1717B5",
  "Silk.NET.SDL.dll": "772B7595A89BF921648A8429BB714E1A",
  "Silk.NET.Windowing.Common.dll": "EA315D1C327F5CB417557CA56C86689F",
  "Silk.NET.Windowing.Glfw.dll": "540FF64A763147833E8614002DE20288",
  "Silk.NET.Windowing.Sdl.dll": "13391CA9B5AD9AFE9818741A59672A2D",
  "SQLite-net.dll": "6F826826D5FB87452571F93A498D7C96",
  "SQLitePCLRaw.batteries_v2.dll": "D66D0B1D8422B983E5DBDFE31D07C856",
  "SQLitePCLRaw.core.dll": "69B896F7B014A8D7001B12EDB15BFAF9",
  "SQLitePCLRaw.nativelibrary.dll": "5BAFF9ED7E9DF0DF72BD9D2D54B06BA8",
  "SQLitePCLRaw.provider.dynamic_cdecl.dll": "82ACF335523441D34C1884E81EE1F76C",
  "StbiSharp.dll": "A196AE7BCA53E9BEBC3B0FEA924CADF1",
  "System.Reactive.dll": "EF5A00287AD15393D41B12AA4B726FF7",
  "System.Reflection.MetadataLoadContext.dll": "7EC41D41F4E1246757BA3E2EC862D562",
  "System.Security.Cryptography.Pkcs.dll": "8950E01996A37E808BE3F39063C37BF9",
  "TEMP_gitver.txt": "1C27C186606E11E58857CF28A072BA45",
  "TerraFX.Interop.Windows.dll": "84F7EF6B0DE91F8CC23F773D3FD6DEC0",
  "Validation.dll": "65CE26CD505A147B62565B2FF1D86BA7"
}
