{
  "runtimes\\alpine-x64\\native\\libe_sqlite3.so": "39C244FEDBCD3DFC37041D4FCE1AE21D",
  "runtimes\\linux-arm\\native\\libe_sqlite3.so": "96CF54BC0EFB83D6E3F5F3E04997A59D",
  "runtimes\\linux-arm64\\native\\libe_sqlite3.so": "F079E55E7F3F9966A4A2052A3234E068",
  "runtimes\\linux-armel\\native\\libe_sqlite3.so": "C5A67D49434FC65D64E9C15778078C76",
  "runtimes\\linux-mips64\\native\\libe_sqlite3.so": "5F8461214089CFC677D46C19B7162161",
  "runtimes\\linux-musl-x64\\native\\libe_sqlite3.so": "39C244FEDBCD3DFC37041D4FCE1AE21D",
  "runtimes\\linux-x64\\native\\libe_sqlite3.so": "6F49C540D3AB9964D67A4A704C3D262D",
  "runtimes\\linux-x64\\native\\libglfw.so.3": "9E3137144F68B9E9793F4C7AD5B1BEA7",
  "runtimes\\linux-x64\\native\\libSDL2-2.0.so": "99B95A708381FC66AB2370E45A260527",
  "runtimes\\linux-x64\\native\\libstbi.so": "0945355ED59677D06E3E88F48101BB26",
  "runtimes\\linux-x86\\native\\libe_sqlite3.so": "5E0659B414CBD6DDC38C65582485853E",
  "runtimes\\osx-x64\\native\\libe_sqlite3.dylib": "F82AE134FCD1C080A69D775591406673",
  "runtimes\\osx-x64\\native\\libglfw.3.dylib": "1E30FAB2F0C40E82290AD4B0BF14A880",
  "runtimes\\osx-x64\\native\\libSDL2-2.0.dylib": "AAC958490586C67395F0A90903AE3747",
  "runtimes\\osx-x64\\native\\libstbi.dylib": "0B84B0A6A80178266018081C3CAB68E6",
  "runtimes\\win-arm\\native\\e_sqlite3.dll": "C5796B38728A333CD2524369191F79D3",
  "runtimes\\win-arm64\\native\\e_sqlite3.dll": "CC65F59C77F91694D2220F2DEBB401F4",
  "runtimes\\win-x64\\native\\cimgui.dll": "AB51CBB397AD3F3D34319BFC3986E656",
  "runtimes\\win-x64\\native\\cimguizmo.dll": "BB96E40F41B4938D7F166C0A064FA4EC",
  "runtimes\\win-x64\\native\\cimplot.dll": "1E87AFFC1A9260D67A2F30ED167FB833",
  "runtimes\\win-x64\\native\\e_sqlite3.dll": "E79F97EDA28E24D939AF44826714C73B",
  "runtimes\\win-x64\\native\\glfw3.dll": "9C6387A87E1086865EAABE260F84E93A",
  "runtimes\\win-x64\\native\\minhook.x64d.dll": "0409A430B01FF4361CDBFB620FCDCBDA",
  "runtimes\\win-x64\\native\\SDL2.dll": "559FF2E1EBA0D8C1E3856EAFD4BB9C5D",
  "runtimes\\win-x64\\native\\stbi.dll": "B84B75C65084602058B0A971C31C541A",
  "runtimes\\win-x64\\native\\stbi.lib": "927C214DE576219E1F80DBE7798A0502",
  "runtimes\\win-x86\\native\\e_sqlite3.dll": "05C129178A88E9ED30061320DF6DC182",
  "runtimes\\win-x86\\native\\glfw3.dll": "0930CCE9F48F3B5725A2BE1C76438C02",
  "runtimes\\win-x86\\native\\SDL2.dll": "ECE2DD3EDDBE4F00E73FF9BB498A7BDB",
  "targets\\Dalamud.Plugin.Bootstrap.targets": "C85635161398CD9852CF7212DB7EB904",
  "targets\\Dalamud.Plugin.targets": "E2AA900DB1F6596D1C203D4112A10F5E",
  "BitFaster.Caching.dll": "BE5233EEBBF04CDCFF1913811963885C",
  "CheapLoc.dll": "E65164CA795228760E83BFA30E28BEFF",
  "Costura.dll": "F72FBE90CBF437421D41567EA8056008",
  "Dalamud.Boot.dll": "15B3847CF344E08E8B702772F7C149A7",
  "Dalamud.Common.dll": "7EC98273E66246C4985D7B10E8B5DB7A",
  "Dalamud.deps.json": "0B36E19377BD1CB30AD7C19F0975F2D9",
  "Dalamud.dll": "0052FFBCB9E5CFB19E768F06C7A3D0EB",
  "Dalamud.Injector.deps.json": "C1FA0941DC8B38E415776C60C508AAB9",
  "Dalamud.Injector.dll": "1089BF77834B29FAD737EE9FB4D4CC5F",
  "Dalamud.Injector.exe": "469AA13AD14AA697D129C5801AAD645F",
  "Dalamud.Injector.runtimeconfig.json": "B9BB65FFE7924D4D8BABE9FA66303200",
  "Dalamud.Injector.xml": "D41E5DF541D19A015215E777D7395C9C",
  "Dalamud.runtimeconfig.json": "2A9CD915428BDD175E0889BD0C225F75",
  "Dalamud.xml": "44251F1B3F5A4796EA7A75EA325711BE",
  "DalamudCrashHandler.exe": "040D79B467C363FBD4E18E5FF1E018FD",
  "FASM-LICENSE.TXT": "ECEA1D10811221D5F0A3E96F9C38E2C7",
  "FASM.DLL": "0CAF4E87EF6E3D805917BBCED1361A01",
  "FASMX64.DLL": "73DD5597DE26EFA8E82D2E1CE13BA097",
  "FFXIVClientStructs.dll": "9CE8316119CBE27D74F5EB82EBFF5414",
  "FFXIVClientStructs.xml": "C2B4171F2FF6FAD7341732321DF7D71C",
  "goaaats.Reloaded.Assembler.targets": "CC22CB0A353E2136EE9E6E96DB9F7164",
  "Iced.dll": "D5D0895C7035277CE16B04556777A26F",
  "ImGui.NET.dll": "D6CF701794A820272144B0B4849EAECF",
  "ImGuiScene.dll": "F139C5926D37A0C77AFE516964EF8959",
  "InteropGenerator.Runtime.dll": "63B6D45D39F448C45F557DAF11D53E3B",
  "JetBrains.Annotations.dll": "FA0D3D5138312ADB826B5F6F0A4B11FE",
  "licenses.txt": "A159BE62AA91178EFC3E3983AE874D1D",
  "Lumina.dll": "EE66598DE1F23B760D46CB757C093BD7",
  "Lumina.Excel.dll": "155AEB0D6AADF797AFB5E9536BE1DECA",
  "Microsoft.Bcl.HashCode.dll": "613AB56061ADF2284E047025207467E0",
  "Microsoft.DotNet.PlatformAbstractions.dll": "00AB0F02B1114C57C758F5AD595224F1",
  "Microsoft.Extensions.DependencyModel.dll": "F39BC76C10CFEA478C936FC4521A9FC9",
  "Microsoft.Extensions.ObjectPool.dll": "FEE3CE8A84417360CC5ED787ED6F7DB1",
  "MinSharp.dll": "7F36E4AA4673CC18B6D8AF0DDCB00EC3",
  "Mono.Cecil.dll": "A6B066D50D0F22C8705272A1DFC8D4C7",
  "Mono.Cecil.Mdb.dll": "7065194BC578219090576C3BA59336A9",
  "Mono.Cecil.Pdb.dll": "6F60A4CC8B2248887038F93075CCACBE",
  "Mono.Cecil.Rocks.dll": "A185E491F9CFD8095BBD8ECEEE463640",
  "nethost.dll": "012081214FE71F0F6ADCD9F4A71B2B00",
  "Newtonsoft.Json.dll": "86A83A63F12B55FD3718CFBFB577D7DC",
  "PeNet.Asn1.dll": "A094A3C2E75EB4A89A88EAA45DC89CC5",
  "PeNet.dll": "DF0EADAB2D65D709A090E5EB0CCFFF1A",
  "PInvoke.AdvApi32.dll": "34EE461D05B403C3A15D0DEC32A3788C",
  "PInvoke.BCrypt.dll": "FD07758EE1440491F22923084109FF26",
  "PInvoke.Cabinet.dll": "333D950E3804735DA60CC41D614C63E2",
  "PInvoke.CfgMgr32.dll": "768BE7CC18EDCF78B296A72ABE891691",
  "PInvoke.Crypt32.dll": "E7B00B0851738F4A7F2C6D37DAA973B4",
  "PInvoke.DbgHelp.dll": "E701136169620D20E3A70B560DE20E44",
  "PInvoke.DwmApi.dll": "ACF223CC8962404056648815B486F7D9",
  "PInvoke.Gdi32.dll": "69FF434826F98582CE44D3136ECFFACB",
  "PInvoke.Hid.dll": "2E7A41257F8AD9B26073181F450CD8E5",
  "PInvoke.ImageHlp.dll": "79BE816E8D86EA66489D7780DD675D49",
  "PInvoke.IPHlpApi.dll": "E949FA3326D1BA8872B179AB4EE49D38",
  "PInvoke.Kernel32.dll": "234E15B122ED430DE99490CA1A204958",
  "PInvoke.Magnification.dll": "C9EA3D34F506741ECC044DB19C151F09",
  "PInvoke.Msi.dll": "69EE50CE2DA6B55755E52589F49A7EBC",
  "PInvoke.NCrypt.dll": "DA1DE76C14D99370CA3BEF19DC299B15",
  "PInvoke.NetApi32.dll": "AE79F9FA2E3864A5E0642AE4622ECDC5",
  "PInvoke.NewDev.dll": "B3E1992105D986EF9C5C8E4B630FBB07",
  "PInvoke.NTDll.dll": "3F6BDF840EB27DD0FD9EB8071822183A",
  "PInvoke.Ole32.dll": "3C49FB100B60519FFE725BCD12A538F6",
  "PInvoke.Psapi.dll": "A7683EE4B880227F01C8AE632A892B9E",
  "PInvoke.SetupApi.dll": "1B7AE321185D0081D1759A9AD829F9BA",
  "PInvoke.SHCore.dll": "F27E7F063D51480F6D2294C903E4A606",
  "PInvoke.Shell32.dll": "F71A1BCAF6478190691170DAEA77722F",
  "PInvoke.User32.dll": "8BEDE38311ED4F27127290B81B8079FD",
  "PInvoke.Userenv.dll": "FEB7BCA90B8C905EC2F4BB0789847131",
  "PInvoke.UxTheme.dll": "8E683C016250CB719FDB9AAAFC22B3C5",
  "PInvoke.Windows.Core.dll": "90015440A44935208FFEA9BF61740651",
  "PInvoke.Windows.ShellScalingApi.dll": "F351B34B8C9183A51CADFDC279357C49",
  "PInvoke.WinUsb.dll": "9EB8A0280F2848D1A32B560A939F7336",
  "PInvoke.WtsApi32.dll": "341C94455D2E5893DBE4293D4D67AA4D",
  "Reloaded.Assembler.dll": "A26BEB76A156F00A5F063D95C76A6E14",
  "Reloaded.Hooks.Definitions.dll": "ACE40E341371E119FE2E123D426E351F",
  "Reloaded.Hooks.dll": "D4000EA4E8B205B101A0907D6090E7D7",
  "Reloaded.Memory.Buffers.dll": "B8330032490C7D20F6BC4C3202EB3FE1",
  "Reloaded.Memory.dll": "B082F429B894E05082635F2591F35F6B",
  "revision.txt": "C7502C55F8DB540625B59D9A42638520",
  "SDL2-CS.config": "65557595FD5DF55D93B2BF881DE62C3A",
  "SDL2-CS.dll": "755FE5D8934CBE5B314CFCED3B15606F",
  "Serilog.dll": "E89CF2CA32E60E0B4C8211491614579C",
  "Serilog.Sinks.Async.dll": "5B1EBE027A7E89842482DC7E98D0F413",
  "Serilog.Sinks.Console.dll": "A1917D398FB6095C41FC671CE039BFC7",
  "Serilog.Sinks.File.dll": "64DC0CE816B8C2FBEA86CD8875BCC629",
  "SharpDX.Direct3D11.dll": "9C13287F69A5F5A1BEEE5DF4C7F27DB6",
  "SharpDX.dll": "F35C0B3D4366346200FF7BE6A6D100C1",
  "SharpDX.DXGI.dll": "A717997387A2E76FA3F46B58F2672AF6",
  "SharpDX.Mathematics.dll": "35953932DF14FCDE2AEE36FD09AA69AB",
  "Silk.NET.Core.dll": "930493C4FB7DF8B0B83C247702BA4454",
  "Silk.NET.GLFW.dll": "B8A7CD9A7FF003DCC96DCABCEDD6CAF6",
  "Silk.NET.Maths.dll": "E7A98E934505B4E5860A8049BB01F5A9",
  "Silk.NET.OpenGL.dll": "7848667F8C2026EEFFD5ECF2C0BA4A5A",
  "Silk.NET.SDL.dll": "434578647A8A3F26A4D81B16E28DF981",
  "Silk.NET.Windowing.Common.dll": "BBCBB57B1A4D839B7F883FE07CACCAB0",
  "Silk.NET.Windowing.Glfw.dll": "E04FD8B5CEEB53B28F9F975E8E6189C6",
  "Silk.NET.Windowing.Sdl.dll": "FBCB1EA0DE34003D04D445C8AE90A20C",
  "SQLite-net.dll": "AB4738DB66E68C8752DF3CB52943E908",
  "SQLitePCLRaw.batteries_v2.dll": "81B9AD8FC7E0BB17C7DC5B8727A9AA77",
  "SQLitePCLRaw.core.dll": "2BA7126CA493C83A605055868AC1E2A9",
  "SQLitePCLRaw.nativelibrary.dll": "6BC54CAA2EEACFD7AF6DE8AD64055A06",
  "SQLitePCLRaw.provider.dynamic_cdecl.dll": "87ABBE25543FF7E2010B568E709B3EBA",
  "StbiSharp.dll": "6CC718BFE3AECDCAE2A84C1C5986D811",
  "System.Reactive.dll": "EF5A00287AD15393D41B12AA4B726FF7",
  "System.Reflection.MetadataLoadContext.dll": "7EC41D41F4E1246757BA3E2EC862D562",
  "System.Security.Cryptography.Pkcs.dll": "8950E01996A37E808BE3F39063C37BF9",
  "TEMP_gitver.txt": "A76867C90E15BBE25629132DF9DDA485",
  "TerraFX.Interop.Windows.dll": "84F7EF6B0DE91F8CC23F773D3FD6DEC0",
  "Validation.dll": "8A90C752D5797D7679A2BD10FADD3982"
}
