{
  "runtimes\\alpine-x64\\native\\libe_sqlite3.so": "39C244FEDBCD3DFC37041D4FCE1AE21D",
  "runtimes\\linux-arm\\native\\libe_sqlite3.so": "96CF54BC0EFB83D6E3F5F3E04997A59D",
  "runtimes\\linux-arm64\\native\\libe_sqlite3.so": "F079E55E7F3F9966A4A2052A3234E068",
  "runtimes\\linux-armel\\native\\libe_sqlite3.so": "C5A67D49434FC65D64E9C15778078C76",
  "runtimes\\linux-mips64\\native\\libe_sqlite3.so": "5F8461214089CFC677D46C19B7162161",
  "runtimes\\linux-musl-x64\\native\\libe_sqlite3.so": "39C244FEDBCD3DFC37041D4FCE1AE21D",
  "runtimes\\linux-x64\\native\\libe_sqlite3.so": "6F49C540D3AB9964D67A4A704C3D262D",
  "runtimes\\linux-x64\\native\\libglfw.so.3": "9E3137144F68B9E9793F4C7AD5B1BEA7",
  "runtimes\\linux-x64\\native\\libSDL2-2.0.so": "99B95A708381FC66AB2370E45A260527",
  "runtimes\\linux-x64\\native\\libstbi.so": "0945355ED59677D06E3E88F48101BB26",
  "runtimes\\linux-x86\\native\\libe_sqlite3.so": "5E0659B414CBD6DDC38C65582485853E",
  "runtimes\\osx-x64\\native\\libe_sqlite3.dylib": "F82AE134FCD1C080A69D775591406673",
  "runtimes\\osx-x64\\native\\libglfw.3.dylib": "1E30FAB2F0C40E82290AD4B0BF14A880",
  "runtimes\\osx-x64\\native\\libSDL2-2.0.dylib": "AAC958490586C67395F0A90903AE3747",
  "runtimes\\osx-x64\\native\\libstbi.dylib": "0B84B0A6A80178266018081C3CAB68E6",
  "runtimes\\win-arm\\native\\e_sqlite3.dll": "E21A542AF957AEFEFB9C30A488A2B1F4",
  "runtimes\\win-arm64\\native\\e_sqlite3.dll": "33CBF61DA5B78F3A4227E2A9883FCEA7",
  "runtimes\\win-x64\\native\\cimgui.dll": "CB1644AF18E4BCD93CB86FA1D603A02E",
  "runtimes\\win-x64\\native\\cimguizmo.dll": "FC9015A8E6F86D915F96CF69102E823E",
  "runtimes\\win-x64\\native\\cimplot.dll": "EBD8880C1DE9EC8B9D834E807DD1F89D",
  "runtimes\\win-x64\\native\\e_sqlite3.dll": "E4D1A385197361DA2D7AD4A67F131CEC",
  "runtimes\\win-x64\\native\\glfw3.dll": "EB62C2B0A470B484892DF72AC365A8B3",
  "runtimes\\win-x64\\native\\minhook.x64d.dll": "D58BF4609C9E939C46FA6BFC02818057",
  "runtimes\\win-x64\\native\\SDL2.dll": "A6505EA2829EF6BAE446D19B09A365DE",
  "runtimes\\win-x64\\native\\stbi.dll": "8BA1E8D5F6FE2E42CB20C0AC33D69F92",
  "runtimes\\win-x64\\native\\stbi.lib": "927C214DE576219E1F80DBE7798A0502",
  "runtimes\\win-x86\\native\\e_sqlite3.dll": "543146B3701784DAD0B71CA86FEEE410",
  "runtimes\\win-x86\\native\\glfw3.dll": "96DA4BE0EF12038A40218EAD52C5ED84",
  "runtimes\\win-x86\\native\\SDL2.dll": "3CB7E05A2461B70C6B9CC75B50E5D7A6",
  "targets\\Dalamud.Plugin.Bootstrap.targets": "C85635161398CD9852CF7212DB7EB904",
  "targets\\Dalamud.Plugin.targets": "E2AA900DB1F6596D1C203D4112A10F5E",
  "CheapLoc.dll": "B91C61DE5B8DEDBE0093504DE5726E48",
  "Costura.dll": "3456762F428445B5D875A144F39A8F1A",
  "Dalamud.Boot.dll": "C8EA0FF65069E84C90FE450FCB1DDA30",
  "Dalamud.Common.dll": "7F36F2EA2F0666017103620529CB47C6",
  "Dalamud.deps.json": "5EC064218B6A161E5195EC66217B428D",
  "Dalamud.dll": "D71B36B3D3D400F628A8551640BEFE45",
  "Dalamud.Injector.deps.json": "C1FA0941DC8B38E415776C60C508AAB9",
  "Dalamud.Injector.dll": "FDD782DBD01EA7C987C8C3380A66882D",
  "Dalamud.Injector.exe": "C4B57B0265A4B5513F568081BC56E820",
  "Dalamud.Injector.runtimeconfig.json": "B9BB65FFE7924D4D8BABE9FA66303200",
  "Dalamud.Injector.xml": "D41E5DF541D19A015215E777D7395C9C",
  "Dalamud.runtimeconfig.json": "2A9CD915428BDD175E0889BD0C225F75",
  "Dalamud.xml": "0D57CE4F3DC1EA5E7B4E056595374A8F",
  "DalamudCrashHandler.exe": "94F9C86158C9F3BA4EBF0CF0AC16C545",
  "FASM-LICENSE.TXT": "ECEA1D10811221D5F0A3E96F9C38E2C7",
  "FASM.DLL": "B2E32BA7C9AC88F33DDBD1DBA4818696",
  "FASMX64.DLL": "C8E5598BBEA1CD68737D1A082C2CE610",
  "FFXIVClientStructs.dll": "89FB0938BBC5880A44388838B328BA4F",
  "FFXIVClientStructs.xml": "9F5B58E540D9CB85ACA5DF7C454064FA",
  "goaaats.Reloaded.Assembler.targets": "CC22CB0A353E2136EE9E6E96DB9F7164",
  "Iced.dll": "05BC07A943FDA95D43E5EDD4CEA90D76",
  "ImGui.NET.dll": "D4B87A885D11395CE09653354FD1F747",
  "ImGuiScene.dll": "35D5E23234E448EF901A5E5902900FD7",
  "JetBrains.Annotations.dll": "D656A70333840C82F9CA5FA6CC9E476F",
  "licenses.txt": "A159BE62AA91178EFC3E3983AE874D1D",
  "Lumina.dll": "0041A7591F97AC922F245F24EE6F85BD",
  "Lumina.Excel.dll": "F9C1ED2FC75BB0E50F961F3578084BCD",
  "Microsoft.Bcl.HashCode.dll": "613AB56061ADF2284E047025207467E0",
  "Microsoft.DotNet.PlatformAbstractions.dll": "00AB0F02B1114C57C758F5AD595224F1",
  "Microsoft.Extensions.DependencyModel.dll": "F39BC76C10CFEA478C936FC4521A9FC9",
  "Microsoft.Extensions.ObjectPool.dll": "FEE3CE8A84417360CC5ED787ED6F7DB1",
  "MinSharp.dll": "50F0729147E73AEEA1FD92AD71E58027",
  "Mono.Cecil.dll": "6D77857ABDF8C26AFDDCB353286404C4",
  "Mono.Cecil.Mdb.dll": "310FEE0437D0773ACC412EDA7B8826E5",
  "Mono.Cecil.Pdb.dll": "9C494B5A74DD327A74202D17DE99425C",
  "Mono.Cecil.Rocks.dll": "2A81B42DDD155562DBFB6995E21B2561",
  "nethost.dll": "012081214FE71F0F6ADCD9F4A71B2B00",
  "Newtonsoft.Json.dll": "86A83A63F12B55FD3718CFBFB577D7DC",
  "PeNet.Asn1.dll": "A409A0E2D03F99DE1CF881597ECEB25F",
  "PeNet.dll": "DC00B1DDDFB5E126FEE392AA71088052",
  "PInvoke.AdvApi32.dll": "34EE461D05B403C3A15D0DEC32A3788C",
  "PInvoke.BCrypt.dll": "FD07758EE1440491F22923084109FF26",
  "PInvoke.Cabinet.dll": "333D950E3804735DA60CC41D614C63E2",
  "PInvoke.CfgMgr32.dll": "768BE7CC18EDCF78B296A72ABE891691",
  "PInvoke.Crypt32.dll": "E7B00B0851738F4A7F2C6D37DAA973B4",
  "PInvoke.DbgHelp.dll": "E701136169620D20E3A70B560DE20E44",
  "PInvoke.DwmApi.dll": "ACF223CC8962404056648815B486F7D9",
  "PInvoke.Gdi32.dll": "69FF434826F98582CE44D3136ECFFACB",
  "PInvoke.Hid.dll": "2E7A41257F8AD9B26073181F450CD8E5",
  "PInvoke.ImageHlp.dll": "79BE816E8D86EA66489D7780DD675D49",
  "PInvoke.IPHlpApi.dll": "E949FA3326D1BA8872B179AB4EE49D38",
  "PInvoke.Kernel32.dll": "234E15B122ED430DE99490CA1A204958",
  "PInvoke.Magnification.dll": "C9EA3D34F506741ECC044DB19C151F09",
  "PInvoke.Msi.dll": "69EE50CE2DA6B55755E52589F49A7EBC",
  "PInvoke.NCrypt.dll": "DA1DE76C14D99370CA3BEF19DC299B15",
  "PInvoke.NetApi32.dll": "AE79F9FA2E3864A5E0642AE4622ECDC5",
  "PInvoke.NewDev.dll": "B3E1992105D986EF9C5C8E4B630FBB07",
  "PInvoke.NTDll.dll": "3F6BDF840EB27DD0FD9EB8071822183A",
  "PInvoke.Ole32.dll": "3C49FB100B60519FFE725BCD12A538F6",
  "PInvoke.Psapi.dll": "A7683EE4B880227F01C8AE632A892B9E",
  "PInvoke.SetupApi.dll": "1B7AE321185D0081D1759A9AD829F9BA",
  "PInvoke.SHCore.dll": "F27E7F063D51480F6D2294C903E4A606",
  "PInvoke.Shell32.dll": "F71A1BCAF6478190691170DAEA77722F",
  "PInvoke.User32.dll": "8BEDE38311ED4F27127290B81B8079FD",
  "PInvoke.Userenv.dll": "FEB7BCA90B8C905EC2F4BB0789847131",
  "PInvoke.UxTheme.dll": "8E683C016250CB719FDB9AAAFC22B3C5",
  "PInvoke.Windows.Core.dll": "90015440A44935208FFEA9BF61740651",
  "PInvoke.Windows.ShellScalingApi.dll": "F351B34B8C9183A51CADFDC279357C49",
  "PInvoke.WinUsb.dll": "9EB8A0280F2848D1A32B560A939F7336",
  "PInvoke.WtsApi32.dll": "341C94455D2E5893DBE4293D4D67AA4D",
  "Reloaded.Assembler.dll": "58B80FB27B73B44174917AE06E5AA0ED",
  "Reloaded.Hooks.Definitions.dll": "6A2B607022EF97E0017934F3EB326C59",
  "Reloaded.Hooks.dll": "0D677BC0F215BA445BE73F46776FFAC6",
  "Reloaded.Memory.Buffers.dll": "6BAD719C711F4894B4CC2C8C7D979443",
  "Reloaded.Memory.dll": "A4CD7C001ECDAA17344AD4D390BB2575",
  "revision.txt": "606C90A06173D69682FEB83037A68FEC",
  "SDL2-CS.config": "65557595FD5DF55D93B2BF881DE62C3A",
  "SDL2-CS.dll": "C77EDC15EF83207095577BE3A905CDCC",
  "Serilog.dll": "CAF9B8013B9799C363D857E0BDF8E025",
  "Serilog.Sinks.Async.dll": "B842CABA4B8C6C22C5C9771CA86EA7A7",
  "Serilog.Sinks.Console.dll": "C9E4A496AC6D63728624394766A54ACD",
  "Serilog.Sinks.File.dll": "9C37252CE79B98D1C7C2C72C73E1FEA4",
  "SharpDX.Direct3D11.dll": "5705FBAD790B84953D25B52D3A721353",
  "SharpDX.dll": "A08E357E2626E33DBFE698C2F8646024",
  "SharpDX.DXGI.dll": "2829A3D219C23B3890FF027A2EE41F8D",
  "SharpDX.Mathematics.dll": "3FD545DFC7A49B479E653EA2C1393D33",
  "Silk.NET.Core.dll": "2E63FB3154F84465701E105D7A6FFCB8",
  "Silk.NET.GLFW.dll": "ABC02286BD01B1B864F4F1B291417230",
  "Silk.NET.Maths.dll": "45D63D90AC1F7E33B3737C6FA94E8083",
  "Silk.NET.OpenGL.dll": "FBE61CF194EE812ACDF056E2180FCD5B",
  "Silk.NET.SDL.dll": "52F12E5356A32DCC842B46E1F1421790",
  "Silk.NET.Windowing.Common.dll": "4F08409735BCB68B292FF18F1850C22E",
  "Silk.NET.Windowing.Glfw.dll": "A4CCE422F8DBD6D7E32C0DCF22C56EFF",
  "Silk.NET.Windowing.Sdl.dll": "53239CF43327C5A61E14D197B9F98BDA",
  "SQLite-net.dll": "3AD81B06512D6B0502B4B47AFEA5A7F8",
  "SQLitePCLRaw.batteries_v2.dll": "30FDE550398A9075CD1A5C40911EFAB8",
  "SQLitePCLRaw.core.dll": "A778EED7FF8BB7DB6E02C1412CD398F9",
  "SQLitePCLRaw.nativelibrary.dll": "FD86AB46ACA92635925AC0F8B7622AFF",
  "SQLitePCLRaw.provider.dynamic_cdecl.dll": "0B907016C95D1A0903A576A5D0CC899B",
  "StbiSharp.dll": "79991EC2D06B2C8C1E2B9A5F7C2F2B4C",
  "System.Reactive.dll": "EF5A00287AD15393D41B12AA4B726FF7",
  "System.Reflection.MetadataLoadContext.dll": "7EC41D41F4E1246757BA3E2EC862D562",
  "System.Security.Cryptography.Pkcs.dll": "8950E01996A37E808BE3F39063C37BF9",
  "TEMP_gitver.txt": "9A1E2FEFADCF294C1C741717685AAF28",
  "TerraFX.Interop.Windows.dll": "84F7EF6B0DE91F8CC23F773D3FD6DEC0",
  "Validation.dll": "F2BA1C5B0B4BB89A826285E9DCCF496B"
}
