{
  "runtimes\\alpine-x64\\native\\libe_sqlite3.so": "39C244FEDBCD3DFC37041D4FCE1AE21D",
  "runtimes\\linux-arm\\native\\libe_sqlite3.so": "96CF54BC0EFB83D6E3F5F3E04997A59D",
  "runtimes\\linux-arm64\\native\\libe_sqlite3.so": "F079E55E7F3F9966A4A2052A3234E068",
  "runtimes\\linux-armel\\native\\libe_sqlite3.so": "C5A67D49434FC65D64E9C15778078C76",
  "runtimes\\linux-mips64\\native\\libe_sqlite3.so": "5F8461214089CFC677D46C19B7162161",
  "runtimes\\linux-musl-x64\\native\\libe_sqlite3.so": "39C244FEDBCD3DFC37041D4FCE1AE21D",
  "runtimes\\linux-x64\\native\\libe_sqlite3.so": "6F49C540D3AB9964D67A4A704C3D262D",
  "runtimes\\linux-x64\\native\\libglfw.so.3": "9E3137144F68B9E9793F4C7AD5B1BEA7",
  "runtimes\\linux-x64\\native\\libSDL2-2.0.so": "99B95A708381FC66AB2370E45A260527",
  "runtimes\\linux-x64\\native\\libstbi.so": "0945355ED59677D06E3E88F48101BB26",
  "runtimes\\linux-x86\\native\\libe_sqlite3.so": "5E0659B414CBD6DDC38C65582485853E",
  "runtimes\\osx-x64\\native\\libe_sqlite3.dylib": "F82AE134FCD1C080A69D775591406673",
  "runtimes\\osx-x64\\native\\libglfw.3.dylib": "1E30FAB2F0C40E82290AD4B0BF14A880",
  "runtimes\\osx-x64\\native\\libSDL2-2.0.dylib": "AAC958490586C67395F0A90903AE3747",
  "runtimes\\osx-x64\\native\\libstbi.dylib": "0B84B0A6A80178266018081C3CAB68E6",
  "runtimes\\win-arm\\native\\e_sqlite3.dll": "637C0B845CE27013BD24BA11CDAE8027",
  "runtimes\\win-arm64\\native\\e_sqlite3.dll": "40E0B19D69757631E10D07C6FE404BE6",
  "runtimes\\win-x64\\native\\cimgui.dll": "48743EA46B08E516FD7C7B154DE1D470",
  "runtimes\\win-x64\\native\\cimguizmo.dll": "2647210D2BC5DCF5002FB970ADFC6DCD",
  "runtimes\\win-x64\\native\\cimplot.dll": "796D9A596C23FA92887135F8162587A7",
  "runtimes\\win-x64\\native\\e_sqlite3.dll": "62288844F1C53B5255FB2FE25D571428",
  "runtimes\\win-x64\\native\\glfw3.dll": "921D317C9B2F2E5C34B70ED167E2DA86",
  "runtimes\\win-x64\\native\\minhook.x64d.dll": "AB467AA2F41EF850A55311FBC742F4A0",
  "runtimes\\win-x64\\native\\SDL2.dll": "20B807E42BBF008064BEA71BB1518099",
  "runtimes\\win-x64\\native\\stbi.dll": "1D000755F849C4D9591E7144C6CCCEAF",
  "runtimes\\win-x64\\native\\stbi.lib": "927C214DE576219E1F80DBE7798A0502",
  "runtimes\\win-x86\\native\\e_sqlite3.dll": "DD3787B88F37E9984CA699A7AACEC12B",
  "runtimes\\win-x86\\native\\glfw3.dll": "7135D74218D9E0D57B1A75DD0657CF0F",
  "runtimes\\win-x86\\native\\SDL2.dll": "8AA4D7AC4A128A9F44DB1338302F999A",
  "targets\\Dalamud.Plugin.Bootstrap.targets": "C85635161398CD9852CF7212DB7EB904",
  "targets\\Dalamud.Plugin.targets": "DDD731601C06B16E10CF2F8990452A27",
  "BitFaster.Caching.dll": "8409048ABEE37B0FE5B19EAEB95EFA18",
  "CheapLoc.dll": "51D7789DEBE7E00640F9E37828195EE3",
  "Costura.dll": "7DC60224C367878DD51B5BA7201F5F5B",
  "Dalamud.Boot.dll": "4ADE246B173F8E8ACFD6F3E5F75254F8",
  "Dalamud.Common.dll": "94E2D84E645913A26FA5EC88545C0290",
  "Dalamud.deps.json": "9F3152C5A97A09FD0ACB6A8BFAD1A54B",
  "Dalamud.dll": "B38086B26514E89C5669FF25F38CACB9",
  "Dalamud.Injector.deps.json": "C1FA0941DC8B38E415776C60C508AAB9",
  "Dalamud.Injector.dll": "6BBDE1D7513B30C6787578AAB692220B",
  "Dalamud.Injector.exe": "419F1815F608728E9BFA7F99219E8EF1",
  "Dalamud.Injector.runtimeconfig.json": "B9BB65FFE7924D4D8BABE9FA66303200",
  "Dalamud.Injector.xml": "D41E5DF541D19A015215E777D7395C9C",
  "Dalamud.runtimeconfig.json": "2A9CD915428BDD175E0889BD0C225F75",
  "Dalamud.xml": "8E42A834F09BCE067B4D84F8A403D975",
  "DalamudCrashHandler.exe": "EB93FAD67B9F317774748DF0A6893A8C",
  "FASM-LICENSE.TXT": "ECEA1D10811221D5F0A3E96F9C38E2C7",
  "FASM.DLL": "2B22741DADB039608C4C28722E7EF88B",
  "FASMX64.DLL": "7C6F29A3C32FBA259E7726AAA69C63CA",
  "FFXIVClientStructs.dll": "7C55AA8559EC5EA988057858E4FBFA32",
  "FFXIVClientStructs.xml": "B0CA6A593F33D7F6778342264401D347",
  "goaaats.Reloaded.Assembler.targets": "CC22CB0A353E2136EE9E6E96DB9F7164",
  "Iced.dll": "E797F5C366551D790AD0524930CF22DF",
  "ImGui.NET.dll": "42EAB804A5EC032BFB59DB548A886A8F",
  "ImGuiScene.dll": "9F90BA1819757942C8F64BC6F7C374B7",
  "InteropGenerator.Runtime.dll": "8282B4FBF47DAF7FFDC35E032B9EC798",
  "JetBrains.Annotations.dll": "D19FB63D2320FE49803A5D26A79B9070",
  "licenses.txt": "A159BE62AA91178EFC3E3983AE874D1D",
  "Lumina.dll": "B99EEE92B697FFBF88162FA6F3520A6A",
  "Lumina.Excel.dll": "29206F5BCA4A1D89738C82ED71FF47ED",
  "Microsoft.Bcl.HashCode.dll": "613AB56061ADF2284E047025207467E0",
  "Microsoft.DotNet.PlatformAbstractions.dll": "00AB0F02B1114C57C758F5AD595224F1",
  "Microsoft.Extensions.DependencyModel.dll": "F39BC76C10CFEA478C936FC4521A9FC9",
  "Microsoft.Extensions.ObjectPool.dll": "FEE3CE8A84417360CC5ED787ED6F7DB1",
  "MinSharp.dll": "4279CB05636D90174BEC79AE620CB321",
  "Mono.Cecil.dll": "BD5AEDFEB6206DCFA2420E5200D2DC1D",
  "Mono.Cecil.Mdb.dll": "599325FBFF5922392152EE7DB835CC5B",
  "Mono.Cecil.Pdb.dll": "8D7EFC0268867877615E954F23AF0394",
  "Mono.Cecil.Rocks.dll": "F87DE8E19051FB9764E8467A3AA1C91A",
  "nethost.dll": "012081214FE71F0F6ADCD9F4A71B2B00",
  "Newtonsoft.Json.dll": "86A83A63F12B55FD3718CFBFB577D7DC",
  "PeNet.Asn1.dll": "89194B879198677E377623D42656239A",
  "PeNet.dll": "D7934E4166CA27A047302D5CE7B8C091",
  "PInvoke.AdvApi32.dll": "34EE461D05B403C3A15D0DEC32A3788C",
  "PInvoke.BCrypt.dll": "FD07758EE1440491F22923084109FF26",
  "PInvoke.Cabinet.dll": "333D950E3804735DA60CC41D614C63E2",
  "PInvoke.CfgMgr32.dll": "768BE7CC18EDCF78B296A72ABE891691",
  "PInvoke.Crypt32.dll": "E7B00B0851738F4A7F2C6D37DAA973B4",
  "PInvoke.DbgHelp.dll": "E701136169620D20E3A70B560DE20E44",
  "PInvoke.DwmApi.dll": "ACF223CC8962404056648815B486F7D9",
  "PInvoke.Gdi32.dll": "69FF434826F98582CE44D3136ECFFACB",
  "PInvoke.Hid.dll": "2E7A41257F8AD9B26073181F450CD8E5",
  "PInvoke.ImageHlp.dll": "79BE816E8D86EA66489D7780DD675D49",
  "PInvoke.IPHlpApi.dll": "E949FA3326D1BA8872B179AB4EE49D38",
  "PInvoke.Kernel32.dll": "234E15B122ED430DE99490CA1A204958",
  "PInvoke.Magnification.dll": "C9EA3D34F506741ECC044DB19C151F09",
  "PInvoke.Msi.dll": "69EE50CE2DA6B55755E52589F49A7EBC",
  "PInvoke.NCrypt.dll": "DA1DE76C14D99370CA3BEF19DC299B15",
  "PInvoke.NetApi32.dll": "AE79F9FA2E3864A5E0642AE4622ECDC5",
  "PInvoke.NewDev.dll": "B3E1992105D986EF9C5C8E4B630FBB07",
  "PInvoke.NTDll.dll": "3F6BDF840EB27DD0FD9EB8071822183A",
  "PInvoke.Ole32.dll": "3C49FB100B60519FFE725BCD12A538F6",
  "PInvoke.Psapi.dll": "A7683EE4B880227F01C8AE632A892B9E",
  "PInvoke.SetupApi.dll": "1B7AE321185D0081D1759A9AD829F9BA",
  "PInvoke.SHCore.dll": "F27E7F063D51480F6D2294C903E4A606",
  "PInvoke.Shell32.dll": "F71A1BCAF6478190691170DAEA77722F",
  "PInvoke.User32.dll": "8BEDE38311ED4F27127290B81B8079FD",
  "PInvoke.Userenv.dll": "FEB7BCA90B8C905EC2F4BB0789847131",
  "PInvoke.UxTheme.dll": "8E683C016250CB719FDB9AAAFC22B3C5",
  "PInvoke.Windows.Core.dll": "90015440A44935208FFEA9BF61740651",
  "PInvoke.Windows.ShellScalingApi.dll": "F351B34B8C9183A51CADFDC279357C49",
  "PInvoke.WinUsb.dll": "9EB8A0280F2848D1A32B560A939F7336",
  "PInvoke.WtsApi32.dll": "341C94455D2E5893DBE4293D4D67AA4D",
  "Reloaded.Assembler.dll": "9D9E7E7B197B8BB200B13407C7E5A76F",
  "Reloaded.Hooks.Definitions.dll": "FE99B6AAF2015990E12DE306283547D6",
  "Reloaded.Hooks.dll": "6EABED4B0BAFA3223745A958713ED67C",
  "Reloaded.Memory.Buffers.dll": "AB88D8F9A0F565B36837FB725130DDB1",
  "Reloaded.Memory.dll": "DFBDC13924C26BA5E2543592894E824D",
  "revision.txt": "9E95248D9B714A96F47FD159B4C6E911",
  "SDL2-CS.config": "65557595FD5DF55D93B2BF881DE62C3A",
  "SDL2-CS.dll": "59E2B691CED70324045B77FE71F00F58",
  "Serilog.dll": "B3EA33F1E3C8ECF1D08AE765076C28FB",
  "Serilog.Sinks.Async.dll": "E7B200CF7E492F272EFE3FD840A0B6F7",
  "Serilog.Sinks.Console.dll": "402325B10867B33585461CC149B73459",
  "Serilog.Sinks.File.dll": "567FCFE511B054EDE255B4FEEF657FEC",
  "SharpDX.Direct3D11.dll": "AD8057DD1438E6941E8F76271A05C4C0",
  "SharpDX.dll": "65F3F53D1760A990604E5F602AFE406F",
  "SharpDX.DXGI.dll": "152A0B44FEED66F245F2796B1804ADF6",
  "SharpDX.Mathematics.dll": "20F60AC8E3C30A847A2F4AEAB6A4AA22",
  "Silk.NET.Core.dll": "E7142B7867576C831A58537A0A19FE28",
  "Silk.NET.GLFW.dll": "9383F28327EA929F217479F4D141BE4E",
  "Silk.NET.Maths.dll": "FD176F35CAFCEF6A84C5C799499AB356",
  "Silk.NET.OpenGL.dll": "928841C664A63F33796D8F81B8191720",
  "Silk.NET.SDL.dll": "38E3C0BF70F4FFC48EFF742B6F5149B1",
  "Silk.NET.Windowing.Common.dll": "A2F55B47FF5CB9DC67B23ADF295FD541",
  "Silk.NET.Windowing.Glfw.dll": "246F10EB0FC6EC312D69E659E5D078E5",
  "Silk.NET.Windowing.Sdl.dll": "0EBA4BD50F5235B6F5DF18A574C3D632",
  "SQLite-net.dll": "2AF7351E7E1EAEC8C07C8F6C5C664AAF",
  "SQLitePCLRaw.batteries_v2.dll": "CDADFE9F26D0707CC7FAAFAC145176A9",
  "SQLitePCLRaw.core.dll": "374B4D1ED8E70717D53D481DF67CE681",
  "SQLitePCLRaw.nativelibrary.dll": "EA553DDE578121B928885DD5E6BDBE71",
  "SQLitePCLRaw.provider.dynamic_cdecl.dll": "88E97952D225F605A873705A6E298C46",
  "StbiSharp.dll": "8A85BF5EC5ADD1F68EAD7BCFD40174FB",
  "System.Reactive.dll": "EF5A00287AD15393D41B12AA4B726FF7",
  "System.Reflection.MetadataLoadContext.dll": "7EC41D41F4E1246757BA3E2EC862D562",
  "System.Security.Cryptography.Pkcs.dll": "8950E01996A37E808BE3F39063C37BF9",
  "TEMP_gitver.txt": "92D8A613B089412C4FD604CF18DE7462",
  "TerraFX.Interop.Windows.dll": "84F7EF6B0DE91F8CC23F773D3FD6DEC0",
  "Validation.dll": "A4516750D2BAF3127D07C9EBFAED21F8"
}
