{
  "runtimes\\alpine-x64\\native\\libe_sqlite3.so": "39C244FEDBCD3DFC37041D4FCE1AE21D",
  "runtimes\\linux-arm\\native\\libe_sqlite3.so": "96CF54BC0EFB83D6E3F5F3E04997A59D",
  "runtimes\\linux-arm64\\native\\libe_sqlite3.so": "F079E55E7F3F9966A4A2052A3234E068",
  "runtimes\\linux-armel\\native\\libe_sqlite3.so": "C5A67D49434FC65D64E9C15778078C76",
  "runtimes\\linux-mips64\\native\\libe_sqlite3.so": "5F8461214089CFC677D46C19B7162161",
  "runtimes\\linux-musl-x64\\native\\libe_sqlite3.so": "39C244FEDBCD3DFC37041D4FCE1AE21D",
  "runtimes\\linux-x64\\native\\libe_sqlite3.so": "6F49C540D3AB9964D67A4A704C3D262D",
  "runtimes\\linux-x64\\native\\libglfw.so.3": "9E3137144F68B9E9793F4C7AD5B1BEA7",
  "runtimes\\linux-x64\\native\\libSDL2-2.0.so": "99B95A708381FC66AB2370E45A260527",
  "runtimes\\linux-x64\\native\\libstbi.so": "0945355ED59677D06E3E88F48101BB26",
  "runtimes\\linux-x86\\native\\libe_sqlite3.so": "5E0659B414CBD6DDC38C65582485853E",
  "runtimes\\osx-x64\\native\\libe_sqlite3.dylib": "F82AE134FCD1C080A69D775591406673",
  "runtimes\\osx-x64\\native\\libglfw.3.dylib": "1E30FAB2F0C40E82290AD4B0BF14A880",
  "runtimes\\osx-x64\\native\\libSDL2-2.0.dylib": "AAC958490586C67395F0A90903AE3747",
  "runtimes\\osx-x64\\native\\libstbi.dylib": "0B84B0A6A80178266018081C3CAB68E6",
  "runtimes\\win-arm\\native\\e_sqlite3.dll": "D415497248E8941E056668962EE5A79B",
  "runtimes\\win-arm64\\native\\e_sqlite3.dll": "BE056AB7B09853BC503521671CC1CBC8",
  "runtimes\\win-x64\\native\\cimgui.dll": "655D52370B924711525B28B30C04D7F8",
  "runtimes\\win-x64\\native\\cimguizmo.dll": "E29FFDDBA217BB27EE93C22865B5B11B",
  "runtimes\\win-x64\\native\\cimplot.dll": "6450DBE0D5DD8818AEAD879A9A2A7F01",
  "runtimes\\win-x64\\native\\e_sqlite3.dll": "930B1C8C745229F51E56A3598DA67E39",
  "runtimes\\win-x64\\native\\glfw3.dll": "4D611C1291B24E50150B002741FAF6F6",
  "runtimes\\win-x64\\native\\minhook.x64d.dll": "40F89CC18D80FF93E58EFD326E4FF120",
  "runtimes\\win-x64\\native\\SDL2.dll": "363C81457F7562E75CF78242251ACFE0",
  "runtimes\\win-x64\\native\\stbi.dll": "B73B6EDD7BE36ED535223DF38CB0E5F6",
  "runtimes\\win-x64\\native\\stbi.lib": "927C214DE576219E1F80DBE7798A0502",
  "runtimes\\win-x86\\native\\e_sqlite3.dll": "BD26E77713E66AB38487252AC6657ACE",
  "runtimes\\win-x86\\native\\glfw3.dll": "71CC1CE6300AFD9DF6840BCDA7633808",
  "runtimes\\win-x86\\native\\SDL2.dll": "D99EC8A100BFB4005BC38B01461EC1D7",
  "targets\\Dalamud.Plugin.Bootstrap.targets": "C85635161398CD9852CF7212DB7EB904",
  "targets\\Dalamud.Plugin.targets": "DDD731601C06B16E10CF2F8990452A27",
  "BitFaster.Caching.dll": "EB288F7F8EA20A096B8A463ED218FBD1",
  "CheapLoc.dll": "90AEB319D3E0C59553CB81F3B354E1FB",
  "Costura.dll": "63F42CA38EF8716382B710A78E7C717D",
  "Dalamud.Boot.dll": "984F01B7D97A48C0FAAE5E31C97513CD",
  "Dalamud.Common.dll": "D2E777CC36565CF7E67AE7DFBF93A27C",
  "Dalamud.deps.json": "0B36E19377BD1CB30AD7C19F0975F2D9",
  "Dalamud.dll": "E6FBC6380EAB97AC9B18DDD79DE5FD4B",
  "Dalamud.Injector.deps.json": "C1FA0941DC8B38E415776C60C508AAB9",
  "Dalamud.Injector.dll": "607C4621F36D9447D26474DEC13C4B55",
  "Dalamud.Injector.exe": "EA7C8F9F938084457DD2D0C8E56FA2F3",
  "Dalamud.Injector.runtimeconfig.json": "B9BB65FFE7924D4D8BABE9FA66303200",
  "Dalamud.Injector.xml": "D41E5DF541D19A015215E777D7395C9C",
  "Dalamud.runtimeconfig.json": "2A9CD915428BDD175E0889BD0C225F75",
  "Dalamud.xml": "DE0DCC96FE29DA190765CC8D18531384",
  "DalamudCrashHandler.exe": "515AF6194E4A4FA674791F9578007D2B",
  "FASM-LICENSE.TXT": "ECEA1D10811221D5F0A3E96F9C38E2C7",
  "FASM.DLL": "956CCD48242D3A41058E01981961F0DC",
  "FASMX64.DLL": "56B2888A24EB6385652FB5E046CA6886",
  "FFXIVClientStructs.dll": "7301F891CE312B459714E853D892E1AC",
  "FFXIVClientStructs.xml": "9A9DE6FDA4A4671DA9E34CCFC26D443D",
  "goaaats.Reloaded.Assembler.targets": "CC22CB0A353E2136EE9E6E96DB9F7164",
  "Iced.dll": "112D02E453706A29F6BF036480DCE46E",
  "ImGui.NET.dll": "95BBC9BB366AE04325357C5B624EBC4F",
  "ImGuiScene.dll": "B310B94622374803C6F23F243E2100A0",
  "InteropGenerator.Runtime.dll": "72AC79E5D6DD8545D319962F47191817",
  "JetBrains.Annotations.dll": "BB664373BE6F6185A3DFB7659B8C3A97",
  "licenses.txt": "A159BE62AA91178EFC3E3983AE874D1D",
  "Lumina.dll": "CD89B81586BBA361047A34E3017B7448",
  "Lumina.Excel.dll": "488E162D8D2D1F9EF3AD90D108E1B55E",
  "Microsoft.Bcl.HashCode.dll": "613AB56061ADF2284E047025207467E0",
  "Microsoft.DotNet.PlatformAbstractions.dll": "00AB0F02B1114C57C758F5AD595224F1",
  "Microsoft.Extensions.DependencyModel.dll": "F39BC76C10CFEA478C936FC4521A9FC9",
  "Microsoft.Extensions.ObjectPool.dll": "FEE3CE8A84417360CC5ED787ED6F7DB1",
  "MinSharp.dll": "65F9CFF4086949880CD48BA68C7D100F",
  "Mono.Cecil.dll": "11399D824E86A9729E9A75018DE6A39D",
  "Mono.Cecil.Mdb.dll": "107A04B4CC8AF06C60EFE645E67A0890",
  "Mono.Cecil.Pdb.dll": "47E5D48C577706B34183F3B7AB2E2B42",
  "Mono.Cecil.Rocks.dll": "9F1B2E2A642C312048FCDFA7C4080454",
  "nethost.dll": "012081214FE71F0F6ADCD9F4A71B2B00",
  "Newtonsoft.Json.dll": "86A83A63F12B55FD3718CFBFB577D7DC",
  "PeNet.Asn1.dll": "B17DDBEE1E671F9D323E6BE752F1BDCB",
  "PeNet.dll": "252285420B59510E8C00F7D9DF29227F",
  "PInvoke.AdvApi32.dll": "34EE461D05B403C3A15D0DEC32A3788C",
  "PInvoke.BCrypt.dll": "FD07758EE1440491F22923084109FF26",
  "PInvoke.Cabinet.dll": "333D950E3804735DA60CC41D614C63E2",
  "PInvoke.CfgMgr32.dll": "768BE7CC18EDCF78B296A72ABE891691",
  "PInvoke.Crypt32.dll": "E7B00B0851738F4A7F2C6D37DAA973B4",
  "PInvoke.DbgHelp.dll": "E701136169620D20E3A70B560DE20E44",
  "PInvoke.DwmApi.dll": "ACF223CC8962404056648815B486F7D9",
  "PInvoke.Gdi32.dll": "69FF434826F98582CE44D3136ECFFACB",
  "PInvoke.Hid.dll": "2E7A41257F8AD9B26073181F450CD8E5",
  "PInvoke.ImageHlp.dll": "79BE816E8D86EA66489D7780DD675D49",
  "PInvoke.IPHlpApi.dll": "E949FA3326D1BA8872B179AB4EE49D38",
  "PInvoke.Kernel32.dll": "234E15B122ED430DE99490CA1A204958",
  "PInvoke.Magnification.dll": "C9EA3D34F506741ECC044DB19C151F09",
  "PInvoke.Msi.dll": "69EE50CE2DA6B55755E52589F49A7EBC",
  "PInvoke.NCrypt.dll": "DA1DE76C14D99370CA3BEF19DC299B15",
  "PInvoke.NetApi32.dll": "AE79F9FA2E3864A5E0642AE4622ECDC5",
  "PInvoke.NewDev.dll": "B3E1992105D986EF9C5C8E4B630FBB07",
  "PInvoke.NTDll.dll": "3F6BDF840EB27DD0FD9EB8071822183A",
  "PInvoke.Ole32.dll": "3C49FB100B60519FFE725BCD12A538F6",
  "PInvoke.Psapi.dll": "A7683EE4B880227F01C8AE632A892B9E",
  "PInvoke.SetupApi.dll": "1B7AE321185D0081D1759A9AD829F9BA",
  "PInvoke.SHCore.dll": "F27E7F063D51480F6D2294C903E4A606",
  "PInvoke.Shell32.dll": "F71A1BCAF6478190691170DAEA77722F",
  "PInvoke.User32.dll": "8BEDE38311ED4F27127290B81B8079FD",
  "PInvoke.Userenv.dll": "FEB7BCA90B8C905EC2F4BB0789847131",
  "PInvoke.UxTheme.dll": "8E683C016250CB719FDB9AAAFC22B3C5",
  "PInvoke.Windows.Core.dll": "90015440A44935208FFEA9BF61740651",
  "PInvoke.Windows.ShellScalingApi.dll": "F351B34B8C9183A51CADFDC279357C49",
  "PInvoke.WinUsb.dll": "9EB8A0280F2848D1A32B560A939F7336",
  "PInvoke.WtsApi32.dll": "341C94455D2E5893DBE4293D4D67AA4D",
  "Reloaded.Assembler.dll": "3E7EADF145D2FBD821152806EF5BD99D",
  "Reloaded.Hooks.Definitions.dll": "A2DCBB493B9924A05DD3CCC43D55A06B",
  "Reloaded.Hooks.dll": "74E2007861F2094AF42A6A725D918E22",
  "Reloaded.Memory.Buffers.dll": "35147B98EB2ECF3B0900F04462398E22",
  "Reloaded.Memory.dll": "FE9300645E5EA8FB559823EF720DD4E1",
  "revision.txt": "E1054BF2D703BCA1E8FE101D3AC5EFCD",
  "SDL2-CS.config": "65557595FD5DF55D93B2BF881DE62C3A",
  "SDL2-CS.dll": "85BECC65A7B1DCF36B388E3187B3A7FE",
  "Serilog.dll": "7759300CBA5F52ED41A723A61A09E70E",
  "Serilog.Sinks.Async.dll": "779498F75634B2ED1D7C3B175BBF3D38",
  "Serilog.Sinks.Console.dll": "59127E309C8A746D5BE9CB1A7EB96420",
  "Serilog.Sinks.File.dll": "D4FA1591A3CD9EAF3B9D6D7DF71B413C",
  "SharpDX.Direct3D11.dll": "838C5595F1B6290CE440B7AD34F36D6E",
  "SharpDX.dll": "3B6CC81D20BC2961C1E07F3B10CE1196",
  "SharpDX.DXGI.dll": "05B7E7C5A522AE4AD60023609806CED0",
  "SharpDX.Mathematics.dll": "D5FE33E77AA6EEAD454AEBB76DA234E8",
  "Silk.NET.Core.dll": "FB3B6B144F19A5A33668A0A8BAEB75B1",
  "Silk.NET.GLFW.dll": "ED629115F0443B514CE584886EEB3770",
  "Silk.NET.Maths.dll": "6E36BDD8C2D91FB97A51A09138C13094",
  "Silk.NET.OpenGL.dll": "6564395F7A99EC58CBFF3B450A64244B",
  "Silk.NET.SDL.dll": "5E6517FD0683103856E1CAB5CA40A6B3",
  "Silk.NET.Windowing.Common.dll": "5DF7EF0CDF71F98108A2E9FCA046D743",
  "Silk.NET.Windowing.Glfw.dll": "1C6DB1C4F5059D3C363735F8EE17BBCA",
  "Silk.NET.Windowing.Sdl.dll": "6B3A46BB871BC0643D5D3E2745AF246D",
  "SQLite-net.dll": "DE259A48C27B40FD32E096AD8D2ACDB4",
  "SQLitePCLRaw.batteries_v2.dll": "F8480C00DB5725FC9B39E71837C43E8C",
  "SQLitePCLRaw.core.dll": "0B6E4E25872FAB089B1BF3D4AEF9B9BC",
  "SQLitePCLRaw.nativelibrary.dll": "7540C9071C638A79FB7A70E71F2B8369",
  "SQLitePCLRaw.provider.dynamic_cdecl.dll": "7AFE0C2427E7049F4759E1781BFAAB92",
  "StbiSharp.dll": "907531456A1F2202B9218597DC456269",
  "System.Reactive.dll": "EF5A00287AD15393D41B12AA4B726FF7",
  "System.Reflection.MetadataLoadContext.dll": "7EC41D41F4E1246757BA3E2EC862D562",
  "System.Security.Cryptography.Pkcs.dll": "8950E01996A37E808BE3F39063C37BF9",
  "TEMP_gitver.txt": "62E9941D7E2D46E1FBC6A823907C52B7",
  "TerraFX.Interop.Windows.dll": "84F7EF6B0DE91F8CC23F773D3FD6DEC0",
  "Validation.dll": "C8F14AB312B951F22546A3F07F8A70C1"
}
