{
  "runtimes\\alpine-x64\\native\\libe_sqlite3.so": "39C244FEDBCD3DFC37041D4FCE1AE21D",
  "runtimes\\linux-arm\\native\\libe_sqlite3.so": "96CF54BC0EFB83D6E3F5F3E04997A59D",
  "runtimes\\linux-arm64\\native\\libe_sqlite3.so": "F079E55E7F3F9966A4A2052A3234E068",
  "runtimes\\linux-armel\\native\\libe_sqlite3.so": "C5A67D49434FC65D64E9C15778078C76",
  "runtimes\\linux-mips64\\native\\libe_sqlite3.so": "5F8461214089CFC677D46C19B7162161",
  "runtimes\\linux-musl-x64\\native\\libe_sqlite3.so": "39C244FEDBCD3DFC37041D4FCE1AE21D",
  "runtimes\\linux-x64\\native\\libe_sqlite3.so": "6F49C540D3AB9964D67A4A704C3D262D",
  "runtimes\\linux-x64\\native\\libglfw.so.3": "9E3137144F68B9E9793F4C7AD5B1BEA7",
  "runtimes\\linux-x64\\native\\libSDL2-2.0.so": "99B95A708381FC66AB2370E45A260527",
  "runtimes\\linux-x64\\native\\libstbi.so": "0945355ED59677D06E3E88F48101BB26",
  "runtimes\\linux-x86\\native\\libe_sqlite3.so": "5E0659B414CBD6DDC38C65582485853E",
  "runtimes\\osx-x64\\native\\libe_sqlite3.dylib": "F82AE134FCD1C080A69D775591406673",
  "runtimes\\osx-x64\\native\\libglfw.3.dylib": "1E30FAB2F0C40E82290AD4B0BF14A880",
  "runtimes\\osx-x64\\native\\libSDL2-2.0.dylib": "AAC958490586C67395F0A90903AE3747",
  "runtimes\\osx-x64\\native\\libstbi.dylib": "0B84B0A6A80178266018081C3CAB68E6",
  "runtimes\\win-arm\\native\\e_sqlite3.dll": "4E303E4AEFEA0601C0E7AF8674DC72C1",
  "runtimes\\win-arm64\\native\\e_sqlite3.dll": "BC3D256C566A37EE6567E3486032DBFA",
  "runtimes\\win-x64\\native\\cimgui.dll": "6DB0DF4A52BD7A2D9F9C01ADA3077609",
  "runtimes\\win-x64\\native\\cimguizmo.dll": "DB2B45E1BDAC3306B9549421D83FEFEC",
  "runtimes\\win-x64\\native\\cimplot.dll": "E6DDA2E4B9A6F52CFDE91E472225EC70",
  "runtimes\\win-x64\\native\\e_sqlite3.dll": "065BBA658BE48AE085B4B36AA016A7DA",
  "runtimes\\win-x64\\native\\glfw3.dll": "F171D43554A24982288F6B7B59576496",
  "runtimes\\win-x64\\native\\minhook.x64d.dll": "46BE4837F89A4FD8B5311843C16F9D6D",
  "runtimes\\win-x64\\native\\SDL2.dll": "C40A94FAB62FDB50AEC6014C6957C008",
  "runtimes\\win-x64\\native\\stbi.dll": "303172C775CF68E7CED2017C8897495B",
  "runtimes\\win-x64\\native\\stbi.lib": "927C214DE576219E1F80DBE7798A0502",
  "runtimes\\win-x86\\native\\e_sqlite3.dll": "63B60501FF5E5ACA1FA66C10A3BF6702",
  "runtimes\\win-x86\\native\\glfw3.dll": "90A3C5C9A5432BAAD1D4005A09D20DDC",
  "runtimes\\win-x86\\native\\SDL2.dll": "FD308359CEED12393182449DADD4ABBA",
  "targets\\Dalamud.Plugin.Bootstrap.targets": "C85635161398CD9852CF7212DB7EB904",
  "targets\\Dalamud.Plugin.targets": "E2AA900DB1F6596D1C203D4112A10F5E",
  "CheapLoc.dll": "24A97E419EAA9E61EC9EA338C179A947",
  "Costura.dll": "A73D571DCDB12C6191CB711FBE9239A6",
  "Dalamud.Boot.dll": "06B1592B6129CA5CF82752ED7C056032",
  "Dalamud.Common.dll": "5631794A621A3AA8B8FDA736D4819B88",
  "Dalamud.deps.json": "71B6F9AED04284FF12895BBD1F27CD87",
  "Dalamud.dll": "ECBEB39B21F82E0BBB0CF2C477D14912",
  "Dalamud.Injector.deps.json": "C1FA0941DC8B38E415776C60C508AAB9",
  "Dalamud.Injector.dll": "C0BEBF160AF61A0A162315CF6C5E9D9F",
  "Dalamud.Injector.exe": "0AB1B6F5D2341467197886479BC3BE69",
  "Dalamud.Injector.runtimeconfig.json": "B9BB65FFE7924D4D8BABE9FA66303200",
  "Dalamud.Injector.xml": "D41E5DF541D19A015215E777D7395C9C",
  "Dalamud.runtimeconfig.json": "2A9CD915428BDD175E0889BD0C225F75",
  "Dalamud.xml": "0C6C0FCA2D3302CB5BDEFE4AD7977903",
  "DalamudCrashHandler.exe": "8B9AECE32BDE90296F9077AB402B91AC",
  "FASM-LICENSE.TXT": "ECEA1D10811221D5F0A3E96F9C38E2C7",
  "FASM.DLL": "FEEFD560C5445CA0EABE9015C20D7E65",
  "FASMX64.DLL": "968552C5364807E196F65CAEBE773809",
  "FFXIVClientStructs.dll": "B1DCEC18690128AE8273E389A5532B80",
  "FFXIVClientStructs.xml": "3C673C8B00E1798B19E579339C9CB903",
  "goaaats.Reloaded.Assembler.targets": "CC22CB0A353E2136EE9E6E96DB9F7164",
  "Iced.dll": "B60D7F6DBF1FCD8778617B8149317677",
  "ImGui.NET.dll": "A1FDE80CC89A7FE78BC061726D55A4AC",
  "ImGuiScene.dll": "A91ED96F81BDD5476E412E840FC04555",
  "InteropGenerator.Runtime.dll": "AF461BEA248E8A876A4175CB36FF0C94",
  "JetBrains.Annotations.dll": "2C2569244074D3BD567AA97DB6308CCD",
  "licenses.txt": "A159BE62AA91178EFC3E3983AE874D1D",
  "Lumina.dll": "75923B45496B4BE93D9C08A740E0CF17",
  "Lumina.Excel.dll": "EEABDA748C5145CE9728428ED2AA1FF4",
  "Microsoft.Bcl.HashCode.dll": "613AB56061ADF2284E047025207467E0",
  "Microsoft.DotNet.PlatformAbstractions.dll": "00AB0F02B1114C57C758F5AD595224F1",
  "Microsoft.Extensions.DependencyModel.dll": "F39BC76C10CFEA478C936FC4521A9FC9",
  "Microsoft.Extensions.ObjectPool.dll": "FEE3CE8A84417360CC5ED787ED6F7DB1",
  "MinSharp.dll": "27519B810EDC5F54F4C7A449AF25BC1F",
  "Mono.Cecil.dll": "5C547403B265BB0C3E398EB305B9B286",
  "Mono.Cecil.Mdb.dll": "C166F31C1F66C4B5F952611D72BC5CC4",
  "Mono.Cecil.Pdb.dll": "EA14AC19221A345168FB80B04BD72EC6",
  "Mono.Cecil.Rocks.dll": "7CCDFD080BCD0DB6214D8DAC220B9EF5",
  "nethost.dll": "012081214FE71F0F6ADCD9F4A71B2B00",
  "Newtonsoft.Json.dll": "86A83A63F12B55FD3718CFBFB577D7DC",
  "PeNet.Asn1.dll": "16284FD84AEECB85A36B8E3DF7315838",
  "PeNet.dll": "33D534480136215926635A530175823A",
  "PInvoke.AdvApi32.dll": "34EE461D05B403C3A15D0DEC32A3788C",
  "PInvoke.BCrypt.dll": "FD07758EE1440491F22923084109FF26",
  "PInvoke.Cabinet.dll": "333D950E3804735DA60CC41D614C63E2",
  "PInvoke.CfgMgr32.dll": "768BE7CC18EDCF78B296A72ABE891691",
  "PInvoke.Crypt32.dll": "E7B00B0851738F4A7F2C6D37DAA973B4",
  "PInvoke.DbgHelp.dll": "E701136169620D20E3A70B560DE20E44",
  "PInvoke.DwmApi.dll": "ACF223CC8962404056648815B486F7D9",
  "PInvoke.Gdi32.dll": "69FF434826F98582CE44D3136ECFFACB",
  "PInvoke.Hid.dll": "2E7A41257F8AD9B26073181F450CD8E5",
  "PInvoke.ImageHlp.dll": "79BE816E8D86EA66489D7780DD675D49",
  "PInvoke.IPHlpApi.dll": "E949FA3326D1BA8872B179AB4EE49D38",
  "PInvoke.Kernel32.dll": "234E15B122ED430DE99490CA1A204958",
  "PInvoke.Magnification.dll": "C9EA3D34F506741ECC044DB19C151F09",
  "PInvoke.Msi.dll": "69EE50CE2DA6B55755E52589F49A7EBC",
  "PInvoke.NCrypt.dll": "DA1DE76C14D99370CA3BEF19DC299B15",
  "PInvoke.NetApi32.dll": "AE79F9FA2E3864A5E0642AE4622ECDC5",
  "PInvoke.NewDev.dll": "B3E1992105D986EF9C5C8E4B630FBB07",
  "PInvoke.NTDll.dll": "3F6BDF840EB27DD0FD9EB8071822183A",
  "PInvoke.Ole32.dll": "3C49FB100B60519FFE725BCD12A538F6",
  "PInvoke.Psapi.dll": "A7683EE4B880227F01C8AE632A892B9E",
  "PInvoke.SetupApi.dll": "1B7AE321185D0081D1759A9AD829F9BA",
  "PInvoke.SHCore.dll": "F27E7F063D51480F6D2294C903E4A606",
  "PInvoke.Shell32.dll": "F71A1BCAF6478190691170DAEA77722F",
  "PInvoke.User32.dll": "8BEDE38311ED4F27127290B81B8079FD",
  "PInvoke.Userenv.dll": "FEB7BCA90B8C905EC2F4BB0789847131",
  "PInvoke.UxTheme.dll": "8E683C016250CB719FDB9AAAFC22B3C5",
  "PInvoke.Windows.Core.dll": "90015440A44935208FFEA9BF61740651",
  "PInvoke.Windows.ShellScalingApi.dll": "F351B34B8C9183A51CADFDC279357C49",
  "PInvoke.WinUsb.dll": "9EB8A0280F2848D1A32B560A939F7336",
  "PInvoke.WtsApi32.dll": "341C94455D2E5893DBE4293D4D67AA4D",
  "Reloaded.Assembler.dll": "A2AA18889029E2B185AD08C7F84FD63D",
  "Reloaded.Hooks.Definitions.dll": "53F84991538364B88CD97B86C266D0E8",
  "Reloaded.Hooks.dll": "469B3EC739B08BDA37C1051F34B0A90A",
  "Reloaded.Memory.Buffers.dll": "8C326AAB8C90375E0FFC3AD101110D60",
  "Reloaded.Memory.dll": "2DEE6399683FA3F932CB51C5512F6699",
  "revision.txt": "001AB2FA029C064A45E41F8B2644A292",
  "SDL2-CS.config": "65557595FD5DF55D93B2BF881DE62C3A",
  "SDL2-CS.dll": "CE84B282965EBD7C5D57BC360C90A648",
  "Serilog.dll": "556E60F6B19FA14058DC594AC366D122",
  "Serilog.Sinks.Async.dll": "864ECCF817A1ACDF9BEBA8280DAD4E86",
  "Serilog.Sinks.Console.dll": "27253FAB6BA3BC24174B92F7B84FF7A3",
  "Serilog.Sinks.File.dll": "208627C3AFD667D0BFBDDBF0EA7503A5",
  "SharpDX.Direct3D11.dll": "62EFAF6BB90D723229ED2105D1779311",
  "SharpDX.dll": "3B1D56753BCCE729807727EFD7419826",
  "SharpDX.DXGI.dll": "2C2A184F4CBA7CF3273352886ABF1126",
  "SharpDX.Mathematics.dll": "67506DF36A27B85BD3C36C94DF20DA0C",
  "Silk.NET.Core.dll": "D7909B0C2D544DE568CD9541BB092E55",
  "Silk.NET.GLFW.dll": "FC9B19FDB3526F253CC50B611AE300DC",
  "Silk.NET.Maths.dll": "21C9C94A36F59678C55FFCE298D998AE",
  "Silk.NET.OpenGL.dll": "65534DFD3DBB8161A538A25FD8195A59",
  "Silk.NET.SDL.dll": "61C85AB9D9ECDC79C7B3CD433429F9B3",
  "Silk.NET.Windowing.Common.dll": "5DE6632BBB3CC936495B4E01D7A73495",
  "Silk.NET.Windowing.Glfw.dll": "6CFFBFC26013103A027D9BF74B8221DF",
  "Silk.NET.Windowing.Sdl.dll": "331A5532EC22318DB2C5CD0A1EFFA9C4",
  "SQLite-net.dll": "16E5974F581723221FD7471C5B6CBC4B",
  "SQLitePCLRaw.batteries_v2.dll": "50EC4BC83AC51D737C9DB882297DEDC0",
  "SQLitePCLRaw.core.dll": "6B985CFB5E3B81166B04D9119A988875",
  "SQLitePCLRaw.nativelibrary.dll": "9AC136904C7D4FD5DE1BEA2AED78D5A3",
  "SQLitePCLRaw.provider.dynamic_cdecl.dll": "FF263F26DE5A81DABEE607A148C906BB",
  "StbiSharp.dll": "E0391A3375AC88801DD0C56FACB9D41B",
  "System.Reactive.dll": "EF5A00287AD15393D41B12AA4B726FF7",
  "System.Reflection.MetadataLoadContext.dll": "7EC41D41F4E1246757BA3E2EC862D562",
  "System.Security.Cryptography.Pkcs.dll": "8950E01996A37E808BE3F39063C37BF9",
  "TEMP_gitver.txt": "181D5A95A7C87E3A53164E07114B8172",
  "TerraFX.Interop.Windows.dll": "84F7EF6B0DE91F8CC23F773D3FD6DEC0",
  "Validation.dll": "628F26D4C06E6DEC839763AA80A0AD4E"
}
