{
  "runtimes\\alpine-x64\\native\\libe_sqlite3.so": "39C244FEDBCD3DFC37041D4FCE1AE21D",
  "runtimes\\linux-arm\\native\\libe_sqlite3.so": "96CF54BC0EFB83D6E3F5F3E04997A59D",
  "runtimes\\linux-arm64\\native\\libe_sqlite3.so": "F079E55E7F3F9966A4A2052A3234E068",
  "runtimes\\linux-armel\\native\\libe_sqlite3.so": "C5A67D49434FC65D64E9C15778078C76",
  "runtimes\\linux-mips64\\native\\libe_sqlite3.so": "5F8461214089CFC677D46C19B7162161",
  "runtimes\\linux-musl-x64\\native\\libe_sqlite3.so": "39C244FEDBCD3DFC37041D4FCE1AE21D",
  "runtimes\\linux-x64\\native\\libe_sqlite3.so": "6F49C540D3AB9964D67A4A704C3D262D",
  "runtimes\\linux-x64\\native\\libglfw.so.3": "9E3137144F68B9E9793F4C7AD5B1BEA7",
  "runtimes\\linux-x64\\native\\libSDL2-2.0.so": "99B95A708381FC66AB2370E45A260527",
  "runtimes\\linux-x64\\native\\libstbi.so": "0945355ED59677D06E3E88F48101BB26",
  "runtimes\\linux-x86\\native\\libe_sqlite3.so": "5E0659B414CBD6DDC38C65582485853E",
  "runtimes\\osx-x64\\native\\libe_sqlite3.dylib": "F82AE134FCD1C080A69D775591406673",
  "runtimes\\osx-x64\\native\\libglfw.3.dylib": "1E30FAB2F0C40E82290AD4B0BF14A880",
  "runtimes\\osx-x64\\native\\libSDL2-2.0.dylib": "AAC958490586C67395F0A90903AE3747",
  "runtimes\\osx-x64\\native\\libstbi.dylib": "0B84B0A6A80178266018081C3CAB68E6",
  "runtimes\\win-arm\\native\\e_sqlite3.dll": "0EA744CEC124FE9819A747F3EFCD6AE2",
  "runtimes\\win-arm64\\native\\e_sqlite3.dll": "1A07C35881AAECBE263D70A0F8868002",
  "runtimes\\win-x64\\native\\cimgui.dll": "09547145A38D21628789298F40E36ED4",
  "runtimes\\win-x64\\native\\cimguizmo.dll": "83A54581DAAAE75FEDCFF852BEEB0AC4",
  "runtimes\\win-x64\\native\\cimplot.dll": "C5C071DFEDC8697A11E2D0FF35EAE242",
  "runtimes\\win-x64\\native\\e_sqlite3.dll": "44980933D1F94CA86D455B5D3F6EF355",
  "runtimes\\win-x64\\native\\glfw3.dll": "B31D46F982F987346692518902C50491",
  "runtimes\\win-x64\\native\\minhook.x64d.dll": "7B9FEF58A491BF478D9463221C3A6790",
  "runtimes\\win-x64\\native\\SDL2.dll": "83D072040D3410C2BBC8E22B67804A75",
  "runtimes\\win-x64\\native\\stbi.dll": "1272B1724C15243965B0E737D9A60710",
  "runtimes\\win-x64\\native\\stbi.lib": "927C214DE576219E1F80DBE7798A0502",
  "runtimes\\win-x86\\native\\e_sqlite3.dll": "D473C72C92D44BF55764DB9A8FCBD07F",
  "runtimes\\win-x86\\native\\glfw3.dll": "4C2BCA256EAEECC8F0135FB82088BAD0",
  "runtimes\\win-x86\\native\\SDL2.dll": "B9F247D2E4256685E3E3B0F0D93A39CB",
  "targets\\Dalamud.Plugin.Bootstrap.targets": "C85635161398CD9852CF7212DB7EB904",
  "targets\\Dalamud.Plugin.targets": "DDD731601C06B16E10CF2F8990452A27",
  "BitFaster.Caching.dll": "E66ED353C6526DF61A0CED5685A73BDB",
  "CheapLoc.dll": "C5EAC3443C1B1D2FE9C1140817343F8A",
  "Costura.dll": "FB6C9D2F799F7128F83ECA4BC5D8A123",
  "Dalamud.Boot.dll": "8F82DF9251398EEB6372D27A16A1FFBF",
  "Dalamud.Common.dll": "20993CD996A855E689BA2631E7E2F53D",
  "Dalamud.deps.json": "0B36E19377BD1CB30AD7C19F0975F2D9",
  "Dalamud.dll": "539882F45F41BBCCCD855FDB13D70707",
  "Dalamud.Injector.deps.json": "C1FA0941DC8B38E415776C60C508AAB9",
  "Dalamud.Injector.dll": "FCF097A2045456DF16A4E81ABAE165C6",
  "Dalamud.Injector.exe": "92E396F65E518818B8C8FD0E27F3B119",
  "Dalamud.Injector.runtimeconfig.json": "B9BB65FFE7924D4D8BABE9FA66303200",
  "Dalamud.Injector.xml": "D41E5DF541D19A015215E777D7395C9C",
  "Dalamud.runtimeconfig.json": "2A9CD915428BDD175E0889BD0C225F75",
  "Dalamud.xml": "DE0DCC96FE29DA190765CC8D18531384",
  "DalamudCrashHandler.exe": "3D6D86EA0435B6BACD49F8A863414BEE",
  "FASM-LICENSE.TXT": "ECEA1D10811221D5F0A3E96F9C38E2C7",
  "FASM.DLL": "E595B6540DA6088112B1558BC1CDB0E7",
  "FASMX64.DLL": "EB9E75A08FB0D9CDD589671921292215",
  "FFXIVClientStructs.dll": "64EE8852F647BAA6F6D7E3562085A2B1",
  "FFXIVClientStructs.xml": "B376624435E54BBA877D29E845860A8C",
  "goaaats.Reloaded.Assembler.targets": "CC22CB0A353E2136EE9E6E96DB9F7164",
  "Iced.dll": "449A5406BA7D004FEF37DB4F61F7654A",
  "ImGui.NET.dll": "E845FA50A4FE064316CBCC4510FDB11B",
  "ImGuiScene.dll": "B27174B741B348963240ED446F7936EF",
  "InteropGenerator.Runtime.dll": "3AB9E16FF0B39B9BB2050958C47CA2EC",
  "JetBrains.Annotations.dll": "0B32B6551C113773C675F99FDC16DDD9",
  "licenses.txt": "A159BE62AA91178EFC3E3983AE874D1D",
  "Lumina.dll": "F7D1203DF6972ACEECC5490CA656859F",
  "Lumina.Excel.dll": "55278D7C83B23FB97E43C1790F3DB7EB",
  "Microsoft.Bcl.HashCode.dll": "613AB56061ADF2284E047025207467E0",
  "Microsoft.DotNet.PlatformAbstractions.dll": "00AB0F02B1114C57C758F5AD595224F1",
  "Microsoft.Extensions.DependencyModel.dll": "F39BC76C10CFEA478C936FC4521A9FC9",
  "Microsoft.Extensions.ObjectPool.dll": "FEE3CE8A84417360CC5ED787ED6F7DB1",
  "MinSharp.dll": "66C3237679333752FD9234D79DF1DD9F",
  "Mono.Cecil.dll": "8954267F944890B67EAE62CEFDD0A975",
  "Mono.Cecil.Mdb.dll": "421B0DAFE1DF58646035B0EBFF933859",
  "Mono.Cecil.Pdb.dll": "406D6821B3455BDE76AC3BABCCCA391D",
  "Mono.Cecil.Rocks.dll": "B4833317B52CC67E4DCB1D83DBA9CB9A",
  "nethost.dll": "012081214FE71F0F6ADCD9F4A71B2B00",
  "Newtonsoft.Json.dll": "86A83A63F12B55FD3718CFBFB577D7DC",
  "PeNet.Asn1.dll": "F92F0E97DADB665882BC7A0D333FE70B",
  "PeNet.dll": "E2E447178A227D583F1F64FB130EC71D",
  "PInvoke.AdvApi32.dll": "34EE461D05B403C3A15D0DEC32A3788C",
  "PInvoke.BCrypt.dll": "FD07758EE1440491F22923084109FF26",
  "PInvoke.Cabinet.dll": "333D950E3804735DA60CC41D614C63E2",
  "PInvoke.CfgMgr32.dll": "768BE7CC18EDCF78B296A72ABE891691",
  "PInvoke.Crypt32.dll": "E7B00B0851738F4A7F2C6D37DAA973B4",
  "PInvoke.DbgHelp.dll": "E701136169620D20E3A70B560DE20E44",
  "PInvoke.DwmApi.dll": "ACF223CC8962404056648815B486F7D9",
  "PInvoke.Gdi32.dll": "69FF434826F98582CE44D3136ECFFACB",
  "PInvoke.Hid.dll": "2E7A41257F8AD9B26073181F450CD8E5",
  "PInvoke.ImageHlp.dll": "79BE816E8D86EA66489D7780DD675D49",
  "PInvoke.IPHlpApi.dll": "E949FA3326D1BA8872B179AB4EE49D38",
  "PInvoke.Kernel32.dll": "234E15B122ED430DE99490CA1A204958",
  "PInvoke.Magnification.dll": "C9EA3D34F506741ECC044DB19C151F09",
  "PInvoke.Msi.dll": "69EE50CE2DA6B55755E52589F49A7EBC",
  "PInvoke.NCrypt.dll": "DA1DE76C14D99370CA3BEF19DC299B15",
  "PInvoke.NetApi32.dll": "AE79F9FA2E3864A5E0642AE4622ECDC5",
  "PInvoke.NewDev.dll": "B3E1992105D986EF9C5C8E4B630FBB07",
  "PInvoke.NTDll.dll": "3F6BDF840EB27DD0FD9EB8071822183A",
  "PInvoke.Ole32.dll": "3C49FB100B60519FFE725BCD12A538F6",
  "PInvoke.Psapi.dll": "A7683EE4B880227F01C8AE632A892B9E",
  "PInvoke.SetupApi.dll": "1B7AE321185D0081D1759A9AD829F9BA",
  "PInvoke.SHCore.dll": "F27E7F063D51480F6D2294C903E4A606",
  "PInvoke.Shell32.dll": "F71A1BCAF6478190691170DAEA77722F",
  "PInvoke.User32.dll": "8BEDE38311ED4F27127290B81B8079FD",
  "PInvoke.Userenv.dll": "FEB7BCA90B8C905EC2F4BB0789847131",
  "PInvoke.UxTheme.dll": "8E683C016250CB719FDB9AAAFC22B3C5",
  "PInvoke.Windows.Core.dll": "90015440A44935208FFEA9BF61740651",
  "PInvoke.Windows.ShellScalingApi.dll": "F351B34B8C9183A51CADFDC279357C49",
  "PInvoke.WinUsb.dll": "9EB8A0280F2848D1A32B560A939F7336",
  "PInvoke.WtsApi32.dll": "341C94455D2E5893DBE4293D4D67AA4D",
  "Reloaded.Assembler.dll": "2127ACF8469BF28542F912C8CD116AF0",
  "Reloaded.Hooks.Definitions.dll": "E10DA1D618448C37B5AFFC4072E3F445",
  "Reloaded.Hooks.dll": "93D2748FD3B00C38D7625213933635B6",
  "Reloaded.Memory.Buffers.dll": "8F0B565CE7807E5CFD461F5EEFA5B48C",
  "Reloaded.Memory.dll": "8027B7813D1B7EBE7007EA5506AD3633",
  "revision.txt": "A4BD4D2B1CC64ABF1FFFB8103DA2B890",
  "SDL2-CS.config": "65557595FD5DF55D93B2BF881DE62C3A",
  "SDL2-CS.dll": "C8CA9778A780EA7B9E3F2A34F40D4E37",
  "Serilog.dll": "58300F1EFC829852EA36030E9B3ADBBB",
  "Serilog.Sinks.Async.dll": "70A506D2F1D467580C2D9522ADA88DA7",
  "Serilog.Sinks.Console.dll": "DEA5FEE3EDA1583E102D6A2ACFB3A7B7",
  "Serilog.Sinks.File.dll": "F1DD1504DE89BBBCBFC066C1641AC5F0",
  "SharpDX.Direct3D11.dll": "153EC3E56C984FBD70694971666767DA",
  "SharpDX.dll": "3DCE927B85799592711125446F42C4E6",
  "SharpDX.DXGI.dll": "E68A81E7D11D32A0534A303639904CFC",
  "SharpDX.Mathematics.dll": "A5DF6B52952B8BAE7F20BD687B3AAF1F",
  "Silk.NET.Core.dll": "3F439533112D4C245CA28AB051C2B9E7",
  "Silk.NET.GLFW.dll": "C6BEFD8F7397A507D98CCED0470A6F45",
  "Silk.NET.Maths.dll": "3242CCC4F1386D727ABD8424AE60807C",
  "Silk.NET.OpenGL.dll": "6CF93C4E9D7097232E8EBF2F2FBC2B8D",
  "Silk.NET.SDL.dll": "1F9809D8E78AAB5CB426A5206F913943",
  "Silk.NET.Windowing.Common.dll": "4E05DF56B8A97E8D2EC3701A0A006F5E",
  "Silk.NET.Windowing.Glfw.dll": "786903900379A08C848497C4040EBAFF",
  "Silk.NET.Windowing.Sdl.dll": "6777B87F6D7FBEF58CF5C0236173E21C",
  "SQLite-net.dll": "1E5FF99DC7440E2C1598AAEDF0C6F061",
  "SQLitePCLRaw.batteries_v2.dll": "79B0F728C1C6C09FB8B872C0C2F60402",
  "SQLitePCLRaw.core.dll": "1921E6A508609DD214BF93B8DF730EED",
  "SQLitePCLRaw.nativelibrary.dll": "A2CB5CC10A40E49ACF420F00D4D43A5D",
  "SQLitePCLRaw.provider.dynamic_cdecl.dll": "4DB4966744CB6FDFEC6A46AF0D3E42B2",
  "StbiSharp.dll": "87D8F8B4F4AC633CE9DC226D2180C26A",
  "System.Reactive.dll": "EF5A00287AD15393D41B12AA4B726FF7",
  "System.Reflection.MetadataLoadContext.dll": "7EC41D41F4E1246757BA3E2EC862D562",
  "System.Security.Cryptography.Pkcs.dll": "8950E01996A37E808BE3F39063C37BF9",
  "TEMP_gitver.txt": "329F87953585046525C5DF17ADC26D4B",
  "TerraFX.Interop.Windows.dll": "84F7EF6B0DE91F8CC23F773D3FD6DEC0",
  "Validation.dll": "D97908B11186D01D759C79272354FE69"
}
