{
  "runtimes\\alpine-x64\\native\\libe_sqlite3.so": "39C244FEDBCD3DFC37041D4FCE1AE21D",
  "runtimes\\linux-arm\\native\\libe_sqlite3.so": "96CF54BC0EFB83D6E3F5F3E04997A59D",
  "runtimes\\linux-arm64\\native\\libe_sqlite3.so": "F079E55E7F3F9966A4A2052A3234E068",
  "runtimes\\linux-armel\\native\\libe_sqlite3.so": "C5A67D49434FC65D64E9C15778078C76",
  "runtimes\\linux-mips64\\native\\libe_sqlite3.so": "5F8461214089CFC677D46C19B7162161",
  "runtimes\\linux-musl-x64\\native\\libe_sqlite3.so": "39C244FEDBCD3DFC37041D4FCE1AE21D",
  "runtimes\\linux-x64\\native\\libe_sqlite3.so": "6F49C540D3AB9964D67A4A704C3D262D",
  "runtimes\\linux-x64\\native\\libglfw.so.3": "9E3137144F68B9E9793F4C7AD5B1BEA7",
  "runtimes\\linux-x64\\native\\libSDL2-2.0.so": "99B95A708381FC66AB2370E45A260527",
  "runtimes\\linux-x64\\native\\libstbi.so": "0945355ED59677D06E3E88F48101BB26",
  "runtimes\\linux-x86\\native\\libe_sqlite3.so": "5E0659B414CBD6DDC38C65582485853E",
  "runtimes\\osx-x64\\native\\libe_sqlite3.dylib": "F82AE134FCD1C080A69D775591406673",
  "runtimes\\osx-x64\\native\\libglfw.3.dylib": "1E30FAB2F0C40E82290AD4B0BF14A880",
  "runtimes\\osx-x64\\native\\libSDL2-2.0.dylib": "AAC958490586C67395F0A90903AE3747",
  "runtimes\\osx-x64\\native\\libstbi.dylib": "0B84B0A6A80178266018081C3CAB68E6",
  "runtimes\\win-arm\\native\\e_sqlite3.dll": "90686ADD690AC3D47E517E8D37BD541F",
  "runtimes\\win-arm64\\native\\e_sqlite3.dll": "9BD0737978B9127E51DDE844BE0A7B1C",
  "runtimes\\win-x64\\native\\e_sqlite3.dll": "DB1382F177AA98FFCC8A3B5F7891E3C0",
  "runtimes\\win-x64\\native\\glfw3.dll": "EA25D7713DAD4EB0151765887637AF2C",
  "runtimes\\win-x64\\native\\minhook.x64d.dll": "68E198E72D515493D95E7EA0B468AA0E",
  "runtimes\\win-x64\\native\\SDL2.dll": "42B3A9C55B0CE2E02ED3737F5A56FD0F",
  "runtimes\\win-x64\\native\\stbi.dll": "B168CABBFAD58516FD7CBDF7A555ADD9",
  "runtimes\\win-x64\\native\\stbi.lib": "927C214DE576219E1F80DBE7798A0502",
  "runtimes\\win-x86\\native\\e_sqlite3.dll": "77388D01B6AC016A6022DBDD95FE4839",
  "runtimes\\win-x86\\native\\glfw3.dll": "541F6BD9A7B0DBF48CE331994258A065",
  "runtimes\\win-x86\\native\\SDL2.dll": "2C17F14C41516FFBCA4F698333AB13B3",
  "targets\\Dalamud.Plugin.Bootstrap.targets": "C85635161398CD9852CF7212DB7EB904",
  "targets\\Dalamud.Plugin.targets": "69D15EDFB3D4F0BEE3A099216E4DE057",
  "BitFaster.Caching.dll": "3558B85453D2CB354888C3651B493525",
  "CheapLoc.dll": "D16A5E11CC2A582B566417E457BEA48B",
  "cimgui.dll": "84E27A1930562956A88EBCF846C9CC7A",
  "cimguizmo.dll": "DC0972042CAB8AC633334535ED9C5586",
  "cimplot.dll": "89A857EDA062CA1C7F6EE342D50B970F",
  "commit_hash.txt": "B932E0EA526889F5B2E32166F7B5B867",
  "Dalamud.Boot.dll": "3EDC71C9C942779EBD5ECC970E4FB119",
  "Dalamud.Common.dll": "536A5FDC21A22D17B8F6B3440FBA14EB",
  "Dalamud.deps.json": "41BDCA85DBDEBD54C1A74A4C28F31B4C",
  "Dalamud.dll": "2554008DB488E5547D823FF8F7C4E764",
  "Dalamud.Injector.deps.json": "C21972522E8133995B2C9562B3E39983",
  "Dalamud.Injector.dll": "31081AAC65E3396B7AD42001D53DD61E",
  "Dalamud.Injector.exe": "DC2591B444CA2BFF7936C2BCBD31FC3B",
  "Dalamud.Injector.runtimeconfig.json": "439C534917CEF268A731631073E50FE4",
  "Dalamud.Injector.xml": "D41E5DF541D19A015215E777D7395C9C",
  "Dalamud.runtimeconfig.json": "CA3935E9C6B9E3300F2D7171E4AF6335",
  "Dalamud.xml": "E043DBF83C70FC621509C467C7C8D254",
  "DalamudCrashHandler.exe": "3465BF1159EDB92A3A7569AF6309F261",
  "FASM-LICENSE.TXT": "ECEA1D10811221D5F0A3E96F9C38E2C7",
  "FASM.DLL": "E4F3703281769A6B063E24C6AA6384FD",
  "FASMX64.DLL": "148943BACA3EEDF321B38BBB512D1DA6",
  "FFXIVClientStructs.dll": "38E2B240D6160BAFDA0725577DB6E980",
  "FFXIVClientStructs.xml": "342C28E4CB7417BFAF880E53B25A34BD",
  "goaaats.Reloaded.Assembler.targets": "CC22CB0A353E2136EE9E6E96DB9F7164",
  "Iced.dll": "3434199D52ECA707FDF9A309EF8A641E",
  "ImGui.NET.dll": "D12F90CB8BDD2A715421CEA040FBE8C6",
  "ImGuiScene.dll": "518866D47E63315222DF8545718E7CD9",
  "InteropGenerator.Runtime.dll": "ECF4FCF029AF2FCB60D587D30C63DA9A",
  "JetBrains.Annotations.dll": "DB1194BD457CB89615EC0354A19F3623",
  "licenses.txt": "A159BE62AA91178EFC3E3983AE874D1D",
  "Lumina.dll": "3FBC619B1EF98D916344C8BDFF205704",
  "Lumina.Excel.dll": "639EDBD61DA45B8E164620D5A8E03031",
  "Microsoft.Bcl.HashCode.dll": "613AB56061ADF2284E047025207467E0",
  "Microsoft.DotNet.PlatformAbstractions.dll": "00AB0F02B1114C57C758F5AD595224F1",
  "Microsoft.Extensions.DependencyModel.dll": "F39BC76C10CFEA478C936FC4521A9FC9",
  "Microsoft.Extensions.ObjectPool.dll": "B0558CE087EAE95853E35579300F3A77",
  "MinSharp.dll": "08AA53A8D990C6C01208EF1EAECC7833",
  "Mono.Cecil.dll": "019AE676DE011BA513CFF8A6F6E4E467",
  "Mono.Cecil.Mdb.dll": "D178B095EF242C05FCA04058DE62EC6C",
  "Mono.Cecil.Pdb.dll": "03D21C16C795577058DA2478495ECDD3",
  "Mono.Cecil.Rocks.dll": "0C3232B930E5736533C54E7270736FDE",
  "nethost.dll": "21F39F71E2F4B5BA9FB3F126872F2F9B",
  "Newtonsoft.Json.dll": "ADF3E3EECDE20B7C9661E9C47106A14A",
  "PeNet.Asn1.dll": "6CD2F62AC00DDCD79034964B6F097832",
  "PeNet.dll": "B1D81FEE6F74C2BE4D45A7EA9B386DED",
  "PInvoke.AdvApi32.dll": "34EE461D05B403C3A15D0DEC32A3788C",
  "PInvoke.BCrypt.dll": "FD07758EE1440491F22923084109FF26",
  "PInvoke.Cabinet.dll": "333D950E3804735DA60CC41D614C63E2",
  "PInvoke.CfgMgr32.dll": "768BE7CC18EDCF78B296A72ABE891691",
  "PInvoke.Crypt32.dll": "E7B00B0851738F4A7F2C6D37DAA973B4",
  "PInvoke.DbgHelp.dll": "E701136169620D20E3A70B560DE20E44",
  "PInvoke.DwmApi.dll": "ACF223CC8962404056648815B486F7D9",
  "PInvoke.Gdi32.dll": "69FF434826F98582CE44D3136ECFFACB",
  "PInvoke.Hid.dll": "2E7A41257F8AD9B26073181F450CD8E5",
  "PInvoke.ImageHlp.dll": "79BE816E8D86EA66489D7780DD675D49",
  "PInvoke.IPHlpApi.dll": "E949FA3326D1BA8872B179AB4EE49D38",
  "PInvoke.Kernel32.dll": "234E15B122ED430DE99490CA1A204958",
  "PInvoke.Magnification.dll": "C9EA3D34F506741ECC044DB19C151F09",
  "PInvoke.Msi.dll": "69EE50CE2DA6B55755E52589F49A7EBC",
  "PInvoke.NCrypt.dll": "DA1DE76C14D99370CA3BEF19DC299B15",
  "PInvoke.NetApi32.dll": "AE79F9FA2E3864A5E0642AE4622ECDC5",
  "PInvoke.NewDev.dll": "B3E1992105D986EF9C5C8E4B630FBB07",
  "PInvoke.NTDll.dll": "3F6BDF840EB27DD0FD9EB8071822183A",
  "PInvoke.Ole32.dll": "3C49FB100B60519FFE725BCD12A538F6",
  "PInvoke.Psapi.dll": "A7683EE4B880227F01C8AE632A892B9E",
  "PInvoke.SetupApi.dll": "1B7AE321185D0081D1759A9AD829F9BA",
  "PInvoke.SHCore.dll": "F27E7F063D51480F6D2294C903E4A606",
  "PInvoke.Shell32.dll": "F71A1BCAF6478190691170DAEA77722F",
  "PInvoke.User32.dll": "8BEDE38311ED4F27127290B81B8079FD",
  "PInvoke.Userenv.dll": "FEB7BCA90B8C905EC2F4BB0789847131",
  "PInvoke.UxTheme.dll": "8E683C016250CB719FDB9AAAFC22B3C5",
  "PInvoke.Windows.Core.dll": "90015440A44935208FFEA9BF61740651",
  "PInvoke.Windows.ShellScalingApi.dll": "F351B34B8C9183A51CADFDC279357C49",
  "PInvoke.WinUsb.dll": "9EB8A0280F2848D1A32B560A939F7336",
  "PInvoke.WtsApi32.dll": "341C94455D2E5893DBE4293D4D67AA4D",
  "Reloaded.Assembler.dll": "224C5AD59C14EBB6B106A82693B7A0E3",
  "Reloaded.Hooks.Definitions.dll": "7CE53C15BB63669A3083CE98268C6C5E",
  "Reloaded.Hooks.dll": "982F32CEB1A725160E88E586BE70C2AE",
  "Reloaded.Memory.Buffers.dll": "892785A296C28F13FD4DA74D53936D0A",
  "Reloaded.Memory.dll": "2E028953D5CC00F7053F60A14CF7780B",
  "revision.txt": "773FC3013FEC43C958724A25B7DCB360",
  "SDL2-CS.config": "65557595FD5DF55D93B2BF881DE62C3A",
  "SDL2-CS.dll": "0C0ED840210302E6D8506E3ECC607CE3",
  "Serilog.dll": "D63B7ECE2EE0A29D8B2C8239CD0D9C27",
  "Serilog.Sinks.Async.dll": "84A886C8A2221C47289E84C1F9AEDD7A",
  "Serilog.Sinks.Console.dll": "DC721FA57C43FFE56ADC049C5DC0EB64",
  "Serilog.Sinks.File.dll": "B1D7E5913E5ECC911EB65A483D1DC8C8",
  "SharpDX.Direct3D11.dll": "1A1D6601E51F5CD59A8BE5BE80A731E7",
  "SharpDX.dll": "AC03A453F9D52CABC87D06B664110F28",
  "SharpDX.DXGI.dll": "DADA9E18C4D0D93945B8D8D5F26EB96E",
  "SharpDX.Mathematics.dll": "E0EC858E41110D2A35AC521E1636940A",
  "Silk.NET.Core.dll": "8C93A125DAE1103DA2FD188B079584D6",
  "Silk.NET.GLFW.dll": "099C51208451D4474B8EC45AD730A88F",
  "Silk.NET.Maths.dll": "A6DE666A4A737B7A5A026B70A9E5A468",
  "Silk.NET.OpenGL.dll": "BF9C3D964178AA67229BB19915B55297",
  "Silk.NET.SDL.dll": "11A30339C12300F343205552C287ED1C",
  "Silk.NET.Windowing.Common.dll": "10BF3FE111B8DA5E3D83A4F30A24CCDF",
  "Silk.NET.Windowing.Glfw.dll": "F07A903C3B5A7167AABC957DAA942208",
  "Silk.NET.Windowing.Sdl.dll": "B5559FF5FEEC8F827920E105B44AE305",
  "SQLite-net.dll": "480B35F79F9F8DBDAB7942DBADCB82F7",
  "SQLitePCLRaw.batteries_v2.dll": "500F4E693E301EFD2ABBD7CC441FD823",
  "SQLitePCLRaw.core.dll": "2849BA9C44D685948FED1AC1E2B781FC",
  "SQLitePCLRaw.nativelibrary.dll": "3691CC0FE56E496AF05725068F9B66E4",
  "SQLitePCLRaw.provider.dynamic_cdecl.dll": "4292DE723E832EA6AE8AC6DF5F273BF9",
  "StbiSharp.dll": "560D1223D1204EFB7B26102AD319D4A6",
  "System.Reactive.dll": "EF5A00287AD15393D41B12AA4B726FF7",
  "System.Reflection.MetadataLoadContext.dll": "E88E3AF6D37736F339022C9ACC5F2F7B",
  "System.Security.Cryptography.Pkcs.dll": "8950E01996A37E808BE3F39063C37BF9",
  "TEMP_gitver.txt": "C99D92CE1E72CBB3F1E2A096AE6D233B",
  "TerraFX.Interop.Windows.dll": "84F7EF6B0DE91F8CC23F773D3FD6DEC0",
  "Validation.dll": "1BD72A196CA8DB37FFE6553AE66C95C9"
}
