{
  "runtimes\\alpine-x64\\native\\libe_sqlite3.so": "39C244FEDBCD3DFC37041D4FCE1AE21D",
  "runtimes\\linux-arm\\native\\libe_sqlite3.so": "96CF54BC0EFB83D6E3F5F3E04997A59D",
  "runtimes\\linux-arm64\\native\\libe_sqlite3.so": "F079E55E7F3F9966A4A2052A3234E068",
  "runtimes\\linux-armel\\native\\libe_sqlite3.so": "C5A67D49434FC65D64E9C15778078C76",
  "runtimes\\linux-mips64\\native\\libe_sqlite3.so": "5F8461214089CFC677D46C19B7162161",
  "runtimes\\linux-musl-x64\\native\\libe_sqlite3.so": "39C244FEDBCD3DFC37041D4FCE1AE21D",
  "runtimes\\linux-x64\\native\\libe_sqlite3.so": "6F49C540D3AB9964D67A4A704C3D262D",
  "runtimes\\linux-x64\\native\\libglfw.so.3": "9E3137144F68B9E9793F4C7AD5B1BEA7",
  "runtimes\\linux-x64\\native\\libSDL2-2.0.so": "99B95A708381FC66AB2370E45A260527",
  "runtimes\\linux-x64\\native\\libstbi.so": "0945355ED59677D06E3E88F48101BB26",
  "runtimes\\linux-x86\\native\\libe_sqlite3.so": "5E0659B414CBD6DDC38C65582485853E",
  "runtimes\\osx-x64\\native\\libe_sqlite3.dylib": "F82AE134FCD1C080A69D775591406673",
  "runtimes\\osx-x64\\native\\libglfw.3.dylib": "1E30FAB2F0C40E82290AD4B0BF14A880",
  "runtimes\\osx-x64\\native\\libSDL2-2.0.dylib": "AAC958490586C67395F0A90903AE3747",
  "runtimes\\osx-x64\\native\\libstbi.dylib": "0B84B0A6A80178266018081C3CAB68E6",
  "runtimes\\win-arm\\native\\e_sqlite3.dll": "23357AD4685BC953F4EFF3CB3AAD2196",
  "runtimes\\win-arm64\\native\\e_sqlite3.dll": "F0FD9CF5FBC9EE98588F30E5E4705DC8",
  "runtimes\\win-x64\\native\\e_sqlite3.dll": "2C3D19462EB738B139E874E601950B19",
  "runtimes\\win-x64\\native\\glfw3.dll": "DD59126F6428D0581E9B911964FF7220",
  "runtimes\\win-x64\\native\\minhook.x64d.dll": "1A2C7CB26FFC7BFF86B3E7CDEBBB8891",
  "runtimes\\win-x64\\native\\SDL2.dll": "2F9E46E49C41B9A81FF7E0AE31E98355",
  "runtimes\\win-x64\\native\\stbi.dll": "BA26C67A3CAD0B1F74BAD2CF47A568D4",
  "runtimes\\win-x64\\native\\stbi.lib": "927C214DE576219E1F80DBE7798A0502",
  "runtimes\\win-x86\\native\\e_sqlite3.dll": "D274CC4711B0568BF7F309F66950C469",
  "runtimes\\win-x86\\native\\glfw3.dll": "F180E9EBE81A551DEBB150F062CFD265",
  "runtimes\\win-x86\\native\\SDL2.dll": "C586BDFE4D1BD5350CFE7461A5B1192C",
  "targets\\Dalamud.Plugin.Bootstrap.targets": "C85635161398CD9852CF7212DB7EB904",
  "targets\\Dalamud.Plugin.targets": "69D15EDFB3D4F0BEE3A099216E4DE057",
  "BitFaster.Caching.dll": "3173C716908408CD6D7A8FC1969034A9",
  "CheapLoc.dll": "327F466648CEFD4F05F46B940F266657",
  "cimgui.dll": "06FDD6862DAFB72408D09E598100AB00",
  "cimguizmo.dll": "F2DC1A3383A4FEF184945F407773CB5D",
  "cimplot.dll": "FDB35B372E94492E61F0A98F90DBC2FE",
  "commit_hash.txt": "6D8E7E4A3C881E6F3BD0A542183D4B8D",
  "Dalamud.Boot.dll": "211BBDA4EC9A66BCC5C3C5F0B6727739",
  "Dalamud.Common.dll": "DEDCCFC29ABF4449D529EFC47EA852BC",
  "Dalamud.deps.json": "CD98ED94E7C3CC64425C0D5E318D7E37",
  "Dalamud.dll": "D8824270F3DBBAAE65BC55E8B78430F5",
  "Dalamud.Injector.deps.json": "C21972522E8133995B2C9562B3E39983",
  "Dalamud.Injector.dll": "AB790959A543D729B54CC4EFC6231309",
  "Dalamud.Injector.exe": "9A829CF22E877335C00F2352AAE46427",
  "Dalamud.Injector.runtimeconfig.json": "439C534917CEF268A731631073E50FE4",
  "Dalamud.Injector.xml": "D41E5DF541D19A015215E777D7395C9C",
  "Dalamud.runtimeconfig.json": "CA3935E9C6B9E3300F2D7171E4AF6335",
  "Dalamud.xml": "3A6DC567D4B3EF3395FE52854AA11C5B",
  "DalamudCrashHandler.exe": "80D11E7F049A0C581202681B49951A16",
  "FASM-LICENSE.TXT": "ECEA1D10811221D5F0A3E96F9C38E2C7",
  "FASM.DLL": "05034BEF84B930DEFC91918724494C83",
  "FASMX64.DLL": "4593E42D535B8DC4116CFF31E270015C",
  "FFXIVClientStructs.dll": "4A8BF40B791A1761C2B79A93216B212C",
  "FFXIVClientStructs.xml": "D6592F39DF73EA79469DC7FBECE70D6A",
  "goaaats.Reloaded.Assembler.targets": "CC22CB0A353E2136EE9E6E96DB9F7164",
  "Iced.dll": "EFD9FC58C9B821E6A37027A73BEA941C",
  "ImGui.NET.dll": "64A795DBFC277F82B6029A059C6FE949",
  "ImGuiScene.dll": "27600C9D281B5EE63BE7834CE071E73A",
  "InteropGenerator.Runtime.dll": "710D00A7BBF68828C52E97BA5AABB430",
  "JetBrains.Annotations.dll": "7EB03B44A3B5653390A9403E5AAE81C2",
  "licenses.txt": "A159BE62AA91178EFC3E3983AE874D1D",
  "Lumina.dll": "985DE39C3FB116EA028B7FF6024D93F6",
  "Lumina.Excel.dll": "AFD5C2BF26CF6442B33B84683724B1E9",
  "Microsoft.Bcl.HashCode.dll": "613AB56061ADF2284E047025207467E0",
  "Microsoft.DotNet.PlatformAbstractions.dll": "00AB0F02B1114C57C758F5AD595224F1",
  "Microsoft.Extensions.DependencyModel.dll": "F39BC76C10CFEA478C936FC4521A9FC9",
  "Microsoft.Extensions.ObjectPool.dll": "B0558CE087EAE95853E35579300F3A77",
  "MinSharp.dll": "2A038351011264B1147031A1CEEDC88C",
  "Mono.Cecil.dll": "B6F46C7209F69D510FE23CE34C0842A9",
  "Mono.Cecil.Mdb.dll": "6B3E59B026948E2D7559B55A40E78047",
  "Mono.Cecil.Pdb.dll": "36EEF4D9EE3AA6F0F3CC2B82B468C2AA",
  "Mono.Cecil.Rocks.dll": "39D98AA8BFCC8906AADD0DFA0478C75A",
  "nethost.dll": "21F39F71E2F4B5BA9FB3F126872F2F9B",
  "Newtonsoft.Json.dll": "ADF3E3EECDE20B7C9661E9C47106A14A",
  "PeNet.Asn1.dll": "FB2A46CC71C7005472683F5A06E97047",
  "PeNet.dll": "C933872E6BD529A731274B8E11F1774A",
  "PInvoke.AdvApi32.dll": "34EE461D05B403C3A15D0DEC32A3788C",
  "PInvoke.BCrypt.dll": "FD07758EE1440491F22923084109FF26",
  "PInvoke.Cabinet.dll": "333D950E3804735DA60CC41D614C63E2",
  "PInvoke.CfgMgr32.dll": "768BE7CC18EDCF78B296A72ABE891691",
  "PInvoke.Crypt32.dll": "E7B00B0851738F4A7F2C6D37DAA973B4",
  "PInvoke.DbgHelp.dll": "E701136169620D20E3A70B560DE20E44",
  "PInvoke.DwmApi.dll": "ACF223CC8962404056648815B486F7D9",
  "PInvoke.Gdi32.dll": "69FF434826F98582CE44D3136ECFFACB",
  "PInvoke.Hid.dll": "2E7A41257F8AD9B26073181F450CD8E5",
  "PInvoke.ImageHlp.dll": "79BE816E8D86EA66489D7780DD675D49",
  "PInvoke.IPHlpApi.dll": "E949FA3326D1BA8872B179AB4EE49D38",
  "PInvoke.Kernel32.dll": "234E15B122ED430DE99490CA1A204958",
  "PInvoke.Magnification.dll": "C9EA3D34F506741ECC044DB19C151F09",
  "PInvoke.Msi.dll": "69EE50CE2DA6B55755E52589F49A7EBC",
  "PInvoke.NCrypt.dll": "DA1DE76C14D99370CA3BEF19DC299B15",
  "PInvoke.NetApi32.dll": "AE79F9FA2E3864A5E0642AE4622ECDC5",
  "PInvoke.NewDev.dll": "B3E1992105D986EF9C5C8E4B630FBB07",
  "PInvoke.NTDll.dll": "3F6BDF840EB27DD0FD9EB8071822183A",
  "PInvoke.Ole32.dll": "3C49FB100B60519FFE725BCD12A538F6",
  "PInvoke.Psapi.dll": "A7683EE4B880227F01C8AE632A892B9E",
  "PInvoke.SetupApi.dll": "1B7AE321185D0081D1759A9AD829F9BA",
  "PInvoke.SHCore.dll": "F27E7F063D51480F6D2294C903E4A606",
  "PInvoke.Shell32.dll": "F71A1BCAF6478190691170DAEA77722F",
  "PInvoke.User32.dll": "8BEDE38311ED4F27127290B81B8079FD",
  "PInvoke.Userenv.dll": "FEB7BCA90B8C905EC2F4BB0789847131",
  "PInvoke.UxTheme.dll": "8E683C016250CB719FDB9AAAFC22B3C5",
  "PInvoke.Windows.Core.dll": "90015440A44935208FFEA9BF61740651",
  "PInvoke.Windows.ShellScalingApi.dll": "F351B34B8C9183A51CADFDC279357C49",
  "PInvoke.WinUsb.dll": "9EB8A0280F2848D1A32B560A939F7336",
  "PInvoke.WtsApi32.dll": "341C94455D2E5893DBE4293D4D67AA4D",
  "Reloaded.Assembler.dll": "3491AFA788DF143319DE3225322B8986",
  "Reloaded.Hooks.Definitions.dll": "389C80A8B4387990612E510BF83FEFBB",
  "Reloaded.Hooks.dll": "280A1D7643000CAE9CAC72B8E419EA28",
  "Reloaded.Memory.Buffers.dll": "F14B7C6E82FD7190307FEC8C7A983C9C",
  "Reloaded.Memory.dll": "E6B7A48C4D6D7AF9B7FA23ABEDD07539",
  "revision.txt": "90415F9B8D0FE2DA891B58A2DAB18F8D",
  "SDL2-CS.config": "65557595FD5DF55D93B2BF881DE62C3A",
  "SDL2-CS.dll": "F4771979CD6314C5EB6297FD4F3FC463",
  "Serilog.dll": "FEEE58FE5BAAFE9A25018F678A023219",
  "Serilog.Sinks.Async.dll": "ED0177E6D83E4ED87800A6D0A231E5A8",
  "Serilog.Sinks.Console.dll": "407753D34D26E212861178FB2EBE085E",
  "Serilog.Sinks.File.dll": "6EDCC938B33EEC49AADD5A956728B37C",
  "SharpDX.Direct3D11.dll": "650BA7CCEA3E2B68194E104615B7D00A",
  "SharpDX.dll": "A0389004C625B8EFEF258E41B3C4CC7D",
  "SharpDX.DXGI.dll": "9B1AAE2A0A6DEF680593F01A0FC3894F",
  "SharpDX.Mathematics.dll": "FA9243809DA5B1AFAA1FCEFB2BA2F671",
  "Silk.NET.Core.dll": "AE954E54BA98A5EB00666AC6B0077656",
  "Silk.NET.GLFW.dll": "4FCE19617868FA12F9E2C34D5900C1C1",
  "Silk.NET.Maths.dll": "6DF0A8FBBA70EE11336B84594F65D5DC",
  "Silk.NET.OpenGL.dll": "4F721665724A4ED0799C6CFAB12D6AF9",
  "Silk.NET.SDL.dll": "8CC52293782B927FA30C1E317275C413",
  "Silk.NET.Windowing.Common.dll": "C143307400950FE4F4041FE2D1302E9C",
  "Silk.NET.Windowing.Glfw.dll": "2DCEC5ED108C69F5E7B04CE02366E065",
  "Silk.NET.Windowing.Sdl.dll": "FEEB27663B4C191F99D790166A985AF6",
  "SQLite-net.dll": "BCA779F246407E5D2A9C0AD80B74B7D4",
  "SQLitePCLRaw.batteries_v2.dll": "2B16C4A94DAAC2C7CCCF94DA309E24C6",
  "SQLitePCLRaw.core.dll": "054B24391752107E7E04A05209A3DE3C",
  "SQLitePCLRaw.nativelibrary.dll": "CCEF45266B8AD8D7107207FFA52345E1",
  "SQLitePCLRaw.provider.dynamic_cdecl.dll": "6EBADA017717ADFA3602ED066245BED2",
  "StbiSharp.dll": "637904CFF1655CAA176278717B235229",
  "System.Reactive.dll": "EF5A00287AD15393D41B12AA4B726FF7",
  "System.Reflection.MetadataLoadContext.dll": "E88E3AF6D37736F339022C9ACC5F2F7B",
  "System.Security.Cryptography.Pkcs.dll": "8950E01996A37E808BE3F39063C37BF9",
  "TEMP_gitver.txt": "3859927043AE9684053A5F8F35018720",
  "TerraFX.Interop.Windows.dll": "84F7EF6B0DE91F8CC23F773D3FD6DEC0",
  "Validation.dll": "B8CB72CC320968470A76B83785B983C1"
}
