{
  "runtimes\\alpine-x64\\native\\libe_sqlite3.so": "39C244FEDBCD3DFC37041D4FCE1AE21D",
  "runtimes\\linux-arm\\native\\libe_sqlite3.so": "96CF54BC0EFB83D6E3F5F3E04997A59D",
  "runtimes\\linux-arm64\\native\\libe_sqlite3.so": "F079E55E7F3F9966A4A2052A3234E068",
  "runtimes\\linux-armel\\native\\libe_sqlite3.so": "C5A67D49434FC65D64E9C15778078C76",
  "runtimes\\linux-mips64\\native\\libe_sqlite3.so": "5F8461214089CFC677D46C19B7162161",
  "runtimes\\linux-musl-x64\\native\\libe_sqlite3.so": "39C244FEDBCD3DFC37041D4FCE1AE21D",
  "runtimes\\linux-x64\\native\\libe_sqlite3.so": "6F49C540D3AB9964D67A4A704C3D262D",
  "runtimes\\linux-x64\\native\\libglfw.so.3": "9E3137144F68B9E9793F4C7AD5B1BEA7",
  "runtimes\\linux-x64\\native\\libSDL2-2.0.so": "99B95A708381FC66AB2370E45A260527",
  "runtimes\\linux-x64\\native\\libstbi.so": "0945355ED59677D06E3E88F48101BB26",
  "runtimes\\linux-x86\\native\\libe_sqlite3.so": "5E0659B414CBD6DDC38C65582485853E",
  "runtimes\\osx-x64\\native\\libe_sqlite3.dylib": "F82AE134FCD1C080A69D775591406673",
  "runtimes\\osx-x64\\native\\libglfw.3.dylib": "1E30FAB2F0C40E82290AD4B0BF14A880",
  "runtimes\\osx-x64\\native\\libSDL2-2.0.dylib": "AAC958490586C67395F0A90903AE3747",
  "runtimes\\osx-x64\\native\\libstbi.dylib": "0B84B0A6A80178266018081C3CAB68E6",
  "runtimes\\win-arm\\native\\e_sqlite3.dll": "243E8846B9E0EE47674E5D9817D019CF",
  "runtimes\\win-arm64\\native\\e_sqlite3.dll": "EAE27985521967E63D13A65A0F5E5E7C",
  "runtimes\\win-x64\\native\\cimgui.dll": "613E5BCCF3ABE3E68C1FBF3ED891F894",
  "runtimes\\win-x64\\native\\cimguizmo.dll": "98943C232482AE01E14981D9A7C6A9F5",
  "runtimes\\win-x64\\native\\cimplot.dll": "895168DC10DEE4C0E03B1EDE3FABB728",
  "runtimes\\win-x64\\native\\e_sqlite3.dll": "A346CB3C9DAA29419902F114437B2400",
  "runtimes\\win-x64\\native\\glfw3.dll": "FFCB2E3F3712421881154D0A50F85047",
  "runtimes\\win-x64\\native\\minhook.x64d.dll": "6265771E442329F4D5CAD9ABBE7D8A9B",
  "runtimes\\win-x64\\native\\SDL2.dll": "42E2B4C2C28C0B4236F15D96697BD662",
  "runtimes\\win-x64\\native\\stbi.dll": "84C82552CE563813B4587FC36AC23B75",
  "runtimes\\win-x64\\native\\stbi.lib": "927C214DE576219E1F80DBE7798A0502",
  "runtimes\\win-x86\\native\\e_sqlite3.dll": "A2669B272A97AF4A73A472C59BF04B96",
  "runtimes\\win-x86\\native\\glfw3.dll": "D10EF4DF52400A53CEAF98D4218C8D60",
  "runtimes\\win-x86\\native\\SDL2.dll": "5AEF1E451D570183C8B56596CA3C7C9B",
  "targets\\Dalamud.Plugin.Bootstrap.targets": "C85635161398CD9852CF7212DB7EB904",
  "targets\\Dalamud.Plugin.targets": "69D15EDFB3D4F0BEE3A099216E4DE057",
  "BitFaster.Caching.dll": "A1BE7BA973757746EBC9AE068F7A1A3D",
  "CheapLoc.dll": "9E553B4AEF3FE9752F0B72152277B5C6",
  "commit_hash.txt": "AE9B7D2B5EE769A5EC7FA963C953FE47",
  "Costura.dll": "3048E3A379161026AEDAA7A34997F85A",
  "Dalamud.Boot.dll": "F737CBD8B35247C457F20EB72B202DD6",
  "Dalamud.Common.dll": "11A86C0FEC4F0E70D8D38B9C80C6CFB4",
  "Dalamud.deps.json": "8E275583FD7F6AF6DE3AE266578CF88E",
  "Dalamud.dll": "186ADABBA8F537107D6C6EB9BB598291",
  "Dalamud.Injector.deps.json": "D17C32692C52DF5EF57B142458ADCBAF",
  "Dalamud.Injector.dll": "8003777AAA424C94B9CFBC55C22F9634",
  "Dalamud.Injector.exe": "FA168F6C4CFD46A35BDA7656FBFD406C",
  "Dalamud.Injector.runtimeconfig.json": "439C534917CEF268A731631073E50FE4",
  "Dalamud.Injector.xml": "D41E5DF541D19A015215E777D7395C9C",
  "Dalamud.runtimeconfig.json": "CA3935E9C6B9E3300F2D7171E4AF6335",
  "Dalamud.xml": "F6110380527597887D7991B9F130CC70",
  "DalamudCrashHandler.exe": "239A00B06C9F03F21A5AD245E931C2D3",
  "FASM-LICENSE.TXT": "ECEA1D10811221D5F0A3E96F9C38E2C7",
  "FASM.DLL": "B1AC07F4D3B9A84EE481D3AE84EF0B76",
  "FASMX64.DLL": "A86D035B0E734BD70C7F1346AEDCAE06",
  "FFXIVClientStructs.dll": "18927AFD67425471FC653D72B3C65442",
  "FFXIVClientStructs.xml": "7875AE170297BB85DC5C4830801FA9F8",
  "goaaats.Reloaded.Assembler.targets": "CC22CB0A353E2136EE9E6E96DB9F7164",
  "Iced.dll": "BF21DE0675C501917A239F4585088349",
  "ImGui.NET.dll": "75C7CAF7E1EC8FB90F5CF3F25A8C3798",
  "ImGuiScene.dll": "4EFCB1AB06BE7C342676CA9C985C5F91",
  "InteropGenerator.Runtime.dll": "866CB93E6595353FD579721DB98469C0",
  "JetBrains.Annotations.dll": "4B862C2F5F6DFB8F8C22AD401B4F8707",
  "licenses.txt": "A159BE62AA91178EFC3E3983AE874D1D",
  "Lumina.dll": "7D258641367219647B64AAB76EF659E1",
  "Lumina.Excel.dll": "B11F6E46A6B415B8754620403D9A6BE1",
  "Microsoft.Bcl.HashCode.dll": "613AB56061ADF2284E047025207467E0",
  "Microsoft.DotNet.PlatformAbstractions.dll": "00AB0F02B1114C57C758F5AD595224F1",
  "Microsoft.Extensions.DependencyModel.dll": "F39BC76C10CFEA478C936FC4521A9FC9",
  "Microsoft.Extensions.ObjectPool.dll": "B0558CE087EAE95853E35579300F3A77",
  "MinSharp.dll": "58B814892C811C0BB12FF5C82AD7F634",
  "Mono.Cecil.dll": "197FFCA8907BC5E127BC7E2D4E212498",
  "Mono.Cecil.Mdb.dll": "0FF21DB5267D0025AFAC94F99799EFC7",
  "Mono.Cecil.Pdb.dll": "46DC447242834429688BD10AD662AB7D",
  "Mono.Cecil.Rocks.dll": "E750351F89E694973BDFCA9C010A5016",
  "nethost.dll": "21F39F71E2F4B5BA9FB3F126872F2F9B",
  "Newtonsoft.Json.dll": "ADF3E3EECDE20B7C9661E9C47106A14A",
  "PeNet.Asn1.dll": "801A4F2351C70A10C926148FD653D7A0",
  "PeNet.dll": "099D006E10DE279C75BDA91652305191",
  "PInvoke.AdvApi32.dll": "34EE461D05B403C3A15D0DEC32A3788C",
  "PInvoke.BCrypt.dll": "FD07758EE1440491F22923084109FF26",
  "PInvoke.Cabinet.dll": "333D950E3804735DA60CC41D614C63E2",
  "PInvoke.CfgMgr32.dll": "768BE7CC18EDCF78B296A72ABE891691",
  "PInvoke.Crypt32.dll": "E7B00B0851738F4A7F2C6D37DAA973B4",
  "PInvoke.DbgHelp.dll": "E701136169620D20E3A70B560DE20E44",
  "PInvoke.DwmApi.dll": "ACF223CC8962404056648815B486F7D9",
  "PInvoke.Gdi32.dll": "69FF434826F98582CE44D3136ECFFACB",
  "PInvoke.Hid.dll": "2E7A41257F8AD9B26073181F450CD8E5",
  "PInvoke.ImageHlp.dll": "79BE816E8D86EA66489D7780DD675D49",
  "PInvoke.IPHlpApi.dll": "E949FA3326D1BA8872B179AB4EE49D38",
  "PInvoke.Kernel32.dll": "234E15B122ED430DE99490CA1A204958",
  "PInvoke.Magnification.dll": "C9EA3D34F506741ECC044DB19C151F09",
  "PInvoke.Msi.dll": "69EE50CE2DA6B55755E52589F49A7EBC",
  "PInvoke.NCrypt.dll": "DA1DE76C14D99370CA3BEF19DC299B15",
  "PInvoke.NetApi32.dll": "AE79F9FA2E3864A5E0642AE4622ECDC5",
  "PInvoke.NewDev.dll": "B3E1992105D986EF9C5C8E4B630FBB07",
  "PInvoke.NTDll.dll": "3F6BDF840EB27DD0FD9EB8071822183A",
  "PInvoke.Ole32.dll": "3C49FB100B60519FFE725BCD12A538F6",
  "PInvoke.Psapi.dll": "A7683EE4B880227F01C8AE632A892B9E",
  "PInvoke.SetupApi.dll": "1B7AE321185D0081D1759A9AD829F9BA",
  "PInvoke.SHCore.dll": "F27E7F063D51480F6D2294C903E4A606",
  "PInvoke.Shell32.dll": "F71A1BCAF6478190691170DAEA77722F",
  "PInvoke.User32.dll": "8BEDE38311ED4F27127290B81B8079FD",
  "PInvoke.Userenv.dll": "FEB7BCA90B8C905EC2F4BB0789847131",
  "PInvoke.UxTheme.dll": "8E683C016250CB719FDB9AAAFC22B3C5",
  "PInvoke.Windows.Core.dll": "90015440A44935208FFEA9BF61740651",
  "PInvoke.Windows.ShellScalingApi.dll": "F351B34B8C9183A51CADFDC279357C49",
  "PInvoke.WinUsb.dll": "9EB8A0280F2848D1A32B560A939F7336",
  "PInvoke.WtsApi32.dll": "341C94455D2E5893DBE4293D4D67AA4D",
  "Reloaded.Assembler.dll": "EB64C057B27D3FE8B852EB21EA668A9B",
  "Reloaded.Hooks.Definitions.dll": "DC54C07CBC98EA5C2EBCF8F80D07976F",
  "Reloaded.Hooks.dll": "62176C596D9B0A17B016C54B449F1BB0",
  "Reloaded.Memory.Buffers.dll": "B23F330E25C04076C5292948F6EAE9AD",
  "Reloaded.Memory.dll": "4C635728F1F32C21F4395533641B2059",
  "revision.txt": "0678CA2EAE02D542CC931E81B74DE122",
  "SDL2-CS.config": "65557595FD5DF55D93B2BF881DE62C3A",
  "SDL2-CS.dll": "21B77B28BCEEB6A744D7D1878637B72F",
  "Serilog.dll": "9FBBA383B35FE17C0415D019F33FEEC7",
  "Serilog.Sinks.Async.dll": "D93997C0698D284492404DA90D5A2556",
  "Serilog.Sinks.Console.dll": "069E80BAFBC3F06C3DD6A5A64A9F4AA8",
  "Serilog.Sinks.File.dll": "C20BBA53C75FB3E4EFAD913351284CAD",
  "SharpDX.Direct3D11.dll": "AF7D3C8B316397C44279702C9E1FDFCC",
  "SharpDX.dll": "BDCCE4918E371FF29D58478ECB95891E",
  "SharpDX.DXGI.dll": "405CD85251286A47774BAAAAE83D8968",
  "SharpDX.Mathematics.dll": "FEED93C1F4DE19CF4FABDE3540768B54",
  "Silk.NET.Core.dll": "68CE0FB3D65FAE356A04BCB8D63E3090",
  "Silk.NET.GLFW.dll": "87F2647CE45EB1E4EEEAF18E93B4DE40",
  "Silk.NET.Maths.dll": "5A5CA0B3425051CF371606DB1E2683CE",
  "Silk.NET.OpenGL.dll": "DEB937C25981F2B10A0BEC805AEB97FB",
  "Silk.NET.SDL.dll": "4E2EF1FDF3ADE6CC1251F3510D45BB87",
  "Silk.NET.Windowing.Common.dll": "F88E319290738EA7E41C86811E76006C",
  "Silk.NET.Windowing.Glfw.dll": "56D9E72D005C51EADEE0EDE4821DB7E1",
  "Silk.NET.Windowing.Sdl.dll": "1F28E6097C1CAF5979167C2D0A70040F",
  "SQLite-net.dll": "38FF3ACD978ED333F7DEE79B513910A1",
  "SQLitePCLRaw.batteries_v2.dll": "0EF467CE938AB858B991369F03BD605F",
  "SQLitePCLRaw.core.dll": "CB688A95AF810D162EC61D2C33E70F56",
  "SQLitePCLRaw.nativelibrary.dll": "762C48994CC299BE4B73F0FC4B2FD2C2",
  "SQLitePCLRaw.provider.dynamic_cdecl.dll": "B8CB117D23A746CFF5836F858355F45B",
  "StbiSharp.dll": "08ECF03B38DC205D8E1321F99F438030",
  "System.Reactive.dll": "EF5A00287AD15393D41B12AA4B726FF7",
  "System.Reflection.MetadataLoadContext.dll": "E88E3AF6D37736F339022C9ACC5F2F7B",
  "System.Security.Cryptography.Pkcs.dll": "8950E01996A37E808BE3F39063C37BF9",
  "TEMP_gitver.txt": "2D664ACD60187E1181FB4BC4336C2C56",
  "TerraFX.Interop.Windows.dll": "84F7EF6B0DE91F8CC23F773D3FD6DEC0",
  "Validation.dll": "EB49A84288808FA9DCB5DE793388A833"
}
