{
  "runtimes\\alpine-x64\\native\\libe_sqlite3.so": "39C244FEDBCD3DFC37041D4FCE1AE21D",
  "runtimes\\linux-arm\\native\\libe_sqlite3.so": "96CF54BC0EFB83D6E3F5F3E04997A59D",
  "runtimes\\linux-arm64\\native\\libe_sqlite3.so": "F079E55E7F3F9966A4A2052A3234E068",
  "runtimes\\linux-armel\\native\\libe_sqlite3.so": "C5A67D49434FC65D64E9C15778078C76",
  "runtimes\\linux-mips64\\native\\libe_sqlite3.so": "5F8461214089CFC677D46C19B7162161",
  "runtimes\\linux-musl-x64\\native\\libe_sqlite3.so": "39C244FEDBCD3DFC37041D4FCE1AE21D",
  "runtimes\\linux-x64\\native\\libe_sqlite3.so": "6F49C540D3AB9964D67A4A704C3D262D",
  "runtimes\\linux-x64\\native\\libglfw.so.3": "9E3137144F68B9E9793F4C7AD5B1BEA7",
  "runtimes\\linux-x64\\native\\libSDL2-2.0.so": "99B95A708381FC66AB2370E45A260527",
  "runtimes\\linux-x64\\native\\libstbi.so": "0945355ED59677D06E3E88F48101BB26",
  "runtimes\\linux-x86\\native\\libe_sqlite3.so": "5E0659B414CBD6DDC38C65582485853E",
  "runtimes\\osx-x64\\native\\libe_sqlite3.dylib": "F82AE134FCD1C080A69D775591406673",
  "runtimes\\osx-x64\\native\\libglfw.3.dylib": "1E30FAB2F0C40E82290AD4B0BF14A880",
  "runtimes\\osx-x64\\native\\libSDL2-2.0.dylib": "AAC958490586C67395F0A90903AE3747",
  "runtimes\\osx-x64\\native\\libstbi.dylib": "0B84B0A6A80178266018081C3CAB68E6",
  "runtimes\\win-arm\\native\\e_sqlite3.dll": "1BDAEC716566B79DDA2C3E5B98D5053C",
  "runtimes\\win-arm64\\native\\e_sqlite3.dll": "5568AB9005FE34B365E3A560282620B4",
  "runtimes\\win-x64\\native\\e_sqlite3.dll": "D31F22D630C6F67513DC58380FED29D5",
  "runtimes\\win-x64\\native\\glfw3.dll": "791FEB18ACD30AA6FE2532817B9C0420",
  "runtimes\\win-x64\\native\\minhook.x64d.dll": "7FB30E3F39258E9BCD270372AD0CD4C3",
  "runtimes\\win-x64\\native\\SDL2.dll": "331558EA664939636AF1F4AF310A102D",
  "runtimes\\win-x64\\native\\stbi.dll": "AB70A1CEB24E0577F2780CE5C51F68BB",
  "runtimes\\win-x64\\native\\stbi.lib": "927C214DE576219E1F80DBE7798A0502",
  "runtimes\\win-x86\\native\\e_sqlite3.dll": "04CD8EF27FFEB54A9FBECD2BEDA5B8DC",
  "runtimes\\win-x86\\native\\glfw3.dll": "0155039B2B42278D829EB247EE9D221A",
  "runtimes\\win-x86\\native\\SDL2.dll": "22734FB3DE573ACCDFADA08BB2E605B0",
  "targets\\Dalamud.Plugin.Bootstrap.targets": "C85635161398CD9852CF7212DB7EB904",
  "targets\\Dalamud.Plugin.targets": "69D15EDFB3D4F0BEE3A099216E4DE057",
  "BitFaster.Caching.dll": "54A7D83F4D5BCDD4802521A649862A99",
  "CheapLoc.dll": "E8DA5E1DE13C7CC4AA1A757B0DB8678C",
  "cimgui.dll": "44BA1E53F62A48BD024725C3A209C9E6",
  "cimguizmo.dll": "1818A74936DEFDF2BF6AF28C0F50F640",
  "cimplot.dll": "06C42A03701A5B27D68F3B6F3673798B",
  "commit_hash.txt": "C1F0BF9DC3198C41CB4141F57AAD0C23",
  "Dalamud.Boot.dll": "E1B289095D473791A2A66E306F9AA029",
  "Dalamud.Common.dll": "D66D78844B96173CA1B5B687D844335F",
  "Dalamud.deps.json": "CD98ED94E7C3CC64425C0D5E318D7E37",
  "Dalamud.dll": "C9769E02171C79C22D46E9670B99FE0D",
  "Dalamud.Injector.deps.json": "C21972522E8133995B2C9562B3E39983",
  "Dalamud.Injector.dll": "C94A29985CE7DDEA18669C13F07DE9BD",
  "Dalamud.Injector.exe": "C38610CA5177E32A27CAAA2391E82844",
  "Dalamud.Injector.runtimeconfig.json": "439C534917CEF268A731631073E50FE4",
  "Dalamud.Injector.xml": "D41E5DF541D19A015215E777D7395C9C",
  "Dalamud.runtimeconfig.json": "CA3935E9C6B9E3300F2D7171E4AF6335",
  "Dalamud.xml": "3A6DC567D4B3EF3395FE52854AA11C5B",
  "DalamudCrashHandler.exe": "47F4B049B0B25C640BC920D26EAC0677",
  "FASM-LICENSE.TXT": "ECEA1D10811221D5F0A3E96F9C38E2C7",
  "FASM.DLL": "180DEA80A423A9188D8B632F251D90A8",
  "FASMX64.DLL": "302E867857D47CE39716832705E55571",
  "FFXIVClientStructs.dll": "5EE1EA0DE581F7F63056FA8DE47EAF9A",
  "FFXIVClientStructs.xml": "D6592F39DF73EA79469DC7FBECE70D6A",
  "goaaats.Reloaded.Assembler.targets": "CC22CB0A353E2136EE9E6E96DB9F7164",
  "Iced.dll": "51A7626E1E049D91C77A56A739E36084",
  "ImGui.NET.dll": "8308A9693E77696F82D0F86727759C7E",
  "ImGuiScene.dll": "8EAC94BDF677845BB6283FD1748F5365",
  "InteropGenerator.Runtime.dll": "178B6E7D2165DE38F4689767015AF94D",
  "JetBrains.Annotations.dll": "D3D6CC886AE12EB188D06BD90793C6DD",
  "licenses.txt": "A159BE62AA91178EFC3E3983AE874D1D",
  "Lumina.dll": "AE3420A621754B8D04F27EB92B0D0B9C",
  "Lumina.Excel.dll": "2AB6200DD32DE60449A776B205F85633",
  "Microsoft.Bcl.HashCode.dll": "613AB56061ADF2284E047025207467E0",
  "Microsoft.DotNet.PlatformAbstractions.dll": "00AB0F02B1114C57C758F5AD595224F1",
  "Microsoft.Extensions.DependencyModel.dll": "F39BC76C10CFEA478C936FC4521A9FC9",
  "Microsoft.Extensions.ObjectPool.dll": "B0558CE087EAE95853E35579300F3A77",
  "MinSharp.dll": "17F7642B1951D4BB42AB6ED3D7610E53",
  "Mono.Cecil.dll": "6033FD677739C5CD3EC20EC372743A11",
  "Mono.Cecil.Mdb.dll": "C58E5267AA7AEE5D8B18331FE70CB8D4",
  "Mono.Cecil.Pdb.dll": "18D8399A3467B6033D9FE498EFEA67C0",
  "Mono.Cecil.Rocks.dll": "3412DE43EA4ADD69B029F7DC502611B8",
  "nethost.dll": "21F39F71E2F4B5BA9FB3F126872F2F9B",
  "Newtonsoft.Json.dll": "ADF3E3EECDE20B7C9661E9C47106A14A",
  "PeNet.Asn1.dll": "D46FFB0DA91679506B1AFD4476E13BD0",
  "PeNet.dll": "038F9CE4A39142BED903EDEDE9D59909",
  "PInvoke.AdvApi32.dll": "34EE461D05B403C3A15D0DEC32A3788C",
  "PInvoke.BCrypt.dll": "FD07758EE1440491F22923084109FF26",
  "PInvoke.Cabinet.dll": "333D950E3804735DA60CC41D614C63E2",
  "PInvoke.CfgMgr32.dll": "768BE7CC18EDCF78B296A72ABE891691",
  "PInvoke.Crypt32.dll": "E7B00B0851738F4A7F2C6D37DAA973B4",
  "PInvoke.DbgHelp.dll": "E701136169620D20E3A70B560DE20E44",
  "PInvoke.DwmApi.dll": "ACF223CC8962404056648815B486F7D9",
  "PInvoke.Gdi32.dll": "69FF434826F98582CE44D3136ECFFACB",
  "PInvoke.Hid.dll": "2E7A41257F8AD9B26073181F450CD8E5",
  "PInvoke.ImageHlp.dll": "79BE816E8D86EA66489D7780DD675D49",
  "PInvoke.IPHlpApi.dll": "E949FA3326D1BA8872B179AB4EE49D38",
  "PInvoke.Kernel32.dll": "234E15B122ED430DE99490CA1A204958",
  "PInvoke.Magnification.dll": "C9EA3D34F506741ECC044DB19C151F09",
  "PInvoke.Msi.dll": "69EE50CE2DA6B55755E52589F49A7EBC",
  "PInvoke.NCrypt.dll": "DA1DE76C14D99370CA3BEF19DC299B15",
  "PInvoke.NetApi32.dll": "AE79F9FA2E3864A5E0642AE4622ECDC5",
  "PInvoke.NewDev.dll": "B3E1992105D986EF9C5C8E4B630FBB07",
  "PInvoke.NTDll.dll": "3F6BDF840EB27DD0FD9EB8071822183A",
  "PInvoke.Ole32.dll": "3C49FB100B60519FFE725BCD12A538F6",
  "PInvoke.Psapi.dll": "A7683EE4B880227F01C8AE632A892B9E",
  "PInvoke.SetupApi.dll": "1B7AE321185D0081D1759A9AD829F9BA",
  "PInvoke.SHCore.dll": "F27E7F063D51480F6D2294C903E4A606",
  "PInvoke.Shell32.dll": "F71A1BCAF6478190691170DAEA77722F",
  "PInvoke.User32.dll": "8BEDE38311ED4F27127290B81B8079FD",
  "PInvoke.Userenv.dll": "FEB7BCA90B8C905EC2F4BB0789847131",
  "PInvoke.UxTheme.dll": "8E683C016250CB719FDB9AAAFC22B3C5",
  "PInvoke.Windows.Core.dll": "90015440A44935208FFEA9BF61740651",
  "PInvoke.Windows.ShellScalingApi.dll": "F351B34B8C9183A51CADFDC279357C49",
  "PInvoke.WinUsb.dll": "9EB8A0280F2848D1A32B560A939F7336",
  "PInvoke.WtsApi32.dll": "341C94455D2E5893DBE4293D4D67AA4D",
  "Reloaded.Assembler.dll": "94DEFD3F36F482AAC635B87CC7B00A0D",
  "Reloaded.Hooks.Definitions.dll": "8F858EB28FB94B9632899C0BF024195A",
  "Reloaded.Hooks.dll": "AC3C25C7C1973304F5C80D5B226E26DD",
  "Reloaded.Memory.Buffers.dll": "18274C1866135719BD45F0BFE46588A5",
  "Reloaded.Memory.dll": "BA6CA7F0BD67A0721748D10C99588948",
  "revision.txt": "5291822D0636DC429E80E953C58B6A76",
  "SDL2-CS.config": "65557595FD5DF55D93B2BF881DE62C3A",
  "SDL2-CS.dll": "635749D2D94911D90F36405FC043A82C",
  "Serilog.dll": "153604AB5C17C386CA5383A6A770A471",
  "Serilog.Sinks.Async.dll": "C7419906728755FC402430FB997F9D52",
  "Serilog.Sinks.Console.dll": "3A3B457642F4B529F3E2686980BE4A7A",
  "Serilog.Sinks.File.dll": "D034A5388AD75A3AC3AF2961A9F78242",
  "SharpDX.Direct3D11.dll": "071BCBB5DD8124ED03FD986DDD69691E",
  "SharpDX.dll": "ED938BDC751E98FB52746133F153F4F4",
  "SharpDX.DXGI.dll": "7EEB4F4D5712E62385B9A645263CFDCA",
  "SharpDX.Mathematics.dll": "E240B6049DFCE873AF768DDFBE865511",
  "Silk.NET.Core.dll": "85F5C15CDC674D62F0939EECC29F069F",
  "Silk.NET.GLFW.dll": "F11FA58D48821DF19588108C59D18A4D",
  "Silk.NET.Maths.dll": "8A5A18180320B2F7700E3E2C2C499B79",
  "Silk.NET.OpenGL.dll": "872D3C40B84740BFBD60B2B9910831FC",
  "Silk.NET.SDL.dll": "0C7BE36EC6A9C3F331CB245171AEFC9F",
  "Silk.NET.Windowing.Common.dll": "B88061451C9B1210A361DE98F58C61A2",
  "Silk.NET.Windowing.Glfw.dll": "3F4ED2151924463CFA8D8BDE26442D1D",
  "Silk.NET.Windowing.Sdl.dll": "2FD93EAAA6E4CF3B006E976C0A7039BF",
  "SQLite-net.dll": "405A961E48FA5164CC0EC89F9058CDCD",
  "SQLitePCLRaw.batteries_v2.dll": "49EBF8FBD5ED0237AE8056A9F80A9000",
  "SQLitePCLRaw.core.dll": "5AB4A27E25C458E2C1E9C772EB389CE3",
  "SQLitePCLRaw.nativelibrary.dll": "E7692D1F3628B31913D3663AB7041911",
  "SQLitePCLRaw.provider.dynamic_cdecl.dll": "5BA7B9E5C8C84DF7AE837607079C79EA",
  "StbiSharp.dll": "354C6EC4000D82444CC311DE384EA1FF",
  "System.Reactive.dll": "EF5A00287AD15393D41B12AA4B726FF7",
  "System.Reflection.MetadataLoadContext.dll": "E88E3AF6D37736F339022C9ACC5F2F7B",
  "System.Security.Cryptography.Pkcs.dll": "8950E01996A37E808BE3F39063C37BF9",
  "TEMP_gitver.txt": "F201E3E19A61382D25BCE4943DE7809B",
  "TerraFX.Interop.Windows.dll": "84F7EF6B0DE91F8CC23F773D3FD6DEC0",
  "Validation.dll": "669F7A2A041779E16368B79FFC04C9B6"
}
