{
  "runtimes\\alpine-x64\\native\\libe_sqlite3.so": "39C244FEDBCD3DFC37041D4FCE1AE21D",
  "runtimes\\linux-arm\\native\\libe_sqlite3.so": "96CF54BC0EFB83D6E3F5F3E04997A59D",
  "runtimes\\linux-arm64\\native\\libe_sqlite3.so": "F079E55E7F3F9966A4A2052A3234E068",
  "runtimes\\linux-armel\\native\\libe_sqlite3.so": "C5A67D49434FC65D64E9C15778078C76",
  "runtimes\\linux-mips64\\native\\libe_sqlite3.so": "5F8461214089CFC677D46C19B7162161",
  "runtimes\\linux-musl-x64\\native\\libe_sqlite3.so": "39C244FEDBCD3DFC37041D4FCE1AE21D",
  "runtimes\\linux-x64\\native\\libe_sqlite3.so": "6F49C540D3AB9964D67A4A704C3D262D",
  "runtimes\\linux-x64\\native\\libglfw.so.3": "9E3137144F68B9E9793F4C7AD5B1BEA7",
  "runtimes\\linux-x64\\native\\libSDL2-2.0.so": "99B95A708381FC66AB2370E45A260527",
  "runtimes\\linux-x64\\native\\libstbi.so": "0945355ED59677D06E3E88F48101BB26",
  "runtimes\\linux-x86\\native\\libe_sqlite3.so": "5E0659B414CBD6DDC38C65582485853E",
  "runtimes\\osx-x64\\native\\libe_sqlite3.dylib": "F82AE134FCD1C080A69D775591406673",
  "runtimes\\osx-x64\\native\\libglfw.3.dylib": "1E30FAB2F0C40E82290AD4B0BF14A880",
  "runtimes\\osx-x64\\native\\libSDL2-2.0.dylib": "AAC958490586C67395F0A90903AE3747",
  "runtimes\\osx-x64\\native\\libstbi.dylib": "0B84B0A6A80178266018081C3CAB68E6",
  "runtimes\\win-arm\\native\\e_sqlite3.dll": "7862D7F59596D4ED01F97C0E41869269",
  "runtimes\\win-arm64\\native\\e_sqlite3.dll": "B7AFB267FC3D22B98B7CF80D77D084E3",
  "runtimes\\win-x64\\native\\cimgui.dll": "7EBB8DF6B96031E3CA23B5D578F12AA6",
  "runtimes\\win-x64\\native\\cimguizmo.dll": "6EA988E59C0C2670013A35D62FB3A945",
  "runtimes\\win-x64\\native\\cimplot.dll": "D09888F25FE79017C61829472467DE6A",
  "runtimes\\win-x64\\native\\e_sqlite3.dll": "93ED3CF2A7559466C9BD9AD6289DEE9D",
  "runtimes\\win-x64\\native\\glfw3.dll": "F3D68273BBF3A7F6C8C4E50FB85105D0",
  "runtimes\\win-x64\\native\\minhook.x64d.dll": "7262C3437650B27DF7D4BF5A64F9F401",
  "runtimes\\win-x64\\native\\SDL2.dll": "B695680177BEA65896817CEAFB1B5E12",
  "runtimes\\win-x64\\native\\stbi.dll": "178CD1395272C8E84A4453D913B8EBF3",
  "runtimes\\win-x64\\native\\stbi.lib": "927C214DE576219E1F80DBE7798A0502",
  "runtimes\\win-x86\\native\\e_sqlite3.dll": "2A04C000E495F36D68F4C8BFCEA9D578",
  "runtimes\\win-x86\\native\\glfw3.dll": "E9EFBE515AD47804780FCB302D8A84F9",
  "runtimes\\win-x86\\native\\SDL2.dll": "30C6D215F573A0185AD26A8DA8BC254B",
  "targets\\Dalamud.Plugin.Bootstrap.targets": "C85635161398CD9852CF7212DB7EB904",
  "targets\\Dalamud.Plugin.targets": "69D15EDFB3D4F0BEE3A099216E4DE057",
  "BitFaster.Caching.dll": "D725A356B5A217BDF83B10C083CF6924",
  "CheapLoc.dll": "2D010257767735F92C1DA174B0F9D04A",
  "commit_hash.txt": "DB3668B0B209FDC4616F010250917E2F",
  "Costura.dll": "2D8741A84C47ED40858EA9AC081F5C36",
  "Dalamud.Boot.dll": "8832C4EFBFEE8BBEBC8C851426209D37",
  "Dalamud.Common.dll": "2F2351D3CDF2F3D93F95459DD0BF9608",
  "Dalamud.deps.json": "569F5C85AFE8EDAC5C7F653DBA3D3856",
  "Dalamud.dll": "F1C27C64DA299C39201BC7C2BA3FEC4B",
  "Dalamud.Injector.deps.json": "D17C32692C52DF5EF57B142458ADCBAF",
  "Dalamud.Injector.dll": "2D055E8A867591029B752EC95A2E0111",
  "Dalamud.Injector.exe": "90883ADB3690F8165938A38DE957D54C",
  "Dalamud.Injector.runtimeconfig.json": "439C534917CEF268A731631073E50FE4",
  "Dalamud.Injector.xml": "D41E5DF541D19A015215E777D7395C9C",
  "Dalamud.runtimeconfig.json": "CA3935E9C6B9E3300F2D7171E4AF6335",
  "Dalamud.xml": "C1678FA484B39D6E66E48909B3B93BCD",
  "DalamudCrashHandler.exe": "5A3FA4F81517F777F67BEF0C0F388824",
  "FASM-LICENSE.TXT": "ECEA1D10811221D5F0A3E96F9C38E2C7",
  "FASM.DLL": "2824E45D49603D58EFE96E12100E83FB",
  "FASMX64.DLL": "5EA36E692EA23B82818B0A9B4B9309DC",
  "FFXIVClientStructs.dll": "22A81B055CF5E2DE15C8BD12C13F2129",
  "FFXIVClientStructs.xml": "20218EBBEA54CC125586F6DDD1A274A6",
  "goaaats.Reloaded.Assembler.targets": "CC22CB0A353E2136EE9E6E96DB9F7164",
  "Iced.dll": "262EDA3FFA7EB179FAA6D3901AB74FAC",
  "ImGui.NET.dll": "0BAE116DCE6338A1C1462E3D4F6E0DAB",
  "ImGuiScene.dll": "4C0D6D2B554446C057783925452D5154",
  "InteropGenerator.Runtime.dll": "6C34F9F6ECACE8938FD95624453FB365",
  "JetBrains.Annotations.dll": "84D8CF97C80C2286A385AB9EE21AF771",
  "licenses.txt": "A159BE62AA91178EFC3E3983AE874D1D",
  "Lumina.dll": "692DC7367AD001207DDB86A16A821207",
  "Lumina.Excel.dll": "B9DA17AA1A9E72D82CDEAE468F5DCE05",
  "Microsoft.Bcl.HashCode.dll": "613AB56061ADF2284E047025207467E0",
  "Microsoft.DotNet.PlatformAbstractions.dll": "00AB0F02B1114C57C758F5AD595224F1",
  "Microsoft.Extensions.DependencyModel.dll": "F39BC76C10CFEA478C936FC4521A9FC9",
  "Microsoft.Extensions.ObjectPool.dll": "B0558CE087EAE95853E35579300F3A77",
  "MinSharp.dll": "D89BD63CDE5B8466A593E6E73883186E",
  "Mono.Cecil.dll": "7FD257705C99F2883788804D742D060D",
  "Mono.Cecil.Mdb.dll": "D98A31A2A5AC48A3586F115D09AFFB11",
  "Mono.Cecil.Pdb.dll": "2077F0877FB2E0E4CFF93EF2FE70DD76",
  "Mono.Cecil.Rocks.dll": "BEE0C01B51C39978ADA0E844B2A56711",
  "nethost.dll": "21F39F71E2F4B5BA9FB3F126872F2F9B",
  "Newtonsoft.Json.dll": "ADF3E3EECDE20B7C9661E9C47106A14A",
  "PeNet.Asn1.dll": "229381D25FBF604C19357A1E1B691827",
  "PeNet.dll": "9C5C6CDAC23EC4A3E9CD04FC186B10D7",
  "PInvoke.AdvApi32.dll": "34EE461D05B403C3A15D0DEC32A3788C",
  "PInvoke.BCrypt.dll": "FD07758EE1440491F22923084109FF26",
  "PInvoke.Cabinet.dll": "333D950E3804735DA60CC41D614C63E2",
  "PInvoke.CfgMgr32.dll": "768BE7CC18EDCF78B296A72ABE891691",
  "PInvoke.Crypt32.dll": "E7B00B0851738F4A7F2C6D37DAA973B4",
  "PInvoke.DbgHelp.dll": "E701136169620D20E3A70B560DE20E44",
  "PInvoke.DwmApi.dll": "ACF223CC8962404056648815B486F7D9",
  "PInvoke.Gdi32.dll": "69FF434826F98582CE44D3136ECFFACB",
  "PInvoke.Hid.dll": "2E7A41257F8AD9B26073181F450CD8E5",
  "PInvoke.ImageHlp.dll": "79BE816E8D86EA66489D7780DD675D49",
  "PInvoke.IPHlpApi.dll": "E949FA3326D1BA8872B179AB4EE49D38",
  "PInvoke.Kernel32.dll": "234E15B122ED430DE99490CA1A204958",
  "PInvoke.Magnification.dll": "C9EA3D34F506741ECC044DB19C151F09",
  "PInvoke.Msi.dll": "69EE50CE2DA6B55755E52589F49A7EBC",
  "PInvoke.NCrypt.dll": "DA1DE76C14D99370CA3BEF19DC299B15",
  "PInvoke.NetApi32.dll": "AE79F9FA2E3864A5E0642AE4622ECDC5",
  "PInvoke.NewDev.dll": "B3E1992105D986EF9C5C8E4B630FBB07",
  "PInvoke.NTDll.dll": "3F6BDF840EB27DD0FD9EB8071822183A",
  "PInvoke.Ole32.dll": "3C49FB100B60519FFE725BCD12A538F6",
  "PInvoke.Psapi.dll": "A7683EE4B880227F01C8AE632A892B9E",
  "PInvoke.SetupApi.dll": "1B7AE321185D0081D1759A9AD829F9BA",
  "PInvoke.SHCore.dll": "F27E7F063D51480F6D2294C903E4A606",
  "PInvoke.Shell32.dll": "F71A1BCAF6478190691170DAEA77722F",
  "PInvoke.User32.dll": "8BEDE38311ED4F27127290B81B8079FD",
  "PInvoke.Userenv.dll": "FEB7BCA90B8C905EC2F4BB0789847131",
  "PInvoke.UxTheme.dll": "8E683C016250CB719FDB9AAAFC22B3C5",
  "PInvoke.Windows.Core.dll": "90015440A44935208FFEA9BF61740651",
  "PInvoke.Windows.ShellScalingApi.dll": "F351B34B8C9183A51CADFDC279357C49",
  "PInvoke.WinUsb.dll": "9EB8A0280F2848D1A32B560A939F7336",
  "PInvoke.WtsApi32.dll": "341C94455D2E5893DBE4293D4D67AA4D",
  "Reloaded.Assembler.dll": "4A40B158C5B87CC968D8063219D20167",
  "Reloaded.Hooks.Definitions.dll": "9D8EDB65EAD788468248A59B05D99FB3",
  "Reloaded.Hooks.dll": "DF22F69E3640BD1DF0B1022177729048",
  "Reloaded.Memory.Buffers.dll": "75B6650A6023847B392D40096E049DC9",
  "Reloaded.Memory.dll": "1ECBE6401E23BBF2C3AFF7AFE5B7628E",
  "revision.txt": "9BA82616FAC74DE9CE334EA7532CFDDC",
  "SDL2-CS.config": "65557595FD5DF55D93B2BF881DE62C3A",
  "SDL2-CS.dll": "4C48B9F91D471AE8E591250FDE80CCC4",
  "Serilog.dll": "45EDA0948E1BE21A17CB56175CA55B0F",
  "Serilog.Sinks.Async.dll": "12DA7BB02466062DC1B8605E4446086F",
  "Serilog.Sinks.Console.dll": "CB1BC2C566793DB2C045A31963F7BBE7",
  "Serilog.Sinks.File.dll": "73F8106DBE5B47269D547B56798662FC",
  "SharpDX.Direct3D11.dll": "B4874C8D759AD462E53CE50A34D94758",
  "SharpDX.dll": "E949829057BBC5B0196A7A3600765D3A",
  "SharpDX.DXGI.dll": "3EE4EBA009C45371C22D9711687E2C69",
  "SharpDX.Mathematics.dll": "258166E1699090FBFE53ADB0A3FB2A1B",
  "Silk.NET.Core.dll": "CD23C7B5F997B3A2740EB364FB3F2811",
  "Silk.NET.GLFW.dll": "AFCA184A9C5DFF56FA06CC3BB3AA4C3D",
  "Silk.NET.Maths.dll": "8B8C24E97C85D71C8028E26A05949AA0",
  "Silk.NET.OpenGL.dll": "153B286309463BBF351ACFD065C1E51B",
  "Silk.NET.SDL.dll": "4C878AD45930384291BDF062A985DC65",
  "Silk.NET.Windowing.Common.dll": "A73BB1138B24967591FC25F11DEF67E2",
  "Silk.NET.Windowing.Glfw.dll": "DF07056FF82DF038937C58B7F3906894",
  "Silk.NET.Windowing.Sdl.dll": "84C40D7062AC0F63B7B6E838ED8C33DD",
  "SQLite-net.dll": "2D940F8056B0020DD875CDF9B55EA4CF",
  "SQLitePCLRaw.batteries_v2.dll": "FFAF64044E864D2DA8374F5C52413A93",
  "SQLitePCLRaw.core.dll": "686A712968ED049A2E14232E5B5D1CD9",
  "SQLitePCLRaw.nativelibrary.dll": "1EFFFF3D0BA2611174016BCCEEA67C38",
  "SQLitePCLRaw.provider.dynamic_cdecl.dll": "96D6BD9E77999472F2AD68CF4D1CB5FC",
  "StbiSharp.dll": "E7214424B2AADF32EF575305BF0C644B",
  "System.Reactive.dll": "EF5A00287AD15393D41B12AA4B726FF7",
  "System.Reflection.MetadataLoadContext.dll": "E88E3AF6D37736F339022C9ACC5F2F7B",
  "System.Security.Cryptography.Pkcs.dll": "8950E01996A37E808BE3F39063C37BF9",
  "TEMP_gitver.txt": "8D4FF86F474F94CFBBCBC009ED2DE1DE",
  "TerraFX.Interop.Windows.dll": "84F7EF6B0DE91F8CC23F773D3FD6DEC0",
  "Validation.dll": "515A312FC996018FD34B5361C050C121"
}
