{
  "runtimes\\alpine-x64\\native\\libe_sqlite3.so": "39C244FEDBCD3DFC37041D4FCE1AE21D",
  "runtimes\\linux-arm\\native\\libe_sqlite3.so": "96CF54BC0EFB83D6E3F5F3E04997A59D",
  "runtimes\\linux-arm64\\native\\libe_sqlite3.so": "F079E55E7F3F9966A4A2052A3234E068",
  "runtimes\\linux-armel\\native\\libe_sqlite3.so": "C5A67D49434FC65D64E9C15778078C76",
  "runtimes\\linux-mips64\\native\\libe_sqlite3.so": "5F8461214089CFC677D46C19B7162161",
  "runtimes\\linux-musl-x64\\native\\libe_sqlite3.so": "39C244FEDBCD3DFC37041D4FCE1AE21D",
  "runtimes\\linux-x64\\native\\libe_sqlite3.so": "6F49C540D3AB9964D67A4A704C3D262D",
  "runtimes\\linux-x64\\native\\libglfw.so.3": "9E3137144F68B9E9793F4C7AD5B1BEA7",
  "runtimes\\linux-x64\\native\\libSDL2-2.0.so": "99B95A708381FC66AB2370E45A260527",
  "runtimes\\linux-x64\\native\\libstbi.so": "0945355ED59677D06E3E88F48101BB26",
  "runtimes\\linux-x86\\native\\libe_sqlite3.so": "5E0659B414CBD6DDC38C65582485853E",
  "runtimes\\osx-x64\\native\\libe_sqlite3.dylib": "F82AE134FCD1C080A69D775591406673",
  "runtimes\\osx-x64\\native\\libglfw.3.dylib": "1E30FAB2F0C40E82290AD4B0BF14A880",
  "runtimes\\osx-x64\\native\\libSDL2-2.0.dylib": "AAC958490586C67395F0A90903AE3747",
  "runtimes\\osx-x64\\native\\libstbi.dylib": "0B84B0A6A80178266018081C3CAB68E6",
  "runtimes\\win-arm\\native\\e_sqlite3.dll": "9EB826B6BA95B99886323FF2321B1BDE",
  "runtimes\\win-arm64\\native\\e_sqlite3.dll": "2A3727AA585B13891463CC7B86492CD4",
  "runtimes\\win-x64\\native\\e_sqlite3.dll": "363282CCA9C8E6D64492061518708C12",
  "runtimes\\win-x64\\native\\glfw3.dll": "6B35116826A80BA7C5A8AF5DF6F4B6FC",
  "runtimes\\win-x64\\native\\minhook.x64d.dll": "DE797B524A7D3CC2B058CEF8208A1507",
  "runtimes\\win-x64\\native\\SDL2.dll": "EEBEA09F0BDF01885D414020F86276BA",
  "runtimes\\win-x64\\native\\stbi.dll": "AB575865692279E228FD008C09D24411",
  "runtimes\\win-x64\\native\\stbi.lib": "927C214DE576219E1F80DBE7798A0502",
  "runtimes\\win-x86\\native\\e_sqlite3.dll": "D532E61AB5074252406E6E8C41383427",
  "runtimes\\win-x86\\native\\glfw3.dll": "958FBC785A706A919DBABD47FEB7548F",
  "runtimes\\win-x86\\native\\SDL2.dll": "1D2E7D2D23AC66946413B4A6C0FC2E90",
  "targets\\Dalamud.Plugin.Bootstrap.targets": "C85635161398CD9852CF7212DB7EB904",
  "targets\\Dalamud.Plugin.targets": "69D15EDFB3D4F0BEE3A099216E4DE057",
  "BitFaster.Caching.dll": "BD671BE7A026474557C40EEA9BFD54D6",
  "CheapLoc.dll": "0F00E7963DA0BA5353954F34CE0A8658",
  "cimgui.dll": "4DD841DAE158DE93F237911ED3756CB2",
  "cimguizmo.dll": "38CD8AA59F44EDE6657E696A2EE3D02E",
  "cimplot.dll": "E0CEE280D22315369473F69564E601BD",
  "commit_hash.txt": "38CBC40F75869EA3F208D222242B0FDB",
  "Dalamud.Boot.dll": "D4AAA89AE8E8E4368C50695CF28E1C6F",
  "Dalamud.Common.dll": "1C5EBEB4BED19FBFF6BF5CB8E50B3BAE",
  "Dalamud.deps.json": "CD98ED94E7C3CC64425C0D5E318D7E37",
  "Dalamud.dll": "3E3319BFDCBC2442A7EA75E4BEFE6A70",
  "Dalamud.Injector.deps.json": "C21972522E8133995B2C9562B3E39983",
  "Dalamud.Injector.dll": "6D025AC632BD7D462F11921893C922AB",
  "Dalamud.Injector.exe": "70BD19488B8345D8360CD6B70A554C05",
  "Dalamud.Injector.runtimeconfig.json": "439C534917CEF268A731631073E50FE4",
  "Dalamud.Injector.xml": "D41E5DF541D19A015215E777D7395C9C",
  "Dalamud.runtimeconfig.json": "CA3935E9C6B9E3300F2D7171E4AF6335",
  "Dalamud.xml": "3A6DC567D4B3EF3395FE52854AA11C5B",
  "DalamudCrashHandler.exe": "B52EF5EE666D5EBD82A3C7BED63DA6F0",
  "FASM-LICENSE.TXT": "ECEA1D10811221D5F0A3E96F9C38E2C7",
  "FASM.DLL": "5EFD9B0AE1E1AC1A4D0B7C0C1792D72D",
  "FASMX64.DLL": "2EBD3BFBF56B778FF07C8ED93F5F330B",
  "FFXIVClientStructs.dll": "C13956C3333489785C54A399A0E1B309",
  "FFXIVClientStructs.xml": "D6592F39DF73EA79469DC7FBECE70D6A",
  "goaaats.Reloaded.Assembler.targets": "CC22CB0A353E2136EE9E6E96DB9F7164",
  "Iced.dll": "FB08BF420F1BA4FB986DEFEF90C11485",
  "ImGui.NET.dll": "E05DCFE8CC1C3E5730B561AE4F59F506",
  "ImGuiScene.dll": "EA572F888F4EC3463F30CBC9064A1311",
  "InteropGenerator.Runtime.dll": "E0E3890A8D920748045EC16B7DAEBD23",
  "JetBrains.Annotations.dll": "B250CC3DCB7C7C5D9D605FD5CF302105",
  "licenses.txt": "A159BE62AA91178EFC3E3983AE874D1D",
  "Lumina.dll": "8B333D86B98C9E75FF4F05FE45FAFCF1",
  "Lumina.Excel.dll": "C7DAAFCCC4649188984DB7AFDADF1D31",
  "Microsoft.Bcl.HashCode.dll": "613AB56061ADF2284E047025207467E0",
  "Microsoft.DotNet.PlatformAbstractions.dll": "00AB0F02B1114C57C758F5AD595224F1",
  "Microsoft.Extensions.DependencyModel.dll": "F39BC76C10CFEA478C936FC4521A9FC9",
  "Microsoft.Extensions.ObjectPool.dll": "B0558CE087EAE95853E35579300F3A77",
  "MinSharp.dll": "5AB35124FF6B4B8A0D52413389CE8C78",
  "Mono.Cecil.dll": "B04CAAEB578EBDDA552CC4FD7FEF1321",
  "Mono.Cecil.Mdb.dll": "CEB7E45775C817305615C266C28C0F04",
  "Mono.Cecil.Pdb.dll": "0164158A1D6FA06486A24EAC770DC054",
  "Mono.Cecil.Rocks.dll": "09F49B408284793864EBB83E814CAFF4",
  "nethost.dll": "21F39F71E2F4B5BA9FB3F126872F2F9B",
  "Newtonsoft.Json.dll": "ADF3E3EECDE20B7C9661E9C47106A14A",
  "PeNet.Asn1.dll": "57BF3053CFB7959A0B19057BA402BF2C",
  "PeNet.dll": "2065D5933CFBAB3133B3556777C69E83",
  "PInvoke.AdvApi32.dll": "34EE461D05B403C3A15D0DEC32A3788C",
  "PInvoke.BCrypt.dll": "FD07758EE1440491F22923084109FF26",
  "PInvoke.Cabinet.dll": "333D950E3804735DA60CC41D614C63E2",
  "PInvoke.CfgMgr32.dll": "768BE7CC18EDCF78B296A72ABE891691",
  "PInvoke.Crypt32.dll": "E7B00B0851738F4A7F2C6D37DAA973B4",
  "PInvoke.DbgHelp.dll": "E701136169620D20E3A70B560DE20E44",
  "PInvoke.DwmApi.dll": "ACF223CC8962404056648815B486F7D9",
  "PInvoke.Gdi32.dll": "69FF434826F98582CE44D3136ECFFACB",
  "PInvoke.Hid.dll": "2E7A41257F8AD9B26073181F450CD8E5",
  "PInvoke.ImageHlp.dll": "79BE816E8D86EA66489D7780DD675D49",
  "PInvoke.IPHlpApi.dll": "E949FA3326D1BA8872B179AB4EE49D38",
  "PInvoke.Kernel32.dll": "234E15B122ED430DE99490CA1A204958",
  "PInvoke.Magnification.dll": "C9EA3D34F506741ECC044DB19C151F09",
  "PInvoke.Msi.dll": "69EE50CE2DA6B55755E52589F49A7EBC",
  "PInvoke.NCrypt.dll": "DA1DE76C14D99370CA3BEF19DC299B15",
  "PInvoke.NetApi32.dll": "AE79F9FA2E3864A5E0642AE4622ECDC5",
  "PInvoke.NewDev.dll": "B3E1992105D986EF9C5C8E4B630FBB07",
  "PInvoke.NTDll.dll": "3F6BDF840EB27DD0FD9EB8071822183A",
  "PInvoke.Ole32.dll": "3C49FB100B60519FFE725BCD12A538F6",
  "PInvoke.Psapi.dll": "A7683EE4B880227F01C8AE632A892B9E",
  "PInvoke.SetupApi.dll": "1B7AE321185D0081D1759A9AD829F9BA",
  "PInvoke.SHCore.dll": "F27E7F063D51480F6D2294C903E4A606",
  "PInvoke.Shell32.dll": "F71A1BCAF6478190691170DAEA77722F",
  "PInvoke.User32.dll": "8BEDE38311ED4F27127290B81B8079FD",
  "PInvoke.Userenv.dll": "FEB7BCA90B8C905EC2F4BB0789847131",
  "PInvoke.UxTheme.dll": "8E683C016250CB719FDB9AAAFC22B3C5",
  "PInvoke.Windows.Core.dll": "90015440A44935208FFEA9BF61740651",
  "PInvoke.Windows.ShellScalingApi.dll": "F351B34B8C9183A51CADFDC279357C49",
  "PInvoke.WinUsb.dll": "9EB8A0280F2848D1A32B560A939F7336",
  "PInvoke.WtsApi32.dll": "341C94455D2E5893DBE4293D4D67AA4D",
  "Reloaded.Assembler.dll": "AAFF2AE587F28D58D170495CE8746D56",
  "Reloaded.Hooks.Definitions.dll": "81F96C2F2EC334D950F40A77C7A5F60B",
  "Reloaded.Hooks.dll": "919929F1FBCD43120632367C9CDAFE62",
  "Reloaded.Memory.Buffers.dll": "3BE67E340A8ACB5469CE0686618A5489",
  "Reloaded.Memory.dll": "8FC95B20797DB2C6E84AF4F9C913C20F",
  "revision.txt": "217B4C71837FAC172FABEBFC299F755B",
  "SDL2-CS.config": "65557595FD5DF55D93B2BF881DE62C3A",
  "SDL2-CS.dll": "AC803C4A4EDF362FD2F04119EB347185",
  "Serilog.dll": "567D08FD71EFFD2A9B86818C4C7B9A7A",
  "Serilog.Sinks.Async.dll": "35E0D79CB9D799BB2F22565050624DA7",
  "Serilog.Sinks.Console.dll": "4604438C2B55FAA97ADE02B98392A8B6",
  "Serilog.Sinks.File.dll": "272F67A30DA09FDFA48ED78FCCDCC84C",
  "SharpDX.Direct3D11.dll": "7D8077EEC781ED7F1FB7F473335D29D2",
  "SharpDX.dll": "7551DF2B851DA563BABBB4BCEACE98D1",
  "SharpDX.DXGI.dll": "7B4728315C6FA7DF3E538EB7CDD20C2D",
  "SharpDX.Mathematics.dll": "850E92B039443BAD47B91311FA31D686",
  "Silk.NET.Core.dll": "7EC8801F30840A03BDA6BDB4A4D3766F",
  "Silk.NET.GLFW.dll": "50F04F08AA1C612BDDF1BD928D99CF5B",
  "Silk.NET.Maths.dll": "F5E0775CF92026E130186E9FC9515E51",
  "Silk.NET.OpenGL.dll": "3B43BBB433C067D577792427E6020094",
  "Silk.NET.SDL.dll": "CC6DC9304A99AC907388CD04B2D6A7EB",
  "Silk.NET.Windowing.Common.dll": "A0232473985C6B8B35BA967381DE76F1",
  "Silk.NET.Windowing.Glfw.dll": "262707AF1BFFB38AAC28278F2BEDE473",
  "Silk.NET.Windowing.Sdl.dll": "552E6BC234884651587B02F39E02FB31",
  "SQLite-net.dll": "C587E10495AC8267CECE259AFFA83506",
  "SQLitePCLRaw.batteries_v2.dll": "D3902C2DCDC4CD0669B07FDF9E132FFC",
  "SQLitePCLRaw.core.dll": "D24326DE6FECC37746429A863F32EC9F",
  "SQLitePCLRaw.nativelibrary.dll": "2A6B5ED3EE3201E116BF9E07DB16C928",
  "SQLitePCLRaw.provider.dynamic_cdecl.dll": "75ED83BC70C097F5D755C2C69F693A6C",
  "StbiSharp.dll": "4949553EA263C735285D5556055EAB56",
  "System.Reactive.dll": "EF5A00287AD15393D41B12AA4B726FF7",
  "System.Reflection.MetadataLoadContext.dll": "E88E3AF6D37736F339022C9ACC5F2F7B",
  "System.Security.Cryptography.Pkcs.dll": "8950E01996A37E808BE3F39063C37BF9",
  "TEMP_gitver.txt": "BC0A3E25D33D23C836F2FB6960BC268F",
  "TerraFX.Interop.Windows.dll": "84F7EF6B0DE91F8CC23F773D3FD6DEC0",
  "Validation.dll": "24D2A8870F414C43A99A2ECEB18211A4"
}
