{
  "runtimes\\alpine-x64\\native\\libe_sqlite3.so": "39C244FEDBCD3DFC37041D4FCE1AE21D",
  "runtimes\\linux-arm\\native\\libe_sqlite3.so": "96CF54BC0EFB83D6E3F5F3E04997A59D",
  "runtimes\\linux-arm64\\native\\libe_sqlite3.so": "F079E55E7F3F9966A4A2052A3234E068",
  "runtimes\\linux-armel\\native\\libe_sqlite3.so": "C5A67D49434FC65D64E9C15778078C76",
  "runtimes\\linux-mips64\\native\\libe_sqlite3.so": "5F8461214089CFC677D46C19B7162161",
  "runtimes\\linux-musl-x64\\native\\libe_sqlite3.so": "39C244FEDBCD3DFC37041D4FCE1AE21D",
  "runtimes\\linux-x64\\native\\libe_sqlite3.so": "6F49C540D3AB9964D67A4A704C3D262D",
  "runtimes\\linux-x64\\native\\libglfw.so.3": "9E3137144F68B9E9793F4C7AD5B1BEA7",
  "runtimes\\linux-x64\\native\\libSDL2-2.0.so": "99B95A708381FC66AB2370E45A260527",
  "runtimes\\linux-x64\\native\\libstbi.so": "0945355ED59677D06E3E88F48101BB26",
  "runtimes\\linux-x86\\native\\libe_sqlite3.so": "5E0659B414CBD6DDC38C65582485853E",
  "runtimes\\osx-x64\\native\\libe_sqlite3.dylib": "F82AE134FCD1C080A69D775591406673",
  "runtimes\\osx-x64\\native\\libglfw.3.dylib": "1E30FAB2F0C40E82290AD4B0BF14A880",
  "runtimes\\osx-x64\\native\\libSDL2-2.0.dylib": "AAC958490586C67395F0A90903AE3747",
  "runtimes\\osx-x64\\native\\libstbi.dylib": "0B84B0A6A80178266018081C3CAB68E6",
  "runtimes\\win-arm\\native\\e_sqlite3.dll": "DBC3B8EF6F18DA001DD3126C8CFF0885",
  "runtimes\\win-arm64\\native\\e_sqlite3.dll": "F50262A4AF517160AD9B2EB7CECA9DC9",
  "runtimes\\win-x64\\native\\e_sqlite3.dll": "451CD95DBFCC83D280FD56CAD08AC014",
  "runtimes\\win-x64\\native\\glfw3.dll": "3EA6617E3A1BB93BA1D37C7CD5406CE0",
  "runtimes\\win-x64\\native\\minhook.x64d.dll": "2E32F1E1ED1F5DDF8960BAB1E5430542",
  "runtimes\\win-x64\\native\\SDL2.dll": "F8CC6A77FAE66D1569F4F36B71841CC6",
  "runtimes\\win-x64\\native\\stbi.dll": "455B337F27A7EF7293B679ADA5304B94",
  "runtimes\\win-x64\\native\\stbi.lib": "927C214DE576219E1F80DBE7798A0502",
  "runtimes\\win-x86\\native\\e_sqlite3.dll": "4700B59F4065E31D79F5A564B6BE93C9",
  "runtimes\\win-x86\\native\\glfw3.dll": "B4328CBB37556A17B7F2FCC5067DE183",
  "runtimes\\win-x86\\native\\SDL2.dll": "763286A119700929EDEAF2DB986E1585",
  "targets\\Dalamud.Plugin.Bootstrap.targets": "C85635161398CD9852CF7212DB7EB904",
  "targets\\Dalamud.Plugin.targets": "69D15EDFB3D4F0BEE3A099216E4DE057",
  "BitFaster.Caching.dll": "0E33F00658DF41F384AF2C7EFE769CC0",
  "CheapLoc.dll": "B054BE5D245A0ADB789E9EB084015F9F",
  "cimgui.dll": "4986D6E828952CEDA991360A2CF1185E",
  "cimguizmo.dll": "B2BF08E6970FCD7FCE61E35676C95B9F",
  "cimplot.dll": "F47B559427221D9F80AB86BC5A964916",
  "commit_hash.txt": "33F673B3AA1AB0E9DE80C51650C554B9",
  "Dalamud.Boot.dll": "2624DC505326213FF11CCA71A4C07A4F",
  "Dalamud.Common.dll": "CE878EB1ABBDF809E6F00A0F2474A384",
  "Dalamud.deps.json": "41BDCA85DBDEBD54C1A74A4C28F31B4C",
  "Dalamud.dll": "01D323AD6EADAFD59D3BD08358EA6417",
  "Dalamud.Injector.deps.json": "C21972522E8133995B2C9562B3E39983",
  "Dalamud.Injector.dll": "157E284E169D71CF4E131EECEC12E672",
  "Dalamud.Injector.exe": "4AB48C3B46934E04A6D53CF993A0320F",
  "Dalamud.Injector.runtimeconfig.json": "439C534917CEF268A731631073E50FE4",
  "Dalamud.Injector.xml": "D41E5DF541D19A015215E777D7395C9C",
  "Dalamud.runtimeconfig.json": "CA3935E9C6B9E3300F2D7171E4AF6335",
  "Dalamud.xml": "3A6DC567D4B3EF3395FE52854AA11C5B",
  "DalamudCrashHandler.exe": "73ADBB36249B240217F6F6D73F7E4167",
  "FASM-LICENSE.TXT": "ECEA1D10811221D5F0A3E96F9C38E2C7",
  "FASM.DLL": "A3A66EFE6326B62431E9FCD0060FD13A",
  "FASMX64.DLL": "AC58157C0D90D04CD51EAC495F56B722",
  "FFXIVClientStructs.dll": "7A3CC4A04F3DFEB90E099B895B1571FE",
  "FFXIVClientStructs.xml": "342C28E4CB7417BFAF880E53B25A34BD",
  "goaaats.Reloaded.Assembler.targets": "CC22CB0A353E2136EE9E6E96DB9F7164",
  "Iced.dll": "FD9C431F8256C9FF897270DA29834517",
  "ImGui.NET.dll": "BD859750C7C70E2948F90C2EFB6E30BC",
  "ImGuiScene.dll": "C60B19AB6AF714542D450E16B4A83451",
  "InteropGenerator.Runtime.dll": "75AB1615FC28D8B7C4C5629D3B7C934E",
  "JetBrains.Annotations.dll": "8A1D58A252D44FEB09462EE007D1E047",
  "licenses.txt": "A159BE62AA91178EFC3E3983AE874D1D",
  "Lumina.dll": "A091904AACFCAEECE6065887CC09408B",
  "Lumina.Excel.dll": "B4F8713F125A6644B94A85CB8A48B74E",
  "Microsoft.Bcl.HashCode.dll": "613AB56061ADF2284E047025207467E0",
  "Microsoft.DotNet.PlatformAbstractions.dll": "00AB0F02B1114C57C758F5AD595224F1",
  "Microsoft.Extensions.DependencyModel.dll": "F39BC76C10CFEA478C936FC4521A9FC9",
  "Microsoft.Extensions.ObjectPool.dll": "B0558CE087EAE95853E35579300F3A77",
  "MinSharp.dll": "B7653D746A3B722DA4F68B3103073303",
  "Mono.Cecil.dll": "20043B6A61BE2D2BEABDAE8AC0D10706",
  "Mono.Cecil.Mdb.dll": "904A46F9EA0D7AA7D7C782AAA6755E8D",
  "Mono.Cecil.Pdb.dll": "C0C3904D60DD9F5E258A48575A4574C4",
  "Mono.Cecil.Rocks.dll": "05E07C7BC90E2D820440DAF603CD20DD",
  "nethost.dll": "21F39F71E2F4B5BA9FB3F126872F2F9B",
  "Newtonsoft.Json.dll": "ADF3E3EECDE20B7C9661E9C47106A14A",
  "PeNet.Asn1.dll": "F6FE9F9441C44EF85C9801D3921B85E1",
  "PeNet.dll": "049D298A2A145CE2E79BFA7A80DB637B",
  "PInvoke.AdvApi32.dll": "34EE461D05B403C3A15D0DEC32A3788C",
  "PInvoke.BCrypt.dll": "FD07758EE1440491F22923084109FF26",
  "PInvoke.Cabinet.dll": "333D950E3804735DA60CC41D614C63E2",
  "PInvoke.CfgMgr32.dll": "768BE7CC18EDCF78B296A72ABE891691",
  "PInvoke.Crypt32.dll": "E7B00B0851738F4A7F2C6D37DAA973B4",
  "PInvoke.DbgHelp.dll": "E701136169620D20E3A70B560DE20E44",
  "PInvoke.DwmApi.dll": "ACF223CC8962404056648815B486F7D9",
  "PInvoke.Gdi32.dll": "69FF434826F98582CE44D3136ECFFACB",
  "PInvoke.Hid.dll": "2E7A41257F8AD9B26073181F450CD8E5",
  "PInvoke.ImageHlp.dll": "79BE816E8D86EA66489D7780DD675D49",
  "PInvoke.IPHlpApi.dll": "E949FA3326D1BA8872B179AB4EE49D38",
  "PInvoke.Kernel32.dll": "234E15B122ED430DE99490CA1A204958",
  "PInvoke.Magnification.dll": "C9EA3D34F506741ECC044DB19C151F09",
  "PInvoke.Msi.dll": "69EE50CE2DA6B55755E52589F49A7EBC",
  "PInvoke.NCrypt.dll": "DA1DE76C14D99370CA3BEF19DC299B15",
  "PInvoke.NetApi32.dll": "AE79F9FA2E3864A5E0642AE4622ECDC5",
  "PInvoke.NewDev.dll": "B3E1992105D986EF9C5C8E4B630FBB07",
  "PInvoke.NTDll.dll": "3F6BDF840EB27DD0FD9EB8071822183A",
  "PInvoke.Ole32.dll": "3C49FB100B60519FFE725BCD12A538F6",
  "PInvoke.Psapi.dll": "A7683EE4B880227F01C8AE632A892B9E",
  "PInvoke.SetupApi.dll": "1B7AE321185D0081D1759A9AD829F9BA",
  "PInvoke.SHCore.dll": "F27E7F063D51480F6D2294C903E4A606",
  "PInvoke.Shell32.dll": "F71A1BCAF6478190691170DAEA77722F",
  "PInvoke.User32.dll": "8BEDE38311ED4F27127290B81B8079FD",
  "PInvoke.Userenv.dll": "FEB7BCA90B8C905EC2F4BB0789847131",
  "PInvoke.UxTheme.dll": "8E683C016250CB719FDB9AAAFC22B3C5",
  "PInvoke.Windows.Core.dll": "90015440A44935208FFEA9BF61740651",
  "PInvoke.Windows.ShellScalingApi.dll": "F351B34B8C9183A51CADFDC279357C49",
  "PInvoke.WinUsb.dll": "9EB8A0280F2848D1A32B560A939F7336",
  "PInvoke.WtsApi32.dll": "341C94455D2E5893DBE4293D4D67AA4D",
  "Reloaded.Assembler.dll": "5A7587EF57610A2A75704B24FD0B1DC7",
  "Reloaded.Hooks.Definitions.dll": "8E42E212E4BA2A4BA20A0B70E5B1E20B",
  "Reloaded.Hooks.dll": "EB401BAABFAC9F91C196F27D703F4BA1",
  "Reloaded.Memory.Buffers.dll": "439870CE870A89EDCCA9E198801A8A5B",
  "Reloaded.Memory.dll": "A1852863AED3A3D4158CA89BDC6ADB75",
  "revision.txt": "AB81265D898EF7F38A3E95FC98C2A669",
  "SDL2-CS.config": "65557595FD5DF55D93B2BF881DE62C3A",
  "SDL2-CS.dll": "2755F10596512BCDE9E082F3F1AA4DE5",
  "Serilog.dll": "F9711432B7A745D25B74A0D8B572A3D3",
  "Serilog.Sinks.Async.dll": "B5AE02729ECE94D744DACFE5BE0226D5",
  "Serilog.Sinks.Console.dll": "41D9C9DA8B600002571686BEAD8CE731",
  "Serilog.Sinks.File.dll": "CD3419ECC79C287441B88333912B52BC",
  "SharpDX.Direct3D11.dll": "BD988070FBBFF9D4BF1139BD3DF3CDD2",
  "SharpDX.dll": "F05EC0E549824FD91B64533DE4291DD3",
  "SharpDX.DXGI.dll": "EC2D44D2084AA907175537B5EAF629FF",
  "SharpDX.Mathematics.dll": "CF9CB68D205CEE366281D5D908942E76",
  "Silk.NET.Core.dll": "9C6EE60B1FF977DA093B624D78CD7047",
  "Silk.NET.GLFW.dll": "73E82F4B712E113D0772F29B62F45431",
  "Silk.NET.Maths.dll": "884E1164CA6463A926F9B5798CA8230F",
  "Silk.NET.OpenGL.dll": "934490421352F325A8A07A01B3470AB0",
  "Silk.NET.SDL.dll": "A270415BDBB9657AC2B4D39CE6A99ADF",
  "Silk.NET.Windowing.Common.dll": "C004FC93CD82B5CA9FAF4E103ADFB693",
  "Silk.NET.Windowing.Glfw.dll": "01C7838AEA30E5F395E8799ACCC06708",
  "Silk.NET.Windowing.Sdl.dll": "4CDBF5E0690E10FE89B63F71EBA97FCB",
  "SQLite-net.dll": "8A1F16DFAAE6902BA41929B8818E0281",
  "SQLitePCLRaw.batteries_v2.dll": "6297E47B5F505F58CB7A4D42F935068D",
  "SQLitePCLRaw.core.dll": "ADF815805D008A05CE357D0E3EB98FCA",
  "SQLitePCLRaw.nativelibrary.dll": "F1BC7534ABE5C1CBE728022998E6B86E",
  "SQLitePCLRaw.provider.dynamic_cdecl.dll": "5E1CAC5B2854024BA2A88FD664EBBEC8",
  "StbiSharp.dll": "DCDE85D04A5D65F7E3E4ABE8BCD29354",
  "System.Reactive.dll": "EF5A00287AD15393D41B12AA4B726FF7",
  "System.Reflection.MetadataLoadContext.dll": "E88E3AF6D37736F339022C9ACC5F2F7B",
  "System.Security.Cryptography.Pkcs.dll": "8950E01996A37E808BE3F39063C37BF9",
  "TEMP_gitver.txt": "D74A9AE42CF713E638434BF71474F739",
  "TerraFX.Interop.Windows.dll": "84F7EF6B0DE91F8CC23F773D3FD6DEC0",
  "Validation.dll": "0CFDE550F1461E88DB9F6DCB8FDA0D90"
}
