{
  "runtimes\\alpine-x64\\native\\libe_sqlite3.so": "39C244FEDBCD3DFC37041D4FCE1AE21D",
  "runtimes\\linux-arm\\native\\libe_sqlite3.so": "96CF54BC0EFB83D6E3F5F3E04997A59D",
  "runtimes\\linux-arm64\\native\\libe_sqlite3.so": "F079E55E7F3F9966A4A2052A3234E068",
  "runtimes\\linux-armel\\native\\libe_sqlite3.so": "C5A67D49434FC65D64E9C15778078C76",
  "runtimes\\linux-mips64\\native\\libe_sqlite3.so": "5F8461214089CFC677D46C19B7162161",
  "runtimes\\linux-musl-x64\\native\\libe_sqlite3.so": "39C244FEDBCD3DFC37041D4FCE1AE21D",
  "runtimes\\linux-x64\\native\\libe_sqlite3.so": "6F49C540D3AB9964D67A4A704C3D262D",
  "runtimes\\linux-x64\\native\\libglfw.so.3": "9E3137144F68B9E9793F4C7AD5B1BEA7",
  "runtimes\\linux-x64\\native\\libSDL2-2.0.so": "99B95A708381FC66AB2370E45A260527",
  "runtimes\\linux-x64\\native\\libstbi.so": "0945355ED59677D06E3E88F48101BB26",
  "runtimes\\linux-x86\\native\\libe_sqlite3.so": "5E0659B414CBD6DDC38C65582485853E",
  "runtimes\\osx-x64\\native\\libe_sqlite3.dylib": "F82AE134FCD1C080A69D775591406673",
  "runtimes\\osx-x64\\native\\libglfw.3.dylib": "1E30FAB2F0C40E82290AD4B0BF14A880",
  "runtimes\\osx-x64\\native\\libSDL2-2.0.dylib": "AAC958490586C67395F0A90903AE3747",
  "runtimes\\osx-x64\\native\\libstbi.dylib": "0B84B0A6A80178266018081C3CAB68E6",
  "runtimes\\win-arm\\native\\e_sqlite3.dll": "A688DD917431F3033D4953E949A0544B",
  "runtimes\\win-arm64\\native\\e_sqlite3.dll": "0931BAF5E0EB188278F6FE1666393159",
  "runtimes\\win-x64\\native\\cimgui.dll": "648D11CECC1CBBABB43B4D016563E819",
  "runtimes\\win-x64\\native\\cimguizmo.dll": "B920A0528903322C86BC3401C37BAFFD",
  "runtimes\\win-x64\\native\\cimplot.dll": "62EE7942B3A1F1521FB4C7B1D64CE4D6",
  "runtimes\\win-x64\\native\\e_sqlite3.dll": "9D8B3FB2394E7ADAC1C638A006013330",
  "runtimes\\win-x64\\native\\glfw3.dll": "3F4FB88240A553C335315A0D4EF89708",
  "runtimes\\win-x64\\native\\minhook.x64d.dll": "A2A24EE7D7E1D3D645AF98B0DD3F0D99",
  "runtimes\\win-x64\\native\\SDL2.dll": "59BC390ECF29F9D78E64DFE41DB35189",
  "runtimes\\win-x64\\native\\stbi.dll": "25E53FDBBB9EC1A904FBC90E0CFB6AE2",
  "runtimes\\win-x64\\native\\stbi.lib": "927C214DE576219E1F80DBE7798A0502",
  "runtimes\\win-x86\\native\\e_sqlite3.dll": "86BC03430C6CF7DF747744D0DF4D9D58",
  "runtimes\\win-x86\\native\\glfw3.dll": "4ECB9458F68A1A2F0F3AA8CF238D4FC0",
  "runtimes\\win-x86\\native\\SDL2.dll": "97E4D04B97220977AD576C6B4783EF15",
  "targets\\Dalamud.Plugin.Bootstrap.targets": "C85635161398CD9852CF7212DB7EB904",
  "targets\\Dalamud.Plugin.targets": "69D15EDFB3D4F0BEE3A099216E4DE057",
  "BitFaster.Caching.dll": "C97BD3A37E2552FEDD9032D5BF711414",
  "CheapLoc.dll": "5B29E6066F8713CFF652B0CF500D96CC",
  "commit_hash.txt": "EB0060C7A94BF6F4457F3EF6B15AB7DB",
  "Costura.dll": "8173FCB43D15B15D85A1B838F7EB40D0",
  "Dalamud.Boot.dll": "87358E5E4436A4805D86A3415A6A971C",
  "Dalamud.Common.dll": "285C2EF3E94CCCBF38A85B791A081C9E",
  "Dalamud.deps.json": "D3A9A174579A5C794EDBEA302E79A0C4",
  "Dalamud.dll": "AA970369C6A2D4023FFA58A4CF56BDEE",
  "Dalamud.Injector.deps.json": "D17C32692C52DF5EF57B142458ADCBAF",
  "Dalamud.Injector.dll": "73C887677E114EAE9AE50BF75690BF91",
  "Dalamud.Injector.exe": "94B4E133544EC96C19FAFBB3375F955E",
  "Dalamud.Injector.runtimeconfig.json": "439C534917CEF268A731631073E50FE4",
  "Dalamud.Injector.xml": "D41E5DF541D19A015215E777D7395C9C",
  "Dalamud.runtimeconfig.json": "CA3935E9C6B9E3300F2D7171E4AF6335",
  "Dalamud.xml": "D05296598520CE804FD5C55E415AA89C",
  "DalamudCrashHandler.exe": "F42CD1A6FE9DC29D10C088070A5F1281",
  "FASM-LICENSE.TXT": "ECEA1D10811221D5F0A3E96F9C38E2C7",
  "FASM.DLL": "AB13C1B769FEC97F61A08933E2439E5E",
  "FASMX64.DLL": "4BEF88D95D206C84F0B639253A2793D0",
  "FFXIVClientStructs.dll": "A1050E21BDFF1D334851346DCFAC29BB",
  "FFXIVClientStructs.xml": "12577C2471340295C6ABB3EE43116A56",
  "goaaats.Reloaded.Assembler.targets": "CC22CB0A353E2136EE9E6E96DB9F7164",
  "Iced.dll": "2DCF7CE9B7B0890B2B8507EEAA2A313A",
  "ImGui.NET.dll": "1847B8C373BE88697DC93DDEFFF4E27E",
  "ImGuiScene.dll": "5C547F146719BBD3612FCFED369B8351",
  "InteropGenerator.Runtime.dll": "6FF84B5016845577F0FB77969EAA3AA9",
  "JetBrains.Annotations.dll": "AA550692482619444FD301574E2A20A7",
  "licenses.txt": "A159BE62AA91178EFC3E3983AE874D1D",
  "Lumina.dll": "C0D7B1BC586AA12ACEAE768A54899E2C",
  "Lumina.Excel.dll": "6F0F8037332C87F319382F066ADBF6DE",
  "Microsoft.Bcl.HashCode.dll": "613AB56061ADF2284E047025207467E0",
  "Microsoft.DotNet.PlatformAbstractions.dll": "00AB0F02B1114C57C758F5AD595224F1",
  "Microsoft.Extensions.DependencyModel.dll": "F39BC76C10CFEA478C936FC4521A9FC9",
  "Microsoft.Extensions.ObjectPool.dll": "B0558CE087EAE95853E35579300F3A77",
  "MinSharp.dll": "CD505281B9949AB5F745426116EB4AAD",
  "Mono.Cecil.dll": "B577A82489CFE088378930EDBCC1A555",
  "Mono.Cecil.Mdb.dll": "B075C0CDA840D9E12702ADA900DFD957",
  "Mono.Cecil.Pdb.dll": "A6E37923B3E785EB8D9996EE7AF8D5E4",
  "Mono.Cecil.Rocks.dll": "29AC3422432FD9D18522B3B800D1FF7D",
  "nethost.dll": "21F39F71E2F4B5BA9FB3F126872F2F9B",
  "Newtonsoft.Json.dll": "ADF3E3EECDE20B7C9661E9C47106A14A",
  "PeNet.Asn1.dll": "DD7E942177252FCC51E0D78B105B6BAE",
  "PeNet.dll": "52C9104DFDD06E40CE9CE76ADD097744",
  "PInvoke.AdvApi32.dll": "34EE461D05B403C3A15D0DEC32A3788C",
  "PInvoke.BCrypt.dll": "FD07758EE1440491F22923084109FF26",
  "PInvoke.Cabinet.dll": "333D950E3804735DA60CC41D614C63E2",
  "PInvoke.CfgMgr32.dll": "768BE7CC18EDCF78B296A72ABE891691",
  "PInvoke.Crypt32.dll": "E7B00B0851738F4A7F2C6D37DAA973B4",
  "PInvoke.DbgHelp.dll": "E701136169620D20E3A70B560DE20E44",
  "PInvoke.DwmApi.dll": "ACF223CC8962404056648815B486F7D9",
  "PInvoke.Gdi32.dll": "69FF434826F98582CE44D3136ECFFACB",
  "PInvoke.Hid.dll": "2E7A41257F8AD9B26073181F450CD8E5",
  "PInvoke.ImageHlp.dll": "79BE816E8D86EA66489D7780DD675D49",
  "PInvoke.IPHlpApi.dll": "E949FA3326D1BA8872B179AB4EE49D38",
  "PInvoke.Kernel32.dll": "234E15B122ED430DE99490CA1A204958",
  "PInvoke.Magnification.dll": "C9EA3D34F506741ECC044DB19C151F09",
  "PInvoke.Msi.dll": "69EE50CE2DA6B55755E52589F49A7EBC",
  "PInvoke.NCrypt.dll": "DA1DE76C14D99370CA3BEF19DC299B15",
  "PInvoke.NetApi32.dll": "AE79F9FA2E3864A5E0642AE4622ECDC5",
  "PInvoke.NewDev.dll": "B3E1992105D986EF9C5C8E4B630FBB07",
  "PInvoke.NTDll.dll": "3F6BDF840EB27DD0FD9EB8071822183A",
  "PInvoke.Ole32.dll": "3C49FB100B60519FFE725BCD12A538F6",
  "PInvoke.Psapi.dll": "A7683EE4B880227F01C8AE632A892B9E",
  "PInvoke.SetupApi.dll": "1B7AE321185D0081D1759A9AD829F9BA",
  "PInvoke.SHCore.dll": "F27E7F063D51480F6D2294C903E4A606",
  "PInvoke.Shell32.dll": "F71A1BCAF6478190691170DAEA77722F",
  "PInvoke.User32.dll": "8BEDE38311ED4F27127290B81B8079FD",
  "PInvoke.Userenv.dll": "FEB7BCA90B8C905EC2F4BB0789847131",
  "PInvoke.UxTheme.dll": "8E683C016250CB719FDB9AAAFC22B3C5",
  "PInvoke.Windows.Core.dll": "90015440A44935208FFEA9BF61740651",
  "PInvoke.Windows.ShellScalingApi.dll": "F351B34B8C9183A51CADFDC279357C49",
  "PInvoke.WinUsb.dll": "9EB8A0280F2848D1A32B560A939F7336",
  "PInvoke.WtsApi32.dll": "341C94455D2E5893DBE4293D4D67AA4D",
  "Reloaded.Assembler.dll": "E1003A5BCBE3CA4679C2A173E3DBDB0D",
  "Reloaded.Hooks.Definitions.dll": "DCE446FE5B53C24BF5851F1DCDA6327E",
  "Reloaded.Hooks.dll": "3828630A16C3AD334DE4AC9F58EA9DFB",
  "Reloaded.Memory.Buffers.dll": "0CF71AA9C2503B4FA755032C2FE71F65",
  "Reloaded.Memory.dll": "8CDC504D2C2585061B5354196BC9E8D0",
  "revision.txt": "CF8C9BE2A4508A24AE92C9D3D379131D",
  "SDL2-CS.config": "65557595FD5DF55D93B2BF881DE62C3A",
  "SDL2-CS.dll": "B1ED09739CCB29D1DED5C77A83060DD5",
  "Serilog.dll": "8ED21B99052FDA7BF14FC0CEEBFF3556",
  "Serilog.Sinks.Async.dll": "2E169C4952D58344483DA762625BC0FC",
  "Serilog.Sinks.Console.dll": "19FF1FDC391DA33444CEEE48B5CA753B",
  "Serilog.Sinks.File.dll": "9C70B0AC86BCD23035F06DF8D208ACE1",
  "SharpDX.Direct3D11.dll": "47AD68590EBA4CA3F77761D75A099095",
  "SharpDX.dll": "EA733610CC8BF313A6E12419AAC9D37A",
  "SharpDX.DXGI.dll": "BA72D2DCDC7C9A1228A63724ACCEB6F1",
  "SharpDX.Mathematics.dll": "1DBDA7A8935932B1EFDC077F7BA549DF",
  "Silk.NET.Core.dll": "1C140545FC1831C0F5D3295083FC898F",
  "Silk.NET.GLFW.dll": "47CD42DEBFAF30AB69C3B3C802BBF69A",
  "Silk.NET.Maths.dll": "3A11128B8AD1390D279634BF5B2154E4",
  "Silk.NET.OpenGL.dll": "77EF038373838170395507ACCE2A8045",
  "Silk.NET.SDL.dll": "A3BE6C56266FB3195FBE9FBBC4188796",
  "Silk.NET.Windowing.Common.dll": "D9478EEAE42757A2223613477A8B4F16",
  "Silk.NET.Windowing.Glfw.dll": "46B3C7FE2CF21E6061129CFB3A45F470",
  "Silk.NET.Windowing.Sdl.dll": "466635DF187D9C84BED0426E731C6E36",
  "SQLite-net.dll": "C0C409131BD6ABAEA9AF709913A49CF7",
  "SQLitePCLRaw.batteries_v2.dll": "7BBDF88A73F6678BE8D2884C81FE67A8",
  "SQLitePCLRaw.core.dll": "49261B67EBC7F17369564343D070755D",
  "SQLitePCLRaw.nativelibrary.dll": "FDFB8A6FBCE6D90D12CED733888588C0",
  "SQLitePCLRaw.provider.dynamic_cdecl.dll": "B39007DE8B8264FFB69AA1F49DC77E77",
  "StbiSharp.dll": "C8E39CA7B1C7F23A0E492B2110D2684D",
  "System.Reactive.dll": "EF5A00287AD15393D41B12AA4B726FF7",
  "System.Reflection.MetadataLoadContext.dll": "E88E3AF6D37736F339022C9ACC5F2F7B",
  "System.Security.Cryptography.Pkcs.dll": "8950E01996A37E808BE3F39063C37BF9",
  "TEMP_gitver.txt": "2CF45A952F9783E5C6047E315EB08FBB",
  "TerraFX.Interop.Windows.dll": "84F7EF6B0DE91F8CC23F773D3FD6DEC0",
  "Validation.dll": "9EAAEC91CEDF7E8D9CBE24E00E2F3E00"
}
