{
  "runtimes\\alpine-x64\\native\\libe_sqlite3.so": "39C244FEDBCD3DFC37041D4FCE1AE21D",
  "runtimes\\linux-arm\\native\\libe_sqlite3.so": "96CF54BC0EFB83D6E3F5F3E04997A59D",
  "runtimes\\linux-arm64\\native\\libe_sqlite3.so": "F079E55E7F3F9966A4A2052A3234E068",
  "runtimes\\linux-armel\\native\\libe_sqlite3.so": "C5A67D49434FC65D64E9C15778078C76",
  "runtimes\\linux-mips64\\native\\libe_sqlite3.so": "5F8461214089CFC677D46C19B7162161",
  "runtimes\\linux-musl-x64\\native\\libe_sqlite3.so": "39C244FEDBCD3DFC37041D4FCE1AE21D",
  "runtimes\\linux-x64\\native\\libe_sqlite3.so": "6F49C540D3AB9964D67A4A704C3D262D",
  "runtimes\\linux-x64\\native\\libglfw.so.3": "9E3137144F68B9E9793F4C7AD5B1BEA7",
  "runtimes\\linux-x64\\native\\libSDL2-2.0.so": "99B95A708381FC66AB2370E45A260527",
  "runtimes\\linux-x64\\native\\libstbi.so": "0945355ED59677D06E3E88F48101BB26",
  "runtimes\\linux-x86\\native\\libe_sqlite3.so": "5E0659B414CBD6DDC38C65582485853E",
  "runtimes\\osx-x64\\native\\libe_sqlite3.dylib": "F82AE134FCD1C080A69D775591406673",
  "runtimes\\osx-x64\\native\\libglfw.3.dylib": "1E30FAB2F0C40E82290AD4B0BF14A880",
  "runtimes\\osx-x64\\native\\libSDL2-2.0.dylib": "AAC958490586C67395F0A90903AE3747",
  "runtimes\\osx-x64\\native\\libstbi.dylib": "0B84B0A6A80178266018081C3CAB68E6",
  "runtimes\\win-arm\\native\\e_sqlite3.dll": "AEFC0B8A7E68D317B5525A79DC37808E",
  "runtimes\\win-arm64\\native\\e_sqlite3.dll": "446E9CA7EB0FBA9AAF2A42895C485AD2",
  "runtimes\\win-x64\\native\\e_sqlite3.dll": "FC4123CE03013C07D8CAA21CFF58B6BA",
  "runtimes\\win-x64\\native\\glfw3.dll": "D3DC945FB01455B970ACB2015F161FE2",
  "runtimes\\win-x64\\native\\minhook.x64d.dll": "71F1A1A4A36AE86F25C8D51919181A2F",
  "runtimes\\win-x64\\native\\SDL2.dll": "C8E2BAFBA24EAB7419F0FDC399DE4857",
  "runtimes\\win-x64\\native\\stbi.dll": "9C90A4B9FECC9615FA29DC5D6F9B9B0A",
  "runtimes\\win-x64\\native\\stbi.lib": "927C214DE576219E1F80DBE7798A0502",
  "runtimes\\win-x86\\native\\e_sqlite3.dll": "7CE4AD47BEBF3BE61B67448E6FF415C4",
  "runtimes\\win-x86\\native\\glfw3.dll": "076057CDEB945B0B724A63609AA01257",
  "runtimes\\win-x86\\native\\SDL2.dll": "21AC5B5333D240BD958B4E1FEC6DB0F7",
  "targets\\Dalamud.Plugin.Bootstrap.targets": "C85635161398CD9852CF7212DB7EB904",
  "targets\\Dalamud.Plugin.targets": "69D15EDFB3D4F0BEE3A099216E4DE057",
  "BitFaster.Caching.dll": "E84D0DD7217B40CDA2C2C04F5A439C0C",
  "CheapLoc.dll": "C2AF86DDA5049E28275F0834FBA0A5F1",
  "cimgui.dll": "E72B1DF729A080F9F56C1520458BB620",
  "cimguizmo.dll": "F685EC617EBC2C5F0657A7D2A66DF970",
  "cimplot.dll": "53E696ECF1DC10997C446F07EE086527",
  "commit_hash.txt": "74CC0283E2A51CFFF56DFD9ED045846E",
  "Dalamud.Boot.dll": "78859DA266150B8D61C36F256044922B",
  "Dalamud.Common.dll": "BC6E91011AF6D23A014FBB71DAC3FF39",
  "Dalamud.deps.json": "CD98ED94E7C3CC64425C0D5E318D7E37",
  "Dalamud.dll": "ED996FD39799C6E4B065AA83B92EAB6B",
  "Dalamud.Injector.deps.json": "C21972522E8133995B2C9562B3E39983",
  "Dalamud.Injector.dll": "697C97A093BDB8A0BD75FE749A0020CD",
  "Dalamud.Injector.exe": "8197A9F1D27599B8D68832E52A4A66DD",
  "Dalamud.Injector.runtimeconfig.json": "439C534917CEF268A731631073E50FE4",
  "Dalamud.Injector.xml": "D41E5DF541D19A015215E777D7395C9C",
  "Dalamud.runtimeconfig.json": "CA3935E9C6B9E3300F2D7171E4AF6335",
  "Dalamud.xml": "3A6DC567D4B3EF3395FE52854AA11C5B",
  "DalamudCrashHandler.exe": "0A4BA376FCA39866A64F702DB57ACDAF",
  "FASM-LICENSE.TXT": "ECEA1D10811221D5F0A3E96F9C38E2C7",
  "FASM.DLL": "3C86F9998109B6E40C05F603844F5BAF",
  "FASMX64.DLL": "8CC6ADE5292BF9216448D80E55A24BB5",
  "FFXIVClientStructs.dll": "4B525A0D81163C028E76B7FC44D81B29",
  "FFXIVClientStructs.xml": "D6592F39DF73EA79469DC7FBECE70D6A",
  "goaaats.Reloaded.Assembler.targets": "CC22CB0A353E2136EE9E6E96DB9F7164",
  "Iced.dll": "EE1BD54537B0D07342EFE0CB6B85AD2D",
  "ImGui.NET.dll": "12BC56A6D5EC14AF6E15790BDF1577D2",
  "ImGuiScene.dll": "A6B928821560E84555364ADC6A211053",
  "InteropGenerator.Runtime.dll": "30E3590920E647CD789EC585ADE07A27",
  "JetBrains.Annotations.dll": "AB4146973441CF26915FA7EBFE414DA8",
  "licenses.txt": "A159BE62AA91178EFC3E3983AE874D1D",
  "Lumina.dll": "09A9878C34BA6CEBC621C839D661B1DD",
  "Lumina.Excel.dll": "9825FF853943B2E539A5E71A09B8E45D",
  "Microsoft.Bcl.HashCode.dll": "613AB56061ADF2284E047025207467E0",
  "Microsoft.DotNet.PlatformAbstractions.dll": "00AB0F02B1114C57C758F5AD595224F1",
  "Microsoft.Extensions.DependencyModel.dll": "F39BC76C10CFEA478C936FC4521A9FC9",
  "Microsoft.Extensions.ObjectPool.dll": "B0558CE087EAE95853E35579300F3A77",
  "MinSharp.dll": "DADAC6888B82D048B3560F7C5966DABC",
  "Mono.Cecil.dll": "8E8038622B217EE0B50F1067E9C866D9",
  "Mono.Cecil.Mdb.dll": "648CD4192F30349FA9BB68C6B681D04B",
  "Mono.Cecil.Pdb.dll": "BB39F2586DCA26DF96FE18085572A480",
  "Mono.Cecil.Rocks.dll": "2BF65676A02A26966F4888286C2C9545",
  "nethost.dll": "21F39F71E2F4B5BA9FB3F126872F2F9B",
  "Newtonsoft.Json.dll": "ADF3E3EECDE20B7C9661E9C47106A14A",
  "PeNet.Asn1.dll": "1DD85DCEDE3DE9F1F53E8D5A7191D27F",
  "PeNet.dll": "7119DAAF5AB940E2A6CDAD0C35C2D08F",
  "PInvoke.AdvApi32.dll": "34EE461D05B403C3A15D0DEC32A3788C",
  "PInvoke.BCrypt.dll": "FD07758EE1440491F22923084109FF26",
  "PInvoke.Cabinet.dll": "333D950E3804735DA60CC41D614C63E2",
  "PInvoke.CfgMgr32.dll": "768BE7CC18EDCF78B296A72ABE891691",
  "PInvoke.Crypt32.dll": "E7B00B0851738F4A7F2C6D37DAA973B4",
  "PInvoke.DbgHelp.dll": "E701136169620D20E3A70B560DE20E44",
  "PInvoke.DwmApi.dll": "ACF223CC8962404056648815B486F7D9",
  "PInvoke.Gdi32.dll": "69FF434826F98582CE44D3136ECFFACB",
  "PInvoke.Hid.dll": "2E7A41257F8AD9B26073181F450CD8E5",
  "PInvoke.ImageHlp.dll": "79BE816E8D86EA66489D7780DD675D49",
  "PInvoke.IPHlpApi.dll": "E949FA3326D1BA8872B179AB4EE49D38",
  "PInvoke.Kernel32.dll": "234E15B122ED430DE99490CA1A204958",
  "PInvoke.Magnification.dll": "C9EA3D34F506741ECC044DB19C151F09",
  "PInvoke.Msi.dll": "69EE50CE2DA6B55755E52589F49A7EBC",
  "PInvoke.NCrypt.dll": "DA1DE76C14D99370CA3BEF19DC299B15",
  "PInvoke.NetApi32.dll": "AE79F9FA2E3864A5E0642AE4622ECDC5",
  "PInvoke.NewDev.dll": "B3E1992105D986EF9C5C8E4B630FBB07",
  "PInvoke.NTDll.dll": "3F6BDF840EB27DD0FD9EB8071822183A",
  "PInvoke.Ole32.dll": "3C49FB100B60519FFE725BCD12A538F6",
  "PInvoke.Psapi.dll": "A7683EE4B880227F01C8AE632A892B9E",
  "PInvoke.SetupApi.dll": "1B7AE321185D0081D1759A9AD829F9BA",
  "PInvoke.SHCore.dll": "F27E7F063D51480F6D2294C903E4A606",
  "PInvoke.Shell32.dll": "F71A1BCAF6478190691170DAEA77722F",
  "PInvoke.User32.dll": "8BEDE38311ED4F27127290B81B8079FD",
  "PInvoke.Userenv.dll": "FEB7BCA90B8C905EC2F4BB0789847131",
  "PInvoke.UxTheme.dll": "8E683C016250CB719FDB9AAAFC22B3C5",
  "PInvoke.Windows.Core.dll": "90015440A44935208FFEA9BF61740651",
  "PInvoke.Windows.ShellScalingApi.dll": "F351B34B8C9183A51CADFDC279357C49",
  "PInvoke.WinUsb.dll": "9EB8A0280F2848D1A32B560A939F7336",
  "PInvoke.WtsApi32.dll": "341C94455D2E5893DBE4293D4D67AA4D",
  "Reloaded.Assembler.dll": "10790FFF5DF1525E9885CA29F8E08588",
  "Reloaded.Hooks.Definitions.dll": "B6946944986AEA93950AD56FDCABE778",
  "Reloaded.Hooks.dll": "FB97F500C00638C769D59CE33E9221DB",
  "Reloaded.Memory.Buffers.dll": "4944C8031D3A04EA26C1345E680C7AAC",
  "Reloaded.Memory.dll": "CC8F6F52A08ABC03E7CCF6EB7B10D740",
  "revision.txt": "492114F6915A69AA3DD005AA4233EF51",
  "SDL2-CS.config": "65557595FD5DF55D93B2BF881DE62C3A",
  "SDL2-CS.dll": "48A43D38F76C98C5A2653D92D8A062D7",
  "Serilog.dll": "7B00DA85BDF468B6743773FCEA735DED",
  "Serilog.Sinks.Async.dll": "FC20AA43C6942CD3355B5D53416C0D78",
  "Serilog.Sinks.Console.dll": "E12464FAB182AE4997ECEECAD475A00A",
  "Serilog.Sinks.File.dll": "EE0763064E14234174C052586FE0036F",
  "SharpDX.Direct3D11.dll": "24804EC83C05D9CFD0ACD5C5F84594F2",
  "SharpDX.dll": "9EF3F08702F14CE9A9CCFFC595F8E647",
  "SharpDX.DXGI.dll": "42A1EAED3C36243E5F213A0B0212DA1B",
  "SharpDX.Mathematics.dll": "08A3FFA5FB9FDB5515335A028D81398E",
  "Silk.NET.Core.dll": "695D665BB7CBCDED4E4C16A8D17A5243",
  "Silk.NET.GLFW.dll": "E898A64A1CB283084160AEFFDF9FD25E",
  "Silk.NET.Maths.dll": "E0655CE2D7E6C55A0A9973A02D44AFFA",
  "Silk.NET.OpenGL.dll": "B0E32FB28282AA1C21DE1DFCC7075031",
  "Silk.NET.SDL.dll": "066332313F680F5F37EE4BB08956FDCD",
  "Silk.NET.Windowing.Common.dll": "5779FF38E527FE676B4643C4220043C5",
  "Silk.NET.Windowing.Glfw.dll": "022A38E847B60D1504211BD9D9BB9AF0",
  "Silk.NET.Windowing.Sdl.dll": "C3D59D349BCE21B32B74AA3F79DBBAB1",
  "SQLite-net.dll": "DE69A32EE657D34DA4BD1366805EFBFC",
  "SQLitePCLRaw.batteries_v2.dll": "9902A5916394955C710451456F567F27",
  "SQLitePCLRaw.core.dll": "57F10314CDBA0DF991C6D6209B64ED34",
  "SQLitePCLRaw.nativelibrary.dll": "2D7EC2E12B7E92D46CAA795035D6D1B3",
  "SQLitePCLRaw.provider.dynamic_cdecl.dll": "ECB0C912CDDC66724B46A914DD802F5A",
  "StbiSharp.dll": "676CDF04DCCAE6642641405712613C36",
  "System.Reactive.dll": "EF5A00287AD15393D41B12AA4B726FF7",
  "System.Reflection.MetadataLoadContext.dll": "E88E3AF6D37736F339022C9ACC5F2F7B",
  "System.Security.Cryptography.Pkcs.dll": "8950E01996A37E808BE3F39063C37BF9",
  "TEMP_gitver.txt": "E1C9CDC90967BC0DC48A357CDF9B658F",
  "TerraFX.Interop.Windows.dll": "84F7EF6B0DE91F8CC23F773D3FD6DEC0",
  "Validation.dll": "531D4F2AAC342FD0E934BFB74AA03E25"
}
