{
  "runtimes\\alpine-x64\\native\\libe_sqlite3.so": "39C244FEDBCD3DFC37041D4FCE1AE21D",
  "runtimes\\linux-arm\\native\\libe_sqlite3.so": "96CF54BC0EFB83D6E3F5F3E04997A59D",
  "runtimes\\linux-arm64\\native\\libe_sqlite3.so": "F079E55E7F3F9966A4A2052A3234E068",
  "runtimes\\linux-armel\\native\\libe_sqlite3.so": "C5A67D49434FC65D64E9C15778078C76",
  "runtimes\\linux-mips64\\native\\libe_sqlite3.so": "5F8461214089CFC677D46C19B7162161",
  "runtimes\\linux-musl-x64\\native\\libe_sqlite3.so": "39C244FEDBCD3DFC37041D4FCE1AE21D",
  "runtimes\\linux-x64\\native\\libe_sqlite3.so": "6F49C540D3AB9964D67A4A704C3D262D",
  "runtimes\\linux-x64\\native\\libglfw.so.3": "9E3137144F68B9E9793F4C7AD5B1BEA7",
  "runtimes\\linux-x64\\native\\libSDL2-2.0.so": "99B95A708381FC66AB2370E45A260527",
  "runtimes\\linux-x64\\native\\libstbi.so": "0945355ED59677D06E3E88F48101BB26",
  "runtimes\\linux-x86\\native\\libe_sqlite3.so": "5E0659B414CBD6DDC38C65582485853E",
  "runtimes\\osx-x64\\native\\libe_sqlite3.dylib": "F82AE134FCD1C080A69D775591406673",
  "runtimes\\osx-x64\\native\\libglfw.3.dylib": "1E30FAB2F0C40E82290AD4B0BF14A880",
  "runtimes\\osx-x64\\native\\libSDL2-2.0.dylib": "AAC958490586C67395F0A90903AE3747",
  "runtimes\\osx-x64\\native\\libstbi.dylib": "0B84B0A6A80178266018081C3CAB68E6",
  "runtimes\\win-arm\\native\\e_sqlite3.dll": "A0CAF710FA12E79B46CD5A03245856A3",
  "runtimes\\win-arm64\\native\\e_sqlite3.dll": "12622E4638A33922A811A52927CE74DE",
  "runtimes\\win-x64\\native\\cimgui.dll": "503C50BB2A9E25C19099919902F58BC2",
  "runtimes\\win-x64\\native\\cimguizmo.dll": "F504F97AA9B2483D8E4B6BC8119B6128",
  "runtimes\\win-x64\\native\\cimplot.dll": "912E6FF5E5926BB85B23B92F8C049264",
  "runtimes\\win-x64\\native\\e_sqlite3.dll": "2C31AFD52E3E843DFC8DEB37BFFDEF52",
  "runtimes\\win-x64\\native\\glfw3.dll": "FB66B2322F0FF1AA330BD841ED60152D",
  "runtimes\\win-x64\\native\\minhook.x64d.dll": "513C7AD462E1C495D7D4CBBA2FC60924",
  "runtimes\\win-x64\\native\\SDL2.dll": "FEBCD687837E8FC4B6AA9A596EB6F0EE",
  "runtimes\\win-x64\\native\\stbi.dll": "AC1642D86531EC875194EF10207EE964",
  "runtimes\\win-x64\\native\\stbi.lib": "927C214DE576219E1F80DBE7798A0502",
  "runtimes\\win-x86\\native\\e_sqlite3.dll": "CAD230B48B486031A7D5DF26BF8BF6BB",
  "runtimes\\win-x86\\native\\glfw3.dll": "F3FE847A0D15853AC186FE76F49F0A75",
  "runtimes\\win-x86\\native\\SDL2.dll": "FB8DB311895BE084480774F2589F8DEB",
  "targets\\Dalamud.Plugin.Bootstrap.targets": "C85635161398CD9852CF7212DB7EB904",
  "targets\\Dalamud.Plugin.targets": "69D15EDFB3D4F0BEE3A099216E4DE057",
  "BitFaster.Caching.dll": "1F6D60859C0843209F72E431837EDD02",
  "CheapLoc.dll": "1C457B3EB7B6C0AC943BF53F8AA79E6D",
  "commit_hash.txt": "134E2B94EEE7F85F791038900956ABE3",
  "Costura.dll": "8151CAD65BC50C5CA9D241180BC2527B",
  "Dalamud.Boot.dll": "25A6B83092F8F20F7EA0305A8EB9FA4F",
  "Dalamud.Common.dll": "F60E44A626F92D80FBDED6188BB733A2",
  "Dalamud.deps.json": "4215B279F6FD105DAFAF4056FEFDFAC0",
  "Dalamud.dll": "24E7C99940FC86FCE4573EFE820DD33A",
  "Dalamud.Injector.deps.json": "D17C32692C52DF5EF57B142458ADCBAF",
  "Dalamud.Injector.dll": "6F0B82314AB9D354920D02CD2525EF37",
  "Dalamud.Injector.exe": "37798850C040B8E967408F68044BC2F1",
  "Dalamud.Injector.runtimeconfig.json": "439C534917CEF268A731631073E50FE4",
  "Dalamud.Injector.xml": "D41E5DF541D19A015215E777D7395C9C",
  "Dalamud.runtimeconfig.json": "CA3935E9C6B9E3300F2D7171E4AF6335",
  "Dalamud.xml": "EC8F8E1C59FD70D94973E8E88C9FD2D2",
  "DalamudCrashHandler.exe": "68B6D84223FDA33DF14306F97475B435",
  "FASM-LICENSE.TXT": "ECEA1D10811221D5F0A3E96F9C38E2C7",
  "FASM.DLL": "23C727A890343200084A77FCB6A89144",
  "FASMX64.DLL": "5883A3C92BF5BBA9495C505762E37077",
  "FFXIVClientStructs.dll": "E547F289349FB349FDF3C7F865DD8C87",
  "FFXIVClientStructs.xml": "1EB5B43DC2E158169C60F39369B9F551",
  "goaaats.Reloaded.Assembler.targets": "CC22CB0A353E2136EE9E6E96DB9F7164",
  "Iced.dll": "4C4424D2341C75BF837918B2EED3768E",
  "ImGui.NET.dll": "3D123F2491669E245E61E6690995C68C",
  "ImGuiScene.dll": "CFB1AD9882C8BE5CFD30A7B7664CE57D",
  "InteropGenerator.Runtime.dll": "7C57789CC3B45DFA81BC4B3AF6F792C1",
  "JetBrains.Annotations.dll": "2135863E67B7D19BF66660062115FD42",
  "licenses.txt": "A159BE62AA91178EFC3E3983AE874D1D",
  "Lumina.dll": "51189FD66AF28522A16E995BAAEC8AA5",
  "Lumina.Excel.dll": "FCB0901F7AA2F8C32A18F893D9A1C9DC",
  "Microsoft.Bcl.HashCode.dll": "613AB56061ADF2284E047025207467E0",
  "Microsoft.DotNet.PlatformAbstractions.dll": "00AB0F02B1114C57C758F5AD595224F1",
  "Microsoft.Extensions.DependencyModel.dll": "F39BC76C10CFEA478C936FC4521A9FC9",
  "Microsoft.Extensions.ObjectPool.dll": "B0558CE087EAE95853E35579300F3A77",
  "MinSharp.dll": "3A3C96A1EC2D778B7DED92DCFBA6D00E",
  "Mono.Cecil.dll": "B1499BDF6DDF1EB8E34BD47171BC0E96",
  "Mono.Cecil.Mdb.dll": "C7B6EB3CF15C5AD4E587BC6E7D021D0E",
  "Mono.Cecil.Pdb.dll": "AEA0D9E07BF6AFCCC443ED7C28755101",
  "Mono.Cecil.Rocks.dll": "250547950C7C309138E5D90E66BE548A",
  "nethost.dll": "21F39F71E2F4B5BA9FB3F126872F2F9B",
  "Newtonsoft.Json.dll": "ADF3E3EECDE20B7C9661E9C47106A14A",
  "PeNet.Asn1.dll": "33F8E1F37E35B6EBE345BA4973411B59",
  "PeNet.dll": "453588DED42EA805A298CBCFA39F46A1",
  "PInvoke.AdvApi32.dll": "34EE461D05B403C3A15D0DEC32A3788C",
  "PInvoke.BCrypt.dll": "FD07758EE1440491F22923084109FF26",
  "PInvoke.Cabinet.dll": "333D950E3804735DA60CC41D614C63E2",
  "PInvoke.CfgMgr32.dll": "768BE7CC18EDCF78B296A72ABE891691",
  "PInvoke.Crypt32.dll": "E7B00B0851738F4A7F2C6D37DAA973B4",
  "PInvoke.DbgHelp.dll": "E701136169620D20E3A70B560DE20E44",
  "PInvoke.DwmApi.dll": "ACF223CC8962404056648815B486F7D9",
  "PInvoke.Gdi32.dll": "69FF434826F98582CE44D3136ECFFACB",
  "PInvoke.Hid.dll": "2E7A41257F8AD9B26073181F450CD8E5",
  "PInvoke.ImageHlp.dll": "79BE816E8D86EA66489D7780DD675D49",
  "PInvoke.IPHlpApi.dll": "E949FA3326D1BA8872B179AB4EE49D38",
  "PInvoke.Kernel32.dll": "234E15B122ED430DE99490CA1A204958",
  "PInvoke.Magnification.dll": "C9EA3D34F506741ECC044DB19C151F09",
  "PInvoke.Msi.dll": "69EE50CE2DA6B55755E52589F49A7EBC",
  "PInvoke.NCrypt.dll": "DA1DE76C14D99370CA3BEF19DC299B15",
  "PInvoke.NetApi32.dll": "AE79F9FA2E3864A5E0642AE4622ECDC5",
  "PInvoke.NewDev.dll": "B3E1992105D986EF9C5C8E4B630FBB07",
  "PInvoke.NTDll.dll": "3F6BDF840EB27DD0FD9EB8071822183A",
  "PInvoke.Ole32.dll": "3C49FB100B60519FFE725BCD12A538F6",
  "PInvoke.Psapi.dll": "A7683EE4B880227F01C8AE632A892B9E",
  "PInvoke.SetupApi.dll": "1B7AE321185D0081D1759A9AD829F9BA",
  "PInvoke.SHCore.dll": "F27E7F063D51480F6D2294C903E4A606",
  "PInvoke.Shell32.dll": "F71A1BCAF6478190691170DAEA77722F",
  "PInvoke.User32.dll": "8BEDE38311ED4F27127290B81B8079FD",
  "PInvoke.Userenv.dll": "FEB7BCA90B8C905EC2F4BB0789847131",
  "PInvoke.UxTheme.dll": "8E683C016250CB719FDB9AAAFC22B3C5",
  "PInvoke.Windows.Core.dll": "90015440A44935208FFEA9BF61740651",
  "PInvoke.Windows.ShellScalingApi.dll": "F351B34B8C9183A51CADFDC279357C49",
  "PInvoke.WinUsb.dll": "9EB8A0280F2848D1A32B560A939F7336",
  "PInvoke.WtsApi32.dll": "341C94455D2E5893DBE4293D4D67AA4D",
  "Reloaded.Assembler.dll": "167E049DD4566186CBF69977F7FF6D95",
  "Reloaded.Hooks.Definitions.dll": "E27B8A0068CB67EF2C07DC5D755F3924",
  "Reloaded.Hooks.dll": "4A4B475F5EAFBA662EA16739A3C68804",
  "Reloaded.Memory.Buffers.dll": "287C4A3F914E23ADC4706F37B908C6E7",
  "Reloaded.Memory.dll": "204B9D9E132F346789A5ECD6402E3435",
  "revision.txt": "95A7E4252FC7BC562A711EF96884A383",
  "SDL2-CS.config": "65557595FD5DF55D93B2BF881DE62C3A",
  "SDL2-CS.dll": "586706322313E89BA2B4824EA3A4AEF5",
  "Serilog.dll": "32FBD5FE08A45ED1CD51C8C5C8804BE5",
  "Serilog.Sinks.Async.dll": "F3EA67B681E1171B49E5358662A7AC08",
  "Serilog.Sinks.Console.dll": "768E96D8042A57954BA917240094E20C",
  "Serilog.Sinks.File.dll": "0D7F7D17A389E59F2AAF0754D5D630DC",
  "SharpDX.Direct3D11.dll": "6ACFDD89BEA91FBE0892B9792190A659",
  "SharpDX.dll": "F3721E8F967F5221FD27A2C3BA874D6D",
  "SharpDX.DXGI.dll": "B3C66F6E93AF5EACE329B8A0E3EBB9AE",
  "SharpDX.Mathematics.dll": "5038C9D76366BB9F7354F751F5998F25",
  "Silk.NET.Core.dll": "5EC6AFA02AB6D0B8D49182B074034374",
  "Silk.NET.GLFW.dll": "3D10D2335C06809D238254246F0AFE98",
  "Silk.NET.Maths.dll": "2AA0361B208018D0295D9C3FA82BF183",
  "Silk.NET.OpenGL.dll": "F095D119EA4755F9CB421ADF0C332131",
  "Silk.NET.SDL.dll": "9AA48817AF40C59AEDF3AF23CE34AF81",
  "Silk.NET.Windowing.Common.dll": "662FDA3A6AF8971CD253A058635FC715",
  "Silk.NET.Windowing.Glfw.dll": "4230F6FBAC5FF277A57EE8FE74E84243",
  "Silk.NET.Windowing.Sdl.dll": "1EF2217B3EC8435F72FE4EC61FF638B0",
  "SQLite-net.dll": "622132D3731ECCEE819AB6AF1AC81BF6",
  "SQLitePCLRaw.batteries_v2.dll": "6B58B7B809459C26F7BC9C65C72DCF53",
  "SQLitePCLRaw.core.dll": "923349CBDA4E92D8A003864EB1B03E34",
  "SQLitePCLRaw.nativelibrary.dll": "D5309FFC36C51C1F805ED9B93D780EFB",
  "SQLitePCLRaw.provider.dynamic_cdecl.dll": "16B1D4F7FCAAD6D6668192BB51311B4E",
  "StbiSharp.dll": "B002B2CB51A7B690BFF3C3A2A5C264FF",
  "System.Reactive.dll": "EF5A00287AD15393D41B12AA4B726FF7",
  "System.Reflection.MetadataLoadContext.dll": "E88E3AF6D37736F339022C9ACC5F2F7B",
  "System.Security.Cryptography.Pkcs.dll": "8950E01996A37E808BE3F39063C37BF9",
  "TEMP_gitver.txt": "56ECE118784FF5AB487DEF97DA8E0573",
  "TerraFX.Interop.Windows.dll": "84F7EF6B0DE91F8CC23F773D3FD6DEC0",
  "Validation.dll": "81AA171714E409AF01DF9DCB49D069F2"
}
