{
  "runtimes\\alpine-x64\\native\\libe_sqlite3.so": "39C244FEDBCD3DFC37041D4FCE1AE21D",
  "runtimes\\linux-arm\\native\\libe_sqlite3.so": "96CF54BC0EFB83D6E3F5F3E04997A59D",
  "runtimes\\linux-arm64\\native\\libe_sqlite3.so": "F079E55E7F3F9966A4A2052A3234E068",
  "runtimes\\linux-armel\\native\\libe_sqlite3.so": "C5A67D49434FC65D64E9C15778078C76",
  "runtimes\\linux-mips64\\native\\libe_sqlite3.so": "5F8461214089CFC677D46C19B7162161",
  "runtimes\\linux-musl-x64\\native\\libe_sqlite3.so": "39C244FEDBCD3DFC37041D4FCE1AE21D",
  "runtimes\\linux-x64\\native\\libe_sqlite3.so": "6F49C540D3AB9964D67A4A704C3D262D",
  "runtimes\\linux-x64\\native\\libglfw.so.3": "9E3137144F68B9E9793F4C7AD5B1BEA7",
  "runtimes\\linux-x64\\native\\libSDL2-2.0.so": "99B95A708381FC66AB2370E45A260527",
  "runtimes\\linux-x64\\native\\libstbi.so": "0945355ED59677D06E3E88F48101BB26",
  "runtimes\\linux-x86\\native\\libe_sqlite3.so": "5E0659B414CBD6DDC38C65582485853E",
  "runtimes\\osx-x64\\native\\libe_sqlite3.dylib": "F82AE134FCD1C080A69D775591406673",
  "runtimes\\osx-x64\\native\\libglfw.3.dylib": "1E30FAB2F0C40E82290AD4B0BF14A880",
  "runtimes\\osx-x64\\native\\libSDL2-2.0.dylib": "AAC958490586C67395F0A90903AE3747",
  "runtimes\\osx-x64\\native\\libstbi.dylib": "0B84B0A6A80178266018081C3CAB68E6",
  "runtimes\\win-arm\\native\\e_sqlite3.dll": "5635B9B345B196630D10C9A17944B644",
  "runtimes\\win-arm64\\native\\e_sqlite3.dll": "0C10E09170EBF9DF86F3459302313506",
  "runtimes\\win-x64\\native\\cimgui.dll": "632F38303864630F493098F26099B12B",
  "runtimes\\win-x64\\native\\cimguizmo.dll": "A01190895B6EE9BCAB1AD4FAD9DC633A",
  "runtimes\\win-x64\\native\\cimplot.dll": "2B3554B5B22AB99CA2BFB090D4EF527D",
  "runtimes\\win-x64\\native\\e_sqlite3.dll": "E861178E9A8884189CF7D28F217B4BE0",
  "runtimes\\win-x64\\native\\glfw3.dll": "DFEB13EED0CBEE354B03B9272EC319F2",
  "runtimes\\win-x64\\native\\minhook.x64d.dll": "DF8FA0DAA936EC49051C1343ED40BE63",
  "runtimes\\win-x64\\native\\SDL2.dll": "1379C91C48A0E577A87ECA9D7D620A75",
  "runtimes\\win-x64\\native\\stbi.dll": "66B5FFAD833A0E86D37BC7938BD83F1E",
  "runtimes\\win-x64\\native\\stbi.lib": "927C214DE576219E1F80DBE7798A0502",
  "runtimes\\win-x86\\native\\e_sqlite3.dll": "66E3F98A0FD1927D8E51E8CF9CE0B48E",
  "runtimes\\win-x86\\native\\glfw3.dll": "7096AAC45505C53265C6701134EFC151",
  "runtimes\\win-x86\\native\\SDL2.dll": "62A0A8039EFCD549B1AEDC2361D0E694",
  "targets\\Dalamud.Plugin.Bootstrap.targets": "C85635161398CD9852CF7212DB7EB904",
  "targets\\Dalamud.Plugin.targets": "69D15EDFB3D4F0BEE3A099216E4DE057",
  "BitFaster.Caching.dll": "63FC5EFCB09E91922AE7C4E8D9B020B4",
  "CheapLoc.dll": "704E2042581BB09F799DFC61E0289B07",
  "commit_hash.txt": "E2E3C896E6BD5C024078493C0701CB87",
  "Costura.dll": "A05B05459AECEAA82FD05671A0FA7C7C",
  "Dalamud.Boot.dll": "1792D1582C89159D9AC3E25198C90DCD",
  "Dalamud.Common.dll": "CEBFFD5A71D2DFE8A82A9BF1CCDD6E80",
  "Dalamud.deps.json": "DF1AED529A0ACCAD895123B4BFE2C866",
  "Dalamud.dll": "C1FADA8CA84A28DC43FC0E9D52E1D4A1",
  "Dalamud.Injector.deps.json": "D17C32692C52DF5EF57B142458ADCBAF",
  "Dalamud.Injector.dll": "01B9FACEC61DBE003CA50E364DC62ED2",
  "Dalamud.Injector.exe": "403144A53584974C66798634CB05230D",
  "Dalamud.Injector.runtimeconfig.json": "439C534917CEF268A731631073E50FE4",
  "Dalamud.Injector.xml": "D41E5DF541D19A015215E777D7395C9C",
  "Dalamud.runtimeconfig.json": "CA3935E9C6B9E3300F2D7171E4AF6335",
  "Dalamud.xml": "A3843CF0B3AB400CCFCD89F4717FB8BD",
  "DalamudCrashHandler.exe": "7D011A64A600BEC841649EC42B379D00",
  "FASM-LICENSE.TXT": "ECEA1D10811221D5F0A3E96F9C38E2C7",
  "FASM.DLL": "47EFC3E867B9B854D7AA165B10D524F1",
  "FASMX64.DLL": "D89F9CCFC155B2EAD3D5F4AB78E5824C",
  "FFXIVClientStructs.dll": "B9B0B4DF3EB40714D0549A3885B1E1F8",
  "FFXIVClientStructs.xml": "012A986F18AC3167CB1A5BD95A6A033A",
  "goaaats.Reloaded.Assembler.targets": "CC22CB0A353E2136EE9E6E96DB9F7164",
  "Iced.dll": "06B63F89BFFCFEEF0E95EB0F2A9A568B",
  "ImGui.NET.dll": "1F7B3EF744091334B7AC8A52B1B970A7",
  "ImGuiScene.dll": "2DDBB7107BB3216A752D9BA60EC60C22",
  "InteropGenerator.Runtime.dll": "2538CBC7CCF6433D266E0740C0B1B831",
  "JetBrains.Annotations.dll": "82920213919EF991BD771F07C8F0C7E9",
  "licenses.txt": "A159BE62AA91178EFC3E3983AE874D1D",
  "Lumina.dll": "102082BC275D546D049FE3B6AA5AF097",
  "Lumina.Excel.dll": "8C4361D3D2F77C83D906DB29342AB3CF",
  "Microsoft.Bcl.HashCode.dll": "613AB56061ADF2284E047025207467E0",
  "Microsoft.DotNet.PlatformAbstractions.dll": "00AB0F02B1114C57C758F5AD595224F1",
  "Microsoft.Extensions.DependencyModel.dll": "F39BC76C10CFEA478C936FC4521A9FC9",
  "Microsoft.Extensions.ObjectPool.dll": "B0558CE087EAE95853E35579300F3A77",
  "MinSharp.dll": "F9FC8298E9EBDBE954BCACB1E890C5E3",
  "Mono.Cecil.dll": "02B6EAAACD6B906CCDA198623394386F",
  "Mono.Cecil.Mdb.dll": "0EDB855E6FC176EEB864FFA181FBC1E7",
  "Mono.Cecil.Pdb.dll": "A28C52B93FE02C321E426F66E29798CD",
  "Mono.Cecil.Rocks.dll": "3FBD83CEB5AFD6E3B96AA59A61D80602",
  "nethost.dll": "21F39F71E2F4B5BA9FB3F126872F2F9B",
  "Newtonsoft.Json.dll": "ADF3E3EECDE20B7C9661E9C47106A14A",
  "PeNet.Asn1.dll": "143CFBA230925D6CD4E126880CB23821",
  "PeNet.dll": "57C3E831077FB68F2B9CF764EE0432DC",
  "PInvoke.AdvApi32.dll": "34EE461D05B403C3A15D0DEC32A3788C",
  "PInvoke.BCrypt.dll": "FD07758EE1440491F22923084109FF26",
  "PInvoke.Cabinet.dll": "333D950E3804735DA60CC41D614C63E2",
  "PInvoke.CfgMgr32.dll": "768BE7CC18EDCF78B296A72ABE891691",
  "PInvoke.Crypt32.dll": "E7B00B0851738F4A7F2C6D37DAA973B4",
  "PInvoke.DbgHelp.dll": "E701136169620D20E3A70B560DE20E44",
  "PInvoke.DwmApi.dll": "ACF223CC8962404056648815B486F7D9",
  "PInvoke.Gdi32.dll": "69FF434826F98582CE44D3136ECFFACB",
  "PInvoke.Hid.dll": "2E7A41257F8AD9B26073181F450CD8E5",
  "PInvoke.ImageHlp.dll": "79BE816E8D86EA66489D7780DD675D49",
  "PInvoke.IPHlpApi.dll": "E949FA3326D1BA8872B179AB4EE49D38",
  "PInvoke.Kernel32.dll": "234E15B122ED430DE99490CA1A204958",
  "PInvoke.Magnification.dll": "C9EA3D34F506741ECC044DB19C151F09",
  "PInvoke.Msi.dll": "69EE50CE2DA6B55755E52589F49A7EBC",
  "PInvoke.NCrypt.dll": "DA1DE76C14D99370CA3BEF19DC299B15",
  "PInvoke.NetApi32.dll": "AE79F9FA2E3864A5E0642AE4622ECDC5",
  "PInvoke.NewDev.dll": "B3E1992105D986EF9C5C8E4B630FBB07",
  "PInvoke.NTDll.dll": "3F6BDF840EB27DD0FD9EB8071822183A",
  "PInvoke.Ole32.dll": "3C49FB100B60519FFE725BCD12A538F6",
  "PInvoke.Psapi.dll": "A7683EE4B880227F01C8AE632A892B9E",
  "PInvoke.SetupApi.dll": "1B7AE321185D0081D1759A9AD829F9BA",
  "PInvoke.SHCore.dll": "F27E7F063D51480F6D2294C903E4A606",
  "PInvoke.Shell32.dll": "F71A1BCAF6478190691170DAEA77722F",
  "PInvoke.User32.dll": "8BEDE38311ED4F27127290B81B8079FD",
  "PInvoke.Userenv.dll": "FEB7BCA90B8C905EC2F4BB0789847131",
  "PInvoke.UxTheme.dll": "8E683C016250CB719FDB9AAAFC22B3C5",
  "PInvoke.Windows.Core.dll": "90015440A44935208FFEA9BF61740651",
  "PInvoke.Windows.ShellScalingApi.dll": "F351B34B8C9183A51CADFDC279357C49",
  "PInvoke.WinUsb.dll": "9EB8A0280F2848D1A32B560A939F7336",
  "PInvoke.WtsApi32.dll": "341C94455D2E5893DBE4293D4D67AA4D",
  "Reloaded.Assembler.dll": "ACE730B8A56253D94B6E5A78681BE893",
  "Reloaded.Hooks.Definitions.dll": "46856151597C42D107BBA35803A8E10D",
  "Reloaded.Hooks.dll": "9134D403D9539E34145B157939A29B99",
  "Reloaded.Memory.Buffers.dll": "5ABD3E5F66974EB8C77C0AF8A204BEF5",
  "Reloaded.Memory.dll": "69837F771FAAA9A31EA91485795775C5",
  "revision.txt": "F01ACD85B5E40E93F565627A8BB8BD98",
  "SDL2-CS.config": "65557595FD5DF55D93B2BF881DE62C3A",
  "SDL2-CS.dll": "639E2E4214BA1A9EA9F4E8767263DCB5",
  "Serilog.dll": "D50A357377305D009CDADD7E54C4EEDA",
  "Serilog.Sinks.Async.dll": "C0A69886A6A118902DBEDE7403A0B974",
  "Serilog.Sinks.Console.dll": "88ADCBE71543FB8AE0AACA18399B4E65",
  "Serilog.Sinks.File.dll": "A654E5DE999E43ECC40E12F632F3137C",
  "SharpDX.Direct3D11.dll": "90DCB3697D1559926B25EBE938A7F2E1",
  "SharpDX.dll": "E207FB76C5AF4DBD11A6A08B0E6ABB0E",
  "SharpDX.DXGI.dll": "C436371C74B47545E5E1FF5D5AF2DB0D",
  "SharpDX.Mathematics.dll": "991C69BDF1394E5D76549B99C15DE424",
  "Silk.NET.Core.dll": "D2B9F4DA53DA2D3609B3A2C331900843",
  "Silk.NET.GLFW.dll": "D34D291E500BE2F4740B99AB9787C9E2",
  "Silk.NET.Maths.dll": "EB186D6AED77693C3CE73D3473F67048",
  "Silk.NET.OpenGL.dll": "7F582E7F7DB5272C7342DEFED9A6F15A",
  "Silk.NET.SDL.dll": "99089BC0FC9926158BACD1A844FA7B68",
  "Silk.NET.Windowing.Common.dll": "CDB9F7A2E56D22A5D342B9ACBB86F4E9",
  "Silk.NET.Windowing.Glfw.dll": "BD3699DA9C6D52C79895540CB276DC4D",
  "Silk.NET.Windowing.Sdl.dll": "E35ECA57A5E6B9CFFE5F41BBF2230B49",
  "SQLite-net.dll": "46336A078D74E21F2573E03197E1EBE7",
  "SQLitePCLRaw.batteries_v2.dll": "3CA28946F67185F0243E61C9B4F3EE62",
  "SQLitePCLRaw.core.dll": "BB557906FC2220D4DD5EFC626A202F8E",
  "SQLitePCLRaw.nativelibrary.dll": "FF24400B4B1B97FEA8C38EDAFD3655B2",
  "SQLitePCLRaw.provider.dynamic_cdecl.dll": "3C5D32F3DAF99D1F4E1DE2E3A59D76B2",
  "StbiSharp.dll": "13E3C8D62C450195E185B70181AC6956",
  "System.Reactive.dll": "EF5A00287AD15393D41B12AA4B726FF7",
  "System.Reflection.MetadataLoadContext.dll": "E88E3AF6D37736F339022C9ACC5F2F7B",
  "System.Security.Cryptography.Pkcs.dll": "8950E01996A37E808BE3F39063C37BF9",
  "TEMP_gitver.txt": "07FA1C6C16A0C2F81E96239BF33D7A2C",
  "TerraFX.Interop.Windows.dll": "84F7EF6B0DE91F8CC23F773D3FD6DEC0",
  "Validation.dll": "EB2628AB60A73260A1C961D9B57A6B7F"
}
