{
  "runtimes\\alpine-x64\\native\\libe_sqlite3.so": "39C244FEDBCD3DFC37041D4FCE1AE21D",
  "runtimes\\linux-arm\\native\\libe_sqlite3.so": "96CF54BC0EFB83D6E3F5F3E04997A59D",
  "runtimes\\linux-arm64\\native\\libe_sqlite3.so": "F079E55E7F3F9966A4A2052A3234E068",
  "runtimes\\linux-armel\\native\\libe_sqlite3.so": "C5A67D49434FC65D64E9C15778078C76",
  "runtimes\\linux-mips64\\native\\libe_sqlite3.so": "5F8461214089CFC677D46C19B7162161",
  "runtimes\\linux-musl-x64\\native\\libe_sqlite3.so": "39C244FEDBCD3DFC37041D4FCE1AE21D",
  "runtimes\\linux-x64\\native\\libe_sqlite3.so": "6F49C540D3AB9964D67A4A704C3D262D",
  "runtimes\\linux-x64\\native\\libglfw.so.3": "9E3137144F68B9E9793F4C7AD5B1BEA7",
  "runtimes\\linux-x64\\native\\libSDL2-2.0.so": "99B95A708381FC66AB2370E45A260527",
  "runtimes\\linux-x64\\native\\libstbi.so": "0945355ED59677D06E3E88F48101BB26",
  "runtimes\\linux-x86\\native\\libe_sqlite3.so": "5E0659B414CBD6DDC38C65582485853E",
  "runtimes\\osx-x64\\native\\libe_sqlite3.dylib": "F82AE134FCD1C080A69D775591406673",
  "runtimes\\osx-x64\\native\\libglfw.3.dylib": "1E30FAB2F0C40E82290AD4B0BF14A880",
  "runtimes\\osx-x64\\native\\libSDL2-2.0.dylib": "AAC958490586C67395F0A90903AE3747",
  "runtimes\\osx-x64\\native\\libstbi.dylib": "0B84B0A6A80178266018081C3CAB68E6",
  "runtimes\\win-arm\\native\\e_sqlite3.dll": "53D17206C4E95B5CF53D854E4011F4EA",
  "runtimes\\win-arm64\\native\\e_sqlite3.dll": "1EFEDA85225803BCD78572DA36B3DB08",
  "runtimes\\win-x64\\native\\cimgui.dll": "3CD66F077D9E665230E5505E4B43DC7A",
  "runtimes\\win-x64\\native\\cimguizmo.dll": "D6AE4F25958F3C4577FCF4E60648BDF7",
  "runtimes\\win-x64\\native\\cimplot.dll": "0AED557D2D7B99AA8D7A43B03326C10B",
  "runtimes\\win-x64\\native\\e_sqlite3.dll": "2F382E54F7EA1178C15A6AABEC3EE099",
  "runtimes\\win-x64\\native\\glfw3.dll": "9CD558E79A00FBF3C277241B0CCDA4A0",
  "runtimes\\win-x64\\native\\minhook.x64d.dll": "3829E5F5CBEF6B8F9C6E0D46120A08AB",
  "runtimes\\win-x64\\native\\SDL2.dll": "904574FA1794106E7DEC0BCC558CB83E",
  "runtimes\\win-x64\\native\\stbi.dll": "BA43CBBADA7AEFD2A34FA5D1326BD8E5",
  "runtimes\\win-x64\\native\\stbi.lib": "927C214DE576219E1F80DBE7798A0502",
  "runtimes\\win-x86\\native\\e_sqlite3.dll": "FED1CB324200DA945B38220CDFCCEDC7",
  "runtimes\\win-x86\\native\\glfw3.dll": "FC32323E53E8B5953E70F42B7D342103",
  "runtimes\\win-x86\\native\\SDL2.dll": "3425A2448B7E34D83A21C9BA0DFD1A82",
  "targets\\Dalamud.Plugin.Bootstrap.targets": "C85635161398CD9852CF7212DB7EB904",
  "targets\\Dalamud.Plugin.targets": "11001C983157350F50D99F1A827999B5",
  "CheapLoc.dll": "D43D9BAAD7D15CEFB362452A0FBEE8E6",
  "Costura.dll": "B634E9D4EF96DBBAF37CDB7CC9037BC4",
  "Dalamud.Boot.dll": "AE12D7D2374F2FA1ED76B7277159106D",
  "Dalamud.Common.dll": "46EF20F903833E3D2928BF77914AF71A",
  "Dalamud.deps.json": "2C187D7EED0E7F3E3D5502617CAF0E19",
  "Dalamud.dll": "3F2142F8EDD0E0AA5647E78516E5E9F1",
  "Dalamud.Injector.deps.json": "4E53ABE9A5D3E4592DA63EBF98DAAD86",
  "Dalamud.Injector.dll": "65B04D800C0424EBDADB2304E9759533",
  "Dalamud.Injector.exe": "59EDF3AA6102EBFFF01D27E600CE8A5C",
  "Dalamud.Injector.runtimeconfig.json": "AAAFA957BB3B382321D67ACC2D792553",
  "Dalamud.Injector.xml": "D41E5DF541D19A015215E777D7395C9C",
  "Dalamud.runtimeconfig.json": "15719C111D02D5BD45F37285FC8B6040",
  "Dalamud.xml": "37D6B2311D31258B90B78A59F4387DD1",
  "DalamudCrashHandler.exe": "D266CBE169C62ACF8460DFC5B1CE51B0",
  "FASM-LICENSE.TXT": "ECEA1D10811221D5F0A3E96F9C38E2C7",
  "FASM.DLL": "976B59F26071732F411D65410DFAC95D",
  "FASMX64.DLL": "7D6AABE9E2E76159E2A5C3D90431A2F0",
  "FFXIVClientStructs.dll": "D126D9F8CADE222A13B85ED470E992B5",
  "FFXIVClientStructs.xml": "08C8C63D475C837BDE9528BC1D68B9C9",
  "goaaats.Reloaded.Assembler.targets": "CC22CB0A353E2136EE9E6E96DB9F7164",
  "Iced.dll": "43EC6899C34593F47DDCF7DF30D4B8B8",
  "ImGui.NET.dll": "55BE3766FAD4075B33C255FBE05D8A03",
  "ImGuiScene.dll": "A8E5FE65C28F74A841F0A28C83BF8F1B",
  "JetBrains.Annotations.dll": "22F7579379F353BD7C924C1096ADA57D",
  "licenses.txt": "A159BE62AA91178EFC3E3983AE874D1D",
  "Lumina.dll": "809BD054EF7106317CCC3B770B88796D",
  "Lumina.Excel.dll": "70EF294684C64F4C7B31B80D7F123A6E",
  "Microsoft.Bcl.HashCode.dll": "613AB56061ADF2284E047025207467E0",
  "Microsoft.DotNet.PlatformAbstractions.dll": "00AB0F02B1114C57C758F5AD595224F1",
  "Microsoft.Extensions.DependencyModel.dll": "F39BC76C10CFEA478C936FC4521A9FC9",
  "Microsoft.Extensions.ObjectPool.dll": "91B40FCF7D5A05DF428016DDFD05BABB",
  "MinSharp.dll": "6CE057328D27285161B36260F0159EE7",
  "Mono.Cecil.dll": "AA0261060313A4A90592E9952278035E",
  "Mono.Cecil.Mdb.dll": "3023E9F2EBE2DE34C99DFF58725E81B7",
  "Mono.Cecil.Pdb.dll": "A4A9B98DA5201A8B13756F1D645C176B",
  "Mono.Cecil.Rocks.dll": "32DE1851724D3A57A131BDD8D95AB9CC",
  "MonoMod.Backports.dll": "187D9C71576F278A9E0FDE6A328BDF68",
  "MonoMod.Core.dll": "483CF5E2707D6ECC982873CA102884FA",
  "MonoMod.Iced.dll": "AFDDDD1F748EB4D870FB7EDAF0A677F0",
  "MonoMod.ILHelpers.dll": "92490B1756C94C8A7A5B73FD4C788136",
  "MonoMod.RuntimeDetour.dll": "FADA13530C037F930A642037EEF8A708",
  "MonoMod.Utils.dll": "D4D0E8303A8DA120A61CF283C039655B",
  "nethost.dll": "012081214FE71F0F6ADCD9F4A71B2B00",
  "Newtonsoft.Json.dll": "86A83A63F12B55FD3718CFBFB577D7DC",
  "PeNet.Asn1.dll": "659916048BB8D1FA1A2BF2BED1C7E2D0",
  "PeNet.dll": "0100CBC6E8705D73932FB4F6CDEA52DB",
  "PInvoke.AdvApi32.dll": "34EE461D05B403C3A15D0DEC32A3788C",
  "PInvoke.BCrypt.dll": "FD07758EE1440491F22923084109FF26",
  "PInvoke.Cabinet.dll": "333D950E3804735DA60CC41D614C63E2",
  "PInvoke.CfgMgr32.dll": "768BE7CC18EDCF78B296A72ABE891691",
  "PInvoke.Crypt32.dll": "E7B00B0851738F4A7F2C6D37DAA973B4",
  "PInvoke.DbgHelp.dll": "E701136169620D20E3A70B560DE20E44",
  "PInvoke.DwmApi.dll": "ACF223CC8962404056648815B486F7D9",
  "PInvoke.Gdi32.dll": "69FF434826F98582CE44D3136ECFFACB",
  "PInvoke.Hid.dll": "2E7A41257F8AD9B26073181F450CD8E5",
  "PInvoke.ImageHlp.dll": "79BE816E8D86EA66489D7780DD675D49",
  "PInvoke.IPHlpApi.dll": "E949FA3326D1BA8872B179AB4EE49D38",
  "PInvoke.Kernel32.dll": "234E15B122ED430DE99490CA1A204958",
  "PInvoke.Magnification.dll": "C9EA3D34F506741ECC044DB19C151F09",
  "PInvoke.Msi.dll": "69EE50CE2DA6B55755E52589F49A7EBC",
  "PInvoke.NCrypt.dll": "DA1DE76C14D99370CA3BEF19DC299B15",
  "PInvoke.NetApi32.dll": "AE79F9FA2E3864A5E0642AE4622ECDC5",
  "PInvoke.NewDev.dll": "B3E1992105D986EF9C5C8E4B630FBB07",
  "PInvoke.NTDll.dll": "3F6BDF840EB27DD0FD9EB8071822183A",
  "PInvoke.Ole32.dll": "3C49FB100B60519FFE725BCD12A538F6",
  "PInvoke.Psapi.dll": "A7683EE4B880227F01C8AE632A892B9E",
  "PInvoke.SetupApi.dll": "1B7AE321185D0081D1759A9AD829F9BA",
  "PInvoke.SHCore.dll": "F27E7F063D51480F6D2294C903E4A606",
  "PInvoke.Shell32.dll": "F71A1BCAF6478190691170DAEA77722F",
  "PInvoke.User32.dll": "8BEDE38311ED4F27127290B81B8079FD",
  "PInvoke.Userenv.dll": "FEB7BCA90B8C905EC2F4BB0789847131",
  "PInvoke.UxTheme.dll": "8E683C016250CB719FDB9AAAFC22B3C5",
  "PInvoke.Windows.Core.dll": "90015440A44935208FFEA9BF61740651",
  "PInvoke.Windows.ShellScalingApi.dll": "F351B34B8C9183A51CADFDC279357C49",
  "PInvoke.WinUsb.dll": "9EB8A0280F2848D1A32B560A939F7336",
  "PInvoke.WtsApi32.dll": "341C94455D2E5893DBE4293D4D67AA4D",
  "Reloaded.Assembler.dll": "E75CB4C6AE37C1B0D17555995A63B637",
  "Reloaded.Hooks.Definitions.dll": "891E5C1E687FC392E41388A1466A29BA",
  "Reloaded.Hooks.dll": "8B8C21A431FE875EC748DF153BC429C8",
  "Reloaded.Memory.Buffers.dll": "FF47A56AC353C471053BAF6A6932C61D",
  "Reloaded.Memory.dll": "BF82E77CC5CF86CE085CFBF70BEBEE5B",
  "revision.txt": "F9FF6540C092ABD6A77908C034710A04",
  "SDL2-CS.config": "65557595FD5DF55D93B2BF881DE62C3A",
  "SDL2-CS.dll": "A491D92983FBB9B36F4661C5DBF1A9F3",
  "Serilog.dll": "9738E327938EE661ECB8ADC9AFEC6056",
  "Serilog.Sinks.Async.dll": "93EA29479E161F51DDC74F4CB2A5AB29",
  "Serilog.Sinks.Console.dll": "6B61760B42A6796F889789CBA24F7492",
  "Serilog.Sinks.File.dll": "3AFD1D9115462035675918C774CE54EF",
  "SharpDX.Direct3D11.dll": "ABD06848D08635D9DF86479210B3DD95",
  "SharpDX.dll": "2707EA4197D419A3C88CE0DBF2530439",
  "SharpDX.DXGI.dll": "CB0091D9DC889AAEC0E84D220FBA5A6B",
  "SharpDX.Mathematics.dll": "261A44652C13A5F48C9EBF34E9F7BC71",
  "Silk.NET.Core.dll": "CF3B71F57D3889113769DD00E48C70D2",
  "Silk.NET.GLFW.dll": "84969CF3565CC03B2C14E164C9A3FEF1",
  "Silk.NET.Maths.dll": "E9BDB19A7F0DA54313D3980C67F906FD",
  "Silk.NET.OpenGL.dll": "BFC0BDDC421299AE8A69A9BFE81DAC9E",
  "Silk.NET.SDL.dll": "D5BF89FE3D8AFB92AEBF091D6B6A6711",
  "Silk.NET.Windowing.Common.dll": "204AC4F2847F8D12F54D756D946DF60C",
  "Silk.NET.Windowing.Glfw.dll": "B8C0C03E64BF33B8401E8A52B9FF6E7F",
  "Silk.NET.Windowing.Sdl.dll": "351BC47B24E3EC6FEBD28106B8FC8619",
  "SQLite-net.dll": "DDF221EFB5A41CD5A5576DCA75BFBE7D",
  "SQLitePCLRaw.batteries_v2.dll": "277F2199D9469EC970DED7437D5BED22",
  "SQLitePCLRaw.core.dll": "DE62A4A4104DC4E4428373A4B2072F65",
  "SQLitePCLRaw.nativelibrary.dll": "3B5B60B36A15B327B2D46A3BD78F4D0F",
  "SQLitePCLRaw.provider.dynamic_cdecl.dll": "2D9651727E25B2EB5699F3984077B46D",
  "StbiSharp.dll": "2AD871F04F0BCAD1FBCEC61E4D947AA3",
  "System.Reactive.dll": "EF5A00287AD15393D41B12AA4B726FF7",
  "System.Reflection.MetadataLoadContext.dll": "7EC41D41F4E1246757BA3E2EC862D562",
  "System.Security.Cryptography.Pkcs.dll": "8950E01996A37E808BE3F39063C37BF9",
  "TEMP_gitver.txt": "445003969EF0E7742AFD88D233ED3B58",
  "TerraFX.Interop.Windows.dll": "84F7EF6B0DE91F8CC23F773D3FD6DEC0",
  "Validation.dll": "B978B8DCF0838858BF162BD9F52B6DDC"
}
