{
  "runtimes\\alpine-x64\\native\\libe_sqlite3.so": "39C244FEDBCD3DFC37041D4FCE1AE21D",
  "runtimes\\linux-arm\\native\\libe_sqlite3.so": "96CF54BC0EFB83D6E3F5F3E04997A59D",
  "runtimes\\linux-arm64\\native\\libe_sqlite3.so": "F079E55E7F3F9966A4A2052A3234E068",
  "runtimes\\linux-armel\\native\\libe_sqlite3.so": "C5A67D49434FC65D64E9C15778078C76",
  "runtimes\\linux-mips64\\native\\libe_sqlite3.so": "5F8461214089CFC677D46C19B7162161",
  "runtimes\\linux-musl-x64\\native\\libe_sqlite3.so": "39C244FEDBCD3DFC37041D4FCE1AE21D",
  "runtimes\\linux-x64\\native\\libe_sqlite3.so": "6F49C540D3AB9964D67A4A704C3D262D",
  "runtimes\\linux-x64\\native\\libglfw.so.3": "9E3137144F68B9E9793F4C7AD5B1BEA7",
  "runtimes\\linux-x64\\native\\libSDL2-2.0.so": "99B95A708381FC66AB2370E45A260527",
  "runtimes\\linux-x64\\native\\libstbi.so": "0945355ED59677D06E3E88F48101BB26",
  "runtimes\\linux-x86\\native\\libe_sqlite3.so": "5E0659B414CBD6DDC38C65582485853E",
  "runtimes\\osx-x64\\native\\libe_sqlite3.dylib": "F82AE134FCD1C080A69D775591406673",
  "runtimes\\osx-x64\\native\\libglfw.3.dylib": "1E30FAB2F0C40E82290AD4B0BF14A880",
  "runtimes\\osx-x64\\native\\libSDL2-2.0.dylib": "AAC958490586C67395F0A90903AE3747",
  "runtimes\\osx-x64\\native\\libstbi.dylib": "0B84B0A6A80178266018081C3CAB68E6",
  "runtimes\\win-arm\\native\\e_sqlite3.dll": "E1829B67F8C4BEBF8D2A690B5FD744BE",
  "runtimes\\win-arm64\\native\\e_sqlite3.dll": "FEFC39B3663AE52263C3B9B3E08D8F16",
  "runtimes\\win-x64\\native\\cimgui.dll": "1EA6D18A2E9A6ED9AE5D753868D9E0F1",
  "runtimes\\win-x64\\native\\cimguizmo.dll": "CA4C0EB043955E2A6FCD2E81EB2491A2",
  "runtimes\\win-x64\\native\\cimplot.dll": "FB1A531FBA0D76FFE96602CEDE8277FB",
  "runtimes\\win-x64\\native\\e_sqlite3.dll": "B9205A5BD750E03CC06521B3619AAB6E",
  "runtimes\\win-x64\\native\\glfw3.dll": "5E41C97E3EE2EFAB13DE3B3B15C0E055",
  "runtimes\\win-x64\\native\\minhook.x64d.dll": "71F611D13F64115DD671048E4AD6BDA7",
  "runtimes\\win-x64\\native\\SDL2.dll": "A7CC9600122DBCAF9659C35A23DE4C4E",
  "runtimes\\win-x64\\native\\stbi.dll": "1AAF90D7B38F6F640E7C257A2A982B85",
  "runtimes\\win-x64\\native\\stbi.lib": "927C214DE576219E1F80DBE7798A0502",
  "runtimes\\win-x86\\native\\e_sqlite3.dll": "DCA3AB973D7AC4E993476A3D99151E51",
  "runtimes\\win-x86\\native\\glfw3.dll": "12A48E9E39762FB9E490E4E9091F9B8E",
  "runtimes\\win-x86\\native\\SDL2.dll": "041E8D7B4570936C8452C1579AE88677",
  "targets\\Dalamud.Plugin.Bootstrap.targets": "C85635161398CD9852CF7212DB7EB904",
  "targets\\Dalamud.Plugin.targets": "11001C983157350F50D99F1A827999B5",
  "CheapLoc.dll": "268EE10C0C258A6981FC69620981BBC9",
  "Costura.dll": "BF516480E2236AC446C7EB3F819B5714",
  "Dalamud.Boot.dll": "0CD75D64AD2908EC94A44A310683EE40",
  "Dalamud.Common.dll": "98EC8F38AB40218142F1256B4D43FD1F",
  "Dalamud.deps.json": "B5C4435706973213986B511585D3FA43",
  "Dalamud.dll": "6F6055E6351DB3FC10DA86E65AF8999A",
  "Dalamud.Injector.deps.json": "4E53ABE9A5D3E4592DA63EBF98DAAD86",
  "Dalamud.Injector.dll": "FF82197F1B0E332679D67712095D2744",
  "Dalamud.Injector.exe": "2977908D826076FCDA60DF738D9ECF1F",
  "Dalamud.Injector.runtimeconfig.json": "AAAFA957BB3B382321D67ACC2D792553",
  "Dalamud.Injector.xml": "6CFC451561E67CE7788814C5B327D7EC",
  "Dalamud.runtimeconfig.json": "15719C111D02D5BD45F37285FC8B6040",
  "Dalamud.xml": "881EF10695B08B1E0BCAF776457C17A5",
  "DalamudCrashHandler.exe": "E32B2ADFFE959765A5FB0DAB43A766BA",
  "FASM-LICENSE.TXT": "ECEA1D10811221D5F0A3E96F9C38E2C7",
  "FASM.DLL": "ABF4A2B8912C464B7A81915A590CC566",
  "FASMX64.DLL": "D26AF2A07130CDF57F22B213F4AD601D",
  "FFXIVClientStructs.dll": "094AB8AC6224B5E60617F02C35FB2AC5",
  "FFXIVClientStructs.xml": "65234A31B95DA5636DFE70DE6CC144AD",
  "goaaats.Reloaded.Assembler.targets": "CC22CB0A353E2136EE9E6E96DB9F7164",
  "Iced.dll": "D8C206AE03665F5CC7D67529828DFE5E",
  "ImGui.NET.dll": "4665690848DEA672293B3EDBC659B2E5",
  "ImGuiScene.dll": "6917A225B863075253A437008E6B377C",
  "JetBrains.Annotations.dll": "4690920CFD2E0AD0B2A55155E52369FD",
  "licenses.txt": "A159BE62AA91178EFC3E3983AE874D1D",
  "Lumina.dll": "6DEE183E11BC8D787477FFEE0C36DAEE",
  "Lumina.Excel.dll": "EC9E19927D0464D785413009798F3C4B",
  "Microsoft.Bcl.HashCode.dll": "613AB56061ADF2284E047025207467E0",
  "Microsoft.DotNet.PlatformAbstractions.dll": "00AB0F02B1114C57C758F5AD595224F1",
  "Microsoft.Extensions.DependencyModel.dll": "F39BC76C10CFEA478C936FC4521A9FC9",
  "MinSharp.dll": "07124CD5794EAA35766F287839027C4F",
  "Mono.Cecil.dll": "2AC2F4D57275B7FA2A8F8EF4AE0C5A10",
  "Mono.Cecil.Mdb.dll": "B95F7BFD4D982BAD2E851870A8C61AEF",
  "Mono.Cecil.Pdb.dll": "96D873D46F9231CD0211E2E3A3C85AC1",
  "Mono.Cecil.Rocks.dll": "F631FA6071941B2A56492C4630D16DC8",
  "MonoMod.Backports.dll": "4F8F3257019B168CE9352C3D96BE894A",
  "MonoMod.Core.dll": "C84576B2B5A6B7FDA44B3B52C98216CB",
  "MonoMod.Iced.dll": "80D1432C87BFB00B1295C41C2E810D58",
  "MonoMod.ILHelpers.dll": "D153E3EAC1C991309F9788AEE2AFF67B",
  "MonoMod.RuntimeDetour.dll": "B9F2F1E35E1FEC6EF847F4C5303DBE34",
  "MonoMod.Utils.dll": "E8C21DA0716B0B2BFF23A2C124639F92",
  "nethost.dll": "012081214FE71F0F6ADCD9F4A71B2B00",
  "Newtonsoft.Json.dll": "86A83A63F12B55FD3718CFBFB577D7DC",
  "PeNet.Asn1.dll": "2DEE90793549615CEAB30CD9BEF1C377",
  "PeNet.dll": "82C358F5DF7482B22D8E18A74445DB3D",
  "PInvoke.AdvApi32.dll": "34EE461D05B403C3A15D0DEC32A3788C",
  "PInvoke.BCrypt.dll": "FD07758EE1440491F22923084109FF26",
  "PInvoke.Cabinet.dll": "333D950E3804735DA60CC41D614C63E2",
  "PInvoke.CfgMgr32.dll": "768BE7CC18EDCF78B296A72ABE891691",
  "PInvoke.Crypt32.dll": "E7B00B0851738F4A7F2C6D37DAA973B4",
  "PInvoke.DbgHelp.dll": "E701136169620D20E3A70B560DE20E44",
  "PInvoke.DwmApi.dll": "ACF223CC8962404056648815B486F7D9",
  "PInvoke.Gdi32.dll": "69FF434826F98582CE44D3136ECFFACB",
  "PInvoke.Hid.dll": "2E7A41257F8AD9B26073181F450CD8E5",
  "PInvoke.ImageHlp.dll": "79BE816E8D86EA66489D7780DD675D49",
  "PInvoke.IPHlpApi.dll": "E949FA3326D1BA8872B179AB4EE49D38",
  "PInvoke.Kernel32.dll": "234E15B122ED430DE99490CA1A204958",
  "PInvoke.Magnification.dll": "C9EA3D34F506741ECC044DB19C151F09",
  "PInvoke.Msi.dll": "69EE50CE2DA6B55755E52589F49A7EBC",
  "PInvoke.NCrypt.dll": "DA1DE76C14D99370CA3BEF19DC299B15",
  "PInvoke.NetApi32.dll": "AE79F9FA2E3864A5E0642AE4622ECDC5",
  "PInvoke.NewDev.dll": "B3E1992105D986EF9C5C8E4B630FBB07",
  "PInvoke.NTDll.dll": "3F6BDF840EB27DD0FD9EB8071822183A",
  "PInvoke.Ole32.dll": "3C49FB100B60519FFE725BCD12A538F6",
  "PInvoke.Psapi.dll": "A7683EE4B880227F01C8AE632A892B9E",
  "PInvoke.SetupApi.dll": "1B7AE321185D0081D1759A9AD829F9BA",
  "PInvoke.SHCore.dll": "F27E7F063D51480F6D2294C903E4A606",
  "PInvoke.Shell32.dll": "F71A1BCAF6478190691170DAEA77722F",
  "PInvoke.User32.dll": "8BEDE38311ED4F27127290B81B8079FD",
  "PInvoke.Userenv.dll": "FEB7BCA90B8C905EC2F4BB0789847131",
  "PInvoke.UxTheme.dll": "8E683C016250CB719FDB9AAAFC22B3C5",
  "PInvoke.Windows.Core.dll": "90015440A44935208FFEA9BF61740651",
  "PInvoke.Windows.ShellScalingApi.dll": "F351B34B8C9183A51CADFDC279357C49",
  "PInvoke.WinUsb.dll": "9EB8A0280F2848D1A32B560A939F7336",
  "PInvoke.WtsApi32.dll": "341C94455D2E5893DBE4293D4D67AA4D",
  "Reloaded.Assembler.dll": "9388AD8E434B5E20A65DCE2B0EBC2AC9",
  "Reloaded.Hooks.Definitions.dll": "EEDD1A3CB5F062E2EF1DB19627D644CD",
  "Reloaded.Hooks.dll": "C4BCE29A08C604D23A5446C51A5C6802",
  "Reloaded.Memory.Buffers.dll": "E81F3C7F284B1A0B332995A10690D6FE",
  "Reloaded.Memory.dll": "F81C228BF6C4BFAB6529D4D3C72C6A1A",
  "revision.txt": "79FDE5402CBC75AE0615C9AE4C335B46",
  "SDL2-CS.config": "65557595FD5DF55D93B2BF881DE62C3A",
  "SDL2-CS.dll": "E3840EDF6379A9135D56377BEC7457F9",
  "Serilog.dll": "437BE87C2118BF2B8CAF009FC7E186BA",
  "Serilog.Sinks.Async.dll": "B5F882AFA4D35C0170C1567A7E0E3531",
  "Serilog.Sinks.Console.dll": "315704BF5AB0ED85F3ED80F0EBBB8308",
  "Serilog.Sinks.File.dll": "4410F24C99EF7B68F48E2D4082A323AA",
  "SharpDX.Direct3D11.dll": "77EA94FA7053875F6ED77A8ADB3DC1D7",
  "SharpDX.dll": "1DA2A082EDEDC0187F137B08CEF91D5B",
  "SharpDX.DXGI.dll": "3DD8696A639994FFE98E9743589E790C",
  "SharpDX.Mathematics.dll": "3B7328994AF53DC5E872AA17B4EC11FF",
  "Silk.NET.Core.dll": "EB5D8C2505EBEE95789B0539C0872816",
  "Silk.NET.GLFW.dll": "D8877647B9533E3EFFDE8B96F5917457",
  "Silk.NET.Maths.dll": "D15F2E5BF09A7029A178C31B1CBCC141",
  "Silk.NET.OpenGL.dll": "453C795CCAD4DF356BF540D384E0A43F",
  "Silk.NET.SDL.dll": "19B9F3DAF253D515727DF03EF441EE83",
  "Silk.NET.Windowing.Common.dll": "D67C58A559A622C9CEBBCA78DE2DFC09",
  "Silk.NET.Windowing.Glfw.dll": "073A7B4E8A75F1BC0D8B612F0F114295",
  "Silk.NET.Windowing.Sdl.dll": "BDAB4320315363F757F53E9D5CD17DA2",
  "SQLite-net.dll": "3EE8582C346444446AAF95BD482493F2",
  "SQLitePCLRaw.batteries_v2.dll": "370F8BF49EB6849C04BF9D87903FBE46",
  "SQLitePCLRaw.core.dll": "FBC55AA7F4929E7D78BF4EF57DD159CA",
  "SQLitePCLRaw.nativelibrary.dll": "3AD7D1E3CC0152CC6624D6D349455126",
  "SQLitePCLRaw.provider.dynamic_cdecl.dll": "DA95CDEB53BB82A37C46D80170067588",
  "StbiSharp.dll": "DF9EFE9E17C47B8620AB5D211F96FBD7",
  "System.Reactive.dll": "EF5A00287AD15393D41B12AA4B726FF7",
  "System.Reflection.MetadataLoadContext.dll": "7EC41D41F4E1246757BA3E2EC862D562",
  "System.Security.Cryptography.Pkcs.dll": "8950E01996A37E808BE3F39063C37BF9",
  "TEMP_gitver.txt": "7D807C486135174E2ED503F7DDBC07A8",
  "TerraFX.Interop.Windows.dll": "84F7EF6B0DE91F8CC23F773D3FD6DEC0",
  "Validation.dll": "63690E55ED90CBF29D23EC797448E915"
}
