{
  "runtimes\\alpine-x64\\native\\libe_sqlite3.so": "39C244FEDBCD3DFC37041D4FCE1AE21D",
  "runtimes\\linux-arm\\native\\libe_sqlite3.so": "96CF54BC0EFB83D6E3F5F3E04997A59D",
  "runtimes\\linux-arm64\\native\\libe_sqlite3.so": "F079E55E7F3F9966A4A2052A3234E068",
  "runtimes\\linux-armel\\native\\libe_sqlite3.so": "C5A67D49434FC65D64E9C15778078C76",
  "runtimes\\linux-mips64\\native\\libe_sqlite3.so": "5F8461214089CFC677D46C19B7162161",
  "runtimes\\linux-musl-x64\\native\\libe_sqlite3.so": "39C244FEDBCD3DFC37041D4FCE1AE21D",
  "runtimes\\linux-x64\\native\\libe_sqlite3.so": "6F49C540D3AB9964D67A4A704C3D262D",
  "runtimes\\linux-x64\\native\\libglfw.so.3": "9E3137144F68B9E9793F4C7AD5B1BEA7",
  "runtimes\\linux-x64\\native\\libSDL2-2.0.so": "99B95A708381FC66AB2370E45A260527",
  "runtimes\\linux-x64\\native\\libstbi.so": "0945355ED59677D06E3E88F48101BB26",
  "runtimes\\linux-x86\\native\\libe_sqlite3.so": "5E0659B414CBD6DDC38C65582485853E",
  "runtimes\\osx-x64\\native\\libe_sqlite3.dylib": "F82AE134FCD1C080A69D775591406673",
  "runtimes\\osx-x64\\native\\libglfw.3.dylib": "1E30FAB2F0C40E82290AD4B0BF14A880",
  "runtimes\\osx-x64\\native\\libSDL2-2.0.dylib": "AAC958490586C67395F0A90903AE3747",
  "runtimes\\osx-x64\\native\\libstbi.dylib": "0B84B0A6A80178266018081C3CAB68E6",
  "runtimes\\win-arm\\native\\e_sqlite3.dll": "0F6522E84CAE11A90B40AE2DA5409850",
  "runtimes\\win-arm64\\native\\e_sqlite3.dll": "0B18D6F665A842AB2E8AB83C116B9920",
  "runtimes\\win-x64\\native\\cimgui.dll": "8676E6975C5AC5D6BF896B94958109AD",
  "runtimes\\win-x64\\native\\cimguizmo.dll": "E877105E0A81DDE2283C6127625BFF67",
  "runtimes\\win-x64\\native\\cimplot.dll": "6FBE8D3A36303513673A1FAC74278CC6",
  "runtimes\\win-x64\\native\\e_sqlite3.dll": "653B83DEFC0E8B00913526FEE65A18B7",
  "runtimes\\win-x64\\native\\glfw3.dll": "181837381E1493F3E29570C63903D27F",
  "runtimes\\win-x64\\native\\minhook.x64d.dll": "B90126E2258451350C747B03C38FE85E",
  "runtimes\\win-x64\\native\\SDL2.dll": "0A20045D165E641284D82FBCC4A1E433",
  "runtimes\\win-x64\\native\\stbi.dll": "78472FA327F4EA854E6C5E961471F49D",
  "runtimes\\win-x64\\native\\stbi.lib": "927C214DE576219E1F80DBE7798A0502",
  "runtimes\\win-x86\\native\\e_sqlite3.dll": "E8607F6241FF469321113C2126188273",
  "runtimes\\win-x86\\native\\glfw3.dll": "D9E77507208806B3BEA41197B8DFD3A2",
  "runtimes\\win-x86\\native\\SDL2.dll": "2AEB25EF4348AF3B472053825DDA526A",
  "targets\\Dalamud.Plugin.Bootstrap.targets": "C85635161398CD9852CF7212DB7EB904",
  "targets\\Dalamud.Plugin.targets": "DDD731601C06B16E10CF2F8990452A27",
  "BitFaster.Caching.dll": "67524A8BC220C2834866DFF0FCC3CF8B",
  "CheapLoc.dll": "C0C1A2E39AF82CE334B34ACE2AE760C2",
  "commit_hash.txt": "D2DB603A0D71A61795211D87F364B656",
  "Costura.dll": "C72E9EC253D958C454F673091985D077",
  "Dalamud.Boot.dll": "B309A8615B276E3558566E51DAE1E394",
  "Dalamud.Common.dll": "99BD6284500087AE7AFB0B8604FCDDB1",
  "Dalamud.deps.json": "CEA57E22F068B83274315925D31C7BDA",
  "Dalamud.dll": "5141ABEE9D2F1F6AF2A02E4BEE721FAF",
  "Dalamud.Injector.deps.json": "973E5D437761614CB8BADBA9E2C0F6EA",
  "Dalamud.Injector.dll": "E1891CF18A5F89FEC6835D2AEBEF2022",
  "Dalamud.Injector.exe": "E8C6E5DDF524A1EF88678A7DAA36C415",
  "Dalamud.Injector.runtimeconfig.json": "B9BB65FFE7924D4D8BABE9FA66303200",
  "Dalamud.Injector.xml": "D41E5DF541D19A015215E777D7395C9C",
  "Dalamud.runtimeconfig.json": "2A9CD915428BDD175E0889BD0C225F75",
  "Dalamud.xml": "06DBCFE8DB0B39FF901B997876B545BF",
  "DalamudCrashHandler.exe": "F12EFA844435C00BABEBDEBC70F0E8C8",
  "FASM-LICENSE.TXT": "ECEA1D10811221D5F0A3E96F9C38E2C7",
  "FASM.DLL": "869D3F769758C44F6F998B6FCC4ECFDD",
  "FASMX64.DLL": "963B7C5CB3AEE0026390CC5A15649D25",
  "FFXIVClientStructs.dll": "D6B2628A0925C7D85A4CB42DCD61CBB3",
  "FFXIVClientStructs.xml": "E320B9A7FCC2CECDD1A71B607F2A0D61",
  "goaaats.Reloaded.Assembler.targets": "CC22CB0A353E2136EE9E6E96DB9F7164",
  "Iced.dll": "D321024A288B645B7E97646EEA7AA2A4",
  "ImGui.NET.dll": "FCBEFEBA18C43CBF5253F21B4E786F67",
  "ImGuiScene.dll": "82A895AFDA744E7A8980B05A1C2790A7",
  "InteropGenerator.Runtime.dll": "97647C2A93C9DA03C8B5C402952A07B8",
  "JetBrains.Annotations.dll": "A24D7B2BD3EBB0DFE1F988E53B701491",
  "licenses.txt": "A159BE62AA91178EFC3E3983AE874D1D",
  "Lumina.dll": "8DBF00EC3B38551E25719EE46D076E2F",
  "Lumina.Excel.dll": "76CCCF836BCF7B1A4C188CAE496A59C9",
  "Microsoft.Bcl.HashCode.dll": "613AB56061ADF2284E047025207467E0",
  "Microsoft.DotNet.PlatformAbstractions.dll": "00AB0F02B1114C57C758F5AD595224F1",
  "Microsoft.Extensions.DependencyModel.dll": "F39BC76C10CFEA478C936FC4521A9FC9",
  "Microsoft.Extensions.ObjectPool.dll": "FEE3CE8A84417360CC5ED787ED6F7DB1",
  "MinSharp.dll": "D58A8E1799C41AFD74883B60298E4A4F",
  "Mono.Cecil.dll": "C3643EFBE6F932ACBFC78C22E6E9C2A3",
  "Mono.Cecil.Mdb.dll": "D69F8EC49ECABD4B6ABBFE1870010183",
  "Mono.Cecil.Pdb.dll": "E7226389BF4B4DD5CB003F269CAB844A",
  "Mono.Cecil.Rocks.dll": "674AE52667D0BFDC1013F976C1F28327",
  "nethost.dll": "21F39F71E2F4B5BA9FB3F126872F2F9B",
  "Newtonsoft.Json.dll": "ADF3E3EECDE20B7C9661E9C47106A14A",
  "PeNet.Asn1.dll": "CB17C0C41891E25C8A3A3E2C16616D1D",
  "PeNet.dll": "5E6D8FBB190AC156359B8D91EC8C3B09",
  "PInvoke.AdvApi32.dll": "34EE461D05B403C3A15D0DEC32A3788C",
  "PInvoke.BCrypt.dll": "FD07758EE1440491F22923084109FF26",
  "PInvoke.Cabinet.dll": "333D950E3804735DA60CC41D614C63E2",
  "PInvoke.CfgMgr32.dll": "768BE7CC18EDCF78B296A72ABE891691",
  "PInvoke.Crypt32.dll": "E7B00B0851738F4A7F2C6D37DAA973B4",
  "PInvoke.DbgHelp.dll": "E701136169620D20E3A70B560DE20E44",
  "PInvoke.DwmApi.dll": "ACF223CC8962404056648815B486F7D9",
  "PInvoke.Gdi32.dll": "69FF434826F98582CE44D3136ECFFACB",
  "PInvoke.Hid.dll": "2E7A41257F8AD9B26073181F450CD8E5",
  "PInvoke.ImageHlp.dll": "79BE816E8D86EA66489D7780DD675D49",
  "PInvoke.IPHlpApi.dll": "E949FA3326D1BA8872B179AB4EE49D38",
  "PInvoke.Kernel32.dll": "234E15B122ED430DE99490CA1A204958",
  "PInvoke.Magnification.dll": "C9EA3D34F506741ECC044DB19C151F09",
  "PInvoke.Msi.dll": "69EE50CE2DA6B55755E52589F49A7EBC",
  "PInvoke.NCrypt.dll": "DA1DE76C14D99370CA3BEF19DC299B15",
  "PInvoke.NetApi32.dll": "AE79F9FA2E3864A5E0642AE4622ECDC5",
  "PInvoke.NewDev.dll": "B3E1992105D986EF9C5C8E4B630FBB07",
  "PInvoke.NTDll.dll": "3F6BDF840EB27DD0FD9EB8071822183A",
  "PInvoke.Ole32.dll": "3C49FB100B60519FFE725BCD12A538F6",
  "PInvoke.Psapi.dll": "A7683EE4B880227F01C8AE632A892B9E",
  "PInvoke.SetupApi.dll": "1B7AE321185D0081D1759A9AD829F9BA",
  "PInvoke.SHCore.dll": "F27E7F063D51480F6D2294C903E4A606",
  "PInvoke.Shell32.dll": "F71A1BCAF6478190691170DAEA77722F",
  "PInvoke.User32.dll": "8BEDE38311ED4F27127290B81B8079FD",
  "PInvoke.Userenv.dll": "FEB7BCA90B8C905EC2F4BB0789847131",
  "PInvoke.UxTheme.dll": "8E683C016250CB719FDB9AAAFC22B3C5",
  "PInvoke.Windows.Core.dll": "90015440A44935208FFEA9BF61740651",
  "PInvoke.Windows.ShellScalingApi.dll": "F351B34B8C9183A51CADFDC279357C49",
  "PInvoke.WinUsb.dll": "9EB8A0280F2848D1A32B560A939F7336",
  "PInvoke.WtsApi32.dll": "341C94455D2E5893DBE4293D4D67AA4D",
  "Reloaded.Assembler.dll": "2A7E52C271C39E1CA609A658B62C50ED",
  "Reloaded.Hooks.Definitions.dll": "D2A8A75103CBAD541EF4035641849E79",
  "Reloaded.Hooks.dll": "6C771400F1479EF5CD24F0CC37600E5F",
  "Reloaded.Memory.Buffers.dll": "82156F40613D32FC4B29DF69C397FEFC",
  "Reloaded.Memory.dll": "0B71ECF57F846A0C4241306E09F5B31C",
  "revision.txt": "F885A14EAF260D7D9F93C750E1174228",
  "SDL2-CS.config": "65557595FD5DF55D93B2BF881DE62C3A",
  "SDL2-CS.dll": "8DEEF21FD9EB33E65747D88A5296AC70",
  "Serilog.dll": "AE541297F3C31631A16F9C62C22526F7",
  "Serilog.Sinks.Async.dll": "DBCCEB0C43B38E3273F7191DC6541763",
  "Serilog.Sinks.Console.dll": "66DAE640B650BC1D7B2B941DC6FFD87F",
  "Serilog.Sinks.File.dll": "E03280FBAA3BF4CBAF247BDA0BBE3145",
  "SharpDX.Direct3D11.dll": "7E6BD7C4202D644900CC9EEC9EB54D19",
  "SharpDX.dll": "C770D7AD7583F2643ADDDD8ECEDA65F8",
  "SharpDX.DXGI.dll": "6CAC2664A41670BBBF4DF56BD8FA4809",
  "SharpDX.Mathematics.dll": "6FFBB18D6E5937DAD5937F2A9DE0CA66",
  "Silk.NET.Core.dll": "B702CDCC9B48FF4FE5819AFB36F5469F",
  "Silk.NET.GLFW.dll": "65D608FADD24CAE88B0F329DC4A90F6A",
  "Silk.NET.Maths.dll": "76E60333BE1182D61D8C7FC7A8E53BB5",
  "Silk.NET.OpenGL.dll": "235D4D8675411CA1AC19FE32574399AA",
  "Silk.NET.SDL.dll": "20293B74F7BD30461D399F60EAAF975F",
  "Silk.NET.Windowing.Common.dll": "002EE68F88E15E684CD9536C541594FB",
  "Silk.NET.Windowing.Glfw.dll": "97A4E9C0894C4F10DB2ED64601B8C073",
  "Silk.NET.Windowing.Sdl.dll": "264EF1BBC9CECA4081CFA07D0E4019D7",
  "SQLite-net.dll": "70E4109B7B850FFBB0898104872C220E",
  "SQLitePCLRaw.batteries_v2.dll": "36BD3231F1A126D62A898A059BFF0DD0",
  "SQLitePCLRaw.core.dll": "17593CA7A603CEF82B31902CBBC1C6CA",
  "SQLitePCLRaw.nativelibrary.dll": "431E20914561B1AAAC8CFB93A4DA374D",
  "SQLitePCLRaw.provider.dynamic_cdecl.dll": "2B14141F8DBA612C121A691FED2362A4",
  "StbiSharp.dll": "63BBC3EA5245DF5926E390E8261E1033",
  "System.Reactive.dll": "EF5A00287AD15393D41B12AA4B726FF7",
  "System.Reflection.MetadataLoadContext.dll": "E88E3AF6D37736F339022C9ACC5F2F7B",
  "System.Security.Cryptography.Pkcs.dll": "8950E01996A37E808BE3F39063C37BF9",
  "TEMP_gitver.txt": "EA8F3832D0724DAFC8D25E04F8147218",
  "TerraFX.Interop.Windows.dll": "84F7EF6B0DE91F8CC23F773D3FD6DEC0",
  "Validation.dll": "61BB7A12E40FDC7FC0FF18B7AD111195"
}
