{
  "runtimes\\alpine-x64\\native\\libe_sqlite3.so": "39C244FEDBCD3DFC37041D4FCE1AE21D",
  "runtimes\\linux-arm\\native\\libe_sqlite3.so": "96CF54BC0EFB83D6E3F5F3E04997A59D",
  "runtimes\\linux-arm64\\native\\libe_sqlite3.so": "F079E55E7F3F9966A4A2052A3234E068",
  "runtimes\\linux-armel\\native\\libe_sqlite3.so": "C5A67D49434FC65D64E9C15778078C76",
  "runtimes\\linux-mips64\\native\\libe_sqlite3.so": "5F8461214089CFC677D46C19B7162161",
  "runtimes\\linux-musl-x64\\native\\libe_sqlite3.so": "39C244FEDBCD3DFC37041D4FCE1AE21D",
  "runtimes\\linux-x64\\native\\libe_sqlite3.so": "6F49C540D3AB9964D67A4A704C3D262D",
  "runtimes\\linux-x64\\native\\libglfw.so.3": "9E3137144F68B9E9793F4C7AD5B1BEA7",
  "runtimes\\linux-x64\\native\\libSDL2-2.0.so": "99B95A708381FC66AB2370E45A260527",
  "runtimes\\linux-x64\\native\\libstbi.so": "0945355ED59677D06E3E88F48101BB26",
  "runtimes\\linux-x86\\native\\libe_sqlite3.so": "5E0659B414CBD6DDC38C65582485853E",
  "runtimes\\osx-x64\\native\\libe_sqlite3.dylib": "F82AE134FCD1C080A69D775591406673",
  "runtimes\\osx-x64\\native\\libglfw.3.dylib": "1E30FAB2F0C40E82290AD4B0BF14A880",
  "runtimes\\osx-x64\\native\\libSDL2-2.0.dylib": "AAC958490586C67395F0A90903AE3747",
  "runtimes\\osx-x64\\native\\libstbi.dylib": "0B84B0A6A80178266018081C3CAB68E6",
  "runtimes\\win-arm\\native\\e_sqlite3.dll": "10F6AFAF9EDACD53C10261E920A6E49E",
  "runtimes\\win-arm64\\native\\e_sqlite3.dll": "F07AAFF102567A4605C7A18D66587DE6",
  "runtimes\\win-x64\\native\\cimgui.dll": "04EC8295DB83FA39698E78BB9EF9DA44",
  "runtimes\\win-x64\\native\\cimguizmo.dll": "F4120ADE3ED54FE7252AED1528A6CCE8",
  "runtimes\\win-x64\\native\\cimplot.dll": "D655302A5D602453C273641D758F0829",
  "runtimes\\win-x64\\native\\e_sqlite3.dll": "8DCC6FE8E322EB56F11A9CA2639B42E0",
  "runtimes\\win-x64\\native\\glfw3.dll": "B213D6332D0FF0AF465074AE5F063CB9",
  "runtimes\\win-x64\\native\\minhook.x64d.dll": "B491038C888B31F456FE0829A283580D",
  "runtimes\\win-x64\\native\\SDL2.dll": "1CB5C2D79FC9A68DB1B8DA0415CD4516",
  "runtimes\\win-x64\\native\\stbi.dll": "8AF5EDB654FF135404D8CFA6C734DD81",
  "runtimes\\win-x64\\native\\stbi.lib": "927C214DE576219E1F80DBE7798A0502",
  "runtimes\\win-x86\\native\\e_sqlite3.dll": "34ED2377FADAEB945B8F2CD22025C7FE",
  "runtimes\\win-x86\\native\\glfw3.dll": "C521B6256736AC8DB432807AA65D0BC7",
  "runtimes\\win-x86\\native\\SDL2.dll": "41AB5ED62B4079EF238508691FBB993D",
  "targets\\Dalamud.Plugin.Bootstrap.targets": "C85635161398CD9852CF7212DB7EB904",
  "targets\\Dalamud.Plugin.targets": "11001C983157350F50D99F1A827999B5",
  "CheapLoc.dll": "169AD7C58FDD94EC417A8B36BA02B1BA",
  "Costura.dll": "6A46D6DC312FDAA9B4F74007D07CA7FF",
  "Dalamud.Boot.dll": "55465A843D6309DBF752662AE53383EE",
  "Dalamud.Common.dll": "252D2096F4FC284B09ACD524ECC908F7",
  "Dalamud.deps.json": "547B14F3D9AE2862B10B012CA0E32442",
  "Dalamud.dll": "81E91987E4B3ADBC8CE9B19931986032",
  "Dalamud.Injector.deps.json": "4E53ABE9A5D3E4592DA63EBF98DAAD86",
  "Dalamud.Injector.dll": "FB598DDF7EBA818ECE6A3533B4790FD1",
  "Dalamud.Injector.exe": "4239E9C155CC6382F6D687855E3F82C0",
  "Dalamud.Injector.runtimeconfig.json": "AAAFA957BB3B382321D67ACC2D792553",
  "Dalamud.Injector.xml": "6CFC451561E67CE7788814C5B327D7EC",
  "Dalamud.runtimeconfig.json": "454E2BA21742B08CF0A9827950A92B0F",
  "Dalamud.xml": "BE1ED52D78F28C8D43339F2F9201B0CA",
  "DalamudCrashHandler.exe": "518A0890700CE494D2FC4B12268352F4",
  "FASM-LICENSE.TXT": "ECEA1D10811221D5F0A3E96F9C38E2C7",
  "FASM.DLL": "27EA02F1D9A3C176FD91F5003EC4F570",
  "FASMX64.DLL": "4F8EF205425BAB6743CA2021E45B912F",
  "FFXIVClientStructs.dll": "BF1979407AD2C8B1B0B80F3AC64F1732",
  "FFXIVClientStructs.xml": "F50DC8BF10AC32520CEEB761AA098806",
  "goaaats.Reloaded.Assembler.targets": "CC22CB0A353E2136EE9E6E96DB9F7164",
  "Iced.dll": "6908B0FDC7FA69CBCCDAF52E26998430",
  "ImGui.NET.dll": "5E27E3F058DADBA3641DAE48B80A1C4F",
  "ImGuiScene.dll": "F1FAF19BD665BB1A901B6AC928C664B4",
  "JetBrains.Annotations.dll": "E47C871A3689BAD046A911DD1BE16E28",
  "licenses.txt": "A159BE62AA91178EFC3E3983AE874D1D",
  "Lumina.dll": "3AA8DF1575311F37DE4DEBC314D9A3ED",
  "Lumina.Excel.dll": "FD1CC09E5D6C8277AE63B79F5D1401DC",
  "Microsoft.Bcl.HashCode.dll": "613AB56061ADF2284E047025207467E0",
  "Microsoft.DotNet.PlatformAbstractions.dll": "00AB0F02B1114C57C758F5AD595224F1",
  "Microsoft.Extensions.DependencyModel.dll": "F39BC76C10CFEA478C936FC4521A9FC9",
  "MinSharp.dll": "97B54010AECCF69C6613872E02B6CD20",
  "Mono.Cecil.dll": "ED888C07A97026F34C9F37E3C0FE5AD6",
  "Mono.Cecil.Mdb.dll": "F61D4A3CD71D06A16CE92DF30C9632D5",
  "Mono.Cecil.Pdb.dll": "B13CDA920A72B7EAB76EEE968B6B124C",
  "Mono.Cecil.Rocks.dll": "8695DCFDAF61E94D197C05BB43A3F6B8",
  "MonoMod.Backports.dll": "D86455AD6439738D2F5A1F04A641DD27",
  "MonoMod.Core.dll": "6400D8CB8A6AC0772F1F091628147845",
  "MonoMod.Iced.dll": "68431CCB8F3A6EAF3D2E409969E81669",
  "MonoMod.ILHelpers.dll": "050CA622480559E0433EE5AEB4AE1BCB",
  "MonoMod.RuntimeDetour.dll": "87A10E3C6A6018BBE32DB8B36E207718",
  "MonoMod.Utils.dll": "2FD097D51F82F09792FE342E3BF42E95",
  "nethost.dll": "012081214FE71F0F6ADCD9F4A71B2B00",
  "Newtonsoft.Json.dll": "86A83A63F12B55FD3718CFBFB577D7DC",
  "PeNet.Asn1.dll": "8958B1A39448A9E1DE6D461621007CDC",
  "PeNet.dll": "ABC2B2A6819542C8631ED988EFCEEF68",
  "PInvoke.AdvApi32.dll": "34EE461D05B403C3A15D0DEC32A3788C",
  "PInvoke.BCrypt.dll": "FD07758EE1440491F22923084109FF26",
  "PInvoke.Cabinet.dll": "333D950E3804735DA60CC41D614C63E2",
  "PInvoke.CfgMgr32.dll": "768BE7CC18EDCF78B296A72ABE891691",
  "PInvoke.Crypt32.dll": "E7B00B0851738F4A7F2C6D37DAA973B4",
  "PInvoke.DbgHelp.dll": "E701136169620D20E3A70B560DE20E44",
  "PInvoke.DwmApi.dll": "ACF223CC8962404056648815B486F7D9",
  "PInvoke.Gdi32.dll": "69FF434826F98582CE44D3136ECFFACB",
  "PInvoke.Hid.dll": "2E7A41257F8AD9B26073181F450CD8E5",
  "PInvoke.ImageHlp.dll": "79BE816E8D86EA66489D7780DD675D49",
  "PInvoke.IPHlpApi.dll": "E949FA3326D1BA8872B179AB4EE49D38",
  "PInvoke.Kernel32.dll": "234E15B122ED430DE99490CA1A204958",
  "PInvoke.Magnification.dll": "C9EA3D34F506741ECC044DB19C151F09",
  "PInvoke.Msi.dll": "69EE50CE2DA6B55755E52589F49A7EBC",
  "PInvoke.NCrypt.dll": "DA1DE76C14D99370CA3BEF19DC299B15",
  "PInvoke.NetApi32.dll": "AE79F9FA2E3864A5E0642AE4622ECDC5",
  "PInvoke.NewDev.dll": "B3E1992105D986EF9C5C8E4B630FBB07",
  "PInvoke.NTDll.dll": "3F6BDF840EB27DD0FD9EB8071822183A",
  "PInvoke.Ole32.dll": "3C49FB100B60519FFE725BCD12A538F6",
  "PInvoke.Psapi.dll": "A7683EE4B880227F01C8AE632A892B9E",
  "PInvoke.SetupApi.dll": "1B7AE321185D0081D1759A9AD829F9BA",
  "PInvoke.SHCore.dll": "F27E7F063D51480F6D2294C903E4A606",
  "PInvoke.Shell32.dll": "F71A1BCAF6478190691170DAEA77722F",
  "PInvoke.User32.dll": "8BEDE38311ED4F27127290B81B8079FD",
  "PInvoke.Userenv.dll": "FEB7BCA90B8C905EC2F4BB0789847131",
  "PInvoke.UxTheme.dll": "8E683C016250CB719FDB9AAAFC22B3C5",
  "PInvoke.Windows.Core.dll": "90015440A44935208FFEA9BF61740651",
  "PInvoke.Windows.ShellScalingApi.dll": "F351B34B8C9183A51CADFDC279357C49",
  "PInvoke.WinUsb.dll": "9EB8A0280F2848D1A32B560A939F7336",
  "PInvoke.WtsApi32.dll": "341C94455D2E5893DBE4293D4D67AA4D",
  "Reloaded.Assembler.dll": "03CC7D6B7B1003B3CCC91EF392F5B098",
  "Reloaded.Hooks.Definitions.dll": "86EC91E24AD6D28EE59270CF835580F9",
  "Reloaded.Hooks.dll": "BE809EC9BCF18B2206CF0EF650BE7A9A",
  "Reloaded.Memory.Buffers.dll": "00788AC5D19B6899A5CB993EA2000B9F",
  "Reloaded.Memory.dll": "7B55A8842BA8EF315A4C46E6A017228E",
  "revision.txt": "DA6CB383F8F9E58F2C8AF88A8C0EB65E",
  "SDL2-CS.config": "65557595FD5DF55D93B2BF881DE62C3A",
  "SDL2-CS.dll": "C94C5663690B4FEA2773616231FAFF97",
  "Serilog.dll": "7084B547FF61468B2ECC9851D2C4D329",
  "Serilog.Sinks.Async.dll": "B510268EFE0C92D0FE750D5E2BC1295E",
  "Serilog.Sinks.Console.dll": "AE41AF8DB40D1E2A8C771B5BAC7DD7D5",
  "Serilog.Sinks.File.dll": "83077686E90881F09E321AA5713902DB",
  "SharpDX.Direct3D11.dll": "A4813B427481459041BD615E59B942B4",
  "SharpDX.dll": "497989DFB37CDA87209786807C86CB1D",
  "SharpDX.DXGI.dll": "85A0C70D5746E048B71AB8D9E47AD59B",
  "SharpDX.Mathematics.dll": "8F1051346A1F68EE91002F2D78BD3F56",
  "Silk.NET.Core.dll": "CAD7198457B1E648FAEA5059D5EB3D8B",
  "Silk.NET.GLFW.dll": "D024F85366B6BB00F823D542C8519BA8",
  "Silk.NET.Maths.dll": "F2D26B3DD5FC8A42578FE8E01E2E3A46",
  "Silk.NET.OpenGL.dll": "1A38C6957B879A4C4543157C2071E020",
  "Silk.NET.SDL.dll": "05468ADDB9B1F18086513B1DE2702D8A",
  "Silk.NET.Windowing.Common.dll": "93498AD63405128392E0C2B996487315",
  "Silk.NET.Windowing.Glfw.dll": "37EBF3B1663C8336E5D496F22F8B1E72",
  "Silk.NET.Windowing.Sdl.dll": "8FE066B1406474D551B69A1D56E765DD",
  "SQLite-net.dll": "FB57168A04CE826CFF6529D7E7CF4B7E",
  "SQLitePCLRaw.batteries_v2.dll": "5CBAF0B025C49135BB9A021AE54ED9FA",
  "SQLitePCLRaw.core.dll": "E7300A42085CEB16BA55B1DC1BA530A5",
  "SQLitePCLRaw.nativelibrary.dll": "DCAECD894566E8553E185C0E78151E31",
  "SQLitePCLRaw.provider.dynamic_cdecl.dll": "4C8753B821342EB6B378200BC04D8FD9",
  "StbiSharp.dll": "44F809E6C0B71FC14F5D7D59B2F3A08C",
  "System.Reactive.dll": "EF5A00287AD15393D41B12AA4B726FF7",
  "System.Reflection.MetadataLoadContext.dll": "7EC41D41F4E1246757BA3E2EC862D562",
  "System.Security.Cryptography.Pkcs.dll": "8950E01996A37E808BE3F39063C37BF9",
  "TEMP_gitver.txt": "99031D07FC410A8AC183C328603D147F",
  "Validation.dll": "EB73DDF3C8B65AB12FA410CC4BEC7D81"
}
