{
  "runtimes\\alpine-x64\\native\\libe_sqlite3.so": "39C244FEDBCD3DFC37041D4FCE1AE21D",
  "runtimes\\linux-arm\\native\\libe_sqlite3.so": "96CF54BC0EFB83D6E3F5F3E04997A59D",
  "runtimes\\linux-arm64\\native\\libe_sqlite3.so": "F079E55E7F3F9966A4A2052A3234E068",
  "runtimes\\linux-armel\\native\\libe_sqlite3.so": "C5A67D49434FC65D64E9C15778078C76",
  "runtimes\\linux-mips64\\native\\libe_sqlite3.so": "5F8461214089CFC677D46C19B7162161",
  "runtimes\\linux-musl-x64\\native\\libe_sqlite3.so": "39C244FEDBCD3DFC37041D4FCE1AE21D",
  "runtimes\\linux-x64\\native\\libe_sqlite3.so": "6F49C540D3AB9964D67A4A704C3D262D",
  "runtimes\\linux-x64\\native\\libglfw.so.3": "9E3137144F68B9E9793F4C7AD5B1BEA7",
  "runtimes\\linux-x64\\native\\libSDL2-2.0.so": "99B95A708381FC66AB2370E45A260527",
  "runtimes\\linux-x64\\native\\libstbi.so": "0945355ED59677D06E3E88F48101BB26",
  "runtimes\\linux-x86\\native\\libe_sqlite3.so": "5E0659B414CBD6DDC38C65582485853E",
  "runtimes\\osx-x64\\native\\libe_sqlite3.dylib": "F82AE134FCD1C080A69D775591406673",
  "runtimes\\osx-x64\\native\\libglfw.3.dylib": "1E30FAB2F0C40E82290AD4B0BF14A880",
  "runtimes\\osx-x64\\native\\libSDL2-2.0.dylib": "AAC958490586C67395F0A90903AE3747",
  "runtimes\\osx-x64\\native\\libstbi.dylib": "0B84B0A6A80178266018081C3CAB68E6",
  "runtimes\\win-arm\\native\\e_sqlite3.dll": "2E773AE7583F6EBF5D3382EEC7B94F6D",
  "runtimes\\win-arm64\\native\\e_sqlite3.dll": "F5C446B3B435FD50D9C9373C75754A0F",
  "runtimes\\win-x64\\native\\cimgui.dll": "61E2D1F97674050AF13C8C22E1C8F530",
  "runtimes\\win-x64\\native\\cimguizmo.dll": "B4237A388DC510A6CDB928F15588575F",
  "runtimes\\win-x64\\native\\cimplot.dll": "76D48481EB9EDCA9686FBF907687D622",
  "runtimes\\win-x64\\native\\e_sqlite3.dll": "0CAC3E2C8C494ED0C1DBF655C3AC5017",
  "runtimes\\win-x64\\native\\glfw3.dll": "A7F73AC58366B1D7DD17AD6398B713BC",
  "runtimes\\win-x64\\native\\minhook.x64d.dll": "C6F364BD5F009956CF2210F36834EB6F",
  "runtimes\\win-x64\\native\\SDL2.dll": "7139501379CBF7D08B442DA78E447C57",
  "runtimes\\win-x64\\native\\stbi.dll": "A0F8580E66D3E491970025C2941E5013",
  "runtimes\\win-x64\\native\\stbi.lib": "927C214DE576219E1F80DBE7798A0502",
  "runtimes\\win-x86\\native\\e_sqlite3.dll": "F838B86ABC1323DF56672144D0E1EFF8",
  "runtimes\\win-x86\\native\\glfw3.dll": "A49031B41415E6EE10AEDD4F11AA81F0",
  "runtimes\\win-x86\\native\\SDL2.dll": "67A03CAE69CB163A4D4DE03C074EC475",
  "targets\\Dalamud.Plugin.Bootstrap.targets": "C85635161398CD9852CF7212DB7EB904",
  "targets\\Dalamud.Plugin.targets": "E2AA900DB1F6596D1C203D4112A10F5E",
  "CheapLoc.dll": "11B09016B3C3D9ABF52B19DA4B1918EF",
  "Costura.dll": "DCBFEEE15BB5CB8B2C9A0B3767E55389",
  "Dalamud.Boot.dll": "9E02326363861CC4F533060E38428787",
  "Dalamud.Common.dll": "14605663C72CBC93FBF4E3BF241D42D7",
  "Dalamud.deps.json": "4372DEA72F66DC98C8D2CC4A9661A317",
  "Dalamud.dll": "806B52B0224AA75EAFBAB2EBB7FE18C2",
  "Dalamud.Injector.deps.json": "C1FA0941DC8B38E415776C60C508AAB9",
  "Dalamud.Injector.dll": "44A311101B7F34243616FBC77DF8B084",
  "Dalamud.Injector.exe": "90A7202F571735AD17B9D84FFA8C46E9",
  "Dalamud.Injector.runtimeconfig.json": "B9BB65FFE7924D4D8BABE9FA66303200",
  "Dalamud.Injector.xml": "D41E5DF541D19A015215E777D7395C9C",
  "Dalamud.runtimeconfig.json": "2A9CD915428BDD175E0889BD0C225F75",
  "Dalamud.xml": "360B990E413496F9550EC7BDAA6A8C55",
  "DalamudCrashHandler.exe": "EB3DF6EAED11E252CD65E2AF89468B37",
  "FASM-LICENSE.TXT": "ECEA1D10811221D5F0A3E96F9C38E2C7",
  "FASM.DLL": "A7A18622C7EE711EEEA68A2F01E50F7F",
  "FASMX64.DLL": "0189CD68210AC9335F9E3D0C4D332178",
  "FFXIVClientStructs.dll": "F056A6C18D74BA1CFDEE03E213C1B12F",
  "FFXIVClientStructs.xml": "9F5B58E540D9CB85ACA5DF7C454064FA",
  "goaaats.Reloaded.Assembler.targets": "CC22CB0A353E2136EE9E6E96DB9F7164",
  "Iced.dll": "987B86F3C1D7885994D76C3FF42B3CC5",
  "ImGui.NET.dll": "1CEEFFC5C3D4481C976467F0A1E4E55B",
  "ImGuiScene.dll": "5CD0CA074FA901B1DE5242743BA08AD4",
  "JetBrains.Annotations.dll": "F6B2110C6D4D13B9BE995DB919A910CD",
  "licenses.txt": "A159BE62AA91178EFC3E3983AE874D1D",
  "Lumina.dll": "814BF31ECD3B8E630B70399F75172B25",
  "Lumina.Excel.dll": "5BE671762B2990F9A094ABD2C47BA7D2",
  "Microsoft.Bcl.HashCode.dll": "613AB56061ADF2284E047025207467E0",
  "Microsoft.DotNet.PlatformAbstractions.dll": "00AB0F02B1114C57C758F5AD595224F1",
  "Microsoft.Extensions.DependencyModel.dll": "F39BC76C10CFEA478C936FC4521A9FC9",
  "Microsoft.Extensions.ObjectPool.dll": "FEE3CE8A84417360CC5ED787ED6F7DB1",
  "MinSharp.dll": "81AA9045C911CD478C16AD17FDB69778",
  "Mono.Cecil.dll": "C60C4637A1CCB712692A7B0566170294",
  "Mono.Cecil.Mdb.dll": "0430C3E17C87A03997B9CA1B3FD7C696",
  "Mono.Cecil.Pdb.dll": "1513BF1492FA4A5D26F5E91C731BC1D5",
  "Mono.Cecil.Rocks.dll": "CBD9A00796D50B2B7E1195FBA05858E3",
  "nethost.dll": "012081214FE71F0F6ADCD9F4A71B2B00",
  "Newtonsoft.Json.dll": "86A83A63F12B55FD3718CFBFB577D7DC",
  "PeNet.Asn1.dll": "18F79A680F4D5912DB76E28BE7DA1D48",
  "PeNet.dll": "7253F2941162E8F3508D34008BC99CEC",
  "PInvoke.AdvApi32.dll": "34EE461D05B403C3A15D0DEC32A3788C",
  "PInvoke.BCrypt.dll": "FD07758EE1440491F22923084109FF26",
  "PInvoke.Cabinet.dll": "333D950E3804735DA60CC41D614C63E2",
  "PInvoke.CfgMgr32.dll": "768BE7CC18EDCF78B296A72ABE891691",
  "PInvoke.Crypt32.dll": "E7B00B0851738F4A7F2C6D37DAA973B4",
  "PInvoke.DbgHelp.dll": "E701136169620D20E3A70B560DE20E44",
  "PInvoke.DwmApi.dll": "ACF223CC8962404056648815B486F7D9",
  "PInvoke.Gdi32.dll": "69FF434826F98582CE44D3136ECFFACB",
  "PInvoke.Hid.dll": "2E7A41257F8AD9B26073181F450CD8E5",
  "PInvoke.ImageHlp.dll": "79BE816E8D86EA66489D7780DD675D49",
  "PInvoke.IPHlpApi.dll": "E949FA3326D1BA8872B179AB4EE49D38",
  "PInvoke.Kernel32.dll": "234E15B122ED430DE99490CA1A204958",
  "PInvoke.Magnification.dll": "C9EA3D34F506741ECC044DB19C151F09",
  "PInvoke.Msi.dll": "69EE50CE2DA6B55755E52589F49A7EBC",
  "PInvoke.NCrypt.dll": "DA1DE76C14D99370CA3BEF19DC299B15",
  "PInvoke.NetApi32.dll": "AE79F9FA2E3864A5E0642AE4622ECDC5",
  "PInvoke.NewDev.dll": "B3E1992105D986EF9C5C8E4B630FBB07",
  "PInvoke.NTDll.dll": "3F6BDF840EB27DD0FD9EB8071822183A",
  "PInvoke.Ole32.dll": "3C49FB100B60519FFE725BCD12A538F6",
  "PInvoke.Psapi.dll": "A7683EE4B880227F01C8AE632A892B9E",
  "PInvoke.SetupApi.dll": "1B7AE321185D0081D1759A9AD829F9BA",
  "PInvoke.SHCore.dll": "F27E7F063D51480F6D2294C903E4A606",
  "PInvoke.Shell32.dll": "F71A1BCAF6478190691170DAEA77722F",
  "PInvoke.User32.dll": "8BEDE38311ED4F27127290B81B8079FD",
  "PInvoke.Userenv.dll": "FEB7BCA90B8C905EC2F4BB0789847131",
  "PInvoke.UxTheme.dll": "8E683C016250CB719FDB9AAAFC22B3C5",
  "PInvoke.Windows.Core.dll": "90015440A44935208FFEA9BF61740651",
  "PInvoke.Windows.ShellScalingApi.dll": "F351B34B8C9183A51CADFDC279357C49",
  "PInvoke.WinUsb.dll": "9EB8A0280F2848D1A32B560A939F7336",
  "PInvoke.WtsApi32.dll": "341C94455D2E5893DBE4293D4D67AA4D",
  "Reloaded.Assembler.dll": "F77EEF0028D39A338C5691CEC28B2432",
  "Reloaded.Hooks.Definitions.dll": "B811BA27424AB3592E43CE1CEE939A4D",
  "Reloaded.Hooks.dll": "E2BEC47F03AE9082CC1F4BEABFFD239F",
  "Reloaded.Memory.Buffers.dll": "CF40F35A63A97A957AB6AE4873EE2096",
  "Reloaded.Memory.dll": "FE825E9BB8DD2F0A873B6AD607AB98BA",
  "revision.txt": "3C565485BBD2C54BB0EBE05C7EC741FC",
  "SDL2-CS.config": "65557595FD5DF55D93B2BF881DE62C3A",
  "SDL2-CS.dll": "8D70BC88FFCC5278C6C47A4C98646B6A",
  "Serilog.dll": "4B433D71A2560936650CEDC3679A03A9",
  "Serilog.Sinks.Async.dll": "EF6BCCB496AC03BB51D7725FCFD39F70",
  "Serilog.Sinks.Console.dll": "9F430D22A31CB25B0595F5188D215170",
  "Serilog.Sinks.File.dll": "2D84653313DBB46574FDD3527B8797B7",
  "SharpDX.Direct3D11.dll": "8D8794F8BD189E84F98441F275AD00C7",
  "SharpDX.dll": "FC997655845968069F5C8DC267C4B6CB",
  "SharpDX.DXGI.dll": "9BB5AB9D9E5680095F49ECADDBE93BAC",
  "SharpDX.Mathematics.dll": "6B16C8FFD57CD6DF556E72825020CE43",
  "Silk.NET.Core.dll": "5CB07865E3CFEB4ACA704A127425319E",
  "Silk.NET.GLFW.dll": "1FB92350F15A919B5A79A831AB677612",
  "Silk.NET.Maths.dll": "10E1F95C6148481BFDE633E292EAC5FF",
  "Silk.NET.OpenGL.dll": "74B6A0E3092C687F5827DDBE043A644B",
  "Silk.NET.SDL.dll": "7F0BE01EAF852D950F9259DB22186DE6",
  "Silk.NET.Windowing.Common.dll": "9456E7D47C5DB8FCC8086090BBE65C89",
  "Silk.NET.Windowing.Glfw.dll": "9596E298917F88FB0D6F98648ED7247C",
  "Silk.NET.Windowing.Sdl.dll": "D2B3B46ECCD3570398F87F0F092FCAEF",
  "SQLite-net.dll": "68FF4B70166B62783F9C2EC329215EDE",
  "SQLitePCLRaw.batteries_v2.dll": "B94F5CD6838861AD61913B71DB9F17EF",
  "SQLitePCLRaw.core.dll": "0A4F547A145EA75DABB816E794EA21FB",
  "SQLitePCLRaw.nativelibrary.dll": "4DF25A78550D9C3E300FEECEDB0C77AC",
  "SQLitePCLRaw.provider.dynamic_cdecl.dll": "D821CE05FBF69B9C9381D34F690C28CD",
  "StbiSharp.dll": "AD5E20568DDFDB9E14CB838A3976B34A",
  "System.Reactive.dll": "EF5A00287AD15393D41B12AA4B726FF7",
  "System.Reflection.MetadataLoadContext.dll": "7EC41D41F4E1246757BA3E2EC862D562",
  "System.Security.Cryptography.Pkcs.dll": "8950E01996A37E808BE3F39063C37BF9",
  "TEMP_gitver.txt": "A607B04AE33F42E492143FCF52493DE7",
  "TerraFX.Interop.Windows.dll": "84F7EF6B0DE91F8CC23F773D3FD6DEC0",
  "Validation.dll": "652B73801EC21BE948B9AD5E9E89B794"
}
