{
  "runtimes\\alpine-x64\\native\\libe_sqlite3.so": "39C244FEDBCD3DFC37041D4FCE1AE21D",
  "runtimes\\linux-arm\\native\\libe_sqlite3.so": "96CF54BC0EFB83D6E3F5F3E04997A59D",
  "runtimes\\linux-arm64\\native\\libe_sqlite3.so": "F079E55E7F3F9966A4A2052A3234E068",
  "runtimes\\linux-armel\\native\\libe_sqlite3.so": "C5A67D49434FC65D64E9C15778078C76",
  "runtimes\\linux-mips64\\native\\libe_sqlite3.so": "5F8461214089CFC677D46C19B7162161",
  "runtimes\\linux-musl-x64\\native\\libe_sqlite3.so": "39C244FEDBCD3DFC37041D4FCE1AE21D",
  "runtimes\\linux-x64\\native\\libe_sqlite3.so": "6F49C540D3AB9964D67A4A704C3D262D",
  "runtimes\\linux-x64\\native\\libglfw.so.3": "9E3137144F68B9E9793F4C7AD5B1BEA7",
  "runtimes\\linux-x64\\native\\libSDL2-2.0.so": "99B95A708381FC66AB2370E45A260527",
  "runtimes\\linux-x64\\native\\libstbi.so": "0945355ED59677D06E3E88F48101BB26",
  "runtimes\\linux-x86\\native\\libe_sqlite3.so": "5E0659B414CBD6DDC38C65582485853E",
  "runtimes\\osx-x64\\native\\libe_sqlite3.dylib": "F82AE134FCD1C080A69D775591406673",
  "runtimes\\osx-x64\\native\\libglfw.3.dylib": "1E30FAB2F0C40E82290AD4B0BF14A880",
  "runtimes\\osx-x64\\native\\libSDL2-2.0.dylib": "AAC958490586C67395F0A90903AE3747",
  "runtimes\\osx-x64\\native\\libstbi.dylib": "0B84B0A6A80178266018081C3CAB68E6",
  "runtimes\\win-arm\\native\\e_sqlite3.dll": "7E851512173FF405972A89C5FA7E6334",
  "runtimes\\win-arm64\\native\\e_sqlite3.dll": "717ACA66E5F6F8E1E9D8B91A11554D93",
  "runtimes\\win-x64\\native\\cimgui.dll": "0B6B42FDEE6E14B48133A3251AB0A384",
  "runtimes\\win-x64\\native\\cimguizmo.dll": "C0AE802030F444DA5A1C0410BBC6DCEC",
  "runtimes\\win-x64\\native\\cimplot.dll": "8EA72DB9C2FDF90AFD510C6FB4E7B512",
  "runtimes\\win-x64\\native\\e_sqlite3.dll": "B84732B1A594C3D88165CEEBADAB5535",
  "runtimes\\win-x64\\native\\glfw3.dll": "F172304197202912D71F01269D9B9ED4",
  "runtimes\\win-x64\\native\\minhook.x64d.dll": "91B8E5175FBD2921482C05CE24B6BEE3",
  "runtimes\\win-x64\\native\\SDL2.dll": "9D56338E0ACBF5B88A671AB3EF852349",
  "runtimes\\win-x64\\native\\stbi.dll": "1F1B72E3ED2FD1EDCDABBC40F0BB44F8",
  "runtimes\\win-x64\\native\\stbi.lib": "927C214DE576219E1F80DBE7798A0502",
  "runtimes\\win-x86\\native\\e_sqlite3.dll": "0C04D95E7C86C97375747ECA34D23C49",
  "runtimes\\win-x86\\native\\glfw3.dll": "06E3ECD63E462836E84778FEFEBD565D",
  "runtimes\\win-x86\\native\\SDL2.dll": "6F9DC676B3CC7E73872FCE826DC9FF47",
  "targets\\Dalamud.Plugin.Bootstrap.targets": "C85635161398CD9852CF7212DB7EB904",
  "targets\\Dalamud.Plugin.targets": "11001C983157350F50D99F1A827999B5",
  "CheapLoc.dll": "40CC7AA24CCB4B1BCBECF6A294803CB4",
  "Costura.dll": "CF90D129C527749E394DF72AE95487A8",
  "Dalamud.Boot.dll": "0E507E2DBBE397134761B9BEE08122D4",
  "Dalamud.Common.dll": "249A8A283858617F9D5DE506E10E0D6C",
  "Dalamud.deps.json": "731AF9806AED159A5866A1B667F36484",
  "Dalamud.dll": "A47BFB7F0B5960D92884BFE4D42CE571",
  "Dalamud.Injector.deps.json": "4E53ABE9A5D3E4592DA63EBF98DAAD86",
  "Dalamud.Injector.dll": "96B3A695436E42697DA444B877DA180B",
  "Dalamud.Injector.exe": "14D1E6379B57AA0682F3E14DB53D06FD",
  "Dalamud.Injector.runtimeconfig.json": "AAAFA957BB3B382321D67ACC2D792553",
  "Dalamud.Injector.xml": "6CFC451561E67CE7788814C5B327D7EC",
  "Dalamud.runtimeconfig.json": "15719C111D02D5BD45F37285FC8B6040",
  "Dalamud.xml": "C638C75655481F8737BE1714C5906FB3",
  "DalamudCrashHandler.exe": "A570F0A612AF80F8ECDE978CAAEDE52F",
  "FASM-LICENSE.TXT": "ECEA1D10811221D5F0A3E96F9C38E2C7",
  "FASM.DLL": "B6981572D5A2A5589F094E77D09D6F3C",
  "FASMX64.DLL": "9F061BEFC633B90A12B11F3FEAA62B9F",
  "FFXIVClientStructs.dll": "6877BDCDBC9648B98ADCCFCA61464698",
  "FFXIVClientStructs.xml": "FF63A40F8E684B6A2D356D3A4B88869A",
  "goaaats.Reloaded.Assembler.targets": "CC22CB0A353E2136EE9E6E96DB9F7164",
  "Iced.dll": "E352FDB0EA16BCFE7FC55DCC8ED6AA23",
  "ImGui.NET.dll": "F196FCA18287745C8AA4CF2B0CBAE1DD",
  "ImGuiScene.dll": "9357A39DDBBDE7C62E3924B66D033DF5",
  "JetBrains.Annotations.dll": "CD98FD0007E822CA709B5CB304164C19",
  "licenses.txt": "A159BE62AA91178EFC3E3983AE874D1D",
  "Lumina.dll": "3F4E92DA54714556452E990C8B01299F",
  "Lumina.Excel.dll": "24E5F4C53EF3B76CC19566E21983ADAA",
  "Microsoft.Bcl.HashCode.dll": "613AB56061ADF2284E047025207467E0",
  "Microsoft.DotNet.PlatformAbstractions.dll": "00AB0F02B1114C57C758F5AD595224F1",
  "Microsoft.Extensions.DependencyModel.dll": "F39BC76C10CFEA478C936FC4521A9FC9",
  "MinSharp.dll": "C543DA9C98D6812304D0F1719B2D0B56",
  "Mono.Cecil.dll": "1F2967C0CFB908240509C7544B76F25B",
  "Mono.Cecil.Mdb.dll": "9CE34BBC6755BE004D20487BB5AC023C",
  "Mono.Cecil.Pdb.dll": "F941343A5900BD57F5F561D1FA1BAA29",
  "Mono.Cecil.Rocks.dll": "0F7F7934F1D7681296D6A26E2BF338A9",
  "MonoMod.Backports.dll": "1F85DB0042FF6984FF0DF50E67123AFB",
  "MonoMod.Core.dll": "19D8FA54D42618485ED2F62773D03805",
  "MonoMod.Iced.dll": "00258AF7A0464C7704EF20EE302B6049",
  "MonoMod.ILHelpers.dll": "EE19627DB1754298E2F71A7C0A2ECE4E",
  "MonoMod.RuntimeDetour.dll": "EA9B010B1336F882D334E85D9C05DC6D",
  "MonoMod.Utils.dll": "BFA389498C6FBBF67A1EDA1B452EC3EF",
  "nethost.dll": "012081214FE71F0F6ADCD9F4A71B2B00",
  "Newtonsoft.Json.dll": "86A83A63F12B55FD3718CFBFB577D7DC",
  "PeNet.Asn1.dll": "8066EF85D79E5247E43ED5C6FC297B47",
  "PeNet.dll": "3240C38EA482C41FFA65A2A71140B77D",
  "PInvoke.AdvApi32.dll": "34EE461D05B403C3A15D0DEC32A3788C",
  "PInvoke.BCrypt.dll": "FD07758EE1440491F22923084109FF26",
  "PInvoke.Cabinet.dll": "333D950E3804735DA60CC41D614C63E2",
  "PInvoke.CfgMgr32.dll": "768BE7CC18EDCF78B296A72ABE891691",
  "PInvoke.Crypt32.dll": "E7B00B0851738F4A7F2C6D37DAA973B4",
  "PInvoke.DbgHelp.dll": "E701136169620D20E3A70B560DE20E44",
  "PInvoke.DwmApi.dll": "ACF223CC8962404056648815B486F7D9",
  "PInvoke.Gdi32.dll": "69FF434826F98582CE44D3136ECFFACB",
  "PInvoke.Hid.dll": "2E7A41257F8AD9B26073181F450CD8E5",
  "PInvoke.ImageHlp.dll": "79BE816E8D86EA66489D7780DD675D49",
  "PInvoke.IPHlpApi.dll": "E949FA3326D1BA8872B179AB4EE49D38",
  "PInvoke.Kernel32.dll": "234E15B122ED430DE99490CA1A204958",
  "PInvoke.Magnification.dll": "C9EA3D34F506741ECC044DB19C151F09",
  "PInvoke.Msi.dll": "69EE50CE2DA6B55755E52589F49A7EBC",
  "PInvoke.NCrypt.dll": "DA1DE76C14D99370CA3BEF19DC299B15",
  "PInvoke.NetApi32.dll": "AE79F9FA2E3864A5E0642AE4622ECDC5",
  "PInvoke.NewDev.dll": "B3E1992105D986EF9C5C8E4B630FBB07",
  "PInvoke.NTDll.dll": "3F6BDF840EB27DD0FD9EB8071822183A",
  "PInvoke.Ole32.dll": "3C49FB100B60519FFE725BCD12A538F6",
  "PInvoke.Psapi.dll": "A7683EE4B880227F01C8AE632A892B9E",
  "PInvoke.SetupApi.dll": "1B7AE321185D0081D1759A9AD829F9BA",
  "PInvoke.SHCore.dll": "F27E7F063D51480F6D2294C903E4A606",
  "PInvoke.Shell32.dll": "F71A1BCAF6478190691170DAEA77722F",
  "PInvoke.User32.dll": "8BEDE38311ED4F27127290B81B8079FD",
  "PInvoke.Userenv.dll": "FEB7BCA90B8C905EC2F4BB0789847131",
  "PInvoke.UxTheme.dll": "8E683C016250CB719FDB9AAAFC22B3C5",
  "PInvoke.Windows.Core.dll": "90015440A44935208FFEA9BF61740651",
  "PInvoke.Windows.ShellScalingApi.dll": "F351B34B8C9183A51CADFDC279357C49",
  "PInvoke.WinUsb.dll": "9EB8A0280F2848D1A32B560A939F7336",
  "PInvoke.WtsApi32.dll": "341C94455D2E5893DBE4293D4D67AA4D",
  "Reloaded.Assembler.dll": "FA989B0917380D0F88D2272FA3DE6B39",
  "Reloaded.Hooks.Definitions.dll": "590763E499F6DB88B161CCEAD8629C00",
  "Reloaded.Hooks.dll": "982056266B5C20AA37770B179B580CA1",
  "Reloaded.Memory.Buffers.dll": "B21DB914303BA3E90A48E7C5338C074E",
  "Reloaded.Memory.dll": "ECB6A1E3AA34EE1EE353925310A1989B",
  "revision.txt": "3EB2F1A06667BFB9DABA7F7EFFA0284B",
  "SDL2-CS.config": "65557595FD5DF55D93B2BF881DE62C3A",
  "SDL2-CS.dll": "370A8115B6BA99262F47941C39C92214",
  "Serilog.dll": "72E96611D2EEB06D5DD52434FF3F51D6",
  "Serilog.Sinks.Async.dll": "AD470F90BA284D1245E827C7F5496261",
  "Serilog.Sinks.Console.dll": "B92F5A67096DA2CE955A89F1AEBE79E2",
  "Serilog.Sinks.File.dll": "C0332D4E5657055013C15145975FE936",
  "SharpDX.Direct3D11.dll": "B810827CE213D24E6476130D445CB0B3",
  "SharpDX.dll": "262C2E47CDB529CC1ABD5A443AFC24AF",
  "SharpDX.DXGI.dll": "C785051AABB28886A846CBE91844B1EF",
  "SharpDX.Mathematics.dll": "CBB9EDDCEDCF3C990C2E91E9404E3D2E",
  "Silk.NET.Core.dll": "04B669B77D7445DDF606850671775B0E",
  "Silk.NET.GLFW.dll": "237484076620A3AC23F899E84024E035",
  "Silk.NET.Maths.dll": "3A5D364FCD995EDC3352BC439C7E2C5B",
  "Silk.NET.OpenGL.dll": "A31BFDC5E9BC3D5A68E3D2ADF018F8F1",
  "Silk.NET.SDL.dll": "7A1402B3040EE4399AC1BE06B1698F93",
  "Silk.NET.Windowing.Common.dll": "9DC78388DB3F95A83692C4FC81B6A6BF",
  "Silk.NET.Windowing.Glfw.dll": "749BC63CE93C065DE3852D8AEAF45705",
  "Silk.NET.Windowing.Sdl.dll": "548141D4657BA082DAC26F1B8A9DC6EB",
  "SQLite-net.dll": "9E3AB28CFA5FA9D7181803C1D4572E53",
  "SQLitePCLRaw.batteries_v2.dll": "A5830E0F3676F630D854E24E51ED343B",
  "SQLitePCLRaw.core.dll": "DBF286B43FB8FA1556101217E940A1C1",
  "SQLitePCLRaw.nativelibrary.dll": "A928F964B4232D85D747E14362409556",
  "SQLitePCLRaw.provider.dynamic_cdecl.dll": "970FB5032F5D96888B40A591355880B6",
  "StbiSharp.dll": "1B995FCCEAC3A38036B254500D09D8B4",
  "System.Reactive.dll": "EF5A00287AD15393D41B12AA4B726FF7",
  "System.Reflection.MetadataLoadContext.dll": "7EC41D41F4E1246757BA3E2EC862D562",
  "System.Security.Cryptography.Pkcs.dll": "8950E01996A37E808BE3F39063C37BF9",
  "TEMP_gitver.txt": "468DBDAE1D374A801C24ADF2BDC0084A",
  "TerraFX.Interop.Windows.dll": "84F7EF6B0DE91F8CC23F773D3FD6DEC0",
  "Validation.dll": "30DAB56E099914C1901DFA9D683ADFD1"
}
