{
  "runtimes\\alpine-x64\\native\\libe_sqlite3.so": "39C244FEDBCD3DFC37041D4FCE1AE21D",
  "runtimes\\linux-arm\\native\\libe_sqlite3.so": "96CF54BC0EFB83D6E3F5F3E04997A59D",
  "runtimes\\linux-arm64\\native\\libe_sqlite3.so": "F079E55E7F3F9966A4A2052A3234E068",
  "runtimes\\linux-armel\\native\\libe_sqlite3.so": "C5A67D49434FC65D64E9C15778078C76",
  "runtimes\\linux-mips64\\native\\libe_sqlite3.so": "5F8461214089CFC677D46C19B7162161",
  "runtimes\\linux-musl-x64\\native\\libe_sqlite3.so": "39C244FEDBCD3DFC37041D4FCE1AE21D",
  "runtimes\\linux-x64\\native\\libe_sqlite3.so": "6F49C540D3AB9964D67A4A704C3D262D",
  "runtimes\\linux-x64\\native\\libglfw.so.3": "9E3137144F68B9E9793F4C7AD5B1BEA7",
  "runtimes\\linux-x64\\native\\libSDL2-2.0.so": "99B95A708381FC66AB2370E45A260527",
  "runtimes\\linux-x64\\native\\libstbi.so": "0945355ED59677D06E3E88F48101BB26",
  "runtimes\\linux-x86\\native\\libe_sqlite3.so": "5E0659B414CBD6DDC38C65582485853E",
  "runtimes\\osx-x64\\native\\libe_sqlite3.dylib": "F82AE134FCD1C080A69D775591406673",
  "runtimes\\osx-x64\\native\\libglfw.3.dylib": "1E30FAB2F0C40E82290AD4B0BF14A880",
  "runtimes\\osx-x64\\native\\libSDL2-2.0.dylib": "AAC958490586C67395F0A90903AE3747",
  "runtimes\\osx-x64\\native\\libstbi.dylib": "0B84B0A6A80178266018081C3CAB68E6",
  "runtimes\\win-arm\\native\\e_sqlite3.dll": "05F37267D153A38EBB7A8D42467272D5",
  "runtimes\\win-arm64\\native\\e_sqlite3.dll": "1D1A34CF45DE55E25558AB5F15E32681",
  "runtimes\\win-x64\\native\\cimgui.dll": "C24B28261EF2FCA3D33CF15CCE175C69",
  "runtimes\\win-x64\\native\\cimguizmo.dll": "C40E27D6E00C01A8AE0B84BCA30C4236",
  "runtimes\\win-x64\\native\\cimplot.dll": "DE442BAD272F391D67006D91EF6CFD18",
  "runtimes\\win-x64\\native\\e_sqlite3.dll": "C7E6B39106FF0B6B939A64FD25A24632",
  "runtimes\\win-x64\\native\\glfw3.dll": "3FFD28924F06617362F72A444044611B",
  "runtimes\\win-x64\\native\\minhook.x64d.dll": "D884429125A15C4D0D99202BC7817764",
  "runtimes\\win-x64\\native\\SDL2.dll": "3D7C44C2E608D015D8426C95311C937B",
  "runtimes\\win-x64\\native\\stbi.dll": "A26C46B2CF57F3318B1075ED7018EC83",
  "runtimes\\win-x64\\native\\stbi.lib": "927C214DE576219E1F80DBE7798A0502",
  "runtimes\\win-x86\\native\\e_sqlite3.dll": "331B13A450F654848B33AE2E87ABB162",
  "runtimes\\win-x86\\native\\glfw3.dll": "E2278108C301D730B620C27B1074220F",
  "runtimes\\win-x86\\native\\SDL2.dll": "A3464825C36E5F0147061456826DA805",
  "targets\\Dalamud.Plugin.Bootstrap.targets": "C85635161398CD9852CF7212DB7EB904",
  "targets\\Dalamud.Plugin.targets": "11001C983157350F50D99F1A827999B5",
  "CheapLoc.dll": "F83B6E093A567156D58FF4846B92637E",
  "Costura.dll": "23BF15605860DF81F9473A861B6136D6",
  "Dalamud.Boot.dll": "87290DCBC850553522C9D0C447C854A1",
  "Dalamud.Common.dll": "9322F53E86A77E8F005A555F48EDA800",
  "Dalamud.deps.json": "B60F9E9F0E7466C10D510C13306172D5",
  "Dalamud.dll": "F86B756E183670279190F6362A338683",
  "Dalamud.Injector.deps.json": "4E53ABE9A5D3E4592DA63EBF98DAAD86",
  "Dalamud.Injector.dll": "FFD9865A795CEC410C031AE2F8DFD822",
  "Dalamud.Injector.exe": "D4E891418E83534FF43FD90EC235FD0C",
  "Dalamud.Injector.runtimeconfig.json": "AAAFA957BB3B382321D67ACC2D792553",
  "Dalamud.Injector.xml": "6CFC451561E67CE7788814C5B327D7EC",
  "Dalamud.runtimeconfig.json": "15719C111D02D5BD45F37285FC8B6040",
  "Dalamud.xml": "DDD2ADF1EFFE59757229183C069F06D0",
  "DalamudCrashHandler.exe": "4A80510E08CC65E3BE3B930591D853FD",
  "FASM-LICENSE.TXT": "ECEA1D10811221D5F0A3E96F9C38E2C7",
  "FASM.DLL": "23A4B18AFE4412FB98DEC1EE2BC58DE7",
  "FASMX64.DLL": "F66FA1AC28B9B044F10E4F7915D63313",
  "FFXIVClientStructs.dll": "1DBDF4BDF7776EA5605026CF01797215",
  "FFXIVClientStructs.xml": "C4370DE4F7B68B9A1C4B2A3459C6D669",
  "goaaats.Reloaded.Assembler.targets": "CC22CB0A353E2136EE9E6E96DB9F7164",
  "Iced.dll": "421B8C4E70AA25EA3428F88DBEDC917D",
  "ImGui.NET.dll": "51ED5BFA1A0CF72034D083BAF5C68F21",
  "ImGuiScene.dll": "8A6660C75474FC7CEC63597BDF7BBFAC",
  "JetBrains.Annotations.dll": "9419925C747259F798C84F11E7583BF8",
  "licenses.txt": "A159BE62AA91178EFC3E3983AE874D1D",
  "Lumina.dll": "0EC929185F1BA801786A7BB6A08DDA9B",
  "Lumina.Excel.dll": "4420CDDE74EC1FCB819662449992E7DE",
  "Microsoft.Bcl.HashCode.dll": "613AB56061ADF2284E047025207467E0",
  "Microsoft.DotNet.PlatformAbstractions.dll": "00AB0F02B1114C57C758F5AD595224F1",
  "Microsoft.Extensions.DependencyModel.dll": "F39BC76C10CFEA478C936FC4521A9FC9",
  "Microsoft.Extensions.ObjectPool.dll": "91B40FCF7D5A05DF428016DDFD05BABB",
  "MinSharp.dll": "33BD148CCF394DF9EBA4C912680CFAE7",
  "Mono.Cecil.dll": "15E76D411738BF700DEE7EBAB92E34BB",
  "Mono.Cecil.Mdb.dll": "16321A3135D7DFD00C04FA6A2A57157E",
  "Mono.Cecil.Pdb.dll": "434A603895C223088CF3072329AD1EA6",
  "Mono.Cecil.Rocks.dll": "AC7F0ED56230B23E3CCE230800842D8A",
  "MonoMod.Backports.dll": "1C5351F2B3ECB3366ED1A9B1EDCC2315",
  "MonoMod.Core.dll": "49471F1AD9375098E8CA205EA9295D17",
  "MonoMod.Iced.dll": "A3CA17C30A6139934F099E38A11B1C54",
  "MonoMod.ILHelpers.dll": "6B8296AA4DC2FE3462D859D267B7EADC",
  "MonoMod.RuntimeDetour.dll": "143112051F166405A8BE6B050ADD5FB0",
  "MonoMod.Utils.dll": "80CCE75A336723121EB799C9312412E9",
  "nethost.dll": "012081214FE71F0F6ADCD9F4A71B2B00",
  "Newtonsoft.Json.dll": "86A83A63F12B55FD3718CFBFB577D7DC",
  "PeNet.Asn1.dll": "90645E863F64D7B42016B1E84361D23E",
  "PeNet.dll": "DD1DBC57DDD1F2BABF4000DF304832EA",
  "PInvoke.AdvApi32.dll": "34EE461D05B403C3A15D0DEC32A3788C",
  "PInvoke.BCrypt.dll": "FD07758EE1440491F22923084109FF26",
  "PInvoke.Cabinet.dll": "333D950E3804735DA60CC41D614C63E2",
  "PInvoke.CfgMgr32.dll": "768BE7CC18EDCF78B296A72ABE891691",
  "PInvoke.Crypt32.dll": "E7B00B0851738F4A7F2C6D37DAA973B4",
  "PInvoke.DbgHelp.dll": "E701136169620D20E3A70B560DE20E44",
  "PInvoke.DwmApi.dll": "ACF223CC8962404056648815B486F7D9",
  "PInvoke.Gdi32.dll": "69FF434826F98582CE44D3136ECFFACB",
  "PInvoke.Hid.dll": "2E7A41257F8AD9B26073181F450CD8E5",
  "PInvoke.ImageHlp.dll": "79BE816E8D86EA66489D7780DD675D49",
  "PInvoke.IPHlpApi.dll": "E949FA3326D1BA8872B179AB4EE49D38",
  "PInvoke.Kernel32.dll": "234E15B122ED430DE99490CA1A204958",
  "PInvoke.Magnification.dll": "C9EA3D34F506741ECC044DB19C151F09",
  "PInvoke.Msi.dll": "69EE50CE2DA6B55755E52589F49A7EBC",
  "PInvoke.NCrypt.dll": "DA1DE76C14D99370CA3BEF19DC299B15",
  "PInvoke.NetApi32.dll": "AE79F9FA2E3864A5E0642AE4622ECDC5",
  "PInvoke.NewDev.dll": "B3E1992105D986EF9C5C8E4B630FBB07",
  "PInvoke.NTDll.dll": "3F6BDF840EB27DD0FD9EB8071822183A",
  "PInvoke.Ole32.dll": "3C49FB100B60519FFE725BCD12A538F6",
  "PInvoke.Psapi.dll": "A7683EE4B880227F01C8AE632A892B9E",
  "PInvoke.SetupApi.dll": "1B7AE321185D0081D1759A9AD829F9BA",
  "PInvoke.SHCore.dll": "F27E7F063D51480F6D2294C903E4A606",
  "PInvoke.Shell32.dll": "F71A1BCAF6478190691170DAEA77722F",
  "PInvoke.User32.dll": "8BEDE38311ED4F27127290B81B8079FD",
  "PInvoke.Userenv.dll": "FEB7BCA90B8C905EC2F4BB0789847131",
  "PInvoke.UxTheme.dll": "8E683C016250CB719FDB9AAAFC22B3C5",
  "PInvoke.Windows.Core.dll": "90015440A44935208FFEA9BF61740651",
  "PInvoke.Windows.ShellScalingApi.dll": "F351B34B8C9183A51CADFDC279357C49",
  "PInvoke.WinUsb.dll": "9EB8A0280F2848D1A32B560A939F7336",
  "PInvoke.WtsApi32.dll": "341C94455D2E5893DBE4293D4D67AA4D",
  "Reloaded.Assembler.dll": "5D50B7D45EF3686C14FBF9367495BBB1",
  "Reloaded.Hooks.Definitions.dll": "B88DB3CF63F015988116E83DE8BC6270",
  "Reloaded.Hooks.dll": "1E189FC807F6506470CE586FF081B478",
  "Reloaded.Memory.Buffers.dll": "715C3502A3953EA8118B7A7900EE9EEF",
  "Reloaded.Memory.dll": "FFCCDE07AFD83AFBA4B32E0448AC206B",
  "revision.txt": "33805671920F0D02E6D18F630985AACE",
  "SDL2-CS.config": "65557595FD5DF55D93B2BF881DE62C3A",
  "SDL2-CS.dll": "AC3B22CA92B52A5D94597ACAB8CFE6C7",
  "Serilog.dll": "6DAD0B404207D46368E0409D62C0FE9C",
  "Serilog.Sinks.Async.dll": "5E62C2ED8D29D99DFFDF1F279B79205C",
  "Serilog.Sinks.Console.dll": "D46746D0D0FB22B66577B9D30B23DDAB",
  "Serilog.Sinks.File.dll": "9C9E0D4569F1B4F3BFC78D500DB1C130",
  "SharpDX.Direct3D11.dll": "CCA281CDC4F720D3BC648DC2BE6FCC20",
  "SharpDX.dll": "EB47C03996225B60E4B44C3D84090CCF",
  "SharpDX.DXGI.dll": "294190B4EB0417A480C9BFD2B961C0E4",
  "SharpDX.Mathematics.dll": "17BD51A121BBE49F03FBFFB39F66C788",
  "Silk.NET.Core.dll": "9310294C1AD73D2C56E95416C5780592",
  "Silk.NET.GLFW.dll": "2CCBD7DB362FAABB54E0EB348A08FDEE",
  "Silk.NET.Maths.dll": "3EE5E521675D7E83B515079404EC58AF",
  "Silk.NET.OpenGL.dll": "6C47751280FA01143CC93E27F005590E",
  "Silk.NET.SDL.dll": "E572641C89F38FA63C482D002A79EC1E",
  "Silk.NET.Windowing.Common.dll": "C6492BFE5638B75CF913B69F379FFABB",
  "Silk.NET.Windowing.Glfw.dll": "26844EF3DB510943DA6E56AC7FD34D37",
  "Silk.NET.Windowing.Sdl.dll": "BAF4BED48127D721857BFD1147647875",
  "SQLite-net.dll": "6E5CABF6568523286370857BC1641555",
  "SQLitePCLRaw.batteries_v2.dll": "301AE8732C5AB3825D4FCAD34BA26FD0",
  "SQLitePCLRaw.core.dll": "7C4A6A6E3FAE93D9CFE5FAE99E0F97CA",
  "SQLitePCLRaw.nativelibrary.dll": "95F4C601254672A6BC99D42417D97861",
  "SQLitePCLRaw.provider.dynamic_cdecl.dll": "94FDEDE43C9E161DF55AFF3154ABEF69",
  "StbiSharp.dll": "83269C92B4FE2BF98CA63995845F278D",
  "System.Reactive.dll": "EF5A00287AD15393D41B12AA4B726FF7",
  "System.Reflection.MetadataLoadContext.dll": "7EC41D41F4E1246757BA3E2EC862D562",
  "System.Security.Cryptography.Pkcs.dll": "8950E01996A37E808BE3F39063C37BF9",
  "TEMP_gitver.txt": "F7F0937D08316693CE858A0FA6681FDA",
  "TerraFX.Interop.Windows.dll": "84F7EF6B0DE91F8CC23F773D3FD6DEC0",
  "Validation.dll": "384876B9FAB58E50DB3B761F255E5AC7"
}
