{
  "runtimes\\alpine-x64\\native\\libe_sqlite3.so": "39C244FEDBCD3DFC37041D4FCE1AE21D",
  "runtimes\\linux-arm\\native\\libe_sqlite3.so": "96CF54BC0EFB83D6E3F5F3E04997A59D",
  "runtimes\\linux-arm64\\native\\libe_sqlite3.so": "F079E55E7F3F9966A4A2052A3234E068",
  "runtimes\\linux-armel\\native\\libe_sqlite3.so": "C5A67D49434FC65D64E9C15778078C76",
  "runtimes\\linux-mips64\\native\\libe_sqlite3.so": "5F8461214089CFC677D46C19B7162161",
  "runtimes\\linux-musl-x64\\native\\libe_sqlite3.so": "39C244FEDBCD3DFC37041D4FCE1AE21D",
  "runtimes\\linux-x64\\native\\libe_sqlite3.so": "6F49C540D3AB9964D67A4A704C3D262D",
  "runtimes\\linux-x64\\native\\libglfw.so.3": "9E3137144F68B9E9793F4C7AD5B1BEA7",
  "runtimes\\linux-x64\\native\\libSDL2-2.0.so": "99B95A708381FC66AB2370E45A260527",
  "runtimes\\linux-x64\\native\\libstbi.so": "0945355ED59677D06E3E88F48101BB26",
  "runtimes\\linux-x86\\native\\libe_sqlite3.so": "5E0659B414CBD6DDC38C65582485853E",
  "runtimes\\osx-x64\\native\\libe_sqlite3.dylib": "F82AE134FCD1C080A69D775591406673",
  "runtimes\\osx-x64\\native\\libglfw.3.dylib": "1E30FAB2F0C40E82290AD4B0BF14A880",
  "runtimes\\osx-x64\\native\\libSDL2-2.0.dylib": "AAC958490586C67395F0A90903AE3747",
  "runtimes\\osx-x64\\native\\libstbi.dylib": "0B84B0A6A80178266018081C3CAB68E6",
  "runtimes\\win-arm\\native\\e_sqlite3.dll": "82D44F587D949CB09BC081B61E064F37",
  "runtimes\\win-arm64\\native\\e_sqlite3.dll": "5299397ED1304883D5FB291F11ACC699",
  "runtimes\\win-x64\\native\\cimgui.dll": "47BB6BCB78CCCAC120827E7C8C76263F",
  "runtimes\\win-x64\\native\\cimguizmo.dll": "755B700528B94909923001DAB2B0AFAB",
  "runtimes\\win-x64\\native\\cimplot.dll": "4B39A6A79A7C1773932697BD9BCC42ED",
  "runtimes\\win-x64\\native\\e_sqlite3.dll": "7E6E0189F2BFED697F68E0313909120D",
  "runtimes\\win-x64\\native\\glfw3.dll": "80DF14544CB0AF6A270F179BFF68BFA7",
  "runtimes\\win-x64\\native\\minhook.x64d.dll": "85A4DDAC7809207D5A59D3A35A62C9D4",
  "runtimes\\win-x64\\native\\SDL2.dll": "DD015365E3DDDD399C9D11B41E06D94F",
  "runtimes\\win-x64\\native\\stbi.dll": "DC36CAA2F5A4D484C7F17240EA8F9602",
  "runtimes\\win-x64\\native\\stbi.lib": "927C214DE576219E1F80DBE7798A0502",
  "runtimes\\win-x86\\native\\e_sqlite3.dll": "98DA87E69ED83956BCB13AC96800B089",
  "runtimes\\win-x86\\native\\glfw3.dll": "3540ECD8A144E4E98C5B805A30C3E07E",
  "runtimes\\win-x86\\native\\SDL2.dll": "E5A2E1F6F48A02D96E66B0B9F2089B95",
  "targets\\Dalamud.Plugin.Bootstrap.targets": "C85635161398CD9852CF7212DB7EB904",
  "targets\\Dalamud.Plugin.targets": "E2AA900DB1F6596D1C203D4112A10F5E",
  "CheapLoc.dll": "006FA02E952107E8A69EE0EA87129351",
  "Costura.dll": "4E2C433EE487C980515217EE35635867",
  "Dalamud.Boot.dll": "C1CE487CD8F6CC90B9FAA3043B84966F",
  "Dalamud.Common.dll": "4C1BBA1E20832E290BB34BE6FF35B5F4",
  "Dalamud.deps.json": "518AC364A1135655167AA66260DC2FD1",
  "Dalamud.dll": "B1050A31A67A84F656DEBE99532B4F90",
  "Dalamud.Injector.deps.json": "C1FA0941DC8B38E415776C60C508AAB9",
  "Dalamud.Injector.dll": "72905822C3358C1FF977A19BB034BFAC",
  "Dalamud.Injector.exe": "1419B2ACBDFEFAD520E1E179D184BD2C",
  "Dalamud.Injector.runtimeconfig.json": "B9BB65FFE7924D4D8BABE9FA66303200",
  "Dalamud.Injector.xml": "D41E5DF541D19A015215E777D7395C9C",
  "Dalamud.runtimeconfig.json": "2A9CD915428BDD175E0889BD0C225F75",
  "Dalamud.xml": "7D141DB8101B4A02CAD174B8E96FF649",
  "DalamudCrashHandler.exe": "A9773D2E77B9E05B5601785F383731C3",
  "FASM-LICENSE.TXT": "ECEA1D10811221D5F0A3E96F9C38E2C7",
  "FASM.DLL": "35CF0851B91B23F5C4B31AC0C7FE74FB",
  "FASMX64.DLL": "7E8623AACF8D914CD4EF8AD88BD66C55",
  "FFXIVClientStructs.dll": "A918FE1C26C9A10682123B9A35975F81",
  "FFXIVClientStructs.xml": "E33701E22DA31DB6D24AE981CD9647F8",
  "goaaats.Reloaded.Assembler.targets": "CC22CB0A353E2136EE9E6E96DB9F7164",
  "Iced.dll": "60777131EC8D3ADAC662D085C2942100",
  "ImGui.NET.dll": "8C6E1463D6905AB6E5F6DC61CAE9B760",
  "ImGuiScene.dll": "DEE7D0142998200010B87AE3CBB357E0",
  "JetBrains.Annotations.dll": "F5616ABEA9CCFDD5BD1A126C0BE481C0",
  "licenses.txt": "A159BE62AA91178EFC3E3983AE874D1D",
  "Lumina.dll": "672C9FE12FE91759EEFFF99AD8452495",
  "Lumina.Excel.dll": "654CF8A016A432BD7A8CF78EFA8D381C",
  "Microsoft.Bcl.HashCode.dll": "613AB56061ADF2284E047025207467E0",
  "Microsoft.DotNet.PlatformAbstractions.dll": "00AB0F02B1114C57C758F5AD595224F1",
  "Microsoft.Extensions.DependencyModel.dll": "F39BC76C10CFEA478C936FC4521A9FC9",
  "Microsoft.Extensions.ObjectPool.dll": "FEE3CE8A84417360CC5ED787ED6F7DB1",
  "MinSharp.dll": "15C387EC5B033A6A0A86CDC81CAA6C1B",
  "Mono.Cecil.dll": "0EAD245BF84A0DEB00135F61FD819F1A",
  "Mono.Cecil.Mdb.dll": "DC8B7D8638CBB1082133A3066087D198",
  "Mono.Cecil.Pdb.dll": "E35262F9F4DD391238B48747EFAB6521",
  "Mono.Cecil.Rocks.dll": "C1E7F15D6226FA42C4731A314596C9D7",
  "nethost.dll": "012081214FE71F0F6ADCD9F4A71B2B00",
  "Newtonsoft.Json.dll": "86A83A63F12B55FD3718CFBFB577D7DC",
  "PeNet.Asn1.dll": "D9D3E17BB23CDD82AEB5FA5CE67A69FE",
  "PeNet.dll": "EA834C544323841D616C52C53861FB3C",
  "PInvoke.AdvApi32.dll": "34EE461D05B403C3A15D0DEC32A3788C",
  "PInvoke.BCrypt.dll": "FD07758EE1440491F22923084109FF26",
  "PInvoke.Cabinet.dll": "333D950E3804735DA60CC41D614C63E2",
  "PInvoke.CfgMgr32.dll": "768BE7CC18EDCF78B296A72ABE891691",
  "PInvoke.Crypt32.dll": "E7B00B0851738F4A7F2C6D37DAA973B4",
  "PInvoke.DbgHelp.dll": "E701136169620D20E3A70B560DE20E44",
  "PInvoke.DwmApi.dll": "ACF223CC8962404056648815B486F7D9",
  "PInvoke.Gdi32.dll": "69FF434826F98582CE44D3136ECFFACB",
  "PInvoke.Hid.dll": "2E7A41257F8AD9B26073181F450CD8E5",
  "PInvoke.ImageHlp.dll": "79BE816E8D86EA66489D7780DD675D49",
  "PInvoke.IPHlpApi.dll": "E949FA3326D1BA8872B179AB4EE49D38",
  "PInvoke.Kernel32.dll": "234E15B122ED430DE99490CA1A204958",
  "PInvoke.Magnification.dll": "C9EA3D34F506741ECC044DB19C151F09",
  "PInvoke.Msi.dll": "69EE50CE2DA6B55755E52589F49A7EBC",
  "PInvoke.NCrypt.dll": "DA1DE76C14D99370CA3BEF19DC299B15",
  "PInvoke.NetApi32.dll": "AE79F9FA2E3864A5E0642AE4622ECDC5",
  "PInvoke.NewDev.dll": "B3E1992105D986EF9C5C8E4B630FBB07",
  "PInvoke.NTDll.dll": "3F6BDF840EB27DD0FD9EB8071822183A",
  "PInvoke.Ole32.dll": "3C49FB100B60519FFE725BCD12A538F6",
  "PInvoke.Psapi.dll": "A7683EE4B880227F01C8AE632A892B9E",
  "PInvoke.SetupApi.dll": "1B7AE321185D0081D1759A9AD829F9BA",
  "PInvoke.SHCore.dll": "F27E7F063D51480F6D2294C903E4A606",
  "PInvoke.Shell32.dll": "F71A1BCAF6478190691170DAEA77722F",
  "PInvoke.User32.dll": "8BEDE38311ED4F27127290B81B8079FD",
  "PInvoke.Userenv.dll": "FEB7BCA90B8C905EC2F4BB0789847131",
  "PInvoke.UxTheme.dll": "8E683C016250CB719FDB9AAAFC22B3C5",
  "PInvoke.Windows.Core.dll": "90015440A44935208FFEA9BF61740651",
  "PInvoke.Windows.ShellScalingApi.dll": "F351B34B8C9183A51CADFDC279357C49",
  "PInvoke.WinUsb.dll": "9EB8A0280F2848D1A32B560A939F7336",
  "PInvoke.WtsApi32.dll": "341C94455D2E5893DBE4293D4D67AA4D",
  "Reloaded.Assembler.dll": "231E1120BAD0258DF1218CF5C3AED8EF",
  "Reloaded.Hooks.Definitions.dll": "A2236028AA2E91F2EC134D2A7803D61C",
  "Reloaded.Hooks.dll": "E13213E75753BD44F00B0E339CB7495C",
  "Reloaded.Memory.Buffers.dll": "69AA0A4F0E951E26BA4801E9B7CFC4BC",
  "Reloaded.Memory.dll": "EF18FE16D3F89A112F1894B25AAE5673",
  "revision.txt": "812214FB8E7066BFA6E32C626C2C688B",
  "SDL2-CS.config": "65557595FD5DF55D93B2BF881DE62C3A",
  "SDL2-CS.dll": "0F79F3AD70780D43C3E274F438138444",
  "Serilog.dll": "E047A25B4ACA0FF54F1BEFA21C2BE396",
  "Serilog.Sinks.Async.dll": "048D75BAEA64F40E5EDA12ECD7AE602B",
  "Serilog.Sinks.Console.dll": "2130D061B6BCED1EBE27FFF7CC1EE45B",
  "Serilog.Sinks.File.dll": "F29F0868BF65EBBA07C13A3290C07EE2",
  "SharpDX.Direct3D11.dll": "195BA98B15EA15074E52913615AD81C9",
  "SharpDX.dll": "E43910B0FFD56ED38E8EE5E8FB831045",
  "SharpDX.DXGI.dll": "C4B272032812BFA28C60C14C0FE39090",
  "SharpDX.Mathematics.dll": "8755E34950BDC6BDF9AA6A972580F879",
  "Silk.NET.Core.dll": "CEC35F3548D07C6AE9183F0888B88B4C",
  "Silk.NET.GLFW.dll": "EA1C0BA1258982558DF9626CA8868A20",
  "Silk.NET.Maths.dll": "0363ED3E435BBAF2CB5B000EFCD3BDF7",
  "Silk.NET.OpenGL.dll": "AC9ED423EF030277FBBBF550D532ACFC",
  "Silk.NET.SDL.dll": "392695A992F6DB1B91DD2EF72E74B9EC",
  "Silk.NET.Windowing.Common.dll": "7C67A44C5E062893C46480761377E903",
  "Silk.NET.Windowing.Glfw.dll": "67AB3377CBEB2C84835703ECF4426C66",
  "Silk.NET.Windowing.Sdl.dll": "F913DE923EE3B4F42D337B071E6B9AB2",
  "SQLite-net.dll": "0BB3CF706992A3A4794CEB8E748048EB",
  "SQLitePCLRaw.batteries_v2.dll": "D6822F05D2AD23CDE75A0EE13AF704E4",
  "SQLitePCLRaw.core.dll": "868675C0E6705795ACBD9774E2CE3A6C",
  "SQLitePCLRaw.nativelibrary.dll": "672A1231365E943108669D12BBF35FAA",
  "SQLitePCLRaw.provider.dynamic_cdecl.dll": "F7213A629AA565F7B0F1598529FD3F1F",
  "StbiSharp.dll": "5F9CD056CE3E3DBD27FEB5202A567D0B",
  "System.Reactive.dll": "EF5A00287AD15393D41B12AA4B726FF7",
  "System.Reflection.MetadataLoadContext.dll": "7EC41D41F4E1246757BA3E2EC862D562",
  "System.Security.Cryptography.Pkcs.dll": "8950E01996A37E808BE3F39063C37BF9",
  "TEMP_gitver.txt": "2D68457981AFE9E724C98B5CE2CC95F9",
  "TerraFX.Interop.Windows.dll": "84F7EF6B0DE91F8CC23F773D3FD6DEC0",
  "Validation.dll": "2779144EB33B18B4AD5282A392FE0953"
}
