{
  "runtimes\\alpine-x64\\native\\libe_sqlite3.so": "39C244FEDBCD3DFC37041D4FCE1AE21D",
  "runtimes\\linux-arm\\native\\libe_sqlite3.so": "96CF54BC0EFB83D6E3F5F3E04997A59D",
  "runtimes\\linux-arm64\\native\\libe_sqlite3.so": "F079E55E7F3F9966A4A2052A3234E068",
  "runtimes\\linux-armel\\native\\libe_sqlite3.so": "C5A67D49434FC65D64E9C15778078C76",
  "runtimes\\linux-mips64\\native\\libe_sqlite3.so": "5F8461214089CFC677D46C19B7162161",
  "runtimes\\linux-musl-x64\\native\\libe_sqlite3.so": "39C244FEDBCD3DFC37041D4FCE1AE21D",
  "runtimes\\linux-x64\\native\\libe_sqlite3.so": "6F49C540D3AB9964D67A4A704C3D262D",
  "runtimes\\linux-x64\\native\\libglfw.so.3": "9E3137144F68B9E9793F4C7AD5B1BEA7",
  "runtimes\\linux-x64\\native\\libSDL2-2.0.so": "99B95A708381FC66AB2370E45A260527",
  "runtimes\\linux-x64\\native\\libstbi.so": "0945355ED59677D06E3E88F48101BB26",
  "runtimes\\linux-x86\\native\\libe_sqlite3.so": "5E0659B414CBD6DDC38C65582485853E",
  "runtimes\\osx-x64\\native\\libe_sqlite3.dylib": "F82AE134FCD1C080A69D775591406673",
  "runtimes\\osx-x64\\native\\libglfw.3.dylib": "1E30FAB2F0C40E82290AD4B0BF14A880",
  "runtimes\\osx-x64\\native\\libSDL2-2.0.dylib": "AAC958490586C67395F0A90903AE3747",
  "runtimes\\osx-x64\\native\\libstbi.dylib": "0B84B0A6A80178266018081C3CAB68E6",
  "runtimes\\win-arm\\native\\e_sqlite3.dll": "DB455EA90642B2EDABCCD562E5F5564C",
  "runtimes\\win-arm64\\native\\e_sqlite3.dll": "60167777B6B21B0587A92DC4E5A8BE57",
  "runtimes\\win-x64\\native\\cimgui.dll": "035D40D52A5952283421F496AB00B665",
  "runtimes\\win-x64\\native\\cimguizmo.dll": "6AE9A1349B48881CE1F55BD7558E3CA8",
  "runtimes\\win-x64\\native\\cimplot.dll": "410FE23534090F2EB485EC07F0561FDF",
  "runtimes\\win-x64\\native\\e_sqlite3.dll": "C0EEE21A85E1E24CF8D9C0862A22685F",
  "runtimes\\win-x64\\native\\glfw3.dll": "38F206D57806F6B26F09E28F860BED70",
  "runtimes\\win-x64\\native\\minhook.x64d.dll": "62A13B37662D58678589AAF29B4E89EE",
  "runtimes\\win-x64\\native\\SDL2.dll": "27B80F1DC036CEDEA51D9C6C51318454",
  "runtimes\\win-x64\\native\\stbi.dll": "5670C87F6C7A32F29D791148DA7F0870",
  "runtimes\\win-x64\\native\\stbi.lib": "927C214DE576219E1F80DBE7798A0502",
  "runtimes\\win-x86\\native\\e_sqlite3.dll": "AD14FDC999CEAF35F6972E0464E04100",
  "runtimes\\win-x86\\native\\glfw3.dll": "3A02C6640077676C30AE49D3D7A94598",
  "runtimes\\win-x86\\native\\SDL2.dll": "7F4B1EFD1F364664F67321AA4ED3AA69",
  "targets\\Dalamud.Plugin.Bootstrap.targets": "C85635161398CD9852CF7212DB7EB904",
  "targets\\Dalamud.Plugin.targets": "69D15EDFB3D4F0BEE3A099216E4DE057",
  "BitFaster.Caching.dll": "162A1901F67725440A8718663C1043A4",
  "CheapLoc.dll": "A3F8EEAF2A5ED7CDF524A1FA7E1953ED",
  "commit_hash.txt": "BEDB313FF885FA07C9B43C68725176E6",
  "Costura.dll": "1AE9215AA7E2ED1E0410AB312ADFBF4E",
  "Dalamud.Boot.dll": "F658A41B7D6ED52D71B464DCBC55099F",
  "Dalamud.Common.dll": "E5C926FE56C6FB816D8E02726996313E",
  "Dalamud.deps.json": "91DC444ECA5A224E84A19813E1FECE39",
  "Dalamud.dll": "7902379670E276D526C9FEE47FF5B059",
  "Dalamud.Injector.deps.json": "E30B9BD40106FFC14A5274A670979EDF",
  "Dalamud.Injector.dll": "6077FC1CAC901D61073F6B46983B8493",
  "Dalamud.Injector.exe": "8D84ABAD7CF5A6D15D80988D4BF09BC2",
  "Dalamud.Injector.runtimeconfig.json": "B9BB65FFE7924D4D8BABE9FA66303200",
  "Dalamud.Injector.xml": "D41E5DF541D19A015215E777D7395C9C",
  "Dalamud.runtimeconfig.json": "2A9CD915428BDD175E0889BD0C225F75",
  "Dalamud.xml": "C1678FA484B39D6E66E48909B3B93BCD",
  "DalamudCrashHandler.exe": "6742AC00A6D76135274D3BA29E433371",
  "FASM-LICENSE.TXT": "ECEA1D10811221D5F0A3E96F9C38E2C7",
  "FASM.DLL": "341B237FFCDE08AE128427CA28ECD1A7",
  "FASMX64.DLL": "63466623838B8D77E6813D529D53ED41",
  "FFXIVClientStructs.dll": "A78DE723130EDBC3C4018A72C7A85F88",
  "FFXIVClientStructs.xml": "C02D61499933F39B2CF997003C706D98",
  "goaaats.Reloaded.Assembler.targets": "CC22CB0A353E2136EE9E6E96DB9F7164",
  "Iced.dll": "7D01F89BB6AD319D5B33132FC63A426E",
  "ImGui.NET.dll": "0A4A059CC34EC109A36EAA652E2B3C2E",
  "ImGuiScene.dll": "568D38551D1806353ABAAFC1759A13AA",
  "InteropGenerator.Runtime.dll": "824FE889698C9DC9D95B6D39BEC43673",
  "JetBrains.Annotations.dll": "B8155A5C534F185AF1AE03B30DD09D9F",
  "licenses.txt": "A159BE62AA91178EFC3E3983AE874D1D",
  "Lumina.dll": "442464068E8E74B9F0BCFCE0D884274D",
  "Lumina.Excel.dll": "4D88CCB34B0B886B678AA4A86BB60DE6",
  "Microsoft.Bcl.HashCode.dll": "613AB56061ADF2284E047025207467E0",
  "Microsoft.DotNet.PlatformAbstractions.dll": "00AB0F02B1114C57C758F5AD595224F1",
  "Microsoft.Extensions.DependencyModel.dll": "F39BC76C10CFEA478C936FC4521A9FC9",
  "Microsoft.Extensions.ObjectPool.dll": "FEE3CE8A84417360CC5ED787ED6F7DB1",
  "MinSharp.dll": "995891D20A495E5959307A5236D4371D",
  "Mono.Cecil.dll": "B66D093785C7630DE847B42B8A69C26F",
  "Mono.Cecil.Mdb.dll": "62F4FFFBE37C262A3CC9F3C43EE19546",
  "Mono.Cecil.Pdb.dll": "5B075929A3091572A474AC26089B3DED",
  "Mono.Cecil.Rocks.dll": "72538AC748F0B1D5B10D0D4A7CF0A5C2",
  "nethost.dll": "21F39F71E2F4B5BA9FB3F126872F2F9B",
  "Newtonsoft.Json.dll": "ADF3E3EECDE20B7C9661E9C47106A14A",
  "PeNet.Asn1.dll": "16AEA9B1CBE7141A387F34E9830366AE",
  "PeNet.dll": "08C128196D394AF997A8DA018B9EE738",
  "PInvoke.AdvApi32.dll": "34EE461D05B403C3A15D0DEC32A3788C",
  "PInvoke.BCrypt.dll": "FD07758EE1440491F22923084109FF26",
  "PInvoke.Cabinet.dll": "333D950E3804735DA60CC41D614C63E2",
  "PInvoke.CfgMgr32.dll": "768BE7CC18EDCF78B296A72ABE891691",
  "PInvoke.Crypt32.dll": "E7B00B0851738F4A7F2C6D37DAA973B4",
  "PInvoke.DbgHelp.dll": "E701136169620D20E3A70B560DE20E44",
  "PInvoke.DwmApi.dll": "ACF223CC8962404056648815B486F7D9",
  "PInvoke.Gdi32.dll": "69FF434826F98582CE44D3136ECFFACB",
  "PInvoke.Hid.dll": "2E7A41257F8AD9B26073181F450CD8E5",
  "PInvoke.ImageHlp.dll": "79BE816E8D86EA66489D7780DD675D49",
  "PInvoke.IPHlpApi.dll": "E949FA3326D1BA8872B179AB4EE49D38",
  "PInvoke.Kernel32.dll": "234E15B122ED430DE99490CA1A204958",
  "PInvoke.Magnification.dll": "C9EA3D34F506741ECC044DB19C151F09",
  "PInvoke.Msi.dll": "69EE50CE2DA6B55755E52589F49A7EBC",
  "PInvoke.NCrypt.dll": "DA1DE76C14D99370CA3BEF19DC299B15",
  "PInvoke.NetApi32.dll": "AE79F9FA2E3864A5E0642AE4622ECDC5",
  "PInvoke.NewDev.dll": "B3E1992105D986EF9C5C8E4B630FBB07",
  "PInvoke.NTDll.dll": "3F6BDF840EB27DD0FD9EB8071822183A",
  "PInvoke.Ole32.dll": "3C49FB100B60519FFE725BCD12A538F6",
  "PInvoke.Psapi.dll": "A7683EE4B880227F01C8AE632A892B9E",
  "PInvoke.SetupApi.dll": "1B7AE321185D0081D1759A9AD829F9BA",
  "PInvoke.SHCore.dll": "F27E7F063D51480F6D2294C903E4A606",
  "PInvoke.Shell32.dll": "F71A1BCAF6478190691170DAEA77722F",
  "PInvoke.User32.dll": "8BEDE38311ED4F27127290B81B8079FD",
  "PInvoke.Userenv.dll": "FEB7BCA90B8C905EC2F4BB0789847131",
  "PInvoke.UxTheme.dll": "8E683C016250CB719FDB9AAAFC22B3C5",
  "PInvoke.Windows.Core.dll": "90015440A44935208FFEA9BF61740651",
  "PInvoke.Windows.ShellScalingApi.dll": "F351B34B8C9183A51CADFDC279357C49",
  "PInvoke.WinUsb.dll": "9EB8A0280F2848D1A32B560A939F7336",
  "PInvoke.WtsApi32.dll": "341C94455D2E5893DBE4293D4D67AA4D",
  "Reloaded.Assembler.dll": "496A21D35B3FAC05E28992D09F5BE610",
  "Reloaded.Hooks.Definitions.dll": "92D1FF591D62749A657BDA1160702932",
  "Reloaded.Hooks.dll": "C3F4BCA074C294EE0AC15E5834A08766",
  "Reloaded.Memory.Buffers.dll": "F700BB7EF005ED010F866EED2D5B2558",
  "Reloaded.Memory.dll": "95F7F7F5B9A95F214170FA1B4918A776",
  "revision.txt": "FB4C835FEB0A65CC39739320D7A51C02",
  "SDL2-CS.config": "65557595FD5DF55D93B2BF881DE62C3A",
  "SDL2-CS.dll": "D2183EE66328C2E2FE4439CA92D093FF",
  "Serilog.dll": "0577CF2ADC6855D0B010E49F2519935C",
  "Serilog.Sinks.Async.dll": "BC1620C735DB3F1837C1D01B137A789B",
  "Serilog.Sinks.Console.dll": "6941964CDCC9AB122DEC7B2F67F6E4E7",
  "Serilog.Sinks.File.dll": "4DCAC1553F6C3CCC51142D93525DF0D3",
  "SharpDX.Direct3D11.dll": "1C339E7EEA7317D6713593DAA4C35197",
  "SharpDX.dll": "B0849FF146F446AB8A5BB3E361D6FAD2",
  "SharpDX.DXGI.dll": "ACCACED4A1C64DC39A58C105768F221F",
  "SharpDX.Mathematics.dll": "5CF7A0BABD02031F3E9413322FFB8181",
  "Silk.NET.Core.dll": "22D3B36AABAC7EFC9744759535DD5905",
  "Silk.NET.GLFW.dll": "B56C677BB892763F543B48A6291939B0",
  "Silk.NET.Maths.dll": "52E95FE0AA1530BB19F904C9AD444209",
  "Silk.NET.OpenGL.dll": "BA8D2300D8C7A71A967D5AB0B0B3C1CD",
  "Silk.NET.SDL.dll": "14D72E84CE53280B7E5432DB53932E32",
  "Silk.NET.Windowing.Common.dll": "ACF68BE4A8E34787D0FA584BC1699909",
  "Silk.NET.Windowing.Glfw.dll": "A85A8F692D9E8C1C82C25A21FBBF2F88",
  "Silk.NET.Windowing.Sdl.dll": "887D0E1A4763B8C506C5C62FF62E83D0",
  "SQLite-net.dll": "363857781EEC1D98E47D0E93C24787F5",
  "SQLitePCLRaw.batteries_v2.dll": "63C3C493560B486329E0B8256C3EBD59",
  "SQLitePCLRaw.core.dll": "12EBD6B24F636BEDDE477E713BBF3DBC",
  "SQLitePCLRaw.nativelibrary.dll": "42B144EB04098FC2C0582BF0666BDFE1",
  "SQLitePCLRaw.provider.dynamic_cdecl.dll": "31B2D0B9F39E544DF149BA0AC77A5915",
  "StbiSharp.dll": "1180B817F77B3DED2BF9D4702A2166AC",
  "System.Reactive.dll": "EF5A00287AD15393D41B12AA4B726FF7",
  "System.Reflection.MetadataLoadContext.dll": "E88E3AF6D37736F339022C9ACC5F2F7B",
  "System.Security.Cryptography.Pkcs.dll": "8950E01996A37E808BE3F39063C37BF9",
  "TEMP_gitver.txt": "434611EE3764357F9CCF4625E0C54E18",
  "TerraFX.Interop.Windows.dll": "84F7EF6B0DE91F8CC23F773D3FD6DEC0",
  "Validation.dll": "4E5690B949EE56940F60DEEA5ECB7F4E"
}
