{
  "runtimes\\alpine-arm\\native\\libe_sqlite3.so": "87AF85204A246154501382901F3F6812",
  "runtimes\\alpine-arm64\\native\\libe_sqlite3.so": "CD4B9AAB53400EFE96ABC32B339A866A",
  "runtimes\\alpine-x64\\native\\libe_sqlite3.so": "6C9D6E34F1E932668237404D6EB6FC66",
  "runtimes\\browser-wasm\\nativeassets\\net7.0\\e_sqlite3.a": "E25518AC5EAD5E787448F3258236888E",
  "runtimes\\linux-arm\\native\\libe_sqlite3.so": "B8DA0DB6A447B5CCE98207F6A250FB84",
  "runtimes\\linux-arm64\\native\\libe_sqlite3.so": "A888898B38395A15F2DE200BAA8B486F",
  "runtimes\\linux-armel\\native\\libe_sqlite3.so": "54F3F4183B81387F7928ED0BB9B67B32",
  "runtimes\\linux-mips64\\native\\libe_sqlite3.so": "D56886A2E2F081CDEA1621BB18132764",
  "runtimes\\linux-musl-arm\\native\\libe_sqlite3.so": "87AF85204A246154501382901F3F6812",
  "runtimes\\linux-musl-arm64\\native\\libe_sqlite3.so": "CD4B9AAB53400EFE96ABC32B339A866A",
  "runtimes\\linux-musl-x64\\native\\libe_sqlite3.so": "6C9D6E34F1E932668237404D6EB6FC66",
  "runtimes\\linux-s390x\\native\\libe_sqlite3.so": "CB751CC76F280849C0E2F718D6784E69",
  "runtimes\\linux-x64\\native\\libe_sqlite3.so": "30098E7FAEB947BF5A5AE2FDB34E4461",
  "runtimes\\linux-x86\\native\\libe_sqlite3.so": "68872BD5071077981504636C2353EAA8",
  "runtimes\\maccatalyst-arm64\\native\\libe_sqlite3.dylib": "B2597C8799A6D21E5B98DB28C9C725FD",
  "runtimes\\maccatalyst-x64\\native\\libe_sqlite3.dylib": "19DCF2A64A7B5D1B8C7705AC809653A5",
  "runtimes\\osx-arm64\\native\\libe_sqlite3.dylib": "FB6D0058E0E849FA8715911B49790350",
  "runtimes\\osx-x64\\native\\libe_sqlite3.dylib": "DE5735102E730C1518C029DB3A0040A9",
  "runtimes\\win-arm\\native\\e_sqlite3.dll": "5E693ECEA826A12974C5772084A6F28C",
  "runtimes\\win-arm64\\native\\e_sqlite3.dll": "E44FC28428F022B85609AFA605EB86B0",
  "runtimes\\win-x64\\native\\e_sqlite3.dll": "DE8EC73ECE01FE7C2EC2C2B3AF470D1D",
  "runtimes\\win-x64\\native\\minhook.x64d.dll": "F9B30F846680CFF59F4E7BB07DDEADB6",
  "runtimes\\win-x86\\native\\e_sqlite3.dll": "04BDBC526A598798231BF0DFE8AF9250",
  "BCnEncoder.dll": "54126CA0BF7E23753593A85D661E3E3D",
  "BitFaster.Caching.dll": "AB97544E82EE806373B41DCBA239DD84",
  "CheapLoc.dll": "CCDC913430B44DBD8CAA386C36F212F1",
  "cimgui.dll": "8EEA1B90D82C6C0E8075B9EAA7703A0C",
  "cimguizmo.dll": "4C789240B337AB3E78781754C31C2180",
  "cimplot.dll": "33F59D36733EB78FA86E1FAB0D26C70D",
  "commit_hash.txt": "DD2C4D2DF704E9BD6F820D6D2331238B",
  "CommunityToolkit.HighPerformance.dll": "66B64EC334625F2C5D341A45E28EEB43",
  "Dalamud.Bindings.ImGui.dll": "83B6775958F196EC52AF530ED5F86F3C",
  "Dalamud.Bindings.ImGuizmo.dll": "8DBE60D0C2FC757BB8B1267059880557",
  "Dalamud.Bindings.ImPlot.dll": "83ABE0567CBB64C3A67F365C1D7061BF",
  "Dalamud.Boot.dll": "D93A6AC80146CCE1422B9105A98A6923",
  "Dalamud.Common.dll": "0DD916FDC50C4DA99F83FD3413809B68",
  "Dalamud.deps.json": "1A3678F5B72DC73C5BE1931F12E00DA7",
  "Dalamud.dll": "AC7C2F888A062652EF50B7116470D7B7",
  "Dalamud.Injector.deps.json": "28C3C412E18C8E21BCEC052CCAF9CE11",
  "Dalamud.Injector.dll": "C7FB252C7AA0B56D5F4979173D41563A",
  "Dalamud.Injector.exe": "46A4D6782A484A5D0C2426B73D8380DA",
  "Dalamud.Injector.runtimeconfig.json": "481C4D4F6151485203242D25F632FCC5",
  "Dalamud.Injector.xml": "573870DEB8A9854EC20203EDE9D78425",
  "Dalamud.runtimeconfig.json": "9DB7F0D7C94CA1AA6CA3ACFA6F93A1D8",
  "Dalamud.xml": "DD31C525FA60B940E1276503F38A7007",
  "DalamudCrashHandler.exe": "70B52835E4D9C09652F00DE4B40EB4ED",
  "FFXIVClientStructs.dll": "7A1ABCAB68EE63F593946AE9509B0061",
  "FFXIVClientStructs.xml": "2AA07E2A0040A3222D45A84FABEF43DE",
  "goatcorp.Reloaded.Hooks.dll": "78C2DF886D5C3A27559AC2878E2A3459",
  "goatcorp.Reloaded.Memory.Buffers.dll": "5B62062C485C880E483B27912CB1D5F0",
  "HexaGen.Runtime.dll": "6742F3A0C12335DB96F12B0ABE12EAFB",
  "Iced.dll": "F1B786342001BEFDCD982ECDED6DD3A2",
  "ImGuiScene.dll": "878C1925AC73901841254F8B8B815631",
  "InteropGenerator.Runtime.dll": "2C7E33122D58E4AE7A721B5BB34E809C",
  "JetBrains.Annotations.dll": "D334483DFBCF8BE6062277E1FB3B94F3",
  "licenses.txt": "A159BE62AA91178EFC3E3983AE874D1D",
  "Lumina.dll": "83415B32ABA038787AA972DBBE8AE78A",
  "Lumina.Excel.dll": "5D98EA795A8E36BBE9B6EE0A3F495FEB",
  "Lumina.Excel.xml": "AEE3C28A2AE7FBEC7B9B5685FA0F569D",
  "Microsoft.Extensions.ObjectPool.dll": "CB2B8426DF93B062B631BC85B3369BED",
  "MinSharp.dll": "B921F821C26A8BE28EC07C1CFAFDC3B9",
  "Mono.Cecil.dll": "70E241DBB2A7BB6D592663FD8976C3BA",
  "Mono.Cecil.Mdb.dll": "B25AA4675CB522752966CEA6B1F7808B",
  "Mono.Cecil.Pdb.dll": "30F37291DB7C3162551ABB0091A5094D",
  "Mono.Cecil.Rocks.dll": "9C1FE33DE19F18609784E5E3E6FAAA74",
  "nethost.dll": "21F39F71E2F4B5BA9FB3F126872F2F9B",
  "Newtonsoft.Json.dll": "C252FE44B67A08E6DAB4EADE3764DB49",
  "PeNet.Asn1.dll": "5AA83BD6A2344735D41919FA7ACE3DFA",
  "PeNet.dll": "1A7B68A598D3A2FD15EDE3CF15C664D5",
  "Reloaded.Hooks.Definitions.dll": "CE4B2207BCFFD4911FC1FD7F42F6937C",
  "Reloaded.Memory.Buffers.dll": "E8C0BF24627266907D4FF95633DC37FD",
  "Reloaded.Memory.dll": "FB089A24B04DF53865964245702EBB1C",
  "revision.txt": "B613E70FD9F59310CF0A8D33DE3F2800",
  "Serilog.dll": "D3D19C74DDE7A6061142CB603BEEA340",
  "Serilog.Sinks.Async.dll": "7F2710A26B7F7C4CB7A0CFD0E9D63228",
  "Serilog.Sinks.Console.dll": "BB544EB356A1A45076CC92CDC58F9F38",
  "Serilog.Sinks.File.dll": "A6C952744A9C2EF0EBBDA4AE2B1E0620",
  "SQLite-net.dll": "40F3BB155D17E7BCE0B8275DF190661B",
  "SQLitePCLRaw.batteries_v2.dll": "CB511E089B7C0C5653C244F7BA6F86C3",
  "SQLitePCLRaw.core.dll": "29825D364CFF0887534DAB08CE8E8F0C",
  "SQLitePCLRaw.provider.e_sqlite3.dll": "A2CB3D7B48110AED90945D27F91FFE9E",
  "System.Reactive.dll": "C6016588304D55406E3D1C2FA7D42903",
  "System.Reflection.MetadataLoadContext.dll": "284C720DEE2524BCF10DD1B5648AA303",
  "System.Security.Cryptography.Pkcs.dll": "17945B2BF07D9377E36AD3EBE69FF693",
  "TEMP_gitver.txt": "69F345977283124443EEC941F0AB0000",
  "TerraFX.Interop.Windows.dll": "C75D06E77DE5A095D45676A81CDE0DC9"
}
