{
  "runtimes\\alpine-x64\\native\\libe_sqlite3.so": "39C244FEDBCD3DFC37041D4FCE1AE21D",
  "runtimes\\linux-arm\\native\\libe_sqlite3.so": "96CF54BC0EFB83D6E3F5F3E04997A59D",
  "runtimes\\linux-arm64\\native\\libe_sqlite3.so": "F079E55E7F3F9966A4A2052A3234E068",
  "runtimes\\linux-armel\\native\\libe_sqlite3.so": "C5A67D49434FC65D64E9C15778078C76",
  "runtimes\\linux-mips64\\native\\libe_sqlite3.so": "5F8461214089CFC677D46C19B7162161",
  "runtimes\\linux-musl-x64\\native\\libe_sqlite3.so": "39C244FEDBCD3DFC37041D4FCE1AE21D",
  "runtimes\\linux-x64\\native\\libe_sqlite3.so": "6F49C540D3AB9964D67A4A704C3D262D",
  "runtimes\\linux-x64\\native\\libglfw.so.3": "9E3137144F68B9E9793F4C7AD5B1BEA7",
  "runtimes\\linux-x64\\native\\libSDL2-2.0.so": "99B95A708381FC66AB2370E45A260527",
  "runtimes\\linux-x64\\native\\libstbi.so": "0945355ED59677D06E3E88F48101BB26",
  "runtimes\\linux-x86\\native\\libe_sqlite3.so": "5E0659B414CBD6DDC38C65582485853E",
  "runtimes\\osx-x64\\native\\libe_sqlite3.dylib": "F82AE134FCD1C080A69D775591406673",
  "runtimes\\osx-x64\\native\\libglfw.3.dylib": "1E30FAB2F0C40E82290AD4B0BF14A880",
  "runtimes\\osx-x64\\native\\libSDL2-2.0.dylib": "AAC958490586C67395F0A90903AE3747",
  "runtimes\\osx-x64\\native\\libstbi.dylib": "0B84B0A6A80178266018081C3CAB68E6",
  "runtimes\\win-arm\\native\\e_sqlite3.dll": "9C4A6DEB698030BC05079BFA4942F30B",
  "runtimes\\win-arm64\\native\\e_sqlite3.dll": "23879D53CBB9F9ADF0C7E89129334CDC",
  "runtimes\\win-x64\\native\\cimgui.dll": "1D9F2B443FA3F6B5894666A054610973",
  "runtimes\\win-x64\\native\\cimguizmo.dll": "647C92823BFD370BE6718BDBFAFAA104",
  "runtimes\\win-x64\\native\\cimplot.dll": "9E05A0D5E2080A64D8DDD2290DA4D254",
  "runtimes\\win-x64\\native\\e_sqlite3.dll": "607A5C917B60774ADBAA3C50642D4F36",
  "runtimes\\win-x64\\native\\glfw3.dll": "E123C7313C21C7FB55DCF119DC8EA31E",
  "runtimes\\win-x64\\native\\minhook.x64d.dll": "BF56FD7AA8BEA42229F0FBD0D8BD9704",
  "runtimes\\win-x64\\native\\SDL2.dll": "2F20E06F978FE25FCA5613BBC4AAA858",
  "runtimes\\win-x64\\native\\stbi.dll": "6C94C68D0E4D618F4746D3482A36D58E",
  "runtimes\\win-x64\\native\\stbi.lib": "927C214DE576219E1F80DBE7798A0502",
  "runtimes\\win-x86\\native\\e_sqlite3.dll": "C6900E488D6E432B67A4FC966625C91C",
  "runtimes\\win-x86\\native\\glfw3.dll": "122598632A247BA72384B12F6CAE0591",
  "runtimes\\win-x86\\native\\SDL2.dll": "274790B73AAD09D68777568B1FAB7989",
  "targets\\Dalamud.Plugin.Bootstrap.targets": "C85635161398CD9852CF7212DB7EB904",
  "targets\\Dalamud.Plugin.targets": "E2AA900DB1F6596D1C203D4112A10F5E",
  "CheapLoc.dll": "1A4A1B789A78851501AB123B44A0828D",
  "Costura.dll": "813CFAB8837931D19B4EC1C6DA421831",
  "Dalamud.Boot.dll": "71AACD556BC83CE0C3F07A8811BB8F66",
  "Dalamud.Common.dll": "979CD57A53B96CA44E063872FA8A876C",
  "Dalamud.deps.json": "5EC064218B6A161E5195EC66217B428D",
  "Dalamud.dll": "F9E93A3D92E3D7A09FBDEDF593D49E83",
  "Dalamud.Injector.deps.json": "C1FA0941DC8B38E415776C60C508AAB9",
  "Dalamud.Injector.dll": "37B8F80804B19DF162CE7C0D99296D1A",
  "Dalamud.Injector.exe": "8224DDAA3837C0A2FDEDB0D4DD0E248D",
  "Dalamud.Injector.runtimeconfig.json": "B9BB65FFE7924D4D8BABE9FA66303200",
  "Dalamud.Injector.xml": "D41E5DF541D19A015215E777D7395C9C",
  "Dalamud.runtimeconfig.json": "2A9CD915428BDD175E0889BD0C225F75",
  "Dalamud.xml": "04BF87092A567300EB005E06BF7B7E1D",
  "DalamudCrashHandler.exe": "412B22D847E3DC094FF9CF6B8E3F3BA6",
  "FASM-LICENSE.TXT": "ECEA1D10811221D5F0A3E96F9C38E2C7",
  "FASM.DLL": "1051E722A5A1FFC31AB9F51EA10887AD",
  "FASMX64.DLL": "73C2466690B5CC6477F64450227BB611",
  "FFXIVClientStructs.dll": "7C7F2551332B0C455BAD56D07B6A1C42",
  "FFXIVClientStructs.xml": "C0223F32F7430476EEA2B5527DEFFA6D",
  "goaaats.Reloaded.Assembler.targets": "CC22CB0A353E2136EE9E6E96DB9F7164",
  "Iced.dll": "4BF492EB6D052A6C5DE3649943E4D189",
  "ImGui.NET.dll": "329C7E5A1AC31E7A4F801E9769DC1BBF",
  "ImGuiScene.dll": "B95A3132908035224D01EF4FE394296D",
  "JetBrains.Annotations.dll": "25ABCD6F37427761919CAC3FFCD20288",
  "licenses.txt": "A159BE62AA91178EFC3E3983AE874D1D",
  "Lumina.dll": "7632BDD33C9FE39CC326D7D5B8180EE5",
  "Lumina.Excel.dll": "84D6110416E63587315C3D98DB2A3A48",
  "Microsoft.Bcl.HashCode.dll": "613AB56061ADF2284E047025207467E0",
  "Microsoft.DotNet.PlatformAbstractions.dll": "00AB0F02B1114C57C758F5AD595224F1",
  "Microsoft.Extensions.DependencyModel.dll": "F39BC76C10CFEA478C936FC4521A9FC9",
  "Microsoft.Extensions.ObjectPool.dll": "FEE3CE8A84417360CC5ED787ED6F7DB1",
  "MinSharp.dll": "26DDA27A1B3C2B6C7C3068B483327564",
  "Mono.Cecil.dll": "48127F7F271CBB359CDC8F809298B94B",
  "Mono.Cecil.Mdb.dll": "5082C9B4EDFE431AC0A8CDD2E62660DD",
  "Mono.Cecil.Pdb.dll": "10B8B738459FF8DD4D63D38F6FE1D50F",
  "Mono.Cecil.Rocks.dll": "B29B79E47F1CC478E37E81D504B8CDB4",
  "nethost.dll": "012081214FE71F0F6ADCD9F4A71B2B00",
  "Newtonsoft.Json.dll": "86A83A63F12B55FD3718CFBFB577D7DC",
  "PeNet.Asn1.dll": "7FCF5A4B3883A4D86D76644E4F2C6586",
  "PeNet.dll": "8E38E417FF183CA63B57507C752A1CB9",
  "PInvoke.AdvApi32.dll": "34EE461D05B403C3A15D0DEC32A3788C",
  "PInvoke.BCrypt.dll": "FD07758EE1440491F22923084109FF26",
  "PInvoke.Cabinet.dll": "333D950E3804735DA60CC41D614C63E2",
  "PInvoke.CfgMgr32.dll": "768BE7CC18EDCF78B296A72ABE891691",
  "PInvoke.Crypt32.dll": "E7B00B0851738F4A7F2C6D37DAA973B4",
  "PInvoke.DbgHelp.dll": "E701136169620D20E3A70B560DE20E44",
  "PInvoke.DwmApi.dll": "ACF223CC8962404056648815B486F7D9",
  "PInvoke.Gdi32.dll": "69FF434826F98582CE44D3136ECFFACB",
  "PInvoke.Hid.dll": "2E7A41257F8AD9B26073181F450CD8E5",
  "PInvoke.ImageHlp.dll": "79BE816E8D86EA66489D7780DD675D49",
  "PInvoke.IPHlpApi.dll": "E949FA3326D1BA8872B179AB4EE49D38",
  "PInvoke.Kernel32.dll": "234E15B122ED430DE99490CA1A204958",
  "PInvoke.Magnification.dll": "C9EA3D34F506741ECC044DB19C151F09",
  "PInvoke.Msi.dll": "69EE50CE2DA6B55755E52589F49A7EBC",
  "PInvoke.NCrypt.dll": "DA1DE76C14D99370CA3BEF19DC299B15",
  "PInvoke.NetApi32.dll": "AE79F9FA2E3864A5E0642AE4622ECDC5",
  "PInvoke.NewDev.dll": "B3E1992105D986EF9C5C8E4B630FBB07",
  "PInvoke.NTDll.dll": "3F6BDF840EB27DD0FD9EB8071822183A",
  "PInvoke.Ole32.dll": "3C49FB100B60519FFE725BCD12A538F6",
  "PInvoke.Psapi.dll": "A7683EE4B880227F01C8AE632A892B9E",
  "PInvoke.SetupApi.dll": "1B7AE321185D0081D1759A9AD829F9BA",
  "PInvoke.SHCore.dll": "F27E7F063D51480F6D2294C903E4A606",
  "PInvoke.Shell32.dll": "F71A1BCAF6478190691170DAEA77722F",
  "PInvoke.User32.dll": "8BEDE38311ED4F27127290B81B8079FD",
  "PInvoke.Userenv.dll": "FEB7BCA90B8C905EC2F4BB0789847131",
  "PInvoke.UxTheme.dll": "8E683C016250CB719FDB9AAAFC22B3C5",
  "PInvoke.Windows.Core.dll": "90015440A44935208FFEA9BF61740651",
  "PInvoke.Windows.ShellScalingApi.dll": "F351B34B8C9183A51CADFDC279357C49",
  "PInvoke.WinUsb.dll": "9EB8A0280F2848D1A32B560A939F7336",
  "PInvoke.WtsApi32.dll": "341C94455D2E5893DBE4293D4D67AA4D",
  "Reloaded.Assembler.dll": "8AD96D2E46B064EAC8CA7F786FE796FE",
  "Reloaded.Hooks.Definitions.dll": "249365CE8ADB51A0AC28A5CB1D82E267",
  "Reloaded.Hooks.dll": "C7656E759C90AE030AFDA8F259F7A610",
  "Reloaded.Memory.Buffers.dll": "833EF8E1AB2ED811669379CEBCB5D645",
  "Reloaded.Memory.dll": "5026EDA27E8F9B117F2C0EA347B450D1",
  "revision.txt": "2CFA8F9E50E0F510EDE9D12338A5F564",
  "SDL2-CS.config": "65557595FD5DF55D93B2BF881DE62C3A",
  "SDL2-CS.dll": "9CA430098F7DC766253973D0BFBFDE6A",
  "Serilog.dll": "886D192E412298F54580A3087CC974FD",
  "Serilog.Sinks.Async.dll": "E049CFB4C511D760F4BC848EDF4C1300",
  "Serilog.Sinks.Console.dll": "0DF52863461855CEAE212124AC461F3B",
  "Serilog.Sinks.File.dll": "AF2C87DCC058DF0123AED79384675D2A",
  "SharpDX.Direct3D11.dll": "1342CCD28524F0EAD7FC1BFFD1896807",
  "SharpDX.dll": "582B34E8B079AC86A1C85AEB2E80F782",
  "SharpDX.DXGI.dll": "933FA0D886544EF9132B4AC93A691470",
  "SharpDX.Mathematics.dll": "1E1D091C305781B2E0345394BA5BC238",
  "Silk.NET.Core.dll": "411D4F7B8BC1B1DC1FDFBABA258D161B",
  "Silk.NET.GLFW.dll": "C31E73691F06AAE7CB7E4FEB7B8C0D4A",
  "Silk.NET.Maths.dll": "EFCDB0D24A5DA5B6DE3A36F0BD7CD796",
  "Silk.NET.OpenGL.dll": "39FA2EB988548C5DBC95698770F7C096",
  "Silk.NET.SDL.dll": "29707EB23EEA58C7E654C8A069C7E46F",
  "Silk.NET.Windowing.Common.dll": "62D1F109559330BFA40D6B24622E911E",
  "Silk.NET.Windowing.Glfw.dll": "9199C826E15F67F9BA06DA0EFF497697",
  "Silk.NET.Windowing.Sdl.dll": "AF8187D844B123260FE41441A630A76F",
  "SQLite-net.dll": "EB8422AAED05AEE35FC0FE214253941D",
  "SQLitePCLRaw.batteries_v2.dll": "6F56048AB56373E4724326A49EA93B80",
  "SQLitePCLRaw.core.dll": "8598A2FC8AEA9DF0BF6362415FE5B59E",
  "SQLitePCLRaw.nativelibrary.dll": "B422B5CF1EE7BCDCAC76620703C94D08",
  "SQLitePCLRaw.provider.dynamic_cdecl.dll": "8570CF3AFE65210B342A0DA469B60E43",
  "StbiSharp.dll": "359FB2CCF48048F38E93F871B4B2C6E1",
  "System.Reactive.dll": "EF5A00287AD15393D41B12AA4B726FF7",
  "System.Reflection.MetadataLoadContext.dll": "7EC41D41F4E1246757BA3E2EC862D562",
  "System.Security.Cryptography.Pkcs.dll": "8950E01996A37E808BE3F39063C37BF9",
  "TEMP_gitver.txt": "A7A535AE2B9D437B949215B456E1F926",
  "TerraFX.Interop.Windows.dll": "84F7EF6B0DE91F8CC23F773D3FD6DEC0",
  "Validation.dll": "23B2AC5B195D44BBB6430E72530DD215"
}
