{
  "runtimes\\alpine-arm\\native\\libe_sqlite3.so": "87AF85204A246154501382901F3F6812",
  "runtimes\\alpine-arm64\\native\\libe_sqlite3.so": "CD4B9AAB53400EFE96ABC32B339A866A",
  "runtimes\\alpine-x64\\native\\libe_sqlite3.so": "6C9D6E34F1E932668237404D6EB6FC66",
  "runtimes\\browser-wasm\\nativeassets\\net7.0\\e_sqlite3.a": "E25518AC5EAD5E787448F3258236888E",
  "runtimes\\linux-arm\\native\\libe_sqlite3.so": "B8DA0DB6A447B5CCE98207F6A250FB84",
  "runtimes\\linux-arm64\\native\\libe_sqlite3.so": "A888898B38395A15F2DE200BAA8B486F",
  "runtimes\\linux-armel\\native\\libe_sqlite3.so": "54F3F4183B81387F7928ED0BB9B67B32",
  "runtimes\\linux-mips64\\native\\libe_sqlite3.so": "D56886A2E2F081CDEA1621BB18132764",
  "runtimes\\linux-musl-arm\\native\\libe_sqlite3.so": "87AF85204A246154501382901F3F6812",
  "runtimes\\linux-musl-arm64\\native\\libe_sqlite3.so": "CD4B9AAB53400EFE96ABC32B339A866A",
  "runtimes\\linux-musl-x64\\native\\libe_sqlite3.so": "6C9D6E34F1E932668237404D6EB6FC66",
  "runtimes\\linux-s390x\\native\\libe_sqlite3.so": "CB751CC76F280849C0E2F718D6784E69",
  "runtimes\\linux-x64\\native\\libe_sqlite3.so": "30098E7FAEB947BF5A5AE2FDB34E4461",
  "runtimes\\linux-x86\\native\\libe_sqlite3.so": "68872BD5071077981504636C2353EAA8",
  "runtimes\\maccatalyst-arm64\\native\\libe_sqlite3.dylib": "B2597C8799A6D21E5B98DB28C9C725FD",
  "runtimes\\maccatalyst-x64\\native\\libe_sqlite3.dylib": "19DCF2A64A7B5D1B8C7705AC809653A5",
  "runtimes\\osx-arm64\\native\\libe_sqlite3.dylib": "FB6D0058E0E849FA8715911B49790350",
  "runtimes\\osx-x64\\native\\libe_sqlite3.dylib": "DE5735102E730C1518C029DB3A0040A9",
  "runtimes\\win-arm\\native\\e_sqlite3.dll": "E539300B30057D8BF916B2DFF6F728A4",
  "runtimes\\win-arm64\\native\\e_sqlite3.dll": "BBA75B328ECA593882C7417ABAC34F93",
  "runtimes\\win-x64\\native\\e_sqlite3.dll": "5C9E92DFECE7ED5E6CA2AC08E4FB4E49",
  "runtimes\\win-x64\\native\\minhook.x64d.dll": "9AA089C5F6DFCF2FAB01FA2ED17ECDE8",
  "runtimes\\win-x86\\native\\e_sqlite3.dll": "F597E0037ABD93ADF2894209C965C693",
  "BCnEncoder.dll": "CB2830CD5EEEA60ACCCC192379227744",
  "BitFaster.Caching.dll": "0CFF8D7F913A00744EC2F92AB93C07FE",
  "CheapLoc.dll": "3661A2482C5BC119B88F632D322A6CE9",
  "cimgui.dll": "733A2214D43AF4365E476DA7BE9E6C35",
  "cimguizmo.dll": "FE20015BE52CD8F00F92BFDF8D7BCF10",
  "cimplot.dll": "15DD40BD2EAAEA1475E09970E655E17A",
  "commit_hash.txt": "FE6C9C3D325CD0B42CB80F3C3EEF0B8C",
  "CommunityToolkit.HighPerformance.dll": "66B64EC334625F2C5D341A45E28EEB43",
  "Dalamud.Bindings.ImGui.dll": "9035F33117C24116AC6A6B5453F0BE04",
  "Dalamud.Bindings.ImGuizmo.dll": "511188913CC4BA222255E97B99EE2990",
  "Dalamud.Bindings.ImPlot.dll": "A07DBFD4466511240C69E4955C412859",
  "Dalamud.Boot.dll": "6579F94C7CB650A1FDB7CE72933C1763",
  "Dalamud.Common.dll": "A8050E063855DB6FB9892F59076047BB",
  "Dalamud.deps.json": "84375D279CAB88E6D5C9DD9774F3D9EF",
  "Dalamud.dll": "BA431FC37DEDF3FCE6BA21E1827675CB",
  "Dalamud.Injector.deps.json": "28C3C412E18C8E21BCEC052CCAF9CE11",
  "Dalamud.Injector.dll": "DC28021A80AF366B825D97303213E699",
  "Dalamud.Injector.exe": "D0490AA5AF340DCA094B1A66DF892784",
  "Dalamud.Injector.runtimeconfig.json": "481C4D4F6151485203242D25F632FCC5",
  "Dalamud.Injector.xml": "573870DEB8A9854EC20203EDE9D78425",
  "Dalamud.runtimeconfig.json": "9DB7F0D7C94CA1AA6CA3ACFA6F93A1D8",
  "Dalamud.xml": "C6CBBE2718DED49B7F3BA941D58AC634",
  "DalamudCrashHandler.exe": "14CB06389FE0DA155715A88FC8BE1877",
  "FASM-LICENSE.TXT": "ECEA1D10811221D5F0A3E96F9C38E2C7",
  "FASM.DLL": "730B760DC4AFD8F9DBE25A297194B58A",
  "FASMX64.DLL": "E5D8A1498851A3B9A249832738B96839",
  "FFXIVClientStructs.dll": "0CD66036352EA4D3CFFB5334E4099ED2",
  "FFXIVClientStructs.xml": "E35A1CC03851D3924FAAA88E4C7DB339",
  "goatcorp.Reloaded.Assembler.dll": "B0A3C5C1774214A5FB8FA49A4B48EC28",
  "goatcorp.Reloaded.Assembler.targets": "CC22CB0A353E2136EE9E6E96DB9F7164",
  "goatcorp.Reloaded.Hooks.dll": "BAD5E9CB7E48D07C54BC4B400E300FA9",
  "goatcorp.Reloaded.Memory.Buffers.dll": "FEAEBD5076203D9F7B56CBF84D024B6F",
  "HexaGen.Runtime.dll": "5E6B00E532589329E9F446E9F4B60C07",
  "Iced.dll": "C68D3E21BBB5D0148292772BE31A39F6",
  "ImGuiScene.dll": "846216C49AB387199A886B2F0AB628BB",
  "InteropGenerator.Runtime.dll": "D4DE4521C782A657E6A0CD5288B612A9",
  "JetBrains.Annotations.dll": "D334483DFBCF8BE6062277E1FB3B94F3",
  "licenses.txt": "A159BE62AA91178EFC3E3983AE874D1D",
  "Lumina.dll": "4FB7DE0088F61008F7A6C1F81C4B73EE",
  "Lumina.Excel.dll": "83BCF1A0FF25989B375D453CBD721D21",
  "Lumina.Excel.xml": "AEE3C28A2AE7FBEC7B9B5685FA0F569D",
  "Microsoft.Extensions.ObjectPool.dll": "CB2B8426DF93B062B631BC85B3369BED",
  "MinSharp.dll": "4310B6D4C0592CBCF17C9C41D783E314",
  "Mono.Cecil.dll": "11221885201480CC61DCC76F95A4FB43",
  "Mono.Cecil.Mdb.dll": "D2BF24CD2FE4A90C7971C68C76362AFE",
  "Mono.Cecil.Pdb.dll": "3330717A332DB23AA7CCC57116915B29",
  "Mono.Cecil.Rocks.dll": "73936E57F9B4F49E9C10F2FE88A97A04",
  "nethost.dll": "21F39F71E2F4B5BA9FB3F126872F2F9B",
  "Newtonsoft.Json.dll": "C252FE44B67A08E6DAB4EADE3764DB49",
  "PeNet.Asn1.dll": "D7792151C8523A4F3C191301B3B6DAAC",
  "PeNet.dll": "7F2C4B6DFD751C1BBEBAE0FD479C8C2F",
  "Reloaded.Hooks.Definitions.dll": "E4F909824E0A5AB20858452D577BC637",
  "Reloaded.Memory.Buffers.dll": "5314C8D94AAC96FCC365A62FE904932E",
  "Reloaded.Memory.dll": "2702410EC533205193FB038B8DA04AE4",
  "revision.txt": "0A7D83F084EC258AEFD128569DDA03D7",
  "Serilog.dll": "20B263B563C3647DD98F5B15D4FD41C2",
  "Serilog.Sinks.Async.dll": "E48E30E7FD5F2174F676836D2F8E976E",
  "Serilog.Sinks.Console.dll": "8976C8EEE853DFCD474A60F165618247",
  "Serilog.Sinks.File.dll": "95D72C020F2F2F2BFE306C61EA3E881D",
  "SQLite-net.dll": "77464839FECF11025E62A917F632F19F",
  "SQLitePCLRaw.batteries_v2.dll": "DE227C5553E4B548913CDBE06E12187E",
  "SQLitePCLRaw.core.dll": "9E7A2F846C2701F7F0808EC3817FBB61",
  "SQLitePCLRaw.provider.e_sqlite3.dll": "1C77230659439A644A5FEE2705035961",
  "System.Reactive.dll": "C6016588304D55406E3D1C2FA7D42903",
  "System.Reflection.MetadataLoadContext.dll": "284C720DEE2524BCF10DD1B5648AA303",
  "System.Security.Cryptography.Pkcs.dll": "17945B2BF07D9377E36AD3EBE69FF693",
  "TEMP_gitver.txt": "25C9CBFA6E80B425A2A10E083BB6F8EF",
  "TerraFX.Interop.Windows.dll": "C75D06E77DE5A095D45676A81CDE0DC9"
}
