{
  "runtimes\\alpine-x64\\native\\libe_sqlite3.so": "39C244FEDBCD3DFC37041D4FCE1AE21D",
  "runtimes\\linux-arm\\native\\libe_sqlite3.so": "96CF54BC0EFB83D6E3F5F3E04997A59D",
  "runtimes\\linux-arm64\\native\\libe_sqlite3.so": "F079E55E7F3F9966A4A2052A3234E068",
  "runtimes\\linux-armel\\native\\libe_sqlite3.so": "C5A67D49434FC65D64E9C15778078C76",
  "runtimes\\linux-mips64\\native\\libe_sqlite3.so": "5F8461214089CFC677D46C19B7162161",
  "runtimes\\linux-musl-x64\\native\\libe_sqlite3.so": "39C244FEDBCD3DFC37041D4FCE1AE21D",
  "runtimes\\linux-x64\\native\\libe_sqlite3.so": "6F49C540D3AB9964D67A4A704C3D262D",
  "runtimes\\linux-x64\\native\\libglfw.so.3": "9E3137144F68B9E9793F4C7AD5B1BEA7",
  "runtimes\\linux-x64\\native\\libSDL2-2.0.so": "99B95A708381FC66AB2370E45A260527",
  "runtimes\\linux-x64\\native\\libstbi.so": "0945355ED59677D06E3E88F48101BB26",
  "runtimes\\linux-x86\\native\\libe_sqlite3.so": "5E0659B414CBD6DDC38C65582485853E",
  "runtimes\\osx-x64\\native\\libe_sqlite3.dylib": "F82AE134FCD1C080A69D775591406673",
  "runtimes\\osx-x64\\native\\libglfw.3.dylib": "1E30FAB2F0C40E82290AD4B0BF14A880",
  "runtimes\\osx-x64\\native\\libSDL2-2.0.dylib": "AAC958490586C67395F0A90903AE3747",
  "runtimes\\osx-x64\\native\\libstbi.dylib": "0B84B0A6A80178266018081C3CAB68E6",
  "runtimes\\win-arm\\native\\e_sqlite3.dll": "25AF369C8720E80CEA3C88931BD1CB45",
  "runtimes\\win-arm64\\native\\e_sqlite3.dll": "14025843224A0662E3C6E3A14D6D5A8F",
  "runtimes\\win-x64\\native\\e_sqlite3.dll": "51D61DC9BEA09FB7BEACDEE8E984A18F",
  "runtimes\\win-x64\\native\\glfw3.dll": "6F692A10E107708D98DDD484F1BF2F1C",
  "runtimes\\win-x64\\native\\minhook.x64d.dll": "9D1C6B9D38D7BA010E8846B5AFB4E3FB",
  "runtimes\\win-x64\\native\\SDL2.dll": "0ED5EB93426C3A6765D2BBB67653A355",
  "runtimes\\win-x64\\native\\stbi.dll": "324D14FE25E2DDD8AFA32F445F296084",
  "runtimes\\win-x64\\native\\stbi.lib": "927C214DE576219E1F80DBE7798A0502",
  "runtimes\\win-x86\\native\\e_sqlite3.dll": "0C1EE7AE9CC09D8DD5D569C454DC03CF",
  "runtimes\\win-x86\\native\\glfw3.dll": "360D128C97DCE545915674A27EA4A096",
  "runtimes\\win-x86\\native\\SDL2.dll": "B1CABE743798A811550A6F0A469B75E0",
  "targets\\Dalamud.Plugin.Bootstrap.targets": "C85635161398CD9852CF7212DB7EB904",
  "targets\\Dalamud.Plugin.targets": "69D15EDFB3D4F0BEE3A099216E4DE057",
  "BitFaster.Caching.dll": "A09DBB1C9DDB6A55875AEDFF82D63970",
  "CheapLoc.dll": "6CD42D06962A397500F79F7FE5870759",
  "cimgui.dll": "CAF7E8C8A7C5380AF363A529210638E0",
  "cimguizmo.dll": "C37257773FDCE2E56A1053F9ADBDF938",
  "cimplot.dll": "624A98562F5A95511CC25E7B5120D8DB",
  "commit_hash.txt": "21A9F8092AAFDEE0338703524FD51564",
  "Dalamud.Boot.dll": "E4A49BD1457F19FC8DB029CDC996E293",
  "Dalamud.Common.dll": "161A9A7C5F9F2BF6D6590D4DB665D4C6",
  "Dalamud.deps.json": "FAE2368A039B885C49DEF11D090C9A71",
  "Dalamud.dll": "5DAB100F9ECB41D8D896712BF481A50B",
  "Dalamud.Injector.deps.json": "E30B9BD40106FFC14A5274A670979EDF",
  "Dalamud.Injector.dll": "C08C926FC697E280F2FE0185B3C6B197",
  "Dalamud.Injector.exe": "63ACCE1E2D145A9AA5AD3AE4FD9FD130",
  "Dalamud.Injector.runtimeconfig.json": "B9BB65FFE7924D4D8BABE9FA66303200",
  "Dalamud.Injector.xml": "D41E5DF541D19A015215E777D7395C9C",
  "Dalamud.runtimeconfig.json": "2A9CD915428BDD175E0889BD0C225F75",
  "Dalamud.xml": "D4B80FC2A5ABB31B7AF7FFC237D260DF",
  "DalamudCrashHandler.exe": "7E1599396DA8DC2EEE4A749E5A5F9BB9",
  "FASM-LICENSE.TXT": "ECEA1D10811221D5F0A3E96F9C38E2C7",
  "FASM.DLL": "517DAFBBEE306AD40B7225ED695CF982",
  "FASMX64.DLL": "1845550A15077D14D82D0BC0CEF2A349",
  "FFXIVClientStructs.dll": "64D4B3A9F635759ED65AD34CCAE5B767",
  "FFXIVClientStructs.xml": "4C295C30718EEE210BF68632CC371965",
  "goaaats.Reloaded.Assembler.targets": "CC22CB0A353E2136EE9E6E96DB9F7164",
  "Iced.dll": "A8CF91EBFED12C93448F07E7084D3D62",
  "ImGui.NET.dll": "93DC3CD92A647B46D41AE91B12780473",
  "ImGuiScene.dll": "1E1E96C0CE69747005D90505A1175DE6",
  "InteropGenerator.Runtime.dll": "B4B0E793025B0E351D89298140537BC0",
  "JetBrains.Annotations.dll": "3AB225505C3DF0E4099CC9CEF70DEFD1",
  "licenses.txt": "A159BE62AA91178EFC3E3983AE874D1D",
  "Lumina.dll": "39DF702E914CF4240B3A3CA0F5F3F1D9",
  "Lumina.Excel.dll": "C50F087A644DCED33EAE6CB71BA137F9",
  "Microsoft.Bcl.HashCode.dll": "613AB56061ADF2284E047025207467E0",
  "Microsoft.DotNet.PlatformAbstractions.dll": "00AB0F02B1114C57C758F5AD595224F1",
  "Microsoft.Extensions.DependencyModel.dll": "F39BC76C10CFEA478C936FC4521A9FC9",
  "Microsoft.Extensions.ObjectPool.dll": "FEE3CE8A84417360CC5ED787ED6F7DB1",
  "MinSharp.dll": "3B5775C6B21D02643D9F92DC40B90B24",
  "Mono.Cecil.dll": "BE1EDDEBCAE2CC19612670F57F847947",
  "Mono.Cecil.Mdb.dll": "07ABFCCA3D2DF756C87FF3C135B80E00",
  "Mono.Cecil.Pdb.dll": "B24F4473CABBC197183CB26837BE70F8",
  "Mono.Cecil.Rocks.dll": "EAE103061ED02D8AEA13404477DE8E79",
  "nethost.dll": "21F39F71E2F4B5BA9FB3F126872F2F9B",
  "Newtonsoft.Json.dll": "ADF3E3EECDE20B7C9661E9C47106A14A",
  "PeNet.Asn1.dll": "2712FCA74C78813380D6DFE5EEDA0C6D",
  "PeNet.dll": "AE75D5AB9446FF77BD897BA09D6F63A3",
  "PInvoke.AdvApi32.dll": "34EE461D05B403C3A15D0DEC32A3788C",
  "PInvoke.BCrypt.dll": "FD07758EE1440491F22923084109FF26",
  "PInvoke.Cabinet.dll": "333D950E3804735DA60CC41D614C63E2",
  "PInvoke.CfgMgr32.dll": "768BE7CC18EDCF78B296A72ABE891691",
  "PInvoke.Crypt32.dll": "E7B00B0851738F4A7F2C6D37DAA973B4",
  "PInvoke.DbgHelp.dll": "E701136169620D20E3A70B560DE20E44",
  "PInvoke.DwmApi.dll": "ACF223CC8962404056648815B486F7D9",
  "PInvoke.Gdi32.dll": "69FF434826F98582CE44D3136ECFFACB",
  "PInvoke.Hid.dll": "2E7A41257F8AD9B26073181F450CD8E5",
  "PInvoke.ImageHlp.dll": "79BE816E8D86EA66489D7780DD675D49",
  "PInvoke.IPHlpApi.dll": "E949FA3326D1BA8872B179AB4EE49D38",
  "PInvoke.Kernel32.dll": "234E15B122ED430DE99490CA1A204958",
  "PInvoke.Magnification.dll": "C9EA3D34F506741ECC044DB19C151F09",
  "PInvoke.Msi.dll": "69EE50CE2DA6B55755E52589F49A7EBC",
  "PInvoke.NCrypt.dll": "DA1DE76C14D99370CA3BEF19DC299B15",
  "PInvoke.NetApi32.dll": "AE79F9FA2E3864A5E0642AE4622ECDC5",
  "PInvoke.NewDev.dll": "B3E1992105D986EF9C5C8E4B630FBB07",
  "PInvoke.NTDll.dll": "3F6BDF840EB27DD0FD9EB8071822183A",
  "PInvoke.Ole32.dll": "3C49FB100B60519FFE725BCD12A538F6",
  "PInvoke.Psapi.dll": "A7683EE4B880227F01C8AE632A892B9E",
  "PInvoke.SetupApi.dll": "1B7AE321185D0081D1759A9AD829F9BA",
  "PInvoke.SHCore.dll": "F27E7F063D51480F6D2294C903E4A606",
  "PInvoke.Shell32.dll": "F71A1BCAF6478190691170DAEA77722F",
  "PInvoke.User32.dll": "8BEDE38311ED4F27127290B81B8079FD",
  "PInvoke.Userenv.dll": "FEB7BCA90B8C905EC2F4BB0789847131",
  "PInvoke.UxTheme.dll": "8E683C016250CB719FDB9AAAFC22B3C5",
  "PInvoke.Windows.Core.dll": "90015440A44935208FFEA9BF61740651",
  "PInvoke.Windows.ShellScalingApi.dll": "F351B34B8C9183A51CADFDC279357C49",
  "PInvoke.WinUsb.dll": "9EB8A0280F2848D1A32B560A939F7336",
  "PInvoke.WtsApi32.dll": "341C94455D2E5893DBE4293D4D67AA4D",
  "Reloaded.Assembler.dll": "70233E93FEAF22265AA350DDC87C6C18",
  "Reloaded.Hooks.Definitions.dll": "926D90DC23A84B850AA8AD6B160CBEEF",
  "Reloaded.Hooks.dll": "F10D4DE1A39FA819FD0107DC108632CC",
  "Reloaded.Memory.Buffers.dll": "3E236E4A566BBFBD1D2479B80F810340",
  "Reloaded.Memory.dll": "04E4E3F256888E55B36E6B551C9E75C7",
  "revision.txt": "33BDF955C5D92555D8977EFF1C5815C5",
  "SDL2-CS.config": "65557595FD5DF55D93B2BF881DE62C3A",
  "SDL2-CS.dll": "E7E04E6F089B01954C69B819C315EC15",
  "Serilog.dll": "FEB974EEF8524D843CEAD41DA2ED1368",
  "Serilog.Sinks.Async.dll": "2D32B8F638E7202D877FAE79483755A7",
  "Serilog.Sinks.Console.dll": "D3E898D58B5EEC2694CD5DCC542B2B39",
  "Serilog.Sinks.File.dll": "B63D9C52FC72E3F5EC7C185C41E0915C",
  "SharpDX.Direct3D11.dll": "3F9EC5B5543E6D183ED3376CA4A23618",
  "SharpDX.dll": "BE129B8ABE8BAB7F97597EE798956922",
  "SharpDX.DXGI.dll": "CC344D6C8D5608C9DEA5E213E42EB396",
  "SharpDX.Mathematics.dll": "BF840EA588EED526C01D411C67075901",
  "Silk.NET.Core.dll": "431ADA488BABB4812AE858D54245B9D4",
  "Silk.NET.GLFW.dll": "246BA7460769275955B3188A36A28CBA",
  "Silk.NET.Maths.dll": "6E4DF84899C4D0DD1A54ABBE69B60384",
  "Silk.NET.OpenGL.dll": "52672FD305D6BE52347E750167872D3A",
  "Silk.NET.SDL.dll": "761B2761188E14E1971569186C9AD111",
  "Silk.NET.Windowing.Common.dll": "107B5FF4DBB0B85CC02CD1C836D8ADF9",
  "Silk.NET.Windowing.Glfw.dll": "5B5706FFBDB3626096D82F1E24C6313D",
  "Silk.NET.Windowing.Sdl.dll": "AF49C1EDB5DE4B16125171206E7E6216",
  "SQLite-net.dll": "C5A132ED6095CC7B04C9C953FCC86B5B",
  "SQLitePCLRaw.batteries_v2.dll": "D40BA50A9195302F717C71921BA5770D",
  "SQLitePCLRaw.core.dll": "28847219F23E255950EB81734D6A716E",
  "SQLitePCLRaw.nativelibrary.dll": "FAE89FBAA3B6E53297A4E6117DADAAC8",
  "SQLitePCLRaw.provider.dynamic_cdecl.dll": "FFEF522D395BB52EF98502C69CF90776",
  "StbiSharp.dll": "0D3795011A1D065891DACBA666D6F6B4",
  "System.Reactive.dll": "EF5A00287AD15393D41B12AA4B726FF7",
  "System.Reflection.MetadataLoadContext.dll": "E88E3AF6D37736F339022C9ACC5F2F7B",
  "System.Security.Cryptography.Pkcs.dll": "8950E01996A37E808BE3F39063C37BF9",
  "TEMP_gitver.txt": "1A8782767D34816DE4299C0E29033F13",
  "TerraFX.Interop.Windows.dll": "84F7EF6B0DE91F8CC23F773D3FD6DEC0",
  "Validation.dll": "099B87B0CA58AD2A0FBD877E77F196A9"
}
