{
  "runtimes\\alpine-x64\\native\\libe_sqlite3.so": "39C244FEDBCD3DFC37041D4FCE1AE21D",
  "runtimes\\linux-arm\\native\\libe_sqlite3.so": "96CF54BC0EFB83D6E3F5F3E04997A59D",
  "runtimes\\linux-arm64\\native\\libe_sqlite3.so": "F079E55E7F3F9966A4A2052A3234E068",
  "runtimes\\linux-armel\\native\\libe_sqlite3.so": "C5A67D49434FC65D64E9C15778078C76",
  "runtimes\\linux-mips64\\native\\libe_sqlite3.so": "5F8461214089CFC677D46C19B7162161",
  "runtimes\\linux-musl-x64\\native\\libe_sqlite3.so": "39C244FEDBCD3DFC37041D4FCE1AE21D",
  "runtimes\\linux-x64\\native\\libe_sqlite3.so": "6F49C540D3AB9964D67A4A704C3D262D",
  "runtimes\\linux-x64\\native\\libglfw.so.3": "9E3137144F68B9E9793F4C7AD5B1BEA7",
  "runtimes\\linux-x64\\native\\libSDL2-2.0.so": "99B95A708381FC66AB2370E45A260527",
  "runtimes\\linux-x64\\native\\libstbi.so": "0945355ED59677D06E3E88F48101BB26",
  "runtimes\\linux-x86\\native\\libe_sqlite3.so": "5E0659B414CBD6DDC38C65582485853E",
  "runtimes\\osx-x64\\native\\libe_sqlite3.dylib": "F82AE134FCD1C080A69D775591406673",
  "runtimes\\osx-x64\\native\\libglfw.3.dylib": "1E30FAB2F0C40E82290AD4B0BF14A880",
  "runtimes\\osx-x64\\native\\libSDL2-2.0.dylib": "AAC958490586C67395F0A90903AE3747",
  "runtimes\\osx-x64\\native\\libstbi.dylib": "0B84B0A6A80178266018081C3CAB68E6",
  "runtimes\\win-arm\\native\\e_sqlite3.dll": "7D0F79B8813138B23EE1218DFCDDADA7",
  "runtimes\\win-arm64\\native\\e_sqlite3.dll": "C29FF7F89C156B688A75EC1D48017286",
  "runtimes\\win-x64\\native\\cimgui.dll": "2F9621A96769CC98820E8DA60E7CA7E7",
  "runtimes\\win-x64\\native\\cimguizmo.dll": "B915E00B3B7A5DD3CB2BD653133E535D",
  "runtimes\\win-x64\\native\\cimplot.dll": "F13197F1F8EE643AF25C6D4CDB4333C7",
  "runtimes\\win-x64\\native\\e_sqlite3.dll": "E1010D141DF09E95B7DA71460429182D",
  "runtimes\\win-x64\\native\\glfw3.dll": "58407F52DFFF7B650DDC0ACCF4A8C932",
  "runtimes\\win-x64\\native\\minhook.x64d.dll": "AD7B77026A55933E7A59BD0600F8FDB9",
  "runtimes\\win-x64\\native\\SDL2.dll": "F1D582B2817DCAB9844260F5EB1AF135",
  "runtimes\\win-x64\\native\\stbi.dll": "B94E6ED4CC287508D5F94618F617C702",
  "runtimes\\win-x64\\native\\stbi.lib": "927C214DE576219E1F80DBE7798A0502",
  "runtimes\\win-x86\\native\\e_sqlite3.dll": "111C5457ADBF04623A60A3908B40DADA",
  "runtimes\\win-x86\\native\\glfw3.dll": "1D0124E7349971599951CB71FBA72A8E",
  "runtimes\\win-x86\\native\\SDL2.dll": "6746F675CAFD0B78BB04BF5A880DFF49",
  "targets\\Dalamud.Plugin.Bootstrap.targets": "C85635161398CD9852CF7212DB7EB904",
  "targets\\Dalamud.Plugin.targets": "11001C983157350F50D99F1A827999B5",
  "CheapLoc.dll": "3A210D20343659D7F2D2DB071788F379",
  "Costura.dll": "AC5B743AE17DEE1C096C94BD6B174825",
  "Dalamud.Boot.dll": "37AA620DB02CD198A5844B5CAAAD2A01",
  "Dalamud.Common.dll": "9EBB60643411D89BD39F85FA1C3F2B4A",
  "Dalamud.deps.json": "2C187D7EED0E7F3E3D5502617CAF0E19",
  "Dalamud.dll": "40E544E46F01160D508BF6F19A8D3D25",
  "Dalamud.Injector.deps.json": "4E53ABE9A5D3E4592DA63EBF98DAAD86",
  "Dalamud.Injector.dll": "99F5CFACD494033138739FEC50464F1A",
  "Dalamud.Injector.exe": "197DF69FC5C1932BFE083FCF9CD9252B",
  "Dalamud.Injector.runtimeconfig.json": "AAAFA957BB3B382321D67ACC2D792553",
  "Dalamud.Injector.xml": "D41E5DF541D19A015215E777D7395C9C",
  "Dalamud.runtimeconfig.json": "15719C111D02D5BD45F37285FC8B6040",
  "Dalamud.xml": "54C24D3FBECC1D8E3B729CA25F70DDAD",
  "DalamudCrashHandler.exe": "04AAB8887D22E8FD398297609BD7D882",
  "FASM-LICENSE.TXT": "ECEA1D10811221D5F0A3E96F9C38E2C7",
  "FASM.DLL": "FB2C7BC90148230EA8812687AFDB35C6",
  "FASMX64.DLL": "DA3D5822004861178E70D97989E3D32F",
  "FFXIVClientStructs.dll": "396D093B5FE6D45E010B9DB07CCE5B41",
  "FFXIVClientStructs.xml": "08C8C63D475C837BDE9528BC1D68B9C9",
  "goaaats.Reloaded.Assembler.targets": "CC22CB0A353E2136EE9E6E96DB9F7164",
  "Iced.dll": "E203D48A90B09C482DAF5BF8BC7A9A82",
  "ImGui.NET.dll": "3EB9DDD60F291870CCEE67AFB62C771E",
  "ImGuiScene.dll": "1345B7CF554C95983D66A3EABAFFD9A9",
  "JetBrains.Annotations.dll": "D11B26F49D95AD85782619D003C49BD6",
  "licenses.txt": "A159BE62AA91178EFC3E3983AE874D1D",
  "Lumina.dll": "7BDA7D77E2D856A1C44544A6D44D2759",
  "Lumina.Excel.dll": "42687AFB8BE6E0DE0A1BE839092BF9C5",
  "Microsoft.Bcl.HashCode.dll": "613AB56061ADF2284E047025207467E0",
  "Microsoft.DotNet.PlatformAbstractions.dll": "00AB0F02B1114C57C758F5AD595224F1",
  "Microsoft.Extensions.DependencyModel.dll": "F39BC76C10CFEA478C936FC4521A9FC9",
  "Microsoft.Extensions.ObjectPool.dll": "91B40FCF7D5A05DF428016DDFD05BABB",
  "MinSharp.dll": "D982365C0A7A89EDFDF660C0E8852ACD",
  "Mono.Cecil.dll": "29582FD4AD2770DBA7934BDEC709AF91",
  "Mono.Cecil.Mdb.dll": "A580486DE79502F320BEA797B265EBBE",
  "Mono.Cecil.Pdb.dll": "92E5045DF07A52097AEF332CFDBA6348",
  "Mono.Cecil.Rocks.dll": "C25CCE01A8CE23F31708FEE1DA971DF4",
  "MonoMod.Backports.dll": "191664CABAB02AAB8EAF4ACDAA938990",
  "MonoMod.Core.dll": "A24169A56DDC98B51EF0204F6FA2D268",
  "MonoMod.Iced.dll": "DECA556CE5BD0448F683C914FA71641E",
  "MonoMod.ILHelpers.dll": "658A69E216B31BAC50AD9F2AE4C83C9F",
  "MonoMod.RuntimeDetour.dll": "90DFE5E1D5D01AF0C975D6427A17AB25",
  "MonoMod.Utils.dll": "0925A80F8CCEF136E364D2CC1CEE19A2",
  "nethost.dll": "012081214FE71F0F6ADCD9F4A71B2B00",
  "Newtonsoft.Json.dll": "86A83A63F12B55FD3718CFBFB577D7DC",
  "PeNet.Asn1.dll": "E0908A5E2C3AEDFEFE64B72F98F4E329",
  "PeNet.dll": "F97DB9EDC4467FAEDAE6E2160F6598C5",
  "PInvoke.AdvApi32.dll": "34EE461D05B403C3A15D0DEC32A3788C",
  "PInvoke.BCrypt.dll": "FD07758EE1440491F22923084109FF26",
  "PInvoke.Cabinet.dll": "333D950E3804735DA60CC41D614C63E2",
  "PInvoke.CfgMgr32.dll": "768BE7CC18EDCF78B296A72ABE891691",
  "PInvoke.Crypt32.dll": "E7B00B0851738F4A7F2C6D37DAA973B4",
  "PInvoke.DbgHelp.dll": "E701136169620D20E3A70B560DE20E44",
  "PInvoke.DwmApi.dll": "ACF223CC8962404056648815B486F7D9",
  "PInvoke.Gdi32.dll": "69FF434826F98582CE44D3136ECFFACB",
  "PInvoke.Hid.dll": "2E7A41257F8AD9B26073181F450CD8E5",
  "PInvoke.ImageHlp.dll": "79BE816E8D86EA66489D7780DD675D49",
  "PInvoke.IPHlpApi.dll": "E949FA3326D1BA8872B179AB4EE49D38",
  "PInvoke.Kernel32.dll": "234E15B122ED430DE99490CA1A204958",
  "PInvoke.Magnification.dll": "C9EA3D34F506741ECC044DB19C151F09",
  "PInvoke.Msi.dll": "69EE50CE2DA6B55755E52589F49A7EBC",
  "PInvoke.NCrypt.dll": "DA1DE76C14D99370CA3BEF19DC299B15",
  "PInvoke.NetApi32.dll": "AE79F9FA2E3864A5E0642AE4622ECDC5",
  "PInvoke.NewDev.dll": "B3E1992105D986EF9C5C8E4B630FBB07",
  "PInvoke.NTDll.dll": "3F6BDF840EB27DD0FD9EB8071822183A",
  "PInvoke.Ole32.dll": "3C49FB100B60519FFE725BCD12A538F6",
  "PInvoke.Psapi.dll": "A7683EE4B880227F01C8AE632A892B9E",
  "PInvoke.SetupApi.dll": "1B7AE321185D0081D1759A9AD829F9BA",
  "PInvoke.SHCore.dll": "F27E7F063D51480F6D2294C903E4A606",
  "PInvoke.Shell32.dll": "F71A1BCAF6478190691170DAEA77722F",
  "PInvoke.User32.dll": "8BEDE38311ED4F27127290B81B8079FD",
  "PInvoke.Userenv.dll": "FEB7BCA90B8C905EC2F4BB0789847131",
  "PInvoke.UxTheme.dll": "8E683C016250CB719FDB9AAAFC22B3C5",
  "PInvoke.Windows.Core.dll": "90015440A44935208FFEA9BF61740651",
  "PInvoke.Windows.ShellScalingApi.dll": "F351B34B8C9183A51CADFDC279357C49",
  "PInvoke.WinUsb.dll": "9EB8A0280F2848D1A32B560A939F7336",
  "PInvoke.WtsApi32.dll": "341C94455D2E5893DBE4293D4D67AA4D",
  "Reloaded.Assembler.dll": "E7017BB61D476B624E64A7C2556BCD7B",
  "Reloaded.Hooks.Definitions.dll": "47E9A2127DF303B05701FBA4CB19B9F3",
  "Reloaded.Hooks.dll": "7435134544C66E6D9F49228AA7098ED7",
  "Reloaded.Memory.Buffers.dll": "321D189310C4C5FD03180389E02119CA",
  "Reloaded.Memory.dll": "943BB5710F115CBBA4E242FE97342DCA",
  "revision.txt": "AC4D17530106C3E3C2FB5E2DAD0E51B7",
  "SDL2-CS.config": "65557595FD5DF55D93B2BF881DE62C3A",
  "SDL2-CS.dll": "0D0240F391CFB7189788172A1B7B6EE1",
  "Serilog.dll": "F53191EC3FCF3D0EE8D9D45DF96A2D24",
  "Serilog.Sinks.Async.dll": "4BDA006C34A20F4BEDC4D59A2BE77092",
  "Serilog.Sinks.Console.dll": "BE4BE4B0CE132D8873A6C26E73EC6DFB",
  "Serilog.Sinks.File.dll": "CA4F8A36895605F98CC216DDECE2F09F",
  "SharpDX.Direct3D11.dll": "078D4CB1A1FE81F515E8E031BD4843B6",
  "SharpDX.dll": "3EBD0F949644A3C39B1728064E623EC8",
  "SharpDX.DXGI.dll": "2A7A1695CAF2DE2EE559ABE775DA7E0D",
  "SharpDX.Mathematics.dll": "552591021D20AA12A9DC8D49E9754B84",
  "Silk.NET.Core.dll": "57B5B6AAED70846E2E8DDCCE71681934",
  "Silk.NET.GLFW.dll": "15C4B69CC73AF17A08CA722EA0E7B657",
  "Silk.NET.Maths.dll": "B0ADBC83959E11C5491C00D8544DE716",
  "Silk.NET.OpenGL.dll": "9E4E09D1EECD5B8FBACAE4048481577B",
  "Silk.NET.SDL.dll": "5F92C45EE71EAF57FED22A80A60F09BA",
  "Silk.NET.Windowing.Common.dll": "9A530047AFE71C1A8C14F27C435780EE",
  "Silk.NET.Windowing.Glfw.dll": "63D8DB24E048AA3914E56CD1AF356114",
  "Silk.NET.Windowing.Sdl.dll": "3155518203AE88B7041A5D041C282B99",
  "SQLite-net.dll": "18E06441B429C4DF373A0845CB53C672",
  "SQLitePCLRaw.batteries_v2.dll": "E9A4EE52D314C4E2B357E9260CCC4CC3",
  "SQLitePCLRaw.core.dll": "4DF31D3C9511A6AB03CD8B70CB5EEC93",
  "SQLitePCLRaw.nativelibrary.dll": "3C75A4782A5B46B853E6B3D94F125D72",
  "SQLitePCLRaw.provider.dynamic_cdecl.dll": "CFB8CE11C89B4D0E85BF645B212D9584",
  "StbiSharp.dll": "ABD23D47B2D2B7F3E07B18EBDF94F452",
  "System.Reactive.dll": "EF5A00287AD15393D41B12AA4B726FF7",
  "System.Reflection.MetadataLoadContext.dll": "7EC41D41F4E1246757BA3E2EC862D562",
  "System.Security.Cryptography.Pkcs.dll": "8950E01996A37E808BE3F39063C37BF9",
  "TEMP_gitver.txt": "BA7C9F5F82C40D593E0D8B4418CC279D",
  "TerraFX.Interop.Windows.dll": "84F7EF6B0DE91F8CC23F773D3FD6DEC0",
  "Validation.dll": "3E70EB859761567F49505FB15E404759"
}
