{
  "runtimes\\alpine-x64\\native\\libe_sqlite3.so": "39C244FEDBCD3DFC37041D4FCE1AE21D",
  "runtimes\\linux-arm\\native\\libe_sqlite3.so": "96CF54BC0EFB83D6E3F5F3E04997A59D",
  "runtimes\\linux-arm64\\native\\libe_sqlite3.so": "F079E55E7F3F9966A4A2052A3234E068",
  "runtimes\\linux-armel\\native\\libe_sqlite3.so": "C5A67D49434FC65D64E9C15778078C76",
  "runtimes\\linux-mips64\\native\\libe_sqlite3.so": "5F8461214089CFC677D46C19B7162161",
  "runtimes\\linux-musl-x64\\native\\libe_sqlite3.so": "39C244FEDBCD3DFC37041D4FCE1AE21D",
  "runtimes\\linux-x64\\native\\libe_sqlite3.so": "6F49C540D3AB9964D67A4A704C3D262D",
  "runtimes\\linux-x64\\native\\libglfw.so.3": "9E3137144F68B9E9793F4C7AD5B1BEA7",
  "runtimes\\linux-x64\\native\\libSDL2-2.0.so": "99B95A708381FC66AB2370E45A260527",
  "runtimes\\linux-x64\\native\\libstbi.so": "0945355ED59677D06E3E88F48101BB26",
  "runtimes\\linux-x86\\native\\libe_sqlite3.so": "5E0659B414CBD6DDC38C65582485853E",
  "runtimes\\osx-x64\\native\\libe_sqlite3.dylib": "F82AE134FCD1C080A69D775591406673",
  "runtimes\\osx-x64\\native\\libglfw.3.dylib": "1E30FAB2F0C40E82290AD4B0BF14A880",
  "runtimes\\osx-x64\\native\\libSDL2-2.0.dylib": "AAC958490586C67395F0A90903AE3747",
  "runtimes\\osx-x64\\native\\libstbi.dylib": "0B84B0A6A80178266018081C3CAB68E6",
  "runtimes\\win-arm\\native\\e_sqlite3.dll": "8995697EE359C41D4C7E48F3C97ACE8D",
  "runtimes\\win-arm64\\native\\e_sqlite3.dll": "BD35D232993B1F813E938BC704C7D30F",
  "runtimes\\win-x64\\native\\e_sqlite3.dll": "594214586FD7C8F56E003B6DA894E371",
  "runtimes\\win-x64\\native\\glfw3.dll": "D4475396E2B934CB0133F0ED4580A6E0",
  "runtimes\\win-x64\\native\\minhook.x64d.dll": "12FD6EE6302E1A90A151D79113544CA1",
  "runtimes\\win-x64\\native\\SDL2.dll": "A05B55F2FF1523823323F6B0F33677B1",
  "runtimes\\win-x64\\native\\stbi.dll": "C21C64C8D0416DA34D81CF7063FC88F5",
  "runtimes\\win-x64\\native\\stbi.lib": "927C214DE576219E1F80DBE7798A0502",
  "runtimes\\win-x86\\native\\e_sqlite3.dll": "36DE0440643A560E03FBCAEBCA796666",
  "runtimes\\win-x86\\native\\glfw3.dll": "A4F5E9E76F287373F08207D1E3556D58",
  "runtimes\\win-x86\\native\\SDL2.dll": "A4CC993DABF9A8D1960C4FBEC6CB1DC7",
  "targets\\Dalamud.Plugin.Bootstrap.targets": "C85635161398CD9852CF7212DB7EB904",
  "targets\\Dalamud.Plugin.targets": "394EE2BEC70254F76ABBE2C33F62BBFA",
  "BitFaster.Caching.dll": "079C7B6325038FDAFBB84AE0E087A59A",
  "CheapLoc.dll": "F7056A523644B4F4DC91A1D612049268",
  "cimgui.dll": "8FCFC4F081CD12B4B88023E6005B732E",
  "cimguizmo.dll": "C60F41F9009F07AB92818BE62FBDEF56",
  "cimplot.dll": "2DBDEA5BB99D72FEF59CC8419E6D988C",
  "commit_hash.txt": "9FCFFE3D4BC759864A27E54AE1C293C0",
  "Dalamud.Boot.dll": "48F7AEBEAAEC7A235BAA8D21B0AB41AE",
  "Dalamud.Common.dll": "4056AC76EC96FE68DE99C1E77F97DF58",
  "Dalamud.deps.json": "D8737DF2D50D4221564B8D2822711BBF",
  "Dalamud.dll": "056367B7EAF8D1AC36E5920BEE575A9C",
  "Dalamud.Injector.deps.json": "C21972522E8133995B2C9562B3E39983",
  "Dalamud.Injector.dll": "94DB578CAE76E117490D6BFFC051FD0F",
  "Dalamud.Injector.exe": "B97796F74E46D624A9DF7EFEC313D22E",
  "Dalamud.Injector.runtimeconfig.json": "439C534917CEF268A731631073E50FE4",
  "Dalamud.Injector.xml": "6730B8BB13078B71889B5A56C5DFAC6D",
  "Dalamud.runtimeconfig.json": "CA3935E9C6B9E3300F2D7171E4AF6335",
  "Dalamud.xml": "3102C854446698D169D5FCA0386779D3",
  "DalamudCrashHandler.exe": "2B331613FAE9087ABED5D447C24C71F3",
  "FASM-LICENSE.TXT": "ECEA1D10811221D5F0A3E96F9C38E2C7",
  "FASM.DLL": "A63533009FA673670CCE659045396B94",
  "FASMX64.DLL": "78DD057A2851A028C2476B7B178BAC4D",
  "FFXIVClientStructs.dll": "4D8A29EB351B8F996B05EDF0E19956DB",
  "FFXIVClientStructs.xml": "0BBB654482D740289917CEA2059C4715",
  "goaaats.Reloaded.Assembler.targets": "CC22CB0A353E2136EE9E6E96DB9F7164",
  "Iced.dll": "AFEB8A3753BF99164871C93CE72DE76C",
  "ImGui.NET.dll": "3825B2F2981A1D4B9EEB7394FBAD6FDD",
  "ImGuiScene.dll": "4A26B5AB1E81747FEA6B80D97AC738AA",
  "InteropGenerator.Runtime.dll": "EB2AC14666F1AA9905FDE65C4C808191",
  "JetBrains.Annotations.dll": "4972A8228D6A37B1938F1CEB2600E86F",
  "licenses.txt": "A159BE62AA91178EFC3E3983AE874D1D",
  "Lumina.dll": "E1E3C89E9A9122204375F62655813039",
  "Lumina.Excel.dll": "728EAD6AC388ED72E444DCEAA596F2DB",
  "Microsoft.Bcl.HashCode.dll": "613AB56061ADF2284E047025207467E0",
  "Microsoft.DotNet.PlatformAbstractions.dll": "00AB0F02B1114C57C758F5AD595224F1",
  "Microsoft.Extensions.DependencyModel.dll": "F39BC76C10CFEA478C936FC4521A9FC9",
  "Microsoft.Extensions.ObjectPool.dll": "B0558CE087EAE95853E35579300F3A77",
  "MinSharp.dll": "DE83C8EA823BBEE37F8FB5091D89DE4F",
  "Mono.Cecil.dll": "14FD5AF47F018FAAEF93452FEB242130",
  "Mono.Cecil.Mdb.dll": "17784A81CF4D43D9F0E5DA626EC8BDCF",
  "Mono.Cecil.Pdb.dll": "C6995604B3A3F6C6E127A2311FD06400",
  "Mono.Cecil.Rocks.dll": "75D06495B34F45EE63011976A52850B5",
  "nethost.dll": "21F39F71E2F4B5BA9FB3F126872F2F9B",
  "Newtonsoft.Json.dll": "ADF3E3EECDE20B7C9661E9C47106A14A",
  "PeNet.Asn1.dll": "BFE1F015DA02E2E3E3C89A251D6F3BD3",
  "PeNet.dll": "504CA67D32B3AB6D511798C2D97B60CA",
  "PInvoke.AdvApi32.dll": "34EE461D05B403C3A15D0DEC32A3788C",
  "PInvoke.BCrypt.dll": "FD07758EE1440491F22923084109FF26",
  "PInvoke.Cabinet.dll": "333D950E3804735DA60CC41D614C63E2",
  "PInvoke.CfgMgr32.dll": "768BE7CC18EDCF78B296A72ABE891691",
  "PInvoke.Crypt32.dll": "E7B00B0851738F4A7F2C6D37DAA973B4",
  "PInvoke.DbgHelp.dll": "E701136169620D20E3A70B560DE20E44",
  "PInvoke.DwmApi.dll": "ACF223CC8962404056648815B486F7D9",
  "PInvoke.Gdi32.dll": "69FF434826F98582CE44D3136ECFFACB",
  "PInvoke.Hid.dll": "2E7A41257F8AD9B26073181F450CD8E5",
  "PInvoke.ImageHlp.dll": "79BE816E8D86EA66489D7780DD675D49",
  "PInvoke.IPHlpApi.dll": "E949FA3326D1BA8872B179AB4EE49D38",
  "PInvoke.Kernel32.dll": "234E15B122ED430DE99490CA1A204958",
  "PInvoke.Magnification.dll": "C9EA3D34F506741ECC044DB19C151F09",
  "PInvoke.Msi.dll": "69EE50CE2DA6B55755E52589F49A7EBC",
  "PInvoke.NCrypt.dll": "DA1DE76C14D99370CA3BEF19DC299B15",
  "PInvoke.NetApi32.dll": "AE79F9FA2E3864A5E0642AE4622ECDC5",
  "PInvoke.NewDev.dll": "B3E1992105D986EF9C5C8E4B630FBB07",
  "PInvoke.NTDll.dll": "3F6BDF840EB27DD0FD9EB8071822183A",
  "PInvoke.Ole32.dll": "3C49FB100B60519FFE725BCD12A538F6",
  "PInvoke.Psapi.dll": "A7683EE4B880227F01C8AE632A892B9E",
  "PInvoke.SetupApi.dll": "1B7AE321185D0081D1759A9AD829F9BA",
  "PInvoke.SHCore.dll": "F27E7F063D51480F6D2294C903E4A606",
  "PInvoke.Shell32.dll": "F71A1BCAF6478190691170DAEA77722F",
  "PInvoke.User32.dll": "8BEDE38311ED4F27127290B81B8079FD",
  "PInvoke.Userenv.dll": "FEB7BCA90B8C905EC2F4BB0789847131",
  "PInvoke.UxTheme.dll": "8E683C016250CB719FDB9AAAFC22B3C5",
  "PInvoke.Windows.Core.dll": "90015440A44935208FFEA9BF61740651",
  "PInvoke.Windows.ShellScalingApi.dll": "F351B34B8C9183A51CADFDC279357C49",
  "PInvoke.WinUsb.dll": "9EB8A0280F2848D1A32B560A939F7336",
  "PInvoke.WtsApi32.dll": "341C94455D2E5893DBE4293D4D67AA4D",
  "Reloaded.Assembler.dll": "CABE328F168CD32125CC7A2F20D5852D",
  "Reloaded.Hooks.Definitions.dll": "C09BDE1932173C861687968F68710FAE",
  "Reloaded.Hooks.dll": "3597E43AE50ECF2B30B6E6A9C29FE921",
  "Reloaded.Memory.Buffers.dll": "1DCD426C89FDD1DEE4476DFFAE148D1B",
  "Reloaded.Memory.dll": "62966CDA150A8521404CCD58A466DE1E",
  "revision.txt": "337CD73A31464DD4ADFC3C5DBC356CD0",
  "SDL2-CS.config": "65557595FD5DF55D93B2BF881DE62C3A",
  "SDL2-CS.dll": "712AE6B1E823456836B01BAC1AFCA2ED",
  "Serilog.dll": "DC9494F3A47EA5008B52EE381E547D1C",
  "Serilog.Sinks.Async.dll": "BBEA3DA3C6551B64472EAE7808FA12F8",
  "Serilog.Sinks.Console.dll": "85693AA8BFA5512A75998C85450AFDA7",
  "Serilog.Sinks.File.dll": "7B4950C00C8F9C12165C37E72692BD1F",
  "SharpDX.Direct3D11.dll": "AD1F52D608B9222980C6922F4DCB6444",
  "SharpDX.dll": "72D7579C58FDFAA0F50FFE8E75A32753",
  "SharpDX.DXGI.dll": "699EAF0A9305BFF93802BC00DBAE92BF",
  "SharpDX.Mathematics.dll": "78850BE840E87D66A5D84AAB60D41B0F",
  "Silk.NET.Core.dll": "7D4B957C56D894F9898ED0331D4A53E6",
  "Silk.NET.GLFW.dll": "0A501BC3B3CD9CDA33FAA2190D58B92F",
  "Silk.NET.Maths.dll": "776319FC597ACF71F489691A07DF2E91",
  "Silk.NET.OpenGL.dll": "D471CE0C1FB6AB399EECFBC6ECC45109",
  "Silk.NET.SDL.dll": "B1ABAD609DB47CC85B6EA5296D5D0FC2",
  "Silk.NET.Windowing.Common.dll": "14819CEF465FB627A2EB80D858B1921E",
  "Silk.NET.Windowing.Glfw.dll": "A9418A4D0937056F3B26E8FEA14BA17E",
  "Silk.NET.Windowing.Sdl.dll": "428C29E8C877FF19E6C881F1A384E9EC",
  "SQLite-net.dll": "1BF4BD5A95F10BB12BECAA874C2C607D",
  "SQLitePCLRaw.batteries_v2.dll": "485673242A2D1E2BB00F5393B2682D9F",
  "SQLitePCLRaw.core.dll": "1EACE131AAAE8C8DC8DAFB7CCCF57CB3",
  "SQLitePCLRaw.nativelibrary.dll": "26707E97CDFDADB429A5F93F44E0D647",
  "SQLitePCLRaw.provider.dynamic_cdecl.dll": "7F4A244BC499BEAA326B0550CBAF3FDA",
  "StbiSharp.dll": "0CB7C0DF9787D3DB584555F59FFCC622",
  "System.Reactive.dll": "EF5A00287AD15393D41B12AA4B726FF7",
  "System.Reflection.MetadataLoadContext.dll": "E88E3AF6D37736F339022C9ACC5F2F7B",
  "System.Security.Cryptography.Pkcs.dll": "8950E01996A37E808BE3F39063C37BF9",
  "TEMP_gitver.txt": "D209B137F568FB69C67729CBB9CDCF17",
  "TerraFX.Interop.Windows.dll": "84F7EF6B0DE91F8CC23F773D3FD6DEC0",
  "Validation.dll": "BB45DCDBB95C3A9003E5A8DAF3A48E07"
}
