{
  "cs\\Microsoft.VisualStudio.Threading.resources.dll": "59CC07A0788ED5D2D7B1EC4C24692B5E",
  "cs\\Microsoft.VisualStudio.Validation.resources.dll": "6D64EB21E28D7DA0951CCB11D5A111DB",
  "cs\\StreamJsonRpc.resources.dll": "187B9DF9156C8ECA5FFC2D8DFC0D0AEB",
  "de\\Microsoft.VisualStudio.Threading.resources.dll": "E8F71F6E86250EE8F040884F21901A84",
  "de\\Microsoft.VisualStudio.Validation.resources.dll": "6BDBEB8494C6DF5EE482065A9D7F0B1E",
  "de\\StreamJsonRpc.resources.dll": "18A2EE45995D18CB97504B89E1D8EA84",
  "es\\Microsoft.VisualStudio.Threading.resources.dll": "C91684BC69AC34D7C4761C769C4613CE",
  "es\\Microsoft.VisualStudio.Validation.resources.dll": "0F92DD2019CF7222118E8B5D9409A328",
  "es\\StreamJsonRpc.resources.dll": "1426AE60A50C341884A93E75FDCB8F15",
  "fr\\Microsoft.VisualStudio.Threading.resources.dll": "8DF66006C30B545517609BC994A333BF",
  "fr\\Microsoft.VisualStudio.Validation.resources.dll": "1299DF7F85B8ABCC8205E7F968E64DE5",
  "fr\\StreamJsonRpc.resources.dll": "E0EF73E9AC6F5AC89FEFA3E4442FA526",
  "it\\Microsoft.VisualStudio.Threading.resources.dll": "ACB2901AD3BA29250398D7F7C7F06472",
  "it\\Microsoft.VisualStudio.Validation.resources.dll": "E96AFCAC956DE57A60CF403431A06B9F",
  "it\\StreamJsonRpc.resources.dll": "AF93C232BE3DE144BDBA9D47B0CF1FBA",
  "ja\\Microsoft.VisualStudio.Threading.resources.dll": "57953EF05139ABD830A160D29D477AE7",
  "ja\\Microsoft.VisualStudio.Validation.resources.dll": "37C3387A524C942BC21029A532E0FA88",
  "ja\\StreamJsonRpc.resources.dll": "71C0BF4563B000F7F6FD977A56646389",
  "ko\\Microsoft.VisualStudio.Threading.resources.dll": "4E69F9315A2BE37081E916836BD2865B",
  "ko\\Microsoft.VisualStudio.Validation.resources.dll": "F7519010D92C7E3BF6DD25032575FD3D",
  "ko\\StreamJsonRpc.resources.dll": "0462338CED7D90B6A89AA6C5C0B553ED",
  "pl\\Microsoft.VisualStudio.Threading.resources.dll": "E957E9AD4D62A6EDE5DEDB85DCB66BE0",
  "pl\\Microsoft.VisualStudio.Validation.resources.dll": "157FEA4FF784A1A3C450AAEAFC808171",
  "pl\\StreamJsonRpc.resources.dll": "A386D42B9AC0F3349E75FA0711BF6125",
  "pt-BR\\Microsoft.VisualStudio.Threading.resources.dll": "D0E584DCA9CFC97B49480B5326D1BE85",
  "pt-BR\\Microsoft.VisualStudio.Validation.resources.dll": "F1D96FD5909173972C661A1D8FE629DB",
  "pt-BR\\StreamJsonRpc.resources.dll": "7FF82CEBA9C3AFD947DC59A5FE132C78",
  "ru\\Microsoft.VisualStudio.Threading.resources.dll": "53F0D3DFF78ACA534A9F06C3E435BCDE",
  "ru\\Microsoft.VisualStudio.Validation.resources.dll": "DA5D932621691D0A43F9C41589BEA612",
  "ru\\StreamJsonRpc.resources.dll": "2BE00971D9A6088B5EC340B210503234",
  "runtimes\\alpine-arm\\native\\libe_sqlite3.so": "87AF85204A246154501382901F3F6812",
  "runtimes\\alpine-arm64\\native\\libe_sqlite3.so": "CD4B9AAB53400EFE96ABC32B339A866A",
  "runtimes\\alpine-x64\\native\\libe_sqlite3.so": "6C9D6E34F1E932668237404D6EB6FC66",
  "runtimes\\browser-wasm\\nativeassets\\net7.0\\e_sqlite3.a": "E25518AC5EAD5E787448F3258236888E",
  "runtimes\\linux-arm\\native\\libe_sqlite3.so": "B8DA0DB6A447B5CCE98207F6A250FB84",
  "runtimes\\linux-arm64\\native\\libe_sqlite3.so": "A888898B38395A15F2DE200BAA8B486F",
  "runtimes\\linux-armel\\native\\libe_sqlite3.so": "54F3F4183B81387F7928ED0BB9B67B32",
  "runtimes\\linux-mips64\\native\\libe_sqlite3.so": "D56886A2E2F081CDEA1621BB18132764",
  "runtimes\\linux-musl-arm\\native\\libe_sqlite3.so": "87AF85204A246154501382901F3F6812",
  "runtimes\\linux-musl-arm64\\native\\libe_sqlite3.so": "CD4B9AAB53400EFE96ABC32B339A866A",
  "runtimes\\linux-musl-x64\\native\\libe_sqlite3.so": "6C9D6E34F1E932668237404D6EB6FC66",
  "runtimes\\linux-s390x\\native\\libe_sqlite3.so": "CB751CC76F280849C0E2F718D6784E69",
  "runtimes\\linux-x64\\native\\libe_sqlite3.so": "30098E7FAEB947BF5A5AE2FDB34E4461",
  "runtimes\\linux-x86\\native\\libe_sqlite3.so": "68872BD5071077981504636C2353EAA8",
  "runtimes\\maccatalyst-arm64\\native\\libe_sqlite3.dylib": "B2597C8799A6D21E5B98DB28C9C725FD",
  "runtimes\\maccatalyst-x64\\native\\libe_sqlite3.dylib": "19DCF2A64A7B5D1B8C7705AC809653A5",
  "runtimes\\osx-arm64\\native\\libe_sqlite3.dylib": "FB6D0058E0E849FA8715911B49790350",
  "runtimes\\osx-x64\\native\\libe_sqlite3.dylib": "DE5735102E730C1518C029DB3A0040A9",
  "runtimes\\win-arm\\native\\e_sqlite3.dll": "9B356FCDDA2B0CE2F85BB57AFB9B4A6E",
  "runtimes\\win-arm64\\native\\e_sqlite3.dll": "D808178BCA3DC62FBED8769CA2071BF1",
  "runtimes\\win-x64\\native\\e_sqlite3.dll": "61DA7B9B8E59E7FF0ECBF0478657553B",
  "runtimes\\win-x64\\native\\minhook.x64d.dll": "F9A02987AE2DC6CC733A2762B0A29B55",
  "runtimes\\win-x86\\native\\e_sqlite3.dll": "4F829B00912BB63CB3E136B5DD730BDE",
  "tr\\Microsoft.VisualStudio.Threading.resources.dll": "538FE3DA0C0527DC98456020A4351A85",
  "tr\\Microsoft.VisualStudio.Validation.resources.dll": "7C15CA39FCA7DF71D62C46E6F03389EF",
  "tr\\StreamJsonRpc.resources.dll": "E2AD6BCEBF0533F4D421EE83B42795C1",
  "zh-Hans\\Microsoft.VisualStudio.Threading.resources.dll": "4263966625E34972E95A9C1A2A0C61E8",
  "zh-Hans\\Microsoft.VisualStudio.Validation.resources.dll": "EB7953D05EF1CE51E790708D42EE5D18",
  "zh-Hans\\StreamJsonRpc.resources.dll": "FF596CD821202672B86089A5AB619C71",
  "zh-Hant\\Microsoft.VisualStudio.Threading.resources.dll": "4B693EDFE83A99478E1041AA17FFC35A",
  "zh-Hant\\Microsoft.VisualStudio.Validation.resources.dll": "8EF011A0285333D0EEFE22D5AA7A1702",
  "zh-Hant\\StreamJsonRpc.resources.dll": "BBF8E9013F9B1244348840EAA9CAF9B0",
  "BCnEncoder.dll": "18E6281EA72BA749269D220866DD33DB",
  "BitFaster.Caching.dll": "86251141C5EA2C39CDC89B4EF57C77B4",
  "CheapLoc.dll": "DF2BFF0E5246EA18DBF58CF194A406AE",
  "cimgui.dll": "8960387521F61116ED5B132A2C3D3D40",
  "cimguizmo.dll": "5AC762C953FCC37CB978F900F37D5AA8",
  "cimplot.dll": "0E4BB987F6A2036BEE73959328BD36F0",
  "commit_hash.txt": "55328C98FE79AEC412A6C2EF8A7D8AE7",
  "CommunityToolkit.HighPerformance.dll": "66B64EC334625F2C5D341A45E28EEB43",
  "Dalamud.Bindings.ImGui.dll": "8A8A65B6F49C3AF064F3C43EBB9FADD5",
  "Dalamud.Bindings.ImGuizmo.dll": "23D18266195FA9EDBE5E0EC98FD1F642",
  "Dalamud.Bindings.ImPlot.dll": "7C21D80222ABCE4B2CF1C7841D02859D",
  "Dalamud.Boot.dll": "F0753E1F884AFD0B6CC4D40E41D6C411",
  "Dalamud.Common.dll": "DBAFB18C394813D55AA7B48F80212AA5",
  "Dalamud.deps.json": "984238510A2EA69BCA07C16C32508B9C",
  "Dalamud.dll": "9848DE5FFCAA41C1D1AE2EA67AA579C5",
  "Dalamud.Injector.deps.json": "28C3C412E18C8E21BCEC052CCAF9CE11",
  "Dalamud.Injector.dll": "7BC22D43AD520F637FBE43D5E6CEC5F6",
  "Dalamud.Injector.exe": "1916AF01B9D6AE01A71FA6DEA7EAFA1B",
  "Dalamud.Injector.runtimeconfig.json": "481C4D4F6151485203242D25F632FCC5",
  "Dalamud.Injector.xml": "573870DEB8A9854EC20203EDE9D78425",
  "Dalamud.runtimeconfig.json": "9DB7F0D7C94CA1AA6CA3ACFA6F93A1D8",
  "Dalamud.xml": "4F516E701A519917CAACF954F14B45E2",
  "DalamudCrashHandler.exe": "FF085272AE3CF42C4230795C45E0CDD5",
  "FASM-LICENSE.TXT": "ECEA1D10811221D5F0A3E96F9C38E2C7",
  "FASM.DLL": "876A4FD0B4873D6356A1AD603EB1526D",
  "FASMX64.DLL": "B3E5EF4C7204E9561A73E672E5C5C19E",
  "FFXIVClientStructs.dll": "648864D3F319210765EBED2C915DD55B",
  "FFXIVClientStructs.xml": "4086C1F0B1F08B61EF214C78C225EDC3",
  "goatcorp.Reloaded.Assembler.dll": "C30387C7E1F7F367182E4C9AB1B758CE",
  "goatcorp.Reloaded.Assembler.targets": "CC22CB0A353E2136EE9E6E96DB9F7164",
  "goatcorp.Reloaded.Hooks.dll": "535692A377AB4B08F6781B73C40316BF",
  "goatcorp.Reloaded.Memory.Buffers.dll": "895884F0A14C45448FE593577CFD6870",
  "HexaGen.Runtime.dll": "8EF8870CBA48AD3990FA240E1BE6857B",
  "Iced.dll": "AED6C3D443DB80116153BF537C372020",
  "ImGuiScene.dll": "D8867174F06586CC4BCCBE334966AC5F",
  "InteropGenerator.Runtime.dll": "7DBF223C6E92A6110FA2D611C24E99EA",
  "JetBrains.Annotations.dll": "D334483DFBCF8BE6062277E1FB3B94F3",
  "licenses.txt": "A159BE62AA91178EFC3E3983AE874D1D",
  "Lumina.dll": "5147B12CAF3FC441DF61A06F67AF1084",
  "Lumina.Excel.dll": "153CA3CFFDB3C8A32EB6FAC1211F68E4",
  "Lumina.Excel.xml": "8C361FFD52612B54A308E043847D6823",
  "MessagePack.Annotations.dll": "6776D3D22E8C8BD8F7F081346413C8E3",
  "MessagePack.dll": "1851643B12D52FCAA40ED49049819F5C",
  "Microsoft.Extensions.ObjectPool.dll": "CB2B8426DF93B062B631BC85B3369BED",
  "Microsoft.NET.StringTools.dll": "88B3B9B25E54FF438D2F4F1609B726A4",
  "Microsoft.VisualStudio.Threading.dll": "EF2AC53B930F5ED16DA3B4CFB1033813",
  "Microsoft.VisualStudio.Validation.dll": "0B1D5949C6944383B1EE896C5E13D08B",
  "MinSharp.dll": "F66DB16952CAC4A51104D1E307748202",
  "Mono.Cecil.dll": "20992DB4C0CC21C66D38F11602C9F58E",
  "Mono.Cecil.Mdb.dll": "F521129F9113EA79942EDF632BD25B5A",
  "Mono.Cecil.Pdb.dll": "2A0C1B17C5AADADF570813289668E937",
  "Mono.Cecil.Rocks.dll": "928FC5B57017AFD5A43882118FE9FCB1",
  "Nerdbank.Streams.dll": "539451E456062345AF25E7E17335299B",
  "nethost.dll": "21F39F71E2F4B5BA9FB3F126872F2F9B",
  "Newtonsoft.Json.dll": "C252FE44B67A08E6DAB4EADE3764DB49",
  "PeNet.Asn1.dll": "DF4C2110B1886EA7B0643C6E244ADFAE",
  "PeNet.dll": "A8800865833FDB94A1286CB6629A09F1",
  "Reloaded.Hooks.Definitions.dll": "03E09D1105CA0FF4156EE7E9BB0B939B",
  "Reloaded.Memory.Buffers.dll": "70831A7F9FE9DA4A59BE0914915E63EC",
  "Reloaded.Memory.dll": "96E8E48C8FF0A6D722C943CA5DF15639",
  "revision.txt": "012D9FE15B2493F21902CD55603382EC",
  "Serilog.dll": "0F42AAFD52AB35A74AF1EA87CD5747EF",
  "Serilog.Sinks.Async.dll": "DB2D4AF0465A41E52BD6750800FE305F",
  "Serilog.Sinks.Console.dll": "FC2FB17D61333D517B6D65AC834A1C51",
  "Serilog.Sinks.File.dll": "8DD4106974C47316CDF4F9EC0B7C5D06",
  "SQLite-net.dll": "6304EA37BEE82CF932389ED93832D23F",
  "SQLitePCLRaw.batteries_v2.dll": "8734AA5C7470626EFF3A0672DBCC10B6",
  "SQLitePCLRaw.core.dll": "4449DB09D076C5D213A4D5F5264DEAA4",
  "SQLitePCLRaw.provider.e_sqlite3.dll": "A8541F6241007A186D738C8FB49B7B4C",
  "StreamJsonRpc.dll": "6157633EE85D57CFF6772C1526F2D352",
  "System.Reactive.dll": "C6016588304D55406E3D1C2FA7D42903",
  "System.Reflection.MetadataLoadContext.dll": "284C720DEE2524BCF10DD1B5648AA303",
  "System.Security.Cryptography.Pkcs.dll": "17945B2BF07D9377E36AD3EBE69FF693",
  "TEMP_gitver.txt": "1501F92183AF5AA94D961C327D5C6F5F",
  "TerraFX.Interop.Windows.dll": "C75D06E77DE5A095D45676A81CDE0DC9"
}
