{
  "runtimes\\alpine-x64\\native\\libe_sqlite3.so": "39C244FEDBCD3DFC37041D4FCE1AE21D",
  "runtimes\\linux-arm\\native\\libe_sqlite3.so": "96CF54BC0EFB83D6E3F5F3E04997A59D",
  "runtimes\\linux-arm64\\native\\libe_sqlite3.so": "F079E55E7F3F9966A4A2052A3234E068",
  "runtimes\\linux-armel\\native\\libe_sqlite3.so": "C5A67D49434FC65D64E9C15778078C76",
  "runtimes\\linux-mips64\\native\\libe_sqlite3.so": "5F8461214089CFC677D46C19B7162161",
  "runtimes\\linux-musl-x64\\native\\libe_sqlite3.so": "39C244FEDBCD3DFC37041D4FCE1AE21D",
  "runtimes\\linux-x64\\native\\libe_sqlite3.so": "6F49C540D3AB9964D67A4A704C3D262D",
  "runtimes\\linux-x86\\native\\libe_sqlite3.so": "5E0659B414CBD6DDC38C65582485853E",
  "runtimes\\osx-x64\\native\\libe_sqlite3.dylib": "F82AE134FCD1C080A69D775591406673",
  "runtimes\\win-arm\\native\\e_sqlite3.dll": "32E6A299452F3CF804125B04B566E507",
  "runtimes\\win-arm64\\native\\e_sqlite3.dll": "4B4BFDD95CCE551A73A56C3DD22CBF0A",
  "runtimes\\win-x64\\native\\e_sqlite3.dll": "C5C66A98246F0A63D20B95A9A515313F",
  "runtimes\\win-x64\\native\\minhook.x64d.dll": "1129062759060DD384A86E7D4A07D6C3",
  "runtimes\\win-x86\\native\\e_sqlite3.dll": "FD9E4F80F5E8E5E588260BAA8070AA75",
  "targets\\Dalamud.Plugin.Bootstrap.targets": "C85635161398CD9852CF7212DB7EB904",
  "targets\\Dalamud.Plugin.targets": "394EE2BEC70254F76ABBE2C33F62BBFA",
  "BCnEncoder.dll": "B9671E9B6C9B3B4CDE5ACFCF68183E63",
  "BitFaster.Caching.dll": "85D13945E638FC0C3D44B6A536EBB5A3",
  "CheapLoc.dll": "311FF787FC5732F29A820965CD625206",
  "cimgui.dll": "C64F58C41CB5B4F5FAC37DC799AF5C63",
  "cimguizmo.dll": "C54387A1175F392C1C18A2D8D62DC635",
  "cimplot.dll": "F63DCB85CE3E25EF358FCECED03377F5",
  "commit_hash.txt": "D825F7290646CFFF74310A2FA95A1C39",
  "CommunityToolkit.HighPerformance.dll": "66B64EC334625F2C5D341A45E28EEB43",
  "Dalamud.Bindings.ImGui.dll": "5AA6A0980036614911D36FDC9C28C1BC",
  "Dalamud.Bindings.ImGuizmo.dll": "2F04B2E2427486A2D158AA01130D787A",
  "Dalamud.Bindings.ImPlot.dll": "C4F3CDA458691FECCA5C0FEF76CAEBA3",
  "Dalamud.Boot.dll": "F89BDE55B4886565D3C6F6D952A1D540",
  "Dalamud.Common.dll": "19F785B6B1A5A0A9E55B536C696F9558",
  "Dalamud.deps.json": "03908D26BFCF69D8EF9E62904F407C63",
  "Dalamud.dll": "26BE8AFD9D5422C7FA69A663CD281A5F",
  "Dalamud.Injector.deps.json": "AE17A723819E88058C70AA4BDA14CA37",
  "Dalamud.Injector.dll": "200C07B8289FE5DEF48D5A3F75760411",
  "Dalamud.Injector.exe": "D1282F108FDE4310EEFFB41F82CC6891",
  "Dalamud.Injector.runtimeconfig.json": "439C534917CEF268A731631073E50FE4",
  "Dalamud.Injector.xml": "07EC7B68C97460A1C8275C75BE82FAA9",
  "Dalamud.runtimeconfig.json": "CA3935E9C6B9E3300F2D7171E4AF6335",
  "Dalamud.xml": "73C6726A758DF7FDD819FC3CCEC32E61",
  "DalamudCrashHandler.exe": "5779CE920F6624F75FA8D2823ACAF199",
  "FASM-LICENSE.TXT": "ECEA1D10811221D5F0A3E96F9C38E2C7",
  "FASM.DLL": "134C764D54B8A110A9C760A373511A8D",
  "FASMX64.DLL": "C196C05AE22F04D38A5B6CE59DEC6390",
  "FFXIVClientStructs.dll": "E87925FE3CE34D632C2C13CC8B8C0F3D",
  "FFXIVClientStructs.xml": "2AE5AFF7925698A5DA881FD75801990F",
  "goatcorp.Reloaded.Assembler.dll": "E53A62478EB2B5FF5E5499B7D2CD546F",
  "goatcorp.Reloaded.Assembler.targets": "CC22CB0A353E2136EE9E6E96DB9F7164",
  "goatcorp.Reloaded.Hooks.dll": "0A3C93FC009202871F96718CCAF1F8C1",
  "goatcorp.Reloaded.Memory.Buffers.dll": "815574AB7EBDFF90071B576F207EF78F",
  "HexaGen.Runtime.dll": "730BF0FB250D4F206FCFF63E097407E8",
  "Iced.dll": "E8C3573E4053275FB26BDA11C2A47783",
  "ImGuiScene.dll": "6D7CE04902BC31213A98BB13393F5459",
  "InteropGenerator.Runtime.dll": "FA6F48F4C47F64E853187592DDA4A4CC",
  "JetBrains.Annotations.dll": "39201BD9A02982646E4CA9C41A82C48C",
  "licenses.txt": "A159BE62AA91178EFC3E3983AE874D1D",
  "Lumina.dll": "8B470522F2E15D16EF96C00FF2476E85",
  "Lumina.Excel.dll": "3EA71503C62C6A240AFB5D2F2052032B",
  "Lumina.Excel.xml": "3D3B7AD224A8A04B92B2B311FB8DA535",
  "Microsoft.Extensions.ObjectPool.dll": "5510583E2B50BE953814615586673C33",
  "MinSharp.dll": "01A0119D4DDA6ED8C7ED02E4FFAE1E3D",
  "Mono.Cecil.dll": "0B99E930C7A0618F31D3BAD737A2A5A0",
  "Mono.Cecil.Mdb.dll": "5C8F63E848673C46BCB5587898ACCF86",
  "Mono.Cecil.Pdb.dll": "9207EDCD7EA08A8D9CD539C28FB6EC90",
  "Mono.Cecil.Rocks.dll": "1FA7366E9469BDE93121BFE9F6E7D792",
  "nethost.dll": "21F39F71E2F4B5BA9FB3F126872F2F9B",
  "Newtonsoft.Json.dll": "ADF3E3EECDE20B7C9661E9C47106A14A",
  "PeNet.Asn1.dll": "EDFAE2ACD1332CD20D0E7D83ED08B5A8",
  "PeNet.dll": "B04EFFF99B2AC734C9627F9AC006662B",
  "Reloaded.Hooks.Definitions.dll": "873B2A28976E178E4DFEE7022D973A87",
  "Reloaded.Memory.Buffers.dll": "74100C89609F5E6E3516ABA0B7EF2135",
  "Reloaded.Memory.dll": "8A9BD6D8C039781A3A1A1B93BB13B1B7",
  "revision.txt": "58182B82110146887C02DBD78719E3D5",
  "Serilog.dll": "63A263DD957898AA8FBDA3F7EF9A2B5F",
  "Serilog.Sinks.Async.dll": "B01BE914FAFD0E5D3F054B630D0FEAD1",
  "Serilog.Sinks.Console.dll": "50B11D637A8C13E51A2D841DE795D079",
  "Serilog.Sinks.File.dll": "D2F6477B510965036F0AB142A61FED4C",
  "SharpDX.Direct3D11.dll": "C33B6FCFC5539832298B36654980686F",
  "SharpDX.dll": "90A5D59BF7485C15352B7C58329FB052",
  "SharpDX.DXGI.dll": "4CA4195CD92F4EC020AAF00CD0B69EBA",
  "SharpDX.Mathematics.dll": "DB7C0BE39A6A86A7A018C10DCFDA58F4",
  "SQLite-net.dll": "7D5329044B1B204E031220AE8C3C08E7",
  "SQLitePCLRaw.batteries_v2.dll": "C89DD808CC845FB2D95594B2EFC5CD04",
  "SQLitePCLRaw.core.dll": "7F84D32EF44ECE9291E3431CBCA606DF",
  "SQLitePCLRaw.nativelibrary.dll": "D6302176C7F3ACEA2EDB35F72BC2A85A",
  "SQLitePCLRaw.provider.dynamic_cdecl.dll": "065EB13BA772756791E351359AF4B1BE",
  "System.Reactive.dll": "EF5A00287AD15393D41B12AA4B726FF7",
  "System.Reflection.MetadataLoadContext.dll": "E88E3AF6D37736F339022C9ACC5F2F7B",
  "System.Security.Cryptography.Pkcs.dll": "8950E01996A37E808BE3F39063C37BF9",
  "TEMP_gitver.txt": "37A5A3134819E651237BB2C31BD875A1",
  "TerraFX.Interop.Windows.dll": "84F7EF6B0DE91F8CC23F773D3FD6DEC0"
}
