{
  "runtimes\\alpine-arm\\native\\libe_sqlite3.so": "87AF85204A246154501382901F3F6812",
  "runtimes\\alpine-arm64\\native\\libe_sqlite3.so": "CD4B9AAB53400EFE96ABC32B339A866A",
  "runtimes\\alpine-x64\\native\\libe_sqlite3.so": "6C9D6E34F1E932668237404D6EB6FC66",
  "runtimes\\browser-wasm\\nativeassets\\net7.0\\e_sqlite3.a": "E25518AC5EAD5E787448F3258236888E",
  "runtimes\\linux-arm\\native\\libe_sqlite3.so": "B8DA0DB6A447B5CCE98207F6A250FB84",
  "runtimes\\linux-arm64\\native\\libe_sqlite3.so": "A888898B38395A15F2DE200BAA8B486F",
  "runtimes\\linux-armel\\native\\libe_sqlite3.so": "54F3F4183B81387F7928ED0BB9B67B32",
  "runtimes\\linux-mips64\\native\\libe_sqlite3.so": "D56886A2E2F081CDEA1621BB18132764",
  "runtimes\\linux-musl-arm\\native\\libe_sqlite3.so": "87AF85204A246154501382901F3F6812",
  "runtimes\\linux-musl-arm64\\native\\libe_sqlite3.so": "CD4B9AAB53400EFE96ABC32B339A866A",
  "runtimes\\linux-musl-x64\\native\\libe_sqlite3.so": "6C9D6E34F1E932668237404D6EB6FC66",
  "runtimes\\linux-s390x\\native\\libe_sqlite3.so": "CB751CC76F280849C0E2F718D6784E69",
  "runtimes\\linux-x64\\native\\libe_sqlite3.so": "30098E7FAEB947BF5A5AE2FDB34E4461",
  "runtimes\\linux-x86\\native\\libe_sqlite3.so": "68872BD5071077981504636C2353EAA8",
  "runtimes\\maccatalyst-arm64\\native\\libe_sqlite3.dylib": "B2597C8799A6D21E5B98DB28C9C725FD",
  "runtimes\\maccatalyst-x64\\native\\libe_sqlite3.dylib": "19DCF2A64A7B5D1B8C7705AC809653A5",
  "runtimes\\osx-arm64\\native\\libe_sqlite3.dylib": "FB6D0058E0E849FA8715911B49790350",
  "runtimes\\osx-x64\\native\\libe_sqlite3.dylib": "DE5735102E730C1518C029DB3A0040A9",
  "runtimes\\win-arm\\native\\e_sqlite3.dll": "CEDA95E560543DF01E445755B8540F09",
  "runtimes\\win-arm64\\native\\e_sqlite3.dll": "026FDF0EE312ED66B97340EB563763CC",
  "runtimes\\win-x64\\native\\e_sqlite3.dll": "D49BCDB37916D66EA0ECEBAACE7ED3A3",
  "runtimes\\win-x64\\native\\minhook.x64d.dll": "6C76C102E99D4140BB78296851B8FC60",
  "runtimes\\win-x86\\native\\e_sqlite3.dll": "8C2E59962DF5C2E7511D3F0A625C03A2",
  "BCnEncoder.dll": "F8C57865C89E9D59A8FD282B7EA75AB6",
  "BitFaster.Caching.dll": "840592F80445F9EBBD408CEED7A0C753",
  "CheapLoc.dll": "E9393604E3E4545F7777137CB542E0BB",
  "cimgui.dll": "914EF6628D43BFEE39B296476AC75B45",
  "cimguizmo.dll": "4421A3A0C18C6B215B6F0EFC6E78065B",
  "cimplot.dll": "A579A0CDC7C8146797A863C3162E44D2",
  "commit_hash.txt": "97D52D00C11D3CA7FB54225986415AB1",
  "CommunityToolkit.HighPerformance.dll": "66B64EC334625F2C5D341A45E28EEB43",
  "Dalamud.Bindings.ImGui.dll": "3DC862FAFB586FA1473A82F8B30D24A6",
  "Dalamud.Bindings.ImGuizmo.dll": "F48E99961E127A6B9C1EA269C2776A48",
  "Dalamud.Bindings.ImPlot.dll": "08018FB4BA7B91189CB810082906F41B",
  "Dalamud.Boot.dll": "D93B685F7E80BBAFDF340B4D130DAE6A",
  "Dalamud.Common.dll": "35A187CF980F570006F3A52C6ACD2DC9",
  "Dalamud.deps.json": "76FDD5A362B9E916EC3C774F6C6A05A7",
  "Dalamud.dll": "221D3E05B4AAD2F4350103DB52694571",
  "Dalamud.Injector.deps.json": "28C3C412E18C8E21BCEC052CCAF9CE11",
  "Dalamud.Injector.dll": "EA10AB0644481466EC5425EE2FE8356B",
  "Dalamud.Injector.exe": "13C9C50C19A544A3BFFA875126B6D4A8",
  "Dalamud.Injector.runtimeconfig.json": "481C4D4F6151485203242D25F632FCC5",
  "Dalamud.Injector.xml": "573870DEB8A9854EC20203EDE9D78425",
  "Dalamud.runtimeconfig.json": "9DB7F0D7C94CA1AA6CA3ACFA6F93A1D8",
  "Dalamud.xml": "DFAA841D9F8F1288EE2AD761F2043A31",
  "DalamudCrashHandler.exe": "117E61D1E7B3F706BEED5C5C9A9AC640",
  "FASM-LICENSE.TXT": "ECEA1D10811221D5F0A3E96F9C38E2C7",
  "FASM.DLL": "77F95FCAA88F11E2E5D20A5D4B16F4B1",
  "FASMX64.DLL": "05A7B4EAF093245FB33376955F754AFD",
  "FFXIVClientStructs.dll": "BC8B0ACB54A6D470AD48224ABCC9B350",
  "FFXIVClientStructs.xml": "EF7242DB4021DAEA08D3E8063B756F28",
  "goatcorp.Reloaded.Assembler.dll": "1CC18CB584C52DBEC2644F853ED8C0B2",
  "goatcorp.Reloaded.Assembler.targets": "CC22CB0A353E2136EE9E6E96DB9F7164",
  "goatcorp.Reloaded.Hooks.dll": "D644A4846E7FEB3FD125018DAFB5B484",
  "goatcorp.Reloaded.Memory.Buffers.dll": "7FC3322B2A96FCC26BF925E6EE294441",
  "HexaGen.Runtime.dll": "BFE03BB3386F3CCBDF398A81BEEEF753",
  "Iced.dll": "83808FA306EBCE775239F03AEE764CE3",
  "ImGuiScene.dll": "B76166D4845680836051F9AD5E188FEE",
  "InteropGenerator.Runtime.dll": "0584E19D9CF8695F4E24F40520B65CFC",
  "JetBrains.Annotations.dll": "D334483DFBCF8BE6062277E1FB3B94F3",
  "licenses.txt": "A159BE62AA91178EFC3E3983AE874D1D",
  "Lumina.dll": "24839152A4D922B6E0C8E135522AEB1C",
  "Lumina.Excel.dll": "A68F5DBA6D93046722D182B87B2216F7",
  "Lumina.Excel.xml": "8C361FFD52612B54A308E043847D6823",
  "Microsoft.Extensions.ObjectPool.dll": "CB2B8426DF93B062B631BC85B3369BED",
  "MinSharp.dll": "AC8C82BFF82C6208FC8704589B2BEF29",
  "Mono.Cecil.dll": "9CAB11A78E234364D49AA48363262C66",
  "Mono.Cecil.Mdb.dll": "66B9054A9FEE5CE7DC5725B825B49BA8",
  "Mono.Cecil.Pdb.dll": "6CCF3B34470E99EC4956C9ADE87F069A",
  "Mono.Cecil.Rocks.dll": "8458FE1C051C0BAF54AD34E947786D7F",
  "nethost.dll": "21F39F71E2F4B5BA9FB3F126872F2F9B",
  "Newtonsoft.Json.dll": "C252FE44B67A08E6DAB4EADE3764DB49",
  "PeNet.Asn1.dll": "F60E431BAD2DF5006B93D5C18A6E619A",
  "PeNet.dll": "A074A6C9931FD67D9AF13B9DA2249227",
  "Reloaded.Hooks.Definitions.dll": "C70B2A4C12347381B5C4AA2C53BCCCCF",
  "Reloaded.Memory.Buffers.dll": "AF883288B13C1B384390778CE0CF3742",
  "Reloaded.Memory.dll": "22BD42EB9BCA19F2804ED81D1769644E",
  "revision.txt": "C03AFAB54002887E7E1D27A1069E206C",
  "Serilog.dll": "1991DDF70E81F99C8E28A93F2A5CEF9A",
  "Serilog.Sinks.Async.dll": "2967B9C3A53554D5248A3C8F34F9C567",
  "Serilog.Sinks.Console.dll": "D47397E5E216331F67534AA893069919",
  "Serilog.Sinks.File.dll": "B2623932039A338EF0C5D1999F8AB7D5",
  "SQLite-net.dll": "757F303E893DD93D9C878C09C5502CDC",
  "SQLitePCLRaw.batteries_v2.dll": "7F63FACFE4D4BA1EB13F3A59899CF9AF",
  "SQLitePCLRaw.core.dll": "873E28FF1AFB710E7711EA5015F65BDD",
  "SQLitePCLRaw.provider.e_sqlite3.dll": "A7FC5304DBCADAB51496BF58AACB86D5",
  "System.Reactive.dll": "C6016588304D55406E3D1C2FA7D42903",
  "System.Reflection.MetadataLoadContext.dll": "284C720DEE2524BCF10DD1B5648AA303",
  "System.Security.Cryptography.Pkcs.dll": "17945B2BF07D9377E36AD3EBE69FF693",
  "TEMP_gitver.txt": "CEC97FFD92A849C7F0547B68FD7DD9BB",
  "TerraFX.Interop.Windows.dll": "C75D06E77DE5A095D45676A81CDE0DC9"
}
