{
  "runtimes\\alpine-x64\\native\\libe_sqlite3.so": "39C244FEDBCD3DFC37041D4FCE1AE21D",
  "runtimes\\linux-arm\\native\\libe_sqlite3.so": "96CF54BC0EFB83D6E3F5F3E04997A59D",
  "runtimes\\linux-arm64\\native\\libe_sqlite3.so": "F079E55E7F3F9966A4A2052A3234E068",
  "runtimes\\linux-armel\\native\\libe_sqlite3.so": "C5A67D49434FC65D64E9C15778078C76",
  "runtimes\\linux-mips64\\native\\libe_sqlite3.so": "5F8461214089CFC677D46C19B7162161",
  "runtimes\\linux-musl-x64\\native\\libe_sqlite3.so": "39C244FEDBCD3DFC37041D4FCE1AE21D",
  "runtimes\\linux-x64\\native\\libe_sqlite3.so": "6F49C540D3AB9964D67A4A704C3D262D",
  "runtimes\\linux-x86\\native\\libe_sqlite3.so": "5E0659B414CBD6DDC38C65582485853E",
  "runtimes\\osx-x64\\native\\libe_sqlite3.dylib": "F82AE134FCD1C080A69D775591406673",
  "runtimes\\win-arm\\native\\e_sqlite3.dll": "30A1B4C7DCA8A77E81B65D52898B3E56",
  "runtimes\\win-arm64\\native\\e_sqlite3.dll": "0FDDCF58E14EA10941A50C88B24C2F26",
  "runtimes\\win-x64\\native\\e_sqlite3.dll": "8A1D829741E9F72A25E0AABD1CE44D06",
  "runtimes\\win-x64\\native\\minhook.x64d.dll": "2E7B3D0CF7BDF9A9AF33BB00AE130E1F",
  "runtimes\\win-x86\\native\\e_sqlite3.dll": "FC973D45A6E250A175D5E5B7147C2810",
  "targets\\Dalamud.Plugin.Bootstrap.targets": "C85635161398CD9852CF7212DB7EB904",
  "targets\\Dalamud.Plugin.targets": "394EE2BEC70254F76ABBE2C33F62BBFA",
  "BCnEncoder.dll": "9B30E71866091F5E426FDF097B61D5F9",
  "BitFaster.Caching.dll": "ACF12698DAB78DF17F9D848E92A712C1",
  "CheapLoc.dll": "987535CFEF468068A95E798AA38FB86D",
  "cimgui.dll": "F57C9D5BDE359677C19775C9448AF3D2",
  "cimguizmo.dll": "0535D43065D86FCB6CB0D0AE9075F005",
  "cimplot.dll": "D9622F00E027451119EADB39A692068D",
  "commit_hash.txt": "1D498112FB770A01E112ED0AD8AF6211",
  "CommunityToolkit.HighPerformance.dll": "66B64EC334625F2C5D341A45E28EEB43",
  "Dalamud.Bindings.ImGui.dll": "E661F4EDDA9B24BC6AE96BB742FC4D79",
  "Dalamud.Bindings.ImGuizmo.dll": "3CD87C302801E86C4192CC44F1420A2C",
  "Dalamud.Bindings.ImPlot.dll": "68321F11EC00C012C0DCFAF46A752C92",
  "Dalamud.Boot.dll": "46E01955B29A7ECD2A94C541BA7997CD",
  "Dalamud.Common.dll": "DA4A1A4E97E7BB4C734081321ADF5B0A",
  "Dalamud.deps.json": "2176BFCA5E8954AF9C272E9955AFDF96",
  "Dalamud.dll": "73D7262FDFF33DF70A52253AA0E3F8B4",
  "Dalamud.Injector.deps.json": "AE17A723819E88058C70AA4BDA14CA37",
  "Dalamud.Injector.dll": "E5C52D9B8A2C21734B2CA23165C88FF8",
  "Dalamud.Injector.exe": "30F5D6DBC4FDFFBA7D0B445B622B45C4",
  "Dalamud.Injector.runtimeconfig.json": "439C534917CEF268A731631073E50FE4",
  "Dalamud.Injector.xml": "07EC7B68C97460A1C8275C75BE82FAA9",
  "Dalamud.runtimeconfig.json": "CA3935E9C6B9E3300F2D7171E4AF6335",
  "Dalamud.xml": "8FBB04CA64D37E919AC92C3512EF8CB6",
  "DalamudCrashHandler.exe": "72EC05F4B1D94F2F3A07EEE2D0BAC650",
  "FASM-LICENSE.TXT": "ECEA1D10811221D5F0A3E96F9C38E2C7",
  "FASM.DLL": "A8040A321EC7FCDC6985CD6F6BE568C1",
  "FASMX64.DLL": "3EDADB0A251174F7B7C418ACC58A1C46",
  "FFXIVClientStructs.dll": "B6391104E5431ED0EB31ACE145F15EE6",
  "FFXIVClientStructs.xml": "9B453B8F24144C17E92719AA4F767C77",
  "goatcorp.Reloaded.Assembler.dll": "FD1D239DD2D72E1B9ED3E35389958FA1",
  "goatcorp.Reloaded.Assembler.targets": "CC22CB0A353E2136EE9E6E96DB9F7164",
  "goatcorp.Reloaded.Hooks.dll": "B3A6DF407899342BFE2ADCB810DC32D2",
  "goatcorp.Reloaded.Memory.Buffers.dll": "3AF47291C367E9F2388E651A3717252A",
  "HexaGen.Runtime.dll": "A8D6D5844C222405153EB1030C3DA97E",
  "Iced.dll": "F2E04897B81F87311E329C71DFB5DBD5",
  "ImGuiScene.dll": "2DB6EFD66EEDF3C4869530D1B5E0D012",
  "InteropGenerator.Runtime.dll": "4E513DB9D3C8FB0E544B47E7DD560FF1",
  "JetBrains.Annotations.dll": "C24026B2082F2849A41EEC88491FD5F6",
  "licenses.txt": "A159BE62AA91178EFC3E3983AE874D1D",
  "Lumina.dll": "CA063B7EDD9C3F5A940D269B9B64FCFE",
  "Lumina.Excel.dll": "4A92BA884EB3B525E3771959C443F36A",
  "Lumina.Excel.xml": "5CDD45BD0DF11B638FF339938C076EDF",
  "Microsoft.Extensions.ObjectPool.dll": "5510583E2B50BE953814615586673C33",
  "MinSharp.dll": "220D86B10E5F286EDE73ABE744BE3D83",
  "Mono.Cecil.dll": "41A9B5734DCA18AE4D70348220A6AFDF",
  "Mono.Cecil.Mdb.dll": "28D9C01EAA985B0186181F6CBD810957",
  "Mono.Cecil.Pdb.dll": "C64ABBEF23D1F1DE1CB124F376420596",
  "Mono.Cecil.Rocks.dll": "8A4A3A2B8AC3AD9DD8248219FB7CF14F",
  "nethost.dll": "21F39F71E2F4B5BA9FB3F126872F2F9B",
  "Newtonsoft.Json.dll": "ADF3E3EECDE20B7C9661E9C47106A14A",
  "PeNet.Asn1.dll": "0593265B471EFA4B663C5FAACC0E868D",
  "PeNet.dll": "88283B899FE36B1FABB0AA0F42400039",
  "Reloaded.Hooks.Definitions.dll": "1A5F1E1A0FC8B051760D832D9A679FE2",
  "Reloaded.Memory.Buffers.dll": "2A5163FB5931FBA3BB47488B3EBDF32E",
  "Reloaded.Memory.dll": "2D82BCA570A5DE67538A037989960A94",
  "revision.txt": "317D17F10845DA500BCF49780B7F35BF",
  "Serilog.dll": "06FDBA69EE77D97B3717E0C65FEC6DFB",
  "Serilog.Sinks.Async.dll": "04AA4E0F1258A6A8B4B0DA15C3F31FFC",
  "Serilog.Sinks.Console.dll": "A9AC43E9CED74F2FF97A5470C6EE3153",
  "Serilog.Sinks.File.dll": "A006DC204F9E1A740202C08926135570",
  "SharpDX.Direct3D11.dll": "210B09C8B2CF338E2426558CFE5E19EB",
  "SharpDX.dll": "2FD7B7BB80E8C27AC9C9E311A630C308",
  "SharpDX.DXGI.dll": "E35749C37ED32FF911AFBA7CBE5E66B2",
  "SharpDX.Mathematics.dll": "C01EEE5F7C6D92712D53526D2FD6C704",
  "SQLite-net.dll": "9A81CCF277589E98D6A0DB19815C1430",
  "SQLitePCLRaw.batteries_v2.dll": "8D70DA440D1178A561F3CC6A74FC287F",
  "SQLitePCLRaw.core.dll": "868FD6AA39932B88FF054C6070BB5C47",
  "SQLitePCLRaw.nativelibrary.dll": "2DC5D7A7854980D36F392692156211F3",
  "SQLitePCLRaw.provider.dynamic_cdecl.dll": "CFE97FB0EF591883D871F6415C35B580",
  "System.Reactive.dll": "EF5A00287AD15393D41B12AA4B726FF7",
  "System.Reflection.MetadataLoadContext.dll": "E88E3AF6D37736F339022C9ACC5F2F7B",
  "System.Security.Cryptography.Pkcs.dll": "8950E01996A37E808BE3F39063C37BF9",
  "TEMP_gitver.txt": "64360F05A9F4ED1F7E4D96DC3EBD504F",
  "TerraFX.Interop.Windows.dll": "84F7EF6B0DE91F8CC23F773D3FD6DEC0"
}
