{
  "runtimes\\alpine-x64\\native\\libe_sqlite3.so": "39C244FEDBCD3DFC37041D4FCE1AE21D",
  "runtimes\\linux-arm\\native\\libe_sqlite3.so": "96CF54BC0EFB83D6E3F5F3E04997A59D",
  "runtimes\\linux-arm64\\native\\libe_sqlite3.so": "F079E55E7F3F9966A4A2052A3234E068",
  "runtimes\\linux-armel\\native\\libe_sqlite3.so": "C5A67D49434FC65D64E9C15778078C76",
  "runtimes\\linux-mips64\\native\\libe_sqlite3.so": "5F8461214089CFC677D46C19B7162161",
  "runtimes\\linux-musl-x64\\native\\libe_sqlite3.so": "39C244FEDBCD3DFC37041D4FCE1AE21D",
  "runtimes\\linux-x64\\native\\libe_sqlite3.so": "6F49C540D3AB9964D67A4A704C3D262D",
  "runtimes\\linux-x64\\native\\libglfw.so.3": "9E3137144F68B9E9793F4C7AD5B1BEA7",
  "runtimes\\linux-x64\\native\\libSDL2-2.0.so": "99B95A708381FC66AB2370E45A260527",
  "runtimes\\linux-x64\\native\\libstbi.so": "0945355ED59677D06E3E88F48101BB26",
  "runtimes\\linux-x86\\native\\libe_sqlite3.so": "5E0659B414CBD6DDC38C65582485853E",
  "runtimes\\osx-x64\\native\\libe_sqlite3.dylib": "F82AE134FCD1C080A69D775591406673",
  "runtimes\\osx-x64\\native\\libglfw.3.dylib": "1E30FAB2F0C40E82290AD4B0BF14A880",
  "runtimes\\osx-x64\\native\\libSDL2-2.0.dylib": "AAC958490586C67395F0A90903AE3747",
  "runtimes\\osx-x64\\native\\libstbi.dylib": "0B84B0A6A80178266018081C3CAB68E6",
  "runtimes\\win-arm\\native\\e_sqlite3.dll": "240CCC1811094ED67281EA01EF30510E",
  "runtimes\\win-arm64\\native\\e_sqlite3.dll": "49E908F048336EA58F8EA75BCA2D718D",
  "runtimes\\win-x64\\native\\cimgui.dll": "7FF3B49944FC0D3481694B393B01E742",
  "runtimes\\win-x64\\native\\cimguizmo.dll": "165320F3FD291E483E98DDADA75739C7",
  "runtimes\\win-x64\\native\\cimplot.dll": "597FF2714D0DD23501488E69DFCBE390",
  "runtimes\\win-x64\\native\\e_sqlite3.dll": "1E8A240D07B6A1537A1DFA9088DF6CB8",
  "runtimes\\win-x64\\native\\glfw3.dll": "9D7AA18162CB3F248271B25134114DF6",
  "runtimes\\win-x64\\native\\minhook.x64d.dll": "1E6BA037969438126098869338EB619F",
  "runtimes\\win-x64\\native\\SDL2.dll": "4F487E7D4C38CF0C7A17FF25B2E8EBA5",
  "runtimes\\win-x64\\native\\stbi.dll": "DF4F9117C3D0BC0CB5C533E345F6D0B9",
  "runtimes\\win-x64\\native\\stbi.lib": "927C214DE576219E1F80DBE7798A0502",
  "runtimes\\win-x86\\native\\e_sqlite3.dll": "29ACD4C4747B1F01927734C692F71282",
  "runtimes\\win-x86\\native\\glfw3.dll": "B5E654B87D8806805E254A16FF68D0FE",
  "runtimes\\win-x86\\native\\SDL2.dll": "4E56D00A845BEA8FC703E94724B70411",
  "targets\\Dalamud.Plugin.Bootstrap.targets": "C85635161398CD9852CF7212DB7EB904",
  "targets\\Dalamud.Plugin.targets": "DDD731601C06B16E10CF2F8990452A27",
  "BitFaster.Caching.dll": "3228BE044FB2D9CFFAB3CBC0A357C8ED",
  "CheapLoc.dll": "3EF0D696E602B40B30F29CB2281FA91C",
  "commit_hash.txt": "73C59F9904A8E6952B330B16725E41E4",
  "Costura.dll": "A4FDC9B1539B6A99FBB93A822BD0085B",
  "Dalamud.Boot.dll": "0DF8686E6423EF253455B1DD8C0335E2",
  "Dalamud.Common.dll": "A670499FBB2231EDC35DE6C2B196C33B",
  "Dalamud.deps.json": "2055892670AB2F296AE4BE04B2CEA3FE",
  "Dalamud.dll": "E7AAE8590305A9B8BE07FB72942AF509",
  "Dalamud.Injector.deps.json": "973E5D437761614CB8BADBA9E2C0F6EA",
  "Dalamud.Injector.dll": "909B4D9224DD5A1AC075511AB8BEEF01",
  "Dalamud.Injector.exe": "A3C31D99EF61A8581E42066E2FFDE70E",
  "Dalamud.Injector.runtimeconfig.json": "B9BB65FFE7924D4D8BABE9FA66303200",
  "Dalamud.Injector.xml": "D41E5DF541D19A015215E777D7395C9C",
  "Dalamud.runtimeconfig.json": "2A9CD915428BDD175E0889BD0C225F75",
  "Dalamud.xml": "9FFF2C159CE4E4C67E658B0D80293F29",
  "DalamudCrashHandler.exe": "9690C5351A0EA1B203D211DCC2E8E66F",
  "FASM-LICENSE.TXT": "ECEA1D10811221D5F0A3E96F9C38E2C7",
  "FASM.DLL": "DD86C3DF261C1DA6C3E1DFEA004CEA98",
  "FASMX64.DLL": "634E57EAC4173F9AC5D4B6ED5AB2901B",
  "FFXIVClientStructs.dll": "1A2698A5C69F223F13F78C01C7157B3B",
  "FFXIVClientStructs.xml": "ADAA7D0DC746EDC7F1FF205AF753F6A0",
  "goaaats.Reloaded.Assembler.targets": "CC22CB0A353E2136EE9E6E96DB9F7164",
  "Iced.dll": "F12C8F9F23419F89C0BF4F35AA7C02C8",
  "ImGui.NET.dll": "9C59421EECA9E69C4E9873D364E58B76",
  "ImGuiScene.dll": "05C4CD4CFA41BE5BADD35D78E8657E52",
  "InteropGenerator.Runtime.dll": "FE1639640A405680E2A38E1F2C1F2C2A",
  "JetBrains.Annotations.dll": "A6D92C4A0B320006859D0D9B10C73FE3",
  "licenses.txt": "A159BE62AA91178EFC3E3983AE874D1D",
  "Lumina.dll": "74F1463817548C4C233B2433EDD4C635",
  "Lumina.Excel.dll": "10980F69169B7059CEF8AEB753CD130C",
  "Microsoft.Bcl.HashCode.dll": "613AB56061ADF2284E047025207467E0",
  "Microsoft.DotNet.PlatformAbstractions.dll": "00AB0F02B1114C57C758F5AD595224F1",
  "Microsoft.Extensions.DependencyModel.dll": "F39BC76C10CFEA478C936FC4521A9FC9",
  "Microsoft.Extensions.ObjectPool.dll": "FEE3CE8A84417360CC5ED787ED6F7DB1",
  "MinSharp.dll": "2C18921A0B4F04FEE855B3393363F82C",
  "Mono.Cecil.dll": "DF9DBB6921ED955E4405E2111A3FA22D",
  "Mono.Cecil.Mdb.dll": "E1BCB4F63752EAE2B3713489645DE2BE",
  "Mono.Cecil.Pdb.dll": "0B8A35C5D7AFABDBCD77D8B61C99C721",
  "Mono.Cecil.Rocks.dll": "1E39254BFCD0761B6110BED117673A03",
  "nethost.dll": "21F39F71E2F4B5BA9FB3F126872F2F9B",
  "Newtonsoft.Json.dll": "ADF3E3EECDE20B7C9661E9C47106A14A",
  "PeNet.Asn1.dll": "198C065D86D11169A01EE959D017D75D",
  "PeNet.dll": "5F2347209A297E655F4995043CC5A6AD",
  "PInvoke.AdvApi32.dll": "34EE461D05B403C3A15D0DEC32A3788C",
  "PInvoke.BCrypt.dll": "FD07758EE1440491F22923084109FF26",
  "PInvoke.Cabinet.dll": "333D950E3804735DA60CC41D614C63E2",
  "PInvoke.CfgMgr32.dll": "768BE7CC18EDCF78B296A72ABE891691",
  "PInvoke.Crypt32.dll": "E7B00B0851738F4A7F2C6D37DAA973B4",
  "PInvoke.DbgHelp.dll": "E701136169620D20E3A70B560DE20E44",
  "PInvoke.DwmApi.dll": "ACF223CC8962404056648815B486F7D9",
  "PInvoke.Gdi32.dll": "69FF434826F98582CE44D3136ECFFACB",
  "PInvoke.Hid.dll": "2E7A41257F8AD9B26073181F450CD8E5",
  "PInvoke.ImageHlp.dll": "79BE816E8D86EA66489D7780DD675D49",
  "PInvoke.IPHlpApi.dll": "E949FA3326D1BA8872B179AB4EE49D38",
  "PInvoke.Kernel32.dll": "234E15B122ED430DE99490CA1A204958",
  "PInvoke.Magnification.dll": "C9EA3D34F506741ECC044DB19C151F09",
  "PInvoke.Msi.dll": "69EE50CE2DA6B55755E52589F49A7EBC",
  "PInvoke.NCrypt.dll": "DA1DE76C14D99370CA3BEF19DC299B15",
  "PInvoke.NetApi32.dll": "AE79F9FA2E3864A5E0642AE4622ECDC5",
  "PInvoke.NewDev.dll": "B3E1992105D986EF9C5C8E4B630FBB07",
  "PInvoke.NTDll.dll": "3F6BDF840EB27DD0FD9EB8071822183A",
  "PInvoke.Ole32.dll": "3C49FB100B60519FFE725BCD12A538F6",
  "PInvoke.Psapi.dll": "A7683EE4B880227F01C8AE632A892B9E",
  "PInvoke.SetupApi.dll": "1B7AE321185D0081D1759A9AD829F9BA",
  "PInvoke.SHCore.dll": "F27E7F063D51480F6D2294C903E4A606",
  "PInvoke.Shell32.dll": "F71A1BCAF6478190691170DAEA77722F",
  "PInvoke.User32.dll": "8BEDE38311ED4F27127290B81B8079FD",
  "PInvoke.Userenv.dll": "FEB7BCA90B8C905EC2F4BB0789847131",
  "PInvoke.UxTheme.dll": "8E683C016250CB719FDB9AAAFC22B3C5",
  "PInvoke.Windows.Core.dll": "90015440A44935208FFEA9BF61740651",
  "PInvoke.Windows.ShellScalingApi.dll": "F351B34B8C9183A51CADFDC279357C49",
  "PInvoke.WinUsb.dll": "9EB8A0280F2848D1A32B560A939F7336",
  "PInvoke.WtsApi32.dll": "341C94455D2E5893DBE4293D4D67AA4D",
  "Reloaded.Assembler.dll": "0E00D66950A0C215EC36348BD09AE322",
  "Reloaded.Hooks.Definitions.dll": "06FA7177806DE6CDAB5C2A9F9F152DE5",
  "Reloaded.Hooks.dll": "A03E944B0C77C73FFC9F35C201CC3A61",
  "Reloaded.Memory.Buffers.dll": "4B152391760963ABC2FFF6FBA7A80559",
  "Reloaded.Memory.dll": "C07D5ABCFC7F3132340A6999EE87B228",
  "revision.txt": "125B93C9B50703FE9DAC43EC231F5F83",
  "SDL2-CS.config": "65557595FD5DF55D93B2BF881DE62C3A",
  "SDL2-CS.dll": "C974154360C03F2B3B9C14233286E0E4",
  "Serilog.dll": "04B3693A3BC461DDD4EA1ABEA9B491CA",
  "Serilog.Sinks.Async.dll": "51DB53B94CBDA16AF89E1B75D00E71E1",
  "Serilog.Sinks.Console.dll": "7725409DD7E0EE960F66109147097971",
  "Serilog.Sinks.File.dll": "E0FC3E849D654A241A85DCB3A0252D7D",
  "SharpDX.Direct3D11.dll": "04A10E30561CE756FC7BCFFB0831CF54",
  "SharpDX.dll": "19CAA274C1D7E78B38994AB27A53038D",
  "SharpDX.DXGI.dll": "D5491A134D6A173536C9B9E8D93F203C",
  "SharpDX.Mathematics.dll": "1BC7374A60EADFE594368EA8B80DB40C",
  "Silk.NET.Core.dll": "8D6C2EB2C6B8BFCCA487708B12498ED8",
  "Silk.NET.GLFW.dll": "B74802B25DDADDF2DAB80514CE9317D2",
  "Silk.NET.Maths.dll": "2F4A6D4B6905407500EB255F7164C5B0",
  "Silk.NET.OpenGL.dll": "C53107E8C308ADB35970F4C54A4FF193",
  "Silk.NET.SDL.dll": "17A9D7F4768231902D8BEC4DDA0DE9EA",
  "Silk.NET.Windowing.Common.dll": "37C9FA244C4BB8AA7B4D95089CCC8471",
  "Silk.NET.Windowing.Glfw.dll": "6C96493DE5D47BDB46186E5CCA41FDAF",
  "Silk.NET.Windowing.Sdl.dll": "0A83C64B8D1C30826D0C17C4113E9E4F",
  "SQLite-net.dll": "59DE0FD203F5C514DF496246FEAC4722",
  "SQLitePCLRaw.batteries_v2.dll": "BD0A2E48C297DE33151F7B62297141B6",
  "SQLitePCLRaw.core.dll": "A761FD7492035FF5EED08FF7D07D9160",
  "SQLitePCLRaw.nativelibrary.dll": "393226589E2D5294880A155FD4DD02FD",
  "SQLitePCLRaw.provider.dynamic_cdecl.dll": "E38120B4708E7A033EB63B4BF2ED1B97",
  "StbiSharp.dll": "DB53A20F939CDFA939DEDC749FD850A8",
  "System.Reactive.dll": "EF5A00287AD15393D41B12AA4B726FF7",
  "System.Reflection.MetadataLoadContext.dll": "E88E3AF6D37736F339022C9ACC5F2F7B",
  "System.Security.Cryptography.Pkcs.dll": "8950E01996A37E808BE3F39063C37BF9",
  "TEMP_gitver.txt": "1AB0C7DA6521D3700C79E0CABAD8790D",
  "TerraFX.Interop.Windows.dll": "84F7EF6B0DE91F8CC23F773D3FD6DEC0",
  "Validation.dll": "9EE1CC0D325CBA528B50FAC6812F0FDB"
}
