{
  "runtimes\\alpine-x64\\native\\libe_sqlite3.so": "39C244FEDBCD3DFC37041D4FCE1AE21D",
  "runtimes\\linux-arm\\native\\libe_sqlite3.so": "96CF54BC0EFB83D6E3F5F3E04997A59D",
  "runtimes\\linux-arm64\\native\\libe_sqlite3.so": "F079E55E7F3F9966A4A2052A3234E068",
  "runtimes\\linux-armel\\native\\libe_sqlite3.so": "C5A67D49434FC65D64E9C15778078C76",
  "runtimes\\linux-mips64\\native\\libe_sqlite3.so": "5F8461214089CFC677D46C19B7162161",
  "runtimes\\linux-musl-x64\\native\\libe_sqlite3.so": "39C244FEDBCD3DFC37041D4FCE1AE21D",
  "runtimes\\linux-x64\\native\\libe_sqlite3.so": "6F49C540D3AB9964D67A4A704C3D262D",
  "runtimes\\linux-x86\\native\\libe_sqlite3.so": "5E0659B414CBD6DDC38C65582485853E",
  "runtimes\\osx-x64\\native\\libe_sqlite3.dylib": "F82AE134FCD1C080A69D775591406673",
  "runtimes\\win-arm\\native\\e_sqlite3.dll": "1C6647316F31259354FCD7CFCE42DF9E",
  "runtimes\\win-arm64\\native\\e_sqlite3.dll": "2D08C4F077B4BC06DF179209842B6619",
  "runtimes\\win-x64\\native\\e_sqlite3.dll": "9FBBC55ABFE2EE5B9961417DEE0332E2",
  "runtimes\\win-x64\\native\\minhook.x64d.dll": "62043CB7A60BCB13DC0F3C67C6478F7F",
  "runtimes\\win-x86\\native\\e_sqlite3.dll": "A0440885D8CD447B213F493F1E5CAE9F",
  "targets\\Dalamud.Plugin.Bootstrap.targets": "C85635161398CD9852CF7212DB7EB904",
  "targets\\Dalamud.Plugin.targets": "394EE2BEC70254F76ABBE2C33F62BBFA",
  "BCnEncoder.dll": "1193D723466B3ADEDEA900FE59EEFC06",
  "BitFaster.Caching.dll": "A1DA3AF5A8CCA726D5475B775AAC4D90",
  "CheapLoc.dll": "6EAA961B213CF60FD743B63EBD360C24",
  "cimgui.dll": "9A35AEBE5AA05B2BED81E3699B8C1BD0",
  "cimguizmo.dll": "24251232708D8CD5BCA95F53F41912FE",
  "cimplot.dll": "BF4F60B2BAA490A3810AC69A619AFAC1",
  "commit_hash.txt": "E799F51A8834AA3C56BFC653959036F4",
  "CommunityToolkit.HighPerformance.dll": "66B64EC334625F2C5D341A45E28EEB43",
  "Dalamud.Bindings.ImGui.dll": "3FAC5DBBA9C09E626081FDD250CC927A",
  "Dalamud.Bindings.ImGuizmo.dll": "69562A30F055DC32BC5A5B749F0DDEB4",
  "Dalamud.Bindings.ImPlot.dll": "CDE32E395F79AE76EF686DA176119C77",
  "Dalamud.Boot.dll": "F3A3736B24D5977697B069D84075B22C",
  "Dalamud.Common.dll": "A14173E9AFDA685FC8CF9FB576A91ED5",
  "Dalamud.deps.json": "644EA701B2767DD2A11C13864D41F7ED",
  "Dalamud.dll": "C6D5B72FF465604E8998A3CD3A2B928C",
  "Dalamud.Injector.deps.json": "AE17A723819E88058C70AA4BDA14CA37",
  "Dalamud.Injector.dll": "297F9B4ECB7B6EEBEC0A835795D86AB4",
  "Dalamud.Injector.exe": "5C7068E4F59F93C357AAE73B43B1E215",
  "Dalamud.Injector.runtimeconfig.json": "439C534917CEF268A731631073E50FE4",
  "Dalamud.Injector.xml": "07EC7B68C97460A1C8275C75BE82FAA9",
  "Dalamud.runtimeconfig.json": "CA3935E9C6B9E3300F2D7171E4AF6335",
  "Dalamud.xml": "872F548CFFC31762AA92BE3D62BBC16E",
  "DalamudCrashHandler.exe": "DCCF5FAD7894412D11E8BC27E6725F52",
  "FASM-LICENSE.TXT": "ECEA1D10811221D5F0A3E96F9C38E2C7",
  "FASM.DLL": "01903CA2F70466628B321702DE0356AF",
  "FASMX64.DLL": "3010856ECBAC80587B959102CF82FD63",
  "FFXIVClientStructs.dll": "7F5E88616EA34F55A853E171904D3EAF",
  "FFXIVClientStructs.xml": "1DD1B69585CA15E07E429C185743ED50",
  "goatcorp.Reloaded.Assembler.dll": "460F71453AF63079CABFDE0D5F820F17",
  "goatcorp.Reloaded.Assembler.targets": "CC22CB0A353E2136EE9E6E96DB9F7164",
  "goatcorp.Reloaded.Hooks.dll": "16501CBBF260CB6857A1B3DD9FA7C9C6",
  "goatcorp.Reloaded.Memory.Buffers.dll": "035F55A7D5A838C07E647F67C299C9A4",
  "HexaGen.Runtime.dll": "465F08551258FC0E9B78CFE93803C387",
  "Iced.dll": "D131F5A3D14E1A489D9545298C8870A7",
  "ImGuiScene.dll": "164B6028A73A87B7DB7311C6CE1BE9C3",
  "InteropGenerator.Runtime.dll": "3BF9D7F202973BC8B9101FE075892F40",
  "JetBrains.Annotations.dll": "93096E1719974A8B5889B7DB920A5ED4",
  "licenses.txt": "A159BE62AA91178EFC3E3983AE874D1D",
  "Lumina.dll": "33DE6D8A7E39FDDE8773F1C8159F6D7D",
  "Lumina.Excel.dll": "9F5714AB05C4A7A119FBE58EA98C7AF9",
  "Lumina.Excel.xml": "3D3B7AD224A8A04B92B2B311FB8DA535",
  "Microsoft.Extensions.ObjectPool.dll": "5510583E2B50BE953814615586673C33",
  "MinSharp.dll": "E09BA630F70B1B12A6B0C9E65107E399",
  "Mono.Cecil.dll": "A86A7A6C9F5837E3413701C4C3D97B54",
  "Mono.Cecil.Mdb.dll": "F406EAE9CAEB194D7434BD039EE49B01",
  "Mono.Cecil.Pdb.dll": "0D61C8C4D822EF86A22D3BCBFB570ADD",
  "Mono.Cecil.Rocks.dll": "48ED9F957A70871B67544E9C51226446",
  "nethost.dll": "21F39F71E2F4B5BA9FB3F126872F2F9B",
  "Newtonsoft.Json.dll": "ADF3E3EECDE20B7C9661E9C47106A14A",
  "PeNet.Asn1.dll": "C82DCC673DFD5EB5F389F5A2C2628FAF",
  "PeNet.dll": "745FE6F2A0582C9E0F90BD3B4FDDD02F",
  "Reloaded.Hooks.Definitions.dll": "E1F647A07835302F1244193CB8E67F40",
  "Reloaded.Memory.Buffers.dll": "8412DB5AD25BB360759F2BB92A522D31",
  "Reloaded.Memory.dll": "DC5E9DF63DA3E03BE19568032F571F3A",
  "revision.txt": "DE9621D4C6FA69CE8AAA90F00E9110C5",
  "Serilog.dll": "5B6A7E4B360C2E119ECC38F3B3306204",
  "Serilog.Sinks.Async.dll": "502F2BBFD8FD09595BFF489033ED404E",
  "Serilog.Sinks.Console.dll": "AD42D0FC22104075402E9700E5645760",
  "Serilog.Sinks.File.dll": "A8856CA2F640C50031C695669B56ABB8",
  "SharpDX.Direct3D11.dll": "74A0A872C19E22D9E992373349E27F77",
  "SharpDX.dll": "6C4B47A506767E3CAA4C5B7F0F528E95",
  "SharpDX.DXGI.dll": "6468493ED020B47965821A98921AD2C7",
  "SharpDX.Mathematics.dll": "F7A0B84FDE27B0147E96B6E25EB7C59F",
  "SQLite-net.dll": "491772D98378AACDA48945BC7C94ADD1",
  "SQLitePCLRaw.batteries_v2.dll": "FB88A65021CC380916EA8135E561FAA6",
  "SQLitePCLRaw.core.dll": "35851C2BF3D3ED3B6B5ACACB422A431C",
  "SQLitePCLRaw.nativelibrary.dll": "4C57CC626189D633E504F335F50BD213",
  "SQLitePCLRaw.provider.dynamic_cdecl.dll": "B99B1A303EF987CBFDE7191CB6568B06",
  "System.Reactive.dll": "EF5A00287AD15393D41B12AA4B726FF7",
  "System.Reflection.MetadataLoadContext.dll": "E88E3AF6D37736F339022C9ACC5F2F7B",
  "System.Security.Cryptography.Pkcs.dll": "8950E01996A37E808BE3F39063C37BF9",
  "TEMP_gitver.txt": "10D34B61E662F756A0970A57507757B4",
  "TerraFX.Interop.Windows.dll": "84F7EF6B0DE91F8CC23F773D3FD6DEC0"
}
