{
  "runtimes\\alpine-x64\\native\\libe_sqlite3.so": "39C244FEDBCD3DFC37041D4FCE1AE21D",
  "runtimes\\linux-arm\\native\\libe_sqlite3.so": "96CF54BC0EFB83D6E3F5F3E04997A59D",
  "runtimes\\linux-arm64\\native\\libe_sqlite3.so": "F079E55E7F3F9966A4A2052A3234E068",
  "runtimes\\linux-armel\\native\\libe_sqlite3.so": "C5A67D49434FC65D64E9C15778078C76",
  "runtimes\\linux-mips64\\native\\libe_sqlite3.so": "5F8461214089CFC677D46C19B7162161",
  "runtimes\\linux-musl-x64\\native\\libe_sqlite3.so": "39C244FEDBCD3DFC37041D4FCE1AE21D",
  "runtimes\\linux-x64\\native\\libe_sqlite3.so": "6F49C540D3AB9964D67A4A704C3D262D",
  "runtimes\\linux-x64\\native\\libglfw.so.3": "9E3137144F68B9E9793F4C7AD5B1BEA7",
  "runtimes\\linux-x64\\native\\libSDL2-2.0.so": "99B95A708381FC66AB2370E45A260527",
  "runtimes\\linux-x64\\native\\libstbi.so": "0945355ED59677D06E3E88F48101BB26",
  "runtimes\\linux-x86\\native\\libe_sqlite3.so": "5E0659B414CBD6DDC38C65582485853E",
  "runtimes\\osx-x64\\native\\libe_sqlite3.dylib": "F82AE134FCD1C080A69D775591406673",
  "runtimes\\osx-x64\\native\\libglfw.3.dylib": "1E30FAB2F0C40E82290AD4B0BF14A880",
  "runtimes\\osx-x64\\native\\libSDL2-2.0.dylib": "AAC958490586C67395F0A90903AE3747",
  "runtimes\\osx-x64\\native\\libstbi.dylib": "0B84B0A6A80178266018081C3CAB68E6",
  "runtimes\\win-arm\\native\\e_sqlite3.dll": "DDEE25426DAE365332B00BB473ADF97A",
  "runtimes\\win-arm64\\native\\e_sqlite3.dll": "24740204574A05495B93F00ECA783A99",
  "runtimes\\win-x64\\native\\cimgui.dll": "D753D1E5BEB4FBF3C1E423F38952243F",
  "runtimes\\win-x64\\native\\cimguizmo.dll": "E02D6CE730035E67CC6CF44D7670C8DA",
  "runtimes\\win-x64\\native\\cimplot.dll": "94056EE8F97726A1CD59BA1A42F5626E",
  "runtimes\\win-x64\\native\\e_sqlite3.dll": "91E66E41AFE4C09F5FC842507411782B",
  "runtimes\\win-x64\\native\\glfw3.dll": "1CE3FA53E3FF00285543B95FCA36C507",
  "runtimes\\win-x64\\native\\minhook.x64d.dll": "0D281EF50CFA0C625C4FCCE2DF3A4E65",
  "runtimes\\win-x64\\native\\SDL2.dll": "E4645608AC66003C0D4D20CDF92A79ED",
  "runtimes\\win-x64\\native\\stbi.dll": "F6FB924CBCBAD7284D399267D1BAF66D",
  "runtimes\\win-x64\\native\\stbi.lib": "927C214DE576219E1F80DBE7798A0502",
  "runtimes\\win-x86\\native\\e_sqlite3.dll": "3F5BB0F0029E2C9BF3BCFAD10A4E526D",
  "runtimes\\win-x86\\native\\glfw3.dll": "FB7A23076FA04DDB2F580C2F4635333C",
  "runtimes\\win-x86\\native\\SDL2.dll": "EE4DC976CE45E1104840C15F4F88B4F1",
  "targets\\Dalamud.Plugin.Bootstrap.targets": "C85635161398CD9852CF7212DB7EB904",
  "targets\\Dalamud.Plugin.targets": "11001C983157350F50D99F1A827999B5",
  "CheapLoc.dll": "BFCF6E208E4B85C3232ACC237DDF2152",
  "Costura.dll": "AEFFA977B58FA879CC10D97F82551816",
  "Dalamud.Boot.dll": "324CB18CAF0E5FE2FAF202A4FEDEFB8B",
  "Dalamud.Common.dll": "4F03CFE1AF9C5BBC16BA058515C69A75",
  "Dalamud.deps.json": "75030D0D024A1C527930FE11B1AFF444",
  "Dalamud.dll": "8E1F9CE0B1E4E03388AE63BD4B084806",
  "Dalamud.Injector.deps.json": "4E53ABE9A5D3E4592DA63EBF98DAAD86",
  "Dalamud.Injector.dll": "FCF6E9AD4C1C4E9ED0F09329B5FB9691",
  "Dalamud.Injector.exe": "1DC0C8E94CA2BC46E472C7B9733B1164",
  "Dalamud.Injector.runtimeconfig.json": "AAAFA957BB3B382321D67ACC2D792553",
  "Dalamud.Injector.xml": "6CFC451561E67CE7788814C5B327D7EC",
  "Dalamud.runtimeconfig.json": "15719C111D02D5BD45F37285FC8B6040",
  "Dalamud.xml": "1DE429A6E94C074D963BFBDADDB9944D",
  "DalamudCrashHandler.exe": "D2AD78FA084F84D5135BF3D91CC97CA3",
  "FASM-LICENSE.TXT": "ECEA1D10811221D5F0A3E96F9C38E2C7",
  "FASM.DLL": "394AB490D54416A5D66FF3B0FE85EBEB",
  "FASMX64.DLL": "32969348AA28F5ABD208E39BCFC3EDD7",
  "FFXIVClientStructs.dll": "3406EF8ACB1BF3ABDB74CD7AA9C87246",
  "FFXIVClientStructs.xml": "DB68179A369F4F5F1316D3D42A942497",
  "goaaats.Reloaded.Assembler.targets": "CC22CB0A353E2136EE9E6E96DB9F7164",
  "Iced.dll": "3E41728B58F65782847006E0CAB93C2B",
  "ImGui.NET.dll": "F9047E72833324C80FC423F3A563094F",
  "ImGuiScene.dll": "D3F63A50009B4D168DFF93CFEF02B634",
  "JetBrains.Annotations.dll": "B6479FEC481624ECD4D4A653693B41B7",
  "licenses.txt": "A159BE62AA91178EFC3E3983AE874D1D",
  "Lumina.dll": "74867906FC85FB1313B92DAB7882F9DE",
  "Lumina.Excel.dll": "322D85B4A006B3842814C242D2524F39",
  "Microsoft.Bcl.HashCode.dll": "613AB56061ADF2284E047025207467E0",
  "Microsoft.DotNet.PlatformAbstractions.dll": "00AB0F02B1114C57C758F5AD595224F1",
  "Microsoft.Extensions.DependencyModel.dll": "F39BC76C10CFEA478C936FC4521A9FC9",
  "MinSharp.dll": "DB8371FC49698C43268734834EB270FE",
  "Mono.Cecil.dll": "5C280DADFBD4F6BEFD3456A378C119A4",
  "Mono.Cecil.Mdb.dll": "D9D09780155B63B92CBCE2436B9E2C24",
  "Mono.Cecil.Pdb.dll": "7291433B476E8F16D87FDE4F7B1C4D40",
  "Mono.Cecil.Rocks.dll": "5547BE2E0BAAE3F1C3C48AE746F7E82C",
  "MonoMod.Backports.dll": "50AC137E140CA40A6FB2D44C845B2C48",
  "MonoMod.Core.dll": "0726B68392D0B0DFA2F8179D13B7A1C2",
  "MonoMod.Iced.dll": "5663B9F337B2A80A4628EEF217A0E089",
  "MonoMod.ILHelpers.dll": "DB455172CAAE7E263F87064D0FF1267D",
  "MonoMod.RuntimeDetour.dll": "D752FE40665953B9BDFD8C1C42E5CDBE",
  "MonoMod.Utils.dll": "8CA75C7AA8E9B4AF82F4EBFFF950BB4F",
  "nethost.dll": "012081214FE71F0F6ADCD9F4A71B2B00",
  "Newtonsoft.Json.dll": "86A83A63F12B55FD3718CFBFB577D7DC",
  "PeNet.Asn1.dll": "7CEC14187657258E9E9D5FFF7ED65008",
  "PeNet.dll": "DB904511F3DF874D30FC0E7DC1B056F5",
  "PInvoke.AdvApi32.dll": "34EE461D05B403C3A15D0DEC32A3788C",
  "PInvoke.BCrypt.dll": "FD07758EE1440491F22923084109FF26",
  "PInvoke.Cabinet.dll": "333D950E3804735DA60CC41D614C63E2",
  "PInvoke.CfgMgr32.dll": "768BE7CC18EDCF78B296A72ABE891691",
  "PInvoke.Crypt32.dll": "E7B00B0851738F4A7F2C6D37DAA973B4",
  "PInvoke.DbgHelp.dll": "E701136169620D20E3A70B560DE20E44",
  "PInvoke.DwmApi.dll": "ACF223CC8962404056648815B486F7D9",
  "PInvoke.Gdi32.dll": "69FF434826F98582CE44D3136ECFFACB",
  "PInvoke.Hid.dll": "2E7A41257F8AD9B26073181F450CD8E5",
  "PInvoke.ImageHlp.dll": "79BE816E8D86EA66489D7780DD675D49",
  "PInvoke.IPHlpApi.dll": "E949FA3326D1BA8872B179AB4EE49D38",
  "PInvoke.Kernel32.dll": "234E15B122ED430DE99490CA1A204958",
  "PInvoke.Magnification.dll": "C9EA3D34F506741ECC044DB19C151F09",
  "PInvoke.Msi.dll": "69EE50CE2DA6B55755E52589F49A7EBC",
  "PInvoke.NCrypt.dll": "DA1DE76C14D99370CA3BEF19DC299B15",
  "PInvoke.NetApi32.dll": "AE79F9FA2E3864A5E0642AE4622ECDC5",
  "PInvoke.NewDev.dll": "B3E1992105D986EF9C5C8E4B630FBB07",
  "PInvoke.NTDll.dll": "3F6BDF840EB27DD0FD9EB8071822183A",
  "PInvoke.Ole32.dll": "3C49FB100B60519FFE725BCD12A538F6",
  "PInvoke.Psapi.dll": "A7683EE4B880227F01C8AE632A892B9E",
  "PInvoke.SetupApi.dll": "1B7AE321185D0081D1759A9AD829F9BA",
  "PInvoke.SHCore.dll": "F27E7F063D51480F6D2294C903E4A606",
  "PInvoke.Shell32.dll": "F71A1BCAF6478190691170DAEA77722F",
  "PInvoke.User32.dll": "8BEDE38311ED4F27127290B81B8079FD",
  "PInvoke.Userenv.dll": "FEB7BCA90B8C905EC2F4BB0789847131",
  "PInvoke.UxTheme.dll": "8E683C016250CB719FDB9AAAFC22B3C5",
  "PInvoke.Windows.Core.dll": "90015440A44935208FFEA9BF61740651",
  "PInvoke.Windows.ShellScalingApi.dll": "F351B34B8C9183A51CADFDC279357C49",
  "PInvoke.WinUsb.dll": "9EB8A0280F2848D1A32B560A939F7336",
  "PInvoke.WtsApi32.dll": "341C94455D2E5893DBE4293D4D67AA4D",
  "Reloaded.Assembler.dll": "D974BAC32C83FC21B275D36F534BC253",
  "Reloaded.Hooks.Definitions.dll": "52A23BCB73317F3D74C753E4951AADD4",
  "Reloaded.Hooks.dll": "59AE617FFB5329417A101669197A4293",
  "Reloaded.Memory.Buffers.dll": "CF2E1941A5F2717419CAD33C97560BE4",
  "Reloaded.Memory.dll": "4EAD6BE810E47A090939A01A25B7E17C",
  "revision.txt": "043AB21FC5A1607B381AC3896176DAC6",
  "SDL2-CS.config": "65557595FD5DF55D93B2BF881DE62C3A",
  "SDL2-CS.dll": "6FE292C4FE8AD471260DB1D48B95861C",
  "Serilog.dll": "6FCEFD7225719A8BE66496A262E60A38",
  "Serilog.Sinks.Async.dll": "E215F46C7576F1222BA0E2C5B2D7687E",
  "Serilog.Sinks.Console.dll": "5F46024B1C007F4D7E7363D71CA0A43C",
  "Serilog.Sinks.File.dll": "17343EF58ABD2684B32F4B415276E3A8",
  "SharpDX.Direct3D11.dll": "C454446AD5C1F80434FD7367B488EDE6",
  "SharpDX.dll": "6E85879C841E303AC91CE56E36D475C0",
  "SharpDX.DXGI.dll": "E41E6E5D37CEEA151B48AD823C1A151B",
  "SharpDX.Mathematics.dll": "262D2E726FD3ACB114E3D45DB0C0097C",
  "Silk.NET.Core.dll": "EFDE9A07F8C98D4002AAAC6C4B86A78E",
  "Silk.NET.GLFW.dll": "CA7B573E0B322D5A3BABA44B27341925",
  "Silk.NET.Maths.dll": "A59E9948903B81AC5691719F9F20D326",
  "Silk.NET.OpenGL.dll": "DDF704D6C2362F72286A283231002F27",
  "Silk.NET.SDL.dll": "0465150BC8FB4224B4FC8919BC559F4B",
  "Silk.NET.Windowing.Common.dll": "E22F5F2C439C29D350B1EEDE4CC60B31",
  "Silk.NET.Windowing.Glfw.dll": "7BEB97D47E6223AC421EC9824CD3BE63",
  "Silk.NET.Windowing.Sdl.dll": "19339E1E1B4CE732626ED21372CBF014",
  "SQLite-net.dll": "BC7A7CF2041EA1418113AB9A34A059ED",
  "SQLitePCLRaw.batteries_v2.dll": "A701E0A647D0832B45BD30F06A3D8DE8",
  "SQLitePCLRaw.core.dll": "99A1EA55D5BA10810F943E4BA4004B7D",
  "SQLitePCLRaw.nativelibrary.dll": "DA2181CEB0F94E1B1F7A63A4001CA909",
  "SQLitePCLRaw.provider.dynamic_cdecl.dll": "0451DED782C3923D586E5256FA48CEA9",
  "StbiSharp.dll": "8623482C7C75AC9F1C149F78A04EC00D",
  "System.Reactive.dll": "EF5A00287AD15393D41B12AA4B726FF7",
  "System.Reflection.MetadataLoadContext.dll": "7EC41D41F4E1246757BA3E2EC862D562",
  "System.Security.Cryptography.Pkcs.dll": "8950E01996A37E808BE3F39063C37BF9",
  "TEMP_gitver.txt": "4EC62814A0F8ED47DE265242881A00B1",
  "Validation.dll": "7DB6AB0415BA3594876F647A0C29B634"
}
