{
  "runtimes\\alpine-x64\\native\\libe_sqlite3.so": "39C244FEDBCD3DFC37041D4FCE1AE21D",
  "runtimes\\linux-arm\\native\\libe_sqlite3.so": "96CF54BC0EFB83D6E3F5F3E04997A59D",
  "runtimes\\linux-arm64\\native\\libe_sqlite3.so": "F079E55E7F3F9966A4A2052A3234E068",
  "runtimes\\linux-armel\\native\\libe_sqlite3.so": "C5A67D49434FC65D64E9C15778078C76",
  "runtimes\\linux-mips64\\native\\libe_sqlite3.so": "5F8461214089CFC677D46C19B7162161",
  "runtimes\\linux-musl-x64\\native\\libe_sqlite3.so": "39C244FEDBCD3DFC37041D4FCE1AE21D",
  "runtimes\\linux-x64\\native\\libe_sqlite3.so": "6F49C540D3AB9964D67A4A704C3D262D",
  "runtimes\\linux-x64\\native\\libglfw.so.3": "9E3137144F68B9E9793F4C7AD5B1BEA7",
  "runtimes\\linux-x64\\native\\libSDL2-2.0.so": "99B95A708381FC66AB2370E45A260527",
  "runtimes\\linux-x64\\native\\libstbi.so": "0945355ED59677D06E3E88F48101BB26",
  "runtimes\\linux-x86\\native\\libe_sqlite3.so": "5E0659B414CBD6DDC38C65582485853E",
  "runtimes\\osx-x64\\native\\libe_sqlite3.dylib": "F82AE134FCD1C080A69D775591406673",
  "runtimes\\osx-x64\\native\\libglfw.3.dylib": "1E30FAB2F0C40E82290AD4B0BF14A880",
  "runtimes\\osx-x64\\native\\libSDL2-2.0.dylib": "AAC958490586C67395F0A90903AE3747",
  "runtimes\\osx-x64\\native\\libstbi.dylib": "0B84B0A6A80178266018081C3CAB68E6",
  "runtimes\\win-arm\\native\\e_sqlite3.dll": "70541C242CE9431AF64C903E5A04CB88",
  "runtimes\\win-arm64\\native\\e_sqlite3.dll": "2109324F82BCE4A46980FD3FD063B12B",
  "runtimes\\win-x64\\native\\cimgui.dll": "251530A0D3F241C0FDD3B26D885966D6",
  "runtimes\\win-x64\\native\\cimguizmo.dll": "3D5DE4893FF39A4A62C2FA3305739704",
  "runtimes\\win-x64\\native\\cimplot.dll": "1A0254BE23D8C7C7AECA6171C26BBFA1",
  "runtimes\\win-x64\\native\\e_sqlite3.dll": "7CB6D36B39BD4F34608204696F076B40",
  "runtimes\\win-x64\\native\\glfw3.dll": "4958C5631DBA9EC76E92FF7C786ECBA8",
  "runtimes\\win-x64\\native\\minhook.x64d.dll": "7D07E23FC686F1F129D12AA759A0E24A",
  "runtimes\\win-x64\\native\\SDL2.dll": "E39D19F89E40CE39FD1893FA730A4728",
  "runtimes\\win-x64\\native\\stbi.dll": "6F7394559FF51B3104220CC673D193C5",
  "runtimes\\win-x64\\native\\stbi.lib": "927C214DE576219E1F80DBE7798A0502",
  "runtimes\\win-x86\\native\\e_sqlite3.dll": "D354F8540E11D289E5796FC37D898316",
  "runtimes\\win-x86\\native\\glfw3.dll": "E2EC86738F5106C0593BE12DA614D6D7",
  "runtimes\\win-x86\\native\\SDL2.dll": "F66F6530C112C99E2DA110934805D64D",
  "targets\\Dalamud.Plugin.Bootstrap.targets": "C85635161398CD9852CF7212DB7EB904",
  "targets\\Dalamud.Plugin.targets": "E2AA900DB1F6596D1C203D4112A10F5E",
  "CheapLoc.dll": "58A24921905CF6CD04B18A6C7647FF43",
  "Costura.dll": "D2DD81BE3CB12A54CBEF5FF239387A63",
  "Dalamud.Boot.dll": "A663952AEC28DDC8999526771258EAB3",
  "Dalamud.Common.dll": "20B0586A624B325654B03CD07C6B3FAD",
  "Dalamud.deps.json": "84CA9BDEBF4319BD9CD8A5CC867040D6",
  "Dalamud.dll": "79ED5878008CDE456217B3233C47CC0E",
  "Dalamud.Injector.deps.json": "C1FA0941DC8B38E415776C60C508AAB9",
  "Dalamud.Injector.dll": "3B973B734F84EABA28423EFEB439344E",
  "Dalamud.Injector.exe": "65827EAC0BB3A61956F41F7108B484F4",
  "Dalamud.Injector.runtimeconfig.json": "B9BB65FFE7924D4D8BABE9FA66303200",
  "Dalamud.Injector.xml": "D41E5DF541D19A015215E777D7395C9C",
  "Dalamud.runtimeconfig.json": "2A9CD915428BDD175E0889BD0C225F75",
  "Dalamud.xml": "2334130230DAEE08535FC00727E3524E",
  "DalamudCrashHandler.exe": "4012975664E590CC3421794D53DB7AC6",
  "FASM-LICENSE.TXT": "ECEA1D10811221D5F0A3E96F9C38E2C7",
  "FASM.DLL": "EB2403CFD4B222ABC0D40C1923D58E35",
  "FASMX64.DLL": "66F9A142B523D3F4AC8A295D476B1110",
  "FFXIVClientStructs.dll": "275A01F55472AA89BE58A443C7521E27",
  "FFXIVClientStructs.xml": "F8865280C813EEF92551C6E5588F4263",
  "goaaats.Reloaded.Assembler.targets": "CC22CB0A353E2136EE9E6E96DB9F7164",
  "Iced.dll": "5DC34664D1AF3F8FB0E5CAF9C1C36066",
  "ImGui.NET.dll": "A44DE2596158857CAAF9D1A19FA5E78E",
  "ImGuiScene.dll": "3F4EA69999ADE50F10F8D194FDD441B8",
  "JetBrains.Annotations.dll": "0F3E12AE15576B95E0886D97C3E504EB",
  "licenses.txt": "A159BE62AA91178EFC3E3983AE874D1D",
  "Lumina.dll": "7C4A548446E03AF13E4FB0D0BB555AB8",
  "Lumina.Excel.dll": "6CB717F820F910802DD508770DDF0664",
  "Microsoft.Bcl.HashCode.dll": "613AB56061ADF2284E047025207467E0",
  "Microsoft.DotNet.PlatformAbstractions.dll": "00AB0F02B1114C57C758F5AD595224F1",
  "Microsoft.Extensions.DependencyModel.dll": "F39BC76C10CFEA478C936FC4521A9FC9",
  "Microsoft.Extensions.ObjectPool.dll": "4EEE3E64BE561711391BF998FFBF65D3",
  "MinSharp.dll": "C5BCB33F176C4D192B4612AE488EE9BB",
  "Mono.Cecil.dll": "89AA07B8854121E012FD7E9C0F482888",
  "Mono.Cecil.Mdb.dll": "188F3A2677E17283CDFD87A1EA68AFC9",
  "Mono.Cecil.Pdb.dll": "40FD54E635BA9BC98494682A22F6792D",
  "Mono.Cecil.Rocks.dll": "B4A40C07F5CE296A0A750C51E7CB8DE1",
  "nethost.dll": "012081214FE71F0F6ADCD9F4A71B2B00",
  "Newtonsoft.Json.dll": "86A83A63F12B55FD3718CFBFB577D7DC",
  "PeNet.Asn1.dll": "37837293270E5191A0845AC36DFAE3CD",
  "PeNet.dll": "41E0E5655FDD34734CF52C3B7224474A",
  "PInvoke.AdvApi32.dll": "34EE461D05B403C3A15D0DEC32A3788C",
  "PInvoke.BCrypt.dll": "FD07758EE1440491F22923084109FF26",
  "PInvoke.Cabinet.dll": "333D950E3804735DA60CC41D614C63E2",
  "PInvoke.CfgMgr32.dll": "768BE7CC18EDCF78B296A72ABE891691",
  "PInvoke.Crypt32.dll": "E7B00B0851738F4A7F2C6D37DAA973B4",
  "PInvoke.DbgHelp.dll": "E701136169620D20E3A70B560DE20E44",
  "PInvoke.DwmApi.dll": "ACF223CC8962404056648815B486F7D9",
  "PInvoke.Gdi32.dll": "69FF434826F98582CE44D3136ECFFACB",
  "PInvoke.Hid.dll": "2E7A41257F8AD9B26073181F450CD8E5",
  "PInvoke.ImageHlp.dll": "79BE816E8D86EA66489D7780DD675D49",
  "PInvoke.IPHlpApi.dll": "E949FA3326D1BA8872B179AB4EE49D38",
  "PInvoke.Kernel32.dll": "234E15B122ED430DE99490CA1A204958",
  "PInvoke.Magnification.dll": "C9EA3D34F506741ECC044DB19C151F09",
  "PInvoke.Msi.dll": "69EE50CE2DA6B55755E52589F49A7EBC",
  "PInvoke.NCrypt.dll": "DA1DE76C14D99370CA3BEF19DC299B15",
  "PInvoke.NetApi32.dll": "AE79F9FA2E3864A5E0642AE4622ECDC5",
  "PInvoke.NewDev.dll": "B3E1992105D986EF9C5C8E4B630FBB07",
  "PInvoke.NTDll.dll": "3F6BDF840EB27DD0FD9EB8071822183A",
  "PInvoke.Ole32.dll": "3C49FB100B60519FFE725BCD12A538F6",
  "PInvoke.Psapi.dll": "A7683EE4B880227F01C8AE632A892B9E",
  "PInvoke.SetupApi.dll": "1B7AE321185D0081D1759A9AD829F9BA",
  "PInvoke.SHCore.dll": "F27E7F063D51480F6D2294C903E4A606",
  "PInvoke.Shell32.dll": "F71A1BCAF6478190691170DAEA77722F",
  "PInvoke.User32.dll": "8BEDE38311ED4F27127290B81B8079FD",
  "PInvoke.Userenv.dll": "FEB7BCA90B8C905EC2F4BB0789847131",
  "PInvoke.UxTheme.dll": "8E683C016250CB719FDB9AAAFC22B3C5",
  "PInvoke.Windows.Core.dll": "90015440A44935208FFEA9BF61740651",
  "PInvoke.Windows.ShellScalingApi.dll": "F351B34B8C9183A51CADFDC279357C49",
  "PInvoke.WinUsb.dll": "9EB8A0280F2848D1A32B560A939F7336",
  "PInvoke.WtsApi32.dll": "341C94455D2E5893DBE4293D4D67AA4D",
  "Reloaded.Assembler.dll": "044A161EEE9E38B64B846528893A8C2A",
  "Reloaded.Hooks.Definitions.dll": "C9AD3B5CC2C83A3273B322DE77F609FB",
  "Reloaded.Hooks.dll": "752FF8A944629CD10D0E78CF3BE87709",
  "Reloaded.Memory.Buffers.dll": "9BC8FEBE0D38470D8F24D981B1FEAA2E",
  "Reloaded.Memory.dll": "DBB7763D692ECFA7DFB06962843418E5",
  "revision.txt": "30D454F09B771B9F65E3EAF6E00FA7BD",
  "SDL2-CS.config": "65557595FD5DF55D93B2BF881DE62C3A",
  "SDL2-CS.dll": "4A983A01DDA330C67D849387E3990803",
  "Serilog.dll": "C201116B5931CE164434F8DB5F137A38",
  "Serilog.Sinks.Async.dll": "9C53F6E08C115D4BE2F1C2C82E8F01CF",
  "Serilog.Sinks.Console.dll": "D054E8ADF7E38BBFC136A34BEC5DF53D",
  "Serilog.Sinks.File.dll": "524E0FBC1329574524AC30EACAD79560",
  "SharpDX.Direct3D11.dll": "096C9E2B0FAB14BAF89084D0B4977C55",
  "SharpDX.dll": "BCBE6B4CCED6A1D43DA9809C78F6DE66",
  "SharpDX.DXGI.dll": "4C49181E08DE2C546C181DA2A26DF272",
  "SharpDX.Mathematics.dll": "ECB3391555F87E5B3C1CBE192CC4B88A",
  "Silk.NET.Core.dll": "11FD1F0D5F28C940D18A21EAEB8304C4",
  "Silk.NET.GLFW.dll": "D784319C9C430D3E31138D724AAD8A35",
  "Silk.NET.Maths.dll": "3F2F70244CFDB304BE853C7507389A6B",
  "Silk.NET.OpenGL.dll": "A6629F4CF23910E1491FF64E6E76BC98",
  "Silk.NET.SDL.dll": "EE640D5742E2F963E53F9B9F1E7AB26F",
  "Silk.NET.Windowing.Common.dll": "B9EE1BE355874CFB239C087ED313E0FA",
  "Silk.NET.Windowing.Glfw.dll": "6BAE75480F1953D52909FCCE3A0490C2",
  "Silk.NET.Windowing.Sdl.dll": "8AC2AE16933D7927492EE1E4F33072C7",
  "SQLite-net.dll": "4028038A6E5527D64C52CCE3974EE6A9",
  "SQLitePCLRaw.batteries_v2.dll": "1A156EBB6FCEFCBA118CA6B130339238",
  "SQLitePCLRaw.core.dll": "3A59AEF9D8FBAEA23A8EBE0D726E74AA",
  "SQLitePCLRaw.nativelibrary.dll": "BB2A72D44DDE429D860153B4D282BB79",
  "SQLitePCLRaw.provider.dynamic_cdecl.dll": "96B32423C896525687DBAFF3D86E3269",
  "StbiSharp.dll": "ABA36DE7EC45C8202658CE88D85E566C",
  "System.Reactive.dll": "EF5A00287AD15393D41B12AA4B726FF7",
  "System.Reflection.MetadataLoadContext.dll": "7EC41D41F4E1246757BA3E2EC862D562",
  "System.Security.Cryptography.Pkcs.dll": "8950E01996A37E808BE3F39063C37BF9",
  "TEMP_gitver.txt": "E78A652C53331C0C14B7D45C50BB944F",
  "TerraFX.Interop.Windows.dll": "84F7EF6B0DE91F8CC23F773D3FD6DEC0",
  "Validation.dll": "6F53D73E75D24C398A5EA69ED17467DF"
}
