{
  "runtimes\\alpine-x64\\native\\libe_sqlite3.so": "39C244FEDBCD3DFC37041D4FCE1AE21D",
  "runtimes\\linux-arm\\native\\libe_sqlite3.so": "96CF54BC0EFB83D6E3F5F3E04997A59D",
  "runtimes\\linux-arm64\\native\\libe_sqlite3.so": "F079E55E7F3F9966A4A2052A3234E068",
  "runtimes\\linux-armel\\native\\libe_sqlite3.so": "C5A67D49434FC65D64E9C15778078C76",
  "runtimes\\linux-mips64\\native\\libe_sqlite3.so": "5F8461214089CFC677D46C19B7162161",
  "runtimes\\linux-musl-x64\\native\\libe_sqlite3.so": "39C244FEDBCD3DFC37041D4FCE1AE21D",
  "runtimes\\linux-x64\\native\\libe_sqlite3.so": "6F49C540D3AB9964D67A4A704C3D262D",
  "runtimes\\linux-x64\\native\\libglfw.so.3": "9E3137144F68B9E9793F4C7AD5B1BEA7",
  "runtimes\\linux-x64\\native\\libSDL2-2.0.so": "99B95A708381FC66AB2370E45A260527",
  "runtimes\\linux-x64\\native\\libstbi.so": "0945355ED59677D06E3E88F48101BB26",
  "runtimes\\linux-x86\\native\\libe_sqlite3.so": "5E0659B414CBD6DDC38C65582485853E",
  "runtimes\\osx-x64\\native\\libe_sqlite3.dylib": "F82AE134FCD1C080A69D775591406673",
  "runtimes\\osx-x64\\native\\libglfw.3.dylib": "1E30FAB2F0C40E82290AD4B0BF14A880",
  "runtimes\\osx-x64\\native\\libSDL2-2.0.dylib": "AAC958490586C67395F0A90903AE3747",
  "runtimes\\osx-x64\\native\\libstbi.dylib": "0B84B0A6A80178266018081C3CAB68E6",
  "runtimes\\win-arm\\native\\e_sqlite3.dll": "3C9FBCD51D0DA48BA8003E4020E590E0",
  "runtimes\\win-arm64\\native\\e_sqlite3.dll": "8D5A4C0EED3C878F3322B8513B95C1FF",
  "runtimes\\win-x64\\native\\e_sqlite3.dll": "10EC43966920EC1B586A8E471092B060",
  "runtimes\\win-x64\\native\\glfw3.dll": "63D998A9258C286330B7766F5751A547",
  "runtimes\\win-x64\\native\\minhook.x64d.dll": "C9749F6A056FBD4F34D9B992CAD7E15F",
  "runtimes\\win-x64\\native\\SDL2.dll": "32B3112C2CD6F6F0682620579961B363",
  "runtimes\\win-x64\\native\\stbi.dll": "A22DB204D26563067A3FDED38AC56262",
  "runtimes\\win-x64\\native\\stbi.lib": "927C214DE576219E1F80DBE7798A0502",
  "runtimes\\win-x86\\native\\e_sqlite3.dll": "EB19C28920FF8B69781D94BE1BF1E115",
  "runtimes\\win-x86\\native\\glfw3.dll": "A412106EBAB9279A9F9F0F9CAEE6A942",
  "runtimes\\win-x86\\native\\SDL2.dll": "731DC341D36D0840601E5CE818C57EA2",
  "targets\\Dalamud.Plugin.Bootstrap.targets": "C85635161398CD9852CF7212DB7EB904",
  "targets\\Dalamud.Plugin.targets": "394EE2BEC70254F76ABBE2C33F62BBFA",
  "BitFaster.Caching.dll": "B35D994C64DD0E731CBAD6301B1869FB",
  "CheapLoc.dll": "93BE1AC25421041C084618584920BA41",
  "cimgui.dll": "B6B8CC7A887989781A68FE48557CAA0C",
  "cimguizmo.dll": "8FF183B0AAEC25245101F0BCD5C2827F",
  "cimplot.dll": "39F0E06929E248228B10985178BA2BDE",
  "commit_hash.txt": "E2E6DCC5E1C5503BE2FD7BFCF690ABBA",
  "Dalamud.Boot.dll": "4591ED003A072D2AB4DA9E2F7B14F128",
  "Dalamud.Common.dll": "08F3540AF5A7BE83EBF6A3023AFAD959",
  "Dalamud.deps.json": "D2CCFB342BE09F2071ACD4911DA897B3",
  "Dalamud.dll": "709584BBE6E708841A158AC621B1EAB8",
  "Dalamud.Injector.deps.json": "C21972522E8133995B2C9562B3E39983",
  "Dalamud.Injector.dll": "02F50A99EE9EAAAA40803DDC323F5C35",
  "Dalamud.Injector.exe": "AD78FAE6E6EFE48BD0C4905001944865",
  "Dalamud.Injector.runtimeconfig.json": "439C534917CEF268A731631073E50FE4",
  "Dalamud.Injector.xml": "6730B8BB13078B71889B5A56C5DFAC6D",
  "Dalamud.runtimeconfig.json": "CA3935E9C6B9E3300F2D7171E4AF6335",
  "Dalamud.xml": "C3BDDE062D750289E221D86AD8838293",
  "DalamudCrashHandler.exe": "11C0A39FC3F914891C560CCFEF86672B",
  "FASM-LICENSE.TXT": "ECEA1D10811221D5F0A3E96F9C38E2C7",
  "FASM.DLL": "DCC2BBB971E051280DF20F4E736B3AB9",
  "FASMX64.DLL": "8C43CA21DC0686E04C8A41BF8F7917E1",
  "FFXIVClientStructs.dll": "E06CF63D38B6310D9FD2C6B13152A92C",
  "FFXIVClientStructs.xml": "E6C514F02664C3327AA7DFF69DF546C7",
  "goatcorp.Reloaded.Assembler.targets": "CC22CB0A353E2136EE9E6E96DB9F7164",
  "Iced.dll": "1BE884B0528C9AD3880647D4867060C6",
  "ImGui.NET.dll": "2729578A010F37D374A7212E8FB17705",
  "ImGuiScene.dll": "6FE8E5911E788E2F104D2CAE2610B2BB",
  "InteropGenerator.Runtime.dll": "6D00F36FBA5364CB11704E961C4A6D47",
  "JetBrains.Annotations.dll": "F024D65235524181C137563C57C289ED",
  "licenses.txt": "A159BE62AA91178EFC3E3983AE874D1D",
  "Lumina.dll": "C5F322C3D96846F29EDE3E81ECBCBCE5",
  "Lumina.Excel.dll": "DBF31C05F585A5D4D8C5FEE0139564E8",
  "Microsoft.Bcl.HashCode.dll": "613AB56061ADF2284E047025207467E0",
  "Microsoft.DotNet.PlatformAbstractions.dll": "00AB0F02B1114C57C758F5AD595224F1",
  "Microsoft.Extensions.DependencyModel.dll": "F39BC76C10CFEA478C936FC4521A9FC9",
  "Microsoft.Extensions.ObjectPool.dll": "B0558CE087EAE95853E35579300F3A77",
  "MinSharp.dll": "DF76177A56FE5AE56F6196AF5D10B3DE",
  "Mono.Cecil.dll": "E68BA72749BC51C3E84A5B26BF1E0933",
  "Mono.Cecil.Mdb.dll": "7963EBF064BA10D439EAFB46B8A985D8",
  "Mono.Cecil.Pdb.dll": "630ECA9456107A6D88BB81D0762E9463",
  "Mono.Cecil.Rocks.dll": "D69A101565B85D36787435E75684202F",
  "nethost.dll": "21F39F71E2F4B5BA9FB3F126872F2F9B",
  "Newtonsoft.Json.dll": "ADF3E3EECDE20B7C9661E9C47106A14A",
  "PeNet.Asn1.dll": "5B87F753B7B3D646AD1D63B5DCEBA66E",
  "PeNet.dll": "8EF6EEC0C2BBA2431D2E6057D042B0E9",
  "PInvoke.AdvApi32.dll": "34EE461D05B403C3A15D0DEC32A3788C",
  "PInvoke.BCrypt.dll": "FD07758EE1440491F22923084109FF26",
  "PInvoke.Cabinet.dll": "333D950E3804735DA60CC41D614C63E2",
  "PInvoke.CfgMgr32.dll": "768BE7CC18EDCF78B296A72ABE891691",
  "PInvoke.Crypt32.dll": "E7B00B0851738F4A7F2C6D37DAA973B4",
  "PInvoke.DbgHelp.dll": "E701136169620D20E3A70B560DE20E44",
  "PInvoke.DwmApi.dll": "ACF223CC8962404056648815B486F7D9",
  "PInvoke.Gdi32.dll": "69FF434826F98582CE44D3136ECFFACB",
  "PInvoke.Hid.dll": "2E7A41257F8AD9B26073181F450CD8E5",
  "PInvoke.ImageHlp.dll": "79BE816E8D86EA66489D7780DD675D49",
  "PInvoke.IPHlpApi.dll": "E949FA3326D1BA8872B179AB4EE49D38",
  "PInvoke.Kernel32.dll": "234E15B122ED430DE99490CA1A204958",
  "PInvoke.Magnification.dll": "C9EA3D34F506741ECC044DB19C151F09",
  "PInvoke.Msi.dll": "69EE50CE2DA6B55755E52589F49A7EBC",
  "PInvoke.NCrypt.dll": "DA1DE76C14D99370CA3BEF19DC299B15",
  "PInvoke.NetApi32.dll": "AE79F9FA2E3864A5E0642AE4622ECDC5",
  "PInvoke.NewDev.dll": "B3E1992105D986EF9C5C8E4B630FBB07",
  "PInvoke.NTDll.dll": "3F6BDF840EB27DD0FD9EB8071822183A",
  "PInvoke.Ole32.dll": "3C49FB100B60519FFE725BCD12A538F6",
  "PInvoke.Psapi.dll": "A7683EE4B880227F01C8AE632A892B9E",
  "PInvoke.SetupApi.dll": "1B7AE321185D0081D1759A9AD829F9BA",
  "PInvoke.SHCore.dll": "F27E7F063D51480F6D2294C903E4A606",
  "PInvoke.Shell32.dll": "F71A1BCAF6478190691170DAEA77722F",
  "PInvoke.User32.dll": "8BEDE38311ED4F27127290B81B8079FD",
  "PInvoke.Userenv.dll": "FEB7BCA90B8C905EC2F4BB0789847131",
  "PInvoke.UxTheme.dll": "8E683C016250CB719FDB9AAAFC22B3C5",
  "PInvoke.Windows.Core.dll": "90015440A44935208FFEA9BF61740651",
  "PInvoke.Windows.ShellScalingApi.dll": "F351B34B8C9183A51CADFDC279357C49",
  "PInvoke.WinUsb.dll": "9EB8A0280F2848D1A32B560A939F7336",
  "PInvoke.WtsApi32.dll": "341C94455D2E5893DBE4293D4D67AA4D",
  "Reloaded.Assembler.dll": "8951429AD99CFB8B9C0392DB76511E00",
  "Reloaded.Hooks.Definitions.dll": "FAC616444B10931BCD18A78506AE23A6",
  "Reloaded.Hooks.dll": "7D62DCA5A8A4E07B6C37FC18F50F66DD",
  "Reloaded.Memory.Buffers.dll": "033F4A631FFCCE5933925B9AB96EECBB",
  "Reloaded.Memory.dll": "1703A0F1AA1B8B5091E7DDEA9BACA1B9",
  "revision.txt": "5E7D00134BA3A8B3E37EDF5038BC51FC",
  "SDL2-CS.config": "65557595FD5DF55D93B2BF881DE62C3A",
  "SDL2-CS.dll": "6557DD6F8C4C1251F0EE833CBF9AF231",
  "Serilog.dll": "55216DBD07E0521A3A8906FE979AC2D8",
  "Serilog.Sinks.Async.dll": "F465087044BA19D355FAE1BD3DEF8ACA",
  "Serilog.Sinks.Console.dll": "845D464D61A1352C0D261E79B8B12B69",
  "Serilog.Sinks.File.dll": "CD9676A26032F2838551AE56822BC7BA",
  "SharpDX.Direct3D11.dll": "300FFCF95350B251886FCF6866608111",
  "SharpDX.dll": "02DCBD1AD63013D2634F0B73475E70D1",
  "SharpDX.DXGI.dll": "1357321821886A63CEFFC3589C3A721B",
  "SharpDX.Mathematics.dll": "4FD57EB0F306BAE242A1C5AF9DBBBC34",
  "Silk.NET.Core.dll": "B05FEA58F1ADE9C98A3A72ABB8072176",
  "Silk.NET.GLFW.dll": "840C3D3FC4BBD191633D840E4A2ADF17",
  "Silk.NET.Maths.dll": "914F26C75D36B0C32500FB6FC7D0B9F7",
  "Silk.NET.OpenGL.dll": "9C2AD42FE1C7D651FCCD5E94AC6D555F",
  "Silk.NET.SDL.dll": "194BF2A849EED2E8337820860A0818CB",
  "Silk.NET.Windowing.Common.dll": "1CDB97446520B4A5E400092A23C5D6F2",
  "Silk.NET.Windowing.Glfw.dll": "DB4F9DE5FECA6A9234D75EF23E6F2DBD",
  "Silk.NET.Windowing.Sdl.dll": "71369912924EDB9984CA325CB10FBA3D",
  "SQLite-net.dll": "C839DFFF4CF1D4425FC2A9CCCAEC17F1",
  "SQLitePCLRaw.batteries_v2.dll": "6384F859DD9CC164AB8DE5061439674F",
  "SQLitePCLRaw.core.dll": "487C26F5A662EBEBF710C73F86E8F7C4",
  "SQLitePCLRaw.nativelibrary.dll": "04E851E75F2C85209A2DC1B348F7AE83",
  "SQLitePCLRaw.provider.dynamic_cdecl.dll": "5DE2A33E8066FD89FC9FADE312652E9C",
  "StbiSharp.dll": "BAFB41E160EA76FB54C3EF7980D76A81",
  "System.Reactive.dll": "EF5A00287AD15393D41B12AA4B726FF7",
  "System.Reflection.MetadataLoadContext.dll": "E88E3AF6D37736F339022C9ACC5F2F7B",
  "System.Security.Cryptography.Pkcs.dll": "8950E01996A37E808BE3F39063C37BF9",
  "TEMP_gitver.txt": "06EC6D7E00D907528F367740A14E6290",
  "TerraFX.Interop.Windows.dll": "84F7EF6B0DE91F8CC23F773D3FD6DEC0",
  "Validation.dll": "9CBD2A703CF0D4124124655BE20B68C7"
}
