{
  "runtimes\\alpine-x64\\native\\libe_sqlite3.so": "39C244FEDBCD3DFC37041D4FCE1AE21D",
  "runtimes\\linux-arm\\native\\libe_sqlite3.so": "96CF54BC0EFB83D6E3F5F3E04997A59D",
  "runtimes\\linux-arm64\\native\\libe_sqlite3.so": "F079E55E7F3F9966A4A2052A3234E068",
  "runtimes\\linux-armel\\native\\libe_sqlite3.so": "C5A67D49434FC65D64E9C15778078C76",
  "runtimes\\linux-mips64\\native\\libe_sqlite3.so": "5F8461214089CFC677D46C19B7162161",
  "runtimes\\linux-musl-x64\\native\\libe_sqlite3.so": "39C244FEDBCD3DFC37041D4FCE1AE21D",
  "runtimes\\linux-x64\\native\\libe_sqlite3.so": "6F49C540D3AB9964D67A4A704C3D262D",
  "runtimes\\linux-x64\\native\\libglfw.so.3": "9E3137144F68B9E9793F4C7AD5B1BEA7",
  "runtimes\\linux-x64\\native\\libSDL2-2.0.so": "99B95A708381FC66AB2370E45A260527",
  "runtimes\\linux-x64\\native\\libstbi.so": "0945355ED59677D06E3E88F48101BB26",
  "runtimes\\linux-x86\\native\\libe_sqlite3.so": "5E0659B414CBD6DDC38C65582485853E",
  "runtimes\\osx-x64\\native\\libe_sqlite3.dylib": "F82AE134FCD1C080A69D775591406673",
  "runtimes\\osx-x64\\native\\libglfw.3.dylib": "1E30FAB2F0C40E82290AD4B0BF14A880",
  "runtimes\\osx-x64\\native\\libSDL2-2.0.dylib": "AAC958490586C67395F0A90903AE3747",
  "runtimes\\osx-x64\\native\\libstbi.dylib": "0B84B0A6A80178266018081C3CAB68E6",
  "runtimes\\win-arm\\native\\e_sqlite3.dll": "5453E2F7D52A40B6EACC7B86343D0539",
  "runtimes\\win-arm64\\native\\e_sqlite3.dll": "B861140182EA88D5FFD8DD618E6E03FE",
  "runtimes\\win-x64\\native\\cimgui.dll": "DD3E4B9959B46B6704B6568252BE9C8F",
  "runtimes\\win-x64\\native\\cimguizmo.dll": "0BA5B2A1ADFC96E0B957C39FDD45DC51",
  "runtimes\\win-x64\\native\\cimplot.dll": "853076E4B347F278FCD11FBA447AC0D9",
  "runtimes\\win-x64\\native\\e_sqlite3.dll": "A77BFB6B2CEFD4DCB43F8CD68F3401F3",
  "runtimes\\win-x64\\native\\glfw3.dll": "E80B76A8B5770AFCF4CD50D91A603573",
  "runtimes\\win-x64\\native\\minhook.x64d.dll": "12A809CB42FAC0B1C945E7E90E4BFE0D",
  "runtimes\\win-x64\\native\\SDL2.dll": "7110C4F5E5C062EB49B6AA4E57CC8B5D",
  "runtimes\\win-x64\\native\\stbi.dll": "73CE39DC74AA61A93411621F3B2FC18A",
  "runtimes\\win-x64\\native\\stbi.lib": "927C214DE576219E1F80DBE7798A0502",
  "runtimes\\win-x86\\native\\e_sqlite3.dll": "9864674F0C622E5CC149E1D92C54335E",
  "runtimes\\win-x86\\native\\glfw3.dll": "B763B839FA27DA3CAB53EC05BE89D9A0",
  "runtimes\\win-x86\\native\\SDL2.dll": "EABBC7AEEA47E9A58FCAB33B479EFEFB",
  "targets\\Dalamud.Plugin.Bootstrap.targets": "C85635161398CD9852CF7212DB7EB904",
  "targets\\Dalamud.Plugin.targets": "11001C983157350F50D99F1A827999B5",
  "CheapLoc.dll": "04F56F77E1BA87D06A5C5CDE440687B3",
  "Costura.dll": "D16C5EF1C9213D2D88236CC2A3E3729D",
  "Dalamud.Boot.dll": "83AA21ED81D2402C5C8448895EE6FADD",
  "Dalamud.Common.dll": "C0A3BF1EADBC3252D8982D13BEE89B87",
  "Dalamud.deps.json": "75030D0D024A1C527930FE11B1AFF444",
  "Dalamud.dll": "B1C3CC2D4A95F3CD1BAE3E0F7AA9B40A",
  "Dalamud.Injector.deps.json": "4E53ABE9A5D3E4592DA63EBF98DAAD86",
  "Dalamud.Injector.dll": "16531335ABC3D2D48E3029DA80990EDB",
  "Dalamud.Injector.exe": "054D21760BFA34EA0F924F92F3CCFAAC",
  "Dalamud.Injector.runtimeconfig.json": "AAAFA957BB3B382321D67ACC2D792553",
  "Dalamud.Injector.xml": "6CFC451561E67CE7788814C5B327D7EC",
  "Dalamud.runtimeconfig.json": "15719C111D02D5BD45F37285FC8B6040",
  "Dalamud.xml": "E154098D3DBF588E0D2DA5C7FE30434B",
  "DalamudCrashHandler.exe": "9120A3DF969FBA07BC6F81F8D034CCC2",
  "FASM-LICENSE.TXT": "ECEA1D10811221D5F0A3E96F9C38E2C7",
  "FASM.DLL": "0D38F85AB1E77FC23D197215208EDABB",
  "FASMX64.DLL": "53314B161CDF77421121410C54C2A187",
  "FFXIVClientStructs.dll": "A667573E64883CC036D895D2CEF13D29",
  "FFXIVClientStructs.xml": "DB68179A369F4F5F1316D3D42A942497",
  "goaaats.Reloaded.Assembler.targets": "CC22CB0A353E2136EE9E6E96DB9F7164",
  "Iced.dll": "C73D1415BC42C92A335B8F2C8A0A2F1B",
  "ImGui.NET.dll": "456F73B18548AED39923516EADC3AE7F",
  "ImGuiScene.dll": "6A9743B2F65C46BFB433243109B58733",
  "JetBrains.Annotations.dll": "EF70F3A5B0F25981D1E113EB3A85E30D",
  "licenses.txt": "A159BE62AA91178EFC3E3983AE874D1D",
  "Lumina.dll": "11FDB9619E352EC9F4BAB2ECEFB7560E",
  "Lumina.Excel.dll": "AF81563BBB8D200EE7F06C7EFAE4A679",
  "Microsoft.Bcl.HashCode.dll": "613AB56061ADF2284E047025207467E0",
  "Microsoft.DotNet.PlatformAbstractions.dll": "00AB0F02B1114C57C758F5AD595224F1",
  "Microsoft.Extensions.DependencyModel.dll": "F39BC76C10CFEA478C936FC4521A9FC9",
  "MinSharp.dll": "C0B101CDC240B6167DFB331DE590871D",
  "Mono.Cecil.dll": "CE273350F7B49CBB7167D561BC9B89A3",
  "Mono.Cecil.Mdb.dll": "CBB74C5FE59F20E5475A084D8E292E0D",
  "Mono.Cecil.Pdb.dll": "7333923B41FD79A448AAF15456775BF7",
  "Mono.Cecil.Rocks.dll": "3748C6CE73977D70003E49A94C3DC36D",
  "MonoMod.Backports.dll": "2F6E140D97695B104BB02F12CB5F44FA",
  "MonoMod.Core.dll": "BB4838943B1E6BBFB6E10923B17299FA",
  "MonoMod.Iced.dll": "19623B1A483860F625BF4A9C7FB69EAC",
  "MonoMod.ILHelpers.dll": "DD4B4DE6A7CA5575A4573E998D83925F",
  "MonoMod.RuntimeDetour.dll": "8795BCD8015020B4B4A26BD75FA2C58C",
  "MonoMod.Utils.dll": "C0EE8662B2998C25C4635DD48286F686",
  "nethost.dll": "012081214FE71F0F6ADCD9F4A71B2B00",
  "Newtonsoft.Json.dll": "86A83A63F12B55FD3718CFBFB577D7DC",
  "PeNet.Asn1.dll": "570D830D61101B9A3BC80AAE41213F28",
  "PeNet.dll": "DD96A258002A377E1B66F7B7C278FD10",
  "PInvoke.AdvApi32.dll": "34EE461D05B403C3A15D0DEC32A3788C",
  "PInvoke.BCrypt.dll": "FD07758EE1440491F22923084109FF26",
  "PInvoke.Cabinet.dll": "333D950E3804735DA60CC41D614C63E2",
  "PInvoke.CfgMgr32.dll": "768BE7CC18EDCF78B296A72ABE891691",
  "PInvoke.Crypt32.dll": "E7B00B0851738F4A7F2C6D37DAA973B4",
  "PInvoke.DbgHelp.dll": "E701136169620D20E3A70B560DE20E44",
  "PInvoke.DwmApi.dll": "ACF223CC8962404056648815B486F7D9",
  "PInvoke.Gdi32.dll": "69FF434826F98582CE44D3136ECFFACB",
  "PInvoke.Hid.dll": "2E7A41257F8AD9B26073181F450CD8E5",
  "PInvoke.ImageHlp.dll": "79BE816E8D86EA66489D7780DD675D49",
  "PInvoke.IPHlpApi.dll": "E949FA3326D1BA8872B179AB4EE49D38",
  "PInvoke.Kernel32.dll": "234E15B122ED430DE99490CA1A204958",
  "PInvoke.Magnification.dll": "C9EA3D34F506741ECC044DB19C151F09",
  "PInvoke.Msi.dll": "69EE50CE2DA6B55755E52589F49A7EBC",
  "PInvoke.NCrypt.dll": "DA1DE76C14D99370CA3BEF19DC299B15",
  "PInvoke.NetApi32.dll": "AE79F9FA2E3864A5E0642AE4622ECDC5",
  "PInvoke.NewDev.dll": "B3E1992105D986EF9C5C8E4B630FBB07",
  "PInvoke.NTDll.dll": "3F6BDF840EB27DD0FD9EB8071822183A",
  "PInvoke.Ole32.dll": "3C49FB100B60519FFE725BCD12A538F6",
  "PInvoke.Psapi.dll": "A7683EE4B880227F01C8AE632A892B9E",
  "PInvoke.SetupApi.dll": "1B7AE321185D0081D1759A9AD829F9BA",
  "PInvoke.SHCore.dll": "F27E7F063D51480F6D2294C903E4A606",
  "PInvoke.Shell32.dll": "F71A1BCAF6478190691170DAEA77722F",
  "PInvoke.User32.dll": "8BEDE38311ED4F27127290B81B8079FD",
  "PInvoke.Userenv.dll": "FEB7BCA90B8C905EC2F4BB0789847131",
  "PInvoke.UxTheme.dll": "8E683C016250CB719FDB9AAAFC22B3C5",
  "PInvoke.Windows.Core.dll": "90015440A44935208FFEA9BF61740651",
  "PInvoke.Windows.ShellScalingApi.dll": "F351B34B8C9183A51CADFDC279357C49",
  "PInvoke.WinUsb.dll": "9EB8A0280F2848D1A32B560A939F7336",
  "PInvoke.WtsApi32.dll": "341C94455D2E5893DBE4293D4D67AA4D",
  "Reloaded.Assembler.dll": "0636BAADD11183EC83116A76437F81FC",
  "Reloaded.Hooks.Definitions.dll": "56BA5A2787626BC4F7E4E6D9B9A423DF",
  "Reloaded.Hooks.dll": "41524C610426F8BC3BD94B9799DF4A04",
  "Reloaded.Memory.Buffers.dll": "8D9BBCA10A4773E80334DBC51FEBC2CE",
  "Reloaded.Memory.dll": "DFF4E0C471239BA11D6166807D80A55B",
  "revision.txt": "CE052EA95DFE35291C6FA7FCF8819492",
  "SDL2-CS.config": "65557595FD5DF55D93B2BF881DE62C3A",
  "SDL2-CS.dll": "7145CB0228A15C50ECEDC1119A5EF017",
  "Serilog.dll": "533D0A9BEABBD60EBFE85217FB514331",
  "Serilog.Sinks.Async.dll": "97AA99C0D21922C48856AC61ADA88D45",
  "Serilog.Sinks.Console.dll": "7BAC7840F9E6C8EE8C490445C004B9F0",
  "Serilog.Sinks.File.dll": "611268753296FE064C8004F977195232",
  "SharpDX.Direct3D11.dll": "21574A608DDFFFC7E717ADA10B1F6105",
  "SharpDX.dll": "079CBCAE66A6C9B34F3A4C85325B2C14",
  "SharpDX.DXGI.dll": "02A7BE1FDA76F16C7EF8D071A60470ED",
  "SharpDX.Mathematics.dll": "1574A56E0E3711BD2F8A6EA88D0C8077",
  "Silk.NET.Core.dll": "6D8350E9234A57CE610A13823CF16487",
  "Silk.NET.GLFW.dll": "743082CE67F91A92B6C937387D4F8290",
  "Silk.NET.Maths.dll": "52080FFA90125585A82E8F2ABC970D43",
  "Silk.NET.OpenGL.dll": "8D719476E57F5B55799508D4E6C4275B",
  "Silk.NET.SDL.dll": "6F246908FA45FBFACC6DF4840C18D28C",
  "Silk.NET.Windowing.Common.dll": "9A7861DC72A5F5FB7BC2852A3F6805A2",
  "Silk.NET.Windowing.Glfw.dll": "CE2422A225E04E66E9FD223125FF77D2",
  "Silk.NET.Windowing.Sdl.dll": "162C3FC5803BA04FC7A19F874634C2C0",
  "SQLite-net.dll": "2D3069054C45E51B89C89088B044D111",
  "SQLitePCLRaw.batteries_v2.dll": "00E4DEBE1A9AC0E3B377EB0A032A96BA",
  "SQLitePCLRaw.core.dll": "7F958CB273D64ADECB48367AD2611003",
  "SQLitePCLRaw.nativelibrary.dll": "D56A4446D569332E402CC44CBD7AEDC3",
  "SQLitePCLRaw.provider.dynamic_cdecl.dll": "EBB6A8A3F14AB32E8486D1FDCC789D2C",
  "StbiSharp.dll": "7C9CDDF38A6BD03E3738E1D280632A51",
  "System.Reactive.dll": "EF5A00287AD15393D41B12AA4B726FF7",
  "System.Reflection.MetadataLoadContext.dll": "7EC41D41F4E1246757BA3E2EC862D562",
  "System.Security.Cryptography.Pkcs.dll": "8950E01996A37E808BE3F39063C37BF9",
  "TEMP_gitver.txt": "D4E60BEB357187A73CB6C4637A4276CF",
  "Validation.dll": "CCC688D84E84ECB86CD117B4275E2802"
}
