{
  "runtimes\\alpine-x64\\native\\libe_sqlite3.so": "39C244FEDBCD3DFC37041D4FCE1AE21D",
  "runtimes\\linux-arm\\native\\libe_sqlite3.so": "96CF54BC0EFB83D6E3F5F3E04997A59D",
  "runtimes\\linux-arm64\\native\\libe_sqlite3.so": "F079E55E7F3F9966A4A2052A3234E068",
  "runtimes\\linux-armel\\native\\libe_sqlite3.so": "C5A67D49434FC65D64E9C15778078C76",
  "runtimes\\linux-mips64\\native\\libe_sqlite3.so": "5F8461214089CFC677D46C19B7162161",
  "runtimes\\linux-musl-x64\\native\\libe_sqlite3.so": "39C244FEDBCD3DFC37041D4FCE1AE21D",
  "runtimes\\linux-x64\\native\\libe_sqlite3.so": "6F49C540D3AB9964D67A4A704C3D262D",
  "runtimes\\linux-x64\\native\\libglfw.so.3": "9E3137144F68B9E9793F4C7AD5B1BEA7",
  "runtimes\\linux-x64\\native\\libSDL2-2.0.so": "99B95A708381FC66AB2370E45A260527",
  "runtimes\\linux-x64\\native\\libstbi.so": "0945355ED59677D06E3E88F48101BB26",
  "runtimes\\linux-x86\\native\\libe_sqlite3.so": "5E0659B414CBD6DDC38C65582485853E",
  "runtimes\\osx-x64\\native\\libe_sqlite3.dylib": "F82AE134FCD1C080A69D775591406673",
  "runtimes\\osx-x64\\native\\libglfw.3.dylib": "1E30FAB2F0C40E82290AD4B0BF14A880",
  "runtimes\\osx-x64\\native\\libSDL2-2.0.dylib": "AAC958490586C67395F0A90903AE3747",
  "runtimes\\osx-x64\\native\\libstbi.dylib": "0B84B0A6A80178266018081C3CAB68E6",
  "runtimes\\win-arm\\native\\e_sqlite3.dll": "AEA7ECF776576608D9DC339EC531080F",
  "runtimes\\win-arm64\\native\\e_sqlite3.dll": "B35A89D5860587E22F8CBA44AE1C25A7",
  "runtimes\\win-x64\\native\\e_sqlite3.dll": "5F1968647B8AFCA526067B96BC350519",
  "runtimes\\win-x64\\native\\glfw3.dll": "5340AFA7C92577E95CCB8BE804FFFD8D",
  "runtimes\\win-x64\\native\\minhook.x64d.dll": "0266ECEBD4DAFD42E12A4DB051D35B42",
  "runtimes\\win-x64\\native\\SDL2.dll": "1E4E44AD2C54D852C9FB1A8247E48063",
  "runtimes\\win-x64\\native\\stbi.dll": "9934B08FB0CE569DC84E4DF826A2D0EF",
  "runtimes\\win-x64\\native\\stbi.lib": "927C214DE576219E1F80DBE7798A0502",
  "runtimes\\win-x86\\native\\e_sqlite3.dll": "20428370636E0C7EA1A21EF86B433E36",
  "runtimes\\win-x86\\native\\glfw3.dll": "4E7534B2B451B6F0D064C7BB119D2F78",
  "runtimes\\win-x86\\native\\SDL2.dll": "E5F5FFFD6C35E49997A0FE0DAB987C11",
  "targets\\Dalamud.Plugin.Bootstrap.targets": "C85635161398CD9852CF7212DB7EB904",
  "targets\\Dalamud.Plugin.targets": "394EE2BEC70254F76ABBE2C33F62BBFA",
  "BitFaster.Caching.dll": "EFF778EF733076B9D73D0C073AA56060",
  "CheapLoc.dll": "1DF7F3809B207ADCB3C8D3FA2549CDA4",
  "cimgui.dll": "2287A5B13F0C75104B465A292754B161",
  "cimguizmo.dll": "D4E0E1480EFCDD10F9537293768C07C3",
  "cimplot.dll": "D88975854CDB5399E45C131ABC7299E2",
  "commit_hash.txt": "A03123E7A33916AFC2987DD5F17D4D18",
  "Dalamud.Boot.dll": "98D28B53FB927C2F52B974FB5ED4F5F0",
  "Dalamud.Common.dll": "94C935068CD0C370E47892744A2FFBEC",
  "Dalamud.deps.json": "D8737DF2D50D4221564B8D2822711BBF",
  "Dalamud.dll": "C97D8559BB13A45196D20931A1E1F6A6",
  "Dalamud.Injector.deps.json": "C21972522E8133995B2C9562B3E39983",
  "Dalamud.Injector.dll": "1D1A6631B3AF0568C2CA732A2143DA49",
  "Dalamud.Injector.exe": "885235D68673E467859DFD7738B4CD94",
  "Dalamud.Injector.runtimeconfig.json": "439C534917CEF268A731631073E50FE4",
  "Dalamud.Injector.xml": "6730B8BB13078B71889B5A56C5DFAC6D",
  "Dalamud.runtimeconfig.json": "CA3935E9C6B9E3300F2D7171E4AF6335",
  "Dalamud.xml": "5136525D700820DC1471B580D40A3501",
  "DalamudCrashHandler.exe": "59BC922E210CC822C8CA9C1D41B28AD2",
  "FASM-LICENSE.TXT": "ECEA1D10811221D5F0A3E96F9C38E2C7",
  "FASM.DLL": "FF9FF9B051C07BED3AB5F22EFF6087AF",
  "FASMX64.DLL": "14773DB283B5EBEC3324D9D796DE245C",
  "FFXIVClientStructs.dll": "661F2409C2A7E935F3D39B7C19ECF0AE",
  "FFXIVClientStructs.xml": "0BBB654482D740289917CEA2059C4715",
  "goaaats.Reloaded.Assembler.targets": "CC22CB0A353E2136EE9E6E96DB9F7164",
  "Iced.dll": "3B409A6E5A45EBD9B57D4A5CF0A7C970",
  "ImGui.NET.dll": "04AD58ED7E27F098763CB178DA47A027",
  "ImGuiScene.dll": "261CD530FC66AFF7FA3D9FEBB2E36AF0",
  "InteropGenerator.Runtime.dll": "49080E4845308070889A3F7448BA9D1C",
  "JetBrains.Annotations.dll": "DA13F9821DBF29E651CADF0EC81372F7",
  "licenses.txt": "A159BE62AA91178EFC3E3983AE874D1D",
  "Lumina.dll": "D714A9DE6D2C58A5C8FFD5AD50D4B2FA",
  "Lumina.Excel.dll": "1D4033B0B8DDF6736E59768AF7F81967",
  "Microsoft.Bcl.HashCode.dll": "613AB56061ADF2284E047025207467E0",
  "Microsoft.DotNet.PlatformAbstractions.dll": "00AB0F02B1114C57C758F5AD595224F1",
  "Microsoft.Extensions.DependencyModel.dll": "F39BC76C10CFEA478C936FC4521A9FC9",
  "Microsoft.Extensions.ObjectPool.dll": "B0558CE087EAE95853E35579300F3A77",
  "MinSharp.dll": "18533D38E06F5A861A61CF3D0FF4A0EF",
  "Mono.Cecil.dll": "0FFC823432D47D259C3C7CBAC4EED225",
  "Mono.Cecil.Mdb.dll": "0FDEC86DB0C548D8CBA21FC8561DEE8E",
  "Mono.Cecil.Pdb.dll": "EC88C4AE4F724905971383DBEA969C12",
  "Mono.Cecil.Rocks.dll": "17460DAC02D418CC2DC561EA98E4B1FA",
  "nethost.dll": "21F39F71E2F4B5BA9FB3F126872F2F9B",
  "Newtonsoft.Json.dll": "ADF3E3EECDE20B7C9661E9C47106A14A",
  "PeNet.Asn1.dll": "CACB1A19E496C79F97C91319BE24480E",
  "PeNet.dll": "4A381F4635B97C6818A9215F1EA7401F",
  "PInvoke.AdvApi32.dll": "34EE461D05B403C3A15D0DEC32A3788C",
  "PInvoke.BCrypt.dll": "FD07758EE1440491F22923084109FF26",
  "PInvoke.Cabinet.dll": "333D950E3804735DA60CC41D614C63E2",
  "PInvoke.CfgMgr32.dll": "768BE7CC18EDCF78B296A72ABE891691",
  "PInvoke.Crypt32.dll": "E7B00B0851738F4A7F2C6D37DAA973B4",
  "PInvoke.DbgHelp.dll": "E701136169620D20E3A70B560DE20E44",
  "PInvoke.DwmApi.dll": "ACF223CC8962404056648815B486F7D9",
  "PInvoke.Gdi32.dll": "69FF434826F98582CE44D3136ECFFACB",
  "PInvoke.Hid.dll": "2E7A41257F8AD9B26073181F450CD8E5",
  "PInvoke.ImageHlp.dll": "79BE816E8D86EA66489D7780DD675D49",
  "PInvoke.IPHlpApi.dll": "E949FA3326D1BA8872B179AB4EE49D38",
  "PInvoke.Kernel32.dll": "234E15B122ED430DE99490CA1A204958",
  "PInvoke.Magnification.dll": "C9EA3D34F506741ECC044DB19C151F09",
  "PInvoke.Msi.dll": "69EE50CE2DA6B55755E52589F49A7EBC",
  "PInvoke.NCrypt.dll": "DA1DE76C14D99370CA3BEF19DC299B15",
  "PInvoke.NetApi32.dll": "AE79F9FA2E3864A5E0642AE4622ECDC5",
  "PInvoke.NewDev.dll": "B3E1992105D986EF9C5C8E4B630FBB07",
  "PInvoke.NTDll.dll": "3F6BDF840EB27DD0FD9EB8071822183A",
  "PInvoke.Ole32.dll": "3C49FB100B60519FFE725BCD12A538F6",
  "PInvoke.Psapi.dll": "A7683EE4B880227F01C8AE632A892B9E",
  "PInvoke.SetupApi.dll": "1B7AE321185D0081D1759A9AD829F9BA",
  "PInvoke.SHCore.dll": "F27E7F063D51480F6D2294C903E4A606",
  "PInvoke.Shell32.dll": "F71A1BCAF6478190691170DAEA77722F",
  "PInvoke.User32.dll": "8BEDE38311ED4F27127290B81B8079FD",
  "PInvoke.Userenv.dll": "FEB7BCA90B8C905EC2F4BB0789847131",
  "PInvoke.UxTheme.dll": "8E683C016250CB719FDB9AAAFC22B3C5",
  "PInvoke.Windows.Core.dll": "90015440A44935208FFEA9BF61740651",
  "PInvoke.Windows.ShellScalingApi.dll": "F351B34B8C9183A51CADFDC279357C49",
  "PInvoke.WinUsb.dll": "9EB8A0280F2848D1A32B560A939F7336",
  "PInvoke.WtsApi32.dll": "341C94455D2E5893DBE4293D4D67AA4D",
  "Reloaded.Assembler.dll": "3C280384B2785DFB8D8DFAFE3DF6F647",
  "Reloaded.Hooks.Definitions.dll": "1BCDC893FAEC321B97B4ED12CC14E3D5",
  "Reloaded.Hooks.dll": "711992173793440E0DB1CCD67CCC1982",
  "Reloaded.Memory.Buffers.dll": "FB2C095009A0FC9C44C6313885ED850D",
  "Reloaded.Memory.dll": "34FFAC478C2DF9F05B99FC9A56793530",
  "revision.txt": "84F2798F05D595273DE40E3046329309",
  "SDL2-CS.config": "65557595FD5DF55D93B2BF881DE62C3A",
  "SDL2-CS.dll": "7B43E6EE36FD741015CAC8FE7880C33B",
  "Serilog.dll": "BC13ADEA904BC9FFD6C9D24101E69390",
  "Serilog.Sinks.Async.dll": "911E33DA854464AC68D928DB674D2AE3",
  "Serilog.Sinks.Console.dll": "1EB9B59276FAE98FC5F3931672057410",
  "Serilog.Sinks.File.dll": "38DA986F63E80099AC2F806EFC90ECCB",
  "SharpDX.Direct3D11.dll": "63A001B3BA5073FAA7F06066F819D31B",
  "SharpDX.dll": "35E737F74D04F072B603A3ADBC3E0909",
  "SharpDX.DXGI.dll": "CA773F9A87EBED4E3B5D6845ADEE221E",
  "SharpDX.Mathematics.dll": "A03A921A7926E0BD7FF9E0ABF241D4F2",
  "Silk.NET.Core.dll": "6F752A1B9B50FBE865BE4D5EC9EB6951",
  "Silk.NET.GLFW.dll": "3295557711055F11D7D21C0F5FF93B8B",
  "Silk.NET.Maths.dll": "6C1AE6F64553FCEA1023EF8004DDF06A",
  "Silk.NET.OpenGL.dll": "85C0516FD5F6BC05B9794AD86BB450EC",
  "Silk.NET.SDL.dll": "52B1F9BEC9C60FEE8AA171A1B6E4EABC",
  "Silk.NET.Windowing.Common.dll": "E3B67CB6528EAF7DDBA828B05CDB610B",
  "Silk.NET.Windowing.Glfw.dll": "2088A9F3C7CA207DA4C662EF7CC2150D",
  "Silk.NET.Windowing.Sdl.dll": "49B023408206E2F0BC9884D2EBE674C6",
  "SQLite-net.dll": "00F38EC559F0B5DF57E45C12E26CDF39",
  "SQLitePCLRaw.batteries_v2.dll": "82D55A74E4FA5811153D264CDA71B945",
  "SQLitePCLRaw.core.dll": "AB95C2DCE3AAFC17953D456AE67AD60C",
  "SQLitePCLRaw.nativelibrary.dll": "ACD943584888F170BF8EF6291149642D",
  "SQLitePCLRaw.provider.dynamic_cdecl.dll": "AFB2F075F6ACE909EE5FD68E3E85C50A",
  "StbiSharp.dll": "0F7508D1B60B7AB06891BBA931B8B683",
  "System.Reactive.dll": "EF5A00287AD15393D41B12AA4B726FF7",
  "System.Reflection.MetadataLoadContext.dll": "E88E3AF6D37736F339022C9ACC5F2F7B",
  "System.Security.Cryptography.Pkcs.dll": "8950E01996A37E808BE3F39063C37BF9",
  "TEMP_gitver.txt": "00F08E901EE812FE7811C34BF8B0EAB9",
  "TerraFX.Interop.Windows.dll": "84F7EF6B0DE91F8CC23F773D3FD6DEC0",
  "Validation.dll": "852169E9DC64CA610D7794202CB556C0"
}
