{
  "runtimes\\alpine-x64\\native\\libe_sqlite3.so": "39C244FEDBCD3DFC37041D4FCE1AE21D",
  "runtimes\\linux-arm\\native\\libe_sqlite3.so": "96CF54BC0EFB83D6E3F5F3E04997A59D",
  "runtimes\\linux-arm64\\native\\libe_sqlite3.so": "F079E55E7F3F9966A4A2052A3234E068",
  "runtimes\\linux-armel\\native\\libe_sqlite3.so": "C5A67D49434FC65D64E9C15778078C76",
  "runtimes\\linux-mips64\\native\\libe_sqlite3.so": "5F8461214089CFC677D46C19B7162161",
  "runtimes\\linux-musl-x64\\native\\libe_sqlite3.so": "39C244FEDBCD3DFC37041D4FCE1AE21D",
  "runtimes\\linux-x64\\native\\libe_sqlite3.so": "6F49C540D3AB9964D67A4A704C3D262D",
  "runtimes\\linux-x86\\native\\libe_sqlite3.so": "5E0659B414CBD6DDC38C65582485853E",
  "runtimes\\osx-x64\\native\\libe_sqlite3.dylib": "F82AE134FCD1C080A69D775591406673",
  "runtimes\\win-arm\\native\\e_sqlite3.dll": "A180B63BD06A703DD05F33FC0314702E",
  "runtimes\\win-arm64\\native\\e_sqlite3.dll": "9336E93BFA66ED49BF17B47E8C7C3F4B",
  "runtimes\\win-x64\\native\\e_sqlite3.dll": "9337EE81DEC4B44D0FE529CF6726CE82",
  "runtimes\\win-x64\\native\\minhook.x64d.dll": "7454B5A31AF9B6C3AB794EDB96A273C5",
  "runtimes\\win-x86\\native\\e_sqlite3.dll": "9ED15F9D596D02161736E074C633ADEE",
  "targets\\Dalamud.Plugin.Bootstrap.targets": "C85635161398CD9852CF7212DB7EB904",
  "targets\\Dalamud.Plugin.targets": "394EE2BEC70254F76ABBE2C33F62BBFA",
  "BCnEncoder.dll": "A5AEC0C1B697B3CC9CE5F67323E997F2",
  "BitFaster.Caching.dll": "E15F4C97BB8875D186768993D0A4DB59",
  "CheapLoc.dll": "44AE61266DBB13F7B285E757F01E5B0E",
  "cimgui.dll": "F73C9A9CF021FD9D5FD7B63F7F29208F",
  "cimguizmo.dll": "DD882ECEDBCB59C74C122672F3E227E4",
  "cimplot.dll": "70A5CD04F2664BDAA77D690624F43C23",
  "commit_hash.txt": "7226E49BE82EC174992698EA4B33A5CE",
  "CommunityToolkit.HighPerformance.dll": "66B64EC334625F2C5D341A45E28EEB43",
  "Dalamud.Bindings.ImGui.dll": "1B54C20815B75DFD6F135CA843FC2099",
  "Dalamud.Bindings.ImGuizmo.dll": "7A94A4F5D825BE4CE719466D99C74027",
  "Dalamud.Bindings.ImPlot.dll": "49A9AD04105C4768C83D1059E0D491AF",
  "Dalamud.Boot.dll": "19D84660F8F29549A0BCD46FA9D13736",
  "Dalamud.Common.dll": "364CFEEBFFEDA17B4E8F9B98F5F17A71",
  "Dalamud.deps.json": "C55273190F1243BB2DE5BB8E9056ADFE",
  "Dalamud.dll": "2A2BC382009E1C7514FC931FC331656B",
  "Dalamud.Injector.deps.json": "C21972522E8133995B2C9562B3E39983",
  "Dalamud.Injector.dll": "344D8B2FBE45CBC3CC6E0D6CDDC060BC",
  "Dalamud.Injector.exe": "93460429DA2492FB4A0AC5AD0F07106C",
  "Dalamud.Injector.runtimeconfig.json": "439C534917CEF268A731631073E50FE4",
  "Dalamud.Injector.xml": "6730B8BB13078B71889B5A56C5DFAC6D",
  "Dalamud.runtimeconfig.json": "CA3935E9C6B9E3300F2D7171E4AF6335",
  "Dalamud.xml": "45ACB099CF3EBA6E7E5A67B977C014FA",
  "DalamudCrashHandler.exe": "98177A318E830ED6F2AA47BA1882B8F5",
  "FASM-LICENSE.TXT": "ECEA1D10811221D5F0A3E96F9C38E2C7",
  "FASM.DLL": "F46B36F318A106456B0B3AF4DBAA3C12",
  "FASMX64.DLL": "DCAE3C0CCB144F2259F55F5AF0DC5215",
  "FFXIVClientStructs.dll": "9217EAE4ED56A97467FDD45D7C53E793",
  "FFXIVClientStructs.xml": "2B665D411CDAC21F7D17FE2E60852D3E",
  "goatcorp.Reloaded.Assembler.targets": "CC22CB0A353E2136EE9E6E96DB9F7164",
  "HexaGen.Runtime.dll": "31147026755D35035ADCC95589FF4D4A",
  "Iced.dll": "97FAD9B6A3F810E885D1E827F8D7049C",
  "ImGuiScene.dll": "D5840C911EFA11A13FA7F8086B4CE91C",
  "InteropGenerator.Runtime.dll": "890588041C0731F1419BBF667F59A01B",
  "JetBrains.Annotations.dll": "20AAA81564473BDAEF79742B94A72893",
  "licenses.txt": "A159BE62AA91178EFC3E3983AE874D1D",
  "Lumina.dll": "D87F57973E88D94D77021F5E09E55FF6",
  "Lumina.Excel.dll": "97887A0E5B2BB317334BF063809B5538",
  "Lumina.Excel.xml": "0089FDC0BA0B16ED0696413305959999",
  "Microsoft.Extensions.ObjectPool.dll": "5510583E2B50BE953814615586673C33",
  "MinSharp.dll": "54B001AC11E485D8C33FAC5259A8D071",
  "Mono.Cecil.dll": "1DB4CB088FCE1C6AFE08E55CA309043A",
  "Mono.Cecil.Mdb.dll": "9879293819DDC286EF97ED83CDF30D8A",
  "Mono.Cecil.Pdb.dll": "5572623A3DF6E8D6BA1812D33D390089",
  "Mono.Cecil.Rocks.dll": "A75AD9505031A68380E887649162D271",
  "nethost.dll": "21F39F71E2F4B5BA9FB3F126872F2F9B",
  "Newtonsoft.Json.dll": "ADF3E3EECDE20B7C9661E9C47106A14A",
  "PeNet.Asn1.dll": "A1304F52D4BB3738CEE8DEA3D2FA01C9",
  "PeNet.dll": "C790964A7B81F07DD823DC82D59C0378",
  "Reloaded.Assembler.dll": "9EF33584A6D502E2D4B2893B2B6D258E",
  "Reloaded.Hooks.Definitions.dll": "EF290407214F0E7B702B0940C8F52C33",
  "Reloaded.Hooks.dll": "47B3E85DA3CA6B8A811FB999FF222EE0",
  "Reloaded.Memory.Buffers.dll": "21B7AFDD3D0A9B341A20F6890981C4CE",
  "Reloaded.Memory.dll": "3345DD32FE42B50CA8B70A4090F4E202",
  "revision.txt": "D8A3A3C3234392B0ADD43C5F9C05A246",
  "Serilog.dll": "2043955BDA92BAE09BD75753A7A16AC3",
  "Serilog.Sinks.Async.dll": "52CDCE80533DDC886C20CBC2C7CED598",
  "Serilog.Sinks.Console.dll": "E4FEAA1DE3203A1FA9EE084765A73781",
  "Serilog.Sinks.File.dll": "C8A85D21FED451383C9268E17E4BF8B8",
  "SharpDX.Direct3D11.dll": "38186EC660E078D5CAB25E57DF87874F",
  "SharpDX.dll": "7CEAC00AFA0E43A9F6E7A83E747D94F3",
  "SharpDX.DXGI.dll": "F58CC75F5C9F167D43229ED328B20E57",
  "SharpDX.Mathematics.dll": "F12387D2DD7292B6594266D0877407A1",
  "SQLite-net.dll": "083E2816CF6CEAAF47259109A0861E40",
  "SQLitePCLRaw.batteries_v2.dll": "BAFF59D1628621DA3BB7D7456AB2E0EF",
  "SQLitePCLRaw.core.dll": "25E280733AA2EE3D12FDC00393F0FBBE",
  "SQLitePCLRaw.nativelibrary.dll": "4352D30D06D36486F0B8456143EDC1CE",
  "SQLitePCLRaw.provider.dynamic_cdecl.dll": "E15EFFA55A75C828931F0EBAD5B06C75",
  "System.Reactive.dll": "EF5A00287AD15393D41B12AA4B726FF7",
  "System.Reflection.MetadataLoadContext.dll": "E88E3AF6D37736F339022C9ACC5F2F7B",
  "System.Security.Cryptography.Pkcs.dll": "8950E01996A37E808BE3F39063C37BF9",
  "TEMP_gitver.txt": "ACCC902DEE1B0101984FE9E449035887",
  "TerraFX.Interop.Windows.dll": "84F7EF6B0DE91F8CC23F773D3FD6DEC0"
}
