{
  "runtimes\\alpine-x64\\native\\libe_sqlite3.so": "39C244FEDBCD3DFC37041D4FCE1AE21D",
  "runtimes\\linux-arm\\native\\libe_sqlite3.so": "96CF54BC0EFB83D6E3F5F3E04997A59D",
  "runtimes\\linux-arm64\\native\\libe_sqlite3.so": "F079E55E7F3F9966A4A2052A3234E068",
  "runtimes\\linux-armel\\native\\libe_sqlite3.so": "C5A67D49434FC65D64E9C15778078C76",
  "runtimes\\linux-mips64\\native\\libe_sqlite3.so": "5F8461214089CFC677D46C19B7162161",
  "runtimes\\linux-musl-x64\\native\\libe_sqlite3.so": "39C244FEDBCD3DFC37041D4FCE1AE21D",
  "runtimes\\linux-x64\\native\\libe_sqlite3.so": "6F49C540D3AB9964D67A4A704C3D262D",
  "runtimes\\linux-x64\\native\\libglfw.so.3": "9E3137144F68B9E9793F4C7AD5B1BEA7",
  "runtimes\\linux-x64\\native\\libSDL2-2.0.so": "99B95A708381FC66AB2370E45A260527",
  "runtimes\\linux-x64\\native\\libstbi.so": "0945355ED59677D06E3E88F48101BB26",
  "runtimes\\linux-x86\\native\\libe_sqlite3.so": "5E0659B414CBD6DDC38C65582485853E",
  "runtimes\\osx-x64\\native\\libe_sqlite3.dylib": "F82AE134FCD1C080A69D775591406673",
  "runtimes\\osx-x64\\native\\libglfw.3.dylib": "1E30FAB2F0C40E82290AD4B0BF14A880",
  "runtimes\\osx-x64\\native\\libSDL2-2.0.dylib": "AAC958490586C67395F0A90903AE3747",
  "runtimes\\osx-x64\\native\\libstbi.dylib": "0B84B0A6A80178266018081C3CAB68E6",
  "runtimes\\win-arm\\native\\e_sqlite3.dll": "8CDB6ED8DBAAC66233E42482870FD7A7",
  "runtimes\\win-arm64\\native\\e_sqlite3.dll": "EC8E3117102D4BDC428BFC1269507C4F",
  "runtimes\\win-x64\\native\\cimgui.dll": "06B8444E3D2FB30DC8A64E2E78E71048",
  "runtimes\\win-x64\\native\\cimguizmo.dll": "893D0FB155B11A5CB6F2C8EBE3B1C9BA",
  "runtimes\\win-x64\\native\\cimplot.dll": "CEE47968D94F9CE064082044B8EEC0DE",
  "runtimes\\win-x64\\native\\e_sqlite3.dll": "C44D154D1302063C98AEF519FDE4EB88",
  "runtimes\\win-x64\\native\\glfw3.dll": "845F93782ACA30AC03B9448CB0640295",
  "runtimes\\win-x64\\native\\minhook.x64d.dll": "4E3C8C1E1ACEF838E7972FAFD934B73E",
  "runtimes\\win-x64\\native\\SDL2.dll": "B8BEEFA66A50B7DC81B2C9567D87922E",
  "runtimes\\win-x64\\native\\stbi.dll": "0287DB1B8E913940AB06EF297593ED4C",
  "runtimes\\win-x64\\native\\stbi.lib": "927C214DE576219E1F80DBE7798A0502",
  "runtimes\\win-x86\\native\\e_sqlite3.dll": "F2E5848A266D1DF102DA421500B20445",
  "runtimes\\win-x86\\native\\glfw3.dll": "5310CEADE4C6658E770BD97FBDA2F8A7",
  "runtimes\\win-x86\\native\\SDL2.dll": "FF69FE5590077E76C63940F8ACCC8B80",
  "targets\\Dalamud.Plugin.Bootstrap.targets": "C85635161398CD9852CF7212DB7EB904",
  "targets\\Dalamud.Plugin.targets": "DDD731601C06B16E10CF2F8990452A27",
  "BitFaster.Caching.dll": "C22DADBCDF132809B8238BC6AB583E93",
  "CheapLoc.dll": "2AA3BC190315AD88B555E6CFE479EFFD",
  "Costura.dll": "DA485D3143DAF64BB9BD4ED9E1E7F812",
  "Dalamud.Boot.dll": "657DF2C607C6B70EC0A6ACC4C6AC1913",
  "Dalamud.Common.dll": "B94FD598175ED1E0B9E78A3B3EC2411A",
  "Dalamud.deps.json": "9F3152C5A97A09FD0ACB6A8BFAD1A54B",
  "Dalamud.dll": "B01D231BD745EBD767AD09AE366DF7F4",
  "Dalamud.Injector.deps.json": "C1FA0941DC8B38E415776C60C508AAB9",
  "Dalamud.Injector.dll": "1ED588B639F8CF917904C6F1051AE537",
  "Dalamud.Injector.exe": "1831E114D03640E6280A619D415568D2",
  "Dalamud.Injector.runtimeconfig.json": "B9BB65FFE7924D4D8BABE9FA66303200",
  "Dalamud.Injector.xml": "D41E5DF541D19A015215E777D7395C9C",
  "Dalamud.runtimeconfig.json": "2A9CD915428BDD175E0889BD0C225F75",
  "Dalamud.xml": "45C6AE1BC7C261F8A6B36605A6427B26",
  "DalamudCrashHandler.exe": "C0F2E91F9FB14AFD79507581FD04986F",
  "FASM-LICENSE.TXT": "ECEA1D10811221D5F0A3E96F9C38E2C7",
  "FASM.DLL": "987E0ABC69B16E585DB47B07AD35AED9",
  "FASMX64.DLL": "1589DD1D9EDF91252AEFDC3DE9CFCE65",
  "FFXIVClientStructs.dll": "663052CB7C7A140B9C8B8E78B7C0BDD6",
  "FFXIVClientStructs.xml": "EAA0836484DD1A3D62257F4032E30B27",
  "goaaats.Reloaded.Assembler.targets": "CC22CB0A353E2136EE9E6E96DB9F7164",
  "Iced.dll": "BBD6A1F30DD87CAAC684B603F3451E36",
  "ImGui.NET.dll": "58C6356B67CE433D087758B50B05732C",
  "ImGuiScene.dll": "797EE24B632323384D74E2F85A71E04A",
  "InteropGenerator.Runtime.dll": "F164597F771AB5A402F3A39DA90DD697",
  "JetBrains.Annotations.dll": "325D8F72E853C04A034F49A82AFC04E9",
  "licenses.txt": "A159BE62AA91178EFC3E3983AE874D1D",
  "Lumina.dll": "1812ACF1317499F007A2A4DCDB6F4AA9",
  "Lumina.Excel.dll": "C8897E127F96FB57F8F86350AF102CA3",
  "Microsoft.Bcl.HashCode.dll": "613AB56061ADF2284E047025207467E0",
  "Microsoft.DotNet.PlatformAbstractions.dll": "00AB0F02B1114C57C758F5AD595224F1",
  "Microsoft.Extensions.DependencyModel.dll": "F39BC76C10CFEA478C936FC4521A9FC9",
  "Microsoft.Extensions.ObjectPool.dll": "FEE3CE8A84417360CC5ED787ED6F7DB1",
  "MinSharp.dll": "9F9420E3A48B1492E6441E7D6C155471",
  "Mono.Cecil.dll": "0F4FC73B6FFB0879CE13B13CED74680F",
  "Mono.Cecil.Mdb.dll": "9F64093821B94B46A3568C8084F1E820",
  "Mono.Cecil.Pdb.dll": "3C3046116A1B7ACE33F5DC67D43DF882",
  "Mono.Cecil.Rocks.dll": "E1BD7BE1E8AF993371B75584BFD8DC3F",
  "nethost.dll": "012081214FE71F0F6ADCD9F4A71B2B00",
  "Newtonsoft.Json.dll": "86A83A63F12B55FD3718CFBFB577D7DC",
  "PeNet.Asn1.dll": "7D6A5A774B8F2B671B6EA0704FA93F6A",
  "PeNet.dll": "3E9AD1055CD35B32025FDAFF2687A37A",
  "PInvoke.AdvApi32.dll": "34EE461D05B403C3A15D0DEC32A3788C",
  "PInvoke.BCrypt.dll": "FD07758EE1440491F22923084109FF26",
  "PInvoke.Cabinet.dll": "333D950E3804735DA60CC41D614C63E2",
  "PInvoke.CfgMgr32.dll": "768BE7CC18EDCF78B296A72ABE891691",
  "PInvoke.Crypt32.dll": "E7B00B0851738F4A7F2C6D37DAA973B4",
  "PInvoke.DbgHelp.dll": "E701136169620D20E3A70B560DE20E44",
  "PInvoke.DwmApi.dll": "ACF223CC8962404056648815B486F7D9",
  "PInvoke.Gdi32.dll": "69FF434826F98582CE44D3136ECFFACB",
  "PInvoke.Hid.dll": "2E7A41257F8AD9B26073181F450CD8E5",
  "PInvoke.ImageHlp.dll": "79BE816E8D86EA66489D7780DD675D49",
  "PInvoke.IPHlpApi.dll": "E949FA3326D1BA8872B179AB4EE49D38",
  "PInvoke.Kernel32.dll": "234E15B122ED430DE99490CA1A204958",
  "PInvoke.Magnification.dll": "C9EA3D34F506741ECC044DB19C151F09",
  "PInvoke.Msi.dll": "69EE50CE2DA6B55755E52589F49A7EBC",
  "PInvoke.NCrypt.dll": "DA1DE76C14D99370CA3BEF19DC299B15",
  "PInvoke.NetApi32.dll": "AE79F9FA2E3864A5E0642AE4622ECDC5",
  "PInvoke.NewDev.dll": "B3E1992105D986EF9C5C8E4B630FBB07",
  "PInvoke.NTDll.dll": "3F6BDF840EB27DD0FD9EB8071822183A",
  "PInvoke.Ole32.dll": "3C49FB100B60519FFE725BCD12A538F6",
  "PInvoke.Psapi.dll": "A7683EE4B880227F01C8AE632A892B9E",
  "PInvoke.SetupApi.dll": "1B7AE321185D0081D1759A9AD829F9BA",
  "PInvoke.SHCore.dll": "F27E7F063D51480F6D2294C903E4A606",
  "PInvoke.Shell32.dll": "F71A1BCAF6478190691170DAEA77722F",
  "PInvoke.User32.dll": "8BEDE38311ED4F27127290B81B8079FD",
  "PInvoke.Userenv.dll": "FEB7BCA90B8C905EC2F4BB0789847131",
  "PInvoke.UxTheme.dll": "8E683C016250CB719FDB9AAAFC22B3C5",
  "PInvoke.Windows.Core.dll": "90015440A44935208FFEA9BF61740651",
  "PInvoke.Windows.ShellScalingApi.dll": "F351B34B8C9183A51CADFDC279357C49",
  "PInvoke.WinUsb.dll": "9EB8A0280F2848D1A32B560A939F7336",
  "PInvoke.WtsApi32.dll": "341C94455D2E5893DBE4293D4D67AA4D",
  "Reloaded.Assembler.dll": "D6F61B86B2F64E135388A3EADBF7A5AF",
  "Reloaded.Hooks.Definitions.dll": "DF24611D591E7AB2BEF1341CE5E90275",
  "Reloaded.Hooks.dll": "C209BE1EFAC762B901889582AA6DE0C4",
  "Reloaded.Memory.Buffers.dll": "CEC3FC24998CF24F41814511253844A6",
  "Reloaded.Memory.dll": "374406A083AFF327EEA8A7F6B21EAF04",
  "revision.txt": "8744CF92C88433F8CB04A02E6DB69A0D",
  "SDL2-CS.config": "65557595FD5DF55D93B2BF881DE62C3A",
  "SDL2-CS.dll": "ECA30DF7660BAA22E2D070978046E522",
  "Serilog.dll": "CC32E8E3964F686258C28CD75FDA46A8",
  "Serilog.Sinks.Async.dll": "B876C7B077D61735DB4FCB7B6DF20FD8",
  "Serilog.Sinks.Console.dll": "4DC29A4122A39BC2D9478C49E707E126",
  "Serilog.Sinks.File.dll": "D50E66EFF766FB0DEF7B002C9052F4DD",
  "SharpDX.Direct3D11.dll": "C186B2C6DD31DF5523B95224462F3051",
  "SharpDX.dll": "546FE52EED090472E93E3A238D03A7BD",
  "SharpDX.DXGI.dll": "281451D3C93B0F0C3439EA2B60A82A01",
  "SharpDX.Mathematics.dll": "3BA742821C95EA2C9673DE0B56C2A581",
  "Silk.NET.Core.dll": "5F3758EB904C70553CBDEF87BDF70F03",
  "Silk.NET.GLFW.dll": "646824D0D8B845AEF2B23BAA37F8EE5E",
  "Silk.NET.Maths.dll": "71ECFAB28D55760AA01CB6E90EF73D2D",
  "Silk.NET.OpenGL.dll": "8365360E7594E4FF8A2EBA37542EF444",
  "Silk.NET.SDL.dll": "5B819AE1F1403EECD5FFAF5C9829A026",
  "Silk.NET.Windowing.Common.dll": "3C4476FB5802F11E91BB6FEC724D75E3",
  "Silk.NET.Windowing.Glfw.dll": "BB98DD30382405A99C2800EC9043CF5F",
  "Silk.NET.Windowing.Sdl.dll": "EB7B4C1F339A549F929EC9AEEA9B4F88",
  "SQLite-net.dll": "11A1C4188C3AFBD2FC4F5CE2D7DAA4CA",
  "SQLitePCLRaw.batteries_v2.dll": "C14B493B5986817EF03EDBCB4AA8B86C",
  "SQLitePCLRaw.core.dll": "20971D754A7A339C4373CB739372FF22",
  "SQLitePCLRaw.nativelibrary.dll": "2A7DAA7F5A6B7069721EFCC5273E7088",
  "SQLitePCLRaw.provider.dynamic_cdecl.dll": "2BC5C057D68601649160A9D2DD18D701",
  "StbiSharp.dll": "23F7C832C165E8155969C20E43999B70",
  "System.Reactive.dll": "EF5A00287AD15393D41B12AA4B726FF7",
  "System.Reflection.MetadataLoadContext.dll": "7EC41D41F4E1246757BA3E2EC862D562",
  "System.Security.Cryptography.Pkcs.dll": "8950E01996A37E808BE3F39063C37BF9",
  "TEMP_gitver.txt": "B7BF66EBD08EB67FD1C6FE5895EB74EA",
  "TerraFX.Interop.Windows.dll": "84F7EF6B0DE91F8CC23F773D3FD6DEC0",
  "Validation.dll": "EE3E9A77FF9BDC099DD5124931ECCB16"
}
