{
  "runtimes\\alpine-x64\\native\\libe_sqlite3.so": "39C244FEDBCD3DFC37041D4FCE1AE21D",
  "runtimes\\linux-arm\\native\\libe_sqlite3.so": "96CF54BC0EFB83D6E3F5F3E04997A59D",
  "runtimes\\linux-arm64\\native\\libe_sqlite3.so": "F079E55E7F3F9966A4A2052A3234E068",
  "runtimes\\linux-armel\\native\\libe_sqlite3.so": "C5A67D49434FC65D64E9C15778078C76",
  "runtimes\\linux-mips64\\native\\libe_sqlite3.so": "5F8461214089CFC677D46C19B7162161",
  "runtimes\\linux-musl-x64\\native\\libe_sqlite3.so": "39C244FEDBCD3DFC37041D4FCE1AE21D",
  "runtimes\\linux-x64\\native\\libe_sqlite3.so": "6F49C540D3AB9964D67A4A704C3D262D",
  "runtimes\\linux-x64\\native\\libglfw.so.3": "9E3137144F68B9E9793F4C7AD5B1BEA7",
  "runtimes\\linux-x64\\native\\libSDL2-2.0.so": "99B95A708381FC66AB2370E45A260527",
  "runtimes\\linux-x64\\native\\libstbi.so": "0945355ED59677D06E3E88F48101BB26",
  "runtimes\\linux-x86\\native\\libe_sqlite3.so": "5E0659B414CBD6DDC38C65582485853E",
  "runtimes\\osx-x64\\native\\libe_sqlite3.dylib": "F82AE134FCD1C080A69D775591406673",
  "runtimes\\osx-x64\\native\\libglfw.3.dylib": "1E30FAB2F0C40E82290AD4B0BF14A880",
  "runtimes\\osx-x64\\native\\libSDL2-2.0.dylib": "AAC958490586C67395F0A90903AE3747",
  "runtimes\\osx-x64\\native\\libstbi.dylib": "0B84B0A6A80178266018081C3CAB68E6",
  "runtimes\\win-arm\\native\\e_sqlite3.dll": "1E56AA1421A5FAB49F5BA30ED9C88D75",
  "runtimes\\win-arm64\\native\\e_sqlite3.dll": "0A51DCED31E49C9F99842E57590B7ECB",
  "runtimes\\win-x64\\native\\cimgui.dll": "4255346F14EBE803758C189A92E68D7B",
  "runtimes\\win-x64\\native\\cimguizmo.dll": "C507E3EE54489BBBE5911C900B67534A",
  "runtimes\\win-x64\\native\\cimplot.dll": "1FE5D523C28CB0B4A3A8D048D7F311D7",
  "runtimes\\win-x64\\native\\e_sqlite3.dll": "99D2DC49F13AF4DBA3FD4932B73D5D13",
  "runtimes\\win-x64\\native\\glfw3.dll": "029FD6A9889A55B6D61A34B7D4648B03",
  "runtimes\\win-x64\\native\\minhook.x64d.dll": "77136608E8D5FE2520C5A8BC485C24A7",
  "runtimes\\win-x64\\native\\SDL2.dll": "506F5AB7F36A682A299EE2AABB3562C5",
  "runtimes\\win-x64\\native\\stbi.dll": "76755C23A7957C84CE2D487634061CB4",
  "runtimes\\win-x64\\native\\stbi.lib": "927C214DE576219E1F80DBE7798A0502",
  "runtimes\\win-x86\\native\\e_sqlite3.dll": "7BDC26AB2E18DF61593D775F8E27EFE4",
  "runtimes\\win-x86\\native\\glfw3.dll": "9483392BAAE50016ABA9D69184785B02",
  "runtimes\\win-x86\\native\\SDL2.dll": "4DE3A31C868D2F66F7F31C648BF89909",
  "targets\\Dalamud.Plugin.Bootstrap.targets": "C85635161398CD9852CF7212DB7EB904",
  "targets\\Dalamud.Plugin.targets": "DDD731601C06B16E10CF2F8990452A27",
  "BitFaster.Caching.dll": "2BC50AA02032790F1FE3F34502BC3EC5",
  "CheapLoc.dll": "9C733FB34DF5A108A35157694BD8D046",
  "commit_hash.txt": "72592EB1DFC9DDAAB476C681CBA15B86",
  "Costura.dll": "C2596334A61EF98B1C4FC4DFBFD1AF4C",
  "Dalamud.Boot.dll": "C988B03450532AC4EA76B56606FB9AD2",
  "Dalamud.Common.dll": "A555A2801BB845F301F8AE0FB2D532E5",
  "Dalamud.deps.json": "9A053DE9AAEB215D5439233304509993",
  "Dalamud.dll": "E1BE93059EFCC37C1BC7766877005B2C",
  "Dalamud.Injector.deps.json": "E30B9BD40106FFC14A5274A670979EDF",
  "Dalamud.Injector.dll": "86015ACC2B4ABFB5847253FD22AEA108",
  "Dalamud.Injector.exe": "5BBE004D27ACA3ED749C8FA9B4C3D87D",
  "Dalamud.Injector.runtimeconfig.json": "B9BB65FFE7924D4D8BABE9FA66303200",
  "Dalamud.Injector.xml": "D41E5DF541D19A015215E777D7395C9C",
  "Dalamud.runtimeconfig.json": "2A9CD915428BDD175E0889BD0C225F75",
  "Dalamud.xml": "DE3B796DDAF215B03A92CBE676FEE216",
  "DalamudCrashHandler.exe": "DE5C9758F52AAB22272CF34F3709F4A8",
  "FASM-LICENSE.TXT": "ECEA1D10811221D5F0A3E96F9C38E2C7",
  "FASM.DLL": "32F211B6E9A822C420A43E956FB6796A",
  "FASMX64.DLL": "291DA8F3F400D3A9BB61BCF11B294AC7",
  "FFXIVClientStructs.dll": "85EAE3F612ECA8E97F70929559DDE3B7",
  "FFXIVClientStructs.xml": "82984633B2FF1E947DCDD221AA3ADAEB",
  "goaaats.Reloaded.Assembler.targets": "CC22CB0A353E2136EE9E6E96DB9F7164",
  "Iced.dll": "2D392A4E10EA594A693A7E19AAF33219",
  "ImGui.NET.dll": "D85D8DA6D3B38E9A7C39BCA4DD238CAB",
  "ImGuiScene.dll": "B3E97B879765B88655DBA4BA86C53B3F",
  "InteropGenerator.Runtime.dll": "74E62B6A8D26FFF4CE94920D60E56135",
  "JetBrains.Annotations.dll": "5FDC6B88025E1CC2C87FDA27E228D473",
  "licenses.txt": "A159BE62AA91178EFC3E3983AE874D1D",
  "Lumina.dll": "7D60326B266BAB3893BF3445DBA34B6B",
  "Lumina.Excel.dll": "B52255A3BD7AA901BD0D63E59335A593",
  "Microsoft.Bcl.HashCode.dll": "613AB56061ADF2284E047025207467E0",
  "Microsoft.DotNet.PlatformAbstractions.dll": "00AB0F02B1114C57C758F5AD595224F1",
  "Microsoft.Extensions.DependencyModel.dll": "F39BC76C10CFEA478C936FC4521A9FC9",
  "Microsoft.Extensions.ObjectPool.dll": "FEE3CE8A84417360CC5ED787ED6F7DB1",
  "MinSharp.dll": "599C2C0243EE9DFB4D1A3D9281F55564",
  "Mono.Cecil.dll": "BF383938C6174F00749CF5D87191B55E",
  "Mono.Cecil.Mdb.dll": "4EC86B710FDAAF946B8BC60F276FA371",
  "Mono.Cecil.Pdb.dll": "ADA5C72FC133AADEFF6909BF0F389CB8",
  "Mono.Cecil.Rocks.dll": "371863538364633825F1AFC19ACA4A94",
  "nethost.dll": "21F39F71E2F4B5BA9FB3F126872F2F9B",
  "Newtonsoft.Json.dll": "ADF3E3EECDE20B7C9661E9C47106A14A",
  "PeNet.Asn1.dll": "C5957498A3AF4E4626B4BDCF552F8DD6",
  "PeNet.dll": "2AF8044CAB06AAA539CAFFBDE22BF1B8",
  "PInvoke.AdvApi32.dll": "34EE461D05B403C3A15D0DEC32A3788C",
  "PInvoke.BCrypt.dll": "FD07758EE1440491F22923084109FF26",
  "PInvoke.Cabinet.dll": "333D950E3804735DA60CC41D614C63E2",
  "PInvoke.CfgMgr32.dll": "768BE7CC18EDCF78B296A72ABE891691",
  "PInvoke.Crypt32.dll": "E7B00B0851738F4A7F2C6D37DAA973B4",
  "PInvoke.DbgHelp.dll": "E701136169620D20E3A70B560DE20E44",
  "PInvoke.DwmApi.dll": "ACF223CC8962404056648815B486F7D9",
  "PInvoke.Gdi32.dll": "69FF434826F98582CE44D3136ECFFACB",
  "PInvoke.Hid.dll": "2E7A41257F8AD9B26073181F450CD8E5",
  "PInvoke.ImageHlp.dll": "79BE816E8D86EA66489D7780DD675D49",
  "PInvoke.IPHlpApi.dll": "E949FA3326D1BA8872B179AB4EE49D38",
  "PInvoke.Kernel32.dll": "234E15B122ED430DE99490CA1A204958",
  "PInvoke.Magnification.dll": "C9EA3D34F506741ECC044DB19C151F09",
  "PInvoke.Msi.dll": "69EE50CE2DA6B55755E52589F49A7EBC",
  "PInvoke.NCrypt.dll": "DA1DE76C14D99370CA3BEF19DC299B15",
  "PInvoke.NetApi32.dll": "AE79F9FA2E3864A5E0642AE4622ECDC5",
  "PInvoke.NewDev.dll": "B3E1992105D986EF9C5C8E4B630FBB07",
  "PInvoke.NTDll.dll": "3F6BDF840EB27DD0FD9EB8071822183A",
  "PInvoke.Ole32.dll": "3C49FB100B60519FFE725BCD12A538F6",
  "PInvoke.Psapi.dll": "A7683EE4B880227F01C8AE632A892B9E",
  "PInvoke.SetupApi.dll": "1B7AE321185D0081D1759A9AD829F9BA",
  "PInvoke.SHCore.dll": "F27E7F063D51480F6D2294C903E4A606",
  "PInvoke.Shell32.dll": "F71A1BCAF6478190691170DAEA77722F",
  "PInvoke.User32.dll": "8BEDE38311ED4F27127290B81B8079FD",
  "PInvoke.Userenv.dll": "FEB7BCA90B8C905EC2F4BB0789847131",
  "PInvoke.UxTheme.dll": "8E683C016250CB719FDB9AAAFC22B3C5",
  "PInvoke.Windows.Core.dll": "90015440A44935208FFEA9BF61740651",
  "PInvoke.Windows.ShellScalingApi.dll": "F351B34B8C9183A51CADFDC279357C49",
  "PInvoke.WinUsb.dll": "9EB8A0280F2848D1A32B560A939F7336",
  "PInvoke.WtsApi32.dll": "341C94455D2E5893DBE4293D4D67AA4D",
  "Reloaded.Assembler.dll": "734953D44CD57C51A228CB0BEB020C8B",
  "Reloaded.Hooks.Definitions.dll": "477304464FB3056CE1A155DAD26A558C",
  "Reloaded.Hooks.dll": "B9A435157B6414AAB9AE9A0D21856FFD",
  "Reloaded.Memory.Buffers.dll": "37A38118940091989C3596865A35AD19",
  "Reloaded.Memory.dll": "769197AABBB6C9B42DD70ED557B94C73",
  "revision.txt": "F461285987DDC0629F8A4AB6477642B5",
  "SDL2-CS.config": "65557595FD5DF55D93B2BF881DE62C3A",
  "SDL2-CS.dll": "E4052512CF14169C23BCF82EE7C879A0",
  "Serilog.dll": "DE5939051AB3261379319254EECAB427",
  "Serilog.Sinks.Async.dll": "114ECD936AC5C55060245ABEFB9C0FCD",
  "Serilog.Sinks.Console.dll": "9836A6562B645C9AD9AF89319405A1BD",
  "Serilog.Sinks.File.dll": "94CC36F7C988BB297EDD059F661BA33E",
  "SharpDX.Direct3D11.dll": "0F683196A29493E5D456EA902772C5A6",
  "SharpDX.dll": "8FB736036E742C91AE390E4A5E8C1368",
  "SharpDX.DXGI.dll": "FE771B2B1017CC226F98BD64B85CE870",
  "SharpDX.Mathematics.dll": "9053E774E9ECF7C38A20EFDE4D4B4BDE",
  "Silk.NET.Core.dll": "37CE3BC8EB414C8943B8003799C509B6",
  "Silk.NET.GLFW.dll": "809DBF3B6339C398DA9952CA596027C2",
  "Silk.NET.Maths.dll": "C05E1A8F1B22BEFC860913CF5F08B746",
  "Silk.NET.OpenGL.dll": "C116BE839CC7EF2375C2220D17689474",
  "Silk.NET.SDL.dll": "A604A9D71B93D8D3AF2EBC8668C66AA5",
  "Silk.NET.Windowing.Common.dll": "B90076BA6D35762D7CD369857E68EC07",
  "Silk.NET.Windowing.Glfw.dll": "417C57E8A926C2DD4C340D7854651884",
  "Silk.NET.Windowing.Sdl.dll": "633D8EFF387EA907B34E348F80371C2A",
  "SQLite-net.dll": "528279B95FC9AB232E7EBC7C4A3A2299",
  "SQLitePCLRaw.batteries_v2.dll": "9A31CA18D61CF6FCC953B2DE6F2A4191",
  "SQLitePCLRaw.core.dll": "63BA4E6BA3368745C4744CA5E05E9756",
  "SQLitePCLRaw.nativelibrary.dll": "1BC453411EF535A7DE6DEB08CE4B9061",
  "SQLitePCLRaw.provider.dynamic_cdecl.dll": "F25B0BC44E2F664D1DCE9355118FDF35",
  "StbiSharp.dll": "328F8C9FD46CE89B6B15845B0F1B0A46",
  "System.Reactive.dll": "EF5A00287AD15393D41B12AA4B726FF7",
  "System.Reflection.MetadataLoadContext.dll": "E88E3AF6D37736F339022C9ACC5F2F7B",
  "System.Security.Cryptography.Pkcs.dll": "8950E01996A37E808BE3F39063C37BF9",
  "TEMP_gitver.txt": "AD04D965BCC8760442D228485346F62A",
  "TerraFX.Interop.Windows.dll": "84F7EF6B0DE91F8CC23F773D3FD6DEC0",
  "Validation.dll": "ADC5980546EA60D6F251A0FCF9C61A50"
}
