{
  "runtimes\\alpine-x64\\native\\libe_sqlite3.so": "39C244FEDBCD3DFC37041D4FCE1AE21D",
  "runtimes\\linux-arm\\native\\libe_sqlite3.so": "96CF54BC0EFB83D6E3F5F3E04997A59D",
  "runtimes\\linux-arm64\\native\\libe_sqlite3.so": "F079E55E7F3F9966A4A2052A3234E068",
  "runtimes\\linux-armel\\native\\libe_sqlite3.so": "C5A67D49434FC65D64E9C15778078C76",
  "runtimes\\linux-mips64\\native\\libe_sqlite3.so": "5F8461214089CFC677D46C19B7162161",
  "runtimes\\linux-musl-x64\\native\\libe_sqlite3.so": "39C244FEDBCD3DFC37041D4FCE1AE21D",
  "runtimes\\linux-x64\\native\\libe_sqlite3.so": "6F49C540D3AB9964D67A4A704C3D262D",
  "runtimes\\linux-x64\\native\\libglfw.so.3": "9E3137144F68B9E9793F4C7AD5B1BEA7",
  "runtimes\\linux-x64\\native\\libSDL2-2.0.so": "99B95A708381FC66AB2370E45A260527",
  "runtimes\\linux-x64\\native\\libstbi.so": "0945355ED59677D06E3E88F48101BB26",
  "runtimes\\linux-x86\\native\\libe_sqlite3.so": "5E0659B414CBD6DDC38C65582485853E",
  "runtimes\\osx-x64\\native\\libe_sqlite3.dylib": "F82AE134FCD1C080A69D775591406673",
  "runtimes\\osx-x64\\native\\libglfw.3.dylib": "1E30FAB2F0C40E82290AD4B0BF14A880",
  "runtimes\\osx-x64\\native\\libSDL2-2.0.dylib": "AAC958490586C67395F0A90903AE3747",
  "runtimes\\osx-x64\\native\\libstbi.dylib": "0B84B0A6A80178266018081C3CAB68E6",
  "runtimes\\win-arm\\native\\e_sqlite3.dll": "F40C23475D2861817E7B7BA9A40B868E",
  "runtimes\\win-arm64\\native\\e_sqlite3.dll": "BF38C139CAAFA461F664053FF2232E23",
  "runtimes\\win-x64\\native\\cimgui.dll": "FBA148CF8806B3EA3DCEF012E38F0C61",
  "runtimes\\win-x64\\native\\cimguizmo.dll": "126BED321AE8B6D4F47CA78B72618297",
  "runtimes\\win-x64\\native\\cimplot.dll": "F6A5AC7388294439C91C718D079AF3BF",
  "runtimes\\win-x64\\native\\e_sqlite3.dll": "BBB9A5DED220F81D6FBE07D163AE33FE",
  "runtimes\\win-x64\\native\\glfw3.dll": "80CFC6E355DF1334B9D587759D5E9756",
  "runtimes\\win-x64\\native\\minhook.x64d.dll": "01BEEEA8728FE77F9053C2A0734839DB",
  "runtimes\\win-x64\\native\\SDL2.dll": "EDF9468F0BF8A6430A7741E50C6F814C",
  "runtimes\\win-x64\\native\\stbi.dll": "072A3063DFF038A6394BB9D34326F125",
  "runtimes\\win-x64\\native\\stbi.lib": "927C214DE576219E1F80DBE7798A0502",
  "runtimes\\win-x86\\native\\e_sqlite3.dll": "186C0CAD7D12D5E6A90520CEE0D13E21",
  "runtimes\\win-x86\\native\\glfw3.dll": "B8E37F7EC74B2E40210A7C92A5F9FC7E",
  "runtimes\\win-x86\\native\\SDL2.dll": "10872867AD6B6A688BD0E227AAA676F3",
  "targets\\Dalamud.Plugin.Bootstrap.targets": "C85635161398CD9852CF7212DB7EB904",
  "targets\\Dalamud.Plugin.targets": "69D15EDFB3D4F0BEE3A099216E4DE057",
  "BitFaster.Caching.dll": "FDB5C1482108D7027C98B0EFE1A19C4C",
  "CheapLoc.dll": "4CC852D33D5B7913E3C0F8B95543FE2E",
  "commit_hash.txt": "2A386BBD7757461EC7DC5307BA0F14BE",
  "Costura.dll": "1E3EF37D9AD8EF670F02C06A964382CC",
  "Dalamud.Boot.dll": "DD5905FEBC8E2A183F88B3FDC6D9F3EE",
  "Dalamud.Common.dll": "B54C883FEC8068D5D841CC69333395EB",
  "Dalamud.deps.json": "E6B18E073EEE3CFEC0D019F172C83FDF",
  "Dalamud.dll": "05AF7656837DBC7759717EBF4116BF12",
  "Dalamud.Injector.deps.json": "E30B9BD40106FFC14A5274A670979EDF",
  "Dalamud.Injector.dll": "23B56B0FE4C77C5648C2B3231ED6EDBD",
  "Dalamud.Injector.exe": "89D6CA1255FC0DDEDC77B1750CA8D495",
  "Dalamud.Injector.runtimeconfig.json": "B9BB65FFE7924D4D8BABE9FA66303200",
  "Dalamud.Injector.xml": "D41E5DF541D19A015215E777D7395C9C",
  "Dalamud.runtimeconfig.json": "2A9CD915428BDD175E0889BD0C225F75",
  "Dalamud.xml": "0592EC89DE93420498C36F72C236A859",
  "DalamudCrashHandler.exe": "0DAFC4B36133A05983BFB763B805980A",
  "FASM-LICENSE.TXT": "ECEA1D10811221D5F0A3E96F9C38E2C7",
  "FASM.DLL": "07E8E48F815C174D58839B8AC8B8CBD2",
  "FASMX64.DLL": "52640716EA8A4FE29AFF543100A8D73F",
  "FFXIVClientStructs.dll": "6E1637BBC7684B64EAE472FFAA2376CD",
  "FFXIVClientStructs.xml": "C44A40E94F75CF672974CE2B9504043A",
  "goaaats.Reloaded.Assembler.targets": "CC22CB0A353E2136EE9E6E96DB9F7164",
  "Iced.dll": "C319475CE77186074EAF4973D87042F3",
  "ImGui.NET.dll": "00912CB36C09F0E601442FC88A07FDE8",
  "ImGuiScene.dll": "CFA5EC76AE550F733811D2073F753FB1",
  "InteropGenerator.Runtime.dll": "1B865DC98231DF5458DAD421E1997F61",
  "JetBrains.Annotations.dll": "80DC7AA2FDB5F3F91D6832DCE00E3C10",
  "licenses.txt": "A159BE62AA91178EFC3E3983AE874D1D",
  "Lumina.dll": "1FAAE719AD149CCDDFBE0804582F3878",
  "Lumina.Excel.dll": "70962F9FF50D351A39D0C273E8DD3BB7",
  "Microsoft.Bcl.HashCode.dll": "613AB56061ADF2284E047025207467E0",
  "Microsoft.DotNet.PlatformAbstractions.dll": "00AB0F02B1114C57C758F5AD595224F1",
  "Microsoft.Extensions.DependencyModel.dll": "F39BC76C10CFEA478C936FC4521A9FC9",
  "Microsoft.Extensions.ObjectPool.dll": "FEE3CE8A84417360CC5ED787ED6F7DB1",
  "MinSharp.dll": "C4E4F9908AC59DBD0E9CA5682EC49E50",
  "Mono.Cecil.dll": "9CE861182769EDB893381021C5FB4A39",
  "Mono.Cecil.Mdb.dll": "72A86187CC5F91987C06538185A12EDE",
  "Mono.Cecil.Pdb.dll": "FE90DEEE441C22552A9402268A90460E",
  "Mono.Cecil.Rocks.dll": "39E249C0969CF045147650C38B572BD4",
  "nethost.dll": "21F39F71E2F4B5BA9FB3F126872F2F9B",
  "Newtonsoft.Json.dll": "ADF3E3EECDE20B7C9661E9C47106A14A",
  "PeNet.Asn1.dll": "8E044E73A232545FF8E145D446841360",
  "PeNet.dll": "B52D4241AC99F53FA1F3BC5BB306E44B",
  "PInvoke.AdvApi32.dll": "34EE461D05B403C3A15D0DEC32A3788C",
  "PInvoke.BCrypt.dll": "FD07758EE1440491F22923084109FF26",
  "PInvoke.Cabinet.dll": "333D950E3804735DA60CC41D614C63E2",
  "PInvoke.CfgMgr32.dll": "768BE7CC18EDCF78B296A72ABE891691",
  "PInvoke.Crypt32.dll": "E7B00B0851738F4A7F2C6D37DAA973B4",
  "PInvoke.DbgHelp.dll": "E701136169620D20E3A70B560DE20E44",
  "PInvoke.DwmApi.dll": "ACF223CC8962404056648815B486F7D9",
  "PInvoke.Gdi32.dll": "69FF434826F98582CE44D3136ECFFACB",
  "PInvoke.Hid.dll": "2E7A41257F8AD9B26073181F450CD8E5",
  "PInvoke.ImageHlp.dll": "79BE816E8D86EA66489D7780DD675D49",
  "PInvoke.IPHlpApi.dll": "E949FA3326D1BA8872B179AB4EE49D38",
  "PInvoke.Kernel32.dll": "234E15B122ED430DE99490CA1A204958",
  "PInvoke.Magnification.dll": "C9EA3D34F506741ECC044DB19C151F09",
  "PInvoke.Msi.dll": "69EE50CE2DA6B55755E52589F49A7EBC",
  "PInvoke.NCrypt.dll": "DA1DE76C14D99370CA3BEF19DC299B15",
  "PInvoke.NetApi32.dll": "AE79F9FA2E3864A5E0642AE4622ECDC5",
  "PInvoke.NewDev.dll": "B3E1992105D986EF9C5C8E4B630FBB07",
  "PInvoke.NTDll.dll": "3F6BDF840EB27DD0FD9EB8071822183A",
  "PInvoke.Ole32.dll": "3C49FB100B60519FFE725BCD12A538F6",
  "PInvoke.Psapi.dll": "A7683EE4B880227F01C8AE632A892B9E",
  "PInvoke.SetupApi.dll": "1B7AE321185D0081D1759A9AD829F9BA",
  "PInvoke.SHCore.dll": "F27E7F063D51480F6D2294C903E4A606",
  "PInvoke.Shell32.dll": "F71A1BCAF6478190691170DAEA77722F",
  "PInvoke.User32.dll": "8BEDE38311ED4F27127290B81B8079FD",
  "PInvoke.Userenv.dll": "FEB7BCA90B8C905EC2F4BB0789847131",
  "PInvoke.UxTheme.dll": "8E683C016250CB719FDB9AAAFC22B3C5",
  "PInvoke.Windows.Core.dll": "90015440A44935208FFEA9BF61740651",
  "PInvoke.Windows.ShellScalingApi.dll": "F351B34B8C9183A51CADFDC279357C49",
  "PInvoke.WinUsb.dll": "9EB8A0280F2848D1A32B560A939F7336",
  "PInvoke.WtsApi32.dll": "341C94455D2E5893DBE4293D4D67AA4D",
  "Reloaded.Assembler.dll": "453F703D54B085B8FFEC14B334AF6CE4",
  "Reloaded.Hooks.Definitions.dll": "666BDA2444C6B0AE867618C39DA56A31",
  "Reloaded.Hooks.dll": "8F138606CC61563353FFBCE5D7255CC3",
  "Reloaded.Memory.Buffers.dll": "0D9BDED61655990BBB6278981E64EB27",
  "Reloaded.Memory.dll": "8D0FF294B810E5246D72C2AA23FAB198",
  "revision.txt": "BF25356FD2A6E038F1A3A59C26687E80",
  "SDL2-CS.config": "65557595FD5DF55D93B2BF881DE62C3A",
  "SDL2-CS.dll": "34BE254DCBB96DE32D33495FDACE50B8",
  "Serilog.dll": "2CB43E787AA491EDE20A5FEAA38CED01",
  "Serilog.Sinks.Async.dll": "B496087EBC05B53493236F846CBA5FAE",
  "Serilog.Sinks.Console.dll": "49B52D7C598DFB13FA7FF9FDF9C299A2",
  "Serilog.Sinks.File.dll": "3FBB71974022FFEAB36283CF5ECACB51",
  "SharpDX.Direct3D11.dll": "954546D7066F21C8789E15604F98D4A9",
  "SharpDX.dll": "6089030A6F1E2243420888CF2F596F5E",
  "SharpDX.DXGI.dll": "D4174846E10BB7E85DC57902F15FA2BB",
  "SharpDX.Mathematics.dll": "D8AE235AD7CA93104408883E3DE7E616",
  "Silk.NET.Core.dll": "4621A6749A7ADCC17D578C1864E46D3F",
  "Silk.NET.GLFW.dll": "C63F67245C320F4BB7B4EA3288B5D7F5",
  "Silk.NET.Maths.dll": "C898061A2774570BB21BFED9488A9F76",
  "Silk.NET.OpenGL.dll": "8CCC4CFFF3C6E77E1492727FABD7C89D",
  "Silk.NET.SDL.dll": "751A80C61BD29E885DB98CB819C4C920",
  "Silk.NET.Windowing.Common.dll": "128A76DFC2F66935BDDFD6934E88EBAB",
  "Silk.NET.Windowing.Glfw.dll": "E52416AA43356225C428D4F0DF05A412",
  "Silk.NET.Windowing.Sdl.dll": "2779A5D4F447F31E73C51A3A60261B29",
  "SQLite-net.dll": "0870AC40803123636F0D2C47C7D4BA14",
  "SQLitePCLRaw.batteries_v2.dll": "A3A2332DB90C4D8422F54D1D39DB8004",
  "SQLitePCLRaw.core.dll": "5511E13C1EB700E6E6351F5808560C00",
  "SQLitePCLRaw.nativelibrary.dll": "504FB346081CC68ECBB3093555B60142",
  "SQLitePCLRaw.provider.dynamic_cdecl.dll": "9E28856FB5E4EC385FFCFEAA6D36F8D2",
  "StbiSharp.dll": "47AD8F0650F0A1A3E30F67145A1873C7",
  "System.Reactive.dll": "EF5A00287AD15393D41B12AA4B726FF7",
  "System.Reflection.MetadataLoadContext.dll": "E88E3AF6D37736F339022C9ACC5F2F7B",
  "System.Security.Cryptography.Pkcs.dll": "8950E01996A37E808BE3F39063C37BF9",
  "TEMP_gitver.txt": "C3863377D39648056364453A240D960E",
  "TerraFX.Interop.Windows.dll": "84F7EF6B0DE91F8CC23F773D3FD6DEC0",
  "Validation.dll": "CC5E7A86B878A92198F5A368077D5291"
}
