{
  "runtimes\\alpine-x64\\native\\libe_sqlite3.so": "39C244FEDBCD3DFC37041D4FCE1AE21D",
  "runtimes\\linux-arm\\native\\libe_sqlite3.so": "96CF54BC0EFB83D6E3F5F3E04997A59D",
  "runtimes\\linux-arm64\\native\\libe_sqlite3.so": "F079E55E7F3F9966A4A2052A3234E068",
  "runtimes\\linux-armel\\native\\libe_sqlite3.so": "C5A67D49434FC65D64E9C15778078C76",
  "runtimes\\linux-mips64\\native\\libe_sqlite3.so": "5F8461214089CFC677D46C19B7162161",
  "runtimes\\linux-musl-x64\\native\\libe_sqlite3.so": "39C244FEDBCD3DFC37041D4FCE1AE21D",
  "runtimes\\linux-x64\\native\\libe_sqlite3.so": "6F49C540D3AB9964D67A4A704C3D262D",
  "runtimes\\linux-x64\\native\\libglfw.so.3": "9E3137144F68B9E9793F4C7AD5B1BEA7",
  "runtimes\\linux-x64\\native\\libSDL2-2.0.so": "99B95A708381FC66AB2370E45A260527",
  "runtimes\\linux-x64\\native\\libstbi.so": "0945355ED59677D06E3E88F48101BB26",
  "runtimes\\linux-x86\\native\\libe_sqlite3.so": "5E0659B414CBD6DDC38C65582485853E",
  "runtimes\\osx-x64\\native\\libe_sqlite3.dylib": "F82AE134FCD1C080A69D775591406673",
  "runtimes\\osx-x64\\native\\libglfw.3.dylib": "1E30FAB2F0C40E82290AD4B0BF14A880",
  "runtimes\\osx-x64\\native\\libSDL2-2.0.dylib": "AAC958490586C67395F0A90903AE3747",
  "runtimes\\osx-x64\\native\\libstbi.dylib": "0B84B0A6A80178266018081C3CAB68E6",
  "runtimes\\win-arm\\native\\e_sqlite3.dll": "002B09240735A16D72ECAB60284C2A91",
  "runtimes\\win-arm64\\native\\e_sqlite3.dll": "7A8920361E0F0725B350CD3934E4FD44",
  "runtimes\\win-x64\\native\\e_sqlite3.dll": "EAF083895E728520BCA43A9D6500ADA6",
  "runtimes\\win-x64\\native\\glfw3.dll": "181455E5BA0777BEB339B3F01AA6D929",
  "runtimes\\win-x64\\native\\minhook.x64d.dll": "AD12B5F04BCC3A884DD1B8B86D27006E",
  "runtimes\\win-x64\\native\\SDL2.dll": "173022AD894DDAC0593420901ADA9B9B",
  "runtimes\\win-x64\\native\\stbi.dll": "2C2AE68B7481B5264BA9FF6E051E7759",
  "runtimes\\win-x64\\native\\stbi.lib": "927C214DE576219E1F80DBE7798A0502",
  "runtimes\\win-x86\\native\\e_sqlite3.dll": "DDEA88C36FD4D23EFC3FC127917B2E5D",
  "runtimes\\win-x86\\native\\glfw3.dll": "7D71A3F0509A3F0F1967981237AB6026",
  "runtimes\\win-x86\\native\\SDL2.dll": "5CD051E9C6995A9AB01DA8506009BD2A",
  "targets\\Dalamud.Plugin.Bootstrap.targets": "C85635161398CD9852CF7212DB7EB904",
  "targets\\Dalamud.Plugin.targets": "394EE2BEC70254F76ABBE2C33F62BBFA",
  "BitFaster.Caching.dll": "658DECF56F771F1F923CBB1EE3C73AB8",
  "CheapLoc.dll": "54BCDD8B0C15884D7CA9A2A4500A811B",
  "cimgui.dll": "8F6FA5D04106A253BF7B7B1A54911354",
  "cimguizmo.dll": "DBF89053C55E8733541A9970FDDDF418",
  "cimplot.dll": "9E5C91C99AFA8794CADBF2DB50A894FF",
  "commit_hash.txt": "F64D82188326D7E5EC1D54ACEE8F678B",
  "Dalamud.Boot.dll": "95B3987A9BD8D0FBD3BDCA1CB63635A3",
  "Dalamud.Common.dll": "694BDE302CD7B789D49322D94C12E58E",
  "Dalamud.deps.json": "BFB28BC20C2DF689B479B7D6E4F237F1",
  "Dalamud.dll": "A082F5431A643A5A1011BF82CC4F4800",
  "Dalamud.Injector.deps.json": "C21972522E8133995B2C9562B3E39983",
  "Dalamud.Injector.dll": "8A3B2A6E723EF8FE1693FB4DD4942C38",
  "Dalamud.Injector.exe": "C8808F6327BEE3EC0A00FFE912B93B40",
  "Dalamud.Injector.runtimeconfig.json": "439C534917CEF268A731631073E50FE4",
  "Dalamud.Injector.xml": "6730B8BB13078B71889B5A56C5DFAC6D",
  "Dalamud.runtimeconfig.json": "CA3935E9C6B9E3300F2D7171E4AF6335",
  "Dalamud.xml": "71EAF02F967E4558DB5DC63880451410",
  "DalamudCrashHandler.exe": "A3393F6E38F975364821B29549BC5CE0",
  "FASM-LICENSE.TXT": "ECEA1D10811221D5F0A3E96F9C38E2C7",
  "FASM.DLL": "00C9614927F6CE705FEDB7C871D606E6",
  "FASMX64.DLL": "B8E010F0FDB103631E784923E00518CE",
  "FFXIVClientStructs.dll": "5E5DF35D40BEBC19F4E9C8AD5BA95D44",
  "FFXIVClientStructs.xml": "55E6F4C185C20FD359E53E057FC3ADEF",
  "goatcorp.Reloaded.Assembler.targets": "CC22CB0A353E2136EE9E6E96DB9F7164",
  "Iced.dll": "A7C6B18A2FB4C68BE3D790BC81EA813C",
  "ImGui.NET.dll": "52847BA8E3038E3076DB194F0B15F86D",
  "ImGuiScene.dll": "C95EA779F1C52E08A8570CD0BD3C0B73",
  "InteropGenerator.Runtime.dll": "DEE3068DC8EDD4E7C3E6447D88FFB5AE",
  "JetBrains.Annotations.dll": "ADB78AC6BDE0A79132D7ADC0B19769B0",
  "licenses.txt": "A159BE62AA91178EFC3E3983AE874D1D",
  "Lumina.dll": "F66DD8BF9FB1426EF7FCE9AD47563A05",
  "Lumina.Excel.dll": "8C8D220AA40547117F7B942A978C8082",
  "Microsoft.Bcl.HashCode.dll": "613AB56061ADF2284E047025207467E0",
  "Microsoft.DotNet.PlatformAbstractions.dll": "00AB0F02B1114C57C758F5AD595224F1",
  "Microsoft.Extensions.DependencyModel.dll": "F39BC76C10CFEA478C936FC4521A9FC9",
  "Microsoft.Extensions.ObjectPool.dll": "B0558CE087EAE95853E35579300F3A77",
  "MinSharp.dll": "54B7AFED3A247EAAE2F36FC46BB8075E",
  "Mono.Cecil.dll": "582E9EE7552FF5E116B11C10E3D50681",
  "Mono.Cecil.Mdb.dll": "FB61001E1FE1A1210C3FCD42CEDD8DCC",
  "Mono.Cecil.Pdb.dll": "09214812DF6588550EE3C6443F9EAF7C",
  "Mono.Cecil.Rocks.dll": "694310B6ABDAC49450E311B760B2FC74",
  "nethost.dll": "21F39F71E2F4B5BA9FB3F126872F2F9B",
  "Newtonsoft.Json.dll": "ADF3E3EECDE20B7C9661E9C47106A14A",
  "PeNet.Asn1.dll": "4FF15C092FBBEC6BC2BBB0B965321FB2",
  "PeNet.dll": "4666D2E1B496A174CD8937B56EA65613",
  "PInvoke.AdvApi32.dll": "34EE461D05B403C3A15D0DEC32A3788C",
  "PInvoke.BCrypt.dll": "FD07758EE1440491F22923084109FF26",
  "PInvoke.Cabinet.dll": "333D950E3804735DA60CC41D614C63E2",
  "PInvoke.CfgMgr32.dll": "768BE7CC18EDCF78B296A72ABE891691",
  "PInvoke.Crypt32.dll": "E7B00B0851738F4A7F2C6D37DAA973B4",
  "PInvoke.DbgHelp.dll": "E701136169620D20E3A70B560DE20E44",
  "PInvoke.DwmApi.dll": "ACF223CC8962404056648815B486F7D9",
  "PInvoke.Gdi32.dll": "69FF434826F98582CE44D3136ECFFACB",
  "PInvoke.Hid.dll": "2E7A41257F8AD9B26073181F450CD8E5",
  "PInvoke.ImageHlp.dll": "79BE816E8D86EA66489D7780DD675D49",
  "PInvoke.IPHlpApi.dll": "E949FA3326D1BA8872B179AB4EE49D38",
  "PInvoke.Kernel32.dll": "234E15B122ED430DE99490CA1A204958",
  "PInvoke.Magnification.dll": "C9EA3D34F506741ECC044DB19C151F09",
  "PInvoke.Msi.dll": "69EE50CE2DA6B55755E52589F49A7EBC",
  "PInvoke.NCrypt.dll": "DA1DE76C14D99370CA3BEF19DC299B15",
  "PInvoke.NetApi32.dll": "AE79F9FA2E3864A5E0642AE4622ECDC5",
  "PInvoke.NewDev.dll": "B3E1992105D986EF9C5C8E4B630FBB07",
  "PInvoke.NTDll.dll": "3F6BDF840EB27DD0FD9EB8071822183A",
  "PInvoke.Ole32.dll": "3C49FB100B60519FFE725BCD12A538F6",
  "PInvoke.Psapi.dll": "A7683EE4B880227F01C8AE632A892B9E",
  "PInvoke.SetupApi.dll": "1B7AE321185D0081D1759A9AD829F9BA",
  "PInvoke.SHCore.dll": "F27E7F063D51480F6D2294C903E4A606",
  "PInvoke.Shell32.dll": "F71A1BCAF6478190691170DAEA77722F",
  "PInvoke.User32.dll": "8BEDE38311ED4F27127290B81B8079FD",
  "PInvoke.Userenv.dll": "FEB7BCA90B8C905EC2F4BB0789847131",
  "PInvoke.UxTheme.dll": "8E683C016250CB719FDB9AAAFC22B3C5",
  "PInvoke.Windows.Core.dll": "90015440A44935208FFEA9BF61740651",
  "PInvoke.Windows.ShellScalingApi.dll": "F351B34B8C9183A51CADFDC279357C49",
  "PInvoke.WinUsb.dll": "9EB8A0280F2848D1A32B560A939F7336",
  "PInvoke.WtsApi32.dll": "341C94455D2E5893DBE4293D4D67AA4D",
  "Reloaded.Assembler.dll": "B7D10E25C79B762F9C7FDE4CAA0517F9",
  "Reloaded.Hooks.Definitions.dll": "3A64FF60271B6CE06A0D6D19BE709497",
  "Reloaded.Hooks.dll": "FABCB190431D6D21E3D44DA7AA91B8DA",
  "Reloaded.Memory.Buffers.dll": "B5C09663C48497726150E089887DAB5C",
  "Reloaded.Memory.dll": "CB6EA268EF4C7CE1E37A11BB897E3389",
  "revision.txt": "BBC12A3A98D8487F58A87D3A3070516E",
  "SDL2-CS.config": "65557595FD5DF55D93B2BF881DE62C3A",
  "SDL2-CS.dll": "00DB0606FCC722A790AA60E17747A1DE",
  "Serilog.dll": "D928F240FAC213BA3A8D24D844515FD8",
  "Serilog.Sinks.Async.dll": "CA09E45D9C5C5ADBC0EA2323D53F9628",
  "Serilog.Sinks.Console.dll": "E2A059782B9EE97F577B7B8CC196E797",
  "Serilog.Sinks.File.dll": "26A66687B0F91DA3FFD66BCA5022E85D",
  "SharpDX.Direct3D11.dll": "BB2850C206CF691944A7F6852C262BA4",
  "SharpDX.dll": "655EB412BB94F805304DB597FFD4B579",
  "SharpDX.DXGI.dll": "5230490257660386CA0C24385E911BDD",
  "SharpDX.Mathematics.dll": "3F0B855A8EAE9900F17154F362E2F4CC",
  "Silk.NET.Core.dll": "35475023CCBDC26BF02445489C5DADBA",
  "Silk.NET.GLFW.dll": "1C5496E9102CD3E8F58D6630D6D5C9CF",
  "Silk.NET.Maths.dll": "DBFF46F49257F02FB43826F56341174D",
  "Silk.NET.OpenGL.dll": "427FA6D364F810D86BB54176B3D9CA39",
  "Silk.NET.SDL.dll": "52C35B0616D1E121D8E482EAEB3F1B79",
  "Silk.NET.Windowing.Common.dll": "F4A182F80A3F302674EB2B27DBBECA0F",
  "Silk.NET.Windowing.Glfw.dll": "003AC37DD9CDD9084122DF2516874756",
  "Silk.NET.Windowing.Sdl.dll": "21A606A3515958DE222D4E4B7F79CB98",
  "SQLite-net.dll": "FD84BCF0FEAA5CCBE548C0342E56584F",
  "SQLitePCLRaw.batteries_v2.dll": "BC97159FF50DE928BA30D080E345B2D1",
  "SQLitePCLRaw.core.dll": "63733A482167C58E080BE95099092419",
  "SQLitePCLRaw.nativelibrary.dll": "BB1C8D78028442E069743561F4142157",
  "SQLitePCLRaw.provider.dynamic_cdecl.dll": "EEAFEECC6717AF0971733F351F1818C7",
  "StbiSharp.dll": "1CBFDA3EDA878998AB4067A7C987325C",
  "System.Reactive.dll": "EF5A00287AD15393D41B12AA4B726FF7",
  "System.Reflection.MetadataLoadContext.dll": "E88E3AF6D37736F339022C9ACC5F2F7B",
  "System.Security.Cryptography.Pkcs.dll": "8950E01996A37E808BE3F39063C37BF9",
  "TEMP_gitver.txt": "6938A09E2C68BE54A08238931CA09C3D",
  "TerraFX.Interop.Windows.dll": "84F7EF6B0DE91F8CC23F773D3FD6DEC0",
  "Validation.dll": "C7BF028E2B5C3BFA31FEC084011E7BAA"
}
