{
  "runtimes\\alpine-arm\\native\\libe_sqlite3.so": "87AF85204A246154501382901F3F6812",
  "runtimes\\alpine-arm64\\native\\libe_sqlite3.so": "CD4B9AAB53400EFE96ABC32B339A866A",
  "runtimes\\alpine-x64\\native\\libe_sqlite3.so": "6C9D6E34F1E932668237404D6EB6FC66",
  "runtimes\\browser-wasm\\nativeassets\\net7.0\\e_sqlite3.a": "E25518AC5EAD5E787448F3258236888E",
  "runtimes\\linux-arm\\native\\libe_sqlite3.so": "B8DA0DB6A447B5CCE98207F6A250FB84",
  "runtimes\\linux-arm64\\native\\libe_sqlite3.so": "A888898B38395A15F2DE200BAA8B486F",
  "runtimes\\linux-armel\\native\\libe_sqlite3.so": "54F3F4183B81387F7928ED0BB9B67B32",
  "runtimes\\linux-mips64\\native\\libe_sqlite3.so": "D56886A2E2F081CDEA1621BB18132764",
  "runtimes\\linux-musl-arm\\native\\libe_sqlite3.so": "87AF85204A246154501382901F3F6812",
  "runtimes\\linux-musl-arm64\\native\\libe_sqlite3.so": "CD4B9AAB53400EFE96ABC32B339A866A",
  "runtimes\\linux-musl-x64\\native\\libe_sqlite3.so": "6C9D6E34F1E932668237404D6EB6FC66",
  "runtimes\\linux-s390x\\native\\libe_sqlite3.so": "CB751CC76F280849C0E2F718D6784E69",
  "runtimes\\linux-x64\\native\\libe_sqlite3.so": "30098E7FAEB947BF5A5AE2FDB34E4461",
  "runtimes\\linux-x86\\native\\libe_sqlite3.so": "68872BD5071077981504636C2353EAA8",
  "runtimes\\maccatalyst-arm64\\native\\libe_sqlite3.dylib": "B2597C8799A6D21E5B98DB28C9C725FD",
  "runtimes\\maccatalyst-x64\\native\\libe_sqlite3.dylib": "19DCF2A64A7B5D1B8C7705AC809653A5",
  "runtimes\\osx-arm64\\native\\libe_sqlite3.dylib": "FB6D0058E0E849FA8715911B49790350",
  "runtimes\\osx-x64\\native\\libe_sqlite3.dylib": "DE5735102E730C1518C029DB3A0040A9",
  "runtimes\\win-arm\\native\\e_sqlite3.dll": "357F9ED67D580ECF342E3CEBB93E95BA",
  "runtimes\\win-arm64\\native\\e_sqlite3.dll": "CCF268C39DDC774C43510D3AED7707B5",
  "runtimes\\win-x64\\native\\e_sqlite3.dll": "6004B1049483BCA6502B537826691410",
  "runtimes\\win-x64\\native\\minhook.x64d.dll": "590C4640480201261FEB9E2003546B96",
  "runtimes\\win-x86\\native\\e_sqlite3.dll": "3920CDDED48FA20E8C7EC20C360F6B4D",
  "BCnEncoder.dll": "ADBBF05D4E2DF9DFB84B936466C4C74F",
  "BitFaster.Caching.dll": "282E4E3DE78B5F1ED186BD552F69E103",
  "CheapLoc.dll": "C1BBE72D7F2755A99249C1B8BC640862",
  "cimgui.dll": "82B44CEA81B7E74E32BF8453816B059F",
  "cimguizmo.dll": "0719969769D9C1D57471291892AB9ED3",
  "cimplot.dll": "1FE4F9DBF20C8EBDC90F70BFEC8BF96A",
  "commit_hash.txt": "3B18B2D44D641A4D8430076384199F72",
  "CommunityToolkit.HighPerformance.dll": "66B64EC334625F2C5D341A45E28EEB43",
  "Dalamud.Bindings.ImGui.dll": "B99C10A4E1D0E9B64BEABA7CE85702FF",
  "Dalamud.Bindings.ImGuizmo.dll": "624A07732DCB5FD0DCFB24F7F1292287",
  "Dalamud.Bindings.ImPlot.dll": "9D69C3C1ABFA76E48E3CD2D8656A77EB",
  "Dalamud.Boot.dll": "9EB9BB01E8C4A658F249F66C417510A1",
  "Dalamud.Common.dll": "AE7CAA67C3981917C40F81F2C66E5724",
  "Dalamud.deps.json": "B03CB42E8C80B0B7BACE445AE2C1B693",
  "Dalamud.dll": "9AC3C58E075F3DD6C5AB9DFACCB7219D",
  "Dalamud.Injector.deps.json": "28C3C412E18C8E21BCEC052CCAF9CE11",
  "Dalamud.Injector.dll": "41A8E5B32E10997DE3A7B4134A9BE675",
  "Dalamud.Injector.exe": "B72F92888FB6F3E5A5D781F8376761C2",
  "Dalamud.Injector.runtimeconfig.json": "481C4D4F6151485203242D25F632FCC5",
  "Dalamud.Injector.xml": "573870DEB8A9854EC20203EDE9D78425",
  "Dalamud.runtimeconfig.json": "9DB7F0D7C94CA1AA6CA3ACFA6F93A1D8",
  "Dalamud.xml": "A961AFBF3D7336042362A086B1085A21",
  "DalamudCrashHandler.exe": "8634631960A59F2B1A3607AD005BE6CC",
  "FASM-LICENSE.TXT": "ECEA1D10811221D5F0A3E96F9C38E2C7",
  "FASM.DLL": "761ECEED3F5EC93323361522D9182406",
  "FASMX64.DLL": "3FF4111F8C4725826BCACBB1678F89EC",
  "FFXIVClientStructs.dll": "7B03DF152DD1AC247B92CD272C549497",
  "FFXIVClientStructs.xml": "45F028C303EA20300C79C8EB6B686F8F",
  "goatcorp.Reloaded.Assembler.dll": "C65E3628334A3174C53897B8297D56DC",
  "goatcorp.Reloaded.Assembler.targets": "CC22CB0A353E2136EE9E6E96DB9F7164",
  "goatcorp.Reloaded.Hooks.dll": "FBDDB139D69D4C907FE4D40C70E362FE",
  "goatcorp.Reloaded.Memory.Buffers.dll": "38C6357E89277B0720411674194E86D6",
  "HexaGen.Runtime.dll": "028FC6CEEA45C3FDBF707133CC4A127A",
  "Iced.dll": "5D5ADDAA9677B826BC85F11DD50C98C4",
  "ImGuiScene.dll": "47A351441A547873ECECF1FEE077ED9A",
  "InteropGenerator.Runtime.dll": "D13499002ACC2B55B51A4AA9BEECEB48",
  "JetBrains.Annotations.dll": "D334483DFBCF8BE6062277E1FB3B94F3",
  "licenses.txt": "A159BE62AA91178EFC3E3983AE874D1D",
  "Lumina.dll": "B291239D249F36AEA2CDA7A259AD444D",
  "Lumina.Excel.dll": "6EE2995834ED7A7D0D93DB507E4F176D",
  "Lumina.Excel.xml": "AEE3C28A2AE7FBEC7B9B5685FA0F569D",
  "Microsoft.Extensions.ObjectPool.dll": "CB2B8426DF93B062B631BC85B3369BED",
  "MinSharp.dll": "EFC713B680F38D0C8D682A28BAAC323D",
  "Mono.Cecil.dll": "91A12F8AB73996F08CA172DAE482C89C",
  "Mono.Cecil.Mdb.dll": "2AE2EAF6AC30413FAB18767EDB3FB86E",
  "Mono.Cecil.Pdb.dll": "2F3EAFAA793C63B9B4767F6EAFBFD8E2",
  "Mono.Cecil.Rocks.dll": "5427EF551E02AB573B42177842A171D2",
  "nethost.dll": "21F39F71E2F4B5BA9FB3F126872F2F9B",
  "Newtonsoft.Json.dll": "C252FE44B67A08E6DAB4EADE3764DB49",
  "PeNet.Asn1.dll": "31CC0BD6205EE5BCF2CA09BAACAC0F53",
  "PeNet.dll": "DC5C11C20DA899BB217898095B178259",
  "Reloaded.Hooks.Definitions.dll": "31AC238C5C41FAAA9C100189C49F63E8",
  "Reloaded.Memory.Buffers.dll": "CCC2D9F44A328E4EBE600AB7C578EB35",
  "Reloaded.Memory.dll": "2FE025A003D946E060407EB0B2465CAE",
  "revision.txt": "82356B37A12462391ABF004C8362D389",
  "Serilog.dll": "F7CC2DDE549103C00D11CE1EBEA4AD6C",
  "Serilog.Sinks.Async.dll": "6EA2B1BF53FA3E84FF88E7577A864DB0",
  "Serilog.Sinks.Console.dll": "336AFC205CC7926767E791B3C2CA3CF9",
  "Serilog.Sinks.File.dll": "705BC8E63E977DC1DB28E25CD6444326",
  "SQLite-net.dll": "D5688C737D2139952BAA404E432A4765",
  "SQLitePCLRaw.batteries_v2.dll": "1848C53E0761D1465F4C7066CCE1A3B2",
  "SQLitePCLRaw.core.dll": "8751ECD1F2BBBC3A5EC429242C718F8A",
  "SQLitePCLRaw.provider.e_sqlite3.dll": "8F0B9317C2044C6AC03DA4CD6F771C20",
  "System.Reactive.dll": "C6016588304D55406E3D1C2FA7D42903",
  "System.Reflection.MetadataLoadContext.dll": "284C720DEE2524BCF10DD1B5648AA303",
  "System.Security.Cryptography.Pkcs.dll": "17945B2BF07D9377E36AD3EBE69FF693",
  "TEMP_gitver.txt": "379216759148014FCD1781B930D9B52F",
  "TerraFX.Interop.Windows.dll": "C75D06E77DE5A095D45676A81CDE0DC9"
}
