{
  "runtimes\\alpine-x64\\native\\libe_sqlite3.so": "39C244FEDBCD3DFC37041D4FCE1AE21D",
  "runtimes\\linux-arm\\native\\libe_sqlite3.so": "96CF54BC0EFB83D6E3F5F3E04997A59D",
  "runtimes\\linux-arm64\\native\\libe_sqlite3.so": "F079E55E7F3F9966A4A2052A3234E068",
  "runtimes\\linux-armel\\native\\libe_sqlite3.so": "C5A67D49434FC65D64E9C15778078C76",
  "runtimes\\linux-mips64\\native\\libe_sqlite3.so": "5F8461214089CFC677D46C19B7162161",
  "runtimes\\linux-musl-x64\\native\\libe_sqlite3.so": "39C244FEDBCD3DFC37041D4FCE1AE21D",
  "runtimes\\linux-x64\\native\\libe_sqlite3.so": "6F49C540D3AB9964D67A4A704C3D262D",
  "runtimes\\linux-x64\\native\\libglfw.so.3": "9E3137144F68B9E9793F4C7AD5B1BEA7",
  "runtimes\\linux-x64\\native\\libSDL2-2.0.so": "99B95A708381FC66AB2370E45A260527",
  "runtimes\\linux-x64\\native\\libstbi.so": "0945355ED59677D06E3E88F48101BB26",
  "runtimes\\linux-x86\\native\\libe_sqlite3.so": "5E0659B414CBD6DDC38C65582485853E",
  "runtimes\\osx-x64\\native\\libe_sqlite3.dylib": "F82AE134FCD1C080A69D775591406673",
  "runtimes\\osx-x64\\native\\libglfw.3.dylib": "1E30FAB2F0C40E82290AD4B0BF14A880",
  "runtimes\\osx-x64\\native\\libSDL2-2.0.dylib": "AAC958490586C67395F0A90903AE3747",
  "runtimes\\osx-x64\\native\\libstbi.dylib": "0B84B0A6A80178266018081C3CAB68E6",
  "runtimes\\win-arm\\native\\e_sqlite3.dll": "49D93EB2BF695589D5C1D1EE1C068352",
  "runtimes\\win-arm64\\native\\e_sqlite3.dll": "4B1FFF8D7569CFD29406339FE416717E",
  "runtimes\\win-x64\\native\\cimgui.dll": "903F055A0946604811227FD9060DE239",
  "runtimes\\win-x64\\native\\cimguizmo.dll": "8A58AE9414310003379FB46C4293254F",
  "runtimes\\win-x64\\native\\cimplot.dll": "581A36DBBB09CC14F798E336264B0F8C",
  "runtimes\\win-x64\\native\\e_sqlite3.dll": "8752AE47FC493E64A3BB7827941962EB",
  "runtimes\\win-x64\\native\\glfw3.dll": "1DCA0A6F3490A8C207E1E9BC2510FF79",
  "runtimes\\win-x64\\native\\minhook.x64d.dll": "C9CAF2C4E5CC8542646E7F609495D577",
  "runtimes\\win-x64\\native\\SDL2.dll": "0941A5F8582FCF454CC9D78CAB4CD8A5",
  "runtimes\\win-x64\\native\\stbi.dll": "70B79AD867604F332164F7A19EC60018",
  "runtimes\\win-x64\\native\\stbi.lib": "927C214DE576219E1F80DBE7798A0502",
  "runtimes\\win-x86\\native\\e_sqlite3.dll": "0D1346808D696190F0912A3AAE14A39C",
  "runtimes\\win-x86\\native\\glfw3.dll": "5CD7B2420B28A96FBE67F4AFCA7D5AE1",
  "runtimes\\win-x86\\native\\SDL2.dll": "ECB4E2303844F6DC456F002B53FBF3C7",
  "targets\\Dalamud.Plugin.Bootstrap.targets": "C85635161398CD9852CF7212DB7EB904",
  "targets\\Dalamud.Plugin.targets": "69D15EDFB3D4F0BEE3A099216E4DE057",
  "BitFaster.Caching.dll": "DDD857BC98E0056E2E6508BEEA3577EC",
  "CheapLoc.dll": "F809704DC11CF651DEAF52C38FB204AC",
  "commit_hash.txt": "1917FBC76F63DC7E7F959375B3A9FEB8",
  "Costura.dll": "B6AD59938B6AA1C0CC1151167DBD36F7",
  "Dalamud.Boot.dll": "DE6E8BBA6D3FB616C74AD2ED25B47D0F",
  "Dalamud.Common.dll": "1097AC267084A2DAC2932C5EA1E95639",
  "Dalamud.deps.json": "946C56EE79CF7B377DC9A3C921DA84BC",
  "Dalamud.dll": "3830FE59AEC92753A9A53888405A9AFD",
  "Dalamud.Injector.deps.json": "E30B9BD40106FFC14A5274A670979EDF",
  "Dalamud.Injector.dll": "81B971C07C01042512953626DA2CBF19",
  "Dalamud.Injector.exe": "0B3B9E4728CC67216740ECF28C015F13",
  "Dalamud.Injector.runtimeconfig.json": "B9BB65FFE7924D4D8BABE9FA66303200",
  "Dalamud.Injector.xml": "D41E5DF541D19A015215E777D7395C9C",
  "Dalamud.runtimeconfig.json": "2A9CD915428BDD175E0889BD0C225F75",
  "Dalamud.xml": "CC52AA1ABAD0DE2BF1C4E57AD9F1EE01",
  "DalamudCrashHandler.exe": "426526829F8E6973D07AEBF11FAC82DB",
  "FASM-LICENSE.TXT": "ECEA1D10811221D5F0A3E96F9C38E2C7",
  "FASM.DLL": "45867DB4268E93C268B6CF97A4409CC4",
  "FASMX64.DLL": "F2EBA093E547EA0A861EBDE036484B62",
  "FFXIVClientStructs.dll": "08832B1221273619D0CADF96ED8315AD",
  "FFXIVClientStructs.xml": "713689767F45D705BC91A09E21C9FF09",
  "goaaats.Reloaded.Assembler.targets": "CC22CB0A353E2136EE9E6E96DB9F7164",
  "Iced.dll": "57455F5B421C9FC3D31A3422FE95CFF4",
  "ImGui.NET.dll": "7146DEE1F9DA2DC42ACE7A53C84935ED",
  "ImGuiScene.dll": "B59628DBA57F9B56E144EEEF43FBD2D4",
  "InteropGenerator.Runtime.dll": "114E9798C551A96F79C9A7ED5FF2ED66",
  "JetBrains.Annotations.dll": "FAE82499E74D96ADEE08A6111C417ADF",
  "licenses.txt": "A159BE62AA91178EFC3E3983AE874D1D",
  "Lumina.dll": "F6238EA9CAFDAE5278D390CF8195E2E5",
  "Lumina.Excel.dll": "137C35127180569711E06B4EB0CEE341",
  "Microsoft.Bcl.HashCode.dll": "613AB56061ADF2284E047025207467E0",
  "Microsoft.DotNet.PlatformAbstractions.dll": "00AB0F02B1114C57C758F5AD595224F1",
  "Microsoft.Extensions.DependencyModel.dll": "F39BC76C10CFEA478C936FC4521A9FC9",
  "Microsoft.Extensions.ObjectPool.dll": "FEE3CE8A84417360CC5ED787ED6F7DB1",
  "MinSharp.dll": "28EF4FE3AD10335D872CC1EB4203ECD6",
  "Mono.Cecil.dll": "2088975534B4C336C40B7B8CA9532D91",
  "Mono.Cecil.Mdb.dll": "C174D4240E96374E533079FD3C3ED167",
  "Mono.Cecil.Pdb.dll": "EF16C18EB0BEE2F4A7C797EA52DEBE51",
  "Mono.Cecil.Rocks.dll": "7CEFF6570735B4A9BCFB95179F35C099",
  "nethost.dll": "21F39F71E2F4B5BA9FB3F126872F2F9B",
  "Newtonsoft.Json.dll": "ADF3E3EECDE20B7C9661E9C47106A14A",
  "PeNet.Asn1.dll": "1398C2E1B672B6A420CB4E34157C77A0",
  "PeNet.dll": "5B0D69C96DAA1C021042B03871F049C3",
  "PInvoke.AdvApi32.dll": "34EE461D05B403C3A15D0DEC32A3788C",
  "PInvoke.BCrypt.dll": "FD07758EE1440491F22923084109FF26",
  "PInvoke.Cabinet.dll": "333D950E3804735DA60CC41D614C63E2",
  "PInvoke.CfgMgr32.dll": "768BE7CC18EDCF78B296A72ABE891691",
  "PInvoke.Crypt32.dll": "E7B00B0851738F4A7F2C6D37DAA973B4",
  "PInvoke.DbgHelp.dll": "E701136169620D20E3A70B560DE20E44",
  "PInvoke.DwmApi.dll": "ACF223CC8962404056648815B486F7D9",
  "PInvoke.Gdi32.dll": "69FF434826F98582CE44D3136ECFFACB",
  "PInvoke.Hid.dll": "2E7A41257F8AD9B26073181F450CD8E5",
  "PInvoke.ImageHlp.dll": "79BE816E8D86EA66489D7780DD675D49",
  "PInvoke.IPHlpApi.dll": "E949FA3326D1BA8872B179AB4EE49D38",
  "PInvoke.Kernel32.dll": "234E15B122ED430DE99490CA1A204958",
  "PInvoke.Magnification.dll": "C9EA3D34F506741ECC044DB19C151F09",
  "PInvoke.Msi.dll": "69EE50CE2DA6B55755E52589F49A7EBC",
  "PInvoke.NCrypt.dll": "DA1DE76C14D99370CA3BEF19DC299B15",
  "PInvoke.NetApi32.dll": "AE79F9FA2E3864A5E0642AE4622ECDC5",
  "PInvoke.NewDev.dll": "B3E1992105D986EF9C5C8E4B630FBB07",
  "PInvoke.NTDll.dll": "3F6BDF840EB27DD0FD9EB8071822183A",
  "PInvoke.Ole32.dll": "3C49FB100B60519FFE725BCD12A538F6",
  "PInvoke.Psapi.dll": "A7683EE4B880227F01C8AE632A892B9E",
  "PInvoke.SetupApi.dll": "1B7AE321185D0081D1759A9AD829F9BA",
  "PInvoke.SHCore.dll": "F27E7F063D51480F6D2294C903E4A606",
  "PInvoke.Shell32.dll": "F71A1BCAF6478190691170DAEA77722F",
  "PInvoke.User32.dll": "8BEDE38311ED4F27127290B81B8079FD",
  "PInvoke.Userenv.dll": "FEB7BCA90B8C905EC2F4BB0789847131",
  "PInvoke.UxTheme.dll": "8E683C016250CB719FDB9AAAFC22B3C5",
  "PInvoke.Windows.Core.dll": "90015440A44935208FFEA9BF61740651",
  "PInvoke.Windows.ShellScalingApi.dll": "F351B34B8C9183A51CADFDC279357C49",
  "PInvoke.WinUsb.dll": "9EB8A0280F2848D1A32B560A939F7336",
  "PInvoke.WtsApi32.dll": "341C94455D2E5893DBE4293D4D67AA4D",
  "Reloaded.Assembler.dll": "998B0EBB984D154C37294CEEC9681876",
  "Reloaded.Hooks.Definitions.dll": "9FBE38817DFBBA215E39D5DFFC965AE8",
  "Reloaded.Hooks.dll": "2927F65BA533BCAC2D923740E87074ED",
  "Reloaded.Memory.Buffers.dll": "CF879C2B0CE0297DF0C64C46906F70CE",
  "Reloaded.Memory.dll": "7BA6D01FD8D85BE6E125A8590F57625A",
  "revision.txt": "D72A7ED33514158AE5E68ED6D80177B9",
  "SDL2-CS.config": "65557595FD5DF55D93B2BF881DE62C3A",
  "SDL2-CS.dll": "8FEC9DFD8F76DE83F5207B499FE6C33C",
  "Serilog.dll": "93EE00F67805218D1E9FC04674C70F36",
  "Serilog.Sinks.Async.dll": "5A8E62CB6D2C60A9599ACFEE2522ACAA",
  "Serilog.Sinks.Console.dll": "8847C2440CB0791E0727D606598268F7",
  "Serilog.Sinks.File.dll": "94BB844F1807184D02B9A275F1C3EFEE",
  "SharpDX.Direct3D11.dll": "AA7115C9BB33CD9FAF8B76A56B0C2D25",
  "SharpDX.dll": "0D0CCFA3CF4DD46492C2AF47A30E2072",
  "SharpDX.DXGI.dll": "6D458A2E95213545E34499D19D06B791",
  "SharpDX.Mathematics.dll": "BF0A1870E5A7654D96CA58CEFA041FB3",
  "Silk.NET.Core.dll": "EBE5A76A99F8A8B48A86DEE81B247D13",
  "Silk.NET.GLFW.dll": "73F836387CBEE75C4F85F37C55D66AEC",
  "Silk.NET.Maths.dll": "1E3C403E97C33D36EBDFCB0802E28D69",
  "Silk.NET.OpenGL.dll": "A6106B469BDC50682F55545D2597DB65",
  "Silk.NET.SDL.dll": "0B9D9AB1068487CBF5F4DB5BCEDBCCF2",
  "Silk.NET.Windowing.Common.dll": "AC527ED7759259126684683542DB6978",
  "Silk.NET.Windowing.Glfw.dll": "E013B0DEB9FD95C765B012A465B9F81B",
  "Silk.NET.Windowing.Sdl.dll": "06C261C9E3A804A3A7DEA6BA06DB1423",
  "SQLite-net.dll": "C98EAB40771A830FD81F0EA0C4A72624",
  "SQLitePCLRaw.batteries_v2.dll": "90598E98D89C5038B4A1710B12367A99",
  "SQLitePCLRaw.core.dll": "7329B2B1FFB985F9E71CD85A09710368",
  "SQLitePCLRaw.nativelibrary.dll": "3E638E3C6DF17AE6EB8027DB1BE8E8A1",
  "SQLitePCLRaw.provider.dynamic_cdecl.dll": "D28FD4D20888CA08AF5E467FFFBE1EB2",
  "StbiSharp.dll": "A044FDAE19CD872796370B275E1B7F72",
  "System.Reactive.dll": "EF5A00287AD15393D41B12AA4B726FF7",
  "System.Reflection.MetadataLoadContext.dll": "E88E3AF6D37736F339022C9ACC5F2F7B",
  "System.Security.Cryptography.Pkcs.dll": "8950E01996A37E808BE3F39063C37BF9",
  "TEMP_gitver.txt": "5FF2515EB893830C59B3135DD8E02513",
  "TerraFX.Interop.Windows.dll": "84F7EF6B0DE91F8CC23F773D3FD6DEC0",
  "Validation.dll": "2E5C5BC21271D0488B8008E40F10BD88"
}
