{
  "runtimes\\alpine-x64\\native\\libe_sqlite3.so": "39C244FEDBCD3DFC37041D4FCE1AE21D",
  "runtimes\\linux-arm\\native\\libe_sqlite3.so": "96CF54BC0EFB83D6E3F5F3E04997A59D",
  "runtimes\\linux-arm64\\native\\libe_sqlite3.so": "F079E55E7F3F9966A4A2052A3234E068",
  "runtimes\\linux-armel\\native\\libe_sqlite3.so": "C5A67D49434FC65D64E9C15778078C76",
  "runtimes\\linux-mips64\\native\\libe_sqlite3.so": "5F8461214089CFC677D46C19B7162161",
  "runtimes\\linux-musl-x64\\native\\libe_sqlite3.so": "39C244FEDBCD3DFC37041D4FCE1AE21D",
  "runtimes\\linux-x64\\native\\libe_sqlite3.so": "6F49C540D3AB9964D67A4A704C3D262D",
  "runtimes\\linux-x64\\native\\libglfw.so.3": "9E3137144F68B9E9793F4C7AD5B1BEA7",
  "runtimes\\linux-x64\\native\\libSDL2-2.0.so": "99B95A708381FC66AB2370E45A260527",
  "runtimes\\linux-x64\\native\\libstbi.so": "0945355ED59677D06E3E88F48101BB26",
  "runtimes\\linux-x86\\native\\libe_sqlite3.so": "5E0659B414CBD6DDC38C65582485853E",
  "runtimes\\osx-x64\\native\\libe_sqlite3.dylib": "F82AE134FCD1C080A69D775591406673",
  "runtimes\\osx-x64\\native\\libglfw.3.dylib": "1E30FAB2F0C40E82290AD4B0BF14A880",
  "runtimes\\osx-x64\\native\\libSDL2-2.0.dylib": "AAC958490586C67395F0A90903AE3747",
  "runtimes\\osx-x64\\native\\libstbi.dylib": "0B84B0A6A80178266018081C3CAB68E6",
  "runtimes\\win-arm\\native\\e_sqlite3.dll": "90B9A471D28DDF1586F74F35E6C8D5AD",
  "runtimes\\win-arm64\\native\\e_sqlite3.dll": "CFDF187E9293BB656DE1A4845CAFBF77",
  "runtimes\\win-x64\\native\\cimgui.dll": "FFA481FAF39C28218D7CD6EAFA00D56E",
  "runtimes\\win-x64\\native\\cimguizmo.dll": "C04EB8EDD5A1ADBA054FB4713A2F361F",
  "runtimes\\win-x64\\native\\cimplot.dll": "70F50B1B61FEB5E2B4938C4F1AFFBC0C",
  "runtimes\\win-x64\\native\\e_sqlite3.dll": "628DBD21A0C6B5DDB098DB8B3E4B83FC",
  "runtimes\\win-x64\\native\\glfw3.dll": "469A83BF346EE6E3D2804F7031AB7401",
  "runtimes\\win-x64\\native\\minhook.x64d.dll": "BFAA9F7298D16A6E9283086C2C3A286C",
  "runtimes\\win-x64\\native\\SDL2.dll": "9F5A2CFDBCDA0A67F35E99235CAC6403",
  "runtimes\\win-x64\\native\\stbi.dll": "3BD0A7C498BE00AC7749E50193196CFD",
  "runtimes\\win-x64\\native\\stbi.lib": "927C214DE576219E1F80DBE7798A0502",
  "runtimes\\win-x86\\native\\e_sqlite3.dll": "4908D0E85F14CAD58DFAA09C191B7085",
  "runtimes\\win-x86\\native\\glfw3.dll": "3B0D1341C282F4819C722CAC19B462B6",
  "runtimes\\win-x86\\native\\SDL2.dll": "358274D9F27BDFD53A7EC04DE7495C00",
  "targets\\Dalamud.Plugin.Bootstrap.targets": "C85635161398CD9852CF7212DB7EB904",
  "targets\\Dalamud.Plugin.targets": "D3DE10F1F04F22619FDD1005FD3DCFEF",
  "CheapLoc.dll": "D8E43D857DCB53F4157042A7AEF030FE",
  "Costura.dll": "C88F9F0FE3B6C478D80AD118FBA7BDB9",
  "Dalamud.Boot.dll": "D52ECB0A4ABF56D67BE6327358935C88",
  "Dalamud.Common.dll": "3F11FD9C90479C6D495338D2C91FD326",
  "Dalamud.deps.json": "3D506ACEB4FEAE6A8AC47C8C913F3AA5",
  "Dalamud.dll": "56F72C5F9A3FA3944BA5095C9799E090",
  "Dalamud.Injector.deps.json": "4E53ABE9A5D3E4592DA63EBF98DAAD86",
  "Dalamud.Injector.dll": "DCFEFD275573046326335D7D9F62A7CF",
  "Dalamud.Injector.exe": "0D0335F3A690956E5C468B158E9A77F6",
  "Dalamud.Injector.runtimeconfig.json": "AAAFA957BB3B382321D67ACC2D792553",
  "Dalamud.Injector.xml": "6CFC451561E67CE7788814C5B327D7EC",
  "Dalamud.runtimeconfig.json": "454E2BA21742B08CF0A9827950A92B0F",
  "Dalamud.xml": "3F8C30D7C1ACD6526BDA827F6A8EF712",
  "DalamudCrashHandler.exe": "7C698B60615B8DD5A0F94BBCB05B84E5",
  "FASM-LICENSE.TXT": "ECEA1D10811221D5F0A3E96F9C38E2C7",
  "FASM.DLL": "ED80C3AD1D127819A651486F174654CB",
  "FASMX64.DLL": "EFE5B6E0661C8868564C9DE72F80945D",
  "FFXIVClientStructs.dll": "D0802D331BF7BB314CA2B7271149B832",
  "FFXIVClientStructs.xml": "F047797A2BD71D6B107E93D79A4F8543",
  "goaaats.Reloaded.Assembler.targets": "CC22CB0A353E2136EE9E6E96DB9F7164",
  "Iced.dll": "F3A3B90E9CDDB947AC6E1EE2945EEAE8",
  "ImGui.NET.dll": "2A225C3D2DFEFDFDEEB0BF42D0FEFF41",
  "ImGuiScene.dll": "01ED936351ADA7421CE5234BA8529BBC",
  "JetBrains.Annotations.dll": "CDCA2EA2E2690B60A773EF09B674A0C7",
  "licenses.txt": "A159BE62AA91178EFC3E3983AE874D1D",
  "Lumina.dll": "B003F7BF34319300B5DF47BC112E997F",
  "Lumina.Excel.dll": "EEF6E4B6415BB6BF2B1BC8E535D071A1",
  "Microsoft.Bcl.HashCode.dll": "613AB56061ADF2284E047025207467E0",
  "Microsoft.DotNet.PlatformAbstractions.dll": "00AB0F02B1114C57C758F5AD595224F1",
  "Microsoft.Extensions.DependencyModel.dll": "F39BC76C10CFEA478C936FC4521A9FC9",
  "MinSharp.dll": "0A8E4C40CE483169151F44436618A4D0",
  "Mono.Cecil.dll": "23DADC2AA9A9E4BAEA937C75FCF05F9B",
  "Mono.Cecil.Mdb.dll": "35E8D1F494B826619EB33F378D6320B7",
  "Mono.Cecil.Pdb.dll": "4345B0C0632F26A4C94C1624D88B02C6",
  "Mono.Cecil.Rocks.dll": "F19C02440CF50AF167050D9A7D7C21FB",
  "MonoMod.Backports.dll": "00561F87D47FF966CE24F130D2A404AA",
  "MonoMod.Core.dll": "F950B27C1154B563C807A45E84A1D9E7",
  "MonoMod.Iced.dll": "289915AD7D3C07DC8C573AA3D86AA860",
  "MonoMod.ILHelpers.dll": "633EADB35833B789FC3F74B2E9339797",
  "MonoMod.RuntimeDetour.dll": "A386BFEA030D19A4DFDEF7C58EB8B1C7",
  "MonoMod.Utils.dll": "0865DB15326D39FC71356AFBE8EC78FD",
  "nethost.dll": "012081214FE71F0F6ADCD9F4A71B2B00",
  "Newtonsoft.Json.dll": "86A83A63F12B55FD3718CFBFB577D7DC",
  "PeNet.Asn1.dll": "74637E9679BA3084D0A4446862C7FD43",
  "PeNet.dll": "CA4CE3A0608998E045BBE10BFE7C6C73",
  "PInvoke.AdvApi32.dll": "34EE461D05B403C3A15D0DEC32A3788C",
  "PInvoke.BCrypt.dll": "FD07758EE1440491F22923084109FF26",
  "PInvoke.Cabinet.dll": "333D950E3804735DA60CC41D614C63E2",
  "PInvoke.CfgMgr32.dll": "768BE7CC18EDCF78B296A72ABE891691",
  "PInvoke.Crypt32.dll": "E7B00B0851738F4A7F2C6D37DAA973B4",
  "PInvoke.DbgHelp.dll": "E701136169620D20E3A70B560DE20E44",
  "PInvoke.DwmApi.dll": "ACF223CC8962404056648815B486F7D9",
  "PInvoke.Gdi32.dll": "69FF434826F98582CE44D3136ECFFACB",
  "PInvoke.Hid.dll": "2E7A41257F8AD9B26073181F450CD8E5",
  "PInvoke.ImageHlp.dll": "79BE816E8D86EA66489D7780DD675D49",
  "PInvoke.IPHlpApi.dll": "E949FA3326D1BA8872B179AB4EE49D38",
  "PInvoke.Kernel32.dll": "234E15B122ED430DE99490CA1A204958",
  "PInvoke.Magnification.dll": "C9EA3D34F506741ECC044DB19C151F09",
  "PInvoke.Msi.dll": "69EE50CE2DA6B55755E52589F49A7EBC",
  "PInvoke.NCrypt.dll": "DA1DE76C14D99370CA3BEF19DC299B15",
  "PInvoke.NetApi32.dll": "AE79F9FA2E3864A5E0642AE4622ECDC5",
  "PInvoke.NewDev.dll": "B3E1992105D986EF9C5C8E4B630FBB07",
  "PInvoke.NTDll.dll": "3F6BDF840EB27DD0FD9EB8071822183A",
  "PInvoke.Ole32.dll": "3C49FB100B60519FFE725BCD12A538F6",
  "PInvoke.Psapi.dll": "A7683EE4B880227F01C8AE632A892B9E",
  "PInvoke.SetupApi.dll": "1B7AE321185D0081D1759A9AD829F9BA",
  "PInvoke.SHCore.dll": "F27E7F063D51480F6D2294C903E4A606",
  "PInvoke.Shell32.dll": "F71A1BCAF6478190691170DAEA77722F",
  "PInvoke.User32.dll": "8BEDE38311ED4F27127290B81B8079FD",
  "PInvoke.Userenv.dll": "FEB7BCA90B8C905EC2F4BB0789847131",
  "PInvoke.UxTheme.dll": "8E683C016250CB719FDB9AAAFC22B3C5",
  "PInvoke.Windows.Core.dll": "90015440A44935208FFEA9BF61740651",
  "PInvoke.Windows.ShellScalingApi.dll": "F351B34B8C9183A51CADFDC279357C49",
  "PInvoke.WinUsb.dll": "9EB8A0280F2848D1A32B560A939F7336",
  "PInvoke.WtsApi32.dll": "341C94455D2E5893DBE4293D4D67AA4D",
  "Reloaded.Assembler.dll": "15CF58C3EFBB3DFDFBA8268892772728",
  "Reloaded.Hooks.Definitions.dll": "DAF71F3797A746EBB166BC18980DE16A",
  "Reloaded.Hooks.dll": "C654171F185324C9F001A11086317FC6",
  "Reloaded.Memory.Buffers.dll": "70B66E147991433A0046486659853A64",
  "Reloaded.Memory.dll": "7C94584E9895DC6EEA03C187050D3862",
  "revision.txt": "C96C08F8BB7960E11A1239352A479053",
  "SDL2-CS.config": "65557595FD5DF55D93B2BF881DE62C3A",
  "SDL2-CS.dll": "9214190243441E46D6C764C774E32C99",
  "Serilog.dll": "8C2195ED34D87AE7B603E849ED2083BF",
  "Serilog.Sinks.Async.dll": "A159485402EDE497A567FB04E0AAA25E",
  "Serilog.Sinks.Console.dll": "A19DC1090107A9EF96B29B413456615B",
  "Serilog.Sinks.File.dll": "A9B7B9FA849843C3F3658D99B5545C86",
  "SharpDX.Direct3D11.dll": "ECA70D4AE39EEEFD1199DA1E07F0C916",
  "SharpDX.dll": "BCB7A5349615312C38F8E325846CD4BB",
  "SharpDX.DXGI.dll": "B66EC993709520D10722D7832FC658BE",
  "SharpDX.Mathematics.dll": "6BAD049F106E4D1E4D7797D810708F0E",
  "Silk.NET.Core.dll": "56257907899EA7714C06130A6813AAB0",
  "Silk.NET.GLFW.dll": "B96DCE3A518DA9D1EA14010B561284FD",
  "Silk.NET.Maths.dll": "A28898291E1BB639EFE3BEDB52F27A2D",
  "Silk.NET.OpenGL.dll": "2B9D2C998EE0C92199EBC76424433342",
  "Silk.NET.SDL.dll": "008528963543727D2C0C922CC94B7AFF",
  "Silk.NET.Windowing.Common.dll": "1513CF58B2FB2728B2EC3DDD9303BB0C",
  "Silk.NET.Windowing.Glfw.dll": "77881A7DB447320CCA204C69920AB691",
  "Silk.NET.Windowing.Sdl.dll": "EA71206C5D3D273F6B3413F7CB3EA324",
  "SQLite-net.dll": "7D85E20097DECFB3F3FFC9732D8C64DB",
  "SQLitePCLRaw.batteries_v2.dll": "5EF86A9647608B1F079940F0EDAA8DF5",
  "SQLitePCLRaw.core.dll": "C14BD89F2199DF7E9BAE54083D239456",
  "SQLitePCLRaw.nativelibrary.dll": "AB14AB245E8077023568169C07380903",
  "SQLitePCLRaw.provider.dynamic_cdecl.dll": "F31AD1136B6C759D26D6B8792807AADB",
  "StbiSharp.dll": "C7095BCDEF27739D00A8FB17A7F63777",
  "System.Reactive.dll": "EF5A00287AD15393D41B12AA4B726FF7",
  "System.Reflection.MetadataLoadContext.dll": "7EC41D41F4E1246757BA3E2EC862D562",
  "System.Security.Cryptography.Pkcs.dll": "8950E01996A37E808BE3F39063C37BF9",
  "TEMP_gitver.txt": "39282261A43B68EF02E2921A9925E3D3",
  "Validation.dll": "CEC336E12A2FBD49F4FD7160B76473FF"
}
