{
  "runtimes\\alpine-x64\\native\\libe_sqlite3.so": "39C244FEDBCD3DFC37041D4FCE1AE21D",
  "runtimes\\linux-arm\\native\\libe_sqlite3.so": "96CF54BC0EFB83D6E3F5F3E04997A59D",
  "runtimes\\linux-arm64\\native\\libe_sqlite3.so": "F079E55E7F3F9966A4A2052A3234E068",
  "runtimes\\linux-armel\\native\\libe_sqlite3.so": "C5A67D49434FC65D64E9C15778078C76",
  "runtimes\\linux-mips64\\native\\libe_sqlite3.so": "5F8461214089CFC677D46C19B7162161",
  "runtimes\\linux-musl-x64\\native\\libe_sqlite3.so": "39C244FEDBCD3DFC37041D4FCE1AE21D",
  "runtimes\\linux-x64\\native\\libe_sqlite3.so": "6F49C540D3AB9964D67A4A704C3D262D",
  "runtimes\\linux-x86\\native\\libe_sqlite3.so": "5E0659B414CBD6DDC38C65582485853E",
  "runtimes\\osx-x64\\native\\libe_sqlite3.dylib": "F82AE134FCD1C080A69D775591406673",
  "runtimes\\win-arm\\native\\e_sqlite3.dll": "0E66FB67903B0BF185ACF75C6ED3BF7E",
  "runtimes\\win-arm64\\native\\e_sqlite3.dll": "4F8CB059EAA02813362168477BABA33F",
  "runtimes\\win-x64\\native\\e_sqlite3.dll": "6155BAAD7DB2D972830BC367DFA6BD6D",
  "runtimes\\win-x64\\native\\minhook.x64d.dll": "1CAE26A726BA9AEC37EF3CF77304CE9F",
  "runtimes\\win-x86\\native\\e_sqlite3.dll": "6814D011FEE0F60463CEFDC3C880C14D",
  "targets\\Dalamud.Plugin.Bootstrap.targets": "C85635161398CD9852CF7212DB7EB904",
  "targets\\Dalamud.Plugin.targets": "394EE2BEC70254F76ABBE2C33F62BBFA",
  "BCnEncoder.dll": "851E38D68EBC7D831F8E895F373501C2",
  "BitFaster.Caching.dll": "067809405D9696526E2EBDC2C0B8DDF7",
  "CheapLoc.dll": "51114FCBA4AEE5320A591F791B58F633",
  "cimgui.dll": "6EC0D2F7627B6CE28FDD4938A0C46E52",
  "cimguizmo.dll": "424616A948F95A15FB20A6D5F1FC89E7",
  "cimplot.dll": "66554444B982F4AA2297F113B39F98FF",
  "commit_hash.txt": "3EB87B2EDE9882A6895C0856BB45AC1B",
  "CommunityToolkit.HighPerformance.dll": "66B64EC334625F2C5D341A45E28EEB43",
  "Dalamud.Bindings.ImGui.dll": "03D404CA28E811D83F3E329C97ABD7F3",
  "Dalamud.Bindings.ImGuizmo.dll": "BBF96D173885ECD9A71044C6087E5FC4",
  "Dalamud.Bindings.ImPlot.dll": "08D311ECBB34D9260E40EF5EF3ECD899",
  "Dalamud.Boot.dll": "444800A3EFD90BAF476035AA2E7E2EA9",
  "Dalamud.Common.dll": "C1A645E8D29A5A6446D5F82F1767669E",
  "Dalamud.deps.json": "A9DC731E30271C1F6444231A05B4912C",
  "Dalamud.dll": "4CE0EB9A7224E27902FE3D31BCB004E0",
  "Dalamud.Injector.deps.json": "AE17A723819E88058C70AA4BDA14CA37",
  "Dalamud.Injector.dll": "53BCB76496E7BA136449741E9D73DC3E",
  "Dalamud.Injector.exe": "E7CC1D3F800C2530A579AE79679D9B7A",
  "Dalamud.Injector.runtimeconfig.json": "439C534917CEF268A731631073E50FE4",
  "Dalamud.Injector.xml": "07EC7B68C97460A1C8275C75BE82FAA9",
  "Dalamud.runtimeconfig.json": "CA3935E9C6B9E3300F2D7171E4AF6335",
  "Dalamud.xml": "46C5C621D6D6B3DBF766F4B6518D61A3",
  "DalamudCrashHandler.exe": "CE4351C1DEBD911C901DBB0325CD412B",
  "FASM-LICENSE.TXT": "ECEA1D10811221D5F0A3E96F9C38E2C7",
  "FASM.DLL": "FFEA006CB885AABCB319329096451FC8",
  "FASMX64.DLL": "538D887A48B3538F14B5CCE48FCA3AF8",
  "FFXIVClientStructs.dll": "5534B5005481A8C94361F65153035D1B",
  "FFXIVClientStructs.xml": "2AE5AFF7925698A5DA881FD75801990F",
  "goatcorp.Reloaded.Assembler.dll": "EB923659FA61B7EFFF23B25FC0FD9C66",
  "goatcorp.Reloaded.Assembler.targets": "CC22CB0A353E2136EE9E6E96DB9F7164",
  "goatcorp.Reloaded.Hooks.dll": "0561C3306C4A21FE0A98CAAC2E786CE2",
  "goatcorp.Reloaded.Memory.Buffers.dll": "981B6AC60B78FC437DBFAC4354475706",
  "HexaGen.Runtime.dll": "8DE4EA47C6F0DAD0ED6F40EF3C8B53A3",
  "Iced.dll": "B05537C14E2503820482AD5BF90BC840",
  "ImGuiScene.dll": "D9FFE2955275A8311F8B83783003C084",
  "InteropGenerator.Runtime.dll": "D2CE6127B78AE8BFCB1252E447667E39",
  "JetBrains.Annotations.dll": "C8553695CC87BABA75137DEC19AF432C",
  "licenses.txt": "A159BE62AA91178EFC3E3983AE874D1D",
  "Lumina.dll": "9766324941A6D9A87566661F76DAF0C4",
  "Lumina.Excel.dll": "E29CBA1D24BAD82D938BCADE33FDFE6C",
  "Lumina.Excel.xml": "3D3B7AD224A8A04B92B2B311FB8DA535",
  "Microsoft.Extensions.ObjectPool.dll": "5510583E2B50BE953814615586673C33",
  "MinSharp.dll": "47C0905977079953B1C5F84198DAD70F",
  "Mono.Cecil.dll": "113601A79DE1175E2C6E245DF8E38EA2",
  "Mono.Cecil.Mdb.dll": "558D761E550071086C2289DA011366DD",
  "Mono.Cecil.Pdb.dll": "A41CED01DA4664363E4CCEE99464C8CE",
  "Mono.Cecil.Rocks.dll": "BB0EB7ED5AFF400CC080F8275FA42ADB",
  "nethost.dll": "21F39F71E2F4B5BA9FB3F126872F2F9B",
  "Newtonsoft.Json.dll": "ADF3E3EECDE20B7C9661E9C47106A14A",
  "PeNet.Asn1.dll": "EC1DB124892054671D8A85BA14334090",
  "PeNet.dll": "92A1BF0477A1BD458FB10CE9B8EBC219",
  "Reloaded.Hooks.Definitions.dll": "54A730FF2B46EB136CD75222F4475BFE",
  "Reloaded.Memory.Buffers.dll": "49C04B634A5D657F9C89BA06424BA2BC",
  "Reloaded.Memory.dll": "2F311DF6F652C4190C6F85CB79DAF458",
  "revision.txt": "265C2B6A26807154013753637B68D01D",
  "Serilog.dll": "27D16FF9D89C52E997C5032449958C6B",
  "Serilog.Sinks.Async.dll": "B159EBFC9FE09269DD9518DF5322D0EC",
  "Serilog.Sinks.Console.dll": "6C1D4E879CA291A4CC02418FB51CF692",
  "Serilog.Sinks.File.dll": "E25E984FA1356EBA29B81705FBD1BF5B",
  "SharpDX.Direct3D11.dll": "4B7DF22DE0004F333D173CEE97FD17D8",
  "SharpDX.dll": "3327601D645149713CECEC04808907CD",
  "SharpDX.DXGI.dll": "52A22F3BCA69B7C200D92E9D5F18F469",
  "SharpDX.Mathematics.dll": "8CC9F5937064A54293CF1647829114FF",
  "SQLite-net.dll": "80AD7C2A953442F80184CA500BB428DC",
  "SQLitePCLRaw.batteries_v2.dll": "CB2D0E4A9CEE188B2BB9B330C7514591",
  "SQLitePCLRaw.core.dll": "EF680076798FE9714A02FC47A2B00517",
  "SQLitePCLRaw.nativelibrary.dll": "6EDCAB6DC5C04A5CBEBD800ED2E47250",
  "SQLitePCLRaw.provider.dynamic_cdecl.dll": "E3B229B9FCE9F53171950EBA2D44CED0",
  "System.Reactive.dll": "EF5A00287AD15393D41B12AA4B726FF7",
  "System.Reflection.MetadataLoadContext.dll": "E88E3AF6D37736F339022C9ACC5F2F7B",
  "System.Security.Cryptography.Pkcs.dll": "8950E01996A37E808BE3F39063C37BF9",
  "TEMP_gitver.txt": "B60C88D6AA742325A0A58F1D91A4B2A6",
  "TerraFX.Interop.Windows.dll": "84F7EF6B0DE91F8CC23F773D3FD6DEC0"
}
