{
  "runtimes\\alpine-x64\\native\\libe_sqlite3.so": "39C244FEDBCD3DFC37041D4FCE1AE21D",
  "runtimes\\linux-arm\\native\\libe_sqlite3.so": "96CF54BC0EFB83D6E3F5F3E04997A59D",
  "runtimes\\linux-arm64\\native\\libe_sqlite3.so": "F079E55E7F3F9966A4A2052A3234E068",
  "runtimes\\linux-armel\\native\\libe_sqlite3.so": "C5A67D49434FC65D64E9C15778078C76",
  "runtimes\\linux-mips64\\native\\libe_sqlite3.so": "5F8461214089CFC677D46C19B7162161",
  "runtimes\\linux-musl-x64\\native\\libe_sqlite3.so": "39C244FEDBCD3DFC37041D4FCE1AE21D",
  "runtimes\\linux-x64\\native\\libe_sqlite3.so": "6F49C540D3AB9964D67A4A704C3D262D",
  "runtimes\\linux-x64\\native\\libglfw.so.3": "9E3137144F68B9E9793F4C7AD5B1BEA7",
  "runtimes\\linux-x64\\native\\libSDL2-2.0.so": "99B95A708381FC66AB2370E45A260527",
  "runtimes\\linux-x64\\native\\libstbi.so": "0945355ED59677D06E3E88F48101BB26",
  "runtimes\\linux-x86\\native\\libe_sqlite3.so": "5E0659B414CBD6DDC38C65582485853E",
  "runtimes\\osx-x64\\native\\libe_sqlite3.dylib": "F82AE134FCD1C080A69D775591406673",
  "runtimes\\osx-x64\\native\\libglfw.3.dylib": "1E30FAB2F0C40E82290AD4B0BF14A880",
  "runtimes\\osx-x64\\native\\libSDL2-2.0.dylib": "AAC958490586C67395F0A90903AE3747",
  "runtimes\\osx-x64\\native\\libstbi.dylib": "0B84B0A6A80178266018081C3CAB68E6",
  "runtimes\\win-arm\\native\\e_sqlite3.dll": "4C2567CCAEFF015CF0E29861B22043F2",
  "runtimes\\win-arm64\\native\\e_sqlite3.dll": "DACD022E669B6612BF83B3961BE72142",
  "runtimes\\win-x64\\native\\e_sqlite3.dll": "CD12360195B6BD8EFBF1E64D12B37012",
  "runtimes\\win-x64\\native\\glfw3.dll": "0C6B7791022BC667B8A2F18C9821D6B6",
  "runtimes\\win-x64\\native\\minhook.x64d.dll": "C1B04EDB124DD547BD5A806DD0FDE774",
  "runtimes\\win-x64\\native\\SDL2.dll": "FF9EEB6E1D9D25919518B91723EA016B",
  "runtimes\\win-x64\\native\\stbi.dll": "6AE662C14EC5D880ED8952B1190DDF0C",
  "runtimes\\win-x64\\native\\stbi.lib": "927C214DE576219E1F80DBE7798A0502",
  "runtimes\\win-x86\\native\\e_sqlite3.dll": "254CB18E5B4C9A39CB7BC36A1B42619A",
  "runtimes\\win-x86\\native\\glfw3.dll": "9D24E006287E5B132458F648517DEE81",
  "runtimes\\win-x86\\native\\SDL2.dll": "B05AFFD9028D67C06056ED0DEE8886E5",
  "targets\\Dalamud.Plugin.Bootstrap.targets": "C85635161398CD9852CF7212DB7EB904",
  "targets\\Dalamud.Plugin.targets": "394EE2BEC70254F76ABBE2C33F62BBFA",
  "BitFaster.Caching.dll": "5A25E69528D8CD782C0584CBBE3C7DA4",
  "CheapLoc.dll": "F99427E293CD504F7989192AA4A88121",
  "cimgui.dll": "BCC8C2500A5691DFE7DCF0F4182B22CF",
  "cimguizmo.dll": "AE633E31DF9DF40669FEC5668F55E160",
  "cimplot.dll": "F0D347C4CE46EC9C1BAE6BD46CA1FABC",
  "commit_hash.txt": "FC64412278B7D6E3CAA39AB3B4150AB5",
  "Dalamud.Boot.dll": "1AD4AF140FFD30200E4E31081A36F6EA",
  "Dalamud.Common.dll": "A261E398DE72545521A3CE0E66A8FC2C",
  "Dalamud.deps.json": "9D12EC83D12197807DC6432F909A04F9",
  "Dalamud.dll": "542DDDE776A1D6B8F84C144BB05DB5C7",
  "Dalamud.Injector.deps.json": "C21972522E8133995B2C9562B3E39983",
  "Dalamud.Injector.dll": "9F3CACDAF5F600361A7851B8424CC1C2",
  "Dalamud.Injector.exe": "7070FD8C17BAC98FC8801C14F8388D62",
  "Dalamud.Injector.runtimeconfig.json": "439C534917CEF268A731631073E50FE4",
  "Dalamud.Injector.xml": "6730B8BB13078B71889B5A56C5DFAC6D",
  "Dalamud.runtimeconfig.json": "CA3935E9C6B9E3300F2D7171E4AF6335",
  "Dalamud.xml": "C11928D818B239B4BA0DAC34D3B22D59",
  "DalamudCrashHandler.exe": "BB757E0AAAC34959D9A5FCE594EE211F",
  "FASM-LICENSE.TXT": "ECEA1D10811221D5F0A3E96F9C38E2C7",
  "FASM.DLL": "406CE9DEE081ED3FB9DD2CAB170F2759",
  "FASMX64.DLL": "FB79C1EA5EEB2F3A4671DCA9222BA68C",
  "FFXIVClientStructs.dll": "3EDF3A4642422E374D7B73B8A87944BF",
  "FFXIVClientStructs.xml": "6DA9E4BFE90A8E57A0605E292DE68642",
  "goaaats.Reloaded.Assembler.targets": "CC22CB0A353E2136EE9E6E96DB9F7164",
  "Iced.dll": "169AC5659600147381297FC10F19633B",
  "ImGui.NET.dll": "850394BF7B79276D4E1FF91E038EF001",
  "ImGuiScene.dll": "C6129E8BF54C436BA6AD511A84776A7C",
  "InteropGenerator.Runtime.dll": "89FA1BA10C3B4246ABDEB63AABBBD454",
  "JetBrains.Annotations.dll": "8D224055E51020CCBF17FD77CFED81E2",
  "licenses.txt": "A159BE62AA91178EFC3E3983AE874D1D",
  "Lumina.dll": "1D5832C442E6AAE2C712A127A615C7B5",
  "Lumina.Excel.dll": "4826C05FF9F27E3C3C41F4FE443C3794",
  "Microsoft.Bcl.HashCode.dll": "613AB56061ADF2284E047025207467E0",
  "Microsoft.DotNet.PlatformAbstractions.dll": "00AB0F02B1114C57C758F5AD595224F1",
  "Microsoft.Extensions.DependencyModel.dll": "F39BC76C10CFEA478C936FC4521A9FC9",
  "Microsoft.Extensions.ObjectPool.dll": "B0558CE087EAE95853E35579300F3A77",
  "MinSharp.dll": "D147CFBB930CE562CCD371E98B97205E",
  "Mono.Cecil.dll": "926E81F535D602EEC01844A12667FDF1",
  "Mono.Cecil.Mdb.dll": "84E7B5D86689694073B1CF0447409249",
  "Mono.Cecil.Pdb.dll": "4F0034BA3F1EA542CD670CE794CD4110",
  "Mono.Cecil.Rocks.dll": "8C5D6617CACE423CB8EEB552D6556DD4",
  "nethost.dll": "21F39F71E2F4B5BA9FB3F126872F2F9B",
  "Newtonsoft.Json.dll": "ADF3E3EECDE20B7C9661E9C47106A14A",
  "PeNet.Asn1.dll": "763415478833CFE97231B0BAB16E0B33",
  "PeNet.dll": "D03B824CAFE2B1612808597A175E42A6",
  "PInvoke.AdvApi32.dll": "34EE461D05B403C3A15D0DEC32A3788C",
  "PInvoke.BCrypt.dll": "FD07758EE1440491F22923084109FF26",
  "PInvoke.Cabinet.dll": "333D950E3804735DA60CC41D614C63E2",
  "PInvoke.CfgMgr32.dll": "768BE7CC18EDCF78B296A72ABE891691",
  "PInvoke.Crypt32.dll": "E7B00B0851738F4A7F2C6D37DAA973B4",
  "PInvoke.DbgHelp.dll": "E701136169620D20E3A70B560DE20E44",
  "PInvoke.DwmApi.dll": "ACF223CC8962404056648815B486F7D9",
  "PInvoke.Gdi32.dll": "69FF434826F98582CE44D3136ECFFACB",
  "PInvoke.Hid.dll": "2E7A41257F8AD9B26073181F450CD8E5",
  "PInvoke.ImageHlp.dll": "79BE816E8D86EA66489D7780DD675D49",
  "PInvoke.IPHlpApi.dll": "E949FA3326D1BA8872B179AB4EE49D38",
  "PInvoke.Kernel32.dll": "234E15B122ED430DE99490CA1A204958",
  "PInvoke.Magnification.dll": "C9EA3D34F506741ECC044DB19C151F09",
  "PInvoke.Msi.dll": "69EE50CE2DA6B55755E52589F49A7EBC",
  "PInvoke.NCrypt.dll": "DA1DE76C14D99370CA3BEF19DC299B15",
  "PInvoke.NetApi32.dll": "AE79F9FA2E3864A5E0642AE4622ECDC5",
  "PInvoke.NewDev.dll": "B3E1992105D986EF9C5C8E4B630FBB07",
  "PInvoke.NTDll.dll": "3F6BDF840EB27DD0FD9EB8071822183A",
  "PInvoke.Ole32.dll": "3C49FB100B60519FFE725BCD12A538F6",
  "PInvoke.Psapi.dll": "A7683EE4B880227F01C8AE632A892B9E",
  "PInvoke.SetupApi.dll": "1B7AE321185D0081D1759A9AD829F9BA",
  "PInvoke.SHCore.dll": "F27E7F063D51480F6D2294C903E4A606",
  "PInvoke.Shell32.dll": "F71A1BCAF6478190691170DAEA77722F",
  "PInvoke.User32.dll": "8BEDE38311ED4F27127290B81B8079FD",
  "PInvoke.Userenv.dll": "FEB7BCA90B8C905EC2F4BB0789847131",
  "PInvoke.UxTheme.dll": "8E683C016250CB719FDB9AAAFC22B3C5",
  "PInvoke.Windows.Core.dll": "90015440A44935208FFEA9BF61740651",
  "PInvoke.Windows.ShellScalingApi.dll": "F351B34B8C9183A51CADFDC279357C49",
  "PInvoke.WinUsb.dll": "9EB8A0280F2848D1A32B560A939F7336",
  "PInvoke.WtsApi32.dll": "341C94455D2E5893DBE4293D4D67AA4D",
  "Reloaded.Assembler.dll": "F375600166056C33E4297D9745991A8B",
  "Reloaded.Hooks.Definitions.dll": "D7A8525A5D13636C7CDD8344D2CC1E7F",
  "Reloaded.Hooks.dll": "DD9282A1DFD5C562DAAC7DA7FF29689C",
  "Reloaded.Memory.Buffers.dll": "F1C93ADBCDCE14A4BA73FB9EDC7C7173",
  "Reloaded.Memory.dll": "C091BCFB011183AD6C620761B630275C",
  "revision.txt": "07BB5FDEF1EE99D35EACCCE14F8B5540",
  "SDL2-CS.config": "65557595FD5DF55D93B2BF881DE62C3A",
  "SDL2-CS.dll": "CB0CA88BC7F3FA4E21C63D6B9CD86747",
  "Serilog.dll": "5D4C903831B8DB0BEAC15B2D6438D5FB",
  "Serilog.Sinks.Async.dll": "1994AFB62E723128D42C0D536CF17794",
  "Serilog.Sinks.Console.dll": "F5BA55982F9D6074CD67F8FF3BA53063",
  "Serilog.Sinks.File.dll": "0FCB78B3472CBB6A06A68A8320652334",
  "SharpDX.Direct3D11.dll": "C9337EFBE93AC70305F9A32CFD50F9E0",
  "SharpDX.dll": "17A4D4D3B9A50C8B68E01A7BD225CEF1",
  "SharpDX.DXGI.dll": "86653DB285CE4FAB62F739909220C488",
  "SharpDX.Mathematics.dll": "117F780D304414B531E432416EEB0FA9",
  "Silk.NET.Core.dll": "94B36233398B60422E95CF5F2F657D65",
  "Silk.NET.GLFW.dll": "635CE7F15DC79D4FE2AA91B2DC9A3AC8",
  "Silk.NET.Maths.dll": "88A3D6DE193CA58E079CEE8A8D64B172",
  "Silk.NET.OpenGL.dll": "3C8A8C38A560E6FB7902F18A5B21DE33",
  "Silk.NET.SDL.dll": "C2301EE0AC3F653E8F7DC588C56C01C9",
  "Silk.NET.Windowing.Common.dll": "C67C124E381BA4836507E4E3888FF2F2",
  "Silk.NET.Windowing.Glfw.dll": "00733A94676F57B634B56E9E2F897CB9",
  "Silk.NET.Windowing.Sdl.dll": "1936F9C6CDC82F454CDD89D0E8D0AB75",
  "SQLite-net.dll": "C988FA2F69AC0AF095490EE876BDEAC7",
  "SQLitePCLRaw.batteries_v2.dll": "026D7F531650024880F7CEA1A2AFF049",
  "SQLitePCLRaw.core.dll": "4B124FCB5B51E68ADADFD3D7B3CE63EC",
  "SQLitePCLRaw.nativelibrary.dll": "95D6EA531EDC10B2B8C69680D0EF881F",
  "SQLitePCLRaw.provider.dynamic_cdecl.dll": "4254156DB5015AD5788C89FA1B5EB819",
  "StbiSharp.dll": "E922980E762554ADC493566FE63DFE7A",
  "System.Reactive.dll": "EF5A00287AD15393D41B12AA4B726FF7",
  "System.Reflection.MetadataLoadContext.dll": "E88E3AF6D37736F339022C9ACC5F2F7B",
  "System.Security.Cryptography.Pkcs.dll": "8950E01996A37E808BE3F39063C37BF9",
  "TEMP_gitver.txt": "FED28FDA9774F4E0293200EA291E8588",
  "TerraFX.Interop.Windows.dll": "84F7EF6B0DE91F8CC23F773D3FD6DEC0",
  "Validation.dll": "0C5598B53C9BE7E4AF139E460C6ACA7F"
}
