{
  "runtimes\\alpine-x64\\native\\libe_sqlite3.so": "39C244FEDBCD3DFC37041D4FCE1AE21D",
  "runtimes\\linux-arm\\native\\libe_sqlite3.so": "96CF54BC0EFB83D6E3F5F3E04997A59D",
  "runtimes\\linux-arm64\\native\\libe_sqlite3.so": "F079E55E7F3F9966A4A2052A3234E068",
  "runtimes\\linux-armel\\native\\libe_sqlite3.so": "C5A67D49434FC65D64E9C15778078C76",
  "runtimes\\linux-mips64\\native\\libe_sqlite3.so": "5F8461214089CFC677D46C19B7162161",
  "runtimes\\linux-musl-x64\\native\\libe_sqlite3.so": "39C244FEDBCD3DFC37041D4FCE1AE21D",
  "runtimes\\linux-x64\\native\\libe_sqlite3.so": "6F49C540D3AB9964D67A4A704C3D262D",
  "runtimes\\linux-x86\\native\\libe_sqlite3.so": "5E0659B414CBD6DDC38C65582485853E",
  "runtimes\\osx-x64\\native\\libe_sqlite3.dylib": "F82AE134FCD1C080A69D775591406673",
  "runtimes\\win-arm\\native\\e_sqlite3.dll": "8EC65C3D9C1728097C60A5129E238821",
  "runtimes\\win-arm64\\native\\e_sqlite3.dll": "2A68013AB5085E91098975BE9DED7FC6",
  "runtimes\\win-x64\\native\\e_sqlite3.dll": "00B680A1655181390F87C75981D45908",
  "runtimes\\win-x64\\native\\minhook.x64d.dll": "DE4540D1F83EAFBC1273EE4E753176FC",
  "runtimes\\win-x86\\native\\e_sqlite3.dll": "48D113972C0F42A32DF1186DEEA68F57",
  "targets\\Dalamud.Plugin.Bootstrap.targets": "C85635161398CD9852CF7212DB7EB904",
  "targets\\Dalamud.Plugin.targets": "394EE2BEC70254F76ABBE2C33F62BBFA",
  "BCnEncoder.dll": "9620048939FB27AE36059D568BFED0A1",
  "BitFaster.Caching.dll": "99B491412202663866F48DFFF2DD434B",
  "CheapLoc.dll": "7B36D24668AFF4D6B3361BEF8C84C0E0",
  "cimgui.dll": "EF1C526D87B303D8C1D4191F087C0435",
  "cimguizmo.dll": "E9456F9E5C8CF6F2A1263CB03A2BE8E6",
  "cimplot.dll": "C11BAF61232814622DD888B7FCC20E2F",
  "commit_hash.txt": "5C476DD73ED4C6A0CF00A19D6402DCD0",
  "CommunityToolkit.HighPerformance.dll": "66B64EC334625F2C5D341A45E28EEB43",
  "Dalamud.Bindings.ImGui.dll": "F72FBD57420C5F89A1EDFF45556D4D1F",
  "Dalamud.Bindings.ImGuizmo.dll": "DC24CCD90AAE7B1BA3D128E5480347BD",
  "Dalamud.Bindings.ImPlot.dll": "8D936113DF8C8C971CBAA417D5649699",
  "Dalamud.Boot.dll": "D1635186839F6FD85F9462C74978FA75",
  "Dalamud.Common.dll": "EE26A2E7DA3C53E7205497B75208E4F8",
  "Dalamud.deps.json": "C55273190F1243BB2DE5BB8E9056ADFE",
  "Dalamud.dll": "3C866B370E2B19532B887170EA63DB3C",
  "Dalamud.Injector.deps.json": "C21972522E8133995B2C9562B3E39983",
  "Dalamud.Injector.dll": "25637341883B7F4678581E9F04B80ED4",
  "Dalamud.Injector.exe": "34FD20A8AB23CE2474010460FE968B21",
  "Dalamud.Injector.runtimeconfig.json": "439C534917CEF268A731631073E50FE4",
  "Dalamud.Injector.xml": "6730B8BB13078B71889B5A56C5DFAC6D",
  "Dalamud.runtimeconfig.json": "CA3935E9C6B9E3300F2D7171E4AF6335",
  "Dalamud.xml": "45ACB099CF3EBA6E7E5A67B977C014FA",
  "DalamudCrashHandler.exe": "54CADBF2C712C60C47DC67E1F2A3F581",
  "FASM-LICENSE.TXT": "ECEA1D10811221D5F0A3E96F9C38E2C7",
  "FASM.DLL": "1562E2AC3F2E4FA1073909438E83BE2E",
  "FASMX64.DLL": "ED3D6176B00A377014715ACDF8233D92",
  "FFXIVClientStructs.dll": "64A8949711334F0872E1A9AEEADAA0D6",
  "FFXIVClientStructs.xml": "2B665D411CDAC21F7D17FE2E60852D3E",
  "goatcorp.Reloaded.Assembler.targets": "CC22CB0A353E2136EE9E6E96DB9F7164",
  "HexaGen.Runtime.dll": "C2682D8B40C19E107B85B6421D31B157",
  "Iced.dll": "3A841DB4ABBFA9F7C4A581C3286A1CA7",
  "ImGuiScene.dll": "976D88119725B78A6013F5C25E16C531",
  "InteropGenerator.Runtime.dll": "2CA467F405E5E31A0E54399EB5EF6507",
  "JetBrains.Annotations.dll": "0516BACB56261C8D8B0FC7F50BC81019",
  "licenses.txt": "A159BE62AA91178EFC3E3983AE874D1D",
  "Lumina.dll": "96EACA5BB867DD5195E9239034EF3B91",
  "Lumina.Excel.dll": "37224573FB0F31049EB4DE88667311BD",
  "Lumina.Excel.xml": "0089FDC0BA0B16ED0696413305959999",
  "Microsoft.Extensions.ObjectPool.dll": "5510583E2B50BE953814615586673C33",
  "MinSharp.dll": "B6100BB9BAAAD4C806262A22B89F4257",
  "Mono.Cecil.dll": "F5E0DC566913B3B8909C0437980F6391",
  "Mono.Cecil.Mdb.dll": "F6A98CD23F2512C451B673ED8E5A7941",
  "Mono.Cecil.Pdb.dll": "4A6FFF357A05AC9A11A0E73E047273D1",
  "Mono.Cecil.Rocks.dll": "E9E7724F3E4A7B68B31CA97CA696A810",
  "nethost.dll": "21F39F71E2F4B5BA9FB3F126872F2F9B",
  "Newtonsoft.Json.dll": "ADF3E3EECDE20B7C9661E9C47106A14A",
  "PeNet.Asn1.dll": "565CA0D1F3FCD34E76B5B23218F9316E",
  "PeNet.dll": "A6E9897C1362D5420B5520ECF461AA68",
  "Reloaded.Assembler.dll": "6D766EF24EDB05964598F7873C1C67A4",
  "Reloaded.Hooks.Definitions.dll": "9D4FB1BFA43170632F106F5E14600234",
  "Reloaded.Hooks.dll": "66797DD477EA0EE2C63C8B78F7A1A397",
  "Reloaded.Memory.Buffers.dll": "931CBC13099124D270ACEC2BAC585808",
  "Reloaded.Memory.dll": "2F3001D84BDCA10E98B823B82A055FB4",
  "revision.txt": "6DE59D960D3BB8A6346C058930F3CD28",
  "Serilog.dll": "BFF6C7ECDABB39B0F2435C56E8560305",
  "Serilog.Sinks.Async.dll": "7EA1075E2151792874C4973116392FDB",
  "Serilog.Sinks.Console.dll": "8FF209AFE8AAD8638E2907CF989A3D81",
  "Serilog.Sinks.File.dll": "217EF4F5D62F36B0A02B1F44172F339D",
  "SharpDX.Direct3D11.dll": "EAAF39FAB8F5016D79A35CF059638483",
  "SharpDX.dll": "77AEA2BBA29F25F28375098B2765931E",
  "SharpDX.DXGI.dll": "03FB9C4C5B9AD1D0BC2AF14C62702513",
  "SharpDX.Mathematics.dll": "43EDFCE473A27001EBA87439CE912E40",
  "SQLite-net.dll": "A753BAF9EB54155D7A5B6FB720C11315",
  "SQLitePCLRaw.batteries_v2.dll": "95A666A1C9D265E8087E1CB2A1DB9321",
  "SQLitePCLRaw.core.dll": "0B60B9E7E2B574B11DF485A7F4B61C66",
  "SQLitePCLRaw.nativelibrary.dll": "13F37507C7A7FEC4A494A0ACDFA5B4F3",
  "SQLitePCLRaw.provider.dynamic_cdecl.dll": "2121EE24791756F3438A075FCBCE9A0A",
  "System.Reactive.dll": "EF5A00287AD15393D41B12AA4B726FF7",
  "System.Reflection.MetadataLoadContext.dll": "E88E3AF6D37736F339022C9ACC5F2F7B",
  "System.Security.Cryptography.Pkcs.dll": "8950E01996A37E808BE3F39063C37BF9",
  "TEMP_gitver.txt": "4ACE9B9586E3F999DD372E08B5B5C6A0",
  "TerraFX.Interop.Windows.dll": "84F7EF6B0DE91F8CC23F773D3FD6DEC0"
}
