{
  "cs\\Microsoft.VisualStudio.Threading.resources.dll": "59CC07A0788ED5D2D7B1EC4C24692B5E",
  "cs\\Microsoft.VisualStudio.Validation.resources.dll": "6D64EB21E28D7DA0951CCB11D5A111DB",
  "cs\\StreamJsonRpc.resources.dll": "187B9DF9156C8ECA5FFC2D8DFC0D0AEB",
  "de\\Microsoft.VisualStudio.Threading.resources.dll": "E8F71F6E86250EE8F040884F21901A84",
  "de\\Microsoft.VisualStudio.Validation.resources.dll": "6BDBEB8494C6DF5EE482065A9D7F0B1E",
  "de\\StreamJsonRpc.resources.dll": "18A2EE45995D18CB97504B89E1D8EA84",
  "es\\Microsoft.VisualStudio.Threading.resources.dll": "C91684BC69AC34D7C4761C769C4613CE",
  "es\\Microsoft.VisualStudio.Validation.resources.dll": "0F92DD2019CF7222118E8B5D9409A328",
  "es\\StreamJsonRpc.resources.dll": "1426AE60A50C341884A93E75FDCB8F15",
  "fr\\Microsoft.VisualStudio.Threading.resources.dll": "8DF66006C30B545517609BC994A333BF",
  "fr\\Microsoft.VisualStudio.Validation.resources.dll": "1299DF7F85B8ABCC8205E7F968E64DE5",
  "fr\\StreamJsonRpc.resources.dll": "E0EF73E9AC6F5AC89FEFA3E4442FA526",
  "it\\Microsoft.VisualStudio.Threading.resources.dll": "ACB2901AD3BA29250398D7F7C7F06472",
  "it\\Microsoft.VisualStudio.Validation.resources.dll": "E96AFCAC956DE57A60CF403431A06B9F",
  "it\\StreamJsonRpc.resources.dll": "AF93C232BE3DE144BDBA9D47B0CF1FBA",
  "ja\\Microsoft.VisualStudio.Threading.resources.dll": "57953EF05139ABD830A160D29D477AE7",
  "ja\\Microsoft.VisualStudio.Validation.resources.dll": "37C3387A524C942BC21029A532E0FA88",
  "ja\\StreamJsonRpc.resources.dll": "71C0BF4563B000F7F6FD977A56646389",
  "ko\\Microsoft.VisualStudio.Threading.resources.dll": "4E69F9315A2BE37081E916836BD2865B",
  "ko\\Microsoft.VisualStudio.Validation.resources.dll": "F7519010D92C7E3BF6DD25032575FD3D",
  "ko\\StreamJsonRpc.resources.dll": "0462338CED7D90B6A89AA6C5C0B553ED",
  "pl\\Microsoft.VisualStudio.Threading.resources.dll": "E957E9AD4D62A6EDE5DEDB85DCB66BE0",
  "pl\\Microsoft.VisualStudio.Validation.resources.dll": "157FEA4FF784A1A3C450AAEAFC808171",
  "pl\\StreamJsonRpc.resources.dll": "A386D42B9AC0F3349E75FA0711BF6125",
  "pt-BR\\Microsoft.VisualStudio.Threading.resources.dll": "D0E584DCA9CFC97B49480B5326D1BE85",
  "pt-BR\\Microsoft.VisualStudio.Validation.resources.dll": "F1D96FD5909173972C661A1D8FE629DB",
  "pt-BR\\StreamJsonRpc.resources.dll": "7FF82CEBA9C3AFD947DC59A5FE132C78",
  "ru\\Microsoft.VisualStudio.Threading.resources.dll": "53F0D3DFF78ACA534A9F06C3E435BCDE",
  "ru\\Microsoft.VisualStudio.Validation.resources.dll": "DA5D932621691D0A43F9C41589BEA612",
  "ru\\StreamJsonRpc.resources.dll": "2BE00971D9A6088B5EC340B210503234",
  "runtimes\\alpine-arm\\native\\libe_sqlite3.so": "87AF85204A246154501382901F3F6812",
  "runtimes\\alpine-arm64\\native\\libe_sqlite3.so": "CD4B9AAB53400EFE96ABC32B339A866A",
  "runtimes\\alpine-x64\\native\\libe_sqlite3.so": "6C9D6E34F1E932668237404D6EB6FC66",
  "runtimes\\browser-wasm\\nativeassets\\net7.0\\e_sqlite3.a": "E25518AC5EAD5E787448F3258236888E",
  "runtimes\\linux-arm\\native\\libe_sqlite3.so": "B8DA0DB6A447B5CCE98207F6A250FB84",
  "runtimes\\linux-arm64\\native\\libe_sqlite3.so": "A888898B38395A15F2DE200BAA8B486F",
  "runtimes\\linux-armel\\native\\libe_sqlite3.so": "54F3F4183B81387F7928ED0BB9B67B32",
  "runtimes\\linux-mips64\\native\\libe_sqlite3.so": "D56886A2E2F081CDEA1621BB18132764",
  "runtimes\\linux-musl-arm\\native\\libe_sqlite3.so": "87AF85204A246154501382901F3F6812",
  "runtimes\\linux-musl-arm64\\native\\libe_sqlite3.so": "CD4B9AAB53400EFE96ABC32B339A866A",
  "runtimes\\linux-musl-x64\\native\\libe_sqlite3.so": "6C9D6E34F1E932668237404D6EB6FC66",
  "runtimes\\linux-s390x\\native\\libe_sqlite3.so": "CB751CC76F280849C0E2F718D6784E69",
  "runtimes\\linux-x64\\native\\libe_sqlite3.so": "30098E7FAEB947BF5A5AE2FDB34E4461",
  "runtimes\\linux-x86\\native\\libe_sqlite3.so": "68872BD5071077981504636C2353EAA8",
  "runtimes\\maccatalyst-arm64\\native\\libe_sqlite3.dylib": "B2597C8799A6D21E5B98DB28C9C725FD",
  "runtimes\\maccatalyst-x64\\native\\libe_sqlite3.dylib": "19DCF2A64A7B5D1B8C7705AC809653A5",
  "runtimes\\osx-arm64\\native\\libe_sqlite3.dylib": "FB6D0058E0E849FA8715911B49790350",
  "runtimes\\osx-x64\\native\\libe_sqlite3.dylib": "DE5735102E730C1518C029DB3A0040A9",
  "runtimes\\win-arm\\native\\e_sqlite3.dll": "29C371A813D0DB1917D20FA2769F22B5",
  "runtimes\\win-arm64\\native\\e_sqlite3.dll": "3DEE6371D8E245D511F3827519BDB949",
  "runtimes\\win-x64\\native\\e_sqlite3.dll": "3DAFDC09963227676E6EF2CD9B4B24AE",
  "runtimes\\win-x64\\native\\minhook.x64d.dll": "4700B45FB6313580624552B6DF62A8DF",
  "runtimes\\win-x86\\native\\e_sqlite3.dll": "D99A1794316C083F4A5CB4BBBC79487D",
  "tr\\Microsoft.VisualStudio.Threading.resources.dll": "538FE3DA0C0527DC98456020A4351A85",
  "tr\\Microsoft.VisualStudio.Validation.resources.dll": "7C15CA39FCA7DF71D62C46E6F03389EF",
  "tr\\StreamJsonRpc.resources.dll": "E2AD6BCEBF0533F4D421EE83B42795C1",
  "zh-Hans\\Microsoft.VisualStudio.Threading.resources.dll": "4263966625E34972E95A9C1A2A0C61E8",
  "zh-Hans\\Microsoft.VisualStudio.Validation.resources.dll": "EB7953D05EF1CE51E790708D42EE5D18",
  "zh-Hans\\StreamJsonRpc.resources.dll": "FF596CD821202672B86089A5AB619C71",
  "zh-Hant\\Microsoft.VisualStudio.Threading.resources.dll": "4B693EDFE83A99478E1041AA17FFC35A",
  "zh-Hant\\Microsoft.VisualStudio.Validation.resources.dll": "8EF011A0285333D0EEFE22D5AA7A1702",
  "zh-Hant\\StreamJsonRpc.resources.dll": "BBF8E9013F9B1244348840EAA9CAF9B0",
  "BCnEncoder.dll": "51E8FC756BB110232FCCD034899130AD",
  "BitFaster.Caching.dll": "E812FFDDDC59C28B5B4AD6671EEA5B39",
  "CheapLoc.dll": "422EACEF482BEF70D07F79D235508C14",
  "cimgui.dll": "DBD123764B24EB35EEA22A02CD561A92",
  "cimguizmo.dll": "81B4796843D012E4590CF2BA1527A068",
  "cimplot.dll": "CD36A2FD07ED3DC1EE23A51300189084",
  "commit_hash.txt": "26C317099CE7B249D603CE43D3AC0D8E",
  "CommunityToolkit.HighPerformance.dll": "66B64EC334625F2C5D341A45E28EEB43",
  "Dalamud.Bindings.ImGui.dll": "5C9F59827CC650C476D73BBEE230D879",
  "Dalamud.Bindings.ImGuizmo.dll": "1B2A0F5C2BB151849792C472B0D122DD",
  "Dalamud.Bindings.ImPlot.dll": "7A6E8A3A1AC233863C0AA63B7F64A044",
  "Dalamud.Boot.dll": "67D7ADD14CFFEB8281C6FF5D47516F32",
  "Dalamud.Common.dll": "CF14D6E0F7FA1B4B8835DB3705F23388",
  "Dalamud.deps.json": "FE9AD363E198DDDE03B7F8A369928331",
  "Dalamud.dll": "F2B3C51346E5133A05B2D09B429EDA06",
  "Dalamud.Injector.deps.json": "28C3C412E18C8E21BCEC052CCAF9CE11",
  "Dalamud.Injector.dll": "07C83772AB8733B349067E4A871F3814",
  "Dalamud.Injector.exe": "4FCB310E2FA3DB95F58960C1DEC79E80",
  "Dalamud.Injector.runtimeconfig.json": "481C4D4F6151485203242D25F632FCC5",
  "Dalamud.Injector.xml": "573870DEB8A9854EC20203EDE9D78425",
  "Dalamud.runtimeconfig.json": "9DB7F0D7C94CA1AA6CA3ACFA6F93A1D8",
  "Dalamud.xml": "8F55E7846235DD4E13C2A814EC45C7AA",
  "DalamudCrashHandler.exe": "A595E8925EB29E6227CCFDE11B904617",
  "FASM-LICENSE.TXT": "ECEA1D10811221D5F0A3E96F9C38E2C7",
  "FASM.DLL": "E87AE712C6E158F6BF8587632BA28F9C",
  "FASMX64.DLL": "ED73E303207F774190AB4C5A73201249",
  "FFXIVClientStructs.dll": "B91577A65C8DD7780CCEDE27A5FE38B4",
  "FFXIVClientStructs.xml": "5ADA0E5748B464B50B648130811FEEC0",
  "goatcorp.Reloaded.Assembler.dll": "AD8BD83B7D85A733C8290FEA84F78EE4",
  "goatcorp.Reloaded.Assembler.targets": "CC22CB0A353E2136EE9E6E96DB9F7164",
  "goatcorp.Reloaded.Hooks.dll": "C2F2D137505D9E173620068C7C4BB86F",
  "goatcorp.Reloaded.Memory.Buffers.dll": "AB7041E543407FB8CE7681DB79275DDB",
  "HexaGen.Runtime.dll": "6F35E590EC8F8E59B2CE6864D7767150",
  "Iced.dll": "E02DFA39C9C219F7304CC82895AF8B4D",
  "ImGuiScene.dll": "4464622B5487F7E9FD1C3AA8B8E0552E",
  "InteropGenerator.Runtime.dll": "892731B035FE47C4E42CFCBB55D6B80A",
  "JetBrains.Annotations.dll": "D334483DFBCF8BE6062277E1FB3B94F3",
  "licenses.txt": "A159BE62AA91178EFC3E3983AE874D1D",
  "Lumina.dll": "814B01029B38CF76005D4292D6B4A6F0",
  "Lumina.Excel.dll": "6E6F830019F894D157E6AF0FEDA10049",
  "Lumina.Excel.xml": "8C361FFD52612B54A308E043847D6823",
  "MessagePack.Annotations.dll": "097AED709D55DAB9577D934404CC6D08",
  "MessagePack.dll": "F4A82FB741261F4E2DE9FEEA5858B2C4",
  "Microsoft.Extensions.ObjectPool.dll": "CB2B8426DF93B062B631BC85B3369BED",
  "Microsoft.NET.StringTools.dll": "88B3B9B25E54FF438D2F4F1609B726A4",
  "Microsoft.VisualStudio.Threading.dll": "EF2AC53B930F5ED16DA3B4CFB1033813",
  "Microsoft.VisualStudio.Validation.dll": "0B1D5949C6944383B1EE896C5E13D08B",
  "MinSharp.dll": "7CC9EBC3BADC3768EA640F6DB2230799",
  "Mono.Cecil.dll": "B7BA3BF907DF2B9AEB732D7BB9BF48C6",
  "Mono.Cecil.Mdb.dll": "0C04F232530051EC48FCD86DEA54AB26",
  "Mono.Cecil.Pdb.dll": "272F207E1A9238A2FED0144F6BAAD996",
  "Mono.Cecil.Rocks.dll": "76183A3D6852A8E13E7FFFB87F810EEE",
  "Nerdbank.Streams.dll": "539451E456062345AF25E7E17335299B",
  "nethost.dll": "21F39F71E2F4B5BA9FB3F126872F2F9B",
  "Newtonsoft.Json.dll": "C252FE44B67A08E6DAB4EADE3764DB49",
  "PeNet.Asn1.dll": "A111DFC382B2F52BB1E80CB8E105844D",
  "PeNet.dll": "62A16AF224EB88DD2BEAE3F4E46BC41D",
  "Reloaded.Hooks.Definitions.dll": "FEE0634976BE6B0D2ED79903918AF013",
  "Reloaded.Memory.Buffers.dll": "110D28A685802CF2E0245179902A7D1B",
  "Reloaded.Memory.dll": "9EA8CBBFA3A2CC5FDE677258943A0BAA",
  "revision.txt": "3001EF257407D5A371A96DCD947C7D93",
  "Serilog.dll": "25554ACC10362E16E7547A28344BB075",
  "Serilog.Sinks.Async.dll": "66BEA29A4AB0C934369A1BDF8699D557",
  "Serilog.Sinks.Console.dll": "E268DC74C4BDE89CC1FB59922FFA0179",
  "Serilog.Sinks.File.dll": "B370148441F5D15E792BB4093ECC20CF",
  "SQLite-net.dll": "4B82D4B0A0EC9084DDCBD9EEA2712F72",
  "SQLitePCLRaw.batteries_v2.dll": "F0E12913E318727C1F24B191D4FDCC10",
  "SQLitePCLRaw.core.dll": "9CF3E5D836BCE55EF28439DB6BF7FC50",
  "SQLitePCLRaw.provider.e_sqlite3.dll": "7AD049B6F9DE0B400973B9E2269D6042",
  "StreamJsonRpc.dll": "6157633EE85D57CFF6772C1526F2D352",
  "System.Reactive.dll": "C6016588304D55406E3D1C2FA7D42903",
  "System.Reflection.MetadataLoadContext.dll": "284C720DEE2524BCF10DD1B5648AA303",
  "System.Security.Cryptography.Pkcs.dll": "17945B2BF07D9377E36AD3EBE69FF693",
  "TEMP_gitver.txt": "02BDBEFB2BD5FB196F56B38AB9016821",
  "TerraFX.Interop.Windows.dll": "C75D06E77DE5A095D45676A81CDE0DC9"
}
