{
  "runtimes\\linux-x64\\native\\libglfw.so.3": "9E3137144F68B9E9793F4C7AD5B1BEA7",
  "runtimes\\linux-x64\\native\\libSDL2-2.0.so": "99B95A708381FC66AB2370E45A260527",
  "runtimes\\linux-x64\\native\\libstbi.so": "0945355ED59677D06E3E88F48101BB26",
  "runtimes\\osx-x64\\native\\libglfw.3.dylib": "1E30FAB2F0C40E82290AD4B0BF14A880",
  "runtimes\\osx-x64\\native\\libSDL2-2.0.dylib": "AAC958490586C67395F0A90903AE3747",
  "runtimes\\osx-x64\\native\\libstbi.dylib": "0B84B0A6A80178266018081C3CAB68E6",
  "runtimes\\win-x64\\native\\cimgui.dll": "72973E3E84A487A6E236A829A2A48958",
  "runtimes\\win-x64\\native\\cimguizmo.dll": "6B3F9B097129039EDEEA6D15F9A343F5",
  "runtimes\\win-x64\\native\\cimplot.dll": "807DD0AD6AC32A0D72B37B733B5AA7BF",
  "runtimes\\win-x64\\native\\glfw3.dll": "B1FBC33677A040D91932B14CF1FAD5AF",
  "runtimes\\win-x64\\native\\minhook.x64d.dll": "D77AFF6F05A533EB9762804151B6DB12",
  "runtimes\\win-x64\\native\\SDL2.dll": "6C305BFC0476CACE0340ECFB266CB66E",
  "runtimes\\win-x64\\native\\stbi.dll": "873759E352DA731C9F4D3D8F5D98E477",
  "runtimes\\win-x64\\native\\stbi.lib": "927C214DE576219E1F80DBE7798A0502",
  "runtimes\\win-x86\\native\\glfw3.dll": "0B025760E330A9F5709E9AC0BC635684",
  "runtimes\\win-x86\\native\\SDL2.dll": "24C09B7CEEA1429990D1734A27F4D7EF",
  "targets\\Dalamud.Plugin.Bootstrap.targets": "72C91AC1B4F7C83711BB4C5834FE49A8",
  "targets\\Dalamud.Plugin.targets": "CE55DF182FBC948D33DB41454A31EEF9",
  "CheapLoc.dll": "9D991F8EAF7153A482D255C2843A72C9",
  "Costura.dll": "B0EE7834486F9F7851F00500E031BE5D",
  "Dalamud.Boot.dll": "46EB339577B024A4E7BDA5D975C0024D",
  "Dalamud.deps.json": "94159B929F3311C3B97DDCBDE9689818",
  "Dalamud.dll": "C0D194AD00B88402BAFC8D5C45E47804",
  "Dalamud.Injector.deps.json": "D10EED2039C0151239F5EA4FE3A65A7B",
  "Dalamud.Injector.dll": "914B167F624C319021FBC572AC11C0E3",
  "Dalamud.Injector.exe": "75A81EC249D64C7D2B0739364B3EF8D1",
  "Dalamud.Injector.runtimeconfig.json": "AAAFA957BB3B382321D67ACC2D792553",
  "Dalamud.Injector.xml": "CC06A545B271F56E0781ECC82BDEF67F",
  "Dalamud.Interface.dll": "375C47D9F7FD6DDF38DBD5F0276CD797",
  "Dalamud.runtimeconfig.json": "454E2BA21742B08CF0A9827950A92B0F",
  "Dalamud.xml": "9BAC87B3A7F21C37922DAA87A9C016AA",
  "DalamudCrashHandler.exe": "55684574FFBB865C80BFE6282E0A4781",
  "FASM-LICENSE.TXT": "ECEA1D10811221D5F0A3E96F9C38E2C7",
  "FASM.DLL": "C4E0101EBD5443168A595FFEB6211F10",
  "FASMX64.DLL": "F98A03FD8EB82DB2168EE406E48C58DA",
  "FFXIVClientStructs.dll": "A831547AD4DA1B1AEDF261B5BE9FA8AB",
  "FFXIVClientStructs.xml": "1E81062A8DE4667D1F3E043E2D8F18F0",
  "goaaats.Reloaded.Assembler.targets": "CC22CB0A353E2136EE9E6E96DB9F7164",
  "Iced.dll": "097B737B2E4CE43F2408073D92CE88C5",
  "ImGui.NET.dll": "DBDA45704411A26295B263A61621BA73",
  "ImGuiScene.dll": "C6A7DDDE28F43C221E569E300B504EEB",
  "JetBrains.Annotations.dll": "37653A3A731CA73534216975D3546B4F",
  "licenses.txt": "A159BE62AA91178EFC3E3983AE874D1D",
  "Lumina.dll": "613E8CD70D5D60EF76EC7635CF2D176B",
  "Lumina.Excel.dll": "13A208548FC4670D525F74ACEE5670D7",
  "Microsoft.Bcl.HashCode.dll": "613AB56061ADF2284E047025207467E0",
  "Microsoft.DotNet.PlatformAbstractions.dll": "00AB0F02B1114C57C758F5AD595224F1",
  "Microsoft.Extensions.DependencyModel.dll": "F39BC76C10CFEA478C936FC4521A9FC9",
  "MinSharp.dll": "85074A9705EFDDC27D14BF6E55D2F632",
  "Mono.Cecil.dll": "7810BD84FA74BF70DF8FC288B50606A4",
  "Mono.Cecil.Mdb.dll": "84636BDA406DF7F7DACB0B92C9D8EB49",
  "Mono.Cecil.Pdb.dll": "5D9D59990AE2F2D08B46DA536BDDC347",
  "Mono.Cecil.Rocks.dll": "4D9E530DC863F16462915EE99672CCD0",
  "MonoMod.Backports.dll": "DC967716899AE419B3C06B073775A8B6",
  "MonoMod.Core.dll": "D6D10C81367E3867EBF3EF4686F87417",
  "MonoMod.Iced.dll": "DC526713BBB65D41D6FA8A9BDBD514F6",
  "MonoMod.ILHelpers.dll": "2FC401D14F213B86180F29D633653BB7",
  "MonoMod.RuntimeDetour.dll": "505A5332D24E0DDA55E64FD633DDF188",
  "MonoMod.Utils.dll": "E5A0E0C7822A48C120BBFE79D4DF8336",
  "nethost.dll": "012081214FE71F0F6ADCD9F4A71B2B00",
  "Newtonsoft.Json.dll": "86A83A63F12B55FD3718CFBFB577D7DC",
  "PeNet.Asn1.dll": "C0B3082974676F4BEED5DD4539D4718D",
  "PeNet.dll": "21EC6B5F208DBD4B0C255DD8666CC3E5",
  "PInvoke.AdvApi32.dll": "34EE461D05B403C3A15D0DEC32A3788C",
  "PInvoke.BCrypt.dll": "FD07758EE1440491F22923084109FF26",
  "PInvoke.Cabinet.dll": "333D950E3804735DA60CC41D614C63E2",
  "PInvoke.CfgMgr32.dll": "768BE7CC18EDCF78B296A72ABE891691",
  "PInvoke.Crypt32.dll": "E7B00B0851738F4A7F2C6D37DAA973B4",
  "PInvoke.DbgHelp.dll": "E701136169620D20E3A70B560DE20E44",
  "PInvoke.DwmApi.dll": "ACF223CC8962404056648815B486F7D9",
  "PInvoke.Gdi32.dll": "69FF434826F98582CE44D3136ECFFACB",
  "PInvoke.Hid.dll": "2E7A41257F8AD9B26073181F450CD8E5",
  "PInvoke.ImageHlp.dll": "79BE816E8D86EA66489D7780DD675D49",
  "PInvoke.IPHlpApi.dll": "E949FA3326D1BA8872B179AB4EE49D38",
  "PInvoke.Kernel32.dll": "234E15B122ED430DE99490CA1A204958",
  "PInvoke.Magnification.dll": "C9EA3D34F506741ECC044DB19C151F09",
  "PInvoke.Msi.dll": "69EE50CE2DA6B55755E52589F49A7EBC",
  "PInvoke.NCrypt.dll": "DA1DE76C14D99370CA3BEF19DC299B15",
  "PInvoke.NetApi32.dll": "AE79F9FA2E3864A5E0642AE4622ECDC5",
  "PInvoke.NewDev.dll": "B3E1992105D986EF9C5C8E4B630FBB07",
  "PInvoke.NTDll.dll": "3F6BDF840EB27DD0FD9EB8071822183A",
  "PInvoke.Ole32.dll": "3C49FB100B60519FFE725BCD12A538F6",
  "PInvoke.Psapi.dll": "A7683EE4B880227F01C8AE632A892B9E",
  "PInvoke.SetupApi.dll": "1B7AE321185D0081D1759A9AD829F9BA",
  "PInvoke.SHCore.dll": "F27E7F063D51480F6D2294C903E4A606",
  "PInvoke.Shell32.dll": "F71A1BCAF6478190691170DAEA77722F",
  "PInvoke.User32.dll": "8BEDE38311ED4F27127290B81B8079FD",
  "PInvoke.Userenv.dll": "FEB7BCA90B8C905EC2F4BB0789847131",
  "PInvoke.UxTheme.dll": "8E683C016250CB719FDB9AAAFC22B3C5",
  "PInvoke.Windows.Core.dll": "90015440A44935208FFEA9BF61740651",
  "PInvoke.Windows.ShellScalingApi.dll": "F351B34B8C9183A51CADFDC279357C49",
  "PInvoke.WinUsb.dll": "9EB8A0280F2848D1A32B560A939F7336",
  "PInvoke.WtsApi32.dll": "341C94455D2E5893DBE4293D4D67AA4D",
  "Reloaded.Assembler.dll": "008705D59B189BCED701D8F7F8CD2F72",
  "Reloaded.Hooks.Definitions.dll": "25A4C2EFC9C772F297A29FFFCBB9AD2F",
  "Reloaded.Hooks.dll": "99467045958110BBF94E3CF2D0C5A9F1",
  "Reloaded.Memory.Buffers.dll": "3BA725F0B817F0D86E51010A3A17DC54",
  "Reloaded.Memory.dll": "4B93E761BDFFBA595DC7FBBF93E0DC9B",
  "revision.txt": "C0C783B5FC0D7D808F1D14A6E9C8280D",
  "SDL2-CS.config": "65557595FD5DF55D93B2BF881DE62C3A",
  "SDL2-CS.dll": "5D571D0A1A72B219B64837D4E7C4799C",
  "Serilog.dll": "9AA1598933658233E60DB85FCFBE4D53",
  "Serilog.Sinks.Async.dll": "785E4EF2ACD3EF9DF42B1911D4274D2F",
  "Serilog.Sinks.Console.dll": "7F42414AE2ABFBEB1BF135CDBF25C082",
  "Serilog.Sinks.File.dll": "9479C0A0C7B079E71BD9B1D88039420B",
  "SharpDX.Direct3D11.dll": "7926D4544E149EAE8385C4A9A862931F",
  "SharpDX.dll": "FB64BB75E36517E8C2E771BB8B59028D",
  "SharpDX.DXGI.dll": "68C9753B157397FC0FF6A6A3027E9064",
  "SharpDX.Mathematics.dll": "FA49F14142DDD5E50DD0A387F433E7CA",
  "Silk.NET.Core.dll": "C0C124373C7DEC05C3584963FA4ED6AA",
  "Silk.NET.GLFW.dll": "570B6F8B9B195C8F31DADEAA2401D60E",
  "Silk.NET.Maths.dll": "77DEE75E60946A4504AE2BF30520698D",
  "Silk.NET.OpenGL.dll": "328C81DEF2D3FB27CE6EDE0C5CA8A388",
  "Silk.NET.SDL.dll": "23D3138A3464D6349BB9DD720B3A1A64",
  "Silk.NET.Windowing.Common.dll": "97CF0F604155184510F7A01E57A61A54",
  "Silk.NET.Windowing.Glfw.dll": "1F92C89C5B332C195C169BC77E22BB50",
  "Silk.NET.Windowing.Sdl.dll": "38BE32083EF954597F8905C8E0CF5447",
  "StbiSharp.dll": "D9C9B3CD5653E73B50628A2630A21FD7",
  "System.Reactive.dll": "EF5A00287AD15393D41B12AA4B726FF7",
  "System.Reflection.MetadataLoadContext.dll": "7EC41D41F4E1246757BA3E2EC862D562",
  "System.Security.Cryptography.Pkcs.dll": "8950E01996A37E808BE3F39063C37BF9",
  "TEMP_gitver.txt": "C97FA23FA110B1AEEA6B1C4B6EAE8E5F",
  "Validation.dll": "5C9FCDBFD4F3F53DA7B98C6997E82758"
}
