{
  "runtimes\\alpine-x64\\native\\libe_sqlite3.so": "39C244FEDBCD3DFC37041D4FCE1AE21D",
  "runtimes\\linux-arm\\native\\libe_sqlite3.so": "96CF54BC0EFB83D6E3F5F3E04997A59D",
  "runtimes\\linux-arm64\\native\\libe_sqlite3.so": "F079E55E7F3F9966A4A2052A3234E068",
  "runtimes\\linux-armel\\native\\libe_sqlite3.so": "C5A67D49434FC65D64E9C15778078C76",
  "runtimes\\linux-mips64\\native\\libe_sqlite3.so": "5F8461214089CFC677D46C19B7162161",
  "runtimes\\linux-musl-x64\\native\\libe_sqlite3.so": "39C244FEDBCD3DFC37041D4FCE1AE21D",
  "runtimes\\linux-x64\\native\\libe_sqlite3.so": "6F49C540D3AB9964D67A4A704C3D262D",
  "runtimes\\linux-x64\\native\\libglfw.so.3": "9E3137144F68B9E9793F4C7AD5B1BEA7",
  "runtimes\\linux-x64\\native\\libSDL2-2.0.so": "99B95A708381FC66AB2370E45A260527",
  "runtimes\\linux-x64\\native\\libstbi.so": "0945355ED59677D06E3E88F48101BB26",
  "runtimes\\linux-x86\\native\\libe_sqlite3.so": "5E0659B414CBD6DDC38C65582485853E",
  "runtimes\\osx-x64\\native\\libe_sqlite3.dylib": "F82AE134FCD1C080A69D775591406673",
  "runtimes\\osx-x64\\native\\libglfw.3.dylib": "1E30FAB2F0C40E82290AD4B0BF14A880",
  "runtimes\\osx-x64\\native\\libSDL2-2.0.dylib": "AAC958490586C67395F0A90903AE3747",
  "runtimes\\osx-x64\\native\\libstbi.dylib": "0B84B0A6A80178266018081C3CAB68E6",
  "runtimes\\win-arm\\native\\e_sqlite3.dll": "0481E9DC250F135F3DF58A826A6201F6",
  "runtimes\\win-arm64\\native\\e_sqlite3.dll": "B4BD622DD132416529C2CAF5010EA57B",
  "runtimes\\win-x64\\native\\cimgui.dll": "687195EC6F1D557EF86149C961CD3F8E",
  "runtimes\\win-x64\\native\\cimguizmo.dll": "F0D526EA4D25CC22636F55F374FA1958",
  "runtimes\\win-x64\\native\\cimplot.dll": "C1E9FB7901D7BBD84F643C6425B4997A",
  "runtimes\\win-x64\\native\\e_sqlite3.dll": "AB81CA0BAECCAFEF2A4BC3B869FE07D0",
  "runtimes\\win-x64\\native\\glfw3.dll": "18C8233B7EF10C1E5317342C692C5082",
  "runtimes\\win-x64\\native\\minhook.x64d.dll": "B535D119559E2AD1FDAD1B67C74B93BD",
  "runtimes\\win-x64\\native\\SDL2.dll": "2F15B2DE1A95DA8AE49CCC072C86F6AA",
  "runtimes\\win-x64\\native\\stbi.dll": "19759CFBD353814186FB0E65253077A7",
  "runtimes\\win-x64\\native\\stbi.lib": "927C214DE576219E1F80DBE7798A0502",
  "runtimes\\win-x86\\native\\e_sqlite3.dll": "1888BEB6B4A02AB88DDA1ED4453038BD",
  "runtimes\\win-x86\\native\\glfw3.dll": "E99B21F38E3202EBC400FAE6B384A97F",
  "runtimes\\win-x86\\native\\SDL2.dll": "CC8205906891D380FF6E04B23EEF2C76",
  "targets\\Dalamud.Plugin.Bootstrap.targets": "C85635161398CD9852CF7212DB7EB904",
  "targets\\Dalamud.Plugin.targets": "E2AA900DB1F6596D1C203D4112A10F5E",
  "CheapLoc.dll": "666C63BD718F9CA44DD01C4AB28FDC88",
  "Costura.dll": "4DA9ACCD9D257A80BF262778B18784EA",
  "Dalamud.Boot.dll": "8BC2D2456A2E5A38CA82A818F168F604",
  "Dalamud.Common.dll": "FAAEC8AF898E7E7E070344AE8A891257",
  "Dalamud.deps.json": "518AC364A1135655167AA66260DC2FD1",
  "Dalamud.dll": "D3C53BB23ACC3857252E2CCF45AA1626",
  "Dalamud.Injector.deps.json": "C1FA0941DC8B38E415776C60C508AAB9",
  "Dalamud.Injector.dll": "51125ECCF1DAECCF48CB307A851CB5E9",
  "Dalamud.Injector.exe": "F727F32F95884E82534AE30B3F6D8DBB",
  "Dalamud.Injector.runtimeconfig.json": "B9BB65FFE7924D4D8BABE9FA66303200",
  "Dalamud.Injector.xml": "D41E5DF541D19A015215E777D7395C9C",
  "Dalamud.runtimeconfig.json": "2A9CD915428BDD175E0889BD0C225F75",
  "Dalamud.xml": "04BF87092A567300EB005E06BF7B7E1D",
  "DalamudCrashHandler.exe": "04E8D1F0A5A276E009721A47A5FA80B7",
  "FASM-LICENSE.TXT": "ECEA1D10811221D5F0A3E96F9C38E2C7",
  "FASM.DLL": "93B8643448015B72D9E80E6F577E6B42",
  "FASMX64.DLL": "46E8F127850A9EB6B131980E2EDC4769",
  "FFXIVClientStructs.dll": "7039A4CE9D60A0E309B65DF7E6EEAA5D",
  "FFXIVClientStructs.xml": "C0223F32F7430476EEA2B5527DEFFA6D",
  "goaaats.Reloaded.Assembler.targets": "CC22CB0A353E2136EE9E6E96DB9F7164",
  "Iced.dll": "57E13CEF695318879156E358BD1E4239",
  "ImGui.NET.dll": "5107A655C80E625CB43FB8EC7B06CAE3",
  "ImGuiScene.dll": "DF9ED83844C5ECE0FA8AB037D5F52CE7",
  "JetBrains.Annotations.dll": "00045BBDB256E22064A21E20AEDE89F4",
  "licenses.txt": "A159BE62AA91178EFC3E3983AE874D1D",
  "Lumina.dll": "4A5C5A3DFED02DD0662E3615B5F73CCA",
  "Lumina.Excel.dll": "851FB3E72EA8D3BE0F07D6953597647D",
  "Microsoft.Bcl.HashCode.dll": "613AB56061ADF2284E047025207467E0",
  "Microsoft.DotNet.PlatformAbstractions.dll": "00AB0F02B1114C57C758F5AD595224F1",
  "Microsoft.Extensions.DependencyModel.dll": "F39BC76C10CFEA478C936FC4521A9FC9",
  "Microsoft.Extensions.ObjectPool.dll": "FEE3CE8A84417360CC5ED787ED6F7DB1",
  "MinSharp.dll": "555DA01F848536E26749C4211C9DE051",
  "Mono.Cecil.dll": "DEBBBFA4644DBF4244E438869B1C6DD5",
  "Mono.Cecil.Mdb.dll": "38990F72E85FC25A27DCA16DD198BA9A",
  "Mono.Cecil.Pdb.dll": "283C27A6E01115F78DC77F5A7F37C2F8",
  "Mono.Cecil.Rocks.dll": "8A366DB109F29B5AC10C6B4A07D199C5",
  "nethost.dll": "012081214FE71F0F6ADCD9F4A71B2B00",
  "Newtonsoft.Json.dll": "86A83A63F12B55FD3718CFBFB577D7DC",
  "PeNet.Asn1.dll": "31114BE66B7B66A49FC8B600C9B1591B",
  "PeNet.dll": "89087508834A1EE7013FE7A61A8F03BD",
  "PInvoke.AdvApi32.dll": "34EE461D05B403C3A15D0DEC32A3788C",
  "PInvoke.BCrypt.dll": "FD07758EE1440491F22923084109FF26",
  "PInvoke.Cabinet.dll": "333D950E3804735DA60CC41D614C63E2",
  "PInvoke.CfgMgr32.dll": "768BE7CC18EDCF78B296A72ABE891691",
  "PInvoke.Crypt32.dll": "E7B00B0851738F4A7F2C6D37DAA973B4",
  "PInvoke.DbgHelp.dll": "E701136169620D20E3A70B560DE20E44",
  "PInvoke.DwmApi.dll": "ACF223CC8962404056648815B486F7D9",
  "PInvoke.Gdi32.dll": "69FF434826F98582CE44D3136ECFFACB",
  "PInvoke.Hid.dll": "2E7A41257F8AD9B26073181F450CD8E5",
  "PInvoke.ImageHlp.dll": "79BE816E8D86EA66489D7780DD675D49",
  "PInvoke.IPHlpApi.dll": "E949FA3326D1BA8872B179AB4EE49D38",
  "PInvoke.Kernel32.dll": "234E15B122ED430DE99490CA1A204958",
  "PInvoke.Magnification.dll": "C9EA3D34F506741ECC044DB19C151F09",
  "PInvoke.Msi.dll": "69EE50CE2DA6B55755E52589F49A7EBC",
  "PInvoke.NCrypt.dll": "DA1DE76C14D99370CA3BEF19DC299B15",
  "PInvoke.NetApi32.dll": "AE79F9FA2E3864A5E0642AE4622ECDC5",
  "PInvoke.NewDev.dll": "B3E1992105D986EF9C5C8E4B630FBB07",
  "PInvoke.NTDll.dll": "3F6BDF840EB27DD0FD9EB8071822183A",
  "PInvoke.Ole32.dll": "3C49FB100B60519FFE725BCD12A538F6",
  "PInvoke.Psapi.dll": "A7683EE4B880227F01C8AE632A892B9E",
  "PInvoke.SetupApi.dll": "1B7AE321185D0081D1759A9AD829F9BA",
  "PInvoke.SHCore.dll": "F27E7F063D51480F6D2294C903E4A606",
  "PInvoke.Shell32.dll": "F71A1BCAF6478190691170DAEA77722F",
  "PInvoke.User32.dll": "8BEDE38311ED4F27127290B81B8079FD",
  "PInvoke.Userenv.dll": "FEB7BCA90B8C905EC2F4BB0789847131",
  "PInvoke.UxTheme.dll": "8E683C016250CB719FDB9AAAFC22B3C5",
  "PInvoke.Windows.Core.dll": "90015440A44935208FFEA9BF61740651",
  "PInvoke.Windows.ShellScalingApi.dll": "F351B34B8C9183A51CADFDC279357C49",
  "PInvoke.WinUsb.dll": "9EB8A0280F2848D1A32B560A939F7336",
  "PInvoke.WtsApi32.dll": "341C94455D2E5893DBE4293D4D67AA4D",
  "Reloaded.Assembler.dll": "39445517600AA8FEF6A3D6FF9334C0A0",
  "Reloaded.Hooks.Definitions.dll": "C3ED7DAA4F386E1A37D7D527F5FE29C8",
  "Reloaded.Hooks.dll": "D5ABDCE71A14098816EE6F3D91FAC9CF",
  "Reloaded.Memory.Buffers.dll": "BAE3C275ABD26C8195B45418F2A000EC",
  "Reloaded.Memory.dll": "355F1A50DFBF1C85B8B98BB4ACBA1ED3",
  "revision.txt": "F0BF4A2DA952528910047C31B6C2E951",
  "SDL2-CS.config": "65557595FD5DF55D93B2BF881DE62C3A",
  "SDL2-CS.dll": "B7A3BA0FAF3BCE6AC425EA20CE25C222",
  "Serilog.dll": "81CC7079C7810A196F6565B18619A6BC",
  "Serilog.Sinks.Async.dll": "F9385B6F278230E6934577EE2E8B21D4",
  "Serilog.Sinks.Console.dll": "F6902A432E68FEF39007E53C6EAE1F5C",
  "Serilog.Sinks.File.dll": "14E990110AF346464075A30E9C588401",
  "SharpDX.Direct3D11.dll": "7FBBBA6AEA85F3D1F6892B0DD48B4DD9",
  "SharpDX.dll": "C096485C0E35AC2016111D9F15F709CE",
  "SharpDX.DXGI.dll": "1A9EFBEC410DF46EB442EBA696314D41",
  "SharpDX.Mathematics.dll": "79346797FB3EFEEE765B7F9B99224AC4",
  "Silk.NET.Core.dll": "41892228ED029ECB221AC5AB6D6E64DD",
  "Silk.NET.GLFW.dll": "620DDC265D93DD5DA6F16971E2FCA523",
  "Silk.NET.Maths.dll": "2341541EB813DFF4FDB40D1113A5CD16",
  "Silk.NET.OpenGL.dll": "0C200DAC56EAC167ABEC390CC32DB3EC",
  "Silk.NET.SDL.dll": "24C683E908AF1202A28DD092AF57E4EE",
  "Silk.NET.Windowing.Common.dll": "B4C697B28A7C72978403491EEC195D0E",
  "Silk.NET.Windowing.Glfw.dll": "B2F06A32C299734DE25E5DD69B1F7D83",
  "Silk.NET.Windowing.Sdl.dll": "EF825DF0A2F793D11AD87E7BDDA78A06",
  "SQLite-net.dll": "0A9EFBD71DCA71A43486C38F58D4832C",
  "SQLitePCLRaw.batteries_v2.dll": "B23A5346AFF65940FB122DDEBC8A61EA",
  "SQLitePCLRaw.core.dll": "DB85E2421950CB28145E07A5C8D88331",
  "SQLitePCLRaw.nativelibrary.dll": "F9A2939307EE2B87C0AD01B418C51371",
  "SQLitePCLRaw.provider.dynamic_cdecl.dll": "9E52A6435B02C594492529599A36FCB2",
  "StbiSharp.dll": "D2BDF43253147266E17B28E0C6D9BB9F",
  "System.Reactive.dll": "EF5A00287AD15393D41B12AA4B726FF7",
  "System.Reflection.MetadataLoadContext.dll": "7EC41D41F4E1246757BA3E2EC862D562",
  "System.Security.Cryptography.Pkcs.dll": "8950E01996A37E808BE3F39063C37BF9",
  "TEMP_gitver.txt": "E4532C66A5A5A8E3BBC1E267FDFEBE35",
  "TerraFX.Interop.Windows.dll": "84F7EF6B0DE91F8CC23F773D3FD6DEC0",
  "Validation.dll": "A0E64FCE9D74812B0F34802F73E1EC9B"
}
