{
  "runtimes\\linux-x64\\native\\libglfw.so.3": "9E3137144F68B9E9793F4C7AD5B1BEA7",
  "runtimes\\linux-x64\\native\\libSDL2-2.0.so": "99B95A708381FC66AB2370E45A260527",
  "runtimes\\linux-x64\\native\\libstbi.so": "0945355ED59677D06E3E88F48101BB26",
  "runtimes\\osx-x64\\native\\libglfw.3.dylib": "1E30FAB2F0C40E82290AD4B0BF14A880",
  "runtimes\\osx-x64\\native\\libSDL2-2.0.dylib": "AAC958490586C67395F0A90903AE3747",
  "runtimes\\osx-x64\\native\\libstbi.dylib": "0B84B0A6A80178266018081C3CAB68E6",
  "runtimes\\win-x64\\native\\cimgui.dll": "7BE95ABF3FE6DE702BB609EFCF290289",
  "runtimes\\win-x64\\native\\cimguizmo.dll": "0F67377C671EF9F2AEDE61AA0367D384",
  "runtimes\\win-x64\\native\\cimplot.dll": "3F2BF88E01A8A9616DC4BEFF72E1F36B",
  "runtimes\\win-x64\\native\\glfw3.dll": "EE768DE1C4EE7AC5F2CB0CF5ECF52254",
  "runtimes\\win-x64\\native\\minhook.x64d.dll": "3B5F61CB5C51F6E9839B241F12050162",
  "runtimes\\win-x64\\native\\SDL2.dll": "9529A0A8D07A3FC58668655EA66519AB",
  "runtimes\\win-x64\\native\\stbi.dll": "26682FDA6205D74F551A7A47B4C4B9EE",
  "runtimes\\win-x64\\native\\stbi.lib": "927C214DE576219E1F80DBE7798A0502",
  "runtimes\\win-x86\\native\\glfw3.dll": "8E25AAD46B36F2CB071E5C297560AC74",
  "runtimes\\win-x86\\native\\SDL2.dll": "0DAE4422FFDBA4574D0CEE5E229A7A23",
  "targets\\Dalamud.Plugin.Bootstrap.targets": "72C91AC1B4F7C83711BB4C5834FE49A8",
  "targets\\Dalamud.Plugin.targets": "CE55DF182FBC948D33DB41454A31EEF9",
  "CheapLoc.dll": "40301D1BC6EA382C4C851B5B79670BE3",
  "Costura.dll": "C24C5C7A5BAA76B60A6D0FBE2381E896",
  "Dalamud.Boot.dll": "123C8579812C0F21E254D0C6216FF5F4",
  "Dalamud.deps.json": "94159B929F3311C3B97DDCBDE9689818",
  "Dalamud.dll": "53658269D09722B0D083ED172179F6A5",
  "Dalamud.Injector.deps.json": "D10EED2039C0151239F5EA4FE3A65A7B",
  "Dalamud.Injector.dll": "11271AAF3BF244E30F6ACC65C73CC140",
  "Dalamud.Injector.exe": "FDA40E22139E348146E4111591158345",
  "Dalamud.Injector.runtimeconfig.json": "AAAFA957BB3B382321D67ACC2D792553",
  "Dalamud.Injector.xml": "CC06A545B271F56E0781ECC82BDEF67F",
  "Dalamud.Interface.dll": "B4578683D6515EB924E3A2099710C1F8",
  "Dalamud.runtimeconfig.json": "454E2BA21742B08CF0A9827950A92B0F",
  "Dalamud.xml": "8EF57827E509390AB64581F783A507B4",
  "DalamudCrashHandler.exe": "32220AF1A50075309C96DE0DACCE16EB",
  "FASM-LICENSE.TXT": "ECEA1D10811221D5F0A3E96F9C38E2C7",
  "FASM.DLL": "7CA5D91311E025CA37F3D2C8F62BA070",
  "FASMX64.DLL": "AB3C311A9851AB78BDF82995188D43C4",
  "FFXIVClientStructs.dll": "DB49952F074881149C1A651D8DCD3279",
  "FFXIVClientStructs.xml": "1E81062A8DE4667D1F3E043E2D8F18F0",
  "goaaats.Reloaded.Assembler.targets": "CC22CB0A353E2136EE9E6E96DB9F7164",
  "Iced.dll": "5B7A46633148335E73682CCDD06D3F6E",
  "ImGui.NET.dll": "813B87ECECE978AD9E7FCFA9A1A6C5B2",
  "ImGuiScene.dll": "65B81E8DA4A62F2203B383BF02EEFD3E",
  "JetBrains.Annotations.dll": "6555CCF24A4FCEE827FD4D05B8BBA84F",
  "licenses.txt": "A159BE62AA91178EFC3E3983AE874D1D",
  "Lumina.dll": "97CC1D8D042E7050B24AE7C5C60AEC8D",
  "Lumina.Excel.dll": "2DD0FCE43C0F618E4D0EAAB901320271",
  "Microsoft.Bcl.HashCode.dll": "613AB56061ADF2284E047025207467E0",
  "Microsoft.DotNet.PlatformAbstractions.dll": "00AB0F02B1114C57C758F5AD595224F1",
  "Microsoft.Extensions.DependencyModel.dll": "F39BC76C10CFEA478C936FC4521A9FC9",
  "MinSharp.dll": "D7A7346B62DE0C3130392E8911639661",
  "Mono.Cecil.dll": "306F139C225451509B43621042E2B1E6",
  "Mono.Cecil.Mdb.dll": "3AD64125D55BEC0E2A9373B3073747D1",
  "Mono.Cecil.Pdb.dll": "42C50965FCB2AFC80B7C79FC651512BF",
  "Mono.Cecil.Rocks.dll": "F5132740B8815ED42A8024B7AD227C23",
  "MonoMod.Backports.dll": "3612BC52860255C3523876952E1CF9CB",
  "MonoMod.Core.dll": "12E7C170C07C7E4D392694EF37C48ACB",
  "MonoMod.Iced.dll": "2CF6853BA21C801C1F1DAC21700B0CD9",
  "MonoMod.ILHelpers.dll": "5AF3C62697E50BF0D5F298F65541E8B2",
  "MonoMod.RuntimeDetour.dll": "E25DAB9CA33ED8C99E3100D377641E2B",
  "MonoMod.Utils.dll": "7655BE3B6F6DD485B0484E6505EB4E79",
  "nethost.dll": "012081214FE71F0F6ADCD9F4A71B2B00",
  "Newtonsoft.Json.dll": "86A83A63F12B55FD3718CFBFB577D7DC",
  "PeNet.Asn1.dll": "4DAC840C5D40C42AB9F661BABF1D064A",
  "PeNet.dll": "503771196139C861C54C43B0B5550031",
  "PInvoke.AdvApi32.dll": "34EE461D05B403C3A15D0DEC32A3788C",
  "PInvoke.BCrypt.dll": "FD07758EE1440491F22923084109FF26",
  "PInvoke.Cabinet.dll": "333D950E3804735DA60CC41D614C63E2",
  "PInvoke.CfgMgr32.dll": "768BE7CC18EDCF78B296A72ABE891691",
  "PInvoke.Crypt32.dll": "E7B00B0851738F4A7F2C6D37DAA973B4",
  "PInvoke.DbgHelp.dll": "E701136169620D20E3A70B560DE20E44",
  "PInvoke.DwmApi.dll": "ACF223CC8962404056648815B486F7D9",
  "PInvoke.Gdi32.dll": "69FF434826F98582CE44D3136ECFFACB",
  "PInvoke.Hid.dll": "2E7A41257F8AD9B26073181F450CD8E5",
  "PInvoke.ImageHlp.dll": "79BE816E8D86EA66489D7780DD675D49",
  "PInvoke.IPHlpApi.dll": "E949FA3326D1BA8872B179AB4EE49D38",
  "PInvoke.Kernel32.dll": "234E15B122ED430DE99490CA1A204958",
  "PInvoke.Magnification.dll": "C9EA3D34F506741ECC044DB19C151F09",
  "PInvoke.Msi.dll": "69EE50CE2DA6B55755E52589F49A7EBC",
  "PInvoke.NCrypt.dll": "DA1DE76C14D99370CA3BEF19DC299B15",
  "PInvoke.NetApi32.dll": "AE79F9FA2E3864A5E0642AE4622ECDC5",
  "PInvoke.NewDev.dll": "B3E1992105D986EF9C5C8E4B630FBB07",
  "PInvoke.NTDll.dll": "3F6BDF840EB27DD0FD9EB8071822183A",
  "PInvoke.Ole32.dll": "3C49FB100B60519FFE725BCD12A538F6",
  "PInvoke.Psapi.dll": "A7683EE4B880227F01C8AE632A892B9E",
  "PInvoke.SetupApi.dll": "1B7AE321185D0081D1759A9AD829F9BA",
  "PInvoke.SHCore.dll": "F27E7F063D51480F6D2294C903E4A606",
  "PInvoke.Shell32.dll": "F71A1BCAF6478190691170DAEA77722F",
  "PInvoke.User32.dll": "8BEDE38311ED4F27127290B81B8079FD",
  "PInvoke.Userenv.dll": "FEB7BCA90B8C905EC2F4BB0789847131",
  "PInvoke.UxTheme.dll": "8E683C016250CB719FDB9AAAFC22B3C5",
  "PInvoke.Windows.Core.dll": "90015440A44935208FFEA9BF61740651",
  "PInvoke.Windows.ShellScalingApi.dll": "F351B34B8C9183A51CADFDC279357C49",
  "PInvoke.WinUsb.dll": "9EB8A0280F2848D1A32B560A939F7336",
  "PInvoke.WtsApi32.dll": "341C94455D2E5893DBE4293D4D67AA4D",
  "Reloaded.Assembler.dll": "6436A3B8986C0E4F1426EF7AD6FED79F",
  "Reloaded.Hooks.Definitions.dll": "5BC7154655684933F90B6C3AA27BCAB3",
  "Reloaded.Hooks.dll": "B6D6E9CA954068E5A52A8B00B1367472",
  "Reloaded.Memory.Buffers.dll": "63DE69163A21D77AB296F214E43D33B5",
  "Reloaded.Memory.dll": "7D549CC4E729B7FEE4DA2421E13BA60C",
  "revision.txt": "D360A502598A4B64B936683B44A5523A",
  "SDL2-CS.config": "65557595FD5DF55D93B2BF881DE62C3A",
  "SDL2-CS.dll": "0AF574A73EC4BCAD644C400E668C6F21",
  "Serilog.dll": "0B25D6233D98A220E9B2B307E1A29440",
  "Serilog.Sinks.Async.dll": "B22E8856FEE72CE7BFD582878EA3A3A6",
  "Serilog.Sinks.Console.dll": "70C477E14043096D3977B13876EDEDEC",
  "Serilog.Sinks.File.dll": "97597E0106E92F7B0375F21CD9FFE920",
  "SharpDX.Direct3D11.dll": "FA80218BFFCC51212134703097C191BD",
  "SharpDX.dll": "2E2B5DB0C374E198741F9104FDCCF4DC",
  "SharpDX.DXGI.dll": "02C5B46F10767CF166B1E12850B72ACE",
  "SharpDX.Mathematics.dll": "BC12A8A42E7496C128813935F1105C90",
  "Silk.NET.Core.dll": "FA9731EEB9CF225A229C552C310BC635",
  "Silk.NET.GLFW.dll": "A6DC7E5E625C68B27B700880E8112705",
  "Silk.NET.Maths.dll": "1FD6812BB5DDE76739EDBBF6389D3C89",
  "Silk.NET.OpenGL.dll": "B7B803FCC83EB13EDDB9F41AFA7A2C43",
  "Silk.NET.SDL.dll": "8E81FC1FF3753576CEB490F7F208DB67",
  "Silk.NET.Windowing.Common.dll": "E20D7788672D0A89F2A6A2AE36CAEF2B",
  "Silk.NET.Windowing.Glfw.dll": "4DCCE06190D25B82E6FB542E26B7C892",
  "Silk.NET.Windowing.Sdl.dll": "5BD2C1F3AD5674FD148D8EF2EA275500",
  "StbiSharp.dll": "8910A7D83DD642A27B3663C39AA90CDC",
  "System.Reactive.dll": "EF5A00287AD15393D41B12AA4B726FF7",
  "System.Reflection.MetadataLoadContext.dll": "7EC41D41F4E1246757BA3E2EC862D562",
  "System.Security.Cryptography.Pkcs.dll": "8950E01996A37E808BE3F39063C37BF9",
  "TEMP_gitver.txt": "F77E4E4F28ECE5A904550043C2D7D33D",
  "Validation.dll": "9C7B87DB8ADE13C1637B52CCCFE8366C"
}
