{
  "runtimes\\alpine-x64\\native\\libe_sqlite3.so": "39C244FEDBCD3DFC37041D4FCE1AE21D",
  "runtimes\\linux-arm\\native\\libe_sqlite3.so": "96CF54BC0EFB83D6E3F5F3E04997A59D",
  "runtimes\\linux-arm64\\native\\libe_sqlite3.so": "F079E55E7F3F9966A4A2052A3234E068",
  "runtimes\\linux-armel\\native\\libe_sqlite3.so": "C5A67D49434FC65D64E9C15778078C76",
  "runtimes\\linux-mips64\\native\\libe_sqlite3.so": "5F8461214089CFC677D46C19B7162161",
  "runtimes\\linux-musl-x64\\native\\libe_sqlite3.so": "39C244FEDBCD3DFC37041D4FCE1AE21D",
  "runtimes\\linux-x64\\native\\libe_sqlite3.so": "6F49C540D3AB9964D67A4A704C3D262D",
  "runtimes\\linux-x86\\native\\libe_sqlite3.so": "5E0659B414CBD6DDC38C65582485853E",
  "runtimes\\osx-x64\\native\\libe_sqlite3.dylib": "F82AE134FCD1C080A69D775591406673",
  "runtimes\\win-arm\\native\\e_sqlite3.dll": "D84711336C5033A96768A888F4127A3E",
  "runtimes\\win-arm64\\native\\e_sqlite3.dll": "A2C4667302706F98ED9DDB934FDBE4C4",
  "runtimes\\win-x64\\native\\e_sqlite3.dll": "305F00A8F6243549A09F3644AFFFFFCE",
  "runtimes\\win-x64\\native\\minhook.x64d.dll": "C3E84B49FE6F0BDA47EC59D780356BF2",
  "runtimes\\win-x86\\native\\e_sqlite3.dll": "DECE26C10A92B35EF6A1413C6DB5F995",
  "targets\\Dalamud.Plugin.Bootstrap.targets": "C85635161398CD9852CF7212DB7EB904",
  "targets\\Dalamud.Plugin.targets": "394EE2BEC70254F76ABBE2C33F62BBFA",
  "BCnEncoder.dll": "A0B1D16E14CAB73A4CF0067E26BD3345",
  "BitFaster.Caching.dll": "6E1D404AF115B86022C93367BA4C2563",
  "CheapLoc.dll": "594980727AC1AB818AA62DED27F001B9",
  "cimgui.dll": "A38E94AD3BFC88E575B3F0248D0BF575",
  "cimguizmo.dll": "9DD21501869F8E0463CF22BFFB8A9206",
  "cimplot.dll": "23CD403D3B7EE1C18FC7605413A486D9",
  "commit_hash.txt": "8596E15F97B756FE568657F95E3EFC31",
  "CommunityToolkit.HighPerformance.dll": "66B64EC334625F2C5D341A45E28EEB43",
  "Dalamud.Bindings.ImGui.dll": "1723E1999284FBBC69659BFA48475A8A",
  "Dalamud.Bindings.ImGuizmo.dll": "ED6333AC6B4A1F5ABDDB2DDA1187632A",
  "Dalamud.Bindings.ImPlot.dll": "6119BA0F696CA2E39DBF5672160370CE",
  "Dalamud.Boot.dll": "37D519CEAB385A347B50838A25E559C0",
  "Dalamud.Common.dll": "6FA080623C47B58C3D503182AD6BB0D8",
  "Dalamud.deps.json": "0797E7704A50EFD2A7851B59EE50E738",
  "Dalamud.dll": "C1181E7B90315E51E1C3689198D19FB0",
  "Dalamud.Injector.deps.json": "AE17A723819E88058C70AA4BDA14CA37",
  "Dalamud.Injector.dll": "EE44A3B56A1104458864E41657BFBDD3",
  "Dalamud.Injector.exe": "BE046F56A38338A5D92E1D335F1987D3",
  "Dalamud.Injector.runtimeconfig.json": "439C534917CEF268A731631073E50FE4",
  "Dalamud.Injector.xml": "07EC7B68C97460A1C8275C75BE82FAA9",
  "Dalamud.runtimeconfig.json": "CA3935E9C6B9E3300F2D7171E4AF6335",
  "Dalamud.xml": "164BCE04A6D73CAAD88A1D9A1EB4FEA5",
  "DalamudCrashHandler.exe": "B64E793E0528FAE9FC6544E84268E8BE",
  "FASM-LICENSE.TXT": "ECEA1D10811221D5F0A3E96F9C38E2C7",
  "FASM.DLL": "DA73A435F2F97295AA54F18DA42F1309",
  "FASMX64.DLL": "79F2C60E2A323FDB79021482B52DBD3C",
  "FFXIVClientStructs.dll": "A0D9FB0CE0BCCE7575AF6834FF38DCF5",
  "FFXIVClientStructs.xml": "886ADECBB26236019BE1265E432F5C68",
  "goatcorp.Reloaded.Assembler.dll": "82AD959DD524364D9D24BD864347AC16",
  "goatcorp.Reloaded.Assembler.targets": "CC22CB0A353E2136EE9E6E96DB9F7164",
  "goatcorp.Reloaded.Hooks.dll": "468C08C48311C8CE2A987221CCADB32A",
  "goatcorp.Reloaded.Memory.Buffers.dll": "4D6AA9BAD2D5A918AF8B98BC745EF553",
  "HexaGen.Runtime.dll": "B048B2D8E4222FA2D8117D83C23DF3E6",
  "Iced.dll": "64FFBFD1ABE87D83CAB8F0A8E3E2391F",
  "ImGuiScene.dll": "37B63CE5B71F098EE5AE7B754AFD6625",
  "InteropGenerator.Runtime.dll": "A14B0CB91856238866B175476EBA2187",
  "JetBrains.Annotations.dll": "4E38DFC01DBE0DD45B64DF5434A01E66",
  "licenses.txt": "A159BE62AA91178EFC3E3983AE874D1D",
  "Lumina.dll": "DE2E955831CB8CBADBCFF114E58B5579",
  "Lumina.Excel.dll": "FE8C53C7850CAB4D71269635C150B58B",
  "Lumina.Excel.xml": "5CDD45BD0DF11B638FF339938C076EDF",
  "Microsoft.Extensions.ObjectPool.dll": "5510583E2B50BE953814615586673C33",
  "MinSharp.dll": "E0DF411F4452C71147085A6233FA8157",
  "Mono.Cecil.dll": "A19279B9A2B9DAE46193A057C8194D36",
  "Mono.Cecil.Mdb.dll": "20DD813FF8EF984CB80E51C7F8A6C9C5",
  "Mono.Cecil.Pdb.dll": "2332C23E2FCE39AE43778A30C8D31126",
  "Mono.Cecil.Rocks.dll": "EFC83CF2833F608ADB0051C66E9DE4F3",
  "nethost.dll": "21F39F71E2F4B5BA9FB3F126872F2F9B",
  "Newtonsoft.Json.dll": "ADF3E3EECDE20B7C9661E9C47106A14A",
  "PeNet.Asn1.dll": "EB6386EA0D1B174B32C514DE0FC74A81",
  "PeNet.dll": "02795D8B59F399CE850A0B1919A823E9",
  "Reloaded.Hooks.Definitions.dll": "8652FB8B6E1EC0F30F5C78437B3599DC",
  "Reloaded.Memory.Buffers.dll": "08C284E8B77E597FFC50DCD0FB0EE289",
  "Reloaded.Memory.dll": "9F7E8CA897DAF860A1073127FF72497C",
  "revision.txt": "3BA9AF181751761D3B387F74DED2D783",
  "Serilog.dll": "496AE623EB369F665B0641082B3343F5",
  "Serilog.Sinks.Async.dll": "95423683F14410E4DC72463867E6CB4C",
  "Serilog.Sinks.Console.dll": "3C1B4D6042E628F7DDE2C72CEFDE6C0D",
  "Serilog.Sinks.File.dll": "180931420DED3D6CC3AC7371CCED9558",
  "SharpDX.Direct3D11.dll": "A8C9BEBAB3D706C4ECEB86E93C9CE963",
  "SharpDX.dll": "57641C3E8C6BC4433D8BA8070EF04252",
  "SharpDX.DXGI.dll": "2CD532E173E31FA7876B7D7DCA9C35C7",
  "SharpDX.Mathematics.dll": "B81867BFBD30625475FDEF57776E96E4",
  "SQLite-net.dll": "8031C7CB0358AAAF29F60D1BAB92A833",
  "SQLitePCLRaw.batteries_v2.dll": "2CF3DA4148C1CD2936014DBBB294C2A6",
  "SQLitePCLRaw.core.dll": "69BA7CCEAF9F526DA2EF344E6B32B7E2",
  "SQLitePCLRaw.nativelibrary.dll": "F7796FBC0B76DA1E2C5B0DEA73650A3D",
  "SQLitePCLRaw.provider.dynamic_cdecl.dll": "524C6FE80247B436D0F451B598A88309",
  "System.Reactive.dll": "EF5A00287AD15393D41B12AA4B726FF7",
  "System.Reflection.MetadataLoadContext.dll": "E88E3AF6D37736F339022C9ACC5F2F7B",
  "System.Security.Cryptography.Pkcs.dll": "8950E01996A37E808BE3F39063C37BF9",
  "TEMP_gitver.txt": "542388C6FE1E59DE74F01810745812AA",
  "TerraFX.Interop.Windows.dll": "84F7EF6B0DE91F8CC23F773D3FD6DEC0"
}
