{
  "runtimes\\alpine-x64\\native\\libe_sqlite3.so": "39C244FEDBCD3DFC37041D4FCE1AE21D",
  "runtimes\\linux-arm\\native\\libe_sqlite3.so": "96CF54BC0EFB83D6E3F5F3E04997A59D",
  "runtimes\\linux-arm64\\native\\libe_sqlite3.so": "F079E55E7F3F9966A4A2052A3234E068",
  "runtimes\\linux-armel\\native\\libe_sqlite3.so": "C5A67D49434FC65D64E9C15778078C76",
  "runtimes\\linux-mips64\\native\\libe_sqlite3.so": "5F8461214089CFC677D46C19B7162161",
  "runtimes\\linux-musl-x64\\native\\libe_sqlite3.so": "39C244FEDBCD3DFC37041D4FCE1AE21D",
  "runtimes\\linux-x64\\native\\libe_sqlite3.so": "6F49C540D3AB9964D67A4A704C3D262D",
  "runtimes\\linux-x64\\native\\libglfw.so.3": "9E3137144F68B9E9793F4C7AD5B1BEA7",
  "runtimes\\linux-x64\\native\\libSDL2-2.0.so": "99B95A708381FC66AB2370E45A260527",
  "runtimes\\linux-x64\\native\\libstbi.so": "0945355ED59677D06E3E88F48101BB26",
  "runtimes\\linux-x86\\native\\libe_sqlite3.so": "5E0659B414CBD6DDC38C65582485853E",
  "runtimes\\osx-x64\\native\\libe_sqlite3.dylib": "F82AE134FCD1C080A69D775591406673",
  "runtimes\\osx-x64\\native\\libglfw.3.dylib": "1E30FAB2F0C40E82290AD4B0BF14A880",
  "runtimes\\osx-x64\\native\\libSDL2-2.0.dylib": "AAC958490586C67395F0A90903AE3747",
  "runtimes\\osx-x64\\native\\libstbi.dylib": "0B84B0A6A80178266018081C3CAB68E6",
  "runtimes\\win-arm\\native\\e_sqlite3.dll": "886021955D9938030E0A37597ED3523E",
  "runtimes\\win-arm64\\native\\e_sqlite3.dll": "4745BA89A42FCDF8F30C91856582565D",
  "runtimes\\win-x64\\native\\cimgui.dll": "9EF4FC12B08D79CBD3227EFC5250BF29",
  "runtimes\\win-x64\\native\\cimguizmo.dll": "99242A107179B06527F39FDFC3F6BF5C",
  "runtimes\\win-x64\\native\\cimplot.dll": "7CE8762E804D9AF1E91DCEC2AC8465A4",
  "runtimes\\win-x64\\native\\e_sqlite3.dll": "3A6BC56E647F586EEF72D57A301DDC2D",
  "runtimes\\win-x64\\native\\glfw3.dll": "140AC0E1AB280BB9B1CDE59B0E273362",
  "runtimes\\win-x64\\native\\minhook.x64d.dll": "0331BDFA4B092924B59E523CFC88C865",
  "runtimes\\win-x64\\native\\SDL2.dll": "4D231E04E49CA242A629A39699A4749C",
  "runtimes\\win-x64\\native\\stbi.dll": "03C14BCD9AE3375D9B530B215B780709",
  "runtimes\\win-x64\\native\\stbi.lib": "927C214DE576219E1F80DBE7798A0502",
  "runtimes\\win-x86\\native\\e_sqlite3.dll": "1956991FD2A5DE1D75EA06ABCA733BCC",
  "runtimes\\win-x86\\native\\glfw3.dll": "7400E5F410B7DF54A4FB72E1ABC0D01B",
  "runtimes\\win-x86\\native\\SDL2.dll": "FA79B7103AC5F41D6847A3383367B365",
  "targets\\Dalamud.Plugin.Bootstrap.targets": "C85635161398CD9852CF7212DB7EB904",
  "targets\\Dalamud.Plugin.targets": "E2AA900DB1F6596D1C203D4112A10F5E",
  "CheapLoc.dll": "0FAA133E1E3697E8C85329EF099C0B01",
  "Costura.dll": "1B938F7FA43727C35149DACB4BD50BBF",
  "Dalamud.Boot.dll": "4C9BB6059E8586496430E95D2C1E203C",
  "Dalamud.Common.dll": "887865623891F4A1640FDA46E8EA09E2",
  "Dalamud.deps.json": "2F5D88C503CCD1D41249E8E793F7E470",
  "Dalamud.dll": "FC6E163E325CD0866A9023FE7F6FF989",
  "Dalamud.Injector.deps.json": "C1FA0941DC8B38E415776C60C508AAB9",
  "Dalamud.Injector.dll": "674E00C48989762EAF4AC95ADE531332",
  "Dalamud.Injector.exe": "C55104EA929B8C4756D8D0FAE807E039",
  "Dalamud.Injector.runtimeconfig.json": "B9BB65FFE7924D4D8BABE9FA66303200",
  "Dalamud.Injector.xml": "D41E5DF541D19A015215E777D7395C9C",
  "Dalamud.runtimeconfig.json": "2A9CD915428BDD175E0889BD0C225F75",
  "Dalamud.xml": "67CABC77D0D513A8E5E0683C2A34E599",
  "DalamudCrashHandler.exe": "4EDB78D526C06947720852DD5473A62C",
  "FASM-LICENSE.TXT": "ECEA1D10811221D5F0A3E96F9C38E2C7",
  "FASM.DLL": "3A87C477663644954DA6150686972040",
  "FASMX64.DLL": "861FD9B429D576FF3567693E852A534D",
  "FFXIVClientStructs.dll": "D85E357F8FA0EDD450E47660523444E3",
  "FFXIVClientStructs.xml": "E6E061065A70DE109CD6FF7FA2710D7C",
  "goaaats.Reloaded.Assembler.targets": "CC22CB0A353E2136EE9E6E96DB9F7164",
  "Iced.dll": "51D3011183D0643487F30AAE930376DB",
  "ImGui.NET.dll": "BCE2A580F965876BC7463CEC7330FF5D",
  "ImGuiScene.dll": "71E828DFBAFB326A6A8A78C8FDF997C9",
  "JetBrains.Annotations.dll": "5533F3489A46960E33E595CF683400A0",
  "licenses.txt": "A159BE62AA91178EFC3E3983AE874D1D",
  "Lumina.dll": "9F8F2A5E75DEB5D5FF0390EEB3DA1F1A",
  "Lumina.Excel.dll": "E3CBAF3A720D4251864DF3AD1DE44B69",
  "Microsoft.Bcl.HashCode.dll": "613AB56061ADF2284E047025207467E0",
  "Microsoft.DotNet.PlatformAbstractions.dll": "00AB0F02B1114C57C758F5AD595224F1",
  "Microsoft.Extensions.DependencyModel.dll": "F39BC76C10CFEA478C936FC4521A9FC9",
  "Microsoft.Extensions.ObjectPool.dll": "FEE3CE8A84417360CC5ED787ED6F7DB1",
  "MinSharp.dll": "69B16F0B2B3DF218B0B93D977739B13D",
  "Mono.Cecil.dll": "71FE252BB45494616CACAFD7120D750B",
  "Mono.Cecil.Mdb.dll": "827DD63FBECA466AA2380240AD34DD6C",
  "Mono.Cecil.Pdb.dll": "B2EC431DD807AB61250D152ACFAE8A5A",
  "Mono.Cecil.Rocks.dll": "B413746F3BB57B0E8E8677073452F4E5",
  "nethost.dll": "012081214FE71F0F6ADCD9F4A71B2B00",
  "Newtonsoft.Json.dll": "86A83A63F12B55FD3718CFBFB577D7DC",
  "PeNet.Asn1.dll": "68DA703F0009D03807B65F3AEA520C41",
  "PeNet.dll": "2F765B9E60B76195188BC868861F5D7F",
  "PInvoke.AdvApi32.dll": "34EE461D05B403C3A15D0DEC32A3788C",
  "PInvoke.BCrypt.dll": "FD07758EE1440491F22923084109FF26",
  "PInvoke.Cabinet.dll": "333D950E3804735DA60CC41D614C63E2",
  "PInvoke.CfgMgr32.dll": "768BE7CC18EDCF78B296A72ABE891691",
  "PInvoke.Crypt32.dll": "E7B00B0851738F4A7F2C6D37DAA973B4",
  "PInvoke.DbgHelp.dll": "E701136169620D20E3A70B560DE20E44",
  "PInvoke.DwmApi.dll": "ACF223CC8962404056648815B486F7D9",
  "PInvoke.Gdi32.dll": "69FF434826F98582CE44D3136ECFFACB",
  "PInvoke.Hid.dll": "2E7A41257F8AD9B26073181F450CD8E5",
  "PInvoke.ImageHlp.dll": "79BE816E8D86EA66489D7780DD675D49",
  "PInvoke.IPHlpApi.dll": "E949FA3326D1BA8872B179AB4EE49D38",
  "PInvoke.Kernel32.dll": "234E15B122ED430DE99490CA1A204958",
  "PInvoke.Magnification.dll": "C9EA3D34F506741ECC044DB19C151F09",
  "PInvoke.Msi.dll": "69EE50CE2DA6B55755E52589F49A7EBC",
  "PInvoke.NCrypt.dll": "DA1DE76C14D99370CA3BEF19DC299B15",
  "PInvoke.NetApi32.dll": "AE79F9FA2E3864A5E0642AE4622ECDC5",
  "PInvoke.NewDev.dll": "B3E1992105D986EF9C5C8E4B630FBB07",
  "PInvoke.NTDll.dll": "3F6BDF840EB27DD0FD9EB8071822183A",
  "PInvoke.Ole32.dll": "3C49FB100B60519FFE725BCD12A538F6",
  "PInvoke.Psapi.dll": "A7683EE4B880227F01C8AE632A892B9E",
  "PInvoke.SetupApi.dll": "1B7AE321185D0081D1759A9AD829F9BA",
  "PInvoke.SHCore.dll": "F27E7F063D51480F6D2294C903E4A606",
  "PInvoke.Shell32.dll": "F71A1BCAF6478190691170DAEA77722F",
  "PInvoke.User32.dll": "8BEDE38311ED4F27127290B81B8079FD",
  "PInvoke.Userenv.dll": "FEB7BCA90B8C905EC2F4BB0789847131",
  "PInvoke.UxTheme.dll": "8E683C016250CB719FDB9AAAFC22B3C5",
  "PInvoke.Windows.Core.dll": "90015440A44935208FFEA9BF61740651",
  "PInvoke.Windows.ShellScalingApi.dll": "F351B34B8C9183A51CADFDC279357C49",
  "PInvoke.WinUsb.dll": "9EB8A0280F2848D1A32B560A939F7336",
  "PInvoke.WtsApi32.dll": "341C94455D2E5893DBE4293D4D67AA4D",
  "Reloaded.Assembler.dll": "B871582ED057B0A127FC12998874177D",
  "Reloaded.Hooks.Definitions.dll": "FE8501E400EE8B3F0EE0A73610D4676C",
  "Reloaded.Hooks.dll": "5EC25A6A60A6FA482A12AD1279AA5419",
  "Reloaded.Memory.Buffers.dll": "57694415552DBC67038868A5C9DB802E",
  "Reloaded.Memory.dll": "6C240EE9495A75BD4DC8D54062A2565E",
  "revision.txt": "FB09F481D40C4D3C0861A46BD2DC52C0",
  "SDL2-CS.config": "65557595FD5DF55D93B2BF881DE62C3A",
  "SDL2-CS.dll": "8A4BC0FAF371FB3B8518282C9080C6A6",
  "Serilog.dll": "82F9F45A53571163060B7B6955B56517",
  "Serilog.Sinks.Async.dll": "E83A2248C6EE5607D6C66EECDB47EFFA",
  "Serilog.Sinks.Console.dll": "8EA56A5C15E1E14E8DDB20066E088BFA",
  "Serilog.Sinks.File.dll": "731630881B7F8B9CAE7033193C7D562D",
  "SharpDX.Direct3D11.dll": "4BA4E4C97E453960A46481B98BD8EC73",
  "SharpDX.dll": "8D58FBE62424A38C5DE3F73C152E2620",
  "SharpDX.DXGI.dll": "31469C592DED77C2222183EA938A62CB",
  "SharpDX.Mathematics.dll": "D181607911C26527B52E811959E0E384",
  "Silk.NET.Core.dll": "F0291DAB95F2CD26398F655F2C21AFDE",
  "Silk.NET.GLFW.dll": "B2E7A8D73BA50A6E874D417646713946",
  "Silk.NET.Maths.dll": "5113CDD91BEAC173AEEA5A25FE219E1A",
  "Silk.NET.OpenGL.dll": "6A5565F809F19EB1B76A6BBA2C7A57A7",
  "Silk.NET.SDL.dll": "D2A2FC979DF7FA84813A12F188531146",
  "Silk.NET.Windowing.Common.dll": "2CB6292D097E078114E2DB289DDA1A6A",
  "Silk.NET.Windowing.Glfw.dll": "01785A68C0D3CAB6048BEF596BF283CB",
  "Silk.NET.Windowing.Sdl.dll": "44EAFE84EEA0F2C0EE60DB9436460050",
  "SQLite-net.dll": "3D165AE20F57150CCC9690EF941FA6DE",
  "SQLitePCLRaw.batteries_v2.dll": "D0094DC09C0584886C48D1C1DECA5BD6",
  "SQLitePCLRaw.core.dll": "CA2C1FD7F6D71811C5BDC3F04F092AE2",
  "SQLitePCLRaw.nativelibrary.dll": "3972B7914CDDDA046DD3A56925E00A6B",
  "SQLitePCLRaw.provider.dynamic_cdecl.dll": "0CE7A189940F638738CE62FB919F937D",
  "StbiSharp.dll": "B12A61E36F0B2CF59278F2AAE3131D70",
  "System.Reactive.dll": "EF5A00287AD15393D41B12AA4B726FF7",
  "System.Reflection.MetadataLoadContext.dll": "7EC41D41F4E1246757BA3E2EC862D562",
  "System.Security.Cryptography.Pkcs.dll": "8950E01996A37E808BE3F39063C37BF9",
  "TEMP_gitver.txt": "46B22F3CE37C5CE1E7F3B6C348A75A13",
  "TerraFX.Interop.Windows.dll": "84F7EF6B0DE91F8CC23F773D3FD6DEC0",
  "Validation.dll": "A3B3468C87FD64D92C3B757E7D8A1279"
}
