{
  "runtimes\\alpine-x64\\native\\libe_sqlite3.so": "39C244FEDBCD3DFC37041D4FCE1AE21D",
  "runtimes\\linux-arm\\native\\libe_sqlite3.so": "96CF54BC0EFB83D6E3F5F3E04997A59D",
  "runtimes\\linux-arm64\\native\\libe_sqlite3.so": "F079E55E7F3F9966A4A2052A3234E068",
  "runtimes\\linux-armel\\native\\libe_sqlite3.so": "C5A67D49434FC65D64E9C15778078C76",
  "runtimes\\linux-mips64\\native\\libe_sqlite3.so": "5F8461214089CFC677D46C19B7162161",
  "runtimes\\linux-musl-x64\\native\\libe_sqlite3.so": "39C244FEDBCD3DFC37041D4FCE1AE21D",
  "runtimes\\linux-x64\\native\\libe_sqlite3.so": "6F49C540D3AB9964D67A4A704C3D262D",
  "runtimes\\linux-x64\\native\\libglfw.so.3": "9E3137144F68B9E9793F4C7AD5B1BEA7",
  "runtimes\\linux-x64\\native\\libSDL2-2.0.so": "99B95A708381FC66AB2370E45A260527",
  "runtimes\\linux-x64\\native\\libstbi.so": "0945355ED59677D06E3E88F48101BB26",
  "runtimes\\linux-x86\\native\\libe_sqlite3.so": "5E0659B414CBD6DDC38C65582485853E",
  "runtimes\\osx-x64\\native\\libe_sqlite3.dylib": "F82AE134FCD1C080A69D775591406673",
  "runtimes\\osx-x64\\native\\libglfw.3.dylib": "1E30FAB2F0C40E82290AD4B0BF14A880",
  "runtimes\\osx-x64\\native\\libSDL2-2.0.dylib": "AAC958490586C67395F0A90903AE3747",
  "runtimes\\osx-x64\\native\\libstbi.dylib": "0B84B0A6A80178266018081C3CAB68E6",
  "runtimes\\win-arm\\native\\e_sqlite3.dll": "EBEBF024D24D5BD92C6B466E29CC8530",
  "runtimes\\win-arm64\\native\\e_sqlite3.dll": "7A47F40E6F323045EE026E491CA3DF7D",
  "runtimes\\win-x64\\native\\cimgui.dll": "F25E9652BCDC222F14F657E0F3AC29DA",
  "runtimes\\win-x64\\native\\cimguizmo.dll": "B1E4F3B48C5ABDF0E89D3725EA265FC2",
  "runtimes\\win-x64\\native\\cimplot.dll": "750A83BE13EAACAD4D9B5A7B275EDC36",
  "runtimes\\win-x64\\native\\e_sqlite3.dll": "7E0B1002FE8D3AECCA66EA47C673F6BC",
  "runtimes\\win-x64\\native\\glfw3.dll": "C7B1165BD43C0A311ADB63E780BEE4AC",
  "runtimes\\win-x64\\native\\minhook.x64d.dll": "458B22EA4B9A6F306521FFEEB1371DCE",
  "runtimes\\win-x64\\native\\SDL2.dll": "AC03812969F843DA9B9DF263D0C48CB1",
  "runtimes\\win-x64\\native\\stbi.dll": "D6B5117A7E868F067811E0F388ED3AD6",
  "runtimes\\win-x64\\native\\stbi.lib": "927C214DE576219E1F80DBE7798A0502",
  "runtimes\\win-x86\\native\\e_sqlite3.dll": "1737A1BAC79A136C89744B2116813D5A",
  "runtimes\\win-x86\\native\\glfw3.dll": "BDEAE8D3FA29CCC447F0DD0E5D40C196",
  "runtimes\\win-x86\\native\\SDL2.dll": "FAA7F7805E0534BE90AC20A4ECBD96C9",
  "targets\\Dalamud.Plugin.Bootstrap.targets": "C85635161398CD9852CF7212DB7EB904",
  "targets\\Dalamud.Plugin.targets": "69D15EDFB3D4F0BEE3A099216E4DE057",
  "BitFaster.Caching.dll": "03350F4F379474B181877B0E3AB4A08B",
  "CheapLoc.dll": "BC57792D30A158D39AFBB2EFD735798C",
  "commit_hash.txt": "C0A6423E626F978C172AA8C693273F19",
  "Costura.dll": "8FF30A1F004CE128DB295D44B9DF9D3C",
  "Dalamud.Boot.dll": "F67017994110D34CC7EDC1AA3CDBC74A",
  "Dalamud.Common.dll": "6E0C237E4A053E08CC8FBE617A32D166",
  "Dalamud.deps.json": "91DC444ECA5A224E84A19813E1FECE39",
  "Dalamud.dll": "A796CE94B00938DBC72AF0E270A4F6DA",
  "Dalamud.Injector.deps.json": "E30B9BD40106FFC14A5274A670979EDF",
  "Dalamud.Injector.dll": "C6E05BA4DE8AF3F60E15DB6B9D29EB76",
  "Dalamud.Injector.exe": "D936A428EAC7FAD04C8C4B072FE6AADC",
  "Dalamud.Injector.runtimeconfig.json": "B9BB65FFE7924D4D8BABE9FA66303200",
  "Dalamud.Injector.xml": "D41E5DF541D19A015215E777D7395C9C",
  "Dalamud.runtimeconfig.json": "2A9CD915428BDD175E0889BD0C225F75",
  "Dalamud.xml": "FD595FC2292F3C1E80B476DBDE279433",
  "DalamudCrashHandler.exe": "AB14C7857D9FD29250CFCEE12816D256",
  "FASM-LICENSE.TXT": "ECEA1D10811221D5F0A3E96F9C38E2C7",
  "FASM.DLL": "245329A81DA4839E2F3970548077F7F8",
  "FASMX64.DLL": "F481C39900B0852066E925E8AA589E01",
  "FFXIVClientStructs.dll": "904FFBB0692E304C0F799C4F21B7F17C",
  "FFXIVClientStructs.xml": "C02D61499933F39B2CF997003C706D98",
  "goaaats.Reloaded.Assembler.targets": "CC22CB0A353E2136EE9E6E96DB9F7164",
  "Iced.dll": "025C68C5428A152BC20D1F20D55450E1",
  "ImGui.NET.dll": "BCEE339769E6AAE918AB7280D71FB98B",
  "ImGuiScene.dll": "7812F86FE55C5802E8D9FCF2DCCABCC7",
  "InteropGenerator.Runtime.dll": "8B57ADAE36C0734443F36B0EF337E26D",
  "JetBrains.Annotations.dll": "B50E07C33450CA17C3736792A9515CD6",
  "licenses.txt": "A159BE62AA91178EFC3E3983AE874D1D",
  "Lumina.dll": "4C0B005989C5519E1ED30BEB2602D44E",
  "Lumina.Excel.dll": "67D01F25B9A8820288C77BD1A4DF6A55",
  "Microsoft.Bcl.HashCode.dll": "613AB56061ADF2284E047025207467E0",
  "Microsoft.DotNet.PlatformAbstractions.dll": "00AB0F02B1114C57C758F5AD595224F1",
  "Microsoft.Extensions.DependencyModel.dll": "F39BC76C10CFEA478C936FC4521A9FC9",
  "Microsoft.Extensions.ObjectPool.dll": "FEE3CE8A84417360CC5ED787ED6F7DB1",
  "MinSharp.dll": "57D0A775D5F05F32DF6FEF3F00B647B2",
  "Mono.Cecil.dll": "983CC36017784EA461296E4397F3F857",
  "Mono.Cecil.Mdb.dll": "663868F17C29FF03211D1E443A1C9162",
  "Mono.Cecil.Pdb.dll": "B269EDD7C84F1B73B5863CFD1EB8373C",
  "Mono.Cecil.Rocks.dll": "3A2B9C033AFBEC6F9897976F4CE69582",
  "nethost.dll": "21F39F71E2F4B5BA9FB3F126872F2F9B",
  "Newtonsoft.Json.dll": "ADF3E3EECDE20B7C9661E9C47106A14A",
  "PeNet.Asn1.dll": "C208270055E307BF279AA48630ED4D09",
  "PeNet.dll": "57CBC8934A3339926CB6BB98CAE771CA",
  "PInvoke.AdvApi32.dll": "34EE461D05B403C3A15D0DEC32A3788C",
  "PInvoke.BCrypt.dll": "FD07758EE1440491F22923084109FF26",
  "PInvoke.Cabinet.dll": "333D950E3804735DA60CC41D614C63E2",
  "PInvoke.CfgMgr32.dll": "768BE7CC18EDCF78B296A72ABE891691",
  "PInvoke.Crypt32.dll": "E7B00B0851738F4A7F2C6D37DAA973B4",
  "PInvoke.DbgHelp.dll": "E701136169620D20E3A70B560DE20E44",
  "PInvoke.DwmApi.dll": "ACF223CC8962404056648815B486F7D9",
  "PInvoke.Gdi32.dll": "69FF434826F98582CE44D3136ECFFACB",
  "PInvoke.Hid.dll": "2E7A41257F8AD9B26073181F450CD8E5",
  "PInvoke.ImageHlp.dll": "79BE816E8D86EA66489D7780DD675D49",
  "PInvoke.IPHlpApi.dll": "E949FA3326D1BA8872B179AB4EE49D38",
  "PInvoke.Kernel32.dll": "234E15B122ED430DE99490CA1A204958",
  "PInvoke.Magnification.dll": "C9EA3D34F506741ECC044DB19C151F09",
  "PInvoke.Msi.dll": "69EE50CE2DA6B55755E52589F49A7EBC",
  "PInvoke.NCrypt.dll": "DA1DE76C14D99370CA3BEF19DC299B15",
  "PInvoke.NetApi32.dll": "AE79F9FA2E3864A5E0642AE4622ECDC5",
  "PInvoke.NewDev.dll": "B3E1992105D986EF9C5C8E4B630FBB07",
  "PInvoke.NTDll.dll": "3F6BDF840EB27DD0FD9EB8071822183A",
  "PInvoke.Ole32.dll": "3C49FB100B60519FFE725BCD12A538F6",
  "PInvoke.Psapi.dll": "A7683EE4B880227F01C8AE632A892B9E",
  "PInvoke.SetupApi.dll": "1B7AE321185D0081D1759A9AD829F9BA",
  "PInvoke.SHCore.dll": "F27E7F063D51480F6D2294C903E4A606",
  "PInvoke.Shell32.dll": "F71A1BCAF6478190691170DAEA77722F",
  "PInvoke.User32.dll": "8BEDE38311ED4F27127290B81B8079FD",
  "PInvoke.Userenv.dll": "FEB7BCA90B8C905EC2F4BB0789847131",
  "PInvoke.UxTheme.dll": "8E683C016250CB719FDB9AAAFC22B3C5",
  "PInvoke.Windows.Core.dll": "90015440A44935208FFEA9BF61740651",
  "PInvoke.Windows.ShellScalingApi.dll": "F351B34B8C9183A51CADFDC279357C49",
  "PInvoke.WinUsb.dll": "9EB8A0280F2848D1A32B560A939F7336",
  "PInvoke.WtsApi32.dll": "341C94455D2E5893DBE4293D4D67AA4D",
  "Reloaded.Assembler.dll": "B4584FFE1707B859806D93BB30D20D5A",
  "Reloaded.Hooks.Definitions.dll": "13BF05D20A64E4A0E7220C91FE62FC85",
  "Reloaded.Hooks.dll": "D912A984FAB97D89283FB998194F9FB8",
  "Reloaded.Memory.Buffers.dll": "22D9DC73F3C7178074814AC7CC442364",
  "Reloaded.Memory.dll": "F17655B4CD6759AC17D30094C5E8B9A7",
  "revision.txt": "28A543C2A9EEE8C0D6FBFAFF7CA7E224",
  "SDL2-CS.config": "65557595FD5DF55D93B2BF881DE62C3A",
  "SDL2-CS.dll": "58D21CDE3FECF2CA527B2DF803166487",
  "Serilog.dll": "FE93F638D4AB453DBFA43812380E1513",
  "Serilog.Sinks.Async.dll": "1FC47867F993E33059D37BEF2D08E6EA",
  "Serilog.Sinks.Console.dll": "13E864204C60940AB70C0B0CDA76EA1D",
  "Serilog.Sinks.File.dll": "C152F730A11C98872A2D9B04DDC3054D",
  "SharpDX.Direct3D11.dll": "5006A7750CA0C6012413437BBFFE6492",
  "SharpDX.dll": "E6DFE1FBA0448B7CB23B80C2D9A4F56B",
  "SharpDX.DXGI.dll": "CA54B47BB4C24DB4E110A6A1B5509AE7",
  "SharpDX.Mathematics.dll": "2E2EA983E554E095285487115A9AF3F7",
  "Silk.NET.Core.dll": "FB8D148C0319AB46842C00ED5818CF5C",
  "Silk.NET.GLFW.dll": "27CD9517BD91B007FCA4BC03D5AB3B36",
  "Silk.NET.Maths.dll": "768870E77A07CC66ED9833A23C435289",
  "Silk.NET.OpenGL.dll": "BDE51EBF3BF2F6836CB4C1D09ADD23C3",
  "Silk.NET.SDL.dll": "9FFD62E7A605666436656BE89FF65BFF",
  "Silk.NET.Windowing.Common.dll": "5100ADEDC2EF3D3965F60E2179552530",
  "Silk.NET.Windowing.Glfw.dll": "CFE5D4324B7F28E119A02EBCDB01676A",
  "Silk.NET.Windowing.Sdl.dll": "5962823ECF5F0F3DBB3A7B91C41CE942",
  "SQLite-net.dll": "8611B5BE1F316C3BEB393441AFAD3A86",
  "SQLitePCLRaw.batteries_v2.dll": "375B65C7E639675FB894E3005DC1166C",
  "SQLitePCLRaw.core.dll": "B12D26FD696D2454386AAB06F7BD1422",
  "SQLitePCLRaw.nativelibrary.dll": "495E28D636ECB1043DDB66AE2213C683",
  "SQLitePCLRaw.provider.dynamic_cdecl.dll": "01065E031069C2E6011105AD056BF933",
  "StbiSharp.dll": "07252E44A77AB5C392E22D721CF423D4",
  "System.Reactive.dll": "EF5A00287AD15393D41B12AA4B726FF7",
  "System.Reflection.MetadataLoadContext.dll": "E88E3AF6D37736F339022C9ACC5F2F7B",
  "System.Security.Cryptography.Pkcs.dll": "8950E01996A37E808BE3F39063C37BF9",
  "TEMP_gitver.txt": "EF2500EAE14982A913A17555FBBC8E44",
  "TerraFX.Interop.Windows.dll": "84F7EF6B0DE91F8CC23F773D3FD6DEC0",
  "Validation.dll": "F4D24A563E8FF2AEF4D570812C33C52E"
}
