{
  "runtimes\\alpine-x64\\native\\libe_sqlite3.so": "39C244FEDBCD3DFC37041D4FCE1AE21D",
  "runtimes\\linux-arm\\native\\libe_sqlite3.so": "96CF54BC0EFB83D6E3F5F3E04997A59D",
  "runtimes\\linux-arm64\\native\\libe_sqlite3.so": "F079E55E7F3F9966A4A2052A3234E068",
  "runtimes\\linux-armel\\native\\libe_sqlite3.so": "C5A67D49434FC65D64E9C15778078C76",
  "runtimes\\linux-mips64\\native\\libe_sqlite3.so": "5F8461214089CFC677D46C19B7162161",
  "runtimes\\linux-musl-x64\\native\\libe_sqlite3.so": "39C244FEDBCD3DFC37041D4FCE1AE21D",
  "runtimes\\linux-x64\\native\\libe_sqlite3.so": "6F49C540D3AB9964D67A4A704C3D262D",
  "runtimes\\linux-x64\\native\\libglfw.so.3": "9E3137144F68B9E9793F4C7AD5B1BEA7",
  "runtimes\\linux-x64\\native\\libSDL2-2.0.so": "99B95A708381FC66AB2370E45A260527",
  "runtimes\\linux-x64\\native\\libstbi.so": "0945355ED59677D06E3E88F48101BB26",
  "runtimes\\linux-x86\\native\\libe_sqlite3.so": "5E0659B414CBD6DDC38C65582485853E",
  "runtimes\\osx-x64\\native\\libe_sqlite3.dylib": "F82AE134FCD1C080A69D775591406673",
  "runtimes\\osx-x64\\native\\libglfw.3.dylib": "1E30FAB2F0C40E82290AD4B0BF14A880",
  "runtimes\\osx-x64\\native\\libSDL2-2.0.dylib": "AAC958490586C67395F0A90903AE3747",
  "runtimes\\osx-x64\\native\\libstbi.dylib": "0B84B0A6A80178266018081C3CAB68E6",
  "runtimes\\win-arm\\native\\e_sqlite3.dll": "2581AE56782F73E0402DF5DC5EC9A94E",
  "runtimes\\win-arm64\\native\\e_sqlite3.dll": "57AC9142E5F4A0D6AD5DFC8DFF0937EE",
  "runtimes\\win-x64\\native\\cimgui.dll": "D1ED2ED862A65294704B6E7E9C13B8BF",
  "runtimes\\win-x64\\native\\cimguizmo.dll": "CD5D4C89C8FDE749E5D960434129C329",
  "runtimes\\win-x64\\native\\cimplot.dll": "644C49E506F11195549B54C31C29501C",
  "runtimes\\win-x64\\native\\e_sqlite3.dll": "082154A1614331D81AB79CB477DF1CD5",
  "runtimes\\win-x64\\native\\glfw3.dll": "EED854C93199ECDFAFC2C6A2DDAEAA07",
  "runtimes\\win-x64\\native\\minhook.x64d.dll": "5F59DC010937D84654163F03475265D6",
  "runtimes\\win-x64\\native\\SDL2.dll": "8FB22FB96B9A920FC29428DDB408680C",
  "runtimes\\win-x64\\native\\stbi.dll": "58871F9E6E7460598589804D46114156",
  "runtimes\\win-x64\\native\\stbi.lib": "927C214DE576219E1F80DBE7798A0502",
  "runtimes\\win-x86\\native\\e_sqlite3.dll": "B394A449C0312C766437AB486E98C23E",
  "runtimes\\win-x86\\native\\glfw3.dll": "8C7DF2B359D4BB1AEE681E4B7A42B207",
  "runtimes\\win-x86\\native\\SDL2.dll": "49C709E04A5E836E2BAC30546CB32C19",
  "targets\\Dalamud.Plugin.Bootstrap.targets": "C85635161398CD9852CF7212DB7EB904",
  "targets\\Dalamud.Plugin.targets": "E2AA900DB1F6596D1C203D4112A10F5E",
  "CheapLoc.dll": "877BF5387677EEC5D7200048D07C166B",
  "Costura.dll": "8C6BF6F90045CF831ABD12461C04DB27",
  "Dalamud.Boot.dll": "CB5EC78F786625BC482D6C2F3823665F",
  "Dalamud.Common.dll": "8CBD07C8A043976412C9F12C814FA032",
  "Dalamud.deps.json": "348ED6044CF9F6A622566FB11C6D37E6",
  "Dalamud.dll": "5FEEC0D6A55AA06859A5FCA283F39D9C",
  "Dalamud.Injector.deps.json": "C1FA0941DC8B38E415776C60C508AAB9",
  "Dalamud.Injector.dll": "04524ECE79F0F49C87DF73242C82DF64",
  "Dalamud.Injector.exe": "E91B219E75EC5D7D93B6C4289E4344D5",
  "Dalamud.Injector.runtimeconfig.json": "B9BB65FFE7924D4D8BABE9FA66303200",
  "Dalamud.Injector.xml": "D41E5DF541D19A015215E777D7395C9C",
  "Dalamud.runtimeconfig.json": "2A9CD915428BDD175E0889BD0C225F75",
  "Dalamud.xml": "D368F08C50CFE2F9E4E4EEC2C8ED510A",
  "DalamudCrashHandler.exe": "859B3397C72D801313B4283A67C3BBC7",
  "FASM-LICENSE.TXT": "ECEA1D10811221D5F0A3E96F9C38E2C7",
  "FASM.DLL": "1CBB64A39266513E5B46C8E55931789E",
  "FASMX64.DLL": "1129CC90C2BC2CC00403754F207AF2B3",
  "FFXIVClientStructs.dll": "89431290A06F56BD40DE7D0BE7939A62",
  "FFXIVClientStructs.xml": "1BC608E144B877A3EE42DFBFDD447B74",
  "goaaats.Reloaded.Assembler.targets": "CC22CB0A353E2136EE9E6E96DB9F7164",
  "Iced.dll": "C2B7ADC7DA935209553E1191687E3848",
  "ImGui.NET.dll": "FFE20DED4997C7549973AE8388DCF81E",
  "ImGuiScene.dll": "3DBC6A99C329976E0CEA64A717A1EFA0",
  "JetBrains.Annotations.dll": "813DAB09394E847C40D9063E05427EED",
  "licenses.txt": "A159BE62AA91178EFC3E3983AE874D1D",
  "Lumina.dll": "33F219C8E97E653837EF6667C01ECE60",
  "Lumina.Excel.dll": "D946200746FC7067B7F35B0E0953ACD8",
  "Microsoft.Bcl.HashCode.dll": "613AB56061ADF2284E047025207467E0",
  "Microsoft.DotNet.PlatformAbstractions.dll": "00AB0F02B1114C57C758F5AD595224F1",
  "Microsoft.Extensions.DependencyModel.dll": "F39BC76C10CFEA478C936FC4521A9FC9",
  "Microsoft.Extensions.ObjectPool.dll": "4EEE3E64BE561711391BF998FFBF65D3",
  "MinSharp.dll": "D2C1927BD40D08D42133050C1666E688",
  "Mono.Cecil.dll": "E965DFCAAC2CAAF52EB93AA7E8929A35",
  "Mono.Cecil.Mdb.dll": "FEE09674F90E476919C4E0866A84C114",
  "Mono.Cecil.Pdb.dll": "67176C43C7EF8D6DD945BE68EF6D9371",
  "Mono.Cecil.Rocks.dll": "32EA72DC9DE62591710B598CE89B2744",
  "nethost.dll": "012081214FE71F0F6ADCD9F4A71B2B00",
  "Newtonsoft.Json.dll": "86A83A63F12B55FD3718CFBFB577D7DC",
  "PeNet.Asn1.dll": "1179D5FE8A3742EE5993DC981A94CB1E",
  "PeNet.dll": "BF21005A2302E22497DF69C8D70BA852",
  "PInvoke.AdvApi32.dll": "34EE461D05B403C3A15D0DEC32A3788C",
  "PInvoke.BCrypt.dll": "FD07758EE1440491F22923084109FF26",
  "PInvoke.Cabinet.dll": "333D950E3804735DA60CC41D614C63E2",
  "PInvoke.CfgMgr32.dll": "768BE7CC18EDCF78B296A72ABE891691",
  "PInvoke.Crypt32.dll": "E7B00B0851738F4A7F2C6D37DAA973B4",
  "PInvoke.DbgHelp.dll": "E701136169620D20E3A70B560DE20E44",
  "PInvoke.DwmApi.dll": "ACF223CC8962404056648815B486F7D9",
  "PInvoke.Gdi32.dll": "69FF434826F98582CE44D3136ECFFACB",
  "PInvoke.Hid.dll": "2E7A41257F8AD9B26073181F450CD8E5",
  "PInvoke.ImageHlp.dll": "79BE816E8D86EA66489D7780DD675D49",
  "PInvoke.IPHlpApi.dll": "E949FA3326D1BA8872B179AB4EE49D38",
  "PInvoke.Kernel32.dll": "234E15B122ED430DE99490CA1A204958",
  "PInvoke.Magnification.dll": "C9EA3D34F506741ECC044DB19C151F09",
  "PInvoke.Msi.dll": "69EE50CE2DA6B55755E52589F49A7EBC",
  "PInvoke.NCrypt.dll": "DA1DE76C14D99370CA3BEF19DC299B15",
  "PInvoke.NetApi32.dll": "AE79F9FA2E3864A5E0642AE4622ECDC5",
  "PInvoke.NewDev.dll": "B3E1992105D986EF9C5C8E4B630FBB07",
  "PInvoke.NTDll.dll": "3F6BDF840EB27DD0FD9EB8071822183A",
  "PInvoke.Ole32.dll": "3C49FB100B60519FFE725BCD12A538F6",
  "PInvoke.Psapi.dll": "A7683EE4B880227F01C8AE632A892B9E",
  "PInvoke.SetupApi.dll": "1B7AE321185D0081D1759A9AD829F9BA",
  "PInvoke.SHCore.dll": "F27E7F063D51480F6D2294C903E4A606",
  "PInvoke.Shell32.dll": "F71A1BCAF6478190691170DAEA77722F",
  "PInvoke.User32.dll": "8BEDE38311ED4F27127290B81B8079FD",
  "PInvoke.Userenv.dll": "FEB7BCA90B8C905EC2F4BB0789847131",
  "PInvoke.UxTheme.dll": "8E683C016250CB719FDB9AAAFC22B3C5",
  "PInvoke.Windows.Core.dll": "90015440A44935208FFEA9BF61740651",
  "PInvoke.Windows.ShellScalingApi.dll": "F351B34B8C9183A51CADFDC279357C49",
  "PInvoke.WinUsb.dll": "9EB8A0280F2848D1A32B560A939F7336",
  "PInvoke.WtsApi32.dll": "341C94455D2E5893DBE4293D4D67AA4D",
  "Reloaded.Assembler.dll": "C7FF07F8966E051FBD6308340086D2AC",
  "Reloaded.Hooks.Definitions.dll": "BE8C28D4EEB195320394681CF1163D8D",
  "Reloaded.Hooks.dll": "A3B3F8011FD704A053FD65E1C3916599",
  "Reloaded.Memory.Buffers.dll": "A84669E91AEF6355681FF63B8B64C3A6",
  "Reloaded.Memory.dll": "5744B23F76DEEFD976C642B09A7998C1",
  "revision.txt": "D6317F80523FDF2A7375DA19C9A006B8",
  "SDL2-CS.config": "65557595FD5DF55D93B2BF881DE62C3A",
  "SDL2-CS.dll": "CD22FB9F3DAE02BAC4D53D1CBB7735B7",
  "Serilog.dll": "FF1FA2159B05C0096EB262126EAE8575",
  "Serilog.Sinks.Async.dll": "0C68B7B8360230DC844BA2372F156ABD",
  "Serilog.Sinks.Console.dll": "31A7F90DF67FA650ABB440048DFCE3DB",
  "Serilog.Sinks.File.dll": "1CF326693A2B6BFBDF54D24BD009E14C",
  "SharpDX.Direct3D11.dll": "43A6AAF0C146D0366A13302EFFBD5DF2",
  "SharpDX.dll": "304EB0C6A28914BB6DEA7A78540098A5",
  "SharpDX.DXGI.dll": "C29D275DD369D261EC4F01759A3CB286",
  "SharpDX.Mathematics.dll": "5D39F19D027891CA3FAB26B745DDF2BF",
  "Silk.NET.Core.dll": "73D50C46BCA1248FD3988B2AAD66CB75",
  "Silk.NET.GLFW.dll": "7208493B5DAF20D123C6E8E9B3CD4A05",
  "Silk.NET.Maths.dll": "B29C5EB993D72D91EEF13A76DECA129C",
  "Silk.NET.OpenGL.dll": "AE91E43577BC5399B26EFD848F529A4E",
  "Silk.NET.SDL.dll": "4F8C5623D921DF66865F1A6B94D4DB8E",
  "Silk.NET.Windowing.Common.dll": "8BBB38867A5A203F8276E26FB0C2B247",
  "Silk.NET.Windowing.Glfw.dll": "06DC7F7ED5CF3B222D1D62E55881C48A",
  "Silk.NET.Windowing.Sdl.dll": "70AF22B03DE0D2E59A24575B97612903",
  "SQLite-net.dll": "23FF1DE1C96DB5F16220F5B37AE34ED6",
  "SQLitePCLRaw.batteries_v2.dll": "FF4C2642526B6D654EC2C4D5CDEAE32F",
  "SQLitePCLRaw.core.dll": "86918CAAFE14841DA50BB6970F5EDE9D",
  "SQLitePCLRaw.nativelibrary.dll": "34EB69C46F32D03FF939F00FFB5444A6",
  "SQLitePCLRaw.provider.dynamic_cdecl.dll": "2546C9E17B7E5851B2EEA0605C5751F9",
  "StbiSharp.dll": "F209450DAF8E8722BF4A8B74A1E63894",
  "System.Reactive.dll": "EF5A00287AD15393D41B12AA4B726FF7",
  "System.Reflection.MetadataLoadContext.dll": "7EC41D41F4E1246757BA3E2EC862D562",
  "System.Security.Cryptography.Pkcs.dll": "8950E01996A37E808BE3F39063C37BF9",
  "TEMP_gitver.txt": "E3DFDE97C90497499C3E5FEA742B8D1E",
  "TerraFX.Interop.Windows.dll": "84F7EF6B0DE91F8CC23F773D3FD6DEC0",
  "Validation.dll": "9F0066055E56E92D374F8B2CA82C931C"
}
