{
  "runtimes\\alpine-x64\\native\\libe_sqlite3.so": "39C244FEDBCD3DFC37041D4FCE1AE21D",
  "runtimes\\linux-arm\\native\\libe_sqlite3.so": "96CF54BC0EFB83D6E3F5F3E04997A59D",
  "runtimes\\linux-arm64\\native\\libe_sqlite3.so": "F079E55E7F3F9966A4A2052A3234E068",
  "runtimes\\linux-armel\\native\\libe_sqlite3.so": "C5A67D49434FC65D64E9C15778078C76",
  "runtimes\\linux-mips64\\native\\libe_sqlite3.so": "5F8461214089CFC677D46C19B7162161",
  "runtimes\\linux-musl-x64\\native\\libe_sqlite3.so": "39C244FEDBCD3DFC37041D4FCE1AE21D",
  "runtimes\\linux-x64\\native\\libe_sqlite3.so": "6F49C540D3AB9964D67A4A704C3D262D",
  "runtimes\\linux-x64\\native\\libglfw.so.3": "9E3137144F68B9E9793F4C7AD5B1BEA7",
  "runtimes\\linux-x64\\native\\libSDL2-2.0.so": "99B95A708381FC66AB2370E45A260527",
  "runtimes\\linux-x64\\native\\libstbi.so": "0945355ED59677D06E3E88F48101BB26",
  "runtimes\\linux-x86\\native\\libe_sqlite3.so": "5E0659B414CBD6DDC38C65582485853E",
  "runtimes\\osx-x64\\native\\libe_sqlite3.dylib": "F82AE134FCD1C080A69D775591406673",
  "runtimes\\osx-x64\\native\\libglfw.3.dylib": "1E30FAB2F0C40E82290AD4B0BF14A880",
  "runtimes\\osx-x64\\native\\libSDL2-2.0.dylib": "AAC958490586C67395F0A90903AE3747",
  "runtimes\\osx-x64\\native\\libstbi.dylib": "0B84B0A6A80178266018081C3CAB68E6",
  "runtimes\\win-arm\\native\\e_sqlite3.dll": "6C38F91688AE48F89C3D1FF1B43E8368",
  "runtimes\\win-arm64\\native\\e_sqlite3.dll": "0F7161311083719C940636BDDBCFDE65",
  "runtimes\\win-x64\\native\\cimgui.dll": "3F1BE06D710E6B9F8488AA94AF723B82",
  "runtimes\\win-x64\\native\\cimguizmo.dll": "306EDA8964B553A947A58804F11176CF",
  "runtimes\\win-x64\\native\\cimplot.dll": "037C01CC1EC9D03A13B6B7343122E766",
  "runtimes\\win-x64\\native\\e_sqlite3.dll": "B7A9284D487BB115E16F1C59A8B16264",
  "runtimes\\win-x64\\native\\glfw3.dll": "95A7E7CDB14889E5FB6F9A6FD7BFC7C7",
  "runtimes\\win-x64\\native\\minhook.x64d.dll": "91E39868901DCD14F2B2DC0FD00B1C25",
  "runtimes\\win-x64\\native\\SDL2.dll": "5B1BADC0BCD65B908323E659C452B764",
  "runtimes\\win-x64\\native\\stbi.dll": "468AA1A93D71C60D87AB70AE86314946",
  "runtimes\\win-x64\\native\\stbi.lib": "927C214DE576219E1F80DBE7798A0502",
  "runtimes\\win-x86\\native\\e_sqlite3.dll": "DDF05DBD154F94B63DA3355D40C3977F",
  "runtimes\\win-x86\\native\\glfw3.dll": "44B229C72B08CBEA68E441665FBB7E3E",
  "runtimes\\win-x86\\native\\SDL2.dll": "EB53B95EBE9B3AD36194F809BF5EBBD2",
  "targets\\Dalamud.Plugin.Bootstrap.targets": "C85635161398CD9852CF7212DB7EB904",
  "targets\\Dalamud.Plugin.targets": "11001C983157350F50D99F1A827999B5",
  "CheapLoc.dll": "38D9A394C2405DD4219FF50B6DA8FD2B",
  "Costura.dll": "A4E6190C774AC2CD0FAE54998A503512",
  "Dalamud.Boot.dll": "8DCA6D26219428AF6D4921BAFE1FA3D8",
  "Dalamud.Common.dll": "7E09E1F1F77D736DEC004E2F370161B9",
  "Dalamud.deps.json": "A509FB669053506AB169D2C2EA213313",
  "Dalamud.dll": "3F3D7969CB878AFE52810314A441AECD",
  "Dalamud.Injector.deps.json": "4E53ABE9A5D3E4592DA63EBF98DAAD86",
  "Dalamud.Injector.dll": "E54C05B5DEB9FDE120B9F3245525FBD7",
  "Dalamud.Injector.exe": "17F8016D51219475DC03785B301FB65B",
  "Dalamud.Injector.runtimeconfig.json": "AAAFA957BB3B382321D67ACC2D792553",
  "Dalamud.Injector.xml": "6CFC451561E67CE7788814C5B327D7EC",
  "Dalamud.runtimeconfig.json": "454E2BA21742B08CF0A9827950A92B0F",
  "Dalamud.xml": "4B587A09F064FC7FCCC8AF8E603E936D",
  "DalamudCrashHandler.exe": "6587D9D312DD33131555C00F6996B6B8",
  "FASM-LICENSE.TXT": "ECEA1D10811221D5F0A3E96F9C38E2C7",
  "FASM.DLL": "31FD1AAA93AC62F8DACED64811A950D0",
  "FASMX64.DLL": "FF4225A8C92B79BA70753AB53A7FE22D",
  "FFXIVClientStructs.dll": "6158FE782375572333220DC8B8807DD1",
  "FFXIVClientStructs.xml": "BAE00EE2B5000BD69C12269FCEC3A40B",
  "goaaats.Reloaded.Assembler.targets": "CC22CB0A353E2136EE9E6E96DB9F7164",
  "Iced.dll": "7D622675FCEF7ADE822B5E26ED03BA57",
  "ImGui.NET.dll": "CA1C305999D13A15DB783BDA99383BDE",
  "ImGuiScene.dll": "3AE36F8A33E3E5A3E520D3671EA15B48",
  "JetBrains.Annotations.dll": "E0191695A41FBA2287D657A3534C27AA",
  "licenses.txt": "A159BE62AA91178EFC3E3983AE874D1D",
  "Lumina.dll": "76DEE4902F6EE993F1B4E06F6F282FE3",
  "Lumina.Excel.dll": "2F7E6BA97C24D08355BA7A8F72176211",
  "Microsoft.Bcl.HashCode.dll": "613AB56061ADF2284E047025207467E0",
  "Microsoft.DotNet.PlatformAbstractions.dll": "00AB0F02B1114C57C758F5AD595224F1",
  "Microsoft.Extensions.DependencyModel.dll": "F39BC76C10CFEA478C936FC4521A9FC9",
  "MinSharp.dll": "4F4377EFE7B8743472B8C3FD9F0435A1",
  "Mono.Cecil.dll": "85739646CC9E5222BD63126866C7F2A6",
  "Mono.Cecil.Mdb.dll": "F33F9E1C5A46E74F6AFB40AE948CFCA6",
  "Mono.Cecil.Pdb.dll": "B0D263AF65D8D51E7F40D7DF4F3FA88C",
  "Mono.Cecil.Rocks.dll": "032C3F0A08E771995778C53CAC430AC5",
  "MonoMod.Backports.dll": "A79F4972087412BBDD295927D592F8F7",
  "MonoMod.Core.dll": "89C7A05FA840426ACCCC412E17EE0190",
  "MonoMod.Iced.dll": "B9224571161736432026F1BE5CE54396",
  "MonoMod.ILHelpers.dll": "AF7918E32CE3427D574B7EEFDBCBF242",
  "MonoMod.RuntimeDetour.dll": "60FF7284728FF6ACFEB7A24E81173A25",
  "MonoMod.Utils.dll": "7C737DC47AB5DF1BE95B329C9E39A655",
  "nethost.dll": "012081214FE71F0F6ADCD9F4A71B2B00",
  "Newtonsoft.Json.dll": "86A83A63F12B55FD3718CFBFB577D7DC",
  "PeNet.Asn1.dll": "66ED6D10706306B2DE46FCA345F966A0",
  "PeNet.dll": "58567654C2F2B02A609D304810ABA03F",
  "PInvoke.AdvApi32.dll": "34EE461D05B403C3A15D0DEC32A3788C",
  "PInvoke.BCrypt.dll": "FD07758EE1440491F22923084109FF26",
  "PInvoke.Cabinet.dll": "333D950E3804735DA60CC41D614C63E2",
  "PInvoke.CfgMgr32.dll": "768BE7CC18EDCF78B296A72ABE891691",
  "PInvoke.Crypt32.dll": "E7B00B0851738F4A7F2C6D37DAA973B4",
  "PInvoke.DbgHelp.dll": "E701136169620D20E3A70B560DE20E44",
  "PInvoke.DwmApi.dll": "ACF223CC8962404056648815B486F7D9",
  "PInvoke.Gdi32.dll": "69FF434826F98582CE44D3136ECFFACB",
  "PInvoke.Hid.dll": "2E7A41257F8AD9B26073181F450CD8E5",
  "PInvoke.ImageHlp.dll": "79BE816E8D86EA66489D7780DD675D49",
  "PInvoke.IPHlpApi.dll": "E949FA3326D1BA8872B179AB4EE49D38",
  "PInvoke.Kernel32.dll": "234E15B122ED430DE99490CA1A204958",
  "PInvoke.Magnification.dll": "C9EA3D34F506741ECC044DB19C151F09",
  "PInvoke.Msi.dll": "69EE50CE2DA6B55755E52589F49A7EBC",
  "PInvoke.NCrypt.dll": "DA1DE76C14D99370CA3BEF19DC299B15",
  "PInvoke.NetApi32.dll": "AE79F9FA2E3864A5E0642AE4622ECDC5",
  "PInvoke.NewDev.dll": "B3E1992105D986EF9C5C8E4B630FBB07",
  "PInvoke.NTDll.dll": "3F6BDF840EB27DD0FD9EB8071822183A",
  "PInvoke.Ole32.dll": "3C49FB100B60519FFE725BCD12A538F6",
  "PInvoke.Psapi.dll": "A7683EE4B880227F01C8AE632A892B9E",
  "PInvoke.SetupApi.dll": "1B7AE321185D0081D1759A9AD829F9BA",
  "PInvoke.SHCore.dll": "F27E7F063D51480F6D2294C903E4A606",
  "PInvoke.Shell32.dll": "F71A1BCAF6478190691170DAEA77722F",
  "PInvoke.User32.dll": "8BEDE38311ED4F27127290B81B8079FD",
  "PInvoke.Userenv.dll": "FEB7BCA90B8C905EC2F4BB0789847131",
  "PInvoke.UxTheme.dll": "8E683C016250CB719FDB9AAAFC22B3C5",
  "PInvoke.Windows.Core.dll": "90015440A44935208FFEA9BF61740651",
  "PInvoke.Windows.ShellScalingApi.dll": "F351B34B8C9183A51CADFDC279357C49",
  "PInvoke.WinUsb.dll": "9EB8A0280F2848D1A32B560A939F7336",
  "PInvoke.WtsApi32.dll": "341C94455D2E5893DBE4293D4D67AA4D",
  "Reloaded.Assembler.dll": "02DEE4A6D3BC3425483806BFB8114506",
  "Reloaded.Hooks.Definitions.dll": "0B995B4103F82F7E64B4054B8AABBB93",
  "Reloaded.Hooks.dll": "69B38DED6CD24D39647F23491AA935A1",
  "Reloaded.Memory.Buffers.dll": "A7F285010332D7ED90D503FCE646D4DD",
  "Reloaded.Memory.dll": "12C072C8A8AFF668C14CBCA0B1793AD0",
  "revision.txt": "E8432FB72C61C9066957124E5A420A05",
  "SDL2-CS.config": "65557595FD5DF55D93B2BF881DE62C3A",
  "SDL2-CS.dll": "C4619A57738BD84BF1FE39D39A0F8A50",
  "Serilog.dll": "6369CC6E5E40A6AE8D85F8AEC8800363",
  "Serilog.Sinks.Async.dll": "D771227039FD41FAD4BC8819E960C3C3",
  "Serilog.Sinks.Console.dll": "10BDF719D926D488BB85802EEE69606D",
  "Serilog.Sinks.File.dll": "82B0FEAD8EFCD1DD34B108079415EAD7",
  "SharpDX.Direct3D11.dll": "FC64CCD29941322E33587E8E5A4453C4",
  "SharpDX.dll": "4EFCC5FF108B7E2D5ECA92F1B64C38E1",
  "SharpDX.DXGI.dll": "5F917938B47E02B9B163A89A52BAF28D",
  "SharpDX.Mathematics.dll": "034DE9F1B2B9CCE0822A898951011B11",
  "Silk.NET.Core.dll": "1F5D6387043FF416B0CBA08437041CFC",
  "Silk.NET.GLFW.dll": "7D054197370F39E8103B89A9C787D671",
  "Silk.NET.Maths.dll": "D11BD8324CC2C64EF29E4397F26A1E0B",
  "Silk.NET.OpenGL.dll": "ADB5D7C89E42BC458FE062510F4FF5F9",
  "Silk.NET.SDL.dll": "FFFE80FCBE3993A96E4B0B25ED3F4C0D",
  "Silk.NET.Windowing.Common.dll": "AFE8627B3DC323E6202481FBBA2908A2",
  "Silk.NET.Windowing.Glfw.dll": "AE291131A12CA46C93F15965014D598B",
  "Silk.NET.Windowing.Sdl.dll": "C599D0A68D748AABCBB078EA5EEBDD43",
  "SQLite-net.dll": "A2E2B567AD6F3C7BEE2D02DE8040EB17",
  "SQLitePCLRaw.batteries_v2.dll": "AAAAAB78CF07E900185BD4F81234CA15",
  "SQLitePCLRaw.core.dll": "077ED39CD1A44C44503BDB60FD647549",
  "SQLitePCLRaw.nativelibrary.dll": "A66909B225230EE410B4C19E8B5BED71",
  "SQLitePCLRaw.provider.dynamic_cdecl.dll": "94FD1E37F1EEAE9BEACCF99433FD600B",
  "StbiSharp.dll": "89D358281497CACC683108D78F33CD6E",
  "System.Reactive.dll": "EF5A00287AD15393D41B12AA4B726FF7",
  "System.Reflection.MetadataLoadContext.dll": "7EC41D41F4E1246757BA3E2EC862D562",
  "System.Security.Cryptography.Pkcs.dll": "8950E01996A37E808BE3F39063C37BF9",
  "TEMP_gitver.txt": "1B703D7B739E287C7D706497D24480E4",
  "Validation.dll": "FDE916C621C389CED7598F0827FE5F8D"
}
