{
  "runtimes\\alpine-x64\\native\\libe_sqlite3.so": "39C244FEDBCD3DFC37041D4FCE1AE21D",
  "runtimes\\linux-arm\\native\\libe_sqlite3.so": "96CF54BC0EFB83D6E3F5F3E04997A59D",
  "runtimes\\linux-arm64\\native\\libe_sqlite3.so": "F079E55E7F3F9966A4A2052A3234E068",
  "runtimes\\linux-armel\\native\\libe_sqlite3.so": "C5A67D49434FC65D64E9C15778078C76",
  "runtimes\\linux-mips64\\native\\libe_sqlite3.so": "5F8461214089CFC677D46C19B7162161",
  "runtimes\\linux-musl-x64\\native\\libe_sqlite3.so": "39C244FEDBCD3DFC37041D4FCE1AE21D",
  "runtimes\\linux-x64\\native\\libe_sqlite3.so": "6F49C540D3AB9964D67A4A704C3D262D",
  "runtimes\\linux-x64\\native\\libglfw.so.3": "9E3137144F68B9E9793F4C7AD5B1BEA7",
  "runtimes\\linux-x64\\native\\libSDL2-2.0.so": "99B95A708381FC66AB2370E45A260527",
  "runtimes\\linux-x64\\native\\libstbi.so": "0945355ED59677D06E3E88F48101BB26",
  "runtimes\\linux-x86\\native\\libe_sqlite3.so": "5E0659B414CBD6DDC38C65582485853E",
  "runtimes\\osx-x64\\native\\libe_sqlite3.dylib": "F82AE134FCD1C080A69D775591406673",
  "runtimes\\osx-x64\\native\\libglfw.3.dylib": "1E30FAB2F0C40E82290AD4B0BF14A880",
  "runtimes\\osx-x64\\native\\libSDL2-2.0.dylib": "AAC958490586C67395F0A90903AE3747",
  "runtimes\\osx-x64\\native\\libstbi.dylib": "0B84B0A6A80178266018081C3CAB68E6",
  "runtimes\\win-arm\\native\\e_sqlite3.dll": "30F7D0104F21D3E6672A183A491D0C69",
  "runtimes\\win-arm64\\native\\e_sqlite3.dll": "30F2A33A5E9D5036F777C01C7FAC63AD",
  "runtimes\\win-x64\\native\\e_sqlite3.dll": "42120F69E832436B67BB38E20A170E58",
  "runtimes\\win-x64\\native\\glfw3.dll": "DE9666467C85AB430CB7EA19FBE55308",
  "runtimes\\win-x64\\native\\minhook.x64d.dll": "F0426CF9B5D0F4FD7280ED31B36ABC61",
  "runtimes\\win-x64\\native\\SDL2.dll": "318964E270C50C1CEF42D9EFE54974B7",
  "runtimes\\win-x64\\native\\stbi.dll": "F5E325CC2D053F4C8614D3DF0C0EA69D",
  "runtimes\\win-x64\\native\\stbi.lib": "927C214DE576219E1F80DBE7798A0502",
  "runtimes\\win-x86\\native\\e_sqlite3.dll": "12CF404FEB63849DEE2C47EF6FD5B0BF",
  "runtimes\\win-x86\\native\\glfw3.dll": "BEC46E1C91F115E34CC9186BB35E27B3",
  "runtimes\\win-x86\\native\\SDL2.dll": "78F4510661F8500DDCD2EBD5FA65EDFF",
  "targets\\Dalamud.Plugin.Bootstrap.targets": "C85635161398CD9852CF7212DB7EB904",
  "targets\\Dalamud.Plugin.targets": "394EE2BEC70254F76ABBE2C33F62BBFA",
  "BitFaster.Caching.dll": "C4384791C2485725F6ABD8848BDAF107",
  "CheapLoc.dll": "0ABED8C62C0059914043A6D3D325FB81",
  "cimgui.dll": "19ACB8F91B560B7CE1450A0CAD7C1220",
  "cimguizmo.dll": "6875D2D5C29BE8EA173E07BE5F2B6587",
  "cimplot.dll": "D147B7065A984DBFE874DE2401E68BC5",
  "commit_hash.txt": "87940C639C31FDE9FC72B59A3D205466",
  "Dalamud.Boot.dll": "A4A834737FED2BFF9321A0AC851AE877",
  "Dalamud.Common.dll": "DA4BFD5E6576C012BF868B67C575943C",
  "Dalamud.deps.json": "EBB8ACF7E8FED90B9186D0F9ADC687A1",
  "Dalamud.dll": "71DB3003548F73BFB41FA7C79581E775",
  "Dalamud.Injector.deps.json": "C21972522E8133995B2C9562B3E39983",
  "Dalamud.Injector.dll": "453AB3169B2B6E4679DFA1AD343225D7",
  "Dalamud.Injector.exe": "0E342D02FCB9F7359109EB5895E65E2E",
  "Dalamud.Injector.runtimeconfig.json": "439C534917CEF268A731631073E50FE4",
  "Dalamud.Injector.xml": "6730B8BB13078B71889B5A56C5DFAC6D",
  "Dalamud.runtimeconfig.json": "CA3935E9C6B9E3300F2D7171E4AF6335",
  "Dalamud.xml": "68AD5035D540AD09A2BCE5F361E8CB76",
  "DalamudCrashHandler.exe": "B91D64A0B6190BEE6D64B0760EE1A53F",
  "FASM-LICENSE.TXT": "ECEA1D10811221D5F0A3E96F9C38E2C7",
  "FASM.DLL": "A7E8464E9DAB031FFAC89FCCA23138EA",
  "FASMX64.DLL": "82D7455EE80F155B9982C6B359F56FC7",
  "FFXIVClientStructs.dll": "E5D1CB536378C905F1D4DE36893C1030",
  "FFXIVClientStructs.xml": "1535EB975C95B9B17173082BD48F8779",
  "goatcorp.Reloaded.Assembler.targets": "CC22CB0A353E2136EE9E6E96DB9F7164",
  "Iced.dll": "AC8953855D965761A1DC5206EE99B337",
  "ImGui.NET.dll": "571F0D181AEC522D3FD19F460FA6690D",
  "ImGuiScene.dll": "0D8362D85A3D8339E16FB1D1354626B1",
  "InteropGenerator.Runtime.dll": "2FC5CBF0569FF47ABA9549D7B710BAAA",
  "JetBrains.Annotations.dll": "3B1159E935E5C218EAAA14F1259E8547",
  "licenses.txt": "A159BE62AA91178EFC3E3983AE874D1D",
  "Lumina.dll": "5DB29E4E12C582F80D2DC5CFDDD0EA83",
  "Lumina.Excel.dll": "6FCEA2F06280A0621C5D7687E2641DFF",
  "Microsoft.Bcl.HashCode.dll": "613AB56061ADF2284E047025207467E0",
  "Microsoft.DotNet.PlatformAbstractions.dll": "00AB0F02B1114C57C758F5AD595224F1",
  "Microsoft.Extensions.DependencyModel.dll": "F39BC76C10CFEA478C936FC4521A9FC9",
  "Microsoft.Extensions.ObjectPool.dll": "B0558CE087EAE95853E35579300F3A77",
  "MinSharp.dll": "87D0F78679A9CC4859D2533BB143E024",
  "Mono.Cecil.dll": "6AA89978EA25C967FE9FF750E8C1F88F",
  "Mono.Cecil.Mdb.dll": "ACCC45171DDC542D2DDBD99B86C12CEE",
  "Mono.Cecil.Pdb.dll": "235642ED5663F7153284FB7054A9B41B",
  "Mono.Cecil.Rocks.dll": "C88657F43301E7035D139EB136617CEF",
  "nethost.dll": "21F39F71E2F4B5BA9FB3F126872F2F9B",
  "Newtonsoft.Json.dll": "ADF3E3EECDE20B7C9661E9C47106A14A",
  "PeNet.Asn1.dll": "F4DDA6E1FAD7388537DCBB3BC319B4A2",
  "PeNet.dll": "B2C79D00C542D7E9333DBAEA2D66F081",
  "PInvoke.AdvApi32.dll": "34EE461D05B403C3A15D0DEC32A3788C",
  "PInvoke.BCrypt.dll": "FD07758EE1440491F22923084109FF26",
  "PInvoke.Cabinet.dll": "333D950E3804735DA60CC41D614C63E2",
  "PInvoke.CfgMgr32.dll": "768BE7CC18EDCF78B296A72ABE891691",
  "PInvoke.Crypt32.dll": "E7B00B0851738F4A7F2C6D37DAA973B4",
  "PInvoke.DbgHelp.dll": "E701136169620D20E3A70B560DE20E44",
  "PInvoke.DwmApi.dll": "ACF223CC8962404056648815B486F7D9",
  "PInvoke.Gdi32.dll": "69FF434826F98582CE44D3136ECFFACB",
  "PInvoke.Hid.dll": "2E7A41257F8AD9B26073181F450CD8E5",
  "PInvoke.ImageHlp.dll": "79BE816E8D86EA66489D7780DD675D49",
  "PInvoke.IPHlpApi.dll": "E949FA3326D1BA8872B179AB4EE49D38",
  "PInvoke.Kernel32.dll": "234E15B122ED430DE99490CA1A204958",
  "PInvoke.Magnification.dll": "C9EA3D34F506741ECC044DB19C151F09",
  "PInvoke.Msi.dll": "69EE50CE2DA6B55755E52589F49A7EBC",
  "PInvoke.NCrypt.dll": "DA1DE76C14D99370CA3BEF19DC299B15",
  "PInvoke.NetApi32.dll": "AE79F9FA2E3864A5E0642AE4622ECDC5",
  "PInvoke.NewDev.dll": "B3E1992105D986EF9C5C8E4B630FBB07",
  "PInvoke.NTDll.dll": "3F6BDF840EB27DD0FD9EB8071822183A",
  "PInvoke.Ole32.dll": "3C49FB100B60519FFE725BCD12A538F6",
  "PInvoke.Psapi.dll": "A7683EE4B880227F01C8AE632A892B9E",
  "PInvoke.SetupApi.dll": "1B7AE321185D0081D1759A9AD829F9BA",
  "PInvoke.SHCore.dll": "F27E7F063D51480F6D2294C903E4A606",
  "PInvoke.Shell32.dll": "F71A1BCAF6478190691170DAEA77722F",
  "PInvoke.User32.dll": "8BEDE38311ED4F27127290B81B8079FD",
  "PInvoke.Userenv.dll": "FEB7BCA90B8C905EC2F4BB0789847131",
  "PInvoke.UxTheme.dll": "8E683C016250CB719FDB9AAAFC22B3C5",
  "PInvoke.Windows.Core.dll": "90015440A44935208FFEA9BF61740651",
  "PInvoke.Windows.ShellScalingApi.dll": "F351B34B8C9183A51CADFDC279357C49",
  "PInvoke.WinUsb.dll": "9EB8A0280F2848D1A32B560A939F7336",
  "PInvoke.WtsApi32.dll": "341C94455D2E5893DBE4293D4D67AA4D",
  "Reloaded.Assembler.dll": "3A980C1D0FC8BD4DF286EC8B5E1F6A91",
  "Reloaded.Hooks.Definitions.dll": "B3904E04FAFDDFF7BBC65D1732EF0F52",
  "Reloaded.Hooks.dll": "AF365A2FA121CB53219B1160C36A290F",
  "Reloaded.Memory.Buffers.dll": "34EDCE5E0C0DC5F81CC31AD9EE7F626B",
  "Reloaded.Memory.dll": "66EDD07BAE8790CB1A6D1B764FD5FD8F",
  "revision.txt": "5F11B27F131494A1C014FCCED2F13165",
  "SDL2-CS.config": "65557595FD5DF55D93B2BF881DE62C3A",
  "SDL2-CS.dll": "AB67BCC48548C786BB63AC8377130416",
  "Serilog.dll": "7F2C9924DE0DB15FCD79DEDA1EF93285",
  "Serilog.Sinks.Async.dll": "937B615DCB4A9B679997D1B778251349",
  "Serilog.Sinks.Console.dll": "E77FDBE85986F2C34729D51EBEACE039",
  "Serilog.Sinks.File.dll": "12896EC45BEA85E76F50B336C867E3A1",
  "SharpDX.Direct3D11.dll": "640E19FBAF484BA93591FAD6BC4EBCC9",
  "SharpDX.dll": "B7A9ACA0E355428E8469D4B0410E5B1E",
  "SharpDX.DXGI.dll": "EF82B81C9436263C34B0689F6E7604E3",
  "SharpDX.Mathematics.dll": "C38EF1DA62D415E5339697697D1CB124",
  "Silk.NET.Core.dll": "33CA6FF9955915D33BBDB783E81E7F35",
  "Silk.NET.GLFW.dll": "A2BC07FED234D45DFA33450484599B0E",
  "Silk.NET.Maths.dll": "A5EF4D99F81356573FF8105726CFF57A",
  "Silk.NET.OpenGL.dll": "F9646A99ADECB708E641237F3FE08178",
  "Silk.NET.SDL.dll": "CC2BAE63630AD7CAECB606DF506223AB",
  "Silk.NET.Windowing.Common.dll": "9C558B7F4CAB4283F504F4B7140CE81B",
  "Silk.NET.Windowing.Glfw.dll": "D1C2F5942B304215E3271C4EE1D0771C",
  "Silk.NET.Windowing.Sdl.dll": "47A695EF0BEDB25F0B0B610E1B3C40FC",
  "SQLite-net.dll": "D0F60B10AB18EE66730DB492AAC10D76",
  "SQLitePCLRaw.batteries_v2.dll": "B782EDB056ACCD3A76D44697A8C5B56A",
  "SQLitePCLRaw.core.dll": "B3CA875F1F3A65906FF4207E96B752CB",
  "SQLitePCLRaw.nativelibrary.dll": "43C473A8CC58E713CCA076201E7B614D",
  "SQLitePCLRaw.provider.dynamic_cdecl.dll": "641D39899972963429165ACCB84E8A1B",
  "StbiSharp.dll": "FD344ED2BDD74B15871A03D5D3B6ACF0",
  "System.Reactive.dll": "EF5A00287AD15393D41B12AA4B726FF7",
  "System.Reflection.MetadataLoadContext.dll": "E88E3AF6D37736F339022C9ACC5F2F7B",
  "System.Security.Cryptography.Pkcs.dll": "8950E01996A37E808BE3F39063C37BF9",
  "TEMP_gitver.txt": "CAA29C1BEC9D8ED546D4FB89226F84E7",
  "TerraFX.Interop.Windows.dll": "84F7EF6B0DE91F8CC23F773D3FD6DEC0",
  "Validation.dll": "FBC4FECC82C57D9AFAD60EBC4A85338C"
}
