{
  "cs\\Microsoft.CodeAnalysis.CSharp.resources.dll": "F904FB7C0EB95623EB259D739D9F9A5A",
  "cs\\Microsoft.CodeAnalysis.CSharp.Scripting.resources.dll": "5E4AFA917C3DBD2AA71A7279AF15DD42",
  "cs\\Microsoft.CodeAnalysis.CSharp.Workspaces.resources.dll": "810E13DF9EA30A3718F01C21669667C3",
  "cs\\Microsoft.CodeAnalysis.resources.dll": "F8C30BB190ACE4F21752AAE7B48038B1",
  "cs\\Microsoft.CodeAnalysis.Scripting.resources.dll": "C761D274CA5BCCC7ECC609260D749587",
  "cs\\Microsoft.CodeAnalysis.Workspaces.resources.dll": "25CB826F820C2BA4369DA6DD4903AA74",
  "de\\Microsoft.CodeAnalysis.CSharp.resources.dll": "968B09E2F0244737588E4CDFF3EBC802",
  "de\\Microsoft.CodeAnalysis.CSharp.Scripting.resources.dll": "4E42C2E5B1ACB9885ED3C72FB163B33C",
  "de\\Microsoft.CodeAnalysis.CSharp.Workspaces.resources.dll": "B87C230C07B2989212A995D54C2D6E11",
  "de\\Microsoft.CodeAnalysis.resources.dll": "E6AFCC78E01C175E1C0ACA64C37A7DA1",
  "de\\Microsoft.CodeAnalysis.Scripting.resources.dll": "47C4006B2FFA80B5661B26A7016D001F",
  "de\\Microsoft.CodeAnalysis.Workspaces.resources.dll": "66940EA3B65A4C575754ED8FDFCD18E6",
  "es\\Microsoft.CodeAnalysis.CSharp.resources.dll": "314C6B7576C53BEB7642765B507ED20F",
  "es\\Microsoft.CodeAnalysis.CSharp.Scripting.resources.dll": "65B386D36D7401A9C453A1172A0C84BB",
  "es\\Microsoft.CodeAnalysis.CSharp.Workspaces.resources.dll": "48642E8127C6E452195661736E1AF003",
  "es\\Microsoft.CodeAnalysis.resources.dll": "B13343A4FA63ADC7BC5703AF6AED618C",
  "es\\Microsoft.CodeAnalysis.Scripting.resources.dll": "608052F4EF5CE8618A85D140A3F158F6",
  "es\\Microsoft.CodeAnalysis.Workspaces.resources.dll": "0E8ED4825B4286C85760B84CB9C32618",
  "fr\\Microsoft.CodeAnalysis.CSharp.resources.dll": "01F4C6E17AC58CF54655A8FF791E9AEF",
  "fr\\Microsoft.CodeAnalysis.CSharp.Scripting.resources.dll": "0B7B5F2B0F22D5057EF8D5741E68775E",
  "fr\\Microsoft.CodeAnalysis.CSharp.Workspaces.resources.dll": "4D3C5A197DB8BD882B338B4689FEBAE2",
  "fr\\Microsoft.CodeAnalysis.resources.dll": "890A66B5EC4798AC3BE0DD1A5A8F20AB",
  "fr\\Microsoft.CodeAnalysis.Scripting.resources.dll": "23213BE2A1FBB1172E75CA215B24DBE7",
  "fr\\Microsoft.CodeAnalysis.Workspaces.resources.dll": "699F846F1E3BB28CEFE0967EE18E41ED",
  "it\\Microsoft.CodeAnalysis.CSharp.resources.dll": "360FF47D49358A1FEB26368B453A2A24",
  "it\\Microsoft.CodeAnalysis.CSharp.Scripting.resources.dll": "9A080C8041D9BF63C3F786FCE68A54B0",
  "it\\Microsoft.CodeAnalysis.CSharp.Workspaces.resources.dll": "4F590E6C955953EBD1B3538D42774648",
  "it\\Microsoft.CodeAnalysis.resources.dll": "53D3A67E7634157A732A3C2F6BE1C9F1",
  "it\\Microsoft.CodeAnalysis.Scripting.resources.dll": "4E3AC5707F4A8A06637BF4AB8AA68752",
  "it\\Microsoft.CodeAnalysis.Workspaces.resources.dll": "81851255C4289D3CA0EFA8CD832413CD",
  "ja\\Microsoft.CodeAnalysis.CSharp.resources.dll": "B13E4910E74B897C3C74CA72F637D33B",
  "ja\\Microsoft.CodeAnalysis.CSharp.Scripting.resources.dll": "109F1FF9BE826E878F14F3C1F3FEFBDA",
  "ja\\Microsoft.CodeAnalysis.CSharp.Workspaces.resources.dll": "2FE57320914AB2E286095D1FFA358438",
  "ja\\Microsoft.CodeAnalysis.resources.dll": "74BDEFA239C0AA37236FB20ECCB7D5DE",
  "ja\\Microsoft.CodeAnalysis.Scripting.resources.dll": "1F6E6D46CD753F758896053E8088C345",
  "ja\\Microsoft.CodeAnalysis.Workspaces.resources.dll": "31616EF1FABEBB4E23AB7EB4DAF7C03E",
  "ko\\Microsoft.CodeAnalysis.CSharp.resources.dll": "04C4EC126BF11D6FFB7B3962735A1A1D",
  "ko\\Microsoft.CodeAnalysis.CSharp.Scripting.resources.dll": "65CFAACE2A87FA2E64B58B0300E0871E",
  "ko\\Microsoft.CodeAnalysis.CSharp.Workspaces.resources.dll": "F6FDF3123A62C51B642BA7226CD73967",
  "ko\\Microsoft.CodeAnalysis.resources.dll": "C65242E714D8BCE04E92D964DABB0614",
  "ko\\Microsoft.CodeAnalysis.Scripting.resources.dll": "C46441C8E7B09200ED18A64ECFB492E4",
  "ko\\Microsoft.CodeAnalysis.Workspaces.resources.dll": "2F5A54940167C9A83DF83CDFCF980B76",
  "pl\\Microsoft.CodeAnalysis.CSharp.resources.dll": "E7D67F3269787614124E0CC0B9944BB8",
  "pl\\Microsoft.CodeAnalysis.CSharp.Scripting.resources.dll": "A8E87F8891C0A80FDAD069BB5DB19D2D",
  "pl\\Microsoft.CodeAnalysis.CSharp.Workspaces.resources.dll": "D4E0413EE3A6DFE9C681878D49BFA7A8",
  "pl\\Microsoft.CodeAnalysis.resources.dll": "7B453214ADD348B5C3D1DAFD794FEAF0",
  "pl\\Microsoft.CodeAnalysis.Scripting.resources.dll": "46667BE3ADC2C6B006B3BCE2C1B19FC1",
  "pl\\Microsoft.CodeAnalysis.Workspaces.resources.dll": "9FB301A2CC4E2FACB7E14A617CDC67B9",
  "pt-BR\\Microsoft.CodeAnalysis.CSharp.resources.dll": "29EBC5563CAFBDAF8B9ACA410C33DB94",
  "pt-BR\\Microsoft.CodeAnalysis.CSharp.Scripting.resources.dll": "E1A6EDF4DDBDB7630520DCF3B8882429",
  "pt-BR\\Microsoft.CodeAnalysis.CSharp.Workspaces.resources.dll": "D33C1A34D66DD607F87B2E74AE785C5F",
  "pt-BR\\Microsoft.CodeAnalysis.resources.dll": "F1C0C187D99B9ED14F75F5CEABEB3613",
  "pt-BR\\Microsoft.CodeAnalysis.Scripting.resources.dll": "8771DCE5C8AD8611FDC3368165448841",
  "pt-BR\\Microsoft.CodeAnalysis.Workspaces.resources.dll": "D90E693C1EA15EEBD294F9E72374FC1A",
  "ru\\Microsoft.CodeAnalysis.CSharp.resources.dll": "557D9A7A1CC607DEE976759DC875A3A6",
  "ru\\Microsoft.CodeAnalysis.CSharp.Scripting.resources.dll": "8CAE53024754F605BB7A7AF36B9D35B7",
  "ru\\Microsoft.CodeAnalysis.CSharp.Workspaces.resources.dll": "5F7C2E4BAFC9CBE1C590540B30D6190D",
  "ru\\Microsoft.CodeAnalysis.resources.dll": "AEC541884254A3E04FE59E313C2D18F2",
  "ru\\Microsoft.CodeAnalysis.Scripting.resources.dll": "F2F4FC92C782D54DC116C7EEFD186757",
  "ru\\Microsoft.CodeAnalysis.Workspaces.resources.dll": "0F993A442C5769328758D53A27CD88CD",
  "runtimes\\linux-x64\\native\\libglfw.so.3": "9E3137144F68B9E9793F4C7AD5B1BEA7",
  "runtimes\\linux-x64\\native\\libSDL2-2.0.so": "99B95A708381FC66AB2370E45A260527",
  "runtimes\\linux-x64\\native\\libstbi.so": "0945355ED59677D06E3E88F48101BB26",
  "runtimes\\osx-x64\\native\\libglfw.3.dylib": "1E30FAB2F0C40E82290AD4B0BF14A880",
  "runtimes\\osx-x64\\native\\libSDL2-2.0.dylib": "AAC958490586C67395F0A90903AE3747",
  "runtimes\\osx-x64\\native\\libstbi.dylib": "0B84B0A6A80178266018081C3CAB68E6",
  "runtimes\\unix\\lib\\netcoreapp3.0\\System.Drawing.Common.dll": "6DDDA9858492A7D5887112FD98BA4D59",
  "runtimes\\win\\lib\\netcoreapp3.0\\System.Drawing.Common.dll": "86268518C164BDD38217DCD8E74A2543",
  "runtimes\\win-x64\\native\\glfw3.dll": "0515F263F8ACE4BA1DB8AADA30AF87D5",
  "runtimes\\win-x64\\native\\SDL2.dll": "7A11CBCF3D011D61DFC45EEEA0197839",
  "runtimes\\win-x64\\native\\stbi.dll": "32E0A20B753C874E73D4E53ACCEC7D6D",
  "runtimes\\win-x64\\native\\stbi.lib": "927C214DE576219E1F80DBE7798A0502",
  "runtimes\\win-x86\\native\\glfw3.dll": "93B194178AEF1070C2FD183BB820F40D",
  "runtimes\\win-x86\\native\\SDL2.dll": "FC9437F416F54994C83E9403BD861107",
  "tr\\Microsoft.CodeAnalysis.CSharp.resources.dll": "66017CD125F91295876D04B20DAE4780",
  "tr\\Microsoft.CodeAnalysis.CSharp.Scripting.resources.dll": "6987E467B2CFE239D46132D9715AD3D0",
  "tr\\Microsoft.CodeAnalysis.CSharp.Workspaces.resources.dll": "E5F30D242CEF4E58FC5FCEDAAEC21F5C",
  "tr\\Microsoft.CodeAnalysis.resources.dll": "6F9558DDA252ADD3D139C14484ABD54F",
  "tr\\Microsoft.CodeAnalysis.Scripting.resources.dll": "761250B7F28D89B15B671C3E5856D864",
  "tr\\Microsoft.CodeAnalysis.Workspaces.resources.dll": "F9CC8D5BAA66A27C12B10FFD6CB1EA22",
  "zh-Hans\\Microsoft.CodeAnalysis.CSharp.resources.dll": "3DD7F6F6CE6A72887BCEFA99BBE571DB",
  "zh-Hans\\Microsoft.CodeAnalysis.CSharp.Scripting.resources.dll": "00D332C13CCF86C05356467B09C952D8",
  "zh-Hans\\Microsoft.CodeAnalysis.CSharp.Workspaces.resources.dll": "CDC9981DD504967624C60641B079EE99",
  "zh-Hans\\Microsoft.CodeAnalysis.resources.dll": "F28B31467A2D6BCE71B5C82FFB55AA97",
  "zh-Hans\\Microsoft.CodeAnalysis.Scripting.resources.dll": "D17ADBF52071586F02D5472AC7EB5C82",
  "zh-Hans\\Microsoft.CodeAnalysis.Workspaces.resources.dll": "2BF99D9219A1E969A81FE51BB02FE489",
  "zh-Hant\\Microsoft.CodeAnalysis.CSharp.resources.dll": "E0F609C14104C13B88C2B694111134D3",
  "zh-Hant\\Microsoft.CodeAnalysis.CSharp.Scripting.resources.dll": "979E6A5991B1C011AEAEA42B19E9818E",
  "zh-Hant\\Microsoft.CodeAnalysis.CSharp.Workspaces.resources.dll": "4CC9381387CD68568F7888073E529C03",
  "zh-Hant\\Microsoft.CodeAnalysis.resources.dll": "AC6F2F6CBEF9B4805741B13592F38306",
  "zh-Hant\\Microsoft.CodeAnalysis.Scripting.resources.dll": "886375E2F2F8D49240A509358FE0C6D5",
  "zh-Hant\\Microsoft.CodeAnalysis.Workspaces.resources.dll": "790D47A606AC6E66FC89BB3FAB13172A",
  "0Harmony.dll": "4F6F494C4ED069FB7BFBE7F61278A86E",
  "CheapLoc.dll": "A889B7561AD4B1C74419AE53135F0DDE",
  "Dalamud.Boot.dll": "5D41414A9B9A1CEE4642FCAB8313B56D",
  "Dalamud.deps.json": "8EF48E595D7B86519A5CD20F19B21B35",
  "Dalamud.dll": "15DED2EF335821279398519E5DE06390",
  "Dalamud.Injector.deps.json": "FFB1FE736AD6715CDD67EF3BA9701D5F",
  "Dalamud.Injector.dll": "D6FB526F97B2A6E09FE97FD3107EE5C9",
  "Dalamud.Injector.exe": "E727DD2CFAF4D7398A57269ABCBAB289",
  "Dalamud.Injector.runtimeconfig.dev.json": "4401D17ABD0EF52E8F60C95C1E1196A5",
  "Dalamud.Injector.runtimeconfig.json": "9B27758DFD3B7FE82EC6BFEC19531D6B",
  "Dalamud.Injector.xml": "A42662951E4169A6629AC8233283CC4A",
  "Dalamud.runtimeconfig.dev.json": "4401D17ABD0EF52E8F60C95C1E1196A5",
  "Dalamud.runtimeconfig.json": "308DB40BE9CF853F6571F09D97788371",
  "Dalamud.xml": "D890C67302AE3F60CB5C1E562117C3B5",
  "FASM.DLL": "793AB4CD7A8D490412747DCD2BED25EC",
  "FASM-LICENSE.TXT": "ECEA1D10811221D5F0A3E96F9C38E2C7",
  "FASMX64.DLL": "818EF3928DB004EF6FC84FC6CDD48A97",
  "FFXIVClientStructs.Common.dll": "BB15A63C9D50394A6E4ED8886CCE219D",
  "FFXIVClientStructs.dll": "45C58C8414224EF027BCB50DF161345D",
  "FFXIVClientStructs.Generators.dll": "391DFB3F52FFB639B03956ACA72F3D8F",
  "Humanizer.dll": "5FC547C851275CC7A1227843C7B35DAA",
  "Iced.dll": "EE697D219B58B91FE6CA6046C13F378A",
  "ImGui.NET.dll": "CE2FD2D3408192776F8845682A17E42F",
  "ImGuiScene.dll": "ECC5538609A7BD5B8BC6E85FE5C8384A",
  "JetBrains.Annotations.dll": "FAAB370045A87C53A6995FBD35F4D82E",
  "Lumina.dll": "C9C5DF5BB500513D7F4CD37E6E5F1ADC",
  "Lumina.Excel.dll": "E844A7C4034F7CEB7FB89CFD91D13387",
  "McMaster.NETCore.Plugins.dll": "6A0EC6FC63D66ABBB60493BB53AEAFF6",
  "Microsoft.Bcl.AsyncInterfaces.dll": "84520CCF3E7F424CE2C291529400A196",
  "Microsoft.Bcl.HashCode.dll": "613AB56061ADF2284E047025207467E0",
  "Microsoft.CodeAnalysis.CSharp.dll": "AD1B72206169545F351BA185D3EC3298",
  "Microsoft.CodeAnalysis.CSharp.Scripting.dll": "478C4D0BF2827268782E188D85628455",
  "Microsoft.CodeAnalysis.CSharp.Workspaces.dll": "9FE1B23D811B6EAFD9B9111592D04C52",
  "Microsoft.CodeAnalysis.dll": "6B61EDC4E96EB485F49908ABAD619D72",
  "Microsoft.CodeAnalysis.Scripting.dll": "D9F5FA092DF88E3EDB17A3DAD7F22851",
  "Microsoft.CodeAnalysis.Workspaces.dll": "82E318304A8A0E8299BD73B6F1E0AEE5",
  "Microsoft.DotNet.PlatformAbstractions.dll": "00AB0F02B1114C57C758F5AD595224F1",
  "Microsoft.Extensions.DependencyModel.dll": "104B74E47E79E12E4E6EBCA324C48D29",
  "Mono.Cecil.dll": "7C40214D60B54749A1A7F79EA6F62BAC",
  "Mono.Cecil.Mdb.dll": "0C4EC4EB146BFE047755669C8060A967",
  "Mono.Cecil.Pdb.dll": "743102D277A8754DC74F7644E03A8956",
  "Mono.Cecil.Rocks.dll": "FE8C2B2EEF6E5E7284DC9B522A7BE468",
  "MonoMod.Common.dll": "FC31764E658FECFD35CC5852D5CC69B5",
  "nethost.dll": "012081214FE71F0F6ADCD9F4A71B2B00",
  "Newtonsoft.Json.dll": "916D32B899F1BC23B209648D007B99FD",
  "PeNet.Asn1.dll": "13277F0BF9D56C0615296AA3C4792B2C",
  "PeNet.dll": "44B99BADBB59494BCE3B6A4B95377DA8",
  "PInvoke.AdvApi32.dll": "34EE461D05B403C3A15D0DEC32A3788C",
  "PInvoke.BCrypt.dll": "FD07758EE1440491F22923084109FF26",
  "PInvoke.Cabinet.dll": "333D950E3804735DA60CC41D614C63E2",
  "PInvoke.CfgMgr32.dll": "768BE7CC18EDCF78B296A72ABE891691",
  "PInvoke.Crypt32.dll": "E7B00B0851738F4A7F2C6D37DAA973B4",
  "PInvoke.DbgHelp.dll": "E701136169620D20E3A70B560DE20E44",
  "PInvoke.DwmApi.dll": "ACF223CC8962404056648815B486F7D9",
  "PInvoke.Gdi32.dll": "69FF434826F98582CE44D3136ECFFACB",
  "PInvoke.Hid.dll": "2E7A41257F8AD9B26073181F450CD8E5",
  "PInvoke.ImageHlp.dll": "79BE816E8D86EA66489D7780DD675D49",
  "PInvoke.IPHlpApi.dll": "E949FA3326D1BA8872B179AB4EE49D38",
  "PInvoke.Kernel32.dll": "234E15B122ED430DE99490CA1A204958",
  "PInvoke.Magnification.dll": "C9EA3D34F506741ECC044DB19C151F09",
  "PInvoke.Msi.dll": "69EE50CE2DA6B55755E52589F49A7EBC",
  "PInvoke.NCrypt.dll": "DA1DE76C14D99370CA3BEF19DC299B15",
  "PInvoke.NetApi32.dll": "AE79F9FA2E3864A5E0642AE4622ECDC5",
  "PInvoke.NewDev.dll": "B3E1992105D986EF9C5C8E4B630FBB07",
  "PInvoke.NTDll.dll": "3F6BDF840EB27DD0FD9EB8071822183A",
  "PInvoke.Ole32.dll": "3C49FB100B60519FFE725BCD12A538F6",
  "PInvoke.Psapi.dll": "A7683EE4B880227F01C8AE632A892B9E",
  "PInvoke.SetupApi.dll": "1B7AE321185D0081D1759A9AD829F9BA",
  "PInvoke.SHCore.dll": "F27E7F063D51480F6D2294C903E4A606",
  "PInvoke.Shell32.dll": "F71A1BCAF6478190691170DAEA77722F",
  "PInvoke.User32.dll": "8BEDE38311ED4F27127290B81B8079FD",
  "PInvoke.Userenv.dll": "FEB7BCA90B8C905EC2F4BB0789847131",
  "PInvoke.UxTheme.dll": "8E683C016250CB719FDB9AAAFC22B3C5",
  "PInvoke.Windows.Core.dll": "90015440A44935208FFEA9BF61740651",
  "PInvoke.Windows.ShellScalingApi.dll": "F351B34B8C9183A51CADFDC279357C49",
  "PInvoke.WinUsb.dll": "9EB8A0280F2848D1A32B560A939F7336",
  "PInvoke.WtsApi32.dll": "341C94455D2E5893DBE4293D4D67AA4D",
  "Reloaded.Assembler.dll": "C754A086AA5B6F5BC1EFDAE1125D41DC",
  "Reloaded.Assembler.targets": "CC22CB0A353E2136EE9E6E96DB9F7164",
  "Reloaded.Hooks.Definitions.dll": "1CA2E45F891A26B90FE32E5002C1DABB",
  "Reloaded.Hooks.dll": "5ECF3BC70218F38A4B7DF27F23BD99D8",
  "Reloaded.Memory.Buffers.dll": "AE9CB903CAEC48640496D84C6D26C077",
  "Reloaded.Memory.dll": "44CAD4BAD6E2FDE73BCEC5A1DB9F6122",
  "Scriban.dll": "14BA3DCCEE18C837D24EDBF5C7910BF8",
  "Scriban.xml": "A06B5D40075A9F089EE40A4B3445F031",
  "SDL2-CS.config": "65557595FD5DF55D93B2BF881DE62C3A",
  "SDL2-CS.dll": "D839446353E89758800A3891FE8D2DAE",
  "Serilog.dll": "181F3E3D0C509566283156816EB317CA",
  "Serilog.Sinks.Async.dll": "3106495323806F04C7837F30B1937D39",
  "Serilog.Sinks.File.dll": "E5AE6947F5EF06D6A52A86D07CEBCB3B",
  "SharpDisasm.dll": "C09A0B3E41B8D13D8B0FF8F3D72B064B",
  "SharpDX.Direct3D11.dll": "D2C094FEF2DF16D0FE0E538F4179FDA1",
  "SharpDX.dll": "6C00B8BE8FB6FF838C79C9DE405DB1F5",
  "SharpDX.DXGI.dll": "FACCD233E453D81A69C5081971031ED9",
  "SharpDX.Mathematics.dll": "627AA0022B8549C41DC65777CEC20F30",
  "Silk.NET.Core.dll": "B68191524395A1A200E668FB7722EB30",
  "Silk.NET.GLFW.dll": "FA158408831CA3B3A9BCDB5ADED20C8E",
  "Silk.NET.Maths.dll": "C9B9FF599E789D8AEC49E85DDCED1A1E",
  "Silk.NET.OpenGL.dll": "5CAEF87F2B3A920F28B255E5442CA01F",
  "Silk.NET.SDL.dll": "7F4F0250947EC2A5CA5E51BF5E8D4BC1",
  "Silk.NET.Windowing.Common.dll": "C1EC1EDC12583BD7F261D0EF764544C9",
  "Silk.NET.Windowing.Glfw.dll": "A90DDB9755E4159F355E057149787351",
  "Silk.NET.Windowing.Sdl.dll": "8E8DD33C9F719106C920641563613E76",
  "StbiSharp.dll": "E74B723FBB51F705C02A351B06C90F07",
  "System.Composition.AttributedModel.dll": "24A0C8CCE8C132DF82C9B9C1AE834D05",
  "System.Composition.Convention.dll": "8246FE61081B4C23FFD9C45DD0E4B15B",
  "System.Composition.Hosting.dll": "D84515EE702052020EAAB048C0C221E3",
  "System.Composition.Runtime.dll": "D18C354A78688D6A3CF68A0567AF40E3",
  "System.Composition.TypedParts.dll": "B91887BFCA35E50CCE9F2D7102C88706",
  "System.Drawing.Common.dll": "81322ED16B5B8CC51936161EF92889C5",
  "System.IO.Pipelines.dll": "B21CCC96E829F87931108B0CB4DD4F9F",
  "System.Reflection.MetadataLoadContext.dll": "5675DBCB2208324B6CB8D2D334682132",
  "System.Security.Cryptography.Pkcs.dll": "8950E01996A37E808BE3F39063C37BF9",
  "Validation.dll": "B2E7F6E81AB0DCF99FC04497A525C145"
}
