{
  "runtimes\\alpine-x64\\native\\libe_sqlite3.so": "39C244FEDBCD3DFC37041D4FCE1AE21D",
  "runtimes\\linux-arm\\native\\libe_sqlite3.so": "96CF54BC0EFB83D6E3F5F3E04997A59D",
  "runtimes\\linux-arm64\\native\\libe_sqlite3.so": "F079E55E7F3F9966A4A2052A3234E068",
  "runtimes\\linux-armel\\native\\libe_sqlite3.so": "C5A67D49434FC65D64E9C15778078C76",
  "runtimes\\linux-mips64\\native\\libe_sqlite3.so": "5F8461214089CFC677D46C19B7162161",
  "runtimes\\linux-musl-x64\\native\\libe_sqlite3.so": "39C244FEDBCD3DFC37041D4FCE1AE21D",
  "runtimes\\linux-x64\\native\\libe_sqlite3.so": "6F49C540D3AB9964D67A4A704C3D262D",
  "runtimes\\linux-x64\\native\\libglfw.so.3": "9E3137144F68B9E9793F4C7AD5B1BEA7",
  "runtimes\\linux-x64\\native\\libSDL2-2.0.so": "99B95A708381FC66AB2370E45A260527",
  "runtimes\\linux-x64\\native\\libstbi.so": "0945355ED59677D06E3E88F48101BB26",
  "runtimes\\linux-x86\\native\\libe_sqlite3.so": "5E0659B414CBD6DDC38C65582485853E",
  "runtimes\\osx-x64\\native\\libe_sqlite3.dylib": "F82AE134FCD1C080A69D775591406673",
  "runtimes\\osx-x64\\native\\libglfw.3.dylib": "1E30FAB2F0C40E82290AD4B0BF14A880",
  "runtimes\\osx-x64\\native\\libSDL2-2.0.dylib": "AAC958490586C67395F0A90903AE3747",
  "runtimes\\osx-x64\\native\\libstbi.dylib": "0B84B0A6A80178266018081C3CAB68E6",
  "runtimes\\win-arm\\native\\e_sqlite3.dll": "53EFF18B4EAACA5AF78B34EE0E5CA60E",
  "runtimes\\win-arm64\\native\\e_sqlite3.dll": "7C9A874BF3AE086B1DCCA942EF4D0690",
  "runtimes\\win-x64\\native\\e_sqlite3.dll": "BF4ADE8A8BE91D532B8BACD2CE2B1842",
  "runtimes\\win-x64\\native\\glfw3.dll": "81D32B311522D7F1F19A754C55FD7D38",
  "runtimes\\win-x64\\native\\minhook.x64d.dll": "0ACB3EED7EFB081139E5B8FE9D916671",
  "runtimes\\win-x64\\native\\SDL2.dll": "11CF726C028E173928CE645F525C431B",
  "runtimes\\win-x64\\native\\stbi.dll": "F5D541D4BBC265FD354530493EA6C9A6",
  "runtimes\\win-x64\\native\\stbi.lib": "927C214DE576219E1F80DBE7798A0502",
  "runtimes\\win-x86\\native\\e_sqlite3.dll": "EE50236DF1F4668580E3A0849A283A69",
  "runtimes\\win-x86\\native\\glfw3.dll": "9ADF3327BC4D53091BCF87905E37E76C",
  "runtimes\\win-x86\\native\\SDL2.dll": "CA97B5BDFF1611F870531759D6ECD99D",
  "targets\\Dalamud.Plugin.Bootstrap.targets": "C85635161398CD9852CF7212DB7EB904",
  "targets\\Dalamud.Plugin.targets": "394EE2BEC70254F76ABBE2C33F62BBFA",
  "BitFaster.Caching.dll": "0BB73BF214640EA5CE782945C3C4F1D9",
  "CheapLoc.dll": "17A010F46912C6DA2CD9A25348A77179",
  "cimgui.dll": "3A54B8AB76F1C29DF4AF7784B907CD4A",
  "cimguizmo.dll": "E2AB9BB48BA797BB560D4F1B1758EF0E",
  "cimplot.dll": "8E5863FA8E7D20E92A99F6AE62808943",
  "commit_hash.txt": "01E205035B89515E046C868A70030F2B",
  "Dalamud.Boot.dll": "E0E7FD2DEA9551431DD70563BBCDBF02",
  "Dalamud.Common.dll": "752023C19B338FD82B4A5C7B43C98CDA",
  "Dalamud.deps.json": "5EC89788C8E934FF493E8446ADC4F615",
  "Dalamud.dll": "94DC8537C2BE97800ED14CB613175AFA",
  "Dalamud.Injector.deps.json": "C21972522E8133995B2C9562B3E39983",
  "Dalamud.Injector.dll": "F6432D87E6731D7CAAD9CECB7F0A1741",
  "Dalamud.Injector.exe": "D660BA9F76CE943C8B921557609C1C54",
  "Dalamud.Injector.runtimeconfig.json": "439C534917CEF268A731631073E50FE4",
  "Dalamud.Injector.xml": "6730B8BB13078B71889B5A56C5DFAC6D",
  "Dalamud.runtimeconfig.json": "CA3935E9C6B9E3300F2D7171E4AF6335",
  "Dalamud.xml": "BAC717D37BE2423D5479D165B77109F8",
  "DalamudCrashHandler.exe": "A93FA9C0795EA82728702CD2312DAA33",
  "FASM-LICENSE.TXT": "ECEA1D10811221D5F0A3E96F9C38E2C7",
  "FASM.DLL": "F6B195FEBA0DAFADE86CF99F6689BD85",
  "FASMX64.DLL": "1756D0C122953C751F392EA3A4B4C6ED",
  "FFXIVClientStructs.dll": "513FE78482A1D6203E815C2A67E7C18D",
  "FFXIVClientStructs.xml": "6DA9E4BFE90A8E57A0605E292DE68642",
  "goaaats.Reloaded.Assembler.targets": "CC22CB0A353E2136EE9E6E96DB9F7164",
  "Iced.dll": "0708F10DD9224C4571AD3EE46EB01A92",
  "ImGui.NET.dll": "BA466139947274B2389D25623119D7B0",
  "ImGuiScene.dll": "0492A1920F7A7A9CCA4A51F7FD1440C6",
  "InteropGenerator.Runtime.dll": "50F107F88AEC8DB10799F4E467592544",
  "JetBrains.Annotations.dll": "27249F90762D1BB480E629A960C5938A",
  "licenses.txt": "A159BE62AA91178EFC3E3983AE874D1D",
  "Lumina.dll": "72C4B747C4AC5F70ECC5C3DD96B9C6F6",
  "Lumina.Excel.dll": "C83F23A8B644519B4909A4B95754997D",
  "Microsoft.Bcl.HashCode.dll": "613AB56061ADF2284E047025207467E0",
  "Microsoft.DotNet.PlatformAbstractions.dll": "00AB0F02B1114C57C758F5AD595224F1",
  "Microsoft.Extensions.DependencyModel.dll": "F39BC76C10CFEA478C936FC4521A9FC9",
  "Microsoft.Extensions.ObjectPool.dll": "B0558CE087EAE95853E35579300F3A77",
  "MinSharp.dll": "54F9ADE2BC994BFC49F723A1150B3D59",
  "Mono.Cecil.dll": "25639D6C7E587CE538D18EA018DF8C26",
  "Mono.Cecil.Mdb.dll": "E3DB9DCE8B651D381A3A443ABB53152D",
  "Mono.Cecil.Pdb.dll": "5F8D50806D6510B0A599E4692C71ED3E",
  "Mono.Cecil.Rocks.dll": "02255F23D9C4E1B68F54D74D80A8198F",
  "nethost.dll": "21F39F71E2F4B5BA9FB3F126872F2F9B",
  "Newtonsoft.Json.dll": "ADF3E3EECDE20B7C9661E9C47106A14A",
  "PeNet.Asn1.dll": "C30EF6C7A894E4261B5FCCC6A574F0FF",
  "PeNet.dll": "C37C3DCF0C91F6EB820A9A887B569401",
  "PInvoke.AdvApi32.dll": "34EE461D05B403C3A15D0DEC32A3788C",
  "PInvoke.BCrypt.dll": "FD07758EE1440491F22923084109FF26",
  "PInvoke.Cabinet.dll": "333D950E3804735DA60CC41D614C63E2",
  "PInvoke.CfgMgr32.dll": "768BE7CC18EDCF78B296A72ABE891691",
  "PInvoke.Crypt32.dll": "E7B00B0851738F4A7F2C6D37DAA973B4",
  "PInvoke.DbgHelp.dll": "E701136169620D20E3A70B560DE20E44",
  "PInvoke.DwmApi.dll": "ACF223CC8962404056648815B486F7D9",
  "PInvoke.Gdi32.dll": "69FF434826F98582CE44D3136ECFFACB",
  "PInvoke.Hid.dll": "2E7A41257F8AD9B26073181F450CD8E5",
  "PInvoke.ImageHlp.dll": "79BE816E8D86EA66489D7780DD675D49",
  "PInvoke.IPHlpApi.dll": "E949FA3326D1BA8872B179AB4EE49D38",
  "PInvoke.Kernel32.dll": "234E15B122ED430DE99490CA1A204958",
  "PInvoke.Magnification.dll": "C9EA3D34F506741ECC044DB19C151F09",
  "PInvoke.Msi.dll": "69EE50CE2DA6B55755E52589F49A7EBC",
  "PInvoke.NCrypt.dll": "DA1DE76C14D99370CA3BEF19DC299B15",
  "PInvoke.NetApi32.dll": "AE79F9FA2E3864A5E0642AE4622ECDC5",
  "PInvoke.NewDev.dll": "B3E1992105D986EF9C5C8E4B630FBB07",
  "PInvoke.NTDll.dll": "3F6BDF840EB27DD0FD9EB8071822183A",
  "PInvoke.Ole32.dll": "3C49FB100B60519FFE725BCD12A538F6",
  "PInvoke.Psapi.dll": "A7683EE4B880227F01C8AE632A892B9E",
  "PInvoke.SetupApi.dll": "1B7AE321185D0081D1759A9AD829F9BA",
  "PInvoke.SHCore.dll": "F27E7F063D51480F6D2294C903E4A606",
  "PInvoke.Shell32.dll": "F71A1BCAF6478190691170DAEA77722F",
  "PInvoke.User32.dll": "8BEDE38311ED4F27127290B81B8079FD",
  "PInvoke.Userenv.dll": "FEB7BCA90B8C905EC2F4BB0789847131",
  "PInvoke.UxTheme.dll": "8E683C016250CB719FDB9AAAFC22B3C5",
  "PInvoke.Windows.Core.dll": "90015440A44935208FFEA9BF61740651",
  "PInvoke.Windows.ShellScalingApi.dll": "F351B34B8C9183A51CADFDC279357C49",
  "PInvoke.WinUsb.dll": "9EB8A0280F2848D1A32B560A939F7336",
  "PInvoke.WtsApi32.dll": "341C94455D2E5893DBE4293D4D67AA4D",
  "Reloaded.Assembler.dll": "20CECAF6A596B45C8F3F3A00459F228A",
  "Reloaded.Hooks.Definitions.dll": "48363F740787525FF4179389260C9A2A",
  "Reloaded.Hooks.dll": "441FF07F004FA859625AF1FDD16460CD",
  "Reloaded.Memory.Buffers.dll": "0A9E7EF7C005A640BF45FFB9C1EAEC8C",
  "Reloaded.Memory.dll": "E07055202E17E7EC60D92368C5B60BF8",
  "revision.txt": "045752BC5C7F705CEA3CC14C036C261C",
  "SDL2-CS.config": "65557595FD5DF55D93B2BF881DE62C3A",
  "SDL2-CS.dll": "6FBFDF16C706F88206353DA1047CC7DE",
  "Serilog.dll": "18D9E37D9D899E7EEB9B4EC3AFFCC68C",
  "Serilog.Sinks.Async.dll": "BE23111FF0A9A30386C01FEE384BC333",
  "Serilog.Sinks.Console.dll": "704739840393DCB3F917CFACF792908E",
  "Serilog.Sinks.File.dll": "B0DB97CAC63E0B0D7145C00A71F58C24",
  "SharpDX.Direct3D11.dll": "DDECF2512EDC27AB1893B21B7F53F4CE",
  "SharpDX.dll": "FC3B338B94E84ADA27D851569771D86A",
  "SharpDX.DXGI.dll": "3E4033BDF48B912C61C3AEA5D7C9E0E0",
  "SharpDX.Mathematics.dll": "CB452120352FD31C7D70DEA4887A2C1E",
  "Silk.NET.Core.dll": "75175819D8DD90F5780915B08857ABBA",
  "Silk.NET.GLFW.dll": "2B535E474BAFA3979172B5E12D971118",
  "Silk.NET.Maths.dll": "540670852266637802214FEA6C5D8947",
  "Silk.NET.OpenGL.dll": "4D3D5A3CC1D8997A0FC2DC4631DA5757",
  "Silk.NET.SDL.dll": "9EEE0C27FA3095A4F6F51E1526499EB8",
  "Silk.NET.Windowing.Common.dll": "833229CA951459719C67AA6887E2A52D",
  "Silk.NET.Windowing.Glfw.dll": "E4D8C9E896CB6539F967C96828CB781D",
  "Silk.NET.Windowing.Sdl.dll": "052423AE636B5143FC3C47A4413A77A4",
  "SQLite-net.dll": "172FB2ED36C869B8F34EB81A4C9F10B7",
  "SQLitePCLRaw.batteries_v2.dll": "5D9A516F7C0B3190F67965570B65BB4F",
  "SQLitePCLRaw.core.dll": "9A1D87F352356BB5A1869A643CAE38A8",
  "SQLitePCLRaw.nativelibrary.dll": "D41F741B772AA5DD8DB4FEE1F8E06A70",
  "SQLitePCLRaw.provider.dynamic_cdecl.dll": "A4D41532234891B1821791CE4A07C2EE",
  "StbiSharp.dll": "0DC1F011623B4D3A0031AB73A30A8CB5",
  "System.Reactive.dll": "EF5A00287AD15393D41B12AA4B726FF7",
  "System.Reflection.MetadataLoadContext.dll": "E88E3AF6D37736F339022C9ACC5F2F7B",
  "System.Security.Cryptography.Pkcs.dll": "8950E01996A37E808BE3F39063C37BF9",
  "TEMP_gitver.txt": "C900CB4511AA991A8C4DC0E385F68CD9",
  "TerraFX.Interop.Windows.dll": "84F7EF6B0DE91F8CC23F773D3FD6DEC0",
  "Validation.dll": "EF0028F98A302E5568E8BFD99E375ECC"
}
