{
  "runtimes\\alpine-x64\\native\\libe_sqlite3.so": "39C244FEDBCD3DFC37041D4FCE1AE21D",
  "runtimes\\linux-arm\\native\\libe_sqlite3.so": "96CF54BC0EFB83D6E3F5F3E04997A59D",
  "runtimes\\linux-arm64\\native\\libe_sqlite3.so": "F079E55E7F3F9966A4A2052A3234E068",
  "runtimes\\linux-armel\\native\\libe_sqlite3.so": "C5A67D49434FC65D64E9C15778078C76",
  "runtimes\\linux-mips64\\native\\libe_sqlite3.so": "5F8461214089CFC677D46C19B7162161",
  "runtimes\\linux-musl-x64\\native\\libe_sqlite3.so": "39C244FEDBCD3DFC37041D4FCE1AE21D",
  "runtimes\\linux-x64\\native\\libe_sqlite3.so": "6F49C540D3AB9964D67A4A704C3D262D",
  "runtimes\\linux-x64\\native\\libglfw.so.3": "9E3137144F68B9E9793F4C7AD5B1BEA7",
  "runtimes\\linux-x64\\native\\libSDL2-2.0.so": "99B95A708381FC66AB2370E45A260527",
  "runtimes\\linux-x64\\native\\libstbi.so": "0945355ED59677D06E3E88F48101BB26",
  "runtimes\\linux-x86\\native\\libe_sqlite3.so": "5E0659B414CBD6DDC38C65582485853E",
  "runtimes\\osx-x64\\native\\libe_sqlite3.dylib": "F82AE134FCD1C080A69D775591406673",
  "runtimes\\osx-x64\\native\\libglfw.3.dylib": "1E30FAB2F0C40E82290AD4B0BF14A880",
  "runtimes\\osx-x64\\native\\libSDL2-2.0.dylib": "AAC958490586C67395F0A90903AE3747",
  "runtimes\\osx-x64\\native\\libstbi.dylib": "0B84B0A6A80178266018081C3CAB68E6",
  "runtimes\\win-arm\\native\\e_sqlite3.dll": "2F5D94CB21E89CFE207CA8EBCF6D575F",
  "runtimes\\win-arm64\\native\\e_sqlite3.dll": "47431C21F8E7C842F1DF2449EFB2A7FF",
  "runtimes\\win-x64\\native\\cimgui.dll": "66B349013328AD0A5A2711052288D78D",
  "runtimes\\win-x64\\native\\cimguizmo.dll": "D2DAF79F88894E7E2022055C6BCD558E",
  "runtimes\\win-x64\\native\\cimplot.dll": "E91A6E00F4FF32CE7302F6CD8466100C",
  "runtimes\\win-x64\\native\\e_sqlite3.dll": "FCEF8E3E637E13DC70ABC91B541DFDD4",
  "runtimes\\win-x64\\native\\glfw3.dll": "6DA98AE17A7687377B466EA3493A2358",
  "runtimes\\win-x64\\native\\minhook.x64d.dll": "B3FF96C6FA9DA47577C1ABD4A803B644",
  "runtimes\\win-x64\\native\\SDL2.dll": "4BFE403CF71DD4602C1C7B3F3C7ED6BF",
  "runtimes\\win-x64\\native\\stbi.dll": "7BE6C03F600E25A5FFD43A2035F8F294",
  "runtimes\\win-x64\\native\\stbi.lib": "927C214DE576219E1F80DBE7798A0502",
  "runtimes\\win-x86\\native\\e_sqlite3.dll": "F474ACAE9A9AC96F5851372B5E3C3FB9",
  "runtimes\\win-x86\\native\\glfw3.dll": "D15419D6A757940CE714F74633A38F5A",
  "runtimes\\win-x86\\native\\SDL2.dll": "A34542E4AD33874CDA1C106A0A64AC0B",
  "targets\\Dalamud.Plugin.Bootstrap.targets": "C85635161398CD9852CF7212DB7EB904",
  "targets\\Dalamud.Plugin.targets": "E2AA900DB1F6596D1C203D4112A10F5E",
  "CheapLoc.dll": "BA87A1082170C21DBE62DF38CC59CD32",
  "Costura.dll": "E367B5B25580DD5BA15927B562D1B44B",
  "Dalamud.Boot.dll": "8BE782B1A7D3318EEC59BE61E0F0C78F",
  "Dalamud.Common.dll": "14A00F88278C48ED8CCC9B58BBEDAECB",
  "Dalamud.deps.json": "5EC064218B6A161E5195EC66217B428D",
  "Dalamud.dll": "0101322E55E5C55E7BA47B98C2364B8A",
  "Dalamud.Injector.deps.json": "C1FA0941DC8B38E415776C60C508AAB9",
  "Dalamud.Injector.dll": "E0E97ACC5F089C39A31A3AE815124838",
  "Dalamud.Injector.exe": "4202224E1C3C5ED71CE44C70CC48972A",
  "Dalamud.Injector.runtimeconfig.json": "B9BB65FFE7924D4D8BABE9FA66303200",
  "Dalamud.Injector.xml": "D41E5DF541D19A015215E777D7395C9C",
  "Dalamud.runtimeconfig.json": "2A9CD915428BDD175E0889BD0C225F75",
  "Dalamud.xml": "6A270B01EBDD0F234EEABE1AC29EC586",
  "DalamudCrashHandler.exe": "D5F7B90D26A69940B187FFB6F07BE5B7",
  "FASM-LICENSE.TXT": "ECEA1D10811221D5F0A3E96F9C38E2C7",
  "FASM.DLL": "06E2657B1D5926AF17BBAFC738AF584C",
  "FASMX64.DLL": "C1F4D53422602461B06CAD5DD932BBE0",
  "FFXIVClientStructs.dll": "54E27707F4FDB8BDA5698B84988E7169",
  "FFXIVClientStructs.xml": "C0223F32F7430476EEA2B5527DEFFA6D",
  "goaaats.Reloaded.Assembler.targets": "CC22CB0A353E2136EE9E6E96DB9F7164",
  "Iced.dll": "241616FFC329BFBF9BA84A7A2A7BD314",
  "ImGui.NET.dll": "585CEA3AA39BCF46A64776261345ACB9",
  "ImGuiScene.dll": "C767D3EE0E1C29DC7DE8F47130064616",
  "JetBrains.Annotations.dll": "03D1C6F887DCB6277333BBAB7AB9890B",
  "licenses.txt": "A159BE62AA91178EFC3E3983AE874D1D",
  "Lumina.dll": "BB82CA4C68A6A93026319D5E02E34F18",
  "Lumina.Excel.dll": "102B8A45F18323E099381E26DEE7307F",
  "Microsoft.Bcl.HashCode.dll": "613AB56061ADF2284E047025207467E0",
  "Microsoft.DotNet.PlatformAbstractions.dll": "00AB0F02B1114C57C758F5AD595224F1",
  "Microsoft.Extensions.DependencyModel.dll": "F39BC76C10CFEA478C936FC4521A9FC9",
  "Microsoft.Extensions.ObjectPool.dll": "FEE3CE8A84417360CC5ED787ED6F7DB1",
  "MinSharp.dll": "9AC855950FD223642D4A6A0833AC17B8",
  "Mono.Cecil.dll": "FA3DC984A1C276FFCBCBD8C565BD9E94",
  "Mono.Cecil.Mdb.dll": "0BDA5E3C07B21F10E0490DF7DCF4BE69",
  "Mono.Cecil.Pdb.dll": "2A7C648F4B6836EF25E371EBCA89D9A2",
  "Mono.Cecil.Rocks.dll": "76C24ABD66B1446222F2B912CE98B666",
  "nethost.dll": "012081214FE71F0F6ADCD9F4A71B2B00",
  "Newtonsoft.Json.dll": "86A83A63F12B55FD3718CFBFB577D7DC",
  "PeNet.Asn1.dll": "FAECC70EFE1BBE6DB2C024546607056B",
  "PeNet.dll": "A02DFF8307F21CD285469C5D2E58BF7D",
  "PInvoke.AdvApi32.dll": "34EE461D05B403C3A15D0DEC32A3788C",
  "PInvoke.BCrypt.dll": "FD07758EE1440491F22923084109FF26",
  "PInvoke.Cabinet.dll": "333D950E3804735DA60CC41D614C63E2",
  "PInvoke.CfgMgr32.dll": "768BE7CC18EDCF78B296A72ABE891691",
  "PInvoke.Crypt32.dll": "E7B00B0851738F4A7F2C6D37DAA973B4",
  "PInvoke.DbgHelp.dll": "E701136169620D20E3A70B560DE20E44",
  "PInvoke.DwmApi.dll": "ACF223CC8962404056648815B486F7D9",
  "PInvoke.Gdi32.dll": "69FF434826F98582CE44D3136ECFFACB",
  "PInvoke.Hid.dll": "2E7A41257F8AD9B26073181F450CD8E5",
  "PInvoke.ImageHlp.dll": "79BE816E8D86EA66489D7780DD675D49",
  "PInvoke.IPHlpApi.dll": "E949FA3326D1BA8872B179AB4EE49D38",
  "PInvoke.Kernel32.dll": "234E15B122ED430DE99490CA1A204958",
  "PInvoke.Magnification.dll": "C9EA3D34F506741ECC044DB19C151F09",
  "PInvoke.Msi.dll": "69EE50CE2DA6B55755E52589F49A7EBC",
  "PInvoke.NCrypt.dll": "DA1DE76C14D99370CA3BEF19DC299B15",
  "PInvoke.NetApi32.dll": "AE79F9FA2E3864A5E0642AE4622ECDC5",
  "PInvoke.NewDev.dll": "B3E1992105D986EF9C5C8E4B630FBB07",
  "PInvoke.NTDll.dll": "3F6BDF840EB27DD0FD9EB8071822183A",
  "PInvoke.Ole32.dll": "3C49FB100B60519FFE725BCD12A538F6",
  "PInvoke.Psapi.dll": "A7683EE4B880227F01C8AE632A892B9E",
  "PInvoke.SetupApi.dll": "1B7AE321185D0081D1759A9AD829F9BA",
  "PInvoke.SHCore.dll": "F27E7F063D51480F6D2294C903E4A606",
  "PInvoke.Shell32.dll": "F71A1BCAF6478190691170DAEA77722F",
  "PInvoke.User32.dll": "8BEDE38311ED4F27127290B81B8079FD",
  "PInvoke.Userenv.dll": "FEB7BCA90B8C905EC2F4BB0789847131",
  "PInvoke.UxTheme.dll": "8E683C016250CB719FDB9AAAFC22B3C5",
  "PInvoke.Windows.Core.dll": "90015440A44935208FFEA9BF61740651",
  "PInvoke.Windows.ShellScalingApi.dll": "F351B34B8C9183A51CADFDC279357C49",
  "PInvoke.WinUsb.dll": "9EB8A0280F2848D1A32B560A939F7336",
  "PInvoke.WtsApi32.dll": "341C94455D2E5893DBE4293D4D67AA4D",
  "Reloaded.Assembler.dll": "CBA395D1F699C66D4AE94679D453BED7",
  "Reloaded.Hooks.Definitions.dll": "891E6D6CAA30803E1E69738359DD85AA",
  "Reloaded.Hooks.dll": "F810807B650160403CA4DE9EC714EA64",
  "Reloaded.Memory.Buffers.dll": "A9259D9738FF7306648374F8C58EFE56",
  "Reloaded.Memory.dll": "9DB04E5F17C591CD33D50871049DCB95",
  "revision.txt": "A68259547F3D25AB3C0A5C0ADB4E3498",
  "SDL2-CS.config": "65557595FD5DF55D93B2BF881DE62C3A",
  "SDL2-CS.dll": "38E7E7D7E9CDA5606B9D1C2B891C5829",
  "Serilog.dll": "1CCFEC93589B46C7C0B764400B58FA0C",
  "Serilog.Sinks.Async.dll": "E5EE5A8B4204395628B07D213BE08646",
  "Serilog.Sinks.Console.dll": "5B4C369A6673E4CB735A0A97D88A1ADC",
  "Serilog.Sinks.File.dll": "91A09015258A637FBA586F86B49B1349",
  "SharpDX.Direct3D11.dll": "912F09462F1C19E9A488B8B9B69AA239",
  "SharpDX.dll": "80158CF3F817E395E5051321904E494D",
  "SharpDX.DXGI.dll": "7D14F4EC55942CBBA2126B1547E292F2",
  "SharpDX.Mathematics.dll": "F56E7F893C4CC193C8A82E84FBC4B7F1",
  "Silk.NET.Core.dll": "972EF99DA85381FC064EF59BB7E765AC",
  "Silk.NET.GLFW.dll": "D848F40AF75BC8E0291D5E94813B198B",
  "Silk.NET.Maths.dll": "79151E8DBC595CBBC9C17A580A415ED7",
  "Silk.NET.OpenGL.dll": "9F76AECDD867C037D5D0BFD825EBE385",
  "Silk.NET.SDL.dll": "EE08AC4F31A0D808AEDB364FD50C07F7",
  "Silk.NET.Windowing.Common.dll": "3395672FB502E1D6E11D1C1531A057B0",
  "Silk.NET.Windowing.Glfw.dll": "EB2029381AABEA90CE4A4DF29EC351FD",
  "Silk.NET.Windowing.Sdl.dll": "081164E5DC16CC11A95F5BBB065F9D65",
  "SQLite-net.dll": "A508C015A10854C6E9630C591F430440",
  "SQLitePCLRaw.batteries_v2.dll": "FC641DF50E8826E0ED0462FA99E1D175",
  "SQLitePCLRaw.core.dll": "A729F462C3E124AB64B4C82A695D8F3D",
  "SQLitePCLRaw.nativelibrary.dll": "C6DAC735E60455EE525F7CEF9520D553",
  "SQLitePCLRaw.provider.dynamic_cdecl.dll": "EDF6B3C829841EE978710A258AA1FF26",
  "StbiSharp.dll": "D322BEA06C3496DA00E50188D01708D6",
  "System.Reactive.dll": "EF5A00287AD15393D41B12AA4B726FF7",
  "System.Reflection.MetadataLoadContext.dll": "7EC41D41F4E1246757BA3E2EC862D562",
  "System.Security.Cryptography.Pkcs.dll": "8950E01996A37E808BE3F39063C37BF9",
  "TEMP_gitver.txt": "A056D85BDE29E0DEDEEE61AB0FA9D460",
  "TerraFX.Interop.Windows.dll": "84F7EF6B0DE91F8CC23F773D3FD6DEC0",
  "Validation.dll": "7B37968B8F8C7538623BE59C25DECA9A"
}
