{
  "cs\\Microsoft.VisualStudio.Threading.resources.dll": "59CC07A0788ED5D2D7B1EC4C24692B5E",
  "cs\\Microsoft.VisualStudio.Validation.resources.dll": "6D64EB21E28D7DA0951CCB11D5A111DB",
  "cs\\StreamJsonRpc.resources.dll": "187B9DF9156C8ECA5FFC2D8DFC0D0AEB",
  "de\\Microsoft.VisualStudio.Threading.resources.dll": "E8F71F6E86250EE8F040884F21901A84",
  "de\\Microsoft.VisualStudio.Validation.resources.dll": "6BDBEB8494C6DF5EE482065A9D7F0B1E",
  "de\\StreamJsonRpc.resources.dll": "18A2EE45995D18CB97504B89E1D8EA84",
  "es\\Microsoft.VisualStudio.Threading.resources.dll": "C91684BC69AC34D7C4761C769C4613CE",
  "es\\Microsoft.VisualStudio.Validation.resources.dll": "0F92DD2019CF7222118E8B5D9409A328",
  "es\\StreamJsonRpc.resources.dll": "1426AE60A50C341884A93E75FDCB8F15",
  "fr\\Microsoft.VisualStudio.Threading.resources.dll": "8DF66006C30B545517609BC994A333BF",
  "fr\\Microsoft.VisualStudio.Validation.resources.dll": "1299DF7F85B8ABCC8205E7F968E64DE5",
  "fr\\StreamJsonRpc.resources.dll": "E0EF73E9AC6F5AC89FEFA3E4442FA526",
  "it\\Microsoft.VisualStudio.Threading.resources.dll": "ACB2901AD3BA29250398D7F7C7F06472",
  "it\\Microsoft.VisualStudio.Validation.resources.dll": "E96AFCAC956DE57A60CF403431A06B9F",
  "it\\StreamJsonRpc.resources.dll": "AF93C232BE3DE144BDBA9D47B0CF1FBA",
  "ja\\Microsoft.VisualStudio.Threading.resources.dll": "57953EF05139ABD830A160D29D477AE7",
  "ja\\Microsoft.VisualStudio.Validation.resources.dll": "37C3387A524C942BC21029A532E0FA88",
  "ja\\StreamJsonRpc.resources.dll": "71C0BF4563B000F7F6FD977A56646389",
  "ko\\Microsoft.VisualStudio.Threading.resources.dll": "4E69F9315A2BE37081E916836BD2865B",
  "ko\\Microsoft.VisualStudio.Validation.resources.dll": "F7519010D92C7E3BF6DD25032575FD3D",
  "ko\\StreamJsonRpc.resources.dll": "0462338CED7D90B6A89AA6C5C0B553ED",
  "pl\\Microsoft.VisualStudio.Threading.resources.dll": "E957E9AD4D62A6EDE5DEDB85DCB66BE0",
  "pl\\Microsoft.VisualStudio.Validation.resources.dll": "157FEA4FF784A1A3C450AAEAFC808171",
  "pl\\StreamJsonRpc.resources.dll": "A386D42B9AC0F3349E75FA0711BF6125",
  "pt-BR\\Microsoft.VisualStudio.Threading.resources.dll": "D0E584DCA9CFC97B49480B5326D1BE85",
  "pt-BR\\Microsoft.VisualStudio.Validation.resources.dll": "F1D96FD5909173972C661A1D8FE629DB",
  "pt-BR\\StreamJsonRpc.resources.dll": "7FF82CEBA9C3AFD947DC59A5FE132C78",
  "ru\\Microsoft.VisualStudio.Threading.resources.dll": "53F0D3DFF78ACA534A9F06C3E435BCDE",
  "ru\\Microsoft.VisualStudio.Validation.resources.dll": "DA5D932621691D0A43F9C41589BEA612",
  "ru\\StreamJsonRpc.resources.dll": "2BE00971D9A6088B5EC340B210503234",
  "runtimes\\alpine-arm\\native\\libe_sqlite3.so": "87AF85204A246154501382901F3F6812",
  "runtimes\\alpine-arm64\\native\\libe_sqlite3.so": "CD4B9AAB53400EFE96ABC32B339A866A",
  "runtimes\\alpine-x64\\native\\libe_sqlite3.so": "6C9D6E34F1E932668237404D6EB6FC66",
  "runtimes\\browser-wasm\\nativeassets\\net7.0\\e_sqlite3.a": "E25518AC5EAD5E787448F3258236888E",
  "runtimes\\linux-arm\\native\\libe_sqlite3.so": "B8DA0DB6A447B5CCE98207F6A250FB84",
  "runtimes\\linux-arm64\\native\\libe_sqlite3.so": "A888898B38395A15F2DE200BAA8B486F",
  "runtimes\\linux-armel\\native\\libe_sqlite3.so": "54F3F4183B81387F7928ED0BB9B67B32",
  "runtimes\\linux-mips64\\native\\libe_sqlite3.so": "D56886A2E2F081CDEA1621BB18132764",
  "runtimes\\linux-musl-arm\\native\\libe_sqlite3.so": "87AF85204A246154501382901F3F6812",
  "runtimes\\linux-musl-arm64\\native\\libe_sqlite3.so": "CD4B9AAB53400EFE96ABC32B339A866A",
  "runtimes\\linux-musl-x64\\native\\libe_sqlite3.so": "6C9D6E34F1E932668237404D6EB6FC66",
  "runtimes\\linux-s390x\\native\\libe_sqlite3.so": "CB751CC76F280849C0E2F718D6784E69",
  "runtimes\\linux-x64\\native\\libe_sqlite3.so": "30098E7FAEB947BF5A5AE2FDB34E4461",
  "runtimes\\linux-x86\\native\\libe_sqlite3.so": "68872BD5071077981504636C2353EAA8",
  "runtimes\\maccatalyst-arm64\\native\\libe_sqlite3.dylib": "B2597C8799A6D21E5B98DB28C9C725FD",
  "runtimes\\maccatalyst-x64\\native\\libe_sqlite3.dylib": "19DCF2A64A7B5D1B8C7705AC809653A5",
  "runtimes\\osx-arm64\\native\\libe_sqlite3.dylib": "FB6D0058E0E849FA8715911B49790350",
  "runtimes\\osx-x64\\native\\libe_sqlite3.dylib": "DE5735102E730C1518C029DB3A0040A9",
  "runtimes\\win-arm\\native\\e_sqlite3.dll": "513E9F1AD4E784CF992E75DE1084E126",
  "runtimes\\win-arm64\\native\\e_sqlite3.dll": "0AE98DB468D8533C741340D5AE3538EF",
  "runtimes\\win-x64\\native\\e_sqlite3.dll": "A583CA9D3A29F3897B18E9A9F85FFF0E",
  "runtimes\\win-x64\\native\\minhook.x64d.dll": "08B28424969409D9ABED381C32501C7D",
  "runtimes\\win-x86\\native\\e_sqlite3.dll": "79266F0E046F841442405587C825D58F",
  "tr\\Microsoft.VisualStudio.Threading.resources.dll": "538FE3DA0C0527DC98456020A4351A85",
  "tr\\Microsoft.VisualStudio.Validation.resources.dll": "7C15CA39FCA7DF71D62C46E6F03389EF",
  "tr\\StreamJsonRpc.resources.dll": "E2AD6BCEBF0533F4D421EE83B42795C1",
  "zh-Hans\\Microsoft.VisualStudio.Threading.resources.dll": "4263966625E34972E95A9C1A2A0C61E8",
  "zh-Hans\\Microsoft.VisualStudio.Validation.resources.dll": "EB7953D05EF1CE51E790708D42EE5D18",
  "zh-Hans\\StreamJsonRpc.resources.dll": "FF596CD821202672B86089A5AB619C71",
  "zh-Hant\\Microsoft.VisualStudio.Threading.resources.dll": "4B693EDFE83A99478E1041AA17FFC35A",
  "zh-Hant\\Microsoft.VisualStudio.Validation.resources.dll": "8EF011A0285333D0EEFE22D5AA7A1702",
  "zh-Hant\\StreamJsonRpc.resources.dll": "BBF8E9013F9B1244348840EAA9CAF9B0",
  "BCnEncoder.dll": "CBB02DD3E8123648FFD10A423E415C7D",
  "BitFaster.Caching.dll": "38749C121D68739562B25D5D8B9A8E90",
  "CheapLoc.dll": "8EDB3958236BB9E446E8F454BBC1237A",
  "cimgui.dll": "B53924C2ECE431D3FC0B0068038E0608",
  "cimguizmo.dll": "A80615AE8751DAC44EE194666AB13C31",
  "cimplot.dll": "94DDAB2EB68E65FAD9C5D8FFF2A7A76A",
  "commit_hash.txt": "641B03AD229F53ECCAD843350660A8A9",
  "CommunityToolkit.HighPerformance.dll": "66B64EC334625F2C5D341A45E28EEB43",
  "Dalamud.Bindings.ImGui.dll": "2196312A8165C64FCD4B9B33BF85BC6C",
  "Dalamud.Bindings.ImGuizmo.dll": "A84EE46E4D66B3D3DB8BCF3EE3462605",
  "Dalamud.Bindings.ImPlot.dll": "00916BD66DC972E1CD841A801AA3249A",
  "Dalamud.Boot.dll": "C91B4FCF4DD999882F5A9F58CB94C026",
  "Dalamud.Common.dll": "690A4CA0B2EABD33B5C2096DB27D3ACB",
  "Dalamud.deps.json": "FE9AD363E198DDDE03B7F8A369928331",
  "Dalamud.dll": "7B74DA420B262CCD6DD9665E341AB91C",
  "Dalamud.Injector.deps.json": "28C3C412E18C8E21BCEC052CCAF9CE11",
  "Dalamud.Injector.dll": "EFE65F972BC507C2192B1C8DDE8649E6",
  "Dalamud.Injector.exe": "8ECF69384EB6418B7CCBF0F1E47EC6F2",
  "Dalamud.Injector.runtimeconfig.json": "481C4D4F6151485203242D25F632FCC5",
  "Dalamud.Injector.xml": "573870DEB8A9854EC20203EDE9D78425",
  "Dalamud.runtimeconfig.json": "9DB7F0D7C94CA1AA6CA3ACFA6F93A1D8",
  "Dalamud.xml": "8F55E7846235DD4E13C2A814EC45C7AA",
  "DalamudCrashHandler.exe": "F25F347B3EBBCFEB6CC10D82DD86F5D5",
  "FASM-LICENSE.TXT": "ECEA1D10811221D5F0A3E96F9C38E2C7",
  "FASM.DLL": "15E1AC1ED5BC099A380D41A796533720",
  "FASMX64.DLL": "810D0787D93ADE4B6CD5F31F23B24B4B",
  "FFXIVClientStructs.dll": "7CFA006B5E651450FC6E0AC43E864085",
  "FFXIVClientStructs.xml": "5ADA0E5748B464B50B648130811FEEC0",
  "goatcorp.Reloaded.Assembler.dll": "3650228B082BE72D6A4A764133924039",
  "goatcorp.Reloaded.Assembler.targets": "CC22CB0A353E2136EE9E6E96DB9F7164",
  "goatcorp.Reloaded.Hooks.dll": "7507F911E47DFCC2A7248DE68AE85035",
  "goatcorp.Reloaded.Memory.Buffers.dll": "1A2E9F6E6DF17EF06FC45D711A5C8AF9",
  "HexaGen.Runtime.dll": "741798E7E35BB341C63636CA875F0F3D",
  "Iced.dll": "4BF62877939163418B841657352822CF",
  "ImGuiScene.dll": "919E30561F3A0405E723F68FCDE1C91C",
  "InteropGenerator.Runtime.dll": "8E88647EE2D2DBEA247926928700873F",
  "JetBrains.Annotations.dll": "D334483DFBCF8BE6062277E1FB3B94F3",
  "licenses.txt": "A159BE62AA91178EFC3E3983AE874D1D",
  "Lumina.dll": "E069730E16590804464A71A966F504C9",
  "Lumina.Excel.dll": "8560DC306EE312AF09A640923B895A06",
  "Lumina.Excel.xml": "8C361FFD52612B54A308E043847D6823",
  "MessagePack.Annotations.dll": "5B3173E5E5B97A89DD0D2F151A68C747",
  "MessagePack.dll": "D27B77BAB5FD796C6261E997AD764974",
  "Microsoft.Extensions.ObjectPool.dll": "CB2B8426DF93B062B631BC85B3369BED",
  "Microsoft.NET.StringTools.dll": "88B3B9B25E54FF438D2F4F1609B726A4",
  "Microsoft.VisualStudio.Threading.dll": "EF2AC53B930F5ED16DA3B4CFB1033813",
  "Microsoft.VisualStudio.Validation.dll": "0B1D5949C6944383B1EE896C5E13D08B",
  "MinSharp.dll": "693061B886DCBDC6A4AF4A69DFBA0516",
  "Mono.Cecil.dll": "63081B505ADC3E185DECC022DBB3E025",
  "Mono.Cecil.Mdb.dll": "DF8905EC3AF4B0E8900437097F242155",
  "Mono.Cecil.Pdb.dll": "38E9347A3B510B612D0B48D7C359396A",
  "Mono.Cecil.Rocks.dll": "B6FBF0A5E7FB8A887289588D3596D210",
  "Nerdbank.Streams.dll": "539451E456062345AF25E7E17335299B",
  "nethost.dll": "21F39F71E2F4B5BA9FB3F126872F2F9B",
  "Newtonsoft.Json.dll": "C252FE44B67A08E6DAB4EADE3764DB49",
  "PeNet.Asn1.dll": "5AEA4A0FD2DA775D14C6C2B9CA828CB3",
  "PeNet.dll": "E874EDF0840EFD27B168E2509E1B5337",
  "Reloaded.Hooks.Definitions.dll": "9FAAA94F693EDAA16719DB80028CBBA3",
  "Reloaded.Memory.Buffers.dll": "49DD45D3CB402E13A29CBB69A9FCEE13",
  "Reloaded.Memory.dll": "F407860B2D66C8D0B1B45E5CDBFDF170",
  "revision.txt": "23EDD566480C510A2D22EB3F2FB04A62",
  "Serilog.dll": "E5605B001F61C68588312E664C797E5E",
  "Serilog.Sinks.Async.dll": "658A4CA2E9997BE20282C491CEBF2554",
  "Serilog.Sinks.Console.dll": "50275390DD99EEF038CEB8A86C251450",
  "Serilog.Sinks.File.dll": "0E4DB10DC52E90AA4C595E9E951870B8",
  "SQLite-net.dll": "CB458D0765158CE5DA28CD459F07DCE2",
  "SQLitePCLRaw.batteries_v2.dll": "D434CAE8751830BFD402F19E3ADD9208",
  "SQLitePCLRaw.core.dll": "1FC9481A5FA35FDC6DD7FCE232A63907",
  "SQLitePCLRaw.provider.e_sqlite3.dll": "C63CAF097497030801126CE2885A3A1D",
  "StreamJsonRpc.dll": "6157633EE85D57CFF6772C1526F2D352",
  "System.Reactive.dll": "C6016588304D55406E3D1C2FA7D42903",
  "System.Reflection.MetadataLoadContext.dll": "284C720DEE2524BCF10DD1B5648AA303",
  "System.Security.Cryptography.Pkcs.dll": "17945B2BF07D9377E36AD3EBE69FF693",
  "TEMP_gitver.txt": "2F6983D8807328E1A073B790160E5DAC",
  "TerraFX.Interop.Windows.dll": "C75D06E77DE5A095D45676A81CDE0DC9"
}
