{
  "runtimes\\alpine-x64\\native\\libe_sqlite3.so": "39C244FEDBCD3DFC37041D4FCE1AE21D",
  "runtimes\\linux-arm\\native\\libe_sqlite3.so": "96CF54BC0EFB83D6E3F5F3E04997A59D",
  "runtimes\\linux-arm64\\native\\libe_sqlite3.so": "F079E55E7F3F9966A4A2052A3234E068",
  "runtimes\\linux-armel\\native\\libe_sqlite3.so": "C5A67D49434FC65D64E9C15778078C76",
  "runtimes\\linux-mips64\\native\\libe_sqlite3.so": "5F8461214089CFC677D46C19B7162161",
  "runtimes\\linux-musl-x64\\native\\libe_sqlite3.so": "39C244FEDBCD3DFC37041D4FCE1AE21D",
  "runtimes\\linux-x64\\native\\libe_sqlite3.so": "6F49C540D3AB9964D67A4A704C3D262D",
  "runtimes\\linux-x64\\native\\libglfw.so.3": "9E3137144F68B9E9793F4C7AD5B1BEA7",
  "runtimes\\linux-x64\\native\\libSDL2-2.0.so": "99B95A708381FC66AB2370E45A260527",
  "runtimes\\linux-x64\\native\\libstbi.so": "0945355ED59677D06E3E88F48101BB26",
  "runtimes\\linux-x86\\native\\libe_sqlite3.so": "5E0659B414CBD6DDC38C65582485853E",
  "runtimes\\osx-x64\\native\\libe_sqlite3.dylib": "F82AE134FCD1C080A69D775591406673",
  "runtimes\\osx-x64\\native\\libglfw.3.dylib": "1E30FAB2F0C40E82290AD4B0BF14A880",
  "runtimes\\osx-x64\\native\\libSDL2-2.0.dylib": "AAC958490586C67395F0A90903AE3747",
  "runtimes\\osx-x64\\native\\libstbi.dylib": "0B84B0A6A80178266018081C3CAB68E6",
  "runtimes\\win-arm\\native\\e_sqlite3.dll": "42A064D1C12DE7453C01B76AE42866DA",
  "runtimes\\win-arm64\\native\\e_sqlite3.dll": "3604E9FDCF0A30D113A8393B588B0380",
  "runtimes\\win-x64\\native\\cimgui.dll": "DA171053C32CC8FEE4AFADEA1C799880",
  "runtimes\\win-x64\\native\\cimguizmo.dll": "FD4674C4B8AF452DBAA7DD8BD0908E56",
  "runtimes\\win-x64\\native\\cimplot.dll": "7F9A1DEA099A0647AAE2F09469915774",
  "runtimes\\win-x64\\native\\e_sqlite3.dll": "A8E8269A1ABF2A54A7C41734D460FF89",
  "runtimes\\win-x64\\native\\glfw3.dll": "6A837930CC3EA61EF97D636F177D33AF",
  "runtimes\\win-x64\\native\\minhook.x64d.dll": "8E333677690FB7F8E49C675C570CE554",
  "runtimes\\win-x64\\native\\SDL2.dll": "0A2A8FCC0B9986B9DECA67DC7475D000",
  "runtimes\\win-x64\\native\\stbi.dll": "3FBAD3DA022D5D2BD0FD693574AAA46E",
  "runtimes\\win-x64\\native\\stbi.lib": "927C214DE576219E1F80DBE7798A0502",
  "runtimes\\win-x86\\native\\e_sqlite3.dll": "BE67A14580D57FAA82A224500AA46EDB",
  "runtimes\\win-x86\\native\\glfw3.dll": "A53CC9034A28F627211BD360FC7BCC58",
  "runtimes\\win-x86\\native\\SDL2.dll": "13B010CB15C06C230877694FB757FEB4",
  "targets\\Dalamud.Plugin.Bootstrap.targets": "C85635161398CD9852CF7212DB7EB904",
  "targets\\Dalamud.Plugin.targets": "DDD731601C06B16E10CF2F8990452A27",
  "BitFaster.Caching.dll": "72907275CFCB187E23227D0A4380B9C8",
  "CheapLoc.dll": "C1F5027A28C31F6C7C3D91C016A89359",
  "commit_hash.txt": "B2086A8DD6268A1BF0915566B3D73E0D",
  "Costura.dll": "BF0FB269CBF66CC45BE726813B7A1C0B",
  "Dalamud.Boot.dll": "2EC81361CB8C1DA3A19F91F33B1402AB",
  "Dalamud.Common.dll": "0B7229A11391391CFF61678641B26E58",
  "Dalamud.deps.json": "3FD71E436AE250C25CD2DD3D57967B2C",
  "Dalamud.dll": "350F03EBAB6E680CD3AA98F0BF079E21",
  "Dalamud.Injector.deps.json": "E30B9BD40106FFC14A5274A670979EDF",
  "Dalamud.Injector.dll": "632FD9E4F312DD7E8786144278245056",
  "Dalamud.Injector.exe": "D81D34993FFC859FEFCC77F68ABBEB95",
  "Dalamud.Injector.runtimeconfig.json": "B9BB65FFE7924D4D8BABE9FA66303200",
  "Dalamud.Injector.xml": "D41E5DF541D19A015215E777D7395C9C",
  "Dalamud.runtimeconfig.json": "2A9CD915428BDD175E0889BD0C225F75",
  "Dalamud.xml": "02E1251539FC81DCDFB6473AAFE83045",
  "DalamudCrashHandler.exe": "8751D0FF04030D4661A874D5892AB482",
  "FASM-LICENSE.TXT": "ECEA1D10811221D5F0A3E96F9C38E2C7",
  "FASM.DLL": "6B6EE36F050597EF9236431EF80E4668",
  "FASMX64.DLL": "64C52E0F4008642EF86F97C83B662523",
  "FFXIVClientStructs.dll": "CF5468F109828CB46C5789B07B366499",
  "FFXIVClientStructs.xml": "171F80FE8B9B818E413054A3617DD991",
  "goaaats.Reloaded.Assembler.targets": "CC22CB0A353E2136EE9E6E96DB9F7164",
  "Iced.dll": "A6AF1FD6C5F5562E00CA6AEE4B825D7A",
  "ImGui.NET.dll": "5F7DDD78E8CA9F65FAD39D57E62492DE",
  "ImGuiScene.dll": "F4067055EBF0A72E1C60D644451A4EAE",
  "InteropGenerator.Runtime.dll": "0A4E08251DBA42836CAEF0681F3BB7A2",
  "JetBrains.Annotations.dll": "53F1ADFF40B4B4083922B01BFFAAA749",
  "licenses.txt": "A159BE62AA91178EFC3E3983AE874D1D",
  "Lumina.dll": "5C18F4A2E215A19139211A3334CB3802",
  "Lumina.Excel.dll": "A778C1E706C847A6FEE7D5135C3DBAF8",
  "Microsoft.Bcl.HashCode.dll": "613AB56061ADF2284E047025207467E0",
  "Microsoft.DotNet.PlatformAbstractions.dll": "00AB0F02B1114C57C758F5AD595224F1",
  "Microsoft.Extensions.DependencyModel.dll": "F39BC76C10CFEA478C936FC4521A9FC9",
  "Microsoft.Extensions.ObjectPool.dll": "FEE3CE8A84417360CC5ED787ED6F7DB1",
  "MinSharp.dll": "DD2010D4206CC48A023EADC6882BAA85",
  "Mono.Cecil.dll": "13FF7C8DDABD3440E275523C7E085CA2",
  "Mono.Cecil.Mdb.dll": "D397846C5BF54715E422E87193B84277",
  "Mono.Cecil.Pdb.dll": "7AA10D3164C5F4A6F88013D265867E3A",
  "Mono.Cecil.Rocks.dll": "B2A582C777DE4FF9B5B5E0E131748299",
  "nethost.dll": "21F39F71E2F4B5BA9FB3F126872F2F9B",
  "Newtonsoft.Json.dll": "ADF3E3EECDE20B7C9661E9C47106A14A",
  "PeNet.Asn1.dll": "3890E8ACF649D97AC2DEA3E3DDB2745E",
  "PeNet.dll": "101D688B6A2E42C69C7CBADC64BD92EE",
  "PInvoke.AdvApi32.dll": "34EE461D05B403C3A15D0DEC32A3788C",
  "PInvoke.BCrypt.dll": "FD07758EE1440491F22923084109FF26",
  "PInvoke.Cabinet.dll": "333D950E3804735DA60CC41D614C63E2",
  "PInvoke.CfgMgr32.dll": "768BE7CC18EDCF78B296A72ABE891691",
  "PInvoke.Crypt32.dll": "E7B00B0851738F4A7F2C6D37DAA973B4",
  "PInvoke.DbgHelp.dll": "E701136169620D20E3A70B560DE20E44",
  "PInvoke.DwmApi.dll": "ACF223CC8962404056648815B486F7D9",
  "PInvoke.Gdi32.dll": "69FF434826F98582CE44D3136ECFFACB",
  "PInvoke.Hid.dll": "2E7A41257F8AD9B26073181F450CD8E5",
  "PInvoke.ImageHlp.dll": "79BE816E8D86EA66489D7780DD675D49",
  "PInvoke.IPHlpApi.dll": "E949FA3326D1BA8872B179AB4EE49D38",
  "PInvoke.Kernel32.dll": "234E15B122ED430DE99490CA1A204958",
  "PInvoke.Magnification.dll": "C9EA3D34F506741ECC044DB19C151F09",
  "PInvoke.Msi.dll": "69EE50CE2DA6B55755E52589F49A7EBC",
  "PInvoke.NCrypt.dll": "DA1DE76C14D99370CA3BEF19DC299B15",
  "PInvoke.NetApi32.dll": "AE79F9FA2E3864A5E0642AE4622ECDC5",
  "PInvoke.NewDev.dll": "B3E1992105D986EF9C5C8E4B630FBB07",
  "PInvoke.NTDll.dll": "3F6BDF840EB27DD0FD9EB8071822183A",
  "PInvoke.Ole32.dll": "3C49FB100B60519FFE725BCD12A538F6",
  "PInvoke.Psapi.dll": "A7683EE4B880227F01C8AE632A892B9E",
  "PInvoke.SetupApi.dll": "1B7AE321185D0081D1759A9AD829F9BA",
  "PInvoke.SHCore.dll": "F27E7F063D51480F6D2294C903E4A606",
  "PInvoke.Shell32.dll": "F71A1BCAF6478190691170DAEA77722F",
  "PInvoke.User32.dll": "8BEDE38311ED4F27127290B81B8079FD",
  "PInvoke.Userenv.dll": "FEB7BCA90B8C905EC2F4BB0789847131",
  "PInvoke.UxTheme.dll": "8E683C016250CB719FDB9AAAFC22B3C5",
  "PInvoke.Windows.Core.dll": "90015440A44935208FFEA9BF61740651",
  "PInvoke.Windows.ShellScalingApi.dll": "F351B34B8C9183A51CADFDC279357C49",
  "PInvoke.WinUsb.dll": "9EB8A0280F2848D1A32B560A939F7336",
  "PInvoke.WtsApi32.dll": "341C94455D2E5893DBE4293D4D67AA4D",
  "Reloaded.Assembler.dll": "A99B0DDCB3CA106280AC3B3309DD72B3",
  "Reloaded.Hooks.Definitions.dll": "23A0F9CBD73F7622E57555E27DADE9E6",
  "Reloaded.Hooks.dll": "0F3A12861003AC33E0FB4A432524F440",
  "Reloaded.Memory.Buffers.dll": "84616EAD42F19AF8D658F92C95CB4385",
  "Reloaded.Memory.dll": "05CE1071DF32C27DE23506B063901099",
  "revision.txt": "6C468EC5A41D65815DE23EC1D08D7951",
  "SDL2-CS.config": "65557595FD5DF55D93B2BF881DE62C3A",
  "SDL2-CS.dll": "124FA72C69B3EC140752FD4208EE0A5D",
  "Serilog.dll": "8B07BBD1E2C7216BCBA6D38F2A192AEA",
  "Serilog.Sinks.Async.dll": "9D98BEE177CB0DF932E3BC46CB245339",
  "Serilog.Sinks.Console.dll": "CAE6EF391A6C4BD6B91D9CEAAF2E2010",
  "Serilog.Sinks.File.dll": "6394BD4AE2728D3B879EA840F461B058",
  "SharpDX.Direct3D11.dll": "EEAAF86E6BAEBE37B8C1FED4516C63EE",
  "SharpDX.dll": "21D5E5DAA0E7F8A2A2549E260D1A6881",
  "SharpDX.DXGI.dll": "B27FCC59CB978FECB8A2A91219558720",
  "SharpDX.Mathematics.dll": "25DBE510E45707CEC9BA9809E65D629E",
  "Silk.NET.Core.dll": "3A2B33DD3A3E55EDF301A3C55A807E0E",
  "Silk.NET.GLFW.dll": "B91FF6777F1848B07B151C367ED42A1E",
  "Silk.NET.Maths.dll": "8A8C07D1795E2F15872BD04F4A3987E5",
  "Silk.NET.OpenGL.dll": "47877043FD2D94D2A9B6E80A82E1E93C",
  "Silk.NET.SDL.dll": "421342B28043A80841BAD6BCAD198D9A",
  "Silk.NET.Windowing.Common.dll": "B4A4C543B814884CE361A389B871277F",
  "Silk.NET.Windowing.Glfw.dll": "8DE5444A63987606FB7BA5D3D235D215",
  "Silk.NET.Windowing.Sdl.dll": "8C93DC2AE7A52C51D0EFBBAC771381A7",
  "SQLite-net.dll": "5D9BA3425671CD27BE73E379BD0C7873",
  "SQLitePCLRaw.batteries_v2.dll": "B7F33D79F9FD1DBC822296A74664376E",
  "SQLitePCLRaw.core.dll": "6FB5DE12C3891CE79EEECCFCEE47521A",
  "SQLitePCLRaw.nativelibrary.dll": "F31D1ED3DCB1A258DEDD54FA6171785A",
  "SQLitePCLRaw.provider.dynamic_cdecl.dll": "6169D9B91C40C81A1BB0688A3452007A",
  "StbiSharp.dll": "769DD5ABEF466E90012EE58E1A2264E9",
  "System.Reactive.dll": "EF5A00287AD15393D41B12AA4B726FF7",
  "System.Reflection.MetadataLoadContext.dll": "E88E3AF6D37736F339022C9ACC5F2F7B",
  "System.Security.Cryptography.Pkcs.dll": "8950E01996A37E808BE3F39063C37BF9",
  "TEMP_gitver.txt": "EAFEF928C55218D50C0D04C55333E6E4",
  "TerraFX.Interop.Windows.dll": "84F7EF6B0DE91F8CC23F773D3FD6DEC0",
  "Validation.dll": "A5BE29A418C1AA0C7BE27D52512A22C1"
}
