{
  "runtimes\\alpine-x64\\native\\libe_sqlite3.so": "39C244FEDBCD3DFC37041D4FCE1AE21D",
  "runtimes\\linux-arm\\native\\libe_sqlite3.so": "96CF54BC0EFB83D6E3F5F3E04997A59D",
  "runtimes\\linux-arm64\\native\\libe_sqlite3.so": "F079E55E7F3F9966A4A2052A3234E068",
  "runtimes\\linux-armel\\native\\libe_sqlite3.so": "C5A67D49434FC65D64E9C15778078C76",
  "runtimes\\linux-mips64\\native\\libe_sqlite3.so": "5F8461214089CFC677D46C19B7162161",
  "runtimes\\linux-musl-x64\\native\\libe_sqlite3.so": "39C244FEDBCD3DFC37041D4FCE1AE21D",
  "runtimes\\linux-x64\\native\\libe_sqlite3.so": "6F49C540D3AB9964D67A4A704C3D262D",
  "runtimes\\linux-x64\\native\\libglfw.so.3": "9E3137144F68B9E9793F4C7AD5B1BEA7",
  "runtimes\\linux-x64\\native\\libSDL2-2.0.so": "99B95A708381FC66AB2370E45A260527",
  "runtimes\\linux-x64\\native\\libstbi.so": "0945355ED59677D06E3E88F48101BB26",
  "runtimes\\linux-x86\\native\\libe_sqlite3.so": "5E0659B414CBD6DDC38C65582485853E",
  "runtimes\\osx-x64\\native\\libe_sqlite3.dylib": "F82AE134FCD1C080A69D775591406673",
  "runtimes\\osx-x64\\native\\libglfw.3.dylib": "1E30FAB2F0C40E82290AD4B0BF14A880",
  "runtimes\\osx-x64\\native\\libSDL2-2.0.dylib": "AAC958490586C67395F0A90903AE3747",
  "runtimes\\osx-x64\\native\\libstbi.dylib": "0B84B0A6A80178266018081C3CAB68E6",
  "runtimes\\win-arm\\native\\e_sqlite3.dll": "391CD77F8C434286FE22445FC2C71780",
  "runtimes\\win-arm64\\native\\e_sqlite3.dll": "CD8A0C27A5744FFF7D7D1D805F36FBBE",
  "runtimes\\win-x64\\native\\cimgui.dll": "F3CBE1EB4304D32586952A74F37599C4",
  "runtimes\\win-x64\\native\\cimguizmo.dll": "2E7E47660D6C7E0B7FCDFA631EFAD609",
  "runtimes\\win-x64\\native\\cimplot.dll": "32802F2185F138B1F4ABA819BBFF5A59",
  "runtimes\\win-x64\\native\\e_sqlite3.dll": "F694C6AA6377445B0F8CA8486A29D86C",
  "runtimes\\win-x64\\native\\glfw3.dll": "B2379C5DE8DA005F0082BB1FF1733EA2",
  "runtimes\\win-x64\\native\\minhook.x64d.dll": "D6E8B58EC3CBDE1B7ADE8CDCC61C27DF",
  "runtimes\\win-x64\\native\\SDL2.dll": "D7D27CCD7F8EA83D9EBAFA39C61B22A7",
  "runtimes\\win-x64\\native\\stbi.dll": "9183ED5F8F96C19E1E2ADD1481FB9147",
  "runtimes\\win-x64\\native\\stbi.lib": "927C214DE576219E1F80DBE7798A0502",
  "runtimes\\win-x86\\native\\e_sqlite3.dll": "CB880D9EBD7447DF8C722326B6168AF4",
  "runtimes\\win-x86\\native\\glfw3.dll": "D6456A364AC80B7298DE008AE9EDD503",
  "runtimes\\win-x86\\native\\SDL2.dll": "D3B9B617747BA3434806B6A968353573",
  "targets\\Dalamud.Plugin.Bootstrap.targets": "C85635161398CD9852CF7212DB7EB904",
  "targets\\Dalamud.Plugin.targets": "11001C983157350F50D99F1A827999B5",
  "CheapLoc.dll": "FB11FE18D716A8A9F7CB405906742283",
  "Costura.dll": "11574BB0F4CDF8BC71A575773D108AE7",
  "Dalamud.Boot.dll": "8F7EA8583956B6FA770D2195F5255D34",
  "Dalamud.Common.dll": "5DDB94CA0EAC3EF73FDF385E2F054F71",
  "Dalamud.deps.json": "803382A9232DC7BEBC1A87678EE2D7FF",
  "Dalamud.dll": "DE6FCE263E0866B43DBB30529080DCE5",
  "Dalamud.Injector.deps.json": "4E53ABE9A5D3E4592DA63EBF98DAAD86",
  "Dalamud.Injector.dll": "4DAA320362A771885B790D63C3997537",
  "Dalamud.Injector.exe": "B4E72915E314EFB1F31C2BB35BF56CA3",
  "Dalamud.Injector.runtimeconfig.json": "AAAFA957BB3B382321D67ACC2D792553",
  "Dalamud.Injector.xml": "6CFC451561E67CE7788814C5B327D7EC",
  "Dalamud.runtimeconfig.json": "15719C111D02D5BD45F37285FC8B6040",
  "Dalamud.xml": "A7C2A6CAD8D7ECC8473E91DB6032B7EB",
  "DalamudCrashHandler.exe": "788E39C9FC1586997E4CB68E81F2E60C",
  "FASM-LICENSE.TXT": "ECEA1D10811221D5F0A3E96F9C38E2C7",
  "FASM.DLL": "DC5E12D243504B074059BD614583E1E3",
  "FASMX64.DLL": "D84A5DEC2965A291A88B3B99EC11CA2D",
  "FFXIVClientStructs.dll": "21257C1EB4DAF957CBB20EBB723DAE74",
  "FFXIVClientStructs.xml": "9E52BF48682B68FD172B27F57776BCAB",
  "goaaats.Reloaded.Assembler.targets": "CC22CB0A353E2136EE9E6E96DB9F7164",
  "Iced.dll": "EDAF423833B90AC7F31643CC6B01AF6D",
  "ImGui.NET.dll": "7846C8C09DEFE257232FD526D5E08446",
  "ImGuiScene.dll": "C6A6CE5835D15A642CA8823073B0156A",
  "JetBrains.Annotations.dll": "17635A00F43AD849DF0859DEAEB47503",
  "licenses.txt": "A159BE62AA91178EFC3E3983AE874D1D",
  "Lumina.dll": "9F0EB64910E281E2C46764ADF905A86E",
  "Lumina.Excel.dll": "3B9A615A94DDA44D5FCC4D6BC865E4EA",
  "Microsoft.Bcl.HashCode.dll": "613AB56061ADF2284E047025207467E0",
  "Microsoft.DotNet.PlatformAbstractions.dll": "00AB0F02B1114C57C758F5AD595224F1",
  "Microsoft.Extensions.DependencyModel.dll": "F39BC76C10CFEA478C936FC4521A9FC9",
  "MinSharp.dll": "FB8838051B1890092E857D1D9BE9467F",
  "Mono.Cecil.dll": "10D21D445BC0E30B6EF4058E72365477",
  "Mono.Cecil.Mdb.dll": "CF4F2F2DD3EA19F4DC9CD5BD972924CF",
  "Mono.Cecil.Pdb.dll": "E8E965CF02A0B4535293265518A266A7",
  "Mono.Cecil.Rocks.dll": "1F3D05ACBDD0FA90C96D02F9B82AF65C",
  "MonoMod.Backports.dll": "7910B5B021C7D54489E2EDBC304F871E",
  "MonoMod.Core.dll": "57E00B78E39B0F2FA29435E6668306D8",
  "MonoMod.Iced.dll": "76821EAC62A1092EB102796BFDD92A71",
  "MonoMod.ILHelpers.dll": "EBD483DC76CD558646202CA7DD0FD93C",
  "MonoMod.RuntimeDetour.dll": "2FD7EF70820DCF5D18BC69EEDE6BD5CD",
  "MonoMod.Utils.dll": "34F29B77A9D4E3A5C31A412666BF4F76",
  "nethost.dll": "012081214FE71F0F6ADCD9F4A71B2B00",
  "Newtonsoft.Json.dll": "86A83A63F12B55FD3718CFBFB577D7DC",
  "PeNet.Asn1.dll": "6D0EDB04CCA32BC71554121F68318C3D",
  "PeNet.dll": "2A288C35973F0DFB84C6AFDEE5E2AAF0",
  "PInvoke.AdvApi32.dll": "34EE461D05B403C3A15D0DEC32A3788C",
  "PInvoke.BCrypt.dll": "FD07758EE1440491F22923084109FF26",
  "PInvoke.Cabinet.dll": "333D950E3804735DA60CC41D614C63E2",
  "PInvoke.CfgMgr32.dll": "768BE7CC18EDCF78B296A72ABE891691",
  "PInvoke.Crypt32.dll": "E7B00B0851738F4A7F2C6D37DAA973B4",
  "PInvoke.DbgHelp.dll": "E701136169620D20E3A70B560DE20E44",
  "PInvoke.DwmApi.dll": "ACF223CC8962404056648815B486F7D9",
  "PInvoke.Gdi32.dll": "69FF434826F98582CE44D3136ECFFACB",
  "PInvoke.Hid.dll": "2E7A41257F8AD9B26073181F450CD8E5",
  "PInvoke.ImageHlp.dll": "79BE816E8D86EA66489D7780DD675D49",
  "PInvoke.IPHlpApi.dll": "E949FA3326D1BA8872B179AB4EE49D38",
  "PInvoke.Kernel32.dll": "234E15B122ED430DE99490CA1A204958",
  "PInvoke.Magnification.dll": "C9EA3D34F506741ECC044DB19C151F09",
  "PInvoke.Msi.dll": "69EE50CE2DA6B55755E52589F49A7EBC",
  "PInvoke.NCrypt.dll": "DA1DE76C14D99370CA3BEF19DC299B15",
  "PInvoke.NetApi32.dll": "AE79F9FA2E3864A5E0642AE4622ECDC5",
  "PInvoke.NewDev.dll": "B3E1992105D986EF9C5C8E4B630FBB07",
  "PInvoke.NTDll.dll": "3F6BDF840EB27DD0FD9EB8071822183A",
  "PInvoke.Ole32.dll": "3C49FB100B60519FFE725BCD12A538F6",
  "PInvoke.Psapi.dll": "A7683EE4B880227F01C8AE632A892B9E",
  "PInvoke.SetupApi.dll": "1B7AE321185D0081D1759A9AD829F9BA",
  "PInvoke.SHCore.dll": "F27E7F063D51480F6D2294C903E4A606",
  "PInvoke.Shell32.dll": "F71A1BCAF6478190691170DAEA77722F",
  "PInvoke.User32.dll": "8BEDE38311ED4F27127290B81B8079FD",
  "PInvoke.Userenv.dll": "FEB7BCA90B8C905EC2F4BB0789847131",
  "PInvoke.UxTheme.dll": "8E683C016250CB719FDB9AAAFC22B3C5",
  "PInvoke.Windows.Core.dll": "90015440A44935208FFEA9BF61740651",
  "PInvoke.Windows.ShellScalingApi.dll": "F351B34B8C9183A51CADFDC279357C49",
  "PInvoke.WinUsb.dll": "9EB8A0280F2848D1A32B560A939F7336",
  "PInvoke.WtsApi32.dll": "341C94455D2E5893DBE4293D4D67AA4D",
  "Reloaded.Assembler.dll": "1639754AA4C1567F08366B52D2DE3DBF",
  "Reloaded.Hooks.Definitions.dll": "F75EB528CD0CE6747451F4A1EA9A41D3",
  "Reloaded.Hooks.dll": "D2A50E94521BC807D466C4A2E92A76A8",
  "Reloaded.Memory.Buffers.dll": "7EE727ED3A87CBE9014F1CFD00DD5E56",
  "Reloaded.Memory.dll": "894B9DD64A94D366ED73D324D12ED1CA",
  "revision.txt": "475FBEFA9EBFBA9233364533AAFD02A3",
  "SDL2-CS.config": "65557595FD5DF55D93B2BF881DE62C3A",
  "SDL2-CS.dll": "2BB9F72D0407E17345460F4783FA6363",
  "Serilog.dll": "90290311522372D8E0DFAF18AC126020",
  "Serilog.Sinks.Async.dll": "56C0E25574B751560616958E38723BDF",
  "Serilog.Sinks.Console.dll": "BDE711470B0DDB601666E216D3BC8721",
  "Serilog.Sinks.File.dll": "374652D0337FBF08702B56501AAC45E2",
  "SharpDX.Direct3D11.dll": "B2BE29E9E379512563B1B55474BEFD7F",
  "SharpDX.dll": "6653E618590E266CF5008D492720F39E",
  "SharpDX.DXGI.dll": "4C434935B38C78D0F58BE89F458419D4",
  "SharpDX.Mathematics.dll": "643C5E1F05D175B200C930ED3A8FCCAE",
  "Silk.NET.Core.dll": "2A8A1262D24907E35B92016D5EE5C7C3",
  "Silk.NET.GLFW.dll": "B61D379409B9F467DA85CF85D9C745AB",
  "Silk.NET.Maths.dll": "390A27D932BB1C0F754D6621CD23107A",
  "Silk.NET.OpenGL.dll": "6CF91E07F0F4CB0008A987DE902728A2",
  "Silk.NET.SDL.dll": "E82ED8FB3F7DBEA9575B2A00C4455BB8",
  "Silk.NET.Windowing.Common.dll": "34DC457907ACB594EE33D6BC8FD56669",
  "Silk.NET.Windowing.Glfw.dll": "9B84E2941446BD192AE6701AF0AB9197",
  "Silk.NET.Windowing.Sdl.dll": "FF38ECA4A701899DC7519A61694B6809",
  "SQLite-net.dll": "77B888FD5C3A7751FF89C4A07193F328",
  "SQLitePCLRaw.batteries_v2.dll": "A50AFE25C6B5497D8DE8A786D2229ECC",
  "SQLitePCLRaw.core.dll": "C28DCB07FE1C91C67C9EE8D2E2F1D075",
  "SQLitePCLRaw.nativelibrary.dll": "9934FADFC925FC67E59F64B913B03050",
  "SQLitePCLRaw.provider.dynamic_cdecl.dll": "931FB2872F2A770AEBF150B9CF37191A",
  "StbiSharp.dll": "EB8A2E4B181A82325FBC44478572DA7D",
  "System.Reactive.dll": "EF5A00287AD15393D41B12AA4B726FF7",
  "System.Reflection.MetadataLoadContext.dll": "7EC41D41F4E1246757BA3E2EC862D562",
  "System.Security.Cryptography.Pkcs.dll": "8950E01996A37E808BE3F39063C37BF9",
  "TEMP_gitver.txt": "7B4BD1ECD4897D5F4BA24ECDF9CFBCC5",
  "TerraFX.Interop.Windows.dll": "84F7EF6B0DE91F8CC23F773D3FD6DEC0",
  "Validation.dll": "A78DF2C199DDAFC2854882AA93E3BABA"
}
