{
  "runtimes\\alpine-x64\\native\\libe_sqlite3.so": "39C244FEDBCD3DFC37041D4FCE1AE21D",
  "runtimes\\linux-arm\\native\\libe_sqlite3.so": "96CF54BC0EFB83D6E3F5F3E04997A59D",
  "runtimes\\linux-arm64\\native\\libe_sqlite3.so": "F079E55E7F3F9966A4A2052A3234E068",
  "runtimes\\linux-armel\\native\\libe_sqlite3.so": "C5A67D49434FC65D64E9C15778078C76",
  "runtimes\\linux-mips64\\native\\libe_sqlite3.so": "5F8461214089CFC677D46C19B7162161",
  "runtimes\\linux-musl-x64\\native\\libe_sqlite3.so": "39C244FEDBCD3DFC37041D4FCE1AE21D",
  "runtimes\\linux-x64\\native\\libe_sqlite3.so": "6F49C540D3AB9964D67A4A704C3D262D",
  "runtimes\\linux-x64\\native\\libglfw.so.3": "9E3137144F68B9E9793F4C7AD5B1BEA7",
  "runtimes\\linux-x64\\native\\libSDL2-2.0.so": "99B95A708381FC66AB2370E45A260527",
  "runtimes\\linux-x64\\native\\libstbi.so": "0945355ED59677D06E3E88F48101BB26",
  "runtimes\\linux-x86\\native\\libe_sqlite3.so": "5E0659B414CBD6DDC38C65582485853E",
  "runtimes\\osx-x64\\native\\libe_sqlite3.dylib": "F82AE134FCD1C080A69D775591406673",
  "runtimes\\osx-x64\\native\\libglfw.3.dylib": "1E30FAB2F0C40E82290AD4B0BF14A880",
  "runtimes\\osx-x64\\native\\libSDL2-2.0.dylib": "AAC958490586C67395F0A90903AE3747",
  "runtimes\\osx-x64\\native\\libstbi.dylib": "0B84B0A6A80178266018081C3CAB68E6",
  "runtimes\\win-arm\\native\\e_sqlite3.dll": "E87A534C91E2F231B003FA5CD23461EB",
  "runtimes\\win-arm64\\native\\e_sqlite3.dll": "294C411D9878BF67120C4EF389221DF4",
  "runtimes\\win-x64\\native\\cimgui.dll": "A71B4255469FE2CEE43D92C79314BD8E",
  "runtimes\\win-x64\\native\\cimguizmo.dll": "F353DA5B71C885D4E0355F7A7DAEF3BA",
  "runtimes\\win-x64\\native\\cimplot.dll": "B6E241ED52AF80AE006E78C870DC4196",
  "runtimes\\win-x64\\native\\e_sqlite3.dll": "ACBAC56FF62247BC738DB0432B842CAF",
  "runtimes\\win-x64\\native\\glfw3.dll": "1DE7E9B71A46782DFFA50DCBF5350970",
  "runtimes\\win-x64\\native\\minhook.x64d.dll": "AF553A11A82E2FF0C8BE5E84D759B092",
  "runtimes\\win-x64\\native\\SDL2.dll": "B29929DEF5999FC6B3FF5F7F79BF8C08",
  "runtimes\\win-x64\\native\\stbi.dll": "2C9D45BA08108874E1F99FE184F1BA0C",
  "runtimes\\win-x64\\native\\stbi.lib": "927C214DE576219E1F80DBE7798A0502",
  "runtimes\\win-x86\\native\\e_sqlite3.dll": "661BED84645957C183890A2C7EBC63B0",
  "runtimes\\win-x86\\native\\glfw3.dll": "8EF63D0EF3572A2C2020CBCC0BEAB330",
  "runtimes\\win-x86\\native\\SDL2.dll": "AFD8B5EEDFCFA3F0756E932284D17EBB",
  "targets\\Dalamud.Plugin.Bootstrap.targets": "C85635161398CD9852CF7212DB7EB904",
  "targets\\Dalamud.Plugin.targets": "DDD731601C06B16E10CF2F8990452A27",
  "BitFaster.Caching.dll": "DA6A003AFB8C988ACCD214E3A02C97C9",
  "CheapLoc.dll": "38B250E6DC53633EDE7ACC3214201F20",
  "Costura.dll": "2E43949BA7B2882F1217AC315F25A2AC",
  "Dalamud.Boot.dll": "39CEA52BC5D855B8DA38DC93D0278C70",
  "Dalamud.Common.dll": "41420699E7BC2BE085AB0CA219B360D1",
  "Dalamud.deps.json": "9FA4487EEFC1908C9361F35453346AAE",
  "Dalamud.dll": "DD2E620CEE74A248AA9E6A035D9CC7D8",
  "Dalamud.Injector.deps.json": "C1FA0941DC8B38E415776C60C508AAB9",
  "Dalamud.Injector.dll": "F5AD252E562AA443C22894FB90EA89DB",
  "Dalamud.Injector.exe": "76F20ED4D08B721324519C926FEB5C9E",
  "Dalamud.Injector.runtimeconfig.json": "B9BB65FFE7924D4D8BABE9FA66303200",
  "Dalamud.Injector.xml": "D41E5DF541D19A015215E777D7395C9C",
  "Dalamud.runtimeconfig.json": "2A9CD915428BDD175E0889BD0C225F75",
  "Dalamud.xml": "C59A5389E7E7B8E6E42E6B5FDA291B2D",
  "DalamudCrashHandler.exe": "D0A2E7CE952CA10261B727F8CD2471D2",
  "FASM-LICENSE.TXT": "ECEA1D10811221D5F0A3E96F9C38E2C7",
  "FASM.DLL": "B47723BEFBE5226DF02A910B4F207B2A",
  "FASMX64.DLL": "764064EDA0D2B070D04F2DD2428FF1FB",
  "FFXIVClientStructs.dll": "8EAA01C461B2D4FCAD05DDEFC73E5478",
  "FFXIVClientStructs.xml": "F71F3FD235056182908FC10BA7FDCBA6",
  "goaaats.Reloaded.Assembler.targets": "CC22CB0A353E2136EE9E6E96DB9F7164",
  "Iced.dll": "2879156C31D52DD7CABD3A5D08BFAC87",
  "ImGui.NET.dll": "29977B74A585E8CA4BD6F72C66D8A064",
  "ImGuiScene.dll": "F5A62DA006FEF9CAED26D28EFD188FEF",
  "InteropGenerator.Runtime.dll": "07CFCFB577FADC238A2952DEB3B7FCF0",
  "JetBrains.Annotations.dll": "7ADCF46AD1DDFB70D1C77C8B449AC684",
  "licenses.txt": "A159BE62AA91178EFC3E3983AE874D1D",
  "Lumina.dll": "FD42D0A5ABBB008E3C894F16C0C17144",
  "Lumina.Excel.dll": "5828E655F3608CEEC2821A337D19BCA4",
  "Microsoft.Bcl.HashCode.dll": "613AB56061ADF2284E047025207467E0",
  "Microsoft.DotNet.PlatformAbstractions.dll": "00AB0F02B1114C57C758F5AD595224F1",
  "Microsoft.Extensions.DependencyModel.dll": "F39BC76C10CFEA478C936FC4521A9FC9",
  "Microsoft.Extensions.ObjectPool.dll": "FEE3CE8A84417360CC5ED787ED6F7DB1",
  "MinSharp.dll": "E036DD09F18991816DDF6E85E04E6C2B",
  "Mono.Cecil.dll": "C65086CA91C60CDC78CE14B4DF1A3434",
  "Mono.Cecil.Mdb.dll": "9FDE2D14A2EEFCF8CE9451AE866CF82C",
  "Mono.Cecil.Pdb.dll": "7BEE4508F4DDCEB419A8FBFF549637BA",
  "Mono.Cecil.Rocks.dll": "C69CFF2CF46462D917F0C647B6C74A8A",
  "nethost.dll": "012081214FE71F0F6ADCD9F4A71B2B00",
  "Newtonsoft.Json.dll": "86A83A63F12B55FD3718CFBFB577D7DC",
  "PeNet.Asn1.dll": "A79CFF09A818AE763FB77E0C06C51612",
  "PeNet.dll": "C1A06D7C352DD3ADA2E702B8D934665F",
  "PInvoke.AdvApi32.dll": "34EE461D05B403C3A15D0DEC32A3788C",
  "PInvoke.BCrypt.dll": "FD07758EE1440491F22923084109FF26",
  "PInvoke.Cabinet.dll": "333D950E3804735DA60CC41D614C63E2",
  "PInvoke.CfgMgr32.dll": "768BE7CC18EDCF78B296A72ABE891691",
  "PInvoke.Crypt32.dll": "E7B00B0851738F4A7F2C6D37DAA973B4",
  "PInvoke.DbgHelp.dll": "E701136169620D20E3A70B560DE20E44",
  "PInvoke.DwmApi.dll": "ACF223CC8962404056648815B486F7D9",
  "PInvoke.Gdi32.dll": "69FF434826F98582CE44D3136ECFFACB",
  "PInvoke.Hid.dll": "2E7A41257F8AD9B26073181F450CD8E5",
  "PInvoke.ImageHlp.dll": "79BE816E8D86EA66489D7780DD675D49",
  "PInvoke.IPHlpApi.dll": "E949FA3326D1BA8872B179AB4EE49D38",
  "PInvoke.Kernel32.dll": "234E15B122ED430DE99490CA1A204958",
  "PInvoke.Magnification.dll": "C9EA3D34F506741ECC044DB19C151F09",
  "PInvoke.Msi.dll": "69EE50CE2DA6B55755E52589F49A7EBC",
  "PInvoke.NCrypt.dll": "DA1DE76C14D99370CA3BEF19DC299B15",
  "PInvoke.NetApi32.dll": "AE79F9FA2E3864A5E0642AE4622ECDC5",
  "PInvoke.NewDev.dll": "B3E1992105D986EF9C5C8E4B630FBB07",
  "PInvoke.NTDll.dll": "3F6BDF840EB27DD0FD9EB8071822183A",
  "PInvoke.Ole32.dll": "3C49FB100B60519FFE725BCD12A538F6",
  "PInvoke.Psapi.dll": "A7683EE4B880227F01C8AE632A892B9E",
  "PInvoke.SetupApi.dll": "1B7AE321185D0081D1759A9AD829F9BA",
  "PInvoke.SHCore.dll": "F27E7F063D51480F6D2294C903E4A606",
  "PInvoke.Shell32.dll": "F71A1BCAF6478190691170DAEA77722F",
  "PInvoke.User32.dll": "8BEDE38311ED4F27127290B81B8079FD",
  "PInvoke.Userenv.dll": "FEB7BCA90B8C905EC2F4BB0789847131",
  "PInvoke.UxTheme.dll": "8E683C016250CB719FDB9AAAFC22B3C5",
  "PInvoke.Windows.Core.dll": "90015440A44935208FFEA9BF61740651",
  "PInvoke.Windows.ShellScalingApi.dll": "F351B34B8C9183A51CADFDC279357C49",
  "PInvoke.WinUsb.dll": "9EB8A0280F2848D1A32B560A939F7336",
  "PInvoke.WtsApi32.dll": "341C94455D2E5893DBE4293D4D67AA4D",
  "Reloaded.Assembler.dll": "5C6E291EE9B88BEB969616196EA2AFBD",
  "Reloaded.Hooks.Definitions.dll": "0FBED43A4BA844512C5E3A3E8859C46F",
  "Reloaded.Hooks.dll": "4FDBE983976C1E334DA5C90DD06446EE",
  "Reloaded.Memory.Buffers.dll": "85045F5F19F246312E5DA79E25BFC970",
  "Reloaded.Memory.dll": "5348EEA2985780AF626B273DC8E87970",
  "revision.txt": "FB642B781020B2AAEB1A7CEE29ACC915",
  "SDL2-CS.config": "65557595FD5DF55D93B2BF881DE62C3A",
  "SDL2-CS.dll": "CDBF778AC3E2D1724A5979541A0395BF",
  "Serilog.dll": "CD71E316E1CF1A153002043895227C8B",
  "Serilog.Sinks.Async.dll": "FD23468450695529931E91C0D4C7D1C7",
  "Serilog.Sinks.Console.dll": "6594FC9A734A7F360D9C14E6CDCA0FC5",
  "Serilog.Sinks.File.dll": "661E4B44E4E219EC483DB6BE1C64D3AC",
  "SharpDX.Direct3D11.dll": "24F4234723F1E93E8DB87B045FEC4835",
  "SharpDX.dll": "7517896B0CFA3838A0D89604ADBEFAD6",
  "SharpDX.DXGI.dll": "0392EADC0AD47C9E7DED617944121414",
  "SharpDX.Mathematics.dll": "C89A1CD23BCDB16926371E546A7E833A",
  "Silk.NET.Core.dll": "7E62D017C211AAB6B0F99B0EB94E28D5",
  "Silk.NET.GLFW.dll": "832341EBAE09BB34C98FD06045CB6497",
  "Silk.NET.Maths.dll": "A2625DD12D8C3E7951597CE71C654C3E",
  "Silk.NET.OpenGL.dll": "C3A29FF98DE9ED2C8202EB73C4C4D3AC",
  "Silk.NET.SDL.dll": "C36190D94E485F2CCADDA21324063613",
  "Silk.NET.Windowing.Common.dll": "E61DFC17833A5B5AF9667E607335BA36",
  "Silk.NET.Windowing.Glfw.dll": "D60CE6A182A47F0D3FA33E317647D457",
  "Silk.NET.Windowing.Sdl.dll": "FFC2D216E83122721FD3E0FD4D586B02",
  "SQLite-net.dll": "30E3E122033C982289631293E15B545E",
  "SQLitePCLRaw.batteries_v2.dll": "FDEB19C58C7BE509C69BF3B3D2F1FFFB",
  "SQLitePCLRaw.core.dll": "3421D728128B8AD8EE5133EC944855C6",
  "SQLitePCLRaw.nativelibrary.dll": "1360FA9FD80190A76A8732E03A1DA205",
  "SQLitePCLRaw.provider.dynamic_cdecl.dll": "4B2B53C8A6836CBBB92FC33F616B81A4",
  "StbiSharp.dll": "5EB43B8DEE3CC5B9EDB41524A3951D56",
  "System.Reactive.dll": "EF5A00287AD15393D41B12AA4B726FF7",
  "System.Reflection.MetadataLoadContext.dll": "7EC41D41F4E1246757BA3E2EC862D562",
  "System.Security.Cryptography.Pkcs.dll": "8950E01996A37E808BE3F39063C37BF9",
  "TEMP_gitver.txt": "ED1FB96B920F4A5CCF265AD7AB0C7293",
  "TerraFX.Interop.Windows.dll": "84F7EF6B0DE91F8CC23F773D3FD6DEC0",
  "Validation.dll": "E32597A514071D5108EDA39018C3EE12"
}
