{
  "runtimes\\alpine-x64\\native\\libe_sqlite3.so": "39C244FEDBCD3DFC37041D4FCE1AE21D",
  "runtimes\\linux-arm\\native\\libe_sqlite3.so": "96CF54BC0EFB83D6E3F5F3E04997A59D",
  "runtimes\\linux-arm64\\native\\libe_sqlite3.so": "F079E55E7F3F9966A4A2052A3234E068",
  "runtimes\\linux-armel\\native\\libe_sqlite3.so": "C5A67D49434FC65D64E9C15778078C76",
  "runtimes\\linux-mips64\\native\\libe_sqlite3.so": "5F8461214089CFC677D46C19B7162161",
  "runtimes\\linux-musl-x64\\native\\libe_sqlite3.so": "39C244FEDBCD3DFC37041D4FCE1AE21D",
  "runtimes\\linux-x64\\native\\libe_sqlite3.so": "6F49C540D3AB9964D67A4A704C3D262D",
  "runtimes\\linux-x64\\native\\libglfw.so.3": "9E3137144F68B9E9793F4C7AD5B1BEA7",
  "runtimes\\linux-x64\\native\\libSDL2-2.0.so": "99B95A708381FC66AB2370E45A260527",
  "runtimes\\linux-x64\\native\\libstbi.so": "0945355ED59677D06E3E88F48101BB26",
  "runtimes\\linux-x86\\native\\libe_sqlite3.so": "5E0659B414CBD6DDC38C65582485853E",
  "runtimes\\osx-x64\\native\\libe_sqlite3.dylib": "F82AE134FCD1C080A69D775591406673",
  "runtimes\\osx-x64\\native\\libglfw.3.dylib": "1E30FAB2F0C40E82290AD4B0BF14A880",
  "runtimes\\osx-x64\\native\\libSDL2-2.0.dylib": "AAC958490586C67395F0A90903AE3747",
  "runtimes\\osx-x64\\native\\libstbi.dylib": "0B84B0A6A80178266018081C3CAB68E6",
  "runtimes\\win-arm\\native\\e_sqlite3.dll": "8AF87FCFB0C68E7165967362148F500B",
  "runtimes\\win-arm64\\native\\e_sqlite3.dll": "DABE3E601C8C7BC38F59F8C791521B83",
  "runtimes\\win-x64\\native\\cimgui.dll": "BB9D13C790C8A51B231CF26BDD0E8866",
  "runtimes\\win-x64\\native\\cimguizmo.dll": "07A7960F33D9B299ED0D30F52000BDEB",
  "runtimes\\win-x64\\native\\cimplot.dll": "C260CB0DD2F6A0E2E50A70C903DEA422",
  "runtimes\\win-x64\\native\\e_sqlite3.dll": "E51AA03CD7880BC8F19B3404757F5AD4",
  "runtimes\\win-x64\\native\\glfw3.dll": "686B1CAF99EA6D25919758B222FD2C55",
  "runtimes\\win-x64\\native\\minhook.x64d.dll": "FC8D91E06A1F4616CD52397DCD68DA27",
  "runtimes\\win-x64\\native\\SDL2.dll": "6C2A5FB17135986656F997A4DBD11D5F",
  "runtimes\\win-x64\\native\\stbi.dll": "AC9A9228BACD2765DC5F69C58C396236",
  "runtimes\\win-x64\\native\\stbi.lib": "927C214DE576219E1F80DBE7798A0502",
  "runtimes\\win-x86\\native\\e_sqlite3.dll": "31CF2B591ABD15F885D47418C8728D12",
  "runtimes\\win-x86\\native\\glfw3.dll": "9A83F8FCD64AEF9DD8E746D096928420",
  "runtimes\\win-x86\\native\\SDL2.dll": "B0F6ADA1B9C062FF8BF225BEFC5ACBBD",
  "targets\\Dalamud.Plugin.Bootstrap.targets": "C85635161398CD9852CF7212DB7EB904",
  "targets\\Dalamud.Plugin.targets": "DDD731601C06B16E10CF2F8990452A27",
  "BitFaster.Caching.dll": "7AEAD7BAC2A3962AC6A7580DB0F2AB33",
  "CheapLoc.dll": "51A48A6932BE1CFAAFD5EF2CF5EABE15",
  "commit_hash.txt": "A878ACCD848A2BEC534009FF49D456E8",
  "Costura.dll": "3EBA0A54774B5651EB9C462C6485325C",
  "Dalamud.Boot.dll": "EE151EE9F6AADE7E554AEDAC668679D2",
  "Dalamud.Common.dll": "591E585B8CD2388E6AB0B59287C6D4CF",
  "Dalamud.deps.json": "9A053DE9AAEB215D5439233304509993",
  "Dalamud.dll": "E6042219B8B920144E225851381DFAFA",
  "Dalamud.Injector.deps.json": "E30B9BD40106FFC14A5274A670979EDF",
  "Dalamud.Injector.dll": "E8F39AABD0286135E653418456FDC453",
  "Dalamud.Injector.exe": "A0E61903F1840BBC3F989F8ADC0D367C",
  "Dalamud.Injector.runtimeconfig.json": "B9BB65FFE7924D4D8BABE9FA66303200",
  "Dalamud.Injector.xml": "D41E5DF541D19A015215E777D7395C9C",
  "Dalamud.runtimeconfig.json": "2A9CD915428BDD175E0889BD0C225F75",
  "Dalamud.xml": "C4B2B302996F1871AFA04D5E08D38FF0",
  "DalamudCrashHandler.exe": "009EF241852735410FBD6E821E00CD17",
  "FASM-LICENSE.TXT": "ECEA1D10811221D5F0A3E96F9C38E2C7",
  "FASM.DLL": "9F94FFDEE326C193369FA67AAB068176",
  "FASMX64.DLL": "973B7262794D6634A5672062B3118B45",
  "FFXIVClientStructs.dll": "7F6DC47DFFA24795C0ABE8A8835DFF45",
  "FFXIVClientStructs.xml": "82984633B2FF1E947DCDD221AA3ADAEB",
  "goaaats.Reloaded.Assembler.targets": "CC22CB0A353E2136EE9E6E96DB9F7164",
  "Iced.dll": "4AE40E86278D51D2C26CA07FE4D0A91F",
  "ImGui.NET.dll": "F8627EBBFC048A9CB1AE8E945107DCA3",
  "ImGuiScene.dll": "65B680A4EB27801B1B8C9E22DB3E235B",
  "InteropGenerator.Runtime.dll": "E37EFAC367D41BC7568A0FA0F18D146A",
  "JetBrains.Annotations.dll": "C4D06A0DC7B9257FE7C5DC50B5C9FA8B",
  "licenses.txt": "A159BE62AA91178EFC3E3983AE874D1D",
  "Lumina.dll": "1797CBC4CE85271BAC6B0D2408B96735",
  "Lumina.Excel.dll": "5301A05A6BE566764DD46DF1A946F6EF",
  "Microsoft.Bcl.HashCode.dll": "613AB56061ADF2284E047025207467E0",
  "Microsoft.DotNet.PlatformAbstractions.dll": "00AB0F02B1114C57C758F5AD595224F1",
  "Microsoft.Extensions.DependencyModel.dll": "F39BC76C10CFEA478C936FC4521A9FC9",
  "Microsoft.Extensions.ObjectPool.dll": "FEE3CE8A84417360CC5ED787ED6F7DB1",
  "MinSharp.dll": "CD123C471C5CB6925D2F682BE32A4CFB",
  "Mono.Cecil.dll": "F535C363B3EBEBD3BB22C88FE09E6051",
  "Mono.Cecil.Mdb.dll": "C6917E215F5236C46566210FF3E9598C",
  "Mono.Cecil.Pdb.dll": "0B537F30BA0D7CCBA41EBFA02D6BB59D",
  "Mono.Cecil.Rocks.dll": "AAA433FE2D9A7835B28906980D2E6FD3",
  "nethost.dll": "21F39F71E2F4B5BA9FB3F126872F2F9B",
  "Newtonsoft.Json.dll": "ADF3E3EECDE20B7C9661E9C47106A14A",
  "PeNet.Asn1.dll": "BEC2857C41DEF7427A76765C4508D6A7",
  "PeNet.dll": "E7DBF431B9A40D9DCC2C5A7E0762A867",
  "PInvoke.AdvApi32.dll": "34EE461D05B403C3A15D0DEC32A3788C",
  "PInvoke.BCrypt.dll": "FD07758EE1440491F22923084109FF26",
  "PInvoke.Cabinet.dll": "333D950E3804735DA60CC41D614C63E2",
  "PInvoke.CfgMgr32.dll": "768BE7CC18EDCF78B296A72ABE891691",
  "PInvoke.Crypt32.dll": "E7B00B0851738F4A7F2C6D37DAA973B4",
  "PInvoke.DbgHelp.dll": "E701136169620D20E3A70B560DE20E44",
  "PInvoke.DwmApi.dll": "ACF223CC8962404056648815B486F7D9",
  "PInvoke.Gdi32.dll": "69FF434826F98582CE44D3136ECFFACB",
  "PInvoke.Hid.dll": "2E7A41257F8AD9B26073181F450CD8E5",
  "PInvoke.ImageHlp.dll": "79BE816E8D86EA66489D7780DD675D49",
  "PInvoke.IPHlpApi.dll": "E949FA3326D1BA8872B179AB4EE49D38",
  "PInvoke.Kernel32.dll": "234E15B122ED430DE99490CA1A204958",
  "PInvoke.Magnification.dll": "C9EA3D34F506741ECC044DB19C151F09",
  "PInvoke.Msi.dll": "69EE50CE2DA6B55755E52589F49A7EBC",
  "PInvoke.NCrypt.dll": "DA1DE76C14D99370CA3BEF19DC299B15",
  "PInvoke.NetApi32.dll": "AE79F9FA2E3864A5E0642AE4622ECDC5",
  "PInvoke.NewDev.dll": "B3E1992105D986EF9C5C8E4B630FBB07",
  "PInvoke.NTDll.dll": "3F6BDF840EB27DD0FD9EB8071822183A",
  "PInvoke.Ole32.dll": "3C49FB100B60519FFE725BCD12A538F6",
  "PInvoke.Psapi.dll": "A7683EE4B880227F01C8AE632A892B9E",
  "PInvoke.SetupApi.dll": "1B7AE321185D0081D1759A9AD829F9BA",
  "PInvoke.SHCore.dll": "F27E7F063D51480F6D2294C903E4A606",
  "PInvoke.Shell32.dll": "F71A1BCAF6478190691170DAEA77722F",
  "PInvoke.User32.dll": "8BEDE38311ED4F27127290B81B8079FD",
  "PInvoke.Userenv.dll": "FEB7BCA90B8C905EC2F4BB0789847131",
  "PInvoke.UxTheme.dll": "8E683C016250CB719FDB9AAAFC22B3C5",
  "PInvoke.Windows.Core.dll": "90015440A44935208FFEA9BF61740651",
  "PInvoke.Windows.ShellScalingApi.dll": "F351B34B8C9183A51CADFDC279357C49",
  "PInvoke.WinUsb.dll": "9EB8A0280F2848D1A32B560A939F7336",
  "PInvoke.WtsApi32.dll": "341C94455D2E5893DBE4293D4D67AA4D",
  "Reloaded.Assembler.dll": "23C71939ACEFEF250307FB57C199B360",
  "Reloaded.Hooks.Definitions.dll": "12C41EA88B67DF6ABEF9C92BC51F3972",
  "Reloaded.Hooks.dll": "87F72159E7BB875EE2FF0DA03098F416",
  "Reloaded.Memory.Buffers.dll": "CCCD5AFA3D855D665F29251FB647C49A",
  "Reloaded.Memory.dll": "BBCC31F118324F0D87CD3F389AC3EFA5",
  "revision.txt": "C1A3D34711AB5D85335331CA0E57F067",
  "SDL2-CS.config": "65557595FD5DF55D93B2BF881DE62C3A",
  "SDL2-CS.dll": "6F5310EA7EF415340FE764DE321E6EFF",
  "Serilog.dll": "7FDEAB3C98CF58974E7AB138AF5FB38F",
  "Serilog.Sinks.Async.dll": "82905D8E8A90C387A6C9A81944678058",
  "Serilog.Sinks.Console.dll": "0B4840A00B5CD9E9411B493BC2D90ECC",
  "Serilog.Sinks.File.dll": "F2760291E1369491D22786A0ED47DC41",
  "SharpDX.Direct3D11.dll": "4A3347DB83D713198E2CFBF4E7E2D834",
  "SharpDX.dll": "BA14CB1BE318A13E7DD42881F9417E25",
  "SharpDX.DXGI.dll": "5038E0D59DAB81B1FE839B564A153557",
  "SharpDX.Mathematics.dll": "57A2FF79FD23371E29A0AC8C4339362C",
  "Silk.NET.Core.dll": "8197F439D2129FB8887854EC93E85069",
  "Silk.NET.GLFW.dll": "061351942064B38897BCB8B98E282BA9",
  "Silk.NET.Maths.dll": "FFC2D178DA26E186647149D3E1C15A8A",
  "Silk.NET.OpenGL.dll": "04EBB8C6A3FB659D363DB0DC113BA3FF",
  "Silk.NET.SDL.dll": "AA3AEEA48CC6A22A9C9ECA0F328D254F",
  "Silk.NET.Windowing.Common.dll": "4462B1613D56B87CE50A6993D8FC4D3E",
  "Silk.NET.Windowing.Glfw.dll": "B35EF9174DC72AE54838BBD603AF1699",
  "Silk.NET.Windowing.Sdl.dll": "EA2AC97E0EAE19BA8723B53448E6C5BD",
  "SQLite-net.dll": "B8EC8DD1534159273B69BB28BDB45D43",
  "SQLitePCLRaw.batteries_v2.dll": "C11C82083CE7BB17B67FB12281C3110E",
  "SQLitePCLRaw.core.dll": "DDB7FCF16BA04D448B4BDEB60707A99D",
  "SQLitePCLRaw.nativelibrary.dll": "1528BD08A36F6EB1AFE16AB358D687D2",
  "SQLitePCLRaw.provider.dynamic_cdecl.dll": "C80E0ACB55D82C69A3FAD452E6F1BCB6",
  "StbiSharp.dll": "BEC4F8683124136B8FA8F059D3DB0705",
  "System.Reactive.dll": "EF5A00287AD15393D41B12AA4B726FF7",
  "System.Reflection.MetadataLoadContext.dll": "E88E3AF6D37736F339022C9ACC5F2F7B",
  "System.Security.Cryptography.Pkcs.dll": "8950E01996A37E808BE3F39063C37BF9",
  "TEMP_gitver.txt": "E238AC7B376096F372E8C41388358CF4",
  "TerraFX.Interop.Windows.dll": "84F7EF6B0DE91F8CC23F773D3FD6DEC0",
  "Validation.dll": "817BAC4D4AAE4DC7DED49C712570731D"
}
