{
  "runtimes\\alpine-x64\\native\\libe_sqlite3.so": "39C244FEDBCD3DFC37041D4FCE1AE21D",
  "runtimes\\linux-arm\\native\\libe_sqlite3.so": "96CF54BC0EFB83D6E3F5F3E04997A59D",
  "runtimes\\linux-arm64\\native\\libe_sqlite3.so": "F079E55E7F3F9966A4A2052A3234E068",
  "runtimes\\linux-armel\\native\\libe_sqlite3.so": "C5A67D49434FC65D64E9C15778078C76",
  "runtimes\\linux-mips64\\native\\libe_sqlite3.so": "5F8461214089CFC677D46C19B7162161",
  "runtimes\\linux-musl-x64\\native\\libe_sqlite3.so": "39C244FEDBCD3DFC37041D4FCE1AE21D",
  "runtimes\\linux-x64\\native\\libe_sqlite3.so": "6F49C540D3AB9964D67A4A704C3D262D",
  "runtimes\\linux-x64\\native\\libglfw.so.3": "9E3137144F68B9E9793F4C7AD5B1BEA7",
  "runtimes\\linux-x64\\native\\libSDL2-2.0.so": "99B95A708381FC66AB2370E45A260527",
  "runtimes\\linux-x64\\native\\libstbi.so": "0945355ED59677D06E3E88F48101BB26",
  "runtimes\\linux-x86\\native\\libe_sqlite3.so": "5E0659B414CBD6DDC38C65582485853E",
  "runtimes\\osx-x64\\native\\libe_sqlite3.dylib": "F82AE134FCD1C080A69D775591406673",
  "runtimes\\osx-x64\\native\\libglfw.3.dylib": "1E30FAB2F0C40E82290AD4B0BF14A880",
  "runtimes\\osx-x64\\native\\libSDL2-2.0.dylib": "AAC958490586C67395F0A90903AE3747",
  "runtimes\\osx-x64\\native\\libstbi.dylib": "0B84B0A6A80178266018081C3CAB68E6",
  "runtimes\\win-arm\\native\\e_sqlite3.dll": "B4EDD317187DC730C915E954C6189BA1",
  "runtimes\\win-arm64\\native\\e_sqlite3.dll": "D580E62A59E49A4445D0BA91D985C7D0",
  "runtimes\\win-x64\\native\\cimgui.dll": "F97F04AB9F0A2C9CC93EAB9DAE54F749",
  "runtimes\\win-x64\\native\\cimguizmo.dll": "4C91A7800E186359D1DB6971B3FBAD76",
  "runtimes\\win-x64\\native\\cimplot.dll": "80E1BD6144057A5A890E96F8FB3F2294",
  "runtimes\\win-x64\\native\\e_sqlite3.dll": "742A56F8402A87A6A35115B8EA521A95",
  "runtimes\\win-x64\\native\\glfw3.dll": "63475C6D584CC6036E35E73549C01CC4",
  "runtimes\\win-x64\\native\\minhook.x64d.dll": "CB333BC8C7A657664BCDA8BEEE21B180",
  "runtimes\\win-x64\\native\\SDL2.dll": "6A3F8B9D9E442402C1D02FB784DB23B9",
  "runtimes\\win-x64\\native\\stbi.dll": "FF5442031824189ADDA5DB7210400339",
  "runtimes\\win-x64\\native\\stbi.lib": "927C214DE576219E1F80DBE7798A0502",
  "runtimes\\win-x86\\native\\e_sqlite3.dll": "4BE33F8B477602FB021C0A6DDF58C061",
  "runtimes\\win-x86\\native\\glfw3.dll": "175A7EA1C08651DEC65621D8151B0EEC",
  "runtimes\\win-x86\\native\\SDL2.dll": "B45593EFED28FB70E920DBBC4B3A9058",
  "targets\\Dalamud.Plugin.Bootstrap.targets": "C85635161398CD9852CF7212DB7EB904",
  "targets\\Dalamud.Plugin.targets": "11001C983157350F50D99F1A827999B5",
  "CheapLoc.dll": "4E7DEFEF49917CB23ADFA10BCF7D852F",
  "Costura.dll": "0B0B5E8387517002DCC6E2BE348C7E23",
  "Dalamud.Boot.dll": "C4F1ED12148ABB5190B4A551C1CCA686",
  "Dalamud.Common.dll": "7FF12560D8D0804425644C1BA31B4E8D",
  "Dalamud.deps.json": "2C187D7EED0E7F3E3D5502617CAF0E19",
  "Dalamud.dll": "24ED8E71C2857EE660FA9B7CD0B7E86E",
  "Dalamud.Injector.deps.json": "4E53ABE9A5D3E4592DA63EBF98DAAD86",
  "Dalamud.Injector.dll": "8C17019793488418D0BB8DA16E7AE25A",
  "Dalamud.Injector.exe": "84BBA676297919A40662B52888D34CBB",
  "Dalamud.Injector.runtimeconfig.json": "AAAFA957BB3B382321D67ACC2D792553",
  "Dalamud.Injector.xml": "D41E5DF541D19A015215E777D7395C9C",
  "Dalamud.runtimeconfig.json": "15719C111D02D5BD45F37285FC8B6040",
  "Dalamud.xml": "3344B31CA43518DCBA0BA13C585CA232",
  "DalamudCrashHandler.exe": "C3644D0A184D5B49F1B494AAFA61B02C",
  "FASM-LICENSE.TXT": "ECEA1D10811221D5F0A3E96F9C38E2C7",
  "FASM.DLL": "21DBDA89F715C4858847B2E72F5A6EF1",
  "FASMX64.DLL": "53C433BF526456153F23A1E5E22D32C9",
  "FFXIVClientStructs.dll": "5C665F4EA61CE47B608A2F5ECFE73239",
  "FFXIVClientStructs.xml": "08C8C63D475C837BDE9528BC1D68B9C9",
  "goaaats.Reloaded.Assembler.targets": "CC22CB0A353E2136EE9E6E96DB9F7164",
  "Iced.dll": "81D4E1E12AD3FCF5A90054611CA42D94",
  "ImGui.NET.dll": "3A4620151CD0C35A64C491B0096C7F60",
  "ImGuiScene.dll": "3EEFB916DE555AC70E61E5643BC49A12",
  "JetBrains.Annotations.dll": "33259C43D558773190032A58C95F5BAD",
  "licenses.txt": "A159BE62AA91178EFC3E3983AE874D1D",
  "Lumina.dll": "83EE773591B668CFE234063597179B48",
  "Lumina.Excel.dll": "527FE15177ED04EF7598ED1B77783E77",
  "Microsoft.Bcl.HashCode.dll": "613AB56061ADF2284E047025207467E0",
  "Microsoft.DotNet.PlatformAbstractions.dll": "00AB0F02B1114C57C758F5AD595224F1",
  "Microsoft.Extensions.DependencyModel.dll": "F39BC76C10CFEA478C936FC4521A9FC9",
  "Microsoft.Extensions.ObjectPool.dll": "91B40FCF7D5A05DF428016DDFD05BABB",
  "MinSharp.dll": "2BD91946AAAB0212AE4BF2DFDB1507A2",
  "Mono.Cecil.dll": "657C8A82F98F49C2F97E18375909C4FD",
  "Mono.Cecil.Mdb.dll": "336A6B6D25B966CDB343F3A1EA6AC4E2",
  "Mono.Cecil.Pdb.dll": "19F60290B3D6C9FD1C092E0200D9B339",
  "Mono.Cecil.Rocks.dll": "93F48F49C4A878E779312DD10A0B8021",
  "MonoMod.Backports.dll": "B181B75081B6EA28F3CCEC95CB10BC80",
  "MonoMod.Core.dll": "EC211611FF1B233082C27D2D12F2F957",
  "MonoMod.Iced.dll": "3A23583412C316F617C01929822F526A",
  "MonoMod.ILHelpers.dll": "0AC9F699099B351D27AA3D55E690CEA7",
  "MonoMod.RuntimeDetour.dll": "891E765B2BCC4A36F27C4BF458A546E1",
  "MonoMod.Utils.dll": "76D9B3BDA3994AD604AB8E1DE20B3A33",
  "nethost.dll": "012081214FE71F0F6ADCD9F4A71B2B00",
  "Newtonsoft.Json.dll": "86A83A63F12B55FD3718CFBFB577D7DC",
  "PeNet.Asn1.dll": "6F4FD0DDC2983861EF667C7800DF3515",
  "PeNet.dll": "044A7DA3D9A85B14AD2A8D010FE98FBA",
  "PInvoke.AdvApi32.dll": "34EE461D05B403C3A15D0DEC32A3788C",
  "PInvoke.BCrypt.dll": "FD07758EE1440491F22923084109FF26",
  "PInvoke.Cabinet.dll": "333D950E3804735DA60CC41D614C63E2",
  "PInvoke.CfgMgr32.dll": "768BE7CC18EDCF78B296A72ABE891691",
  "PInvoke.Crypt32.dll": "E7B00B0851738F4A7F2C6D37DAA973B4",
  "PInvoke.DbgHelp.dll": "E701136169620D20E3A70B560DE20E44",
  "PInvoke.DwmApi.dll": "ACF223CC8962404056648815B486F7D9",
  "PInvoke.Gdi32.dll": "69FF434826F98582CE44D3136ECFFACB",
  "PInvoke.Hid.dll": "2E7A41257F8AD9B26073181F450CD8E5",
  "PInvoke.ImageHlp.dll": "79BE816E8D86EA66489D7780DD675D49",
  "PInvoke.IPHlpApi.dll": "E949FA3326D1BA8872B179AB4EE49D38",
  "PInvoke.Kernel32.dll": "234E15B122ED430DE99490CA1A204958",
  "PInvoke.Magnification.dll": "C9EA3D34F506741ECC044DB19C151F09",
  "PInvoke.Msi.dll": "69EE50CE2DA6B55755E52589F49A7EBC",
  "PInvoke.NCrypt.dll": "DA1DE76C14D99370CA3BEF19DC299B15",
  "PInvoke.NetApi32.dll": "AE79F9FA2E3864A5E0642AE4622ECDC5",
  "PInvoke.NewDev.dll": "B3E1992105D986EF9C5C8E4B630FBB07",
  "PInvoke.NTDll.dll": "3F6BDF840EB27DD0FD9EB8071822183A",
  "PInvoke.Ole32.dll": "3C49FB100B60519FFE725BCD12A538F6",
  "PInvoke.Psapi.dll": "A7683EE4B880227F01C8AE632A892B9E",
  "PInvoke.SetupApi.dll": "1B7AE321185D0081D1759A9AD829F9BA",
  "PInvoke.SHCore.dll": "F27E7F063D51480F6D2294C903E4A606",
  "PInvoke.Shell32.dll": "F71A1BCAF6478190691170DAEA77722F",
  "PInvoke.User32.dll": "8BEDE38311ED4F27127290B81B8079FD",
  "PInvoke.Userenv.dll": "FEB7BCA90B8C905EC2F4BB0789847131",
  "PInvoke.UxTheme.dll": "8E683C016250CB719FDB9AAAFC22B3C5",
  "PInvoke.Windows.Core.dll": "90015440A44935208FFEA9BF61740651",
  "PInvoke.Windows.ShellScalingApi.dll": "F351B34B8C9183A51CADFDC279357C49",
  "PInvoke.WinUsb.dll": "9EB8A0280F2848D1A32B560A939F7336",
  "PInvoke.WtsApi32.dll": "341C94455D2E5893DBE4293D4D67AA4D",
  "Reloaded.Assembler.dll": "F6FD9D45C9A8FBB1497BA1C6253789D4",
  "Reloaded.Hooks.Definitions.dll": "36943CBD2223810E21A07F4757BF0243",
  "Reloaded.Hooks.dll": "A325F7EE92FED229FC28912F06A566D3",
  "Reloaded.Memory.Buffers.dll": "9F935C24F6E5A30862C828BC4DF80D0A",
  "Reloaded.Memory.dll": "87A3992901FB238E83C7E7BC1FDAE2F1",
  "revision.txt": "71F07BF95F0113EEFAB12552181DD832",
  "SDL2-CS.config": "65557595FD5DF55D93B2BF881DE62C3A",
  "SDL2-CS.dll": "37E98C0DA688C417F88D1C6682FA302B",
  "Serilog.dll": "DCA7EDC93F97744029CC0580AC1951B1",
  "Serilog.Sinks.Async.dll": "BEBCD1A1711CEFAAD4787F98CA4D5131",
  "Serilog.Sinks.Console.dll": "E570DB61AB391DC8282931E2B4E892CA",
  "Serilog.Sinks.File.dll": "59A7FDDF5C9258F01BBBD3076585EBDE",
  "SharpDX.Direct3D11.dll": "34B4CDD5E4A760BC6C2E0E2F9CF76ED3",
  "SharpDX.dll": "EE8432430B5184F7294D6F3374762ABB",
  "SharpDX.DXGI.dll": "3EA225F7BDBC4A2C151A71E6FB8BD014",
  "SharpDX.Mathematics.dll": "213EC324186C1BC1DB526FDCE966E956",
  "Silk.NET.Core.dll": "81E4D556DFD6CC52C2D190B32AF9DDD4",
  "Silk.NET.GLFW.dll": "8431F04F10204D7956DD3AC40023E9CC",
  "Silk.NET.Maths.dll": "15118F17380383A422EAF35DF4B81CC9",
  "Silk.NET.OpenGL.dll": "BEFD496F33CB74DB39B51AF5AFF08E87",
  "Silk.NET.SDL.dll": "253CFCDEF4513E818AC637F22E720841",
  "Silk.NET.Windowing.Common.dll": "43CCA012BB862760029B06D399490F91",
  "Silk.NET.Windowing.Glfw.dll": "4E48395BF42CB9EAFC548DC0FF7115E5",
  "Silk.NET.Windowing.Sdl.dll": "F695FDCF121649EA6B6C130FCF7C481B",
  "SQLite-net.dll": "8194719AC0625C642527F9647923A441",
  "SQLitePCLRaw.batteries_v2.dll": "EFCB0F56A805DB780F5968C3F6ED93D8",
  "SQLitePCLRaw.core.dll": "2F162DF26EA6546AF3B365F889E4BCC8",
  "SQLitePCLRaw.nativelibrary.dll": "EF04F7232B1946AC478FCB3114ECF979",
  "SQLitePCLRaw.provider.dynamic_cdecl.dll": "12D5BA790FEAE8065E91C89CDA94FD8A",
  "StbiSharp.dll": "19C149EB7904CCFB05D990A4C48450E6",
  "System.Reactive.dll": "EF5A00287AD15393D41B12AA4B726FF7",
  "System.Reflection.MetadataLoadContext.dll": "7EC41D41F4E1246757BA3E2EC862D562",
  "System.Security.Cryptography.Pkcs.dll": "8950E01996A37E808BE3F39063C37BF9",
  "TEMP_gitver.txt": "A2E4EC246610305F722BA9AE39129445",
  "TerraFX.Interop.Windows.dll": "84F7EF6B0DE91F8CC23F773D3FD6DEC0",
  "Validation.dll": "514FF4CC3F36DD05B4FFCC19A74862EA"
}
