{
  "runtimes\\alpine-x64\\native\\libe_sqlite3.so": "39C244FEDBCD3DFC37041D4FCE1AE21D",
  "runtimes\\linux-arm\\native\\libe_sqlite3.so": "96CF54BC0EFB83D6E3F5F3E04997A59D",
  "runtimes\\linux-arm64\\native\\libe_sqlite3.so": "F079E55E7F3F9966A4A2052A3234E068",
  "runtimes\\linux-armel\\native\\libe_sqlite3.so": "C5A67D49434FC65D64E9C15778078C76",
  "runtimes\\linux-mips64\\native\\libe_sqlite3.so": "5F8461214089CFC677D46C19B7162161",
  "runtimes\\linux-musl-x64\\native\\libe_sqlite3.so": "39C244FEDBCD3DFC37041D4FCE1AE21D",
  "runtimes\\linux-x64\\native\\libe_sqlite3.so": "6F49C540D3AB9964D67A4A704C3D262D",
  "runtimes\\linux-x64\\native\\libglfw.so.3": "9E3137144F68B9E9793F4C7AD5B1BEA7",
  "runtimes\\linux-x64\\native\\libSDL2-2.0.so": "99B95A708381FC66AB2370E45A260527",
  "runtimes\\linux-x64\\native\\libstbi.so": "0945355ED59677D06E3E88F48101BB26",
  "runtimes\\linux-x86\\native\\libe_sqlite3.so": "5E0659B414CBD6DDC38C65582485853E",
  "runtimes\\osx-x64\\native\\libe_sqlite3.dylib": "F82AE134FCD1C080A69D775591406673",
  "runtimes\\osx-x64\\native\\libglfw.3.dylib": "1E30FAB2F0C40E82290AD4B0BF14A880",
  "runtimes\\osx-x64\\native\\libSDL2-2.0.dylib": "AAC958490586C67395F0A90903AE3747",
  "runtimes\\osx-x64\\native\\libstbi.dylib": "0B84B0A6A80178266018081C3CAB68E6",
  "runtimes\\win-arm\\native\\e_sqlite3.dll": "8D1F57EE232E952FF18270E484472569",
  "runtimes\\win-arm64\\native\\e_sqlite3.dll": "77CEE368FFA7E491355651389A0AA48E",
  "runtimes\\win-x64\\native\\e_sqlite3.dll": "B219EE1C5AA19B578707808D95F6FA85",
  "runtimes\\win-x64\\native\\glfw3.dll": "A5203FC511CD62C12606C77DEC17ACA4",
  "runtimes\\win-x64\\native\\minhook.x64d.dll": "1FECB499570ED7A157EA207EEF3730AE",
  "runtimes\\win-x64\\native\\SDL2.dll": "1973844800BF59B6D2083F5FD7D0D463",
  "runtimes\\win-x64\\native\\stbi.dll": "F1E02CC22448CFB32C2CE0D696313695",
  "runtimes\\win-x64\\native\\stbi.lib": "927C214DE576219E1F80DBE7798A0502",
  "runtimes\\win-x86\\native\\e_sqlite3.dll": "AFB05E2F610C99F6FD759B145387CB47",
  "runtimes\\win-x86\\native\\glfw3.dll": "50C70E84C080EBC9C789C1F4DE0FBAB6",
  "runtimes\\win-x86\\native\\SDL2.dll": "F1BB9F97014EE94E832F7E6414CE4C38",
  "targets\\Dalamud.Plugin.Bootstrap.targets": "C85635161398CD9852CF7212DB7EB904",
  "targets\\Dalamud.Plugin.targets": "394EE2BEC70254F76ABBE2C33F62BBFA",
  "BitFaster.Caching.dll": "681C39945903F52974355EA987F76B58",
  "CheapLoc.dll": "8AF6833E87A6526BE755A05073A4D28B",
  "cimgui.dll": "EF9DEFBCE6D9C15B2C874C7D0874338B",
  "cimguizmo.dll": "2AB3E698EFF4E725E25C26546AA83B2F",
  "cimplot.dll": "6053A079BAF891A3B11BE5B54FE8A5BB",
  "commit_hash.txt": "75588F25A9895C83AED7436E7D8D4E93",
  "Dalamud.Boot.dll": "483060CC31384E3ACB22393634D27FE8",
  "Dalamud.Common.dll": "ADD1E1F8186AABBA142CF49367F579CA",
  "Dalamud.deps.json": "9D12EC83D12197807DC6432F909A04F9",
  "Dalamud.dll": "4A2525FAF80B67541AFF7C9944EAFCE2",
  "Dalamud.Injector.deps.json": "C21972522E8133995B2C9562B3E39983",
  "Dalamud.Injector.dll": "A8BA4F1D29763628BE305B9109A40A47",
  "Dalamud.Injector.exe": "4466DCA512DB3D8B1BA35A03D3C4135E",
  "Dalamud.Injector.runtimeconfig.json": "439C534917CEF268A731631073E50FE4",
  "Dalamud.Injector.xml": "6730B8BB13078B71889B5A56C5DFAC6D",
  "Dalamud.runtimeconfig.json": "CA3935E9C6B9E3300F2D7171E4AF6335",
  "Dalamud.xml": "C11928D818B239B4BA0DAC34D3B22D59",
  "DalamudCrashHandler.exe": "33CEDE32AFB746F5A7DAD1B9BE8C12DA",
  "FASM-LICENSE.TXT": "ECEA1D10811221D5F0A3E96F9C38E2C7",
  "FASM.DLL": "AC275D73ACC5AA8F7366DF0A6551C159",
  "FASMX64.DLL": "F66F90C4A5D65C3979560A4558DCB847",
  "FFXIVClientStructs.dll": "25EE0BD65A48A05B5467D109A19DC102",
  "FFXIVClientStructs.xml": "6DA9E4BFE90A8E57A0605E292DE68642",
  "goaaats.Reloaded.Assembler.targets": "CC22CB0A353E2136EE9E6E96DB9F7164",
  "Iced.dll": "209C2712C8D053EDE2D3FBFA1F94318B",
  "ImGui.NET.dll": "48CB3F0096DE99BE7B5B6466ED731BC0",
  "ImGuiScene.dll": "DFA395021491BA3D3F64D51F098E2DAB",
  "InteropGenerator.Runtime.dll": "92D465081A3AFFB25297CCA6AB5B47F7",
  "JetBrains.Annotations.dll": "9305EB70DD25FA804DF7643F95BA4BBC",
  "licenses.txt": "A159BE62AA91178EFC3E3983AE874D1D",
  "Lumina.dll": "0B3ECC5EA70D2920C98902949D9503F5",
  "Lumina.Excel.dll": "A5F1FCAC1FB1CDE9E3A210A934CC1F8C",
  "Microsoft.Bcl.HashCode.dll": "613AB56061ADF2284E047025207467E0",
  "Microsoft.DotNet.PlatformAbstractions.dll": "00AB0F02B1114C57C758F5AD595224F1",
  "Microsoft.Extensions.DependencyModel.dll": "F39BC76C10CFEA478C936FC4521A9FC9",
  "Microsoft.Extensions.ObjectPool.dll": "B0558CE087EAE95853E35579300F3A77",
  "MinSharp.dll": "96FABEE9D3DB067A2F1FCB3DB477E027",
  "Mono.Cecil.dll": "B57F243F8EE1F6006A689A1EE7DBDC45",
  "Mono.Cecil.Mdb.dll": "ED09A045076896DFCB6EF1D1412415B8",
  "Mono.Cecil.Pdb.dll": "D11D1A974930DDFA97D2DFC47579A13D",
  "Mono.Cecil.Rocks.dll": "28FAC37F25255C48A0D833987F72BA9E",
  "nethost.dll": "21F39F71E2F4B5BA9FB3F126872F2F9B",
  "Newtonsoft.Json.dll": "ADF3E3EECDE20B7C9661E9C47106A14A",
  "PeNet.Asn1.dll": "3A53809A2595F1C4B020F5490E1C234D",
  "PeNet.dll": "2435B0823A94F1F56D3511484288A5A0",
  "PInvoke.AdvApi32.dll": "34EE461D05B403C3A15D0DEC32A3788C",
  "PInvoke.BCrypt.dll": "FD07758EE1440491F22923084109FF26",
  "PInvoke.Cabinet.dll": "333D950E3804735DA60CC41D614C63E2",
  "PInvoke.CfgMgr32.dll": "768BE7CC18EDCF78B296A72ABE891691",
  "PInvoke.Crypt32.dll": "E7B00B0851738F4A7F2C6D37DAA973B4",
  "PInvoke.DbgHelp.dll": "E701136169620D20E3A70B560DE20E44",
  "PInvoke.DwmApi.dll": "ACF223CC8962404056648815B486F7D9",
  "PInvoke.Gdi32.dll": "69FF434826F98582CE44D3136ECFFACB",
  "PInvoke.Hid.dll": "2E7A41257F8AD9B26073181F450CD8E5",
  "PInvoke.ImageHlp.dll": "79BE816E8D86EA66489D7780DD675D49",
  "PInvoke.IPHlpApi.dll": "E949FA3326D1BA8872B179AB4EE49D38",
  "PInvoke.Kernel32.dll": "234E15B122ED430DE99490CA1A204958",
  "PInvoke.Magnification.dll": "C9EA3D34F506741ECC044DB19C151F09",
  "PInvoke.Msi.dll": "69EE50CE2DA6B55755E52589F49A7EBC",
  "PInvoke.NCrypt.dll": "DA1DE76C14D99370CA3BEF19DC299B15",
  "PInvoke.NetApi32.dll": "AE79F9FA2E3864A5E0642AE4622ECDC5",
  "PInvoke.NewDev.dll": "B3E1992105D986EF9C5C8E4B630FBB07",
  "PInvoke.NTDll.dll": "3F6BDF840EB27DD0FD9EB8071822183A",
  "PInvoke.Ole32.dll": "3C49FB100B60519FFE725BCD12A538F6",
  "PInvoke.Psapi.dll": "A7683EE4B880227F01C8AE632A892B9E",
  "PInvoke.SetupApi.dll": "1B7AE321185D0081D1759A9AD829F9BA",
  "PInvoke.SHCore.dll": "F27E7F063D51480F6D2294C903E4A606",
  "PInvoke.Shell32.dll": "F71A1BCAF6478190691170DAEA77722F",
  "PInvoke.User32.dll": "8BEDE38311ED4F27127290B81B8079FD",
  "PInvoke.Userenv.dll": "FEB7BCA90B8C905EC2F4BB0789847131",
  "PInvoke.UxTheme.dll": "8E683C016250CB719FDB9AAAFC22B3C5",
  "PInvoke.Windows.Core.dll": "90015440A44935208FFEA9BF61740651",
  "PInvoke.Windows.ShellScalingApi.dll": "F351B34B8C9183A51CADFDC279357C49",
  "PInvoke.WinUsb.dll": "9EB8A0280F2848D1A32B560A939F7336",
  "PInvoke.WtsApi32.dll": "341C94455D2E5893DBE4293D4D67AA4D",
  "Reloaded.Assembler.dll": "7332BA75F4A0725F5E6AF33202B42DAE",
  "Reloaded.Hooks.Definitions.dll": "4D30E87EBD8ADE4848E2B291B0F5911B",
  "Reloaded.Hooks.dll": "CC644365974863A667AB4DACE3274DA7",
  "Reloaded.Memory.Buffers.dll": "E0F1A1D28E363652CCE84BD1E0C8885E",
  "Reloaded.Memory.dll": "931A2859B32CE8D49C5D96D3EDF09209",
  "revision.txt": "1F029C1E1ABAAF0605807B7F91552D36",
  "SDL2-CS.config": "65557595FD5DF55D93B2BF881DE62C3A",
  "SDL2-CS.dll": "21F577EFA6D9EA79824E4A9B2EAC9420",
  "Serilog.dll": "54E312797732609DCEF50C2221CFB0EA",
  "Serilog.Sinks.Async.dll": "BE0E8F8ED7389B0C014B31D4CCD4C119",
  "Serilog.Sinks.Console.dll": "F3E0E53F57AFA95C1D0ECE729646AF51",
  "Serilog.Sinks.File.dll": "689F36DB12A445B7CF185D053878B198",
  "SharpDX.Direct3D11.dll": "AF8AA8EEBA76B56EBDDF198890233782",
  "SharpDX.dll": "CEA7E07714C4F168619F40BAFBC85FB3",
  "SharpDX.DXGI.dll": "36346F4B1C6A30BBEB106B68800E698E",
  "SharpDX.Mathematics.dll": "A086A9C0F9DD1DB330AB02E0AC8B45B5",
  "Silk.NET.Core.dll": "5759BB28E9BE2866F346550F6B6B0DEB",
  "Silk.NET.GLFW.dll": "038ED81CE47AA11E3E4D9DF564594B14",
  "Silk.NET.Maths.dll": "BCFB337C38F707ED3086484F402569E1",
  "Silk.NET.OpenGL.dll": "3207B471786BB7AEF7C26ED60A18B856",
  "Silk.NET.SDL.dll": "37F3DBB41AFDCCA5D3E4F59076019AB3",
  "Silk.NET.Windowing.Common.dll": "245DFA7C1928E0AD9AAC88E37D81C0AF",
  "Silk.NET.Windowing.Glfw.dll": "236C5161CD719A9378EB3AA05B71E0D1",
  "Silk.NET.Windowing.Sdl.dll": "E5AE69D51E2BB2DDA6E6C1DDF643EE20",
  "SQLite-net.dll": "DF7CCB5C0E2B4134DBE6F01F0DA7BA46",
  "SQLitePCLRaw.batteries_v2.dll": "3893FFF23332DAEF0218AA8FC99E9805",
  "SQLitePCLRaw.core.dll": "57D10F07A3EAE77DADBAA118FC986D67",
  "SQLitePCLRaw.nativelibrary.dll": "AE65EEB49834601A341CE92EBF84C710",
  "SQLitePCLRaw.provider.dynamic_cdecl.dll": "A87AE2FF5474D679C87686FB7E1AAFD0",
  "StbiSharp.dll": "AEB87A598E6D8B6C2EA0959A2949DF1A",
  "System.Reactive.dll": "EF5A00287AD15393D41B12AA4B726FF7",
  "System.Reflection.MetadataLoadContext.dll": "E88E3AF6D37736F339022C9ACC5F2F7B",
  "System.Security.Cryptography.Pkcs.dll": "8950E01996A37E808BE3F39063C37BF9",
  "TEMP_gitver.txt": "2BD3F108A8203A870589789E83A63719",
  "TerraFX.Interop.Windows.dll": "84F7EF6B0DE91F8CC23F773D3FD6DEC0",
  "Validation.dll": "3125FD0220AFC5E517B12B97CFF60E56"
}
