{
  "runtimes\\alpine-x64\\native\\libe_sqlite3.so": "39C244FEDBCD3DFC37041D4FCE1AE21D",
  "runtimes\\linux-arm\\native\\libe_sqlite3.so": "96CF54BC0EFB83D6E3F5F3E04997A59D",
  "runtimes\\linux-arm64\\native\\libe_sqlite3.so": "F079E55E7F3F9966A4A2052A3234E068",
  "runtimes\\linux-armel\\native\\libe_sqlite3.so": "C5A67D49434FC65D64E9C15778078C76",
  "runtimes\\linux-mips64\\native\\libe_sqlite3.so": "5F8461214089CFC677D46C19B7162161",
  "runtimes\\linux-musl-x64\\native\\libe_sqlite3.so": "39C244FEDBCD3DFC37041D4FCE1AE21D",
  "runtimes\\linux-x64\\native\\libe_sqlite3.so": "6F49C540D3AB9964D67A4A704C3D262D",
  "runtimes\\linux-x64\\native\\libglfw.so.3": "9E3137144F68B9E9793F4C7AD5B1BEA7",
  "runtimes\\linux-x64\\native\\libSDL2-2.0.so": "99B95A708381FC66AB2370E45A260527",
  "runtimes\\linux-x64\\native\\libstbi.so": "0945355ED59677D06E3E88F48101BB26",
  "runtimes\\linux-x86\\native\\libe_sqlite3.so": "5E0659B414CBD6DDC38C65582485853E",
  "runtimes\\osx-x64\\native\\libe_sqlite3.dylib": "F82AE134FCD1C080A69D775591406673",
  "runtimes\\osx-x64\\native\\libglfw.3.dylib": "1E30FAB2F0C40E82290AD4B0BF14A880",
  "runtimes\\osx-x64\\native\\libSDL2-2.0.dylib": "AAC958490586C67395F0A90903AE3747",
  "runtimes\\osx-x64\\native\\libstbi.dylib": "0B84B0A6A80178266018081C3CAB68E6",
  "runtimes\\win-arm\\native\\e_sqlite3.dll": "6427F3746B62064BB8A269FC469D9CB9",
  "runtimes\\win-arm64\\native\\e_sqlite3.dll": "B76E86A9F0347DD81DD35E4F4B88BBF6",
  "runtimes\\win-x64\\native\\e_sqlite3.dll": "C929AB1A6CC422D12140A0BCEB584611",
  "runtimes\\win-x64\\native\\glfw3.dll": "35E4CF1C37CDACF7545FE90C17DCD49D",
  "runtimes\\win-x64\\native\\minhook.x64d.dll": "888737FBA9247251C3C2270C3C527EEF",
  "runtimes\\win-x64\\native\\SDL2.dll": "DA944B5660426E211B6805C65C5F6A68",
  "runtimes\\win-x64\\native\\stbi.dll": "C0AECFB817D03DCD2D2311655C82FBC1",
  "runtimes\\win-x64\\native\\stbi.lib": "927C214DE576219E1F80DBE7798A0502",
  "runtimes\\win-x86\\native\\e_sqlite3.dll": "2D46AB3417B4CFAD538F63CDC5C4790C",
  "runtimes\\win-x86\\native\\glfw3.dll": "54B5A813A3801B0994D153C532BF6768",
  "runtimes\\win-x86\\native\\SDL2.dll": "D7FBED70F264CA4982E86AA19A308187",
  "targets\\Dalamud.Plugin.Bootstrap.targets": "C85635161398CD9852CF7212DB7EB904",
  "targets\\Dalamud.Plugin.targets": "69D15EDFB3D4F0BEE3A099216E4DE057",
  "BitFaster.Caching.dll": "0E56B5E7864A1EAB6C33E516456C8870",
  "CheapLoc.dll": "0B82FDFA11F6AD4A67776E15F8E777A7",
  "cimgui.dll": "7B1915236C348BCEF3D1A6B7C1AD718B",
  "cimguizmo.dll": "5CBEDE97DF14890BC911E7A7B9C55884",
  "cimplot.dll": "C4FA53ABD8151CA80920CBEE1316CBE6",
  "commit_hash.txt": "7A9CB5840FF2724191D43C3CABBC4DAB",
  "Dalamud.Boot.dll": "92FDEEFE51AA0D71833AB24848347621",
  "Dalamud.Common.dll": "057B29D38C3D4655669E0A16682506D6",
  "Dalamud.deps.json": "471D4619710481BF323CCD4050D1616E",
  "Dalamud.dll": "D2A913BAFB84A15D27C137EB1BC84EA1",
  "Dalamud.Injector.deps.json": "E30B9BD40106FFC14A5274A670979EDF",
  "Dalamud.Injector.dll": "3B0082F88D93D9165F07AF8A79F7308B",
  "Dalamud.Injector.exe": "F51403D20FF35C80438C46A799CAF0E4",
  "Dalamud.Injector.runtimeconfig.json": "B9BB65FFE7924D4D8BABE9FA66303200",
  "Dalamud.Injector.xml": "D41E5DF541D19A015215E777D7395C9C",
  "Dalamud.runtimeconfig.json": "2A9CD915428BDD175E0889BD0C225F75",
  "Dalamud.xml": "585BEE948FC3014B4B0A4E5EEAC6C4BC",
  "DalamudCrashHandler.exe": "08363994FAC474689A20241D0BE95F59",
  "FASM-LICENSE.TXT": "ECEA1D10811221D5F0A3E96F9C38E2C7",
  "FASM.DLL": "F89E76948010C8D707635382964BCD8B",
  "FASMX64.DLL": "80945250A0015AB044CCD9FCE4655E9B",
  "FFXIVClientStructs.dll": "643FDA63EE0ED7FFAA6B6F4E5061D862",
  "FFXIVClientStructs.xml": "713689767F45D705BC91A09E21C9FF09",
  "goaaats.Reloaded.Assembler.targets": "CC22CB0A353E2136EE9E6E96DB9F7164",
  "Iced.dll": "24D42F668744F87CBBE26E1BC667AFB5",
  "ImGui.NET.dll": "53AA670464D1A169AB546C7A1964D7EE",
  "ImGuiScene.dll": "B2424DEC59646C03FC00602977C8C93B",
  "InteropGenerator.Runtime.dll": "E71E23AB08929CD71ACB09C0533265CB",
  "JetBrains.Annotations.dll": "B0844C30D2E9530DE81A68BD76F3D413",
  "licenses.txt": "A159BE62AA91178EFC3E3983AE874D1D",
  "Lumina.dll": "0835B97D01FF4DBA48E4198E96EEDFB0",
  "Lumina.Excel.dll": "35D15D5C684D287F3AF85573E1A0E019",
  "Microsoft.Bcl.HashCode.dll": "613AB56061ADF2284E047025207467E0",
  "Microsoft.DotNet.PlatformAbstractions.dll": "00AB0F02B1114C57C758F5AD595224F1",
  "Microsoft.Extensions.DependencyModel.dll": "F39BC76C10CFEA478C936FC4521A9FC9",
  "Microsoft.Extensions.ObjectPool.dll": "FEE3CE8A84417360CC5ED787ED6F7DB1",
  "MinSharp.dll": "A05203E35FF32455DF4DAE144F47672F",
  "Mono.Cecil.dll": "F2BA6581633D9F43833B339C2E61E985",
  "Mono.Cecil.Mdb.dll": "FF32CBDB11031B8287E70BA2EDC0CDB6",
  "Mono.Cecil.Pdb.dll": "4F5CED8BA78322B9A18321B0E31297B7",
  "Mono.Cecil.Rocks.dll": "7A650CD0F245FB35FC8F31D1D7B10BAF",
  "nethost.dll": "21F39F71E2F4B5BA9FB3F126872F2F9B",
  "Newtonsoft.Json.dll": "ADF3E3EECDE20B7C9661E9C47106A14A",
  "PeNet.Asn1.dll": "66081CE77015E49169B405221CA8D1D8",
  "PeNet.dll": "D8CCAC993C5792F676BBA3E6373C22E2",
  "PInvoke.AdvApi32.dll": "34EE461D05B403C3A15D0DEC32A3788C",
  "PInvoke.BCrypt.dll": "FD07758EE1440491F22923084109FF26",
  "PInvoke.Cabinet.dll": "333D950E3804735DA60CC41D614C63E2",
  "PInvoke.CfgMgr32.dll": "768BE7CC18EDCF78B296A72ABE891691",
  "PInvoke.Crypt32.dll": "E7B00B0851738F4A7F2C6D37DAA973B4",
  "PInvoke.DbgHelp.dll": "E701136169620D20E3A70B560DE20E44",
  "PInvoke.DwmApi.dll": "ACF223CC8962404056648815B486F7D9",
  "PInvoke.Gdi32.dll": "69FF434826F98582CE44D3136ECFFACB",
  "PInvoke.Hid.dll": "2E7A41257F8AD9B26073181F450CD8E5",
  "PInvoke.ImageHlp.dll": "79BE816E8D86EA66489D7780DD675D49",
  "PInvoke.IPHlpApi.dll": "E949FA3326D1BA8872B179AB4EE49D38",
  "PInvoke.Kernel32.dll": "234E15B122ED430DE99490CA1A204958",
  "PInvoke.Magnification.dll": "C9EA3D34F506741ECC044DB19C151F09",
  "PInvoke.Msi.dll": "69EE50CE2DA6B55755E52589F49A7EBC",
  "PInvoke.NCrypt.dll": "DA1DE76C14D99370CA3BEF19DC299B15",
  "PInvoke.NetApi32.dll": "AE79F9FA2E3864A5E0642AE4622ECDC5",
  "PInvoke.NewDev.dll": "B3E1992105D986EF9C5C8E4B630FBB07",
  "PInvoke.NTDll.dll": "3F6BDF840EB27DD0FD9EB8071822183A",
  "PInvoke.Ole32.dll": "3C49FB100B60519FFE725BCD12A538F6",
  "PInvoke.Psapi.dll": "A7683EE4B880227F01C8AE632A892B9E",
  "PInvoke.SetupApi.dll": "1B7AE321185D0081D1759A9AD829F9BA",
  "PInvoke.SHCore.dll": "F27E7F063D51480F6D2294C903E4A606",
  "PInvoke.Shell32.dll": "F71A1BCAF6478190691170DAEA77722F",
  "PInvoke.User32.dll": "8BEDE38311ED4F27127290B81B8079FD",
  "PInvoke.Userenv.dll": "FEB7BCA90B8C905EC2F4BB0789847131",
  "PInvoke.UxTheme.dll": "8E683C016250CB719FDB9AAAFC22B3C5",
  "PInvoke.Windows.Core.dll": "90015440A44935208FFEA9BF61740651",
  "PInvoke.Windows.ShellScalingApi.dll": "F351B34B8C9183A51CADFDC279357C49",
  "PInvoke.WinUsb.dll": "9EB8A0280F2848D1A32B560A939F7336",
  "PInvoke.WtsApi32.dll": "341C94455D2E5893DBE4293D4D67AA4D",
  "Reloaded.Assembler.dll": "4D4A39B305D633B2F4B0E9D5DE6EF7DE",
  "Reloaded.Hooks.Definitions.dll": "34D6F1C2F313A96AADD4344F7B26C91C",
  "Reloaded.Hooks.dll": "1813BFDF4C6C099F615D3A49F1EB01EB",
  "Reloaded.Memory.Buffers.dll": "59A2BF4BBECE38B994EAB75D73A2DB50",
  "Reloaded.Memory.dll": "0FE239FC0DFFC4A31B792AB2E6D2BFB1",
  "revision.txt": "CFFB6E2288A630C2A787A64CCC67097C",
  "SDL2-CS.config": "65557595FD5DF55D93B2BF881DE62C3A",
  "SDL2-CS.dll": "FC8B5A759A1E68F432587A793844A771",
  "Serilog.dll": "5CBD5D0FDEF0731B02DB2C58D80847E3",
  "Serilog.Sinks.Async.dll": "68DF84DEA84DC1ED889E51B743F3D600",
  "Serilog.Sinks.Console.dll": "E32A4D32130402848AC14BB852031345",
  "Serilog.Sinks.File.dll": "0FDEC1B348C8EB1C63743B00AD4E65FA",
  "SharpDX.Direct3D11.dll": "7DFFFDE4A73FDD24972736C77833DFE0",
  "SharpDX.dll": "26160E256F0F9C4B757D00A2F044C521",
  "SharpDX.DXGI.dll": "A9395491AD212FF55F9D140F70D8BB0D",
  "SharpDX.Mathematics.dll": "0B1180534960D312C61EBE0F08D35DCB",
  "Silk.NET.Core.dll": "73F2ACF7FF1D7E4DC3DC02AAC24DB5C9",
  "Silk.NET.GLFW.dll": "F7BB3EBFE131791B01EFE2A5AEAC78F6",
  "Silk.NET.Maths.dll": "4185A73313ED3949AE94ED5BCD8FBEF9",
  "Silk.NET.OpenGL.dll": "A563AAB8308358338DBA31532F5EBC50",
  "Silk.NET.SDL.dll": "0FC55A8A2727F44A59ED70977E18B2DD",
  "Silk.NET.Windowing.Common.dll": "F6012E7E855F44222AC3219D9C4C56EC",
  "Silk.NET.Windowing.Glfw.dll": "32AF8FA4787AE861F38F095B448D5EBF",
  "Silk.NET.Windowing.Sdl.dll": "9043D7F7C923FC1D6ECF73FB33BA4889",
  "SQLite-net.dll": "4F5CCE5BA91173ABBEC49ED43627B5F9",
  "SQLitePCLRaw.batteries_v2.dll": "FD3F41E36A2768F6A2740A1F352DE639",
  "SQLitePCLRaw.core.dll": "BC197A15C75959363E91850F56CD7EAE",
  "SQLitePCLRaw.nativelibrary.dll": "0E126918A14C11B08C80D31D7386E000",
  "SQLitePCLRaw.provider.dynamic_cdecl.dll": "DFEA4E5CF511745C3C43835500EE1839",
  "StbiSharp.dll": "7873DB07D57EEA707D7DAB11961F2688",
  "System.Reactive.dll": "EF5A00287AD15393D41B12AA4B726FF7",
  "System.Reflection.MetadataLoadContext.dll": "E88E3AF6D37736F339022C9ACC5F2F7B",
  "System.Security.Cryptography.Pkcs.dll": "8950E01996A37E808BE3F39063C37BF9",
  "TEMP_gitver.txt": "700812CDCE9CE52B818B5D70DBAC5EFA",
  "TerraFX.Interop.Windows.dll": "84F7EF6B0DE91F8CC23F773D3FD6DEC0",
  "Validation.dll": "B8A153EE10789C60AD7E5EC9D8BE69EC"
}
