{
  "runtimes\\alpine-x64\\native\\libe_sqlite3.so": "39C244FEDBCD3DFC37041D4FCE1AE21D",
  "runtimes\\linux-arm\\native\\libe_sqlite3.so": "96CF54BC0EFB83D6E3F5F3E04997A59D",
  "runtimes\\linux-arm64\\native\\libe_sqlite3.so": "F079E55E7F3F9966A4A2052A3234E068",
  "runtimes\\linux-armel\\native\\libe_sqlite3.so": "C5A67D49434FC65D64E9C15778078C76",
  "runtimes\\linux-mips64\\native\\libe_sqlite3.so": "5F8461214089CFC677D46C19B7162161",
  "runtimes\\linux-musl-x64\\native\\libe_sqlite3.so": "39C244FEDBCD3DFC37041D4FCE1AE21D",
  "runtimes\\linux-x64\\native\\libe_sqlite3.so": "6F49C540D3AB9964D67A4A704C3D262D",
  "runtimes\\linux-x64\\native\\libglfw.so.3": "9E3137144F68B9E9793F4C7AD5B1BEA7",
  "runtimes\\linux-x64\\native\\libSDL2-2.0.so": "99B95A708381FC66AB2370E45A260527",
  "runtimes\\linux-x64\\native\\libstbi.so": "0945355ED59677D06E3E88F48101BB26",
  "runtimes\\linux-x86\\native\\libe_sqlite3.so": "5E0659B414CBD6DDC38C65582485853E",
  "runtimes\\osx-x64\\native\\libe_sqlite3.dylib": "F82AE134FCD1C080A69D775591406673",
  "runtimes\\osx-x64\\native\\libglfw.3.dylib": "1E30FAB2F0C40E82290AD4B0BF14A880",
  "runtimes\\osx-x64\\native\\libSDL2-2.0.dylib": "AAC958490586C67395F0A90903AE3747",
  "runtimes\\osx-x64\\native\\libstbi.dylib": "0B84B0A6A80178266018081C3CAB68E6",
  "runtimes\\win-arm\\native\\e_sqlite3.dll": "90119F37163635024DF98B03C5ACFAC4",
  "runtimes\\win-arm64\\native\\e_sqlite3.dll": "5148A71D07922C3F306E7E65ADD81AAF",
  "runtimes\\win-x64\\native\\cimgui.dll": "F1A2ED4BC70F23765A6FCBFEAED49390",
  "runtimes\\win-x64\\native\\cimguizmo.dll": "1CF0F43EC158C7EAB1DAB3527DA30C0E",
  "runtimes\\win-x64\\native\\cimplot.dll": "6A316FFDC3A631FF3B1BAC76C449C087",
  "runtimes\\win-x64\\native\\e_sqlite3.dll": "5118EE7D6CECDF36BD4E401C818B27F5",
  "runtimes\\win-x64\\native\\glfw3.dll": "E6B84F54FFFB17A386FB17C452B33B08",
  "runtimes\\win-x64\\native\\minhook.x64d.dll": "B813233204811CF174EB3760AFA6AB90",
  "runtimes\\win-x64\\native\\SDL2.dll": "9EF0E2B6A42606C7DCFFEE9DD35E8731",
  "runtimes\\win-x64\\native\\stbi.dll": "81171505658C216F6A1F6E119ADE6F44",
  "runtimes\\win-x64\\native\\stbi.lib": "927C214DE576219E1F80DBE7798A0502",
  "runtimes\\win-x86\\native\\e_sqlite3.dll": "47E335B12E9BFE36C21CB4D8E2CA0B5B",
  "runtimes\\win-x86\\native\\glfw3.dll": "7818C6B7E6C8216B6F53AA058D3BBEBB",
  "runtimes\\win-x86\\native\\SDL2.dll": "2EF423A246AD6387991DFD92A818C256",
  "targets\\Dalamud.Plugin.Bootstrap.targets": "C85635161398CD9852CF7212DB7EB904",
  "targets\\Dalamud.Plugin.targets": "11001C983157350F50D99F1A827999B5",
  "CheapLoc.dll": "DDE43D28E79FD360A905E85C36952275",
  "Costura.dll": "748AB1325F15E3CE09FD8DA12D3DFC0E",
  "Dalamud.Boot.dll": "5FDAA2FBE9A26370FACEE7B12BA38389",
  "Dalamud.Common.dll": "3EA04B5FF13C2DD26482F7FC2D0DBA79",
  "Dalamud.deps.json": "8E0EC47F903E6D5177C193CFBEF1C325",
  "Dalamud.dll": "E55AC63F1CB52A0A47F40E7D272A50A9",
  "Dalamud.Injector.deps.json": "4E53ABE9A5D3E4592DA63EBF98DAAD86",
  "Dalamud.Injector.dll": "845D7628A73F69FEDA70864F88B8FFC7",
  "Dalamud.Injector.exe": "7F714AA459BC08A155A0BEE36352C240",
  "Dalamud.Injector.runtimeconfig.json": "AAAFA957BB3B382321D67ACC2D792553",
  "Dalamud.Injector.xml": "D41E5DF541D19A015215E777D7395C9C",
  "Dalamud.runtimeconfig.json": "15719C111D02D5BD45F37285FC8B6040",
  "Dalamud.xml": "F838B43EA43CDCFE06AEFC948DADC8D8",
  "DalamudCrashHandler.exe": "ECE6D67105FEBB6A5BFA570165FA3A00",
  "FASM-LICENSE.TXT": "ECEA1D10811221D5F0A3E96F9C38E2C7",
  "FASM.DLL": "C4FF0EF2791B6C2AEAA2B3A7682E80B1",
  "FASMX64.DLL": "96AF1D03D9A5FBE36334AE9EE1C78427",
  "FFXIVClientStructs.dll": "1DA648A95CD859DD2368326BB3F45EE1",
  "FFXIVClientStructs.xml": "08C8C63D475C837BDE9528BC1D68B9C9",
  "goaaats.Reloaded.Assembler.targets": "CC22CB0A353E2136EE9E6E96DB9F7164",
  "Iced.dll": "464AAF673F4936057D8E631BA79967F5",
  "ImGui.NET.dll": "6B8A9AAFF5224108FE0D2A748F4AA0B7",
  "ImGuiScene.dll": "0C21F1212DD939CE5C34A7969E7E0730",
  "JetBrains.Annotations.dll": "1B5CA18A6B5B6EA207EA26AFA13B6E29",
  "licenses.txt": "A159BE62AA91178EFC3E3983AE874D1D",
  "Lumina.dll": "551DEF7C3B4D1221A5C62B30CCE409FA",
  "Lumina.Excel.dll": "7A657EEA0628F710EF6F58EE0493E577",
  "Microsoft.Bcl.HashCode.dll": "613AB56061ADF2284E047025207467E0",
  "Microsoft.DotNet.PlatformAbstractions.dll": "00AB0F02B1114C57C758F5AD595224F1",
  "Microsoft.Extensions.DependencyModel.dll": "F39BC76C10CFEA478C936FC4521A9FC9",
  "Microsoft.Extensions.ObjectPool.dll": "91B40FCF7D5A05DF428016DDFD05BABB",
  "MinSharp.dll": "C052BE9B69A4901E92F43E127DEAB3AD",
  "Mono.Cecil.dll": "36898FFF5542C03C269C46A531072901",
  "Mono.Cecil.Mdb.dll": "8C6A0C053E9EA0C6B207DFA46F5D4478",
  "Mono.Cecil.Pdb.dll": "9BBE243767411EACC47D202591E56991",
  "Mono.Cecil.Rocks.dll": "9AF0E1FDFD73E4DE244E20BEC3D0627F",
  "MonoMod.Backports.dll": "7632BCEBAF8CA3244710705004695E6D",
  "MonoMod.Core.dll": "39E9B7E46F12F039579B8302FCB791D5",
  "MonoMod.Iced.dll": "07C2FF68F6DD4922426B524CB06C4FBD",
  "MonoMod.ILHelpers.dll": "40B5366C29406233605EB8C7C47A37B7",
  "MonoMod.RuntimeDetour.dll": "19EEEEABEEF4408713CFF7CE243668C9",
  "MonoMod.Utils.dll": "CCE273664C72947517096F263979304B",
  "nethost.dll": "012081214FE71F0F6ADCD9F4A71B2B00",
  "Newtonsoft.Json.dll": "86A83A63F12B55FD3718CFBFB577D7DC",
  "PeNet.Asn1.dll": "7ABF5BB2999E433E0F4D3BF5F2AB151B",
  "PeNet.dll": "535CA798BAA7580D3DE6E1514098C461",
  "PInvoke.AdvApi32.dll": "34EE461D05B403C3A15D0DEC32A3788C",
  "PInvoke.BCrypt.dll": "FD07758EE1440491F22923084109FF26",
  "PInvoke.Cabinet.dll": "333D950E3804735DA60CC41D614C63E2",
  "PInvoke.CfgMgr32.dll": "768BE7CC18EDCF78B296A72ABE891691",
  "PInvoke.Crypt32.dll": "E7B00B0851738F4A7F2C6D37DAA973B4",
  "PInvoke.DbgHelp.dll": "E701136169620D20E3A70B560DE20E44",
  "PInvoke.DwmApi.dll": "ACF223CC8962404056648815B486F7D9",
  "PInvoke.Gdi32.dll": "69FF434826F98582CE44D3136ECFFACB",
  "PInvoke.Hid.dll": "2E7A41257F8AD9B26073181F450CD8E5",
  "PInvoke.ImageHlp.dll": "79BE816E8D86EA66489D7780DD675D49",
  "PInvoke.IPHlpApi.dll": "E949FA3326D1BA8872B179AB4EE49D38",
  "PInvoke.Kernel32.dll": "234E15B122ED430DE99490CA1A204958",
  "PInvoke.Magnification.dll": "C9EA3D34F506741ECC044DB19C151F09",
  "PInvoke.Msi.dll": "69EE50CE2DA6B55755E52589F49A7EBC",
  "PInvoke.NCrypt.dll": "DA1DE76C14D99370CA3BEF19DC299B15",
  "PInvoke.NetApi32.dll": "AE79F9FA2E3864A5E0642AE4622ECDC5",
  "PInvoke.NewDev.dll": "B3E1992105D986EF9C5C8E4B630FBB07",
  "PInvoke.NTDll.dll": "3F6BDF840EB27DD0FD9EB8071822183A",
  "PInvoke.Ole32.dll": "3C49FB100B60519FFE725BCD12A538F6",
  "PInvoke.Psapi.dll": "A7683EE4B880227F01C8AE632A892B9E",
  "PInvoke.SetupApi.dll": "1B7AE321185D0081D1759A9AD829F9BA",
  "PInvoke.SHCore.dll": "F27E7F063D51480F6D2294C903E4A606",
  "PInvoke.Shell32.dll": "F71A1BCAF6478190691170DAEA77722F",
  "PInvoke.User32.dll": "8BEDE38311ED4F27127290B81B8079FD",
  "PInvoke.Userenv.dll": "FEB7BCA90B8C905EC2F4BB0789847131",
  "PInvoke.UxTheme.dll": "8E683C016250CB719FDB9AAAFC22B3C5",
  "PInvoke.Windows.Core.dll": "90015440A44935208FFEA9BF61740651",
  "PInvoke.Windows.ShellScalingApi.dll": "F351B34B8C9183A51CADFDC279357C49",
  "PInvoke.WinUsb.dll": "9EB8A0280F2848D1A32B560A939F7336",
  "PInvoke.WtsApi32.dll": "341C94455D2E5893DBE4293D4D67AA4D",
  "Reloaded.Assembler.dll": "0BCC7A40BFA872BDEA2D9CD380B2A0F4",
  "Reloaded.Hooks.Definitions.dll": "E648AA0106FD72E106273203B9F87D4C",
  "Reloaded.Hooks.dll": "7A4069A3448D48F7A38DC1AA18A96395",
  "Reloaded.Memory.Buffers.dll": "F590947258908EA796C5FCC9A8345D2A",
  "Reloaded.Memory.dll": "8D34483055E247020A290ACC15AFB7A7",
  "revision.txt": "3B3FFF6463464959DCD1B68D0320F781",
  "SDL2-CS.config": "65557595FD5DF55D93B2BF881DE62C3A",
  "SDL2-CS.dll": "4B93D9D80C61A51B092E7956F576CAD8",
  "Serilog.dll": "173C957D9A2AC6B761B0DE47EF74F2C2",
  "Serilog.Sinks.Async.dll": "B30AC8786C8CC3EA5619F69C033820F2",
  "Serilog.Sinks.Console.dll": "C97DB2CFBF0169566876DED40C211BB5",
  "Serilog.Sinks.File.dll": "642EE2F16AF5724ADDC5E06885323A2E",
  "SharpDX.Direct3D11.dll": "4EE84CCEEA46B32ACDE3FCA978551963",
  "SharpDX.dll": "C20A20F3B6534F23893F324EFDBE4C65",
  "SharpDX.DXGI.dll": "08FEE254CB34D718E8C2D8C3845BF467",
  "SharpDX.Mathematics.dll": "F56BA4EA5BB1FA52B64C3711981A792F",
  "Silk.NET.Core.dll": "500F7AF77264A10D8BD036D1197F0E7C",
  "Silk.NET.GLFW.dll": "FA1C4731E460A13C1ABD329400EDCDFA",
  "Silk.NET.Maths.dll": "6853FBE9D21FA4069003B73D39FCDBBF",
  "Silk.NET.OpenGL.dll": "67380B36AB58B2A1124598FB1072BC8A",
  "Silk.NET.SDL.dll": "9EC3D48783512653642ECCB6927F967E",
  "Silk.NET.Windowing.Common.dll": "71437E776951F188AC3CA10F038B3011",
  "Silk.NET.Windowing.Glfw.dll": "0545E95D947C91C6020DEA25C4DA497C",
  "Silk.NET.Windowing.Sdl.dll": "8D2B92070592F242F64EEB7E5A0DBB0B",
  "SQLite-net.dll": "48A4B426A9E3523DEE7A3FF641EB05E2",
  "SQLitePCLRaw.batteries_v2.dll": "8C2C2E0E20DD44927F691BB29AF07E29",
  "SQLitePCLRaw.core.dll": "694A19AC20D2F7DD31C2D7DAE5CFCDD6",
  "SQLitePCLRaw.nativelibrary.dll": "2805609E6D8492F25D7012ABF52D8DAF",
  "SQLitePCLRaw.provider.dynamic_cdecl.dll": "2DBEB8A3C1DFF7D1E57658E764404D03",
  "StbiSharp.dll": "5B254B5B1C9D92BE51D8C06150DD68D2",
  "System.Reactive.dll": "EF5A00287AD15393D41B12AA4B726FF7",
  "System.Reflection.MetadataLoadContext.dll": "7EC41D41F4E1246757BA3E2EC862D562",
  "System.Security.Cryptography.Pkcs.dll": "8950E01996A37E808BE3F39063C37BF9",
  "TEMP_gitver.txt": "78254FB23EDCB416568AB0A050958DFF",
  "TerraFX.Interop.Windows.dll": "84F7EF6B0DE91F8CC23F773D3FD6DEC0",
  "Validation.dll": "B7670B6ED5B338B0791483BE19BE0BA6"
}
