{
  "runtimes\\linux-x64\\native\\libglfw.so.3": "9E3137144F68B9E9793F4C7AD5B1BEA7",
  "runtimes\\linux-x64\\native\\libSDL2-2.0.so": "99B95A708381FC66AB2370E45A260527",
  "runtimes\\linux-x64\\native\\libstbi.so": "0945355ED59677D06E3E88F48101BB26",
  "runtimes\\osx-x64\\native\\libglfw.3.dylib": "1E30FAB2F0C40E82290AD4B0BF14A880",
  "runtimes\\osx-x64\\native\\libSDL2-2.0.dylib": "AAC958490586C67395F0A90903AE3747",
  "runtimes\\osx-x64\\native\\libstbi.dylib": "0B84B0A6A80178266018081C3CAB68E6",
  "runtimes\\win-x64\\native\\cimgui.dll": "69108705B6A0C6703BA56154DEA99B34",
  "runtimes\\win-x64\\native\\cimguizmo.dll": "5D96F96017B8391846422B26E26BC693",
  "runtimes\\win-x64\\native\\cimplot.dll": "BB241318E1F5B7CE3203FCC84F1361EC",
  "runtimes\\win-x64\\native\\glfw3.dll": "0DE48F3F6DFA8B6364886C58A2052408",
  "runtimes\\win-x64\\native\\minhook.x64d.dll": "D4E90F0356EFD3E2791FE95009D72640",
  "runtimes\\win-x64\\native\\SDL2.dll": "E1DE2DB7F1C1C1A328A76D13001E5FC2",
  "runtimes\\win-x64\\native\\stbi.dll": "8BD88F9910946D9BB149A5EDC27720E8",
  "runtimes\\win-x64\\native\\stbi.lib": "927C214DE576219E1F80DBE7798A0502",
  "runtimes\\win-x86\\native\\glfw3.dll": "130DE08C03600EC9E12AF02BB5809633",
  "runtimes\\win-x86\\native\\SDL2.dll": "A16AE49B165903EB6782C502F097D5A7",
  "targets\\Dalamud.Plugin.Bootstrap.targets": "72C91AC1B4F7C83711BB4C5834FE49A8",
  "targets\\Dalamud.Plugin.targets": "CE55DF182FBC948D33DB41454A31EEF9",
  "CheapLoc.dll": "C9153232CFA64F924B43CBEB383650D1",
  "Costura.dll": "7AED2539D425B7649AF62E6473CEE31E",
  "Dalamud.Boot.dll": "0523F3969E51ED6A6AA63F3AB6BA028B",
  "Dalamud.deps.json": "051357BD08583BEAB8CB20902199B7AC",
  "Dalamud.dll": "AD871F00E0CA1F9238DFC82B96CA0431",
  "Dalamud.Injector.deps.json": "D10EED2039C0151239F5EA4FE3A65A7B",
  "Dalamud.Injector.dll": "5C32F3C33BE8DC76EEC85D73EBEAC3FD",
  "Dalamud.Injector.exe": "6405A87595F59B15FF924FCFE963AC09",
  "Dalamud.Injector.runtimeconfig.json": "AAAFA957BB3B382321D67ACC2D792553",
  "Dalamud.Injector.xml": "CC06A545B271F56E0781ECC82BDEF67F",
  "Dalamud.Interface.dll": "3FA4E553A6649E34850A981CE31BCE96",
  "Dalamud.runtimeconfig.json": "454E2BA21742B08CF0A9827950A92B0F",
  "Dalamud.xml": "DEFAE9DA83C2A7F0B04C3B0763AABC20",
  "DalamudCrashHandler.exe": "1282217AC59882EA33859981A0FBDFDE",
  "FASM-LICENSE.TXT": "ECEA1D10811221D5F0A3E96F9C38E2C7",
  "FASM.DLL": "E34BECDE75E9AAFB47360872C19C85B1",
  "FASMX64.DLL": "D6A73408B68B54D4F0FF92BC3F35AA8A",
  "FFXIVClientStructs.dll": "87F5235A1B5A02B7D6449DCCDB6D20AA",
  "FFXIVClientStructs.xml": "99D52300842511BA998676842AD0B2D7",
  "goaaats.Reloaded.Assembler.targets": "CC22CB0A353E2136EE9E6E96DB9F7164",
  "Iced.dll": "85A8D50C70CBDBD909EA0826EE513F53",
  "ImGui.NET.dll": "B31CAF7EF4113F1EC3A34EAEB9122084",
  "ImGuiScene.dll": "830F4201695C23F29704A9B47891F150",
  "JetBrains.Annotations.dll": "502790D533F16D9FAE437B6B3B38DEBB",
  "licenses.txt": "A159BE62AA91178EFC3E3983AE874D1D",
  "Lumina.dll": "6CE2F5BAF9B66039501A1B4141AF45F9",
  "Lumina.Excel.dll": "4E59D170B29B7C343ADF95B8505128A4",
  "Microsoft.Bcl.HashCode.dll": "613AB56061ADF2284E047025207467E0",
  "Microsoft.DotNet.PlatformAbstractions.dll": "00AB0F02B1114C57C758F5AD595224F1",
  "Microsoft.Extensions.DependencyModel.dll": "F39BC76C10CFEA478C936FC4521A9FC9",
  "MinSharp.dll": "ACCC4F2D9C26140512B70BA24DE0FD26",
  "Mono.Cecil.dll": "310E7A5A357B19DF0FB1192B5FAFB7EF",
  "Mono.Cecil.Mdb.dll": "23ED421E123B4B42E9522523EEEF8B57",
  "Mono.Cecil.Pdb.dll": "CA6C4E0EB0521D7B52D1BC1765190B14",
  "Mono.Cecil.Rocks.dll": "1B41CB8583766AECE76525C31C87312A",
  "MonoMod.Backports.dll": "58021288BB8854480A4FE0A459066033",
  "MonoMod.Core.dll": "5AAD14BFC99D768FABC5D6C1FC136AC2",
  "MonoMod.Iced.dll": "4FAE59480517851D5112C323DE48222C",
  "MonoMod.ILHelpers.dll": "5211CB1190ECF8C7539B369C89170E1A",
  "MonoMod.RuntimeDetour.dll": "CCF89EEF94A6D9F34248D147B891D644",
  "MonoMod.Utils.dll": "C34018D82A5DF36BD94C5A048D9CED4F",
  "nethost.dll": "012081214FE71F0F6ADCD9F4A71B2B00",
  "Newtonsoft.Json.dll": "86A83A63F12B55FD3718CFBFB577D7DC",
  "PeNet.Asn1.dll": "541DD869805F8CD9B10879C025C3CC84",
  "PeNet.dll": "F62E4748A0A2333BA75C4C51D5D96076",
  "PInvoke.AdvApi32.dll": "34EE461D05B403C3A15D0DEC32A3788C",
  "PInvoke.BCrypt.dll": "FD07758EE1440491F22923084109FF26",
  "PInvoke.Cabinet.dll": "333D950E3804735DA60CC41D614C63E2",
  "PInvoke.CfgMgr32.dll": "768BE7CC18EDCF78B296A72ABE891691",
  "PInvoke.Crypt32.dll": "E7B00B0851738F4A7F2C6D37DAA973B4",
  "PInvoke.DbgHelp.dll": "E701136169620D20E3A70B560DE20E44",
  "PInvoke.DwmApi.dll": "ACF223CC8962404056648815B486F7D9",
  "PInvoke.Gdi32.dll": "69FF434826F98582CE44D3136ECFFACB",
  "PInvoke.Hid.dll": "2E7A41257F8AD9B26073181F450CD8E5",
  "PInvoke.ImageHlp.dll": "79BE816E8D86EA66489D7780DD675D49",
  "PInvoke.IPHlpApi.dll": "E949FA3326D1BA8872B179AB4EE49D38",
  "PInvoke.Kernel32.dll": "234E15B122ED430DE99490CA1A204958",
  "PInvoke.Magnification.dll": "C9EA3D34F506741ECC044DB19C151F09",
  "PInvoke.Msi.dll": "69EE50CE2DA6B55755E52589F49A7EBC",
  "PInvoke.NCrypt.dll": "DA1DE76C14D99370CA3BEF19DC299B15",
  "PInvoke.NetApi32.dll": "AE79F9FA2E3864A5E0642AE4622ECDC5",
  "PInvoke.NewDev.dll": "B3E1992105D986EF9C5C8E4B630FBB07",
  "PInvoke.NTDll.dll": "3F6BDF840EB27DD0FD9EB8071822183A",
  "PInvoke.Ole32.dll": "3C49FB100B60519FFE725BCD12A538F6",
  "PInvoke.Psapi.dll": "A7683EE4B880227F01C8AE632A892B9E",
  "PInvoke.SetupApi.dll": "1B7AE321185D0081D1759A9AD829F9BA",
  "PInvoke.SHCore.dll": "F27E7F063D51480F6D2294C903E4A606",
  "PInvoke.Shell32.dll": "F71A1BCAF6478190691170DAEA77722F",
  "PInvoke.User32.dll": "8BEDE38311ED4F27127290B81B8079FD",
  "PInvoke.Userenv.dll": "FEB7BCA90B8C905EC2F4BB0789847131",
  "PInvoke.UxTheme.dll": "8E683C016250CB719FDB9AAAFC22B3C5",
  "PInvoke.Windows.Core.dll": "90015440A44935208FFEA9BF61740651",
  "PInvoke.Windows.ShellScalingApi.dll": "F351B34B8C9183A51CADFDC279357C49",
  "PInvoke.WinUsb.dll": "9EB8A0280F2848D1A32B560A939F7336",
  "PInvoke.WtsApi32.dll": "341C94455D2E5893DBE4293D4D67AA4D",
  "Reloaded.Assembler.dll": "453CA61A37F2103649D6720E06EA804E",
  "Reloaded.Hooks.Definitions.dll": "F7BD88F946A9DD0F96405A4B26A0D5BA",
  "Reloaded.Hooks.dll": "7D9FDA3CDE6FCDBD6E4F52AE14385555",
  "Reloaded.Memory.Buffers.dll": "C2D2BC8D0522FD14E33300237724CAB8",
  "Reloaded.Memory.dll": "379130A5DED4765182BD02D73C44B50A",
  "revision.txt": "3B9BE7E15B46C42911F39A4A9E861022",
  "SDL2-CS.config": "65557595FD5DF55D93B2BF881DE62C3A",
  "SDL2-CS.dll": "8900871E027C30B5BE9C637AC834ED83",
  "Serilog.dll": "5E583476AB7D372E9D8CD29CB5FEBA5C",
  "Serilog.Sinks.Async.dll": "BC00C79421E88CEF7876C2A0116A1EB2",
  "Serilog.Sinks.Console.dll": "491A8D34F48A44E2D79F41E9268CDC4F",
  "Serilog.Sinks.File.dll": "7F70452A4BB8652ECE94A8D530D15F13",
  "SharpDX.Direct3D11.dll": "04EF9E87FE68050AF700FBD6D26C80E5",
  "SharpDX.dll": "8760F24EDA1F0CA5ADB1C13BA5513BCB",
  "SharpDX.DXGI.dll": "AF4D0E8A9D91F6D8F0975B6513111D21",
  "SharpDX.Mathematics.dll": "A5F325721CCF815321E8A84C2DB538BC",
  "Silk.NET.Core.dll": "1C90236AE147EDAB9B4673F7E7335551",
  "Silk.NET.GLFW.dll": "D32962F9B8D8975D41D885BB433A7FFB",
  "Silk.NET.Maths.dll": "EC43BC0BCBF31B853C042E5CE6B2A8E9",
  "Silk.NET.OpenGL.dll": "682566C824C206AD0E142D75039E0E2E",
  "Silk.NET.SDL.dll": "7B714C3783277F0ED655ABA3FB8011A7",
  "Silk.NET.Windowing.Common.dll": "8AF416D880A9B65CFEE655A4BB8BBB79",
  "Silk.NET.Windowing.Glfw.dll": "86B972B2CE102FB3F58E1251A45E5219",
  "Silk.NET.Windowing.Sdl.dll": "90A238CAA475C1E9D8E89F3978AC7142",
  "StbiSharp.dll": "E252CC402373C1F481861B742551EA9C",
  "System.Reactive.dll": "EF5A00287AD15393D41B12AA4B726FF7",
  "System.Reflection.MetadataLoadContext.dll": "7EC41D41F4E1246757BA3E2EC862D562",
  "System.Security.Cryptography.Pkcs.dll": "8950E01996A37E808BE3F39063C37BF9",
  "TEMP_gitver.txt": "6062759AFF21D0AFE4A3C7CF05EA5086",
  "Validation.dll": "9858110D7DE103BCFE6ADD417BD90A18"
}
