{
  "runtimes\\alpine-x64\\native\\libe_sqlite3.so": "39C244FEDBCD3DFC37041D4FCE1AE21D",
  "runtimes\\linux-arm\\native\\libe_sqlite3.so": "96CF54BC0EFB83D6E3F5F3E04997A59D",
  "runtimes\\linux-arm64\\native\\libe_sqlite3.so": "F079E55E7F3F9966A4A2052A3234E068",
  "runtimes\\linux-armel\\native\\libe_sqlite3.so": "C5A67D49434FC65D64E9C15778078C76",
  "runtimes\\linux-mips64\\native\\libe_sqlite3.so": "5F8461214089CFC677D46C19B7162161",
  "runtimes\\linux-musl-x64\\native\\libe_sqlite3.so": "39C244FEDBCD3DFC37041D4FCE1AE21D",
  "runtimes\\linux-x64\\native\\libe_sqlite3.so": "6F49C540D3AB9964D67A4A704C3D262D",
  "runtimes\\linux-x64\\native\\libglfw.so.3": "9E3137144F68B9E9793F4C7AD5B1BEA7",
  "runtimes\\linux-x64\\native\\libSDL2-2.0.so": "99B95A708381FC66AB2370E45A260527",
  "runtimes\\linux-x64\\native\\libstbi.so": "0945355ED59677D06E3E88F48101BB26",
  "runtimes\\linux-x86\\native\\libe_sqlite3.so": "5E0659B414CBD6DDC38C65582485853E",
  "runtimes\\osx-x64\\native\\libe_sqlite3.dylib": "F82AE134FCD1C080A69D775591406673",
  "runtimes\\osx-x64\\native\\libglfw.3.dylib": "1E30FAB2F0C40E82290AD4B0BF14A880",
  "runtimes\\osx-x64\\native\\libSDL2-2.0.dylib": "AAC958490586C67395F0A90903AE3747",
  "runtimes\\osx-x64\\native\\libstbi.dylib": "0B84B0A6A80178266018081C3CAB68E6",
  "runtimes\\win-arm\\native\\e_sqlite3.dll": "CBF1FDC2484718CF88A31F5443E1BEDD",
  "runtimes\\win-arm64\\native\\e_sqlite3.dll": "1119AB9641707E6AC2ACB2CA0EA6ADB9",
  "runtimes\\win-x64\\native\\e_sqlite3.dll": "706D3815073A6984973B4339A6FF33BC",
  "runtimes\\win-x64\\native\\glfw3.dll": "F61DFC2615D9D395C41ED198ACB22B86",
  "runtimes\\win-x64\\native\\minhook.x64d.dll": "241B69F81FAC975A0C70555A52B2DF04",
  "runtimes\\win-x64\\native\\SDL2.dll": "B3A3E3759B94B14F3F8920F8D1698DDF",
  "runtimes\\win-x64\\native\\stbi.dll": "4B9843DDA820298C7AC538F83AE0A0A3",
  "runtimes\\win-x64\\native\\stbi.lib": "927C214DE576219E1F80DBE7798A0502",
  "runtimes\\win-x86\\native\\e_sqlite3.dll": "5E4EDF43DBA092A0754E9A1A38A765EB",
  "runtimes\\win-x86\\native\\glfw3.dll": "4C3A320344C8FC802D6BB7E36880BA70",
  "runtimes\\win-x86\\native\\SDL2.dll": "10EEC28E6DCDD2F2113E3BBEB3A8F661",
  "targets\\Dalamud.Plugin.Bootstrap.targets": "C85635161398CD9852CF7212DB7EB904",
  "targets\\Dalamud.Plugin.targets": "394EE2BEC70254F76ABBE2C33F62BBFA",
  "BitFaster.Caching.dll": "48B71484E72C4FBB7F35E1EB60D2EE0B",
  "CheapLoc.dll": "53C73A9B4E34572394FC4C1A3BBC4A76",
  "cimgui.dll": "477BA533377948986F596BD2379DF8F1",
  "cimguizmo.dll": "90D0896C487131E8101698F5843D966C",
  "cimplot.dll": "5F9A01ACB4024B89855EEBE640B1BC3B",
  "commit_hash.txt": "6A121014AE3A378537E0E47121B7E2E4",
  "Dalamud.Boot.dll": "E9D0D4B1163375646DFCECB0C3D4979B",
  "Dalamud.Common.dll": "AF8CDA498E830747F45EF8847DE1F10B",
  "Dalamud.deps.json": "2BAEDA5A1278F14A453CFFE5EE423C66",
  "Dalamud.dll": "E65707F4558D785C030101763F9A5793",
  "Dalamud.Injector.deps.json": "C21972522E8133995B2C9562B3E39983",
  "Dalamud.Injector.dll": "BA8B8D4CE9399503F2AD31865CE303A3",
  "Dalamud.Injector.exe": "5A01E102B2B37A0E9A424A7F5EB0D49A",
  "Dalamud.Injector.runtimeconfig.json": "439C534917CEF268A731631073E50FE4",
  "Dalamud.Injector.xml": "6730B8BB13078B71889B5A56C5DFAC6D",
  "Dalamud.runtimeconfig.json": "CA3935E9C6B9E3300F2D7171E4AF6335",
  "Dalamud.xml": "BAC717D37BE2423D5479D165B77109F8",
  "DalamudCrashHandler.exe": "BA9E01691A7BD2E2A71B2656CA6F6373",
  "FASM-LICENSE.TXT": "ECEA1D10811221D5F0A3E96F9C38E2C7",
  "FASM.DLL": "F6EB6B8290ED4B4A63FBB3B1BBFEF271",
  "FASMX64.DLL": "452458ABCC34A3F39EB13E0E749DF88F",
  "FFXIVClientStructs.dll": "052F657245979F2461A4B6A92CE17359",
  "FFXIVClientStructs.xml": "73297731F6A65E6275F7F3F6C0EF2246",
  "goaaats.Reloaded.Assembler.targets": "CC22CB0A353E2136EE9E6E96DB9F7164",
  "Iced.dll": "0BF03EA04C9C345838B39BB4280C709F",
  "ImGui.NET.dll": "3FF35923034ACD41CD0DAF03EC32266C",
  "ImGuiScene.dll": "AAB6C48A8705610286596170504F25CC",
  "InteropGenerator.Runtime.dll": "D62C4500FA940547175AAFD5C0FD3408",
  "JetBrains.Annotations.dll": "1EF3CF6179A0A37014B7173B765B3F82",
  "licenses.txt": "A159BE62AA91178EFC3E3983AE874D1D",
  "Lumina.dll": "1AB5AB628D054D03756C39F59CA342F1",
  "Lumina.Excel.dll": "438F99AC78668CC447F442F16A0FA4D7",
  "Microsoft.Bcl.HashCode.dll": "613AB56061ADF2284E047025207467E0",
  "Microsoft.DotNet.PlatformAbstractions.dll": "00AB0F02B1114C57C758F5AD595224F1",
  "Microsoft.Extensions.DependencyModel.dll": "F39BC76C10CFEA478C936FC4521A9FC9",
  "Microsoft.Extensions.ObjectPool.dll": "B0558CE087EAE95853E35579300F3A77",
  "MinSharp.dll": "4000FDA428B97D2DBF90585F8B2798C8",
  "Mono.Cecil.dll": "E191B7622BEE6F24FC8838A0138AD1D7",
  "Mono.Cecil.Mdb.dll": "EADFD78E212E44ACDB634EE64A07EEBD",
  "Mono.Cecil.Pdb.dll": "9561C5236EA83298213CF607F7064A56",
  "Mono.Cecil.Rocks.dll": "B62D36CF2DEF943B35D18AB6839B2CD7",
  "nethost.dll": "21F39F71E2F4B5BA9FB3F126872F2F9B",
  "Newtonsoft.Json.dll": "ADF3E3EECDE20B7C9661E9C47106A14A",
  "PeNet.Asn1.dll": "225B5531008F90D0B6911AB2BA5B1A39",
  "PeNet.dll": "9633A915BC27043A6B88562F89B55218",
  "PInvoke.AdvApi32.dll": "34EE461D05B403C3A15D0DEC32A3788C",
  "PInvoke.BCrypt.dll": "FD07758EE1440491F22923084109FF26",
  "PInvoke.Cabinet.dll": "333D950E3804735DA60CC41D614C63E2",
  "PInvoke.CfgMgr32.dll": "768BE7CC18EDCF78B296A72ABE891691",
  "PInvoke.Crypt32.dll": "E7B00B0851738F4A7F2C6D37DAA973B4",
  "PInvoke.DbgHelp.dll": "E701136169620D20E3A70B560DE20E44",
  "PInvoke.DwmApi.dll": "ACF223CC8962404056648815B486F7D9",
  "PInvoke.Gdi32.dll": "69FF434826F98582CE44D3136ECFFACB",
  "PInvoke.Hid.dll": "2E7A41257F8AD9B26073181F450CD8E5",
  "PInvoke.ImageHlp.dll": "79BE816E8D86EA66489D7780DD675D49",
  "PInvoke.IPHlpApi.dll": "E949FA3326D1BA8872B179AB4EE49D38",
  "PInvoke.Kernel32.dll": "234E15B122ED430DE99490CA1A204958",
  "PInvoke.Magnification.dll": "C9EA3D34F506741ECC044DB19C151F09",
  "PInvoke.Msi.dll": "69EE50CE2DA6B55755E52589F49A7EBC",
  "PInvoke.NCrypt.dll": "DA1DE76C14D99370CA3BEF19DC299B15",
  "PInvoke.NetApi32.dll": "AE79F9FA2E3864A5E0642AE4622ECDC5",
  "PInvoke.NewDev.dll": "B3E1992105D986EF9C5C8E4B630FBB07",
  "PInvoke.NTDll.dll": "3F6BDF840EB27DD0FD9EB8071822183A",
  "PInvoke.Ole32.dll": "3C49FB100B60519FFE725BCD12A538F6",
  "PInvoke.Psapi.dll": "A7683EE4B880227F01C8AE632A892B9E",
  "PInvoke.SetupApi.dll": "1B7AE321185D0081D1759A9AD829F9BA",
  "PInvoke.SHCore.dll": "F27E7F063D51480F6D2294C903E4A606",
  "PInvoke.Shell32.dll": "F71A1BCAF6478190691170DAEA77722F",
  "PInvoke.User32.dll": "8BEDE38311ED4F27127290B81B8079FD",
  "PInvoke.Userenv.dll": "FEB7BCA90B8C905EC2F4BB0789847131",
  "PInvoke.UxTheme.dll": "8E683C016250CB719FDB9AAAFC22B3C5",
  "PInvoke.Windows.Core.dll": "90015440A44935208FFEA9BF61740651",
  "PInvoke.Windows.ShellScalingApi.dll": "F351B34B8C9183A51CADFDC279357C49",
  "PInvoke.WinUsb.dll": "9EB8A0280F2848D1A32B560A939F7336",
  "PInvoke.WtsApi32.dll": "341C94455D2E5893DBE4293D4D67AA4D",
  "Reloaded.Assembler.dll": "EF9BFD91D59B375ECCA3C45D5E05B1A5",
  "Reloaded.Hooks.Definitions.dll": "404892D79B125E5913B5487CF63D96E9",
  "Reloaded.Hooks.dll": "71A202C79E49F7183C25A3D070101710",
  "Reloaded.Memory.Buffers.dll": "9F3967C848537A44BFBAE68553A2D311",
  "Reloaded.Memory.dll": "59E276870FC1891934831EC2FA0C78A1",
  "revision.txt": "8A7129B8F3EDD95B7D969DFC2C8E9D9D",
  "SDL2-CS.config": "65557595FD5DF55D93B2BF881DE62C3A",
  "SDL2-CS.dll": "447627E5791A4D2705DBB3B4231ACD95",
  "Serilog.dll": "7E4A3F8161402A25A8806B1F356DE4C5",
  "Serilog.Sinks.Async.dll": "44246203C0C8314B5FAE8715B9379425",
  "Serilog.Sinks.Console.dll": "DBA5EF6D88B1A6E8156D8F134196D036",
  "Serilog.Sinks.File.dll": "D0DE91D65E36C96C5FD685E46AACEAE7",
  "SharpDX.Direct3D11.dll": "F6FA733B19EF9B4FCF548846C23007D4",
  "SharpDX.dll": "CC7ABE03B95D8DCC80411315F1907380",
  "SharpDX.DXGI.dll": "9751D359D88D6C3983859A4F2F90274F",
  "SharpDX.Mathematics.dll": "A2BFF354F86D8771F22FB00296754C35",
  "Silk.NET.Core.dll": "CD2FA03153B7EBBDB054E9FB58D9D088",
  "Silk.NET.GLFW.dll": "1C9FD6191585962FF1732D500F6F32D2",
  "Silk.NET.Maths.dll": "388AA5200D62CDDE485AEC44207D2724",
  "Silk.NET.OpenGL.dll": "4798184504A107CD2F4E6D60727EBC2C",
  "Silk.NET.SDL.dll": "9898CE49A05B4E29D879B9550320CE86",
  "Silk.NET.Windowing.Common.dll": "2D8EC102E2728F4EC47B3C7894AE0824",
  "Silk.NET.Windowing.Glfw.dll": "77BBE0E5209311A053E76818F2BDF845",
  "Silk.NET.Windowing.Sdl.dll": "DB757D7D05AC9854A3A4ED8E8ABE6653",
  "SQLite-net.dll": "1865C375506C53909FDF1E454D43191C",
  "SQLitePCLRaw.batteries_v2.dll": "285E1F43BB5E7786BAB788882B7A67CD",
  "SQLitePCLRaw.core.dll": "D2480FEA6970CA2B2A9AAC84A85B55E9",
  "SQLitePCLRaw.nativelibrary.dll": "459B8787C66AB7082DF9F8DDD20061D6",
  "SQLitePCLRaw.provider.dynamic_cdecl.dll": "705A2E6130017793703F131253D1662F",
  "StbiSharp.dll": "03A6F3EAA537AE177D7971DAF0B484D0",
  "System.Reactive.dll": "EF5A00287AD15393D41B12AA4B726FF7",
  "System.Reflection.MetadataLoadContext.dll": "E88E3AF6D37736F339022C9ACC5F2F7B",
  "System.Security.Cryptography.Pkcs.dll": "8950E01996A37E808BE3F39063C37BF9",
  "TEMP_gitver.txt": "7B26EB82CCDF4611E4C19FEE33DF9451",
  "TerraFX.Interop.Windows.dll": "84F7EF6B0DE91F8CC23F773D3FD6DEC0",
  "Validation.dll": "D03839AC9150DF3F42AFF92122F1FE77"
}
