{
  "cs\\Microsoft.VisualStudio.Threading.resources.dll": "59CC07A0788ED5D2D7B1EC4C24692B5E",
  "cs\\Microsoft.VisualStudio.Validation.resources.dll": "6D64EB21E28D7DA0951CCB11D5A111DB",
  "cs\\StreamJsonRpc.resources.dll": "187B9DF9156C8ECA5FFC2D8DFC0D0AEB",
  "de\\Microsoft.VisualStudio.Threading.resources.dll": "E8F71F6E86250EE8F040884F21901A84",
  "de\\Microsoft.VisualStudio.Validation.resources.dll": "6BDBEB8494C6DF5EE482065A9D7F0B1E",
  "de\\StreamJsonRpc.resources.dll": "18A2EE45995D18CB97504B89E1D8EA84",
  "es\\Microsoft.VisualStudio.Threading.resources.dll": "C91684BC69AC34D7C4761C769C4613CE",
  "es\\Microsoft.VisualStudio.Validation.resources.dll": "0F92DD2019CF7222118E8B5D9409A328",
  "es\\StreamJsonRpc.resources.dll": "1426AE60A50C341884A93E75FDCB8F15",
  "fr\\Microsoft.VisualStudio.Threading.resources.dll": "8DF66006C30B545517609BC994A333BF",
  "fr\\Microsoft.VisualStudio.Validation.resources.dll": "1299DF7F85B8ABCC8205E7F968E64DE5",
  "fr\\StreamJsonRpc.resources.dll": "E0EF73E9AC6F5AC89FEFA3E4442FA526",
  "it\\Microsoft.VisualStudio.Threading.resources.dll": "ACB2901AD3BA29250398D7F7C7F06472",
  "it\\Microsoft.VisualStudio.Validation.resources.dll": "E96AFCAC956DE57A60CF403431A06B9F",
  "it\\StreamJsonRpc.resources.dll": "AF93C232BE3DE144BDBA9D47B0CF1FBA",
  "ja\\Microsoft.VisualStudio.Threading.resources.dll": "57953EF05139ABD830A160D29D477AE7",
  "ja\\Microsoft.VisualStudio.Validation.resources.dll": "37C3387A524C942BC21029A532E0FA88",
  "ja\\StreamJsonRpc.resources.dll": "71C0BF4563B000F7F6FD977A56646389",
  "ko\\Microsoft.VisualStudio.Threading.resources.dll": "4E69F9315A2BE37081E916836BD2865B",
  "ko\\Microsoft.VisualStudio.Validation.resources.dll": "F7519010D92C7E3BF6DD25032575FD3D",
  "ko\\StreamJsonRpc.resources.dll": "0462338CED7D90B6A89AA6C5C0B553ED",
  "pl\\Microsoft.VisualStudio.Threading.resources.dll": "E957E9AD4D62A6EDE5DEDB85DCB66BE0",
  "pl\\Microsoft.VisualStudio.Validation.resources.dll": "157FEA4FF784A1A3C450AAEAFC808171",
  "pl\\StreamJsonRpc.resources.dll": "A386D42B9AC0F3349E75FA0711BF6125",
  "pt-BR\\Microsoft.VisualStudio.Threading.resources.dll": "D0E584DCA9CFC97B49480B5326D1BE85",
  "pt-BR\\Microsoft.VisualStudio.Validation.resources.dll": "F1D96FD5909173972C661A1D8FE629DB",
  "pt-BR\\StreamJsonRpc.resources.dll": "7FF82CEBA9C3AFD947DC59A5FE132C78",
  "ru\\Microsoft.VisualStudio.Threading.resources.dll": "53F0D3DFF78ACA534A9F06C3E435BCDE",
  "ru\\Microsoft.VisualStudio.Validation.resources.dll": "DA5D932621691D0A43F9C41589BEA612",
  "ru\\StreamJsonRpc.resources.dll": "2BE00971D9A6088B5EC340B210503234",
  "runtimes\\alpine-arm\\native\\libe_sqlite3.so": "87AF85204A246154501382901F3F6812",
  "runtimes\\alpine-arm64\\native\\libe_sqlite3.so": "CD4B9AAB53400EFE96ABC32B339A866A",
  "runtimes\\alpine-x64\\native\\libe_sqlite3.so": "6C9D6E34F1E932668237404D6EB6FC66",
  "runtimes\\browser-wasm\\nativeassets\\net7.0\\e_sqlite3.a": "E25518AC5EAD5E787448F3258236888E",
  "runtimes\\linux-arm\\native\\libe_sqlite3.so": "B8DA0DB6A447B5CCE98207F6A250FB84",
  "runtimes\\linux-arm64\\native\\libe_sqlite3.so": "A888898B38395A15F2DE200BAA8B486F",
  "runtimes\\linux-armel\\native\\libe_sqlite3.so": "54F3F4183B81387F7928ED0BB9B67B32",
  "runtimes\\linux-mips64\\native\\libe_sqlite3.so": "D56886A2E2F081CDEA1621BB18132764",
  "runtimes\\linux-musl-arm\\native\\libe_sqlite3.so": "87AF85204A246154501382901F3F6812",
  "runtimes\\linux-musl-arm64\\native\\libe_sqlite3.so": "CD4B9AAB53400EFE96ABC32B339A866A",
  "runtimes\\linux-musl-x64\\native\\libe_sqlite3.so": "6C9D6E34F1E932668237404D6EB6FC66",
  "runtimes\\linux-s390x\\native\\libe_sqlite3.so": "CB751CC76F280849C0E2F718D6784E69",
  "runtimes\\linux-x64\\native\\libe_sqlite3.so": "30098E7FAEB947BF5A5AE2FDB34E4461",
  "runtimes\\linux-x86\\native\\libe_sqlite3.so": "68872BD5071077981504636C2353EAA8",
  "runtimes\\maccatalyst-arm64\\native\\libe_sqlite3.dylib": "B2597C8799A6D21E5B98DB28C9C725FD",
  "runtimes\\maccatalyst-x64\\native\\libe_sqlite3.dylib": "19DCF2A64A7B5D1B8C7705AC809653A5",
  "runtimes\\osx-arm64\\native\\libe_sqlite3.dylib": "FB6D0058E0E849FA8715911B49790350",
  "runtimes\\osx-x64\\native\\libe_sqlite3.dylib": "DE5735102E730C1518C029DB3A0040A9",
  "runtimes\\win-arm\\native\\e_sqlite3.dll": "9CBB8BA154311E73D80A5B56D3BBAD64",
  "runtimes\\win-arm64\\native\\e_sqlite3.dll": "A15728C5DBB4C76C92090F92ADBBAB37",
  "runtimes\\win-x64\\native\\e_sqlite3.dll": "95116AEF0A0413BA2D17055B8B601286",
  "runtimes\\win-x64\\native\\minhook.x64d.dll": "4BEA02C05A1480DBB0E45DEFB8C73EA6",
  "runtimes\\win-x86\\native\\e_sqlite3.dll": "1CB03AD5D989E53EA24C9FD0EB9B65D4",
  "tr\\Microsoft.VisualStudio.Threading.resources.dll": "538FE3DA0C0527DC98456020A4351A85",
  "tr\\Microsoft.VisualStudio.Validation.resources.dll": "7C15CA39FCA7DF71D62C46E6F03389EF",
  "tr\\StreamJsonRpc.resources.dll": "E2AD6BCEBF0533F4D421EE83B42795C1",
  "zh-Hans\\Microsoft.VisualStudio.Threading.resources.dll": "4263966625E34972E95A9C1A2A0C61E8",
  "zh-Hans\\Microsoft.VisualStudio.Validation.resources.dll": "EB7953D05EF1CE51E790708D42EE5D18",
  "zh-Hans\\StreamJsonRpc.resources.dll": "FF596CD821202672B86089A5AB619C71",
  "zh-Hant\\Microsoft.VisualStudio.Threading.resources.dll": "4B693EDFE83A99478E1041AA17FFC35A",
  "zh-Hant\\Microsoft.VisualStudio.Validation.resources.dll": "8EF011A0285333D0EEFE22D5AA7A1702",
  "zh-Hant\\StreamJsonRpc.resources.dll": "BBF8E9013F9B1244348840EAA9CAF9B0",
  "BCnEncoder.dll": "2438A0960620F7A05322B4EEC58C1BBE",
  "BitFaster.Caching.dll": "18629716DC1756EF89E6B8A46843A06D",
  "CheapLoc.dll": "ACB211219B6FB352EC38440F07C5AAC0",
  "cimgui.dll": "70990D84F83847B1539506FD5F284A08",
  "cimguizmo.dll": "C58F5F338DDC1DD4E5BD0BE63EC1CB23",
  "cimplot.dll": "FEE916AB233AA9334D8009B63F5A82EB",
  "commit_hash.txt": "B5A20617601D4968542E971F1FC972EB",
  "CommunityToolkit.HighPerformance.dll": "66B64EC334625F2C5D341A45E28EEB43",
  "Dalamud.Bindings.ImGui.dll": "8600F41CB517A64A190C462855BCCFEF",
  "Dalamud.Bindings.ImGuizmo.dll": "61D8D1BB70751825818F9C8C8D85AB0C",
  "Dalamud.Bindings.ImPlot.dll": "53EA52D01248602DDA6AAA3A642EDDBB",
  "Dalamud.Boot.dll": "4EEEFD9452A45431B3152FBA3508B196",
  "Dalamud.Common.dll": "BD997CD82C05F2307FABDBFF95EC56F0",
  "Dalamud.deps.json": "984238510A2EA69BCA07C16C32508B9C",
  "Dalamud.dll": "66081A0AD6CA7C9E20520D501D30C028",
  "Dalamud.Injector.deps.json": "28C3C412E18C8E21BCEC052CCAF9CE11",
  "Dalamud.Injector.dll": "32EB6EDE76119B9230253216E80B31AD",
  "Dalamud.Injector.exe": "5BDE00B70E22D3A4A22C4FA66EF51AC0",
  "Dalamud.Injector.runtimeconfig.json": "481C4D4F6151485203242D25F632FCC5",
  "Dalamud.Injector.xml": "573870DEB8A9854EC20203EDE9D78425",
  "Dalamud.runtimeconfig.json": "9DB7F0D7C94CA1AA6CA3ACFA6F93A1D8",
  "Dalamud.xml": "739027D279BEA26CB13A77300443D142",
  "DalamudCrashHandler.exe": "1AEB76BBEEE5B1F52BCCB315018349B1",
  "FASM-LICENSE.TXT": "ECEA1D10811221D5F0A3E96F9C38E2C7",
  "FASM.DLL": "E6AE75BA87EE90AFD16BC41018689D7F",
  "FASMX64.DLL": "9946701F6187C72A7C7431A45A2A14B3",
  "FFXIVClientStructs.dll": "01DEEA7234DC6425F02B1F23BD1919A1",
  "FFXIVClientStructs.xml": "4086C1F0B1F08B61EF214C78C225EDC3",
  "goatcorp.Reloaded.Assembler.dll": "AD6FFF30AF9375AF21435425D7AF92E7",
  "goatcorp.Reloaded.Assembler.targets": "CC22CB0A353E2136EE9E6E96DB9F7164",
  "goatcorp.Reloaded.Hooks.dll": "DEFFDFEA3FBC811258527110B3E60C57",
  "goatcorp.Reloaded.Memory.Buffers.dll": "0AFC1C74A478C6B1C9785B8B6AA4FD92",
  "HexaGen.Runtime.dll": "60EFF80CB0B041BB265E06CEDF5C9812",
  "Iced.dll": "7A6E7DB393D6A5CC14FECA50F062490A",
  "ImGuiScene.dll": "FEA8A2E8CF2A6F30D76FD84B96D94864",
  "InteropGenerator.Runtime.dll": "A461808CA1A0A873359AC37BF6EF247C",
  "JetBrains.Annotations.dll": "D334483DFBCF8BE6062277E1FB3B94F3",
  "licenses.txt": "A159BE62AA91178EFC3E3983AE874D1D",
  "Lumina.dll": "39F8A215938078D57D874141548F4CFD",
  "Lumina.Excel.dll": "DF65FB9A9077CD9E382530879C861599",
  "Lumina.Excel.xml": "8C361FFD52612B54A308E043847D6823",
  "MessagePack.Annotations.dll": "30A7961DE0165146948A7FA125CED008",
  "MessagePack.dll": "78F801F8A2C0EB15FACA460D4111FB24",
  "Microsoft.Extensions.ObjectPool.dll": "CB2B8426DF93B062B631BC85B3369BED",
  "Microsoft.NET.StringTools.dll": "88B3B9B25E54FF438D2F4F1609B726A4",
  "Microsoft.VisualStudio.Threading.dll": "EF2AC53B930F5ED16DA3B4CFB1033813",
  "Microsoft.VisualStudio.Validation.dll": "0B1D5949C6944383B1EE896C5E13D08B",
  "MinSharp.dll": "E61E0CF00D55EF08E236E840BE9EC61B",
  "Mono.Cecil.dll": "F1A05FDD79284549133D481406F62A7B",
  "Mono.Cecil.Mdb.dll": "16D949400513EEE35F97CE9AF57F9CD9",
  "Mono.Cecil.Pdb.dll": "BDF2CBA90C76D05F932EDBB44A32B03D",
  "Mono.Cecil.Rocks.dll": "51CE62930B8D2B981F2A0D4282BC800D",
  "Nerdbank.Streams.dll": "539451E456062345AF25E7E17335299B",
  "nethost.dll": "21F39F71E2F4B5BA9FB3F126872F2F9B",
  "Newtonsoft.Json.dll": "C252FE44B67A08E6DAB4EADE3764DB49",
  "PeNet.Asn1.dll": "51E0942F21F0AE8DB37BE4B1977362B9",
  "PeNet.dll": "5C38195533B47B3CF7E7F150F92DE785",
  "Reloaded.Hooks.Definitions.dll": "5F9A49356131C761A458D1A865519EFB",
  "Reloaded.Memory.Buffers.dll": "E35D52574A6ECD5E899E9C53A34C5FFC",
  "Reloaded.Memory.dll": "1BA24626FA894E0BD39EBBABF921CA42",
  "revision.txt": "D6DABCC412981D56C8733B52586A9D44",
  "Serilog.dll": "AFBAEEE0EA215BCA7C739480B90F8F30",
  "Serilog.Sinks.Async.dll": "4BA550DA0E8E58D1CEFCA144E35311B2",
  "Serilog.Sinks.Console.dll": "7B99DD9A6EBD45A189FCC3D70699FE22",
  "Serilog.Sinks.File.dll": "D2DE1AEF25E952C348E9DF0E8C0C49EA",
  "SQLite-net.dll": "51A5C4053FD36AA0C244E756D456B355",
  "SQLitePCLRaw.batteries_v2.dll": "3C3973FBC49AAAFA901053F7FF4E2564",
  "SQLitePCLRaw.core.dll": "019733E9F80F4D298CEE515D6B84BB40",
  "SQLitePCLRaw.provider.e_sqlite3.dll": "65FC3A080F852C17A19E5AD00898F4C6",
  "StreamJsonRpc.dll": "6157633EE85D57CFF6772C1526F2D352",
  "System.Reactive.dll": "C6016588304D55406E3D1C2FA7D42903",
  "System.Reflection.MetadataLoadContext.dll": "284C720DEE2524BCF10DD1B5648AA303",
  "System.Security.Cryptography.Pkcs.dll": "17945B2BF07D9377E36AD3EBE69FF693",
  "TEMP_gitver.txt": "B4847B5302E02BCEBEDAED2CE84EAA92",
  "TerraFX.Interop.Windows.dll": "C75D06E77DE5A095D45676A81CDE0DC9"
}
