{
  "runtimes\\alpine-x64\\native\\libe_sqlite3.so": "39C244FEDBCD3DFC37041D4FCE1AE21D",
  "runtimes\\linux-arm\\native\\libe_sqlite3.so": "96CF54BC0EFB83D6E3F5F3E04997A59D",
  "runtimes\\linux-arm64\\native\\libe_sqlite3.so": "F079E55E7F3F9966A4A2052A3234E068",
  "runtimes\\linux-armel\\native\\libe_sqlite3.so": "C5A67D49434FC65D64E9C15778078C76",
  "runtimes\\linux-mips64\\native\\libe_sqlite3.so": "5F8461214089CFC677D46C19B7162161",
  "runtimes\\linux-musl-x64\\native\\libe_sqlite3.so": "39C244FEDBCD3DFC37041D4FCE1AE21D",
  "runtimes\\linux-x64\\native\\libe_sqlite3.so": "6F49C540D3AB9964D67A4A704C3D262D",
  "runtimes\\linux-x64\\native\\libglfw.so.3": "9E3137144F68B9E9793F4C7AD5B1BEA7",
  "runtimes\\linux-x64\\native\\libSDL2-2.0.so": "99B95A708381FC66AB2370E45A260527",
  "runtimes\\linux-x64\\native\\libstbi.so": "0945355ED59677D06E3E88F48101BB26",
  "runtimes\\linux-x86\\native\\libe_sqlite3.so": "5E0659B414CBD6DDC38C65582485853E",
  "runtimes\\osx-x64\\native\\libe_sqlite3.dylib": "F82AE134FCD1C080A69D775591406673",
  "runtimes\\osx-x64\\native\\libglfw.3.dylib": "1E30FAB2F0C40E82290AD4B0BF14A880",
  "runtimes\\osx-x64\\native\\libSDL2-2.0.dylib": "AAC958490586C67395F0A90903AE3747",
  "runtimes\\osx-x64\\native\\libstbi.dylib": "0B84B0A6A80178266018081C3CAB68E6",
  "runtimes\\win-arm\\native\\e_sqlite3.dll": "A5213EFE93D8CBC2398917BCDEAFC233",
  "runtimes\\win-arm64\\native\\e_sqlite3.dll": "32A44FA2882BAB75FB1ACE1BF1FFCF48",
  "runtimes\\win-x64\\native\\cimgui.dll": "C7698E0C49854DCDD2847D2A702D036C",
  "runtimes\\win-x64\\native\\cimguizmo.dll": "8351DA5A05EF0556DF1FF004437EA1A5",
  "runtimes\\win-x64\\native\\cimplot.dll": "35332935A58EA717C734282FC33EA7B8",
  "runtimes\\win-x64\\native\\e_sqlite3.dll": "881A480DFC4C91BEB3F45DFF69484CD6",
  "runtimes\\win-x64\\native\\glfw3.dll": "6639DC7F6DB056B35897CB0544773036",
  "runtimes\\win-x64\\native\\minhook.x64d.dll": "64366E62C07684A8EF1D54D278073106",
  "runtimes\\win-x64\\native\\SDL2.dll": "B454FF394EA8D1338CC513525E65CC91",
  "runtimes\\win-x64\\native\\stbi.dll": "8F91B002FACD8CFA3404DBE5ADAC6F1A",
  "runtimes\\win-x64\\native\\stbi.lib": "927C214DE576219E1F80DBE7798A0502",
  "runtimes\\win-x86\\native\\e_sqlite3.dll": "9E48691909F3BA750A1F949F5F1C08F3",
  "runtimes\\win-x86\\native\\glfw3.dll": "3FAB8C9F694A3885AE9953DF8D4DFA17",
  "runtimes\\win-x86\\native\\SDL2.dll": "8752B5D77AABBDF4237623BDE3C48DEB",
  "targets\\Dalamud.Plugin.Bootstrap.targets": "C85635161398CD9852CF7212DB7EB904",
  "targets\\Dalamud.Plugin.targets": "11001C983157350F50D99F1A827999B5",
  "CheapLoc.dll": "58911F1BA2BEFB7010330379E432C0AA",
  "Costura.dll": "1F2B5FBB76E7A65DD8E36EC7B259A852",
  "Dalamud.Boot.dll": "19C399722732662CDCF76539CCA68CED",
  "Dalamud.Common.dll": "CCEA69735BFA541CE721D5DBEC8E0A15",
  "Dalamud.deps.json": "731AF9806AED159A5866A1B667F36484",
  "Dalamud.dll": "063B59617A022D1D7D828A2FAB19C36E",
  "Dalamud.Injector.deps.json": "4E53ABE9A5D3E4592DA63EBF98DAAD86",
  "Dalamud.Injector.dll": "D96D14C8C39E82E99808BFE2BD67854F",
  "Dalamud.Injector.exe": "B2F9AED14A7161E031695FC4EEA23C4E",
  "Dalamud.Injector.runtimeconfig.json": "AAAFA957BB3B382321D67ACC2D792553",
  "Dalamud.Injector.xml": "6CFC451561E67CE7788814C5B327D7EC",
  "Dalamud.runtimeconfig.json": "15719C111D02D5BD45F37285FC8B6040",
  "Dalamud.xml": "D18ED76225E5BB1639BF937081EAFD4A",
  "DalamudCrashHandler.exe": "124CE89BA4034D997C656AB7FDBA313C",
  "FASM-LICENSE.TXT": "ECEA1D10811221D5F0A3E96F9C38E2C7",
  "FASM.DLL": "EB0CD787FE1C5A2250F6CB23AC7A8462",
  "FASMX64.DLL": "00D17459090E0BBBF3C5367FB382DFFE",
  "FFXIVClientStructs.dll": "95B62F53DCE9923409C41D61E83A793A",
  "FFXIVClientStructs.xml": "FF63A40F8E684B6A2D356D3A4B88869A",
  "goaaats.Reloaded.Assembler.targets": "CC22CB0A353E2136EE9E6E96DB9F7164",
  "Iced.dll": "359BF45AC891B9599224EBA8B1655AED",
  "ImGui.NET.dll": "8F8F6F9752FBD46C8ADA9D859F88DBC7",
  "ImGuiScene.dll": "5EFD0EFAFB7FBD9365461E99ECE09DC1",
  "JetBrains.Annotations.dll": "C5B0653BB28A7C2CB326EAB27B413962",
  "licenses.txt": "A159BE62AA91178EFC3E3983AE874D1D",
  "Lumina.dll": "C53BDF907217A8F92B901B21A5D5BFAA",
  "Lumina.Excel.dll": "7C6FCF9497B64BE7F5A549C1F99FBFE6",
  "Microsoft.Bcl.HashCode.dll": "613AB56061ADF2284E047025207467E0",
  "Microsoft.DotNet.PlatformAbstractions.dll": "00AB0F02B1114C57C758F5AD595224F1",
  "Microsoft.Extensions.DependencyModel.dll": "F39BC76C10CFEA478C936FC4521A9FC9",
  "MinSharp.dll": "BA555082B471C696E8DC8782726DEC92",
  "Mono.Cecil.dll": "59640331D8E52B4AF275F221A690AE57",
  "Mono.Cecil.Mdb.dll": "E291C447869777EDA263163A068FD92A",
  "Mono.Cecil.Pdb.dll": "EC33BA49AEC2AE3B9AF7AE2104655540",
  "Mono.Cecil.Rocks.dll": "3A8B4C4D3CAACC252C5DC29A5A740FE8",
  "MonoMod.Backports.dll": "D9954F147AB77B39771E5D0921BFCD75",
  "MonoMod.Core.dll": "A1C9D380AD695025E41C47A4DFE36E39",
  "MonoMod.Iced.dll": "FAB5F57E113F1EB95249F4AD2DFA0985",
  "MonoMod.ILHelpers.dll": "56725917172E41118467853E7E8ED065",
  "MonoMod.RuntimeDetour.dll": "EC96945ADF0CF5094A3941B7CACFFC2B",
  "MonoMod.Utils.dll": "1FD9D6B28AA28A2A222F329B56AAE054",
  "nethost.dll": "012081214FE71F0F6ADCD9F4A71B2B00",
  "Newtonsoft.Json.dll": "86A83A63F12B55FD3718CFBFB577D7DC",
  "PeNet.Asn1.dll": "414DFA70EA446D301B6B111073635960",
  "PeNet.dll": "DE64769CBCC5738B41C010991E4F0CA2",
  "PInvoke.AdvApi32.dll": "34EE461D05B403C3A15D0DEC32A3788C",
  "PInvoke.BCrypt.dll": "FD07758EE1440491F22923084109FF26",
  "PInvoke.Cabinet.dll": "333D950E3804735DA60CC41D614C63E2",
  "PInvoke.CfgMgr32.dll": "768BE7CC18EDCF78B296A72ABE891691",
  "PInvoke.Crypt32.dll": "E7B00B0851738F4A7F2C6D37DAA973B4",
  "PInvoke.DbgHelp.dll": "E701136169620D20E3A70B560DE20E44",
  "PInvoke.DwmApi.dll": "ACF223CC8962404056648815B486F7D9",
  "PInvoke.Gdi32.dll": "69FF434826F98582CE44D3136ECFFACB",
  "PInvoke.Hid.dll": "2E7A41257F8AD9B26073181F450CD8E5",
  "PInvoke.ImageHlp.dll": "79BE816E8D86EA66489D7780DD675D49",
  "PInvoke.IPHlpApi.dll": "E949FA3326D1BA8872B179AB4EE49D38",
  "PInvoke.Kernel32.dll": "234E15B122ED430DE99490CA1A204958",
  "PInvoke.Magnification.dll": "C9EA3D34F506741ECC044DB19C151F09",
  "PInvoke.Msi.dll": "69EE50CE2DA6B55755E52589F49A7EBC",
  "PInvoke.NCrypt.dll": "DA1DE76C14D99370CA3BEF19DC299B15",
  "PInvoke.NetApi32.dll": "AE79F9FA2E3864A5E0642AE4622ECDC5",
  "PInvoke.NewDev.dll": "B3E1992105D986EF9C5C8E4B630FBB07",
  "PInvoke.NTDll.dll": "3F6BDF840EB27DD0FD9EB8071822183A",
  "PInvoke.Ole32.dll": "3C49FB100B60519FFE725BCD12A538F6",
  "PInvoke.Psapi.dll": "A7683EE4B880227F01C8AE632A892B9E",
  "PInvoke.SetupApi.dll": "1B7AE321185D0081D1759A9AD829F9BA",
  "PInvoke.SHCore.dll": "F27E7F063D51480F6D2294C903E4A606",
  "PInvoke.Shell32.dll": "F71A1BCAF6478190691170DAEA77722F",
  "PInvoke.User32.dll": "8BEDE38311ED4F27127290B81B8079FD",
  "PInvoke.Userenv.dll": "FEB7BCA90B8C905EC2F4BB0789847131",
  "PInvoke.UxTheme.dll": "8E683C016250CB719FDB9AAAFC22B3C5",
  "PInvoke.Windows.Core.dll": "90015440A44935208FFEA9BF61740651",
  "PInvoke.Windows.ShellScalingApi.dll": "F351B34B8C9183A51CADFDC279357C49",
  "PInvoke.WinUsb.dll": "9EB8A0280F2848D1A32B560A939F7336",
  "PInvoke.WtsApi32.dll": "341C94455D2E5893DBE4293D4D67AA4D",
  "Reloaded.Assembler.dll": "630F10A03E4D0B75A480FD02CC83D32C",
  "Reloaded.Hooks.Definitions.dll": "2D6EDBF9BBEEFE9B2BD5C2BB84CBF0E9",
  "Reloaded.Hooks.dll": "FCACCD670FA2ADEF523CBC0B976F584A",
  "Reloaded.Memory.Buffers.dll": "6A6545ECDDC1298E4B7F9FA3486C196B",
  "Reloaded.Memory.dll": "E69B93A547B6AEB59DAF2F242C8A2617",
  "revision.txt": "6562C5C1F33DB6E05A082A88CDDAB5EA",
  "SDL2-CS.config": "65557595FD5DF55D93B2BF881DE62C3A",
  "SDL2-CS.dll": "BD6D5EC4DC6F41F18876E3B828272910",
  "Serilog.dll": "DB3790953336CB7FA166EEE68E7B9A08",
  "Serilog.Sinks.Async.dll": "A216D48B23462B75002796069C3B0D9D",
  "Serilog.Sinks.Console.dll": "0FCCBBF45AFEE71146C4C4859C29017A",
  "Serilog.Sinks.File.dll": "E62A208A9D8AF03A51AE70F02A7B2ADB",
  "SharpDX.Direct3D11.dll": "0BAA250991916EF74FA494C430878F31",
  "SharpDX.dll": "66BC0B681C007C5D313B484322C2F39C",
  "SharpDX.DXGI.dll": "9AA50824C2865E2E037FD94AF412FC9C",
  "SharpDX.Mathematics.dll": "AEFBAC3A5C1F3D92F53FC7A3E4A97787",
  "Silk.NET.Core.dll": "3CAC2454FCED9A13831C6BA550B4D3E6",
  "Silk.NET.GLFW.dll": "8DC37FAA145BAB835733991E2DDB235A",
  "Silk.NET.Maths.dll": "58D4E7C71CD76E6455F2FFA9EBEE046C",
  "Silk.NET.OpenGL.dll": "E9CEBED4DD90C35BB54A7701C8F09AEB",
  "Silk.NET.SDL.dll": "4112C2BAF14FCF2261B85BB383A8E47C",
  "Silk.NET.Windowing.Common.dll": "1C17EF456D00AC26AB5A2F3581F9CE74",
  "Silk.NET.Windowing.Glfw.dll": "D1CD328DA6ED6BA3DA3A6E74A62C9F22",
  "Silk.NET.Windowing.Sdl.dll": "CCB3C54954A778DB6932D78FF93C3354",
  "SQLite-net.dll": "77407AD40CA84BEC609DCA7CEB609E89",
  "SQLitePCLRaw.batteries_v2.dll": "2C6B1DBF3BA7B3FBC2D8BDB04F8D0EE6",
  "SQLitePCLRaw.core.dll": "0A086F8F21E813BC7A92CE656C706554",
  "SQLitePCLRaw.nativelibrary.dll": "63725C192D78191B05C878B692E37393",
  "SQLitePCLRaw.provider.dynamic_cdecl.dll": "6B394099756C983E1F13130A5A7E8EF9",
  "StbiSharp.dll": "2D3092B4BD87CF0947C80A0D196ED185",
  "System.Reactive.dll": "EF5A00287AD15393D41B12AA4B726FF7",
  "System.Reflection.MetadataLoadContext.dll": "7EC41D41F4E1246757BA3E2EC862D562",
  "System.Security.Cryptography.Pkcs.dll": "8950E01996A37E808BE3F39063C37BF9",
  "TEMP_gitver.txt": "63C5EF58971A7000AFF983FD88E545A9",
  "TerraFX.Interop.Windows.dll": "84F7EF6B0DE91F8CC23F773D3FD6DEC0",
  "Validation.dll": "688ECE601612E81C5F3A95AEF74752CC"
}
