{
  "runtimes\\linux-x64\\native\\libglfw.so.3": "9E3137144F68B9E9793F4C7AD5B1BEA7",
  "runtimes\\linux-x64\\native\\libSDL2-2.0.so": "99B95A708381FC66AB2370E45A260527",
  "runtimes\\linux-x64\\native\\libstbi.so": "0945355ED59677D06E3E88F48101BB26",
  "runtimes\\osx-x64\\native\\libglfw.3.dylib": "1E30FAB2F0C40E82290AD4B0BF14A880",
  "runtimes\\osx-x64\\native\\libSDL2-2.0.dylib": "AAC958490586C67395F0A90903AE3747",
  "runtimes\\osx-x64\\native\\libstbi.dylib": "0B84B0A6A80178266018081C3CAB68E6",
  "runtimes\\win-x64\\native\\cimgui.dll": "F452211672487B78383F453D7F774B80",
  "runtimes\\win-x64\\native\\cimguizmo.dll": "BC52762AE01999C11FF4744E2B14E6C9",
  "runtimes\\win-x64\\native\\cimplot.dll": "D571F9C23D05D466A9B1E33B652D6B85",
  "runtimes\\win-x64\\native\\glfw3.dll": "2D944804051D167E68A51D1164386158",
  "runtimes\\win-x64\\native\\minhook.x64d.dll": "5F244B64CA5A582957B50FFB734E305F",
  "runtimes\\win-x64\\native\\SDL2.dll": "34008148DF6D58A7EDB92D2220573F39",
  "runtimes\\win-x64\\native\\stbi.dll": "1D8173687C7A94B801B94D4249AB7CEF",
  "runtimes\\win-x64\\native\\stbi.lib": "927C214DE576219E1F80DBE7798A0502",
  "runtimes\\win-x86\\native\\glfw3.dll": "EA6D6E1D8873BE68C8ED21F9172F6754",
  "runtimes\\win-x86\\native\\SDL2.dll": "3322AD336AEB9BD5892764988C64EAAD",
  "targets\\Dalamud.Plugin.Bootstrap.targets": "72C91AC1B4F7C83711BB4C5834FE49A8",
  "targets\\Dalamud.Plugin.targets": "CE55DF182FBC948D33DB41454A31EEF9",
  "CheapLoc.dll": "B6A92C73428F6513FA957904D6C92DFA",
  "Costura.dll": "49E1791F8795C83293A54AB496B4E844",
  "Dalamud.Boot.dll": "F4314379A068895C93DA303825273071",
  "Dalamud.deps.json": "051357BD08583BEAB8CB20902199B7AC",
  "Dalamud.dll": "8E1AF64EB8DD4453F45C6474C8E6C409",
  "Dalamud.Injector.deps.json": "D10EED2039C0151239F5EA4FE3A65A7B",
  "Dalamud.Injector.dll": "F751C923E9886F3ABA46DE97CA7E5FF5",
  "Dalamud.Injector.exe": "496BF43810DFC8EFC62D826AA6916884",
  "Dalamud.Injector.runtimeconfig.json": "AAAFA957BB3B382321D67ACC2D792553",
  "Dalamud.Injector.xml": "CC06A545B271F56E0781ECC82BDEF67F",
  "Dalamud.Interface.dll": "6BD111BB15283224CADA7BC321843977",
  "Dalamud.runtimeconfig.json": "454E2BA21742B08CF0A9827950A92B0F",
  "Dalamud.xml": "1EECA5D6C44C8E1E399833F7E42A91C9",
  "DalamudCrashHandler.exe": "6C098C725F78EC2814B5F1FC4B3CFC35",
  "FASM-LICENSE.TXT": "ECEA1D10811221D5F0A3E96F9C38E2C7",
  "FASM.DLL": "C592E43DEF16212691CB725CF4EDD6E4",
  "FASMX64.DLL": "527654772663B7B6B2F558C134E36C1A",
  "FFXIVClientStructs.dll": "6AA9D6F75884785A0E5EF53344E4BCA1",
  "FFXIVClientStructs.xml": "99D52300842511BA998676842AD0B2D7",
  "goaaats.Reloaded.Assembler.targets": "CC22CB0A353E2136EE9E6E96DB9F7164",
  "Iced.dll": "128FEFF68D840CCBE2B3AE8D5C294F85",
  "ImGui.NET.dll": "0E1F1099548B7CC1E058E0E23B463D58",
  "ImGuiScene.dll": "6005531497F8204880B23634C635ECE8",
  "JetBrains.Annotations.dll": "070D296FE6792BE03F295AED70AD337D",
  "licenses.txt": "A159BE62AA91178EFC3E3983AE874D1D",
  "Lumina.dll": "D00474F763B888D6708B92E4E6C13E5B",
  "Lumina.Excel.dll": "7ABAA93AAC28A3230400E45379C04D18",
  "Microsoft.Bcl.HashCode.dll": "613AB56061ADF2284E047025207467E0",
  "Microsoft.DotNet.PlatformAbstractions.dll": "00AB0F02B1114C57C758F5AD595224F1",
  "Microsoft.Extensions.DependencyModel.dll": "F39BC76C10CFEA478C936FC4521A9FC9",
  "MinSharp.dll": "A689C9014C4EFF487C5A0CDFA5E5AE65",
  "Mono.Cecil.dll": "4C6D8371CABB6D9D510D44B878562896",
  "Mono.Cecil.Mdb.dll": "EF5C77EC525DBA3B1B74D6A1F6A44292",
  "Mono.Cecil.Pdb.dll": "08620166BFADD484961C205FCCF806F3",
  "Mono.Cecil.Rocks.dll": "7575968573C791DC0AF55D954A2F3AF1",
  "MonoMod.Backports.dll": "3FF09EAE869CE0C0792FC774D6447BE0",
  "MonoMod.Core.dll": "20BBDB14529E27749DB5942F5294D774",
  "MonoMod.Iced.dll": "355B40EEA5813BE01470BD2C98D0A7C8",
  "MonoMod.ILHelpers.dll": "D97C227590EED8F0E750E7250E561B54",
  "MonoMod.RuntimeDetour.dll": "EA04580DF551019133A5CCDF18702DFC",
  "MonoMod.Utils.dll": "66A6804604BB45FCD046452B0945B089",
  "nethost.dll": "012081214FE71F0F6ADCD9F4A71B2B00",
  "Newtonsoft.Json.dll": "86A83A63F12B55FD3718CFBFB577D7DC",
  "PeNet.Asn1.dll": "90816049E2B447AD318220E384A19297",
  "PeNet.dll": "D738FDFB51FFE709F870B61D2DFCA29F",
  "PInvoke.AdvApi32.dll": "34EE461D05B403C3A15D0DEC32A3788C",
  "PInvoke.BCrypt.dll": "FD07758EE1440491F22923084109FF26",
  "PInvoke.Cabinet.dll": "333D950E3804735DA60CC41D614C63E2",
  "PInvoke.CfgMgr32.dll": "768BE7CC18EDCF78B296A72ABE891691",
  "PInvoke.Crypt32.dll": "E7B00B0851738F4A7F2C6D37DAA973B4",
  "PInvoke.DbgHelp.dll": "E701136169620D20E3A70B560DE20E44",
  "PInvoke.DwmApi.dll": "ACF223CC8962404056648815B486F7D9",
  "PInvoke.Gdi32.dll": "69FF434826F98582CE44D3136ECFFACB",
  "PInvoke.Hid.dll": "2E7A41257F8AD9B26073181F450CD8E5",
  "PInvoke.ImageHlp.dll": "79BE816E8D86EA66489D7780DD675D49",
  "PInvoke.IPHlpApi.dll": "E949FA3326D1BA8872B179AB4EE49D38",
  "PInvoke.Kernel32.dll": "234E15B122ED430DE99490CA1A204958",
  "PInvoke.Magnification.dll": "C9EA3D34F506741ECC044DB19C151F09",
  "PInvoke.Msi.dll": "69EE50CE2DA6B55755E52589F49A7EBC",
  "PInvoke.NCrypt.dll": "DA1DE76C14D99370CA3BEF19DC299B15",
  "PInvoke.NetApi32.dll": "AE79F9FA2E3864A5E0642AE4622ECDC5",
  "PInvoke.NewDev.dll": "B3E1992105D986EF9C5C8E4B630FBB07",
  "PInvoke.NTDll.dll": "3F6BDF840EB27DD0FD9EB8071822183A",
  "PInvoke.Ole32.dll": "3C49FB100B60519FFE725BCD12A538F6",
  "PInvoke.Psapi.dll": "A7683EE4B880227F01C8AE632A892B9E",
  "PInvoke.SetupApi.dll": "1B7AE321185D0081D1759A9AD829F9BA",
  "PInvoke.SHCore.dll": "F27E7F063D51480F6D2294C903E4A606",
  "PInvoke.Shell32.dll": "F71A1BCAF6478190691170DAEA77722F",
  "PInvoke.User32.dll": "8BEDE38311ED4F27127290B81B8079FD",
  "PInvoke.Userenv.dll": "FEB7BCA90B8C905EC2F4BB0789847131",
  "PInvoke.UxTheme.dll": "8E683C016250CB719FDB9AAAFC22B3C5",
  "PInvoke.Windows.Core.dll": "90015440A44935208FFEA9BF61740651",
  "PInvoke.Windows.ShellScalingApi.dll": "F351B34B8C9183A51CADFDC279357C49",
  "PInvoke.WinUsb.dll": "9EB8A0280F2848D1A32B560A939F7336",
  "PInvoke.WtsApi32.dll": "341C94455D2E5893DBE4293D4D67AA4D",
  "Reloaded.Assembler.dll": "7D35BF592A9C3326C948F4B05757697E",
  "Reloaded.Hooks.Definitions.dll": "DEC47D6CF36E5BD4C90731ED91B655F9",
  "Reloaded.Hooks.dll": "80544D334C812D58C868DC9F716AFC7A",
  "Reloaded.Memory.Buffers.dll": "7E07C4A48FE3A292D636F0A156AB0AC9",
  "Reloaded.Memory.dll": "79AF40F2490AA96D0D527579375D3224",
  "revision.txt": "FDEEA652A89EC3E970D22A86698AC8C4",
  "SDL2-CS.config": "65557595FD5DF55D93B2BF881DE62C3A",
  "SDL2-CS.dll": "D3467BF6638B4769C7D421A866123761",
  "Serilog.dll": "8745DC6814BA5BE1BEC754652C518A61",
  "Serilog.Sinks.Async.dll": "4CF6E95D413A521E0E1958D2E84FAB4D",
  "Serilog.Sinks.Console.dll": "1085A133B324E330835AF44AF2B387A4",
  "Serilog.Sinks.File.dll": "FC572DD37D4E5E0A77F0512ECA49DC5D",
  "SharpDX.Direct3D11.dll": "22A0AFF4DAD3FAE0A0D3CF016872F892",
  "SharpDX.dll": "622D9F8ADA561B882FADCF89BD6D08C4",
  "SharpDX.DXGI.dll": "05D836F22FF180D36664B7D2EFA722C8",
  "SharpDX.Mathematics.dll": "B9AABFD1645CB48B9C39D1C5816B22E6",
  "Silk.NET.Core.dll": "860D599E3D7F6557DA1E84BF407217E1",
  "Silk.NET.GLFW.dll": "B3BF5EAE95FA46F5BE2189283F3F5328",
  "Silk.NET.Maths.dll": "EA69952E1120A502C5BA4FD799420F08",
  "Silk.NET.OpenGL.dll": "0FE48BA8120FAEBC413BEE72A6F67EB5",
  "Silk.NET.SDL.dll": "4CA933893A8073278EAA5707B348F354",
  "Silk.NET.Windowing.Common.dll": "7E1564D7281A306D5727BCEFD5138837",
  "Silk.NET.Windowing.Glfw.dll": "358CEE989ED1458921372B4E26CABE58",
  "Silk.NET.Windowing.Sdl.dll": "062441626B36B05634B12283F1172119",
  "StbiSharp.dll": "6B74615F4B80E58786B73E42A6B3C814",
  "System.Reactive.dll": "EF5A00287AD15393D41B12AA4B726FF7",
  "System.Reflection.MetadataLoadContext.dll": "7EC41D41F4E1246757BA3E2EC862D562",
  "System.Security.Cryptography.Pkcs.dll": "8950E01996A37E808BE3F39063C37BF9",
  "TEMP_gitver.txt": "E4E1C55FF1088958398BEBBE5D374D35",
  "Validation.dll": "E8E9D965BF58B69DBEB5265A6D819A45"
}
