{
  "runtimes\\alpine-x64\\native\\libe_sqlite3.so": "39C244FEDBCD3DFC37041D4FCE1AE21D",
  "runtimes\\linux-arm\\native\\libe_sqlite3.so": "96CF54BC0EFB83D6E3F5F3E04997A59D",
  "runtimes\\linux-arm64\\native\\libe_sqlite3.so": "F079E55E7F3F9966A4A2052A3234E068",
  "runtimes\\linux-armel\\native\\libe_sqlite3.so": "C5A67D49434FC65D64E9C15778078C76",
  "runtimes\\linux-mips64\\native\\libe_sqlite3.so": "5F8461214089CFC677D46C19B7162161",
  "runtimes\\linux-musl-x64\\native\\libe_sqlite3.so": "39C244FEDBCD3DFC37041D4FCE1AE21D",
  "runtimes\\linux-x64\\native\\libe_sqlite3.so": "6F49C540D3AB9964D67A4A704C3D262D",
  "runtimes\\linux-x64\\native\\libglfw.so.3": "9E3137144F68B9E9793F4C7AD5B1BEA7",
  "runtimes\\linux-x64\\native\\libSDL2-2.0.so": "99B95A708381FC66AB2370E45A260527",
  "runtimes\\linux-x64\\native\\libstbi.so": "0945355ED59677D06E3E88F48101BB26",
  "runtimes\\linux-x86\\native\\libe_sqlite3.so": "5E0659B414CBD6DDC38C65582485853E",
  "runtimes\\osx-x64\\native\\libe_sqlite3.dylib": "F82AE134FCD1C080A69D775591406673",
  "runtimes\\osx-x64\\native\\libglfw.3.dylib": "1E30FAB2F0C40E82290AD4B0BF14A880",
  "runtimes\\osx-x64\\native\\libSDL2-2.0.dylib": "AAC958490586C67395F0A90903AE3747",
  "runtimes\\osx-x64\\native\\libstbi.dylib": "0B84B0A6A80178266018081C3CAB68E6",
  "runtimes\\win-arm\\native\\e_sqlite3.dll": "0B4876CB211BAE6627E40ED192F8E0C0",
  "runtimes\\win-arm64\\native\\e_sqlite3.dll": "7BCD18C7019F546D50C528A5D9F478E9",
  "runtimes\\win-x64\\native\\cimgui.dll": "EB032DBFC55370812625F194E7D09C1A",
  "runtimes\\win-x64\\native\\cimguizmo.dll": "433BBD506A919C52CDE1668783657134",
  "runtimes\\win-x64\\native\\cimplot.dll": "60EB71A238E98A73BC9708BBF33D296F",
  "runtimes\\win-x64\\native\\e_sqlite3.dll": "B35A406D4468EB08DD324089C9C0B7B6",
  "runtimes\\win-x64\\native\\glfw3.dll": "C0D33FA2A4C6DC54DB76B4392C3C42E5",
  "runtimes\\win-x64\\native\\minhook.x64d.dll": "727AE1E64D9896D49BC3A111FD9FD596",
  "runtimes\\win-x64\\native\\SDL2.dll": "BE90E593AFA954BC5510AD2FE492E9F9",
  "runtimes\\win-x64\\native\\stbi.dll": "EB82AE4682F6065905C4511FF6D2ECCF",
  "runtimes\\win-x64\\native\\stbi.lib": "927C214DE576219E1F80DBE7798A0502",
  "runtimes\\win-x86\\native\\e_sqlite3.dll": "A3A048DB17106AF9D67EBEB4110C4C06",
  "runtimes\\win-x86\\native\\glfw3.dll": "3BFEFE9DC7262D202B336E511AB90190",
  "runtimes\\win-x86\\native\\SDL2.dll": "D3CFDF7E6484DC5366BAA25C74BCE66D",
  "targets\\Dalamud.Plugin.Bootstrap.targets": "C85635161398CD9852CF7212DB7EB904",
  "targets\\Dalamud.Plugin.targets": "E2AA900DB1F6596D1C203D4112A10F5E",
  "CheapLoc.dll": "AAC775F8329DABAD8D0D138B2E0AAB9A",
  "Costura.dll": "4020453EC333B3383E8B61BF8A870D44",
  "Dalamud.Boot.dll": "60B9EF50086EBF4D52CD95AF856FE447",
  "Dalamud.Common.dll": "83A5D76D55B90B60A8AA33E0B38CC067",
  "Dalamud.deps.json": "5EC064218B6A161E5195EC66217B428D",
  "Dalamud.dll": "07401297C93B4A9F2E577A9BF97ED644",
  "Dalamud.Injector.deps.json": "C1FA0941DC8B38E415776C60C508AAB9",
  "Dalamud.Injector.dll": "52C1972310E09B1D9AA06C76104D18F0",
  "Dalamud.Injector.exe": "64EBE63C2CDE6F0F6C05504F828C92DD",
  "Dalamud.Injector.runtimeconfig.json": "B9BB65FFE7924D4D8BABE9FA66303200",
  "Dalamud.Injector.xml": "D41E5DF541D19A015215E777D7395C9C",
  "Dalamud.runtimeconfig.json": "2A9CD915428BDD175E0889BD0C225F75",
  "Dalamud.xml": "6A270B01EBDD0F234EEABE1AC29EC586",
  "DalamudCrashHandler.exe": "4F46E011ABCAC2BD786BB85B29FEA373",
  "FASM-LICENSE.TXT": "ECEA1D10811221D5F0A3E96F9C38E2C7",
  "FASM.DLL": "3DC9042FE77679757095809BD51501ED",
  "FASMX64.DLL": "FF8996F4A5B11557B3CC4D60501841C0",
  "FFXIVClientStructs.dll": "7340A224C8985B489E5630163F6ED90E",
  "FFXIVClientStructs.xml": "C0223F32F7430476EEA2B5527DEFFA6D",
  "goaaats.Reloaded.Assembler.targets": "CC22CB0A353E2136EE9E6E96DB9F7164",
  "Iced.dll": "138F1514AE1E4F785E357BA74F671DE5",
  "ImGui.NET.dll": "4A7409D968AE934C300E25182B530183",
  "ImGuiScene.dll": "88016A2E4C7E3AD2B5FC65BE3A7BE0FC",
  "JetBrains.Annotations.dll": "6C68007C3389C01362351BC1ED1FAC1B",
  "licenses.txt": "A159BE62AA91178EFC3E3983AE874D1D",
  "Lumina.dll": "192814F43C52BB0B1A4EC8F7468DB269",
  "Lumina.Excel.dll": "F54BC5EFE4E05A30D44F4CA0D8728681",
  "Microsoft.Bcl.HashCode.dll": "613AB56061ADF2284E047025207467E0",
  "Microsoft.DotNet.PlatformAbstractions.dll": "00AB0F02B1114C57C758F5AD595224F1",
  "Microsoft.Extensions.DependencyModel.dll": "F39BC76C10CFEA478C936FC4521A9FC9",
  "Microsoft.Extensions.ObjectPool.dll": "FEE3CE8A84417360CC5ED787ED6F7DB1",
  "MinSharp.dll": "59646C8943BAD27D98EF302943DA9073",
  "Mono.Cecil.dll": "A471D9A52D4F2044F84F1BEF50A366F6",
  "Mono.Cecil.Mdb.dll": "AB8BCADF52AE99C67D2AFEA608249AEC",
  "Mono.Cecil.Pdb.dll": "C2C4FE5F1D8B7BDEB63429DE22BC7BEB",
  "Mono.Cecil.Rocks.dll": "03D58EC24B037C7463B7B50264E7B13C",
  "nethost.dll": "012081214FE71F0F6ADCD9F4A71B2B00",
  "Newtonsoft.Json.dll": "86A83A63F12B55FD3718CFBFB577D7DC",
  "PeNet.Asn1.dll": "77F9F214EC17647C58E58E0A06D6B805",
  "PeNet.dll": "0A81FC92B3B56DF14BD4DDC5F66B0DFF",
  "PInvoke.AdvApi32.dll": "34EE461D05B403C3A15D0DEC32A3788C",
  "PInvoke.BCrypt.dll": "FD07758EE1440491F22923084109FF26",
  "PInvoke.Cabinet.dll": "333D950E3804735DA60CC41D614C63E2",
  "PInvoke.CfgMgr32.dll": "768BE7CC18EDCF78B296A72ABE891691",
  "PInvoke.Crypt32.dll": "E7B00B0851738F4A7F2C6D37DAA973B4",
  "PInvoke.DbgHelp.dll": "E701136169620D20E3A70B560DE20E44",
  "PInvoke.DwmApi.dll": "ACF223CC8962404056648815B486F7D9",
  "PInvoke.Gdi32.dll": "69FF434826F98582CE44D3136ECFFACB",
  "PInvoke.Hid.dll": "2E7A41257F8AD9B26073181F450CD8E5",
  "PInvoke.ImageHlp.dll": "79BE816E8D86EA66489D7780DD675D49",
  "PInvoke.IPHlpApi.dll": "E949FA3326D1BA8872B179AB4EE49D38",
  "PInvoke.Kernel32.dll": "234E15B122ED430DE99490CA1A204958",
  "PInvoke.Magnification.dll": "C9EA3D34F506741ECC044DB19C151F09",
  "PInvoke.Msi.dll": "69EE50CE2DA6B55755E52589F49A7EBC",
  "PInvoke.NCrypt.dll": "DA1DE76C14D99370CA3BEF19DC299B15",
  "PInvoke.NetApi32.dll": "AE79F9FA2E3864A5E0642AE4622ECDC5",
  "PInvoke.NewDev.dll": "B3E1992105D986EF9C5C8E4B630FBB07",
  "PInvoke.NTDll.dll": "3F6BDF840EB27DD0FD9EB8071822183A",
  "PInvoke.Ole32.dll": "3C49FB100B60519FFE725BCD12A538F6",
  "PInvoke.Psapi.dll": "A7683EE4B880227F01C8AE632A892B9E",
  "PInvoke.SetupApi.dll": "1B7AE321185D0081D1759A9AD829F9BA",
  "PInvoke.SHCore.dll": "F27E7F063D51480F6D2294C903E4A606",
  "PInvoke.Shell32.dll": "F71A1BCAF6478190691170DAEA77722F",
  "PInvoke.User32.dll": "8BEDE38311ED4F27127290B81B8079FD",
  "PInvoke.Userenv.dll": "FEB7BCA90B8C905EC2F4BB0789847131",
  "PInvoke.UxTheme.dll": "8E683C016250CB719FDB9AAAFC22B3C5",
  "PInvoke.Windows.Core.dll": "90015440A44935208FFEA9BF61740651",
  "PInvoke.Windows.ShellScalingApi.dll": "F351B34B8C9183A51CADFDC279357C49",
  "PInvoke.WinUsb.dll": "9EB8A0280F2848D1A32B560A939F7336",
  "PInvoke.WtsApi32.dll": "341C94455D2E5893DBE4293D4D67AA4D",
  "Reloaded.Assembler.dll": "BD7D27DDCC3D55291AFB621DFDFA13D6",
  "Reloaded.Hooks.Definitions.dll": "3A67A2542C815AF0AB62B1B01B79A1DB",
  "Reloaded.Hooks.dll": "3A3B9584D978DB611BA135EF5E29611B",
  "Reloaded.Memory.Buffers.dll": "698BF0E8C612CB7A8192013BD0737801",
  "Reloaded.Memory.dll": "25A7154B3A50E595E121EC32E611CAB5",
  "revision.txt": "D91CACA74114D81FDFC578FCA82F8D72",
  "SDL2-CS.config": "65557595FD5DF55D93B2BF881DE62C3A",
  "SDL2-CS.dll": "5CD838ED24375AC8609229BC4F50F4DA",
  "Serilog.dll": "7E7751D9CF90AAA171568E48C52E020B",
  "Serilog.Sinks.Async.dll": "03458B37EE7C33B1702B4E3E00FBAB93",
  "Serilog.Sinks.Console.dll": "CC1E532E44DB5E023162DBD36F073C41",
  "Serilog.Sinks.File.dll": "884D643DEC2B2C441E431D3F7E33898A",
  "SharpDX.Direct3D11.dll": "8BB8A88F016C30DB9CF4BA367DCF912D",
  "SharpDX.dll": "516ABE6AA423C7333F625E095906F202",
  "SharpDX.DXGI.dll": "66CD32095EB99874104053944ACF5D6B",
  "SharpDX.Mathematics.dll": "340E6C14F778023C1CF43F90E73D4D48",
  "Silk.NET.Core.dll": "099191AF6E55A95653408B64EA779FFB",
  "Silk.NET.GLFW.dll": "498D6E48862DD022BE87B7DDC5FDBF8F",
  "Silk.NET.Maths.dll": "61044C0C6AD262772D8C7256F23A5EBD",
  "Silk.NET.OpenGL.dll": "19BD088A98ED90C3A5B79DF443483C02",
  "Silk.NET.SDL.dll": "BF83D2132B64AC450865294DBB31BA7B",
  "Silk.NET.Windowing.Common.dll": "48C5FB5C81E367262A6D4A4B1C593D6F",
  "Silk.NET.Windowing.Glfw.dll": "330CF335AC1B9155D8A553D803C22197",
  "Silk.NET.Windowing.Sdl.dll": "17EFC71FA65FB7B125A59F18D7EABD4B",
  "SQLite-net.dll": "8F36FC98C7D4C6C9E23DC138B86D5C09",
  "SQLitePCLRaw.batteries_v2.dll": "A9EBDB8992FF3C2797069F0087624E40",
  "SQLitePCLRaw.core.dll": "66BD6ED3B53A9CFE5A8117EC9AC9C0A3",
  "SQLitePCLRaw.nativelibrary.dll": "CFA9533D9F9B8FCB42FE5B1626273C26",
  "SQLitePCLRaw.provider.dynamic_cdecl.dll": "6DBC3A99B1E8503FF1B81055FBC0856E",
  "StbiSharp.dll": "B818C89DBD50DDD14856153D97744F7C",
  "System.Reactive.dll": "EF5A00287AD15393D41B12AA4B726FF7",
  "System.Reflection.MetadataLoadContext.dll": "7EC41D41F4E1246757BA3E2EC862D562",
  "System.Security.Cryptography.Pkcs.dll": "8950E01996A37E808BE3F39063C37BF9",
  "TEMP_gitver.txt": "1635AF61314C2657707EE04D9952018B",
  "TerraFX.Interop.Windows.dll": "84F7EF6B0DE91F8CC23F773D3FD6DEC0",
  "Validation.dll": "0BA63AEB75C89FBB7B8E42DDAF811A9F"
}
