{
  "runtimes\\alpine-x64\\native\\libe_sqlite3.so": "39C244FEDBCD3DFC37041D4FCE1AE21D",
  "runtimes\\linux-arm\\native\\libe_sqlite3.so": "96CF54BC0EFB83D6E3F5F3E04997A59D",
  "runtimes\\linux-arm64\\native\\libe_sqlite3.so": "F079E55E7F3F9966A4A2052A3234E068",
  "runtimes\\linux-armel\\native\\libe_sqlite3.so": "C5A67D49434FC65D64E9C15778078C76",
  "runtimes\\linux-mips64\\native\\libe_sqlite3.so": "5F8461214089CFC677D46C19B7162161",
  "runtimes\\linux-musl-x64\\native\\libe_sqlite3.so": "39C244FEDBCD3DFC37041D4FCE1AE21D",
  "runtimes\\linux-x64\\native\\libe_sqlite3.so": "6F49C540D3AB9964D67A4A704C3D262D",
  "runtimes\\linux-x64\\native\\libglfw.so.3": "9E3137144F68B9E9793F4C7AD5B1BEA7",
  "runtimes\\linux-x64\\native\\libSDL2-2.0.so": "99B95A708381FC66AB2370E45A260527",
  "runtimes\\linux-x64\\native\\libstbi.so": "0945355ED59677D06E3E88F48101BB26",
  "runtimes\\linux-x86\\native\\libe_sqlite3.so": "5E0659B414CBD6DDC38C65582485853E",
  "runtimes\\osx-x64\\native\\libe_sqlite3.dylib": "F82AE134FCD1C080A69D775591406673",
  "runtimes\\osx-x64\\native\\libglfw.3.dylib": "1E30FAB2F0C40E82290AD4B0BF14A880",
  "runtimes\\osx-x64\\native\\libSDL2-2.0.dylib": "AAC958490586C67395F0A90903AE3747",
  "runtimes\\osx-x64\\native\\libstbi.dylib": "0B84B0A6A80178266018081C3CAB68E6",
  "runtimes\\win-arm\\native\\e_sqlite3.dll": "40A070AFED7DB1B4C5CEA4EC6F29E767",
  "runtimes\\win-arm64\\native\\e_sqlite3.dll": "1CDA006440FCC123D4689BD49B88D2A0",
  "runtimes\\win-x64\\native\\cimgui.dll": "981D3092A123BD8C26195BE3674C250C",
  "runtimes\\win-x64\\native\\cimguizmo.dll": "D5463766F8D86163821CCB9CD338D25E",
  "runtimes\\win-x64\\native\\cimplot.dll": "E83684752D25722E6706BB648418C968",
  "runtimes\\win-x64\\native\\e_sqlite3.dll": "411E294645BC4EB579909C3DB67389FE",
  "runtimes\\win-x64\\native\\glfw3.dll": "36AD0430B3E762BB6DBD62FFEA574434",
  "runtimes\\win-x64\\native\\minhook.x64d.dll": "8CBEBFA2EC86875FA7FFCAB9C4F6E1F5",
  "runtimes\\win-x64\\native\\SDL2.dll": "56EB6521EFA53A83B51402BD7AA75FA5",
  "runtimes\\win-x64\\native\\stbi.dll": "141F15512C4DDBB6D744F8D270D7DB30",
  "runtimes\\win-x64\\native\\stbi.lib": "927C214DE576219E1F80DBE7798A0502",
  "runtimes\\win-x86\\native\\e_sqlite3.dll": "7AF0EAF97314F26ACF9DF03B0EFEEE1B",
  "runtimes\\win-x86\\native\\glfw3.dll": "18CF204B67B951F60581E505EB24559D",
  "runtimes\\win-x86\\native\\SDL2.dll": "8FD238B5364A5EDB4A7E3DF6B6071DE8",
  "targets\\Dalamud.Plugin.Bootstrap.targets": "C85635161398CD9852CF7212DB7EB904",
  "targets\\Dalamud.Plugin.targets": "E2AA900DB1F6596D1C203D4112A10F5E",
  "CheapLoc.dll": "0725F15F45EF5D4B6746BF52EBF26B48",
  "Costura.dll": "45FDC042F260241469A2109C03B4E788",
  "Dalamud.Boot.dll": "3B9A01E23A50260DD0706B3C97930C57",
  "Dalamud.Common.dll": "09DD2F2D43F904CFA774108BD11A2CA2",
  "Dalamud.deps.json": "A45B7CA1210BD5203A20B3BBF6F01F40",
  "Dalamud.dll": "28B1ADB74AFA72A846A1C249F1549F1C",
  "Dalamud.Injector.deps.json": "C1FA0941DC8B38E415776C60C508AAB9",
  "Dalamud.Injector.dll": "95B09142A98C6D3289A021E557A9A872",
  "Dalamud.Injector.exe": "2496C34AE1392F3293E24F2A9C784D30",
  "Dalamud.Injector.runtimeconfig.json": "B9BB65FFE7924D4D8BABE9FA66303200",
  "Dalamud.Injector.xml": "D41E5DF541D19A015215E777D7395C9C",
  "Dalamud.runtimeconfig.json": "2A9CD915428BDD175E0889BD0C225F75",
  "Dalamud.xml": "555F2F276FB8ADAF43ECF9936DFCFA8D",
  "DalamudCrashHandler.exe": "610DFDF197D1D30F9C79138631152D55",
  "FASM-LICENSE.TXT": "ECEA1D10811221D5F0A3E96F9C38E2C7",
  "FASM.DLL": "08E2F38E20A439CA8CA3DBC5E29EBC30",
  "FASMX64.DLL": "8E0C9C79D7069B61CD877AC08C3BD0C8",
  "FFXIVClientStructs.dll": "6D5086E10E85E11D93BF7295FFFFA81A",
  "FFXIVClientStructs.xml": "39D682805E3B23E9193A8220A5DF19AE",
  "goaaats.Reloaded.Assembler.targets": "CC22CB0A353E2136EE9E6E96DB9F7164",
  "Iced.dll": "406637A7418F86764A66B68E784F7DC5",
  "ImGui.NET.dll": "AC0B7037528B7B9B4BA05616D0AF539F",
  "ImGuiScene.dll": "AB37B12FD5FA89D6985B953135CA62E1",
  "JetBrains.Annotations.dll": "3D202E68145489F343FD0BF70C28D4C2",
  "licenses.txt": "A159BE62AA91178EFC3E3983AE874D1D",
  "Lumina.dll": "EACF7BF8F8E7DA8B2A1EFA990B382CCF",
  "Lumina.Excel.dll": "B5777065D54D7583700F62BC33B07B48",
  "Microsoft.Bcl.HashCode.dll": "613AB56061ADF2284E047025207467E0",
  "Microsoft.DotNet.PlatformAbstractions.dll": "00AB0F02B1114C57C758F5AD595224F1",
  "Microsoft.Extensions.DependencyModel.dll": "F39BC76C10CFEA478C936FC4521A9FC9",
  "Microsoft.Extensions.ObjectPool.dll": "4EEE3E64BE561711391BF998FFBF65D3",
  "MinSharp.dll": "7C2B3C23DEB157012B9EC8A4E2665D92",
  "Mono.Cecil.dll": "60C0C59CDEF8F7F87A4FF0717E931B3E",
  "Mono.Cecil.Mdb.dll": "F6EE84812D8E63C1EE22A7FB31FCE55D",
  "Mono.Cecil.Pdb.dll": "8C038E80B244BDDB0CB582787D3607F4",
  "Mono.Cecil.Rocks.dll": "342B7CA46CF2801938D20728BFF23A00",
  "nethost.dll": "012081214FE71F0F6ADCD9F4A71B2B00",
  "Newtonsoft.Json.dll": "86A83A63F12B55FD3718CFBFB577D7DC",
  "PeNet.Asn1.dll": "BC546FDEF2C87011BF80018A62AA3C7E",
  "PeNet.dll": "D60D06CFBF8A2BCF23AA0434E91B431B",
  "PInvoke.AdvApi32.dll": "34EE461D05B403C3A15D0DEC32A3788C",
  "PInvoke.BCrypt.dll": "FD07758EE1440491F22923084109FF26",
  "PInvoke.Cabinet.dll": "333D950E3804735DA60CC41D614C63E2",
  "PInvoke.CfgMgr32.dll": "768BE7CC18EDCF78B296A72ABE891691",
  "PInvoke.Crypt32.dll": "E7B00B0851738F4A7F2C6D37DAA973B4",
  "PInvoke.DbgHelp.dll": "E701136169620D20E3A70B560DE20E44",
  "PInvoke.DwmApi.dll": "ACF223CC8962404056648815B486F7D9",
  "PInvoke.Gdi32.dll": "69FF434826F98582CE44D3136ECFFACB",
  "PInvoke.Hid.dll": "2E7A41257F8AD9B26073181F450CD8E5",
  "PInvoke.ImageHlp.dll": "79BE816E8D86EA66489D7780DD675D49",
  "PInvoke.IPHlpApi.dll": "E949FA3326D1BA8872B179AB4EE49D38",
  "PInvoke.Kernel32.dll": "234E15B122ED430DE99490CA1A204958",
  "PInvoke.Magnification.dll": "C9EA3D34F506741ECC044DB19C151F09",
  "PInvoke.Msi.dll": "69EE50CE2DA6B55755E52589F49A7EBC",
  "PInvoke.NCrypt.dll": "DA1DE76C14D99370CA3BEF19DC299B15",
  "PInvoke.NetApi32.dll": "AE79F9FA2E3864A5E0642AE4622ECDC5",
  "PInvoke.NewDev.dll": "B3E1992105D986EF9C5C8E4B630FBB07",
  "PInvoke.NTDll.dll": "3F6BDF840EB27DD0FD9EB8071822183A",
  "PInvoke.Ole32.dll": "3C49FB100B60519FFE725BCD12A538F6",
  "PInvoke.Psapi.dll": "A7683EE4B880227F01C8AE632A892B9E",
  "PInvoke.SetupApi.dll": "1B7AE321185D0081D1759A9AD829F9BA",
  "PInvoke.SHCore.dll": "F27E7F063D51480F6D2294C903E4A606",
  "PInvoke.Shell32.dll": "F71A1BCAF6478190691170DAEA77722F",
  "PInvoke.User32.dll": "8BEDE38311ED4F27127290B81B8079FD",
  "PInvoke.Userenv.dll": "FEB7BCA90B8C905EC2F4BB0789847131",
  "PInvoke.UxTheme.dll": "8E683C016250CB719FDB9AAAFC22B3C5",
  "PInvoke.Windows.Core.dll": "90015440A44935208FFEA9BF61740651",
  "PInvoke.Windows.ShellScalingApi.dll": "F351B34B8C9183A51CADFDC279357C49",
  "PInvoke.WinUsb.dll": "9EB8A0280F2848D1A32B560A939F7336",
  "PInvoke.WtsApi32.dll": "341C94455D2E5893DBE4293D4D67AA4D",
  "Reloaded.Assembler.dll": "EFF64E2351108B1C0A57DDCA777B7E52",
  "Reloaded.Hooks.Definitions.dll": "11B262060B396B5C622793E98DC4FE2C",
  "Reloaded.Hooks.dll": "005C77CFDF68CDB573DA063450D4E0B0",
  "Reloaded.Memory.Buffers.dll": "D96747BAC139CC194D2B2E3CB65B7490",
  "Reloaded.Memory.dll": "A7E4CF40C8C03E8A267C8769E3E262D9",
  "revision.txt": "DCF9082A17123C1ADC46B4F19DC90E6C",
  "SDL2-CS.config": "65557595FD5DF55D93B2BF881DE62C3A",
  "SDL2-CS.dll": "48ADC0E5207E88AAD65417ECB5875606",
  "Serilog.dll": "9A146282BF342928F5F5E1819C6B6467",
  "Serilog.Sinks.Async.dll": "A0C978AE4A9812DA42818CCE936D6E72",
  "Serilog.Sinks.Console.dll": "6FB74F3D7FCA19CF830EFBE63295AA17",
  "Serilog.Sinks.File.dll": "2220F6740C629ED53912F12EFAF1D965",
  "SharpDX.Direct3D11.dll": "BD775BB1617853E86A946BD2C6FBBC21",
  "SharpDX.dll": "DCEADC6D7308185C72AB77A1B9E65BBE",
  "SharpDX.DXGI.dll": "D1E8F38157E206523C9FE0CF981FE938",
  "SharpDX.Mathematics.dll": "45EA55A02D677D544C24831008F466CE",
  "Silk.NET.Core.dll": "FD933A4C590308EC6BC4FD8C7ACE14AA",
  "Silk.NET.GLFW.dll": "C260D032985A32085E4118359D74A8DD",
  "Silk.NET.Maths.dll": "836E3B22F4EF9DD5E05BC3B664B09681",
  "Silk.NET.OpenGL.dll": "2ED46634D0FEFF8269A9100E4F752873",
  "Silk.NET.SDL.dll": "2A93E4A05A319BDAF1CAA014B718C8AD",
  "Silk.NET.Windowing.Common.dll": "72FDD9A326477FCB5FC2C3905BA349C1",
  "Silk.NET.Windowing.Glfw.dll": "34A1DAEA6E0DCDD1C0DDAF7F34A74FC7",
  "Silk.NET.Windowing.Sdl.dll": "21CFF33862FA1064896FB52A743B3F85",
  "SQLite-net.dll": "01FC0772CE2468DB442398BD8F772B0E",
  "SQLitePCLRaw.batteries_v2.dll": "B472086B05FDB73FBC54003F0B6FC3A0",
  "SQLitePCLRaw.core.dll": "CD582D99C3CB42ACBEC2B3DE3F45F4B8",
  "SQLitePCLRaw.nativelibrary.dll": "1D7C118836AA1ED73B1E174FA7230B8A",
  "SQLitePCLRaw.provider.dynamic_cdecl.dll": "AB9EE9E1E72D3B9F6567B19343D2B681",
  "StbiSharp.dll": "2BE72CE041CE3C66F5B42E4AB7BCA700",
  "System.Reactive.dll": "EF5A00287AD15393D41B12AA4B726FF7",
  "System.Reflection.MetadataLoadContext.dll": "7EC41D41F4E1246757BA3E2EC862D562",
  "System.Security.Cryptography.Pkcs.dll": "8950E01996A37E808BE3F39063C37BF9",
  "TEMP_gitver.txt": "66139BA994A1CF9A5795E5B7CC14CE39",
  "TerraFX.Interop.Windows.dll": "84F7EF6B0DE91F8CC23F773D3FD6DEC0",
  "Validation.dll": "1818273D4F40C17BF53594492D64707D"
}
