{
  "runtimes\\alpine-x64\\native\\libe_sqlite3.so": "39C244FEDBCD3DFC37041D4FCE1AE21D",
  "runtimes\\linux-arm\\native\\libe_sqlite3.so": "96CF54BC0EFB83D6E3F5F3E04997A59D",
  "runtimes\\linux-arm64\\native\\libe_sqlite3.so": "F079E55E7F3F9966A4A2052A3234E068",
  "runtimes\\linux-armel\\native\\libe_sqlite3.so": "C5A67D49434FC65D64E9C15778078C76",
  "runtimes\\linux-mips64\\native\\libe_sqlite3.so": "5F8461214089CFC677D46C19B7162161",
  "runtimes\\linux-musl-x64\\native\\libe_sqlite3.so": "39C244FEDBCD3DFC37041D4FCE1AE21D",
  "runtimes\\linux-x64\\native\\libe_sqlite3.so": "6F49C540D3AB9964D67A4A704C3D262D",
  "runtimes\\linux-x64\\native\\libglfw.so.3": "9E3137144F68B9E9793F4C7AD5B1BEA7",
  "runtimes\\linux-x64\\native\\libSDL2-2.0.so": "99B95A708381FC66AB2370E45A260527",
  "runtimes\\linux-x64\\native\\libstbi.so": "0945355ED59677D06E3E88F48101BB26",
  "runtimes\\linux-x86\\native\\libe_sqlite3.so": "5E0659B414CBD6DDC38C65582485853E",
  "runtimes\\osx-x64\\native\\libe_sqlite3.dylib": "F82AE134FCD1C080A69D775591406673",
  "runtimes\\osx-x64\\native\\libglfw.3.dylib": "1E30FAB2F0C40E82290AD4B0BF14A880",
  "runtimes\\osx-x64\\native\\libSDL2-2.0.dylib": "AAC958490586C67395F0A90903AE3747",
  "runtimes\\osx-x64\\native\\libstbi.dylib": "0B84B0A6A80178266018081C3CAB68E6",
  "runtimes\\win-arm\\native\\e_sqlite3.dll": "BA24231597417FB5A6300544E8D79776",
  "runtimes\\win-arm64\\native\\e_sqlite3.dll": "99CAFF4B54033942BCE50D2123A9678C",
  "runtimes\\win-x64\\native\\e_sqlite3.dll": "19ED857954B08084E00FC27065E0EA2E",
  "runtimes\\win-x64\\native\\glfw3.dll": "5018C1B83C46F34050EB8B2B6C319AEA",
  "runtimes\\win-x64\\native\\minhook.x64d.dll": "06716D2B402375A378A78ED44B9774EA",
  "runtimes\\win-x64\\native\\SDL2.dll": "7E545692EE82760E3CA436958DFEE9EF",
  "runtimes\\win-x64\\native\\stbi.dll": "BBDC350D60E8B9EB4D40B592F0363658",
  "runtimes\\win-x64\\native\\stbi.lib": "927C214DE576219E1F80DBE7798A0502",
  "runtimes\\win-x86\\native\\e_sqlite3.dll": "83CADB0F07BDEFAB95D7D734069A4825",
  "runtimes\\win-x86\\native\\glfw3.dll": "CF704C310BC2C9F32445BE2972B14197",
  "runtimes\\win-x86\\native\\SDL2.dll": "8F2100B4646DE1A45FA3B020E5352DF5",
  "targets\\Dalamud.Plugin.Bootstrap.targets": "C85635161398CD9852CF7212DB7EB904",
  "targets\\Dalamud.Plugin.targets": "394EE2BEC70254F76ABBE2C33F62BBFA",
  "BitFaster.Caching.dll": "19E89206EF352A58FA9F589AB7E684FC",
  "CheapLoc.dll": "F5DE0D2AD6A227D7DB8C1F0147111233",
  "cimgui.dll": "497AAD23918E6AA46EA25D64510DB5EA",
  "cimguizmo.dll": "A4FD427BCF5DC34E1296E4208F2F8F3B",
  "cimplot.dll": "23AAD2AC41778024B9280C3BEF7284B4",
  "commit_hash.txt": "18A8956057A1C25B4431047C5D3EEACD",
  "Dalamud.Boot.dll": "09081CF746467C4A1B16713C1B8298E1",
  "Dalamud.Common.dll": "8DE14B1B29F7C8E7865E29777BADCC43",
  "Dalamud.deps.json": "D3CDFC9B369722585241CBECC807C724",
  "Dalamud.dll": "CE17C765F8105D6A69B7D9B0597ADEF1",
  "Dalamud.Injector.deps.json": "C21972522E8133995B2C9562B3E39983",
  "Dalamud.Injector.dll": "7882F592AACB2DCB005A1149EB5D96B5",
  "Dalamud.Injector.exe": "FBF73035784397112D37A6DAF1BB8B0D",
  "Dalamud.Injector.runtimeconfig.json": "439C534917CEF268A731631073E50FE4",
  "Dalamud.Injector.xml": "6730B8BB13078B71889B5A56C5DFAC6D",
  "Dalamud.runtimeconfig.json": "CA3935E9C6B9E3300F2D7171E4AF6335",
  "Dalamud.xml": "164161BA40E38ADB2ED4AA47D586A700",
  "DalamudCrashHandler.exe": "A067ED25DF7EAA2A76FD19C7E01781AD",
  "FASM-LICENSE.TXT": "ECEA1D10811221D5F0A3E96F9C38E2C7",
  "FASM.DLL": "DE568FF4014094FE2C709B9F8D2BDA91",
  "FASMX64.DLL": "587CA1AD42C847F88D99DCE82A839DDC",
  "FFXIVClientStructs.dll": "47A1480ED06A99888B69480C9E147A42",
  "FFXIVClientStructs.xml": "900C140D2D0BE78699891C818474A327",
  "goatcorp.Reloaded.Assembler.targets": "CC22CB0A353E2136EE9E6E96DB9F7164",
  "Iced.dll": "51FFEA3B86759DFD7147D93B00CBC34C",
  "ImGui.NET.dll": "5712E5DE95C8B5D67D7B79AB3B5C00E2",
  "ImGuiScene.dll": "A4830056B5E3677781A20B298C90F89E",
  "InteropGenerator.Runtime.dll": "9DEF716AFEC19D9017709A085FDBEA88",
  "JetBrains.Annotations.dll": "593095193BAE5F26E9886F854D3A800A",
  "licenses.txt": "A159BE62AA91178EFC3E3983AE874D1D",
  "Lumina.dll": "D001C2648085D21A5E5E8F7E60B15E65",
  "Lumina.Excel.dll": "632D33424AE1FA4E8E79E4F86534C4B7",
  "Microsoft.Bcl.HashCode.dll": "613AB56061ADF2284E047025207467E0",
  "Microsoft.DotNet.PlatformAbstractions.dll": "00AB0F02B1114C57C758F5AD595224F1",
  "Microsoft.Extensions.DependencyModel.dll": "F39BC76C10CFEA478C936FC4521A9FC9",
  "Microsoft.Extensions.ObjectPool.dll": "B0558CE087EAE95853E35579300F3A77",
  "MinSharp.dll": "EDF623CBC5F21C1A224DCFB854602FF4",
  "Mono.Cecil.dll": "D09AA55988C70486E178705B4DC59070",
  "Mono.Cecil.Mdb.dll": "B23D651E48123E0355588CCED467D90F",
  "Mono.Cecil.Pdb.dll": "B2BD2F18B372F1272DB8326B67571141",
  "Mono.Cecil.Rocks.dll": "607A916372660A6CD610244727248B4E",
  "nethost.dll": "21F39F71E2F4B5BA9FB3F126872F2F9B",
  "Newtonsoft.Json.dll": "ADF3E3EECDE20B7C9661E9C47106A14A",
  "PeNet.Asn1.dll": "91FE90E206627C9CA67E5B61082954B1",
  "PeNet.dll": "7BC8740712052FB65CB008685B8B7B10",
  "PInvoke.AdvApi32.dll": "34EE461D05B403C3A15D0DEC32A3788C",
  "PInvoke.BCrypt.dll": "FD07758EE1440491F22923084109FF26",
  "PInvoke.Cabinet.dll": "333D950E3804735DA60CC41D614C63E2",
  "PInvoke.CfgMgr32.dll": "768BE7CC18EDCF78B296A72ABE891691",
  "PInvoke.Crypt32.dll": "E7B00B0851738F4A7F2C6D37DAA973B4",
  "PInvoke.DbgHelp.dll": "E701136169620D20E3A70B560DE20E44",
  "PInvoke.DwmApi.dll": "ACF223CC8962404056648815B486F7D9",
  "PInvoke.Gdi32.dll": "69FF434826F98582CE44D3136ECFFACB",
  "PInvoke.Hid.dll": "2E7A41257F8AD9B26073181F450CD8E5",
  "PInvoke.ImageHlp.dll": "79BE816E8D86EA66489D7780DD675D49",
  "PInvoke.IPHlpApi.dll": "E949FA3326D1BA8872B179AB4EE49D38",
  "PInvoke.Kernel32.dll": "234E15B122ED430DE99490CA1A204958",
  "PInvoke.Magnification.dll": "C9EA3D34F506741ECC044DB19C151F09",
  "PInvoke.Msi.dll": "69EE50CE2DA6B55755E52589F49A7EBC",
  "PInvoke.NCrypt.dll": "DA1DE76C14D99370CA3BEF19DC299B15",
  "PInvoke.NetApi32.dll": "AE79F9FA2E3864A5E0642AE4622ECDC5",
  "PInvoke.NewDev.dll": "B3E1992105D986EF9C5C8E4B630FBB07",
  "PInvoke.NTDll.dll": "3F6BDF840EB27DD0FD9EB8071822183A",
  "PInvoke.Ole32.dll": "3C49FB100B60519FFE725BCD12A538F6",
  "PInvoke.Psapi.dll": "A7683EE4B880227F01C8AE632A892B9E",
  "PInvoke.SetupApi.dll": "1B7AE321185D0081D1759A9AD829F9BA",
  "PInvoke.SHCore.dll": "F27E7F063D51480F6D2294C903E4A606",
  "PInvoke.Shell32.dll": "F71A1BCAF6478190691170DAEA77722F",
  "PInvoke.User32.dll": "8BEDE38311ED4F27127290B81B8079FD",
  "PInvoke.Userenv.dll": "FEB7BCA90B8C905EC2F4BB0789847131",
  "PInvoke.UxTheme.dll": "8E683C016250CB719FDB9AAAFC22B3C5",
  "PInvoke.Windows.Core.dll": "90015440A44935208FFEA9BF61740651",
  "PInvoke.Windows.ShellScalingApi.dll": "F351B34B8C9183A51CADFDC279357C49",
  "PInvoke.WinUsb.dll": "9EB8A0280F2848D1A32B560A939F7336",
  "PInvoke.WtsApi32.dll": "341C94455D2E5893DBE4293D4D67AA4D",
  "Reloaded.Assembler.dll": "FD0504A57A6F3BDA9108C59C88AD634A",
  "Reloaded.Hooks.Definitions.dll": "76576DBA2409A190BECA39F37049E09F",
  "Reloaded.Hooks.dll": "E365F811BD36FB8D58F17369BC52EAFC",
  "Reloaded.Memory.Buffers.dll": "A99AC46EFF4A69FBF235CA559457BD51",
  "Reloaded.Memory.dll": "2623B597F819D60F27FF4F169D03EC3A",
  "revision.txt": "167CCBE15CC1664C9A63C20AC4C6A55A",
  "SDL2-CS.config": "65557595FD5DF55D93B2BF881DE62C3A",
  "SDL2-CS.dll": "803BE66102EAD7D20C5D0EC7761B76ED",
  "Serilog.dll": "D7A03EC2526F0625AD99C64DAA7CD5DD",
  "Serilog.Sinks.Async.dll": "447682E653927BF47D7A78EA5C6FEA3A",
  "Serilog.Sinks.Console.dll": "17A0E9CDE37548240E73C2EBE77A4D22",
  "Serilog.Sinks.File.dll": "C834FE08E94FF0B180B34BF21BC482D9",
  "SharpDX.Direct3D11.dll": "694F346FF0CCA1A6AEB5540120B6F819",
  "SharpDX.dll": "8CDD09AE1768A2FEDE7BBD05B6D210D2",
  "SharpDX.DXGI.dll": "36CF0FE3824B667B335C759B22804029",
  "SharpDX.Mathematics.dll": "8A7DF7D11676C215C26F34F04B88A039",
  "Silk.NET.Core.dll": "38535688168C4AC7C8368034628D59DE",
  "Silk.NET.GLFW.dll": "8199559066B952536EF8DE3175C6F8A1",
  "Silk.NET.Maths.dll": "507D5AF9565706F4166F75FD703B8299",
  "Silk.NET.OpenGL.dll": "BC2738355CA4BDC7364CD180ECF6D5AE",
  "Silk.NET.SDL.dll": "5F95134A6F352BC047AEE6893B051AB9",
  "Silk.NET.Windowing.Common.dll": "229321FF60B827468F26AE1FC0F8C337",
  "Silk.NET.Windowing.Glfw.dll": "25B852B41C087CD41B0C174EE9512B41",
  "Silk.NET.Windowing.Sdl.dll": "DED01BA3407148CC214EC382816F1E02",
  "SQLite-net.dll": "F388066BE9775CA6BEE399C881F2154E",
  "SQLitePCLRaw.batteries_v2.dll": "64D77149442B5D71B30052BE5C835B26",
  "SQLitePCLRaw.core.dll": "817DBA7835BF2F9D396FC20FF76BA588",
  "SQLitePCLRaw.nativelibrary.dll": "0422B21F866ECC5C2E22B481214FF8C5",
  "SQLitePCLRaw.provider.dynamic_cdecl.dll": "65D001C5871EDB02F46BD5E406697BCC",
  "StbiSharp.dll": "1DF1326FCEB48872D5E93C663A5DF6E5",
  "System.Reactive.dll": "EF5A00287AD15393D41B12AA4B726FF7",
  "System.Reflection.MetadataLoadContext.dll": "E88E3AF6D37736F339022C9ACC5F2F7B",
  "System.Security.Cryptography.Pkcs.dll": "8950E01996A37E808BE3F39063C37BF9",
  "TEMP_gitver.txt": "D133BE1E7379BB4B653E60DF7896D981",
  "TerraFX.Interop.Windows.dll": "84F7EF6B0DE91F8CC23F773D3FD6DEC0",
  "Validation.dll": "F9A53BF70D25210AEFDD1008D8B664A5"
}
