{
  "runtimes\\alpine-x64\\native\\libe_sqlite3.so": "39C244FEDBCD3DFC37041D4FCE1AE21D",
  "runtimes\\linux-arm\\native\\libe_sqlite3.so": "96CF54BC0EFB83D6E3F5F3E04997A59D",
  "runtimes\\linux-arm64\\native\\libe_sqlite3.so": "F079E55E7F3F9966A4A2052A3234E068",
  "runtimes\\linux-armel\\native\\libe_sqlite3.so": "C5A67D49434FC65D64E9C15778078C76",
  "runtimes\\linux-mips64\\native\\libe_sqlite3.so": "5F8461214089CFC677D46C19B7162161",
  "runtimes\\linux-musl-x64\\native\\libe_sqlite3.so": "39C244FEDBCD3DFC37041D4FCE1AE21D",
  "runtimes\\linux-x64\\native\\libe_sqlite3.so": "6F49C540D3AB9964D67A4A704C3D262D",
  "runtimes\\linux-x86\\native\\libe_sqlite3.so": "5E0659B414CBD6DDC38C65582485853E",
  "runtimes\\osx-x64\\native\\libe_sqlite3.dylib": "F82AE134FCD1C080A69D775591406673",
  "runtimes\\win-arm\\native\\e_sqlite3.dll": "28B217DD22748B37514FC28BB7296413",
  "runtimes\\win-arm64\\native\\e_sqlite3.dll": "253A4B368731E4DB8B15CEA9C480FE19",
  "runtimes\\win-x64\\native\\e_sqlite3.dll": "D8A2D90B23BA913D759187444DE6F8C8",
  "runtimes\\win-x64\\native\\minhook.x64d.dll": "D84B03FF94817A8F42D28AD2330AE058",
  "runtimes\\win-x86\\native\\e_sqlite3.dll": "7370FE6E7340990FEEC80D18D07EC93D",
  "targets\\Dalamud.Plugin.Bootstrap.targets": "C85635161398CD9852CF7212DB7EB904",
  "targets\\Dalamud.Plugin.targets": "394EE2BEC70254F76ABBE2C33F62BBFA",
  "BCnEncoder.dll": "5C0B7CFBFAB1E02828DCFB379F2940F7",
  "BitFaster.Caching.dll": "D4492454D42EE4122C569D704F362EC6",
  "CheapLoc.dll": "80B402E8EFDD5F30EBD409BD8E849423",
  "cimgui.dll": "F35CADE73D0BF0118D5A4E7D1132FA36",
  "cimguizmo.dll": "A08DA114FCD0224C82CA6FBE72662CF7",
  "cimplot.dll": "52E7E41DB7E89F2569B71A831070778C",
  "commit_hash.txt": "1F927BF56AC68A285E25D334BA75E4AD",
  "CommunityToolkit.HighPerformance.dll": "66B64EC334625F2C5D341A45E28EEB43",
  "Dalamud.Bindings.ImGui.dll": "2098FCFB9C7E5E0F81F4D595EE945082",
  "Dalamud.Bindings.ImGuizmo.dll": "3C74D2DD306E2C9D2FE24EC8B5241D64",
  "Dalamud.Bindings.ImPlot.dll": "547737E8CB28B9E9D879680254AC70ED",
  "Dalamud.Boot.dll": "2BA5B437B34D2BA891A817A870AB3321",
  "Dalamud.Common.dll": "E0570F594499D87699D32391E358C26F",
  "Dalamud.deps.json": "DFAE978C738D0F3037C3FF5E7B1F38F6",
  "Dalamud.dll": "7CD95067B721229FF06948D53B28D3B0",
  "Dalamud.Injector.deps.json": "AE17A723819E88058C70AA4BDA14CA37",
  "Dalamud.Injector.dll": "468F33CB58198C2E45224132ECEBE1A5",
  "Dalamud.Injector.exe": "D450D33CE278DFA5FDF55DBF6147015C",
  "Dalamud.Injector.runtimeconfig.json": "439C534917CEF268A731631073E50FE4",
  "Dalamud.Injector.xml": "07EC7B68C97460A1C8275C75BE82FAA9",
  "Dalamud.runtimeconfig.json": "CA3935E9C6B9E3300F2D7171E4AF6335",
  "Dalamud.xml": "9904C7C5CE1F773338B72086ECCCE91F",
  "DalamudCrashHandler.exe": "97EEA97C4D7BDDBAAE5805685ACEA5D2",
  "FASM-LICENSE.TXT": "ECEA1D10811221D5F0A3E96F9C38E2C7",
  "FASM.DLL": "11DC8C6EC845515B5860D6D72220F5AB",
  "FASMX64.DLL": "55450AEF2CBD4AB6344510F02302E78C",
  "FFXIVClientStructs.dll": "43C8447C00E18DFD15105716635E0F0B",
  "FFXIVClientStructs.xml": "F1EC2874259BDBEE02E2D0E9EEBEC047",
  "goatcorp.Reloaded.Assembler.dll": "756A620C872186DD993B85A3EC7004C8",
  "goatcorp.Reloaded.Assembler.targets": "CC22CB0A353E2136EE9E6E96DB9F7164",
  "goatcorp.Reloaded.Hooks.dll": "6A72FB54996DA1C65006F8575D423C1D",
  "goatcorp.Reloaded.Memory.Buffers.dll": "117F7CE2E176B4D8B09D5D87B29C3205",
  "HexaGen.Runtime.dll": "1BC58132E824726F0216E9F760F54AF5",
  "Iced.dll": "DE5A7755DBB26F3D914C130369A1AE55",
  "ImGuiScene.dll": "E3B9E5D21604035276ED97CF4B2911F5",
  "InteropGenerator.Runtime.dll": "19152DB0EF71E6BF6799991CDFA095BB",
  "JetBrains.Annotations.dll": "66A73B671E741EDCAC6D281DC078DF77",
  "licenses.txt": "A159BE62AA91178EFC3E3983AE874D1D",
  "Lumina.dll": "72AF327F16CAB9ADD351627DE4F418A0",
  "Lumina.Excel.dll": "86EB43B6C8A1F5651BB5F9511B722A22",
  "Lumina.Excel.xml": "3D3B7AD224A8A04B92B2B311FB8DA535",
  "Microsoft.Extensions.ObjectPool.dll": "5510583E2B50BE953814615586673C33",
  "MinSharp.dll": "D04ABC8DF74630934B597DFFA953C227",
  "Mono.Cecil.dll": "13511CB351351A32A932489F48ED31AB",
  "Mono.Cecil.Mdb.dll": "1AE9EEDA23AD0AE64D3CB77D69C13F25",
  "Mono.Cecil.Pdb.dll": "29079E8C39084357B06B1801654EF13E",
  "Mono.Cecil.Rocks.dll": "DBC700866F527E8C6E0CE022DAC03282",
  "nethost.dll": "21F39F71E2F4B5BA9FB3F126872F2F9B",
  "Newtonsoft.Json.dll": "ADF3E3EECDE20B7C9661E9C47106A14A",
  "PeNet.Asn1.dll": "C2E8CD18F7850448179FD8D94EB001E9",
  "PeNet.dll": "2F3F311F334FD0DF0DC0465F01E93A92",
  "Reloaded.Hooks.Definitions.dll": "C9C6124E75D341D1978DF0B4DF42B5C6",
  "Reloaded.Memory.Buffers.dll": "0F1801B20ACC411E3F3F3428C7A1C776",
  "Reloaded.Memory.dll": "CFFF09160448C0E8F872084008486C68",
  "revision.txt": "B5D3AD899F70013367F24E0B1FA75944",
  "Serilog.dll": "8582409F515FB58055B13B02D9E654A4",
  "Serilog.Sinks.Async.dll": "4D4EC4689ECC328D8F8A17B446D41D73",
  "Serilog.Sinks.Console.dll": "AA5AC558CBEED02287F3D671F1DD2DBC",
  "Serilog.Sinks.File.dll": "EA64466C782EA30004CF5EC45D190271",
  "SharpDX.Direct3D11.dll": "B469D363D08D280819A2C2FC816CAE04",
  "SharpDX.dll": "0270CCAE272C986DB4FC5612D6BEB405",
  "SharpDX.DXGI.dll": "9D43A2FEEE8E6AC24DE468A1D1DAD4A5",
  "SharpDX.Mathematics.dll": "F235A833AF7605CF397C46D210F19EE5",
  "SQLite-net.dll": "841C81286601E8CF414E40FD7E285894",
  "SQLitePCLRaw.batteries_v2.dll": "C22530F5B0D857852F36057FC2875DEE",
  "SQLitePCLRaw.core.dll": "87B165727BA0725FA5CBFBC37033D31A",
  "SQLitePCLRaw.nativelibrary.dll": "705C6F5B106DEFFBA5A0621176A2C362",
  "SQLitePCLRaw.provider.dynamic_cdecl.dll": "7C504330C6FD99DD85948314C748981D",
  "System.Reactive.dll": "EF5A00287AD15393D41B12AA4B726FF7",
  "System.Reflection.MetadataLoadContext.dll": "E88E3AF6D37736F339022C9ACC5F2F7B",
  "System.Security.Cryptography.Pkcs.dll": "8950E01996A37E808BE3F39063C37BF9",
  "TEMP_gitver.txt": "061DC7F17E98092E261F5BCF16436F89",
  "TerraFX.Interop.Windows.dll": "84F7EF6B0DE91F8CC23F773D3FD6DEC0"
}
