{
  "runtimes\\alpine-x64\\native\\libe_sqlite3.so": "39C244FEDBCD3DFC37041D4FCE1AE21D",
  "runtimes\\linux-arm\\native\\libe_sqlite3.so": "96CF54BC0EFB83D6E3F5F3E04997A59D",
  "runtimes\\linux-arm64\\native\\libe_sqlite3.so": "F079E55E7F3F9966A4A2052A3234E068",
  "runtimes\\linux-armel\\native\\libe_sqlite3.so": "C5A67D49434FC65D64E9C15778078C76",
  "runtimes\\linux-mips64\\native\\libe_sqlite3.so": "5F8461214089CFC677D46C19B7162161",
  "runtimes\\linux-musl-x64\\native\\libe_sqlite3.so": "39C244FEDBCD3DFC37041D4FCE1AE21D",
  "runtimes\\linux-x64\\native\\libe_sqlite3.so": "6F49C540D3AB9964D67A4A704C3D262D",
  "runtimes\\linux-x86\\native\\libe_sqlite3.so": "5E0659B414CBD6DDC38C65582485853E",
  "runtimes\\osx-x64\\native\\libe_sqlite3.dylib": "F82AE134FCD1C080A69D775591406673",
  "runtimes\\win-arm\\native\\e_sqlite3.dll": "D9A9BB17941A05C687D4450791311A31",
  "runtimes\\win-arm64\\native\\e_sqlite3.dll": "0CBF9B70C835667E2E0C1858083DF00D",
  "runtimes\\win-x64\\native\\e_sqlite3.dll": "DB1BD34EBB3309EA05CDEC9D7DDDBBB8",
  "runtimes\\win-x64\\native\\minhook.x64d.dll": "155DACF355DC47896910D3A279CC7C86",
  "runtimes\\win-x86\\native\\e_sqlite3.dll": "7B31DC7BE58FEB7F498E331823C6BF0E",
  "targets\\Dalamud.Plugin.Bootstrap.targets": "C85635161398CD9852CF7212DB7EB904",
  "targets\\Dalamud.Plugin.targets": "394EE2BEC70254F76ABBE2C33F62BBFA",
  "BCnEncoder.dll": "BEC5361663AB9674A9903E130F796B61",
  "BitFaster.Caching.dll": "A75D86ED2454EEC3D2902056D30EAF1C",
  "CheapLoc.dll": "5C3BF9909EEE32BB6DEE5AB958159115",
  "cimgui.dll": "099D53C572D66EBFC5D7251601603A4B",
  "cimguizmo.dll": "B41005249D53F117A73D9BC87A34485F",
  "cimplot.dll": "E62F1BD4407137A3149CE5866ED06107",
  "commit_hash.txt": "90147D9EEFBE455AA84017547F51C290",
  "CommunityToolkit.HighPerformance.dll": "66B64EC334625F2C5D341A45E28EEB43",
  "Dalamud.Bindings.ImGui.dll": "42456FA551845F03F2857C0329873662",
  "Dalamud.Bindings.ImGuizmo.dll": "94632F9D181F018B5BB26FF996A51634",
  "Dalamud.Bindings.ImPlot.dll": "9593E53C7B450823A37E12FBEFA35FD3",
  "Dalamud.Boot.dll": "B78BC95586BC90BB5BC599469205B42C",
  "Dalamud.Common.dll": "5671B51E8EDA1063A289781DA8C7814F",
  "Dalamud.deps.json": "82E50968723501F23521DF20D801C45B",
  "Dalamud.dll": "9B50370610F528EC03F0FE652F2ACD55",
  "Dalamud.Injector.deps.json": "C21972522E8133995B2C9562B3E39983",
  "Dalamud.Injector.dll": "2C5E7D2A260EDC73DDF089B9B8B2D5C6",
  "Dalamud.Injector.exe": "1E4C9D9CD0E15EB719E7A1E8A83A345C",
  "Dalamud.Injector.runtimeconfig.json": "439C534917CEF268A731631073E50FE4",
  "Dalamud.Injector.xml": "6730B8BB13078B71889B5A56C5DFAC6D",
  "Dalamud.runtimeconfig.json": "CA3935E9C6B9E3300F2D7171E4AF6335",
  "Dalamud.xml": "45ACB099CF3EBA6E7E5A67B977C014FA",
  "DalamudCrashHandler.exe": "2A7CA671251A95F2947A9A69429DF611",
  "FASM-LICENSE.TXT": "ECEA1D10811221D5F0A3E96F9C38E2C7",
  "FASM.DLL": "2545A43CE04E9FE522CDE6C03AF44AD8",
  "FASMX64.DLL": "AFEEE36B5860AB487952044615C0608B",
  "FFXIVClientStructs.dll": "EC03E928629DF9301F64990ACC865B2F",
  "FFXIVClientStructs.xml": "96A72A79DE6D582576FF9B451E2CE4D6",
  "goatcorp.Reloaded.Assembler.targets": "CC22CB0A353E2136EE9E6E96DB9F7164",
  "HexaGen.Runtime.dll": "FCD4C031858E33D2C679E8CC3852FCE6",
  "Iced.dll": "550D874C5D055F5BC89D1D08DA109A33",
  "ImGuiScene.dll": "0931AC506E9C62A490B738D7A51EA345",
  "InteropGenerator.Runtime.dll": "DD8BFABD5F1103B814E0F9CC3B4B6250",
  "JetBrains.Annotations.dll": "89B0277B587FC86238B9CC34495E6EAC",
  "licenses.txt": "A159BE62AA91178EFC3E3983AE874D1D",
  "Lumina.dll": "B7DA6E0540770C779BD10811B1562BDD",
  "Lumina.Excel.dll": "40F0C9B7814FE21BCB30C83A7F48F3F0",
  "Lumina.Excel.xml": "0089FDC0BA0B16ED0696413305959999",
  "Microsoft.Extensions.ObjectPool.dll": "5510583E2B50BE953814615586673C33",
  "MinSharp.dll": "378ACF51B4F3140E9930FC3C25ACC246",
  "Mono.Cecil.dll": "8B2371BE72ABAD849EB7ADCC46329149",
  "Mono.Cecil.Mdb.dll": "B518F402F820A38FB72D479DF59D16D9",
  "Mono.Cecil.Pdb.dll": "CCD4A51C0345FA307FA772FE89DA2AE9",
  "Mono.Cecil.Rocks.dll": "B20E6B2F881C0D73C9CF964A2E0DFA6C",
  "nethost.dll": "21F39F71E2F4B5BA9FB3F126872F2F9B",
  "Newtonsoft.Json.dll": "ADF3E3EECDE20B7C9661E9C47106A14A",
  "PeNet.Asn1.dll": "C50B31E6E7ABEB2CFD4ED8204B4D9736",
  "PeNet.dll": "66E7F5C5E3D9BF9764A7E5BB16B074D0",
  "Reloaded.Assembler.dll": "919CD9FE993CBB9D6CCE7B2561BB5876",
  "Reloaded.Hooks.Definitions.dll": "9375941A6FBABF1F0BA81BCB08A90EE4",
  "Reloaded.Hooks.dll": "922D6F9374CA9844F90CD79B25405224",
  "Reloaded.Memory.Buffers.dll": "60EC8E8D71426B8EA1ECE60C59131881",
  "Reloaded.Memory.dll": "3884A5AEB511BF753CD387156BFF3308",
  "revision.txt": "73983C01982794632E0270CD0006D407",
  "Serilog.dll": "7EC6391F3629E8685EB112695F101126",
  "Serilog.Sinks.Async.dll": "628766F5001BCA566DDE740FC62D9AD5",
  "Serilog.Sinks.Console.dll": "627E3993570151A752E507745D085169",
  "Serilog.Sinks.File.dll": "609719B52B990694C1F2CE36B473963E",
  "SharpDX.Direct3D11.dll": "981205AD61489B8258CC7F0908A475A3",
  "SharpDX.dll": "8262EFE17C49CB347C3DF62D88219EDF",
  "SharpDX.DXGI.dll": "6AAF903B6ADBE48CA2DBBF0C3E2BE6EB",
  "SharpDX.Mathematics.dll": "E2CFCC78FE50A099D1D089D186ABE943",
  "SQLite-net.dll": "BAC83AEC33D67C494F46BA7E036D7768",
  "SQLitePCLRaw.batteries_v2.dll": "C8C91D87D53933A99F86B551C458967D",
  "SQLitePCLRaw.core.dll": "EFADA6CE950FC6042C5B8800C83383AB",
  "SQLitePCLRaw.nativelibrary.dll": "420CE041487876426D31C789F866D2D2",
  "SQLitePCLRaw.provider.dynamic_cdecl.dll": "6D7A3736415C5794DBB154EA8DBB0B5D",
  "System.Reactive.dll": "EF5A00287AD15393D41B12AA4B726FF7",
  "System.Reflection.MetadataLoadContext.dll": "E88E3AF6D37736F339022C9ACC5F2F7B",
  "System.Security.Cryptography.Pkcs.dll": "8950E01996A37E808BE3F39063C37BF9",
  "TEMP_gitver.txt": "5093B67D51A7B1CE736A9712120692C0",
  "TerraFX.Interop.Windows.dll": "84F7EF6B0DE91F8CC23F773D3FD6DEC0"
}
