{
  "runtimes\\alpine-x64\\native\\libe_sqlite3.so": "39C244FEDBCD3DFC37041D4FCE1AE21D",
  "runtimes\\linux-arm\\native\\libe_sqlite3.so": "96CF54BC0EFB83D6E3F5F3E04997A59D",
  "runtimes\\linux-arm64\\native\\libe_sqlite3.so": "F079E55E7F3F9966A4A2052A3234E068",
  "runtimes\\linux-armel\\native\\libe_sqlite3.so": "C5A67D49434FC65D64E9C15778078C76",
  "runtimes\\linux-mips64\\native\\libe_sqlite3.so": "5F8461214089CFC677D46C19B7162161",
  "runtimes\\linux-musl-x64\\native\\libe_sqlite3.so": "39C244FEDBCD3DFC37041D4FCE1AE21D",
  "runtimes\\linux-x64\\native\\libe_sqlite3.so": "6F49C540D3AB9964D67A4A704C3D262D",
  "runtimes\\linux-x64\\native\\libglfw.so.3": "9E3137144F68B9E9793F4C7AD5B1BEA7",
  "runtimes\\linux-x64\\native\\libSDL2-2.0.so": "99B95A708381FC66AB2370E45A260527",
  "runtimes\\linux-x64\\native\\libstbi.so": "0945355ED59677D06E3E88F48101BB26",
  "runtimes\\linux-x86\\native\\libe_sqlite3.so": "5E0659B414CBD6DDC38C65582485853E",
  "runtimes\\osx-x64\\native\\libe_sqlite3.dylib": "F82AE134FCD1C080A69D775591406673",
  "runtimes\\osx-x64\\native\\libglfw.3.dylib": "1E30FAB2F0C40E82290AD4B0BF14A880",
  "runtimes\\osx-x64\\native\\libSDL2-2.0.dylib": "AAC958490586C67395F0A90903AE3747",
  "runtimes\\osx-x64\\native\\libstbi.dylib": "0B84B0A6A80178266018081C3CAB68E6",
  "runtimes\\win-arm\\native\\e_sqlite3.dll": "01CA345F7A847DE53F619BEF6D11C111",
  "runtimes\\win-arm64\\native\\e_sqlite3.dll": "830ADA63FE554DFFD89CC2379EE7E764",
  "runtimes\\win-x64\\native\\cimgui.dll": "8A60AE05C707A3EEEB3F523DCCA24C5D",
  "runtimes\\win-x64\\native\\cimguizmo.dll": "EB4953F639FD56A55F9C573D4727BAB5",
  "runtimes\\win-x64\\native\\cimplot.dll": "74B75117D54AD01F99ABBCA651096592",
  "runtimes\\win-x64\\native\\e_sqlite3.dll": "26D00E8D89AAC98B436B6DCF63525430",
  "runtimes\\win-x64\\native\\glfw3.dll": "52A6E82EEEB73DF448828CCBC14E937A",
  "runtimes\\win-x64\\native\\minhook.x64d.dll": "13EADB0A0E1DECF711F7DE5B0724C4F8",
  "runtimes\\win-x64\\native\\SDL2.dll": "E13354F212A53CD818DDCF1AA3053DE4",
  "runtimes\\win-x64\\native\\stbi.dll": "EDD992B5EC1F9270741D194FDF8E770F",
  "runtimes\\win-x64\\native\\stbi.lib": "927C214DE576219E1F80DBE7798A0502",
  "runtimes\\win-x86\\native\\e_sqlite3.dll": "1903FE0B23C5EFDDC91AA690D1104127",
  "runtimes\\win-x86\\native\\glfw3.dll": "9B23FF8CD7C9FF21C4C385413832F4F4",
  "runtimes\\win-x86\\native\\SDL2.dll": "41AB3B715DA8B3D8655582471ED4AE8C",
  "targets\\Dalamud.Plugin.Bootstrap.targets": "C85635161398CD9852CF7212DB7EB904",
  "targets\\Dalamud.Plugin.targets": "E2AA900DB1F6596D1C203D4112A10F5E",
  "CheapLoc.dll": "52FA6D1EFA9634471C552064EBC6835B",
  "Costura.dll": "FEFE15F37F44144DF9CD0FCB5566B203",
  "Dalamud.Boot.dll": "CB6E96DE9D5ECE2A8EE5B080B6F22FD9",
  "Dalamud.Common.dll": "012F10088ABAF5884A8BCA9495CBB156",
  "Dalamud.deps.json": "FB9CE5ED119DC72AA6FCD7A13B9CB96A",
  "Dalamud.dll": "977A905DAEAAF1719AB860AF39255730",
  "Dalamud.Injector.deps.json": "C1FA0941DC8B38E415776C60C508AAB9",
  "Dalamud.Injector.dll": "877C5299A863CADDE36043F5CA542DB8",
  "Dalamud.Injector.exe": "A5C1860A13A5942AF2276559E9BC3258",
  "Dalamud.Injector.runtimeconfig.json": "B9BB65FFE7924D4D8BABE9FA66303200",
  "Dalamud.Injector.xml": "D41E5DF541D19A015215E777D7395C9C",
  "Dalamud.runtimeconfig.json": "2A9CD915428BDD175E0889BD0C225F75",
  "Dalamud.xml": "CEDD038EBD288873F91F9867A2F043FA",
  "DalamudCrashHandler.exe": "A6D99866432B33F2ABFF583E0E5BEADC",
  "FASM-LICENSE.TXT": "ECEA1D10811221D5F0A3E96F9C38E2C7",
  "FASM.DLL": "A4D254EBC2408416CF7063838FC08A89",
  "FASMX64.DLL": "F736418500A7505DEFE54A1EF7076178",
  "FFXIVClientStructs.dll": "D5A0EEFCCF33ED49B4800FC16EB96971",
  "FFXIVClientStructs.xml": "E19E8A3769165D4C4159D276B5CDEF57",
  "goaaats.Reloaded.Assembler.targets": "CC22CB0A353E2136EE9E6E96DB9F7164",
  "Iced.dll": "904B125A839A32D005CD3A2A97208415",
  "ImGui.NET.dll": "775BA7DD341D435AFC71704B09669163",
  "ImGuiScene.dll": "F5657BFDE8157DC948DAE87EF14F501D",
  "JetBrains.Annotations.dll": "6E67089285FE161327FFC34EE16F1932",
  "licenses.txt": "A159BE62AA91178EFC3E3983AE874D1D",
  "Lumina.dll": "50B546C4C897FAE17B4BA462AABD9913",
  "Lumina.Excel.dll": "10BB1A1CF9D8D08001CD076F0A7547C1",
  "Microsoft.Bcl.HashCode.dll": "613AB56061ADF2284E047025207467E0",
  "Microsoft.DotNet.PlatformAbstractions.dll": "00AB0F02B1114C57C758F5AD595224F1",
  "Microsoft.Extensions.DependencyModel.dll": "F39BC76C10CFEA478C936FC4521A9FC9",
  "Microsoft.Extensions.ObjectPool.dll": "FEE3CE8A84417360CC5ED787ED6F7DB1",
  "MinSharp.dll": "C4F5A7E2ACA77E58B931654773802A4B",
  "Mono.Cecil.dll": "8628E042945C8BDABA9AA6AA411CBF47",
  "Mono.Cecil.Mdb.dll": "4AC9F3D3B2ACE7145671C1361963DBE9",
  "Mono.Cecil.Pdb.dll": "2C6B0A32F8BCD0138E73C157F53D6520",
  "Mono.Cecil.Rocks.dll": "88CF999B91CAA675B9753B0C8CCC66BA",
  "nethost.dll": "012081214FE71F0F6ADCD9F4A71B2B00",
  "Newtonsoft.Json.dll": "86A83A63F12B55FD3718CFBFB577D7DC",
  "PeNet.Asn1.dll": "B9B982482FFEA1B6404241DB08A26EFE",
  "PeNet.dll": "D0780710BBAFEAF1E5E1A4AECF640CE7",
  "PInvoke.AdvApi32.dll": "34EE461D05B403C3A15D0DEC32A3788C",
  "PInvoke.BCrypt.dll": "FD07758EE1440491F22923084109FF26",
  "PInvoke.Cabinet.dll": "333D950E3804735DA60CC41D614C63E2",
  "PInvoke.CfgMgr32.dll": "768BE7CC18EDCF78B296A72ABE891691",
  "PInvoke.Crypt32.dll": "E7B00B0851738F4A7F2C6D37DAA973B4",
  "PInvoke.DbgHelp.dll": "E701136169620D20E3A70B560DE20E44",
  "PInvoke.DwmApi.dll": "ACF223CC8962404056648815B486F7D9",
  "PInvoke.Gdi32.dll": "69FF434826F98582CE44D3136ECFFACB",
  "PInvoke.Hid.dll": "2E7A41257F8AD9B26073181F450CD8E5",
  "PInvoke.ImageHlp.dll": "79BE816E8D86EA66489D7780DD675D49",
  "PInvoke.IPHlpApi.dll": "E949FA3326D1BA8872B179AB4EE49D38",
  "PInvoke.Kernel32.dll": "234E15B122ED430DE99490CA1A204958",
  "PInvoke.Magnification.dll": "C9EA3D34F506741ECC044DB19C151F09",
  "PInvoke.Msi.dll": "69EE50CE2DA6B55755E52589F49A7EBC",
  "PInvoke.NCrypt.dll": "DA1DE76C14D99370CA3BEF19DC299B15",
  "PInvoke.NetApi32.dll": "AE79F9FA2E3864A5E0642AE4622ECDC5",
  "PInvoke.NewDev.dll": "B3E1992105D986EF9C5C8E4B630FBB07",
  "PInvoke.NTDll.dll": "3F6BDF840EB27DD0FD9EB8071822183A",
  "PInvoke.Ole32.dll": "3C49FB100B60519FFE725BCD12A538F6",
  "PInvoke.Psapi.dll": "A7683EE4B880227F01C8AE632A892B9E",
  "PInvoke.SetupApi.dll": "1B7AE321185D0081D1759A9AD829F9BA",
  "PInvoke.SHCore.dll": "F27E7F063D51480F6D2294C903E4A606",
  "PInvoke.Shell32.dll": "F71A1BCAF6478190691170DAEA77722F",
  "PInvoke.User32.dll": "8BEDE38311ED4F27127290B81B8079FD",
  "PInvoke.Userenv.dll": "FEB7BCA90B8C905EC2F4BB0789847131",
  "PInvoke.UxTheme.dll": "8E683C016250CB719FDB9AAAFC22B3C5",
  "PInvoke.Windows.Core.dll": "90015440A44935208FFEA9BF61740651",
  "PInvoke.Windows.ShellScalingApi.dll": "F351B34B8C9183A51CADFDC279357C49",
  "PInvoke.WinUsb.dll": "9EB8A0280F2848D1A32B560A939F7336",
  "PInvoke.WtsApi32.dll": "341C94455D2E5893DBE4293D4D67AA4D",
  "Reloaded.Assembler.dll": "EB7AD4CBA3944ADC4F2A9F068A392B79",
  "Reloaded.Hooks.Definitions.dll": "E0C2FDA79F6A22936CD5E91BDF66903C",
  "Reloaded.Hooks.dll": "9AA025BEA8B22AE1AFC61597F32B4968",
  "Reloaded.Memory.Buffers.dll": "043064E7782E56A48585F1EFF91B4F25",
  "Reloaded.Memory.dll": "BAEC32914425FA2EA63C78DE93E3E4B5",
  "revision.txt": "4FB8A7A22A82C80F2C26FE6C1E0DCBB3",
  "SDL2-CS.config": "65557595FD5DF55D93B2BF881DE62C3A",
  "SDL2-CS.dll": "EC55A4606E60D4E73DEC410EEA0078A7",
  "Serilog.dll": "A3BBE7C7CA343A3B2B31666831B5FF23",
  "Serilog.Sinks.Async.dll": "DBF5DBBEDC330B92BE41D67500531498",
  "Serilog.Sinks.Console.dll": "410519C45A20B03471154CB1200C5AE0",
  "Serilog.Sinks.File.dll": "D985E1DEF985D58EB6B955B466CF1152",
  "SharpDX.Direct3D11.dll": "2A70C25BA976D7BD7F89CF020259202A",
  "SharpDX.dll": "5603A34D5C5A2C9105DD44D0783E2A93",
  "SharpDX.DXGI.dll": "308A9A6A9CB26DF2B8CA95C14010C244",
  "SharpDX.Mathematics.dll": "C7934D042BB2630EF43CDB55D8301C49",
  "Silk.NET.Core.dll": "0FB57AD710F58BDD706DFBB4C81332C0",
  "Silk.NET.GLFW.dll": "D52B845FA43B714C2918A9F8E3C28CF0",
  "Silk.NET.Maths.dll": "1C60B61A81FB4ACE00332E22E3BD2F25",
  "Silk.NET.OpenGL.dll": "D0B8D0C1FC8F52EFBEB9AB5B50467E12",
  "Silk.NET.SDL.dll": "20C123A2DB3E9CA856B8CB6435674966",
  "Silk.NET.Windowing.Common.dll": "C419C74917750F26EBB3111179BB02C0",
  "Silk.NET.Windowing.Glfw.dll": "A0C2E78F13590907C4F5A70D5AA11806",
  "Silk.NET.Windowing.Sdl.dll": "EF6981EE72D2621AEA38A66053ADDE15",
  "SQLite-net.dll": "D2C38112DE2B85664FB629E54C6CBA1B",
  "SQLitePCLRaw.batteries_v2.dll": "3B5D3D72835B414DA3E6A295FD1314B5",
  "SQLitePCLRaw.core.dll": "D18BDD5C245D899822A8A3E5DE635F3F",
  "SQLitePCLRaw.nativelibrary.dll": "80D0AE644B9BF5950CE9BA9AFAC9AEAE",
  "SQLitePCLRaw.provider.dynamic_cdecl.dll": "A47FE6D1C02D71BBF1A82B0FDCDEDB76",
  "StbiSharp.dll": "DBD268FD0E81B7C381FC3002EC84E244",
  "System.Reactive.dll": "EF5A00287AD15393D41B12AA4B726FF7",
  "System.Reflection.MetadataLoadContext.dll": "7EC41D41F4E1246757BA3E2EC862D562",
  "System.Security.Cryptography.Pkcs.dll": "8950E01996A37E808BE3F39063C37BF9",
  "TEMP_gitver.txt": "368DDFEDC1070C487D670FEB8C443997",
  "TerraFX.Interop.Windows.dll": "84F7EF6B0DE91F8CC23F773D3FD6DEC0",
  "Validation.dll": "C5A5A8B64D9DEBBACE00E3AFFBC349F1"
}
