{
  "runtimes\\alpine-x64\\native\\libe_sqlite3.so": "39C244FEDBCD3DFC37041D4FCE1AE21D",
  "runtimes\\linux-arm\\native\\libe_sqlite3.so": "96CF54BC0EFB83D6E3F5F3E04997A59D",
  "runtimes\\linux-arm64\\native\\libe_sqlite3.so": "F079E55E7F3F9966A4A2052A3234E068",
  "runtimes\\linux-armel\\native\\libe_sqlite3.so": "C5A67D49434FC65D64E9C15778078C76",
  "runtimes\\linux-mips64\\native\\libe_sqlite3.so": "5F8461214089CFC677D46C19B7162161",
  "runtimes\\linux-musl-x64\\native\\libe_sqlite3.so": "39C244FEDBCD3DFC37041D4FCE1AE21D",
  "runtimes\\linux-x64\\native\\libe_sqlite3.so": "6F49C540D3AB9964D67A4A704C3D262D",
  "runtimes\\linux-x64\\native\\libglfw.so.3": "9E3137144F68B9E9793F4C7AD5B1BEA7",
  "runtimes\\linux-x64\\native\\libSDL2-2.0.so": "99B95A708381FC66AB2370E45A260527",
  "runtimes\\linux-x64\\native\\libstbi.so": "0945355ED59677D06E3E88F48101BB26",
  "runtimes\\linux-x86\\native\\libe_sqlite3.so": "5E0659B414CBD6DDC38C65582485853E",
  "runtimes\\osx-x64\\native\\libe_sqlite3.dylib": "F82AE134FCD1C080A69D775591406673",
  "runtimes\\osx-x64\\native\\libglfw.3.dylib": "1E30FAB2F0C40E82290AD4B0BF14A880",
  "runtimes\\osx-x64\\native\\libSDL2-2.0.dylib": "AAC958490586C67395F0A90903AE3747",
  "runtimes\\osx-x64\\native\\libstbi.dylib": "0B84B0A6A80178266018081C3CAB68E6",
  "runtimes\\win-arm\\native\\e_sqlite3.dll": "BF2C2231ECBCB53068FFC9CB735028B0",
  "runtimes\\win-arm64\\native\\e_sqlite3.dll": "0E71400607C2602D3CC10E6AFAC7F8DD",
  "runtimes\\win-x64\\native\\cimgui.dll": "82BF0D8921E67B9129D3F9514BACD6BB",
  "runtimes\\win-x64\\native\\cimguizmo.dll": "654442CFC7341DE659F21C3AB5C92A1B",
  "runtimes\\win-x64\\native\\cimplot.dll": "339F01E1B54AFBB45AEB6134B273373E",
  "runtimes\\win-x64\\native\\e_sqlite3.dll": "575421AECCCA4D6BCC8AE91C30EA604E",
  "runtimes\\win-x64\\native\\glfw3.dll": "E2E70A588EF2C08099FC482408C9918D",
  "runtimes\\win-x64\\native\\minhook.x64d.dll": "8AA76FA556FE156242D927ED49FE5231",
  "runtimes\\win-x64\\native\\SDL2.dll": "FF473A4F1679A6273999CC09C05F913A",
  "runtimes\\win-x64\\native\\stbi.dll": "C64E9C16551E17EE7CEE19D93B8D20D3",
  "runtimes\\win-x64\\native\\stbi.lib": "927C214DE576219E1F80DBE7798A0502",
  "runtimes\\win-x86\\native\\e_sqlite3.dll": "E87DA0BBD88928991E076D8CFA53F084",
  "runtimes\\win-x86\\native\\glfw3.dll": "BAF42E835CCCDFC0536116CDE9E8A938",
  "runtimes\\win-x86\\native\\SDL2.dll": "A11EAD2670B890E92473F95DFF56504F",
  "targets\\Dalamud.Plugin.Bootstrap.targets": "C85635161398CD9852CF7212DB7EB904",
  "targets\\Dalamud.Plugin.targets": "DDD731601C06B16E10CF2F8990452A27",
  "BitFaster.Caching.dll": "3327637D4D90F28C6C264A35FFF40BFB",
  "CheapLoc.dll": "34846EC9EA0081810973707A313332B4",
  "Costura.dll": "B8CE3A354AFD7BA83D7494DBEAF6AB8F",
  "Dalamud.Boot.dll": "699F8235CAC27269F916FD0E813C6864",
  "Dalamud.Common.dll": "55993C59CEBA7449DEBA122C9EF0A9D8",
  "Dalamud.deps.json": "1FD968AAE905BCFB30AB1E56B3C17169",
  "Dalamud.dll": "6117F9D74082A996F1AE50BA0EB28FD5",
  "Dalamud.Injector.deps.json": "973E5D437761614CB8BADBA9E2C0F6EA",
  "Dalamud.Injector.dll": "B15EC2DD1A0E670FEA6689FF3DDB7D58",
  "Dalamud.Injector.exe": "38DBA4D7944361B63B8A0639D0BFEC63",
  "Dalamud.Injector.runtimeconfig.json": "B9BB65FFE7924D4D8BABE9FA66303200",
  "Dalamud.Injector.xml": "D41E5DF541D19A015215E777D7395C9C",
  "Dalamud.runtimeconfig.json": "2A9CD915428BDD175E0889BD0C225F75",
  "Dalamud.xml": "C98629C45F34510EDCA7E346211DDE0F",
  "DalamudCrashHandler.exe": "B8BF9902B4F5E5BFC29BB9B69B79C5EE",
  "FASM-LICENSE.TXT": "ECEA1D10811221D5F0A3E96F9C38E2C7",
  "FASM.DLL": "5922F218151B66894AF275B4E85C0F4B",
  "FASMX64.DLL": "34CCEE3CA69C46C05A24E9B2AE94C526",
  "FFXIVClientStructs.dll": "946A69505D72DE09FC3C80D1FE54E629",
  "FFXIVClientStructs.xml": "6D1ECAD0E200598A1ED5496799FAD0C7",
  "goaaats.Reloaded.Assembler.targets": "CC22CB0A353E2136EE9E6E96DB9F7164",
  "Iced.dll": "B871F2B5E06E1BFF2F8FD8E3BCB5105C",
  "ImGui.NET.dll": "15F33CA9AC80B13EDFFD311088D3CEA0",
  "ImGuiScene.dll": "3E20479D7C936B79CB3C1D043288F5B5",
  "InteropGenerator.Runtime.dll": "5E99381A3C10F68BF0608B5CD5361B01",
  "JetBrains.Annotations.dll": "36D0E57AF0873C22F5DAFCC34D6C5139",
  "licenses.txt": "A159BE62AA91178EFC3E3983AE874D1D",
  "Lumina.dll": "9D83D0B5622D145C22EB8171E185C035",
  "Lumina.Excel.dll": "FE4BBAA6B411EDCDC04A6A21630E14D4",
  "Microsoft.Bcl.HashCode.dll": "613AB56061ADF2284E047025207467E0",
  "Microsoft.DotNet.PlatformAbstractions.dll": "00AB0F02B1114C57C758F5AD595224F1",
  "Microsoft.Extensions.DependencyModel.dll": "F39BC76C10CFEA478C936FC4521A9FC9",
  "Microsoft.Extensions.ObjectPool.dll": "FEE3CE8A84417360CC5ED787ED6F7DB1",
  "MinSharp.dll": "1D4C68C7C2778E2CEA52131B648EA516",
  "Mono.Cecil.dll": "517FA6A25A096AA33BBED23ACCFAE2DF",
  "Mono.Cecil.Mdb.dll": "C898FF8D067D1CBF72F741990EA8B08F",
  "Mono.Cecil.Pdb.dll": "49BB9796E719ABD367B456FB2A31B757",
  "Mono.Cecil.Rocks.dll": "0746FAD34EDBC35AB3042232A6333792",
  "nethost.dll": "21F39F71E2F4B5BA9FB3F126872F2F9B",
  "Newtonsoft.Json.dll": "ADF3E3EECDE20B7C9661E9C47106A14A",
  "PeNet.Asn1.dll": "B429ECE2D93726CCBDB4FD750C429827",
  "PeNet.dll": "97380F40A3710D58362B4B786BC1E87B",
  "PInvoke.AdvApi32.dll": "34EE461D05B403C3A15D0DEC32A3788C",
  "PInvoke.BCrypt.dll": "FD07758EE1440491F22923084109FF26",
  "PInvoke.Cabinet.dll": "333D950E3804735DA60CC41D614C63E2",
  "PInvoke.CfgMgr32.dll": "768BE7CC18EDCF78B296A72ABE891691",
  "PInvoke.Crypt32.dll": "E7B00B0851738F4A7F2C6D37DAA973B4",
  "PInvoke.DbgHelp.dll": "E701136169620D20E3A70B560DE20E44",
  "PInvoke.DwmApi.dll": "ACF223CC8962404056648815B486F7D9",
  "PInvoke.Gdi32.dll": "69FF434826F98582CE44D3136ECFFACB",
  "PInvoke.Hid.dll": "2E7A41257F8AD9B26073181F450CD8E5",
  "PInvoke.ImageHlp.dll": "79BE816E8D86EA66489D7780DD675D49",
  "PInvoke.IPHlpApi.dll": "E949FA3326D1BA8872B179AB4EE49D38",
  "PInvoke.Kernel32.dll": "234E15B122ED430DE99490CA1A204958",
  "PInvoke.Magnification.dll": "C9EA3D34F506741ECC044DB19C151F09",
  "PInvoke.Msi.dll": "69EE50CE2DA6B55755E52589F49A7EBC",
  "PInvoke.NCrypt.dll": "DA1DE76C14D99370CA3BEF19DC299B15",
  "PInvoke.NetApi32.dll": "AE79F9FA2E3864A5E0642AE4622ECDC5",
  "PInvoke.NewDev.dll": "B3E1992105D986EF9C5C8E4B630FBB07",
  "PInvoke.NTDll.dll": "3F6BDF840EB27DD0FD9EB8071822183A",
  "PInvoke.Ole32.dll": "3C49FB100B60519FFE725BCD12A538F6",
  "PInvoke.Psapi.dll": "A7683EE4B880227F01C8AE632A892B9E",
  "PInvoke.SetupApi.dll": "1B7AE321185D0081D1759A9AD829F9BA",
  "PInvoke.SHCore.dll": "F27E7F063D51480F6D2294C903E4A606",
  "PInvoke.Shell32.dll": "F71A1BCAF6478190691170DAEA77722F",
  "PInvoke.User32.dll": "8BEDE38311ED4F27127290B81B8079FD",
  "PInvoke.Userenv.dll": "FEB7BCA90B8C905EC2F4BB0789847131",
  "PInvoke.UxTheme.dll": "8E683C016250CB719FDB9AAAFC22B3C5",
  "PInvoke.Windows.Core.dll": "90015440A44935208FFEA9BF61740651",
  "PInvoke.Windows.ShellScalingApi.dll": "F351B34B8C9183A51CADFDC279357C49",
  "PInvoke.WinUsb.dll": "9EB8A0280F2848D1A32B560A939F7336",
  "PInvoke.WtsApi32.dll": "341C94455D2E5893DBE4293D4D67AA4D",
  "Reloaded.Assembler.dll": "CA305890011DDF7C59F8962F62C705AC",
  "Reloaded.Hooks.Definitions.dll": "2EDC61D57880E9D81A7BD0E34E0753B5",
  "Reloaded.Hooks.dll": "F1A4789F3767ED6ABA4E3BB87A04E0CE",
  "Reloaded.Memory.Buffers.dll": "3B0150EBE9C8406AE3C5A2415B3D2076",
  "Reloaded.Memory.dll": "FC843F8904926CF5B9DF36965E87191C",
  "revision.txt": "080ACDCCE72C06873A773C4311C2E464",
  "SDL2-CS.config": "65557595FD5DF55D93B2BF881DE62C3A",
  "SDL2-CS.dll": "A57072900F3D7FE703E9FB858ED7FB8C",
  "Serilog.dll": "17CEFA23D0D8E4A6318B45D6D4507F7F",
  "Serilog.Sinks.Async.dll": "7A1F11A54B98AF0C50FB77E805534EA6",
  "Serilog.Sinks.Console.dll": "E46A64A48A428769F743AFDD8202EBF8",
  "Serilog.Sinks.File.dll": "7DB09ECED166042EB359748217C75D53",
  "SharpDX.Direct3D11.dll": "7197CEF7FC912FFF046ED20E574D6031",
  "SharpDX.dll": "5F94777D0421FF40A60515EEE7656C7D",
  "SharpDX.DXGI.dll": "A384761C1B3E37095EC7CBC87EE4697E",
  "SharpDX.Mathematics.dll": "A7D8FD768471671A9D3F237D31E78453",
  "Silk.NET.Core.dll": "E05940B71D198F7597ABE827F429CDCA",
  "Silk.NET.GLFW.dll": "001EFFAC83BA152F12319F0DA65DC8E0",
  "Silk.NET.Maths.dll": "C5F4042DD44218FCDB3029D7D6651188",
  "Silk.NET.OpenGL.dll": "F9258031748653DB9CA60825BA8E1510",
  "Silk.NET.SDL.dll": "A56FEC4EF92D1AE469903F8AF87E02AC",
  "Silk.NET.Windowing.Common.dll": "1A220CC92259D8B85EF51CED574AB3E3",
  "Silk.NET.Windowing.Glfw.dll": "8D1ED5E10D34B6F861A78D24E8040803",
  "Silk.NET.Windowing.Sdl.dll": "EFFB162A919DF928EB7FDF69A00C8EA5",
  "SQLite-net.dll": "60DA6DCB9C937B4B08071A5F0FFC00FB",
  "SQLitePCLRaw.batteries_v2.dll": "19BC066E63343321BA356F93A7A26051",
  "SQLitePCLRaw.core.dll": "A05A6BD2B7803EEEDC5153EA519901A5",
  "SQLitePCLRaw.nativelibrary.dll": "4BB72BD76452C53DA963B3682E9887FF",
  "SQLitePCLRaw.provider.dynamic_cdecl.dll": "8A4FAA08FBF6DE4D83D7ADF6225EA633",
  "StbiSharp.dll": "D5BBD23DE4A16F73B01C627160C06711",
  "System.Reactive.dll": "EF5A00287AD15393D41B12AA4B726FF7",
  "System.Reflection.MetadataLoadContext.dll": "E88E3AF6D37736F339022C9ACC5F2F7B",
  "System.Security.Cryptography.Pkcs.dll": "8950E01996A37E808BE3F39063C37BF9",
  "TEMP_gitver.txt": "D4A93E208B3AC316479EFD154ECB2D1C",
  "TerraFX.Interop.Windows.dll": "84F7EF6B0DE91F8CC23F773D3FD6DEC0",
  "Validation.dll": "F892E671303824847CC5AA810CE2D313"
}
