{
  "runtimes\\alpine-arm\\native\\libe_sqlite3.so": "87AF85204A246154501382901F3F6812",
  "runtimes\\alpine-arm64\\native\\libe_sqlite3.so": "CD4B9AAB53400EFE96ABC32B339A866A",
  "runtimes\\alpine-x64\\native\\libe_sqlite3.so": "6C9D6E34F1E932668237404D6EB6FC66",
  "runtimes\\browser-wasm\\nativeassets\\net7.0\\e_sqlite3.a": "E25518AC5EAD5E787448F3258236888E",
  "runtimes\\linux-arm\\native\\libe_sqlite3.so": "B8DA0DB6A447B5CCE98207F6A250FB84",
  "runtimes\\linux-arm64\\native\\libe_sqlite3.so": "A888898B38395A15F2DE200BAA8B486F",
  "runtimes\\linux-armel\\native\\libe_sqlite3.so": "54F3F4183B81387F7928ED0BB9B67B32",
  "runtimes\\linux-mips64\\native\\libe_sqlite3.so": "D56886A2E2F081CDEA1621BB18132764",
  "runtimes\\linux-musl-arm\\native\\libe_sqlite3.so": "87AF85204A246154501382901F3F6812",
  "runtimes\\linux-musl-arm64\\native\\libe_sqlite3.so": "CD4B9AAB53400EFE96ABC32B339A866A",
  "runtimes\\linux-musl-x64\\native\\libe_sqlite3.so": "6C9D6E34F1E932668237404D6EB6FC66",
  "runtimes\\linux-s390x\\native\\libe_sqlite3.so": "CB751CC76F280849C0E2F718D6784E69",
  "runtimes\\linux-x64\\native\\libe_sqlite3.so": "30098E7FAEB947BF5A5AE2FDB34E4461",
  "runtimes\\linux-x86\\native\\libe_sqlite3.so": "68872BD5071077981504636C2353EAA8",
  "runtimes\\maccatalyst-arm64\\native\\libe_sqlite3.dylib": "B2597C8799A6D21E5B98DB28C9C725FD",
  "runtimes\\maccatalyst-x64\\native\\libe_sqlite3.dylib": "19DCF2A64A7B5D1B8C7705AC809653A5",
  "runtimes\\osx-arm64\\native\\libe_sqlite3.dylib": "FB6D0058E0E849FA8715911B49790350",
  "runtimes\\osx-x64\\native\\libe_sqlite3.dylib": "DE5735102E730C1518C029DB3A0040A9",
  "runtimes\\win-arm\\native\\e_sqlite3.dll": "AF61D016B4864ED9CA00E722FB767F7F",
  "runtimes\\win-arm64\\native\\e_sqlite3.dll": "DFCD925971F1100B173FEBCBB5C0FFE4",
  "runtimes\\win-x64\\native\\e_sqlite3.dll": "11E39E8599F76495910D6534760D4636",
  "runtimes\\win-x64\\native\\minhook.x64d.dll": "3D97F8645EC42F80C8DF5A0F5B5F6C54",
  "runtimes\\win-x86\\native\\e_sqlite3.dll": "A07C581BB6458CD2454A505F93D846B7",
  "BCnEncoder.dll": "B936225375112813DB890618E78800FB",
  "BitFaster.Caching.dll": "7B2AC0A3C4E3C3E1C7C1FC41B0E4AEDC",
  "CheapLoc.dll": "6206F01FCAD075B0F5E9FA626169D5D5",
  "cimgui.dll": "7C1C81D306BFCE4D072F203626900FC5",
  "cimguizmo.dll": "32240F5909D5FF596E10B6EC5E439903",
  "cimplot.dll": "666403471C3AD5982819E8B47CFCB4E2",
  "commit_hash.txt": "5DC3598E1982CB0C75AEE739543A5CD1",
  "CommunityToolkit.HighPerformance.dll": "66B64EC334625F2C5D341A45E28EEB43",
  "Dalamud.Bindings.ImGui.dll": "25098A7D3A68B3CEB03E7671C454407A",
  "Dalamud.Bindings.ImGuizmo.dll": "7E0390650C072C97DBF4803E60821795",
  "Dalamud.Bindings.ImPlot.dll": "76DFC33E607869FC614AFC8F52CFF586",
  "Dalamud.Boot.dll": "D053549FF4027A0E6CC187A19EDABABC",
  "Dalamud.Common.dll": "83548E23755379C0F4A5A6A31836E724",
  "Dalamud.deps.json": "CACA03D3A2830CEE745D2CE7A2F3FE4F",
  "Dalamud.dll": "5452CDF7F48DE72758234060591D5EDA",
  "Dalamud.Injector.deps.json": "28C3C412E18C8E21BCEC052CCAF9CE11",
  "Dalamud.Injector.dll": "DF373B671ADA83A607D28946BE598F8A",
  "Dalamud.Injector.exe": "1B8C38724A864CAAD97525F69F0038CD",
  "Dalamud.Injector.runtimeconfig.json": "481C4D4F6151485203242D25F632FCC5",
  "Dalamud.Injector.xml": "573870DEB8A9854EC20203EDE9D78425",
  "Dalamud.runtimeconfig.json": "9DB7F0D7C94CA1AA6CA3ACFA6F93A1D8",
  "Dalamud.xml": "DFAA841D9F8F1288EE2AD761F2043A31",
  "DalamudCrashHandler.exe": "25815F4E7428ABF971313A28F8E49EFD",
  "FASM-LICENSE.TXT": "ECEA1D10811221D5F0A3E96F9C38E2C7",
  "FASM.DLL": "1EB48294ED65E7AC6E45FEECFBC6F88E",
  "FASMX64.DLL": "28FE5657160618324E1867B173DAC67F",
  "FFXIVClientStructs.dll": "7C5B62515781634DF9A9069C2F1AC01E",
  "FFXIVClientStructs.xml": "52663B044C9ACDF75808F1F2A018F301",
  "goatcorp.Reloaded.Assembler.dll": "8ADCA89C126E6F229F079D27E0A757BB",
  "goatcorp.Reloaded.Assembler.targets": "CC22CB0A353E2136EE9E6E96DB9F7164",
  "goatcorp.Reloaded.Hooks.dll": "ED6B9DE5C5B150108C59FF0F4A0E1CBF",
  "goatcorp.Reloaded.Memory.Buffers.dll": "96FE07068AD0E62ABCD1E08F3D0C621E",
  "HexaGen.Runtime.dll": "8B8EC32B08B5D6B9364D85D61F4AC74A",
  "Iced.dll": "02A698E2F073CB5A5F36182A7E07921E",
  "ImGuiScene.dll": "31AA3FC20AF1CE1C6BE3201CED106C5C",
  "InteropGenerator.Runtime.dll": "68F84D15FCF043676AD14565285BC97A",
  "JetBrains.Annotations.dll": "D334483DFBCF8BE6062277E1FB3B94F3",
  "licenses.txt": "A159BE62AA91178EFC3E3983AE874D1D",
  "Lumina.dll": "3122A078C98013ED6F6500BC521B457D",
  "Lumina.Excel.dll": "63CCA71A2365B3CC7A977B9C9E68197B",
  "Lumina.Excel.xml": "AEE3C28A2AE7FBEC7B9B5685FA0F569D",
  "Microsoft.Extensions.ObjectPool.dll": "CB2B8426DF93B062B631BC85B3369BED",
  "MinSharp.dll": "8508454A3BDD499600E6CFEE498F3E81",
  "Mono.Cecil.dll": "B85C79D29E61C05775ABEFD2157B7304",
  "Mono.Cecil.Mdb.dll": "C43C98767769017098BBE296092B792C",
  "Mono.Cecil.Pdb.dll": "97780B26244384E44DB8A781514CD8FB",
  "Mono.Cecil.Rocks.dll": "0B9960D5A8DC928F03E00B937F197846",
  "nethost.dll": "21F39F71E2F4B5BA9FB3F126872F2F9B",
  "Newtonsoft.Json.dll": "C252FE44B67A08E6DAB4EADE3764DB49",
  "PeNet.Asn1.dll": "B746567CCBF67A354EBC2C0821A8B97D",
  "PeNet.dll": "D7086691D15059EB0FA6DED8F8D92B81",
  "Reloaded.Hooks.Definitions.dll": "1E8F4907D6A5737AB39F283395ED828D",
  "Reloaded.Memory.Buffers.dll": "066190985ECB7400A04DE76CD96B4BE2",
  "Reloaded.Memory.dll": "16B9A971BE2DBC5D2D941F2FD3A41214",
  "revision.txt": "5FD0245F6C9DDBDF3EFF0F505975B6A7",
  "Serilog.dll": "6FF4A5AD6E4573B36F585F576D6F84E5",
  "Serilog.Sinks.Async.dll": "9119E7D2F7CF128BB50AFEB020731BCD",
  "Serilog.Sinks.Console.dll": "96C2660811C60367D193E8B656286991",
  "Serilog.Sinks.File.dll": "2E24B52850C1BB1B23D91B91E76FC1AA",
  "SQLite-net.dll": "8A11AFDDB5993DB3130B68337CD140CC",
  "SQLitePCLRaw.batteries_v2.dll": "40227AF9F5A4F050FAD89A03A81678FD",
  "SQLitePCLRaw.core.dll": "43DB67FC027FDE850AA999EA481D9661",
  "SQLitePCLRaw.provider.e_sqlite3.dll": "C572F760F9BD436FF224DFC4A659384F",
  "System.Reactive.dll": "C6016588304D55406E3D1C2FA7D42903",
  "System.Reflection.MetadataLoadContext.dll": "284C720DEE2524BCF10DD1B5648AA303",
  "System.Security.Cryptography.Pkcs.dll": "17945B2BF07D9377E36AD3EBE69FF693",
  "TEMP_gitver.txt": "EA9D4346776856D70019EECCF3766332",
  "TerraFX.Interop.Windows.dll": "C75D06E77DE5A095D45676A81CDE0DC9"
}
