{
  "runtimes\\alpine-arm\\native\\libe_sqlite3.so": "87AF85204A246154501382901F3F6812",
  "runtimes\\alpine-arm64\\native\\libe_sqlite3.so": "CD4B9AAB53400EFE96ABC32B339A866A",
  "runtimes\\alpine-x64\\native\\libe_sqlite3.so": "6C9D6E34F1E932668237404D6EB6FC66",
  "runtimes\\browser-wasm\\nativeassets\\net7.0\\e_sqlite3.a": "E25518AC5EAD5E787448F3258236888E",
  "runtimes\\linux-arm\\native\\libe_sqlite3.so": "B8DA0DB6A447B5CCE98207F6A250FB84",
  "runtimes\\linux-arm64\\native\\libe_sqlite3.so": "A888898B38395A15F2DE200BAA8B486F",
  "runtimes\\linux-armel\\native\\libe_sqlite3.so": "54F3F4183B81387F7928ED0BB9B67B32",
  "runtimes\\linux-mips64\\native\\libe_sqlite3.so": "D56886A2E2F081CDEA1621BB18132764",
  "runtimes\\linux-musl-arm\\native\\libe_sqlite3.so": "87AF85204A246154501382901F3F6812",
  "runtimes\\linux-musl-arm64\\native\\libe_sqlite3.so": "CD4B9AAB53400EFE96ABC32B339A866A",
  "runtimes\\linux-musl-x64\\native\\libe_sqlite3.so": "6C9D6E34F1E932668237404D6EB6FC66",
  "runtimes\\linux-s390x\\native\\libe_sqlite3.so": "CB751CC76F280849C0E2F718D6784E69",
  "runtimes\\linux-x64\\native\\libe_sqlite3.so": "30098E7FAEB947BF5A5AE2FDB34E4461",
  "runtimes\\linux-x86\\native\\libe_sqlite3.so": "68872BD5071077981504636C2353EAA8",
  "runtimes\\maccatalyst-arm64\\native\\libe_sqlite3.dylib": "B2597C8799A6D21E5B98DB28C9C725FD",
  "runtimes\\maccatalyst-x64\\native\\libe_sqlite3.dylib": "19DCF2A64A7B5D1B8C7705AC809653A5",
  "runtimes\\osx-arm64\\native\\libe_sqlite3.dylib": "FB6D0058E0E849FA8715911B49790350",
  "runtimes\\osx-x64\\native\\libe_sqlite3.dylib": "DE5735102E730C1518C029DB3A0040A9",
  "runtimes\\win-arm\\native\\e_sqlite3.dll": "AA847494301EBD1CDF42BCBEF42FC6CD",
  "runtimes\\win-arm64\\native\\e_sqlite3.dll": "F014AD3925C29A497BB71FD741B6167F",
  "runtimes\\win-x64\\native\\e_sqlite3.dll": "48C6F0454BC8890867A0747E241D555F",
  "runtimes\\win-x64\\native\\minhook.x64d.dll": "A8D6FF9EC5CD53741552BF9057607C95",
  "runtimes\\win-x86\\native\\e_sqlite3.dll": "7FBB2CDF954A3B64645A162487381DFF",
  "BCnEncoder.dll": "C9A3CB7CAAF6ED1185FF3A2578899F19",
  "BitFaster.Caching.dll": "FB218468578E6E04DAB629F3F2597F16",
  "CheapLoc.dll": "A63142FE3A514BF54443B346D108E687",
  "cimgui.dll": "E5924614CE3C5A72F10F0DE39EA5A276",
  "cimguizmo.dll": "F25EF4D2E9F5027358998E70C2FED454",
  "cimplot.dll": "9AB1463EA4E6D4768BE8E0C7B2B44291",
  "commit_hash.txt": "C7FDA1CEE5AC0DC1E2D93733B08BD820",
  "CommunityToolkit.HighPerformance.dll": "66B64EC334625F2C5D341A45E28EEB43",
  "Dalamud.Bindings.ImGui.dll": "B23727D001D6C6223CF6DA6DE7381053",
  "Dalamud.Bindings.ImGuizmo.dll": "0A6F0F0A53C6856FBD5A361C20A141E4",
  "Dalamud.Bindings.ImPlot.dll": "37CF3CB7260F967B5467870C38D078F8",
  "Dalamud.Boot.dll": "85583945DDDDA2022BCC88579B485D7D",
  "Dalamud.Common.dll": "2E54282AF56E73DE268DFED4C8FF6CE6",
  "Dalamud.deps.json": "D1E551288E38F0CF7CE0F74E43CCD433",
  "Dalamud.dll": "2DEEB010DBF245035C2B17F1EB698222",
  "Dalamud.Injector.deps.json": "28C3C412E18C8E21BCEC052CCAF9CE11",
  "Dalamud.Injector.dll": "B6DAD4C0D687B5D997D4124B0AA64333",
  "Dalamud.Injector.exe": "2B99EDBCFA20E98443D9F086088E33F7",
  "Dalamud.Injector.runtimeconfig.json": "481C4D4F6151485203242D25F632FCC5",
  "Dalamud.Injector.xml": "573870DEB8A9854EC20203EDE9D78425",
  "Dalamud.runtimeconfig.json": "9DB7F0D7C94CA1AA6CA3ACFA6F93A1D8",
  "Dalamud.xml": "C6CBBE2718DED49B7F3BA941D58AC634",
  "DalamudCrashHandler.exe": "700A145A054C62837D8881C1B49A5A1D",
  "FFXIVClientStructs.dll": "124BE1943EA99CF24442AB94D89F79DA",
  "FFXIVClientStructs.xml": "E35A1CC03851D3924FAAA88E4C7DB339",
  "goatcorp.Reloaded.Hooks.dll": "2B46A4865E6CE41294E83DD4B83ECCEE",
  "goatcorp.Reloaded.Memory.Buffers.dll": "A89E08C61F42291C3706DD4C62100A96",
  "HexaGen.Runtime.dll": "D7FAB1A6E81929DD3518203148E7C645",
  "Iced.dll": "814FC62DAE02CA9204978629EBC9867C",
  "ImGuiScene.dll": "82A9EA6CEF43BA74A2F30BB2AB5A043E",
  "InteropGenerator.Runtime.dll": "783660406019A27062DF4473AE0D9B8B",
  "JetBrains.Annotations.dll": "D334483DFBCF8BE6062277E1FB3B94F3",
  "licenses.txt": "A159BE62AA91178EFC3E3983AE874D1D",
  "Lumina.dll": "EC1D4F57F61CD9413B35F4D47ABCA76E",
  "Lumina.Excel.dll": "91EDA1D623AF1817BF56E85CB7F19C24",
  "Lumina.Excel.xml": "AEE3C28A2AE7FBEC7B9B5685FA0F569D",
  "Microsoft.Extensions.ObjectPool.dll": "CB2B8426DF93B062B631BC85B3369BED",
  "MinSharp.dll": "048C56421F13D797A9BB6B61E4954926",
  "Mono.Cecil.dll": "444CE6CBD25EC78B680DFE99B67C82A8",
  "Mono.Cecil.Mdb.dll": "455FCE2A55CC5AF0333280EB38F0E672",
  "Mono.Cecil.Pdb.dll": "E5A9B89707A12165259A930DE1DD0E46",
  "Mono.Cecil.Rocks.dll": "F1242E394D1021058ADCC9A92510F5EF",
  "nethost.dll": "21F39F71E2F4B5BA9FB3F126872F2F9B",
  "Newtonsoft.Json.dll": "C252FE44B67A08E6DAB4EADE3764DB49",
  "PeNet.Asn1.dll": "5680ABB7633534BC113F3C2F4C925125",
  "PeNet.dll": "D77CCF1BD4A95E3182085AB76A7A1B1F",
  "Reloaded.Hooks.Definitions.dll": "17C4CF15B7E7345844F10BE47E1A9FB9",
  "Reloaded.Memory.Buffers.dll": "B0D281CE015B161123F0B9939E5D8F79",
  "Reloaded.Memory.dll": "D74FFE8BD580B1F977039A5006FFA1C7",
  "revision.txt": "90FD26A243F6D14C4B3DF082CDC8DA66",
  "Serilog.dll": "AA5F9ABA1087DF14C8D6392197B70A91",
  "Serilog.Sinks.Async.dll": "3E38CDC4181288096EEE29A553838B62",
  "Serilog.Sinks.Console.dll": "506A6D5820E2D185E1EEEDDEC3C9436E",
  "Serilog.Sinks.File.dll": "AB3644EBB7E10B7C1446BDA01665A605",
  "SQLite-net.dll": "EDB8906F74D5E5F39BEA038EFF9D3D7A",
  "SQLitePCLRaw.batteries_v2.dll": "85974C32DC7D017D1B3EC4ABEF329AAC",
  "SQLitePCLRaw.core.dll": "9ACF6573C1E12F517CA9B1DEC256CE2A",
  "SQLitePCLRaw.provider.e_sqlite3.dll": "78B513611231B7EE950F29978F94D66F",
  "System.Reactive.dll": "C6016588304D55406E3D1C2FA7D42903",
  "System.Reflection.MetadataLoadContext.dll": "284C720DEE2524BCF10DD1B5648AA303",
  "System.Security.Cryptography.Pkcs.dll": "17945B2BF07D9377E36AD3EBE69FF693",
  "TEMP_gitver.txt": "FD3D745C1B646577D1369CE19672DAB5",
  "TerraFX.Interop.Windows.dll": "C75D06E77DE5A095D45676A81CDE0DC9"
}
