{
  "runtimes\\alpine-x64\\native\\libe_sqlite3.so": "39C244FEDBCD3DFC37041D4FCE1AE21D",
  "runtimes\\linux-arm\\native\\libe_sqlite3.so": "96CF54BC0EFB83D6E3F5F3E04997A59D",
  "runtimes\\linux-arm64\\native\\libe_sqlite3.so": "F079E55E7F3F9966A4A2052A3234E068",
  "runtimes\\linux-armel\\native\\libe_sqlite3.so": "C5A67D49434FC65D64E9C15778078C76",
  "runtimes\\linux-mips64\\native\\libe_sqlite3.so": "5F8461214089CFC677D46C19B7162161",
  "runtimes\\linux-musl-x64\\native\\libe_sqlite3.so": "39C244FEDBCD3DFC37041D4FCE1AE21D",
  "runtimes\\linux-x64\\native\\libe_sqlite3.so": "6F49C540D3AB9964D67A4A704C3D262D",
  "runtimes\\linux-x64\\native\\libglfw.so.3": "9E3137144F68B9E9793F4C7AD5B1BEA7",
  "runtimes\\linux-x64\\native\\libSDL2-2.0.so": "99B95A708381FC66AB2370E45A260527",
  "runtimes\\linux-x64\\native\\libstbi.so": "0945355ED59677D06E3E88F48101BB26",
  "runtimes\\linux-x86\\native\\libe_sqlite3.so": "5E0659B414CBD6DDC38C65582485853E",
  "runtimes\\osx-x64\\native\\libe_sqlite3.dylib": "F82AE134FCD1C080A69D775591406673",
  "runtimes\\osx-x64\\native\\libglfw.3.dylib": "1E30FAB2F0C40E82290AD4B0BF14A880",
  "runtimes\\osx-x64\\native\\libSDL2-2.0.dylib": "AAC958490586C67395F0A90903AE3747",
  "runtimes\\osx-x64\\native\\libstbi.dylib": "0B84B0A6A80178266018081C3CAB68E6",
  "runtimes\\win-arm\\native\\e_sqlite3.dll": "05FEAB32D4D675255B8481E43B3ADE4E",
  "runtimes\\win-arm64\\native\\e_sqlite3.dll": "4004E499426CB8791419C2EA0F119798",
  "runtimes\\win-x64\\native\\cimgui.dll": "8B08E5661139C79806189F9C39DB765D",
  "runtimes\\win-x64\\native\\cimguizmo.dll": "6310FAD1C7783755D28D160B6E441525",
  "runtimes\\win-x64\\native\\cimplot.dll": "E5123E2103D0A1EE35E3386A5EC9D61A",
  "runtimes\\win-x64\\native\\e_sqlite3.dll": "67A2E9DD6CD59DB33973AFC1B9ACE5E5",
  "runtimes\\win-x64\\native\\glfw3.dll": "2DEA2FECE18A5EF2DA1789E724539427",
  "runtimes\\win-x64\\native\\minhook.x64d.dll": "D6FB9605CCE05C03C69ED66E3B886EEB",
  "runtimes\\win-x64\\native\\SDL2.dll": "F2401D75190CD685EAA574D05ACC2F49",
  "runtimes\\win-x64\\native\\stbi.dll": "90ECD1860461BDBD2BDE6C87AEC6C7DF",
  "runtimes\\win-x64\\native\\stbi.lib": "927C214DE576219E1F80DBE7798A0502",
  "runtimes\\win-x86\\native\\e_sqlite3.dll": "C9FEE561EE0AA3257A27349ED0456EC8",
  "runtimes\\win-x86\\native\\glfw3.dll": "4605E3D47938EE2CECABA045B0A7A1FB",
  "runtimes\\win-x86\\native\\SDL2.dll": "2C920AA9FBAF9B0F29BFA09B12CAD232",
  "targets\\Dalamud.Plugin.Bootstrap.targets": "C85635161398CD9852CF7212DB7EB904",
  "targets\\Dalamud.Plugin.targets": "E2AA900DB1F6596D1C203D4112A10F5E",
  "CheapLoc.dll": "9EFE1A997FC7A4116F23B3C3EE6A85E5",
  "Costura.dll": "EB6BA036AAA51708E0CCD993B6E3A0EC",
  "Dalamud.Boot.dll": "0D028F2AF9EAB71DE24AEF1B9F705C69",
  "Dalamud.Common.dll": "3249703E2C08DF023907F8A6FEABC45A",
  "Dalamud.deps.json": "325983F264A0A95D4BF89E2FD1B89563",
  "Dalamud.dll": "17D63D1FBD452CD66D40A2EDF88B9EB1",
  "Dalamud.Injector.deps.json": "C1FA0941DC8B38E415776C60C508AAB9",
  "Dalamud.Injector.dll": "4B75F10F2F5AB6F3962A4AE3FAAA527B",
  "Dalamud.Injector.exe": "6CBCDBC12515210F578EBDE41E6BE636",
  "Dalamud.Injector.runtimeconfig.json": "B9BB65FFE7924D4D8BABE9FA66303200",
  "Dalamud.Injector.xml": "D41E5DF541D19A015215E777D7395C9C",
  "Dalamud.runtimeconfig.json": "2A9CD915428BDD175E0889BD0C225F75",
  "Dalamud.xml": "55B0CCFC867318BC78D0324AF00AE11B",
  "DalamudCrashHandler.exe": "EBA2EC8F9B8809D3694AC80BDCEE483B",
  "FASM-LICENSE.TXT": "ECEA1D10811221D5F0A3E96F9C38E2C7",
  "FASM.DLL": "D634FF0F9CA1F3B37552AB1EC0816E55",
  "FASMX64.DLL": "D58901472B89C44B76621EF0BE48A2FF",
  "FFXIVClientStructs.dll": "D2F9AC56F2F73A5D3F806558060AE285",
  "FFXIVClientStructs.xml": "1BC608E144B877A3EE42DFBFDD447B74",
  "goaaats.Reloaded.Assembler.targets": "CC22CB0A353E2136EE9E6E96DB9F7164",
  "Iced.dll": "F5AF47492E3D9A3263832287B3BC5E0C",
  "ImGui.NET.dll": "4BDB5F5175337BBF5E1F524198AF6A60",
  "ImGuiScene.dll": "EEC2D1BB911A8AE611562953E8399AE1",
  "JetBrains.Annotations.dll": "278028537C71161C5E15BAC92B04F20A",
  "licenses.txt": "A159BE62AA91178EFC3E3983AE874D1D",
  "Lumina.dll": "83151C3552F63AB745EA63088F746D94",
  "Lumina.Excel.dll": "DA52106A0DF4CA674025F1E630499874",
  "Microsoft.Bcl.HashCode.dll": "613AB56061ADF2284E047025207467E0",
  "Microsoft.DotNet.PlatformAbstractions.dll": "00AB0F02B1114C57C758F5AD595224F1",
  "Microsoft.Extensions.DependencyModel.dll": "F39BC76C10CFEA478C936FC4521A9FC9",
  "Microsoft.Extensions.ObjectPool.dll": "4EEE3E64BE561711391BF998FFBF65D3",
  "MinSharp.dll": "A95A55F90212999A44379C1E2D50121D",
  "Mono.Cecil.dll": "02939F7A065458286464391CFE491257",
  "Mono.Cecil.Mdb.dll": "4F04F020B461C18059EAE32A8C593B93",
  "Mono.Cecil.Pdb.dll": "72186639308A81DB59A26FFE7589C09B",
  "Mono.Cecil.Rocks.dll": "8B383A4B69D9BD4629E2C706ADC6A239",
  "nethost.dll": "012081214FE71F0F6ADCD9F4A71B2B00",
  "Newtonsoft.Json.dll": "86A83A63F12B55FD3718CFBFB577D7DC",
  "PeNet.Asn1.dll": "8C638BF99C606A7E8BD453AA088386C0",
  "PeNet.dll": "4F8D93D0A7BEE8043358E135B3B8931A",
  "PInvoke.AdvApi32.dll": "34EE461D05B403C3A15D0DEC32A3788C",
  "PInvoke.BCrypt.dll": "FD07758EE1440491F22923084109FF26",
  "PInvoke.Cabinet.dll": "333D950E3804735DA60CC41D614C63E2",
  "PInvoke.CfgMgr32.dll": "768BE7CC18EDCF78B296A72ABE891691",
  "PInvoke.Crypt32.dll": "E7B00B0851738F4A7F2C6D37DAA973B4",
  "PInvoke.DbgHelp.dll": "E701136169620D20E3A70B560DE20E44",
  "PInvoke.DwmApi.dll": "ACF223CC8962404056648815B486F7D9",
  "PInvoke.Gdi32.dll": "69FF434826F98582CE44D3136ECFFACB",
  "PInvoke.Hid.dll": "2E7A41257F8AD9B26073181F450CD8E5",
  "PInvoke.ImageHlp.dll": "79BE816E8D86EA66489D7780DD675D49",
  "PInvoke.IPHlpApi.dll": "E949FA3326D1BA8872B179AB4EE49D38",
  "PInvoke.Kernel32.dll": "234E15B122ED430DE99490CA1A204958",
  "PInvoke.Magnification.dll": "C9EA3D34F506741ECC044DB19C151F09",
  "PInvoke.Msi.dll": "69EE50CE2DA6B55755E52589F49A7EBC",
  "PInvoke.NCrypt.dll": "DA1DE76C14D99370CA3BEF19DC299B15",
  "PInvoke.NetApi32.dll": "AE79F9FA2E3864A5E0642AE4622ECDC5",
  "PInvoke.NewDev.dll": "B3E1992105D986EF9C5C8E4B630FBB07",
  "PInvoke.NTDll.dll": "3F6BDF840EB27DD0FD9EB8071822183A",
  "PInvoke.Ole32.dll": "3C49FB100B60519FFE725BCD12A538F6",
  "PInvoke.Psapi.dll": "A7683EE4B880227F01C8AE632A892B9E",
  "PInvoke.SetupApi.dll": "1B7AE321185D0081D1759A9AD829F9BA",
  "PInvoke.SHCore.dll": "F27E7F063D51480F6D2294C903E4A606",
  "PInvoke.Shell32.dll": "F71A1BCAF6478190691170DAEA77722F",
  "PInvoke.User32.dll": "8BEDE38311ED4F27127290B81B8079FD",
  "PInvoke.Userenv.dll": "FEB7BCA90B8C905EC2F4BB0789847131",
  "PInvoke.UxTheme.dll": "8E683C016250CB719FDB9AAAFC22B3C5",
  "PInvoke.Windows.Core.dll": "90015440A44935208FFEA9BF61740651",
  "PInvoke.Windows.ShellScalingApi.dll": "F351B34B8C9183A51CADFDC279357C49",
  "PInvoke.WinUsb.dll": "9EB8A0280F2848D1A32B560A939F7336",
  "PInvoke.WtsApi32.dll": "341C94455D2E5893DBE4293D4D67AA4D",
  "Reloaded.Assembler.dll": "988E6CFEB602FB6FAC946B988CF9EDE6",
  "Reloaded.Hooks.Definitions.dll": "01C600E113F7E1F7F220BD458B3A53F1",
  "Reloaded.Hooks.dll": "51AF272CEC05E4A2FADBAB8ABBCE19CC",
  "Reloaded.Memory.Buffers.dll": "70C1C9D95B8A45732215E4301E9DB280",
  "Reloaded.Memory.dll": "C18880A77BAB7312B2E66DCBA76E8A2D",
  "revision.txt": "B112CA4087D668785E947A57493D1740",
  "SDL2-CS.config": "65557595FD5DF55D93B2BF881DE62C3A",
  "SDL2-CS.dll": "56B9A08CBCB84B9F8D97D494AD88B6C8",
  "Serilog.dll": "AAA010B9D06853321192E6B5B077ACAF",
  "Serilog.Sinks.Async.dll": "EC5559386F43E4B08CFA9F598A9A7F75",
  "Serilog.Sinks.Console.dll": "42C9B59A7A04253E4CEFC3D24E36AA95",
  "Serilog.Sinks.File.dll": "EBE76EA0AE84DEF451AD5CF06E8F6F26",
  "SharpDX.Direct3D11.dll": "005C0C1E2D84D731B296A3BC0E17F0F7",
  "SharpDX.dll": "582BB0FB2C10700DA8699E6B42940AC7",
  "SharpDX.DXGI.dll": "24141DD57B4821F5B95F70985A523CA9",
  "SharpDX.Mathematics.dll": "D918AA522353145449CDBB54ED6CC25D",
  "Silk.NET.Core.dll": "468108E0BE76A21F7342C31D43BA04E7",
  "Silk.NET.GLFW.dll": "FB3BD134CA08B7E5233939DA90DF98E1",
  "Silk.NET.Maths.dll": "5C3EA8A5A0581A035A71E7BB35DADA2F",
  "Silk.NET.OpenGL.dll": "FC97656EC139EF189A03B67C272312C9",
  "Silk.NET.SDL.dll": "370644C85AD6B2348881462320C67E06",
  "Silk.NET.Windowing.Common.dll": "92EE68D44DC7C1B3117F24AD33FFF4AD",
  "Silk.NET.Windowing.Glfw.dll": "1EECBC234D10C910C74D580E668B85C0",
  "Silk.NET.Windowing.Sdl.dll": "38B9D15EF5104114AB17A57E488F3E5C",
  "SQLite-net.dll": "5D57790F429D76E857F10E47361EAC1A",
  "SQLitePCLRaw.batteries_v2.dll": "4CA76656D691DB532C5F3405A8EC0DA6",
  "SQLitePCLRaw.core.dll": "628E0EB216798F0F7112B2D960FD3F9C",
  "SQLitePCLRaw.nativelibrary.dll": "9D53A8EFD05EBFF484A63C56CCEAC306",
  "SQLitePCLRaw.provider.dynamic_cdecl.dll": "4F5FF633B4420BEF9F37A853D996856E",
  "StbiSharp.dll": "8C0E77468A4CF735FA63024182D8C5BE",
  "System.Reactive.dll": "EF5A00287AD15393D41B12AA4B726FF7",
  "System.Reflection.MetadataLoadContext.dll": "7EC41D41F4E1246757BA3E2EC862D562",
  "System.Security.Cryptography.Pkcs.dll": "8950E01996A37E808BE3F39063C37BF9",
  "TEMP_gitver.txt": "15988FDF67DD0491280326E6B41B1D13",
  "TerraFX.Interop.Windows.dll": "84F7EF6B0DE91F8CC23F773D3FD6DEC0",
  "Validation.dll": "A6FF16E645FBCE2EE55679F10ECC6F50"
}
