{
  "runtimes\\alpine-x64\\native\\libe_sqlite3.so": "39C244FEDBCD3DFC37041D4FCE1AE21D",
  "runtimes\\linux-arm\\native\\libe_sqlite3.so": "96CF54BC0EFB83D6E3F5F3E04997A59D",
  "runtimes\\linux-arm64\\native\\libe_sqlite3.so": "F079E55E7F3F9966A4A2052A3234E068",
  "runtimes\\linux-armel\\native\\libe_sqlite3.so": "C5A67D49434FC65D64E9C15778078C76",
  "runtimes\\linux-mips64\\native\\libe_sqlite3.so": "5F8461214089CFC677D46C19B7162161",
  "runtimes\\linux-musl-x64\\native\\libe_sqlite3.so": "39C244FEDBCD3DFC37041D4FCE1AE21D",
  "runtimes\\linux-x64\\native\\libe_sqlite3.so": "6F49C540D3AB9964D67A4A704C3D262D",
  "runtimes\\linux-x64\\native\\libglfw.so.3": "9E3137144F68B9E9793F4C7AD5B1BEA7",
  "runtimes\\linux-x64\\native\\libSDL2-2.0.so": "99B95A708381FC66AB2370E45A260527",
  "runtimes\\linux-x64\\native\\libstbi.so": "0945355ED59677D06E3E88F48101BB26",
  "runtimes\\linux-x86\\native\\libe_sqlite3.so": "5E0659B414CBD6DDC38C65582485853E",
  "runtimes\\osx-x64\\native\\libe_sqlite3.dylib": "F82AE134FCD1C080A69D775591406673",
  "runtimes\\osx-x64\\native\\libglfw.3.dylib": "1E30FAB2F0C40E82290AD4B0BF14A880",
  "runtimes\\osx-x64\\native\\libSDL2-2.0.dylib": "AAC958490586C67395F0A90903AE3747",
  "runtimes\\osx-x64\\native\\libstbi.dylib": "0B84B0A6A80178266018081C3CAB68E6",
  "runtimes\\win-arm\\native\\e_sqlite3.dll": "6AE44D70B1E2B6F4BD30D83508FA2A87",
  "runtimes\\win-arm64\\native\\e_sqlite3.dll": "53E1FEE6CF0E0E557EE4E2E32CC27E23",
  "runtimes\\win-x64\\native\\cimgui.dll": "A7F49EC0C68336AB2CFD1E206B967ADC",
  "runtimes\\win-x64\\native\\cimguizmo.dll": "2E99E65134D5655001E41374F7957BFA",
  "runtimes\\win-x64\\native\\cimplot.dll": "416CE790BED7DB3CB21888D7F64CD8A0",
  "runtimes\\win-x64\\native\\e_sqlite3.dll": "4B75CBD106E4A584FCE532776D4A1910",
  "runtimes\\win-x64\\native\\glfw3.dll": "4B88D7EE7040155C542C8BC6DA464F84",
  "runtimes\\win-x64\\native\\minhook.x64d.dll": "EFD29319567DD8817F9750CB73B811E1",
  "runtimes\\win-x64\\native\\SDL2.dll": "240E2411021BBAAA62A5D52C73AB3789",
  "runtimes\\win-x64\\native\\stbi.dll": "B11F005EA2FB99DFD2534F9962E58BC8",
  "runtimes\\win-x64\\native\\stbi.lib": "927C214DE576219E1F80DBE7798A0502",
  "runtimes\\win-x86\\native\\e_sqlite3.dll": "1E1EC1EFF61E3AD31997E44760B77479",
  "runtimes\\win-x86\\native\\glfw3.dll": "7786148CEEBD11851DF09654D7A66A9D",
  "runtimes\\win-x86\\native\\SDL2.dll": "1739CD1AFB5D83468565524D6BA5D79E",
  "targets\\Dalamud.Plugin.Bootstrap.targets": "C85635161398CD9852CF7212DB7EB904",
  "targets\\Dalamud.Plugin.targets": "11001C983157350F50D99F1A827999B5",
  "CheapLoc.dll": "F245D5C5CC052C18C0F75D743D7AF944",
  "Costura.dll": "1378CBF19CE61966521031C62A4B9FA0",
  "Dalamud.Boot.dll": "C072D3DF993697425E52A1D5A05BBFBE",
  "Dalamud.Common.dll": "01741D60EC8B23E91ADC20F296E5EB63",
  "Dalamud.deps.json": "34E952AAD5CC21EC6ADD86A6C9914F5A",
  "Dalamud.dll": "E0A4459F963BA97668D08CBC8523623A",
  "Dalamud.Injector.deps.json": "4E53ABE9A5D3E4592DA63EBF98DAAD86",
  "Dalamud.Injector.dll": "D66BAC079A86C5F77D9915E283D02CBF",
  "Dalamud.Injector.exe": "04BBCDEBC5F9DC42EB44C12704C6B759",
  "Dalamud.Injector.runtimeconfig.json": "AAAFA957BB3B382321D67ACC2D792553",
  "Dalamud.Injector.xml": "6CFC451561E67CE7788814C5B327D7EC",
  "Dalamud.runtimeconfig.json": "454E2BA21742B08CF0A9827950A92B0F",
  "Dalamud.xml": "0C83295BAE06C8EC09AEF1A5E4DC7428",
  "DalamudCrashHandler.exe": "C46CE70AD59824150093217B3746205B",
  "FASM-LICENSE.TXT": "ECEA1D10811221D5F0A3E96F9C38E2C7",
  "FASM.DLL": "A760A304AA11D944241814F4A2A803F9",
  "FASMX64.DLL": "95BD5BCFC431EBCD627D312E773BCA86",
  "FFXIVClientStructs.dll": "15D1BDCC559163388B03A36A2A7100DB",
  "FFXIVClientStructs.xml": "4BFBE046159AFF8D5135DAF6B9CB0436",
  "goaaats.Reloaded.Assembler.targets": "CC22CB0A353E2136EE9E6E96DB9F7164",
  "Iced.dll": "DE920A8B357BB67F733CC682F5C2F20F",
  "ImGui.NET.dll": "8176949EBE5997179126276B8C72C348",
  "ImGuiScene.dll": "DA080FC7BAC97FA0708BD56464002A9E",
  "JetBrains.Annotations.dll": "E4EEDB50FCCC0C689625437595CA51D5",
  "licenses.txt": "A159BE62AA91178EFC3E3983AE874D1D",
  "Lumina.dll": "9F8E467C017AE224C7FF4D0060D37A28",
  "Lumina.Excel.dll": "82B8F81EF69ACD02BE8B458905E7BBA9",
  "Microsoft.Bcl.HashCode.dll": "613AB56061ADF2284E047025207467E0",
  "Microsoft.DotNet.PlatformAbstractions.dll": "00AB0F02B1114C57C758F5AD595224F1",
  "Microsoft.Extensions.DependencyModel.dll": "F39BC76C10CFEA478C936FC4521A9FC9",
  "MinSharp.dll": "74CF3EC063C54A4180EFDA567DC53018",
  "Mono.Cecil.dll": "87D3304F6E5A6B33D548C58ED35D17CD",
  "Mono.Cecil.Mdb.dll": "DD7E36B5B341813CEB9F5317179561B2",
  "Mono.Cecil.Pdb.dll": "C5D0A2CBD03813D7E4D9DF7FDBEA0431",
  "Mono.Cecil.Rocks.dll": "C0813A3C93E0761717069C026B434FF4",
  "MonoMod.Backports.dll": "D11326F0D1383F7191CEE99CEE73365C",
  "MonoMod.Core.dll": "64B3C2ECAACD45C7FCEA3CEB52FA59DA",
  "MonoMod.Iced.dll": "CECBBDFC4389198E43E6194C89E2F61A",
  "MonoMod.ILHelpers.dll": "C1AABDD792D77EB41F166575F0AF1A25",
  "MonoMod.RuntimeDetour.dll": "CA7670424B5810BC34FE432CC35E3E62",
  "MonoMod.Utils.dll": "062572B3733EF3F15203987CD64B90C7",
  "nethost.dll": "012081214FE71F0F6ADCD9F4A71B2B00",
  "Newtonsoft.Json.dll": "86A83A63F12B55FD3718CFBFB577D7DC",
  "PeNet.Asn1.dll": "EF414A2441818A646E50342D6B6EA974",
  "PeNet.dll": "17CB2129765CF37099B7DC917C1ECA8E",
  "PInvoke.AdvApi32.dll": "34EE461D05B403C3A15D0DEC32A3788C",
  "PInvoke.BCrypt.dll": "FD07758EE1440491F22923084109FF26",
  "PInvoke.Cabinet.dll": "333D950E3804735DA60CC41D614C63E2",
  "PInvoke.CfgMgr32.dll": "768BE7CC18EDCF78B296A72ABE891691",
  "PInvoke.Crypt32.dll": "E7B00B0851738F4A7F2C6D37DAA973B4",
  "PInvoke.DbgHelp.dll": "E701136169620D20E3A70B560DE20E44",
  "PInvoke.DwmApi.dll": "ACF223CC8962404056648815B486F7D9",
  "PInvoke.Gdi32.dll": "69FF434826F98582CE44D3136ECFFACB",
  "PInvoke.Hid.dll": "2E7A41257F8AD9B26073181F450CD8E5",
  "PInvoke.ImageHlp.dll": "79BE816E8D86EA66489D7780DD675D49",
  "PInvoke.IPHlpApi.dll": "E949FA3326D1BA8872B179AB4EE49D38",
  "PInvoke.Kernel32.dll": "234E15B122ED430DE99490CA1A204958",
  "PInvoke.Magnification.dll": "C9EA3D34F506741ECC044DB19C151F09",
  "PInvoke.Msi.dll": "69EE50CE2DA6B55755E52589F49A7EBC",
  "PInvoke.NCrypt.dll": "DA1DE76C14D99370CA3BEF19DC299B15",
  "PInvoke.NetApi32.dll": "AE79F9FA2E3864A5E0642AE4622ECDC5",
  "PInvoke.NewDev.dll": "B3E1992105D986EF9C5C8E4B630FBB07",
  "PInvoke.NTDll.dll": "3F6BDF840EB27DD0FD9EB8071822183A",
  "PInvoke.Ole32.dll": "3C49FB100B60519FFE725BCD12A538F6",
  "PInvoke.Psapi.dll": "A7683EE4B880227F01C8AE632A892B9E",
  "PInvoke.SetupApi.dll": "1B7AE321185D0081D1759A9AD829F9BA",
  "PInvoke.SHCore.dll": "F27E7F063D51480F6D2294C903E4A606",
  "PInvoke.Shell32.dll": "F71A1BCAF6478190691170DAEA77722F",
  "PInvoke.User32.dll": "8BEDE38311ED4F27127290B81B8079FD",
  "PInvoke.Userenv.dll": "FEB7BCA90B8C905EC2F4BB0789847131",
  "PInvoke.UxTheme.dll": "8E683C016250CB719FDB9AAAFC22B3C5",
  "PInvoke.Windows.Core.dll": "90015440A44935208FFEA9BF61740651",
  "PInvoke.Windows.ShellScalingApi.dll": "F351B34B8C9183A51CADFDC279357C49",
  "PInvoke.WinUsb.dll": "9EB8A0280F2848D1A32B560A939F7336",
  "PInvoke.WtsApi32.dll": "341C94455D2E5893DBE4293D4D67AA4D",
  "Reloaded.Assembler.dll": "A7550C0E5CF4B8CA75D5F440B9DE25BE",
  "Reloaded.Hooks.Definitions.dll": "B85700AA19BEBEE7903F14DE40EB9091",
  "Reloaded.Hooks.dll": "44886390A4B5AB33F687EB135539716D",
  "Reloaded.Memory.Buffers.dll": "A854BA4F455060D2180B9EEB8652811A",
  "Reloaded.Memory.dll": "277A858718217C0888CE0403C9A7E574",
  "revision.txt": "9BAB7341F4429F78ADE492DA0318AA42",
  "SDL2-CS.config": "65557595FD5DF55D93B2BF881DE62C3A",
  "SDL2-CS.dll": "5889909CD2BB07D2830B9DA040448503",
  "Serilog.dll": "27FB79725CF3550AA247431E17018A30",
  "Serilog.Sinks.Async.dll": "56D8D55317148FBAF56EFCA8D1B2B518",
  "Serilog.Sinks.Console.dll": "70857245139987C374FD163DFA124C03",
  "Serilog.Sinks.File.dll": "62873A2EF368A8931B0A9E3A2D672E78",
  "SharpDX.Direct3D11.dll": "AB7B3F413768E3636F43F419E28D9A10",
  "SharpDX.dll": "5234652EBD69CAF067033F1DB61C01F1",
  "SharpDX.DXGI.dll": "D7778DC4265DABF6FB365F28080F0B30",
  "SharpDX.Mathematics.dll": "9958A14FFE8CCDE08A190F34DDC3C5DE",
  "Silk.NET.Core.dll": "7EEE105B0E7C5F2C97EAB7757D8D2A2D",
  "Silk.NET.GLFW.dll": "736E4EA5712FB65F68B956DCC7FBF304",
  "Silk.NET.Maths.dll": "CAEE515A88BEE12B608A874618995898",
  "Silk.NET.OpenGL.dll": "6943A14F78F78FEBF5AF72057F7AAF24",
  "Silk.NET.SDL.dll": "CDE1806358627F05077839E8A4420C74",
  "Silk.NET.Windowing.Common.dll": "BC18704F374246B5A7FC45F1E51D918C",
  "Silk.NET.Windowing.Glfw.dll": "A5EF91866A35875C4108A28364A79FC9",
  "Silk.NET.Windowing.Sdl.dll": "2ECBC194E08163C035C9039BEA09415A",
  "SQLite-net.dll": "92E0DE228F21AFD7AAB3273349BC51DA",
  "SQLitePCLRaw.batteries_v2.dll": "346255265290393221C9ACDA52AB89CA",
  "SQLitePCLRaw.core.dll": "F9AFE3D17F5EB65DD80B2023BDB43468",
  "SQLitePCLRaw.nativelibrary.dll": "1610338270EDA8902A3E84662ACCEDD3",
  "SQLitePCLRaw.provider.dynamic_cdecl.dll": "542443A7A8E20BFC1C5BF0052D45BABE",
  "StbiSharp.dll": "F6B6D8008D4D312FC6C0C23829C84331",
  "System.Reactive.dll": "EF5A00287AD15393D41B12AA4B726FF7",
  "System.Reflection.MetadataLoadContext.dll": "7EC41D41F4E1246757BA3E2EC862D562",
  "System.Security.Cryptography.Pkcs.dll": "8950E01996A37E808BE3F39063C37BF9",
  "TEMP_gitver.txt": "CF3A827F10DE9EC9B487D11E35A7FC22",
  "Validation.dll": "D96F2A14639A99555770556311E39225"
}
