{
  "cs\\Microsoft.VisualStudio.Threading.resources.dll": "59CC07A0788ED5D2D7B1EC4C24692B5E",
  "cs\\Microsoft.VisualStudio.Validation.resources.dll": "6D64EB21E28D7DA0951CCB11D5A111DB",
  "cs\\StreamJsonRpc.resources.dll": "187B9DF9156C8ECA5FFC2D8DFC0D0AEB",
  "de\\Microsoft.VisualStudio.Threading.resources.dll": "E8F71F6E86250EE8F040884F21901A84",
  "de\\Microsoft.VisualStudio.Validation.resources.dll": "6BDBEB8494C6DF5EE482065A9D7F0B1E",
  "de\\StreamJsonRpc.resources.dll": "18A2EE45995D18CB97504B89E1D8EA84",
  "es\\Microsoft.VisualStudio.Threading.resources.dll": "C91684BC69AC34D7C4761C769C4613CE",
  "es\\Microsoft.VisualStudio.Validation.resources.dll": "0F92DD2019CF7222118E8B5D9409A328",
  "es\\StreamJsonRpc.resources.dll": "1426AE60A50C341884A93E75FDCB8F15",
  "fr\\Microsoft.VisualStudio.Threading.resources.dll": "8DF66006C30B545517609BC994A333BF",
  "fr\\Microsoft.VisualStudio.Validation.resources.dll": "1299DF7F85B8ABCC8205E7F968E64DE5",
  "fr\\StreamJsonRpc.resources.dll": "E0EF73E9AC6F5AC89FEFA3E4442FA526",
  "it\\Microsoft.VisualStudio.Threading.resources.dll": "ACB2901AD3BA29250398D7F7C7F06472",
  "it\\Microsoft.VisualStudio.Validation.resources.dll": "E96AFCAC956DE57A60CF403431A06B9F",
  "it\\StreamJsonRpc.resources.dll": "AF93C232BE3DE144BDBA9D47B0CF1FBA",
  "ja\\Microsoft.VisualStudio.Threading.resources.dll": "57953EF05139ABD830A160D29D477AE7",
  "ja\\Microsoft.VisualStudio.Validation.resources.dll": "37C3387A524C942BC21029A532E0FA88",
  "ja\\StreamJsonRpc.resources.dll": "71C0BF4563B000F7F6FD977A56646389",
  "ko\\Microsoft.VisualStudio.Threading.resources.dll": "4E69F9315A2BE37081E916836BD2865B",
  "ko\\Microsoft.VisualStudio.Validation.resources.dll": "F7519010D92C7E3BF6DD25032575FD3D",
  "ko\\StreamJsonRpc.resources.dll": "0462338CED7D90B6A89AA6C5C0B553ED",
  "pl\\Microsoft.VisualStudio.Threading.resources.dll": "E957E9AD4D62A6EDE5DEDB85DCB66BE0",
  "pl\\Microsoft.VisualStudio.Validation.resources.dll": "157FEA4FF784A1A3C450AAEAFC808171",
  "pl\\StreamJsonRpc.resources.dll": "A386D42B9AC0F3349E75FA0711BF6125",
  "pt-BR\\Microsoft.VisualStudio.Threading.resources.dll": "D0E584DCA9CFC97B49480B5326D1BE85",
  "pt-BR\\Microsoft.VisualStudio.Validation.resources.dll": "F1D96FD5909173972C661A1D8FE629DB",
  "pt-BR\\StreamJsonRpc.resources.dll": "7FF82CEBA9C3AFD947DC59A5FE132C78",
  "ru\\Microsoft.VisualStudio.Threading.resources.dll": "53F0D3DFF78ACA534A9F06C3E435BCDE",
  "ru\\Microsoft.VisualStudio.Validation.resources.dll": "DA5D932621691D0A43F9C41589BEA612",
  "ru\\StreamJsonRpc.resources.dll": "2BE00971D9A6088B5EC340B210503234",
  "runtimes\\alpine-arm\\native\\libe_sqlite3.so": "87AF85204A246154501382901F3F6812",
  "runtimes\\alpine-arm64\\native\\libe_sqlite3.so": "CD4B9AAB53400EFE96ABC32B339A866A",
  "runtimes\\alpine-x64\\native\\libe_sqlite3.so": "6C9D6E34F1E932668237404D6EB6FC66",
  "runtimes\\browser-wasm\\nativeassets\\net7.0\\e_sqlite3.a": "E25518AC5EAD5E787448F3258236888E",
  "runtimes\\linux-arm\\native\\libe_sqlite3.so": "B8DA0DB6A447B5CCE98207F6A250FB84",
  "runtimes\\linux-arm64\\native\\libe_sqlite3.so": "A888898B38395A15F2DE200BAA8B486F",
  "runtimes\\linux-armel\\native\\libe_sqlite3.so": "54F3F4183B81387F7928ED0BB9B67B32",
  "runtimes\\linux-mips64\\native\\libe_sqlite3.so": "D56886A2E2F081CDEA1621BB18132764",
  "runtimes\\linux-musl-arm\\native\\libe_sqlite3.so": "87AF85204A246154501382901F3F6812",
  "runtimes\\linux-musl-arm64\\native\\libe_sqlite3.so": "CD4B9AAB53400EFE96ABC32B339A866A",
  "runtimes\\linux-musl-x64\\native\\libe_sqlite3.so": "6C9D6E34F1E932668237404D6EB6FC66",
  "runtimes\\linux-s390x\\native\\libe_sqlite3.so": "CB751CC76F280849C0E2F718D6784E69",
  "runtimes\\linux-x64\\native\\libe_sqlite3.so": "30098E7FAEB947BF5A5AE2FDB34E4461",
  "runtimes\\linux-x86\\native\\libe_sqlite3.so": "68872BD5071077981504636C2353EAA8",
  "runtimes\\maccatalyst-arm64\\native\\libe_sqlite3.dylib": "B2597C8799A6D21E5B98DB28C9C725FD",
  "runtimes\\maccatalyst-x64\\native\\libe_sqlite3.dylib": "19DCF2A64A7B5D1B8C7705AC809653A5",
  "runtimes\\osx-arm64\\native\\libe_sqlite3.dylib": "FB6D0058E0E849FA8715911B49790350",
  "runtimes\\osx-x64\\native\\libe_sqlite3.dylib": "DE5735102E730C1518C029DB3A0040A9",
  "runtimes\\win-arm\\native\\e_sqlite3.dll": "2F4CC5AA85F92F54170DCE777D7DE46A",
  "runtimes\\win-arm64\\native\\e_sqlite3.dll": "22C5F8CBED90F051D3CCED7AAA559A15",
  "runtimes\\win-x64\\native\\e_sqlite3.dll": "075D3F9E17FD0647D81D8444F71B206D",
  "runtimes\\win-x64\\native\\minhook.x64d.dll": "851939BE5FD2728348EF6766343025F5",
  "runtimes\\win-x86\\native\\e_sqlite3.dll": "6A77222A29FFBDBD5390FCE3543A7F3C",
  "tr\\Microsoft.VisualStudio.Threading.resources.dll": "538FE3DA0C0527DC98456020A4351A85",
  "tr\\Microsoft.VisualStudio.Validation.resources.dll": "7C15CA39FCA7DF71D62C46E6F03389EF",
  "tr\\StreamJsonRpc.resources.dll": "E2AD6BCEBF0533F4D421EE83B42795C1",
  "zh-Hans\\Microsoft.VisualStudio.Threading.resources.dll": "4263966625E34972E95A9C1A2A0C61E8",
  "zh-Hans\\Microsoft.VisualStudio.Validation.resources.dll": "EB7953D05EF1CE51E790708D42EE5D18",
  "zh-Hans\\StreamJsonRpc.resources.dll": "FF596CD821202672B86089A5AB619C71",
  "zh-Hant\\Microsoft.VisualStudio.Threading.resources.dll": "4B693EDFE83A99478E1041AA17FFC35A",
  "zh-Hant\\Microsoft.VisualStudio.Validation.resources.dll": "8EF011A0285333D0EEFE22D5AA7A1702",
  "zh-Hant\\StreamJsonRpc.resources.dll": "BBF8E9013F9B1244348840EAA9CAF9B0",
  "BCnEncoder.dll": "D2C4112E187EE0CC0E29792CEB81E7BD",
  "BitFaster.Caching.dll": "5B6619213C06722E17E5AB2A584C4644",
  "CheapLoc.dll": "412B8A4D4AB6C22754BC990300286BF1",
  "cimgui.dll": "3143337955F635FB7E8591420D3354B0",
  "cimguizmo.dll": "948CC2F55F60CC33C5104E729247B923",
  "cimplot.dll": "54B3F0FE2B23397E36A2FFCFBCCDA4CA",
  "commit_hash.txt": "54F4CD0A32B04BCD7042509BCAF7E69B",
  "CommunityToolkit.HighPerformance.dll": "66B64EC334625F2C5D341A45E28EEB43",
  "Dalamud.Bindings.ImGui.dll": "C8902932C8FC01A7EC7043DDEB5EC1C7",
  "Dalamud.Bindings.ImGuizmo.dll": "107F90C1D3CF2921E62F60A9DDAC4920",
  "Dalamud.Bindings.ImPlot.dll": "788BC2750B8B5131BF77AB555A58F965",
  "Dalamud.Boot.dll": "A5A056139774CCC48AB425B45D39C337",
  "Dalamud.Common.dll": "80DA34793752ADACB56FBB5D24E660D8",
  "Dalamud.deps.json": "A5EE1602147E31A539EAE63A3E811133",
  "Dalamud.dll": "F0C74BA7ED17101F94952820A4BF3E0D",
  "Dalamud.Injector.deps.json": "28C3C412E18C8E21BCEC052CCAF9CE11",
  "Dalamud.Injector.dll": "917CBBBFE265D9562097C2E280FDCBF3",
  "Dalamud.Injector.exe": "E38EE03728F5260F3B4636D61455F399",
  "Dalamud.Injector.runtimeconfig.json": "481C4D4F6151485203242D25F632FCC5",
  "Dalamud.Injector.xml": "573870DEB8A9854EC20203EDE9D78425",
  "Dalamud.runtimeconfig.json": "9DB7F0D7C94CA1AA6CA3ACFA6F93A1D8",
  "Dalamud.xml": "8F55E7846235DD4E13C2A814EC45C7AA",
  "DalamudCrashHandler.exe": "DE23F3B2C15314A4B2209CF4910E6E0F",
  "FASM-LICENSE.TXT": "ECEA1D10811221D5F0A3E96F9C38E2C7",
  "FASM.DLL": "AD651256FD55309BE9978CDE850BF1C8",
  "FASMX64.DLL": "E14649217CF37D71EDE0030E9CE4C817",
  "FFXIVClientStructs.dll": "79D5B6ED395DCC824D883BF1E7A448FE",
  "FFXIVClientStructs.xml": "4086C1F0B1F08B61EF214C78C225EDC3",
  "goatcorp.Reloaded.Assembler.dll": "398CEAB060D3A08B65A15E9C2FCF22B8",
  "goatcorp.Reloaded.Assembler.targets": "CC22CB0A353E2136EE9E6E96DB9F7164",
  "goatcorp.Reloaded.Hooks.dll": "7DBA69F104DFF49DC9EB428130EB1E09",
  "goatcorp.Reloaded.Memory.Buffers.dll": "09030E0CDB95FFF0AC68C387CFF6C280",
  "HexaGen.Runtime.dll": "3D0B91B8E4565D70FB6ECE4CA740270B",
  "Iced.dll": "1A674A931B6F3C8933DF0DC7630C3479",
  "ImGuiScene.dll": "08E870F803F4AC7163CAA9450692C54C",
  "InteropGenerator.Runtime.dll": "B9E0A276244FFF0A99B7E249B582AE60",
  "JetBrains.Annotations.dll": "D334483DFBCF8BE6062277E1FB3B94F3",
  "licenses.txt": "A159BE62AA91178EFC3E3983AE874D1D",
  "Lumina.dll": "25022602B30C6943BE3A03EBF73022AF",
  "Lumina.Excel.dll": "FCD25DFD2A2A05D5CBF1CDACEA87880C",
  "Lumina.Excel.xml": "8C361FFD52612B54A308E043847D6823",
  "MessagePack.Annotations.dll": "51870AE220580A593157E30836095A74",
  "MessagePack.dll": "28D2F1A2597782084629A4DD2694792F",
  "Microsoft.Extensions.ObjectPool.dll": "CB2B8426DF93B062B631BC85B3369BED",
  "Microsoft.NET.StringTools.dll": "88B3B9B25E54FF438D2F4F1609B726A4",
  "Microsoft.VisualStudio.Threading.dll": "EF2AC53B930F5ED16DA3B4CFB1033813",
  "Microsoft.VisualStudio.Validation.dll": "0B1D5949C6944383B1EE896C5E13D08B",
  "MinSharp.dll": "6D4C50C14E125805FEF3B0FE159DAD7C",
  "Mono.Cecil.dll": "0E23CB07972CB2971DFFA271D343923C",
  "Mono.Cecil.Mdb.dll": "C30DBB6267355D9EF1FEF7A90F562575",
  "Mono.Cecil.Pdb.dll": "897C220E65FF2F08C932D61F0E404C2B",
  "Mono.Cecil.Rocks.dll": "E42CC0C2B05F5B474DE92FB63186034B",
  "Nerdbank.Streams.dll": "539451E456062345AF25E7E17335299B",
  "nethost.dll": "21F39F71E2F4B5BA9FB3F126872F2F9B",
  "Newtonsoft.Json.dll": "C252FE44B67A08E6DAB4EADE3764DB49",
  "PeNet.Asn1.dll": "04342697591E39DA74995BA6EB72FA1B",
  "PeNet.dll": "032FB8DAC3AE8C1C13A3C0DF5B4404BA",
  "Reloaded.Hooks.Definitions.dll": "D85CC38D1F91B01008AEBF2040F79B8F",
  "Reloaded.Memory.Buffers.dll": "2F96FF82D5C2F12EAD627EDBDE4174AE",
  "Reloaded.Memory.dll": "AB0BFA605876EECE8D298A61855A967E",
  "revision.txt": "D5438E589313FC0036BBC291299C6FD4",
  "Serilog.dll": "9E67FDFA378F1E6220DE25BDEA27B999",
  "Serilog.Sinks.Async.dll": "C3103DE387D0CCCDC335DCEA7C436912",
  "Serilog.Sinks.Console.dll": "9D1FAAAB50102C02DD95D4A5BF0E3C25",
  "Serilog.Sinks.File.dll": "E84627BB2EE91AA98E49091D2053A5F1",
  "SQLite-net.dll": "4258B06506C5D47C4853BBF60B7EA245",
  "SQLitePCLRaw.batteries_v2.dll": "F93A33417ED05578B2CEC7638F937A6C",
  "SQLitePCLRaw.core.dll": "55470E887A659B1E2AAA6F3A21FF7C45",
  "SQLitePCLRaw.provider.e_sqlite3.dll": "2E257A0326B43CBD2C991A2A2EC2EED1",
  "StreamJsonRpc.dll": "6157633EE85D57CFF6772C1526F2D352",
  "System.Reactive.dll": "C6016588304D55406E3D1C2FA7D42903",
  "System.Reflection.MetadataLoadContext.dll": "284C720DEE2524BCF10DD1B5648AA303",
  "System.Security.Cryptography.Pkcs.dll": "17945B2BF07D9377E36AD3EBE69FF693",
  "TEMP_gitver.txt": "5F1D66620DF3FC94EE02C14C99988529",
  "TerraFX.Interop.Windows.dll": "C75D06E77DE5A095D45676A81CDE0DC9"
}
