{
  "runtimes\\linux-x64\\native\\libglfw.so.3": "9E3137144F68B9E9793F4C7AD5B1BEA7",
  "runtimes\\linux-x64\\native\\libSDL2-2.0.so": "99B95A708381FC66AB2370E45A260527",
  "runtimes\\linux-x64\\native\\libstbi.so": "0945355ED59677D06E3E88F48101BB26",
  "runtimes\\osx-x64\\native\\libglfw.3.dylib": "1E30FAB2F0C40E82290AD4B0BF14A880",
  "runtimes\\osx-x64\\native\\libSDL2-2.0.dylib": "AAC958490586C67395F0A90903AE3747",
  "runtimes\\osx-x64\\native\\libstbi.dylib": "0B84B0A6A80178266018081C3CAB68E6",
  "runtimes\\win-x64\\native\\cimgui.dll": "1479EA94DB54870CCEF13B42B3437F79",
  "runtimes\\win-x64\\native\\cimguizmo.dll": "C3BB90E1605DD1ECFBCEDA0545B731EA",
  "runtimes\\win-x64\\native\\cimplot.dll": "3F58C81BFFD5921C547744899D7D2950",
  "runtimes\\win-x64\\native\\glfw3.dll": "552033ADC7DD4E09FA365EC970422093",
  "runtimes\\win-x64\\native\\minhook.x64d.dll": "418B6DA9501D2907F8626BA260882CBB",
  "runtimes\\win-x64\\native\\SDL2.dll": "5EA07B7F62CCCB99B17293A0E696AC36",
  "runtimes\\win-x64\\native\\stbi.dll": "05C8043262C4817144651BB0FF9503CB",
  "runtimes\\win-x64\\native\\stbi.lib": "927C214DE576219E1F80DBE7798A0502",
  "runtimes\\win-x86\\native\\glfw3.dll": "437F45D3BB5F2563FD7A2324E617DE82",
  "runtimes\\win-x86\\native\\SDL2.dll": "AAD1ACCA3743DF7BBE3A1F8044ED6FCF",
  "targets\\Dalamud.Plugin.Bootstrap.targets": "72C91AC1B4F7C83711BB4C5834FE49A8",
  "targets\\Dalamud.Plugin.targets": "CE55DF182FBC948D33DB41454A31EEF9",
  "CheapLoc.dll": "8335A4B47586056B0B5F819F12041F9D",
  "Costura.dll": "6D41AEFE464339BCD2F5B48125E5C27D",
  "Dalamud.Boot.dll": "B03D49904A2F4988A041DE9492997E82",
  "Dalamud.deps.json": "051357BD08583BEAB8CB20902199B7AC",
  "Dalamud.dll": "00E454D17D89A5013BE60BF0060A025B",
  "Dalamud.Injector.deps.json": "D10EED2039C0151239F5EA4FE3A65A7B",
  "Dalamud.Injector.dll": "98EB303D354B0A8301DCC44DE9C6919B",
  "Dalamud.Injector.exe": "7B7451FEEB498F28BA170B9986A56B9B",
  "Dalamud.Injector.runtimeconfig.json": "AAAFA957BB3B382321D67ACC2D792553",
  "Dalamud.Injector.xml": "CC06A545B271F56E0781ECC82BDEF67F",
  "Dalamud.Interface.dll": "EE41E46133608B429838DD95DEC5FBC8",
  "Dalamud.runtimeconfig.json": "454E2BA21742B08CF0A9827950A92B0F",
  "Dalamud.xml": "CE7345C1187760487C8B388ED151DD5B",
  "DalamudCrashHandler.exe": "B9E8F572620F9850C1697B1E25EAD2B9",
  "FASM-LICENSE.TXT": "ECEA1D10811221D5F0A3E96F9C38E2C7",
  "FASM.DLL": "172131F38793503F4F66C3CD87AD7500",
  "FASMX64.DLL": "6ABCC3ECFE08A644EA1AC3C07E56A2DB",
  "FFXIVClientStructs.dll": "4470FF20812CC179193FCD15921B88F7",
  "FFXIVClientStructs.xml": "99D52300842511BA998676842AD0B2D7",
  "goaaats.Reloaded.Assembler.targets": "CC22CB0A353E2136EE9E6E96DB9F7164",
  "Iced.dll": "DD7C48DE344836F5A27B5110BB91B43C",
  "ImGui.NET.dll": "22D400EA45BD3C5365B6986A0051D8E6",
  "ImGuiScene.dll": "263D9087837749D92029464228820917",
  "JetBrains.Annotations.dll": "2ADA960E84549E4764F1B0F60DA1DE05",
  "licenses.txt": "A159BE62AA91178EFC3E3983AE874D1D",
  "Lumina.dll": "622DE788D56E1D77491D7B1119E10ABA",
  "Lumina.Excel.dll": "9DB173397B2C7B910B5B0C7384845AF5",
  "Microsoft.Bcl.HashCode.dll": "613AB56061ADF2284E047025207467E0",
  "Microsoft.DotNet.PlatformAbstractions.dll": "00AB0F02B1114C57C758F5AD595224F1",
  "Microsoft.Extensions.DependencyModel.dll": "F39BC76C10CFEA478C936FC4521A9FC9",
  "MinSharp.dll": "9BFF97C9BF0C5A0DC10081C709A92CE6",
  "Mono.Cecil.dll": "1662C8B3A1DD01B22FDF1DD164F737FF",
  "Mono.Cecil.Mdb.dll": "C130A1FC56D65410BF453945F9CF97C3",
  "Mono.Cecil.Pdb.dll": "A16939DDD96F8DAF2B8B52E84F3C429B",
  "Mono.Cecil.Rocks.dll": "446E5C14B89528B1A71CEF0C37A86E74",
  "MonoMod.Backports.dll": "4CED1784714FB005CE9F200C2C27FD0F",
  "MonoMod.Core.dll": "495F7D4D62B8618A4BAD6C562C10185E",
  "MonoMod.Iced.dll": "DA188D3C723DE51F6C5880206D8395D7",
  "MonoMod.ILHelpers.dll": "E9369086157EF4A99FC7009E01A157C8",
  "MonoMod.RuntimeDetour.dll": "E4C359535CAADFE3312A2B911AC874B6",
  "MonoMod.Utils.dll": "34D9B00311EF37AE785F2106F8F7F0FC",
  "nethost.dll": "012081214FE71F0F6ADCD9F4A71B2B00",
  "Newtonsoft.Json.dll": "86A83A63F12B55FD3718CFBFB577D7DC",
  "PeNet.Asn1.dll": "A4180FA38DB8910003A4E25F24B2FE8C",
  "PeNet.dll": "A776E2912B64F526CB87B396147BB165",
  "PInvoke.AdvApi32.dll": "34EE461D05B403C3A15D0DEC32A3788C",
  "PInvoke.BCrypt.dll": "FD07758EE1440491F22923084109FF26",
  "PInvoke.Cabinet.dll": "333D950E3804735DA60CC41D614C63E2",
  "PInvoke.CfgMgr32.dll": "768BE7CC18EDCF78B296A72ABE891691",
  "PInvoke.Crypt32.dll": "E7B00B0851738F4A7F2C6D37DAA973B4",
  "PInvoke.DbgHelp.dll": "E701136169620D20E3A70B560DE20E44",
  "PInvoke.DwmApi.dll": "ACF223CC8962404056648815B486F7D9",
  "PInvoke.Gdi32.dll": "69FF434826F98582CE44D3136ECFFACB",
  "PInvoke.Hid.dll": "2E7A41257F8AD9B26073181F450CD8E5",
  "PInvoke.ImageHlp.dll": "79BE816E8D86EA66489D7780DD675D49",
  "PInvoke.IPHlpApi.dll": "E949FA3326D1BA8872B179AB4EE49D38",
  "PInvoke.Kernel32.dll": "234E15B122ED430DE99490CA1A204958",
  "PInvoke.Magnification.dll": "C9EA3D34F506741ECC044DB19C151F09",
  "PInvoke.Msi.dll": "69EE50CE2DA6B55755E52589F49A7EBC",
  "PInvoke.NCrypt.dll": "DA1DE76C14D99370CA3BEF19DC299B15",
  "PInvoke.NetApi32.dll": "AE79F9FA2E3864A5E0642AE4622ECDC5",
  "PInvoke.NewDev.dll": "B3E1992105D986EF9C5C8E4B630FBB07",
  "PInvoke.NTDll.dll": "3F6BDF840EB27DD0FD9EB8071822183A",
  "PInvoke.Ole32.dll": "3C49FB100B60519FFE725BCD12A538F6",
  "PInvoke.Psapi.dll": "A7683EE4B880227F01C8AE632A892B9E",
  "PInvoke.SetupApi.dll": "1B7AE321185D0081D1759A9AD829F9BA",
  "PInvoke.SHCore.dll": "F27E7F063D51480F6D2294C903E4A606",
  "PInvoke.Shell32.dll": "F71A1BCAF6478190691170DAEA77722F",
  "PInvoke.User32.dll": "8BEDE38311ED4F27127290B81B8079FD",
  "PInvoke.Userenv.dll": "FEB7BCA90B8C905EC2F4BB0789847131",
  "PInvoke.UxTheme.dll": "8E683C016250CB719FDB9AAAFC22B3C5",
  "PInvoke.Windows.Core.dll": "90015440A44935208FFEA9BF61740651",
  "PInvoke.Windows.ShellScalingApi.dll": "F351B34B8C9183A51CADFDC279357C49",
  "PInvoke.WinUsb.dll": "9EB8A0280F2848D1A32B560A939F7336",
  "PInvoke.WtsApi32.dll": "341C94455D2E5893DBE4293D4D67AA4D",
  "Reloaded.Assembler.dll": "8EC91C6D5C21CFDCA73653E1A11BA238",
  "Reloaded.Hooks.Definitions.dll": "3CD7AE7780996849FC993EC72BD53CF6",
  "Reloaded.Hooks.dll": "814B1005BB7BBBC743F30A3C5E111ABD",
  "Reloaded.Memory.Buffers.dll": "4495D278EC1E8D7C7EA8342C0B19D9F6",
  "Reloaded.Memory.dll": "7146BEBFE8FE89CB31A590D6B093EBC0",
  "revision.txt": "64C53A52CB3BD1A01C03A64DB985C0CC",
  "SDL2-CS.config": "65557595FD5DF55D93B2BF881DE62C3A",
  "SDL2-CS.dll": "9A897743E936BB46A7CB7F23AA505781",
  "Serilog.dll": "E62F5B9D0FDA8193EE7CD4CD7A97F101",
  "Serilog.Sinks.Async.dll": "8FC5C7F4EAA4B52844B477E258D2870E",
  "Serilog.Sinks.Console.dll": "AD6765EA36401197A799BBBAF827D5A2",
  "Serilog.Sinks.File.dll": "AE3642D5C345658160FCC465D04589DF",
  "SharpDX.Direct3D11.dll": "35390344F7DB6C23BD1F3DE342F69C63",
  "SharpDX.dll": "1B11A290976F2937F694B063C088AF76",
  "SharpDX.DXGI.dll": "977CC1D4831D3651AD4A55C09601CB9A",
  "SharpDX.Mathematics.dll": "212F74EE0D4D2AED757F0C4738BD9146",
  "Silk.NET.Core.dll": "B6B969895587CA128215EBDA409C00BF",
  "Silk.NET.GLFW.dll": "1663C47F5EB53B9C3F4C6C0B88CDE7C5",
  "Silk.NET.Maths.dll": "8A088C127FE2B122CF682A2D0170525D",
  "Silk.NET.OpenGL.dll": "880103CC37617CC5ACCAD934E7341C5B",
  "Silk.NET.SDL.dll": "5603AAD22FC3E14275E71A258EF90ECA",
  "Silk.NET.Windowing.Common.dll": "C07A1E7DBC08D474A497C10F294D1A24",
  "Silk.NET.Windowing.Glfw.dll": "76B4145EAC64EA6A8A73D62E60C52DD0",
  "Silk.NET.Windowing.Sdl.dll": "C73ACEF10C7ADCA329717C22CBC6B6C1",
  "StbiSharp.dll": "0DC994B94A933F240DD263A314D19F90",
  "System.Reactive.dll": "EF5A00287AD15393D41B12AA4B726FF7",
  "System.Reflection.MetadataLoadContext.dll": "7EC41D41F4E1246757BA3E2EC862D562",
  "System.Security.Cryptography.Pkcs.dll": "8950E01996A37E808BE3F39063C37BF9",
  "TEMP_gitver.txt": "08F564F83BA68197EBE921F6C56A5218",
  "Validation.dll": "75DC7AB5919864FE5FB5F2BFA9F2F660"
}
