{
  "runtimes\\alpine-x64\\native\\libe_sqlite3.so": "39C244FEDBCD3DFC37041D4FCE1AE21D",
  "runtimes\\linux-arm\\native\\libe_sqlite3.so": "96CF54BC0EFB83D6E3F5F3E04997A59D",
  "runtimes\\linux-arm64\\native\\libe_sqlite3.so": "F079E55E7F3F9966A4A2052A3234E068",
  "runtimes\\linux-armel\\native\\libe_sqlite3.so": "C5A67D49434FC65D64E9C15778078C76",
  "runtimes\\linux-mips64\\native\\libe_sqlite3.so": "5F8461214089CFC677D46C19B7162161",
  "runtimes\\linux-musl-x64\\native\\libe_sqlite3.so": "39C244FEDBCD3DFC37041D4FCE1AE21D",
  "runtimes\\linux-x64\\native\\libe_sqlite3.so": "6F49C540D3AB9964D67A4A704C3D262D",
  "runtimes\\linux-x64\\native\\libglfw.so.3": "9E3137144F68B9E9793F4C7AD5B1BEA7",
  "runtimes\\linux-x64\\native\\libSDL2-2.0.so": "99B95A708381FC66AB2370E45A260527",
  "runtimes\\linux-x64\\native\\libstbi.so": "0945355ED59677D06E3E88F48101BB26",
  "runtimes\\linux-x86\\native\\libe_sqlite3.so": "5E0659B414CBD6DDC38C65582485853E",
  "runtimes\\osx-x64\\native\\libe_sqlite3.dylib": "F82AE134FCD1C080A69D775591406673",
  "runtimes\\osx-x64\\native\\libglfw.3.dylib": "1E30FAB2F0C40E82290AD4B0BF14A880",
  "runtimes\\osx-x64\\native\\libSDL2-2.0.dylib": "AAC958490586C67395F0A90903AE3747",
  "runtimes\\osx-x64\\native\\libstbi.dylib": "0B84B0A6A80178266018081C3CAB68E6",
  "runtimes\\win-arm\\native\\e_sqlite3.dll": "911ABCE8946A2A6587A0E0302C0DF404",
  "runtimes\\win-arm64\\native\\e_sqlite3.dll": "0108FFE97622B5FCB567B5CF30F4FA9D",
  "runtimes\\win-x64\\native\\cimgui.dll": "E38FFC02991D393FABB889957C5FD188",
  "runtimes\\win-x64\\native\\cimguizmo.dll": "A4D1709899900A2A60E4AFEEB29CD7A3",
  "runtimes\\win-x64\\native\\cimplot.dll": "4EC0BED2D565D1FD853662695A8D9179",
  "runtimes\\win-x64\\native\\e_sqlite3.dll": "97F32863C8B2BC41998A7484F035C9BC",
  "runtimes\\win-x64\\native\\glfw3.dll": "88FE6B92C9983F28A7A45C6CD3C61D42",
  "runtimes\\win-x64\\native\\minhook.x64d.dll": "71AD62026160A9A6130D29B20E9E643A",
  "runtimes\\win-x64\\native\\SDL2.dll": "37FC7D63B519AE703F41AA55730F849B",
  "runtimes\\win-x64\\native\\stbi.dll": "BA56B5491BA4091400B12386F8935BBB",
  "runtimes\\win-x64\\native\\stbi.lib": "927C214DE576219E1F80DBE7798A0502",
  "runtimes\\win-x86\\native\\e_sqlite3.dll": "32972FCED808ABA40DFD76BBEB0033D8",
  "runtimes\\win-x86\\native\\glfw3.dll": "DEC9B9508DC618687CD72CFC27017D36",
  "runtimes\\win-x86\\native\\SDL2.dll": "C0B905A1DD9559BE534FD49D287799A9",
  "targets\\Dalamud.Plugin.Bootstrap.targets": "C85635161398CD9852CF7212DB7EB904",
  "targets\\Dalamud.Plugin.targets": "11001C983157350F50D99F1A827999B5",
  "CheapLoc.dll": "C76B0445DE2933C4227BE5943E7FFB33",
  "Costura.dll": "2751DF7EF7326F1891AA7DCCA19DEE31",
  "Dalamud.Boot.dll": "BE7668E4ABFA613DBCFF2E0BC24E5A3E",
  "Dalamud.Common.dll": "401D2BB7800A281BCBA7FF2834873406",
  "Dalamud.deps.json": "2C187D7EED0E7F3E3D5502617CAF0E19",
  "Dalamud.dll": "CA3F56F896D669D4D112A6FFA5E610F9",
  "Dalamud.Injector.deps.json": "4E53ABE9A5D3E4592DA63EBF98DAAD86",
  "Dalamud.Injector.dll": "D30F4321FEFA27DB59BF3B60E2708AF8",
  "Dalamud.Injector.exe": "A28F2443D0879A04363F76DE128F15AA",
  "Dalamud.Injector.runtimeconfig.json": "AAAFA957BB3B382321D67ACC2D792553",
  "Dalamud.Injector.xml": "D41E5DF541D19A015215E777D7395C9C",
  "Dalamud.runtimeconfig.json": "15719C111D02D5BD45F37285FC8B6040",
  "Dalamud.xml": "4FFE31DBB2490AFD1763D277E14DD489",
  "DalamudCrashHandler.exe": "33363E6EAE2F427F335C0FF5C800FE3E",
  "FASM-LICENSE.TXT": "ECEA1D10811221D5F0A3E96F9C38E2C7",
  "FASM.DLL": "4C3B7481CF7EE503B5234E9903A29C78",
  "FASMX64.DLL": "A7119D2D0C1FE681CC4360DF84F3572B",
  "FFXIVClientStructs.dll": "E9E6D2B2BFF057D96D0FB65F36B50F63",
  "FFXIVClientStructs.xml": "08C8C63D475C837BDE9528BC1D68B9C9",
  "goaaats.Reloaded.Assembler.targets": "CC22CB0A353E2136EE9E6E96DB9F7164",
  "Iced.dll": "77F22370EBA00E8F665D8013B994EA72",
  "ImGui.NET.dll": "4F4C382F5B959FFBD67F604C4DB415DC",
  "ImGuiScene.dll": "BEABBBC98266327503F6A73733641930",
  "JetBrains.Annotations.dll": "580FCEA22B9AF913DF2BD3AE926AB3B9",
  "licenses.txt": "A159BE62AA91178EFC3E3983AE874D1D",
  "Lumina.dll": "E9963D5EE05AEDB6E52BE9A840D708FB",
  "Lumina.Excel.dll": "7D053D1C00E2A91FB657D2543AF2DEA4",
  "Microsoft.Bcl.HashCode.dll": "613AB56061ADF2284E047025207467E0",
  "Microsoft.DotNet.PlatformAbstractions.dll": "00AB0F02B1114C57C758F5AD595224F1",
  "Microsoft.Extensions.DependencyModel.dll": "F39BC76C10CFEA478C936FC4521A9FC9",
  "Microsoft.Extensions.ObjectPool.dll": "91B40FCF7D5A05DF428016DDFD05BABB",
  "MinSharp.dll": "496B942F8069C5A5F8E54A1868DA12AD",
  "Mono.Cecil.dll": "498F53B5FBB7F4703F874D6976D51522",
  "Mono.Cecil.Mdb.dll": "C66C89A42E9948F80F1C6BBB83106902",
  "Mono.Cecil.Pdb.dll": "2F7871769773DF727DD475E0C84F972D",
  "Mono.Cecil.Rocks.dll": "FA1FCE02E66ABA624A52BD1E3413FA8D",
  "MonoMod.Backports.dll": "DA3329EC45852EF0BE22A23A43F330B7",
  "MonoMod.Core.dll": "A6059F33BD0933E2CCE6B3BC5B617601",
  "MonoMod.Iced.dll": "24706444E8CD745486962B4376742294",
  "MonoMod.ILHelpers.dll": "D94B5B7EA3F4E006F5B7568487AD2A8C",
  "MonoMod.RuntimeDetour.dll": "B3918ADD59F22707699AB612C64B5DF1",
  "MonoMod.Utils.dll": "9DB8364C3E038BEA3D986404ABD82207",
  "nethost.dll": "012081214FE71F0F6ADCD9F4A71B2B00",
  "Newtonsoft.Json.dll": "86A83A63F12B55FD3718CFBFB577D7DC",
  "PeNet.Asn1.dll": "3BEB241998BBEB97E5B41ED5B69BC488",
  "PeNet.dll": "85E9F6D20126CC0B5DE6B20D97644BA1",
  "PInvoke.AdvApi32.dll": "34EE461D05B403C3A15D0DEC32A3788C",
  "PInvoke.BCrypt.dll": "FD07758EE1440491F22923084109FF26",
  "PInvoke.Cabinet.dll": "333D950E3804735DA60CC41D614C63E2",
  "PInvoke.CfgMgr32.dll": "768BE7CC18EDCF78B296A72ABE891691",
  "PInvoke.Crypt32.dll": "E7B00B0851738F4A7F2C6D37DAA973B4",
  "PInvoke.DbgHelp.dll": "E701136169620D20E3A70B560DE20E44",
  "PInvoke.DwmApi.dll": "ACF223CC8962404056648815B486F7D9",
  "PInvoke.Gdi32.dll": "69FF434826F98582CE44D3136ECFFACB",
  "PInvoke.Hid.dll": "2E7A41257F8AD9B26073181F450CD8E5",
  "PInvoke.ImageHlp.dll": "79BE816E8D86EA66489D7780DD675D49",
  "PInvoke.IPHlpApi.dll": "E949FA3326D1BA8872B179AB4EE49D38",
  "PInvoke.Kernel32.dll": "234E15B122ED430DE99490CA1A204958",
  "PInvoke.Magnification.dll": "C9EA3D34F506741ECC044DB19C151F09",
  "PInvoke.Msi.dll": "69EE50CE2DA6B55755E52589F49A7EBC",
  "PInvoke.NCrypt.dll": "DA1DE76C14D99370CA3BEF19DC299B15",
  "PInvoke.NetApi32.dll": "AE79F9FA2E3864A5E0642AE4622ECDC5",
  "PInvoke.NewDev.dll": "B3E1992105D986EF9C5C8E4B630FBB07",
  "PInvoke.NTDll.dll": "3F6BDF840EB27DD0FD9EB8071822183A",
  "PInvoke.Ole32.dll": "3C49FB100B60519FFE725BCD12A538F6",
  "PInvoke.Psapi.dll": "A7683EE4B880227F01C8AE632A892B9E",
  "PInvoke.SetupApi.dll": "1B7AE321185D0081D1759A9AD829F9BA",
  "PInvoke.SHCore.dll": "F27E7F063D51480F6D2294C903E4A606",
  "PInvoke.Shell32.dll": "F71A1BCAF6478190691170DAEA77722F",
  "PInvoke.User32.dll": "8BEDE38311ED4F27127290B81B8079FD",
  "PInvoke.Userenv.dll": "FEB7BCA90B8C905EC2F4BB0789847131",
  "PInvoke.UxTheme.dll": "8E683C016250CB719FDB9AAAFC22B3C5",
  "PInvoke.Windows.Core.dll": "90015440A44935208FFEA9BF61740651",
  "PInvoke.Windows.ShellScalingApi.dll": "F351B34B8C9183A51CADFDC279357C49",
  "PInvoke.WinUsb.dll": "9EB8A0280F2848D1A32B560A939F7336",
  "PInvoke.WtsApi32.dll": "341C94455D2E5893DBE4293D4D67AA4D",
  "Reloaded.Assembler.dll": "21849F52725DB6B5027F05657180F771",
  "Reloaded.Hooks.Definitions.dll": "C2576BD17DE81EB27F0D26E6D61A6BCD",
  "Reloaded.Hooks.dll": "8131832E33BC37BF96F40193CEB44F17",
  "Reloaded.Memory.Buffers.dll": "F00BE105A889E9040B799D91FC64565B",
  "Reloaded.Memory.dll": "A3F86A25E55F35FBC8666F99DD04C305",
  "revision.txt": "1F5795E7B93F423C397E6F7AAFF80133",
  "SDL2-CS.config": "65557595FD5DF55D93B2BF881DE62C3A",
  "SDL2-CS.dll": "48CCBFA278DFE02EC9CAAE56E3659F5F",
  "Serilog.dll": "458CAF4C7825E4CC606BE21759BBF05F",
  "Serilog.Sinks.Async.dll": "0E41E4E459377845AE80062A41D594C3",
  "Serilog.Sinks.Console.dll": "443D16D2182EAB31482222CAD6580880",
  "Serilog.Sinks.File.dll": "AB3A021B3B9F4C0F9E34152F8D6C17D0",
  "SharpDX.Direct3D11.dll": "3B2FD47C319004BFACD5569979BCBF07",
  "SharpDX.dll": "23EB651BA9641074B63D5016544964B5",
  "SharpDX.DXGI.dll": "C47A2B8080F4058E3075E70AA247F802",
  "SharpDX.Mathematics.dll": "DC0E87F7B431838E46A381BAD1062001",
  "Silk.NET.Core.dll": "9ADA9B21F4328C1DC07151900ECDF24E",
  "Silk.NET.GLFW.dll": "5006ED6EBE0EE29549116039A1964DF5",
  "Silk.NET.Maths.dll": "B2991311E30023C7528C577ECE0C5A1B",
  "Silk.NET.OpenGL.dll": "466427CC08B3D77F37088B14DE65E778",
  "Silk.NET.SDL.dll": "1AB175C7C4055381C254AC526890A3C7",
  "Silk.NET.Windowing.Common.dll": "FE3F3EAAA17D39953F209B7D0EE9CB83",
  "Silk.NET.Windowing.Glfw.dll": "1131FC8F7213AD34621609F4494217F5",
  "Silk.NET.Windowing.Sdl.dll": "E007E9ADA80299862092C6CF0730B3E5",
  "SQLite-net.dll": "39005E22C4E4CB640966C11F6A49670B",
  "SQLitePCLRaw.batteries_v2.dll": "99DE6996DA41AEB56D1A946EA5750594",
  "SQLitePCLRaw.core.dll": "312DA45252BC928E4696CC427BB6BF9B",
  "SQLitePCLRaw.nativelibrary.dll": "3A2FACCA8756381089CE8A5160FC3280",
  "SQLitePCLRaw.provider.dynamic_cdecl.dll": "7F160FD7D49B3523A8822DB4F21C786C",
  "StbiSharp.dll": "2B32917D0A8457F9BEF6064462A39653",
  "System.Reactive.dll": "EF5A00287AD15393D41B12AA4B726FF7",
  "System.Reflection.MetadataLoadContext.dll": "7EC41D41F4E1246757BA3E2EC862D562",
  "System.Security.Cryptography.Pkcs.dll": "8950E01996A37E808BE3F39063C37BF9",
  "TEMP_gitver.txt": "08A0AF411A23D26742026F4F223A58E0",
  "TerraFX.Interop.Windows.dll": "84F7EF6B0DE91F8CC23F773D3FD6DEC0",
  "Validation.dll": "1A9B4D2C915FD6428881636B8F144108"
}
