{
  "runtimes\\linux-x64\\native\\libglfw.so.3": "9E3137144F68B9E9793F4C7AD5B1BEA7",
  "runtimes\\linux-x64\\native\\libSDL2-2.0.so": "99B95A708381FC66AB2370E45A260527",
  "runtimes\\linux-x64\\native\\libstbi.so": "0945355ED59677D06E3E88F48101BB26",
  "runtimes\\osx-x64\\native\\libglfw.3.dylib": "1E30FAB2F0C40E82290AD4B0BF14A880",
  "runtimes\\osx-x64\\native\\libSDL2-2.0.dylib": "AAC958490586C67395F0A90903AE3747",
  "runtimes\\osx-x64\\native\\libstbi.dylib": "0B84B0A6A80178266018081C3CAB68E6",
  "runtimes\\win-x64\\native\\cimgui.dll": "4ED70770E26E095DED871C6433EE8A2E",
  "runtimes\\win-x64\\native\\cimguizmo.dll": "5E5DAEA596BF014712A422B5F36E063C",
  "runtimes\\win-x64\\native\\cimplot.dll": "3CF3D5FA5D6CC21EAED38C5D2B1615B6",
  "runtimes\\win-x64\\native\\glfw3.dll": "59A174985F1E7640020976AA18115545",
  "runtimes\\win-x64\\native\\minhook.x64d.dll": "1EB42B405C233C6EC3581D562164DF79",
  "runtimes\\win-x64\\native\\SDL2.dll": "0967A18DB8EE2CF7ED391C3DDA38B6B5",
  "runtimes\\win-x64\\native\\stbi.dll": "A45CC031E1D7F11A9C1B9D316F3722D1",
  "runtimes\\win-x64\\native\\stbi.lib": "927C214DE576219E1F80DBE7798A0502",
  "runtimes\\win-x86\\native\\glfw3.dll": "DB992F0C56AA71CAEDBA38E37949D50F",
  "runtimes\\win-x86\\native\\SDL2.dll": "B7778CBA17B5BC64308E2D040A736926",
  "targets\\Dalamud.Plugin.Bootstrap.targets": "6406D606CC8075DC321E93123D2DD09B",
  "targets\\Dalamud.Plugin.targets": "F6630CB3D5AC6755A1493FC19F2A36B4",
  "CheapLoc.dll": "6FE96BC99F30D18116FDBF0D332CE6B3",
  "Costura.dll": "B58EB9DB0E11E9A370975C0B4D75559C",
  "Dalamud.Boot.dll": "FB742D50E758F30E6AD852630413131B",
  "Dalamud.deps.json": "1326AB0554AFF85920217AD6548114B3",
  "Dalamud.dll": "1536521D3BDB528C88FBA9ED98E71F52",
  "Dalamud.Injector.deps.json": "D10EED2039C0151239F5EA4FE3A65A7B",
  "Dalamud.Injector.dll": "448EE66261D104C469FEFE7EE03A964E",
  "Dalamud.Injector.exe": "0958BE0FD493B39A4FA5AE9925E728F4",
  "Dalamud.Injector.runtimeconfig.json": "AAAFA957BB3B382321D67ACC2D792553",
  "Dalamud.Injector.xml": "CC06A545B271F56E0781ECC82BDEF67F",
  "Dalamud.Interface.dll": "3EAD175A57386DF3DD9C5EAFD4CAE7CD",
  "Dalamud.runtimeconfig.json": "454E2BA21742B08CF0A9827950A92B0F",
  "Dalamud.xml": "08A1EE24E6D5FC7EB427FD41EABB08E1",
  "DalamudCrashHandler.exe": "E629FD2832BBB156A96602A0B8724319",
  "FASM-LICENSE.TXT": "ECEA1D10811221D5F0A3E96F9C38E2C7",
  "FASM.DLL": "F590241A71678EC710C1DF25FA748517",
  "FASMX64.DLL": "5E44FB4ADD88EAED2532EDC02BC90A55",
  "FFXIVClientStructs.dll": "B7D1670386510DCB22F4926725949BC4",
  "FFXIVClientStructs.xml": "4B56947D96E5F5CA9F8D26F8A79F60A6",
  "goaaats.Reloaded.Assembler.targets": "CC22CB0A353E2136EE9E6E96DB9F7164",
  "Iced.dll": "045F035623A881864E26F2507B216208",
  "ImGui.NET.dll": "7D0D682AFBB52BFF25536D0A43890B3B",
  "ImGuiScene.dll": "B06BBE2D4B57D9DD08F7BC1A1F0489AE",
  "JetBrains.Annotations.dll": "7D3E70F4D5C87897C5C0E188006178CB",
  "licenses.txt": "A159BE62AA91178EFC3E3983AE874D1D",
  "Lumina.dll": "07C9DC86BFFC64A35466C4F03E2B9C81",
  "Lumina.Excel.dll": "5B88141CB460CB4FF315A462E5D809C3",
  "Microsoft.Bcl.HashCode.dll": "613AB56061ADF2284E047025207467E0",
  "Microsoft.DotNet.PlatformAbstractions.dll": "00AB0F02B1114C57C758F5AD595224F1",
  "Microsoft.Extensions.DependencyModel.dll": "F39BC76C10CFEA478C936FC4521A9FC9",
  "MinSharp.dll": "4F7C40B4A3C1517FC65B3CC76AC3B6F9",
  "Mono.Cecil.dll": "F817BF0D05CB1F4356BC9877127600F4",
  "Mono.Cecil.Mdb.dll": "00DA057A36C443ADB910DD722C93C59D",
  "Mono.Cecil.Pdb.dll": "5687BF166DF8BFB4CF4F230FC0C9B43B",
  "Mono.Cecil.Rocks.dll": "208FCA24B5C51DA48BF758CFF9BC1B5E",
  "MonoMod.Backports.dll": "8781C228CE9065E800C9CC062DCE56E2",
  "MonoMod.Core.dll": "365BFEEA7B9B8B487A5F7D31E101DCD5",
  "MonoMod.Iced.dll": "34537B0FF45DBCAB1B1CED0A6D67122B",
  "MonoMod.ILHelpers.dll": "1C8DB6A81DB451D75EFC49E06469ECD2",
  "MonoMod.RuntimeDetour.dll": "0087B1CC3411D066C889CB5DD525B51E",
  "MonoMod.Utils.dll": "6F2FE5A50B020B3F2F227386155012C5",
  "nethost.dll": "012081214FE71F0F6ADCD9F4A71B2B00",
  "Newtonsoft.Json.dll": "86A83A63F12B55FD3718CFBFB577D7DC",
  "PeNet.Asn1.dll": "936E75B56EA043E58E69F90B534CEF00",
  "PeNet.dll": "208E1E7A7140CADDCD2AD9BBEDFC9D6D",
  "PInvoke.AdvApi32.dll": "34EE461D05B403C3A15D0DEC32A3788C",
  "PInvoke.BCrypt.dll": "FD07758EE1440491F22923084109FF26",
  "PInvoke.Cabinet.dll": "333D950E3804735DA60CC41D614C63E2",
  "PInvoke.CfgMgr32.dll": "768BE7CC18EDCF78B296A72ABE891691",
  "PInvoke.Crypt32.dll": "E7B00B0851738F4A7F2C6D37DAA973B4",
  "PInvoke.DbgHelp.dll": "E701136169620D20E3A70B560DE20E44",
  "PInvoke.DwmApi.dll": "ACF223CC8962404056648815B486F7D9",
  "PInvoke.Gdi32.dll": "69FF434826F98582CE44D3136ECFFACB",
  "PInvoke.Hid.dll": "2E7A41257F8AD9B26073181F450CD8E5",
  "PInvoke.ImageHlp.dll": "79BE816E8D86EA66489D7780DD675D49",
  "PInvoke.IPHlpApi.dll": "E949FA3326D1BA8872B179AB4EE49D38",
  "PInvoke.Kernel32.dll": "234E15B122ED430DE99490CA1A204958",
  "PInvoke.Magnification.dll": "C9EA3D34F506741ECC044DB19C151F09",
  "PInvoke.Msi.dll": "69EE50CE2DA6B55755E52589F49A7EBC",
  "PInvoke.NCrypt.dll": "DA1DE76C14D99370CA3BEF19DC299B15",
  "PInvoke.NetApi32.dll": "AE79F9FA2E3864A5E0642AE4622ECDC5",
  "PInvoke.NewDev.dll": "B3E1992105D986EF9C5C8E4B630FBB07",
  "PInvoke.NTDll.dll": "3F6BDF840EB27DD0FD9EB8071822183A",
  "PInvoke.Ole32.dll": "3C49FB100B60519FFE725BCD12A538F6",
  "PInvoke.Psapi.dll": "A7683EE4B880227F01C8AE632A892B9E",
  "PInvoke.SetupApi.dll": "1B7AE321185D0081D1759A9AD829F9BA",
  "PInvoke.SHCore.dll": "F27E7F063D51480F6D2294C903E4A606",
  "PInvoke.Shell32.dll": "F71A1BCAF6478190691170DAEA77722F",
  "PInvoke.User32.dll": "8BEDE38311ED4F27127290B81B8079FD",
  "PInvoke.Userenv.dll": "FEB7BCA90B8C905EC2F4BB0789847131",
  "PInvoke.UxTheme.dll": "8E683C016250CB719FDB9AAAFC22B3C5",
  "PInvoke.Windows.Core.dll": "90015440A44935208FFEA9BF61740651",
  "PInvoke.Windows.ShellScalingApi.dll": "F351B34B8C9183A51CADFDC279357C49",
  "PInvoke.WinUsb.dll": "9EB8A0280F2848D1A32B560A939F7336",
  "PInvoke.WtsApi32.dll": "341C94455D2E5893DBE4293D4D67AA4D",
  "Reloaded.Assembler.dll": "C5AA2BF3FBB97FA26F1CD8D40A8D026F",
  "Reloaded.Hooks.Definitions.dll": "7D1DDB594BD87CEFFF4815FCCEB67067",
  "Reloaded.Hooks.dll": "375D2292DF8861A7290F0160EE3AB7D2",
  "Reloaded.Memory.Buffers.dll": "0D439B4006A524A031E8733BCCF1BD05",
  "Reloaded.Memory.dll": "44328EB8D0EC48BDA376902A20088CFA",
  "revision.txt": "74C407E263578D03D02C1123AA730B52",
  "SDL2-CS.config": "65557595FD5DF55D93B2BF881DE62C3A",
  "SDL2-CS.dll": "7DF55BA0BBA0162B51B5CE3AC2A526E3",
  "Serilog.dll": "BCDCE9011734463D7C715BFDEAD46CD5",
  "Serilog.Sinks.Async.dll": "400D01BA3E817646CDBFE59FB05FCCC8",
  "Serilog.Sinks.Console.dll": "CD0F9133FA1DF2D548335B0F46397EC5",
  "Serilog.Sinks.File.dll": "105F368C216E64C6E79BA3249510BE3C",
  "SharpDX.Direct3D11.dll": "EA023D63465EF8B06569BB0984E1B1CA",
  "SharpDX.dll": "DC412D954250C7F98534C541BE8168BB",
  "SharpDX.DXGI.dll": "2E4E6A84DECABB86A78727D034DCE397",
  "SharpDX.Mathematics.dll": "DE4EBC70539E3FBAB1B6A617098609F6",
  "Silk.NET.Core.dll": "96F22F094C7A0774A5809CA8EC4B359E",
  "Silk.NET.GLFW.dll": "8F928686B0E119067B3173B1030328E8",
  "Silk.NET.Maths.dll": "3C7B8F3E2B63770AA6688721D7F6248C",
  "Silk.NET.OpenGL.dll": "AE607DCB6668A9EC3BF7B57D31EA00FB",
  "Silk.NET.SDL.dll": "EACDC2675C769692196422AEF50AB632",
  "Silk.NET.Windowing.Common.dll": "E3FC038A82901AE8EB8C7E4FF1C440C8",
  "Silk.NET.Windowing.Glfw.dll": "4EFAC95A72A9B581A62D5D884C21C81C",
  "Silk.NET.Windowing.Sdl.dll": "9AD8EDB430F0A5D243BF04A35E9809F1",
  "StbiSharp.dll": "3E58AEBDEE87FC8B31B0DB2E1F8ADE13",
  "System.Reactive.dll": "EF5A00287AD15393D41B12AA4B726FF7",
  "System.Reflection.MetadataLoadContext.dll": "7EC41D41F4E1246757BA3E2EC862D562",
  "System.Security.Cryptography.Pkcs.dll": "8950E01996A37E808BE3F39063C37BF9",
  "TEMP_gitver.txt": "C1F755AA1C71A54B3D621EB1FB6C08FA",
  "Validation.dll": "F8BFD6BEB062B393FC06A6E1541B4644"
}
