{
  "runtimes\\linux-x64\\native\\libglfw.so.3": "9E3137144F68B9E9793F4C7AD5B1BEA7",
  "runtimes\\linux-x64\\native\\libSDL2-2.0.so": "99B95A708381FC66AB2370E45A260527",
  "runtimes\\linux-x64\\native\\libstbi.so": "0945355ED59677D06E3E88F48101BB26",
  "runtimes\\osx-x64\\native\\libglfw.3.dylib": "1E30FAB2F0C40E82290AD4B0BF14A880",
  "runtimes\\osx-x64\\native\\libSDL2-2.0.dylib": "AAC958490586C67395F0A90903AE3747",
  "runtimes\\osx-x64\\native\\libstbi.dylib": "0B84B0A6A80178266018081C3CAB68E6",
  "runtimes\\win-x64\\native\\cimgui.dll": "48D31485F7BF8AD6883DC4DB8DFDB621",
  "runtimes\\win-x64\\native\\cimguizmo.dll": "B68F4A71764FDFE58701AB2167E8A1E2",
  "runtimes\\win-x64\\native\\cimplot.dll": "C58565375897E4F4643F1D8C03E9A7E4",
  "runtimes\\win-x64\\native\\glfw3.dll": "B19D331A00F43B29BA8897AC0DF92ED6",
  "runtimes\\win-x64\\native\\minhook.x64d.dll": "9D6970D12B0FE793FD4CEB2E06054869",
  "runtimes\\win-x64\\native\\SDL2.dll": "92DD0DBAE5DF7816EC218F8EFB8ED1BA",
  "runtimes\\win-x64\\native\\stbi.dll": "6A0A534DE107F1955C215DF7F49B3E8D",
  "runtimes\\win-x64\\native\\stbi.lib": "927C214DE576219E1F80DBE7798A0502",
  "runtimes\\win-x86\\native\\glfw3.dll": "3E4962E5B3CCC48E970F85EF85F71B65",
  "runtimes\\win-x86\\native\\SDL2.dll": "3D4E23798CEF2A21C41BF3594181A3BB",
  "targets\\Dalamud.Plugin.Bootstrap.targets": "72C91AC1B4F7C83711BB4C5834FE49A8",
  "targets\\Dalamud.Plugin.targets": "CE55DF182FBC948D33DB41454A31EEF9",
  "CheapLoc.dll": "8446AE9FEECE7AB466EE293DAFAAE83D",
  "Costura.dll": "A093DB0FF18607EA2F94ECA2746908A2",
  "Dalamud.Boot.dll": "34D4E924D499FFB0485389F3FDF0C717",
  "Dalamud.deps.json": "051357BD08583BEAB8CB20902199B7AC",
  "Dalamud.dll": "C2DF8B9F9093E8F5071ADC72444576E4",
  "Dalamud.Injector.deps.json": "D10EED2039C0151239F5EA4FE3A65A7B",
  "Dalamud.Injector.dll": "E47A5C3DDF70ADDBE2BB6AC275AFCBF9",
  "Dalamud.Injector.exe": "960D79CBF781BC4AC59016A1966826EB",
  "Dalamud.Injector.runtimeconfig.json": "AAAFA957BB3B382321D67ACC2D792553",
  "Dalamud.Injector.xml": "CC06A545B271F56E0781ECC82BDEF67F",
  "Dalamud.Interface.dll": "96BFD2A56A325AEE83F53E0DE5B43406",
  "Dalamud.runtimeconfig.json": "454E2BA21742B08CF0A9827950A92B0F",
  "Dalamud.xml": "1FFD91DD88DF1F32F593CF02A6FE3990",
  "DalamudCrashHandler.exe": "3F7FEB6694B5349027675CAA4ED0DCF3",
  "FASM-LICENSE.TXT": "ECEA1D10811221D5F0A3E96F9C38E2C7",
  "FASM.DLL": "8FF5583AF7EF7B6A2D39C5321F9D475E",
  "FASMX64.DLL": "6E8810F789B75A2B8E8B062DEB8FA78D",
  "FFXIVClientStructs.dll": "E02C7E50F49E705BA45B92A0866EE207",
  "FFXIVClientStructs.xml": "99D52300842511BA998676842AD0B2D7",
  "goaaats.Reloaded.Assembler.targets": "CC22CB0A353E2136EE9E6E96DB9F7164",
  "Iced.dll": "EFAFA0FFB4324CC317D37822BE470022",
  "ImGui.NET.dll": "3D186707F6640824D5B98CF5E78C5E6D",
  "ImGuiScene.dll": "1CB2D20ACFFD5D8F5A914968878200B7",
  "JetBrains.Annotations.dll": "E2B068538A73DCE2E3D94AC324AD5A32",
  "licenses.txt": "A159BE62AA91178EFC3E3983AE874D1D",
  "Lumina.dll": "513D274A5164A1F27DC55092196D0B73",
  "Lumina.Excel.dll": "DACA7FEA33D337F6EFD6EEBF7FEE9B58",
  "Microsoft.Bcl.HashCode.dll": "613AB56061ADF2284E047025207467E0",
  "Microsoft.DotNet.PlatformAbstractions.dll": "00AB0F02B1114C57C758F5AD595224F1",
  "Microsoft.Extensions.DependencyModel.dll": "F39BC76C10CFEA478C936FC4521A9FC9",
  "MinSharp.dll": "C08B7D0B4C8FD37AA60F6B352851BE20",
  "Mono.Cecil.dll": "A80DA61FBD70D6C5FD14C74F263E6762",
  "Mono.Cecil.Mdb.dll": "7FD10569B33F7F1F7A9DEFF12D46CBBC",
  "Mono.Cecil.Pdb.dll": "EF8899752290E9ED4166F4E8FD6E5A6F",
  "Mono.Cecil.Rocks.dll": "BD31A9370DB87069026E45341E4BE948",
  "MonoMod.Backports.dll": "A705E353AE2991A61B9467F7933D6E14",
  "MonoMod.Core.dll": "C276B803749FB8B12316AA7CB7C4DCD1",
  "MonoMod.Iced.dll": "C39E19924CB8A71F81240CEEF15A6EBE",
  "MonoMod.ILHelpers.dll": "78A308ECBB04DB754AD729E0565E5E06",
  "MonoMod.RuntimeDetour.dll": "A093FD373128AE7C0B23541511186994",
  "MonoMod.Utils.dll": "252DAAA5CDAEC456B7A5A93D9BF88759",
  "nethost.dll": "012081214FE71F0F6ADCD9F4A71B2B00",
  "Newtonsoft.Json.dll": "86A83A63F12B55FD3718CFBFB577D7DC",
  "PeNet.Asn1.dll": "F5632C3147674C5AF151D25D93661577",
  "PeNet.dll": "DDFB8F21304A57410F46CA21610744E5",
  "PInvoke.AdvApi32.dll": "34EE461D05B403C3A15D0DEC32A3788C",
  "PInvoke.BCrypt.dll": "FD07758EE1440491F22923084109FF26",
  "PInvoke.Cabinet.dll": "333D950E3804735DA60CC41D614C63E2",
  "PInvoke.CfgMgr32.dll": "768BE7CC18EDCF78B296A72ABE891691",
  "PInvoke.Crypt32.dll": "E7B00B0851738F4A7F2C6D37DAA973B4",
  "PInvoke.DbgHelp.dll": "E701136169620D20E3A70B560DE20E44",
  "PInvoke.DwmApi.dll": "ACF223CC8962404056648815B486F7D9",
  "PInvoke.Gdi32.dll": "69FF434826F98582CE44D3136ECFFACB",
  "PInvoke.Hid.dll": "2E7A41257F8AD9B26073181F450CD8E5",
  "PInvoke.ImageHlp.dll": "79BE816E8D86EA66489D7780DD675D49",
  "PInvoke.IPHlpApi.dll": "E949FA3326D1BA8872B179AB4EE49D38",
  "PInvoke.Kernel32.dll": "234E15B122ED430DE99490CA1A204958",
  "PInvoke.Magnification.dll": "C9EA3D34F506741ECC044DB19C151F09",
  "PInvoke.Msi.dll": "69EE50CE2DA6B55755E52589F49A7EBC",
  "PInvoke.NCrypt.dll": "DA1DE76C14D99370CA3BEF19DC299B15",
  "PInvoke.NetApi32.dll": "AE79F9FA2E3864A5E0642AE4622ECDC5",
  "PInvoke.NewDev.dll": "B3E1992105D986EF9C5C8E4B630FBB07",
  "PInvoke.NTDll.dll": "3F6BDF840EB27DD0FD9EB8071822183A",
  "PInvoke.Ole32.dll": "3C49FB100B60519FFE725BCD12A538F6",
  "PInvoke.Psapi.dll": "A7683EE4B880227F01C8AE632A892B9E",
  "PInvoke.SetupApi.dll": "1B7AE321185D0081D1759A9AD829F9BA",
  "PInvoke.SHCore.dll": "F27E7F063D51480F6D2294C903E4A606",
  "PInvoke.Shell32.dll": "F71A1BCAF6478190691170DAEA77722F",
  "PInvoke.User32.dll": "8BEDE38311ED4F27127290B81B8079FD",
  "PInvoke.Userenv.dll": "FEB7BCA90B8C905EC2F4BB0789847131",
  "PInvoke.UxTheme.dll": "8E683C016250CB719FDB9AAAFC22B3C5",
  "PInvoke.Windows.Core.dll": "90015440A44935208FFEA9BF61740651",
  "PInvoke.Windows.ShellScalingApi.dll": "F351B34B8C9183A51CADFDC279357C49",
  "PInvoke.WinUsb.dll": "9EB8A0280F2848D1A32B560A939F7336",
  "PInvoke.WtsApi32.dll": "341C94455D2E5893DBE4293D4D67AA4D",
  "Reloaded.Assembler.dll": "4F20EE01C04B65C446ED46BA248FFF98",
  "Reloaded.Hooks.Definitions.dll": "FB943203E1173C7594064EB65379964E",
  "Reloaded.Hooks.dll": "127879966018B268C225DE8FD77DEC31",
  "Reloaded.Memory.Buffers.dll": "8FFCCFFEB0F4B828B07D1D6881AFB7A4",
  "Reloaded.Memory.dll": "8DDF000C43387F88BE46720D476AFCA6",
  "revision.txt": "7DC3338D429A3114842CA29DBBFCCFEF",
  "SDL2-CS.config": "65557595FD5DF55D93B2BF881DE62C3A",
  "SDL2-CS.dll": "A058B1D2B220AC09D910F57228A360C2",
  "Serilog.dll": "833E0AEEC91B630814F2E02640BD4ADC",
  "Serilog.Sinks.Async.dll": "F652B92F029A8EC56A5D0B610995B833",
  "Serilog.Sinks.Console.dll": "DE78B2F00182456A81FF7CEDD18AD0BD",
  "Serilog.Sinks.File.dll": "F3EB07AA9E7E4CC53A2540DEB661BAAA",
  "SharpDX.Direct3D11.dll": "3FEC693D28BA42705B154B552A21F964",
  "SharpDX.dll": "EDA95821126B994F1AEAE9A21CB1A19F",
  "SharpDX.DXGI.dll": "6EB8913EA392CE20DE25A6AAF5BBDAA2",
  "SharpDX.Mathematics.dll": "11DDC0BBB721F1B449F521B956C1B97B",
  "Silk.NET.Core.dll": "A1AC674C580238311A8F19D8FD29A20E",
  "Silk.NET.GLFW.dll": "22C780E1ADCC5633DC8D1199F63DB2CF",
  "Silk.NET.Maths.dll": "C6385F9CABBF4CBA79783986456953AA",
  "Silk.NET.OpenGL.dll": "CB68F40919414267CDFC763CABFB00A8",
  "Silk.NET.SDL.dll": "4F12F325CFC747709D7A6C3EC4CE4134",
  "Silk.NET.Windowing.Common.dll": "7DE3F2FC6F77B5BE06F29071A128B5BA",
  "Silk.NET.Windowing.Glfw.dll": "14AE948CFEB1B30309CE9BA66FCF70A0",
  "Silk.NET.Windowing.Sdl.dll": "296FD1C51253E0BD59D6103A9F75CFFF",
  "StbiSharp.dll": "36CECD032109048879BAF25BE1CF735C",
  "System.Reactive.dll": "EF5A00287AD15393D41B12AA4B726FF7",
  "System.Reflection.MetadataLoadContext.dll": "7EC41D41F4E1246757BA3E2EC862D562",
  "System.Security.Cryptography.Pkcs.dll": "8950E01996A37E808BE3F39063C37BF9",
  "TEMP_gitver.txt": "6B07E1AC5003BC2460984072DC6D4D8E",
  "Validation.dll": "1FF75F0A1C1822CE074980C1124728ED"
}
