{
  "runtimes\\alpine-x64\\native\\libe_sqlite3.so": "39C244FEDBCD3DFC37041D4FCE1AE21D",
  "runtimes\\linux-arm\\native\\libe_sqlite3.so": "96CF54BC0EFB83D6E3F5F3E04997A59D",
  "runtimes\\linux-arm64\\native\\libe_sqlite3.so": "F079E55E7F3F9966A4A2052A3234E068",
  "runtimes\\linux-armel\\native\\libe_sqlite3.so": "C5A67D49434FC65D64E9C15778078C76",
  "runtimes\\linux-mips64\\native\\libe_sqlite3.so": "5F8461214089CFC677D46C19B7162161",
  "runtimes\\linux-musl-x64\\native\\libe_sqlite3.so": "39C244FEDBCD3DFC37041D4FCE1AE21D",
  "runtimes\\linux-x64\\native\\libe_sqlite3.so": "6F49C540D3AB9964D67A4A704C3D262D",
  "runtimes\\linux-x64\\native\\libglfw.so.3": "9E3137144F68B9E9793F4C7AD5B1BEA7",
  "runtimes\\linux-x64\\native\\libSDL2-2.0.so": "99B95A708381FC66AB2370E45A260527",
  "runtimes\\linux-x64\\native\\libstbi.so": "0945355ED59677D06E3E88F48101BB26",
  "runtimes\\linux-x86\\native\\libe_sqlite3.so": "5E0659B414CBD6DDC38C65582485853E",
  "runtimes\\osx-x64\\native\\libe_sqlite3.dylib": "F82AE134FCD1C080A69D775591406673",
  "runtimes\\osx-x64\\native\\libglfw.3.dylib": "1E30FAB2F0C40E82290AD4B0BF14A880",
  "runtimes\\osx-x64\\native\\libSDL2-2.0.dylib": "AAC958490586C67395F0A90903AE3747",
  "runtimes\\osx-x64\\native\\libstbi.dylib": "0B84B0A6A80178266018081C3CAB68E6",
  "runtimes\\win-arm\\native\\e_sqlite3.dll": "6563896B5D5625F88F0F6AE2241FF540",
  "runtimes\\win-arm64\\native\\e_sqlite3.dll": "27635CBE28292F9E08943DB7595F5BF3",
  "runtimes\\win-x64\\native\\cimgui.dll": "8A841239590E96A63FA3E573542A33BE",
  "runtimes\\win-x64\\native\\cimguizmo.dll": "A8324CB13473CE7207B295338D224D77",
  "runtimes\\win-x64\\native\\cimplot.dll": "453FCD2D82F24EA1228BDC850530A22A",
  "runtimes\\win-x64\\native\\e_sqlite3.dll": "446CBFC12CD08E0CDC86E6261B5E0EBD",
  "runtimes\\win-x64\\native\\glfw3.dll": "D858641663DCF0C23C494CE592AFDEF2",
  "runtimes\\win-x64\\native\\minhook.x64d.dll": "147C8D894E600DFDF085FE2174CEDD7B",
  "runtimes\\win-x64\\native\\SDL2.dll": "205D5C4982FAF7701B0E22D73D0DF938",
  "runtimes\\win-x64\\native\\stbi.dll": "8DBB679D978D6943764D13A4389BD682",
  "runtimes\\win-x64\\native\\stbi.lib": "927C214DE576219E1F80DBE7798A0502",
  "runtimes\\win-x86\\native\\e_sqlite3.dll": "DEEC4A34D6B3BDFCC230BF512E10BDAE",
  "runtimes\\win-x86\\native\\glfw3.dll": "57EDA7D125AE4204052D6CDE634FDFD8",
  "runtimes\\win-x86\\native\\SDL2.dll": "EC91537E8E3E071E6715E640CCE1B08E",
  "targets\\Dalamud.Plugin.Bootstrap.targets": "C85635161398CD9852CF7212DB7EB904",
  "targets\\Dalamud.Plugin.targets": "DDD731601C06B16E10CF2F8990452A27",
  "BitFaster.Caching.dll": "E443CC4E0BF519EFFF72D101E0497A7B",
  "CheapLoc.dll": "1AE1B2F1646F48F18B73E295D697FBC2",
  "commit_hash.txt": "5A4A2BE513C5BBF26807491D4ACBC3E6",
  "Costura.dll": "73FE5DDE657C5924EB460AADED6FC8CB",
  "Dalamud.Boot.dll": "A1F0192FBE6E9CEF1DAF23EE17144CDA",
  "Dalamud.Common.dll": "21EBD1C796DB0D8280B1608F3B339A3E",
  "Dalamud.deps.json": "2055892670AB2F296AE4BE04B2CEA3FE",
  "Dalamud.dll": "7C2115B6B94ACACBC9D5356DDC1EA9AE",
  "Dalamud.Injector.deps.json": "973E5D437761614CB8BADBA9E2C0F6EA",
  "Dalamud.Injector.dll": "95CE4FD558F1100C4CAF948B9993C070",
  "Dalamud.Injector.exe": "E553AFB8AC9442797BF2E2E197409BCB",
  "Dalamud.Injector.runtimeconfig.json": "B9BB65FFE7924D4D8BABE9FA66303200",
  "Dalamud.Injector.xml": "D41E5DF541D19A015215E777D7395C9C",
  "Dalamud.runtimeconfig.json": "2A9CD915428BDD175E0889BD0C225F75",
  "Dalamud.xml": "EC29735A01BCB296CEA76ED8688C0AD7",
  "DalamudCrashHandler.exe": "28852409709FACA3CF261FEFB06B3CF3",
  "FASM-LICENSE.TXT": "ECEA1D10811221D5F0A3E96F9C38E2C7",
  "FASM.DLL": "98B69B6FD6C6A708DCB492DD32D8B1D8",
  "FASMX64.DLL": "8FBFA62A4738F261EA3488BEAC4A64AD",
  "FFXIVClientStructs.dll": "B3CF7E5E5942F8BED428A01B9FF80D10",
  "FFXIVClientStructs.xml": "5F4C2FF0E42FF6B539F5C163AFFC49E5",
  "goaaats.Reloaded.Assembler.targets": "CC22CB0A353E2136EE9E6E96DB9F7164",
  "Iced.dll": "CAF872150DCE2805B3E47A93340BA470",
  "ImGui.NET.dll": "15013A5527DA3D36A8666588673C9969",
  "ImGuiScene.dll": "75F17265F5A2D0412385DCC789CCE6BA",
  "InteropGenerator.Runtime.dll": "03EF56AD7F3B2A394A0770BF40DE14AC",
  "JetBrains.Annotations.dll": "154DB5AAB05AD50D2F4872684DC50E4B",
  "licenses.txt": "A159BE62AA91178EFC3E3983AE874D1D",
  "Lumina.dll": "3B22AFD3F19EEB5583E7079654832498",
  "Lumina.Excel.dll": "3B86028242DEA7A33C61CC6F6358A9D3",
  "Microsoft.Bcl.HashCode.dll": "613AB56061ADF2284E047025207467E0",
  "Microsoft.DotNet.PlatformAbstractions.dll": "00AB0F02B1114C57C758F5AD595224F1",
  "Microsoft.Extensions.DependencyModel.dll": "F39BC76C10CFEA478C936FC4521A9FC9",
  "Microsoft.Extensions.ObjectPool.dll": "FEE3CE8A84417360CC5ED787ED6F7DB1",
  "MinSharp.dll": "8CC923C43EFC84A52B733BF76E4ADBA4",
  "Mono.Cecil.dll": "E17239874BB3D8D5035E7B749EEB8DE4",
  "Mono.Cecil.Mdb.dll": "01611BE5703379CC45752EDEAF2B5B62",
  "Mono.Cecil.Pdb.dll": "55364E4FEFB2EC97A023827917AC5DCC",
  "Mono.Cecil.Rocks.dll": "C573F8495BF070E28082BBD512C1437A",
  "nethost.dll": "21F39F71E2F4B5BA9FB3F126872F2F9B",
  "Newtonsoft.Json.dll": "ADF3E3EECDE20B7C9661E9C47106A14A",
  "PeNet.Asn1.dll": "C659E0A7E69109806B651A062BB5E158",
  "PeNet.dll": "F4AA67ADCC4B3AB5F247B0F94A889B86",
  "PInvoke.AdvApi32.dll": "34EE461D05B403C3A15D0DEC32A3788C",
  "PInvoke.BCrypt.dll": "FD07758EE1440491F22923084109FF26",
  "PInvoke.Cabinet.dll": "333D950E3804735DA60CC41D614C63E2",
  "PInvoke.CfgMgr32.dll": "768BE7CC18EDCF78B296A72ABE891691",
  "PInvoke.Crypt32.dll": "E7B00B0851738F4A7F2C6D37DAA973B4",
  "PInvoke.DbgHelp.dll": "E701136169620D20E3A70B560DE20E44",
  "PInvoke.DwmApi.dll": "ACF223CC8962404056648815B486F7D9",
  "PInvoke.Gdi32.dll": "69FF434826F98582CE44D3136ECFFACB",
  "PInvoke.Hid.dll": "2E7A41257F8AD9B26073181F450CD8E5",
  "PInvoke.ImageHlp.dll": "79BE816E8D86EA66489D7780DD675D49",
  "PInvoke.IPHlpApi.dll": "E949FA3326D1BA8872B179AB4EE49D38",
  "PInvoke.Kernel32.dll": "234E15B122ED430DE99490CA1A204958",
  "PInvoke.Magnification.dll": "C9EA3D34F506741ECC044DB19C151F09",
  "PInvoke.Msi.dll": "69EE50CE2DA6B55755E52589F49A7EBC",
  "PInvoke.NCrypt.dll": "DA1DE76C14D99370CA3BEF19DC299B15",
  "PInvoke.NetApi32.dll": "AE79F9FA2E3864A5E0642AE4622ECDC5",
  "PInvoke.NewDev.dll": "B3E1992105D986EF9C5C8E4B630FBB07",
  "PInvoke.NTDll.dll": "3F6BDF840EB27DD0FD9EB8071822183A",
  "PInvoke.Ole32.dll": "3C49FB100B60519FFE725BCD12A538F6",
  "PInvoke.Psapi.dll": "A7683EE4B880227F01C8AE632A892B9E",
  "PInvoke.SetupApi.dll": "1B7AE321185D0081D1759A9AD829F9BA",
  "PInvoke.SHCore.dll": "F27E7F063D51480F6D2294C903E4A606",
  "PInvoke.Shell32.dll": "F71A1BCAF6478190691170DAEA77722F",
  "PInvoke.User32.dll": "8BEDE38311ED4F27127290B81B8079FD",
  "PInvoke.Userenv.dll": "FEB7BCA90B8C905EC2F4BB0789847131",
  "PInvoke.UxTheme.dll": "8E683C016250CB719FDB9AAAFC22B3C5",
  "PInvoke.Windows.Core.dll": "90015440A44935208FFEA9BF61740651",
  "PInvoke.Windows.ShellScalingApi.dll": "F351B34B8C9183A51CADFDC279357C49",
  "PInvoke.WinUsb.dll": "9EB8A0280F2848D1A32B560A939F7336",
  "PInvoke.WtsApi32.dll": "341C94455D2E5893DBE4293D4D67AA4D",
  "Reloaded.Assembler.dll": "AE9CC941C8A22AC161E03987463A1950",
  "Reloaded.Hooks.Definitions.dll": "4FC9EBF8EA86B63F082E5541E6DD8D72",
  "Reloaded.Hooks.dll": "358603CB4E25503291DE742296E00987",
  "Reloaded.Memory.Buffers.dll": "5AD0F03DAFF66BDE9504A1018AD092AC",
  "Reloaded.Memory.dll": "52B79C9F06085EEEFFD5EB9E793EA930",
  "revision.txt": "9CEEE7501BA30946FAB8728AEC06A9F5",
  "SDL2-CS.config": "65557595FD5DF55D93B2BF881DE62C3A",
  "SDL2-CS.dll": "A94DF81468EDD1C8E43BBD2D5154565D",
  "Serilog.dll": "5EB934D99A4BAFED4460EE7EC94DEB98",
  "Serilog.Sinks.Async.dll": "18E39DE59FFCA72D49D28D6F341D4D45",
  "Serilog.Sinks.Console.dll": "2A366411DB4DFD92A0A10D0F02E68DCB",
  "Serilog.Sinks.File.dll": "63B2F9DBA80D44B15011006494FFAC8C",
  "SharpDX.Direct3D11.dll": "D68F4AABFECD2A0B4741F6F948A13518",
  "SharpDX.dll": "08814362A1D5FE17D7540E0FDB237192",
  "SharpDX.DXGI.dll": "A4FE7D2C1D6389A6AB1C6263B1418CC7",
  "SharpDX.Mathematics.dll": "E515464246CB837CC0F7DA5E7BF4F3D7",
  "Silk.NET.Core.dll": "B8E13A5C30E3CD496704DB7622311BCD",
  "Silk.NET.GLFW.dll": "68C4EB23462ECE91A61A932F076B0BD8",
  "Silk.NET.Maths.dll": "E37AA8D439ABA66EB552C8A800B7DAC5",
  "Silk.NET.OpenGL.dll": "17C4AEBB5112967325A2AF3D3ECD3BA6",
  "Silk.NET.SDL.dll": "182A3AB50523CA3AC9A0FA5BCCEBDE3B",
  "Silk.NET.Windowing.Common.dll": "DD9BCB8CFDF463E0EC11F115664959D0",
  "Silk.NET.Windowing.Glfw.dll": "042068A3C95D073029CF140907F6D2C6",
  "Silk.NET.Windowing.Sdl.dll": "3549D4A57B7A4F9E8599FF125004BFDB",
  "SQLite-net.dll": "95EF0685168FE1FAD537A14E5ED6F000",
  "SQLitePCLRaw.batteries_v2.dll": "F48C0447C6F4B3498CC3BBE1D1E9C848",
  "SQLitePCLRaw.core.dll": "27B01BE9424F3C471634E8ADBC4BAA3D",
  "SQLitePCLRaw.nativelibrary.dll": "683FE9D6B69A6796CDB7B8A7E2BC31F8",
  "SQLitePCLRaw.provider.dynamic_cdecl.dll": "20D7D17F33ACCC1068972A3B65FD6832",
  "StbiSharp.dll": "35D132E82A593A41A9EF3EC019BF7AF7",
  "System.Reactive.dll": "EF5A00287AD15393D41B12AA4B726FF7",
  "System.Reflection.MetadataLoadContext.dll": "E88E3AF6D37736F339022C9ACC5F2F7B",
  "System.Security.Cryptography.Pkcs.dll": "8950E01996A37E808BE3F39063C37BF9",
  "TEMP_gitver.txt": "F976DF567461244E2AEDB65F5359C175",
  "TerraFX.Interop.Windows.dll": "84F7EF6B0DE91F8CC23F773D3FD6DEC0",
  "Validation.dll": "9E4C72B3BAB73F671969A44D97EC461B"
}
