{
  "runtimes\\alpine-x64\\native\\libe_sqlite3.so": "39C244FEDBCD3DFC37041D4FCE1AE21D",
  "runtimes\\linux-arm\\native\\libe_sqlite3.so": "96CF54BC0EFB83D6E3F5F3E04997A59D",
  "runtimes\\linux-arm64\\native\\libe_sqlite3.so": "F079E55E7F3F9966A4A2052A3234E068",
  "runtimes\\linux-armel\\native\\libe_sqlite3.so": "C5A67D49434FC65D64E9C15778078C76",
  "runtimes\\linux-mips64\\native\\libe_sqlite3.so": "5F8461214089CFC677D46C19B7162161",
  "runtimes\\linux-musl-x64\\native\\libe_sqlite3.so": "39C244FEDBCD3DFC37041D4FCE1AE21D",
  "runtimes\\linux-x64\\native\\libe_sqlite3.so": "6F49C540D3AB9964D67A4A704C3D262D",
  "runtimes\\linux-x64\\native\\libglfw.so.3": "9E3137144F68B9E9793F4C7AD5B1BEA7",
  "runtimes\\linux-x64\\native\\libSDL2-2.0.so": "99B95A708381FC66AB2370E45A260527",
  "runtimes\\linux-x64\\native\\libstbi.so": "0945355ED59677D06E3E88F48101BB26",
  "runtimes\\linux-x86\\native\\libe_sqlite3.so": "5E0659B414CBD6DDC38C65582485853E",
  "runtimes\\osx-x64\\native\\libe_sqlite3.dylib": "F82AE134FCD1C080A69D775591406673",
  "runtimes\\osx-x64\\native\\libglfw.3.dylib": "1E30FAB2F0C40E82290AD4B0BF14A880",
  "runtimes\\osx-x64\\native\\libSDL2-2.0.dylib": "AAC958490586C67395F0A90903AE3747",
  "runtimes\\osx-x64\\native\\libstbi.dylib": "0B84B0A6A80178266018081C3CAB68E6",
  "runtimes\\win-arm\\native\\e_sqlite3.dll": "65CB913DE7A12495E261FC2DB7454E72",
  "runtimes\\win-arm64\\native\\e_sqlite3.dll": "DC421DD214EA4AFDE6E0ADC4AE425069",
  "runtimes\\win-x64\\native\\e_sqlite3.dll": "F6AE8D550CBC3B07894834A521D3FEF2",
  "runtimes\\win-x64\\native\\glfw3.dll": "8BAA7CED08E6F559675C3DAC54C69C12",
  "runtimes\\win-x64\\native\\minhook.x64d.dll": "06EC83A9A5134617140431EE9F94B2A2",
  "runtimes\\win-x64\\native\\SDL2.dll": "1AEE0FE5471D6A4A11B27A02F4CFD705",
  "runtimes\\win-x64\\native\\stbi.dll": "B14474DFDE8F8F33B109689C9DF7CECF",
  "runtimes\\win-x64\\native\\stbi.lib": "927C214DE576219E1F80DBE7798A0502",
  "runtimes\\win-x86\\native\\e_sqlite3.dll": "E813B78E5434BDE416E5BF08E7B06440",
  "runtimes\\win-x86\\native\\glfw3.dll": "CD49F7C7681F9752409F1D92EE3DB8A2",
  "runtimes\\win-x86\\native\\SDL2.dll": "608C95B33ACA7883C6E90C2247C5D903",
  "targets\\Dalamud.Plugin.Bootstrap.targets": "C85635161398CD9852CF7212DB7EB904",
  "targets\\Dalamud.Plugin.targets": "69D15EDFB3D4F0BEE3A099216E4DE057",
  "BitFaster.Caching.dll": "E9C1BF9A90448196A8C6B2721F5C55CC",
  "CheapLoc.dll": "95DAF0B91AC64BD69CDDED876B8851D7",
  "cimgui.dll": "6A90B477223F3381505D69B73CBAF86B",
  "cimguizmo.dll": "A4704A75636A405848854EE0F465AB70",
  "cimplot.dll": "59E58F517DA8E61A191F9FADCA2AD2B9",
  "commit_hash.txt": "6361017F48802F26632B61A8DDD4E86D",
  "Dalamud.Boot.dll": "92D7C4C57636627B1F0DD5C450867EA3",
  "Dalamud.Common.dll": "554C67EB23FEF0C064D0F68B5C6ABDAC",
  "Dalamud.deps.json": "DC53DD49C7CA4EF843B3B7122DCD910A",
  "Dalamud.dll": "042F1B50B1CAE821E3449DB3BD13B053",
  "Dalamud.Injector.deps.json": "E30B9BD40106FFC14A5274A670979EDF",
  "Dalamud.Injector.dll": "E0374CC1BFB4B5E464594F7B42D0DAA0",
  "Dalamud.Injector.exe": "F72988D14325E8A92CBB19E0487EA054",
  "Dalamud.Injector.runtimeconfig.json": "B9BB65FFE7924D4D8BABE9FA66303200",
  "Dalamud.Injector.xml": "D41E5DF541D19A015215E777D7395C9C",
  "Dalamud.runtimeconfig.json": "2A9CD915428BDD175E0889BD0C225F75",
  "Dalamud.xml": "D4B80FC2A5ABB31B7AF7FFC237D260DF",
  "DalamudCrashHandler.exe": "9C54CF95B3F551D3A163461607558C08",
  "FASM-LICENSE.TXT": "ECEA1D10811221D5F0A3E96F9C38E2C7",
  "FASM.DLL": "83436B9B710EC9265C829C443CF5AF97",
  "FASMX64.DLL": "4F4FDC9BC3AEEF5ABD1FE84E67D219D3",
  "FFXIVClientStructs.dll": "239AC975D00280A26C323BF29D9929CD",
  "FFXIVClientStructs.xml": "D5156A79139CC92D9A28597FC8679535",
  "goaaats.Reloaded.Assembler.targets": "CC22CB0A353E2136EE9E6E96DB9F7164",
  "Iced.dll": "E2B5A25F7990ED9C8CBBD4B3351DA7AC",
  "ImGui.NET.dll": "037072B6A8DBAF5E3FC06136439224E1",
  "ImGuiScene.dll": "97036C5FD72514D01FCE866F6F4D15DA",
  "InteropGenerator.Runtime.dll": "309B40E1EC10A724A8772625C47C1F99",
  "JetBrains.Annotations.dll": "300D8C6E8276517F9147B6C9BAB249AC",
  "licenses.txt": "A159BE62AA91178EFC3E3983AE874D1D",
  "Lumina.dll": "3C6A82D8A7B2CD205FC962AE8E818FE0",
  "Lumina.Excel.dll": "9B3B3BDA7484D2B8EB22C1BFED14D3E5",
  "Microsoft.Bcl.HashCode.dll": "613AB56061ADF2284E047025207467E0",
  "Microsoft.DotNet.PlatformAbstractions.dll": "00AB0F02B1114C57C758F5AD595224F1",
  "Microsoft.Extensions.DependencyModel.dll": "F39BC76C10CFEA478C936FC4521A9FC9",
  "Microsoft.Extensions.ObjectPool.dll": "FEE3CE8A84417360CC5ED787ED6F7DB1",
  "MinSharp.dll": "D3E7BF313BED8F6A510B099E08D3BAB1",
  "Mono.Cecil.dll": "28CE99BBAFA2A0492A7C557CCD791A44",
  "Mono.Cecil.Mdb.dll": "8440D9DE3744A332758C056F811C0FCD",
  "Mono.Cecil.Pdb.dll": "0F7C332A9F8A5D317DB8989BA4CC0739",
  "Mono.Cecil.Rocks.dll": "66C4B0E6E7FCFE6D2765275EADAD96AA",
  "nethost.dll": "21F39F71E2F4B5BA9FB3F126872F2F9B",
  "Newtonsoft.Json.dll": "ADF3E3EECDE20B7C9661E9C47106A14A",
  "PeNet.Asn1.dll": "36F06064C00BA298CA51D06FA0C2B841",
  "PeNet.dll": "BE364B3491897AD292DA40FBF6528290",
  "PInvoke.AdvApi32.dll": "34EE461D05B403C3A15D0DEC32A3788C",
  "PInvoke.BCrypt.dll": "FD07758EE1440491F22923084109FF26",
  "PInvoke.Cabinet.dll": "333D950E3804735DA60CC41D614C63E2",
  "PInvoke.CfgMgr32.dll": "768BE7CC18EDCF78B296A72ABE891691",
  "PInvoke.Crypt32.dll": "E7B00B0851738F4A7F2C6D37DAA973B4",
  "PInvoke.DbgHelp.dll": "E701136169620D20E3A70B560DE20E44",
  "PInvoke.DwmApi.dll": "ACF223CC8962404056648815B486F7D9",
  "PInvoke.Gdi32.dll": "69FF434826F98582CE44D3136ECFFACB",
  "PInvoke.Hid.dll": "2E7A41257F8AD9B26073181F450CD8E5",
  "PInvoke.ImageHlp.dll": "79BE816E8D86EA66489D7780DD675D49",
  "PInvoke.IPHlpApi.dll": "E949FA3326D1BA8872B179AB4EE49D38",
  "PInvoke.Kernel32.dll": "234E15B122ED430DE99490CA1A204958",
  "PInvoke.Magnification.dll": "C9EA3D34F506741ECC044DB19C151F09",
  "PInvoke.Msi.dll": "69EE50CE2DA6B55755E52589F49A7EBC",
  "PInvoke.NCrypt.dll": "DA1DE76C14D99370CA3BEF19DC299B15",
  "PInvoke.NetApi32.dll": "AE79F9FA2E3864A5E0642AE4622ECDC5",
  "PInvoke.NewDev.dll": "B3E1992105D986EF9C5C8E4B630FBB07",
  "PInvoke.NTDll.dll": "3F6BDF840EB27DD0FD9EB8071822183A",
  "PInvoke.Ole32.dll": "3C49FB100B60519FFE725BCD12A538F6",
  "PInvoke.Psapi.dll": "A7683EE4B880227F01C8AE632A892B9E",
  "PInvoke.SetupApi.dll": "1B7AE321185D0081D1759A9AD829F9BA",
  "PInvoke.SHCore.dll": "F27E7F063D51480F6D2294C903E4A606",
  "PInvoke.Shell32.dll": "F71A1BCAF6478190691170DAEA77722F",
  "PInvoke.User32.dll": "8BEDE38311ED4F27127290B81B8079FD",
  "PInvoke.Userenv.dll": "FEB7BCA90B8C905EC2F4BB0789847131",
  "PInvoke.UxTheme.dll": "8E683C016250CB719FDB9AAAFC22B3C5",
  "PInvoke.Windows.Core.dll": "90015440A44935208FFEA9BF61740651",
  "PInvoke.Windows.ShellScalingApi.dll": "F351B34B8C9183A51CADFDC279357C49",
  "PInvoke.WinUsb.dll": "9EB8A0280F2848D1A32B560A939F7336",
  "PInvoke.WtsApi32.dll": "341C94455D2E5893DBE4293D4D67AA4D",
  "Reloaded.Assembler.dll": "02E14BF9030DA7DE9B92B37AE00B94BD",
  "Reloaded.Hooks.Definitions.dll": "79B5B06017B6A710B024868C5C15FECD",
  "Reloaded.Hooks.dll": "9AF3DDFAB67D3F45313C8DC81CBA4929",
  "Reloaded.Memory.Buffers.dll": "83144E4B9D6C71B86243C5DDDE8ED510",
  "Reloaded.Memory.dll": "C98B9F693490FBA4F22CA719C72C8734",
  "revision.txt": "6074C6AA3488F3C2DDDFF2A7CA821AAB",
  "SDL2-CS.config": "65557595FD5DF55D93B2BF881DE62C3A",
  "SDL2-CS.dll": "A88C187576BFEB2C5DB22523ABDFB602",
  "Serilog.dll": "658728CFD9907E861FBDDA1007F90095",
  "Serilog.Sinks.Async.dll": "B215A3368552781913C37EF67F0ABF27",
  "Serilog.Sinks.Console.dll": "B0E8E17C81CF181AFBECF44E5A6C23C3",
  "Serilog.Sinks.File.dll": "640BF210AB383C2D69ACB58C9CB283E9",
  "SharpDX.Direct3D11.dll": "1D421002F4B25A9BD77E580EF2A2124C",
  "SharpDX.dll": "41656A77E37C08DAD06616AAA5A68A0B",
  "SharpDX.DXGI.dll": "1B2B431EBF4736534B6B8EEE695218B5",
  "SharpDX.Mathematics.dll": "453BA741DB445D5580A2C9585928F825",
  "Silk.NET.Core.dll": "63AA58871AB9DF1D2286278243B95909",
  "Silk.NET.GLFW.dll": "B474E607A9E89EE79EEC84C28D8FD55B",
  "Silk.NET.Maths.dll": "76A4D34F3BDC5AAEB4BC510404186391",
  "Silk.NET.OpenGL.dll": "F646D839E073FE3CEF7E38A768B09925",
  "Silk.NET.SDL.dll": "FCCB2FA9420617790150DF7629E60918",
  "Silk.NET.Windowing.Common.dll": "11A0B0E3DAA909868EF99D31E6AC3AC0",
  "Silk.NET.Windowing.Glfw.dll": "75D7F3B0B64E6217B93F54BE8346CDEB",
  "Silk.NET.Windowing.Sdl.dll": "1D88B29DD4EDF45C2D333B3562101E25",
  "SQLite-net.dll": "611932FF31BE0A806105DEBFA7250300",
  "SQLitePCLRaw.batteries_v2.dll": "9560ED1EAA13AE0555BF0A1CDB63FC67",
  "SQLitePCLRaw.core.dll": "51918A5C122F57B1B8CAC15836D3CB01",
  "SQLitePCLRaw.nativelibrary.dll": "184495CC492D9C2A0C9F6F5856ABFE7A",
  "SQLitePCLRaw.provider.dynamic_cdecl.dll": "02150403EDFF2AA48FFCC843F6B2D690",
  "StbiSharp.dll": "EF98AAFA02E401FAE66D661D6067C138",
  "System.Reactive.dll": "EF5A00287AD15393D41B12AA4B726FF7",
  "System.Reflection.MetadataLoadContext.dll": "E88E3AF6D37736F339022C9ACC5F2F7B",
  "System.Security.Cryptography.Pkcs.dll": "8950E01996A37E808BE3F39063C37BF9",
  "TEMP_gitver.txt": "45BFEC13F36C5688974BA2AC4D3498E5",
  "TerraFX.Interop.Windows.dll": "84F7EF6B0DE91F8CC23F773D3FD6DEC0",
  "Validation.dll": "FCE4694414749F181B0161B15751BD74"
}
