{
  "runtimes\\alpine-x64\\native\\libe_sqlite3.so": "39C244FEDBCD3DFC37041D4FCE1AE21D",
  "runtimes\\linux-arm\\native\\libe_sqlite3.so": "96CF54BC0EFB83D6E3F5F3E04997A59D",
  "runtimes\\linux-arm64\\native\\libe_sqlite3.so": "F079E55E7F3F9966A4A2052A3234E068",
  "runtimes\\linux-armel\\native\\libe_sqlite3.so": "C5A67D49434FC65D64E9C15778078C76",
  "runtimes\\linux-mips64\\native\\libe_sqlite3.so": "5F8461214089CFC677D46C19B7162161",
  "runtimes\\linux-musl-x64\\native\\libe_sqlite3.so": "39C244FEDBCD3DFC37041D4FCE1AE21D",
  "runtimes\\linux-x64\\native\\libe_sqlite3.so": "6F49C540D3AB9964D67A4A704C3D262D",
  "runtimes\\linux-x64\\native\\libglfw.so.3": "9E3137144F68B9E9793F4C7AD5B1BEA7",
  "runtimes\\linux-x64\\native\\libSDL2-2.0.so": "99B95A708381FC66AB2370E45A260527",
  "runtimes\\linux-x64\\native\\libstbi.so": "0945355ED59677D06E3E88F48101BB26",
  "runtimes\\linux-x86\\native\\libe_sqlite3.so": "5E0659B414CBD6DDC38C65582485853E",
  "runtimes\\osx-x64\\native\\libe_sqlite3.dylib": "F82AE134FCD1C080A69D775591406673",
  "runtimes\\osx-x64\\native\\libglfw.3.dylib": "1E30FAB2F0C40E82290AD4B0BF14A880",
  "runtimes\\osx-x64\\native\\libSDL2-2.0.dylib": "AAC958490586C67395F0A90903AE3747",
  "runtimes\\osx-x64\\native\\libstbi.dylib": "0B84B0A6A80178266018081C3CAB68E6",
  "runtimes\\win-arm\\native\\e_sqlite3.dll": "D5F3113660DFAC1C5FDFEF3CF0425B1B",
  "runtimes\\win-arm64\\native\\e_sqlite3.dll": "45837EFD1AFA1DA784B4AF37589D7762",
  "runtimes\\win-x64\\native\\cimgui.dll": "E9AB291B9EE020B78EF926B3C63ED138",
  "runtimes\\win-x64\\native\\cimguizmo.dll": "8802E11D4D025EA44C325110CA4B9966",
  "runtimes\\win-x64\\native\\cimplot.dll": "FF61928F31835E3C294ACE4AB7451643",
  "runtimes\\win-x64\\native\\e_sqlite3.dll": "F69094B733654B4683068D990BD580BA",
  "runtimes\\win-x64\\native\\glfw3.dll": "6E35CA2A935C171BA0E70D89911422BE",
  "runtimes\\win-x64\\native\\minhook.x64d.dll": "2A587AB65A497D7A6FFDAD264633127A",
  "runtimes\\win-x64\\native\\SDL2.dll": "142610D989189A001ABE35E1DE98D714",
  "runtimes\\win-x64\\native\\stbi.dll": "AAD128B7C70AC0A2CE98528A536B3E99",
  "runtimes\\win-x64\\native\\stbi.lib": "927C214DE576219E1F80DBE7798A0502",
  "runtimes\\win-x86\\native\\e_sqlite3.dll": "5440A4370890387A10463CF5029A547F",
  "runtimes\\win-x86\\native\\glfw3.dll": "2156252A706E00168BA7AF276823B4F2",
  "runtimes\\win-x86\\native\\SDL2.dll": "D2780D2C64DD7CEE2403CA03AD28F9F9",
  "targets\\Dalamud.Plugin.Bootstrap.targets": "C85635161398CD9852CF7212DB7EB904",
  "targets\\Dalamud.Plugin.targets": "E2AA900DB1F6596D1C203D4112A10F5E",
  "CheapLoc.dll": "1D94C223DD6B250B8756C8AD74CF4AA4",
  "Costura.dll": "5AF713B15A5DF4AE1A0B4D7058F6A751",
  "Dalamud.Boot.dll": "8365C0F5D80F49EA3FEE851CA8F5C53B",
  "Dalamud.Common.dll": "45D1FA8791D2C122A719AE06B209228F",
  "Dalamud.deps.json": "FB9CE5ED119DC72AA6FCD7A13B9CB96A",
  "Dalamud.dll": "FA80D29B269450CDE997118D3AA5875F",
  "Dalamud.Injector.deps.json": "C1FA0941DC8B38E415776C60C508AAB9",
  "Dalamud.Injector.dll": "64C43DB789884470CCC99272C2078E87",
  "Dalamud.Injector.exe": "7CF74D12EA16E86BE311CCF9CD7402E2",
  "Dalamud.Injector.runtimeconfig.json": "B9BB65FFE7924D4D8BABE9FA66303200",
  "Dalamud.Injector.xml": "D41E5DF541D19A015215E777D7395C9C",
  "Dalamud.runtimeconfig.json": "2A9CD915428BDD175E0889BD0C225F75",
  "Dalamud.xml": "CEDD038EBD288873F91F9867A2F043FA",
  "DalamudCrashHandler.exe": "456DE89058A531C8AD9901CE0CC6B81F",
  "FASM-LICENSE.TXT": "ECEA1D10811221D5F0A3E96F9C38E2C7",
  "FASM.DLL": "C6EC09950C461B94B9D8B254C40FEC9D",
  "FASMX64.DLL": "9EDFE924154CCF0944A8D582557311D5",
  "FFXIVClientStructs.dll": "822E740115F9248EABDDBD342577B2B8",
  "FFXIVClientStructs.xml": "E19E8A3769165D4C4159D276B5CDEF57",
  "goaaats.Reloaded.Assembler.targets": "CC22CB0A353E2136EE9E6E96DB9F7164",
  "Iced.dll": "B59167F2C84F2D661B83D77137E9B547",
  "ImGui.NET.dll": "507374EC3C8AC17C167BFCA8180EA91D",
  "ImGuiScene.dll": "A55CEC88303FDCEFCFD31D8231689B71",
  "JetBrains.Annotations.dll": "DBC60CE134B2BF710D08C3AF03F8A037",
  "licenses.txt": "A159BE62AA91178EFC3E3983AE874D1D",
  "Lumina.dll": "E9F1167D1DB285149C7CC3B673716893",
  "Lumina.Excel.dll": "B47AE480C4D197F20B0AB2661E4667F4",
  "Microsoft.Bcl.HashCode.dll": "613AB56061ADF2284E047025207467E0",
  "Microsoft.DotNet.PlatformAbstractions.dll": "00AB0F02B1114C57C758F5AD595224F1",
  "Microsoft.Extensions.DependencyModel.dll": "F39BC76C10CFEA478C936FC4521A9FC9",
  "Microsoft.Extensions.ObjectPool.dll": "FEE3CE8A84417360CC5ED787ED6F7DB1",
  "MinSharp.dll": "A5ED35D9204EDB5DA68CA1ABE1E98988",
  "Mono.Cecil.dll": "1CE86EC1265B41E8E403C293832F1DA2",
  "Mono.Cecil.Mdb.dll": "32613113862EF58B3C6E477654BA492D",
  "Mono.Cecil.Pdb.dll": "5A8AC73827CBC9F0A6BFCA5651FCA946",
  "Mono.Cecil.Rocks.dll": "19C40757F055606C3B7C36EE39C4850C",
  "nethost.dll": "012081214FE71F0F6ADCD9F4A71B2B00",
  "Newtonsoft.Json.dll": "86A83A63F12B55FD3718CFBFB577D7DC",
  "PeNet.Asn1.dll": "ED7AB548B66DA3AF385826F9A3B475E1",
  "PeNet.dll": "BBED516A8CEF8D57885D58FCEA25477B",
  "PInvoke.AdvApi32.dll": "34EE461D05B403C3A15D0DEC32A3788C",
  "PInvoke.BCrypt.dll": "FD07758EE1440491F22923084109FF26",
  "PInvoke.Cabinet.dll": "333D950E3804735DA60CC41D614C63E2",
  "PInvoke.CfgMgr32.dll": "768BE7CC18EDCF78B296A72ABE891691",
  "PInvoke.Crypt32.dll": "E7B00B0851738F4A7F2C6D37DAA973B4",
  "PInvoke.DbgHelp.dll": "E701136169620D20E3A70B560DE20E44",
  "PInvoke.DwmApi.dll": "ACF223CC8962404056648815B486F7D9",
  "PInvoke.Gdi32.dll": "69FF434826F98582CE44D3136ECFFACB",
  "PInvoke.Hid.dll": "2E7A41257F8AD9B26073181F450CD8E5",
  "PInvoke.ImageHlp.dll": "79BE816E8D86EA66489D7780DD675D49",
  "PInvoke.IPHlpApi.dll": "E949FA3326D1BA8872B179AB4EE49D38",
  "PInvoke.Kernel32.dll": "234E15B122ED430DE99490CA1A204958",
  "PInvoke.Magnification.dll": "C9EA3D34F506741ECC044DB19C151F09",
  "PInvoke.Msi.dll": "69EE50CE2DA6B55755E52589F49A7EBC",
  "PInvoke.NCrypt.dll": "DA1DE76C14D99370CA3BEF19DC299B15",
  "PInvoke.NetApi32.dll": "AE79F9FA2E3864A5E0642AE4622ECDC5",
  "PInvoke.NewDev.dll": "B3E1992105D986EF9C5C8E4B630FBB07",
  "PInvoke.NTDll.dll": "3F6BDF840EB27DD0FD9EB8071822183A",
  "PInvoke.Ole32.dll": "3C49FB100B60519FFE725BCD12A538F6",
  "PInvoke.Psapi.dll": "A7683EE4B880227F01C8AE632A892B9E",
  "PInvoke.SetupApi.dll": "1B7AE321185D0081D1759A9AD829F9BA",
  "PInvoke.SHCore.dll": "F27E7F063D51480F6D2294C903E4A606",
  "PInvoke.Shell32.dll": "F71A1BCAF6478190691170DAEA77722F",
  "PInvoke.User32.dll": "8BEDE38311ED4F27127290B81B8079FD",
  "PInvoke.Userenv.dll": "FEB7BCA90B8C905EC2F4BB0789847131",
  "PInvoke.UxTheme.dll": "8E683C016250CB719FDB9AAAFC22B3C5",
  "PInvoke.Windows.Core.dll": "90015440A44935208FFEA9BF61740651",
  "PInvoke.Windows.ShellScalingApi.dll": "F351B34B8C9183A51CADFDC279357C49",
  "PInvoke.WinUsb.dll": "9EB8A0280F2848D1A32B560A939F7336",
  "PInvoke.WtsApi32.dll": "341C94455D2E5893DBE4293D4D67AA4D",
  "Reloaded.Assembler.dll": "1BF47EF08DD1E198B8B3C1608DE73EEA",
  "Reloaded.Hooks.Definitions.dll": "7B57A7A4C0B255569B681851B15A0E9F",
  "Reloaded.Hooks.dll": "C665DBA798E9DC4235830A0F8A9D7261",
  "Reloaded.Memory.Buffers.dll": "C17496594EF4D9C7B0B981C71E93F9AD",
  "Reloaded.Memory.dll": "D82B22B293B968EA406531A877152538",
  "revision.txt": "EAAE5E04A259D09AF85C108FE4D7DD0C",
  "SDL2-CS.config": "65557595FD5DF55D93B2BF881DE62C3A",
  "SDL2-CS.dll": "2E14F879515B7BB813D9719864BBE015",
  "Serilog.dll": "8276446E3255188EE96EA1ECC06B256F",
  "Serilog.Sinks.Async.dll": "E3386D1450DAB5CF43D33C25BD4A06C4",
  "Serilog.Sinks.Console.dll": "0DE5C13BE607BC9F2BC707B1828DD62D",
  "Serilog.Sinks.File.dll": "012004C327F1AB01CB641A45E7526AEC",
  "SharpDX.Direct3D11.dll": "7C938C255C90316CFC0555148AFC8C20",
  "SharpDX.dll": "FF12CC422B0912A60B6327A4DA662360",
  "SharpDX.DXGI.dll": "D8CB2A4058C1A0CF61DCBF3674C885CA",
  "SharpDX.Mathematics.dll": "586F2746A0E3B9D002859948FB939D9C",
  "Silk.NET.Core.dll": "E7D68117FAC882452008306169D3F7C0",
  "Silk.NET.GLFW.dll": "43BD72F9123C6B1FF1F9F7FC24AAD28A",
  "Silk.NET.Maths.dll": "316E3F76AD645121DCA03D2B71794EC4",
  "Silk.NET.OpenGL.dll": "3543309078BA890B5E344018733732D5",
  "Silk.NET.SDL.dll": "100EE330C3B7F749B4358BFA4D2509E4",
  "Silk.NET.Windowing.Common.dll": "B63584A93E348CE1EDB424DED2EA7CE3",
  "Silk.NET.Windowing.Glfw.dll": "CE47C555FC5737A6AF9A5E7E60F74900",
  "Silk.NET.Windowing.Sdl.dll": "5A4828649BC9F24ED37126475B918F1B",
  "SQLite-net.dll": "C7D386B87312BF26C5A2E82C3ADCB99B",
  "SQLitePCLRaw.batteries_v2.dll": "4D72E61D2B5E0CAD943A56FF766AED5F",
  "SQLitePCLRaw.core.dll": "EE5DA70978CDAC7D58FAD53994538BDD",
  "SQLitePCLRaw.nativelibrary.dll": "E50FE79105C7CB0B00F8683EEC6A5DB4",
  "SQLitePCLRaw.provider.dynamic_cdecl.dll": "7EF4E6503C0D5A960DF6C10A74B1648E",
  "StbiSharp.dll": "1C55F2BBB11B18F5D8050EF261408A34",
  "System.Reactive.dll": "EF5A00287AD15393D41B12AA4B726FF7",
  "System.Reflection.MetadataLoadContext.dll": "7EC41D41F4E1246757BA3E2EC862D562",
  "System.Security.Cryptography.Pkcs.dll": "8950E01996A37E808BE3F39063C37BF9",
  "TEMP_gitver.txt": "4870DD265E3E4417618B5580F728F539",
  "TerraFX.Interop.Windows.dll": "84F7EF6B0DE91F8CC23F773D3FD6DEC0",
  "Validation.dll": "ABE8259549EC37FA425162C9185141A3"
}
