{
  "runtimes\\alpine-x64\\native\\libe_sqlite3.so": "39C244FEDBCD3DFC37041D4FCE1AE21D",
  "runtimes\\linux-arm\\native\\libe_sqlite3.so": "96CF54BC0EFB83D6E3F5F3E04997A59D",
  "runtimes\\linux-arm64\\native\\libe_sqlite3.so": "F079E55E7F3F9966A4A2052A3234E068",
  "runtimes\\linux-armel\\native\\libe_sqlite3.so": "C5A67D49434FC65D64E9C15778078C76",
  "runtimes\\linux-mips64\\native\\libe_sqlite3.so": "5F8461214089CFC677D46C19B7162161",
  "runtimes\\linux-musl-x64\\native\\libe_sqlite3.so": "39C244FEDBCD3DFC37041D4FCE1AE21D",
  "runtimes\\linux-x64\\native\\libe_sqlite3.so": "6F49C540D3AB9964D67A4A704C3D262D",
  "runtimes\\linux-x64\\native\\libglfw.so.3": "9E3137144F68B9E9793F4C7AD5B1BEA7",
  "runtimes\\linux-x64\\native\\libSDL2-2.0.so": "99B95A708381FC66AB2370E45A260527",
  "runtimes\\linux-x64\\native\\libstbi.so": "0945355ED59677D06E3E88F48101BB26",
  "runtimes\\linux-x86\\native\\libe_sqlite3.so": "5E0659B414CBD6DDC38C65582485853E",
  "runtimes\\osx-x64\\native\\libe_sqlite3.dylib": "F82AE134FCD1C080A69D775591406673",
  "runtimes\\osx-x64\\native\\libglfw.3.dylib": "1E30FAB2F0C40E82290AD4B0BF14A880",
  "runtimes\\osx-x64\\native\\libSDL2-2.0.dylib": "AAC958490586C67395F0A90903AE3747",
  "runtimes\\osx-x64\\native\\libstbi.dylib": "0B84B0A6A80178266018081C3CAB68E6",
  "runtimes\\win-arm\\native\\e_sqlite3.dll": "1DC07F23277DDD9986F27E4AAA600C83",
  "runtimes\\win-arm64\\native\\e_sqlite3.dll": "7E1AA4C237C6561FB9AFE9DB4DBFE46C",
  "runtimes\\win-x64\\native\\cimgui.dll": "15F1082BE4E95DB7288666026A5F3AFC",
  "runtimes\\win-x64\\native\\cimguizmo.dll": "485BA6B523BCF0C33C8939AE047F7A65",
  "runtimes\\win-x64\\native\\cimplot.dll": "755A370324612AD373131CA649098543",
  "runtimes\\win-x64\\native\\e_sqlite3.dll": "EBE1E61D50AF0635CBCEB17FFFCDA38A",
  "runtimes\\win-x64\\native\\glfw3.dll": "61439B1BEDB58ECCF797DFD895766428",
  "runtimes\\win-x64\\native\\minhook.x64d.dll": "79D3A60D63729AF08A87834516C8DC6F",
  "runtimes\\win-x64\\native\\SDL2.dll": "21EAD158F7AFE0F4856B02373E85983F",
  "runtimes\\win-x64\\native\\stbi.dll": "845091E3E4A7DA9CD2CC6CED69EC6D7B",
  "runtimes\\win-x64\\native\\stbi.lib": "927C214DE576219E1F80DBE7798A0502",
  "runtimes\\win-x86\\native\\e_sqlite3.dll": "5B9620CF97C85E7A27E29B7211DAD6C7",
  "runtimes\\win-x86\\native\\glfw3.dll": "DBB81F12B733166958E1D1969C3E5EA7",
  "runtimes\\win-x86\\native\\SDL2.dll": "85AAE7302FC5C7A133B4FF70491199DC",
  "targets\\Dalamud.Plugin.Bootstrap.targets": "C85635161398CD9852CF7212DB7EB904",
  "targets\\Dalamud.Plugin.targets": "11001C983157350F50D99F1A827999B5",
  "CheapLoc.dll": "DEF27ECF645A9D7E7CCBB08F6FB58829",
  "Costura.dll": "EA5663C8CD745EBD788ADBCFDD7AB7BC",
  "Dalamud.Boot.dll": "00278334FD550F2151607EBE4AD0A902",
  "Dalamud.Common.dll": "26D905911CBD71EFF89D8672EF0335B1",
  "Dalamud.deps.json": "D75BF900B956799CBE1471BB9A393F1C",
  "Dalamud.dll": "AB194A406E8D6F3B25E8D836AD08A1E4",
  "Dalamud.Injector.deps.json": "4E53ABE9A5D3E4592DA63EBF98DAAD86",
  "Dalamud.Injector.dll": "02FBE6C54222AD287468BE646E98DE16",
  "Dalamud.Injector.exe": "7C3BF10420A8CB3B1129C69C3CC778D5",
  "Dalamud.Injector.runtimeconfig.json": "AAAFA957BB3B382321D67ACC2D792553",
  "Dalamud.Injector.xml": "6CFC451561E67CE7788814C5B327D7EC",
  "Dalamud.runtimeconfig.json": "454E2BA21742B08CF0A9827950A92B0F",
  "Dalamud.xml": "FDCA80CB90C8744F7B900FD55B96A57F",
  "DalamudCrashHandler.exe": "E641A8F41964EFDD9F27ABE2E4E47D14",
  "FASM-LICENSE.TXT": "ECEA1D10811221D5F0A3E96F9C38E2C7",
  "FASM.DLL": "A74F35751A652824E9051D9B580C917D",
  "FASMX64.DLL": "CA00C910C8BBBCB35F516556D3102DEF",
  "FFXIVClientStructs.dll": "A565A947A973497B4F79D7F911804E72",
  "FFXIVClientStructs.xml": "00681CFAE07C16F767221EA004551644",
  "goaaats.Reloaded.Assembler.targets": "CC22CB0A353E2136EE9E6E96DB9F7164",
  "Iced.dll": "D8E7790287BE0BF5D2EA6F3D7582B002",
  "ImGui.NET.dll": "5622C516872481A886D8B602821F1019",
  "ImGuiScene.dll": "8271F7E7348DD890E34B6E7BA568C15F",
  "JetBrains.Annotations.dll": "379022DE23144584730EDE1D4BA14CEE",
  "licenses.txt": "A159BE62AA91178EFC3E3983AE874D1D",
  "Lumina.dll": "7560700F0762D4281605C0E5CD08E5E7",
  "Lumina.Excel.dll": "32B408777021288F83B5E8610F84FCCA",
  "Microsoft.Bcl.HashCode.dll": "613AB56061ADF2284E047025207467E0",
  "Microsoft.DotNet.PlatformAbstractions.dll": "00AB0F02B1114C57C758F5AD595224F1",
  "Microsoft.Extensions.DependencyModel.dll": "F39BC76C10CFEA478C936FC4521A9FC9",
  "MinSharp.dll": "364E2F90B7DB7E5BC2B585F649FDC498",
  "Mono.Cecil.dll": "C733132A80AE536393359BA8FD508DA3",
  "Mono.Cecil.Mdb.dll": "7012AF0C5702C065E3F22ABBA4622234",
  "Mono.Cecil.Pdb.dll": "75938E480323A531F6909C428E4EF9A2",
  "Mono.Cecil.Rocks.dll": "64D07B1A2FD9E555F0A14D7FAEAFAA01",
  "MonoMod.Backports.dll": "FA0ECAE364C97E0E84D296D022A02C0F",
  "MonoMod.Core.dll": "D0863D461A5831025283547E34D1CE3E",
  "MonoMod.Iced.dll": "4079E87CC46997C93F9CB868EEA2F60F",
  "MonoMod.ILHelpers.dll": "669D9766F9C3A3804172C570ACA4255C",
  "MonoMod.RuntimeDetour.dll": "2A951105C2019363786415AEA46F1651",
  "MonoMod.Utils.dll": "A42FF21064EEE0F5A9E023EBEB4E6192",
  "nethost.dll": "012081214FE71F0F6ADCD9F4A71B2B00",
  "Newtonsoft.Json.dll": "86A83A63F12B55FD3718CFBFB577D7DC",
  "PeNet.Asn1.dll": "3850F9EC33B59AEEAC7F78C69D9E6FB4",
  "PeNet.dll": "CFC557001CB0880FE3BEF1A9EBDE0251",
  "PInvoke.AdvApi32.dll": "34EE461D05B403C3A15D0DEC32A3788C",
  "PInvoke.BCrypt.dll": "FD07758EE1440491F22923084109FF26",
  "PInvoke.Cabinet.dll": "333D950E3804735DA60CC41D614C63E2",
  "PInvoke.CfgMgr32.dll": "768BE7CC18EDCF78B296A72ABE891691",
  "PInvoke.Crypt32.dll": "E7B00B0851738F4A7F2C6D37DAA973B4",
  "PInvoke.DbgHelp.dll": "E701136169620D20E3A70B560DE20E44",
  "PInvoke.DwmApi.dll": "ACF223CC8962404056648815B486F7D9",
  "PInvoke.Gdi32.dll": "69FF434826F98582CE44D3136ECFFACB",
  "PInvoke.Hid.dll": "2E7A41257F8AD9B26073181F450CD8E5",
  "PInvoke.ImageHlp.dll": "79BE816E8D86EA66489D7780DD675D49",
  "PInvoke.IPHlpApi.dll": "E949FA3326D1BA8872B179AB4EE49D38",
  "PInvoke.Kernel32.dll": "234E15B122ED430DE99490CA1A204958",
  "PInvoke.Magnification.dll": "C9EA3D34F506741ECC044DB19C151F09",
  "PInvoke.Msi.dll": "69EE50CE2DA6B55755E52589F49A7EBC",
  "PInvoke.NCrypt.dll": "DA1DE76C14D99370CA3BEF19DC299B15",
  "PInvoke.NetApi32.dll": "AE79F9FA2E3864A5E0642AE4622ECDC5",
  "PInvoke.NewDev.dll": "B3E1992105D986EF9C5C8E4B630FBB07",
  "PInvoke.NTDll.dll": "3F6BDF840EB27DD0FD9EB8071822183A",
  "PInvoke.Ole32.dll": "3C49FB100B60519FFE725BCD12A538F6",
  "PInvoke.Psapi.dll": "A7683EE4B880227F01C8AE632A892B9E",
  "PInvoke.SetupApi.dll": "1B7AE321185D0081D1759A9AD829F9BA",
  "PInvoke.SHCore.dll": "F27E7F063D51480F6D2294C903E4A606",
  "PInvoke.Shell32.dll": "F71A1BCAF6478190691170DAEA77722F",
  "PInvoke.User32.dll": "8BEDE38311ED4F27127290B81B8079FD",
  "PInvoke.Userenv.dll": "FEB7BCA90B8C905EC2F4BB0789847131",
  "PInvoke.UxTheme.dll": "8E683C016250CB719FDB9AAAFC22B3C5",
  "PInvoke.Windows.Core.dll": "90015440A44935208FFEA9BF61740651",
  "PInvoke.Windows.ShellScalingApi.dll": "F351B34B8C9183A51CADFDC279357C49",
  "PInvoke.WinUsb.dll": "9EB8A0280F2848D1A32B560A939F7336",
  "PInvoke.WtsApi32.dll": "341C94455D2E5893DBE4293D4D67AA4D",
  "Reloaded.Assembler.dll": "8D345B097E9BA68D8F655FFDE411D75A",
  "Reloaded.Hooks.Definitions.dll": "4799BB100E1A61E952A25593ECC290B9",
  "Reloaded.Hooks.dll": "B3BC86E1610C5EB9D6E2797BE072A917",
  "Reloaded.Memory.Buffers.dll": "66B44D26D93178C94514AC6324C5F6A7",
  "Reloaded.Memory.dll": "359949B6FC12F6B341956A30351B2BD5",
  "revision.txt": "B4AA00BC1C59B9D1CDD07479070E355E",
  "SDL2-CS.config": "65557595FD5DF55D93B2BF881DE62C3A",
  "SDL2-CS.dll": "0F626DF33660A0BDBEB37FE3C32612C1",
  "Serilog.dll": "AC6F045931C156D5442501B64AD0E3D7",
  "Serilog.Sinks.Async.dll": "287964DB51BB424E24EAEC130D0DCDB8",
  "Serilog.Sinks.Console.dll": "7240D6572A3C85F2CEDD32519963B7B7",
  "Serilog.Sinks.File.dll": "1464E041D251A8EA0BB143FD767036D0",
  "SharpDX.Direct3D11.dll": "BDC19061B66868D3A2BEDBF1BF7B5BBA",
  "SharpDX.dll": "108B4B189C28589A565EF598AFAC3FB1",
  "SharpDX.DXGI.dll": "DB5E9DCD45BB76CCEFA7C21C89B7AB80",
  "SharpDX.Mathematics.dll": "A93D6F54D240525E92D9B118DB8F3260",
  "Silk.NET.Core.dll": "1C50BC46FA4866D85C1CE7A3752A47D5",
  "Silk.NET.GLFW.dll": "619FA543544FF1E1658FD2E452AA2FED",
  "Silk.NET.Maths.dll": "7F795CB124267ADC9D89A8F8417ECC73",
  "Silk.NET.OpenGL.dll": "A8BA0A6F57A0812972F846BB6EEDF07E",
  "Silk.NET.SDL.dll": "3A48795694F79A59E1879AF8F57E66A0",
  "Silk.NET.Windowing.Common.dll": "50368F9936E46C01F97C421235DB0A63",
  "Silk.NET.Windowing.Glfw.dll": "5C8B06E2117EC0F168BFA94F71FA31F3",
  "Silk.NET.Windowing.Sdl.dll": "86B46C71751F80503581820D5F385DA2",
  "SQLite-net.dll": "4C7E48BDA52A985D1D2B71E15195A932",
  "SQLitePCLRaw.batteries_v2.dll": "AB9F5E7FADDF76543063042468A6715D",
  "SQLitePCLRaw.core.dll": "71E7962E4E9AA47F528D330608227CB7",
  "SQLitePCLRaw.nativelibrary.dll": "6CA89035058930F95587E69A90385479",
  "SQLitePCLRaw.provider.dynamic_cdecl.dll": "378246900D60A72437575CF2089D0F75",
  "StbiSharp.dll": "675CD6321B31A9E47679D94B7280A2C7",
  "System.Reactive.dll": "EF5A00287AD15393D41B12AA4B726FF7",
  "System.Reflection.MetadataLoadContext.dll": "7EC41D41F4E1246757BA3E2EC862D562",
  "System.Security.Cryptography.Pkcs.dll": "8950E01996A37E808BE3F39063C37BF9",
  "TEMP_gitver.txt": "F3FE67E648B9690EEB285EB2CC90CCCB",
  "Validation.dll": "8E9E3A37DB38771FB2AEF2D3B6020F16"
}
