{
  "runtimes\\linux-x64\\native\\libglfw.so.3": "9E3137144F68B9E9793F4C7AD5B1BEA7",
  "runtimes\\linux-x64\\native\\libSDL2-2.0.so": "99B95A708381FC66AB2370E45A260527",
  "runtimes\\linux-x64\\native\\libstbi.so": "0945355ED59677D06E3E88F48101BB26",
  "runtimes\\osx-x64\\native\\libglfw.3.dylib": "1E30FAB2F0C40E82290AD4B0BF14A880",
  "runtimes\\osx-x64\\native\\libSDL2-2.0.dylib": "AAC958490586C67395F0A90903AE3747",
  "runtimes\\osx-x64\\native\\libstbi.dylib": "0B84B0A6A80178266018081C3CAB68E6",
  "runtimes\\win-x64\\native\\cimgui.dll": "D74EAF14003630D2DF2FB5C04E2C7E0A",
  "runtimes\\win-x64\\native\\cimguizmo.dll": "5D55757A689811C7D5F105CEF8F4699F",
  "runtimes\\win-x64\\native\\cimplot.dll": "E2BCC0215571E29D5A720D02AE67B8BE",
  "runtimes\\win-x64\\native\\glfw3.dll": "8A383D81C8D3212CB6848C89091D3BE1",
  "runtimes\\win-x64\\native\\minhook.x64d.dll": "34A82FA48DC0170B06C36407B75A7693",
  "runtimes\\win-x64\\native\\SDL2.dll": "7B9352902980D0D6CA475F263DD473EF",
  "runtimes\\win-x64\\native\\stbi.dll": "0580AD46C9ADE97455D47EA9DA394532",
  "runtimes\\win-x64\\native\\stbi.lib": "927C214DE576219E1F80DBE7798A0502",
  "runtimes\\win-x86\\native\\glfw3.dll": "3C822CDFBF50B0CDA581890FBB29692B",
  "runtimes\\win-x86\\native\\SDL2.dll": "49BA1B4443C86275B2F5CEE8A41B2031",
  "targets\\Dalamud.Plugin.Bootstrap.targets": "72C91AC1B4F7C83711BB4C5834FE49A8",
  "targets\\Dalamud.Plugin.targets": "CE55DF182FBC948D33DB41454A31EEF9",
  "CheapLoc.dll": "3785F7815E5E3245F388155CB58C8B04",
  "Costura.dll": "A9877C8EBADD5C91A1814213AEB0C5AB",
  "Dalamud.Boot.dll": "685F15E22331F66114C00E71B16592BB",
  "Dalamud.deps.json": "051357BD08583BEAB8CB20902199B7AC",
  "Dalamud.dll": "63D9B8EFFD7C16ABB2122FCBDC0D85B2",
  "Dalamud.Injector.deps.json": "D10EED2039C0151239F5EA4FE3A65A7B",
  "Dalamud.Injector.dll": "1DF7415C08E6EFAE2F99CDCF89D5DACC",
  "Dalamud.Injector.exe": "688AEB1B6BB8F85D30DEEE916A1436B1",
  "Dalamud.Injector.runtimeconfig.json": "AAAFA957BB3B382321D67ACC2D792553",
  "Dalamud.Injector.xml": "CC06A545B271F56E0781ECC82BDEF67F",
  "Dalamud.Interface.dll": "024599C74C1C740A2E6954FA3214157C",
  "Dalamud.runtimeconfig.json": "454E2BA21742B08CF0A9827950A92B0F",
  "Dalamud.xml": "666B3B628008E80C19DFAAE2A03025F6",
  "DalamudCrashHandler.exe": "4542066FE77CBA791EE1DCC9798CBBFE",
  "FASM-LICENSE.TXT": "ECEA1D10811221D5F0A3E96F9C38E2C7",
  "FASM.DLL": "0A2A55C5AC141A25E5A892FCEB06C11F",
  "FASMX64.DLL": "CD6A3E7FB3221E60B7DAE27325944116",
  "FFXIVClientStructs.dll": "FDD462FC3F86EB495FCE400FEA91AF45",
  "FFXIVClientStructs.xml": "99D52300842511BA998676842AD0B2D7",
  "goaaats.Reloaded.Assembler.targets": "CC22CB0A353E2136EE9E6E96DB9F7164",
  "Iced.dll": "11CEC538A28C5513D615C14C3E64CCE7",
  "ImGui.NET.dll": "0073BD37BD42D5B5D13B4F754D637115",
  "ImGuiScene.dll": "CF874D8A4ED636BF7A9CE04EDC674095",
  "JetBrains.Annotations.dll": "03145DC1A057290935EC19AE2635EAF4",
  "licenses.txt": "A159BE62AA91178EFC3E3983AE874D1D",
  "Lumina.dll": "14DCFE6BED440BB54433C8069EB0DDFB",
  "Lumina.Excel.dll": "DCCDC03529FD34A297A7896CC94D82D0",
  "Microsoft.Bcl.HashCode.dll": "613AB56061ADF2284E047025207467E0",
  "Microsoft.DotNet.PlatformAbstractions.dll": "00AB0F02B1114C57C758F5AD595224F1",
  "Microsoft.Extensions.DependencyModel.dll": "F39BC76C10CFEA478C936FC4521A9FC9",
  "MinSharp.dll": "D55AD09ACD81343F302AA46D9A196AB2",
  "Mono.Cecil.dll": "4B3355BD39C9C2346B960D37B0F5F69B",
  "Mono.Cecil.Mdb.dll": "03265EB6CF3C8DC0F06A55961315DD34",
  "Mono.Cecil.Pdb.dll": "DEBDC8BFC331C576108EF2670E502AD5",
  "Mono.Cecil.Rocks.dll": "5FC0F4F635AB4DFC3599242F2AEA59F7",
  "MonoMod.Backports.dll": "5EF1C629C66670962F4F005777BD8C4E",
  "MonoMod.Core.dll": "B9C19A89EAF268108ADBC85015FB41A7",
  "MonoMod.Iced.dll": "0976B3237268E6BA097FF9BBB16B5ED5",
  "MonoMod.ILHelpers.dll": "6B4A07D83A8BB0011A580112C9AF728C",
  "MonoMod.RuntimeDetour.dll": "766B43D4C6873E15FFD21BDF312103E8",
  "MonoMod.Utils.dll": "F942BA319F4D550F844D34A925CE67B1",
  "nethost.dll": "012081214FE71F0F6ADCD9F4A71B2B00",
  "Newtonsoft.Json.dll": "86A83A63F12B55FD3718CFBFB577D7DC",
  "PeNet.Asn1.dll": "55CEDAAAE9384DD717BA3D322A919D91",
  "PeNet.dll": "DE101B96E9B2CB97B04CA16499501D16",
  "PInvoke.AdvApi32.dll": "34EE461D05B403C3A15D0DEC32A3788C",
  "PInvoke.BCrypt.dll": "FD07758EE1440491F22923084109FF26",
  "PInvoke.Cabinet.dll": "333D950E3804735DA60CC41D614C63E2",
  "PInvoke.CfgMgr32.dll": "768BE7CC18EDCF78B296A72ABE891691",
  "PInvoke.Crypt32.dll": "E7B00B0851738F4A7F2C6D37DAA973B4",
  "PInvoke.DbgHelp.dll": "E701136169620D20E3A70B560DE20E44",
  "PInvoke.DwmApi.dll": "ACF223CC8962404056648815B486F7D9",
  "PInvoke.Gdi32.dll": "69FF434826F98582CE44D3136ECFFACB",
  "PInvoke.Hid.dll": "2E7A41257F8AD9B26073181F450CD8E5",
  "PInvoke.ImageHlp.dll": "79BE816E8D86EA66489D7780DD675D49",
  "PInvoke.IPHlpApi.dll": "E949FA3326D1BA8872B179AB4EE49D38",
  "PInvoke.Kernel32.dll": "234E15B122ED430DE99490CA1A204958",
  "PInvoke.Magnification.dll": "C9EA3D34F506741ECC044DB19C151F09",
  "PInvoke.Msi.dll": "69EE50CE2DA6B55755E52589F49A7EBC",
  "PInvoke.NCrypt.dll": "DA1DE76C14D99370CA3BEF19DC299B15",
  "PInvoke.NetApi32.dll": "AE79F9FA2E3864A5E0642AE4622ECDC5",
  "PInvoke.NewDev.dll": "B3E1992105D986EF9C5C8E4B630FBB07",
  "PInvoke.NTDll.dll": "3F6BDF840EB27DD0FD9EB8071822183A",
  "PInvoke.Ole32.dll": "3C49FB100B60519FFE725BCD12A538F6",
  "PInvoke.Psapi.dll": "A7683EE4B880227F01C8AE632A892B9E",
  "PInvoke.SetupApi.dll": "1B7AE321185D0081D1759A9AD829F9BA",
  "PInvoke.SHCore.dll": "F27E7F063D51480F6D2294C903E4A606",
  "PInvoke.Shell32.dll": "F71A1BCAF6478190691170DAEA77722F",
  "PInvoke.User32.dll": "8BEDE38311ED4F27127290B81B8079FD",
  "PInvoke.Userenv.dll": "FEB7BCA90B8C905EC2F4BB0789847131",
  "PInvoke.UxTheme.dll": "8E683C016250CB719FDB9AAAFC22B3C5",
  "PInvoke.Windows.Core.dll": "90015440A44935208FFEA9BF61740651",
  "PInvoke.Windows.ShellScalingApi.dll": "F351B34B8C9183A51CADFDC279357C49",
  "PInvoke.WinUsb.dll": "9EB8A0280F2848D1A32B560A939F7336",
  "PInvoke.WtsApi32.dll": "341C94455D2E5893DBE4293D4D67AA4D",
  "Reloaded.Assembler.dll": "6ACC18D830CE56BB9EADD085F046D06E",
  "Reloaded.Hooks.Definitions.dll": "D1833D55166F90F9EAB2B5C21CD41109",
  "Reloaded.Hooks.dll": "3C09FA6CE6A768301D091F97AC2F3A67",
  "Reloaded.Memory.Buffers.dll": "596470FEACFFA1238B70FBDBC095F71B",
  "Reloaded.Memory.dll": "92491572DAB7799146C607581937CBDA",
  "revision.txt": "2297607A5DB8576D5AD6BBD83696FF60",
  "SDL2-CS.config": "65557595FD5DF55D93B2BF881DE62C3A",
  "SDL2-CS.dll": "43630AE71070CB4F89FB60DDADC00933",
  "Serilog.dll": "9A1BCADE4B17B246C8AEE434E01F1A59",
  "Serilog.Sinks.Async.dll": "200AAB1C156E39E9F4375B6421331034",
  "Serilog.Sinks.Console.dll": "0A88D678388A3D96A6D81C9855A7C9B5",
  "Serilog.Sinks.File.dll": "BC7BBF2A5ADFA988287F63660BDFE6BC",
  "SharpDX.Direct3D11.dll": "0CDCF9D4691FA1E238D5E11E85B0499C",
  "SharpDX.dll": "D1AD17269784682B233BBF9D09621D9E",
  "SharpDX.DXGI.dll": "B3DB1211BE4FA6D3C6CF98C1A2CC4322",
  "SharpDX.Mathematics.dll": "32D93019D082379804FFA557C8916A43",
  "Silk.NET.Core.dll": "A80C2F2E77A6BA8C79037362076239F5",
  "Silk.NET.GLFW.dll": "430DFD5D065A5F37657AFCDBAAA6B0FC",
  "Silk.NET.Maths.dll": "961CDA77521C89D2E66AAB5847D0BCDC",
  "Silk.NET.OpenGL.dll": "7E62E0303E6E4CD45F04A6D3DC442716",
  "Silk.NET.SDL.dll": "2DEC41AE9AA75E2D7D3A8AECDCDFAECC",
  "Silk.NET.Windowing.Common.dll": "ACD60EBEBAA8A21B038E12D93449EE80",
  "Silk.NET.Windowing.Glfw.dll": "43240450A80F5484BFC7B72378CE833A",
  "Silk.NET.Windowing.Sdl.dll": "84A8F73FDA38FA3751FCB70A3E4A9CF7",
  "StbiSharp.dll": "08A967685FFFD10FA5B36864096EFCD1",
  "System.Reactive.dll": "EF5A00287AD15393D41B12AA4B726FF7",
  "System.Reflection.MetadataLoadContext.dll": "7EC41D41F4E1246757BA3E2EC862D562",
  "System.Security.Cryptography.Pkcs.dll": "8950E01996A37E808BE3F39063C37BF9",
  "TEMP_gitver.txt": "3CE4B22EAE4B203AE35AAA02A5AA9CED",
  "Validation.dll": "43EEE49396738B4E1262A4EE463918D2"
}
