{
  "runtimes\\alpine-x64\\native\\libe_sqlite3.so": "39C244FEDBCD3DFC37041D4FCE1AE21D",
  "runtimes\\linux-arm\\native\\libe_sqlite3.so": "96CF54BC0EFB83D6E3F5F3E04997A59D",
  "runtimes\\linux-arm64\\native\\libe_sqlite3.so": "F079E55E7F3F9966A4A2052A3234E068",
  "runtimes\\linux-armel\\native\\libe_sqlite3.so": "C5A67D49434FC65D64E9C15778078C76",
  "runtimes\\linux-mips64\\native\\libe_sqlite3.so": "5F8461214089CFC677D46C19B7162161",
  "runtimes\\linux-musl-x64\\native\\libe_sqlite3.so": "39C244FEDBCD3DFC37041D4FCE1AE21D",
  "runtimes\\linux-x64\\native\\libe_sqlite3.so": "6F49C540D3AB9964D67A4A704C3D262D",
  "runtimes\\linux-x64\\native\\libglfw.so.3": "9E3137144F68B9E9793F4C7AD5B1BEA7",
  "runtimes\\linux-x64\\native\\libSDL2-2.0.so": "99B95A708381FC66AB2370E45A260527",
  "runtimes\\linux-x64\\native\\libstbi.so": "0945355ED59677D06E3E88F48101BB26",
  "runtimes\\linux-x86\\native\\libe_sqlite3.so": "5E0659B414CBD6DDC38C65582485853E",
  "runtimes\\osx-x64\\native\\libe_sqlite3.dylib": "F82AE134FCD1C080A69D775591406673",
  "runtimes\\osx-x64\\native\\libglfw.3.dylib": "1E30FAB2F0C40E82290AD4B0BF14A880",
  "runtimes\\osx-x64\\native\\libSDL2-2.0.dylib": "AAC958490586C67395F0A90903AE3747",
  "runtimes\\osx-x64\\native\\libstbi.dylib": "0B84B0A6A80178266018081C3CAB68E6",
  "runtimes\\win-arm\\native\\e_sqlite3.dll": "C39A7C2EAE0F40F4724A659558B0A470",
  "runtimes\\win-arm64\\native\\e_sqlite3.dll": "24CA5F9BF6B91329FC7659915F9E5DA5",
  "runtimes\\win-x64\\native\\cimgui.dll": "AE3C58BA2E861E6C398857E1491914B1",
  "runtimes\\win-x64\\native\\cimguizmo.dll": "2717D5182ABD5B061656A37F67AB561E",
  "runtimes\\win-x64\\native\\cimplot.dll": "F5974B9F8952054158087B74EFE3BA89",
  "runtimes\\win-x64\\native\\e_sqlite3.dll": "5BAEF0778AD15E79B31D837C65272A0C",
  "runtimes\\win-x64\\native\\glfw3.dll": "D9F9F2A4EB1308E411F2CB0382F83B66",
  "runtimes\\win-x64\\native\\minhook.x64d.dll": "49C2051CBEE708646C3CEA274D338908",
  "runtimes\\win-x64\\native\\SDL2.dll": "B4616EA67234A4CEE1A4534F4BAA04FD",
  "runtimes\\win-x64\\native\\stbi.dll": "CD245324E3F144DA43FC3174A37E21B3",
  "runtimes\\win-x64\\native\\stbi.lib": "927C214DE576219E1F80DBE7798A0502",
  "runtimes\\win-x86\\native\\e_sqlite3.dll": "1746EDAD4B8237327638F98DA00D58A4",
  "runtimes\\win-x86\\native\\glfw3.dll": "C8726E5FF8A6A608C97C2AE31AC5A67E",
  "runtimes\\win-x86\\native\\SDL2.dll": "F824DC683EF774A9E5A414176652C513",
  "targets\\Dalamud.Plugin.Bootstrap.targets": "C85635161398CD9852CF7212DB7EB904",
  "targets\\Dalamud.Plugin.targets": "11001C983157350F50D99F1A827999B5",
  "CheapLoc.dll": "595A61DF4204CB38A05BB7ECEEA37DFD",
  "Costura.dll": "0BF3B23B7210E4E4F003745D098F4468",
  "Dalamud.Boot.dll": "389FB44D5D97015476136975F8944EC5",
  "Dalamud.Common.dll": "5EC96287CDB0B0CB975B49AC651FB186",
  "Dalamud.deps.json": "E9EA59FDBE3DF8C5A1A3D41B7C88EABF",
  "Dalamud.dll": "5B725F4126A932DAD41B91EB2F6CC370",
  "Dalamud.Injector.deps.json": "4E53ABE9A5D3E4592DA63EBF98DAAD86",
  "Dalamud.Injector.dll": "ADD18AA0229825296B1DD070B1CEFD5E",
  "Dalamud.Injector.exe": "5412E2CA715683F8436E05A5B2E47731",
  "Dalamud.Injector.runtimeconfig.json": "AAAFA957BB3B382321D67ACC2D792553",
  "Dalamud.Injector.xml": "6CFC451561E67CE7788814C5B327D7EC",
  "Dalamud.runtimeconfig.json": "15719C111D02D5BD45F37285FC8B6040",
  "Dalamud.xml": "A7C2A6CAD8D7ECC8473E91DB6032B7EB",
  "DalamudCrashHandler.exe": "01A4DF392953A4B85BAF4BD4C15089BD",
  "FASM-LICENSE.TXT": "ECEA1D10811221D5F0A3E96F9C38E2C7",
  "FASM.DLL": "67A8D285E5EFDE382E4C4C7AACDDA485",
  "FASMX64.DLL": "93319890AD96E2287EAC8DFA71C2E1AD",
  "FFXIVClientStructs.dll": "C05D1A4CAF36A2CE860DD48D31030C02",
  "FFXIVClientStructs.xml": "835E5037293CFF6974D3B825D9AB5805",
  "goaaats.Reloaded.Assembler.targets": "CC22CB0A353E2136EE9E6E96DB9F7164",
  "Iced.dll": "6A4A1B0EE0A2ADF19E8790540B640F04",
  "ImGui.NET.dll": "802F9F3D77903259CB4FD92936FCBAD7",
  "ImGuiScene.dll": "31DB5C077308EEA2D998275C5B30BADE",
  "JetBrains.Annotations.dll": "98BA597BF4673C8C70FB7EBE0E57B5DE",
  "licenses.txt": "A159BE62AA91178EFC3E3983AE874D1D",
  "Lumina.dll": "CCEE3425300E7EDA1A7B6E0FBC02D4C8",
  "Lumina.Excel.dll": "62E5314ACCA53F6DE087BA7B203BF02F",
  "Microsoft.Bcl.HashCode.dll": "613AB56061ADF2284E047025207467E0",
  "Microsoft.DotNet.PlatformAbstractions.dll": "00AB0F02B1114C57C758F5AD595224F1",
  "Microsoft.Extensions.DependencyModel.dll": "F39BC76C10CFEA478C936FC4521A9FC9",
  "MinSharp.dll": "38F23960919AB11FAC82988224FE985B",
  "Mono.Cecil.dll": "958B50836A4CC922FE28715BBE59C1F6",
  "Mono.Cecil.Mdb.dll": "CA5B09233C37EC84064ABC3C3467A277",
  "Mono.Cecil.Pdb.dll": "691CCBB42A8C30613288D54C022DA2F9",
  "Mono.Cecil.Rocks.dll": "75425D74932B92D36CF180BF00284ED9",
  "MonoMod.Backports.dll": "7422AE26D2441C71EAAC7F6E67BC789E",
  "MonoMod.Core.dll": "30C9F0A6F39F2FF14514D1396F3ED84F",
  "MonoMod.Iced.dll": "4D0C6CFC095C9493EF750491D6B0A38B",
  "MonoMod.ILHelpers.dll": "54B7D77F77668537361ADFEDF562DA3C",
  "MonoMod.RuntimeDetour.dll": "9A711F0A52ADF1AC6CE30E3087242787",
  "MonoMod.Utils.dll": "9EC3D03FBADE6952FA87A9367EBEED07",
  "nethost.dll": "012081214FE71F0F6ADCD9F4A71B2B00",
  "Newtonsoft.Json.dll": "86A83A63F12B55FD3718CFBFB577D7DC",
  "PeNet.Asn1.dll": "5F2701FCFA06B4B2F74A169040DBF81E",
  "PeNet.dll": "013557409C985F5399DD897291EFAC1A",
  "PInvoke.AdvApi32.dll": "34EE461D05B403C3A15D0DEC32A3788C",
  "PInvoke.BCrypt.dll": "FD07758EE1440491F22923084109FF26",
  "PInvoke.Cabinet.dll": "333D950E3804735DA60CC41D614C63E2",
  "PInvoke.CfgMgr32.dll": "768BE7CC18EDCF78B296A72ABE891691",
  "PInvoke.Crypt32.dll": "E7B00B0851738F4A7F2C6D37DAA973B4",
  "PInvoke.DbgHelp.dll": "E701136169620D20E3A70B560DE20E44",
  "PInvoke.DwmApi.dll": "ACF223CC8962404056648815B486F7D9",
  "PInvoke.Gdi32.dll": "69FF434826F98582CE44D3136ECFFACB",
  "PInvoke.Hid.dll": "2E7A41257F8AD9B26073181F450CD8E5",
  "PInvoke.ImageHlp.dll": "79BE816E8D86EA66489D7780DD675D49",
  "PInvoke.IPHlpApi.dll": "E949FA3326D1BA8872B179AB4EE49D38",
  "PInvoke.Kernel32.dll": "234E15B122ED430DE99490CA1A204958",
  "PInvoke.Magnification.dll": "C9EA3D34F506741ECC044DB19C151F09",
  "PInvoke.Msi.dll": "69EE50CE2DA6B55755E52589F49A7EBC",
  "PInvoke.NCrypt.dll": "DA1DE76C14D99370CA3BEF19DC299B15",
  "PInvoke.NetApi32.dll": "AE79F9FA2E3864A5E0642AE4622ECDC5",
  "PInvoke.NewDev.dll": "B3E1992105D986EF9C5C8E4B630FBB07",
  "PInvoke.NTDll.dll": "3F6BDF840EB27DD0FD9EB8071822183A",
  "PInvoke.Ole32.dll": "3C49FB100B60519FFE725BCD12A538F6",
  "PInvoke.Psapi.dll": "A7683EE4B880227F01C8AE632A892B9E",
  "PInvoke.SetupApi.dll": "1B7AE321185D0081D1759A9AD829F9BA",
  "PInvoke.SHCore.dll": "F27E7F063D51480F6D2294C903E4A606",
  "PInvoke.Shell32.dll": "F71A1BCAF6478190691170DAEA77722F",
  "PInvoke.User32.dll": "8BEDE38311ED4F27127290B81B8079FD",
  "PInvoke.Userenv.dll": "FEB7BCA90B8C905EC2F4BB0789847131",
  "PInvoke.UxTheme.dll": "8E683C016250CB719FDB9AAAFC22B3C5",
  "PInvoke.Windows.Core.dll": "90015440A44935208FFEA9BF61740651",
  "PInvoke.Windows.ShellScalingApi.dll": "F351B34B8C9183A51CADFDC279357C49",
  "PInvoke.WinUsb.dll": "9EB8A0280F2848D1A32B560A939F7336",
  "PInvoke.WtsApi32.dll": "341C94455D2E5893DBE4293D4D67AA4D",
  "Reloaded.Assembler.dll": "9CA5FA466D7712C3BDDA4E566D12EE7A",
  "Reloaded.Hooks.Definitions.dll": "C47C42B3D4CD7D87CDE88808868B73CC",
  "Reloaded.Hooks.dll": "E3A10BF2000E49B1F0C48F4506BB30F4",
  "Reloaded.Memory.Buffers.dll": "BC2B4A6822FAD88CDC4A9D3758401DD8",
  "Reloaded.Memory.dll": "0A1210D2A3F3BCFCDF8CB763811EE82D",
  "revision.txt": "7D411DCA7348327B71E894C52E76EEEB",
  "SDL2-CS.config": "65557595FD5DF55D93B2BF881DE62C3A",
  "SDL2-CS.dll": "FD8921D62AB2F2EEDF2093928AB4EAEA",
  "Serilog.dll": "068CE98F8E24F8131AE8B92107847FFB",
  "Serilog.Sinks.Async.dll": "44C561BA0083A4BC015D64724C91C809",
  "Serilog.Sinks.Console.dll": "E18E4250468861F74191D7BC2255C8E3",
  "Serilog.Sinks.File.dll": "7B4578B9E8DBD23394F7809EE36D0EA8",
  "SharpDX.Direct3D11.dll": "02C4E2B62F93AAC0329A1FBE3D26A3F7",
  "SharpDX.dll": "26BB0C9E9B7CAC69CB0A44DAD35B5872",
  "SharpDX.DXGI.dll": "A0A9853807459BB28D45681CAE30A6D6",
  "SharpDX.Mathematics.dll": "5674C1FB6205BD899081C6F8BEC3A79D",
  "Silk.NET.Core.dll": "B7AB7C3C377589F88A586841A6CFC475",
  "Silk.NET.GLFW.dll": "4265BDB2190F7C77880AEF1EC1087DDA",
  "Silk.NET.Maths.dll": "B6C86D145BF62C57B6E36307BEDED6DA",
  "Silk.NET.OpenGL.dll": "6C05EFE10BB7C010CF36B939DD900862",
  "Silk.NET.SDL.dll": "DAB715D0A285E4ECCBF308A4ABEE8B5D",
  "Silk.NET.Windowing.Common.dll": "6DC80E29B7ECC7ADC32C858C0C8BBC56",
  "Silk.NET.Windowing.Glfw.dll": "F73CA235C6AEF2821E599A98887912F7",
  "Silk.NET.Windowing.Sdl.dll": "6BAE6D993CCC7C945016598A84B96DA6",
  "SQLite-net.dll": "ADF2C7C584E42D8061ADD51E9DC689A2",
  "SQLitePCLRaw.batteries_v2.dll": "159146A043BBFCD09A027EB65C09E6E8",
  "SQLitePCLRaw.core.dll": "EF561E7D5806BB7924E335D9A6FBF958",
  "SQLitePCLRaw.nativelibrary.dll": "96101703AB6EA0734DBDAD1D42312CCC",
  "SQLitePCLRaw.provider.dynamic_cdecl.dll": "FD63D5772A8833163776BB25A6B79A23",
  "StbiSharp.dll": "853BB67BEFD6701BA048DBF94E4D7DB9",
  "System.Reactive.dll": "EF5A00287AD15393D41B12AA4B726FF7",
  "System.Reflection.MetadataLoadContext.dll": "7EC41D41F4E1246757BA3E2EC862D562",
  "System.Security.Cryptography.Pkcs.dll": "8950E01996A37E808BE3F39063C37BF9",
  "TEMP_gitver.txt": "F7C958A489F35D7A71E8D4366D7CAFAF",
  "TerraFX.Interop.Windows.dll": "84F7EF6B0DE91F8CC23F773D3FD6DEC0",
  "Validation.dll": "A32D9CC0C0B3D108E471652619A51B3C"
}
