{
  "runtimes\\alpine-arm\\native\\libe_sqlite3.so": "87AF85204A246154501382901F3F6812",
  "runtimes\\alpine-arm64\\native\\libe_sqlite3.so": "CD4B9AAB53400EFE96ABC32B339A866A",
  "runtimes\\alpine-x64\\native\\libe_sqlite3.so": "6C9D6E34F1E932668237404D6EB6FC66",
  "runtimes\\browser-wasm\\nativeassets\\net7.0\\e_sqlite3.a": "E25518AC5EAD5E787448F3258236888E",
  "runtimes\\linux-arm\\native\\libe_sqlite3.so": "B8DA0DB6A447B5CCE98207F6A250FB84",
  "runtimes\\linux-arm64\\native\\libe_sqlite3.so": "A888898B38395A15F2DE200BAA8B486F",
  "runtimes\\linux-armel\\native\\libe_sqlite3.so": "54F3F4183B81387F7928ED0BB9B67B32",
  "runtimes\\linux-mips64\\native\\libe_sqlite3.so": "D56886A2E2F081CDEA1621BB18132764",
  "runtimes\\linux-musl-arm\\native\\libe_sqlite3.so": "87AF85204A246154501382901F3F6812",
  "runtimes\\linux-musl-arm64\\native\\libe_sqlite3.so": "CD4B9AAB53400EFE96ABC32B339A866A",
  "runtimes\\linux-musl-x64\\native\\libe_sqlite3.so": "6C9D6E34F1E932668237404D6EB6FC66",
  "runtimes\\linux-s390x\\native\\libe_sqlite3.so": "CB751CC76F280849C0E2F718D6784E69",
  "runtimes\\linux-x64\\native\\libe_sqlite3.so": "30098E7FAEB947BF5A5AE2FDB34E4461",
  "runtimes\\linux-x86\\native\\libe_sqlite3.so": "68872BD5071077981504636C2353EAA8",
  "runtimes\\maccatalyst-arm64\\native\\libe_sqlite3.dylib": "B2597C8799A6D21E5B98DB28C9C725FD",
  "runtimes\\maccatalyst-x64\\native\\libe_sqlite3.dylib": "19DCF2A64A7B5D1B8C7705AC809653A5",
  "runtimes\\osx-arm64\\native\\libe_sqlite3.dylib": "FB6D0058E0E849FA8715911B49790350",
  "runtimes\\osx-x64\\native\\libe_sqlite3.dylib": "DE5735102E730C1518C029DB3A0040A9",
  "runtimes\\win-arm\\native\\e_sqlite3.dll": "4A87D79898B4F621C6978A0AC6A914AD",
  "runtimes\\win-arm64\\native\\e_sqlite3.dll": "B8B9C34D33F101B4B99AE6254A4EE872",
  "runtimes\\win-x64\\native\\e_sqlite3.dll": "383BA8A1329FDC44A3F9E3638A237472",
  "runtimes\\win-x64\\native\\minhook.x64d.dll": "0C41ED3B50DE9561245F45078662569B",
  "runtimes\\win-x86\\native\\e_sqlite3.dll": "0B0B8CF6B46266E94F9523AFED6A862A",
  "BCnEncoder.dll": "A014468E40CAA2BC8DA98F61576094FB",
  "BitFaster.Caching.dll": "581269EDC37E4ABE3A520A0614D2F453",
  "CheapLoc.dll": "F52517FE66016F714D8BF263F2196C13",
  "cimgui.dll": "A2E26130EEF79553C06688B5430B1E36",
  "cimguizmo.dll": "0E21B77991D9E1C06993A96DC9564898",
  "cimplot.dll": "58E5BAFEAF61F4CDC37CF80F7AFAC590",
  "commit_hash.txt": "11757A18BD43DDE2C7BAB756B39E7CE9",
  "CommunityToolkit.HighPerformance.dll": "66B64EC334625F2C5D341A45E28EEB43",
  "Dalamud.Bindings.ImGui.dll": "2AF120F1FAEF81AB901BBFBE84DA6F9E",
  "Dalamud.Bindings.ImGuizmo.dll": "6D1C8F1923D2C8FF040369CF3B3BC0C5",
  "Dalamud.Bindings.ImPlot.dll": "3BC1F07C5F3FFC48BADCC9BAF594AE6D",
  "Dalamud.Boot.dll": "CF61259D1386F6CBC9BD91DE68827252",
  "Dalamud.Common.dll": "0221D73721AAC884BA851847F84BB67D",
  "Dalamud.deps.json": "F66F3A01A5532AECB9D411D8D78F0608",
  "Dalamud.dll": "11C8DC9D982A1B10D24C0C3D9C537991",
  "Dalamud.Injector.deps.json": "28C3C412E18C8E21BCEC052CCAF9CE11",
  "Dalamud.Injector.dll": "9F713372A68372D53DB3ED2C74F8EF67",
  "Dalamud.Injector.exe": "398E17F9D8728D4E9747EF480439A77F",
  "Dalamud.Injector.runtimeconfig.json": "481C4D4F6151485203242D25F632FCC5",
  "Dalamud.Injector.xml": "573870DEB8A9854EC20203EDE9D78425",
  "Dalamud.runtimeconfig.json": "9DB7F0D7C94CA1AA6CA3ACFA6F93A1D8",
  "Dalamud.xml": "DFAA841D9F8F1288EE2AD761F2043A31",
  "DalamudCrashHandler.exe": "8126720D44CEA521189DE24F2C2EDCAC",
  "FASM-LICENSE.TXT": "ECEA1D10811221D5F0A3E96F9C38E2C7",
  "FASM.DLL": "123BCABD42860749AA58D335968DC748",
  "FASMX64.DLL": "785B6AE4533E86592396B2EA1CFC082B",
  "FFXIVClientStructs.dll": "269952C7D394F55C6E2AA17A4CCB575E",
  "FFXIVClientStructs.xml": "F34BF747EB67CBDDF361AE7F48E592C4",
  "goatcorp.Reloaded.Assembler.dll": "6F60D7400BD748955A4CF345DF6F5153",
  "goatcorp.Reloaded.Assembler.targets": "CC22CB0A353E2136EE9E6E96DB9F7164",
  "goatcorp.Reloaded.Hooks.dll": "4AAB81E9339D34F3840E758147E50063",
  "goatcorp.Reloaded.Memory.Buffers.dll": "B3E8BE12B3F0C259E09C74526F5AAA84",
  "HexaGen.Runtime.dll": "D3E5CF91D7119D727E22B7C26FD01C26",
  "Iced.dll": "3B3D0EE5C39A8383A3FF4297D06C6658",
  "ImGuiScene.dll": "2E662C3028B603E674A5755325159A0A",
  "InteropGenerator.Runtime.dll": "8782F772E3A42AEB249FAB72C9F4519C",
  "JetBrains.Annotations.dll": "D334483DFBCF8BE6062277E1FB3B94F3",
  "licenses.txt": "A159BE62AA91178EFC3E3983AE874D1D",
  "Lumina.dll": "33AA432ED181AF4EE124B60D1FED248F",
  "Lumina.Excel.dll": "4A409550AE1B5DF20E93A8DBA4DD059E",
  "Lumina.Excel.xml": "8C361FFD52612B54A308E043847D6823",
  "Microsoft.Extensions.ObjectPool.dll": "CB2B8426DF93B062B631BC85B3369BED",
  "MinSharp.dll": "7532E35613E772F992B7DD979BC84010",
  "Mono.Cecil.dll": "B9F0B72BECC1815234BA154B1E9DFA7D",
  "Mono.Cecil.Mdb.dll": "EA3512E0D02E2B76A5837445BD6BBAB5",
  "Mono.Cecil.Pdb.dll": "40DADFC27C98FEC977A57FCC1900CE2B",
  "Mono.Cecil.Rocks.dll": "63B02A202BA3B9177CC365017EFE16BE",
  "nethost.dll": "21F39F71E2F4B5BA9FB3F126872F2F9B",
  "Newtonsoft.Json.dll": "C252FE44B67A08E6DAB4EADE3764DB49",
  "PeNet.Asn1.dll": "8E6812618A7716ECDEE4E24B2BC3265A",
  "PeNet.dll": "35624CD8EA941D178FBC8A4C23CBE52F",
  "Reloaded.Hooks.Definitions.dll": "2AF9D61A5B03AC2EB9AFE0094B48484B",
  "Reloaded.Memory.Buffers.dll": "3E23FD9BC84ABA569A202C7C078775AC",
  "Reloaded.Memory.dll": "D8269C3AECC6008ED621599A7E7EC6FA",
  "revision.txt": "93963474EDFD08F1F1E7244F663B4708",
  "Serilog.dll": "C93165A4F81C20A159BE591C5E375EEB",
  "Serilog.Sinks.Async.dll": "051FC03A05054A78D5D33448DB6A6B3B",
  "Serilog.Sinks.Console.dll": "F688A26872CA8BF2692381CAE8C066B9",
  "Serilog.Sinks.File.dll": "6D13D35C1D5ABD57981BF73EDDFB4445",
  "SQLite-net.dll": "6CD972DDF95B5F538D9EC7AAC978CC3E",
  "SQLitePCLRaw.batteries_v2.dll": "BBE91FAF9A5590E2BC7BDF9DF88FCF7A",
  "SQLitePCLRaw.core.dll": "6F203FEAD267A99C9F1B9A356B11B7D8",
  "SQLitePCLRaw.provider.e_sqlite3.dll": "C57D5068C4CE2619AF2EA1F52005FF5A",
  "System.Reactive.dll": "C6016588304D55406E3D1C2FA7D42903",
  "System.Reflection.MetadataLoadContext.dll": "284C720DEE2524BCF10DD1B5648AA303",
  "System.Security.Cryptography.Pkcs.dll": "17945B2BF07D9377E36AD3EBE69FF693",
  "TEMP_gitver.txt": "3E01CA56895E7B46AC5DA6300FC81A6B",
  "TerraFX.Interop.Windows.dll": "C75D06E77DE5A095D45676A81CDE0DC9"
}
