{
  "runtimes\\alpine-x64\\native\\libe_sqlite3.so": "39C244FEDBCD3DFC37041D4FCE1AE21D",
  "runtimes\\linux-arm\\native\\libe_sqlite3.so": "96CF54BC0EFB83D6E3F5F3E04997A59D",
  "runtimes\\linux-arm64\\native\\libe_sqlite3.so": "F079E55E7F3F9966A4A2052A3234E068",
  "runtimes\\linux-armel\\native\\libe_sqlite3.so": "C5A67D49434FC65D64E9C15778078C76",
  "runtimes\\linux-mips64\\native\\libe_sqlite3.so": "5F8461214089CFC677D46C19B7162161",
  "runtimes\\linux-musl-x64\\native\\libe_sqlite3.so": "39C244FEDBCD3DFC37041D4FCE1AE21D",
  "runtimes\\linux-x64\\native\\libe_sqlite3.so": "6F49C540D3AB9964D67A4A704C3D262D",
  "runtimes\\linux-x64\\native\\libglfw.so.3": "9E3137144F68B9E9793F4C7AD5B1BEA7",
  "runtimes\\linux-x64\\native\\libSDL2-2.0.so": "99B95A708381FC66AB2370E45A260527",
  "runtimes\\linux-x64\\native\\libstbi.so": "0945355ED59677D06E3E88F48101BB26",
  "runtimes\\linux-x86\\native\\libe_sqlite3.so": "5E0659B414CBD6DDC38C65582485853E",
  "runtimes\\osx-x64\\native\\libe_sqlite3.dylib": "F82AE134FCD1C080A69D775591406673",
  "runtimes\\osx-x64\\native\\libglfw.3.dylib": "1E30FAB2F0C40E82290AD4B0BF14A880",
  "runtimes\\osx-x64\\native\\libSDL2-2.0.dylib": "AAC958490586C67395F0A90903AE3747",
  "runtimes\\osx-x64\\native\\libstbi.dylib": "0B84B0A6A80178266018081C3CAB68E6",
  "runtimes\\win-arm\\native\\e_sqlite3.dll": "DF08AACE357DCB760EA125942AB6C1B8",
  "runtimes\\win-arm64\\native\\e_sqlite3.dll": "3DDD8AF9DC12C36DD149D9B331249714",
  "runtimes\\win-x64\\native\\cimgui.dll": "71F3AAC7D1B5B2BBD9A90DF33952B444",
  "runtimes\\win-x64\\native\\cimguizmo.dll": "474E8CE01F294533CC8A2F07C003AFF6",
  "runtimes\\win-x64\\native\\cimplot.dll": "D0846F9A08D774CD627B2DA07B323C4E",
  "runtimes\\win-x64\\native\\e_sqlite3.dll": "76F2B4036CD6DF47FAB2177FD165AD49",
  "runtimes\\win-x64\\native\\glfw3.dll": "21388F6C459D7A256B784DAB87BACAEB",
  "runtimes\\win-x64\\native\\minhook.x64d.dll": "3D5C8B3907FBA8A8256AE81780158AB8",
  "runtimes\\win-x64\\native\\SDL2.dll": "387D02491CB125580A580D8892F3D34E",
  "runtimes\\win-x64\\native\\stbi.dll": "FE08DFC04EDFA55B2936756CC45943FA",
  "runtimes\\win-x64\\native\\stbi.lib": "927C214DE576219E1F80DBE7798A0502",
  "runtimes\\win-x86\\native\\e_sqlite3.dll": "2510D0B1305E3F666CDC15AB53C81A3C",
  "runtimes\\win-x86\\native\\glfw3.dll": "251164822957CC27446CE9780B7B65AE",
  "runtimes\\win-x86\\native\\SDL2.dll": "1978AB532F6AB4D227A48133BB5F9C9E",
  "targets\\Dalamud.Plugin.Bootstrap.targets": "C85635161398CD9852CF7212DB7EB904",
  "targets\\Dalamud.Plugin.targets": "11001C983157350F50D99F1A827999B5",
  "CheapLoc.dll": "E8E818184A7BA480936D4BC17837C82C",
  "Costura.dll": "DFDD97BE8296042984937E4B4F1951F0",
  "Dalamud.Boot.dll": "47AF5342B409D0AC49EBADF2ADDB07FA",
  "Dalamud.Common.dll": "FD8C2EC9DDB55A9388492ED369894456",
  "Dalamud.deps.json": "75030D0D024A1C527930FE11B1AFF444",
  "Dalamud.dll": "54A7317F512074922325A0ACC340E2FA",
  "Dalamud.Injector.deps.json": "4E53ABE9A5D3E4592DA63EBF98DAAD86",
  "Dalamud.Injector.dll": "85A07864C5E00705DCC6DF56762ACF82",
  "Dalamud.Injector.exe": "43D65124DBE5FAB49E0D560F9FD074AA",
  "Dalamud.Injector.runtimeconfig.json": "AAAFA957BB3B382321D67ACC2D792553",
  "Dalamud.Injector.xml": "6CFC451561E67CE7788814C5B327D7EC",
  "Dalamud.runtimeconfig.json": "15719C111D02D5BD45F37285FC8B6040",
  "Dalamud.xml": "E154098D3DBF588E0D2DA5C7FE30434B",
  "DalamudCrashHandler.exe": "A10841B54B5EF882C75D68C65A632BBE",
  "FASM-LICENSE.TXT": "ECEA1D10811221D5F0A3E96F9C38E2C7",
  "FASM.DLL": "75ECE05C3FAE1CC4F96AFB5F3ACB6EFD",
  "FASMX64.DLL": "D12D7404384D89F212AB45150125650D",
  "FFXIVClientStructs.dll": "82EDF4733C77168189BCC58B7F6F52EB",
  "FFXIVClientStructs.xml": "DB68179A369F4F5F1316D3D42A942497",
  "goaaats.Reloaded.Assembler.targets": "CC22CB0A353E2136EE9E6E96DB9F7164",
  "Iced.dll": "99EFF996C5D8B303C48F350BF98EB42D",
  "ImGui.NET.dll": "D6411A5D75F9721F09CA275B0935BCEF",
  "ImGuiScene.dll": "F68996120C7CFDA1D3C714F2F7F805C4",
  "JetBrains.Annotations.dll": "12159D0C4E92300260D33D541E0F7F01",
  "licenses.txt": "A159BE62AA91178EFC3E3983AE874D1D",
  "Lumina.dll": "BB0A29FD69296CF441F8634BE08C90EA",
  "Lumina.Excel.dll": "7AE756EE8463A1A166FD2E1E94B3BF68",
  "Microsoft.Bcl.HashCode.dll": "613AB56061ADF2284E047025207467E0",
  "Microsoft.DotNet.PlatformAbstractions.dll": "00AB0F02B1114C57C758F5AD595224F1",
  "Microsoft.Extensions.DependencyModel.dll": "F39BC76C10CFEA478C936FC4521A9FC9",
  "MinSharp.dll": "00C1EFA470167C17977675DABBABBF04",
  "Mono.Cecil.dll": "34BF111DA71FBA4A4D49496173928BFD",
  "Mono.Cecil.Mdb.dll": "6D73B772E99340AC2E47D43BEBF40161",
  "Mono.Cecil.Pdb.dll": "99A58BCFED511FF1F8CD7DDDED9D44A1",
  "Mono.Cecil.Rocks.dll": "23B9B47419F888FCD905955E2D9458C0",
  "MonoMod.Backports.dll": "CB033B3414E12DC27C3E6A8149050632",
  "MonoMod.Core.dll": "6075B53DDD6C7F970D9D0EF9DC58FA67",
  "MonoMod.Iced.dll": "C02D39BB47BF32788C809FF708BF0547",
  "MonoMod.ILHelpers.dll": "5A58471B38D44C57ABBA55F5E28EF3E8",
  "MonoMod.RuntimeDetour.dll": "B283A911CA7AFAEA3C493671700BBCA8",
  "MonoMod.Utils.dll": "EF205FE561336E34BD7F67FAC7027AC6",
  "nethost.dll": "012081214FE71F0F6ADCD9F4A71B2B00",
  "Newtonsoft.Json.dll": "86A83A63F12B55FD3718CFBFB577D7DC",
  "PeNet.Asn1.dll": "8E6168C9FED2FBD2787E425CB8ABCD00",
  "PeNet.dll": "6050835509B29B3DB2DBB2C530EDE63B",
  "PInvoke.AdvApi32.dll": "34EE461D05B403C3A15D0DEC32A3788C",
  "PInvoke.BCrypt.dll": "FD07758EE1440491F22923084109FF26",
  "PInvoke.Cabinet.dll": "333D950E3804735DA60CC41D614C63E2",
  "PInvoke.CfgMgr32.dll": "768BE7CC18EDCF78B296A72ABE891691",
  "PInvoke.Crypt32.dll": "E7B00B0851738F4A7F2C6D37DAA973B4",
  "PInvoke.DbgHelp.dll": "E701136169620D20E3A70B560DE20E44",
  "PInvoke.DwmApi.dll": "ACF223CC8962404056648815B486F7D9",
  "PInvoke.Gdi32.dll": "69FF434826F98582CE44D3136ECFFACB",
  "PInvoke.Hid.dll": "2E7A41257F8AD9B26073181F450CD8E5",
  "PInvoke.ImageHlp.dll": "79BE816E8D86EA66489D7780DD675D49",
  "PInvoke.IPHlpApi.dll": "E949FA3326D1BA8872B179AB4EE49D38",
  "PInvoke.Kernel32.dll": "234E15B122ED430DE99490CA1A204958",
  "PInvoke.Magnification.dll": "C9EA3D34F506741ECC044DB19C151F09",
  "PInvoke.Msi.dll": "69EE50CE2DA6B55755E52589F49A7EBC",
  "PInvoke.NCrypt.dll": "DA1DE76C14D99370CA3BEF19DC299B15",
  "PInvoke.NetApi32.dll": "AE79F9FA2E3864A5E0642AE4622ECDC5",
  "PInvoke.NewDev.dll": "B3E1992105D986EF9C5C8E4B630FBB07",
  "PInvoke.NTDll.dll": "3F6BDF840EB27DD0FD9EB8071822183A",
  "PInvoke.Ole32.dll": "3C49FB100B60519FFE725BCD12A538F6",
  "PInvoke.Psapi.dll": "A7683EE4B880227F01C8AE632A892B9E",
  "PInvoke.SetupApi.dll": "1B7AE321185D0081D1759A9AD829F9BA",
  "PInvoke.SHCore.dll": "F27E7F063D51480F6D2294C903E4A606",
  "PInvoke.Shell32.dll": "F71A1BCAF6478190691170DAEA77722F",
  "PInvoke.User32.dll": "8BEDE38311ED4F27127290B81B8079FD",
  "PInvoke.Userenv.dll": "FEB7BCA90B8C905EC2F4BB0789847131",
  "PInvoke.UxTheme.dll": "8E683C016250CB719FDB9AAAFC22B3C5",
  "PInvoke.Windows.Core.dll": "90015440A44935208FFEA9BF61740651",
  "PInvoke.Windows.ShellScalingApi.dll": "F351B34B8C9183A51CADFDC279357C49",
  "PInvoke.WinUsb.dll": "9EB8A0280F2848D1A32B560A939F7336",
  "PInvoke.WtsApi32.dll": "341C94455D2E5893DBE4293D4D67AA4D",
  "Reloaded.Assembler.dll": "7FB72CE23EDC87BCFE590742EEF5CFB8",
  "Reloaded.Hooks.Definitions.dll": "793295B680E7B7D804FD2A56C4FC9133",
  "Reloaded.Hooks.dll": "8178709992CACF8624FB0F09A89AEE39",
  "Reloaded.Memory.Buffers.dll": "D001F1D9EEB118760874C84A70ADF09D",
  "Reloaded.Memory.dll": "FDD005AD3F883AEAA69A20ECD47F4258",
  "revision.txt": "3C8A49145944FED2BBCAADE178A426C4",
  "SDL2-CS.config": "65557595FD5DF55D93B2BF881DE62C3A",
  "SDL2-CS.dll": "23CB05FCB0C5B9543D767B782C1C9414",
  "Serilog.dll": "002398479ADBD23AFC32B4F6EE050057",
  "Serilog.Sinks.Async.dll": "747C7C581BA3B146035B6A851CF96157",
  "Serilog.Sinks.Console.dll": "0AACEF378C93A21E95EAFD0F0DD4E0E7",
  "Serilog.Sinks.File.dll": "536FE6AFD5961C90654D47AA008FF746",
  "SharpDX.Direct3D11.dll": "C5757FFA3F19237B17246B225D470967",
  "SharpDX.dll": "942A6330D3C0E5DCA8620F678B4934DA",
  "SharpDX.DXGI.dll": "CA8BC94288369A7A1E1A1025DE374832",
  "SharpDX.Mathematics.dll": "2B0BD7E285326208CDB429DE7456D36B",
  "Silk.NET.Core.dll": "5F6C52E888674F0FB00AFF862C454D0A",
  "Silk.NET.GLFW.dll": "B0DFF60E76C96758CE70D797837F97FF",
  "Silk.NET.Maths.dll": "55D717D6B7359C7829A2078614C7596A",
  "Silk.NET.OpenGL.dll": "A707620CB84B03117840AC86F771CBD6",
  "Silk.NET.SDL.dll": "C4984EE362902595E062A0BDEA253313",
  "Silk.NET.Windowing.Common.dll": "D23F39006A250ADD5BB32B8B4EF1E454",
  "Silk.NET.Windowing.Glfw.dll": "817D5D46BB0FBA0E05E961A5189BA2DD",
  "Silk.NET.Windowing.Sdl.dll": "8F0617C7D83A1BD15E823440B37D21E6",
  "SQLite-net.dll": "7DDA83FA9DB834EC0C6D26DEC1651826",
  "SQLitePCLRaw.batteries_v2.dll": "C3DBF032F44BD875E1F16A467753AE54",
  "SQLitePCLRaw.core.dll": "0B66AB028D09DAA33362410E8F794CD4",
  "SQLitePCLRaw.nativelibrary.dll": "EE72CE4F272121B817B659D20E0599C6",
  "SQLitePCLRaw.provider.dynamic_cdecl.dll": "47675201B61C12112AF81CC4F80B9409",
  "StbiSharp.dll": "447F8AFC59F445AF9BD21C58828ECD34",
  "System.Reactive.dll": "EF5A00287AD15393D41B12AA4B726FF7",
  "System.Reflection.MetadataLoadContext.dll": "7EC41D41F4E1246757BA3E2EC862D562",
  "System.Security.Cryptography.Pkcs.dll": "8950E01996A37E808BE3F39063C37BF9",
  "TEMP_gitver.txt": "677B67C3330566402A1EA07C77CA56D6",
  "Validation.dll": "0EAE4A8AC1B2C27098EC0734EFE6E863"
}
