{
  "runtimes\\alpine-arm\\native\\libe_sqlite3.so": "87AF85204A246154501382901F3F6812",
  "runtimes\\alpine-arm64\\native\\libe_sqlite3.so": "CD4B9AAB53400EFE96ABC32B339A866A",
  "runtimes\\alpine-x64\\native\\libe_sqlite3.so": "6C9D6E34F1E932668237404D6EB6FC66",
  "runtimes\\browser-wasm\\nativeassets\\net7.0\\e_sqlite3.a": "E25518AC5EAD5E787448F3258236888E",
  "runtimes\\linux-arm\\native\\libe_sqlite3.so": "B8DA0DB6A447B5CCE98207F6A250FB84",
  "runtimes\\linux-arm64\\native\\libe_sqlite3.so": "A888898B38395A15F2DE200BAA8B486F",
  "runtimes\\linux-armel\\native\\libe_sqlite3.so": "54F3F4183B81387F7928ED0BB9B67B32",
  "runtimes\\linux-mips64\\native\\libe_sqlite3.so": "D56886A2E2F081CDEA1621BB18132764",
  "runtimes\\linux-musl-arm\\native\\libe_sqlite3.so": "87AF85204A246154501382901F3F6812",
  "runtimes\\linux-musl-arm64\\native\\libe_sqlite3.so": "CD4B9AAB53400EFE96ABC32B339A866A",
  "runtimes\\linux-musl-x64\\native\\libe_sqlite3.so": "6C9D6E34F1E932668237404D6EB6FC66",
  "runtimes\\linux-s390x\\native\\libe_sqlite3.so": "CB751CC76F280849C0E2F718D6784E69",
  "runtimes\\linux-x64\\native\\libe_sqlite3.so": "30098E7FAEB947BF5A5AE2FDB34E4461",
  "runtimes\\linux-x86\\native\\libe_sqlite3.so": "68872BD5071077981504636C2353EAA8",
  "runtimes\\maccatalyst-arm64\\native\\libe_sqlite3.dylib": "B2597C8799A6D21E5B98DB28C9C725FD",
  "runtimes\\maccatalyst-x64\\native\\libe_sqlite3.dylib": "19DCF2A64A7B5D1B8C7705AC809653A5",
  "runtimes\\osx-arm64\\native\\libe_sqlite3.dylib": "FB6D0058E0E849FA8715911B49790350",
  "runtimes\\osx-x64\\native\\libe_sqlite3.dylib": "DE5735102E730C1518C029DB3A0040A9",
  "runtimes\\win-arm\\native\\e_sqlite3.dll": "A0005E59F59BA8E2007D0E46EAFE1B73",
  "runtimes\\win-arm64\\native\\e_sqlite3.dll": "7C7A430955CA03DE0834CE749F8818FC",
  "runtimes\\win-x64\\native\\e_sqlite3.dll": "DE821F23E8EBB5E5E1BAFB0E06AC97CB",
  "runtimes\\win-x64\\native\\minhook.x64d.dll": "82C1D7E3C5F36852352335BAC284B84B",
  "runtimes\\win-x86\\native\\e_sqlite3.dll": "7726FB4E1BAC81C72543D2D9FF339B19",
  "BCnEncoder.dll": "7FFAE390CBD53EA7307380452862A56C",
  "BitFaster.Caching.dll": "AEE24184A45B2E18AFC257A2FF95D157",
  "CheapLoc.dll": "8F8A335F7974A43EC3F47BDE4BFF42AB",
  "cimgui.dll": "785B41E00F54EBE6EE2EB5C659D548DC",
  "cimguizmo.dll": "1127A37686168FC2E5254A423D40C152",
  "cimplot.dll": "D143C13DD6C162AF19D97A3903D55AA1",
  "commit_hash.txt": "EFDF457D396D183C04CB9EB871A5E6D7",
  "CommunityToolkit.HighPerformance.dll": "66B64EC334625F2C5D341A45E28EEB43",
  "Dalamud.Bindings.ImGui.dll": "D87F0E90B734AB44B2D0EF4F95E2107E",
  "Dalamud.Bindings.ImGuizmo.dll": "BAFB7A90A6B006753BB9532B6B244327",
  "Dalamud.Bindings.ImPlot.dll": "24A96C65F8086831292ABDC223A663B9",
  "Dalamud.Boot.dll": "3E6F2151BB63FDFD985508C6422BAF06",
  "Dalamud.Common.dll": "79274D087F02FD44478032591F6D8917",
  "Dalamud.deps.json": "6B45C131FE13B820CF1029D5B98D4AA2",
  "Dalamud.dll": "4E6FE950338CE293604B2B43E74E096B",
  "Dalamud.Injector.deps.json": "28C3C412E18C8E21BCEC052CCAF9CE11",
  "Dalamud.Injector.dll": "6F96EE1E9A675F1899C4A4CA0992A7F2",
  "Dalamud.Injector.exe": "A19F353FC46EBD98F47EAEC218CADA62",
  "Dalamud.Injector.runtimeconfig.json": "481C4D4F6151485203242D25F632FCC5",
  "Dalamud.Injector.xml": "573870DEB8A9854EC20203EDE9D78425",
  "Dalamud.runtimeconfig.json": "9DB7F0D7C94CA1AA6CA3ACFA6F93A1D8",
  "Dalamud.xml": "DFAA841D9F8F1288EE2AD761F2043A31",
  "DalamudCrashHandler.exe": "B46B67CCBB085A1AAC7DA60BADC7A38B",
  "FASM-LICENSE.TXT": "ECEA1D10811221D5F0A3E96F9C38E2C7",
  "FASM.DLL": "376C739983DEFD4A28C6CF3534557519",
  "FASMX64.DLL": "2E1BC17DC943116016692E7D2A9E3BD1",
  "FFXIVClientStructs.dll": "DC1BBE0869ED472A1B1A54537DF2C715",
  "FFXIVClientStructs.xml": "FFE0626399FE000B13490EB2FF4159D4",
  "goatcorp.Reloaded.Assembler.dll": "A7B99F698DDE9B7A1204C2AF9C456C48",
  "goatcorp.Reloaded.Assembler.targets": "CC22CB0A353E2136EE9E6E96DB9F7164",
  "goatcorp.Reloaded.Hooks.dll": "28742D8CE9C302126309AE64F53D3D0E",
  "goatcorp.Reloaded.Memory.Buffers.dll": "9AF49037FA29B3D44CCD4D29C533F133",
  "HexaGen.Runtime.dll": "EDA8DDEB6586D53FCCD8A4C75A360D7E",
  "Iced.dll": "304396E4099C1DA61D753A81E9112F48",
  "ImGuiScene.dll": "BE8DF7219D2D747AA614360AB8783BC4",
  "InteropGenerator.Runtime.dll": "FB7D84E90D2E6B5C5794A0394D7867BD",
  "JetBrains.Annotations.dll": "D334483DFBCF8BE6062277E1FB3B94F3",
  "licenses.txt": "A159BE62AA91178EFC3E3983AE874D1D",
  "Lumina.dll": "304DE204E4D9A3FCB65CEE963C277F4B",
  "Lumina.Excel.dll": "7BB91403194050B2A0DF8EC0772F8623",
  "Lumina.Excel.xml": "8C361FFD52612B54A308E043847D6823",
  "Microsoft.Extensions.ObjectPool.dll": "CB2B8426DF93B062B631BC85B3369BED",
  "MinSharp.dll": "2EA3CA30D6209BF045211C763667820C",
  "Mono.Cecil.dll": "9A11F49A02AA724C003056232CC6F717",
  "Mono.Cecil.Mdb.dll": "AD60BC215575067CC402FA5CA34324E3",
  "Mono.Cecil.Pdb.dll": "16D1C2CCFB8F7EF87EC1AB5E82A82792",
  "Mono.Cecil.Rocks.dll": "BF6D77893FFF4D5AECA2E4271FC52A91",
  "nethost.dll": "21F39F71E2F4B5BA9FB3F126872F2F9B",
  "Newtonsoft.Json.dll": "C252FE44B67A08E6DAB4EADE3764DB49",
  "PeNet.Asn1.dll": "F6F300A7E0C9010D11C6C2FCBCE6F724",
  "PeNet.dll": "E1EF75E3CE0C13E6095E7CC9FA578AC7",
  "Reloaded.Hooks.Definitions.dll": "B43179950C85B0651DAD4713CD20910D",
  "Reloaded.Memory.Buffers.dll": "9B0EA267CA0E158C135118485A44710A",
  "Reloaded.Memory.dll": "C8E3709018F1C3DE7324B32B6DD8D9F4",
  "revision.txt": "D18C255F89434EAB3211813C0E765C6B",
  "Serilog.dll": "2A87AD18CABA79CAAC6FEFDB603124E9",
  "Serilog.Sinks.Async.dll": "C48DE360FA175FCE511C4B0E9174CEA2",
  "Serilog.Sinks.Console.dll": "2D1DFA1F54BB60D23FFD55D4973C698D",
  "Serilog.Sinks.File.dll": "867E1FFDE4349083A31C62C6A1EB8F63",
  "SQLite-net.dll": "4E5E72C20B8967414224FBEFEC0C5750",
  "SQLitePCLRaw.batteries_v2.dll": "9A9FCEFE32E383FD1CF52A612F9A4EFD",
  "SQLitePCLRaw.core.dll": "0CD43561DEE66972BD988705283F9CEE",
  "SQLitePCLRaw.provider.e_sqlite3.dll": "C7C1F9BD843A5DAA130A1EEA61C03E76",
  "System.Reactive.dll": "C6016588304D55406E3D1C2FA7D42903",
  "System.Reflection.MetadataLoadContext.dll": "284C720DEE2524BCF10DD1B5648AA303",
  "System.Security.Cryptography.Pkcs.dll": "17945B2BF07D9377E36AD3EBE69FF693",
  "TEMP_gitver.txt": "8338A87CF55AD361EDA3B68321A16BF2",
  "TerraFX.Interop.Windows.dll": "C75D06E77DE5A095D45676A81CDE0DC9"
}
