{
  "runtimes\\alpine-x64\\native\\libe_sqlite3.so": "39C244FEDBCD3DFC37041D4FCE1AE21D",
  "runtimes\\linux-arm\\native\\libe_sqlite3.so": "96CF54BC0EFB83D6E3F5F3E04997A59D",
  "runtimes\\linux-arm64\\native\\libe_sqlite3.so": "F079E55E7F3F9966A4A2052A3234E068",
  "runtimes\\linux-armel\\native\\libe_sqlite3.so": "C5A67D49434FC65D64E9C15778078C76",
  "runtimes\\linux-mips64\\native\\libe_sqlite3.so": "5F8461214089CFC677D46C19B7162161",
  "runtimes\\linux-musl-x64\\native\\libe_sqlite3.so": "39C244FEDBCD3DFC37041D4FCE1AE21D",
  "runtimes\\linux-x64\\native\\libe_sqlite3.so": "6F49C540D3AB9964D67A4A704C3D262D",
  "runtimes\\linux-x64\\native\\libglfw.so.3": "9E3137144F68B9E9793F4C7AD5B1BEA7",
  "runtimes\\linux-x64\\native\\libSDL2-2.0.so": "99B95A708381FC66AB2370E45A260527",
  "runtimes\\linux-x64\\native\\libstbi.so": "0945355ED59677D06E3E88F48101BB26",
  "runtimes\\linux-x86\\native\\libe_sqlite3.so": "5E0659B414CBD6DDC38C65582485853E",
  "runtimes\\osx-x64\\native\\libe_sqlite3.dylib": "F82AE134FCD1C080A69D775591406673",
  "runtimes\\osx-x64\\native\\libglfw.3.dylib": "1E30FAB2F0C40E82290AD4B0BF14A880",
  "runtimes\\osx-x64\\native\\libSDL2-2.0.dylib": "AAC958490586C67395F0A90903AE3747",
  "runtimes\\osx-x64\\native\\libstbi.dylib": "0B84B0A6A80178266018081C3CAB68E6",
  "runtimes\\win-arm\\native\\e_sqlite3.dll": "7C2FC0F08A35174AF1A8EA3BD263A2B0",
  "runtimes\\win-arm64\\native\\e_sqlite3.dll": "FFE0D3FE1415DCF1BB875DF4FEFAFE13",
  "runtimes\\win-x64\\native\\cimgui.dll": "830A986703B48C507AE946B57B0E57DD",
  "runtimes\\win-x64\\native\\cimguizmo.dll": "0269DB8ABBA68655EB1A7205A1F48BDF",
  "runtimes\\win-x64\\native\\cimplot.dll": "807EE45C18B8B7AFCA11FECC2108A4AE",
  "runtimes\\win-x64\\native\\e_sqlite3.dll": "70EF160AEC73B18B94B95EC29033F439",
  "runtimes\\win-x64\\native\\glfw3.dll": "0FAC4EF4F607B2A1A1384F8E000A001D",
  "runtimes\\win-x64\\native\\minhook.x64d.dll": "DA4088C8C88DC969CCE773026ABAB76A",
  "runtimes\\win-x64\\native\\SDL2.dll": "1D6266B34469E9B4C02875ABA622E987",
  "runtimes\\win-x64\\native\\stbi.dll": "C166B93262AFA3303C3A095D3FF60917",
  "runtimes\\win-x64\\native\\stbi.lib": "927C214DE576219E1F80DBE7798A0502",
  "runtimes\\win-x86\\native\\e_sqlite3.dll": "64103EB9FA2F97F92DD713A2F677B6BF",
  "runtimes\\win-x86\\native\\glfw3.dll": "CBC1AE3D5FB8D39E2151B4D8725F0E39",
  "runtimes\\win-x86\\native\\SDL2.dll": "E439AA058965443853CD6C5627EABF53",
  "targets\\Dalamud.Plugin.Bootstrap.targets": "C85635161398CD9852CF7212DB7EB904",
  "targets\\Dalamud.Plugin.targets": "DDD731601C06B16E10CF2F8990452A27",
  "BitFaster.Caching.dll": "CE12ABE1C328480F5EC8E64F12C962E2",
  "CheapLoc.dll": "CA9703D753951BC4A77948E595E48801",
  "Costura.dll": "1DAFDF249D82C2CD6C7B5F30AEABA841",
  "Dalamud.Boot.dll": "052F6F90F1A6A8C05D419BCBCF193307",
  "Dalamud.Common.dll": "BE4E47F7BF8DE769DC6802CFFAC95852",
  "Dalamud.deps.json": "9FA4487EEFC1908C9361F35453346AAE",
  "Dalamud.dll": "9779B0643F343AFA866D45DB99322C20",
  "Dalamud.Injector.deps.json": "C1FA0941DC8B38E415776C60C508AAB9",
  "Dalamud.Injector.dll": "03F2C2A10F576DB2173CBFC6AA407F80",
  "Dalamud.Injector.exe": "01D4E40DD914AD8E34742956FAEE0243",
  "Dalamud.Injector.runtimeconfig.json": "B9BB65FFE7924D4D8BABE9FA66303200",
  "Dalamud.Injector.xml": "D41E5DF541D19A015215E777D7395C9C",
  "Dalamud.runtimeconfig.json": "2A9CD915428BDD175E0889BD0C225F75",
  "Dalamud.xml": "C59A5389E7E7B8E6E42E6B5FDA291B2D",
  "DalamudCrashHandler.exe": "8EFDEDD34477EC7712B27A3284205C41",
  "FASM-LICENSE.TXT": "ECEA1D10811221D5F0A3E96F9C38E2C7",
  "FASM.DLL": "1E2EB5A72AF1E0BE8CD08446CA664AC5",
  "FASMX64.DLL": "EA1754BD8F5CA21972B48E97F3DE0199",
  "FFXIVClientStructs.dll": "3B98A9BB87370E22442FFB433FEE6BB5",
  "FFXIVClientStructs.xml": "F71F3FD235056182908FC10BA7FDCBA6",
  "goaaats.Reloaded.Assembler.targets": "CC22CB0A353E2136EE9E6E96DB9F7164",
  "Iced.dll": "54892249E9781A2E8F0E08ABF77D5EDF",
  "ImGui.NET.dll": "C240C45269F408DDC31AB23A043C4833",
  "ImGuiScene.dll": "E54BB62D3F878248E6A75E0B72D19145",
  "InteropGenerator.Runtime.dll": "B939A9E03D8BF0F60FF85725CF173195",
  "JetBrains.Annotations.dll": "050B40ECEACB1429079D26CA0480F6F2",
  "licenses.txt": "A159BE62AA91178EFC3E3983AE874D1D",
  "Lumina.dll": "AE489706C09BD12E435C168204282233",
  "Lumina.Excel.dll": "0F97637E0673E9C59CD2BC972FA7D62B",
  "Microsoft.Bcl.HashCode.dll": "613AB56061ADF2284E047025207467E0",
  "Microsoft.DotNet.PlatformAbstractions.dll": "00AB0F02B1114C57C758F5AD595224F1",
  "Microsoft.Extensions.DependencyModel.dll": "F39BC76C10CFEA478C936FC4521A9FC9",
  "Microsoft.Extensions.ObjectPool.dll": "FEE3CE8A84417360CC5ED787ED6F7DB1",
  "MinSharp.dll": "802AA08FFE866504C4ABE5370C0987B8",
  "Mono.Cecil.dll": "B08069A8E06EFDEC90A5E6EC75DEEACF",
  "Mono.Cecil.Mdb.dll": "3A2623B8116A244E8876E110EB44B32B",
  "Mono.Cecil.Pdb.dll": "80D6BFD83766FB74E2F3D76821FAC1D4",
  "Mono.Cecil.Rocks.dll": "A012EBD4EE0CC7C3FF1051A712CF7896",
  "nethost.dll": "012081214FE71F0F6ADCD9F4A71B2B00",
  "Newtonsoft.Json.dll": "86A83A63F12B55FD3718CFBFB577D7DC",
  "PeNet.Asn1.dll": "CA90329A762DCBC1638AB9DAEE04F8EF",
  "PeNet.dll": "5FA4977541C1FCC7FE97C756B58BC2DC",
  "PInvoke.AdvApi32.dll": "34EE461D05B403C3A15D0DEC32A3788C",
  "PInvoke.BCrypt.dll": "FD07758EE1440491F22923084109FF26",
  "PInvoke.Cabinet.dll": "333D950E3804735DA60CC41D614C63E2",
  "PInvoke.CfgMgr32.dll": "768BE7CC18EDCF78B296A72ABE891691",
  "PInvoke.Crypt32.dll": "E7B00B0851738F4A7F2C6D37DAA973B4",
  "PInvoke.DbgHelp.dll": "E701136169620D20E3A70B560DE20E44",
  "PInvoke.DwmApi.dll": "ACF223CC8962404056648815B486F7D9",
  "PInvoke.Gdi32.dll": "69FF434826F98582CE44D3136ECFFACB",
  "PInvoke.Hid.dll": "2E7A41257F8AD9B26073181F450CD8E5",
  "PInvoke.ImageHlp.dll": "79BE816E8D86EA66489D7780DD675D49",
  "PInvoke.IPHlpApi.dll": "E949FA3326D1BA8872B179AB4EE49D38",
  "PInvoke.Kernel32.dll": "234E15B122ED430DE99490CA1A204958",
  "PInvoke.Magnification.dll": "C9EA3D34F506741ECC044DB19C151F09",
  "PInvoke.Msi.dll": "69EE50CE2DA6B55755E52589F49A7EBC",
  "PInvoke.NCrypt.dll": "DA1DE76C14D99370CA3BEF19DC299B15",
  "PInvoke.NetApi32.dll": "AE79F9FA2E3864A5E0642AE4622ECDC5",
  "PInvoke.NewDev.dll": "B3E1992105D986EF9C5C8E4B630FBB07",
  "PInvoke.NTDll.dll": "3F6BDF840EB27DD0FD9EB8071822183A",
  "PInvoke.Ole32.dll": "3C49FB100B60519FFE725BCD12A538F6",
  "PInvoke.Psapi.dll": "A7683EE4B880227F01C8AE632A892B9E",
  "PInvoke.SetupApi.dll": "1B7AE321185D0081D1759A9AD829F9BA",
  "PInvoke.SHCore.dll": "F27E7F063D51480F6D2294C903E4A606",
  "PInvoke.Shell32.dll": "F71A1BCAF6478190691170DAEA77722F",
  "PInvoke.User32.dll": "8BEDE38311ED4F27127290B81B8079FD",
  "PInvoke.Userenv.dll": "FEB7BCA90B8C905EC2F4BB0789847131",
  "PInvoke.UxTheme.dll": "8E683C016250CB719FDB9AAAFC22B3C5",
  "PInvoke.Windows.Core.dll": "90015440A44935208FFEA9BF61740651",
  "PInvoke.Windows.ShellScalingApi.dll": "F351B34B8C9183A51CADFDC279357C49",
  "PInvoke.WinUsb.dll": "9EB8A0280F2848D1A32B560A939F7336",
  "PInvoke.WtsApi32.dll": "341C94455D2E5893DBE4293D4D67AA4D",
  "Reloaded.Assembler.dll": "2853F66294C1E4854FE0891A9E335F89",
  "Reloaded.Hooks.Definitions.dll": "6B6C585FF40C96D44CBB2E8A4565A0D1",
  "Reloaded.Hooks.dll": "C518366F7B8CC5A13C6795762F94DA2B",
  "Reloaded.Memory.Buffers.dll": "02B4441DEDD1CB4596CBCF6C7C1D7FCA",
  "Reloaded.Memory.dll": "3EFEEB7D50D68DE1FFDDEC98781D02A6",
  "revision.txt": "18A411989B47ED75A60AC69D9DA05AA5",
  "SDL2-CS.config": "65557595FD5DF55D93B2BF881DE62C3A",
  "SDL2-CS.dll": "E5B630A1FAEF446707D9D32D83462E71",
  "Serilog.dll": "F30F420E04D9E4E6FDECCE6B85A31343",
  "Serilog.Sinks.Async.dll": "5C690C861E749F8F8DB9BF203405B697",
  "Serilog.Sinks.Console.dll": "04A777680C687721770174B8DC4AFD18",
  "Serilog.Sinks.File.dll": "02A8BB667CEDCE44DD8CB2BB998391E0",
  "SharpDX.Direct3D11.dll": "2B57DC30CEFC3F0E07B210C524B1CB33",
  "SharpDX.dll": "7CD529F3E76C49226067A95CE81C1DF3",
  "SharpDX.DXGI.dll": "8B8173C6AF61833D7B65DA010548E9D3",
  "SharpDX.Mathematics.dll": "6EAB47E43C12BC2FF51B78FB26A3DC3B",
  "Silk.NET.Core.dll": "8B73CB6A358AFB6D2254F3A25EBB38BF",
  "Silk.NET.GLFW.dll": "DB5FC12DE54F84F44E5861F932C0FA0B",
  "Silk.NET.Maths.dll": "760EA9DBFFE6060C5B2763655FA10887",
  "Silk.NET.OpenGL.dll": "93E2B1EE6D88246B816A0AB7F4A0042A",
  "Silk.NET.SDL.dll": "52CE12432E28607D86B92DBA0D785B4C",
  "Silk.NET.Windowing.Common.dll": "16B2791814B79727581C4005EB532BB1",
  "Silk.NET.Windowing.Glfw.dll": "F5A5B3BEE866C5E98793EC8A0B4F70D7",
  "Silk.NET.Windowing.Sdl.dll": "6A67BA0882CE79C18380DBA0617D2AD3",
  "SQLite-net.dll": "8F11FDD33D7BA3AE4C6586C540FBB055",
  "SQLitePCLRaw.batteries_v2.dll": "7FF188F0BE573C697590B241781AF2D2",
  "SQLitePCLRaw.core.dll": "E23C1C83AE68E074F08F503A46A03E03",
  "SQLitePCLRaw.nativelibrary.dll": "66657BE22EB3C514759EE0CEC217C31A",
  "SQLitePCLRaw.provider.dynamic_cdecl.dll": "D3347B37B1420CE1DDB7CAE279996978",
  "StbiSharp.dll": "562BFD9163273F5524294FBEAF255D71",
  "System.Reactive.dll": "EF5A00287AD15393D41B12AA4B726FF7",
  "System.Reflection.MetadataLoadContext.dll": "7EC41D41F4E1246757BA3E2EC862D562",
  "System.Security.Cryptography.Pkcs.dll": "8950E01996A37E808BE3F39063C37BF9",
  "TEMP_gitver.txt": "D6BF186D5222C1283CA179B064D75B71",
  "TerraFX.Interop.Windows.dll": "84F7EF6B0DE91F8CC23F773D3FD6DEC0",
  "Validation.dll": "C7FB32DAD125E8645B4A26062466319C"
}
