{
  "runtimes\\alpine-x64\\native\\libe_sqlite3.so": "39C244FEDBCD3DFC37041D4FCE1AE21D",
  "runtimes\\linux-arm\\native\\libe_sqlite3.so": "96CF54BC0EFB83D6E3F5F3E04997A59D",
  "runtimes\\linux-arm64\\native\\libe_sqlite3.so": "F079E55E7F3F9966A4A2052A3234E068",
  "runtimes\\linux-armel\\native\\libe_sqlite3.so": "C5A67D49434FC65D64E9C15778078C76",
  "runtimes\\linux-mips64\\native\\libe_sqlite3.so": "5F8461214089CFC677D46C19B7162161",
  "runtimes\\linux-musl-x64\\native\\libe_sqlite3.so": "39C244FEDBCD3DFC37041D4FCE1AE21D",
  "runtimes\\linux-x64\\native\\libe_sqlite3.so": "6F49C540D3AB9964D67A4A704C3D262D",
  "runtimes\\linux-x64\\native\\libglfw.so.3": "9E3137144F68B9E9793F4C7AD5B1BEA7",
  "runtimes\\linux-x64\\native\\libSDL2-2.0.so": "99B95A708381FC66AB2370E45A260527",
  "runtimes\\linux-x64\\native\\libstbi.so": "0945355ED59677D06E3E88F48101BB26",
  "runtimes\\linux-x86\\native\\libe_sqlite3.so": "5E0659B414CBD6DDC38C65582485853E",
  "runtimes\\osx-x64\\native\\libe_sqlite3.dylib": "F82AE134FCD1C080A69D775591406673",
  "runtimes\\osx-x64\\native\\libglfw.3.dylib": "1E30FAB2F0C40E82290AD4B0BF14A880",
  "runtimes\\osx-x64\\native\\libSDL2-2.0.dylib": "AAC958490586C67395F0A90903AE3747",
  "runtimes\\osx-x64\\native\\libstbi.dylib": "0B84B0A6A80178266018081C3CAB68E6",
  "runtimes\\win-arm\\native\\e_sqlite3.dll": "F7B0FEA54D901E817E7A3C5CBF5E1C73",
  "runtimes\\win-arm64\\native\\e_sqlite3.dll": "8F3966D6E53AA76EE7E5904A07488CC7",
  "runtimes\\win-x64\\native\\e_sqlite3.dll": "E58D658235540E9F91D6A515A2066CB6",
  "runtimes\\win-x64\\native\\glfw3.dll": "5D2C3D0DC4F759195C9021E35873818A",
  "runtimes\\win-x64\\native\\minhook.x64d.dll": "697C9F338494F54352B094F908A2FE10",
  "runtimes\\win-x64\\native\\SDL2.dll": "B7F922F38BDB5F12A7C225E6B7E3C4B8",
  "runtimes\\win-x64\\native\\stbi.dll": "288A66CA86937B831452759A84D8492B",
  "runtimes\\win-x64\\native\\stbi.lib": "927C214DE576219E1F80DBE7798A0502",
  "runtimes\\win-x86\\native\\e_sqlite3.dll": "C954232D2A67CDF10CB1AA57939AF58E",
  "runtimes\\win-x86\\native\\glfw3.dll": "4F3EB935EEBEAC594CECB175633AE4C7",
  "runtimes\\win-x86\\native\\SDL2.dll": "BF99261C76D1C9E9861B581C511E8964",
  "targets\\Dalamud.Plugin.Bootstrap.targets": "C85635161398CD9852CF7212DB7EB904",
  "targets\\Dalamud.Plugin.targets": "69D15EDFB3D4F0BEE3A099216E4DE057",
  "BitFaster.Caching.dll": "F016A7F544D1C3A4151DFCDA956BC0B5",
  "CheapLoc.dll": "7D3E4BC53E36BFFCADCAF2619B8DAEA6",
  "cimgui.dll": "47AF04FF0C6D4E9E0057F0F645814D8F",
  "cimguizmo.dll": "D9E2B404F53E98AD89BA8C15406CBFAE",
  "cimplot.dll": "E048E01500A4413CB4D3434AC3A493E8",
  "commit_hash.txt": "860D1E0805EE2A6D39370605358C9C39",
  "Dalamud.Boot.dll": "7E3AE665091CFEADCF9FC3C178495F67",
  "Dalamud.Common.dll": "547E9A967596A121A29F406C2F7FA816",
  "Dalamud.deps.json": "471D4619710481BF323CCD4050D1616E",
  "Dalamud.dll": "BEC9BE1417A4789664C4FA798A8066D3",
  "Dalamud.Injector.deps.json": "E30B9BD40106FFC14A5274A670979EDF",
  "Dalamud.Injector.dll": "D3ADCDE45C2AFFA68A5A7697D8179258",
  "Dalamud.Injector.exe": "9E83973CCAF9F4BA3630D5313824CE36",
  "Dalamud.Injector.runtimeconfig.json": "B9BB65FFE7924D4D8BABE9FA66303200",
  "Dalamud.Injector.xml": "D41E5DF541D19A015215E777D7395C9C",
  "Dalamud.runtimeconfig.json": "2A9CD915428BDD175E0889BD0C225F75",
  "Dalamud.xml": "C29797B54701FA28F241A9A91F676854",
  "DalamudCrashHandler.exe": "BE65A54BC511A895311AE3E29A69F0D9",
  "FASM-LICENSE.TXT": "ECEA1D10811221D5F0A3E96F9C38E2C7",
  "FASM.DLL": "6F3E66C5066FABD3B12D701C9F1791BC",
  "FASMX64.DLL": "6B0A714DB104866B55684A76AD80A188",
  "FFXIVClientStructs.dll": "FB5A25A58B232F6A625609B1725E7FDF",
  "FFXIVClientStructs.xml": "713689767F45D705BC91A09E21C9FF09",
  "goaaats.Reloaded.Assembler.targets": "CC22CB0A353E2136EE9E6E96DB9F7164",
  "Iced.dll": "BAE0C474E9F30BD39C623336E20E87C2",
  "ImGui.NET.dll": "78BE86F6F3C666255F67A7F5181AEE50",
  "ImGuiScene.dll": "BE70E7686FCB11755FA903D9DC71111E",
  "InteropGenerator.Runtime.dll": "52D26B0DD29A591A694D64632862B5CC",
  "JetBrains.Annotations.dll": "43EB917965748F9679C63AC31246C715",
  "licenses.txt": "A159BE62AA91178EFC3E3983AE874D1D",
  "Lumina.dll": "0E83E8BF608F0A2AEA3ECBED05962D29",
  "Lumina.Excel.dll": "3077BB4FACD99898855F651612293F63",
  "Microsoft.Bcl.HashCode.dll": "613AB56061ADF2284E047025207467E0",
  "Microsoft.DotNet.PlatformAbstractions.dll": "00AB0F02B1114C57C758F5AD595224F1",
  "Microsoft.Extensions.DependencyModel.dll": "F39BC76C10CFEA478C936FC4521A9FC9",
  "Microsoft.Extensions.ObjectPool.dll": "FEE3CE8A84417360CC5ED787ED6F7DB1",
  "MinSharp.dll": "08BA56CA8E4070AE2C0806CAEE4DE039",
  "Mono.Cecil.dll": "D83F1F3C0D74675E01CE6662D17CA1BC",
  "Mono.Cecil.Mdb.dll": "FD8F7E9D22F2CC9BD27F66686D8D28EF",
  "Mono.Cecil.Pdb.dll": "C33865307BDF0D10E3022BE00D475631",
  "Mono.Cecil.Rocks.dll": "78C80F6FA4CA304F8529EE1EC47DBED3",
  "nethost.dll": "21F39F71E2F4B5BA9FB3F126872F2F9B",
  "Newtonsoft.Json.dll": "ADF3E3EECDE20B7C9661E9C47106A14A",
  "PeNet.Asn1.dll": "A957383B90B5126B01502A6554BB6DC1",
  "PeNet.dll": "73E23B225EAF9C8B879A6E6AF147C129",
  "PInvoke.AdvApi32.dll": "34EE461D05B403C3A15D0DEC32A3788C",
  "PInvoke.BCrypt.dll": "FD07758EE1440491F22923084109FF26",
  "PInvoke.Cabinet.dll": "333D950E3804735DA60CC41D614C63E2",
  "PInvoke.CfgMgr32.dll": "768BE7CC18EDCF78B296A72ABE891691",
  "PInvoke.Crypt32.dll": "E7B00B0851738F4A7F2C6D37DAA973B4",
  "PInvoke.DbgHelp.dll": "E701136169620D20E3A70B560DE20E44",
  "PInvoke.DwmApi.dll": "ACF223CC8962404056648815B486F7D9",
  "PInvoke.Gdi32.dll": "69FF434826F98582CE44D3136ECFFACB",
  "PInvoke.Hid.dll": "2E7A41257F8AD9B26073181F450CD8E5",
  "PInvoke.ImageHlp.dll": "79BE816E8D86EA66489D7780DD675D49",
  "PInvoke.IPHlpApi.dll": "E949FA3326D1BA8872B179AB4EE49D38",
  "PInvoke.Kernel32.dll": "234E15B122ED430DE99490CA1A204958",
  "PInvoke.Magnification.dll": "C9EA3D34F506741ECC044DB19C151F09",
  "PInvoke.Msi.dll": "69EE50CE2DA6B55755E52589F49A7EBC",
  "PInvoke.NCrypt.dll": "DA1DE76C14D99370CA3BEF19DC299B15",
  "PInvoke.NetApi32.dll": "AE79F9FA2E3864A5E0642AE4622ECDC5",
  "PInvoke.NewDev.dll": "B3E1992105D986EF9C5C8E4B630FBB07",
  "PInvoke.NTDll.dll": "3F6BDF840EB27DD0FD9EB8071822183A",
  "PInvoke.Ole32.dll": "3C49FB100B60519FFE725BCD12A538F6",
  "PInvoke.Psapi.dll": "A7683EE4B880227F01C8AE632A892B9E",
  "PInvoke.SetupApi.dll": "1B7AE321185D0081D1759A9AD829F9BA",
  "PInvoke.SHCore.dll": "F27E7F063D51480F6D2294C903E4A606",
  "PInvoke.Shell32.dll": "F71A1BCAF6478190691170DAEA77722F",
  "PInvoke.User32.dll": "8BEDE38311ED4F27127290B81B8079FD",
  "PInvoke.Userenv.dll": "FEB7BCA90B8C905EC2F4BB0789847131",
  "PInvoke.UxTheme.dll": "8E683C016250CB719FDB9AAAFC22B3C5",
  "PInvoke.Windows.Core.dll": "90015440A44935208FFEA9BF61740651",
  "PInvoke.Windows.ShellScalingApi.dll": "F351B34B8C9183A51CADFDC279357C49",
  "PInvoke.WinUsb.dll": "9EB8A0280F2848D1A32B560A939F7336",
  "PInvoke.WtsApi32.dll": "341C94455D2E5893DBE4293D4D67AA4D",
  "Reloaded.Assembler.dll": "9E427F414163ACF67C9B574A5B27A300",
  "Reloaded.Hooks.Definitions.dll": "EC080C41A8219CCD134ABAD7E1EBD980",
  "Reloaded.Hooks.dll": "4DA7BBDD4F2B28790A18FAB69B10E916",
  "Reloaded.Memory.Buffers.dll": "40563D91ECBCB1D50C7181F4281D6205",
  "Reloaded.Memory.dll": "B64CF8F9CF7B75F03B6BC796C9A73FAD",
  "revision.txt": "EDED0708DFE855304A50029FCCF1A677",
  "SDL2-CS.config": "65557595FD5DF55D93B2BF881DE62C3A",
  "SDL2-CS.dll": "0E2D876FA08B719241CEC61EF6864872",
  "Serilog.dll": "0D428F914FE71ED4BEB370AEEFA301AF",
  "Serilog.Sinks.Async.dll": "256E89568B88CC463285441CAA2109FF",
  "Serilog.Sinks.Console.dll": "7CCC1443BE31D5DE1BD2F81144E74FD6",
  "Serilog.Sinks.File.dll": "4C386CC9A9FF78DFD6BFD861C3D58CEA",
  "SharpDX.Direct3D11.dll": "4C92304EAA52A3E5F744190AA5B7FB4F",
  "SharpDX.dll": "DA016A9134B7289CC077FB657F71C6A3",
  "SharpDX.DXGI.dll": "F01616859C14D4078CDBC41E307FD964",
  "SharpDX.Mathematics.dll": "BF9024EA10DA038FBD91ECEC6054CCFE",
  "Silk.NET.Core.dll": "7A187504E5A6F8CA36AA4F9369D846C2",
  "Silk.NET.GLFW.dll": "326BE340BE6ADC78265FBAD1B6A223F0",
  "Silk.NET.Maths.dll": "855B1406E1F9B32DD7B23634B469B6C6",
  "Silk.NET.OpenGL.dll": "F46A7D29B66CC25BF72A11CB8B543138",
  "Silk.NET.SDL.dll": "765ADE6589597FAEC9678342CBFEA383",
  "Silk.NET.Windowing.Common.dll": "3544DAB21959FA3A7C06F5E5E3EE605A",
  "Silk.NET.Windowing.Glfw.dll": "E8C14C0544AA8D926F384F50531A5550",
  "Silk.NET.Windowing.Sdl.dll": "E12CFA8713C1607FAE5B01A10C10BB4C",
  "SQLite-net.dll": "333603D2F9E3D46AC986CE7D96968D60",
  "SQLitePCLRaw.batteries_v2.dll": "AD199D4DA97928F1E7441DC7894927BE",
  "SQLitePCLRaw.core.dll": "2855967523338F62511F7821C7075F84",
  "SQLitePCLRaw.nativelibrary.dll": "5F56F200A2035C1111B0E2702DE045CF",
  "SQLitePCLRaw.provider.dynamic_cdecl.dll": "B0E2E7DD9A6BC9F4A55330927A5FFA52",
  "StbiSharp.dll": "3C76521E81F8B5F099FEE6FFF8C321E4",
  "System.Reactive.dll": "EF5A00287AD15393D41B12AA4B726FF7",
  "System.Reflection.MetadataLoadContext.dll": "E88E3AF6D37736F339022C9ACC5F2F7B",
  "System.Security.Cryptography.Pkcs.dll": "8950E01996A37E808BE3F39063C37BF9",
  "TEMP_gitver.txt": "AC64CF0DE67FD4917FA03C892694D851",
  "TerraFX.Interop.Windows.dll": "84F7EF6B0DE91F8CC23F773D3FD6DEC0",
  "Validation.dll": "ED6E625F8DF8C731DB5ABA9414D8F1D9"
}
