{
  "runtimes\\alpine-x64\\native\\libe_sqlite3.so": "39C244FEDBCD3DFC37041D4FCE1AE21D",
  "runtimes\\linux-arm\\native\\libe_sqlite3.so": "96CF54BC0EFB83D6E3F5F3E04997A59D",
  "runtimes\\linux-arm64\\native\\libe_sqlite3.so": "F079E55E7F3F9966A4A2052A3234E068",
  "runtimes\\linux-armel\\native\\libe_sqlite3.so": "C5A67D49434FC65D64E9C15778078C76",
  "runtimes\\linux-mips64\\native\\libe_sqlite3.so": "5F8461214089CFC677D46C19B7162161",
  "runtimes\\linux-musl-x64\\native\\libe_sqlite3.so": "39C244FEDBCD3DFC37041D4FCE1AE21D",
  "runtimes\\linux-x64\\native\\libe_sqlite3.so": "6F49C540D3AB9964D67A4A704C3D262D",
  "runtimes\\linux-x64\\native\\libglfw.so.3": "9E3137144F68B9E9793F4C7AD5B1BEA7",
  "runtimes\\linux-x64\\native\\libSDL2-2.0.so": "99B95A708381FC66AB2370E45A260527",
  "runtimes\\linux-x64\\native\\libstbi.so": "0945355ED59677D06E3E88F48101BB26",
  "runtimes\\linux-x86\\native\\libe_sqlite3.so": "5E0659B414CBD6DDC38C65582485853E",
  "runtimes\\osx-x64\\native\\libe_sqlite3.dylib": "F82AE134FCD1C080A69D775591406673",
  "runtimes\\osx-x64\\native\\libglfw.3.dylib": "1E30FAB2F0C40E82290AD4B0BF14A880",
  "runtimes\\osx-x64\\native\\libSDL2-2.0.dylib": "AAC958490586C67395F0A90903AE3747",
  "runtimes\\osx-x64\\native\\libstbi.dylib": "0B84B0A6A80178266018081C3CAB68E6",
  "runtimes\\win-arm\\native\\e_sqlite3.dll": "A79D6B1023C29190B705708650E8F973",
  "runtimes\\win-arm64\\native\\e_sqlite3.dll": "BD0801824039BCDB58A4F5B59403A9ED",
  "runtimes\\win-x64\\native\\e_sqlite3.dll": "580D48302C2DFCBF10351748A015E617",
  "runtimes\\win-x64\\native\\glfw3.dll": "E42E778590B8E561B6151F67A8967AEF",
  "runtimes\\win-x64\\native\\minhook.x64d.dll": "4FB79F9F25913FD401578C4D61CD0CF4",
  "runtimes\\win-x64\\native\\SDL2.dll": "CE7597276368D12EC19E6F0A0D334559",
  "runtimes\\win-x64\\native\\stbi.dll": "09361B9187A739EFC36BA81EBB355536",
  "runtimes\\win-x64\\native\\stbi.lib": "927C214DE576219E1F80DBE7798A0502",
  "runtimes\\win-x86\\native\\e_sqlite3.dll": "199ADAE225482F74DAD14C30AA9F1E83",
  "runtimes\\win-x86\\native\\glfw3.dll": "36C47DF706768FC38076EB3DA1F2E18D",
  "runtimes\\win-x86\\native\\SDL2.dll": "AFC051B2D4EA20E8AC2F0FE5561FA1A8",
  "targets\\Dalamud.Plugin.Bootstrap.targets": "C85635161398CD9852CF7212DB7EB904",
  "targets\\Dalamud.Plugin.targets": "394EE2BEC70254F76ABBE2C33F62BBFA",
  "BitFaster.Caching.dll": "76654989241BD36D2CDF2B1278483A84",
  "CheapLoc.dll": "5CA39DA46FE756FD8CDC038368876C30",
  "cimgui.dll": "CAA15989767CF79856300802A96950F3",
  "cimguizmo.dll": "6EC07AE116FE397F201E82A8C6482DBF",
  "cimplot.dll": "CE0774CE6E3E765BC2FF4312AEA3B966",
  "commit_hash.txt": "5E7B73F5199D574B0689A9203FEE6549",
  "Dalamud.Boot.dll": "BFC48B8CD08F4190FE22F66ACAF2F8BF",
  "Dalamud.Common.dll": "42886F593161E02FC7F4E43D02443EB9",
  "Dalamud.deps.json": "A6782D5FD4802EC91CF72AC6F514EA94",
  "Dalamud.dll": "60F838983771685544F9C0F073FBE3A8",
  "Dalamud.Injector.deps.json": "C21972522E8133995B2C9562B3E39983",
  "Dalamud.Injector.dll": "8DF95E8C776E8ED6035EB5C4AD624920",
  "Dalamud.Injector.exe": "5BC80260BCC991ACCB1112AEF1F25266",
  "Dalamud.Injector.runtimeconfig.json": "439C534917CEF268A731631073E50FE4",
  "Dalamud.Injector.xml": "6730B8BB13078B71889B5A56C5DFAC6D",
  "Dalamud.runtimeconfig.json": "CA3935E9C6B9E3300F2D7171E4AF6335",
  "Dalamud.xml": "5EC670C2294BDBF5C121894E52CC5D59",
  "DalamudCrashHandler.exe": "CD182DA0B229A23615475647218F1252",
  "FASM-LICENSE.TXT": "ECEA1D10811221D5F0A3E96F9C38E2C7",
  "FASM.DLL": "3D583DC73443C3D3964C8F5C0F81EBCC",
  "FASMX64.DLL": "3F2D03572F1DC75E4C4FEAB2ABDED8D8",
  "FFXIVClientStructs.dll": "8F69418621D91CA6605572868E33E9E2",
  "FFXIVClientStructs.xml": "97EAF03D1CB7FAF87CEF51435D137693",
  "goatcorp.Reloaded.Assembler.targets": "CC22CB0A353E2136EE9E6E96DB9F7164",
  "Iced.dll": "AD6306E83A82A42DDE092AD7F2E8B94E",
  "ImGui.NET.dll": "3E12FA177E772D980A5E720FD95CED8C",
  "ImGuiScene.dll": "4F76B7100131FE7BDA4F3DC7BA130334",
  "InteropGenerator.Runtime.dll": "B7CB7C7F58986A4BF10D1B8DAB900F9B",
  "JetBrains.Annotations.dll": "F170F8EB59599BB6DD4586D49298A3EE",
  "licenses.txt": "A159BE62AA91178EFC3E3983AE874D1D",
  "Lumina.dll": "3127458DC4E222D99980A1A6CC6BF6BB",
  "Lumina.Excel.dll": "1CC19BA1A887D4AC023FE9F251760307",
  "Microsoft.Bcl.HashCode.dll": "613AB56061ADF2284E047025207467E0",
  "Microsoft.DotNet.PlatformAbstractions.dll": "00AB0F02B1114C57C758F5AD595224F1",
  "Microsoft.Extensions.DependencyModel.dll": "F39BC76C10CFEA478C936FC4521A9FC9",
  "Microsoft.Extensions.ObjectPool.dll": "B0558CE087EAE95853E35579300F3A77",
  "MinSharp.dll": "77BBFCD040C7B7A930194B764CE8B509",
  "Mono.Cecil.dll": "6ED751FF739F5C3051FC2E3EBE19ECE9",
  "Mono.Cecil.Mdb.dll": "56D75791B8305BB632A5E44919BC373F",
  "Mono.Cecil.Pdb.dll": "C38EB8846787DAC73087E523A0B202ED",
  "Mono.Cecil.Rocks.dll": "76272CADA91E8B788861DE6952D1E617",
  "nethost.dll": "21F39F71E2F4B5BA9FB3F126872F2F9B",
  "Newtonsoft.Json.dll": "ADF3E3EECDE20B7C9661E9C47106A14A",
  "PeNet.Asn1.dll": "513126EC4638293F0CD3823E71093B9F",
  "PeNet.dll": "7E4FF5089AECA8F9355C9613978D77B0",
  "PInvoke.AdvApi32.dll": "34EE461D05B403C3A15D0DEC32A3788C",
  "PInvoke.BCrypt.dll": "FD07758EE1440491F22923084109FF26",
  "PInvoke.Cabinet.dll": "333D950E3804735DA60CC41D614C63E2",
  "PInvoke.CfgMgr32.dll": "768BE7CC18EDCF78B296A72ABE891691",
  "PInvoke.Crypt32.dll": "E7B00B0851738F4A7F2C6D37DAA973B4",
  "PInvoke.DbgHelp.dll": "E701136169620D20E3A70B560DE20E44",
  "PInvoke.DwmApi.dll": "ACF223CC8962404056648815B486F7D9",
  "PInvoke.Gdi32.dll": "69FF434826F98582CE44D3136ECFFACB",
  "PInvoke.Hid.dll": "2E7A41257F8AD9B26073181F450CD8E5",
  "PInvoke.ImageHlp.dll": "79BE816E8D86EA66489D7780DD675D49",
  "PInvoke.IPHlpApi.dll": "E949FA3326D1BA8872B179AB4EE49D38",
  "PInvoke.Kernel32.dll": "234E15B122ED430DE99490CA1A204958",
  "PInvoke.Magnification.dll": "C9EA3D34F506741ECC044DB19C151F09",
  "PInvoke.Msi.dll": "69EE50CE2DA6B55755E52589F49A7EBC",
  "PInvoke.NCrypt.dll": "DA1DE76C14D99370CA3BEF19DC299B15",
  "PInvoke.NetApi32.dll": "AE79F9FA2E3864A5E0642AE4622ECDC5",
  "PInvoke.NewDev.dll": "B3E1992105D986EF9C5C8E4B630FBB07",
  "PInvoke.NTDll.dll": "3F6BDF840EB27DD0FD9EB8071822183A",
  "PInvoke.Ole32.dll": "3C49FB100B60519FFE725BCD12A538F6",
  "PInvoke.Psapi.dll": "A7683EE4B880227F01C8AE632A892B9E",
  "PInvoke.SetupApi.dll": "1B7AE321185D0081D1759A9AD829F9BA",
  "PInvoke.SHCore.dll": "F27E7F063D51480F6D2294C903E4A606",
  "PInvoke.Shell32.dll": "F71A1BCAF6478190691170DAEA77722F",
  "PInvoke.User32.dll": "8BEDE38311ED4F27127290B81B8079FD",
  "PInvoke.Userenv.dll": "FEB7BCA90B8C905EC2F4BB0789847131",
  "PInvoke.UxTheme.dll": "8E683C016250CB719FDB9AAAFC22B3C5",
  "PInvoke.Windows.Core.dll": "90015440A44935208FFEA9BF61740651",
  "PInvoke.Windows.ShellScalingApi.dll": "F351B34B8C9183A51CADFDC279357C49",
  "PInvoke.WinUsb.dll": "9EB8A0280F2848D1A32B560A939F7336",
  "PInvoke.WtsApi32.dll": "341C94455D2E5893DBE4293D4D67AA4D",
  "Reloaded.Assembler.dll": "DECCBBAF6C01321220D4E84A6DDFD0DC",
  "Reloaded.Hooks.Definitions.dll": "6A985DEA6777E2039FCBF4F43F077B40",
  "Reloaded.Hooks.dll": "9144D0B935F191EFAE89858BA67CA02A",
  "Reloaded.Memory.Buffers.dll": "66BC6826C7C645E3B171ACEA704DE2CD",
  "Reloaded.Memory.dll": "53D934F192A1B2D34F3C63C630B84997",
  "revision.txt": "3CE257B311E5ACF849992F5A675188E8",
  "SDL2-CS.config": "65557595FD5DF55D93B2BF881DE62C3A",
  "SDL2-CS.dll": "025D5641F0AF066602E0BA4D4CF4C167",
  "Serilog.dll": "CB0A068600816EDC1C7435977A43228C",
  "Serilog.Sinks.Async.dll": "83362B4B04F5DFF1B98103734222A7F3",
  "Serilog.Sinks.Console.dll": "DA857F56FCC724D5A47E527A5C5884E6",
  "Serilog.Sinks.File.dll": "DA5D689A48188FF57177C431C006C772",
  "SharpDX.Direct3D11.dll": "02BECC7AAF13B896D6A59E8163EF3F62",
  "SharpDX.dll": "1CCDDAD96D8880FFF309FAA87E1E5D53",
  "SharpDX.DXGI.dll": "51330A40767FA683DB5F42B05D1A43D4",
  "SharpDX.Mathematics.dll": "1CDF0822A0AE9FA505FED8489F47A83B",
  "Silk.NET.Core.dll": "51D8B70803406F0D1FB1E95D6BD45B71",
  "Silk.NET.GLFW.dll": "D80A573866BCE7AD87A1884F6FB108A8",
  "Silk.NET.Maths.dll": "5A2C3285DC8E62B1F9C626328CCDED0A",
  "Silk.NET.OpenGL.dll": "EEC615A8C2EED1B98939A17523B1030E",
  "Silk.NET.SDL.dll": "5596BAD439B322FAEBCD9A93881C0DB5",
  "Silk.NET.Windowing.Common.dll": "D5ACDFDC8608B81D5AFAD6D0A41E24CB",
  "Silk.NET.Windowing.Glfw.dll": "F976292F72367F8138BAB7A42FD22479",
  "Silk.NET.Windowing.Sdl.dll": "188BDB629962B3F74D03BB0F9FB63E3F",
  "SQLite-net.dll": "D584660614EAB53B58DB2308DF31E22B",
  "SQLitePCLRaw.batteries_v2.dll": "17CC480AC34A50E06552F08832F35F64",
  "SQLitePCLRaw.core.dll": "0AB16F60473EBA6F21ED1E59DDFB0ACA",
  "SQLitePCLRaw.nativelibrary.dll": "4BC94814F0F4FF4FA2CF12C6336E68F8",
  "SQLitePCLRaw.provider.dynamic_cdecl.dll": "14303D030822CF9326E101B9C77B1E46",
  "StbiSharp.dll": "130845962FD1BA4A4C5DCA95DFC238B4",
  "System.Reactive.dll": "EF5A00287AD15393D41B12AA4B726FF7",
  "System.Reflection.MetadataLoadContext.dll": "E88E3AF6D37736F339022C9ACC5F2F7B",
  "System.Security.Cryptography.Pkcs.dll": "8950E01996A37E808BE3F39063C37BF9",
  "TEMP_gitver.txt": "5024FBAB2DF6A8EA150888B8942D786F",
  "TerraFX.Interop.Windows.dll": "84F7EF6B0DE91F8CC23F773D3FD6DEC0",
  "Validation.dll": "127A4F77B020C323EC29467810BAA6F9"
}
