{
  "runtimes\\alpine-x64\\native\\libe_sqlite3.so": "39C244FEDBCD3DFC37041D4FCE1AE21D",
  "runtimes\\linux-arm\\native\\libe_sqlite3.so": "96CF54BC0EFB83D6E3F5F3E04997A59D",
  "runtimes\\linux-arm64\\native\\libe_sqlite3.so": "F079E55E7F3F9966A4A2052A3234E068",
  "runtimes\\linux-armel\\native\\libe_sqlite3.so": "C5A67D49434FC65D64E9C15778078C76",
  "runtimes\\linux-mips64\\native\\libe_sqlite3.so": "5F8461214089CFC677D46C19B7162161",
  "runtimes\\linux-musl-x64\\native\\libe_sqlite3.so": "39C244FEDBCD3DFC37041D4FCE1AE21D",
  "runtimes\\linux-x64\\native\\libe_sqlite3.so": "6F49C540D3AB9964D67A4A704C3D262D",
  "runtimes\\linux-x64\\native\\libglfw.so.3": "9E3137144F68B9E9793F4C7AD5B1BEA7",
  "runtimes\\linux-x64\\native\\libSDL2-2.0.so": "99B95A708381FC66AB2370E45A260527",
  "runtimes\\linux-x64\\native\\libstbi.so": "0945355ED59677D06E3E88F48101BB26",
  "runtimes\\linux-x86\\native\\libe_sqlite3.so": "5E0659B414CBD6DDC38C65582485853E",
  "runtimes\\osx-x64\\native\\libe_sqlite3.dylib": "F82AE134FCD1C080A69D775591406673",
  "runtimes\\osx-x64\\native\\libglfw.3.dylib": "1E30FAB2F0C40E82290AD4B0BF14A880",
  "runtimes\\osx-x64\\native\\libSDL2-2.0.dylib": "AAC958490586C67395F0A90903AE3747",
  "runtimes\\osx-x64\\native\\libstbi.dylib": "0B84B0A6A80178266018081C3CAB68E6",
  "runtimes\\win-arm\\native\\e_sqlite3.dll": "F9A9A0F63E75A430985DD2A545EF98DA",
  "runtimes\\win-arm64\\native\\e_sqlite3.dll": "22DEC93C55C2A18C72CE082A5A098A34",
  "runtimes\\win-x64\\native\\cimgui.dll": "41D47D6ED75E3DDA678486BE99194132",
  "runtimes\\win-x64\\native\\cimguizmo.dll": "3AADF6FEFD9EFEAC9D604074B26DC51F",
  "runtimes\\win-x64\\native\\cimplot.dll": "18475D1374F1F23B0C850E83BFAFEAF0",
  "runtimes\\win-x64\\native\\e_sqlite3.dll": "D03A81E4B6F678B1256EF4E8B565C9EB",
  "runtimes\\win-x64\\native\\glfw3.dll": "0F5B36B1E7C32B4DCB48295DD59AF44F",
  "runtimes\\win-x64\\native\\minhook.x64d.dll": "210C91B5650A3BD438D4FA80287CEB82",
  "runtimes\\win-x64\\native\\SDL2.dll": "C8D45C284DD342184B76A3556B7BD7BD",
  "runtimes\\win-x64\\native\\stbi.dll": "F6D158063219B0D246D396D18D9C935C",
  "runtimes\\win-x64\\native\\stbi.lib": "927C214DE576219E1F80DBE7798A0502",
  "runtimes\\win-x86\\native\\e_sqlite3.dll": "20C7B377B474228D29000192DFE9CD15",
  "runtimes\\win-x86\\native\\glfw3.dll": "F9CBA07121F7A4B2F2BCD4E14CBB99FF",
  "runtimes\\win-x86\\native\\SDL2.dll": "7A9F133BBFFBEC93F23E17B5BFACA0CC",
  "targets\\Dalamud.Plugin.Bootstrap.targets": "C85635161398CD9852CF7212DB7EB904",
  "targets\\Dalamud.Plugin.targets": "11001C983157350F50D99F1A827999B5",
  "CheapLoc.dll": "59E5028DC14D50471A80F3DAF53F6613",
  "Costura.dll": "11380067BD237BAE2525FBB8359F3AEA",
  "Dalamud.Boot.dll": "ABF52538F58576E2F636E158E86B9963",
  "Dalamud.Common.dll": "399BA7FF721BE238DABA142E619C0CAD",
  "Dalamud.deps.json": "8E0EC47F903E6D5177C193CFBEF1C325",
  "Dalamud.dll": "0EB4CEA05F0641792EE532CD75D0A43C",
  "Dalamud.Injector.deps.json": "4E53ABE9A5D3E4592DA63EBF98DAAD86",
  "Dalamud.Injector.dll": "B48FF4A9E61F9333198CE8A6544232C2",
  "Dalamud.Injector.exe": "3653D267AB8E610C413129EBED16C3B6",
  "Dalamud.Injector.runtimeconfig.json": "AAAFA957BB3B382321D67ACC2D792553",
  "Dalamud.Injector.xml": "D41E5DF541D19A015215E777D7395C9C",
  "Dalamud.runtimeconfig.json": "15719C111D02D5BD45F37285FC8B6040",
  "Dalamud.xml": "F838B43EA43CDCFE06AEFC948DADC8D8",
  "DalamudCrashHandler.exe": "C64EEC66871054CEED41EEA9B5591ECB",
  "FASM-LICENSE.TXT": "ECEA1D10811221D5F0A3E96F9C38E2C7",
  "FASM.DLL": "F400D3BF88E59E1483AC33E7247055B4",
  "FASMX64.DLL": "9F09CAE8701DAC4C134325C03839009C",
  "FFXIVClientStructs.dll": "0EB69A97103253C328932815F4770B73",
  "FFXIVClientStructs.xml": "08C8C63D475C837BDE9528BC1D68B9C9",
  "goaaats.Reloaded.Assembler.targets": "CC22CB0A353E2136EE9E6E96DB9F7164",
  "Iced.dll": "486C5357E02A18EEBF5C348AB44930B8",
  "ImGui.NET.dll": "52F1F9F617EEE866D1AFF73913833843",
  "ImGuiScene.dll": "3A65431CECFC77F31830A1F853455491",
  "JetBrains.Annotations.dll": "693CE70BCB0E8F00E020AACAA8C1B0B9",
  "licenses.txt": "A159BE62AA91178EFC3E3983AE874D1D",
  "Lumina.dll": "9DA4C86902AA7A1ABAFC72E11D7EC654",
  "Lumina.Excel.dll": "EC991E67B27C753A107836D45DA36DFB",
  "Microsoft.Bcl.HashCode.dll": "613AB56061ADF2284E047025207467E0",
  "Microsoft.DotNet.PlatformAbstractions.dll": "00AB0F02B1114C57C758F5AD595224F1",
  "Microsoft.Extensions.DependencyModel.dll": "F39BC76C10CFEA478C936FC4521A9FC9",
  "Microsoft.Extensions.ObjectPool.dll": "91B40FCF7D5A05DF428016DDFD05BABB",
  "MinSharp.dll": "DD64A0B8285E1B5FD9135A9CDC004BDC",
  "Mono.Cecil.dll": "7FE98C47A5EA16787F7F2DB14EF02CED",
  "Mono.Cecil.Mdb.dll": "60C7DFE3B8B009D44507CB7BA3AA7E9B",
  "Mono.Cecil.Pdb.dll": "4071A8B21DD2491B355C7E43F1F03D00",
  "Mono.Cecil.Rocks.dll": "699DE6B16A96816D68DB0C09B0D4742A",
  "MonoMod.Backports.dll": "3B8CEF53896AC9CF186A8F3E3DC1A1BE",
  "MonoMod.Core.dll": "932B6A2EE6E3872D8306F1AF1CEC0C98",
  "MonoMod.Iced.dll": "171AB9CFEC3F06C498CD84CED1CEEAF4",
  "MonoMod.ILHelpers.dll": "30EB9222758AF5C3DE356A435AE4169E",
  "MonoMod.RuntimeDetour.dll": "10857CE0272BD8D31D45168CE1E81896",
  "MonoMod.Utils.dll": "17317020DB4DB03D4A240C2336359F31",
  "nethost.dll": "012081214FE71F0F6ADCD9F4A71B2B00",
  "Newtonsoft.Json.dll": "86A83A63F12B55FD3718CFBFB577D7DC",
  "PeNet.Asn1.dll": "24ED635D6D6E6F75D259E023EEC7A4AB",
  "PeNet.dll": "8392914C428EADA59D58FD1167948DAD",
  "PInvoke.AdvApi32.dll": "34EE461D05B403C3A15D0DEC32A3788C",
  "PInvoke.BCrypt.dll": "FD07758EE1440491F22923084109FF26",
  "PInvoke.Cabinet.dll": "333D950E3804735DA60CC41D614C63E2",
  "PInvoke.CfgMgr32.dll": "768BE7CC18EDCF78B296A72ABE891691",
  "PInvoke.Crypt32.dll": "E7B00B0851738F4A7F2C6D37DAA973B4",
  "PInvoke.DbgHelp.dll": "E701136169620D20E3A70B560DE20E44",
  "PInvoke.DwmApi.dll": "ACF223CC8962404056648815B486F7D9",
  "PInvoke.Gdi32.dll": "69FF434826F98582CE44D3136ECFFACB",
  "PInvoke.Hid.dll": "2E7A41257F8AD9B26073181F450CD8E5",
  "PInvoke.ImageHlp.dll": "79BE816E8D86EA66489D7780DD675D49",
  "PInvoke.IPHlpApi.dll": "E949FA3326D1BA8872B179AB4EE49D38",
  "PInvoke.Kernel32.dll": "234E15B122ED430DE99490CA1A204958",
  "PInvoke.Magnification.dll": "C9EA3D34F506741ECC044DB19C151F09",
  "PInvoke.Msi.dll": "69EE50CE2DA6B55755E52589F49A7EBC",
  "PInvoke.NCrypt.dll": "DA1DE76C14D99370CA3BEF19DC299B15",
  "PInvoke.NetApi32.dll": "AE79F9FA2E3864A5E0642AE4622ECDC5",
  "PInvoke.NewDev.dll": "B3E1992105D986EF9C5C8E4B630FBB07",
  "PInvoke.NTDll.dll": "3F6BDF840EB27DD0FD9EB8071822183A",
  "PInvoke.Ole32.dll": "3C49FB100B60519FFE725BCD12A538F6",
  "PInvoke.Psapi.dll": "A7683EE4B880227F01C8AE632A892B9E",
  "PInvoke.SetupApi.dll": "1B7AE321185D0081D1759A9AD829F9BA",
  "PInvoke.SHCore.dll": "F27E7F063D51480F6D2294C903E4A606",
  "PInvoke.Shell32.dll": "F71A1BCAF6478190691170DAEA77722F",
  "PInvoke.User32.dll": "8BEDE38311ED4F27127290B81B8079FD",
  "PInvoke.Userenv.dll": "FEB7BCA90B8C905EC2F4BB0789847131",
  "PInvoke.UxTheme.dll": "8E683C016250CB719FDB9AAAFC22B3C5",
  "PInvoke.Windows.Core.dll": "90015440A44935208FFEA9BF61740651",
  "PInvoke.Windows.ShellScalingApi.dll": "F351B34B8C9183A51CADFDC279357C49",
  "PInvoke.WinUsb.dll": "9EB8A0280F2848D1A32B560A939F7336",
  "PInvoke.WtsApi32.dll": "341C94455D2E5893DBE4293D4D67AA4D",
  "Reloaded.Assembler.dll": "D4F510B1924F4858D839907314C78728",
  "Reloaded.Hooks.Definitions.dll": "9BB77868C1DBBFA701AA98E6713B85B3",
  "Reloaded.Hooks.dll": "F924F8C62D57F317B72493313CC80AB5",
  "Reloaded.Memory.Buffers.dll": "138BA4BA790CE3BC5C0BCA0FF724530E",
  "Reloaded.Memory.dll": "7F01C0C0CD87905E4FDAF32D03FEDE9D",
  "revision.txt": "5FFAA9F5182C2A36843F438BB1FDBDEA",
  "SDL2-CS.config": "65557595FD5DF55D93B2BF881DE62C3A",
  "SDL2-CS.dll": "E46ADECD491185AB5156FAC6A465ADC5",
  "Serilog.dll": "DA2DE19ED855C4DAA5A03EDD78FB595B",
  "Serilog.Sinks.Async.dll": "CC936A065F02A5742DF5ACEBA212D24B",
  "Serilog.Sinks.Console.dll": "4E9BC7E404889A49E81ACC198706D1D3",
  "Serilog.Sinks.File.dll": "E0654B8ABCB391CB0C3F08514B67F428",
  "SharpDX.Direct3D11.dll": "81871D835197299E02B386653B1C4E76",
  "SharpDX.dll": "9007D4A54ECBF54AA38999720FCB4B5B",
  "SharpDX.DXGI.dll": "CCBAAD4DDA4F35C9615C0337E791FD8E",
  "SharpDX.Mathematics.dll": "2AF9A6180B90E32C34E63B6FF8ED0129",
  "Silk.NET.Core.dll": "3DCEFA0FD25FF267F4D5A3C97DCAB8AB",
  "Silk.NET.GLFW.dll": "CB58F9092EF1041E5250EF75C06B3E83",
  "Silk.NET.Maths.dll": "5282B736F3BD3D88BFA784BB82D9E2E3",
  "Silk.NET.OpenGL.dll": "5CECB2E6735A862E5F88A68415C3E93E",
  "Silk.NET.SDL.dll": "70AC0C90AB847105A2F23A0006F13325",
  "Silk.NET.Windowing.Common.dll": "5B40819D1ACEAF31875273DB0AD0775A",
  "Silk.NET.Windowing.Glfw.dll": "E5026EA8133722C90A1A080CC5E4EC3F",
  "Silk.NET.Windowing.Sdl.dll": "63E94D31FE20A5C872989DB9A4F238A7",
  "SQLite-net.dll": "B5325B587669F04077BCDD4265686633",
  "SQLitePCLRaw.batteries_v2.dll": "511CF91A831D4177C994557432E45A3A",
  "SQLitePCLRaw.core.dll": "C5243DDFBCA451B9F16F9B2E360A5898",
  "SQLitePCLRaw.nativelibrary.dll": "6325AD8E8A2BB1468F4962AAEF2A8C90",
  "SQLitePCLRaw.provider.dynamic_cdecl.dll": "5E87DFCD797AEDBB9468AC571057E92C",
  "StbiSharp.dll": "6B34110440430F9AF2CDAB4C9CEFE98A",
  "System.Reactive.dll": "EF5A00287AD15393D41B12AA4B726FF7",
  "System.Reflection.MetadataLoadContext.dll": "7EC41D41F4E1246757BA3E2EC862D562",
  "System.Security.Cryptography.Pkcs.dll": "8950E01996A37E808BE3F39063C37BF9",
  "TEMP_gitver.txt": "FD1B5B459D62E9D315B0BC0BFEED030F",
  "TerraFX.Interop.Windows.dll": "84F7EF6B0DE91F8CC23F773D3FD6DEC0",
  "Validation.dll": "E3B52455065D8E0D42D71C560D3AD0FB"
}
