{
  "runtimes\\alpine-x64\\native\\libe_sqlite3.so": "39C244FEDBCD3DFC37041D4FCE1AE21D",
  "runtimes\\linux-arm\\native\\libe_sqlite3.so": "96CF54BC0EFB83D6E3F5F3E04997A59D",
  "runtimes\\linux-arm64\\native\\libe_sqlite3.so": "F079E55E7F3F9966A4A2052A3234E068",
  "runtimes\\linux-armel\\native\\libe_sqlite3.so": "C5A67D49434FC65D64E9C15778078C76",
  "runtimes\\linux-mips64\\native\\libe_sqlite3.so": "5F8461214089CFC677D46C19B7162161",
  "runtimes\\linux-musl-x64\\native\\libe_sqlite3.so": "39C244FEDBCD3DFC37041D4FCE1AE21D",
  "runtimes\\linux-x64\\native\\libe_sqlite3.so": "6F49C540D3AB9964D67A4A704C3D262D",
  "runtimes\\linux-x86\\native\\libe_sqlite3.so": "5E0659B414CBD6DDC38C65582485853E",
  "runtimes\\osx-x64\\native\\libe_sqlite3.dylib": "F82AE134FCD1C080A69D775591406673",
  "runtimes\\win-arm\\native\\e_sqlite3.dll": "E2FED9C40A049776C014648455DE0161",
  "runtimes\\win-arm64\\native\\e_sqlite3.dll": "08013B343E2F6507AC2548B4E04DED6E",
  "runtimes\\win-x64\\native\\e_sqlite3.dll": "FA9E18B442DC99604713AEBE693393B7",
  "runtimes\\win-x64\\native\\minhook.x64d.dll": "38D186EF665F16867DA4D4F1EC4BEDFB",
  "runtimes\\win-x86\\native\\e_sqlite3.dll": "8195D925D72CC1367CD7713870D93542",
  "targets\\Dalamud.Plugin.Bootstrap.targets": "C85635161398CD9852CF7212DB7EB904",
  "targets\\Dalamud.Plugin.targets": "394EE2BEC70254F76ABBE2C33F62BBFA",
  "BCnEncoder.dll": "A096AFB6EAB8B92B7980E48B8CD5E846",
  "BitFaster.Caching.dll": "C71D9892C2D81F854F8DF24797B2FA35",
  "CheapLoc.dll": "DDC77BCC9AFED9A411A9246FA5A33D76",
  "cimgui.dll": "B1867EC35A1B7BEC340CC469DDFF398A",
  "cimguizmo.dll": "61613BDA12A260DEC06C79E7944C4FC1",
  "cimplot.dll": "F5F6218572D77CFF35818F81F83EA92B",
  "commit_hash.txt": "74B7212192FA6595690E09A0005AC98C",
  "CommunityToolkit.HighPerformance.dll": "66B64EC334625F2C5D341A45E28EEB43",
  "Dalamud.Bindings.ImGui.dll": "28D479EF435CE58ACD02D40EC6651271",
  "Dalamud.Bindings.ImGuizmo.dll": "370ABF7F54600925106CA2012E04F7E0",
  "Dalamud.Bindings.ImPlot.dll": "16DDF85363F0ED2EA0E503D9AFB43FC8",
  "Dalamud.Boot.dll": "7E0FB0DBDC3E467555BC0E8A817F5491",
  "Dalamud.Common.dll": "193C0E6B68CE38D365848393F93C9187",
  "Dalamud.deps.json": "317497F34E8A300120AE576133B00CB6",
  "Dalamud.dll": "1C1895A240941956F32DB1CC9EC238FB",
  "Dalamud.Injector.deps.json": "AE17A723819E88058C70AA4BDA14CA37",
  "Dalamud.Injector.dll": "660EA3EA945D3AFF3C123439191DBF88",
  "Dalamud.Injector.exe": "2CBE46680A44A557039E8CB6A8CC2DAA",
  "Dalamud.Injector.runtimeconfig.json": "439C534917CEF268A731631073E50FE4",
  "Dalamud.Injector.xml": "07EC7B68C97460A1C8275C75BE82FAA9",
  "Dalamud.runtimeconfig.json": "CA3935E9C6B9E3300F2D7171E4AF6335",
  "Dalamud.xml": "60F1E096C860ADC76B0D9165A6C5CE84",
  "DalamudCrashHandler.exe": "CB10D1B4F7D2260B31255A9237973722",
  "FASM-LICENSE.TXT": "ECEA1D10811221D5F0A3E96F9C38E2C7",
  "FASM.DLL": "28493BAE6ABB5E1A8896F45C1C101DD8",
  "FASMX64.DLL": "49FE155C477D1A911BBE6FAE4340244E",
  "FFXIVClientStructs.dll": "C5CD5085FDF1ECDA1A6EC8B3A8A57D2F",
  "FFXIVClientStructs.xml": "1CE8BE4E1F2A63CE1DB462E6639BF98F",
  "goatcorp.Reloaded.Assembler.dll": "BADB602FA180C31753D0AA7F3E401E29",
  "goatcorp.Reloaded.Assembler.targets": "CC22CB0A353E2136EE9E6E96DB9F7164",
  "goatcorp.Reloaded.Hooks.dll": "1C8BED7C1069FF703F7C4AFAA5A6F355",
  "goatcorp.Reloaded.Memory.Buffers.dll": "1A8FE79C22BC72E6D79A996DBFB5A155",
  "HexaGen.Runtime.dll": "C237469B92A009D55084E6839C946C9B",
  "Iced.dll": "A25EEF91A55C5AD0E303DD74CAE26F7D",
  "ImGuiScene.dll": "5CE829EF91684D2F3436492BC6BE9B9D",
  "InteropGenerator.Runtime.dll": "FC03E02B94353288DD52E01CEB5ADCFA",
  "JetBrains.Annotations.dll": "E38E445CF8963D5F75B1235200600C7F",
  "licenses.txt": "A159BE62AA91178EFC3E3983AE874D1D",
  "Lumina.dll": "838AD3F476C189F76A7580DAD73F4817",
  "Lumina.Excel.dll": "43BA053126CE16F274F4ECD81DFA5150",
  "Lumina.Excel.xml": "3D3B7AD224A8A04B92B2B311FB8DA535",
  "Microsoft.Extensions.ObjectPool.dll": "5510583E2B50BE953814615586673C33",
  "MinSharp.dll": "858EC33D0B91D1B4E6E5B04DD508BC55",
  "Mono.Cecil.dll": "6A77E29CEA16BFD25C219BDB62F34B6C",
  "Mono.Cecil.Mdb.dll": "FDB83074EE688DA78C0CDDD0FC165436",
  "Mono.Cecil.Pdb.dll": "8FC66955387C01774F356471AF05BE6C",
  "Mono.Cecil.Rocks.dll": "487E80415869026C23CF64C4AAD005D3",
  "nethost.dll": "21F39F71E2F4B5BA9FB3F126872F2F9B",
  "Newtonsoft.Json.dll": "ADF3E3EECDE20B7C9661E9C47106A14A",
  "PeNet.Asn1.dll": "591D0C07F0C82D1FAF5DDA1A9B4F3B30",
  "PeNet.dll": "6ED2EA0E06F94587F30E86D002AB4371",
  "Reloaded.Hooks.Definitions.dll": "0EA16D712B9BFC535B0A1D7C4B8638C2",
  "Reloaded.Memory.Buffers.dll": "F05EE1A53E44991B660391BDD11AF821",
  "Reloaded.Memory.dll": "5083E9648F62C190533C1B16641733FE",
  "revision.txt": "02F063C236C7EEF66324B432B748D15D",
  "Serilog.dll": "426C2BBE184A0108BE1C1989E3668F16",
  "Serilog.Sinks.Async.dll": "1EEA238AA736F94A20554570C1659D9B",
  "Serilog.Sinks.Console.dll": "E8B3C7FD5D5FECC4EBE95BE077179826",
  "Serilog.Sinks.File.dll": "F0CF122321076576E78858446682E486",
  "SharpDX.Direct3D11.dll": "BF23774742E5599A677E41323297AE9F",
  "SharpDX.dll": "5AF9753FD4C1FA8FD225902296DA2D07",
  "SharpDX.DXGI.dll": "2D811EC80FCD1D1AC772C79E5F4B637A",
  "SharpDX.Mathematics.dll": "667E7556D37DE5E37C47E4CF5FE5A465",
  "SQLite-net.dll": "C457E7BC1F67E6917A0CB14A36F06A9A",
  "SQLitePCLRaw.batteries_v2.dll": "1A6B76F89BD24103CEF4A24F9766AC65",
  "SQLitePCLRaw.core.dll": "EDC4A0713F167683F0BE31FBF6E80A7C",
  "SQLitePCLRaw.nativelibrary.dll": "9379F519A9D12457C977CB6D330F3F24",
  "SQLitePCLRaw.provider.dynamic_cdecl.dll": "2155562C1BEC926B0CED71007073EC56",
  "System.Reactive.dll": "EF5A00287AD15393D41B12AA4B726FF7",
  "System.Reflection.MetadataLoadContext.dll": "E88E3AF6D37736F339022C9ACC5F2F7B",
  "System.Security.Cryptography.Pkcs.dll": "8950E01996A37E808BE3F39063C37BF9",
  "TEMP_gitver.txt": "347BBE4C7ABAFCF2A89AE479BB7FE266",
  "TerraFX.Interop.Windows.dll": "84F7EF6B0DE91F8CC23F773D3FD6DEC0"
}
