{
  "runtimes\\alpine-x64\\native\\libe_sqlite3.so": "39C244FEDBCD3DFC37041D4FCE1AE21D",
  "runtimes\\linux-arm\\native\\libe_sqlite3.so": "96CF54BC0EFB83D6E3F5F3E04997A59D",
  "runtimes\\linux-arm64\\native\\libe_sqlite3.so": "F079E55E7F3F9966A4A2052A3234E068",
  "runtimes\\linux-armel\\native\\libe_sqlite3.so": "C5A67D49434FC65D64E9C15778078C76",
  "runtimes\\linux-mips64\\native\\libe_sqlite3.so": "5F8461214089CFC677D46C19B7162161",
  "runtimes\\linux-musl-x64\\native\\libe_sqlite3.so": "39C244FEDBCD3DFC37041D4FCE1AE21D",
  "runtimes\\linux-x64\\native\\libe_sqlite3.so": "6F49C540D3AB9964D67A4A704C3D262D",
  "runtimes\\linux-x64\\native\\libglfw.so.3": "9E3137144F68B9E9793F4C7AD5B1BEA7",
  "runtimes\\linux-x64\\native\\libSDL2-2.0.so": "99B95A708381FC66AB2370E45A260527",
  "runtimes\\linux-x64\\native\\libstbi.so": "0945355ED59677D06E3E88F48101BB26",
  "runtimes\\linux-x86\\native\\libe_sqlite3.so": "5E0659B414CBD6DDC38C65582485853E",
  "runtimes\\osx-x64\\native\\libe_sqlite3.dylib": "F82AE134FCD1C080A69D775591406673",
  "runtimes\\osx-x64\\native\\libglfw.3.dylib": "1E30FAB2F0C40E82290AD4B0BF14A880",
  "runtimes\\osx-x64\\native\\libSDL2-2.0.dylib": "AAC958490586C67395F0A90903AE3747",
  "runtimes\\osx-x64\\native\\libstbi.dylib": "0B84B0A6A80178266018081C3CAB68E6",
  "runtimes\\win-arm\\native\\e_sqlite3.dll": "EE93337AF10C65A083AB65ABC51421F0",
  "runtimes\\win-arm64\\native\\e_sqlite3.dll": "A27476C9A3A13F721C65329DA6ED53F9",
  "runtimes\\win-x64\\native\\cimgui.dll": "DCD5E68DFE78B5D7A9C399E5EDE18085",
  "runtimes\\win-x64\\native\\cimguizmo.dll": "ADA22B76B75CA23290FF23ACA948B976",
  "runtimes\\win-x64\\native\\cimplot.dll": "35E20F54D8120635D9902E06A125AB3F",
  "runtimes\\win-x64\\native\\e_sqlite3.dll": "E9D1385430B3226B311B36C1668612D5",
  "runtimes\\win-x64\\native\\glfw3.dll": "13F59A05B10F4D6ED850843A35AB8132",
  "runtimes\\win-x64\\native\\minhook.x64d.dll": "CB0B87BAC340B5E84E2C71E3441D160A",
  "runtimes\\win-x64\\native\\SDL2.dll": "968009DB87CE609176640ACDF0B0F5C0",
  "runtimes\\win-x64\\native\\stbi.dll": "86B5E2FDFA3B03448B1093DD0BEF1E56",
  "runtimes\\win-x64\\native\\stbi.lib": "927C214DE576219E1F80DBE7798A0502",
  "runtimes\\win-x86\\native\\e_sqlite3.dll": "5D9FE781CF88E39223FC257E2FBF7F7A",
  "runtimes\\win-x86\\native\\glfw3.dll": "3D6385972EC9031CBE09AED74ADCA39B",
  "runtimes\\win-x86\\native\\SDL2.dll": "937BB8B6305293EC00DCC6F47A695AFE",
  "targets\\Dalamud.Plugin.Bootstrap.targets": "C85635161398CD9852CF7212DB7EB904",
  "targets\\Dalamud.Plugin.targets": "69D15EDFB3D4F0BEE3A099216E4DE057",
  "BitFaster.Caching.dll": "8D5A1CD7BA22E518E3D79736F9DBFE97",
  "CheapLoc.dll": "0ABEB8B586809C272A07D8EF2441B599",
  "commit_hash.txt": "B0F2E8F577407ECF41EFB9DEF00B4627",
  "Costura.dll": "7B1EFB95A0E5FF66A8B6D1963A4EAF69",
  "Dalamud.Boot.dll": "AAABA8CF89854F1EF447B506D1E546E6",
  "Dalamud.Common.dll": "337F630509D2AF63ED14F335440CCA62",
  "Dalamud.deps.json": "91DC444ECA5A224E84A19813E1FECE39",
  "Dalamud.dll": "55E3A34B0A059717B44098F48D91476F",
  "Dalamud.Injector.deps.json": "E30B9BD40106FFC14A5274A670979EDF",
  "Dalamud.Injector.dll": "CCF5B804401A31917013A5CA421384EB",
  "Dalamud.Injector.exe": "895EA14CDAEB249479281C4B1E2FD000",
  "Dalamud.Injector.runtimeconfig.json": "B9BB65FFE7924D4D8BABE9FA66303200",
  "Dalamud.Injector.xml": "D41E5DF541D19A015215E777D7395C9C",
  "Dalamud.runtimeconfig.json": "2A9CD915428BDD175E0889BD0C225F75",
  "Dalamud.xml": "4DFF88093CF16A96F67267E8D13B0512",
  "DalamudCrashHandler.exe": "1696188A1F080F6A5F1E9C991345D772",
  "FASM-LICENSE.TXT": "ECEA1D10811221D5F0A3E96F9C38E2C7",
  "FASM.DLL": "F867F9E4BD45DC1A1125ED31198532F6",
  "FASMX64.DLL": "2D4FE1C8755E20A74361A87FCCF44659",
  "FFXIVClientStructs.dll": "98FC39E3D2C4FA6843DF555620678288",
  "FFXIVClientStructs.xml": "C02D61499933F39B2CF997003C706D98",
  "goaaats.Reloaded.Assembler.targets": "CC22CB0A353E2136EE9E6E96DB9F7164",
  "Iced.dll": "585AB401CA62E978B1ADF2A3D79EF665",
  "ImGui.NET.dll": "0A2C5A6A64B9E78CF035A30C43A280E6",
  "ImGuiScene.dll": "CF607F2D3888695BEFF75E7ED35C77A4",
  "InteropGenerator.Runtime.dll": "1185042EE9CBB33493C19F46AF91EB36",
  "JetBrains.Annotations.dll": "DCDB036DDDE1A3E35534B9B681693BB1",
  "licenses.txt": "A159BE62AA91178EFC3E3983AE874D1D",
  "Lumina.dll": "0CB3EBEBB0C62A24F20A4854586D3D4A",
  "Lumina.Excel.dll": "44FFDC7B3C6FF2B5342D902E88C49E2D",
  "Microsoft.Bcl.HashCode.dll": "613AB56061ADF2284E047025207467E0",
  "Microsoft.DotNet.PlatformAbstractions.dll": "00AB0F02B1114C57C758F5AD595224F1",
  "Microsoft.Extensions.DependencyModel.dll": "F39BC76C10CFEA478C936FC4521A9FC9",
  "Microsoft.Extensions.ObjectPool.dll": "FEE3CE8A84417360CC5ED787ED6F7DB1",
  "MinSharp.dll": "BC70F6EAD0B955820679BF736137E285",
  "Mono.Cecil.dll": "2E738CAB4B10E8E836705268C53183DE",
  "Mono.Cecil.Mdb.dll": "126C19CDDBD32DE4D0D1898FA804162B",
  "Mono.Cecil.Pdb.dll": "77D1799F2C0D792A35664C979E58FFC8",
  "Mono.Cecil.Rocks.dll": "14DFB9FD5A13262DF1CA038963731CD2",
  "nethost.dll": "21F39F71E2F4B5BA9FB3F126872F2F9B",
  "Newtonsoft.Json.dll": "ADF3E3EECDE20B7C9661E9C47106A14A",
  "PeNet.Asn1.dll": "958EA6633C1019AC56F46C4BDAD074F7",
  "PeNet.dll": "05F4F1CE5CCE623C36B989EBDED78943",
  "PInvoke.AdvApi32.dll": "34EE461D05B403C3A15D0DEC32A3788C",
  "PInvoke.BCrypt.dll": "FD07758EE1440491F22923084109FF26",
  "PInvoke.Cabinet.dll": "333D950E3804735DA60CC41D614C63E2",
  "PInvoke.CfgMgr32.dll": "768BE7CC18EDCF78B296A72ABE891691",
  "PInvoke.Crypt32.dll": "E7B00B0851738F4A7F2C6D37DAA973B4",
  "PInvoke.DbgHelp.dll": "E701136169620D20E3A70B560DE20E44",
  "PInvoke.DwmApi.dll": "ACF223CC8962404056648815B486F7D9",
  "PInvoke.Gdi32.dll": "69FF434826F98582CE44D3136ECFFACB",
  "PInvoke.Hid.dll": "2E7A41257F8AD9B26073181F450CD8E5",
  "PInvoke.ImageHlp.dll": "79BE816E8D86EA66489D7780DD675D49",
  "PInvoke.IPHlpApi.dll": "E949FA3326D1BA8872B179AB4EE49D38",
  "PInvoke.Kernel32.dll": "234E15B122ED430DE99490CA1A204958",
  "PInvoke.Magnification.dll": "C9EA3D34F506741ECC044DB19C151F09",
  "PInvoke.Msi.dll": "69EE50CE2DA6B55755E52589F49A7EBC",
  "PInvoke.NCrypt.dll": "DA1DE76C14D99370CA3BEF19DC299B15",
  "PInvoke.NetApi32.dll": "AE79F9FA2E3864A5E0642AE4622ECDC5",
  "PInvoke.NewDev.dll": "B3E1992105D986EF9C5C8E4B630FBB07",
  "PInvoke.NTDll.dll": "3F6BDF840EB27DD0FD9EB8071822183A",
  "PInvoke.Ole32.dll": "3C49FB100B60519FFE725BCD12A538F6",
  "PInvoke.Psapi.dll": "A7683EE4B880227F01C8AE632A892B9E",
  "PInvoke.SetupApi.dll": "1B7AE321185D0081D1759A9AD829F9BA",
  "PInvoke.SHCore.dll": "F27E7F063D51480F6D2294C903E4A606",
  "PInvoke.Shell32.dll": "F71A1BCAF6478190691170DAEA77722F",
  "PInvoke.User32.dll": "8BEDE38311ED4F27127290B81B8079FD",
  "PInvoke.Userenv.dll": "FEB7BCA90B8C905EC2F4BB0789847131",
  "PInvoke.UxTheme.dll": "8E683C016250CB719FDB9AAAFC22B3C5",
  "PInvoke.Windows.Core.dll": "90015440A44935208FFEA9BF61740651",
  "PInvoke.Windows.ShellScalingApi.dll": "F351B34B8C9183A51CADFDC279357C49",
  "PInvoke.WinUsb.dll": "9EB8A0280F2848D1A32B560A939F7336",
  "PInvoke.WtsApi32.dll": "341C94455D2E5893DBE4293D4D67AA4D",
  "Reloaded.Assembler.dll": "E7DD54D0D4B2834C3C4159A68817170C",
  "Reloaded.Hooks.Definitions.dll": "5F677281F3E849D7EFA59BD4FE1755EA",
  "Reloaded.Hooks.dll": "DDDAD701C5E1C796B9C734BA34862492",
  "Reloaded.Memory.Buffers.dll": "E2168FCC63CEC9FA893E4C52EF71A2B1",
  "Reloaded.Memory.dll": "72FB77E6F697F1496ACDFF0BB46FBF16",
  "revision.txt": "A89B71BB5227C75D463DD82A03115738",
  "SDL2-CS.config": "65557595FD5DF55D93B2BF881DE62C3A",
  "SDL2-CS.dll": "8975B33E0A6E11258E64F116C757C48E",
  "Serilog.dll": "28938B7A5C85352EAE8A72BC232C115E",
  "Serilog.Sinks.Async.dll": "FC67714A4C8AD0910A34FB1A39107685",
  "Serilog.Sinks.Console.dll": "CBE09871E26DA17EC95964DAD780CB0C",
  "Serilog.Sinks.File.dll": "719110A8DF16EF1D4722EDAE1F430D7D",
  "SharpDX.Direct3D11.dll": "D47F002E641D08F97E0747C93DC8813A",
  "SharpDX.dll": "F10B8132E2528C05864AAD3413D69413",
  "SharpDX.DXGI.dll": "04719D227F8170063FE761D848B6AD7E",
  "SharpDX.Mathematics.dll": "A93EFB46BAC43A657C2AA384921DDB25",
  "Silk.NET.Core.dll": "F73793FA6D4C02C957EF2E18A44A4408",
  "Silk.NET.GLFW.dll": "3C8865F6A787179E6C8D8C97DC6131FD",
  "Silk.NET.Maths.dll": "F97EF7F5DD8668E886DA756C5A14B401",
  "Silk.NET.OpenGL.dll": "D39FCE51A8CF648BEBA121B6E311C199",
  "Silk.NET.SDL.dll": "8384B466CAB25A90C4128B05096D19D2",
  "Silk.NET.Windowing.Common.dll": "604DC76FB476AB1554A766B877354A3F",
  "Silk.NET.Windowing.Glfw.dll": "8107586C8D02AEC19694E64D55FE79F3",
  "Silk.NET.Windowing.Sdl.dll": "EBFC307513FCE276C8E7F3D6A0C9B80A",
  "SQLite-net.dll": "B2E2BE334EA3257D9EE3B4E942289641",
  "SQLitePCLRaw.batteries_v2.dll": "E4A897CFBF161FD00280C35F70716037",
  "SQLitePCLRaw.core.dll": "98C9C4B3B1467DE5F42C6DC54193F829",
  "SQLitePCLRaw.nativelibrary.dll": "103C0A5B4D546D89DC8EC442FBE8BDEB",
  "SQLitePCLRaw.provider.dynamic_cdecl.dll": "BD6207C2FE69B30296821088E4C20285",
  "StbiSharp.dll": "A122FFB64E3B92B3B3D513DE8F624E72",
  "System.Reactive.dll": "EF5A00287AD15393D41B12AA4B726FF7",
  "System.Reflection.MetadataLoadContext.dll": "E88E3AF6D37736F339022C9ACC5F2F7B",
  "System.Security.Cryptography.Pkcs.dll": "8950E01996A37E808BE3F39063C37BF9",
  "TEMP_gitver.txt": "0A11443F7B16A7BCF7A932AB43C8CB66",
  "TerraFX.Interop.Windows.dll": "84F7EF6B0DE91F8CC23F773D3FD6DEC0",
  "Validation.dll": "81CD0158389772ECF20AF4824167A14E"
}
