{
  "runtimes\\alpine-x64\\native\\libe_sqlite3.so": "39C244FEDBCD3DFC37041D4FCE1AE21D",
  "runtimes\\linux-arm\\native\\libe_sqlite3.so": "96CF54BC0EFB83D6E3F5F3E04997A59D",
  "runtimes\\linux-arm64\\native\\libe_sqlite3.so": "F079E55E7F3F9966A4A2052A3234E068",
  "runtimes\\linux-armel\\native\\libe_sqlite3.so": "C5A67D49434FC65D64E9C15778078C76",
  "runtimes\\linux-mips64\\native\\libe_sqlite3.so": "5F8461214089CFC677D46C19B7162161",
  "runtimes\\linux-musl-x64\\native\\libe_sqlite3.so": "39C244FEDBCD3DFC37041D4FCE1AE21D",
  "runtimes\\linux-x64\\native\\libe_sqlite3.so": "6F49C540D3AB9964D67A4A704C3D262D",
  "runtimes\\linux-x86\\native\\libe_sqlite3.so": "5E0659B414CBD6DDC38C65582485853E",
  "runtimes\\osx-x64\\native\\libe_sqlite3.dylib": "F82AE134FCD1C080A69D775591406673",
  "runtimes\\win-arm\\native\\e_sqlite3.dll": "0413CCDD484BC6270AA0ABE6FB725959",
  "runtimes\\win-arm64\\native\\e_sqlite3.dll": "8009D4636A92AA18FC51F9982DBF386F",
  "runtimes\\win-x64\\native\\e_sqlite3.dll": "E4AA61059E08D35E0A70D78D2538301D",
  "runtimes\\win-x64\\native\\minhook.x64d.dll": "42B9850E1D68B727CBE8F190794B7FC6",
  "runtimes\\win-x86\\native\\e_sqlite3.dll": "A61A13A5E2AC32E23232A258407291CF",
  "targets\\Dalamud.Plugin.Bootstrap.targets": "C85635161398CD9852CF7212DB7EB904",
  "targets\\Dalamud.Plugin.targets": "394EE2BEC70254F76ABBE2C33F62BBFA",
  "BCnEncoder.dll": "802C36D8116BB307904DA4BD896A2A21",
  "BitFaster.Caching.dll": "7A690CC1D327A744C7640075CE067149",
  "CheapLoc.dll": "2417CC0CA3D61415E6B178F57E25B26A",
  "cimgui.dll": "1887C55989DF042FEC8B3928193A8287",
  "cimguizmo.dll": "CD051EA259C321EF13601A64CEFBBBD6",
  "cimplot.dll": "227872E5891703180C4F11124D147FE5",
  "commit_hash.txt": "2C6B5E2EE58FCC088A0F8A1FC9CA1ACF",
  "CommunityToolkit.HighPerformance.dll": "66B64EC334625F2C5D341A45E28EEB43",
  "Dalamud.Bindings.ImGui.dll": "E09D4A81329A4FA8DA231BE4672E7129",
  "Dalamud.Bindings.ImGuizmo.dll": "18F97A96E51AAF22FF91C173FC57FE97",
  "Dalamud.Bindings.ImPlot.dll": "FB3CCA206A3C8151EC937EDEBB6D79F6",
  "Dalamud.Boot.dll": "22ACD0ED47D77198D7968946E80DE851",
  "Dalamud.Common.dll": "57AC2814F0A4ADDC9C20F9D664B399C0",
  "Dalamud.deps.json": "000BD8E7F2CF972A45D11A1ABDB99E4A",
  "Dalamud.dll": "DC3667482200D2E0AF4399FB943DF9D0",
  "Dalamud.Injector.deps.json": "AE17A723819E88058C70AA4BDA14CA37",
  "Dalamud.Injector.dll": "F6B819507F1BFF4BFC77274856164E9B",
  "Dalamud.Injector.exe": "F3E69067A932ECC2835860B8F37F2061",
  "Dalamud.Injector.runtimeconfig.json": "439C534917CEF268A731631073E50FE4",
  "Dalamud.Injector.xml": "07EC7B68C97460A1C8275C75BE82FAA9",
  "Dalamud.runtimeconfig.json": "CA3935E9C6B9E3300F2D7171E4AF6335",
  "Dalamud.xml": "6A2EA79D86A0EFACA77F2D06D480E4EF",
  "DalamudCrashHandler.exe": "5D96C86D5C94068A5B1E87BFE8C40351",
  "FASM-LICENSE.TXT": "ECEA1D10811221D5F0A3E96F9C38E2C7",
  "FASM.DLL": "1661850A4A74D34340FA77884A00EA87",
  "FASMX64.DLL": "32C39C75FACD21C95D5F2ED533065DA0",
  "FFXIVClientStructs.dll": "9AAEA7E0AD65F2846F8E640DA71626DB",
  "FFXIVClientStructs.xml": "40D21E58816385CD5B565075AAC7F5F4",
  "goatcorp.Reloaded.Assembler.dll": "F49161CB57E69B0E97254BC67FDA7335",
  "goatcorp.Reloaded.Assembler.targets": "CC22CB0A353E2136EE9E6E96DB9F7164",
  "goatcorp.Reloaded.Hooks.dll": "C59B23086317E9B69416CE19D355F91B",
  "goatcorp.Reloaded.Memory.Buffers.dll": "AE92C3D858C44028F1B40CAB60D9F75A",
  "HexaGen.Runtime.dll": "EA19E2702FF3DC7CD2B06D3D353ADC13",
  "Iced.dll": "D555935834980F6925D5982D6ECD2CC5",
  "ImGuiScene.dll": "13CDFA65919B8769AB40442B7B1A03EC",
  "InteropGenerator.Runtime.dll": "4F99DA9161796230509C6D6C693958F8",
  "JetBrains.Annotations.dll": "E32151357EA1408548794BC81FE5E5EC",
  "licenses.txt": "A159BE62AA91178EFC3E3983AE874D1D",
  "Lumina.dll": "C93B01FD1B105D1B1D2D89BA9A65461E",
  "Lumina.Excel.dll": "19F6FF930CB602091F9C04A7858B8F44",
  "Lumina.Excel.xml": "5CDD45BD0DF11B638FF339938C076EDF",
  "Microsoft.Extensions.ObjectPool.dll": "5510583E2B50BE953814615586673C33",
  "MinSharp.dll": "2905395854DD3B5F62096C4B2392D57C",
  "Mono.Cecil.dll": "AF004F478C0D751F4079D3B7CD0815A6",
  "Mono.Cecil.Mdb.dll": "5E85CCD6BF8C1C642D1A1FD3F528010A",
  "Mono.Cecil.Pdb.dll": "948EC9B28B6FBC80C7E59F87D479228D",
  "Mono.Cecil.Rocks.dll": "3CC6D88190DEFBF3FF2D6D1DBF602DDE",
  "nethost.dll": "21F39F71E2F4B5BA9FB3F126872F2F9B",
  "Newtonsoft.Json.dll": "ADF3E3EECDE20B7C9661E9C47106A14A",
  "PeNet.Asn1.dll": "12C0D6B7139B8158915A1BD728CB7D40",
  "PeNet.dll": "3E626C9A57F22DCA001BF9A9546F9E37",
  "Reloaded.Hooks.Definitions.dll": "5DFE072109719CA4DAE1CCC118EAE7C2",
  "Reloaded.Memory.Buffers.dll": "FFF174D01C2BBD691158270AEFBB0708",
  "Reloaded.Memory.dll": "EF5FD5D0ECA4F115CB5D1AA9BD1C5EA4",
  "revision.txt": "6646B06B90BD13DABC11DDBA01270D23",
  "Serilog.dll": "A2E51DF0A953CAA801AF85CF99686644",
  "Serilog.Sinks.Async.dll": "E4E938E9F7EEC04CDEDF5BE855B47CCA",
  "Serilog.Sinks.Console.dll": "76A8A210413F63B0E809D4153B7277F1",
  "Serilog.Sinks.File.dll": "636CDF8E79D7B652BF269ECB7AF53DA2",
  "SharpDX.Direct3D11.dll": "9A22CD86A63D0C52B44CB038AA342A31",
  "SharpDX.dll": "F2480BBF50CE32E7D4D904E4E60D3538",
  "SharpDX.DXGI.dll": "5425FBFFE42F66B0135A3BC6EB6D74D5",
  "SharpDX.Mathematics.dll": "CBEF0CC42FFC4C740F23CB1F342A5EC7",
  "SQLite-net.dll": "22D8B3E5CA3D40AC412B2C3AEFE2232D",
  "SQLitePCLRaw.batteries_v2.dll": "DE0EE7D79C666013EB3E515F878A7432",
  "SQLitePCLRaw.core.dll": "4D01DCD883176E799C32C6560A2E27C5",
  "SQLitePCLRaw.nativelibrary.dll": "89AC87CFEA44D355694C51CB5FFB4438",
  "SQLitePCLRaw.provider.dynamic_cdecl.dll": "5AEA444F2AD174043A3CA8F2EC0798ED",
  "System.Reactive.dll": "EF5A00287AD15393D41B12AA4B726FF7",
  "System.Reflection.MetadataLoadContext.dll": "E88E3AF6D37736F339022C9ACC5F2F7B",
  "System.Security.Cryptography.Pkcs.dll": "8950E01996A37E808BE3F39063C37BF9",
  "TEMP_gitver.txt": "BC547F75BD1AD1637065E9729CCCF67E",
  "TerraFX.Interop.Windows.dll": "84F7EF6B0DE91F8CC23F773D3FD6DEC0"
}
