{
  "runtimes\\alpine-x64\\native\\libe_sqlite3.so": "39C244FEDBCD3DFC37041D4FCE1AE21D",
  "runtimes\\linux-arm\\native\\libe_sqlite3.so": "96CF54BC0EFB83D6E3F5F3E04997A59D",
  "runtimes\\linux-arm64\\native\\libe_sqlite3.so": "F079E55E7F3F9966A4A2052A3234E068",
  "runtimes\\linux-armel\\native\\libe_sqlite3.so": "C5A67D49434FC65D64E9C15778078C76",
  "runtimes\\linux-mips64\\native\\libe_sqlite3.so": "5F8461214089CFC677D46C19B7162161",
  "runtimes\\linux-musl-x64\\native\\libe_sqlite3.so": "39C244FEDBCD3DFC37041D4FCE1AE21D",
  "runtimes\\linux-x64\\native\\libe_sqlite3.so": "6F49C540D3AB9964D67A4A704C3D262D",
  "runtimes\\linux-x64\\native\\libglfw.so.3": "9E3137144F68B9E9793F4C7AD5B1BEA7",
  "runtimes\\linux-x64\\native\\libSDL2-2.0.so": "99B95A708381FC66AB2370E45A260527",
  "runtimes\\linux-x64\\native\\libstbi.so": "0945355ED59677D06E3E88F48101BB26",
  "runtimes\\linux-x86\\native\\libe_sqlite3.so": "5E0659B414CBD6DDC38C65582485853E",
  "runtimes\\osx-x64\\native\\libe_sqlite3.dylib": "F82AE134FCD1C080A69D775591406673",
  "runtimes\\osx-x64\\native\\libglfw.3.dylib": "1E30FAB2F0C40E82290AD4B0BF14A880",
  "runtimes\\osx-x64\\native\\libSDL2-2.0.dylib": "AAC958490586C67395F0A90903AE3747",
  "runtimes\\osx-x64\\native\\libstbi.dylib": "0B84B0A6A80178266018081C3CAB68E6",
  "runtimes\\win-arm\\native\\e_sqlite3.dll": "9A411728D7DFE687F1B0C6B5B57E0D01",
  "runtimes\\win-arm64\\native\\e_sqlite3.dll": "B00B6DB8D2545CC38060C00AAA295CE9",
  "runtimes\\win-x64\\native\\cimgui.dll": "952F88BD4ABCBAB942C07BF8122E4001",
  "runtimes\\win-x64\\native\\cimguizmo.dll": "4C25D01937EC09ED0D592C04BD6B537D",
  "runtimes\\win-x64\\native\\cimplot.dll": "694F93DB12879A55BDD9FFA52535E0A8",
  "runtimes\\win-x64\\native\\e_sqlite3.dll": "3754F45141BAA44C828027C7763CA0B2",
  "runtimes\\win-x64\\native\\glfw3.dll": "72548B6221803D69823038F3CEE63C7C",
  "runtimes\\win-x64\\native\\minhook.x64d.dll": "F3E8C8D3B7E461658F04DC0B67F436B0",
  "runtimes\\win-x64\\native\\SDL2.dll": "C21584037767C0286E4A7E35EB89E462",
  "runtimes\\win-x64\\native\\stbi.dll": "E671C72EFBC9A4099EEA8CAC37D74D7B",
  "runtimes\\win-x64\\native\\stbi.lib": "927C214DE576219E1F80DBE7798A0502",
  "runtimes\\win-x86\\native\\e_sqlite3.dll": "00DBC86B63B4AC8D247CEACA86E7CBE2",
  "runtimes\\win-x86\\native\\glfw3.dll": "838E74F3786B6852F707F9AE4F4DB188",
  "runtimes\\win-x86\\native\\SDL2.dll": "EB729CD8E60BEE4B83F76B3229861E7E",
  "targets\\Dalamud.Plugin.Bootstrap.targets": "C85635161398CD9852CF7212DB7EB904",
  "targets\\Dalamud.Plugin.targets": "11001C983157350F50D99F1A827999B5",
  "CheapLoc.dll": "560756543925F27746F77EA669EA5689",
  "Costura.dll": "DFAC0E9D9C7D7186F4E4AE4574BD0241",
  "Dalamud.Boot.dll": "41FE5DFE6FF309A2D3C1C56FED42E534",
  "Dalamud.Common.dll": "8403AA34D07A9656047CA9624E3F0DD9",
  "Dalamud.deps.json": "A4C444F450041668036608D8C4E3EE53",
  "Dalamud.dll": "895C9776E13997E51FE0F9AD459DE749",
  "Dalamud.Injector.deps.json": "4E53ABE9A5D3E4592DA63EBF98DAAD86",
  "Dalamud.Injector.dll": "0D1355B4147FEDB2C769CD620B87C24C",
  "Dalamud.Injector.exe": "4FBC1C07B5D820D2086A9FE4CCC37E39",
  "Dalamud.Injector.runtimeconfig.json": "AAAFA957BB3B382321D67ACC2D792553",
  "Dalamud.Injector.xml": "D41E5DF541D19A015215E777D7395C9C",
  "Dalamud.runtimeconfig.json": "15719C111D02D5BD45F37285FC8B6040",
  "Dalamud.xml": "EEF633B45C194D059C1773441CC16E2A",
  "DalamudCrashHandler.exe": "EBA2E1552960DDF1264B16C628C751D2",
  "FASM-LICENSE.TXT": "ECEA1D10811221D5F0A3E96F9C38E2C7",
  "FASM.DLL": "76C20899AAA11D33CB1A4B2B97FCDA4D",
  "FASMX64.DLL": "9A62D547121AE14412D856625C078954",
  "FFXIVClientStructs.dll": "D927AFE99A31C1A306298955559E0917",
  "FFXIVClientStructs.xml": "08C8C63D475C837BDE9528BC1D68B9C9",
  "goaaats.Reloaded.Assembler.targets": "CC22CB0A353E2136EE9E6E96DB9F7164",
  "Iced.dll": "7F09FF92C92B0418DE8C7DA4474F52C5",
  "ImGui.NET.dll": "5684F638C234123CB07EB0024A6590E8",
  "ImGuiScene.dll": "E13A4CF6BFE9FA353576BE76E724297E",
  "JetBrains.Annotations.dll": "93FD7FB236A17885EB7116AAD4D7675C",
  "licenses.txt": "A159BE62AA91178EFC3E3983AE874D1D",
  "Lumina.dll": "AF2731295BD703825E2FAA05546F7BEC",
  "Lumina.Excel.dll": "29B11AC7E3CFFD3045CCA3E875C221E9",
  "Microsoft.Bcl.HashCode.dll": "613AB56061ADF2284E047025207467E0",
  "Microsoft.DotNet.PlatformAbstractions.dll": "00AB0F02B1114C57C758F5AD595224F1",
  "Microsoft.Extensions.DependencyModel.dll": "F39BC76C10CFEA478C936FC4521A9FC9",
  "Microsoft.Extensions.ObjectPool.dll": "91B40FCF7D5A05DF428016DDFD05BABB",
  "MinSharp.dll": "3DFA9EC1A6E8E9CD23311764E4113484",
  "Mono.Cecil.dll": "5C7720EA3690DD183C68A34CE87FF1D3",
  "Mono.Cecil.Mdb.dll": "16602D83239D65E5D533A157DEB9DC9F",
  "Mono.Cecil.Pdb.dll": "8664BAE902F367230F7DBCB551B4FC04",
  "Mono.Cecil.Rocks.dll": "834109E2B513B6101E88F2E079343C41",
  "MonoMod.Backports.dll": "63E20B5B258422E7D402E834B229A6E4",
  "MonoMod.Core.dll": "5D82DC756F58D39ED6778F8E5E0D8C96",
  "MonoMod.Iced.dll": "D3DDEB7AA206E345926AAE834CDF67D8",
  "MonoMod.ILHelpers.dll": "ECFD5179165BD1AC27D364DB42F4C359",
  "MonoMod.RuntimeDetour.dll": "DA591B79465599EF9C3E188005C4AD5C",
  "MonoMod.Utils.dll": "687C62880C4805D233D4D0E57A280C96",
  "nethost.dll": "012081214FE71F0F6ADCD9F4A71B2B00",
  "Newtonsoft.Json.dll": "86A83A63F12B55FD3718CFBFB577D7DC",
  "PeNet.Asn1.dll": "83896075B0758E7E779557F223792280",
  "PeNet.dll": "06DD1ADFFCDE6DFF3A11893EAA79CDD1",
  "PInvoke.AdvApi32.dll": "34EE461D05B403C3A15D0DEC32A3788C",
  "PInvoke.BCrypt.dll": "FD07758EE1440491F22923084109FF26",
  "PInvoke.Cabinet.dll": "333D950E3804735DA60CC41D614C63E2",
  "PInvoke.CfgMgr32.dll": "768BE7CC18EDCF78B296A72ABE891691",
  "PInvoke.Crypt32.dll": "E7B00B0851738F4A7F2C6D37DAA973B4",
  "PInvoke.DbgHelp.dll": "E701136169620D20E3A70B560DE20E44",
  "PInvoke.DwmApi.dll": "ACF223CC8962404056648815B486F7D9",
  "PInvoke.Gdi32.dll": "69FF434826F98582CE44D3136ECFFACB",
  "PInvoke.Hid.dll": "2E7A41257F8AD9B26073181F450CD8E5",
  "PInvoke.ImageHlp.dll": "79BE816E8D86EA66489D7780DD675D49",
  "PInvoke.IPHlpApi.dll": "E949FA3326D1BA8872B179AB4EE49D38",
  "PInvoke.Kernel32.dll": "234E15B122ED430DE99490CA1A204958",
  "PInvoke.Magnification.dll": "C9EA3D34F506741ECC044DB19C151F09",
  "PInvoke.Msi.dll": "69EE50CE2DA6B55755E52589F49A7EBC",
  "PInvoke.NCrypt.dll": "DA1DE76C14D99370CA3BEF19DC299B15",
  "PInvoke.NetApi32.dll": "AE79F9FA2E3864A5E0642AE4622ECDC5",
  "PInvoke.NewDev.dll": "B3E1992105D986EF9C5C8E4B630FBB07",
  "PInvoke.NTDll.dll": "3F6BDF840EB27DD0FD9EB8071822183A",
  "PInvoke.Ole32.dll": "3C49FB100B60519FFE725BCD12A538F6",
  "PInvoke.Psapi.dll": "A7683EE4B880227F01C8AE632A892B9E",
  "PInvoke.SetupApi.dll": "1B7AE321185D0081D1759A9AD829F9BA",
  "PInvoke.SHCore.dll": "F27E7F063D51480F6D2294C903E4A606",
  "PInvoke.Shell32.dll": "F71A1BCAF6478190691170DAEA77722F",
  "PInvoke.User32.dll": "8BEDE38311ED4F27127290B81B8079FD",
  "PInvoke.Userenv.dll": "FEB7BCA90B8C905EC2F4BB0789847131",
  "PInvoke.UxTheme.dll": "8E683C016250CB719FDB9AAAFC22B3C5",
  "PInvoke.Windows.Core.dll": "90015440A44935208FFEA9BF61740651",
  "PInvoke.Windows.ShellScalingApi.dll": "F351B34B8C9183A51CADFDC279357C49",
  "PInvoke.WinUsb.dll": "9EB8A0280F2848D1A32B560A939F7336",
  "PInvoke.WtsApi32.dll": "341C94455D2E5893DBE4293D4D67AA4D",
  "Reloaded.Assembler.dll": "4A4AB7876E48B1B9314AAD02EB78DCBD",
  "Reloaded.Hooks.Definitions.dll": "07B9EA2EE20715184A121319AB1FEF44",
  "Reloaded.Hooks.dll": "4E1DAB55226459FF8978CC954C09286D",
  "Reloaded.Memory.Buffers.dll": "04349F8CBF21549232A6601CB0A0F11C",
  "Reloaded.Memory.dll": "ED2BF4E159E16FC1C82497F1AB667244",
  "revision.txt": "8F4576AD85410442A74EE3A7683757B3",
  "SDL2-CS.config": "65557595FD5DF55D93B2BF881DE62C3A",
  "SDL2-CS.dll": "E06478ECE57F7AABCCC40360896F4B0C",
  "Serilog.dll": "79F9B5C379EFC99CF917479CC9D3E757",
  "Serilog.Sinks.Async.dll": "F5407803439608331727E3463AE8E519",
  "Serilog.Sinks.Console.dll": "DDDB4FBBC8AF6BB1EDE4789CF67FDAF3",
  "Serilog.Sinks.File.dll": "2944C2A80768AA1B83CB0EEEDCF321EC",
  "SharpDX.Direct3D11.dll": "F1E76C7685BAAECEBAB66A3A8A33B568",
  "SharpDX.dll": "B18ECF30C2FE95E165D445F59D8C95B5",
  "SharpDX.DXGI.dll": "2F9225A2E57AF4F834BF5D80AA53328F",
  "SharpDX.Mathematics.dll": "8134E41E78BA31D27014968D74AED3B4",
  "Silk.NET.Core.dll": "8B368F6CE1B3BEA5CA8CDE1DD6D16F60",
  "Silk.NET.GLFW.dll": "3435A626BAF28613FB443CA64141BC4C",
  "Silk.NET.Maths.dll": "AA0680F3B6BF4B5C0E8035C301AA71FF",
  "Silk.NET.OpenGL.dll": "EE14BD713B5941DE0CCDD4CFCEF152B5",
  "Silk.NET.SDL.dll": "937936340B3C16091D9CADABCD0324DE",
  "Silk.NET.Windowing.Common.dll": "B45ADA254D9DD345C6EF4E480A0FB108",
  "Silk.NET.Windowing.Glfw.dll": "74E8B6C21AB40F915F7E12FDDAD66436",
  "Silk.NET.Windowing.Sdl.dll": "A07805784E946A3E1106F7DBBB75ED17",
  "SQLite-net.dll": "50B2819B35CB371555B54DFD3602E190",
  "SQLitePCLRaw.batteries_v2.dll": "7FBFE2553A3299DDCCCD249264C29E45",
  "SQLitePCLRaw.core.dll": "622DA2D3CEF73607AACA4CE67458978C",
  "SQLitePCLRaw.nativelibrary.dll": "CF2D01FDB7DC3F458C1D00A6472FF7B5",
  "SQLitePCLRaw.provider.dynamic_cdecl.dll": "4E9E62BCEBB2037A03D98CC869144100",
  "StbiSharp.dll": "7ED196C668287E9AD42B7DFD6E76BE58",
  "System.Reactive.dll": "EF5A00287AD15393D41B12AA4B726FF7",
  "System.Reflection.MetadataLoadContext.dll": "7EC41D41F4E1246757BA3E2EC862D562",
  "System.Security.Cryptography.Pkcs.dll": "8950E01996A37E808BE3F39063C37BF9",
  "TEMP_gitver.txt": "EC3866A95ACE15BEE1003B33478FE50C",
  "TerraFX.Interop.Windows.dll": "84F7EF6B0DE91F8CC23F773D3FD6DEC0",
  "Validation.dll": "CE9AC7A43B166F1B0E748A615C623408"
}
