{
  "runtimes\\alpine-x64\\native\\libe_sqlite3.so": "39C244FEDBCD3DFC37041D4FCE1AE21D",
  "runtimes\\linux-arm\\native\\libe_sqlite3.so": "96CF54BC0EFB83D6E3F5F3E04997A59D",
  "runtimes\\linux-arm64\\native\\libe_sqlite3.so": "F079E55E7F3F9966A4A2052A3234E068",
  "runtimes\\linux-armel\\native\\libe_sqlite3.so": "C5A67D49434FC65D64E9C15778078C76",
  "runtimes\\linux-mips64\\native\\libe_sqlite3.so": "5F8461214089CFC677D46C19B7162161",
  "runtimes\\linux-musl-x64\\native\\libe_sqlite3.so": "39C244FEDBCD3DFC37041D4FCE1AE21D",
  "runtimes\\linux-x64\\native\\libe_sqlite3.so": "6F49C540D3AB9964D67A4A704C3D262D",
  "runtimes\\linux-x64\\native\\libglfw.so.3": "9E3137144F68B9E9793F4C7AD5B1BEA7",
  "runtimes\\linux-x64\\native\\libSDL2-2.0.so": "99B95A708381FC66AB2370E45A260527",
  "runtimes\\linux-x64\\native\\libstbi.so": "0945355ED59677D06E3E88F48101BB26",
  "runtimes\\linux-x86\\native\\libe_sqlite3.so": "5E0659B414CBD6DDC38C65582485853E",
  "runtimes\\osx-x64\\native\\libe_sqlite3.dylib": "F82AE134FCD1C080A69D775591406673",
  "runtimes\\osx-x64\\native\\libglfw.3.dylib": "1E30FAB2F0C40E82290AD4B0BF14A880",
  "runtimes\\osx-x64\\native\\libSDL2-2.0.dylib": "AAC958490586C67395F0A90903AE3747",
  "runtimes\\osx-x64\\native\\libstbi.dylib": "0B84B0A6A80178266018081C3CAB68E6",
  "runtimes\\win-arm\\native\\e_sqlite3.dll": "21BE49F81FCF06312A524093B220285F",
  "runtimes\\win-arm64\\native\\e_sqlite3.dll": "D5CC920AC281034807725337518C48B9",
  "runtimes\\win-x64\\native\\cimgui.dll": "F332FF86B9A9082075F76FD091577633",
  "runtimes\\win-x64\\native\\cimguizmo.dll": "B2D976177E44BED73D8EDBE7F13E7BA2",
  "runtimes\\win-x64\\native\\cimplot.dll": "6C1C9DFF94F3766CE4156858190E255F",
  "runtimes\\win-x64\\native\\e_sqlite3.dll": "EAC36E0F2591A0375328D347F5944572",
  "runtimes\\win-x64\\native\\glfw3.dll": "ED361C8D24E80C74496DF95404CE87BD",
  "runtimes\\win-x64\\native\\minhook.x64d.dll": "EEBE47559F61BDB01462E585766CDCC9",
  "runtimes\\win-x64\\native\\SDL2.dll": "64E9CB0D12BF06D3B466517F916A785F",
  "runtimes\\win-x64\\native\\stbi.dll": "A6C8EA63BB911FEA218C7E8C2DADCE5F",
  "runtimes\\win-x64\\native\\stbi.lib": "927C214DE576219E1F80DBE7798A0502",
  "runtimes\\win-x86\\native\\e_sqlite3.dll": "B6572DD70833FF4D2D89BA7508DBB0AB",
  "runtimes\\win-x86\\native\\glfw3.dll": "68E11F87CDD9783E5435D1BA9302F2E9",
  "runtimes\\win-x86\\native\\SDL2.dll": "35FC37E02626F2EF813E324F59A3CD22",
  "targets\\Dalamud.Plugin.Bootstrap.targets": "C85635161398CD9852CF7212DB7EB904",
  "targets\\Dalamud.Plugin.targets": "11001C983157350F50D99F1A827999B5",
  "CheapLoc.dll": "D98F855D282F3AFD06586A4FDE09217A",
  "Costura.dll": "465272C8932A43EDFB1FFF1C27725BB9",
  "Dalamud.Boot.dll": "FAA46488B228DA31A85FC5CFCE86B119",
  "Dalamud.Common.dll": "105AD659A7B8F7A2547BCC2298EABB41",
  "Dalamud.deps.json": "A509FB669053506AB169D2C2EA213313",
  "Dalamud.dll": "C2100052A977D4462EB3071EDD1B73F9",
  "Dalamud.Injector.deps.json": "4E53ABE9A5D3E4592DA63EBF98DAAD86",
  "Dalamud.Injector.dll": "A92E00AC2166EE5E8286EADD7CE1EBAF",
  "Dalamud.Injector.exe": "F82882786A750BF19BC6CB57A72C581A",
  "Dalamud.Injector.runtimeconfig.json": "AAAFA957BB3B382321D67ACC2D792553",
  "Dalamud.Injector.xml": "6CFC451561E67CE7788814C5B327D7EC",
  "Dalamud.runtimeconfig.json": "454E2BA21742B08CF0A9827950A92B0F",
  "Dalamud.xml": "4B587A09F064FC7FCCC8AF8E603E936D",
  "DalamudCrashHandler.exe": "01D7E498B1C6D0C8BE98E991EA9E3184",
  "FASM-LICENSE.TXT": "ECEA1D10811221D5F0A3E96F9C38E2C7",
  "FASM.DLL": "C2C75C38A3DA93B2B2A1025F9670765B",
  "FASMX64.DLL": "7F9A928EDE29ECCCA64AE96751333DF7",
  "FFXIVClientStructs.dll": "66BA1D205907A4ED5DF04CA91694BAA3",
  "FFXIVClientStructs.xml": "08F04F62207BF2F9E50EAE15DDEE4A2A",
  "goaaats.Reloaded.Assembler.targets": "CC22CB0A353E2136EE9E6E96DB9F7164",
  "Iced.dll": "CE34E7860CE6664DC90079A98A000679",
  "ImGui.NET.dll": "65F1D178B354CD4D2DF6E0957A3434ED",
  "ImGuiScene.dll": "225092A5118615ACA045B59AE9F8C749",
  "JetBrains.Annotations.dll": "F95A7F07D2927CB799A806BB38621826",
  "licenses.txt": "A159BE62AA91178EFC3E3983AE874D1D",
  "Lumina.dll": "467B6A99266C28EE6366B0962319623B",
  "Lumina.Excel.dll": "1524AADC23E6454B6F950862FE225A54",
  "Microsoft.Bcl.HashCode.dll": "613AB56061ADF2284E047025207467E0",
  "Microsoft.DotNet.PlatformAbstractions.dll": "00AB0F02B1114C57C758F5AD595224F1",
  "Microsoft.Extensions.DependencyModel.dll": "F39BC76C10CFEA478C936FC4521A9FC9",
  "MinSharp.dll": "FB0DBE8A3F821D2EACD4968B66E0B011",
  "Mono.Cecil.dll": "1DD16E836A9882F1618AEE9DE584A2B4",
  "Mono.Cecil.Mdb.dll": "8BE379604308D20B01562172E11DCBB4",
  "Mono.Cecil.Pdb.dll": "2D8E93F2988F222B54125521E6C3FA65",
  "Mono.Cecil.Rocks.dll": "C1FDD68C6013E3E65DFC7AE57D0CA9A5",
  "MonoMod.Backports.dll": "2F8DD381557FD0562AC4153D5AAF1C6A",
  "MonoMod.Core.dll": "02010BE21A1A2DECEA938AEAB3625BD6",
  "MonoMod.Iced.dll": "99278BD464FC7CF993AC3FB87BDBA93F",
  "MonoMod.ILHelpers.dll": "462AF3C18245FB31C7C5AC4857FC6F1F",
  "MonoMod.RuntimeDetour.dll": "2D04CEE19A209E402954490C14725F51",
  "MonoMod.Utils.dll": "3DDB709EF9C8DEB7238A318B76FCCCEE",
  "nethost.dll": "012081214FE71F0F6ADCD9F4A71B2B00",
  "Newtonsoft.Json.dll": "86A83A63F12B55FD3718CFBFB577D7DC",
  "PeNet.Asn1.dll": "759E1E3619BEA6667C36B2F79C816D59",
  "PeNet.dll": "375DFEE0208383902B6C8797A0648A1B",
  "PInvoke.AdvApi32.dll": "34EE461D05B403C3A15D0DEC32A3788C",
  "PInvoke.BCrypt.dll": "FD07758EE1440491F22923084109FF26",
  "PInvoke.Cabinet.dll": "333D950E3804735DA60CC41D614C63E2",
  "PInvoke.CfgMgr32.dll": "768BE7CC18EDCF78B296A72ABE891691",
  "PInvoke.Crypt32.dll": "E7B00B0851738F4A7F2C6D37DAA973B4",
  "PInvoke.DbgHelp.dll": "E701136169620D20E3A70B560DE20E44",
  "PInvoke.DwmApi.dll": "ACF223CC8962404056648815B486F7D9",
  "PInvoke.Gdi32.dll": "69FF434826F98582CE44D3136ECFFACB",
  "PInvoke.Hid.dll": "2E7A41257F8AD9B26073181F450CD8E5",
  "PInvoke.ImageHlp.dll": "79BE816E8D86EA66489D7780DD675D49",
  "PInvoke.IPHlpApi.dll": "E949FA3326D1BA8872B179AB4EE49D38",
  "PInvoke.Kernel32.dll": "234E15B122ED430DE99490CA1A204958",
  "PInvoke.Magnification.dll": "C9EA3D34F506741ECC044DB19C151F09",
  "PInvoke.Msi.dll": "69EE50CE2DA6B55755E52589F49A7EBC",
  "PInvoke.NCrypt.dll": "DA1DE76C14D99370CA3BEF19DC299B15",
  "PInvoke.NetApi32.dll": "AE79F9FA2E3864A5E0642AE4622ECDC5",
  "PInvoke.NewDev.dll": "B3E1992105D986EF9C5C8E4B630FBB07",
  "PInvoke.NTDll.dll": "3F6BDF840EB27DD0FD9EB8071822183A",
  "PInvoke.Ole32.dll": "3C49FB100B60519FFE725BCD12A538F6",
  "PInvoke.Psapi.dll": "A7683EE4B880227F01C8AE632A892B9E",
  "PInvoke.SetupApi.dll": "1B7AE321185D0081D1759A9AD829F9BA",
  "PInvoke.SHCore.dll": "F27E7F063D51480F6D2294C903E4A606",
  "PInvoke.Shell32.dll": "F71A1BCAF6478190691170DAEA77722F",
  "PInvoke.User32.dll": "8BEDE38311ED4F27127290B81B8079FD",
  "PInvoke.Userenv.dll": "FEB7BCA90B8C905EC2F4BB0789847131",
  "PInvoke.UxTheme.dll": "8E683C016250CB719FDB9AAAFC22B3C5",
  "PInvoke.Windows.Core.dll": "90015440A44935208FFEA9BF61740651",
  "PInvoke.Windows.ShellScalingApi.dll": "F351B34B8C9183A51CADFDC279357C49",
  "PInvoke.WinUsb.dll": "9EB8A0280F2848D1A32B560A939F7336",
  "PInvoke.WtsApi32.dll": "341C94455D2E5893DBE4293D4D67AA4D",
  "Reloaded.Assembler.dll": "72281DDB5D1B9BFE19118AE31C909563",
  "Reloaded.Hooks.Definitions.dll": "09F98E4C59EA3B1D6D360EEF9F03008E",
  "Reloaded.Hooks.dll": "E4E283BBB732096C7C7BB838ECEA6563",
  "Reloaded.Memory.Buffers.dll": "11EA40E55E872C85FC9874223D357536",
  "Reloaded.Memory.dll": "878D1EDD7D2C4B2A5A8EEB7CE3A3C5E7",
  "revision.txt": "D8A4E572D866AA45DA78418D9D2FF9F9",
  "SDL2-CS.config": "65557595FD5DF55D93B2BF881DE62C3A",
  "SDL2-CS.dll": "97A7292E50E325D206D8FEAA0AD3AFEA",
  "Serilog.dll": "6F248DE83542DD84DF9F4DA375820BFD",
  "Serilog.Sinks.Async.dll": "E62379E9784AF3D9520D30080CFF95FE",
  "Serilog.Sinks.Console.dll": "A9491D2D144F2F0BB019132C8450E164",
  "Serilog.Sinks.File.dll": "C5B39D9D45480FA22FD29B66894A46DC",
  "SharpDX.Direct3D11.dll": "A0C5DAB558C30338DDDB1A4FC72C79FE",
  "SharpDX.dll": "1CC75F11D67DA92999F43343A278C767",
  "SharpDX.DXGI.dll": "377BAE0D1C67E4068F3131587949A359",
  "SharpDX.Mathematics.dll": "76A74708CAFA396FC1594240CFA63021",
  "Silk.NET.Core.dll": "8B2B7F9F91A05A385306255D9D4720B1",
  "Silk.NET.GLFW.dll": "456474054A6262967F3037AC6DEB50AB",
  "Silk.NET.Maths.dll": "C218ED0EE48EB06DA46E2431DBEC8D8D",
  "Silk.NET.OpenGL.dll": "D5BFCF2D444006B94A0B869C5AC37369",
  "Silk.NET.SDL.dll": "02BF4425FA30B2BB55E864CB6B81BB29",
  "Silk.NET.Windowing.Common.dll": "94E7756A48442EFA3C409CFF1164D904",
  "Silk.NET.Windowing.Glfw.dll": "971F5A1C8403108CA12999104242D53B",
  "Silk.NET.Windowing.Sdl.dll": "DBA0EF2BB2DE8BF38F13FF6020FF4015",
  "SQLite-net.dll": "B5F468C08F2B04FABC57DBBF8378BD9F",
  "SQLitePCLRaw.batteries_v2.dll": "42E39E034E91EAE134A9B47CD5E6A97E",
  "SQLitePCLRaw.core.dll": "269FAD7D32143E73113A5E5E6C03F828",
  "SQLitePCLRaw.nativelibrary.dll": "CB457DDD35AF993997FAEDD785461CC5",
  "SQLitePCLRaw.provider.dynamic_cdecl.dll": "ACB773557467D1D699C81916889F2232",
  "StbiSharp.dll": "7A21A56D8C70247941F3975B7B31AA2B",
  "System.Reactive.dll": "EF5A00287AD15393D41B12AA4B726FF7",
  "System.Reflection.MetadataLoadContext.dll": "7EC41D41F4E1246757BA3E2EC862D562",
  "System.Security.Cryptography.Pkcs.dll": "8950E01996A37E808BE3F39063C37BF9",
  "TEMP_gitver.txt": "706D6A3248515ACB235F516AEF118CBA",
  "Validation.dll": "CD0CB6F413B3F6FE8B66E0554D7F632B"
}
