{
  "runtimes\\alpine-x64\\native\\libe_sqlite3.so": "39C244FEDBCD3DFC37041D4FCE1AE21D",
  "runtimes\\linux-arm\\native\\libe_sqlite3.so": "96CF54BC0EFB83D6E3F5F3E04997A59D",
  "runtimes\\linux-arm64\\native\\libe_sqlite3.so": "F079E55E7F3F9966A4A2052A3234E068",
  "runtimes\\linux-armel\\native\\libe_sqlite3.so": "C5A67D49434FC65D64E9C15778078C76",
  "runtimes\\linux-mips64\\native\\libe_sqlite3.so": "5F8461214089CFC677D46C19B7162161",
  "runtimes\\linux-musl-x64\\native\\libe_sqlite3.so": "39C244FEDBCD3DFC37041D4FCE1AE21D",
  "runtimes\\linux-x64\\native\\libe_sqlite3.so": "6F49C540D3AB9964D67A4A704C3D262D",
  "runtimes\\linux-x64\\native\\libglfw.so.3": "9E3137144F68B9E9793F4C7AD5B1BEA7",
  "runtimes\\linux-x64\\native\\libSDL2-2.0.so": "99B95A708381FC66AB2370E45A260527",
  "runtimes\\linux-x64\\native\\libstbi.so": "0945355ED59677D06E3E88F48101BB26",
  "runtimes\\linux-x86\\native\\libe_sqlite3.so": "5E0659B414CBD6DDC38C65582485853E",
  "runtimes\\osx-x64\\native\\libe_sqlite3.dylib": "F82AE134FCD1C080A69D775591406673",
  "runtimes\\osx-x64\\native\\libglfw.3.dylib": "1E30FAB2F0C40E82290AD4B0BF14A880",
  "runtimes\\osx-x64\\native\\libSDL2-2.0.dylib": "AAC958490586C67395F0A90903AE3747",
  "runtimes\\osx-x64\\native\\libstbi.dylib": "0B84B0A6A80178266018081C3CAB68E6",
  "runtimes\\win-arm\\native\\e_sqlite3.dll": "D39315EEC5DF9F24533446FDBB412482",
  "runtimes\\win-arm64\\native\\e_sqlite3.dll": "75161D4ED38500797681FFEE09C7CDBC",
  "runtimes\\win-x64\\native\\cimgui.dll": "26520420C264610F995BF1E5328DFF7A",
  "runtimes\\win-x64\\native\\cimguizmo.dll": "234FD7533A4EEFA743A7121ABA99BEE3",
  "runtimes\\win-x64\\native\\cimplot.dll": "F474159BF369F1A84F37C43E656AA311",
  "runtimes\\win-x64\\native\\e_sqlite3.dll": "11A6A17DEC38277833DD08657A324DA2",
  "runtimes\\win-x64\\native\\glfw3.dll": "E3BBD6CFE053398B89513A7188BAC267",
  "runtimes\\win-x64\\native\\minhook.x64d.dll": "34DE506E992F37F56E728B9043184FB2",
  "runtimes\\win-x64\\native\\SDL2.dll": "CDA9F117B84A1EA050B2FACEB8DCC97B",
  "runtimes\\win-x64\\native\\stbi.dll": "6350F9DABAE432BAC7EC84F98B34D25E",
  "runtimes\\win-x64\\native\\stbi.lib": "927C214DE576219E1F80DBE7798A0502",
  "runtimes\\win-x86\\native\\e_sqlite3.dll": "402254E889C2631623BC5AB157945224",
  "runtimes\\win-x86\\native\\glfw3.dll": "53C6526A0B98AD77375346E35851EB64",
  "runtimes\\win-x86\\native\\SDL2.dll": "91C748088DD6130036DBD4D1F5040EFC",
  "targets\\Dalamud.Plugin.Bootstrap.targets": "C85635161398CD9852CF7212DB7EB904",
  "targets\\Dalamud.Plugin.targets": "11001C983157350F50D99F1A827999B5",
  "CheapLoc.dll": "94CCEED690B786CFA1877A2E69014405",
  "Costura.dll": "16D63F50888F5956E61B2649B7E0B1BC",
  "Dalamud.Boot.dll": "36AB683288455A6B3282FDB338B5713E",
  "Dalamud.Common.dll": "707B83F6A49817FB7233E478E5D5D02D",
  "Dalamud.deps.json": "E9EA59FDBE3DF8C5A1A3D41B7C88EABF",
  "Dalamud.dll": "E80BECF9C535D9CBCEF2BC80E8F155EF",
  "Dalamud.Injector.deps.json": "4E53ABE9A5D3E4592DA63EBF98DAAD86",
  "Dalamud.Injector.dll": "725C695794361D7EFA5702BC1B56E874",
  "Dalamud.Injector.exe": "14999B8B6CD9660766BF0E46A46F8F3F",
  "Dalamud.Injector.runtimeconfig.json": "AAAFA957BB3B382321D67ACC2D792553",
  "Dalamud.Injector.xml": "6CFC451561E67CE7788814C5B327D7EC",
  "Dalamud.runtimeconfig.json": "15719C111D02D5BD45F37285FC8B6040",
  "Dalamud.xml": "A7C2A6CAD8D7ECC8473E91DB6032B7EB",
  "DalamudCrashHandler.exe": "E3100CE287F16841325465EC4416DC63",
  "FASM-LICENSE.TXT": "ECEA1D10811221D5F0A3E96F9C38E2C7",
  "FASM.DLL": "6098F248EAF09BA3F6857096481FB690",
  "FASMX64.DLL": "3944A23E7094240E746463E6B3FD1760",
  "FFXIVClientStructs.dll": "4003EEAC62514957700F9DB76D8B3862",
  "FFXIVClientStructs.xml": "55417DC17204C1343679D71CD1E584AD",
  "goaaats.Reloaded.Assembler.targets": "CC22CB0A353E2136EE9E6E96DB9F7164",
  "Iced.dll": "DA3323FD4D2B4CDF47292317DAC50B6D",
  "ImGui.NET.dll": "EBAC47C4B6C78035F601AB0948DB87B6",
  "ImGuiScene.dll": "378215E326C1F2568EE9A4BF35626B06",
  "JetBrains.Annotations.dll": "8B1BF12B47F5FDFA3E32CC78E7D9F1C5",
  "licenses.txt": "A159BE62AA91178EFC3E3983AE874D1D",
  "Lumina.dll": "BCF7D645235AC3B0DD3835E400A5490C",
  "Lumina.Excel.dll": "12A272DEB8E27579A17B70699B4F467B",
  "Microsoft.Bcl.HashCode.dll": "613AB56061ADF2284E047025207467E0",
  "Microsoft.DotNet.PlatformAbstractions.dll": "00AB0F02B1114C57C758F5AD595224F1",
  "Microsoft.Extensions.DependencyModel.dll": "F39BC76C10CFEA478C936FC4521A9FC9",
  "MinSharp.dll": "A4C46431F9F98783210A25FAC60E1F27",
  "Mono.Cecil.dll": "6A7D248D54AFA620F419496386826D38",
  "Mono.Cecil.Mdb.dll": "7F714040A4BDF572EF5200FF6F088197",
  "Mono.Cecil.Pdb.dll": "3691306A3A15A1A94DDB3567EF89C533",
  "Mono.Cecil.Rocks.dll": "C274473AA55CD8487DD834390AF9DB46",
  "MonoMod.Backports.dll": "EA7700E7F26B3E605C261A2C94DF5942",
  "MonoMod.Core.dll": "C590965DB34B3A904358E2E40E60C1B3",
  "MonoMod.Iced.dll": "7253B50CF698DAF75E9FF99090B45669",
  "MonoMod.ILHelpers.dll": "A93AE451BC2A600F9FF65564C7E12ACB",
  "MonoMod.RuntimeDetour.dll": "BA694A5C1BB8D7291E2818F9F1E3BE7C",
  "MonoMod.Utils.dll": "6D9BBB963609FDCC6983997C734DF714",
  "nethost.dll": "012081214FE71F0F6ADCD9F4A71B2B00",
  "Newtonsoft.Json.dll": "86A83A63F12B55FD3718CFBFB577D7DC",
  "PeNet.Asn1.dll": "D6957DAF908E2A19DDE264657A5B0F4F",
  "PeNet.dll": "414B63D5F2F879EDB987CBAF6B21C8F0",
  "PInvoke.AdvApi32.dll": "34EE461D05B403C3A15D0DEC32A3788C",
  "PInvoke.BCrypt.dll": "FD07758EE1440491F22923084109FF26",
  "PInvoke.Cabinet.dll": "333D950E3804735DA60CC41D614C63E2",
  "PInvoke.CfgMgr32.dll": "768BE7CC18EDCF78B296A72ABE891691",
  "PInvoke.Crypt32.dll": "E7B00B0851738F4A7F2C6D37DAA973B4",
  "PInvoke.DbgHelp.dll": "E701136169620D20E3A70B560DE20E44",
  "PInvoke.DwmApi.dll": "ACF223CC8962404056648815B486F7D9",
  "PInvoke.Gdi32.dll": "69FF434826F98582CE44D3136ECFFACB",
  "PInvoke.Hid.dll": "2E7A41257F8AD9B26073181F450CD8E5",
  "PInvoke.ImageHlp.dll": "79BE816E8D86EA66489D7780DD675D49",
  "PInvoke.IPHlpApi.dll": "E949FA3326D1BA8872B179AB4EE49D38",
  "PInvoke.Kernel32.dll": "234E15B122ED430DE99490CA1A204958",
  "PInvoke.Magnification.dll": "C9EA3D34F506741ECC044DB19C151F09",
  "PInvoke.Msi.dll": "69EE50CE2DA6B55755E52589F49A7EBC",
  "PInvoke.NCrypt.dll": "DA1DE76C14D99370CA3BEF19DC299B15",
  "PInvoke.NetApi32.dll": "AE79F9FA2E3864A5E0642AE4622ECDC5",
  "PInvoke.NewDev.dll": "B3E1992105D986EF9C5C8E4B630FBB07",
  "PInvoke.NTDll.dll": "3F6BDF840EB27DD0FD9EB8071822183A",
  "PInvoke.Ole32.dll": "3C49FB100B60519FFE725BCD12A538F6",
  "PInvoke.Psapi.dll": "A7683EE4B880227F01C8AE632A892B9E",
  "PInvoke.SetupApi.dll": "1B7AE321185D0081D1759A9AD829F9BA",
  "PInvoke.SHCore.dll": "F27E7F063D51480F6D2294C903E4A606",
  "PInvoke.Shell32.dll": "F71A1BCAF6478190691170DAEA77722F",
  "PInvoke.User32.dll": "8BEDE38311ED4F27127290B81B8079FD",
  "PInvoke.Userenv.dll": "FEB7BCA90B8C905EC2F4BB0789847131",
  "PInvoke.UxTheme.dll": "8E683C016250CB719FDB9AAAFC22B3C5",
  "PInvoke.Windows.Core.dll": "90015440A44935208FFEA9BF61740651",
  "PInvoke.Windows.ShellScalingApi.dll": "F351B34B8C9183A51CADFDC279357C49",
  "PInvoke.WinUsb.dll": "9EB8A0280F2848D1A32B560A939F7336",
  "PInvoke.WtsApi32.dll": "341C94455D2E5893DBE4293D4D67AA4D",
  "Reloaded.Assembler.dll": "81851A4EDF1DDD57B65D184D474CAC5F",
  "Reloaded.Hooks.Definitions.dll": "8E3817C554EDEC4C4C17229A665B6D14",
  "Reloaded.Hooks.dll": "1E55BD233976D61E8B9B5FF4C57EBDF6",
  "Reloaded.Memory.Buffers.dll": "55C0DF63F8C4AEC42CE3A53BFBB95EE4",
  "Reloaded.Memory.dll": "BC740B95A87DD17604B8DE1A2C213914",
  "revision.txt": "075B24B68EB3CB44B3FA4E331D86DB89",
  "SDL2-CS.config": "65557595FD5DF55D93B2BF881DE62C3A",
  "SDL2-CS.dll": "B97CA6D72ABB7918845DA7E7ABCD9806",
  "Serilog.dll": "D0F5CC225306E61A5BFF95D70E515D69",
  "Serilog.Sinks.Async.dll": "6F30C8C5B3790B24790BDE6BF098A08E",
  "Serilog.Sinks.Console.dll": "18F4E01F157461BC869C95F390274786",
  "Serilog.Sinks.File.dll": "EFCE38568C2198C00EFDD096C89B6938",
  "SharpDX.Direct3D11.dll": "46100506225CECA55CA27DABA5D9D108",
  "SharpDX.dll": "F69DCF5BF7F68965D75F594C7D07BB8D",
  "SharpDX.DXGI.dll": "699B85032E1B1D6018B2E9DE84DFBE67",
  "SharpDX.Mathematics.dll": "7A3B1B786B7AE110FA5F514FE9CCFECA",
  "Silk.NET.Core.dll": "B2CCBD6E9EAD0CA91557E16170076606",
  "Silk.NET.GLFW.dll": "D02D152174DF27F312E709D8CC7F5EFB",
  "Silk.NET.Maths.dll": "C9CB3EBEE6B7169CDB5F399D2FCEC441",
  "Silk.NET.OpenGL.dll": "0E6753C2A50651809FA3CAEBD8BD16BC",
  "Silk.NET.SDL.dll": "5D7E49B6CD720E60A078BD3BFC34DA78",
  "Silk.NET.Windowing.Common.dll": "C8B765ACA61AA024D5C3CD5057649CC3",
  "Silk.NET.Windowing.Glfw.dll": "3E669FC8A1759DF0AA05C43459DBEBAB",
  "Silk.NET.Windowing.Sdl.dll": "03D3F75A4725FA841F6117BB92EE1EA2",
  "SQLite-net.dll": "EB45ADC7D050533A45DF912B1193B57F",
  "SQLitePCLRaw.batteries_v2.dll": "4EF069177697488DA7008EC7DF5023F7",
  "SQLitePCLRaw.core.dll": "F76CDCA5FEBA8A1071539C6345D1695E",
  "SQLitePCLRaw.nativelibrary.dll": "8E62C297EE8427D31C86BBAEC603914B",
  "SQLitePCLRaw.provider.dynamic_cdecl.dll": "3F7B4D241852E37ADE3CC35DA29278E6",
  "StbiSharp.dll": "B67D818E5479F79314DAA52BAEF2E382",
  "System.Reactive.dll": "EF5A00287AD15393D41B12AA4B726FF7",
  "System.Reflection.MetadataLoadContext.dll": "7EC41D41F4E1246757BA3E2EC862D562",
  "System.Security.Cryptography.Pkcs.dll": "8950E01996A37E808BE3F39063C37BF9",
  "TEMP_gitver.txt": "EADD812C5A9E159B11F4FBB31D1B7266",
  "TerraFX.Interop.Windows.dll": "84F7EF6B0DE91F8CC23F773D3FD6DEC0",
  "Validation.dll": "56EA07EB581EBC02D1614C101238BB7E"
}
