{
  "runtimes\\alpine-x64\\native\\libe_sqlite3.so": "39C244FEDBCD3DFC37041D4FCE1AE21D",
  "runtimes\\linux-arm\\native\\libe_sqlite3.so": "96CF54BC0EFB83D6E3F5F3E04997A59D",
  "runtimes\\linux-arm64\\native\\libe_sqlite3.so": "F079E55E7F3F9966A4A2052A3234E068",
  "runtimes\\linux-armel\\native\\libe_sqlite3.so": "C5A67D49434FC65D64E9C15778078C76",
  "runtimes\\linux-mips64\\native\\libe_sqlite3.so": "5F8461214089CFC677D46C19B7162161",
  "runtimes\\linux-musl-x64\\native\\libe_sqlite3.so": "39C244FEDBCD3DFC37041D4FCE1AE21D",
  "runtimes\\linux-x64\\native\\libe_sqlite3.so": "6F49C540D3AB9964D67A4A704C3D262D",
  "runtimes\\linux-x64\\native\\libglfw.so.3": "9E3137144F68B9E9793F4C7AD5B1BEA7",
  "runtimes\\linux-x64\\native\\libSDL2-2.0.so": "99B95A708381FC66AB2370E45A260527",
  "runtimes\\linux-x64\\native\\libstbi.so": "0945355ED59677D06E3E88F48101BB26",
  "runtimes\\linux-x86\\native\\libe_sqlite3.so": "5E0659B414CBD6DDC38C65582485853E",
  "runtimes\\osx-x64\\native\\libe_sqlite3.dylib": "F82AE134FCD1C080A69D775591406673",
  "runtimes\\osx-x64\\native\\libglfw.3.dylib": "1E30FAB2F0C40E82290AD4B0BF14A880",
  "runtimes\\osx-x64\\native\\libSDL2-2.0.dylib": "AAC958490586C67395F0A90903AE3747",
  "runtimes\\osx-x64\\native\\libstbi.dylib": "0B84B0A6A80178266018081C3CAB68E6",
  "runtimes\\win-arm\\native\\e_sqlite3.dll": "2B6481003026E2961C2EDDCADB1A9FC6",
  "runtimes\\win-arm64\\native\\e_sqlite3.dll": "34054BB24FD5B272A7C73DBA050392F9",
  "runtimes\\win-x64\\native\\cimgui.dll": "7D04BC6F466CDDCA74A712D5A171A66D",
  "runtimes\\win-x64\\native\\cimguizmo.dll": "88C4BB4A423BE0AFF5089C07C3173204",
  "runtimes\\win-x64\\native\\cimplot.dll": "6FB62A16BAFAD39E69A21DDBA621FA93",
  "runtimes\\win-x64\\native\\e_sqlite3.dll": "64688F7F1AE061B9DB0E7FE8AC1D382F",
  "runtimes\\win-x64\\native\\glfw3.dll": "6D5A5AD980B36DCE95012FE9C3F7C26E",
  "runtimes\\win-x64\\native\\minhook.x64d.dll": "8E7A3FD5EC6AB3785CE4E76E8D1D9E36",
  "runtimes\\win-x64\\native\\SDL2.dll": "ABC434B50B30BB5B6809F860C243C558",
  "runtimes\\win-x64\\native\\stbi.dll": "DC27BAFD7E22E66EBBFCF73122CE426C",
  "runtimes\\win-x64\\native\\stbi.lib": "927C214DE576219E1F80DBE7798A0502",
  "runtimes\\win-x86\\native\\e_sqlite3.dll": "C1B110E1A40CBE98E5A2FD43C45224ED",
  "runtimes\\win-x86\\native\\glfw3.dll": "4E228F46F1FD9698C5E901C7C85F7431",
  "runtimes\\win-x86\\native\\SDL2.dll": "9EF6478605D8EB9F30224EFBC0455BA5",
  "targets\\Dalamud.Plugin.Bootstrap.targets": "C85635161398CD9852CF7212DB7EB904",
  "targets\\Dalamud.Plugin.targets": "11001C983157350F50D99F1A827999B5",
  "CheapLoc.dll": "006F633CB47DFFC023B64DAA1C3A321A",
  "Costura.dll": "262B6FA2C7F257E0C7AA19A63E1316AA",
  "Dalamud.Boot.dll": "35195F2926415A672BAC91D0A8A3552E",
  "Dalamud.Common.dll": "09BB34D2C681CA651C50F3E0BCEF10FF",
  "Dalamud.deps.json": "D75BF900B956799CBE1471BB9A393F1C",
  "Dalamud.dll": "77FA977571F7E5232EC39021E4EB6BE8",
  "Dalamud.Injector.deps.json": "4E53ABE9A5D3E4592DA63EBF98DAAD86",
  "Dalamud.Injector.dll": "8D876F59F4EF68C7D173C3D83103F525",
  "Dalamud.Injector.exe": "E2D2D77D469BC1CE39929054FF0359E0",
  "Dalamud.Injector.runtimeconfig.json": "AAAFA957BB3B382321D67ACC2D792553",
  "Dalamud.Injector.xml": "6CFC451561E67CE7788814C5B327D7EC",
  "Dalamud.runtimeconfig.json": "454E2BA21742B08CF0A9827950A92B0F",
  "Dalamud.xml": "FDCA80CB90C8744F7B900FD55B96A57F",
  "DalamudCrashHandler.exe": "6AB4127EECD7943FFCB528A0D33A3840",
  "FASM-LICENSE.TXT": "ECEA1D10811221D5F0A3E96F9C38E2C7",
  "FASM.DLL": "152C4294A00BE8413B1D13E9937718D6",
  "FASMX64.DLL": "32A5192772DB74B8D75BE791169C66D0",
  "FFXIVClientStructs.dll": "0FC40BEED4EE615837EAAB8B749C5B2C",
  "FFXIVClientStructs.xml": "23A6AE4C8BFCF2C3F86F470EB164DBED",
  "goaaats.Reloaded.Assembler.targets": "CC22CB0A353E2136EE9E6E96DB9F7164",
  "Iced.dll": "AFACDB9C73DD4D8C0CB272B572E67FB3",
  "ImGui.NET.dll": "DB3D9C1C883D4D2EA21C085A8A3504CF",
  "ImGuiScene.dll": "43025251A4F58E34731A439092BE624F",
  "JetBrains.Annotations.dll": "596061D13DA446D1538E71746A096C82",
  "licenses.txt": "A159BE62AA91178EFC3E3983AE874D1D",
  "Lumina.dll": "3F4BE1EB5CD46FE3A60709CC354A2B0A",
  "Lumina.Excel.dll": "B3ACECDD4F9F543B8B29C6BFBEC05A89",
  "Microsoft.Bcl.HashCode.dll": "613AB56061ADF2284E047025207467E0",
  "Microsoft.DotNet.PlatformAbstractions.dll": "00AB0F02B1114C57C758F5AD595224F1",
  "Microsoft.Extensions.DependencyModel.dll": "F39BC76C10CFEA478C936FC4521A9FC9",
  "MinSharp.dll": "D82AF8382048306B15E15D7F161CF69B",
  "Mono.Cecil.dll": "09E5D80F7D92B199604EB50C53C580C7",
  "Mono.Cecil.Mdb.dll": "AC439C5488664F382B035C7B4F57694D",
  "Mono.Cecil.Pdb.dll": "E19676E356B1453EB004AF6AEEB32041",
  "Mono.Cecil.Rocks.dll": "62DB7AA555526DC11441946484015319",
  "MonoMod.Backports.dll": "BA3B359C80D628F6313870A1D55162A2",
  "MonoMod.Core.dll": "37770611568420ACD065D8DEFFDF05E3",
  "MonoMod.Iced.dll": "01111349379DE40CA2671DC6C6B3628B",
  "MonoMod.ILHelpers.dll": "B4403C984A768295817F319A9F77A10D",
  "MonoMod.RuntimeDetour.dll": "D2EF9558D4077AC7BC989282E2DECB5C",
  "MonoMod.Utils.dll": "BE20C3A2AA96EA1FF5D0E271D4B9B5DE",
  "nethost.dll": "012081214FE71F0F6ADCD9F4A71B2B00",
  "Newtonsoft.Json.dll": "86A83A63F12B55FD3718CFBFB577D7DC",
  "PeNet.Asn1.dll": "CB7980425519A46DA4D2A9B85D509B58",
  "PeNet.dll": "A44CAACA36912751D7606E035B5FE2F7",
  "PInvoke.AdvApi32.dll": "34EE461D05B403C3A15D0DEC32A3788C",
  "PInvoke.BCrypt.dll": "FD07758EE1440491F22923084109FF26",
  "PInvoke.Cabinet.dll": "333D950E3804735DA60CC41D614C63E2",
  "PInvoke.CfgMgr32.dll": "768BE7CC18EDCF78B296A72ABE891691",
  "PInvoke.Crypt32.dll": "E7B00B0851738F4A7F2C6D37DAA973B4",
  "PInvoke.DbgHelp.dll": "E701136169620D20E3A70B560DE20E44",
  "PInvoke.DwmApi.dll": "ACF223CC8962404056648815B486F7D9",
  "PInvoke.Gdi32.dll": "69FF434826F98582CE44D3136ECFFACB",
  "PInvoke.Hid.dll": "2E7A41257F8AD9B26073181F450CD8E5",
  "PInvoke.ImageHlp.dll": "79BE816E8D86EA66489D7780DD675D49",
  "PInvoke.IPHlpApi.dll": "E949FA3326D1BA8872B179AB4EE49D38",
  "PInvoke.Kernel32.dll": "234E15B122ED430DE99490CA1A204958",
  "PInvoke.Magnification.dll": "C9EA3D34F506741ECC044DB19C151F09",
  "PInvoke.Msi.dll": "69EE50CE2DA6B55755E52589F49A7EBC",
  "PInvoke.NCrypt.dll": "DA1DE76C14D99370CA3BEF19DC299B15",
  "PInvoke.NetApi32.dll": "AE79F9FA2E3864A5E0642AE4622ECDC5",
  "PInvoke.NewDev.dll": "B3E1992105D986EF9C5C8E4B630FBB07",
  "PInvoke.NTDll.dll": "3F6BDF840EB27DD0FD9EB8071822183A",
  "PInvoke.Ole32.dll": "3C49FB100B60519FFE725BCD12A538F6",
  "PInvoke.Psapi.dll": "A7683EE4B880227F01C8AE632A892B9E",
  "PInvoke.SetupApi.dll": "1B7AE321185D0081D1759A9AD829F9BA",
  "PInvoke.SHCore.dll": "F27E7F063D51480F6D2294C903E4A606",
  "PInvoke.Shell32.dll": "F71A1BCAF6478190691170DAEA77722F",
  "PInvoke.User32.dll": "8BEDE38311ED4F27127290B81B8079FD",
  "PInvoke.Userenv.dll": "FEB7BCA90B8C905EC2F4BB0789847131",
  "PInvoke.UxTheme.dll": "8E683C016250CB719FDB9AAAFC22B3C5",
  "PInvoke.Windows.Core.dll": "90015440A44935208FFEA9BF61740651",
  "PInvoke.Windows.ShellScalingApi.dll": "F351B34B8C9183A51CADFDC279357C49",
  "PInvoke.WinUsb.dll": "9EB8A0280F2848D1A32B560A939F7336",
  "PInvoke.WtsApi32.dll": "341C94455D2E5893DBE4293D4D67AA4D",
  "Reloaded.Assembler.dll": "24AEEBF065B60FC30EFEF4BA1D1052C7",
  "Reloaded.Hooks.Definitions.dll": "C35C8D9966C90671E163A69099ADA5EF",
  "Reloaded.Hooks.dll": "6F220CA2EEDC16ED3E3CB6E97C423BD8",
  "Reloaded.Memory.Buffers.dll": "B8EBD634950332202F199B99A62A0720",
  "Reloaded.Memory.dll": "AF9B0770E2944193E88D979163599467",
  "revision.txt": "402B0702500CD47FF36E689465AFD783",
  "SDL2-CS.config": "65557595FD5DF55D93B2BF881DE62C3A",
  "SDL2-CS.dll": "039EFC8EF986B1781367FED5508569EF",
  "Serilog.dll": "DF21F49B1BEFA07D5736BF219BB8B06D",
  "Serilog.Sinks.Async.dll": "135A134344FAF0D69F70AAF9D4520880",
  "Serilog.Sinks.Console.dll": "8B0F0CC0866D74FAA58CB92A62CD8DF4",
  "Serilog.Sinks.File.dll": "1B46E67EA9D221B970F90001F2ECFF03",
  "SharpDX.Direct3D11.dll": "F7327D3E3E07687735B2F9C850A40146",
  "SharpDX.dll": "4B7E1DEA3EDF12A3F73E844754F43811",
  "SharpDX.DXGI.dll": "1EF02048E283A8C1583971F392BF9535",
  "SharpDX.Mathematics.dll": "3D71A132A3B0ECFC5245569832DED731",
  "Silk.NET.Core.dll": "FED2F2CF87CD1572A4D254875B6FC776",
  "Silk.NET.GLFW.dll": "434CA9C47F80DF4C1013B5A835BF569A",
  "Silk.NET.Maths.dll": "BB6D2274200BB781BCD372038B27B422",
  "Silk.NET.OpenGL.dll": "7B0E73A3E39E17F5826558412E76947D",
  "Silk.NET.SDL.dll": "08C3A3D76BEECF7C844568BB30266CA6",
  "Silk.NET.Windowing.Common.dll": "4512390D25456455D626F60BAFF15D35",
  "Silk.NET.Windowing.Glfw.dll": "63A2CEBA42349AF2CBA26DC0DBD092B4",
  "Silk.NET.Windowing.Sdl.dll": "4B8D3E786F4E4869A46DAC8F56051E89",
  "SQLite-net.dll": "DE67722112C9D2A4F2CEDDFBD6FF972A",
  "SQLitePCLRaw.batteries_v2.dll": "580787FDF0FAA81F63CADEA27712C604",
  "SQLitePCLRaw.core.dll": "468000E8A0703EA7468233923A35BCE3",
  "SQLitePCLRaw.nativelibrary.dll": "6C751B2B46A977ABCC25854D315A553E",
  "SQLitePCLRaw.provider.dynamic_cdecl.dll": "9F474EED95F487CC40FF8217703AB4E5",
  "StbiSharp.dll": "0396BD7790F5D978C34C84330AC6213E",
  "System.Reactive.dll": "EF5A00287AD15393D41B12AA4B726FF7",
  "System.Reflection.MetadataLoadContext.dll": "7EC41D41F4E1246757BA3E2EC862D562",
  "System.Security.Cryptography.Pkcs.dll": "8950E01996A37E808BE3F39063C37BF9",
  "TEMP_gitver.txt": "7F4EF2923B5BC1362D55FB9932DDB461",
  "Validation.dll": "E42070CFF24C01B0A573F1C45919EC5C"
}
