{
  "runtimes\\alpine-x64\\native\\libe_sqlite3.so": "39C244FEDBCD3DFC37041D4FCE1AE21D",
  "runtimes\\linux-arm\\native\\libe_sqlite3.so": "96CF54BC0EFB83D6E3F5F3E04997A59D",
  "runtimes\\linux-arm64\\native\\libe_sqlite3.so": "F079E55E7F3F9966A4A2052A3234E068",
  "runtimes\\linux-armel\\native\\libe_sqlite3.so": "C5A67D49434FC65D64E9C15778078C76",
  "runtimes\\linux-mips64\\native\\libe_sqlite3.so": "5F8461214089CFC677D46C19B7162161",
  "runtimes\\linux-musl-x64\\native\\libe_sqlite3.so": "39C244FEDBCD3DFC37041D4FCE1AE21D",
  "runtimes\\linux-x64\\native\\libe_sqlite3.so": "6F49C540D3AB9964D67A4A704C3D262D",
  "runtimes\\linux-x64\\native\\libglfw.so.3": "9E3137144F68B9E9793F4C7AD5B1BEA7",
  "runtimes\\linux-x64\\native\\libSDL2-2.0.so": "99B95A708381FC66AB2370E45A260527",
  "runtimes\\linux-x64\\native\\libstbi.so": "0945355ED59677D06E3E88F48101BB26",
  "runtimes\\linux-x86\\native\\libe_sqlite3.so": "5E0659B414CBD6DDC38C65582485853E",
  "runtimes\\osx-x64\\native\\libe_sqlite3.dylib": "F82AE134FCD1C080A69D775591406673",
  "runtimes\\osx-x64\\native\\libglfw.3.dylib": "1E30FAB2F0C40E82290AD4B0BF14A880",
  "runtimes\\osx-x64\\native\\libSDL2-2.0.dylib": "AAC958490586C67395F0A90903AE3747",
  "runtimes\\osx-x64\\native\\libstbi.dylib": "0B84B0A6A80178266018081C3CAB68E6",
  "runtimes\\win-arm\\native\\e_sqlite3.dll": "90E8E41B3FA40A14B3DECF0D2375FC61",
  "runtimes\\win-arm64\\native\\e_sqlite3.dll": "EE3099705EF9056230349DB089338909",
  "runtimes\\win-x64\\native\\cimgui.dll": "602436ADC297448813D6BE5389782317",
  "runtimes\\win-x64\\native\\cimguizmo.dll": "3BCF1CE30FC62192F2E883EEBAC0A35E",
  "runtimes\\win-x64\\native\\cimplot.dll": "B9E37B90EC453B8B6E6B5BBF7685AF9F",
  "runtimes\\win-x64\\native\\e_sqlite3.dll": "962C28896DDAE54DCEB6AB31FD6E484A",
  "runtimes\\win-x64\\native\\glfw3.dll": "9D26AE01B08538777664F6711A9EECDF",
  "runtimes\\win-x64\\native\\minhook.x64d.dll": "9BBE5C0E4F6EA82BE7FEA7477E5B8C66",
  "runtimes\\win-x64\\native\\SDL2.dll": "EDC51404B88173B6D57A011E2C4CFF54",
  "runtimes\\win-x64\\native\\stbi.dll": "260D4663A9CC3EA24A88A90C4F21BD90",
  "runtimes\\win-x64\\native\\stbi.lib": "927C214DE576219E1F80DBE7798A0502",
  "runtimes\\win-x86\\native\\e_sqlite3.dll": "783898064B214047B2624C578CDD34CE",
  "runtimes\\win-x86\\native\\glfw3.dll": "6D838BD1754FB5E6502F693F7B2B7A5F",
  "runtimes\\win-x86\\native\\SDL2.dll": "220DAC359E869313B4A1FC26602301D4",
  "targets\\Dalamud.Plugin.Bootstrap.targets": "C85635161398CD9852CF7212DB7EB904",
  "targets\\Dalamud.Plugin.targets": "E2AA900DB1F6596D1C203D4112A10F5E",
  "CheapLoc.dll": "D84ECAA0F14C14E98D7A5F3DB97FCA46",
  "Costura.dll": "BD3823B7EEED54D1701146901736D578",
  "Dalamud.Boot.dll": "37F614199A11196F538BA0704A20B489",
  "Dalamud.Common.dll": "2D1501CCFFC5EA29F9F85D780B6555E6",
  "Dalamud.deps.json": "84CA9BDEBF4319BD9CD8A5CC867040D6",
  "Dalamud.dll": "33F87C36C918258EF37B4E6FDA2A6968",
  "Dalamud.Injector.deps.json": "C1FA0941DC8B38E415776C60C508AAB9",
  "Dalamud.Injector.dll": "9C120DD835A60583242F185E1C70F3DA",
  "Dalamud.Injector.exe": "26776B8C974E136927B7BFC0E5861EEA",
  "Dalamud.Injector.runtimeconfig.json": "B9BB65FFE7924D4D8BABE9FA66303200",
  "Dalamud.Injector.xml": "D41E5DF541D19A015215E777D7395C9C",
  "Dalamud.runtimeconfig.json": "2A9CD915428BDD175E0889BD0C225F75",
  "Dalamud.xml": "D86BA311744D44DB4292688E2FDFBB80",
  "DalamudCrashHandler.exe": "FE824B5CF06975DD07275D8B8EDAD0E2",
  "FASM-LICENSE.TXT": "ECEA1D10811221D5F0A3E96F9C38E2C7",
  "FASM.DLL": "1CD9645605D2444BF5644C328A573B31",
  "FASMX64.DLL": "491937F06C6419A1E4A3B7A9ADA5C77C",
  "FFXIVClientStructs.dll": "A5B0F13E74C92B59CCC9356B1AE024E0",
  "FFXIVClientStructs.xml": "107C5C0626723B72D8E194DF12799B5D",
  "goaaats.Reloaded.Assembler.targets": "CC22CB0A353E2136EE9E6E96DB9F7164",
  "Iced.dll": "BE624CA3A8B1E6010FB831045CAF91A6",
  "ImGui.NET.dll": "D2FE691902F6432DB4E9894CB30FCCF2",
  "ImGuiScene.dll": "FB15B39095D203B86DFD97DBF159F136",
  "JetBrains.Annotations.dll": "B859FBEF86B657AAC35CDC87FE66DC28",
  "licenses.txt": "A159BE62AA91178EFC3E3983AE874D1D",
  "Lumina.dll": "EDFC4C9B5EFDC7AC0658AEEB5B21245A",
  "Lumina.Excel.dll": "8B5093917B58AC647C3E23EA6417C9CD",
  "Microsoft.Bcl.HashCode.dll": "613AB56061ADF2284E047025207467E0",
  "Microsoft.DotNet.PlatformAbstractions.dll": "00AB0F02B1114C57C758F5AD595224F1",
  "Microsoft.Extensions.DependencyModel.dll": "F39BC76C10CFEA478C936FC4521A9FC9",
  "Microsoft.Extensions.ObjectPool.dll": "4EEE3E64BE561711391BF998FFBF65D3",
  "MinSharp.dll": "78E36DAA07387966C6AD961F7524FDB3",
  "Mono.Cecil.dll": "B33058FF3DC2B8A0930CF6794BBB593C",
  "Mono.Cecil.Mdb.dll": "E73F3FBBB6DD80C4E17A2F67158D1DA6",
  "Mono.Cecil.Pdb.dll": "47AAAB7378BF554A80C011F60B449A92",
  "Mono.Cecil.Rocks.dll": "DC6113D697CC38D5C58C047C077ADA99",
  "nethost.dll": "012081214FE71F0F6ADCD9F4A71B2B00",
  "Newtonsoft.Json.dll": "86A83A63F12B55FD3718CFBFB577D7DC",
  "PeNet.Asn1.dll": "AB4817D84FC86CC30226E1250D35A109",
  "PeNet.dll": "7C063F751DA98216469251BD3E13D57C",
  "PInvoke.AdvApi32.dll": "34EE461D05B403C3A15D0DEC32A3788C",
  "PInvoke.BCrypt.dll": "FD07758EE1440491F22923084109FF26",
  "PInvoke.Cabinet.dll": "333D950E3804735DA60CC41D614C63E2",
  "PInvoke.CfgMgr32.dll": "768BE7CC18EDCF78B296A72ABE891691",
  "PInvoke.Crypt32.dll": "E7B00B0851738F4A7F2C6D37DAA973B4",
  "PInvoke.DbgHelp.dll": "E701136169620D20E3A70B560DE20E44",
  "PInvoke.DwmApi.dll": "ACF223CC8962404056648815B486F7D9",
  "PInvoke.Gdi32.dll": "69FF434826F98582CE44D3136ECFFACB",
  "PInvoke.Hid.dll": "2E7A41257F8AD9B26073181F450CD8E5",
  "PInvoke.ImageHlp.dll": "79BE816E8D86EA66489D7780DD675D49",
  "PInvoke.IPHlpApi.dll": "E949FA3326D1BA8872B179AB4EE49D38",
  "PInvoke.Kernel32.dll": "234E15B122ED430DE99490CA1A204958",
  "PInvoke.Magnification.dll": "C9EA3D34F506741ECC044DB19C151F09",
  "PInvoke.Msi.dll": "69EE50CE2DA6B55755E52589F49A7EBC",
  "PInvoke.NCrypt.dll": "DA1DE76C14D99370CA3BEF19DC299B15",
  "PInvoke.NetApi32.dll": "AE79F9FA2E3864A5E0642AE4622ECDC5",
  "PInvoke.NewDev.dll": "B3E1992105D986EF9C5C8E4B630FBB07",
  "PInvoke.NTDll.dll": "3F6BDF840EB27DD0FD9EB8071822183A",
  "PInvoke.Ole32.dll": "3C49FB100B60519FFE725BCD12A538F6",
  "PInvoke.Psapi.dll": "A7683EE4B880227F01C8AE632A892B9E",
  "PInvoke.SetupApi.dll": "1B7AE321185D0081D1759A9AD829F9BA",
  "PInvoke.SHCore.dll": "F27E7F063D51480F6D2294C903E4A606",
  "PInvoke.Shell32.dll": "F71A1BCAF6478190691170DAEA77722F",
  "PInvoke.User32.dll": "8BEDE38311ED4F27127290B81B8079FD",
  "PInvoke.Userenv.dll": "FEB7BCA90B8C905EC2F4BB0789847131",
  "PInvoke.UxTheme.dll": "8E683C016250CB719FDB9AAAFC22B3C5",
  "PInvoke.Windows.Core.dll": "90015440A44935208FFEA9BF61740651",
  "PInvoke.Windows.ShellScalingApi.dll": "F351B34B8C9183A51CADFDC279357C49",
  "PInvoke.WinUsb.dll": "9EB8A0280F2848D1A32B560A939F7336",
  "PInvoke.WtsApi32.dll": "341C94455D2E5893DBE4293D4D67AA4D",
  "Reloaded.Assembler.dll": "FAA2DA93CC4F047E073DA07DB523547E",
  "Reloaded.Hooks.Definitions.dll": "8C8D1B2D9C191F42D2444F1121AA17F5",
  "Reloaded.Hooks.dll": "950DD18A93286A59EF5A5B9BECBC312F",
  "Reloaded.Memory.Buffers.dll": "FF9B83D2493B3BCC34FA94ED69C02E9F",
  "Reloaded.Memory.dll": "3C990FE7017F86AF4558286509244CCB",
  "revision.txt": "022400DFFEC5B4477F760CA0E7449D73",
  "SDL2-CS.config": "65557595FD5DF55D93B2BF881DE62C3A",
  "SDL2-CS.dll": "4C581B8C95D03156709C2D0368C41C80",
  "Serilog.dll": "DD6DF1517F08C4801D793E92826C994B",
  "Serilog.Sinks.Async.dll": "73CB23C8C61D39E115DBA53DBFAF8DB9",
  "Serilog.Sinks.Console.dll": "77BBE3DC4BE32523008499EC78CEEBF7",
  "Serilog.Sinks.File.dll": "C7948927412C06A73595174614D3F489",
  "SharpDX.Direct3D11.dll": "288AD3BC5CBC9013169C4B2B9551D179",
  "SharpDX.dll": "F81F768F866946C75EE832F040903C5B",
  "SharpDX.DXGI.dll": "891D39E1F67ADD81B845159760CC8973",
  "SharpDX.Mathematics.dll": "E13AEA0260C48B4758CA288457EB8D19",
  "Silk.NET.Core.dll": "F884CF2AADE89808D37BE83B14A10382",
  "Silk.NET.GLFW.dll": "D4B1227436001BF6AA789830C77BA59C",
  "Silk.NET.Maths.dll": "EBA5E5F1694F175374A0BEFD26C0C180",
  "Silk.NET.OpenGL.dll": "773A9B87A8894FEF0C2EBD095115D8A5",
  "Silk.NET.SDL.dll": "CB8FA935FB3C64C1FDE2933022D5EA28",
  "Silk.NET.Windowing.Common.dll": "4F70D07A9AB37F2000579D482509B250",
  "Silk.NET.Windowing.Glfw.dll": "167D94BC4152E1BF95ED0415DE806DE1",
  "Silk.NET.Windowing.Sdl.dll": "6502D4B944170753EBBF86B1C49D428F",
  "SQLite-net.dll": "2029A2357F28CD75EEF33BEB11CCDA0E",
  "SQLitePCLRaw.batteries_v2.dll": "EB8EEAADA3180FE3613034884E6A1883",
  "SQLitePCLRaw.core.dll": "172FD1ADF16ABAE77BD5937FDDB1F588",
  "SQLitePCLRaw.nativelibrary.dll": "42106BFC4172168D1F56E8783225D0EC",
  "SQLitePCLRaw.provider.dynamic_cdecl.dll": "5BDA668ACF514AAA20320790CC15F876",
  "StbiSharp.dll": "169D6A8417F5737C5E1444CB5C451E64",
  "System.Reactive.dll": "EF5A00287AD15393D41B12AA4B726FF7",
  "System.Reflection.MetadataLoadContext.dll": "7EC41D41F4E1246757BA3E2EC862D562",
  "System.Security.Cryptography.Pkcs.dll": "8950E01996A37E808BE3F39063C37BF9",
  "TEMP_gitver.txt": "662E7E0648A8879249C80498803D24D7",
  "TerraFX.Interop.Windows.dll": "84F7EF6B0DE91F8CC23F773D3FD6DEC0",
  "Validation.dll": "490E9968609054250BB4DEC29F5D16AA"
}
