{
  "runtimes\\alpine-x64\\native\\libe_sqlite3.so": "39C244FEDBCD3DFC37041D4FCE1AE21D",
  "runtimes\\linux-arm\\native\\libe_sqlite3.so": "96CF54BC0EFB83D6E3F5F3E04997A59D",
  "runtimes\\linux-arm64\\native\\libe_sqlite3.so": "F079E55E7F3F9966A4A2052A3234E068",
  "runtimes\\linux-armel\\native\\libe_sqlite3.so": "C5A67D49434FC65D64E9C15778078C76",
  "runtimes\\linux-mips64\\native\\libe_sqlite3.so": "5F8461214089CFC677D46C19B7162161",
  "runtimes\\linux-musl-x64\\native\\libe_sqlite3.so": "39C244FEDBCD3DFC37041D4FCE1AE21D",
  "runtimes\\linux-x64\\native\\libe_sqlite3.so": "6F49C540D3AB9964D67A4A704C3D262D",
  "runtimes\\linux-x64\\native\\libglfw.so.3": "9E3137144F68B9E9793F4C7AD5B1BEA7",
  "runtimes\\linux-x64\\native\\libSDL2-2.0.so": "99B95A708381FC66AB2370E45A260527",
  "runtimes\\linux-x64\\native\\libstbi.so": "0945355ED59677D06E3E88F48101BB26",
  "runtimes\\linux-x86\\native\\libe_sqlite3.so": "5E0659B414CBD6DDC38C65582485853E",
  "runtimes\\osx-x64\\native\\libe_sqlite3.dylib": "F82AE134FCD1C080A69D775591406673",
  "runtimes\\osx-x64\\native\\libglfw.3.dylib": "1E30FAB2F0C40E82290AD4B0BF14A880",
  "runtimes\\osx-x64\\native\\libSDL2-2.0.dylib": "AAC958490586C67395F0A90903AE3747",
  "runtimes\\osx-x64\\native\\libstbi.dylib": "0B84B0A6A80178266018081C3CAB68E6",
  "runtimes\\win-arm\\native\\e_sqlite3.dll": "BEBB7A5185530AF7621A0FEAC85153D2",
  "runtimes\\win-arm64\\native\\e_sqlite3.dll": "72CCB46F5DE50F17BF08AA9BFB1E98CC",
  "runtimes\\win-x64\\native\\cimgui.dll": "C13157D1105B8F3322626D96C72D89EB",
  "runtimes\\win-x64\\native\\cimguizmo.dll": "7EF6F08B8AC688DE34C0D119F4787517",
  "runtimes\\win-x64\\native\\cimplot.dll": "AD63A7CA17FBDD13849A92CEEEF0587B",
  "runtimes\\win-x64\\native\\e_sqlite3.dll": "CD84C7D5B9AEE458306638D07249DC6C",
  "runtimes\\win-x64\\native\\glfw3.dll": "9077A9FA601E325AF73A6E3902D6073C",
  "runtimes\\win-x64\\native\\minhook.x64d.dll": "91F2ADE2CCB5A2083B59190EC262E737",
  "runtimes\\win-x64\\native\\SDL2.dll": "94A75C040A00CDBBE42DDD1689948939",
  "runtimes\\win-x64\\native\\stbi.dll": "5906608038DEE3F2B65D9C7CFF524CBA",
  "runtimes\\win-x64\\native\\stbi.lib": "927C214DE576219E1F80DBE7798A0502",
  "runtimes\\win-x86\\native\\e_sqlite3.dll": "AE55E9D08EE104B5E46B0AE285C2F5AE",
  "runtimes\\win-x86\\native\\glfw3.dll": "24AB8B7408D300638B279BDC67A31DFB",
  "runtimes\\win-x86\\native\\SDL2.dll": "DA5249602F0E3B7FAB3B1ABAC78ABE81",
  "targets\\Dalamud.Plugin.Bootstrap.targets": "C85635161398CD9852CF7212DB7EB904",
  "targets\\Dalamud.Plugin.targets": "DDD731601C06B16E10CF2F8990452A27",
  "BitFaster.Caching.dll": "389006372EB0327A28F81A967991F60E",
  "CheapLoc.dll": "01FCE7902E24149AD3C88770D9E462CA",
  "commit_hash.txt": "3CF52FFA2ABCAB447DBDCCCBD857773C",
  "Costura.dll": "D0DB4BAB3C47006F8E0D6BE391F1C4E1",
  "Dalamud.Boot.dll": "3FF5A736E873CF9EC5DAF8AB56643C7A",
  "Dalamud.Common.dll": "05405AC2A300F3BB56ECEFDDEFD43C5C",
  "Dalamud.deps.json": "F22291DFB66178B3E97741A40D066625",
  "Dalamud.dll": "32DCDD8FB737A48C6780F0668B2C8130",
  "Dalamud.Injector.deps.json": "973E5D437761614CB8BADBA9E2C0F6EA",
  "Dalamud.Injector.dll": "5721ADB89160F212E501BCA2E1E53FCA",
  "Dalamud.Injector.exe": "889E7CB606CD4DC763A4D55C44DBC826",
  "Dalamud.Injector.runtimeconfig.json": "B9BB65FFE7924D4D8BABE9FA66303200",
  "Dalamud.Injector.xml": "D41E5DF541D19A015215E777D7395C9C",
  "Dalamud.runtimeconfig.json": "2A9CD915428BDD175E0889BD0C225F75",
  "Dalamud.xml": "2F80B8B56A5C64D220679AFB56F56067",
  "DalamudCrashHandler.exe": "8FBFF2ED1AA1C4F0C2275ED59DB19495",
  "FASM-LICENSE.TXT": "ECEA1D10811221D5F0A3E96F9C38E2C7",
  "FASM.DLL": "4B8C6525C9E24C1088D8DAAD7C49BD53",
  "FASMX64.DLL": "07CEBAD02E6D836B3089516EC82E2102",
  "FFXIVClientStructs.dll": "E40E41F275E9CF2EE93CC862DBA364A7",
  "FFXIVClientStructs.xml": "C9B2DA89ACF8549D52FC3EDF00FF7CC7",
  "goaaats.Reloaded.Assembler.targets": "CC22CB0A353E2136EE9E6E96DB9F7164",
  "Iced.dll": "61C4570E669893B5702121EB0437EBAD",
  "ImGui.NET.dll": "5476451BBD18D0548764EF331470C1C3",
  "ImGuiScene.dll": "A836A1B69FD5F7A5416FA6354D8F2314",
  "InteropGenerator.Runtime.dll": "5D9500741DBA2EE4A231FF27ADD7C0E0",
  "JetBrains.Annotations.dll": "ECD66ECB49296532D9B9B8CBC4D6EB8A",
  "licenses.txt": "A159BE62AA91178EFC3E3983AE874D1D",
  "Lumina.dll": "0ADBEED56C2062E03531CE52ACB4ADB5",
  "Lumina.Excel.dll": "F988A702131008ACC303E3522EE5CD3D",
  "Microsoft.Bcl.HashCode.dll": "613AB56061ADF2284E047025207467E0",
  "Microsoft.DotNet.PlatformAbstractions.dll": "00AB0F02B1114C57C758F5AD595224F1",
  "Microsoft.Extensions.DependencyModel.dll": "F39BC76C10CFEA478C936FC4521A9FC9",
  "Microsoft.Extensions.ObjectPool.dll": "FEE3CE8A84417360CC5ED787ED6F7DB1",
  "MinSharp.dll": "FBF3EE133D58384B70D6F0EA1030A45A",
  "Mono.Cecil.dll": "28EABB4FEF70B0FB15567A0B30D195E2",
  "Mono.Cecil.Mdb.dll": "18181E790909EEB1000A472D51792D20",
  "Mono.Cecil.Pdb.dll": "8321C26D7B625A2F8EC0D6C23AC9AEC1",
  "Mono.Cecil.Rocks.dll": "8B05FDA24C20047EAD7FF06EE6D45BF0",
  "nethost.dll": "21F39F71E2F4B5BA9FB3F126872F2F9B",
  "Newtonsoft.Json.dll": "ADF3E3EECDE20B7C9661E9C47106A14A",
  "PeNet.Asn1.dll": "98314CB369B7408C8E42B4A194B86489",
  "PeNet.dll": "42D5805AFF0C094D0DF072EEF67BE482",
  "PInvoke.AdvApi32.dll": "34EE461D05B403C3A15D0DEC32A3788C",
  "PInvoke.BCrypt.dll": "FD07758EE1440491F22923084109FF26",
  "PInvoke.Cabinet.dll": "333D950E3804735DA60CC41D614C63E2",
  "PInvoke.CfgMgr32.dll": "768BE7CC18EDCF78B296A72ABE891691",
  "PInvoke.Crypt32.dll": "E7B00B0851738F4A7F2C6D37DAA973B4",
  "PInvoke.DbgHelp.dll": "E701136169620D20E3A70B560DE20E44",
  "PInvoke.DwmApi.dll": "ACF223CC8962404056648815B486F7D9",
  "PInvoke.Gdi32.dll": "69FF434826F98582CE44D3136ECFFACB",
  "PInvoke.Hid.dll": "2E7A41257F8AD9B26073181F450CD8E5",
  "PInvoke.ImageHlp.dll": "79BE816E8D86EA66489D7780DD675D49",
  "PInvoke.IPHlpApi.dll": "E949FA3326D1BA8872B179AB4EE49D38",
  "PInvoke.Kernel32.dll": "234E15B122ED430DE99490CA1A204958",
  "PInvoke.Magnification.dll": "C9EA3D34F506741ECC044DB19C151F09",
  "PInvoke.Msi.dll": "69EE50CE2DA6B55755E52589F49A7EBC",
  "PInvoke.NCrypt.dll": "DA1DE76C14D99370CA3BEF19DC299B15",
  "PInvoke.NetApi32.dll": "AE79F9FA2E3864A5E0642AE4622ECDC5",
  "PInvoke.NewDev.dll": "B3E1992105D986EF9C5C8E4B630FBB07",
  "PInvoke.NTDll.dll": "3F6BDF840EB27DD0FD9EB8071822183A",
  "PInvoke.Ole32.dll": "3C49FB100B60519FFE725BCD12A538F6",
  "PInvoke.Psapi.dll": "A7683EE4B880227F01C8AE632A892B9E",
  "PInvoke.SetupApi.dll": "1B7AE321185D0081D1759A9AD829F9BA",
  "PInvoke.SHCore.dll": "F27E7F063D51480F6D2294C903E4A606",
  "PInvoke.Shell32.dll": "F71A1BCAF6478190691170DAEA77722F",
  "PInvoke.User32.dll": "8BEDE38311ED4F27127290B81B8079FD",
  "PInvoke.Userenv.dll": "FEB7BCA90B8C905EC2F4BB0789847131",
  "PInvoke.UxTheme.dll": "8E683C016250CB719FDB9AAAFC22B3C5",
  "PInvoke.Windows.Core.dll": "90015440A44935208FFEA9BF61740651",
  "PInvoke.Windows.ShellScalingApi.dll": "F351B34B8C9183A51CADFDC279357C49",
  "PInvoke.WinUsb.dll": "9EB8A0280F2848D1A32B560A939F7336",
  "PInvoke.WtsApi32.dll": "341C94455D2E5893DBE4293D4D67AA4D",
  "Reloaded.Assembler.dll": "A1A7CFAFC2E7AF7DB71D2C6FA73FC54F",
  "Reloaded.Hooks.Definitions.dll": "1EA0A0CD97031499397B52857B609BF9",
  "Reloaded.Hooks.dll": "EECD8584E2262D163D7F1179078D7BAF",
  "Reloaded.Memory.Buffers.dll": "0D375AF9ACEAFE1A51303981B80B80BB",
  "Reloaded.Memory.dll": "B97F03B79336E425DA266C72AD370CF0",
  "revision.txt": "BE3B0B544433B768685E3436621590FF",
  "SDL2-CS.config": "65557595FD5DF55D93B2BF881DE62C3A",
  "SDL2-CS.dll": "B31CBF676F1F063F743CC2F658E6F3D2",
  "Serilog.dll": "A4F646D0C02B031848362DD1F45A170F",
  "Serilog.Sinks.Async.dll": "9ACC894C97E4A9B73005373EA872B424",
  "Serilog.Sinks.Console.dll": "DD172A9087EB354AF96907C485D5C163",
  "Serilog.Sinks.File.dll": "F339203B273C650E7291021408B035EE",
  "SharpDX.Direct3D11.dll": "FF73EB7FCD9CF60AF5C944F8BC24D53C",
  "SharpDX.dll": "1AC8A8082286518226878D55D690B690",
  "SharpDX.DXGI.dll": "330A0CEBA2E966779B534EDF599A9ED7",
  "SharpDX.Mathematics.dll": "3FBBCD60FA46041AF59019FEA1021FCC",
  "Silk.NET.Core.dll": "8182478666F4568B58CDD7A5BE6187E0",
  "Silk.NET.GLFW.dll": "EEC9A1064E4AE5A071DF5B78C6656436",
  "Silk.NET.Maths.dll": "799846EC63F76D63D43DAAFA4E4FB7E8",
  "Silk.NET.OpenGL.dll": "65BA0FB5B216550525F073F0946D2776",
  "Silk.NET.SDL.dll": "A1E0904B3C00277B0736D0A0EBAFAB37",
  "Silk.NET.Windowing.Common.dll": "DDA0945340D55A7E00C9B795FF9E3B4F",
  "Silk.NET.Windowing.Glfw.dll": "76D595C18981BE158DD94B79F8F6C543",
  "Silk.NET.Windowing.Sdl.dll": "4A1A69ED961779C80EB2286B82D6C2DD",
  "SQLite-net.dll": "8EA93ED96B7A18C40066701CC53D6028",
  "SQLitePCLRaw.batteries_v2.dll": "12438452B898DF8EDDE3E58566E246AB",
  "SQLitePCLRaw.core.dll": "6554B34806D1D13CF85B56F99EF47D0F",
  "SQLitePCLRaw.nativelibrary.dll": "FCB77E5F8078FA2D13234BF2063E0B1A",
  "SQLitePCLRaw.provider.dynamic_cdecl.dll": "1FE37CD901837CA6EAB2CA764AF3D597",
  "StbiSharp.dll": "A48CD52ED1D7270DEECC4ADA6B081DEC",
  "System.Reactive.dll": "EF5A00287AD15393D41B12AA4B726FF7",
  "System.Reflection.MetadataLoadContext.dll": "E88E3AF6D37736F339022C9ACC5F2F7B",
  "System.Security.Cryptography.Pkcs.dll": "8950E01996A37E808BE3F39063C37BF9",
  "TEMP_gitver.txt": "F4E738E52951647E43DF35E9293CDE42",
  "TerraFX.Interop.Windows.dll": "84F7EF6B0DE91F8CC23F773D3FD6DEC0",
  "Validation.dll": "44948370C64EE4577FF99D9D5FFADE18"
}
