{
  "runtimes\\alpine-x64\\native\\libe_sqlite3.so": "39C244FEDBCD3DFC37041D4FCE1AE21D",
  "runtimes\\linux-arm\\native\\libe_sqlite3.so": "96CF54BC0EFB83D6E3F5F3E04997A59D",
  "runtimes\\linux-arm64\\native\\libe_sqlite3.so": "F079E55E7F3F9966A4A2052A3234E068",
  "runtimes\\linux-armel\\native\\libe_sqlite3.so": "C5A67D49434FC65D64E9C15778078C76",
  "runtimes\\linux-mips64\\native\\libe_sqlite3.so": "5F8461214089CFC677D46C19B7162161",
  "runtimes\\linux-musl-x64\\native\\libe_sqlite3.so": "39C244FEDBCD3DFC37041D4FCE1AE21D",
  "runtimes\\linux-x64\\native\\libe_sqlite3.so": "6F49C540D3AB9964D67A4A704C3D262D",
  "runtimes\\linux-x64\\native\\libglfw.so.3": "9E3137144F68B9E9793F4C7AD5B1BEA7",
  "runtimes\\linux-x64\\native\\libSDL2-2.0.so": "99B95A708381FC66AB2370E45A260527",
  "runtimes\\linux-x64\\native\\libstbi.so": "0945355ED59677D06E3E88F48101BB26",
  "runtimes\\linux-x86\\native\\libe_sqlite3.so": "5E0659B414CBD6DDC38C65582485853E",
  "runtimes\\osx-x64\\native\\libe_sqlite3.dylib": "F82AE134FCD1C080A69D775591406673",
  "runtimes\\osx-x64\\native\\libglfw.3.dylib": "1E30FAB2F0C40E82290AD4B0BF14A880",
  "runtimes\\osx-x64\\native\\libSDL2-2.0.dylib": "AAC958490586C67395F0A90903AE3747",
  "runtimes\\osx-x64\\native\\libstbi.dylib": "0B84B0A6A80178266018081C3CAB68E6",
  "runtimes\\win-arm\\native\\e_sqlite3.dll": "68C363F2440B2B211BBA0683DB66AB9A",
  "runtimes\\win-arm64\\native\\e_sqlite3.dll": "4E9A59C6017E5A4B5A34461FFD77F4D1",
  "runtimes\\win-x64\\native\\cimgui.dll": "027E9AB2DD5987B020B2E03F468BC700",
  "runtimes\\win-x64\\native\\cimguizmo.dll": "B5ABE16E1C97E606E5CC0A1607ADEC09",
  "runtimes\\win-x64\\native\\cimplot.dll": "4A8710536BA3E6B6F4E80294769B949B",
  "runtimes\\win-x64\\native\\e_sqlite3.dll": "5345C3BB9A73F63EBFC55575B5911FE1",
  "runtimes\\win-x64\\native\\glfw3.dll": "0FF3CC916C5A715E72A5A4D7E1D9E010",
  "runtimes\\win-x64\\native\\minhook.x64d.dll": "2B2DE255064E9149768E61BF45A613F6",
  "runtimes\\win-x64\\native\\SDL2.dll": "6381C7062698EC960A656031019FF17A",
  "runtimes\\win-x64\\native\\stbi.dll": "FCF18042B4C5DE38A3D148164A7C6698",
  "runtimes\\win-x64\\native\\stbi.lib": "927C214DE576219E1F80DBE7798A0502",
  "runtimes\\win-x86\\native\\e_sqlite3.dll": "3D629917DDFBA80696928F18D203D396",
  "runtimes\\win-x86\\native\\glfw3.dll": "4642255B41C11DD49CC8AB32E7DB40DE",
  "runtimes\\win-x86\\native\\SDL2.dll": "1C65C4EBDF2EEDD9EAB377BB8A2AEEAF",
  "targets\\Dalamud.Plugin.Bootstrap.targets": "C85635161398CD9852CF7212DB7EB904",
  "targets\\Dalamud.Plugin.targets": "11001C983157350F50D99F1A827999B5",
  "CheapLoc.dll": "6554393C4EA7CBC2D2CC6E5041AB6509",
  "Costura.dll": "8C21D87C6A8DA24ABE3F238A2E3178A9",
  "Dalamud.Boot.dll": "70B327FACDF38A09F88EC266F4E78419",
  "Dalamud.Common.dll": "115D0CFA85B657B9564EC94D52B29E68",
  "Dalamud.deps.json": "61F03CDFD8DBDDDF1146436110BC5C04",
  "Dalamud.dll": "FA977FB22B8AE5E66D2457A9E9B30091",
  "Dalamud.Injector.deps.json": "4E53ABE9A5D3E4592DA63EBF98DAAD86",
  "Dalamud.Injector.dll": "4683F1D566B56B5507D10AD50945DBFF",
  "Dalamud.Injector.exe": "DA220A5721BA7BC7538C082B7FC0244E",
  "Dalamud.Injector.runtimeconfig.json": "AAAFA957BB3B382321D67ACC2D792553",
  "Dalamud.Injector.xml": "6CFC451561E67CE7788814C5B327D7EC",
  "Dalamud.runtimeconfig.json": "454E2BA21742B08CF0A9827950A92B0F",
  "Dalamud.xml": "126D7A7B9FEA522C373B0DC4BAD3EFA1",
  "DalamudCrashHandler.exe": "16DE627B84EE95412A7C9690B05B6551",
  "FASM-LICENSE.TXT": "ECEA1D10811221D5F0A3E96F9C38E2C7",
  "FASM.DLL": "C125FF081C6991E0D1EE985C3E39AFC3",
  "FASMX64.DLL": "27B959DB31DDC604A7A374CDEE355532",
  "FFXIVClientStructs.dll": "959C5D02EF8A5825AC9349C25BECA310",
  "FFXIVClientStructs.xml": "3387ACE20BB2A8EBC84E4B596BCFEE64",
  "goaaats.Reloaded.Assembler.targets": "CC22CB0A353E2136EE9E6E96DB9F7164",
  "Iced.dll": "E08B88D59BCD5ED454B205D82096BA1D",
  "ImGui.NET.dll": "C30D4DC1F8460BEFED613FA09AD3CD35",
  "ImGuiScene.dll": "DFAC86848792EDB0E988FDA16837BED5",
  "JetBrains.Annotations.dll": "F1E7DDA88E94C78D5D7079D5AD1CE233",
  "licenses.txt": "A159BE62AA91178EFC3E3983AE874D1D",
  "Lumina.dll": "E2E2407D4AA9A76388BD21ADA0B771E9",
  "Lumina.Excel.dll": "A48DB91ECFF1DAB75127438F28256F95",
  "Microsoft.Bcl.HashCode.dll": "613AB56061ADF2284E047025207467E0",
  "Microsoft.DotNet.PlatformAbstractions.dll": "00AB0F02B1114C57C758F5AD595224F1",
  "Microsoft.Extensions.DependencyModel.dll": "F39BC76C10CFEA478C936FC4521A9FC9",
  "MinSharp.dll": "66E6B13BE5111E667167A52156C54DEC",
  "Mono.Cecil.dll": "D3A2CB719BEE9779B09E4B21D963934C",
  "Mono.Cecil.Mdb.dll": "A127BBBCC8EC949B0989190E66BBF3CD",
  "Mono.Cecil.Pdb.dll": "A60ECA699537170A34A26AF980C216AA",
  "Mono.Cecil.Rocks.dll": "BE04B8974B1CABA94E4BA9932E6C7513",
  "MonoMod.Backports.dll": "4CE2F15404B0C9DAE421A91B8D7CC8F3",
  "MonoMod.Core.dll": "E1522856A34B62B91DBA4BBEA40DE397",
  "MonoMod.Iced.dll": "9D4821F05BA7601736EECC4E5F3A36D7",
  "MonoMod.ILHelpers.dll": "5D3B96459082F07FAEB463EBD95A2751",
  "MonoMod.RuntimeDetour.dll": "C38886B5A41608364B024651CF61CBB3",
  "MonoMod.Utils.dll": "FEF10495F8803AE90CDD1773534EF778",
  "nethost.dll": "012081214FE71F0F6ADCD9F4A71B2B00",
  "Newtonsoft.Json.dll": "86A83A63F12B55FD3718CFBFB577D7DC",
  "PeNet.Asn1.dll": "E613DC4929A4DCBECF83702643C478CF",
  "PeNet.dll": "F381BD084991A67237AA44D56EFEB85E",
  "PInvoke.AdvApi32.dll": "34EE461D05B403C3A15D0DEC32A3788C",
  "PInvoke.BCrypt.dll": "FD07758EE1440491F22923084109FF26",
  "PInvoke.Cabinet.dll": "333D950E3804735DA60CC41D614C63E2",
  "PInvoke.CfgMgr32.dll": "768BE7CC18EDCF78B296A72ABE891691",
  "PInvoke.Crypt32.dll": "E7B00B0851738F4A7F2C6D37DAA973B4",
  "PInvoke.DbgHelp.dll": "E701136169620D20E3A70B560DE20E44",
  "PInvoke.DwmApi.dll": "ACF223CC8962404056648815B486F7D9",
  "PInvoke.Gdi32.dll": "69FF434826F98582CE44D3136ECFFACB",
  "PInvoke.Hid.dll": "2E7A41257F8AD9B26073181F450CD8E5",
  "PInvoke.ImageHlp.dll": "79BE816E8D86EA66489D7780DD675D49",
  "PInvoke.IPHlpApi.dll": "E949FA3326D1BA8872B179AB4EE49D38",
  "PInvoke.Kernel32.dll": "234E15B122ED430DE99490CA1A204958",
  "PInvoke.Magnification.dll": "C9EA3D34F506741ECC044DB19C151F09",
  "PInvoke.Msi.dll": "69EE50CE2DA6B55755E52589F49A7EBC",
  "PInvoke.NCrypt.dll": "DA1DE76C14D99370CA3BEF19DC299B15",
  "PInvoke.NetApi32.dll": "AE79F9FA2E3864A5E0642AE4622ECDC5",
  "PInvoke.NewDev.dll": "B3E1992105D986EF9C5C8E4B630FBB07",
  "PInvoke.NTDll.dll": "3F6BDF840EB27DD0FD9EB8071822183A",
  "PInvoke.Ole32.dll": "3C49FB100B60519FFE725BCD12A538F6",
  "PInvoke.Psapi.dll": "A7683EE4B880227F01C8AE632A892B9E",
  "PInvoke.SetupApi.dll": "1B7AE321185D0081D1759A9AD829F9BA",
  "PInvoke.SHCore.dll": "F27E7F063D51480F6D2294C903E4A606",
  "PInvoke.Shell32.dll": "F71A1BCAF6478190691170DAEA77722F",
  "PInvoke.User32.dll": "8BEDE38311ED4F27127290B81B8079FD",
  "PInvoke.Userenv.dll": "FEB7BCA90B8C905EC2F4BB0789847131",
  "PInvoke.UxTheme.dll": "8E683C016250CB719FDB9AAAFC22B3C5",
  "PInvoke.Windows.Core.dll": "90015440A44935208FFEA9BF61740651",
  "PInvoke.Windows.ShellScalingApi.dll": "F351B34B8C9183A51CADFDC279357C49",
  "PInvoke.WinUsb.dll": "9EB8A0280F2848D1A32B560A939F7336",
  "PInvoke.WtsApi32.dll": "341C94455D2E5893DBE4293D4D67AA4D",
  "Reloaded.Assembler.dll": "CA8C46FA525442B456D70566AA81D213",
  "Reloaded.Hooks.Definitions.dll": "37F1607AC03BC4DBDE6CF820B1EF8F7C",
  "Reloaded.Hooks.dll": "562EB2DE1CB47DBA3F8D09EC725288D1",
  "Reloaded.Memory.Buffers.dll": "6CD4630DF38E055C9912563792B38A6D",
  "Reloaded.Memory.dll": "5E9E18A30FF59F4AB718BB5B46502B8B",
  "revision.txt": "8FC983A91396319D8C394084E2D749D7",
  "SDL2-CS.config": "65557595FD5DF55D93B2BF881DE62C3A",
  "SDL2-CS.dll": "A42D94D6601D3E67EA380525F7A7BEAA",
  "Serilog.dll": "54A41329A76906B0EAF934B5FF19551E",
  "Serilog.Sinks.Async.dll": "51BFD670529881045BDED986BCB10721",
  "Serilog.Sinks.Console.dll": "6A787343C7DAE25FD8E5AC2F7BE22BD9",
  "Serilog.Sinks.File.dll": "85D496DAB8A998A32BBE2F5FC7FB9BD7",
  "SharpDX.Direct3D11.dll": "8048DBCBB8D13211183E03C516B95743",
  "SharpDX.dll": "7CE82034A2148E7DB031CA934825B5C9",
  "SharpDX.DXGI.dll": "290955EEDAE72C8E0EAC5700A0F57879",
  "SharpDX.Mathematics.dll": "5CFBFCB50A15118F9C967498073DCD7B",
  "Silk.NET.Core.dll": "5E14C0E238DA37E3170F2CFF832C1190",
  "Silk.NET.GLFW.dll": "9AB44F1AD19D1E212D238BFDF9A2189B",
  "Silk.NET.Maths.dll": "13EFCBEE67C8B2D560012D7242F4E38E",
  "Silk.NET.OpenGL.dll": "4ED561A3C33E55F7C02C5AF3CA5C477A",
  "Silk.NET.SDL.dll": "9601AF60731C6E4580579BBB1A8A448E",
  "Silk.NET.Windowing.Common.dll": "FD6FC7EFF610D3CCC8A1AF17BB8922F7",
  "Silk.NET.Windowing.Glfw.dll": "95F09D76CBB9097789303275F3D356F1",
  "Silk.NET.Windowing.Sdl.dll": "0307475E028C83ED4D4448594336A740",
  "SQLite-net.dll": "1EC0D45A57CF692471A67B8EAB062AA6",
  "SQLitePCLRaw.batteries_v2.dll": "7CDAA6593707BC4D0D9B8FEF8E6890F8",
  "SQLitePCLRaw.core.dll": "5AD4AB3CD05C73916A38773A8A693985",
  "SQLitePCLRaw.nativelibrary.dll": "8F7E8C9D61B411AEE6918121284BA487",
  "SQLitePCLRaw.provider.dynamic_cdecl.dll": "31E684E6538E1186CBEE0EBD5B910085",
  "StbiSharp.dll": "B246E24D71B4831823554B209F218A82",
  "System.Reactive.dll": "EF5A00287AD15393D41B12AA4B726FF7",
  "System.Reflection.MetadataLoadContext.dll": "7EC41D41F4E1246757BA3E2EC862D562",
  "System.Security.Cryptography.Pkcs.dll": "8950E01996A37E808BE3F39063C37BF9",
  "TEMP_gitver.txt": "26E9F1AA09295F47E0DA3D9E7233CC78",
  "Validation.dll": "2A583A6CE2CB69A382CD9233E6CC6AD0"
}
