{
  "runtimes\\alpine-x64\\native\\libe_sqlite3.so": "39C244FEDBCD3DFC37041D4FCE1AE21D",
  "runtimes\\linux-arm\\native\\libe_sqlite3.so": "96CF54BC0EFB83D6E3F5F3E04997A59D",
  "runtimes\\linux-arm64\\native\\libe_sqlite3.so": "F079E55E7F3F9966A4A2052A3234E068",
  "runtimes\\linux-armel\\native\\libe_sqlite3.so": "C5A67D49434FC65D64E9C15778078C76",
  "runtimes\\linux-mips64\\native\\libe_sqlite3.so": "5F8461214089CFC677D46C19B7162161",
  "runtimes\\linux-musl-x64\\native\\libe_sqlite3.so": "39C244FEDBCD3DFC37041D4FCE1AE21D",
  "runtimes\\linux-x64\\native\\libe_sqlite3.so": "6F49C540D3AB9964D67A4A704C3D262D",
  "runtimes\\linux-x64\\native\\libglfw.so.3": "9E3137144F68B9E9793F4C7AD5B1BEA7",
  "runtimes\\linux-x64\\native\\libSDL2-2.0.so": "99B95A708381FC66AB2370E45A260527",
  "runtimes\\linux-x64\\native\\libstbi.so": "0945355ED59677D06E3E88F48101BB26",
  "runtimes\\linux-x86\\native\\libe_sqlite3.so": "5E0659B414CBD6DDC38C65582485853E",
  "runtimes\\osx-x64\\native\\libe_sqlite3.dylib": "F82AE134FCD1C080A69D775591406673",
  "runtimes\\osx-x64\\native\\libglfw.3.dylib": "1E30FAB2F0C40E82290AD4B0BF14A880",
  "runtimes\\osx-x64\\native\\libSDL2-2.0.dylib": "AAC958490586C67395F0A90903AE3747",
  "runtimes\\osx-x64\\native\\libstbi.dylib": "0B84B0A6A80178266018081C3CAB68E6",
  "runtimes\\win-arm\\native\\e_sqlite3.dll": "0725D7F48B88E2C3907B1F1866F296CC",
  "runtimes\\win-arm64\\native\\e_sqlite3.dll": "D666D41875FFC063800EB032273F643F",
  "runtimes\\win-x64\\native\\cimgui.dll": "273FAD9F9987E2EBA77F4CDAA15FCF51",
  "runtimes\\win-x64\\native\\cimguizmo.dll": "1193EE2EE508AA6550DF76A3003736D6",
  "runtimes\\win-x64\\native\\cimplot.dll": "1E952C9B8BEEA2524893295ED533D10F",
  "runtimes\\win-x64\\native\\e_sqlite3.dll": "EBACB7B119508E3C29D87369BC54EDE3",
  "runtimes\\win-x64\\native\\glfw3.dll": "35ECC8F06D874B7BCEAAF84B68CF0331",
  "runtimes\\win-x64\\native\\minhook.x64d.dll": "BD1169A2B41E0933908D7328F9AAB3AE",
  "runtimes\\win-x64\\native\\SDL2.dll": "FA2C8930BB5FBE5FE59FB507B478A0F7",
  "runtimes\\win-x64\\native\\stbi.dll": "5F5326E389E96BF1BDDDFBB6B18BAF47",
  "runtimes\\win-x64\\native\\stbi.lib": "927C214DE576219E1F80DBE7798A0502",
  "runtimes\\win-x86\\native\\e_sqlite3.dll": "B3AFA4086448B942E7996D5EE54391D5",
  "runtimes\\win-x86\\native\\glfw3.dll": "F00B3FA7445C2A31FA761742C6B6A01B",
  "runtimes\\win-x86\\native\\SDL2.dll": "9DB9BA77F7A6AC34BFD16A1E40CC1534",
  "targets\\Dalamud.Plugin.Bootstrap.targets": "C85635161398CD9852CF7212DB7EB904",
  "targets\\Dalamud.Plugin.targets": "E2AA900DB1F6596D1C203D4112A10F5E",
  "CheapLoc.dll": "2D326CC59317CC0F43ED289A0EBCC098",
  "Costura.dll": "A6060BE8C4521B745DD3E11A00244033",
  "Dalamud.Boot.dll": "72552E7C8F555AE3E089F920AEAA1159",
  "Dalamud.Common.dll": "C0335C93C800DA5FBDC581B1B4E0B3E0",
  "Dalamud.deps.json": "FB9CE5ED119DC72AA6FCD7A13B9CB96A",
  "Dalamud.dll": "302611C382CB9CB1E8671859493442AE",
  "Dalamud.Injector.deps.json": "C1FA0941DC8B38E415776C60C508AAB9",
  "Dalamud.Injector.dll": "7AE660CBDA0CC038B1F0077D65ED756E",
  "Dalamud.Injector.exe": "69FBBC961993499D6EB7E93CBE14C1F2",
  "Dalamud.Injector.runtimeconfig.json": "B9BB65FFE7924D4D8BABE9FA66303200",
  "Dalamud.Injector.xml": "D41E5DF541D19A015215E777D7395C9C",
  "Dalamud.runtimeconfig.json": "2A9CD915428BDD175E0889BD0C225F75",
  "Dalamud.xml": "CEDD038EBD288873F91F9867A2F043FA",
  "DalamudCrashHandler.exe": "02600CE3E60DBF70449B3AB0353575F5",
  "FASM-LICENSE.TXT": "ECEA1D10811221D5F0A3E96F9C38E2C7",
  "FASM.DLL": "DF7A0734248E481F3BF496466FF0C59F",
  "FASMX64.DLL": "FD6EE31F8C5DE2B23F51BC243AC3AE0B",
  "FFXIVClientStructs.dll": "6AC8C4646D0D7EDA07F8AE0EFFBD8267",
  "FFXIVClientStructs.xml": "E19E8A3769165D4C4159D276B5CDEF57",
  "goaaats.Reloaded.Assembler.targets": "CC22CB0A353E2136EE9E6E96DB9F7164",
  "Iced.dll": "7E6AFE41EE6F78E78E00C030199828DF",
  "ImGui.NET.dll": "F5EAAFD81AB817076319CE900B05CD75",
  "ImGuiScene.dll": "B96323A53FA02ED659D0D3F15982CD08",
  "JetBrains.Annotations.dll": "6A7ED565C0618F72C66B3D27B52CC002",
  "licenses.txt": "A159BE62AA91178EFC3E3983AE874D1D",
  "Lumina.dll": "89DB69381EBD985374CAC3704DB3B778",
  "Lumina.Excel.dll": "E5C51D1EC064FD980D325A3F5EA0F6DE",
  "Microsoft.Bcl.HashCode.dll": "613AB56061ADF2284E047025207467E0",
  "Microsoft.DotNet.PlatformAbstractions.dll": "00AB0F02B1114C57C758F5AD595224F1",
  "Microsoft.Extensions.DependencyModel.dll": "F39BC76C10CFEA478C936FC4521A9FC9",
  "Microsoft.Extensions.ObjectPool.dll": "FEE3CE8A84417360CC5ED787ED6F7DB1",
  "MinSharp.dll": "979DCC4902C7DDD46262264CD3E3A32C",
  "Mono.Cecil.dll": "CB43C7CDA591C5767395FA95713A5073",
  "Mono.Cecil.Mdb.dll": "4A0F744910ABB5AD3CFCE77B51F5775D",
  "Mono.Cecil.Pdb.dll": "428F6E5402E52DAB9E7162D588536B34",
  "Mono.Cecil.Rocks.dll": "1687DFA3A938920D5B40F8B12296FF51",
  "nethost.dll": "012081214FE71F0F6ADCD9F4A71B2B00",
  "Newtonsoft.Json.dll": "86A83A63F12B55FD3718CFBFB577D7DC",
  "PeNet.Asn1.dll": "9EA031CA8E50C5412EEB4FC17A64A3A7",
  "PeNet.dll": "7D3D5102B9CC123D8AEAE2748A4879BB",
  "PInvoke.AdvApi32.dll": "34EE461D05B403C3A15D0DEC32A3788C",
  "PInvoke.BCrypt.dll": "FD07758EE1440491F22923084109FF26",
  "PInvoke.Cabinet.dll": "333D950E3804735DA60CC41D614C63E2",
  "PInvoke.CfgMgr32.dll": "768BE7CC18EDCF78B296A72ABE891691",
  "PInvoke.Crypt32.dll": "E7B00B0851738F4A7F2C6D37DAA973B4",
  "PInvoke.DbgHelp.dll": "E701136169620D20E3A70B560DE20E44",
  "PInvoke.DwmApi.dll": "ACF223CC8962404056648815B486F7D9",
  "PInvoke.Gdi32.dll": "69FF434826F98582CE44D3136ECFFACB",
  "PInvoke.Hid.dll": "2E7A41257F8AD9B26073181F450CD8E5",
  "PInvoke.ImageHlp.dll": "79BE816E8D86EA66489D7780DD675D49",
  "PInvoke.IPHlpApi.dll": "E949FA3326D1BA8872B179AB4EE49D38",
  "PInvoke.Kernel32.dll": "234E15B122ED430DE99490CA1A204958",
  "PInvoke.Magnification.dll": "C9EA3D34F506741ECC044DB19C151F09",
  "PInvoke.Msi.dll": "69EE50CE2DA6B55755E52589F49A7EBC",
  "PInvoke.NCrypt.dll": "DA1DE76C14D99370CA3BEF19DC299B15",
  "PInvoke.NetApi32.dll": "AE79F9FA2E3864A5E0642AE4622ECDC5",
  "PInvoke.NewDev.dll": "B3E1992105D986EF9C5C8E4B630FBB07",
  "PInvoke.NTDll.dll": "3F6BDF840EB27DD0FD9EB8071822183A",
  "PInvoke.Ole32.dll": "3C49FB100B60519FFE725BCD12A538F6",
  "PInvoke.Psapi.dll": "A7683EE4B880227F01C8AE632A892B9E",
  "PInvoke.SetupApi.dll": "1B7AE321185D0081D1759A9AD829F9BA",
  "PInvoke.SHCore.dll": "F27E7F063D51480F6D2294C903E4A606",
  "PInvoke.Shell32.dll": "F71A1BCAF6478190691170DAEA77722F",
  "PInvoke.User32.dll": "8BEDE38311ED4F27127290B81B8079FD",
  "PInvoke.Userenv.dll": "FEB7BCA90B8C905EC2F4BB0789847131",
  "PInvoke.UxTheme.dll": "8E683C016250CB719FDB9AAAFC22B3C5",
  "PInvoke.Windows.Core.dll": "90015440A44935208FFEA9BF61740651",
  "PInvoke.Windows.ShellScalingApi.dll": "F351B34B8C9183A51CADFDC279357C49",
  "PInvoke.WinUsb.dll": "9EB8A0280F2848D1A32B560A939F7336",
  "PInvoke.WtsApi32.dll": "341C94455D2E5893DBE4293D4D67AA4D",
  "Reloaded.Assembler.dll": "F180BBB3F372A1643070EF71F2C8DF2C",
  "Reloaded.Hooks.Definitions.dll": "A4A1E28EEDB37300160BE241AEB515AA",
  "Reloaded.Hooks.dll": "43174E7B00D60037099134836BBB88C6",
  "Reloaded.Memory.Buffers.dll": "9F3CE99CA53FD25DAF4E30C16D9BE785",
  "Reloaded.Memory.dll": "0FDF6F9D42CBB107C54079EC23BE66A9",
  "revision.txt": "427E3427C5F38A41BB9CB26525B22FBA",
  "SDL2-CS.config": "65557595FD5DF55D93B2BF881DE62C3A",
  "SDL2-CS.dll": "8B328C76FB8150861613A617E9F538BB",
  "Serilog.dll": "9D8B62FFED65162AED9235EF8A72FF87",
  "Serilog.Sinks.Async.dll": "165CB91B7AF60CD2132BFE4F7866F1D7",
  "Serilog.Sinks.Console.dll": "0777C231676C5B6BB882F4D5BBC9A259",
  "Serilog.Sinks.File.dll": "EDF3BBB7B323BFA83DF4376C85E3322C",
  "SharpDX.Direct3D11.dll": "71819C0D6806B07B213F636B186EC8D2",
  "SharpDX.dll": "4970317F09BFDBA9ADAC1CBDB0A20902",
  "SharpDX.DXGI.dll": "DAE48A9A3C28346746BC58A5740E0C75",
  "SharpDX.Mathematics.dll": "BC8754F01759988A07CFF3D54152E8E7",
  "Silk.NET.Core.dll": "49ACA790A96A6392D8D3E61C15949C19",
  "Silk.NET.GLFW.dll": "8C83EB06DAF9B22879DED84F508347E1",
  "Silk.NET.Maths.dll": "17601EB44BCD2356775817C48B91FA0A",
  "Silk.NET.OpenGL.dll": "1AD862906504B78983EE7A6E8242260A",
  "Silk.NET.SDL.dll": "31E692EEE9767D8F62FD38FA8B3DE711",
  "Silk.NET.Windowing.Common.dll": "69DD969A5637A955FB725DFF9FF41280",
  "Silk.NET.Windowing.Glfw.dll": "BC9630C62CE429F52448865C39B6C894",
  "Silk.NET.Windowing.Sdl.dll": "E2A674260EA56D0A71317D8AD4E13935",
  "SQLite-net.dll": "B83328E8BA2D5CD3BE92FCC581DD7640",
  "SQLitePCLRaw.batteries_v2.dll": "5E8778902D0377FE12183B3C3A7C3C26",
  "SQLitePCLRaw.core.dll": "4A4615BC054640097CC2248B229DCA2D",
  "SQLitePCLRaw.nativelibrary.dll": "F20BFCAF9F03A9DB573B9862EE1FB451",
  "SQLitePCLRaw.provider.dynamic_cdecl.dll": "4FEC33B27C66F3897ACBDF0EEE8FFBCB",
  "StbiSharp.dll": "89DAC29401B2C347EE463F26D23AAC18",
  "System.Reactive.dll": "EF5A00287AD15393D41B12AA4B726FF7",
  "System.Reflection.MetadataLoadContext.dll": "7EC41D41F4E1246757BA3E2EC862D562",
  "System.Security.Cryptography.Pkcs.dll": "8950E01996A37E808BE3F39063C37BF9",
  "TEMP_gitver.txt": "92951CD75EEFA746D799F773D8BD9138",
  "TerraFX.Interop.Windows.dll": "84F7EF6B0DE91F8CC23F773D3FD6DEC0",
  "Validation.dll": "1B342C8C30FE6C98AAB8EEA13C90FD6A"
}
