{
  "runtimes\\alpine-x64\\native\\libe_sqlite3.so": "39C244FEDBCD3DFC37041D4FCE1AE21D",
  "runtimes\\linux-arm\\native\\libe_sqlite3.so": "96CF54BC0EFB83D6E3F5F3E04997A59D",
  "runtimes\\linux-arm64\\native\\libe_sqlite3.so": "F079E55E7F3F9966A4A2052A3234E068",
  "runtimes\\linux-armel\\native\\libe_sqlite3.so": "C5A67D49434FC65D64E9C15778078C76",
  "runtimes\\linux-mips64\\native\\libe_sqlite3.so": "5F8461214089CFC677D46C19B7162161",
  "runtimes\\linux-musl-x64\\native\\libe_sqlite3.so": "39C244FEDBCD3DFC37041D4FCE1AE21D",
  "runtimes\\linux-x64\\native\\libe_sqlite3.so": "6F49C540D3AB9964D67A4A704C3D262D",
  "runtimes\\linux-x64\\native\\libglfw.so.3": "9E3137144F68B9E9793F4C7AD5B1BEA7",
  "runtimes\\linux-x64\\native\\libSDL2-2.0.so": "99B95A708381FC66AB2370E45A260527",
  "runtimes\\linux-x64\\native\\libstbi.so": "0945355ED59677D06E3E88F48101BB26",
  "runtimes\\linux-x86\\native\\libe_sqlite3.so": "5E0659B414CBD6DDC38C65582485853E",
  "runtimes\\osx-x64\\native\\libe_sqlite3.dylib": "F82AE134FCD1C080A69D775591406673",
  "runtimes\\osx-x64\\native\\libglfw.3.dylib": "1E30FAB2F0C40E82290AD4B0BF14A880",
  "runtimes\\osx-x64\\native\\libSDL2-2.0.dylib": "AAC958490586C67395F0A90903AE3747",
  "runtimes\\osx-x64\\native\\libstbi.dylib": "0B84B0A6A80178266018081C3CAB68E6",
  "runtimes\\win-arm\\native\\e_sqlite3.dll": "424190067665CC5432023471CE92A458",
  "runtimes\\win-arm64\\native\\e_sqlite3.dll": "CE5BB4D31C06724327FD13C96F59E1B5",
  "runtimes\\win-x64\\native\\cimgui.dll": "FF032BC82DA29525FCDEE784ED482B5E",
  "runtimes\\win-x64\\native\\cimguizmo.dll": "A1DCA9D453A1FEFA2413C3FCC5443D0C",
  "runtimes\\win-x64\\native\\cimplot.dll": "157C6472D22BE848F7D0FF2F47C3DAF5",
  "runtimes\\win-x64\\native\\e_sqlite3.dll": "35940E7649C2B5DF29A45E6A799958F7",
  "runtimes\\win-x64\\native\\glfw3.dll": "EDBB879ED350D4190E0E76D6651B30A9",
  "runtimes\\win-x64\\native\\minhook.x64d.dll": "72C5826A26A2F1176A118AB099C41F69",
  "runtimes\\win-x64\\native\\SDL2.dll": "87091C93F16EAB4B2F5B285317E7123C",
  "runtimes\\win-x64\\native\\stbi.dll": "75CC8360A6CCCA704FD5D0BA9297B7F6",
  "runtimes\\win-x64\\native\\stbi.lib": "927C214DE576219E1F80DBE7798A0502",
  "runtimes\\win-x86\\native\\e_sqlite3.dll": "87EAAFD97BB08FAA2517C6F31D154EB0",
  "runtimes\\win-x86\\native\\glfw3.dll": "72E27C58A2849787C4A7518FC938B84C",
  "runtimes\\win-x86\\native\\SDL2.dll": "08A54A4606CE6B4A652D17E1BBF23DD3",
  "targets\\Dalamud.Plugin.Bootstrap.targets": "C85635161398CD9852CF7212DB7EB904",
  "targets\\Dalamud.Plugin.targets": "E2AA900DB1F6596D1C203D4112A10F5E",
  "CheapLoc.dll": "8BC6D6CBA70F1E57D5D724BA99F2B1EA",
  "Costura.dll": "843AFF75C4FC30E3AED1EADA8C02B737",
  "Dalamud.Boot.dll": "F9A623810628CFD0C0FF4B9B81442A16",
  "Dalamud.Common.dll": "CB4C15607E236445615038F625E67C30",
  "Dalamud.deps.json": "53BE8D00F2198DD9B3D5B4C8FBC4B098",
  "Dalamud.dll": "F4A3C0C0F9B984C65D23214C268ED7EB",
  "Dalamud.Injector.deps.json": "C1FA0941DC8B38E415776C60C508AAB9",
  "Dalamud.Injector.dll": "472DC2722938429C233E8B28E06498F5",
  "Dalamud.Injector.exe": "5432BA8E916AC76AE3FF78F7C1F5275D",
  "Dalamud.Injector.runtimeconfig.json": "B9BB65FFE7924D4D8BABE9FA66303200",
  "Dalamud.Injector.xml": "D41E5DF541D19A015215E777D7395C9C",
  "Dalamud.runtimeconfig.json": "2A9CD915428BDD175E0889BD0C225F75",
  "Dalamud.xml": "803B5A33AEAADD568159FD78811331EC",
  "DalamudCrashHandler.exe": "D7EBAF2FDEEC3CBAA36C5024E557C2AB",
  "FASM-LICENSE.TXT": "ECEA1D10811221D5F0A3E96F9C38E2C7",
  "FASM.DLL": "9D42C7A50203BFDC11234B4FD85EAD55",
  "FASMX64.DLL": "9C57958DE9442A69ABF8C762028A34A4",
  "FFXIVClientStructs.dll": "CCBC0FF9EDE9936E0846010EF4F62244",
  "FFXIVClientStructs.xml": "39D682805E3B23E9193A8220A5DF19AE",
  "goaaats.Reloaded.Assembler.targets": "CC22CB0A353E2136EE9E6E96DB9F7164",
  "Iced.dll": "85C60BDC96A6B2B726607B4A7DC595A1",
  "ImGui.NET.dll": "7C8C48D69EE648EA40873DE88883F213",
  "ImGuiScene.dll": "9A920F9FAE63A9FF368696A61A0D4BC0",
  "JetBrains.Annotations.dll": "833077D110A44006BDCE2116EF480764",
  "licenses.txt": "A159BE62AA91178EFC3E3983AE874D1D",
  "Lumina.dll": "842BA8F41693DA44914973CD2B23C554",
  "Lumina.Excel.dll": "12AB8C41B9108C2DFBB38C50572854B1",
  "Microsoft.Bcl.HashCode.dll": "613AB56061ADF2284E047025207467E0",
  "Microsoft.DotNet.PlatformAbstractions.dll": "00AB0F02B1114C57C758F5AD595224F1",
  "Microsoft.Extensions.DependencyModel.dll": "F39BC76C10CFEA478C936FC4521A9FC9",
  "Microsoft.Extensions.ObjectPool.dll": "4EEE3E64BE561711391BF998FFBF65D3",
  "MinSharp.dll": "41695D14CB2C9E20C71535AFE5BE13A9",
  "Mono.Cecil.dll": "7B482080922B8F1C1596A59B464D9A07",
  "Mono.Cecil.Mdb.dll": "D688E50E900A110A09D811330DE0EC3D",
  "Mono.Cecil.Pdb.dll": "4DC65023A4BA4BEE7024140DFBB939D2",
  "Mono.Cecil.Rocks.dll": "FA8BD97B75DAC4796F4F8E0E354CE00B",
  "nethost.dll": "012081214FE71F0F6ADCD9F4A71B2B00",
  "Newtonsoft.Json.dll": "86A83A63F12B55FD3718CFBFB577D7DC",
  "PeNet.Asn1.dll": "E796D40EECD2A00100E0A86093EB7A6B",
  "PeNet.dll": "E9AE688F39AADCF2B1EF78D4A3DF0D5D",
  "PInvoke.AdvApi32.dll": "34EE461D05B403C3A15D0DEC32A3788C",
  "PInvoke.BCrypt.dll": "FD07758EE1440491F22923084109FF26",
  "PInvoke.Cabinet.dll": "333D950E3804735DA60CC41D614C63E2",
  "PInvoke.CfgMgr32.dll": "768BE7CC18EDCF78B296A72ABE891691",
  "PInvoke.Crypt32.dll": "E7B00B0851738F4A7F2C6D37DAA973B4",
  "PInvoke.DbgHelp.dll": "E701136169620D20E3A70B560DE20E44",
  "PInvoke.DwmApi.dll": "ACF223CC8962404056648815B486F7D9",
  "PInvoke.Gdi32.dll": "69FF434826F98582CE44D3136ECFFACB",
  "PInvoke.Hid.dll": "2E7A41257F8AD9B26073181F450CD8E5",
  "PInvoke.ImageHlp.dll": "79BE816E8D86EA66489D7780DD675D49",
  "PInvoke.IPHlpApi.dll": "E949FA3326D1BA8872B179AB4EE49D38",
  "PInvoke.Kernel32.dll": "234E15B122ED430DE99490CA1A204958",
  "PInvoke.Magnification.dll": "C9EA3D34F506741ECC044DB19C151F09",
  "PInvoke.Msi.dll": "69EE50CE2DA6B55755E52589F49A7EBC",
  "PInvoke.NCrypt.dll": "DA1DE76C14D99370CA3BEF19DC299B15",
  "PInvoke.NetApi32.dll": "AE79F9FA2E3864A5E0642AE4622ECDC5",
  "PInvoke.NewDev.dll": "B3E1992105D986EF9C5C8E4B630FBB07",
  "PInvoke.NTDll.dll": "3F6BDF840EB27DD0FD9EB8071822183A",
  "PInvoke.Ole32.dll": "3C49FB100B60519FFE725BCD12A538F6",
  "PInvoke.Psapi.dll": "A7683EE4B880227F01C8AE632A892B9E",
  "PInvoke.SetupApi.dll": "1B7AE321185D0081D1759A9AD829F9BA",
  "PInvoke.SHCore.dll": "F27E7F063D51480F6D2294C903E4A606",
  "PInvoke.Shell32.dll": "F71A1BCAF6478190691170DAEA77722F",
  "PInvoke.User32.dll": "8BEDE38311ED4F27127290B81B8079FD",
  "PInvoke.Userenv.dll": "FEB7BCA90B8C905EC2F4BB0789847131",
  "PInvoke.UxTheme.dll": "8E683C016250CB719FDB9AAAFC22B3C5",
  "PInvoke.Windows.Core.dll": "90015440A44935208FFEA9BF61740651",
  "PInvoke.Windows.ShellScalingApi.dll": "F351B34B8C9183A51CADFDC279357C49",
  "PInvoke.WinUsb.dll": "9EB8A0280F2848D1A32B560A939F7336",
  "PInvoke.WtsApi32.dll": "341C94455D2E5893DBE4293D4D67AA4D",
  "Reloaded.Assembler.dll": "72ED4A0B6860F4D84831AD884D99C51F",
  "Reloaded.Hooks.Definitions.dll": "0BE9CF1F1E4AEC9F5030B97A68F415C8",
  "Reloaded.Hooks.dll": "841EB1CB9FEECA2480A0A50A04EF257B",
  "Reloaded.Memory.Buffers.dll": "0AB952D74F4C196A6B6986BACFAE5466",
  "Reloaded.Memory.dll": "07AE263254B9FC81F462B6565BA0BE86",
  "revision.txt": "C36B1132AC829ECE87DDA55D77AC06A4",
  "SDL2-CS.config": "65557595FD5DF55D93B2BF881DE62C3A",
  "SDL2-CS.dll": "EC801B4E75394CA7B7007B6D5C4AD6AC",
  "Serilog.dll": "DCE44BCDABCA16B9A9E387FC1BD25BA0",
  "Serilog.Sinks.Async.dll": "ABA915A31CE2B308096EEA5E6A36B0BD",
  "Serilog.Sinks.Console.dll": "50975DB541F145E9D14C007E27891281",
  "Serilog.Sinks.File.dll": "2B0CD5376B80117978F66C387D74EE1C",
  "SharpDX.Direct3D11.dll": "2065D0FF11D4C84F790F4863CCF251AD",
  "SharpDX.dll": "060A71D261CF9C73B35F34CD96FCCEDC",
  "SharpDX.DXGI.dll": "D99AF3890C4B6DFAF48FB0F19840654B",
  "SharpDX.Mathematics.dll": "7F1C683EFF6E5F18B3AB60D0C201392A",
  "Silk.NET.Core.dll": "12F8CCFCEA792C17297FACAFCDE05D99",
  "Silk.NET.GLFW.dll": "3A6F1CEDD510EDE8AEC94AE09C2FE4FD",
  "Silk.NET.Maths.dll": "9888869A3FFB9F8A0B86B89300EAC1E9",
  "Silk.NET.OpenGL.dll": "AF1383416E90D66A2C6E706D4F7BC021",
  "Silk.NET.SDL.dll": "F8F43F3398D11E2FF6239423D8639A77",
  "Silk.NET.Windowing.Common.dll": "71368CD8CA8C746EF7279D08C1ECF834",
  "Silk.NET.Windowing.Glfw.dll": "802AA39A0AAE87D0FA38F15DB9A2E882",
  "Silk.NET.Windowing.Sdl.dll": "101CE298FF9E5526D7E9634302086664",
  "SQLite-net.dll": "01B45ECAF9ACF9E1CEBA1CA8AEE40E39",
  "SQLitePCLRaw.batteries_v2.dll": "03598C03563A22FC1AD7CC17EEA43FDE",
  "SQLitePCLRaw.core.dll": "EBA6AB39F2A058D32EDFDA0D42B3271B",
  "SQLitePCLRaw.nativelibrary.dll": "7D9A3058AA01BE6A87A01C1022781DA9",
  "SQLitePCLRaw.provider.dynamic_cdecl.dll": "BA6182D883868B9316B55E3EB6447150",
  "StbiSharp.dll": "C3CBB653F9C6E6A02BAB368D5181E515",
  "System.Reactive.dll": "EF5A00287AD15393D41B12AA4B726FF7",
  "System.Reflection.MetadataLoadContext.dll": "7EC41D41F4E1246757BA3E2EC862D562",
  "System.Security.Cryptography.Pkcs.dll": "8950E01996A37E808BE3F39063C37BF9",
  "TEMP_gitver.txt": "7262E6C52D33CD17464F46671FA80165",
  "TerraFX.Interop.Windows.dll": "84F7EF6B0DE91F8CC23F773D3FD6DEC0",
  "Validation.dll": "6E0A09EEC853802B670DA2BA440FAE7D"
}
