{
  "runtimes\\alpine-x64\\native\\libe_sqlite3.so": "39C244FEDBCD3DFC37041D4FCE1AE21D",
  "runtimes\\linux-arm\\native\\libe_sqlite3.so": "96CF54BC0EFB83D6E3F5F3E04997A59D",
  "runtimes\\linux-arm64\\native\\libe_sqlite3.so": "F079E55E7F3F9966A4A2052A3234E068",
  "runtimes\\linux-armel\\native\\libe_sqlite3.so": "C5A67D49434FC65D64E9C15778078C76",
  "runtimes\\linux-mips64\\native\\libe_sqlite3.so": "5F8461214089CFC677D46C19B7162161",
  "runtimes\\linux-musl-x64\\native\\libe_sqlite3.so": "39C244FEDBCD3DFC37041D4FCE1AE21D",
  "runtimes\\linux-x64\\native\\libe_sqlite3.so": "6F49C540D3AB9964D67A4A704C3D262D",
  "runtimes\\linux-x64\\native\\libglfw.so.3": "9E3137144F68B9E9793F4C7AD5B1BEA7",
  "runtimes\\linux-x64\\native\\libSDL2-2.0.so": "99B95A708381FC66AB2370E45A260527",
  "runtimes\\linux-x64\\native\\libstbi.so": "0945355ED59677D06E3E88F48101BB26",
  "runtimes\\linux-x86\\native\\libe_sqlite3.so": "5E0659B414CBD6DDC38C65582485853E",
  "runtimes\\osx-x64\\native\\libe_sqlite3.dylib": "F82AE134FCD1C080A69D775591406673",
  "runtimes\\osx-x64\\native\\libglfw.3.dylib": "1E30FAB2F0C40E82290AD4B0BF14A880",
  "runtimes\\osx-x64\\native\\libSDL2-2.0.dylib": "AAC958490586C67395F0A90903AE3747",
  "runtimes\\osx-x64\\native\\libstbi.dylib": "0B84B0A6A80178266018081C3CAB68E6",
  "runtimes\\win-arm\\native\\e_sqlite3.dll": "1EDC7B50D593084DF4997A9D42B89E72",
  "runtimes\\win-arm64\\native\\e_sqlite3.dll": "EE137743F2E651EE719DFBD31ED22420",
  "runtimes\\win-x64\\native\\cimgui.dll": "E0F6E8541CE24E9A7777B51D216BD1B3",
  "runtimes\\win-x64\\native\\cimguizmo.dll": "6CC3F2F474BE78C9F9851A7063DF95AE",
  "runtimes\\win-x64\\native\\cimplot.dll": "05D10B3B2678D6B612E3B7ABA2F57859",
  "runtimes\\win-x64\\native\\e_sqlite3.dll": "ED3B772A3389A9A10995D25A73F8E78C",
  "runtimes\\win-x64\\native\\glfw3.dll": "4968CA83CC053CF744BE70B7386A5D5F",
  "runtimes\\win-x64\\native\\minhook.x64d.dll": "252AE9D4D2BB692F088B562C1D13B686",
  "runtimes\\win-x64\\native\\SDL2.dll": "B886F89BD47FA22D35EA16EB3C65D10F",
  "runtimes\\win-x64\\native\\stbi.dll": "38BC25857A7A3F7CF278E91605D2BFF8",
  "runtimes\\win-x64\\native\\stbi.lib": "927C214DE576219E1F80DBE7798A0502",
  "runtimes\\win-x86\\native\\e_sqlite3.dll": "80C6317EA98223F1CA7A734CBE4A17D7",
  "runtimes\\win-x86\\native\\glfw3.dll": "84F671056CBAE92204E606656255EF0B",
  "runtimes\\win-x86\\native\\SDL2.dll": "E08FDD067F94A399CB6A598F933B219C",
  "targets\\Dalamud.Plugin.Bootstrap.targets": "C85635161398CD9852CF7212DB7EB904",
  "targets\\Dalamud.Plugin.targets": "DDD731601C06B16E10CF2F8990452A27",
  "BitFaster.Caching.dll": "275C8FA544340E3601398DAE5E0E0368",
  "CheapLoc.dll": "BCE21C7C9D06EFDCDE88ED1801D103D6",
  "Costura.dll": "BFB7240C59E6404AA34A257927ADE747",
  "Dalamud.Boot.dll": "DC98C1AA9D8E9C633C49A739B713EA60",
  "Dalamud.Common.dll": "53BE98FD7FDF451343DB81EB894E0B92",
  "Dalamud.deps.json": "9F3152C5A97A09FD0ACB6A8BFAD1A54B",
  "Dalamud.dll": "4C6085ED773C8329FF3138C6A0368F25",
  "Dalamud.Injector.deps.json": "C1FA0941DC8B38E415776C60C508AAB9",
  "Dalamud.Injector.dll": "A11A71AD858FCFB9BE894924AC6A1FDC",
  "Dalamud.Injector.exe": "0D3D7A0DBD2FC61F198DE6EBF0221423",
  "Dalamud.Injector.runtimeconfig.json": "B9BB65FFE7924D4D8BABE9FA66303200",
  "Dalamud.Injector.xml": "D41E5DF541D19A015215E777D7395C9C",
  "Dalamud.runtimeconfig.json": "2A9CD915428BDD175E0889BD0C225F75",
  "Dalamud.xml": "175AAC3D19AACA111BC0F9A216D6912F",
  "DalamudCrashHandler.exe": "8616BA4EFE3800B1B7EB959C6826FBC1",
  "FASM-LICENSE.TXT": "ECEA1D10811221D5F0A3E96F9C38E2C7",
  "FASM.DLL": "C6002124C125DD6571098EB66E51DBBD",
  "FASMX64.DLL": "57D33C345FA3A9581B596044A9767CBF",
  "FFXIVClientStructs.dll": "7F81A5B6F845EA296D4114A3C8C37068",
  "FFXIVClientStructs.xml": "AE73288A6F59C31F571859B70C9A72DB",
  "goaaats.Reloaded.Assembler.targets": "CC22CB0A353E2136EE9E6E96DB9F7164",
  "Iced.dll": "8DACA66517FF383ABFB951A8C22FABE4",
  "ImGui.NET.dll": "77C1F4E1DBAADBC81A6CD6F338C6A4D3",
  "ImGuiScene.dll": "96540240810A868C46E08780412580E2",
  "InteropGenerator.Runtime.dll": "F4F6C536EA5BC269122733BB263990B8",
  "JetBrains.Annotations.dll": "D2FB536C72D9A1DD7B2EAFDB304E721F",
  "licenses.txt": "A159BE62AA91178EFC3E3983AE874D1D",
  "Lumina.dll": "53A64BFA75CEE59A32F308B51942683D",
  "Lumina.Excel.dll": "967CCA847B54A9FE2E905F79D0047ACA",
  "Microsoft.Bcl.HashCode.dll": "613AB56061ADF2284E047025207467E0",
  "Microsoft.DotNet.PlatformAbstractions.dll": "00AB0F02B1114C57C758F5AD595224F1",
  "Microsoft.Extensions.DependencyModel.dll": "F39BC76C10CFEA478C936FC4521A9FC9",
  "Microsoft.Extensions.ObjectPool.dll": "FEE3CE8A84417360CC5ED787ED6F7DB1",
  "MinSharp.dll": "3AF9115EF32EF7E3E4EAA6BB30362FCC",
  "Mono.Cecil.dll": "9F6BAD75C474077BF7EC029AFA4A2D53",
  "Mono.Cecil.Mdb.dll": "BD4D8109353C8D7689D3B06E6A6D4F2B",
  "Mono.Cecil.Pdb.dll": "1A1764396D8E03B132607FC9569D5657",
  "Mono.Cecil.Rocks.dll": "EE253632276E07B87AA496105864D7BD",
  "nethost.dll": "012081214FE71F0F6ADCD9F4A71B2B00",
  "Newtonsoft.Json.dll": "86A83A63F12B55FD3718CFBFB577D7DC",
  "PeNet.Asn1.dll": "D3593E5ED7C330D267F1CD84B9F8D74D",
  "PeNet.dll": "73D73C5AB5EA5CDD9B4E6A760F9962A5",
  "PInvoke.AdvApi32.dll": "34EE461D05B403C3A15D0DEC32A3788C",
  "PInvoke.BCrypt.dll": "FD07758EE1440491F22923084109FF26",
  "PInvoke.Cabinet.dll": "333D950E3804735DA60CC41D614C63E2",
  "PInvoke.CfgMgr32.dll": "768BE7CC18EDCF78B296A72ABE891691",
  "PInvoke.Crypt32.dll": "E7B00B0851738F4A7F2C6D37DAA973B4",
  "PInvoke.DbgHelp.dll": "E701136169620D20E3A70B560DE20E44",
  "PInvoke.DwmApi.dll": "ACF223CC8962404056648815B486F7D9",
  "PInvoke.Gdi32.dll": "69FF434826F98582CE44D3136ECFFACB",
  "PInvoke.Hid.dll": "2E7A41257F8AD9B26073181F450CD8E5",
  "PInvoke.ImageHlp.dll": "79BE816E8D86EA66489D7780DD675D49",
  "PInvoke.IPHlpApi.dll": "E949FA3326D1BA8872B179AB4EE49D38",
  "PInvoke.Kernel32.dll": "234E15B122ED430DE99490CA1A204958",
  "PInvoke.Magnification.dll": "C9EA3D34F506741ECC044DB19C151F09",
  "PInvoke.Msi.dll": "69EE50CE2DA6B55755E52589F49A7EBC",
  "PInvoke.NCrypt.dll": "DA1DE76C14D99370CA3BEF19DC299B15",
  "PInvoke.NetApi32.dll": "AE79F9FA2E3864A5E0642AE4622ECDC5",
  "PInvoke.NewDev.dll": "B3E1992105D986EF9C5C8E4B630FBB07",
  "PInvoke.NTDll.dll": "3F6BDF840EB27DD0FD9EB8071822183A",
  "PInvoke.Ole32.dll": "3C49FB100B60519FFE725BCD12A538F6",
  "PInvoke.Psapi.dll": "A7683EE4B880227F01C8AE632A892B9E",
  "PInvoke.SetupApi.dll": "1B7AE321185D0081D1759A9AD829F9BA",
  "PInvoke.SHCore.dll": "F27E7F063D51480F6D2294C903E4A606",
  "PInvoke.Shell32.dll": "F71A1BCAF6478190691170DAEA77722F",
  "PInvoke.User32.dll": "8BEDE38311ED4F27127290B81B8079FD",
  "PInvoke.Userenv.dll": "FEB7BCA90B8C905EC2F4BB0789847131",
  "PInvoke.UxTheme.dll": "8E683C016250CB719FDB9AAAFC22B3C5",
  "PInvoke.Windows.Core.dll": "90015440A44935208FFEA9BF61740651",
  "PInvoke.Windows.ShellScalingApi.dll": "F351B34B8C9183A51CADFDC279357C49",
  "PInvoke.WinUsb.dll": "9EB8A0280F2848D1A32B560A939F7336",
  "PInvoke.WtsApi32.dll": "341C94455D2E5893DBE4293D4D67AA4D",
  "Reloaded.Assembler.dll": "E1669144590EB0A791CAF545D372266D",
  "Reloaded.Hooks.Definitions.dll": "231192CE8B392E35264A4A980A4EC0C8",
  "Reloaded.Hooks.dll": "F9A4B0A3A5F96CC1F99C46026D5C4285",
  "Reloaded.Memory.Buffers.dll": "A5EB44B26D2FDB538F571748E3E8F9F6",
  "Reloaded.Memory.dll": "CA91E941DA64E422A5B89DB91F9D4A2F",
  "revision.txt": "130EA938864F051B9A40C85B6A713306",
  "SDL2-CS.config": "65557595FD5DF55D93B2BF881DE62C3A",
  "SDL2-CS.dll": "0AAF96CFE862CB089B9D2C22892B7347",
  "Serilog.dll": "312BD9762CE110ABCBF9ABF08404530B",
  "Serilog.Sinks.Async.dll": "FCC239BF3A4E0A53AFB0E421CC7B1C49",
  "Serilog.Sinks.Console.dll": "5C221151BAB9F83057AFD89135770598",
  "Serilog.Sinks.File.dll": "5F2420DD2430B4A448A570D0D35EF45F",
  "SharpDX.Direct3D11.dll": "978FFB774ADB5A381366B4B626BBC1C5",
  "SharpDX.dll": "B22009EC2045D8BD4560EB7D89D6B837",
  "SharpDX.DXGI.dll": "E92BABCC0505BBB26F115FD24F6AACA8",
  "SharpDX.Mathematics.dll": "4391CAAE88B311FBA17F6D255184C7BD",
  "Silk.NET.Core.dll": "E8FAD9D0E10B9C5CCFF95C2EC9D26E0F",
  "Silk.NET.GLFW.dll": "9EDD406B602B77CAF64206706C049F4A",
  "Silk.NET.Maths.dll": "E96450B3B1E7519B024A3FE2FCA5C4A0",
  "Silk.NET.OpenGL.dll": "C4FFDFE6AB694AF46C0C5C3C076B2498",
  "Silk.NET.SDL.dll": "51CDF7793E81C55585B2598C731BA4F2",
  "Silk.NET.Windowing.Common.dll": "7B56CB5C98D570CCBB97C3FDA52C4F15",
  "Silk.NET.Windowing.Glfw.dll": "57CE460AFDD758DF733C410744363A83",
  "Silk.NET.Windowing.Sdl.dll": "6E68B60236509BDA7E61D7EF769C61E8",
  "SQLite-net.dll": "8C382196C877850AF1411E48BED34EBE",
  "SQLitePCLRaw.batteries_v2.dll": "AA58BC0EA19646DB64B805D9000ADFDC",
  "SQLitePCLRaw.core.dll": "B1AFFC4338C8270C8EBDE59F6A566971",
  "SQLitePCLRaw.nativelibrary.dll": "7CBF35616E27D9A3F7F70B77C827129A",
  "SQLitePCLRaw.provider.dynamic_cdecl.dll": "7B060B7F3B27AD01C8650336DFBC33F1",
  "StbiSharp.dll": "C87742F706900F4A3FF31D9E79917003",
  "System.Reactive.dll": "EF5A00287AD15393D41B12AA4B726FF7",
  "System.Reflection.MetadataLoadContext.dll": "7EC41D41F4E1246757BA3E2EC862D562",
  "System.Security.Cryptography.Pkcs.dll": "8950E01996A37E808BE3F39063C37BF9",
  "TEMP_gitver.txt": "6432A1FC918621A8CAFA783D9B6C830C",
  "TerraFX.Interop.Windows.dll": "84F7EF6B0DE91F8CC23F773D3FD6DEC0",
  "Validation.dll": "3AFF08920EE80A7FD0659AE1BC2CA2AC"
}
