{
  "runtimes\\alpine-x64\\native\\libe_sqlite3.so": "39C244FEDBCD3DFC37041D4FCE1AE21D",
  "runtimes\\linux-arm\\native\\libe_sqlite3.so": "96CF54BC0EFB83D6E3F5F3E04997A59D",
  "runtimes\\linux-arm64\\native\\libe_sqlite3.so": "F079E55E7F3F9966A4A2052A3234E068",
  "runtimes\\linux-armel\\native\\libe_sqlite3.so": "C5A67D49434FC65D64E9C15778078C76",
  "runtimes\\linux-mips64\\native\\libe_sqlite3.so": "5F8461214089CFC677D46C19B7162161",
  "runtimes\\linux-musl-x64\\native\\libe_sqlite3.so": "39C244FEDBCD3DFC37041D4FCE1AE21D",
  "runtimes\\linux-x64\\native\\libe_sqlite3.so": "6F49C540D3AB9964D67A4A704C3D262D",
  "runtimes\\linux-x64\\native\\libglfw.so.3": "9E3137144F68B9E9793F4C7AD5B1BEA7",
  "runtimes\\linux-x64\\native\\libSDL2-2.0.so": "99B95A708381FC66AB2370E45A260527",
  "runtimes\\linux-x64\\native\\libstbi.so": "0945355ED59677D06E3E88F48101BB26",
  "runtimes\\linux-x86\\native\\libe_sqlite3.so": "5E0659B414CBD6DDC38C65582485853E",
  "runtimes\\osx-x64\\native\\libe_sqlite3.dylib": "F82AE134FCD1C080A69D775591406673",
  "runtimes\\osx-x64\\native\\libglfw.3.dylib": "1E30FAB2F0C40E82290AD4B0BF14A880",
  "runtimes\\osx-x64\\native\\libSDL2-2.0.dylib": "AAC958490586C67395F0A90903AE3747",
  "runtimes\\osx-x64\\native\\libstbi.dylib": "0B84B0A6A80178266018081C3CAB68E6",
  "runtimes\\win-arm\\native\\e_sqlite3.dll": "37817517404A210651594FF93EC58E7B",
  "runtimes\\win-arm64\\native\\e_sqlite3.dll": "9B987B46224B0B8BDD76C2370A12C118",
  "runtimes\\win-x64\\native\\cimgui.dll": "8EE5A817D1FC07CA8A55460A1A1BB20E",
  "runtimes\\win-x64\\native\\cimguizmo.dll": "80506D2B8684FF61D368C48C7266851F",
  "runtimes\\win-x64\\native\\cimplot.dll": "81223A0E1106957745FF3B5EBE49F440",
  "runtimes\\win-x64\\native\\e_sqlite3.dll": "78A4C7A4332E8D818AFF9718ECA5A790",
  "runtimes\\win-x64\\native\\glfw3.dll": "CE39CC686A21402182AA6BE5D857EC9F",
  "runtimes\\win-x64\\native\\minhook.x64d.dll": "EDFBC5642452DEE3C5015EEFF5FFE866",
  "runtimes\\win-x64\\native\\SDL2.dll": "002539830D6FB6AAE97863ED8C77E481",
  "runtimes\\win-x64\\native\\stbi.dll": "4A564DC40DC70B3120664127B476A044",
  "runtimes\\win-x64\\native\\stbi.lib": "927C214DE576219E1F80DBE7798A0502",
  "runtimes\\win-x86\\native\\e_sqlite3.dll": "854CDC8CC2F0B00C15191F9B847585DB",
  "runtimes\\win-x86\\native\\glfw3.dll": "6186A372ED02E51CC117DC63DBC446B7",
  "runtimes\\win-x86\\native\\SDL2.dll": "61C47EAB4C7C3D1F17D65CB9849792CB",
  "targets\\Dalamud.Plugin.Bootstrap.targets": "C85635161398CD9852CF7212DB7EB904",
  "targets\\Dalamud.Plugin.targets": "E2AA900DB1F6596D1C203D4112A10F5E",
  "CheapLoc.dll": "64987B023BB141F8F5D246C4310ACAE3",
  "Costura.dll": "A9A41B92FF1949A706AEECB46F4B86B5",
  "Dalamud.Boot.dll": "406C488C904CDB2174820447888CEBF8",
  "Dalamud.Common.dll": "6389FEE035DF2534BE926724FA5B237F",
  "Dalamud.deps.json": "84CA9BDEBF4319BD9CD8A5CC867040D6",
  "Dalamud.dll": "CABB624E28D1EA7DF16334C1E5FD763B",
  "Dalamud.Injector.deps.json": "C1FA0941DC8B38E415776C60C508AAB9",
  "Dalamud.Injector.dll": "B1675B414F90829CD4B3DD18070B62B6",
  "Dalamud.Injector.exe": "98D2A6938460C583E790DF1230A0EAEE",
  "Dalamud.Injector.runtimeconfig.json": "B9BB65FFE7924D4D8BABE9FA66303200",
  "Dalamud.Injector.xml": "D41E5DF541D19A015215E777D7395C9C",
  "Dalamud.runtimeconfig.json": "2A9CD915428BDD175E0889BD0C225F75",
  "Dalamud.xml": "D86BA311744D44DB4292688E2FDFBB80",
  "DalamudCrashHandler.exe": "8D154B87692ADCBA9C2BC2D32E7729DF",
  "FASM-LICENSE.TXT": "ECEA1D10811221D5F0A3E96F9C38E2C7",
  "FASM.DLL": "7C17B07D82CBAD5A7E6907B21C7EF673",
  "FASMX64.DLL": "E3A036D3CA4D9AF84B0FD0573B6A6A6D",
  "FFXIVClientStructs.dll": "27FDB0C41CB5611498584BC168AA9944",
  "FFXIVClientStructs.xml": "107C5C0626723B72D8E194DF12799B5D",
  "goaaats.Reloaded.Assembler.targets": "CC22CB0A353E2136EE9E6E96DB9F7164",
  "Iced.dll": "1CCBBAC47D0EEFC215421C945D8026DF",
  "ImGui.NET.dll": "5A414C3B022B100AAA06D886B60029C9",
  "ImGuiScene.dll": "3D2163F709C02F3781CCF87BEB8122F1",
  "JetBrains.Annotations.dll": "21D3F4EE2212E161222C6DACB383F6B0",
  "licenses.txt": "A159BE62AA91178EFC3E3983AE874D1D",
  "Lumina.dll": "F4640187D889BB042275D52275F0BD62",
  "Lumina.Excel.dll": "29374A098DA3B6000AA01489F8034722",
  "Microsoft.Bcl.HashCode.dll": "613AB56061ADF2284E047025207467E0",
  "Microsoft.DotNet.PlatformAbstractions.dll": "00AB0F02B1114C57C758F5AD595224F1",
  "Microsoft.Extensions.DependencyModel.dll": "F39BC76C10CFEA478C936FC4521A9FC9",
  "Microsoft.Extensions.ObjectPool.dll": "4EEE3E64BE561711391BF998FFBF65D3",
  "MinSharp.dll": "0087488BA9C95CA19B7C74A1462D29E2",
  "Mono.Cecil.dll": "0C1D2F8B340FE388B39FFA267166FA9E",
  "Mono.Cecil.Mdb.dll": "995B6812C43D4DD186A86BCC2D774A45",
  "Mono.Cecil.Pdb.dll": "C0CF151E838AB7D931529C042C88D6BF",
  "Mono.Cecil.Rocks.dll": "5B029FE9E34FD608E71B24B227AD47E0",
  "nethost.dll": "012081214FE71F0F6ADCD9F4A71B2B00",
  "Newtonsoft.Json.dll": "86A83A63F12B55FD3718CFBFB577D7DC",
  "PeNet.Asn1.dll": "8A5AEEBFC308BE4F68C99596BD04A03A",
  "PeNet.dll": "F7C4D77A54EC591D0EBE697D90596036",
  "PInvoke.AdvApi32.dll": "34EE461D05B403C3A15D0DEC32A3788C",
  "PInvoke.BCrypt.dll": "FD07758EE1440491F22923084109FF26",
  "PInvoke.Cabinet.dll": "333D950E3804735DA60CC41D614C63E2",
  "PInvoke.CfgMgr32.dll": "768BE7CC18EDCF78B296A72ABE891691",
  "PInvoke.Crypt32.dll": "E7B00B0851738F4A7F2C6D37DAA973B4",
  "PInvoke.DbgHelp.dll": "E701136169620D20E3A70B560DE20E44",
  "PInvoke.DwmApi.dll": "ACF223CC8962404056648815B486F7D9",
  "PInvoke.Gdi32.dll": "69FF434826F98582CE44D3136ECFFACB",
  "PInvoke.Hid.dll": "2E7A41257F8AD9B26073181F450CD8E5",
  "PInvoke.ImageHlp.dll": "79BE816E8D86EA66489D7780DD675D49",
  "PInvoke.IPHlpApi.dll": "E949FA3326D1BA8872B179AB4EE49D38",
  "PInvoke.Kernel32.dll": "234E15B122ED430DE99490CA1A204958",
  "PInvoke.Magnification.dll": "C9EA3D34F506741ECC044DB19C151F09",
  "PInvoke.Msi.dll": "69EE50CE2DA6B55755E52589F49A7EBC",
  "PInvoke.NCrypt.dll": "DA1DE76C14D99370CA3BEF19DC299B15",
  "PInvoke.NetApi32.dll": "AE79F9FA2E3864A5E0642AE4622ECDC5",
  "PInvoke.NewDev.dll": "B3E1992105D986EF9C5C8E4B630FBB07",
  "PInvoke.NTDll.dll": "3F6BDF840EB27DD0FD9EB8071822183A",
  "PInvoke.Ole32.dll": "3C49FB100B60519FFE725BCD12A538F6",
  "PInvoke.Psapi.dll": "A7683EE4B880227F01C8AE632A892B9E",
  "PInvoke.SetupApi.dll": "1B7AE321185D0081D1759A9AD829F9BA",
  "PInvoke.SHCore.dll": "F27E7F063D51480F6D2294C903E4A606",
  "PInvoke.Shell32.dll": "F71A1BCAF6478190691170DAEA77722F",
  "PInvoke.User32.dll": "8BEDE38311ED4F27127290B81B8079FD",
  "PInvoke.Userenv.dll": "FEB7BCA90B8C905EC2F4BB0789847131",
  "PInvoke.UxTheme.dll": "8E683C016250CB719FDB9AAAFC22B3C5",
  "PInvoke.Windows.Core.dll": "90015440A44935208FFEA9BF61740651",
  "PInvoke.Windows.ShellScalingApi.dll": "F351B34B8C9183A51CADFDC279357C49",
  "PInvoke.WinUsb.dll": "9EB8A0280F2848D1A32B560A939F7336",
  "PInvoke.WtsApi32.dll": "341C94455D2E5893DBE4293D4D67AA4D",
  "Reloaded.Assembler.dll": "E8E9D5F79D9D2254DB6942FEF4E6D91E",
  "Reloaded.Hooks.Definitions.dll": "9C833E1B23144A94FC3876DF2F787D8D",
  "Reloaded.Hooks.dll": "C274DC8D602C40CE36A9AC1DDF5A7C2E",
  "Reloaded.Memory.Buffers.dll": "8E9037EA09C656B57B17B628ACF43027",
  "Reloaded.Memory.dll": "2F54D0C2D170A0FD145C1DCA1FA58B29",
  "revision.txt": "E6CC48E3A8DB9B618592A86A57960164",
  "SDL2-CS.config": "65557595FD5DF55D93B2BF881DE62C3A",
  "SDL2-CS.dll": "DB520034B50FB0C48730C350A6CCC331",
  "Serilog.dll": "53D0FB0B5B6F2817E61FF59663824AD6",
  "Serilog.Sinks.Async.dll": "87E576C8588D58453F38FE376555F9FA",
  "Serilog.Sinks.Console.dll": "F78518E6BC5E92B4D891DFD0B6CFD798",
  "Serilog.Sinks.File.dll": "0B47CD2D30D2E0818682753450E5BA88",
  "SharpDX.Direct3D11.dll": "348E3890CA4E6913BB8EE8F947BF3061",
  "SharpDX.dll": "6907F90FB5A1E13DC161C201F0011BAB",
  "SharpDX.DXGI.dll": "F68446A8C00AECA6AF6C7E50DCFB33E6",
  "SharpDX.Mathematics.dll": "F486079405325023861FD38503AF77E8",
  "Silk.NET.Core.dll": "57F02008211A817A2F86F2DB430750EA",
  "Silk.NET.GLFW.dll": "7CCB1E0CBA5BC52462B1FE13D933DFB5",
  "Silk.NET.Maths.dll": "E31A1C32D31AFB17A42D0755D2312117",
  "Silk.NET.OpenGL.dll": "5E998340A8F1299D8E237FB6F4A4F7E1",
  "Silk.NET.SDL.dll": "FDDE7E21A6C64ABDA1A866DA24F772A2",
  "Silk.NET.Windowing.Common.dll": "754F571BC990D1D4A287A8A4C227435F",
  "Silk.NET.Windowing.Glfw.dll": "08BDB4F8E248325A17B4B9843B26E4C6",
  "Silk.NET.Windowing.Sdl.dll": "BCFC12B024E4DB8D5B1289CC8D9B65C4",
  "SQLite-net.dll": "4A3B426002E7AC92FDA7E0E7B51EB6BB",
  "SQLitePCLRaw.batteries_v2.dll": "9D454D06F61DB90D72F5DAA4C01113BC",
  "SQLitePCLRaw.core.dll": "29D18C52E5057F84589CCB838E566F4C",
  "SQLitePCLRaw.nativelibrary.dll": "5196570723E436EB1C0F014FEB381C2B",
  "SQLitePCLRaw.provider.dynamic_cdecl.dll": "0709C1A24A80EEDA14C544DE66D7E419",
  "StbiSharp.dll": "3331F2B74FE0B3DE856BC85F2A2FB480",
  "System.Reactive.dll": "EF5A00287AD15393D41B12AA4B726FF7",
  "System.Reflection.MetadataLoadContext.dll": "7EC41D41F4E1246757BA3E2EC862D562",
  "System.Security.Cryptography.Pkcs.dll": "8950E01996A37E808BE3F39063C37BF9",
  "TEMP_gitver.txt": "46168701BCBB1CD2BB4A64F4A0F7B593",
  "TerraFX.Interop.Windows.dll": "84F7EF6B0DE91F8CC23F773D3FD6DEC0",
  "Validation.dll": "B50051F688909C016E577D836BF2AE32"
}
