{
  "runtimes\\alpine-x64\\native\\libe_sqlite3.so": "39C244FEDBCD3DFC37041D4FCE1AE21D",
  "runtimes\\linux-arm\\native\\libe_sqlite3.so": "96CF54BC0EFB83D6E3F5F3E04997A59D",
  "runtimes\\linux-arm64\\native\\libe_sqlite3.so": "F079E55E7F3F9966A4A2052A3234E068",
  "runtimes\\linux-armel\\native\\libe_sqlite3.so": "C5A67D49434FC65D64E9C15778078C76",
  "runtimes\\linux-mips64\\native\\libe_sqlite3.so": "5F8461214089CFC677D46C19B7162161",
  "runtimes\\linux-musl-x64\\native\\libe_sqlite3.so": "39C244FEDBCD3DFC37041D4FCE1AE21D",
  "runtimes\\linux-x64\\native\\libe_sqlite3.so": "6F49C540D3AB9964D67A4A704C3D262D",
  "runtimes\\linux-x64\\native\\libglfw.so.3": "9E3137144F68B9E9793F4C7AD5B1BEA7",
  "runtimes\\linux-x64\\native\\libSDL2-2.0.so": "99B95A708381FC66AB2370E45A260527",
  "runtimes\\linux-x64\\native\\libstbi.so": "0945355ED59677D06E3E88F48101BB26",
  "runtimes\\linux-x86\\native\\libe_sqlite3.so": "5E0659B414CBD6DDC38C65582485853E",
  "runtimes\\osx-x64\\native\\libe_sqlite3.dylib": "F82AE134FCD1C080A69D775591406673",
  "runtimes\\osx-x64\\native\\libglfw.3.dylib": "1E30FAB2F0C40E82290AD4B0BF14A880",
  "runtimes\\osx-x64\\native\\libSDL2-2.0.dylib": "AAC958490586C67395F0A90903AE3747",
  "runtimes\\osx-x64\\native\\libstbi.dylib": "0B84B0A6A80178266018081C3CAB68E6",
  "runtimes\\win-arm\\native\\e_sqlite3.dll": "60CA519FED260A6027FECB3ECEADFD32",
  "runtimes\\win-arm64\\native\\e_sqlite3.dll": "948190DF32399D1CD52B096770A04740",
  "runtimes\\win-x64\\native\\cimgui.dll": "9A02CE570852F3A3D58A2BEA93E9BC6D",
  "runtimes\\win-x64\\native\\cimguizmo.dll": "7953F1E7695695BE4F6C5B219CA6B7DE",
  "runtimes\\win-x64\\native\\cimplot.dll": "18631DEA4FCC78E0276EA4A1F0BD03BA",
  "runtimes\\win-x64\\native\\e_sqlite3.dll": "ABF5C4D88DB43A0331A2662FB622ADCB",
  "runtimes\\win-x64\\native\\glfw3.dll": "C854ED5B52F8248E4B9F2C6A43E29FDA",
  "runtimes\\win-x64\\native\\minhook.x64d.dll": "6DAD8FAECB8C268359E8763D937562B1",
  "runtimes\\win-x64\\native\\SDL2.dll": "11EEDE418D425F047918EE1C62C279DB",
  "runtimes\\win-x64\\native\\stbi.dll": "D2372CF7B87CFFC959C2B6070A3E5D7F",
  "runtimes\\win-x64\\native\\stbi.lib": "927C214DE576219E1F80DBE7798A0502",
  "runtimes\\win-x86\\native\\e_sqlite3.dll": "A9C5F90AC648B1EC95B63D2537DA718E",
  "runtimes\\win-x86\\native\\glfw3.dll": "AD57BA2B19CFED3D89FC2171822ECA2F",
  "runtimes\\win-x86\\native\\SDL2.dll": "2378A62B5C4FD71F125A2DBCFD12FAC5",
  "targets\\Dalamud.Plugin.Bootstrap.targets": "C85635161398CD9852CF7212DB7EB904",
  "targets\\Dalamud.Plugin.targets": "69D15EDFB3D4F0BEE3A099216E4DE057",
  "BitFaster.Caching.dll": "2E6558542AD434260BD6B6B9904AF153",
  "CheapLoc.dll": "5A05F3031C9633E2F59C5BEFBB5F5DC0",
  "commit_hash.txt": "F61879DED8E8788A154654BF71E019C1",
  "Costura.dll": "74959E010F93683F733B45ADA34571D3",
  "Dalamud.Boot.dll": "F3413A552739BA02238E2BD316164612",
  "Dalamud.Common.dll": "25073457921D13739A643FA5588986C5",
  "Dalamud.deps.json": "B0D7F40C523557EC7E7BD60365F3CE5B",
  "Dalamud.dll": "7D586C6886825A0746B2443524C383BF",
  "Dalamud.Injector.deps.json": "E30B9BD40106FFC14A5274A670979EDF",
  "Dalamud.Injector.dll": "E95B1244CDBEDEF8B1F935EE5DDF5379",
  "Dalamud.Injector.exe": "1922DD66D793C8754561EA8CC4ABF189",
  "Dalamud.Injector.runtimeconfig.json": "B9BB65FFE7924D4D8BABE9FA66303200",
  "Dalamud.Injector.xml": "D41E5DF541D19A015215E777D7395C9C",
  "Dalamud.runtimeconfig.json": "2A9CD915428BDD175E0889BD0C225F75",
  "Dalamud.xml": "C1678FA484B39D6E66E48909B3B93BCD",
  "DalamudCrashHandler.exe": "4155B146E56AE2FA31BB6E8DC878C92A",
  "FASM-LICENSE.TXT": "ECEA1D10811221D5F0A3E96F9C38E2C7",
  "FASM.DLL": "AE3F9D4329C1E345DC88DF10C91D7051",
  "FASMX64.DLL": "A602DDB7B8AE0E37F6370F59D5D7B566",
  "FFXIVClientStructs.dll": "3AC178F04D9C0ABCB53977F2FD15E980",
  "FFXIVClientStructs.xml": "BACEA581EC32DA5889DFAE96A2935EB6",
  "goaaats.Reloaded.Assembler.targets": "CC22CB0A353E2136EE9E6E96DB9F7164",
  "Iced.dll": "CA758DB9D2D6FF7811E255EDF132656E",
  "ImGui.NET.dll": "90D6AE941B683DF7FE8AB183277C1F85",
  "ImGuiScene.dll": "E23B34B8A6033FA17001620F539A3B68",
  "InteropGenerator.Runtime.dll": "DDEF3CF3406A0A8375DBB76085917CAD",
  "JetBrains.Annotations.dll": "96ACDE9E63CA4E72F373D89A01579F7F",
  "licenses.txt": "A159BE62AA91178EFC3E3983AE874D1D",
  "Lumina.dll": "C55BFD7F4CDB322BC8F35AC0D258A711",
  "Lumina.Excel.dll": "2377E83DFD5CDCD6B2A2DB6D6BCB4D54",
  "Microsoft.Bcl.HashCode.dll": "613AB56061ADF2284E047025207467E0",
  "Microsoft.DotNet.PlatformAbstractions.dll": "00AB0F02B1114C57C758F5AD595224F1",
  "Microsoft.Extensions.DependencyModel.dll": "F39BC76C10CFEA478C936FC4521A9FC9",
  "Microsoft.Extensions.ObjectPool.dll": "FEE3CE8A84417360CC5ED787ED6F7DB1",
  "MinSharp.dll": "7D0551B1379D34C4A246A3CFFD981E98",
  "Mono.Cecil.dll": "DAE7024002FE189784E022DDDDA5AF9D",
  "Mono.Cecil.Mdb.dll": "F24BF377BB420731A9A1A0CB3D8A0500",
  "Mono.Cecil.Pdb.dll": "E10C3E88C307CFE997876D290E898E11",
  "Mono.Cecil.Rocks.dll": "619DB217636C7B56A372AA708E001C45",
  "nethost.dll": "21F39F71E2F4B5BA9FB3F126872F2F9B",
  "Newtonsoft.Json.dll": "ADF3E3EECDE20B7C9661E9C47106A14A",
  "PeNet.Asn1.dll": "F26FC869202EB6D17FEC32DDCC043750",
  "PeNet.dll": "B7AB28ED261B763D34B0F4967818EDA9",
  "PInvoke.AdvApi32.dll": "34EE461D05B403C3A15D0DEC32A3788C",
  "PInvoke.BCrypt.dll": "FD07758EE1440491F22923084109FF26",
  "PInvoke.Cabinet.dll": "333D950E3804735DA60CC41D614C63E2",
  "PInvoke.CfgMgr32.dll": "768BE7CC18EDCF78B296A72ABE891691",
  "PInvoke.Crypt32.dll": "E7B00B0851738F4A7F2C6D37DAA973B4",
  "PInvoke.DbgHelp.dll": "E701136169620D20E3A70B560DE20E44",
  "PInvoke.DwmApi.dll": "ACF223CC8962404056648815B486F7D9",
  "PInvoke.Gdi32.dll": "69FF434826F98582CE44D3136ECFFACB",
  "PInvoke.Hid.dll": "2E7A41257F8AD9B26073181F450CD8E5",
  "PInvoke.ImageHlp.dll": "79BE816E8D86EA66489D7780DD675D49",
  "PInvoke.IPHlpApi.dll": "E949FA3326D1BA8872B179AB4EE49D38",
  "PInvoke.Kernel32.dll": "234E15B122ED430DE99490CA1A204958",
  "PInvoke.Magnification.dll": "C9EA3D34F506741ECC044DB19C151F09",
  "PInvoke.Msi.dll": "69EE50CE2DA6B55755E52589F49A7EBC",
  "PInvoke.NCrypt.dll": "DA1DE76C14D99370CA3BEF19DC299B15",
  "PInvoke.NetApi32.dll": "AE79F9FA2E3864A5E0642AE4622ECDC5",
  "PInvoke.NewDev.dll": "B3E1992105D986EF9C5C8E4B630FBB07",
  "PInvoke.NTDll.dll": "3F6BDF840EB27DD0FD9EB8071822183A",
  "PInvoke.Ole32.dll": "3C49FB100B60519FFE725BCD12A538F6",
  "PInvoke.Psapi.dll": "A7683EE4B880227F01C8AE632A892B9E",
  "PInvoke.SetupApi.dll": "1B7AE321185D0081D1759A9AD829F9BA",
  "PInvoke.SHCore.dll": "F27E7F063D51480F6D2294C903E4A606",
  "PInvoke.Shell32.dll": "F71A1BCAF6478190691170DAEA77722F",
  "PInvoke.User32.dll": "8BEDE38311ED4F27127290B81B8079FD",
  "PInvoke.Userenv.dll": "FEB7BCA90B8C905EC2F4BB0789847131",
  "PInvoke.UxTheme.dll": "8E683C016250CB719FDB9AAAFC22B3C5",
  "PInvoke.Windows.Core.dll": "90015440A44935208FFEA9BF61740651",
  "PInvoke.Windows.ShellScalingApi.dll": "F351B34B8C9183A51CADFDC279357C49",
  "PInvoke.WinUsb.dll": "9EB8A0280F2848D1A32B560A939F7336",
  "PInvoke.WtsApi32.dll": "341C94455D2E5893DBE4293D4D67AA4D",
  "Reloaded.Assembler.dll": "C1EE9922BD6E368D06C9C8FCE71F9593",
  "Reloaded.Hooks.Definitions.dll": "BB22A42B75C6D2A53EE8496A349CFDA0",
  "Reloaded.Hooks.dll": "D1652F5E0A4DD20782970EF016A925E0",
  "Reloaded.Memory.Buffers.dll": "5AF89F9DFA20EA10500F059BC481E5A1",
  "Reloaded.Memory.dll": "5192091FDCC1C6455DC575AB77BD80C4",
  "revision.txt": "7C4121D27BF970F00F1DFDCEE8F43A5D",
  "SDL2-CS.config": "65557595FD5DF55D93B2BF881DE62C3A",
  "SDL2-CS.dll": "D49F46DD97E75E97EDF0FACE4C0C2C5C",
  "Serilog.dll": "4726B2E26EA9AD227003F1D27C8A9643",
  "Serilog.Sinks.Async.dll": "A7F03724686AD91E6ADFDB223B3063B3",
  "Serilog.Sinks.Console.dll": "F4FBA465E591EB79017AFAED32064A3A",
  "Serilog.Sinks.File.dll": "7046DED0A9DE08D3400BD8DFD61CF344",
  "SharpDX.Direct3D11.dll": "A6B9BB6C73A2C190875477074A9B5739",
  "SharpDX.dll": "4A3647EE5C334708FCC8492B74D1F794",
  "SharpDX.DXGI.dll": "3B58C3B46E8B54B88E78CA272253C9E5",
  "SharpDX.Mathematics.dll": "74A33C27A5271106E4757F282A2F3E59",
  "Silk.NET.Core.dll": "D6E4E4CCCDF08E48684742C717A17966",
  "Silk.NET.GLFW.dll": "0D6169D1607456A7DC5F6DAAF9284850",
  "Silk.NET.Maths.dll": "A16E6BFC2DA25BC3B5FB42AD6A410698",
  "Silk.NET.OpenGL.dll": "7B708C78C1E589D053F7A6D3C4E1955A",
  "Silk.NET.SDL.dll": "86699D7F4ECE953485F509B614C3BAA5",
  "Silk.NET.Windowing.Common.dll": "54AE072EAFE79A938217C98909210D59",
  "Silk.NET.Windowing.Glfw.dll": "D0D61F78A1413290F22BFD6B0C150C4E",
  "Silk.NET.Windowing.Sdl.dll": "EBBAAE2DDA192F5DB31A0411CCA6D250",
  "SQLite-net.dll": "BF2B731E883E61D7F2B3B1FD11CCE381",
  "SQLitePCLRaw.batteries_v2.dll": "D38032C6C5BC12AC3D67AE9883576E38",
  "SQLitePCLRaw.core.dll": "DCA212AA725CEFD7B38677FA964355EC",
  "SQLitePCLRaw.nativelibrary.dll": "18CA71B6E1D71BBC0A761F92B3EFA5E2",
  "SQLitePCLRaw.provider.dynamic_cdecl.dll": "65B4018F519F0E3CECBBA3BA880301E0",
  "StbiSharp.dll": "630ADD043C5B0CA562C92D78904ACA5F",
  "System.Reactive.dll": "EF5A00287AD15393D41B12AA4B726FF7",
  "System.Reflection.MetadataLoadContext.dll": "E88E3AF6D37736F339022C9ACC5F2F7B",
  "System.Security.Cryptography.Pkcs.dll": "8950E01996A37E808BE3F39063C37BF9",
  "TEMP_gitver.txt": "7F5974CC6061ABB00AE56FF5221B9122",
  "TerraFX.Interop.Windows.dll": "84F7EF6B0DE91F8CC23F773D3FD6DEC0",
  "Validation.dll": "FC07F1848C58F97869539E40624A633A"
}
