{
  "runtimes\\alpine-x64\\native\\libe_sqlite3.so": "39C244FEDBCD3DFC37041D4FCE1AE21D",
  "runtimes\\linux-arm\\native\\libe_sqlite3.so": "96CF54BC0EFB83D6E3F5F3E04997A59D",
  "runtimes\\linux-arm64\\native\\libe_sqlite3.so": "F079E55E7F3F9966A4A2052A3234E068",
  "runtimes\\linux-armel\\native\\libe_sqlite3.so": "C5A67D49434FC65D64E9C15778078C76",
  "runtimes\\linux-mips64\\native\\libe_sqlite3.so": "5F8461214089CFC677D46C19B7162161",
  "runtimes\\linux-musl-x64\\native\\libe_sqlite3.so": "39C244FEDBCD3DFC37041D4FCE1AE21D",
  "runtimes\\linux-x64\\native\\libe_sqlite3.so": "6F49C540D3AB9964D67A4A704C3D262D",
  "runtimes\\linux-x64\\native\\libglfw.so.3": "9E3137144F68B9E9793F4C7AD5B1BEA7",
  "runtimes\\linux-x64\\native\\libSDL2-2.0.so": "99B95A708381FC66AB2370E45A260527",
  "runtimes\\linux-x64\\native\\libstbi.so": "0945355ED59677D06E3E88F48101BB26",
  "runtimes\\linux-x86\\native\\libe_sqlite3.so": "5E0659B414CBD6DDC38C65582485853E",
  "runtimes\\osx-x64\\native\\libe_sqlite3.dylib": "F82AE134FCD1C080A69D775591406673",
  "runtimes\\osx-x64\\native\\libglfw.3.dylib": "1E30FAB2F0C40E82290AD4B0BF14A880",
  "runtimes\\osx-x64\\native\\libSDL2-2.0.dylib": "AAC958490586C67395F0A90903AE3747",
  "runtimes\\osx-x64\\native\\libstbi.dylib": "0B84B0A6A80178266018081C3CAB68E6",
  "runtimes\\win-arm\\native\\e_sqlite3.dll": "B7B2B4F5F9ABEF703569572D3DD31171",
  "runtimes\\win-arm64\\native\\e_sqlite3.dll": "AF8BBC1D5691C7DC9D5833B6A7FF53C5",
  "runtimes\\win-x64\\native\\cimgui.dll": "1FB2CA54645F75BEA11AECA219E9C379",
  "runtimes\\win-x64\\native\\cimguizmo.dll": "EA28F0F7310F270F0A35B1B9F16F6F3B",
  "runtimes\\win-x64\\native\\cimplot.dll": "3F18390D7C8F15324CEAEBAF840F9279",
  "runtimes\\win-x64\\native\\e_sqlite3.dll": "08C5B4273F8E9ED8D3A865AA50B6FA58",
  "runtimes\\win-x64\\native\\glfw3.dll": "5D30B33232332CB4F102DD6386F043B5",
  "runtimes\\win-x64\\native\\minhook.x64d.dll": "E4D2E4BC971A7099DCA75F293B8A0006",
  "runtimes\\win-x64\\native\\SDL2.dll": "BDF5CB5C90997332891817132506B5AB",
  "runtimes\\win-x64\\native\\stbi.dll": "3E6AF160406504EE8B8338E3E2181F96",
  "runtimes\\win-x64\\native\\stbi.lib": "927C214DE576219E1F80DBE7798A0502",
  "runtimes\\win-x86\\native\\e_sqlite3.dll": "8151F2981EE2EE8F604F9FC0E8832DA2",
  "runtimes\\win-x86\\native\\glfw3.dll": "EB89E1791B7ED480BD2FF5BAD3925967",
  "runtimes\\win-x86\\native\\SDL2.dll": "31A83B12A9A0D5E87624DA8086E65331",
  "targets\\Dalamud.Plugin.Bootstrap.targets": "C85635161398CD9852CF7212DB7EB904",
  "targets\\Dalamud.Plugin.targets": "11001C983157350F50D99F1A827999B5",
  "CheapLoc.dll": "39A021AE93F9B492B563D45E1A0D7AE0",
  "Costura.dll": "9695F6EF5CCF971440CF21389C69CC2F",
  "Dalamud.Boot.dll": "9D8C25428C672CB3E1FADCFB84A194A8",
  "Dalamud.Common.dll": "326CEA560404F94F1EFE4805EE6CEE3B",
  "Dalamud.deps.json": "E9EA59FDBE3DF8C5A1A3D41B7C88EABF",
  "Dalamud.dll": "0A3FC6B2B5375C6E163146EA5AFF3A71",
  "Dalamud.Injector.deps.json": "4E53ABE9A5D3E4592DA63EBF98DAAD86",
  "Dalamud.Injector.dll": "D8B1B0EFA28106B0AED36D53809D6D8F",
  "Dalamud.Injector.exe": "D1E79007D813FD491E74C7089AD04379",
  "Dalamud.Injector.runtimeconfig.json": "AAAFA957BB3B382321D67ACC2D792553",
  "Dalamud.Injector.xml": "6CFC451561E67CE7788814C5B327D7EC",
  "Dalamud.runtimeconfig.json": "15719C111D02D5BD45F37285FC8B6040",
  "Dalamud.xml": "A7C2A6CAD8D7ECC8473E91DB6032B7EB",
  "DalamudCrashHandler.exe": "12D98AC483006383CCAC188C8487B4F8",
  "FASM-LICENSE.TXT": "ECEA1D10811221D5F0A3E96F9C38E2C7",
  "FASM.DLL": "CB20BF977F2808A3807A71F9EB2D0A62",
  "FASMX64.DLL": "D0649EF2F18EA71EB4711734699F3876",
  "FFXIVClientStructs.dll": "9F1CABEB2A49C638ADE2567FB68BC7A8",
  "FFXIVClientStructs.xml": "9E52BF48682B68FD172B27F57776BCAB",
  "goaaats.Reloaded.Assembler.targets": "CC22CB0A353E2136EE9E6E96DB9F7164",
  "Iced.dll": "813688102C05AEE64CDFA56A6414555B",
  "ImGui.NET.dll": "0A604BB1489DE0E92442B4026872D9F9",
  "ImGuiScene.dll": "40C498B1837B6A06AAE2B4C08D43A2D7",
  "JetBrains.Annotations.dll": "9ABFFD111C63B2AF2452297985DC1D9D",
  "licenses.txt": "A159BE62AA91178EFC3E3983AE874D1D",
  "Lumina.dll": "2DE10DBB8B0C7B962B73847459B94723",
  "Lumina.Excel.dll": "FB73D28F9820AC37F4DC6092484AFB24",
  "Microsoft.Bcl.HashCode.dll": "613AB56061ADF2284E047025207467E0",
  "Microsoft.DotNet.PlatformAbstractions.dll": "00AB0F02B1114C57C758F5AD595224F1",
  "Microsoft.Extensions.DependencyModel.dll": "F39BC76C10CFEA478C936FC4521A9FC9",
  "MinSharp.dll": "8F5E5A460E6F51016954AD10372BD8E4",
  "Mono.Cecil.dll": "2E25E904FC87057D684225C2BD56BE02",
  "Mono.Cecil.Mdb.dll": "375264DDC39C3CA77B87A88C8D3E015B",
  "Mono.Cecil.Pdb.dll": "2482AC34D09A0E3AC52EA3830FEF0879",
  "Mono.Cecil.Rocks.dll": "26EE7B3DFA597F11BD08109F31DC110F",
  "MonoMod.Backports.dll": "2C28AD6B0C5E55B6EE13E31421917F78",
  "MonoMod.Core.dll": "C196E9678C2602FA982DB697FD60A478",
  "MonoMod.Iced.dll": "9F725BE8323545AA4C2486B827455C89",
  "MonoMod.ILHelpers.dll": "08643196823A77EA92D67D7EBE238A6A",
  "MonoMod.RuntimeDetour.dll": "2F06A3808C78BE1CABA972378BBF6969",
  "MonoMod.Utils.dll": "7AF4A2877DA5DFB20B58A84604EAFBBE",
  "nethost.dll": "012081214FE71F0F6ADCD9F4A71B2B00",
  "Newtonsoft.Json.dll": "86A83A63F12B55FD3718CFBFB577D7DC",
  "PeNet.Asn1.dll": "3615A3691D4C9E9B809980671471F130",
  "PeNet.dll": "DB04D6BF3CF78D163C355867A388DF3D",
  "PInvoke.AdvApi32.dll": "34EE461D05B403C3A15D0DEC32A3788C",
  "PInvoke.BCrypt.dll": "FD07758EE1440491F22923084109FF26",
  "PInvoke.Cabinet.dll": "333D950E3804735DA60CC41D614C63E2",
  "PInvoke.CfgMgr32.dll": "768BE7CC18EDCF78B296A72ABE891691",
  "PInvoke.Crypt32.dll": "E7B00B0851738F4A7F2C6D37DAA973B4",
  "PInvoke.DbgHelp.dll": "E701136169620D20E3A70B560DE20E44",
  "PInvoke.DwmApi.dll": "ACF223CC8962404056648815B486F7D9",
  "PInvoke.Gdi32.dll": "69FF434826F98582CE44D3136ECFFACB",
  "PInvoke.Hid.dll": "2E7A41257F8AD9B26073181F450CD8E5",
  "PInvoke.ImageHlp.dll": "79BE816E8D86EA66489D7780DD675D49",
  "PInvoke.IPHlpApi.dll": "E949FA3326D1BA8872B179AB4EE49D38",
  "PInvoke.Kernel32.dll": "234E15B122ED430DE99490CA1A204958",
  "PInvoke.Magnification.dll": "C9EA3D34F506741ECC044DB19C151F09",
  "PInvoke.Msi.dll": "69EE50CE2DA6B55755E52589F49A7EBC",
  "PInvoke.NCrypt.dll": "DA1DE76C14D99370CA3BEF19DC299B15",
  "PInvoke.NetApi32.dll": "AE79F9FA2E3864A5E0642AE4622ECDC5",
  "PInvoke.NewDev.dll": "B3E1992105D986EF9C5C8E4B630FBB07",
  "PInvoke.NTDll.dll": "3F6BDF840EB27DD0FD9EB8071822183A",
  "PInvoke.Ole32.dll": "3C49FB100B60519FFE725BCD12A538F6",
  "PInvoke.Psapi.dll": "A7683EE4B880227F01C8AE632A892B9E",
  "PInvoke.SetupApi.dll": "1B7AE321185D0081D1759A9AD829F9BA",
  "PInvoke.SHCore.dll": "F27E7F063D51480F6D2294C903E4A606",
  "PInvoke.Shell32.dll": "F71A1BCAF6478190691170DAEA77722F",
  "PInvoke.User32.dll": "8BEDE38311ED4F27127290B81B8079FD",
  "PInvoke.Userenv.dll": "FEB7BCA90B8C905EC2F4BB0789847131",
  "PInvoke.UxTheme.dll": "8E683C016250CB719FDB9AAAFC22B3C5",
  "PInvoke.Windows.Core.dll": "90015440A44935208FFEA9BF61740651",
  "PInvoke.Windows.ShellScalingApi.dll": "F351B34B8C9183A51CADFDC279357C49",
  "PInvoke.WinUsb.dll": "9EB8A0280F2848D1A32B560A939F7336",
  "PInvoke.WtsApi32.dll": "341C94455D2E5893DBE4293D4D67AA4D",
  "Reloaded.Assembler.dll": "211D859077670DFE3FE05DDBDA80E08B",
  "Reloaded.Hooks.Definitions.dll": "30AA2F989C6540A8B8EEC9034EB6C9B1",
  "Reloaded.Hooks.dll": "34F77BDEF2F9936A0F8A55C227120FDA",
  "Reloaded.Memory.Buffers.dll": "1B36765007027663E0AA7F59049D65FA",
  "Reloaded.Memory.dll": "BC200F1AB1107DE838CE7EE0913E1FC9",
  "revision.txt": "F8EA2E8463760785106490BEFC78C339",
  "SDL2-CS.config": "65557595FD5DF55D93B2BF881DE62C3A",
  "SDL2-CS.dll": "5FE93E2D3428CD302A0E4E4BE4B7BE02",
  "Serilog.dll": "85B88F1009DAE57E196DD8B2C206FB25",
  "Serilog.Sinks.Async.dll": "821A1F2E54ECE52ECC169E76C9975EC5",
  "Serilog.Sinks.Console.dll": "370E9C89B481BAAD51B890DC940348D2",
  "Serilog.Sinks.File.dll": "B579607F5459BC568A5EAC2BB543C74B",
  "SharpDX.Direct3D11.dll": "3615598E42434584471895769E379F39",
  "SharpDX.dll": "0578082229B7FA52824F61DB9B7E3723",
  "SharpDX.DXGI.dll": "3E022AECC23A3E2DB4F56B6080198521",
  "SharpDX.Mathematics.dll": "2B45E205CFE04457FE3EEC7459848281",
  "Silk.NET.Core.dll": "D04C42FF3CB397434A09339E638A7E2A",
  "Silk.NET.GLFW.dll": "EB60116FCFD59A7845CD59A9F068B756",
  "Silk.NET.Maths.dll": "0C0FAF29F0CDEE2C63207DF2BB165AEB",
  "Silk.NET.OpenGL.dll": "0C2CBBA9AF10F38C5DEA604E66898DC6",
  "Silk.NET.SDL.dll": "E1EAAA74D050F56CCD58766C9403356C",
  "Silk.NET.Windowing.Common.dll": "317E4DC3186978CFD06652ED7F517896",
  "Silk.NET.Windowing.Glfw.dll": "C96B3008192001E5CE0AB26E0498EFDD",
  "Silk.NET.Windowing.Sdl.dll": "D81C230F07B47619A10014F45B0A8CCC",
  "SQLite-net.dll": "E3B3CC7011D05D1E57DD825068F2F314",
  "SQLitePCLRaw.batteries_v2.dll": "AD69BD3276DB9CB9B61BD480F58F4998",
  "SQLitePCLRaw.core.dll": "881DE832AD26F308BF6423011F895A62",
  "SQLitePCLRaw.nativelibrary.dll": "145F299ABCA3392D8DF9C0CDA5AF8C56",
  "SQLitePCLRaw.provider.dynamic_cdecl.dll": "84ABF2C19CA0BFEE791539F23F6D0826",
  "StbiSharp.dll": "D7EA93D5894EDBB7C39189D8E1D80CA2",
  "System.Reactive.dll": "EF5A00287AD15393D41B12AA4B726FF7",
  "System.Reflection.MetadataLoadContext.dll": "7EC41D41F4E1246757BA3E2EC862D562",
  "System.Security.Cryptography.Pkcs.dll": "8950E01996A37E808BE3F39063C37BF9",
  "TEMP_gitver.txt": "C91784B616F5495E0EC9F4A6C6686630",
  "TerraFX.Interop.Windows.dll": "84F7EF6B0DE91F8CC23F773D3FD6DEC0",
  "Validation.dll": "29D7365FE71A7F08DE7D8B5C6942ED77"
}
