{
  "runtimes\\alpine-x64\\native\\libe_sqlite3.so": "39C244FEDBCD3DFC37041D4FCE1AE21D",
  "runtimes\\linux-arm\\native\\libe_sqlite3.so": "96CF54BC0EFB83D6E3F5F3E04997A59D",
  "runtimes\\linux-arm64\\native\\libe_sqlite3.so": "F079E55E7F3F9966A4A2052A3234E068",
  "runtimes\\linux-armel\\native\\libe_sqlite3.so": "C5A67D49434FC65D64E9C15778078C76",
  "runtimes\\linux-mips64\\native\\libe_sqlite3.so": "5F8461214089CFC677D46C19B7162161",
  "runtimes\\linux-musl-x64\\native\\libe_sqlite3.so": "39C244FEDBCD3DFC37041D4FCE1AE21D",
  "runtimes\\linux-x64\\native\\libe_sqlite3.so": "6F49C540D3AB9964D67A4A704C3D262D",
  "runtimes\\linux-x64\\native\\libglfw.so.3": "9E3137144F68B9E9793F4C7AD5B1BEA7",
  "runtimes\\linux-x64\\native\\libSDL2-2.0.so": "99B95A708381FC66AB2370E45A260527",
  "runtimes\\linux-x64\\native\\libstbi.so": "0945355ED59677D06E3E88F48101BB26",
  "runtimes\\linux-x86\\native\\libe_sqlite3.so": "5E0659B414CBD6DDC38C65582485853E",
  "runtimes\\osx-x64\\native\\libe_sqlite3.dylib": "F82AE134FCD1C080A69D775591406673",
  "runtimes\\osx-x64\\native\\libglfw.3.dylib": "1E30FAB2F0C40E82290AD4B0BF14A880",
  "runtimes\\osx-x64\\native\\libSDL2-2.0.dylib": "AAC958490586C67395F0A90903AE3747",
  "runtimes\\osx-x64\\native\\libstbi.dylib": "0B84B0A6A80178266018081C3CAB68E6",
  "runtimes\\win-arm\\native\\e_sqlite3.dll": "1E54105191B38011332B427DE5734877",
  "runtimes\\win-arm64\\native\\e_sqlite3.dll": "1364B2C4C2369B815945B0D22222D5A3",
  "runtimes\\win-x64\\native\\cimgui.dll": "B29594437A583A2316FA2F8716C195DA",
  "runtimes\\win-x64\\native\\cimguizmo.dll": "D65BA802D79057D69720FE2EEF25ABA5",
  "runtimes\\win-x64\\native\\cimplot.dll": "02EF633613F30299B0B1A895D79EB7A0",
  "runtimes\\win-x64\\native\\e_sqlite3.dll": "5B6724D8E68AC0674ABCBA0C43CA70D9",
  "runtimes\\win-x64\\native\\glfw3.dll": "D4A1D35C1CA71CD2FF88086F4177BA10",
  "runtimes\\win-x64\\native\\minhook.x64d.dll": "F8EBBEECF8356C318C8718F7A7131DD0",
  "runtimes\\win-x64\\native\\SDL2.dll": "C46A271CE96F0B13C2E369EBD4A98231",
  "runtimes\\win-x64\\native\\stbi.dll": "748A4A841BFF3DF637FD2EACF159DF6B",
  "runtimes\\win-x64\\native\\stbi.lib": "927C214DE576219E1F80DBE7798A0502",
  "runtimes\\win-x86\\native\\e_sqlite3.dll": "542244A000535F9204312738D0DF8CCC",
  "runtimes\\win-x86\\native\\glfw3.dll": "ECED6DADB0FC5E94D5B909945EF6DF78",
  "runtimes\\win-x86\\native\\SDL2.dll": "C6C496DE64E4ADA70919CB01F658F065",
  "targets\\Dalamud.Plugin.Bootstrap.targets": "C85635161398CD9852CF7212DB7EB904",
  "targets\\Dalamud.Plugin.targets": "E2AA900DB1F6596D1C203D4112A10F5E",
  "CheapLoc.dll": "D6A6E00AA97D1D800F913FAECB0B5835",
  "Costura.dll": "FA720FC3790714D7F4E8DAF0649141F3",
  "Dalamud.Boot.dll": "C4032A950A14D556BF61548C52467986",
  "Dalamud.Common.dll": "1A84AD915D1A7A1F766F609E1BDE2D3C",
  "Dalamud.deps.json": "FB9CE5ED119DC72AA6FCD7A13B9CB96A",
  "Dalamud.dll": "F8831893123E346B60392E6FFB972470",
  "Dalamud.Injector.deps.json": "C1FA0941DC8B38E415776C60C508AAB9",
  "Dalamud.Injector.dll": "CD1243706326B5BF33C50EAFFCC584C9",
  "Dalamud.Injector.exe": "33DA83C67A7F4971706C002F6BFE3D7F",
  "Dalamud.Injector.runtimeconfig.json": "B9BB65FFE7924D4D8BABE9FA66303200",
  "Dalamud.Injector.xml": "D41E5DF541D19A015215E777D7395C9C",
  "Dalamud.runtimeconfig.json": "2A9CD915428BDD175E0889BD0C225F75",
  "Dalamud.xml": "3E0D59CBDCA201943D2F7AB5C829824B",
  "DalamudCrashHandler.exe": "DEFF3C4F1D9D8EB064031F85BF29DF59",
  "FASM-LICENSE.TXT": "ECEA1D10811221D5F0A3E96F9C38E2C7",
  "FASM.DLL": "39EDE8E456404B1D1E9AAB4ED5FBA247",
  "FASMX64.DLL": "A56638C4256916E9A4F5EA7A6FE0320F",
  "FFXIVClientStructs.dll": "2F40E1D10A724B56CFBDF8EC13A39E6E",
  "FFXIVClientStructs.xml": "E19E8A3769165D4C4159D276B5CDEF57",
  "goaaats.Reloaded.Assembler.targets": "CC22CB0A353E2136EE9E6E96DB9F7164",
  "Iced.dll": "B46AA3EE64B3B5DDBF4843B4A899F599",
  "ImGui.NET.dll": "CE9E456CE0F3A43CDD8F14EF9E49EBCC",
  "ImGuiScene.dll": "7F0087733BB367E791A9D9C3D06482CE",
  "JetBrains.Annotations.dll": "2D5C546D4D595DEC79E46CD2754D2F09",
  "licenses.txt": "A159BE62AA91178EFC3E3983AE874D1D",
  "Lumina.dll": "F9F6A766284576B963B9279F9DC82CF4",
  "Lumina.Excel.dll": "789EB63E41EA8FA1B3DCC9A051C8297B",
  "Microsoft.Bcl.HashCode.dll": "613AB56061ADF2284E047025207467E0",
  "Microsoft.DotNet.PlatformAbstractions.dll": "00AB0F02B1114C57C758F5AD595224F1",
  "Microsoft.Extensions.DependencyModel.dll": "F39BC76C10CFEA478C936FC4521A9FC9",
  "Microsoft.Extensions.ObjectPool.dll": "FEE3CE8A84417360CC5ED787ED6F7DB1",
  "MinSharp.dll": "93BF4DF5D574B10CE9B442EDD7AC57AF",
  "Mono.Cecil.dll": "E08C02BAB30B87892BCB911B3B0A82D4",
  "Mono.Cecil.Mdb.dll": "8E01AA4176B989378B5C063210561163",
  "Mono.Cecil.Pdb.dll": "37B01A82993FCFB02CFC093B610E8213",
  "Mono.Cecil.Rocks.dll": "685843AF63A750348D54FDA5B7D51572",
  "nethost.dll": "012081214FE71F0F6ADCD9F4A71B2B00",
  "Newtonsoft.Json.dll": "86A83A63F12B55FD3718CFBFB577D7DC",
  "PeNet.Asn1.dll": "B1196410E1F7CB7C502871E1BDADBA5A",
  "PeNet.dll": "45398C114EDCBE283BE8344FD2C0E32D",
  "PInvoke.AdvApi32.dll": "34EE461D05B403C3A15D0DEC32A3788C",
  "PInvoke.BCrypt.dll": "FD07758EE1440491F22923084109FF26",
  "PInvoke.Cabinet.dll": "333D950E3804735DA60CC41D614C63E2",
  "PInvoke.CfgMgr32.dll": "768BE7CC18EDCF78B296A72ABE891691",
  "PInvoke.Crypt32.dll": "E7B00B0851738F4A7F2C6D37DAA973B4",
  "PInvoke.DbgHelp.dll": "E701136169620D20E3A70B560DE20E44",
  "PInvoke.DwmApi.dll": "ACF223CC8962404056648815B486F7D9",
  "PInvoke.Gdi32.dll": "69FF434826F98582CE44D3136ECFFACB",
  "PInvoke.Hid.dll": "2E7A41257F8AD9B26073181F450CD8E5",
  "PInvoke.ImageHlp.dll": "79BE816E8D86EA66489D7780DD675D49",
  "PInvoke.IPHlpApi.dll": "E949FA3326D1BA8872B179AB4EE49D38",
  "PInvoke.Kernel32.dll": "234E15B122ED430DE99490CA1A204958",
  "PInvoke.Magnification.dll": "C9EA3D34F506741ECC044DB19C151F09",
  "PInvoke.Msi.dll": "69EE50CE2DA6B55755E52589F49A7EBC",
  "PInvoke.NCrypt.dll": "DA1DE76C14D99370CA3BEF19DC299B15",
  "PInvoke.NetApi32.dll": "AE79F9FA2E3864A5E0642AE4622ECDC5",
  "PInvoke.NewDev.dll": "B3E1992105D986EF9C5C8E4B630FBB07",
  "PInvoke.NTDll.dll": "3F6BDF840EB27DD0FD9EB8071822183A",
  "PInvoke.Ole32.dll": "3C49FB100B60519FFE725BCD12A538F6",
  "PInvoke.Psapi.dll": "A7683EE4B880227F01C8AE632A892B9E",
  "PInvoke.SetupApi.dll": "1B7AE321185D0081D1759A9AD829F9BA",
  "PInvoke.SHCore.dll": "F27E7F063D51480F6D2294C903E4A606",
  "PInvoke.Shell32.dll": "F71A1BCAF6478190691170DAEA77722F",
  "PInvoke.User32.dll": "8BEDE38311ED4F27127290B81B8079FD",
  "PInvoke.Userenv.dll": "FEB7BCA90B8C905EC2F4BB0789847131",
  "PInvoke.UxTheme.dll": "8E683C016250CB719FDB9AAAFC22B3C5",
  "PInvoke.Windows.Core.dll": "90015440A44935208FFEA9BF61740651",
  "PInvoke.Windows.ShellScalingApi.dll": "F351B34B8C9183A51CADFDC279357C49",
  "PInvoke.WinUsb.dll": "9EB8A0280F2848D1A32B560A939F7336",
  "PInvoke.WtsApi32.dll": "341C94455D2E5893DBE4293D4D67AA4D",
  "Reloaded.Assembler.dll": "695647282FD1C2386B374ACD8E16F96B",
  "Reloaded.Hooks.Definitions.dll": "1C942EB53062BB96F1F9D64F2FA426B0",
  "Reloaded.Hooks.dll": "0EDA250AF3083C59862C3CFAB40B94BB",
  "Reloaded.Memory.Buffers.dll": "3666E189BF3D348CD183285152FBB864",
  "Reloaded.Memory.dll": "F3BA2EA29793407DA00C14C319EC43BA",
  "revision.txt": "991327D63593B0BA2C45618BF81F6A64",
  "SDL2-CS.config": "65557595FD5DF55D93B2BF881DE62C3A",
  "SDL2-CS.dll": "A30E81E9A6012C52D0EAE7977E574F73",
  "Serilog.dll": "136C7FF7C4F605A2206E7E72CA243AFE",
  "Serilog.Sinks.Async.dll": "ED29EB816F8D56F0427D9DC9624F9357",
  "Serilog.Sinks.Console.dll": "0C03EF9B084B4252C75B84D2340D608B",
  "Serilog.Sinks.File.dll": "02E729EB862D580E7BFB900FC147282B",
  "SharpDX.Direct3D11.dll": "A867B5EB553672FA712554A20DBB5033",
  "SharpDX.dll": "A7B76E33A07301B8C22D28B0F97A0B46",
  "SharpDX.DXGI.dll": "B911215DAF21376FB7A80B2313146778",
  "SharpDX.Mathematics.dll": "42B47494385185053CCC78FCBF7F7F09",
  "Silk.NET.Core.dll": "A94CAE5C8F47CE3A22D6D79720824818",
  "Silk.NET.GLFW.dll": "EE39DF6935D5B102907F71D32F5D6B74",
  "Silk.NET.Maths.dll": "B2BB89432925B28353AB650EBA175305",
  "Silk.NET.OpenGL.dll": "2C59224739B14B0014DD89F2974D0878",
  "Silk.NET.SDL.dll": "9724FA7DB903170D8ABC75C7410BC692",
  "Silk.NET.Windowing.Common.dll": "918D30A38A8A6B30C6EED42E0FC50029",
  "Silk.NET.Windowing.Glfw.dll": "3A4490AA4A37DB42675DA7731606DF6C",
  "Silk.NET.Windowing.Sdl.dll": "F0E17D621D665304580ADA462815C222",
  "SQLite-net.dll": "280B6C74E8D64026C312661E63C863C8",
  "SQLitePCLRaw.batteries_v2.dll": "DA14E3292B9119E462093C62FDFC6862",
  "SQLitePCLRaw.core.dll": "6F3E59FEA4509CBDF333B5EAF66CF004",
  "SQLitePCLRaw.nativelibrary.dll": "5F0910F91E772614FD82ED8D922D4E44",
  "SQLitePCLRaw.provider.dynamic_cdecl.dll": "E5DEC1B23F4C31D4F4172165C20D6D0A",
  "StbiSharp.dll": "FD6C9FF6B5E0F76953E451CC4A3A1145",
  "System.Reactive.dll": "EF5A00287AD15393D41B12AA4B726FF7",
  "System.Reflection.MetadataLoadContext.dll": "7EC41D41F4E1246757BA3E2EC862D562",
  "System.Security.Cryptography.Pkcs.dll": "8950E01996A37E808BE3F39063C37BF9",
  "TEMP_gitver.txt": "6355434F9B3742D2F6AC9DC93DCF873E",
  "TerraFX.Interop.Windows.dll": "84F7EF6B0DE91F8CC23F773D3FD6DEC0",
  "Validation.dll": "BA5972B093CEE1D2EFCCD3900CD99AA4"
}
