{
  "runtimes\\alpine-x64\\native\\libe_sqlite3.so": "39C244FEDBCD3DFC37041D4FCE1AE21D",
  "runtimes\\linux-arm\\native\\libe_sqlite3.so": "96CF54BC0EFB83D6E3F5F3E04997A59D",
  "runtimes\\linux-arm64\\native\\libe_sqlite3.so": "F079E55E7F3F9966A4A2052A3234E068",
  "runtimes\\linux-armel\\native\\libe_sqlite3.so": "C5A67D49434FC65D64E9C15778078C76",
  "runtimes\\linux-mips64\\native\\libe_sqlite3.so": "5F8461214089CFC677D46C19B7162161",
  "runtimes\\linux-musl-x64\\native\\libe_sqlite3.so": "39C244FEDBCD3DFC37041D4FCE1AE21D",
  "runtimes\\linux-x64\\native\\libe_sqlite3.so": "6F49C540D3AB9964D67A4A704C3D262D",
  "runtimes\\linux-x64\\native\\libglfw.so.3": "9E3137144F68B9E9793F4C7AD5B1BEA7",
  "runtimes\\linux-x64\\native\\libSDL2-2.0.so": "99B95A708381FC66AB2370E45A260527",
  "runtimes\\linux-x64\\native\\libstbi.so": "0945355ED59677D06E3E88F48101BB26",
  "runtimes\\linux-x86\\native\\libe_sqlite3.so": "5E0659B414CBD6DDC38C65582485853E",
  "runtimes\\osx-x64\\native\\libe_sqlite3.dylib": "F82AE134FCD1C080A69D775591406673",
  "runtimes\\osx-x64\\native\\libglfw.3.dylib": "1E30FAB2F0C40E82290AD4B0BF14A880",
  "runtimes\\osx-x64\\native\\libSDL2-2.0.dylib": "AAC958490586C67395F0A90903AE3747",
  "runtimes\\osx-x64\\native\\libstbi.dylib": "0B84B0A6A80178266018081C3CAB68E6",
  "runtimes\\win-arm\\native\\e_sqlite3.dll": "95D269CAA7D886790B940C28B5AB6062",
  "runtimes\\win-arm64\\native\\e_sqlite3.dll": "4017ACFAC044372B57F2FB21F94ACDA6",
  "runtimes\\win-x64\\native\\cimgui.dll": "1E13C0534EE1AAA6D3D00FAC71E0367F",
  "runtimes\\win-x64\\native\\cimguizmo.dll": "0390EA87CE9DA11A6D2AB199FB10254C",
  "runtimes\\win-x64\\native\\cimplot.dll": "27414F9B34093B2623B2A71A945B0E8F",
  "runtimes\\win-x64\\native\\e_sqlite3.dll": "E4D1C45A6E6FFA5F9C697370F78FB8F2",
  "runtimes\\win-x64\\native\\glfw3.dll": "96A4D2C7A9A3FE11E887ABFA664666A6",
  "runtimes\\win-x64\\native\\minhook.x64d.dll": "06C484B79D7AEB54C6B1BC1D70316548",
  "runtimes\\win-x64\\native\\SDL2.dll": "E0FC27B60568ADACB76456F14F256B3E",
  "runtimes\\win-x64\\native\\stbi.dll": "46FAA86291D90228933A5FC60BA43D24",
  "runtimes\\win-x64\\native\\stbi.lib": "927C214DE576219E1F80DBE7798A0502",
  "runtimes\\win-x86\\native\\e_sqlite3.dll": "0EAEECA466208A49459FF86B5047CCF5",
  "runtimes\\win-x86\\native\\glfw3.dll": "95A18A2B281B683E8FC47BED2A7A6E65",
  "runtimes\\win-x86\\native\\SDL2.dll": "D6A632D933E61922A5A57F7B512C8827",
  "targets\\Dalamud.Plugin.Bootstrap.targets": "C85635161398CD9852CF7212DB7EB904",
  "targets\\Dalamud.Plugin.targets": "DDD731601C06B16E10CF2F8990452A27",
  "BitFaster.Caching.dll": "E76D1275F7CE6840CD33479500D6DA8F",
  "CheapLoc.dll": "56D379FF6CEC07A529F2F948A85B6FF8",
  "Costura.dll": "4BFB9E23F5BE167ACD284D4FCBA06ACA",
  "Dalamud.Boot.dll": "9662EF1BB9E02C92917955601FFD1504",
  "Dalamud.Common.dll": "9AB66447D9BE06C23074FB9279114EE6",
  "Dalamud.deps.json": "18FC34CCFEF7A491DF3429A7BA56AF97",
  "Dalamud.dll": "83EE4AE2C28A2A60045C6F1B99FA04D2",
  "Dalamud.Injector.deps.json": "973E5D437761614CB8BADBA9E2C0F6EA",
  "Dalamud.Injector.dll": "A617A179F7733701D1E3FDC4EA7BE44D",
  "Dalamud.Injector.exe": "DFCFB565505606B2AA4B143C63DA3CC4",
  "Dalamud.Injector.runtimeconfig.json": "B9BB65FFE7924D4D8BABE9FA66303200",
  "Dalamud.Injector.xml": "D41E5DF541D19A015215E777D7395C9C",
  "Dalamud.runtimeconfig.json": "2A9CD915428BDD175E0889BD0C225F75",
  "Dalamud.xml": "527BC1ACC6F720992A53BBCD925F91E1",
  "DalamudCrashHandler.exe": "B3613F58D8A6FBAE81C69CCB9FEAB662",
  "FASM-LICENSE.TXT": "ECEA1D10811221D5F0A3E96F9C38E2C7",
  "FASM.DLL": "0BEF9248C61AD12E553CB891FCE33604",
  "FASMX64.DLL": "02802E5F6ABB1AA5F77E7E7E047396C6",
  "FFXIVClientStructs.dll": "1536F82E9054F2837B2D87607D969CEC",
  "FFXIVClientStructs.xml": "1EDB46820ECD0566342DC8DD24B85DDA",
  "goaaats.Reloaded.Assembler.targets": "CC22CB0A353E2136EE9E6E96DB9F7164",
  "Iced.dll": "B549A2D383F5EB78801DB7E1B8AC21C9",
  "ImGui.NET.dll": "690CE8B10D52F8F7E247F3F8AC6607C2",
  "ImGuiScene.dll": "0A653E4D79F9CC162EAC27B7C233AA72",
  "InteropGenerator.Runtime.dll": "1A394E503E2B47947D1D89B3EBEE402E",
  "JetBrains.Annotations.dll": "CA7F2A33FE183D78426A179B85D2A7B7",
  "licenses.txt": "A159BE62AA91178EFC3E3983AE874D1D",
  "Lumina.dll": "A57250635A9577655531A412AD24243C",
  "Lumina.Excel.dll": "E9E5E80FB23930E6F42B3E96E4107CE3",
  "Microsoft.Bcl.HashCode.dll": "613AB56061ADF2284E047025207467E0",
  "Microsoft.DotNet.PlatformAbstractions.dll": "00AB0F02B1114C57C758F5AD595224F1",
  "Microsoft.Extensions.DependencyModel.dll": "F39BC76C10CFEA478C936FC4521A9FC9",
  "Microsoft.Extensions.ObjectPool.dll": "FEE3CE8A84417360CC5ED787ED6F7DB1",
  "MinSharp.dll": "D095DA3B1E1411AA34D87E928211E0AA",
  "Mono.Cecil.dll": "9F59BA2B6E22F211A75BE0720CAADFA4",
  "Mono.Cecil.Mdb.dll": "4B4576E5BB6C3234124BA9CCC4234B48",
  "Mono.Cecil.Pdb.dll": "7EAE78F788556D14231C01D747F5E194",
  "Mono.Cecil.Rocks.dll": "6107C5F44E7A753603FC9BD59954C6F5",
  "nethost.dll": "21F39F71E2F4B5BA9FB3F126872F2F9B",
  "Newtonsoft.Json.dll": "ADF3E3EECDE20B7C9661E9C47106A14A",
  "PeNet.Asn1.dll": "FA2EFB2CC15596C729A859F006F6A718",
  "PeNet.dll": "39831F052D5C38CE6EE85118D426B028",
  "PInvoke.AdvApi32.dll": "34EE461D05B403C3A15D0DEC32A3788C",
  "PInvoke.BCrypt.dll": "FD07758EE1440491F22923084109FF26",
  "PInvoke.Cabinet.dll": "333D950E3804735DA60CC41D614C63E2",
  "PInvoke.CfgMgr32.dll": "768BE7CC18EDCF78B296A72ABE891691",
  "PInvoke.Crypt32.dll": "E7B00B0851738F4A7F2C6D37DAA973B4",
  "PInvoke.DbgHelp.dll": "E701136169620D20E3A70B560DE20E44",
  "PInvoke.DwmApi.dll": "ACF223CC8962404056648815B486F7D9",
  "PInvoke.Gdi32.dll": "69FF434826F98582CE44D3136ECFFACB",
  "PInvoke.Hid.dll": "2E7A41257F8AD9B26073181F450CD8E5",
  "PInvoke.ImageHlp.dll": "79BE816E8D86EA66489D7780DD675D49",
  "PInvoke.IPHlpApi.dll": "E949FA3326D1BA8872B179AB4EE49D38",
  "PInvoke.Kernel32.dll": "234E15B122ED430DE99490CA1A204958",
  "PInvoke.Magnification.dll": "C9EA3D34F506741ECC044DB19C151F09",
  "PInvoke.Msi.dll": "69EE50CE2DA6B55755E52589F49A7EBC",
  "PInvoke.NCrypt.dll": "DA1DE76C14D99370CA3BEF19DC299B15",
  "PInvoke.NetApi32.dll": "AE79F9FA2E3864A5E0642AE4622ECDC5",
  "PInvoke.NewDev.dll": "B3E1992105D986EF9C5C8E4B630FBB07",
  "PInvoke.NTDll.dll": "3F6BDF840EB27DD0FD9EB8071822183A",
  "PInvoke.Ole32.dll": "3C49FB100B60519FFE725BCD12A538F6",
  "PInvoke.Psapi.dll": "A7683EE4B880227F01C8AE632A892B9E",
  "PInvoke.SetupApi.dll": "1B7AE321185D0081D1759A9AD829F9BA",
  "PInvoke.SHCore.dll": "F27E7F063D51480F6D2294C903E4A606",
  "PInvoke.Shell32.dll": "F71A1BCAF6478190691170DAEA77722F",
  "PInvoke.User32.dll": "8BEDE38311ED4F27127290B81B8079FD",
  "PInvoke.Userenv.dll": "FEB7BCA90B8C905EC2F4BB0789847131",
  "PInvoke.UxTheme.dll": "8E683C016250CB719FDB9AAAFC22B3C5",
  "PInvoke.Windows.Core.dll": "90015440A44935208FFEA9BF61740651",
  "PInvoke.Windows.ShellScalingApi.dll": "F351B34B8C9183A51CADFDC279357C49",
  "PInvoke.WinUsb.dll": "9EB8A0280F2848D1A32B560A939F7336",
  "PInvoke.WtsApi32.dll": "341C94455D2E5893DBE4293D4D67AA4D",
  "Reloaded.Assembler.dll": "979AED4733E4E13DF412A657448AB403",
  "Reloaded.Hooks.Definitions.dll": "B9068A2B54FDDA080DD82EE624881E40",
  "Reloaded.Hooks.dll": "9B3DC6AC3F240F5DCA24D8C7CA1BA41E",
  "Reloaded.Memory.Buffers.dll": "99D38B5198BB60BCF9B588A7338970CE",
  "Reloaded.Memory.dll": "A2E368B642D56C84CAAB94B8169045C5",
  "revision.txt": "5D78D182FD5F5510588695863D22AC27",
  "SDL2-CS.config": "65557595FD5DF55D93B2BF881DE62C3A",
  "SDL2-CS.dll": "0292B53C2CD0F89CE1EA2826AE7CB6C5",
  "Serilog.dll": "FA5546411274F833849032EFEC9CDC1F",
  "Serilog.Sinks.Async.dll": "4E6CDED0380C7DD41A8642217576AE9D",
  "Serilog.Sinks.Console.dll": "29F39D10387B09A1A294EC17879319BF",
  "Serilog.Sinks.File.dll": "59868E0C34FD2F8491C0AA029152D883",
  "SharpDX.Direct3D11.dll": "91A2FA793AEDC30B8BC173EB411AB09A",
  "SharpDX.dll": "9C01EA85E322AE7D456BA06F17337E27",
  "SharpDX.DXGI.dll": "CAD0DE2335736B012BC87FBBF48EDE91",
  "SharpDX.Mathematics.dll": "FCDB8DA8B5834B2FE5234E98A63270EB",
  "Silk.NET.Core.dll": "EE0372A0A526433A62E279776C3CA7A9",
  "Silk.NET.GLFW.dll": "91CB249763560D3F9ABF12C1B8993599",
  "Silk.NET.Maths.dll": "C188DDE10A6364665DF0F6A521E9007D",
  "Silk.NET.OpenGL.dll": "590E5B6ED63CB0FD7FB8ACFB683E69CC",
  "Silk.NET.SDL.dll": "9AA8786DC7FC352274408C096FBAF4F3",
  "Silk.NET.Windowing.Common.dll": "C5AC400274ECE83205CAF4A7369B2EA3",
  "Silk.NET.Windowing.Glfw.dll": "25758FEFA70DFC02D4BB46C9A9691831",
  "Silk.NET.Windowing.Sdl.dll": "2D2B8F2632A437004A5F4443A54AFE7E",
  "SQLite-net.dll": "80D2C754FB496B7FE4E3A3F2C8EC4029",
  "SQLitePCLRaw.batteries_v2.dll": "AE46FDC8409F84F3E2F976083502C792",
  "SQLitePCLRaw.core.dll": "97E28A813590DEDE9740F93ADA43A564",
  "SQLitePCLRaw.nativelibrary.dll": "07AFB21AC9B7B07870A069682401DF9B",
  "SQLitePCLRaw.provider.dynamic_cdecl.dll": "65CFF7A37FC899BACFAB6178A4B44ADD",
  "StbiSharp.dll": "38624A31F9AE94E4C3A358EC709B141E",
  "System.Reactive.dll": "EF5A00287AD15393D41B12AA4B726FF7",
  "System.Reflection.MetadataLoadContext.dll": "E88E3AF6D37736F339022C9ACC5F2F7B",
  "System.Security.Cryptography.Pkcs.dll": "8950E01996A37E808BE3F39063C37BF9",
  "TEMP_gitver.txt": "05817D50A0477588857D52E3F2528CB0",
  "TerraFX.Interop.Windows.dll": "84F7EF6B0DE91F8CC23F773D3FD6DEC0",
  "Validation.dll": "AB667834F0523EC53E2BAE6891CBF0B1"
}
