{
  "runtimes\\alpine-arm\\native\\libe_sqlite3.so": "87AF85204A246154501382901F3F6812",
  "runtimes\\alpine-arm64\\native\\libe_sqlite3.so": "CD4B9AAB53400EFE96ABC32B339A866A",
  "runtimes\\alpine-x64\\native\\libe_sqlite3.so": "6C9D6E34F1E932668237404D6EB6FC66",
  "runtimes\\browser-wasm\\nativeassets\\net7.0\\e_sqlite3.a": "E25518AC5EAD5E787448F3258236888E",
  "runtimes\\linux-arm\\native\\libe_sqlite3.so": "B8DA0DB6A447B5CCE98207F6A250FB84",
  "runtimes\\linux-arm64\\native\\libe_sqlite3.so": "A888898B38395A15F2DE200BAA8B486F",
  "runtimes\\linux-armel\\native\\libe_sqlite3.so": "54F3F4183B81387F7928ED0BB9B67B32",
  "runtimes\\linux-mips64\\native\\libe_sqlite3.so": "D56886A2E2F081CDEA1621BB18132764",
  "runtimes\\linux-musl-arm\\native\\libe_sqlite3.so": "87AF85204A246154501382901F3F6812",
  "runtimes\\linux-musl-arm64\\native\\libe_sqlite3.so": "CD4B9AAB53400EFE96ABC32B339A866A",
  "runtimes\\linux-musl-x64\\native\\libe_sqlite3.so": "6C9D6E34F1E932668237404D6EB6FC66",
  "runtimes\\linux-s390x\\native\\libe_sqlite3.so": "CB751CC76F280849C0E2F718D6784E69",
  "runtimes\\linux-x64\\native\\libe_sqlite3.so": "30098E7FAEB947BF5A5AE2FDB34E4461",
  "runtimes\\linux-x86\\native\\libe_sqlite3.so": "68872BD5071077981504636C2353EAA8",
  "runtimes\\maccatalyst-arm64\\native\\libe_sqlite3.dylib": "B2597C8799A6D21E5B98DB28C9C725FD",
  "runtimes\\maccatalyst-x64\\native\\libe_sqlite3.dylib": "19DCF2A64A7B5D1B8C7705AC809653A5",
  "runtimes\\osx-arm64\\native\\libe_sqlite3.dylib": "FB6D0058E0E849FA8715911B49790350",
  "runtimes\\osx-x64\\native\\libe_sqlite3.dylib": "DE5735102E730C1518C029DB3A0040A9",
  "runtimes\\win-arm\\native\\e_sqlite3.dll": "E226DDFFA4DA2A0C5FE21EF29190AE06",
  "runtimes\\win-arm64\\native\\e_sqlite3.dll": "C72F98C20CA176947BB355A0EB3DC8B8",
  "runtimes\\win-x64\\native\\e_sqlite3.dll": "3F5572F50C3E28AB802F8A7B5E4033F5",
  "runtimes\\win-x64\\native\\minhook.x64d.dll": "6051280E64F5E29750B7577954C12770",
  "runtimes\\win-x86\\native\\e_sqlite3.dll": "4498217800B13B361C7B24A137EB6583",
  "BCnEncoder.dll": "79CFDC06B48518941FDC2D88B32828B9",
  "BitFaster.Caching.dll": "CC662208156CBE311EC680D4FF680292",
  "CheapLoc.dll": "2E061DF7BE25B36DD5EB2851E74B80DA",
  "cimgui.dll": "F5236CD36820546A5F1A2A2A95C11884",
  "cimguizmo.dll": "F7B5ABEC01709669B9AA1F6E721BE2A0",
  "cimplot.dll": "F909C61C001FD280003608B0679054DA",
  "commit_hash.txt": "397C2801092F030EAC5F741FF38A10F2",
  "CommunityToolkit.HighPerformance.dll": "66B64EC334625F2C5D341A45E28EEB43",
  "Dalamud.Bindings.ImGui.dll": "1334465111E1C7EA22B989447BACBA07",
  "Dalamud.Bindings.ImGuizmo.dll": "81F410CE9143A3B01F9B41240E2814A2",
  "Dalamud.Bindings.ImPlot.dll": "8F626387F554E3FA81EC1052C85C117E",
  "Dalamud.Boot.dll": "5660EC99C187149182009DF2C6BBFA90",
  "Dalamud.Common.dll": "2F85C1D0D938B367665A092D2DF4734E",
  "Dalamud.deps.json": "28D2480381F6B371C3DCEA5D4499BD1C",
  "Dalamud.dll": "612C237364728D01D1420C20A57723F9",
  "Dalamud.Injector.deps.json": "28C3C412E18C8E21BCEC052CCAF9CE11",
  "Dalamud.Injector.dll": "62665B004B385CC0A243211C0EF4E5F4",
  "Dalamud.Injector.exe": "1A1C656A62BEF68B4753496291CE98D4",
  "Dalamud.Injector.runtimeconfig.json": "481C4D4F6151485203242D25F632FCC5",
  "Dalamud.Injector.xml": "573870DEB8A9854EC20203EDE9D78425",
  "Dalamud.runtimeconfig.json": "9DB7F0D7C94CA1AA6CA3ACFA6F93A1D8",
  "Dalamud.xml": "D90376AEB7A46E1A6DC7708087B92907",
  "DalamudCrashHandler.exe": "59F320471FEA2DD69D25FC076FE44000",
  "FASM-LICENSE.TXT": "ECEA1D10811221D5F0A3E96F9C38E2C7",
  "FASM.DLL": "2332FC1E45BC14127D1AAA381EBAE400",
  "FASMX64.DLL": "A2964E78C068D32F44C90CAAA6E2A78E",
  "FFXIVClientStructs.dll": "E4B4F7F50A00E8DDB8EFA17BCAC411CE",
  "FFXIVClientStructs.xml": "1FC2CED31F5DAFE10C3AAB8E7F85D8C8",
  "goatcorp.Reloaded.Assembler.dll": "9DB43764EE4E7119F903E8BACCA34CC4",
  "goatcorp.Reloaded.Assembler.targets": "CC22CB0A353E2136EE9E6E96DB9F7164",
  "goatcorp.Reloaded.Hooks.dll": "6888EC18E9CF27A5044AD64EDA4092AD",
  "goatcorp.Reloaded.Memory.Buffers.dll": "99F116494BA410EE875CA18273CEC94C",
  "HexaGen.Runtime.dll": "C8BAA32FB39269770EB0D945DD9E0CE4",
  "Iced.dll": "00C5A87002049338668688437B7FF3A6",
  "ImGuiScene.dll": "6FA76C075A70D9EE08E286EBFB8DA387",
  "InteropGenerator.Runtime.dll": "AB292E4070A72E6D7E5FB01CE892E383",
  "JetBrains.Annotations.dll": "D334483DFBCF8BE6062277E1FB3B94F3",
  "licenses.txt": "A159BE62AA91178EFC3E3983AE874D1D",
  "Lumina.dll": "9D80D72FAF4C258E33596F663E1411E6",
  "Lumina.Excel.dll": "46E05651078C3BAA5447CC01A68AE3A4",
  "Lumina.Excel.xml": "AEE3C28A2AE7FBEC7B9B5685FA0F569D",
  "Microsoft.Extensions.ObjectPool.dll": "CB2B8426DF93B062B631BC85B3369BED",
  "MinSharp.dll": "5ACDB4F528DF6CA4F94827F24A7CE46F",
  "Mono.Cecil.dll": "5F7C0688B31354E613F2FCDA89F27833",
  "Mono.Cecil.Mdb.dll": "70CD3A4B831C7203F517E8EA595E7CAC",
  "Mono.Cecil.Pdb.dll": "5F8DEA5277067872D25CC844D5A620EC",
  "Mono.Cecil.Rocks.dll": "D803BFA60E16CB8BB3258B70B2096519",
  "nethost.dll": "21F39F71E2F4B5BA9FB3F126872F2F9B",
  "Newtonsoft.Json.dll": "C252FE44B67A08E6DAB4EADE3764DB49",
  "PeNet.Asn1.dll": "26EF56D525F5465E86D0DE0F754796EE",
  "PeNet.dll": "40329E27E5C48CB47A899A024AA84E08",
  "Reloaded.Hooks.Definitions.dll": "E17DD06A0405B88AE1D5170C66C2B214",
  "Reloaded.Memory.Buffers.dll": "9901C74002C37EC393602B0EDE5C5BEA",
  "Reloaded.Memory.dll": "FDC9CA4276FB50B6D9AE71EE1A44AFA2",
  "revision.txt": "692BAEBEC3BB4B53D7EBC3B9FABAC31B",
  "Serilog.dll": "05AE70C2CB6C2DFC51F16A84334FFE82",
  "Serilog.Sinks.Async.dll": "FD02160A7C226CA2209E181433563E5B",
  "Serilog.Sinks.Console.dll": "055F552A5013B20B1102C91209C68CEE",
  "Serilog.Sinks.File.dll": "F1E21A358E97AFA04A13093E1C2B1C8A",
  "SQLite-net.dll": "A73CC7CC7CAF3832C45C4BAD760AAB8D",
  "SQLitePCLRaw.batteries_v2.dll": "061B23C87819328C6ADA4949E843EB99",
  "SQLitePCLRaw.core.dll": "5F14FC5C529127B7526445ECBE53FEF4",
  "SQLitePCLRaw.provider.e_sqlite3.dll": "41C00671F24E378129643A7B6AB40FC1",
  "System.Reactive.dll": "C6016588304D55406E3D1C2FA7D42903",
  "System.Reflection.MetadataLoadContext.dll": "284C720DEE2524BCF10DD1B5648AA303",
  "System.Security.Cryptography.Pkcs.dll": "17945B2BF07D9377E36AD3EBE69FF693",
  "TEMP_gitver.txt": "D687C5E1B77F7E0A5A12F54FF9139CBA",
  "TerraFX.Interop.Windows.dll": "C75D06E77DE5A095D45676A81CDE0DC9"
}
