{
  "runtimes\\linux-x64\\native\\libglfw.so.3": "9E3137144F68B9E9793F4C7AD5B1BEA7",
  "runtimes\\linux-x64\\native\\libSDL2-2.0.so": "99B95A708381FC66AB2370E45A260527",
  "runtimes\\linux-x64\\native\\libstbi.so": "0945355ED59677D06E3E88F48101BB26",
  "runtimes\\osx-x64\\native\\libglfw.3.dylib": "1E30FAB2F0C40E82290AD4B0BF14A880",
  "runtimes\\osx-x64\\native\\libSDL2-2.0.dylib": "AAC958490586C67395F0A90903AE3747",
  "runtimes\\osx-x64\\native\\libstbi.dylib": "0B84B0A6A80178266018081C3CAB68E6",
  "runtimes\\win-x64\\native\\cimgui.dll": "F9806716F9E2FDF5BF140271AE458D8D",
  "runtimes\\win-x64\\native\\cimguizmo.dll": "B667431D1EAAE42C8167A90D70CAE316",
  "runtimes\\win-x64\\native\\cimplot.dll": "7E8E3A1507F73A408C2DC5E5920A9915",
  "runtimes\\win-x64\\native\\glfw3.dll": "76C32A91A3D06A77661CDB41CCCE74CD",
  "runtimes\\win-x64\\native\\minhook.x64d.dll": "64C354F5D43997F1C71756EC13D3B732",
  "runtimes\\win-x64\\native\\SDL2.dll": "1D3213294452F5E35E8F4703AB909F84",
  "runtimes\\win-x64\\native\\stbi.dll": "279711F22B55AE247A455FAD60A0153A",
  "runtimes\\win-x64\\native\\stbi.lib": "927C214DE576219E1F80DBE7798A0502",
  "runtimes\\win-x86\\native\\glfw3.dll": "55930299CCAB416BD76AC4131FE411D2",
  "runtimes\\win-x86\\native\\SDL2.dll": "334F09EA91BBC93719627A9449682F0C",
  "targets\\Dalamud.Plugin.Bootstrap.targets": "6406D606CC8075DC321E93123D2DD09B",
  "targets\\Dalamud.Plugin.targets": "F6630CB3D5AC6755A1493FC19F2A36B4",
  "CheapLoc.dll": "0EDA8F6B04A6566AD4FE3520923E40AA",
  "Costura.dll": "98C55CF70EC59714402ED6A36084F556",
  "Dalamud.Boot.dll": "4E1D11C4C0FA483EE261517F2C49E2F4",
  "Dalamud.deps.json": "1326AB0554AFF85920217AD6548114B3",
  "Dalamud.dll": "53BE2DFBFF8B6B4C716D60835D256B5F",
  "Dalamud.Injector.deps.json": "D10EED2039C0151239F5EA4FE3A65A7B",
  "Dalamud.Injector.dll": "ADC4F1C10F350E0939F8E90C02F8DC26",
  "Dalamud.Injector.exe": "39F2D1304BF4A10454EBBFB96EDE5BBD",
  "Dalamud.Injector.runtimeconfig.json": "AAAFA957BB3B382321D67ACC2D792553",
  "Dalamud.Injector.xml": "CC06A545B271F56E0781ECC82BDEF67F",
  "Dalamud.Interface.dll": "5CAF90B52158400863C128C12E01EA6D",
  "Dalamud.runtimeconfig.json": "454E2BA21742B08CF0A9827950A92B0F",
  "Dalamud.xml": "4A38986C171A8D8566CE8E18C946DF67",
  "DalamudCrashHandler.exe": "56FEFDA23C7D18681B9164E27588F2B3",
  "FASM-LICENSE.TXT": "ECEA1D10811221D5F0A3E96F9C38E2C7",
  "FASM.DLL": "DA73F11D7017E2B513AF9A0E84E10949",
  "FASMX64.DLL": "80A3815B427E37456E5313905FDDA3AF",
  "FFXIVClientStructs.dll": "3F1914A878C0D0339A49CF3F3398D03F",
  "FFXIVClientStructs.xml": "1039D3B4BEB7FD5F53EA46AEAA2C5231",
  "goaaats.Reloaded.Assembler.targets": "CC22CB0A353E2136EE9E6E96DB9F7164",
  "Iced.dll": "B3658CBF075B08BDC7F8C55D24CF1E7B",
  "ImGui.NET.dll": "8D845F2FD974A15E38AA6E25E27241B9",
  "ImGuiScene.dll": "DBB8B86EB3674A63B018FBFCF32E9E9E",
  "JetBrains.Annotations.dll": "12ED7840CE3D8578BDADB1A4E17EB0E3",
  "licenses.txt": "A159BE62AA91178EFC3E3983AE874D1D",
  "Lumina.dll": "4A39D1354A848CB70F59FBCA90F56386",
  "Lumina.Excel.dll": "80373A89CC2A6BBD9EFE70448AED2F43",
  "Microsoft.Bcl.HashCode.dll": "613AB56061ADF2284E047025207467E0",
  "Microsoft.DotNet.PlatformAbstractions.dll": "00AB0F02B1114C57C758F5AD595224F1",
  "Microsoft.Extensions.DependencyModel.dll": "F39BC76C10CFEA478C936FC4521A9FC9",
  "MinSharp.dll": "003D07BC9E7C3092F2211F9C46B8A993",
  "Mono.Cecil.dll": "B4A1B639F5D8A8779C30CFF1DFEC32FB",
  "Mono.Cecil.Mdb.dll": "C54F01D5EED3D1A4A063518D362D8614",
  "Mono.Cecil.Pdb.dll": "D28D8D7E85C8260BB2961680542348D0",
  "Mono.Cecil.Rocks.dll": "199D02E277DB76165FABB543367686DB",
  "MonoMod.Backports.dll": "972F75BC78FFF19CED60972FEE4A03F4",
  "MonoMod.Core.dll": "869A3CBAE589D37C1B69CF23A7A25A60",
  "MonoMod.Iced.dll": "0757595E057581442734A5138CC09796",
  "MonoMod.ILHelpers.dll": "4D885E2BDD2A088758FFE6308A6E3485",
  "MonoMod.RuntimeDetour.dll": "9AC4F6A77C2779E7CB573C8E62163667",
  "MonoMod.Utils.dll": "4B8DE46F130A1540E12EE23328E87D5C",
  "nethost.dll": "012081214FE71F0F6ADCD9F4A71B2B00",
  "Newtonsoft.Json.dll": "86A83A63F12B55FD3718CFBFB577D7DC",
  "PeNet.Asn1.dll": "5C310293392EE9A9225A46F40F4088F7",
  "PeNet.dll": "3AA44DF32663693C8D0AECE6401CAB97",
  "PInvoke.AdvApi32.dll": "34EE461D05B403C3A15D0DEC32A3788C",
  "PInvoke.BCrypt.dll": "FD07758EE1440491F22923084109FF26",
  "PInvoke.Cabinet.dll": "333D950E3804735DA60CC41D614C63E2",
  "PInvoke.CfgMgr32.dll": "768BE7CC18EDCF78B296A72ABE891691",
  "PInvoke.Crypt32.dll": "E7B00B0851738F4A7F2C6D37DAA973B4",
  "PInvoke.DbgHelp.dll": "E701136169620D20E3A70B560DE20E44",
  "PInvoke.DwmApi.dll": "ACF223CC8962404056648815B486F7D9",
  "PInvoke.Gdi32.dll": "69FF434826F98582CE44D3136ECFFACB",
  "PInvoke.Hid.dll": "2E7A41257F8AD9B26073181F450CD8E5",
  "PInvoke.ImageHlp.dll": "79BE816E8D86EA66489D7780DD675D49",
  "PInvoke.IPHlpApi.dll": "E949FA3326D1BA8872B179AB4EE49D38",
  "PInvoke.Kernel32.dll": "234E15B122ED430DE99490CA1A204958",
  "PInvoke.Magnification.dll": "C9EA3D34F506741ECC044DB19C151F09",
  "PInvoke.Msi.dll": "69EE50CE2DA6B55755E52589F49A7EBC",
  "PInvoke.NCrypt.dll": "DA1DE76C14D99370CA3BEF19DC299B15",
  "PInvoke.NetApi32.dll": "AE79F9FA2E3864A5E0642AE4622ECDC5",
  "PInvoke.NewDev.dll": "B3E1992105D986EF9C5C8E4B630FBB07",
  "PInvoke.NTDll.dll": "3F6BDF840EB27DD0FD9EB8071822183A",
  "PInvoke.Ole32.dll": "3C49FB100B60519FFE725BCD12A538F6",
  "PInvoke.Psapi.dll": "A7683EE4B880227F01C8AE632A892B9E",
  "PInvoke.SetupApi.dll": "1B7AE321185D0081D1759A9AD829F9BA",
  "PInvoke.SHCore.dll": "F27E7F063D51480F6D2294C903E4A606",
  "PInvoke.Shell32.dll": "F71A1BCAF6478190691170DAEA77722F",
  "PInvoke.User32.dll": "8BEDE38311ED4F27127290B81B8079FD",
  "PInvoke.Userenv.dll": "FEB7BCA90B8C905EC2F4BB0789847131",
  "PInvoke.UxTheme.dll": "8E683C016250CB719FDB9AAAFC22B3C5",
  "PInvoke.Windows.Core.dll": "90015440A44935208FFEA9BF61740651",
  "PInvoke.Windows.ShellScalingApi.dll": "F351B34B8C9183A51CADFDC279357C49",
  "PInvoke.WinUsb.dll": "9EB8A0280F2848D1A32B560A939F7336",
  "PInvoke.WtsApi32.dll": "341C94455D2E5893DBE4293D4D67AA4D",
  "Reloaded.Assembler.dll": "65FD7EAEA9291F50144A42B87802F12D",
  "Reloaded.Hooks.Definitions.dll": "9E440C82C311505960A9F2498368C178",
  "Reloaded.Hooks.dll": "5D8137A8DC04CA572C17D5BD1B728B11",
  "Reloaded.Memory.Buffers.dll": "00839F3EAEC51E8DC8E9D3678EEE3A29",
  "Reloaded.Memory.dll": "D4717E3D909D8EB88153F0A511728D7F",
  "revision.txt": "BB702465F3C3141263DDD046C9585B27",
  "SDL2-CS.config": "65557595FD5DF55D93B2BF881DE62C3A",
  "SDL2-CS.dll": "46DCC5F1FBF361916DE265A213FB7151",
  "Serilog.dll": "D38A1D8A61B0FB55A1AFC96556AC6C9A",
  "Serilog.Sinks.Async.dll": "66AE5AC7DE376FAACF02F0E242D4F8EB",
  "Serilog.Sinks.Console.dll": "E000576166486C755861FD5002A0887A",
  "Serilog.Sinks.File.dll": "68E4383B83677D8AA4A7F5755062B82A",
  "SharpDX.Direct3D11.dll": "B5084751D13ED2440DE8AF3BDF2EF241",
  "SharpDX.dll": "D9A50B7306170355C981B1951AF7A456",
  "SharpDX.DXGI.dll": "B00A019CA223CB4CF429D3ADA04B2D17",
  "SharpDX.Mathematics.dll": "F317E1BC4A09E4A79C3F5B565C86DFCE",
  "Silk.NET.Core.dll": "73AA6D7F1776578C80603ED2BE5F90B5",
  "Silk.NET.GLFW.dll": "39507EA1722CFB4733D080FADB01CD5D",
  "Silk.NET.Maths.dll": "61B42D071E406E1C03705779C63C3612",
  "Silk.NET.OpenGL.dll": "5DC844FAE46FD34C614F5F8DE22D8FB9",
  "Silk.NET.SDL.dll": "813EC8D57F97FC06CA2262E114F227B6",
  "Silk.NET.Windowing.Common.dll": "7D4FF60278A5C4409761B4B4B04718C9",
  "Silk.NET.Windowing.Glfw.dll": "1BF08D85C9C707ECF6E27F9E147FFB72",
  "Silk.NET.Windowing.Sdl.dll": "47D142B9571C249C9AA27BE6354C70A8",
  "StbiSharp.dll": "9385718244F0645B2149CEB571BCF341",
  "System.Reactive.dll": "EF5A00287AD15393D41B12AA4B726FF7",
  "System.Reflection.MetadataLoadContext.dll": "7EC41D41F4E1246757BA3E2EC862D562",
  "System.Security.Cryptography.Pkcs.dll": "8950E01996A37E808BE3F39063C37BF9",
  "TEMP_gitver.txt": "EF97DADCA69FF1EBA1D9FC009107B4FE",
  "Validation.dll": "768E4CD48F344E64D1E3466ACB65EA97"
}
