{
  "runtimes\\linux-x64\\native\\libglfw.so.3": "9E3137144F68B9E9793F4C7AD5B1BEA7",
  "runtimes\\linux-x64\\native\\libSDL2-2.0.so": "99B95A708381FC66AB2370E45A260527",
  "runtimes\\linux-x64\\native\\libstbi.so": "0945355ED59677D06E3E88F48101BB26",
  "runtimes\\osx-x64\\native\\libglfw.3.dylib": "1E30FAB2F0C40E82290AD4B0BF14A880",
  "runtimes\\osx-x64\\native\\libSDL2-2.0.dylib": "AAC958490586C67395F0A90903AE3747",
  "runtimes\\osx-x64\\native\\libstbi.dylib": "0B84B0A6A80178266018081C3CAB68E6",
  "runtimes\\win-x64\\native\\cimgui.dll": "AA1A00ED90D1FEF0C8AF7C1EAA73019C",
  "runtimes\\win-x64\\native\\cimguizmo.dll": "5A89E74DC9FEB63504E50213CB3125DA",
  "runtimes\\win-x64\\native\\cimplot.dll": "645A8D8C79BEC3EEF47AF20BE7072EFB",
  "runtimes\\win-x64\\native\\glfw3.dll": "E18099E9260FC1CDCFA11A3EA044D654",
  "runtimes\\win-x64\\native\\minhook.x64d.dll": "82F5CFCA7C72CA13F53873E4E58D63D0",
  "runtimes\\win-x64\\native\\SDL2.dll": "134F79183F90F9F592AA86685E5A911B",
  "runtimes\\win-x64\\native\\stbi.dll": "B95C260C243FE16E41034FE0BBD96A77",
  "runtimes\\win-x64\\native\\stbi.lib": "927C214DE576219E1F80DBE7798A0502",
  "runtimes\\win-x86\\native\\glfw3.dll": "EBE5635395C6CFAEE5D283F4423307FB",
  "runtimes\\win-x86\\native\\SDL2.dll": "2157CC36362EB7239E8B11F494812A0F",
  "targets\\Dalamud.Plugin.Bootstrap.targets": "72C91AC1B4F7C83711BB4C5834FE49A8",
  "targets\\Dalamud.Plugin.targets": "CE55DF182FBC948D33DB41454A31EEF9",
  "CheapLoc.dll": "DC6C6837A1740FDB3AE6D7DC0C9AA6FA",
  "Costura.dll": "C75C9948806A11B117974E02A7B9F6B6",
  "Dalamud.Boot.dll": "BFE96524C499154E29C0E2993B9D9CEA",
  "Dalamud.deps.json": "051357BD08583BEAB8CB20902199B7AC",
  "Dalamud.dll": "8D84BB7630E101588C1DF2ABFE5795E3",
  "Dalamud.Injector.deps.json": "D10EED2039C0151239F5EA4FE3A65A7B",
  "Dalamud.Injector.dll": "CEEC8B8530669496DB71593882ECDEBC",
  "Dalamud.Injector.exe": "3AE22B905831A24CA9560B2E047B220A",
  "Dalamud.Injector.runtimeconfig.json": "AAAFA957BB3B382321D67ACC2D792553",
  "Dalamud.Injector.xml": "CC06A545B271F56E0781ECC82BDEF67F",
  "Dalamud.Interface.dll": "36D320DD92A786B8348362568D3C0767",
  "Dalamud.runtimeconfig.json": "454E2BA21742B08CF0A9827950A92B0F",
  "Dalamud.xml": "2B827D57D6E7E649400A4BA3B20BB2E3",
  "DalamudCrashHandler.exe": "D549234CE4910EA1DAA6E82F91F85635",
  "FASM-LICENSE.TXT": "ECEA1D10811221D5F0A3E96F9C38E2C7",
  "FASM.DLL": "2022B1806E84F3F3A7AFA1F6AFB7094E",
  "FASMX64.DLL": "270D6C2D2F6424FE842C26B708B1E0E5",
  "FFXIVClientStructs.dll": "8492ADA2DB61352FC46BA1BD24D270DC",
  "FFXIVClientStructs.xml": "2C14CF4CED3098BCC3AA812F2489DB54",
  "goaaats.Reloaded.Assembler.targets": "CC22CB0A353E2136EE9E6E96DB9F7164",
  "Iced.dll": "CF639D5A5B339CBFE662F3CCD00A8514",
  "ImGui.NET.dll": "C162501596C46BA349FDF35EEE0BCE99",
  "ImGuiScene.dll": "8AEC685DC5FA485E474BDBDFC11DD89F",
  "JetBrains.Annotations.dll": "2E43F03BC053024BCC2A1C5B1D97C0D7",
  "licenses.txt": "A159BE62AA91178EFC3E3983AE874D1D",
  "Lumina.dll": "D341D09687882D92BA7CB6456B481017",
  "Lumina.Excel.dll": "05E6B050E338561C9CFA8FA0B59757B0",
  "Microsoft.Bcl.HashCode.dll": "613AB56061ADF2284E047025207467E0",
  "Microsoft.DotNet.PlatformAbstractions.dll": "00AB0F02B1114C57C758F5AD595224F1",
  "Microsoft.Extensions.DependencyModel.dll": "F39BC76C10CFEA478C936FC4521A9FC9",
  "MinSharp.dll": "F2117803C2B10220AACDB56F489497AC",
  "Mono.Cecil.dll": "A8710C45B784D8865DAE9119799E0EDC",
  "Mono.Cecil.Mdb.dll": "5F7C84A179E714FB13D2EA6A8526AEB8",
  "Mono.Cecil.Pdb.dll": "D1444C7F1398958021BF522C4CD552CA",
  "Mono.Cecil.Rocks.dll": "EDBD5C2CEA65879D6F0C587E8832086F",
  "MonoMod.Backports.dll": "62F5DB8466A6D8DF24F67EC1655041AA",
  "MonoMod.Core.dll": "A03469EA4369E214A1C84FD6417C6F36",
  "MonoMod.Iced.dll": "252CF462CF7D06DA0DB2ED5347060845",
  "MonoMod.ILHelpers.dll": "378A3D0468457F0E44B15FC5F1EBA68E",
  "MonoMod.RuntimeDetour.dll": "19BF5DD97F229D64C362ADFA9D4EFE1E",
  "MonoMod.Utils.dll": "1BF0DC19DE909553ED69E9585C43AE2E",
  "nethost.dll": "012081214FE71F0F6ADCD9F4A71B2B00",
  "Newtonsoft.Json.dll": "86A83A63F12B55FD3718CFBFB577D7DC",
  "PeNet.Asn1.dll": "8A825D019B4A61D8B8D1E35FE08E0A3B",
  "PeNet.dll": "86911418A7FB23C6D86578E53913DC5F",
  "PInvoke.AdvApi32.dll": "34EE461D05B403C3A15D0DEC32A3788C",
  "PInvoke.BCrypt.dll": "FD07758EE1440491F22923084109FF26",
  "PInvoke.Cabinet.dll": "333D950E3804735DA60CC41D614C63E2",
  "PInvoke.CfgMgr32.dll": "768BE7CC18EDCF78B296A72ABE891691",
  "PInvoke.Crypt32.dll": "E7B00B0851738F4A7F2C6D37DAA973B4",
  "PInvoke.DbgHelp.dll": "E701136169620D20E3A70B560DE20E44",
  "PInvoke.DwmApi.dll": "ACF223CC8962404056648815B486F7D9",
  "PInvoke.Gdi32.dll": "69FF434826F98582CE44D3136ECFFACB",
  "PInvoke.Hid.dll": "2E7A41257F8AD9B26073181F450CD8E5",
  "PInvoke.ImageHlp.dll": "79BE816E8D86EA66489D7780DD675D49",
  "PInvoke.IPHlpApi.dll": "E949FA3326D1BA8872B179AB4EE49D38",
  "PInvoke.Kernel32.dll": "234E15B122ED430DE99490CA1A204958",
  "PInvoke.Magnification.dll": "C9EA3D34F506741ECC044DB19C151F09",
  "PInvoke.Msi.dll": "69EE50CE2DA6B55755E52589F49A7EBC",
  "PInvoke.NCrypt.dll": "DA1DE76C14D99370CA3BEF19DC299B15",
  "PInvoke.NetApi32.dll": "AE79F9FA2E3864A5E0642AE4622ECDC5",
  "PInvoke.NewDev.dll": "B3E1992105D986EF9C5C8E4B630FBB07",
  "PInvoke.NTDll.dll": "3F6BDF840EB27DD0FD9EB8071822183A",
  "PInvoke.Ole32.dll": "3C49FB100B60519FFE725BCD12A538F6",
  "PInvoke.Psapi.dll": "A7683EE4B880227F01C8AE632A892B9E",
  "PInvoke.SetupApi.dll": "1B7AE321185D0081D1759A9AD829F9BA",
  "PInvoke.SHCore.dll": "F27E7F063D51480F6D2294C903E4A606",
  "PInvoke.Shell32.dll": "F71A1BCAF6478190691170DAEA77722F",
  "PInvoke.User32.dll": "8BEDE38311ED4F27127290B81B8079FD",
  "PInvoke.Userenv.dll": "FEB7BCA90B8C905EC2F4BB0789847131",
  "PInvoke.UxTheme.dll": "8E683C016250CB719FDB9AAAFC22B3C5",
  "PInvoke.Windows.Core.dll": "90015440A44935208FFEA9BF61740651",
  "PInvoke.Windows.ShellScalingApi.dll": "F351B34B8C9183A51CADFDC279357C49",
  "PInvoke.WinUsb.dll": "9EB8A0280F2848D1A32B560A939F7336",
  "PInvoke.WtsApi32.dll": "341C94455D2E5893DBE4293D4D67AA4D",
  "Reloaded.Assembler.dll": "853819D12F9CD0B2FC2F4FB6B48FF50A",
  "Reloaded.Hooks.Definitions.dll": "8819D020F9629A106DFCA175677F6D51",
  "Reloaded.Hooks.dll": "33089CD52AAAC3A23EECD0E79FEBAA20",
  "Reloaded.Memory.Buffers.dll": "55A65DA6A16139185FFE7861C1D2BD98",
  "Reloaded.Memory.dll": "BB106D8B2E6A4F3E34C6FFB75FD621FF",
  "revision.txt": "F3A3A63A79EB1831B0A2776BFD20D838",
  "SDL2-CS.config": "65557595FD5DF55D93B2BF881DE62C3A",
  "SDL2-CS.dll": "C0A767958327E956798C82796166079B",
  "Serilog.dll": "617F9103811D8129054F22BB87DFD56D",
  "Serilog.Sinks.Async.dll": "03F2D7C79C77C7E8AE730703DB6B26D8",
  "Serilog.Sinks.Console.dll": "EBAB8E810CAAFEABAB07161109FCD396",
  "Serilog.Sinks.File.dll": "E9ACD45DAA20EF361BA387A349BF98F8",
  "SharpDX.Direct3D11.dll": "5DA70E22BE13E0775A4B18422BD8318E",
  "SharpDX.dll": "83C5784026E85B2205FB2A351D35F848",
  "SharpDX.DXGI.dll": "E7FB4843C4C66CEEB37F6F1F97BD73E0",
  "SharpDX.Mathematics.dll": "F50757F5C4322380A8C442BC8B8D8ACB",
  "Silk.NET.Core.dll": "420DE56B34DD3D9A09C0A4AAE8886FF3",
  "Silk.NET.GLFW.dll": "E92666D19A7D3A5A41F95E55405A9713",
  "Silk.NET.Maths.dll": "C05D2FFE293564ADBE7C2D04FFF180E3",
  "Silk.NET.OpenGL.dll": "4815C0D25BDDF763164C8B7D8D31A36F",
  "Silk.NET.SDL.dll": "783E65D7CC3D3A715FFE8EADE44E7E75",
  "Silk.NET.Windowing.Common.dll": "609F68E9F361C081093964448A7CC74E",
  "Silk.NET.Windowing.Glfw.dll": "E16DE7C3CBE00DB5BBBA07E9791B7942",
  "Silk.NET.Windowing.Sdl.dll": "C333275396176737B719CCB81D076E66",
  "StbiSharp.dll": "15030C0BDCF43F6D28333334A90CE163",
  "System.Reactive.dll": "EF5A00287AD15393D41B12AA4B726FF7",
  "System.Reflection.MetadataLoadContext.dll": "7EC41D41F4E1246757BA3E2EC862D562",
  "System.Security.Cryptography.Pkcs.dll": "8950E01996A37E808BE3F39063C37BF9",
  "TEMP_gitver.txt": "B87F71521D9D15799252A03FD426B843",
  "Validation.dll": "43CB5AC7D7A2A21013D3F3DCF41D9ED8"
}
