{
  "runtimes\\alpine-x64\\native\\libe_sqlite3.so": "39C244FEDBCD3DFC37041D4FCE1AE21D",
  "runtimes\\linux-arm\\native\\libe_sqlite3.so": "96CF54BC0EFB83D6E3F5F3E04997A59D",
  "runtimes\\linux-arm64\\native\\libe_sqlite3.so": "F079E55E7F3F9966A4A2052A3234E068",
  "runtimes\\linux-armel\\native\\libe_sqlite3.so": "C5A67D49434FC65D64E9C15778078C76",
  "runtimes\\linux-mips64\\native\\libe_sqlite3.so": "5F8461214089CFC677D46C19B7162161",
  "runtimes\\linux-musl-x64\\native\\libe_sqlite3.so": "39C244FEDBCD3DFC37041D4FCE1AE21D",
  "runtimes\\linux-x64\\native\\libe_sqlite3.so": "6F49C540D3AB9964D67A4A704C3D262D",
  "runtimes\\linux-x64\\native\\libglfw.so.3": "9E3137144F68B9E9793F4C7AD5B1BEA7",
  "runtimes\\linux-x64\\native\\libSDL2-2.0.so": "99B95A708381FC66AB2370E45A260527",
  "runtimes\\linux-x64\\native\\libstbi.so": "0945355ED59677D06E3E88F48101BB26",
  "runtimes\\linux-x86\\native\\libe_sqlite3.so": "5E0659B414CBD6DDC38C65582485853E",
  "runtimes\\osx-x64\\native\\libe_sqlite3.dylib": "F82AE134FCD1C080A69D775591406673",
  "runtimes\\osx-x64\\native\\libglfw.3.dylib": "1E30FAB2F0C40E82290AD4B0BF14A880",
  "runtimes\\osx-x64\\native\\libSDL2-2.0.dylib": "AAC958490586C67395F0A90903AE3747",
  "runtimes\\osx-x64\\native\\libstbi.dylib": "0B84B0A6A80178266018081C3CAB68E6",
  "runtimes\\win-arm\\native\\e_sqlite3.dll": "BD8047B17368FC84D8A881AD659750C5",
  "runtimes\\win-arm64\\native\\e_sqlite3.dll": "5C02C5D092B4730918E271E1B422D36C",
  "runtimes\\win-x64\\native\\cimgui.dll": "2007191EE36D5B7875F68411949B84EA",
  "runtimes\\win-x64\\native\\cimguizmo.dll": "4D8BC835DF8D0B9A0067602E50339C25",
  "runtimes\\win-x64\\native\\cimplot.dll": "C9E945258D100882D79DF4FF39C03EFB",
  "runtimes\\win-x64\\native\\e_sqlite3.dll": "E1764D8D9FEC295628E66B5FBCB46451",
  "runtimes\\win-x64\\native\\glfw3.dll": "01196B9978F54C041815B297B86854FC",
  "runtimes\\win-x64\\native\\minhook.x64d.dll": "45BDFE41A3646E46E299412DFA2C63DE",
  "runtimes\\win-x64\\native\\SDL2.dll": "B840ABC5E140F545B2197A0EC62B221E",
  "runtimes\\win-x64\\native\\stbi.dll": "365B25EBEEFD39FF2D471A0FEDA003FD",
  "runtimes\\win-x64\\native\\stbi.lib": "927C214DE576219E1F80DBE7798A0502",
  "runtimes\\win-x86\\native\\e_sqlite3.dll": "48519B487707ECC2C82153CA08F507D9",
  "runtimes\\win-x86\\native\\glfw3.dll": "B4FA5F1007EDEC255F91294AC09A2CE5",
  "runtimes\\win-x86\\native\\SDL2.dll": "3BA7409007B0C5F5F6BA62D5DEE59BFB",
  "targets\\Dalamud.Plugin.Bootstrap.targets": "C85635161398CD9852CF7212DB7EB904",
  "targets\\Dalamud.Plugin.targets": "DDD731601C06B16E10CF2F8990452A27",
  "BitFaster.Caching.dll": "CFD4FAAA1FA1546D113395E5C6618627",
  "CheapLoc.dll": "64176971B41AB5AFB5022817EBD66C88",
  "commit_hash.txt": "AB04A7B3AA9519A29F5076A462FB259D",
  "Costura.dll": "1FAE020DB4D80855227DFAB56D4F67B0",
  "Dalamud.Boot.dll": "B3CC77234B451AB7D7F0B7751BF78CCE",
  "Dalamud.Common.dll": "4F0E7A549EA8C842065719F7E8484631",
  "Dalamud.deps.json": "F22291DFB66178B3E97741A40D066625",
  "Dalamud.dll": "C7363184BC09FED8D9005DC2A7809078",
  "Dalamud.Injector.deps.json": "973E5D437761614CB8BADBA9E2C0F6EA",
  "Dalamud.Injector.dll": "C8017BD90C9C2A6BAD1E187C181CF5DC",
  "Dalamud.Injector.exe": "2B05DBE878538FC9A3B43D4B7CE1EBD4",
  "Dalamud.Injector.runtimeconfig.json": "B9BB65FFE7924D4D8BABE9FA66303200",
  "Dalamud.Injector.xml": "D41E5DF541D19A015215E777D7395C9C",
  "Dalamud.runtimeconfig.json": "2A9CD915428BDD175E0889BD0C225F75",
  "Dalamud.xml": "2F80B8B56A5C64D220679AFB56F56067",
  "DalamudCrashHandler.exe": "0FCB50F4B58D1D98C2B9B85DB858A979",
  "FASM-LICENSE.TXT": "ECEA1D10811221D5F0A3E96F9C38E2C7",
  "FASM.DLL": "8127ECF683F1D5E59C31FA0211DE54B7",
  "FASMX64.DLL": "F306781E5D7421EE2191AAE1C056E8A2",
  "FFXIVClientStructs.dll": "34A4397A83573FBD75F88A5B3F4114F4",
  "FFXIVClientStructs.xml": "ADAA7D0DC746EDC7F1FF205AF753F6A0",
  "goaaats.Reloaded.Assembler.targets": "CC22CB0A353E2136EE9E6E96DB9F7164",
  "Iced.dll": "0354B87B15F8E804C61541909357D19F",
  "ImGui.NET.dll": "2E6F5B682CD7C430422C69138087A7FB",
  "ImGuiScene.dll": "0C3436624DBAC9710E31D08CC5159A41",
  "InteropGenerator.Runtime.dll": "FA65E1FD51C2A3081246156965C1C0AA",
  "JetBrains.Annotations.dll": "45AC78F2FB8B9B7292ABF08FA725CBBA",
  "licenses.txt": "A159BE62AA91178EFC3E3983AE874D1D",
  "Lumina.dll": "701BD3717C6ED844C8919BB2F1455FB4",
  "Lumina.Excel.dll": "F1DB4A767A8BB6354996CCB95BF81EA4",
  "Microsoft.Bcl.HashCode.dll": "613AB56061ADF2284E047025207467E0",
  "Microsoft.DotNet.PlatformAbstractions.dll": "00AB0F02B1114C57C758F5AD595224F1",
  "Microsoft.Extensions.DependencyModel.dll": "F39BC76C10CFEA478C936FC4521A9FC9",
  "Microsoft.Extensions.ObjectPool.dll": "FEE3CE8A84417360CC5ED787ED6F7DB1",
  "MinSharp.dll": "0AEC92F3F37C2C3728B7D71AEB7C94C5",
  "Mono.Cecil.dll": "F2886B754B8F325432185D002FA746BE",
  "Mono.Cecil.Mdb.dll": "1B026CFB3F7D40CBFFAD7233DD515C10",
  "Mono.Cecil.Pdb.dll": "958F9AF80AB1464ECB5E04040122BBA4",
  "Mono.Cecil.Rocks.dll": "A80F72A9CCD57A7643882AD9D3002ACE",
  "nethost.dll": "21F39F71E2F4B5BA9FB3F126872F2F9B",
  "Newtonsoft.Json.dll": "ADF3E3EECDE20B7C9661E9C47106A14A",
  "PeNet.Asn1.dll": "44AD04036908F46552DD30D505C444F7",
  "PeNet.dll": "4193054623683DB01AB9EDAC1F294616",
  "PInvoke.AdvApi32.dll": "34EE461D05B403C3A15D0DEC32A3788C",
  "PInvoke.BCrypt.dll": "FD07758EE1440491F22923084109FF26",
  "PInvoke.Cabinet.dll": "333D950E3804735DA60CC41D614C63E2",
  "PInvoke.CfgMgr32.dll": "768BE7CC18EDCF78B296A72ABE891691",
  "PInvoke.Crypt32.dll": "E7B00B0851738F4A7F2C6D37DAA973B4",
  "PInvoke.DbgHelp.dll": "E701136169620D20E3A70B560DE20E44",
  "PInvoke.DwmApi.dll": "ACF223CC8962404056648815B486F7D9",
  "PInvoke.Gdi32.dll": "69FF434826F98582CE44D3136ECFFACB",
  "PInvoke.Hid.dll": "2E7A41257F8AD9B26073181F450CD8E5",
  "PInvoke.ImageHlp.dll": "79BE816E8D86EA66489D7780DD675D49",
  "PInvoke.IPHlpApi.dll": "E949FA3326D1BA8872B179AB4EE49D38",
  "PInvoke.Kernel32.dll": "234E15B122ED430DE99490CA1A204958",
  "PInvoke.Magnification.dll": "C9EA3D34F506741ECC044DB19C151F09",
  "PInvoke.Msi.dll": "69EE50CE2DA6B55755E52589F49A7EBC",
  "PInvoke.NCrypt.dll": "DA1DE76C14D99370CA3BEF19DC299B15",
  "PInvoke.NetApi32.dll": "AE79F9FA2E3864A5E0642AE4622ECDC5",
  "PInvoke.NewDev.dll": "B3E1992105D986EF9C5C8E4B630FBB07",
  "PInvoke.NTDll.dll": "3F6BDF840EB27DD0FD9EB8071822183A",
  "PInvoke.Ole32.dll": "3C49FB100B60519FFE725BCD12A538F6",
  "PInvoke.Psapi.dll": "A7683EE4B880227F01C8AE632A892B9E",
  "PInvoke.SetupApi.dll": "1B7AE321185D0081D1759A9AD829F9BA",
  "PInvoke.SHCore.dll": "F27E7F063D51480F6D2294C903E4A606",
  "PInvoke.Shell32.dll": "F71A1BCAF6478190691170DAEA77722F",
  "PInvoke.User32.dll": "8BEDE38311ED4F27127290B81B8079FD",
  "PInvoke.Userenv.dll": "FEB7BCA90B8C905EC2F4BB0789847131",
  "PInvoke.UxTheme.dll": "8E683C016250CB719FDB9AAAFC22B3C5",
  "PInvoke.Windows.Core.dll": "90015440A44935208FFEA9BF61740651",
  "PInvoke.Windows.ShellScalingApi.dll": "F351B34B8C9183A51CADFDC279357C49",
  "PInvoke.WinUsb.dll": "9EB8A0280F2848D1A32B560A939F7336",
  "PInvoke.WtsApi32.dll": "341C94455D2E5893DBE4293D4D67AA4D",
  "Reloaded.Assembler.dll": "2A50BA71833A0584F770C31E96CBB9D3",
  "Reloaded.Hooks.Definitions.dll": "9F3294822CBF44F25DC44405A5E14EEA",
  "Reloaded.Hooks.dll": "C289B040A3C11835C7B36333A95654B3",
  "Reloaded.Memory.Buffers.dll": "250978C2856B4A1DD71DBE19FDC1AD12",
  "Reloaded.Memory.dll": "92AC69B6FD99D489CA139AFFE72DF27B",
  "revision.txt": "C7D0E7E2922845F3E1185D246D01365D",
  "SDL2-CS.config": "65557595FD5DF55D93B2BF881DE62C3A",
  "SDL2-CS.dll": "92E6BC69AC264CC4636433AF2EAE5292",
  "Serilog.dll": "7AABD2AD81F5CE1C09230CF2C0F160E5",
  "Serilog.Sinks.Async.dll": "8FD07091590CDD930383E69902BF2FFC",
  "Serilog.Sinks.Console.dll": "963C93A059F07A747A33C077CCDC78E7",
  "Serilog.Sinks.File.dll": "24E0C882F20F43E8CB027701B9325D29",
  "SharpDX.Direct3D11.dll": "4669BFC4BC0224A79177E241FD15DF17",
  "SharpDX.dll": "AF12FB6F673758DB8D831C913DD75F58",
  "SharpDX.DXGI.dll": "E1818921FC2B79CF1B98194C5DD43763",
  "SharpDX.Mathematics.dll": "839A3886161ABFE24B32C4245414218B",
  "Silk.NET.Core.dll": "AB4A6C5DBD7AB762DC91CBD33A25EB9D",
  "Silk.NET.GLFW.dll": "F2647B07B110741FC3F3C79F2095A7CD",
  "Silk.NET.Maths.dll": "4BF62E8177C485462CA29399FFBB4913",
  "Silk.NET.OpenGL.dll": "6B2FBCD190431DC5A1B1B6158CF5BBFA",
  "Silk.NET.SDL.dll": "7BF5792C69E212D8FC29BCACFABEEC6E",
  "Silk.NET.Windowing.Common.dll": "8F890A0718B4A7924E07D09F2CB0C805",
  "Silk.NET.Windowing.Glfw.dll": "707DB8DBFAD06066589EF69BEC4FA16D",
  "Silk.NET.Windowing.Sdl.dll": "8A7009AC55F69D89E1FB7B130532777A",
  "SQLite-net.dll": "D217E02108D87C7F627533CAB07AAE47",
  "SQLitePCLRaw.batteries_v2.dll": "DA03545377140C6395D5C985AC05113F",
  "SQLitePCLRaw.core.dll": "06BFCE01CC0B8D08C3BC7DE0CF4F75CB",
  "SQLitePCLRaw.nativelibrary.dll": "DF6D215C704B984468352779E3883CB9",
  "SQLitePCLRaw.provider.dynamic_cdecl.dll": "94DAADC180FCCA975D90D097F7E8679A",
  "StbiSharp.dll": "C2FE5DC0D7B544904E7F17C78C15E1D0",
  "System.Reactive.dll": "EF5A00287AD15393D41B12AA4B726FF7",
  "System.Reflection.MetadataLoadContext.dll": "E88E3AF6D37736F339022C9ACC5F2F7B",
  "System.Security.Cryptography.Pkcs.dll": "8950E01996A37E808BE3F39063C37BF9",
  "TEMP_gitver.txt": "A69026335BB1890B9CC619757F00DB02",
  "TerraFX.Interop.Windows.dll": "84F7EF6B0DE91F8CC23F773D3FD6DEC0",
  "Validation.dll": "072ABA148F31713420E7150DCADE814D"
}
