{
  "runtimes\\alpine-x64\\native\\libe_sqlite3.so": "39C244FEDBCD3DFC37041D4FCE1AE21D",
  "runtimes\\linux-arm\\native\\libe_sqlite3.so": "96CF54BC0EFB83D6E3F5F3E04997A59D",
  "runtimes\\linux-arm64\\native\\libe_sqlite3.so": "F079E55E7F3F9966A4A2052A3234E068",
  "runtimes\\linux-armel\\native\\libe_sqlite3.so": "C5A67D49434FC65D64E9C15778078C76",
  "runtimes\\linux-mips64\\native\\libe_sqlite3.so": "5F8461214089CFC677D46C19B7162161",
  "runtimes\\linux-musl-x64\\native\\libe_sqlite3.so": "39C244FEDBCD3DFC37041D4FCE1AE21D",
  "runtimes\\linux-x64\\native\\libe_sqlite3.so": "6F49C540D3AB9964D67A4A704C3D262D",
  "runtimes\\linux-x86\\native\\libe_sqlite3.so": "5E0659B414CBD6DDC38C65582485853E",
  "runtimes\\osx-x64\\native\\libe_sqlite3.dylib": "F82AE134FCD1C080A69D775591406673",
  "runtimes\\win-arm\\native\\e_sqlite3.dll": "15E33048EBA7A1B36FAB50BD87700B5A",
  "runtimes\\win-arm64\\native\\e_sqlite3.dll": "D373552D8B8C3B672E62026B47393E1F",
  "runtimes\\win-x64\\native\\e_sqlite3.dll": "30BED1A3DD4EE176CE3F9B186C778104",
  "runtimes\\win-x64\\native\\minhook.x64d.dll": "34A5A6B49925E8E876D8E18786D2CD19",
  "runtimes\\win-x86\\native\\e_sqlite3.dll": "D8E87F379CCDA636E85E9BD4F66A68B2",
  "targets\\Dalamud.Plugin.Bootstrap.targets": "C85635161398CD9852CF7212DB7EB904",
  "targets\\Dalamud.Plugin.targets": "394EE2BEC70254F76ABBE2C33F62BBFA",
  "BCnEncoder.dll": "35CEED450FBBDBEA5308620BC81C2BC5",
  "BitFaster.Caching.dll": "FBEC7807B4ADE97B049833D40476C878",
  "CheapLoc.dll": "7A0BDCA224FAE016A395D1ADFE29B21C",
  "cimgui.dll": "63F5F0E6B97C548C422FFC109B3BF91E",
  "cimguizmo.dll": "679B3A82FFA5DFEFE3DC12EFFBD90C30",
  "cimplot.dll": "2DF916CD19F7277233D04FC23858B0F4",
  "commit_hash.txt": "62AF4E90DE670F334781DCB859981B0E",
  "CommunityToolkit.HighPerformance.dll": "66B64EC334625F2C5D341A45E28EEB43",
  "Dalamud.Bindings.ImGui.dll": "716B3F36698CBD31B7413457FB4DE5CC",
  "Dalamud.Bindings.ImGuizmo.dll": "43665289A55F9ACD38A599D1A05F6CF6",
  "Dalamud.Bindings.ImPlot.dll": "F943BF3D6DD607D37AE68C67606DB9D9",
  "Dalamud.Boot.dll": "0C5DD6229BF1F649C34BB523EC510B16",
  "Dalamud.Common.dll": "98D607DB9A00C7C8DCFB93317C4AFF4E",
  "Dalamud.deps.json": "8711B736BC75033CACDF3A99ABA0A142",
  "Dalamud.dll": "CF777B1CC30B5EDEBC4B40F3A5EF4AE1",
  "Dalamud.Injector.deps.json": "C21972522E8133995B2C9562B3E39983",
  "Dalamud.Injector.dll": "7DA4963F21F50E544AAC4E095BE6AC61",
  "Dalamud.Injector.exe": "9BDF70F68F87D199D8FDB0CA50CD3609",
  "Dalamud.Injector.runtimeconfig.json": "439C534917CEF268A731631073E50FE4",
  "Dalamud.Injector.xml": "6730B8BB13078B71889B5A56C5DFAC6D",
  "Dalamud.runtimeconfig.json": "CA3935E9C6B9E3300F2D7171E4AF6335",
  "Dalamud.xml": "ADB63BF4E12E31256C917586E301AFF0",
  "DalamudCrashHandler.exe": "6DA273C3D5BCF17C31E96614A91A7EF5",
  "FASM-LICENSE.TXT": "ECEA1D10811221D5F0A3E96F9C38E2C7",
  "FASM.DLL": "E1C6B29D101064AA35226A5A5BB80126",
  "FASMX64.DLL": "615EBE6AB36D080EA8B6E1319A676000",
  "FFXIVClientStructs.dll": "B50536E108B302D40BD23994CC773BAF",
  "FFXIVClientStructs.xml": "BB1A962E5BC508612FC321338C775747",
  "goatcorp.Reloaded.Assembler.targets": "CC22CB0A353E2136EE9E6E96DB9F7164",
  "HexaGen.Runtime.dll": "00145E477536AE51ACCB2FC4B10D8D0B",
  "Iced.dll": "ED21292FA0330B0C5BE73C6193C89DA5",
  "ImGuiScene.dll": "75C5241C83356B3A2F103C0155B3E960",
  "InteropGenerator.Runtime.dll": "CF72A6D44A413E02E47B5961D48DB166",
  "JetBrains.Annotations.dll": "0119A2BF99992A4DCF125354F8B4D5C0",
  "licenses.txt": "A159BE62AA91178EFC3E3983AE874D1D",
  "Lumina.dll": "EA2EBDD8EF4B001E9557B7210AC84AC7",
  "Lumina.Excel.dll": "8968921C280B5F2265D0ABCA2C1359AB",
  "Lumina.Excel.xml": "0089FDC0BA0B16ED0696413305959999",
  "Microsoft.Extensions.ObjectPool.dll": "5510583E2B50BE953814615586673C33",
  "MinSharp.dll": "A0CAA504B0967D5EE666C3B9611DBB37",
  "Mono.Cecil.dll": "8D10D645DA85C39372382260C1E45791",
  "Mono.Cecil.Mdb.dll": "086D77C75AB3378DEE7F1C55BB29AB42",
  "Mono.Cecil.Pdb.dll": "A19981C144097DAC99947ECC1B98508C",
  "Mono.Cecil.Rocks.dll": "66EAFCCC0C82C70B5E46BCCDDD36D0FD",
  "nethost.dll": "21F39F71E2F4B5BA9FB3F126872F2F9B",
  "Newtonsoft.Json.dll": "ADF3E3EECDE20B7C9661E9C47106A14A",
  "PeNet.Asn1.dll": "FDD756067A5281C71580FBA24A642036",
  "PeNet.dll": "877EEA7F22D218FB07034448EEB132D5",
  "Reloaded.Assembler.dll": "680A157DB838EEC91DAECD49C5CAC6A0",
  "Reloaded.Hooks.Definitions.dll": "AD96FCAC1F5E0F8A74410E965F8A0CF6",
  "Reloaded.Hooks.dll": "9D5C10371B32D15C69C1CE6124285A28",
  "Reloaded.Memory.Buffers.dll": "996BACB9083B23A8AD2E2591CFE23D37",
  "Reloaded.Memory.dll": "3BECA4B4DDF4C6022B68C30370AF3B48",
  "revision.txt": "E769E03A9D329B2E864B4BF4FF54FF39",
  "Serilog.dll": "429C8EB71EA0FCF7EA034151E06699E1",
  "Serilog.Sinks.Async.dll": "D19832591A0FDB309D1E2CF6CD24852C",
  "Serilog.Sinks.Console.dll": "E4B45E8081784304F6A125A6F9CFA4C1",
  "Serilog.Sinks.File.dll": "74841AC0943FE69B4716B3E1EDDF218C",
  "SharpDX.Direct3D11.dll": "E9F32B629B5990205FE5277BE1EB7F41",
  "SharpDX.dll": "4C6074B6CC2488C60203DE16EBC2E76A",
  "SharpDX.DXGI.dll": "31CAA1B4DEC6DB79DFDDC8092A66662A",
  "SharpDX.Mathematics.dll": "2D42FABF0976C5A6B4237645DC14F1FE",
  "SQLite-net.dll": "9CE58D695657DD5757A3F54709298D40",
  "SQLitePCLRaw.batteries_v2.dll": "FF4D63FF196375D75884C60BC5637C81",
  "SQLitePCLRaw.core.dll": "14388E1D9DD2BE989A1632E63F6DB80D",
  "SQLitePCLRaw.nativelibrary.dll": "7819536B5C7970CF7BEC858ADB6CAAF0",
  "SQLitePCLRaw.provider.dynamic_cdecl.dll": "F1B3D2361690A7CD5B9E74E2D2F9005C",
  "System.Reactive.dll": "EF5A00287AD15393D41B12AA4B726FF7",
  "System.Reflection.MetadataLoadContext.dll": "E88E3AF6D37736F339022C9ACC5F2F7B",
  "System.Security.Cryptography.Pkcs.dll": "8950E01996A37E808BE3F39063C37BF9",
  "TEMP_gitver.txt": "E745741FEB32DB77396019E85E317703",
  "TerraFX.Interop.Windows.dll": "84F7EF6B0DE91F8CC23F773D3FD6DEC0"
}
