{
  "runtimes\\alpine-x64\\native\\libe_sqlite3.so": "39C244FEDBCD3DFC37041D4FCE1AE21D",
  "runtimes\\linux-arm\\native\\libe_sqlite3.so": "96CF54BC0EFB83D6E3F5F3E04997A59D",
  "runtimes\\linux-arm64\\native\\libe_sqlite3.so": "F079E55E7F3F9966A4A2052A3234E068",
  "runtimes\\linux-armel\\native\\libe_sqlite3.so": "C5A67D49434FC65D64E9C15778078C76",
  "runtimes\\linux-mips64\\native\\libe_sqlite3.so": "5F8461214089CFC677D46C19B7162161",
  "runtimes\\linux-musl-x64\\native\\libe_sqlite3.so": "39C244FEDBCD3DFC37041D4FCE1AE21D",
  "runtimes\\linux-x64\\native\\libe_sqlite3.so": "6F49C540D3AB9964D67A4A704C3D262D",
  "runtimes\\linux-x64\\native\\libglfw.so.3": "9E3137144F68B9E9793F4C7AD5B1BEA7",
  "runtimes\\linux-x64\\native\\libSDL2-2.0.so": "99B95A708381FC66AB2370E45A260527",
  "runtimes\\linux-x64\\native\\libstbi.so": "0945355ED59677D06E3E88F48101BB26",
  "runtimes\\linux-x86\\native\\libe_sqlite3.so": "5E0659B414CBD6DDC38C65582485853E",
  "runtimes\\osx-x64\\native\\libe_sqlite3.dylib": "F82AE134FCD1C080A69D775591406673",
  "runtimes\\osx-x64\\native\\libglfw.3.dylib": "1E30FAB2F0C40E82290AD4B0BF14A880",
  "runtimes\\osx-x64\\native\\libSDL2-2.0.dylib": "AAC958490586C67395F0A90903AE3747",
  "runtimes\\osx-x64\\native\\libstbi.dylib": "0B84B0A6A80178266018081C3CAB68E6",
  "runtimes\\win-arm\\native\\e_sqlite3.dll": "DC0DCF502C2080ECF95FFA85135FEF7B",
  "runtimes\\win-arm64\\native\\e_sqlite3.dll": "A61E195C5E5AC60173DF6D1E7D6D47E7",
  "runtimes\\win-x64\\native\\cimgui.dll": "0E131999E85B63D7F041D06B727A99F0",
  "runtimes\\win-x64\\native\\cimguizmo.dll": "17143F8B6A36A842E814545BAADE3854",
  "runtimes\\win-x64\\native\\cimplot.dll": "7913AAA499E266177141EB51C5BF681C",
  "runtimes\\win-x64\\native\\e_sqlite3.dll": "0049DB3A93107ADD9EA5C573FFAD18A5",
  "runtimes\\win-x64\\native\\glfw3.dll": "F7F2A35DD3C63063B47210CE6687ED55",
  "runtimes\\win-x64\\native\\minhook.x64d.dll": "A39CBE34479B10C0E0C2ED0AB1753265",
  "runtimes\\win-x64\\native\\SDL2.dll": "57D0457AD7607398BBECD8AEF7B0C792",
  "runtimes\\win-x64\\native\\stbi.dll": "E7438E7BFF33CC1EB9E5D4475007A282",
  "runtimes\\win-x64\\native\\stbi.lib": "927C214DE576219E1F80DBE7798A0502",
  "runtimes\\win-x86\\native\\e_sqlite3.dll": "9C7F099B9126D5E44A626FEC7E78679B",
  "runtimes\\win-x86\\native\\glfw3.dll": "2B8E8E61DD391219E420A1A38CBCFA2D",
  "runtimes\\win-x86\\native\\SDL2.dll": "EEC4B0C2A47B8BBA0040B6E28B0A79D9",
  "targets\\Dalamud.Plugin.Bootstrap.targets": "C85635161398CD9852CF7212DB7EB904",
  "targets\\Dalamud.Plugin.targets": "11001C983157350F50D99F1A827999B5",
  "CheapLoc.dll": "DFD1CCC10D0A609FDE6A7F10174721C8",
  "Costura.dll": "484F9DC52D9A992FD3BEF9D83AA1CF50",
  "Dalamud.Boot.dll": "21B995D652F23BA112223BD3DEB5FD3E",
  "Dalamud.Common.dll": "ECED686B461B9D4CEC6C165B1AD18ECB",
  "Dalamud.deps.json": "D2DDDD13D0CFAF9F0C7EDA5CE3A203DF",
  "Dalamud.dll": "12B860A800342D1FD72DE3F18396BB8E",
  "Dalamud.Injector.deps.json": "4E53ABE9A5D3E4592DA63EBF98DAAD86",
  "Dalamud.Injector.dll": "EB7918869E0EDC56B93635DA0147DC1D",
  "Dalamud.Injector.exe": "A77A74ED7A6F513710ADF28805E65DFF",
  "Dalamud.Injector.runtimeconfig.json": "AAAFA957BB3B382321D67ACC2D792553",
  "Dalamud.Injector.xml": "6CFC451561E67CE7788814C5B327D7EC",
  "Dalamud.runtimeconfig.json": "454E2BA21742B08CF0A9827950A92B0F",
  "Dalamud.xml": "DC31DCD8939A00F63866990B86C9A908",
  "DalamudCrashHandler.exe": "EC3D4DEBEE4C7422F0F3565B4270F4AE",
  "FASM-LICENSE.TXT": "ECEA1D10811221D5F0A3E96F9C38E2C7",
  "FASM.DLL": "4E5E01950E2BE70A1955132DCC4F8DF8",
  "FASMX64.DLL": "317D7D53088E04BE14036ED678681164",
  "FFXIVClientStructs.dll": "99F7D6CB1013D0277C6D050AD8B1AF8E",
  "FFXIVClientStructs.xml": "F3C7D36FFE97331BB5AA976D1CA1269B",
  "goaaats.Reloaded.Assembler.targets": "CC22CB0A353E2136EE9E6E96DB9F7164",
  "Iced.dll": "3094F939D08B51330310558BADED2014",
  "ImGui.NET.dll": "60107A0ED6ABDCDB11BDB9E5C3CF52FF",
  "ImGuiScene.dll": "0FD45865ADB133F9DF177C1DEE0FCD23",
  "JetBrains.Annotations.dll": "98F308B99652F64F83F9F5FB6EBE0A3C",
  "licenses.txt": "A159BE62AA91178EFC3E3983AE874D1D",
  "Lumina.dll": "771EE6F9B32DF4F61911D56A256CC619",
  "Lumina.Excel.dll": "BD4493396ACA216A99C9BE81D81BE262",
  "Microsoft.Bcl.HashCode.dll": "613AB56061ADF2284E047025207467E0",
  "Microsoft.DotNet.PlatformAbstractions.dll": "00AB0F02B1114C57C758F5AD595224F1",
  "Microsoft.Extensions.DependencyModel.dll": "F39BC76C10CFEA478C936FC4521A9FC9",
  "MinSharp.dll": "B1BA2BD4D1EDA81FF72012D45D88483C",
  "Mono.Cecil.dll": "0F08DBA09AB92E2B4043FDB0CCA6E97D",
  "Mono.Cecil.Mdb.dll": "3B3A17F17B955CF4764FFAD2165D85A6",
  "Mono.Cecil.Pdb.dll": "E1594CE4D80036F029BE2476363144CB",
  "Mono.Cecil.Rocks.dll": "E6ED7745AE9FB55682157A03BB76FD30",
  "MonoMod.Backports.dll": "44858E152F15B3FBE001521CBE077A6E",
  "MonoMod.Core.dll": "F3ACFDB5BB01CC83AFF2C5C4BD4BA6D5",
  "MonoMod.Iced.dll": "FD2D66BF001BE1B2E8038C31C463BF6A",
  "MonoMod.ILHelpers.dll": "FDE1345BA1CCE16FC1B45D640D44D846",
  "MonoMod.RuntimeDetour.dll": "C9162A7A233B26CCD3004A8CBFC8AE01",
  "MonoMod.Utils.dll": "A84BEA8870416A7C89AD0CD1D84815FF",
  "nethost.dll": "012081214FE71F0F6ADCD9F4A71B2B00",
  "Newtonsoft.Json.dll": "86A83A63F12B55FD3718CFBFB577D7DC",
  "PeNet.Asn1.dll": "48638C7B899B7B0D76191F6981EBCF3F",
  "PeNet.dll": "56E27E6FD74B1713E64444287DA13372",
  "PInvoke.AdvApi32.dll": "34EE461D05B403C3A15D0DEC32A3788C",
  "PInvoke.BCrypt.dll": "FD07758EE1440491F22923084109FF26",
  "PInvoke.Cabinet.dll": "333D950E3804735DA60CC41D614C63E2",
  "PInvoke.CfgMgr32.dll": "768BE7CC18EDCF78B296A72ABE891691",
  "PInvoke.Crypt32.dll": "E7B00B0851738F4A7F2C6D37DAA973B4",
  "PInvoke.DbgHelp.dll": "E701136169620D20E3A70B560DE20E44",
  "PInvoke.DwmApi.dll": "ACF223CC8962404056648815B486F7D9",
  "PInvoke.Gdi32.dll": "69FF434826F98582CE44D3136ECFFACB",
  "PInvoke.Hid.dll": "2E7A41257F8AD9B26073181F450CD8E5",
  "PInvoke.ImageHlp.dll": "79BE816E8D86EA66489D7780DD675D49",
  "PInvoke.IPHlpApi.dll": "E949FA3326D1BA8872B179AB4EE49D38",
  "PInvoke.Kernel32.dll": "234E15B122ED430DE99490CA1A204958",
  "PInvoke.Magnification.dll": "C9EA3D34F506741ECC044DB19C151F09",
  "PInvoke.Msi.dll": "69EE50CE2DA6B55755E52589F49A7EBC",
  "PInvoke.NCrypt.dll": "DA1DE76C14D99370CA3BEF19DC299B15",
  "PInvoke.NetApi32.dll": "AE79F9FA2E3864A5E0642AE4622ECDC5",
  "PInvoke.NewDev.dll": "B3E1992105D986EF9C5C8E4B630FBB07",
  "PInvoke.NTDll.dll": "3F6BDF840EB27DD0FD9EB8071822183A",
  "PInvoke.Ole32.dll": "3C49FB100B60519FFE725BCD12A538F6",
  "PInvoke.Psapi.dll": "A7683EE4B880227F01C8AE632A892B9E",
  "PInvoke.SetupApi.dll": "1B7AE321185D0081D1759A9AD829F9BA",
  "PInvoke.SHCore.dll": "F27E7F063D51480F6D2294C903E4A606",
  "PInvoke.Shell32.dll": "F71A1BCAF6478190691170DAEA77722F",
  "PInvoke.User32.dll": "8BEDE38311ED4F27127290B81B8079FD",
  "PInvoke.Userenv.dll": "FEB7BCA90B8C905EC2F4BB0789847131",
  "PInvoke.UxTheme.dll": "8E683C016250CB719FDB9AAAFC22B3C5",
  "PInvoke.Windows.Core.dll": "90015440A44935208FFEA9BF61740651",
  "PInvoke.Windows.ShellScalingApi.dll": "F351B34B8C9183A51CADFDC279357C49",
  "PInvoke.WinUsb.dll": "9EB8A0280F2848D1A32B560A939F7336",
  "PInvoke.WtsApi32.dll": "341C94455D2E5893DBE4293D4D67AA4D",
  "Reloaded.Assembler.dll": "D585A0533825E7805A86AA0EA774975E",
  "Reloaded.Hooks.Definitions.dll": "D93DA00AA804C19D5948140B7B1DBDA7",
  "Reloaded.Hooks.dll": "0FB4D78B340C4F5CBE76C605CA6AF930",
  "Reloaded.Memory.Buffers.dll": "29BAE0C36D704A754351B3E48B8B7F90",
  "Reloaded.Memory.dll": "9D74473A86DED1FC58C0C854CB6D2875",
  "revision.txt": "1E51E0F3B6B60070219CCB91BB619A6B",
  "SDL2-CS.config": "65557595FD5DF55D93B2BF881DE62C3A",
  "SDL2-CS.dll": "9D9AB11A96546D3C2F869A7E4DA9773B",
  "Serilog.dll": "3E698B9749533F05827AF5D2F1B84064",
  "Serilog.Sinks.Async.dll": "B22F955DD7F0EB8F96A34462EB27EE0E",
  "Serilog.Sinks.Console.dll": "7444DEE602AF0DCB3A729D84CF386F44",
  "Serilog.Sinks.File.dll": "AF4AF3A090A6DD9FB3092546B2367018",
  "SharpDX.Direct3D11.dll": "3837D210032510D0240FC947200E3D92",
  "SharpDX.dll": "1D62FD852E655006C0D20687183B091B",
  "SharpDX.DXGI.dll": "2613C6169A8B6447A2F2AB5AFD2C03C6",
  "SharpDX.Mathematics.dll": "F74D9648588A8D2D28242A965F052012",
  "Silk.NET.Core.dll": "555B2BF4D43F8A41CA7287217D66C537",
  "Silk.NET.GLFW.dll": "6B6CCFD53E770617103924169E479F4C",
  "Silk.NET.Maths.dll": "D08159B132C135DD9FD9E4E50F717008",
  "Silk.NET.OpenGL.dll": "09B99917EAF9FF131DB14F977886BEAC",
  "Silk.NET.SDL.dll": "35F0DD979DD35EF6CDC3394DE94C2720",
  "Silk.NET.Windowing.Common.dll": "A6FD972FC8B95F1B98317B141D66660A",
  "Silk.NET.Windowing.Glfw.dll": "41DF50F8A5DBAEE56A5140F1B32ED994",
  "Silk.NET.Windowing.Sdl.dll": "4BAA19A5D64F26B9D868BCB6FA7AB3B4",
  "SQLite-net.dll": "98D6578E76562999CE2F63FFC2A99867",
  "SQLitePCLRaw.batteries_v2.dll": "28919D8303445D14EFAAB8B6198D254D",
  "SQLitePCLRaw.core.dll": "50B983416896E75E4FEFE01936735C85",
  "SQLitePCLRaw.nativelibrary.dll": "2B947B4082691E9E5EA72564E97E3B50",
  "SQLitePCLRaw.provider.dynamic_cdecl.dll": "06904E7AA3DA3EEB6FD21439BD4F71A6",
  "StbiSharp.dll": "81881BBFA2E7B5B3B7F80EB2EA148390",
  "System.Reactive.dll": "EF5A00287AD15393D41B12AA4B726FF7",
  "System.Reflection.MetadataLoadContext.dll": "7EC41D41F4E1246757BA3E2EC862D562",
  "System.Security.Cryptography.Pkcs.dll": "8950E01996A37E808BE3F39063C37BF9",
  "TEMP_gitver.txt": "346FB2D9E6F6908D7814320EDE985271",
  "Validation.dll": "066DE666BF3B5E341AE7FDEE9D4D6C10"
}
