{
  "runtimes\\alpine-x64\\native\\libe_sqlite3.so": "39C244FEDBCD3DFC37041D4FCE1AE21D",
  "runtimes\\linux-arm\\native\\libe_sqlite3.so": "96CF54BC0EFB83D6E3F5F3E04997A59D",
  "runtimes\\linux-arm64\\native\\libe_sqlite3.so": "F079E55E7F3F9966A4A2052A3234E068",
  "runtimes\\linux-armel\\native\\libe_sqlite3.so": "C5A67D49434FC65D64E9C15778078C76",
  "runtimes\\linux-mips64\\native\\libe_sqlite3.so": "5F8461214089CFC677D46C19B7162161",
  "runtimes\\linux-musl-x64\\native\\libe_sqlite3.so": "39C244FEDBCD3DFC37041D4FCE1AE21D",
  "runtimes\\linux-x64\\native\\libe_sqlite3.so": "6F49C540D3AB9964D67A4A704C3D262D",
  "runtimes\\linux-x64\\native\\libglfw.so.3": "9E3137144F68B9E9793F4C7AD5B1BEA7",
  "runtimes\\linux-x64\\native\\libSDL2-2.0.so": "99B95A708381FC66AB2370E45A260527",
  "runtimes\\linux-x64\\native\\libstbi.so": "0945355ED59677D06E3E88F48101BB26",
  "runtimes\\linux-x86\\native\\libe_sqlite3.so": "5E0659B414CBD6DDC38C65582485853E",
  "runtimes\\osx-x64\\native\\libe_sqlite3.dylib": "F82AE134FCD1C080A69D775591406673",
  "runtimes\\osx-x64\\native\\libglfw.3.dylib": "1E30FAB2F0C40E82290AD4B0BF14A880",
  "runtimes\\osx-x64\\native\\libSDL2-2.0.dylib": "AAC958490586C67395F0A90903AE3747",
  "runtimes\\osx-x64\\native\\libstbi.dylib": "0B84B0A6A80178266018081C3CAB68E6",
  "runtimes\\win-arm\\native\\e_sqlite3.dll": "E6267E4EAD6FB395390606A6599D09CD",
  "runtimes\\win-arm64\\native\\e_sqlite3.dll": "CE85DEC813049712801C7A9B072DBA84",
  "runtimes\\win-x64\\native\\cimgui.dll": "60822CF08062220634A1D72C29FB7B8E",
  "runtimes\\win-x64\\native\\cimguizmo.dll": "A0E572DEC4D1476AF73B8A7BBA3B8485",
  "runtimes\\win-x64\\native\\cimplot.dll": "E9C4D0E0C962CA2D1B2B6E8C062CC2B1",
  "runtimes\\win-x64\\native\\e_sqlite3.dll": "EEA404D3EAD143F24A0F41F125B3809D",
  "runtimes\\win-x64\\native\\glfw3.dll": "E7F33FDCBF7A6A4D7C62A4D75EAF309F",
  "runtimes\\win-x64\\native\\minhook.x64d.dll": "7ABE0E5B539DDA9B57E044D4CB14BEDB",
  "runtimes\\win-x64\\native\\SDL2.dll": "872D7D6A2B17FDEEF0ABDC19B1A608BB",
  "runtimes\\win-x64\\native\\stbi.dll": "21E6B4894F1B3DC3C7180E18D6C82901",
  "runtimes\\win-x64\\native\\stbi.lib": "927C214DE576219E1F80DBE7798A0502",
  "runtimes\\win-x86\\native\\e_sqlite3.dll": "6D5C038ECFE89BEA3F202135DEC7FDD3",
  "runtimes\\win-x86\\native\\glfw3.dll": "D34DB82B0054755D2A75517B7615E8C7",
  "runtimes\\win-x86\\native\\SDL2.dll": "88E8681EFA387B51700A6A52534D8FDC",
  "targets\\Dalamud.Plugin.Bootstrap.targets": "C85635161398CD9852CF7212DB7EB904",
  "targets\\Dalamud.Plugin.targets": "69D15EDFB3D4F0BEE3A099216E4DE057",
  "BitFaster.Caching.dll": "5AABCE167CD924D60615EA30F78A4219",
  "CheapLoc.dll": "92E6EC3FCFFC753DC3EF3DBFB071F0BB",
  "commit_hash.txt": "7014A75D59EA78BE278057A099A50CC7",
  "Costura.dll": "0BB379691CBE45D63998EB02F50B1F8D",
  "Dalamud.Boot.dll": "0C8A02DCD23FD8E71D253F6E53EB26E9",
  "Dalamud.Common.dll": "27CD7385FD86B039DCBD5A372EF553BA",
  "Dalamud.deps.json": "91DC444ECA5A224E84A19813E1FECE39",
  "Dalamud.dll": "A00A72BE90BFA58C1799D122584CA0EA",
  "Dalamud.Injector.deps.json": "E30B9BD40106FFC14A5274A670979EDF",
  "Dalamud.Injector.dll": "B9725A0C52092A24F77FB9A1952BAB61",
  "Dalamud.Injector.exe": "346DCAE1DD4AF2082BEDD44638A0EE96",
  "Dalamud.Injector.runtimeconfig.json": "B9BB65FFE7924D4D8BABE9FA66303200",
  "Dalamud.Injector.xml": "D41E5DF541D19A015215E777D7395C9C",
  "Dalamud.runtimeconfig.json": "2A9CD915428BDD175E0889BD0C225F75",
  "Dalamud.xml": "FD595FC2292F3C1E80B476DBDE279433",
  "DalamudCrashHandler.exe": "8D38496343B5A111931A5364C4B42ED7",
  "FASM-LICENSE.TXT": "ECEA1D10811221D5F0A3E96F9C38E2C7",
  "FASM.DLL": "2046487C452455B5B917AA0EAA2C3FC8",
  "FASMX64.DLL": "EE18989555F006B68DDE63EE85C2C296",
  "FFXIVClientStructs.dll": "C6F60C24462C63078161B6908827726E",
  "FFXIVClientStructs.xml": "C02D61499933F39B2CF997003C706D98",
  "goaaats.Reloaded.Assembler.targets": "CC22CB0A353E2136EE9E6E96DB9F7164",
  "Iced.dll": "BD9B6948A3DCA749F408E46DBB709F90",
  "ImGui.NET.dll": "3828658C165DC073DC2933B0184DAF4F",
  "ImGuiScene.dll": "F8B9946CA49949888ACE316A8B2E646A",
  "InteropGenerator.Runtime.dll": "9135D3C282A5B036ED8257F917B219F4",
  "JetBrains.Annotations.dll": "516AE3EDCEB9235B2CD6745B8EEBCF73",
  "licenses.txt": "A159BE62AA91178EFC3E3983AE874D1D",
  "Lumina.dll": "0AD1FBA30D4874603759B7953976895D",
  "Lumina.Excel.dll": "3ECC43F29CA0093D1B7D41FBD1F9D36B",
  "Microsoft.Bcl.HashCode.dll": "613AB56061ADF2284E047025207467E0",
  "Microsoft.DotNet.PlatformAbstractions.dll": "00AB0F02B1114C57C758F5AD595224F1",
  "Microsoft.Extensions.DependencyModel.dll": "F39BC76C10CFEA478C936FC4521A9FC9",
  "Microsoft.Extensions.ObjectPool.dll": "FEE3CE8A84417360CC5ED787ED6F7DB1",
  "MinSharp.dll": "C5669D400C85B1E56D0D9E62CCC695EE",
  "Mono.Cecil.dll": "6D390BD24DED22D438C3C9898E308EE7",
  "Mono.Cecil.Mdb.dll": "27BB0490EE88A2A5171B9BF170EE909B",
  "Mono.Cecil.Pdb.dll": "E14BE6ABF4F4DB279C9AED13901842B3",
  "Mono.Cecil.Rocks.dll": "6491A67ED1DDB6D8EA9C4AC4A075A0B5",
  "nethost.dll": "21F39F71E2F4B5BA9FB3F126872F2F9B",
  "Newtonsoft.Json.dll": "ADF3E3EECDE20B7C9661E9C47106A14A",
  "PeNet.Asn1.dll": "657D269B6DB68973F481D2FCDED169D4",
  "PeNet.dll": "31D8BE2B71F3B8D0009F515684F888F2",
  "PInvoke.AdvApi32.dll": "34EE461D05B403C3A15D0DEC32A3788C",
  "PInvoke.BCrypt.dll": "FD07758EE1440491F22923084109FF26",
  "PInvoke.Cabinet.dll": "333D950E3804735DA60CC41D614C63E2",
  "PInvoke.CfgMgr32.dll": "768BE7CC18EDCF78B296A72ABE891691",
  "PInvoke.Crypt32.dll": "E7B00B0851738F4A7F2C6D37DAA973B4",
  "PInvoke.DbgHelp.dll": "E701136169620D20E3A70B560DE20E44",
  "PInvoke.DwmApi.dll": "ACF223CC8962404056648815B486F7D9",
  "PInvoke.Gdi32.dll": "69FF434826F98582CE44D3136ECFFACB",
  "PInvoke.Hid.dll": "2E7A41257F8AD9B26073181F450CD8E5",
  "PInvoke.ImageHlp.dll": "79BE816E8D86EA66489D7780DD675D49",
  "PInvoke.IPHlpApi.dll": "E949FA3326D1BA8872B179AB4EE49D38",
  "PInvoke.Kernel32.dll": "234E15B122ED430DE99490CA1A204958",
  "PInvoke.Magnification.dll": "C9EA3D34F506741ECC044DB19C151F09",
  "PInvoke.Msi.dll": "69EE50CE2DA6B55755E52589F49A7EBC",
  "PInvoke.NCrypt.dll": "DA1DE76C14D99370CA3BEF19DC299B15",
  "PInvoke.NetApi32.dll": "AE79F9FA2E3864A5E0642AE4622ECDC5",
  "PInvoke.NewDev.dll": "B3E1992105D986EF9C5C8E4B630FBB07",
  "PInvoke.NTDll.dll": "3F6BDF840EB27DD0FD9EB8071822183A",
  "PInvoke.Ole32.dll": "3C49FB100B60519FFE725BCD12A538F6",
  "PInvoke.Psapi.dll": "A7683EE4B880227F01C8AE632A892B9E",
  "PInvoke.SetupApi.dll": "1B7AE321185D0081D1759A9AD829F9BA",
  "PInvoke.SHCore.dll": "F27E7F063D51480F6D2294C903E4A606",
  "PInvoke.Shell32.dll": "F71A1BCAF6478190691170DAEA77722F",
  "PInvoke.User32.dll": "8BEDE38311ED4F27127290B81B8079FD",
  "PInvoke.Userenv.dll": "FEB7BCA90B8C905EC2F4BB0789847131",
  "PInvoke.UxTheme.dll": "8E683C016250CB719FDB9AAAFC22B3C5",
  "PInvoke.Windows.Core.dll": "90015440A44935208FFEA9BF61740651",
  "PInvoke.Windows.ShellScalingApi.dll": "F351B34B8C9183A51CADFDC279357C49",
  "PInvoke.WinUsb.dll": "9EB8A0280F2848D1A32B560A939F7336",
  "PInvoke.WtsApi32.dll": "341C94455D2E5893DBE4293D4D67AA4D",
  "Reloaded.Assembler.dll": "F570F5E70843167E489310CD96281C39",
  "Reloaded.Hooks.Definitions.dll": "5E13567DB9AA7289A08D80B800806BCA",
  "Reloaded.Hooks.dll": "7673A499362E4C3018985229DB872444",
  "Reloaded.Memory.Buffers.dll": "F31CB33C94A75DEA89C5024B23EED825",
  "Reloaded.Memory.dll": "F2C48AAEE541C8BE69DB055B0BE8D4E7",
  "revision.txt": "9D05C2D955B24BD5D20B1638156EA0EF",
  "SDL2-CS.config": "65557595FD5DF55D93B2BF881DE62C3A",
  "SDL2-CS.dll": "DBCEFB9F35411B39D5D539F3B7E08195",
  "Serilog.dll": "A75891DF22A362034336A80C34D87463",
  "Serilog.Sinks.Async.dll": "0CA7FF005911D985007559F8EF5F8BA7",
  "Serilog.Sinks.Console.dll": "3C9004BF941705BCE0963DC7144933B3",
  "Serilog.Sinks.File.dll": "177FFB8D434D156A984A0CC9B25B83C5",
  "SharpDX.Direct3D11.dll": "4C734945FAB7AD33587C87702FC0F3DE",
  "SharpDX.dll": "7B6B9FCF220415129365E8E5C17F6017",
  "SharpDX.DXGI.dll": "DB2DB4FE37447AADC7DA89A653773021",
  "SharpDX.Mathematics.dll": "A3F7E3D5187730E23FA3A4F1BAE502B2",
  "Silk.NET.Core.dll": "B0CC78FA3F41BD71CF4F0F385F536942",
  "Silk.NET.GLFW.dll": "B94ED9CC94B789F2949FABD32E4DEFE6",
  "Silk.NET.Maths.dll": "D1A883399B65E35A304F5D0081D39B4C",
  "Silk.NET.OpenGL.dll": "E91E431B4EA1E545CF89039D32FEA2D5",
  "Silk.NET.SDL.dll": "C4059CE5B978A281BEF1B398A776BE89",
  "Silk.NET.Windowing.Common.dll": "66E2365BF0725BA09042AEC745813525",
  "Silk.NET.Windowing.Glfw.dll": "39DCF9478C44203A026AB25D8FC5B818",
  "Silk.NET.Windowing.Sdl.dll": "642C45EB58C6865369B1BCEDE553C730",
  "SQLite-net.dll": "E21FC306B5D8E9E744EF52E5BD9FA362",
  "SQLitePCLRaw.batteries_v2.dll": "354D5038DC083460A4E657B44C4F04E5",
  "SQLitePCLRaw.core.dll": "36F3C53526ACDEE5524BF39F16C156D4",
  "SQLitePCLRaw.nativelibrary.dll": "EA8778B1882E92FF42070C35163EA66D",
  "SQLitePCLRaw.provider.dynamic_cdecl.dll": "EA33D7A355AE9CE530F28285563164E3",
  "StbiSharp.dll": "29B476282A209F2DD14A6CF2FE4C4452",
  "System.Reactive.dll": "EF5A00287AD15393D41B12AA4B726FF7",
  "System.Reflection.MetadataLoadContext.dll": "E88E3AF6D37736F339022C9ACC5F2F7B",
  "System.Security.Cryptography.Pkcs.dll": "8950E01996A37E808BE3F39063C37BF9",
  "TEMP_gitver.txt": "FE83BDEAC4FCA71DC2F346B4B2210F90",
  "TerraFX.Interop.Windows.dll": "84F7EF6B0DE91F8CC23F773D3FD6DEC0",
  "Validation.dll": "394104E54A37A54BA411023A2A469EF2"
}
