{
  "runtimes\\alpine-x64\\native\\libe_sqlite3.so": "39C244FEDBCD3DFC37041D4FCE1AE21D",
  "runtimes\\linux-arm\\native\\libe_sqlite3.so": "96CF54BC0EFB83D6E3F5F3E04997A59D",
  "runtimes\\linux-arm64\\native\\libe_sqlite3.so": "F079E55E7F3F9966A4A2052A3234E068",
  "runtimes\\linux-armel\\native\\libe_sqlite3.so": "C5A67D49434FC65D64E9C15778078C76",
  "runtimes\\linux-mips64\\native\\libe_sqlite3.so": "5F8461214089CFC677D46C19B7162161",
  "runtimes\\linux-musl-x64\\native\\libe_sqlite3.so": "39C244FEDBCD3DFC37041D4FCE1AE21D",
  "runtimes\\linux-x64\\native\\libe_sqlite3.so": "6F49C540D3AB9964D67A4A704C3D262D",
  "runtimes\\linux-x86\\native\\libe_sqlite3.so": "5E0659B414CBD6DDC38C65582485853E",
  "runtimes\\osx-x64\\native\\libe_sqlite3.dylib": "F82AE134FCD1C080A69D775591406673",
  "runtimes\\win-arm\\native\\e_sqlite3.dll": "5ADED1648AB834812EFDA5EB6B526709",
  "runtimes\\win-arm64\\native\\e_sqlite3.dll": "819959D6CC12DAE23C69B5D0712E7E42",
  "runtimes\\win-x64\\native\\e_sqlite3.dll": "8A111E22F9DE8C7C9DAC304E31E8EC42",
  "runtimes\\win-x64\\native\\minhook.x64d.dll": "2B6FB7B19E6D4348D1E5211C38767AA5",
  "runtimes\\win-x86\\native\\e_sqlite3.dll": "28F176CBF5371DA3B3E4160F7D9D2923",
  "targets\\Dalamud.Plugin.Bootstrap.targets": "C85635161398CD9852CF7212DB7EB904",
  "targets\\Dalamud.Plugin.targets": "394EE2BEC70254F76ABBE2C33F62BBFA",
  "BCnEncoder.dll": "F8FD0A8ADA532F333E5ADB2D947BE97D",
  "BitFaster.Caching.dll": "B9FEAA5A60C7AA0623BFA3405CF3A782",
  "CheapLoc.dll": "E831D1C30F3FA1759685FE724A3DAA69",
  "cimgui.dll": "DA1E081A4C9F3919AB5E942413B85630",
  "cimguizmo.dll": "EEFEE3416585922D7B624E8FD83CE4EC",
  "cimplot.dll": "48FDF512DC33BB24591F22D6282170A7",
  "commit_hash.txt": "E3473BB1E3C1EADC8E746109CAEE9251",
  "CommunityToolkit.HighPerformance.dll": "66B64EC334625F2C5D341A45E28EEB43",
  "Dalamud.Bindings.ImGui.dll": "111B9A6A9B1A893D264E34784C2F0EE9",
  "Dalamud.Bindings.ImGuizmo.dll": "9F83D7F727CEA0BE769A73F1E30A19FF",
  "Dalamud.Bindings.ImPlot.dll": "40B2BFE3E156FA47F51C19B5810CEBEC",
  "Dalamud.Boot.dll": "4B31B460BCC4AD147BDAA4A5847907F2",
  "Dalamud.Common.dll": "8817D4127D463494F84740C2ABC4EBAE",
  "Dalamud.deps.json": "4BEFC5EBA13B2989982F92AFF43C245A",
  "Dalamud.dll": "BE1141BC7CB74CB4E6825A61B02924EE",
  "Dalamud.Injector.deps.json": "AE17A723819E88058C70AA4BDA14CA37",
  "Dalamud.Injector.dll": "44D64BCC0FF17AD30C5C03398C7673D0",
  "Dalamud.Injector.exe": "131594C0EBFBBD8B4DD07C1B6B15616D",
  "Dalamud.Injector.runtimeconfig.json": "439C534917CEF268A731631073E50FE4",
  "Dalamud.Injector.xml": "07EC7B68C97460A1C8275C75BE82FAA9",
  "Dalamud.runtimeconfig.json": "CA3935E9C6B9E3300F2D7171E4AF6335",
  "Dalamud.xml": "5371D42260A85498C1DF05286983EF94",
  "DalamudCrashHandler.exe": "CE29947F6767A5A66EB6E4927F5E7968",
  "FASM-LICENSE.TXT": "ECEA1D10811221D5F0A3E96F9C38E2C7",
  "FASM.DLL": "4FE241FB6E7099551D3921D77CD4916E",
  "FASMX64.DLL": "CA62F033461F8C05C4C476BBC90243FB",
  "FFXIVClientStructs.dll": "43F15E0177DF12748763A3EA9BB25C9B",
  "FFXIVClientStructs.xml": "1CE8BE4E1F2A63CE1DB462E6639BF98F",
  "goatcorp.Reloaded.Assembler.dll": "184839A0954DA5FC427113E7790C4C94",
  "goatcorp.Reloaded.Assembler.targets": "CC22CB0A353E2136EE9E6E96DB9F7164",
  "goatcorp.Reloaded.Hooks.dll": "75F8CCE146CC4CDBB91DE4149A99FA2B",
  "goatcorp.Reloaded.Memory.Buffers.dll": "E53FE8BED7CD4426CBBC8955EE84BC67",
  "HexaGen.Runtime.dll": "C943CC97886392BD6650918DCA0A3ACC",
  "Iced.dll": "0A5F974989543E8253DD9130D064CE60",
  "ImGuiScene.dll": "23B504BA7664EBB5F39E8A4714AF9B5F",
  "InteropGenerator.Runtime.dll": "62726FC9A25BB0B6E979DE5514787C10",
  "JetBrains.Annotations.dll": "687AEE064E54EC7A9FA614DB6F547E08",
  "licenses.txt": "A159BE62AA91178EFC3E3983AE874D1D",
  "Lumina.dll": "982A17FC1597ED12299439D1EA541BEF",
  "Lumina.Excel.dll": "214372BE72C538171424BE5B5CF55FBA",
  "Lumina.Excel.xml": "3D3B7AD224A8A04B92B2B311FB8DA535",
  "Microsoft.Extensions.ObjectPool.dll": "5510583E2B50BE953814615586673C33",
  "MinSharp.dll": "7A29BED35FFE10FC1CB11A6EEEA73D28",
  "Mono.Cecil.dll": "74C00C7459581C11EB7FB44C4417B601",
  "Mono.Cecil.Mdb.dll": "7416D3217BE6FEF8ABD5C1EDB3ED6E52",
  "Mono.Cecil.Pdb.dll": "C0337D873FC47046E3DD268DE207DBFB",
  "Mono.Cecil.Rocks.dll": "EA8686A6889FCF4E51F93BF6D89DD5B1",
  "nethost.dll": "21F39F71E2F4B5BA9FB3F126872F2F9B",
  "Newtonsoft.Json.dll": "ADF3E3EECDE20B7C9661E9C47106A14A",
  "PeNet.Asn1.dll": "7CA128F950D8002FA39527D58265717D",
  "PeNet.dll": "3B39C9DD84CAF4C00FC50B79BC245E66",
  "Reloaded.Hooks.Definitions.dll": "372BD79778C0294CA0DA12DEFB56979D",
  "Reloaded.Memory.Buffers.dll": "9AC2D0727DEA58A7486EEB3808D9C347",
  "Reloaded.Memory.dll": "044E9EADAAC67EC754FBF268218CEAAE",
  "revision.txt": "D4B0A4ECE86C42FE7C34D6EAA9AEF588",
  "Serilog.dll": "23C7E6774DA36A8AFDBB29591EDF9F33",
  "Serilog.Sinks.Async.dll": "BEACA3C4BEE3156F51F1A892CB8EB88F",
  "Serilog.Sinks.Console.dll": "70802476F47B89F9E4725C80D87AEF3A",
  "Serilog.Sinks.File.dll": "AEDF774916D14F7A55B86EC8F30A959D",
  "SharpDX.Direct3D11.dll": "E0B060EA161D036B3AE259AEA4AC2BF9",
  "SharpDX.dll": "4D51B240BD87C43D46E31CC1108725A5",
  "SharpDX.DXGI.dll": "BC931CE2071D408B2CE74A7116862C08",
  "SharpDX.Mathematics.dll": "A60836DD58A221C2CF8E0126C2119702",
  "SQLite-net.dll": "A2001B3ECF38B0DA64337CBFD39CFA17",
  "SQLitePCLRaw.batteries_v2.dll": "0D9AEABED965613A305F380940B0B01A",
  "SQLitePCLRaw.core.dll": "7CF2346352535925E6F83F3A6435B338",
  "SQLitePCLRaw.nativelibrary.dll": "965043FE2EDB91B2CF8962A574780D26",
  "SQLitePCLRaw.provider.dynamic_cdecl.dll": "C9F3907C74147AF949D7F0DBD51A57F5",
  "System.Reactive.dll": "EF5A00287AD15393D41B12AA4B726FF7",
  "System.Reflection.MetadataLoadContext.dll": "E88E3AF6D37736F339022C9ACC5F2F7B",
  "System.Security.Cryptography.Pkcs.dll": "8950E01996A37E808BE3F39063C37BF9",
  "TEMP_gitver.txt": "D4C5293FA4CA0B19CBE1576716DE56D7",
  "TerraFX.Interop.Windows.dll": "84F7EF6B0DE91F8CC23F773D3FD6DEC0"
}
