{
  "runtimes\\alpine-x64\\native\\libe_sqlite3.so": "39C244FEDBCD3DFC37041D4FCE1AE21D",
  "runtimes\\linux-arm\\native\\libe_sqlite3.so": "96CF54BC0EFB83D6E3F5F3E04997A59D",
  "runtimes\\linux-arm64\\native\\libe_sqlite3.so": "F079E55E7F3F9966A4A2052A3234E068",
  "runtimes\\linux-armel\\native\\libe_sqlite3.so": "C5A67D49434FC65D64E9C15778078C76",
  "runtimes\\linux-mips64\\native\\libe_sqlite3.so": "5F8461214089CFC677D46C19B7162161",
  "runtimes\\linux-musl-x64\\native\\libe_sqlite3.so": "39C244FEDBCD3DFC37041D4FCE1AE21D",
  "runtimes\\linux-x64\\native\\libe_sqlite3.so": "6F49C540D3AB9964D67A4A704C3D262D",
  "runtimes\\linux-x64\\native\\libglfw.so.3": "9E3137144F68B9E9793F4C7AD5B1BEA7",
  "runtimes\\linux-x64\\native\\libSDL2-2.0.so": "99B95A708381FC66AB2370E45A260527",
  "runtimes\\linux-x64\\native\\libstbi.so": "0945355ED59677D06E3E88F48101BB26",
  "runtimes\\linux-x86\\native\\libe_sqlite3.so": "5E0659B414CBD6DDC38C65582485853E",
  "runtimes\\osx-x64\\native\\libe_sqlite3.dylib": "F82AE134FCD1C080A69D775591406673",
  "runtimes\\osx-x64\\native\\libglfw.3.dylib": "1E30FAB2F0C40E82290AD4B0BF14A880",
  "runtimes\\osx-x64\\native\\libSDL2-2.0.dylib": "AAC958490586C67395F0A90903AE3747",
  "runtimes\\osx-x64\\native\\libstbi.dylib": "0B84B0A6A80178266018081C3CAB68E6",
  "runtimes\\win-arm\\native\\e_sqlite3.dll": "BED4F09439DD3295E1A6E876F4E5809D",
  "runtimes\\win-arm64\\native\\e_sqlite3.dll": "849AA9191C0D2639CA01A5434290B4D9",
  "runtimes\\win-x64\\native\\cimgui.dll": "0BD8D430AA140BD1BDB954F3EEC70246",
  "runtimes\\win-x64\\native\\cimguizmo.dll": "90DE5B7EDC7D07DAE8A5CC4539260D6F",
  "runtimes\\win-x64\\native\\cimplot.dll": "425857A81810D6C443B0B7AF54962C24",
  "runtimes\\win-x64\\native\\e_sqlite3.dll": "CB5E9E183348BD59A93898D6210C3293",
  "runtimes\\win-x64\\native\\glfw3.dll": "BE5179BB19D9FFE0CD5DD11A444E6EEE",
  "runtimes\\win-x64\\native\\minhook.x64d.dll": "47635243D990D61B269F6DE1614BBCD3",
  "runtimes\\win-x64\\native\\SDL2.dll": "31F75310C8217DEA3376A7E8B51743F5",
  "runtimes\\win-x64\\native\\stbi.dll": "6A29FEE2F33B7BDA849A0BBC17192F1B",
  "runtimes\\win-x64\\native\\stbi.lib": "927C214DE576219E1F80DBE7798A0502",
  "runtimes\\win-x86\\native\\e_sqlite3.dll": "A1DAB6B17D363BBA036DA1BF106B196D",
  "runtimes\\win-x86\\native\\glfw3.dll": "4201EE7C4BCB9A04572574F811E89855",
  "runtimes\\win-x86\\native\\SDL2.dll": "BBEDDC3C9C4DE39E66CAD716ED41717C",
  "targets\\Dalamud.Plugin.Bootstrap.targets": "C85635161398CD9852CF7212DB7EB904",
  "targets\\Dalamud.Plugin.targets": "DDD731601C06B16E10CF2F8990452A27",
  "BitFaster.Caching.dll": "E64D5CF5C38347F09BCF3B5C2B6DD6F9",
  "CheapLoc.dll": "6A512E16033D55DC298A1F90B6EE1803",
  "commit_hash.txt": "39A04371519F2A2C61544BBD66361D15",
  "Costura.dll": "845EB888FEF0E42FA5982112DBD25993",
  "Dalamud.Boot.dll": "11447BC0939D996F6E61BB0C8AF3EE39",
  "Dalamud.Common.dll": "A4F060927A907AD7B67C2B43E0E1294A",
  "Dalamud.deps.json": "5611FF0467F36C70A4EEA454C445B43E",
  "Dalamud.dll": "500BFC0CE4A629326B1039693EBE35B3",
  "Dalamud.Injector.deps.json": "E30B9BD40106FFC14A5274A670979EDF",
  "Dalamud.Injector.dll": "BDA2239B57C1E30F8CB86AE763DA5AAD",
  "Dalamud.Injector.exe": "4B6E5E7662913464FCED31E57E880E75",
  "Dalamud.Injector.runtimeconfig.json": "B9BB65FFE7924D4D8BABE9FA66303200",
  "Dalamud.Injector.xml": "D41E5DF541D19A015215E777D7395C9C",
  "Dalamud.runtimeconfig.json": "2A9CD915428BDD175E0889BD0C225F75",
  "Dalamud.xml": "02E1251539FC81DCDFB6473AAFE83045",
  "DalamudCrashHandler.exe": "9FDF80074F228C6639A8867E32FE9178",
  "FASM-LICENSE.TXT": "ECEA1D10811221D5F0A3E96F9C38E2C7",
  "FASM.DLL": "0F713C652914D5EC81776B1508502724",
  "FASMX64.DLL": "5928060A534168BD20F598A6CF4985D8",
  "FFXIVClientStructs.dll": "06F573C7C65812FC9520E0E87BC8244F",
  "FFXIVClientStructs.xml": "8505E4752E43A530E0F8B261E9C56DFE",
  "goaaats.Reloaded.Assembler.targets": "CC22CB0A353E2136EE9E6E96DB9F7164",
  "Iced.dll": "2B6CB4F3FCEA1F00EF390C0EA25570CC",
  "ImGui.NET.dll": "EAA300BD25498535B5FFD38A116061D9",
  "ImGuiScene.dll": "0859F017051B1D38962B3B76A5432053",
  "InteropGenerator.Runtime.dll": "BF2C87167A2625B6BCDC236999B51EF0",
  "JetBrains.Annotations.dll": "94892FF3FBFBA893F9F5C991877356B4",
  "licenses.txt": "A159BE62AA91178EFC3E3983AE874D1D",
  "Lumina.dll": "1C805CE0BF49C65C656280810AB89DB6",
  "Lumina.Excel.dll": "8F94815B8A7DA57E75EC8034CC66DBEA",
  "Microsoft.Bcl.HashCode.dll": "613AB56061ADF2284E047025207467E0",
  "Microsoft.DotNet.PlatformAbstractions.dll": "00AB0F02B1114C57C758F5AD595224F1",
  "Microsoft.Extensions.DependencyModel.dll": "F39BC76C10CFEA478C936FC4521A9FC9",
  "Microsoft.Extensions.ObjectPool.dll": "FEE3CE8A84417360CC5ED787ED6F7DB1",
  "MinSharp.dll": "F5CE81AC692310F4193E30286CEB04AD",
  "Mono.Cecil.dll": "B40F21F47022BD0BB362EAF397F95FEE",
  "Mono.Cecil.Mdb.dll": "AF6C15B8A3BD3CB74F5CC8676517EAC9",
  "Mono.Cecil.Pdb.dll": "E0BF7322D9D18B166D5F84BD04B1FB5D",
  "Mono.Cecil.Rocks.dll": "96AD23E966B14AA2CF10FC77DA6C180E",
  "nethost.dll": "21F39F71E2F4B5BA9FB3F126872F2F9B",
  "Newtonsoft.Json.dll": "ADF3E3EECDE20B7C9661E9C47106A14A",
  "PeNet.Asn1.dll": "C4416BCF731DA41458D24A1D6E0CC819",
  "PeNet.dll": "8C37F02671FF7AD49E5A3B8B994CC3F7",
  "PInvoke.AdvApi32.dll": "34EE461D05B403C3A15D0DEC32A3788C",
  "PInvoke.BCrypt.dll": "FD07758EE1440491F22923084109FF26",
  "PInvoke.Cabinet.dll": "333D950E3804735DA60CC41D614C63E2",
  "PInvoke.CfgMgr32.dll": "768BE7CC18EDCF78B296A72ABE891691",
  "PInvoke.Crypt32.dll": "E7B00B0851738F4A7F2C6D37DAA973B4",
  "PInvoke.DbgHelp.dll": "E701136169620D20E3A70B560DE20E44",
  "PInvoke.DwmApi.dll": "ACF223CC8962404056648815B486F7D9",
  "PInvoke.Gdi32.dll": "69FF434826F98582CE44D3136ECFFACB",
  "PInvoke.Hid.dll": "2E7A41257F8AD9B26073181F450CD8E5",
  "PInvoke.ImageHlp.dll": "79BE816E8D86EA66489D7780DD675D49",
  "PInvoke.IPHlpApi.dll": "E949FA3326D1BA8872B179AB4EE49D38",
  "PInvoke.Kernel32.dll": "234E15B122ED430DE99490CA1A204958",
  "PInvoke.Magnification.dll": "C9EA3D34F506741ECC044DB19C151F09",
  "PInvoke.Msi.dll": "69EE50CE2DA6B55755E52589F49A7EBC",
  "PInvoke.NCrypt.dll": "DA1DE76C14D99370CA3BEF19DC299B15",
  "PInvoke.NetApi32.dll": "AE79F9FA2E3864A5E0642AE4622ECDC5",
  "PInvoke.NewDev.dll": "B3E1992105D986EF9C5C8E4B630FBB07",
  "PInvoke.NTDll.dll": "3F6BDF840EB27DD0FD9EB8071822183A",
  "PInvoke.Ole32.dll": "3C49FB100B60519FFE725BCD12A538F6",
  "PInvoke.Psapi.dll": "A7683EE4B880227F01C8AE632A892B9E",
  "PInvoke.SetupApi.dll": "1B7AE321185D0081D1759A9AD829F9BA",
  "PInvoke.SHCore.dll": "F27E7F063D51480F6D2294C903E4A606",
  "PInvoke.Shell32.dll": "F71A1BCAF6478190691170DAEA77722F",
  "PInvoke.User32.dll": "8BEDE38311ED4F27127290B81B8079FD",
  "PInvoke.Userenv.dll": "FEB7BCA90B8C905EC2F4BB0789847131",
  "PInvoke.UxTheme.dll": "8E683C016250CB719FDB9AAAFC22B3C5",
  "PInvoke.Windows.Core.dll": "90015440A44935208FFEA9BF61740651",
  "PInvoke.Windows.ShellScalingApi.dll": "F351B34B8C9183A51CADFDC279357C49",
  "PInvoke.WinUsb.dll": "9EB8A0280F2848D1A32B560A939F7336",
  "PInvoke.WtsApi32.dll": "341C94455D2E5893DBE4293D4D67AA4D",
  "Reloaded.Assembler.dll": "A3AAB3CB1F4FA4BA11D0A9DA002962BA",
  "Reloaded.Hooks.Definitions.dll": "03C50E83771E369695B4F36BE616D056",
  "Reloaded.Hooks.dll": "3B0D84415C8325394B5743D89E6DB280",
  "Reloaded.Memory.Buffers.dll": "D01F9434FF9713CC0FC5BE957CBF9B15",
  "Reloaded.Memory.dll": "E5BC0259C380A21E9A33DC29ED4358C5",
  "revision.txt": "7261925973C9BF0A74D85AE968A57E5F",
  "SDL2-CS.config": "65557595FD5DF55D93B2BF881DE62C3A",
  "SDL2-CS.dll": "22A58D2A19C6DB5E127214CE0C552962",
  "Serilog.dll": "8D36C89755BE0183CCE10D7A8492661D",
  "Serilog.Sinks.Async.dll": "C52623D2F8698921AB66B7D974F7FE34",
  "Serilog.Sinks.Console.dll": "5CA74E76943804F41A1F3B8E5D2941E0",
  "Serilog.Sinks.File.dll": "614BAF74F91A4A9ADCE2939457522BE4",
  "SharpDX.Direct3D11.dll": "C2586586D5C60106A490D6A640CB2BA2",
  "SharpDX.dll": "BC47D52ABB62183788562E339CC94846",
  "SharpDX.DXGI.dll": "317C769990B2725E905009E2B9C4B1A9",
  "SharpDX.Mathematics.dll": "A74568C2250BE27D8CA35CEB4F31D194",
  "Silk.NET.Core.dll": "9B5D11068231D7D7620AA7E418946B2C",
  "Silk.NET.GLFW.dll": "D7FC80D9B0C9D464F006B1D4A4F13A8A",
  "Silk.NET.Maths.dll": "7EBCD4D29B072376C427F5AA77E6A350",
  "Silk.NET.OpenGL.dll": "5A6991DC688A42AF99469E562DB3E416",
  "Silk.NET.SDL.dll": "1146A2BFB5467FEAB25171381257E149",
  "Silk.NET.Windowing.Common.dll": "605323C7963CE38E3725B49686651F34",
  "Silk.NET.Windowing.Glfw.dll": "55DBF8BDC49378EB83C99D8E30ABD4EF",
  "Silk.NET.Windowing.Sdl.dll": "A799B334F9CEFB9F2B2EFB1C21C39A4A",
  "SQLite-net.dll": "6AF3DCEFDE36045FFCA88861D662CF2A",
  "SQLitePCLRaw.batteries_v2.dll": "CA11E12185E04E19E15F0046EF0CFA89",
  "SQLitePCLRaw.core.dll": "766646B10F81A35AC7B6946620D9F25B",
  "SQLitePCLRaw.nativelibrary.dll": "8D6A9FBDDB5F6430855E416273A06A1E",
  "SQLitePCLRaw.provider.dynamic_cdecl.dll": "DA55B075AF36F068DAD9B6FAE8A7CAF5",
  "StbiSharp.dll": "C6C7007323994316618E91EA46AD9EBB",
  "System.Reactive.dll": "EF5A00287AD15393D41B12AA4B726FF7",
  "System.Reflection.MetadataLoadContext.dll": "E88E3AF6D37736F339022C9ACC5F2F7B",
  "System.Security.Cryptography.Pkcs.dll": "8950E01996A37E808BE3F39063C37BF9",
  "TEMP_gitver.txt": "EDE968183400790F53DFD03B2BEF603F",
  "TerraFX.Interop.Windows.dll": "84F7EF6B0DE91F8CC23F773D3FD6DEC0",
  "Validation.dll": "DB59BFDD72B5859176B5DE888E097BC2"
}
