{
  "runtimes\\alpine-arm\\native\\libe_sqlite3.so": "87AF85204A246154501382901F3F6812",
  "runtimes\\alpine-arm64\\native\\libe_sqlite3.so": "CD4B9AAB53400EFE96ABC32B339A866A",
  "runtimes\\alpine-x64\\native\\libe_sqlite3.so": "6C9D6E34F1E932668237404D6EB6FC66",
  "runtimes\\browser-wasm\\nativeassets\\net7.0\\e_sqlite3.a": "E25518AC5EAD5E787448F3258236888E",
  "runtimes\\linux-arm\\native\\libe_sqlite3.so": "B8DA0DB6A447B5CCE98207F6A250FB84",
  "runtimes\\linux-arm64\\native\\libe_sqlite3.so": "A888898B38395A15F2DE200BAA8B486F",
  "runtimes\\linux-armel\\native\\libe_sqlite3.so": "54F3F4183B81387F7928ED0BB9B67B32",
  "runtimes\\linux-mips64\\native\\libe_sqlite3.so": "D56886A2E2F081CDEA1621BB18132764",
  "runtimes\\linux-musl-arm\\native\\libe_sqlite3.so": "87AF85204A246154501382901F3F6812",
  "runtimes\\linux-musl-arm64\\native\\libe_sqlite3.so": "CD4B9AAB53400EFE96ABC32B339A866A",
  "runtimes\\linux-musl-x64\\native\\libe_sqlite3.so": "6C9D6E34F1E932668237404D6EB6FC66",
  "runtimes\\linux-s390x\\native\\libe_sqlite3.so": "CB751CC76F280849C0E2F718D6784E69",
  "runtimes\\linux-x64\\native\\libe_sqlite3.so": "30098E7FAEB947BF5A5AE2FDB34E4461",
  "runtimes\\linux-x86\\native\\libe_sqlite3.so": "68872BD5071077981504636C2353EAA8",
  "runtimes\\maccatalyst-arm64\\native\\libe_sqlite3.dylib": "B2597C8799A6D21E5B98DB28C9C725FD",
  "runtimes\\maccatalyst-x64\\native\\libe_sqlite3.dylib": "19DCF2A64A7B5D1B8C7705AC809653A5",
  "runtimes\\osx-arm64\\native\\libe_sqlite3.dylib": "FB6D0058E0E849FA8715911B49790350",
  "runtimes\\osx-x64\\native\\libe_sqlite3.dylib": "DE5735102E730C1518C029DB3A0040A9",
  "runtimes\\win-arm\\native\\e_sqlite3.dll": "FDCD8B1053E34D6AC99BB71BBC664B48",
  "runtimes\\win-arm64\\native\\e_sqlite3.dll": "3BF510EAD656C9D60750AC4CBF7283D8",
  "runtimes\\win-x64\\native\\e_sqlite3.dll": "9DB411444066F078028F9D0AA637FB23",
  "runtimes\\win-x64\\native\\minhook.x64d.dll": "02103F7CD206A080EAFFE0FC7D9F4CC2",
  "runtimes\\win-x86\\native\\e_sqlite3.dll": "769CAC321EC93E955EDBC789CA6A58D8",
  "BCnEncoder.dll": "1C6DD1D804E95CD2336C2EB6E857930E",
  "BitFaster.Caching.dll": "AB25A989A910FC457CD697E667247B22",
  "CheapLoc.dll": "9301AAF3F315C51CD5D7A80DDB4C2467",
  "cimgui.dll": "B1DAE60CD7439EE136AA3B56DA77F37F",
  "cimguizmo.dll": "CD6BFCB680AC4CDA3D3AD8D8ACC0A15E",
  "cimplot.dll": "4A6AD952157F1255A66CD90C8A484EA1",
  "commit_hash.txt": "E17A0A0029ABC2CAC69086A85940BDA3",
  "CommunityToolkit.HighPerformance.dll": "66B64EC334625F2C5D341A45E28EEB43",
  "Dalamud.Bindings.ImGui.dll": "A1759FECB7C1341D4BF4F2802B5C9356",
  "Dalamud.Bindings.ImGuizmo.dll": "7FDC8FE132CC788D20626216E3C641CA",
  "Dalamud.Bindings.ImPlot.dll": "781E04549FDFAF26AC98B1646A3C1092",
  "Dalamud.Boot.dll": "B6556022A2122AB49FC74516DB97A500",
  "Dalamud.Common.dll": "25AD3BEBA9D92F49221BD4B32FC51E6E",
  "Dalamud.deps.json": "D1E551288E38F0CF7CE0F74E43CCD433",
  "Dalamud.dll": "78083C42BB9417F2289655A59449E6D1",
  "Dalamud.Injector.deps.json": "28C3C412E18C8E21BCEC052CCAF9CE11",
  "Dalamud.Injector.dll": "99BE01E028CF21D552560670ED981B04",
  "Dalamud.Injector.exe": "0C7ECC3301D9DBBE33929C02068D63E8",
  "Dalamud.Injector.runtimeconfig.json": "481C4D4F6151485203242D25F632FCC5",
  "Dalamud.Injector.xml": "573870DEB8A9854EC20203EDE9D78425",
  "Dalamud.runtimeconfig.json": "9DB7F0D7C94CA1AA6CA3ACFA6F93A1D8",
  "Dalamud.xml": "0ACC33FCF5553DFCB568BCE3203DA958",
  "DalamudCrashHandler.exe": "969AA224AF7B96923B94C68BB1BA26E3",
  "FFXIVClientStructs.dll": "7545B9F19A3909FE24415E71058BE608",
  "FFXIVClientStructs.xml": "E35A1CC03851D3924FAAA88E4C7DB339",
  "goatcorp.Reloaded.Hooks.dll": "F504FB1CB5BDB81650EF607C06BD3A3A",
  "goatcorp.Reloaded.Memory.Buffers.dll": "0E82F6CA7859780227F2ABC0C473EA02",
  "HexaGen.Runtime.dll": "48C04421FD236BA696E9BE8668F950C7",
  "Iced.dll": "B5AEC7738E48E57B141A3F0266DDB57F",
  "ImGuiScene.dll": "7DEF92AEF1C6C33833117FACCB3ABF64",
  "InteropGenerator.Runtime.dll": "AB0F0F7CC83DDA78E149F29C989E6C63",
  "JetBrains.Annotations.dll": "D334483DFBCF8BE6062277E1FB3B94F3",
  "licenses.txt": "A159BE62AA91178EFC3E3983AE874D1D",
  "Lumina.dll": "3A381C4E9F4D869619BEB27298C22472",
  "Lumina.Excel.dll": "F78F777183568EDD55AA2320794C789C",
  "Lumina.Excel.xml": "AEE3C28A2AE7FBEC7B9B5685FA0F569D",
  "Microsoft.Extensions.ObjectPool.dll": "CB2B8426DF93B062B631BC85B3369BED",
  "MinSharp.dll": "B00063AD7EFC7B2BB77B48CFC52ADAD9",
  "Mono.Cecil.dll": "69B8DE395CD0255A57277B9E5222CEFA",
  "Mono.Cecil.Mdb.dll": "39CFAC3FB5B5CED812244BDCBE1B7313",
  "Mono.Cecil.Pdb.dll": "29498EB1C98B918BB2411A7B18A241A0",
  "Mono.Cecil.Rocks.dll": "75E4F5D3F01FFDA3847B92FCDEA132CA",
  "nethost.dll": "21F39F71E2F4B5BA9FB3F126872F2F9B",
  "Newtonsoft.Json.dll": "C252FE44B67A08E6DAB4EADE3764DB49",
  "PeNet.Asn1.dll": "E24E1F651F96CBE5F93B508C09898445",
  "PeNet.dll": "FE49D68A165C3FDEA65FE29E0BB335FC",
  "Reloaded.Hooks.Definitions.dll": "1C75429055014172AB05F590170E01B0",
  "Reloaded.Memory.Buffers.dll": "BACEB32505E0F3850A29FDF35388A600",
  "Reloaded.Memory.dll": "3334E9E8FF8FBB9FD2D10963E3E09364",
  "revision.txt": "7F8DFC182100B72F5E7CB91F63F9C8DB",
  "Serilog.dll": "CE2430964AC06A5DC4E365F3D6B75B7F",
  "Serilog.Sinks.Async.dll": "1F89CCAD6F88D7839F7A1BCEA15632CB",
  "Serilog.Sinks.Console.dll": "B2F487E9F9C9E03297481E1BFFBCC2A1",
  "Serilog.Sinks.File.dll": "D50E04F67FBA82DB051B936BF686FF67",
  "SQLite-net.dll": "2D97D94E18159122BDBF7AFD4A70194F",
  "SQLitePCLRaw.batteries_v2.dll": "FD22F6D3EA2B4F07D7C9D3D4FA2BD269",
  "SQLitePCLRaw.core.dll": "51363E24395A641C336A055E9146C7A6",
  "SQLitePCLRaw.provider.e_sqlite3.dll": "51A556833849D298367B82807008DE99",
  "System.Reactive.dll": "C6016588304D55406E3D1C2FA7D42903",
  "System.Reflection.MetadataLoadContext.dll": "284C720DEE2524BCF10DD1B5648AA303",
  "System.Security.Cryptography.Pkcs.dll": "17945B2BF07D9377E36AD3EBE69FF693",
  "TEMP_gitver.txt": "6E89AAC0A835C02504021284529EDC1A",
  "TerraFX.Interop.Windows.dll": "C75D06E77DE5A095D45676A81CDE0DC9"
}
