{
  "runtimes\\alpine-x64\\native\\libe_sqlite3.so": "39C244FEDBCD3DFC37041D4FCE1AE21D",
  "runtimes\\linux-arm\\native\\libe_sqlite3.so": "96CF54BC0EFB83D6E3F5F3E04997A59D",
  "runtimes\\linux-arm64\\native\\libe_sqlite3.so": "F079E55E7F3F9966A4A2052A3234E068",
  "runtimes\\linux-armel\\native\\libe_sqlite3.so": "C5A67D49434FC65D64E9C15778078C76",
  "runtimes\\linux-mips64\\native\\libe_sqlite3.so": "5F8461214089CFC677D46C19B7162161",
  "runtimes\\linux-musl-x64\\native\\libe_sqlite3.so": "39C244FEDBCD3DFC37041D4FCE1AE21D",
  "runtimes\\linux-x64\\native\\libe_sqlite3.so": "6F49C540D3AB9964D67A4A704C3D262D",
  "runtimes\\linux-x86\\native\\libe_sqlite3.so": "5E0659B414CBD6DDC38C65582485853E",
  "runtimes\\osx-x64\\native\\libe_sqlite3.dylib": "F82AE134FCD1C080A69D775591406673",
  "runtimes\\win-arm\\native\\e_sqlite3.dll": "D866B73BB58BC21589523BB40AB62882",
  "runtimes\\win-arm64\\native\\e_sqlite3.dll": "11E1856D8035942DAE004A7128D376C1",
  "runtimes\\win-x64\\native\\e_sqlite3.dll": "BD685E21B7D96D031D1E3190CF4B4E7E",
  "runtimes\\win-x64\\native\\minhook.x64d.dll": "ABD2B959C0110FFB0A768768C22DC65B",
  "runtimes\\win-x86\\native\\e_sqlite3.dll": "27BE70E4C9632B50999A20D5D8768A90",
  "targets\\Dalamud.Plugin.Bootstrap.targets": "C85635161398CD9852CF7212DB7EB904",
  "targets\\Dalamud.Plugin.targets": "394EE2BEC70254F76ABBE2C33F62BBFA",
  "BCnEncoder.dll": "04FCBC87D479AADCD2D2C2EC669DD478",
  "BitFaster.Caching.dll": "AB2EE5887EC0F164135CE90FA2C9927A",
  "CheapLoc.dll": "D3FA8B405EA1545033F903B032A966FC",
  "cimgui.dll": "09BC9E536DE3933276A52E660E528A4C",
  "cimguizmo.dll": "E49E02EE3754C5EE1642733437AFA89D",
  "cimplot.dll": "8C95D0326BBEE1E74A03197E4A53D7C3",
  "commit_hash.txt": "71B1D4BDD858F2F0FD04258E63E02698",
  "CommunityToolkit.HighPerformance.dll": "66B64EC334625F2C5D341A45E28EEB43",
  "Dalamud.Bindings.ImGui.dll": "B80B5B0DC77CE074C96A8579D2C8C6FF",
  "Dalamud.Bindings.ImGuizmo.dll": "1C585AA6F08A011EC45271462EBBB95A",
  "Dalamud.Bindings.ImPlot.dll": "274738784EC0F0BCC3B61764EC440BA6",
  "Dalamud.Boot.dll": "525506357DF60188E62B23AC0A9E367C",
  "Dalamud.Common.dll": "44EEE4135CBE79381654697FB646657C",
  "Dalamud.deps.json": "325AFB5FB2D6F5ACD15EE13A77495919",
  "Dalamud.dll": "30C0A45FDE787776EC04599E572AA095",
  "Dalamud.Injector.deps.json": "AE17A723819E88058C70AA4BDA14CA37",
  "Dalamud.Injector.dll": "E32D0DE6076B7A79063274B3A736168E",
  "Dalamud.Injector.exe": "56B90CC0F2C6C134B50CA3DB1802714B",
  "Dalamud.Injector.runtimeconfig.json": "439C534917CEF268A731631073E50FE4",
  "Dalamud.Injector.xml": "07EC7B68C97460A1C8275C75BE82FAA9",
  "Dalamud.runtimeconfig.json": "CA3935E9C6B9E3300F2D7171E4AF6335",
  "Dalamud.xml": "E432D47C7501398C9887F76870E9AF21",
  "DalamudCrashHandler.exe": "9ACAE61BB7AEB184ACC5F17FB40861E6",
  "FASM-LICENSE.TXT": "ECEA1D10811221D5F0A3E96F9C38E2C7",
  "FASM.DLL": "73AC5AF5BCA37996A3E38FCBDBF6DEF2",
  "FASMX64.DLL": "8AF4EE05F540879A7A8DEA27E1BA2E74",
  "FFXIVClientStructs.dll": "20A8A8E21F41967E2FACC2605B2CBC53",
  "FFXIVClientStructs.xml": "1CE8BE4E1F2A63CE1DB462E6639BF98F",
  "goatcorp.Reloaded.Assembler.dll": "E9D524506973FF3EBD2C7C661F6E8210",
  "goatcorp.Reloaded.Assembler.targets": "CC22CB0A353E2136EE9E6E96DB9F7164",
  "goatcorp.Reloaded.Hooks.dll": "5C020CE1F0B0EAD4AC9ECB3EE9A1AFB3",
  "goatcorp.Reloaded.Memory.Buffers.dll": "34F02365664F8F28E0D6CB46C19A97C7",
  "HexaGen.Runtime.dll": "FD2DA2A26AC0B9A159C203C8766280E5",
  "Iced.dll": "5592BE37496400A620CD040B13AF2DD6",
  "ImGuiScene.dll": "1B7A249C2BA1AD7C5337DB2682D09185",
  "InteropGenerator.Runtime.dll": "454C90A94AC376EB2538C8EFACC7281F",
  "JetBrains.Annotations.dll": "4F21643B9A888814468F8CC5275B7B2B",
  "licenses.txt": "A159BE62AA91178EFC3E3983AE874D1D",
  "Lumina.dll": "B447FCBC0E967874DEFC6D1FDC586714",
  "Lumina.Excel.dll": "8AAF5F5AC3B9932D747A666342839F3B",
  "Lumina.Excel.xml": "3D3B7AD224A8A04B92B2B311FB8DA535",
  "Microsoft.Extensions.ObjectPool.dll": "5510583E2B50BE953814615586673C33",
  "MinSharp.dll": "3F3165D84F5F18266A05157AC9670D86",
  "Mono.Cecil.dll": "B0A425B4A7019ADF0242C8FFEC02708C",
  "Mono.Cecil.Mdb.dll": "D23B42960C6244E3663DDA737F6EC0C4",
  "Mono.Cecil.Pdb.dll": "62012CA5BD5C92A9BF84C9319FEC3CB0",
  "Mono.Cecil.Rocks.dll": "72FD497FA9907E9D10FFE51C6341D3A7",
  "nethost.dll": "21F39F71E2F4B5BA9FB3F126872F2F9B",
  "Newtonsoft.Json.dll": "ADF3E3EECDE20B7C9661E9C47106A14A",
  "PeNet.Asn1.dll": "7853599C1506DAFCE7A7698842B8380B",
  "PeNet.dll": "7D2181E6B4294C85209A0148625EEB59",
  "Reloaded.Hooks.Definitions.dll": "9CB4B46930669515C2F4D6AC37F79918",
  "Reloaded.Memory.Buffers.dll": "21F0AEB18D5DEE1AC5322694AEDC4FCF",
  "Reloaded.Memory.dll": "CFB9B64F0189A5D99C537C0C46FA0E81",
  "revision.txt": "F169B1A771215329737C91F70B5BF05C",
  "Serilog.dll": "414AEB1B9FA1D961F7761F15EAAD045A",
  "Serilog.Sinks.Async.dll": "019C00703A2C5DFCA71DAFAAC0200EF7",
  "Serilog.Sinks.Console.dll": "D1EEA1276D24AA3F81488B954DB49B5C",
  "Serilog.Sinks.File.dll": "8D29CB8AD84B67C1C060DE0364486F66",
  "SharpDX.Direct3D11.dll": "9207090CC636340CF849C4805F66227D",
  "SharpDX.dll": "12EA44D6EB6349074F9C48680CE0A1FB",
  "SharpDX.DXGI.dll": "79BD9C1EB366800ECE2C4F351B2F333B",
  "SharpDX.Mathematics.dll": "227893B9283226E6EC1C10403FF45E06",
  "SQLite-net.dll": "7C3E36544CDDD60D59A24D7CE7E4C459",
  "SQLitePCLRaw.batteries_v2.dll": "3820D7632B4198AD57BF5D2E9F3908CC",
  "SQLitePCLRaw.core.dll": "C1C1BC8B1B2FB047C42013230E19F85F",
  "SQLitePCLRaw.nativelibrary.dll": "F180044D81D5C592E4475AC28DD9190D",
  "SQLitePCLRaw.provider.dynamic_cdecl.dll": "7C972DCF4FAA67A34CCD4752DD7D851E",
  "System.Reactive.dll": "EF5A00287AD15393D41B12AA4B726FF7",
  "System.Reflection.MetadataLoadContext.dll": "E88E3AF6D37736F339022C9ACC5F2F7B",
  "System.Security.Cryptography.Pkcs.dll": "8950E01996A37E808BE3F39063C37BF9",
  "TEMP_gitver.txt": "CC3045B9A423EA7A0C7EE9D3D71269F6",
  "TerraFX.Interop.Windows.dll": "84F7EF6B0DE91F8CC23F773D3FD6DEC0"
}
