{
  "runtimes\\alpine-x64\\native\\libe_sqlite3.so": "39C244FEDBCD3DFC37041D4FCE1AE21D",
  "runtimes\\linux-arm\\native\\libe_sqlite3.so": "96CF54BC0EFB83D6E3F5F3E04997A59D",
  "runtimes\\linux-arm64\\native\\libe_sqlite3.so": "F079E55E7F3F9966A4A2052A3234E068",
  "runtimes\\linux-armel\\native\\libe_sqlite3.so": "C5A67D49434FC65D64E9C15778078C76",
  "runtimes\\linux-mips64\\native\\libe_sqlite3.so": "5F8461214089CFC677D46C19B7162161",
  "runtimes\\linux-musl-x64\\native\\libe_sqlite3.so": "39C244FEDBCD3DFC37041D4FCE1AE21D",
  "runtimes\\linux-x64\\native\\libe_sqlite3.so": "6F49C540D3AB9964D67A4A704C3D262D",
  "runtimes\\linux-x64\\native\\libglfw.so.3": "9E3137144F68B9E9793F4C7AD5B1BEA7",
  "runtimes\\linux-x64\\native\\libSDL2-2.0.so": "99B95A708381FC66AB2370E45A260527",
  "runtimes\\linux-x64\\native\\libstbi.so": "0945355ED59677D06E3E88F48101BB26",
  "runtimes\\linux-x86\\native\\libe_sqlite3.so": "5E0659B414CBD6DDC38C65582485853E",
  "runtimes\\osx-x64\\native\\libe_sqlite3.dylib": "F82AE134FCD1C080A69D775591406673",
  "runtimes\\osx-x64\\native\\libglfw.3.dylib": "1E30FAB2F0C40E82290AD4B0BF14A880",
  "runtimes\\osx-x64\\native\\libSDL2-2.0.dylib": "AAC958490586C67395F0A90903AE3747",
  "runtimes\\osx-x64\\native\\libstbi.dylib": "0B84B0A6A80178266018081C3CAB68E6",
  "runtimes\\win-arm\\native\\e_sqlite3.dll": "7E831DCC34D4BD6A7FB1657625A44FC5",
  "runtimes\\win-arm64\\native\\e_sqlite3.dll": "76CEAAD9D262760413B95BAACEBAD525",
  "runtimes\\win-x64\\native\\cimgui.dll": "CD745E4EEF611650B13DA29451A70A37",
  "runtimes\\win-x64\\native\\cimguizmo.dll": "E4303DE54C9C62C70F6D21090EA0DC85",
  "runtimes\\win-x64\\native\\cimplot.dll": "88E579B9CE5F014855D1EB29BDE7BCA3",
  "runtimes\\win-x64\\native\\e_sqlite3.dll": "5554DCC15050A6C267C59BF4B2D456B4",
  "runtimes\\win-x64\\native\\glfw3.dll": "B4743D4B99DEFB561C62B4AECCE97206",
  "runtimes\\win-x64\\native\\minhook.x64d.dll": "0D75FD2DD4D246F77728C766ADAD59BB",
  "runtimes\\win-x64\\native\\SDL2.dll": "E9CD43666C092F131F509CF3E6A009F5",
  "runtimes\\win-x64\\native\\stbi.dll": "EEAA27EA446447430DD4C67FC497F4D1",
  "runtimes\\win-x64\\native\\stbi.lib": "927C214DE576219E1F80DBE7798A0502",
  "runtimes\\win-x86\\native\\e_sqlite3.dll": "2EBA139C26A60B3077A2B4D96F9F4029",
  "runtimes\\win-x86\\native\\glfw3.dll": "82ECDE8AAE3D50893D0F5C6AB3A32687",
  "runtimes\\win-x86\\native\\SDL2.dll": "E576D2EA512B041E7BBF129E70B5872F",
  "targets\\Dalamud.Plugin.Bootstrap.targets": "C85635161398CD9852CF7212DB7EB904",
  "targets\\Dalamud.Plugin.targets": "11001C983157350F50D99F1A827999B5",
  "CheapLoc.dll": "7B6067EFABFA59091AE0FB04C7C285B4",
  "Costura.dll": "F9EF2429396314893CD20A1C42487CBD",
  "Dalamud.Boot.dll": "38959762E9073089E745DB60DBB0073B",
  "Dalamud.Common.dll": "1E194579E31759C20B347DE5CC0428DE",
  "Dalamud.deps.json": "167C2000B25EDE1114F865FAE2321C73",
  "Dalamud.dll": "B8BE4FB794FB9B48A70A7F6217B85D76",
  "Dalamud.Injector.deps.json": "4E53ABE9A5D3E4592DA63EBF98DAAD86",
  "Dalamud.Injector.dll": "5440479EE4C07050EA459D7840963A83",
  "Dalamud.Injector.exe": "E8673763920CB6C82DF72CC0FFD6B6FA",
  "Dalamud.Injector.runtimeconfig.json": "AAAFA957BB3B382321D67ACC2D792553",
  "Dalamud.Injector.xml": "6CFC451561E67CE7788814C5B327D7EC",
  "Dalamud.runtimeconfig.json": "454E2BA21742B08CF0A9827950A92B0F",
  "Dalamud.xml": "AD3BAC5D2A542A40184FFE7F4E2B8375",
  "DalamudCrashHandler.exe": "E5092CF186C6FCE68742E451DF1CFDE0",
  "FASM-LICENSE.TXT": "ECEA1D10811221D5F0A3E96F9C38E2C7",
  "FASM.DLL": "3BBD3714C1B72A79915BD9D6D1806D29",
  "FASMX64.DLL": "B8D2778961C914CA737B5A598448196D",
  "FFXIVClientStructs.dll": "DABB8E6C760991193073414D0BA93438",
  "FFXIVClientStructs.xml": "6ECC87C75E3DE92B1BBA81EA04C87478",
  "goaaats.Reloaded.Assembler.targets": "CC22CB0A353E2136EE9E6E96DB9F7164",
  "Iced.dll": "E5FE5E22F9C235C5E2DD20568D2E905D",
  "ImGui.NET.dll": "DA0A9202C2E6B8B3AC45E136C9DAEDCA",
  "ImGuiScene.dll": "12FFA2DA3EB6C03BD5C17BF0353D6CBF",
  "JetBrains.Annotations.dll": "5690667DC79A1EFF2EF079755093CDE5",
  "licenses.txt": "A159BE62AA91178EFC3E3983AE874D1D",
  "Lumina.dll": "6F6B7838817CF655E18B4A4C4F2F3EFD",
  "Lumina.Excel.dll": "2E448A619829A53281E2B780A9678049",
  "Microsoft.Bcl.HashCode.dll": "613AB56061ADF2284E047025207467E0",
  "Microsoft.DotNet.PlatformAbstractions.dll": "00AB0F02B1114C57C758F5AD595224F1",
  "Microsoft.Extensions.DependencyModel.dll": "F39BC76C10CFEA478C936FC4521A9FC9",
  "MinSharp.dll": "66F7EF994B97324C2E96D3BCD4EBCCC1",
  "Mono.Cecil.dll": "D6D7DC89B49BACD15A22D7B3F9C01310",
  "Mono.Cecil.Mdb.dll": "B860124B2F021127A00A7684D5B09CE8",
  "Mono.Cecil.Pdb.dll": "24CC74418B420ED3604E3097A77523B9",
  "Mono.Cecil.Rocks.dll": "B173AD32F7A994AF302AD62333399DE0",
  "MonoMod.Backports.dll": "03CFEE41143CC3B12773824D9079723F",
  "MonoMod.Core.dll": "59483D4BE0C564C67DF5C35F9317F8F5",
  "MonoMod.Iced.dll": "20170A6794151997C3D26000736DCDD2",
  "MonoMod.ILHelpers.dll": "204EE15453F4120F9AD759BEADD4B8D9",
  "MonoMod.RuntimeDetour.dll": "C258D04B4436F5503F288225971A1EAA",
  "MonoMod.Utils.dll": "B98BDEF1B765DCDD1FD53E606400027C",
  "nethost.dll": "012081214FE71F0F6ADCD9F4A71B2B00",
  "Newtonsoft.Json.dll": "86A83A63F12B55FD3718CFBFB577D7DC",
  "PeNet.Asn1.dll": "1CA02DC6098AE072F61180CD7AD2104B",
  "PeNet.dll": "DB802F360DCCFBF3DCA671C430E40E0B",
  "PInvoke.AdvApi32.dll": "34EE461D05B403C3A15D0DEC32A3788C",
  "PInvoke.BCrypt.dll": "FD07758EE1440491F22923084109FF26",
  "PInvoke.Cabinet.dll": "333D950E3804735DA60CC41D614C63E2",
  "PInvoke.CfgMgr32.dll": "768BE7CC18EDCF78B296A72ABE891691",
  "PInvoke.Crypt32.dll": "E7B00B0851738F4A7F2C6D37DAA973B4",
  "PInvoke.DbgHelp.dll": "E701136169620D20E3A70B560DE20E44",
  "PInvoke.DwmApi.dll": "ACF223CC8962404056648815B486F7D9",
  "PInvoke.Gdi32.dll": "69FF434826F98582CE44D3136ECFFACB",
  "PInvoke.Hid.dll": "2E7A41257F8AD9B26073181F450CD8E5",
  "PInvoke.ImageHlp.dll": "79BE816E8D86EA66489D7780DD675D49",
  "PInvoke.IPHlpApi.dll": "E949FA3326D1BA8872B179AB4EE49D38",
  "PInvoke.Kernel32.dll": "234E15B122ED430DE99490CA1A204958",
  "PInvoke.Magnification.dll": "C9EA3D34F506741ECC044DB19C151F09",
  "PInvoke.Msi.dll": "69EE50CE2DA6B55755E52589F49A7EBC",
  "PInvoke.NCrypt.dll": "DA1DE76C14D99370CA3BEF19DC299B15",
  "PInvoke.NetApi32.dll": "AE79F9FA2E3864A5E0642AE4622ECDC5",
  "PInvoke.NewDev.dll": "B3E1992105D986EF9C5C8E4B630FBB07",
  "PInvoke.NTDll.dll": "3F6BDF840EB27DD0FD9EB8071822183A",
  "PInvoke.Ole32.dll": "3C49FB100B60519FFE725BCD12A538F6",
  "PInvoke.Psapi.dll": "A7683EE4B880227F01C8AE632A892B9E",
  "PInvoke.SetupApi.dll": "1B7AE321185D0081D1759A9AD829F9BA",
  "PInvoke.SHCore.dll": "F27E7F063D51480F6D2294C903E4A606",
  "PInvoke.Shell32.dll": "F71A1BCAF6478190691170DAEA77722F",
  "PInvoke.User32.dll": "8BEDE38311ED4F27127290B81B8079FD",
  "PInvoke.Userenv.dll": "FEB7BCA90B8C905EC2F4BB0789847131",
  "PInvoke.UxTheme.dll": "8E683C016250CB719FDB9AAAFC22B3C5",
  "PInvoke.Windows.Core.dll": "90015440A44935208FFEA9BF61740651",
  "PInvoke.Windows.ShellScalingApi.dll": "F351B34B8C9183A51CADFDC279357C49",
  "PInvoke.WinUsb.dll": "9EB8A0280F2848D1A32B560A939F7336",
  "PInvoke.WtsApi32.dll": "341C94455D2E5893DBE4293D4D67AA4D",
  "Reloaded.Assembler.dll": "5E9AF61C4781654C17A8EFFB223FFE7E",
  "Reloaded.Hooks.Definitions.dll": "17A922F6822BF5BDCB3D3C428D60EB87",
  "Reloaded.Hooks.dll": "FC08A9A54F0C0B7B71DAA9FFD1F4C143",
  "Reloaded.Memory.Buffers.dll": "4E9BC6573F56636A646D4FAC90FDCBC3",
  "Reloaded.Memory.dll": "7EAFA6B31E37E1DE026C9AB94529ADF5",
  "revision.txt": "AA36C88C27650AF3B9868B723AE15DFC",
  "SDL2-CS.config": "65557595FD5DF55D93B2BF881DE62C3A",
  "SDL2-CS.dll": "5F751E769A211A7D2354FFA6354E4FA8",
  "Serilog.dll": "784DF1C5352CC795413DB85CA51CFFFF",
  "Serilog.Sinks.Async.dll": "8E280AD7F2D29D8259021B57F07B41F1",
  "Serilog.Sinks.Console.dll": "B39E85C3EB436E70DD0C2E059324D5F1",
  "Serilog.Sinks.File.dll": "CE2D7248C55BFA71522DA345D73CD861",
  "SharpDX.Direct3D11.dll": "898E1729CCA2D729A5D911C39E5EC674",
  "SharpDX.dll": "ACAF3C7615ABB342C1CED3A55F6C0ED4",
  "SharpDX.DXGI.dll": "30438EE12A27BAE7B53B41F428541E5E",
  "SharpDX.Mathematics.dll": "B3D8F93F0528BBB74FBCDBEE1C7100BC",
  "Silk.NET.Core.dll": "F8B7F7CBAB55E1E30F287EDF6F3F4183",
  "Silk.NET.GLFW.dll": "8964438A83B48E816589703114A1F474",
  "Silk.NET.Maths.dll": "7F29168BF23499FAFB73A5C6527717D0",
  "Silk.NET.OpenGL.dll": "51AE672C9458F60EFD4603597828F356",
  "Silk.NET.SDL.dll": "25EAD164F4A1F8A2FC10E02DCA4F3667",
  "Silk.NET.Windowing.Common.dll": "A16C61442DAD204F7D550CDAD07AA769",
  "Silk.NET.Windowing.Glfw.dll": "7EDA5EFA6BBCDBA5E2A4A81FC8615B80",
  "Silk.NET.Windowing.Sdl.dll": "83D25965D6D5174DCC4A4265E5F14290",
  "SQLite-net.dll": "752ACD1069DA91382C2C51A6BE77F033",
  "SQLitePCLRaw.batteries_v2.dll": "EB12D26F7847B9F604A3478CABCF202B",
  "SQLitePCLRaw.core.dll": "187E14B3707B3DABBDC884E8712DFD87",
  "SQLitePCLRaw.nativelibrary.dll": "3D6E4CE476493993504FD4BE15DC47DC",
  "SQLitePCLRaw.provider.dynamic_cdecl.dll": "3372C773B0CF848A877A164A1038F6BA",
  "StbiSharp.dll": "8BFB2285D7A310A9FD4EFC6EECADB674",
  "System.Reactive.dll": "EF5A00287AD15393D41B12AA4B726FF7",
  "System.Reflection.MetadataLoadContext.dll": "7EC41D41F4E1246757BA3E2EC862D562",
  "System.Security.Cryptography.Pkcs.dll": "8950E01996A37E808BE3F39063C37BF9",
  "TEMP_gitver.txt": "81FB625C7AF2D022E38892EA69C81065",
  "Validation.dll": "E02DD4E8535D544DEB13D25A6B155208"
}
