{
  "runtimes\\alpine-x64\\native\\libe_sqlite3.so": "39C244FEDBCD3DFC37041D4FCE1AE21D",
  "runtimes\\linux-arm\\native\\libe_sqlite3.so": "96CF54BC0EFB83D6E3F5F3E04997A59D",
  "runtimes\\linux-arm64\\native\\libe_sqlite3.so": "F079E55E7F3F9966A4A2052A3234E068",
  "runtimes\\linux-armel\\native\\libe_sqlite3.so": "C5A67D49434FC65D64E9C15778078C76",
  "runtimes\\linux-mips64\\native\\libe_sqlite3.so": "5F8461214089CFC677D46C19B7162161",
  "runtimes\\linux-musl-x64\\native\\libe_sqlite3.so": "39C244FEDBCD3DFC37041D4FCE1AE21D",
  "runtimes\\linux-x64\\native\\libe_sqlite3.so": "6F49C540D3AB9964D67A4A704C3D262D",
  "runtimes\\linux-x64\\native\\libglfw.so.3": "9E3137144F68B9E9793F4C7AD5B1BEA7",
  "runtimes\\linux-x64\\native\\libSDL2-2.0.so": "99B95A708381FC66AB2370E45A260527",
  "runtimes\\linux-x64\\native\\libstbi.so": "0945355ED59677D06E3E88F48101BB26",
  "runtimes\\linux-x86\\native\\libe_sqlite3.so": "5E0659B414CBD6DDC38C65582485853E",
  "runtimes\\osx-x64\\native\\libe_sqlite3.dylib": "F82AE134FCD1C080A69D775591406673",
  "runtimes\\osx-x64\\native\\libglfw.3.dylib": "1E30FAB2F0C40E82290AD4B0BF14A880",
  "runtimes\\osx-x64\\native\\libSDL2-2.0.dylib": "AAC958490586C67395F0A90903AE3747",
  "runtimes\\osx-x64\\native\\libstbi.dylib": "0B84B0A6A80178266018081C3CAB68E6",
  "runtimes\\win-arm\\native\\e_sqlite3.dll": "12A8F49AD6D3F82F74BEE53026081E5B",
  "runtimes\\win-arm64\\native\\e_sqlite3.dll": "26F70F421E41268EB1C83134DA2D8FE9",
  "runtimes\\win-x64\\native\\cimgui.dll": "CD46C0DD6AC8B9E73D6E191354281904",
  "runtimes\\win-x64\\native\\cimguizmo.dll": "DE0A5EB726682161126DD937E9E0E064",
  "runtimes\\win-x64\\native\\cimplot.dll": "F944FC1185E832806B59CB767FFC38D1",
  "runtimes\\win-x64\\native\\e_sqlite3.dll": "D82EAE4DA5086C7B8667737485789F3D",
  "runtimes\\win-x64\\native\\glfw3.dll": "0282E41A748123EC22AF31584CDF4A22",
  "runtimes\\win-x64\\native\\minhook.x64d.dll": "C536FEC35558F20FD2EB9F7B7C929874",
  "runtimes\\win-x64\\native\\SDL2.dll": "CE5C277E0778754F101A9790D9E2D431",
  "runtimes\\win-x64\\native\\stbi.dll": "14AF75BD90D75056E38B55A3E999AF58",
  "runtimes\\win-x64\\native\\stbi.lib": "927C214DE576219E1F80DBE7798A0502",
  "runtimes\\win-x86\\native\\e_sqlite3.dll": "2263D59B7DC2CCE43BCB8756DD58A3B2",
  "runtimes\\win-x86\\native\\glfw3.dll": "231432512567E1AF9F0C786409B1D83E",
  "runtimes\\win-x86\\native\\SDL2.dll": "1430ABE8CAC1E29C33F0FBA6E2D474E9",
  "targets\\Dalamud.Plugin.Bootstrap.targets": "C85635161398CD9852CF7212DB7EB904",
  "targets\\Dalamud.Plugin.targets": "69D15EDFB3D4F0BEE3A099216E4DE057",
  "BitFaster.Caching.dll": "26F0EBDFBE8BEC28CFCF14676E31C7FC",
  "CheapLoc.dll": "6EE7E054CE1BB5F4ADA67D96BF83EFC9",
  "commit_hash.txt": "C1D62807788E122180B16FAD77AA1895",
  "Costura.dll": "5978E0AD93F6FBDE7161EDBC2C980E34",
  "Dalamud.Boot.dll": "C38E6E9EBBC6B865B8488A3495A6DB77",
  "Dalamud.Common.dll": "4FC5F4E6888F04724720479F7EE90E56",
  "Dalamud.deps.json": "C0C09B87E45090114485EE9F268FE5AC",
  "Dalamud.dll": "49801F93B84B3F3BB3B20E31872A5094",
  "Dalamud.Injector.deps.json": "E30B9BD40106FFC14A5274A670979EDF",
  "Dalamud.Injector.dll": "9BB478363453073CC1525EA0DBE7C41C",
  "Dalamud.Injector.exe": "F6640ADABAC14B85612CD35F5ABF206D",
  "Dalamud.Injector.runtimeconfig.json": "B9BB65FFE7924D4D8BABE9FA66303200",
  "Dalamud.Injector.xml": "D41E5DF541D19A015215E777D7395C9C",
  "Dalamud.runtimeconfig.json": "2A9CD915428BDD175E0889BD0C225F75",
  "Dalamud.xml": "A3843CF0B3AB400CCFCD89F4717FB8BD",
  "DalamudCrashHandler.exe": "E4FB3296B1B05AB85867305B977D90A4",
  "FASM-LICENSE.TXT": "ECEA1D10811221D5F0A3E96F9C38E2C7",
  "FASM.DLL": "EFF8C6287CAEFF40B34AD2F1721614B1",
  "FASMX64.DLL": "57ADA58C37BD48EC0DB105BEDCDDC8C7",
  "FFXIVClientStructs.dll": "135FD4175120CE6F68EAA64687248CE4",
  "FFXIVClientStructs.xml": "012A986F18AC3167CB1A5BD95A6A033A",
  "goaaats.Reloaded.Assembler.targets": "CC22CB0A353E2136EE9E6E96DB9F7164",
  "Iced.dll": "663687499057056CC4A6FAA84A1B7140",
  "ImGui.NET.dll": "DB4137A3B2263D5038FDD3FA81DABFD8",
  "ImGuiScene.dll": "9D94E9320A4E3388788697544230FF33",
  "InteropGenerator.Runtime.dll": "6E5095301460DFA9E52599EFF7FF87DB",
  "JetBrains.Annotations.dll": "7BFC79F920501321C5652606CCBE3171",
  "licenses.txt": "A159BE62AA91178EFC3E3983AE874D1D",
  "Lumina.dll": "AE497AD290B6BE033AA04B24B50AF364",
  "Lumina.Excel.dll": "30A767297FFF5E30C48326C265525E33",
  "Microsoft.Bcl.HashCode.dll": "613AB56061ADF2284E047025207467E0",
  "Microsoft.DotNet.PlatformAbstractions.dll": "00AB0F02B1114C57C758F5AD595224F1",
  "Microsoft.Extensions.DependencyModel.dll": "F39BC76C10CFEA478C936FC4521A9FC9",
  "Microsoft.Extensions.ObjectPool.dll": "FEE3CE8A84417360CC5ED787ED6F7DB1",
  "MinSharp.dll": "E3CD90FB90C321507E0094CC966D43FE",
  "Mono.Cecil.dll": "32708B38005761331656280C511C3A66",
  "Mono.Cecil.Mdb.dll": "AA8F06454E1FAF1CA2A00442BD864879",
  "Mono.Cecil.Pdb.dll": "2C7A2297412487A0A8244EDA63460230",
  "Mono.Cecil.Rocks.dll": "F9F60E1F1905BF234B39D36438E8E01B",
  "nethost.dll": "21F39F71E2F4B5BA9FB3F126872F2F9B",
  "Newtonsoft.Json.dll": "ADF3E3EECDE20B7C9661E9C47106A14A",
  "PeNet.Asn1.dll": "0CBA4229E2567DDE73051D1A7A1109EE",
  "PeNet.dll": "413EAB7433A5FF9403DAB716C965DC02",
  "PInvoke.AdvApi32.dll": "34EE461D05B403C3A15D0DEC32A3788C",
  "PInvoke.BCrypt.dll": "FD07758EE1440491F22923084109FF26",
  "PInvoke.Cabinet.dll": "333D950E3804735DA60CC41D614C63E2",
  "PInvoke.CfgMgr32.dll": "768BE7CC18EDCF78B296A72ABE891691",
  "PInvoke.Crypt32.dll": "E7B00B0851738F4A7F2C6D37DAA973B4",
  "PInvoke.DbgHelp.dll": "E701136169620D20E3A70B560DE20E44",
  "PInvoke.DwmApi.dll": "ACF223CC8962404056648815B486F7D9",
  "PInvoke.Gdi32.dll": "69FF434826F98582CE44D3136ECFFACB",
  "PInvoke.Hid.dll": "2E7A41257F8AD9B26073181F450CD8E5",
  "PInvoke.ImageHlp.dll": "79BE816E8D86EA66489D7780DD675D49",
  "PInvoke.IPHlpApi.dll": "E949FA3326D1BA8872B179AB4EE49D38",
  "PInvoke.Kernel32.dll": "234E15B122ED430DE99490CA1A204958",
  "PInvoke.Magnification.dll": "C9EA3D34F506741ECC044DB19C151F09",
  "PInvoke.Msi.dll": "69EE50CE2DA6B55755E52589F49A7EBC",
  "PInvoke.NCrypt.dll": "DA1DE76C14D99370CA3BEF19DC299B15",
  "PInvoke.NetApi32.dll": "AE79F9FA2E3864A5E0642AE4622ECDC5",
  "PInvoke.NewDev.dll": "B3E1992105D986EF9C5C8E4B630FBB07",
  "PInvoke.NTDll.dll": "3F6BDF840EB27DD0FD9EB8071822183A",
  "PInvoke.Ole32.dll": "3C49FB100B60519FFE725BCD12A538F6",
  "PInvoke.Psapi.dll": "A7683EE4B880227F01C8AE632A892B9E",
  "PInvoke.SetupApi.dll": "1B7AE321185D0081D1759A9AD829F9BA",
  "PInvoke.SHCore.dll": "F27E7F063D51480F6D2294C903E4A606",
  "PInvoke.Shell32.dll": "F71A1BCAF6478190691170DAEA77722F",
  "PInvoke.User32.dll": "8BEDE38311ED4F27127290B81B8079FD",
  "PInvoke.Userenv.dll": "FEB7BCA90B8C905EC2F4BB0789847131",
  "PInvoke.UxTheme.dll": "8E683C016250CB719FDB9AAAFC22B3C5",
  "PInvoke.Windows.Core.dll": "90015440A44935208FFEA9BF61740651",
  "PInvoke.Windows.ShellScalingApi.dll": "F351B34B8C9183A51CADFDC279357C49",
  "PInvoke.WinUsb.dll": "9EB8A0280F2848D1A32B560A939F7336",
  "PInvoke.WtsApi32.dll": "341C94455D2E5893DBE4293D4D67AA4D",
  "Reloaded.Assembler.dll": "84D2D311558125E96DBA3CFBAB68E54F",
  "Reloaded.Hooks.Definitions.dll": "09AB5A9AD49479EBC73D65F783B4BBDE",
  "Reloaded.Hooks.dll": "E033FF7DBBC7B2FE20A845594AE7FF3E",
  "Reloaded.Memory.Buffers.dll": "E1228F3102FDCB6C66FFB4A43B177EFB",
  "Reloaded.Memory.dll": "865290BC90F6F66E4E3F3C842271872D",
  "revision.txt": "AC2460B56866901D732F996B82B69D31",
  "SDL2-CS.config": "65557595FD5DF55D93B2BF881DE62C3A",
  "SDL2-CS.dll": "EA43E16FFE88952A40D51F99CD7AE5A9",
  "Serilog.dll": "0D3BBF151DA57FB848091620D293A834",
  "Serilog.Sinks.Async.dll": "68ECFFE2970F620D0BE889B53251129F",
  "Serilog.Sinks.Console.dll": "F209B30D03BC7F16B2F3A4EE758B00F5",
  "Serilog.Sinks.File.dll": "231848F85F3B685B536988C24C979FF7",
  "SharpDX.Direct3D11.dll": "A5ABA9F7842A533792E295B2E3A6B5A9",
  "SharpDX.dll": "72A00015F999D52A5D3BC3C7F5E6A929",
  "SharpDX.DXGI.dll": "DE9772D4A8C3C01292EF4699A35F69D3",
  "SharpDX.Mathematics.dll": "575A889A99387A60C40D1DABE5FC6779",
  "Silk.NET.Core.dll": "BBF6CB26D06DDF9A9EC67FC4D343D05E",
  "Silk.NET.GLFW.dll": "38943CF16C16549161E7871FD299888B",
  "Silk.NET.Maths.dll": "F315FD33E000B06CF458DC0607330A85",
  "Silk.NET.OpenGL.dll": "A5B26CC6D8F523786A75F165D83ABDF2",
  "Silk.NET.SDL.dll": "6DA4FDA43DD6666B83B9246D4E00B847",
  "Silk.NET.Windowing.Common.dll": "A53EF3BA9C3F9A052FF6F3B9667BE749",
  "Silk.NET.Windowing.Glfw.dll": "FC6ECBBBFC9AA58811195FEDAC4F2FD4",
  "Silk.NET.Windowing.Sdl.dll": "452871D20703AAE3AA43EB11B0A13F12",
  "SQLite-net.dll": "15D58D90DF6752263F7F1F46D54D9B7A",
  "SQLitePCLRaw.batteries_v2.dll": "0DD556340B16F5CFBFD493FA9DB2791C",
  "SQLitePCLRaw.core.dll": "D4843FDE35FD4B125D69CB4933981D62",
  "SQLitePCLRaw.nativelibrary.dll": "2E308BA7B0B160284948266AB75BB027",
  "SQLitePCLRaw.provider.dynamic_cdecl.dll": "47A300CBEA719E470BD7558A026D266D",
  "StbiSharp.dll": "836843572634CD2DAD88DF8A2C2B1DCA",
  "System.Reactive.dll": "EF5A00287AD15393D41B12AA4B726FF7",
  "System.Reflection.MetadataLoadContext.dll": "E88E3AF6D37736F339022C9ACC5F2F7B",
  "System.Security.Cryptography.Pkcs.dll": "8950E01996A37E808BE3F39063C37BF9",
  "TEMP_gitver.txt": "D02D6F00E78D91551500C58A4492D70B",
  "TerraFX.Interop.Windows.dll": "84F7EF6B0DE91F8CC23F773D3FD6DEC0",
  "Validation.dll": "CA128FDEC972E5C210C91B549876E0BB"
}
