{
  "runtimes\\alpine-x64\\native\\libe_sqlite3.so": "39C244FEDBCD3DFC37041D4FCE1AE21D",
  "runtimes\\linux-arm\\native\\libe_sqlite3.so": "96CF54BC0EFB83D6E3F5F3E04997A59D",
  "runtimes\\linux-arm64\\native\\libe_sqlite3.so": "F079E55E7F3F9966A4A2052A3234E068",
  "runtimes\\linux-armel\\native\\libe_sqlite3.so": "C5A67D49434FC65D64E9C15778078C76",
  "runtimes\\linux-mips64\\native\\libe_sqlite3.so": "5F8461214089CFC677D46C19B7162161",
  "runtimes\\linux-musl-x64\\native\\libe_sqlite3.so": "39C244FEDBCD3DFC37041D4FCE1AE21D",
  "runtimes\\linux-x64\\native\\libe_sqlite3.so": "6F49C540D3AB9964D67A4A704C3D262D",
  "runtimes\\linux-x86\\native\\libe_sqlite3.so": "5E0659B414CBD6DDC38C65582485853E",
  "runtimes\\osx-x64\\native\\libe_sqlite3.dylib": "F82AE134FCD1C080A69D775591406673",
  "runtimes\\win-arm\\native\\e_sqlite3.dll": "55170F8512A208CA4C66ACACB088EC73",
  "runtimes\\win-arm64\\native\\e_sqlite3.dll": "61C0CD1564E9FF5AF584043D1D0D6645",
  "runtimes\\win-x64\\native\\e_sqlite3.dll": "1E9E6AEBA829C90944D8BAFFFC411C0B",
  "runtimes\\win-x64\\native\\minhook.x64d.dll": "3744374E53DA46138E0597E4FA81352B",
  "runtimes\\win-x86\\native\\e_sqlite3.dll": "CAF2EDD30F574D2FD268C7AC3DBE5518",
  "targets\\Dalamud.Plugin.Bootstrap.targets": "C85635161398CD9852CF7212DB7EB904",
  "targets\\Dalamud.Plugin.targets": "394EE2BEC70254F76ABBE2C33F62BBFA",
  "BCnEncoder.dll": "F8124033EA2A2748805BAEFD1B10E0B5",
  "BitFaster.Caching.dll": "6B50ED8509E637B1629D374E86BBF327",
  "CheapLoc.dll": "F1BA76B0CEAEBF4EF938BEC74FCCBC88",
  "cimgui.dll": "A3078E5FB375968BC222252337070056",
  "cimguizmo.dll": "62CFC76B258AA90D0F8324AD6B182D85",
  "cimplot.dll": "04C1610AEF9AEFE6996157377DE4398B",
  "commit_hash.txt": "4E1D069E94573422872B6598010EDEA0",
  "CommunityToolkit.HighPerformance.dll": "66B64EC334625F2C5D341A45E28EEB43",
  "Dalamud.Bindings.ImGui.dll": "DF248D920C465116F389206EA5F36FEA",
  "Dalamud.Bindings.ImGuizmo.dll": "A33C2A3BBDC6A0B7E624A9BA697B833D",
  "Dalamud.Bindings.ImPlot.dll": "844E7C57D37BD7846EBBF3E89C924356",
  "Dalamud.Boot.dll": "304DC14823EFDA53CCE17A11AFFD4EB5",
  "Dalamud.Common.dll": "854C05F0E99CA995127EEADE9BA82D30",
  "Dalamud.deps.json": "325AFB5FB2D6F5ACD15EE13A77495919",
  "Dalamud.dll": "47C770CEDB58E03C195221AE83E712C2",
  "Dalamud.Injector.deps.json": "AE17A723819E88058C70AA4BDA14CA37",
  "Dalamud.Injector.dll": "024EFCF40D789FC9503AD28AEB299504",
  "Dalamud.Injector.exe": "55B2F73029E44535FAB9E94F9EBBBCBA",
  "Dalamud.Injector.runtimeconfig.json": "439C534917CEF268A731631073E50FE4",
  "Dalamud.Injector.xml": "07EC7B68C97460A1C8275C75BE82FAA9",
  "Dalamud.runtimeconfig.json": "CA3935E9C6B9E3300F2D7171E4AF6335",
  "Dalamud.xml": "611935F7F45D585ACA4CDF99A8D2C3C3",
  "DalamudCrashHandler.exe": "FFB1587638CBD8BD67E76EDA9DA9F718",
  "FASM-LICENSE.TXT": "ECEA1D10811221D5F0A3E96F9C38E2C7",
  "FASM.DLL": "D30160875170EC6E87A164F6E3730548",
  "FASMX64.DLL": "285ACE6B5E7FCD8D2DD5AAF94F028C3C",
  "FFXIVClientStructs.dll": "3B8ADFB583D2CC2ACCC33D6BDA56BB8E",
  "FFXIVClientStructs.xml": "1CE8BE4E1F2A63CE1DB462E6639BF98F",
  "goatcorp.Reloaded.Assembler.dll": "12397A14F0D35567FE1C3A79EFFDC4A3",
  "goatcorp.Reloaded.Assembler.targets": "CC22CB0A353E2136EE9E6E96DB9F7164",
  "goatcorp.Reloaded.Hooks.dll": "94788A8F137E583FB807D173DC6FD2DD",
  "goatcorp.Reloaded.Memory.Buffers.dll": "CC4C5CE2898B128852ED7E65AF76ADCA",
  "HexaGen.Runtime.dll": "0435C7FDA9372B191BF9BDA3C6B161B5",
  "Iced.dll": "01C60203332B2050B969D0ED32383BDB",
  "ImGuiScene.dll": "9307F0AF7D700892405DFC4FE236806E",
  "InteropGenerator.Runtime.dll": "1B7443B5C028B3111983DE0C843C7A23",
  "JetBrains.Annotations.dll": "21463BA2FCC408995AEBA711644F06A5",
  "licenses.txt": "A159BE62AA91178EFC3E3983AE874D1D",
  "Lumina.dll": "91B521954AA9735D67AB7ACD9B9F3D3F",
  "Lumina.Excel.dll": "BF566B679574E1ADAAD1B244CCA3A4F8",
  "Lumina.Excel.xml": "3D3B7AD224A8A04B92B2B311FB8DA535",
  "Microsoft.Extensions.ObjectPool.dll": "5510583E2B50BE953814615586673C33",
  "MinSharp.dll": "C265CC1CA05E06F157C2EA0554656448",
  "Mono.Cecil.dll": "E1FD2F165C7BADDF8F481F74B4E2EEC7",
  "Mono.Cecil.Mdb.dll": "12657A05F77DE55D4C5E6D09010035E8",
  "Mono.Cecil.Pdb.dll": "96DB27900C00F533A73DC488CD3A6952",
  "Mono.Cecil.Rocks.dll": "1C85BCC6376A2FE7823A5EF15F16547A",
  "nethost.dll": "21F39F71E2F4B5BA9FB3F126872F2F9B",
  "Newtonsoft.Json.dll": "ADF3E3EECDE20B7C9661E9C47106A14A",
  "PeNet.Asn1.dll": "965323D25E39139BB723EA106026941F",
  "PeNet.dll": "EDB33B9E46E4CD701D5807E0935E810B",
  "Reloaded.Hooks.Definitions.dll": "7DFCF9A2620F0962F83E240DFDE8B8AF",
  "Reloaded.Memory.Buffers.dll": "F4C77B70EF30E1D8B35CFC17AB2160D1",
  "Reloaded.Memory.dll": "690F551682A72F3130B2190BE77C6ABA",
  "revision.txt": "64FF7983A47D331B13A81156E2F4D29D",
  "Serilog.dll": "0539C1E207E173991CB6D580F2A7832F",
  "Serilog.Sinks.Async.dll": "A6F80BF9988958F129B4599CB84731C8",
  "Serilog.Sinks.Console.dll": "45D79004B04624E282850CB9252D8590",
  "Serilog.Sinks.File.dll": "BFFB058FA46676C86FF360B1B967FF1B",
  "SharpDX.Direct3D11.dll": "32E770F66214C7C109A9F7CCDA92CFD7",
  "SharpDX.dll": "EB7C42C00953CCEBBAB7B215019B19B3",
  "SharpDX.DXGI.dll": "80F6991F0F4EFE7495A853945F6F3095",
  "SharpDX.Mathematics.dll": "FDD06C21047B8796F3B9ABA7CDCC3805",
  "SQLite-net.dll": "7400F2B704DA63D7EA8141D518E506D0",
  "SQLitePCLRaw.batteries_v2.dll": "EF1D750413B4FC8B0611727509F11606",
  "SQLitePCLRaw.core.dll": "561A7998D4529F46FCC7C2F4694D8546",
  "SQLitePCLRaw.nativelibrary.dll": "B521A0B8794D32118761C34FA8E54334",
  "SQLitePCLRaw.provider.dynamic_cdecl.dll": "E1718F4F2AE4361C1F5828704E9DB806",
  "System.Reactive.dll": "EF5A00287AD15393D41B12AA4B726FF7",
  "System.Reflection.MetadataLoadContext.dll": "E88E3AF6D37736F339022C9ACC5F2F7B",
  "System.Security.Cryptography.Pkcs.dll": "8950E01996A37E808BE3F39063C37BF9",
  "TEMP_gitver.txt": "48892606B6B3C654164B5BA6DF5D6A59",
  "TerraFX.Interop.Windows.dll": "84F7EF6B0DE91F8CC23F773D3FD6DEC0"
}
