{
  "runtimes\\alpine-x64\\native\\libe_sqlite3.so": "39C244FEDBCD3DFC37041D4FCE1AE21D",
  "runtimes\\linux-arm\\native\\libe_sqlite3.so": "96CF54BC0EFB83D6E3F5F3E04997A59D",
  "runtimes\\linux-arm64\\native\\libe_sqlite3.so": "F079E55E7F3F9966A4A2052A3234E068",
  "runtimes\\linux-armel\\native\\libe_sqlite3.so": "C5A67D49434FC65D64E9C15778078C76",
  "runtimes\\linux-mips64\\native\\libe_sqlite3.so": "5F8461214089CFC677D46C19B7162161",
  "runtimes\\linux-musl-x64\\native\\libe_sqlite3.so": "39C244FEDBCD3DFC37041D4FCE1AE21D",
  "runtimes\\linux-x64\\native\\libe_sqlite3.so": "6F49C540D3AB9964D67A4A704C3D262D",
  "runtimes\\linux-x64\\native\\libglfw.so.3": "9E3137144F68B9E9793F4C7AD5B1BEA7",
  "runtimes\\linux-x64\\native\\libSDL2-2.0.so": "99B95A708381FC66AB2370E45A260527",
  "runtimes\\linux-x64\\native\\libstbi.so": "0945355ED59677D06E3E88F48101BB26",
  "runtimes\\linux-x86\\native\\libe_sqlite3.so": "5E0659B414CBD6DDC38C65582485853E",
  "runtimes\\osx-x64\\native\\libe_sqlite3.dylib": "F82AE134FCD1C080A69D775591406673",
  "runtimes\\osx-x64\\native\\libglfw.3.dylib": "1E30FAB2F0C40E82290AD4B0BF14A880",
  "runtimes\\osx-x64\\native\\libSDL2-2.0.dylib": "AAC958490586C67395F0A90903AE3747",
  "runtimes\\osx-x64\\native\\libstbi.dylib": "0B84B0A6A80178266018081C3CAB68E6",
  "runtimes\\win-arm\\native\\e_sqlite3.dll": "F656342C4C384A38B706CF13A1A52619",
  "runtimes\\win-arm64\\native\\e_sqlite3.dll": "12BE2FA9DC73491CD640856F91A11B9D",
  "runtimes\\win-x64\\native\\cimgui.dll": "7D10F547BC93ADB7B9B77F2BC2014AA9",
  "runtimes\\win-x64\\native\\cimguizmo.dll": "FA2D550BC9CF17F7BF341FE7265326D3",
  "runtimes\\win-x64\\native\\cimplot.dll": "3ACB4B00D118C262D0411A9DB496FC0C",
  "runtimes\\win-x64\\native\\e_sqlite3.dll": "E7B8185DFE72896BC4A276E997081E9A",
  "runtimes\\win-x64\\native\\glfw3.dll": "B51EFD08F0288A2FACFEE2918DD388F7",
  "runtimes\\win-x64\\native\\minhook.x64d.dll": "7EA90EA9C6CA69769DBFCAC93477A27E",
  "runtimes\\win-x64\\native\\SDL2.dll": "BEA01513830E7381CE63E74723B6EDD4",
  "runtimes\\win-x64\\native\\stbi.dll": "1EFD5BB533FB1BE4355D2A91C3C28687",
  "runtimes\\win-x64\\native\\stbi.lib": "927C214DE576219E1F80DBE7798A0502",
  "runtimes\\win-x86\\native\\e_sqlite3.dll": "7E80E76CD805BCE8FCECAB58C29BD72B",
  "runtimes\\win-x86\\native\\glfw3.dll": "8144C2B6BC9BA486B1A1574C224CBC4A",
  "runtimes\\win-x86\\native\\SDL2.dll": "F276509B6091579238C5FD5E9AEFFA9C",
  "targets\\Dalamud.Plugin.Bootstrap.targets": "C85635161398CD9852CF7212DB7EB904",
  "targets\\Dalamud.Plugin.targets": "11001C983157350F50D99F1A827999B5",
  "CheapLoc.dll": "B60B6D7424D8AE6E1B9BF778AE4D14C1",
  "Costura.dll": "44C2C75C4353C47283B06B8EC9576EA0",
  "Dalamud.Boot.dll": "F4CFAFA201812B29C74A5E1AA9E7D307",
  "Dalamud.Common.dll": "79FB6F5BAD94DBF29AC6ECF6C44CFD0C",
  "Dalamud.deps.json": "61F03CDFD8DBDDDF1146436110BC5C04",
  "Dalamud.dll": "B613199E9FC72F6E0DC8EB5166AB9F39",
  "Dalamud.Injector.deps.json": "4E53ABE9A5D3E4592DA63EBF98DAAD86",
  "Dalamud.Injector.dll": "D2DFFBB134BD1D03BE80361EE58AE4AC",
  "Dalamud.Injector.exe": "B1222C0E0E06B79D6E5275B6FF964D63",
  "Dalamud.Injector.runtimeconfig.json": "AAAFA957BB3B382321D67ACC2D792553",
  "Dalamud.Injector.xml": "6CFC451561E67CE7788814C5B327D7EC",
  "Dalamud.runtimeconfig.json": "454E2BA21742B08CF0A9827950A92B0F",
  "Dalamud.xml": "F532D705AA91FC63D1391E847869E0AE",
  "DalamudCrashHandler.exe": "1BE2C7EF896C7D8A3BDF749A194159CF",
  "FASM-LICENSE.TXT": "ECEA1D10811221D5F0A3E96F9C38E2C7",
  "FASM.DLL": "2EB0BD8945B4DCB2921BACF68D26C880",
  "FASMX64.DLL": "E8CFA6C3B879C3E010A32A0354B586CA",
  "FFXIVClientStructs.dll": "517A77C73F31F745101448B2CAE6CC0B",
  "FFXIVClientStructs.xml": "3387ACE20BB2A8EBC84E4B596BCFEE64",
  "goaaats.Reloaded.Assembler.targets": "CC22CB0A353E2136EE9E6E96DB9F7164",
  "Iced.dll": "49392769263CF3A1E86C04E728272956",
  "ImGui.NET.dll": "F12271FF80B49361851ECC0281414714",
  "ImGuiScene.dll": "6C511AFA5B68605B2025C414CE1C638D",
  "JetBrains.Annotations.dll": "CE8197A694F94A3177BA315AE3467DA5",
  "licenses.txt": "A159BE62AA91178EFC3E3983AE874D1D",
  "Lumina.dll": "E57FC3055F621D89113E0745FC9FFCAF",
  "Lumina.Excel.dll": "EB60CEFEA9251E3152AF3C20EB422A3E",
  "Microsoft.Bcl.HashCode.dll": "613AB56061ADF2284E047025207467E0",
  "Microsoft.DotNet.PlatformAbstractions.dll": "00AB0F02B1114C57C758F5AD595224F1",
  "Microsoft.Extensions.DependencyModel.dll": "F39BC76C10CFEA478C936FC4521A9FC9",
  "MinSharp.dll": "ABD108F5ED915199A3B6F704333A3545",
  "Mono.Cecil.dll": "A706AF81B9070B50D19BC0D573860797",
  "Mono.Cecil.Mdb.dll": "67021B5A9E4AEA8C15B33FB687E05D92",
  "Mono.Cecil.Pdb.dll": "32EAF61670B19CB1F6374DE891A517A6",
  "Mono.Cecil.Rocks.dll": "CC32613A7433ABAD1F8E69BFE6301702",
  "MonoMod.Backports.dll": "0E025E46E85BB4448FAD174FC3CFE3E2",
  "MonoMod.Core.dll": "75F06926E4D4E146748F31918C772AB4",
  "MonoMod.Iced.dll": "1F4D6B7D4338836D307E0B48C772AC65",
  "MonoMod.ILHelpers.dll": "17ADD0B1FBB14A73E1FAD118111E640D",
  "MonoMod.RuntimeDetour.dll": "5FEC5D3FF47C4649FFBA9F530F02B592",
  "MonoMod.Utils.dll": "9E2DA1EB3F997FF8A36AE98C215B0787",
  "nethost.dll": "012081214FE71F0F6ADCD9F4A71B2B00",
  "Newtonsoft.Json.dll": "86A83A63F12B55FD3718CFBFB577D7DC",
  "PeNet.Asn1.dll": "D4703B3DF67EA3713DED1B2744539324",
  "PeNet.dll": "4C537E659D91AD155048B13A8EE05267",
  "PInvoke.AdvApi32.dll": "34EE461D05B403C3A15D0DEC32A3788C",
  "PInvoke.BCrypt.dll": "FD07758EE1440491F22923084109FF26",
  "PInvoke.Cabinet.dll": "333D950E3804735DA60CC41D614C63E2",
  "PInvoke.CfgMgr32.dll": "768BE7CC18EDCF78B296A72ABE891691",
  "PInvoke.Crypt32.dll": "E7B00B0851738F4A7F2C6D37DAA973B4",
  "PInvoke.DbgHelp.dll": "E701136169620D20E3A70B560DE20E44",
  "PInvoke.DwmApi.dll": "ACF223CC8962404056648815B486F7D9",
  "PInvoke.Gdi32.dll": "69FF434826F98582CE44D3136ECFFACB",
  "PInvoke.Hid.dll": "2E7A41257F8AD9B26073181F450CD8E5",
  "PInvoke.ImageHlp.dll": "79BE816E8D86EA66489D7780DD675D49",
  "PInvoke.IPHlpApi.dll": "E949FA3326D1BA8872B179AB4EE49D38",
  "PInvoke.Kernel32.dll": "234E15B122ED430DE99490CA1A204958",
  "PInvoke.Magnification.dll": "C9EA3D34F506741ECC044DB19C151F09",
  "PInvoke.Msi.dll": "69EE50CE2DA6B55755E52589F49A7EBC",
  "PInvoke.NCrypt.dll": "DA1DE76C14D99370CA3BEF19DC299B15",
  "PInvoke.NetApi32.dll": "AE79F9FA2E3864A5E0642AE4622ECDC5",
  "PInvoke.NewDev.dll": "B3E1992105D986EF9C5C8E4B630FBB07",
  "PInvoke.NTDll.dll": "3F6BDF840EB27DD0FD9EB8071822183A",
  "PInvoke.Ole32.dll": "3C49FB100B60519FFE725BCD12A538F6",
  "PInvoke.Psapi.dll": "A7683EE4B880227F01C8AE632A892B9E",
  "PInvoke.SetupApi.dll": "1B7AE321185D0081D1759A9AD829F9BA",
  "PInvoke.SHCore.dll": "F27E7F063D51480F6D2294C903E4A606",
  "PInvoke.Shell32.dll": "F71A1BCAF6478190691170DAEA77722F",
  "PInvoke.User32.dll": "8BEDE38311ED4F27127290B81B8079FD",
  "PInvoke.Userenv.dll": "FEB7BCA90B8C905EC2F4BB0789847131",
  "PInvoke.UxTheme.dll": "8E683C016250CB719FDB9AAAFC22B3C5",
  "PInvoke.Windows.Core.dll": "90015440A44935208FFEA9BF61740651",
  "PInvoke.Windows.ShellScalingApi.dll": "F351B34B8C9183A51CADFDC279357C49",
  "PInvoke.WinUsb.dll": "9EB8A0280F2848D1A32B560A939F7336",
  "PInvoke.WtsApi32.dll": "341C94455D2E5893DBE4293D4D67AA4D",
  "Reloaded.Assembler.dll": "86C699D60CBC9424FE8F6785D7ACEF5D",
  "Reloaded.Hooks.Definitions.dll": "0812F868C06BDB70BC24F758CFB91565",
  "Reloaded.Hooks.dll": "E1570640F9A4BC3EBF45B5AA385E901F",
  "Reloaded.Memory.Buffers.dll": "3C6DF30A6E2290DFD09186A70F9ECA1E",
  "Reloaded.Memory.dll": "8331EE48F1CC41AF604E6F1545C7B171",
  "revision.txt": "41BCFD9AB658EBAAC1661F58080AAD6B",
  "SDL2-CS.config": "65557595FD5DF55D93B2BF881DE62C3A",
  "SDL2-CS.dll": "AD010BC4283F7C7F66B3330EC29C4A1E",
  "Serilog.dll": "16CD7CEA1DDC568650413200DCEF445E",
  "Serilog.Sinks.Async.dll": "7FD06B1A37E7FA0568AABA6E2A25B563",
  "Serilog.Sinks.Console.dll": "3222B326B40432E21EF8593A52487F35",
  "Serilog.Sinks.File.dll": "52A80AF5C97C186A845C183741DD4598",
  "SharpDX.Direct3D11.dll": "D8728B5898E8C1B79CF1409468E469EB",
  "SharpDX.dll": "01B6E2153D94E0A84F50C2D990E4B8F1",
  "SharpDX.DXGI.dll": "F2AC87980D4B1288DFA5AAEABCBBDC33",
  "SharpDX.Mathematics.dll": "D2C30619ACB8F20665DECD2BB076E8B2",
  "Silk.NET.Core.dll": "7C1CF607777388A32045D76D17E3581E",
  "Silk.NET.GLFW.dll": "B0CF2D98637938824180FF598C811BD2",
  "Silk.NET.Maths.dll": "66E163DCE5CF9DF4347665597BE25CEB",
  "Silk.NET.OpenGL.dll": "C4EE30EECD640CBF956DFADD2E4FF126",
  "Silk.NET.SDL.dll": "3EA45F273A5216542F14CB11B4144D23",
  "Silk.NET.Windowing.Common.dll": "A449E5A2E1031270BC14316516CA5218",
  "Silk.NET.Windowing.Glfw.dll": "93EFA803B4DC119D01D5CFBB6E8168F1",
  "Silk.NET.Windowing.Sdl.dll": "ACEC587BA623DD9C14AEBC1817F1C60D",
  "SQLite-net.dll": "573F955C437A88D842B06EAF2908971E",
  "SQLitePCLRaw.batteries_v2.dll": "6C8E4CFC7819DF6506658D15484202A5",
  "SQLitePCLRaw.core.dll": "728346ABE8790413EE15DE35A46C483E",
  "SQLitePCLRaw.nativelibrary.dll": "793E59596A4C6BA8B07D94F399F94B49",
  "SQLitePCLRaw.provider.dynamic_cdecl.dll": "0BAE4DD82D768F5110BC3EA5003C6C00",
  "StbiSharp.dll": "CF147DAA3523BE968A190163AA11EBE4",
  "System.Reactive.dll": "EF5A00287AD15393D41B12AA4B726FF7",
  "System.Reflection.MetadataLoadContext.dll": "7EC41D41F4E1246757BA3E2EC862D562",
  "System.Security.Cryptography.Pkcs.dll": "8950E01996A37E808BE3F39063C37BF9",
  "TEMP_gitver.txt": "2A151CCCCB2453819376C4726B82996E",
  "Validation.dll": "24287D2CD8AD443BFEA8878DB4B3CA56"
}
