{
  "runtimes\\alpine-x64\\native\\libe_sqlite3.so": "39C244FEDBCD3DFC37041D4FCE1AE21D",
  "runtimes\\linux-arm\\native\\libe_sqlite3.so": "96CF54BC0EFB83D6E3F5F3E04997A59D",
  "runtimes\\linux-arm64\\native\\libe_sqlite3.so": "F079E55E7F3F9966A4A2052A3234E068",
  "runtimes\\linux-armel\\native\\libe_sqlite3.so": "C5A67D49434FC65D64E9C15778078C76",
  "runtimes\\linux-mips64\\native\\libe_sqlite3.so": "5F8461214089CFC677D46C19B7162161",
  "runtimes\\linux-musl-x64\\native\\libe_sqlite3.so": "39C244FEDBCD3DFC37041D4FCE1AE21D",
  "runtimes\\linux-x64\\native\\libe_sqlite3.so": "6F49C540D3AB9964D67A4A704C3D262D",
  "runtimes\\linux-x64\\native\\libglfw.so.3": "9E3137144F68B9E9793F4C7AD5B1BEA7",
  "runtimes\\linux-x64\\native\\libSDL2-2.0.so": "99B95A708381FC66AB2370E45A260527",
  "runtimes\\linux-x64\\native\\libstbi.so": "0945355ED59677D06E3E88F48101BB26",
  "runtimes\\linux-x86\\native\\libe_sqlite3.so": "5E0659B414CBD6DDC38C65582485853E",
  "runtimes\\osx-x64\\native\\libe_sqlite3.dylib": "F82AE134FCD1C080A69D775591406673",
  "runtimes\\osx-x64\\native\\libglfw.3.dylib": "1E30FAB2F0C40E82290AD4B0BF14A880",
  "runtimes\\osx-x64\\native\\libSDL2-2.0.dylib": "AAC958490586C67395F0A90903AE3747",
  "runtimes\\osx-x64\\native\\libstbi.dylib": "0B84B0A6A80178266018081C3CAB68E6",
  "runtimes\\win-arm\\native\\e_sqlite3.dll": "66440FC2FF43A295674C21B75EDDCF46",
  "runtimes\\win-arm64\\native\\e_sqlite3.dll": "D13E7A2FF13FEE4C4C636BA364D02C11",
  "runtimes\\win-x64\\native\\cimgui.dll": "4A216D69C779C42515B88EEBB5C0CE94",
  "runtimes\\win-x64\\native\\cimguizmo.dll": "D182A9EB74DDD059C686322B47129E20",
  "runtimes\\win-x64\\native\\cimplot.dll": "14E8B69B453C7884ED25A61EF5A17250",
  "runtimes\\win-x64\\native\\e_sqlite3.dll": "415F001B10A6DA88A7E739D23DA65371",
  "runtimes\\win-x64\\native\\glfw3.dll": "C743697850BE472AEA79B8EBFB8564C3",
  "runtimes\\win-x64\\native\\minhook.x64d.dll": "F0711B7A026B3E72485ED8AC0AF3E04A",
  "runtimes\\win-x64\\native\\SDL2.dll": "FA103C531B5C3833952413031446927B",
  "runtimes\\win-x64\\native\\stbi.dll": "686CE6E707D0C97E70749364CC7A7F15",
  "runtimes\\win-x64\\native\\stbi.lib": "927C214DE576219E1F80DBE7798A0502",
  "runtimes\\win-x86\\native\\e_sqlite3.dll": "5EA59470B12911C3D3B597699DEA582F",
  "runtimes\\win-x86\\native\\glfw3.dll": "6222103266721F9B68F7E3DBF62ADDEC",
  "runtimes\\win-x86\\native\\SDL2.dll": "EF0547EEA743EDB43249E2CFDFA05863",
  "targets\\Dalamud.Plugin.Bootstrap.targets": "C85635161398CD9852CF7212DB7EB904",
  "targets\\Dalamud.Plugin.targets": "11001C983157350F50D99F1A827999B5",
  "CheapLoc.dll": "A48A4ADAC97F0BDBB44EE7CB0E582323",
  "Costura.dll": "BF05560A0CF539C6E6A57FD65BA828CE",
  "Dalamud.Boot.dll": "DF01827BFE7B6756DD5D21B2371143BD",
  "Dalamud.Common.dll": "597895C310FC3F3DCF2A6803FA004EC3",
  "Dalamud.deps.json": "547B14F3D9AE2862B10B012CA0E32442",
  "Dalamud.dll": "309BBA6A935908DEB93E3ACF81EB5564",
  "Dalamud.Injector.deps.json": "4E53ABE9A5D3E4592DA63EBF98DAAD86",
  "Dalamud.Injector.dll": "84F75DE3EDF63004100333E32A1BCA5C",
  "Dalamud.Injector.exe": "5087874A3E5530865A19FCF3AF4137D4",
  "Dalamud.Injector.runtimeconfig.json": "AAAFA957BB3B382321D67ACC2D792553",
  "Dalamud.Injector.xml": "6CFC451561E67CE7788814C5B327D7EC",
  "Dalamud.runtimeconfig.json": "454E2BA21742B08CF0A9827950A92B0F",
  "Dalamud.xml": "A0133224E2E3917F60176895DBDDCD28",
  "DalamudCrashHandler.exe": "6B5BC12313A93E47AC8F882DDDA549B0",
  "FASM-LICENSE.TXT": "ECEA1D10811221D5F0A3E96F9C38E2C7",
  "FASM.DLL": "A23775DCB59AB1F25D7602EB99ED4C65",
  "FASMX64.DLL": "9E1D3E4F480FED04488C5E648AD3C7E7",
  "FFXIVClientStructs.dll": "504440C6E9021C5E2AE4F3D090BCD178",
  "FFXIVClientStructs.xml": "F50DC8BF10AC32520CEEB761AA098806",
  "goaaats.Reloaded.Assembler.targets": "CC22CB0A353E2136EE9E6E96DB9F7164",
  "Iced.dll": "E3CDFA2203C0F3D259DF94B7184C74DF",
  "ImGui.NET.dll": "DCE258DEDE552F1F918720E2BC54E518",
  "ImGuiScene.dll": "883A33F3484B0AA1471A7DE894030BC5",
  "JetBrains.Annotations.dll": "617237FD2A1048EEB539ED0981CCE52B",
  "licenses.txt": "A159BE62AA91178EFC3E3983AE874D1D",
  "Lumina.dll": "B1C7B276CBFC081D15C875FCE9A0068E",
  "Lumina.Excel.dll": "0FA946D0230665C09451AE6C54657154",
  "Microsoft.Bcl.HashCode.dll": "613AB56061ADF2284E047025207467E0",
  "Microsoft.DotNet.PlatformAbstractions.dll": "00AB0F02B1114C57C758F5AD595224F1",
  "Microsoft.Extensions.DependencyModel.dll": "F39BC76C10CFEA478C936FC4521A9FC9",
  "MinSharp.dll": "64F3D5C21AEE03DC460083EB84B9C4C3",
  "Mono.Cecil.dll": "8297D8CCF28847E18462AEB93B811390",
  "Mono.Cecil.Mdb.dll": "21AFF5F569A98FB4544C886E2033E381",
  "Mono.Cecil.Pdb.dll": "27396C08688247082796CC97F285E4DE",
  "Mono.Cecil.Rocks.dll": "102E2D0B1843D8FC2C99277CC1026D11",
  "MonoMod.Backports.dll": "13C359B06C05D73ADAE57119C036925D",
  "MonoMod.Core.dll": "40F1568D2325BA859253264B53F713D4",
  "MonoMod.Iced.dll": "BCE37280387FAC4487CF6961F70A9CD5",
  "MonoMod.ILHelpers.dll": "86086525DE6815C0F871E09AB12BFC77",
  "MonoMod.RuntimeDetour.dll": "36DD661CB5BFEEE5D53E4E6484E43E86",
  "MonoMod.Utils.dll": "D26814DCB6CB6770AE6C1C1175A67B2A",
  "nethost.dll": "012081214FE71F0F6ADCD9F4A71B2B00",
  "Newtonsoft.Json.dll": "86A83A63F12B55FD3718CFBFB577D7DC",
  "PeNet.Asn1.dll": "8EC451ED7E8E75EFCAD8A6DA42808CB9",
  "PeNet.dll": "13C51B06025C8A8585C671F8C1677341",
  "PInvoke.AdvApi32.dll": "34EE461D05B403C3A15D0DEC32A3788C",
  "PInvoke.BCrypt.dll": "FD07758EE1440491F22923084109FF26",
  "PInvoke.Cabinet.dll": "333D950E3804735DA60CC41D614C63E2",
  "PInvoke.CfgMgr32.dll": "768BE7CC18EDCF78B296A72ABE891691",
  "PInvoke.Crypt32.dll": "E7B00B0851738F4A7F2C6D37DAA973B4",
  "PInvoke.DbgHelp.dll": "E701136169620D20E3A70B560DE20E44",
  "PInvoke.DwmApi.dll": "ACF223CC8962404056648815B486F7D9",
  "PInvoke.Gdi32.dll": "69FF434826F98582CE44D3136ECFFACB",
  "PInvoke.Hid.dll": "2E7A41257F8AD9B26073181F450CD8E5",
  "PInvoke.ImageHlp.dll": "79BE816E8D86EA66489D7780DD675D49",
  "PInvoke.IPHlpApi.dll": "E949FA3326D1BA8872B179AB4EE49D38",
  "PInvoke.Kernel32.dll": "234E15B122ED430DE99490CA1A204958",
  "PInvoke.Magnification.dll": "C9EA3D34F506741ECC044DB19C151F09",
  "PInvoke.Msi.dll": "69EE50CE2DA6B55755E52589F49A7EBC",
  "PInvoke.NCrypt.dll": "DA1DE76C14D99370CA3BEF19DC299B15",
  "PInvoke.NetApi32.dll": "AE79F9FA2E3864A5E0642AE4622ECDC5",
  "PInvoke.NewDev.dll": "B3E1992105D986EF9C5C8E4B630FBB07",
  "PInvoke.NTDll.dll": "3F6BDF840EB27DD0FD9EB8071822183A",
  "PInvoke.Ole32.dll": "3C49FB100B60519FFE725BCD12A538F6",
  "PInvoke.Psapi.dll": "A7683EE4B880227F01C8AE632A892B9E",
  "PInvoke.SetupApi.dll": "1B7AE321185D0081D1759A9AD829F9BA",
  "PInvoke.SHCore.dll": "F27E7F063D51480F6D2294C903E4A606",
  "PInvoke.Shell32.dll": "F71A1BCAF6478190691170DAEA77722F",
  "PInvoke.User32.dll": "8BEDE38311ED4F27127290B81B8079FD",
  "PInvoke.Userenv.dll": "FEB7BCA90B8C905EC2F4BB0789847131",
  "PInvoke.UxTheme.dll": "8E683C016250CB719FDB9AAAFC22B3C5",
  "PInvoke.Windows.Core.dll": "90015440A44935208FFEA9BF61740651",
  "PInvoke.Windows.ShellScalingApi.dll": "F351B34B8C9183A51CADFDC279357C49",
  "PInvoke.WinUsb.dll": "9EB8A0280F2848D1A32B560A939F7336",
  "PInvoke.WtsApi32.dll": "341C94455D2E5893DBE4293D4D67AA4D",
  "Reloaded.Assembler.dll": "7E492479D7C643E564AF4CB9AC445293",
  "Reloaded.Hooks.Definitions.dll": "21E276959E0006ACEE95D362E27235DC",
  "Reloaded.Hooks.dll": "73C0AF10DE1E652EEC86591C1950026A",
  "Reloaded.Memory.Buffers.dll": "20AACC749DA6755DA657B4D951A5FA0D",
  "Reloaded.Memory.dll": "7608665145C772D1BC0EF54AE88C45E3",
  "revision.txt": "672D30AB508237AC28B92C3472C56688",
  "SDL2-CS.config": "65557595FD5DF55D93B2BF881DE62C3A",
  "SDL2-CS.dll": "5C8E798A89741095276BEDFA6DED3260",
  "Serilog.dll": "E33D4BDBFAC55F31CE6B8F8E4B07CEA1",
  "Serilog.Sinks.Async.dll": "A9F1257B6C7F1084E83E80BA8DB4EDD2",
  "Serilog.Sinks.Console.dll": "043F3FA100DE2D1A834756AB6C57CF60",
  "Serilog.Sinks.File.dll": "1614B3979A106E0590C72EF1B274F740",
  "SharpDX.Direct3D11.dll": "0684A1FBBAF137BE3C52C6AD259EBD6A",
  "SharpDX.dll": "5FBFE7328C55C48E83A58154C7BC1568",
  "SharpDX.DXGI.dll": "95CF734DD522468D6F863D5F7DF45599",
  "SharpDX.Mathematics.dll": "9D3ABA0126647BA06DCB9C3A9E599953",
  "Silk.NET.Core.dll": "2F290FB33E0DADCEC8CDC0D84A12889B",
  "Silk.NET.GLFW.dll": "D84D056D0248BFAC71A9EEB25A26B88F",
  "Silk.NET.Maths.dll": "9CA04DD2464ADA0FECEBCBE2D7E9E09B",
  "Silk.NET.OpenGL.dll": "199FB03C96CB1B378BC21DDAFA2C73B5",
  "Silk.NET.SDL.dll": "363122CB72FFEFEA6732B1083DBBE7F9",
  "Silk.NET.Windowing.Common.dll": "14FCBCB38A1E6FA05A3B1BEE52A09250",
  "Silk.NET.Windowing.Glfw.dll": "E96BED17D2611869A5E51E58674F8F61",
  "Silk.NET.Windowing.Sdl.dll": "D29D57AC254B9088ACA7C6EE0064FE9A",
  "SQLite-net.dll": "C7D8EE8F0E3CD1346B2162FFF2EA6D11",
  "SQLitePCLRaw.batteries_v2.dll": "6B73CF21C7C31E62E1C6D8A64958B831",
  "SQLitePCLRaw.core.dll": "E10DD0E1562484F84E43ED1ABD14D034",
  "SQLitePCLRaw.nativelibrary.dll": "94361400BAE6A60AC1BB55508F257670",
  "SQLitePCLRaw.provider.dynamic_cdecl.dll": "46AEBA6BC4D117422454AA2E68F45F09",
  "StbiSharp.dll": "5F2D4CB0455357558E67ED2DA44F9970",
  "System.Reactive.dll": "EF5A00287AD15393D41B12AA4B726FF7",
  "System.Reflection.MetadataLoadContext.dll": "7EC41D41F4E1246757BA3E2EC862D562",
  "System.Security.Cryptography.Pkcs.dll": "8950E01996A37E808BE3F39063C37BF9",
  "TEMP_gitver.txt": "D76A4E188CEDF1A17BF5F54183754A0D",
  "Validation.dll": "8A95CAE5060D6C681D7EF4007EF1A1CE"
}
