{
  "runtimes\\alpine-x64\\native\\libe_sqlite3.so": "39C244FEDBCD3DFC37041D4FCE1AE21D",
  "runtimes\\linux-arm\\native\\libe_sqlite3.so": "96CF54BC0EFB83D6E3F5F3E04997A59D",
  "runtimes\\linux-arm64\\native\\libe_sqlite3.so": "F079E55E7F3F9966A4A2052A3234E068",
  "runtimes\\linux-armel\\native\\libe_sqlite3.so": "C5A67D49434FC65D64E9C15778078C76",
  "runtimes\\linux-mips64\\native\\libe_sqlite3.so": "5F8461214089CFC677D46C19B7162161",
  "runtimes\\linux-musl-x64\\native\\libe_sqlite3.so": "39C244FEDBCD3DFC37041D4FCE1AE21D",
  "runtimes\\linux-x64\\native\\libe_sqlite3.so": "6F49C540D3AB9964D67A4A704C3D262D",
  "runtimes\\linux-x64\\native\\libglfw.so.3": "9E3137144F68B9E9793F4C7AD5B1BEA7",
  "runtimes\\linux-x64\\native\\libSDL2-2.0.so": "99B95A708381FC66AB2370E45A260527",
  "runtimes\\linux-x64\\native\\libstbi.so": "0945355ED59677D06E3E88F48101BB26",
  "runtimes\\linux-x86\\native\\libe_sqlite3.so": "5E0659B414CBD6DDC38C65582485853E",
  "runtimes\\osx-x64\\native\\libe_sqlite3.dylib": "F82AE134FCD1C080A69D775591406673",
  "runtimes\\osx-x64\\native\\libglfw.3.dylib": "1E30FAB2F0C40E82290AD4B0BF14A880",
  "runtimes\\osx-x64\\native\\libSDL2-2.0.dylib": "AAC958490586C67395F0A90903AE3747",
  "runtimes\\osx-x64\\native\\libstbi.dylib": "0B84B0A6A80178266018081C3CAB68E6",
  "runtimes\\win-arm\\native\\e_sqlite3.dll": "F491568C109D797535F2ECC3D16E9240",
  "runtimes\\win-arm64\\native\\e_sqlite3.dll": "64DE03143E34D16BF766F4D7AEEC4C9C",
  "runtimes\\win-x64\\native\\cimgui.dll": "2144E92135DCEB4B88D0D8F8E01AF6AB",
  "runtimes\\win-x64\\native\\cimguizmo.dll": "AC737C93D46BA2A41F0A24AB3CE4BC0B",
  "runtimes\\win-x64\\native\\cimplot.dll": "0D345EA3330EB525D0C9A4BAF1534CDC",
  "runtimes\\win-x64\\native\\e_sqlite3.dll": "3AF51E415229629CE7D77FFD28D38D2B",
  "runtimes\\win-x64\\native\\glfw3.dll": "74579338CF06F4831DDD5C7220E6ADB2",
  "runtimes\\win-x64\\native\\minhook.x64d.dll": "9B1544986F6DCE55F541C21B657E335E",
  "runtimes\\win-x64\\native\\SDL2.dll": "C22B65D1C2421B71493263E42E88570B",
  "runtimes\\win-x64\\native\\stbi.dll": "F7E434AB1157E47000084BDAB51B4987",
  "runtimes\\win-x64\\native\\stbi.lib": "927C214DE576219E1F80DBE7798A0502",
  "runtimes\\win-x86\\native\\e_sqlite3.dll": "8E8D1B25630E75FEE41276425494FD89",
  "runtimes\\win-x86\\native\\glfw3.dll": "94955034A9E0900DE7B64867B002C482",
  "runtimes\\win-x86\\native\\SDL2.dll": "AB9577326A890CB458207B07B94E2240",
  "targets\\Dalamud.Plugin.Bootstrap.targets": "C85635161398CD9852CF7212DB7EB904",
  "targets\\Dalamud.Plugin.targets": "11001C983157350F50D99F1A827999B5",
  "CheapLoc.dll": "ECDF618DFAD76074B8A4F266D7D4A778",
  "Costura.dll": "BF706642963C5E0D45CFE42D8AF706DD",
  "Dalamud.Boot.dll": "1B24A45720A561817A5147CEA09E8818",
  "Dalamud.Common.dll": "0B566AF065B76070C723100FB70D13B8",
  "Dalamud.deps.json": "B60F9E9F0E7466C10D510C13306172D5",
  "Dalamud.dll": "F74212AB0BF9BDAEF118FDAF0C3DDCFA",
  "Dalamud.Injector.deps.json": "4E53ABE9A5D3E4592DA63EBF98DAAD86",
  "Dalamud.Injector.dll": "EF132349669F50213428822047E2C561",
  "Dalamud.Injector.exe": "BDD4D60F1C491E447970B5C916E7965E",
  "Dalamud.Injector.runtimeconfig.json": "AAAFA957BB3B382321D67ACC2D792553",
  "Dalamud.Injector.xml": "6CFC451561E67CE7788814C5B327D7EC",
  "Dalamud.runtimeconfig.json": "15719C111D02D5BD45F37285FC8B6040",
  "Dalamud.xml": "D7E595C0607D8052DDFF7A7317FB8661",
  "DalamudCrashHandler.exe": "048FBF13904FF5EFBE85003E3135E0D4",
  "FASM-LICENSE.TXT": "ECEA1D10811221D5F0A3E96F9C38E2C7",
  "FASM.DLL": "F3A708B8F784A511534DF2B41A7FCC67",
  "FASMX64.DLL": "12B36B65AE397D4E7F95BAD70E8CADB4",
  "FFXIVClientStructs.dll": "88B3116BF6ED510734EA1AFFAD9A0A78",
  "FFXIVClientStructs.xml": "152FEDA81773B270AC030522A26C1F00",
  "goaaats.Reloaded.Assembler.targets": "CC22CB0A353E2136EE9E6E96DB9F7164",
  "Iced.dll": "F85B33A92B3225C2DB6E7EF15982C719",
  "ImGui.NET.dll": "B192D5B4791EBFF1610721534D681755",
  "ImGuiScene.dll": "F37F60AB84478B59E1D502C09D9AF954",
  "JetBrains.Annotations.dll": "32DA554B0048CD94A1441A32185633C5",
  "licenses.txt": "A159BE62AA91178EFC3E3983AE874D1D",
  "Lumina.dll": "B80510245B84B8C89B76A77F52578F4C",
  "Lumina.Excel.dll": "1B274C69B7A3009FECEFD2A5CF555B0B",
  "Microsoft.Bcl.HashCode.dll": "613AB56061ADF2284E047025207467E0",
  "Microsoft.DotNet.PlatformAbstractions.dll": "00AB0F02B1114C57C758F5AD595224F1",
  "Microsoft.Extensions.DependencyModel.dll": "F39BC76C10CFEA478C936FC4521A9FC9",
  "Microsoft.Extensions.ObjectPool.dll": "91B40FCF7D5A05DF428016DDFD05BABB",
  "MinSharp.dll": "24B6006AE76309A7DEA90AA2D49FED19",
  "Mono.Cecil.dll": "2A4935426194FA89E60696CA68BF3A21",
  "Mono.Cecil.Mdb.dll": "6953E7E70B7EDF189EE3051191C9BB65",
  "Mono.Cecil.Pdb.dll": "69B759EA3DEA066B9B10DCE35B13AB25",
  "Mono.Cecil.Rocks.dll": "D44C9E0A9E41221199306AA264E8DC6B",
  "MonoMod.Backports.dll": "E4947EA6D2A7D56FD3E36064D557B67B",
  "MonoMod.Core.dll": "AF8975D39A43DA82706F181D992539FC",
  "MonoMod.Iced.dll": "D14028E7669ED3D248C4998A6AFCF264",
  "MonoMod.ILHelpers.dll": "3CEB1769B0DD805CEF3BB3BC9A4A5B50",
  "MonoMod.RuntimeDetour.dll": "FB3B36339EAAEEC048787A822C25C438",
  "MonoMod.Utils.dll": "50758A893A75774C7023B04EE2D6555F",
  "nethost.dll": "012081214FE71F0F6ADCD9F4A71B2B00",
  "Newtonsoft.Json.dll": "86A83A63F12B55FD3718CFBFB577D7DC",
  "PeNet.Asn1.dll": "E9AF1CEC4A4871BEED4EC53BE1F51DD7",
  "PeNet.dll": "47FF6476D134EE812E6D7D7D789F49E1",
  "PInvoke.AdvApi32.dll": "34EE461D05B403C3A15D0DEC32A3788C",
  "PInvoke.BCrypt.dll": "FD07758EE1440491F22923084109FF26",
  "PInvoke.Cabinet.dll": "333D950E3804735DA60CC41D614C63E2",
  "PInvoke.CfgMgr32.dll": "768BE7CC18EDCF78B296A72ABE891691",
  "PInvoke.Crypt32.dll": "E7B00B0851738F4A7F2C6D37DAA973B4",
  "PInvoke.DbgHelp.dll": "E701136169620D20E3A70B560DE20E44",
  "PInvoke.DwmApi.dll": "ACF223CC8962404056648815B486F7D9",
  "PInvoke.Gdi32.dll": "69FF434826F98582CE44D3136ECFFACB",
  "PInvoke.Hid.dll": "2E7A41257F8AD9B26073181F450CD8E5",
  "PInvoke.ImageHlp.dll": "79BE816E8D86EA66489D7780DD675D49",
  "PInvoke.IPHlpApi.dll": "E949FA3326D1BA8872B179AB4EE49D38",
  "PInvoke.Kernel32.dll": "234E15B122ED430DE99490CA1A204958",
  "PInvoke.Magnification.dll": "C9EA3D34F506741ECC044DB19C151F09",
  "PInvoke.Msi.dll": "69EE50CE2DA6B55755E52589F49A7EBC",
  "PInvoke.NCrypt.dll": "DA1DE76C14D99370CA3BEF19DC299B15",
  "PInvoke.NetApi32.dll": "AE79F9FA2E3864A5E0642AE4622ECDC5",
  "PInvoke.NewDev.dll": "B3E1992105D986EF9C5C8E4B630FBB07",
  "PInvoke.NTDll.dll": "3F6BDF840EB27DD0FD9EB8071822183A",
  "PInvoke.Ole32.dll": "3C49FB100B60519FFE725BCD12A538F6",
  "PInvoke.Psapi.dll": "A7683EE4B880227F01C8AE632A892B9E",
  "PInvoke.SetupApi.dll": "1B7AE321185D0081D1759A9AD829F9BA",
  "PInvoke.SHCore.dll": "F27E7F063D51480F6D2294C903E4A606",
  "PInvoke.Shell32.dll": "F71A1BCAF6478190691170DAEA77722F",
  "PInvoke.User32.dll": "8BEDE38311ED4F27127290B81B8079FD",
  "PInvoke.Userenv.dll": "FEB7BCA90B8C905EC2F4BB0789847131",
  "PInvoke.UxTheme.dll": "8E683C016250CB719FDB9AAAFC22B3C5",
  "PInvoke.Windows.Core.dll": "90015440A44935208FFEA9BF61740651",
  "PInvoke.Windows.ShellScalingApi.dll": "F351B34B8C9183A51CADFDC279357C49",
  "PInvoke.WinUsb.dll": "9EB8A0280F2848D1A32B560A939F7336",
  "PInvoke.WtsApi32.dll": "341C94455D2E5893DBE4293D4D67AA4D",
  "Reloaded.Assembler.dll": "5C7CF8806FF9F099B5B38C188EB7BFFA",
  "Reloaded.Hooks.Definitions.dll": "60801EAA0AD8FED3FD7107F2C5C28F9C",
  "Reloaded.Hooks.dll": "CBE20BE436BB114F2A71654630BC6B56",
  "Reloaded.Memory.Buffers.dll": "67295EA93F5FE7E1E8A913D7073219CD",
  "Reloaded.Memory.dll": "567BA88711F86F9788BE9BAC37516608",
  "revision.txt": "FD00D3474E495E7B6D5F9F575B2D7EC4",
  "SDL2-CS.config": "65557595FD5DF55D93B2BF881DE62C3A",
  "SDL2-CS.dll": "EB463B7753C50896BBB4A68C84D4C81B",
  "Serilog.dll": "31FA8CD2683F5D25FC9D0115CA91ADAF",
  "Serilog.Sinks.Async.dll": "E4BA528B292DD216D999F390D8A85CF3",
  "Serilog.Sinks.Console.dll": "BEEBA512D0E3D2D420F92C9056C59CF7",
  "Serilog.Sinks.File.dll": "61F15244D13FB8A7875AEB2932A384C1",
  "SharpDX.Direct3D11.dll": "9CABA672D791E75573C3C78B442DBD8B",
  "SharpDX.dll": "3264568EDD6C04B6AFE4EFD5CEF12641",
  "SharpDX.DXGI.dll": "78A28E83EC8199D332162BC0DE6E6881",
  "SharpDX.Mathematics.dll": "C3C5F2D3806D201E4B583D41682F349A",
  "Silk.NET.Core.dll": "B098A66F41D2D086D1E777200A80FEDE",
  "Silk.NET.GLFW.dll": "4F0D6F3766A8D33E60F45490F733C7B2",
  "Silk.NET.Maths.dll": "A00BBB796EBF8F58CD335909E312CE43",
  "Silk.NET.OpenGL.dll": "56E7B8594437D7C40D1C68826751D752",
  "Silk.NET.SDL.dll": "6A717C712B5259B50AD6216293396165",
  "Silk.NET.Windowing.Common.dll": "209B81AFF3238A2ADD774F8996DE0DE2",
  "Silk.NET.Windowing.Glfw.dll": "15F1227CBD630C579D2F6426E15A131E",
  "Silk.NET.Windowing.Sdl.dll": "2EED8A706FF1F0B6D2D2E9D8E3FA1EA0",
  "SQLite-net.dll": "3D3E915975EE0ACB248F86784660F0BA",
  "SQLitePCLRaw.batteries_v2.dll": "339CC9C98F0DA21717C24C4A24686CA2",
  "SQLitePCLRaw.core.dll": "911976955DA4DD91353C05D10B386F38",
  "SQLitePCLRaw.nativelibrary.dll": "BB07A5E1E82EDAA69DBF8A5EAB20CD0F",
  "SQLitePCLRaw.provider.dynamic_cdecl.dll": "0D6AC601325E53910FCDAE877A78AB25",
  "StbiSharp.dll": "355E88FE6FD03D24C82E8B7107A647EF",
  "System.Reactive.dll": "EF5A00287AD15393D41B12AA4B726FF7",
  "System.Reflection.MetadataLoadContext.dll": "7EC41D41F4E1246757BA3E2EC862D562",
  "System.Security.Cryptography.Pkcs.dll": "8950E01996A37E808BE3F39063C37BF9",
  "TEMP_gitver.txt": "78D228699F67A7AD86A9AB8ABC021E49",
  "TerraFX.Interop.Windows.dll": "84F7EF6B0DE91F8CC23F773D3FD6DEC0",
  "Validation.dll": "1CC73D2375482DFE015886971E1AA783"
}
