{
  "runtimes\\alpine-x64\\native\\libe_sqlite3.so": "39C244FEDBCD3DFC37041D4FCE1AE21D",
  "runtimes\\linux-arm\\native\\libe_sqlite3.so": "96CF54BC0EFB83D6E3F5F3E04997A59D",
  "runtimes\\linux-arm64\\native\\libe_sqlite3.so": "F079E55E7F3F9966A4A2052A3234E068",
  "runtimes\\linux-armel\\native\\libe_sqlite3.so": "C5A67D49434FC65D64E9C15778078C76",
  "runtimes\\linux-mips64\\native\\libe_sqlite3.so": "5F8461214089CFC677D46C19B7162161",
  "runtimes\\linux-musl-x64\\native\\libe_sqlite3.so": "39C244FEDBCD3DFC37041D4FCE1AE21D",
  "runtimes\\linux-x64\\native\\libe_sqlite3.so": "6F49C540D3AB9964D67A4A704C3D262D",
  "runtimes\\linux-x64\\native\\libglfw.so.3": "9E3137144F68B9E9793F4C7AD5B1BEA7",
  "runtimes\\linux-x64\\native\\libSDL2-2.0.so": "99B95A708381FC66AB2370E45A260527",
  "runtimes\\linux-x64\\native\\libstbi.so": "0945355ED59677D06E3E88F48101BB26",
  "runtimes\\linux-x86\\native\\libe_sqlite3.so": "5E0659B414CBD6DDC38C65582485853E",
  "runtimes\\osx-x64\\native\\libe_sqlite3.dylib": "F82AE134FCD1C080A69D775591406673",
  "runtimes\\osx-x64\\native\\libglfw.3.dylib": "1E30FAB2F0C40E82290AD4B0BF14A880",
  "runtimes\\osx-x64\\native\\libSDL2-2.0.dylib": "AAC958490586C67395F0A90903AE3747",
  "runtimes\\osx-x64\\native\\libstbi.dylib": "0B84B0A6A80178266018081C3CAB68E6",
  "runtimes\\win-arm\\native\\e_sqlite3.dll": "0A7101504DE3109AD9E19149DBB5AB49",
  "runtimes\\win-arm64\\native\\e_sqlite3.dll": "41CF7F42BE0C406BCE04444F830A8791",
  "runtimes\\win-x64\\native\\cimgui.dll": "87054F4A036B1C5DF3A44B0849F9286A",
  "runtimes\\win-x64\\native\\cimguizmo.dll": "AF225A886EB8A69F79C895189C9BCCE6",
  "runtimes\\win-x64\\native\\cimplot.dll": "01D1352300B2A9ED6EA0EA52A9EB7071",
  "runtimes\\win-x64\\native\\e_sqlite3.dll": "0A2BCB1FE5E91B21DE6A597B6428EA24",
  "runtimes\\win-x64\\native\\glfw3.dll": "BE1C39881AC1361B53E81F44926F75A7",
  "runtimes\\win-x64\\native\\minhook.x64d.dll": "9B3F3C609BF6CB9F813160622162F326",
  "runtimes\\win-x64\\native\\SDL2.dll": "60E29F1C3B3AD8D7296DBBEC966A7B3A",
  "runtimes\\win-x64\\native\\stbi.dll": "619B6AD45B7D2249875BDDE3ED8348BE",
  "runtimes\\win-x64\\native\\stbi.lib": "927C214DE576219E1F80DBE7798A0502",
  "runtimes\\win-x86\\native\\e_sqlite3.dll": "D112B4A620F182B0FC77C739EE5BC587",
  "runtimes\\win-x86\\native\\glfw3.dll": "1CC9F65CE02A2CC4FB297D38F270595D",
  "runtimes\\win-x86\\native\\SDL2.dll": "B2E733CFA1A0439CA87CC4B9E1458F34",
  "targets\\Dalamud.Plugin.Bootstrap.targets": "C85635161398CD9852CF7212DB7EB904",
  "targets\\Dalamud.Plugin.targets": "D3DE10F1F04F22619FDD1005FD3DCFEF",
  "CheapLoc.dll": "EED84B1A0B407F26DBE87F9DB3DCCD1F",
  "Costura.dll": "495277E69C1B0EC651A18FDA3B56AE49",
  "Dalamud.Boot.dll": "473C9910F768F360E535AAA203A48F15",
  "Dalamud.Common.dll": "309CBFD983BB044279DBE4F8777A9D6B",
  "Dalamud.deps.json": "3D506ACEB4FEAE6A8AC47C8C913F3AA5",
  "Dalamud.dll": "9E525798DBB1F1537748BD30FB9B9A8A",
  "Dalamud.Injector.deps.json": "4E53ABE9A5D3E4592DA63EBF98DAAD86",
  "Dalamud.Injector.dll": "0D613F411EBFFB20409F82F204128D34",
  "Dalamud.Injector.exe": "7AFD75B0FE91E796F79DDA3F36A06D8A",
  "Dalamud.Injector.runtimeconfig.json": "AAAFA957BB3B382321D67ACC2D792553",
  "Dalamud.Injector.xml": "6CFC451561E67CE7788814C5B327D7EC",
  "Dalamud.runtimeconfig.json": "454E2BA21742B08CF0A9827950A92B0F",
  "Dalamud.xml": "3F8C30D7C1ACD6526BDA827F6A8EF712",
  "DalamudCrashHandler.exe": "15FB547E0FDD04CF6956350E7221968C",
  "FASM-LICENSE.TXT": "ECEA1D10811221D5F0A3E96F9C38E2C7",
  "FASM.DLL": "5EEB6C7D3C5BF29B112B40DE257B837B",
  "FASMX64.DLL": "8A1019CE335EAF2E4576F0E4C2F1382A",
  "FFXIVClientStructs.dll": "6DC26249F0A62FC0E3748D704F048DA1",
  "FFXIVClientStructs.xml": "F047797A2BD71D6B107E93D79A4F8543",
  "goaaats.Reloaded.Assembler.targets": "CC22CB0A353E2136EE9E6E96DB9F7164",
  "Iced.dll": "6D952B85A0332A774BBAF133BD2C4314",
  "ImGui.NET.dll": "1C2CD84D0FE357C6B1818BF868D52D94",
  "ImGuiScene.dll": "9C9881C570CBA922AC4FD767101C8E25",
  "JetBrains.Annotations.dll": "1497D2BF4E7D1688E7EC65897207456E",
  "licenses.txt": "A159BE62AA91178EFC3E3983AE874D1D",
  "Lumina.dll": "E5868C9DEF2AD634501D0D43F23C2216",
  "Lumina.Excel.dll": "61ABF8C9A543EF01A5DD0C6C410845E7",
  "Microsoft.Bcl.HashCode.dll": "613AB56061ADF2284E047025207467E0",
  "Microsoft.DotNet.PlatformAbstractions.dll": "00AB0F02B1114C57C758F5AD595224F1",
  "Microsoft.Extensions.DependencyModel.dll": "F39BC76C10CFEA478C936FC4521A9FC9",
  "MinSharp.dll": "C7868899B929C74E475501628C592AE9",
  "Mono.Cecil.dll": "A4CA3947902DF327620ADFFFB1AEAC32",
  "Mono.Cecil.Mdb.dll": "6198D03162AAA40A2223224C0BB16398",
  "Mono.Cecil.Pdb.dll": "9652397D196B76CD07BB9F9E7DD1C2F4",
  "Mono.Cecil.Rocks.dll": "AB103B616524535533C50F0B9C1D8D8B",
  "MonoMod.Backports.dll": "AAF50FAD473FB3983D07BCA9CF315ED0",
  "MonoMod.Core.dll": "8E281501825BFAF01CDFC2A286CFF957",
  "MonoMod.Iced.dll": "15DD22B0F43FD718183F4645BEB6EAA1",
  "MonoMod.ILHelpers.dll": "8FDB40A1FC7C390AD21489F487C6EFFD",
  "MonoMod.RuntimeDetour.dll": "65E565ACE9BF9D461B6797B0D02BD1BB",
  "MonoMod.Utils.dll": "1DC8F6D3367FA04FD4667A84FDC21846",
  "nethost.dll": "012081214FE71F0F6ADCD9F4A71B2B00",
  "Newtonsoft.Json.dll": "86A83A63F12B55FD3718CFBFB577D7DC",
  "PeNet.Asn1.dll": "0AA2EE160010A1697CA5765F3EDC7094",
  "PeNet.dll": "C812376FDC8267D53B847A6E68AD1302",
  "PInvoke.AdvApi32.dll": "34EE461D05B403C3A15D0DEC32A3788C",
  "PInvoke.BCrypt.dll": "FD07758EE1440491F22923084109FF26",
  "PInvoke.Cabinet.dll": "333D950E3804735DA60CC41D614C63E2",
  "PInvoke.CfgMgr32.dll": "768BE7CC18EDCF78B296A72ABE891691",
  "PInvoke.Crypt32.dll": "E7B00B0851738F4A7F2C6D37DAA973B4",
  "PInvoke.DbgHelp.dll": "E701136169620D20E3A70B560DE20E44",
  "PInvoke.DwmApi.dll": "ACF223CC8962404056648815B486F7D9",
  "PInvoke.Gdi32.dll": "69FF434826F98582CE44D3136ECFFACB",
  "PInvoke.Hid.dll": "2E7A41257F8AD9B26073181F450CD8E5",
  "PInvoke.ImageHlp.dll": "79BE816E8D86EA66489D7780DD675D49",
  "PInvoke.IPHlpApi.dll": "E949FA3326D1BA8872B179AB4EE49D38",
  "PInvoke.Kernel32.dll": "234E15B122ED430DE99490CA1A204958",
  "PInvoke.Magnification.dll": "C9EA3D34F506741ECC044DB19C151F09",
  "PInvoke.Msi.dll": "69EE50CE2DA6B55755E52589F49A7EBC",
  "PInvoke.NCrypt.dll": "DA1DE76C14D99370CA3BEF19DC299B15",
  "PInvoke.NetApi32.dll": "AE79F9FA2E3864A5E0642AE4622ECDC5",
  "PInvoke.NewDev.dll": "B3E1992105D986EF9C5C8E4B630FBB07",
  "PInvoke.NTDll.dll": "3F6BDF840EB27DD0FD9EB8071822183A",
  "PInvoke.Ole32.dll": "3C49FB100B60519FFE725BCD12A538F6",
  "PInvoke.Psapi.dll": "A7683EE4B880227F01C8AE632A892B9E",
  "PInvoke.SetupApi.dll": "1B7AE321185D0081D1759A9AD829F9BA",
  "PInvoke.SHCore.dll": "F27E7F063D51480F6D2294C903E4A606",
  "PInvoke.Shell32.dll": "F71A1BCAF6478190691170DAEA77722F",
  "PInvoke.User32.dll": "8BEDE38311ED4F27127290B81B8079FD",
  "PInvoke.Userenv.dll": "FEB7BCA90B8C905EC2F4BB0789847131",
  "PInvoke.UxTheme.dll": "8E683C016250CB719FDB9AAAFC22B3C5",
  "PInvoke.Windows.Core.dll": "90015440A44935208FFEA9BF61740651",
  "PInvoke.Windows.ShellScalingApi.dll": "F351B34B8C9183A51CADFDC279357C49",
  "PInvoke.WinUsb.dll": "9EB8A0280F2848D1A32B560A939F7336",
  "PInvoke.WtsApi32.dll": "341C94455D2E5893DBE4293D4D67AA4D",
  "Reloaded.Assembler.dll": "F6AC23C406EC6947EDA0E54A8197F380",
  "Reloaded.Hooks.Definitions.dll": "5AE3EA0A9DF3A87951C1CFE89F5E9B4C",
  "Reloaded.Hooks.dll": "ADE399658CED02291D4F5C8A67677A3D",
  "Reloaded.Memory.Buffers.dll": "38C89DEC1A516FC2B3FCF61364B83EE7",
  "Reloaded.Memory.dll": "773F45CB094BEF35DD0FF41A6AE8FAF2",
  "revision.txt": "A787F02ED34FD886EB6D49E60D9C9120",
  "SDL2-CS.config": "65557595FD5DF55D93B2BF881DE62C3A",
  "SDL2-CS.dll": "3C0E55FF34F03E2824562A9F22EEFC85",
  "Serilog.dll": "4CF8260CFEAB71962B61582D5D22211A",
  "Serilog.Sinks.Async.dll": "16E1C51267AFD70CF7B98AB6B8F527D5",
  "Serilog.Sinks.Console.dll": "EB9DBFECECA836AE9478BCA5557E08CD",
  "Serilog.Sinks.File.dll": "FE528ABF585015D4C7AE589450460AD0",
  "SharpDX.Direct3D11.dll": "2C2ECFC70D34B0C00AF082AAC1DAD02E",
  "SharpDX.dll": "4739E963DEDA0EBDB45F5D81CA3DE74B",
  "SharpDX.DXGI.dll": "30A4B6DD3A940058D6FBCEB67B61CB76",
  "SharpDX.Mathematics.dll": "6DF337443ED0CA26F5BF186C5053C9ED",
  "Silk.NET.Core.dll": "133658D204AAA14DA00F8FD4CB3693CE",
  "Silk.NET.GLFW.dll": "E4B3772C2E3AE1639931A58CB208BDC1",
  "Silk.NET.Maths.dll": "CAD6F5DA026A0F915EF9E276C74330B3",
  "Silk.NET.OpenGL.dll": "5F79C4178415020BD56F9CF7D695FBB9",
  "Silk.NET.SDL.dll": "EE8C11A9AAC849EA8DA0FFD41262CBA8",
  "Silk.NET.Windowing.Common.dll": "578C5C1EA8426D0E3B9254248B881199",
  "Silk.NET.Windowing.Glfw.dll": "82AB81D06124950D7599FE008B2C7512",
  "Silk.NET.Windowing.Sdl.dll": "94284C6F91FBE38B5D4E2E5CB9B43D35",
  "SQLite-net.dll": "4126B44FBBD0322848EA91B6EBC3317E",
  "SQLitePCLRaw.batteries_v2.dll": "6DA6D6DC7C8A7D426C3C3E5310D95DEF",
  "SQLitePCLRaw.core.dll": "5BC85CF203F0A4B628F878D4C3A2161D",
  "SQLitePCLRaw.nativelibrary.dll": "15179F8EB4E01C65503688FB3DFD1564",
  "SQLitePCLRaw.provider.dynamic_cdecl.dll": "114EC546749A5B757AAE9A09188B0E8A",
  "StbiSharp.dll": "AE00AD7FA8D93C691F855D63BFB5041D",
  "System.Reactive.dll": "EF5A00287AD15393D41B12AA4B726FF7",
  "System.Reflection.MetadataLoadContext.dll": "7EC41D41F4E1246757BA3E2EC862D562",
  "System.Security.Cryptography.Pkcs.dll": "8950E01996A37E808BE3F39063C37BF9",
  "TEMP_gitver.txt": "C2CF3AF1120482C59E26FA73269B4CC8",
  "Validation.dll": "1EAF2B91825C853D89EB6F80E00E57B5"
}
