{
  "runtimes\\alpine-x64\\native\\libe_sqlite3.so": "39C244FEDBCD3DFC37041D4FCE1AE21D",
  "runtimes\\linux-arm\\native\\libe_sqlite3.so": "96CF54BC0EFB83D6E3F5F3E04997A59D",
  "runtimes\\linux-arm64\\native\\libe_sqlite3.so": "F079E55E7F3F9966A4A2052A3234E068",
  "runtimes\\linux-armel\\native\\libe_sqlite3.so": "C5A67D49434FC65D64E9C15778078C76",
  "runtimes\\linux-mips64\\native\\libe_sqlite3.so": "5F8461214089CFC677D46C19B7162161",
  "runtimes\\linux-musl-x64\\native\\libe_sqlite3.so": "39C244FEDBCD3DFC37041D4FCE1AE21D",
  "runtimes\\linux-x64\\native\\libe_sqlite3.so": "6F49C540D3AB9964D67A4A704C3D262D",
  "runtimes\\linux-x64\\native\\libglfw.so.3": "9E3137144F68B9E9793F4C7AD5B1BEA7",
  "runtimes\\linux-x64\\native\\libSDL2-2.0.so": "99B95A708381FC66AB2370E45A260527",
  "runtimes\\linux-x64\\native\\libstbi.so": "0945355ED59677D06E3E88F48101BB26",
  "runtimes\\linux-x86\\native\\libe_sqlite3.so": "5E0659B414CBD6DDC38C65582485853E",
  "runtimes\\osx-x64\\native\\libe_sqlite3.dylib": "F82AE134FCD1C080A69D775591406673",
  "runtimes\\osx-x64\\native\\libglfw.3.dylib": "1E30FAB2F0C40E82290AD4B0BF14A880",
  "runtimes\\osx-x64\\native\\libSDL2-2.0.dylib": "AAC958490586C67395F0A90903AE3747",
  "runtimes\\osx-x64\\native\\libstbi.dylib": "0B84B0A6A80178266018081C3CAB68E6",
  "runtimes\\win-arm\\native\\e_sqlite3.dll": "7C716469FF06BBCD93D9301537F4C93B",
  "runtimes\\win-arm64\\native\\e_sqlite3.dll": "EAF43D4E6B8B50EF7F7D6177BF3DA74B",
  "runtimes\\win-x64\\native\\e_sqlite3.dll": "E4D3D3AEED32DBC965B993C013644B74",
  "runtimes\\win-x64\\native\\glfw3.dll": "E4D4976F2999D6091E70E026EFE6F504",
  "runtimes\\win-x64\\native\\minhook.x64d.dll": "426DAC6001BF76E66ACD1F915DE1CE78",
  "runtimes\\win-x64\\native\\SDL2.dll": "3AC3D195C6E4FC589E09B3CCC0F98A1B",
  "runtimes\\win-x64\\native\\stbi.dll": "16A1E185103F09FE9905D97A9E4E4102",
  "runtimes\\win-x64\\native\\stbi.lib": "927C214DE576219E1F80DBE7798A0502",
  "runtimes\\win-x86\\native\\e_sqlite3.dll": "7B153CFBE091C5AB5FE8982D675BC250",
  "runtimes\\win-x86\\native\\glfw3.dll": "A49C095358199A5B52C1C140B3268186",
  "runtimes\\win-x86\\native\\SDL2.dll": "4E7A299F2FE7704B7ACD494367AF9610",
  "targets\\Dalamud.Plugin.Bootstrap.targets": "C85635161398CD9852CF7212DB7EB904",
  "targets\\Dalamud.Plugin.targets": "69D15EDFB3D4F0BEE3A099216E4DE057",
  "BitFaster.Caching.dll": "B118BED39C77B8DF1CB1A184BF44FD25",
  "CheapLoc.dll": "08CEFF3EB8CBCB743B3AFE951C9E94DC",
  "cimgui.dll": "00C2546ED8B8AA929B1EA9F866623DC2",
  "cimguizmo.dll": "1B38875A16BFA43B5E4F151F1465FFDC",
  "cimplot.dll": "AB4E98716D15BFCC16903D31A61A127C",
  "commit_hash.txt": "BBEE1AB4C47A71D4D7C6AA4874E220D3",
  "Dalamud.Boot.dll": "DAE5B02CFA405FAE9A0946ED18115057",
  "Dalamud.Common.dll": "8A5ECC4DADDEDAF100616226B8257FBA",
  "Dalamud.deps.json": "26C348C4702937BC4F1DB0543DE37880",
  "Dalamud.dll": "BC966E4A7EF5C574869E65EF7B3CFF8A",
  "Dalamud.Injector.deps.json": "E30B9BD40106FFC14A5274A670979EDF",
  "Dalamud.Injector.dll": "7CA24298A31A9AE6874E471295A92384",
  "Dalamud.Injector.exe": "ED416F845B2BB728F4E55CF7F9027C83",
  "Dalamud.Injector.runtimeconfig.json": "B9BB65FFE7924D4D8BABE9FA66303200",
  "Dalamud.Injector.xml": "D41E5DF541D19A015215E777D7395C9C",
  "Dalamud.runtimeconfig.json": "2A9CD915428BDD175E0889BD0C225F75",
  "Dalamud.xml": "D4B80FC2A5ABB31B7AF7FFC237D260DF",
  "DalamudCrashHandler.exe": "97BA990BC8466932291EA0EB07EFAAA6",
  "FASM-LICENSE.TXT": "ECEA1D10811221D5F0A3E96F9C38E2C7",
  "FASM.DLL": "62345D0431ABE653118D4DF5910FA673",
  "FASMX64.DLL": "F8EDD159EDB0378D15C19B6B419517FB",
  "FFXIVClientStructs.dll": "FA67D94359DDFA776FDD3D960CA32A74",
  "FFXIVClientStructs.xml": "4C295C30718EEE210BF68632CC371965",
  "goaaats.Reloaded.Assembler.targets": "CC22CB0A353E2136EE9E6E96DB9F7164",
  "Iced.dll": "E20E48E8A51432F6D1875273BC7CACA0",
  "ImGui.NET.dll": "DBD93C15B00F007C5713CB85D78A0ADF",
  "ImGuiScene.dll": "1E3355D67137412B84A26EC30EE1C1EF",
  "InteropGenerator.Runtime.dll": "F99F23612EBCDFC9478A4E56B532893A",
  "JetBrains.Annotations.dll": "5889879F9A075A586DF91AE0961C2666",
  "licenses.txt": "A159BE62AA91178EFC3E3983AE874D1D",
  "Lumina.dll": "40A1BA6FCBF69B5BE79F7C5CC2150929",
  "Lumina.Excel.dll": "D3CD5617CA832C4CB591FACAF05D8F36",
  "Microsoft.Bcl.HashCode.dll": "613AB56061ADF2284E047025207467E0",
  "Microsoft.DotNet.PlatformAbstractions.dll": "00AB0F02B1114C57C758F5AD595224F1",
  "Microsoft.Extensions.DependencyModel.dll": "F39BC76C10CFEA478C936FC4521A9FC9",
  "Microsoft.Extensions.ObjectPool.dll": "FEE3CE8A84417360CC5ED787ED6F7DB1",
  "MinSharp.dll": "0E9FF9AC422172947B4C9A8A4E95870C",
  "Mono.Cecil.dll": "31A4140EA9E5284822E15D1BFCC63DC2",
  "Mono.Cecil.Mdb.dll": "F4CCF04C525B307F71292C25904EE801",
  "Mono.Cecil.Pdb.dll": "A2A09BBE993F15E7D3A6A69FD5F9ADEE",
  "Mono.Cecil.Rocks.dll": "F3E9E3172207079328633546F0B19F91",
  "nethost.dll": "21F39F71E2F4B5BA9FB3F126872F2F9B",
  "Newtonsoft.Json.dll": "ADF3E3EECDE20B7C9661E9C47106A14A",
  "PeNet.Asn1.dll": "569CF8F3DC1C1AF7D1C81E1EEE750511",
  "PeNet.dll": "53CFC0097BF90815A8BA666B643A2A92",
  "PInvoke.AdvApi32.dll": "34EE461D05B403C3A15D0DEC32A3788C",
  "PInvoke.BCrypt.dll": "FD07758EE1440491F22923084109FF26",
  "PInvoke.Cabinet.dll": "333D950E3804735DA60CC41D614C63E2",
  "PInvoke.CfgMgr32.dll": "768BE7CC18EDCF78B296A72ABE891691",
  "PInvoke.Crypt32.dll": "E7B00B0851738F4A7F2C6D37DAA973B4",
  "PInvoke.DbgHelp.dll": "E701136169620D20E3A70B560DE20E44",
  "PInvoke.DwmApi.dll": "ACF223CC8962404056648815B486F7D9",
  "PInvoke.Gdi32.dll": "69FF434826F98582CE44D3136ECFFACB",
  "PInvoke.Hid.dll": "2E7A41257F8AD9B26073181F450CD8E5",
  "PInvoke.ImageHlp.dll": "79BE816E8D86EA66489D7780DD675D49",
  "PInvoke.IPHlpApi.dll": "E949FA3326D1BA8872B179AB4EE49D38",
  "PInvoke.Kernel32.dll": "234E15B122ED430DE99490CA1A204958",
  "PInvoke.Magnification.dll": "C9EA3D34F506741ECC044DB19C151F09",
  "PInvoke.Msi.dll": "69EE50CE2DA6B55755E52589F49A7EBC",
  "PInvoke.NCrypt.dll": "DA1DE76C14D99370CA3BEF19DC299B15",
  "PInvoke.NetApi32.dll": "AE79F9FA2E3864A5E0642AE4622ECDC5",
  "PInvoke.NewDev.dll": "B3E1992105D986EF9C5C8E4B630FBB07",
  "PInvoke.NTDll.dll": "3F6BDF840EB27DD0FD9EB8071822183A",
  "PInvoke.Ole32.dll": "3C49FB100B60519FFE725BCD12A538F6",
  "PInvoke.Psapi.dll": "A7683EE4B880227F01C8AE632A892B9E",
  "PInvoke.SetupApi.dll": "1B7AE321185D0081D1759A9AD829F9BA",
  "PInvoke.SHCore.dll": "F27E7F063D51480F6D2294C903E4A606",
  "PInvoke.Shell32.dll": "F71A1BCAF6478190691170DAEA77722F",
  "PInvoke.User32.dll": "8BEDE38311ED4F27127290B81B8079FD",
  "PInvoke.Userenv.dll": "FEB7BCA90B8C905EC2F4BB0789847131",
  "PInvoke.UxTheme.dll": "8E683C016250CB719FDB9AAAFC22B3C5",
  "PInvoke.Windows.Core.dll": "90015440A44935208FFEA9BF61740651",
  "PInvoke.Windows.ShellScalingApi.dll": "F351B34B8C9183A51CADFDC279357C49",
  "PInvoke.WinUsb.dll": "9EB8A0280F2848D1A32B560A939F7336",
  "PInvoke.WtsApi32.dll": "341C94455D2E5893DBE4293D4D67AA4D",
  "Reloaded.Assembler.dll": "E6747ABF97173FDDC0FD4E4709265B29",
  "Reloaded.Hooks.Definitions.dll": "18CEE4B52396888973B6A8CBCA2CD1D0",
  "Reloaded.Hooks.dll": "C17157C10CCB9507349F58C4E1DE6738",
  "Reloaded.Memory.Buffers.dll": "887BFF45C542EC7A69ED2B06B148E907",
  "Reloaded.Memory.dll": "14F3A5ACFFDAA3E17BFE22B1C3B9A742",
  "revision.txt": "5DE8A36008B04A6167761FA19B61AA6C",
  "SDL2-CS.config": "65557595FD5DF55D93B2BF881DE62C3A",
  "SDL2-CS.dll": "A0230193C6D511ED9FB18DBDEA286CDC",
  "Serilog.dll": "C8E95BBB43FE892EDA3934E83AB7BCCF",
  "Serilog.Sinks.Async.dll": "FD5987EF557400A91C4E72A0E475FD7F",
  "Serilog.Sinks.Console.dll": "96A0901330927A9700DE0336D3E753CC",
  "Serilog.Sinks.File.dll": "F37A0AA25B9B78865BAA4B735BBC9B52",
  "SharpDX.Direct3D11.dll": "63BAD082166AE5D7B8B098BB2E47836C",
  "SharpDX.dll": "CC4B2081CB0265FF299A39028200E2EE",
  "SharpDX.DXGI.dll": "2BC515F34D6B319ACB9F9229CB35559F",
  "SharpDX.Mathematics.dll": "4B23CF7D426C563092BE5BDEF80336FF",
  "Silk.NET.Core.dll": "27AF2317C0252D61B17984D00A4423FD",
  "Silk.NET.GLFW.dll": "B1507789D5458E33AD3D3E05932E86AC",
  "Silk.NET.Maths.dll": "8800A09F8327247B2C313F12F3433128",
  "Silk.NET.OpenGL.dll": "C4A708BEAFB1B8B9B1B272942421B8F9",
  "Silk.NET.SDL.dll": "01C7A0AC7C5C705C965417670DBA37BC",
  "Silk.NET.Windowing.Common.dll": "24B3E7FA599254A4640D49FF6DC8E4A1",
  "Silk.NET.Windowing.Glfw.dll": "B1F88C861D681EF37C25478BDB0416D1",
  "Silk.NET.Windowing.Sdl.dll": "0D923BA01D605A302D4E95957ED266D1",
  "SQLite-net.dll": "A2B59B330FF1AA9A94DD5997025C4ABD",
  "SQLitePCLRaw.batteries_v2.dll": "6EA3F4EA4A705B0E1AC66E1EB2CABDB3",
  "SQLitePCLRaw.core.dll": "6C84898A29F9279600BD215415234FD0",
  "SQLitePCLRaw.nativelibrary.dll": "837C27A34FEFD9F7C8B3C184E164BFDB",
  "SQLitePCLRaw.provider.dynamic_cdecl.dll": "323472A696B9F5114609DA5EF77A7012",
  "StbiSharp.dll": "4D8CD8ACFB87C68F21279A3BE5F38BED",
  "System.Reactive.dll": "EF5A00287AD15393D41B12AA4B726FF7",
  "System.Reflection.MetadataLoadContext.dll": "E88E3AF6D37736F339022C9ACC5F2F7B",
  "System.Security.Cryptography.Pkcs.dll": "8950E01996A37E808BE3F39063C37BF9",
  "TEMP_gitver.txt": "E2495E532AEBF25652ADC8A00DACE1D8",
  "TerraFX.Interop.Windows.dll": "84F7EF6B0DE91F8CC23F773D3FD6DEC0",
  "Validation.dll": "CEA434649672FA3AD5A4F8FA4B5123EF"
}
