{
  "runtimes\\alpine-x64\\native\\libe_sqlite3.so": "39C244FEDBCD3DFC37041D4FCE1AE21D",
  "runtimes\\linux-arm\\native\\libe_sqlite3.so": "96CF54BC0EFB83D6E3F5F3E04997A59D",
  "runtimes\\linux-arm64\\native\\libe_sqlite3.so": "F079E55E7F3F9966A4A2052A3234E068",
  "runtimes\\linux-armel\\native\\libe_sqlite3.so": "C5A67D49434FC65D64E9C15778078C76",
  "runtimes\\linux-mips64\\native\\libe_sqlite3.so": "5F8461214089CFC677D46C19B7162161",
  "runtimes\\linux-musl-x64\\native\\libe_sqlite3.so": "39C244FEDBCD3DFC37041D4FCE1AE21D",
  "runtimes\\linux-x64\\native\\libe_sqlite3.so": "6F49C540D3AB9964D67A4A704C3D262D",
  "runtimes\\linux-x64\\native\\libglfw.so.3": "9E3137144F68B9E9793F4C7AD5B1BEA7",
  "runtimes\\linux-x64\\native\\libSDL2-2.0.so": "99B95A708381FC66AB2370E45A260527",
  "runtimes\\linux-x64\\native\\libstbi.so": "0945355ED59677D06E3E88F48101BB26",
  "runtimes\\linux-x86\\native\\libe_sqlite3.so": "5E0659B414CBD6DDC38C65582485853E",
  "runtimes\\osx-x64\\native\\libe_sqlite3.dylib": "F82AE134FCD1C080A69D775591406673",
  "runtimes\\osx-x64\\native\\libglfw.3.dylib": "1E30FAB2F0C40E82290AD4B0BF14A880",
  "runtimes\\osx-x64\\native\\libSDL2-2.0.dylib": "AAC958490586C67395F0A90903AE3747",
  "runtimes\\osx-x64\\native\\libstbi.dylib": "0B84B0A6A80178266018081C3CAB68E6",
  "runtimes\\win-arm\\native\\e_sqlite3.dll": "1DDE673CEF3A704279F420D40443981C",
  "runtimes\\win-arm64\\native\\e_sqlite3.dll": "4062A25CFA36B89153A0FDA3CEFD9C16",
  "runtimes\\win-x64\\native\\cimgui.dll": "7460366D75452ED9896218D0C710DBF5",
  "runtimes\\win-x64\\native\\cimguizmo.dll": "0CB3D50A1F0FC52E3F8EADA9058A6235",
  "runtimes\\win-x64\\native\\cimplot.dll": "A637724AC265D7C449CF259755D03FF9",
  "runtimes\\win-x64\\native\\e_sqlite3.dll": "0F31D539EE3A21CE27D73BB6E503555F",
  "runtimes\\win-x64\\native\\glfw3.dll": "9052B8485DBF9B9779054304941FBD4B",
  "runtimes\\win-x64\\native\\minhook.x64d.dll": "F508696D326BF36D14B0C3ECC8D91E78",
  "runtimes\\win-x64\\native\\SDL2.dll": "A37B35B6B714CAE0AC615D200332E500",
  "runtimes\\win-x64\\native\\stbi.dll": "FD9C381090603A6F2F7FC664DDF4B04F",
  "runtimes\\win-x64\\native\\stbi.lib": "927C214DE576219E1F80DBE7798A0502",
  "runtimes\\win-x86\\native\\e_sqlite3.dll": "24121793C0BCF72F26643D6666FC28A2",
  "runtimes\\win-x86\\native\\glfw3.dll": "AE7B013BE428A62331DF7B90993AA37A",
  "runtimes\\win-x86\\native\\SDL2.dll": "F228887A9BA976FE94E2FAB4E8B9E2B3",
  "targets\\Dalamud.Plugin.Bootstrap.targets": "C85635161398CD9852CF7212DB7EB904",
  "targets\\Dalamud.Plugin.targets": "11001C983157350F50D99F1A827999B5",
  "CheapLoc.dll": "8089D83E984653C2215231CC2069E522",
  "Costura.dll": "CFE7991DFA348E5C3D4462E9AB90D744",
  "Dalamud.Boot.dll": "4751BF5D7ACCEFE3059CBAA10C6E378F",
  "Dalamud.Common.dll": "1E9BF4215D78B41A6796A509AC644177",
  "Dalamud.deps.json": "34E952AAD5CC21EC6ADD86A6C9914F5A",
  "Dalamud.dll": "74F35D71BBC24CB481082AB3398B653E",
  "Dalamud.Injector.deps.json": "4E53ABE9A5D3E4592DA63EBF98DAAD86",
  "Dalamud.Injector.dll": "475F9C2001C8059EADBC170D0BD63070",
  "Dalamud.Injector.exe": "BAB68B0E244EA88A0D3BD976D66E1748",
  "Dalamud.Injector.runtimeconfig.json": "AAAFA957BB3B382321D67ACC2D792553",
  "Dalamud.Injector.xml": "6CFC451561E67CE7788814C5B327D7EC",
  "Dalamud.runtimeconfig.json": "454E2BA21742B08CF0A9827950A92B0F",
  "Dalamud.xml": "E6D440E73B6DFFB58BC1933FF7F2E738",
  "DalamudCrashHandler.exe": "2DC753F04AC373000D9AC8CB9C132217",
  "FASM-LICENSE.TXT": "ECEA1D10811221D5F0A3E96F9C38E2C7",
  "FASM.DLL": "F9AD012C84C3C639F01C51E3C7736FF0",
  "FASMX64.DLL": "4AEA3D2A2A2A7B3029BEEEE86C9D57E6",
  "FFXIVClientStructs.dll": "A92D667A444E539C5AD5966A6997AFA8",
  "FFXIVClientStructs.xml": "18F988E08585C09525D634FD19FDBDE2",
  "goaaats.Reloaded.Assembler.targets": "CC22CB0A353E2136EE9E6E96DB9F7164",
  "Iced.dll": "CC4E932E781D4780B226003F11EBFE7E",
  "ImGui.NET.dll": "91FE7995750FAB6956BA1B4005C1A2F8",
  "ImGuiScene.dll": "89E256024AC3FC47FD83B86530DAC06F",
  "JetBrains.Annotations.dll": "366D0E895C4E34F4C228B79FC9982DCD",
  "licenses.txt": "A159BE62AA91178EFC3E3983AE874D1D",
  "Lumina.dll": "4B0ECF4B0246C4C106B6CDEA13126796",
  "Lumina.Excel.dll": "5E2861C6C4509A1FAFA7B64C022AA8D7",
  "Microsoft.Bcl.HashCode.dll": "613AB56061ADF2284E047025207467E0",
  "Microsoft.DotNet.PlatformAbstractions.dll": "00AB0F02B1114C57C758F5AD595224F1",
  "Microsoft.Extensions.DependencyModel.dll": "F39BC76C10CFEA478C936FC4521A9FC9",
  "MinSharp.dll": "808D0D35F2765489F35091222BB2DDE7",
  "Mono.Cecil.dll": "5C3F7FDC3140FE066BE7294EC2036148",
  "Mono.Cecil.Mdb.dll": "5C347B8A809AFC4C9568FAA2D5621437",
  "Mono.Cecil.Pdb.dll": "182DE78CD26118DF61EEA3B316BAD40C",
  "Mono.Cecil.Rocks.dll": "E2D040E93953F0D2DABB8F6D53E5E19C",
  "MonoMod.Backports.dll": "6458ECAC02DEFDCF7BF373EA86A69B06",
  "MonoMod.Core.dll": "13F10F35E6616884A90ED9F365DC77E6",
  "MonoMod.Iced.dll": "FF077A43F35556C36CFE318441580EE4",
  "MonoMod.ILHelpers.dll": "7CAE93CCD360E6AD806496886B1C41C6",
  "MonoMod.RuntimeDetour.dll": "97D0DCF27878AE9E5948D581994E7E99",
  "MonoMod.Utils.dll": "5ADA4A33E6F8912B5CA3D2DA8FB638EF",
  "nethost.dll": "012081214FE71F0F6ADCD9F4A71B2B00",
  "Newtonsoft.Json.dll": "86A83A63F12B55FD3718CFBFB577D7DC",
  "PeNet.Asn1.dll": "4B32DC149ED9B6315226775B0D880B12",
  "PeNet.dll": "D94E06E4B5973F70560673FC761B5E0B",
  "PInvoke.AdvApi32.dll": "34EE461D05B403C3A15D0DEC32A3788C",
  "PInvoke.BCrypt.dll": "FD07758EE1440491F22923084109FF26",
  "PInvoke.Cabinet.dll": "333D950E3804735DA60CC41D614C63E2",
  "PInvoke.CfgMgr32.dll": "768BE7CC18EDCF78B296A72ABE891691",
  "PInvoke.Crypt32.dll": "E7B00B0851738F4A7F2C6D37DAA973B4",
  "PInvoke.DbgHelp.dll": "E701136169620D20E3A70B560DE20E44",
  "PInvoke.DwmApi.dll": "ACF223CC8962404056648815B486F7D9",
  "PInvoke.Gdi32.dll": "69FF434826F98582CE44D3136ECFFACB",
  "PInvoke.Hid.dll": "2E7A41257F8AD9B26073181F450CD8E5",
  "PInvoke.ImageHlp.dll": "79BE816E8D86EA66489D7780DD675D49",
  "PInvoke.IPHlpApi.dll": "E949FA3326D1BA8872B179AB4EE49D38",
  "PInvoke.Kernel32.dll": "234E15B122ED430DE99490CA1A204958",
  "PInvoke.Magnification.dll": "C9EA3D34F506741ECC044DB19C151F09",
  "PInvoke.Msi.dll": "69EE50CE2DA6B55755E52589F49A7EBC",
  "PInvoke.NCrypt.dll": "DA1DE76C14D99370CA3BEF19DC299B15",
  "PInvoke.NetApi32.dll": "AE79F9FA2E3864A5E0642AE4622ECDC5",
  "PInvoke.NewDev.dll": "B3E1992105D986EF9C5C8E4B630FBB07",
  "PInvoke.NTDll.dll": "3F6BDF840EB27DD0FD9EB8071822183A",
  "PInvoke.Ole32.dll": "3C49FB100B60519FFE725BCD12A538F6",
  "PInvoke.Psapi.dll": "A7683EE4B880227F01C8AE632A892B9E",
  "PInvoke.SetupApi.dll": "1B7AE321185D0081D1759A9AD829F9BA",
  "PInvoke.SHCore.dll": "F27E7F063D51480F6D2294C903E4A606",
  "PInvoke.Shell32.dll": "F71A1BCAF6478190691170DAEA77722F",
  "PInvoke.User32.dll": "8BEDE38311ED4F27127290B81B8079FD",
  "PInvoke.Userenv.dll": "FEB7BCA90B8C905EC2F4BB0789847131",
  "PInvoke.UxTheme.dll": "8E683C016250CB719FDB9AAAFC22B3C5",
  "PInvoke.Windows.Core.dll": "90015440A44935208FFEA9BF61740651",
  "PInvoke.Windows.ShellScalingApi.dll": "F351B34B8C9183A51CADFDC279357C49",
  "PInvoke.WinUsb.dll": "9EB8A0280F2848D1A32B560A939F7336",
  "PInvoke.WtsApi32.dll": "341C94455D2E5893DBE4293D4D67AA4D",
  "Reloaded.Assembler.dll": "424A6617AD94C0011C33FC860614F48F",
  "Reloaded.Hooks.Definitions.dll": "1872F8068D61916BA885838BE68E1A7A",
  "Reloaded.Hooks.dll": "EBD317EAF742164CBD97AD1ADA61A6AE",
  "Reloaded.Memory.Buffers.dll": "CB4984D13B18784788B65FEA625699F6",
  "Reloaded.Memory.dll": "404942E9FEEB68238F737A37B299C620",
  "revision.txt": "F06AE085FE74CD78AD5E89496B197FE1",
  "SDL2-CS.config": "65557595FD5DF55D93B2BF881DE62C3A",
  "SDL2-CS.dll": "804C40AC71D79B2047560484CFC3C473",
  "Serilog.dll": "7A8CFDAC740B7731CAEF1DA8CFBB93F1",
  "Serilog.Sinks.Async.dll": "566CF4D0E349DCD358898A67CCD08464",
  "Serilog.Sinks.Console.dll": "0C21F3F724B378F261D387BC5EA5AFAE",
  "Serilog.Sinks.File.dll": "01D2C4A4689E21E8DCE99131E68D91F9",
  "SharpDX.Direct3D11.dll": "A2F8A91FBB3028938DAB342C0D035DB0",
  "SharpDX.dll": "4923FB6FF58B59387F3E7AC8AB38585D",
  "SharpDX.DXGI.dll": "C94768097179818ED8C4B1768907267F",
  "SharpDX.Mathematics.dll": "B142103BCB37BA317D598232F860E6BD",
  "Silk.NET.Core.dll": "F0859A74F804B75037CCEB07257B31EF",
  "Silk.NET.GLFW.dll": "ED2B537461186844405C42A3D5564C68",
  "Silk.NET.Maths.dll": "232DB279EE610B3A7362E72D546FD5F6",
  "Silk.NET.OpenGL.dll": "DEC611CA481D3CBE31D28DE70DE83F5E",
  "Silk.NET.SDL.dll": "57A1EF1EEAAED54207D75633D867CB82",
  "Silk.NET.Windowing.Common.dll": "3631F8DA478A8623BEC9E813C51D116F",
  "Silk.NET.Windowing.Glfw.dll": "00B9A79C62A8E81CB31C2A6E76C00AF5",
  "Silk.NET.Windowing.Sdl.dll": "A329B34DB5F16DB2251C55652866724C",
  "SQLite-net.dll": "D6922FD6B3C877FCE500510CD521C375",
  "SQLitePCLRaw.batteries_v2.dll": "8CFCD6DBB7289192E11E62D9AF53677E",
  "SQLitePCLRaw.core.dll": "FD66A4B450D0DFF201AB96B4C5DCD249",
  "SQLitePCLRaw.nativelibrary.dll": "F822BADB95577998D95CAF6F216AB4AB",
  "SQLitePCLRaw.provider.dynamic_cdecl.dll": "63B588CB5B50200E2671046B07137568",
  "StbiSharp.dll": "22C2F0CB6A04CDB3BE0A8C28E0FEF4AE",
  "System.Reactive.dll": "EF5A00287AD15393D41B12AA4B726FF7",
  "System.Reflection.MetadataLoadContext.dll": "7EC41D41F4E1246757BA3E2EC862D562",
  "System.Security.Cryptography.Pkcs.dll": "8950E01996A37E808BE3F39063C37BF9",
  "TEMP_gitver.txt": "1C346FAB8A8D8E508D991C12D62EFE72",
  "Validation.dll": "B86FCF5E16127D87C6C6A2C6FD41CF92"
}
