{
  "runtimes\\linux-x64\\native\\libglfw.so.3": "9E3137144F68B9E9793F4C7AD5B1BEA7",
  "runtimes\\linux-x64\\native\\libSDL2-2.0.so": "99B95A708381FC66AB2370E45A260527",
  "runtimes\\linux-x64\\native\\libstbi.so": "0945355ED59677D06E3E88F48101BB26",
  "runtimes\\osx-x64\\native\\libglfw.3.dylib": "1E30FAB2F0C40E82290AD4B0BF14A880",
  "runtimes\\osx-x64\\native\\libSDL2-2.0.dylib": "AAC958490586C67395F0A90903AE3747",
  "runtimes\\osx-x64\\native\\libstbi.dylib": "0B84B0A6A80178266018081C3CAB68E6",
  "runtimes\\win-x64\\native\\cimgui.dll": "5B32F2798E1B5C79269D8CEF721D4D5A",
  "runtimes\\win-x64\\native\\cimguizmo.dll": "92F22122726583B6C49D2B3BE4FE622A",
  "runtimes\\win-x64\\native\\cimplot.dll": "B257577DF49B7DC6446EDEFFA590F319",
  "runtimes\\win-x64\\native\\glfw3.dll": "57372019945EB3F95ED0DFAEC0117107",
  "runtimes\\win-x64\\native\\minhook.x64d.dll": "1F3E6D4D9F4CA28BDBED164D056A3FD2",
  "runtimes\\win-x64\\native\\SDL2.dll": "9CC1127F1BC73B3E668681CAA07E01C7",
  "runtimes\\win-x64\\native\\stbi.dll": "D790FFABCDC82F9863655D132C2084A3",
  "runtimes\\win-x64\\native\\stbi.lib": "927C214DE576219E1F80DBE7798A0502",
  "runtimes\\win-x86\\native\\glfw3.dll": "4BF4DFE734FF5D3A56CC94FAAA112DCD",
  "runtimes\\win-x86\\native\\SDL2.dll": "5CAA2632A587436D27F881AC5D2397BA",
  "targets\\Dalamud.Plugin.Bootstrap.targets": "72C91AC1B4F7C83711BB4C5834FE49A8",
  "targets\\Dalamud.Plugin.targets": "CE55DF182FBC948D33DB41454A31EEF9",
  "CheapLoc.dll": "22E0436711C87DB7A77DCDF9798BEE72",
  "Costura.dll": "EC217296A8DCEEA0A51F38A15E2AF1AC",
  "Dalamud.Boot.dll": "E1D5F671CF2356C0F3358DF3E4235631",
  "Dalamud.deps.json": "6AFBBAB846E400F6FB34D20873022522",
  "Dalamud.dll": "AE23910B946D4424C10C6E9C6A41BE65",
  "Dalamud.Injector.deps.json": "D10EED2039C0151239F5EA4FE3A65A7B",
  "Dalamud.Injector.dll": "859783D91E099D96C5DEB34EC71A88B7",
  "Dalamud.Injector.exe": "8B8F447B4E743A62EF50D3F8D6161728",
  "Dalamud.Injector.runtimeconfig.json": "AAAFA957BB3B382321D67ACC2D792553",
  "Dalamud.Injector.xml": "CC06A545B271F56E0781ECC82BDEF67F",
  "Dalamud.Interface.dll": "BFD590C715B90694C3AB3CBE8FCF2D48",
  "Dalamud.runtimeconfig.json": "454E2BA21742B08CF0A9827950A92B0F",
  "Dalamud.xml": "AE6A8F954E59DF07579B5BFA7F5FAF7E",
  "DalamudCrashHandler.exe": "A020A3ADD7D7B931F72D768462D8E513",
  "FASM-LICENSE.TXT": "ECEA1D10811221D5F0A3E96F9C38E2C7",
  "FASM.DLL": "58BE192F8E7276799CD710A34C31EB30",
  "FASMX64.DLL": "865FC4E88DF73C508771CA1FD7F87CE5",
  "FFXIVClientStructs.dll": "CF11ED9A574AC855FEFD3FF03D338709",
  "FFXIVClientStructs.xml": "BA4F4EE1FE3A86FD25F585B2E2EAB745",
  "goaaats.Reloaded.Assembler.targets": "CC22CB0A353E2136EE9E6E96DB9F7164",
  "Iced.dll": "9F735F6D7B0E7CD1B278C5A2BDD120B6",
  "ImGui.NET.dll": "C212147D65A101651BE53A5CF7283153",
  "ImGuiScene.dll": "BFB0B603D3D1181EBFCF54E9ECD3159F",
  "JetBrains.Annotations.dll": "D8DF9FDCFFCE2FA997A864FC3F5BB9A0",
  "licenses.txt": "A159BE62AA91178EFC3E3983AE874D1D",
  "Lumina.dll": "4136837226DB7CE3AA92C60D5ED2D210",
  "Lumina.Excel.dll": "DB9B8E68FA6F26E331B25DAFE5BD401C",
  "Microsoft.Bcl.HashCode.dll": "613AB56061ADF2284E047025207467E0",
  "Microsoft.DotNet.PlatformAbstractions.dll": "00AB0F02B1114C57C758F5AD595224F1",
  "Microsoft.Extensions.DependencyModel.dll": "F39BC76C10CFEA478C936FC4521A9FC9",
  "MinSharp.dll": "023FE38E13CF0DD797CD3C50D4B6DC12",
  "Mono.Cecil.dll": "AED839C31B09957C1D480843FCFDD90F",
  "Mono.Cecil.Mdb.dll": "1BAAA0B262A82F30DE9FB25DA32D3586",
  "Mono.Cecil.Pdb.dll": "206BB0CF28076035D4BEEA4CE425011D",
  "Mono.Cecil.Rocks.dll": "E3DF25C928EAFA748D93D8EE552BAA33",
  "MonoMod.Backports.dll": "4E357025C8C69EA8CC0E38138E004A49",
  "MonoMod.Core.dll": "40E78A1648FD128CDFC08143411A3AD5",
  "MonoMod.Iced.dll": "047F31F6DDA98AEACA5F9585F5595F8E",
  "MonoMod.ILHelpers.dll": "9A0105875E4004F02E0F4FE1347364CD",
  "MonoMod.RuntimeDetour.dll": "5F70EE3F9E3D7F398FFD2BC9A4B3724B",
  "MonoMod.Utils.dll": "105F94279D50FE43972C36D596102A59",
  "nethost.dll": "012081214FE71F0F6ADCD9F4A71B2B00",
  "Newtonsoft.Json.dll": "86A83A63F12B55FD3718CFBFB577D7DC",
  "PeNet.Asn1.dll": "81AAF8F6AB9B3CD0E4A4D863F71A5606",
  "PeNet.dll": "FFB5AC57A66452864DD1248AF65979A3",
  "PInvoke.AdvApi32.dll": "34EE461D05B403C3A15D0DEC32A3788C",
  "PInvoke.BCrypt.dll": "FD07758EE1440491F22923084109FF26",
  "PInvoke.Cabinet.dll": "333D950E3804735DA60CC41D614C63E2",
  "PInvoke.CfgMgr32.dll": "768BE7CC18EDCF78B296A72ABE891691",
  "PInvoke.Crypt32.dll": "E7B00B0851738F4A7F2C6D37DAA973B4",
  "PInvoke.DbgHelp.dll": "E701136169620D20E3A70B560DE20E44",
  "PInvoke.DwmApi.dll": "ACF223CC8962404056648815B486F7D9",
  "PInvoke.Gdi32.dll": "69FF434826F98582CE44D3136ECFFACB",
  "PInvoke.Hid.dll": "2E7A41257F8AD9B26073181F450CD8E5",
  "PInvoke.ImageHlp.dll": "79BE816E8D86EA66489D7780DD675D49",
  "PInvoke.IPHlpApi.dll": "E949FA3326D1BA8872B179AB4EE49D38",
  "PInvoke.Kernel32.dll": "234E15B122ED430DE99490CA1A204958",
  "PInvoke.Magnification.dll": "C9EA3D34F506741ECC044DB19C151F09",
  "PInvoke.Msi.dll": "69EE50CE2DA6B55755E52589F49A7EBC",
  "PInvoke.NCrypt.dll": "DA1DE76C14D99370CA3BEF19DC299B15",
  "PInvoke.NetApi32.dll": "AE79F9FA2E3864A5E0642AE4622ECDC5",
  "PInvoke.NewDev.dll": "B3E1992105D986EF9C5C8E4B630FBB07",
  "PInvoke.NTDll.dll": "3F6BDF840EB27DD0FD9EB8071822183A",
  "PInvoke.Ole32.dll": "3C49FB100B60519FFE725BCD12A538F6",
  "PInvoke.Psapi.dll": "A7683EE4B880227F01C8AE632A892B9E",
  "PInvoke.SetupApi.dll": "1B7AE321185D0081D1759A9AD829F9BA",
  "PInvoke.SHCore.dll": "F27E7F063D51480F6D2294C903E4A606",
  "PInvoke.Shell32.dll": "F71A1BCAF6478190691170DAEA77722F",
  "PInvoke.User32.dll": "8BEDE38311ED4F27127290B81B8079FD",
  "PInvoke.Userenv.dll": "FEB7BCA90B8C905EC2F4BB0789847131",
  "PInvoke.UxTheme.dll": "8E683C016250CB719FDB9AAAFC22B3C5",
  "PInvoke.Windows.Core.dll": "90015440A44935208FFEA9BF61740651",
  "PInvoke.Windows.ShellScalingApi.dll": "F351B34B8C9183A51CADFDC279357C49",
  "PInvoke.WinUsb.dll": "9EB8A0280F2848D1A32B560A939F7336",
  "PInvoke.WtsApi32.dll": "341C94455D2E5893DBE4293D4D67AA4D",
  "Reloaded.Assembler.dll": "278B14C75F3500A6CB6C9EDEF4371F30",
  "Reloaded.Hooks.Definitions.dll": "652594D4390E1E8FBAFCD504DEFAC284",
  "Reloaded.Hooks.dll": "5C2014C7FEF8EAA605EDFA3293B619F7",
  "Reloaded.Memory.Buffers.dll": "5794DA002C79687A3068C33993FA1A89",
  "Reloaded.Memory.dll": "644CFFC69FF3713897E65C0C1A38B3A4",
  "revision.txt": "9CF742E94F29F454AC42FF68F37D5CC4",
  "SDL2-CS.config": "65557595FD5DF55D93B2BF881DE62C3A",
  "SDL2-CS.dll": "B313DC640C52B015AA1313C913D474AF",
  "Serilog.dll": "91A2546C2D092D7AFEA29C3662E0A621",
  "Serilog.Sinks.Async.dll": "66E6106552DB890A11EEFA10FBD38CE3",
  "Serilog.Sinks.Console.dll": "D0CAF539B553663311DB2A96FD1BB211",
  "Serilog.Sinks.File.dll": "C23202885976BF8F2D412D49B767BD0F",
  "SharpDX.Direct3D11.dll": "0F32C963F8ECC993A50828940B413607",
  "SharpDX.dll": "4430A5980F9AF4CF457321F2598E9D11",
  "SharpDX.DXGI.dll": "86ED0208A4C0C3B58B3834F88B9BBF4D",
  "SharpDX.Mathematics.dll": "85320AC555E8CDF3914CD2D1B90B8E1B",
  "Silk.NET.Core.dll": "FCD2547915D57725AF06E73452754F56",
  "Silk.NET.GLFW.dll": "D08C2B7322131E835617FB705805EFEA",
  "Silk.NET.Maths.dll": "DEFA4DDD6525E399A3E6F8FA1D29B259",
  "Silk.NET.OpenGL.dll": "AC7F238B1E2B9E7EBA5F1EC8CEE5E064",
  "Silk.NET.SDL.dll": "87FFF3AE307240F45CFA50175CE612FE",
  "Silk.NET.Windowing.Common.dll": "8FEF826B7E7AE8D91D930928FA87FB90",
  "Silk.NET.Windowing.Glfw.dll": "9B0EC8FF221664A599F0410DFE8D980A",
  "Silk.NET.Windowing.Sdl.dll": "E43A0685F9749AEDD66D3F0D76016A17",
  "StbiSharp.dll": "83CDEEB90F343876BE16002898BA6D43",
  "System.Reactive.dll": "EF5A00287AD15393D41B12AA4B726FF7",
  "System.Reflection.MetadataLoadContext.dll": "7EC41D41F4E1246757BA3E2EC862D562",
  "System.Security.Cryptography.Pkcs.dll": "8950E01996A37E808BE3F39063C37BF9",
  "TEMP_gitver.txt": "1D13F69FBF352192E8EC5DA6ACA696ED",
  "Validation.dll": "591FEA33FCD098141E3E8B9954765333"
}
