{
  "runtimes\\linux-x64\\native\\libglfw.so.3": "9E3137144F68B9E9793F4C7AD5B1BEA7",
  "runtimes\\linux-x64\\native\\libSDL2-2.0.so": "99B95A708381FC66AB2370E45A260527",
  "runtimes\\linux-x64\\native\\libstbi.so": "0945355ED59677D06E3E88F48101BB26",
  "runtimes\\osx-x64\\native\\libglfw.3.dylib": "1E30FAB2F0C40E82290AD4B0BF14A880",
  "runtimes\\osx-x64\\native\\libSDL2-2.0.dylib": "AAC958490586C67395F0A90903AE3747",
  "runtimes\\osx-x64\\native\\libstbi.dylib": "0B84B0A6A80178266018081C3CAB68E6",
  "runtimes\\win-x64\\native\\cimgui.dll": "1533392C474FA7A112E3AFF7942E3825",
  "runtimes\\win-x64\\native\\cimguizmo.dll": "64C3BD88CFC3B5AD1668E634E8C6CD84",
  "runtimes\\win-x64\\native\\cimplot.dll": "4D4B3CE11FB348F7C0041EA6B1C5D24F",
  "runtimes\\win-x64\\native\\glfw3.dll": "EAD82C0CF3B85882421B0C4ED0B6568D",
  "runtimes\\win-x64\\native\\minhook.x64d.dll": "3CF80143B0A7B53AF82CD48FD914F254",
  "runtimes\\win-x64\\native\\SDL2.dll": "C54EFDFAD751647796CBC3A68022853C",
  "runtimes\\win-x64\\native\\stbi.dll": "FF1B84FB6EA5806554ACC33DF5502059",
  "runtimes\\win-x64\\native\\stbi.lib": "927C214DE576219E1F80DBE7798A0502",
  "runtimes\\win-x86\\native\\glfw3.dll": "6A6DDB802593B2AE7E68000FB9ACE3F4",
  "runtimes\\win-x86\\native\\SDL2.dll": "78CFEA039A59F3B6D54F2E8000622B14",
  "targets\\Dalamud.Plugin.Bootstrap.targets": "72C91AC1B4F7C83711BB4C5834FE49A8",
  "targets\\Dalamud.Plugin.targets": "AFEDE3BC5CE107D4EE07A44BEC35DBFA",
  "CheapLoc.dll": "C699B8FE1CA5E5C4BD2B20B5A66C4EE5",
  "Costura.dll": "CE9A10D68800BF8BDABED64475AA5C04",
  "Dalamud.Boot.dll": "68EED092778C9276C509BD2712536223",
  "Dalamud.deps.json": "C20FFECB3FBA8673D1D74B973259BF61",
  "Dalamud.dll": "C7A63E9BE2090B980EBE0342090C19FC",
  "Dalamud.Injector.deps.json": "D10EED2039C0151239F5EA4FE3A65A7B",
  "Dalamud.Injector.dll": "8197570BF2ED55DFCEC17A3CD0348186",
  "Dalamud.Injector.exe": "86D44FC04E93AE648E3266C5A50CE71B",
  "Dalamud.Injector.runtimeconfig.json": "AAAFA957BB3B382321D67ACC2D792553",
  "Dalamud.Injector.xml": "CC06A545B271F56E0781ECC82BDEF67F",
  "Dalamud.Interface.dll": "36C4AB9FCE0CA249BCD92C629FC7396B",
  "Dalamud.runtimeconfig.json": "454E2BA21742B08CF0A9827950A92B0F",
  "Dalamud.xml": "88094BEB342AC741D6DAEBBF0FE0F88A",
  "DalamudCrashHandler.exe": "91575FA28D24890E48C8C7484F17DEFD",
  "FASM-LICENSE.TXT": "ECEA1D10811221D5F0A3E96F9C38E2C7",
  "FASM.DLL": "D0A5B219BE52DC0261873D4782385904",
  "FASMX64.DLL": "AB8E5AD2E658CB1B629C853B21837D5C",
  "FFXIVClientStructs.dll": "4B194F192607FA00EBEBBC0DFB810500",
  "FFXIVClientStructs.xml": "BA4F4EE1FE3A86FD25F585B2E2EAB745",
  "goaaats.Reloaded.Assembler.targets": "CC22CB0A353E2136EE9E6E96DB9F7164",
  "Iced.dll": "D9A201126623048E6E26CB7BEE2BBB38",
  "ImGui.NET.dll": "BCDF68E35DE32AF14F890518403FCF72",
  "ImGuiScene.dll": "6E3194E504E98EA5128338D00E0B3B8C",
  "JetBrains.Annotations.dll": "E6B7683A95B2A417B61C4EC908B9ED12",
  "licenses.txt": "A159BE62AA91178EFC3E3983AE874D1D",
  "Lumina.dll": "EC2B0C7FB75660640088C05FA10E1C3F",
  "Lumina.Excel.dll": "F2EED996BE911A6E8194F37ABCE7CADB",
  "Microsoft.Bcl.HashCode.dll": "613AB56061ADF2284E047025207467E0",
  "Microsoft.DotNet.PlatformAbstractions.dll": "00AB0F02B1114C57C758F5AD595224F1",
  "Microsoft.Extensions.DependencyModel.dll": "F39BC76C10CFEA478C936FC4521A9FC9",
  "MinSharp.dll": "5F5D94B0282DDB1AD59E23437C1F3A40",
  "Mono.Cecil.dll": "8B140BB15AEA46ED47A01CDF589188EC",
  "Mono.Cecil.Mdb.dll": "72FAD5E343A875F03F47F55C06632F19",
  "Mono.Cecil.Pdb.dll": "229115E9A011798C4B5713862EA6DA3C",
  "Mono.Cecil.Rocks.dll": "8E8BD325CFA2BBA8373A2CA168888FBD",
  "MonoMod.Backports.dll": "F93DA3F05D67B9D30A3195F31A87F537",
  "MonoMod.Core.dll": "A25612526D94484229B62DADC359CE04",
  "MonoMod.Iced.dll": "8248B2FEA351463D7B5F62197A56B0C4",
  "MonoMod.ILHelpers.dll": "7B2F6E5BE2B8658B949DE39CD3716CDD",
  "MonoMod.RuntimeDetour.dll": "67C405C1D9983CF2157532359C37910C",
  "MonoMod.Utils.dll": "496E6808776DC15072E71373A74D141D",
  "nethost.dll": "012081214FE71F0F6ADCD9F4A71B2B00",
  "Newtonsoft.Json.dll": "86A83A63F12B55FD3718CFBFB577D7DC",
  "PeNet.Asn1.dll": "B72AF3B8B5988BE08060F2AB50CFCCF4",
  "PeNet.dll": "938AEEF7EFBB0447E36F12E98E58473E",
  "PInvoke.AdvApi32.dll": "34EE461D05B403C3A15D0DEC32A3788C",
  "PInvoke.BCrypt.dll": "FD07758EE1440491F22923084109FF26",
  "PInvoke.Cabinet.dll": "333D950E3804735DA60CC41D614C63E2",
  "PInvoke.CfgMgr32.dll": "768BE7CC18EDCF78B296A72ABE891691",
  "PInvoke.Crypt32.dll": "E7B00B0851738F4A7F2C6D37DAA973B4",
  "PInvoke.DbgHelp.dll": "E701136169620D20E3A70B560DE20E44",
  "PInvoke.DwmApi.dll": "ACF223CC8962404056648815B486F7D9",
  "PInvoke.Gdi32.dll": "69FF434826F98582CE44D3136ECFFACB",
  "PInvoke.Hid.dll": "2E7A41257F8AD9B26073181F450CD8E5",
  "PInvoke.ImageHlp.dll": "79BE816E8D86EA66489D7780DD675D49",
  "PInvoke.IPHlpApi.dll": "E949FA3326D1BA8872B179AB4EE49D38",
  "PInvoke.Kernel32.dll": "234E15B122ED430DE99490CA1A204958",
  "PInvoke.Magnification.dll": "C9EA3D34F506741ECC044DB19C151F09",
  "PInvoke.Msi.dll": "69EE50CE2DA6B55755E52589F49A7EBC",
  "PInvoke.NCrypt.dll": "DA1DE76C14D99370CA3BEF19DC299B15",
  "PInvoke.NetApi32.dll": "AE79F9FA2E3864A5E0642AE4622ECDC5",
  "PInvoke.NewDev.dll": "B3E1992105D986EF9C5C8E4B630FBB07",
  "PInvoke.NTDll.dll": "3F6BDF840EB27DD0FD9EB8071822183A",
  "PInvoke.Ole32.dll": "3C49FB100B60519FFE725BCD12A538F6",
  "PInvoke.Psapi.dll": "A7683EE4B880227F01C8AE632A892B9E",
  "PInvoke.SetupApi.dll": "1B7AE321185D0081D1759A9AD829F9BA",
  "PInvoke.SHCore.dll": "F27E7F063D51480F6D2294C903E4A606",
  "PInvoke.Shell32.dll": "F71A1BCAF6478190691170DAEA77722F",
  "PInvoke.User32.dll": "8BEDE38311ED4F27127290B81B8079FD",
  "PInvoke.Userenv.dll": "FEB7BCA90B8C905EC2F4BB0789847131",
  "PInvoke.UxTheme.dll": "8E683C016250CB719FDB9AAAFC22B3C5",
  "PInvoke.Windows.Core.dll": "90015440A44935208FFEA9BF61740651",
  "PInvoke.Windows.ShellScalingApi.dll": "F351B34B8C9183A51CADFDC279357C49",
  "PInvoke.WinUsb.dll": "9EB8A0280F2848D1A32B560A939F7336",
  "PInvoke.WtsApi32.dll": "341C94455D2E5893DBE4293D4D67AA4D",
  "Reloaded.Assembler.dll": "2DB7623F043F48AB6A7FAB91EA2A80A7",
  "Reloaded.Hooks.Definitions.dll": "1D7DA1B8139A443B8602CE2419AE2501",
  "Reloaded.Hooks.dll": "8ADFC1F5C50ED86E240489EEC3CE18AF",
  "Reloaded.Memory.Buffers.dll": "15B41804EA4F247ABF9A3F011E0F36BD",
  "Reloaded.Memory.dll": "72B96759E122DB298E1F9578C4281C1B",
  "revision.txt": "7059B7DEA43DA04FD342088D7C1698F0",
  "SDL2-CS.config": "65557595FD5DF55D93B2BF881DE62C3A",
  "SDL2-CS.dll": "BF2C3450ABFB747EA3D304D0887B7E83",
  "Serilog.dll": "42396CB232A35F5A4CB45E6FA78A35CA",
  "Serilog.Sinks.Async.dll": "6BDED8A3F08888DD66BA752BEB92BB1E",
  "Serilog.Sinks.Console.dll": "ED75C14D17964D5120191A4006CA5554",
  "Serilog.Sinks.File.dll": "559254B6C57EE2AA4F361EF2735DE9FD",
  "SharpDX.Direct3D11.dll": "1787CC15AA84E907D4D60CF0C8548D20",
  "SharpDX.dll": "6748986F6E04D46A1AE45EE8C02529BF",
  "SharpDX.DXGI.dll": "BCA04D534AFD00B4B50C77D44456ABDA",
  "SharpDX.Mathematics.dll": "4CC83D18F8DC79D559835A2EBF654897",
  "Silk.NET.Core.dll": "5301E5202C99DB0CF7220577BD5F50DC",
  "Silk.NET.GLFW.dll": "8E06D33D360E52C469888CE5352ED945",
  "Silk.NET.Maths.dll": "DB47114AE73B3B49D43DDC8F2C2010A3",
  "Silk.NET.OpenGL.dll": "672A0F10C9BCFD1C249A9CD55E79C746",
  "Silk.NET.SDL.dll": "355891A6E6327D84A12D63D49FEAA439",
  "Silk.NET.Windowing.Common.dll": "1AB35681DD5FD86F418250E741EA102E",
  "Silk.NET.Windowing.Glfw.dll": "04811CC34E9F4AABC11296B975D884E1",
  "Silk.NET.Windowing.Sdl.dll": "E130FA9F27C7858EF4FC584DC09CFC59",
  "StbiSharp.dll": "B983B44AB81890D0360190A903D700FE",
  "System.Reactive.dll": "EF5A00287AD15393D41B12AA4B726FF7",
  "System.Reflection.MetadataLoadContext.dll": "7EC41D41F4E1246757BA3E2EC862D562",
  "System.Security.Cryptography.Pkcs.dll": "8950E01996A37E808BE3F39063C37BF9",
  "TEMP_gitver.txt": "419F342D5B6D70551F992AA8AD812CBF",
  "Validation.dll": "16543F8B46795E28F0C792361EABF74E"
}
