{
  "runtimes\\alpine-x64\\native\\libe_sqlite3.so": "39C244FEDBCD3DFC37041D4FCE1AE21D",
  "runtimes\\linux-arm\\native\\libe_sqlite3.so": "96CF54BC0EFB83D6E3F5F3E04997A59D",
  "runtimes\\linux-arm64\\native\\libe_sqlite3.so": "F079E55E7F3F9966A4A2052A3234E068",
  "runtimes\\linux-armel\\native\\libe_sqlite3.so": "C5A67D49434FC65D64E9C15778078C76",
  "runtimes\\linux-mips64\\native\\libe_sqlite3.so": "5F8461214089CFC677D46C19B7162161",
  "runtimes\\linux-musl-x64\\native\\libe_sqlite3.so": "39C244FEDBCD3DFC37041D4FCE1AE21D",
  "runtimes\\linux-x64\\native\\libe_sqlite3.so": "6F49C540D3AB9964D67A4A704C3D262D",
  "runtimes\\linux-x64\\native\\libglfw.so.3": "9E3137144F68B9E9793F4C7AD5B1BEA7",
  "runtimes\\linux-x64\\native\\libSDL2-2.0.so": "99B95A708381FC66AB2370E45A260527",
  "runtimes\\linux-x64\\native\\libstbi.so": "0945355ED59677D06E3E88F48101BB26",
  "runtimes\\linux-x86\\native\\libe_sqlite3.so": "5E0659B414CBD6DDC38C65582485853E",
  "runtimes\\osx-x64\\native\\libe_sqlite3.dylib": "F82AE134FCD1C080A69D775591406673",
  "runtimes\\osx-x64\\native\\libglfw.3.dylib": "1E30FAB2F0C40E82290AD4B0BF14A880",
  "runtimes\\osx-x64\\native\\libSDL2-2.0.dylib": "AAC958490586C67395F0A90903AE3747",
  "runtimes\\osx-x64\\native\\libstbi.dylib": "0B84B0A6A80178266018081C3CAB68E6",
  "runtimes\\win-arm\\native\\e_sqlite3.dll": "6204935C9031AC88A7260B612DDF267C",
  "runtimes\\win-arm64\\native\\e_sqlite3.dll": "04E2B63BA47E9A1B142C018E729E47B4",
  "runtimes\\win-x64\\native\\cimgui.dll": "647D50BCD8E719468A73D05D0800DEB1",
  "runtimes\\win-x64\\native\\cimguizmo.dll": "A5893B58615D37C9B575B44CCAD5C101",
  "runtimes\\win-x64\\native\\cimplot.dll": "22BFA07C7C756F6395D89D90394F2327",
  "runtimes\\win-x64\\native\\e_sqlite3.dll": "BC3ED53A0AA84A221FE120B12D5E5E24",
  "runtimes\\win-x64\\native\\glfw3.dll": "BDB7CEB14ADF140A5BFB71F53ACCCC9B",
  "runtimes\\win-x64\\native\\minhook.x64d.dll": "97F1AA8E0225A448D5142483DB097F45",
  "runtimes\\win-x64\\native\\SDL2.dll": "E3DE4AC29E67AE2A8DC0CE74C93018FA",
  "runtimes\\win-x64\\native\\stbi.dll": "6094A0BEF6BD01948F76A4707FF051E9",
  "runtimes\\win-x64\\native\\stbi.lib": "927C214DE576219E1F80DBE7798A0502",
  "runtimes\\win-x86\\native\\e_sqlite3.dll": "9F7DD5EFF5BC76B07F436AF006527EA1",
  "runtimes\\win-x86\\native\\glfw3.dll": "92E789C146AC65D816F4B854E0D5E407",
  "runtimes\\win-x86\\native\\SDL2.dll": "59BEC638F8AFB52EEBE131474633A514",
  "targets\\Dalamud.Plugin.Bootstrap.targets": "C85635161398CD9852CF7212DB7EB904",
  "targets\\Dalamud.Plugin.targets": "D3DE10F1F04F22619FDD1005FD3DCFEF",
  "CheapLoc.dll": "3E3824D7133C4656F6BED5F95369A5AE",
  "Costura.dll": "0E77C96094581AC2DD7602606894EA99",
  "Dalamud.Boot.dll": "2EFF8EA12A63604D35246F1A43109238",
  "Dalamud.Common.dll": "6D34D34882FF9E1636E9C6EE00AA5F59",
  "Dalamud.deps.json": "3D506ACEB4FEAE6A8AC47C8C913F3AA5",
  "Dalamud.dll": "550E73F2976C2D21A2245A261EF4A61F",
  "Dalamud.Injector.deps.json": "4E53ABE9A5D3E4592DA63EBF98DAAD86",
  "Dalamud.Injector.dll": "ACA52BBE816E706B553AFA7D87D19F61",
  "Dalamud.Injector.exe": "E02C061977337BA5D07453345CE8BCD9",
  "Dalamud.Injector.runtimeconfig.json": "AAAFA957BB3B382321D67ACC2D792553",
  "Dalamud.Injector.xml": "6CFC451561E67CE7788814C5B327D7EC",
  "Dalamud.runtimeconfig.json": "454E2BA21742B08CF0A9827950A92B0F",
  "Dalamud.xml": "3F8C30D7C1ACD6526BDA827F6A8EF712",
  "DalamudCrashHandler.exe": "7216778290B3B950B3C67557929C6297",
  "FASM-LICENSE.TXT": "ECEA1D10811221D5F0A3E96F9C38E2C7",
  "FASM.DLL": "70E9074B6CD51FAD73CCE85F91AC0B11",
  "FASMX64.DLL": "EE1D49D73B99F63A2576B2A78FB1ECA5",
  "FFXIVClientStructs.dll": "7354C8459FAD38318D0B2B5AC503730B",
  "FFXIVClientStructs.xml": "469FBE493A127C1505937C5BC019D2FE",
  "goaaats.Reloaded.Assembler.targets": "CC22CB0A353E2136EE9E6E96DB9F7164",
  "Iced.dll": "4ED6960C7F9488C1350E991470F664B6",
  "ImGui.NET.dll": "A68E9BFEE716CFB4EC451B8F702485C0",
  "ImGuiScene.dll": "F259FC8A99E3B8AEBC439BC93C086AB2",
  "JetBrains.Annotations.dll": "839B402C23F1BA3433C7E36FF43152DC",
  "licenses.txt": "A159BE62AA91178EFC3E3983AE874D1D",
  "Lumina.dll": "60D071730A231EE607C22DF03052403E",
  "Lumina.Excel.dll": "1CC52843C9C45B831393106F357C7FDE",
  "Microsoft.Bcl.HashCode.dll": "613AB56061ADF2284E047025207467E0",
  "Microsoft.DotNet.PlatformAbstractions.dll": "00AB0F02B1114C57C758F5AD595224F1",
  "Microsoft.Extensions.DependencyModel.dll": "F39BC76C10CFEA478C936FC4521A9FC9",
  "MinSharp.dll": "125D0E63C74EBD5F343E3681B4873464",
  "Mono.Cecil.dll": "5038FE5711CA1DC14BDD6B5D589F0481",
  "Mono.Cecil.Mdb.dll": "2127AD6D9FE4F3B2EE67F22EC9A499D8",
  "Mono.Cecil.Pdb.dll": "903DC41639060162560BE2002062ED65",
  "Mono.Cecil.Rocks.dll": "F48A1AAC267C6FD7AF952B03B32B93F8",
  "MonoMod.Backports.dll": "31206A4D5D6A8C1E113A80CC2EB8CCEA",
  "MonoMod.Core.dll": "BEA9E66E45A5C44E4EE8FE55FFDBB7D4",
  "MonoMod.Iced.dll": "575FFE18FD5D985FECC2912E5AB4B497",
  "MonoMod.ILHelpers.dll": "ED90BB9B13D8E6482B01AF6D2F4F37C5",
  "MonoMod.RuntimeDetour.dll": "6E5CE4218B2D5DB270E798F0DA1395ED",
  "MonoMod.Utils.dll": "1463FC78C2080EDA345786492E16837B",
  "nethost.dll": "012081214FE71F0F6ADCD9F4A71B2B00",
  "Newtonsoft.Json.dll": "86A83A63F12B55FD3718CFBFB577D7DC",
  "PeNet.Asn1.dll": "07B40D613A8B49DC88D904166DBBF152",
  "PeNet.dll": "4EFDF0D077FA1ED350572E85A175D296",
  "PInvoke.AdvApi32.dll": "34EE461D05B403C3A15D0DEC32A3788C",
  "PInvoke.BCrypt.dll": "FD07758EE1440491F22923084109FF26",
  "PInvoke.Cabinet.dll": "333D950E3804735DA60CC41D614C63E2",
  "PInvoke.CfgMgr32.dll": "768BE7CC18EDCF78B296A72ABE891691",
  "PInvoke.Crypt32.dll": "E7B00B0851738F4A7F2C6D37DAA973B4",
  "PInvoke.DbgHelp.dll": "E701136169620D20E3A70B560DE20E44",
  "PInvoke.DwmApi.dll": "ACF223CC8962404056648815B486F7D9",
  "PInvoke.Gdi32.dll": "69FF434826F98582CE44D3136ECFFACB",
  "PInvoke.Hid.dll": "2E7A41257F8AD9B26073181F450CD8E5",
  "PInvoke.ImageHlp.dll": "79BE816E8D86EA66489D7780DD675D49",
  "PInvoke.IPHlpApi.dll": "E949FA3326D1BA8872B179AB4EE49D38",
  "PInvoke.Kernel32.dll": "234E15B122ED430DE99490CA1A204958",
  "PInvoke.Magnification.dll": "C9EA3D34F506741ECC044DB19C151F09",
  "PInvoke.Msi.dll": "69EE50CE2DA6B55755E52589F49A7EBC",
  "PInvoke.NCrypt.dll": "DA1DE76C14D99370CA3BEF19DC299B15",
  "PInvoke.NetApi32.dll": "AE79F9FA2E3864A5E0642AE4622ECDC5",
  "PInvoke.NewDev.dll": "B3E1992105D986EF9C5C8E4B630FBB07",
  "PInvoke.NTDll.dll": "3F6BDF840EB27DD0FD9EB8071822183A",
  "PInvoke.Ole32.dll": "3C49FB100B60519FFE725BCD12A538F6",
  "PInvoke.Psapi.dll": "A7683EE4B880227F01C8AE632A892B9E",
  "PInvoke.SetupApi.dll": "1B7AE321185D0081D1759A9AD829F9BA",
  "PInvoke.SHCore.dll": "F27E7F063D51480F6D2294C903E4A606",
  "PInvoke.Shell32.dll": "F71A1BCAF6478190691170DAEA77722F",
  "PInvoke.User32.dll": "8BEDE38311ED4F27127290B81B8079FD",
  "PInvoke.Userenv.dll": "FEB7BCA90B8C905EC2F4BB0789847131",
  "PInvoke.UxTheme.dll": "8E683C016250CB719FDB9AAAFC22B3C5",
  "PInvoke.Windows.Core.dll": "90015440A44935208FFEA9BF61740651",
  "PInvoke.Windows.ShellScalingApi.dll": "F351B34B8C9183A51CADFDC279357C49",
  "PInvoke.WinUsb.dll": "9EB8A0280F2848D1A32B560A939F7336",
  "PInvoke.WtsApi32.dll": "341C94455D2E5893DBE4293D4D67AA4D",
  "Reloaded.Assembler.dll": "0F946E292D4B76023DB74648B5659AF7",
  "Reloaded.Hooks.Definitions.dll": "8990DFF2AD365D4177225D1D7CA0FECB",
  "Reloaded.Hooks.dll": "5E29956F3AEF765E54F36A3F8E616D34",
  "Reloaded.Memory.Buffers.dll": "FBE1C1254EC3D686B83411D95942E46A",
  "Reloaded.Memory.dll": "6CC0CAC784895495DF1A7A75007EEDB6",
  "revision.txt": "7716D0FC31636914783865D34F6CDFD5",
  "SDL2-CS.config": "65557595FD5DF55D93B2BF881DE62C3A",
  "SDL2-CS.dll": "0F2D4CC30E0746BB49EEDD30B03ECB81",
  "Serilog.dll": "929589E70AB00B0BA169D8F5E9E8922C",
  "Serilog.Sinks.Async.dll": "D4BFEEBD12F49171336C8EAA6C27EC9C",
  "Serilog.Sinks.Console.dll": "97A2C1155C858343CB1070D7028C109F",
  "Serilog.Sinks.File.dll": "456CAD322EDCFDF72C79F85BF5067C82",
  "SharpDX.Direct3D11.dll": "EB29F77998BCEBF3C17AAC1E94BA715E",
  "SharpDX.dll": "C2E19D272803515EB2911BB5F28741BC",
  "SharpDX.DXGI.dll": "590AAC76F26134A396D0E6381BA4DB8D",
  "SharpDX.Mathematics.dll": "A30E8129A988139D25435F3F0E4F0E95",
  "Silk.NET.Core.dll": "1C069A5E893BF2F172EDB94C272CA090",
  "Silk.NET.GLFW.dll": "72D7E488F65CC14FB19CF01486F87424",
  "Silk.NET.Maths.dll": "A16C19194331E6E958BEB02126AF9F48",
  "Silk.NET.OpenGL.dll": "7010D640AE0FFF80CA6D22510A33BDC5",
  "Silk.NET.SDL.dll": "AF8342B03C1D012C3B6D5E2F9D5A2AF1",
  "Silk.NET.Windowing.Common.dll": "DF2F123CE6EAE433EEF2839698259958",
  "Silk.NET.Windowing.Glfw.dll": "F4B87611D34B66E547CB1BB674208685",
  "Silk.NET.Windowing.Sdl.dll": "9DD3325970131F9DA8DF0D7498577134",
  "SQLite-net.dll": "E83417D5E2E4F8A68A4BC970A4FE26AA",
  "SQLitePCLRaw.batteries_v2.dll": "DE7DBFE496C2D48770AD8FF3E172AD9C",
  "SQLitePCLRaw.core.dll": "A7F37C1DA7CFFD533DFEF18FD80DA402",
  "SQLitePCLRaw.nativelibrary.dll": "664EF9F9D4A7C77DA79CAA41250D180A",
  "SQLitePCLRaw.provider.dynamic_cdecl.dll": "24CE0EA6CA597A81EF704571274C59A9",
  "StbiSharp.dll": "72D840EA4F2155B38F0F1D623C3DB35F",
  "System.Reactive.dll": "EF5A00287AD15393D41B12AA4B726FF7",
  "System.Reflection.MetadataLoadContext.dll": "7EC41D41F4E1246757BA3E2EC862D562",
  "System.Security.Cryptography.Pkcs.dll": "8950E01996A37E808BE3F39063C37BF9",
  "TEMP_gitver.txt": "07258D466D0DCA3191F3AB383C7C3009",
  "Validation.dll": "053A70913A486DA912FB607B610F11D5"
}
