{
  "runtimes\\alpine-arm\\native\\libe_sqlite3.so": "87AF85204A246154501382901F3F6812",
  "runtimes\\alpine-arm64\\native\\libe_sqlite3.so": "CD4B9AAB53400EFE96ABC32B339A866A",
  "runtimes\\alpine-x64\\native\\libe_sqlite3.so": "6C9D6E34F1E932668237404D6EB6FC66",
  "runtimes\\browser-wasm\\nativeassets\\net7.0\\e_sqlite3.a": "E25518AC5EAD5E787448F3258236888E",
  "runtimes\\linux-arm\\native\\libe_sqlite3.so": "B8DA0DB6A447B5CCE98207F6A250FB84",
  "runtimes\\linux-arm64\\native\\libe_sqlite3.so": "A888898B38395A15F2DE200BAA8B486F",
  "runtimes\\linux-armel\\native\\libe_sqlite3.so": "54F3F4183B81387F7928ED0BB9B67B32",
  "runtimes\\linux-mips64\\native\\libe_sqlite3.so": "D56886A2E2F081CDEA1621BB18132764",
  "runtimes\\linux-musl-arm\\native\\libe_sqlite3.so": "87AF85204A246154501382901F3F6812",
  "runtimes\\linux-musl-arm64\\native\\libe_sqlite3.so": "CD4B9AAB53400EFE96ABC32B339A866A",
  "runtimes\\linux-musl-x64\\native\\libe_sqlite3.so": "6C9D6E34F1E932668237404D6EB6FC66",
  "runtimes\\linux-s390x\\native\\libe_sqlite3.so": "CB751CC76F280849C0E2F718D6784E69",
  "runtimes\\linux-x64\\native\\libe_sqlite3.so": "30098E7FAEB947BF5A5AE2FDB34E4461",
  "runtimes\\linux-x86\\native\\libe_sqlite3.so": "68872BD5071077981504636C2353EAA8",
  "runtimes\\maccatalyst-arm64\\native\\libe_sqlite3.dylib": "B2597C8799A6D21E5B98DB28C9C725FD",
  "runtimes\\maccatalyst-x64\\native\\libe_sqlite3.dylib": "19DCF2A64A7B5D1B8C7705AC809653A5",
  "runtimes\\osx-arm64\\native\\libe_sqlite3.dylib": "FB6D0058E0E849FA8715911B49790350",
  "runtimes\\osx-x64\\native\\libe_sqlite3.dylib": "DE5735102E730C1518C029DB3A0040A9",
  "runtimes\\win-arm\\native\\e_sqlite3.dll": "C2AB9C85092E01F599C5288B04AC7C0A",
  "runtimes\\win-arm64\\native\\e_sqlite3.dll": "8BCF11C34A029DAAC0FB04D38AE51253",
  "runtimes\\win-x64\\native\\e_sqlite3.dll": "3CEC1F84BE1D00EAF2C710094E75E4FF",
  "runtimes\\win-x64\\native\\minhook.x64d.dll": "4A872C4DFC22DDBBE0BA3B9659FF78E7",
  "runtimes\\win-x86\\native\\e_sqlite3.dll": "40D9E79F7FEAD426204E2DEBF42885F4",
  "BCnEncoder.dll": "196736D3D66882A9157D34FBE12ACD02",
  "BitFaster.Caching.dll": "F65E06508F8F4CD60CE3083EFCEFA591",
  "CheapLoc.dll": "4620525BF55DB942B0A3EC15C3FFE4EE",
  "cimgui.dll": "1292274C6311479E14A4284B3B20C3FF",
  "cimguizmo.dll": "A52D7E2CADF7F48239466C472B384F9B",
  "cimplot.dll": "81BD93200A92D90F2D0C1CCD6A28E0AB",
  "commit_hash.txt": "C5DE87FC9E4FCC0E5E73ACE74A206D77",
  "CommunityToolkit.HighPerformance.dll": "66B64EC334625F2C5D341A45E28EEB43",
  "Dalamud.Bindings.ImGui.dll": "DEE52C9F4C6B43B6B99A8EE03CAF1EA2",
  "Dalamud.Bindings.ImGuizmo.dll": "B6AF23C3ED3A62AF6AD47F4297E9DFB6",
  "Dalamud.Bindings.ImPlot.dll": "E81B0224B4F1CB6F57349E54A8FEA796",
  "Dalamud.Boot.dll": "F099EB8669C382DB03FA188128522C1E",
  "Dalamud.Common.dll": "D5310F052E7398ED81B9E26EF3CCBADB",
  "Dalamud.deps.json": "B5DC3AC492090381124A315D27A562DA",
  "Dalamud.dll": "BF6FD08D0F0577DC6CC2E48F3A901432",
  "Dalamud.Injector.deps.json": "28C3C412E18C8E21BCEC052CCAF9CE11",
  "Dalamud.Injector.dll": "A9040E6174EFE873CE47BD96E9FDF787",
  "Dalamud.Injector.exe": "FD6F590130D83A0A7A623956514A18EE",
  "Dalamud.Injector.runtimeconfig.json": "481C4D4F6151485203242D25F632FCC5",
  "Dalamud.Injector.xml": "573870DEB8A9854EC20203EDE9D78425",
  "Dalamud.runtimeconfig.json": "9DB7F0D7C94CA1AA6CA3ACFA6F93A1D8",
  "Dalamud.xml": "DFAA841D9F8F1288EE2AD761F2043A31",
  "DalamudCrashHandler.exe": "8904594EFFF028C4724EE6673573B3C1",
  "FASM-LICENSE.TXT": "ECEA1D10811221D5F0A3E96F9C38E2C7",
  "FASM.DLL": "005CE38FBE86700E4F4677A3D6D75CC6",
  "FASMX64.DLL": "7DF13F5B0FFEEDF679CCE8FC1A369347",
  "FFXIVClientStructs.dll": "ABB839AAB723EAF383A2252DBA0FDB48",
  "FFXIVClientStructs.xml": "431D6DF64D4F9FF2BF90CE5CBC3CDE26",
  "goatcorp.Reloaded.Assembler.dll": "04143A40514940CB03E23BB5E346F623",
  "goatcorp.Reloaded.Assembler.targets": "CC22CB0A353E2136EE9E6E96DB9F7164",
  "goatcorp.Reloaded.Hooks.dll": "F47F3138D8FEE1DE6B2D6C4146FBBCB1",
  "goatcorp.Reloaded.Memory.Buffers.dll": "477B6368AAEE7D173A5D018B231857F6",
  "HexaGen.Runtime.dll": "D77F222983C83822A7F677072FF35A75",
  "Iced.dll": "C9F7F2685AA8FA541B742748000DE97B",
  "ImGuiScene.dll": "5E80CADB9746BFC36E81A98374627D42",
  "InteropGenerator.Runtime.dll": "8B9F75E09E213CBA4F369B79B57AD1E7",
  "JetBrains.Annotations.dll": "D334483DFBCF8BE6062277E1FB3B94F3",
  "licenses.txt": "A159BE62AA91178EFC3E3983AE874D1D",
  "Lumina.dll": "775E569A918E768A5FFAFFD24AD382C6",
  "Lumina.Excel.dll": "2CC4856AFA08ED6A687A4EEA2F2432F5",
  "Lumina.Excel.xml": "8C361FFD52612B54A308E043847D6823",
  "Microsoft.Extensions.ObjectPool.dll": "CB2B8426DF93B062B631BC85B3369BED",
  "MinSharp.dll": "3CD1A8841D766441E4C60B08256D90AE",
  "Mono.Cecil.dll": "DD899880A7586AAA916151B0320BDCA9",
  "Mono.Cecil.Mdb.dll": "8C18B4A226BCC6FA7A4EAE67573CD30C",
  "Mono.Cecil.Pdb.dll": "6B7A6E9898D0C211EFCA937370270B08",
  "Mono.Cecil.Rocks.dll": "4D365E28D7F512EA1B7954C8F6E4F6C5",
  "nethost.dll": "21F39F71E2F4B5BA9FB3F126872F2F9B",
  "Newtonsoft.Json.dll": "C252FE44B67A08E6DAB4EADE3764DB49",
  "PeNet.Asn1.dll": "DFD7F64F6D10AD7269D47D6E47A241F5",
  "PeNet.dll": "0DD9BDC9D67ED34367774FFDD642C3A6",
  "Reloaded.Hooks.Definitions.dll": "78B8CA1585B3B97B16004075CEA29E89",
  "Reloaded.Memory.Buffers.dll": "FD5470654B21C94AFBCB42515514C149",
  "Reloaded.Memory.dll": "6B24320E730917A40D5AB6152BDBBB8C",
  "revision.txt": "1BA0846587744383FA518B7E642FF632",
  "Serilog.dll": "1947A4CC3427AFADE7B0CFACB7421868",
  "Serilog.Sinks.Async.dll": "162D280E6A2D5720BCD83B246F47C1D4",
  "Serilog.Sinks.Console.dll": "50AB2494FCD05F86B2650E678EFAAA40",
  "Serilog.Sinks.File.dll": "51C9926E1FEAF3CB7E9DD4F5AF49FA14",
  "SQLite-net.dll": "268C868C9A54BAE4AE4D2C1396B0D523",
  "SQLitePCLRaw.batteries_v2.dll": "65C79D255869697AC205DFE0F0CDB333",
  "SQLitePCLRaw.core.dll": "0D74A1858DE81235FBD2532A636EBBE1",
  "SQLitePCLRaw.provider.e_sqlite3.dll": "D7E807C2C54677C049FF90603E15133F",
  "System.Reactive.dll": "C6016588304D55406E3D1C2FA7D42903",
  "System.Reflection.MetadataLoadContext.dll": "284C720DEE2524BCF10DD1B5648AA303",
  "System.Security.Cryptography.Pkcs.dll": "17945B2BF07D9377E36AD3EBE69FF693",
  "TEMP_gitver.txt": "BA178213DD541CE3C141F62353EC7BC2",
  "TerraFX.Interop.Windows.dll": "C75D06E77DE5A095D45676A81CDE0DC9"
}
