{
  "runtimes\\alpine-arm\\native\\libe_sqlite3.so": "87AF85204A246154501382901F3F6812",
  "runtimes\\alpine-arm64\\native\\libe_sqlite3.so": "CD4B9AAB53400EFE96ABC32B339A866A",
  "runtimes\\alpine-x64\\native\\libe_sqlite3.so": "6C9D6E34F1E932668237404D6EB6FC66",
  "runtimes\\browser-wasm\\nativeassets\\net7.0\\e_sqlite3.a": "E25518AC5EAD5E787448F3258236888E",
  "runtimes\\linux-arm\\native\\libe_sqlite3.so": "B8DA0DB6A447B5CCE98207F6A250FB84",
  "runtimes\\linux-arm64\\native\\libe_sqlite3.so": "A888898B38395A15F2DE200BAA8B486F",
  "runtimes\\linux-armel\\native\\libe_sqlite3.so": "54F3F4183B81387F7928ED0BB9B67B32",
  "runtimes\\linux-mips64\\native\\libe_sqlite3.so": "D56886A2E2F081CDEA1621BB18132764",
  "runtimes\\linux-musl-arm\\native\\libe_sqlite3.so": "87AF85204A246154501382901F3F6812",
  "runtimes\\linux-musl-arm64\\native\\libe_sqlite3.so": "CD4B9AAB53400EFE96ABC32B339A866A",
  "runtimes\\linux-musl-x64\\native\\libe_sqlite3.so": "6C9D6E34F1E932668237404D6EB6FC66",
  "runtimes\\linux-s390x\\native\\libe_sqlite3.so": "CB751CC76F280849C0E2F718D6784E69",
  "runtimes\\linux-x64\\native\\libe_sqlite3.so": "30098E7FAEB947BF5A5AE2FDB34E4461",
  "runtimes\\linux-x86\\native\\libe_sqlite3.so": "68872BD5071077981504636C2353EAA8",
  "runtimes\\maccatalyst-arm64\\native\\libe_sqlite3.dylib": "B2597C8799A6D21E5B98DB28C9C725FD",
  "runtimes\\maccatalyst-x64\\native\\libe_sqlite3.dylib": "19DCF2A64A7B5D1B8C7705AC809653A5",
  "runtimes\\osx-arm64\\native\\libe_sqlite3.dylib": "FB6D0058E0E849FA8715911B49790350",
  "runtimes\\osx-x64\\native\\libe_sqlite3.dylib": "DE5735102E730C1518C029DB3A0040A9",
  "runtimes\\win-arm\\native\\e_sqlite3.dll": "44B26E9771101505035082DBFC871E20",
  "runtimes\\win-arm64\\native\\e_sqlite3.dll": "7A88910E5C7F9F520AC3C36E1D564C6A",
  "runtimes\\win-x64\\native\\e_sqlite3.dll": "8E03AA5B2587DC196D48A2867EA58C60",
  "runtimes\\win-x64\\native\\minhook.x64d.dll": "D603DB9C4BA97EF8FA7C1E50284FBEEF",
  "runtimes\\win-x86\\native\\e_sqlite3.dll": "08D3A71C0FA28BB3516C6399F12C721A",
  "BCnEncoder.dll": "229529940B82E2BA6BDB426C7BABFA71",
  "BitFaster.Caching.dll": "4A00372F0D398FDE3D3E190C8B37F6CE",
  "CheapLoc.dll": "9287AA748C0B3CE308500EAE073F4A26",
  "cimgui.dll": "434CD83713346FD084DF69F49D12718E",
  "cimguizmo.dll": "961030130923B9231ECF221EE58514E8",
  "cimplot.dll": "FF54A13CC0F8AC1ACC7B06C552D0ECFA",
  "commit_hash.txt": "40BED9379E81D9AC6EFDE4AAD28D6630",
  "CommunityToolkit.HighPerformance.dll": "66B64EC334625F2C5D341A45E28EEB43",
  "Dalamud.Bindings.ImGui.dll": "213F0C3513C2D26B6267A2786370FC4B",
  "Dalamud.Bindings.ImGuizmo.dll": "7AF833E86F301A91066417FC91072AA8",
  "Dalamud.Bindings.ImPlot.dll": "EE5AD5224E54EC51DABBF0D4E2E2EE27",
  "Dalamud.Boot.dll": "81706917182CD8BA8798891235FF67E4",
  "Dalamud.Common.dll": "54E1D227003A18E0CA9C76B760315C2F",
  "Dalamud.deps.json": "ADEA5407BA4CA280B4D7AE27C75754FC",
  "Dalamud.dll": "195F991F0FEA8B63767E9D7F71043C57",
  "Dalamud.Injector.deps.json": "28C3C412E18C8E21BCEC052CCAF9CE11",
  "Dalamud.Injector.dll": "09AC4F42BA8D79DCBA17A1EB2061817F",
  "Dalamud.Injector.exe": "94547FC9223D3B6CB970225B4624872B",
  "Dalamud.Injector.runtimeconfig.json": "481C4D4F6151485203242D25F632FCC5",
  "Dalamud.Injector.xml": "573870DEB8A9854EC20203EDE9D78425",
  "Dalamud.runtimeconfig.json": "9DB7F0D7C94CA1AA6CA3ACFA6F93A1D8",
  "Dalamud.xml": "DFAA841D9F8F1288EE2AD761F2043A31",
  "DalamudCrashHandler.exe": "26469DD604D33A0CFA091EB075EA3C82",
  "FASM-LICENSE.TXT": "ECEA1D10811221D5F0A3E96F9C38E2C7",
  "FASM.DLL": "3F59509DF47FB661B21C9E3ED07176DF",
  "FASMX64.DLL": "AC5975742342BFC49960AB2DA4D57DE3",
  "FFXIVClientStructs.dll": "DFE9AFB2A5986661842C8C414F1CF13A",
  "FFXIVClientStructs.xml": "EF7242DB4021DAEA08D3E8063B756F28",
  "goatcorp.Reloaded.Assembler.dll": "C15F0046630B60EA12C90DB44C2EAC67",
  "goatcorp.Reloaded.Assembler.targets": "CC22CB0A353E2136EE9E6E96DB9F7164",
  "goatcorp.Reloaded.Hooks.dll": "25122E62480BC7C431A7D0642BE169A1",
  "goatcorp.Reloaded.Memory.Buffers.dll": "2DAD3F2ECE8078D72A2CB7C0C2E57FF2",
  "HexaGen.Runtime.dll": "54A09CE01420792F902E59B534989315",
  "Iced.dll": "D3E208C6DDEA7A2BD87FAE0A29DE287B",
  "ImGuiScene.dll": "342C19E2FB64D255C07799B96B129F43",
  "InteropGenerator.Runtime.dll": "804A91D8A3746512D9C3C5DB06E1A4B9",
  "JetBrains.Annotations.dll": "D334483DFBCF8BE6062277E1FB3B94F3",
  "licenses.txt": "A159BE62AA91178EFC3E3983AE874D1D",
  "Lumina.dll": "F5B55B97BC5FAB9C9EB8CB2BD2DB6469",
  "Lumina.Excel.dll": "1A76CB6FFA0C54B2345783CA0ABEB391",
  "Lumina.Excel.xml": "8C361FFD52612B54A308E043847D6823",
  "Microsoft.Extensions.ObjectPool.dll": "CB2B8426DF93B062B631BC85B3369BED",
  "MinSharp.dll": "C21C5A3A1587A4BE78C1A2CB43904203",
  "Mono.Cecil.dll": "03495295E64780BACE1EA0171C26053B",
  "Mono.Cecil.Mdb.dll": "0C4CC55CC53ED54A2E3A313462C96D34",
  "Mono.Cecil.Pdb.dll": "EE0634EFDF069EC145CE9A91488D8FE3",
  "Mono.Cecil.Rocks.dll": "ECDA4845592392214D6CA6911699A9C8",
  "nethost.dll": "21F39F71E2F4B5BA9FB3F126872F2F9B",
  "Newtonsoft.Json.dll": "C252FE44B67A08E6DAB4EADE3764DB49",
  "PeNet.Asn1.dll": "D5CE23462CC83DD4E883987601A856B8",
  "PeNet.dll": "6671D8016581D1C5845ED11574DB6914",
  "Reloaded.Hooks.Definitions.dll": "A6BC32E0F39B28CC9FC922BB394BFB75",
  "Reloaded.Memory.Buffers.dll": "D8E472EBBE97E15A1C4965FC325E8FC9",
  "Reloaded.Memory.dll": "88A9F40DC37093AA1F589A684EAFBCD6",
  "revision.txt": "4C7958AE576E324677837D348A133102",
  "Serilog.dll": "19FA854ADC2FDED4F9957465B9497455",
  "Serilog.Sinks.Async.dll": "F42A60A26374C0266E4188F22DE64A2A",
  "Serilog.Sinks.Console.dll": "5CECBB821A229F286E0618833DAC2332",
  "Serilog.Sinks.File.dll": "228A2FBD28625F8BD495013DECB3AD33",
  "SQLite-net.dll": "17675F5058510FB14A9AACD77D5A0B0D",
  "SQLitePCLRaw.batteries_v2.dll": "EC8ADE491A8E6F261E7B3899F69C741C",
  "SQLitePCLRaw.core.dll": "ECAC28103211DA78A4D00FE8AC0C499F",
  "SQLitePCLRaw.provider.e_sqlite3.dll": "8DD78FED77361E53850512B5BCC87792",
  "System.Reactive.dll": "C6016588304D55406E3D1C2FA7D42903",
  "System.Reflection.MetadataLoadContext.dll": "284C720DEE2524BCF10DD1B5648AA303",
  "System.Security.Cryptography.Pkcs.dll": "17945B2BF07D9377E36AD3EBE69FF693",
  "TEMP_gitver.txt": "4848592EB56C54B548BE83CE4A6127E1",
  "TerraFX.Interop.Windows.dll": "C75D06E77DE5A095D45676A81CDE0DC9"
}
