{
  "runtimes\\linux-x64\\native\\libglfw.so.3": "9E3137144F68B9E9793F4C7AD5B1BEA7",
  "runtimes\\linux-x64\\native\\libSDL2-2.0.so": "99B95A708381FC66AB2370E45A260527",
  "runtimes\\linux-x64\\native\\libstbi.so": "0945355ED59677D06E3E88F48101BB26",
  "runtimes\\osx-x64\\native\\libglfw.3.dylib": "1E30FAB2F0C40E82290AD4B0BF14A880",
  "runtimes\\osx-x64\\native\\libSDL2-2.0.dylib": "AAC958490586C67395F0A90903AE3747",
  "runtimes\\osx-x64\\native\\libstbi.dylib": "0B84B0A6A80178266018081C3CAB68E6",
  "runtimes\\win-x64\\native\\cimgui.dll": "DE74217693FCBEAD4A65A66CB5512481",
  "runtimes\\win-x64\\native\\cimguizmo.dll": "88E5A0D91DDAACF9A9C8B2A37998BAA0",
  "runtimes\\win-x64\\native\\cimplot.dll": "13CDE9CF510E9BD5CFD6D6845ED05AA6",
  "runtimes\\win-x64\\native\\glfw3.dll": "BF9BFAEB12CB5097263F9235A215E995",
  "runtimes\\win-x64\\native\\minhook.x64d.dll": "42EF0061AC451A38BF73B3DA5B9B34E5",
  "runtimes\\win-x64\\native\\SDL2.dll": "522EAC940A1FFFEDFD66653730C36465",
  "runtimes\\win-x64\\native\\stbi.dll": "0C9A205B31706DCDF8C2D2F5F5801F43",
  "runtimes\\win-x64\\native\\stbi.lib": "927C214DE576219E1F80DBE7798A0502",
  "runtimes\\win-x86\\native\\glfw3.dll": "CE0FC3499BEDE3F06501D141C208CA6F",
  "runtimes\\win-x86\\native\\SDL2.dll": "3A00DD9DB1C307024387074E1C9923C2",
  "targets\\Dalamud.Plugin.Bootstrap.targets": "72C91AC1B4F7C83711BB4C5834FE49A8",
  "targets\\Dalamud.Plugin.targets": "CE55DF182FBC948D33DB41454A31EEF9",
  "CheapLoc.dll": "446C8244DDB39CADBC2B313F5FD0567D",
  "Costura.dll": "AF341B28D391F33DB5D1E50219F0E8D5",
  "Dalamud.Boot.dll": "C88E581F196054BECC0AC3C15444189F",
  "Dalamud.deps.json": "051357BD08583BEAB8CB20902199B7AC",
  "Dalamud.dll": "D2CA67F4F2054D62DDE9FC11C14213FA",
  "Dalamud.Injector.deps.json": "D10EED2039C0151239F5EA4FE3A65A7B",
  "Dalamud.Injector.dll": "41330A147F941426221BEE69FA021D2E",
  "Dalamud.Injector.exe": "D8173F1BF29F213F2830FE2CE1137E15",
  "Dalamud.Injector.runtimeconfig.json": "AAAFA957BB3B382321D67ACC2D792553",
  "Dalamud.Injector.xml": "CC06A545B271F56E0781ECC82BDEF67F",
  "Dalamud.Interface.dll": "8B879DBD41FA7C0BD8B21AD32A2212D4",
  "Dalamud.runtimeconfig.json": "454E2BA21742B08CF0A9827950A92B0F",
  "Dalamud.xml": "E5B36498C364B2EBA176FE56F2E9DD35",
  "DalamudCrashHandler.exe": "3DE1874CBAA8770E08DB3B14109E2769",
  "FASM-LICENSE.TXT": "ECEA1D10811221D5F0A3E96F9C38E2C7",
  "FASM.DLL": "EEDEE32ED491217660B11786C4DD30BF",
  "FASMX64.DLL": "2907A8729DF9710B8F1C6FE7C2E358D3",
  "FFXIVClientStructs.dll": "F9A84E7607CDB48A04BFE5FB33B116AC",
  "FFXIVClientStructs.xml": "B457B29B810C40B9AD58A4A10AF9ABD5",
  "goaaats.Reloaded.Assembler.targets": "CC22CB0A353E2136EE9E6E96DB9F7164",
  "Iced.dll": "3EE984FFD18D2E31E66D5A26E273732D",
  "ImGui.NET.dll": "11892383F6664D961D5FE38D0C50BE0A",
  "ImGuiScene.dll": "FAB65219DDC6A55A50ACDF41350D44E1",
  "JetBrains.Annotations.dll": "FB1ADBF975F9636518209D83597AA896",
  "licenses.txt": "A159BE62AA91178EFC3E3983AE874D1D",
  "Lumina.dll": "F7D968C992C2AFCC116356CCD4827D06",
  "Lumina.Excel.dll": "7E534399E25D49F6D6627C843560DD8B",
  "Microsoft.Bcl.HashCode.dll": "613AB56061ADF2284E047025207467E0",
  "Microsoft.DotNet.PlatformAbstractions.dll": "00AB0F02B1114C57C758F5AD595224F1",
  "Microsoft.Extensions.DependencyModel.dll": "F39BC76C10CFEA478C936FC4521A9FC9",
  "MinSharp.dll": "68873BC612326486E31706338A1373CF",
  "Mono.Cecil.dll": "C56A25BB391DD939438D0C4C2CB44ECE",
  "Mono.Cecil.Mdb.dll": "ABDC77287C93037645E5EDFA3231A332",
  "Mono.Cecil.Pdb.dll": "D888F4608BC676F0F1FA1015FBD2AAE8",
  "Mono.Cecil.Rocks.dll": "2AF5BCFA4224AF2F3BBD5C46A552E3BE",
  "MonoMod.Backports.dll": "A4CFB2C3A680C824FAA71EA108BC1A99",
  "MonoMod.Core.dll": "91711FC50FB4A43BC1AA2292B2C5AC20",
  "MonoMod.Iced.dll": "DEEFBBE7FBA44FC35D52AABC1A68A07E",
  "MonoMod.ILHelpers.dll": "DA523239C16A38510E74F7506F5948C0",
  "MonoMod.RuntimeDetour.dll": "648388583572462605F223E5F198D853",
  "MonoMod.Utils.dll": "5755C0DABC85DF538DC0C335872F1C67",
  "nethost.dll": "012081214FE71F0F6ADCD9F4A71B2B00",
  "Newtonsoft.Json.dll": "86A83A63F12B55FD3718CFBFB577D7DC",
  "PeNet.Asn1.dll": "918066823618CD38958967E0ACDE0124",
  "PeNet.dll": "2F6741FBBFA924979D73F937068E9855",
  "PInvoke.AdvApi32.dll": "34EE461D05B403C3A15D0DEC32A3788C",
  "PInvoke.BCrypt.dll": "FD07758EE1440491F22923084109FF26",
  "PInvoke.Cabinet.dll": "333D950E3804735DA60CC41D614C63E2",
  "PInvoke.CfgMgr32.dll": "768BE7CC18EDCF78B296A72ABE891691",
  "PInvoke.Crypt32.dll": "E7B00B0851738F4A7F2C6D37DAA973B4",
  "PInvoke.DbgHelp.dll": "E701136169620D20E3A70B560DE20E44",
  "PInvoke.DwmApi.dll": "ACF223CC8962404056648815B486F7D9",
  "PInvoke.Gdi32.dll": "69FF434826F98582CE44D3136ECFFACB",
  "PInvoke.Hid.dll": "2E7A41257F8AD9B26073181F450CD8E5",
  "PInvoke.ImageHlp.dll": "79BE816E8D86EA66489D7780DD675D49",
  "PInvoke.IPHlpApi.dll": "E949FA3326D1BA8872B179AB4EE49D38",
  "PInvoke.Kernel32.dll": "234E15B122ED430DE99490CA1A204958",
  "PInvoke.Magnification.dll": "C9EA3D34F506741ECC044DB19C151F09",
  "PInvoke.Msi.dll": "69EE50CE2DA6B55755E52589F49A7EBC",
  "PInvoke.NCrypt.dll": "DA1DE76C14D99370CA3BEF19DC299B15",
  "PInvoke.NetApi32.dll": "AE79F9FA2E3864A5E0642AE4622ECDC5",
  "PInvoke.NewDev.dll": "B3E1992105D986EF9C5C8E4B630FBB07",
  "PInvoke.NTDll.dll": "3F6BDF840EB27DD0FD9EB8071822183A",
  "PInvoke.Ole32.dll": "3C49FB100B60519FFE725BCD12A538F6",
  "PInvoke.Psapi.dll": "A7683EE4B880227F01C8AE632A892B9E",
  "PInvoke.SetupApi.dll": "1B7AE321185D0081D1759A9AD829F9BA",
  "PInvoke.SHCore.dll": "F27E7F063D51480F6D2294C903E4A606",
  "PInvoke.Shell32.dll": "F71A1BCAF6478190691170DAEA77722F",
  "PInvoke.User32.dll": "8BEDE38311ED4F27127290B81B8079FD",
  "PInvoke.Userenv.dll": "FEB7BCA90B8C905EC2F4BB0789847131",
  "PInvoke.UxTheme.dll": "8E683C016250CB719FDB9AAAFC22B3C5",
  "PInvoke.Windows.Core.dll": "90015440A44935208FFEA9BF61740651",
  "PInvoke.Windows.ShellScalingApi.dll": "F351B34B8C9183A51CADFDC279357C49",
  "PInvoke.WinUsb.dll": "9EB8A0280F2848D1A32B560A939F7336",
  "PInvoke.WtsApi32.dll": "341C94455D2E5893DBE4293D4D67AA4D",
  "Reloaded.Assembler.dll": "A60B4CB94E9E53AC5E1FAE040F71C84C",
  "Reloaded.Hooks.Definitions.dll": "3D6DD6F93209EF0A1499C231056ECF71",
  "Reloaded.Hooks.dll": "EF93C46335F33106F3DC841CA5EEBC7B",
  "Reloaded.Memory.Buffers.dll": "B6D77C1E3269C5EA2A391732C0416F3A",
  "Reloaded.Memory.dll": "EA8DACE7A1967AFDD5252F436DFB88BD",
  "revision.txt": "350A3797CAEA1668D227C8CBE52C793E",
  "SDL2-CS.config": "65557595FD5DF55D93B2BF881DE62C3A",
  "SDL2-CS.dll": "E20F41D9E00E135BF2D1508BC67AA2EC",
  "Serilog.dll": "50F467262789E7625D66C27C0231DD8F",
  "Serilog.Sinks.Async.dll": "22067700147D1D1001C30D1F08625679",
  "Serilog.Sinks.Console.dll": "DF9AAEBDA280712AA32E8D3C936EE1D9",
  "Serilog.Sinks.File.dll": "F52371BDB273025436F03716EE2DCACF",
  "SharpDX.Direct3D11.dll": "789458FB85BB5F02FCBE296B28318B14",
  "SharpDX.dll": "B6E796981D77AE329F4041869D991A04",
  "SharpDX.DXGI.dll": "12DE85B4369BF8724BF5449DD47BCE53",
  "SharpDX.Mathematics.dll": "886823CBBA8B0CA79EB8ACD445CECE92",
  "Silk.NET.Core.dll": "50F2DBE504A9CC24D596916EA7EEF952",
  "Silk.NET.GLFW.dll": "BA6DC76E5CAEF8B71C2B7F051A8D0223",
  "Silk.NET.Maths.dll": "E49CD223A54003B75849C1C2107751EA",
  "Silk.NET.OpenGL.dll": "5F2DE804723F7C90D670BB89F24B70DD",
  "Silk.NET.SDL.dll": "4F19AAAFD226334650F5CDF48DFA454B",
  "Silk.NET.Windowing.Common.dll": "C05128178877449FDA24B297C2D7B8A5",
  "Silk.NET.Windowing.Glfw.dll": "0B85359D749A13114E7323CE3DBABBE2",
  "Silk.NET.Windowing.Sdl.dll": "74CCE8652F559FB27D1645032D3FBC99",
  "StbiSharp.dll": "AB2ABEF8727F50DC871350D40524D09A",
  "System.Reactive.dll": "EF5A00287AD15393D41B12AA4B726FF7",
  "System.Reflection.MetadataLoadContext.dll": "7EC41D41F4E1246757BA3E2EC862D562",
  "System.Security.Cryptography.Pkcs.dll": "8950E01996A37E808BE3F39063C37BF9",
  "TEMP_gitver.txt": "0ECB1C3847726A64EBA9AD38CC419CA5",
  "Validation.dll": "0DCB9E886714EFCAB1E2C443C2DDEE82"
}
