{
  "runtimes\\alpine-x64\\native\\libe_sqlite3.so": "39C244FEDBCD3DFC37041D4FCE1AE21D",
  "runtimes\\linux-arm\\native\\libe_sqlite3.so": "96CF54BC0EFB83D6E3F5F3E04997A59D",
  "runtimes\\linux-arm64\\native\\libe_sqlite3.so": "F079E55E7F3F9966A4A2052A3234E068",
  "runtimes\\linux-armel\\native\\libe_sqlite3.so": "C5A67D49434FC65D64E9C15778078C76",
  "runtimes\\linux-mips64\\native\\libe_sqlite3.so": "5F8461214089CFC677D46C19B7162161",
  "runtimes\\linux-musl-x64\\native\\libe_sqlite3.so": "39C244FEDBCD3DFC37041D4FCE1AE21D",
  "runtimes\\linux-x64\\native\\libe_sqlite3.so": "6F49C540D3AB9964D67A4A704C3D262D",
  "runtimes\\linux-x64\\native\\libglfw.so.3": "9E3137144F68B9E9793F4C7AD5B1BEA7",
  "runtimes\\linux-x64\\native\\libSDL2-2.0.so": "99B95A708381FC66AB2370E45A260527",
  "runtimes\\linux-x64\\native\\libstbi.so": "0945355ED59677D06E3E88F48101BB26",
  "runtimes\\linux-x86\\native\\libe_sqlite3.so": "5E0659B414CBD6DDC38C65582485853E",
  "runtimes\\osx-x64\\native\\libe_sqlite3.dylib": "F82AE134FCD1C080A69D775591406673",
  "runtimes\\osx-x64\\native\\libglfw.3.dylib": "1E30FAB2F0C40E82290AD4B0BF14A880",
  "runtimes\\osx-x64\\native\\libSDL2-2.0.dylib": "AAC958490586C67395F0A90903AE3747",
  "runtimes\\osx-x64\\native\\libstbi.dylib": "0B84B0A6A80178266018081C3CAB68E6",
  "runtimes\\win-arm\\native\\e_sqlite3.dll": "5C20D46E917791DB91461EC420A06294",
  "runtimes\\win-arm64\\native\\e_sqlite3.dll": "8A8FE23DD624F2EAAE2B3A7D22D34287",
  "runtimes\\win-x64\\native\\cimgui.dll": "5CC71A8BC42E4F582BBD44C264A022F2",
  "runtimes\\win-x64\\native\\cimguizmo.dll": "BECC17E31E14E550FDF510AC4A81DFAD",
  "runtimes\\win-x64\\native\\cimplot.dll": "0BB0352FE6D525BD4F8A493E1DA585F6",
  "runtimes\\win-x64\\native\\e_sqlite3.dll": "D5C82864551B2E88A679580771B9D6BA",
  "runtimes\\win-x64\\native\\glfw3.dll": "9FABF57D071E51BC35FCA483CAB39FD6",
  "runtimes\\win-x64\\native\\minhook.x64d.dll": "E236A02C9FC9DCAACEB3DEF0770290DF",
  "runtimes\\win-x64\\native\\SDL2.dll": "2F68DCB7A189688640A97CA6BE19541C",
  "runtimes\\win-x64\\native\\stbi.dll": "A2562016963D3A2C3BD1D163F2EF8F3F",
  "runtimes\\win-x64\\native\\stbi.lib": "927C214DE576219E1F80DBE7798A0502",
  "runtimes\\win-x86\\native\\e_sqlite3.dll": "E5D8F04A454DC06A999A48615905A9C5",
  "runtimes\\win-x86\\native\\glfw3.dll": "C9E4CD8F65B6C9F7A72525DBF079F0BF",
  "runtimes\\win-x86\\native\\SDL2.dll": "3D479A84482D7401BA660B12666ECF2F",
  "targets\\Dalamud.Plugin.Bootstrap.targets": "C85635161398CD9852CF7212DB7EB904",
  "targets\\Dalamud.Plugin.targets": "DDD731601C06B16E10CF2F8990452A27",
  "BitFaster.Caching.dll": "C24F082D566C8EF278C08ADBFDF4015D",
  "CheapLoc.dll": "328A0C0727B4924755BFFFA5430E44D3",
  "commit_hash.txt": "8ADD5934C74146DD37D558F2E904D463",
  "Costura.dll": "94816623D6E49BB7B77886469506E775",
  "Dalamud.Boot.dll": "29362CF6FD3C58CC641F31DB1334E140",
  "Dalamud.Common.dll": "90CE67C22E86548AE5FDDDAC0B8B6E45",
  "Dalamud.deps.json": "CEA57E22F068B83274315925D31C7BDA",
  "Dalamud.dll": "D1305AF3E30982DD8AE5DE2F00282A08",
  "Dalamud.Injector.deps.json": "973E5D437761614CB8BADBA9E2C0F6EA",
  "Dalamud.Injector.dll": "617F0D1C1C55C48A9004EAA899E1354A",
  "Dalamud.Injector.exe": "14A18CC72BF2651286A72B6A56DBBC5F",
  "Dalamud.Injector.runtimeconfig.json": "B9BB65FFE7924D4D8BABE9FA66303200",
  "Dalamud.Injector.xml": "D41E5DF541D19A015215E777D7395C9C",
  "Dalamud.runtimeconfig.json": "2A9CD915428BDD175E0889BD0C225F75",
  "Dalamud.xml": "2F2C9B25E48435E5784CA2E86E769E34",
  "DalamudCrashHandler.exe": "3D7A65414F30C853E8EC02A6E99EB021",
  "FASM-LICENSE.TXT": "ECEA1D10811221D5F0A3E96F9C38E2C7",
  "FASM.DLL": "991EAC3DF6D68F2FD274EE4D9F72834B",
  "FASMX64.DLL": "B2FBFB169B27D1FF966C90C45836BABF",
  "FFXIVClientStructs.dll": "55E4327D957B6DBB6DCD421F6577E16F",
  "FFXIVClientStructs.xml": "C9B2DA89ACF8549D52FC3EDF00FF7CC7",
  "goaaats.Reloaded.Assembler.targets": "CC22CB0A353E2136EE9E6E96DB9F7164",
  "Iced.dll": "F219A8719D1799085BBE3EE121A569A5",
  "ImGui.NET.dll": "EFFA52FE3CF027D296698BD7E2924E5E",
  "ImGuiScene.dll": "F5321B2964B4AF5B84E44466DBBBD395",
  "InteropGenerator.Runtime.dll": "47A183B051E95793478C7F21E4336F54",
  "JetBrains.Annotations.dll": "653A6AC4B59A1795634DC4A9B90AA4A7",
  "licenses.txt": "A159BE62AA91178EFC3E3983AE874D1D",
  "Lumina.dll": "3DEAD09A66A78764C08DB3159AC38581",
  "Lumina.Excel.dll": "15A160FB29B8C22EEFCC13548432E2C8",
  "Microsoft.Bcl.HashCode.dll": "613AB56061ADF2284E047025207467E0",
  "Microsoft.DotNet.PlatformAbstractions.dll": "00AB0F02B1114C57C758F5AD595224F1",
  "Microsoft.Extensions.DependencyModel.dll": "F39BC76C10CFEA478C936FC4521A9FC9",
  "Microsoft.Extensions.ObjectPool.dll": "FEE3CE8A84417360CC5ED787ED6F7DB1",
  "MinSharp.dll": "64D2E6DFF3C7C9778F821B97A3CC951C",
  "Mono.Cecil.dll": "74460D877E9A91EF310CBB1D0F129824",
  "Mono.Cecil.Mdb.dll": "E917B6E46C8249BE1983F644CD3B1278",
  "Mono.Cecil.Pdb.dll": "C8379BED2D24897A4434007D7FCB4C34",
  "Mono.Cecil.Rocks.dll": "87336DFCD4DF25FBF4CB24F9250FC232",
  "nethost.dll": "21F39F71E2F4B5BA9FB3F126872F2F9B",
  "Newtonsoft.Json.dll": "ADF3E3EECDE20B7C9661E9C47106A14A",
  "PeNet.Asn1.dll": "23C14F78D6DDC159CEB1C3C0B1F6718C",
  "PeNet.dll": "F22D33EBACE460D626EF0DE6EE36EE2B",
  "PInvoke.AdvApi32.dll": "34EE461D05B403C3A15D0DEC32A3788C",
  "PInvoke.BCrypt.dll": "FD07758EE1440491F22923084109FF26",
  "PInvoke.Cabinet.dll": "333D950E3804735DA60CC41D614C63E2",
  "PInvoke.CfgMgr32.dll": "768BE7CC18EDCF78B296A72ABE891691",
  "PInvoke.Crypt32.dll": "E7B00B0851738F4A7F2C6D37DAA973B4",
  "PInvoke.DbgHelp.dll": "E701136169620D20E3A70B560DE20E44",
  "PInvoke.DwmApi.dll": "ACF223CC8962404056648815B486F7D9",
  "PInvoke.Gdi32.dll": "69FF434826F98582CE44D3136ECFFACB",
  "PInvoke.Hid.dll": "2E7A41257F8AD9B26073181F450CD8E5",
  "PInvoke.ImageHlp.dll": "79BE816E8D86EA66489D7780DD675D49",
  "PInvoke.IPHlpApi.dll": "E949FA3326D1BA8872B179AB4EE49D38",
  "PInvoke.Kernel32.dll": "234E15B122ED430DE99490CA1A204958",
  "PInvoke.Magnification.dll": "C9EA3D34F506741ECC044DB19C151F09",
  "PInvoke.Msi.dll": "69EE50CE2DA6B55755E52589F49A7EBC",
  "PInvoke.NCrypt.dll": "DA1DE76C14D99370CA3BEF19DC299B15",
  "PInvoke.NetApi32.dll": "AE79F9FA2E3864A5E0642AE4622ECDC5",
  "PInvoke.NewDev.dll": "B3E1992105D986EF9C5C8E4B630FBB07",
  "PInvoke.NTDll.dll": "3F6BDF840EB27DD0FD9EB8071822183A",
  "PInvoke.Ole32.dll": "3C49FB100B60519FFE725BCD12A538F6",
  "PInvoke.Psapi.dll": "A7683EE4B880227F01C8AE632A892B9E",
  "PInvoke.SetupApi.dll": "1B7AE321185D0081D1759A9AD829F9BA",
  "PInvoke.SHCore.dll": "F27E7F063D51480F6D2294C903E4A606",
  "PInvoke.Shell32.dll": "F71A1BCAF6478190691170DAEA77722F",
  "PInvoke.User32.dll": "8BEDE38311ED4F27127290B81B8079FD",
  "PInvoke.Userenv.dll": "FEB7BCA90B8C905EC2F4BB0789847131",
  "PInvoke.UxTheme.dll": "8E683C016250CB719FDB9AAAFC22B3C5",
  "PInvoke.Windows.Core.dll": "90015440A44935208FFEA9BF61740651",
  "PInvoke.Windows.ShellScalingApi.dll": "F351B34B8C9183A51CADFDC279357C49",
  "PInvoke.WinUsb.dll": "9EB8A0280F2848D1A32B560A939F7336",
  "PInvoke.WtsApi32.dll": "341C94455D2E5893DBE4293D4D67AA4D",
  "Reloaded.Assembler.dll": "B639737252A88DBA21E9897EB0FFEFB2",
  "Reloaded.Hooks.Definitions.dll": "B2597DDB921B3907B22F981DCBA54318",
  "Reloaded.Hooks.dll": "4BACC3789880F9C798150A1388ABFB99",
  "Reloaded.Memory.Buffers.dll": "D8832FCC61D98B6091C3851A5D50CAB0",
  "Reloaded.Memory.dll": "E16EB47EEE3347712605993191565C61",
  "revision.txt": "B7046757C3682A28C5BF2024E57678A0",
  "SDL2-CS.config": "65557595FD5DF55D93B2BF881DE62C3A",
  "SDL2-CS.dll": "82034684DFECCECEFC7BBB3BBD287421",
  "Serilog.dll": "449C275A42F77353C965DE1C29A8523A",
  "Serilog.Sinks.Async.dll": "593E59548051399964DF71CDCF3F714E",
  "Serilog.Sinks.Console.dll": "E4398B16975081BCD19C3B23B3B82E60",
  "Serilog.Sinks.File.dll": "C24FA5CCB2A238579A62E87C2B1BBEB1",
  "SharpDX.Direct3D11.dll": "5D84EB777B5589E3DBDBADD959B31C53",
  "SharpDX.dll": "8DBDC9F7B3E222DBD7DC4B0B99C6B9E6",
  "SharpDX.DXGI.dll": "15CAADF12CD8D98581BB4E68643C6C45",
  "SharpDX.Mathematics.dll": "3EBFB418B886045EA0BFB0186B00CAE7",
  "Silk.NET.Core.dll": "8E9362AF7C956C31CC89B8823128D7F8",
  "Silk.NET.GLFW.dll": "BF6AD47D8B0DB61544648556F39493ED",
  "Silk.NET.Maths.dll": "F9A3C1F53EA21A2EEA0D8D3FD677A927",
  "Silk.NET.OpenGL.dll": "D240A074EB008E9865E988737D7302EC",
  "Silk.NET.SDL.dll": "F3D1A50CEA6617F931C68E665FBA44CB",
  "Silk.NET.Windowing.Common.dll": "2B3BA132BC19F2C96517800B58942EF6",
  "Silk.NET.Windowing.Glfw.dll": "084653AE5EB9295A9B557C4BDEA49DA8",
  "Silk.NET.Windowing.Sdl.dll": "66B823AF7DEA4588E5C6D2342E916FB2",
  "SQLite-net.dll": "DE78F95471B84EFDF1C5C97085BD6AE7",
  "SQLitePCLRaw.batteries_v2.dll": "BED1F6B4CAC288C0BB5AC351D24D2899",
  "SQLitePCLRaw.core.dll": "16829F56ED8942183175421FDA0ECDB1",
  "SQLitePCLRaw.nativelibrary.dll": "A99478129CD2B7508C48C348A90D75E5",
  "SQLitePCLRaw.provider.dynamic_cdecl.dll": "53C6865015574D57479EBDA6B6E4AD03",
  "StbiSharp.dll": "B0F9E04788AC51838FF46AAEFF3327FE",
  "System.Reactive.dll": "EF5A00287AD15393D41B12AA4B726FF7",
  "System.Reflection.MetadataLoadContext.dll": "E88E3AF6D37736F339022C9ACC5F2F7B",
  "System.Security.Cryptography.Pkcs.dll": "8950E01996A37E808BE3F39063C37BF9",
  "TEMP_gitver.txt": "2B8A53C4E995CE2564FFDE1E4BB84EA3",
  "TerraFX.Interop.Windows.dll": "84F7EF6B0DE91F8CC23F773D3FD6DEC0",
  "Validation.dll": "A08F6C951083FAAE534FC23C0C5B2CE1"
}
