{
  "runtimes\\alpine-x64\\native\\libe_sqlite3.so": "39C244FEDBCD3DFC37041D4FCE1AE21D",
  "runtimes\\linux-arm\\native\\libe_sqlite3.so": "96CF54BC0EFB83D6E3F5F3E04997A59D",
  "runtimes\\linux-arm64\\native\\libe_sqlite3.so": "F079E55E7F3F9966A4A2052A3234E068",
  "runtimes\\linux-armel\\native\\libe_sqlite3.so": "C5A67D49434FC65D64E9C15778078C76",
  "runtimes\\linux-mips64\\native\\libe_sqlite3.so": "5F8461214089CFC677D46C19B7162161",
  "runtimes\\linux-musl-x64\\native\\libe_sqlite3.so": "39C244FEDBCD3DFC37041D4FCE1AE21D",
  "runtimes\\linux-x64\\native\\libe_sqlite3.so": "6F49C540D3AB9964D67A4A704C3D262D",
  "runtimes\\linux-x64\\native\\libglfw.so.3": "9E3137144F68B9E9793F4C7AD5B1BEA7",
  "runtimes\\linux-x64\\native\\libSDL2-2.0.so": "99B95A708381FC66AB2370E45A260527",
  "runtimes\\linux-x64\\native\\libstbi.so": "0945355ED59677D06E3E88F48101BB26",
  "runtimes\\linux-x86\\native\\libe_sqlite3.so": "5E0659B414CBD6DDC38C65582485853E",
  "runtimes\\osx-x64\\native\\libe_sqlite3.dylib": "F82AE134FCD1C080A69D775591406673",
  "runtimes\\osx-x64\\native\\libglfw.3.dylib": "1E30FAB2F0C40E82290AD4B0BF14A880",
  "runtimes\\osx-x64\\native\\libSDL2-2.0.dylib": "AAC958490586C67395F0A90903AE3747",
  "runtimes\\osx-x64\\native\\libstbi.dylib": "0B84B0A6A80178266018081C3CAB68E6",
  "runtimes\\win-arm\\native\\e_sqlite3.dll": "F910A30CD3C7DFDC222351DB61D6A442",
  "runtimes\\win-arm64\\native\\e_sqlite3.dll": "4675CF74EB2413E3D1B0B454BE31D9F3",
  "runtimes\\win-x64\\native\\cimgui.dll": "65ECFECEE1E2D16388A8C393A0BD0DD4",
  "runtimes\\win-x64\\native\\cimguizmo.dll": "A22B250464571030314F73BD09D47DAE",
  "runtimes\\win-x64\\native\\cimplot.dll": "2F55406641BAC1B6CDFDB3118C6AAC88",
  "runtimes\\win-x64\\native\\e_sqlite3.dll": "E14FF36C543486C9A99F590921AF8E53",
  "runtimes\\win-x64\\native\\glfw3.dll": "83294E9921BF157760BB06295B842682",
  "runtimes\\win-x64\\native\\minhook.x64d.dll": "0BF29AF7F9F4073DA711C4905E50C110",
  "runtimes\\win-x64\\native\\SDL2.dll": "07CA3C0C55A1BB0D37CEEF687C509602",
  "runtimes\\win-x64\\native\\stbi.dll": "81EBFE432E7543C18901C3230B27BEA7",
  "runtimes\\win-x64\\native\\stbi.lib": "927C214DE576219E1F80DBE7798A0502",
  "runtimes\\win-x86\\native\\e_sqlite3.dll": "2DFA5368BCC66AC58C1595458683C234",
  "runtimes\\win-x86\\native\\glfw3.dll": "82B590DCE57EBB4AE90CD8A583851F35",
  "runtimes\\win-x86\\native\\SDL2.dll": "C1DC1EF64D8D7E00976A4B1E76FDAF71",
  "targets\\Dalamud.Plugin.Bootstrap.targets": "C85635161398CD9852CF7212DB7EB904",
  "targets\\Dalamud.Plugin.targets": "DDD731601C06B16E10CF2F8990452A27",
  "BitFaster.Caching.dll": "8A7E1523F6C9BBBB81C9F3F96A651AB2",
  "CheapLoc.dll": "B2C4FA768E91BC50F98C25D83A2ACFE8",
  "Costura.dll": "4333628B861655C8B4279A3955C93B08",
  "Dalamud.Boot.dll": "5E5FD7E15F9A55DE9279B00F7368DF57",
  "Dalamud.Common.dll": "8A3E1A08656DD82DA0C4F42D319FD029",
  "Dalamud.deps.json": "E16C85B8FF31448A4FB8A322FE248B8F",
  "Dalamud.dll": "FF359869620B3CC83D955AB1D4DA2BBC",
  "Dalamud.Injector.deps.json": "C1FA0941DC8B38E415776C60C508AAB9",
  "Dalamud.Injector.dll": "BDA9CF1EAB53867E0A77D9D1771E538E",
  "Dalamud.Injector.exe": "84288A3BA3D273125954261938B9C43E",
  "Dalamud.Injector.runtimeconfig.json": "B9BB65FFE7924D4D8BABE9FA66303200",
  "Dalamud.Injector.xml": "D41E5DF541D19A015215E777D7395C9C",
  "Dalamud.runtimeconfig.json": "2A9CD915428BDD175E0889BD0C225F75",
  "Dalamud.xml": "6D083C0A64DBD4274E54D6D5EB19523B",
  "DalamudCrashHandler.exe": "26CC29DE491D07EC27552B4B653D320B",
  "FASM-LICENSE.TXT": "ECEA1D10811221D5F0A3E96F9C38E2C7",
  "FASM.DLL": "392F2A7D0A0F5323DDF801EABDEC74F5",
  "FASMX64.DLL": "3950B0D61A7C9A0E774416ACA7F99352",
  "FFXIVClientStructs.dll": "0B6E6FC6FA99B6DD2BF82431D10500B6",
  "FFXIVClientStructs.xml": "D746E6D62D989F7E2BDC36D4BB668DF0",
  "goaaats.Reloaded.Assembler.targets": "CC22CB0A353E2136EE9E6E96DB9F7164",
  "Iced.dll": "B079A70209C3D6838354E32961493F73",
  "ImGui.NET.dll": "2AFD79C275B6E267833EA6EEF17B4069",
  "ImGuiScene.dll": "7B0FB22320E4F2C66BEE0298E4F95138",
  "InteropGenerator.Runtime.dll": "73010C72EF728937C16F231EF30BCD64",
  "JetBrains.Annotations.dll": "62D4620AE29A0971E4F2F06549A144FD",
  "licenses.txt": "A159BE62AA91178EFC3E3983AE874D1D",
  "Lumina.dll": "35ACB94A0D0AA3A8E880783EB4CF76DD",
  "Lumina.Excel.dll": "B68A3B85CB5FB9B86C517367A242DE42",
  "Microsoft.Bcl.HashCode.dll": "613AB56061ADF2284E047025207467E0",
  "Microsoft.DotNet.PlatformAbstractions.dll": "00AB0F02B1114C57C758F5AD595224F1",
  "Microsoft.Extensions.DependencyModel.dll": "F39BC76C10CFEA478C936FC4521A9FC9",
  "Microsoft.Extensions.ObjectPool.dll": "FEE3CE8A84417360CC5ED787ED6F7DB1",
  "MinSharp.dll": "458AD0B73D3FEF8B48FFD67F383671FA",
  "Mono.Cecil.dll": "1F58E57E350FF0E9A654A1F6BD7B4FA8",
  "Mono.Cecil.Mdb.dll": "4108B022E3B550DD46734B1ED21EA0E0",
  "Mono.Cecil.Pdb.dll": "3BDCD4AB56A9236FB070493032AF6F1A",
  "Mono.Cecil.Rocks.dll": "8F67AA40CCACA82B5032592455A51D2E",
  "nethost.dll": "012081214FE71F0F6ADCD9F4A71B2B00",
  "Newtonsoft.Json.dll": "ADF3E3EECDE20B7C9661E9C47106A14A",
  "PeNet.Asn1.dll": "28DE1CD3C622C481B32D38B4350132BE",
  "PeNet.dll": "25EA6BC7926D5B72A4F7BF9022006A3D",
  "PInvoke.AdvApi32.dll": "34EE461D05B403C3A15D0DEC32A3788C",
  "PInvoke.BCrypt.dll": "FD07758EE1440491F22923084109FF26",
  "PInvoke.Cabinet.dll": "333D950E3804735DA60CC41D614C63E2",
  "PInvoke.CfgMgr32.dll": "768BE7CC18EDCF78B296A72ABE891691",
  "PInvoke.Crypt32.dll": "E7B00B0851738F4A7F2C6D37DAA973B4",
  "PInvoke.DbgHelp.dll": "E701136169620D20E3A70B560DE20E44",
  "PInvoke.DwmApi.dll": "ACF223CC8962404056648815B486F7D9",
  "PInvoke.Gdi32.dll": "69FF434826F98582CE44D3136ECFFACB",
  "PInvoke.Hid.dll": "2E7A41257F8AD9B26073181F450CD8E5",
  "PInvoke.ImageHlp.dll": "79BE816E8D86EA66489D7780DD675D49",
  "PInvoke.IPHlpApi.dll": "E949FA3326D1BA8872B179AB4EE49D38",
  "PInvoke.Kernel32.dll": "234E15B122ED430DE99490CA1A204958",
  "PInvoke.Magnification.dll": "C9EA3D34F506741ECC044DB19C151F09",
  "PInvoke.Msi.dll": "69EE50CE2DA6B55755E52589F49A7EBC",
  "PInvoke.NCrypt.dll": "DA1DE76C14D99370CA3BEF19DC299B15",
  "PInvoke.NetApi32.dll": "AE79F9FA2E3864A5E0642AE4622ECDC5",
  "PInvoke.NewDev.dll": "B3E1992105D986EF9C5C8E4B630FBB07",
  "PInvoke.NTDll.dll": "3F6BDF840EB27DD0FD9EB8071822183A",
  "PInvoke.Ole32.dll": "3C49FB100B60519FFE725BCD12A538F6",
  "PInvoke.Psapi.dll": "A7683EE4B880227F01C8AE632A892B9E",
  "PInvoke.SetupApi.dll": "1B7AE321185D0081D1759A9AD829F9BA",
  "PInvoke.SHCore.dll": "F27E7F063D51480F6D2294C903E4A606",
  "PInvoke.Shell32.dll": "F71A1BCAF6478190691170DAEA77722F",
  "PInvoke.User32.dll": "8BEDE38311ED4F27127290B81B8079FD",
  "PInvoke.Userenv.dll": "FEB7BCA90B8C905EC2F4BB0789847131",
  "PInvoke.UxTheme.dll": "8E683C016250CB719FDB9AAAFC22B3C5",
  "PInvoke.Windows.Core.dll": "90015440A44935208FFEA9BF61740651",
  "PInvoke.Windows.ShellScalingApi.dll": "F351B34B8C9183A51CADFDC279357C49",
  "PInvoke.WinUsb.dll": "9EB8A0280F2848D1A32B560A939F7336",
  "PInvoke.WtsApi32.dll": "341C94455D2E5893DBE4293D4D67AA4D",
  "Reloaded.Assembler.dll": "485CB3EAD9560EB8419F485D9EA386D4",
  "Reloaded.Hooks.Definitions.dll": "D0A7D5ECD7428A3D46FEBB215ABFFDB1",
  "Reloaded.Hooks.dll": "39635DC54F511B078E3D86141C1B00F0",
  "Reloaded.Memory.Buffers.dll": "DC45ED42A9C42DB2F5C444B6656D8D8E",
  "Reloaded.Memory.dll": "F337EA938C556C196E00FE121A51CBDC",
  "revision.txt": "8C4F839B287D8A4D311EEAAD4F8CEB97",
  "SDL2-CS.config": "65557595FD5DF55D93B2BF881DE62C3A",
  "SDL2-CS.dll": "E5FB601A7E62153FB15EDEF58D599F3E",
  "Serilog.dll": "A6B1471813291CA7675974512F5F5D08",
  "Serilog.Sinks.Async.dll": "58D16303A41DD04BB9CF5F52AC2D82A5",
  "Serilog.Sinks.Console.dll": "665CCEAA59BE70BC034BC8409C0ED178",
  "Serilog.Sinks.File.dll": "DFBE719E8FED868071480AB2D4281878",
  "SharpDX.Direct3D11.dll": "6CD4A38A8EE664539AF95AC78F30F5CE",
  "SharpDX.dll": "F307EBB2E7916BBFD68F092FC215195A",
  "SharpDX.DXGI.dll": "BFBEBD7C3047294A1AA46B60E292FBC0",
  "SharpDX.Mathematics.dll": "C32E00509B985DA42B5114898105250E",
  "Silk.NET.Core.dll": "578EFC5141C7454A70D825E49959798F",
  "Silk.NET.GLFW.dll": "3C7D35FED23A8DC9BEF9C2FF00F52E59",
  "Silk.NET.Maths.dll": "1A0EE5872A1B5C31C36FA9118E17FCED",
  "Silk.NET.OpenGL.dll": "5B4ACEAD07DAF0D168AF358968149C76",
  "Silk.NET.SDL.dll": "7000C8F485EA0FCCC9EDFB88E50D99CC",
  "Silk.NET.Windowing.Common.dll": "958901C8D56464DA5D7C1B4F8447A2C7",
  "Silk.NET.Windowing.Glfw.dll": "4A9FAB1D065E2544F9C8CB2044AEB0D3",
  "Silk.NET.Windowing.Sdl.dll": "45D86D3650BA246C9DA3D8185CE4E236",
  "SQLite-net.dll": "23400DAF4A70ED232088D67F686783C3",
  "SQLitePCLRaw.batteries_v2.dll": "72420FD64E37A3BF967FBFDA58D0B856",
  "SQLitePCLRaw.core.dll": "42B12A74640AAE4ADC8AA69661413FE2",
  "SQLitePCLRaw.nativelibrary.dll": "05259C99202EE6B3C0C30115B2C10348",
  "SQLitePCLRaw.provider.dynamic_cdecl.dll": "C21C71E2B8D43658B0B2A3B4D91BA750",
  "StbiSharp.dll": "330D4968F1C8202615EA5A5BAEE8E1FC",
  "System.Drawing.Common.dll": "94A2181A9593E1204DC87290D7B56922",
  "System.Reactive.dll": "EF5A00287AD15393D41B12AA4B726FF7",
  "System.Reflection.MetadataLoadContext.dll": "E88E3AF6D37736F339022C9ACC5F2F7B",
  "System.Security.Cryptography.Pkcs.dll": "8950E01996A37E808BE3F39063C37BF9",
  "TEMP_gitver.txt": "4CEBC58C49EFB59EA257DB86BE279B1E",
  "TerraFX.Interop.Windows.dll": "84F7EF6B0DE91F8CC23F773D3FD6DEC0",
  "Validation.dll": "6A320F92BD992AF5849BD4273A447992"
}
