{
  "runtimes\\alpine-x64\\native\\libe_sqlite3.so": "39C244FEDBCD3DFC37041D4FCE1AE21D",
  "runtimes\\linux-arm\\native\\libe_sqlite3.so": "96CF54BC0EFB83D6E3F5F3E04997A59D",
  "runtimes\\linux-arm64\\native\\libe_sqlite3.so": "F079E55E7F3F9966A4A2052A3234E068",
  "runtimes\\linux-armel\\native\\libe_sqlite3.so": "C5A67D49434FC65D64E9C15778078C76",
  "runtimes\\linux-mips64\\native\\libe_sqlite3.so": "5F8461214089CFC677D46C19B7162161",
  "runtimes\\linux-musl-x64\\native\\libe_sqlite3.so": "39C244FEDBCD3DFC37041D4FCE1AE21D",
  "runtimes\\linux-x64\\native\\libe_sqlite3.so": "6F49C540D3AB9964D67A4A704C3D262D",
  "runtimes\\linux-x64\\native\\libglfw.so.3": "9E3137144F68B9E9793F4C7AD5B1BEA7",
  "runtimes\\linux-x64\\native\\libSDL2-2.0.so": "99B95A708381FC66AB2370E45A260527",
  "runtimes\\linux-x64\\native\\libstbi.so": "0945355ED59677D06E3E88F48101BB26",
  "runtimes\\linux-x86\\native\\libe_sqlite3.so": "5E0659B414CBD6DDC38C65582485853E",
  "runtimes\\osx-x64\\native\\libe_sqlite3.dylib": "F82AE134FCD1C080A69D775591406673",
  "runtimes\\osx-x64\\native\\libglfw.3.dylib": "1E30FAB2F0C40E82290AD4B0BF14A880",
  "runtimes\\osx-x64\\native\\libSDL2-2.0.dylib": "AAC958490586C67395F0A90903AE3747",
  "runtimes\\osx-x64\\native\\libstbi.dylib": "0B84B0A6A80178266018081C3CAB68E6",
  "runtimes\\win-arm\\native\\e_sqlite3.dll": "8268BBF9379582D87C3DA4BE05EAA6FA",
  "runtimes\\win-arm64\\native\\e_sqlite3.dll": "C698AC2762DACFB9F704D8CBDDBEA660",
  "runtimes\\win-x64\\native\\e_sqlite3.dll": "D00BD26DA4764E79B7EB2BCB7C517F04",
  "runtimes\\win-x64\\native\\glfw3.dll": "39E8880D0E9A8EA2130E51E246DE4CE0",
  "runtimes\\win-x64\\native\\minhook.x64d.dll": "64434B1D53C5683E10019D8646CD0936",
  "runtimes\\win-x64\\native\\SDL2.dll": "CD9E2469BDBEDD5B689899FF42244F89",
  "runtimes\\win-x64\\native\\stbi.dll": "DA507839D6A42B049EF9D735A2CB3526",
  "runtimes\\win-x64\\native\\stbi.lib": "927C214DE576219E1F80DBE7798A0502",
  "runtimes\\win-x86\\native\\e_sqlite3.dll": "96A08E9250A5767ED02ED3FFA70333F4",
  "runtimes\\win-x86\\native\\glfw3.dll": "82E68F0C4FFAE0DDDD03F3FD7F0B682C",
  "runtimes\\win-x86\\native\\SDL2.dll": "3D78F64DF65CA9E12C7A012F611F3E1B",
  "targets\\Dalamud.Plugin.Bootstrap.targets": "C85635161398CD9852CF7212DB7EB904",
  "targets\\Dalamud.Plugin.targets": "69D15EDFB3D4F0BEE3A099216E4DE057",
  "BitFaster.Caching.dll": "FC5517EF35C64EF402454F21360A9774",
  "CheapLoc.dll": "F9D5FC15B043642811ED5F6E43C1519B",
  "cimgui.dll": "5AF75DD957897923BA08A5ED2900885B",
  "cimguizmo.dll": "C920552BC5D6E8054DCC4DAB770D54DB",
  "cimplot.dll": "AD43B939F241D99F235FB7BDEC9BECF0",
  "commit_hash.txt": "1BCB4B6A76839820F0520388CE48FC18",
  "Dalamud.Boot.dll": "255316B7B41FE5169C0CC9E922417811",
  "Dalamud.Common.dll": "8A62BF89F9F0292D33950C8AC7571352",
  "Dalamud.deps.json": "D893A4F0A51FE40EFE002FD6CA44465B",
  "Dalamud.dll": "ED0CB64303F1E83BC3809C8A2F580525",
  "Dalamud.Injector.deps.json": "E30B9BD40106FFC14A5274A670979EDF",
  "Dalamud.Injector.dll": "A65CC52A686371A9EF3B0229B24694C6",
  "Dalamud.Injector.exe": "95336CAAC0B7CE74082D1B53055D58B1",
  "Dalamud.Injector.runtimeconfig.json": "B9BB65FFE7924D4D8BABE9FA66303200",
  "Dalamud.Injector.xml": "D41E5DF541D19A015215E777D7395C9C",
  "Dalamud.runtimeconfig.json": "2A9CD915428BDD175E0889BD0C225F75",
  "Dalamud.xml": "3A6DC567D4B3EF3395FE52854AA11C5B",
  "DalamudCrashHandler.exe": "69F7B5AF1E47F64EF0AEE257E9DBA38B",
  "FASM-LICENSE.TXT": "ECEA1D10811221D5F0A3E96F9C38E2C7",
  "FASM.DLL": "0FF17BE9EEF607F487A433144A8F0103",
  "FASMX64.DLL": "98DE09883A6AB20A178C04BC191EF4CB",
  "FFXIVClientStructs.dll": "C4FEBB869ACC656F98A961F2935E1D4C",
  "FFXIVClientStructs.xml": "D6592F39DF73EA79469DC7FBECE70D6A",
  "goaaats.Reloaded.Assembler.targets": "CC22CB0A353E2136EE9E6E96DB9F7164",
  "Iced.dll": "A118567E02874E69C854583290011F7E",
  "ImGui.NET.dll": "4E6825A1D37D5E0E5A3A6A512E0F3163",
  "ImGuiScene.dll": "42263F5CDF56287DDA45BC99A8DA0FCD",
  "InteropGenerator.Runtime.dll": "7AD34549E87D54CDA4BA67EAA6019D20",
  "JetBrains.Annotations.dll": "5C39CB2DCE4308D0EB6B2BEBAAD975F2",
  "licenses.txt": "A159BE62AA91178EFC3E3983AE874D1D",
  "Lumina.dll": "0AD5C2065931298C3448EDA6BF5A830A",
  "Lumina.Excel.dll": "7B67B7D3BCC5E9091FA44E899E9AF4E2",
  "Microsoft.Bcl.HashCode.dll": "613AB56061ADF2284E047025207467E0",
  "Microsoft.DotNet.PlatformAbstractions.dll": "00AB0F02B1114C57C758F5AD595224F1",
  "Microsoft.Extensions.DependencyModel.dll": "F39BC76C10CFEA478C936FC4521A9FC9",
  "Microsoft.Extensions.ObjectPool.dll": "FEE3CE8A84417360CC5ED787ED6F7DB1",
  "MinSharp.dll": "135E5AB80ACEDE76915F89D9535FFDB2",
  "Mono.Cecil.dll": "284035DEB3E473B85739653C9D92EFEC",
  "Mono.Cecil.Mdb.dll": "0480AAC5DA231C1165C5CEE47A134CBB",
  "Mono.Cecil.Pdb.dll": "B86D1D22804F569182C3B9BF24AC3A30",
  "Mono.Cecil.Rocks.dll": "8994CEA16A314DB15DD231DD5D31D120",
  "nethost.dll": "21F39F71E2F4B5BA9FB3F126872F2F9B",
  "Newtonsoft.Json.dll": "ADF3E3EECDE20B7C9661E9C47106A14A",
  "PeNet.Asn1.dll": "FD5A6B9E02C8891C514E544563E2253C",
  "PeNet.dll": "05ED8A42608AC7681362BFAD1736394B",
  "PInvoke.AdvApi32.dll": "34EE461D05B403C3A15D0DEC32A3788C",
  "PInvoke.BCrypt.dll": "FD07758EE1440491F22923084109FF26",
  "PInvoke.Cabinet.dll": "333D950E3804735DA60CC41D614C63E2",
  "PInvoke.CfgMgr32.dll": "768BE7CC18EDCF78B296A72ABE891691",
  "PInvoke.Crypt32.dll": "E7B00B0851738F4A7F2C6D37DAA973B4",
  "PInvoke.DbgHelp.dll": "E701136169620D20E3A70B560DE20E44",
  "PInvoke.DwmApi.dll": "ACF223CC8962404056648815B486F7D9",
  "PInvoke.Gdi32.dll": "69FF434826F98582CE44D3136ECFFACB",
  "PInvoke.Hid.dll": "2E7A41257F8AD9B26073181F450CD8E5",
  "PInvoke.ImageHlp.dll": "79BE816E8D86EA66489D7780DD675D49",
  "PInvoke.IPHlpApi.dll": "E949FA3326D1BA8872B179AB4EE49D38",
  "PInvoke.Kernel32.dll": "234E15B122ED430DE99490CA1A204958",
  "PInvoke.Magnification.dll": "C9EA3D34F506741ECC044DB19C151F09",
  "PInvoke.Msi.dll": "69EE50CE2DA6B55755E52589F49A7EBC",
  "PInvoke.NCrypt.dll": "DA1DE76C14D99370CA3BEF19DC299B15",
  "PInvoke.NetApi32.dll": "AE79F9FA2E3864A5E0642AE4622ECDC5",
  "PInvoke.NewDev.dll": "B3E1992105D986EF9C5C8E4B630FBB07",
  "PInvoke.NTDll.dll": "3F6BDF840EB27DD0FD9EB8071822183A",
  "PInvoke.Ole32.dll": "3C49FB100B60519FFE725BCD12A538F6",
  "PInvoke.Psapi.dll": "A7683EE4B880227F01C8AE632A892B9E",
  "PInvoke.SetupApi.dll": "1B7AE321185D0081D1759A9AD829F9BA",
  "PInvoke.SHCore.dll": "F27E7F063D51480F6D2294C903E4A606",
  "PInvoke.Shell32.dll": "F71A1BCAF6478190691170DAEA77722F",
  "PInvoke.User32.dll": "8BEDE38311ED4F27127290B81B8079FD",
  "PInvoke.Userenv.dll": "FEB7BCA90B8C905EC2F4BB0789847131",
  "PInvoke.UxTheme.dll": "8E683C016250CB719FDB9AAAFC22B3C5",
  "PInvoke.Windows.Core.dll": "90015440A44935208FFEA9BF61740651",
  "PInvoke.Windows.ShellScalingApi.dll": "F351B34B8C9183A51CADFDC279357C49",
  "PInvoke.WinUsb.dll": "9EB8A0280F2848D1A32B560A939F7336",
  "PInvoke.WtsApi32.dll": "341C94455D2E5893DBE4293D4D67AA4D",
  "Reloaded.Assembler.dll": "819E82D557868F9974835259CD2E9E49",
  "Reloaded.Hooks.Definitions.dll": "36579BE3CA19770AF50A7630FA8C52C5",
  "Reloaded.Hooks.dll": "8905CF08DDAE1F8E35116A3482FDFF04",
  "Reloaded.Memory.Buffers.dll": "EB77DF504BB7E41695761B4E71B94777",
  "Reloaded.Memory.dll": "7E7CDEC66B52B9684C6700FDEA4FEF46",
  "revision.txt": "30BA105754346AAF47509089D2287F2A",
  "SDL2-CS.config": "65557595FD5DF55D93B2BF881DE62C3A",
  "SDL2-CS.dll": "0A2662E4DDEA074014428FEC1B55240B",
  "Serilog.dll": "A452D7A02C4F9F1AA2D3AC38A62A22A3",
  "Serilog.Sinks.Async.dll": "05FAE092B6FAFE8A2420000E20A7124C",
  "Serilog.Sinks.Console.dll": "57B08A1443BD2C9FEA5A18B6F6AAAEB7",
  "Serilog.Sinks.File.dll": "5004D3624DC76E335036D4496CBCEB3B",
  "SharpDX.Direct3D11.dll": "A90247C4BE1CAAD15610B36B22C8C936",
  "SharpDX.dll": "9B04C975C24BB572D8304E959D6EE29C",
  "SharpDX.DXGI.dll": "E80BE04E52F22C84D87439BDE62E189F",
  "SharpDX.Mathematics.dll": "684A69CBD4002D1FF8B1A5061A0B6DDF",
  "Silk.NET.Core.dll": "19F6EA71330BA80CA71DCFCA6698F191",
  "Silk.NET.GLFW.dll": "04DAD49AE771F1DA80D13A3C1BA4A843",
  "Silk.NET.Maths.dll": "C5B7F4CD7B1BD0C7949BF6DF540DE971",
  "Silk.NET.OpenGL.dll": "65B3E5BC4DA8EB2DEE7F5C8B7C459358",
  "Silk.NET.SDL.dll": "6FB0AD03D1BC312E524946BD08A089CE",
  "Silk.NET.Windowing.Common.dll": "F64A1F3D9E2E4FAE05EBB244FAE843DA",
  "Silk.NET.Windowing.Glfw.dll": "5EFD004D96B8020C8651DD7FC4ACDC98",
  "Silk.NET.Windowing.Sdl.dll": "B3DEFB62129FFD2F631C8DE6BA7F84B7",
  "SQLite-net.dll": "24E136392CEFD30F43A28EDFA9570526",
  "SQLitePCLRaw.batteries_v2.dll": "6DD0D2DE7676B1FCE3384B1541DCFCFB",
  "SQLitePCLRaw.core.dll": "8CC654DEC594646F0A19E723C5AAF2E7",
  "SQLitePCLRaw.nativelibrary.dll": "B871A1C7849934B370B2BB5DA244B7C7",
  "SQLitePCLRaw.provider.dynamic_cdecl.dll": "02B761F749B85786A5FEBD6AF4AD3784",
  "StbiSharp.dll": "E49C2B01C57413236690567DE921DFEA",
  "System.Reactive.dll": "EF5A00287AD15393D41B12AA4B726FF7",
  "System.Reflection.MetadataLoadContext.dll": "E88E3AF6D37736F339022C9ACC5F2F7B",
  "System.Security.Cryptography.Pkcs.dll": "8950E01996A37E808BE3F39063C37BF9",
  "TEMP_gitver.txt": "20C8061FB8A801973C1A1CD2A9BFC393",
  "TerraFX.Interop.Windows.dll": "84F7EF6B0DE91F8CC23F773D3FD6DEC0",
  "Validation.dll": "534AEDA53567A52C7A840A197526FF47"
}
