{
  "runtimes\\alpine-x64\\native\\libe_sqlite3.so": "39C244FEDBCD3DFC37041D4FCE1AE21D",
  "runtimes\\linux-arm\\native\\libe_sqlite3.so": "96CF54BC0EFB83D6E3F5F3E04997A59D",
  "runtimes\\linux-arm64\\native\\libe_sqlite3.so": "F079E55E7F3F9966A4A2052A3234E068",
  "runtimes\\linux-armel\\native\\libe_sqlite3.so": "C5A67D49434FC65D64E9C15778078C76",
  "runtimes\\linux-mips64\\native\\libe_sqlite3.so": "5F8461214089CFC677D46C19B7162161",
  "runtimes\\linux-musl-x64\\native\\libe_sqlite3.so": "39C244FEDBCD3DFC37041D4FCE1AE21D",
  "runtimes\\linux-x64\\native\\libe_sqlite3.so": "6F49C540D3AB9964D67A4A704C3D262D",
  "runtimes\\linux-x64\\native\\libglfw.so.3": "9E3137144F68B9E9793F4C7AD5B1BEA7",
  "runtimes\\linux-x64\\native\\libSDL2-2.0.so": "99B95A708381FC66AB2370E45A260527",
  "runtimes\\linux-x64\\native\\libstbi.so": "0945355ED59677D06E3E88F48101BB26",
  "runtimes\\linux-x86\\native\\libe_sqlite3.so": "5E0659B414CBD6DDC38C65582485853E",
  "runtimes\\osx-x64\\native\\libe_sqlite3.dylib": "F82AE134FCD1C080A69D775591406673",
  "runtimes\\osx-x64\\native\\libglfw.3.dylib": "1E30FAB2F0C40E82290AD4B0BF14A880",
  "runtimes\\osx-x64\\native\\libSDL2-2.0.dylib": "AAC958490586C67395F0A90903AE3747",
  "runtimes\\osx-x64\\native\\libstbi.dylib": "0B84B0A6A80178266018081C3CAB68E6",
  "runtimes\\win-arm\\native\\e_sqlite3.dll": "E1F800D150D0F41F1E440C00ED284B39",
  "runtimes\\win-arm64\\native\\e_sqlite3.dll": "A7842585F4AF0C86271EE8C3576AFDAA",
  "runtimes\\win-x64\\native\\cimgui.dll": "AA6AC3BD25D7AB60FE525FD0C03B433A",
  "runtimes\\win-x64\\native\\cimguizmo.dll": "B97DDB26DEADBFE7CE6C3191ED877420",
  "runtimes\\win-x64\\native\\cimplot.dll": "4DF270E887478506D86EE9E3DBBEF64F",
  "runtimes\\win-x64\\native\\e_sqlite3.dll": "25A4E0EE9649A681C329D006D2FE294C",
  "runtimes\\win-x64\\native\\glfw3.dll": "CB3FE02BA0634FDDDC0D3A281DFFDA7F",
  "runtimes\\win-x64\\native\\minhook.x64d.dll": "D574F73B0987CCFCFEB4CE528C0B87CD",
  "runtimes\\win-x64\\native\\SDL2.dll": "F9FA7CE34C741B01086040D48EE0B3DE",
  "runtimes\\win-x64\\native\\stbi.dll": "73D4B0FF8263FA9AA4825FAC0746D95B",
  "runtimes\\win-x64\\native\\stbi.lib": "927C214DE576219E1F80DBE7798A0502",
  "runtimes\\win-x86\\native\\e_sqlite3.dll": "7EB5AF3E1FD57554607C92FC8C0717B1",
  "runtimes\\win-x86\\native\\glfw3.dll": "B19038517AE345C472B249D64D42CBD6",
  "runtimes\\win-x86\\native\\SDL2.dll": "363D56F7130AD5CD2AB600D4E860C79B",
  "targets\\Dalamud.Plugin.Bootstrap.targets": "C85635161398CD9852CF7212DB7EB904",
  "targets\\Dalamud.Plugin.targets": "DDD731601C06B16E10CF2F8990452A27",
  "BitFaster.Caching.dll": "A810F12C77E53CCAD96B0670B7FA7690",
  "CheapLoc.dll": "797B4977A465DE35CBB9AE5DB3DE4A5C",
  "commit_hash.txt": "ADAF29ED917E45D3D83083BCEE8377EE",
  "Costura.dll": "76F0906FBDDBEA39870C9AC2DA4789F9",
  "Dalamud.Boot.dll": "2B98A60D2967E0FD4395FCB375CCFDF0",
  "Dalamud.Common.dll": "4F6D8CBEAFE08BDBF3856510969CB707",
  "Dalamud.deps.json": "2055892670AB2F296AE4BE04B2CEA3FE",
  "Dalamud.dll": "6CC66CFC19F40150D87E0B9632819E88",
  "Dalamud.Injector.deps.json": "973E5D437761614CB8BADBA9E2C0F6EA",
  "Dalamud.Injector.dll": "CDD6B1025E63631E8A5A9480062097AC",
  "Dalamud.Injector.exe": "A664E205F27F69BC42649FDD1ACE9CC7",
  "Dalamud.Injector.runtimeconfig.json": "B9BB65FFE7924D4D8BABE9FA66303200",
  "Dalamud.Injector.xml": "D41E5DF541D19A015215E777D7395C9C",
  "Dalamud.runtimeconfig.json": "2A9CD915428BDD175E0889BD0C225F75",
  "Dalamud.xml": "5528C1D13C4DA18BDDA7BD78A02B0E94",
  "DalamudCrashHandler.exe": "FD78B4634078A38431A28BEA4EF2228C",
  "FASM-LICENSE.TXT": "ECEA1D10811221D5F0A3E96F9C38E2C7",
  "FASM.DLL": "63264D197908E74A22CA8C7D2536E769",
  "FASMX64.DLL": "28AA7B9F4E3AA25BA87C6F68BD4B1600",
  "FFXIVClientStructs.dll": "A9514EA8FCA7FA3BD2B9FFADF3C51399",
  "FFXIVClientStructs.xml": "2E8EA57341AABB02D6A1173B926072FF",
  "goaaats.Reloaded.Assembler.targets": "CC22CB0A353E2136EE9E6E96DB9F7164",
  "Iced.dll": "2C00AEAF03D02536ABB49EC12C379A40",
  "ImGui.NET.dll": "3D786F1AEBEA41E74FD217BB86A217FE",
  "ImGuiScene.dll": "2C389AAD35C2AF48421D5FBE26DD3393",
  "InteropGenerator.Runtime.dll": "3E3834AF3D5B4E86689CFD119C9EA485",
  "JetBrains.Annotations.dll": "0027EE7DBA054829C3DF7C133E09E846",
  "licenses.txt": "A159BE62AA91178EFC3E3983AE874D1D",
  "Lumina.dll": "2903AEBC4667EA11A201EE500988E2CD",
  "Lumina.Excel.dll": "03E2A38B24C1A9F5F610B8574D1E84DF",
  "Microsoft.Bcl.HashCode.dll": "613AB56061ADF2284E047025207467E0",
  "Microsoft.DotNet.PlatformAbstractions.dll": "00AB0F02B1114C57C758F5AD595224F1",
  "Microsoft.Extensions.DependencyModel.dll": "F39BC76C10CFEA478C936FC4521A9FC9",
  "Microsoft.Extensions.ObjectPool.dll": "FEE3CE8A84417360CC5ED787ED6F7DB1",
  "MinSharp.dll": "36382A1747F3F8DD8C0E6E3F2083318F",
  "Mono.Cecil.dll": "40A4FABEB440AC72280F434F8552F0A9",
  "Mono.Cecil.Mdb.dll": "F64A73B9F94AEE5BAA639B0AFEBEC942",
  "Mono.Cecil.Pdb.dll": "B17BBD7E444651C26CC806C987CC91CD",
  "Mono.Cecil.Rocks.dll": "494C75EF7EC40C30FCE5188CEAFA93B6",
  "nethost.dll": "21F39F71E2F4B5BA9FB3F126872F2F9B",
  "Newtonsoft.Json.dll": "ADF3E3EECDE20B7C9661E9C47106A14A",
  "PeNet.Asn1.dll": "BD9F699C326F79BFB6F1A2D587141CC6",
  "PeNet.dll": "ED161C3DBF6573215A7F38E0919FFC7B",
  "PInvoke.AdvApi32.dll": "34EE461D05B403C3A15D0DEC32A3788C",
  "PInvoke.BCrypt.dll": "FD07758EE1440491F22923084109FF26",
  "PInvoke.Cabinet.dll": "333D950E3804735DA60CC41D614C63E2",
  "PInvoke.CfgMgr32.dll": "768BE7CC18EDCF78B296A72ABE891691",
  "PInvoke.Crypt32.dll": "E7B00B0851738F4A7F2C6D37DAA973B4",
  "PInvoke.DbgHelp.dll": "E701136169620D20E3A70B560DE20E44",
  "PInvoke.DwmApi.dll": "ACF223CC8962404056648815B486F7D9",
  "PInvoke.Gdi32.dll": "69FF434826F98582CE44D3136ECFFACB",
  "PInvoke.Hid.dll": "2E7A41257F8AD9B26073181F450CD8E5",
  "PInvoke.ImageHlp.dll": "79BE816E8D86EA66489D7780DD675D49",
  "PInvoke.IPHlpApi.dll": "E949FA3326D1BA8872B179AB4EE49D38",
  "PInvoke.Kernel32.dll": "234E15B122ED430DE99490CA1A204958",
  "PInvoke.Magnification.dll": "C9EA3D34F506741ECC044DB19C151F09",
  "PInvoke.Msi.dll": "69EE50CE2DA6B55755E52589F49A7EBC",
  "PInvoke.NCrypt.dll": "DA1DE76C14D99370CA3BEF19DC299B15",
  "PInvoke.NetApi32.dll": "AE79F9FA2E3864A5E0642AE4622ECDC5",
  "PInvoke.NewDev.dll": "B3E1992105D986EF9C5C8E4B630FBB07",
  "PInvoke.NTDll.dll": "3F6BDF840EB27DD0FD9EB8071822183A",
  "PInvoke.Ole32.dll": "3C49FB100B60519FFE725BCD12A538F6",
  "PInvoke.Psapi.dll": "A7683EE4B880227F01C8AE632A892B9E",
  "PInvoke.SetupApi.dll": "1B7AE321185D0081D1759A9AD829F9BA",
  "PInvoke.SHCore.dll": "F27E7F063D51480F6D2294C903E4A606",
  "PInvoke.Shell32.dll": "F71A1BCAF6478190691170DAEA77722F",
  "PInvoke.User32.dll": "8BEDE38311ED4F27127290B81B8079FD",
  "PInvoke.Userenv.dll": "FEB7BCA90B8C905EC2F4BB0789847131",
  "PInvoke.UxTheme.dll": "8E683C016250CB719FDB9AAAFC22B3C5",
  "PInvoke.Windows.Core.dll": "90015440A44935208FFEA9BF61740651",
  "PInvoke.Windows.ShellScalingApi.dll": "F351B34B8C9183A51CADFDC279357C49",
  "PInvoke.WinUsb.dll": "9EB8A0280F2848D1A32B560A939F7336",
  "PInvoke.WtsApi32.dll": "341C94455D2E5893DBE4293D4D67AA4D",
  "Reloaded.Assembler.dll": "8FC813ACC043E8E47ABDE6E487A2099C",
  "Reloaded.Hooks.Definitions.dll": "A0C7EFA26F08A1962B49C9204E718B75",
  "Reloaded.Hooks.dll": "C5A1922C42CA07E911DD0C16A4D5097E",
  "Reloaded.Memory.Buffers.dll": "48687934C9B71E68ADDCE4DD494B4B5A",
  "Reloaded.Memory.dll": "546BF79015E76ECC28D1C0B3055A2C7B",
  "revision.txt": "78DAAB4F4FCE94374D8A53444C77C2C6",
  "SDL2-CS.config": "65557595FD5DF55D93B2BF881DE62C3A",
  "SDL2-CS.dll": "DA5F59A3168CD1E0F2FFB2DE073F89A1",
  "Serilog.dll": "60CB977F40A3A96480CD91E1D4FB3656",
  "Serilog.Sinks.Async.dll": "C17FB488B9AB3D5585333981FC2B02EE",
  "Serilog.Sinks.Console.dll": "FE9B1F108210B8ABE6BE45F34142EDAC",
  "Serilog.Sinks.File.dll": "9C31EB879A44459B62B7AB3C1C601D22",
  "SharpDX.Direct3D11.dll": "3B4190F706BF3B6C9EF96404DCD99936",
  "SharpDX.dll": "6CFC831415AA772180DCDF2044F9A153",
  "SharpDX.DXGI.dll": "4C51FDD0DFC33BDE1E8E677B832E801C",
  "SharpDX.Mathematics.dll": "EA4755343E5A03A80D669EBE79D1AE59",
  "Silk.NET.Core.dll": "86C53DE38E23C56DB2DBD35E0B41B3AE",
  "Silk.NET.GLFW.dll": "BD0AC9AC690ECD16EF995AEC0C4EBB0F",
  "Silk.NET.Maths.dll": "1C7FA3CFF18AC038D7ED037E86FDC916",
  "Silk.NET.OpenGL.dll": "7298F03FAEED141E54AFBE3DFB1D1ED8",
  "Silk.NET.SDL.dll": "3D1EFCAC0137BCE619C6318CD5F3340F",
  "Silk.NET.Windowing.Common.dll": "056904BE63CF8582AC80C28899B237E3",
  "Silk.NET.Windowing.Glfw.dll": "39BA612F8660454E85BD20C6C0BC9534",
  "Silk.NET.Windowing.Sdl.dll": "EB21F0EB573C80FD9DC83330B559355D",
  "SQLite-net.dll": "342A66DA4096605D053EEEE4E6755B6A",
  "SQLitePCLRaw.batteries_v2.dll": "A828DE68C9EDF663DEA9634754C47A01",
  "SQLitePCLRaw.core.dll": "270C315B23897CC03535016EA409B002",
  "SQLitePCLRaw.nativelibrary.dll": "475B99F4D8714261F1A8806744FE08EF",
  "SQLitePCLRaw.provider.dynamic_cdecl.dll": "2871C2D470A92CE32FB0784DB7A8CAA7",
  "StbiSharp.dll": "766816D0C3B03BF668E41B902B34F0B2",
  "System.Reactive.dll": "EF5A00287AD15393D41B12AA4B726FF7",
  "System.Reflection.MetadataLoadContext.dll": "E88E3AF6D37736F339022C9ACC5F2F7B",
  "System.Security.Cryptography.Pkcs.dll": "8950E01996A37E808BE3F39063C37BF9",
  "TEMP_gitver.txt": "78B3BECC9302D15CD94E76CC9EC5AA3E",
  "TerraFX.Interop.Windows.dll": "84F7EF6B0DE91F8CC23F773D3FD6DEC0",
  "Validation.dll": "EE89E8D9B797BE95B90C02FE24053B37"
}
