{
  "runtimes\\alpine-arm\\native\\libe_sqlite3.so": "87AF85204A246154501382901F3F6812",
  "runtimes\\alpine-arm64\\native\\libe_sqlite3.so": "CD4B9AAB53400EFE96ABC32B339A866A",
  "runtimes\\alpine-x64\\native\\libe_sqlite3.so": "6C9D6E34F1E932668237404D6EB6FC66",
  "runtimes\\browser-wasm\\nativeassets\\net7.0\\e_sqlite3.a": "E25518AC5EAD5E787448F3258236888E",
  "runtimes\\linux-arm\\native\\libe_sqlite3.so": "B8DA0DB6A447B5CCE98207F6A250FB84",
  "runtimes\\linux-arm64\\native\\libe_sqlite3.so": "A888898B38395A15F2DE200BAA8B486F",
  "runtimes\\linux-armel\\native\\libe_sqlite3.so": "54F3F4183B81387F7928ED0BB9B67B32",
  "runtimes\\linux-mips64\\native\\libe_sqlite3.so": "D56886A2E2F081CDEA1621BB18132764",
  "runtimes\\linux-musl-arm\\native\\libe_sqlite3.so": "87AF85204A246154501382901F3F6812",
  "runtimes\\linux-musl-arm64\\native\\libe_sqlite3.so": "CD4B9AAB53400EFE96ABC32B339A866A",
  "runtimes\\linux-musl-x64\\native\\libe_sqlite3.so": "6C9D6E34F1E932668237404D6EB6FC66",
  "runtimes\\linux-s390x\\native\\libe_sqlite3.so": "CB751CC76F280849C0E2F718D6784E69",
  "runtimes\\linux-x64\\native\\libe_sqlite3.so": "30098E7FAEB947BF5A5AE2FDB34E4461",
  "runtimes\\linux-x86\\native\\libe_sqlite3.so": "68872BD5071077981504636C2353EAA8",
  "runtimes\\maccatalyst-arm64\\native\\libe_sqlite3.dylib": "B2597C8799A6D21E5B98DB28C9C725FD",
  "runtimes\\maccatalyst-x64\\native\\libe_sqlite3.dylib": "19DCF2A64A7B5D1B8C7705AC809653A5",
  "runtimes\\osx-arm64\\native\\libe_sqlite3.dylib": "FB6D0058E0E849FA8715911B49790350",
  "runtimes\\osx-x64\\native\\libe_sqlite3.dylib": "DE5735102E730C1518C029DB3A0040A9",
  "runtimes\\win-arm\\native\\e_sqlite3.dll": "10989F862BDBC5B83438C1D7EACF3440",
  "runtimes\\win-arm64\\native\\e_sqlite3.dll": "E4057F65D25E0BAE651B356BA4D7A166",
  "runtimes\\win-x64\\native\\e_sqlite3.dll": "D1B26973F346B77AE82ED862ADE98673",
  "runtimes\\win-x64\\native\\minhook.x64d.dll": "00D91E44A9C41E63B333F8106FDFCB4D",
  "runtimes\\win-x86\\native\\e_sqlite3.dll": "EF07F6C26EFA2A84E285E0B3DAD11160",
  "BCnEncoder.dll": "FF8177226D98E43F2CDFA509A6D43409",
  "BitFaster.Caching.dll": "055B0C12AD34A3FDAA66DED8D29BF192",
  "CheapLoc.dll": "649579B3B6E536BC3D84D7DA54DE13CF",
  "cimgui.dll": "C572836B181DEFF8D9EA3D33E00C8DA5",
  "cimguizmo.dll": "EC915455E498FF4B3B8E3D80746D0F01",
  "cimplot.dll": "676B427A7D97093438A5076EB8E2D5BF",
  "commit_hash.txt": "74F4723F91D1D2852362B04DA4FBD21B",
  "CommunityToolkit.HighPerformance.dll": "66B64EC334625F2C5D341A45E28EEB43",
  "Dalamud.Bindings.ImGui.dll": "F4D9DAE9B0831F74AFFE330F3162878B",
  "Dalamud.Bindings.ImGuizmo.dll": "8346C8FE55456A87C98480F48F7808AB",
  "Dalamud.Bindings.ImPlot.dll": "FEBB62C79313D0AAD444B36AD97E41DE",
  "Dalamud.Boot.dll": "329D4FB34F2869255402DA1B4FE7C947",
  "Dalamud.Common.dll": "E48700ACA3625983EB2D8FD1BF5260A4",
  "Dalamud.deps.json": "76FDD5A362B9E916EC3C774F6C6A05A7",
  "Dalamud.dll": "3621E121F9EE74585BDEFABDECC07FE4",
  "Dalamud.Injector.deps.json": "28C3C412E18C8E21BCEC052CCAF9CE11",
  "Dalamud.Injector.dll": "5F0A9B653EF1EBAA88CDBD0A2CAEC829",
  "Dalamud.Injector.exe": "495055B660940A30A087893DAF3FAA87",
  "Dalamud.Injector.runtimeconfig.json": "481C4D4F6151485203242D25F632FCC5",
  "Dalamud.Injector.xml": "573870DEB8A9854EC20203EDE9D78425",
  "Dalamud.runtimeconfig.json": "9DB7F0D7C94CA1AA6CA3ACFA6F93A1D8",
  "Dalamud.xml": "DFAA841D9F8F1288EE2AD761F2043A31",
  "DalamudCrashHandler.exe": "8A22E2663FFF65C22699E29437961BAF",
  "FASM-LICENSE.TXT": "ECEA1D10811221D5F0A3E96F9C38E2C7",
  "FASM.DLL": "2250B114A40500907C50142BE9D303D0",
  "FASMX64.DLL": "D913353061D86DED62807190B75556ED",
  "FFXIVClientStructs.dll": "5CDC9B428A8950EC6772D202B34451E8",
  "FFXIVClientStructs.xml": "EF7242DB4021DAEA08D3E8063B756F28",
  "goatcorp.Reloaded.Assembler.dll": "6BA7200F5F36CE1BAF4C132156DFB264",
  "goatcorp.Reloaded.Assembler.targets": "CC22CB0A353E2136EE9E6E96DB9F7164",
  "goatcorp.Reloaded.Hooks.dll": "DEEBD5F09422DE7D90558AD26E618C71",
  "goatcorp.Reloaded.Memory.Buffers.dll": "723D761AC3C53C5BFCE9D9F9EE59B3B3",
  "HexaGen.Runtime.dll": "25C56176327F0809007C9961000AB417",
  "Iced.dll": "9F42B3FC0DC56ED681A408DDC2F7CAE5",
  "ImGuiScene.dll": "7ABBCDBE22F5ECDA6B7AE6BAAEE56FC2",
  "InteropGenerator.Runtime.dll": "A41C133F3BBF2FC08B61A8EBE1E74F2C",
  "JetBrains.Annotations.dll": "D334483DFBCF8BE6062277E1FB3B94F3",
  "licenses.txt": "A159BE62AA91178EFC3E3983AE874D1D",
  "Lumina.dll": "B3E49A33A6FFDECBDAD4F6FD76730310",
  "Lumina.Excel.dll": "1F01E736776E296BB50CE40A303B14F2",
  "Lumina.Excel.xml": "8C361FFD52612B54A308E043847D6823",
  "Microsoft.Extensions.ObjectPool.dll": "CB2B8426DF93B062B631BC85B3369BED",
  "MinSharp.dll": "16FB7ACB27990F16540FDCE949D6DCC1",
  "Mono.Cecil.dll": "8B7C4CF76180F21F5C63A333EBFF2EF4",
  "Mono.Cecil.Mdb.dll": "AA7733B5FCF7AC8ECAC5EB196A8A673A",
  "Mono.Cecil.Pdb.dll": "AB3A33C2B4DD650C4B5C08E0C7DA3A3D",
  "Mono.Cecil.Rocks.dll": "8644B1A6FF7943F5F3DBDC9592EC4765",
  "nethost.dll": "21F39F71E2F4B5BA9FB3F126872F2F9B",
  "Newtonsoft.Json.dll": "C252FE44B67A08E6DAB4EADE3764DB49",
  "PeNet.Asn1.dll": "F0DA97BB84409E0165BD42110997BE4E",
  "PeNet.dll": "A915ECC3F82AF5B0589AD899D6EB3A1E",
  "Reloaded.Hooks.Definitions.dll": "4ABD1ECDBA4B128A599A1DAA6B3652B3",
  "Reloaded.Memory.Buffers.dll": "948FA369D259CE087B595C0337AA7D65",
  "Reloaded.Memory.dll": "3C890D0ADF17249FFFCC7DB33898426B",
  "revision.txt": "59139A91A16C9B09A388091BDFE639DE",
  "Serilog.dll": "56C3E5F804BCAB971375C6D0AA6926CA",
  "Serilog.Sinks.Async.dll": "8AE97D4E91284A846C56C12CE3797AFB",
  "Serilog.Sinks.Console.dll": "E72B6CAC40C1B8F751E4E2200D8C01EB",
  "Serilog.Sinks.File.dll": "9A3BC0099861386807B8D2076772C73C",
  "SQLite-net.dll": "64C95FA2905D338FC7C622F3BCE0901A",
  "SQLitePCLRaw.batteries_v2.dll": "0C14346F6E8EBF9D470E71344D2D491B",
  "SQLitePCLRaw.core.dll": "9467A832EE859C352F7DBDEE9F98D5B2",
  "SQLitePCLRaw.provider.e_sqlite3.dll": "79A92DC57550B20EECA5555467A4EFAC",
  "System.Reactive.dll": "C6016588304D55406E3D1C2FA7D42903",
  "System.Reflection.MetadataLoadContext.dll": "284C720DEE2524BCF10DD1B5648AA303",
  "System.Security.Cryptography.Pkcs.dll": "17945B2BF07D9377E36AD3EBE69FF693",
  "TEMP_gitver.txt": "52C6E0583C7B4E17DA369ABCF4713EAE",
  "TerraFX.Interop.Windows.dll": "C75D06E77DE5A095D45676A81CDE0DC9"
}
