{
  "runtimes\\alpine-x64\\native\\libe_sqlite3.so": "39C244FEDBCD3DFC37041D4FCE1AE21D",
  "runtimes\\linux-arm\\native\\libe_sqlite3.so": "96CF54BC0EFB83D6E3F5F3E04997A59D",
  "runtimes\\linux-arm64\\native\\libe_sqlite3.so": "F079E55E7F3F9966A4A2052A3234E068",
  "runtimes\\linux-armel\\native\\libe_sqlite3.so": "C5A67D49434FC65D64E9C15778078C76",
  "runtimes\\linux-mips64\\native\\libe_sqlite3.so": "5F8461214089CFC677D46C19B7162161",
  "runtimes\\linux-musl-x64\\native\\libe_sqlite3.so": "39C244FEDBCD3DFC37041D4FCE1AE21D",
  "runtimes\\linux-x64\\native\\libe_sqlite3.so": "6F49C540D3AB9964D67A4A704C3D262D",
  "runtimes\\linux-x64\\native\\libglfw.so.3": "9E3137144F68B9E9793F4C7AD5B1BEA7",
  "runtimes\\linux-x64\\native\\libSDL2-2.0.so": "99B95A708381FC66AB2370E45A260527",
  "runtimes\\linux-x64\\native\\libstbi.so": "0945355ED59677D06E3E88F48101BB26",
  "runtimes\\linux-x86\\native\\libe_sqlite3.so": "5E0659B414CBD6DDC38C65582485853E",
  "runtimes\\osx-x64\\native\\libe_sqlite3.dylib": "F82AE134FCD1C080A69D775591406673",
  "runtimes\\osx-x64\\native\\libglfw.3.dylib": "1E30FAB2F0C40E82290AD4B0BF14A880",
  "runtimes\\osx-x64\\native\\libSDL2-2.0.dylib": "AAC958490586C67395F0A90903AE3747",
  "runtimes\\osx-x64\\native\\libstbi.dylib": "0B84B0A6A80178266018081C3CAB68E6",
  "runtimes\\win-arm\\native\\e_sqlite3.dll": "644E3AFA999A9118764E2E373D7060BA",
  "runtimes\\win-arm64\\native\\e_sqlite3.dll": "897A53B773E422D570C5A0A7D4189D3A",
  "runtimes\\win-x64\\native\\e_sqlite3.dll": "991183B273711BC2EC83C3E2B0F8E5B8",
  "runtimes\\win-x64\\native\\glfw3.dll": "CA1D7401146DF21E510460F4A14FFACD",
  "runtimes\\win-x64\\native\\minhook.x64d.dll": "568B9F027958F666701C2728DC24EE80",
  "runtimes\\win-x64\\native\\SDL2.dll": "A0E4E426A534FB68A42D7720413FB68C",
  "runtimes\\win-x64\\native\\stbi.dll": "BFCFEC3CE925E55BD0DC91CD8A742EF4",
  "runtimes\\win-x64\\native\\stbi.lib": "927C214DE576219E1F80DBE7798A0502",
  "runtimes\\win-x86\\native\\e_sqlite3.dll": "595CD16ED5C894BDF97C7C6D4095BE4C",
  "runtimes\\win-x86\\native\\glfw3.dll": "89F6DE02BB03B36973FA2201D6099DCD",
  "runtimes\\win-x86\\native\\SDL2.dll": "19914C811E36E6C8266080868B05C621",
  "targets\\Dalamud.Plugin.Bootstrap.targets": "C85635161398CD9852CF7212DB7EB904",
  "targets\\Dalamud.Plugin.targets": "69D15EDFB3D4F0BEE3A099216E4DE057",
  "BitFaster.Caching.dll": "2F92313FF78045FDA33A83F094A0EDF5",
  "CheapLoc.dll": "9469A1EC97C6D4B2C9CD9EC427CA0CE4",
  "cimgui.dll": "AA96490E4BAC8A70F71105D429474309",
  "cimguizmo.dll": "C3975C4E71E5376140FD6D3FB7D978B9",
  "cimplot.dll": "D3D747261B1FBB29969E251E5EE0DB91",
  "commit_hash.txt": "C81C8A206A5BB0A0AA3E3671FCA625C7",
  "Dalamud.Boot.dll": "73357339C21B0C3B8C1DE8E7AEA3BED0",
  "Dalamud.Common.dll": "4F24F1AE5B04C80E2957AC5DBEF5438B",
  "Dalamud.deps.json": "2CF330D441B5E82E993B3FDB391E2900",
  "Dalamud.dll": "0BB60CF13F048F54B776F5BE246760E8",
  "Dalamud.Injector.deps.json": "E30B9BD40106FFC14A5274A670979EDF",
  "Dalamud.Injector.dll": "ED560338204B048908196AB7AF32DB77",
  "Dalamud.Injector.exe": "EC2DC1FA5A0DCBAAECF0396CA5F2F441",
  "Dalamud.Injector.runtimeconfig.json": "B9BB65FFE7924D4D8BABE9FA66303200",
  "Dalamud.Injector.xml": "D41E5DF541D19A015215E777D7395C9C",
  "Dalamud.runtimeconfig.json": "2A9CD915428BDD175E0889BD0C225F75",
  "Dalamud.xml": "D4B80FC2A5ABB31B7AF7FFC237D260DF",
  "DalamudCrashHandler.exe": "233B02BC5129737D039D668DB371E9F9",
  "FASM-LICENSE.TXT": "ECEA1D10811221D5F0A3E96F9C38E2C7",
  "FASM.DLL": "2B2152279F51749E9CDA3A66252EE122",
  "FASMX64.DLL": "C2FF57AC5037DDF047B9A1746013CD5A",
  "FFXIVClientStructs.dll": "AB45C3A9779574C220116C047E61D9CE",
  "FFXIVClientStructs.xml": "DAA46689337616D5F90FF8166F87DED0",
  "goaaats.Reloaded.Assembler.targets": "CC22CB0A353E2136EE9E6E96DB9F7164",
  "Iced.dll": "DDF120394D958FFC4A8ED2D16F8E008D",
  "ImGui.NET.dll": "275408E616CE8AE6DEBB433CBA008E99",
  "ImGuiScene.dll": "6DBBE592C8926C7B59FB5C0E9265B149",
  "InteropGenerator.Runtime.dll": "CA1CCC8AEF3A373DA6E7C04DA12B1B27",
  "JetBrains.Annotations.dll": "31E4551001AEE83EE5C6E89F2ED78F85",
  "licenses.txt": "A159BE62AA91178EFC3E3983AE874D1D",
  "Lumina.dll": "4730FED2992AAF61967AEA5E162F7025",
  "Lumina.Excel.dll": "E0A30085337E10DFED330B5865AFECF8",
  "Microsoft.Bcl.HashCode.dll": "613AB56061ADF2284E047025207467E0",
  "Microsoft.DotNet.PlatformAbstractions.dll": "00AB0F02B1114C57C758F5AD595224F1",
  "Microsoft.Extensions.DependencyModel.dll": "F39BC76C10CFEA478C936FC4521A9FC9",
  "Microsoft.Extensions.ObjectPool.dll": "FEE3CE8A84417360CC5ED787ED6F7DB1",
  "MinSharp.dll": "41AEC60E24B277C7E6CDB6F352AF0961",
  "Mono.Cecil.dll": "866BDA7ACBAC62633DB6F803BFD2C1ED",
  "Mono.Cecil.Mdb.dll": "0FF3C99AC527C5DB161C0132FC3C397B",
  "Mono.Cecil.Pdb.dll": "77936835733608437146D8FEB02B5844",
  "Mono.Cecil.Rocks.dll": "A21CB368BCA5C8DC182F4D3583753DC9",
  "nethost.dll": "21F39F71E2F4B5BA9FB3F126872F2F9B",
  "Newtonsoft.Json.dll": "ADF3E3EECDE20B7C9661E9C47106A14A",
  "PeNet.Asn1.dll": "1B29FE4EAE8486A8F442E8E40A358B03",
  "PeNet.dll": "F72A9789C5750733F7FE3F4FF8EA8D63",
  "PInvoke.AdvApi32.dll": "34EE461D05B403C3A15D0DEC32A3788C",
  "PInvoke.BCrypt.dll": "FD07758EE1440491F22923084109FF26",
  "PInvoke.Cabinet.dll": "333D950E3804735DA60CC41D614C63E2",
  "PInvoke.CfgMgr32.dll": "768BE7CC18EDCF78B296A72ABE891691",
  "PInvoke.Crypt32.dll": "E7B00B0851738F4A7F2C6D37DAA973B4",
  "PInvoke.DbgHelp.dll": "E701136169620D20E3A70B560DE20E44",
  "PInvoke.DwmApi.dll": "ACF223CC8962404056648815B486F7D9",
  "PInvoke.Gdi32.dll": "69FF434826F98582CE44D3136ECFFACB",
  "PInvoke.Hid.dll": "2E7A41257F8AD9B26073181F450CD8E5",
  "PInvoke.ImageHlp.dll": "79BE816E8D86EA66489D7780DD675D49",
  "PInvoke.IPHlpApi.dll": "E949FA3326D1BA8872B179AB4EE49D38",
  "PInvoke.Kernel32.dll": "234E15B122ED430DE99490CA1A204958",
  "PInvoke.Magnification.dll": "C9EA3D34F506741ECC044DB19C151F09",
  "PInvoke.Msi.dll": "69EE50CE2DA6B55755E52589F49A7EBC",
  "PInvoke.NCrypt.dll": "DA1DE76C14D99370CA3BEF19DC299B15",
  "PInvoke.NetApi32.dll": "AE79F9FA2E3864A5E0642AE4622ECDC5",
  "PInvoke.NewDev.dll": "B3E1992105D986EF9C5C8E4B630FBB07",
  "PInvoke.NTDll.dll": "3F6BDF840EB27DD0FD9EB8071822183A",
  "PInvoke.Ole32.dll": "3C49FB100B60519FFE725BCD12A538F6",
  "PInvoke.Psapi.dll": "A7683EE4B880227F01C8AE632A892B9E",
  "PInvoke.SetupApi.dll": "1B7AE321185D0081D1759A9AD829F9BA",
  "PInvoke.SHCore.dll": "F27E7F063D51480F6D2294C903E4A606",
  "PInvoke.Shell32.dll": "F71A1BCAF6478190691170DAEA77722F",
  "PInvoke.User32.dll": "8BEDE38311ED4F27127290B81B8079FD",
  "PInvoke.Userenv.dll": "FEB7BCA90B8C905EC2F4BB0789847131",
  "PInvoke.UxTheme.dll": "8E683C016250CB719FDB9AAAFC22B3C5",
  "PInvoke.Windows.Core.dll": "90015440A44935208FFEA9BF61740651",
  "PInvoke.Windows.ShellScalingApi.dll": "F351B34B8C9183A51CADFDC279357C49",
  "PInvoke.WinUsb.dll": "9EB8A0280F2848D1A32B560A939F7336",
  "PInvoke.WtsApi32.dll": "341C94455D2E5893DBE4293D4D67AA4D",
  "Reloaded.Assembler.dll": "76619B19398EDE05E3E9F6E4D20481A5",
  "Reloaded.Hooks.Definitions.dll": "BFC5740D708E3376438635A3B4A5E2C4",
  "Reloaded.Hooks.dll": "AAE4EBB7BD47F7BA4316406AD11A60D1",
  "Reloaded.Memory.Buffers.dll": "BC423AB04ADF7A62C81B1B668FF6973C",
  "Reloaded.Memory.dll": "C746357FF7FFF0037C0EDF6702C1DAA5",
  "revision.txt": "F05F78CBEB9621B3E8C54BDF592BE604",
  "SDL2-CS.config": "65557595FD5DF55D93B2BF881DE62C3A",
  "SDL2-CS.dll": "86798FFAA6B88E27903E1F26CFC1942E",
  "Serilog.dll": "D87312386B56443EA37150083546CB42",
  "Serilog.Sinks.Async.dll": "A451D93958A18AA352D9B3650066A887",
  "Serilog.Sinks.Console.dll": "8809FC22B33521A5671858C25F702C89",
  "Serilog.Sinks.File.dll": "7D8DAED8C2275F49CD5F49A6D17C6EF6",
  "SharpDX.Direct3D11.dll": "1B822B550D6F4674423ED3F1A2116629",
  "SharpDX.dll": "C27493D5F405DA437458E48FAC630D3B",
  "SharpDX.DXGI.dll": "BC5BBCDC0176BE865773FF9BF8048D2A",
  "SharpDX.Mathematics.dll": "AD44EFB55C8C0DA299029A4CB5800898",
  "Silk.NET.Core.dll": "BEFD003691BC2D92A4ACD7BF81F8601B",
  "Silk.NET.GLFW.dll": "BB4A3EB8444F0B62E819CF805285876B",
  "Silk.NET.Maths.dll": "21821DEBDD7602FDF47A15BF1C1651D5",
  "Silk.NET.OpenGL.dll": "2306C20C9C4DA26E3027F48502673D69",
  "Silk.NET.SDL.dll": "997130F66D197B4103A2A7437F2FA473",
  "Silk.NET.Windowing.Common.dll": "895F53E420EC167BC45307F0CAC7CDA1",
  "Silk.NET.Windowing.Glfw.dll": "FB8C180593DF9D0982107425F79AB00F",
  "Silk.NET.Windowing.Sdl.dll": "FA01F7B75BC66CB9A59E5C4CBE4A1D75",
  "SQLite-net.dll": "9E354F8CAD3F6E8B981B836635676F05",
  "SQLitePCLRaw.batteries_v2.dll": "D927F630877482EC2FC9F95873AAE1E2",
  "SQLitePCLRaw.core.dll": "8A319F057D1EF555350B0C77DB0C122B",
  "SQLitePCLRaw.nativelibrary.dll": "2BDA4306488D019E7489B17DB760D1FA",
  "SQLitePCLRaw.provider.dynamic_cdecl.dll": "941D41680689AB1AC1ABD1902F20D2C3",
  "StbiSharp.dll": "65765D2F5AC27BECC939FD4E134D3092",
  "System.Reactive.dll": "EF5A00287AD15393D41B12AA4B726FF7",
  "System.Reflection.MetadataLoadContext.dll": "E88E3AF6D37736F339022C9ACC5F2F7B",
  "System.Security.Cryptography.Pkcs.dll": "8950E01996A37E808BE3F39063C37BF9",
  "TEMP_gitver.txt": "A3E2EF217E70E5BF026FB19F2DDCDBAA",
  "TerraFX.Interop.Windows.dll": "84F7EF6B0DE91F8CC23F773D3FD6DEC0",
  "Validation.dll": "915BA7E11600549EA7128DF3314FD5B5"
}
