{
  "runtimes\\linux-x64\\native\\libglfw.so.3": "9E3137144F68B9E9793F4C7AD5B1BEA7",
  "runtimes\\linux-x64\\native\\libSDL2-2.0.so": "99B95A708381FC66AB2370E45A260527",
  "runtimes\\linux-x64\\native\\libstbi.so": "0945355ED59677D06E3E88F48101BB26",
  "runtimes\\osx-x64\\native\\libglfw.3.dylib": "1E30FAB2F0C40E82290AD4B0BF14A880",
  "runtimes\\osx-x64\\native\\libSDL2-2.0.dylib": "AAC958490586C67395F0A90903AE3747",
  "runtimes\\osx-x64\\native\\libstbi.dylib": "0B84B0A6A80178266018081C3CAB68E6",
  "runtimes\\win-x64\\native\\cimgui.dll": "E256BAC80C63FE6886714A1E54BB2F72",
  "runtimes\\win-x64\\native\\cimguizmo.dll": "DAB44206809C08F9292CF9467B463212",
  "runtimes\\win-x64\\native\\cimplot.dll": "30108FF34CF70E602576068D932FBD66",
  "runtimes\\win-x64\\native\\glfw3.dll": "25AD98447FDD927D29EF4E7604D52752",
  "runtimes\\win-x64\\native\\minhook.x64d.dll": "BD09B8FBB596020FF85A63FD78282D93",
  "runtimes\\win-x64\\native\\SDL2.dll": "CACB75BF4E24EBF9CDDE0685DC438305",
  "runtimes\\win-x64\\native\\stbi.dll": "DA4246B18FC691350D308EF9E635895C",
  "runtimes\\win-x64\\native\\stbi.lib": "927C214DE576219E1F80DBE7798A0502",
  "runtimes\\win-x86\\native\\glfw3.dll": "09836330B516BC23331D1A9A58CCDD3B",
  "runtimes\\win-x86\\native\\SDL2.dll": "777ACB8A944C3413379337DD2886C70B",
  "targets\\Dalamud.Plugin.Bootstrap.targets": "72C91AC1B4F7C83711BB4C5834FE49A8",
  "targets\\Dalamud.Plugin.targets": "CE55DF182FBC948D33DB41454A31EEF9",
  "CheapLoc.dll": "E55596D9D042D57CCF3BECF81395D2A8",
  "Costura.dll": "B6EDEDD46B02D30D3F8966863B5AB751",
  "Dalamud.Boot.dll": "35D1495EB9F256AC8BCF8AA5AC2E583C",
  "Dalamud.deps.json": "051357BD08583BEAB8CB20902199B7AC",
  "Dalamud.dll": "E73899DF7FC1AF5D2DC695B4E22D7EAE",
  "Dalamud.Injector.deps.json": "D10EED2039C0151239F5EA4FE3A65A7B",
  "Dalamud.Injector.dll": "DA763E249843E61011F74FB1EFE555E4",
  "Dalamud.Injector.exe": "FEDBCCB656B1639B2C7E18389EADA8C0",
  "Dalamud.Injector.runtimeconfig.json": "AAAFA957BB3B382321D67ACC2D792553",
  "Dalamud.Injector.xml": "CC06A545B271F56E0781ECC82BDEF67F",
  "Dalamud.Interface.dll": "9A2FF2F655CAC62A5D97115A5E858D9E",
  "Dalamud.runtimeconfig.json": "454E2BA21742B08CF0A9827950A92B0F",
  "Dalamud.xml": "1EECA5D6C44C8E1E399833F7E42A91C9",
  "DalamudCrashHandler.exe": "08D6DE3312375CF6F696AF7247F863A0",
  "FASM-LICENSE.TXT": "ECEA1D10811221D5F0A3E96F9C38E2C7",
  "FASM.DLL": "BEA23A81950B5B57A5DBC14F0B80AAE0",
  "FASMX64.DLL": "46EB01AA56F82E327CF4B8E9F64ED905",
  "FFXIVClientStructs.dll": "E9B1B8495F6ACFAF3E339CBFF879F270",
  "FFXIVClientStructs.xml": "99D52300842511BA998676842AD0B2D7",
  "goaaats.Reloaded.Assembler.targets": "CC22CB0A353E2136EE9E6E96DB9F7164",
  "Iced.dll": "56F3BF1AA9152FF44A3B18E271FFD73C",
  "ImGui.NET.dll": "01D5C8C4FAED5AAC888FFFA17685CF3C",
  "ImGuiScene.dll": "711256627E83E23DA18980628005F169",
  "JetBrains.Annotations.dll": "A12B85338963259F8BD8E5C9012E2077",
  "licenses.txt": "A159BE62AA91178EFC3E3983AE874D1D",
  "Lumina.dll": "3679E174CBEC7F67E0411E0DCEB2EE54",
  "Lumina.Excel.dll": "1DD8BBCC1121E1EBDEA13D336896A8C0",
  "Microsoft.Bcl.HashCode.dll": "613AB56061ADF2284E047025207467E0",
  "Microsoft.DotNet.PlatformAbstractions.dll": "00AB0F02B1114C57C758F5AD595224F1",
  "Microsoft.Extensions.DependencyModel.dll": "F39BC76C10CFEA478C936FC4521A9FC9",
  "MinSharp.dll": "7AAEFDAFB9A79DF22D9491A0F1D56F7A",
  "Mono.Cecil.dll": "77C22F93ED53484B76FB66DBA378D608",
  "Mono.Cecil.Mdb.dll": "9FD45C5BD8DD2C502CE3BD4A48D3E27E",
  "Mono.Cecil.Pdb.dll": "BAF3C0428E6383635DB40325974465C0",
  "Mono.Cecil.Rocks.dll": "7A58DDF41C1D81B95402418ABC9EA6F3",
  "MonoMod.Backports.dll": "120A30A019E1F1DE93767EF3AB0B3421",
  "MonoMod.Core.dll": "5EF6D33DF53D26290805498F6186BD90",
  "MonoMod.Iced.dll": "2330BB77BBB589A9DBB3E6DB9973F326",
  "MonoMod.ILHelpers.dll": "A97E1E7B1BDD9B694194CF8AC9877773",
  "MonoMod.RuntimeDetour.dll": "77274D75D92CD800775298AC7A24419A",
  "MonoMod.Utils.dll": "85586654F92A33310AF64237E1294514",
  "nethost.dll": "012081214FE71F0F6ADCD9F4A71B2B00",
  "Newtonsoft.Json.dll": "86A83A63F12B55FD3718CFBFB577D7DC",
  "PeNet.Asn1.dll": "C76C3BE161B8A996C1C7DC5E15C58A84",
  "PeNet.dll": "307F647643A56A1A5F65BAC1B5A6CDFE",
  "PInvoke.AdvApi32.dll": "34EE461D05B403C3A15D0DEC32A3788C",
  "PInvoke.BCrypt.dll": "FD07758EE1440491F22923084109FF26",
  "PInvoke.Cabinet.dll": "333D950E3804735DA60CC41D614C63E2",
  "PInvoke.CfgMgr32.dll": "768BE7CC18EDCF78B296A72ABE891691",
  "PInvoke.Crypt32.dll": "E7B00B0851738F4A7F2C6D37DAA973B4",
  "PInvoke.DbgHelp.dll": "E701136169620D20E3A70B560DE20E44",
  "PInvoke.DwmApi.dll": "ACF223CC8962404056648815B486F7D9",
  "PInvoke.Gdi32.dll": "69FF434826F98582CE44D3136ECFFACB",
  "PInvoke.Hid.dll": "2E7A41257F8AD9B26073181F450CD8E5",
  "PInvoke.ImageHlp.dll": "79BE816E8D86EA66489D7780DD675D49",
  "PInvoke.IPHlpApi.dll": "E949FA3326D1BA8872B179AB4EE49D38",
  "PInvoke.Kernel32.dll": "234E15B122ED430DE99490CA1A204958",
  "PInvoke.Magnification.dll": "C9EA3D34F506741ECC044DB19C151F09",
  "PInvoke.Msi.dll": "69EE50CE2DA6B55755E52589F49A7EBC",
  "PInvoke.NCrypt.dll": "DA1DE76C14D99370CA3BEF19DC299B15",
  "PInvoke.NetApi32.dll": "AE79F9FA2E3864A5E0642AE4622ECDC5",
  "PInvoke.NewDev.dll": "B3E1992105D986EF9C5C8E4B630FBB07",
  "PInvoke.NTDll.dll": "3F6BDF840EB27DD0FD9EB8071822183A",
  "PInvoke.Ole32.dll": "3C49FB100B60519FFE725BCD12A538F6",
  "PInvoke.Psapi.dll": "A7683EE4B880227F01C8AE632A892B9E",
  "PInvoke.SetupApi.dll": "1B7AE321185D0081D1759A9AD829F9BA",
  "PInvoke.SHCore.dll": "F27E7F063D51480F6D2294C903E4A606",
  "PInvoke.Shell32.dll": "F71A1BCAF6478190691170DAEA77722F",
  "PInvoke.User32.dll": "8BEDE38311ED4F27127290B81B8079FD",
  "PInvoke.Userenv.dll": "FEB7BCA90B8C905EC2F4BB0789847131",
  "PInvoke.UxTheme.dll": "8E683C016250CB719FDB9AAAFC22B3C5",
  "PInvoke.Windows.Core.dll": "90015440A44935208FFEA9BF61740651",
  "PInvoke.Windows.ShellScalingApi.dll": "F351B34B8C9183A51CADFDC279357C49",
  "PInvoke.WinUsb.dll": "9EB8A0280F2848D1A32B560A939F7336",
  "PInvoke.WtsApi32.dll": "341C94455D2E5893DBE4293D4D67AA4D",
  "Reloaded.Assembler.dll": "5E5B5360360BDFCACBEC8FA70D71AED9",
  "Reloaded.Hooks.Definitions.dll": "029AB1FD0C1A0FF7BDCF4FB0D3F7EE93",
  "Reloaded.Hooks.dll": "891EA7FF682BDF3C35EAE75CB9CD1474",
  "Reloaded.Memory.Buffers.dll": "3106EAC4E413D8C19176BB83ADF5E8D4",
  "Reloaded.Memory.dll": "6FF031F2F3A93B9F22380CFFCD40C925",
  "revision.txt": "A5FF5D4B0A0D7B3E4D64147037D8C344",
  "SDL2-CS.config": "65557595FD5DF55D93B2BF881DE62C3A",
  "SDL2-CS.dll": "2AFAE723FA89C8B58CE3D3722C9CD7CC",
  "Serilog.dll": "B4FABCC2177B8C07F41EF579D4567EAD",
  "Serilog.Sinks.Async.dll": "E6AFB6E2E5F4C78551363D27E1255D0C",
  "Serilog.Sinks.Console.dll": "9A186481E6236B44BFC93FFB518EAD85",
  "Serilog.Sinks.File.dll": "DF7039EEAD8014FF311591A0315F4DFB",
  "SharpDX.Direct3D11.dll": "895F64196D7B020F9209D6CBA1AF04CA",
  "SharpDX.dll": "51DCCD4EF7A2633760D356D36F66C024",
  "SharpDX.DXGI.dll": "49AAD3840C2B854861FDEC04D9B4D166",
  "SharpDX.Mathematics.dll": "1BD508407C6934A8F4A5466A8165197C",
  "Silk.NET.Core.dll": "8B44804D033E4ED97FA8C0FAF914BAAC",
  "Silk.NET.GLFW.dll": "DBC3608B0561FF42B7CE51403E5EDC35",
  "Silk.NET.Maths.dll": "A02E8733D5CF8822005092A6D9205E75",
  "Silk.NET.OpenGL.dll": "FAA6B561342921E436DFEAD70E0355CD",
  "Silk.NET.SDL.dll": "697D2627B1196492D3EEA9559F0F01F0",
  "Silk.NET.Windowing.Common.dll": "3F165AFFE1F1963A7D1D8AAA8E2A7382",
  "Silk.NET.Windowing.Glfw.dll": "A63C9F5AFD7E48B58D8D7D8854F9833F",
  "Silk.NET.Windowing.Sdl.dll": "D9A87AE682B84C276BA624B4812AB5C4",
  "StbiSharp.dll": "485A303EAD006EB7C16B3C5FA065DDBA",
  "System.Reactive.dll": "EF5A00287AD15393D41B12AA4B726FF7",
  "System.Reflection.MetadataLoadContext.dll": "7EC41D41F4E1246757BA3E2EC862D562",
  "System.Security.Cryptography.Pkcs.dll": "8950E01996A37E808BE3F39063C37BF9",
  "TEMP_gitver.txt": "1419636698E9DEC689EFF29FB72B0618",
  "Validation.dll": "FACC6D80A8ADBBF91C354D68217F3E90"
}
