{
  "runtimes\\alpine-x64\\native\\libe_sqlite3.so": "39C244FEDBCD3DFC37041D4FCE1AE21D",
  "runtimes\\linux-arm\\native\\libe_sqlite3.so": "96CF54BC0EFB83D6E3F5F3E04997A59D",
  "runtimes\\linux-arm64\\native\\libe_sqlite3.so": "F079E55E7F3F9966A4A2052A3234E068",
  "runtimes\\linux-armel\\native\\libe_sqlite3.so": "C5A67D49434FC65D64E9C15778078C76",
  "runtimes\\linux-mips64\\native\\libe_sqlite3.so": "5F8461214089CFC677D46C19B7162161",
  "runtimes\\linux-musl-x64\\native\\libe_sqlite3.so": "39C244FEDBCD3DFC37041D4FCE1AE21D",
  "runtimes\\linux-x64\\native\\libe_sqlite3.so": "6F49C540D3AB9964D67A4A704C3D262D",
  "runtimes\\linux-x64\\native\\libglfw.so.3": "9E3137144F68B9E9793F4C7AD5B1BEA7",
  "runtimes\\linux-x64\\native\\libSDL2-2.0.so": "99B95A708381FC66AB2370E45A260527",
  "runtimes\\linux-x64\\native\\libstbi.so": "0945355ED59677D06E3E88F48101BB26",
  "runtimes\\linux-x86\\native\\libe_sqlite3.so": "5E0659B414CBD6DDC38C65582485853E",
  "runtimes\\osx-x64\\native\\libe_sqlite3.dylib": "F82AE134FCD1C080A69D775591406673",
  "runtimes\\osx-x64\\native\\libglfw.3.dylib": "1E30FAB2F0C40E82290AD4B0BF14A880",
  "runtimes\\osx-x64\\native\\libSDL2-2.0.dylib": "AAC958490586C67395F0A90903AE3747",
  "runtimes\\osx-x64\\native\\libstbi.dylib": "0B84B0A6A80178266018081C3CAB68E6",
  "runtimes\\win-arm\\native\\e_sqlite3.dll": "926132D1F59472BC907839F8CC9444B8",
  "runtimes\\win-arm64\\native\\e_sqlite3.dll": "1A2E1981E8AC6C0CA06CABE321C4EABC",
  "runtimes\\win-x64\\native\\e_sqlite3.dll": "DE8F8B6FAA889B306F2F3BA190C5380D",
  "runtimes\\win-x64\\native\\glfw3.dll": "6CC16D75017989C517CAF9FCD52CBCFE",
  "runtimes\\win-x64\\native\\minhook.x64d.dll": "CCC8BAC0CC33D8D26183964D8CC1E080",
  "runtimes\\win-x64\\native\\SDL2.dll": "454A75840E620704AE0A28B43AC869D4",
  "runtimes\\win-x64\\native\\stbi.dll": "AAD731B4164D5D4E906044A89ABB9CD6",
  "runtimes\\win-x64\\native\\stbi.lib": "927C214DE576219E1F80DBE7798A0502",
  "runtimes\\win-x86\\native\\e_sqlite3.dll": "40C04A6D09E94B64BC2D021DB3E5BF5A",
  "runtimes\\win-x86\\native\\glfw3.dll": "476C2021998E6FE6B801DA80AA5952E3",
  "runtimes\\win-x86\\native\\SDL2.dll": "805B76E2C66DEA0A72485410B6083E3A",
  "targets\\Dalamud.Plugin.Bootstrap.targets": "C85635161398CD9852CF7212DB7EB904",
  "targets\\Dalamud.Plugin.targets": "69D15EDFB3D4F0BEE3A099216E4DE057",
  "BitFaster.Caching.dll": "0A662A932E3100EDD72337A87BE303C1",
  "CheapLoc.dll": "B2EAC8FDE2AFFB4A3D067FACACDF7E8D",
  "cimgui.dll": "004D8FC5C04EEDB027E1BE0C51CE464E",
  "cimguizmo.dll": "64E122D4C9B88D51A1FEE19EA4226A9E",
  "cimplot.dll": "C5857FDC92CB5FA85338E643CF97D64F",
  "commit_hash.txt": "77085106666517FF1FCF3EA8E14EB2D0",
  "Dalamud.Boot.dll": "26171260B9200388317DC3BC10C84234",
  "Dalamud.Common.dll": "F6AE8664644FF2ACCFF5A5BCA2F96395",
  "Dalamud.deps.json": "471D4619710481BF323CCD4050D1616E",
  "Dalamud.dll": "220BAB1721C3847210D551902CE566D0",
  "Dalamud.Injector.deps.json": "E30B9BD40106FFC14A5274A670979EDF",
  "Dalamud.Injector.dll": "CD3C3556DEC7B95178C995EF2B16A1CC",
  "Dalamud.Injector.exe": "1AA42BD71330EEFE9532D26451E26D8E",
  "Dalamud.Injector.runtimeconfig.json": "B9BB65FFE7924D4D8BABE9FA66303200",
  "Dalamud.Injector.xml": "D41E5DF541D19A015215E777D7395C9C",
  "Dalamud.runtimeconfig.json": "2A9CD915428BDD175E0889BD0C225F75",
  "Dalamud.xml": "73173E9245C70A9117C7E7FB5A9C23F9",
  "DalamudCrashHandler.exe": "AEB37E8F871682F3306ADE9F1F3D1B0C",
  "FASM-LICENSE.TXT": "ECEA1D10811221D5F0A3E96F9C38E2C7",
  "FASM.DLL": "29AC5514099091675D6DF655AD85A355",
  "FASMX64.DLL": "0330DBBBC07D55E6C4B65DDBECCE3446",
  "FFXIVClientStructs.dll": "FAEB3F85F05F4818CC2681C82E8E372C",
  "FFXIVClientStructs.xml": "713689767F45D705BC91A09E21C9FF09",
  "goaaats.Reloaded.Assembler.targets": "CC22CB0A353E2136EE9E6E96DB9F7164",
  "Iced.dll": "6950A5A45F5D25FF6FE2F10E60BA1A09",
  "ImGui.NET.dll": "47B8FE1BE83D2ADBB785CF240EEE6875",
  "ImGuiScene.dll": "E55D882B850A3BFE3F5CCBE7EC36240A",
  "InteropGenerator.Runtime.dll": "0E2CAC0BEAFACD8898E55764196049BE",
  "JetBrains.Annotations.dll": "5B345206ED031515A9E005599B4110D2",
  "licenses.txt": "A159BE62AA91178EFC3E3983AE874D1D",
  "Lumina.dll": "772063B689A7155A2D29EAF9361138B4",
  "Lumina.Excel.dll": "29DD9C80FE0F8A1E42637A7A6CBFF845",
  "Microsoft.Bcl.HashCode.dll": "613AB56061ADF2284E047025207467E0",
  "Microsoft.DotNet.PlatformAbstractions.dll": "00AB0F02B1114C57C758F5AD595224F1",
  "Microsoft.Extensions.DependencyModel.dll": "F39BC76C10CFEA478C936FC4521A9FC9",
  "Microsoft.Extensions.ObjectPool.dll": "FEE3CE8A84417360CC5ED787ED6F7DB1",
  "MinSharp.dll": "A00421DB82B8BA7F960FFFB511EBA7F1",
  "Mono.Cecil.dll": "167C079E308119CA3193A08589A15876",
  "Mono.Cecil.Mdb.dll": "6A79E7F68F8400B3B36B87B3901D66BF",
  "Mono.Cecil.Pdb.dll": "EDE5092CB15AED046D66D04C1E4349FA",
  "Mono.Cecil.Rocks.dll": "0A4D9F4889D32AC561E3DB9ACE5C46EE",
  "nethost.dll": "21F39F71E2F4B5BA9FB3F126872F2F9B",
  "Newtonsoft.Json.dll": "ADF3E3EECDE20B7C9661E9C47106A14A",
  "PeNet.Asn1.dll": "23623647A37ABDB9043A186A3EE4B927",
  "PeNet.dll": "1386E225BE1467E0682ED4514E03BF55",
  "PInvoke.AdvApi32.dll": "34EE461D05B403C3A15D0DEC32A3788C",
  "PInvoke.BCrypt.dll": "FD07758EE1440491F22923084109FF26",
  "PInvoke.Cabinet.dll": "333D950E3804735DA60CC41D614C63E2",
  "PInvoke.CfgMgr32.dll": "768BE7CC18EDCF78B296A72ABE891691",
  "PInvoke.Crypt32.dll": "E7B00B0851738F4A7F2C6D37DAA973B4",
  "PInvoke.DbgHelp.dll": "E701136169620D20E3A70B560DE20E44",
  "PInvoke.DwmApi.dll": "ACF223CC8962404056648815B486F7D9",
  "PInvoke.Gdi32.dll": "69FF434826F98582CE44D3136ECFFACB",
  "PInvoke.Hid.dll": "2E7A41257F8AD9B26073181F450CD8E5",
  "PInvoke.ImageHlp.dll": "79BE816E8D86EA66489D7780DD675D49",
  "PInvoke.IPHlpApi.dll": "E949FA3326D1BA8872B179AB4EE49D38",
  "PInvoke.Kernel32.dll": "234E15B122ED430DE99490CA1A204958",
  "PInvoke.Magnification.dll": "C9EA3D34F506741ECC044DB19C151F09",
  "PInvoke.Msi.dll": "69EE50CE2DA6B55755E52589F49A7EBC",
  "PInvoke.NCrypt.dll": "DA1DE76C14D99370CA3BEF19DC299B15",
  "PInvoke.NetApi32.dll": "AE79F9FA2E3864A5E0642AE4622ECDC5",
  "PInvoke.NewDev.dll": "B3E1992105D986EF9C5C8E4B630FBB07",
  "PInvoke.NTDll.dll": "3F6BDF840EB27DD0FD9EB8071822183A",
  "PInvoke.Ole32.dll": "3C49FB100B60519FFE725BCD12A538F6",
  "PInvoke.Psapi.dll": "A7683EE4B880227F01C8AE632A892B9E",
  "PInvoke.SetupApi.dll": "1B7AE321185D0081D1759A9AD829F9BA",
  "PInvoke.SHCore.dll": "F27E7F063D51480F6D2294C903E4A606",
  "PInvoke.Shell32.dll": "F71A1BCAF6478190691170DAEA77722F",
  "PInvoke.User32.dll": "8BEDE38311ED4F27127290B81B8079FD",
  "PInvoke.Userenv.dll": "FEB7BCA90B8C905EC2F4BB0789847131",
  "PInvoke.UxTheme.dll": "8E683C016250CB719FDB9AAAFC22B3C5",
  "PInvoke.Windows.Core.dll": "90015440A44935208FFEA9BF61740651",
  "PInvoke.Windows.ShellScalingApi.dll": "F351B34B8C9183A51CADFDC279357C49",
  "PInvoke.WinUsb.dll": "9EB8A0280F2848D1A32B560A939F7336",
  "PInvoke.WtsApi32.dll": "341C94455D2E5893DBE4293D4D67AA4D",
  "Reloaded.Assembler.dll": "48868322DF798A274BB19F4856CAFA30",
  "Reloaded.Hooks.Definitions.dll": "C8A5A107922892122FC79308DBCEBCF5",
  "Reloaded.Hooks.dll": "A2E3D034FE3DD747627A80B385B2D875",
  "Reloaded.Memory.Buffers.dll": "B888C53F3DC9690BB92DDFF31630E5D7",
  "Reloaded.Memory.dll": "E06F77A8BE9BFCCA1F1F4A9E037A77F8",
  "revision.txt": "16DE63B2DF373D5A9DA881C8A1C58794",
  "SDL2-CS.config": "65557595FD5DF55D93B2BF881DE62C3A",
  "SDL2-CS.dll": "9C9E1F5D7F3106211A01D1D4A3B9BAAE",
  "Serilog.dll": "DAB3B87CFF081A6F064B985F4F1ECC17",
  "Serilog.Sinks.Async.dll": "D59B2109C14F81D27ACD04F0EA243F66",
  "Serilog.Sinks.Console.dll": "F2AC2FA6ABB37FD1E6A5B4E1B080644E",
  "Serilog.Sinks.File.dll": "5E3E9D088824C3643E024A6AEAE45018",
  "SharpDX.Direct3D11.dll": "B1129DD040B8DB926B81DC10B7A38626",
  "SharpDX.dll": "818171E972846F5626D2642B4A9DCBDA",
  "SharpDX.DXGI.dll": "FB53697EC82C78FFC4B6CB1F1B1AC891",
  "SharpDX.Mathematics.dll": "18B7940564C8A57DC04905AB6A352C5B",
  "Silk.NET.Core.dll": "66ADBDF1CAFC8886B8227DD5DD6CB49F",
  "Silk.NET.GLFW.dll": "63EAF5C2C71D2B8C0A3C3B9A9DBAD3D1",
  "Silk.NET.Maths.dll": "630411330CDA26B3823918FDA1EE3F29",
  "Silk.NET.OpenGL.dll": "D305A796830155283765A81928C371D9",
  "Silk.NET.SDL.dll": "2D15F3FCBE231E0E9AA85904B0F71282",
  "Silk.NET.Windowing.Common.dll": "49E36A8A30DE339422CD39C6AFA9D9A6",
  "Silk.NET.Windowing.Glfw.dll": "8D94D4B5B901ADA883E12A9776B6CC32",
  "Silk.NET.Windowing.Sdl.dll": "11F918C7C4FEA6294E7F1ED283FE068D",
  "SQLite-net.dll": "92DCEB3C5496C8139E77F7760ABBFFC2",
  "SQLitePCLRaw.batteries_v2.dll": "5FDCCD3C3F15C30DB5124591B6471CDA",
  "SQLitePCLRaw.core.dll": "98EF6D2541E4684BBF4E296DF7661E1E",
  "SQLitePCLRaw.nativelibrary.dll": "E4CFF96D069F7A9DA8510A8A34557424",
  "SQLitePCLRaw.provider.dynamic_cdecl.dll": "9F6322E2995B78C65C8AFDAFF8D9F57E",
  "StbiSharp.dll": "2E43EAEB07CCA21DA851D4E4B83B963A",
  "System.Reactive.dll": "EF5A00287AD15393D41B12AA4B726FF7",
  "System.Reflection.MetadataLoadContext.dll": "E88E3AF6D37736F339022C9ACC5F2F7B",
  "System.Security.Cryptography.Pkcs.dll": "8950E01996A37E808BE3F39063C37BF9",
  "TEMP_gitver.txt": "EFB830208A02F538308220A94806F99C",
  "TerraFX.Interop.Windows.dll": "84F7EF6B0DE91F8CC23F773D3FD6DEC0",
  "Validation.dll": "F5345861A2CF5DF43AF3F95128C7F9C9"
}
