{
  "runtimes\\alpine-x64\\native\\libe_sqlite3.so": "39C244FEDBCD3DFC37041D4FCE1AE21D",
  "runtimes\\linux-arm\\native\\libe_sqlite3.so": "96CF54BC0EFB83D6E3F5F3E04997A59D",
  "runtimes\\linux-arm64\\native\\libe_sqlite3.so": "F079E55E7F3F9966A4A2052A3234E068",
  "runtimes\\linux-armel\\native\\libe_sqlite3.so": "C5A67D49434FC65D64E9C15778078C76",
  "runtimes\\linux-mips64\\native\\libe_sqlite3.so": "5F8461214089CFC677D46C19B7162161",
  "runtimes\\linux-musl-x64\\native\\libe_sqlite3.so": "39C244FEDBCD3DFC37041D4FCE1AE21D",
  "runtimes\\linux-x64\\native\\libe_sqlite3.so": "6F49C540D3AB9964D67A4A704C3D262D",
  "runtimes\\linux-x64\\native\\libglfw.so.3": "9E3137144F68B9E9793F4C7AD5B1BEA7",
  "runtimes\\linux-x64\\native\\libSDL2-2.0.so": "99B95A708381FC66AB2370E45A260527",
  "runtimes\\linux-x64\\native\\libstbi.so": "0945355ED59677D06E3E88F48101BB26",
  "runtimes\\linux-x86\\native\\libe_sqlite3.so": "5E0659B414CBD6DDC38C65582485853E",
  "runtimes\\osx-x64\\native\\libe_sqlite3.dylib": "F82AE134FCD1C080A69D775591406673",
  "runtimes\\osx-x64\\native\\libglfw.3.dylib": "1E30FAB2F0C40E82290AD4B0BF14A880",
  "runtimes\\osx-x64\\native\\libSDL2-2.0.dylib": "AAC958490586C67395F0A90903AE3747",
  "runtimes\\osx-x64\\native\\libstbi.dylib": "0B84B0A6A80178266018081C3CAB68E6",
  "runtimes\\win-arm\\native\\e_sqlite3.dll": "F243086E8EC74AA7BE98921683A11C04",
  "runtimes\\win-arm64\\native\\e_sqlite3.dll": "2E1D879524427A9A946E98CD7A65FD26",
  "runtimes\\win-x64\\native\\cimgui.dll": "9BF27324B578FB1F57947BDB6A08DF4B",
  "runtimes\\win-x64\\native\\cimguizmo.dll": "770340064ED739CA6CA7DB0B4D377187",
  "runtimes\\win-x64\\native\\cimplot.dll": "17F197A107A9A4C779DDED14B2BAB902",
  "runtimes\\win-x64\\native\\e_sqlite3.dll": "661A8E72489E57CDBF143522D432F6F1",
  "runtimes\\win-x64\\native\\glfw3.dll": "64A2DBAB66F9DE21AD3FCD6DDE93A041",
  "runtimes\\win-x64\\native\\minhook.x64d.dll": "BBD1034974A45C4AFD2FDE0ACA47D9FB",
  "runtimes\\win-x64\\native\\SDL2.dll": "8153311BAB4967065FF37797072F690D",
  "runtimes\\win-x64\\native\\stbi.dll": "A74591706A968FD6284D8D6D12AC85C1",
  "runtimes\\win-x64\\native\\stbi.lib": "927C214DE576219E1F80DBE7798A0502",
  "runtimes\\win-x86\\native\\e_sqlite3.dll": "673BA332DCC3391032E240CFECF2D54E",
  "runtimes\\win-x86\\native\\glfw3.dll": "FAA811A94C03D102BCB3E64B6A06D1C9",
  "runtimes\\win-x86\\native\\SDL2.dll": "C45C3B9C6286A7DF1A965CC543177AD0",
  "targets\\Dalamud.Plugin.Bootstrap.targets": "C85635161398CD9852CF7212DB7EB904",
  "targets\\Dalamud.Plugin.targets": "E2AA900DB1F6596D1C203D4112A10F5E",
  "CheapLoc.dll": "DA9350E59F97B30DF4517922A26F261F",
  "Costura.dll": "F77B1995421FC10FE5BDE42537734F22",
  "Dalamud.Boot.dll": "58DE55B77C8522303DC91F7D8B45C708",
  "Dalamud.Common.dll": "605DD2E1C08D94F4346938C988FA370A",
  "Dalamud.deps.json": "FB9CE5ED119DC72AA6FCD7A13B9CB96A",
  "Dalamud.dll": "04F49052D69531F8FC60D7DDE34F6F70",
  "Dalamud.Injector.deps.json": "C1FA0941DC8B38E415776C60C508AAB9",
  "Dalamud.Injector.dll": "EE75DE69C4F25FBC13A03CB9799983EB",
  "Dalamud.Injector.exe": "2212E9F4D442DD888C82D20858054919",
  "Dalamud.Injector.runtimeconfig.json": "B9BB65FFE7924D4D8BABE9FA66303200",
  "Dalamud.Injector.xml": "D41E5DF541D19A015215E777D7395C9C",
  "Dalamud.runtimeconfig.json": "2A9CD915428BDD175E0889BD0C225F75",
  "Dalamud.xml": "C76FECB4523A8CD2A9F664014033C7F7",
  "DalamudCrashHandler.exe": "DE9E4553B7BBB05ECA6420D529F6E6ED",
  "FASM-LICENSE.TXT": "ECEA1D10811221D5F0A3E96F9C38E2C7",
  "FASM.DLL": "3AC1439C5A2E3229DBF35D6DBE500E50",
  "FASMX64.DLL": "3BE934EFD3DF123461CB0DD0E491A258",
  "FFXIVClientStructs.dll": "367F3D22B11576A16574B380B16A9BFE",
  "FFXIVClientStructs.xml": "E19E8A3769165D4C4159D276B5CDEF57",
  "goaaats.Reloaded.Assembler.targets": "CC22CB0A353E2136EE9E6E96DB9F7164",
  "Iced.dll": "B580486617726159FB1E47A2ED353C7B",
  "ImGui.NET.dll": "337561A326F8159895ADB30697D603E0",
  "ImGuiScene.dll": "9E45AE7B6269EF7868F73CB97104D7A4",
  "JetBrains.Annotations.dll": "D86BEAC47A4D25C945C0BE44F1F41CA8",
  "licenses.txt": "A159BE62AA91178EFC3E3983AE874D1D",
  "Lumina.dll": "F8D7DF66A78CB855C5A935B6B2E65E90",
  "Lumina.Excel.dll": "111110AC2D6AB1B36B34D3E1F86725D0",
  "Microsoft.Bcl.HashCode.dll": "613AB56061ADF2284E047025207467E0",
  "Microsoft.DotNet.PlatformAbstractions.dll": "00AB0F02B1114C57C758F5AD595224F1",
  "Microsoft.Extensions.DependencyModel.dll": "F39BC76C10CFEA478C936FC4521A9FC9",
  "Microsoft.Extensions.ObjectPool.dll": "FEE3CE8A84417360CC5ED787ED6F7DB1",
  "MinSharp.dll": "8B61EFFF579CDBFBFE1963E44A758ADF",
  "Mono.Cecil.dll": "19299F55ECF09EC277A49822E1D2A3BA",
  "Mono.Cecil.Mdb.dll": "46D7F8850562DA8884A1B0C48235F9EE",
  "Mono.Cecil.Pdb.dll": "31D015542E9348A6D3580A807A35A81E",
  "Mono.Cecil.Rocks.dll": "ADB17470A9D18D26B2E0370EA5679D98",
  "nethost.dll": "012081214FE71F0F6ADCD9F4A71B2B00",
  "Newtonsoft.Json.dll": "86A83A63F12B55FD3718CFBFB577D7DC",
  "PeNet.Asn1.dll": "7E302CB304F1D3023FEF9A2291E15A1D",
  "PeNet.dll": "E8D712DEAA1B63FAC49BE0CBB2805800",
  "PInvoke.AdvApi32.dll": "34EE461D05B403C3A15D0DEC32A3788C",
  "PInvoke.BCrypt.dll": "FD07758EE1440491F22923084109FF26",
  "PInvoke.Cabinet.dll": "333D950E3804735DA60CC41D614C63E2",
  "PInvoke.CfgMgr32.dll": "768BE7CC18EDCF78B296A72ABE891691",
  "PInvoke.Crypt32.dll": "E7B00B0851738F4A7F2C6D37DAA973B4",
  "PInvoke.DbgHelp.dll": "E701136169620D20E3A70B560DE20E44",
  "PInvoke.DwmApi.dll": "ACF223CC8962404056648815B486F7D9",
  "PInvoke.Gdi32.dll": "69FF434826F98582CE44D3136ECFFACB",
  "PInvoke.Hid.dll": "2E7A41257F8AD9B26073181F450CD8E5",
  "PInvoke.ImageHlp.dll": "79BE816E8D86EA66489D7780DD675D49",
  "PInvoke.IPHlpApi.dll": "E949FA3326D1BA8872B179AB4EE49D38",
  "PInvoke.Kernel32.dll": "234E15B122ED430DE99490CA1A204958",
  "PInvoke.Magnification.dll": "C9EA3D34F506741ECC044DB19C151F09",
  "PInvoke.Msi.dll": "69EE50CE2DA6B55755E52589F49A7EBC",
  "PInvoke.NCrypt.dll": "DA1DE76C14D99370CA3BEF19DC299B15",
  "PInvoke.NetApi32.dll": "AE79F9FA2E3864A5E0642AE4622ECDC5",
  "PInvoke.NewDev.dll": "B3E1992105D986EF9C5C8E4B630FBB07",
  "PInvoke.NTDll.dll": "3F6BDF840EB27DD0FD9EB8071822183A",
  "PInvoke.Ole32.dll": "3C49FB100B60519FFE725BCD12A538F6",
  "PInvoke.Psapi.dll": "A7683EE4B880227F01C8AE632A892B9E",
  "PInvoke.SetupApi.dll": "1B7AE321185D0081D1759A9AD829F9BA",
  "PInvoke.SHCore.dll": "F27E7F063D51480F6D2294C903E4A606",
  "PInvoke.Shell32.dll": "F71A1BCAF6478190691170DAEA77722F",
  "PInvoke.User32.dll": "8BEDE38311ED4F27127290B81B8079FD",
  "PInvoke.Userenv.dll": "FEB7BCA90B8C905EC2F4BB0789847131",
  "PInvoke.UxTheme.dll": "8E683C016250CB719FDB9AAAFC22B3C5",
  "PInvoke.Windows.Core.dll": "90015440A44935208FFEA9BF61740651",
  "PInvoke.Windows.ShellScalingApi.dll": "F351B34B8C9183A51CADFDC279357C49",
  "PInvoke.WinUsb.dll": "9EB8A0280F2848D1A32B560A939F7336",
  "PInvoke.WtsApi32.dll": "341C94455D2E5893DBE4293D4D67AA4D",
  "Reloaded.Assembler.dll": "E1B671CEAF5F66EE1E4CEEB762A31DC8",
  "Reloaded.Hooks.Definitions.dll": "C01835EDA3F7164315A3042C1DEC7926",
  "Reloaded.Hooks.dll": "80D9230147B69FFDDF1CF885B9C7167D",
  "Reloaded.Memory.Buffers.dll": "DDE35AD9CBA986B8046E696BCB79E349",
  "Reloaded.Memory.dll": "F2A65CCC3440677AF11F2902ACD1B1BE",
  "revision.txt": "EE39E503B6BEDF0C98C388B7E8589ACA",
  "SDL2-CS.config": "65557595FD5DF55D93B2BF881DE62C3A",
  "SDL2-CS.dll": "4BF298BFBFCC725149847344F07E5C03",
  "Serilog.dll": "4E2F7C6D9349ACE58C5B9ACFB1A70BA8",
  "Serilog.Sinks.Async.dll": "E3146D7C6E178B52799E172F2C701EFA",
  "Serilog.Sinks.Console.dll": "6549DB5D5169D42F5942E48C3471921E",
  "Serilog.Sinks.File.dll": "F9E3231E599A8847B5DD35280DE11594",
  "SharpDX.Direct3D11.dll": "D4B46D5B8EE3126CC0F4EDA82F97682A",
  "SharpDX.dll": "ADBCA44278EB4E4233DBF9020DCA6782",
  "SharpDX.DXGI.dll": "E3A3DD3094E92FCFB752331BDB47C344",
  "SharpDX.Mathematics.dll": "3AFA170F57DCA7F750A87D8AA37ABB15",
  "Silk.NET.Core.dll": "A5D8AC18FB8A8EF5596223622EC56E67",
  "Silk.NET.GLFW.dll": "7BBF3EFD4585EE2DD47C281E8BE96E9F",
  "Silk.NET.Maths.dll": "F175D49799A0B2AF71EBACB9169B30EF",
  "Silk.NET.OpenGL.dll": "9409BFD5F1A734B585F1FC5B00D7684F",
  "Silk.NET.SDL.dll": "75321B5E85936F90F3529AC1A4BA37BC",
  "Silk.NET.Windowing.Common.dll": "7E593ABD2D78B56FBD5A6743B43495C5",
  "Silk.NET.Windowing.Glfw.dll": "C1F7E242D897C8CD70F465198DD98B13",
  "Silk.NET.Windowing.Sdl.dll": "7A14A06022AEFE8B89825B6783692A61",
  "SQLite-net.dll": "61CE10D623EFE0321D29E9B29C94BE7E",
  "SQLitePCLRaw.batteries_v2.dll": "BCA0D1F82E585760D14FE616FD36C7FD",
  "SQLitePCLRaw.core.dll": "4A69C02EEAAFCD86CC4C529D45B726C4",
  "SQLitePCLRaw.nativelibrary.dll": "42951A3CA62F3DEF6E95D973E7697E64",
  "SQLitePCLRaw.provider.dynamic_cdecl.dll": "3AF353746DE19EB59BF0C3D186DAFA7D",
  "StbiSharp.dll": "E697AADBE83D83A2033FB8F142691F3F",
  "System.Reactive.dll": "EF5A00287AD15393D41B12AA4B726FF7",
  "System.Reflection.MetadataLoadContext.dll": "7EC41D41F4E1246757BA3E2EC862D562",
  "System.Security.Cryptography.Pkcs.dll": "8950E01996A37E808BE3F39063C37BF9",
  "TEMP_gitver.txt": "40EE79B567AA1BCFBE5B8CF83F76ED16",
  "TerraFX.Interop.Windows.dll": "84F7EF6B0DE91F8CC23F773D3FD6DEC0",
  "Validation.dll": "7926E4F022998638AD1523CAD6EFE460"
}
