{
  "runtimes\\alpine-x64\\native\\libe_sqlite3.so": "39C244FEDBCD3DFC37041D4FCE1AE21D",
  "runtimes\\linux-arm\\native\\libe_sqlite3.so": "96CF54BC0EFB83D6E3F5F3E04997A59D",
  "runtimes\\linux-arm64\\native\\libe_sqlite3.so": "F079E55E7F3F9966A4A2052A3234E068",
  "runtimes\\linux-armel\\native\\libe_sqlite3.so": "C5A67D49434FC65D64E9C15778078C76",
  "runtimes\\linux-mips64\\native\\libe_sqlite3.so": "5F8461214089CFC677D46C19B7162161",
  "runtimes\\linux-musl-x64\\native\\libe_sqlite3.so": "39C244FEDBCD3DFC37041D4FCE1AE21D",
  "runtimes\\linux-x64\\native\\libe_sqlite3.so": "6F49C540D3AB9964D67A4A704C3D262D",
  "runtimes\\linux-x64\\native\\libglfw.so.3": "9E3137144F68B9E9793F4C7AD5B1BEA7",
  "runtimes\\linux-x64\\native\\libSDL2-2.0.so": "99B95A708381FC66AB2370E45A260527",
  "runtimes\\linux-x64\\native\\libstbi.so": "0945355ED59677D06E3E88F48101BB26",
  "runtimes\\linux-x86\\native\\libe_sqlite3.so": "5E0659B414CBD6DDC38C65582485853E",
  "runtimes\\osx-x64\\native\\libe_sqlite3.dylib": "F82AE134FCD1C080A69D775591406673",
  "runtimes\\osx-x64\\native\\libglfw.3.dylib": "1E30FAB2F0C40E82290AD4B0BF14A880",
  "runtimes\\osx-x64\\native\\libSDL2-2.0.dylib": "AAC958490586C67395F0A90903AE3747",
  "runtimes\\osx-x64\\native\\libstbi.dylib": "0B84B0A6A80178266018081C3CAB68E6",
  "runtimes\\win-arm\\native\\e_sqlite3.dll": "11CA7FD04987A8DF87526CD94CC235B9",
  "runtimes\\win-arm64\\native\\e_sqlite3.dll": "AA849D52E81CC4F1CE6206A2793D74A6",
  "runtimes\\win-x64\\native\\cimgui.dll": "96329CD3557EBBDBCE2B84A268B90CF5",
  "runtimes\\win-x64\\native\\cimguizmo.dll": "60BDD6A8CB8B231F26F126553539F58E",
  "runtimes\\win-x64\\native\\cimplot.dll": "B12A2B4462CE6FC50289FC8AC42E4DEA",
  "runtimes\\win-x64\\native\\e_sqlite3.dll": "26F50D477CA4502A29FCA1A0C7EC6CBF",
  "runtimes\\win-x64\\native\\glfw3.dll": "7870F1C3335AAC71615D128EC2D378FD",
  "runtimes\\win-x64\\native\\minhook.x64d.dll": "54B552F9B3F486CC1B21ACFE9C10BAAA",
  "runtimes\\win-x64\\native\\SDL2.dll": "F1E088EDB20A658C0CDFFDD46620C527",
  "runtimes\\win-x64\\native\\stbi.dll": "A07A0C67FE9789D6D0205065A1964845",
  "runtimes\\win-x64\\native\\stbi.lib": "927C214DE576219E1F80DBE7798A0502",
  "runtimes\\win-x86\\native\\e_sqlite3.dll": "E716F87B6326BA2491646391EF2119C0",
  "runtimes\\win-x86\\native\\glfw3.dll": "DDEECDDDEFBE13620DA718A6D48843E9",
  "runtimes\\win-x86\\native\\SDL2.dll": "45C0DAE08DF62E36EA681F2D0924AF3A",
  "targets\\Dalamud.Plugin.Bootstrap.targets": "C85635161398CD9852CF7212DB7EB904",
  "targets\\Dalamud.Plugin.targets": "DDD731601C06B16E10CF2F8990452A27",
  "BitFaster.Caching.dll": "2E9EC6CBE23D7FB3683D6F9F5DD2E80A",
  "CheapLoc.dll": "87A01D9EF4EBB8A010FD47A43D341502",
  "commit_hash.txt": "0FE216F97B3A307B46669E5BCB7A2ADC",
  "Costura.dll": "4088AE0C1953179E52903DB9FD398536",
  "Dalamud.Boot.dll": "345FB64E5D3364F42D8EC37D053DAE63",
  "Dalamud.Common.dll": "FFACF2F251C315A68FBDC02AA5FFA36F",
  "Dalamud.deps.json": "5CA3392F3483441AE3198EC7FE9FD679",
  "Dalamud.dll": "2F2576DFCC6FB8345E1D8247EA5828B0",
  "Dalamud.Injector.deps.json": "E30B9BD40106FFC14A5274A670979EDF",
  "Dalamud.Injector.dll": "6AF68B46143254F927F39998324640FA",
  "Dalamud.Injector.exe": "31DFC50D055BA133DEF642D8E281E3BB",
  "Dalamud.Injector.runtimeconfig.json": "B9BB65FFE7924D4D8BABE9FA66303200",
  "Dalamud.Injector.xml": "D41E5DF541D19A015215E777D7395C9C",
  "Dalamud.runtimeconfig.json": "2A9CD915428BDD175E0889BD0C225F75",
  "Dalamud.xml": "02E1251539FC81DCDFB6473AAFE83045",
  "DalamudCrashHandler.exe": "8B5C7D2BF6D33382F47F83D05342C007",
  "FASM-LICENSE.TXT": "ECEA1D10811221D5F0A3E96F9C38E2C7",
  "FASM.DLL": "CC166849DB0598C47F053511DDBF5A04",
  "FASMX64.DLL": "089D8723B32A2936E913F6D588B3F80A",
  "FFXIVClientStructs.dll": "C74166EE9D6A9030D047349C1D4CA2F5",
  "FFXIVClientStructs.xml": "78E5CDB2C52123500196874FACA03FA6",
  "goaaats.Reloaded.Assembler.targets": "CC22CB0A353E2136EE9E6E96DB9F7164",
  "Iced.dll": "4CBD2DE52C033EBF0FA9FD44E9F20AFD",
  "ImGui.NET.dll": "71EC39B98D2BFA2F59EBFFE702AEE0A6",
  "ImGuiScene.dll": "904CBFB397AFC468587D2C79D1BBCCFD",
  "InteropGenerator.Runtime.dll": "DC5DA7FCD23863FF4816246A97E13010",
  "JetBrains.Annotations.dll": "85EC5E06700177AF29228D341C63C249",
  "licenses.txt": "A159BE62AA91178EFC3E3983AE874D1D",
  "Lumina.dll": "0775E45BA34345B3997A281D5DCDCE42",
  "Lumina.Excel.dll": "C033703F6A3269A42DA37D7B2E106C9C",
  "Microsoft.Bcl.HashCode.dll": "613AB56061ADF2284E047025207467E0",
  "Microsoft.DotNet.PlatformAbstractions.dll": "00AB0F02B1114C57C758F5AD595224F1",
  "Microsoft.Extensions.DependencyModel.dll": "F39BC76C10CFEA478C936FC4521A9FC9",
  "Microsoft.Extensions.ObjectPool.dll": "FEE3CE8A84417360CC5ED787ED6F7DB1",
  "MinSharp.dll": "3F21FBC9A856A48E09EA6B6BA0AB2A7E",
  "Mono.Cecil.dll": "4394DB76DDDF2B1F3F789EBE04B75768",
  "Mono.Cecil.Mdb.dll": "CCEAF4A350C58072EAB2DDB8B49BEE85",
  "Mono.Cecil.Pdb.dll": "8D301332AB87B3B14D7E25B451BAD181",
  "Mono.Cecil.Rocks.dll": "9A00C6F8683B48392EB267DF56D857C3",
  "nethost.dll": "21F39F71E2F4B5BA9FB3F126872F2F9B",
  "Newtonsoft.Json.dll": "ADF3E3EECDE20B7C9661E9C47106A14A",
  "PeNet.Asn1.dll": "998B278B7E626BE5A300A9729D628655",
  "PeNet.dll": "F68B65FC766BCF8BB87282BFC82384CC",
  "PInvoke.AdvApi32.dll": "34EE461D05B403C3A15D0DEC32A3788C",
  "PInvoke.BCrypt.dll": "FD07758EE1440491F22923084109FF26",
  "PInvoke.Cabinet.dll": "333D950E3804735DA60CC41D614C63E2",
  "PInvoke.CfgMgr32.dll": "768BE7CC18EDCF78B296A72ABE891691",
  "PInvoke.Crypt32.dll": "E7B00B0851738F4A7F2C6D37DAA973B4",
  "PInvoke.DbgHelp.dll": "E701136169620D20E3A70B560DE20E44",
  "PInvoke.DwmApi.dll": "ACF223CC8962404056648815B486F7D9",
  "PInvoke.Gdi32.dll": "69FF434826F98582CE44D3136ECFFACB",
  "PInvoke.Hid.dll": "2E7A41257F8AD9B26073181F450CD8E5",
  "PInvoke.ImageHlp.dll": "79BE816E8D86EA66489D7780DD675D49",
  "PInvoke.IPHlpApi.dll": "E949FA3326D1BA8872B179AB4EE49D38",
  "PInvoke.Kernel32.dll": "234E15B122ED430DE99490CA1A204958",
  "PInvoke.Magnification.dll": "C9EA3D34F506741ECC044DB19C151F09",
  "PInvoke.Msi.dll": "69EE50CE2DA6B55755E52589F49A7EBC",
  "PInvoke.NCrypt.dll": "DA1DE76C14D99370CA3BEF19DC299B15",
  "PInvoke.NetApi32.dll": "AE79F9FA2E3864A5E0642AE4622ECDC5",
  "PInvoke.NewDev.dll": "B3E1992105D986EF9C5C8E4B630FBB07",
  "PInvoke.NTDll.dll": "3F6BDF840EB27DD0FD9EB8071822183A",
  "PInvoke.Ole32.dll": "3C49FB100B60519FFE725BCD12A538F6",
  "PInvoke.Psapi.dll": "A7683EE4B880227F01C8AE632A892B9E",
  "PInvoke.SetupApi.dll": "1B7AE321185D0081D1759A9AD829F9BA",
  "PInvoke.SHCore.dll": "F27E7F063D51480F6D2294C903E4A606",
  "PInvoke.Shell32.dll": "F71A1BCAF6478190691170DAEA77722F",
  "PInvoke.User32.dll": "8BEDE38311ED4F27127290B81B8079FD",
  "PInvoke.Userenv.dll": "FEB7BCA90B8C905EC2F4BB0789847131",
  "PInvoke.UxTheme.dll": "8E683C016250CB719FDB9AAAFC22B3C5",
  "PInvoke.Windows.Core.dll": "90015440A44935208FFEA9BF61740651",
  "PInvoke.Windows.ShellScalingApi.dll": "F351B34B8C9183A51CADFDC279357C49",
  "PInvoke.WinUsb.dll": "9EB8A0280F2848D1A32B560A939F7336",
  "PInvoke.WtsApi32.dll": "341C94455D2E5893DBE4293D4D67AA4D",
  "Reloaded.Assembler.dll": "948F3D4CEB03A71375DFC24A79D24E16",
  "Reloaded.Hooks.Definitions.dll": "AC9875EA6E64E53B2DB2ACCB0B28180E",
  "Reloaded.Hooks.dll": "BA5CEADDD781D02FAC1E15F19CAA3FF9",
  "Reloaded.Memory.Buffers.dll": "C3624085D6FF84DBDCEF5FBBEC9B0A55",
  "Reloaded.Memory.dll": "88D7AE9120DC98A2417A961A41235C32",
  "revision.txt": "78679495FE70BFA486D8AAFF1A2E4AA9",
  "SDL2-CS.config": "65557595FD5DF55D93B2BF881DE62C3A",
  "SDL2-CS.dll": "9697CD6CD7F8AEEE832D3A48F60F79C2",
  "Serilog.dll": "5912A8AE5F7CD4E564139490C4D5710B",
  "Serilog.Sinks.Async.dll": "5C0E2B22DA82CF6D2B5A2AA76A720072",
  "Serilog.Sinks.Console.dll": "21EE2A1CD2B624B2E789DB95B763D8CA",
  "Serilog.Sinks.File.dll": "20BF034FF91F1FE32EA9525F11D54ADF",
  "SharpDX.Direct3D11.dll": "056FABDB8E60C8F6E30807EC245FCA92",
  "SharpDX.dll": "6D0CB739DDECA1958E70B1B0C4EAE62D",
  "SharpDX.DXGI.dll": "89B1F900F07CFC21B17DFDFDA7B04988",
  "SharpDX.Mathematics.dll": "68097843FD5B765CCC58B13BA94D7425",
  "Silk.NET.Core.dll": "35A0B62FA171FAF6BD3059593ED243D3",
  "Silk.NET.GLFW.dll": "64F6CF178FCEBAE94B285BE86DD3A0EB",
  "Silk.NET.Maths.dll": "7C92869B96C10D6C3F9A91E59B59813F",
  "Silk.NET.OpenGL.dll": "7F908DE00DE187B9D7DA1F026F9A0AFD",
  "Silk.NET.SDL.dll": "2296D946AF576A3D1DC5B97A59567699",
  "Silk.NET.Windowing.Common.dll": "32008800715420865F38B4F5E6B214BA",
  "Silk.NET.Windowing.Glfw.dll": "BDBED3321487C3EF99FF0646DCF40C4E",
  "Silk.NET.Windowing.Sdl.dll": "29836D17F0E32C62618D660AE9745E5F",
  "SQLite-net.dll": "A56C139C39A9E58594C56E4681D9777C",
  "SQLitePCLRaw.batteries_v2.dll": "CBE10C24A5E441E943605FF3869B7228",
  "SQLitePCLRaw.core.dll": "9D0A13C1953FD9F644D6A53FFA218D64",
  "SQLitePCLRaw.nativelibrary.dll": "12B6D9806F8E3862D76648E50505100B",
  "SQLitePCLRaw.provider.dynamic_cdecl.dll": "FE1DFDC50A80BB56E2B09179EB1CD437",
  "StbiSharp.dll": "365ABA259B57D2F3D66F51155667F424",
  "System.Reactive.dll": "EF5A00287AD15393D41B12AA4B726FF7",
  "System.Reflection.MetadataLoadContext.dll": "E88E3AF6D37736F339022C9ACC5F2F7B",
  "System.Security.Cryptography.Pkcs.dll": "8950E01996A37E808BE3F39063C37BF9",
  "TEMP_gitver.txt": "01351571BEB0F730FDC6BBBDF5866A9F",
  "TerraFX.Interop.Windows.dll": "84F7EF6B0DE91F8CC23F773D3FD6DEC0",
  "Validation.dll": "55A66BA1ABE7227FCA7D084BED9AFD52"
}
