{
  "runtimes\\alpine-x64\\native\\libe_sqlite3.so": "39C244FEDBCD3DFC37041D4FCE1AE21D",
  "runtimes\\linux-arm\\native\\libe_sqlite3.so": "96CF54BC0EFB83D6E3F5F3E04997A59D",
  "runtimes\\linux-arm64\\native\\libe_sqlite3.so": "F079E55E7F3F9966A4A2052A3234E068",
  "runtimes\\linux-armel\\native\\libe_sqlite3.so": "C5A67D49434FC65D64E9C15778078C76",
  "runtimes\\linux-mips64\\native\\libe_sqlite3.so": "5F8461214089CFC677D46C19B7162161",
  "runtimes\\linux-musl-x64\\native\\libe_sqlite3.so": "39C244FEDBCD3DFC37041D4FCE1AE21D",
  "runtimes\\linux-x64\\native\\libe_sqlite3.so": "6F49C540D3AB9964D67A4A704C3D262D",
  "runtimes\\linux-x64\\native\\libglfw.so.3": "9E3137144F68B9E9793F4C7AD5B1BEA7",
  "runtimes\\linux-x64\\native\\libSDL2-2.0.so": "99B95A708381FC66AB2370E45A260527",
  "runtimes\\linux-x64\\native\\libstbi.so": "0945355ED59677D06E3E88F48101BB26",
  "runtimes\\linux-x86\\native\\libe_sqlite3.so": "5E0659B414CBD6DDC38C65582485853E",
  "runtimes\\osx-x64\\native\\libe_sqlite3.dylib": "F82AE134FCD1C080A69D775591406673",
  "runtimes\\osx-x64\\native\\libglfw.3.dylib": "1E30FAB2F0C40E82290AD4B0BF14A880",
  "runtimes\\osx-x64\\native\\libSDL2-2.0.dylib": "AAC958490586C67395F0A90903AE3747",
  "runtimes\\osx-x64\\native\\libstbi.dylib": "0B84B0A6A80178266018081C3CAB68E6",
  "runtimes\\win-arm\\native\\e_sqlite3.dll": "97A9A3401D8A0B143FBEBFE230AB5009",
  "runtimes\\win-arm64\\native\\e_sqlite3.dll": "B6A82120B72F38ECE374EB838D9B7815",
  "runtimes\\win-x64\\native\\e_sqlite3.dll": "2BFD429A328D1AB10905F8D382A3E8E3",
  "runtimes\\win-x64\\native\\glfw3.dll": "37A25272348DB886AE135FE8F07A552D",
  "runtimes\\win-x64\\native\\minhook.x64d.dll": "7622BF8BFDA990E1C8066241D768429B",
  "runtimes\\win-x64\\native\\SDL2.dll": "4FAC30D24193D74D9F6235EDBD5896A6",
  "runtimes\\win-x64\\native\\stbi.dll": "CF51ED4837C4A1E14889F8E5F200D300",
  "runtimes\\win-x64\\native\\stbi.lib": "927C214DE576219E1F80DBE7798A0502",
  "runtimes\\win-x86\\native\\e_sqlite3.dll": "2A2C9EB5FDF7813724E695B31FB758A2",
  "runtimes\\win-x86\\native\\glfw3.dll": "2610E65D23ECEC8333BA4EEDD2EBBCDC",
  "runtimes\\win-x86\\native\\SDL2.dll": "76876CA2EC288BB37DCD53FE12399D35",
  "targets\\Dalamud.Plugin.Bootstrap.targets": "C85635161398CD9852CF7212DB7EB904",
  "targets\\Dalamud.Plugin.targets": "394EE2BEC70254F76ABBE2C33F62BBFA",
  "BitFaster.Caching.dll": "6175AA70CF61F825B904B488DB6D1677",
  "CheapLoc.dll": "27618A6F14EADA8443243A6853819C3D",
  "cimgui.dll": "A3C44334DEE9373BF2F507C2D1D76A6E",
  "cimguizmo.dll": "6A86705ED6F805C748F281AA40CE9018",
  "cimplot.dll": "1D2AEC84B7602D1B9706F8C9C6CB4873",
  "commit_hash.txt": "8AAC5CC298D956C41BA30099775A7192",
  "Dalamud.Boot.dll": "C24D251458774F42AF07E8D7761D929C",
  "Dalamud.Common.dll": "81689727CD592055652491F347D83936",
  "Dalamud.deps.json": "F7ED7EA6C6EB5EE7B80ED530C221A26A",
  "Dalamud.dll": "308BDCF1A916A1F123DD581734687AD3",
  "Dalamud.Injector.deps.json": "C21972522E8133995B2C9562B3E39983",
  "Dalamud.Injector.dll": "C57444C39A51525AAD0247AEE529E7F4",
  "Dalamud.Injector.exe": "77C19C19CE6F4E692CAF3D3077854092",
  "Dalamud.Injector.runtimeconfig.json": "439C534917CEF268A731631073E50FE4",
  "Dalamud.Injector.xml": "6730B8BB13078B71889B5A56C5DFAC6D",
  "Dalamud.runtimeconfig.json": "CA3935E9C6B9E3300F2D7171E4AF6335",
  "Dalamud.xml": "BAC717D37BE2423D5479D165B77109F8",
  "DalamudCrashHandler.exe": "28068F1B55AEF7FFF988562B91FDC802",
  "FASM-LICENSE.TXT": "ECEA1D10811221D5F0A3E96F9C38E2C7",
  "FASM.DLL": "79DEB1D6227905189E43C02E5E356931",
  "FASMX64.DLL": "A44320F24A3AF9485D1666EA37EAA6A9",
  "FFXIVClientStructs.dll": "918F61BCB9581FA3A85680F2908D2369",
  "FFXIVClientStructs.xml": "6DA9E4BFE90A8E57A0605E292DE68642",
  "goaaats.Reloaded.Assembler.targets": "CC22CB0A353E2136EE9E6E96DB9F7164",
  "Iced.dll": "ACA6F274A6A78DBDF3A44F4FD4494445",
  "ImGui.NET.dll": "829565F71F416D12B2F54EDF364FCA63",
  "ImGuiScene.dll": "ED3610412D8F2B074E95E0C14DAA6558",
  "InteropGenerator.Runtime.dll": "4911ED5FF15EBBA78C95E773A4883E23",
  "JetBrains.Annotations.dll": "594FDB3620FDDF8D896882355BBD287E",
  "licenses.txt": "A159BE62AA91178EFC3E3983AE874D1D",
  "Lumina.dll": "24E6988F8D176D4FDD8D12E5A6F530C3",
  "Lumina.Excel.dll": "02CD235A196E017FE99EEF5B40F5BD34",
  "Microsoft.Bcl.HashCode.dll": "613AB56061ADF2284E047025207467E0",
  "Microsoft.DotNet.PlatformAbstractions.dll": "00AB0F02B1114C57C758F5AD595224F1",
  "Microsoft.Extensions.DependencyModel.dll": "F39BC76C10CFEA478C936FC4521A9FC9",
  "Microsoft.Extensions.ObjectPool.dll": "B0558CE087EAE95853E35579300F3A77",
  "MinSharp.dll": "9027D0B3664947B6A57B34A4EACBF837",
  "Mono.Cecil.dll": "CAC8A763527B7A3FA73B15C72A20BF0B",
  "Mono.Cecil.Mdb.dll": "5AFCB1907E23D44E50790142BE877539",
  "Mono.Cecil.Pdb.dll": "01451622B725E38DEE43A12117E0CDBB",
  "Mono.Cecil.Rocks.dll": "F38CB5C2BFB666252D2BA9D68ABCFB4A",
  "nethost.dll": "21F39F71E2F4B5BA9FB3F126872F2F9B",
  "Newtonsoft.Json.dll": "ADF3E3EECDE20B7C9661E9C47106A14A",
  "PeNet.Asn1.dll": "558BB623F722167C7169BC171D7C2850",
  "PeNet.dll": "A3B2EB54DC41117E23B4B9599204F482",
  "PInvoke.AdvApi32.dll": "34EE461D05B403C3A15D0DEC32A3788C",
  "PInvoke.BCrypt.dll": "FD07758EE1440491F22923084109FF26",
  "PInvoke.Cabinet.dll": "333D950E3804735DA60CC41D614C63E2",
  "PInvoke.CfgMgr32.dll": "768BE7CC18EDCF78B296A72ABE891691",
  "PInvoke.Crypt32.dll": "E7B00B0851738F4A7F2C6D37DAA973B4",
  "PInvoke.DbgHelp.dll": "E701136169620D20E3A70B560DE20E44",
  "PInvoke.DwmApi.dll": "ACF223CC8962404056648815B486F7D9",
  "PInvoke.Gdi32.dll": "69FF434826F98582CE44D3136ECFFACB",
  "PInvoke.Hid.dll": "2E7A41257F8AD9B26073181F450CD8E5",
  "PInvoke.ImageHlp.dll": "79BE816E8D86EA66489D7780DD675D49",
  "PInvoke.IPHlpApi.dll": "E949FA3326D1BA8872B179AB4EE49D38",
  "PInvoke.Kernel32.dll": "234E15B122ED430DE99490CA1A204958",
  "PInvoke.Magnification.dll": "C9EA3D34F506741ECC044DB19C151F09",
  "PInvoke.Msi.dll": "69EE50CE2DA6B55755E52589F49A7EBC",
  "PInvoke.NCrypt.dll": "DA1DE76C14D99370CA3BEF19DC299B15",
  "PInvoke.NetApi32.dll": "AE79F9FA2E3864A5E0642AE4622ECDC5",
  "PInvoke.NewDev.dll": "B3E1992105D986EF9C5C8E4B630FBB07",
  "PInvoke.NTDll.dll": "3F6BDF840EB27DD0FD9EB8071822183A",
  "PInvoke.Ole32.dll": "3C49FB100B60519FFE725BCD12A538F6",
  "PInvoke.Psapi.dll": "A7683EE4B880227F01C8AE632A892B9E",
  "PInvoke.SetupApi.dll": "1B7AE321185D0081D1759A9AD829F9BA",
  "PInvoke.SHCore.dll": "F27E7F063D51480F6D2294C903E4A606",
  "PInvoke.Shell32.dll": "F71A1BCAF6478190691170DAEA77722F",
  "PInvoke.User32.dll": "8BEDE38311ED4F27127290B81B8079FD",
  "PInvoke.Userenv.dll": "FEB7BCA90B8C905EC2F4BB0789847131",
  "PInvoke.UxTheme.dll": "8E683C016250CB719FDB9AAAFC22B3C5",
  "PInvoke.Windows.Core.dll": "90015440A44935208FFEA9BF61740651",
  "PInvoke.Windows.ShellScalingApi.dll": "F351B34B8C9183A51CADFDC279357C49",
  "PInvoke.WinUsb.dll": "9EB8A0280F2848D1A32B560A939F7336",
  "PInvoke.WtsApi32.dll": "341C94455D2E5893DBE4293D4D67AA4D",
  "Reloaded.Assembler.dll": "36897077439616CCE5762FDA1A4D3349",
  "Reloaded.Hooks.Definitions.dll": "4C24AAF27E8A49FC06BBD6110BDD09F9",
  "Reloaded.Hooks.dll": "FAF9AA9BB9202336066E1A1EB4B01367",
  "Reloaded.Memory.Buffers.dll": "EC86AE34616BD14C606BE75095D32EB9",
  "Reloaded.Memory.dll": "DBB6E17FFA66718E316420EF78F984F1",
  "revision.txt": "C66DD00E5FC44BA8DE89D7713FEDCD50",
  "SDL2-CS.config": "65557595FD5DF55D93B2BF881DE62C3A",
  "SDL2-CS.dll": "D392743DC4870B38E8A0E357B8F2024D",
  "Serilog.dll": "F74DDCB46E0CC3B5B05D0F3CBC19F0E5",
  "Serilog.Sinks.Async.dll": "9533310CE6BA5F71217C454364B796E6",
  "Serilog.Sinks.Console.dll": "F55C46EE5030398603D2860ECD50469A",
  "Serilog.Sinks.File.dll": "F3FC34EC6889F3B78646C1B466A09DBC",
  "SharpDX.Direct3D11.dll": "B8246D107BB213CECBE1D77AA6E2E744",
  "SharpDX.dll": "C3F29735F44182D73035ED68BE1D25AB",
  "SharpDX.DXGI.dll": "54477319C6B09144C90B4DE96F40CE75",
  "SharpDX.Mathematics.dll": "C198C2C807575A12FCB156849ACB5245",
  "Silk.NET.Core.dll": "585A493758509CEE4BB297BAA35EA495",
  "Silk.NET.GLFW.dll": "05710CABA2D55EEF1C8F0A6E8588D4FB",
  "Silk.NET.Maths.dll": "A43A842CEF06F8F585162F25657A4243",
  "Silk.NET.OpenGL.dll": "8179DC44114E0C7B3947F1D758F2066D",
  "Silk.NET.SDL.dll": "E1A40F32438A8D8B03AA2A0D1D18D084",
  "Silk.NET.Windowing.Common.dll": "16BBA296AD3105FF3ECA9F30F48BCF8C",
  "Silk.NET.Windowing.Glfw.dll": "0DED6B91DBB85DA962F747AC3EB0FBBA",
  "Silk.NET.Windowing.Sdl.dll": "458C02437EA88B203DE8394D80268D19",
  "SQLite-net.dll": "83753A5E108869DB3D8EE9B97DCD6DA8",
  "SQLitePCLRaw.batteries_v2.dll": "D389A4011DF1E0899174613378E6B87C",
  "SQLitePCLRaw.core.dll": "72E1F58BA700D5DF6E2D28AA89F293D6",
  "SQLitePCLRaw.nativelibrary.dll": "D7A8DBC7B71F1190989BD71DFADBE94D",
  "SQLitePCLRaw.provider.dynamic_cdecl.dll": "9FCCDBB24DC8D3B1F9FE787B858A7E87",
  "StbiSharp.dll": "43175E68C4BBBF531F89A9344FE50C29",
  "System.Reactive.dll": "EF5A00287AD15393D41B12AA4B726FF7",
  "System.Reflection.MetadataLoadContext.dll": "E88E3AF6D37736F339022C9ACC5F2F7B",
  "System.Security.Cryptography.Pkcs.dll": "8950E01996A37E808BE3F39063C37BF9",
  "TEMP_gitver.txt": "E49EEA824F0C584573B5F3C6E15E9436",
  "TerraFX.Interop.Windows.dll": "84F7EF6B0DE91F8CC23F773D3FD6DEC0",
  "Validation.dll": "B2B7ACAEE837AB1FC5AC3B57827CE2DC"
}
