{
  "runtimes\\alpine-x64\\native\\libe_sqlite3.so": "39C244FEDBCD3DFC37041D4FCE1AE21D",
  "runtimes\\linux-arm\\native\\libe_sqlite3.so": "96CF54BC0EFB83D6E3F5F3E04997A59D",
  "runtimes\\linux-arm64\\native\\libe_sqlite3.so": "F079E55E7F3F9966A4A2052A3234E068",
  "runtimes\\linux-armel\\native\\libe_sqlite3.so": "C5A67D49434FC65D64E9C15778078C76",
  "runtimes\\linux-mips64\\native\\libe_sqlite3.so": "5F8461214089CFC677D46C19B7162161",
  "runtimes\\linux-musl-x64\\native\\libe_sqlite3.so": "39C244FEDBCD3DFC37041D4FCE1AE21D",
  "runtimes\\linux-x64\\native\\libe_sqlite3.so": "6F49C540D3AB9964D67A4A704C3D262D",
  "runtimes\\linux-x64\\native\\libglfw.so.3": "9E3137144F68B9E9793F4C7AD5B1BEA7",
  "runtimes\\linux-x64\\native\\libSDL2-2.0.so": "99B95A708381FC66AB2370E45A260527",
  "runtimes\\linux-x64\\native\\libstbi.so": "0945355ED59677D06E3E88F48101BB26",
  "runtimes\\linux-x86\\native\\libe_sqlite3.so": "5E0659B414CBD6DDC38C65582485853E",
  "runtimes\\osx-x64\\native\\libe_sqlite3.dylib": "F82AE134FCD1C080A69D775591406673",
  "runtimes\\osx-x64\\native\\libglfw.3.dylib": "1E30FAB2F0C40E82290AD4B0BF14A880",
  "runtimes\\osx-x64\\native\\libSDL2-2.0.dylib": "AAC958490586C67395F0A90903AE3747",
  "runtimes\\osx-x64\\native\\libstbi.dylib": "0B84B0A6A80178266018081C3CAB68E6",
  "runtimes\\win-arm\\native\\e_sqlite3.dll": "9130264F0020E70212D112C101DE3A00",
  "runtimes\\win-arm64\\native\\e_sqlite3.dll": "6ED7F520380BA9A8828FC0C35FBE378B",
  "runtimes\\win-x64\\native\\cimgui.dll": "B822F34BF59A6B6C7BB2A748B7496988",
  "runtimes\\win-x64\\native\\cimguizmo.dll": "713283BCA379F969AF7248EE05B661CD",
  "runtimes\\win-x64\\native\\cimplot.dll": "BFB18F3D5C73EB4E52F6BB7FFB07DCB0",
  "runtimes\\win-x64\\native\\e_sqlite3.dll": "2933D217B552A4E8E3551FF6481E4E25",
  "runtimes\\win-x64\\native\\glfw3.dll": "4CE9F7BCD6F4CF6DFA1602013B00E8FE",
  "runtimes\\win-x64\\native\\minhook.x64d.dll": "9CD335DFCF61575CA440F80D7CF38EB4",
  "runtimes\\win-x64\\native\\SDL2.dll": "9D98BBC0952581CA092170CD7AD3B106",
  "runtimes\\win-x64\\native\\stbi.dll": "438DD69D262D3F35FA2D11FB33C9C126",
  "runtimes\\win-x64\\native\\stbi.lib": "927C214DE576219E1F80DBE7798A0502",
  "runtimes\\win-x86\\native\\e_sqlite3.dll": "BE24CB651AE0C09DA5E4AE7A0427F71A",
  "runtimes\\win-x86\\native\\glfw3.dll": "ADC8B3C088835A64687344765686CACD",
  "runtimes\\win-x86\\native\\SDL2.dll": "8FA9A2BFFF49CB5F95988FA94147DAC7",
  "targets\\Dalamud.Plugin.Bootstrap.targets": "C85635161398CD9852CF7212DB7EB904",
  "targets\\Dalamud.Plugin.targets": "E2AA900DB1F6596D1C203D4112A10F5E",
  "CheapLoc.dll": "7FFD8088607390B93AAC841C2DE8E974",
  "Costura.dll": "EC39331CB9A63A575E5D27B87B8D4F35",
  "Dalamud.Boot.dll": "D63AA4F2CD661182A48C2E6DA5938DE3",
  "Dalamud.Common.dll": "B8EFE848FA7BDD50E2B7EC1FC72B2FC9",
  "Dalamud.deps.json": "2F5D88C503CCD1D41249E8E793F7E470",
  "Dalamud.dll": "3F97D5169CF2B73627DD986B5C2754DA",
  "Dalamud.Injector.deps.json": "C1FA0941DC8B38E415776C60C508AAB9",
  "Dalamud.Injector.dll": "D12DD2225FBDBE5AC09E9E14150FB8DA",
  "Dalamud.Injector.exe": "6ECAB4EE5E82B3F2D0DEF370891B5B70",
  "Dalamud.Injector.runtimeconfig.json": "B9BB65FFE7924D4D8BABE9FA66303200",
  "Dalamud.Injector.xml": "D41E5DF541D19A015215E777D7395C9C",
  "Dalamud.runtimeconfig.json": "2A9CD915428BDD175E0889BD0C225F75",
  "Dalamud.xml": "574010B117F2F1AC6939F23909687819",
  "DalamudCrashHandler.exe": "726FCBD7A73A8C0EB7D08870776A373A",
  "FASM-LICENSE.TXT": "ECEA1D10811221D5F0A3E96F9C38E2C7",
  "FASM.DLL": "A587C827438F067BCFF2C1EB71E3E89F",
  "FASMX64.DLL": "3CCCB292DD173F9B457EF53124C939C4",
  "FFXIVClientStructs.dll": "BE676D1FDB03E7585BE7887533E5C1D5",
  "FFXIVClientStructs.xml": "E7FC574C1BFBCFBF30B8E55BB0A40DB7",
  "goaaats.Reloaded.Assembler.targets": "CC22CB0A353E2136EE9E6E96DB9F7164",
  "Iced.dll": "2C2F106C335F49D575EB4D38477C1471",
  "ImGui.NET.dll": "ABE9E9281660692F983EE4B85DF5FDC1",
  "ImGuiScene.dll": "0A252BDF2F66EE857F09D3A2B25B7621",
  "JetBrains.Annotations.dll": "D1F7B7842BD5B34F7148DBCFC72E7303",
  "licenses.txt": "A159BE62AA91178EFC3E3983AE874D1D",
  "Lumina.dll": "20CB7BB50A5EE6200AB69C03D18A71FF",
  "Lumina.Excel.dll": "E62A2E4D1DF7ED0D31352311DC0EB423",
  "Microsoft.Bcl.HashCode.dll": "613AB56061ADF2284E047025207467E0",
  "Microsoft.DotNet.PlatformAbstractions.dll": "00AB0F02B1114C57C758F5AD595224F1",
  "Microsoft.Extensions.DependencyModel.dll": "F39BC76C10CFEA478C936FC4521A9FC9",
  "Microsoft.Extensions.ObjectPool.dll": "FEE3CE8A84417360CC5ED787ED6F7DB1",
  "MinSharp.dll": "7B9464C78D7B162FC04937D8E911C9EC",
  "Mono.Cecil.dll": "438D5F0F6330417A23C063E0B06AC91F",
  "Mono.Cecil.Mdb.dll": "8EE97F4C9F3E514850E0F4E117FDFB64",
  "Mono.Cecil.Pdb.dll": "21F702C988B883F8FF8EAA6D8824C25E",
  "Mono.Cecil.Rocks.dll": "2593576B551091F7DE3938AAFB9D0855",
  "nethost.dll": "012081214FE71F0F6ADCD9F4A71B2B00",
  "Newtonsoft.Json.dll": "86A83A63F12B55FD3718CFBFB577D7DC",
  "PeNet.Asn1.dll": "B405BA1D83E25EC4CBCEC11F7A87366A",
  "PeNet.dll": "DDA59B787D5D6B745FF344690FF0F07E",
  "PInvoke.AdvApi32.dll": "34EE461D05B403C3A15D0DEC32A3788C",
  "PInvoke.BCrypt.dll": "FD07758EE1440491F22923084109FF26",
  "PInvoke.Cabinet.dll": "333D950E3804735DA60CC41D614C63E2",
  "PInvoke.CfgMgr32.dll": "768BE7CC18EDCF78B296A72ABE891691",
  "PInvoke.Crypt32.dll": "E7B00B0851738F4A7F2C6D37DAA973B4",
  "PInvoke.DbgHelp.dll": "E701136169620D20E3A70B560DE20E44",
  "PInvoke.DwmApi.dll": "ACF223CC8962404056648815B486F7D9",
  "PInvoke.Gdi32.dll": "69FF434826F98582CE44D3136ECFFACB",
  "PInvoke.Hid.dll": "2E7A41257F8AD9B26073181F450CD8E5",
  "PInvoke.ImageHlp.dll": "79BE816E8D86EA66489D7780DD675D49",
  "PInvoke.IPHlpApi.dll": "E949FA3326D1BA8872B179AB4EE49D38",
  "PInvoke.Kernel32.dll": "234E15B122ED430DE99490CA1A204958",
  "PInvoke.Magnification.dll": "C9EA3D34F506741ECC044DB19C151F09",
  "PInvoke.Msi.dll": "69EE50CE2DA6B55755E52589F49A7EBC",
  "PInvoke.NCrypt.dll": "DA1DE76C14D99370CA3BEF19DC299B15",
  "PInvoke.NetApi32.dll": "AE79F9FA2E3864A5E0642AE4622ECDC5",
  "PInvoke.NewDev.dll": "B3E1992105D986EF9C5C8E4B630FBB07",
  "PInvoke.NTDll.dll": "3F6BDF840EB27DD0FD9EB8071822183A",
  "PInvoke.Ole32.dll": "3C49FB100B60519FFE725BCD12A538F6",
  "PInvoke.Psapi.dll": "A7683EE4B880227F01C8AE632A892B9E",
  "PInvoke.SetupApi.dll": "1B7AE321185D0081D1759A9AD829F9BA",
  "PInvoke.SHCore.dll": "F27E7F063D51480F6D2294C903E4A606",
  "PInvoke.Shell32.dll": "F71A1BCAF6478190691170DAEA77722F",
  "PInvoke.User32.dll": "8BEDE38311ED4F27127290B81B8079FD",
  "PInvoke.Userenv.dll": "FEB7BCA90B8C905EC2F4BB0789847131",
  "PInvoke.UxTheme.dll": "8E683C016250CB719FDB9AAAFC22B3C5",
  "PInvoke.Windows.Core.dll": "90015440A44935208FFEA9BF61740651",
  "PInvoke.Windows.ShellScalingApi.dll": "F351B34B8C9183A51CADFDC279357C49",
  "PInvoke.WinUsb.dll": "9EB8A0280F2848D1A32B560A939F7336",
  "PInvoke.WtsApi32.dll": "341C94455D2E5893DBE4293D4D67AA4D",
  "Reloaded.Assembler.dll": "A8C08624FE7AF2914F12CDA163D08C52",
  "Reloaded.Hooks.Definitions.dll": "FA6B05D8F64D2BBFA75E5831B87DA090",
  "Reloaded.Hooks.dll": "3D4A9B0224D8AA2CC42A4B24C5667A24",
  "Reloaded.Memory.Buffers.dll": "319B0C586A3F8CAE8AAB4C2985572C5B",
  "Reloaded.Memory.dll": "99DD7B1F454711063F07EB339D012633",
  "revision.txt": "AA108F56A10E75C1F20F27723ECAC85F",
  "SDL2-CS.config": "65557595FD5DF55D93B2BF881DE62C3A",
  "SDL2-CS.dll": "E6E82A6926C0706E1C9D644DE5085FD6",
  "Serilog.dll": "049C27D72BB3D730994F6BDCA2F5600B",
  "Serilog.Sinks.Async.dll": "035CE682FB21AE27BF2C8F033E44600D",
  "Serilog.Sinks.Console.dll": "0CD59EA9EBA5EA7E872F003399180833",
  "Serilog.Sinks.File.dll": "46396F7F95763207944A3A1E614B1E04",
  "SharpDX.Direct3D11.dll": "BCD7CF8B996DB60780983AFC60BCEC5D",
  "SharpDX.dll": "4C88C48645DDD3A107E8ECF7F3B4505C",
  "SharpDX.DXGI.dll": "27EE00FFA61B80D2DA04C09A33D08FB2",
  "SharpDX.Mathematics.dll": "0E5D14518FB22A94F2CA3EBF2A1BA7BA",
  "Silk.NET.Core.dll": "0381D003CD707FCA3B46568CBBF8418F",
  "Silk.NET.GLFW.dll": "A7577883D27FE8BE8B9C1482F629B282",
  "Silk.NET.Maths.dll": "9E0F11465DED7717434CE6B4DCA04539",
  "Silk.NET.OpenGL.dll": "D23827E973EB18423B364C20CF840035",
  "Silk.NET.SDL.dll": "D9245DCACBE3C088688E75B2EDEC0F0B",
  "Silk.NET.Windowing.Common.dll": "D6C9805B298B148C7B568681FFBDEAB7",
  "Silk.NET.Windowing.Glfw.dll": "71424FE4C3CDF02D7309CFF8B2971950",
  "Silk.NET.Windowing.Sdl.dll": "0BE7BEFE829C6F3E8D865AAADE6739CB",
  "SQLite-net.dll": "10C92BE2F1F015BD9CBC5BB22DD1073A",
  "SQLitePCLRaw.batteries_v2.dll": "3B7710254F384B0B46DD74557F466087",
  "SQLitePCLRaw.core.dll": "9C583928E80C4D5F558321C2E682D80D",
  "SQLitePCLRaw.nativelibrary.dll": "726004A8CDD8BBE73A128AC61AA99427",
  "SQLitePCLRaw.provider.dynamic_cdecl.dll": "F50D1641EFB74F3B4B24356F8D22DF19",
  "StbiSharp.dll": "C55FE4547BCAD04DBF5050DE24BEB22F",
  "System.Reactive.dll": "EF5A00287AD15393D41B12AA4B726FF7",
  "System.Reflection.MetadataLoadContext.dll": "7EC41D41F4E1246757BA3E2EC862D562",
  "System.Security.Cryptography.Pkcs.dll": "8950E01996A37E808BE3F39063C37BF9",
  "TEMP_gitver.txt": "032743B3C9203E9D2A9EE3DF23A668A8",
  "TerraFX.Interop.Windows.dll": "84F7EF6B0DE91F8CC23F773D3FD6DEC0",
  "Validation.dll": "2F97F49235DF0867AFE51345F332F956"
}
