{
  "runtimes\\linux-x64\\native\\libglfw.so.3": "9E3137144F68B9E9793F4C7AD5B1BEA7",
  "runtimes\\linux-x64\\native\\libSDL2-2.0.so": "99B95A708381FC66AB2370E45A260527",
  "runtimes\\linux-x64\\native\\libstbi.so": "0945355ED59677D06E3E88F48101BB26",
  "runtimes\\osx-x64\\native\\libglfw.3.dylib": "1E30FAB2F0C40E82290AD4B0BF14A880",
  "runtimes\\osx-x64\\native\\libSDL2-2.0.dylib": "AAC958490586C67395F0A90903AE3747",
  "runtimes\\osx-x64\\native\\libstbi.dylib": "0B84B0A6A80178266018081C3CAB68E6",
  "runtimes\\win-x64\\native\\cimgui.dll": "CDE486C60FF20534FD5D6DB8E013289C",
  "runtimes\\win-x64\\native\\cimguizmo.dll": "724FB67E19ABC4C211899BFCA400CF7F",
  "runtimes\\win-x64\\native\\cimplot.dll": "92D91CF4785D9D397A495032E58F376A",
  "runtimes\\win-x64\\native\\glfw3.dll": "0A670595EFC92BE5CB475F48C9A33F38",
  "runtimes\\win-x64\\native\\minhook.x64d.dll": "D9E987FF973D40E23869AA24B172C6D4",
  "runtimes\\win-x64\\native\\SDL2.dll": "D01A2A6E1C0594427DD015EC9DECE198",
  "runtimes\\win-x64\\native\\stbi.dll": "4E97B70FC6C20C27AC1CA1D351CC6B46",
  "runtimes\\win-x64\\native\\stbi.lib": "927C214DE576219E1F80DBE7798A0502",
  "runtimes\\win-x86\\native\\glfw3.dll": "0935BCDE71F86DFF76A19AF8707F5D34",
  "runtimes\\win-x86\\native\\SDL2.dll": "50B67D4B5EA1EE97BA7E32E6A75D80E7",
  "targets\\Dalamud.Plugin.Bootstrap.targets": "72C91AC1B4F7C83711BB4C5834FE49A8",
  "targets\\Dalamud.Plugin.targets": "CE55DF182FBC948D33DB41454A31EEF9",
  "CheapLoc.dll": "080BF9B79E6CC2973D4DFE4C387CBA1C",
  "Costura.dll": "27C5058AB4A75D52DAA278F3BDF935BC",
  "Dalamud.Boot.dll": "3E55B39C7D7D181955A9BD3FF4B48757",
  "Dalamud.deps.json": "051357BD08583BEAB8CB20902199B7AC",
  "Dalamud.dll": "508D59F42D65E869CFC49B43CCFD4071",
  "Dalamud.Injector.deps.json": "D10EED2039C0151239F5EA4FE3A65A7B",
  "Dalamud.Injector.dll": "375EC9ED2B3E238E1C5C817ADFDCC083",
  "Dalamud.Injector.exe": "36BC762608C937A75440A3AF46D35E9E",
  "Dalamud.Injector.runtimeconfig.json": "AAAFA957BB3B382321D67ACC2D792553",
  "Dalamud.Injector.xml": "CC06A545B271F56E0781ECC82BDEF67F",
  "Dalamud.Interface.dll": "413D96DFC45BB9C90D31A7297682A74A",
  "Dalamud.runtimeconfig.json": "454E2BA21742B08CF0A9827950A92B0F",
  "Dalamud.xml": "07802338F02AAC6CD4B9B9ED42174FF3",
  "DalamudCrashHandler.exe": "DADEA2A6A4D2A62C81B73B0F319C9C3F",
  "FASM-LICENSE.TXT": "ECEA1D10811221D5F0A3E96F9C38E2C7",
  "FASM.DLL": "2059FC327B1C956223CE268D15575DD5",
  "FASMX64.DLL": "86D9C59B1C957261D6072A2E8015D436",
  "FFXIVClientStructs.dll": "D6C31F49A58639F66844B01AABB4C585",
  "FFXIVClientStructs.xml": "99D52300842511BA998676842AD0B2D7",
  "goaaats.Reloaded.Assembler.targets": "CC22CB0A353E2136EE9E6E96DB9F7164",
  "Iced.dll": "E222954DBFA8CEA1D94D237D799089C8",
  "ImGui.NET.dll": "C9A2FF1EE893A22F8474DB7A45CC4F36",
  "ImGuiScene.dll": "DB17A7C707EF0D7CE4BE1503222DD597",
  "JetBrains.Annotations.dll": "D561B6049E32EC3EBFE30EBC1A160997",
  "licenses.txt": "A159BE62AA91178EFC3E3983AE874D1D",
  "Lumina.dll": "8FC2C541945016EC755EEEB26C5CD272",
  "Lumina.Excel.dll": "9E8E4CA31C4218666675E35BAA570688",
  "Microsoft.Bcl.HashCode.dll": "613AB56061ADF2284E047025207467E0",
  "Microsoft.DotNet.PlatformAbstractions.dll": "00AB0F02B1114C57C758F5AD595224F1",
  "Microsoft.Extensions.DependencyModel.dll": "F39BC76C10CFEA478C936FC4521A9FC9",
  "MinSharp.dll": "D4C450898E6710D6DC58DB77E55632C7",
  "Mono.Cecil.dll": "3769B1757F3FC539CD2A316B38452263",
  "Mono.Cecil.Mdb.dll": "A8006F752996EEC78B91AE985A3176F4",
  "Mono.Cecil.Pdb.dll": "3BD14CC13009D4E33F03F89B3B630602",
  "Mono.Cecil.Rocks.dll": "C1E1868AC152F08DAD94F4BF9D10669C",
  "MonoMod.Backports.dll": "47081F2DB999F274E938F4535B5D1E85",
  "MonoMod.Core.dll": "F509930020E6A88FDFE87C5A9A7C24C6",
  "MonoMod.Iced.dll": "5C8A1C15B15C2322FB9BC30D7EA7CF97",
  "MonoMod.ILHelpers.dll": "BD6BDE59FD26449C51CA1ABAF75D488F",
  "MonoMod.RuntimeDetour.dll": "02D1940A65A6711F43D960F676B873CF",
  "MonoMod.Utils.dll": "2204AF717EC645FA9B6615FDBA01914A",
  "nethost.dll": "012081214FE71F0F6ADCD9F4A71B2B00",
  "Newtonsoft.Json.dll": "86A83A63F12B55FD3718CFBFB577D7DC",
  "PeNet.Asn1.dll": "304F07DA223790DF68F49148680BF503",
  "PeNet.dll": "AD2854CA539903E750C3AA2D4A4BB98A",
  "PInvoke.AdvApi32.dll": "34EE461D05B403C3A15D0DEC32A3788C",
  "PInvoke.BCrypt.dll": "FD07758EE1440491F22923084109FF26",
  "PInvoke.Cabinet.dll": "333D950E3804735DA60CC41D614C63E2",
  "PInvoke.CfgMgr32.dll": "768BE7CC18EDCF78B296A72ABE891691",
  "PInvoke.Crypt32.dll": "E7B00B0851738F4A7F2C6D37DAA973B4",
  "PInvoke.DbgHelp.dll": "E701136169620D20E3A70B560DE20E44",
  "PInvoke.DwmApi.dll": "ACF223CC8962404056648815B486F7D9",
  "PInvoke.Gdi32.dll": "69FF434826F98582CE44D3136ECFFACB",
  "PInvoke.Hid.dll": "2E7A41257F8AD9B26073181F450CD8E5",
  "PInvoke.ImageHlp.dll": "79BE816E8D86EA66489D7780DD675D49",
  "PInvoke.IPHlpApi.dll": "E949FA3326D1BA8872B179AB4EE49D38",
  "PInvoke.Kernel32.dll": "234E15B122ED430DE99490CA1A204958",
  "PInvoke.Magnification.dll": "C9EA3D34F506741ECC044DB19C151F09",
  "PInvoke.Msi.dll": "69EE50CE2DA6B55755E52589F49A7EBC",
  "PInvoke.NCrypt.dll": "DA1DE76C14D99370CA3BEF19DC299B15",
  "PInvoke.NetApi32.dll": "AE79F9FA2E3864A5E0642AE4622ECDC5",
  "PInvoke.NewDev.dll": "B3E1992105D986EF9C5C8E4B630FBB07",
  "PInvoke.NTDll.dll": "3F6BDF840EB27DD0FD9EB8071822183A",
  "PInvoke.Ole32.dll": "3C49FB100B60519FFE725BCD12A538F6",
  "PInvoke.Psapi.dll": "A7683EE4B880227F01C8AE632A892B9E",
  "PInvoke.SetupApi.dll": "1B7AE321185D0081D1759A9AD829F9BA",
  "PInvoke.SHCore.dll": "F27E7F063D51480F6D2294C903E4A606",
  "PInvoke.Shell32.dll": "F71A1BCAF6478190691170DAEA77722F",
  "PInvoke.User32.dll": "8BEDE38311ED4F27127290B81B8079FD",
  "PInvoke.Userenv.dll": "FEB7BCA90B8C905EC2F4BB0789847131",
  "PInvoke.UxTheme.dll": "8E683C016250CB719FDB9AAAFC22B3C5",
  "PInvoke.Windows.Core.dll": "90015440A44935208FFEA9BF61740651",
  "PInvoke.Windows.ShellScalingApi.dll": "F351B34B8C9183A51CADFDC279357C49",
  "PInvoke.WinUsb.dll": "9EB8A0280F2848D1A32B560A939F7336",
  "PInvoke.WtsApi32.dll": "341C94455D2E5893DBE4293D4D67AA4D",
  "Reloaded.Assembler.dll": "81121523FD81F670D43A1EB1A7FAD179",
  "Reloaded.Hooks.Definitions.dll": "16266F438B3B1BFC1D68E2D1A8445FD6",
  "Reloaded.Hooks.dll": "2E1338D394E1F3927F0F6FB2142574A8",
  "Reloaded.Memory.Buffers.dll": "F9BF282F830A98DDBEEF6A6E05F59E29",
  "Reloaded.Memory.dll": "9C54F8807152C88B198A587B09BD9776",
  "revision.txt": "9C9F1366EDBAE758A3BB56ECA4388B64",
  "SDL2-CS.config": "65557595FD5DF55D93B2BF881DE62C3A",
  "SDL2-CS.dll": "4C68484DA0415939420294763445E8A6",
  "Serilog.dll": "652C65F6E01813959A95AE834A63685E",
  "Serilog.Sinks.Async.dll": "485D22A6A374313658D861D15F346780",
  "Serilog.Sinks.Console.dll": "87F376C71C7138919E7C4650AED585D6",
  "Serilog.Sinks.File.dll": "89658001AD63AC6C7AA580C27701C615",
  "SharpDX.Direct3D11.dll": "FF4E6659B278555E356F0FABC617B650",
  "SharpDX.dll": "1E13C16D5818A869B3AB3E8AC558E661",
  "SharpDX.DXGI.dll": "854A28E76D0DC11A661FD65F8EF86812",
  "SharpDX.Mathematics.dll": "735EE89122A8A449C0723731F6B416D9",
  "Silk.NET.Core.dll": "876578D22150EEC637CD67896BD48362",
  "Silk.NET.GLFW.dll": "DC3AEABC7DBF6F81D6475612249537DC",
  "Silk.NET.Maths.dll": "D08A2D52098865651AF98C813E72866E",
  "Silk.NET.OpenGL.dll": "42C762E0A6631F3FC3DD26AF9F91DD2B",
  "Silk.NET.SDL.dll": "E824C96F9F4BBFF0FDFD66FD0C7A39B1",
  "Silk.NET.Windowing.Common.dll": "0D713C8282AE00FA09FD1306D6A10F29",
  "Silk.NET.Windowing.Glfw.dll": "3B6D63A9CDF5B14DC5D85843675B2318",
  "Silk.NET.Windowing.Sdl.dll": "B8777747F145B726B8FD3A0E9447306A",
  "StbiSharp.dll": "79210D0B2FE337AD281A10384DEBE99D",
  "System.Reactive.dll": "EF5A00287AD15393D41B12AA4B726FF7",
  "System.Reflection.MetadataLoadContext.dll": "7EC41D41F4E1246757BA3E2EC862D562",
  "System.Security.Cryptography.Pkcs.dll": "8950E01996A37E808BE3F39063C37BF9",
  "TEMP_gitver.txt": "F0ABDFAB919BD84223D30AB00A460BC2",
  "Validation.dll": "8D537D7DCD0C419B17E4A872AD105CB6"
}
