{
  "runtimes\\alpine-arm\\native\\libe_sqlite3.so": "87AF85204A246154501382901F3F6812",
  "runtimes\\alpine-arm64\\native\\libe_sqlite3.so": "CD4B9AAB53400EFE96ABC32B339A866A",
  "runtimes\\alpine-x64\\native\\libe_sqlite3.so": "6C9D6E34F1E932668237404D6EB6FC66",
  "runtimes\\browser-wasm\\nativeassets\\net7.0\\e_sqlite3.a": "E25518AC5EAD5E787448F3258236888E",
  "runtimes\\linux-arm\\native\\libe_sqlite3.so": "B8DA0DB6A447B5CCE98207F6A250FB84",
  "runtimes\\linux-arm64\\native\\libe_sqlite3.so": "A888898B38395A15F2DE200BAA8B486F",
  "runtimes\\linux-armel\\native\\libe_sqlite3.so": "54F3F4183B81387F7928ED0BB9B67B32",
  "runtimes\\linux-mips64\\native\\libe_sqlite3.so": "D56886A2E2F081CDEA1621BB18132764",
  "runtimes\\linux-musl-arm\\native\\libe_sqlite3.so": "87AF85204A246154501382901F3F6812",
  "runtimes\\linux-musl-arm64\\native\\libe_sqlite3.so": "CD4B9AAB53400EFE96ABC32B339A866A",
  "runtimes\\linux-musl-x64\\native\\libe_sqlite3.so": "6C9D6E34F1E932668237404D6EB6FC66",
  "runtimes\\linux-s390x\\native\\libe_sqlite3.so": "CB751CC76F280849C0E2F718D6784E69",
  "runtimes\\linux-x64\\native\\libe_sqlite3.so": "30098E7FAEB947BF5A5AE2FDB34E4461",
  "runtimes\\linux-x86\\native\\libe_sqlite3.so": "68872BD5071077981504636C2353EAA8",
  "runtimes\\maccatalyst-arm64\\native\\libe_sqlite3.dylib": "B2597C8799A6D21E5B98DB28C9C725FD",
  "runtimes\\maccatalyst-x64\\native\\libe_sqlite3.dylib": "19DCF2A64A7B5D1B8C7705AC809653A5",
  "runtimes\\osx-arm64\\native\\libe_sqlite3.dylib": "FB6D0058E0E849FA8715911B49790350",
  "runtimes\\osx-x64\\native\\libe_sqlite3.dylib": "DE5735102E730C1518C029DB3A0040A9",
  "runtimes\\win-arm\\native\\e_sqlite3.dll": "D93A66739FE97D33BF0C3EEFAF911B23",
  "runtimes\\win-arm64\\native\\e_sqlite3.dll": "5065B7953DADF6628D97862016E09583",
  "runtimes\\win-x64\\native\\e_sqlite3.dll": "C22149565590D4346D22EA5520632CDB",
  "runtimes\\win-x64\\native\\minhook.x64d.dll": "F3DE83478C937AC92FDAEA3DACBA5143",
  "runtimes\\win-x86\\native\\e_sqlite3.dll": "3397307B120F28048CA7C576BD5C411F",
  "BCnEncoder.dll": "4CCDB11E3D8E784B76BDA0FCF8ECD776",
  "BitFaster.Caching.dll": "D92ED1475CAA419A47F0F2D57D62433F",
  "CheapLoc.dll": "FBE5C5ECE01553736C78C048729A3F16",
  "cimgui.dll": "1E41DD8BBF444514CE7CBFCB6393A444",
  "cimguizmo.dll": "8FCEAD6BA1C06564991F24C8AF7C75ED",
  "cimplot.dll": "2DF293B7E37BC43A5867FE988066271B",
  "commit_hash.txt": "2FE8E409AC8A35B16240400671FA346A",
  "CommunityToolkit.HighPerformance.dll": "66B64EC334625F2C5D341A45E28EEB43",
  "Dalamud.Bindings.ImGui.dll": "C092E07BCF0508AB477266E00E92FF3A",
  "Dalamud.Bindings.ImGuizmo.dll": "7458F4891613A8E9BD3AFC78344C10DB",
  "Dalamud.Bindings.ImPlot.dll": "D3C42FCCED2FE03D8085CDBCD076F3E4",
  "Dalamud.Boot.dll": "2E427A0B43EDF4BEEE0ED8D1DB35B75F",
  "Dalamud.Common.dll": "B1C7A689E71BF74AE2C88906FA76B0BE",
  "Dalamud.deps.json": "6F6C9C70E91923B04737D218D81244AC",
  "Dalamud.dll": "23316293C08CEDFEBCB4F3C4A1B1F7DB",
  "Dalamud.Injector.deps.json": "28C3C412E18C8E21BCEC052CCAF9CE11",
  "Dalamud.Injector.dll": "97EDD976F9751AF1D8E00E58DA46F2C8",
  "Dalamud.Injector.exe": "4C6702E4AF783C25428FD4E8491D4844",
  "Dalamud.Injector.runtimeconfig.json": "481C4D4F6151485203242D25F632FCC5",
  "Dalamud.Injector.xml": "573870DEB8A9854EC20203EDE9D78425",
  "Dalamud.runtimeconfig.json": "9DB7F0D7C94CA1AA6CA3ACFA6F93A1D8",
  "Dalamud.xml": "DFAA841D9F8F1288EE2AD761F2043A31",
  "DalamudCrashHandler.exe": "FF04A4016C208DC59459B83D4B9399E7",
  "FASM-LICENSE.TXT": "ECEA1D10811221D5F0A3E96F9C38E2C7",
  "FASM.DLL": "DE5986BDE10A651868C805BEE5AD2424",
  "FASMX64.DLL": "196797384ED76A253D8CF81CC36DDB77",
  "FFXIVClientStructs.dll": "8C47A71A5517E9D93592841311F9D0EC",
  "FFXIVClientStructs.xml": "E8863626614F92680C58E1542A579A52",
  "goatcorp.Reloaded.Assembler.dll": "EDF9431BE6B6608EBA42711A2876783B",
  "goatcorp.Reloaded.Assembler.targets": "CC22CB0A353E2136EE9E6E96DB9F7164",
  "goatcorp.Reloaded.Hooks.dll": "331151790DB0BE83DF4E1C4D14C5E990",
  "goatcorp.Reloaded.Memory.Buffers.dll": "56A6F92AF4036F7D96EA9B030D21C401",
  "HexaGen.Runtime.dll": "BE7C0D1FD2859929BC04B364AC221940",
  "Iced.dll": "D44663ADB4EF1964F2445008A522DD88",
  "ImGuiScene.dll": "B96B4B797FDC74D5F42971F64008E194",
  "InteropGenerator.Runtime.dll": "B238D3095ACEA6A2DCA40A8BC9AB9DF3",
  "JetBrains.Annotations.dll": "D334483DFBCF8BE6062277E1FB3B94F3",
  "licenses.txt": "A159BE62AA91178EFC3E3983AE874D1D",
  "Lumina.dll": "01EF5D52B727A74FD4E2F13B2BCEEF0C",
  "Lumina.Excel.dll": "1B4A2F17B1CBE4405F59A9B566224F8A",
  "Lumina.Excel.xml": "AEE3C28A2AE7FBEC7B9B5685FA0F569D",
  "Microsoft.Extensions.ObjectPool.dll": "CB2B8426DF93B062B631BC85B3369BED",
  "MinSharp.dll": "56B45E2079FD1DBC4BC3E878E37D59A2",
  "Mono.Cecil.dll": "CE22A5CCD6C0F1C95F5B3EF1006B406E",
  "Mono.Cecil.Mdb.dll": "5B0D84ACB842938782B4E6BAF24D81BC",
  "Mono.Cecil.Pdb.dll": "F67AB41ED0D21BDCA653F099655B2860",
  "Mono.Cecil.Rocks.dll": "CF1A72457B64A551D5809B744C71EF20",
  "nethost.dll": "21F39F71E2F4B5BA9FB3F126872F2F9B",
  "Newtonsoft.Json.dll": "C252FE44B67A08E6DAB4EADE3764DB49",
  "PeNet.Asn1.dll": "52A94C2E334AD6EA5D13C1110988A005",
  "PeNet.dll": "D98DB1B51ADB5A2F67FEC22972AC88A4",
  "Reloaded.Hooks.Definitions.dll": "C147C9BE6BB8C2928963B7455E98505D",
  "Reloaded.Memory.Buffers.dll": "4448BB9D14741F3F2BDB9BEEC1D70659",
  "Reloaded.Memory.dll": "E4D9D30678EFAC1FC688BBD83AF5D4DC",
  "revision.txt": "1CE83E5D4135B07C0B82AFFFBE2B3436",
  "Serilog.dll": "74FA9B0ED339CA1C64E96DC9A74A1D12",
  "Serilog.Sinks.Async.dll": "D9BE694D7A896614733D72F1F7A452A0",
  "Serilog.Sinks.Console.dll": "E34E791E1034077786EF8DB2FFFD7A09",
  "Serilog.Sinks.File.dll": "6BB989CCE2DDCCBCC5B4CE627F4AB69F",
  "SQLite-net.dll": "0CE19847AD3966FE6485C0CCAF25A8DA",
  "SQLitePCLRaw.batteries_v2.dll": "4163808D8E38C902E375B63AF854DF9D",
  "SQLitePCLRaw.core.dll": "D715D9733953AC938C9D75544F695336",
  "SQLitePCLRaw.provider.e_sqlite3.dll": "2316C98189DEB7E0410AC5497A9986D7",
  "System.Reactive.dll": "C6016588304D55406E3D1C2FA7D42903",
  "System.Reflection.MetadataLoadContext.dll": "284C720DEE2524BCF10DD1B5648AA303",
  "System.Security.Cryptography.Pkcs.dll": "17945B2BF07D9377E36AD3EBE69FF693",
  "TEMP_gitver.txt": "CCC5D612AFC3FB10E15018EF260D7042",
  "TerraFX.Interop.Windows.dll": "C75D06E77DE5A095D45676A81CDE0DC9"
}
