{
  "runtimes\\alpine-x64\\native\\libe_sqlite3.so": "39C244FEDBCD3DFC37041D4FCE1AE21D",
  "runtimes\\linux-arm\\native\\libe_sqlite3.so": "96CF54BC0EFB83D6E3F5F3E04997A59D",
  "runtimes\\linux-arm64\\native\\libe_sqlite3.so": "F079E55E7F3F9966A4A2052A3234E068",
  "runtimes\\linux-armel\\native\\libe_sqlite3.so": "C5A67D49434FC65D64E9C15778078C76",
  "runtimes\\linux-mips64\\native\\libe_sqlite3.so": "5F8461214089CFC677D46C19B7162161",
  "runtimes\\linux-musl-x64\\native\\libe_sqlite3.so": "39C244FEDBCD3DFC37041D4FCE1AE21D",
  "runtimes\\linux-x64\\native\\libe_sqlite3.so": "6F49C540D3AB9964D67A4A704C3D262D",
  "runtimes\\linux-x64\\native\\libglfw.so.3": "9E3137144F68B9E9793F4C7AD5B1BEA7",
  "runtimes\\linux-x64\\native\\libSDL2-2.0.so": "99B95A708381FC66AB2370E45A260527",
  "runtimes\\linux-x64\\native\\libstbi.so": "0945355ED59677D06E3E88F48101BB26",
  "runtimes\\linux-x86\\native\\libe_sqlite3.so": "5E0659B414CBD6DDC38C65582485853E",
  "runtimes\\osx-x64\\native\\libe_sqlite3.dylib": "F82AE134FCD1C080A69D775591406673",
  "runtimes\\osx-x64\\native\\libglfw.3.dylib": "1E30FAB2F0C40E82290AD4B0BF14A880",
  "runtimes\\osx-x64\\native\\libSDL2-2.0.dylib": "AAC958490586C67395F0A90903AE3747",
  "runtimes\\osx-x64\\native\\libstbi.dylib": "0B84B0A6A80178266018081C3CAB68E6",
  "runtimes\\win-arm\\native\\e_sqlite3.dll": "AC31D84B3D6D046FD6A92A409E8A04AA",
  "runtimes\\win-arm64\\native\\e_sqlite3.dll": "72149A51EE73D5B92238A132D8BA90AE",
  "runtimes\\win-x64\\native\\cimgui.dll": "3803856E133BB6D0F488AECC36494FFA",
  "runtimes\\win-x64\\native\\cimguizmo.dll": "3F6A650C086E247183030D2C46A00A93",
  "runtimes\\win-x64\\native\\cimplot.dll": "4AB0795836EBD710B7CD5AECD1284C55",
  "runtimes\\win-x64\\native\\e_sqlite3.dll": "8CED4C84F6C045273582BCE0C856CD7E",
  "runtimes\\win-x64\\native\\glfw3.dll": "E3CFEB42E59ADEB0BDB457ACFDF0B9F9",
  "runtimes\\win-x64\\native\\minhook.x64d.dll": "62782169662D554A728AF49059CB10D3",
  "runtimes\\win-x64\\native\\SDL2.dll": "544A8B1F461EAC97782ABA94D6321945",
  "runtimes\\win-x64\\native\\stbi.dll": "9D2E138EABEB88AA9AF0050917805412",
  "runtimes\\win-x64\\native\\stbi.lib": "927C214DE576219E1F80DBE7798A0502",
  "runtimes\\win-x86\\native\\e_sqlite3.dll": "5F6C52999E0CD9D46A4E27645EF7A0B4",
  "runtimes\\win-x86\\native\\glfw3.dll": "E6CAD2432884D03901114B61E714F983",
  "runtimes\\win-x86\\native\\SDL2.dll": "B288ED9D172B5F9D3A1112021BFFDDBF",
  "targets\\Dalamud.Plugin.Bootstrap.targets": "C85635161398CD9852CF7212DB7EB904",
  "targets\\Dalamud.Plugin.targets": "E2AA900DB1F6596D1C203D4112A10F5E",
  "CheapLoc.dll": "B7627CD3E5EE4D3A547FCF90AD609A33",
  "Costura.dll": "5488AD64F4C84B40824FAA4074B4780A",
  "Dalamud.Boot.dll": "172FC2C4987685CDB72FA429DBC3A549",
  "Dalamud.Common.dll": "C6C847399B67409FB4E92463929F9ECC",
  "Dalamud.deps.json": "325983F264A0A95D4BF89E2FD1B89563",
  "Dalamud.dll": "19001363D70760B1324B8E2A54502E6F",
  "Dalamud.Injector.deps.json": "C1FA0941DC8B38E415776C60C508AAB9",
  "Dalamud.Injector.dll": "96F4CC976D068DC5523B0D4C6B839D24",
  "Dalamud.Injector.exe": "E0F0D4D14E8FF3989DA67DF619B4824F",
  "Dalamud.Injector.runtimeconfig.json": "B9BB65FFE7924D4D8BABE9FA66303200",
  "Dalamud.Injector.xml": "D41E5DF541D19A015215E777D7395C9C",
  "Dalamud.runtimeconfig.json": "2A9CD915428BDD175E0889BD0C225F75",
  "Dalamud.xml": "1BED5E95AA8C741D6B6E716AF8BF7B74",
  "DalamudCrashHandler.exe": "3D87ECFCCBD480F526A7C108E16FF594",
  "FASM-LICENSE.TXT": "ECEA1D10811221D5F0A3E96F9C38E2C7",
  "FASM.DLL": "0DFB144AFE522D66A06F08136B9C2CA3",
  "FASMX64.DLL": "FBA4FA46A9D398969DA4CD07151140AF",
  "FFXIVClientStructs.dll": "E39D531B950B62AE4DF61156AF94D27D",
  "FFXIVClientStructs.xml": "1BC608E144B877A3EE42DFBFDD447B74",
  "goaaats.Reloaded.Assembler.targets": "CC22CB0A353E2136EE9E6E96DB9F7164",
  "Iced.dll": "812B4B35A2E0E4EFDFD4F6276F280075",
  "ImGui.NET.dll": "D33BB4AF23065623595966E1631517DB",
  "ImGuiScene.dll": "202EA13238BC5696056EC799816B2551",
  "JetBrains.Annotations.dll": "4C4BECEEBD4268B0AC5A54ECBE3B1371",
  "licenses.txt": "A159BE62AA91178EFC3E3983AE874D1D",
  "Lumina.dll": "2EADAAF3354922A0FAB2489311BF0D34",
  "Lumina.Excel.dll": "B22EEB9F22266A57DD7A454F7334318D",
  "Microsoft.Bcl.HashCode.dll": "613AB56061ADF2284E047025207467E0",
  "Microsoft.DotNet.PlatformAbstractions.dll": "00AB0F02B1114C57C758F5AD595224F1",
  "Microsoft.Extensions.DependencyModel.dll": "F39BC76C10CFEA478C936FC4521A9FC9",
  "Microsoft.Extensions.ObjectPool.dll": "4EEE3E64BE561711391BF998FFBF65D3",
  "MinSharp.dll": "EB5747C08D0D09806CC75C896EC6BC3B",
  "Mono.Cecil.dll": "7FBDBCA6AAD369A38B9D199E297D286D",
  "Mono.Cecil.Mdb.dll": "5A8C70D2311A35D40CD0959733468F72",
  "Mono.Cecil.Pdb.dll": "0845192E4554399E789D94D24FFCAAA2",
  "Mono.Cecil.Rocks.dll": "6BE9C54A4D5F93F3DF5691FAF3055316",
  "nethost.dll": "012081214FE71F0F6ADCD9F4A71B2B00",
  "Newtonsoft.Json.dll": "86A83A63F12B55FD3718CFBFB577D7DC",
  "PeNet.Asn1.dll": "7854609E64FE349C1B3B9074D6A01D51",
  "PeNet.dll": "6A07CA9EB09228EDA3B879D41F59A3DE",
  "PInvoke.AdvApi32.dll": "34EE461D05B403C3A15D0DEC32A3788C",
  "PInvoke.BCrypt.dll": "FD07758EE1440491F22923084109FF26",
  "PInvoke.Cabinet.dll": "333D950E3804735DA60CC41D614C63E2",
  "PInvoke.CfgMgr32.dll": "768BE7CC18EDCF78B296A72ABE891691",
  "PInvoke.Crypt32.dll": "E7B00B0851738F4A7F2C6D37DAA973B4",
  "PInvoke.DbgHelp.dll": "E701136169620D20E3A70B560DE20E44",
  "PInvoke.DwmApi.dll": "ACF223CC8962404056648815B486F7D9",
  "PInvoke.Gdi32.dll": "69FF434826F98582CE44D3136ECFFACB",
  "PInvoke.Hid.dll": "2E7A41257F8AD9B26073181F450CD8E5",
  "PInvoke.ImageHlp.dll": "79BE816E8D86EA66489D7780DD675D49",
  "PInvoke.IPHlpApi.dll": "E949FA3326D1BA8872B179AB4EE49D38",
  "PInvoke.Kernel32.dll": "234E15B122ED430DE99490CA1A204958",
  "PInvoke.Magnification.dll": "C9EA3D34F506741ECC044DB19C151F09",
  "PInvoke.Msi.dll": "69EE50CE2DA6B55755E52589F49A7EBC",
  "PInvoke.NCrypt.dll": "DA1DE76C14D99370CA3BEF19DC299B15",
  "PInvoke.NetApi32.dll": "AE79F9FA2E3864A5E0642AE4622ECDC5",
  "PInvoke.NewDev.dll": "B3E1992105D986EF9C5C8E4B630FBB07",
  "PInvoke.NTDll.dll": "3F6BDF840EB27DD0FD9EB8071822183A",
  "PInvoke.Ole32.dll": "3C49FB100B60519FFE725BCD12A538F6",
  "PInvoke.Psapi.dll": "A7683EE4B880227F01C8AE632A892B9E",
  "PInvoke.SetupApi.dll": "1B7AE321185D0081D1759A9AD829F9BA",
  "PInvoke.SHCore.dll": "F27E7F063D51480F6D2294C903E4A606",
  "PInvoke.Shell32.dll": "F71A1BCAF6478190691170DAEA77722F",
  "PInvoke.User32.dll": "8BEDE38311ED4F27127290B81B8079FD",
  "PInvoke.Userenv.dll": "FEB7BCA90B8C905EC2F4BB0789847131",
  "PInvoke.UxTheme.dll": "8E683C016250CB719FDB9AAAFC22B3C5",
  "PInvoke.Windows.Core.dll": "90015440A44935208FFEA9BF61740651",
  "PInvoke.Windows.ShellScalingApi.dll": "F351B34B8C9183A51CADFDC279357C49",
  "PInvoke.WinUsb.dll": "9EB8A0280F2848D1A32B560A939F7336",
  "PInvoke.WtsApi32.dll": "341C94455D2E5893DBE4293D4D67AA4D",
  "Reloaded.Assembler.dll": "ED53275706B6626ED255D3BD5B2C801B",
  "Reloaded.Hooks.Definitions.dll": "CBBA46E765F250EFDCE82D0B91F3E116",
  "Reloaded.Hooks.dll": "A9D800A50A6CBE9D88CD66003AE0DC51",
  "Reloaded.Memory.Buffers.dll": "B3B8AF7134512EE630966B3D18D6A072",
  "Reloaded.Memory.dll": "B39A4A06E6BCDA9D8DDAA54704924AE8",
  "revision.txt": "2912BBEEDC16C67BD0529AB7D438C1AC",
  "SDL2-CS.config": "65557595FD5DF55D93B2BF881DE62C3A",
  "SDL2-CS.dll": "C82DB48868C4A0DF5A071C09C0F89E12",
  "Serilog.dll": "375DB7B49E4F962BE0CF4A080217C41B",
  "Serilog.Sinks.Async.dll": "212FE7440A549B51C6E2D40057ED9490",
  "Serilog.Sinks.Console.dll": "5C4122CC29A5E7478620A3F3CB60E1B0",
  "Serilog.Sinks.File.dll": "C0DB1DCBFE7E4C1753818A787A5B4F21",
  "SharpDX.Direct3D11.dll": "CA3FE5F208A65E086838FC8A255BD76E",
  "SharpDX.dll": "D6D66744D500EA99D4BA2A14596B4037",
  "SharpDX.DXGI.dll": "7BE7588C6837777CD773962BB47312A7",
  "SharpDX.Mathematics.dll": "186ED0A0C41CF3DF4DA3CCDD372147F9",
  "Silk.NET.Core.dll": "194DA98328EF5A02282D0E5A024EF9FB",
  "Silk.NET.GLFW.dll": "F2256B8230D3B6D9D0389FA13E81E857",
  "Silk.NET.Maths.dll": "5C0524C2DDC587E71AB2046CF03AA6C1",
  "Silk.NET.OpenGL.dll": "1A479E00126A104736161C0ECF608C6C",
  "Silk.NET.SDL.dll": "04E4C28CBC5E4C52BB4878F98573565D",
  "Silk.NET.Windowing.Common.dll": "5320C729E431BBFCEB4A94D1741229FF",
  "Silk.NET.Windowing.Glfw.dll": "D1233436D2A75C4D20ACCACE5520FD78",
  "Silk.NET.Windowing.Sdl.dll": "4C91B52CB9240F815BD7442DEE8C4281",
  "SQLite-net.dll": "BE7F840CCF47B61CB2B24CE52EF92652",
  "SQLitePCLRaw.batteries_v2.dll": "2F53A347253F5FC406AF5C50BBC7B5D6",
  "SQLitePCLRaw.core.dll": "F0736654B0F61D0EBD6B8C660613D9F5",
  "SQLitePCLRaw.nativelibrary.dll": "4400A6ED691317CC49C3636BBE409D11",
  "SQLitePCLRaw.provider.dynamic_cdecl.dll": "2BE91C71CFDD2F3C54A0B37E735732EE",
  "StbiSharp.dll": "D5DA0040782B4E4DFE24669C660B7C19",
  "System.Reactive.dll": "EF5A00287AD15393D41B12AA4B726FF7",
  "System.Reflection.MetadataLoadContext.dll": "7EC41D41F4E1246757BA3E2EC862D562",
  "System.Security.Cryptography.Pkcs.dll": "8950E01996A37E808BE3F39063C37BF9",
  "TEMP_gitver.txt": "2090EDFFE89BFB235B1D6B6805EBA578",
  "TerraFX.Interop.Windows.dll": "84F7EF6B0DE91F8CC23F773D3FD6DEC0",
  "Validation.dll": "10ED8C27D37CE0E60246A6D5CEC6B56B"
}
