{
  "runtimes\\alpine-x64\\native\\libe_sqlite3.so": "39C244FEDBCD3DFC37041D4FCE1AE21D",
  "runtimes\\linux-arm\\native\\libe_sqlite3.so": "96CF54BC0EFB83D6E3F5F3E04997A59D",
  "runtimes\\linux-arm64\\native\\libe_sqlite3.so": "F079E55E7F3F9966A4A2052A3234E068",
  "runtimes\\linux-armel\\native\\libe_sqlite3.so": "C5A67D49434FC65D64E9C15778078C76",
  "runtimes\\linux-mips64\\native\\libe_sqlite3.so": "5F8461214089CFC677D46C19B7162161",
  "runtimes\\linux-musl-x64\\native\\libe_sqlite3.so": "39C244FEDBCD3DFC37041D4FCE1AE21D",
  "runtimes\\linux-x64\\native\\libe_sqlite3.so": "6F49C540D3AB9964D67A4A704C3D262D",
  "runtimes\\linux-x64\\native\\libglfw.so.3": "9E3137144F68B9E9793F4C7AD5B1BEA7",
  "runtimes\\linux-x64\\native\\libSDL2-2.0.so": "99B95A708381FC66AB2370E45A260527",
  "runtimes\\linux-x64\\native\\libstbi.so": "0945355ED59677D06E3E88F48101BB26",
  "runtimes\\linux-x86\\native\\libe_sqlite3.so": "5E0659B414CBD6DDC38C65582485853E",
  "runtimes\\osx-x64\\native\\libe_sqlite3.dylib": "F82AE134FCD1C080A69D775591406673",
  "runtimes\\osx-x64\\native\\libglfw.3.dylib": "1E30FAB2F0C40E82290AD4B0BF14A880",
  "runtimes\\osx-x64\\native\\libSDL2-2.0.dylib": "AAC958490586C67395F0A90903AE3747",
  "runtimes\\osx-x64\\native\\libstbi.dylib": "0B84B0A6A80178266018081C3CAB68E6",
  "runtimes\\win-arm\\native\\e_sqlite3.dll": "9E27A18A5A0B98CB9BFA4765D2E9F1F2",
  "runtimes\\win-arm64\\native\\e_sqlite3.dll": "8D483E5B658E74E4567C174875C75E1F",
  "runtimes\\win-x64\\native\\e_sqlite3.dll": "C8776045919C85B1593D0F2D20ED67A8",
  "runtimes\\win-x64\\native\\glfw3.dll": "D3BC231FE0B4F91FBA1DF891341AC8E5",
  "runtimes\\win-x64\\native\\minhook.x64d.dll": "ED7DC24C6100CE9AD02F8D4A806B6E58",
  "runtimes\\win-x64\\native\\SDL2.dll": "653170B5F676176854DC0883D87750BA",
  "runtimes\\win-x64\\native\\stbi.dll": "A6B0049CDF9819AB038E8785530EC971",
  "runtimes\\win-x64\\native\\stbi.lib": "927C214DE576219E1F80DBE7798A0502",
  "runtimes\\win-x86\\native\\e_sqlite3.dll": "F5070CED273A56DDD04F0ACBA0A3CD51",
  "runtimes\\win-x86\\native\\glfw3.dll": "9686EF20AB75B57616522382EEADE7A7",
  "runtimes\\win-x86\\native\\SDL2.dll": "CE34FB1D06971779C4AD2154CBBA2AF4",
  "targets\\Dalamud.Plugin.Bootstrap.targets": "C85635161398CD9852CF7212DB7EB904",
  "targets\\Dalamud.Plugin.targets": "69D15EDFB3D4F0BEE3A099216E4DE057",
  "BitFaster.Caching.dll": "66AB6C8402D5256B74BF8769804E4BC4",
  "CheapLoc.dll": "BC362FF57DA893AA4EECFCAC69EB70D5",
  "cimgui.dll": "50DD0DF5AFA33B1313F13CC23B6F1568",
  "cimguizmo.dll": "F26E4B124A75C9290B05A1115F2F4F75",
  "cimplot.dll": "2D243DB23F3852354347B97C8B48CF84",
  "commit_hash.txt": "D3EDB7D55FE73284FE59E8E1F623324F",
  "Dalamud.Boot.dll": "3E7D872B276346372678A4958882709C",
  "Dalamud.Common.dll": "EF98504EEE4601B471549217FA58DEE3",
  "Dalamud.deps.json": "6F48A712F523DB5F6C94DB889B18E24A",
  "Dalamud.dll": "71558C9D593FA9D58E4B819621C5863F",
  "Dalamud.Injector.deps.json": "E30B9BD40106FFC14A5274A670979EDF",
  "Dalamud.Injector.dll": "92D4E1A772AC3B121B4F143513124285",
  "Dalamud.Injector.exe": "066ED7B406EC9E6801BDE7DCCF4516F2",
  "Dalamud.Injector.runtimeconfig.json": "B9BB65FFE7924D4D8BABE9FA66303200",
  "Dalamud.Injector.xml": "D41E5DF541D19A015215E777D7395C9C",
  "Dalamud.runtimeconfig.json": "2A9CD915428BDD175E0889BD0C225F75",
  "Dalamud.xml": "21EFC9A4DF3B08F2393DB3FBABEE8E58",
  "DalamudCrashHandler.exe": "D5542F248F4F28383E13D3A835CD1E9B",
  "FASM-LICENSE.TXT": "ECEA1D10811221D5F0A3E96F9C38E2C7",
  "FASM.DLL": "6528F3EA60B9E45BF6A1317FC4B0DD29",
  "FASMX64.DLL": "48EEE1F0ACDBEDDF8FEA78A264C1100D",
  "FFXIVClientStructs.dll": "CB327B666FB67AE60212666DB472467B",
  "FFXIVClientStructs.xml": "5449B77AF8F417C2F80D08373829C18E",
  "goaaats.Reloaded.Assembler.targets": "CC22CB0A353E2136EE9E6E96DB9F7164",
  "Iced.dll": "C44BD9103348505FE5DF42A572E7BED7",
  "ImGui.NET.dll": "31D7B7B128985A83B7EF4B8E8A5DF048",
  "ImGuiScene.dll": "48F3724E72017804500B3736176ED67A",
  "InteropGenerator.Runtime.dll": "6D75E036391C057A019A85347F67B365",
  "JetBrains.Annotations.dll": "55B181AB7ED1AF9C1D6169F5CB25AF4B",
  "licenses.txt": "A159BE62AA91178EFC3E3983AE874D1D",
  "Lumina.dll": "F6DBA24D0A0BB52D241D4500959EFE14",
  "Lumina.Excel.dll": "CE9F1DF6A0520BE912B216CC640F3C20",
  "Microsoft.Bcl.HashCode.dll": "613AB56061ADF2284E047025207467E0",
  "Microsoft.DotNet.PlatformAbstractions.dll": "00AB0F02B1114C57C758F5AD595224F1",
  "Microsoft.Extensions.DependencyModel.dll": "F39BC76C10CFEA478C936FC4521A9FC9",
  "Microsoft.Extensions.ObjectPool.dll": "FEE3CE8A84417360CC5ED787ED6F7DB1",
  "MinSharp.dll": "D45525A8201401504AC9CB38B697C990",
  "Mono.Cecil.dll": "9B32C620393F79B9B8B26F5C310A7342",
  "Mono.Cecil.Mdb.dll": "3D8F3F58DF5B8FF9FE7E537E470C0D0F",
  "Mono.Cecil.Pdb.dll": "79039CE14E04F0B0660D243241C10F60",
  "Mono.Cecil.Rocks.dll": "E397BAF8C1D96E46B682B937BC1B1F36",
  "nethost.dll": "21F39F71E2F4B5BA9FB3F126872F2F9B",
  "Newtonsoft.Json.dll": "ADF3E3EECDE20B7C9661E9C47106A14A",
  "PeNet.Asn1.dll": "06725BF57859D4A06F0D07A7DB86BCEB",
  "PeNet.dll": "4CFE6BF0FA6AE6134F7C0EC2B193362E",
  "PInvoke.AdvApi32.dll": "34EE461D05B403C3A15D0DEC32A3788C",
  "PInvoke.BCrypt.dll": "FD07758EE1440491F22923084109FF26",
  "PInvoke.Cabinet.dll": "333D950E3804735DA60CC41D614C63E2",
  "PInvoke.CfgMgr32.dll": "768BE7CC18EDCF78B296A72ABE891691",
  "PInvoke.Crypt32.dll": "E7B00B0851738F4A7F2C6D37DAA973B4",
  "PInvoke.DbgHelp.dll": "E701136169620D20E3A70B560DE20E44",
  "PInvoke.DwmApi.dll": "ACF223CC8962404056648815B486F7D9",
  "PInvoke.Gdi32.dll": "69FF434826F98582CE44D3136ECFFACB",
  "PInvoke.Hid.dll": "2E7A41257F8AD9B26073181F450CD8E5",
  "PInvoke.ImageHlp.dll": "79BE816E8D86EA66489D7780DD675D49",
  "PInvoke.IPHlpApi.dll": "E949FA3326D1BA8872B179AB4EE49D38",
  "PInvoke.Kernel32.dll": "234E15B122ED430DE99490CA1A204958",
  "PInvoke.Magnification.dll": "C9EA3D34F506741ECC044DB19C151F09",
  "PInvoke.Msi.dll": "69EE50CE2DA6B55755E52589F49A7EBC",
  "PInvoke.NCrypt.dll": "DA1DE76C14D99370CA3BEF19DC299B15",
  "PInvoke.NetApi32.dll": "AE79F9FA2E3864A5E0642AE4622ECDC5",
  "PInvoke.NewDev.dll": "B3E1992105D986EF9C5C8E4B630FBB07",
  "PInvoke.NTDll.dll": "3F6BDF840EB27DD0FD9EB8071822183A",
  "PInvoke.Ole32.dll": "3C49FB100B60519FFE725BCD12A538F6",
  "PInvoke.Psapi.dll": "A7683EE4B880227F01C8AE632A892B9E",
  "PInvoke.SetupApi.dll": "1B7AE321185D0081D1759A9AD829F9BA",
  "PInvoke.SHCore.dll": "F27E7F063D51480F6D2294C903E4A606",
  "PInvoke.Shell32.dll": "F71A1BCAF6478190691170DAEA77722F",
  "PInvoke.User32.dll": "8BEDE38311ED4F27127290B81B8079FD",
  "PInvoke.Userenv.dll": "FEB7BCA90B8C905EC2F4BB0789847131",
  "PInvoke.UxTheme.dll": "8E683C016250CB719FDB9AAAFC22B3C5",
  "PInvoke.Windows.Core.dll": "90015440A44935208FFEA9BF61740651",
  "PInvoke.Windows.ShellScalingApi.dll": "F351B34B8C9183A51CADFDC279357C49",
  "PInvoke.WinUsb.dll": "9EB8A0280F2848D1A32B560A939F7336",
  "PInvoke.WtsApi32.dll": "341C94455D2E5893DBE4293D4D67AA4D",
  "Reloaded.Assembler.dll": "E024C677DFD41EFBABEA1C08C70F3D67",
  "Reloaded.Hooks.Definitions.dll": "927CADA783D26DD2945B48C95044C0A3",
  "Reloaded.Hooks.dll": "879C6B6C38F5BB692A8FE976B06913DC",
  "Reloaded.Memory.Buffers.dll": "4C9C709FA8BDA51AE01AEBE45569CF1A",
  "Reloaded.Memory.dll": "EA18DD484077F42C2A3E0FEDDF9BA8BE",
  "revision.txt": "F998FE2862E4DBAB7E4D18DE41D02D3B",
  "SDL2-CS.config": "65557595FD5DF55D93B2BF881DE62C3A",
  "SDL2-CS.dll": "6F0843691F806101711EFF0965A52288",
  "Serilog.dll": "DA93E5EDAB0F1960030615BE0CC27D0A",
  "Serilog.Sinks.Async.dll": "BEAF103010D67FA3E806196F449351DA",
  "Serilog.Sinks.Console.dll": "ED8C4F25BCA0B4A4A4F534BB9F86CDF4",
  "Serilog.Sinks.File.dll": "D91F912CA0E9E4D776032695A2725CBB",
  "SharpDX.Direct3D11.dll": "C92027F74144C421EF1C929BD7B48CB2",
  "SharpDX.dll": "5278CE64EAEE656F7D26F89B8E3DB985",
  "SharpDX.DXGI.dll": "A5BE7F23901C4AE47E67B78D97680CAF",
  "SharpDX.Mathematics.dll": "18589A9D0A0DEB0A5F0057A801FAB098",
  "Silk.NET.Core.dll": "6BCA9CA968EFF3B05F5C9F7E1C0B2842",
  "Silk.NET.GLFW.dll": "4D743D4A1AA9503423EED9A53AD9C221",
  "Silk.NET.Maths.dll": "94DF7B18292933E264BB62A5FA93740C",
  "Silk.NET.OpenGL.dll": "1EAE95F76696FD2F1C42E502CFAD0B0F",
  "Silk.NET.SDL.dll": "1A67FBC87DC2886F032B24C3754D2E9B",
  "Silk.NET.Windowing.Common.dll": "B1BFDC4FAD96FE84716DE0A06DFD9F9B",
  "Silk.NET.Windowing.Glfw.dll": "110FF42757EB2D5CBF26D1F34D8E6B3E",
  "Silk.NET.Windowing.Sdl.dll": "A8CAADDB1B9EAED353EE5DA3CE7B5D5E",
  "SQLite-net.dll": "6EAC5DBE46C66ADB6EFBC0ADA4B770B6",
  "SQLitePCLRaw.batteries_v2.dll": "1C45FA313B0BAAD1874CD953A008EC68",
  "SQLitePCLRaw.core.dll": "D0BF2BE2F6093511A1B0F740E3E55561",
  "SQLitePCLRaw.nativelibrary.dll": "A034EE5298EC359FD9EDB23C28827224",
  "SQLitePCLRaw.provider.dynamic_cdecl.dll": "2093FB815226665DFF368916FEBB0040",
  "StbiSharp.dll": "FF1493D29FD902E81A69C8F9383891C2",
  "System.Reactive.dll": "EF5A00287AD15393D41B12AA4B726FF7",
  "System.Reflection.MetadataLoadContext.dll": "E88E3AF6D37736F339022C9ACC5F2F7B",
  "System.Security.Cryptography.Pkcs.dll": "8950E01996A37E808BE3F39063C37BF9",
  "TEMP_gitver.txt": "32C5968A3DDC897C0544F2EB4823600B",
  "TerraFX.Interop.Windows.dll": "84F7EF6B0DE91F8CC23F773D3FD6DEC0",
  "Validation.dll": "D486ADC642A37CA943AA175E95B9BD73"
}
