{
  "runtimes\\alpine-x64\\native\\libe_sqlite3.so": "39C244FEDBCD3DFC37041D4FCE1AE21D",
  "runtimes\\linux-arm\\native\\libe_sqlite3.so": "96CF54BC0EFB83D6E3F5F3E04997A59D",
  "runtimes\\linux-arm64\\native\\libe_sqlite3.so": "F079E55E7F3F9966A4A2052A3234E068",
  "runtimes\\linux-armel\\native\\libe_sqlite3.so": "C5A67D49434FC65D64E9C15778078C76",
  "runtimes\\linux-mips64\\native\\libe_sqlite3.so": "5F8461214089CFC677D46C19B7162161",
  "runtimes\\linux-musl-x64\\native\\libe_sqlite3.so": "39C244FEDBCD3DFC37041D4FCE1AE21D",
  "runtimes\\linux-x64\\native\\libe_sqlite3.so": "6F49C540D3AB9964D67A4A704C3D262D",
  "runtimes\\linux-x64\\native\\libglfw.so.3": "9E3137144F68B9E9793F4C7AD5B1BEA7",
  "runtimes\\linux-x64\\native\\libSDL2-2.0.so": "99B95A708381FC66AB2370E45A260527",
  "runtimes\\linux-x64\\native\\libstbi.so": "0945355ED59677D06E3E88F48101BB26",
  "runtimes\\linux-x86\\native\\libe_sqlite3.so": "5E0659B414CBD6DDC38C65582485853E",
  "runtimes\\osx-x64\\native\\libe_sqlite3.dylib": "F82AE134FCD1C080A69D775591406673",
  "runtimes\\osx-x64\\native\\libglfw.3.dylib": "1E30FAB2F0C40E82290AD4B0BF14A880",
  "runtimes\\osx-x64\\native\\libSDL2-2.0.dylib": "AAC958490586C67395F0A90903AE3747",
  "runtimes\\osx-x64\\native\\libstbi.dylib": "0B84B0A6A80178266018081C3CAB68E6",
  "runtimes\\win-arm\\native\\e_sqlite3.dll": "4FE61DDEC14227E78A292A193012B673",
  "runtimes\\win-arm64\\native\\e_sqlite3.dll": "6F2249566E02EE5DDD19C7B96C841EA6",
  "runtimes\\win-x64\\native\\e_sqlite3.dll": "167C749CFF2AC1F4BA13B48CA1EAA47F",
  "runtimes\\win-x64\\native\\glfw3.dll": "9F6CD40719FCC3E7ED194E226A274BE2",
  "runtimes\\win-x64\\native\\minhook.x64d.dll": "A82D387F371E31DCC13BE04A24F18EB2",
  "runtimes\\win-x64\\native\\SDL2.dll": "A4513B6F93B4A2E06F30395197A5CDED",
  "runtimes\\win-x64\\native\\stbi.dll": "5F0A1EB66883C8FBB1D3AB592A6DAAE8",
  "runtimes\\win-x64\\native\\stbi.lib": "927C214DE576219E1F80DBE7798A0502",
  "runtimes\\win-x86\\native\\e_sqlite3.dll": "9C6F49729EECD5F34A4981576755AC42",
  "runtimes\\win-x86\\native\\glfw3.dll": "331E7A89C185C05F78D48B6F242A9739",
  "runtimes\\win-x86\\native\\SDL2.dll": "B2A7B95A0E9B2E0B9BCD56EC6DB56E78",
  "targets\\Dalamud.Plugin.Bootstrap.targets": "C85635161398CD9852CF7212DB7EB904",
  "targets\\Dalamud.Plugin.targets": "394EE2BEC70254F76ABBE2C33F62BBFA",
  "BitFaster.Caching.dll": "C2000DBE40F3CD90DAD643F9003CD8AA",
  "CheapLoc.dll": "DEC1472F69B1AA90ECC536D89EF8F7D5",
  "cimgui.dll": "84BB1F7A76AA25B6226566D32355C108",
  "cimguizmo.dll": "2E3A6546FC6876B753FF33EE10C91DA0",
  "cimplot.dll": "EF8C02939864884D1599382A1B41A4F5",
  "commit_hash.txt": "F23BE815AF46D80860C40071C66565AA",
  "Dalamud.Boot.dll": "23976A31A6766584C865AFE5B2698D8C",
  "Dalamud.Common.dll": "0EC84DD396422B554F206DCA453AFF31",
  "Dalamud.deps.json": "083D666144567D04AEC2A339AC368A91",
  "Dalamud.dll": "670F62FBEC519EAD59408BBCD75417FC",
  "Dalamud.Injector.deps.json": "C21972522E8133995B2C9562B3E39983",
  "Dalamud.Injector.dll": "014DF9E5DC1BB805CF40FF0A507A1615",
  "Dalamud.Injector.exe": "14C096DA70F01B6D28E3D76D4A916F1D",
  "Dalamud.Injector.runtimeconfig.json": "439C534917CEF268A731631073E50FE4",
  "Dalamud.Injector.xml": "6730B8BB13078B71889B5A56C5DFAC6D",
  "Dalamud.runtimeconfig.json": "CA3935E9C6B9E3300F2D7171E4AF6335",
  "Dalamud.xml": "5EC670C2294BDBF5C121894E52CC5D59",
  "DalamudCrashHandler.exe": "9B3A750B940D6939ABC4DD4DEB8C945D",
  "FASM-LICENSE.TXT": "ECEA1D10811221D5F0A3E96F9C38E2C7",
  "FASM.DLL": "20634A593F0DF9288C801AFE7E383F17",
  "FASMX64.DLL": "C8678920BF08EA0AB9DA04F01F8EF338",
  "FFXIVClientStructs.dll": "D079B3867A6C2D4B18BE4A380F3837D4",
  "FFXIVClientStructs.xml": "97EAF03D1CB7FAF87CEF51435D137693",
  "goatcorp.Reloaded.Assembler.targets": "CC22CB0A353E2136EE9E6E96DB9F7164",
  "Iced.dll": "CF316E735ACF28E85FB0B6A2C7915295",
  "ImGui.NET.dll": "CF499E24D0938BADA536180CE96E2893",
  "ImGuiScene.dll": "19853D2E45A590760CDCB0EF07AF1DBA",
  "InteropGenerator.Runtime.dll": "610C783FF5ECBF8FDEA4D1AFE8670CF6",
  "JetBrains.Annotations.dll": "8B21FE155096E8841E9F07F9A8483F91",
  "licenses.txt": "A159BE62AA91178EFC3E3983AE874D1D",
  "Lumina.dll": "47717C69A07DAB09B81A391378B2FA1D",
  "Lumina.Excel.dll": "6F4862FCB981CDDD908F7C7DE0294AA6",
  "Microsoft.Bcl.HashCode.dll": "613AB56061ADF2284E047025207467E0",
  "Microsoft.DotNet.PlatformAbstractions.dll": "00AB0F02B1114C57C758F5AD595224F1",
  "Microsoft.Extensions.DependencyModel.dll": "F39BC76C10CFEA478C936FC4521A9FC9",
  "Microsoft.Extensions.ObjectPool.dll": "B0558CE087EAE95853E35579300F3A77",
  "MinSharp.dll": "34CF76532913C6DF6A5CE10C93ACCB73",
  "Mono.Cecil.dll": "9055DB771F0A6435C3B49D876800ACE2",
  "Mono.Cecil.Mdb.dll": "2CFECD16F4F2E3EC808CC124208BC62A",
  "Mono.Cecil.Pdb.dll": "7608C54719D3883B0750BB7F51A865D7",
  "Mono.Cecil.Rocks.dll": "1B6D31621C81C263675FA528596FB40B",
  "nethost.dll": "21F39F71E2F4B5BA9FB3F126872F2F9B",
  "Newtonsoft.Json.dll": "ADF3E3EECDE20B7C9661E9C47106A14A",
  "PeNet.Asn1.dll": "A537A175131D352EF466C782196211AA",
  "PeNet.dll": "F4621D5A91563FC8619A6972F150475F",
  "PInvoke.AdvApi32.dll": "34EE461D05B403C3A15D0DEC32A3788C",
  "PInvoke.BCrypt.dll": "FD07758EE1440491F22923084109FF26",
  "PInvoke.Cabinet.dll": "333D950E3804735DA60CC41D614C63E2",
  "PInvoke.CfgMgr32.dll": "768BE7CC18EDCF78B296A72ABE891691",
  "PInvoke.Crypt32.dll": "E7B00B0851738F4A7F2C6D37DAA973B4",
  "PInvoke.DbgHelp.dll": "E701136169620D20E3A70B560DE20E44",
  "PInvoke.DwmApi.dll": "ACF223CC8962404056648815B486F7D9",
  "PInvoke.Gdi32.dll": "69FF434826F98582CE44D3136ECFFACB",
  "PInvoke.Hid.dll": "2E7A41257F8AD9B26073181F450CD8E5",
  "PInvoke.ImageHlp.dll": "79BE816E8D86EA66489D7780DD675D49",
  "PInvoke.IPHlpApi.dll": "E949FA3326D1BA8872B179AB4EE49D38",
  "PInvoke.Kernel32.dll": "234E15B122ED430DE99490CA1A204958",
  "PInvoke.Magnification.dll": "C9EA3D34F506741ECC044DB19C151F09",
  "PInvoke.Msi.dll": "69EE50CE2DA6B55755E52589F49A7EBC",
  "PInvoke.NCrypt.dll": "DA1DE76C14D99370CA3BEF19DC299B15",
  "PInvoke.NetApi32.dll": "AE79F9FA2E3864A5E0642AE4622ECDC5",
  "PInvoke.NewDev.dll": "B3E1992105D986EF9C5C8E4B630FBB07",
  "PInvoke.NTDll.dll": "3F6BDF840EB27DD0FD9EB8071822183A",
  "PInvoke.Ole32.dll": "3C49FB100B60519FFE725BCD12A538F6",
  "PInvoke.Psapi.dll": "A7683EE4B880227F01C8AE632A892B9E",
  "PInvoke.SetupApi.dll": "1B7AE321185D0081D1759A9AD829F9BA",
  "PInvoke.SHCore.dll": "F27E7F063D51480F6D2294C903E4A606",
  "PInvoke.Shell32.dll": "F71A1BCAF6478190691170DAEA77722F",
  "PInvoke.User32.dll": "8BEDE38311ED4F27127290B81B8079FD",
  "PInvoke.Userenv.dll": "FEB7BCA90B8C905EC2F4BB0789847131",
  "PInvoke.UxTheme.dll": "8E683C016250CB719FDB9AAAFC22B3C5",
  "PInvoke.Windows.Core.dll": "90015440A44935208FFEA9BF61740651",
  "PInvoke.Windows.ShellScalingApi.dll": "F351B34B8C9183A51CADFDC279357C49",
  "PInvoke.WinUsb.dll": "9EB8A0280F2848D1A32B560A939F7336",
  "PInvoke.WtsApi32.dll": "341C94455D2E5893DBE4293D4D67AA4D",
  "Reloaded.Assembler.dll": "F298950E9F635D7878FF8E7C469C3731",
  "Reloaded.Hooks.Definitions.dll": "A8611EBBF7E70CE91FD00465052E31FF",
  "Reloaded.Hooks.dll": "61765F9E57589EEE3D692BC5CDBE8EAB",
  "Reloaded.Memory.Buffers.dll": "7495084516687012528C1998FE2B1B2B",
  "Reloaded.Memory.dll": "B7CF51417E9870F911B59D32FE711DB0",
  "revision.txt": "DC363817786FF182B7BC59565D864523",
  "SDL2-CS.config": "65557595FD5DF55D93B2BF881DE62C3A",
  "SDL2-CS.dll": "4F1A2AA781D8C839F17B9BDE8560430D",
  "Serilog.dll": "73EEAD09C3049BCA6A271F8BEF27438A",
  "Serilog.Sinks.Async.dll": "DAA990C505C72418952CD70860569040",
  "Serilog.Sinks.Console.dll": "F5E05869CE9C98FCB48E171D5E6997CB",
  "Serilog.Sinks.File.dll": "E053E1AF7EE26F99F7F513D76354B472",
  "SharpDX.Direct3D11.dll": "BD53D0FD92FD6BD76F7F3D68CC299791",
  "SharpDX.dll": "728B0F0536F1E42FADF13162FB0F9BC2",
  "SharpDX.DXGI.dll": "D6B1E74AA0048FEA1C7CF6C93FB04014",
  "SharpDX.Mathematics.dll": "E4EF3E40A2E878ACD8A809F7F6DC5638",
  "Silk.NET.Core.dll": "62744CE778DCF1F261CAF431EB1E0536",
  "Silk.NET.GLFW.dll": "1E68B98DA880E81062A852E0DF4BA32F",
  "Silk.NET.Maths.dll": "C21583AF2F763D5979720A8AC0AE980B",
  "Silk.NET.OpenGL.dll": "590F14654861BCA59EFCB4064EE7D046",
  "Silk.NET.SDL.dll": "CCFD26B1091DE97B567C008208846D5A",
  "Silk.NET.Windowing.Common.dll": "3BD723C6007C5F06DEC325EAA530A2CF",
  "Silk.NET.Windowing.Glfw.dll": "F3332797F3B8DB713E63B9405A6E9FB2",
  "Silk.NET.Windowing.Sdl.dll": "83EFF232F0D67EB41156AE9F77C60B08",
  "SQLite-net.dll": "1EDEC3CEB50426E5F4931251D02F68AE",
  "SQLitePCLRaw.batteries_v2.dll": "C4AFDB5863ADB48B2EA8A184CFD2992F",
  "SQLitePCLRaw.core.dll": "238218066428F8CBF6D9AC80BFAA081C",
  "SQLitePCLRaw.nativelibrary.dll": "16B816A355FD031925061AA8108506BD",
  "SQLitePCLRaw.provider.dynamic_cdecl.dll": "E3D1A34A017082CFEC39B1B5135584B2",
  "StbiSharp.dll": "5F95863736B6734D8176AA88A68872C3",
  "System.Reactive.dll": "EF5A00287AD15393D41B12AA4B726FF7",
  "System.Reflection.MetadataLoadContext.dll": "E88E3AF6D37736F339022C9ACC5F2F7B",
  "System.Security.Cryptography.Pkcs.dll": "8950E01996A37E808BE3F39063C37BF9",
  "TEMP_gitver.txt": "FF93DBD8759EBCD178D336D0EADA814B",
  "TerraFX.Interop.Windows.dll": "84F7EF6B0DE91F8CC23F773D3FD6DEC0",
  "Validation.dll": "208FD9DF6FEE0881B25D44F6A112D858"
}
