{
  "runtimes\\alpine-arm\\native\\libe_sqlite3.so": "87AF85204A246154501382901F3F6812",
  "runtimes\\alpine-arm64\\native\\libe_sqlite3.so": "CD4B9AAB53400EFE96ABC32B339A866A",
  "runtimes\\alpine-x64\\native\\libe_sqlite3.so": "6C9D6E34F1E932668237404D6EB6FC66",
  "runtimes\\browser-wasm\\nativeassets\\net7.0\\e_sqlite3.a": "E25518AC5EAD5E787448F3258236888E",
  "runtimes\\linux-arm\\native\\libe_sqlite3.so": "B8DA0DB6A447B5CCE98207F6A250FB84",
  "runtimes\\linux-arm64\\native\\libe_sqlite3.so": "A888898B38395A15F2DE200BAA8B486F",
  "runtimes\\linux-armel\\native\\libe_sqlite3.so": "54F3F4183B81387F7928ED0BB9B67B32",
  "runtimes\\linux-mips64\\native\\libe_sqlite3.so": "D56886A2E2F081CDEA1621BB18132764",
  "runtimes\\linux-musl-arm\\native\\libe_sqlite3.so": "87AF85204A246154501382901F3F6812",
  "runtimes\\linux-musl-arm64\\native\\libe_sqlite3.so": "CD4B9AAB53400EFE96ABC32B339A866A",
  "runtimes\\linux-musl-x64\\native\\libe_sqlite3.so": "6C9D6E34F1E932668237404D6EB6FC66",
  "runtimes\\linux-s390x\\native\\libe_sqlite3.so": "CB751CC76F280849C0E2F718D6784E69",
  "runtimes\\linux-x64\\native\\libe_sqlite3.so": "30098E7FAEB947BF5A5AE2FDB34E4461",
  "runtimes\\linux-x86\\native\\libe_sqlite3.so": "68872BD5071077981504636C2353EAA8",
  "runtimes\\maccatalyst-arm64\\native\\libe_sqlite3.dylib": "B2597C8799A6D21E5B98DB28C9C725FD",
  "runtimes\\maccatalyst-x64\\native\\libe_sqlite3.dylib": "19DCF2A64A7B5D1B8C7705AC809653A5",
  "runtimes\\osx-arm64\\native\\libe_sqlite3.dylib": "FB6D0058E0E849FA8715911B49790350",
  "runtimes\\osx-x64\\native\\libe_sqlite3.dylib": "DE5735102E730C1518C029DB3A0040A9",
  "runtimes\\win-arm\\native\\e_sqlite3.dll": "81BA84D9611A0729559D85A5E90D3401",
  "runtimes\\win-arm64\\native\\e_sqlite3.dll": "721023780AFA7612C165671A9AC8F031",
  "runtimes\\win-x64\\native\\e_sqlite3.dll": "F1B72146E3B4723EF7679EE2FFCFAC71",
  "runtimes\\win-x64\\native\\minhook.x64d.dll": "5DB13B4010F4826661FA824AD444BB86",
  "runtimes\\win-x86\\native\\e_sqlite3.dll": "529ED2CACB54E57010D341FFF5CB98BD",
  "BCnEncoder.dll": "EBF98BC340EC365CC6E06954A55E28DC",
  "BitFaster.Caching.dll": "9266FA9217AE2B46507AB3A4116460AE",
  "CheapLoc.dll": "56808787F3DF845C005C9F6F389C59D6",
  "cimgui.dll": "8A49E9C9294C8732C31F2FCE326380BD",
  "cimguizmo.dll": "0E7C31056E95BC5E63A80267AE76444F",
  "cimplot.dll": "03C09953C422FE5AA39FFC9A4966B0D4",
  "commit_hash.txt": "BDEFB2BC2F29F5854B0C5D6BBB025D4D",
  "CommunityToolkit.HighPerformance.dll": "66B64EC334625F2C5D341A45E28EEB43",
  "Dalamud.Bindings.ImGui.dll": "9BEAAE1E183F2FC181342987B1C92664",
  "Dalamud.Bindings.ImGuizmo.dll": "3EE45E998E7F5055FC9B0AF7C1CCC712",
  "Dalamud.Bindings.ImPlot.dll": "15A37BCC4B6DB25AF5D551919D11183C",
  "Dalamud.Boot.dll": "0D4B67C35B7EAF57DDA344999149904B",
  "Dalamud.Common.dll": "63A2EC5D25FBA96D6AA6F16A9EFC24D6",
  "Dalamud.deps.json": "293D832FD0300E06224051D952EA089B",
  "Dalamud.dll": "31EEAC85BD48FCA1CA0E92B8378925FB",
  "Dalamud.Injector.deps.json": "28C3C412E18C8E21BCEC052CCAF9CE11",
  "Dalamud.Injector.dll": "F5CF6CEF907D267CB85D9D15099B21F1",
  "Dalamud.Injector.exe": "C83555F48AE29D8CFBD234241B1931E1",
  "Dalamud.Injector.runtimeconfig.json": "481C4D4F6151485203242D25F632FCC5",
  "Dalamud.Injector.xml": "573870DEB8A9854EC20203EDE9D78425",
  "Dalamud.runtimeconfig.json": "9DB7F0D7C94CA1AA6CA3ACFA6F93A1D8",
  "Dalamud.xml": "965757CB83399F958F681003951B3384",
  "DalamudCrashHandler.exe": "AB4663E79C23749AC0D7311F9ECB0628",
  "FASM-LICENSE.TXT": "ECEA1D10811221D5F0A3E96F9C38E2C7",
  "FASM.DLL": "694C57E6980B2A4AC73F76DA18EE050B",
  "FASMX64.DLL": "C2AD76C234227C7EC2DE2CFA66CA8DB1",
  "FFXIVClientStructs.dll": "5C320161ED2431411629021E53B1EA76",
  "FFXIVClientStructs.xml": "1FC2CED31F5DAFE10C3AAB8E7F85D8C8",
  "goatcorp.Reloaded.Assembler.dll": "E24AF2B43343F61ED920E6785BAD32CC",
  "goatcorp.Reloaded.Assembler.targets": "CC22CB0A353E2136EE9E6E96DB9F7164",
  "goatcorp.Reloaded.Hooks.dll": "AB940DD2ACCCF73FE266A9FEF2912799",
  "goatcorp.Reloaded.Memory.Buffers.dll": "F84A62FCC8BCD6D5C9B591A8B64595D7",
  "HexaGen.Runtime.dll": "1BC153F5C150C3365CBEB46F873C21B8",
  "Iced.dll": "70EA36B6F04BBBA70010241BEA6EEF14",
  "ImGuiScene.dll": "4FFC82300A92324B47346F781A5FAC4E",
  "InteropGenerator.Runtime.dll": "971CC86873E1FB8E7DFD246E18B397D5",
  "JetBrains.Annotations.dll": "D334483DFBCF8BE6062277E1FB3B94F3",
  "licenses.txt": "A159BE62AA91178EFC3E3983AE874D1D",
  "Lumina.dll": "777842A44771175200C71A0DB937F806",
  "Lumina.Excel.dll": "DDF1128E821D440A1584711663D34E7B",
  "Lumina.Excel.xml": "AEE3C28A2AE7FBEC7B9B5685FA0F569D",
  "Microsoft.Extensions.ObjectPool.dll": "CB2B8426DF93B062B631BC85B3369BED",
  "MinSharp.dll": "7153898FC288CC59560C113DC33B4A1B",
  "Mono.Cecil.dll": "A3B7E73F3623D8256568F5F6C636AE0C",
  "Mono.Cecil.Mdb.dll": "35DF5AA2FC54E29B5EF7EDC14540225A",
  "Mono.Cecil.Pdb.dll": "E5E736C370D1EABE8AAD64A0046E4EF9",
  "Mono.Cecil.Rocks.dll": "24C66B71A1F9AADAE9D63DD9D9466A91",
  "nethost.dll": "21F39F71E2F4B5BA9FB3F126872F2F9B",
  "Newtonsoft.Json.dll": "C252FE44B67A08E6DAB4EADE3764DB49",
  "PeNet.Asn1.dll": "16393AF240706647050C8003CECD13BE",
  "PeNet.dll": "C107AB12A686372E313D1A25805E2AB5",
  "Reloaded.Hooks.Definitions.dll": "45C6A798F9B9BA7982789A1110618D10",
  "Reloaded.Memory.Buffers.dll": "914D8E3D66F1188987AD57451BC9932F",
  "Reloaded.Memory.dll": "A14E50B21F844116697327CB31429EEC",
  "revision.txt": "5B80DC3087306FE93A4DCA4FAADAF71C",
  "Serilog.dll": "7CA53A869DFA09A50244BA8193712467",
  "Serilog.Sinks.Async.dll": "2352CEEAEAB85EF6C013A1B848519E7A",
  "Serilog.Sinks.Console.dll": "39ADB4DAB4A7425D47A78AB106D3ADE9",
  "Serilog.Sinks.File.dll": "C10677838F3F2441AC30938EDD1B8789",
  "SQLite-net.dll": "5AA6305D300B3E3CFF99117D9EA79EDF",
  "SQLitePCLRaw.batteries_v2.dll": "7CB0BAF2C646FE44BDEF0323C6D935D4",
  "SQLitePCLRaw.core.dll": "1FD9FAF718823BC8ECBB55C0D681436F",
  "SQLitePCLRaw.provider.e_sqlite3.dll": "E30F200330A0C09FA39356B0186EF202",
  "System.Reactive.dll": "C6016588304D55406E3D1C2FA7D42903",
  "System.Reflection.MetadataLoadContext.dll": "284C720DEE2524BCF10DD1B5648AA303",
  "System.Security.Cryptography.Pkcs.dll": "17945B2BF07D9377E36AD3EBE69FF693",
  "TEMP_gitver.txt": "432D65362EB4DC6417E32AA71E4D84B7",
  "TerraFX.Interop.Windows.dll": "C75D06E77DE5A095D45676A81CDE0DC9"
}
