{
  "cs\\Microsoft.VisualStudio.Threading.resources.dll": "59CC07A0788ED5D2D7B1EC4C24692B5E",
  "cs\\Microsoft.VisualStudio.Validation.resources.dll": "6D64EB21E28D7DA0951CCB11D5A111DB",
  "cs\\StreamJsonRpc.resources.dll": "187B9DF9156C8ECA5FFC2D8DFC0D0AEB",
  "de\\Microsoft.VisualStudio.Threading.resources.dll": "E8F71F6E86250EE8F040884F21901A84",
  "de\\Microsoft.VisualStudio.Validation.resources.dll": "6BDBEB8494C6DF5EE482065A9D7F0B1E",
  "de\\StreamJsonRpc.resources.dll": "18A2EE45995D18CB97504B89E1D8EA84",
  "es\\Microsoft.VisualStudio.Threading.resources.dll": "C91684BC69AC34D7C4761C769C4613CE",
  "es\\Microsoft.VisualStudio.Validation.resources.dll": "0F92DD2019CF7222118E8B5D9409A328",
  "es\\StreamJsonRpc.resources.dll": "1426AE60A50C341884A93E75FDCB8F15",
  "fr\\Microsoft.VisualStudio.Threading.resources.dll": "8DF66006C30B545517609BC994A333BF",
  "fr\\Microsoft.VisualStudio.Validation.resources.dll": "1299DF7F85B8ABCC8205E7F968E64DE5",
  "fr\\StreamJsonRpc.resources.dll": "E0EF73E9AC6F5AC89FEFA3E4442FA526",
  "it\\Microsoft.VisualStudio.Threading.resources.dll": "ACB2901AD3BA29250398D7F7C7F06472",
  "it\\Microsoft.VisualStudio.Validation.resources.dll": "E96AFCAC956DE57A60CF403431A06B9F",
  "it\\StreamJsonRpc.resources.dll": "AF93C232BE3DE144BDBA9D47B0CF1FBA",
  "ja\\Microsoft.VisualStudio.Threading.resources.dll": "57953EF05139ABD830A160D29D477AE7",
  "ja\\Microsoft.VisualStudio.Validation.resources.dll": "37C3387A524C942BC21029A532E0FA88",
  "ja\\StreamJsonRpc.resources.dll": "71C0BF4563B000F7F6FD977A56646389",
  "ko\\Microsoft.VisualStudio.Threading.resources.dll": "4E69F9315A2BE37081E916836BD2865B",
  "ko\\Microsoft.VisualStudio.Validation.resources.dll": "F7519010D92C7E3BF6DD25032575FD3D",
  "ko\\StreamJsonRpc.resources.dll": "0462338CED7D90B6A89AA6C5C0B553ED",
  "pl\\Microsoft.VisualStudio.Threading.resources.dll": "E957E9AD4D62A6EDE5DEDB85DCB66BE0",
  "pl\\Microsoft.VisualStudio.Validation.resources.dll": "157FEA4FF784A1A3C450AAEAFC808171",
  "pl\\StreamJsonRpc.resources.dll": "A386D42B9AC0F3349E75FA0711BF6125",
  "pt-BR\\Microsoft.VisualStudio.Threading.resources.dll": "D0E584DCA9CFC97B49480B5326D1BE85",
  "pt-BR\\Microsoft.VisualStudio.Validation.resources.dll": "F1D96FD5909173972C661A1D8FE629DB",
  "pt-BR\\StreamJsonRpc.resources.dll": "7FF82CEBA9C3AFD947DC59A5FE132C78",
  "ru\\Microsoft.VisualStudio.Threading.resources.dll": "53F0D3DFF78ACA534A9F06C3E435BCDE",
  "ru\\Microsoft.VisualStudio.Validation.resources.dll": "DA5D932621691D0A43F9C41589BEA612",
  "ru\\StreamJsonRpc.resources.dll": "2BE00971D9A6088B5EC340B210503234",
  "runtimes\\alpine-arm\\native\\libe_sqlite3.so": "87AF85204A246154501382901F3F6812",
  "runtimes\\alpine-arm64\\native\\libe_sqlite3.so": "CD4B9AAB53400EFE96ABC32B339A866A",
  "runtimes\\alpine-x64\\native\\libe_sqlite3.so": "6C9D6E34F1E932668237404D6EB6FC66",
  "runtimes\\browser-wasm\\nativeassets\\net7.0\\e_sqlite3.a": "E25518AC5EAD5E787448F3258236888E",
  "runtimes\\linux-arm\\native\\libe_sqlite3.so": "B8DA0DB6A447B5CCE98207F6A250FB84",
  "runtimes\\linux-arm64\\native\\libe_sqlite3.so": "A888898B38395A15F2DE200BAA8B486F",
  "runtimes\\linux-armel\\native\\libe_sqlite3.so": "54F3F4183B81387F7928ED0BB9B67B32",
  "runtimes\\linux-mips64\\native\\libe_sqlite3.so": "D56886A2E2F081CDEA1621BB18132764",
  "runtimes\\linux-musl-arm\\native\\libe_sqlite3.so": "87AF85204A246154501382901F3F6812",
  "runtimes\\linux-musl-arm64\\native\\libe_sqlite3.so": "CD4B9AAB53400EFE96ABC32B339A866A",
  "runtimes\\linux-musl-x64\\native\\libe_sqlite3.so": "6C9D6E34F1E932668237404D6EB6FC66",
  "runtimes\\linux-s390x\\native\\libe_sqlite3.so": "CB751CC76F280849C0E2F718D6784E69",
  "runtimes\\linux-x64\\native\\libe_sqlite3.so": "30098E7FAEB947BF5A5AE2FDB34E4461",
  "runtimes\\linux-x86\\native\\libe_sqlite3.so": "68872BD5071077981504636C2353EAA8",
  "runtimes\\maccatalyst-arm64\\native\\libe_sqlite3.dylib": "B2597C8799A6D21E5B98DB28C9C725FD",
  "runtimes\\maccatalyst-x64\\native\\libe_sqlite3.dylib": "19DCF2A64A7B5D1B8C7705AC809653A5",
  "runtimes\\osx-arm64\\native\\libe_sqlite3.dylib": "FB6D0058E0E849FA8715911B49790350",
  "runtimes\\osx-x64\\native\\libe_sqlite3.dylib": "DE5735102E730C1518C029DB3A0040A9",
  "runtimes\\win-arm\\native\\e_sqlite3.dll": "D8E9F6ACCF2F0E08F45FAA7CB864A0A2",
  "runtimes\\win-arm64\\native\\e_sqlite3.dll": "8180701ADCAECEAB343C142269BC2D4A",
  "runtimes\\win-x64\\native\\e_sqlite3.dll": "91B2CC73DC69B594486D9FF1D76CAE99",
  "runtimes\\win-x64\\native\\minhook.x64d.dll": "8B73B7CD8A4C5AC6829746ECF39506FB",
  "runtimes\\win-x86\\native\\e_sqlite3.dll": "9E87DD6129DEBD18977A6AC1783DFF44",
  "tr\\Microsoft.VisualStudio.Threading.resources.dll": "538FE3DA0C0527DC98456020A4351A85",
  "tr\\Microsoft.VisualStudio.Validation.resources.dll": "7C15CA39FCA7DF71D62C46E6F03389EF",
  "tr\\StreamJsonRpc.resources.dll": "E2AD6BCEBF0533F4D421EE83B42795C1",
  "zh-Hans\\Microsoft.VisualStudio.Threading.resources.dll": "4263966625E34972E95A9C1A2A0C61E8",
  "zh-Hans\\Microsoft.VisualStudio.Validation.resources.dll": "EB7953D05EF1CE51E790708D42EE5D18",
  "zh-Hans\\StreamJsonRpc.resources.dll": "FF596CD821202672B86089A5AB619C71",
  "zh-Hant\\Microsoft.VisualStudio.Threading.resources.dll": "4B693EDFE83A99478E1041AA17FFC35A",
  "zh-Hant\\Microsoft.VisualStudio.Validation.resources.dll": "8EF011A0285333D0EEFE22D5AA7A1702",
  "zh-Hant\\StreamJsonRpc.resources.dll": "BBF8E9013F9B1244348840EAA9CAF9B0",
  "BCnEncoder.dll": "88E7BD0540BE242EB01A844F3976DC1D",
  "BitFaster.Caching.dll": "478F5709AF08CF277A303C7FF29CC4AA",
  "CheapLoc.dll": "558CBD26B3F91225C5DBCB6D472291D3",
  "cimgui.dll": "867ED0E2871BFF98D2D5D7B05232ED2A",
  "cimguizmo.dll": "7413481583E5473CB10FEA0895EDCDAB",
  "cimplot.dll": "6FBBAD216BE60B1F2A6244BFB80B081C",
  "commit_hash.txt": "E3C217D8EBBF8707F4F6252E00979314",
  "CommunityToolkit.HighPerformance.dll": "66B64EC334625F2C5D341A45E28EEB43",
  "Dalamud.Bindings.ImGui.dll": "34F8B92DC9ACB175A692674276A856D6",
  "Dalamud.Bindings.ImGuizmo.dll": "F86C219A4B87BDEDF2AC4E7BD688D35C",
  "Dalamud.Bindings.ImPlot.dll": "7D94F3531A4FE31157821DA6A2F54E97",
  "Dalamud.Boot.dll": "6FEFDEA67A0968E5414D3FB70FC9FC03",
  "Dalamud.Common.dll": "1FEAA27674494167688B3D25E614152D",
  "Dalamud.deps.json": "A6915119E99E450E60A82F21C3404492",
  "Dalamud.dll": "F0AB6E0CCDB1D209F50195686AD1D834",
  "Dalamud.Injector.deps.json": "28C3C412E18C8E21BCEC052CCAF9CE11",
  "Dalamud.Injector.dll": "4E538F8A46C34D71AEFD4405F9992EB3",
  "Dalamud.Injector.exe": "FFE4FA5A34A53F36B6F40982B9A05AF0",
  "Dalamud.Injector.runtimeconfig.json": "481C4D4F6151485203242D25F632FCC5",
  "Dalamud.Injector.xml": "573870DEB8A9854EC20203EDE9D78425",
  "Dalamud.runtimeconfig.json": "9DB7F0D7C94CA1AA6CA3ACFA6F93A1D8",
  "Dalamud.xml": "E8207A12869B6C6A82D172B9D09E9283",
  "DalamudCrashHandler.exe": "4090AC55437311F95D5782B65D2113C6",
  "FASM-LICENSE.TXT": "ECEA1D10811221D5F0A3E96F9C38E2C7",
  "FASM.DLL": "F7AE20B1201348248500307BF7451D71",
  "FASMX64.DLL": "BC4550351DCDCA8C7C99B31E34DB3369",
  "FFXIVClientStructs.dll": "A91AD4D48021B11E2441C3CF43AAFD2E",
  "FFXIVClientStructs.xml": "46DF8B4BF081BB0418F840E58A880A9C",
  "goatcorp.Reloaded.Assembler.dll": "7B7D61C906EE2105ED1C20E90C2C430C",
  "goatcorp.Reloaded.Assembler.targets": "CC22CB0A353E2136EE9E6E96DB9F7164",
  "goatcorp.Reloaded.Hooks.dll": "8B85D8D4FA33E1BA583860BECC7E3E0D",
  "goatcorp.Reloaded.Memory.Buffers.dll": "19DFAE830A5E35A8EBC417B4456CDB16",
  "HexaGen.Runtime.dll": "24EB5CF2F81BBBF1F780BBA27235A2BF",
  "Iced.dll": "D368DDC5DD66199390547757D4F74BCA",
  "ImGuiScene.dll": "0634478523D80C3C65EC8FACEF0DE635",
  "InteropGenerator.Runtime.dll": "BE2D90240E18A7B17ED2AE040544ADC3",
  "JetBrains.Annotations.dll": "D334483DFBCF8BE6062277E1FB3B94F3",
  "licenses.txt": "A159BE62AA91178EFC3E3983AE874D1D",
  "Lumina.dll": "3D293DD45C7793CF9D30A7E4BDB56656",
  "Lumina.Excel.dll": "E572A74B087D8FF2FEB9B5261B9F1A66",
  "Lumina.Excel.xml": "3D3B7AD224A8A04B92B2B311FB8DA535",
  "MessagePack.Annotations.dll": "93B11E01D3DED1E89CFAE97FC6DD6C35",
  "MessagePack.dll": "C02A5E24FDF17984401C9701E533093C",
  "Microsoft.Extensions.ObjectPool.dll": "CB2B8426DF93B062B631BC85B3369BED",
  "Microsoft.NET.StringTools.dll": "88B3B9B25E54FF438D2F4F1609B726A4",
  "Microsoft.VisualStudio.Threading.dll": "EF2AC53B930F5ED16DA3B4CFB1033813",
  "Microsoft.VisualStudio.Validation.dll": "0B1D5949C6944383B1EE896C5E13D08B",
  "MinSharp.dll": "632C7EEF7C5498FE0417F4C8E01ADA52",
  "Mono.Cecil.dll": "5A1B980C68D43F08444AE0839A12706B",
  "Mono.Cecil.Mdb.dll": "41867FAEB3D8BB88FC4198AFCEF85AC0",
  "Mono.Cecil.Pdb.dll": "5EB4FB32490B244E42C808F4D9B959B0",
  "Mono.Cecil.Rocks.dll": "7735004891E98B3BD094EE13B4637C2E",
  "Nerdbank.Streams.dll": "539451E456062345AF25E7E17335299B",
  "nethost.dll": "21F39F71E2F4B5BA9FB3F126872F2F9B",
  "Newtonsoft.Json.dll": "C252FE44B67A08E6DAB4EADE3764DB49",
  "PeNet.Asn1.dll": "90CC009028606785E136B143916F08C8",
  "PeNet.dll": "4217FF3C64E4544AB3A9755CD01F7A28",
  "Reloaded.Hooks.Definitions.dll": "9D912F2BA2BBD3884743326BCD285251",
  "Reloaded.Memory.Buffers.dll": "BA46D9DB1F060AC4E9A6D471C2C269EE",
  "Reloaded.Memory.dll": "0ED7AB61A01ECBCF6FE97BC855CC034F",
  "revision.txt": "15825AEE15EB335CC13F9B559F166EE8",
  "Serilog.dll": "C38DCCF7FC804DF961CA5816FA24A713",
  "Serilog.Sinks.Async.dll": "9E989536DA092C4334A2AB6F8F0F7CD0",
  "Serilog.Sinks.Console.dll": "B04A6D7628BEAD287BE64ADBF37AE9C2",
  "Serilog.Sinks.File.dll": "765A08222DDC75D863D7F0CB1C12CF59",
  "SQLite-net.dll": "9A040A4ED5B3B6CD901C135E64F164E0",
  "SQLitePCLRaw.batteries_v2.dll": "EB15ADFBE7C54C22A0107C6C684441E8",
  "SQLitePCLRaw.core.dll": "35FD949FA7BA6ECC9B37B29770924A7E",
  "SQLitePCLRaw.provider.e_sqlite3.dll": "5E39A5F51D1B52740C9BF7103427FFAF",
  "StreamJsonRpc.dll": "6157633EE85D57CFF6772C1526F2D352",
  "System.Reactive.dll": "C6016588304D55406E3D1C2FA7D42903",
  "System.Reflection.MetadataLoadContext.dll": "284C720DEE2524BCF10DD1B5648AA303",
  "System.Security.Cryptography.Pkcs.dll": "17945B2BF07D9377E36AD3EBE69FF693",
  "TEMP_gitver.txt": "C098F9D86F44CE3A354D5799B44F07C1",
  "TerraFX.Interop.Windows.dll": "C75D06E77DE5A095D45676A81CDE0DC9"
}
