{
  "runtimes\\alpine-x64\\native\\libe_sqlite3.so": "39C244FEDBCD3DFC37041D4FCE1AE21D",
  "runtimes\\linux-arm\\native\\libe_sqlite3.so": "96CF54BC0EFB83D6E3F5F3E04997A59D",
  "runtimes\\linux-arm64\\native\\libe_sqlite3.so": "F079E55E7F3F9966A4A2052A3234E068",
  "runtimes\\linux-armel\\native\\libe_sqlite3.so": "C5A67D49434FC65D64E9C15778078C76",
  "runtimes\\linux-mips64\\native\\libe_sqlite3.so": "5F8461214089CFC677D46C19B7162161",
  "runtimes\\linux-musl-x64\\native\\libe_sqlite3.so": "39C244FEDBCD3DFC37041D4FCE1AE21D",
  "runtimes\\linux-x64\\native\\libe_sqlite3.so": "6F49C540D3AB9964D67A4A704C3D262D",
  "runtimes\\linux-x86\\native\\libe_sqlite3.so": "5E0659B414CBD6DDC38C65582485853E",
  "runtimes\\osx-x64\\native\\libe_sqlite3.dylib": "F82AE134FCD1C080A69D775591406673",
  "runtimes\\win-arm\\native\\e_sqlite3.dll": "84E7933A9A3FEC57930C5B8BB844DADD",
  "runtimes\\win-arm64\\native\\e_sqlite3.dll": "40599355FF36042E7766F08C22E18F5F",
  "runtimes\\win-x64\\native\\e_sqlite3.dll": "4A7FC7FF72B78FA8290B621CA7D28B87",
  "runtimes\\win-x64\\native\\minhook.x64d.dll": "5211CEFCF1830521E86001E6BB3A866F",
  "runtimes\\win-x86\\native\\e_sqlite3.dll": "A4050E2340C1B5A0CCD61CBE983D4AD2",
  "targets\\Dalamud.Plugin.Bootstrap.targets": "C85635161398CD9852CF7212DB7EB904",
  "targets\\Dalamud.Plugin.targets": "394EE2BEC70254F76ABBE2C33F62BBFA",
  "BitFaster.Caching.dll": "7AAC2DFC31400797682362C8358DE2BC",
  "CheapLoc.dll": "0D6A65D9DD3188F8BD9672D6FAC5ECD2",
  "cimgui.dll": "B4FC27FA91AE4BC5DE0AA1564DD96F56",
  "cimguizmo.dll": "23796B83F23702EB9C64D4E436E64E1F",
  "cimplot.dll": "6FBF723676FBAC34E33916020572418E",
  "commit_hash.txt": "E591F69DF18F66D2C76EF45E7685BCDB",
  "Dalamud.Bindings.ImGui.dll": "9ACAEE9FFFF38AB878762D8DD85954E0",
  "Dalamud.Bindings.ImGuizmo.dll": "230BA1A010A630C8F614AF6C67D25744",
  "Dalamud.Bindings.ImPlot.dll": "7BE8A3BBA621560FE9ABEE570E2B0805",
  "Dalamud.Boot.dll": "48575FCA4FB4E17A6DDB9A10A99DF073",
  "Dalamud.Common.dll": "43557197570F7D1B5F83932E25487211",
  "Dalamud.deps.json": "575AA932FCC7C5176EDC0CD79BFE38A2",
  "Dalamud.dll": "5BB045302B93019C8C99234E4560BC34",
  "Dalamud.Injector.deps.json": "C21972522E8133995B2C9562B3E39983",
  "Dalamud.Injector.dll": "361B7B6C3D99B12EC17625AC7F77E708",
  "Dalamud.Injector.exe": "6748F141A36B63E796EF1756BB6AD9DD",
  "Dalamud.Injector.runtimeconfig.json": "439C534917CEF268A731631073E50FE4",
  "Dalamud.Injector.xml": "6730B8BB13078B71889B5A56C5DFAC6D",
  "Dalamud.runtimeconfig.json": "CA3935E9C6B9E3300F2D7171E4AF6335",
  "Dalamud.xml": "ADB63BF4E12E31256C917586E301AFF0",
  "DalamudCrashHandler.exe": "0DB75F9C76060EB61C739F21EEE2E2EB",
  "FASM-LICENSE.TXT": "ECEA1D10811221D5F0A3E96F9C38E2C7",
  "FASM.DLL": "5EC0AA9A29264A0DC199CC2297D9F9AF",
  "FASMX64.DLL": "B5884EF39C13219D1D827437F7F65B7A",
  "FFXIVClientStructs.dll": "D8BD00428833CBD30AD065E515DCF9FA",
  "FFXIVClientStructs.xml": "79406C620A1C9109D0275A99C930B340",
  "goatcorp.Reloaded.Assembler.targets": "CC22CB0A353E2136EE9E6E96DB9F7164",
  "HexaGen.Runtime.dll": "84EDCA1DD8A91CE89968F3877751310D",
  "Iced.dll": "88FAE8D87C63C1F130D09797B17977CA",
  "ImGuiScene.dll": "6A8D2EDBB7F6B815AF7F424766F12BEA",
  "InteropGenerator.Runtime.dll": "7CCA4D875A4149F22B05A6E317328AB9",
  "JetBrains.Annotations.dll": "1C579A0C5E8A92805D5B2D0D57E3A843",
  "licenses.txt": "A159BE62AA91178EFC3E3983AE874D1D",
  "Lumina.dll": "DB985CAD210692301AB2027CBAE5A9FE",
  "Lumina.Excel.dll": "B0BAB8C74967FBE38D705FB998B769A8",
  "Lumina.Excel.xml": "0089FDC0BA0B16ED0696413305959999",
  "Microsoft.Extensions.ObjectPool.dll": "5510583E2B50BE953814615586673C33",
  "MinSharp.dll": "604EC62CA5DC78353E560F4F1A43751D",
  "Mono.Cecil.dll": "19037FE7D01D9712C5617DEF0EC5691F",
  "Mono.Cecil.Mdb.dll": "111DC29492AA75D214551CAF12B3DED0",
  "Mono.Cecil.Pdb.dll": "DB4FFA5B6E807D64B423754EF50DA993",
  "Mono.Cecil.Rocks.dll": "A86ACE38BF7B037A82D547895DC63D3D",
  "nethost.dll": "21F39F71E2F4B5BA9FB3F126872F2F9B",
  "Newtonsoft.Json.dll": "ADF3E3EECDE20B7C9661E9C47106A14A",
  "PeNet.Asn1.dll": "5161E1BA239901F833BAED30731AECE7",
  "PeNet.dll": "AF78A8086ED6E1C4CA7AF1B30B7711AB",
  "Reloaded.Assembler.dll": "AD93461148DCC9825C7E700F90B35B5A",
  "Reloaded.Hooks.Definitions.dll": "357F6BC42F6E67C27275186B92394B08",
  "Reloaded.Hooks.dll": "692A68BC3EB9B170E3EC4632C2E10BBA",
  "Reloaded.Memory.Buffers.dll": "92C1487E428905F95A5743C09447A049",
  "Reloaded.Memory.dll": "D66373547E5C0CC5912A256E5C77915F",
  "revision.txt": "CD0B43EAC0392ACCF3624B7372DEC36E",
  "Serilog.dll": "B8446584A80C7E85A4E02616F6AD8788",
  "Serilog.Sinks.Async.dll": "D9A3EA74D848982FCB1A80CD7EBBABB2",
  "Serilog.Sinks.Console.dll": "6DD7B024F61965DC2019AB30CDCA6785",
  "Serilog.Sinks.File.dll": "16BC554D4E875CB58C54302AD1D952E1",
  "SharpDX.Direct3D11.dll": "6FDB91745A8E8E5C2CFD234AA555F3F4",
  "SharpDX.dll": "F2561E7785BA4C4FC6DDB78E6B0FAD52",
  "SharpDX.DXGI.dll": "49A13C1CC68BE3A9EBA020BD7DA6AC6E",
  "SharpDX.Mathematics.dll": "AA9F7FA53AAF7149C144BE2EEFF859A8",
  "SQLite-net.dll": "6BB1451074AF179909F717E5BCEB92F3",
  "SQLitePCLRaw.batteries_v2.dll": "E4239F423CBBFBCE4DACD4E2F50D0AA1",
  "SQLitePCLRaw.core.dll": "9439F3C4386D0E997F8C9E66348F79AD",
  "SQLitePCLRaw.nativelibrary.dll": "401028E3152DBF321D483CFE20E389AE",
  "SQLitePCLRaw.provider.dynamic_cdecl.dll": "D0D7D769F710C3AA71BFC8D0B5F1660E",
  "System.Reactive.dll": "EF5A00287AD15393D41B12AA4B726FF7",
  "System.Reflection.MetadataLoadContext.dll": "E88E3AF6D37736F339022C9ACC5F2F7B",
  "System.Security.Cryptography.Pkcs.dll": "8950E01996A37E808BE3F39063C37BF9",
  "TEMP_gitver.txt": "B39E0DC8AA6CB20ACB21F9EAB827B9CA",
  "TerraFX.Interop.Windows.dll": "84F7EF6B0DE91F8CC23F773D3FD6DEC0"
}
