{
  "runtimes\\alpine-x64\\native\\libe_sqlite3.so": "39C244FEDBCD3DFC37041D4FCE1AE21D",
  "runtimes\\linux-arm\\native\\libe_sqlite3.so": "96CF54BC0EFB83D6E3F5F3E04997A59D",
  "runtimes\\linux-arm64\\native\\libe_sqlite3.so": "F079E55E7F3F9966A4A2052A3234E068",
  "runtimes\\linux-armel\\native\\libe_sqlite3.so": "C5A67D49434FC65D64E9C15778078C76",
  "runtimes\\linux-mips64\\native\\libe_sqlite3.so": "5F8461214089CFC677D46C19B7162161",
  "runtimes\\linux-musl-x64\\native\\libe_sqlite3.so": "39C244FEDBCD3DFC37041D4FCE1AE21D",
  "runtimes\\linux-x64\\native\\libe_sqlite3.so": "6F49C540D3AB9964D67A4A704C3D262D",
  "runtimes\\linux-x64\\native\\libglfw.so.3": "9E3137144F68B9E9793F4C7AD5B1BEA7",
  "runtimes\\linux-x64\\native\\libSDL2-2.0.so": "99B95A708381FC66AB2370E45A260527",
  "runtimes\\linux-x64\\native\\libstbi.so": "0945355ED59677D06E3E88F48101BB26",
  "runtimes\\linux-x86\\native\\libe_sqlite3.so": "5E0659B414CBD6DDC38C65582485853E",
  "runtimes\\osx-x64\\native\\libe_sqlite3.dylib": "F82AE134FCD1C080A69D775591406673",
  "runtimes\\osx-x64\\native\\libglfw.3.dylib": "1E30FAB2F0C40E82290AD4B0BF14A880",
  "runtimes\\osx-x64\\native\\libSDL2-2.0.dylib": "AAC958490586C67395F0A90903AE3747",
  "runtimes\\osx-x64\\native\\libstbi.dylib": "0B84B0A6A80178266018081C3CAB68E6",
  "runtimes\\win-arm\\native\\e_sqlite3.dll": "7D0224FBF328624F2C79E3C00AE7B744",
  "runtimes\\win-arm64\\native\\e_sqlite3.dll": "410821F3D5E1FEA00E6703A5BE3817D3",
  "runtimes\\win-x64\\native\\cimgui.dll": "54E4C62C54BD8267B572E3891EFD5DF9",
  "runtimes\\win-x64\\native\\cimguizmo.dll": "8AD6555C30405F780903341CB7B392A8",
  "runtimes\\win-x64\\native\\cimplot.dll": "DB481548F4A818F3F26B7D103DFEB300",
  "runtimes\\win-x64\\native\\e_sqlite3.dll": "DE11AD5152FE1DC5EF3BEE5F4E62FE2B",
  "runtimes\\win-x64\\native\\glfw3.dll": "44B03A40722105B76F82C329919A3DF1",
  "runtimes\\win-x64\\native\\minhook.x64d.dll": "65867C0E7D4183486284907B463771FF",
  "runtimes\\win-x64\\native\\SDL2.dll": "60331F65D1726AF52B428F620E1D03C3",
  "runtimes\\win-x64\\native\\stbi.dll": "8E132BCB3ED2C23F3BCDA1670B2CE8FA",
  "runtimes\\win-x64\\native\\stbi.lib": "927C214DE576219E1F80DBE7798A0502",
  "runtimes\\win-x86\\native\\e_sqlite3.dll": "C88CFEF026BD5B1C6C13BC5224347F0A",
  "runtimes\\win-x86\\native\\glfw3.dll": "C72182E82FD5DA4CA1F9288A2DFE2F20",
  "runtimes\\win-x86\\native\\SDL2.dll": "F0BBFAC99EBF782D57AC1FE0EC9E3535",
  "targets\\Dalamud.Plugin.Bootstrap.targets": "C85635161398CD9852CF7212DB7EB904",
  "targets\\Dalamud.Plugin.targets": "E2AA900DB1F6596D1C203D4112A10F5E",
  "CheapLoc.dll": "EB2B9B2704507E5F791719535667E20B",
  "Costura.dll": "E0790C75DD7E770FB5A124DC1861129F",
  "Dalamud.Boot.dll": "ECB2857DB4CAC5E9C59E4DD033BCFD4A",
  "Dalamud.Common.dll": "88693870F183C7FB41238B1F058CDDA1",
  "Dalamud.deps.json": "FB9CE5ED119DC72AA6FCD7A13B9CB96A",
  "Dalamud.dll": "D1937DF00F7F2174B23910E4B2261BBB",
  "Dalamud.Injector.deps.json": "C1FA0941DC8B38E415776C60C508AAB9",
  "Dalamud.Injector.dll": "A32496E4B1A00B388C1BE10AB164F35E",
  "Dalamud.Injector.exe": "45D7A95E6FF5206458290C1BC7241CDE",
  "Dalamud.Injector.runtimeconfig.json": "B9BB65FFE7924D4D8BABE9FA66303200",
  "Dalamud.Injector.xml": "D41E5DF541D19A015215E777D7395C9C",
  "Dalamud.runtimeconfig.json": "2A9CD915428BDD175E0889BD0C225F75",
  "Dalamud.xml": "7802A60FC8002D723F0243C250180E4E",
  "DalamudCrashHandler.exe": "0D6E8E7028E57FA7129159D92A0E7F72",
  "FASM-LICENSE.TXT": "ECEA1D10811221D5F0A3E96F9C38E2C7",
  "FASM.DLL": "EF8EBEB2608CDF32B4E0295DC4CB56EA",
  "FASMX64.DLL": "10A08BC63510AFB7BA162D7AC4FCC1A0",
  "FFXIVClientStructs.dll": "74C1B5FA45BCE409086D9E589D9B0BB0",
  "FFXIVClientStructs.xml": "E19E8A3769165D4C4159D276B5CDEF57",
  "goaaats.Reloaded.Assembler.targets": "CC22CB0A353E2136EE9E6E96DB9F7164",
  "Iced.dll": "3EC0757EA792846C6F39EA2D8A835CFD",
  "ImGui.NET.dll": "22320688D8AE5A6ACF6F85998ACDF103",
  "ImGuiScene.dll": "898275F94F892CFC51374A3471AB8226",
  "JetBrains.Annotations.dll": "5AA285D10A209D592F7626A01F94FF50",
  "licenses.txt": "A159BE62AA91178EFC3E3983AE874D1D",
  "Lumina.dll": "715ABB158470A6D01E4279B5CE44858D",
  "Lumina.Excel.dll": "0D7216DCD416870D0022A67F8C11000B",
  "Microsoft.Bcl.HashCode.dll": "613AB56061ADF2284E047025207467E0",
  "Microsoft.DotNet.PlatformAbstractions.dll": "00AB0F02B1114C57C758F5AD595224F1",
  "Microsoft.Extensions.DependencyModel.dll": "F39BC76C10CFEA478C936FC4521A9FC9",
  "Microsoft.Extensions.ObjectPool.dll": "FEE3CE8A84417360CC5ED787ED6F7DB1",
  "MinSharp.dll": "C4D06C029F2B99E675A53310D5512A86",
  "Mono.Cecil.dll": "BA836FF4F0C0967BA2E9A98B97F38FA1",
  "Mono.Cecil.Mdb.dll": "CC87B5F3DBC94F759D96D69F6502AE76",
  "Mono.Cecil.Pdb.dll": "6712CE80FFD4F244795EAF3DCB6AB791",
  "Mono.Cecil.Rocks.dll": "B46D8265E4991E55BB75B920DF222061",
  "nethost.dll": "012081214FE71F0F6ADCD9F4A71B2B00",
  "Newtonsoft.Json.dll": "86A83A63F12B55FD3718CFBFB577D7DC",
  "PeNet.Asn1.dll": "B1AF0C417753E214E8422420A622EA90",
  "PeNet.dll": "DBD051DEB344BB05B7D92CE5B1E8A233",
  "PInvoke.AdvApi32.dll": "34EE461D05B403C3A15D0DEC32A3788C",
  "PInvoke.BCrypt.dll": "FD07758EE1440491F22923084109FF26",
  "PInvoke.Cabinet.dll": "333D950E3804735DA60CC41D614C63E2",
  "PInvoke.CfgMgr32.dll": "768BE7CC18EDCF78B296A72ABE891691",
  "PInvoke.Crypt32.dll": "E7B00B0851738F4A7F2C6D37DAA973B4",
  "PInvoke.DbgHelp.dll": "E701136169620D20E3A70B560DE20E44",
  "PInvoke.DwmApi.dll": "ACF223CC8962404056648815B486F7D9",
  "PInvoke.Gdi32.dll": "69FF434826F98582CE44D3136ECFFACB",
  "PInvoke.Hid.dll": "2E7A41257F8AD9B26073181F450CD8E5",
  "PInvoke.ImageHlp.dll": "79BE816E8D86EA66489D7780DD675D49",
  "PInvoke.IPHlpApi.dll": "E949FA3326D1BA8872B179AB4EE49D38",
  "PInvoke.Kernel32.dll": "234E15B122ED430DE99490CA1A204958",
  "PInvoke.Magnification.dll": "C9EA3D34F506741ECC044DB19C151F09",
  "PInvoke.Msi.dll": "69EE50CE2DA6B55755E52589F49A7EBC",
  "PInvoke.NCrypt.dll": "DA1DE76C14D99370CA3BEF19DC299B15",
  "PInvoke.NetApi32.dll": "AE79F9FA2E3864A5E0642AE4622ECDC5",
  "PInvoke.NewDev.dll": "B3E1992105D986EF9C5C8E4B630FBB07",
  "PInvoke.NTDll.dll": "3F6BDF840EB27DD0FD9EB8071822183A",
  "PInvoke.Ole32.dll": "3C49FB100B60519FFE725BCD12A538F6",
  "PInvoke.Psapi.dll": "A7683EE4B880227F01C8AE632A892B9E",
  "PInvoke.SetupApi.dll": "1B7AE321185D0081D1759A9AD829F9BA",
  "PInvoke.SHCore.dll": "F27E7F063D51480F6D2294C903E4A606",
  "PInvoke.Shell32.dll": "F71A1BCAF6478190691170DAEA77722F",
  "PInvoke.User32.dll": "8BEDE38311ED4F27127290B81B8079FD",
  "PInvoke.Userenv.dll": "FEB7BCA90B8C905EC2F4BB0789847131",
  "PInvoke.UxTheme.dll": "8E683C016250CB719FDB9AAAFC22B3C5",
  "PInvoke.Windows.Core.dll": "90015440A44935208FFEA9BF61740651",
  "PInvoke.Windows.ShellScalingApi.dll": "F351B34B8C9183A51CADFDC279357C49",
  "PInvoke.WinUsb.dll": "9EB8A0280F2848D1A32B560A939F7336",
  "PInvoke.WtsApi32.dll": "341C94455D2E5893DBE4293D4D67AA4D",
  "Reloaded.Assembler.dll": "D46FFD451331E64EA07558FBC5648D89",
  "Reloaded.Hooks.Definitions.dll": "E123A679DF989DC9395C180C85241E90",
  "Reloaded.Hooks.dll": "0CAABABDBF336C2DAA47ED9BABCCA104",
  "Reloaded.Memory.Buffers.dll": "4F3B296BD19EF48E78A8B549DBCA2D32",
  "Reloaded.Memory.dll": "268AA38E0225E2D8055CDE98D8823F7A",
  "revision.txt": "769C3BCE651CE5FEAA01CE3B75986420",
  "SDL2-CS.config": "65557595FD5DF55D93B2BF881DE62C3A",
  "SDL2-CS.dll": "5D540544B8C49BBC1D5C8DFF211EC95C",
  "Serilog.dll": "2C9F84B044AA4FB5BE91237FCFB08CF1",
  "Serilog.Sinks.Async.dll": "F437C7160BD7741EEEE9DB0FBAF0B7B1",
  "Serilog.Sinks.Console.dll": "EFA2987D75499F821C55DC66C7F51054",
  "Serilog.Sinks.File.dll": "4EAD06832CF609674344A8D290F83445",
  "SharpDX.Direct3D11.dll": "6522EC2B8E1D393C4AF0CF78A9C83FF3",
  "SharpDX.dll": "C3DB4CCF43DB27C5B2B199B06FCF3CA4",
  "SharpDX.DXGI.dll": "587608F374845900FA3D41F3C2CA76EE",
  "SharpDX.Mathematics.dll": "05E734FFBA312032EF171522B1026A30",
  "Silk.NET.Core.dll": "366441C21DAD50BD90CE6EA96406B209",
  "Silk.NET.GLFW.dll": "18EBDC8542845767D88477BB0FA7EF17",
  "Silk.NET.Maths.dll": "716F0A4CE091CC013DC86F9DD3170CCB",
  "Silk.NET.OpenGL.dll": "F83001547993CB4A554D64D46879BBC3",
  "Silk.NET.SDL.dll": "0C2D4D2DAC06E9E27FEA7435338ADD60",
  "Silk.NET.Windowing.Common.dll": "ABFB3F1443DD2FD97D1A981F021208E2",
  "Silk.NET.Windowing.Glfw.dll": "501F4C14A64C762FC26033D97D95A2AE",
  "Silk.NET.Windowing.Sdl.dll": "DCA19C48BA85637B4F4BCCA360C842FB",
  "SQLite-net.dll": "90D6D3582CA489C8F8216BB844B8FD70",
  "SQLitePCLRaw.batteries_v2.dll": "C411E8A311ADDF8182099E2E92DEF273",
  "SQLitePCLRaw.core.dll": "60539F82DFB836FCC0FD289B86E8A161",
  "SQLitePCLRaw.nativelibrary.dll": "81E09FE5C30CED90D7576912B07F050E",
  "SQLitePCLRaw.provider.dynamic_cdecl.dll": "F020A9208944E1AE3720DDD640C2AB32",
  "StbiSharp.dll": "4DF2AEE87124C4CBF3F757A57115068A",
  "System.Reactive.dll": "EF5A00287AD15393D41B12AA4B726FF7",
  "System.Reflection.MetadataLoadContext.dll": "7EC41D41F4E1246757BA3E2EC862D562",
  "System.Security.Cryptography.Pkcs.dll": "8950E01996A37E808BE3F39063C37BF9",
  "TEMP_gitver.txt": "69D285EEF968ABCB1C36A8D7FBB631BA",
  "TerraFX.Interop.Windows.dll": "84F7EF6B0DE91F8CC23F773D3FD6DEC0",
  "Validation.dll": "D7FB4C7061D9D17EB3BF14FC6DC9E056"
}
