{
  "runtimes\\alpine-x64\\native\\libe_sqlite3.so": "39C244FEDBCD3DFC37041D4FCE1AE21D",
  "runtimes\\linux-arm\\native\\libe_sqlite3.so": "96CF54BC0EFB83D6E3F5F3E04997A59D",
  "runtimes\\linux-arm64\\native\\libe_sqlite3.so": "F079E55E7F3F9966A4A2052A3234E068",
  "runtimes\\linux-armel\\native\\libe_sqlite3.so": "C5A67D49434FC65D64E9C15778078C76",
  "runtimes\\linux-mips64\\native\\libe_sqlite3.so": "5F8461214089CFC677D46C19B7162161",
  "runtimes\\linux-musl-x64\\native\\libe_sqlite3.so": "39C244FEDBCD3DFC37041D4FCE1AE21D",
  "runtimes\\linux-x64\\native\\libe_sqlite3.so": "6F49C540D3AB9964D67A4A704C3D262D",
  "runtimes\\linux-x64\\native\\libglfw.so.3": "9E3137144F68B9E9793F4C7AD5B1BEA7",
  "runtimes\\linux-x64\\native\\libSDL2-2.0.so": "99B95A708381FC66AB2370E45A260527",
  "runtimes\\linux-x64\\native\\libstbi.so": "0945355ED59677D06E3E88F48101BB26",
  "runtimes\\linux-x86\\native\\libe_sqlite3.so": "5E0659B414CBD6DDC38C65582485853E",
  "runtimes\\osx-x64\\native\\libe_sqlite3.dylib": "F82AE134FCD1C080A69D775591406673",
  "runtimes\\osx-x64\\native\\libglfw.3.dylib": "1E30FAB2F0C40E82290AD4B0BF14A880",
  "runtimes\\osx-x64\\native\\libSDL2-2.0.dylib": "AAC958490586C67395F0A90903AE3747",
  "runtimes\\osx-x64\\native\\libstbi.dylib": "0B84B0A6A80178266018081C3CAB68E6",
  "runtimes\\win-arm\\native\\e_sqlite3.dll": "606D8C16F0A9F6094616389428E93F29",
  "runtimes\\win-arm64\\native\\e_sqlite3.dll": "12144D5E7CC5DDE66366499EB785A5C4",
  "runtimes\\win-x64\\native\\cimgui.dll": "B80BA12086C9AE4DB3E795B0FD8271BD",
  "runtimes\\win-x64\\native\\cimguizmo.dll": "090BE54800C2B0D879F7C24685E8BF08",
  "runtimes\\win-x64\\native\\cimplot.dll": "C988B284ADAF61FD857BA75828B292EE",
  "runtimes\\win-x64\\native\\e_sqlite3.dll": "6BA0C7C6090EB0212238A5D0BDBAAED9",
  "runtimes\\win-x64\\native\\glfw3.dll": "2F43087DAD0B57EBD09C8885A24BDE02",
  "runtimes\\win-x64\\native\\minhook.x64d.dll": "AF4653C1F8F147AD0354E587E3C16F29",
  "runtimes\\win-x64\\native\\SDL2.dll": "40E3A9AD1E68D83EDA2D78621A34C92B",
  "runtimes\\win-x64\\native\\stbi.dll": "5A591CD7EDBBD41436A6674B01B510A8",
  "runtimes\\win-x64\\native\\stbi.lib": "927C214DE576219E1F80DBE7798A0502",
  "runtimes\\win-x86\\native\\e_sqlite3.dll": "FE4A548ED4056DCFDF8C00C53A214B78",
  "runtimes\\win-x86\\native\\glfw3.dll": "2AE85FA2153DCFBB667E1A38BE0AEB8F",
  "runtimes\\win-x86\\native\\SDL2.dll": "AE9839409EF38973BF6015580158610D",
  "targets\\Dalamud.Plugin.Bootstrap.targets": "C85635161398CD9852CF7212DB7EB904",
  "targets\\Dalamud.Plugin.targets": "69D15EDFB3D4F0BEE3A099216E4DE057",
  "BitFaster.Caching.dll": "52C5BCF0A8DA86DA73D3E6AFB69BE4B5",
  "CheapLoc.dll": "E0EDF7079C92AC0D5D0410A1AC694C7B",
  "commit_hash.txt": "425C913C48A731C22CC5245A02B61C7E",
  "Costura.dll": "13B39D596465CC8F8CF4B5AF94567A62",
  "Dalamud.Boot.dll": "46E84E1524DFB06D5B353E30FEFF1057",
  "Dalamud.Common.dll": "69948FAC7832746DCC1E47E492518FE8",
  "Dalamud.deps.json": "0E51C43CEB726B9A8E436B5AFCEAC796",
  "Dalamud.dll": "020752BB5DDF47BCE7F1D483D953DD5A",
  "Dalamud.Injector.deps.json": "E30B9BD40106FFC14A5274A670979EDF",
  "Dalamud.Injector.dll": "9B337CEBA10E380B43354E85112C1848",
  "Dalamud.Injector.exe": "D56FB8B1B2754735B945F94B273E97E7",
  "Dalamud.Injector.runtimeconfig.json": "B9BB65FFE7924D4D8BABE9FA66303200",
  "Dalamud.Injector.xml": "D41E5DF541D19A015215E777D7395C9C",
  "Dalamud.runtimeconfig.json": "2A9CD915428BDD175E0889BD0C225F75",
  "Dalamud.xml": "9FFB7CA1D230FCFE18C2CF8E06575710",
  "DalamudCrashHandler.exe": "A3DDF74FB2CC4BA48F6BEE17A46FF4AC",
  "FASM-LICENSE.TXT": "ECEA1D10811221D5F0A3E96F9C38E2C7",
  "FASM.DLL": "084C77B6AA67FD1031BDFA80784055CD",
  "FASMX64.DLL": "6BAE37850EFF1613B360B9CC8EEEF578",
  "FFXIVClientStructs.dll": "B36CF6DB80D1D24E300EB0973E685E12",
  "FFXIVClientStructs.xml": "21740F7054FAA99B67FEE59BB9208033",
  "goaaats.Reloaded.Assembler.targets": "CC22CB0A353E2136EE9E6E96DB9F7164",
  "Iced.dll": "D17790117601B14D2133EFFDAA4E3DE2",
  "ImGui.NET.dll": "01070E5461C4FCF256D8CE33AA342C57",
  "ImGuiScene.dll": "C634B37FD7699230959457E79599FC28",
  "InteropGenerator.Runtime.dll": "461DC4499932B8D7DBD5597CAA67D89C",
  "JetBrains.Annotations.dll": "997BEEB0BE52501DCE69B853AE46E790",
  "licenses.txt": "A159BE62AA91178EFC3E3983AE874D1D",
  "Lumina.dll": "8CCB30B8563CE7D1F7381F876D76554A",
  "Lumina.Excel.dll": "00340D35647BCC645AF4C5BDE44E1EE7",
  "Microsoft.Bcl.HashCode.dll": "613AB56061ADF2284E047025207467E0",
  "Microsoft.DotNet.PlatformAbstractions.dll": "00AB0F02B1114C57C758F5AD595224F1",
  "Microsoft.Extensions.DependencyModel.dll": "F39BC76C10CFEA478C936FC4521A9FC9",
  "Microsoft.Extensions.ObjectPool.dll": "FEE3CE8A84417360CC5ED787ED6F7DB1",
  "MinSharp.dll": "908F194CB32E418CFA8D02766B3B99B7",
  "Mono.Cecil.dll": "40C95512A8DFCBE3AAAFC984F5D3D5F9",
  "Mono.Cecil.Mdb.dll": "7B9B957882A4EDFBBF9B3712721C1AA0",
  "Mono.Cecil.Pdb.dll": "2E53A1835EC17CEDED1976F74288E192",
  "Mono.Cecil.Rocks.dll": "51779A89AA016D0DB5EAB22D00EB4DE2",
  "nethost.dll": "21F39F71E2F4B5BA9FB3F126872F2F9B",
  "Newtonsoft.Json.dll": "ADF3E3EECDE20B7C9661E9C47106A14A",
  "PeNet.Asn1.dll": "13EED6F317060BF7F6C36AF8F7F99FE8",
  "PeNet.dll": "1D38DC680DDDFE6A84E8251D373FB9BC",
  "PInvoke.AdvApi32.dll": "34EE461D05B403C3A15D0DEC32A3788C",
  "PInvoke.BCrypt.dll": "FD07758EE1440491F22923084109FF26",
  "PInvoke.Cabinet.dll": "333D950E3804735DA60CC41D614C63E2",
  "PInvoke.CfgMgr32.dll": "768BE7CC18EDCF78B296A72ABE891691",
  "PInvoke.Crypt32.dll": "E7B00B0851738F4A7F2C6D37DAA973B4",
  "PInvoke.DbgHelp.dll": "E701136169620D20E3A70B560DE20E44",
  "PInvoke.DwmApi.dll": "ACF223CC8962404056648815B486F7D9",
  "PInvoke.Gdi32.dll": "69FF434826F98582CE44D3136ECFFACB",
  "PInvoke.Hid.dll": "2E7A41257F8AD9B26073181F450CD8E5",
  "PInvoke.ImageHlp.dll": "79BE816E8D86EA66489D7780DD675D49",
  "PInvoke.IPHlpApi.dll": "E949FA3326D1BA8872B179AB4EE49D38",
  "PInvoke.Kernel32.dll": "234E15B122ED430DE99490CA1A204958",
  "PInvoke.Magnification.dll": "C9EA3D34F506741ECC044DB19C151F09",
  "PInvoke.Msi.dll": "69EE50CE2DA6B55755E52589F49A7EBC",
  "PInvoke.NCrypt.dll": "DA1DE76C14D99370CA3BEF19DC299B15",
  "PInvoke.NetApi32.dll": "AE79F9FA2E3864A5E0642AE4622ECDC5",
  "PInvoke.NewDev.dll": "B3E1992105D986EF9C5C8E4B630FBB07",
  "PInvoke.NTDll.dll": "3F6BDF840EB27DD0FD9EB8071822183A",
  "PInvoke.Ole32.dll": "3C49FB100B60519FFE725BCD12A538F6",
  "PInvoke.Psapi.dll": "A7683EE4B880227F01C8AE632A892B9E",
  "PInvoke.SetupApi.dll": "1B7AE321185D0081D1759A9AD829F9BA",
  "PInvoke.SHCore.dll": "F27E7F063D51480F6D2294C903E4A606",
  "PInvoke.Shell32.dll": "F71A1BCAF6478190691170DAEA77722F",
  "PInvoke.User32.dll": "8BEDE38311ED4F27127290B81B8079FD",
  "PInvoke.Userenv.dll": "FEB7BCA90B8C905EC2F4BB0789847131",
  "PInvoke.UxTheme.dll": "8E683C016250CB719FDB9AAAFC22B3C5",
  "PInvoke.Windows.Core.dll": "90015440A44935208FFEA9BF61740651",
  "PInvoke.Windows.ShellScalingApi.dll": "F351B34B8C9183A51CADFDC279357C49",
  "PInvoke.WinUsb.dll": "9EB8A0280F2848D1A32B560A939F7336",
  "PInvoke.WtsApi32.dll": "341C94455D2E5893DBE4293D4D67AA4D",
  "Reloaded.Assembler.dll": "198B440B145C0EF823774C26F20DCA54",
  "Reloaded.Hooks.Definitions.dll": "4C96AF6EA0C2976DC55CE9F29F3C893F",
  "Reloaded.Hooks.dll": "F1D7BA9A55DF67F6590A5E7FDB25104D",
  "Reloaded.Memory.Buffers.dll": "DF0D9F5EBFFA427ACAEA0CDDAEADADA1",
  "Reloaded.Memory.dll": "98411211C17C8638B211E21BE259B8B8",
  "revision.txt": "E3C9CB08585A40829BC88130B0B8EBDF",
  "SDL2-CS.config": "65557595FD5DF55D93B2BF881DE62C3A",
  "SDL2-CS.dll": "BDD8C3D95256CC4F5B548FA1817A524D",
  "Serilog.dll": "A0129ED7330C58281DA27EC2D495FEBA",
  "Serilog.Sinks.Async.dll": "C08A9D52E43E6B9541E0F3A50664216A",
  "Serilog.Sinks.Console.dll": "1D5F1F2B9DE30FD541A30835EB809E8D",
  "Serilog.Sinks.File.dll": "057656B68EADE0A7785A10AB1BA56869",
  "SharpDX.Direct3D11.dll": "911439B53E0927D2315BEB1A616A9285",
  "SharpDX.dll": "15B9E30146A64F1E3F9520AF710F9FC8",
  "SharpDX.DXGI.dll": "04F9AAC8846D0FA96C0402B8FD28302B",
  "SharpDX.Mathematics.dll": "0C502B31B003519B4CF856EFF262B29D",
  "Silk.NET.Core.dll": "C95E371DF60BB3D9DC4AB71DE649C15B",
  "Silk.NET.GLFW.dll": "39A6D16C8A8836A8837F8B3B4A666833",
  "Silk.NET.Maths.dll": "0608301BF7A666A857BF491E332FA237",
  "Silk.NET.OpenGL.dll": "DBBF3D4331FCBBA897F15A507A27DB03",
  "Silk.NET.SDL.dll": "34AA68D09B23C3E659AAE74A4C01CAFB",
  "Silk.NET.Windowing.Common.dll": "0B891512FC06B1980F699F0FAEA921D4",
  "Silk.NET.Windowing.Glfw.dll": "A461EEE41A72FDE8574415943721EE77",
  "Silk.NET.Windowing.Sdl.dll": "4958D651F56314AB1141C7CE16BE73A6",
  "SQLite-net.dll": "E9AA0BF6C86E9DCD00E118736F34E1A3",
  "SQLitePCLRaw.batteries_v2.dll": "EBB3325D1694C45081A8946E6D13789D",
  "SQLitePCLRaw.core.dll": "2A64184C595566679DB1FE6A01642FFA",
  "SQLitePCLRaw.nativelibrary.dll": "112AC06AFF5D5D7D8A1CCAF1003EC5B3",
  "SQLitePCLRaw.provider.dynamic_cdecl.dll": "16E74FE89BAB8A3D52C4CE568496A9EE",
  "StbiSharp.dll": "A18A65AE7F5675CEF02C797398075EE6",
  "System.Reactive.dll": "EF5A00287AD15393D41B12AA4B726FF7",
  "System.Reflection.MetadataLoadContext.dll": "E88E3AF6D37736F339022C9ACC5F2F7B",
  "System.Security.Cryptography.Pkcs.dll": "8950E01996A37E808BE3F39063C37BF9",
  "TEMP_gitver.txt": "DF45C7EE3DFAB449173644EE39D3B48C",
  "TerraFX.Interop.Windows.dll": "84F7EF6B0DE91F8CC23F773D3FD6DEC0",
  "Validation.dll": "2A991BB1F5BDB8D9C270F9BF3477D2A5"
}
