{
  "runtimes\\alpine-x64\\native\\libe_sqlite3.so": "39C244FEDBCD3DFC37041D4FCE1AE21D",
  "runtimes\\linux-arm\\native\\libe_sqlite3.so": "96CF54BC0EFB83D6E3F5F3E04997A59D",
  "runtimes\\linux-arm64\\native\\libe_sqlite3.so": "F079E55E7F3F9966A4A2052A3234E068",
  "runtimes\\linux-armel\\native\\libe_sqlite3.so": "C5A67D49434FC65D64E9C15778078C76",
  "runtimes\\linux-mips64\\native\\libe_sqlite3.so": "5F8461214089CFC677D46C19B7162161",
  "runtimes\\linux-musl-x64\\native\\libe_sqlite3.so": "39C244FEDBCD3DFC37041D4FCE1AE21D",
  "runtimes\\linux-x64\\native\\libe_sqlite3.so": "6F49C540D3AB9964D67A4A704C3D262D",
  "runtimes\\linux-x64\\native\\libglfw.so.3": "9E3137144F68B9E9793F4C7AD5B1BEA7",
  "runtimes\\linux-x64\\native\\libSDL2-2.0.so": "99B95A708381FC66AB2370E45A260527",
  "runtimes\\linux-x64\\native\\libstbi.so": "0945355ED59677D06E3E88F48101BB26",
  "runtimes\\linux-x86\\native\\libe_sqlite3.so": "5E0659B414CBD6DDC38C65582485853E",
  "runtimes\\osx-x64\\native\\libe_sqlite3.dylib": "F82AE134FCD1C080A69D775591406673",
  "runtimes\\osx-x64\\native\\libglfw.3.dylib": "1E30FAB2F0C40E82290AD4B0BF14A880",
  "runtimes\\osx-x64\\native\\libSDL2-2.0.dylib": "AAC958490586C67395F0A90903AE3747",
  "runtimes\\osx-x64\\native\\libstbi.dylib": "0B84B0A6A80178266018081C3CAB68E6",
  "runtimes\\win-arm\\native\\e_sqlite3.dll": "DB5D2188DD6CBDB525C80010B0BE6037",
  "runtimes\\win-arm64\\native\\e_sqlite3.dll": "0D07ED97F7062B736D5E17EA302D1101",
  "runtimes\\win-x64\\native\\e_sqlite3.dll": "2F933403576BD5FE98C6E9CF41501D3B",
  "runtimes\\win-x64\\native\\glfw3.dll": "AE2FB99026693AA63DB2141B51407D62",
  "runtimes\\win-x64\\native\\minhook.x64d.dll": "58EBCDCAFC004FBDC69B949C1DE2BDEB",
  "runtimes\\win-x64\\native\\SDL2.dll": "A1EBAD6BFBF91BFA1FA3183A10DDD34E",
  "runtimes\\win-x64\\native\\stbi.dll": "168FCA44B23F3AF5BA427615DBA3D903",
  "runtimes\\win-x64\\native\\stbi.lib": "927C214DE576219E1F80DBE7798A0502",
  "runtimes\\win-x86\\native\\e_sqlite3.dll": "66B9289ED3F8FE541C0793373F6964F6",
  "runtimes\\win-x86\\native\\glfw3.dll": "B006A04D0038747809BD8DB00C992D66",
  "runtimes\\win-x86\\native\\SDL2.dll": "4C8F97211EC8EDC74178F8470C231CFF",
  "targets\\Dalamud.Plugin.Bootstrap.targets": "C85635161398CD9852CF7212DB7EB904",
  "targets\\Dalamud.Plugin.targets": "69D15EDFB3D4F0BEE3A099216E4DE057",
  "BitFaster.Caching.dll": "84EC0D37348C24E1177FA382212B23AE",
  "CheapLoc.dll": "7024048D8473D58F2BB8B0860FD3B44E",
  "cimgui.dll": "811094F563B89FCB5102EBB03BFB8D84",
  "cimguizmo.dll": "56157D6747FF2E9A0919C8A861EE66BC",
  "cimplot.dll": "A30F1DC17C3796107610CBAA43A794CE",
  "commit_hash.txt": "E17C8BA4C73CD99495FB86F712F82A6B",
  "Dalamud.Boot.dll": "A2FFC63DF5758C85EEC08EFF87D3CD01",
  "Dalamud.Common.dll": "20D81FB0D641C25DD472F00F56F18DB8",
  "Dalamud.deps.json": "E6F1B7FCD0CA0C96E80573B34559AA94",
  "Dalamud.dll": "77A1D43CB2A8A81E8E97A2EB49D1CF49",
  "Dalamud.Injector.deps.json": "E30B9BD40106FFC14A5274A670979EDF",
  "Dalamud.Injector.dll": "814ED1BAE7873C20477258471A3A12ED",
  "Dalamud.Injector.exe": "73101477CC146430FB5F64F49F45718E",
  "Dalamud.Injector.runtimeconfig.json": "B9BB65FFE7924D4D8BABE9FA66303200",
  "Dalamud.Injector.xml": "D41E5DF541D19A015215E777D7395C9C",
  "Dalamud.runtimeconfig.json": "2A9CD915428BDD175E0889BD0C225F75",
  "Dalamud.xml": "21EFC9A4DF3B08F2393DB3FBABEE8E58",
  "DalamudCrashHandler.exe": "9448050F8019FBB3590C285F471DB74A",
  "FASM-LICENSE.TXT": "ECEA1D10811221D5F0A3E96F9C38E2C7",
  "FASM.DLL": "048E3861D5B0A9141837994846F15376",
  "FASMX64.DLL": "3FFCD3C966026CCFF61C8F560BB390EF",
  "FFXIVClientStructs.dll": "5C5060CA1D0C9A23C22E4BAF8ABE0383",
  "FFXIVClientStructs.xml": "5449B77AF8F417C2F80D08373829C18E",
  "goaaats.Reloaded.Assembler.targets": "CC22CB0A353E2136EE9E6E96DB9F7164",
  "Iced.dll": "D3F674E888CF5622FB45D5743BB6F482",
  "ImGui.NET.dll": "C605D80E4029529341DD3ED5C7E8BB99",
  "ImGuiScene.dll": "6415BA228A50A747F42BE196DCEFE60E",
  "InteropGenerator.Runtime.dll": "D19BDD33C52A4AF2022E0228E3F31D4A",
  "JetBrains.Annotations.dll": "37845DCD89B0C0DF20DA96A159581798",
  "licenses.txt": "A159BE62AA91178EFC3E3983AE874D1D",
  "Lumina.dll": "D158CDC1C99BB6F2AA8147B12C29DA89",
  "Lumina.Excel.dll": "ED62C23EC2581B9767DBB844A0DA75A4",
  "Microsoft.Bcl.HashCode.dll": "613AB56061ADF2284E047025207467E0",
  "Microsoft.DotNet.PlatformAbstractions.dll": "00AB0F02B1114C57C758F5AD595224F1",
  "Microsoft.Extensions.DependencyModel.dll": "F39BC76C10CFEA478C936FC4521A9FC9",
  "Microsoft.Extensions.ObjectPool.dll": "FEE3CE8A84417360CC5ED787ED6F7DB1",
  "MinSharp.dll": "0A91C85C7FB3B23E70B4EF57B013F647",
  "Mono.Cecil.dll": "547A92F1D48467B602C50D2E19AD1387",
  "Mono.Cecil.Mdb.dll": "D5B60C6CFC3EFB23629BE961E24CFAE0",
  "Mono.Cecil.Pdb.dll": "96BF48C3976A6C96B7BF5FFA9215F579",
  "Mono.Cecil.Rocks.dll": "66FC5F93C408A7DB274B4972290B36B0",
  "nethost.dll": "21F39F71E2F4B5BA9FB3F126872F2F9B",
  "Newtonsoft.Json.dll": "ADF3E3EECDE20B7C9661E9C47106A14A",
  "PeNet.Asn1.dll": "0725BF90DCE0B29A6D52059C2F0FA61B",
  "PeNet.dll": "686619DDF58B41DBA658982CC5959945",
  "PInvoke.AdvApi32.dll": "34EE461D05B403C3A15D0DEC32A3788C",
  "PInvoke.BCrypt.dll": "FD07758EE1440491F22923084109FF26",
  "PInvoke.Cabinet.dll": "333D950E3804735DA60CC41D614C63E2",
  "PInvoke.CfgMgr32.dll": "768BE7CC18EDCF78B296A72ABE891691",
  "PInvoke.Crypt32.dll": "E7B00B0851738F4A7F2C6D37DAA973B4",
  "PInvoke.DbgHelp.dll": "E701136169620D20E3A70B560DE20E44",
  "PInvoke.DwmApi.dll": "ACF223CC8962404056648815B486F7D9",
  "PInvoke.Gdi32.dll": "69FF434826F98582CE44D3136ECFFACB",
  "PInvoke.Hid.dll": "2E7A41257F8AD9B26073181F450CD8E5",
  "PInvoke.ImageHlp.dll": "79BE816E8D86EA66489D7780DD675D49",
  "PInvoke.IPHlpApi.dll": "E949FA3326D1BA8872B179AB4EE49D38",
  "PInvoke.Kernel32.dll": "234E15B122ED430DE99490CA1A204958",
  "PInvoke.Magnification.dll": "C9EA3D34F506741ECC044DB19C151F09",
  "PInvoke.Msi.dll": "69EE50CE2DA6B55755E52589F49A7EBC",
  "PInvoke.NCrypt.dll": "DA1DE76C14D99370CA3BEF19DC299B15",
  "PInvoke.NetApi32.dll": "AE79F9FA2E3864A5E0642AE4622ECDC5",
  "PInvoke.NewDev.dll": "B3E1992105D986EF9C5C8E4B630FBB07",
  "PInvoke.NTDll.dll": "3F6BDF840EB27DD0FD9EB8071822183A",
  "PInvoke.Ole32.dll": "3C49FB100B60519FFE725BCD12A538F6",
  "PInvoke.Psapi.dll": "A7683EE4B880227F01C8AE632A892B9E",
  "PInvoke.SetupApi.dll": "1B7AE321185D0081D1759A9AD829F9BA",
  "PInvoke.SHCore.dll": "F27E7F063D51480F6D2294C903E4A606",
  "PInvoke.Shell32.dll": "F71A1BCAF6478190691170DAEA77722F",
  "PInvoke.User32.dll": "8BEDE38311ED4F27127290B81B8079FD",
  "PInvoke.Userenv.dll": "FEB7BCA90B8C905EC2F4BB0789847131",
  "PInvoke.UxTheme.dll": "8E683C016250CB719FDB9AAAFC22B3C5",
  "PInvoke.Windows.Core.dll": "90015440A44935208FFEA9BF61740651",
  "PInvoke.Windows.ShellScalingApi.dll": "F351B34B8C9183A51CADFDC279357C49",
  "PInvoke.WinUsb.dll": "9EB8A0280F2848D1A32B560A939F7336",
  "PInvoke.WtsApi32.dll": "341C94455D2E5893DBE4293D4D67AA4D",
  "Reloaded.Assembler.dll": "EF82F5D0D393A6702C6F2CF68327BD08",
  "Reloaded.Hooks.Definitions.dll": "FBF4A578D751BFECC21F54E8AB625804",
  "Reloaded.Hooks.dll": "12526467387508B531A6D4BB12E94F9A",
  "Reloaded.Memory.Buffers.dll": "DDBE79A147FC359100A3EEE4E1C7EA4B",
  "Reloaded.Memory.dll": "064B2E7086C846E80E7E2F8F82A80443",
  "revision.txt": "86EDC93505434DB5AA0E091E50E678B7",
  "SDL2-CS.config": "65557595FD5DF55D93B2BF881DE62C3A",
  "SDL2-CS.dll": "EC80FF1355B11B0CBB4BDDD8DCE05E4A",
  "Serilog.dll": "62BC9165419DB7F0D90080EC70953452",
  "Serilog.Sinks.Async.dll": "7E96B2D036E0345ABF50D111B8360782",
  "Serilog.Sinks.Console.dll": "E34A02596503023A5B97E1395547E191",
  "Serilog.Sinks.File.dll": "86E4AB81277852304C9331518988E6DB",
  "SharpDX.Direct3D11.dll": "83600D3D3A6CA83F7FEA8033FF721294",
  "SharpDX.dll": "997C6AC962A97284F4C1383BC3DA1E7E",
  "SharpDX.DXGI.dll": "5B50E20AD67B9638F74DEDF8526AC8AF",
  "SharpDX.Mathematics.dll": "84EBD2DED385370D1FEE02C607335CCD",
  "Silk.NET.Core.dll": "5481756566E4F8213B5D475D9C1B7EBD",
  "Silk.NET.GLFW.dll": "2FD8443405B859D3F1F5B61C0CEC3A41",
  "Silk.NET.Maths.dll": "B22B50C1188B77DD90665B9D4931EEBF",
  "Silk.NET.OpenGL.dll": "2D0FFC9634345A1CD57BF239D72E5AF0",
  "Silk.NET.SDL.dll": "46F5355649B811D814F4623DD98A9150",
  "Silk.NET.Windowing.Common.dll": "863CC6D8EBAFCC2D018B3C942CCAED56",
  "Silk.NET.Windowing.Glfw.dll": "E59580CE9DD3EE036E77EB9BC88DF453",
  "Silk.NET.Windowing.Sdl.dll": "FF474A8A9EA859CEE3133AD2A21964A9",
  "SQLite-net.dll": "F110E5B5508DFD1E41AAF8685759858E",
  "SQLitePCLRaw.batteries_v2.dll": "69E57FEB8D28BD582C3035E54996D434",
  "SQLitePCLRaw.core.dll": "D7B4A106CD3D88A8D0AA9CF5474FA0B5",
  "SQLitePCLRaw.nativelibrary.dll": "7E87B548097672BE470448895C32152C",
  "SQLitePCLRaw.provider.dynamic_cdecl.dll": "AC1EE0F11EEC2ECE14C7D07BE4B54AFB",
  "StbiSharp.dll": "57E5D4877300FDF45DBF9B2A8363C5E2",
  "System.Reactive.dll": "EF5A00287AD15393D41B12AA4B726FF7",
  "System.Reflection.MetadataLoadContext.dll": "E88E3AF6D37736F339022C9ACC5F2F7B",
  "System.Security.Cryptography.Pkcs.dll": "8950E01996A37E808BE3F39063C37BF9",
  "TEMP_gitver.txt": "30BCA8B1FA5E44B528DC069A21042C80",
  "TerraFX.Interop.Windows.dll": "84F7EF6B0DE91F8CC23F773D3FD6DEC0",
  "Validation.dll": "D12F7D672C4204257B9469FDD32E15B9"
}
