{
  "runtimes\\alpine-x64\\native\\libe_sqlite3.so": "39C244FEDBCD3DFC37041D4FCE1AE21D",
  "runtimes\\linux-arm\\native\\libe_sqlite3.so": "96CF54BC0EFB83D6E3F5F3E04997A59D",
  "runtimes\\linux-arm64\\native\\libe_sqlite3.so": "F079E55E7F3F9966A4A2052A3234E068",
  "runtimes\\linux-armel\\native\\libe_sqlite3.so": "C5A67D49434FC65D64E9C15778078C76",
  "runtimes\\linux-mips64\\native\\libe_sqlite3.so": "5F8461214089CFC677D46C19B7162161",
  "runtimes\\linux-musl-x64\\native\\libe_sqlite3.so": "39C244FEDBCD3DFC37041D4FCE1AE21D",
  "runtimes\\linux-x64\\native\\libe_sqlite3.so": "6F49C540D3AB9964D67A4A704C3D262D",
  "runtimes\\linux-x64\\native\\libglfw.so.3": "9E3137144F68B9E9793F4C7AD5B1BEA7",
  "runtimes\\linux-x64\\native\\libSDL2-2.0.so": "99B95A708381FC66AB2370E45A260527",
  "runtimes\\linux-x64\\native\\libstbi.so": "0945355ED59677D06E3E88F48101BB26",
  "runtimes\\linux-x86\\native\\libe_sqlite3.so": "5E0659B414CBD6DDC38C65582485853E",
  "runtimes\\osx-x64\\native\\libe_sqlite3.dylib": "F82AE134FCD1C080A69D775591406673",
  "runtimes\\osx-x64\\native\\libglfw.3.dylib": "1E30FAB2F0C40E82290AD4B0BF14A880",
  "runtimes\\osx-x64\\native\\libSDL2-2.0.dylib": "AAC958490586C67395F0A90903AE3747",
  "runtimes\\osx-x64\\native\\libstbi.dylib": "0B84B0A6A80178266018081C3CAB68E6",
  "runtimes\\win-arm\\native\\e_sqlite3.dll": "76F095BD2CD8FA4AF4FBC5E263D0D54E",
  "runtimes\\win-arm64\\native\\e_sqlite3.dll": "2AF1AE7BEFC6D1765C60DE4F573AA768",
  "runtimes\\win-x64\\native\\e_sqlite3.dll": "601B80E6F3DFE49364582A0B3D86C4F4",
  "runtimes\\win-x64\\native\\glfw3.dll": "62801598CEC4AD16A53564CC026ACE86",
  "runtimes\\win-x64\\native\\minhook.x64d.dll": "C33B9F9B7B573B861D65B807D620BC5C",
  "runtimes\\win-x64\\native\\SDL2.dll": "0710C8C761C80C64030C2824732D68F2",
  "runtimes\\win-x64\\native\\stbi.dll": "6715B5F4A2DEDC2F9BBE9E1E1D865302",
  "runtimes\\win-x64\\native\\stbi.lib": "927C214DE576219E1F80DBE7798A0502",
  "runtimes\\win-x86\\native\\e_sqlite3.dll": "EB8887030018EF1DE967AFDE4AE6CCB7",
  "runtimes\\win-x86\\native\\glfw3.dll": "913CF143897B0E170DD898FEB0822C3F",
  "runtimes\\win-x86\\native\\SDL2.dll": "C8A6B2C036C435B8BAFF463AE975E2FE",
  "targets\\Dalamud.Plugin.Bootstrap.targets": "C85635161398CD9852CF7212DB7EB904",
  "targets\\Dalamud.Plugin.targets": "394EE2BEC70254F76ABBE2C33F62BBFA",
  "BitFaster.Caching.dll": "44014C1DB20F188F59105F1DFAE981D2",
  "CheapLoc.dll": "C9AC9BA18223EE4FFE896A1C20A2FC94",
  "cimgui.dll": "555281460D929AF1B9C5AB9359EE5756",
  "cimguizmo.dll": "C2CDBEB6C18B8FFAD88A4489C45B2ADC",
  "cimplot.dll": "6DA8161D76B1BC0A4E73EDC1741A5AAB",
  "commit_hash.txt": "BF6D6FD00B0BBE00FF70864CCB5E4564",
  "Dalamud.Boot.dll": "CEBA038B043AA8B79A8328350A4E23E8",
  "Dalamud.Common.dll": "3B02CF9579AB7D5AB40A84BBE6A2D61E",
  "Dalamud.deps.json": "9D12EC83D12197807DC6432F909A04F9",
  "Dalamud.dll": "4A7EE8D030381E42BB0C52CD5D49CCD4",
  "Dalamud.Injector.deps.json": "C21972522E8133995B2C9562B3E39983",
  "Dalamud.Injector.dll": "E6EBD05E9E1BE66C0CF977A667823F4D",
  "Dalamud.Injector.exe": "325FCBFED4239DE0146B6B836A3625BE",
  "Dalamud.Injector.runtimeconfig.json": "439C534917CEF268A731631073E50FE4",
  "Dalamud.Injector.xml": "6730B8BB13078B71889B5A56C5DFAC6D",
  "Dalamud.runtimeconfig.json": "CA3935E9C6B9E3300F2D7171E4AF6335",
  "Dalamud.xml": "2CF5969806C59C34969CBC8F34249F1C",
  "DalamudCrashHandler.exe": "EFB1AE8297D7F0AF73E9FA21D4E2B86E",
  "FASM-LICENSE.TXT": "ECEA1D10811221D5F0A3E96F9C38E2C7",
  "FASM.DLL": "8BF5529EF2F548C7EA324EFD41510F7C",
  "FASMX64.DLL": "BAA4CDA16FC50AA40FA0B220B31FCA4B",
  "FFXIVClientStructs.dll": "6FB3B72FAB433AF9B74C5F3FE7D83DE5",
  "FFXIVClientStructs.xml": "6DA9E4BFE90A8E57A0605E292DE68642",
  "goaaats.Reloaded.Assembler.targets": "CC22CB0A353E2136EE9E6E96DB9F7164",
  "Iced.dll": "823211BB199DF8D524C6A231DAAD10DD",
  "ImGui.NET.dll": "F1D9818C8508350CCF3F6212D44BF263",
  "ImGuiScene.dll": "1DF6880D79F9651B2EBBA6BC491EDDF6",
  "InteropGenerator.Runtime.dll": "75FBA203434C736A4E82FCD086933C34",
  "JetBrains.Annotations.dll": "916969FB5704917BFEBCCDD052B47EBA",
  "licenses.txt": "A159BE62AA91178EFC3E3983AE874D1D",
  "Lumina.dll": "E45F1541A3EE68E235A6904DF48FA82D",
  "Lumina.Excel.dll": "9612AF6E71126307367A155235B44017",
  "Microsoft.Bcl.HashCode.dll": "613AB56061ADF2284E047025207467E0",
  "Microsoft.DotNet.PlatformAbstractions.dll": "00AB0F02B1114C57C758F5AD595224F1",
  "Microsoft.Extensions.DependencyModel.dll": "F39BC76C10CFEA478C936FC4521A9FC9",
  "Microsoft.Extensions.ObjectPool.dll": "B0558CE087EAE95853E35579300F3A77",
  "MinSharp.dll": "C754712D6FA1107D3B51EDC4DD0C297D",
  "Mono.Cecil.dll": "D9ABDF71994CA6DAA308F9F648572396",
  "Mono.Cecil.Mdb.dll": "0DF6B4071B31076A52850450659DAF27",
  "Mono.Cecil.Pdb.dll": "496EA49875AD92932F483636744962E2",
  "Mono.Cecil.Rocks.dll": "CFF8B04204FB381D6BFC4539E7ED63F1",
  "nethost.dll": "21F39F71E2F4B5BA9FB3F126872F2F9B",
  "Newtonsoft.Json.dll": "ADF3E3EECDE20B7C9661E9C47106A14A",
  "PeNet.Asn1.dll": "FCDC324460A3214427EB3B13A72F7085",
  "PeNet.dll": "72C403DE1999D782DB64E390B6FAF4E4",
  "PInvoke.AdvApi32.dll": "34EE461D05B403C3A15D0DEC32A3788C",
  "PInvoke.BCrypt.dll": "FD07758EE1440491F22923084109FF26",
  "PInvoke.Cabinet.dll": "333D950E3804735DA60CC41D614C63E2",
  "PInvoke.CfgMgr32.dll": "768BE7CC18EDCF78B296A72ABE891691",
  "PInvoke.Crypt32.dll": "E7B00B0851738F4A7F2C6D37DAA973B4",
  "PInvoke.DbgHelp.dll": "E701136169620D20E3A70B560DE20E44",
  "PInvoke.DwmApi.dll": "ACF223CC8962404056648815B486F7D9",
  "PInvoke.Gdi32.dll": "69FF434826F98582CE44D3136ECFFACB",
  "PInvoke.Hid.dll": "2E7A41257F8AD9B26073181F450CD8E5",
  "PInvoke.ImageHlp.dll": "79BE816E8D86EA66489D7780DD675D49",
  "PInvoke.IPHlpApi.dll": "E949FA3326D1BA8872B179AB4EE49D38",
  "PInvoke.Kernel32.dll": "234E15B122ED430DE99490CA1A204958",
  "PInvoke.Magnification.dll": "C9EA3D34F506741ECC044DB19C151F09",
  "PInvoke.Msi.dll": "69EE50CE2DA6B55755E52589F49A7EBC",
  "PInvoke.NCrypt.dll": "DA1DE76C14D99370CA3BEF19DC299B15",
  "PInvoke.NetApi32.dll": "AE79F9FA2E3864A5E0642AE4622ECDC5",
  "PInvoke.NewDev.dll": "B3E1992105D986EF9C5C8E4B630FBB07",
  "PInvoke.NTDll.dll": "3F6BDF840EB27DD0FD9EB8071822183A",
  "PInvoke.Ole32.dll": "3C49FB100B60519FFE725BCD12A538F6",
  "PInvoke.Psapi.dll": "A7683EE4B880227F01C8AE632A892B9E",
  "PInvoke.SetupApi.dll": "1B7AE321185D0081D1759A9AD829F9BA",
  "PInvoke.SHCore.dll": "F27E7F063D51480F6D2294C903E4A606",
  "PInvoke.Shell32.dll": "F71A1BCAF6478190691170DAEA77722F",
  "PInvoke.User32.dll": "8BEDE38311ED4F27127290B81B8079FD",
  "PInvoke.Userenv.dll": "FEB7BCA90B8C905EC2F4BB0789847131",
  "PInvoke.UxTheme.dll": "8E683C016250CB719FDB9AAAFC22B3C5",
  "PInvoke.Windows.Core.dll": "90015440A44935208FFEA9BF61740651",
  "PInvoke.Windows.ShellScalingApi.dll": "F351B34B8C9183A51CADFDC279357C49",
  "PInvoke.WinUsb.dll": "9EB8A0280F2848D1A32B560A939F7336",
  "PInvoke.WtsApi32.dll": "341C94455D2E5893DBE4293D4D67AA4D",
  "Reloaded.Assembler.dll": "780B5EDB53B33E267748CABCB49A1151",
  "Reloaded.Hooks.Definitions.dll": "9296250CE2B5468EDE5C9C8545077175",
  "Reloaded.Hooks.dll": "D9125BC88FD531B7E4640508B09FC147",
  "Reloaded.Memory.Buffers.dll": "36CA4D3752C2BD2A4B57A40E95686F13",
  "Reloaded.Memory.dll": "2644290ADCA135A9CADCEFA4A19919EC",
  "revision.txt": "674F3C2C1A8A6F90461E8A66FB5550BA",
  "SDL2-CS.config": "65557595FD5DF55D93B2BF881DE62C3A",
  "SDL2-CS.dll": "3A4F122E767E754817FBED5BD7A62CD2",
  "Serilog.dll": "49BE0ACCC474FACAD73586C5D9FB9F1C",
  "Serilog.Sinks.Async.dll": "40710DEDDE9A186122D70147C18FEE2D",
  "Serilog.Sinks.Console.dll": "253D39D6D19B042F03FA4D533691CEB3",
  "Serilog.Sinks.File.dll": "267B296FCD2F5D039C5C477DCBAA35B7",
  "SharpDX.Direct3D11.dll": "A2DE1418CCBC7F961E44E2A0F1C50EF3",
  "SharpDX.dll": "FE4464694F35977D480F3E36B0A9B18D",
  "SharpDX.DXGI.dll": "33FD519A9F2316312D15104F0B491C9B",
  "SharpDX.Mathematics.dll": "5F59EADB424EF1A3CB1432FDCC7F8B07",
  "Silk.NET.Core.dll": "40EDB88289C9384A622376A43B3D605F",
  "Silk.NET.GLFW.dll": "151EEA02B8128EAABC53F50CE32D1F38",
  "Silk.NET.Maths.dll": "D6887C3CB8447025017A9C6C99D320EE",
  "Silk.NET.OpenGL.dll": "C9EEEB70161D1772DAD8D393850D1821",
  "Silk.NET.SDL.dll": "B0A52DCAE4FCEB723D4F3C698863CA35",
  "Silk.NET.Windowing.Common.dll": "D4A4F22CA66FC93E5227BF007B9D9770",
  "Silk.NET.Windowing.Glfw.dll": "6825E9F8933C99C2598D43B4A0F9CBA9",
  "Silk.NET.Windowing.Sdl.dll": "953943329A483E2662E80BF841503E1E",
  "SQLite-net.dll": "BA8BF8FA49F60CE95EC0125C179E790B",
  "SQLitePCLRaw.batteries_v2.dll": "95CBB8A24C5E930E80F0F7D98968F7F2",
  "SQLitePCLRaw.core.dll": "AD6BF2944B7A01A8C4F67E6815795C94",
  "SQLitePCLRaw.nativelibrary.dll": "8A644C1BD780A3938373A287AEA813E9",
  "SQLitePCLRaw.provider.dynamic_cdecl.dll": "B8E0747B9F424958FB4806F1F1DE1176",
  "StbiSharp.dll": "FCD06417E7F0EB8D96AA040CBD174ED5",
  "System.Reactive.dll": "EF5A00287AD15393D41B12AA4B726FF7",
  "System.Reflection.MetadataLoadContext.dll": "E88E3AF6D37736F339022C9ACC5F2F7B",
  "System.Security.Cryptography.Pkcs.dll": "8950E01996A37E808BE3F39063C37BF9",
  "TEMP_gitver.txt": "9186BA577564487720175FDA917B3012",
  "TerraFX.Interop.Windows.dll": "84F7EF6B0DE91F8CC23F773D3FD6DEC0",
  "Validation.dll": "8867CF4E29C76FA6FAF1BAEABF17625D"
}
