{
  "runtimes\\alpine-x64\\native\\libe_sqlite3.so": "39C244FEDBCD3DFC37041D4FCE1AE21D",
  "runtimes\\linux-arm\\native\\libe_sqlite3.so": "96CF54BC0EFB83D6E3F5F3E04997A59D",
  "runtimes\\linux-arm64\\native\\libe_sqlite3.so": "F079E55E7F3F9966A4A2052A3234E068",
  "runtimes\\linux-armel\\native\\libe_sqlite3.so": "C5A67D49434FC65D64E9C15778078C76",
  "runtimes\\linux-mips64\\native\\libe_sqlite3.so": "5F8461214089CFC677D46C19B7162161",
  "runtimes\\linux-musl-x64\\native\\libe_sqlite3.so": "39C244FEDBCD3DFC37041D4FCE1AE21D",
  "runtimes\\linux-x64\\native\\libe_sqlite3.so": "6F49C540D3AB9964D67A4A704C3D262D",
  "runtimes\\linux-x64\\native\\libglfw.so.3": "9E3137144F68B9E9793F4C7AD5B1BEA7",
  "runtimes\\linux-x64\\native\\libSDL2-2.0.so": "99B95A708381FC66AB2370E45A260527",
  "runtimes\\linux-x64\\native\\libstbi.so": "0945355ED59677D06E3E88F48101BB26",
  "runtimes\\linux-x86\\native\\libe_sqlite3.so": "5E0659B414CBD6DDC38C65582485853E",
  "runtimes\\osx-x64\\native\\libe_sqlite3.dylib": "F82AE134FCD1C080A69D775591406673",
  "runtimes\\osx-x64\\native\\libglfw.3.dylib": "1E30FAB2F0C40E82290AD4B0BF14A880",
  "runtimes\\osx-x64\\native\\libSDL2-2.0.dylib": "AAC958490586C67395F0A90903AE3747",
  "runtimes\\osx-x64\\native\\libstbi.dylib": "0B84B0A6A80178266018081C3CAB68E6",
  "runtimes\\win-arm\\native\\e_sqlite3.dll": "B49170DF98FE9D55F629CBA247C5A6CD",
  "runtimes\\win-arm64\\native\\e_sqlite3.dll": "2C943562CD86E8991AD1ECA2ECF4C3AB",
  "runtimes\\win-x64\\native\\cimgui.dll": "45598B0C585C9C5F4C232C78EDBEDA57",
  "runtimes\\win-x64\\native\\cimguizmo.dll": "E9C704ED66EE39C23E1DA961B02B1B92",
  "runtimes\\win-x64\\native\\cimplot.dll": "7AEE59141ADCA3A298D9FA94F77A24C0",
  "runtimes\\win-x64\\native\\e_sqlite3.dll": "295608BCD2EB8D297A035F99A8E651A4",
  "runtimes\\win-x64\\native\\glfw3.dll": "FFB999E2A55F6DB6ADDA4277FB2A9311",
  "runtimes\\win-x64\\native\\minhook.x64d.dll": "ADEC4650BD1FF3575E6EFA8DE6E88FE4",
  "runtimes\\win-x64\\native\\SDL2.dll": "5EBB582E57D658E6276559C484F9BDCC",
  "runtimes\\win-x64\\native\\stbi.dll": "DB3ADC566F6F757C08AAD234BF5BDF91",
  "runtimes\\win-x64\\native\\stbi.lib": "927C214DE576219E1F80DBE7798A0502",
  "runtimes\\win-x86\\native\\e_sqlite3.dll": "AD8C42F4E36D11DE219029F6391A8FF2",
  "runtimes\\win-x86\\native\\glfw3.dll": "C9F91F6D754A9849A1181A815359457D",
  "runtimes\\win-x86\\native\\SDL2.dll": "8E7CBE321251BC5A34F7BDF2E2DDC278",
  "targets\\Dalamud.Plugin.Bootstrap.targets": "C85635161398CD9852CF7212DB7EB904",
  "targets\\Dalamud.Plugin.targets": "11001C983157350F50D99F1A827999B5",
  "CheapLoc.dll": "8F33DBE09BB7A7D98800D4969A2185EA",
  "Costura.dll": "84DC52EEDDA86D5906DF092823ABDC0E",
  "Dalamud.Boot.dll": "AE8419F690903180C5D4F0E8981474E1",
  "Dalamud.Common.dll": "999FE31DB3491126E0C0544544CFB09C",
  "Dalamud.deps.json": "B5C4435706973213986B511585D3FA43",
  "Dalamud.dll": "C528F597C49F1D56DCB86F0D8F332920",
  "Dalamud.Injector.deps.json": "4E53ABE9A5D3E4592DA63EBF98DAAD86",
  "Dalamud.Injector.dll": "77B512F9994D453D52625B66EAD35735",
  "Dalamud.Injector.exe": "18D2BA17AE122DF60A3A9AC10DE48784",
  "Dalamud.Injector.runtimeconfig.json": "AAAFA957BB3B382321D67ACC2D792553",
  "Dalamud.Injector.xml": "6CFC451561E67CE7788814C5B327D7EC",
  "Dalamud.runtimeconfig.json": "15719C111D02D5BD45F37285FC8B6040",
  "Dalamud.xml": "386DA64D2C9A0AF4A1D3D592E5D99471",
  "DalamudCrashHandler.exe": "41AA9438C115C35CE2A115CED0202786",
  "FASM-LICENSE.TXT": "ECEA1D10811221D5F0A3E96F9C38E2C7",
  "FASM.DLL": "54FF0E44B4400C13489D8BF325ADC210",
  "FASMX64.DLL": "854F6394200E7E99A958E06774FAAF93",
  "FFXIVClientStructs.dll": "3486F72EA7F3E898D38E137E837FED5B",
  "FFXIVClientStructs.xml": "65234A31B95DA5636DFE70DE6CC144AD",
  "goaaats.Reloaded.Assembler.targets": "CC22CB0A353E2136EE9E6E96DB9F7164",
  "Iced.dll": "F97845003060A96094E07565E6862214",
  "ImGui.NET.dll": "A61130D5F69D3E5E21381F2470CF452B",
  "ImGuiScene.dll": "5F8EE615395B3205D730A4BDDA0C99EC",
  "JetBrains.Annotations.dll": "FABF4151060445D0377C4C63E189EE66",
  "licenses.txt": "A159BE62AA91178EFC3E3983AE874D1D",
  "Lumina.dll": "CCE4882306DE2E8B90BFD7A8CEA96A43",
  "Lumina.Excel.dll": "705149A99FD600C45327B799B9B30535",
  "Microsoft.Bcl.HashCode.dll": "613AB56061ADF2284E047025207467E0",
  "Microsoft.DotNet.PlatformAbstractions.dll": "00AB0F02B1114C57C758F5AD595224F1",
  "Microsoft.Extensions.DependencyModel.dll": "F39BC76C10CFEA478C936FC4521A9FC9",
  "MinSharp.dll": "5727BE0134EF10F4A678EA6EED32B150",
  "Mono.Cecil.dll": "8A97CD6EE7C4D149AB234C954493F8C2",
  "Mono.Cecil.Mdb.dll": "10CF6826F28CFAC8136F06F157CF36D9",
  "Mono.Cecil.Pdb.dll": "57741ED3A8FB98001063AF0E36E6BDF7",
  "Mono.Cecil.Rocks.dll": "8303EBFB70711CB79529C196717468D3",
  "MonoMod.Backports.dll": "F2F80433582C45EF9F5AEB440F2893AF",
  "MonoMod.Core.dll": "6EF6524B33DC32C7435C4104BCFD8299",
  "MonoMod.Iced.dll": "163779D1A5C1082DC3885BB2271D45BB",
  "MonoMod.ILHelpers.dll": "51E69C87071D909FDE72FB2831DB1803",
  "MonoMod.RuntimeDetour.dll": "5A6DB717BAF4120DC8CF7801601253A8",
  "MonoMod.Utils.dll": "8CEBB5A69F75FEF2C6021D4F6A75CFD8",
  "nethost.dll": "012081214FE71F0F6ADCD9F4A71B2B00",
  "Newtonsoft.Json.dll": "86A83A63F12B55FD3718CFBFB577D7DC",
  "PeNet.Asn1.dll": "E76306069435B6212BD6C36393A8D187",
  "PeNet.dll": "F58D5DF21852B93C7FA6E3F7C6EB60B8",
  "PInvoke.AdvApi32.dll": "34EE461D05B403C3A15D0DEC32A3788C",
  "PInvoke.BCrypt.dll": "FD07758EE1440491F22923084109FF26",
  "PInvoke.Cabinet.dll": "333D950E3804735DA60CC41D614C63E2",
  "PInvoke.CfgMgr32.dll": "768BE7CC18EDCF78B296A72ABE891691",
  "PInvoke.Crypt32.dll": "E7B00B0851738F4A7F2C6D37DAA973B4",
  "PInvoke.DbgHelp.dll": "E701136169620D20E3A70B560DE20E44",
  "PInvoke.DwmApi.dll": "ACF223CC8962404056648815B486F7D9",
  "PInvoke.Gdi32.dll": "69FF434826F98582CE44D3136ECFFACB",
  "PInvoke.Hid.dll": "2E7A41257F8AD9B26073181F450CD8E5",
  "PInvoke.ImageHlp.dll": "79BE816E8D86EA66489D7780DD675D49",
  "PInvoke.IPHlpApi.dll": "E949FA3326D1BA8872B179AB4EE49D38",
  "PInvoke.Kernel32.dll": "234E15B122ED430DE99490CA1A204958",
  "PInvoke.Magnification.dll": "C9EA3D34F506741ECC044DB19C151F09",
  "PInvoke.Msi.dll": "69EE50CE2DA6B55755E52589F49A7EBC",
  "PInvoke.NCrypt.dll": "DA1DE76C14D99370CA3BEF19DC299B15",
  "PInvoke.NetApi32.dll": "AE79F9FA2E3864A5E0642AE4622ECDC5",
  "PInvoke.NewDev.dll": "B3E1992105D986EF9C5C8E4B630FBB07",
  "PInvoke.NTDll.dll": "3F6BDF840EB27DD0FD9EB8071822183A",
  "PInvoke.Ole32.dll": "3C49FB100B60519FFE725BCD12A538F6",
  "PInvoke.Psapi.dll": "A7683EE4B880227F01C8AE632A892B9E",
  "PInvoke.SetupApi.dll": "1B7AE321185D0081D1759A9AD829F9BA",
  "PInvoke.SHCore.dll": "F27E7F063D51480F6D2294C903E4A606",
  "PInvoke.Shell32.dll": "F71A1BCAF6478190691170DAEA77722F",
  "PInvoke.User32.dll": "8BEDE38311ED4F27127290B81B8079FD",
  "PInvoke.Userenv.dll": "FEB7BCA90B8C905EC2F4BB0789847131",
  "PInvoke.UxTheme.dll": "8E683C016250CB719FDB9AAAFC22B3C5",
  "PInvoke.Windows.Core.dll": "90015440A44935208FFEA9BF61740651",
  "PInvoke.Windows.ShellScalingApi.dll": "F351B34B8C9183A51CADFDC279357C49",
  "PInvoke.WinUsb.dll": "9EB8A0280F2848D1A32B560A939F7336",
  "PInvoke.WtsApi32.dll": "341C94455D2E5893DBE4293D4D67AA4D",
  "Reloaded.Assembler.dll": "85858054040E0581116146468BA4A6BC",
  "Reloaded.Hooks.Definitions.dll": "E43B6E0065E108395E2151E14115D43C",
  "Reloaded.Hooks.dll": "C83D786FF052D91609D75D588CEEA8B3",
  "Reloaded.Memory.Buffers.dll": "265F20CA04520B018D69E896B9CEE774",
  "Reloaded.Memory.dll": "71B01662596B760BD138FD4BBEDBEE5D",
  "revision.txt": "26310C700FFD1B5095454F336AE96648",
  "SDL2-CS.config": "65557595FD5DF55D93B2BF881DE62C3A",
  "SDL2-CS.dll": "3A2972259E5BB60BDBEB99E85520949F",
  "Serilog.dll": "D2DA394808AC1CAAF9FD63CA4EEF0394",
  "Serilog.Sinks.Async.dll": "07D106BD503E2D5D1E38EBF616C4CB46",
  "Serilog.Sinks.Console.dll": "CDA1FBFE7434916B60D4C300F4A71993",
  "Serilog.Sinks.File.dll": "51AE7BF5EB8729259EA439DE45C9CDAD",
  "SharpDX.Direct3D11.dll": "FA2528EE26BE5183B8AA71CA71B91E1B",
  "SharpDX.dll": "86DF35C4606AB6F9E9E5BF059831FA4C",
  "SharpDX.DXGI.dll": "0829C9717C8BBDA1F1A5CA8C6653806E",
  "SharpDX.Mathematics.dll": "A1F4D0080344BC55C23B791F1F6F5599",
  "Silk.NET.Core.dll": "A455CC0EF85EC8577D306EE7B53FBB92",
  "Silk.NET.GLFW.dll": "09098102BD3BE973F67B900F9CE17F62",
  "Silk.NET.Maths.dll": "EF7393E231B3239DA21D45D7965C56EA",
  "Silk.NET.OpenGL.dll": "F2334AAAAF5C207BE33FBAA1426A4D63",
  "Silk.NET.SDL.dll": "DADD802EE1AA106EF3774D1B60C4E672",
  "Silk.NET.Windowing.Common.dll": "C89D12D241BAB4D496300722B0B934CD",
  "Silk.NET.Windowing.Glfw.dll": "9D02FAEE0492008CB7C6D59ACFF88A41",
  "Silk.NET.Windowing.Sdl.dll": "FB724054A2CFE8D522C09839EF4221A8",
  "SQLite-net.dll": "966EF38D1F7FB83AC6D1330B047017D9",
  "SQLitePCLRaw.batteries_v2.dll": "0BC391A425936CE7D90BD221AE6B45BF",
  "SQLitePCLRaw.core.dll": "A46ACCD2955A309B4A33F98466C3D0BC",
  "SQLitePCLRaw.nativelibrary.dll": "E525B0B94428EDFAF848CE49F0772A35",
  "SQLitePCLRaw.provider.dynamic_cdecl.dll": "623E118371EFAF8A7CB497E805EAC6E4",
  "StbiSharp.dll": "AF3EFDC88108B648AC0CBB11019C4388",
  "System.Reactive.dll": "EF5A00287AD15393D41B12AA4B726FF7",
  "System.Reflection.MetadataLoadContext.dll": "7EC41D41F4E1246757BA3E2EC862D562",
  "System.Security.Cryptography.Pkcs.dll": "8950E01996A37E808BE3F39063C37BF9",
  "TEMP_gitver.txt": "905F6C0097C1824E0D90702CDF477E5C",
  "TerraFX.Interop.Windows.dll": "84F7EF6B0DE91F8CC23F773D3FD6DEC0",
  "Validation.dll": "39016C88C57C2B73F7D07BF2B61D4F09"
}
