{
  "runtimes\\alpine-arm\\native\\libe_sqlite3.so": "87AF85204A246154501382901F3F6812",
  "runtimes\\alpine-arm64\\native\\libe_sqlite3.so": "CD4B9AAB53400EFE96ABC32B339A866A",
  "runtimes\\alpine-x64\\native\\libe_sqlite3.so": "6C9D6E34F1E932668237404D6EB6FC66",
  "runtimes\\browser-wasm\\nativeassets\\net7.0\\e_sqlite3.a": "E25518AC5EAD5E787448F3258236888E",
  "runtimes\\linux-arm\\native\\libe_sqlite3.so": "B8DA0DB6A447B5CCE98207F6A250FB84",
  "runtimes\\linux-arm64\\native\\libe_sqlite3.so": "A888898B38395A15F2DE200BAA8B486F",
  "runtimes\\linux-armel\\native\\libe_sqlite3.so": "54F3F4183B81387F7928ED0BB9B67B32",
  "runtimes\\linux-mips64\\native\\libe_sqlite3.so": "D56886A2E2F081CDEA1621BB18132764",
  "runtimes\\linux-musl-arm\\native\\libe_sqlite3.so": "87AF85204A246154501382901F3F6812",
  "runtimes\\linux-musl-arm64\\native\\libe_sqlite3.so": "CD4B9AAB53400EFE96ABC32B339A866A",
  "runtimes\\linux-musl-x64\\native\\libe_sqlite3.so": "6C9D6E34F1E932668237404D6EB6FC66",
  "runtimes\\linux-s390x\\native\\libe_sqlite3.so": "CB751CC76F280849C0E2F718D6784E69",
  "runtimes\\linux-x64\\native\\libe_sqlite3.so": "30098E7FAEB947BF5A5AE2FDB34E4461",
  "runtimes\\linux-x86\\native\\libe_sqlite3.so": "68872BD5071077981504636C2353EAA8",
  "runtimes\\maccatalyst-arm64\\native\\libe_sqlite3.dylib": "B2597C8799A6D21E5B98DB28C9C725FD",
  "runtimes\\maccatalyst-x64\\native\\libe_sqlite3.dylib": "19DCF2A64A7B5D1B8C7705AC809653A5",
  "runtimes\\osx-arm64\\native\\libe_sqlite3.dylib": "FB6D0058E0E849FA8715911B49790350",
  "runtimes\\osx-x64\\native\\libe_sqlite3.dylib": "DE5735102E730C1518C029DB3A0040A9",
  "runtimes\\win-arm\\native\\e_sqlite3.dll": "03474E2EB9446C5528B11EF53E721DA7",
  "runtimes\\win-arm64\\native\\e_sqlite3.dll": "0769E63E1798E0365B09F8A689EF1A42",
  "runtimes\\win-x64\\native\\e_sqlite3.dll": "46C5CD020D93E2014F9DDFE9D2579DDC",
  "runtimes\\win-x64\\native\\minhook.x64d.dll": "D8D7E28E5595AF7D5ADA71218802CB91",
  "runtimes\\win-x86\\native\\e_sqlite3.dll": "15ADC42D695C593CC249E96B0EF0E444",
  "BCnEncoder.dll": "754B579EEA953298F9579E9AC5CEB826",
  "BitFaster.Caching.dll": "66D579983C57B534A4CD4A169E3CEDC6",
  "CheapLoc.dll": "93E168893FFDA3F2417E46AD74BE3D1B",
  "cimgui.dll": "6AE0CCF058A0C2BC0FAA54987D0D3136",
  "cimguizmo.dll": "536E3061A19A694C98B42025190B29B4",
  "cimplot.dll": "159BABE6C28483DD8FBDA9EE5D0DE28A",
  "commit_hash.txt": "E258BBE9C400D1A1D10897D5C960FC28",
  "CommunityToolkit.HighPerformance.dll": "66B64EC334625F2C5D341A45E28EEB43",
  "Dalamud.Bindings.ImGui.dll": "440F1B6C7A5D1F4F668C9FA0A871200E",
  "Dalamud.Bindings.ImGuizmo.dll": "C74FBB25A44D302D062E862C48442E4D",
  "Dalamud.Bindings.ImPlot.dll": "1A10726BAFBF0F53BFC8438385E90891",
  "Dalamud.Boot.dll": "47040E25CB558A15DE41DFEFEAFC7DB7",
  "Dalamud.Common.dll": "81B106662F5B7E6D6DCB104DFE0782A9",
  "Dalamud.deps.json": "28D2480381F6B371C3DCEA5D4499BD1C",
  "Dalamud.dll": "190936817205512FA4D257222349FE24",
  "Dalamud.Injector.deps.json": "28C3C412E18C8E21BCEC052CCAF9CE11",
  "Dalamud.Injector.dll": "56DCACB9B32FA5311515C20B1761903A",
  "Dalamud.Injector.exe": "EE1EF973A10E945AF37DF038159BA53D",
  "Dalamud.Injector.runtimeconfig.json": "481C4D4F6151485203242D25F632FCC5",
  "Dalamud.Injector.xml": "573870DEB8A9854EC20203EDE9D78425",
  "Dalamud.runtimeconfig.json": "9DB7F0D7C94CA1AA6CA3ACFA6F93A1D8",
  "Dalamud.xml": "D90376AEB7A46E1A6DC7708087B92907",
  "DalamudCrashHandler.exe": "D343E0217B61D9287D83563DF703902E",
  "FASM-LICENSE.TXT": "ECEA1D10811221D5F0A3E96F9C38E2C7",
  "FASM.DLL": "EF6271D72F7BE494497498433F475E43",
  "FASMX64.DLL": "58F6509706E17A4571CC71A62739285C",
  "FFXIVClientStructs.dll": "D07EB4E2B9E0CD406C9BFA50251E834F",
  "FFXIVClientStructs.xml": "1FC2CED31F5DAFE10C3AAB8E7F85D8C8",
  "goatcorp.Reloaded.Assembler.dll": "986EB6E10C94FC357AD8AB95C6FA0A9C",
  "goatcorp.Reloaded.Assembler.targets": "CC22CB0A353E2136EE9E6E96DB9F7164",
  "goatcorp.Reloaded.Hooks.dll": "C9ECD86F3F807C49269D9A5384886556",
  "goatcorp.Reloaded.Memory.Buffers.dll": "E020FE5EAD061F5CFB3065BD322E4957",
  "HexaGen.Runtime.dll": "845AD402D1EC24DB921C5E8490654D05",
  "Iced.dll": "34A34C3FA831AC0D83D62773EA960001",
  "ImGuiScene.dll": "067BACE892262BAAC422FC7BE0CB8FB0",
  "InteropGenerator.Runtime.dll": "E78AF20E2FABD504AC6931E8629933BA",
  "JetBrains.Annotations.dll": "D334483DFBCF8BE6062277E1FB3B94F3",
  "licenses.txt": "A159BE62AA91178EFC3E3983AE874D1D",
  "Lumina.dll": "52D1A05C2AF6E1FE78A148510B01D537",
  "Lumina.Excel.dll": "4E7D1063A7B08D7BF9124D6037545D27",
  "Lumina.Excel.xml": "AEE3C28A2AE7FBEC7B9B5685FA0F569D",
  "Microsoft.Extensions.ObjectPool.dll": "CB2B8426DF93B062B631BC85B3369BED",
  "MinSharp.dll": "12B50CB208A9ADBF101201A9DDF8C55D",
  "Mono.Cecil.dll": "E8F6D92EBE89B4915A54CBB92E31ACC3",
  "Mono.Cecil.Mdb.dll": "7FFBF0BBEE3494661CDB429676C0BBE7",
  "Mono.Cecil.Pdb.dll": "D054DA2AE5A1DE7C17FDCF508E9203B8",
  "Mono.Cecil.Rocks.dll": "40593101070830493D4AF0187C9B4330",
  "nethost.dll": "21F39F71E2F4B5BA9FB3F126872F2F9B",
  "Newtonsoft.Json.dll": "C252FE44B67A08E6DAB4EADE3764DB49",
  "PeNet.Asn1.dll": "56D4023B1B89558E447218F2EFB2AB43",
  "PeNet.dll": "28B0CE2CD59C83AA9348AE0FC1DBDE22",
  "Reloaded.Hooks.Definitions.dll": "6B0C1E23BB9FC85AE7BFC1A13417FC19",
  "Reloaded.Memory.Buffers.dll": "E10C6FB1FCC588E12B3B4EEEFEE300CF",
  "Reloaded.Memory.dll": "567CECCC2007A3387C8070D477F65FE7",
  "revision.txt": "49EF08AD6E7F26D7F200E1B2B9E6E4AC",
  "Serilog.dll": "7A9D2160A3C9BBA8D16D201413C4B6E5",
  "Serilog.Sinks.Async.dll": "BF8F21EC097EEAEC2F0C048E35C9D073",
  "Serilog.Sinks.Console.dll": "6FDF288E105064B74CE4EBD9F3703D9B",
  "Serilog.Sinks.File.dll": "92CA0E35B975677AB004253CB0BB5FA8",
  "SQLite-net.dll": "784C96CA566951D3FE840FEE6CC6908C",
  "SQLitePCLRaw.batteries_v2.dll": "E28D671E184EAEA1F90CD2D73F856863",
  "SQLitePCLRaw.core.dll": "BD806E36FF6169F84E3DE04EA0DA228B",
  "SQLitePCLRaw.provider.e_sqlite3.dll": "4B65D10E348C9ACB3ACC2176967A9744",
  "System.Reactive.dll": "C6016588304D55406E3D1C2FA7D42903",
  "System.Reflection.MetadataLoadContext.dll": "284C720DEE2524BCF10DD1B5648AA303",
  "System.Security.Cryptography.Pkcs.dll": "17945B2BF07D9377E36AD3EBE69FF693",
  "TEMP_gitver.txt": "27A556D3C0C587A62CDD68F6FBB84A77",
  "TerraFX.Interop.Windows.dll": "C75D06E77DE5A095D45676A81CDE0DC9"
}
