{
  "runtimes\\alpine-x64\\native\\libe_sqlite3.so": "39C244FEDBCD3DFC37041D4FCE1AE21D",
  "runtimes\\linux-arm\\native\\libe_sqlite3.so": "96CF54BC0EFB83D6E3F5F3E04997A59D",
  "runtimes\\linux-arm64\\native\\libe_sqlite3.so": "F079E55E7F3F9966A4A2052A3234E068",
  "runtimes\\linux-armel\\native\\libe_sqlite3.so": "C5A67D49434FC65D64E9C15778078C76",
  "runtimes\\linux-mips64\\native\\libe_sqlite3.so": "5F8461214089CFC677D46C19B7162161",
  "runtimes\\linux-musl-x64\\native\\libe_sqlite3.so": "39C244FEDBCD3DFC37041D4FCE1AE21D",
  "runtimes\\linux-x64\\native\\libe_sqlite3.so": "6F49C540D3AB9964D67A4A704C3D262D",
  "runtimes\\linux-x64\\native\\libglfw.so.3": "9E3137144F68B9E9793F4C7AD5B1BEA7",
  "runtimes\\linux-x64\\native\\libSDL2-2.0.so": "99B95A708381FC66AB2370E45A260527",
  "runtimes\\linux-x64\\native\\libstbi.so": "0945355ED59677D06E3E88F48101BB26",
  "runtimes\\linux-x86\\native\\libe_sqlite3.so": "5E0659B414CBD6DDC38C65582485853E",
  "runtimes\\osx-x64\\native\\libe_sqlite3.dylib": "F82AE134FCD1C080A69D775591406673",
  "runtimes\\osx-x64\\native\\libglfw.3.dylib": "1E30FAB2F0C40E82290AD4B0BF14A880",
  "runtimes\\osx-x64\\native\\libSDL2-2.0.dylib": "AAC958490586C67395F0A90903AE3747",
  "runtimes\\osx-x64\\native\\libstbi.dylib": "0B84B0A6A80178266018081C3CAB68E6",
  "runtimes\\win-arm\\native\\e_sqlite3.dll": "FC41D4D0355100E6672BF9401491D2F8",
  "runtimes\\win-arm64\\native\\e_sqlite3.dll": "2EA05514C54C6CC7A304AD39C0D9BC31",
  "runtimes\\win-x64\\native\\cimgui.dll": "05CB87ECECCA7C5ACF79E917BE320C52",
  "runtimes\\win-x64\\native\\cimguizmo.dll": "380758B513F739B9D2E94601D474ADB3",
  "runtimes\\win-x64\\native\\cimplot.dll": "F28D67C3878720861EBE7636EE246A08",
  "runtimes\\win-x64\\native\\e_sqlite3.dll": "C89B38F4503CAC22A3424EE636593F41",
  "runtimes\\win-x64\\native\\glfw3.dll": "3612BB75C6535B42A15F65A9945696E3",
  "runtimes\\win-x64\\native\\minhook.x64d.dll": "636ED7A5947F5B960983154145449142",
  "runtimes\\win-x64\\native\\SDL2.dll": "58B4C681EBE2FA39AC4D8C835DA0D9D2",
  "runtimes\\win-x64\\native\\stbi.dll": "30C3A4EA8D5BB769B188AD535FD44B36",
  "runtimes\\win-x64\\native\\stbi.lib": "927C214DE576219E1F80DBE7798A0502",
  "runtimes\\win-x86\\native\\e_sqlite3.dll": "ADAE5F51F82AEC99FB4114AEB656C1C5",
  "runtimes\\win-x86\\native\\glfw3.dll": "F55905963E11CEAA6CC16E3CDA3C1D04",
  "runtimes\\win-x86\\native\\SDL2.dll": "D112E44599F87C5A2EF5ED81927C898C",
  "targets\\Dalamud.Plugin.Bootstrap.targets": "C85635161398CD9852CF7212DB7EB904",
  "targets\\Dalamud.Plugin.targets": "E2AA900DB1F6596D1C203D4112A10F5E",
  "CheapLoc.dll": "9019D5783D40C9E1ACAF1C72DBF7D3E5",
  "Costura.dll": "CB2E6A38C481B8AF103C2C1CACAEF817",
  "Dalamud.Boot.dll": "9D4DC7D668646448DE0C229585917B1F",
  "Dalamud.Common.dll": "D177B431D86190DBA181B6DBED065FEE",
  "Dalamud.deps.json": "A45B7CA1210BD5203A20B3BBF6F01F40",
  "Dalamud.dll": "F0B5B2742900AB541923CB7116F3601E",
  "Dalamud.Injector.deps.json": "C1FA0941DC8B38E415776C60C508AAB9",
  "Dalamud.Injector.dll": "44B888D9F56E2555EC7E78B1B6EA4EFA",
  "Dalamud.Injector.exe": "5DE3F3BBB62A67506D31977D49A96B2A",
  "Dalamud.Injector.runtimeconfig.json": "B9BB65FFE7924D4D8BABE9FA66303200",
  "Dalamud.Injector.xml": "D41E5DF541D19A015215E777D7395C9C",
  "Dalamud.runtimeconfig.json": "2A9CD915428BDD175E0889BD0C225F75",
  "Dalamud.xml": "37A020879D04CD6A0BCCB74D33118E87",
  "DalamudCrashHandler.exe": "0E9E607A4ACDA514A7707370E9221F4E",
  "FASM-LICENSE.TXT": "ECEA1D10811221D5F0A3E96F9C38E2C7",
  "FASM.DLL": "B077EA8EE727D8CDA81D9DC7A83D5520",
  "FASMX64.DLL": "9C3F49397894744B23778ACAE8349368",
  "FFXIVClientStructs.dll": "559BE002BFF8CC56FE5C77F68530417E",
  "FFXIVClientStructs.xml": "39D682805E3B23E9193A8220A5DF19AE",
  "goaaats.Reloaded.Assembler.targets": "CC22CB0A353E2136EE9E6E96DB9F7164",
  "Iced.dll": "A8697DAFA4C548F507758E61F13FC744",
  "ImGui.NET.dll": "DC71D25F667D33DBBCFEE80493EFF2C9",
  "ImGuiScene.dll": "CD206526D340B38668532F80914058DC",
  "JetBrains.Annotations.dll": "0BBB10004AF527788364C712D5DE4EDB",
  "licenses.txt": "A159BE62AA91178EFC3E3983AE874D1D",
  "Lumina.dll": "0EFCF52E3AC7FCCD292913A091604AD9",
  "Lumina.Excel.dll": "FB9AF9B99E8C8887C4D83314EB02F4C4",
  "Microsoft.Bcl.HashCode.dll": "613AB56061ADF2284E047025207467E0",
  "Microsoft.DotNet.PlatformAbstractions.dll": "00AB0F02B1114C57C758F5AD595224F1",
  "Microsoft.Extensions.DependencyModel.dll": "F39BC76C10CFEA478C936FC4521A9FC9",
  "Microsoft.Extensions.ObjectPool.dll": "4EEE3E64BE561711391BF998FFBF65D3",
  "MinSharp.dll": "F48101FD588A8167083D85B602E7D463",
  "Mono.Cecil.dll": "D8691AFE01D63BD4A64A7E8F8B9E7053",
  "Mono.Cecil.Mdb.dll": "41635E524B451746E737DA8E55BF8DB9",
  "Mono.Cecil.Pdb.dll": "9DB53B48B656228AB842AE5829D5EF2F",
  "Mono.Cecil.Rocks.dll": "7456C25FE8E8C47FF671AB881EB0FAC9",
  "nethost.dll": "012081214FE71F0F6ADCD9F4A71B2B00",
  "Newtonsoft.Json.dll": "86A83A63F12B55FD3718CFBFB577D7DC",
  "PeNet.Asn1.dll": "70F33A7C320FE8439C3F432C74EDC35E",
  "PeNet.dll": "A992763C6B88C300AB0C068917187112",
  "PInvoke.AdvApi32.dll": "34EE461D05B403C3A15D0DEC32A3788C",
  "PInvoke.BCrypt.dll": "FD07758EE1440491F22923084109FF26",
  "PInvoke.Cabinet.dll": "333D950E3804735DA60CC41D614C63E2",
  "PInvoke.CfgMgr32.dll": "768BE7CC18EDCF78B296A72ABE891691",
  "PInvoke.Crypt32.dll": "E7B00B0851738F4A7F2C6D37DAA973B4",
  "PInvoke.DbgHelp.dll": "E701136169620D20E3A70B560DE20E44",
  "PInvoke.DwmApi.dll": "ACF223CC8962404056648815B486F7D9",
  "PInvoke.Gdi32.dll": "69FF434826F98582CE44D3136ECFFACB",
  "PInvoke.Hid.dll": "2E7A41257F8AD9B26073181F450CD8E5",
  "PInvoke.ImageHlp.dll": "79BE816E8D86EA66489D7780DD675D49",
  "PInvoke.IPHlpApi.dll": "E949FA3326D1BA8872B179AB4EE49D38",
  "PInvoke.Kernel32.dll": "234E15B122ED430DE99490CA1A204958",
  "PInvoke.Magnification.dll": "C9EA3D34F506741ECC044DB19C151F09",
  "PInvoke.Msi.dll": "69EE50CE2DA6B55755E52589F49A7EBC",
  "PInvoke.NCrypt.dll": "DA1DE76C14D99370CA3BEF19DC299B15",
  "PInvoke.NetApi32.dll": "AE79F9FA2E3864A5E0642AE4622ECDC5",
  "PInvoke.NewDev.dll": "B3E1992105D986EF9C5C8E4B630FBB07",
  "PInvoke.NTDll.dll": "3F6BDF840EB27DD0FD9EB8071822183A",
  "PInvoke.Ole32.dll": "3C49FB100B60519FFE725BCD12A538F6",
  "PInvoke.Psapi.dll": "A7683EE4B880227F01C8AE632A892B9E",
  "PInvoke.SetupApi.dll": "1B7AE321185D0081D1759A9AD829F9BA",
  "PInvoke.SHCore.dll": "F27E7F063D51480F6D2294C903E4A606",
  "PInvoke.Shell32.dll": "F71A1BCAF6478190691170DAEA77722F",
  "PInvoke.User32.dll": "8BEDE38311ED4F27127290B81B8079FD",
  "PInvoke.Userenv.dll": "FEB7BCA90B8C905EC2F4BB0789847131",
  "PInvoke.UxTheme.dll": "8E683C016250CB719FDB9AAAFC22B3C5",
  "PInvoke.Windows.Core.dll": "90015440A44935208FFEA9BF61740651",
  "PInvoke.Windows.ShellScalingApi.dll": "F351B34B8C9183A51CADFDC279357C49",
  "PInvoke.WinUsb.dll": "9EB8A0280F2848D1A32B560A939F7336",
  "PInvoke.WtsApi32.dll": "341C94455D2E5893DBE4293D4D67AA4D",
  "Reloaded.Assembler.dll": "FCE0FC8F409B9B00BCE53F22DEE3931C",
  "Reloaded.Hooks.Definitions.dll": "4401EA85C03B3CE3F008EA7E46235CFF",
  "Reloaded.Hooks.dll": "18DC86ADDE1BA4F4B078B8447B788DC3",
  "Reloaded.Memory.Buffers.dll": "E7A6DE9354A76A0B26153A5E8FF66167",
  "Reloaded.Memory.dll": "10A471100EFB7F3E06AA78234B3FF5FD",
  "revision.txt": "8C5EBE834BB61A2E5AB8EF38F8D940F3",
  "SDL2-CS.config": "65557595FD5DF55D93B2BF881DE62C3A",
  "SDL2-CS.dll": "4AA3F27D74A6B94EA16CF7238A27AC40",
  "Serilog.dll": "B58C865B0A54FE8BF6A8D1D700F1C1A2",
  "Serilog.Sinks.Async.dll": "D9CAD67853EF22A243E5C8867B0E7744",
  "Serilog.Sinks.Console.dll": "62C50404AFFBC5198D9C9993607034C7",
  "Serilog.Sinks.File.dll": "68F970D5F4AB88683464A583F0027343",
  "SharpDX.Direct3D11.dll": "2EA098BD072145F6230FE466CF9BDC40",
  "SharpDX.dll": "117E71FE563CAB91AA9086DD3EC52B49",
  "SharpDX.DXGI.dll": "392BCA99908ED12A187B8067A73BD800",
  "SharpDX.Mathematics.dll": "3EEB0019C3BBCF69481037C1B4BE4CE2",
  "Silk.NET.Core.dll": "8334CFA7FC32B1F40FF62BC38EC54D71",
  "Silk.NET.GLFW.dll": "BA327C884DEED6A88972479C0AF82A06",
  "Silk.NET.Maths.dll": "DDA79240875C185BFC8FBE05A5D5C840",
  "Silk.NET.OpenGL.dll": "F26D51C10D18D61389E546690B3D067B",
  "Silk.NET.SDL.dll": "030EC8F414598C5BA8340005CAA60F0F",
  "Silk.NET.Windowing.Common.dll": "BB70518BEE36E26A9E35C4AFD5AF3429",
  "Silk.NET.Windowing.Glfw.dll": "BEDDFDF78ABF6EA9CF770173E0B00F45",
  "Silk.NET.Windowing.Sdl.dll": "34B9A8924F4B0DAF81E1C8071F13681C",
  "SQLite-net.dll": "1EFEF75D5B8B11AEDA5572A5270D35B8",
  "SQLitePCLRaw.batteries_v2.dll": "C9467B3D072DD867CD178E0A4DA3B51B",
  "SQLitePCLRaw.core.dll": "B0FB3DE963DB872B09733DAF8B23F534",
  "SQLitePCLRaw.nativelibrary.dll": "0460EA34B79A2C13FC23293982495C27",
  "SQLitePCLRaw.provider.dynamic_cdecl.dll": "25EE22EAB0AB8413A7F28DB72A53689D",
  "StbiSharp.dll": "84EFBE7374BACA349504E060446588F3",
  "System.Reactive.dll": "EF5A00287AD15393D41B12AA4B726FF7",
  "System.Reflection.MetadataLoadContext.dll": "7EC41D41F4E1246757BA3E2EC862D562",
  "System.Security.Cryptography.Pkcs.dll": "8950E01996A37E808BE3F39063C37BF9",
  "TEMP_gitver.txt": "98D11D0B35E7E38877C3BA3999B9C86F",
  "TerraFX.Interop.Windows.dll": "84F7EF6B0DE91F8CC23F773D3FD6DEC0",
  "Validation.dll": "3857D406B9660F0E800B09AE7E203631"
}
