{
  "runtimes\\alpine-x64\\native\\libe_sqlite3.so": "39C244FEDBCD3DFC37041D4FCE1AE21D",
  "runtimes\\linux-arm\\native\\libe_sqlite3.so": "96CF54BC0EFB83D6E3F5F3E04997A59D",
  "runtimes\\linux-arm64\\native\\libe_sqlite3.so": "F079E55E7F3F9966A4A2052A3234E068",
  "runtimes\\linux-armel\\native\\libe_sqlite3.so": "C5A67D49434FC65D64E9C15778078C76",
  "runtimes\\linux-mips64\\native\\libe_sqlite3.so": "5F8461214089CFC677D46C19B7162161",
  "runtimes\\linux-musl-x64\\native\\libe_sqlite3.so": "39C244FEDBCD3DFC37041D4FCE1AE21D",
  "runtimes\\linux-x64\\native\\libe_sqlite3.so": "6F49C540D3AB9964D67A4A704C3D262D",
  "runtimes\\linux-x64\\native\\libglfw.so.3": "9E3137144F68B9E9793F4C7AD5B1BEA7",
  "runtimes\\linux-x64\\native\\libSDL2-2.0.so": "99B95A708381FC66AB2370E45A260527",
  "runtimes\\linux-x64\\native\\libstbi.so": "0945355ED59677D06E3E88F48101BB26",
  "runtimes\\linux-x86\\native\\libe_sqlite3.so": "5E0659B414CBD6DDC38C65582485853E",
  "runtimes\\osx-x64\\native\\libe_sqlite3.dylib": "F82AE134FCD1C080A69D775591406673",
  "runtimes\\osx-x64\\native\\libglfw.3.dylib": "1E30FAB2F0C40E82290AD4B0BF14A880",
  "runtimes\\osx-x64\\native\\libSDL2-2.0.dylib": "AAC958490586C67395F0A90903AE3747",
  "runtimes\\osx-x64\\native\\libstbi.dylib": "0B84B0A6A80178266018081C3CAB68E6",
  "runtimes\\win-arm\\native\\e_sqlite3.dll": "283AD2E1002E5EFAF583C11A5A86D993",
  "runtimes\\win-arm64\\native\\e_sqlite3.dll": "5D11EC35DD13B08A3BC58AB9A58B8878",
  "runtimes\\win-x64\\native\\e_sqlite3.dll": "125F58CD95BD72A6AA34104C801D2D49",
  "runtimes\\win-x64\\native\\glfw3.dll": "F6377A5BA3532324567286873870ED1B",
  "runtimes\\win-x64\\native\\minhook.x64d.dll": "C596C4B336F0AA8DC1EA1B53A4B931E5",
  "runtimes\\win-x64\\native\\SDL2.dll": "2F514C68E3AE93B81DDE089AA5DF82A3",
  "runtimes\\win-x64\\native\\stbi.dll": "AC028094A81F924847BF447D270240C4",
  "runtimes\\win-x64\\native\\stbi.lib": "927C214DE576219E1F80DBE7798A0502",
  "runtimes\\win-x86\\native\\e_sqlite3.dll": "CCF212BD9D18B1DB797A64AF8DCAF15F",
  "runtimes\\win-x86\\native\\glfw3.dll": "6A55816685063F4ECCCE928573C5EE82",
  "runtimes\\win-x86\\native\\SDL2.dll": "FDF6B45612D15EEA1C77F7F3D381C221",
  "targets\\Dalamud.Plugin.Bootstrap.targets": "C85635161398CD9852CF7212DB7EB904",
  "targets\\Dalamud.Plugin.targets": "394EE2BEC70254F76ABBE2C33F62BBFA",
  "BitFaster.Caching.dll": "962A8C045ACF9C5B7459F0B93BEAE414",
  "CheapLoc.dll": "527BB969DCBFFF52F7DCEE6DD16BE510",
  "cimgui.dll": "9F11914A0CE0C634D218A4B68B30D477",
  "cimguizmo.dll": "57C9C2C86E6575103BF94A4894BA6C80",
  "cimplot.dll": "6BFD7487B798D5FA0C8E85A0C46E2813",
  "commit_hash.txt": "0B7AE9A4DB9551A227E6EA8B52BC2741",
  "Dalamud.Boot.dll": "E9C3836E1FD33539CEF90C41519BEFD3",
  "Dalamud.Common.dll": "3E371CE866BD7966C7BFA574A99BBEAE",
  "Dalamud.deps.json": "A6782D5FD4802EC91CF72AC6F514EA94",
  "Dalamud.dll": "8CFF9C6201A31991F978511D126313E0",
  "Dalamud.Injector.deps.json": "C21972522E8133995B2C9562B3E39983",
  "Dalamud.Injector.dll": "C52152C4538931875934F87F3D8D85D9",
  "Dalamud.Injector.exe": "82C8FEBA34B9B7F442D0AF5818A21A9F",
  "Dalamud.Injector.runtimeconfig.json": "439C534917CEF268A731631073E50FE4",
  "Dalamud.Injector.xml": "6730B8BB13078B71889B5A56C5DFAC6D",
  "Dalamud.runtimeconfig.json": "CA3935E9C6B9E3300F2D7171E4AF6335",
  "Dalamud.xml": "5EC670C2294BDBF5C121894E52CC5D59",
  "DalamudCrashHandler.exe": "7F059C817412179887260BCEE7C03437",
  "FASM-LICENSE.TXT": "ECEA1D10811221D5F0A3E96F9C38E2C7",
  "FASM.DLL": "25BD914330C0D2A98549342A6BEC3724",
  "FASMX64.DLL": "BD52BC6DF80122EFF56676CE3D5E47B5",
  "FFXIVClientStructs.dll": "058CF939D19FAF03AD29AAF6AD0E0E34",
  "FFXIVClientStructs.xml": "97EAF03D1CB7FAF87CEF51435D137693",
  "goatcorp.Reloaded.Assembler.targets": "CC22CB0A353E2136EE9E6E96DB9F7164",
  "Iced.dll": "82FC33B4361373B578288C602A3A728D",
  "ImGui.NET.dll": "EBB1FDB0664784A7C4FB707D5D01FC4F",
  "ImGuiScene.dll": "CD6927751B1DE49598631244B5FBA8C5",
  "InteropGenerator.Runtime.dll": "E5DFE5A1D0064E4FE995A57243B97A67",
  "JetBrains.Annotations.dll": "9C0B18220BB75D8F0AEC165229DF0549",
  "licenses.txt": "A159BE62AA91178EFC3E3983AE874D1D",
  "Lumina.dll": "BD5E77706E7B5FECA212403808CABEE0",
  "Lumina.Excel.dll": "B04EBE0BB077BE52B97A722C98B621F2",
  "Microsoft.Bcl.HashCode.dll": "613AB56061ADF2284E047025207467E0",
  "Microsoft.DotNet.PlatformAbstractions.dll": "00AB0F02B1114C57C758F5AD595224F1",
  "Microsoft.Extensions.DependencyModel.dll": "F39BC76C10CFEA478C936FC4521A9FC9",
  "Microsoft.Extensions.ObjectPool.dll": "B0558CE087EAE95853E35579300F3A77",
  "MinSharp.dll": "A5CB8FCF34413F55AD23B8E118C647FA",
  "Mono.Cecil.dll": "A41595E8F2CDC54C0B5A5C950B3DCAC9",
  "Mono.Cecil.Mdb.dll": "FDC1B001A77504C4D47DBF114B3E8227",
  "Mono.Cecil.Pdb.dll": "AEFC3BBF60CA178DFEE1E2F6BAC5C47F",
  "Mono.Cecil.Rocks.dll": "E6AF5F93D5B32013E2B941223DF6BAC5",
  "nethost.dll": "21F39F71E2F4B5BA9FB3F126872F2F9B",
  "Newtonsoft.Json.dll": "ADF3E3EECDE20B7C9661E9C47106A14A",
  "PeNet.Asn1.dll": "EBD5B02AA8C19EAE72DC85FFBDB36DE1",
  "PeNet.dll": "57C8B55DC989E2296F9B24026ABC3833",
  "PInvoke.AdvApi32.dll": "34EE461D05B403C3A15D0DEC32A3788C",
  "PInvoke.BCrypt.dll": "FD07758EE1440491F22923084109FF26",
  "PInvoke.Cabinet.dll": "333D950E3804735DA60CC41D614C63E2",
  "PInvoke.CfgMgr32.dll": "768BE7CC18EDCF78B296A72ABE891691",
  "PInvoke.Crypt32.dll": "E7B00B0851738F4A7F2C6D37DAA973B4",
  "PInvoke.DbgHelp.dll": "E701136169620D20E3A70B560DE20E44",
  "PInvoke.DwmApi.dll": "ACF223CC8962404056648815B486F7D9",
  "PInvoke.Gdi32.dll": "69FF434826F98582CE44D3136ECFFACB",
  "PInvoke.Hid.dll": "2E7A41257F8AD9B26073181F450CD8E5",
  "PInvoke.ImageHlp.dll": "79BE816E8D86EA66489D7780DD675D49",
  "PInvoke.IPHlpApi.dll": "E949FA3326D1BA8872B179AB4EE49D38",
  "PInvoke.Kernel32.dll": "234E15B122ED430DE99490CA1A204958",
  "PInvoke.Magnification.dll": "C9EA3D34F506741ECC044DB19C151F09",
  "PInvoke.Msi.dll": "69EE50CE2DA6B55755E52589F49A7EBC",
  "PInvoke.NCrypt.dll": "DA1DE76C14D99370CA3BEF19DC299B15",
  "PInvoke.NetApi32.dll": "AE79F9FA2E3864A5E0642AE4622ECDC5",
  "PInvoke.NewDev.dll": "B3E1992105D986EF9C5C8E4B630FBB07",
  "PInvoke.NTDll.dll": "3F6BDF840EB27DD0FD9EB8071822183A",
  "PInvoke.Ole32.dll": "3C49FB100B60519FFE725BCD12A538F6",
  "PInvoke.Psapi.dll": "A7683EE4B880227F01C8AE632A892B9E",
  "PInvoke.SetupApi.dll": "1B7AE321185D0081D1759A9AD829F9BA",
  "PInvoke.SHCore.dll": "F27E7F063D51480F6D2294C903E4A606",
  "PInvoke.Shell32.dll": "F71A1BCAF6478190691170DAEA77722F",
  "PInvoke.User32.dll": "8BEDE38311ED4F27127290B81B8079FD",
  "PInvoke.Userenv.dll": "FEB7BCA90B8C905EC2F4BB0789847131",
  "PInvoke.UxTheme.dll": "8E683C016250CB719FDB9AAAFC22B3C5",
  "PInvoke.Windows.Core.dll": "90015440A44935208FFEA9BF61740651",
  "PInvoke.Windows.ShellScalingApi.dll": "F351B34B8C9183A51CADFDC279357C49",
  "PInvoke.WinUsb.dll": "9EB8A0280F2848D1A32B560A939F7336",
  "PInvoke.WtsApi32.dll": "341C94455D2E5893DBE4293D4D67AA4D",
  "Reloaded.Assembler.dll": "8867C59F0710953DDA89748E9820F44D",
  "Reloaded.Hooks.Definitions.dll": "7BE29F6ACAD35740F0C72E98D25D4DBE",
  "Reloaded.Hooks.dll": "297417ACF1685770E44261BA3DA4CFA0",
  "Reloaded.Memory.Buffers.dll": "804660AADF23A42021ABCBC48F366997",
  "Reloaded.Memory.dll": "C2EB703C30BC853CB90A4DD847717D3C",
  "revision.txt": "164BF317EA19CCFD9E97853EDC2389F4",
  "SDL2-CS.config": "65557595FD5DF55D93B2BF881DE62C3A",
  "SDL2-CS.dll": "20749412AE1B3F1022845999F697E474",
  "Serilog.dll": "823D637EFF9EB17C27439651963C6E9A",
  "Serilog.Sinks.Async.dll": "FD58CBB7ED8B6823D3BC92A5D2D3DF98",
  "Serilog.Sinks.Console.dll": "87FAFFB58D3BF30A578C591ED983E591",
  "Serilog.Sinks.File.dll": "CCFC52F2908EEBAD816AD2A9805948D7",
  "SharpDX.Direct3D11.dll": "58CC8C592C4A4DE79BB093CD40B8ACF3",
  "SharpDX.dll": "7BA6EE87771E4B6A50491380E27D2802",
  "SharpDX.DXGI.dll": "0316DDF92D1F32CE63C7686D801BEE1B",
  "SharpDX.Mathematics.dll": "632CB156CF9E158DC86D90753E376B75",
  "Silk.NET.Core.dll": "55E71158D3F06A289BFEAC5DCC9CEF32",
  "Silk.NET.GLFW.dll": "E100F2BCF3B3DEBB12A3885CA68891C5",
  "Silk.NET.Maths.dll": "EE8A7A4C7B326F72BF4FCED60C631A36",
  "Silk.NET.OpenGL.dll": "63A3FFCDD0B8EA604F7604F08A9E4D56",
  "Silk.NET.SDL.dll": "F700C810AA2602A53DBD92F5F4922CBB",
  "Silk.NET.Windowing.Common.dll": "12FF2F8511607B99A0849B03A15C8E4E",
  "Silk.NET.Windowing.Glfw.dll": "DEF3577C8BBF0507AFEDC4D399D5846A",
  "Silk.NET.Windowing.Sdl.dll": "25A4A08FB39909D2FBE5F17EDA366381",
  "SQLite-net.dll": "B88B477C88A6A19F0A2C41E9E6C9F3CA",
  "SQLitePCLRaw.batteries_v2.dll": "A3B8BEA33AF7DD2308138C23F32B32FB",
  "SQLitePCLRaw.core.dll": "3C8C7E87245E15157659903A837F7FB2",
  "SQLitePCLRaw.nativelibrary.dll": "3D3756E6B8AC36BA216AF0A059DC5FA9",
  "SQLitePCLRaw.provider.dynamic_cdecl.dll": "8156A1E7259B8CD6D33AA3A9BBC746EA",
  "StbiSharp.dll": "251293D62A30BA0E3077FEEFE5F4692D",
  "System.Reactive.dll": "EF5A00287AD15393D41B12AA4B726FF7",
  "System.Reflection.MetadataLoadContext.dll": "E88E3AF6D37736F339022C9ACC5F2F7B",
  "System.Security.Cryptography.Pkcs.dll": "8950E01996A37E808BE3F39063C37BF9",
  "TEMP_gitver.txt": "BA98E44FB31BA4084AAC6E48E4DB87DB",
  "TerraFX.Interop.Windows.dll": "84F7EF6B0DE91F8CC23F773D3FD6DEC0",
  "Validation.dll": "1A7ECEE82F8BDD80350D6AD8A6227926"
}
