{
  "runtimes\\alpine-x64\\native\\libe_sqlite3.so": "39C244FEDBCD3DFC37041D4FCE1AE21D",
  "runtimes\\linux-arm\\native\\libe_sqlite3.so": "96CF54BC0EFB83D6E3F5F3E04997A59D",
  "runtimes\\linux-arm64\\native\\libe_sqlite3.so": "F079E55E7F3F9966A4A2052A3234E068",
  "runtimes\\linux-armel\\native\\libe_sqlite3.so": "C5A67D49434FC65D64E9C15778078C76",
  "runtimes\\linux-mips64\\native\\libe_sqlite3.so": "5F8461214089CFC677D46C19B7162161",
  "runtimes\\linux-musl-x64\\native\\libe_sqlite3.so": "39C244FEDBCD3DFC37041D4FCE1AE21D",
  "runtimes\\linux-x64\\native\\libe_sqlite3.so": "6F49C540D3AB9964D67A4A704C3D262D",
  "runtimes\\linux-x64\\native\\libglfw.so.3": "9E3137144F68B9E9793F4C7AD5B1BEA7",
  "runtimes\\linux-x64\\native\\libSDL2-2.0.so": "99B95A708381FC66AB2370E45A260527",
  "runtimes\\linux-x64\\native\\libstbi.so": "0945355ED59677D06E3E88F48101BB26",
  "runtimes\\linux-x86\\native\\libe_sqlite3.so": "5E0659B414CBD6DDC38C65582485853E",
  "runtimes\\osx-x64\\native\\libe_sqlite3.dylib": "F82AE134FCD1C080A69D775591406673",
  "runtimes\\osx-x64\\native\\libglfw.3.dylib": "1E30FAB2F0C40E82290AD4B0BF14A880",
  "runtimes\\osx-x64\\native\\libSDL2-2.0.dylib": "AAC958490586C67395F0A90903AE3747",
  "runtimes\\osx-x64\\native\\libstbi.dylib": "0B84B0A6A80178266018081C3CAB68E6",
  "runtimes\\win-arm\\native\\e_sqlite3.dll": "058891930E7BEC8C96A364CED74A99A4",
  "runtimes\\win-arm64\\native\\e_sqlite3.dll": "E1E38BD392836BE692E7AF5DA50A2601",
  "runtimes\\win-x64\\native\\cimgui.dll": "77C9144E0B819B7F5879411930264A57",
  "runtimes\\win-x64\\native\\cimguizmo.dll": "2041B5DE289B1F835A8EEBC3DE60246E",
  "runtimes\\win-x64\\native\\cimplot.dll": "4C4F5115F6A2659898F83F90428A9E3F",
  "runtimes\\win-x64\\native\\e_sqlite3.dll": "891D71B74365A76ADD47DA018B8219AB",
  "runtimes\\win-x64\\native\\glfw3.dll": "399CFD03B2B951608F0D374C85AE12FF",
  "runtimes\\win-x64\\native\\minhook.x64d.dll": "5E1FA779A45DD24E732EF6580D9E25D6",
  "runtimes\\win-x64\\native\\SDL2.dll": "553F34CA6C57007D56DE9052EFF65124",
  "runtimes\\win-x64\\native\\stbi.dll": "DC30C3182C2EDEE43051AB04F3DBFF96",
  "runtimes\\win-x64\\native\\stbi.lib": "927C214DE576219E1F80DBE7798A0502",
  "runtimes\\win-x86\\native\\e_sqlite3.dll": "0C7DD465DD5C033E2BDF044FA44C1726",
  "runtimes\\win-x86\\native\\glfw3.dll": "58D8FB7EDCDDA17178A18A0E35ECDEAA",
  "runtimes\\win-x86\\native\\SDL2.dll": "596D68093D72D139335F0B50227ABA29",
  "targets\\Dalamud.Plugin.Bootstrap.targets": "C85635161398CD9852CF7212DB7EB904",
  "targets\\Dalamud.Plugin.targets": "E2AA900DB1F6596D1C203D4112A10F5E",
  "CheapLoc.dll": "664AEEF851B49ACE9E7B1FFFF0945494",
  "Costura.dll": "30174D7CB98E8CFD1E2CB2BE2814FE9F",
  "Dalamud.Boot.dll": "A67FFC69EE4066946498109F8BEA48C1",
  "Dalamud.Common.dll": "C3409713B4E6CC691EC016381A7067E1",
  "Dalamud.deps.json": "84CA9BDEBF4319BD9CD8A5CC867040D6",
  "Dalamud.dll": "965149154D12E34BAEB042854222FA30",
  "Dalamud.Injector.deps.json": "C1FA0941DC8B38E415776C60C508AAB9",
  "Dalamud.Injector.dll": "5631C8CFF0A4641DEFAD3C3B4AE47B3A",
  "Dalamud.Injector.exe": "5BEEC806B09B4FDA353B86B4F8AB7248",
  "Dalamud.Injector.runtimeconfig.json": "B9BB65FFE7924D4D8BABE9FA66303200",
  "Dalamud.Injector.xml": "D41E5DF541D19A015215E777D7395C9C",
  "Dalamud.runtimeconfig.json": "2A9CD915428BDD175E0889BD0C225F75",
  "Dalamud.xml": "3884E549AAA6C1F9085E558C0CA20A5E",
  "DalamudCrashHandler.exe": "A86C9739546909C3E70D1063CA003D7D",
  "FASM-LICENSE.TXT": "ECEA1D10811221D5F0A3E96F9C38E2C7",
  "FASM.DLL": "8B8CC0DED8BC9DDAE0E5E15955985AB1",
  "FASMX64.DLL": "D65E8812F9B76B50258193253E0D6C1F",
  "FFXIVClientStructs.dll": "9E3D2044E2EB0F8BCFC1A29AA045FB08",
  "FFXIVClientStructs.xml": "107C5C0626723B72D8E194DF12799B5D",
  "goaaats.Reloaded.Assembler.targets": "CC22CB0A353E2136EE9E6E96DB9F7164",
  "Iced.dll": "1C5D6F67EA3596489A5C19D3B17740F5",
  "ImGui.NET.dll": "62035F20A49435515D65FA4C30C87F35",
  "ImGuiScene.dll": "ACFCE5DD9BCDCD05993D219EFE3D545A",
  "JetBrains.Annotations.dll": "74E4F603B145BBD10B64130742631E9A",
  "licenses.txt": "A159BE62AA91178EFC3E3983AE874D1D",
  "Lumina.dll": "DE507C704C1F41C36FAD75359083F40B",
  "Lumina.Excel.dll": "B007FF84A86F405536C6D35C6C9184BA",
  "Microsoft.Bcl.HashCode.dll": "613AB56061ADF2284E047025207467E0",
  "Microsoft.DotNet.PlatformAbstractions.dll": "00AB0F02B1114C57C758F5AD595224F1",
  "Microsoft.Extensions.DependencyModel.dll": "F39BC76C10CFEA478C936FC4521A9FC9",
  "Microsoft.Extensions.ObjectPool.dll": "4EEE3E64BE561711391BF998FFBF65D3",
  "MinSharp.dll": "7B4841384FE136C4716E9DE9126A9EDF",
  "Mono.Cecil.dll": "021BDE7DB69DDE1C867BC7F65DEB952D",
  "Mono.Cecil.Mdb.dll": "6E261C28FBC4352A223BC104B234C1A5",
  "Mono.Cecil.Pdb.dll": "9086A48CF632DE3113B0F358A58DA28D",
  "Mono.Cecil.Rocks.dll": "42F34AC7340E3CBBD4C1F70B9C5E9D36",
  "nethost.dll": "012081214FE71F0F6ADCD9F4A71B2B00",
  "Newtonsoft.Json.dll": "86A83A63F12B55FD3718CFBFB577D7DC",
  "PeNet.Asn1.dll": "7F9F6F3DC62359B5C48D15F25C18361A",
  "PeNet.dll": "C2EAA98284FCC8A26611EE2FF5DCD779",
  "PInvoke.AdvApi32.dll": "34EE461D05B403C3A15D0DEC32A3788C",
  "PInvoke.BCrypt.dll": "FD07758EE1440491F22923084109FF26",
  "PInvoke.Cabinet.dll": "333D950E3804735DA60CC41D614C63E2",
  "PInvoke.CfgMgr32.dll": "768BE7CC18EDCF78B296A72ABE891691",
  "PInvoke.Crypt32.dll": "E7B00B0851738F4A7F2C6D37DAA973B4",
  "PInvoke.DbgHelp.dll": "E701136169620D20E3A70B560DE20E44",
  "PInvoke.DwmApi.dll": "ACF223CC8962404056648815B486F7D9",
  "PInvoke.Gdi32.dll": "69FF434826F98582CE44D3136ECFFACB",
  "PInvoke.Hid.dll": "2E7A41257F8AD9B26073181F450CD8E5",
  "PInvoke.ImageHlp.dll": "79BE816E8D86EA66489D7780DD675D49",
  "PInvoke.IPHlpApi.dll": "E949FA3326D1BA8872B179AB4EE49D38",
  "PInvoke.Kernel32.dll": "234E15B122ED430DE99490CA1A204958",
  "PInvoke.Magnification.dll": "C9EA3D34F506741ECC044DB19C151F09",
  "PInvoke.Msi.dll": "69EE50CE2DA6B55755E52589F49A7EBC",
  "PInvoke.NCrypt.dll": "DA1DE76C14D99370CA3BEF19DC299B15",
  "PInvoke.NetApi32.dll": "AE79F9FA2E3864A5E0642AE4622ECDC5",
  "PInvoke.NewDev.dll": "B3E1992105D986EF9C5C8E4B630FBB07",
  "PInvoke.NTDll.dll": "3F6BDF840EB27DD0FD9EB8071822183A",
  "PInvoke.Ole32.dll": "3C49FB100B60519FFE725BCD12A538F6",
  "PInvoke.Psapi.dll": "A7683EE4B880227F01C8AE632A892B9E",
  "PInvoke.SetupApi.dll": "1B7AE321185D0081D1759A9AD829F9BA",
  "PInvoke.SHCore.dll": "F27E7F063D51480F6D2294C903E4A606",
  "PInvoke.Shell32.dll": "F71A1BCAF6478190691170DAEA77722F",
  "PInvoke.User32.dll": "8BEDE38311ED4F27127290B81B8079FD",
  "PInvoke.Userenv.dll": "FEB7BCA90B8C905EC2F4BB0789847131",
  "PInvoke.UxTheme.dll": "8E683C016250CB719FDB9AAAFC22B3C5",
  "PInvoke.Windows.Core.dll": "90015440A44935208FFEA9BF61740651",
  "PInvoke.Windows.ShellScalingApi.dll": "F351B34B8C9183A51CADFDC279357C49",
  "PInvoke.WinUsb.dll": "9EB8A0280F2848D1A32B560A939F7336",
  "PInvoke.WtsApi32.dll": "341C94455D2E5893DBE4293D4D67AA4D",
  "Reloaded.Assembler.dll": "F646D8A3755F8CF37BA47D99FB9804B3",
  "Reloaded.Hooks.Definitions.dll": "A72EB4E20C86110D2B6D33A8257DA4E8",
  "Reloaded.Hooks.dll": "0A9ADF0A1897840765C6529CA163085C",
  "Reloaded.Memory.Buffers.dll": "5719560573B53695ED464977B49E553D",
  "Reloaded.Memory.dll": "108C6CFAFD1E94D501EBF3166BB77543",
  "revision.txt": "7E712EEFE0DE44F5509B2329B9196827",
  "SDL2-CS.config": "65557595FD5DF55D93B2BF881DE62C3A",
  "SDL2-CS.dll": "696821F5AE079A8022B08D5B64316052",
  "Serilog.dll": "5F243A78AFD1640E114BC948E8DE98ED",
  "Serilog.Sinks.Async.dll": "4B8F19EA0AE89EF274AE1BE9CABD631E",
  "Serilog.Sinks.Console.dll": "86CC19E9E78D0851CC0E96AA7FB93EDF",
  "Serilog.Sinks.File.dll": "1AD5EDB27A1322465B9DFB42320FCA86",
  "SharpDX.Direct3D11.dll": "3ED17DD144CBE6B998C4CA4C37A5CCDF",
  "SharpDX.dll": "089D92F6327704159B88176970FA5F0C",
  "SharpDX.DXGI.dll": "061492CA718C074E2F4D4AA0EC4F61B9",
  "SharpDX.Mathematics.dll": "D5373EC2705E768053600CC9F873D500",
  "Silk.NET.Core.dll": "206AF673789490460DC099B8791FC683",
  "Silk.NET.GLFW.dll": "5F3B5953FB09A3181725026D3381EAEF",
  "Silk.NET.Maths.dll": "9BD113FA6E2CD031BF9CFCBCD1D0A6A1",
  "Silk.NET.OpenGL.dll": "9035EB3E186B1B62601AA29F35D6C87C",
  "Silk.NET.SDL.dll": "E4C2F0FF3D9973474638AD82162587BE",
  "Silk.NET.Windowing.Common.dll": "456C2B68269DEC64AA981EEA39F1FF5E",
  "Silk.NET.Windowing.Glfw.dll": "96F3C92FC8847B8F5B47C5597C8784C6",
  "Silk.NET.Windowing.Sdl.dll": "4257FAA8140A32128A36461FD92D3B7A",
  "SQLite-net.dll": "5FF78D718206D0AA2B56E5C6414E69CE",
  "SQLitePCLRaw.batteries_v2.dll": "86D19846AB56AC9071220D8A3CA835E2",
  "SQLitePCLRaw.core.dll": "D3331C14BDFA6A17C49E7EE9BDEBF38F",
  "SQLitePCLRaw.nativelibrary.dll": "546F6D6FD2A0F21154833FA622B35602",
  "SQLitePCLRaw.provider.dynamic_cdecl.dll": "154BD75758C3689F223C15688C764399",
  "StbiSharp.dll": "BFD3EBCCD1AACEBAEE2DD5E784851E2F",
  "System.Reactive.dll": "EF5A00287AD15393D41B12AA4B726FF7",
  "System.Reflection.MetadataLoadContext.dll": "7EC41D41F4E1246757BA3E2EC862D562",
  "System.Security.Cryptography.Pkcs.dll": "8950E01996A37E808BE3F39063C37BF9",
  "TEMP_gitver.txt": "374B72F88DC1C84E0593E579EEBD51B9",
  "TerraFX.Interop.Windows.dll": "84F7EF6B0DE91F8CC23F773D3FD6DEC0",
  "Validation.dll": "6923816B5EDEB5D2369A4DF8DCC29F70"
}
