{
  "runtimes\\alpine-x64\\native\\libe_sqlite3.so": "39C244FEDBCD3DFC37041D4FCE1AE21D",
  "runtimes\\linux-arm\\native\\libe_sqlite3.so": "96CF54BC0EFB83D6E3F5F3E04997A59D",
  "runtimes\\linux-arm64\\native\\libe_sqlite3.so": "F079E55E7F3F9966A4A2052A3234E068",
  "runtimes\\linux-armel\\native\\libe_sqlite3.so": "C5A67D49434FC65D64E9C15778078C76",
  "runtimes\\linux-mips64\\native\\libe_sqlite3.so": "5F8461214089CFC677D46C19B7162161",
  "runtimes\\linux-musl-x64\\native\\libe_sqlite3.so": "39C244FEDBCD3DFC37041D4FCE1AE21D",
  "runtimes\\linux-x64\\native\\libe_sqlite3.so": "6F49C540D3AB9964D67A4A704C3D262D",
  "runtimes\\linux-x64\\native\\libglfw.so.3": "9E3137144F68B9E9793F4C7AD5B1BEA7",
  "runtimes\\linux-x64\\native\\libSDL2-2.0.so": "99B95A708381FC66AB2370E45A260527",
  "runtimes\\linux-x64\\native\\libstbi.so": "0945355ED59677D06E3E88F48101BB26",
  "runtimes\\linux-x86\\native\\libe_sqlite3.so": "5E0659B414CBD6DDC38C65582485853E",
  "runtimes\\osx-x64\\native\\libe_sqlite3.dylib": "F82AE134FCD1C080A69D775591406673",
  "runtimes\\osx-x64\\native\\libglfw.3.dylib": "1E30FAB2F0C40E82290AD4B0BF14A880",
  "runtimes\\osx-x64\\native\\libSDL2-2.0.dylib": "AAC958490586C67395F0A90903AE3747",
  "runtimes\\osx-x64\\native\\libstbi.dylib": "0B84B0A6A80178266018081C3CAB68E6",
  "runtimes\\win-arm\\native\\e_sqlite3.dll": "76A2DE7C473186435107C8B4920C2ACF",
  "runtimes\\win-arm64\\native\\e_sqlite3.dll": "CAC1842AF8F2090C6A63EFC881426D4A",
  "runtimes\\win-x64\\native\\cimgui.dll": "3BCFF23C1E86BE2F1BDB15AFA410C860",
  "runtimes\\win-x64\\native\\cimguizmo.dll": "D541BE2B0B879B394428F9353BF2A167",
  "runtimes\\win-x64\\native\\cimplot.dll": "4EF67575AE5C8CFEBCB420ED1EB308D9",
  "runtimes\\win-x64\\native\\e_sqlite3.dll": "3E3A4C7105C938E60508D1B7BBD594CF",
  "runtimes\\win-x64\\native\\glfw3.dll": "5EEAE9922BA6F2CC040AAFD60477D1F1",
  "runtimes\\win-x64\\native\\minhook.x64d.dll": "84B965EBB862054F191EF6CF688A2F74",
  "runtimes\\win-x64\\native\\SDL2.dll": "01475B6600ECEDD177C09F1349FF8530",
  "runtimes\\win-x64\\native\\stbi.dll": "B7219DC0A74F0CD1632256379C4CB7A5",
  "runtimes\\win-x64\\native\\stbi.lib": "927C214DE576219E1F80DBE7798A0502",
  "runtimes\\win-x86\\native\\e_sqlite3.dll": "893475895D633139F897B700EF90D16D",
  "runtimes\\win-x86\\native\\glfw3.dll": "DE9D8D4FFCCC4E99F2D82C3BF30AE478",
  "runtimes\\win-x86\\native\\SDL2.dll": "4516A8921E2352A77466FF039026D100",
  "targets\\Dalamud.Plugin.Bootstrap.targets": "C85635161398CD9852CF7212DB7EB904",
  "targets\\Dalamud.Plugin.targets": "69D15EDFB3D4F0BEE3A099216E4DE057",
  "BitFaster.Caching.dll": "E75EE4119C1F59AFD4C0D766BA17EB6C",
  "CheapLoc.dll": "46E02204B545C5CC419CA338930FF186",
  "commit_hash.txt": "5A6F5F109F74DDDF639F14E6D60E61CE",
  "Costura.dll": "A73A7E1784C5AB2FEAAF7D085F769EBF",
  "Dalamud.Boot.dll": "EDDA1B663D0D8ADE2095600D2E7D6D7B",
  "Dalamud.Common.dll": "5C623EAA598DF183F5DC77023CEF42FA",
  "Dalamud.deps.json": "2DA6D1FDE2E584D9746F18EAAD844A15",
  "Dalamud.dll": "E99EEE24E7997C2AD3CDFBDCE70E99FD",
  "Dalamud.Injector.deps.json": "E30B9BD40106FFC14A5274A670979EDF",
  "Dalamud.Injector.dll": "0973D9F2F1E840C7F21D1355D0A908B9",
  "Dalamud.Injector.exe": "C3FDDA119C2181B22788D5BFA6D49D6E",
  "Dalamud.Injector.runtimeconfig.json": "B9BB65FFE7924D4D8BABE9FA66303200",
  "Dalamud.Injector.xml": "D41E5DF541D19A015215E777D7395C9C",
  "Dalamud.runtimeconfig.json": "2A9CD915428BDD175E0889BD0C225F75",
  "Dalamud.xml": "9FFB7CA1D230FCFE18C2CF8E06575710",
  "DalamudCrashHandler.exe": "A83AA47002D82DE9556E483F4C489AC5",
  "FASM-LICENSE.TXT": "ECEA1D10811221D5F0A3E96F9C38E2C7",
  "FASM.DLL": "FB10764908D1ECB52635C5D482F9DB5E",
  "FASMX64.DLL": "ABD3C1EFF9D8783C0CFF75DC1EC82D7E",
  "FFXIVClientStructs.dll": "4F95B703E45BF0D7B6F4D86B690F64DD",
  "FFXIVClientStructs.xml": "0483189C9D800C56C25F0D341EC1DA99",
  "goaaats.Reloaded.Assembler.targets": "CC22CB0A353E2136EE9E6E96DB9F7164",
  "Iced.dll": "F218BBFC761A23C747A2356AFBB8BD7F",
  "ImGui.NET.dll": "A502C3E542ED177821A583CA169AFFEA",
  "ImGuiScene.dll": "20650FC0175C1DDCE7FB16A597D85E4C",
  "InteropGenerator.Runtime.dll": "7A182F25B240C72558A9AA1EDEDAD17F",
  "JetBrains.Annotations.dll": "928A52BE312369F7C1C3A058B4945C2A",
  "licenses.txt": "A159BE62AA91178EFC3E3983AE874D1D",
  "Lumina.dll": "4926D21EB7E97546E243F1259F8D2785",
  "Lumina.Excel.dll": "CE8F48531F5068C81FE1772BF617E607",
  "Microsoft.Bcl.HashCode.dll": "613AB56061ADF2284E047025207467E0",
  "Microsoft.DotNet.PlatformAbstractions.dll": "00AB0F02B1114C57C758F5AD595224F1",
  "Microsoft.Extensions.DependencyModel.dll": "F39BC76C10CFEA478C936FC4521A9FC9",
  "Microsoft.Extensions.ObjectPool.dll": "FEE3CE8A84417360CC5ED787ED6F7DB1",
  "MinSharp.dll": "5B2F53F23295DB560574C77F57845372",
  "Mono.Cecil.dll": "4EDF06D2A4E2F7058E2B795878D19CA2",
  "Mono.Cecil.Mdb.dll": "825A0EDE80FD9F9A87F6095EB2669243",
  "Mono.Cecil.Pdb.dll": "3509285EF01BD7E3F9195051BE3C2AA3",
  "Mono.Cecil.Rocks.dll": "65C6E2FA557368E2B0FDDD711441148E",
  "nethost.dll": "21F39F71E2F4B5BA9FB3F126872F2F9B",
  "Newtonsoft.Json.dll": "ADF3E3EECDE20B7C9661E9C47106A14A",
  "PeNet.Asn1.dll": "D7FD318B51B717C7C3D7D81BF6366378",
  "PeNet.dll": "2CD12FAC2229CFC4FB74F50DED61AC5B",
  "PInvoke.AdvApi32.dll": "34EE461D05B403C3A15D0DEC32A3788C",
  "PInvoke.BCrypt.dll": "FD07758EE1440491F22923084109FF26",
  "PInvoke.Cabinet.dll": "333D950E3804735DA60CC41D614C63E2",
  "PInvoke.CfgMgr32.dll": "768BE7CC18EDCF78B296A72ABE891691",
  "PInvoke.Crypt32.dll": "E7B00B0851738F4A7F2C6D37DAA973B4",
  "PInvoke.DbgHelp.dll": "E701136169620D20E3A70B560DE20E44",
  "PInvoke.DwmApi.dll": "ACF223CC8962404056648815B486F7D9",
  "PInvoke.Gdi32.dll": "69FF434826F98582CE44D3136ECFFACB",
  "PInvoke.Hid.dll": "2E7A41257F8AD9B26073181F450CD8E5",
  "PInvoke.ImageHlp.dll": "79BE816E8D86EA66489D7780DD675D49",
  "PInvoke.IPHlpApi.dll": "E949FA3326D1BA8872B179AB4EE49D38",
  "PInvoke.Kernel32.dll": "234E15B122ED430DE99490CA1A204958",
  "PInvoke.Magnification.dll": "C9EA3D34F506741ECC044DB19C151F09",
  "PInvoke.Msi.dll": "69EE50CE2DA6B55755E52589F49A7EBC",
  "PInvoke.NCrypt.dll": "DA1DE76C14D99370CA3BEF19DC299B15",
  "PInvoke.NetApi32.dll": "AE79F9FA2E3864A5E0642AE4622ECDC5",
  "PInvoke.NewDev.dll": "B3E1992105D986EF9C5C8E4B630FBB07",
  "PInvoke.NTDll.dll": "3F6BDF840EB27DD0FD9EB8071822183A",
  "PInvoke.Ole32.dll": "3C49FB100B60519FFE725BCD12A538F6",
  "PInvoke.Psapi.dll": "A7683EE4B880227F01C8AE632A892B9E",
  "PInvoke.SetupApi.dll": "1B7AE321185D0081D1759A9AD829F9BA",
  "PInvoke.SHCore.dll": "F27E7F063D51480F6D2294C903E4A606",
  "PInvoke.Shell32.dll": "F71A1BCAF6478190691170DAEA77722F",
  "PInvoke.User32.dll": "8BEDE38311ED4F27127290B81B8079FD",
  "PInvoke.Userenv.dll": "FEB7BCA90B8C905EC2F4BB0789847131",
  "PInvoke.UxTheme.dll": "8E683C016250CB719FDB9AAAFC22B3C5",
  "PInvoke.Windows.Core.dll": "90015440A44935208FFEA9BF61740651",
  "PInvoke.Windows.ShellScalingApi.dll": "F351B34B8C9183A51CADFDC279357C49",
  "PInvoke.WinUsb.dll": "9EB8A0280F2848D1A32B560A939F7336",
  "PInvoke.WtsApi32.dll": "341C94455D2E5893DBE4293D4D67AA4D",
  "Reloaded.Assembler.dll": "CEF397AC33EEB8A137AF79676E089136",
  "Reloaded.Hooks.Definitions.dll": "A703AFD9FAF4FD5A423EBF998F886977",
  "Reloaded.Hooks.dll": "286699A75021054DF36E8E7D28B0EDDF",
  "Reloaded.Memory.Buffers.dll": "4196BC839F7F2FA025A7D29484616511",
  "Reloaded.Memory.dll": "64D75312D14590680327EA64EDA73D7D",
  "revision.txt": "88BADE49E98DB8790DF275FCEBB37A13",
  "SDL2-CS.config": "65557595FD5DF55D93B2BF881DE62C3A",
  "SDL2-CS.dll": "A5B7C35FE2A1AAD065A519D4474E6ADF",
  "Serilog.dll": "F5CA7C2368D3DC6064BDF8E39CBCA184",
  "Serilog.Sinks.Async.dll": "6B701AFF516D1DA6F1A4FE79CAB4274A",
  "Serilog.Sinks.Console.dll": "B1D48DAF3116322EF53C2091794F3C95",
  "Serilog.Sinks.File.dll": "9B7AF76918AF206A2BBC7486F2C0C056",
  "SharpDX.Direct3D11.dll": "B4A08F2608C537969E185366B2952117",
  "SharpDX.dll": "8B8050EB6368D6539BEE3835B77F9A63",
  "SharpDX.DXGI.dll": "F3586E73734509A4BFFDFE80AE55F9B4",
  "SharpDX.Mathematics.dll": "BAC77389775D049FAE1B4B64EA7674EE",
  "Silk.NET.Core.dll": "AC55F9C373F6D35AE5516E9F13839DB2",
  "Silk.NET.GLFW.dll": "39C3FE70B99427861A78A187FC94D87C",
  "Silk.NET.Maths.dll": "D6CF458DE951A8D60DA147D3A0598AB8",
  "Silk.NET.OpenGL.dll": "9BC699CC94D57E7FEB176F9B06AF6BCA",
  "Silk.NET.SDL.dll": "89CE2D6E4AC8B66699F8DD03AB378219",
  "Silk.NET.Windowing.Common.dll": "F6918AC6AA848BFCB8477CD5656D2664",
  "Silk.NET.Windowing.Glfw.dll": "B7D6F81643244C220C968728EBAABF72",
  "Silk.NET.Windowing.Sdl.dll": "41BD2FE1F66C4C4E893A0CA6FA47EE99",
  "SQLite-net.dll": "BF8AF6E943279C9099131E50F0597A8D",
  "SQLitePCLRaw.batteries_v2.dll": "2FDE4016E6430F194CA1A1327A137D73",
  "SQLitePCLRaw.core.dll": "6B3B8A4FD69B2F82071D4DD21893DD7A",
  "SQLitePCLRaw.nativelibrary.dll": "A789CAFF6B6E2BCB949F7EDC0592F4F4",
  "SQLitePCLRaw.provider.dynamic_cdecl.dll": "479AFDFDCD9BE084BF8F4D632B452C1E",
  "StbiSharp.dll": "55435BA28B4698D5CAA34C80B9A0E95D",
  "System.Reactive.dll": "EF5A00287AD15393D41B12AA4B726FF7",
  "System.Reflection.MetadataLoadContext.dll": "E88E3AF6D37736F339022C9ACC5F2F7B",
  "System.Security.Cryptography.Pkcs.dll": "8950E01996A37E808BE3F39063C37BF9",
  "TEMP_gitver.txt": "BABB4877A7FFE7E8B67531E75A640E11",
  "TerraFX.Interop.Windows.dll": "84F7EF6B0DE91F8CC23F773D3FD6DEC0",
  "Validation.dll": "81A9CB0DAA058C360CACAEAA45B48CF8"
}
