{
  "runtimes\\alpine-x64\\native\\libe_sqlite3.so": "39C244FEDBCD3DFC37041D4FCE1AE21D",
  "runtimes\\linux-arm\\native\\libe_sqlite3.so": "96CF54BC0EFB83D6E3F5F3E04997A59D",
  "runtimes\\linux-arm64\\native\\libe_sqlite3.so": "F079E55E7F3F9966A4A2052A3234E068",
  "runtimes\\linux-armel\\native\\libe_sqlite3.so": "C5A67D49434FC65D64E9C15778078C76",
  "runtimes\\linux-mips64\\native\\libe_sqlite3.so": "5F8461214089CFC677D46C19B7162161",
  "runtimes\\linux-musl-x64\\native\\libe_sqlite3.so": "39C244FEDBCD3DFC37041D4FCE1AE21D",
  "runtimes\\linux-x64\\native\\libe_sqlite3.so": "6F49C540D3AB9964D67A4A704C3D262D",
  "runtimes\\linux-x64\\native\\libglfw.so.3": "9E3137144F68B9E9793F4C7AD5B1BEA7",
  "runtimes\\linux-x64\\native\\libSDL2-2.0.so": "99B95A708381FC66AB2370E45A260527",
  "runtimes\\linux-x64\\native\\libstbi.so": "0945355ED59677D06E3E88F48101BB26",
  "runtimes\\linux-x86\\native\\libe_sqlite3.so": "5E0659B414CBD6DDC38C65582485853E",
  "runtimes\\osx-x64\\native\\libe_sqlite3.dylib": "F82AE134FCD1C080A69D775591406673",
  "runtimes\\osx-x64\\native\\libglfw.3.dylib": "1E30FAB2F0C40E82290AD4B0BF14A880",
  "runtimes\\osx-x64\\native\\libSDL2-2.0.dylib": "AAC958490586C67395F0A90903AE3747",
  "runtimes\\osx-x64\\native\\libstbi.dylib": "0B84B0A6A80178266018081C3CAB68E6",
  "runtimes\\win-arm\\native\\e_sqlite3.dll": "C6C7F1328A40100F482E7E8C27578EE4",
  "runtimes\\win-arm64\\native\\e_sqlite3.dll": "91261C8A4E5F1D6DE972D4C3E3123815",
  "runtimes\\win-x64\\native\\cimgui.dll": "9891F4D377D90174E35ACB5916419A2E",
  "runtimes\\win-x64\\native\\cimguizmo.dll": "4D902FA57790BD3F12A96ECF3C202110",
  "runtimes\\win-x64\\native\\cimplot.dll": "B31D8C7069F83A7A25AAD84BD8D4374B",
  "runtimes\\win-x64\\native\\e_sqlite3.dll": "89B865AEF47FC3AED7994A3D2058463A",
  "runtimes\\win-x64\\native\\glfw3.dll": "42A84EEDB555C1ADDAB3FEB39EA1ADA4",
  "runtimes\\win-x64\\native\\minhook.x64d.dll": "E441B4896AB2D78A33589B8AA565A3A8",
  "runtimes\\win-x64\\native\\SDL2.dll": "0EBE0D2FE36F057B88D221D32A65D617",
  "runtimes\\win-x64\\native\\stbi.dll": "DC44158841D48CB36C01C846A758A349",
  "runtimes\\win-x64\\native\\stbi.lib": "927C214DE576219E1F80DBE7798A0502",
  "runtimes\\win-x86\\native\\e_sqlite3.dll": "CB2497FCE53B04522C98DD012A760547",
  "runtimes\\win-x86\\native\\glfw3.dll": "1641967BEC2345970399D294B61D1DCA",
  "runtimes\\win-x86\\native\\SDL2.dll": "E5703BB787A3E39536D513C8907FAEA8",
  "targets\\Dalamud.Plugin.Bootstrap.targets": "C85635161398CD9852CF7212DB7EB904",
  "targets\\Dalamud.Plugin.targets": "11001C983157350F50D99F1A827999B5",
  "CheapLoc.dll": "9CDEF74E0AC699032E53B5A228B844FF",
  "Costura.dll": "EA074BD977C34BD0F1FDBB0A5D94A930",
  "Dalamud.Boot.dll": "663AB9A839F5551EEDD771CF858A351F",
  "Dalamud.Common.dll": "419D0675729E890F2C994C3CC55EF68A",
  "Dalamud.deps.json": "34E952AAD5CC21EC6ADD86A6C9914F5A",
  "Dalamud.dll": "D6B1240D7229AAE2E7B7823F460892B8",
  "Dalamud.Injector.deps.json": "4E53ABE9A5D3E4592DA63EBF98DAAD86",
  "Dalamud.Injector.dll": "598BC82A887DF8F2A88CE71C8BD279D2",
  "Dalamud.Injector.exe": "1F043905B8FE74BCBA38B1E020D4FE09",
  "Dalamud.Injector.runtimeconfig.json": "AAAFA957BB3B382321D67ACC2D792553",
  "Dalamud.Injector.xml": "6CFC451561E67CE7788814C5B327D7EC",
  "Dalamud.runtimeconfig.json": "454E2BA21742B08CF0A9827950A92B0F",
  "Dalamud.xml": "0C83295BAE06C8EC09AEF1A5E4DC7428",
  "DalamudCrashHandler.exe": "6514C3260A4335C6AD37CC39D24871C7",
  "FASM-LICENSE.TXT": "ECEA1D10811221D5F0A3E96F9C38E2C7",
  "FASM.DLL": "4346B7B5F4D4FE53DC580BC0EBCBD068",
  "FASMX64.DLL": "F284A1BD38FDFDB0DE40F680B517BC91",
  "FFXIVClientStructs.dll": "8A788BBD41A965D1DE275A2B74069256",
  "FFXIVClientStructs.xml": "4BFBE046159AFF8D5135DAF6B9CB0436",
  "goaaats.Reloaded.Assembler.targets": "CC22CB0A353E2136EE9E6E96DB9F7164",
  "Iced.dll": "A98F5C335A5718FC8C420EA37DEF038B",
  "ImGui.NET.dll": "F81B40C2D1DD29842B2D99435829CA16",
  "ImGuiScene.dll": "323F0DA623DB89E4457DB163EE5126E0",
  "JetBrains.Annotations.dll": "F812E5C36995A8A010A10AF424D1E3EE",
  "licenses.txt": "A159BE62AA91178EFC3E3983AE874D1D",
  "Lumina.dll": "69A1D5C6BF7682D53A86D3D9E90E2DB1",
  "Lumina.Excel.dll": "E0D77440A175733ED6C722B1F79DA77C",
  "Microsoft.Bcl.HashCode.dll": "613AB56061ADF2284E047025207467E0",
  "Microsoft.DotNet.PlatformAbstractions.dll": "00AB0F02B1114C57C758F5AD595224F1",
  "Microsoft.Extensions.DependencyModel.dll": "F39BC76C10CFEA478C936FC4521A9FC9",
  "MinSharp.dll": "B187A97B2CD8162942DDEA9DE53A629C",
  "Mono.Cecil.dll": "E8504B8DA807DAC81A305E5B033FB2BB",
  "Mono.Cecil.Mdb.dll": "931E1638EFD4487733F947800C6B7972",
  "Mono.Cecil.Pdb.dll": "02C1D2FE8750A272AA9E9AD4ABDF12BD",
  "Mono.Cecil.Rocks.dll": "2E1E4001E33DAE05570DF737CB37817D",
  "MonoMod.Backports.dll": "325095408A6216FE8556ABD09EB6C09E",
  "MonoMod.Core.dll": "FA92AE223AFA6F187FB173957F51CAB5",
  "MonoMod.Iced.dll": "9EBAA3DA791AFCF62AA9469BA9382B2D",
  "MonoMod.ILHelpers.dll": "9ECC7A45E30DA5D153B6019274B138F1",
  "MonoMod.RuntimeDetour.dll": "6D9197689BD6126090FBADCF3694BEE4",
  "MonoMod.Utils.dll": "9EB9C63CD9038676EC70AB2879E11BB0",
  "nethost.dll": "012081214FE71F0F6ADCD9F4A71B2B00",
  "Newtonsoft.Json.dll": "86A83A63F12B55FD3718CFBFB577D7DC",
  "PeNet.Asn1.dll": "9CF93B74FAE848E5EE2BFF77CF181C18",
  "PeNet.dll": "CA5195DB95229E063DE5AD0ADDF96683",
  "PInvoke.AdvApi32.dll": "34EE461D05B403C3A15D0DEC32A3788C",
  "PInvoke.BCrypt.dll": "FD07758EE1440491F22923084109FF26",
  "PInvoke.Cabinet.dll": "333D950E3804735DA60CC41D614C63E2",
  "PInvoke.CfgMgr32.dll": "768BE7CC18EDCF78B296A72ABE891691",
  "PInvoke.Crypt32.dll": "E7B00B0851738F4A7F2C6D37DAA973B4",
  "PInvoke.DbgHelp.dll": "E701136169620D20E3A70B560DE20E44",
  "PInvoke.DwmApi.dll": "ACF223CC8962404056648815B486F7D9",
  "PInvoke.Gdi32.dll": "69FF434826F98582CE44D3136ECFFACB",
  "PInvoke.Hid.dll": "2E7A41257F8AD9B26073181F450CD8E5",
  "PInvoke.ImageHlp.dll": "79BE816E8D86EA66489D7780DD675D49",
  "PInvoke.IPHlpApi.dll": "E949FA3326D1BA8872B179AB4EE49D38",
  "PInvoke.Kernel32.dll": "234E15B122ED430DE99490CA1A204958",
  "PInvoke.Magnification.dll": "C9EA3D34F506741ECC044DB19C151F09",
  "PInvoke.Msi.dll": "69EE50CE2DA6B55755E52589F49A7EBC",
  "PInvoke.NCrypt.dll": "DA1DE76C14D99370CA3BEF19DC299B15",
  "PInvoke.NetApi32.dll": "AE79F9FA2E3864A5E0642AE4622ECDC5",
  "PInvoke.NewDev.dll": "B3E1992105D986EF9C5C8E4B630FBB07",
  "PInvoke.NTDll.dll": "3F6BDF840EB27DD0FD9EB8071822183A",
  "PInvoke.Ole32.dll": "3C49FB100B60519FFE725BCD12A538F6",
  "PInvoke.Psapi.dll": "A7683EE4B880227F01C8AE632A892B9E",
  "PInvoke.SetupApi.dll": "1B7AE321185D0081D1759A9AD829F9BA",
  "PInvoke.SHCore.dll": "F27E7F063D51480F6D2294C903E4A606",
  "PInvoke.Shell32.dll": "F71A1BCAF6478190691170DAEA77722F",
  "PInvoke.User32.dll": "8BEDE38311ED4F27127290B81B8079FD",
  "PInvoke.Userenv.dll": "FEB7BCA90B8C905EC2F4BB0789847131",
  "PInvoke.UxTheme.dll": "8E683C016250CB719FDB9AAAFC22B3C5",
  "PInvoke.Windows.Core.dll": "90015440A44935208FFEA9BF61740651",
  "PInvoke.Windows.ShellScalingApi.dll": "F351B34B8C9183A51CADFDC279357C49",
  "PInvoke.WinUsb.dll": "9EB8A0280F2848D1A32B560A939F7336",
  "PInvoke.WtsApi32.dll": "341C94455D2E5893DBE4293D4D67AA4D",
  "Reloaded.Assembler.dll": "282AC0C967256FDF6B9A3CCDB998C6CB",
  "Reloaded.Hooks.Definitions.dll": "2A4DB259AD35614D27AA42F0F17F2EE6",
  "Reloaded.Hooks.dll": "39DD38F07C190C1AEA3EAE110D7A7587",
  "Reloaded.Memory.Buffers.dll": "231E19AAC85D1E263E719A12A9F47456",
  "Reloaded.Memory.dll": "54127D6BC9B7D5B0D9E2B851E136BE4E",
  "revision.txt": "D2E9DD9DCD97FD12A2CB62E2BF7CBE35",
  "SDL2-CS.config": "65557595FD5DF55D93B2BF881DE62C3A",
  "SDL2-CS.dll": "35C94F218ABA1CE558D4CE8EDA10C608",
  "Serilog.dll": "43129607FB047C587AA418FC641D3BED",
  "Serilog.Sinks.Async.dll": "7C4ABBDC9525AD50FDFD776BE82A869C",
  "Serilog.Sinks.Console.dll": "CC212B21824BB1134EAB03D5B9F89B3A",
  "Serilog.Sinks.File.dll": "91989EE446143D1D41D58D2B7DFF65A6",
  "SharpDX.Direct3D11.dll": "2295F9DB70DD912900F9B5992DF89B66",
  "SharpDX.dll": "DCB075FEF688040C2DF10BDA4B582582",
  "SharpDX.DXGI.dll": "D45A19B23BBD50DCECD8068301CCB4D2",
  "SharpDX.Mathematics.dll": "B318516E09BDA6C7435A1AEDF8A188A5",
  "Silk.NET.Core.dll": "0127BED5C977598F00D47819254ECA5E",
  "Silk.NET.GLFW.dll": "EFE4752FB6134C873CF617DA48ED0462",
  "Silk.NET.Maths.dll": "7364D6D3C8E4868FF786816F65406780",
  "Silk.NET.OpenGL.dll": "DF757380306D87DA8A27AD3BBBD57784",
  "Silk.NET.SDL.dll": "18934142AA9353C3700B4E2156F27613",
  "Silk.NET.Windowing.Common.dll": "0136D43634E7542E2A35442517257B98",
  "Silk.NET.Windowing.Glfw.dll": "CE71DDA15C38034D2FE9EC28BED58908",
  "Silk.NET.Windowing.Sdl.dll": "A46DA43EDF3BD38CC247602D0825B22C",
  "SQLite-net.dll": "CAFD7983AF8DCC9FEAB70CDBAC1D7751",
  "SQLitePCLRaw.batteries_v2.dll": "2C4058DE782DD25B1DC0C1385A3F6ADB",
  "SQLitePCLRaw.core.dll": "0135C20E293A5F4EF54EECB52D4D8404",
  "SQLitePCLRaw.nativelibrary.dll": "E232AAE0FC47BD5784544CED1470337F",
  "SQLitePCLRaw.provider.dynamic_cdecl.dll": "E9F863BA9B5FFA622FBA7DA7824278C3",
  "StbiSharp.dll": "3976DDFBD8165C1A7E405ABD6488BE4C",
  "System.Reactive.dll": "EF5A00287AD15393D41B12AA4B726FF7",
  "System.Reflection.MetadataLoadContext.dll": "7EC41D41F4E1246757BA3E2EC862D562",
  "System.Security.Cryptography.Pkcs.dll": "8950E01996A37E808BE3F39063C37BF9",
  "TEMP_gitver.txt": "D3F9D6E3139601FA318B8B5ADCC2F165",
  "Validation.dll": "29F582C38E78AD82C83A5D8427A89EB8"
}
