{
  "runtimes\\alpine-x64\\native\\libe_sqlite3.so": "39C244FEDBCD3DFC37041D4FCE1AE21D",
  "runtimes\\linux-arm\\native\\libe_sqlite3.so": "96CF54BC0EFB83D6E3F5F3E04997A59D",
  "runtimes\\linux-arm64\\native\\libe_sqlite3.so": "F079E55E7F3F9966A4A2052A3234E068",
  "runtimes\\linux-armel\\native\\libe_sqlite3.so": "C5A67D49434FC65D64E9C15778078C76",
  "runtimes\\linux-mips64\\native\\libe_sqlite3.so": "5F8461214089CFC677D46C19B7162161",
  "runtimes\\linux-musl-x64\\native\\libe_sqlite3.so": "39C244FEDBCD3DFC37041D4FCE1AE21D",
  "runtimes\\linux-x64\\native\\libe_sqlite3.so": "6F49C540D3AB9964D67A4A704C3D262D",
  "runtimes\\linux-x64\\native\\libglfw.so.3": "9E3137144F68B9E9793F4C7AD5B1BEA7",
  "runtimes\\linux-x64\\native\\libSDL2-2.0.so": "99B95A708381FC66AB2370E45A260527",
  "runtimes\\linux-x64\\native\\libstbi.so": "0945355ED59677D06E3E88F48101BB26",
  "runtimes\\linux-x86\\native\\libe_sqlite3.so": "5E0659B414CBD6DDC38C65582485853E",
  "runtimes\\osx-x64\\native\\libe_sqlite3.dylib": "F82AE134FCD1C080A69D775591406673",
  "runtimes\\osx-x64\\native\\libglfw.3.dylib": "1E30FAB2F0C40E82290AD4B0BF14A880",
  "runtimes\\osx-x64\\native\\libSDL2-2.0.dylib": "AAC958490586C67395F0A90903AE3747",
  "runtimes\\osx-x64\\native\\libstbi.dylib": "0B84B0A6A80178266018081C3CAB68E6",
  "runtimes\\win-arm\\native\\e_sqlite3.dll": "E8B7DE43CB5318FD570B612BE72427B9",
  "runtimes\\win-arm64\\native\\e_sqlite3.dll": "97D0C80B2F1641695CF0B760C9A01925",
  "runtimes\\win-x64\\native\\cimgui.dll": "8385CB2D343086B70DFF0254E89B212E",
  "runtimes\\win-x64\\native\\cimguizmo.dll": "8F8C6C69A7537DAB169EC24631B83C32",
  "runtimes\\win-x64\\native\\cimplot.dll": "72C6887913EA7113B89E6287EB3FABAC",
  "runtimes\\win-x64\\native\\e_sqlite3.dll": "C2AA2DFE4CCDA5A9A4362CFD16F6CD19",
  "runtimes\\win-x64\\native\\glfw3.dll": "6B33DA4A2FB7FC07A0261709F864A3D7",
  "runtimes\\win-x64\\native\\minhook.x64d.dll": "3B91A540995F170B5C97A14AA4D7D8CB",
  "runtimes\\win-x64\\native\\SDL2.dll": "2940CB41D2F57A4596F8097AC8F956E4",
  "runtimes\\win-x64\\native\\stbi.dll": "E99610DFFC82BF852949A93BDF751B19",
  "runtimes\\win-x64\\native\\stbi.lib": "927C214DE576219E1F80DBE7798A0502",
  "runtimes\\win-x86\\native\\e_sqlite3.dll": "DCDA492AD7040D8804D7F00D44B03A94",
  "runtimes\\win-x86\\native\\glfw3.dll": "67D7F9C0A405547A14C51A8A8D40A66C",
  "runtimes\\win-x86\\native\\SDL2.dll": "C164829A3AC68A7D19A56FDD11EF1FD6",
  "targets\\Dalamud.Plugin.Bootstrap.targets": "C85635161398CD9852CF7212DB7EB904",
  "targets\\Dalamud.Plugin.targets": "E2AA900DB1F6596D1C203D4112A10F5E",
  "CheapLoc.dll": "827E88AB8A33A92DEB900F204B3FB1AC",
  "Costura.dll": "2D8106E16E1D9AAEC96AC47D376D6EDC",
  "Dalamud.Boot.dll": "1E0821FCDC221F39FCCA47EE981B2F8C",
  "Dalamud.Common.dll": "0F869D08FD2C608B97A0716422FFFE4C",
  "Dalamud.deps.json": "325983F264A0A95D4BF89E2FD1B89563",
  "Dalamud.dll": "185616BAF7F7C8CCD3A8D105FE3ACBD2",
  "Dalamud.Injector.deps.json": "C1FA0941DC8B38E415776C60C508AAB9",
  "Dalamud.Injector.dll": "E32EB325AA1643CE4B13639CF49CF88E",
  "Dalamud.Injector.exe": "2068EBCB139374DA38FF5B2259456CF6",
  "Dalamud.Injector.runtimeconfig.json": "B9BB65FFE7924D4D8BABE9FA66303200",
  "Dalamud.Injector.xml": "D41E5DF541D19A015215E777D7395C9C",
  "Dalamud.runtimeconfig.json": "2A9CD915428BDD175E0889BD0C225F75",
  "Dalamud.xml": "2334130230DAEE08535FC00727E3524E",
  "DalamudCrashHandler.exe": "C30C65FB70E5EC1F074E07B24CC5CC6B",
  "FASM-LICENSE.TXT": "ECEA1D10811221D5F0A3E96F9C38E2C7",
  "FASM.DLL": "7A14ADC9CFA6B35238683710DE41EC47",
  "FASMX64.DLL": "29EC3D956C45067DB37D6C757B32A01C",
  "FFXIVClientStructs.dll": "931F20673BC089599E649B82C8EBD46E",
  "FFXIVClientStructs.xml": "1BC608E144B877A3EE42DFBFDD447B74",
  "goaaats.Reloaded.Assembler.targets": "CC22CB0A353E2136EE9E6E96DB9F7164",
  "Iced.dll": "A7B6FD357C575490E28BF966E9388D06",
  "ImGui.NET.dll": "AFE8F739960BF234DF8C5B15C50604B0",
  "ImGuiScene.dll": "A78F09D76307E863DEFAAAF9AF8AF361",
  "JetBrains.Annotations.dll": "9A2D02D1B27E54B37AFE667CB9B9025B",
  "licenses.txt": "A159BE62AA91178EFC3E3983AE874D1D",
  "Lumina.dll": "103B1E1753FA543807566491AECE4E36",
  "Lumina.Excel.dll": "9CBD17209CE08527E5F76BDFC01B7CB4",
  "Microsoft.Bcl.HashCode.dll": "613AB56061ADF2284E047025207467E0",
  "Microsoft.DotNet.PlatformAbstractions.dll": "00AB0F02B1114C57C758F5AD595224F1",
  "Microsoft.Extensions.DependencyModel.dll": "F39BC76C10CFEA478C936FC4521A9FC9",
  "Microsoft.Extensions.ObjectPool.dll": "4EEE3E64BE561711391BF998FFBF65D3",
  "MinSharp.dll": "5AC93D8B58DD9FEF54AEE37FB5E1E683",
  "Mono.Cecil.dll": "B0ACB0A8F002ECA290C31C5EBF2325DC",
  "Mono.Cecil.Mdb.dll": "0425F722B74B3DD03F9AFBBDDA678004",
  "Mono.Cecil.Pdb.dll": "15742660F90781D99F455E9A876A03A7",
  "Mono.Cecil.Rocks.dll": "0ED400F85E602457370FE426278A8C76",
  "nethost.dll": "012081214FE71F0F6ADCD9F4A71B2B00",
  "Newtonsoft.Json.dll": "86A83A63F12B55FD3718CFBFB577D7DC",
  "PeNet.Asn1.dll": "9C8A888719D7F2E18DDF9441D77D407A",
  "PeNet.dll": "B4124E288F57A3FA3F9824312143B896",
  "PInvoke.AdvApi32.dll": "34EE461D05B403C3A15D0DEC32A3788C",
  "PInvoke.BCrypt.dll": "FD07758EE1440491F22923084109FF26",
  "PInvoke.Cabinet.dll": "333D950E3804735DA60CC41D614C63E2",
  "PInvoke.CfgMgr32.dll": "768BE7CC18EDCF78B296A72ABE891691",
  "PInvoke.Crypt32.dll": "E7B00B0851738F4A7F2C6D37DAA973B4",
  "PInvoke.DbgHelp.dll": "E701136169620D20E3A70B560DE20E44",
  "PInvoke.DwmApi.dll": "ACF223CC8962404056648815B486F7D9",
  "PInvoke.Gdi32.dll": "69FF434826F98582CE44D3136ECFFACB",
  "PInvoke.Hid.dll": "2E7A41257F8AD9B26073181F450CD8E5",
  "PInvoke.ImageHlp.dll": "79BE816E8D86EA66489D7780DD675D49",
  "PInvoke.IPHlpApi.dll": "E949FA3326D1BA8872B179AB4EE49D38",
  "PInvoke.Kernel32.dll": "234E15B122ED430DE99490CA1A204958",
  "PInvoke.Magnification.dll": "C9EA3D34F506741ECC044DB19C151F09",
  "PInvoke.Msi.dll": "69EE50CE2DA6B55755E52589F49A7EBC",
  "PInvoke.NCrypt.dll": "DA1DE76C14D99370CA3BEF19DC299B15",
  "PInvoke.NetApi32.dll": "AE79F9FA2E3864A5E0642AE4622ECDC5",
  "PInvoke.NewDev.dll": "B3E1992105D986EF9C5C8E4B630FBB07",
  "PInvoke.NTDll.dll": "3F6BDF840EB27DD0FD9EB8071822183A",
  "PInvoke.Ole32.dll": "3C49FB100B60519FFE725BCD12A538F6",
  "PInvoke.Psapi.dll": "A7683EE4B880227F01C8AE632A892B9E",
  "PInvoke.SetupApi.dll": "1B7AE321185D0081D1759A9AD829F9BA",
  "PInvoke.SHCore.dll": "F27E7F063D51480F6D2294C903E4A606",
  "PInvoke.Shell32.dll": "F71A1BCAF6478190691170DAEA77722F",
  "PInvoke.User32.dll": "8BEDE38311ED4F27127290B81B8079FD",
  "PInvoke.Userenv.dll": "FEB7BCA90B8C905EC2F4BB0789847131",
  "PInvoke.UxTheme.dll": "8E683C016250CB719FDB9AAAFC22B3C5",
  "PInvoke.Windows.Core.dll": "90015440A44935208FFEA9BF61740651",
  "PInvoke.Windows.ShellScalingApi.dll": "F351B34B8C9183A51CADFDC279357C49",
  "PInvoke.WinUsb.dll": "9EB8A0280F2848D1A32B560A939F7336",
  "PInvoke.WtsApi32.dll": "341C94455D2E5893DBE4293D4D67AA4D",
  "Reloaded.Assembler.dll": "E9E7336790E5765B3D419CA45943EBD1",
  "Reloaded.Hooks.Definitions.dll": "ABA889605BD8B46879FAE2E37A245460",
  "Reloaded.Hooks.dll": "33F867F54759EE2DCE3E2E530A1ABAB0",
  "Reloaded.Memory.Buffers.dll": "617383221C4A5BCB84B0A311BF7387E4",
  "Reloaded.Memory.dll": "AC7A7C744F3B1FF0E22E9EE980E82B4C",
  "revision.txt": "7C022D9C6DD601E087E186EE6DFE1FC7",
  "SDL2-CS.config": "65557595FD5DF55D93B2BF881DE62C3A",
  "SDL2-CS.dll": "D6D2EF498FEFDCCAC9CA40FCCAF3FCE4",
  "Serilog.dll": "00921D0AF641140D9D03741283ED457F",
  "Serilog.Sinks.Async.dll": "BDC2696E73613A73527931D46585B8A0",
  "Serilog.Sinks.Console.dll": "0C6243973159E3D0EA9C58DA35EAA128",
  "Serilog.Sinks.File.dll": "58C1ACFA728FFA6761289F9E2544CBE8",
  "SharpDX.Direct3D11.dll": "05FB2336225633383D31611711CF8F6E",
  "SharpDX.dll": "39CC0CFA7028ECEA6E57851BCC8BC27D",
  "SharpDX.DXGI.dll": "7CE77A14922938365A77E82D7D2CD8D9",
  "SharpDX.Mathematics.dll": "7EC01D76A02462E54B1195DB2DC56E3E",
  "Silk.NET.Core.dll": "ACF363748EC9171AAD3499AFD25FBBCF",
  "Silk.NET.GLFW.dll": "2F1CCC8258BA545F1138B298CF3FB084",
  "Silk.NET.Maths.dll": "9BC1CC550CB3CAB3E33A0C3692C0E8AE",
  "Silk.NET.OpenGL.dll": "6E60265A40DAB53AD2BC4D4FF40333C0",
  "Silk.NET.SDL.dll": "2C21D4152B09A1D69390AFE2DB0C1534",
  "Silk.NET.Windowing.Common.dll": "5968FB05CBBC0807EFFB69D65F6780CB",
  "Silk.NET.Windowing.Glfw.dll": "038382427F552FED692D56CD16AD4051",
  "Silk.NET.Windowing.Sdl.dll": "0F78CD156B756591D36BEF8CC864ECC5",
  "SQLite-net.dll": "C4323F74AF71833DC970B1401CBC2566",
  "SQLitePCLRaw.batteries_v2.dll": "94CAC65C01D60897AA7131A9A9E8C581",
  "SQLitePCLRaw.core.dll": "F2E86D62C777F44A9249734485D4C3A8",
  "SQLitePCLRaw.nativelibrary.dll": "CFFA77CCAE4C04DBAEF181D18E2FEBDF",
  "SQLitePCLRaw.provider.dynamic_cdecl.dll": "9D358F0BA875DE3541647CB43C7C013D",
  "StbiSharp.dll": "8284EA4832F3C2AC9604D265045A0848",
  "System.Reactive.dll": "EF5A00287AD15393D41B12AA4B726FF7",
  "System.Reflection.MetadataLoadContext.dll": "7EC41D41F4E1246757BA3E2EC862D562",
  "System.Security.Cryptography.Pkcs.dll": "8950E01996A37E808BE3F39063C37BF9",
  "TEMP_gitver.txt": "C736B3FD6E5EA1C0E8FD0C5F5A6007FA",
  "TerraFX.Interop.Windows.dll": "84F7EF6B0DE91F8CC23F773D3FD6DEC0",
  "Validation.dll": "66BBC4FE898FEDD012D83D537AE699C7"
}
