{
  "runtimes\\linux-x64\\native\\libglfw.so.3": "9E3137144F68B9E9793F4C7AD5B1BEA7",
  "runtimes\\linux-x64\\native\\libSDL2-2.0.so": "99B95A708381FC66AB2370E45A260527",
  "runtimes\\linux-x64\\native\\libstbi.so": "0945355ED59677D06E3E88F48101BB26",
  "runtimes\\osx-x64\\native\\libglfw.3.dylib": "1E30FAB2F0C40E82290AD4B0BF14A880",
  "runtimes\\osx-x64\\native\\libSDL2-2.0.dylib": "AAC958490586C67395F0A90903AE3747",
  "runtimes\\osx-x64\\native\\libstbi.dylib": "0B84B0A6A80178266018081C3CAB68E6",
  "runtimes\\win-x64\\native\\cimgui.dll": "4B5C0C7138C89F9454C0BFD51C30E802",
  "runtimes\\win-x64\\native\\cimguizmo.dll": "6DBC7FB2E76DF8A16130F6EF4028D243",
  "runtimes\\win-x64\\native\\cimplot.dll": "57A8DFCAA338188569B557B67E3BFF9B",
  "runtimes\\win-x64\\native\\glfw3.dll": "34B5345F65DF7E5FFC996F1184415BBC",
  "runtimes\\win-x64\\native\\minhook.x64d.dll": "6CE3A03648566B653D6BC77D64BE4B5A",
  "runtimes\\win-x64\\native\\SDL2.dll": "FCA1834C7080C6A52E4775D14F78BB57",
  "runtimes\\win-x64\\native\\stbi.dll": "9293A77BF24F476A69D7AE9ABA1A50DD",
  "runtimes\\win-x64\\native\\stbi.lib": "927C214DE576219E1F80DBE7798A0502",
  "runtimes\\win-x86\\native\\glfw3.dll": "68270B280D700730980CAA7917AE7515",
  "runtimes\\win-x86\\native\\SDL2.dll": "34C19338DCD792006497F48C2732246E",
  "targets\\Dalamud.Plugin.Bootstrap.targets": "72C91AC1B4F7C83711BB4C5834FE49A8",
  "targets\\Dalamud.Plugin.targets": "CE55DF182FBC948D33DB41454A31EEF9",
  "CheapLoc.dll": "66BA74F1CB339DB45CB3A39938DD8005",
  "Costura.dll": "674921E31E2A21DF04E1CC688F2B9684",
  "Dalamud.Boot.dll": "97885DD8EC25485C81F54093F91CC928",
  "Dalamud.deps.json": "051357BD08583BEAB8CB20902199B7AC",
  "Dalamud.dll": "17F2B567F8F2A7ED2C8DFEB43B8FE7B4",
  "Dalamud.Injector.deps.json": "D10EED2039C0151239F5EA4FE3A65A7B",
  "Dalamud.Injector.dll": "9E8370F1D9A54F096C38631393763AB1",
  "Dalamud.Injector.exe": "909CECBF7D3C9F5032B3BC434CD6F089",
  "Dalamud.Injector.runtimeconfig.json": "AAAFA957BB3B382321D67ACC2D792553",
  "Dalamud.Injector.xml": "CC06A545B271F56E0781ECC82BDEF67F",
  "Dalamud.Interface.dll": "88F550454AF2057DDFB4A267623EB7DC",
  "Dalamud.runtimeconfig.json": "454E2BA21742B08CF0A9827950A92B0F",
  "Dalamud.xml": "E5B36498C364B2EBA176FE56F2E9DD35",
  "DalamudCrashHandler.exe": "76A1122E7A43F520E6E3110CD76D880F",
  "FASM-LICENSE.TXT": "ECEA1D10811221D5F0A3E96F9C38E2C7",
  "FASM.DLL": "BFD42F99A8F648BEC44144BD1DF4EA48",
  "FASMX64.DLL": "86A3F4A652B4561CCBD3065D4E2C66EF",
  "FFXIVClientStructs.dll": "B9773CCA57C6F0CEE307CA99129534BF",
  "FFXIVClientStructs.xml": "B457B29B810C40B9AD58A4A10AF9ABD5",
  "goaaats.Reloaded.Assembler.targets": "CC22CB0A353E2136EE9E6E96DB9F7164",
  "Iced.dll": "C8A6F1A0267E3C336DB4B2ADD595DF84",
  "ImGui.NET.dll": "AF0458E6EBA4C5B07C7713AC670F6A1D",
  "ImGuiScene.dll": "341987CEB6B95F24C00D1BFB3980CA92",
  "JetBrains.Annotations.dll": "4CFE5D05365BED4B45ABB5974863C513",
  "licenses.txt": "A159BE62AA91178EFC3E3983AE874D1D",
  "Lumina.dll": "2C2B8E631FE82B523EF4FFF8BEEC48B2",
  "Lumina.Excel.dll": "11DF134904C88213EFB51B9A3F301127",
  "Microsoft.Bcl.HashCode.dll": "613AB56061ADF2284E047025207467E0",
  "Microsoft.DotNet.PlatformAbstractions.dll": "00AB0F02B1114C57C758F5AD595224F1",
  "Microsoft.Extensions.DependencyModel.dll": "F39BC76C10CFEA478C936FC4521A9FC9",
  "MinSharp.dll": "F8D75732E92239DF4A748ED71D493274",
  "Mono.Cecil.dll": "DFAA41D55824D44EBC75A2AA7235E4C3",
  "Mono.Cecil.Mdb.dll": "945DAF56A6FEF7772F69CC3588341AE5",
  "Mono.Cecil.Pdb.dll": "D977681C174C210CD2847324991A666B",
  "Mono.Cecil.Rocks.dll": "829C8629C062648971F0DC552889FFE6",
  "MonoMod.Backports.dll": "5D44E59BD1A1A96912AD525825836EA6",
  "MonoMod.Core.dll": "35411CE8753ACF1141D7C71549B8DC23",
  "MonoMod.Iced.dll": "792CB50308BB6CCCE0EF01B3D0BC2B0E",
  "MonoMod.ILHelpers.dll": "D7EAD4E79036485227D120218769A6F0",
  "MonoMod.RuntimeDetour.dll": "1159BFCA466127FA27EE50628A53C823",
  "MonoMod.Utils.dll": "66B42911750C0C11E47F5DB55DBB568C",
  "nethost.dll": "012081214FE71F0F6ADCD9F4A71B2B00",
  "Newtonsoft.Json.dll": "86A83A63F12B55FD3718CFBFB577D7DC",
  "PeNet.Asn1.dll": "125313F7D4F93669EF67BADB2B723094",
  "PeNet.dll": "E3014C4968543570B93E50CBED5D8405",
  "PInvoke.AdvApi32.dll": "34EE461D05B403C3A15D0DEC32A3788C",
  "PInvoke.BCrypt.dll": "FD07758EE1440491F22923084109FF26",
  "PInvoke.Cabinet.dll": "333D950E3804735DA60CC41D614C63E2",
  "PInvoke.CfgMgr32.dll": "768BE7CC18EDCF78B296A72ABE891691",
  "PInvoke.Crypt32.dll": "E7B00B0851738F4A7F2C6D37DAA973B4",
  "PInvoke.DbgHelp.dll": "E701136169620D20E3A70B560DE20E44",
  "PInvoke.DwmApi.dll": "ACF223CC8962404056648815B486F7D9",
  "PInvoke.Gdi32.dll": "69FF434826F98582CE44D3136ECFFACB",
  "PInvoke.Hid.dll": "2E7A41257F8AD9B26073181F450CD8E5",
  "PInvoke.ImageHlp.dll": "79BE816E8D86EA66489D7780DD675D49",
  "PInvoke.IPHlpApi.dll": "E949FA3326D1BA8872B179AB4EE49D38",
  "PInvoke.Kernel32.dll": "234E15B122ED430DE99490CA1A204958",
  "PInvoke.Magnification.dll": "C9EA3D34F506741ECC044DB19C151F09",
  "PInvoke.Msi.dll": "69EE50CE2DA6B55755E52589F49A7EBC",
  "PInvoke.NCrypt.dll": "DA1DE76C14D99370CA3BEF19DC299B15",
  "PInvoke.NetApi32.dll": "AE79F9FA2E3864A5E0642AE4622ECDC5",
  "PInvoke.NewDev.dll": "B3E1992105D986EF9C5C8E4B630FBB07",
  "PInvoke.NTDll.dll": "3F6BDF840EB27DD0FD9EB8071822183A",
  "PInvoke.Ole32.dll": "3C49FB100B60519FFE725BCD12A538F6",
  "PInvoke.Psapi.dll": "A7683EE4B880227F01C8AE632A892B9E",
  "PInvoke.SetupApi.dll": "1B7AE321185D0081D1759A9AD829F9BA",
  "PInvoke.SHCore.dll": "F27E7F063D51480F6D2294C903E4A606",
  "PInvoke.Shell32.dll": "F71A1BCAF6478190691170DAEA77722F",
  "PInvoke.User32.dll": "8BEDE38311ED4F27127290B81B8079FD",
  "PInvoke.Userenv.dll": "FEB7BCA90B8C905EC2F4BB0789847131",
  "PInvoke.UxTheme.dll": "8E683C016250CB719FDB9AAAFC22B3C5",
  "PInvoke.Windows.Core.dll": "90015440A44935208FFEA9BF61740651",
  "PInvoke.Windows.ShellScalingApi.dll": "F351B34B8C9183A51CADFDC279357C49",
  "PInvoke.WinUsb.dll": "9EB8A0280F2848D1A32B560A939F7336",
  "PInvoke.WtsApi32.dll": "341C94455D2E5893DBE4293D4D67AA4D",
  "Reloaded.Assembler.dll": "B34888A75D7ADE31756776F601724DC9",
  "Reloaded.Hooks.Definitions.dll": "0CF418546801D78ABCF0AB214433497A",
  "Reloaded.Hooks.dll": "DBC7996E74D410733A1F50730B5AA4CD",
  "Reloaded.Memory.Buffers.dll": "3C6796F6A602CEE19E831C21CDE5146A",
  "Reloaded.Memory.dll": "724F6204005BFD74635CF9FBE9D3923B",
  "revision.txt": "27669F3F141DA48BFE5E6B7AA37C38F9",
  "SDL2-CS.config": "65557595FD5DF55D93B2BF881DE62C3A",
  "SDL2-CS.dll": "9F2A850FDC1DB5AF7FCA2F64AC52B068",
  "Serilog.dll": "B4209A91243FE0F59E6E9D4F593379CF",
  "Serilog.Sinks.Async.dll": "4F48F2123BD875B5E2E985AD72434061",
  "Serilog.Sinks.Console.dll": "618F17FFF4B90108364C982804409B3E",
  "Serilog.Sinks.File.dll": "5B1B03353EC4CEB741B86D41B4053275",
  "SharpDX.Direct3D11.dll": "7810E5145C65EB812100FFB591A76A16",
  "SharpDX.dll": "45FBD501AD531B176881636B7A5FB361",
  "SharpDX.DXGI.dll": "17481D6DEC8E421420C88726161EF566",
  "SharpDX.Mathematics.dll": "92315ECB7E4933301BC0C53665F8B909",
  "Silk.NET.Core.dll": "EF0459688DF7BD38B022AF18646F28CF",
  "Silk.NET.GLFW.dll": "DF27F3B6FF190BBC89192E63F3655A52",
  "Silk.NET.Maths.dll": "696A9B9BA540F1E0AD21D13CEBAEB595",
  "Silk.NET.OpenGL.dll": "941EBEF857A1143095E3F6B9926AF068",
  "Silk.NET.SDL.dll": "26A07ED82AC7DAFB1CE2FB9F4F866208",
  "Silk.NET.Windowing.Common.dll": "0590CEDBADD078A9FC91B322B90C15E8",
  "Silk.NET.Windowing.Glfw.dll": "020827823FE66803C260B51CAD1921A0",
  "Silk.NET.Windowing.Sdl.dll": "47351F15C3EFEC1255715E54F4261B18",
  "StbiSharp.dll": "E83C3197252669FB0D538B2632F034F4",
  "System.Reactive.dll": "EF5A00287AD15393D41B12AA4B726FF7",
  "System.Reflection.MetadataLoadContext.dll": "7EC41D41F4E1246757BA3E2EC862D562",
  "System.Security.Cryptography.Pkcs.dll": "8950E01996A37E808BE3F39063C37BF9",
  "TEMP_gitver.txt": "90A01380B8313D735A9144FC8DBD4BBB",
  "Validation.dll": "926511695B3D2EEFA0A302AB230663B3"
}
