{
  "runtimes\\alpine-x64\\native\\libe_sqlite3.so": "39C244FEDBCD3DFC37041D4FCE1AE21D",
  "runtimes\\linux-arm\\native\\libe_sqlite3.so": "96CF54BC0EFB83D6E3F5F3E04997A59D",
  "runtimes\\linux-arm64\\native\\libe_sqlite3.so": "F079E55E7F3F9966A4A2052A3234E068",
  "runtimes\\linux-armel\\native\\libe_sqlite3.so": "C5A67D49434FC65D64E9C15778078C76",
  "runtimes\\linux-mips64\\native\\libe_sqlite3.so": "5F8461214089CFC677D46C19B7162161",
  "runtimes\\linux-musl-x64\\native\\libe_sqlite3.so": "39C244FEDBCD3DFC37041D4FCE1AE21D",
  "runtimes\\linux-x64\\native\\libe_sqlite3.so": "6F49C540D3AB9964D67A4A704C3D262D",
  "runtimes\\linux-x64\\native\\libglfw.so.3": "9E3137144F68B9E9793F4C7AD5B1BEA7",
  "runtimes\\linux-x64\\native\\libSDL2-2.0.so": "99B95A708381FC66AB2370E45A260527",
  "runtimes\\linux-x64\\native\\libstbi.so": "0945355ED59677D06E3E88F48101BB26",
  "runtimes\\linux-x86\\native\\libe_sqlite3.so": "5E0659B414CBD6DDC38C65582485853E",
  "runtimes\\osx-x64\\native\\libe_sqlite3.dylib": "F82AE134FCD1C080A69D775591406673",
  "runtimes\\osx-x64\\native\\libglfw.3.dylib": "1E30FAB2F0C40E82290AD4B0BF14A880",
  "runtimes\\osx-x64\\native\\libSDL2-2.0.dylib": "AAC958490586C67395F0A90903AE3747",
  "runtimes\\osx-x64\\native\\libstbi.dylib": "0B84B0A6A80178266018081C3CAB68E6",
  "runtimes\\win-arm\\native\\e_sqlite3.dll": "385E89DBD9BC8127469A83EE2ECA169F",
  "runtimes\\win-arm64\\native\\e_sqlite3.dll": "04466231F37261110310A012768A5A59",
  "runtimes\\win-x64\\native\\cimgui.dll": "5D46196B465CD271D6AFD44474850181",
  "runtimes\\win-x64\\native\\cimguizmo.dll": "AE5A2F34F596E39141B7ADE08860AF72",
  "runtimes\\win-x64\\native\\cimplot.dll": "C3A6919A72D1E96B0E1614269EC3499F",
  "runtimes\\win-x64\\native\\e_sqlite3.dll": "6A6C4A1C7CDDE171E7D735DCBE1E3F5D",
  "runtimes\\win-x64\\native\\glfw3.dll": "2673569A43A9C4765C2056CFA68F7426",
  "runtimes\\win-x64\\native\\minhook.x64d.dll": "3D4FA94F727F6B12795003113B88B3D7",
  "runtimes\\win-x64\\native\\SDL2.dll": "D6B28970B23B34EB58D27147620A5F8B",
  "runtimes\\win-x64\\native\\stbi.dll": "E9E019D494E154512C0449DE087EA304",
  "runtimes\\win-x64\\native\\stbi.lib": "927C214DE576219E1F80DBE7798A0502",
  "runtimes\\win-x86\\native\\e_sqlite3.dll": "0B23D9372A7DC17BD2E530F6B8F85A5A",
  "runtimes\\win-x86\\native\\glfw3.dll": "99BA9D33D91FADCB3CAADA3A3B1A3128",
  "runtimes\\win-x86\\native\\SDL2.dll": "4FA3249B36B9A5FAFB0CDE37E26CE3E4",
  "targets\\Dalamud.Plugin.Bootstrap.targets": "C85635161398CD9852CF7212DB7EB904",
  "targets\\Dalamud.Plugin.targets": "11001C983157350F50D99F1A827999B5",
  "CheapLoc.dll": "2F2AAC347B09AC61BCBC6E721A18031C",
  "Costura.dll": "3B5A7A97686A0D9F1AE119539BEA4FCA",
  "Dalamud.Boot.dll": "DDFF63447D0D458132571FD41039A2B0",
  "Dalamud.Common.dll": "1E560EEF65A5E953D63332B8B89AD5B7",
  "Dalamud.deps.json": "2C187D7EED0E7F3E3D5502617CAF0E19",
  "Dalamud.dll": "93B941AAA31EDE40053F3B81D575EB80",
  "Dalamud.Injector.deps.json": "4E53ABE9A5D3E4592DA63EBF98DAAD86",
  "Dalamud.Injector.dll": "4AD8A03F88C8F70480A1925BD33B3C0D",
  "Dalamud.Injector.exe": "ADDAB3F123039A23113D675D09BC18A6",
  "Dalamud.Injector.runtimeconfig.json": "AAAFA957BB3B382321D67ACC2D792553",
  "Dalamud.Injector.xml": "D41E5DF541D19A015215E777D7395C9C",
  "Dalamud.runtimeconfig.json": "15719C111D02D5BD45F37285FC8B6040",
  "Dalamud.xml": "EEF633B45C194D059C1773441CC16E2A",
  "DalamudCrashHandler.exe": "FB5A5C6DA2C1B0313D297BAB79985E3A",
  "FASM-LICENSE.TXT": "ECEA1D10811221D5F0A3E96F9C38E2C7",
  "FASM.DLL": "AF547E2565656FB594D6E08E68CE824F",
  "FASMX64.DLL": "669D84A3602D6748167794FE518AB5B8",
  "FFXIVClientStructs.dll": "B704592635055DC834AD58338447964A",
  "FFXIVClientStructs.xml": "08C8C63D475C837BDE9528BC1D68B9C9",
  "goaaats.Reloaded.Assembler.targets": "CC22CB0A353E2136EE9E6E96DB9F7164",
  "Iced.dll": "50F3C299B1667435EA9631CF88B9D7F6",
  "ImGui.NET.dll": "72FADAEB8A79955C18EC12ABD293C82C",
  "ImGuiScene.dll": "B529B27E32C69FC5800B4B1073BDEEB3",
  "JetBrains.Annotations.dll": "6AAB2271E12B5F73989B57D6DD2C4957",
  "licenses.txt": "A159BE62AA91178EFC3E3983AE874D1D",
  "Lumina.dll": "4B68258EBF3750B921E1F6BB43683271",
  "Lumina.Excel.dll": "0CE5B3AB30A15633D65F2C5341E60BC0",
  "Microsoft.Bcl.HashCode.dll": "613AB56061ADF2284E047025207467E0",
  "Microsoft.DotNet.PlatformAbstractions.dll": "00AB0F02B1114C57C758F5AD595224F1",
  "Microsoft.Extensions.DependencyModel.dll": "F39BC76C10CFEA478C936FC4521A9FC9",
  "Microsoft.Extensions.ObjectPool.dll": "91B40FCF7D5A05DF428016DDFD05BABB",
  "MinSharp.dll": "9A97CA5DE6C2C5B3FA2A450D1B93C091",
  "Mono.Cecil.dll": "8E0EFF6B452D23B58F89140F43330AFB",
  "Mono.Cecil.Mdb.dll": "13C1C0A658EB71B6678EFC77D3CED8FF",
  "Mono.Cecil.Pdb.dll": "74B04E3A411F2F80F146BA71D25B9FE9",
  "Mono.Cecil.Rocks.dll": "1B291F44C8E85852DBC2A11FD51195A9",
  "MonoMod.Backports.dll": "224F41EC55C66A060F655E3755C7B79A",
  "MonoMod.Core.dll": "B9CA3F7533899CBB00EAD0EA40DF86D0",
  "MonoMod.Iced.dll": "0103585D94F34368D337EBC793491A30",
  "MonoMod.ILHelpers.dll": "B1A7C2EADC0A3893788F06232391A09F",
  "MonoMod.RuntimeDetour.dll": "3971500F324F49EC0425BC2AEB28DA01",
  "MonoMod.Utils.dll": "09C666F81F76882912E9AE4881037B82",
  "nethost.dll": "012081214FE71F0F6ADCD9F4A71B2B00",
  "Newtonsoft.Json.dll": "86A83A63F12B55FD3718CFBFB577D7DC",
  "PeNet.Asn1.dll": "8E2EE4281D4D60B92F35048A96806857",
  "PeNet.dll": "45F5C2DC6241C2166279D08C33AC69D8",
  "PInvoke.AdvApi32.dll": "34EE461D05B403C3A15D0DEC32A3788C",
  "PInvoke.BCrypt.dll": "FD07758EE1440491F22923084109FF26",
  "PInvoke.Cabinet.dll": "333D950E3804735DA60CC41D614C63E2",
  "PInvoke.CfgMgr32.dll": "768BE7CC18EDCF78B296A72ABE891691",
  "PInvoke.Crypt32.dll": "E7B00B0851738F4A7F2C6D37DAA973B4",
  "PInvoke.DbgHelp.dll": "E701136169620D20E3A70B560DE20E44",
  "PInvoke.DwmApi.dll": "ACF223CC8962404056648815B486F7D9",
  "PInvoke.Gdi32.dll": "69FF434826F98582CE44D3136ECFFACB",
  "PInvoke.Hid.dll": "2E7A41257F8AD9B26073181F450CD8E5",
  "PInvoke.ImageHlp.dll": "79BE816E8D86EA66489D7780DD675D49",
  "PInvoke.IPHlpApi.dll": "E949FA3326D1BA8872B179AB4EE49D38",
  "PInvoke.Kernel32.dll": "234E15B122ED430DE99490CA1A204958",
  "PInvoke.Magnification.dll": "C9EA3D34F506741ECC044DB19C151F09",
  "PInvoke.Msi.dll": "69EE50CE2DA6B55755E52589F49A7EBC",
  "PInvoke.NCrypt.dll": "DA1DE76C14D99370CA3BEF19DC299B15",
  "PInvoke.NetApi32.dll": "AE79F9FA2E3864A5E0642AE4622ECDC5",
  "PInvoke.NewDev.dll": "B3E1992105D986EF9C5C8E4B630FBB07",
  "PInvoke.NTDll.dll": "3F6BDF840EB27DD0FD9EB8071822183A",
  "PInvoke.Ole32.dll": "3C49FB100B60519FFE725BCD12A538F6",
  "PInvoke.Psapi.dll": "A7683EE4B880227F01C8AE632A892B9E",
  "PInvoke.SetupApi.dll": "1B7AE321185D0081D1759A9AD829F9BA",
  "PInvoke.SHCore.dll": "F27E7F063D51480F6D2294C903E4A606",
  "PInvoke.Shell32.dll": "F71A1BCAF6478190691170DAEA77722F",
  "PInvoke.User32.dll": "8BEDE38311ED4F27127290B81B8079FD",
  "PInvoke.Userenv.dll": "FEB7BCA90B8C905EC2F4BB0789847131",
  "PInvoke.UxTheme.dll": "8E683C016250CB719FDB9AAAFC22B3C5",
  "PInvoke.Windows.Core.dll": "90015440A44935208FFEA9BF61740651",
  "PInvoke.Windows.ShellScalingApi.dll": "F351B34B8C9183A51CADFDC279357C49",
  "PInvoke.WinUsb.dll": "9EB8A0280F2848D1A32B560A939F7336",
  "PInvoke.WtsApi32.dll": "341C94455D2E5893DBE4293D4D67AA4D",
  "Reloaded.Assembler.dll": "9F6513B56E9D236107A2DD706FBD6B71",
  "Reloaded.Hooks.Definitions.dll": "42DEA850BEBB5CEB80D8451C14DA13BF",
  "Reloaded.Hooks.dll": "308323D34E4A8BCA32F2DB0717192993",
  "Reloaded.Memory.Buffers.dll": "434B5ED3E88A6FC3CE6F78646233E963",
  "Reloaded.Memory.dll": "16813C1B7429DB565F00A3EED89F1FF4",
  "revision.txt": "205C3608ECB984C1F5F5D2F52C934428",
  "SDL2-CS.config": "65557595FD5DF55D93B2BF881DE62C3A",
  "SDL2-CS.dll": "FE074D380C59C0E8D851FFD2D83C24AE",
  "Serilog.dll": "5A06E7A2D33D5F85A18CD26942090F01",
  "Serilog.Sinks.Async.dll": "F5C84337BA672A0E1D15F6CA4F4F8C27",
  "Serilog.Sinks.Console.dll": "E45BAE68393B0B53B233A843980B8146",
  "Serilog.Sinks.File.dll": "C66DCD51D6FA491611CE21D6BE05764D",
  "SharpDX.Direct3D11.dll": "C638A88207E2FE07A6374F35B352F6BE",
  "SharpDX.dll": "2D8FFDF6149F0CD5E7872C12BB903854",
  "SharpDX.DXGI.dll": "30A5B2F245ABFB98FFB9617954EA871C",
  "SharpDX.Mathematics.dll": "A9E6D9E17FF5078E8E245E4C1787E7BF",
  "Silk.NET.Core.dll": "4A5CC4E715EC5C52B71204C5C25BBD42",
  "Silk.NET.GLFW.dll": "2A280C98F740464672E6F3C0DAB8BA9B",
  "Silk.NET.Maths.dll": "C8ECF9EC76715357AAC3997971CA4B6D",
  "Silk.NET.OpenGL.dll": "2122A104B676ED9B7885366D4DDEFBF8",
  "Silk.NET.SDL.dll": "06BEAD5633355B5AA98BEAD6D0A1A45F",
  "Silk.NET.Windowing.Common.dll": "9F6C91B96B0AF728206FBE4F0C5A7AD8",
  "Silk.NET.Windowing.Glfw.dll": "49F2A66CA41B7DAB9650A11EFCBB863E",
  "Silk.NET.Windowing.Sdl.dll": "DACB73D2A70342CBC3352BF4D5AD3079",
  "SQLite-net.dll": "2EF1C8F55455F9C6E034A3D4FE14E9FF",
  "SQLitePCLRaw.batteries_v2.dll": "A49293E297E8D7A84043CB0F0246A64A",
  "SQLitePCLRaw.core.dll": "1D8B41C0E6CDA7AE40D0D7820E903C78",
  "SQLitePCLRaw.nativelibrary.dll": "3206D69B6D2ECE355764F5E91B97B4CA",
  "SQLitePCLRaw.provider.dynamic_cdecl.dll": "29538A60369D0C8229C6735C6E5813C4",
  "StbiSharp.dll": "DD54C89495B6A8CC782ABC047D22AFD1",
  "System.Reactive.dll": "EF5A00287AD15393D41B12AA4B726FF7",
  "System.Reflection.MetadataLoadContext.dll": "7EC41D41F4E1246757BA3E2EC862D562",
  "System.Security.Cryptography.Pkcs.dll": "8950E01996A37E808BE3F39063C37BF9",
  "TEMP_gitver.txt": "E3B8CF152FBF9D03984659DE8979814B",
  "TerraFX.Interop.Windows.dll": "84F7EF6B0DE91F8CC23F773D3FD6DEC0",
  "Validation.dll": "BFFD7CED05074EE022F7A65949CF649B"
}
