{
  "runtimes\\alpine-x64\\native\\libe_sqlite3.so": "39C244FEDBCD3DFC37041D4FCE1AE21D",
  "runtimes\\linux-arm\\native\\libe_sqlite3.so": "96CF54BC0EFB83D6E3F5F3E04997A59D",
  "runtimes\\linux-arm64\\native\\libe_sqlite3.so": "F079E55E7F3F9966A4A2052A3234E068",
  "runtimes\\linux-armel\\native\\libe_sqlite3.so": "C5A67D49434FC65D64E9C15778078C76",
  "runtimes\\linux-mips64\\native\\libe_sqlite3.so": "5F8461214089CFC677D46C19B7162161",
  "runtimes\\linux-musl-x64\\native\\libe_sqlite3.so": "39C244FEDBCD3DFC37041D4FCE1AE21D",
  "runtimes\\linux-x64\\native\\libe_sqlite3.so": "6F49C540D3AB9964D67A4A704C3D262D",
  "runtimes\\linux-x64\\native\\libglfw.so.3": "9E3137144F68B9E9793F4C7AD5B1BEA7",
  "runtimes\\linux-x64\\native\\libSDL2-2.0.so": "99B95A708381FC66AB2370E45A260527",
  "runtimes\\linux-x64\\native\\libstbi.so": "0945355ED59677D06E3E88F48101BB26",
  "runtimes\\linux-x86\\native\\libe_sqlite3.so": "5E0659B414CBD6DDC38C65582485853E",
  "runtimes\\osx-x64\\native\\libe_sqlite3.dylib": "F82AE134FCD1C080A69D775591406673",
  "runtimes\\osx-x64\\native\\libglfw.3.dylib": "1E30FAB2F0C40E82290AD4B0BF14A880",
  "runtimes\\osx-x64\\native\\libSDL2-2.0.dylib": "AAC958490586C67395F0A90903AE3747",
  "runtimes\\osx-x64\\native\\libstbi.dylib": "0B84B0A6A80178266018081C3CAB68E6",
  "runtimes\\win-arm\\native\\e_sqlite3.dll": "CC2A168C6E869A662613224263C99BCD",
  "runtimes\\win-arm64\\native\\e_sqlite3.dll": "8A90B357056DCFA2250994527632430A",
  "runtimes\\win-x64\\native\\cimgui.dll": "871C7FB74458EC6B4122C8454EA5B434",
  "runtimes\\win-x64\\native\\cimguizmo.dll": "6C0C3F560445B67B2BB7706741253BF7",
  "runtimes\\win-x64\\native\\cimplot.dll": "CF0C814EA47EF9DB534BFB5A26D91AA3",
  "runtimes\\win-x64\\native\\e_sqlite3.dll": "7C0E1161A2F7F4E70812CB005F9D07C5",
  "runtimes\\win-x64\\native\\glfw3.dll": "4ABF750C9A1142257E488BB7790835E6",
  "runtimes\\win-x64\\native\\minhook.x64d.dll": "82373D1736EFD12B8E5F57AF6816B0AD",
  "runtimes\\win-x64\\native\\SDL2.dll": "719D87BEABBCAB520754B947587FA892",
  "runtimes\\win-x64\\native\\stbi.dll": "054BA89BAE78E4CDB16D78AFE49AC5A1",
  "runtimes\\win-x64\\native\\stbi.lib": "927C214DE576219E1F80DBE7798A0502",
  "runtimes\\win-x86\\native\\e_sqlite3.dll": "D4A13CE93756E857B686A2959FF3C862",
  "runtimes\\win-x86\\native\\glfw3.dll": "6EC5BDDC6A5252F8736FB5C883952511",
  "runtimes\\win-x86\\native\\SDL2.dll": "0F10593AE81CD2D3A08EB240BCF89522",
  "targets\\Dalamud.Plugin.Bootstrap.targets": "C85635161398CD9852CF7212DB7EB904",
  "targets\\Dalamud.Plugin.targets": "E2AA900DB1F6596D1C203D4112A10F5E",
  "CheapLoc.dll": "0E8F54C704A9867F6E691343102A4A2D",
  "Costura.dll": "BE561401C917904231CBE546EAA6A9D0",
  "Dalamud.Boot.dll": "5C016715453A260D71EEA4079B624D67",
  "Dalamud.Common.dll": "06100F984330CD6B2437D1A44DD1F480",
  "Dalamud.deps.json": "53BE8D00F2198DD9B3D5B4C8FBC4B098",
  "Dalamud.dll": "C395551872BC2881BC5E57ADA167DDE3",
  "Dalamud.Injector.deps.json": "C1FA0941DC8B38E415776C60C508AAB9",
  "Dalamud.Injector.dll": "1F417B3ADAF695A81094B15DE960B0B0",
  "Dalamud.Injector.exe": "52A5689CA34F197DECA82C48EC56DB8D",
  "Dalamud.Injector.runtimeconfig.json": "B9BB65FFE7924D4D8BABE9FA66303200",
  "Dalamud.Injector.xml": "D41E5DF541D19A015215E777D7395C9C",
  "Dalamud.runtimeconfig.json": "2A9CD915428BDD175E0889BD0C225F75",
  "Dalamud.xml": "78B9AA49E2EE904EF858CF3ED9E4F6C2",
  "DalamudCrashHandler.exe": "B73A7DBD333259A2D9C989A8A08C14E4",
  "FASM-LICENSE.TXT": "ECEA1D10811221D5F0A3E96F9C38E2C7",
  "FASM.DLL": "9A352632077D72AC3D070B94D28AF5E2",
  "FASMX64.DLL": "1A601DB10C4C1D38528EEBFC9E3C9D9E",
  "FFXIVClientStructs.dll": "53F3E8952473CE40A5D44E7EA9A3C101",
  "FFXIVClientStructs.xml": "39D682805E3B23E9193A8220A5DF19AE",
  "goaaats.Reloaded.Assembler.targets": "CC22CB0A353E2136EE9E6E96DB9F7164",
  "Iced.dll": "4912F9974EF0ECEE9F4ABE67C361896D",
  "ImGui.NET.dll": "AA00421A7BA0196B02420C87E2EC25CE",
  "ImGuiScene.dll": "1227160F8A8F4FE33CC98D0D1D8A5240",
  "JetBrains.Annotations.dll": "F0B581C85AF1C8AD987FF790FC9DE9A1",
  "licenses.txt": "A159BE62AA91178EFC3E3983AE874D1D",
  "Lumina.dll": "230B4D14F19262334ABA2111D99640DF",
  "Lumina.Excel.dll": "7B5C88E0EA21D3321E048F732C9A3909",
  "Microsoft.Bcl.HashCode.dll": "613AB56061ADF2284E047025207467E0",
  "Microsoft.DotNet.PlatformAbstractions.dll": "00AB0F02B1114C57C758F5AD595224F1",
  "Microsoft.Extensions.DependencyModel.dll": "F39BC76C10CFEA478C936FC4521A9FC9",
  "Microsoft.Extensions.ObjectPool.dll": "4EEE3E64BE561711391BF998FFBF65D3",
  "MinSharp.dll": "1D90224431BDADECC8827E008F16DA5A",
  "Mono.Cecil.dll": "020EFB70476468FC10798FF30AABB529",
  "Mono.Cecil.Mdb.dll": "03C2E9D4499D27CB81E95822655E1FCE",
  "Mono.Cecil.Pdb.dll": "DB7F28D05E86FEBB7249DE80E71B8E31",
  "Mono.Cecil.Rocks.dll": "7975994296BD6F5B1E36A4DCD0549B20",
  "nethost.dll": "012081214FE71F0F6ADCD9F4A71B2B00",
  "Newtonsoft.Json.dll": "86A83A63F12B55FD3718CFBFB577D7DC",
  "PeNet.Asn1.dll": "96D7C0476E0D80609018D38DA80C2AB1",
  "PeNet.dll": "D15A8C7CB787D09E0B4D42DA626C76C3",
  "PInvoke.AdvApi32.dll": "34EE461D05B403C3A15D0DEC32A3788C",
  "PInvoke.BCrypt.dll": "FD07758EE1440491F22923084109FF26",
  "PInvoke.Cabinet.dll": "333D950E3804735DA60CC41D614C63E2",
  "PInvoke.CfgMgr32.dll": "768BE7CC18EDCF78B296A72ABE891691",
  "PInvoke.Crypt32.dll": "E7B00B0851738F4A7F2C6D37DAA973B4",
  "PInvoke.DbgHelp.dll": "E701136169620D20E3A70B560DE20E44",
  "PInvoke.DwmApi.dll": "ACF223CC8962404056648815B486F7D9",
  "PInvoke.Gdi32.dll": "69FF434826F98582CE44D3136ECFFACB",
  "PInvoke.Hid.dll": "2E7A41257F8AD9B26073181F450CD8E5",
  "PInvoke.ImageHlp.dll": "79BE816E8D86EA66489D7780DD675D49",
  "PInvoke.IPHlpApi.dll": "E949FA3326D1BA8872B179AB4EE49D38",
  "PInvoke.Kernel32.dll": "234E15B122ED430DE99490CA1A204958",
  "PInvoke.Magnification.dll": "C9EA3D34F506741ECC044DB19C151F09",
  "PInvoke.Msi.dll": "69EE50CE2DA6B55755E52589F49A7EBC",
  "PInvoke.NCrypt.dll": "DA1DE76C14D99370CA3BEF19DC299B15",
  "PInvoke.NetApi32.dll": "AE79F9FA2E3864A5E0642AE4622ECDC5",
  "PInvoke.NewDev.dll": "B3E1992105D986EF9C5C8E4B630FBB07",
  "PInvoke.NTDll.dll": "3F6BDF840EB27DD0FD9EB8071822183A",
  "PInvoke.Ole32.dll": "3C49FB100B60519FFE725BCD12A538F6",
  "PInvoke.Psapi.dll": "A7683EE4B880227F01C8AE632A892B9E",
  "PInvoke.SetupApi.dll": "1B7AE321185D0081D1759A9AD829F9BA",
  "PInvoke.SHCore.dll": "F27E7F063D51480F6D2294C903E4A606",
  "PInvoke.Shell32.dll": "F71A1BCAF6478190691170DAEA77722F",
  "PInvoke.User32.dll": "8BEDE38311ED4F27127290B81B8079FD",
  "PInvoke.Userenv.dll": "FEB7BCA90B8C905EC2F4BB0789847131",
  "PInvoke.UxTheme.dll": "8E683C016250CB719FDB9AAAFC22B3C5",
  "PInvoke.Windows.Core.dll": "90015440A44935208FFEA9BF61740651",
  "PInvoke.Windows.ShellScalingApi.dll": "F351B34B8C9183A51CADFDC279357C49",
  "PInvoke.WinUsb.dll": "9EB8A0280F2848D1A32B560A939F7336",
  "PInvoke.WtsApi32.dll": "341C94455D2E5893DBE4293D4D67AA4D",
  "Reloaded.Assembler.dll": "D43AF2B14CD3AF6B9FA7800A188D1205",
  "Reloaded.Hooks.Definitions.dll": "92BA3873E56E9473DAEB6AB1E3582D3F",
  "Reloaded.Hooks.dll": "E90FDE4E7D5F174115FD7D66C615E13F",
  "Reloaded.Memory.Buffers.dll": "C190963519A53FD4171E327C382FF898",
  "Reloaded.Memory.dll": "AC8F13F046240D3457C50A1EDC7B4D63",
  "revision.txt": "1E50A717C4FEBD75E03B348B0BE851FA",
  "SDL2-CS.config": "65557595FD5DF55D93B2BF881DE62C3A",
  "SDL2-CS.dll": "916167E013FAD41052A055FEC6E7947E",
  "Serilog.dll": "4907798486D857A6F35252DD6318F3B7",
  "Serilog.Sinks.Async.dll": "1BCA4B1E46A13154ACADB34C96BED3F6",
  "Serilog.Sinks.Console.dll": "0D5C427019B331B568A3B8E4E6396B60",
  "Serilog.Sinks.File.dll": "71C5393727BFE2E21E1D19367CC08900",
  "SharpDX.Direct3D11.dll": "626BF6622FC4C5CF960B82869FC3AF3A",
  "SharpDX.dll": "D9B9A019F98E4A1E9505162A1195082F",
  "SharpDX.DXGI.dll": "7D501CF9F47CA442ECF3500896CAE9F6",
  "SharpDX.Mathematics.dll": "4182755842C65B226D5A0F675766A95D",
  "Silk.NET.Core.dll": "FA3498F8597176497687B2D3F600B5B1",
  "Silk.NET.GLFW.dll": "2F35BABAB01749F0E398A918D79A1FF6",
  "Silk.NET.Maths.dll": "A224FF58414CE9F6CAC6FF1DC21B31A0",
  "Silk.NET.OpenGL.dll": "B7C01992EA851B4781BF5553A272EB02",
  "Silk.NET.SDL.dll": "B5115EA7A6BFD7914F9724C589426503",
  "Silk.NET.Windowing.Common.dll": "3C6B211D0E1C08A890324B9C0FB216BE",
  "Silk.NET.Windowing.Glfw.dll": "E012D6F24B209A52557CD942CDA26A57",
  "Silk.NET.Windowing.Sdl.dll": "F6CCEB5257752B3716EDD4682EF48C84",
  "SQLite-net.dll": "096F8246927B63BFB0F3D8F08C046C00",
  "SQLitePCLRaw.batteries_v2.dll": "CBA5D54A98BE7B3A31968F8799A1ABB4",
  "SQLitePCLRaw.core.dll": "AE1D25F89D4C6BC7DB5E5B7B18A2DE3B",
  "SQLitePCLRaw.nativelibrary.dll": "D904860EF4C61736588140A67BA3193F",
  "SQLitePCLRaw.provider.dynamic_cdecl.dll": "9413D373D12C35365C4B538D5659D706",
  "StbiSharp.dll": "6F1677FBD5C936769AA4A8F46311215C",
  "System.Reactive.dll": "EF5A00287AD15393D41B12AA4B726FF7",
  "System.Reflection.MetadataLoadContext.dll": "7EC41D41F4E1246757BA3E2EC862D562",
  "System.Security.Cryptography.Pkcs.dll": "8950E01996A37E808BE3F39063C37BF9",
  "TEMP_gitver.txt": "A7BF2118BA96F6FC79FF3D9363C5443A",
  "TerraFX.Interop.Windows.dll": "84F7EF6B0DE91F8CC23F773D3FD6DEC0",
  "Validation.dll": "BF9E3EB0E540A621B5639E3C3BA0ABAB"
}
