{
  "runtimes\\alpine-x64\\native\\libe_sqlite3.so": "39C244FEDBCD3DFC37041D4FCE1AE21D",
  "runtimes\\linux-arm\\native\\libe_sqlite3.so": "96CF54BC0EFB83D6E3F5F3E04997A59D",
  "runtimes\\linux-arm64\\native\\libe_sqlite3.so": "F079E55E7F3F9966A4A2052A3234E068",
  "runtimes\\linux-armel\\native\\libe_sqlite3.so": "C5A67D49434FC65D64E9C15778078C76",
  "runtimes\\linux-mips64\\native\\libe_sqlite3.so": "5F8461214089CFC677D46C19B7162161",
  "runtimes\\linux-musl-x64\\native\\libe_sqlite3.so": "39C244FEDBCD3DFC37041D4FCE1AE21D",
  "runtimes\\linux-x64\\native\\libe_sqlite3.so": "6F49C540D3AB9964D67A4A704C3D262D",
  "runtimes\\linux-x64\\native\\libglfw.so.3": "9E3137144F68B9E9793F4C7AD5B1BEA7",
  "runtimes\\linux-x64\\native\\libSDL2-2.0.so": "99B95A708381FC66AB2370E45A260527",
  "runtimes\\linux-x64\\native\\libstbi.so": "0945355ED59677D06E3E88F48101BB26",
  "runtimes\\linux-x86\\native\\libe_sqlite3.so": "5E0659B414CBD6DDC38C65582485853E",
  "runtimes\\osx-x64\\native\\libe_sqlite3.dylib": "F82AE134FCD1C080A69D775591406673",
  "runtimes\\osx-x64\\native\\libglfw.3.dylib": "1E30FAB2F0C40E82290AD4B0BF14A880",
  "runtimes\\osx-x64\\native\\libSDL2-2.0.dylib": "AAC958490586C67395F0A90903AE3747",
  "runtimes\\osx-x64\\native\\libstbi.dylib": "0B84B0A6A80178266018081C3CAB68E6",
  "runtimes\\win-arm\\native\\e_sqlite3.dll": "51F22AE6FFDABD1A1F661C3F3BF36160",
  "runtimes\\win-arm64\\native\\e_sqlite3.dll": "C4BFB93C2358D046F01E9C90CA940965",
  "runtimes\\win-x64\\native\\cimgui.dll": "4EB510692E4700E271AEA2DC4C5E809E",
  "runtimes\\win-x64\\native\\cimguizmo.dll": "C36E734A67EE08C1A22A8B0B8F6D96E8",
  "runtimes\\win-x64\\native\\cimplot.dll": "986AEE9A631A61DDB71A76EDEE65DD42",
  "runtimes\\win-x64\\native\\e_sqlite3.dll": "D7FCB88ABED3EA6C0C194E53F3DF39C1",
  "runtimes\\win-x64\\native\\glfw3.dll": "96F02788FB6127F845066FAEE6ED1BAF",
  "runtimes\\win-x64\\native\\minhook.x64d.dll": "54B779916BD93344F9DFA4E1A2CF6B71",
  "runtimes\\win-x64\\native\\SDL2.dll": "D0C3F9E3ADE3E8A2FBE167755EBE5FE9",
  "runtimes\\win-x64\\native\\stbi.dll": "7205467BA64DE7379A465CCCEA95B30E",
  "runtimes\\win-x64\\native\\stbi.lib": "927C214DE576219E1F80DBE7798A0502",
  "runtimes\\win-x86\\native\\e_sqlite3.dll": "A728FDF3D2A78416048B9CAD6ED5CC24",
  "runtimes\\win-x86\\native\\glfw3.dll": "8CA2504337330C3AD0DDB99BE5F94E77",
  "runtimes\\win-x86\\native\\SDL2.dll": "21561B1F09489B057F3EB9A3D7FE4CE3",
  "targets\\Dalamud.Plugin.Bootstrap.targets": "C85635161398CD9852CF7212DB7EB904",
  "targets\\Dalamud.Plugin.targets": "DDD731601C06B16E10CF2F8990452A27",
  "BitFaster.Caching.dll": "113A9310A29EB9F13721630424A5F656",
  "CheapLoc.dll": "445380C0B30D7E4D3FD1C6DC43976B0E",
  "commit_hash.txt": "8F0A6127AC472AC820DB060A8BE6E6C6",
  "Costura.dll": "79437E55DB66429EEBFDBD511D00A459",
  "Dalamud.Boot.dll": "C91BAB0FD5517818C47DD15830447110",
  "Dalamud.Common.dll": "659AEB9F15ED1FC31B14D3E21998D894",
  "Dalamud.deps.json": "3FD71E436AE250C25CD2DD3D57967B2C",
  "Dalamud.dll": "28240C8B186AA6331AE84878082EE7DE",
  "Dalamud.Injector.deps.json": "E30B9BD40106FFC14A5274A670979EDF",
  "Dalamud.Injector.dll": "7807FFD6BFAEA6D75F61008B355377B7",
  "Dalamud.Injector.exe": "69BF81154C6458B5A6B0923A38EE8F0E",
  "Dalamud.Injector.runtimeconfig.json": "B9BB65FFE7924D4D8BABE9FA66303200",
  "Dalamud.Injector.xml": "D41E5DF541D19A015215E777D7395C9C",
  "Dalamud.runtimeconfig.json": "2A9CD915428BDD175E0889BD0C225F75",
  "Dalamud.xml": "51539211738A4F4C907C1DFEE925C99B",
  "DalamudCrashHandler.exe": "BD2C6E9C552B4C2AF85099637A7D7C21",
  "FASM-LICENSE.TXT": "ECEA1D10811221D5F0A3E96F9C38E2C7",
  "FASM.DLL": "48A6043CE2DE380EACFD066B86391D7B",
  "FASMX64.DLL": "0D0823C83FEA634F426F2EC962525753",
  "FFXIVClientStructs.dll": "49F910513E1D0F6F5FA11E667C990100",
  "FFXIVClientStructs.xml": "171F80FE8B9B818E413054A3617DD991",
  "goaaats.Reloaded.Assembler.targets": "CC22CB0A353E2136EE9E6E96DB9F7164",
  "Iced.dll": "9B7EB8C5D3DBC9F3AE948482E6EC1991",
  "ImGui.NET.dll": "CEACC706B864AD569691F30B98703EDF",
  "ImGuiScene.dll": "A2010DB289161EA27F6D3A505F6509ED",
  "InteropGenerator.Runtime.dll": "783AF064AA4AC49FE443CE28095AB535",
  "JetBrains.Annotations.dll": "7B2F68655BB27D04D848BF5358398F5E",
  "licenses.txt": "A159BE62AA91178EFC3E3983AE874D1D",
  "Lumina.dll": "F4A5FBF8380CE315AB18D3A38E6CC921",
  "Lumina.Excel.dll": "DDE723E36C0D8BA5A5C640915DA54113",
  "Microsoft.Bcl.HashCode.dll": "613AB56061ADF2284E047025207467E0",
  "Microsoft.DotNet.PlatformAbstractions.dll": "00AB0F02B1114C57C758F5AD595224F1",
  "Microsoft.Extensions.DependencyModel.dll": "F39BC76C10CFEA478C936FC4521A9FC9",
  "Microsoft.Extensions.ObjectPool.dll": "FEE3CE8A84417360CC5ED787ED6F7DB1",
  "MinSharp.dll": "401BF41F9877818B193488BA5F772B4B",
  "Mono.Cecil.dll": "0CF2866DB0CCB3301A2EFC98B9479D74",
  "Mono.Cecil.Mdb.dll": "23A8BE165D8AEE31C4489D5A3BFCC91C",
  "Mono.Cecil.Pdb.dll": "62FAAB6888A8450A32EA17E938D19713",
  "Mono.Cecil.Rocks.dll": "A2A7AE98A28A82B1BDA347F50A295F8D",
  "nethost.dll": "21F39F71E2F4B5BA9FB3F126872F2F9B",
  "Newtonsoft.Json.dll": "ADF3E3EECDE20B7C9661E9C47106A14A",
  "PeNet.Asn1.dll": "CD0646F05638E094D8D8955066CB6F28",
  "PeNet.dll": "E1CEF29CB6BDB0DCFC1BCB3C0BC941BB",
  "PInvoke.AdvApi32.dll": "34EE461D05B403C3A15D0DEC32A3788C",
  "PInvoke.BCrypt.dll": "FD07758EE1440491F22923084109FF26",
  "PInvoke.Cabinet.dll": "333D950E3804735DA60CC41D614C63E2",
  "PInvoke.CfgMgr32.dll": "768BE7CC18EDCF78B296A72ABE891691",
  "PInvoke.Crypt32.dll": "E7B00B0851738F4A7F2C6D37DAA973B4",
  "PInvoke.DbgHelp.dll": "E701136169620D20E3A70B560DE20E44",
  "PInvoke.DwmApi.dll": "ACF223CC8962404056648815B486F7D9",
  "PInvoke.Gdi32.dll": "69FF434826F98582CE44D3136ECFFACB",
  "PInvoke.Hid.dll": "2E7A41257F8AD9B26073181F450CD8E5",
  "PInvoke.ImageHlp.dll": "79BE816E8D86EA66489D7780DD675D49",
  "PInvoke.IPHlpApi.dll": "E949FA3326D1BA8872B179AB4EE49D38",
  "PInvoke.Kernel32.dll": "234E15B122ED430DE99490CA1A204958",
  "PInvoke.Magnification.dll": "C9EA3D34F506741ECC044DB19C151F09",
  "PInvoke.Msi.dll": "69EE50CE2DA6B55755E52589F49A7EBC",
  "PInvoke.NCrypt.dll": "DA1DE76C14D99370CA3BEF19DC299B15",
  "PInvoke.NetApi32.dll": "AE79F9FA2E3864A5E0642AE4622ECDC5",
  "PInvoke.NewDev.dll": "B3E1992105D986EF9C5C8E4B630FBB07",
  "PInvoke.NTDll.dll": "3F6BDF840EB27DD0FD9EB8071822183A",
  "PInvoke.Ole32.dll": "3C49FB100B60519FFE725BCD12A538F6",
  "PInvoke.Psapi.dll": "A7683EE4B880227F01C8AE632A892B9E",
  "PInvoke.SetupApi.dll": "1B7AE321185D0081D1759A9AD829F9BA",
  "PInvoke.SHCore.dll": "F27E7F063D51480F6D2294C903E4A606",
  "PInvoke.Shell32.dll": "F71A1BCAF6478190691170DAEA77722F",
  "PInvoke.User32.dll": "8BEDE38311ED4F27127290B81B8079FD",
  "PInvoke.Userenv.dll": "FEB7BCA90B8C905EC2F4BB0789847131",
  "PInvoke.UxTheme.dll": "8E683C016250CB719FDB9AAAFC22B3C5",
  "PInvoke.Windows.Core.dll": "90015440A44935208FFEA9BF61740651",
  "PInvoke.Windows.ShellScalingApi.dll": "F351B34B8C9183A51CADFDC279357C49",
  "PInvoke.WinUsb.dll": "9EB8A0280F2848D1A32B560A939F7336",
  "PInvoke.WtsApi32.dll": "341C94455D2E5893DBE4293D4D67AA4D",
  "Reloaded.Assembler.dll": "FD9D2285F1AEE47DDD54D9DF467DBF89",
  "Reloaded.Hooks.Definitions.dll": "9C563B225FB27C29F40A459CABDC5D36",
  "Reloaded.Hooks.dll": "85B51DED63D3C6C9DA9EBBA188BD0050",
  "Reloaded.Memory.Buffers.dll": "57C851E5A0483E710F0946CD1C21B0FB",
  "Reloaded.Memory.dll": "38F71522FB06BF728BCB5158DD65978B",
  "revision.txt": "B32E8760418E68F23C811A1CFD6BDA78",
  "SDL2-CS.config": "65557595FD5DF55D93B2BF881DE62C3A",
  "SDL2-CS.dll": "7DEA6400A427655012D01515E6923DC7",
  "Serilog.dll": "DF64243D760AE7084960A5D410207BAA",
  "Serilog.Sinks.Async.dll": "8A144EE8EA4DA3FCA80966690E15212F",
  "Serilog.Sinks.Console.dll": "19871323BC2DEDCF3E66ED5E2C33C015",
  "Serilog.Sinks.File.dll": "3678D915DE0ED16B3FE00A4B579EC993",
  "SharpDX.Direct3D11.dll": "D4494A6331F4D3EA06A75F754B6A39A6",
  "SharpDX.dll": "BAF23EA2AD84B9D51664A05E8E9B7D50",
  "SharpDX.DXGI.dll": "188A5B662F3B47EC77C10B5DD859517B",
  "SharpDX.Mathematics.dll": "D938B64A20DB63945B72C57C69C76E82",
  "Silk.NET.Core.dll": "42D3B758DD6C15D1BA25CE158ECD6739",
  "Silk.NET.GLFW.dll": "F9BB2F1077023C3DC39ECF365B446326",
  "Silk.NET.Maths.dll": "06B644D4B577486EDE36AA62626332EF",
  "Silk.NET.OpenGL.dll": "F2FE639FF2A45274466B7170A86E7FE9",
  "Silk.NET.SDL.dll": "AFEFEEEB15A78CE393EF07B486FAC941",
  "Silk.NET.Windowing.Common.dll": "A740FBC3A75E357E9784CCFDC930568C",
  "Silk.NET.Windowing.Glfw.dll": "707B226CFFEC68BE1B9D8285E0B7AA0D",
  "Silk.NET.Windowing.Sdl.dll": "1942A5A09F57BF57BCFBAF5E33C0E268",
  "SQLite-net.dll": "C16937A6E3914B34B1482ACC040F4CFC",
  "SQLitePCLRaw.batteries_v2.dll": "26EF121C230AADAD4BAF3432AB5874B1",
  "SQLitePCLRaw.core.dll": "DCEE7C79BE030D080E1FF132CAC73101",
  "SQLitePCLRaw.nativelibrary.dll": "DD8F8AEC794BDBA4586BB543E0DCC41D",
  "SQLitePCLRaw.provider.dynamic_cdecl.dll": "2816F9E957A9B0750CC4A18393C2403C",
  "StbiSharp.dll": "A606B49D4EE0EB2E86066FC28B2B9286",
  "System.Reactive.dll": "EF5A00287AD15393D41B12AA4B726FF7",
  "System.Reflection.MetadataLoadContext.dll": "E88E3AF6D37736F339022C9ACC5F2F7B",
  "System.Security.Cryptography.Pkcs.dll": "8950E01996A37E808BE3F39063C37BF9",
  "TEMP_gitver.txt": "136AE34D5C6873F15DC2BE21B40A8EBE",
  "TerraFX.Interop.Windows.dll": "84F7EF6B0DE91F8CC23F773D3FD6DEC0",
  "Validation.dll": "5DE70107E8961956A516E1A4730A1E31"
}
