{
  "cs\\Microsoft.VisualStudio.Threading.resources.dll": "59CC07A0788ED5D2D7B1EC4C24692B5E",
  "cs\\Microsoft.VisualStudio.Validation.resources.dll": "6D64EB21E28D7DA0951CCB11D5A111DB",
  "cs\\StreamJsonRpc.resources.dll": "187B9DF9156C8ECA5FFC2D8DFC0D0AEB",
  "de\\Microsoft.VisualStudio.Threading.resources.dll": "E8F71F6E86250EE8F040884F21901A84",
  "de\\Microsoft.VisualStudio.Validation.resources.dll": "6BDBEB8494C6DF5EE482065A9D7F0B1E",
  "de\\StreamJsonRpc.resources.dll": "18A2EE45995D18CB97504B89E1D8EA84",
  "es\\Microsoft.VisualStudio.Threading.resources.dll": "C91684BC69AC34D7C4761C769C4613CE",
  "es\\Microsoft.VisualStudio.Validation.resources.dll": "0F92DD2019CF7222118E8B5D9409A328",
  "es\\StreamJsonRpc.resources.dll": "1426AE60A50C341884A93E75FDCB8F15",
  "fr\\Microsoft.VisualStudio.Threading.resources.dll": "8DF66006C30B545517609BC994A333BF",
  "fr\\Microsoft.VisualStudio.Validation.resources.dll": "1299DF7F85B8ABCC8205E7F968E64DE5",
  "fr\\StreamJsonRpc.resources.dll": "E0EF73E9AC6F5AC89FEFA3E4442FA526",
  "it\\Microsoft.VisualStudio.Threading.resources.dll": "ACB2901AD3BA29250398D7F7C7F06472",
  "it\\Microsoft.VisualStudio.Validation.resources.dll": "E96AFCAC956DE57A60CF403431A06B9F",
  "it\\StreamJsonRpc.resources.dll": "AF93C232BE3DE144BDBA9D47B0CF1FBA",
  "ja\\Microsoft.VisualStudio.Threading.resources.dll": "57953EF05139ABD830A160D29D477AE7",
  "ja\\Microsoft.VisualStudio.Validation.resources.dll": "37C3387A524C942BC21029A532E0FA88",
  "ja\\StreamJsonRpc.resources.dll": "71C0BF4563B000F7F6FD977A56646389",
  "ko\\Microsoft.VisualStudio.Threading.resources.dll": "4E69F9315A2BE37081E916836BD2865B",
  "ko\\Microsoft.VisualStudio.Validation.resources.dll": "F7519010D92C7E3BF6DD25032575FD3D",
  "ko\\StreamJsonRpc.resources.dll": "0462338CED7D90B6A89AA6C5C0B553ED",
  "pl\\Microsoft.VisualStudio.Threading.resources.dll": "E957E9AD4D62A6EDE5DEDB85DCB66BE0",
  "pl\\Microsoft.VisualStudio.Validation.resources.dll": "157FEA4FF784A1A3C450AAEAFC808171",
  "pl\\StreamJsonRpc.resources.dll": "A386D42B9AC0F3349E75FA0711BF6125",
  "pt-BR\\Microsoft.VisualStudio.Threading.resources.dll": "D0E584DCA9CFC97B49480B5326D1BE85",
  "pt-BR\\Microsoft.VisualStudio.Validation.resources.dll": "F1D96FD5909173972C661A1D8FE629DB",
  "pt-BR\\StreamJsonRpc.resources.dll": "7FF82CEBA9C3AFD947DC59A5FE132C78",
  "ru\\Microsoft.VisualStudio.Threading.resources.dll": "53F0D3DFF78ACA534A9F06C3E435BCDE",
  "ru\\Microsoft.VisualStudio.Validation.resources.dll": "DA5D932621691D0A43F9C41589BEA612",
  "ru\\StreamJsonRpc.resources.dll": "2BE00971D9A6088B5EC340B210503234",
  "runtimes\\alpine-arm\\native\\libe_sqlite3.so": "87AF85204A246154501382901F3F6812",
  "runtimes\\alpine-arm64\\native\\libe_sqlite3.so": "CD4B9AAB53400EFE96ABC32B339A866A",
  "runtimes\\alpine-x64\\native\\libe_sqlite3.so": "6C9D6E34F1E932668237404D6EB6FC66",
  "runtimes\\browser-wasm\\nativeassets\\net7.0\\e_sqlite3.a": "E25518AC5EAD5E787448F3258236888E",
  "runtimes\\linux-arm\\native\\libe_sqlite3.so": "B8DA0DB6A447B5CCE98207F6A250FB84",
  "runtimes\\linux-arm64\\native\\libe_sqlite3.so": "A888898B38395A15F2DE200BAA8B486F",
  "runtimes\\linux-armel\\native\\libe_sqlite3.so": "54F3F4183B81387F7928ED0BB9B67B32",
  "runtimes\\linux-mips64\\native\\libe_sqlite3.so": "D56886A2E2F081CDEA1621BB18132764",
  "runtimes\\linux-musl-arm\\native\\libe_sqlite3.so": "87AF85204A246154501382901F3F6812",
  "runtimes\\linux-musl-arm64\\native\\libe_sqlite3.so": "CD4B9AAB53400EFE96ABC32B339A866A",
  "runtimes\\linux-musl-x64\\native\\libe_sqlite3.so": "6C9D6E34F1E932668237404D6EB6FC66",
  "runtimes\\linux-s390x\\native\\libe_sqlite3.so": "CB751CC76F280849C0E2F718D6784E69",
  "runtimes\\linux-x64\\native\\libe_sqlite3.so": "30098E7FAEB947BF5A5AE2FDB34E4461",
  "runtimes\\linux-x86\\native\\libe_sqlite3.so": "68872BD5071077981504636C2353EAA8",
  "runtimes\\maccatalyst-arm64\\native\\libe_sqlite3.dylib": "B2597C8799A6D21E5B98DB28C9C725FD",
  "runtimes\\maccatalyst-x64\\native\\libe_sqlite3.dylib": "19DCF2A64A7B5D1B8C7705AC809653A5",
  "runtimes\\osx-arm64\\native\\libe_sqlite3.dylib": "FB6D0058E0E849FA8715911B49790350",
  "runtimes\\osx-x64\\native\\libe_sqlite3.dylib": "DE5735102E730C1518C029DB3A0040A9",
  "runtimes\\win-arm\\native\\e_sqlite3.dll": "1FE150806847526A87B40AD0EFFE4980",
  "runtimes\\win-arm64\\native\\e_sqlite3.dll": "041CB47EC1827FE17554F913FE505C03",
  "runtimes\\win-x64\\native\\e_sqlite3.dll": "FCF575FF66E728962EAFAF0654A73B82",
  "runtimes\\win-x64\\native\\minhook.x64d.dll": "5710C9B2B0FC41321F3E38B59E83BF65",
  "runtimes\\win-x86\\native\\e_sqlite3.dll": "B43D0557E8087B107F6A521D678A8DF8",
  "tr\\Microsoft.VisualStudio.Threading.resources.dll": "538FE3DA0C0527DC98456020A4351A85",
  "tr\\Microsoft.VisualStudio.Validation.resources.dll": "7C15CA39FCA7DF71D62C46E6F03389EF",
  "tr\\StreamJsonRpc.resources.dll": "E2AD6BCEBF0533F4D421EE83B42795C1",
  "zh-Hans\\Microsoft.VisualStudio.Threading.resources.dll": "4263966625E34972E95A9C1A2A0C61E8",
  "zh-Hans\\Microsoft.VisualStudio.Validation.resources.dll": "EB7953D05EF1CE51E790708D42EE5D18",
  "zh-Hans\\StreamJsonRpc.resources.dll": "FF596CD821202672B86089A5AB619C71",
  "zh-Hant\\Microsoft.VisualStudio.Threading.resources.dll": "4B693EDFE83A99478E1041AA17FFC35A",
  "zh-Hant\\Microsoft.VisualStudio.Validation.resources.dll": "8EF011A0285333D0EEFE22D5AA7A1702",
  "zh-Hant\\StreamJsonRpc.resources.dll": "BBF8E9013F9B1244348840EAA9CAF9B0",
  "BCnEncoder.dll": "1769E33D7CBE7A33CF0CA5D54F0C41DA",
  "BitFaster.Caching.dll": "83AAC51ABE413D36AF076FBFAB671912",
  "CheapLoc.dll": "F56ED38A9733A67106DD0547F3E443C5",
  "cimgui.dll": "A64899457A18C40F55066044E0CAFE65",
  "cimguizmo.dll": "D3708C55465EF6B0AAE9CDC3C6E3A713",
  "cimplot.dll": "1C597312BCA2F82C7B550A36AE1427DB",
  "commit_hash.txt": "B3AAC161AF3D52BBFC2093C13C88F93E",
  "CommunityToolkit.HighPerformance.dll": "66B64EC334625F2C5D341A45E28EEB43",
  "Dalamud.Bindings.ImGui.dll": "7EB54F952265196EFEDEA1F9F07CCD2E",
  "Dalamud.Bindings.ImGuizmo.dll": "4F22CA3C007E3A2F8B999456415088A9",
  "Dalamud.Bindings.ImPlot.dll": "61667B9BFDD48755AB0D3AFFB18DC650",
  "Dalamud.Boot.dll": "10973D471E69E295AB9DDB75BE0E6343",
  "Dalamud.Common.dll": "F02E778E92427AA14CE0C025F2C56907",
  "Dalamud.deps.json": "FE9AD363E198DDDE03B7F8A369928331",
  "Dalamud.dll": "42DBE1BAA19693815CDF9E062C44DB01",
  "Dalamud.Injector.deps.json": "28C3C412E18C8E21BCEC052CCAF9CE11",
  "Dalamud.Injector.dll": "92D4ECD1D1FCD24DE4499A4DA9DE9FF2",
  "Dalamud.Injector.exe": "E9AD07F06A7CB8E7F024D555B750AE28",
  "Dalamud.Injector.runtimeconfig.json": "481C4D4F6151485203242D25F632FCC5",
  "Dalamud.Injector.xml": "573870DEB8A9854EC20203EDE9D78425",
  "Dalamud.runtimeconfig.json": "9DB7F0D7C94CA1AA6CA3ACFA6F93A1D8",
  "Dalamud.xml": "25AEA94F4E6AD4F41102430DBA2A6929",
  "DalamudCrashHandler.exe": "3886509410AE87965A0FFB5FAC8650F4",
  "FASM-LICENSE.TXT": "ECEA1D10811221D5F0A3E96F9C38E2C7",
  "FASM.DLL": "6F657C1FCDB7E740BE60E3CC1CF537C2",
  "FASMX64.DLL": "6EAFF31E3C8BE15141C140C61C20144B",
  "FFXIVClientStructs.dll": "F029EDF38780EEA0DD355DD823560B28",
  "FFXIVClientStructs.xml": "5ADA0E5748B464B50B648130811FEEC0",
  "goatcorp.Reloaded.Assembler.dll": "5F96016E27C0BE75EB5D0017C38BCA77",
  "goatcorp.Reloaded.Assembler.targets": "CC22CB0A353E2136EE9E6E96DB9F7164",
  "goatcorp.Reloaded.Hooks.dll": "5834FA290B87334A49F8EEAA345D094A",
  "goatcorp.Reloaded.Memory.Buffers.dll": "F1E58FD0832DAFE63C37B0FA8A8F6E78",
  "HexaGen.Runtime.dll": "D3A8BC545FF440A269CFFC328FC94329",
  "Iced.dll": "0DD5A1B9BB923C57A59ACABB2F22006A",
  "ImGuiScene.dll": "D06914002D292BFF90FA04FCBB61AC17",
  "InteropGenerator.Runtime.dll": "E98FCE72A7C4CF122E4FB7842AD9E9E3",
  "JetBrains.Annotations.dll": "D334483DFBCF8BE6062277E1FB3B94F3",
  "licenses.txt": "A159BE62AA91178EFC3E3983AE874D1D",
  "Lumina.dll": "C5953F435D954E521993AB81CAA4F9E8",
  "Lumina.Excel.dll": "2EF8CF493472582D65023D1ABAE25CE3",
  "Lumina.Excel.xml": "8C361FFD52612B54A308E043847D6823",
  "MessagePack.Annotations.dll": "464C9A8F3EF9AA91FBF0CA84A4DAD576",
  "MessagePack.dll": "4722DF8269FF35A3C128D1F96C1E54D2",
  "Microsoft.Extensions.ObjectPool.dll": "CB2B8426DF93B062B631BC85B3369BED",
  "Microsoft.NET.StringTools.dll": "88B3B9B25E54FF438D2F4F1609B726A4",
  "Microsoft.VisualStudio.Threading.dll": "EF2AC53B930F5ED16DA3B4CFB1033813",
  "Microsoft.VisualStudio.Validation.dll": "0B1D5949C6944383B1EE896C5E13D08B",
  "MinSharp.dll": "380871C21CA5314C7D9BEC085000957C",
  "Mono.Cecil.dll": "E2E3E9F7E4557F4826FD9A42E2D5AF25",
  "Mono.Cecil.Mdb.dll": "7C5C53A2EA85C9E37EBD7CF662D13577",
  "Mono.Cecil.Pdb.dll": "A528DE5D969320B12EB067FFD9EB4122",
  "Mono.Cecil.Rocks.dll": "8E22F2FB2130995394BA01A875EA0B00",
  "Nerdbank.Streams.dll": "539451E456062345AF25E7E17335299B",
  "nethost.dll": "21F39F71E2F4B5BA9FB3F126872F2F9B",
  "Newtonsoft.Json.dll": "C252FE44B67A08E6DAB4EADE3764DB49",
  "PeNet.Asn1.dll": "BE5A845CC56A2A15E8E8116F3CCF1FD7",
  "PeNet.dll": "F40E9067CCCCF282CD4FA72159FE3738",
  "Reloaded.Hooks.Definitions.dll": "77055A05BE75AF42F531C972DBEACD9E",
  "Reloaded.Memory.Buffers.dll": "9848BF00B9E08EE6DA85C0288A3052C4",
  "Reloaded.Memory.dll": "AB85D5A52E10468A930D65E95F1EBCC4",
  "revision.txt": "816A6DB41F0E44644BC65808B6DB5CA4",
  "Serilog.dll": "994BCDBE2112F7D0DEAAA969A45D2568",
  "Serilog.Sinks.Async.dll": "6BD248ADF0343EF7C89EE4309E8F3801",
  "Serilog.Sinks.Console.dll": "65856907CDDE11C341B36218C5F4CF3C",
  "Serilog.Sinks.File.dll": "1BB67F6A31A530C27D381E612333C8FB",
  "SQLite-net.dll": "C4FA3986EEB85DD542267C69B3C25580",
  "SQLitePCLRaw.batteries_v2.dll": "29F89F7B1F65015D338F1BC70365194D",
  "SQLitePCLRaw.core.dll": "A39CABA01F96CD63941941069E6F5902",
  "SQLitePCLRaw.provider.e_sqlite3.dll": "860B66CB56B996B69715F306A3FB4670",
  "StreamJsonRpc.dll": "6157633EE85D57CFF6772C1526F2D352",
  "System.Reactive.dll": "C6016588304D55406E3D1C2FA7D42903",
  "System.Reflection.MetadataLoadContext.dll": "284C720DEE2524BCF10DD1B5648AA303",
  "System.Security.Cryptography.Pkcs.dll": "17945B2BF07D9377E36AD3EBE69FF693",
  "TEMP_gitver.txt": "4A1F5C319FE887278E31C3DBE2AE34F3",
  "TerraFX.Interop.Windows.dll": "C75D06E77DE5A095D45676A81CDE0DC9"
}
