{
  "runtimes\\alpine-x64\\native\\libe_sqlite3.so": "39C244FEDBCD3DFC37041D4FCE1AE21D",
  "runtimes\\linux-arm\\native\\libe_sqlite3.so": "96CF54BC0EFB83D6E3F5F3E04997A59D",
  "runtimes\\linux-arm64\\native\\libe_sqlite3.so": "F079E55E7F3F9966A4A2052A3234E068",
  "runtimes\\linux-armel\\native\\libe_sqlite3.so": "C5A67D49434FC65D64E9C15778078C76",
  "runtimes\\linux-mips64\\native\\libe_sqlite3.so": "5F8461214089CFC677D46C19B7162161",
  "runtimes\\linux-musl-x64\\native\\libe_sqlite3.so": "39C244FEDBCD3DFC37041D4FCE1AE21D",
  "runtimes\\linux-x64\\native\\libe_sqlite3.so": "6F49C540D3AB9964D67A4A704C3D262D",
  "runtimes\\linux-x64\\native\\libglfw.so.3": "9E3137144F68B9E9793F4C7AD5B1BEA7",
  "runtimes\\linux-x64\\native\\libSDL2-2.0.so": "99B95A708381FC66AB2370E45A260527",
  "runtimes\\linux-x64\\native\\libstbi.so": "0945355ED59677D06E3E88F48101BB26",
  "runtimes\\linux-x86\\native\\libe_sqlite3.so": "5E0659B414CBD6DDC38C65582485853E",
  "runtimes\\osx-x64\\native\\libe_sqlite3.dylib": "F82AE134FCD1C080A69D775591406673",
  "runtimes\\osx-x64\\native\\libglfw.3.dylib": "1E30FAB2F0C40E82290AD4B0BF14A880",
  "runtimes\\osx-x64\\native\\libSDL2-2.0.dylib": "AAC958490586C67395F0A90903AE3747",
  "runtimes\\osx-x64\\native\\libstbi.dylib": "0B84B0A6A80178266018081C3CAB68E6",
  "runtimes\\win-arm\\native\\e_sqlite3.dll": "359E52B5F6A25F45EDFC3A1FC1DB20B7",
  "runtimes\\win-arm64\\native\\e_sqlite3.dll": "7DE1491DBE4AA55AC9750E4CF8C826EA",
  "runtimes\\win-x64\\native\\cimgui.dll": "7E5740A898AE32B956D8CA5A30FBF871",
  "runtimes\\win-x64\\native\\cimguizmo.dll": "B0D54F12260A950C83BBA805A2119D35",
  "runtimes\\win-x64\\native\\cimplot.dll": "AF616A994C7F0BA39051E60C12A7BBB9",
  "runtimes\\win-x64\\native\\e_sqlite3.dll": "0480CA5DBFEB853962A2B5CB546FCF39",
  "runtimes\\win-x64\\native\\glfw3.dll": "0F3EA3552CE7E9000CA500B5677248CF",
  "runtimes\\win-x64\\native\\minhook.x64d.dll": "9D7BBC3577BF09AA401C30F1E6C284BA",
  "runtimes\\win-x64\\native\\SDL2.dll": "D1D43D46E53CE944592240873C4B558C",
  "runtimes\\win-x64\\native\\stbi.dll": "74E355D873A417088F13E208F94861C9",
  "runtimes\\win-x64\\native\\stbi.lib": "927C214DE576219E1F80DBE7798A0502",
  "runtimes\\win-x86\\native\\e_sqlite3.dll": "E1358983D67147694009C670154AD67A",
  "runtimes\\win-x86\\native\\glfw3.dll": "7E67351558D5EDA2E6496E450D51E7A2",
  "runtimes\\win-x86\\native\\SDL2.dll": "DB6D75633B3DF677B2BF8D3B37135C41",
  "targets\\Dalamud.Plugin.Bootstrap.targets": "C85635161398CD9852CF7212DB7EB904",
  "targets\\Dalamud.Plugin.targets": "11001C983157350F50D99F1A827999B5",
  "CheapLoc.dll": "0E93E2D3EC47CF4286E81020BD91FB9D",
  "Costura.dll": "58F6153E23B9D82DBC2BC87FC74AE38A",
  "Dalamud.Boot.dll": "78B8CBE6377BD79EA17981523536D3F1",
  "Dalamud.Common.dll": "1EB982C6F02B303BEFD03FE84295C7EB",
  "Dalamud.deps.json": "65483AB5FFA2F6F8EADDB8A021E27CD4",
  "Dalamud.dll": "5AFE4ECAB0AD1DBAC2FFD22F314B0648",
  "Dalamud.Injector.deps.json": "4E53ABE9A5D3E4592DA63EBF98DAAD86",
  "Dalamud.Injector.dll": "326FF9797CE3F7BFCB662F75CB63F9B5",
  "Dalamud.Injector.exe": "7246E645AAB3F9F278584A4DF318BA95",
  "Dalamud.Injector.runtimeconfig.json": "AAAFA957BB3B382321D67ACC2D792553",
  "Dalamud.Injector.xml": "6CFC451561E67CE7788814C5B327D7EC",
  "Dalamud.runtimeconfig.json": "454E2BA21742B08CF0A9827950A92B0F",
  "Dalamud.xml": "406664C9244532600663FDEF9591AD32",
  "DalamudCrashHandler.exe": "62C8F511046E4A15D5ECCCF9DDF4DA16",
  "FASM-LICENSE.TXT": "ECEA1D10811221D5F0A3E96F9C38E2C7",
  "FASM.DLL": "2DB066023C6609C78A446018EE8948F7",
  "FASMX64.DLL": "D34A6FA93A3A4CCA6C0761AAC508891E",
  "FFXIVClientStructs.dll": "6059E9DC0805F1AA07EEC5EB16B65C4A",
  "FFXIVClientStructs.xml": "3387ACE20BB2A8EBC84E4B596BCFEE64",
  "goaaats.Reloaded.Assembler.targets": "CC22CB0A353E2136EE9E6E96DB9F7164",
  "Iced.dll": "94C7D9B1E91F1A8D065212C5803D75CA",
  "ImGui.NET.dll": "1F898C6209EEF7AA10A205DDFB054A51",
  "ImGuiScene.dll": "6C0F6F1F1E7166E5CF7A3D3978E9B317",
  "JetBrains.Annotations.dll": "23A661823600EFBAD0315B942D29E1F2",
  "licenses.txt": "A159BE62AA91178EFC3E3983AE874D1D",
  "Lumina.dll": "21D620BC912678753F94B79260051213",
  "Lumina.Excel.dll": "BB6B7D6F82D49A4F09F7FCAA66C2630F",
  "Microsoft.Bcl.HashCode.dll": "613AB56061ADF2284E047025207467E0",
  "Microsoft.DotNet.PlatformAbstractions.dll": "00AB0F02B1114C57C758F5AD595224F1",
  "Microsoft.Extensions.DependencyModel.dll": "F39BC76C10CFEA478C936FC4521A9FC9",
  "MinSharp.dll": "22E8F47E70D3FF4F599376DE3F7EC603",
  "Mono.Cecil.dll": "DA538A19A2C4CB686E2C828261AAFB6D",
  "Mono.Cecil.Mdb.dll": "545122A9A3B73774EB49045BA7A5E107",
  "Mono.Cecil.Pdb.dll": "399031888416DDD6D432B0D01AF62845",
  "Mono.Cecil.Rocks.dll": "60B0BB5F3756FDEAD8977C90F1E25D37",
  "MonoMod.Backports.dll": "2D927E098075C974D40EF325CCCA422A",
  "MonoMod.Core.dll": "0EFE941AA4E62E852F88C4ECC707EA41",
  "MonoMod.Iced.dll": "388B10968ABB2C066EB35538D900E199",
  "MonoMod.ILHelpers.dll": "4BE50F118F02B51D4281C4F09B8EC97B",
  "MonoMod.RuntimeDetour.dll": "81559AC6AB0B0B4B295CF60A224EE0CD",
  "MonoMod.Utils.dll": "6B34B1620EF1557DEA6048547F437636",
  "nethost.dll": "012081214FE71F0F6ADCD9F4A71B2B00",
  "Newtonsoft.Json.dll": "86A83A63F12B55FD3718CFBFB577D7DC",
  "PeNet.Asn1.dll": "3CB79ED00A2F409A2F6820738E76429E",
  "PeNet.dll": "B2D1BAA15358819148819E8DF36FBCDF",
  "PInvoke.AdvApi32.dll": "34EE461D05B403C3A15D0DEC32A3788C",
  "PInvoke.BCrypt.dll": "FD07758EE1440491F22923084109FF26",
  "PInvoke.Cabinet.dll": "333D950E3804735DA60CC41D614C63E2",
  "PInvoke.CfgMgr32.dll": "768BE7CC18EDCF78B296A72ABE891691",
  "PInvoke.Crypt32.dll": "E7B00B0851738F4A7F2C6D37DAA973B4",
  "PInvoke.DbgHelp.dll": "E701136169620D20E3A70B560DE20E44",
  "PInvoke.DwmApi.dll": "ACF223CC8962404056648815B486F7D9",
  "PInvoke.Gdi32.dll": "69FF434826F98582CE44D3136ECFFACB",
  "PInvoke.Hid.dll": "2E7A41257F8AD9B26073181F450CD8E5",
  "PInvoke.ImageHlp.dll": "79BE816E8D86EA66489D7780DD675D49",
  "PInvoke.IPHlpApi.dll": "E949FA3326D1BA8872B179AB4EE49D38",
  "PInvoke.Kernel32.dll": "234E15B122ED430DE99490CA1A204958",
  "PInvoke.Magnification.dll": "C9EA3D34F506741ECC044DB19C151F09",
  "PInvoke.Msi.dll": "69EE50CE2DA6B55755E52589F49A7EBC",
  "PInvoke.NCrypt.dll": "DA1DE76C14D99370CA3BEF19DC299B15",
  "PInvoke.NetApi32.dll": "AE79F9FA2E3864A5E0642AE4622ECDC5",
  "PInvoke.NewDev.dll": "B3E1992105D986EF9C5C8E4B630FBB07",
  "PInvoke.NTDll.dll": "3F6BDF840EB27DD0FD9EB8071822183A",
  "PInvoke.Ole32.dll": "3C49FB100B60519FFE725BCD12A538F6",
  "PInvoke.Psapi.dll": "A7683EE4B880227F01C8AE632A892B9E",
  "PInvoke.SetupApi.dll": "1B7AE321185D0081D1759A9AD829F9BA",
  "PInvoke.SHCore.dll": "F27E7F063D51480F6D2294C903E4A606",
  "PInvoke.Shell32.dll": "F71A1BCAF6478190691170DAEA77722F",
  "PInvoke.User32.dll": "8BEDE38311ED4F27127290B81B8079FD",
  "PInvoke.Userenv.dll": "FEB7BCA90B8C905EC2F4BB0789847131",
  "PInvoke.UxTheme.dll": "8E683C016250CB719FDB9AAAFC22B3C5",
  "PInvoke.Windows.Core.dll": "90015440A44935208FFEA9BF61740651",
  "PInvoke.Windows.ShellScalingApi.dll": "F351B34B8C9183A51CADFDC279357C49",
  "PInvoke.WinUsb.dll": "9EB8A0280F2848D1A32B560A939F7336",
  "PInvoke.WtsApi32.dll": "341C94455D2E5893DBE4293D4D67AA4D",
  "Reloaded.Assembler.dll": "730A1CB57B5393F4E4E9CE2EFF448E6F",
  "Reloaded.Hooks.Definitions.dll": "3D91B281AE6164BB0554E916D1C1B92E",
  "Reloaded.Hooks.dll": "603F681D249ADFA4739556C0AF5B3D9F",
  "Reloaded.Memory.Buffers.dll": "63792ADF95B852C495DDC63EBCCD0D6A",
  "Reloaded.Memory.dll": "9CC1E2131BB03AE26144848905898F1D",
  "revision.txt": "4BB948D5B21472509627F7F4C2A44784",
  "SDL2-CS.config": "65557595FD5DF55D93B2BF881DE62C3A",
  "SDL2-CS.dll": "170BE31F7D932F6C01A23FE873186656",
  "Serilog.dll": "D9150995DDEAFC1CFD8D02CC4B3A2330",
  "Serilog.Sinks.Async.dll": "8CD3F725605EE702D6FC24E7B56A1D0A",
  "Serilog.Sinks.Console.dll": "0088514D6595A2CFF89D8CF4AC3DDE69",
  "Serilog.Sinks.File.dll": "FB9B60D4BD84B64ED243442DF3E772B6",
  "SharpDX.Direct3D11.dll": "88A7E3412685F96F7F99D5605DCDA5D0",
  "SharpDX.dll": "F131E383426904ABA130A32904E6AF70",
  "SharpDX.DXGI.dll": "1A9B7185AC117E64027CCED771A29927",
  "SharpDX.Mathematics.dll": "9DCE27F18A800350B2E4C47B7A4AEB9E",
  "Silk.NET.Core.dll": "1FC74D879B5838DE3875C849B14B06A6",
  "Silk.NET.GLFW.dll": "964B8AF8AE655ACD5DB5FFF1E3C4B632",
  "Silk.NET.Maths.dll": "8681CCDCDE65E39C69B373102C282EFD",
  "Silk.NET.OpenGL.dll": "9EF14781C66B2D9C2653661CB49095A7",
  "Silk.NET.SDL.dll": "EC02490D3B4FBDB40070927A7E5F13D7",
  "Silk.NET.Windowing.Common.dll": "0CEA15E8DB2141246234DB36CDD271BD",
  "Silk.NET.Windowing.Glfw.dll": "2C34876CA084740C0B5267D9CCE18E73",
  "Silk.NET.Windowing.Sdl.dll": "A553BF04F6D8352D9F370E5B3CEF1514",
  "SQLite-net.dll": "DE650D53C54B80B7DEC422A098DAF7E0",
  "SQLitePCLRaw.batteries_v2.dll": "C2C3073AC50B139B3753944675B2436A",
  "SQLitePCLRaw.core.dll": "01C82F7986F3603D3630F584BA6B8CB6",
  "SQLitePCLRaw.nativelibrary.dll": "A04FC82F01E7445B049607CCD74FA5E7",
  "SQLitePCLRaw.provider.dynamic_cdecl.dll": "B1291F6F7E996EB379C9A760644298DE",
  "StbiSharp.dll": "223847DBC13C9A491E3EC84A6470C1E7",
  "System.Reactive.dll": "EF5A00287AD15393D41B12AA4B726FF7",
  "System.Reflection.MetadataLoadContext.dll": "7EC41D41F4E1246757BA3E2EC862D562",
  "System.Security.Cryptography.Pkcs.dll": "8950E01996A37E808BE3F39063C37BF9",
  "TEMP_gitver.txt": "6C5FAC4540C886B385232323D0095F58",
  "Validation.dll": "AE20331EF6E5775DB276D5E0EAC2B01A"
}
