{
  "runtimes\\alpine-arm\\native\\libe_sqlite3.so": "87AF85204A246154501382901F3F6812",
  "runtimes\\alpine-arm64\\native\\libe_sqlite3.so": "CD4B9AAB53400EFE96ABC32B339A866A",
  "runtimes\\alpine-x64\\native\\libe_sqlite3.so": "6C9D6E34F1E932668237404D6EB6FC66",
  "runtimes\\browser-wasm\\nativeassets\\net7.0\\e_sqlite3.a": "E25518AC5EAD5E787448F3258236888E",
  "runtimes\\linux-arm\\native\\libe_sqlite3.so": "B8DA0DB6A447B5CCE98207F6A250FB84",
  "runtimes\\linux-arm64\\native\\libe_sqlite3.so": "A888898B38395A15F2DE200BAA8B486F",
  "runtimes\\linux-armel\\native\\libe_sqlite3.so": "54F3F4183B81387F7928ED0BB9B67B32",
  "runtimes\\linux-mips64\\native\\libe_sqlite3.so": "D56886A2E2F081CDEA1621BB18132764",
  "runtimes\\linux-musl-arm\\native\\libe_sqlite3.so": "87AF85204A246154501382901F3F6812",
  "runtimes\\linux-musl-arm64\\native\\libe_sqlite3.so": "CD4B9AAB53400EFE96ABC32B339A866A",
  "runtimes\\linux-musl-x64\\native\\libe_sqlite3.so": "6C9D6E34F1E932668237404D6EB6FC66",
  "runtimes\\linux-s390x\\native\\libe_sqlite3.so": "CB751CC76F280849C0E2F718D6784E69",
  "runtimes\\linux-x64\\native\\libe_sqlite3.so": "30098E7FAEB947BF5A5AE2FDB34E4461",
  "runtimes\\linux-x86\\native\\libe_sqlite3.so": "68872BD5071077981504636C2353EAA8",
  "runtimes\\maccatalyst-arm64\\native\\libe_sqlite3.dylib": "B2597C8799A6D21E5B98DB28C9C725FD",
  "runtimes\\maccatalyst-x64\\native\\libe_sqlite3.dylib": "19DCF2A64A7B5D1B8C7705AC809653A5",
  "runtimes\\osx-arm64\\native\\libe_sqlite3.dylib": "FB6D0058E0E849FA8715911B49790350",
  "runtimes\\osx-x64\\native\\libe_sqlite3.dylib": "DE5735102E730C1518C029DB3A0040A9",
  "runtimes\\win-arm\\native\\e_sqlite3.dll": "425D9D662A041F924DCD831C3257705A",
  "runtimes\\win-arm64\\native\\e_sqlite3.dll": "78EB5845A97A9310E9C63648620571CF",
  "runtimes\\win-x64\\native\\e_sqlite3.dll": "8441EBD746F668DDA2BF32D84B6736BD",
  "runtimes\\win-x64\\native\\minhook.x64d.dll": "4FDC61ACE1FA25CF22519DB1FCB36A61",
  "runtimes\\win-x86\\native\\e_sqlite3.dll": "3D3271F2FB148450B0C9022A8EA64357",
  "BCnEncoder.dll": "85779ED140A5717E28ECFD2F9CD28DF0",
  "BitFaster.Caching.dll": "A8C9DE185A134E98BCD00329450378AE",
  "CheapLoc.dll": "783F50D74A39DA69530538D349893F57",
  "cimgui.dll": "6A1BC3C3B193EDC49E22D2FA65834F01",
  "cimguizmo.dll": "949C858A070DEEE0D35775AC82F0BC9D",
  "cimplot.dll": "DCB7332AD1ECA2143940D30D2E7D9F60",
  "commit_hash.txt": "534FC2599F94B99F007CB5BFA354626D",
  "CommunityToolkit.HighPerformance.dll": "66B64EC334625F2C5D341A45E28EEB43",
  "Dalamud.Bindings.ImGui.dll": "D23AE9302732D94DC6F12760E85C1245",
  "Dalamud.Bindings.ImGuizmo.dll": "59699709FF280CD7EBB415AA89217190",
  "Dalamud.Bindings.ImPlot.dll": "502453DE545D09B6D4A2EC56C92514B7",
  "Dalamud.Boot.dll": "83744189DE06DCE7EE435D1F74D4C235",
  "Dalamud.Common.dll": "4B35BF6F097253960662E6DA6D4B049B",
  "Dalamud.deps.json": "CACA03D3A2830CEE745D2CE7A2F3FE4F",
  "Dalamud.dll": "1200F90A46B48CDE364A64676F95C9CE",
  "Dalamud.Injector.deps.json": "28C3C412E18C8E21BCEC052CCAF9CE11",
  "Dalamud.Injector.dll": "B5D1E493DA6B741B1EDD51AB47A79B98",
  "Dalamud.Injector.exe": "ADCDDC6BB43588C426AE20FC4916DD64",
  "Dalamud.Injector.runtimeconfig.json": "481C4D4F6151485203242D25F632FCC5",
  "Dalamud.Injector.xml": "573870DEB8A9854EC20203EDE9D78425",
  "Dalamud.runtimeconfig.json": "9DB7F0D7C94CA1AA6CA3ACFA6F93A1D8",
  "Dalamud.xml": "DFAA841D9F8F1288EE2AD761F2043A31",
  "DalamudCrashHandler.exe": "A89195865B2EF10BCDCE45DB4ED848C1",
  "FASM-LICENSE.TXT": "ECEA1D10811221D5F0A3E96F9C38E2C7",
  "FASM.DLL": "C61BAB771DDF112EE88F3121B17DAC3A",
  "FASMX64.DLL": "74CE5A7245BB848FC0EF9EE9EE6ED83F",
  "FFXIVClientStructs.dll": "05322A3B7ADDCB816979D401FE0E867C",
  "FFXIVClientStructs.xml": "52663B044C9ACDF75808F1F2A018F301",
  "goatcorp.Reloaded.Assembler.dll": "D64F8B4BE7C7A13C23B5FE184B913A02",
  "goatcorp.Reloaded.Assembler.targets": "CC22CB0A353E2136EE9E6E96DB9F7164",
  "goatcorp.Reloaded.Hooks.dll": "C6D8B47308B0B6E97E401EC793076039",
  "goatcorp.Reloaded.Memory.Buffers.dll": "A58A869B895E5B2C12E8AE55514E01C3",
  "HexaGen.Runtime.dll": "E2689FE4E76E543AB69FF9E70EDC454F",
  "Iced.dll": "62D2E65A4BF5FBC492876EA9F6EFE513",
  "ImGuiScene.dll": "6577E5C4ED82F890F47724561E27354A",
  "InteropGenerator.Runtime.dll": "24F3C27E3419F27F54F4C452AF8BE38F",
  "JetBrains.Annotations.dll": "D334483DFBCF8BE6062277E1FB3B94F3",
  "licenses.txt": "A159BE62AA91178EFC3E3983AE874D1D",
  "Lumina.dll": "81602105FF2B59944A24B0E34A75521F",
  "Lumina.Excel.dll": "E8101DE4BA5982FA3F3B816AB9CD3AD1",
  "Lumina.Excel.xml": "AEE3C28A2AE7FBEC7B9B5685FA0F569D",
  "Microsoft.Extensions.ObjectPool.dll": "CB2B8426DF93B062B631BC85B3369BED",
  "MinSharp.dll": "E2AACD1E30CBF7F3C9BC0D9401087FE7",
  "Mono.Cecil.dll": "D52565DB12F0ED819543B402534DEC80",
  "Mono.Cecil.Mdb.dll": "026EF9F8148F46AF59AEC243EA55D661",
  "Mono.Cecil.Pdb.dll": "C6230588738190CF8B52C3299D016761",
  "Mono.Cecil.Rocks.dll": "E4D2BCCA2A353B32F0099547A699EB86",
  "nethost.dll": "21F39F71E2F4B5BA9FB3F126872F2F9B",
  "Newtonsoft.Json.dll": "C252FE44B67A08E6DAB4EADE3764DB49",
  "PeNet.Asn1.dll": "2AB1DAF29FD298E0BC5124DA61BD573B",
  "PeNet.dll": "C148BF33F21C2D2B1265647257FB64BF",
  "Reloaded.Hooks.Definitions.dll": "8DFB13E7D96A4B4ED3A986B8647866EB",
  "Reloaded.Memory.Buffers.dll": "6A6549D9186E43D8377F41A8B11A05E2",
  "Reloaded.Memory.dll": "68B062173FA5ABCE7E2247E144598EDC",
  "revision.txt": "DCA49D1A5928CB1C1AC064E9137C8B0F",
  "Serilog.dll": "5EFC0B7A5C862304BAB8B3D4FC154753",
  "Serilog.Sinks.Async.dll": "C24A72D3F9EBB8CD6CE19CD0BE941558",
  "Serilog.Sinks.Console.dll": "82D2C5CBDCABAFBE50797DF43D597458",
  "Serilog.Sinks.File.dll": "9A6943C367F134EE064ABBD5F9E4F045",
  "SQLite-net.dll": "75DA8B8528D44797AE7C541B65DD9C25",
  "SQLitePCLRaw.batteries_v2.dll": "C296B59A13FD640EEF1D2F6419AFBF34",
  "SQLitePCLRaw.core.dll": "3B94ABF45C7D9FBE39824C043029AE36",
  "SQLitePCLRaw.provider.e_sqlite3.dll": "D7450B25C013ABE1F19CE9AA4422EB1A",
  "System.Reactive.dll": "C6016588304D55406E3D1C2FA7D42903",
  "System.Reflection.MetadataLoadContext.dll": "284C720DEE2524BCF10DD1B5648AA303",
  "System.Security.Cryptography.Pkcs.dll": "17945B2BF07D9377E36AD3EBE69FF693",
  "TEMP_gitver.txt": "3569D4283B80F7672A046CBBF95F4181",
  "TerraFX.Interop.Windows.dll": "C75D06E77DE5A095D45676A81CDE0DC9"
}
