{
  "runtimes\\alpine-x64\\native\\libe_sqlite3.so": "39C244FEDBCD3DFC37041D4FCE1AE21D",
  "runtimes\\linux-arm\\native\\libe_sqlite3.so": "96CF54BC0EFB83D6E3F5F3E04997A59D",
  "runtimes\\linux-arm64\\native\\libe_sqlite3.so": "F079E55E7F3F9966A4A2052A3234E068",
  "runtimes\\linux-armel\\native\\libe_sqlite3.so": "C5A67D49434FC65D64E9C15778078C76",
  "runtimes\\linux-mips64\\native\\libe_sqlite3.so": "5F8461214089CFC677D46C19B7162161",
  "runtimes\\linux-musl-x64\\native\\libe_sqlite3.so": "39C244FEDBCD3DFC37041D4FCE1AE21D",
  "runtimes\\linux-x64\\native\\libe_sqlite3.so": "6F49C540D3AB9964D67A4A704C3D262D",
  "runtimes\\linux-x64\\native\\libglfw.so.3": "9E3137144F68B9E9793F4C7AD5B1BEA7",
  "runtimes\\linux-x64\\native\\libSDL2-2.0.so": "99B95A708381FC66AB2370E45A260527",
  "runtimes\\linux-x64\\native\\libstbi.so": "0945355ED59677D06E3E88F48101BB26",
  "runtimes\\linux-x86\\native\\libe_sqlite3.so": "5E0659B414CBD6DDC38C65582485853E",
  "runtimes\\osx-x64\\native\\libe_sqlite3.dylib": "F82AE134FCD1C080A69D775591406673",
  "runtimes\\osx-x64\\native\\libglfw.3.dylib": "1E30FAB2F0C40E82290AD4B0BF14A880",
  "runtimes\\osx-x64\\native\\libSDL2-2.0.dylib": "AAC958490586C67395F0A90903AE3747",
  "runtimes\\osx-x64\\native\\libstbi.dylib": "0B84B0A6A80178266018081C3CAB68E6",
  "runtimes\\win-arm\\native\\e_sqlite3.dll": "7BE69211A82813853B56A11C349A99BF",
  "runtimes\\win-arm64\\native\\e_sqlite3.dll": "4ACA0FD00B6A9648986CCEFB60476B26",
  "runtimes\\win-x64\\native\\cimgui.dll": "6BD00FBD1D07897DAFE3BED288E26EEA",
  "runtimes\\win-x64\\native\\cimguizmo.dll": "085EB8A67CC86A999A1BC3F7CFE58E1D",
  "runtimes\\win-x64\\native\\cimplot.dll": "E06AEFDF21B377CE8FE2BA99698ED88E",
  "runtimes\\win-x64\\native\\e_sqlite3.dll": "5B86A5745C9210A51BB450EE6A04D248",
  "runtimes\\win-x64\\native\\glfw3.dll": "F9BE1C1006E5BFAE2D034C20018B3BBD",
  "runtimes\\win-x64\\native\\minhook.x64d.dll": "ED14382BB132290680A7B10C52102DC8",
  "runtimes\\win-x64\\native\\SDL2.dll": "BD54E2B307D7B1938DFE7EF4673E84B3",
  "runtimes\\win-x64\\native\\stbi.dll": "3EFCC82402188A675DDD95B8B135B15C",
  "runtimes\\win-x64\\native\\stbi.lib": "927C214DE576219E1F80DBE7798A0502",
  "runtimes\\win-x86\\native\\e_sqlite3.dll": "9C42EF71A2C84667C73B3B303BB4C869",
  "runtimes\\win-x86\\native\\glfw3.dll": "73E9EB18BD44996865BF827B31BBDFB3",
  "runtimes\\win-x86\\native\\SDL2.dll": "ED8369E986C346AF4C87D6081F9F90DB",
  "targets\\Dalamud.Plugin.Bootstrap.targets": "C85635161398CD9852CF7212DB7EB904",
  "targets\\Dalamud.Plugin.targets": "E2AA900DB1F6596D1C203D4112A10F5E",
  "CheapLoc.dll": "CEFA62A4E2364AA23B194374523352AD",
  "Costura.dll": "053F74074D3758D970D0D7835AD136B4",
  "Dalamud.Boot.dll": "FB4E2E6D16C07C1D652D95AC9792C67E",
  "Dalamud.Common.dll": "48FC00F3F505381A36020B14EE398853",
  "Dalamud.deps.json": "2F5D88C503CCD1D41249E8E793F7E470",
  "Dalamud.dll": "8C829ADAAFECF69DCFADD1110DF7D18A",
  "Dalamud.Injector.deps.json": "C1FA0941DC8B38E415776C60C508AAB9",
  "Dalamud.Injector.dll": "5AFAF73227C8045C30C6D65BA95FC14B",
  "Dalamud.Injector.exe": "C6035D075371DA02B5B2633A30D93345",
  "Dalamud.Injector.runtimeconfig.json": "B9BB65FFE7924D4D8BABE9FA66303200",
  "Dalamud.Injector.xml": "D41E5DF541D19A015215E777D7395C9C",
  "Dalamud.runtimeconfig.json": "2A9CD915428BDD175E0889BD0C225F75",
  "Dalamud.xml": "67CABC77D0D513A8E5E0683C2A34E599",
  "DalamudCrashHandler.exe": "A349D136A1E88138241D747A0FDAEE34",
  "FASM-LICENSE.TXT": "ECEA1D10811221D5F0A3E96F9C38E2C7",
  "FASM.DLL": "9404E070C31238CDCA4D0D2686A56738",
  "FASMX64.DLL": "C8E012F620000EC84B02939A9A981DFF",
  "FFXIVClientStructs.dll": "F49757E598DCF1A23EBCF683EB1D83E2",
  "FFXIVClientStructs.xml": "E7FC574C1BFBCFBF30B8E55BB0A40DB7",
  "goaaats.Reloaded.Assembler.targets": "CC22CB0A353E2136EE9E6E96DB9F7164",
  "Iced.dll": "227E4E5016CFEAB30C189E033E293CA9",
  "ImGui.NET.dll": "8B6C4792146635D32E6CE2AE60983752",
  "ImGuiScene.dll": "D3AA95AB50AAEB2D8333E4B8630B4416",
  "JetBrains.Annotations.dll": "CA6BBB1E1F6814FB355F3B7273B1A31C",
  "licenses.txt": "A159BE62AA91178EFC3E3983AE874D1D",
  "Lumina.dll": "236BFD7C2067E96AE86AB80A511C02CA",
  "Lumina.Excel.dll": "4D5AFFE7F0855AF4D0A188BE827A0C3B",
  "Microsoft.Bcl.HashCode.dll": "613AB56061ADF2284E047025207467E0",
  "Microsoft.DotNet.PlatformAbstractions.dll": "00AB0F02B1114C57C758F5AD595224F1",
  "Microsoft.Extensions.DependencyModel.dll": "F39BC76C10CFEA478C936FC4521A9FC9",
  "Microsoft.Extensions.ObjectPool.dll": "FEE3CE8A84417360CC5ED787ED6F7DB1",
  "MinSharp.dll": "F1D5F60F3348160181B4FF065DF035B3",
  "Mono.Cecil.dll": "79FB4A292F225EF0F70F5C8151C6F45B",
  "Mono.Cecil.Mdb.dll": "8CE745EF17BF72E760AB677453178046",
  "Mono.Cecil.Pdb.dll": "8B1F55E4A8E7C066D3F6C0D53E205631",
  "Mono.Cecil.Rocks.dll": "696EE785388D583377C51D8415059927",
  "nethost.dll": "012081214FE71F0F6ADCD9F4A71B2B00",
  "Newtonsoft.Json.dll": "86A83A63F12B55FD3718CFBFB577D7DC",
  "PeNet.Asn1.dll": "AEA69D57335E5290ED41C18D6CCF184C",
  "PeNet.dll": "F37A93BBCC1264FEF910F952F353BA2F",
  "PInvoke.AdvApi32.dll": "34EE461D05B403C3A15D0DEC32A3788C",
  "PInvoke.BCrypt.dll": "FD07758EE1440491F22923084109FF26",
  "PInvoke.Cabinet.dll": "333D950E3804735DA60CC41D614C63E2",
  "PInvoke.CfgMgr32.dll": "768BE7CC18EDCF78B296A72ABE891691",
  "PInvoke.Crypt32.dll": "E7B00B0851738F4A7F2C6D37DAA973B4",
  "PInvoke.DbgHelp.dll": "E701136169620D20E3A70B560DE20E44",
  "PInvoke.DwmApi.dll": "ACF223CC8962404056648815B486F7D9",
  "PInvoke.Gdi32.dll": "69FF434826F98582CE44D3136ECFFACB",
  "PInvoke.Hid.dll": "2E7A41257F8AD9B26073181F450CD8E5",
  "PInvoke.ImageHlp.dll": "79BE816E8D86EA66489D7780DD675D49",
  "PInvoke.IPHlpApi.dll": "E949FA3326D1BA8872B179AB4EE49D38",
  "PInvoke.Kernel32.dll": "234E15B122ED430DE99490CA1A204958",
  "PInvoke.Magnification.dll": "C9EA3D34F506741ECC044DB19C151F09",
  "PInvoke.Msi.dll": "69EE50CE2DA6B55755E52589F49A7EBC",
  "PInvoke.NCrypt.dll": "DA1DE76C14D99370CA3BEF19DC299B15",
  "PInvoke.NetApi32.dll": "AE79F9FA2E3864A5E0642AE4622ECDC5",
  "PInvoke.NewDev.dll": "B3E1992105D986EF9C5C8E4B630FBB07",
  "PInvoke.NTDll.dll": "3F6BDF840EB27DD0FD9EB8071822183A",
  "PInvoke.Ole32.dll": "3C49FB100B60519FFE725BCD12A538F6",
  "PInvoke.Psapi.dll": "A7683EE4B880227F01C8AE632A892B9E",
  "PInvoke.SetupApi.dll": "1B7AE321185D0081D1759A9AD829F9BA",
  "PInvoke.SHCore.dll": "F27E7F063D51480F6D2294C903E4A606",
  "PInvoke.Shell32.dll": "F71A1BCAF6478190691170DAEA77722F",
  "PInvoke.User32.dll": "8BEDE38311ED4F27127290B81B8079FD",
  "PInvoke.Userenv.dll": "FEB7BCA90B8C905EC2F4BB0789847131",
  "PInvoke.UxTheme.dll": "8E683C016250CB719FDB9AAAFC22B3C5",
  "PInvoke.Windows.Core.dll": "90015440A44935208FFEA9BF61740651",
  "PInvoke.Windows.ShellScalingApi.dll": "F351B34B8C9183A51CADFDC279357C49",
  "PInvoke.WinUsb.dll": "9EB8A0280F2848D1A32B560A939F7336",
  "PInvoke.WtsApi32.dll": "341C94455D2E5893DBE4293D4D67AA4D",
  "Reloaded.Assembler.dll": "1571A61C11C7E257DEBB514D2D2D49E3",
  "Reloaded.Hooks.Definitions.dll": "E1EC7F3113DA540D952F2C0C4F0BD22E",
  "Reloaded.Hooks.dll": "D24E9078C18323D2C1A3777750865B8C",
  "Reloaded.Memory.Buffers.dll": "FED42D3336127CB3633979AB3F5FF6B9",
  "Reloaded.Memory.dll": "E4524AA022402310FB76986FCBE8A201",
  "revision.txt": "CF040FC71060367913E81AC1EB050AEA",
  "SDL2-CS.config": "65557595FD5DF55D93B2BF881DE62C3A",
  "SDL2-CS.dll": "CE19FADA7431EB7F424F44CE7636AAAD",
  "Serilog.dll": "9DF918A1BEA7CA7810D9E6E87547BAC3",
  "Serilog.Sinks.Async.dll": "5F6D4847B784F3AD5C49DF35E098D585",
  "Serilog.Sinks.Console.dll": "EA26668CF061C9C947D25B5F23E945F4",
  "Serilog.Sinks.File.dll": "A368CCA67EDD752CADF309D671A2B116",
  "SharpDX.Direct3D11.dll": "27054FF958FB62B8B3F76DCDD1225413",
  "SharpDX.dll": "1D732D2DC96A770D366ADA11BEE43959",
  "SharpDX.DXGI.dll": "B31C6CEADA2E2732201F9EAD11D448B4",
  "SharpDX.Mathematics.dll": "B913E07943EEF9DC0FE23016858FE8DA",
  "Silk.NET.Core.dll": "FF5FF7D7F3C24AD10B2CB31242F2E98B",
  "Silk.NET.GLFW.dll": "21B058C8AD9AC949100DCB4BE851D036",
  "Silk.NET.Maths.dll": "74C857C95DE4E10E6C0EA6B15E9046DE",
  "Silk.NET.OpenGL.dll": "93C2755C6462185C2957DCF0460D017E",
  "Silk.NET.SDL.dll": "32727DF2872508F3A916D64743A0108E",
  "Silk.NET.Windowing.Common.dll": "9BC578412CDB3E6A29EA6263A91A63EA",
  "Silk.NET.Windowing.Glfw.dll": "3423156BC4C77A8506563825710FAF01",
  "Silk.NET.Windowing.Sdl.dll": "EFE753FF74CFCEBB7C162571A8ABE346",
  "SQLite-net.dll": "90AB3D2B433633B326B3517D30D57E39",
  "SQLitePCLRaw.batteries_v2.dll": "C07EFC7FB4C146746B9A97E80D4AEEE8",
  "SQLitePCLRaw.core.dll": "F884265347F6D3754A023EFCC6249452",
  "SQLitePCLRaw.nativelibrary.dll": "EDEB446B26A3AF6D71E950D6E77D9364",
  "SQLitePCLRaw.provider.dynamic_cdecl.dll": "4CCA121E92EB46BFCF1F89C0C2FA37CD",
  "StbiSharp.dll": "73F4BA7C031D251BE8AC4CAA371E6272",
  "System.Reactive.dll": "EF5A00287AD15393D41B12AA4B726FF7",
  "System.Reflection.MetadataLoadContext.dll": "7EC41D41F4E1246757BA3E2EC862D562",
  "System.Security.Cryptography.Pkcs.dll": "8950E01996A37E808BE3F39063C37BF9",
  "TEMP_gitver.txt": "A233247B070BB49E15732693CD708F7B",
  "TerraFX.Interop.Windows.dll": "84F7EF6B0DE91F8CC23F773D3FD6DEC0",
  "Validation.dll": "DF631E3BB0067EDA21B6E63BBAD7012B"
}
