{
  "runtimes\\alpine-x64\\native\\libe_sqlite3.so": "39C244FEDBCD3DFC37041D4FCE1AE21D",
  "runtimes\\linux-arm\\native\\libe_sqlite3.so": "96CF54BC0EFB83D6E3F5F3E04997A59D",
  "runtimes\\linux-arm64\\native\\libe_sqlite3.so": "F079E55E7F3F9966A4A2052A3234E068",
  "runtimes\\linux-armel\\native\\libe_sqlite3.so": "C5A67D49434FC65D64E9C15778078C76",
  "runtimes\\linux-mips64\\native\\libe_sqlite3.so": "5F8461214089CFC677D46C19B7162161",
  "runtimes\\linux-musl-x64\\native\\libe_sqlite3.so": "39C244FEDBCD3DFC37041D4FCE1AE21D",
  "runtimes\\linux-x64\\native\\libe_sqlite3.so": "6F49C540D3AB9964D67A4A704C3D262D",
  "runtimes\\linux-x86\\native\\libe_sqlite3.so": "5E0659B414CBD6DDC38C65582485853E",
  "runtimes\\osx-x64\\native\\libe_sqlite3.dylib": "F82AE134FCD1C080A69D775591406673",
  "runtimes\\win-arm\\native\\e_sqlite3.dll": "651FED09A0DFC0472F92683ABB0B5876",
  "runtimes\\win-arm64\\native\\e_sqlite3.dll": "BF860A2A05962FE97176A6142F91F9E4",
  "runtimes\\win-x64\\native\\e_sqlite3.dll": "029582C07C805E98502C7E8DF7A7EB58",
  "runtimes\\win-x64\\native\\minhook.x64d.dll": "6FC7FACF8B7CF4461255602B1B59454F",
  "runtimes\\win-x86\\native\\e_sqlite3.dll": "F00BAF86B36F68F1D38EF69EC6D37523",
  "targets\\Dalamud.Plugin.Bootstrap.targets": "C85635161398CD9852CF7212DB7EB904",
  "targets\\Dalamud.Plugin.targets": "394EE2BEC70254F76ABBE2C33F62BBFA",
  "BCnEncoder.dll": "8AD45258AE92F3449991D2C68FDCCAA1",
  "BitFaster.Caching.dll": "21D6AE83420C717C74788AA419F6565E",
  "CheapLoc.dll": "349E952CC3035EF45EBAF0D098C08FA0",
  "cimgui.dll": "B97320881ABABE3699EB5AE65F6ABCBC",
  "cimguizmo.dll": "2CC465F6AE2A25A16487546124E09EF1",
  "cimplot.dll": "CE4F43F7DD9984E3191E9587C30BAD73",
  "commit_hash.txt": "3AAAC2024EF9F40CCA079371DCEB1FCE",
  "CommunityToolkit.HighPerformance.dll": "66B64EC334625F2C5D341A45E28EEB43",
  "Dalamud.Bindings.ImGui.dll": "05AC6A8AEA4C114A33BFA54DB770187B",
  "Dalamud.Bindings.ImGuizmo.dll": "3EC239B0E2DF0FC67A2C4F112A38E0C5",
  "Dalamud.Bindings.ImPlot.dll": "B4E819C793C46CC97D624C2A3BF6F418",
  "Dalamud.Boot.dll": "31E08E443ABB556CF4085B417AC1D33E",
  "Dalamud.Common.dll": "DD5C2459DB93C3E7361BE3A71FC64605",
  "Dalamud.deps.json": "BDCE6B8D8F1D7FF429B7181DFA6F7BE4",
  "Dalamud.dll": "8CB1B36FD67BD64067A68027E9581B0F",
  "Dalamud.Injector.deps.json": "C21972522E8133995B2C9562B3E39983",
  "Dalamud.Injector.dll": "EE9412D656642029F8352B23BCF71587",
  "Dalamud.Injector.exe": "083E2FD8EEF0713E800D79F4320B4A22",
  "Dalamud.Injector.runtimeconfig.json": "439C534917CEF268A731631073E50FE4",
  "Dalamud.Injector.xml": "6730B8BB13078B71889B5A56C5DFAC6D",
  "Dalamud.runtimeconfig.json": "CA3935E9C6B9E3300F2D7171E4AF6335",
  "Dalamud.xml": "45ACB099CF3EBA6E7E5A67B977C014FA",
  "DalamudCrashHandler.exe": "BB6AA6D5C95C7C0F1C3F8305B7DD48B1",
  "FASM-LICENSE.TXT": "ECEA1D10811221D5F0A3E96F9C38E2C7",
  "FASM.DLL": "F55710AFBFFF7FD2E13E135D6589E6D6",
  "FASMX64.DLL": "25A6F9E44D0937950923A052F8B6DD5E",
  "FFXIVClientStructs.dll": "B816BB1562ADD6CE1573AB2320C6386E",
  "FFXIVClientStructs.xml": "9694F16B071CF2BCA5671DDAFC3617B6",
  "goatcorp.Reloaded.Assembler.targets": "CC22CB0A353E2136EE9E6E96DB9F7164",
  "HexaGen.Runtime.dll": "76ABFA0AF4934B1E06F05B21A3EAC0E0",
  "Iced.dll": "A28FFB6B2734520CB94336D86A8BB522",
  "ImGuiScene.dll": "C82CD88E1BEED510525DFE97054F0B90",
  "InteropGenerator.Runtime.dll": "775076BD49E4C17FE5F9B416A3740C8D",
  "JetBrains.Annotations.dll": "4B6CECC5830666D4C9C71EBE407FEDA6",
  "licenses.txt": "A159BE62AA91178EFC3E3983AE874D1D",
  "Lumina.dll": "D88EF246978620426D2B2843FAA72E3E",
  "Lumina.Excel.dll": "7A11EB5A76C4341134C2E0D1187E292B",
  "Lumina.Excel.xml": "0089FDC0BA0B16ED0696413305959999",
  "Microsoft.Extensions.ObjectPool.dll": "5510583E2B50BE953814615586673C33",
  "MinSharp.dll": "FDF6B8958C7EF10C329FA11EDF1F6EE0",
  "Mono.Cecil.dll": "07AD5457E10DA220482FB395A367D7B6",
  "Mono.Cecil.Mdb.dll": "30297FEC0416CCA0226A04F45DE6EBAF",
  "Mono.Cecil.Pdb.dll": "872385D4B5FD7DB537E2D97CCAA1706F",
  "Mono.Cecil.Rocks.dll": "CEBFA522BE7C2FCC8C52C885AFCD8BD9",
  "nethost.dll": "21F39F71E2F4B5BA9FB3F126872F2F9B",
  "Newtonsoft.Json.dll": "ADF3E3EECDE20B7C9661E9C47106A14A",
  "PeNet.Asn1.dll": "315090851F6E59D7A995F69565A512A4",
  "PeNet.dll": "574E96E99F745428C093E7AD6FE2B45B",
  "Reloaded.Assembler.dll": "913927A538AC89395C5C784A6DB335FB",
  "Reloaded.Hooks.Definitions.dll": "392A2805E53DF28C7BE629C2A005823B",
  "Reloaded.Hooks.dll": "12A0AC5D8FC74F42B1125408A8788C7C",
  "Reloaded.Memory.Buffers.dll": "8492DA2D70493A0899F7DD94C6B4342C",
  "Reloaded.Memory.dll": "8623476E7064E2D64F4256F510B562D4",
  "revision.txt": "7EB532AEF980C36170C0B4426F082B87",
  "Serilog.dll": "6887A6A5DECE6FA8569C47A34B18645A",
  "Serilog.Sinks.Async.dll": "D613FB3330E7329872BC0174AF68E115",
  "Serilog.Sinks.Console.dll": "26FB870389E89BFE3584206543AC6201",
  "Serilog.Sinks.File.dll": "5D41B5304E28A2795BF01E897B37E5F0",
  "SharpDX.Direct3D11.dll": "73B17AB50B9E515EFC004275AB74DDCD",
  "SharpDX.dll": "01ED9D66BD8891BBB9BF1BB4CDA023FE",
  "SharpDX.DXGI.dll": "C49C721EE2486D6A5ED170FE8C3C94CB",
  "SharpDX.Mathematics.dll": "09A27D9F64769A518D8E66CE73AFDA39",
  "SQLite-net.dll": "A570340F922BF41E1013F5A6BCB3A4E1",
  "SQLitePCLRaw.batteries_v2.dll": "40BE73E4C46E5F5C8A8F838D4074238F",
  "SQLitePCLRaw.core.dll": "50E36DC50C7A8BEE5A81CCFF0D7FE97D",
  "SQLitePCLRaw.nativelibrary.dll": "7E28DC821073980E6C68CBCD777CB9E9",
  "SQLitePCLRaw.provider.dynamic_cdecl.dll": "196DA82C0740721B60BA4F116E1E7CC8",
  "System.Reactive.dll": "EF5A00287AD15393D41B12AA4B726FF7",
  "System.Reflection.MetadataLoadContext.dll": "E88E3AF6D37736F339022C9ACC5F2F7B",
  "System.Security.Cryptography.Pkcs.dll": "8950E01996A37E808BE3F39063C37BF9",
  "TEMP_gitver.txt": "17FD8AFBF4B7A2E3E7A4DE658C2D1D3D",
  "TerraFX.Interop.Windows.dll": "84F7EF6B0DE91F8CC23F773D3FD6DEC0"
}
