{
  "runtimes\\alpine-x64\\native\\libe_sqlite3.so": "39C244FEDBCD3DFC37041D4FCE1AE21D",
  "runtimes\\linux-arm\\native\\libe_sqlite3.so": "96CF54BC0EFB83D6E3F5F3E04997A59D",
  "runtimes\\linux-arm64\\native\\libe_sqlite3.so": "F079E55E7F3F9966A4A2052A3234E068",
  "runtimes\\linux-armel\\native\\libe_sqlite3.so": "C5A67D49434FC65D64E9C15778078C76",
  "runtimes\\linux-mips64\\native\\libe_sqlite3.so": "5F8461214089CFC677D46C19B7162161",
  "runtimes\\linux-musl-x64\\native\\libe_sqlite3.so": "39C244FEDBCD3DFC37041D4FCE1AE21D",
  "runtimes\\linux-x64\\native\\libe_sqlite3.so": "6F49C540D3AB9964D67A4A704C3D262D",
  "runtimes\\linux-x64\\native\\libglfw.so.3": "9E3137144F68B9E9793F4C7AD5B1BEA7",
  "runtimes\\linux-x64\\native\\libSDL2-2.0.so": "99B95A708381FC66AB2370E45A260527",
  "runtimes\\linux-x64\\native\\libstbi.so": "0945355ED59677D06E3E88F48101BB26",
  "runtimes\\linux-x86\\native\\libe_sqlite3.so": "5E0659B414CBD6DDC38C65582485853E",
  "runtimes\\osx-x64\\native\\libe_sqlite3.dylib": "F82AE134FCD1C080A69D775591406673",
  "runtimes\\osx-x64\\native\\libglfw.3.dylib": "1E30FAB2F0C40E82290AD4B0BF14A880",
  "runtimes\\osx-x64\\native\\libSDL2-2.0.dylib": "AAC958490586C67395F0A90903AE3747",
  "runtimes\\osx-x64\\native\\libstbi.dylib": "0B84B0A6A80178266018081C3CAB68E6",
  "runtimes\\win-arm\\native\\e_sqlite3.dll": "1149B59AE76AA765D501595EF345A7D1",
  "runtimes\\win-arm64\\native\\e_sqlite3.dll": "C11965DE0D265EB7566D857155B6E6E8",
  "runtimes\\win-x64\\native\\cimgui.dll": "480C93B20F1076DB64A804BE1086E178",
  "runtimes\\win-x64\\native\\cimguizmo.dll": "2EF042D02BC632D410CA617B4266D669",
  "runtimes\\win-x64\\native\\cimplot.dll": "4A426C8B5A1CF359E575C73335EE9605",
  "runtimes\\win-x64\\native\\e_sqlite3.dll": "3317459F28EC26637FF1CE85CFD41A6B",
  "runtimes\\win-x64\\native\\glfw3.dll": "DC80261FDE0DEEAD6A9A171A0073B1C1",
  "runtimes\\win-x64\\native\\minhook.x64d.dll": "5FF41F3CF3BDF3123307958A6C0555CB",
  "runtimes\\win-x64\\native\\SDL2.dll": "5D663ECA682D19ABADDA39D9BF1E775C",
  "runtimes\\win-x64\\native\\stbi.dll": "423DF0EE7611871374551B733B0342A9",
  "runtimes\\win-x64\\native\\stbi.lib": "927C214DE576219E1F80DBE7798A0502",
  "runtimes\\win-x86\\native\\e_sqlite3.dll": "EBB654FFB70D9963369006D7CD0977B4",
  "runtimes\\win-x86\\native\\glfw3.dll": "D5AE51E32E61FBBCBAAEA046426D872C",
  "runtimes\\win-x86\\native\\SDL2.dll": "86E40735B1F42717A66B65FEE600B66E",
  "targets\\Dalamud.Plugin.Bootstrap.targets": "C85635161398CD9852CF7212DB7EB904",
  "targets\\Dalamud.Plugin.targets": "11001C983157350F50D99F1A827999B5",
  "CheapLoc.dll": "81766B60B011E14E01151F39F7A1F585",
  "Costura.dll": "99B18CDA3B66A26F023DBFB3221A26BB",
  "Dalamud.Boot.dll": "E2132B47FDFB906BEBC16FA1D094BAFC",
  "Dalamud.Common.dll": "01BC8F14DB73D642FE3544AF241CB8C6",
  "Dalamud.deps.json": "2C187D7EED0E7F3E3D5502617CAF0E19",
  "Dalamud.dll": "CB87E2966FDED626A880C1897EBD1B45",
  "Dalamud.Injector.deps.json": "4E53ABE9A5D3E4592DA63EBF98DAAD86",
  "Dalamud.Injector.dll": "D1AF6DBE32F4B4E45DB65601588470F6",
  "Dalamud.Injector.exe": "AD2C02A8C049E6A1BAAF3B9AF0A1D7CC",
  "Dalamud.Injector.runtimeconfig.json": "AAAFA957BB3B382321D67ACC2D792553",
  "Dalamud.Injector.xml": "D41E5DF541D19A015215E777D7395C9C",
  "Dalamud.runtimeconfig.json": "15719C111D02D5BD45F37285FC8B6040",
  "Dalamud.xml": "54C24D3FBECC1D8E3B729CA25F70DDAD",
  "DalamudCrashHandler.exe": "C4DC4C3AD557DC4D4221A9536DDF1600",
  "FASM-LICENSE.TXT": "ECEA1D10811221D5F0A3E96F9C38E2C7",
  "FASM.DLL": "9128B41B29385FE0DC16BE8FEDA9BD06",
  "FASMX64.DLL": "9E3506C97AC5D9BDDBD245FC7637CCD7",
  "FFXIVClientStructs.dll": "AEEE2244B0ECC4B6B10E747540647526",
  "FFXIVClientStructs.xml": "08C8C63D475C837BDE9528BC1D68B9C9",
  "goaaats.Reloaded.Assembler.targets": "CC22CB0A353E2136EE9E6E96DB9F7164",
  "Iced.dll": "7896F07F6DDEC668E7CFC6BF8BB29203",
  "ImGui.NET.dll": "A9B728CAE80B4A7F133A3488710DD0C8",
  "ImGuiScene.dll": "76FEF9DAFCC5B966A86C54F6E38C165C",
  "JetBrains.Annotations.dll": "E2260BCCC0BB86A70E7C98B91673698C",
  "licenses.txt": "A159BE62AA91178EFC3E3983AE874D1D",
  "Lumina.dll": "C0B52391EC3D1736898919705FC7601C",
  "Lumina.Excel.dll": "807BF92B56C3A430BD619F49235FEE1F",
  "Microsoft.Bcl.HashCode.dll": "613AB56061ADF2284E047025207467E0",
  "Microsoft.DotNet.PlatformAbstractions.dll": "00AB0F02B1114C57C758F5AD595224F1",
  "Microsoft.Extensions.DependencyModel.dll": "F39BC76C10CFEA478C936FC4521A9FC9",
  "Microsoft.Extensions.ObjectPool.dll": "91B40FCF7D5A05DF428016DDFD05BABB",
  "MinSharp.dll": "1E1445EB9514AC4F0B72B056536AFF1F",
  "Mono.Cecil.dll": "D33FDD449E291B97746F4000B51F0B37",
  "Mono.Cecil.Mdb.dll": "E7D8EC4B3DF31EEE4F8CC7DEF947F710",
  "Mono.Cecil.Pdb.dll": "468E559511287A2F452A6C5D703FF3AE",
  "Mono.Cecil.Rocks.dll": "7BC95FE8C4D27AECCDC48BEDAB57386B",
  "MonoMod.Backports.dll": "5F99EDB59C6E6269E161ED52B8189112",
  "MonoMod.Core.dll": "9FB9B99FB70D15DE09135C7F02236032",
  "MonoMod.Iced.dll": "B04DBA300DFC0A25D97BEC861795203C",
  "MonoMod.ILHelpers.dll": "564EBF4450DB030AF267343BDDF19AEA",
  "MonoMod.RuntimeDetour.dll": "BDAA55A986FCD75488B36A270B31A5CB",
  "MonoMod.Utils.dll": "8405AB3A7B21A8455D4361ECBEF37F97",
  "nethost.dll": "012081214FE71F0F6ADCD9F4A71B2B00",
  "Newtonsoft.Json.dll": "86A83A63F12B55FD3718CFBFB577D7DC",
  "PeNet.Asn1.dll": "870047793CAC1BE610A9593ACC0C41CB",
  "PeNet.dll": "77C1A51F3669B66651E73C28175E9E04",
  "PInvoke.AdvApi32.dll": "34EE461D05B403C3A15D0DEC32A3788C",
  "PInvoke.BCrypt.dll": "FD07758EE1440491F22923084109FF26",
  "PInvoke.Cabinet.dll": "333D950E3804735DA60CC41D614C63E2",
  "PInvoke.CfgMgr32.dll": "768BE7CC18EDCF78B296A72ABE891691",
  "PInvoke.Crypt32.dll": "E7B00B0851738F4A7F2C6D37DAA973B4",
  "PInvoke.DbgHelp.dll": "E701136169620D20E3A70B560DE20E44",
  "PInvoke.DwmApi.dll": "ACF223CC8962404056648815B486F7D9",
  "PInvoke.Gdi32.dll": "69FF434826F98582CE44D3136ECFFACB",
  "PInvoke.Hid.dll": "2E7A41257F8AD9B26073181F450CD8E5",
  "PInvoke.ImageHlp.dll": "79BE816E8D86EA66489D7780DD675D49",
  "PInvoke.IPHlpApi.dll": "E949FA3326D1BA8872B179AB4EE49D38",
  "PInvoke.Kernel32.dll": "234E15B122ED430DE99490CA1A204958",
  "PInvoke.Magnification.dll": "C9EA3D34F506741ECC044DB19C151F09",
  "PInvoke.Msi.dll": "69EE50CE2DA6B55755E52589F49A7EBC",
  "PInvoke.NCrypt.dll": "DA1DE76C14D99370CA3BEF19DC299B15",
  "PInvoke.NetApi32.dll": "AE79F9FA2E3864A5E0642AE4622ECDC5",
  "PInvoke.NewDev.dll": "B3E1992105D986EF9C5C8E4B630FBB07",
  "PInvoke.NTDll.dll": "3F6BDF840EB27DD0FD9EB8071822183A",
  "PInvoke.Ole32.dll": "3C49FB100B60519FFE725BCD12A538F6",
  "PInvoke.Psapi.dll": "A7683EE4B880227F01C8AE632A892B9E",
  "PInvoke.SetupApi.dll": "1B7AE321185D0081D1759A9AD829F9BA",
  "PInvoke.SHCore.dll": "F27E7F063D51480F6D2294C903E4A606",
  "PInvoke.Shell32.dll": "F71A1BCAF6478190691170DAEA77722F",
  "PInvoke.User32.dll": "8BEDE38311ED4F27127290B81B8079FD",
  "PInvoke.Userenv.dll": "FEB7BCA90B8C905EC2F4BB0789847131",
  "PInvoke.UxTheme.dll": "8E683C016250CB719FDB9AAAFC22B3C5",
  "PInvoke.Windows.Core.dll": "90015440A44935208FFEA9BF61740651",
  "PInvoke.Windows.ShellScalingApi.dll": "F351B34B8C9183A51CADFDC279357C49",
  "PInvoke.WinUsb.dll": "9EB8A0280F2848D1A32B560A939F7336",
  "PInvoke.WtsApi32.dll": "341C94455D2E5893DBE4293D4D67AA4D",
  "Reloaded.Assembler.dll": "14247BEF7D500CF3D67F672892EB853D",
  "Reloaded.Hooks.Definitions.dll": "96662C2B46377A8A168E29E98405ABB9",
  "Reloaded.Hooks.dll": "B9FBF959BDDF1C6A26BDF51C53BFD5BE",
  "Reloaded.Memory.Buffers.dll": "1E36D3CA712E76142F9D9CAFC5F33DB5",
  "Reloaded.Memory.dll": "67EDE8C01FA9D45760AC501565716C27",
  "revision.txt": "97788494D0CB9C4AD37AF9A76290B361",
  "SDL2-CS.config": "65557595FD5DF55D93B2BF881DE62C3A",
  "SDL2-CS.dll": "29CDFFDDAD29079D7AA830E5D96F7A22",
  "Serilog.dll": "00B054E5EB5A8774A058B9659302D99C",
  "Serilog.Sinks.Async.dll": "4E0DCABE3BB0DDACA3074EDAD52ACF02",
  "Serilog.Sinks.Console.dll": "B4C5640EE5CFBC4E32F960F1BBD031FC",
  "Serilog.Sinks.File.dll": "38024170C5939B776D12BC61CE3E6548",
  "SharpDX.Direct3D11.dll": "59AE6A95BB67B1567DC1C11662E56290",
  "SharpDX.dll": "F9474DBA58D33CDEA31AC2E8F8675B8A",
  "SharpDX.DXGI.dll": "FD0F6A18C42F0169CE50FB1DE83FEDD0",
  "SharpDX.Mathematics.dll": "EA874D621A5CE713656F44DBAA36BEB5",
  "Silk.NET.Core.dll": "BCD18E1AE0974208DA2BB44DA427B818",
  "Silk.NET.GLFW.dll": "9CD6CF39722939AF3FDA78B045BD957F",
  "Silk.NET.Maths.dll": "97A1C00DB939A0DE2514B4D19C66EC6B",
  "Silk.NET.OpenGL.dll": "34A665E6AB55D3E4177B67919AA3BBBF",
  "Silk.NET.SDL.dll": "BD53244C824C4BFD0D8E2BFD93562941",
  "Silk.NET.Windowing.Common.dll": "0847621D5361E068F2A53EA58173293A",
  "Silk.NET.Windowing.Glfw.dll": "20B5F7CC15271D70A82D02DD2DEF25BC",
  "Silk.NET.Windowing.Sdl.dll": "45675E539ED4CF2A901014B729619F32",
  "SQLite-net.dll": "7032DC9E58A87CA933999E002D090085",
  "SQLitePCLRaw.batteries_v2.dll": "BCFDF75270FADAADDF9F7FFECA51AB02",
  "SQLitePCLRaw.core.dll": "02F94E64F7F93328F21B813B168283AD",
  "SQLitePCLRaw.nativelibrary.dll": "B5C5094C45C19FB854DC597A292CFB79",
  "SQLitePCLRaw.provider.dynamic_cdecl.dll": "BEC952E49A72D66CF909C48E382BD9DC",
  "StbiSharp.dll": "36436764B4961F1A69D30A4D53DD772E",
  "System.Reactive.dll": "EF5A00287AD15393D41B12AA4B726FF7",
  "System.Reflection.MetadataLoadContext.dll": "7EC41D41F4E1246757BA3E2EC862D562",
  "System.Security.Cryptography.Pkcs.dll": "8950E01996A37E808BE3F39063C37BF9",
  "TEMP_gitver.txt": "BFFDCBA9A9AB0CB4FCE67CD12287F65E",
  "TerraFX.Interop.Windows.dll": "84F7EF6B0DE91F8CC23F773D3FD6DEC0",
  "Validation.dll": "186CB644FFD287E814A796CD1DE08D54"
}
