{
  "runtimes\\alpine-x64\\native\\libe_sqlite3.so": "39C244FEDBCD3DFC37041D4FCE1AE21D",
  "runtimes\\linux-arm\\native\\libe_sqlite3.so": "96CF54BC0EFB83D6E3F5F3E04997A59D",
  "runtimes\\linux-arm64\\native\\libe_sqlite3.so": "F079E55E7F3F9966A4A2052A3234E068",
  "runtimes\\linux-armel\\native\\libe_sqlite3.so": "C5A67D49434FC65D64E9C15778078C76",
  "runtimes\\linux-mips64\\native\\libe_sqlite3.so": "5F8461214089CFC677D46C19B7162161",
  "runtimes\\linux-musl-x64\\native\\libe_sqlite3.so": "39C244FEDBCD3DFC37041D4FCE1AE21D",
  "runtimes\\linux-x64\\native\\libe_sqlite3.so": "6F49C540D3AB9964D67A4A704C3D262D",
  "runtimes\\linux-x64\\native\\libglfw.so.3": "9E3137144F68B9E9793F4C7AD5B1BEA7",
  "runtimes\\linux-x64\\native\\libSDL2-2.0.so": "99B95A708381FC66AB2370E45A260527",
  "runtimes\\linux-x64\\native\\libstbi.so": "0945355ED59677D06E3E88F48101BB26",
  "runtimes\\linux-x86\\native\\libe_sqlite3.so": "5E0659B414CBD6DDC38C65582485853E",
  "runtimes\\osx-x64\\native\\libe_sqlite3.dylib": "F82AE134FCD1C080A69D775591406673",
  "runtimes\\osx-x64\\native\\libglfw.3.dylib": "1E30FAB2F0C40E82290AD4B0BF14A880",
  "runtimes\\osx-x64\\native\\libSDL2-2.0.dylib": "AAC958490586C67395F0A90903AE3747",
  "runtimes\\osx-x64\\native\\libstbi.dylib": "0B84B0A6A80178266018081C3CAB68E6",
  "runtimes\\win-arm\\native\\e_sqlite3.dll": "6643C46912EB2B35E7AD28B55557D345",
  "runtimes\\win-arm64\\native\\e_sqlite3.dll": "F95C082FD9E12CE8D4DA3C1710B1B3F2",
  "runtimes\\win-x64\\native\\e_sqlite3.dll": "305FCB3AC4A55D39548B7CD68DE9D075",
  "runtimes\\win-x64\\native\\glfw3.dll": "D2AF48652B4B0857A32D2C95C99CCC67",
  "runtimes\\win-x64\\native\\minhook.x64d.dll": "A7F3BBA11A9AAE64D94463264951A2E1",
  "runtimes\\win-x64\\native\\SDL2.dll": "FCBEB11BE9E7B427E537E7F652171365",
  "runtimes\\win-x64\\native\\stbi.dll": "D2CA2EF56672F90D3AB34068AF517DDB",
  "runtimes\\win-x64\\native\\stbi.lib": "927C214DE576219E1F80DBE7798A0502",
  "runtimes\\win-x86\\native\\e_sqlite3.dll": "28FEF594D801BBC308529CDB5A5C2060",
  "runtimes\\win-x86\\native\\glfw3.dll": "9A72D960E49310791E10610FB47ADEC8",
  "runtimes\\win-x86\\native\\SDL2.dll": "9AB43A9D3040D8B3524301FD9BD5C807",
  "targets\\Dalamud.Plugin.Bootstrap.targets": "C85635161398CD9852CF7212DB7EB904",
  "targets\\Dalamud.Plugin.targets": "394EE2BEC70254F76ABBE2C33F62BBFA",
  "BitFaster.Caching.dll": "2BA66FCEB8F21E39D4C9B3EEE2E670EF",
  "CheapLoc.dll": "8C76F89FE8AEA1D8FC040C2C95D2C960",
  "cimgui.dll": "C625EB9006314C5954D1E4E1F31BAA2A",
  "cimguizmo.dll": "D3D2407AA1D6A47C025E71122C5091CB",
  "cimplot.dll": "727114089110E912899114B9381D8145",
  "commit_hash.txt": "70EDB275656B3B531BC42B4D4A2C6B71",
  "Dalamud.Boot.dll": "D8DB779F172F4FF3F875F1D020788BB1",
  "Dalamud.Common.dll": "406F5E71B47003B14CE48648A15C4C9E",
  "Dalamud.deps.json": "FC5D3C9072EBCBEDA91BA0C4686090F4",
  "Dalamud.dll": "39086D6B80607A449DE376FA8FDC4355",
  "Dalamud.Injector.deps.json": "C21972522E8133995B2C9562B3E39983",
  "Dalamud.Injector.dll": "C11AD10ECB108D7483BB846C3D7A06DF",
  "Dalamud.Injector.exe": "775FC02BF62A9E96C1AA7A7CBA7CA24C",
  "Dalamud.Injector.runtimeconfig.json": "439C534917CEF268A731631073E50FE4",
  "Dalamud.Injector.xml": "6730B8BB13078B71889B5A56C5DFAC6D",
  "Dalamud.runtimeconfig.json": "CA3935E9C6B9E3300F2D7171E4AF6335",
  "Dalamud.xml": "BAC717D37BE2423D5479D165B77109F8",
  "DalamudCrashHandler.exe": "88D95A53D375127213F5A975FA67DF30",
  "FASM-LICENSE.TXT": "ECEA1D10811221D5F0A3E96F9C38E2C7",
  "FASM.DLL": "E3391B7A86E0DD1A6F90C464F440A5EA",
  "FASMX64.DLL": "0127C2855C8716E8FB6EA33D418ADE48",
  "FFXIVClientStructs.dll": "96EC5E993049EEF99983C837687EDA15",
  "FFXIVClientStructs.xml": "AEF6A7D4697A1C54F3FECC9B3B7ED5B1",
  "goaaats.Reloaded.Assembler.targets": "CC22CB0A353E2136EE9E6E96DB9F7164",
  "Iced.dll": "D473E8B4A099C00AC7AD8F4A6F63DAD7",
  "ImGui.NET.dll": "0EDD8177C66EDE576A4454C26083A128",
  "ImGuiScene.dll": "421D063448839772F4A4FF4C8D71C199",
  "InteropGenerator.Runtime.dll": "1DD44308582F54F20CF634BA4D4F1DF1",
  "JetBrains.Annotations.dll": "15BACC2CDC22F298F03E4DFFC972A78E",
  "licenses.txt": "A159BE62AA91178EFC3E3983AE874D1D",
  "Lumina.dll": "811858F85A5684B794C36D7E51657D83",
  "Lumina.Excel.dll": "2189748DFE682BD62FE5F2C741983352",
  "Microsoft.Bcl.HashCode.dll": "613AB56061ADF2284E047025207467E0",
  "Microsoft.DotNet.PlatformAbstractions.dll": "00AB0F02B1114C57C758F5AD595224F1",
  "Microsoft.Extensions.DependencyModel.dll": "F39BC76C10CFEA478C936FC4521A9FC9",
  "Microsoft.Extensions.ObjectPool.dll": "B0558CE087EAE95853E35579300F3A77",
  "MinSharp.dll": "F15CF85D68C095A9DEB61F7C47E5C2B2",
  "Mono.Cecil.dll": "106D2042C0D111D750684416AD8F2F3A",
  "Mono.Cecil.Mdb.dll": "F35ED77D5BB439AE1CCF25177FAD9A33",
  "Mono.Cecil.Pdb.dll": "432BF4119887F6F0D4BD3ED86C8375E2",
  "Mono.Cecil.Rocks.dll": "6E1966AF0A47C9429286DE2629BD45A0",
  "nethost.dll": "21F39F71E2F4B5BA9FB3F126872F2F9B",
  "Newtonsoft.Json.dll": "ADF3E3EECDE20B7C9661E9C47106A14A",
  "PeNet.Asn1.dll": "42CFF1C835F714AE8138357C5D950183",
  "PeNet.dll": "749C1343A9B515190B73E626EA32BF05",
  "PInvoke.AdvApi32.dll": "34EE461D05B403C3A15D0DEC32A3788C",
  "PInvoke.BCrypt.dll": "FD07758EE1440491F22923084109FF26",
  "PInvoke.Cabinet.dll": "333D950E3804735DA60CC41D614C63E2",
  "PInvoke.CfgMgr32.dll": "768BE7CC18EDCF78B296A72ABE891691",
  "PInvoke.Crypt32.dll": "E7B00B0851738F4A7F2C6D37DAA973B4",
  "PInvoke.DbgHelp.dll": "E701136169620D20E3A70B560DE20E44",
  "PInvoke.DwmApi.dll": "ACF223CC8962404056648815B486F7D9",
  "PInvoke.Gdi32.dll": "69FF434826F98582CE44D3136ECFFACB",
  "PInvoke.Hid.dll": "2E7A41257F8AD9B26073181F450CD8E5",
  "PInvoke.ImageHlp.dll": "79BE816E8D86EA66489D7780DD675D49",
  "PInvoke.IPHlpApi.dll": "E949FA3326D1BA8872B179AB4EE49D38",
  "PInvoke.Kernel32.dll": "234E15B122ED430DE99490CA1A204958",
  "PInvoke.Magnification.dll": "C9EA3D34F506741ECC044DB19C151F09",
  "PInvoke.Msi.dll": "69EE50CE2DA6B55755E52589F49A7EBC",
  "PInvoke.NCrypt.dll": "DA1DE76C14D99370CA3BEF19DC299B15",
  "PInvoke.NetApi32.dll": "AE79F9FA2E3864A5E0642AE4622ECDC5",
  "PInvoke.NewDev.dll": "B3E1992105D986EF9C5C8E4B630FBB07",
  "PInvoke.NTDll.dll": "3F6BDF840EB27DD0FD9EB8071822183A",
  "PInvoke.Ole32.dll": "3C49FB100B60519FFE725BCD12A538F6",
  "PInvoke.Psapi.dll": "A7683EE4B880227F01C8AE632A892B9E",
  "PInvoke.SetupApi.dll": "1B7AE321185D0081D1759A9AD829F9BA",
  "PInvoke.SHCore.dll": "F27E7F063D51480F6D2294C903E4A606",
  "PInvoke.Shell32.dll": "F71A1BCAF6478190691170DAEA77722F",
  "PInvoke.User32.dll": "8BEDE38311ED4F27127290B81B8079FD",
  "PInvoke.Userenv.dll": "FEB7BCA90B8C905EC2F4BB0789847131",
  "PInvoke.UxTheme.dll": "8E683C016250CB719FDB9AAAFC22B3C5",
  "PInvoke.Windows.Core.dll": "90015440A44935208FFEA9BF61740651",
  "PInvoke.Windows.ShellScalingApi.dll": "F351B34B8C9183A51CADFDC279357C49",
  "PInvoke.WinUsb.dll": "9EB8A0280F2848D1A32B560A939F7336",
  "PInvoke.WtsApi32.dll": "341C94455D2E5893DBE4293D4D67AA4D",
  "Reloaded.Assembler.dll": "42D37F03AFE8E06EF01F163CBD387134",
  "Reloaded.Hooks.Definitions.dll": "FA84B075B636E594921EB1D2276DCD97",
  "Reloaded.Hooks.dll": "EC564AD3C68961736062E4A65C6A0A67",
  "Reloaded.Memory.Buffers.dll": "975089E57D8CC73BE2F37876CB8EF0A6",
  "Reloaded.Memory.dll": "3B419F2D7F7EADD46EB4CA731794B26F",
  "revision.txt": "94B087DA83CEB5FE6F1A13150F8C0471",
  "SDL2-CS.config": "65557595FD5DF55D93B2BF881DE62C3A",
  "SDL2-CS.dll": "C00C7991B7D04EF4990429685AF26D4C",
  "Serilog.dll": "D61756749282B78FDF559B2069A4C9E0",
  "Serilog.Sinks.Async.dll": "ECB9B18DA58625C8400817492B1652F6",
  "Serilog.Sinks.Console.dll": "82C075B0CEC3845855491B8C559E6E4E",
  "Serilog.Sinks.File.dll": "48A3E1218131724D9AB2A87662C528B6",
  "SharpDX.Direct3D11.dll": "95972EB3F044DB4763304328AE9283E2",
  "SharpDX.dll": "1BE9B6724B7374CA1D200A14E588CB20",
  "SharpDX.DXGI.dll": "C5F939C7CDA9A1CBDA8D1EBAB18B1C4B",
  "SharpDX.Mathematics.dll": "0CC15B33718DC63449D8B1C57A2ED5A3",
  "Silk.NET.Core.dll": "540025F02312DB97D7D38E5901417C2E",
  "Silk.NET.GLFW.dll": "B08329ECCCC5CC321862C0D6B2965E31",
  "Silk.NET.Maths.dll": "E82F48C050964461D352A137E5FCBA65",
  "Silk.NET.OpenGL.dll": "AB65BE127CFDD9706342041E2A2AE664",
  "Silk.NET.SDL.dll": "FA457466F0858A1A861F330CC993AEB4",
  "Silk.NET.Windowing.Common.dll": "322D21DB77D32B984ECC411B02ECAAB1",
  "Silk.NET.Windowing.Glfw.dll": "F0502B6CD0751E5236736CDDAFB0FB49",
  "Silk.NET.Windowing.Sdl.dll": "B5227F0BAA6BD1AE96B971ED67A578EC",
  "SQLite-net.dll": "33D1AC7782BC478B5062766D505E7EE4",
  "SQLitePCLRaw.batteries_v2.dll": "682E66357530BA7F4952E6712BC4D3FF",
  "SQLitePCLRaw.core.dll": "6AD9EF235C9D0CABC6926EC9D8CA4744",
  "SQLitePCLRaw.nativelibrary.dll": "8F9E049FAA8DD3155D2C2D2DFFF84D86",
  "SQLitePCLRaw.provider.dynamic_cdecl.dll": "240AFFB98FBC9363396F05937D6ECC9F",
  "StbiSharp.dll": "719FEE5276F4D19AE935EC60D5967545",
  "System.Reactive.dll": "EF5A00287AD15393D41B12AA4B726FF7",
  "System.Reflection.MetadataLoadContext.dll": "E88E3AF6D37736F339022C9ACC5F2F7B",
  "System.Security.Cryptography.Pkcs.dll": "8950E01996A37E808BE3F39063C37BF9",
  "TEMP_gitver.txt": "524EF397BEC930FA75D7564CD6264EF3",
  "TerraFX.Interop.Windows.dll": "84F7EF6B0DE91F8CC23F773D3FD6DEC0",
  "Validation.dll": "1AF7AA43923969A8A0C0444D01455F99"
}
