{
  "runtimes\\alpine-x64\\native\\libe_sqlite3.so": "39C244FEDBCD3DFC37041D4FCE1AE21D",
  "runtimes\\linux-arm\\native\\libe_sqlite3.so": "96CF54BC0EFB83D6E3F5F3E04997A59D",
  "runtimes\\linux-arm64\\native\\libe_sqlite3.so": "F079E55E7F3F9966A4A2052A3234E068",
  "runtimes\\linux-armel\\native\\libe_sqlite3.so": "C5A67D49434FC65D64E9C15778078C76",
  "runtimes\\linux-mips64\\native\\libe_sqlite3.so": "5F8461214089CFC677D46C19B7162161",
  "runtimes\\linux-musl-x64\\native\\libe_sqlite3.so": "39C244FEDBCD3DFC37041D4FCE1AE21D",
  "runtimes\\linux-x64\\native\\libe_sqlite3.so": "6F49C540D3AB9964D67A4A704C3D262D",
  "runtimes\\linux-x64\\native\\libglfw.so.3": "9E3137144F68B9E9793F4C7AD5B1BEA7",
  "runtimes\\linux-x64\\native\\libSDL2-2.0.so": "99B95A708381FC66AB2370E45A260527",
  "runtimes\\linux-x64\\native\\libstbi.so": "0945355ED59677D06E3E88F48101BB26",
  "runtimes\\linux-x86\\native\\libe_sqlite3.so": "5E0659B414CBD6DDC38C65582485853E",
  "runtimes\\osx-x64\\native\\libe_sqlite3.dylib": "F82AE134FCD1C080A69D775591406673",
  "runtimes\\osx-x64\\native\\libglfw.3.dylib": "1E30FAB2F0C40E82290AD4B0BF14A880",
  "runtimes\\osx-x64\\native\\libSDL2-2.0.dylib": "AAC958490586C67395F0A90903AE3747",
  "runtimes\\osx-x64\\native\\libstbi.dylib": "0B84B0A6A80178266018081C3CAB68E6",
  "runtimes\\win-arm\\native\\e_sqlite3.dll": "51C7F15C4FBE186CBE499B6F6B39356D",
  "runtimes\\win-arm64\\native\\e_sqlite3.dll": "A9A878CDC104C037879AF5D6C2ADB5EE",
  "runtimes\\win-x64\\native\\e_sqlite3.dll": "50F73475481BE846638020B45C192417",
  "runtimes\\win-x64\\native\\glfw3.dll": "E16709EB58E8736AB6D15FFC17939E14",
  "runtimes\\win-x64\\native\\minhook.x64d.dll": "18B4850E0ADEF8EE4EE9A8CB4519701B",
  "runtimes\\win-x64\\native\\SDL2.dll": "4D688412AB6E05DF8AAF15AE4AB8D9F8",
  "runtimes\\win-x64\\native\\stbi.dll": "196B8C36A73BF364F184E30AD02C410E",
  "runtimes\\win-x64\\native\\stbi.lib": "927C214DE576219E1F80DBE7798A0502",
  "runtimes\\win-x86\\native\\e_sqlite3.dll": "7C224FE73F7A8DBAE2CBB9C42E40B656",
  "runtimes\\win-x86\\native\\glfw3.dll": "3DF21C388DA9D94B1CE67BECF8299DC1",
  "runtimes\\win-x86\\native\\SDL2.dll": "E657C332CA1A188030EA12CC73C2BC97",
  "targets\\Dalamud.Plugin.Bootstrap.targets": "C85635161398CD9852CF7212DB7EB904",
  "targets\\Dalamud.Plugin.targets": "394EE2BEC70254F76ABBE2C33F62BBFA",
  "BitFaster.Caching.dll": "D758ADE1004F683E5FDA6AD183A4C9A2",
  "CheapLoc.dll": "980F6FFC7BE81935CDBB4C9803C77783",
  "cimgui.dll": "3F7F9309F642A2A871DBD398E4FCC501",
  "cimguizmo.dll": "ACC189956EFAD25EEDF02C61402BFDD1",
  "cimplot.dll": "A8A8DC0A6041D35E55BC5732A34284E4",
  "commit_hash.txt": "381C6A76D0237F1805B0677F417B2D32",
  "Dalamud.Boot.dll": "B516F01F742899C5ECCB031D7E93FB38",
  "Dalamud.Common.dll": "2AE97DC3E93EA54DD07A23ADF37BDA5B",
  "Dalamud.deps.json": "DBF1AF6E21C2591B091A2C47DC2B4B12",
  "Dalamud.dll": "5A63149206A6A6EC10C89CDFAE651DA0",
  "Dalamud.Injector.deps.json": "C21972522E8133995B2C9562B3E39983",
  "Dalamud.Injector.dll": "1D98B843FABF894527A7E08EBAA43727",
  "Dalamud.Injector.exe": "BA6648102D29A3262E83C2FFBDF3C869",
  "Dalamud.Injector.runtimeconfig.json": "439C534917CEF268A731631073E50FE4",
  "Dalamud.Injector.xml": "6730B8BB13078B71889B5A56C5DFAC6D",
  "Dalamud.runtimeconfig.json": "CA3935E9C6B9E3300F2D7171E4AF6335",
  "Dalamud.xml": "E4AA82131386BCB3F8E40C37F6BC803E",
  "DalamudCrashHandler.exe": "04BC8343BA8438CAB5A9145400B29A5D",
  "FASM-LICENSE.TXT": "ECEA1D10811221D5F0A3E96F9C38E2C7",
  "FASM.DLL": "584998CD47E2E9B7100F80B635C108BE",
  "FASMX64.DLL": "58EF701AA83F618F284D81EF249D1FC1",
  "FFXIVClientStructs.dll": "FAB5805EDB09FF9F81CA0CCE0B656351",
  "FFXIVClientStructs.xml": "AD2A6F3DBD3D080B9F4D2ECD62280A5A",
  "goatcorp.Reloaded.Assembler.targets": "CC22CB0A353E2136EE9E6E96DB9F7164",
  "Iced.dll": "8D53D90CDD9E7A5082D83D401594B5C9",
  "ImGui.NET.dll": "36424297543DCD30841005F7F84B2389",
  "ImGuiScene.dll": "6B50E6928DCFC620DB8B86BB6A18DE9C",
  "InteropGenerator.Runtime.dll": "4836388BF2B9DDAE1966605B070ED421",
  "JetBrains.Annotations.dll": "8436DA886701C064458793D414E1ED3F",
  "licenses.txt": "A159BE62AA91178EFC3E3983AE874D1D",
  "Lumina.dll": "172953B54A16E164485416D427F4B88A",
  "Lumina.Excel.dll": "358EB8EC601447B16B782000D6B64F89",
  "Microsoft.Bcl.HashCode.dll": "613AB56061ADF2284E047025207467E0",
  "Microsoft.DotNet.PlatformAbstractions.dll": "00AB0F02B1114C57C758F5AD595224F1",
  "Microsoft.Extensions.DependencyModel.dll": "F39BC76C10CFEA478C936FC4521A9FC9",
  "Microsoft.Extensions.ObjectPool.dll": "B0558CE087EAE95853E35579300F3A77",
  "MinSharp.dll": "A326B2211EAD851D2BE6369CD1DA5601",
  "Mono.Cecil.dll": "A9630456CD558356EB7E6AF8CA1E86EF",
  "Mono.Cecil.Mdb.dll": "A98425974911DCCD989AFC6E33B6C5F9",
  "Mono.Cecil.Pdb.dll": "344C652D7275A99F7B0238F5FEC9DA39",
  "Mono.Cecil.Rocks.dll": "CB0E92E1C8CA760CBD4CC8ABB3D65A3A",
  "nethost.dll": "21F39F71E2F4B5BA9FB3F126872F2F9B",
  "Newtonsoft.Json.dll": "ADF3E3EECDE20B7C9661E9C47106A14A",
  "PeNet.Asn1.dll": "3EC8DB5C802CB59AD82CB64D5DE4A48E",
  "PeNet.dll": "610B22C370C72A921FD9157E3F9B4BDA",
  "PInvoke.AdvApi32.dll": "34EE461D05B403C3A15D0DEC32A3788C",
  "PInvoke.BCrypt.dll": "FD07758EE1440491F22923084109FF26",
  "PInvoke.Cabinet.dll": "333D950E3804735DA60CC41D614C63E2",
  "PInvoke.CfgMgr32.dll": "768BE7CC18EDCF78B296A72ABE891691",
  "PInvoke.Crypt32.dll": "E7B00B0851738F4A7F2C6D37DAA973B4",
  "PInvoke.DbgHelp.dll": "E701136169620D20E3A70B560DE20E44",
  "PInvoke.DwmApi.dll": "ACF223CC8962404056648815B486F7D9",
  "PInvoke.Gdi32.dll": "69FF434826F98582CE44D3136ECFFACB",
  "PInvoke.Hid.dll": "2E7A41257F8AD9B26073181F450CD8E5",
  "PInvoke.ImageHlp.dll": "79BE816E8D86EA66489D7780DD675D49",
  "PInvoke.IPHlpApi.dll": "E949FA3326D1BA8872B179AB4EE49D38",
  "PInvoke.Kernel32.dll": "234E15B122ED430DE99490CA1A204958",
  "PInvoke.Magnification.dll": "C9EA3D34F506741ECC044DB19C151F09",
  "PInvoke.Msi.dll": "69EE50CE2DA6B55755E52589F49A7EBC",
  "PInvoke.NCrypt.dll": "DA1DE76C14D99370CA3BEF19DC299B15",
  "PInvoke.NetApi32.dll": "AE79F9FA2E3864A5E0642AE4622ECDC5",
  "PInvoke.NewDev.dll": "B3E1992105D986EF9C5C8E4B630FBB07",
  "PInvoke.NTDll.dll": "3F6BDF840EB27DD0FD9EB8071822183A",
  "PInvoke.Ole32.dll": "3C49FB100B60519FFE725BCD12A538F6",
  "PInvoke.Psapi.dll": "A7683EE4B880227F01C8AE632A892B9E",
  "PInvoke.SetupApi.dll": "1B7AE321185D0081D1759A9AD829F9BA",
  "PInvoke.SHCore.dll": "F27E7F063D51480F6D2294C903E4A606",
  "PInvoke.Shell32.dll": "F71A1BCAF6478190691170DAEA77722F",
  "PInvoke.User32.dll": "8BEDE38311ED4F27127290B81B8079FD",
  "PInvoke.Userenv.dll": "FEB7BCA90B8C905EC2F4BB0789847131",
  "PInvoke.UxTheme.dll": "8E683C016250CB719FDB9AAAFC22B3C5",
  "PInvoke.Windows.Core.dll": "90015440A44935208FFEA9BF61740651",
  "PInvoke.Windows.ShellScalingApi.dll": "F351B34B8C9183A51CADFDC279357C49",
  "PInvoke.WinUsb.dll": "9EB8A0280F2848D1A32B560A939F7336",
  "PInvoke.WtsApi32.dll": "341C94455D2E5893DBE4293D4D67AA4D",
  "Reloaded.Assembler.dll": "61DC01CAEE7948131808B20507AD5229",
  "Reloaded.Hooks.Definitions.dll": "D62A51DE17025CD70282BBBF8ECB270D",
  "Reloaded.Hooks.dll": "8CD53603BC523E1D0229F3AFC8E17BC3",
  "Reloaded.Memory.Buffers.dll": "471537E562EAF9C7E2B93A2996BC007C",
  "Reloaded.Memory.dll": "570E32DCAFE2592BBB9014975EC20C51",
  "revision.txt": "F0EFB5F6CB4CE54821A9C5C6E1DFF052",
  "SDL2-CS.config": "65557595FD5DF55D93B2BF881DE62C3A",
  "SDL2-CS.dll": "E4A04A5DE2C511628EBDDDE20CF0CC21",
  "Serilog.dll": "902B41543115F756919FEAB265CADFF1",
  "Serilog.Sinks.Async.dll": "86AD5966D2FE9492742D20EE1706F9D8",
  "Serilog.Sinks.Console.dll": "5EC4C344E49E7A1D1EE77C2FFB14A7A1",
  "Serilog.Sinks.File.dll": "591E99251D4F80B03449825B3936CCC3",
  "SharpDX.Direct3D11.dll": "9EDA9B8927FE401BCDA9A3EC09A17998",
  "SharpDX.dll": "4461849C5A27113C67983B6A65779C34",
  "SharpDX.DXGI.dll": "A4ADEA261B09CC4E63F3FB7EA29C6B3E",
  "SharpDX.Mathematics.dll": "050D79E26F1A00E04655644A3F00FEA4",
  "Silk.NET.Core.dll": "608749964633FED8FE4A5074D90CF3B0",
  "Silk.NET.GLFW.dll": "DE33529DB1AC50D7D567ACBA67CAD961",
  "Silk.NET.Maths.dll": "F1CA5C3FAD155A78B6D378646954E0A9",
  "Silk.NET.OpenGL.dll": "2AACC126F0703C805AAE8E492DE825E2",
  "Silk.NET.SDL.dll": "3F284DA486EF0D076B8F4F7527E1C99C",
  "Silk.NET.Windowing.Common.dll": "C7F6EDD08433E6897F429A197452401B",
  "Silk.NET.Windowing.Glfw.dll": "5750E34EF38D4743328C6CC3DCC9CB3B",
  "Silk.NET.Windowing.Sdl.dll": "E3B85E73AB762D18D4B2ACAB03270A63",
  "SQLite-net.dll": "7518B2DF9AD50F0B5936C45C4A3B535D",
  "SQLitePCLRaw.batteries_v2.dll": "171B96402E8ACD947B2C40C925EB03FF",
  "SQLitePCLRaw.core.dll": "8334823BD247A10E8084CD7D348B61EA",
  "SQLitePCLRaw.nativelibrary.dll": "8C609B4214414BAD8766CF73C2ADA966",
  "SQLitePCLRaw.provider.dynamic_cdecl.dll": "EA8A6198F942DF2F6E44393430B82379",
  "StbiSharp.dll": "38DD7B085B80C7BDAA890750C30D414A",
  "System.Reactive.dll": "EF5A00287AD15393D41B12AA4B726FF7",
  "System.Reflection.MetadataLoadContext.dll": "E88E3AF6D37736F339022C9ACC5F2F7B",
  "System.Security.Cryptography.Pkcs.dll": "8950E01996A37E808BE3F39063C37BF9",
  "TEMP_gitver.txt": "37E17957391E39B3C05F6FE9F8D90675",
  "TerraFX.Interop.Windows.dll": "84F7EF6B0DE91F8CC23F773D3FD6DEC0",
  "Validation.dll": "D3BF895822ACB43E7636622AFA6B35C5"
}
