{
  "runtimes\\alpine-x64\\native\\libe_sqlite3.so": "39C244FEDBCD3DFC37041D4FCE1AE21D",
  "runtimes\\linux-arm\\native\\libe_sqlite3.so": "96CF54BC0EFB83D6E3F5F3E04997A59D",
  "runtimes\\linux-arm64\\native\\libe_sqlite3.so": "F079E55E7F3F9966A4A2052A3234E068",
  "runtimes\\linux-armel\\native\\libe_sqlite3.so": "C5A67D49434FC65D64E9C15778078C76",
  "runtimes\\linux-mips64\\native\\libe_sqlite3.so": "5F8461214089CFC677D46C19B7162161",
  "runtimes\\linux-musl-x64\\native\\libe_sqlite3.so": "39C244FEDBCD3DFC37041D4FCE1AE21D",
  "runtimes\\linux-x64\\native\\libe_sqlite3.so": "6F49C540D3AB9964D67A4A704C3D262D",
  "runtimes\\linux-x64\\native\\libglfw.so.3": "9E3137144F68B9E9793F4C7AD5B1BEA7",
  "runtimes\\linux-x64\\native\\libSDL2-2.0.so": "99B95A708381FC66AB2370E45A260527",
  "runtimes\\linux-x64\\native\\libstbi.so": "0945355ED59677D06E3E88F48101BB26",
  "runtimes\\linux-x86\\native\\libe_sqlite3.so": "5E0659B414CBD6DDC38C65582485853E",
  "runtimes\\osx-x64\\native\\libe_sqlite3.dylib": "F82AE134FCD1C080A69D775591406673",
  "runtimes\\osx-x64\\native\\libglfw.3.dylib": "1E30FAB2F0C40E82290AD4B0BF14A880",
  "runtimes\\osx-x64\\native\\libSDL2-2.0.dylib": "AAC958490586C67395F0A90903AE3747",
  "runtimes\\osx-x64\\native\\libstbi.dylib": "0B84B0A6A80178266018081C3CAB68E6",
  "runtimes\\win-arm\\native\\e_sqlite3.dll": "2CAF4D1AEC77424B7FDE4E015A5C26FC",
  "runtimes\\win-arm64\\native\\e_sqlite3.dll": "3BDF9060E7F9877B33B0E1200BC02ED5",
  "runtimes\\win-x64\\native\\cimgui.dll": "4565EB7FDE05C92C31B02DE4332C95E2",
  "runtimes\\win-x64\\native\\cimguizmo.dll": "E9C2B2D0899022D40FA49304C00F0DBA",
  "runtimes\\win-x64\\native\\cimplot.dll": "E62161918D13DB7DFAB151DF450F8062",
  "runtimes\\win-x64\\native\\e_sqlite3.dll": "1D0138FAD96FDD09A933A72E7BBE8541",
  "runtimes\\win-x64\\native\\glfw3.dll": "5F88FB1B766AA1E7F5776FD1C5098C2D",
  "runtimes\\win-x64\\native\\minhook.x64d.dll": "6D1851CEFAA9EE817F63616917BDE0FB",
  "runtimes\\win-x64\\native\\SDL2.dll": "6506DA94E879523C552A9C8C2B5F9620",
  "runtimes\\win-x64\\native\\stbi.dll": "731BA99B59F8E8DA0B6C0D60DFF8BA91",
  "runtimes\\win-x64\\native\\stbi.lib": "927C214DE576219E1F80DBE7798A0502",
  "runtimes\\win-x86\\native\\e_sqlite3.dll": "589E76CBD6BE102AB7A7C55758514948",
  "runtimes\\win-x86\\native\\glfw3.dll": "FA2048888971AD1FA7F1B4E565BE33DB",
  "runtimes\\win-x86\\native\\SDL2.dll": "FD3C598A33C84D97272E04835A3A6009",
  "targets\\Dalamud.Plugin.Bootstrap.targets": "C85635161398CD9852CF7212DB7EB904",
  "targets\\Dalamud.Plugin.targets": "DDD731601C06B16E10CF2F8990452A27",
  "BitFaster.Caching.dll": "C7EEF9C7BB2C0F629543563C520C77E7",
  "CheapLoc.dll": "CC72158932387944594B7DC4A5DF8231",
  "commit_hash.txt": "156A75C21EF34D9958C2F253168BE2E9",
  "Costura.dll": "FDB35540CEAC5A7734C97C6F70272724",
  "Dalamud.Boot.dll": "9D7131D36F8FE6C7AD01A550B80AEF12",
  "Dalamud.Common.dll": "6E0EEC6B6092D8E973822D695633A67B",
  "Dalamud.deps.json": "F22291DFB66178B3E97741A40D066625",
  "Dalamud.dll": "24C9D51B113D07D5FBE6056860F90387",
  "Dalamud.Injector.deps.json": "973E5D437761614CB8BADBA9E2C0F6EA",
  "Dalamud.Injector.dll": "091E8A422807B8A7F1E65B95996561A7",
  "Dalamud.Injector.exe": "290C9B69D914ADC66634092635F557FF",
  "Dalamud.Injector.runtimeconfig.json": "B9BB65FFE7924D4D8BABE9FA66303200",
  "Dalamud.Injector.xml": "D41E5DF541D19A015215E777D7395C9C",
  "Dalamud.runtimeconfig.json": "2A9CD915428BDD175E0889BD0C225F75",
  "Dalamud.xml": "2F80B8B56A5C64D220679AFB56F56067",
  "DalamudCrashHandler.exe": "625C7DC8A4D92F9473A85184865EEEAC",
  "FASM-LICENSE.TXT": "ECEA1D10811221D5F0A3E96F9C38E2C7",
  "FASM.DLL": "D482066E776011B0C2FA7020AE0DCAA4",
  "FASMX64.DLL": "7EC16B881A39B1C3310114269AE9F440",
  "FFXIVClientStructs.dll": "917FFDBFABD06E8879D758F15BFC1F67",
  "FFXIVClientStructs.xml": "C9B2DA89ACF8549D52FC3EDF00FF7CC7",
  "goaaats.Reloaded.Assembler.targets": "CC22CB0A353E2136EE9E6E96DB9F7164",
  "Iced.dll": "ADBEEDF8142C6A6F99E6C82B5F3C75B9",
  "ImGui.NET.dll": "4ECFAB77086C71C73687BEF973379B71",
  "ImGuiScene.dll": "F3FDBEBA9A4B0F6C508225F915B4FEF3",
  "InteropGenerator.Runtime.dll": "60B1BB9DDC4ED6F8EE61E34F28D1FFBA",
  "JetBrains.Annotations.dll": "01228234EE36DD830102B9B4B1C395CE",
  "licenses.txt": "A159BE62AA91178EFC3E3983AE874D1D",
  "Lumina.dll": "94ED2698EBD882A5F7782EE85357B0DD",
  "Lumina.Excel.dll": "04AF5F02DB0518565F54BD724ED5D439",
  "Microsoft.Bcl.HashCode.dll": "613AB56061ADF2284E047025207467E0",
  "Microsoft.DotNet.PlatformAbstractions.dll": "00AB0F02B1114C57C758F5AD595224F1",
  "Microsoft.Extensions.DependencyModel.dll": "F39BC76C10CFEA478C936FC4521A9FC9",
  "Microsoft.Extensions.ObjectPool.dll": "FEE3CE8A84417360CC5ED787ED6F7DB1",
  "MinSharp.dll": "3DD3871355A9A37281DDC03F56FE8E55",
  "Mono.Cecil.dll": "8E725D74273A03D88386BBD9DFC84FB3",
  "Mono.Cecil.Mdb.dll": "F810DF40BED43E1B2784BC86E092BE14",
  "Mono.Cecil.Pdb.dll": "F71A9D5B321B82EACC50C46B4EFD6298",
  "Mono.Cecil.Rocks.dll": "069DEFC2C321A9370C27B9A6D10E8610",
  "nethost.dll": "21F39F71E2F4B5BA9FB3F126872F2F9B",
  "Newtonsoft.Json.dll": "ADF3E3EECDE20B7C9661E9C47106A14A",
  "PeNet.Asn1.dll": "124FCB0EC814BC2A31416B7CD28BB8D4",
  "PeNet.dll": "E03F524EB449DAFF81311357633459C5",
  "PInvoke.AdvApi32.dll": "34EE461D05B403C3A15D0DEC32A3788C",
  "PInvoke.BCrypt.dll": "FD07758EE1440491F22923084109FF26",
  "PInvoke.Cabinet.dll": "333D950E3804735DA60CC41D614C63E2",
  "PInvoke.CfgMgr32.dll": "768BE7CC18EDCF78B296A72ABE891691",
  "PInvoke.Crypt32.dll": "E7B00B0851738F4A7F2C6D37DAA973B4",
  "PInvoke.DbgHelp.dll": "E701136169620D20E3A70B560DE20E44",
  "PInvoke.DwmApi.dll": "ACF223CC8962404056648815B486F7D9",
  "PInvoke.Gdi32.dll": "69FF434826F98582CE44D3136ECFFACB",
  "PInvoke.Hid.dll": "2E7A41257F8AD9B26073181F450CD8E5",
  "PInvoke.ImageHlp.dll": "79BE816E8D86EA66489D7780DD675D49",
  "PInvoke.IPHlpApi.dll": "E949FA3326D1BA8872B179AB4EE49D38",
  "PInvoke.Kernel32.dll": "234E15B122ED430DE99490CA1A204958",
  "PInvoke.Magnification.dll": "C9EA3D34F506741ECC044DB19C151F09",
  "PInvoke.Msi.dll": "69EE50CE2DA6B55755E52589F49A7EBC",
  "PInvoke.NCrypt.dll": "DA1DE76C14D99370CA3BEF19DC299B15",
  "PInvoke.NetApi32.dll": "AE79F9FA2E3864A5E0642AE4622ECDC5",
  "PInvoke.NewDev.dll": "B3E1992105D986EF9C5C8E4B630FBB07",
  "PInvoke.NTDll.dll": "3F6BDF840EB27DD0FD9EB8071822183A",
  "PInvoke.Ole32.dll": "3C49FB100B60519FFE725BCD12A538F6",
  "PInvoke.Psapi.dll": "A7683EE4B880227F01C8AE632A892B9E",
  "PInvoke.SetupApi.dll": "1B7AE321185D0081D1759A9AD829F9BA",
  "PInvoke.SHCore.dll": "F27E7F063D51480F6D2294C903E4A606",
  "PInvoke.Shell32.dll": "F71A1BCAF6478190691170DAEA77722F",
  "PInvoke.User32.dll": "8BEDE38311ED4F27127290B81B8079FD",
  "PInvoke.Userenv.dll": "FEB7BCA90B8C905EC2F4BB0789847131",
  "PInvoke.UxTheme.dll": "8E683C016250CB719FDB9AAAFC22B3C5",
  "PInvoke.Windows.Core.dll": "90015440A44935208FFEA9BF61740651",
  "PInvoke.Windows.ShellScalingApi.dll": "F351B34B8C9183A51CADFDC279357C49",
  "PInvoke.WinUsb.dll": "9EB8A0280F2848D1A32B560A939F7336",
  "PInvoke.WtsApi32.dll": "341C94455D2E5893DBE4293D4D67AA4D",
  "Reloaded.Assembler.dll": "668D5D4C4A3A12E25331527849B92974",
  "Reloaded.Hooks.Definitions.dll": "FA6F348D3D724CFC30C2A13CE6F8C3E4",
  "Reloaded.Hooks.dll": "891FFBE12F5C916F5422AE9606B71D34",
  "Reloaded.Memory.Buffers.dll": "32F69E529900898B1ADB16AA8FBF9AAF",
  "Reloaded.Memory.dll": "DF82FAAEC1F8DFA741BD560275C16C02",
  "revision.txt": "5E0F17D9E09D1881692CF84A3B869F75",
  "SDL2-CS.config": "65557595FD5DF55D93B2BF881DE62C3A",
  "SDL2-CS.dll": "B1F5DFBEE7B182855B2E71437B164344",
  "Serilog.dll": "0C680FDF3B06CED6B112097873AB7888",
  "Serilog.Sinks.Async.dll": "4256D51D8C6BC873F5E85C5068F20C89",
  "Serilog.Sinks.Console.dll": "72C19271A3D0FB312F2752ED51AD955A",
  "Serilog.Sinks.File.dll": "8F3F4E8793857A02F280A6BD94AB578B",
  "SharpDX.Direct3D11.dll": "5210127E212FB8D68EADA9A665438E51",
  "SharpDX.dll": "508BAFCD32F5F700F0B5CB204D18CE15",
  "SharpDX.DXGI.dll": "2AA3FDD89EFCC6B5AEA4B7413185EE87",
  "SharpDX.Mathematics.dll": "C9D48985A56375A7C97D763516E24572",
  "Silk.NET.Core.dll": "B9EA0412790928718B85B409EB2FDCFF",
  "Silk.NET.GLFW.dll": "4C0EFDCA84AB71F03A5837BA688E6E58",
  "Silk.NET.Maths.dll": "A61376C15B2B4C9D3F0F978CBA22C01F",
  "Silk.NET.OpenGL.dll": "AAF03FDBA0C3020F73DE590E232E7990",
  "Silk.NET.SDL.dll": "B43ED960F6BD5FED8A52A4C0EF3B10FE",
  "Silk.NET.Windowing.Common.dll": "79A26E07AA47B6078BB8449CBC206BD2",
  "Silk.NET.Windowing.Glfw.dll": "5B1DFBE6AB78DE9207B7E00EAF1C10F9",
  "Silk.NET.Windowing.Sdl.dll": "5CAB1C9ADDF05EAF3696FB3532BE34A7",
  "SQLite-net.dll": "264DB87BB3E12C6E6576E55716F46BB4",
  "SQLitePCLRaw.batteries_v2.dll": "EF190DA3B117AFAF79C596275307E12F",
  "SQLitePCLRaw.core.dll": "11FC81D5CD95A01FA0B1D6026256D4F0",
  "SQLitePCLRaw.nativelibrary.dll": "BC86B1F72F5907BA231694A3B8560DFE",
  "SQLitePCLRaw.provider.dynamic_cdecl.dll": "6000436AAEFC5D8ACFC33A4ABD5CD1BA",
  "StbiSharp.dll": "FB08EFE695CD1326CBA7977EF66C47A7",
  "System.Reactive.dll": "EF5A00287AD15393D41B12AA4B726FF7",
  "System.Reflection.MetadataLoadContext.dll": "E88E3AF6D37736F339022C9ACC5F2F7B",
  "System.Security.Cryptography.Pkcs.dll": "8950E01996A37E808BE3F39063C37BF9",
  "TEMP_gitver.txt": "FA1C0131222A106C6C8B808D51E408F8",
  "TerraFX.Interop.Windows.dll": "84F7EF6B0DE91F8CC23F773D3FD6DEC0",
  "Validation.dll": "8B4D0BA8C4C7437CA4AC8B281717D79B"
}
