{
  "runtimes\\alpine-x64\\native\\libe_sqlite3.so": "39C244FEDBCD3DFC37041D4FCE1AE21D",
  "runtimes\\linux-arm\\native\\libe_sqlite3.so": "96CF54BC0EFB83D6E3F5F3E04997A59D",
  "runtimes\\linux-arm64\\native\\libe_sqlite3.so": "F079E55E7F3F9966A4A2052A3234E068",
  "runtimes\\linux-armel\\native\\libe_sqlite3.so": "C5A67D49434FC65D64E9C15778078C76",
  "runtimes\\linux-mips64\\native\\libe_sqlite3.so": "5F8461214089CFC677D46C19B7162161",
  "runtimes\\linux-musl-x64\\native\\libe_sqlite3.so": "39C244FEDBCD3DFC37041D4FCE1AE21D",
  "runtimes\\linux-x64\\native\\libe_sqlite3.so": "6F49C540D3AB9964D67A4A704C3D262D",
  "runtimes\\linux-x64\\native\\libglfw.so.3": "9E3137144F68B9E9793F4C7AD5B1BEA7",
  "runtimes\\linux-x64\\native\\libSDL2-2.0.so": "99B95A708381FC66AB2370E45A260527",
  "runtimes\\linux-x64\\native\\libstbi.so": "0945355ED59677D06E3E88F48101BB26",
  "runtimes\\linux-x86\\native\\libe_sqlite3.so": "5E0659B414CBD6DDC38C65582485853E",
  "runtimes\\osx-x64\\native\\libe_sqlite3.dylib": "F82AE134FCD1C080A69D775591406673",
  "runtimes\\osx-x64\\native\\libglfw.3.dylib": "1E30FAB2F0C40E82290AD4B0BF14A880",
  "runtimes\\osx-x64\\native\\libSDL2-2.0.dylib": "AAC958490586C67395F0A90903AE3747",
  "runtimes\\osx-x64\\native\\libstbi.dylib": "0B84B0A6A80178266018081C3CAB68E6",
  "runtimes\\win-arm\\native\\e_sqlite3.dll": "9241049B5F0917BDDE8F556361674065",
  "runtimes\\win-arm64\\native\\e_sqlite3.dll": "8BA056BCB2E388EFA8B8A039E586DF1A",
  "runtimes\\win-x64\\native\\cimgui.dll": "A7D388299A40111CE58A1C97344AAF66",
  "runtimes\\win-x64\\native\\cimguizmo.dll": "E715ACCDF6E24DA728D92C4597E717EE",
  "runtimes\\win-x64\\native\\cimplot.dll": "2FA684690FE1F40EA98F2AF13BAD61D5",
  "runtimes\\win-x64\\native\\e_sqlite3.dll": "24F903B9C4025FC51AF6C2669EFC4B3B",
  "runtimes\\win-x64\\native\\glfw3.dll": "2F63807CA14DF0BB4D97EB765B6C89B6",
  "runtimes\\win-x64\\native\\minhook.x64d.dll": "C6052F8CED84C342A67DE3B9E037F4B5",
  "runtimes\\win-x64\\native\\SDL2.dll": "8F9A26BF27A8C612BC91C2FCA77A0448",
  "runtimes\\win-x64\\native\\stbi.dll": "0BAE42F5C7F29954C3ACF30E4F6868E2",
  "runtimes\\win-x64\\native\\stbi.lib": "927C214DE576219E1F80DBE7798A0502",
  "runtimes\\win-x86\\native\\e_sqlite3.dll": "A37658A5C95183561B8665064F656281",
  "runtimes\\win-x86\\native\\glfw3.dll": "C84843E8A26DCF3128E47FCD609DA384",
  "runtimes\\win-x86\\native\\SDL2.dll": "5F8EF804474C04A4B4F36DD38B8F8E83",
  "targets\\Dalamud.Plugin.Bootstrap.targets": "C85635161398CD9852CF7212DB7EB904",
  "targets\\Dalamud.Plugin.targets": "E2AA900DB1F6596D1C203D4112A10F5E",
  "CheapLoc.dll": "D83800CB12A44FBDFBBEEF9616658D29",
  "Costura.dll": "25FB82CD7885C828E1781FA373FE867F",
  "Dalamud.Boot.dll": "82D3E78CFD69C09B4E89630359FD20CD",
  "Dalamud.Common.dll": "D7F0D39E5A45EC95DA223CB269CF74C4",
  "Dalamud.deps.json": "027FE84097BB9C153BC4A3EC38B2FB18",
  "Dalamud.dll": "917687E70158E146B4C1FE4CDDB6F36D",
  "Dalamud.Injector.deps.json": "C1FA0941DC8B38E415776C60C508AAB9",
  "Dalamud.Injector.dll": "338D71DDB1A1AE1D6890BF7E8BD92591",
  "Dalamud.Injector.exe": "8D9CC0FE761817FA1161C14E8B96D83C",
  "Dalamud.Injector.runtimeconfig.json": "B9BB65FFE7924D4D8BABE9FA66303200",
  "Dalamud.Injector.xml": "D41E5DF541D19A015215E777D7395C9C",
  "Dalamud.runtimeconfig.json": "2A9CD915428BDD175E0889BD0C225F75",
  "Dalamud.xml": "C2650CFC1223955541F5513CB1DC1C01",
  "DalamudCrashHandler.exe": "BB90AE8B6E8CF80B1F09B907D47E82B3",
  "FASM-LICENSE.TXT": "ECEA1D10811221D5F0A3E96F9C38E2C7",
  "FASM.DLL": "3573AA380D9442CA8EF73E40C200EE55",
  "FASMX64.DLL": "18476A69C1E92AC678DC03833FB38A3F",
  "FFXIVClientStructs.dll": "9840F31A7B11889947F5F17B200F133C",
  "FFXIVClientStructs.xml": "39D682805E3B23E9193A8220A5DF19AE",
  "goaaats.Reloaded.Assembler.targets": "CC22CB0A353E2136EE9E6E96DB9F7164",
  "Iced.dll": "863E683077DCBCA5D4BC7D49F832C03B",
  "ImGui.NET.dll": "4AA027380365B1D265A2ED05062CB572",
  "ImGuiScene.dll": "C5E41A67E9B7BE5E35EF0031EF2C6172",
  "JetBrains.Annotations.dll": "ADE14300D41CDB263712B9ADC50EA7AF",
  "licenses.txt": "A159BE62AA91178EFC3E3983AE874D1D",
  "Lumina.dll": "87C9E7617A8F0EE7B62796A02E37B74F",
  "Lumina.Excel.dll": "245E0F3AD35F4255F7873632D25E8466",
  "Microsoft.Bcl.HashCode.dll": "613AB56061ADF2284E047025207467E0",
  "Microsoft.DotNet.PlatformAbstractions.dll": "00AB0F02B1114C57C758F5AD595224F1",
  "Microsoft.Extensions.DependencyModel.dll": "F39BC76C10CFEA478C936FC4521A9FC9",
  "Microsoft.Extensions.ObjectPool.dll": "4EEE3E64BE561711391BF998FFBF65D3",
  "MinSharp.dll": "275B55A4DE9A36E0B2E3F2C6D3DD6629",
  "Mono.Cecil.dll": "8BB323CB87F5FBE1BC50472D998338F2",
  "Mono.Cecil.Mdb.dll": "EC0BA088B9513DFE4C9B8C40C087AEF0",
  "Mono.Cecil.Pdb.dll": "55CD2D0F60A69DAAB271B48ACF544A30",
  "Mono.Cecil.Rocks.dll": "F732B4183C0A879A5565F1362D7ECD7A",
  "nethost.dll": "012081214FE71F0F6ADCD9F4A71B2B00",
  "Newtonsoft.Json.dll": "86A83A63F12B55FD3718CFBFB577D7DC",
  "PeNet.Asn1.dll": "61808FAA67EBD0CD5F2E6ACD12CCDBE1",
  "PeNet.dll": "50ADEC2597BC41465863F78265BF62CE",
  "PInvoke.AdvApi32.dll": "34EE461D05B403C3A15D0DEC32A3788C",
  "PInvoke.BCrypt.dll": "FD07758EE1440491F22923084109FF26",
  "PInvoke.Cabinet.dll": "333D950E3804735DA60CC41D614C63E2",
  "PInvoke.CfgMgr32.dll": "768BE7CC18EDCF78B296A72ABE891691",
  "PInvoke.Crypt32.dll": "E7B00B0851738F4A7F2C6D37DAA973B4",
  "PInvoke.DbgHelp.dll": "E701136169620D20E3A70B560DE20E44",
  "PInvoke.DwmApi.dll": "ACF223CC8962404056648815B486F7D9",
  "PInvoke.Gdi32.dll": "69FF434826F98582CE44D3136ECFFACB",
  "PInvoke.Hid.dll": "2E7A41257F8AD9B26073181F450CD8E5",
  "PInvoke.ImageHlp.dll": "79BE816E8D86EA66489D7780DD675D49",
  "PInvoke.IPHlpApi.dll": "E949FA3326D1BA8872B179AB4EE49D38",
  "PInvoke.Kernel32.dll": "234E15B122ED430DE99490CA1A204958",
  "PInvoke.Magnification.dll": "C9EA3D34F506741ECC044DB19C151F09",
  "PInvoke.Msi.dll": "69EE50CE2DA6B55755E52589F49A7EBC",
  "PInvoke.NCrypt.dll": "DA1DE76C14D99370CA3BEF19DC299B15",
  "PInvoke.NetApi32.dll": "AE79F9FA2E3864A5E0642AE4622ECDC5",
  "PInvoke.NewDev.dll": "B3E1992105D986EF9C5C8E4B630FBB07",
  "PInvoke.NTDll.dll": "3F6BDF840EB27DD0FD9EB8071822183A",
  "PInvoke.Ole32.dll": "3C49FB100B60519FFE725BCD12A538F6",
  "PInvoke.Psapi.dll": "A7683EE4B880227F01C8AE632A892B9E",
  "PInvoke.SetupApi.dll": "1B7AE321185D0081D1759A9AD829F9BA",
  "PInvoke.SHCore.dll": "F27E7F063D51480F6D2294C903E4A606",
  "PInvoke.Shell32.dll": "F71A1BCAF6478190691170DAEA77722F",
  "PInvoke.User32.dll": "8BEDE38311ED4F27127290B81B8079FD",
  "PInvoke.Userenv.dll": "FEB7BCA90B8C905EC2F4BB0789847131",
  "PInvoke.UxTheme.dll": "8E683C016250CB719FDB9AAAFC22B3C5",
  "PInvoke.Windows.Core.dll": "90015440A44935208FFEA9BF61740651",
  "PInvoke.Windows.ShellScalingApi.dll": "F351B34B8C9183A51CADFDC279357C49",
  "PInvoke.WinUsb.dll": "9EB8A0280F2848D1A32B560A939F7336",
  "PInvoke.WtsApi32.dll": "341C94455D2E5893DBE4293D4D67AA4D",
  "Reloaded.Assembler.dll": "8B2C90B5BEA61728543735511ECE76E2",
  "Reloaded.Hooks.Definitions.dll": "DF801B07271D7A265614A1DC64271279",
  "Reloaded.Hooks.dll": "C819A598132B039FB89BB51C2A0B2330",
  "Reloaded.Memory.Buffers.dll": "323327A4A29ADDC4A4A2CEEFB06B9D01",
  "Reloaded.Memory.dll": "08372FDB2D517A338D3C4CBCF60A03BD",
  "revision.txt": "B87517992F7DCE71B674976B280257D2",
  "SDL2-CS.config": "65557595FD5DF55D93B2BF881DE62C3A",
  "SDL2-CS.dll": "C98575DCEAE7FFD1D127B8745AD11198",
  "Serilog.dll": "B52CA45C7A77E121AB54C9DC3410B8BA",
  "Serilog.Sinks.Async.dll": "32524E60DE977A453C2D5A01E53CBA9B",
  "Serilog.Sinks.Console.dll": "B5E2B5859A4D30B468376AAE912D148D",
  "Serilog.Sinks.File.dll": "462D0778F3C263FE676CF106C70AFCEA",
  "SharpDX.Direct3D11.dll": "D015A275799E53A603C4EE765A4160AB",
  "SharpDX.dll": "BBEA6F5CF14DF9B69D21E9811D22FA86",
  "SharpDX.DXGI.dll": "0B01CB44A429B231CD9E3289125F77FB",
  "SharpDX.Mathematics.dll": "EED639DC7CBAFC28CA447EC22AD30DEF",
  "Silk.NET.Core.dll": "7B3DEF84B037154812096BC94F5F3F56",
  "Silk.NET.GLFW.dll": "0A26945D50C0BEF9EA613B60182C7157",
  "Silk.NET.Maths.dll": "2D2063A44DA1254936D74AEDD0197DC7",
  "Silk.NET.OpenGL.dll": "2D09BC0FB9E1911BF3B64FBD64AC608C",
  "Silk.NET.SDL.dll": "21795CD46C0DB8B7318DDCC9D7CC4547",
  "Silk.NET.Windowing.Common.dll": "7FF37CBC3BA76B638EB674E9687508E0",
  "Silk.NET.Windowing.Glfw.dll": "D48FB90A86CE929554BBE0FBF6EEA7A3",
  "Silk.NET.Windowing.Sdl.dll": "D3C9EC6D8BFF05C9F06AE113685806D5",
  "SQLite-net.dll": "FA165A5CFB0474C334552C1C00E02CCE",
  "SQLitePCLRaw.batteries_v2.dll": "F52AC615E7D50346EF7D9FD6FE32E855",
  "SQLitePCLRaw.core.dll": "AEB6943CBC710BFC0B56E3F8A75B2C26",
  "SQLitePCLRaw.nativelibrary.dll": "85E48D90B143DD23D2F87F8473A0B314",
  "SQLitePCLRaw.provider.dynamic_cdecl.dll": "2A6FEFCFE1C651DB03B5C2E97DABEE6D",
  "StbiSharp.dll": "1AE8178E0699E56256FE04010CC04F0E",
  "System.Reactive.dll": "EF5A00287AD15393D41B12AA4B726FF7",
  "System.Reflection.MetadataLoadContext.dll": "7EC41D41F4E1246757BA3E2EC862D562",
  "System.Security.Cryptography.Pkcs.dll": "8950E01996A37E808BE3F39063C37BF9",
  "TEMP_gitver.txt": "F28EA72737A6A2AECDC9A7DF9728BA3F",
  "TerraFX.Interop.Windows.dll": "84F7EF6B0DE91F8CC23F773D3FD6DEC0",
  "Validation.dll": "7DE2E51A210177B1501BC9BA89CD3306"
}
