{
  "runtimes\\alpine-x64\\native\\libe_sqlite3.so": "39C244FEDBCD3DFC37041D4FCE1AE21D",
  "runtimes\\linux-arm\\native\\libe_sqlite3.so": "96CF54BC0EFB83D6E3F5F3E04997A59D",
  "runtimes\\linux-arm64\\native\\libe_sqlite3.so": "F079E55E7F3F9966A4A2052A3234E068",
  "runtimes\\linux-armel\\native\\libe_sqlite3.so": "C5A67D49434FC65D64E9C15778078C76",
  "runtimes\\linux-mips64\\native\\libe_sqlite3.so": "5F8461214089CFC677D46C19B7162161",
  "runtimes\\linux-musl-x64\\native\\libe_sqlite3.so": "39C244FEDBCD3DFC37041D4FCE1AE21D",
  "runtimes\\linux-x64\\native\\libe_sqlite3.so": "6F49C540D3AB9964D67A4A704C3D262D",
  "runtimes\\linux-x64\\native\\libglfw.so.3": "9E3137144F68B9E9793F4C7AD5B1BEA7",
  "runtimes\\linux-x64\\native\\libSDL2-2.0.so": "99B95A708381FC66AB2370E45A260527",
  "runtimes\\linux-x64\\native\\libstbi.so": "0945355ED59677D06E3E88F48101BB26",
  "runtimes\\linux-x86\\native\\libe_sqlite3.so": "5E0659B414CBD6DDC38C65582485853E",
  "runtimes\\osx-x64\\native\\libe_sqlite3.dylib": "F82AE134FCD1C080A69D775591406673",
  "runtimes\\osx-x64\\native\\libglfw.3.dylib": "1E30FAB2F0C40E82290AD4B0BF14A880",
  "runtimes\\osx-x64\\native\\libSDL2-2.0.dylib": "AAC958490586C67395F0A90903AE3747",
  "runtimes\\osx-x64\\native\\libstbi.dylib": "0B84B0A6A80178266018081C3CAB68E6",
  "runtimes\\win-arm\\native\\e_sqlite3.dll": "077F8CEB2A85BD24B29254AB3101A187",
  "runtimes\\win-arm64\\native\\e_sqlite3.dll": "DB802046B06D10EDEE29CD822E3F7A51",
  "runtimes\\win-x64\\native\\cimgui.dll": "1E1E2753F362C1B12C5436CDECA36ED9",
  "runtimes\\win-x64\\native\\cimguizmo.dll": "2615B5118F4CA1BD6BF0C6D098BBBF66",
  "runtimes\\win-x64\\native\\cimplot.dll": "65E224E64260D1895CE759AB7FC290F7",
  "runtimes\\win-x64\\native\\e_sqlite3.dll": "3D14A1CF6F49A1561DDC8EBC150C26BC",
  "runtimes\\win-x64\\native\\glfw3.dll": "1C2285E471710199E2EFED592B31688A",
  "runtimes\\win-x64\\native\\minhook.x64d.dll": "9C226A4980EC1D440EEC0E816FB73AA2",
  "runtimes\\win-x64\\native\\SDL2.dll": "532F2CD2AB8FD5A92BA4B9D391E7807C",
  "runtimes\\win-x64\\native\\stbi.dll": "233CAAEC65DF28F5239227225BD80AEC",
  "runtimes\\win-x64\\native\\stbi.lib": "927C214DE576219E1F80DBE7798A0502",
  "runtimes\\win-x86\\native\\e_sqlite3.dll": "1710785EEED0D33BA8C017BDABCE190E",
  "runtimes\\win-x86\\native\\glfw3.dll": "2F3736B23E36E9E68FC905766E04A16B",
  "runtimes\\win-x86\\native\\SDL2.dll": "315EB0B49EFF214A54163F1C4A67F57C",
  "targets\\Dalamud.Plugin.Bootstrap.targets": "C85635161398CD9852CF7212DB7EB904",
  "targets\\Dalamud.Plugin.targets": "69D15EDFB3D4F0BEE3A099216E4DE057",
  "BitFaster.Caching.dll": "10B312312CB188F7FD89899EB3CFEA2D",
  "CheapLoc.dll": "A2BA9B6A5D9E557F482D3B79AB4A71DC",
  "commit_hash.txt": "E075EE4FC13257C832633699F7F51233",
  "Costura.dll": "CEDA6178F2AF86F389E391F41432C4BC",
  "Dalamud.Boot.dll": "8E51A4D86EE426B5D273A00381CFD70F",
  "Dalamud.Common.dll": "47A8583748F7E2F9B7B94186CAFDFBD6",
  "Dalamud.deps.json": "6B3D5D4AFD99FA4D8DF04926109439BE",
  "Dalamud.dll": "14907963C4076FC111C3214949A899D7",
  "Dalamud.Injector.deps.json": "E30B9BD40106FFC14A5274A670979EDF",
  "Dalamud.Injector.dll": "36E12A3B4BE901FA67936B4341067DF4",
  "Dalamud.Injector.exe": "69F334D17C1D0BBDD4E44CE3B859D19D",
  "Dalamud.Injector.runtimeconfig.json": "B9BB65FFE7924D4D8BABE9FA66303200",
  "Dalamud.Injector.xml": "D41E5DF541D19A015215E777D7395C9C",
  "Dalamud.runtimeconfig.json": "2A9CD915428BDD175E0889BD0C225F75",
  "Dalamud.xml": "C1678FA484B39D6E66E48909B3B93BCD",
  "DalamudCrashHandler.exe": "F19ACB825A42309D6FB5650A4A568B9D",
  "FASM-LICENSE.TXT": "ECEA1D10811221D5F0A3E96F9C38E2C7",
  "FASM.DLL": "5957971F2B636125B0EF4F546098A0B6",
  "FASMX64.DLL": "DF5CCD5FF71722BA00D2A4AAF8408C40",
  "FFXIVClientStructs.dll": "6D2EA4A6141670D0CA04781C60DD2BA5",
  "FFXIVClientStructs.xml": "34DC887E47770DBDD3DC3C7BC5C3A794",
  "goaaats.Reloaded.Assembler.targets": "CC22CB0A353E2136EE9E6E96DB9F7164",
  "Iced.dll": "436974F2E5C946E912D5A8537C0387F3",
  "ImGui.NET.dll": "AB2D51096F8CC27EF7F79F64F0CCC86A",
  "ImGuiScene.dll": "BFDDBE6666FC10BE44F7D899A300D2F8",
  "InteropGenerator.Runtime.dll": "D73645644A4DB0146B59C61FF60A18DA",
  "JetBrains.Annotations.dll": "1AD7E476B07EF4E6CCACC73807DF21A1",
  "licenses.txt": "A159BE62AA91178EFC3E3983AE874D1D",
  "Lumina.dll": "7EE08085A77110CEC1CF4FAA6CD9D7D9",
  "Lumina.Excel.dll": "4D993D1AD99A965F9A56C321379E6A25",
  "Microsoft.Bcl.HashCode.dll": "613AB56061ADF2284E047025207467E0",
  "Microsoft.DotNet.PlatformAbstractions.dll": "00AB0F02B1114C57C758F5AD595224F1",
  "Microsoft.Extensions.DependencyModel.dll": "F39BC76C10CFEA478C936FC4521A9FC9",
  "Microsoft.Extensions.ObjectPool.dll": "FEE3CE8A84417360CC5ED787ED6F7DB1",
  "MinSharp.dll": "7FEE1002B5159AC7431AE02AAA9A0D5A",
  "Mono.Cecil.dll": "C2B64DB104422340F04F0F7B1CE3298F",
  "Mono.Cecil.Mdb.dll": "B6D1346F570838F44C7A913A52BF6E69",
  "Mono.Cecil.Pdb.dll": "28621E72DD1A183D59C6097773EE7855",
  "Mono.Cecil.Rocks.dll": "007E715286C4201DE981F6162A92BB1B",
  "nethost.dll": "21F39F71E2F4B5BA9FB3F126872F2F9B",
  "Newtonsoft.Json.dll": "ADF3E3EECDE20B7C9661E9C47106A14A",
  "PeNet.Asn1.dll": "89D5442BCAE58CCBA8AE416AD7EEC3C4",
  "PeNet.dll": "4F4BC90B5FBC2D5387F887F4000D15A1",
  "PInvoke.AdvApi32.dll": "34EE461D05B403C3A15D0DEC32A3788C",
  "PInvoke.BCrypt.dll": "FD07758EE1440491F22923084109FF26",
  "PInvoke.Cabinet.dll": "333D950E3804735DA60CC41D614C63E2",
  "PInvoke.CfgMgr32.dll": "768BE7CC18EDCF78B296A72ABE891691",
  "PInvoke.Crypt32.dll": "E7B00B0851738F4A7F2C6D37DAA973B4",
  "PInvoke.DbgHelp.dll": "E701136169620D20E3A70B560DE20E44",
  "PInvoke.DwmApi.dll": "ACF223CC8962404056648815B486F7D9",
  "PInvoke.Gdi32.dll": "69FF434826F98582CE44D3136ECFFACB",
  "PInvoke.Hid.dll": "2E7A41257F8AD9B26073181F450CD8E5",
  "PInvoke.ImageHlp.dll": "79BE816E8D86EA66489D7780DD675D49",
  "PInvoke.IPHlpApi.dll": "E949FA3326D1BA8872B179AB4EE49D38",
  "PInvoke.Kernel32.dll": "234E15B122ED430DE99490CA1A204958",
  "PInvoke.Magnification.dll": "C9EA3D34F506741ECC044DB19C151F09",
  "PInvoke.Msi.dll": "69EE50CE2DA6B55755E52589F49A7EBC",
  "PInvoke.NCrypt.dll": "DA1DE76C14D99370CA3BEF19DC299B15",
  "PInvoke.NetApi32.dll": "AE79F9FA2E3864A5E0642AE4622ECDC5",
  "PInvoke.NewDev.dll": "B3E1992105D986EF9C5C8E4B630FBB07",
  "PInvoke.NTDll.dll": "3F6BDF840EB27DD0FD9EB8071822183A",
  "PInvoke.Ole32.dll": "3C49FB100B60519FFE725BCD12A538F6",
  "PInvoke.Psapi.dll": "A7683EE4B880227F01C8AE632A892B9E",
  "PInvoke.SetupApi.dll": "1B7AE321185D0081D1759A9AD829F9BA",
  "PInvoke.SHCore.dll": "F27E7F063D51480F6D2294C903E4A606",
  "PInvoke.Shell32.dll": "F71A1BCAF6478190691170DAEA77722F",
  "PInvoke.User32.dll": "8BEDE38311ED4F27127290B81B8079FD",
  "PInvoke.Userenv.dll": "FEB7BCA90B8C905EC2F4BB0789847131",
  "PInvoke.UxTheme.dll": "8E683C016250CB719FDB9AAAFC22B3C5",
  "PInvoke.Windows.Core.dll": "90015440A44935208FFEA9BF61740651",
  "PInvoke.Windows.ShellScalingApi.dll": "F351B34B8C9183A51CADFDC279357C49",
  "PInvoke.WinUsb.dll": "9EB8A0280F2848D1A32B560A939F7336",
  "PInvoke.WtsApi32.dll": "341C94455D2E5893DBE4293D4D67AA4D",
  "Reloaded.Assembler.dll": "C37BF59D2F87B7301223B2CA2F0A5D97",
  "Reloaded.Hooks.Definitions.dll": "165B78F41FCF1306AB5F558B79E8E215",
  "Reloaded.Hooks.dll": "4BC46F6BAA41B7A70DF7FB7FF3095669",
  "Reloaded.Memory.Buffers.dll": "3469C776D9E3E5BA8B211AA1C8CF7FF9",
  "Reloaded.Memory.dll": "E79FAC91AB8C9E13454E2F3F9E28B337",
  "revision.txt": "B9009BEB804FA097C04D226A8BA5102E",
  "SDL2-CS.config": "65557595FD5DF55D93B2BF881DE62C3A",
  "SDL2-CS.dll": "7FF4AEFC4259F5BD5A6D353C91A58E89",
  "Serilog.dll": "5788734811ECE24C1B8606776074EE36",
  "Serilog.Sinks.Async.dll": "826DB41AB8014BFC2D24819578338E09",
  "Serilog.Sinks.Console.dll": "A372D8B934D1979F5197A1BD41381C35",
  "Serilog.Sinks.File.dll": "FAEED274CC10424328D329E0C9EC1D25",
  "SharpDX.Direct3D11.dll": "14042BD5E195CF7AB2847AD200D663E0",
  "SharpDX.dll": "58D3756027896844AFDACC4B922D005B",
  "SharpDX.DXGI.dll": "C0AD184DD66994EDCF8A83F5EEB8DA4F",
  "SharpDX.Mathematics.dll": "D713A78E006158467B56B4B0CA8B6814",
  "Silk.NET.Core.dll": "79995B10E7E9B1A98A3455BA6916E04B",
  "Silk.NET.GLFW.dll": "9A41031234A333744AD252AED597AABD",
  "Silk.NET.Maths.dll": "9B7AFE20FE3EC0EDDDAB685779A3C10B",
  "Silk.NET.OpenGL.dll": "FD748643D6B5F338D566311ACE0FF7BD",
  "Silk.NET.SDL.dll": "ECD66C176CD91B47413E0BB9CC9F6EE9",
  "Silk.NET.Windowing.Common.dll": "1970C6AA93B3A7D7D09ABBF3EA501046",
  "Silk.NET.Windowing.Glfw.dll": "8628046B8228DD5FD4943B7B7B096B84",
  "Silk.NET.Windowing.Sdl.dll": "650819FC4360A4F23155A25BFB38136A",
  "SQLite-net.dll": "04CB509F80A98169001D40EFF2487BDF",
  "SQLitePCLRaw.batteries_v2.dll": "2941C0F149EE6E438E5A508FA730C0E9",
  "SQLitePCLRaw.core.dll": "D21D8542A49B1DABBBCE10C0AD06C0CE",
  "SQLitePCLRaw.nativelibrary.dll": "E3388CEA79CDC63A7ED9D66DDBE90B80",
  "SQLitePCLRaw.provider.dynamic_cdecl.dll": "2D82298936E566CB17194EF21B36EE67",
  "StbiSharp.dll": "8A706EC99AE60E7B53E1D3868D860B9E",
  "System.Reactive.dll": "EF5A00287AD15393D41B12AA4B726FF7",
  "System.Reflection.MetadataLoadContext.dll": "E88E3AF6D37736F339022C9ACC5F2F7B",
  "System.Security.Cryptography.Pkcs.dll": "8950E01996A37E808BE3F39063C37BF9",
  "TEMP_gitver.txt": "F8BCB9A23A3F2026E037572DE3226AA6",
  "TerraFX.Interop.Windows.dll": "84F7EF6B0DE91F8CC23F773D3FD6DEC0",
  "Validation.dll": "4E217740FCBF1D12A34DE96DC794C503"
}
