{
  "runtimes\\alpine-arm\\native\\libe_sqlite3.so": "87AF85204A246154501382901F3F6812",
  "runtimes\\alpine-arm64\\native\\libe_sqlite3.so": "CD4B9AAB53400EFE96ABC32B339A866A",
  "runtimes\\alpine-x64\\native\\libe_sqlite3.so": "6C9D6E34F1E932668237404D6EB6FC66",
  "runtimes\\browser-wasm\\nativeassets\\net7.0\\e_sqlite3.a": "E25518AC5EAD5E787448F3258236888E",
  "runtimes\\linux-arm\\native\\libe_sqlite3.so": "B8DA0DB6A447B5CCE98207F6A250FB84",
  "runtimes\\linux-arm64\\native\\libe_sqlite3.so": "A888898B38395A15F2DE200BAA8B486F",
  "runtimes\\linux-armel\\native\\libe_sqlite3.so": "54F3F4183B81387F7928ED0BB9B67B32",
  "runtimes\\linux-mips64\\native\\libe_sqlite3.so": "D56886A2E2F081CDEA1621BB18132764",
  "runtimes\\linux-musl-arm\\native\\libe_sqlite3.so": "87AF85204A246154501382901F3F6812",
  "runtimes\\linux-musl-arm64\\native\\libe_sqlite3.so": "CD4B9AAB53400EFE96ABC32B339A866A",
  "runtimes\\linux-musl-x64\\native\\libe_sqlite3.so": "6C9D6E34F1E932668237404D6EB6FC66",
  "runtimes\\linux-s390x\\native\\libe_sqlite3.so": "CB751CC76F280849C0E2F718D6784E69",
  "runtimes\\linux-x64\\native\\libe_sqlite3.so": "30098E7FAEB947BF5A5AE2FDB34E4461",
  "runtimes\\linux-x86\\native\\libe_sqlite3.so": "68872BD5071077981504636C2353EAA8",
  "runtimes\\maccatalyst-arm64\\native\\libe_sqlite3.dylib": "B2597C8799A6D21E5B98DB28C9C725FD",
  "runtimes\\maccatalyst-x64\\native\\libe_sqlite3.dylib": "19DCF2A64A7B5D1B8C7705AC809653A5",
  "runtimes\\osx-arm64\\native\\libe_sqlite3.dylib": "FB6D0058E0E849FA8715911B49790350",
  "runtimes\\osx-x64\\native\\libe_sqlite3.dylib": "DE5735102E730C1518C029DB3A0040A9",
  "runtimes\\win-arm\\native\\e_sqlite3.dll": "D100261DB29A1515CDDB139F53119A35",
  "runtimes\\win-arm64\\native\\e_sqlite3.dll": "DDDC91ABF7A9C3ECBEC2EA7850894F0B",
  "runtimes\\win-x64\\native\\e_sqlite3.dll": "E554F0FBFD2B0F8435B2521399B1458A",
  "runtimes\\win-x64\\native\\minhook.x64d.dll": "2353279E4C1862915783566A07DE030D",
  "runtimes\\win-x86\\native\\e_sqlite3.dll": "E3F0A3FDAE89F0D3EB80F1BD1F0B76D7",
  "BCnEncoder.dll": "E2AA9451D6DA8185460C83FBB4EA2F70",
  "BitFaster.Caching.dll": "A496B8DB38EEC9BC074FAE3DDEF81172",
  "CheapLoc.dll": "D87E94E113D51DF65C4200964C920E31",
  "cimgui.dll": "6D39237A70C98A3E18BEB8C0362F0227",
  "cimguizmo.dll": "57DF5B75C548CBFDD08FC3ACE7A0A9CE",
  "cimplot.dll": "693B2DDB9F72845C3121BF57161E76FA",
  "commit_hash.txt": "20B9101DCE9243B791B4A2EEDD083E3C",
  "CommunityToolkit.HighPerformance.dll": "66B64EC334625F2C5D341A45E28EEB43",
  "Dalamud.Bindings.ImGui.dll": "3A9A01A82D90C392FBD48E8A32FFBDDD",
  "Dalamud.Bindings.ImGuizmo.dll": "50BFE3B64638120BF6A5775077B09495",
  "Dalamud.Bindings.ImPlot.dll": "F039B8F6F9E8CE2AC7C7DA9F30C0ED24",
  "Dalamud.Boot.dll": "E3363497E3F81CB7D33CF61CE0B4C012",
  "Dalamud.Common.dll": "3FF669C8076782A187B695961AFCC2C6",
  "Dalamud.deps.json": "CACA03D3A2830CEE745D2CE7A2F3FE4F",
  "Dalamud.dll": "E8256143906AD9096A60871489804C13",
  "Dalamud.Injector.deps.json": "28C3C412E18C8E21BCEC052CCAF9CE11",
  "Dalamud.Injector.dll": "D839D11FEFDFDDE100734DF1FF71CFB4",
  "Dalamud.Injector.exe": "C459DBC1E5B336E0B0B5064B2B650C1D",
  "Dalamud.Injector.runtimeconfig.json": "481C4D4F6151485203242D25F632FCC5",
  "Dalamud.Injector.xml": "573870DEB8A9854EC20203EDE9D78425",
  "Dalamud.runtimeconfig.json": "9DB7F0D7C94CA1AA6CA3ACFA6F93A1D8",
  "Dalamud.xml": "DFAA841D9F8F1288EE2AD761F2043A31",
  "DalamudCrashHandler.exe": "D326E9F75C035C4C3FBA26BDC3E28B00",
  "FASM-LICENSE.TXT": "ECEA1D10811221D5F0A3E96F9C38E2C7",
  "FASM.DLL": "6ACFDBDB67BB2B288E473456F7FBD9F5",
  "FASMX64.DLL": "A21FA3724644366215C4C3A4F94188E8",
  "FFXIVClientStructs.dll": "0488811DDB32416922E694A8072B7C18",
  "FFXIVClientStructs.xml": "52663B044C9ACDF75808F1F2A018F301",
  "goatcorp.Reloaded.Assembler.dll": "F37C8C2B4E0A168C9E6F17638ABE8024",
  "goatcorp.Reloaded.Assembler.targets": "CC22CB0A353E2136EE9E6E96DB9F7164",
  "goatcorp.Reloaded.Hooks.dll": "029477A4A091B80B224C300D08CB78D8",
  "goatcorp.Reloaded.Memory.Buffers.dll": "2578F3D9EAF59CF30F06E9EDC4714538",
  "HexaGen.Runtime.dll": "85D6A339E005B0B7CF61FE7E9F3BBD17",
  "Iced.dll": "678FB5343A81B736245BBF0C87645D3E",
  "ImGuiScene.dll": "02B5545067843D74934005F6308E4C1F",
  "InteropGenerator.Runtime.dll": "12D6CCDD9ED34E6FCC3912B43AD6D4EE",
  "JetBrains.Annotations.dll": "D334483DFBCF8BE6062277E1FB3B94F3",
  "licenses.txt": "A159BE62AA91178EFC3E3983AE874D1D",
  "Lumina.dll": "0849DBABE64F589D17884A245FEDFA84",
  "Lumina.Excel.dll": "624E9D70E014ECFB513FBD0F0028C8E3",
  "Lumina.Excel.xml": "AEE3C28A2AE7FBEC7B9B5685FA0F569D",
  "Microsoft.Extensions.ObjectPool.dll": "CB2B8426DF93B062B631BC85B3369BED",
  "MinSharp.dll": "4BA9AAD99E8BED54F9150B9368BB837E",
  "Mono.Cecil.dll": "9AF45028487E0D053D4EFCC16F504C5F",
  "Mono.Cecil.Mdb.dll": "E4665F16D684996D73A571E2623CFEC2",
  "Mono.Cecil.Pdb.dll": "5DFB195B86A1398E7D2788725D3E0B24",
  "Mono.Cecil.Rocks.dll": "DE6809D305967E34B88261001B53BF9C",
  "nethost.dll": "21F39F71E2F4B5BA9FB3F126872F2F9B",
  "Newtonsoft.Json.dll": "C252FE44B67A08E6DAB4EADE3764DB49",
  "PeNet.Asn1.dll": "66C504C67AC75215B51D327E593ADF6B",
  "PeNet.dll": "9DD1FCE47D6B8F294D3754CE622257AD",
  "Reloaded.Hooks.Definitions.dll": "E216CCB0AE6A238CB82352F00361E88C",
  "Reloaded.Memory.Buffers.dll": "6FE71362DB80F78441872F3E8A1242FE",
  "Reloaded.Memory.dll": "600C6EE7A796C62688E13263866E47A5",
  "revision.txt": "A2F04745390FD6897D09772B2CD1F581",
  "Serilog.dll": "B0CB94AECD01B36697FC793AB393DDF5",
  "Serilog.Sinks.Async.dll": "8BA24ED98926039217B0BB13C6A7D4C3",
  "Serilog.Sinks.Console.dll": "C1018337F659F4370F82C0831B442724",
  "Serilog.Sinks.File.dll": "00CDE570533619EFCAB67C25A76CF4D8",
  "SQLite-net.dll": "FAA8C0E3AEF744D1264A547CB1838A20",
  "SQLitePCLRaw.batteries_v2.dll": "10239D7C9BFD286F132A1738214ACB2C",
  "SQLitePCLRaw.core.dll": "38931EB1ED83126BB745C890606D23AA",
  "SQLitePCLRaw.provider.e_sqlite3.dll": "C7383C7DF4CAE2D7AEFEE3A63E99359D",
  "System.Reactive.dll": "C6016588304D55406E3D1C2FA7D42903",
  "System.Reflection.MetadataLoadContext.dll": "284C720DEE2524BCF10DD1B5648AA303",
  "System.Security.Cryptography.Pkcs.dll": "17945B2BF07D9377E36AD3EBE69FF693",
  "TEMP_gitver.txt": "E008065F86290E8D26DD44078D99BF8F",
  "TerraFX.Interop.Windows.dll": "C75D06E77DE5A095D45676A81CDE0DC9"
}
