{
  "runtimes\\alpine-x64\\native\\libe_sqlite3.so": "39C244FEDBCD3DFC37041D4FCE1AE21D",
  "runtimes\\linux-arm\\native\\libe_sqlite3.so": "96CF54BC0EFB83D6E3F5F3E04997A59D",
  "runtimes\\linux-arm64\\native\\libe_sqlite3.so": "F079E55E7F3F9966A4A2052A3234E068",
  "runtimes\\linux-armel\\native\\libe_sqlite3.so": "C5A67D49434FC65D64E9C15778078C76",
  "runtimes\\linux-mips64\\native\\libe_sqlite3.so": "5F8461214089CFC677D46C19B7162161",
  "runtimes\\linux-musl-x64\\native\\libe_sqlite3.so": "39C244FEDBCD3DFC37041D4FCE1AE21D",
  "runtimes\\linux-x64\\native\\libe_sqlite3.so": "6F49C540D3AB9964D67A4A704C3D262D",
  "runtimes\\linux-x64\\native\\libglfw.so.3": "9E3137144F68B9E9793F4C7AD5B1BEA7",
  "runtimes\\linux-x64\\native\\libSDL2-2.0.so": "99B95A708381FC66AB2370E45A260527",
  "runtimes\\linux-x64\\native\\libstbi.so": "0945355ED59677D06E3E88F48101BB26",
  "runtimes\\linux-x86\\native\\libe_sqlite3.so": "5E0659B414CBD6DDC38C65582485853E",
  "runtimes\\osx-x64\\native\\libe_sqlite3.dylib": "F82AE134FCD1C080A69D775591406673",
  "runtimes\\osx-x64\\native\\libglfw.3.dylib": "1E30FAB2F0C40E82290AD4B0BF14A880",
  "runtimes\\osx-x64\\native\\libSDL2-2.0.dylib": "AAC958490586C67395F0A90903AE3747",
  "runtimes\\osx-x64\\native\\libstbi.dylib": "0B84B0A6A80178266018081C3CAB68E6",
  "runtimes\\win-arm\\native\\e_sqlite3.dll": "22954A6EFD72B5FAD06B385B6654E6A6",
  "runtimes\\win-arm64\\native\\e_sqlite3.dll": "551DCC37DE85C83AD2124B76B98B0937",
  "runtimes\\win-x64\\native\\cimgui.dll": "F51764361D32D0A902766B98347A439A",
  "runtimes\\win-x64\\native\\cimguizmo.dll": "1DB452E6362EFAC7753CCD9BA7F94EB0",
  "runtimes\\win-x64\\native\\cimplot.dll": "9C58BF6D9D96B10880E8B74B54B11B22",
  "runtimes\\win-x64\\native\\e_sqlite3.dll": "53E4A2879D9879253CC4841D0FC89242",
  "runtimes\\win-x64\\native\\glfw3.dll": "32D737CFB2B80160F2B091DB20D25584",
  "runtimes\\win-x64\\native\\minhook.x64d.dll": "EF865B4F8866C9D7075ED924DA9AD290",
  "runtimes\\win-x64\\native\\SDL2.dll": "5114B36C087CEB9E805C62CF20F36D21",
  "runtimes\\win-x64\\native\\stbi.dll": "B0636F5DB4DBC12FA017F2D5D4756E87",
  "runtimes\\win-x64\\native\\stbi.lib": "927C214DE576219E1F80DBE7798A0502",
  "runtimes\\win-x86\\native\\e_sqlite3.dll": "B8905938561B0F3DB0DF74FF3759C8ED",
  "runtimes\\win-x86\\native\\glfw3.dll": "07C473BE7982ADC2E6BDA5CD2F2B05DF",
  "runtimes\\win-x86\\native\\SDL2.dll": "3FBD84AD59D44659265614E7F6222C56",
  "targets\\Dalamud.Plugin.Bootstrap.targets": "C85635161398CD9852CF7212DB7EB904",
  "targets\\Dalamud.Plugin.targets": "DDD731601C06B16E10CF2F8990452A27",
  "BitFaster.Caching.dll": "273B658FC4C109531BA4DE1E371AB1EB",
  "CheapLoc.dll": "8A6D95AEE64FDFE24574C59BE6BCA47C",
  "Costura.dll": "77AFF128A39D18AFE257EF45E96CD059",
  "Dalamud.Boot.dll": "87919040063EDB83D1AC262BF7BD42F6",
  "Dalamud.Common.dll": "2060F324C819BE3F5D13F6EB1BD42329",
  "Dalamud.deps.json": "6BFBB0418814AF2ADCC0A51DB48EE0A9",
  "Dalamud.dll": "BF644FB2412E747A690FD48EC7C5CC5F",
  "Dalamud.Injector.deps.json": "973E5D437761614CB8BADBA9E2C0F6EA",
  "Dalamud.Injector.dll": "6473FED05E55E05084A0BB63538013B7",
  "Dalamud.Injector.exe": "90CCEAA5060293BBC6DBDB769908EAA6",
  "Dalamud.Injector.runtimeconfig.json": "B9BB65FFE7924D4D8BABE9FA66303200",
  "Dalamud.Injector.xml": "D41E5DF541D19A015215E777D7395C9C",
  "Dalamud.runtimeconfig.json": "2A9CD915428BDD175E0889BD0C225F75",
  "Dalamud.xml": "00447F62E47ACA9E0C2382BCEC5066A3",
  "DalamudCrashHandler.exe": "BB71D145BCD57EC54477E692C481C13A",
  "FASM-LICENSE.TXT": "ECEA1D10811221D5F0A3E96F9C38E2C7",
  "FASM.DLL": "D8EE65E8C33DB5A85129AC58093F3960",
  "FASMX64.DLL": "99113772E13F2EB7B34670F13F92AD74",
  "FFXIVClientStructs.dll": "461AC56C2F3698E54BD536746FED543B",
  "FFXIVClientStructs.xml": "A211F29F985D9C4F688F6EAC02096F48",
  "goaaats.Reloaded.Assembler.targets": "CC22CB0A353E2136EE9E6E96DB9F7164",
  "Iced.dll": "649B7A1EF4DB05A628FC06282C00768D",
  "ImGui.NET.dll": "06F51C1F50153C7AE5AB4E83B3CDB24B",
  "ImGuiScene.dll": "1B06050D62EC8106CF47B6227AC825C1",
  "InteropGenerator.Runtime.dll": "48F75B42ED9AFACF0B339D3D79B91B88",
  "JetBrains.Annotations.dll": "9F0471848AAE3BCA179DBB86ED27E328",
  "licenses.txt": "A159BE62AA91178EFC3E3983AE874D1D",
  "Lumina.dll": "E6947448762C714E018763FBD83295BA",
  "Lumina.Excel.dll": "FB672A5C5198D26E3D94ABA21604792B",
  "Microsoft.Bcl.HashCode.dll": "613AB56061ADF2284E047025207467E0",
  "Microsoft.DotNet.PlatformAbstractions.dll": "00AB0F02B1114C57C758F5AD595224F1",
  "Microsoft.Extensions.DependencyModel.dll": "F39BC76C10CFEA478C936FC4521A9FC9",
  "Microsoft.Extensions.ObjectPool.dll": "FEE3CE8A84417360CC5ED787ED6F7DB1",
  "MinSharp.dll": "634C90DC1677ADB0E1B64EAC8977B541",
  "Mono.Cecil.dll": "22A550E593730BE1D34EC5ED826F0D74",
  "Mono.Cecil.Mdb.dll": "F0555F2BCB002DC09B1AE6FE84EB5489",
  "Mono.Cecil.Pdb.dll": "BC08FDF55367F926012D0C36592A1653",
  "Mono.Cecil.Rocks.dll": "9B36567757BFFE1670BF72D07548ACEC",
  "nethost.dll": "21F39F71E2F4B5BA9FB3F126872F2F9B",
  "Newtonsoft.Json.dll": "ADF3E3EECDE20B7C9661E9C47106A14A",
  "PeNet.Asn1.dll": "6500721D3A0B1C47ACF800CE345BF9A7",
  "PeNet.dll": "E6641581134C25AAD8BD4A13D01A6077",
  "PInvoke.AdvApi32.dll": "34EE461D05B403C3A15D0DEC32A3788C",
  "PInvoke.BCrypt.dll": "FD07758EE1440491F22923084109FF26",
  "PInvoke.Cabinet.dll": "333D950E3804735DA60CC41D614C63E2",
  "PInvoke.CfgMgr32.dll": "768BE7CC18EDCF78B296A72ABE891691",
  "PInvoke.Crypt32.dll": "E7B00B0851738F4A7F2C6D37DAA973B4",
  "PInvoke.DbgHelp.dll": "E701136169620D20E3A70B560DE20E44",
  "PInvoke.DwmApi.dll": "ACF223CC8962404056648815B486F7D9",
  "PInvoke.Gdi32.dll": "69FF434826F98582CE44D3136ECFFACB",
  "PInvoke.Hid.dll": "2E7A41257F8AD9B26073181F450CD8E5",
  "PInvoke.ImageHlp.dll": "79BE816E8D86EA66489D7780DD675D49",
  "PInvoke.IPHlpApi.dll": "E949FA3326D1BA8872B179AB4EE49D38",
  "PInvoke.Kernel32.dll": "234E15B122ED430DE99490CA1A204958",
  "PInvoke.Magnification.dll": "C9EA3D34F506741ECC044DB19C151F09",
  "PInvoke.Msi.dll": "69EE50CE2DA6B55755E52589F49A7EBC",
  "PInvoke.NCrypt.dll": "DA1DE76C14D99370CA3BEF19DC299B15",
  "PInvoke.NetApi32.dll": "AE79F9FA2E3864A5E0642AE4622ECDC5",
  "PInvoke.NewDev.dll": "B3E1992105D986EF9C5C8E4B630FBB07",
  "PInvoke.NTDll.dll": "3F6BDF840EB27DD0FD9EB8071822183A",
  "PInvoke.Ole32.dll": "3C49FB100B60519FFE725BCD12A538F6",
  "PInvoke.Psapi.dll": "A7683EE4B880227F01C8AE632A892B9E",
  "PInvoke.SetupApi.dll": "1B7AE321185D0081D1759A9AD829F9BA",
  "PInvoke.SHCore.dll": "F27E7F063D51480F6D2294C903E4A606",
  "PInvoke.Shell32.dll": "F71A1BCAF6478190691170DAEA77722F",
  "PInvoke.User32.dll": "8BEDE38311ED4F27127290B81B8079FD",
  "PInvoke.Userenv.dll": "FEB7BCA90B8C905EC2F4BB0789847131",
  "PInvoke.UxTheme.dll": "8E683C016250CB719FDB9AAAFC22B3C5",
  "PInvoke.Windows.Core.dll": "90015440A44935208FFEA9BF61740651",
  "PInvoke.Windows.ShellScalingApi.dll": "F351B34B8C9183A51CADFDC279357C49",
  "PInvoke.WinUsb.dll": "9EB8A0280F2848D1A32B560A939F7336",
  "PInvoke.WtsApi32.dll": "341C94455D2E5893DBE4293D4D67AA4D",
  "Reloaded.Assembler.dll": "1DE71280EF53AE980D98E19C160E4414",
  "Reloaded.Hooks.Definitions.dll": "947D602941D70F45FCD815716427A5BB",
  "Reloaded.Hooks.dll": "16AC8AAA4C234DCCFCDDABE50BDE7AD0",
  "Reloaded.Memory.Buffers.dll": "F14B66E8DBA2F1DE633BFB3618E39E81",
  "Reloaded.Memory.dll": "951A2D16937A6EF9BD66511A3C0E2C74",
  "revision.txt": "C8DA655DBB57D68EC776F214A7908B6D",
  "SDL2-CS.config": "65557595FD5DF55D93B2BF881DE62C3A",
  "SDL2-CS.dll": "F50C94C46B1D1CC3C06DBB0F3A41F57C",
  "Serilog.dll": "EEBE299D97C54ECF6DFEAB0B3993D573",
  "Serilog.Sinks.Async.dll": "FFFC73A3D8FA0B17826EA425801199D4",
  "Serilog.Sinks.Console.dll": "D01EDF0D9E685856111E925E15169750",
  "Serilog.Sinks.File.dll": "557A84FDC9EBAF08F544DFC9C492589C",
  "SharpDX.Direct3D11.dll": "70F6FD69E9C53D99FF811951D381F4EA",
  "SharpDX.dll": "54698FC4CA14B5EB5940FAE376B88EE8",
  "SharpDX.DXGI.dll": "81E98615D81ED196C58B81E0B91ADF31",
  "SharpDX.Mathematics.dll": "16C3C8DE242609C0E1237850C4C24CD4",
  "Silk.NET.Core.dll": "BE92352D3573C2E7C775B8CD514ED757",
  "Silk.NET.GLFW.dll": "54D89F764B4A9BD0CC5D1E30F9A2A898",
  "Silk.NET.Maths.dll": "CC8F079DA7669E52C108CE960405994C",
  "Silk.NET.OpenGL.dll": "65BA423733C8E3892B2478070863DF1B",
  "Silk.NET.SDL.dll": "AF6B3E84D9ECB408E9E7AB341659D357",
  "Silk.NET.Windowing.Common.dll": "804E42AB913665587813CAA8C33FB2C6",
  "Silk.NET.Windowing.Glfw.dll": "65F98CA2B170368DB6CCE0168D2A8554",
  "Silk.NET.Windowing.Sdl.dll": "DBA683DBE17B85D81E84315B1C731778",
  "SQLite-net.dll": "B153E938880A04AD1737CAB738817BD8",
  "SQLitePCLRaw.batteries_v2.dll": "62C897AA88E83EA01F7F1FCD321C722E",
  "SQLitePCLRaw.core.dll": "E77605ECF27D888819B46CFEC9E71B28",
  "SQLitePCLRaw.nativelibrary.dll": "51AB58EA58F535F7427166790EE323E8",
  "SQLitePCLRaw.provider.dynamic_cdecl.dll": "99952B9867C5E9F21D578A320E9575D7",
  "StbiSharp.dll": "F77BD5C3D3D89FA92AB0D9D527863871",
  "System.Reactive.dll": "EF5A00287AD15393D41B12AA4B726FF7",
  "System.Reflection.MetadataLoadContext.dll": "E88E3AF6D37736F339022C9ACC5F2F7B",
  "System.Security.Cryptography.Pkcs.dll": "8950E01996A37E808BE3F39063C37BF9",
  "TEMP_gitver.txt": "BFD0CF66B27EB99D0291AC3094A6E48C",
  "TerraFX.Interop.Windows.dll": "84F7EF6B0DE91F8CC23F773D3FD6DEC0",
  "Validation.dll": "F4FFC7A46CAE5D6D793D218D20D2A3B0"
}
