{
  "runtimes\\alpine-x64\\native\\libe_sqlite3.so": "39C244FEDBCD3DFC37041D4FCE1AE21D",
  "runtimes\\linux-arm\\native\\libe_sqlite3.so": "96CF54BC0EFB83D6E3F5F3E04997A59D",
  "runtimes\\linux-arm64\\native\\libe_sqlite3.so": "F079E55E7F3F9966A4A2052A3234E068",
  "runtimes\\linux-armel\\native\\libe_sqlite3.so": "C5A67D49434FC65D64E9C15778078C76",
  "runtimes\\linux-mips64\\native\\libe_sqlite3.so": "5F8461214089CFC677D46C19B7162161",
  "runtimes\\linux-musl-x64\\native\\libe_sqlite3.so": "39C244FEDBCD3DFC37041D4FCE1AE21D",
  "runtimes\\linux-x64\\native\\libe_sqlite3.so": "6F49C540D3AB9964D67A4A704C3D262D",
  "runtimes\\linux-x86\\native\\libe_sqlite3.so": "5E0659B414CBD6DDC38C65582485853E",
  "runtimes\\osx-x64\\native\\libe_sqlite3.dylib": "F82AE134FCD1C080A69D775591406673",
  "runtimes\\win-arm\\native\\e_sqlite3.dll": "E23194BA5590BC27EB7D870F9FF27634",
  "runtimes\\win-arm64\\native\\e_sqlite3.dll": "ED6721CAD22A7F8ECA4AF1DBC80375A0",
  "runtimes\\win-x64\\native\\e_sqlite3.dll": "90A0F1C01B2F36AA59F56A42A02A86BE",
  "runtimes\\win-x64\\native\\minhook.x64d.dll": "3BD10293E08C2989B109DF791A0065A7",
  "runtimes\\win-x86\\native\\e_sqlite3.dll": "E604E7420D5FDD3121B07C9823AE8398",
  "targets\\Dalamud.Plugin.Bootstrap.targets": "C85635161398CD9852CF7212DB7EB904",
  "targets\\Dalamud.Plugin.targets": "394EE2BEC70254F76ABBE2C33F62BBFA",
  "BitFaster.Caching.dll": "AD46C96910ED2825566817CB4964F3AB",
  "CheapLoc.dll": "A71C30C90AA759524C08B565AA9F4AC4",
  "cimgui.dll": "26B891166B726E93D98FDCBA2B4FA173",
  "cimguizmo.dll": "79EEE008B5160FFC97E4F869635E62D7",
  "cimplot.dll": "B939207D5CE943284D7709FE9FC39C9E",
  "commit_hash.txt": "E3D804C11536C37378C6CB04BB58EA74",
  "Dalamud.Bindings.ImGui.dll": "F5AC9034FD63BEE6BBB24E053009B594",
  "Dalamud.Bindings.ImGuizmo.dll": "EA987F7E8579A84B62FC0ED0EFBF194D",
  "Dalamud.Bindings.ImPlot.dll": "1B1B25E53BD06AC61EF681A70D0E614D",
  "Dalamud.Boot.dll": "57A69DFC9080D3744D80F7136C28B621",
  "Dalamud.Common.dll": "6EC4B6DA7A0BF0D47E8A3FC87D67B9E2",
  "Dalamud.deps.json": "575AA932FCC7C5176EDC0CD79BFE38A2",
  "Dalamud.dll": "844FC60A78E1A9C2C17ED1B1EB67C895",
  "Dalamud.Injector.deps.json": "C21972522E8133995B2C9562B3E39983",
  "Dalamud.Injector.dll": "FDA4F4B3C9F71E255075A9B9B88B5EA4",
  "Dalamud.Injector.exe": "00304155B646E1B0150DAE95D431B2CD",
  "Dalamud.Injector.runtimeconfig.json": "439C534917CEF268A731631073E50FE4",
  "Dalamud.Injector.xml": "6730B8BB13078B71889B5A56C5DFAC6D",
  "Dalamud.runtimeconfig.json": "CA3935E9C6B9E3300F2D7171E4AF6335",
  "Dalamud.xml": "ADB63BF4E12E31256C917586E301AFF0",
  "DalamudCrashHandler.exe": "F2AFCCB6A3EC53677D5059A4063F9599",
  "FASM-LICENSE.TXT": "ECEA1D10811221D5F0A3E96F9C38E2C7",
  "FASM.DLL": "AF3F7F25751422948C8D0279ACEE33F5",
  "FASMX64.DLL": "C036B9C70384854733D68757CD3830E1",
  "FFXIVClientStructs.dll": "17387D3BA67989502D2C8CF1469A3E7E",
  "FFXIVClientStructs.xml": "79406C620A1C9109D0275A99C930B340",
  "goatcorp.Reloaded.Assembler.targets": "CC22CB0A353E2136EE9E6E96DB9F7164",
  "HexaGen.Runtime.dll": "E9189C5DD658741DF47E386587C2048B",
  "Iced.dll": "B02BC3A181F9C59060975D16352D0575",
  "ImGuiScene.dll": "249DD2966C99423B2026E759E0993456",
  "InteropGenerator.Runtime.dll": "E7ADEA1D99F4F8E70AF3E99F5CC5CF6F",
  "JetBrains.Annotations.dll": "E144DC816F6156CA9F05D5A4BAFC6D94",
  "licenses.txt": "A159BE62AA91178EFC3E3983AE874D1D",
  "Lumina.dll": "8262243AD96E50F356B3D53E981160C3",
  "Lumina.Excel.dll": "B904F9AE30D17C1F092177570D17C0F7",
  "Lumina.Excel.xml": "0089FDC0BA0B16ED0696413305959999",
  "Microsoft.Extensions.ObjectPool.dll": "5510583E2B50BE953814615586673C33",
  "MinSharp.dll": "55D96DECF48CA584DDCAF6D55A693A9D",
  "Mono.Cecil.dll": "2C53A5CE160DEBC8CCF11FB557391166",
  "Mono.Cecil.Mdb.dll": "0CF69052F2980DEAB642DA44BF287E24",
  "Mono.Cecil.Pdb.dll": "60BCAE2691C84D7E9D610EB071DA4852",
  "Mono.Cecil.Rocks.dll": "4D6ADD3AE0B7EE5248B2D2FDA826D981",
  "nethost.dll": "21F39F71E2F4B5BA9FB3F126872F2F9B",
  "Newtonsoft.Json.dll": "ADF3E3EECDE20B7C9661E9C47106A14A",
  "PeNet.Asn1.dll": "1A51F651DA0241F6FF3D73236E7A9C2D",
  "PeNet.dll": "B0014176CDFB0E38618685D956350EC7",
  "Reloaded.Assembler.dll": "230D2E78C1C71B572234DDEF4AC02D0F",
  "Reloaded.Hooks.Definitions.dll": "BFB0CA589436D61FA47B14B152992971",
  "Reloaded.Hooks.dll": "A02A79C9E1C882929EC301A412BC3E7E",
  "Reloaded.Memory.Buffers.dll": "9556EC2B423BF8807DE8BF5A2A784E0C",
  "Reloaded.Memory.dll": "ED4D7E7FAA3231A280F64D0C8AA9A62E",
  "revision.txt": "9E05FB01C4C2AA78872FF38B73E69197",
  "Serilog.dll": "6193E7CC7A00BCCA972D7AD20AB1F734",
  "Serilog.Sinks.Async.dll": "5E78C4050167294EC6FCB893C30BD756",
  "Serilog.Sinks.Console.dll": "27D79A12FB191ADFAB0A89B5B723874C",
  "Serilog.Sinks.File.dll": "90D6A23BBD24C5D45DC553992144B2B7",
  "SharpDX.Direct3D11.dll": "9DDD96FD71D2E655BD8B045EE9F8754C",
  "SharpDX.dll": "122A89A2A167AAB2D3B3500E71834CC6",
  "SharpDX.DXGI.dll": "8E15A591D7B6E2DE0DD2EA81778FF3AC",
  "SharpDX.Mathematics.dll": "29F6244C2564E0614DF0B82E567B1F59",
  "SQLite-net.dll": "BBF162DACDC98FE5B8CAA20597A30658",
  "SQLitePCLRaw.batteries_v2.dll": "88CAD742C52C0C2EF4A729E2F3FB540B",
  "SQLitePCLRaw.core.dll": "84A1E88233799640CC5A5E1B608BCF97",
  "SQLitePCLRaw.nativelibrary.dll": "99517BFB37C038FB069B03D2B7FF4525",
  "SQLitePCLRaw.provider.dynamic_cdecl.dll": "9444CBC7CB5D5E9F4B05899F54A13731",
  "System.Reactive.dll": "EF5A00287AD15393D41B12AA4B726FF7",
  "System.Reflection.MetadataLoadContext.dll": "E88E3AF6D37736F339022C9ACC5F2F7B",
  "System.Security.Cryptography.Pkcs.dll": "8950E01996A37E808BE3F39063C37BF9",
  "TEMP_gitver.txt": "7024C7E1E054058BA3C80BC99AFCDBCA",
  "TerraFX.Interop.Windows.dll": "84F7EF6B0DE91F8CC23F773D3FD6DEC0"
}
