{
  "runtimes\\alpine-x64\\native\\libe_sqlite3.so": "39C244FEDBCD3DFC37041D4FCE1AE21D",
  "runtimes\\linux-arm\\native\\libe_sqlite3.so": "96CF54BC0EFB83D6E3F5F3E04997A59D",
  "runtimes\\linux-arm64\\native\\libe_sqlite3.so": "F079E55E7F3F9966A4A2052A3234E068",
  "runtimes\\linux-armel\\native\\libe_sqlite3.so": "C5A67D49434FC65D64E9C15778078C76",
  "runtimes\\linux-mips64\\native\\libe_sqlite3.so": "5F8461214089CFC677D46C19B7162161",
  "runtimes\\linux-musl-x64\\native\\libe_sqlite3.so": "39C244FEDBCD3DFC37041D4FCE1AE21D",
  "runtimes\\linux-x64\\native\\libe_sqlite3.so": "6F49C540D3AB9964D67A4A704C3D262D",
  "runtimes\\linux-x64\\native\\libglfw.so.3": "9E3137144F68B9E9793F4C7AD5B1BEA7",
  "runtimes\\linux-x64\\native\\libSDL2-2.0.so": "99B95A708381FC66AB2370E45A260527",
  "runtimes\\linux-x64\\native\\libstbi.so": "0945355ED59677D06E3E88F48101BB26",
  "runtimes\\linux-x86\\native\\libe_sqlite3.so": "5E0659B414CBD6DDC38C65582485853E",
  "runtimes\\osx-x64\\native\\libe_sqlite3.dylib": "F82AE134FCD1C080A69D775591406673",
  "runtimes\\osx-x64\\native\\libglfw.3.dylib": "1E30FAB2F0C40E82290AD4B0BF14A880",
  "runtimes\\osx-x64\\native\\libSDL2-2.0.dylib": "AAC958490586C67395F0A90903AE3747",
  "runtimes\\osx-x64\\native\\libstbi.dylib": "0B84B0A6A80178266018081C3CAB68E6",
  "runtimes\\win-arm\\native\\e_sqlite3.dll": "728BD3C8B6E3B47FC78BA8B00CA8E48B",
  "runtimes\\win-arm64\\native\\e_sqlite3.dll": "16D1A9C3140F86EFB2FCC0E7348EF84A",
  "runtimes\\win-x64\\native\\cimgui.dll": "2BC16D6BF450CD0CB0BF6CD154946565",
  "runtimes\\win-x64\\native\\cimguizmo.dll": "545A441CA17152808781C6D10014A57C",
  "runtimes\\win-x64\\native\\cimplot.dll": "1F43365B94FAA9E07C1529AA3ED7E3E9",
  "runtimes\\win-x64\\native\\e_sqlite3.dll": "77A6281EE27FC093FD5E112B905A6174",
  "runtimes\\win-x64\\native\\glfw3.dll": "B88DA53082D5AE1FE0B1A60124F6509F",
  "runtimes\\win-x64\\native\\minhook.x64d.dll": "0EF7B2C93A45455B0FAE131FE25E615D",
  "runtimes\\win-x64\\native\\SDL2.dll": "42247EFC58B2EE4793C74CD09BD0D802",
  "runtimes\\win-x64\\native\\stbi.dll": "E19AA4DB4D7C8F31D6E112290B1248CA",
  "runtimes\\win-x64\\native\\stbi.lib": "927C214DE576219E1F80DBE7798A0502",
  "runtimes\\win-x86\\native\\e_sqlite3.dll": "E0AC153B758C4303206EE2AA14955241",
  "runtimes\\win-x86\\native\\glfw3.dll": "F785F3F67206F1BAFC953FEF4883A216",
  "runtimes\\win-x86\\native\\SDL2.dll": "2694F6FF95FF352F957832449A2C8D6F",
  "targets\\Dalamud.Plugin.Bootstrap.targets": "C85635161398CD9852CF7212DB7EB904",
  "targets\\Dalamud.Plugin.targets": "11001C983157350F50D99F1A827999B5",
  "CheapLoc.dll": "C818B69ADD0EB2F3B90EADFD3A97EB86",
  "Costura.dll": "4A6557BAE2040E5B7018667BB3F7D1A6",
  "Dalamud.Boot.dll": "71F263C21FBD1E56D3766A38FE8A6C73",
  "Dalamud.Common.dll": "465EDE11093F73A0B1A0C1D96AB73C23",
  "Dalamud.deps.json": "34E952AAD5CC21EC6ADD86A6C9914F5A",
  "Dalamud.dll": "69F5580BAE08694A348792B245675589",
  "Dalamud.Injector.deps.json": "4E53ABE9A5D3E4592DA63EBF98DAAD86",
  "Dalamud.Injector.dll": "4F2919F8F4C43EC08925010EB74D4D5D",
  "Dalamud.Injector.exe": "1849DE46DB2C99A4A6553CA02364A056",
  "Dalamud.Injector.runtimeconfig.json": "AAAFA957BB3B382321D67ACC2D792553",
  "Dalamud.Injector.xml": "6CFC451561E67CE7788814C5B327D7EC",
  "Dalamud.runtimeconfig.json": "454E2BA21742B08CF0A9827950A92B0F",
  "Dalamud.xml": "6C8F4DF20F7B1E63626DCBB129514CC1",
  "DalamudCrashHandler.exe": "78AAEDABA794AC24ECEE57E73D8D82EB",
  "FASM-LICENSE.TXT": "ECEA1D10811221D5F0A3E96F9C38E2C7",
  "FASM.DLL": "84C7D7391DFA32C36CD44E266EFBB6E8",
  "FASMX64.DLL": "96BAA951B60617A6177D938FD77A30AF",
  "FFXIVClientStructs.dll": "85DEE72C0766441B120548498269144B",
  "FFXIVClientStructs.xml": "4BFBE046159AFF8D5135DAF6B9CB0436",
  "goaaats.Reloaded.Assembler.targets": "CC22CB0A353E2136EE9E6E96DB9F7164",
  "Iced.dll": "C1FC5EE151ACC9123EC2FFDFC2110CE3",
  "ImGui.NET.dll": "B14328DC55FE538042A633B4F6F3756A",
  "ImGuiScene.dll": "87BC8821F515367151A69A4AE748E73D",
  "JetBrains.Annotations.dll": "D9BA9F6B7FD1A11B4E6CE5F14A2F0D10",
  "licenses.txt": "A159BE62AA91178EFC3E3983AE874D1D",
  "Lumina.dll": "86F4C2658E379AD833C40EC40288CC5F",
  "Lumina.Excel.dll": "4B312ED525ABD9C324DDD050A970E103",
  "Microsoft.Bcl.HashCode.dll": "613AB56061ADF2284E047025207467E0",
  "Microsoft.DotNet.PlatformAbstractions.dll": "00AB0F02B1114C57C758F5AD595224F1",
  "Microsoft.Extensions.DependencyModel.dll": "F39BC76C10CFEA478C936FC4521A9FC9",
  "MinSharp.dll": "32C1EF270B08233259A989B3DD900642",
  "Mono.Cecil.dll": "42DE63A7C3E61E60CF1BBEAF92E281E6",
  "Mono.Cecil.Mdb.dll": "EFF2E0DEA3151525881DDE15E9B6A53B",
  "Mono.Cecil.Pdb.dll": "0D216983191FEEA8E3147C340C54C07D",
  "Mono.Cecil.Rocks.dll": "9E0ED9C7137399840013045594A96254",
  "MonoMod.Backports.dll": "068BE594FBA0BF747B44E2A3D7003DED",
  "MonoMod.Core.dll": "643E13C90E440ABC54A7587A0B542109",
  "MonoMod.Iced.dll": "E3C92FCEBFA36157E5C87CF4AA1DC4C2",
  "MonoMod.ILHelpers.dll": "4F2CB3307DDB881F12EE720EAC783B3B",
  "MonoMod.RuntimeDetour.dll": "6495DE6FD3952BCF83056335F8E38628",
  "MonoMod.Utils.dll": "8793BAB95CD85649A174A9A524D1EF21",
  "nethost.dll": "012081214FE71F0F6ADCD9F4A71B2B00",
  "Newtonsoft.Json.dll": "86A83A63F12B55FD3718CFBFB577D7DC",
  "PeNet.Asn1.dll": "94DF8514CC99C76AA8ED9C86D7F2197A",
  "PeNet.dll": "A1B7480C4A9307CCCE1521749BB3B74F",
  "PInvoke.AdvApi32.dll": "34EE461D05B403C3A15D0DEC32A3788C",
  "PInvoke.BCrypt.dll": "FD07758EE1440491F22923084109FF26",
  "PInvoke.Cabinet.dll": "333D950E3804735DA60CC41D614C63E2",
  "PInvoke.CfgMgr32.dll": "768BE7CC18EDCF78B296A72ABE891691",
  "PInvoke.Crypt32.dll": "E7B00B0851738F4A7F2C6D37DAA973B4",
  "PInvoke.DbgHelp.dll": "E701136169620D20E3A70B560DE20E44",
  "PInvoke.DwmApi.dll": "ACF223CC8962404056648815B486F7D9",
  "PInvoke.Gdi32.dll": "69FF434826F98582CE44D3136ECFFACB",
  "PInvoke.Hid.dll": "2E7A41257F8AD9B26073181F450CD8E5",
  "PInvoke.ImageHlp.dll": "79BE816E8D86EA66489D7780DD675D49",
  "PInvoke.IPHlpApi.dll": "E949FA3326D1BA8872B179AB4EE49D38",
  "PInvoke.Kernel32.dll": "234E15B122ED430DE99490CA1A204958",
  "PInvoke.Magnification.dll": "C9EA3D34F506741ECC044DB19C151F09",
  "PInvoke.Msi.dll": "69EE50CE2DA6B55755E52589F49A7EBC",
  "PInvoke.NCrypt.dll": "DA1DE76C14D99370CA3BEF19DC299B15",
  "PInvoke.NetApi32.dll": "AE79F9FA2E3864A5E0642AE4622ECDC5",
  "PInvoke.NewDev.dll": "B3E1992105D986EF9C5C8E4B630FBB07",
  "PInvoke.NTDll.dll": "3F6BDF840EB27DD0FD9EB8071822183A",
  "PInvoke.Ole32.dll": "3C49FB100B60519FFE725BCD12A538F6",
  "PInvoke.Psapi.dll": "A7683EE4B880227F01C8AE632A892B9E",
  "PInvoke.SetupApi.dll": "1B7AE321185D0081D1759A9AD829F9BA",
  "PInvoke.SHCore.dll": "F27E7F063D51480F6D2294C903E4A606",
  "PInvoke.Shell32.dll": "F71A1BCAF6478190691170DAEA77722F",
  "PInvoke.User32.dll": "8BEDE38311ED4F27127290B81B8079FD",
  "PInvoke.Userenv.dll": "FEB7BCA90B8C905EC2F4BB0789847131",
  "PInvoke.UxTheme.dll": "8E683C016250CB719FDB9AAAFC22B3C5",
  "PInvoke.Windows.Core.dll": "90015440A44935208FFEA9BF61740651",
  "PInvoke.Windows.ShellScalingApi.dll": "F351B34B8C9183A51CADFDC279357C49",
  "PInvoke.WinUsb.dll": "9EB8A0280F2848D1A32B560A939F7336",
  "PInvoke.WtsApi32.dll": "341C94455D2E5893DBE4293D4D67AA4D",
  "Reloaded.Assembler.dll": "DCCF42FFD400FEF523244EB8B382D9C7",
  "Reloaded.Hooks.Definitions.dll": "8D16AA58590D5545EB4AD0A12F4A46D4",
  "Reloaded.Hooks.dll": "2E1C5E8FBC75C626E11EBA38670AD921",
  "Reloaded.Memory.Buffers.dll": "67FDDC72C331D7A286065B78FDCA27FC",
  "Reloaded.Memory.dll": "47BC2857C12B8357FB0DB94778DB8A1C",
  "revision.txt": "2B1905B5D4641830901ACF76C957CFB1",
  "SDL2-CS.config": "65557595FD5DF55D93B2BF881DE62C3A",
  "SDL2-CS.dll": "C680C80019780B6F84A68E7D2A08C30C",
  "Serilog.dll": "54B3CD8923CA516A54FBD8D173664432",
  "Serilog.Sinks.Async.dll": "774354576C1575F24A180250672E5EE9",
  "Serilog.Sinks.Console.dll": "61E68CEB3338648D340A055FA2873AF6",
  "Serilog.Sinks.File.dll": "FAEF738EBC477E39FFEF03FAF0F3829C",
  "SharpDX.Direct3D11.dll": "A998950D870F2FFBFC83ECE488BE922B",
  "SharpDX.dll": "69C37B29431AB065DA58B84617E5622C",
  "SharpDX.DXGI.dll": "2378075EE2F75E39937257EC646E180A",
  "SharpDX.Mathematics.dll": "3DB92EBC0CE075AC7E04A87516F3F7FA",
  "Silk.NET.Core.dll": "6F08765BA61D928015420094CE771554",
  "Silk.NET.GLFW.dll": "8E576787753462A5090CF32F98FA11C7",
  "Silk.NET.Maths.dll": "D94F4D6CC254EA4CE4F372E1B0214934",
  "Silk.NET.OpenGL.dll": "EB8938E42EA6DAB9187E8D3A15C5ECBB",
  "Silk.NET.SDL.dll": "05D32FB7EE77C369F72FFBA003A519BC",
  "Silk.NET.Windowing.Common.dll": "C418BBDF5DDD0302A3B2682E8F01723E",
  "Silk.NET.Windowing.Glfw.dll": "318593D8702BA64CEAAE09FDA8A02993",
  "Silk.NET.Windowing.Sdl.dll": "02EFA342BB9648FE525C36D80D241908",
  "SQLite-net.dll": "DB8F8DD718B5A3A916BF5249E4C7D5C9",
  "SQLitePCLRaw.batteries_v2.dll": "6F96777E83E441F95A7315358B19BF25",
  "SQLitePCLRaw.core.dll": "5937E24BCEE2B0746BD30E82D57BB7BF",
  "SQLitePCLRaw.nativelibrary.dll": "CE54C81D00A243BE083CFE7E74AC9533",
  "SQLitePCLRaw.provider.dynamic_cdecl.dll": "14A7F4CEB28949A5B43A0CD6B3908515",
  "StbiSharp.dll": "678FA5DC530A5EF6C4D442EC37019830",
  "System.Reactive.dll": "EF5A00287AD15393D41B12AA4B726FF7",
  "System.Reflection.MetadataLoadContext.dll": "7EC41D41F4E1246757BA3E2EC862D562",
  "System.Security.Cryptography.Pkcs.dll": "8950E01996A37E808BE3F39063C37BF9",
  "TEMP_gitver.txt": "CE71A008F92D057B17545FD62478958F",
  "Validation.dll": "A4297BBE130E067604D27B0C5AF2482A"
}
