{
  "runtimes\\alpine-x64\\native\\libe_sqlite3.so": "39C244FEDBCD3DFC37041D4FCE1AE21D",
  "runtimes\\linux-arm\\native\\libe_sqlite3.so": "96CF54BC0EFB83D6E3F5F3E04997A59D",
  "runtimes\\linux-arm64\\native\\libe_sqlite3.so": "F079E55E7F3F9966A4A2052A3234E068",
  "runtimes\\linux-armel\\native\\libe_sqlite3.so": "C5A67D49434FC65D64E9C15778078C76",
  "runtimes\\linux-mips64\\native\\libe_sqlite3.so": "5F8461214089CFC677D46C19B7162161",
  "runtimes\\linux-musl-x64\\native\\libe_sqlite3.so": "39C244FEDBCD3DFC37041D4FCE1AE21D",
  "runtimes\\linux-x64\\native\\libe_sqlite3.so": "6F49C540D3AB9964D67A4A704C3D262D",
  "runtimes\\linux-x64\\native\\libglfw.so.3": "9E3137144F68B9E9793F4C7AD5B1BEA7",
  "runtimes\\linux-x64\\native\\libSDL2-2.0.so": "99B95A708381FC66AB2370E45A260527",
  "runtimes\\linux-x64\\native\\libstbi.so": "0945355ED59677D06E3E88F48101BB26",
  "runtimes\\linux-x86\\native\\libe_sqlite3.so": "5E0659B414CBD6DDC38C65582485853E",
  "runtimes\\osx-x64\\native\\libe_sqlite3.dylib": "F82AE134FCD1C080A69D775591406673",
  "runtimes\\osx-x64\\native\\libglfw.3.dylib": "1E30FAB2F0C40E82290AD4B0BF14A880",
  "runtimes\\osx-x64\\native\\libSDL2-2.0.dylib": "AAC958490586C67395F0A90903AE3747",
  "runtimes\\osx-x64\\native\\libstbi.dylib": "0B84B0A6A80178266018081C3CAB68E6",
  "runtimes\\win-arm\\native\\e_sqlite3.dll": "CF25886E45B947054770578567F6FC0F",
  "runtimes\\win-arm64\\native\\e_sqlite3.dll": "480283F16B0B3DCB5B7D65A9B0619279",
  "runtimes\\win-x64\\native\\cimgui.dll": "CC754EE92255E7C03A4D2D026734A4B8",
  "runtimes\\win-x64\\native\\cimguizmo.dll": "F418A06275FA17DBBB85BD3E787E5473",
  "runtimes\\win-x64\\native\\cimplot.dll": "71B0EA4CBCD0E90DF8C3068227669328",
  "runtimes\\win-x64\\native\\e_sqlite3.dll": "D0190F6AAB4A9DE7B42B3E932BA26B49",
  "runtimes\\win-x64\\native\\glfw3.dll": "8376CE64ED9322E58F4382C25BE99F45",
  "runtimes\\win-x64\\native\\minhook.x64d.dll": "D3B75AD12E4493E2B8744DC626C29122",
  "runtimes\\win-x64\\native\\SDL2.dll": "93D30E24DD55BC06F3DB0BCB4F2DE844",
  "runtimes\\win-x64\\native\\stbi.dll": "27733F6FD73BB1DF40022EFB5EA27B26",
  "runtimes\\win-x64\\native\\stbi.lib": "927C214DE576219E1F80DBE7798A0502",
  "runtimes\\win-x86\\native\\e_sqlite3.dll": "E36AB8A65627FCB489DD4CB675056547",
  "runtimes\\win-x86\\native\\glfw3.dll": "553142026873396AECBFC367A391A5F0",
  "runtimes\\win-x86\\native\\SDL2.dll": "7A369AC19A9E8A0D69F1F50C0D3C0800",
  "targets\\Dalamud.Plugin.Bootstrap.targets": "C85635161398CD9852CF7212DB7EB904",
  "targets\\Dalamud.Plugin.targets": "E2AA900DB1F6596D1C203D4112A10F5E",
  "CheapLoc.dll": "BA5B5625FCD9D6320FA46A6AFE511FF9",
  "Costura.dll": "22726FDD8905AA5EAC3136DD35B391FC",
  "Dalamud.Boot.dll": "54099C93D7FA93ADC23A8362C49B7F59",
  "Dalamud.Common.dll": "C437C9F85D1D7F4744A1E595C40711DA",
  "Dalamud.deps.json": "53BE8D00F2198DD9B3D5B4C8FBC4B098",
  "Dalamud.dll": "4C0645F1EAD8677B0D1C90943DA5A2B7",
  "Dalamud.Injector.deps.json": "C1FA0941DC8B38E415776C60C508AAB9",
  "Dalamud.Injector.dll": "25166DEA4171F1BCF1A909ECA9C8CE8B",
  "Dalamud.Injector.exe": "62E9273AA8A7B84E675F55B73F2D0926",
  "Dalamud.Injector.runtimeconfig.json": "B9BB65FFE7924D4D8BABE9FA66303200",
  "Dalamud.Injector.xml": "D41E5DF541D19A015215E777D7395C9C",
  "Dalamud.runtimeconfig.json": "2A9CD915428BDD175E0889BD0C225F75",
  "Dalamud.xml": "78B9AA49E2EE904EF858CF3ED9E4F6C2",
  "DalamudCrashHandler.exe": "295D77BF756391BAAE83A15BC092F7EC",
  "FASM-LICENSE.TXT": "ECEA1D10811221D5F0A3E96F9C38E2C7",
  "FASM.DLL": "A04A5D7E270AABCEF4FD185076AC1CD6",
  "FASMX64.DLL": "34CEC0739EDC82A742DD327BC882B88E",
  "FFXIVClientStructs.dll": "79B720196B2F30FFE86DFAC3876F5A2A",
  "FFXIVClientStructs.xml": "39D682805E3B23E9193A8220A5DF19AE",
  "goaaats.Reloaded.Assembler.targets": "CC22CB0A353E2136EE9E6E96DB9F7164",
  "Iced.dll": "A249437CB7DEC342A4BF672345241D88",
  "ImGui.NET.dll": "24C4BB5FFF66B343764E214B78D132F2",
  "ImGuiScene.dll": "7F34FD54D4B1EEDA65F555E20D8E600F",
  "JetBrains.Annotations.dll": "3FF0676C915D1D687AD95C85D4BF48BE",
  "licenses.txt": "A159BE62AA91178EFC3E3983AE874D1D",
  "Lumina.dll": "7A81F0076187E89E55431A9F95F058A4",
  "Lumina.Excel.dll": "C85B231088490DAEF6F194F24585944A",
  "Microsoft.Bcl.HashCode.dll": "613AB56061ADF2284E047025207467E0",
  "Microsoft.DotNet.PlatformAbstractions.dll": "00AB0F02B1114C57C758F5AD595224F1",
  "Microsoft.Extensions.DependencyModel.dll": "F39BC76C10CFEA478C936FC4521A9FC9",
  "Microsoft.Extensions.ObjectPool.dll": "4EEE3E64BE561711391BF998FFBF65D3",
  "MinSharp.dll": "DCA93BB3B7D66CED1467390B31A24EDE",
  "Mono.Cecil.dll": "F8B18BB1AEEEF10C6B15FB82C7347F1D",
  "Mono.Cecil.Mdb.dll": "4A59349CAA5BD3319F754BCC5AA64B12",
  "Mono.Cecil.Pdb.dll": "3C1A80F45B7D546AF07421CC997D14C3",
  "Mono.Cecil.Rocks.dll": "0B8A111E6158B7B2A82CA15EC663370D",
  "nethost.dll": "012081214FE71F0F6ADCD9F4A71B2B00",
  "Newtonsoft.Json.dll": "86A83A63F12B55FD3718CFBFB577D7DC",
  "PeNet.Asn1.dll": "6B06D8C578155860F560367A39C1E511",
  "PeNet.dll": "8A7DB4395B2BE8D67E55C313B988A700",
  "PInvoke.AdvApi32.dll": "34EE461D05B403C3A15D0DEC32A3788C",
  "PInvoke.BCrypt.dll": "FD07758EE1440491F22923084109FF26",
  "PInvoke.Cabinet.dll": "333D950E3804735DA60CC41D614C63E2",
  "PInvoke.CfgMgr32.dll": "768BE7CC18EDCF78B296A72ABE891691",
  "PInvoke.Crypt32.dll": "E7B00B0851738F4A7F2C6D37DAA973B4",
  "PInvoke.DbgHelp.dll": "E701136169620D20E3A70B560DE20E44",
  "PInvoke.DwmApi.dll": "ACF223CC8962404056648815B486F7D9",
  "PInvoke.Gdi32.dll": "69FF434826F98582CE44D3136ECFFACB",
  "PInvoke.Hid.dll": "2E7A41257F8AD9B26073181F450CD8E5",
  "PInvoke.ImageHlp.dll": "79BE816E8D86EA66489D7780DD675D49",
  "PInvoke.IPHlpApi.dll": "E949FA3326D1BA8872B179AB4EE49D38",
  "PInvoke.Kernel32.dll": "234E15B122ED430DE99490CA1A204958",
  "PInvoke.Magnification.dll": "C9EA3D34F506741ECC044DB19C151F09",
  "PInvoke.Msi.dll": "69EE50CE2DA6B55755E52589F49A7EBC",
  "PInvoke.NCrypt.dll": "DA1DE76C14D99370CA3BEF19DC299B15",
  "PInvoke.NetApi32.dll": "AE79F9FA2E3864A5E0642AE4622ECDC5",
  "PInvoke.NewDev.dll": "B3E1992105D986EF9C5C8E4B630FBB07",
  "PInvoke.NTDll.dll": "3F6BDF840EB27DD0FD9EB8071822183A",
  "PInvoke.Ole32.dll": "3C49FB100B60519FFE725BCD12A538F6",
  "PInvoke.Psapi.dll": "A7683EE4B880227F01C8AE632A892B9E",
  "PInvoke.SetupApi.dll": "1B7AE321185D0081D1759A9AD829F9BA",
  "PInvoke.SHCore.dll": "F27E7F063D51480F6D2294C903E4A606",
  "PInvoke.Shell32.dll": "F71A1BCAF6478190691170DAEA77722F",
  "PInvoke.User32.dll": "8BEDE38311ED4F27127290B81B8079FD",
  "PInvoke.Userenv.dll": "FEB7BCA90B8C905EC2F4BB0789847131",
  "PInvoke.UxTheme.dll": "8E683C016250CB719FDB9AAAFC22B3C5",
  "PInvoke.Windows.Core.dll": "90015440A44935208FFEA9BF61740651",
  "PInvoke.Windows.ShellScalingApi.dll": "F351B34B8C9183A51CADFDC279357C49",
  "PInvoke.WinUsb.dll": "9EB8A0280F2848D1A32B560A939F7336",
  "PInvoke.WtsApi32.dll": "341C94455D2E5893DBE4293D4D67AA4D",
  "Reloaded.Assembler.dll": "921278B81A31756AE09A70B62DA0CBEF",
  "Reloaded.Hooks.Definitions.dll": "1CD3C451586C7F62044CEF2DD5D90133",
  "Reloaded.Hooks.dll": "C0347CED01A75ED1E5F6EDC774ECAE4A",
  "Reloaded.Memory.Buffers.dll": "9D7846DF678998EECAA43DA33D000491",
  "Reloaded.Memory.dll": "564B71CEDDA13B8F053667E4DB3B46B7",
  "revision.txt": "085CCADDBD3AA270B1D72BEEF6BBC5CA",
  "SDL2-CS.config": "65557595FD5DF55D93B2BF881DE62C3A",
  "SDL2-CS.dll": "88802E2800A1B070F7F01BA159325DD3",
  "Serilog.dll": "0B2532007D07C946300D81E04D1AE017",
  "Serilog.Sinks.Async.dll": "8DF9B37B968A791FEBE0B81B3DD84CBF",
  "Serilog.Sinks.Console.dll": "F73BBF13D8A0C45AA6BBF1708F288476",
  "Serilog.Sinks.File.dll": "A66A6AA1F9B793670C573DB7F5E8ED0F",
  "SharpDX.Direct3D11.dll": "39B291FEBB3C1352139FAB7D68AE6D82",
  "SharpDX.dll": "75E2DCE06EAD617C11FBCCF4FE2E5369",
  "SharpDX.DXGI.dll": "3D4CAA52232A5952DB5D19EA32E2E7A6",
  "SharpDX.Mathematics.dll": "16381DED49DD4A2EFE805DC749457383",
  "Silk.NET.Core.dll": "A07D58F8292D81E6C87BE666956E0B0A",
  "Silk.NET.GLFW.dll": "31C417ACB6A1367538E597A52C0C5DB3",
  "Silk.NET.Maths.dll": "E12D7427C7EABD8F1755C5F090277368",
  "Silk.NET.OpenGL.dll": "A9BAF2215100AA0A3490C3AFFF847346",
  "Silk.NET.SDL.dll": "69D074C95B03FE318F08B384B4DE291D",
  "Silk.NET.Windowing.Common.dll": "EA8D3704D4B00B3A6255EC2CD9E4A982",
  "Silk.NET.Windowing.Glfw.dll": "7E2D2BC7889A4188F6F0FAE1087D0BD2",
  "Silk.NET.Windowing.Sdl.dll": "5D8BD50C55424B29775C80AD5F0FECD7",
  "SQLite-net.dll": "7D814D4BE6D865729038BD211A169B9F",
  "SQLitePCLRaw.batteries_v2.dll": "DADFBFFA66AA92C1C6449A2E1E586762",
  "SQLitePCLRaw.core.dll": "2CD8F384080AFFF976DA29C7B1938610",
  "SQLitePCLRaw.nativelibrary.dll": "BDAE2A8D0C367B6F5E25F12BDB2CC9D1",
  "SQLitePCLRaw.provider.dynamic_cdecl.dll": "19C293249993E41DF62DECCB5D56F625",
  "StbiSharp.dll": "8923234A66B97442B4F5E4E4B8038B0A",
  "System.Reactive.dll": "EF5A00287AD15393D41B12AA4B726FF7",
  "System.Reflection.MetadataLoadContext.dll": "7EC41D41F4E1246757BA3E2EC862D562",
  "System.Security.Cryptography.Pkcs.dll": "8950E01996A37E808BE3F39063C37BF9",
  "TEMP_gitver.txt": "B491924BA88BD195E869537A3388F7E3",
  "TerraFX.Interop.Windows.dll": "84F7EF6B0DE91F8CC23F773D3FD6DEC0",
  "Validation.dll": "A1A3CC4950472DFC9F9E8698B2ACCDF8"
}
