{
  "runtimes\\alpine-x64\\native\\libe_sqlite3.so": "39C244FEDBCD3DFC37041D4FCE1AE21D",
  "runtimes\\linux-arm\\native\\libe_sqlite3.so": "96CF54BC0EFB83D6E3F5F3E04997A59D",
  "runtimes\\linux-arm64\\native\\libe_sqlite3.so": "F079E55E7F3F9966A4A2052A3234E068",
  "runtimes\\linux-armel\\native\\libe_sqlite3.so": "C5A67D49434FC65D64E9C15778078C76",
  "runtimes\\linux-mips64\\native\\libe_sqlite3.so": "5F8461214089CFC677D46C19B7162161",
  "runtimes\\linux-musl-x64\\native\\libe_sqlite3.so": "39C244FEDBCD3DFC37041D4FCE1AE21D",
  "runtimes\\linux-x64\\native\\libe_sqlite3.so": "6F49C540D3AB9964D67A4A704C3D262D",
  "runtimes\\linux-x86\\native\\libe_sqlite3.so": "5E0659B414CBD6DDC38C65582485853E",
  "runtimes\\osx-x64\\native\\libe_sqlite3.dylib": "F82AE134FCD1C080A69D775591406673",
  "runtimes\\win-arm\\native\\e_sqlite3.dll": "68BA7D17DA5EB367031FE9887DE76E34",
  "runtimes\\win-arm64\\native\\e_sqlite3.dll": "0C2E898B19EC61C1E0A32EB97D3A2B68",
  "runtimes\\win-x64\\native\\e_sqlite3.dll": "63A9A371128118EAA59D70C38C9FBD21",
  "runtimes\\win-x64\\native\\minhook.x64d.dll": "77B433FE55BCA33187C09546C50AC513",
  "runtimes\\win-x86\\native\\e_sqlite3.dll": "6CA1310879ED92279B26029DA1137B20",
  "targets\\Dalamud.Plugin.Bootstrap.targets": "C85635161398CD9852CF7212DB7EB904",
  "targets\\Dalamud.Plugin.targets": "394EE2BEC70254F76ABBE2C33F62BBFA",
  "BCnEncoder.dll": "2FBF8B7E5F83B5070B46ED333DCF4746",
  "BitFaster.Caching.dll": "8908B4C8E0E757C29E606E83166D905A",
  "CheapLoc.dll": "85D15178C3C20ADCB34B63868116E5EC",
  "cimgui.dll": "DE5DEC72D2FC7C8C062768F2D6B18DE2",
  "cimguizmo.dll": "F14B6F5229122850308FE35949B22B22",
  "cimplot.dll": "04546C3FFE185AACF64D2E3902759BE0",
  "commit_hash.txt": "5A9D904B012BEBF959306D460F2DDC39",
  "CommunityToolkit.HighPerformance.dll": "66B64EC334625F2C5D341A45E28EEB43",
  "Dalamud.Bindings.ImGui.dll": "88A433A73B176FA338BB7C33B14CC4FB",
  "Dalamud.Bindings.ImGuizmo.dll": "0461A5232B6D26B0440F1E986A77246B",
  "Dalamud.Bindings.ImPlot.dll": "68BCB93C400D6FEE2F3869A16309095F",
  "Dalamud.Boot.dll": "C05AF3981123D6D4036E5AD631E657BA",
  "Dalamud.Common.dll": "A5E4F19842D215C65AF6D16DA6034427",
  "Dalamud.deps.json": "5EACD9E71E39884EF5A40245D5362D66",
  "Dalamud.dll": "A875BF72A902487C3C22E3EBEE21847C",
  "Dalamud.Injector.deps.json": "C21972522E8133995B2C9562B3E39983",
  "Dalamud.Injector.dll": "C65766A924091807A203048855B4ECAA",
  "Dalamud.Injector.exe": "71EEFB9B0858D4E272B9619CFE090BF1",
  "Dalamud.Injector.runtimeconfig.json": "439C534917CEF268A731631073E50FE4",
  "Dalamud.Injector.xml": "6730B8BB13078B71889B5A56C5DFAC6D",
  "Dalamud.runtimeconfig.json": "CA3935E9C6B9E3300F2D7171E4AF6335",
  "Dalamud.xml": "5C4EBF3A867F0F50041EB19339DD2D09",
  "DalamudCrashHandler.exe": "AE7131BB45D3326576557B54558BC944",
  "FASM-LICENSE.TXT": "ECEA1D10811221D5F0A3E96F9C38E2C7",
  "FASM.DLL": "C0C21DFBC1BC989B3216E3CEBD3B77BC",
  "FASMX64.DLL": "8CA97DA9BE23E3D471A5E01675191581",
  "FFXIVClientStructs.dll": "ADD55167915BB0FC9E2AFACF8DFD527F",
  "FFXIVClientStructs.xml": "9694F16B071CF2BCA5671DDAFC3617B6",
  "goatcorp.Reloaded.Assembler.targets": "CC22CB0A353E2136EE9E6E96DB9F7164",
  "HexaGen.Runtime.dll": "99485E084A3E79074C37AD34AEFEE9B7",
  "Iced.dll": "A9F908FB7654D87A7CAE7BEAD4B94AEB",
  "ImGuiScene.dll": "D4EA5F853A12BF5F49B218D8F3D7E49F",
  "InteropGenerator.Runtime.dll": "D2E7094FA359383D1F31FBC2D4181F37",
  "JetBrains.Annotations.dll": "679AE702C651720B0A1BD4787226AEF6",
  "licenses.txt": "A159BE62AA91178EFC3E3983AE874D1D",
  "Lumina.dll": "5FB60BF42E79D92DEEE0C04912A646F1",
  "Lumina.Excel.dll": "D6EB6749E80E5C23458C7153BA1C863B",
  "Lumina.Excel.xml": "0089FDC0BA0B16ED0696413305959999",
  "Microsoft.Extensions.ObjectPool.dll": "5510583E2B50BE953814615586673C33",
  "MinSharp.dll": "37A43F78C1A89007D05F9F8016F4F473",
  "Mono.Cecil.dll": "8B28BA05CDAC7A940BDD798DDBA4C4FD",
  "Mono.Cecil.Mdb.dll": "D5C7C591D18EE44C304D4D7DCE079304",
  "Mono.Cecil.Pdb.dll": "9F40E55C779E4140F93C8310D35B0548",
  "Mono.Cecil.Rocks.dll": "D2DF868341FE8FD8F25509BBA03C2964",
  "nethost.dll": "21F39F71E2F4B5BA9FB3F126872F2F9B",
  "Newtonsoft.Json.dll": "ADF3E3EECDE20B7C9661E9C47106A14A",
  "PeNet.Asn1.dll": "1B709E152E049AC2C1D76E38B8FB1F1F",
  "PeNet.dll": "FE7352AA48F8413BF5E7CE35E73E942D",
  "Reloaded.Assembler.dll": "93ED47E44CF168B616B4EDE494811363",
  "Reloaded.Hooks.Definitions.dll": "487221D4E27DB2868AA0B3CE7EC008B2",
  "Reloaded.Hooks.dll": "B9F2EAA49BC627A00ED0E8AF87458D2C",
  "Reloaded.Memory.Buffers.dll": "5A2E2832A775CD64845EAAC0E90D7B1A",
  "Reloaded.Memory.dll": "141489DB80955AF9357A5CC212E44290",
  "revision.txt": "0CB82DBDCDA47E2AD7B7AAF69573906E",
  "Serilog.dll": "BD5111E831D11116DAC4970C1E06F5D2",
  "Serilog.Sinks.Async.dll": "1FC9034BCDA9F46F77C66F3769406F01",
  "Serilog.Sinks.Console.dll": "4F3FDD41D653948B428304077BE20CCD",
  "Serilog.Sinks.File.dll": "7CE8B4813C5DA8C0D352BE81E29214F3",
  "SharpDX.Direct3D11.dll": "AB17A922BDC8243D1CCF20780D5624D7",
  "SharpDX.dll": "93D70913925EB78B23580185F01EF9A2",
  "SharpDX.DXGI.dll": "2E90895FF244D0B7C2E01AACED242487",
  "SharpDX.Mathematics.dll": "2C8788C91D67ABFADD02A80ABC01363D",
  "SQLite-net.dll": "7B08147D8948B4F864E08B5B3F9131DC",
  "SQLitePCLRaw.batteries_v2.dll": "7AEE13230639854E15E00BA39C9B39B6",
  "SQLitePCLRaw.core.dll": "39C177BB9B56D3E843F2A7656D44798C",
  "SQLitePCLRaw.nativelibrary.dll": "6A0BA0F357F9A0E4EC058B63698D459B",
  "SQLitePCLRaw.provider.dynamic_cdecl.dll": "44EB3A45538AE46DA3E65DAB66551729",
  "System.Reactive.dll": "EF5A00287AD15393D41B12AA4B726FF7",
  "System.Reflection.MetadataLoadContext.dll": "E88E3AF6D37736F339022C9ACC5F2F7B",
  "System.Security.Cryptography.Pkcs.dll": "8950E01996A37E808BE3F39063C37BF9",
  "TEMP_gitver.txt": "263E12412EE62B74533D73F66CA6332F",
  "TerraFX.Interop.Windows.dll": "84F7EF6B0DE91F8CC23F773D3FD6DEC0"
}
