{
  "runtimes\\alpine-x64\\native\\libe_sqlite3.so": "39C244FEDBCD3DFC37041D4FCE1AE21D",
  "runtimes\\linux-arm\\native\\libe_sqlite3.so": "96CF54BC0EFB83D6E3F5F3E04997A59D",
  "runtimes\\linux-arm64\\native\\libe_sqlite3.so": "F079E55E7F3F9966A4A2052A3234E068",
  "runtimes\\linux-armel\\native\\libe_sqlite3.so": "C5A67D49434FC65D64E9C15778078C76",
  "runtimes\\linux-mips64\\native\\libe_sqlite3.so": "5F8461214089CFC677D46C19B7162161",
  "runtimes\\linux-musl-x64\\native\\libe_sqlite3.so": "39C244FEDBCD3DFC37041D4FCE1AE21D",
  "runtimes\\linux-x64\\native\\libe_sqlite3.so": "6F49C540D3AB9964D67A4A704C3D262D",
  "runtimes\\linux-x64\\native\\libglfw.so.3": "9E3137144F68B9E9793F4C7AD5B1BEA7",
  "runtimes\\linux-x64\\native\\libSDL2-2.0.so": "99B95A708381FC66AB2370E45A260527",
  "runtimes\\linux-x64\\native\\libstbi.so": "0945355ED59677D06E3E88F48101BB26",
  "runtimes\\linux-x86\\native\\libe_sqlite3.so": "5E0659B414CBD6DDC38C65582485853E",
  "runtimes\\osx-x64\\native\\libe_sqlite3.dylib": "F82AE134FCD1C080A69D775591406673",
  "runtimes\\osx-x64\\native\\libglfw.3.dylib": "1E30FAB2F0C40E82290AD4B0BF14A880",
  "runtimes\\osx-x64\\native\\libSDL2-2.0.dylib": "AAC958490586C67395F0A90903AE3747",
  "runtimes\\osx-x64\\native\\libstbi.dylib": "0B84B0A6A80178266018081C3CAB68E6",
  "runtimes\\win-arm\\native\\e_sqlite3.dll": "5CD29B400C1F5BD33F23C42AAE026ADC",
  "runtimes\\win-arm64\\native\\e_sqlite3.dll": "1FD8EEDA014CC0C6EB392A05930EEAF7",
  "runtimes\\win-x64\\native\\cimgui.dll": "46AC221F4BDA190885A16148AB6AE7E3",
  "runtimes\\win-x64\\native\\cimguizmo.dll": "82BB06FEF3EBB17A936933CB83A00633",
  "runtimes\\win-x64\\native\\cimplot.dll": "ED1147A831A6D80550F1FEC06C210024",
  "runtimes\\win-x64\\native\\e_sqlite3.dll": "D2645EE8FE5D68F2CF6DD64FB7C895A6",
  "runtimes\\win-x64\\native\\glfw3.dll": "BEC6C39BAC94AC7BD341977F5699F86C",
  "runtimes\\win-x64\\native\\minhook.x64d.dll": "DE9706437494A65B871F83397E82A51F",
  "runtimes\\win-x64\\native\\SDL2.dll": "F10F8EDB108C6AF4F635103B605EB47E",
  "runtimes\\win-x64\\native\\stbi.dll": "3C6FFECE8B5C02F1302CE71FAA568103",
  "runtimes\\win-x64\\native\\stbi.lib": "927C214DE576219E1F80DBE7798A0502",
  "runtimes\\win-x86\\native\\e_sqlite3.dll": "3038B8A9513DAC36B70C33B2554C9052",
  "runtimes\\win-x86\\native\\glfw3.dll": "C5D9770C1BE0B8A25DB8ABA81703EA98",
  "runtimes\\win-x86\\native\\SDL2.dll": "21F5011352907CBF274CB219F4B3CAD4",
  "targets\\Dalamud.Plugin.Bootstrap.targets": "C85635161398CD9852CF7212DB7EB904",
  "targets\\Dalamud.Plugin.targets": "DDD731601C06B16E10CF2F8990452A27",
  "BitFaster.Caching.dll": "4FDC79FBA203DF62147425E2B63EE2F9",
  "CheapLoc.dll": "4140C6BBC3CF09DDC13F7985ADB25E29",
  "Costura.dll": "80C573C9069F4CB4C9B9B202783D1FA4",
  "Dalamud.Boot.dll": "D9E9C8946A868F07CD8B95F9E34DD868",
  "Dalamud.Common.dll": "6A581E6614520FF570FF6B4C103DE162",
  "Dalamud.deps.json": "2782FF032C4F45022BC41EC91F79F598",
  "Dalamud.dll": "27EF316AC2C04CFCD7771722BA24E173",
  "Dalamud.Injector.deps.json": "973E5D437761614CB8BADBA9E2C0F6EA",
  "Dalamud.Injector.dll": "B924785C3BD4737172D137CD30F1A355",
  "Dalamud.Injector.exe": "D8F09CCD2C155464337AB9EFFBA3D29F",
  "Dalamud.Injector.runtimeconfig.json": "B9BB65FFE7924D4D8BABE9FA66303200",
  "Dalamud.Injector.xml": "D41E5DF541D19A015215E777D7395C9C",
  "Dalamud.runtimeconfig.json": "2A9CD915428BDD175E0889BD0C225F75",
  "Dalamud.xml": "DF0410FB4A0C797BEB10DA09104019D4",
  "DalamudCrashHandler.exe": "84BB1A2259C9675E21E3E04A4FCCD9B9",
  "FASM-LICENSE.TXT": "ECEA1D10811221D5F0A3E96F9C38E2C7",
  "FASM.DLL": "2EFF34A2B131C248A9B1C7877F25726E",
  "FASMX64.DLL": "4FAB9F034A8E2B5AADBCE5D74006AFCE",
  "FFXIVClientStructs.dll": "4F613F5520A73AEDDA868BE42439B33E",
  "FFXIVClientStructs.xml": "D746E6D62D989F7E2BDC36D4BB668DF0",
  "goaaats.Reloaded.Assembler.targets": "CC22CB0A353E2136EE9E6E96DB9F7164",
  "Iced.dll": "C14543EB798D0301B6A93B6DC0BF9E77",
  "ImGui.NET.dll": "9CF60027DC9F18E4589BD41E810D55DF",
  "ImGuiScene.dll": "4CF5892EF46758C441C1A21CD466C308",
  "InteropGenerator.Runtime.dll": "1D17BD431BFE908128592B101C5CDA5A",
  "JetBrains.Annotations.dll": "705B95EF93D1201CC84E2645FE2ED122",
  "licenses.txt": "A159BE62AA91178EFC3E3983AE874D1D",
  "Lumina.dll": "1F1E9124265E6EFBD801B123FA84EE8B",
  "Lumina.Excel.dll": "C18AD0590B06EAEA452188CA5083BCEC",
  "Microsoft.Bcl.HashCode.dll": "613AB56061ADF2284E047025207467E0",
  "Microsoft.DotNet.PlatformAbstractions.dll": "00AB0F02B1114C57C758F5AD595224F1",
  "Microsoft.Extensions.DependencyModel.dll": "F39BC76C10CFEA478C936FC4521A9FC9",
  "Microsoft.Extensions.ObjectPool.dll": "FEE3CE8A84417360CC5ED787ED6F7DB1",
  "MinSharp.dll": "6634663FB67C7FC7E058CCE9F4F1AB5A",
  "Mono.Cecil.dll": "A36E77FF9316B3A55938A3A26F6A8BFF",
  "Mono.Cecil.Mdb.dll": "BAEF23B7C9EB9CE3D7542C96543D2C51",
  "Mono.Cecil.Pdb.dll": "04A6950A4447C2086C223BFE8B7BA428",
  "Mono.Cecil.Rocks.dll": "3665ECA9C0E20F82B79B61A1FBC1584E",
  "nethost.dll": "012081214FE71F0F6ADCD9F4A71B2B00",
  "Newtonsoft.Json.dll": "ADF3E3EECDE20B7C9661E9C47106A14A",
  "PeNet.Asn1.dll": "C106DEBE8D089E29BFABB201C3D1271F",
  "PeNet.dll": "C25AF3FB146519C6F92CA55475D102C3",
  "PInvoke.AdvApi32.dll": "34EE461D05B403C3A15D0DEC32A3788C",
  "PInvoke.BCrypt.dll": "FD07758EE1440491F22923084109FF26",
  "PInvoke.Cabinet.dll": "333D950E3804735DA60CC41D614C63E2",
  "PInvoke.CfgMgr32.dll": "768BE7CC18EDCF78B296A72ABE891691",
  "PInvoke.Crypt32.dll": "E7B00B0851738F4A7F2C6D37DAA973B4",
  "PInvoke.DbgHelp.dll": "E701136169620D20E3A70B560DE20E44",
  "PInvoke.DwmApi.dll": "ACF223CC8962404056648815B486F7D9",
  "PInvoke.Gdi32.dll": "69FF434826F98582CE44D3136ECFFACB",
  "PInvoke.Hid.dll": "2E7A41257F8AD9B26073181F450CD8E5",
  "PInvoke.ImageHlp.dll": "79BE816E8D86EA66489D7780DD675D49",
  "PInvoke.IPHlpApi.dll": "E949FA3326D1BA8872B179AB4EE49D38",
  "PInvoke.Kernel32.dll": "234E15B122ED430DE99490CA1A204958",
  "PInvoke.Magnification.dll": "C9EA3D34F506741ECC044DB19C151F09",
  "PInvoke.Msi.dll": "69EE50CE2DA6B55755E52589F49A7EBC",
  "PInvoke.NCrypt.dll": "DA1DE76C14D99370CA3BEF19DC299B15",
  "PInvoke.NetApi32.dll": "AE79F9FA2E3864A5E0642AE4622ECDC5",
  "PInvoke.NewDev.dll": "B3E1992105D986EF9C5C8E4B630FBB07",
  "PInvoke.NTDll.dll": "3F6BDF840EB27DD0FD9EB8071822183A",
  "PInvoke.Ole32.dll": "3C49FB100B60519FFE725BCD12A538F6",
  "PInvoke.Psapi.dll": "A7683EE4B880227F01C8AE632A892B9E",
  "PInvoke.SetupApi.dll": "1B7AE321185D0081D1759A9AD829F9BA",
  "PInvoke.SHCore.dll": "F27E7F063D51480F6D2294C903E4A606",
  "PInvoke.Shell32.dll": "F71A1BCAF6478190691170DAEA77722F",
  "PInvoke.User32.dll": "8BEDE38311ED4F27127290B81B8079FD",
  "PInvoke.Userenv.dll": "FEB7BCA90B8C905EC2F4BB0789847131",
  "PInvoke.UxTheme.dll": "8E683C016250CB719FDB9AAAFC22B3C5",
  "PInvoke.Windows.Core.dll": "90015440A44935208FFEA9BF61740651",
  "PInvoke.Windows.ShellScalingApi.dll": "F351B34B8C9183A51CADFDC279357C49",
  "PInvoke.WinUsb.dll": "9EB8A0280F2848D1A32B560A939F7336",
  "PInvoke.WtsApi32.dll": "341C94455D2E5893DBE4293D4D67AA4D",
  "Reloaded.Assembler.dll": "AA810B7D6B6EC4F0CD1CC049D0A7C24E",
  "Reloaded.Hooks.Definitions.dll": "C33AB5300E8EAE0B89955EE0E8C1A0C5",
  "Reloaded.Hooks.dll": "997A214876B69A195FE6FD6A7267CF64",
  "Reloaded.Memory.Buffers.dll": "4C8CA9BB797CF0649352D13ECD288A43",
  "Reloaded.Memory.dll": "AFD58D8CE3B26DB5646C9D04C97520D3",
  "revision.txt": "08FC80DE8121419136E443A70489C123",
  "SDL2-CS.config": "65557595FD5DF55D93B2BF881DE62C3A",
  "SDL2-CS.dll": "2A0FD3776BB8063753A7CC32EFCEEC57",
  "Serilog.dll": "895EA148B82996638EA248EB1C0BD303",
  "Serilog.Sinks.Async.dll": "9FEDD64132DB5669FCDA81040D1941E2",
  "Serilog.Sinks.Console.dll": "2A1D5EB5F03CE1DA882F8215C31C8AF8",
  "Serilog.Sinks.File.dll": "0F1B382F133177ED635E1ACB250DB685",
  "SharpDX.Direct3D11.dll": "7AE4E9E6C4A42740A49D94922B2880D7",
  "SharpDX.dll": "2C912D623B0DB45589CA036F2CF5DD62",
  "SharpDX.DXGI.dll": "3C72F877922443866C0A6D7A949B13ED",
  "SharpDX.Mathematics.dll": "33867689F19890140BA80AE8AADEB03C",
  "Silk.NET.Core.dll": "9E126AFF349635EE3E9ADA4DB8567B29",
  "Silk.NET.GLFW.dll": "00FE8EA630E5D1F23D9C5A0208F54EC3",
  "Silk.NET.Maths.dll": "3E0E04C24306186F72662CA2BECBBA71",
  "Silk.NET.OpenGL.dll": "DABE07BA3AA3A1C7157831D162249967",
  "Silk.NET.SDL.dll": "D46E719B7649B7DB1DE9E16B0BD0DEC6",
  "Silk.NET.Windowing.Common.dll": "C0C58CCE6887E9CFD0024D8460D4DC2F",
  "Silk.NET.Windowing.Glfw.dll": "1C8ECF3F1A2196664EB037558900292B",
  "Silk.NET.Windowing.Sdl.dll": "E2D85035B5059F1B526B71BB181A7904",
  "SQLite-net.dll": "EEED141CDB397D3BB5B591D7177CF786",
  "SQLitePCLRaw.batteries_v2.dll": "6A78CE451EEC6FC6BAEE0DC2E68AD48E",
  "SQLitePCLRaw.core.dll": "8E16ADF03B94BADE8597A614E0E0DF05",
  "SQLitePCLRaw.nativelibrary.dll": "15BFEE006DE5EB0DED5FFC20197EE741",
  "SQLitePCLRaw.provider.dynamic_cdecl.dll": "9363347C9B5C1AABEDE6220094BBE372",
  "StbiSharp.dll": "E7ACD404E73A64B96FC3E0D503D682D2",
  "System.Drawing.Common.dll": "94A2181A9593E1204DC87290D7B56922",
  "System.Reactive.dll": "EF5A00287AD15393D41B12AA4B726FF7",
  "System.Reflection.MetadataLoadContext.dll": "E88E3AF6D37736F339022C9ACC5F2F7B",
  "System.Security.Cryptography.Pkcs.dll": "8950E01996A37E808BE3F39063C37BF9",
  "TEMP_gitver.txt": "905F8DA2FB2F2EFC3832DF34BA07D678",
  "TerraFX.Interop.Windows.dll": "84F7EF6B0DE91F8CC23F773D3FD6DEC0",
  "Validation.dll": "E7C6AF28574E6E252EE76CF1A08BAA07"
}
