{
  "runtimes\\alpine-x64\\native\\libe_sqlite3.so": "39C244FEDBCD3DFC37041D4FCE1AE21D",
  "runtimes\\linux-arm\\native\\libe_sqlite3.so": "96CF54BC0EFB83D6E3F5F3E04997A59D",
  "runtimes\\linux-arm64\\native\\libe_sqlite3.so": "F079E55E7F3F9966A4A2052A3234E068",
  "runtimes\\linux-armel\\native\\libe_sqlite3.so": "C5A67D49434FC65D64E9C15778078C76",
  "runtimes\\linux-mips64\\native\\libe_sqlite3.so": "5F8461214089CFC677D46C19B7162161",
  "runtimes\\linux-musl-x64\\native\\libe_sqlite3.so": "39C244FEDBCD3DFC37041D4FCE1AE21D",
  "runtimes\\linux-x64\\native\\libe_sqlite3.so": "6F49C540D3AB9964D67A4A704C3D262D",
  "runtimes\\linux-x64\\native\\libglfw.so.3": "9E3137144F68B9E9793F4C7AD5B1BEA7",
  "runtimes\\linux-x64\\native\\libSDL2-2.0.so": "99B95A708381FC66AB2370E45A260527",
  "runtimes\\linux-x64\\native\\libstbi.so": "0945355ED59677D06E3E88F48101BB26",
  "runtimes\\linux-x86\\native\\libe_sqlite3.so": "5E0659B414CBD6DDC38C65582485853E",
  "runtimes\\osx-x64\\native\\libe_sqlite3.dylib": "F82AE134FCD1C080A69D775591406673",
  "runtimes\\osx-x64\\native\\libglfw.3.dylib": "1E30FAB2F0C40E82290AD4B0BF14A880",
  "runtimes\\osx-x64\\native\\libSDL2-2.0.dylib": "AAC958490586C67395F0A90903AE3747",
  "runtimes\\osx-x64\\native\\libstbi.dylib": "0B84B0A6A80178266018081C3CAB68E6",
  "runtimes\\win-arm\\native\\e_sqlite3.dll": "BDF5C93D3F638A167B07896F1525607A",
  "runtimes\\win-arm64\\native\\e_sqlite3.dll": "E56B5CCF96EBB85F760D010F3732C538",
  "runtimes\\win-x64\\native\\cimgui.dll": "8D9751046ABA1D0ED4AFB5DA8049E6C9",
  "runtimes\\win-x64\\native\\cimguizmo.dll": "111375512486C7AACC73332FDBF08DCB",
  "runtimes\\win-x64\\native\\cimplot.dll": "0FE886488C7010168C2CF2B922C73194",
  "runtimes\\win-x64\\native\\e_sqlite3.dll": "A0A8DD30FDB3E5B98F2DE8373F06CAB7",
  "runtimes\\win-x64\\native\\glfw3.dll": "850A0298B922A2F2719CA225286EE3CF",
  "runtimes\\win-x64\\native\\minhook.x64d.dll": "871BF53416625F43A46584B078569746",
  "runtimes\\win-x64\\native\\SDL2.dll": "C5836633DC4725856964EDC58D313D44",
  "runtimes\\win-x64\\native\\stbi.dll": "9E243C8C0A275D6A040F0F05673AC5B8",
  "runtimes\\win-x64\\native\\stbi.lib": "927C214DE576219E1F80DBE7798A0502",
  "runtimes\\win-x86\\native\\e_sqlite3.dll": "8171CE877374F657C1C375F3EA09E444",
  "runtimes\\win-x86\\native\\glfw3.dll": "D1F71B070EA15B29D82E516CA594B1F5",
  "runtimes\\win-x86\\native\\SDL2.dll": "3DF23DB292358D49F0D72CAF4311C235",
  "targets\\Dalamud.Plugin.Bootstrap.targets": "C85635161398CD9852CF7212DB7EB904",
  "targets\\Dalamud.Plugin.targets": "E2AA900DB1F6596D1C203D4112A10F5E",
  "CheapLoc.dll": "36680FCBD2F59352881DE5972920949D",
  "Costura.dll": "4062ADAACE83687915157CB99CCF28A2",
  "Dalamud.Boot.dll": "91DFC63F73B64EAF18F4A469CD638888",
  "Dalamud.Common.dll": "1B453C2ED45AB30C5B89EB20BBAF575A",
  "Dalamud.deps.json": "FB9CE5ED119DC72AA6FCD7A13B9CB96A",
  "Dalamud.dll": "B27504BBF985E7E97273560D977B7C34",
  "Dalamud.Injector.deps.json": "C1FA0941DC8B38E415776C60C508AAB9",
  "Dalamud.Injector.dll": "467C8BD30F146F68B578A4E0B2CA75EB",
  "Dalamud.Injector.exe": "E214A4B36C10BDCE985C379CB326281F",
  "Dalamud.Injector.runtimeconfig.json": "B9BB65FFE7924D4D8BABE9FA66303200",
  "Dalamud.Injector.xml": "D41E5DF541D19A015215E777D7395C9C",
  "Dalamud.runtimeconfig.json": "2A9CD915428BDD175E0889BD0C225F75",
  "Dalamud.xml": "2D11D8937040AC17E87E4945DF6FFF8E",
  "DalamudCrashHandler.exe": "14FA6871A890930044EE696568D7C391",
  "FASM-LICENSE.TXT": "ECEA1D10811221D5F0A3E96F9C38E2C7",
  "FASM.DLL": "8B41E6C993DCB1AD862592BB039A2E02",
  "FASMX64.DLL": "11A528F5D5ED6DE0E0ACFD5DD9B326E0",
  "FFXIVClientStructs.dll": "C0D475FA1E66B726D9A0D6EE518C8AC9",
  "FFXIVClientStructs.xml": "E19E8A3769165D4C4159D276B5CDEF57",
  "goaaats.Reloaded.Assembler.targets": "CC22CB0A353E2136EE9E6E96DB9F7164",
  "Iced.dll": "8B0CD23A54F7060886243655DAFA28F5",
  "ImGui.NET.dll": "481BBD429D5ED51B281D8782373539C6",
  "ImGuiScene.dll": "84A75E0340DA2A00636360A5D170ABAB",
  "JetBrains.Annotations.dll": "E6338F35ABB8D1A72395340030D28EF6",
  "licenses.txt": "A159BE62AA91178EFC3E3983AE874D1D",
  "Lumina.dll": "E17F9F0F36F06FC185CB90E86D869456",
  "Lumina.Excel.dll": "B94126C13AC795E0C22E92F527669F79",
  "Microsoft.Bcl.HashCode.dll": "613AB56061ADF2284E047025207467E0",
  "Microsoft.DotNet.PlatformAbstractions.dll": "00AB0F02B1114C57C758F5AD595224F1",
  "Microsoft.Extensions.DependencyModel.dll": "F39BC76C10CFEA478C936FC4521A9FC9",
  "Microsoft.Extensions.ObjectPool.dll": "FEE3CE8A84417360CC5ED787ED6F7DB1",
  "MinSharp.dll": "C1B2E1A13D0B7AE190540626BD423973",
  "Mono.Cecil.dll": "95273C328668039AC7EF8A3E2C7C2B06",
  "Mono.Cecil.Mdb.dll": "1163B4749AEEB5D0318332EE98F786B9",
  "Mono.Cecil.Pdb.dll": "47BA69E17541D288F492325393F3D38D",
  "Mono.Cecil.Rocks.dll": "B4448CA5100F79105DAC080240CAACA1",
  "nethost.dll": "012081214FE71F0F6ADCD9F4A71B2B00",
  "Newtonsoft.Json.dll": "86A83A63F12B55FD3718CFBFB577D7DC",
  "PeNet.Asn1.dll": "20AFEE155C1ECA5EA9D0594BC3F5AD5D",
  "PeNet.dll": "06ECB5042F5AABC217F09DB4E3AF04ED",
  "PInvoke.AdvApi32.dll": "34EE461D05B403C3A15D0DEC32A3788C",
  "PInvoke.BCrypt.dll": "FD07758EE1440491F22923084109FF26",
  "PInvoke.Cabinet.dll": "333D950E3804735DA60CC41D614C63E2",
  "PInvoke.CfgMgr32.dll": "768BE7CC18EDCF78B296A72ABE891691",
  "PInvoke.Crypt32.dll": "E7B00B0851738F4A7F2C6D37DAA973B4",
  "PInvoke.DbgHelp.dll": "E701136169620D20E3A70B560DE20E44",
  "PInvoke.DwmApi.dll": "ACF223CC8962404056648815B486F7D9",
  "PInvoke.Gdi32.dll": "69FF434826F98582CE44D3136ECFFACB",
  "PInvoke.Hid.dll": "2E7A41257F8AD9B26073181F450CD8E5",
  "PInvoke.ImageHlp.dll": "79BE816E8D86EA66489D7780DD675D49",
  "PInvoke.IPHlpApi.dll": "E949FA3326D1BA8872B179AB4EE49D38",
  "PInvoke.Kernel32.dll": "234E15B122ED430DE99490CA1A204958",
  "PInvoke.Magnification.dll": "C9EA3D34F506741ECC044DB19C151F09",
  "PInvoke.Msi.dll": "69EE50CE2DA6B55755E52589F49A7EBC",
  "PInvoke.NCrypt.dll": "DA1DE76C14D99370CA3BEF19DC299B15",
  "PInvoke.NetApi32.dll": "AE79F9FA2E3864A5E0642AE4622ECDC5",
  "PInvoke.NewDev.dll": "B3E1992105D986EF9C5C8E4B630FBB07",
  "PInvoke.NTDll.dll": "3F6BDF840EB27DD0FD9EB8071822183A",
  "PInvoke.Ole32.dll": "3C49FB100B60519FFE725BCD12A538F6",
  "PInvoke.Psapi.dll": "A7683EE4B880227F01C8AE632A892B9E",
  "PInvoke.SetupApi.dll": "1B7AE321185D0081D1759A9AD829F9BA",
  "PInvoke.SHCore.dll": "F27E7F063D51480F6D2294C903E4A606",
  "PInvoke.Shell32.dll": "F71A1BCAF6478190691170DAEA77722F",
  "PInvoke.User32.dll": "8BEDE38311ED4F27127290B81B8079FD",
  "PInvoke.Userenv.dll": "FEB7BCA90B8C905EC2F4BB0789847131",
  "PInvoke.UxTheme.dll": "8E683C016250CB719FDB9AAAFC22B3C5",
  "PInvoke.Windows.Core.dll": "90015440A44935208FFEA9BF61740651",
  "PInvoke.Windows.ShellScalingApi.dll": "F351B34B8C9183A51CADFDC279357C49",
  "PInvoke.WinUsb.dll": "9EB8A0280F2848D1A32B560A939F7336",
  "PInvoke.WtsApi32.dll": "341C94455D2E5893DBE4293D4D67AA4D",
  "Reloaded.Assembler.dll": "F57A47CF294A5B8DBB54B7446302B736",
  "Reloaded.Hooks.Definitions.dll": "966A0B8D7BD7CF81FCD384B4FD4672BB",
  "Reloaded.Hooks.dll": "E660D6AFF50DD8B7B1D9610D7EC11850",
  "Reloaded.Memory.Buffers.dll": "47200F5130AC4D90FAF3CA287B33F010",
  "Reloaded.Memory.dll": "CED902B9BD2A9CA49DCECA5EC9D14DBF",
  "revision.txt": "DB8419F41D890DF802DCA330E6284952",
  "SDL2-CS.config": "65557595FD5DF55D93B2BF881DE62C3A",
  "SDL2-CS.dll": "15E5D40A55D1311516ED9348E29BF096",
  "Serilog.dll": "56AE136CEC3BC9EA2D886D486A77DE1B",
  "Serilog.Sinks.Async.dll": "712FE3E86280B27CB17AE4A7C63AE684",
  "Serilog.Sinks.Console.dll": "3F40343F2C2249ED19A49354390048D2",
  "Serilog.Sinks.File.dll": "5FEEFE9F131BE9D2C49B12830CE3EFD8",
  "SharpDX.Direct3D11.dll": "082265889C9EF62397F48CEDE945DE46",
  "SharpDX.dll": "714D62D4D02C6D48827CA7CA20097370",
  "SharpDX.DXGI.dll": "5684ABDF2D07FF620B41D828D5E590BF",
  "SharpDX.Mathematics.dll": "1623867691661B27E2350FEC21A08DB9",
  "Silk.NET.Core.dll": "65A6970001168A06839889BA064BC3D5",
  "Silk.NET.GLFW.dll": "51A0EF0AEC5F2EB4AC7AF3688442D63C",
  "Silk.NET.Maths.dll": "221281510AAB0D597DC9E17321BDCB45",
  "Silk.NET.OpenGL.dll": "861839F077B689A606B6C4B1DA4278D5",
  "Silk.NET.SDL.dll": "41F1717604B2CAA409A98CD6AE410F75",
  "Silk.NET.Windowing.Common.dll": "A34F5BA4E5B73676E59E12BD4A30C5AE",
  "Silk.NET.Windowing.Glfw.dll": "AA9F342F2FD9811E72C6A930C6DD3ECE",
  "Silk.NET.Windowing.Sdl.dll": "B2C4C8137A1818D5075942A7F98DD2BF",
  "SQLite-net.dll": "698037B297E229871A0849A97902DCC3",
  "SQLitePCLRaw.batteries_v2.dll": "83C0F69E3E66BCF4FD852BBE138F382F",
  "SQLitePCLRaw.core.dll": "66221FDE95A12DF8C2D808B9F40AD01E",
  "SQLitePCLRaw.nativelibrary.dll": "86115B893C8604D9DD3224B0FE22B246",
  "SQLitePCLRaw.provider.dynamic_cdecl.dll": "B6A8ABB60B336CA33F663740037F2C89",
  "StbiSharp.dll": "371BF20D3B3D2E774209469F20AFA29F",
  "System.Reactive.dll": "EF5A00287AD15393D41B12AA4B726FF7",
  "System.Reflection.MetadataLoadContext.dll": "7EC41D41F4E1246757BA3E2EC862D562",
  "System.Security.Cryptography.Pkcs.dll": "8950E01996A37E808BE3F39063C37BF9",
  "TEMP_gitver.txt": "50463286E8547B70CD5D7DFA521FEFD5",
  "TerraFX.Interop.Windows.dll": "84F7EF6B0DE91F8CC23F773D3FD6DEC0",
  "Validation.dll": "5E15A7982479FD4021590DF0A52131A5"
}
