{
  "runtimes\\alpine-x64\\native\\libe_sqlite3.so": "39C244FEDBCD3DFC37041D4FCE1AE21D",
  "runtimes\\linux-arm\\native\\libe_sqlite3.so": "96CF54BC0EFB83D6E3F5F3E04997A59D",
  "runtimes\\linux-arm64\\native\\libe_sqlite3.so": "F079E55E7F3F9966A4A2052A3234E068",
  "runtimes\\linux-armel\\native\\libe_sqlite3.so": "C5A67D49434FC65D64E9C15778078C76",
  "runtimes\\linux-mips64\\native\\libe_sqlite3.so": "5F8461214089CFC677D46C19B7162161",
  "runtimes\\linux-musl-x64\\native\\libe_sqlite3.so": "39C244FEDBCD3DFC37041D4FCE1AE21D",
  "runtimes\\linux-x64\\native\\libe_sqlite3.so": "6F49C540D3AB9964D67A4A704C3D262D",
  "runtimes\\linux-x64\\native\\libglfw.so.3": "9E3137144F68B9E9793F4C7AD5B1BEA7",
  "runtimes\\linux-x64\\native\\libSDL2-2.0.so": "99B95A708381FC66AB2370E45A260527",
  "runtimes\\linux-x64\\native\\libstbi.so": "0945355ED59677D06E3E88F48101BB26",
  "runtimes\\linux-x86\\native\\libe_sqlite3.so": "5E0659B414CBD6DDC38C65582485853E",
  "runtimes\\osx-x64\\native\\libe_sqlite3.dylib": "F82AE134FCD1C080A69D775591406673",
  "runtimes\\osx-x64\\native\\libglfw.3.dylib": "1E30FAB2F0C40E82290AD4B0BF14A880",
  "runtimes\\osx-x64\\native\\libSDL2-2.0.dylib": "AAC958490586C67395F0A90903AE3747",
  "runtimes\\osx-x64\\native\\libstbi.dylib": "0B84B0A6A80178266018081C3CAB68E6",
  "runtimes\\win-arm\\native\\e_sqlite3.dll": "5DA50AB302E9256A6863F36543215F6C",
  "runtimes\\win-arm64\\native\\e_sqlite3.dll": "8A811B84EF82D1910DD32F68C5D6F601",
  "runtimes\\win-x64\\native\\cimgui.dll": "A897B640E30FBED60FCB0C9E6EA4BA50",
  "runtimes\\win-x64\\native\\cimguizmo.dll": "27B43F74E2F963BA398A8A7758EA5049",
  "runtimes\\win-x64\\native\\cimplot.dll": "0E706E0EB2882B39A61421319C9AA30D",
  "runtimes\\win-x64\\native\\e_sqlite3.dll": "71658DFEFE8D97D7735F5024C146B1F3",
  "runtimes\\win-x64\\native\\glfw3.dll": "5CC3CD0041ED3783AE76F2AF0A9F7C85",
  "runtimes\\win-x64\\native\\minhook.x64d.dll": "3A1377BD630AB67429AB6B970D7F7787",
  "runtimes\\win-x64\\native\\SDL2.dll": "9AEA6F48751DE3BCF389773AE0939673",
  "runtimes\\win-x64\\native\\stbi.dll": "47E98B893C774AE0A462405AC2CB6A7D",
  "runtimes\\win-x64\\native\\stbi.lib": "927C214DE576219E1F80DBE7798A0502",
  "runtimes\\win-x86\\native\\e_sqlite3.dll": "3C376C2E003B3E18FC1E7989D7A9BB9B",
  "runtimes\\win-x86\\native\\glfw3.dll": "EA9907A82FDF243F740B57D6B04C005F",
  "runtimes\\win-x86\\native\\SDL2.dll": "07966121EDEBE926C271E83B5465DCB3",
  "targets\\Dalamud.Plugin.Bootstrap.targets": "C85635161398CD9852CF7212DB7EB904",
  "targets\\Dalamud.Plugin.targets": "DDD731601C06B16E10CF2F8990452A27",
  "BitFaster.Caching.dll": "60A610EDC07AFEE84F16EF3082565FF0",
  "CheapLoc.dll": "D75C4F28E8E0589E67B32CA1A75C5799",
  "commit_hash.txt": "B906A565AA19B69F5441AC4FD4322768",
  "Costura.dll": "638D0BBFF03C1395C0DE990EF6F199FB",
  "Dalamud.Boot.dll": "21DC56772E36956DF511D1B660C89D75",
  "Dalamud.Common.dll": "EF1E1567D5FE9F9B73665A02F1BD4248",
  "Dalamud.deps.json": "544881222A32067C04A2B27019571C46",
  "Dalamud.dll": "6ED2DEB012E01B74542665D84133504A",
  "Dalamud.Injector.deps.json": "973E5D437761614CB8BADBA9E2C0F6EA",
  "Dalamud.Injector.dll": "05AC47388B5FD11A80D4831D32D08203",
  "Dalamud.Injector.exe": "E06182B864D497CB8807950A4C5015FC",
  "Dalamud.Injector.runtimeconfig.json": "B9BB65FFE7924D4D8BABE9FA66303200",
  "Dalamud.Injector.xml": "D41E5DF541D19A015215E777D7395C9C",
  "Dalamud.runtimeconfig.json": "2A9CD915428BDD175E0889BD0C225F75",
  "Dalamud.xml": "30D9601188AE8B75628FCE0152232217",
  "DalamudCrashHandler.exe": "AD0CD8E0731B19530919572E77A7C6DB",
  "FASM-LICENSE.TXT": "ECEA1D10811221D5F0A3E96F9C38E2C7",
  "FASM.DLL": "AC5DFFC92B34D9F247253B79C41667E3",
  "FASMX64.DLL": "41026A6B69B8ABD616E9A7F152345C83",
  "FFXIVClientStructs.dll": "A4A8BE8D46AF6F6E7E81785DF3C16FDB",
  "FFXIVClientStructs.xml": "E320B9A7FCC2CECDD1A71B607F2A0D61",
  "goaaats.Reloaded.Assembler.targets": "CC22CB0A353E2136EE9E6E96DB9F7164",
  "Iced.dll": "DA2B00940BCCFF1F84BBFB54C3E03C98",
  "ImGui.NET.dll": "1BD024740364A2F345DAF5AB48AE6AB5",
  "ImGuiScene.dll": "5122BDA05267A1CAAB8400D9A37AD037",
  "InteropGenerator.Runtime.dll": "4CCC0B8B17B28283242AF3E4D44806C1",
  "JetBrains.Annotations.dll": "7831F78704C858B7A975F5E69AF3605B",
  "licenses.txt": "A159BE62AA91178EFC3E3983AE874D1D",
  "Lumina.dll": "BD17887FDB4C1DF1F8BDFE948DCE375F",
  "Lumina.Excel.dll": "650E8241B9A502CD6F7B7AB556A10CEF",
  "Microsoft.Bcl.HashCode.dll": "613AB56061ADF2284E047025207467E0",
  "Microsoft.DotNet.PlatformAbstractions.dll": "00AB0F02B1114C57C758F5AD595224F1",
  "Microsoft.Extensions.DependencyModel.dll": "F39BC76C10CFEA478C936FC4521A9FC9",
  "Microsoft.Extensions.ObjectPool.dll": "FEE3CE8A84417360CC5ED787ED6F7DB1",
  "MinSharp.dll": "15F44A33C6F0515B848189632C2DD3C8",
  "Mono.Cecil.dll": "A6FD445EBF6D325B3BE8D2685CFAC42C",
  "Mono.Cecil.Mdb.dll": "CB4A994C6B901171AEAD83470E604C19",
  "Mono.Cecil.Pdb.dll": "E479654934A169231F5F0C1E1D535DD0",
  "Mono.Cecil.Rocks.dll": "50BD8DBFDFC092BDEDF3CEB4412B5046",
  "nethost.dll": "21F39F71E2F4B5BA9FB3F126872F2F9B",
  "Newtonsoft.Json.dll": "ADF3E3EECDE20B7C9661E9C47106A14A",
  "PeNet.Asn1.dll": "CB960CFB504A69E27C6883108E5CFD55",
  "PeNet.dll": "D0FCE8685AED8B207B92BEF404D69126",
  "PInvoke.AdvApi32.dll": "34EE461D05B403C3A15D0DEC32A3788C",
  "PInvoke.BCrypt.dll": "FD07758EE1440491F22923084109FF26",
  "PInvoke.Cabinet.dll": "333D950E3804735DA60CC41D614C63E2",
  "PInvoke.CfgMgr32.dll": "768BE7CC18EDCF78B296A72ABE891691",
  "PInvoke.Crypt32.dll": "E7B00B0851738F4A7F2C6D37DAA973B4",
  "PInvoke.DbgHelp.dll": "E701136169620D20E3A70B560DE20E44",
  "PInvoke.DwmApi.dll": "ACF223CC8962404056648815B486F7D9",
  "PInvoke.Gdi32.dll": "69FF434826F98582CE44D3136ECFFACB",
  "PInvoke.Hid.dll": "2E7A41257F8AD9B26073181F450CD8E5",
  "PInvoke.ImageHlp.dll": "79BE816E8D86EA66489D7780DD675D49",
  "PInvoke.IPHlpApi.dll": "E949FA3326D1BA8872B179AB4EE49D38",
  "PInvoke.Kernel32.dll": "234E15B122ED430DE99490CA1A204958",
  "PInvoke.Magnification.dll": "C9EA3D34F506741ECC044DB19C151F09",
  "PInvoke.Msi.dll": "69EE50CE2DA6B55755E52589F49A7EBC",
  "PInvoke.NCrypt.dll": "DA1DE76C14D99370CA3BEF19DC299B15",
  "PInvoke.NetApi32.dll": "AE79F9FA2E3864A5E0642AE4622ECDC5",
  "PInvoke.NewDev.dll": "B3E1992105D986EF9C5C8E4B630FBB07",
  "PInvoke.NTDll.dll": "3F6BDF840EB27DD0FD9EB8071822183A",
  "PInvoke.Ole32.dll": "3C49FB100B60519FFE725BCD12A538F6",
  "PInvoke.Psapi.dll": "A7683EE4B880227F01C8AE632A892B9E",
  "PInvoke.SetupApi.dll": "1B7AE321185D0081D1759A9AD829F9BA",
  "PInvoke.SHCore.dll": "F27E7F063D51480F6D2294C903E4A606",
  "PInvoke.Shell32.dll": "F71A1BCAF6478190691170DAEA77722F",
  "PInvoke.User32.dll": "8BEDE38311ED4F27127290B81B8079FD",
  "PInvoke.Userenv.dll": "FEB7BCA90B8C905EC2F4BB0789847131",
  "PInvoke.UxTheme.dll": "8E683C016250CB719FDB9AAAFC22B3C5",
  "PInvoke.Windows.Core.dll": "90015440A44935208FFEA9BF61740651",
  "PInvoke.Windows.ShellScalingApi.dll": "F351B34B8C9183A51CADFDC279357C49",
  "PInvoke.WinUsb.dll": "9EB8A0280F2848D1A32B560A939F7336",
  "PInvoke.WtsApi32.dll": "341C94455D2E5893DBE4293D4D67AA4D",
  "Reloaded.Assembler.dll": "428D12C5052165923E79F725D649D63A",
  "Reloaded.Hooks.Definitions.dll": "FE0EE7CA66EA773D843583B8CC9CC106",
  "Reloaded.Hooks.dll": "69CBD950FBB4456316A562BE5719BF92",
  "Reloaded.Memory.Buffers.dll": "6A1C1F4D1650F2A359000797AC2224C1",
  "Reloaded.Memory.dll": "FF1EE3CC4336F9A54F288A1127240A64",
  "revision.txt": "BE3087E74E9100D4BC4C6268CDBE8456",
  "SDL2-CS.config": "65557595FD5DF55D93B2BF881DE62C3A",
  "SDL2-CS.dll": "B86C95AD755B1B911BBDA3C4A2F6154A",
  "Serilog.dll": "1DD91CC5C38CEA7585135D0626B45BD2",
  "Serilog.Sinks.Async.dll": "8EC1B6798B6E52F5DDD6D2FD334FEB23",
  "Serilog.Sinks.Console.dll": "A04692D671584D4E38BF9E1C68B5C442",
  "Serilog.Sinks.File.dll": "E63FA97D0EB7947C11831752D0476C9F",
  "SharpDX.Direct3D11.dll": "DB200A713584C1AF7C66FBB9B8B62772",
  "SharpDX.dll": "F9CA8F2AACFDA441021C5F73211498FE",
  "SharpDX.DXGI.dll": "D881F29A05CE03858A0562410D63A918",
  "SharpDX.Mathematics.dll": "DA65983A082A244C4C1F67C1F5E7D646",
  "Silk.NET.Core.dll": "2E178E470BD7FBD4891572915B38DC50",
  "Silk.NET.GLFW.dll": "4EC9D27EE8D1B9C035B387A633DE30E5",
  "Silk.NET.Maths.dll": "514ADB138911D42BE43210DBEFADB1DD",
  "Silk.NET.OpenGL.dll": "27B382B468D764E40B2C7C33EB89B1C2",
  "Silk.NET.SDL.dll": "05013D49F9F8AE590369ED531DD87DBB",
  "Silk.NET.Windowing.Common.dll": "8FBFAB044158C3DBB63045F1E20AE200",
  "Silk.NET.Windowing.Glfw.dll": "1209D2F13BFE89E65935BB63C9EE99FF",
  "Silk.NET.Windowing.Sdl.dll": "A4B1FC184843E21C09980B75C92AF7E4",
  "SQLite-net.dll": "59CFF5C43CD04F88BE8340639DFBF79E",
  "SQLitePCLRaw.batteries_v2.dll": "31C40392A24F400BFC4CB9F8E48BDEA0",
  "SQLitePCLRaw.core.dll": "1F2DC6174B73CB98CB7992E401F73BD9",
  "SQLitePCLRaw.nativelibrary.dll": "20E7D59C6194EA9C12CB7713C911B482",
  "SQLitePCLRaw.provider.dynamic_cdecl.dll": "A1415E104BD6718385F30994415E3197",
  "StbiSharp.dll": "0E87B0FD0C227DB31C588C06BB873882",
  "System.Reactive.dll": "EF5A00287AD15393D41B12AA4B726FF7",
  "System.Reflection.MetadataLoadContext.dll": "E88E3AF6D37736F339022C9ACC5F2F7B",
  "System.Security.Cryptography.Pkcs.dll": "8950E01996A37E808BE3F39063C37BF9",
  "TEMP_gitver.txt": "84405FD6E67624C7C2CAE6DCE3B2822A",
  "TerraFX.Interop.Windows.dll": "84F7EF6B0DE91F8CC23F773D3FD6DEC0",
  "Validation.dll": "F37BCE47BE33182B1673AA873699A960"
}
