{
  "runtimes\\alpine-x64\\native\\libe_sqlite3.so": "39C244FEDBCD3DFC37041D4FCE1AE21D",
  "runtimes\\linux-arm\\native\\libe_sqlite3.so": "96CF54BC0EFB83D6E3F5F3E04997A59D",
  "runtimes\\linux-arm64\\native\\libe_sqlite3.so": "F079E55E7F3F9966A4A2052A3234E068",
  "runtimes\\linux-armel\\native\\libe_sqlite3.so": "C5A67D49434FC65D64E9C15778078C76",
  "runtimes\\linux-mips64\\native\\libe_sqlite3.so": "5F8461214089CFC677D46C19B7162161",
  "runtimes\\linux-musl-x64\\native\\libe_sqlite3.so": "39C244FEDBCD3DFC37041D4FCE1AE21D",
  "runtimes\\linux-x64\\native\\libe_sqlite3.so": "6F49C540D3AB9964D67A4A704C3D262D",
  "runtimes\\linux-x64\\native\\libglfw.so.3": "9E3137144F68B9E9793F4C7AD5B1BEA7",
  "runtimes\\linux-x64\\native\\libSDL2-2.0.so": "99B95A708381FC66AB2370E45A260527",
  "runtimes\\linux-x64\\native\\libstbi.so": "0945355ED59677D06E3E88F48101BB26",
  "runtimes\\linux-x86\\native\\libe_sqlite3.so": "5E0659B414CBD6DDC38C65582485853E",
  "runtimes\\osx-x64\\native\\libe_sqlite3.dylib": "F82AE134FCD1C080A69D775591406673",
  "runtimes\\osx-x64\\native\\libglfw.3.dylib": "1E30FAB2F0C40E82290AD4B0BF14A880",
  "runtimes\\osx-x64\\native\\libSDL2-2.0.dylib": "AAC958490586C67395F0A90903AE3747",
  "runtimes\\osx-x64\\native\\libstbi.dylib": "0B84B0A6A80178266018081C3CAB68E6",
  "runtimes\\win-arm\\native\\e_sqlite3.dll": "50A20D695AA7396602C0CCA1C64FCAE8",
  "runtimes\\win-arm64\\native\\e_sqlite3.dll": "21CC8FCA940F003163289FC6229B4F4A",
  "runtimes\\win-x64\\native\\cimgui.dll": "6B42BD3C9D3A59CE77317020B6281E14",
  "runtimes\\win-x64\\native\\cimguizmo.dll": "255490C8A1C10EA894571B982203D16B",
  "runtimes\\win-x64\\native\\cimplot.dll": "575A27E1AA9E47273A1C377EB7790A95",
  "runtimes\\win-x64\\native\\e_sqlite3.dll": "2F14E0F63208A5656BF03C54AC4CDB26",
  "runtimes\\win-x64\\native\\glfw3.dll": "61CBFFA5B08AF7831682180F0A11FA20",
  "runtimes\\win-x64\\native\\minhook.x64d.dll": "DC92F5E0471DE2B57C94F8E0A14BC4DF",
  "runtimes\\win-x64\\native\\SDL2.dll": "E94F43CC5B125E164653DBAA05E2FFE7",
  "runtimes\\win-x64\\native\\stbi.dll": "7D55EF26C3FB0790EF99A949758FA617",
  "runtimes\\win-x64\\native\\stbi.lib": "927C214DE576219E1F80DBE7798A0502",
  "runtimes\\win-x86\\native\\e_sqlite3.dll": "FA1CAEA65C63A4200BB3DB333A00C35D",
  "runtimes\\win-x86\\native\\glfw3.dll": "2FFF9798858F696EAB870CC955D765F7",
  "runtimes\\win-x86\\native\\SDL2.dll": "A79E7F0D7A6AE5E08887685A8E5B3129",
  "targets\\Dalamud.Plugin.Bootstrap.targets": "C85635161398CD9852CF7212DB7EB904",
  "targets\\Dalamud.Plugin.targets": "DDD731601C06B16E10CF2F8990452A27",
  "BitFaster.Caching.dll": "571BD1D5CB3D5EF530688E20D99B61C0",
  "CheapLoc.dll": "67CEBD91F2303E908B0C44A4D08CCA72",
  "Costura.dll": "EA7059135E3E03613380AA9125D33909",
  "Dalamud.Boot.dll": "1C37C2CA2F6812DC7722F7E1CAB01F9F",
  "Dalamud.Common.dll": "0AAA15204A1B8079B58F84F64EF6DEE9",
  "Dalamud.deps.json": "18FC34CCFEF7A491DF3429A7BA56AF97",
  "Dalamud.dll": "407B57FA0ADB1FD4E75B410A040554B0",
  "Dalamud.Injector.deps.json": "973E5D437761614CB8BADBA9E2C0F6EA",
  "Dalamud.Injector.dll": "E94EB45611F5A6144C82561F932ACCC7",
  "Dalamud.Injector.exe": "2056D965D2ED9F9008D3D19C6F955675",
  "Dalamud.Injector.runtimeconfig.json": "B9BB65FFE7924D4D8BABE9FA66303200",
  "Dalamud.Injector.xml": "D41E5DF541D19A015215E777D7395C9C",
  "Dalamud.runtimeconfig.json": "2A9CD915428BDD175E0889BD0C225F75",
  "Dalamud.xml": "CB79E2C3EDECD9ED97A463CDE90577ED",
  "DalamudCrashHandler.exe": "EB43A159342458F708057DB25ACF04F0",
  "FASM-LICENSE.TXT": "ECEA1D10811221D5F0A3E96F9C38E2C7",
  "FASM.DLL": "3ED0C65B36355B2F4347630D62A8DB05",
  "FASMX64.DLL": "9385A1A96AFFB827B3C2B17A933E45FE",
  "FFXIVClientStructs.dll": "D32956EC2AE3E9FDD013CB759A00CA07",
  "FFXIVClientStructs.xml": "1EDB46820ECD0566342DC8DD24B85DDA",
  "goaaats.Reloaded.Assembler.targets": "CC22CB0A353E2136EE9E6E96DB9F7164",
  "Iced.dll": "E66B1A30CE063628D08172E556A4485D",
  "ImGui.NET.dll": "FB378C28781E4C0B5A633841CC7747D3",
  "ImGuiScene.dll": "890401BDB90499ECC235030803E27318",
  "InteropGenerator.Runtime.dll": "AC25E536EDF4FAA94BD27D8FA761C021",
  "JetBrains.Annotations.dll": "A0CDD7A7BC68F05966E9326020BB2EAD",
  "licenses.txt": "A159BE62AA91178EFC3E3983AE874D1D",
  "Lumina.dll": "8644CA82BBE084D7049ECE412D0C4463",
  "Lumina.Excel.dll": "A28D587796BF156FD7FD4763736A95FE",
  "Microsoft.Bcl.HashCode.dll": "613AB56061ADF2284E047025207467E0",
  "Microsoft.DotNet.PlatformAbstractions.dll": "00AB0F02B1114C57C758F5AD595224F1",
  "Microsoft.Extensions.DependencyModel.dll": "F39BC76C10CFEA478C936FC4521A9FC9",
  "Microsoft.Extensions.ObjectPool.dll": "FEE3CE8A84417360CC5ED787ED6F7DB1",
  "MinSharp.dll": "9BD18B8C5548DF482F44B064C2C153CA",
  "Mono.Cecil.dll": "E6EFFED118850E1B71814581A19F3C6C",
  "Mono.Cecil.Mdb.dll": "9A46E410300E377380D1051B6ECC1E66",
  "Mono.Cecil.Pdb.dll": "C886313FB3E2B05615AC904BB83DC53D",
  "Mono.Cecil.Rocks.dll": "34FD6F4E4B209C2A7B2E31F05747B083",
  "nethost.dll": "21F39F71E2F4B5BA9FB3F126872F2F9B",
  "Newtonsoft.Json.dll": "ADF3E3EECDE20B7C9661E9C47106A14A",
  "PeNet.Asn1.dll": "1D267CC12F018877F020097A49B1A04B",
  "PeNet.dll": "DCE7A3BEBB6F46A22AD7C7083BA80F87",
  "PInvoke.AdvApi32.dll": "34EE461D05B403C3A15D0DEC32A3788C",
  "PInvoke.BCrypt.dll": "FD07758EE1440491F22923084109FF26",
  "PInvoke.Cabinet.dll": "333D950E3804735DA60CC41D614C63E2",
  "PInvoke.CfgMgr32.dll": "768BE7CC18EDCF78B296A72ABE891691",
  "PInvoke.Crypt32.dll": "E7B00B0851738F4A7F2C6D37DAA973B4",
  "PInvoke.DbgHelp.dll": "E701136169620D20E3A70B560DE20E44",
  "PInvoke.DwmApi.dll": "ACF223CC8962404056648815B486F7D9",
  "PInvoke.Gdi32.dll": "69FF434826F98582CE44D3136ECFFACB",
  "PInvoke.Hid.dll": "2E7A41257F8AD9B26073181F450CD8E5",
  "PInvoke.ImageHlp.dll": "79BE816E8D86EA66489D7780DD675D49",
  "PInvoke.IPHlpApi.dll": "E949FA3326D1BA8872B179AB4EE49D38",
  "PInvoke.Kernel32.dll": "234E15B122ED430DE99490CA1A204958",
  "PInvoke.Magnification.dll": "C9EA3D34F506741ECC044DB19C151F09",
  "PInvoke.Msi.dll": "69EE50CE2DA6B55755E52589F49A7EBC",
  "PInvoke.NCrypt.dll": "DA1DE76C14D99370CA3BEF19DC299B15",
  "PInvoke.NetApi32.dll": "AE79F9FA2E3864A5E0642AE4622ECDC5",
  "PInvoke.NewDev.dll": "B3E1992105D986EF9C5C8E4B630FBB07",
  "PInvoke.NTDll.dll": "3F6BDF840EB27DD0FD9EB8071822183A",
  "PInvoke.Ole32.dll": "3C49FB100B60519FFE725BCD12A538F6",
  "PInvoke.Psapi.dll": "A7683EE4B880227F01C8AE632A892B9E",
  "PInvoke.SetupApi.dll": "1B7AE321185D0081D1759A9AD829F9BA",
  "PInvoke.SHCore.dll": "F27E7F063D51480F6D2294C903E4A606",
  "PInvoke.Shell32.dll": "F71A1BCAF6478190691170DAEA77722F",
  "PInvoke.User32.dll": "8BEDE38311ED4F27127290B81B8079FD",
  "PInvoke.Userenv.dll": "FEB7BCA90B8C905EC2F4BB0789847131",
  "PInvoke.UxTheme.dll": "8E683C016250CB719FDB9AAAFC22B3C5",
  "PInvoke.Windows.Core.dll": "90015440A44935208FFEA9BF61740651",
  "PInvoke.Windows.ShellScalingApi.dll": "F351B34B8C9183A51CADFDC279357C49",
  "PInvoke.WinUsb.dll": "9EB8A0280F2848D1A32B560A939F7336",
  "PInvoke.WtsApi32.dll": "341C94455D2E5893DBE4293D4D67AA4D",
  "Reloaded.Assembler.dll": "B5B996562CAA2E2B417480E9C5BAE5B5",
  "Reloaded.Hooks.Definitions.dll": "518B913EE8B6E25E5E00BC7A25A1F49B",
  "Reloaded.Hooks.dll": "CE49D5ED39D6D46F78A7E6B044375B91",
  "Reloaded.Memory.Buffers.dll": "A7B08AA524ADDB075CAAF4AF37CA25D5",
  "Reloaded.Memory.dll": "9A3D42FB3CBE4921F99E77F2EEC3BA46",
  "revision.txt": "48653AF2E798BC96B6EF0B76D8A02139",
  "SDL2-CS.config": "65557595FD5DF55D93B2BF881DE62C3A",
  "SDL2-CS.dll": "72D14A26AD09B14E04C691B9CE0A2DA1",
  "Serilog.dll": "C8B8200E36B2EBE13470454C3F8B6CA9",
  "Serilog.Sinks.Async.dll": "46821F95A55AAC4D6453F3C71C8ECC48",
  "Serilog.Sinks.Console.dll": "A0906E5CAFD31C1CDBD799D9A1F67D6C",
  "Serilog.Sinks.File.dll": "B32E44EAEFC5B6D80802505FBFBD580A",
  "SharpDX.Direct3D11.dll": "6606A8A164BE89A43FC8E56ED950F81E",
  "SharpDX.dll": "D5DC9E92D3FCC0504057C1DD9AABF8C8",
  "SharpDX.DXGI.dll": "AEFB64B0017BA39E79AD739240FE269B",
  "SharpDX.Mathematics.dll": "E48AC20C21AC63E558ABF60349AF783A",
  "Silk.NET.Core.dll": "781EB26E8A5E1B0C01A3ECC57C5AA626",
  "Silk.NET.GLFW.dll": "B14E373D54394BB1A4ACF4B35201683C",
  "Silk.NET.Maths.dll": "BB91D7A5D1CDA5A32CBB55BC2E5ECF6F",
  "Silk.NET.OpenGL.dll": "A1C596BCA08174C0B19CAE60BCA97A88",
  "Silk.NET.SDL.dll": "56943CE3354D209D29B37C843CC157B9",
  "Silk.NET.Windowing.Common.dll": "63BB77917DEE87466036E4207A95C646",
  "Silk.NET.Windowing.Glfw.dll": "062F3442CF88595AE0E7E6FAE382AFDD",
  "Silk.NET.Windowing.Sdl.dll": "069DD7EC95C85DE0CFEAC63D6A507DD6",
  "SQLite-net.dll": "73141EC4D027323EE319745B0DC0B68E",
  "SQLitePCLRaw.batteries_v2.dll": "BF59D6E401FF48774B3EBE26F5C81AB7",
  "SQLitePCLRaw.core.dll": "9C8CFC18DCDC6A514BDD84636BAF5BE3",
  "SQLitePCLRaw.nativelibrary.dll": "1CBF4FC3397D70E26CCD562E04EA76DA",
  "SQLitePCLRaw.provider.dynamic_cdecl.dll": "63E1BA2ECD0295A4BFF364F4FF30A9E0",
  "StbiSharp.dll": "FFE861F450FFB7B3EC13B2C5B3B7E998",
  "System.Reactive.dll": "EF5A00287AD15393D41B12AA4B726FF7",
  "System.Reflection.MetadataLoadContext.dll": "E88E3AF6D37736F339022C9ACC5F2F7B",
  "System.Security.Cryptography.Pkcs.dll": "8950E01996A37E808BE3F39063C37BF9",
  "TEMP_gitver.txt": "60507928AA95C15D6541ADBF35EC3A61",
  "TerraFX.Interop.Windows.dll": "84F7EF6B0DE91F8CC23F773D3FD6DEC0",
  "Validation.dll": "FF03E949FC34E7C1D895E7EAF8155EB8"
}
