{
  "runtimes\\alpine-x64\\native\\libe_sqlite3.so": "39C244FEDBCD3DFC37041D4FCE1AE21D",
  "runtimes\\linux-arm\\native\\libe_sqlite3.so": "96CF54BC0EFB83D6E3F5F3E04997A59D",
  "runtimes\\linux-arm64\\native\\libe_sqlite3.so": "F079E55E7F3F9966A4A2052A3234E068",
  "runtimes\\linux-armel\\native\\libe_sqlite3.so": "C5A67D49434FC65D64E9C15778078C76",
  "runtimes\\linux-mips64\\native\\libe_sqlite3.so": "5F8461214089CFC677D46C19B7162161",
  "runtimes\\linux-musl-x64\\native\\libe_sqlite3.so": "39C244FEDBCD3DFC37041D4FCE1AE21D",
  "runtimes\\linux-x64\\native\\libe_sqlite3.so": "6F49C540D3AB9964D67A4A704C3D262D",
  "runtimes\\linux-x86\\native\\libe_sqlite3.so": "5E0659B414CBD6DDC38C65582485853E",
  "runtimes\\osx-x64\\native\\libe_sqlite3.dylib": "F82AE134FCD1C080A69D775591406673",
  "runtimes\\win-arm\\native\\e_sqlite3.dll": "208BBA2D6B5631AC44C4D304FA649746",
  "runtimes\\win-arm64\\native\\e_sqlite3.dll": "2416F475E2655B382ED4E60E22FB80F4",
  "runtimes\\win-x64\\native\\e_sqlite3.dll": "6B8F16B99EECCFE6D7193E02015E97C2",
  "runtimes\\win-x64\\native\\minhook.x64d.dll": "B9608C7CA432B1C27B30F05D79600C52",
  "runtimes\\win-x86\\native\\e_sqlite3.dll": "DC0F25B4DE88F49AF7BD61ABEA0FD305",
  "targets\\Dalamud.Plugin.Bootstrap.targets": "C85635161398CD9852CF7212DB7EB904",
  "targets\\Dalamud.Plugin.targets": "394EE2BEC70254F76ABBE2C33F62BBFA",
  "BCnEncoder.dll": "7D6598C8697CD3A643DB7BF566454D59",
  "BitFaster.Caching.dll": "C2340F6EF1F0995B87F45859331C6802",
  "CheapLoc.dll": "F9C3248C91C57C329C5622227A404FDE",
  "cimgui.dll": "C5A5412EBA1566F34FD1DB76D7849029",
  "cimguizmo.dll": "A6F62ECF91925D831024F0822E538EB1",
  "cimplot.dll": "06FD00B4FF9A6D527FD1C8FA5625F6D5",
  "commit_hash.txt": "0E8089D64B46C99BEDA0381768622554",
  "CommunityToolkit.HighPerformance.dll": "66B64EC334625F2C5D341A45E28EEB43",
  "Dalamud.Bindings.ImGui.dll": "3C165875201FB5CB125438F55DC0489B",
  "Dalamud.Bindings.ImGuizmo.dll": "8354A4637741402A412C80D69EE4CDD0",
  "Dalamud.Bindings.ImPlot.dll": "FEEC0BA3CD85CBF14BAB31B5229B5D17",
  "Dalamud.Boot.dll": "54F6E759C3F9636160C6A5F63318CCEF",
  "Dalamud.Common.dll": "A089B6CC3FF39DEAA9126837D081E4CA",
  "Dalamud.deps.json": "E84E570F66820105D0E13BEF14C25E96",
  "Dalamud.dll": "E6348DED64EABFAB326FED330A510152",
  "Dalamud.Injector.deps.json": "AE17A723819E88058C70AA4BDA14CA37",
  "Dalamud.Injector.dll": "E058AEF3A489391B71E89817E9D7B7D8",
  "Dalamud.Injector.exe": "479859795E07DC0474404223169FD53B",
  "Dalamud.Injector.runtimeconfig.json": "439C534917CEF268A731631073E50FE4",
  "Dalamud.Injector.xml": "07EC7B68C97460A1C8275C75BE82FAA9",
  "Dalamud.runtimeconfig.json": "CA3935E9C6B9E3300F2D7171E4AF6335",
  "Dalamud.xml": "5371D42260A85498C1DF05286983EF94",
  "DalamudCrashHandler.exe": "69E513B3AD9CB64D46C144226482F172",
  "FASM-LICENSE.TXT": "ECEA1D10811221D5F0A3E96F9C38E2C7",
  "FASM.DLL": "E6BAA8B139FAA7F7DC2E0BE8B72D059A",
  "FASMX64.DLL": "D7F38F3E6C5D6FE0DAFC6F204AE355D3",
  "FFXIVClientStructs.dll": "21CB800A92C6B6BF7FC9B082AE41E44D",
  "FFXIVClientStructs.xml": "1CE8BE4E1F2A63CE1DB462E6639BF98F",
  "goatcorp.Reloaded.Assembler.dll": "C571651F72956A8CD81387EA2FC74277",
  "goatcorp.Reloaded.Assembler.targets": "CC22CB0A353E2136EE9E6E96DB9F7164",
  "goatcorp.Reloaded.Hooks.dll": "49E2E10B14F41E1B6A4B484F47C14642",
  "goatcorp.Reloaded.Memory.Buffers.dll": "1618DF44FFAB80F3F690DE599D273763",
  "HexaGen.Runtime.dll": "04CF9722BAFABB8623577726AA3468D9",
  "Iced.dll": "4D07ACA26ED1448D2DB59C2C7752B30D",
  "ImGuiScene.dll": "7DA54259AC60FB7E36D5C8D0E4184384",
  "InteropGenerator.Runtime.dll": "D98F267F0AD905594ABB8BC29E9B685A",
  "JetBrains.Annotations.dll": "973DAA340A7E426834C097B84C7027B5",
  "licenses.txt": "A159BE62AA91178EFC3E3983AE874D1D",
  "Lumina.dll": "ED4243EB5A5EE1A1A34D1FAF700BBE11",
  "Lumina.Excel.dll": "E929B1E332266528242EBAACDB392092",
  "Lumina.Excel.xml": "3D3B7AD224A8A04B92B2B311FB8DA535",
  "Microsoft.Extensions.ObjectPool.dll": "5510583E2B50BE953814615586673C33",
  "MinSharp.dll": "DE786BA7B5D560FEB6DAD08DAA41EE36",
  "Mono.Cecil.dll": "13FE325D3D534FC4F16F9D5E44A733B0",
  "Mono.Cecil.Mdb.dll": "0FDCEAAA932D7439609BF84B59CE2677",
  "Mono.Cecil.Pdb.dll": "49D5F14E8D1E1458B133867BA6299AFA",
  "Mono.Cecil.Rocks.dll": "588706B85AEC2F036AC32E23FADCDF24",
  "nethost.dll": "21F39F71E2F4B5BA9FB3F126872F2F9B",
  "Newtonsoft.Json.dll": "ADF3E3EECDE20B7C9661E9C47106A14A",
  "PeNet.Asn1.dll": "4EDDEEEC2C59445394182C2C3E544134",
  "PeNet.dll": "91B184FC18E88B15A845E2F590E4EB1A",
  "Reloaded.Hooks.Definitions.dll": "56F69387B48673F7B073CDAF169B506A",
  "Reloaded.Memory.Buffers.dll": "B0D3B345B9BF98A60C6878D2A662DF41",
  "Reloaded.Memory.dll": "5B872443CEC4D71EA235CE095B58327E",
  "revision.txt": "E275193BC089E9B3CA1AEEF3C44BE496",
  "Serilog.dll": "936320298394CA56445FC61480C734F8",
  "Serilog.Sinks.Async.dll": "BB21B0018FDAB110553E831132B3F9E0",
  "Serilog.Sinks.Console.dll": "3F6BF0B0A24D7CB7BE419A72AFEE74C4",
  "Serilog.Sinks.File.dll": "ED968B57FC8CE9966F416E838A7FFFED",
  "SharpDX.Direct3D11.dll": "B481408C51C1115121F8B666F0FD58E7",
  "SharpDX.dll": "383C460931502EFCD5CDEED1251ABE5A",
  "SharpDX.DXGI.dll": "66C320EF213C0E402AEC8CB7802A0656",
  "SharpDX.Mathematics.dll": "26651107E5E9F5A0F8673F216D45C5FE",
  "SQLite-net.dll": "655A0EB347BE1A23D3E358A5C8BDF898",
  "SQLitePCLRaw.batteries_v2.dll": "C97E6F854074AC6AA7FC34C1A4F3352A",
  "SQLitePCLRaw.core.dll": "35BDBBF8DA9C88211F476AC227969501",
  "SQLitePCLRaw.nativelibrary.dll": "84EA494597497001B7E6538F21526A63",
  "SQLitePCLRaw.provider.dynamic_cdecl.dll": "0999A91787288C5B924F574A442C4AD7",
  "System.Reactive.dll": "EF5A00287AD15393D41B12AA4B726FF7",
  "System.Reflection.MetadataLoadContext.dll": "E88E3AF6D37736F339022C9ACC5F2F7B",
  "System.Security.Cryptography.Pkcs.dll": "8950E01996A37E808BE3F39063C37BF9",
  "TEMP_gitver.txt": "DF5E6D832BD14FE0B343CD36AEA23646",
  "TerraFX.Interop.Windows.dll": "84F7EF6B0DE91F8CC23F773D3FD6DEC0"
}
