{
  "runtimes\\alpine-x64\\native\\libe_sqlite3.so": "39C244FEDBCD3DFC37041D4FCE1AE21D",
  "runtimes\\linux-arm\\native\\libe_sqlite3.so": "96CF54BC0EFB83D6E3F5F3E04997A59D",
  "runtimes\\linux-arm64\\native\\libe_sqlite3.so": "F079E55E7F3F9966A4A2052A3234E068",
  "runtimes\\linux-armel\\native\\libe_sqlite3.so": "C5A67D49434FC65D64E9C15778078C76",
  "runtimes\\linux-mips64\\native\\libe_sqlite3.so": "5F8461214089CFC677D46C19B7162161",
  "runtimes\\linux-musl-x64\\native\\libe_sqlite3.so": "39C244FEDBCD3DFC37041D4FCE1AE21D",
  "runtimes\\linux-x64\\native\\libe_sqlite3.so": "6F49C540D3AB9964D67A4A704C3D262D",
  "runtimes\\linux-x64\\native\\libglfw.so.3": "9E3137144F68B9E9793F4C7AD5B1BEA7",
  "runtimes\\linux-x64\\native\\libSDL2-2.0.so": "99B95A708381FC66AB2370E45A260527",
  "runtimes\\linux-x64\\native\\libstbi.so": "0945355ED59677D06E3E88F48101BB26",
  "runtimes\\linux-x86\\native\\libe_sqlite3.so": "5E0659B414CBD6DDC38C65582485853E",
  "runtimes\\osx-x64\\native\\libe_sqlite3.dylib": "F82AE134FCD1C080A69D775591406673",
  "runtimes\\osx-x64\\native\\libglfw.3.dylib": "1E30FAB2F0C40E82290AD4B0BF14A880",
  "runtimes\\osx-x64\\native\\libSDL2-2.0.dylib": "AAC958490586C67395F0A90903AE3747",
  "runtimes\\osx-x64\\native\\libstbi.dylib": "0B84B0A6A80178266018081C3CAB68E6",
  "runtimes\\win-arm\\native\\e_sqlite3.dll": "B2155CA4017B770C73213914770620AE",
  "runtimes\\win-arm64\\native\\e_sqlite3.dll": "DD0B3C091A3596B50E9E9213881B5AAB",
  "runtimes\\win-x64\\native\\cimgui.dll": "C622845BCD2852DC586765DBD9E586B0",
  "runtimes\\win-x64\\native\\cimguizmo.dll": "397625710B8DF5053A5B6D85986D26C9",
  "runtimes\\win-x64\\native\\cimplot.dll": "9174A480CD68748C84A3C40FCDD96B72",
  "runtimes\\win-x64\\native\\e_sqlite3.dll": "CD054AD70FCC1B763075AF30B22D9251",
  "runtimes\\win-x64\\native\\glfw3.dll": "F5CC23C8C46C5737C10EF25A4BE16087",
  "runtimes\\win-x64\\native\\minhook.x64d.dll": "7E7DF852F8CBB64A77B34BA5A4CBB5AB",
  "runtimes\\win-x64\\native\\SDL2.dll": "1B4210D9045B96748EEA52C1628A8AE5",
  "runtimes\\win-x64\\native\\stbi.dll": "A766C3B53A7E846373A25C93B5F0D6FD",
  "runtimes\\win-x64\\native\\stbi.lib": "927C214DE576219E1F80DBE7798A0502",
  "runtimes\\win-x86\\native\\e_sqlite3.dll": "B122DC2EA201BAACCAB4214095626DCB",
  "runtimes\\win-x86\\native\\glfw3.dll": "D13A66BCDFA25A723D926CA9798B056C",
  "runtimes\\win-x86\\native\\SDL2.dll": "DB5AD6554F203D27402D6AEED6E7FB8E",
  "targets\\Dalamud.Plugin.Bootstrap.targets": "C85635161398CD9852CF7212DB7EB904",
  "targets\\Dalamud.Plugin.targets": "DDD731601C06B16E10CF2F8990452A27",
  "BitFaster.Caching.dll": "7B959184785E5A487D0EA6F5DFF2F58B",
  "CheapLoc.dll": "1C4FA56778DF7FF85DB4154E043F7212",
  "commit_hash.txt": "2CA37225E17B85BFA08D0867ABA5C081",
  "Costura.dll": "0914C09F16BCB713A99938FB7528B375",
  "Dalamud.Boot.dll": "F3D61DCFDE59FAD8D8BAFD832814C1A6",
  "Dalamud.Common.dll": "3C17F5BE8D4B9CBAA4E06795C8829B46",
  "Dalamud.deps.json": "CEA57E22F068B83274315925D31C7BDA",
  "Dalamud.dll": "8A6121C9D0497FD63F5066DFE7519192",
  "Dalamud.Injector.deps.json": "973E5D437761614CB8BADBA9E2C0F6EA",
  "Dalamud.Injector.dll": "5047813F493EDBE56639A40306C6BF6E",
  "Dalamud.Injector.exe": "2D5816285823A33B3E3758979C831A94",
  "Dalamud.Injector.runtimeconfig.json": "B9BB65FFE7924D4D8BABE9FA66303200",
  "Dalamud.Injector.xml": "D41E5DF541D19A015215E777D7395C9C",
  "Dalamud.runtimeconfig.json": "2A9CD915428BDD175E0889BD0C225F75",
  "Dalamud.xml": "2F2C9B25E48435E5784CA2E86E769E34",
  "DalamudCrashHandler.exe": "6B998210AE1D6DDF70A62CA001E978DD",
  "FASM-LICENSE.TXT": "ECEA1D10811221D5F0A3E96F9C38E2C7",
  "FASM.DLL": "6ACFE9BC42F48BBA11B885A170AE2C7E",
  "FASMX64.DLL": "C8DDDEE41DA4BB7E123B49A5AC18C6E9",
  "FFXIVClientStructs.dll": "16BAEDFF37AA8B08ED1761CF86A4DF3E",
  "FFXIVClientStructs.xml": "C9B2DA89ACF8549D52FC3EDF00FF7CC7",
  "goaaats.Reloaded.Assembler.targets": "CC22CB0A353E2136EE9E6E96DB9F7164",
  "Iced.dll": "E781D79DC8CD8C9153B01446ACD632A3",
  "ImGui.NET.dll": "9F923420712CFD11E9511E48C0AF12DE",
  "ImGuiScene.dll": "AEF9031CC311E154C636CD6472D47397",
  "InteropGenerator.Runtime.dll": "D0D63D27BAB656A6A3FD0EEE21951EC6",
  "JetBrains.Annotations.dll": "22980771ACA74369D1AAA250876075A6",
  "licenses.txt": "A159BE62AA91178EFC3E3983AE874D1D",
  "Lumina.dll": "0B8BCC4F36B21C5759BEE2BE2BAC63BC",
  "Lumina.Excel.dll": "0D29850F8D4690F0C76F1009944F52FA",
  "Microsoft.Bcl.HashCode.dll": "613AB56061ADF2284E047025207467E0",
  "Microsoft.DotNet.PlatformAbstractions.dll": "00AB0F02B1114C57C758F5AD595224F1",
  "Microsoft.Extensions.DependencyModel.dll": "F39BC76C10CFEA478C936FC4521A9FC9",
  "Microsoft.Extensions.ObjectPool.dll": "FEE3CE8A84417360CC5ED787ED6F7DB1",
  "MinSharp.dll": "F66AB92FD2ADF24314D1F7E03D34A13D",
  "Mono.Cecil.dll": "12DCEC9C5412C61451584592EAA5FA4B",
  "Mono.Cecil.Mdb.dll": "179E124A0CC91BE56DB3C965D304C308",
  "Mono.Cecil.Pdb.dll": "3CFFF20DE54C9A285C6CE86832D51B12",
  "Mono.Cecil.Rocks.dll": "A0ED618C0D17E188968F66EC6ECD02E5",
  "nethost.dll": "21F39F71E2F4B5BA9FB3F126872F2F9B",
  "Newtonsoft.Json.dll": "ADF3E3EECDE20B7C9661E9C47106A14A",
  "PeNet.Asn1.dll": "31F27FEE1A1B8216BF4D7562596FB102",
  "PeNet.dll": "BF3148B42E1D17B8E9698CA28AE0B093",
  "PInvoke.AdvApi32.dll": "34EE461D05B403C3A15D0DEC32A3788C",
  "PInvoke.BCrypt.dll": "FD07758EE1440491F22923084109FF26",
  "PInvoke.Cabinet.dll": "333D950E3804735DA60CC41D614C63E2",
  "PInvoke.CfgMgr32.dll": "768BE7CC18EDCF78B296A72ABE891691",
  "PInvoke.Crypt32.dll": "E7B00B0851738F4A7F2C6D37DAA973B4",
  "PInvoke.DbgHelp.dll": "E701136169620D20E3A70B560DE20E44",
  "PInvoke.DwmApi.dll": "ACF223CC8962404056648815B486F7D9",
  "PInvoke.Gdi32.dll": "69FF434826F98582CE44D3136ECFFACB",
  "PInvoke.Hid.dll": "2E7A41257F8AD9B26073181F450CD8E5",
  "PInvoke.ImageHlp.dll": "79BE816E8D86EA66489D7780DD675D49",
  "PInvoke.IPHlpApi.dll": "E949FA3326D1BA8872B179AB4EE49D38",
  "PInvoke.Kernel32.dll": "234E15B122ED430DE99490CA1A204958",
  "PInvoke.Magnification.dll": "C9EA3D34F506741ECC044DB19C151F09",
  "PInvoke.Msi.dll": "69EE50CE2DA6B55755E52589F49A7EBC",
  "PInvoke.NCrypt.dll": "DA1DE76C14D99370CA3BEF19DC299B15",
  "PInvoke.NetApi32.dll": "AE79F9FA2E3864A5E0642AE4622ECDC5",
  "PInvoke.NewDev.dll": "B3E1992105D986EF9C5C8E4B630FBB07",
  "PInvoke.NTDll.dll": "3F6BDF840EB27DD0FD9EB8071822183A",
  "PInvoke.Ole32.dll": "3C49FB100B60519FFE725BCD12A538F6",
  "PInvoke.Psapi.dll": "A7683EE4B880227F01C8AE632A892B9E",
  "PInvoke.SetupApi.dll": "1B7AE321185D0081D1759A9AD829F9BA",
  "PInvoke.SHCore.dll": "F27E7F063D51480F6D2294C903E4A606",
  "PInvoke.Shell32.dll": "F71A1BCAF6478190691170DAEA77722F",
  "PInvoke.User32.dll": "8BEDE38311ED4F27127290B81B8079FD",
  "PInvoke.Userenv.dll": "FEB7BCA90B8C905EC2F4BB0789847131",
  "PInvoke.UxTheme.dll": "8E683C016250CB719FDB9AAAFC22B3C5",
  "PInvoke.Windows.Core.dll": "90015440A44935208FFEA9BF61740651",
  "PInvoke.Windows.ShellScalingApi.dll": "F351B34B8C9183A51CADFDC279357C49",
  "PInvoke.WinUsb.dll": "9EB8A0280F2848D1A32B560A939F7336",
  "PInvoke.WtsApi32.dll": "341C94455D2E5893DBE4293D4D67AA4D",
  "Reloaded.Assembler.dll": "91F8DB5E25A57420A8BEFD4A6E1C63BA",
  "Reloaded.Hooks.Definitions.dll": "99828205434EE00D8B0308D08F51F352",
  "Reloaded.Hooks.dll": "E71476A5F5BD0BAE532934454CA0851D",
  "Reloaded.Memory.Buffers.dll": "BFF3F6DF21BB606CFD39FE343EA77908",
  "Reloaded.Memory.dll": "A3C8054C1281F86AD8B3543992C7057A",
  "revision.txt": "CE059EF4192CBDCB40DF4422C090F1C3",
  "SDL2-CS.config": "65557595FD5DF55D93B2BF881DE62C3A",
  "SDL2-CS.dll": "5893DED4EEE7FE59269880F609A34C24",
  "Serilog.dll": "C067E98EA4AD5B46598EB83719AD374A",
  "Serilog.Sinks.Async.dll": "78F00BC4576236D5323DF5CCB8DA68C3",
  "Serilog.Sinks.Console.dll": "F3EBBCF540DBCCBD4F645C64AE1BEF40",
  "Serilog.Sinks.File.dll": "5937E8FFA732B203D25278EBF7278C40",
  "SharpDX.Direct3D11.dll": "BA8CEBA970FFB3EEFD1493CDE60A1B61",
  "SharpDX.dll": "5BCA37D8DB7883B77A67F88870598ED1",
  "SharpDX.DXGI.dll": "CB2C93227BB147DD646C0B194EB7F61E",
  "SharpDX.Mathematics.dll": "F1BE21AAC9A0CC6F9859A867809F5B9A",
  "Silk.NET.Core.dll": "D71B05B0036BEB91483162DC7E7519A9",
  "Silk.NET.GLFW.dll": "A0411AFB719F8C1ED55F4F6631742D01",
  "Silk.NET.Maths.dll": "56B964F3F8474903544007C5C7F47E4D",
  "Silk.NET.OpenGL.dll": "BCCD321CF20505B1994B84BA3E10691A",
  "Silk.NET.SDL.dll": "EFE65AD34C65141B80C45339CEF5BA56",
  "Silk.NET.Windowing.Common.dll": "6995EE286F4218B8837A129A504C0E95",
  "Silk.NET.Windowing.Glfw.dll": "525E4EE7E3293D494AB94078A4ADF3BF",
  "Silk.NET.Windowing.Sdl.dll": "023D1DCA5D4B50702D3AD881F91EF75A",
  "SQLite-net.dll": "7145B45103DE1EB22D80121DDE36C0F6",
  "SQLitePCLRaw.batteries_v2.dll": "C38F21915E2374092DB34C9DFF31147A",
  "SQLitePCLRaw.core.dll": "BF2DFD282182C24C09A81142CDED660F",
  "SQLitePCLRaw.nativelibrary.dll": "5F6F4099BCE77FC89909B5C8172FEA99",
  "SQLitePCLRaw.provider.dynamic_cdecl.dll": "415F497933AC087A6A409CF24E068319",
  "StbiSharp.dll": "92F036769C0AACE99F61F90D159721C9",
  "System.Reactive.dll": "EF5A00287AD15393D41B12AA4B726FF7",
  "System.Reflection.MetadataLoadContext.dll": "E88E3AF6D37736F339022C9ACC5F2F7B",
  "System.Security.Cryptography.Pkcs.dll": "8950E01996A37E808BE3F39063C37BF9",
  "TEMP_gitver.txt": "B109B12536ACB73A982B0818035738D9",
  "TerraFX.Interop.Windows.dll": "84F7EF6B0DE91F8CC23F773D3FD6DEC0",
  "Validation.dll": "4A9C14AB7EA0EBC031E460CE06791BD7"
}
