{
  "runtimes\\alpine-x64\\native\\libe_sqlite3.so": "39C244FEDBCD3DFC37041D4FCE1AE21D",
  "runtimes\\linux-arm\\native\\libe_sqlite3.so": "96CF54BC0EFB83D6E3F5F3E04997A59D",
  "runtimes\\linux-arm64\\native\\libe_sqlite3.so": "F079E55E7F3F9966A4A2052A3234E068",
  "runtimes\\linux-armel\\native\\libe_sqlite3.so": "C5A67D49434FC65D64E9C15778078C76",
  "runtimes\\linux-mips64\\native\\libe_sqlite3.so": "5F8461214089CFC677D46C19B7162161",
  "runtimes\\linux-musl-x64\\native\\libe_sqlite3.so": "39C244FEDBCD3DFC37041D4FCE1AE21D",
  "runtimes\\linux-x64\\native\\libe_sqlite3.so": "6F49C540D3AB9964D67A4A704C3D262D",
  "runtimes\\linux-x64\\native\\libglfw.so.3": "9E3137144F68B9E9793F4C7AD5B1BEA7",
  "runtimes\\linux-x64\\native\\libSDL2-2.0.so": "99B95A708381FC66AB2370E45A260527",
  "runtimes\\linux-x64\\native\\libstbi.so": "0945355ED59677D06E3E88F48101BB26",
  "runtimes\\linux-x86\\native\\libe_sqlite3.so": "5E0659B414CBD6DDC38C65582485853E",
  "runtimes\\osx-x64\\native\\libe_sqlite3.dylib": "F82AE134FCD1C080A69D775591406673",
  "runtimes\\osx-x64\\native\\libglfw.3.dylib": "1E30FAB2F0C40E82290AD4B0BF14A880",
  "runtimes\\osx-x64\\native\\libSDL2-2.0.dylib": "AAC958490586C67395F0A90903AE3747",
  "runtimes\\osx-x64\\native\\libstbi.dylib": "0B84B0A6A80178266018081C3CAB68E6",
  "runtimes\\win-arm\\native\\e_sqlite3.dll": "CB08990B30B6458207EA0DAB92888FE0",
  "runtimes\\win-arm64\\native\\e_sqlite3.dll": "297A196D0E0CFDE7F0C4C3218DFFC52C",
  "runtimes\\win-x64\\native\\e_sqlite3.dll": "FDBF4B9040927160DC31E59E9C7EC10B",
  "runtimes\\win-x64\\native\\glfw3.dll": "9272AE0AF61C0B556982D793B73F1FA4",
  "runtimes\\win-x64\\native\\minhook.x64d.dll": "52DCD317AE59C4D8841DE1D5EA1695DF",
  "runtimes\\win-x64\\native\\SDL2.dll": "6DAF78F47B2C8BCFD05B5D0E13EA815F",
  "runtimes\\win-x64\\native\\stbi.dll": "49BBB428933410986C945672B8208942",
  "runtimes\\win-x64\\native\\stbi.lib": "927C214DE576219E1F80DBE7798A0502",
  "runtimes\\win-x86\\native\\e_sqlite3.dll": "7FEBCD8E1D3578CADC1BFAEC6BB19F4A",
  "runtimes\\win-x86\\native\\glfw3.dll": "29E139B9C69D6D796970E914A7D9F216",
  "runtimes\\win-x86\\native\\SDL2.dll": "7CECA9C3BC0E20BF1EF6F7BA3D30C59F",
  "targets\\Dalamud.Plugin.Bootstrap.targets": "C85635161398CD9852CF7212DB7EB904",
  "targets\\Dalamud.Plugin.targets": "69D15EDFB3D4F0BEE3A099216E4DE057",
  "BitFaster.Caching.dll": "896A06BFBAF085088F466460BA61ECD7",
  "CheapLoc.dll": "EA7A9957620ECCB50E2F6C1DFEC200E0",
  "cimgui.dll": "1027D436880A781AD8045DFD5BC41041",
  "cimguizmo.dll": "930495E6A97806429CBD8D986CDEB837",
  "cimplot.dll": "E6B6461DD4EC0251B8F77E49C83C3E0C",
  "commit_hash.txt": "105C71D2099E675DA1221DD1D4DD32B3",
  "Dalamud.Boot.dll": "E29F805E1A014D213C71D314832DDA4D",
  "Dalamud.Common.dll": "F2B09DFFD743D0FDE6F6392D5EDFD268",
  "Dalamud.deps.json": "2E19F06FE984C41FAC346F9E1552E43F",
  "Dalamud.dll": "C6FA8BBC9985210ACA0B8E18F292475F",
  "Dalamud.Injector.deps.json": "E30B9BD40106FFC14A5274A670979EDF",
  "Dalamud.Injector.dll": "416E589F4A5FC38E1BD45F32EEF1BFE4",
  "Dalamud.Injector.exe": "FBB3737E18CDD7F258FD8008DFAD55AE",
  "Dalamud.Injector.runtimeconfig.json": "B9BB65FFE7924D4D8BABE9FA66303200",
  "Dalamud.Injector.xml": "D41E5DF541D19A015215E777D7395C9C",
  "Dalamud.runtimeconfig.json": "2A9CD915428BDD175E0889BD0C225F75",
  "Dalamud.xml": "3A6DC567D4B3EF3395FE52854AA11C5B",
  "DalamudCrashHandler.exe": "B4C47DCFE01C249794D798A2659D7608",
  "FASM-LICENSE.TXT": "ECEA1D10811221D5F0A3E96F9C38E2C7",
  "FASM.DLL": "9E597A70169B4223B0235098C9440232",
  "FASMX64.DLL": "9CCE24622CAC3ECFCC51F93EB9FCE968",
  "FFXIVClientStructs.dll": "31D651859374C46F824F7C76AF9ECC6B",
  "FFXIVClientStructs.xml": "D6592F39DF73EA79469DC7FBECE70D6A",
  "goaaats.Reloaded.Assembler.targets": "CC22CB0A353E2136EE9E6E96DB9F7164",
  "Iced.dll": "22C7CDE09CB6606511554D6ABB476028",
  "ImGui.NET.dll": "3141520CDBB9678B65C83C8771510C03",
  "ImGuiScene.dll": "5B58E8D64A8DB06A10E7161A9C5AE167",
  "InteropGenerator.Runtime.dll": "D9CCB98AFA28E2F24388F3A999298AAF",
  "JetBrains.Annotations.dll": "53051B19EE2F96E49A37F8BEB76ECA74",
  "licenses.txt": "A159BE62AA91178EFC3E3983AE874D1D",
  "Lumina.dll": "6060AEC9A1C9CC17AD71D18D711D9D50",
  "Lumina.Excel.dll": "C560A0F966838BFD7C99FB5835E6062E",
  "Microsoft.Bcl.HashCode.dll": "613AB56061ADF2284E047025207467E0",
  "Microsoft.DotNet.PlatformAbstractions.dll": "00AB0F02B1114C57C758F5AD595224F1",
  "Microsoft.Extensions.DependencyModel.dll": "F39BC76C10CFEA478C936FC4521A9FC9",
  "Microsoft.Extensions.ObjectPool.dll": "FEE3CE8A84417360CC5ED787ED6F7DB1",
  "MinSharp.dll": "856FBAD5CA97FD0E938C9A94FD5990B1",
  "Mono.Cecil.dll": "4DC83DCB061A7BD1031A982C319C07F4",
  "Mono.Cecil.Mdb.dll": "04443B68D17C5D8902A07E77C610031D",
  "Mono.Cecil.Pdb.dll": "9184A3B95E4AA2F4A055F10DC52D8C82",
  "Mono.Cecil.Rocks.dll": "C0FD4424E5C1599CC079F0C8EFA50058",
  "nethost.dll": "21F39F71E2F4B5BA9FB3F126872F2F9B",
  "Newtonsoft.Json.dll": "ADF3E3EECDE20B7C9661E9C47106A14A",
  "PeNet.Asn1.dll": "127B7B7742B1FA2F9F5E33176DD8AC61",
  "PeNet.dll": "406C89766824F5762D0CCE09E5C4886F",
  "PInvoke.AdvApi32.dll": "34EE461D05B403C3A15D0DEC32A3788C",
  "PInvoke.BCrypt.dll": "FD07758EE1440491F22923084109FF26",
  "PInvoke.Cabinet.dll": "333D950E3804735DA60CC41D614C63E2",
  "PInvoke.CfgMgr32.dll": "768BE7CC18EDCF78B296A72ABE891691",
  "PInvoke.Crypt32.dll": "E7B00B0851738F4A7F2C6D37DAA973B4",
  "PInvoke.DbgHelp.dll": "E701136169620D20E3A70B560DE20E44",
  "PInvoke.DwmApi.dll": "ACF223CC8962404056648815B486F7D9",
  "PInvoke.Gdi32.dll": "69FF434826F98582CE44D3136ECFFACB",
  "PInvoke.Hid.dll": "2E7A41257F8AD9B26073181F450CD8E5",
  "PInvoke.ImageHlp.dll": "79BE816E8D86EA66489D7780DD675D49",
  "PInvoke.IPHlpApi.dll": "E949FA3326D1BA8872B179AB4EE49D38",
  "PInvoke.Kernel32.dll": "234E15B122ED430DE99490CA1A204958",
  "PInvoke.Magnification.dll": "C9EA3D34F506741ECC044DB19C151F09",
  "PInvoke.Msi.dll": "69EE50CE2DA6B55755E52589F49A7EBC",
  "PInvoke.NCrypt.dll": "DA1DE76C14D99370CA3BEF19DC299B15",
  "PInvoke.NetApi32.dll": "AE79F9FA2E3864A5E0642AE4622ECDC5",
  "PInvoke.NewDev.dll": "B3E1992105D986EF9C5C8E4B630FBB07",
  "PInvoke.NTDll.dll": "3F6BDF840EB27DD0FD9EB8071822183A",
  "PInvoke.Ole32.dll": "3C49FB100B60519FFE725BCD12A538F6",
  "PInvoke.Psapi.dll": "A7683EE4B880227F01C8AE632A892B9E",
  "PInvoke.SetupApi.dll": "1B7AE321185D0081D1759A9AD829F9BA",
  "PInvoke.SHCore.dll": "F27E7F063D51480F6D2294C903E4A606",
  "PInvoke.Shell32.dll": "F71A1BCAF6478190691170DAEA77722F",
  "PInvoke.User32.dll": "8BEDE38311ED4F27127290B81B8079FD",
  "PInvoke.Userenv.dll": "FEB7BCA90B8C905EC2F4BB0789847131",
  "PInvoke.UxTheme.dll": "8E683C016250CB719FDB9AAAFC22B3C5",
  "PInvoke.Windows.Core.dll": "90015440A44935208FFEA9BF61740651",
  "PInvoke.Windows.ShellScalingApi.dll": "F351B34B8C9183A51CADFDC279357C49",
  "PInvoke.WinUsb.dll": "9EB8A0280F2848D1A32B560A939F7336",
  "PInvoke.WtsApi32.dll": "341C94455D2E5893DBE4293D4D67AA4D",
  "Reloaded.Assembler.dll": "3975F2B67496082D5C72BA6F4F57654E",
  "Reloaded.Hooks.Definitions.dll": "999C77CA7490FEFDDE18D461C4086BC2",
  "Reloaded.Hooks.dll": "158D9EC5C781AE921E23C1999FAA110B",
  "Reloaded.Memory.Buffers.dll": "8776FFD9DD5112BCA415E3EE9B08579E",
  "Reloaded.Memory.dll": "3B58273117FCBB404540FF4B4CB647F6",
  "revision.txt": "80F24EF493982C552B6943F1411F7E2C",
  "SDL2-CS.config": "65557595FD5DF55D93B2BF881DE62C3A",
  "SDL2-CS.dll": "956BCBFB3C1336B667409118D5BE9F73",
  "Serilog.dll": "69EEC3D8BEC4F451DB8551F8B13A0485",
  "Serilog.Sinks.Async.dll": "1C39E9BA75137331BA7C5CE997929B48",
  "Serilog.Sinks.Console.dll": "21EC1AB860C88E6D742D0AA669D4AB6E",
  "Serilog.Sinks.File.dll": "A7053001EDB45DAECC8F39EB2CC415D7",
  "SharpDX.Direct3D11.dll": "8BD2E9B779BB6F1E884FC1A5864537A9",
  "SharpDX.dll": "1F26D735B33078DB807112DE75783C76",
  "SharpDX.DXGI.dll": "E06154F57CDF8EEDF96C87F1B37AFFB0",
  "SharpDX.Mathematics.dll": "E17F2D34030241B4C862141FCB6F9E82",
  "Silk.NET.Core.dll": "65C3550D5ABB49BDE97385EAA4B89ACD",
  "Silk.NET.GLFW.dll": "108D32336050F371C37A42E8EC320BA9",
  "Silk.NET.Maths.dll": "212BDC09A5719C7ECEFF47F1E223B286",
  "Silk.NET.OpenGL.dll": "A24E9F86830BBE84747CA8535431C25D",
  "Silk.NET.SDL.dll": "8001096557C24BD563A05038617D9591",
  "Silk.NET.Windowing.Common.dll": "E90874124D129E30694714BDC78D32B1",
  "Silk.NET.Windowing.Glfw.dll": "38BDBE5F8B19A9642C15CE645583E78E",
  "Silk.NET.Windowing.Sdl.dll": "827178B82BAB68E88179DB77C1361374",
  "SQLite-net.dll": "CEFE7EAD626DB651C050A5FC6B8E84CB",
  "SQLitePCLRaw.batteries_v2.dll": "5138BCF45E028475F06242E304D2E909",
  "SQLitePCLRaw.core.dll": "BE745EC4709A66068CE502B18CDBCFC0",
  "SQLitePCLRaw.nativelibrary.dll": "3671793598D7A79C5A4AC9C3F86FA334",
  "SQLitePCLRaw.provider.dynamic_cdecl.dll": "1F170346F8BA7AFB62362C2A405A5610",
  "StbiSharp.dll": "8C6C8502B68588CBE8AF24EC11D55CE6",
  "System.Reactive.dll": "EF5A00287AD15393D41B12AA4B726FF7",
  "System.Reflection.MetadataLoadContext.dll": "E88E3AF6D37736F339022C9ACC5F2F7B",
  "System.Security.Cryptography.Pkcs.dll": "8950E01996A37E808BE3F39063C37BF9",
  "TEMP_gitver.txt": "9CC1CE8B089150FB7B8E1E7D2D7FEB75",
  "TerraFX.Interop.Windows.dll": "84F7EF6B0DE91F8CC23F773D3FD6DEC0",
  "Validation.dll": "647A4C6EC460BF8D14A2B41C23C7EC31"
}
