{
  "runtimes\\alpine-x64\\native\\libe_sqlite3.so": "39C244FEDBCD3DFC37041D4FCE1AE21D",
  "runtimes\\linux-arm\\native\\libe_sqlite3.so": "96CF54BC0EFB83D6E3F5F3E04997A59D",
  "runtimes\\linux-arm64\\native\\libe_sqlite3.so": "F079E55E7F3F9966A4A2052A3234E068",
  "runtimes\\linux-armel\\native\\libe_sqlite3.so": "C5A67D49434FC65D64E9C15778078C76",
  "runtimes\\linux-mips64\\native\\libe_sqlite3.so": "5F8461214089CFC677D46C19B7162161",
  "runtimes\\linux-musl-x64\\native\\libe_sqlite3.so": "39C244FEDBCD3DFC37041D4FCE1AE21D",
  "runtimes\\linux-x64\\native\\libe_sqlite3.so": "6F49C540D3AB9964D67A4A704C3D262D",
  "runtimes\\linux-x86\\native\\libe_sqlite3.so": "5E0659B414CBD6DDC38C65582485853E",
  "runtimes\\osx-x64\\native\\libe_sqlite3.dylib": "F82AE134FCD1C080A69D775591406673",
  "runtimes\\win-arm\\native\\e_sqlite3.dll": "275D3ABD37FA3C41532DE5CCD26027FF",
  "runtimes\\win-arm64\\native\\e_sqlite3.dll": "71794C9082830ABA2B878751292D567C",
  "runtimes\\win-x64\\native\\e_sqlite3.dll": "12A7F3FC315B33B527727287160D5DF4",
  "runtimes\\win-x64\\native\\minhook.x64d.dll": "6159912757D9B4C9C04DEDD3958CB2C7",
  "runtimes\\win-x86\\native\\e_sqlite3.dll": "0DEE858CDAAFE42D4847DC749419F792",
  "targets\\Dalamud.Plugin.Bootstrap.targets": "C85635161398CD9852CF7212DB7EB904",
  "targets\\Dalamud.Plugin.targets": "394EE2BEC70254F76ABBE2C33F62BBFA",
  "BCnEncoder.dll": "03171481BAB6671CF5B89BAE63346FB5",
  "BitFaster.Caching.dll": "080FC215F936C3ABB0D60F9007A40F1B",
  "CheapLoc.dll": "A3A603E1B8FD082A6140ECF35DA71A62",
  "cimgui.dll": "D374DF3BD707D32B00211A12706BD44D",
  "cimguizmo.dll": "2EFDE009B9512FDD4A6503051A081301",
  "cimplot.dll": "A0296655C7CDEC1C9E805C3D2842893A",
  "commit_hash.txt": "AD416505D10BFEB3666C1B696D24D0A8",
  "CommunityToolkit.HighPerformance.dll": "66B64EC334625F2C5D341A45E28EEB43",
  "Dalamud.Bindings.ImGui.dll": "B244FE9D6F0474F5C1059CA6374FBF92",
  "Dalamud.Bindings.ImGuizmo.dll": "4BDEC88C2B4BA9625F55057199371F2A",
  "Dalamud.Bindings.ImPlot.dll": "727AED99671E75E32FA7CC39459EE93E",
  "Dalamud.Boot.dll": "8287216D4D537704F6EB952AE351EF6A",
  "Dalamud.Common.dll": "06F007756620B5D574E3FF98847C9144",
  "Dalamud.deps.json": "6C0B601120104AF87DA93F3960B4ABE6",
  "Dalamud.dll": "F5F6CE2288B46B6A9A93F2910870EBBC",
  "Dalamud.Injector.deps.json": "AE17A723819E88058C70AA4BDA14CA37",
  "Dalamud.Injector.dll": "2F156EAA7BFD631098251B827A0DD25A",
  "Dalamud.Injector.exe": "F0900C42E3645D6A1367DBA39F821942",
  "Dalamud.Injector.runtimeconfig.json": "439C534917CEF268A731631073E50FE4",
  "Dalamud.Injector.xml": "07EC7B68C97460A1C8275C75BE82FAA9",
  "Dalamud.runtimeconfig.json": "CA3935E9C6B9E3300F2D7171E4AF6335",
  "Dalamud.xml": "CCCC09EFAAE79F4A5CFBD3F8CD3609F1",
  "DalamudCrashHandler.exe": "15E4D1DD9A7ECE92F1A7CB98BDCDAB58",
  "FASM-LICENSE.TXT": "ECEA1D10811221D5F0A3E96F9C38E2C7",
  "FASM.DLL": "B899C75A243D40CEEA5CEB3628C37364",
  "FASMX64.DLL": "974A532F7BAC9F5275541F6EA5D5F98C",
  "FFXIVClientStructs.dll": "17D873BC824265C54F63AF7FE16C86A0",
  "FFXIVClientStructs.xml": "D181A3C56779ECCB0F5FC7CEC0C922D0",
  "goatcorp.Reloaded.Assembler.dll": "FBC6E46C83554901DE4925D34FD8906F",
  "goatcorp.Reloaded.Assembler.targets": "CC22CB0A353E2136EE9E6E96DB9F7164",
  "goatcorp.Reloaded.Hooks.dll": "5C712157DFB00A6B27C6248E8281BD20",
  "goatcorp.Reloaded.Memory.Buffers.dll": "8FF3DC11260ADF01E448C6B66826006A",
  "HexaGen.Runtime.dll": "1D111C00060B2D833305ED88AA346B42",
  "Iced.dll": "1E26D1776461FB08671FEBEC28CB7F08",
  "ImGuiScene.dll": "38D2FA097C0969FB654400494139F751",
  "InteropGenerator.Runtime.dll": "B155E0B75242BE6055E1E45BF1F2888F",
  "JetBrains.Annotations.dll": "F5C4D9FACEAD0D00441C9D09F1CC7F5C",
  "licenses.txt": "A159BE62AA91178EFC3E3983AE874D1D",
  "Lumina.dll": "4F933A1533ACF5539D8F5381A67CD3B2",
  "Lumina.Excel.dll": "C400076A2AEB6726DD21A8B04085C6EB",
  "Lumina.Excel.xml": "3D3B7AD224A8A04B92B2B311FB8DA535",
  "Microsoft.Extensions.ObjectPool.dll": "5510583E2B50BE953814615586673C33",
  "MinSharp.dll": "775C8841A5C6E813E46BE1D065975B02",
  "Mono.Cecil.dll": "1EB44BC7BBB2891BFF1A301D2FE2BF1A",
  "Mono.Cecil.Mdb.dll": "E48A8378701D5C324E7B1719F16FDDA3",
  "Mono.Cecil.Pdb.dll": "19A299321D849FA095DE7FD4D01861A1",
  "Mono.Cecil.Rocks.dll": "2880850AB2CD9CDB1903AED16E380889",
  "nethost.dll": "21F39F71E2F4B5BA9FB3F126872F2F9B",
  "Newtonsoft.Json.dll": "ADF3E3EECDE20B7C9661E9C47106A14A",
  "PeNet.Asn1.dll": "43D0CCB92B8B0313FB7E54FF4BBB174E",
  "PeNet.dll": "C9F5EA7E76CF8CE5DC45222CD425928B",
  "Reloaded.Hooks.Definitions.dll": "4044D19F8DF5D1968CC2FB6591F65AB5",
  "Reloaded.Memory.Buffers.dll": "08149E0D744D705275950DE002369C03",
  "Reloaded.Memory.dll": "A463FF7D0FFB0D17DA927479E4B0DCDD",
  "revision.txt": "6E3B0BF8B7D5956AE572B15CD7DDB0E1",
  "Serilog.dll": "B8126CD75CE182D18BEC59E14CAF048B",
  "Serilog.Sinks.Async.dll": "0F167B184857AA5D9537090CC2193977",
  "Serilog.Sinks.Console.dll": "5CC4D026DE788451DED4BDB1AFDDF280",
  "Serilog.Sinks.File.dll": "FF4D9D92854F42CC9FCCAABF52035188",
  "SharpDX.Direct3D11.dll": "7B3B81D1FA47B741831DBA54E8546C58",
  "SharpDX.dll": "EA5FD3466A9298F044FCFDCEE415D2E1",
  "SharpDX.DXGI.dll": "7A51C8744BC73F5886682FC14FCF10AA",
  "SharpDX.Mathematics.dll": "2648BA48933CD4098AAC0A839AF5D415",
  "SQLite-net.dll": "948A562654FFE845A7D06653A15F8FE0",
  "SQLitePCLRaw.batteries_v2.dll": "3A7961DB3EE2D190AA4951B610F487D8",
  "SQLitePCLRaw.core.dll": "AAD0BF635E6200123BF4BB52B9080CDA",
  "SQLitePCLRaw.nativelibrary.dll": "A1FD247728665A0A57AADAF90DF1E1D4",
  "SQLitePCLRaw.provider.dynamic_cdecl.dll": "0AE1949F29013A6C197D10F745691B84",
  "System.Reactive.dll": "EF5A00287AD15393D41B12AA4B726FF7",
  "System.Reflection.MetadataLoadContext.dll": "E88E3AF6D37736F339022C9ACC5F2F7B",
  "System.Security.Cryptography.Pkcs.dll": "8950E01996A37E808BE3F39063C37BF9",
  "TEMP_gitver.txt": "3E7F097950388030D22FBEF8FA04836A",
  "TerraFX.Interop.Windows.dll": "84F7EF6B0DE91F8CC23F773D3FD6DEC0"
}
