{
  "runtimes\\alpine-x64\\native\\libe_sqlite3.so": "39C244FEDBCD3DFC37041D4FCE1AE21D",
  "runtimes\\linux-arm\\native\\libe_sqlite3.so": "96CF54BC0EFB83D6E3F5F3E04997A59D",
  "runtimes\\linux-arm64\\native\\libe_sqlite3.so": "F079E55E7F3F9966A4A2052A3234E068",
  "runtimes\\linux-armel\\native\\libe_sqlite3.so": "C5A67D49434FC65D64E9C15778078C76",
  "runtimes\\linux-mips64\\native\\libe_sqlite3.so": "5F8461214089CFC677D46C19B7162161",
  "runtimes\\linux-musl-x64\\native\\libe_sqlite3.so": "39C244FEDBCD3DFC37041D4FCE1AE21D",
  "runtimes\\linux-x64\\native\\libe_sqlite3.so": "6F49C540D3AB9964D67A4A704C3D262D",
  "runtimes\\linux-x64\\native\\libglfw.so.3": "9E3137144F68B9E9793F4C7AD5B1BEA7",
  "runtimes\\linux-x64\\native\\libSDL2-2.0.so": "99B95A708381FC66AB2370E45A260527",
  "runtimes\\linux-x64\\native\\libstbi.so": "0945355ED59677D06E3E88F48101BB26",
  "runtimes\\linux-x86\\native\\libe_sqlite3.so": "5E0659B414CBD6DDC38C65582485853E",
  "runtimes\\osx-x64\\native\\libe_sqlite3.dylib": "F82AE134FCD1C080A69D775591406673",
  "runtimes\\osx-x64\\native\\libglfw.3.dylib": "1E30FAB2F0C40E82290AD4B0BF14A880",
  "runtimes\\osx-x64\\native\\libSDL2-2.0.dylib": "AAC958490586C67395F0A90903AE3747",
  "runtimes\\osx-x64\\native\\libstbi.dylib": "0B84B0A6A80178266018081C3CAB68E6",
  "runtimes\\win-arm\\native\\e_sqlite3.dll": "2AE705EC39E23C329D00483E9CE8D9BC",
  "runtimes\\win-arm64\\native\\e_sqlite3.dll": "5E20BB30D8C10AEE9BA196D1F1CB647A",
  "runtimes\\win-x64\\native\\cimgui.dll": "CB84CD03A2F4B2AB512D3003FF2C9C17",
  "runtimes\\win-x64\\native\\cimguizmo.dll": "CBFBD45512CCAD1295296268C4B1C9DE",
  "runtimes\\win-x64\\native\\cimplot.dll": "3DC8E030C2728566A0F31124FA465C7E",
  "runtimes\\win-x64\\native\\e_sqlite3.dll": "91FFDBC4D4E95FF04E0B447C58520DA4",
  "runtimes\\win-x64\\native\\glfw3.dll": "30DA180E427A89D6B234BBE0C9330B2F",
  "runtimes\\win-x64\\native\\minhook.x64d.dll": "7DCAB5FC37B2DF09BD2791C432E986FE",
  "runtimes\\win-x64\\native\\SDL2.dll": "4EF0E29BB65A4322E533E39F00AD06F2",
  "runtimes\\win-x64\\native\\stbi.dll": "6A188196B9290645C2D887CB7D1EDD20",
  "runtimes\\win-x64\\native\\stbi.lib": "927C214DE576219E1F80DBE7798A0502",
  "runtimes\\win-x86\\native\\e_sqlite3.dll": "7A24E34DCB975CED07DB58C270C602B5",
  "runtimes\\win-x86\\native\\glfw3.dll": "75FA61833908E24D219F90EAB25618BA",
  "runtimes\\win-x86\\native\\SDL2.dll": "538589F8574D5C221500DFE1CEA0F701",
  "targets\\Dalamud.Plugin.Bootstrap.targets": "C85635161398CD9852CF7212DB7EB904",
  "targets\\Dalamud.Plugin.targets": "69D15EDFB3D4F0BEE3A099216E4DE057",
  "BitFaster.Caching.dll": "BBFDF89FB8577F68B8CC346A514057E9",
  "CheapLoc.dll": "92F4D21B2B61F4CA8B04DD91AC166509",
  "commit_hash.txt": "3842C4EF8958929057FF3AA57EEB7D3D",
  "Costura.dll": "8496FFA344D6ADA7A19E0C937E75B9F6",
  "Dalamud.Boot.dll": "B7C254E61DC226F0021D0310EFE5A759",
  "Dalamud.Common.dll": "50F52A8F09506E5D7D2B96F1E2ABD514",
  "Dalamud.deps.json": "D04A2731C35B307041999673607CF1BB",
  "Dalamud.dll": "229628C2BD80FCC99AC6ED5F8C84401D",
  "Dalamud.Injector.deps.json": "E30B9BD40106FFC14A5274A670979EDF",
  "Dalamud.Injector.dll": "101D7ACB758C613F05BF899EB43D7850",
  "Dalamud.Injector.exe": "629EB578C74209B0CACCBF2C0B1A90DB",
  "Dalamud.Injector.runtimeconfig.json": "B9BB65FFE7924D4D8BABE9FA66303200",
  "Dalamud.Injector.xml": "D41E5DF541D19A015215E777D7395C9C",
  "Dalamud.runtimeconfig.json": "2A9CD915428BDD175E0889BD0C225F75",
  "Dalamud.xml": "0592EC89DE93420498C36F72C236A859",
  "DalamudCrashHandler.exe": "4A9D2B27771A283E09C9FD6870C92BFD",
  "FASM-LICENSE.TXT": "ECEA1D10811221D5F0A3E96F9C38E2C7",
  "FASM.DLL": "B9A48733CA9BEA60110419BA939A5E0D",
  "FASMX64.DLL": "BB852A0912DE43280261F4A64FBF4351",
  "FFXIVClientStructs.dll": "C01C7589E57941D8FA6BF231CFE0252B",
  "FFXIVClientStructs.xml": "FF0D10F93B4A1217F0540627B271D761",
  "goaaats.Reloaded.Assembler.targets": "CC22CB0A353E2136EE9E6E96DB9F7164",
  "Iced.dll": "780A2F3D58CE66488C2B7490F4398C17",
  "ImGui.NET.dll": "B7957308A791B4E5BA0E2F2318A13B76",
  "ImGuiScene.dll": "31CF4067DD9DE677A5E99164D0BDD197",
  "InteropGenerator.Runtime.dll": "67FC21ED99B19BF834A4F646BF72954D",
  "JetBrains.Annotations.dll": "FBA527088E2640683CB36937F23F3C62",
  "licenses.txt": "A159BE62AA91178EFC3E3983AE874D1D",
  "Lumina.dll": "07B16858698E4CF81B1912961D3EC656",
  "Lumina.Excel.dll": "0559CD1C3F2574491722B30A79B31D21",
  "Microsoft.Bcl.HashCode.dll": "613AB56061ADF2284E047025207467E0",
  "Microsoft.DotNet.PlatformAbstractions.dll": "00AB0F02B1114C57C758F5AD595224F1",
  "Microsoft.Extensions.DependencyModel.dll": "F39BC76C10CFEA478C936FC4521A9FC9",
  "Microsoft.Extensions.ObjectPool.dll": "FEE3CE8A84417360CC5ED787ED6F7DB1",
  "MinSharp.dll": "F3C0C6EE104C3F779FE64406CB2A58E7",
  "Mono.Cecil.dll": "BC69138C93096CC93072027C7321D798",
  "Mono.Cecil.Mdb.dll": "BDADB4D47ABA47788E3F20C4AC3B663C",
  "Mono.Cecil.Pdb.dll": "952B9F665E8320C0C880352E6C290477",
  "Mono.Cecil.Rocks.dll": "7D16FF0DA7DB6B4416B6DBE590E8880D",
  "nethost.dll": "21F39F71E2F4B5BA9FB3F126872F2F9B",
  "Newtonsoft.Json.dll": "ADF3E3EECDE20B7C9661E9C47106A14A",
  "PeNet.Asn1.dll": "63266A97096D69E104BC1A8ADB33ABC6",
  "PeNet.dll": "57EDC13AA951246CA3035E6A4BCA33E8",
  "PInvoke.AdvApi32.dll": "34EE461D05B403C3A15D0DEC32A3788C",
  "PInvoke.BCrypt.dll": "FD07758EE1440491F22923084109FF26",
  "PInvoke.Cabinet.dll": "333D950E3804735DA60CC41D614C63E2",
  "PInvoke.CfgMgr32.dll": "768BE7CC18EDCF78B296A72ABE891691",
  "PInvoke.Crypt32.dll": "E7B00B0851738F4A7F2C6D37DAA973B4",
  "PInvoke.DbgHelp.dll": "E701136169620D20E3A70B560DE20E44",
  "PInvoke.DwmApi.dll": "ACF223CC8962404056648815B486F7D9",
  "PInvoke.Gdi32.dll": "69FF434826F98582CE44D3136ECFFACB",
  "PInvoke.Hid.dll": "2E7A41257F8AD9B26073181F450CD8E5",
  "PInvoke.ImageHlp.dll": "79BE816E8D86EA66489D7780DD675D49",
  "PInvoke.IPHlpApi.dll": "E949FA3326D1BA8872B179AB4EE49D38",
  "PInvoke.Kernel32.dll": "234E15B122ED430DE99490CA1A204958",
  "PInvoke.Magnification.dll": "C9EA3D34F506741ECC044DB19C151F09",
  "PInvoke.Msi.dll": "69EE50CE2DA6B55755E52589F49A7EBC",
  "PInvoke.NCrypt.dll": "DA1DE76C14D99370CA3BEF19DC299B15",
  "PInvoke.NetApi32.dll": "AE79F9FA2E3864A5E0642AE4622ECDC5",
  "PInvoke.NewDev.dll": "B3E1992105D986EF9C5C8E4B630FBB07",
  "PInvoke.NTDll.dll": "3F6BDF840EB27DD0FD9EB8071822183A",
  "PInvoke.Ole32.dll": "3C49FB100B60519FFE725BCD12A538F6",
  "PInvoke.Psapi.dll": "A7683EE4B880227F01C8AE632A892B9E",
  "PInvoke.SetupApi.dll": "1B7AE321185D0081D1759A9AD829F9BA",
  "PInvoke.SHCore.dll": "F27E7F063D51480F6D2294C903E4A606",
  "PInvoke.Shell32.dll": "F71A1BCAF6478190691170DAEA77722F",
  "PInvoke.User32.dll": "8BEDE38311ED4F27127290B81B8079FD",
  "PInvoke.Userenv.dll": "FEB7BCA90B8C905EC2F4BB0789847131",
  "PInvoke.UxTheme.dll": "8E683C016250CB719FDB9AAAFC22B3C5",
  "PInvoke.Windows.Core.dll": "90015440A44935208FFEA9BF61740651",
  "PInvoke.Windows.ShellScalingApi.dll": "F351B34B8C9183A51CADFDC279357C49",
  "PInvoke.WinUsb.dll": "9EB8A0280F2848D1A32B560A939F7336",
  "PInvoke.WtsApi32.dll": "341C94455D2E5893DBE4293D4D67AA4D",
  "Reloaded.Assembler.dll": "BFB47ECC5A166FB16B77B609F54568DB",
  "Reloaded.Hooks.Definitions.dll": "F7D7A2C4A78A6653C728EC608DCA13D9",
  "Reloaded.Hooks.dll": "3CEF66B657AB177A9C8BC147CAE750C2",
  "Reloaded.Memory.Buffers.dll": "353CFBD42063175B3480C8133A119567",
  "Reloaded.Memory.dll": "4437C0017FC039B005F97EF1B54C440B",
  "revision.txt": "2E92962C0B6996ADD9517E4242EA9BDC",
  "SDL2-CS.config": "65557595FD5DF55D93B2BF881DE62C3A",
  "SDL2-CS.dll": "1D20198DCE003D3E8D1716868BDCDF14",
  "Serilog.dll": "8ECF664867D5829DD1BAE8E5701377D7",
  "Serilog.Sinks.Async.dll": "5E15ACC98B7C2361F22D230087D728D1",
  "Serilog.Sinks.Console.dll": "C780EE42D233FE18219F268978D3360F",
  "Serilog.Sinks.File.dll": "59B073529B77EFB235F7B52C41E39E0A",
  "SharpDX.Direct3D11.dll": "C2F32E4F5BE9AB14BD171A24404A0BD1",
  "SharpDX.dll": "AE7135143DDE695E620C4ABB4D6A3B73",
  "SharpDX.DXGI.dll": "3092D9CBB0FEA5EED99733EAD6A4E4C1",
  "SharpDX.Mathematics.dll": "942D19B298E0C4B3761581A67523EA36",
  "Silk.NET.Core.dll": "AD36E9B252A9AEFDAAA9BFD07834B9E6",
  "Silk.NET.GLFW.dll": "0DF008024D45DA95510D680D0CF9BC4E",
  "Silk.NET.Maths.dll": "50E74D86547E34BCCB0C57670E000A71",
  "Silk.NET.OpenGL.dll": "BF5C56835E3D6A06F3ABFD0D3B0CF378",
  "Silk.NET.SDL.dll": "969A9DD2D1A98064D5C3C947C321245F",
  "Silk.NET.Windowing.Common.dll": "CDBDD6F293426A8DFA5210F4CD7E57C0",
  "Silk.NET.Windowing.Glfw.dll": "BD97444C885A9A1E02FE2639B4A0362B",
  "Silk.NET.Windowing.Sdl.dll": "417580FC78DB068B9EEF9AFB98B7CEBF",
  "SQLite-net.dll": "C22504E1288E90267E761F95313D5131",
  "SQLitePCLRaw.batteries_v2.dll": "E0A0F7502CBB0C63AE2952D267EB1989",
  "SQLitePCLRaw.core.dll": "E865D3C8C081F2E9C7ABDAD822D1B4A6",
  "SQLitePCLRaw.nativelibrary.dll": "5421DF219B17ECA740004440E55B138A",
  "SQLitePCLRaw.provider.dynamic_cdecl.dll": "AB3C41DA5989926ADCF9833AC21E1264",
  "StbiSharp.dll": "808687DFA2406F70AD02617022DE2CB3",
  "System.Reactive.dll": "EF5A00287AD15393D41B12AA4B726FF7",
  "System.Reflection.MetadataLoadContext.dll": "E88E3AF6D37736F339022C9ACC5F2F7B",
  "System.Security.Cryptography.Pkcs.dll": "8950E01996A37E808BE3F39063C37BF9",
  "TEMP_gitver.txt": "A7DC14CB35604B5F9E5ACB584517D07D",
  "TerraFX.Interop.Windows.dll": "84F7EF6B0DE91F8CC23F773D3FD6DEC0",
  "Validation.dll": "F2E1402F48BC4DE23C12A04262AD1060"
}
