{
  "runtimes\\alpine-x64\\native\\libe_sqlite3.so": "39C244FEDBCD3DFC37041D4FCE1AE21D",
  "runtimes\\linux-arm\\native\\libe_sqlite3.so": "96CF54BC0EFB83D6E3F5F3E04997A59D",
  "runtimes\\linux-arm64\\native\\libe_sqlite3.so": "F079E55E7F3F9966A4A2052A3234E068",
  "runtimes\\linux-armel\\native\\libe_sqlite3.so": "C5A67D49434FC65D64E9C15778078C76",
  "runtimes\\linux-mips64\\native\\libe_sqlite3.so": "5F8461214089CFC677D46C19B7162161",
  "runtimes\\linux-musl-x64\\native\\libe_sqlite3.so": "39C244FEDBCD3DFC37041D4FCE1AE21D",
  "runtimes\\linux-x64\\native\\libe_sqlite3.so": "6F49C540D3AB9964D67A4A704C3D262D",
  "runtimes\\linux-x64\\native\\libglfw.so.3": "9E3137144F68B9E9793F4C7AD5B1BEA7",
  "runtimes\\linux-x64\\native\\libSDL2-2.0.so": "99B95A708381FC66AB2370E45A260527",
  "runtimes\\linux-x64\\native\\libstbi.so": "0945355ED59677D06E3E88F48101BB26",
  "runtimes\\linux-x86\\native\\libe_sqlite3.so": "5E0659B414CBD6DDC38C65582485853E",
  "runtimes\\osx-x64\\native\\libe_sqlite3.dylib": "F82AE134FCD1C080A69D775591406673",
  "runtimes\\osx-x64\\native\\libglfw.3.dylib": "1E30FAB2F0C40E82290AD4B0BF14A880",
  "runtimes\\osx-x64\\native\\libSDL2-2.0.dylib": "AAC958490586C67395F0A90903AE3747",
  "runtimes\\osx-x64\\native\\libstbi.dylib": "0B84B0A6A80178266018081C3CAB68E6",
  "runtimes\\win-arm\\native\\e_sqlite3.dll": "89C885129FCF474832BE8BE723DD86A4",
  "runtimes\\win-arm64\\native\\e_sqlite3.dll": "D6E962495B3C0BEBF8311A79F9CF6DEC",
  "runtimes\\win-x64\\native\\cimgui.dll": "27444AFC00B636036105476D888489BF",
  "runtimes\\win-x64\\native\\cimguizmo.dll": "C703BAC47052D631695D80B9AD754F16",
  "runtimes\\win-x64\\native\\cimplot.dll": "3B80DC4774E362889255E2B477D516AD",
  "runtimes\\win-x64\\native\\e_sqlite3.dll": "5EB6009D82AEF9F441E886884DD52FC6",
  "runtimes\\win-x64\\native\\glfw3.dll": "BE86212224C42DA04AB73E73F8B05C81",
  "runtimes\\win-x64\\native\\minhook.x64d.dll": "82647E36C99B999F43E5744EC4A5408B",
  "runtimes\\win-x64\\native\\SDL2.dll": "61EAF03C4AFBF03D0A00A74BD1A22DB9",
  "runtimes\\win-x64\\native\\stbi.dll": "9AFD5BE273A8D1E3E52C5040EA5F07DF",
  "runtimes\\win-x64\\native\\stbi.lib": "927C214DE576219E1F80DBE7798A0502",
  "runtimes\\win-x86\\native\\e_sqlite3.dll": "97EC308868487060E2D26B25C37CD0F9",
  "runtimes\\win-x86\\native\\glfw3.dll": "CF9DFA3F88831070E4CBAC88DB12887B",
  "runtimes\\win-x86\\native\\SDL2.dll": "1CC151A929135A8625BEF6C42D4E598B",
  "targets\\Dalamud.Plugin.Bootstrap.targets": "C85635161398CD9852CF7212DB7EB904",
  "targets\\Dalamud.Plugin.targets": "E2AA900DB1F6596D1C203D4112A10F5E",
  "CheapLoc.dll": "4FADA0E7359F02136F9438AEF79D82A0",
  "Costura.dll": "308A3705904F22CE58205A395C9CD8D0",
  "Dalamud.Boot.dll": "0BE663FA3D1E1348ABB1BE8A2EE03E24",
  "Dalamud.Common.dll": "117381D294723EF4544C7AD6FCE04BAD",
  "Dalamud.deps.json": "2E611890797404DEB8EE6BA5316C4327",
  "Dalamud.dll": "47F6DEC0CED0D098480AD6946F38BA65",
  "Dalamud.Injector.deps.json": "C1FA0941DC8B38E415776C60C508AAB9",
  "Dalamud.Injector.dll": "7C1C47CC6A542D03C3C6316968ED0EB0",
  "Dalamud.Injector.exe": "308341A46DB28C4BAE0B2015EEABA8F7",
  "Dalamud.Injector.runtimeconfig.json": "B9BB65FFE7924D4D8BABE9FA66303200",
  "Dalamud.Injector.xml": "D41E5DF541D19A015215E777D7395C9C",
  "Dalamud.runtimeconfig.json": "2A9CD915428BDD175E0889BD0C225F75",
  "Dalamud.xml": "B0653AC15188DCD67420204C02338EC0",
  "DalamudCrashHandler.exe": "E9E6EE4EA9E025436BF85ADFC1326F29",
  "FASM-LICENSE.TXT": "ECEA1D10811221D5F0A3E96F9C38E2C7",
  "FASM.DLL": "53E5CD08FD8EF53CB1E0777EEC914362",
  "FASMX64.DLL": "64EC6A63104715620BDAC1EA1E5A80E2",
  "FFXIVClientStructs.dll": "8A448B3E3C69B4FE8FE11590E624EC1E",
  "FFXIVClientStructs.xml": "E19E8A3769165D4C4159D276B5CDEF57",
  "goaaats.Reloaded.Assembler.targets": "CC22CB0A353E2136EE9E6E96DB9F7164",
  "Iced.dll": "D06F6BE0E5510D6194DD38B3C7B39FD6",
  "ImGui.NET.dll": "69F02D0C3EB1AC8F032A510905796030",
  "ImGuiScene.dll": "06BA6A21F9A82B23D5EED051BA72FDCC",
  "JetBrains.Annotations.dll": "01E2CBAA071B7DECCA1688C550EEED86",
  "licenses.txt": "A159BE62AA91178EFC3E3983AE874D1D",
  "Lumina.dll": "5EF46ED816367838E8DC8EF8C04C5495",
  "Lumina.Excel.dll": "0FFF1CB9919C2E946A4B9B1010AF532C",
  "Microsoft.Bcl.HashCode.dll": "613AB56061ADF2284E047025207467E0",
  "Microsoft.DotNet.PlatformAbstractions.dll": "00AB0F02B1114C57C758F5AD595224F1",
  "Microsoft.Extensions.DependencyModel.dll": "F39BC76C10CFEA478C936FC4521A9FC9",
  "Microsoft.Extensions.ObjectPool.dll": "FEE3CE8A84417360CC5ED787ED6F7DB1",
  "MinSharp.dll": "2BE168EA92B1A0010F980DCA3390EBCC",
  "Mono.Cecil.dll": "5A44EA32E106C79199AD875ECF8BD7F5",
  "Mono.Cecil.Mdb.dll": "2D2874A4A341D2FBCFE3AD2DB123C267",
  "Mono.Cecil.Pdb.dll": "F7487AE8BB8936A9F8C63EF71B54518E",
  "Mono.Cecil.Rocks.dll": "7DA120A61C834C6DE61F83D46DEA37A6",
  "nethost.dll": "012081214FE71F0F6ADCD9F4A71B2B00",
  "Newtonsoft.Json.dll": "86A83A63F12B55FD3718CFBFB577D7DC",
  "PeNet.Asn1.dll": "30BCF4D3175380BCFC257DE7C8290824",
  "PeNet.dll": "3F80547078575BF43F08B61B0A6DCE9B",
  "PInvoke.AdvApi32.dll": "34EE461D05B403C3A15D0DEC32A3788C",
  "PInvoke.BCrypt.dll": "FD07758EE1440491F22923084109FF26",
  "PInvoke.Cabinet.dll": "333D950E3804735DA60CC41D614C63E2",
  "PInvoke.CfgMgr32.dll": "768BE7CC18EDCF78B296A72ABE891691",
  "PInvoke.Crypt32.dll": "E7B00B0851738F4A7F2C6D37DAA973B4",
  "PInvoke.DbgHelp.dll": "E701136169620D20E3A70B560DE20E44",
  "PInvoke.DwmApi.dll": "ACF223CC8962404056648815B486F7D9",
  "PInvoke.Gdi32.dll": "69FF434826F98582CE44D3136ECFFACB",
  "PInvoke.Hid.dll": "2E7A41257F8AD9B26073181F450CD8E5",
  "PInvoke.ImageHlp.dll": "79BE816E8D86EA66489D7780DD675D49",
  "PInvoke.IPHlpApi.dll": "E949FA3326D1BA8872B179AB4EE49D38",
  "PInvoke.Kernel32.dll": "234E15B122ED430DE99490CA1A204958",
  "PInvoke.Magnification.dll": "C9EA3D34F506741ECC044DB19C151F09",
  "PInvoke.Msi.dll": "69EE50CE2DA6B55755E52589F49A7EBC",
  "PInvoke.NCrypt.dll": "DA1DE76C14D99370CA3BEF19DC299B15",
  "PInvoke.NetApi32.dll": "AE79F9FA2E3864A5E0642AE4622ECDC5",
  "PInvoke.NewDev.dll": "B3E1992105D986EF9C5C8E4B630FBB07",
  "PInvoke.NTDll.dll": "3F6BDF840EB27DD0FD9EB8071822183A",
  "PInvoke.Ole32.dll": "3C49FB100B60519FFE725BCD12A538F6",
  "PInvoke.Psapi.dll": "A7683EE4B880227F01C8AE632A892B9E",
  "PInvoke.SetupApi.dll": "1B7AE321185D0081D1759A9AD829F9BA",
  "PInvoke.SHCore.dll": "F27E7F063D51480F6D2294C903E4A606",
  "PInvoke.Shell32.dll": "F71A1BCAF6478190691170DAEA77722F",
  "PInvoke.User32.dll": "8BEDE38311ED4F27127290B81B8079FD",
  "PInvoke.Userenv.dll": "FEB7BCA90B8C905EC2F4BB0789847131",
  "PInvoke.UxTheme.dll": "8E683C016250CB719FDB9AAAFC22B3C5",
  "PInvoke.Windows.Core.dll": "90015440A44935208FFEA9BF61740651",
  "PInvoke.Windows.ShellScalingApi.dll": "F351B34B8C9183A51CADFDC279357C49",
  "PInvoke.WinUsb.dll": "9EB8A0280F2848D1A32B560A939F7336",
  "PInvoke.WtsApi32.dll": "341C94455D2E5893DBE4293D4D67AA4D",
  "Reloaded.Assembler.dll": "0A54A02884D17778DBE34BA5BF70244A",
  "Reloaded.Hooks.Definitions.dll": "760696AE5DBC859DF1E4E7B8F3803162",
  "Reloaded.Hooks.dll": "813B5E257CE981B2D74D6AFA317DFE35",
  "Reloaded.Memory.Buffers.dll": "7570ECC5E1897F424FA0E355199ECBCE",
  "Reloaded.Memory.dll": "351359FD73D0C487A7A1F04A88CE8D3B",
  "revision.txt": "723DADB8C699BF14F74503DBCB6E09C1",
  "SDL2-CS.config": "65557595FD5DF55D93B2BF881DE62C3A",
  "SDL2-CS.dll": "364992BB04671E093D5A61E046B56375",
  "Serilog.dll": "642E09E26C36F2C691FA826A95528066",
  "Serilog.Sinks.Async.dll": "4F4650DD354B8A802F8C9237409A75A8",
  "Serilog.Sinks.Console.dll": "B1AF5E15F1EB34D77A48F938B0304A1E",
  "Serilog.Sinks.File.dll": "DAEB2147979140C3637817E3CBB4C06F",
  "SharpDX.Direct3D11.dll": "8C2498472A9B4D0FC0E2D94F4F655F30",
  "SharpDX.dll": "1EC196E822E17A4635712529BEF2E723",
  "SharpDX.DXGI.dll": "066C8D86694071FEA5A54982169FF5D9",
  "SharpDX.Mathematics.dll": "E7780B92BC0B43CE6F49CDA681265C75",
  "Silk.NET.Core.dll": "8C112E8EF65F85E90B770BD4CAF9100E",
  "Silk.NET.GLFW.dll": "6218BCB01DB1197485A43E097D24A565",
  "Silk.NET.Maths.dll": "9CDC9E32ACF8C95137A186FF62ED6582",
  "Silk.NET.OpenGL.dll": "2A712953C1AAB35ACC49D9B02AD7C35A",
  "Silk.NET.SDL.dll": "B726C680DB03425EF276152B2D9597BD",
  "Silk.NET.Windowing.Common.dll": "56D0453B92834F28646A5AD31B16165A",
  "Silk.NET.Windowing.Glfw.dll": "6FFE7C137BDB3EC59F96C42B891ABF6B",
  "Silk.NET.Windowing.Sdl.dll": "B0082974CC76D54DD057DDBDA25BE560",
  "SQLite-net.dll": "CE5BBBC3926ABA0B08C3379EDEBB3D6D",
  "SQLitePCLRaw.batteries_v2.dll": "B3F2823BCC336E13F9069194963E20F6",
  "SQLitePCLRaw.core.dll": "39C5993500008AFF176D6C76B870F101",
  "SQLitePCLRaw.nativelibrary.dll": "E4095322546180E3AADCEAE32AEBA331",
  "SQLitePCLRaw.provider.dynamic_cdecl.dll": "7844E2E9D88E779ED4D2AF028C3D7587",
  "StbiSharp.dll": "0B11F4CB5B35AE1EECAF782183C87C17",
  "System.Reactive.dll": "EF5A00287AD15393D41B12AA4B726FF7",
  "System.Reflection.MetadataLoadContext.dll": "7EC41D41F4E1246757BA3E2EC862D562",
  "System.Security.Cryptography.Pkcs.dll": "8950E01996A37E808BE3F39063C37BF9",
  "TEMP_gitver.txt": "789BA8E4D12114FA74F1BC7433ACA3F5",
  "TerraFX.Interop.Windows.dll": "84F7EF6B0DE91F8CC23F773D3FD6DEC0",
  "Validation.dll": "18FAD20813E1896D6854F32F348F0825"
}
