{
  "runtimes\\alpine-x64\\native\\libe_sqlite3.so": "39C244FEDBCD3DFC37041D4FCE1AE21D",
  "runtimes\\linux-arm\\native\\libe_sqlite3.so": "96CF54BC0EFB83D6E3F5F3E04997A59D",
  "runtimes\\linux-arm64\\native\\libe_sqlite3.so": "F079E55E7F3F9966A4A2052A3234E068",
  "runtimes\\linux-armel\\native\\libe_sqlite3.so": "C5A67D49434FC65D64E9C15778078C76",
  "runtimes\\linux-mips64\\native\\libe_sqlite3.so": "5F8461214089CFC677D46C19B7162161",
  "runtimes\\linux-musl-x64\\native\\libe_sqlite3.so": "39C244FEDBCD3DFC37041D4FCE1AE21D",
  "runtimes\\linux-x64\\native\\libe_sqlite3.so": "6F49C540D3AB9964D67A4A704C3D262D",
  "runtimes\\linux-x86\\native\\libe_sqlite3.so": "5E0659B414CBD6DDC38C65582485853E",
  "runtimes\\osx-x64\\native\\libe_sqlite3.dylib": "F82AE134FCD1C080A69D775591406673",
  "runtimes\\win-arm\\native\\e_sqlite3.dll": "CD22F86032E609430638037E6EF10D01",
  "runtimes\\win-arm64\\native\\e_sqlite3.dll": "223A7084D22956B6F0E3D66DFE34B5D8",
  "runtimes\\win-x64\\native\\e_sqlite3.dll": "3BD97D498A75C911828D46D343343A78",
  "runtimes\\win-x64\\native\\minhook.x64d.dll": "C77E90517F6416C3CD82A8624292AB0A",
  "runtimes\\win-x86\\native\\e_sqlite3.dll": "E9D1B1C5204AA247EBDDB54A550D09F2",
  "targets\\Dalamud.Plugin.Bootstrap.targets": "C85635161398CD9852CF7212DB7EB904",
  "targets\\Dalamud.Plugin.targets": "394EE2BEC70254F76ABBE2C33F62BBFA",
  "BCnEncoder.dll": "0C49CC04B77ADEA63D25B3B35E119EE8",
  "BitFaster.Caching.dll": "FD9C33BEEB62E46F5AF73D47C938D73D",
  "CheapLoc.dll": "2FD3E46C84698FD2D3C7DC4A64371E02",
  "cimgui.dll": "750303DCAA3AB5CBBC7DB937BDF27603",
  "cimguizmo.dll": "A86DC13C601B9C182A04677A9A6AE9B1",
  "cimplot.dll": "8EEC59A0CA3708C9BC556C2BF6AC0E77",
  "commit_hash.txt": "D596635AA460848D0CFC30E5C4749DC9",
  "CommunityToolkit.HighPerformance.dll": "66B64EC334625F2C5D341A45E28EEB43",
  "Dalamud.Bindings.ImGui.dll": "26E2C3148118B682DCBE93725E5AEEBB",
  "Dalamud.Bindings.ImGuizmo.dll": "C447A1A17F5485FD3679383B266582AB",
  "Dalamud.Bindings.ImPlot.dll": "9F8818A0B64EDBF794270FAA3E50B843",
  "Dalamud.Boot.dll": "AE472E3E9904057B1114D3D057DF42DD",
  "Dalamud.Common.dll": "C3F4DCBC3F6FE9E5EF10B71D40D9D7EA",
  "Dalamud.deps.json": "6C0B601120104AF87DA93F3960B4ABE6",
  "Dalamud.dll": "D715D96C5CC888D624B83E4797328A5C",
  "Dalamud.Injector.deps.json": "AE17A723819E88058C70AA4BDA14CA37",
  "Dalamud.Injector.dll": "D7E3CF9B113D646476C3FB75D4DF8AA8",
  "Dalamud.Injector.exe": "8E90F662970A7F218E7FCC1A0ED176CB",
  "Dalamud.Injector.runtimeconfig.json": "439C534917CEF268A731631073E50FE4",
  "Dalamud.Injector.xml": "07EC7B68C97460A1C8275C75BE82FAA9",
  "Dalamud.runtimeconfig.json": "CA3935E9C6B9E3300F2D7171E4AF6335",
  "Dalamud.xml": "872F548CFFC31762AA92BE3D62BBC16E",
  "DalamudCrashHandler.exe": "6A1BD919E7ED3D89816D6484AD5956D2",
  "FASM-LICENSE.TXT": "ECEA1D10811221D5F0A3E96F9C38E2C7",
  "FASM.DLL": "EB93ABF808258E5D62B9B63AAFB7C456",
  "FASMX64.DLL": "BF622B5C11049D320BB9774406DD9B81",
  "FFXIVClientStructs.dll": "6F531A5497D774215B36F668E2DFAC32",
  "FFXIVClientStructs.xml": "D181A3C56779ECCB0F5FC7CEC0C922D0",
  "goatcorp.Reloaded.Assembler.dll": "FAAA5116FA5586DCB987C4CD76C153B2",
  "goatcorp.Reloaded.Assembler.targets": "CC22CB0A353E2136EE9E6E96DB9F7164",
  "goatcorp.Reloaded.Hooks.dll": "E861C85870D77F610449121C8C8BF851",
  "goatcorp.Reloaded.Memory.Buffers.dll": "7468B659E2C250A08E953CA94D083FBD",
  "HexaGen.Runtime.dll": "9EA6FE055D78401B1C0B53A9D1E03791",
  "Iced.dll": "4F423638B09FCE46553821D00ED2A8BB",
  "ImGuiScene.dll": "0E500BE8A014FF9E93A8B80BF69DFCED",
  "InteropGenerator.Runtime.dll": "A2A8B525E4DE75CA0A78C601A8A99FFC",
  "JetBrains.Annotations.dll": "F5F95AAA9EB27C2A514410CEAADA4141",
  "licenses.txt": "A159BE62AA91178EFC3E3983AE874D1D",
  "Lumina.dll": "9FE07664513C201799AD6C7D19FBA60B",
  "Lumina.Excel.dll": "8AF6CF49FF1747D1261089ADAEC43056",
  "Lumina.Excel.xml": "3D3B7AD224A8A04B92B2B311FB8DA535",
  "Microsoft.Extensions.ObjectPool.dll": "5510583E2B50BE953814615586673C33",
  "MinSharp.dll": "57544F6B4510EF17B362CC27200816F8",
  "Mono.Cecil.dll": "AF8A85C989DB7CDCA1A94B1C13A387CC",
  "Mono.Cecil.Mdb.dll": "89D3F31A84EB7E93693B796FB11B01E5",
  "Mono.Cecil.Pdb.dll": "887EA60FB0D4F9B3D0FDE404FCF9DEF3",
  "Mono.Cecil.Rocks.dll": "3F81B0F6ECCF319BC13ACD3E6AEC6EEC",
  "nethost.dll": "21F39F71E2F4B5BA9FB3F126872F2F9B",
  "Newtonsoft.Json.dll": "ADF3E3EECDE20B7C9661E9C47106A14A",
  "PeNet.Asn1.dll": "359C1FD8B12D6BAE3095BAF7B659529E",
  "PeNet.dll": "671FA9A75106E69A41E202F63643E10C",
  "Reloaded.Hooks.Definitions.dll": "DB00C351D4670C986259E7391F1AC5F1",
  "Reloaded.Memory.Buffers.dll": "D8C787963B27E3F0C561B89A7772BDD3",
  "Reloaded.Memory.dll": "84B6C39D56A31E11383DB633B5953351",
  "revision.txt": "7D4BA7006351436C35E283B0BE8FF56C",
  "Serilog.dll": "BD21F0BA39C642E67E1A7747A5149CAC",
  "Serilog.Sinks.Async.dll": "0BC415E23E9547463DC0A04EE269075E",
  "Serilog.Sinks.Console.dll": "D9FBA72B3CAB100A81F686CDD9A37437",
  "Serilog.Sinks.File.dll": "3E867717E5DF6C1EF650EE3551B47036",
  "SharpDX.Direct3D11.dll": "E922B92779717F72F5EA236032BC948B",
  "SharpDX.dll": "AEF97754A64C0CB582D1DF5D048DC3EE",
  "SharpDX.DXGI.dll": "0AF5BE4AB941B8238E3C0D8F272DDAB8",
  "SharpDX.Mathematics.dll": "CC5B82E139FB88A511A38CC51693E705",
  "SQLite-net.dll": "F908965DE0FE9022A87E1CBC36A09D04",
  "SQLitePCLRaw.batteries_v2.dll": "DDDBDE8CF71C112C7FB2FE63B12FA097",
  "SQLitePCLRaw.core.dll": "86E9ED95FD5FE7D6DE7AA8D61E05BB89",
  "SQLitePCLRaw.nativelibrary.dll": "2FACE07F62F3FDE6A63C2ADDB941AFDC",
  "SQLitePCLRaw.provider.dynamic_cdecl.dll": "315484E06DACBEA3738E360B8223FA55",
  "System.Reactive.dll": "EF5A00287AD15393D41B12AA4B726FF7",
  "System.Reflection.MetadataLoadContext.dll": "E88E3AF6D37736F339022C9ACC5F2F7B",
  "System.Security.Cryptography.Pkcs.dll": "8950E01996A37E808BE3F39063C37BF9",
  "TEMP_gitver.txt": "1515BFB536BF4D3F227BCE4E3977DB15",
  "TerraFX.Interop.Windows.dll": "84F7EF6B0DE91F8CC23F773D3FD6DEC0"
}
