{
  "runtimes\\alpine-x64\\native\\libe_sqlite3.so": "39C244FEDBCD3DFC37041D4FCE1AE21D",
  "runtimes\\linux-arm\\native\\libe_sqlite3.so": "96CF54BC0EFB83D6E3F5F3E04997A59D",
  "runtimes\\linux-arm64\\native\\libe_sqlite3.so": "F079E55E7F3F9966A4A2052A3234E068",
  "runtimes\\linux-armel\\native\\libe_sqlite3.so": "C5A67D49434FC65D64E9C15778078C76",
  "runtimes\\linux-mips64\\native\\libe_sqlite3.so": "5F8461214089CFC677D46C19B7162161",
  "runtimes\\linux-musl-x64\\native\\libe_sqlite3.so": "39C244FEDBCD3DFC37041D4FCE1AE21D",
  "runtimes\\linux-x64\\native\\libe_sqlite3.so": "6F49C540D3AB9964D67A4A704C3D262D",
  "runtimes\\linux-x64\\native\\libglfw.so.3": "9E3137144F68B9E9793F4C7AD5B1BEA7",
  "runtimes\\linux-x64\\native\\libSDL2-2.0.so": "99B95A708381FC66AB2370E45A260527",
  "runtimes\\linux-x64\\native\\libstbi.so": "0945355ED59677D06E3E88F48101BB26",
  "runtimes\\linux-x86\\native\\libe_sqlite3.so": "5E0659B414CBD6DDC38C65582485853E",
  "runtimes\\osx-x64\\native\\libe_sqlite3.dylib": "F82AE134FCD1C080A69D775591406673",
  "runtimes\\osx-x64\\native\\libglfw.3.dylib": "1E30FAB2F0C40E82290AD4B0BF14A880",
  "runtimes\\osx-x64\\native\\libSDL2-2.0.dylib": "AAC958490586C67395F0A90903AE3747",
  "runtimes\\osx-x64\\native\\libstbi.dylib": "0B84B0A6A80178266018081C3CAB68E6",
  "runtimes\\win-arm\\native\\e_sqlite3.dll": "913069A972E6A0964900186019CF7D25",
  "runtimes\\win-arm64\\native\\e_sqlite3.dll": "61885660615FDD69DB8B30F42D8B008B",
  "runtimes\\win-x64\\native\\cimgui.dll": "CE7FCABCBDA3AFAB472C26083D913123",
  "runtimes\\win-x64\\native\\cimguizmo.dll": "4ECBD4376134753E554EF4E545C1F03E",
  "runtimes\\win-x64\\native\\cimplot.dll": "9240D8829FC8852A3E9A83F50B1AD5AB",
  "runtimes\\win-x64\\native\\e_sqlite3.dll": "1BDCC0123C2B0E9355559D64ADBC6C83",
  "runtimes\\win-x64\\native\\glfw3.dll": "2C86E42085A8D434BD6AB633C69484BD",
  "runtimes\\win-x64\\native\\minhook.x64d.dll": "4995E537D22A6F5A93A6EA92F09E401F",
  "runtimes\\win-x64\\native\\SDL2.dll": "4C77FFB7C5F6CB8404D2447A326DC8E3",
  "runtimes\\win-x64\\native\\stbi.dll": "8166BCFB1ACE9566065D590B2F84EF9D",
  "runtimes\\win-x64\\native\\stbi.lib": "927C214DE576219E1F80DBE7798A0502",
  "runtimes\\win-x86\\native\\e_sqlite3.dll": "BE784B42B22DC28A24D3A1CF14D33326",
  "runtimes\\win-x86\\native\\glfw3.dll": "23344AF8958E5588BAD11C06DDCB51C3",
  "runtimes\\win-x86\\native\\SDL2.dll": "DFA78FB56CE43C279952C197758680B8",
  "targets\\Dalamud.Plugin.Bootstrap.targets": "C85635161398CD9852CF7212DB7EB904",
  "targets\\Dalamud.Plugin.targets": "DDD731601C06B16E10CF2F8990452A27",
  "BitFaster.Caching.dll": "E7B92702FA61F11D56EB0396C1DB3E31",
  "CheapLoc.dll": "8E35885051065283B702F975BD2C97E3",
  "Costura.dll": "F8164E94162EA523BE6C4548922FCD12",
  "Dalamud.Boot.dll": "8BCA3E5772A4AB6CF980CF3FE47221CE",
  "Dalamud.Common.dll": "1B58239BA3DA043A3DAC93FD1B58C50C",
  "Dalamud.deps.json": "9F3152C5A97A09FD0ACB6A8BFAD1A54B",
  "Dalamud.dll": "2C519273AA6B02DBE01153861617677D",
  "Dalamud.Injector.deps.json": "C1FA0941DC8B38E415776C60C508AAB9",
  "Dalamud.Injector.dll": "D16BDD0D7732CD2F3CB9A2E4DC2F6A86",
  "Dalamud.Injector.exe": "10798968C86FA7751DFCFDD8493EA192",
  "Dalamud.Injector.runtimeconfig.json": "B9BB65FFE7924D4D8BABE9FA66303200",
  "Dalamud.Injector.xml": "D41E5DF541D19A015215E777D7395C9C",
  "Dalamud.runtimeconfig.json": "2A9CD915428BDD175E0889BD0C225F75",
  "Dalamud.xml": "904F99E58DE17C02E69D1F0866778F02",
  "DalamudCrashHandler.exe": "180F4FDF1484B6FB1E74153C6A37B273",
  "FASM-LICENSE.TXT": "ECEA1D10811221D5F0A3E96F9C38E2C7",
  "FASM.DLL": "4EA78EC1F18A5D3E3236F0E966EF0A80",
  "FASMX64.DLL": "DA2DC80BFE15836662FC36F3A189CA5D",
  "FFXIVClientStructs.dll": "9A5EA5B5DF44FEC8D39C9651A163E3F5",
  "FFXIVClientStructs.xml": "664A83D1B19DB2890BD03509449DBCCC",
  "goaaats.Reloaded.Assembler.targets": "CC22CB0A353E2136EE9E6E96DB9F7164",
  "Iced.dll": "BAA19BF023FC9EB872C3BDD4AAB36670",
  "ImGui.NET.dll": "7AEB45ECEF8697FA1EC83D6DB81EF26F",
  "ImGuiScene.dll": "1944C805F26B6F5EB954E45FB573E128",
  "InteropGenerator.Runtime.dll": "592926B750213A9272D82B1CBEA83661",
  "JetBrains.Annotations.dll": "431F8B8CCC7AC33221F6C1AC050BA0E6",
  "licenses.txt": "A159BE62AA91178EFC3E3983AE874D1D",
  "Lumina.dll": "D2AE8E18FF312305ABF34B399E52F828",
  "Lumina.Excel.dll": "01EC43D83D06F84794801D7561F8B6FD",
  "Microsoft.Bcl.HashCode.dll": "613AB56061ADF2284E047025207467E0",
  "Microsoft.DotNet.PlatformAbstractions.dll": "00AB0F02B1114C57C758F5AD595224F1",
  "Microsoft.Extensions.DependencyModel.dll": "F39BC76C10CFEA478C936FC4521A9FC9",
  "Microsoft.Extensions.ObjectPool.dll": "FEE3CE8A84417360CC5ED787ED6F7DB1",
  "MinSharp.dll": "CD1C859CF97759CC4EE80C86027267B4",
  "Mono.Cecil.dll": "139C4777EADE3A54316A27ED046A1E47",
  "Mono.Cecil.Mdb.dll": "222C96C3FACB62B89A61ECDFD493D992",
  "Mono.Cecil.Pdb.dll": "8D9C3EE7DDDB6D3E310B2AE6AF973D77",
  "Mono.Cecil.Rocks.dll": "C4323A2897DA55F8AE58DFD3A52A56D4",
  "nethost.dll": "012081214FE71F0F6ADCD9F4A71B2B00",
  "Newtonsoft.Json.dll": "86A83A63F12B55FD3718CFBFB577D7DC",
  "PeNet.Asn1.dll": "8FE865871823BC6753FF943D69BFB3C7",
  "PeNet.dll": "D81E95DB6990C20CB436D6203D7C5406",
  "PInvoke.AdvApi32.dll": "34EE461D05B403C3A15D0DEC32A3788C",
  "PInvoke.BCrypt.dll": "FD07758EE1440491F22923084109FF26",
  "PInvoke.Cabinet.dll": "333D950E3804735DA60CC41D614C63E2",
  "PInvoke.CfgMgr32.dll": "768BE7CC18EDCF78B296A72ABE891691",
  "PInvoke.Crypt32.dll": "E7B00B0851738F4A7F2C6D37DAA973B4",
  "PInvoke.DbgHelp.dll": "E701136169620D20E3A70B560DE20E44",
  "PInvoke.DwmApi.dll": "ACF223CC8962404056648815B486F7D9",
  "PInvoke.Gdi32.dll": "69FF434826F98582CE44D3136ECFFACB",
  "PInvoke.Hid.dll": "2E7A41257F8AD9B26073181F450CD8E5",
  "PInvoke.ImageHlp.dll": "79BE816E8D86EA66489D7780DD675D49",
  "PInvoke.IPHlpApi.dll": "E949FA3326D1BA8872B179AB4EE49D38",
  "PInvoke.Kernel32.dll": "234E15B122ED430DE99490CA1A204958",
  "PInvoke.Magnification.dll": "C9EA3D34F506741ECC044DB19C151F09",
  "PInvoke.Msi.dll": "69EE50CE2DA6B55755E52589F49A7EBC",
  "PInvoke.NCrypt.dll": "DA1DE76C14D99370CA3BEF19DC299B15",
  "PInvoke.NetApi32.dll": "AE79F9FA2E3864A5E0642AE4622ECDC5",
  "PInvoke.NewDev.dll": "B3E1992105D986EF9C5C8E4B630FBB07",
  "PInvoke.NTDll.dll": "3F6BDF840EB27DD0FD9EB8071822183A",
  "PInvoke.Ole32.dll": "3C49FB100B60519FFE725BCD12A538F6",
  "PInvoke.Psapi.dll": "A7683EE4B880227F01C8AE632A892B9E",
  "PInvoke.SetupApi.dll": "1B7AE321185D0081D1759A9AD829F9BA",
  "PInvoke.SHCore.dll": "F27E7F063D51480F6D2294C903E4A606",
  "PInvoke.Shell32.dll": "F71A1BCAF6478190691170DAEA77722F",
  "PInvoke.User32.dll": "8BEDE38311ED4F27127290B81B8079FD",
  "PInvoke.Userenv.dll": "FEB7BCA90B8C905EC2F4BB0789847131",
  "PInvoke.UxTheme.dll": "8E683C016250CB719FDB9AAAFC22B3C5",
  "PInvoke.Windows.Core.dll": "90015440A44935208FFEA9BF61740651",
  "PInvoke.Windows.ShellScalingApi.dll": "F351B34B8C9183A51CADFDC279357C49",
  "PInvoke.WinUsb.dll": "9EB8A0280F2848D1A32B560A939F7336",
  "PInvoke.WtsApi32.dll": "341C94455D2E5893DBE4293D4D67AA4D",
  "Reloaded.Assembler.dll": "A7CCD5C218778C500C49E44AFBEAA779",
  "Reloaded.Hooks.Definitions.dll": "01AA0BA28C5FFFFB21D0ECD3CEAB4CC3",
  "Reloaded.Hooks.dll": "15D33E7A2E010737C7CEDA58FD74DAF9",
  "Reloaded.Memory.Buffers.dll": "29A59ED31EF5A2DEDCED9F8DD3B23978",
  "Reloaded.Memory.dll": "9B2D1F5E3C4DDD312CC9082F20BD03AB",
  "revision.txt": "5516ADB142FCB18A017C72602ABBDB6D",
  "SDL2-CS.config": "65557595FD5DF55D93B2BF881DE62C3A",
  "SDL2-CS.dll": "B7CF77FEBFCB147C4235B313A2BE0760",
  "Serilog.dll": "365108E4366D753C7E761ACB0182DC9D",
  "Serilog.Sinks.Async.dll": "6390339929B7F386C26BB5DAF1B308D4",
  "Serilog.Sinks.Console.dll": "E8BB28CDCD82586E57ADA8ED23C718B9",
  "Serilog.Sinks.File.dll": "E08840F1A4779EEB53837A4E3B594AC0",
  "SharpDX.Direct3D11.dll": "FD076EE297A742027AEF8CA6B5590EEC",
  "SharpDX.dll": "86F27BF1066045D7B6D00E50AD86B8BC",
  "SharpDX.DXGI.dll": "7AF66A52D05A98A59CD007D7564B63A1",
  "SharpDX.Mathematics.dll": "3CE6085B3A224CCCC2AADCEE97F40148",
  "Silk.NET.Core.dll": "9067D81E8E6DBFBE6EB124FFC4646AF9",
  "Silk.NET.GLFW.dll": "194B6329D56AF37911F629856C934636",
  "Silk.NET.Maths.dll": "488EEF9C24EDF1A5CA66A71B657A527F",
  "Silk.NET.OpenGL.dll": "75FBA6A723B58CD4269FA019F6CD2408",
  "Silk.NET.SDL.dll": "B2C7DA7BA90106556D0758663A22387B",
  "Silk.NET.Windowing.Common.dll": "84F5D897F01FF9F35D820B665DA04B6C",
  "Silk.NET.Windowing.Glfw.dll": "9430B53FC768476902EA3EB65DFE0A3E",
  "Silk.NET.Windowing.Sdl.dll": "8AABABF8BE2696F30FA9DA72D0E3EF64",
  "SQLite-net.dll": "2773EEA8DBA4E38FC281D8DDA3FD2547",
  "SQLitePCLRaw.batteries_v2.dll": "87D515709FD503E627102BA340C6F432",
  "SQLitePCLRaw.core.dll": "6AF9A3BF129E8606EC922A885D52EDA7",
  "SQLitePCLRaw.nativelibrary.dll": "26F0011E204D0D88B481CD34F68F9BDB",
  "SQLitePCLRaw.provider.dynamic_cdecl.dll": "0EE441FA919C878F1E4F8134A9F24DD3",
  "StbiSharp.dll": "4E13B828962A56240957B77AB98E68CB",
  "System.Reactive.dll": "EF5A00287AD15393D41B12AA4B726FF7",
  "System.Reflection.MetadataLoadContext.dll": "7EC41D41F4E1246757BA3E2EC862D562",
  "System.Security.Cryptography.Pkcs.dll": "8950E01996A37E808BE3F39063C37BF9",
  "TEMP_gitver.txt": "4178A9BDFD99CE5CD341B1AB12EC0CA4",
  "TerraFX.Interop.Windows.dll": "84F7EF6B0DE91F8CC23F773D3FD6DEC0",
  "Validation.dll": "376A08469FE76D299FA9778C43DEA8E5"
}
