{
  "runtimes\\alpine-x64\\native\\libe_sqlite3.so": "39C244FEDBCD3DFC37041D4FCE1AE21D",
  "runtimes\\linux-arm\\native\\libe_sqlite3.so": "96CF54BC0EFB83D6E3F5F3E04997A59D",
  "runtimes\\linux-arm64\\native\\libe_sqlite3.so": "F079E55E7F3F9966A4A2052A3234E068",
  "runtimes\\linux-armel\\native\\libe_sqlite3.so": "C5A67D49434FC65D64E9C15778078C76",
  "runtimes\\linux-mips64\\native\\libe_sqlite3.so": "5F8461214089CFC677D46C19B7162161",
  "runtimes\\linux-musl-x64\\native\\libe_sqlite3.so": "39C244FEDBCD3DFC37041D4FCE1AE21D",
  "runtimes\\linux-x64\\native\\libe_sqlite3.so": "6F49C540D3AB9964D67A4A704C3D262D",
  "runtimes\\linux-x64\\native\\libglfw.so.3": "9E3137144F68B9E9793F4C7AD5B1BEA7",
  "runtimes\\linux-x64\\native\\libSDL2-2.0.so": "99B95A708381FC66AB2370E45A260527",
  "runtimes\\linux-x64\\native\\libstbi.so": "0945355ED59677D06E3E88F48101BB26",
  "runtimes\\linux-x86\\native\\libe_sqlite3.so": "5E0659B414CBD6DDC38C65582485853E",
  "runtimes\\osx-x64\\native\\libe_sqlite3.dylib": "F82AE134FCD1C080A69D775591406673",
  "runtimes\\osx-x64\\native\\libglfw.3.dylib": "1E30FAB2F0C40E82290AD4B0BF14A880",
  "runtimes\\osx-x64\\native\\libSDL2-2.0.dylib": "AAC958490586C67395F0A90903AE3747",
  "runtimes\\osx-x64\\native\\libstbi.dylib": "0B84B0A6A80178266018081C3CAB68E6",
  "runtimes\\win-arm\\native\\e_sqlite3.dll": "5EE4427882887428A2AC75ACBD624885",
  "runtimes\\win-arm64\\native\\e_sqlite3.dll": "5A7012DC6611DB239E2AB2A980BB96ED",
  "runtimes\\win-x64\\native\\cimgui.dll": "5BDAC5FAE7DD9051468C51DB47F1B89C",
  "runtimes\\win-x64\\native\\cimguizmo.dll": "837FF862FB3AC5B7DAF0827E23297AB3",
  "runtimes\\win-x64\\native\\cimplot.dll": "6700AADF0FB03B881AF9E2FF15CD832F",
  "runtimes\\win-x64\\native\\e_sqlite3.dll": "A52406B8BF9336BBA26DB03E6063DB35",
  "runtimes\\win-x64\\native\\glfw3.dll": "3632A0E4CEA1F333981F96E6CD062FD8",
  "runtimes\\win-x64\\native\\minhook.x64d.dll": "04F5D350AE4DD17049370ED43F8FCFFC",
  "runtimes\\win-x64\\native\\SDL2.dll": "852874DB63B396A6CBB889811BADD214",
  "runtimes\\win-x64\\native\\stbi.dll": "E50FD7FC685402AD77EDDA90B54E2680",
  "runtimes\\win-x64\\native\\stbi.lib": "927C214DE576219E1F80DBE7798A0502",
  "runtimes\\win-x86\\native\\e_sqlite3.dll": "FB74DADEA2C8876E6AD07FB330A654F4",
  "runtimes\\win-x86\\native\\glfw3.dll": "18D42619B52579CF9788DDB6A8543A39",
  "runtimes\\win-x86\\native\\SDL2.dll": "BA8F1B0A85B8997216A3BCB7F2657D5E",
  "targets\\Dalamud.Plugin.Bootstrap.targets": "C85635161398CD9852CF7212DB7EB904",
  "targets\\Dalamud.Plugin.targets": "69D15EDFB3D4F0BEE3A099216E4DE057",
  "BitFaster.Caching.dll": "7DF3DBAE81C364B8DC5655D2BF32F90F",
  "CheapLoc.dll": "F398FE1763D4C2EA9C8CF3A77E1B7B57",
  "commit_hash.txt": "C4D8B22620868303C34E0AB56BE6922B",
  "Costura.dll": "554E707F1E9E9B050A26AABBFBC44834",
  "Dalamud.Boot.dll": "D75A5FDBA32A7D2864EC73770A5F7097",
  "Dalamud.Common.dll": "0E926813313AC4B907DB028F82FF556A",
  "Dalamud.deps.json": "0E51C43CEB726B9A8E436B5AFCEAC796",
  "Dalamud.dll": "5AF52AC10C1EFD7FC71F54FB021399B0",
  "Dalamud.Injector.deps.json": "E30B9BD40106FFC14A5274A670979EDF",
  "Dalamud.Injector.dll": "5298570ABE4C955A18A18E555499E2FB",
  "Dalamud.Injector.exe": "DAA6EA05D1D758101129E1C591D8B7AA",
  "Dalamud.Injector.runtimeconfig.json": "B9BB65FFE7924D4D8BABE9FA66303200",
  "Dalamud.Injector.xml": "D41E5DF541D19A015215E777D7395C9C",
  "Dalamud.runtimeconfig.json": "2A9CD915428BDD175E0889BD0C225F75",
  "Dalamud.xml": "EC8F8E1C59FD70D94973E8E88C9FD2D2",
  "DalamudCrashHandler.exe": "8824252983659F3C8DE7064FA31C5869",
  "FASM-LICENSE.TXT": "ECEA1D10811221D5F0A3E96F9C38E2C7",
  "FASM.DLL": "36A634C0AF194410D70F25FA9797BBBF",
  "FASMX64.DLL": "E3DE079DD81B6B54EB248E4841BE7CE9",
  "FFXIVClientStructs.dll": "0BD984ED3BDF035C0A5B9D6FDA1085B8",
  "FFXIVClientStructs.xml": "21740F7054FAA99B67FEE59BB9208033",
  "goaaats.Reloaded.Assembler.targets": "CC22CB0A353E2136EE9E6E96DB9F7164",
  "Iced.dll": "03B2DC9F2CFF5F6B0B94F77F3C49F48A",
  "ImGui.NET.dll": "54E0547E958005FB983BE9B9D51B3C11",
  "ImGuiScene.dll": "6E7CF46BC578E5B9B2255AF6B3714ECB",
  "InteropGenerator.Runtime.dll": "5771025A60A45BFD1E63B94CE69D51E1",
  "JetBrains.Annotations.dll": "84CA97C8B3DCADD8EEBF5C3A0FF2032F",
  "licenses.txt": "A159BE62AA91178EFC3E3983AE874D1D",
  "Lumina.dll": "83301BE81BFFAD5970B6553C7B2102E4",
  "Lumina.Excel.dll": "4FDD1D2BFAEAD694A7B7BE7A1068D993",
  "Microsoft.Bcl.HashCode.dll": "613AB56061ADF2284E047025207467E0",
  "Microsoft.DotNet.PlatformAbstractions.dll": "00AB0F02B1114C57C758F5AD595224F1",
  "Microsoft.Extensions.DependencyModel.dll": "F39BC76C10CFEA478C936FC4521A9FC9",
  "Microsoft.Extensions.ObjectPool.dll": "FEE3CE8A84417360CC5ED787ED6F7DB1",
  "MinSharp.dll": "C3913F9FC389B5CE4D2FB254C955F346",
  "Mono.Cecil.dll": "6B93B7670ABF2718E211A301AC3E12BC",
  "Mono.Cecil.Mdb.dll": "C1E5242341C1878992E5A5B92E32EADD",
  "Mono.Cecil.Pdb.dll": "48266D9276BF736A6E053E65B707517E",
  "Mono.Cecil.Rocks.dll": "92C5DE7A8CE144E4E72648B62C5B6430",
  "nethost.dll": "21F39F71E2F4B5BA9FB3F126872F2F9B",
  "Newtonsoft.Json.dll": "ADF3E3EECDE20B7C9661E9C47106A14A",
  "PeNet.Asn1.dll": "761617F6442C8975E024A86E32D429CA",
  "PeNet.dll": "1CB9CC433E9E0504EB46ACF0ADA17A4A",
  "PInvoke.AdvApi32.dll": "34EE461D05B403C3A15D0DEC32A3788C",
  "PInvoke.BCrypt.dll": "FD07758EE1440491F22923084109FF26",
  "PInvoke.Cabinet.dll": "333D950E3804735DA60CC41D614C63E2",
  "PInvoke.CfgMgr32.dll": "768BE7CC18EDCF78B296A72ABE891691",
  "PInvoke.Crypt32.dll": "E7B00B0851738F4A7F2C6D37DAA973B4",
  "PInvoke.DbgHelp.dll": "E701136169620D20E3A70B560DE20E44",
  "PInvoke.DwmApi.dll": "ACF223CC8962404056648815B486F7D9",
  "PInvoke.Gdi32.dll": "69FF434826F98582CE44D3136ECFFACB",
  "PInvoke.Hid.dll": "2E7A41257F8AD9B26073181F450CD8E5",
  "PInvoke.ImageHlp.dll": "79BE816E8D86EA66489D7780DD675D49",
  "PInvoke.IPHlpApi.dll": "E949FA3326D1BA8872B179AB4EE49D38",
  "PInvoke.Kernel32.dll": "234E15B122ED430DE99490CA1A204958",
  "PInvoke.Magnification.dll": "C9EA3D34F506741ECC044DB19C151F09",
  "PInvoke.Msi.dll": "69EE50CE2DA6B55755E52589F49A7EBC",
  "PInvoke.NCrypt.dll": "DA1DE76C14D99370CA3BEF19DC299B15",
  "PInvoke.NetApi32.dll": "AE79F9FA2E3864A5E0642AE4622ECDC5",
  "PInvoke.NewDev.dll": "B3E1992105D986EF9C5C8E4B630FBB07",
  "PInvoke.NTDll.dll": "3F6BDF840EB27DD0FD9EB8071822183A",
  "PInvoke.Ole32.dll": "3C49FB100B60519FFE725BCD12A538F6",
  "PInvoke.Psapi.dll": "A7683EE4B880227F01C8AE632A892B9E",
  "PInvoke.SetupApi.dll": "1B7AE321185D0081D1759A9AD829F9BA",
  "PInvoke.SHCore.dll": "F27E7F063D51480F6D2294C903E4A606",
  "PInvoke.Shell32.dll": "F71A1BCAF6478190691170DAEA77722F",
  "PInvoke.User32.dll": "8BEDE38311ED4F27127290B81B8079FD",
  "PInvoke.Userenv.dll": "FEB7BCA90B8C905EC2F4BB0789847131",
  "PInvoke.UxTheme.dll": "8E683C016250CB719FDB9AAAFC22B3C5",
  "PInvoke.Windows.Core.dll": "90015440A44935208FFEA9BF61740651",
  "PInvoke.Windows.ShellScalingApi.dll": "F351B34B8C9183A51CADFDC279357C49",
  "PInvoke.WinUsb.dll": "9EB8A0280F2848D1A32B560A939F7336",
  "PInvoke.WtsApi32.dll": "341C94455D2E5893DBE4293D4D67AA4D",
  "Reloaded.Assembler.dll": "EB976D64A9A25198B12A10824689F1C0",
  "Reloaded.Hooks.Definitions.dll": "AC4B0554EDC1D3240EF2026915C9AB63",
  "Reloaded.Hooks.dll": "FCC887FD373047C6D7CEC215DDAD6414",
  "Reloaded.Memory.Buffers.dll": "6D23D4B073DF322D082AB9EBBB7642E5",
  "Reloaded.Memory.dll": "BE23EAB679A2942EDD88BB9AE2AF5337",
  "revision.txt": "D96EED18098DA6AB5C15DD856998E4BD",
  "SDL2-CS.config": "65557595FD5DF55D93B2BF881DE62C3A",
  "SDL2-CS.dll": "21CB9451453A14874606FE50FE3EA6D4",
  "Serilog.dll": "7448399763A75510F285DF95464A3F03",
  "Serilog.Sinks.Async.dll": "904E245FB073D66C245FBC00A8416491",
  "Serilog.Sinks.Console.dll": "FF0329A516183535E6939CCF371355A1",
  "Serilog.Sinks.File.dll": "E21592A43CF9B31A6E1030B6AD11BFB4",
  "SharpDX.Direct3D11.dll": "3905CA3D5C110230B7E9CC5213DDBCD1",
  "SharpDX.dll": "03EDA821B01B26F3D5DF9C59219F952E",
  "SharpDX.DXGI.dll": "ABC6A43F30746DC01A6E3E578C95EF39",
  "SharpDX.Mathematics.dll": "6EC3A40F7C2AC7D3D681A7F9872C2702",
  "Silk.NET.Core.dll": "993CE39D473BF6DB16881493D16947B7",
  "Silk.NET.GLFW.dll": "F2C10338BD12A12C0C0391D8D2FDE51F",
  "Silk.NET.Maths.dll": "C00899143922F15013B88B5F0E1FAAE5",
  "Silk.NET.OpenGL.dll": "C658A37FFD3E8D8EC470822C2F198B1E",
  "Silk.NET.SDL.dll": "11457547D141EAB05023217546B36CA1",
  "Silk.NET.Windowing.Common.dll": "EA87799FB7549B8BAFDE2F9643105BE2",
  "Silk.NET.Windowing.Glfw.dll": "E297DE9DFF0D0E4D96D142A04D9BF33D",
  "Silk.NET.Windowing.Sdl.dll": "200CA515CB05FCB8CABBF66B69FD21BA",
  "SQLite-net.dll": "00489F2B644EB83FBF3876572C7C9A36",
  "SQLitePCLRaw.batteries_v2.dll": "FC64BD45562227B106431D5E77152F3B",
  "SQLitePCLRaw.core.dll": "63C4228100CEA2C97BC0AA81F8A858CD",
  "SQLitePCLRaw.nativelibrary.dll": "CB0D9A0591B40C66A3842F9E014C904C",
  "SQLitePCLRaw.provider.dynamic_cdecl.dll": "B47CD724805EB557573B105BC0C7F0C1",
  "StbiSharp.dll": "BBBF0FC6052BEB7E8DBDDF13E030F940",
  "System.Reactive.dll": "EF5A00287AD15393D41B12AA4B726FF7",
  "System.Reflection.MetadataLoadContext.dll": "E88E3AF6D37736F339022C9ACC5F2F7B",
  "System.Security.Cryptography.Pkcs.dll": "8950E01996A37E808BE3F39063C37BF9",
  "TEMP_gitver.txt": "1550BA8C9DC63748977E1C1401EB615F",
  "TerraFX.Interop.Windows.dll": "84F7EF6B0DE91F8CC23F773D3FD6DEC0",
  "Validation.dll": "F63F8AE2242A76401EAC16B0B41D27B2"
}
