{
  "runtimes\\linux-x64\\native\\libglfw.so.3": "9E3137144F68B9E9793F4C7AD5B1BEA7",
  "runtimes\\linux-x64\\native\\libSDL2-2.0.so": "99B95A708381FC66AB2370E45A260527",
  "runtimes\\linux-x64\\native\\libstbi.so": "0945355ED59677D06E3E88F48101BB26",
  "runtimes\\osx-x64\\native\\libglfw.3.dylib": "1E30FAB2F0C40E82290AD4B0BF14A880",
  "runtimes\\osx-x64\\native\\libSDL2-2.0.dylib": "AAC958490586C67395F0A90903AE3747",
  "runtimes\\osx-x64\\native\\libstbi.dylib": "0B84B0A6A80178266018081C3CAB68E6",
  "runtimes\\win-x64\\native\\cimgui.dll": "EA321B2F6FDD33AFC1F570BA861411E1",
  "runtimes\\win-x64\\native\\cimguizmo.dll": "921F6F80BF702EDBAC29F5CFA9984046",
  "runtimes\\win-x64\\native\\cimplot.dll": "FFFC01B37328AE33EBE70A4EAE6161B6",
  "runtimes\\win-x64\\native\\glfw3.dll": "881B2CF88C0078AB8387116F8697612F",
  "runtimes\\win-x64\\native\\minhook.x64d.dll": "8F8EE03EA3B588A444E27BE0D95B77CE",
  "runtimes\\win-x64\\native\\SDL2.dll": "D7158E74FF0F2CA0EE510B4D3433EE59",
  "runtimes\\win-x64\\native\\stbi.dll": "9970395F6C3AB5482A80D36180DFD374",
  "runtimes\\win-x64\\native\\stbi.lib": "927C214DE576219E1F80DBE7798A0502",
  "runtimes\\win-x86\\native\\glfw3.dll": "D0DE2A0AF7B1C6B3A294AA1854DB508C",
  "runtimes\\win-x86\\native\\SDL2.dll": "0B812B119EAFA1B3D5A2B09EB8FEF67C",
  "targets\\Dalamud.Plugin.Bootstrap.targets": "72C91AC1B4F7C83711BB4C5834FE49A8",
  "targets\\Dalamud.Plugin.targets": "CE55DF182FBC948D33DB41454A31EEF9",
  "CheapLoc.dll": "F925BE0727C7548A24F209323138270D",
  "Costura.dll": "F28629C34423F8DC0A3A938835C53B55",
  "Dalamud.Boot.dll": "A945968BEDCB19A2BD38010F048E9B8F",
  "Dalamud.deps.json": "6AFBBAB846E400F6FB34D20873022522",
  "Dalamud.dll": "F44DCCF26AC20AE8124BCACD50AB5FED",
  "Dalamud.Injector.deps.json": "D10EED2039C0151239F5EA4FE3A65A7B",
  "Dalamud.Injector.dll": "28283A86B72E8F5DD0BA63EB1767CC88",
  "Dalamud.Injector.exe": "77E9CDCE52EA8C90CDD75211CEEF89C3",
  "Dalamud.Injector.runtimeconfig.json": "AAAFA957BB3B382321D67ACC2D792553",
  "Dalamud.Injector.xml": "CC06A545B271F56E0781ECC82BDEF67F",
  "Dalamud.Interface.dll": "2C95CFDF5395CBC9A11CEC3DF4499F80",
  "Dalamud.runtimeconfig.json": "454E2BA21742B08CF0A9827950A92B0F",
  "Dalamud.xml": "88094BEB342AC741D6DAEBBF0FE0F88A",
  "DalamudCrashHandler.exe": "DAB145BD03A4D8F61DD4E273A622AB68",
  "FASM-LICENSE.TXT": "ECEA1D10811221D5F0A3E96F9C38E2C7",
  "FASM.DLL": "4A2F3F8C6EA479B0C39F387B8357D488",
  "FASMX64.DLL": "C36B9AB7CDC9ECE0AD2892D2ADEE1763",
  "FFXIVClientStructs.dll": "23C908EF070A11198F32AF288FA52906",
  "FFXIVClientStructs.xml": "BA4F4EE1FE3A86FD25F585B2E2EAB745",
  "goaaats.Reloaded.Assembler.targets": "CC22CB0A353E2136EE9E6E96DB9F7164",
  "Iced.dll": "896947D1F590C341EDD3E5AEC34DD8FE",
  "ImGui.NET.dll": "0E46325C700A718CC820F3F1A736FAAE",
  "ImGuiScene.dll": "0B5C0F2CF57F16E40958066DEF9A6106",
  "JetBrains.Annotations.dll": "831265F526191B15DC5BA543261A6C11",
  "licenses.txt": "A159BE62AA91178EFC3E3983AE874D1D",
  "Lumina.dll": "F6830E616A02F6DD46828CC7DFC22B43",
  "Lumina.Excel.dll": "948600CE1C2300F5628353215A7F48B6",
  "Microsoft.Bcl.HashCode.dll": "613AB56061ADF2284E047025207467E0",
  "Microsoft.DotNet.PlatformAbstractions.dll": "00AB0F02B1114C57C758F5AD595224F1",
  "Microsoft.Extensions.DependencyModel.dll": "F39BC76C10CFEA478C936FC4521A9FC9",
  "MinSharp.dll": "F5DDD0F586A20A743051CA3119FAA189",
  "Mono.Cecil.dll": "42683F9F4B33A3A5FAB435AC89670876",
  "Mono.Cecil.Mdb.dll": "A8747152B8B3FD5418C046C1383B2A5F",
  "Mono.Cecil.Pdb.dll": "DCE8C7C821389E5F589CB211ED8C6A55",
  "Mono.Cecil.Rocks.dll": "88703AEABDBF180E7B6DF35B5F6987A1",
  "MonoMod.Backports.dll": "48D7AA5153F1B1A0FFFC4BCAD0B8F7CF",
  "MonoMod.Core.dll": "49C90F0C672792EC9FD8C4C66CD785E6",
  "MonoMod.Iced.dll": "4679E228DA751F014142012A931DC96D",
  "MonoMod.ILHelpers.dll": "4A2847017E93046B895EC67FF69F65FA",
  "MonoMod.RuntimeDetour.dll": "06E7E13DA3584BD70F4CA114FC25FA65",
  "MonoMod.Utils.dll": "14B36DF5C131651D4CE8B8997A698885",
  "nethost.dll": "012081214FE71F0F6ADCD9F4A71B2B00",
  "Newtonsoft.Json.dll": "86A83A63F12B55FD3718CFBFB577D7DC",
  "PeNet.Asn1.dll": "DB6AAF1FB5B3AAAD2C1454782886F4DA",
  "PeNet.dll": "0410367B6EC1E241578E0A68B70416B5",
  "PInvoke.AdvApi32.dll": "34EE461D05B403C3A15D0DEC32A3788C",
  "PInvoke.BCrypt.dll": "FD07758EE1440491F22923084109FF26",
  "PInvoke.Cabinet.dll": "333D950E3804735DA60CC41D614C63E2",
  "PInvoke.CfgMgr32.dll": "768BE7CC18EDCF78B296A72ABE891691",
  "PInvoke.Crypt32.dll": "E7B00B0851738F4A7F2C6D37DAA973B4",
  "PInvoke.DbgHelp.dll": "E701136169620D20E3A70B560DE20E44",
  "PInvoke.DwmApi.dll": "ACF223CC8962404056648815B486F7D9",
  "PInvoke.Gdi32.dll": "69FF434826F98582CE44D3136ECFFACB",
  "PInvoke.Hid.dll": "2E7A41257F8AD9B26073181F450CD8E5",
  "PInvoke.ImageHlp.dll": "79BE816E8D86EA66489D7780DD675D49",
  "PInvoke.IPHlpApi.dll": "E949FA3326D1BA8872B179AB4EE49D38",
  "PInvoke.Kernel32.dll": "234E15B122ED430DE99490CA1A204958",
  "PInvoke.Magnification.dll": "C9EA3D34F506741ECC044DB19C151F09",
  "PInvoke.Msi.dll": "69EE50CE2DA6B55755E52589F49A7EBC",
  "PInvoke.NCrypt.dll": "DA1DE76C14D99370CA3BEF19DC299B15",
  "PInvoke.NetApi32.dll": "AE79F9FA2E3864A5E0642AE4622ECDC5",
  "PInvoke.NewDev.dll": "B3E1992105D986EF9C5C8E4B630FBB07",
  "PInvoke.NTDll.dll": "3F6BDF840EB27DD0FD9EB8071822183A",
  "PInvoke.Ole32.dll": "3C49FB100B60519FFE725BCD12A538F6",
  "PInvoke.Psapi.dll": "A7683EE4B880227F01C8AE632A892B9E",
  "PInvoke.SetupApi.dll": "1B7AE321185D0081D1759A9AD829F9BA",
  "PInvoke.SHCore.dll": "F27E7F063D51480F6D2294C903E4A606",
  "PInvoke.Shell32.dll": "F71A1BCAF6478190691170DAEA77722F",
  "PInvoke.User32.dll": "8BEDE38311ED4F27127290B81B8079FD",
  "PInvoke.Userenv.dll": "FEB7BCA90B8C905EC2F4BB0789847131",
  "PInvoke.UxTheme.dll": "8E683C016250CB719FDB9AAAFC22B3C5",
  "PInvoke.Windows.Core.dll": "90015440A44935208FFEA9BF61740651",
  "PInvoke.Windows.ShellScalingApi.dll": "F351B34B8C9183A51CADFDC279357C49",
  "PInvoke.WinUsb.dll": "9EB8A0280F2848D1A32B560A939F7336",
  "PInvoke.WtsApi32.dll": "341C94455D2E5893DBE4293D4D67AA4D",
  "Reloaded.Assembler.dll": "D8E1FE3796F07D028F7FC9E591CAD32C",
  "Reloaded.Hooks.Definitions.dll": "DFC6C419A2DF55EC406A82B28FD797AF",
  "Reloaded.Hooks.dll": "D8862A21B64E720002FE0E0DADDDC62A",
  "Reloaded.Memory.Buffers.dll": "A0BADF9804DB8748B34AB8488C31F816",
  "Reloaded.Memory.dll": "4AC3A9D3C2B4A8CA69B70EE84E8BE0B8",
  "revision.txt": "ADF8D7F8C53C8688E63A02BFB3055497",
  "SDL2-CS.config": "65557595FD5DF55D93B2BF881DE62C3A",
  "SDL2-CS.dll": "BB3C74264D2B7C8D01D5738D86B8C559",
  "Serilog.dll": "940DB0994B68D6EAC515BB96A8C386B2",
  "Serilog.Sinks.Async.dll": "47D16EADE1A3AEB804E5DAF322393595",
  "Serilog.Sinks.Console.dll": "167093C18CF7093AF673D9621CE19FE3",
  "Serilog.Sinks.File.dll": "1D31C52CBF75B0583B027DEA3A8B31CA",
  "SharpDX.Direct3D11.dll": "735538466D2E0A53B2009385331EC52D",
  "SharpDX.dll": "39B3E4AA1A867456FF7B006E4466F129",
  "SharpDX.DXGI.dll": "78290AA18FE10611803D2C2D0241998E",
  "SharpDX.Mathematics.dll": "4D0675D25B56C52113C7D4674E885BB6",
  "Silk.NET.Core.dll": "7BE2DD2525A80C7D1CD58428C6BB0478",
  "Silk.NET.GLFW.dll": "38FD044CB3E03363696C60126AACF7C1",
  "Silk.NET.Maths.dll": "16544623FED7B91662D0234F59D626B4",
  "Silk.NET.OpenGL.dll": "192797C1EE125912F2377B2C58ACC752",
  "Silk.NET.SDL.dll": "48C514EACE24D1112AF9CBFD77C72F24",
  "Silk.NET.Windowing.Common.dll": "97C91B574A9514C0DA3EBCE18B37157F",
  "Silk.NET.Windowing.Glfw.dll": "B1F78B8889C17E0EE9D2E0E1867141E0",
  "Silk.NET.Windowing.Sdl.dll": "F7C4CE0F05F440F39A9C6247853F6901",
  "StbiSharp.dll": "F0F8EE1D8836AB9834F6047EDADD45C2",
  "System.Reactive.dll": "EF5A00287AD15393D41B12AA4B726FF7",
  "System.Reflection.MetadataLoadContext.dll": "7EC41D41F4E1246757BA3E2EC862D562",
  "System.Security.Cryptography.Pkcs.dll": "8950E01996A37E808BE3F39063C37BF9",
  "TEMP_gitver.txt": "9A0BE1B31D2D0A138AE4414C36E1210D",
  "Validation.dll": "F4BBBA7F45F399A034F62ED280775DC3"
}
