{
  "runtimes\\alpine-x64\\native\\libe_sqlite3.so": "39C244FEDBCD3DFC37041D4FCE1AE21D",
  "runtimes\\linux-arm\\native\\libe_sqlite3.so": "96CF54BC0EFB83D6E3F5F3E04997A59D",
  "runtimes\\linux-arm64\\native\\libe_sqlite3.so": "F079E55E7F3F9966A4A2052A3234E068",
  "runtimes\\linux-armel\\native\\libe_sqlite3.so": "C5A67D49434FC65D64E9C15778078C76",
  "runtimes\\linux-mips64\\native\\libe_sqlite3.so": "5F8461214089CFC677D46C19B7162161",
  "runtimes\\linux-musl-x64\\native\\libe_sqlite3.so": "39C244FEDBCD3DFC37041D4FCE1AE21D",
  "runtimes\\linux-x64\\native\\libe_sqlite3.so": "6F49C540D3AB9964D67A4A704C3D262D",
  "runtimes\\linux-x64\\native\\libglfw.so.3": "9E3137144F68B9E9793F4C7AD5B1BEA7",
  "runtimes\\linux-x64\\native\\libSDL2-2.0.so": "99B95A708381FC66AB2370E45A260527",
  "runtimes\\linux-x64\\native\\libstbi.so": "0945355ED59677D06E3E88F48101BB26",
  "runtimes\\linux-x86\\native\\libe_sqlite3.so": "5E0659B414CBD6DDC38C65582485853E",
  "runtimes\\osx-x64\\native\\libe_sqlite3.dylib": "F82AE134FCD1C080A69D775591406673",
  "runtimes\\osx-x64\\native\\libglfw.3.dylib": "1E30FAB2F0C40E82290AD4B0BF14A880",
  "runtimes\\osx-x64\\native\\libSDL2-2.0.dylib": "AAC958490586C67395F0A90903AE3747",
  "runtimes\\osx-x64\\native\\libstbi.dylib": "0B84B0A6A80178266018081C3CAB68E6",
  "runtimes\\win-arm\\native\\e_sqlite3.dll": "BF31C615B6C899380DD245EDFFDED681",
  "runtimes\\win-arm64\\native\\e_sqlite3.dll": "B5FC9BC2C00F7A5C61A9D5D974E9DFB2",
  "runtimes\\win-x64\\native\\cimgui.dll": "3A1690EF13FBCA6E4ED4FE9CD5794A9E",
  "runtimes\\win-x64\\native\\cimguizmo.dll": "36B50BE5A6C7E634FD144C7B87B47B08",
  "runtimes\\win-x64\\native\\cimplot.dll": "18C9718785D443B84EA0A95034299274",
  "runtimes\\win-x64\\native\\e_sqlite3.dll": "A569ED74D487C969FD2F96C323AB097A",
  "runtimes\\win-x64\\native\\glfw3.dll": "4B4A7277F420B4A49BEA37050077855D",
  "runtimes\\win-x64\\native\\minhook.x64d.dll": "99FDD8D5DF96A897619C764DE364AEC7",
  "runtimes\\win-x64\\native\\SDL2.dll": "2B8E974F79CBD58279A468CA434D7F8E",
  "runtimes\\win-x64\\native\\stbi.dll": "F40E4D77922B13ADAB2E940E0F1B4CA7",
  "runtimes\\win-x64\\native\\stbi.lib": "927C214DE576219E1F80DBE7798A0502",
  "runtimes\\win-x86\\native\\e_sqlite3.dll": "E1E1CC6BB314B8CD50D3ECA5910F216B",
  "runtimes\\win-x86\\native\\glfw3.dll": "550AFB515A26F908AB955CBA706D6F35",
  "runtimes\\win-x86\\native\\SDL2.dll": "996DB2E92E32105B1CC88E5177FAF0AC",
  "targets\\Dalamud.Plugin.Bootstrap.targets": "C85635161398CD9852CF7212DB7EB904",
  "targets\\Dalamud.Plugin.targets": "11001C983157350F50D99F1A827999B5",
  "CheapLoc.dll": "0D9C5A1645C0A90A988D9E8C40318C4D",
  "Costura.dll": "B4EC4C0AC4B6938F5B7550146AAE5DFB",
  "Dalamud.Boot.dll": "19DBE3A039A8D6FD5056CDB1211DF071",
  "Dalamud.Common.dll": "DCCB84C5D12502E064EE4E68FFA0BF1E",
  "Dalamud.deps.json": "E9EA59FDBE3DF8C5A1A3D41B7C88EABF",
  "Dalamud.dll": "A5470FC3BC338B6A439E4F33ACEBF328",
  "Dalamud.Injector.deps.json": "4E53ABE9A5D3E4592DA63EBF98DAAD86",
  "Dalamud.Injector.dll": "0C9E461FEA03FAF5CDED286204E1A302",
  "Dalamud.Injector.exe": "5F069AF91BFE18AE67DF2DF7651E7BD3",
  "Dalamud.Injector.runtimeconfig.json": "AAAFA957BB3B382321D67ACC2D792553",
  "Dalamud.Injector.xml": "6CFC451561E67CE7788814C5B327D7EC",
  "Dalamud.runtimeconfig.json": "15719C111D02D5BD45F37285FC8B6040",
  "Dalamud.xml": "8685720B08B7B68231946DE8FDDEF051",
  "DalamudCrashHandler.exe": "ED1C6B97332E986239999DEBCD3FC4FD",
  "FASM-LICENSE.TXT": "ECEA1D10811221D5F0A3E96F9C38E2C7",
  "FASM.DLL": "058AA0284A624BF534832A2FB2DB67CD",
  "FASMX64.DLL": "78952E9BAA9EE0464054C4CB7C9C87DA",
  "FFXIVClientStructs.dll": "A905AA7D1D0508871D437DCC63E6A11E",
  "FFXIVClientStructs.xml": "982CA42C496670171A8A5A744FFD9321",
  "goaaats.Reloaded.Assembler.targets": "CC22CB0A353E2136EE9E6E96DB9F7164",
  "Iced.dll": "231508339DFB5826A610007800AD5CE7",
  "ImGui.NET.dll": "86AE18F55A673397E017D1BAC17CB5BA",
  "ImGuiScene.dll": "65C576E7801E30D6CC92599E6389CFD8",
  "JetBrains.Annotations.dll": "1187D1B387B4F61B1FDD0E5DFB15489B",
  "licenses.txt": "A159BE62AA91178EFC3E3983AE874D1D",
  "Lumina.dll": "9598A3B404B2F118BCB0A80A1C0E8EEC",
  "Lumina.Excel.dll": "AA4EE947C3E27F129CE2BDEF807B98D1",
  "Microsoft.Bcl.HashCode.dll": "613AB56061ADF2284E047025207467E0",
  "Microsoft.DotNet.PlatformAbstractions.dll": "00AB0F02B1114C57C758F5AD595224F1",
  "Microsoft.Extensions.DependencyModel.dll": "F39BC76C10CFEA478C936FC4521A9FC9",
  "MinSharp.dll": "6FC845696AD5AA63ECBA964CEFF9B0F0",
  "Mono.Cecil.dll": "5C07C1B8817B3A51AF1DF0D9A6503A59",
  "Mono.Cecil.Mdb.dll": "3DE0DAEA29E2B7EAE4348FD867546EFD",
  "Mono.Cecil.Pdb.dll": "1EBB8852CE0C61A474790A38B70A0736",
  "Mono.Cecil.Rocks.dll": "2BF9745C3C29975CC3C7A4EB057C54B3",
  "MonoMod.Backports.dll": "19CAFA878037936EE54D0428C9999A18",
  "MonoMod.Core.dll": "5016306DB77A3DCC47559B8F2C3D5C1A",
  "MonoMod.Iced.dll": "5FF79B442101D7DFFE15C6DD8815E501",
  "MonoMod.ILHelpers.dll": "D45DEB768D7090C1DB6D4C84D8EBD550",
  "MonoMod.RuntimeDetour.dll": "176436A0A22D6429283C3ADC6E24EF12",
  "MonoMod.Utils.dll": "0F32AB912F81351E45595F5C9681CCB3",
  "nethost.dll": "012081214FE71F0F6ADCD9F4A71B2B00",
  "Newtonsoft.Json.dll": "86A83A63F12B55FD3718CFBFB577D7DC",
  "PeNet.Asn1.dll": "D14B58F1F5A7FB31F457B061861BD416",
  "PeNet.dll": "B924F48AA4129DA11B544EBBEFE425AA",
  "PInvoke.AdvApi32.dll": "34EE461D05B403C3A15D0DEC32A3788C",
  "PInvoke.BCrypt.dll": "FD07758EE1440491F22923084109FF26",
  "PInvoke.Cabinet.dll": "333D950E3804735DA60CC41D614C63E2",
  "PInvoke.CfgMgr32.dll": "768BE7CC18EDCF78B296A72ABE891691",
  "PInvoke.Crypt32.dll": "E7B00B0851738F4A7F2C6D37DAA973B4",
  "PInvoke.DbgHelp.dll": "E701136169620D20E3A70B560DE20E44",
  "PInvoke.DwmApi.dll": "ACF223CC8962404056648815B486F7D9",
  "PInvoke.Gdi32.dll": "69FF434826F98582CE44D3136ECFFACB",
  "PInvoke.Hid.dll": "2E7A41257F8AD9B26073181F450CD8E5",
  "PInvoke.ImageHlp.dll": "79BE816E8D86EA66489D7780DD675D49",
  "PInvoke.IPHlpApi.dll": "E949FA3326D1BA8872B179AB4EE49D38",
  "PInvoke.Kernel32.dll": "234E15B122ED430DE99490CA1A204958",
  "PInvoke.Magnification.dll": "C9EA3D34F506741ECC044DB19C151F09",
  "PInvoke.Msi.dll": "69EE50CE2DA6B55755E52589F49A7EBC",
  "PInvoke.NCrypt.dll": "DA1DE76C14D99370CA3BEF19DC299B15",
  "PInvoke.NetApi32.dll": "AE79F9FA2E3864A5E0642AE4622ECDC5",
  "PInvoke.NewDev.dll": "B3E1992105D986EF9C5C8E4B630FBB07",
  "PInvoke.NTDll.dll": "3F6BDF840EB27DD0FD9EB8071822183A",
  "PInvoke.Ole32.dll": "3C49FB100B60519FFE725BCD12A538F6",
  "PInvoke.Psapi.dll": "A7683EE4B880227F01C8AE632A892B9E",
  "PInvoke.SetupApi.dll": "1B7AE321185D0081D1759A9AD829F9BA",
  "PInvoke.SHCore.dll": "F27E7F063D51480F6D2294C903E4A606",
  "PInvoke.Shell32.dll": "F71A1BCAF6478190691170DAEA77722F",
  "PInvoke.User32.dll": "8BEDE38311ED4F27127290B81B8079FD",
  "PInvoke.Userenv.dll": "FEB7BCA90B8C905EC2F4BB0789847131",
  "PInvoke.UxTheme.dll": "8E683C016250CB719FDB9AAAFC22B3C5",
  "PInvoke.Windows.Core.dll": "90015440A44935208FFEA9BF61740651",
  "PInvoke.Windows.ShellScalingApi.dll": "F351B34B8C9183A51CADFDC279357C49",
  "PInvoke.WinUsb.dll": "9EB8A0280F2848D1A32B560A939F7336",
  "PInvoke.WtsApi32.dll": "341C94455D2E5893DBE4293D4D67AA4D",
  "Reloaded.Assembler.dll": "D873421FDF9A963A3EE5783395426A9B",
  "Reloaded.Hooks.Definitions.dll": "15FC022F972AA28B3999B39F293AD23F",
  "Reloaded.Hooks.dll": "4CA975E064CDA706BEAB4EFEE7B7D3D3",
  "Reloaded.Memory.Buffers.dll": "7AB29A369FB1FFFBCDFEB539B4654C80",
  "Reloaded.Memory.dll": "3B69AC6F825630BDFF0C7228F0935EAF",
  "revision.txt": "1731592ACA5FB4D789C4119C65C10B4B",
  "SDL2-CS.config": "65557595FD5DF55D93B2BF881DE62C3A",
  "SDL2-CS.dll": "E90821F927DCE714FA9CCA23F66CA8C1",
  "Serilog.dll": "02FB6BCAD9A89DAEEB6BF03C4D75FFAE",
  "Serilog.Sinks.Async.dll": "0250B51CEE5D781B320F7F3A35CE1BC5",
  "Serilog.Sinks.Console.dll": "3EC978879DC743D6CD94D92451CE3589",
  "Serilog.Sinks.File.dll": "ECB21E5018E8C2C816D893DC04BCF0D3",
  "SharpDX.Direct3D11.dll": "DC2ACF70C8ACE2D421CAFCF4620EC91B",
  "SharpDX.dll": "7DDCD3F0919C73AF46D6FE4DCB71F365",
  "SharpDX.DXGI.dll": "D67CC391E38139E2B989F0D7EB759877",
  "SharpDX.Mathematics.dll": "BF359DE08BAD2099D26E870F465203F7",
  "Silk.NET.Core.dll": "4E37DCDB16BB8658135B5EFEBA67CCD8",
  "Silk.NET.GLFW.dll": "A119DBD02BC5873799D488BDAA8033A6",
  "Silk.NET.Maths.dll": "40C27348CF9B7ADAF6FD2CEA082EDCC9",
  "Silk.NET.OpenGL.dll": "4F573F5C76CEF062B37344BD8CD1842F",
  "Silk.NET.SDL.dll": "4E5700343C8328D11861B8ED39E12469",
  "Silk.NET.Windowing.Common.dll": "E99EB5AFDA8A42DB108D779644C7A70C",
  "Silk.NET.Windowing.Glfw.dll": "7DC6000E947195B15ECAE7283A2406D2",
  "Silk.NET.Windowing.Sdl.dll": "782456C8035009FA11DE6A4E482D8FB8",
  "SQLite-net.dll": "7E712E54C481F8078A2910AF46BEEFBF",
  "SQLitePCLRaw.batteries_v2.dll": "4FBBD2AC38A1C580655CA15D41B2A37A",
  "SQLitePCLRaw.core.dll": "D239283A933D54275460C7971805F115",
  "SQLitePCLRaw.nativelibrary.dll": "A6BE96F48882C457840120B4ECE70A0C",
  "SQLitePCLRaw.provider.dynamic_cdecl.dll": "8503224433C26ABB33EC29C25BA5631A",
  "StbiSharp.dll": "9D43308476965136053E05236617E51C",
  "System.Reactive.dll": "EF5A00287AD15393D41B12AA4B726FF7",
  "System.Reflection.MetadataLoadContext.dll": "7EC41D41F4E1246757BA3E2EC862D562",
  "System.Security.Cryptography.Pkcs.dll": "8950E01996A37E808BE3F39063C37BF9",
  "TEMP_gitver.txt": "FF41F5DB050A17D81F629113D9924BC1",
  "TerraFX.Interop.Windows.dll": "84F7EF6B0DE91F8CC23F773D3FD6DEC0",
  "Validation.dll": "54F77431E5D44027CF79C87B7F9B2DAF"
}
