{
  "runtimes\\alpine-x64\\native\\libe_sqlite3.so": "39C244FEDBCD3DFC37041D4FCE1AE21D",
  "runtimes\\linux-arm\\native\\libe_sqlite3.so": "96CF54BC0EFB83D6E3F5F3E04997A59D",
  "runtimes\\linux-arm64\\native\\libe_sqlite3.so": "F079E55E7F3F9966A4A2052A3234E068",
  "runtimes\\linux-armel\\native\\libe_sqlite3.so": "C5A67D49434FC65D64E9C15778078C76",
  "runtimes\\linux-mips64\\native\\libe_sqlite3.so": "5F8461214089CFC677D46C19B7162161",
  "runtimes\\linux-musl-x64\\native\\libe_sqlite3.so": "39C244FEDBCD3DFC37041D4FCE1AE21D",
  "runtimes\\linux-x64\\native\\libe_sqlite3.so": "6F49C540D3AB9964D67A4A704C3D262D",
  "runtimes\\linux-x64\\native\\libglfw.so.3": "9E3137144F68B9E9793F4C7AD5B1BEA7",
  "runtimes\\linux-x64\\native\\libSDL2-2.0.so": "99B95A708381FC66AB2370E45A260527",
  "runtimes\\linux-x64\\native\\libstbi.so": "0945355ED59677D06E3E88F48101BB26",
  "runtimes\\linux-x86\\native\\libe_sqlite3.so": "5E0659B414CBD6DDC38C65582485853E",
  "runtimes\\osx-x64\\native\\libe_sqlite3.dylib": "F82AE134FCD1C080A69D775591406673",
  "runtimes\\osx-x64\\native\\libglfw.3.dylib": "1E30FAB2F0C40E82290AD4B0BF14A880",
  "runtimes\\osx-x64\\native\\libSDL2-2.0.dylib": "AAC958490586C67395F0A90903AE3747",
  "runtimes\\osx-x64\\native\\libstbi.dylib": "0B84B0A6A80178266018081C3CAB68E6",
  "runtimes\\win-arm\\native\\e_sqlite3.dll": "AE7116FD4DDEB45BADB726272746F9A8",
  "runtimes\\win-arm64\\native\\e_sqlite3.dll": "0F4A1B39A192D4F9ADB2C9995813C916",
  "runtimes\\win-x64\\native\\e_sqlite3.dll": "3A54A27ED257564CA252431A50AB2B4B",
  "runtimes\\win-x64\\native\\glfw3.dll": "BD4AC5D2958FE8473CD0CE0F42085EFC",
  "runtimes\\win-x64\\native\\minhook.x64d.dll": "3DC1047AEF24425D24E46C520B0464BE",
  "runtimes\\win-x64\\native\\SDL2.dll": "A8E609EEEC17B019E4ECC28CCA116DF1",
  "runtimes\\win-x64\\native\\stbi.dll": "48601C2686F0DAE1DF2909927AE7359C",
  "runtimes\\win-x64\\native\\stbi.lib": "927C214DE576219E1F80DBE7798A0502",
  "runtimes\\win-x86\\native\\e_sqlite3.dll": "85EFA3140BAB416A150212E89521140C",
  "runtimes\\win-x86\\native\\glfw3.dll": "A89FE00A27B4399158589D4DC3614726",
  "runtimes\\win-x86\\native\\SDL2.dll": "84C7025BAEC9DDB319E27FC642DB386E",
  "targets\\Dalamud.Plugin.Bootstrap.targets": "C85635161398CD9852CF7212DB7EB904",
  "targets\\Dalamud.Plugin.targets": "69D15EDFB3D4F0BEE3A099216E4DE057",
  "BitFaster.Caching.dll": "ECE1CEA305FC93C249EBAEAC3B0B552F",
  "CheapLoc.dll": "913E61F089018F6510135BDB07F97EE9",
  "cimgui.dll": "918C1CE4A16E0F943DDB75D4B4611907",
  "cimguizmo.dll": "BAD87A60E42E55EF73BDCEF38C3651DE",
  "cimplot.dll": "E14030EAB12258B1DCFF0C111E5DAC5A",
  "commit_hash.txt": "DF2F368F7A52B7794C4D5EF4B92C4C30",
  "Dalamud.Boot.dll": "854C45AAE1023063F63D426DA92CCA0D",
  "Dalamud.Common.dll": "E4823AC7CA4412A8A017E91E8D1ADC2B",
  "Dalamud.deps.json": "4D9F6E5F4A8B6956E2C875CE84BA6B4B",
  "Dalamud.dll": "EF904AE8CD615DD38F7B95B45D862A16",
  "Dalamud.Injector.deps.json": "E30B9BD40106FFC14A5274A670979EDF",
  "Dalamud.Injector.dll": "40DB2ACD51C2EAE8C9F3189BF5805304",
  "Dalamud.Injector.exe": "14C4AE8D80CF715D956AC587B7955BA3",
  "Dalamud.Injector.runtimeconfig.json": "B9BB65FFE7924D4D8BABE9FA66303200",
  "Dalamud.Injector.xml": "D41E5DF541D19A015215E777D7395C9C",
  "Dalamud.runtimeconfig.json": "2A9CD915428BDD175E0889BD0C225F75",
  "Dalamud.xml": "27B6DF3559E4844DBC77C64603898B1B",
  "DalamudCrashHandler.exe": "EDE8087FF47E40363B6B127668B27668",
  "FASM-LICENSE.TXT": "ECEA1D10811221D5F0A3E96F9C38E2C7",
  "FASM.DLL": "47B426D4B1B77EF8560CC30014BD3DBA",
  "FASMX64.DLL": "9FE1981B498352B6452A5857F53CDBFE",
  "FFXIVClientStructs.dll": "3A246EEA53D97B2E5F1FF65EEFF61154",
  "FFXIVClientStructs.xml": "F66100F0F910D1903C85D8637203D90C",
  "goaaats.Reloaded.Assembler.targets": "CC22CB0A353E2136EE9E6E96DB9F7164",
  "Iced.dll": "DFA89B83B631EFCF315C9BC68A8A9DB1",
  "ImGui.NET.dll": "0284BB4A1BB847A370CEAFD4139AA20F",
  "ImGuiScene.dll": "60BDE71CAA0E0638D05C9847279C9A1A",
  "InteropGenerator.Runtime.dll": "5EC82902C112E8ED8F94D69C6CE1D96F",
  "JetBrains.Annotations.dll": "8D7737F950689960D2E8298B1B94C612",
  "licenses.txt": "A159BE62AA91178EFC3E3983AE874D1D",
  "Lumina.dll": "F9E1CCA5291A0D805F0C5EBDE3B866BE",
  "Lumina.Excel.dll": "3876350D44D4ED792F46FDE7017FEFBC",
  "Microsoft.Bcl.HashCode.dll": "613AB56061ADF2284E047025207467E0",
  "Microsoft.DotNet.PlatformAbstractions.dll": "00AB0F02B1114C57C758F5AD595224F1",
  "Microsoft.Extensions.DependencyModel.dll": "F39BC76C10CFEA478C936FC4521A9FC9",
  "Microsoft.Extensions.ObjectPool.dll": "FEE3CE8A84417360CC5ED787ED6F7DB1",
  "MinSharp.dll": "0D2FB6B7329EB52FA498037710B41515",
  "Mono.Cecil.dll": "3D4D25C831B00D6E81DE806435340AD5",
  "Mono.Cecil.Mdb.dll": "B43DFC5619248D9A3AA164133B246103",
  "Mono.Cecil.Pdb.dll": "17C63124218F7B0DE6BA7BCDD430F15B",
  "Mono.Cecil.Rocks.dll": "9BE7162F2B7646D925C3A665DFF773B5",
  "nethost.dll": "21F39F71E2F4B5BA9FB3F126872F2F9B",
  "Newtonsoft.Json.dll": "ADF3E3EECDE20B7C9661E9C47106A14A",
  "PeNet.Asn1.dll": "F03B245FEEE038FB8479391A5D3D2127",
  "PeNet.dll": "94335645F7A7ACB37DD1CCDC2F830665",
  "PInvoke.AdvApi32.dll": "34EE461D05B403C3A15D0DEC32A3788C",
  "PInvoke.BCrypt.dll": "FD07758EE1440491F22923084109FF26",
  "PInvoke.Cabinet.dll": "333D950E3804735DA60CC41D614C63E2",
  "PInvoke.CfgMgr32.dll": "768BE7CC18EDCF78B296A72ABE891691",
  "PInvoke.Crypt32.dll": "E7B00B0851738F4A7F2C6D37DAA973B4",
  "PInvoke.DbgHelp.dll": "E701136169620D20E3A70B560DE20E44",
  "PInvoke.DwmApi.dll": "ACF223CC8962404056648815B486F7D9",
  "PInvoke.Gdi32.dll": "69FF434826F98582CE44D3136ECFFACB",
  "PInvoke.Hid.dll": "2E7A41257F8AD9B26073181F450CD8E5",
  "PInvoke.ImageHlp.dll": "79BE816E8D86EA66489D7780DD675D49",
  "PInvoke.IPHlpApi.dll": "E949FA3326D1BA8872B179AB4EE49D38",
  "PInvoke.Kernel32.dll": "234E15B122ED430DE99490CA1A204958",
  "PInvoke.Magnification.dll": "C9EA3D34F506741ECC044DB19C151F09",
  "PInvoke.Msi.dll": "69EE50CE2DA6B55755E52589F49A7EBC",
  "PInvoke.NCrypt.dll": "DA1DE76C14D99370CA3BEF19DC299B15",
  "PInvoke.NetApi32.dll": "AE79F9FA2E3864A5E0642AE4622ECDC5",
  "PInvoke.NewDev.dll": "B3E1992105D986EF9C5C8E4B630FBB07",
  "PInvoke.NTDll.dll": "3F6BDF840EB27DD0FD9EB8071822183A",
  "PInvoke.Ole32.dll": "3C49FB100B60519FFE725BCD12A538F6",
  "PInvoke.Psapi.dll": "A7683EE4B880227F01C8AE632A892B9E",
  "PInvoke.SetupApi.dll": "1B7AE321185D0081D1759A9AD829F9BA",
  "PInvoke.SHCore.dll": "F27E7F063D51480F6D2294C903E4A606",
  "PInvoke.Shell32.dll": "F71A1BCAF6478190691170DAEA77722F",
  "PInvoke.User32.dll": "8BEDE38311ED4F27127290B81B8079FD",
  "PInvoke.Userenv.dll": "FEB7BCA90B8C905EC2F4BB0789847131",
  "PInvoke.UxTheme.dll": "8E683C016250CB719FDB9AAAFC22B3C5",
  "PInvoke.Windows.Core.dll": "90015440A44935208FFEA9BF61740651",
  "PInvoke.Windows.ShellScalingApi.dll": "F351B34B8C9183A51CADFDC279357C49",
  "PInvoke.WinUsb.dll": "9EB8A0280F2848D1A32B560A939F7336",
  "PInvoke.WtsApi32.dll": "341C94455D2E5893DBE4293D4D67AA4D",
  "Reloaded.Assembler.dll": "DAA73D7A25F02AAECE2CFAB1B077D2C9",
  "Reloaded.Hooks.Definitions.dll": "935CE922E6AD02B5D1891F7CB1622696",
  "Reloaded.Hooks.dll": "076087B0EE23EB94B6A7449D7D7EF4D1",
  "Reloaded.Memory.Buffers.dll": "96F5DB7CFA8EB3D84ECF58251314A8FF",
  "Reloaded.Memory.dll": "6D96EAB43238541AFA4B6E1ACC4B9EFF",
  "revision.txt": "B0C7AE2316C7E8214FD659E4BC8A0DEA",
  "SDL2-CS.config": "65557595FD5DF55D93B2BF881DE62C3A",
  "SDL2-CS.dll": "CD4F5549F1B2FAFBD84A44E5C2AE8DE5",
  "Serilog.dll": "69BAB588A3BDC2D725455BC25E7EAF3A",
  "Serilog.Sinks.Async.dll": "1920A4B416A6115AD6FA25A834453CC0",
  "Serilog.Sinks.Console.dll": "92DA56014DABEF309F06B79EA12B1259",
  "Serilog.Sinks.File.dll": "CC78BF0CD617C2325E1C93803C7FA118",
  "SharpDX.Direct3D11.dll": "80227493845DC8B0A9C99EA269B21AD0",
  "SharpDX.dll": "2E26F071A6234EF5105C28B11D38C5DB",
  "SharpDX.DXGI.dll": "F198444A5361DEAB8774DA4511AA80D4",
  "SharpDX.Mathematics.dll": "6FDBF26AA0F5CA24ADB63FF58520B0FB",
  "Silk.NET.Core.dll": "427397CB0BC80A98DF1E648213AAD9B6",
  "Silk.NET.GLFW.dll": "B349F014D8623C0DB7D25DC13C7E03DF",
  "Silk.NET.Maths.dll": "BA97AE7880FB9AB4AC92D562121A8442",
  "Silk.NET.OpenGL.dll": "687FC66C1A7BAD15A95C9DBC7E36F4E0",
  "Silk.NET.SDL.dll": "F45DC816715EF70B52215B059FE6CA01",
  "Silk.NET.Windowing.Common.dll": "82C7CFF4CE14F7003BB17CA83C4A5510",
  "Silk.NET.Windowing.Glfw.dll": "50412EB6349AEE4AD070057B229B4F9C",
  "Silk.NET.Windowing.Sdl.dll": "F0453CED159AED513F642B6EB25E27A2",
  "SQLite-net.dll": "87A460C75C5D8D5939BC6F6AE231A5C6",
  "SQLitePCLRaw.batteries_v2.dll": "69C24EEF4D96FF1FDD7EDFB2C3D453A3",
  "SQLitePCLRaw.core.dll": "F007D2FAEDF3982783B401A492934DC1",
  "SQLitePCLRaw.nativelibrary.dll": "AFCA31BAD151181178E5305944886B6B",
  "SQLitePCLRaw.provider.dynamic_cdecl.dll": "6071679AC37216D59EB7E0116A2C7CE8",
  "StbiSharp.dll": "B37F421C325669F646521245C5905390",
  "System.Reactive.dll": "EF5A00287AD15393D41B12AA4B726FF7",
  "System.Reflection.MetadataLoadContext.dll": "E88E3AF6D37736F339022C9ACC5F2F7B",
  "System.Security.Cryptography.Pkcs.dll": "8950E01996A37E808BE3F39063C37BF9",
  "TEMP_gitver.txt": "6DAFD948D07D597850D5FEA4E79E8E02",
  "TerraFX.Interop.Windows.dll": "84F7EF6B0DE91F8CC23F773D3FD6DEC0",
  "Validation.dll": "11C0ED9D216E0776B209551F592C5A51"
}
