{
  "runtimes\\alpine-x64\\native\\libe_sqlite3.so": "39C244FEDBCD3DFC37041D4FCE1AE21D",
  "runtimes\\linux-arm\\native\\libe_sqlite3.so": "96CF54BC0EFB83D6E3F5F3E04997A59D",
  "runtimes\\linux-arm64\\native\\libe_sqlite3.so": "F079E55E7F3F9966A4A2052A3234E068",
  "runtimes\\linux-armel\\native\\libe_sqlite3.so": "C5A67D49434FC65D64E9C15778078C76",
  "runtimes\\linux-mips64\\native\\libe_sqlite3.so": "5F8461214089CFC677D46C19B7162161",
  "runtimes\\linux-musl-x64\\native\\libe_sqlite3.so": "39C244FEDBCD3DFC37041D4FCE1AE21D",
  "runtimes\\linux-x64\\native\\libe_sqlite3.so": "6F49C540D3AB9964D67A4A704C3D262D",
  "runtimes\\linux-x64\\native\\libglfw.so.3": "9E3137144F68B9E9793F4C7AD5B1BEA7",
  "runtimes\\linux-x64\\native\\libSDL2-2.0.so": "99B95A708381FC66AB2370E45A260527",
  "runtimes\\linux-x64\\native\\libstbi.so": "0945355ED59677D06E3E88F48101BB26",
  "runtimes\\linux-x86\\native\\libe_sqlite3.so": "5E0659B414CBD6DDC38C65582485853E",
  "runtimes\\osx-x64\\native\\libe_sqlite3.dylib": "F82AE134FCD1C080A69D775591406673",
  "runtimes\\osx-x64\\native\\libglfw.3.dylib": "1E30FAB2F0C40E82290AD4B0BF14A880",
  "runtimes\\osx-x64\\native\\libSDL2-2.0.dylib": "AAC958490586C67395F0A90903AE3747",
  "runtimes\\osx-x64\\native\\libstbi.dylib": "0B84B0A6A80178266018081C3CAB68E6",
  "runtimes\\win-arm\\native\\e_sqlite3.dll": "6E10F05F74B185F081BF9AB7666C93AA",
  "runtimes\\win-arm64\\native\\e_sqlite3.dll": "BAB5DA0A8095C9C14E8B1DA6966A2E78",
  "runtimes\\win-x64\\native\\cimgui.dll": "E8DD009A21C4FDD263827358182F0BA9",
  "runtimes\\win-x64\\native\\cimguizmo.dll": "8F2F8E45045B052198A78633956DB90D",
  "runtimes\\win-x64\\native\\cimplot.dll": "0761C41199266043E1D0CA91D38DAD90",
  "runtimes\\win-x64\\native\\e_sqlite3.dll": "02037DA8586B6315A6C3E800F0C2558C",
  "runtimes\\win-x64\\native\\glfw3.dll": "647E0EDBF9253C9C2F0FFBF27178B0C0",
  "runtimes\\win-x64\\native\\minhook.x64d.dll": "B14D383B9B566D1697E5AE46A56D03B4",
  "runtimes\\win-x64\\native\\SDL2.dll": "1F42DA1C2E3711C3367E28B90768E16F",
  "runtimes\\win-x64\\native\\stbi.dll": "F0FAAB7F7C047340FADD798E2CED2D07",
  "runtimes\\win-x64\\native\\stbi.lib": "927C214DE576219E1F80DBE7798A0502",
  "runtimes\\win-x86\\native\\e_sqlite3.dll": "CA8268D40F0F1EFE4AF10E7E52180199",
  "runtimes\\win-x86\\native\\glfw3.dll": "B0573DC612E4FF3A8F097C752D13EA09",
  "runtimes\\win-x86\\native\\SDL2.dll": "2569BB6C5525D781E13DC7E81E952F19",
  "targets\\Dalamud.Plugin.Bootstrap.targets": "C85635161398CD9852CF7212DB7EB904",
  "targets\\Dalamud.Plugin.targets": "DDD731601C06B16E10CF2F8990452A27",
  "BitFaster.Caching.dll": "ED1DBCECC3AB005AF0D9F9760B255428",
  "CheapLoc.dll": "561C358D912C84CE5FE0718122BE7A60",
  "commit_hash.txt": "B302111CEA78C363BF2783E6EF30A88F",
  "Costura.dll": "228F8994C36B6B5CFE211977D8959CBD",
  "Dalamud.Boot.dll": "4FA7450CA6D7C8CF6DC7D96CFFD9042C",
  "Dalamud.Common.dll": "6A67BDE9A8BA91237894B47062645186",
  "Dalamud.deps.json": "92BE2102B28ABC341AEE3C52D7ABE0ED",
  "Dalamud.dll": "05B2DDDF4F82CF748A7BCAA462EB75CB",
  "Dalamud.Injector.deps.json": "E30B9BD40106FFC14A5274A670979EDF",
  "Dalamud.Injector.dll": "A6491524971107EA4C90EC543B374255",
  "Dalamud.Injector.exe": "239E53DF7F545ACB99B21AC2E892C81C",
  "Dalamud.Injector.runtimeconfig.json": "B9BB65FFE7924D4D8BABE9FA66303200",
  "Dalamud.Injector.xml": "D41E5DF541D19A015215E777D7395C9C",
  "Dalamud.runtimeconfig.json": "2A9CD915428BDD175E0889BD0C225F75",
  "Dalamud.xml": "EC29735A01BCB296CEA76ED8688C0AD7",
  "DalamudCrashHandler.exe": "469E3C1812165778574C0E57875AB083",
  "FASM-LICENSE.TXT": "ECEA1D10811221D5F0A3E96F9C38E2C7",
  "FASM.DLL": "402E65C89CE37E16F0F89416CFD31009",
  "FASMX64.DLL": "E377B162B0C2F50C27523A804C15FA89",
  "FFXIVClientStructs.dll": "283C4AB1ED9B7724F2E34BFFEE5C5849",
  "FFXIVClientStructs.xml": "BE0ECAB2862351FFBE1429DFDE25CD99",
  "goaaats.Reloaded.Assembler.targets": "CC22CB0A353E2136EE9E6E96DB9F7164",
  "Iced.dll": "EC0A98F06A561BE1E1E00F13880A7BB7",
  "ImGui.NET.dll": "CB43403C251B11F43273AD1D25A3C21D",
  "ImGuiScene.dll": "8771BF6DF8C692D315F6568FF6A733CF",
  "InteropGenerator.Runtime.dll": "CA3E4BDB5ADA68A7A219C98754C4EAD4",
  "JetBrains.Annotations.dll": "C3221B5B8555FF7DA5C96F053DB06991",
  "licenses.txt": "A159BE62AA91178EFC3E3983AE874D1D",
  "Lumina.dll": "1C16DCAF37569544D0D74C2FDCD926B3",
  "Lumina.Excel.dll": "6461AE8D52FA245D0F14BE8F1D20C2C6",
  "Microsoft.Bcl.HashCode.dll": "613AB56061ADF2284E047025207467E0",
  "Microsoft.DotNet.PlatformAbstractions.dll": "00AB0F02B1114C57C758F5AD595224F1",
  "Microsoft.Extensions.DependencyModel.dll": "F39BC76C10CFEA478C936FC4521A9FC9",
  "Microsoft.Extensions.ObjectPool.dll": "FEE3CE8A84417360CC5ED787ED6F7DB1",
  "MinSharp.dll": "C3E1CB03D5C9C638D24EA9BDD7A243D3",
  "Mono.Cecil.dll": "DE8D211E41C47F289384F3CEE0F239D7",
  "Mono.Cecil.Mdb.dll": "BAFF611B57571AE94E647B90E2997681",
  "Mono.Cecil.Pdb.dll": "FF03B9145B9905DD430F2B4F897A9E12",
  "Mono.Cecil.Rocks.dll": "D33CA2CC0C1206359A6E108F31556DF2",
  "nethost.dll": "21F39F71E2F4B5BA9FB3F126872F2F9B",
  "Newtonsoft.Json.dll": "ADF3E3EECDE20B7C9661E9C47106A14A",
  "PeNet.Asn1.dll": "FCA573FE0BA63D4512D58651B785F92D",
  "PeNet.dll": "1988DA7A5DFCA015CCA6C79FB32F37EB",
  "PInvoke.AdvApi32.dll": "34EE461D05B403C3A15D0DEC32A3788C",
  "PInvoke.BCrypt.dll": "FD07758EE1440491F22923084109FF26",
  "PInvoke.Cabinet.dll": "333D950E3804735DA60CC41D614C63E2",
  "PInvoke.CfgMgr32.dll": "768BE7CC18EDCF78B296A72ABE891691",
  "PInvoke.Crypt32.dll": "E7B00B0851738F4A7F2C6D37DAA973B4",
  "PInvoke.DbgHelp.dll": "E701136169620D20E3A70B560DE20E44",
  "PInvoke.DwmApi.dll": "ACF223CC8962404056648815B486F7D9",
  "PInvoke.Gdi32.dll": "69FF434826F98582CE44D3136ECFFACB",
  "PInvoke.Hid.dll": "2E7A41257F8AD9B26073181F450CD8E5",
  "PInvoke.ImageHlp.dll": "79BE816E8D86EA66489D7780DD675D49",
  "PInvoke.IPHlpApi.dll": "E949FA3326D1BA8872B179AB4EE49D38",
  "PInvoke.Kernel32.dll": "234E15B122ED430DE99490CA1A204958",
  "PInvoke.Magnification.dll": "C9EA3D34F506741ECC044DB19C151F09",
  "PInvoke.Msi.dll": "69EE50CE2DA6B55755E52589F49A7EBC",
  "PInvoke.NCrypt.dll": "DA1DE76C14D99370CA3BEF19DC299B15",
  "PInvoke.NetApi32.dll": "AE79F9FA2E3864A5E0642AE4622ECDC5",
  "PInvoke.NewDev.dll": "B3E1992105D986EF9C5C8E4B630FBB07",
  "PInvoke.NTDll.dll": "3F6BDF840EB27DD0FD9EB8071822183A",
  "PInvoke.Ole32.dll": "3C49FB100B60519FFE725BCD12A538F6",
  "PInvoke.Psapi.dll": "A7683EE4B880227F01C8AE632A892B9E",
  "PInvoke.SetupApi.dll": "1B7AE321185D0081D1759A9AD829F9BA",
  "PInvoke.SHCore.dll": "F27E7F063D51480F6D2294C903E4A606",
  "PInvoke.Shell32.dll": "F71A1BCAF6478190691170DAEA77722F",
  "PInvoke.User32.dll": "8BEDE38311ED4F27127290B81B8079FD",
  "PInvoke.Userenv.dll": "FEB7BCA90B8C905EC2F4BB0789847131",
  "PInvoke.UxTheme.dll": "8E683C016250CB719FDB9AAAFC22B3C5",
  "PInvoke.Windows.Core.dll": "90015440A44935208FFEA9BF61740651",
  "PInvoke.Windows.ShellScalingApi.dll": "F351B34B8C9183A51CADFDC279357C49",
  "PInvoke.WinUsb.dll": "9EB8A0280F2848D1A32B560A939F7336",
  "PInvoke.WtsApi32.dll": "341C94455D2E5893DBE4293D4D67AA4D",
  "Reloaded.Assembler.dll": "6C849EA0B9298A9FEB2722A9483CACFB",
  "Reloaded.Hooks.Definitions.dll": "1001462F8E061CF747F5D90BEE4897E0",
  "Reloaded.Hooks.dll": "348FAEEB3FFBF12B4CF7AD1C281A5E23",
  "Reloaded.Memory.Buffers.dll": "A210C90E9368BF708FE3AF8C4EE4E8F8",
  "Reloaded.Memory.dll": "A8E02C590A478FDF65066C3444FF03A2",
  "revision.txt": "CF5530D9E441E0D78574353214373569",
  "SDL2-CS.config": "65557595FD5DF55D93B2BF881DE62C3A",
  "SDL2-CS.dll": "56AF51323738BA0EDD2C81961276F209",
  "Serilog.dll": "1DC9431356954A6860396031F493551E",
  "Serilog.Sinks.Async.dll": "ED906ACA5D103BDCCACE48C40F5C6B74",
  "Serilog.Sinks.Console.dll": "AD7F0274AC6BB8CCEC6341B778025B1E",
  "Serilog.Sinks.File.dll": "4A4A966A29242AEC24254FE6ED2D217C",
  "SharpDX.Direct3D11.dll": "C7A7638EB0CF98F2B448AB8E1D1C039F",
  "SharpDX.dll": "5DD8F297A1E9A746CC1755331689F962",
  "SharpDX.DXGI.dll": "8258FC63F310F0A635868B155FDFD07A",
  "SharpDX.Mathematics.dll": "490D581E21799B5E8B9371D30EAB4B8D",
  "Silk.NET.Core.dll": "71BC84F7BA53AE02C2FCECF2444DDDB4",
  "Silk.NET.GLFW.dll": "E58A9589BAA135A25B1923901EA41A72",
  "Silk.NET.Maths.dll": "AF7B46C5C0266C180079172C3FC280A3",
  "Silk.NET.OpenGL.dll": "2B6C4A5912BFC8DB8B4AF83F5DB21780",
  "Silk.NET.SDL.dll": "F13A9C9E13BFEDF4A053ABC63DC61758",
  "Silk.NET.Windowing.Common.dll": "A2ADCAFB3A1D85B78CBFFC09B7E22E5B",
  "Silk.NET.Windowing.Glfw.dll": "630A889B3F4FE1810A7483FF6F2A528C",
  "Silk.NET.Windowing.Sdl.dll": "A3FAD20B249576C92162B6808161750E",
  "SQLite-net.dll": "952F9DA6D246183CC4EAFEF06C167145",
  "SQLitePCLRaw.batteries_v2.dll": "5626236D386CEFBF6415F30EC95316BB",
  "SQLitePCLRaw.core.dll": "E01BE1ECA6A67824908E2A759B93BE3C",
  "SQLitePCLRaw.nativelibrary.dll": "39795A23A8B7D09FC3570A03885E684B",
  "SQLitePCLRaw.provider.dynamic_cdecl.dll": "1FF4D075A9E9D336D368CC7F3624A84B",
  "StbiSharp.dll": "A70E8C649AA9F9079CB136AC4FEA9968",
  "System.Reactive.dll": "EF5A00287AD15393D41B12AA4B726FF7",
  "System.Reflection.MetadataLoadContext.dll": "E88E3AF6D37736F339022C9ACC5F2F7B",
  "System.Security.Cryptography.Pkcs.dll": "8950E01996A37E808BE3F39063C37BF9",
  "TEMP_gitver.txt": "7878728E818ED13C30E7D04FACD13CEF",
  "TerraFX.Interop.Windows.dll": "84F7EF6B0DE91F8CC23F773D3FD6DEC0",
  "Validation.dll": "FF5EA2702E9ADA8C5B75678A50B608D0"
}
