{
  "runtimes\\linux-x64\\native\\libglfw.so.3": "9E3137144F68B9E9793F4C7AD5B1BEA7",
  "runtimes\\linux-x64\\native\\libSDL2-2.0.so": "99B95A708381FC66AB2370E45A260527",
  "runtimes\\linux-x64\\native\\libstbi.so": "0945355ED59677D06E3E88F48101BB26",
  "runtimes\\osx-x64\\native\\libglfw.3.dylib": "1E30FAB2F0C40E82290AD4B0BF14A880",
  "runtimes\\osx-x64\\native\\libSDL2-2.0.dylib": "AAC958490586C67395F0A90903AE3747",
  "runtimes\\osx-x64\\native\\libstbi.dylib": "0B84B0A6A80178266018081C3CAB68E6",
  "runtimes\\win-x64\\native\\cimgui.dll": "F6241B965A0D5529AAF159D4AEACFED5",
  "runtimes\\win-x64\\native\\cimguizmo.dll": "A0AB504ACD30878B2E1574415314EE73",
  "runtimes\\win-x64\\native\\cimplot.dll": "84B4E33B9C83B895E374B2F7618AB647",
  "runtimes\\win-x64\\native\\glfw3.dll": "2A260B387D8A7C92A764A7B96E593949",
  "runtimes\\win-x64\\native\\minhook.x64d.dll": "68CD7FD3CB0CE095FC5CC94D3E5D6BB2",
  "runtimes\\win-x64\\native\\SDL2.dll": "1C6ACD2E619E7A2590CFDBD941B61CDC",
  "runtimes\\win-x64\\native\\stbi.dll": "723B1D31B372E0063109AF812A3340AB",
  "runtimes\\win-x64\\native\\stbi.lib": "927C214DE576219E1F80DBE7798A0502",
  "runtimes\\win-x86\\native\\glfw3.dll": "C5130BB88E56F4DB01FD62979CBCC68E",
  "runtimes\\win-x86\\native\\SDL2.dll": "090972A3DCB4307DF65528ACEC16D0B6",
  "targets\\Dalamud.Plugin.Bootstrap.targets": "72C91AC1B4F7C83711BB4C5834FE49A8",
  "targets\\Dalamud.Plugin.targets": "CE55DF182FBC948D33DB41454A31EEF9",
  "CheapLoc.dll": "4E7683467E0BA1BCE9496D478C0E2533",
  "Costura.dll": "6A81953B98270FD861C5017B0AE3B38D",
  "Dalamud.Boot.dll": "6FFECB4377F65A6A4947590EEE343EDF",
  "Dalamud.deps.json": "051357BD08583BEAB8CB20902199B7AC",
  "Dalamud.dll": "B5479AB86600713DF7F91C55E547EB00",
  "Dalamud.Injector.deps.json": "D10EED2039C0151239F5EA4FE3A65A7B",
  "Dalamud.Injector.dll": "B9C0E3B6861685FEE1C49CE1726690C8",
  "Dalamud.Injector.exe": "44157FADB64EE2BF5C8E17245DC8C602",
  "Dalamud.Injector.runtimeconfig.json": "AAAFA957BB3B382321D67ACC2D792553",
  "Dalamud.Injector.xml": "CC06A545B271F56E0781ECC82BDEF67F",
  "Dalamud.Interface.dll": "626D2A8867C95A96EF039AD8C6577038",
  "Dalamud.runtimeconfig.json": "454E2BA21742B08CF0A9827950A92B0F",
  "Dalamud.xml": "666B3B628008E80C19DFAAE2A03025F6",
  "DalamudCrashHandler.exe": "2FE7743DE4B32C12F45ED1463C5230E6",
  "FASM-LICENSE.TXT": "ECEA1D10811221D5F0A3E96F9C38E2C7",
  "FASM.DLL": "0C90F1C2D895F67D37BB366AE3DD5C0C",
  "FASMX64.DLL": "3A4AE44B69B977EB355FB7965625F6B8",
  "FFXIVClientStructs.dll": "AC108E12CFE4B817A355BFD1A55273E1",
  "FFXIVClientStructs.xml": "99D52300842511BA998676842AD0B2D7",
  "goaaats.Reloaded.Assembler.targets": "CC22CB0A353E2136EE9E6E96DB9F7164",
  "Iced.dll": "DBE97399CC308123FE24EB6749B92E05",
  "ImGui.NET.dll": "6C0E9CB31CD11E18BC994368580D7A2F",
  "ImGuiScene.dll": "ED9F8CA7B61D1BADDCEDE79E1B45C095",
  "JetBrains.Annotations.dll": "D9B939D59D9EE6E75358838B6480FADA",
  "licenses.txt": "A159BE62AA91178EFC3E3983AE874D1D",
  "Lumina.dll": "31E6983DCF675AB5BAE2DAC8490267CD",
  "Lumina.Excel.dll": "D8B402A40373C6C788800CD1037B30B4",
  "Microsoft.Bcl.HashCode.dll": "613AB56061ADF2284E047025207467E0",
  "Microsoft.DotNet.PlatformAbstractions.dll": "00AB0F02B1114C57C758F5AD595224F1",
  "Microsoft.Extensions.DependencyModel.dll": "F39BC76C10CFEA478C936FC4521A9FC9",
  "MinSharp.dll": "7F00A99DE78BB464DCDAA3C6A5B3B301",
  "Mono.Cecil.dll": "E8419937676372CC7A7ACE5498CC7223",
  "Mono.Cecil.Mdb.dll": "E6E6C636CC856725A98F43FE3F746796",
  "Mono.Cecil.Pdb.dll": "A9C2C10C4B8009C8E074707BE8AB8C0C",
  "Mono.Cecil.Rocks.dll": "614616F61AF0B3BEB77DDEC5EEBE30F4",
  "MonoMod.Backports.dll": "1207B43877BF39557D515895D96F637E",
  "MonoMod.Core.dll": "DB44763B355E6B4FD2EA6554E3429B96",
  "MonoMod.Iced.dll": "13CB5056D88DAA6933631077262DD25D",
  "MonoMod.ILHelpers.dll": "2C0E43ABA6CAEA0BBF48DB0196518345",
  "MonoMod.RuntimeDetour.dll": "06539FF749DD18859223A100ACE34F7E",
  "MonoMod.Utils.dll": "B5D8F525BD520F093EBCB85B06E1D9EC",
  "nethost.dll": "012081214FE71F0F6ADCD9F4A71B2B00",
  "Newtonsoft.Json.dll": "86A83A63F12B55FD3718CFBFB577D7DC",
  "PeNet.Asn1.dll": "323DC85EEE4909E6F0884CE927791EBE",
  "PeNet.dll": "C2F56E4DD9D85013652963121D5E21C3",
  "PInvoke.AdvApi32.dll": "34EE461D05B403C3A15D0DEC32A3788C",
  "PInvoke.BCrypt.dll": "FD07758EE1440491F22923084109FF26",
  "PInvoke.Cabinet.dll": "333D950E3804735DA60CC41D614C63E2",
  "PInvoke.CfgMgr32.dll": "768BE7CC18EDCF78B296A72ABE891691",
  "PInvoke.Crypt32.dll": "E7B00B0851738F4A7F2C6D37DAA973B4",
  "PInvoke.DbgHelp.dll": "E701136169620D20E3A70B560DE20E44",
  "PInvoke.DwmApi.dll": "ACF223CC8962404056648815B486F7D9",
  "PInvoke.Gdi32.dll": "69FF434826F98582CE44D3136ECFFACB",
  "PInvoke.Hid.dll": "2E7A41257F8AD9B26073181F450CD8E5",
  "PInvoke.ImageHlp.dll": "79BE816E8D86EA66489D7780DD675D49",
  "PInvoke.IPHlpApi.dll": "E949FA3326D1BA8872B179AB4EE49D38",
  "PInvoke.Kernel32.dll": "234E15B122ED430DE99490CA1A204958",
  "PInvoke.Magnification.dll": "C9EA3D34F506741ECC044DB19C151F09",
  "PInvoke.Msi.dll": "69EE50CE2DA6B55755E52589F49A7EBC",
  "PInvoke.NCrypt.dll": "DA1DE76C14D99370CA3BEF19DC299B15",
  "PInvoke.NetApi32.dll": "AE79F9FA2E3864A5E0642AE4622ECDC5",
  "PInvoke.NewDev.dll": "B3E1992105D986EF9C5C8E4B630FBB07",
  "PInvoke.NTDll.dll": "3F6BDF840EB27DD0FD9EB8071822183A",
  "PInvoke.Ole32.dll": "3C49FB100B60519FFE725BCD12A538F6",
  "PInvoke.Psapi.dll": "A7683EE4B880227F01C8AE632A892B9E",
  "PInvoke.SetupApi.dll": "1B7AE321185D0081D1759A9AD829F9BA",
  "PInvoke.SHCore.dll": "F27E7F063D51480F6D2294C903E4A606",
  "PInvoke.Shell32.dll": "F71A1BCAF6478190691170DAEA77722F",
  "PInvoke.User32.dll": "8BEDE38311ED4F27127290B81B8079FD",
  "PInvoke.Userenv.dll": "FEB7BCA90B8C905EC2F4BB0789847131",
  "PInvoke.UxTheme.dll": "8E683C016250CB719FDB9AAAFC22B3C5",
  "PInvoke.Windows.Core.dll": "90015440A44935208FFEA9BF61740651",
  "PInvoke.Windows.ShellScalingApi.dll": "F351B34B8C9183A51CADFDC279357C49",
  "PInvoke.WinUsb.dll": "9EB8A0280F2848D1A32B560A939F7336",
  "PInvoke.WtsApi32.dll": "341C94455D2E5893DBE4293D4D67AA4D",
  "Reloaded.Assembler.dll": "358520C05969AE1A5D3EE85024EE062D",
  "Reloaded.Hooks.Definitions.dll": "4A2AA51848D2C677572170AA6B005A05",
  "Reloaded.Hooks.dll": "F1C974B6C0BC49155978F8A151AD221E",
  "Reloaded.Memory.Buffers.dll": "60E5294BAE16575C2D369B7B2BD35392",
  "Reloaded.Memory.dll": "F15DD97A96895F601D23F4542F359E59",
  "revision.txt": "B2B7C555125ECACF4BB7678D9DC39A21",
  "SDL2-CS.config": "65557595FD5DF55D93B2BF881DE62C3A",
  "SDL2-CS.dll": "7EEB92609343F0CB715B0267A300BC6E",
  "Serilog.dll": "F1CB4099B6E1DE5B0A32C3F9A2299C7E",
  "Serilog.Sinks.Async.dll": "2161E2D7D84F8CF0D133F3D159CE9694",
  "Serilog.Sinks.Console.dll": "24D272EC868BF8D2D439B71EB9DA2027",
  "Serilog.Sinks.File.dll": "421ED68CF9BA185AB02FA40D73E193EB",
  "SharpDX.Direct3D11.dll": "F2C8D1DA561F4D6EC8392AB7E244809D",
  "SharpDX.dll": "50F4E82BCD8B2D5656398798522415A2",
  "SharpDX.DXGI.dll": "646937B588ED75AC59BA0C4D4A0C76F0",
  "SharpDX.Mathematics.dll": "22352B0A5E982E1674C9EEE9D9E80AB1",
  "Silk.NET.Core.dll": "3F4DA71378DEA50FDF383E0E884A1967",
  "Silk.NET.GLFW.dll": "4685245A2BEEB9D8E0C6E83E0B73D9BE",
  "Silk.NET.Maths.dll": "A5965BA90CA002BADB4351DFA23013DF",
  "Silk.NET.OpenGL.dll": "EFD7229E78F56ED4D7167AC29BA49097",
  "Silk.NET.SDL.dll": "7A0F545949C1BBA9BB7888A75FF466F8",
  "Silk.NET.Windowing.Common.dll": "9A45EF2CD7CF414E5C26707773556989",
  "Silk.NET.Windowing.Glfw.dll": "9717607CCDE20103ED3D39F3B3B75D36",
  "Silk.NET.Windowing.Sdl.dll": "D4768BBEABE0AA09D7DF590DB9927F93",
  "StbiSharp.dll": "DC4C3EE285F12FFE826C5C5B87DF244F",
  "System.Reactive.dll": "EF5A00287AD15393D41B12AA4B726FF7",
  "System.Reflection.MetadataLoadContext.dll": "7EC41D41F4E1246757BA3E2EC862D562",
  "System.Security.Cryptography.Pkcs.dll": "8950E01996A37E808BE3F39063C37BF9",
  "TEMP_gitver.txt": "D2895E8C60F611323F18C01DA42EDCF4",
  "Validation.dll": "EA25EB286BF6FF3358B4E4393E60D0F8"
}
