{
  "runtimes\\alpine-x64\\native\\libe_sqlite3.so": "39C244FEDBCD3DFC37041D4FCE1AE21D",
  "runtimes\\linux-arm\\native\\libe_sqlite3.so": "96CF54BC0EFB83D6E3F5F3E04997A59D",
  "runtimes\\linux-arm64\\native\\libe_sqlite3.so": "F079E55E7F3F9966A4A2052A3234E068",
  "runtimes\\linux-armel\\native\\libe_sqlite3.so": "C5A67D49434FC65D64E9C15778078C76",
  "runtimes\\linux-mips64\\native\\libe_sqlite3.so": "5F8461214089CFC677D46C19B7162161",
  "runtimes\\linux-musl-x64\\native\\libe_sqlite3.so": "39C244FEDBCD3DFC37041D4FCE1AE21D",
  "runtimes\\linux-x64\\native\\libe_sqlite3.so": "6F49C540D3AB9964D67A4A704C3D262D",
  "runtimes\\linux-x64\\native\\libglfw.so.3": "9E3137144F68B9E9793F4C7AD5B1BEA7",
  "runtimes\\linux-x64\\native\\libSDL2-2.0.so": "99B95A708381FC66AB2370E45A260527",
  "runtimes\\linux-x64\\native\\libstbi.so": "0945355ED59677D06E3E88F48101BB26",
  "runtimes\\linux-x86\\native\\libe_sqlite3.so": "5E0659B414CBD6DDC38C65582485853E",
  "runtimes\\osx-x64\\native\\libe_sqlite3.dylib": "F82AE134FCD1C080A69D775591406673",
  "runtimes\\osx-x64\\native\\libglfw.3.dylib": "1E30FAB2F0C40E82290AD4B0BF14A880",
  "runtimes\\osx-x64\\native\\libSDL2-2.0.dylib": "AAC958490586C67395F0A90903AE3747",
  "runtimes\\osx-x64\\native\\libstbi.dylib": "0B84B0A6A80178266018081C3CAB68E6",
  "runtimes\\win-arm\\native\\e_sqlite3.dll": "2583D3BFC6F2D6707A0635D439819239",
  "runtimes\\win-arm64\\native\\e_sqlite3.dll": "679E79FE9D13A6E4849CEA89B921903E",
  "runtimes\\win-x64\\native\\cimgui.dll": "2D32C40F02FFACDBD710FCB57630789B",
  "runtimes\\win-x64\\native\\cimguizmo.dll": "96B284DE562EE3003CD7E846EC141C67",
  "runtimes\\win-x64\\native\\cimplot.dll": "172C91D5F5921EAA5C6501337AF4EA62",
  "runtimes\\win-x64\\native\\e_sqlite3.dll": "CAF6F5FEE59C3006D72CC9665A318999",
  "runtimes\\win-x64\\native\\glfw3.dll": "07040D4FE154AB3CB726484C56E67C7D",
  "runtimes\\win-x64\\native\\minhook.x64d.dll": "933C119E47EDE022D9D3BB82A63EBE3F",
  "runtimes\\win-x64\\native\\SDL2.dll": "1CD3083D4C4817ECE87F6193FF77EADD",
  "runtimes\\win-x64\\native\\stbi.dll": "548449106A2D766EA657C65DACDD5A06",
  "runtimes\\win-x64\\native\\stbi.lib": "927C214DE576219E1F80DBE7798A0502",
  "runtimes\\win-x86\\native\\e_sqlite3.dll": "BA944BE8E1339370E05C053E3E8E202F",
  "runtimes\\win-x86\\native\\glfw3.dll": "0B688EEDBFFE9DB1618A047DD552A518",
  "runtimes\\win-x86\\native\\SDL2.dll": "7072AFEF5C06D6C86BD97660E955E986",
  "targets\\Dalamud.Plugin.Bootstrap.targets": "C85635161398CD9852CF7212DB7EB904",
  "targets\\Dalamud.Plugin.targets": "DDD731601C06B16E10CF2F8990452A27",
  "BitFaster.Caching.dll": "3F7DE911091F2AD7135ADB0B73C6E597",
  "CheapLoc.dll": "B16955A6F6ADF5BFA9EF139071220E76",
  "Costura.dll": "C1B80B4B7C3893890A2D902FC9CFFF91",
  "Dalamud.Boot.dll": "EB9D5D7FB2B5CE67A6F194F29869B901",
  "Dalamud.Common.dll": "14C0DF7610F599A8F352A2DD86991776",
  "Dalamud.deps.json": "18FC34CCFEF7A491DF3429A7BA56AF97",
  "Dalamud.dll": "011E82E188A1BE4285A9593D510BA650",
  "Dalamud.Injector.deps.json": "973E5D437761614CB8BADBA9E2C0F6EA",
  "Dalamud.Injector.dll": "43D50BE513DB19E4353A024FF387BB88",
  "Dalamud.Injector.exe": "897538C68E22E22868319861F115585E",
  "Dalamud.Injector.runtimeconfig.json": "B9BB65FFE7924D4D8BABE9FA66303200",
  "Dalamud.Injector.xml": "D41E5DF541D19A015215E777D7395C9C",
  "Dalamud.runtimeconfig.json": "2A9CD915428BDD175E0889BD0C225F75",
  "Dalamud.xml": "CB79E2C3EDECD9ED97A463CDE90577ED",
  "DalamudCrashHandler.exe": "72090DDCE7F8E8D83189DA083CCC8308",
  "FASM-LICENSE.TXT": "ECEA1D10811221D5F0A3E96F9C38E2C7",
  "FASM.DLL": "EAD9987157327B29D58A8AD32CFEB68F",
  "FASMX64.DLL": "BBC9AF1D20D4D7561CDA083C86854773",
  "FFXIVClientStructs.dll": "E77FFAF5A18CB21F6339FD0FA4D71D8C",
  "FFXIVClientStructs.xml": "1EDB46820ECD0566342DC8DD24B85DDA",
  "goaaats.Reloaded.Assembler.targets": "CC22CB0A353E2136EE9E6E96DB9F7164",
  "Iced.dll": "DAC93FF577C8F4383929E097D17D2F65",
  "ImGui.NET.dll": "7D1B77B3D3E4198C8D8968450774DCEF",
  "ImGuiScene.dll": "4710B5BC7B3E128F5B61B65B43648A09",
  "InteropGenerator.Runtime.dll": "FC993EAAE006E9B173BCAE89BB8FE9F3",
  "JetBrains.Annotations.dll": "856A0463605591C855287F91DB792AC1",
  "licenses.txt": "A159BE62AA91178EFC3E3983AE874D1D",
  "Lumina.dll": "2E6C202571F56445177D5FFF62A3A2EB",
  "Lumina.Excel.dll": "C025935C820D0E85F15452936837E0CE",
  "Microsoft.Bcl.HashCode.dll": "613AB56061ADF2284E047025207467E0",
  "Microsoft.DotNet.PlatformAbstractions.dll": "00AB0F02B1114C57C758F5AD595224F1",
  "Microsoft.Extensions.DependencyModel.dll": "F39BC76C10CFEA478C936FC4521A9FC9",
  "Microsoft.Extensions.ObjectPool.dll": "FEE3CE8A84417360CC5ED787ED6F7DB1",
  "MinSharp.dll": "240EF5A4191FA1E21832DDF921F3DEEC",
  "Mono.Cecil.dll": "A6480248D258AF31388FB37D8CD89010",
  "Mono.Cecil.Mdb.dll": "AF03068397C77833F352ECD5D95367EC",
  "Mono.Cecil.Pdb.dll": "2D962E8FA92A70A8D390CD36D07CC0E6",
  "Mono.Cecil.Rocks.dll": "9B3CA2015819ADAA1D4F44FFE13D83F7",
  "nethost.dll": "21F39F71E2F4B5BA9FB3F126872F2F9B",
  "Newtonsoft.Json.dll": "ADF3E3EECDE20B7C9661E9C47106A14A",
  "PeNet.Asn1.dll": "E672739D88D5E83C3DFCEC7DBB593088",
  "PeNet.dll": "5F7C0263B603F20B06F53CDF28DA19D8",
  "PInvoke.AdvApi32.dll": "34EE461D05B403C3A15D0DEC32A3788C",
  "PInvoke.BCrypt.dll": "FD07758EE1440491F22923084109FF26",
  "PInvoke.Cabinet.dll": "333D950E3804735DA60CC41D614C63E2",
  "PInvoke.CfgMgr32.dll": "768BE7CC18EDCF78B296A72ABE891691",
  "PInvoke.Crypt32.dll": "E7B00B0851738F4A7F2C6D37DAA973B4",
  "PInvoke.DbgHelp.dll": "E701136169620D20E3A70B560DE20E44",
  "PInvoke.DwmApi.dll": "ACF223CC8962404056648815B486F7D9",
  "PInvoke.Gdi32.dll": "69FF434826F98582CE44D3136ECFFACB",
  "PInvoke.Hid.dll": "2E7A41257F8AD9B26073181F450CD8E5",
  "PInvoke.ImageHlp.dll": "79BE816E8D86EA66489D7780DD675D49",
  "PInvoke.IPHlpApi.dll": "E949FA3326D1BA8872B179AB4EE49D38",
  "PInvoke.Kernel32.dll": "234E15B122ED430DE99490CA1A204958",
  "PInvoke.Magnification.dll": "C9EA3D34F506741ECC044DB19C151F09",
  "PInvoke.Msi.dll": "69EE50CE2DA6B55755E52589F49A7EBC",
  "PInvoke.NCrypt.dll": "DA1DE76C14D99370CA3BEF19DC299B15",
  "PInvoke.NetApi32.dll": "AE79F9FA2E3864A5E0642AE4622ECDC5",
  "PInvoke.NewDev.dll": "B3E1992105D986EF9C5C8E4B630FBB07",
  "PInvoke.NTDll.dll": "3F6BDF840EB27DD0FD9EB8071822183A",
  "PInvoke.Ole32.dll": "3C49FB100B60519FFE725BCD12A538F6",
  "PInvoke.Psapi.dll": "A7683EE4B880227F01C8AE632A892B9E",
  "PInvoke.SetupApi.dll": "1B7AE321185D0081D1759A9AD829F9BA",
  "PInvoke.SHCore.dll": "F27E7F063D51480F6D2294C903E4A606",
  "PInvoke.Shell32.dll": "F71A1BCAF6478190691170DAEA77722F",
  "PInvoke.User32.dll": "8BEDE38311ED4F27127290B81B8079FD",
  "PInvoke.Userenv.dll": "FEB7BCA90B8C905EC2F4BB0789847131",
  "PInvoke.UxTheme.dll": "8E683C016250CB719FDB9AAAFC22B3C5",
  "PInvoke.Windows.Core.dll": "90015440A44935208FFEA9BF61740651",
  "PInvoke.Windows.ShellScalingApi.dll": "F351B34B8C9183A51CADFDC279357C49",
  "PInvoke.WinUsb.dll": "9EB8A0280F2848D1A32B560A939F7336",
  "PInvoke.WtsApi32.dll": "341C94455D2E5893DBE4293D4D67AA4D",
  "Reloaded.Assembler.dll": "B09F8E7D5133D95C8D27F535C5E65FA2",
  "Reloaded.Hooks.Definitions.dll": "B2A5F181A304611DC262119263A14E71",
  "Reloaded.Hooks.dll": "4BE5F9463C58CDEB41E57B490E6B166D",
  "Reloaded.Memory.Buffers.dll": "1F94E5CB93DFBC5B1E472C85BB83B31F",
  "Reloaded.Memory.dll": "42E3935EF0CB3AA64C1656F567EE53D8",
  "revision.txt": "5553CFAF751A4B14960B7581A20BC142",
  "SDL2-CS.config": "65557595FD5DF55D93B2BF881DE62C3A",
  "SDL2-CS.dll": "087230133FD19C2E2D762C9DE747474E",
  "Serilog.dll": "40530EDDA111054D0775FAF55765944B",
  "Serilog.Sinks.Async.dll": "81D451F90AA18790924A6D58F3FC94B2",
  "Serilog.Sinks.Console.dll": "36B7EDE200DF1D28B01C94A1B959D2B3",
  "Serilog.Sinks.File.dll": "7D219687CC63CB20F5782F0C1ACE8946",
  "SharpDX.Direct3D11.dll": "3E91B66E341C5B333DDE9CA7EC967043",
  "SharpDX.dll": "F8F5106A068285C5BCDE5340AAD73261",
  "SharpDX.DXGI.dll": "6810581CEED1559FD5469112E6577CC0",
  "SharpDX.Mathematics.dll": "549524BE15AD5A323C36289F0EEA481C",
  "Silk.NET.Core.dll": "608550865DC7D51602E19C68A8A91705",
  "Silk.NET.GLFW.dll": "186FCC397681272F03AE65EAA49F2EF1",
  "Silk.NET.Maths.dll": "465D96D18467A67529D7947CB0B1F8D7",
  "Silk.NET.OpenGL.dll": "84EB5B6C9B7645A18A15312579C8AA0C",
  "Silk.NET.SDL.dll": "3117BB903DF4A3BCFA812170A356EED4",
  "Silk.NET.Windowing.Common.dll": "FE3E1109FFDB9699EB06BFDE3D15EAB6",
  "Silk.NET.Windowing.Glfw.dll": "BD70F3A760072DEE42AD236B7E5740A0",
  "Silk.NET.Windowing.Sdl.dll": "CB6C48CAB40A8E1C51AE73D94601AB94",
  "SQLite-net.dll": "90C20933D4B8974F7BA504E4AC9A36A8",
  "SQLitePCLRaw.batteries_v2.dll": "19D61BC45FF3F1B71E0F3EBE577EAE97",
  "SQLitePCLRaw.core.dll": "8734A868BF39E565307AE3C69696BE6F",
  "SQLitePCLRaw.nativelibrary.dll": "35291C1BDAEDF74B3ED62752AE9DAF7A",
  "SQLitePCLRaw.provider.dynamic_cdecl.dll": "AE573A0FFD6C8794D31D0BEB73E128CA",
  "StbiSharp.dll": "E204F5A39CEA4AA6C4D42B4DE1D716D1",
  "System.Reactive.dll": "EF5A00287AD15393D41B12AA4B726FF7",
  "System.Reflection.MetadataLoadContext.dll": "E88E3AF6D37736F339022C9ACC5F2F7B",
  "System.Security.Cryptography.Pkcs.dll": "8950E01996A37E808BE3F39063C37BF9",
  "TEMP_gitver.txt": "914161BF660AD4AA21072DF7B406FBEF",
  "TerraFX.Interop.Windows.dll": "84F7EF6B0DE91F8CC23F773D3FD6DEC0",
  "Validation.dll": "341FC52103DCDA0B85C36EBE482FCEDB"
}
