{
  "runtimes\\linux-x64\\native\\libglfw.so.3": "9E3137144F68B9E9793F4C7AD5B1BEA7",
  "runtimes\\linux-x64\\native\\libSDL2-2.0.so": "99B95A708381FC66AB2370E45A260527",
  "runtimes\\linux-x64\\native\\libstbi.so": "0945355ED59677D06E3E88F48101BB26",
  "runtimes\\osx-x64\\native\\libglfw.3.dylib": "1E30FAB2F0C40E82290AD4B0BF14A880",
  "runtimes\\osx-x64\\native\\libSDL2-2.0.dylib": "AAC958490586C67395F0A90903AE3747",
  "runtimes\\osx-x64\\native\\libstbi.dylib": "0B84B0A6A80178266018081C3CAB68E6",
  "runtimes\\win-x64\\native\\cimgui.dll": "98BDD16B83BD8D02E88132F776BC450E",
  "runtimes\\win-x64\\native\\cimguizmo.dll": "504D9AD15F102EA438D9F13EC5010103",
  "runtimes\\win-x64\\native\\cimplot.dll": "9F0AD51DA45CFD43E18A79AD532266A2",
  "runtimes\\win-x64\\native\\glfw3.dll": "F9B325C8E982F7815D8B020CA3625C43",
  "runtimes\\win-x64\\native\\minhook.x64d.dll": "AAFA23C6927028E66A88AE8148C3E040",
  "runtimes\\win-x64\\native\\SDL2.dll": "40BDE94D67E41C524F9E8F80231D4B81",
  "runtimes\\win-x64\\native\\stbi.dll": "8FD564310F92E629C08D1827E0CA4CB5",
  "runtimes\\win-x64\\native\\stbi.lib": "927C214DE576219E1F80DBE7798A0502",
  "runtimes\\win-x86\\native\\glfw3.dll": "AF6E692605FEDC83E536AA42EBD07EA2",
  "runtimes\\win-x86\\native\\SDL2.dll": "EC12208CA5B13FCBCD03CAE1FAE0F82F",
  "targets\\Dalamud.Plugin.Bootstrap.targets": "72C91AC1B4F7C83711BB4C5834FE49A8",
  "targets\\Dalamud.Plugin.targets": "CE55DF182FBC948D33DB41454A31EEF9",
  "CheapLoc.dll": "8292AFD6CFFDD5773DA1BB764B969F9C",
  "Costura.dll": "13145136D542BB713C760DA51298FD36",
  "Dalamud.Boot.dll": "DC1A81FA822E4C1BD3BAB104D0A1C7AD",
  "Dalamud.deps.json": "051357BD08583BEAB8CB20902199B7AC",
  "Dalamud.dll": "5D49722378909E5EE617EA40DE199E0B",
  "Dalamud.Injector.deps.json": "D10EED2039C0151239F5EA4FE3A65A7B",
  "Dalamud.Injector.dll": "6E38AA5EBB0F6601B03C50CB5362E5B4",
  "Dalamud.Injector.exe": "66AB5FB6790684EEA3FC1401F4428E40",
  "Dalamud.Injector.runtimeconfig.json": "AAAFA957BB3B382321D67ACC2D792553",
  "Dalamud.Injector.xml": "CC06A545B271F56E0781ECC82BDEF67F",
  "Dalamud.Interface.dll": "B7DA110BF0027C65D6C980A8569B8AA8",
  "Dalamud.runtimeconfig.json": "454E2BA21742B08CF0A9827950A92B0F",
  "Dalamud.xml": "2B827D57D6E7E649400A4BA3B20BB2E3",
  "DalamudCrashHandler.exe": "9CBE1E7E88D05752792913AD0704BE44",
  "FASM-LICENSE.TXT": "ECEA1D10811221D5F0A3E96F9C38E2C7",
  "FASM.DLL": "3B2A0312BBFA0D3E952F825AEAA77986",
  "FASMX64.DLL": "E01BBA74DD2438F9BBD21C7DEFD0389C",
  "FFXIVClientStructs.dll": "5DD384975FC292B91E649567C3214C30",
  "FFXIVClientStructs.xml": "05C26634ADEAADF036EC2651904C7320",
  "goaaats.Reloaded.Assembler.targets": "CC22CB0A353E2136EE9E6E96DB9F7164",
  "Iced.dll": "693B87AFF1EE299B472D186419DF4BC9",
  "ImGui.NET.dll": "A40ED04B6ECCC56F36F49AF872E222F9",
  "ImGuiScene.dll": "6DE15066AB7B6A586AFAA3BF38C3737E",
  "JetBrains.Annotations.dll": "8E1062B05619D486E51452C2A33A6C18",
  "licenses.txt": "A159BE62AA91178EFC3E3983AE874D1D",
  "Lumina.dll": "5C138568ACCB7E997559E50481AD4F8B",
  "Lumina.Excel.dll": "5972020F4ED553B66446E57A675717BD",
  "Microsoft.Bcl.HashCode.dll": "613AB56061ADF2284E047025207467E0",
  "Microsoft.DotNet.PlatformAbstractions.dll": "00AB0F02B1114C57C758F5AD595224F1",
  "Microsoft.Extensions.DependencyModel.dll": "F39BC76C10CFEA478C936FC4521A9FC9",
  "MinSharp.dll": "F76AB3ACA369B5F244F64B439C80E5C1",
  "Mono.Cecil.dll": "2576ABF79C0E8870A9A99053408E200F",
  "Mono.Cecil.Mdb.dll": "8FC30242DFD9FD343E0E55FABD3DBDC3",
  "Mono.Cecil.Pdb.dll": "54722918D0A22C43AF7C3305B5C77C70",
  "Mono.Cecil.Rocks.dll": "DFF4BEFEF10FD11992DF84D40BB03F5C",
  "MonoMod.Backports.dll": "028C46C594FA67B9EB7106520C4F5462",
  "MonoMod.Core.dll": "7E6DCA9789B888DA37E61C6ED26D154D",
  "MonoMod.Iced.dll": "50E07FAFC86CDE426CA3A99A2D3FA5CE",
  "MonoMod.ILHelpers.dll": "A2AEA540B4FAEF87BDA3753DA9E515FD",
  "MonoMod.RuntimeDetour.dll": "620F782DB7F7BB811F883B0246A81684",
  "MonoMod.Utils.dll": "F2079BD96EB6DA2F421C8D46FAAA8FCC",
  "nethost.dll": "012081214FE71F0F6ADCD9F4A71B2B00",
  "Newtonsoft.Json.dll": "86A83A63F12B55FD3718CFBFB577D7DC",
  "PeNet.Asn1.dll": "DF6D658E52908DFDA959D53781E6C3A7",
  "PeNet.dll": "29A129D19A92F7ABB2EDEDCB6CF35778",
  "PInvoke.AdvApi32.dll": "34EE461D05B403C3A15D0DEC32A3788C",
  "PInvoke.BCrypt.dll": "FD07758EE1440491F22923084109FF26",
  "PInvoke.Cabinet.dll": "333D950E3804735DA60CC41D614C63E2",
  "PInvoke.CfgMgr32.dll": "768BE7CC18EDCF78B296A72ABE891691",
  "PInvoke.Crypt32.dll": "E7B00B0851738F4A7F2C6D37DAA973B4",
  "PInvoke.DbgHelp.dll": "E701136169620D20E3A70B560DE20E44",
  "PInvoke.DwmApi.dll": "ACF223CC8962404056648815B486F7D9",
  "PInvoke.Gdi32.dll": "69FF434826F98582CE44D3136ECFFACB",
  "PInvoke.Hid.dll": "2E7A41257F8AD9B26073181F450CD8E5",
  "PInvoke.ImageHlp.dll": "79BE816E8D86EA66489D7780DD675D49",
  "PInvoke.IPHlpApi.dll": "E949FA3326D1BA8872B179AB4EE49D38",
  "PInvoke.Kernel32.dll": "234E15B122ED430DE99490CA1A204958",
  "PInvoke.Magnification.dll": "C9EA3D34F506741ECC044DB19C151F09",
  "PInvoke.Msi.dll": "69EE50CE2DA6B55755E52589F49A7EBC",
  "PInvoke.NCrypt.dll": "DA1DE76C14D99370CA3BEF19DC299B15",
  "PInvoke.NetApi32.dll": "AE79F9FA2E3864A5E0642AE4622ECDC5",
  "PInvoke.NewDev.dll": "B3E1992105D986EF9C5C8E4B630FBB07",
  "PInvoke.NTDll.dll": "3F6BDF840EB27DD0FD9EB8071822183A",
  "PInvoke.Ole32.dll": "3C49FB100B60519FFE725BCD12A538F6",
  "PInvoke.Psapi.dll": "A7683EE4B880227F01C8AE632A892B9E",
  "PInvoke.SetupApi.dll": "1B7AE321185D0081D1759A9AD829F9BA",
  "PInvoke.SHCore.dll": "F27E7F063D51480F6D2294C903E4A606",
  "PInvoke.Shell32.dll": "F71A1BCAF6478190691170DAEA77722F",
  "PInvoke.User32.dll": "8BEDE38311ED4F27127290B81B8079FD",
  "PInvoke.Userenv.dll": "FEB7BCA90B8C905EC2F4BB0789847131",
  "PInvoke.UxTheme.dll": "8E683C016250CB719FDB9AAAFC22B3C5",
  "PInvoke.Windows.Core.dll": "90015440A44935208FFEA9BF61740651",
  "PInvoke.Windows.ShellScalingApi.dll": "F351B34B8C9183A51CADFDC279357C49",
  "PInvoke.WinUsb.dll": "9EB8A0280F2848D1A32B560A939F7336",
  "PInvoke.WtsApi32.dll": "341C94455D2E5893DBE4293D4D67AA4D",
  "Reloaded.Assembler.dll": "2E238DBCB40110FE6BD0954F752DA79C",
  "Reloaded.Hooks.Definitions.dll": "7BC476807924A52DE2015259E44D200F",
  "Reloaded.Hooks.dll": "932C8CE63C8E4CFF18D0F6BB184CC4D3",
  "Reloaded.Memory.Buffers.dll": "4B9288C780201D8A981982F938365A76",
  "Reloaded.Memory.dll": "D0FC11AC1B8F240FE3AB3C30C3482E92",
  "revision.txt": "8D6A06B2F1208B59454A9A749928B0C0",
  "SDL2-CS.config": "65557595FD5DF55D93B2BF881DE62C3A",
  "SDL2-CS.dll": "C5968E8142CE11BC26E1230ABDAACD1D",
  "Serilog.dll": "0DD9E36C59D12D3950389A6F748258A0",
  "Serilog.Sinks.Async.dll": "7BFD596A1549F5BD48FCDA43D5F169A1",
  "Serilog.Sinks.Console.dll": "7A6963AF8490D1AA98268B0DF86CF4E5",
  "Serilog.Sinks.File.dll": "B2D4630130EEFB34E86A96C045975946",
  "SharpDX.Direct3D11.dll": "4762D54324D58E347EF63B74F4B728DF",
  "SharpDX.dll": "2E35C23E6F996973CAF7918222E119C0",
  "SharpDX.DXGI.dll": "1A1681823048E727F44311C474DE33ED",
  "SharpDX.Mathematics.dll": "E25041FDD283FDFD6838AC9A0825CF62",
  "Silk.NET.Core.dll": "7A3208C46D60CDC97B43745E4C291D11",
  "Silk.NET.GLFW.dll": "9D0E47A7F190A7A85DE88D7DBCACF83A",
  "Silk.NET.Maths.dll": "4E8D10D4AA9AF63DF5E17C5D2851B550",
  "Silk.NET.OpenGL.dll": "DA00744D11EB83EA46F0880D25C47A03",
  "Silk.NET.SDL.dll": "C49CC1FE63B50681185DDDD76E4FB28B",
  "Silk.NET.Windowing.Common.dll": "DE7CF67E04809E1D094703A525AE0157",
  "Silk.NET.Windowing.Glfw.dll": "2A06198FF62641D473DE47EB9DF2C958",
  "Silk.NET.Windowing.Sdl.dll": "9C97BC5E2AF85121209DAD1925CB44ED",
  "StbiSharp.dll": "83EB6EC22BB27002A240249DA941CF89",
  "System.Reactive.dll": "EF5A00287AD15393D41B12AA4B726FF7",
  "System.Reflection.MetadataLoadContext.dll": "7EC41D41F4E1246757BA3E2EC862D562",
  "System.Security.Cryptography.Pkcs.dll": "8950E01996A37E808BE3F39063C37BF9",
  "TEMP_gitver.txt": "F9CB495E29E15CD0C9EFAC257949D017",
  "Validation.dll": "1E05B3F1C457E0071D9936F235636D5C"
}
