{
  "runtimes\\alpine-x64\\native\\libe_sqlite3.so": "39C244FEDBCD3DFC37041D4FCE1AE21D",
  "runtimes\\linux-arm\\native\\libe_sqlite3.so": "96CF54BC0EFB83D6E3F5F3E04997A59D",
  "runtimes\\linux-arm64\\native\\libe_sqlite3.so": "F079E55E7F3F9966A4A2052A3234E068",
  "runtimes\\linux-armel\\native\\libe_sqlite3.so": "C5A67D49434FC65D64E9C15778078C76",
  "runtimes\\linux-mips64\\native\\libe_sqlite3.so": "5F8461214089CFC677D46C19B7162161",
  "runtimes\\linux-musl-x64\\native\\libe_sqlite3.so": "39C244FEDBCD3DFC37041D4FCE1AE21D",
  "runtimes\\linux-x64\\native\\libe_sqlite3.so": "6F49C540D3AB9964D67A4A704C3D262D",
  "runtimes\\linux-x64\\native\\libglfw.so.3": "9E3137144F68B9E9793F4C7AD5B1BEA7",
  "runtimes\\linux-x64\\native\\libSDL2-2.0.so": "99B95A708381FC66AB2370E45A260527",
  "runtimes\\linux-x64\\native\\libstbi.so": "0945355ED59677D06E3E88F48101BB26",
  "runtimes\\linux-x86\\native\\libe_sqlite3.so": "5E0659B414CBD6DDC38C65582485853E",
  "runtimes\\osx-x64\\native\\libe_sqlite3.dylib": "F82AE134FCD1C080A69D775591406673",
  "runtimes\\osx-x64\\native\\libglfw.3.dylib": "1E30FAB2F0C40E82290AD4B0BF14A880",
  "runtimes\\osx-x64\\native\\libSDL2-2.0.dylib": "AAC958490586C67395F0A90903AE3747",
  "runtimes\\osx-x64\\native\\libstbi.dylib": "0B84B0A6A80178266018081C3CAB68E6",
  "runtimes\\win-arm\\native\\e_sqlite3.dll": "BA53DC210CD5BE35EE6C8E05F162CBFE",
  "runtimes\\win-arm64\\native\\e_sqlite3.dll": "CE0D14A6ED45F3A03FDF5A663B08FE2C",
  "runtimes\\win-x64\\native\\cimgui.dll": "2683ECAE6D43F973AD594409E1569A59",
  "runtimes\\win-x64\\native\\cimguizmo.dll": "5FFEA0A7CECFB728E367EF0CBCC27023",
  "runtimes\\win-x64\\native\\cimplot.dll": "004F515143D1CC535B00436C06257837",
  "runtimes\\win-x64\\native\\e_sqlite3.dll": "25479EBC655F01E7BAE16BCAA25E15DD",
  "runtimes\\win-x64\\native\\glfw3.dll": "8A22F012A85A7F6454FB0407A95739B1",
  "runtimes\\win-x64\\native\\minhook.x64d.dll": "37AB79699DEB36F2A3276B40F1A29810",
  "runtimes\\win-x64\\native\\SDL2.dll": "BA685D63E1C197C73C6FE9754E9384E6",
  "runtimes\\win-x64\\native\\stbi.dll": "D70353FE76AF1046E7E1EF51B957E343",
  "runtimes\\win-x64\\native\\stbi.lib": "927C214DE576219E1F80DBE7798A0502",
  "runtimes\\win-x86\\native\\e_sqlite3.dll": "B74AB24CE4B08A9AFBC08444BD1701FC",
  "runtimes\\win-x86\\native\\glfw3.dll": "8BDCEB6A6B96470C46D694ACCAE69903",
  "runtimes\\win-x86\\native\\SDL2.dll": "AEE412E9CF639B09BCD264D86853B034",
  "targets\\Dalamud.Plugin.Bootstrap.targets": "C85635161398CD9852CF7212DB7EB904",
  "targets\\Dalamud.Plugin.targets": "E2AA900DB1F6596D1C203D4112A10F5E",
  "CheapLoc.dll": "501FD5323DBCFD99DD5891C3E8CC884F",
  "Costura.dll": "48B5EE6540E69EC7518A6DE36C443880",
  "Dalamud.Boot.dll": "80071F3553CA4720CBC555CAD2815918",
  "Dalamud.Common.dll": "4059BC33C25EE43188D0705747A818D7",
  "Dalamud.deps.json": "B8A0D5E4937DAF0572A203511BCC7490",
  "Dalamud.dll": "16CA4C1EADC9AED6AF4AA0367E35A914",
  "Dalamud.Injector.deps.json": "C1FA0941DC8B38E415776C60C508AAB9",
  "Dalamud.Injector.dll": "6E8C6A89E3991BFBCAB39577FD8B9A48",
  "Dalamud.Injector.exe": "A1051A96840E92058B9EBD700B6FC04E",
  "Dalamud.Injector.runtimeconfig.json": "B9BB65FFE7924D4D8BABE9FA66303200",
  "Dalamud.Injector.xml": "D41E5DF541D19A015215E777D7395C9C",
  "Dalamud.runtimeconfig.json": "2A9CD915428BDD175E0889BD0C225F75",
  "Dalamud.xml": "C41D1A90872765B0115256A16F779536",
  "DalamudCrashHandler.exe": "8BE0DECD9A512A38C96328845B0F67E7",
  "FASM-LICENSE.TXT": "ECEA1D10811221D5F0A3E96F9C38E2C7",
  "FASM.DLL": "AB47BC69314C9186167E4C9C7B53D650",
  "FASMX64.DLL": "E69D01B92C0D7D8A708E2159DBC11A89",
  "FFXIVClientStructs.dll": "83641E5989FEE196A655B4FEA4F55F9E",
  "FFXIVClientStructs.xml": "E19E8A3769165D4C4159D276B5CDEF57",
  "goaaats.Reloaded.Assembler.targets": "CC22CB0A353E2136EE9E6E96DB9F7164",
  "Iced.dll": "84FC3AFA4ED556D36F396EB35D05C7F9",
  "ImGui.NET.dll": "8C73DB253C8DFD8CB3CB26575A7B6DF2",
  "ImGuiScene.dll": "81430774FADCF5EFC7307227FD9BA4E8",
  "JetBrains.Annotations.dll": "8CC3B62EE3E7C9943077CB3A7DBD1C84",
  "licenses.txt": "A159BE62AA91178EFC3E3983AE874D1D",
  "Lumina.dll": "4DCBE1FCDD1A0763790FCB405578BA48",
  "Lumina.Excel.dll": "2FD0834C6A2B50017A2A32AACC39464E",
  "Microsoft.Bcl.HashCode.dll": "613AB56061ADF2284E047025207467E0",
  "Microsoft.DotNet.PlatformAbstractions.dll": "00AB0F02B1114C57C758F5AD595224F1",
  "Microsoft.Extensions.DependencyModel.dll": "F39BC76C10CFEA478C936FC4521A9FC9",
  "Microsoft.Extensions.ObjectPool.dll": "FEE3CE8A84417360CC5ED787ED6F7DB1",
  "MinSharp.dll": "F953E23DC4B73DE26AE31627BC680398",
  "Mono.Cecil.dll": "C723AFD0CB5681E09192ED49B0BB58E0",
  "Mono.Cecil.Mdb.dll": "BA33F8432AC7671E719C8C4405A55607",
  "Mono.Cecil.Pdb.dll": "4E8A0AE47769A3D82256FD74CF027C2A",
  "Mono.Cecil.Rocks.dll": "6BA338BFF6CF5017D19D7D689FB5A204",
  "nethost.dll": "012081214FE71F0F6ADCD9F4A71B2B00",
  "Newtonsoft.Json.dll": "86A83A63F12B55FD3718CFBFB577D7DC",
  "PeNet.Asn1.dll": "D2614E1861374505053D70176854C2FE",
  "PeNet.dll": "47EB06DE53AE59279D120A44FAD711F0",
  "PInvoke.AdvApi32.dll": "34EE461D05B403C3A15D0DEC32A3788C",
  "PInvoke.BCrypt.dll": "FD07758EE1440491F22923084109FF26",
  "PInvoke.Cabinet.dll": "333D950E3804735DA60CC41D614C63E2",
  "PInvoke.CfgMgr32.dll": "768BE7CC18EDCF78B296A72ABE891691",
  "PInvoke.Crypt32.dll": "E7B00B0851738F4A7F2C6D37DAA973B4",
  "PInvoke.DbgHelp.dll": "E701136169620D20E3A70B560DE20E44",
  "PInvoke.DwmApi.dll": "ACF223CC8962404056648815B486F7D9",
  "PInvoke.Gdi32.dll": "69FF434826F98582CE44D3136ECFFACB",
  "PInvoke.Hid.dll": "2E7A41257F8AD9B26073181F450CD8E5",
  "PInvoke.ImageHlp.dll": "79BE816E8D86EA66489D7780DD675D49",
  "PInvoke.IPHlpApi.dll": "E949FA3326D1BA8872B179AB4EE49D38",
  "PInvoke.Kernel32.dll": "234E15B122ED430DE99490CA1A204958",
  "PInvoke.Magnification.dll": "C9EA3D34F506741ECC044DB19C151F09",
  "PInvoke.Msi.dll": "69EE50CE2DA6B55755E52589F49A7EBC",
  "PInvoke.NCrypt.dll": "DA1DE76C14D99370CA3BEF19DC299B15",
  "PInvoke.NetApi32.dll": "AE79F9FA2E3864A5E0642AE4622ECDC5",
  "PInvoke.NewDev.dll": "B3E1992105D986EF9C5C8E4B630FBB07",
  "PInvoke.NTDll.dll": "3F6BDF840EB27DD0FD9EB8071822183A",
  "PInvoke.Ole32.dll": "3C49FB100B60519FFE725BCD12A538F6",
  "PInvoke.Psapi.dll": "A7683EE4B880227F01C8AE632A892B9E",
  "PInvoke.SetupApi.dll": "1B7AE321185D0081D1759A9AD829F9BA",
  "PInvoke.SHCore.dll": "F27E7F063D51480F6D2294C903E4A606",
  "PInvoke.Shell32.dll": "F71A1BCAF6478190691170DAEA77722F",
  "PInvoke.User32.dll": "8BEDE38311ED4F27127290B81B8079FD",
  "PInvoke.Userenv.dll": "FEB7BCA90B8C905EC2F4BB0789847131",
  "PInvoke.UxTheme.dll": "8E683C016250CB719FDB9AAAFC22B3C5",
  "PInvoke.Windows.Core.dll": "90015440A44935208FFEA9BF61740651",
  "PInvoke.Windows.ShellScalingApi.dll": "F351B34B8C9183A51CADFDC279357C49",
  "PInvoke.WinUsb.dll": "9EB8A0280F2848D1A32B560A939F7336",
  "PInvoke.WtsApi32.dll": "341C94455D2E5893DBE4293D4D67AA4D",
  "Reloaded.Assembler.dll": "523E893F5BB177F620DE817D853EE2C0",
  "Reloaded.Hooks.Definitions.dll": "DF3E15226CAF5109AB8F7360974D7BB4",
  "Reloaded.Hooks.dll": "06A30066A70B1C926D9E605A46A2028B",
  "Reloaded.Memory.Buffers.dll": "246372810F03853545D3AC36FAC404F5",
  "Reloaded.Memory.dll": "6BE810F7289AAF24650050AF64551F76",
  "revision.txt": "001AB2FA029C064A45E41F8B2644A292",
  "SDL2-CS.config": "65557595FD5DF55D93B2BF881DE62C3A",
  "SDL2-CS.dll": "08F6FE96DE02B228BAE26DAEFE84F2B5",
  "Serilog.dll": "C1376F5B3BFC19F6F3CE5CB4C5C80915",
  "Serilog.Sinks.Async.dll": "14D4D5A261A86D2798A09EBC8DC2938C",
  "Serilog.Sinks.Console.dll": "B305D4F8CE25C6D5C9FBEA92A7788BB8",
  "Serilog.Sinks.File.dll": "BF7E8C5D65BA232D545F01C27ABC8691",
  "SharpDX.Direct3D11.dll": "FD7A4EE6FA12C916E0BDA0EAF2FCED30",
  "SharpDX.dll": "D2BE2B52619398EF21A33709B20A907A",
  "SharpDX.DXGI.dll": "C56B1086CDBB7E6CCBFBC16DA025A456",
  "SharpDX.Mathematics.dll": "BB6714C9D0C9E0BBCC11985E3C2872AF",
  "Silk.NET.Core.dll": "8D6744B0A54BB0506C4C1FD978BC7FAC",
  "Silk.NET.GLFW.dll": "862778ED0AD6CB980056B689559FB6CF",
  "Silk.NET.Maths.dll": "96F784E0BDFF9BEB36C061E06DB46D26",
  "Silk.NET.OpenGL.dll": "9EDD8AAF6341D2443B48A242E14AC37A",
  "Silk.NET.SDL.dll": "E2148D429E564E05A4401DFAEC563C91",
  "Silk.NET.Windowing.Common.dll": "672F12A16E90FB6C2EA2EF182ACBE32C",
  "Silk.NET.Windowing.Glfw.dll": "E32D4D2CF92AE588727CCBBCE180005C",
  "Silk.NET.Windowing.Sdl.dll": "EC667E609CCD7C105B3510E9E7C08837",
  "SQLite-net.dll": "535581D18EB23E5837FD0F14CA7FD8AE",
  "SQLitePCLRaw.batteries_v2.dll": "89CBBDC182213647A067CC6EC0C41BBF",
  "SQLitePCLRaw.core.dll": "E68BA7593A1C6B1334940637CAC7C5BB",
  "SQLitePCLRaw.nativelibrary.dll": "E7EE71BEA7E9BC35EECF33A98A074B84",
  "SQLitePCLRaw.provider.dynamic_cdecl.dll": "D8FA27C0B15846A0D75A7BD83286E3C8",
  "StbiSharp.dll": "43C60DEB0711F401812FAE504DD16944",
  "System.Reactive.dll": "EF5A00287AD15393D41B12AA4B726FF7",
  "System.Reflection.MetadataLoadContext.dll": "7EC41D41F4E1246757BA3E2EC862D562",
  "System.Security.Cryptography.Pkcs.dll": "8950E01996A37E808BE3F39063C37BF9",
  "TEMP_gitver.txt": "FCA077772BA9B397EC8E3312F4C44D71",
  "TerraFX.Interop.Windows.dll": "84F7EF6B0DE91F8CC23F773D3FD6DEC0",
  "Validation.dll": "4BE8A60DEF811C2F36AFE0901DD90477"
}
