{
  "runtimes\\alpine-x64\\native\\libe_sqlite3.so": "39C244FEDBCD3DFC37041D4FCE1AE21D",
  "runtimes\\linux-arm\\native\\libe_sqlite3.so": "96CF54BC0EFB83D6E3F5F3E04997A59D",
  "runtimes\\linux-arm64\\native\\libe_sqlite3.so": "F079E55E7F3F9966A4A2052A3234E068",
  "runtimes\\linux-armel\\native\\libe_sqlite3.so": "C5A67D49434FC65D64E9C15778078C76",
  "runtimes\\linux-mips64\\native\\libe_sqlite3.so": "5F8461214089CFC677D46C19B7162161",
  "runtimes\\linux-musl-x64\\native\\libe_sqlite3.so": "39C244FEDBCD3DFC37041D4FCE1AE21D",
  "runtimes\\linux-x64\\native\\libe_sqlite3.so": "6F49C540D3AB9964D67A4A704C3D262D",
  "runtimes\\linux-x64\\native\\libglfw.so.3": "9E3137144F68B9E9793F4C7AD5B1BEA7",
  "runtimes\\linux-x64\\native\\libSDL2-2.0.so": "99B95A708381FC66AB2370E45A260527",
  "runtimes\\linux-x64\\native\\libstbi.so": "0945355ED59677D06E3E88F48101BB26",
  "runtimes\\linux-x86\\native\\libe_sqlite3.so": "5E0659B414CBD6DDC38C65582485853E",
  "runtimes\\osx-x64\\native\\libe_sqlite3.dylib": "F82AE134FCD1C080A69D775591406673",
  "runtimes\\osx-x64\\native\\libglfw.3.dylib": "1E30FAB2F0C40E82290AD4B0BF14A880",
  "runtimes\\osx-x64\\native\\libSDL2-2.0.dylib": "AAC958490586C67395F0A90903AE3747",
  "runtimes\\osx-x64\\native\\libstbi.dylib": "0B84B0A6A80178266018081C3CAB68E6",
  "runtimes\\win-arm\\native\\e_sqlite3.dll": "852DA842B2A65AD9E5CC1EBEC09AD094",
  "runtimes\\win-arm64\\native\\e_sqlite3.dll": "6A07288569E2E14AA756CF8BE2C10A6A",
  "runtimes\\win-x64\\native\\cimgui.dll": "4EF99EA3BADF5747818D506E016EDEEF",
  "runtimes\\win-x64\\native\\cimguizmo.dll": "4FE84B8B25579FB43E9A31E89C92D568",
  "runtimes\\win-x64\\native\\cimplot.dll": "75F066797D805DF5ACC0B100961BD733",
  "runtimes\\win-x64\\native\\e_sqlite3.dll": "8A8F9862C1BA8628B1D13D493CC05085",
  "runtimes\\win-x64\\native\\glfw3.dll": "C7B478388BE915A022397815B4C0BF01",
  "runtimes\\win-x64\\native\\minhook.x64d.dll": "9170763D61625BF549EC9DA05AA61395",
  "runtimes\\win-x64\\native\\SDL2.dll": "187E989E84CC6F34076C23988049A3F0",
  "runtimes\\win-x64\\native\\stbi.dll": "FEFFE2FA59613C9C97398539AF391001",
  "runtimes\\win-x64\\native\\stbi.lib": "927C214DE576219E1F80DBE7798A0502",
  "runtimes\\win-x86\\native\\e_sqlite3.dll": "28B7B7A87E7B09A2A8B7CEDC59A4064D",
  "runtimes\\win-x86\\native\\glfw3.dll": "BE39C130DEC95E3810073360FC907AFC",
  "runtimes\\win-x86\\native\\SDL2.dll": "B86649443BCDC3E6FB3D73A8DC0009BD",
  "targets\\Dalamud.Plugin.Bootstrap.targets": "C85635161398CD9852CF7212DB7EB904",
  "targets\\Dalamud.Plugin.targets": "11001C983157350F50D99F1A827999B5",
  "CheapLoc.dll": "6AFBB2BC6F534E19471BBC8CCB2B784B",
  "Costura.dll": "9C5D0862EF26F21341874014F22C52B0",
  "Dalamud.Boot.dll": "A67549F9ECBB8034467418EAD7FE79D9",
  "Dalamud.Common.dll": "96CC3331B77ECB46D17B197E51D06CE8",
  "Dalamud.deps.json": "B60F9E9F0E7466C10D510C13306172D5",
  "Dalamud.dll": "2AF470F4000F6D65BCE564042624CD7D",
  "Dalamud.Injector.deps.json": "4E53ABE9A5D3E4592DA63EBF98DAAD86",
  "Dalamud.Injector.dll": "A136463FE3DBBF2C0362D8B2EE2509A9",
  "Dalamud.Injector.exe": "C77BFE6A1A346BDC8116B3D5C301103E",
  "Dalamud.Injector.runtimeconfig.json": "AAAFA957BB3B382321D67ACC2D792553",
  "Dalamud.Injector.xml": "6CFC451561E67CE7788814C5B327D7EC",
  "Dalamud.runtimeconfig.json": "15719C111D02D5BD45F37285FC8B6040",
  "Dalamud.xml": "DDD2ADF1EFFE59757229183C069F06D0",
  "DalamudCrashHandler.exe": "F22DB06946A53DAD4AB31D6CCE7B455F",
  "FASM-LICENSE.TXT": "ECEA1D10811221D5F0A3E96F9C38E2C7",
  "FASM.DLL": "D792FA79D7C5F24EA1C65C0B97E753AC",
  "FASMX64.DLL": "880AEEBCD09AB452C81BE73F3E814581",
  "FFXIVClientStructs.dll": "E3D4BD9446DBBB5915CD324A95270BF7",
  "FFXIVClientStructs.xml": "C4370DE4F7B68B9A1C4B2A3459C6D669",
  "goaaats.Reloaded.Assembler.targets": "CC22CB0A353E2136EE9E6E96DB9F7164",
  "Iced.dll": "B4ACC3F5696F1D42B29322A180017F78",
  "ImGui.NET.dll": "4B473462EF878915951DAAA99768FF07",
  "ImGuiScene.dll": "23FB7F5C992DB1DF783E68903662015B",
  "JetBrains.Annotations.dll": "51CE34CB227D5E393D8F4DA2F5FC4B02",
  "licenses.txt": "A159BE62AA91178EFC3E3983AE874D1D",
  "Lumina.dll": "DEFC10C0D3BCBBF95E428EBBD81D25C7",
  "Lumina.Excel.dll": "C0D5B6C86F0F14EE66F3ADBEE48B676C",
  "Microsoft.Bcl.HashCode.dll": "613AB56061ADF2284E047025207467E0",
  "Microsoft.DotNet.PlatformAbstractions.dll": "00AB0F02B1114C57C758F5AD595224F1",
  "Microsoft.Extensions.DependencyModel.dll": "F39BC76C10CFEA478C936FC4521A9FC9",
  "Microsoft.Extensions.ObjectPool.dll": "91B40FCF7D5A05DF428016DDFD05BABB",
  "MinSharp.dll": "DA9919959CC5A612E4073779FCD3A82B",
  "Mono.Cecil.dll": "9B0C6C1B887F6C661F3A9115A341BA24",
  "Mono.Cecil.Mdb.dll": "ACB2EC1ECA71504F59640D90C4E176CF",
  "Mono.Cecil.Pdb.dll": "A967D4FD51E8E11470400BEC15577933",
  "Mono.Cecil.Rocks.dll": "64B41DD531EEE4028A653AA92CDA3BD9",
  "MonoMod.Backports.dll": "0958DC5981A80FB480A2F6712F4A1A5A",
  "MonoMod.Core.dll": "EC5C3FC3DEF139D566C6F85FECE378FF",
  "MonoMod.Iced.dll": "FC505A142674EA4874E21CF2E8609BDD",
  "MonoMod.ILHelpers.dll": "57528C86F116FFCEE116FC770AEEF6C3",
  "MonoMod.RuntimeDetour.dll": "04B68ABD4640B75424772E825EBD69A0",
  "MonoMod.Utils.dll": "5615EB5B131236870D5A286FDF22A533",
  "nethost.dll": "012081214FE71F0F6ADCD9F4A71B2B00",
  "Newtonsoft.Json.dll": "86A83A63F12B55FD3718CFBFB577D7DC",
  "PeNet.Asn1.dll": "9098C031B81E956914ADFB6CC40C27A9",
  "PeNet.dll": "7135B26DED68DCD90C54E8A02C8B452B",
  "PInvoke.AdvApi32.dll": "34EE461D05B403C3A15D0DEC32A3788C",
  "PInvoke.BCrypt.dll": "FD07758EE1440491F22923084109FF26",
  "PInvoke.Cabinet.dll": "333D950E3804735DA60CC41D614C63E2",
  "PInvoke.CfgMgr32.dll": "768BE7CC18EDCF78B296A72ABE891691",
  "PInvoke.Crypt32.dll": "E7B00B0851738F4A7F2C6D37DAA973B4",
  "PInvoke.DbgHelp.dll": "E701136169620D20E3A70B560DE20E44",
  "PInvoke.DwmApi.dll": "ACF223CC8962404056648815B486F7D9",
  "PInvoke.Gdi32.dll": "69FF434826F98582CE44D3136ECFFACB",
  "PInvoke.Hid.dll": "2E7A41257F8AD9B26073181F450CD8E5",
  "PInvoke.ImageHlp.dll": "79BE816E8D86EA66489D7780DD675D49",
  "PInvoke.IPHlpApi.dll": "E949FA3326D1BA8872B179AB4EE49D38",
  "PInvoke.Kernel32.dll": "234E15B122ED430DE99490CA1A204958",
  "PInvoke.Magnification.dll": "C9EA3D34F506741ECC044DB19C151F09",
  "PInvoke.Msi.dll": "69EE50CE2DA6B55755E52589F49A7EBC",
  "PInvoke.NCrypt.dll": "DA1DE76C14D99370CA3BEF19DC299B15",
  "PInvoke.NetApi32.dll": "AE79F9FA2E3864A5E0642AE4622ECDC5",
  "PInvoke.NewDev.dll": "B3E1992105D986EF9C5C8E4B630FBB07",
  "PInvoke.NTDll.dll": "3F6BDF840EB27DD0FD9EB8071822183A",
  "PInvoke.Ole32.dll": "3C49FB100B60519FFE725BCD12A538F6",
  "PInvoke.Psapi.dll": "A7683EE4B880227F01C8AE632A892B9E",
  "PInvoke.SetupApi.dll": "1B7AE321185D0081D1759A9AD829F9BA",
  "PInvoke.SHCore.dll": "F27E7F063D51480F6D2294C903E4A606",
  "PInvoke.Shell32.dll": "F71A1BCAF6478190691170DAEA77722F",
  "PInvoke.User32.dll": "8BEDE38311ED4F27127290B81B8079FD",
  "PInvoke.Userenv.dll": "FEB7BCA90B8C905EC2F4BB0789847131",
  "PInvoke.UxTheme.dll": "8E683C016250CB719FDB9AAAFC22B3C5",
  "PInvoke.Windows.Core.dll": "90015440A44935208FFEA9BF61740651",
  "PInvoke.Windows.ShellScalingApi.dll": "F351B34B8C9183A51CADFDC279357C49",
  "PInvoke.WinUsb.dll": "9EB8A0280F2848D1A32B560A939F7336",
  "PInvoke.WtsApi32.dll": "341C94455D2E5893DBE4293D4D67AA4D",
  "Reloaded.Assembler.dll": "A4E915AFDE4F766D030CA6EF5C779F16",
  "Reloaded.Hooks.Definitions.dll": "1B05F6E54E4DEB55C2D0A355E0B40259",
  "Reloaded.Hooks.dll": "8AE836909C37CB4659129D2289342AC5",
  "Reloaded.Memory.Buffers.dll": "77653A9D6F2F81060A4F0F32C01B205A",
  "Reloaded.Memory.dll": "0E2FB77B6AC1F5F91FACDFB7EDEDBAE8",
  "revision.txt": "3AC48664B7886CF4E4AB4ABA7E6B6BC9",
  "SDL2-CS.config": "65557595FD5DF55D93B2BF881DE62C3A",
  "SDL2-CS.dll": "2A70E33F27F6E9FECF7C84C7367098AF",
  "Serilog.dll": "E3D8F334060C5B0BEBD4B259F77253F7",
  "Serilog.Sinks.Async.dll": "A79F03ACADAB07E63F60C4B5F94C4471",
  "Serilog.Sinks.Console.dll": "9255875D1B65465850572CB579C7D003",
  "Serilog.Sinks.File.dll": "98043018552E38BBF11A90AE582E7ABC",
  "SharpDX.Direct3D11.dll": "EF49B24CB640FDB7F7ACFD4EB928FD0A",
  "SharpDX.dll": "035154E722DFACF6E3660D918192EB6B",
  "SharpDX.DXGI.dll": "FC5C01653681E1D92AD4CEF034574DA5",
  "SharpDX.Mathematics.dll": "159C8BC85415CBC0B229CE92B50EB91C",
  "Silk.NET.Core.dll": "C9958CE692600BC3C7296847E8A544EE",
  "Silk.NET.GLFW.dll": "81332F1E98DDC62ECC0DCF10AF204744",
  "Silk.NET.Maths.dll": "5590AA509D7E7982418ABDE62315CC04",
  "Silk.NET.OpenGL.dll": "9FF418848E75624AB5624A59817BC7FC",
  "Silk.NET.SDL.dll": "42595C130D7E3CB377EC001323718900",
  "Silk.NET.Windowing.Common.dll": "7E38DF7358B46F6BB755B1A9A6E7737E",
  "Silk.NET.Windowing.Glfw.dll": "3E7C425DCB9BE4F5A3126EB50472A1E2",
  "Silk.NET.Windowing.Sdl.dll": "1B1E5A0CA2BD948A1D86DB1955A13C54",
  "SQLite-net.dll": "37579A5CBF9E85F1D49CAF448367E369",
  "SQLitePCLRaw.batteries_v2.dll": "7B16B36EF00CA6188367E356E7CA8C57",
  "SQLitePCLRaw.core.dll": "F95D5A3D4966C0088162CCD5E8476E6A",
  "SQLitePCLRaw.nativelibrary.dll": "950E5A288E09051776F713E112F36ADD",
  "SQLitePCLRaw.provider.dynamic_cdecl.dll": "755614420596F468D34E340088A1C6A3",
  "StbiSharp.dll": "20DE4CBDB2C7C41176C1BA08B2443B9E",
  "System.Reactive.dll": "EF5A00287AD15393D41B12AA4B726FF7",
  "System.Reflection.MetadataLoadContext.dll": "7EC41D41F4E1246757BA3E2EC862D562",
  "System.Security.Cryptography.Pkcs.dll": "8950E01996A37E808BE3F39063C37BF9",
  "TEMP_gitver.txt": "3D3E5CD566391B78C833058F5ABFBCE7",
  "TerraFX.Interop.Windows.dll": "84F7EF6B0DE91F8CC23F773D3FD6DEC0",
  "Validation.dll": "CF1EE9B7A5B53EAE430F91A60941FB96"
}
