{
  "runtimes\\alpine-x64\\native\\libe_sqlite3.so": "39C244FEDBCD3DFC37041D4FCE1AE21D",
  "runtimes\\linux-arm\\native\\libe_sqlite3.so": "96CF54BC0EFB83D6E3F5F3E04997A59D",
  "runtimes\\linux-arm64\\native\\libe_sqlite3.so": "F079E55E7F3F9966A4A2052A3234E068",
  "runtimes\\linux-armel\\native\\libe_sqlite3.so": "C5A67D49434FC65D64E9C15778078C76",
  "runtimes\\linux-mips64\\native\\libe_sqlite3.so": "5F8461214089CFC677D46C19B7162161",
  "runtimes\\linux-musl-x64\\native\\libe_sqlite3.so": "39C244FEDBCD3DFC37041D4FCE1AE21D",
  "runtimes\\linux-x64\\native\\libe_sqlite3.so": "6F49C540D3AB9964D67A4A704C3D262D",
  "runtimes\\linux-x64\\native\\libglfw.so.3": "9E3137144F68B9E9793F4C7AD5B1BEA7",
  "runtimes\\linux-x64\\native\\libSDL2-2.0.so": "99B95A708381FC66AB2370E45A260527",
  "runtimes\\linux-x64\\native\\libstbi.so": "0945355ED59677D06E3E88F48101BB26",
  "runtimes\\linux-x86\\native\\libe_sqlite3.so": "5E0659B414CBD6DDC38C65582485853E",
  "runtimes\\osx-x64\\native\\libe_sqlite3.dylib": "F82AE134FCD1C080A69D775591406673",
  "runtimes\\osx-x64\\native\\libglfw.3.dylib": "1E30FAB2F0C40E82290AD4B0BF14A880",
  "runtimes\\osx-x64\\native\\libSDL2-2.0.dylib": "AAC958490586C67395F0A90903AE3747",
  "runtimes\\osx-x64\\native\\libstbi.dylib": "0B84B0A6A80178266018081C3CAB68E6",
  "runtimes\\win-arm\\native\\e_sqlite3.dll": "FA5C075E4D9200DA6FB6580FA7B642BF",
  "runtimes\\win-arm64\\native\\e_sqlite3.dll": "AFAEADF10FE583FEBC83275CBE9D08B2",
  "runtimes\\win-x64\\native\\e_sqlite3.dll": "4F990996CA56B721E2156FCE2EA18AF7",
  "runtimes\\win-x64\\native\\glfw3.dll": "8DDABDCEED9820829D4F5D213CE72A6E",
  "runtimes\\win-x64\\native\\minhook.x64d.dll": "4F9D38C8C75F054FA497AE3FC10C6830",
  "runtimes\\win-x64\\native\\SDL2.dll": "CD21541DC2886DBD2FBAED3C5CB1CBD6",
  "runtimes\\win-x64\\native\\stbi.dll": "A27D9794FEB524D905D8C1707B4CF2E0",
  "runtimes\\win-x64\\native\\stbi.lib": "927C214DE576219E1F80DBE7798A0502",
  "runtimes\\win-x86\\native\\e_sqlite3.dll": "C9C26FF0838F4DB83228E6413E18F3B9",
  "runtimes\\win-x86\\native\\glfw3.dll": "566E8CD4D4EB3AF579A6E176613EB636",
  "runtimes\\win-x86\\native\\SDL2.dll": "5AA4CEDA3959128EF115F35C0FAB6927",
  "targets\\Dalamud.Plugin.Bootstrap.targets": "C85635161398CD9852CF7212DB7EB904",
  "targets\\Dalamud.Plugin.targets": "394EE2BEC70254F76ABBE2C33F62BBFA",
  "BitFaster.Caching.dll": "F7C1854C5F87A9D48B4F0D21BC6236B5",
  "CheapLoc.dll": "7367C471415002C7063D09729454471A",
  "cimgui.dll": "00AAB2A18012F8C742FE9930AFD18C71",
  "cimguizmo.dll": "D5C9F91BE8318F630F59691B5E5818CD",
  "cimplot.dll": "FE7B87B2AB72A68B3DA3DB9281B80E6F",
  "commit_hash.txt": "785C06EAA7722FDFC9E1B3FE52B0CC61",
  "Dalamud.Boot.dll": "8D9631381100CA64A56A79C2FE310A01",
  "Dalamud.Common.dll": "4860218B16B6B5A8D51E98EFEA43431E",
  "Dalamud.deps.json": "9950167DEFB5E958133E022D4C6754B7",
  "Dalamud.dll": "D52CEB2A462532B12DE65506C24AF402",
  "Dalamud.Injector.deps.json": "C21972522E8133995B2C9562B3E39983",
  "Dalamud.Injector.dll": "C3CB36732BAE42305FD61C69AFFA117E",
  "Dalamud.Injector.exe": "46378F8101C2CFECAB4F2D8D92C4AEE2",
  "Dalamud.Injector.runtimeconfig.json": "439C534917CEF268A731631073E50FE4",
  "Dalamud.Injector.xml": "6730B8BB13078B71889B5A56C5DFAC6D",
  "Dalamud.runtimeconfig.json": "CA3935E9C6B9E3300F2D7171E4AF6335",
  "Dalamud.xml": "BAC717D37BE2423D5479D165B77109F8",
  "DalamudCrashHandler.exe": "4A06D5F19BE43FB5654BA64EE9DBC20F",
  "FASM-LICENSE.TXT": "ECEA1D10811221D5F0A3E96F9C38E2C7",
  "FASM.DLL": "D103DCE463C581F58498F9D4DEB4111F",
  "FASMX64.DLL": "04A26ED62779E11F210C38530261137F",
  "FFXIVClientStructs.dll": "EDD816FC62AC57F7E6AFF06C6F2C1FA9",
  "FFXIVClientStructs.xml": "C2FA0D146DD1F6E57791EAF57D1810BD",
  "goaaats.Reloaded.Assembler.targets": "CC22CB0A353E2136EE9E6E96DB9F7164",
  "Iced.dll": "FD67D4D59551F1258C534EED0EF81987",
  "ImGui.NET.dll": "318B981BFC2020A13C4F59FB9591173B",
  "ImGuiScene.dll": "70DC892D86B349E43624395038E5B349",
  "InteropGenerator.Runtime.dll": "8EE3A03FF1A85C44A8BA16F96BB63F6E",
  "JetBrains.Annotations.dll": "2BF580EB5F803DC0B1434EF835D8075B",
  "licenses.txt": "A159BE62AA91178EFC3E3983AE874D1D",
  "Lumina.dll": "4C0E40895C2AA4D287377D9AC457D083",
  "Lumina.Excel.dll": "76AE66155C9447A2151A22410B12F167",
  "Microsoft.Bcl.HashCode.dll": "613AB56061ADF2284E047025207467E0",
  "Microsoft.DotNet.PlatformAbstractions.dll": "00AB0F02B1114C57C758F5AD595224F1",
  "Microsoft.Extensions.DependencyModel.dll": "F39BC76C10CFEA478C936FC4521A9FC9",
  "Microsoft.Extensions.ObjectPool.dll": "B0558CE087EAE95853E35579300F3A77",
  "MinSharp.dll": "5C50E601780DC9CBFD4F936B9C88D9B5",
  "Mono.Cecil.dll": "4B1B278CAD2800D0B3BF4F05A398FC54",
  "Mono.Cecil.Mdb.dll": "B172BDB551EBD04624387489B62EAF6F",
  "Mono.Cecil.Pdb.dll": "D32563CB27B4BC9BB290359D9F0ABD9E",
  "Mono.Cecil.Rocks.dll": "C1DAD62B66C6B8232A4BF86D5075F321",
  "nethost.dll": "21F39F71E2F4B5BA9FB3F126872F2F9B",
  "Newtonsoft.Json.dll": "ADF3E3EECDE20B7C9661E9C47106A14A",
  "PeNet.Asn1.dll": "B35C3E476106E454B33A22AA8F9CF8B2",
  "PeNet.dll": "C3DCD419586C2D463A90B4805C14B9F9",
  "PInvoke.AdvApi32.dll": "34EE461D05B403C3A15D0DEC32A3788C",
  "PInvoke.BCrypt.dll": "FD07758EE1440491F22923084109FF26",
  "PInvoke.Cabinet.dll": "333D950E3804735DA60CC41D614C63E2",
  "PInvoke.CfgMgr32.dll": "768BE7CC18EDCF78B296A72ABE891691",
  "PInvoke.Crypt32.dll": "E7B00B0851738F4A7F2C6D37DAA973B4",
  "PInvoke.DbgHelp.dll": "E701136169620D20E3A70B560DE20E44",
  "PInvoke.DwmApi.dll": "ACF223CC8962404056648815B486F7D9",
  "PInvoke.Gdi32.dll": "69FF434826F98582CE44D3136ECFFACB",
  "PInvoke.Hid.dll": "2E7A41257F8AD9B26073181F450CD8E5",
  "PInvoke.ImageHlp.dll": "79BE816E8D86EA66489D7780DD675D49",
  "PInvoke.IPHlpApi.dll": "E949FA3326D1BA8872B179AB4EE49D38",
  "PInvoke.Kernel32.dll": "234E15B122ED430DE99490CA1A204958",
  "PInvoke.Magnification.dll": "C9EA3D34F506741ECC044DB19C151F09",
  "PInvoke.Msi.dll": "69EE50CE2DA6B55755E52589F49A7EBC",
  "PInvoke.NCrypt.dll": "DA1DE76C14D99370CA3BEF19DC299B15",
  "PInvoke.NetApi32.dll": "AE79F9FA2E3864A5E0642AE4622ECDC5",
  "PInvoke.NewDev.dll": "B3E1992105D986EF9C5C8E4B630FBB07",
  "PInvoke.NTDll.dll": "3F6BDF840EB27DD0FD9EB8071822183A",
  "PInvoke.Ole32.dll": "3C49FB100B60519FFE725BCD12A538F6",
  "PInvoke.Psapi.dll": "A7683EE4B880227F01C8AE632A892B9E",
  "PInvoke.SetupApi.dll": "1B7AE321185D0081D1759A9AD829F9BA",
  "PInvoke.SHCore.dll": "F27E7F063D51480F6D2294C903E4A606",
  "PInvoke.Shell32.dll": "F71A1BCAF6478190691170DAEA77722F",
  "PInvoke.User32.dll": "8BEDE38311ED4F27127290B81B8079FD",
  "PInvoke.Userenv.dll": "FEB7BCA90B8C905EC2F4BB0789847131",
  "PInvoke.UxTheme.dll": "8E683C016250CB719FDB9AAAFC22B3C5",
  "PInvoke.Windows.Core.dll": "90015440A44935208FFEA9BF61740651",
  "PInvoke.Windows.ShellScalingApi.dll": "F351B34B8C9183A51CADFDC279357C49",
  "PInvoke.WinUsb.dll": "9EB8A0280F2848D1A32B560A939F7336",
  "PInvoke.WtsApi32.dll": "341C94455D2E5893DBE4293D4D67AA4D",
  "Reloaded.Assembler.dll": "66AC831C76108B18C4368CDEB9A94667",
  "Reloaded.Hooks.Definitions.dll": "BFE3870E9AD13DBDEC4042981F90CA92",
  "Reloaded.Hooks.dll": "6652639732C991A9D4B8C84ED2B6188F",
  "Reloaded.Memory.Buffers.dll": "B489F7A69CCE42174E10E80DB8DC8045",
  "Reloaded.Memory.dll": "CB5DF4F71AC6063DB8DB6BA6A57D4BF4",
  "revision.txt": "BA2030D9A88B7DB99EDB3DA67200167C",
  "SDL2-CS.config": "65557595FD5DF55D93B2BF881DE62C3A",
  "SDL2-CS.dll": "2E00DC33549EC54B34FA30764922326A",
  "Serilog.dll": "D14C35C0B63F0CD901EE76B612E63C5C",
  "Serilog.Sinks.Async.dll": "C6687DA96EBB69194C4FFF5AFEA00FFA",
  "Serilog.Sinks.Console.dll": "A998864C16E0FF735C1B2C905D0EF10B",
  "Serilog.Sinks.File.dll": "466CE14DB0F68F633CC7C1CEE2872BE2",
  "SharpDX.Direct3D11.dll": "7BEAF8A900CE411CC231F10E74AF3A43",
  "SharpDX.dll": "C8553D7BC5974358F01A1E5DABCF41BF",
  "SharpDX.DXGI.dll": "7B0D2FC0BDCB20CA2488DA5B14327EF3",
  "SharpDX.Mathematics.dll": "483A05349969EB19C74523A8B326E2B1",
  "Silk.NET.Core.dll": "45272AED18947072A4FEB40F23AFB164",
  "Silk.NET.GLFW.dll": "D6BC9FD64E4318CD9A9070F8AA05CD16",
  "Silk.NET.Maths.dll": "1C5390CC3C97D1CC42891D16D9F6A4DB",
  "Silk.NET.OpenGL.dll": "E6BE65AE6BD860A4C112104CDEB0E786",
  "Silk.NET.SDL.dll": "A8812161DE6536D3E3C28F2DA1ACC23A",
  "Silk.NET.Windowing.Common.dll": "64FA2367811581FD8C999ED355371A42",
  "Silk.NET.Windowing.Glfw.dll": "62123C3F7B0E15328E7D69E32B8C91F3",
  "Silk.NET.Windowing.Sdl.dll": "6D3ABA2372A947ED733919B482D8E88C",
  "SQLite-net.dll": "C694C46E6DBE04782ED7EF47B242889D",
  "SQLitePCLRaw.batteries_v2.dll": "543177EF9943282187C27DA4D5874627",
  "SQLitePCLRaw.core.dll": "0BC53DFCFECBA0C78FC05FECB78F9E68",
  "SQLitePCLRaw.nativelibrary.dll": "91779063A299B256F7E30889B1ACDA50",
  "SQLitePCLRaw.provider.dynamic_cdecl.dll": "69AB53739A77404E8D297D851B0C08A8",
  "StbiSharp.dll": "68B31A703BA7190D1562EDF701F2E5AD",
  "System.Reactive.dll": "EF5A00287AD15393D41B12AA4B726FF7",
  "System.Reflection.MetadataLoadContext.dll": "E88E3AF6D37736F339022C9ACC5F2F7B",
  "System.Security.Cryptography.Pkcs.dll": "8950E01996A37E808BE3F39063C37BF9",
  "TEMP_gitver.txt": "0839335984B88A09E491F7865A4EA9DD",
  "TerraFX.Interop.Windows.dll": "84F7EF6B0DE91F8CC23F773D3FD6DEC0",
  "Validation.dll": "1EDED1AD59DE93662299E7D859AEE966"
}
