{
  "runtimes\\alpine-x64\\native\\libe_sqlite3.so": "39C244FEDBCD3DFC37041D4FCE1AE21D",
  "runtimes\\linux-arm\\native\\libe_sqlite3.so": "96CF54BC0EFB83D6E3F5F3E04997A59D",
  "runtimes\\linux-arm64\\native\\libe_sqlite3.so": "F079E55E7F3F9966A4A2052A3234E068",
  "runtimes\\linux-armel\\native\\libe_sqlite3.so": "C5A67D49434FC65D64E9C15778078C76",
  "runtimes\\linux-mips64\\native\\libe_sqlite3.so": "5F8461214089CFC677D46C19B7162161",
  "runtimes\\linux-musl-x64\\native\\libe_sqlite3.so": "39C244FEDBCD3DFC37041D4FCE1AE21D",
  "runtimes\\linux-x64\\native\\libe_sqlite3.so": "6F49C540D3AB9964D67A4A704C3D262D",
  "runtimes\\linux-x64\\native\\libglfw.so.3": "9E3137144F68B9E9793F4C7AD5B1BEA7",
  "runtimes\\linux-x64\\native\\libSDL2-2.0.so": "99B95A708381FC66AB2370E45A260527",
  "runtimes\\linux-x64\\native\\libstbi.so": "0945355ED59677D06E3E88F48101BB26",
  "runtimes\\linux-x86\\native\\libe_sqlite3.so": "5E0659B414CBD6DDC38C65582485853E",
  "runtimes\\osx-x64\\native\\libe_sqlite3.dylib": "F82AE134FCD1C080A69D775591406673",
  "runtimes\\osx-x64\\native\\libglfw.3.dylib": "1E30FAB2F0C40E82290AD4B0BF14A880",
  "runtimes\\osx-x64\\native\\libSDL2-2.0.dylib": "AAC958490586C67395F0A90903AE3747",
  "runtimes\\osx-x64\\native\\libstbi.dylib": "0B84B0A6A80178266018081C3CAB68E6",
  "runtimes\\win-arm\\native\\e_sqlite3.dll": "14B1F9377D606A4FAF5564E6050C779D",
  "runtimes\\win-arm64\\native\\e_sqlite3.dll": "7DA5B4C7F039A1EF619E8F2507FE4A65",
  "runtimes\\win-x64\\native\\cimgui.dll": "FCE435208241D413A78C281EF1FBE289",
  "runtimes\\win-x64\\native\\cimguizmo.dll": "A8496A62DB11A3DE0DB3D751D2E2876B",
  "runtimes\\win-x64\\native\\cimplot.dll": "76CDC83583B8F8D2D546C52EEE0A5672",
  "runtimes\\win-x64\\native\\e_sqlite3.dll": "4961AF1959FF47F3133D69E8222BD4D3",
  "runtimes\\win-x64\\native\\glfw3.dll": "AF47C305E5B3829B55A4ECE1432D8DED",
  "runtimes\\win-x64\\native\\minhook.x64d.dll": "80440A9443379EBC8843A68B32D39D39",
  "runtimes\\win-x64\\native\\SDL2.dll": "1ECDFB366AEC226055D9E0075F98075F",
  "runtimes\\win-x64\\native\\stbi.dll": "8C94857AE4B041E636B5B94805BFF3D5",
  "runtimes\\win-x64\\native\\stbi.lib": "927C214DE576219E1F80DBE7798A0502",
  "runtimes\\win-x86\\native\\e_sqlite3.dll": "E42B4C6D513BEA26E6508B796A8435A3",
  "runtimes\\win-x86\\native\\glfw3.dll": "C2DB61480AC2914E3A62CF1E2B7EE4C0",
  "runtimes\\win-x86\\native\\SDL2.dll": "DA2EEF138EDC3EF8F56F3945B5477E08",
  "targets\\Dalamud.Plugin.Bootstrap.targets": "C85635161398CD9852CF7212DB7EB904",
  "targets\\Dalamud.Plugin.targets": "11001C983157350F50D99F1A827999B5",
  "CheapLoc.dll": "6221CC73F43D219B8F58193017E6237C",
  "Costura.dll": "CC3FC5F18238EFE4FA235ED5D1A596B3",
  "Dalamud.Boot.dll": "4C4BD17129AC45AC401FB5FB7E8E8F25",
  "Dalamud.Common.dll": "7DCF51BA9695B0192936D5ABD22F3D99",
  "Dalamud.deps.json": "8E0EC47F903E6D5177C193CFBEF1C325",
  "Dalamud.dll": "9E656388ABF94DDC5AC0184A1B7727FE",
  "Dalamud.Injector.deps.json": "4E53ABE9A5D3E4592DA63EBF98DAAD86",
  "Dalamud.Injector.dll": "FF60F45B1ED116D0B99E3D109D976255",
  "Dalamud.Injector.exe": "87B525502E36C86E22AD7C008F1DBC32",
  "Dalamud.Injector.runtimeconfig.json": "AAAFA957BB3B382321D67ACC2D792553",
  "Dalamud.Injector.xml": "D41E5DF541D19A015215E777D7395C9C",
  "Dalamud.runtimeconfig.json": "15719C111D02D5BD45F37285FC8B6040",
  "Dalamud.xml": "F838B43EA43CDCFE06AEFC948DADC8D8",
  "DalamudCrashHandler.exe": "63A062485AA29626657B9820B66A6698",
  "FASM-LICENSE.TXT": "ECEA1D10811221D5F0A3E96F9C38E2C7",
  "FASM.DLL": "B797E5DFECFC91F2D0EF52EF79F1F00F",
  "FASMX64.DLL": "EF60FFCF50B7B9424F08B28773988F91",
  "FFXIVClientStructs.dll": "B6EED46FC4A12AADCCF7A12D21D06845",
  "FFXIVClientStructs.xml": "08C8C63D475C837BDE9528BC1D68B9C9",
  "goaaats.Reloaded.Assembler.targets": "CC22CB0A353E2136EE9E6E96DB9F7164",
  "Iced.dll": "CDF76E74237C85092E68F3BE3FD8C158",
  "ImGui.NET.dll": "10826CC9330CF74906ED02B9A66F75F2",
  "ImGuiScene.dll": "1DA14E92E6E7EA7B7724326283B40980",
  "JetBrains.Annotations.dll": "6B19F46DEE56124CA72213ECF5947420",
  "licenses.txt": "A159BE62AA91178EFC3E3983AE874D1D",
  "Lumina.dll": "6D585479A5E061B650AA9DAB2810DFFF",
  "Lumina.Excel.dll": "14CBBC54A706F9FB8805049DB7BA8058",
  "Microsoft.Bcl.HashCode.dll": "613AB56061ADF2284E047025207467E0",
  "Microsoft.DotNet.PlatformAbstractions.dll": "00AB0F02B1114C57C758F5AD595224F1",
  "Microsoft.Extensions.DependencyModel.dll": "F39BC76C10CFEA478C936FC4521A9FC9",
  "Microsoft.Extensions.ObjectPool.dll": "91B40FCF7D5A05DF428016DDFD05BABB",
  "MinSharp.dll": "DA08016E24182401F79EE54561EBC051",
  "Mono.Cecil.dll": "26AC5C013E190B7C738F0BE5089EE1CB",
  "Mono.Cecil.Mdb.dll": "5AE77FDE151A3B9920251ED273D11DBA",
  "Mono.Cecil.Pdb.dll": "8E52E5A65E3844724A99486C41EFB8E1",
  "Mono.Cecil.Rocks.dll": "3C5989298C90CB9C767556CEBD8E0417",
  "MonoMod.Backports.dll": "249F6BD361B53F4D0D7D1E3BA8594071",
  "MonoMod.Core.dll": "F8832D16DDB0C6C23B8E0642F4A5B972",
  "MonoMod.Iced.dll": "92BC61CF1CD10FF72523CF7C41E06AEA",
  "MonoMod.ILHelpers.dll": "862A87C8C6A89CB857DD8AB34AFC8FDE",
  "MonoMod.RuntimeDetour.dll": "C1FA74DE47D60ABCEDA4270CF88E6AC5",
  "MonoMod.Utils.dll": "84481D51FA2B8800F9217ECDB140E8F9",
  "nethost.dll": "012081214FE71F0F6ADCD9F4A71B2B00",
  "Newtonsoft.Json.dll": "86A83A63F12B55FD3718CFBFB577D7DC",
  "PeNet.Asn1.dll": "7D6FD4AE106579BBFC39AD6E32283D0E",
  "PeNet.dll": "B8FE2145F5C7E36AC6B00ED9FC933D44",
  "PInvoke.AdvApi32.dll": "34EE461D05B403C3A15D0DEC32A3788C",
  "PInvoke.BCrypt.dll": "FD07758EE1440491F22923084109FF26",
  "PInvoke.Cabinet.dll": "333D950E3804735DA60CC41D614C63E2",
  "PInvoke.CfgMgr32.dll": "768BE7CC18EDCF78B296A72ABE891691",
  "PInvoke.Crypt32.dll": "E7B00B0851738F4A7F2C6D37DAA973B4",
  "PInvoke.DbgHelp.dll": "E701136169620D20E3A70B560DE20E44",
  "PInvoke.DwmApi.dll": "ACF223CC8962404056648815B486F7D9",
  "PInvoke.Gdi32.dll": "69FF434826F98582CE44D3136ECFFACB",
  "PInvoke.Hid.dll": "2E7A41257F8AD9B26073181F450CD8E5",
  "PInvoke.ImageHlp.dll": "79BE816E8D86EA66489D7780DD675D49",
  "PInvoke.IPHlpApi.dll": "E949FA3326D1BA8872B179AB4EE49D38",
  "PInvoke.Kernel32.dll": "234E15B122ED430DE99490CA1A204958",
  "PInvoke.Magnification.dll": "C9EA3D34F506741ECC044DB19C151F09",
  "PInvoke.Msi.dll": "69EE50CE2DA6B55755E52589F49A7EBC",
  "PInvoke.NCrypt.dll": "DA1DE76C14D99370CA3BEF19DC299B15",
  "PInvoke.NetApi32.dll": "AE79F9FA2E3864A5E0642AE4622ECDC5",
  "PInvoke.NewDev.dll": "B3E1992105D986EF9C5C8E4B630FBB07",
  "PInvoke.NTDll.dll": "3F6BDF840EB27DD0FD9EB8071822183A",
  "PInvoke.Ole32.dll": "3C49FB100B60519FFE725BCD12A538F6",
  "PInvoke.Psapi.dll": "A7683EE4B880227F01C8AE632A892B9E",
  "PInvoke.SetupApi.dll": "1B7AE321185D0081D1759A9AD829F9BA",
  "PInvoke.SHCore.dll": "F27E7F063D51480F6D2294C903E4A606",
  "PInvoke.Shell32.dll": "F71A1BCAF6478190691170DAEA77722F",
  "PInvoke.User32.dll": "8BEDE38311ED4F27127290B81B8079FD",
  "PInvoke.Userenv.dll": "FEB7BCA90B8C905EC2F4BB0789847131",
  "PInvoke.UxTheme.dll": "8E683C016250CB719FDB9AAAFC22B3C5",
  "PInvoke.Windows.Core.dll": "90015440A44935208FFEA9BF61740651",
  "PInvoke.Windows.ShellScalingApi.dll": "F351B34B8C9183A51CADFDC279357C49",
  "PInvoke.WinUsb.dll": "9EB8A0280F2848D1A32B560A939F7336",
  "PInvoke.WtsApi32.dll": "341C94455D2E5893DBE4293D4D67AA4D",
  "Reloaded.Assembler.dll": "A5DE085F70B3D2AA5CEBB993537A507D",
  "Reloaded.Hooks.Definitions.dll": "2B84FBEDC075AE33244CB8FEFC2D1721",
  "Reloaded.Hooks.dll": "E996D9A36993989F19C6E40CE5844135",
  "Reloaded.Memory.Buffers.dll": "77939D8CFE19130549F9821529F884FD",
  "Reloaded.Memory.dll": "E7066C3710C94F4A8EB6F83E10CB10F0",
  "revision.txt": "F08B7AC8AA30A2A9AB34394E200E1A71",
  "SDL2-CS.config": "65557595FD5DF55D93B2BF881DE62C3A",
  "SDL2-CS.dll": "1B104E5394BB33C44C490245665A4935",
  "Serilog.dll": "2773B80B53B4752198D8CB9E776120BB",
  "Serilog.Sinks.Async.dll": "4E32ED943FB0CB1B0E674F0886C75D4D",
  "Serilog.Sinks.Console.dll": "A07E2CEACB76D5CE38679A62EC41FDD9",
  "Serilog.Sinks.File.dll": "0DFB1E33E2DAC2E0B1249F6B966F549B",
  "SharpDX.Direct3D11.dll": "F5D9F7BF3B96A6B8253C063F64003BB8",
  "SharpDX.dll": "5665408E54C559599899232FAB6A3E6E",
  "SharpDX.DXGI.dll": "6EF1CDA91B303A7B164F2E54A48A734F",
  "SharpDX.Mathematics.dll": "10F3A77025693777E39FAE95C5321E75",
  "Silk.NET.Core.dll": "8EE3BA718FDBBB363121D262D3C4CF4B",
  "Silk.NET.GLFW.dll": "CC8A6CC99F8BF8E258A59D941C036C29",
  "Silk.NET.Maths.dll": "1AC5610E94E7A3F2B8ECD31D957BC4DE",
  "Silk.NET.OpenGL.dll": "C4691B46D8D5512F3E6512757C30D6EB",
  "Silk.NET.SDL.dll": "B6C7050B955AD83964304FB1EA33D1F3",
  "Silk.NET.Windowing.Common.dll": "F9D871D3B2C458FB098C3B649B8058F7",
  "Silk.NET.Windowing.Glfw.dll": "E6D5673E85BDB35C34DF226321834947",
  "Silk.NET.Windowing.Sdl.dll": "6C79B8025F6A94F545C59376153C4BCB",
  "SQLite-net.dll": "86397D5EFF78DD7326CC82FBC728A4F7",
  "SQLitePCLRaw.batteries_v2.dll": "9F8AA7CBF75ADA48FD1326C6246E47B9",
  "SQLitePCLRaw.core.dll": "61B9C12752F201AF560DC00619E73241",
  "SQLitePCLRaw.nativelibrary.dll": "A0C0A399A28F5231C8C109F78E153116",
  "SQLitePCLRaw.provider.dynamic_cdecl.dll": "6F54701A2920329A3FD261D20B66D221",
  "StbiSharp.dll": "4CF1DCB99AE998C8D5453C41D8122CE2",
  "System.Reactive.dll": "EF5A00287AD15393D41B12AA4B726FF7",
  "System.Reflection.MetadataLoadContext.dll": "7EC41D41F4E1246757BA3E2EC862D562",
  "System.Security.Cryptography.Pkcs.dll": "8950E01996A37E808BE3F39063C37BF9",
  "TEMP_gitver.txt": "F4DE872EEC1DB576D976A918F7917251",
  "TerraFX.Interop.Windows.dll": "84F7EF6B0DE91F8CC23F773D3FD6DEC0",
  "Validation.dll": "BBCBEEFA19837AFCF39A9F6583E97750"
}
