{
  "runtimes\\alpine-x64\\native\\libe_sqlite3.so": "39C244FEDBCD3DFC37041D4FCE1AE21D",
  "runtimes\\linux-arm\\native\\libe_sqlite3.so": "96CF54BC0EFB83D6E3F5F3E04997A59D",
  "runtimes\\linux-arm64\\native\\libe_sqlite3.so": "F079E55E7F3F9966A4A2052A3234E068",
  "runtimes\\linux-armel\\native\\libe_sqlite3.so": "C5A67D49434FC65D64E9C15778078C76",
  "runtimes\\linux-mips64\\native\\libe_sqlite3.so": "5F8461214089CFC677D46C19B7162161",
  "runtimes\\linux-musl-x64\\native\\libe_sqlite3.so": "39C244FEDBCD3DFC37041D4FCE1AE21D",
  "runtimes\\linux-x64\\native\\libe_sqlite3.so": "6F49C540D3AB9964D67A4A704C3D262D",
  "runtimes\\linux-x64\\native\\libglfw.so.3": "9E3137144F68B9E9793F4C7AD5B1BEA7",
  "runtimes\\linux-x64\\native\\libSDL2-2.0.so": "99B95A708381FC66AB2370E45A260527",
  "runtimes\\linux-x64\\native\\libstbi.so": "0945355ED59677D06E3E88F48101BB26",
  "runtimes\\linux-x86\\native\\libe_sqlite3.so": "5E0659B414CBD6DDC38C65582485853E",
  "runtimes\\osx-x64\\native\\libe_sqlite3.dylib": "F82AE134FCD1C080A69D775591406673",
  "runtimes\\osx-x64\\native\\libglfw.3.dylib": "1E30FAB2F0C40E82290AD4B0BF14A880",
  "runtimes\\osx-x64\\native\\libSDL2-2.0.dylib": "AAC958490586C67395F0A90903AE3747",
  "runtimes\\osx-x64\\native\\libstbi.dylib": "0B84B0A6A80178266018081C3CAB68E6",
  "runtimes\\win-arm\\native\\e_sqlite3.dll": "0FFB54460251730F4B141E46DCB825D8",
  "runtimes\\win-arm64\\native\\e_sqlite3.dll": "C0161AF4BF490D14D78364E6E42C72AD",
  "runtimes\\win-x64\\native\\cimgui.dll": "D80B8521D1931D55DAF2EEC9B6EB2395",
  "runtimes\\win-x64\\native\\cimguizmo.dll": "247D3CA81E3965CE30A9C71ACA34197B",
  "runtimes\\win-x64\\native\\cimplot.dll": "FA83183981B02E60DAC3025D6A28B62D",
  "runtimes\\win-x64\\native\\e_sqlite3.dll": "962A188F008EAF4FC56FE06943837C12",
  "runtimes\\win-x64\\native\\glfw3.dll": "80AA28B17282E7B26EA37FB292B2507A",
  "runtimes\\win-x64\\native\\minhook.x64d.dll": "6C6F8AD334EB9D0B2E2AF94F064DDFC0",
  "runtimes\\win-x64\\native\\SDL2.dll": "DF066EA2950305FA7060CAAC46F58563",
  "runtimes\\win-x64\\native\\stbi.dll": "24FCA2004D9D75DBFD365CD03F0FA331",
  "runtimes\\win-x64\\native\\stbi.lib": "927C214DE576219E1F80DBE7798A0502",
  "runtimes\\win-x86\\native\\e_sqlite3.dll": "174AE24E37AB9AB4270EEB2E54ABFCAA",
  "runtimes\\win-x86\\native\\glfw3.dll": "28AFF3BDAB3EC9F739A945EA5E1E8E7C",
  "runtimes\\win-x86\\native\\SDL2.dll": "EF6D4159C935A0084047C96D8E4AD969",
  "targets\\Dalamud.Plugin.Bootstrap.targets": "C85635161398CD9852CF7212DB7EB904",
  "targets\\Dalamud.Plugin.targets": "11001C983157350F50D99F1A827999B5",
  "CheapLoc.dll": "54422F5DF7428B90C2926CE1B4355BDD",
  "Costura.dll": "9AF278AA351C04B5C573753A9EDA5DD6",
  "Dalamud.Boot.dll": "77F27AE629007C602092C8F3E29E107F",
  "Dalamud.Common.dll": "BF1B622D5D300049347CFFC078849FEF",
  "Dalamud.deps.json": "B5C4435706973213986B511585D3FA43",
  "Dalamud.dll": "5C9102F914DB459086B13B4AB027CD94",
  "Dalamud.Injector.deps.json": "4E53ABE9A5D3E4592DA63EBF98DAAD86",
  "Dalamud.Injector.dll": "60CC662D376BB4BB410512381E6508E2",
  "Dalamud.Injector.exe": "7656C50BC0C967BEAB85B05E53F839FD",
  "Dalamud.Injector.runtimeconfig.json": "AAAFA957BB3B382321D67ACC2D792553",
  "Dalamud.Injector.xml": "6CFC451561E67CE7788814C5B327D7EC",
  "Dalamud.runtimeconfig.json": "15719C111D02D5BD45F37285FC8B6040",
  "Dalamud.xml": "A7C2A6CAD8D7ECC8473E91DB6032B7EB",
  "DalamudCrashHandler.exe": "77CBC8A084CF9766D4FFF8A966818FA4",
  "FASM-LICENSE.TXT": "ECEA1D10811221D5F0A3E96F9C38E2C7",
  "FASM.DLL": "4AB315CE4DAABA4D61FA561544DD6C1A",
  "FASMX64.DLL": "A179BB11D785FE4F9C6D236853F532CA",
  "FFXIVClientStructs.dll": "E30F37887F7C42CB6336F2042CF32FFE",
  "FFXIVClientStructs.xml": "65234A31B95DA5636DFE70DE6CC144AD",
  "goaaats.Reloaded.Assembler.targets": "CC22CB0A353E2136EE9E6E96DB9F7164",
  "Iced.dll": "E0329C4B1E558A5A26847060F9E53FAB",
  "ImGui.NET.dll": "1609A2099D4E53EA9B81AB8CBE006627",
  "ImGuiScene.dll": "395D7DB9F802A0730D1F6CB0EE833741",
  "JetBrains.Annotations.dll": "8AE60F867F2529DCF043468627C96074",
  "licenses.txt": "A159BE62AA91178EFC3E3983AE874D1D",
  "Lumina.dll": "845A878CA7B946F08889EBFD6CE30D45",
  "Lumina.Excel.dll": "A94802223191A82FC136A1113CE681CD",
  "Microsoft.Bcl.HashCode.dll": "613AB56061ADF2284E047025207467E0",
  "Microsoft.DotNet.PlatformAbstractions.dll": "00AB0F02B1114C57C758F5AD595224F1",
  "Microsoft.Extensions.DependencyModel.dll": "F39BC76C10CFEA478C936FC4521A9FC9",
  "MinSharp.dll": "EBF34BC9504D6CDE6FFF10E6F6020A36",
  "Mono.Cecil.dll": "17EF4C25702770F8DAF46D885930E9EC",
  "Mono.Cecil.Mdb.dll": "64B5A5097EF8213C3F73A9CE876CBEED",
  "Mono.Cecil.Pdb.dll": "1332BD20BE77E239B9741A1DE488D553",
  "Mono.Cecil.Rocks.dll": "5CED5BC61DE2B3A77F9AFC36B266D74C",
  "MonoMod.Backports.dll": "ED25E2280347A01DF649719F99F96557",
  "MonoMod.Core.dll": "D0F2CCA9C8C4D25B6A82A2D2A479FED1",
  "MonoMod.Iced.dll": "057D77C91AE79819BD9A5B7E5DEECA31",
  "MonoMod.ILHelpers.dll": "3B43AE9C551307274F692C7AB66E8A71",
  "MonoMod.RuntimeDetour.dll": "C1C6ACCFA783EFF6B413C27446C61860",
  "MonoMod.Utils.dll": "857B232E9DA602DD3F95B3D89CB8E986",
  "nethost.dll": "012081214FE71F0F6ADCD9F4A71B2B00",
  "Newtonsoft.Json.dll": "86A83A63F12B55FD3718CFBFB577D7DC",
  "PeNet.Asn1.dll": "771C9ED568F9530BD5BECF30B45BD0DC",
  "PeNet.dll": "29DD866E2E074F23C6983B03409DEFE5",
  "PInvoke.AdvApi32.dll": "34EE461D05B403C3A15D0DEC32A3788C",
  "PInvoke.BCrypt.dll": "FD07758EE1440491F22923084109FF26",
  "PInvoke.Cabinet.dll": "333D950E3804735DA60CC41D614C63E2",
  "PInvoke.CfgMgr32.dll": "768BE7CC18EDCF78B296A72ABE891691",
  "PInvoke.Crypt32.dll": "E7B00B0851738F4A7F2C6D37DAA973B4",
  "PInvoke.DbgHelp.dll": "E701136169620D20E3A70B560DE20E44",
  "PInvoke.DwmApi.dll": "ACF223CC8962404056648815B486F7D9",
  "PInvoke.Gdi32.dll": "69FF434826F98582CE44D3136ECFFACB",
  "PInvoke.Hid.dll": "2E7A41257F8AD9B26073181F450CD8E5",
  "PInvoke.ImageHlp.dll": "79BE816E8D86EA66489D7780DD675D49",
  "PInvoke.IPHlpApi.dll": "E949FA3326D1BA8872B179AB4EE49D38",
  "PInvoke.Kernel32.dll": "234E15B122ED430DE99490CA1A204958",
  "PInvoke.Magnification.dll": "C9EA3D34F506741ECC044DB19C151F09",
  "PInvoke.Msi.dll": "69EE50CE2DA6B55755E52589F49A7EBC",
  "PInvoke.NCrypt.dll": "DA1DE76C14D99370CA3BEF19DC299B15",
  "PInvoke.NetApi32.dll": "AE79F9FA2E3864A5E0642AE4622ECDC5",
  "PInvoke.NewDev.dll": "B3E1992105D986EF9C5C8E4B630FBB07",
  "PInvoke.NTDll.dll": "3F6BDF840EB27DD0FD9EB8071822183A",
  "PInvoke.Ole32.dll": "3C49FB100B60519FFE725BCD12A538F6",
  "PInvoke.Psapi.dll": "A7683EE4B880227F01C8AE632A892B9E",
  "PInvoke.SetupApi.dll": "1B7AE321185D0081D1759A9AD829F9BA",
  "PInvoke.SHCore.dll": "F27E7F063D51480F6D2294C903E4A606",
  "PInvoke.Shell32.dll": "F71A1BCAF6478190691170DAEA77722F",
  "PInvoke.User32.dll": "8BEDE38311ED4F27127290B81B8079FD",
  "PInvoke.Userenv.dll": "FEB7BCA90B8C905EC2F4BB0789847131",
  "PInvoke.UxTheme.dll": "8E683C016250CB719FDB9AAAFC22B3C5",
  "PInvoke.Windows.Core.dll": "90015440A44935208FFEA9BF61740651",
  "PInvoke.Windows.ShellScalingApi.dll": "F351B34B8C9183A51CADFDC279357C49",
  "PInvoke.WinUsb.dll": "9EB8A0280F2848D1A32B560A939F7336",
  "PInvoke.WtsApi32.dll": "341C94455D2E5893DBE4293D4D67AA4D",
  "Reloaded.Assembler.dll": "244B0DFD629D0BD7D6AE2BA07546EB02",
  "Reloaded.Hooks.Definitions.dll": "0DCBF66734553223064FE45D69838A07",
  "Reloaded.Hooks.dll": "AD7A47E22AB20FE059EC9116EF9E736D",
  "Reloaded.Memory.Buffers.dll": "74C60C6475394B59F0840B16B55262B9",
  "Reloaded.Memory.dll": "0C6D67B106F906C403DDCDF0BAD6D740",
  "revision.txt": "597C7B407A02CC0A92167E7A371ECA25",
  "SDL2-CS.config": "65557595FD5DF55D93B2BF881DE62C3A",
  "SDL2-CS.dll": "74DE21CEB03BA5E2F9277B9B2A0CE0B9",
  "Serilog.dll": "44FF2AFACE6EC3AB1204F83D5996AF9D",
  "Serilog.Sinks.Async.dll": "B58DD585F586A376DB26295E96195A14",
  "Serilog.Sinks.Console.dll": "907E6015E5A7F447BCC7D6103B97013D",
  "Serilog.Sinks.File.dll": "6771C0EC526DE59487A1DCAD05515394",
  "SharpDX.Direct3D11.dll": "0C22EE974346BA33587E892EE1A100B2",
  "SharpDX.dll": "14987AFEE4515B58D95CF20DB36523A6",
  "SharpDX.DXGI.dll": "E19E54DB508D3E1BC92D2F950E539084",
  "SharpDX.Mathematics.dll": "86FE3A54BFD0802BDE338047C7069D19",
  "Silk.NET.Core.dll": "310869D45F0E854D14971305E8AC3A46",
  "Silk.NET.GLFW.dll": "E08EA2AD4D3DCD5B1800F1E4D56732E4",
  "Silk.NET.Maths.dll": "3FC4B40BC87BB9EDF9D560B81BB024BA",
  "Silk.NET.OpenGL.dll": "B9FE5EBC35CDFA76EF2BDAE1251B7653",
  "Silk.NET.SDL.dll": "D0E1E8C744E09B646F262E7A6B111A98",
  "Silk.NET.Windowing.Common.dll": "19CF97A65DEEC6A8EE2B32D2D51D2F4B",
  "Silk.NET.Windowing.Glfw.dll": "BD9D939CF0D98E1CA58A38A70790CBCA",
  "Silk.NET.Windowing.Sdl.dll": "375A11FC4EF5DB36EF96EB1000CCD52B",
  "SQLite-net.dll": "09A58D85A2227E1592295794E9308C04",
  "SQLitePCLRaw.batteries_v2.dll": "C6AD7585968919923BD5E960BCE07B04",
  "SQLitePCLRaw.core.dll": "6A098C85A37082C4F1C98DF0646F5C72",
  "SQLitePCLRaw.nativelibrary.dll": "FEC02748333BA741A9BEB3D16D734C91",
  "SQLitePCLRaw.provider.dynamic_cdecl.dll": "DEB51283383C91AD79D10E215E7DFAAC",
  "StbiSharp.dll": "BE03150F35F5577F40CCC2D481FEC031",
  "System.Reactive.dll": "EF5A00287AD15393D41B12AA4B726FF7",
  "System.Reflection.MetadataLoadContext.dll": "7EC41D41F4E1246757BA3E2EC862D562",
  "System.Security.Cryptography.Pkcs.dll": "8950E01996A37E808BE3F39063C37BF9",
  "TEMP_gitver.txt": "35EC607CDDC35317A1192C42D9ADFBB8",
  "TerraFX.Interop.Windows.dll": "84F7EF6B0DE91F8CC23F773D3FD6DEC0",
  "Validation.dll": "8BE52675D596E00179CE10873290056A"
}
