{
  "runtimes\\alpine-x64\\native\\libe_sqlite3.so": "39C244FEDBCD3DFC37041D4FCE1AE21D",
  "runtimes\\linux-arm\\native\\libe_sqlite3.so": "96CF54BC0EFB83D6E3F5F3E04997A59D",
  "runtimes\\linux-arm64\\native\\libe_sqlite3.so": "F079E55E7F3F9966A4A2052A3234E068",
  "runtimes\\linux-armel\\native\\libe_sqlite3.so": "C5A67D49434FC65D64E9C15778078C76",
  "runtimes\\linux-mips64\\native\\libe_sqlite3.so": "5F8461214089CFC677D46C19B7162161",
  "runtimes\\linux-musl-x64\\native\\libe_sqlite3.so": "39C244FEDBCD3DFC37041D4FCE1AE21D",
  "runtimes\\linux-x64\\native\\libe_sqlite3.so": "6F49C540D3AB9964D67A4A704C3D262D",
  "runtimes\\linux-x86\\native\\libe_sqlite3.so": "5E0659B414CBD6DDC38C65582485853E",
  "runtimes\\osx-x64\\native\\libe_sqlite3.dylib": "F82AE134FCD1C080A69D775591406673",
  "runtimes\\win-arm\\native\\e_sqlite3.dll": "A080B530A6A2D908411E40060447AF68",
  "runtimes\\win-arm64\\native\\e_sqlite3.dll": "2F02ACD0B57CB93EABF92B559649F801",
  "runtimes\\win-x64\\native\\e_sqlite3.dll": "D88FDB292744CB2EB9776A1036AA1302",
  "runtimes\\win-x64\\native\\minhook.x64d.dll": "CC157BAA89BE3E548B555E98E5D81663",
  "runtimes\\win-x86\\native\\e_sqlite3.dll": "22F0FB9F512A0ECA19F6558B890DAA9A",
  "targets\\Dalamud.Plugin.Bootstrap.targets": "C85635161398CD9852CF7212DB7EB904",
  "targets\\Dalamud.Plugin.targets": "394EE2BEC70254F76ABBE2C33F62BBFA",
  "BCnEncoder.dll": "EBEA87E58E6250448E99D4F5F5CC67A6",
  "BitFaster.Caching.dll": "22C71E691754B12BACDAD1A29FF0ECEB",
  "CheapLoc.dll": "21DBC4E550A8290D292AECF6C8355EBF",
  "cimgui.dll": "AFF376B943C0FB8437E74B17D8DAA1D8",
  "cimguizmo.dll": "F58A5082AB3F2CA67892276419BD03E0",
  "cimplot.dll": "70644973FFD572B7A01E2F3D54E870B5",
  "commit_hash.txt": "C6624FDCA5DAC06E9E4D412971BF99C1",
  "CommunityToolkit.HighPerformance.dll": "66B64EC334625F2C5D341A45E28EEB43",
  "Dalamud.Bindings.ImGui.dll": "E1B3B08685E631FF8770D0B8315F1E35",
  "Dalamud.Bindings.ImGuizmo.dll": "77F9F3CCF5EDD8A3399D6AB57DFD7DA3",
  "Dalamud.Bindings.ImPlot.dll": "2586AA95965E6AE74FFA974BA331E3F2",
  "Dalamud.Boot.dll": "D326765EA4F4E3946AE82749188B7E59",
  "Dalamud.Common.dll": "F7C436B90ED314EA84AA30F3AC973CE0",
  "Dalamud.deps.json": "2BC2BA708C1627B62408A560FA2E0D32",
  "Dalamud.dll": "7BB68CC824F6A677291EB7F1303AC3E3",
  "Dalamud.Injector.deps.json": "AE17A723819E88058C70AA4BDA14CA37",
  "Dalamud.Injector.dll": "7C2D0B8F686DF7F2A774E1C646F7555C",
  "Dalamud.Injector.exe": "E3C2F3D4BCDEF35604888962E4A197A5",
  "Dalamud.Injector.runtimeconfig.json": "439C534917CEF268A731631073E50FE4",
  "Dalamud.Injector.xml": "07EC7B68C97460A1C8275C75BE82FAA9",
  "Dalamud.runtimeconfig.json": "CA3935E9C6B9E3300F2D7171E4AF6335",
  "Dalamud.xml": "2ED69DFD33554F14A3DF273E2A4712CE",
  "DalamudCrashHandler.exe": "CC5BB284CEDBF9A933507AE18C01EDA1",
  "FASM-LICENSE.TXT": "ECEA1D10811221D5F0A3E96F9C38E2C7",
  "FASM.DLL": "22D467F9FD35DC1F9D3142B5389A9D4C",
  "FASMX64.DLL": "5A6E9EC4BD92EDB9344E2784F2AAEBBB",
  "FFXIVClientStructs.dll": "232B4C8E6407287A77EBDA55CF139A2E",
  "FFXIVClientStructs.xml": "1DD1B69585CA15E07E429C185743ED50",
  "goatcorp.Reloaded.Assembler.dll": "7516134C2E083B55CFF5822FD7AF63A4",
  "goatcorp.Reloaded.Assembler.targets": "CC22CB0A353E2136EE9E6E96DB9F7164",
  "goatcorp.Reloaded.Hooks.dll": "FA0A3DA6BD58CF69C36B9A5F06FDB98C",
  "goatcorp.Reloaded.Memory.Buffers.dll": "8EE3542A40DF899079D9688FDD4D7300",
  "HexaGen.Runtime.dll": "DAB0C0A4F1EAB38F9E777DE095B7A159",
  "Iced.dll": "EAD915084E1C94AAEDEF4FAC68F0C573",
  "ImGuiScene.dll": "C1DE731B9489A88B8707F19AC546B198",
  "InteropGenerator.Runtime.dll": "F31890AC87DFD9C266EC5360A70B8B73",
  "JetBrains.Annotations.dll": "AB0AA5CC0A0FE76F5E4CC3A342121282",
  "licenses.txt": "A159BE62AA91178EFC3E3983AE874D1D",
  "Lumina.dll": "FEDF0557D2D1BD2DD4BCA73D09873648",
  "Lumina.Excel.dll": "29EC64885EDD3D9C5B439F45A37B2570",
  "Lumina.Excel.xml": "3D3B7AD224A8A04B92B2B311FB8DA535",
  "Microsoft.Extensions.ObjectPool.dll": "5510583E2B50BE953814615586673C33",
  "MinSharp.dll": "94AF669BC9891F07D260F70B10874205",
  "Mono.Cecil.dll": "4ABFE28B2A523F9666CDD04E200F9B0D",
  "Mono.Cecil.Mdb.dll": "07B77E599C1EF7CE54F949FAF545B6DA",
  "Mono.Cecil.Pdb.dll": "E3A38F4D0AAE30F41D6BA40792628165",
  "Mono.Cecil.Rocks.dll": "891BB5BA21796D8695B6F94377D9A857",
  "nethost.dll": "21F39F71E2F4B5BA9FB3F126872F2F9B",
  "Newtonsoft.Json.dll": "ADF3E3EECDE20B7C9661E9C47106A14A",
  "PeNet.Asn1.dll": "AA68E8071BF71CAD1787F9CB13054D8F",
  "PeNet.dll": "D34EA2C8003CF41F410EBB0398A3FDFA",
  "Reloaded.Hooks.Definitions.dll": "F99CA978811B5830EF244C6B2CF6ED5D",
  "Reloaded.Memory.Buffers.dll": "D9DCFEB812041C6CA642947C673DF887",
  "Reloaded.Memory.dll": "5C5E5E4B807FB0AFF1635FADC8F1C05E",
  "revision.txt": "92AE5CFEF57D9EF9A523753E45FC9B0B",
  "Serilog.dll": "DA014A0437BB5F20DF0CC6186704CBC7",
  "Serilog.Sinks.Async.dll": "F95E9006711FC8A8E96EC475C0000CB6",
  "Serilog.Sinks.Console.dll": "B21390AF32442E6B06F580627D7BB275",
  "Serilog.Sinks.File.dll": "5F27582317B673A003A4F263FFEE40FE",
  "SharpDX.Direct3D11.dll": "A2CA422BC2F272C25F364F33BF81ED87",
  "SharpDX.dll": "C039065734C02C96F75D889E7D62896D",
  "SharpDX.DXGI.dll": "13E4ADD38E23E4A32C42BE2055B24544",
  "SharpDX.Mathematics.dll": "499C5F276BD443ADFEF70A4C61B4D5B8",
  "SQLite-net.dll": "61B465B4909AECF6977D4B0037CD1550",
  "SQLitePCLRaw.batteries_v2.dll": "B4047BC27DAC6B17C21B2AFE17CC7E2E",
  "SQLitePCLRaw.core.dll": "0CC8664E10FF3839F395E6DEA62C799B",
  "SQLitePCLRaw.nativelibrary.dll": "C64E56A212B1565759EEEE2EF70322E5",
  "SQLitePCLRaw.provider.dynamic_cdecl.dll": "B237B71AB261891F6708743B11350AD3",
  "System.Reactive.dll": "EF5A00287AD15393D41B12AA4B726FF7",
  "System.Reflection.MetadataLoadContext.dll": "E88E3AF6D37736F339022C9ACC5F2F7B",
  "System.Security.Cryptography.Pkcs.dll": "8950E01996A37E808BE3F39063C37BF9",
  "TEMP_gitver.txt": "82CF83FCC6C0514B05701F07FF002FB4",
  "TerraFX.Interop.Windows.dll": "84F7EF6B0DE91F8CC23F773D3FD6DEC0"
}
