{
  "runtimes\\alpine-x64\\native\\libe_sqlite3.so": "39C244FEDBCD3DFC37041D4FCE1AE21D",
  "runtimes\\linux-arm\\native\\libe_sqlite3.so": "96CF54BC0EFB83D6E3F5F3E04997A59D",
  "runtimes\\linux-arm64\\native\\libe_sqlite3.so": "F079E55E7F3F9966A4A2052A3234E068",
  "runtimes\\linux-armel\\native\\libe_sqlite3.so": "C5A67D49434FC65D64E9C15778078C76",
  "runtimes\\linux-mips64\\native\\libe_sqlite3.so": "5F8461214089CFC677D46C19B7162161",
  "runtimes\\linux-musl-x64\\native\\libe_sqlite3.so": "39C244FEDBCD3DFC37041D4FCE1AE21D",
  "runtimes\\linux-x64\\native\\libe_sqlite3.so": "6F49C540D3AB9964D67A4A704C3D262D",
  "runtimes\\linux-x64\\native\\libglfw.so.3": "9E3137144F68B9E9793F4C7AD5B1BEA7",
  "runtimes\\linux-x64\\native\\libSDL2-2.0.so": "99B95A708381FC66AB2370E45A260527",
  "runtimes\\linux-x64\\native\\libstbi.so": "0945355ED59677D06E3E88F48101BB26",
  "runtimes\\linux-x86\\native\\libe_sqlite3.so": "5E0659B414CBD6DDC38C65582485853E",
  "runtimes\\osx-x64\\native\\libe_sqlite3.dylib": "F82AE134FCD1C080A69D775591406673",
  "runtimes\\osx-x64\\native\\libglfw.3.dylib": "1E30FAB2F0C40E82290AD4B0BF14A880",
  "runtimes\\osx-x64\\native\\libSDL2-2.0.dylib": "AAC958490586C67395F0A90903AE3747",
  "runtimes\\osx-x64\\native\\libstbi.dylib": "0B84B0A6A80178266018081C3CAB68E6",
  "runtimes\\win-arm\\native\\e_sqlite3.dll": "E26A54D246915AF8DD8D334E3F1B7E03",
  "runtimes\\win-arm64\\native\\e_sqlite3.dll": "6FC82D1CDB1DA9B82C1BEFB3F3EF723A",
  "runtimes\\win-x64\\native\\e_sqlite3.dll": "60C1DE46DBC9C5954FE7821E9AA9F2A9",
  "runtimes\\win-x64\\native\\glfw3.dll": "AB795C61229CA7901807D36FBA9CC663",
  "runtimes\\win-x64\\native\\minhook.x64d.dll": "301E585428C866D02B4858D3C3E004B7",
  "runtimes\\win-x64\\native\\SDL2.dll": "18B299EDF798EC454609A975E2044F35",
  "runtimes\\win-x64\\native\\stbi.dll": "8D53C655B9FCB23D6EDF2930D8790D03",
  "runtimes\\win-x64\\native\\stbi.lib": "927C214DE576219E1F80DBE7798A0502",
  "runtimes\\win-x86\\native\\e_sqlite3.dll": "985EA7040FAC566B332343EAB10473EB",
  "runtimes\\win-x86\\native\\glfw3.dll": "2913ADEF24CF763D8161CC2C084F10D3",
  "runtimes\\win-x86\\native\\SDL2.dll": "1EDBE5EB1B043BC50E9457D73B233CBF",
  "targets\\Dalamud.Plugin.Bootstrap.targets": "C85635161398CD9852CF7212DB7EB904",
  "targets\\Dalamud.Plugin.targets": "69D15EDFB3D4F0BEE3A099216E4DE057",
  "BitFaster.Caching.dll": "4A74001F20137DCFA3A4B4BD49C76240",
  "CheapLoc.dll": "46AD85189B8C85723F035C2CA8AECC3A",
  "cimgui.dll": "42C307B0D8B18640F05E0D641BD47DF9",
  "cimguizmo.dll": "5F95AE49EE53FF82881B337FC4FD62BB",
  "cimplot.dll": "FEB15BF98C10FD575F52F7916F4667B6",
  "commit_hash.txt": "C9E3DF2AB5A583129C9D64D917304646",
  "Dalamud.Boot.dll": "447C409ED6A348BBE54922CA6331D264",
  "Dalamud.Common.dll": "77670A2586C5605F3958086CA46165D3",
  "Dalamud.deps.json": "2507F5F2393564A6BF6C37B03F82CD86",
  "Dalamud.dll": "ABB8977DC343373421C9916607B0A088",
  "Dalamud.Injector.deps.json": "E30B9BD40106FFC14A5274A670979EDF",
  "Dalamud.Injector.dll": "2AC54BFAA43FDD15950840B42BE071C0",
  "Dalamud.Injector.exe": "E3FA4A3745399512A2B8129481BD236B",
  "Dalamud.Injector.runtimeconfig.json": "B9BB65FFE7924D4D8BABE9FA66303200",
  "Dalamud.Injector.xml": "D41E5DF541D19A015215E777D7395C9C",
  "Dalamud.runtimeconfig.json": "2A9CD915428BDD175E0889BD0C225F75",
  "Dalamud.xml": "D4B80FC2A5ABB31B7AF7FFC237D260DF",
  "DalamudCrashHandler.exe": "9EC06C5983823E1ECB739EC16FCFB087",
  "FASM-LICENSE.TXT": "ECEA1D10811221D5F0A3E96F9C38E2C7",
  "FASM.DLL": "C013FB3AFD3FB10AF1B76047F737831A",
  "FASMX64.DLL": "A54A60FF6576B5BB09BA0258445E935A",
  "FFXIVClientStructs.dll": "46D70E838DB4DAE32FCC7AB4EDA90C01",
  "FFXIVClientStructs.xml": "8B0B1F44C3D9652BF52317F562CA5A8F",
  "goaaats.Reloaded.Assembler.targets": "CC22CB0A353E2136EE9E6E96DB9F7164",
  "Iced.dll": "2A2CFC2A1D69DF0C0F961DC633D90DE4",
  "ImGui.NET.dll": "2D399BAA832F08A4068600A0B31B4873",
  "ImGuiScene.dll": "45D4CE45A705EE0673DFCCFB7EC980EA",
  "InteropGenerator.Runtime.dll": "95886995E37F93146FA364B206225638",
  "JetBrains.Annotations.dll": "3C8C2CFCED98E2B2893DF86FE9B643FB",
  "licenses.txt": "A159BE62AA91178EFC3E3983AE874D1D",
  "Lumina.dll": "07EB496DD57180FC53F2DFC514678AFA",
  "Lumina.Excel.dll": "38DAE1B0A343A429A13123CEA8EEF7B6",
  "Microsoft.Bcl.HashCode.dll": "613AB56061ADF2284E047025207467E0",
  "Microsoft.DotNet.PlatformAbstractions.dll": "00AB0F02B1114C57C758F5AD595224F1",
  "Microsoft.Extensions.DependencyModel.dll": "F39BC76C10CFEA478C936FC4521A9FC9",
  "Microsoft.Extensions.ObjectPool.dll": "FEE3CE8A84417360CC5ED787ED6F7DB1",
  "MinSharp.dll": "643C5FBAB7FD62295EC5635A526332C7",
  "Mono.Cecil.dll": "3FF76B5DDC68FEA760092DC7E08BB5E5",
  "Mono.Cecil.Mdb.dll": "FA0DAA582CAE56F999B8DBEC56879B85",
  "Mono.Cecil.Pdb.dll": "6EEF9B3FBDC4B89A00EF2333B9DFDC39",
  "Mono.Cecil.Rocks.dll": "2BD7D72D029E043900E97DAFAA7F71A6",
  "nethost.dll": "21F39F71E2F4B5BA9FB3F126872F2F9B",
  "Newtonsoft.Json.dll": "ADF3E3EECDE20B7C9661E9C47106A14A",
  "PeNet.Asn1.dll": "AC28FC57AA7AEB8809B3736DBDCAC1B4",
  "PeNet.dll": "ACBE4EAF5BC1BE2241221CA7F1D05C60",
  "PInvoke.AdvApi32.dll": "34EE461D05B403C3A15D0DEC32A3788C",
  "PInvoke.BCrypt.dll": "FD07758EE1440491F22923084109FF26",
  "PInvoke.Cabinet.dll": "333D950E3804735DA60CC41D614C63E2",
  "PInvoke.CfgMgr32.dll": "768BE7CC18EDCF78B296A72ABE891691",
  "PInvoke.Crypt32.dll": "E7B00B0851738F4A7F2C6D37DAA973B4",
  "PInvoke.DbgHelp.dll": "E701136169620D20E3A70B560DE20E44",
  "PInvoke.DwmApi.dll": "ACF223CC8962404056648815B486F7D9",
  "PInvoke.Gdi32.dll": "69FF434826F98582CE44D3136ECFFACB",
  "PInvoke.Hid.dll": "2E7A41257F8AD9B26073181F450CD8E5",
  "PInvoke.ImageHlp.dll": "79BE816E8D86EA66489D7780DD675D49",
  "PInvoke.IPHlpApi.dll": "E949FA3326D1BA8872B179AB4EE49D38",
  "PInvoke.Kernel32.dll": "234E15B122ED430DE99490CA1A204958",
  "PInvoke.Magnification.dll": "C9EA3D34F506741ECC044DB19C151F09",
  "PInvoke.Msi.dll": "69EE50CE2DA6B55755E52589F49A7EBC",
  "PInvoke.NCrypt.dll": "DA1DE76C14D99370CA3BEF19DC299B15",
  "PInvoke.NetApi32.dll": "AE79F9FA2E3864A5E0642AE4622ECDC5",
  "PInvoke.NewDev.dll": "B3E1992105D986EF9C5C8E4B630FBB07",
  "PInvoke.NTDll.dll": "3F6BDF840EB27DD0FD9EB8071822183A",
  "PInvoke.Ole32.dll": "3C49FB100B60519FFE725BCD12A538F6",
  "PInvoke.Psapi.dll": "A7683EE4B880227F01C8AE632A892B9E",
  "PInvoke.SetupApi.dll": "1B7AE321185D0081D1759A9AD829F9BA",
  "PInvoke.SHCore.dll": "F27E7F063D51480F6D2294C903E4A606",
  "PInvoke.Shell32.dll": "F71A1BCAF6478190691170DAEA77722F",
  "PInvoke.User32.dll": "8BEDE38311ED4F27127290B81B8079FD",
  "PInvoke.Userenv.dll": "FEB7BCA90B8C905EC2F4BB0789847131",
  "PInvoke.UxTheme.dll": "8E683C016250CB719FDB9AAAFC22B3C5",
  "PInvoke.Windows.Core.dll": "90015440A44935208FFEA9BF61740651",
  "PInvoke.Windows.ShellScalingApi.dll": "F351B34B8C9183A51CADFDC279357C49",
  "PInvoke.WinUsb.dll": "9EB8A0280F2848D1A32B560A939F7336",
  "PInvoke.WtsApi32.dll": "341C94455D2E5893DBE4293D4D67AA4D",
  "Reloaded.Assembler.dll": "95FA66F832A1648474CE6BABC90E9D49",
  "Reloaded.Hooks.Definitions.dll": "E9D5E7BB064D3E7FD22C5CC3FE0FD4AC",
  "Reloaded.Hooks.dll": "FB763E4F75E971FA850E0CE9C04F3B0C",
  "Reloaded.Memory.Buffers.dll": "3253E47E317E0B9B2713926BC856910A",
  "Reloaded.Memory.dll": "D56DFE023E0DC6FA2D5D591495F38544",
  "revision.txt": "54E8912427A8D007ECE906C577FDCA60",
  "SDL2-CS.config": "65557595FD5DF55D93B2BF881DE62C3A",
  "SDL2-CS.dll": "D8B6AB855CDF0787232C222AE659DA2F",
  "Serilog.dll": "1E5B36AC044F308715078D3A601AEE90",
  "Serilog.Sinks.Async.dll": "35EFD80FAF65EEC1079712B3032B84A3",
  "Serilog.Sinks.Console.dll": "A534674D3073D05D84C1EF3CB06C1B98",
  "Serilog.Sinks.File.dll": "95C6238229E38DD06FC439980A98F9E6",
  "SharpDX.Direct3D11.dll": "F6095A5ED21F5ACA060977CE125DF4E5",
  "SharpDX.dll": "0E34A2086BC52BB05493E9D267F581E3",
  "SharpDX.DXGI.dll": "0825227CC235D1A7E8964D2D77AAE32F",
  "SharpDX.Mathematics.dll": "FA4E74D697ADD1C74401BB9D19FE9640",
  "Silk.NET.Core.dll": "502A36349074804B3BF9F35B12A84552",
  "Silk.NET.GLFW.dll": "D71579F993F5497EA35D0D5C892407C4",
  "Silk.NET.Maths.dll": "768F5B7217A211A9981BACBFFE90C08F",
  "Silk.NET.OpenGL.dll": "E96AE8EEA70D94D4BD77C66FA21E929E",
  "Silk.NET.SDL.dll": "596C28700D9FD2A324BACBDCC540406D",
  "Silk.NET.Windowing.Common.dll": "28C3E78755E589513B68850386412999",
  "Silk.NET.Windowing.Glfw.dll": "4EC4772AFC7553C24381BD7E3E4B68AB",
  "Silk.NET.Windowing.Sdl.dll": "BC52F281C5B96E8FFC984ADF888FD555",
  "SQLite-net.dll": "A28A6D0CEBB7E1173BB23FF90D8BC204",
  "SQLitePCLRaw.batteries_v2.dll": "E4A183DA93B73D13F5C96F0B82885131",
  "SQLitePCLRaw.core.dll": "472A3BDAE001FB3312830D5D5ED08CE1",
  "SQLitePCLRaw.nativelibrary.dll": "AF7E44399CB93DCFCE823AAD73DA35F0",
  "SQLitePCLRaw.provider.dynamic_cdecl.dll": "3DC6FF16247052951128E40DDE7E556E",
  "StbiSharp.dll": "D623F2151EE1CD358C20BDCC74F34C99",
  "System.Reactive.dll": "EF5A00287AD15393D41B12AA4B726FF7",
  "System.Reflection.MetadataLoadContext.dll": "E88E3AF6D37736F339022C9ACC5F2F7B",
  "System.Security.Cryptography.Pkcs.dll": "8950E01996A37E808BE3F39063C37BF9",
  "TEMP_gitver.txt": "0B24C7D805558FD418504EC5D423FD18",
  "TerraFX.Interop.Windows.dll": "84F7EF6B0DE91F8CC23F773D3FD6DEC0",
  "Validation.dll": "D9E73CA1D79707927A695B1578681AA4"
}
