{
  "runtimes\\alpine-x64\\native\\libe_sqlite3.so": "39C244FEDBCD3DFC37041D4FCE1AE21D",
  "runtimes\\linux-arm\\native\\libe_sqlite3.so": "96CF54BC0EFB83D6E3F5F3E04997A59D",
  "runtimes\\linux-arm64\\native\\libe_sqlite3.so": "F079E55E7F3F9966A4A2052A3234E068",
  "runtimes\\linux-armel\\native\\libe_sqlite3.so": "C5A67D49434FC65D64E9C15778078C76",
  "runtimes\\linux-mips64\\native\\libe_sqlite3.so": "5F8461214089CFC677D46C19B7162161",
  "runtimes\\linux-musl-x64\\native\\libe_sqlite3.so": "39C244FEDBCD3DFC37041D4FCE1AE21D",
  "runtimes\\linux-x64\\native\\libe_sqlite3.so": "6F49C540D3AB9964D67A4A704C3D262D",
  "runtimes\\linux-x64\\native\\libglfw.so.3": "9E3137144F68B9E9793F4C7AD5B1BEA7",
  "runtimes\\linux-x64\\native\\libSDL2-2.0.so": "99B95A708381FC66AB2370E45A260527",
  "runtimes\\linux-x64\\native\\libstbi.so": "0945355ED59677D06E3E88F48101BB26",
  "runtimes\\linux-x86\\native\\libe_sqlite3.so": "5E0659B414CBD6DDC38C65582485853E",
  "runtimes\\osx-x64\\native\\libe_sqlite3.dylib": "F82AE134FCD1C080A69D775591406673",
  "runtimes\\osx-x64\\native\\libglfw.3.dylib": "1E30FAB2F0C40E82290AD4B0BF14A880",
  "runtimes\\osx-x64\\native\\libSDL2-2.0.dylib": "AAC958490586C67395F0A90903AE3747",
  "runtimes\\osx-x64\\native\\libstbi.dylib": "0B84B0A6A80178266018081C3CAB68E6",
  "runtimes\\win-arm\\native\\e_sqlite3.dll": "63770873F6DE514C3FDE839D5A4E06FC",
  "runtimes\\win-arm64\\native\\e_sqlite3.dll": "13581EC1FD099BB0BD166E49199C7F81",
  "runtimes\\win-x64\\native\\cimgui.dll": "911F4DEDC1829A304A9AD619816EFA7A",
  "runtimes\\win-x64\\native\\cimguizmo.dll": "E038DF11B8F25F5D5DEAE34E886AC6D6",
  "runtimes\\win-x64\\native\\cimplot.dll": "3FC44EDCA5E64919512CCA60504B30BC",
  "runtimes\\win-x64\\native\\e_sqlite3.dll": "787ECB70BD344E39E6B3C9FBFD41CC3A",
  "runtimes\\win-x64\\native\\glfw3.dll": "94830D78A15BF5391D45599A6D6C2EF1",
  "runtimes\\win-x64\\native\\minhook.x64d.dll": "DA715005535BF4174186730954A4AC16",
  "runtimes\\win-x64\\native\\SDL2.dll": "A8A11F891A0426B1957889AF21A42FF5",
  "runtimes\\win-x64\\native\\stbi.dll": "4D6345101D6C1AEECFA8B2785CFEC55A",
  "runtimes\\win-x64\\native\\stbi.lib": "927C214DE576219E1F80DBE7798A0502",
  "runtimes\\win-x86\\native\\e_sqlite3.dll": "2478D451A1F24CEC766CC0CCE93DDB75",
  "runtimes\\win-x86\\native\\glfw3.dll": "53C5146D4850F3A51647445D3F0300F7",
  "runtimes\\win-x86\\native\\SDL2.dll": "99698ADFE5C042648C6E3CFAD2F802B5",
  "targets\\Dalamud.Plugin.Bootstrap.targets": "C85635161398CD9852CF7212DB7EB904",
  "targets\\Dalamud.Plugin.targets": "69D15EDFB3D4F0BEE3A099216E4DE057",
  "BitFaster.Caching.dll": "68AD84139104003AD19702E7CFADABC9",
  "CheapLoc.dll": "6DC98C4C746EF97B343F977CF7A593F0",
  "commit_hash.txt": "C9703F08D2E164A53D1A4AA3C185238C",
  "Costura.dll": "B1B496C0FF7B3B92FA20D4EB60166A32",
  "Dalamud.Boot.dll": "A1087B40C842C0163B19431BB898C21B",
  "Dalamud.Common.dll": "B236D8992607CEB5600230F11AB26A0C",
  "Dalamud.deps.json": "ACED516AFB5C34F146220F05EEA3E31A",
  "Dalamud.dll": "AC108F15D2A6CBA46FBF830B3F12BDFC",
  "Dalamud.Injector.deps.json": "E30B9BD40106FFC14A5274A670979EDF",
  "Dalamud.Injector.dll": "1CAA988CFAF7A567EF3F5F3B9C3227A5",
  "Dalamud.Injector.exe": "79EA90A2B0E042B9A27DB30A1B813174",
  "Dalamud.Injector.runtimeconfig.json": "B9BB65FFE7924D4D8BABE9FA66303200",
  "Dalamud.Injector.xml": "D41E5DF541D19A015215E777D7395C9C",
  "Dalamud.runtimeconfig.json": "2A9CD915428BDD175E0889BD0C225F75",
  "Dalamud.xml": "C1678FA484B39D6E66E48909B3B93BCD",
  "DalamudCrashHandler.exe": "8858A14CD222346B56533CD91A76D758",
  "FASM-LICENSE.TXT": "ECEA1D10811221D5F0A3E96F9C38E2C7",
  "FASM.DLL": "3A541E2B7133AC42B3DCAD3AD9A7CC9E",
  "FASMX64.DLL": "ADE0B0CB6C7FE8CE4BD3791554A0EEBA",
  "FFXIVClientStructs.dll": "960839B00E722FDA82483FCE0205E945",
  "FFXIVClientStructs.xml": "20218EBBEA54CC125586F6DDD1A274A6",
  "goaaats.Reloaded.Assembler.targets": "CC22CB0A353E2136EE9E6E96DB9F7164",
  "Iced.dll": "EC237CE976DCA5275489DBF0B934E0CF",
  "ImGui.NET.dll": "D90EAAFE796C43FB33B4F010FCE01AA0",
  "ImGuiScene.dll": "393E119CB7FD3EEC9E9722E9A602C5C3",
  "InteropGenerator.Runtime.dll": "CE03A3053085FF1C3A09108545A26D5B",
  "JetBrains.Annotations.dll": "7030F6939688C458AA5C154CE34B0BFE",
  "licenses.txt": "A159BE62AA91178EFC3E3983AE874D1D",
  "Lumina.dll": "3669AD50964A1A51C51D8398E038E609",
  "Lumina.Excel.dll": "AABE2132D30DC2C0AC3C520E771918BA",
  "Microsoft.Bcl.HashCode.dll": "613AB56061ADF2284E047025207467E0",
  "Microsoft.DotNet.PlatformAbstractions.dll": "00AB0F02B1114C57C758F5AD595224F1",
  "Microsoft.Extensions.DependencyModel.dll": "F39BC76C10CFEA478C936FC4521A9FC9",
  "Microsoft.Extensions.ObjectPool.dll": "FEE3CE8A84417360CC5ED787ED6F7DB1",
  "MinSharp.dll": "58DC34444687D3423C03A3BE9D3F2EC3",
  "Mono.Cecil.dll": "40626F55956CE1FC7CDCC9EC8F887FBE",
  "Mono.Cecil.Mdb.dll": "A3FF4DD045B878B2C7427EEFA824ECB0",
  "Mono.Cecil.Pdb.dll": "745A545C37BB23BD7C17917055DFA221",
  "Mono.Cecil.Rocks.dll": "6D1129BC6243A063A0E454D28E8AB4FB",
  "nethost.dll": "21F39F71E2F4B5BA9FB3F126872F2F9B",
  "Newtonsoft.Json.dll": "ADF3E3EECDE20B7C9661E9C47106A14A",
  "PeNet.Asn1.dll": "AE6934DAEEBAF4ED749732C3CF05E966",
  "PeNet.dll": "59151CB70F7DFCECC418F756F7EBD72E",
  "PInvoke.AdvApi32.dll": "34EE461D05B403C3A15D0DEC32A3788C",
  "PInvoke.BCrypt.dll": "FD07758EE1440491F22923084109FF26",
  "PInvoke.Cabinet.dll": "333D950E3804735DA60CC41D614C63E2",
  "PInvoke.CfgMgr32.dll": "768BE7CC18EDCF78B296A72ABE891691",
  "PInvoke.Crypt32.dll": "E7B00B0851738F4A7F2C6D37DAA973B4",
  "PInvoke.DbgHelp.dll": "E701136169620D20E3A70B560DE20E44",
  "PInvoke.DwmApi.dll": "ACF223CC8962404056648815B486F7D9",
  "PInvoke.Gdi32.dll": "69FF434826F98582CE44D3136ECFFACB",
  "PInvoke.Hid.dll": "2E7A41257F8AD9B26073181F450CD8E5",
  "PInvoke.ImageHlp.dll": "79BE816E8D86EA66489D7780DD675D49",
  "PInvoke.IPHlpApi.dll": "E949FA3326D1BA8872B179AB4EE49D38",
  "PInvoke.Kernel32.dll": "234E15B122ED430DE99490CA1A204958",
  "PInvoke.Magnification.dll": "C9EA3D34F506741ECC044DB19C151F09",
  "PInvoke.Msi.dll": "69EE50CE2DA6B55755E52589F49A7EBC",
  "PInvoke.NCrypt.dll": "DA1DE76C14D99370CA3BEF19DC299B15",
  "PInvoke.NetApi32.dll": "AE79F9FA2E3864A5E0642AE4622ECDC5",
  "PInvoke.NewDev.dll": "B3E1992105D986EF9C5C8E4B630FBB07",
  "PInvoke.NTDll.dll": "3F6BDF840EB27DD0FD9EB8071822183A",
  "PInvoke.Ole32.dll": "3C49FB100B60519FFE725BCD12A538F6",
  "PInvoke.Psapi.dll": "A7683EE4B880227F01C8AE632A892B9E",
  "PInvoke.SetupApi.dll": "1B7AE321185D0081D1759A9AD829F9BA",
  "PInvoke.SHCore.dll": "F27E7F063D51480F6D2294C903E4A606",
  "PInvoke.Shell32.dll": "F71A1BCAF6478190691170DAEA77722F",
  "PInvoke.User32.dll": "8BEDE38311ED4F27127290B81B8079FD",
  "PInvoke.Userenv.dll": "FEB7BCA90B8C905EC2F4BB0789847131",
  "PInvoke.UxTheme.dll": "8E683C016250CB719FDB9AAAFC22B3C5",
  "PInvoke.Windows.Core.dll": "90015440A44935208FFEA9BF61740651",
  "PInvoke.Windows.ShellScalingApi.dll": "F351B34B8C9183A51CADFDC279357C49",
  "PInvoke.WinUsb.dll": "9EB8A0280F2848D1A32B560A939F7336",
  "PInvoke.WtsApi32.dll": "341C94455D2E5893DBE4293D4D67AA4D",
  "Reloaded.Assembler.dll": "A05B0C95EF1EC5FB6CF1AB6DEF7D7758",
  "Reloaded.Hooks.Definitions.dll": "77AC519C69D2679E7EBA1F83E53BA475",
  "Reloaded.Hooks.dll": "567BBDB756C5D3756D0AE79E1043F427",
  "Reloaded.Memory.Buffers.dll": "6BDFC1F71CC740EBE3F302999F645433",
  "Reloaded.Memory.dll": "96AB09F9E65D7AA9046BC2B4B7374612",
  "revision.txt": "4275F89744278864DA88C2FDA68EC4E9",
  "SDL2-CS.config": "65557595FD5DF55D93B2BF881DE62C3A",
  "SDL2-CS.dll": "B8C3A3372789F2C32C888BFAE25D803C",
  "Serilog.dll": "FF0F8B0F9E54A4B2F22EBEEE2EA54A84",
  "Serilog.Sinks.Async.dll": "54FF0DF43464CE8A199A38C85BD2099C",
  "Serilog.Sinks.Console.dll": "E1B092090353795ACA66546656C09E30",
  "Serilog.Sinks.File.dll": "57177D04D5F02940D31ED06C7DF32790",
  "SharpDX.Direct3D11.dll": "6270DA0B7776898BE28F2F895602082F",
  "SharpDX.dll": "61E9FB2B8203D23CF51ACFCD652087E7",
  "SharpDX.DXGI.dll": "C5E046B7962DFDACED01988C68414382",
  "SharpDX.Mathematics.dll": "EE18D864A9B92BB970BB854EEEF46B5F",
  "Silk.NET.Core.dll": "74DBF0B16A02FCEE9B42541F27724C11",
  "Silk.NET.GLFW.dll": "21D67D99C403A609248944C0F3A44E00",
  "Silk.NET.Maths.dll": "46DC43D71FC3B5F28CFA89AE8E35F802",
  "Silk.NET.OpenGL.dll": "BB254FFA5EB3D54633AAEDCEDB3F9498",
  "Silk.NET.SDL.dll": "ABB87331A1D2729675FD3102999DA980",
  "Silk.NET.Windowing.Common.dll": "D057DF9ED7D5F4EF7EE16848379E08E3",
  "Silk.NET.Windowing.Glfw.dll": "9349DEFB226253B82E4367A3FEF5BF75",
  "Silk.NET.Windowing.Sdl.dll": "035D9EEA762D118FD99C1CF9AE4288FB",
  "SQLite-net.dll": "011DBED9F80F456FAE7083E6E814BE98",
  "SQLitePCLRaw.batteries_v2.dll": "7EF1B6A86883B2E127B7889AD9445617",
  "SQLitePCLRaw.core.dll": "AD90A818CF787F3FDCB6063FFF7FEDA3",
  "SQLitePCLRaw.nativelibrary.dll": "93435721481796296B75A33A1F9B9B84",
  "SQLitePCLRaw.provider.dynamic_cdecl.dll": "C8265CC3DAC7AC5AB01B2AB12F1F4909",
  "StbiSharp.dll": "62980BDAB0F7134E472659A86B48DBBE",
  "System.Reactive.dll": "EF5A00287AD15393D41B12AA4B726FF7",
  "System.Reflection.MetadataLoadContext.dll": "E88E3AF6D37736F339022C9ACC5F2F7B",
  "System.Security.Cryptography.Pkcs.dll": "8950E01996A37E808BE3F39063C37BF9",
  "TEMP_gitver.txt": "AC94748FE2829540A010DDA7C43F36EB",
  "TerraFX.Interop.Windows.dll": "84F7EF6B0DE91F8CC23F773D3FD6DEC0",
  "Validation.dll": "5A76180150C2DE90B86DCF97D4D8C29C"
}
