{
  "runtimes\\alpine-x64\\native\\libe_sqlite3.so": "39C244FEDBCD3DFC37041D4FCE1AE21D",
  "runtimes\\linux-arm\\native\\libe_sqlite3.so": "96CF54BC0EFB83D6E3F5F3E04997A59D",
  "runtimes\\linux-arm64\\native\\libe_sqlite3.so": "F079E55E7F3F9966A4A2052A3234E068",
  "runtimes\\linux-armel\\native\\libe_sqlite3.so": "C5A67D49434FC65D64E9C15778078C76",
  "runtimes\\linux-mips64\\native\\libe_sqlite3.so": "5F8461214089CFC677D46C19B7162161",
  "runtimes\\linux-musl-x64\\native\\libe_sqlite3.so": "39C244FEDBCD3DFC37041D4FCE1AE21D",
  "runtimes\\linux-x64\\native\\libe_sqlite3.so": "6F49C540D3AB9964D67A4A704C3D262D",
  "runtimes\\linux-x64\\native\\libglfw.so.3": "9E3137144F68B9E9793F4C7AD5B1BEA7",
  "runtimes\\linux-x64\\native\\libSDL2-2.0.so": "99B95A708381FC66AB2370E45A260527",
  "runtimes\\linux-x64\\native\\libstbi.so": "0945355ED59677D06E3E88F48101BB26",
  "runtimes\\linux-x86\\native\\libe_sqlite3.so": "5E0659B414CBD6DDC38C65582485853E",
  "runtimes\\osx-x64\\native\\libe_sqlite3.dylib": "F82AE134FCD1C080A69D775591406673",
  "runtimes\\osx-x64\\native\\libglfw.3.dylib": "1E30FAB2F0C40E82290AD4B0BF14A880",
  "runtimes\\osx-x64\\native\\libSDL2-2.0.dylib": "AAC958490586C67395F0A90903AE3747",
  "runtimes\\osx-x64\\native\\libstbi.dylib": "0B84B0A6A80178266018081C3CAB68E6",
  "runtimes\\win-arm\\native\\e_sqlite3.dll": "7B1E68180BF4D50B9D1ED52B16ADF8BD",
  "runtimes\\win-arm64\\native\\e_sqlite3.dll": "CB2F85A7987CCABCE6B94A46FFA96730",
  "runtimes\\win-x64\\native\\cimgui.dll": "23C6D3568FA169B547745EABB988FF99",
  "runtimes\\win-x64\\native\\cimguizmo.dll": "32A0942F84C4B61F1EC3FBEE70089BB6",
  "runtimes\\win-x64\\native\\cimplot.dll": "BAC2EF33826A407FFAF07F7745F3FF1D",
  "runtimes\\win-x64\\native\\e_sqlite3.dll": "65B37B232C35786FBB644795B934644A",
  "runtimes\\win-x64\\native\\glfw3.dll": "199F278FACD50911C826B5F278DD0CA3",
  "runtimes\\win-x64\\native\\minhook.x64d.dll": "44F5459FFE68F90F9F66034BFD5C5C71",
  "runtimes\\win-x64\\native\\SDL2.dll": "58812013236812B95A973492B2ABFFC9",
  "runtimes\\win-x64\\native\\stbi.dll": "4A88E37EE6D290688C18E128C357C671",
  "runtimes\\win-x64\\native\\stbi.lib": "927C214DE576219E1F80DBE7798A0502",
  "runtimes\\win-x86\\native\\e_sqlite3.dll": "DF7D970060336BC01F325DB121AC366E",
  "runtimes\\win-x86\\native\\glfw3.dll": "F3B1665499FCB8352344E0DB9B31983F",
  "runtimes\\win-x86\\native\\SDL2.dll": "BDA82D4A2D49EE5B05B54E5FB95D030C",
  "targets\\Dalamud.Plugin.Bootstrap.targets": "C85635161398CD9852CF7212DB7EB904",
  "targets\\Dalamud.Plugin.targets": "DDD731601C06B16E10CF2F8990452A27",
  "BitFaster.Caching.dll": "885011EC88CE6031289E588FC19CE7DC",
  "CheapLoc.dll": "DCBA6440F4A9B82F2F8F0ABB6078D13D",
  "Costura.dll": "572A8D20C8BE95C8E5BF2699F3C1AEB1",
  "Dalamud.Boot.dll": "7529BC9320C8F5B0AA0937CAD8BFF3E2",
  "Dalamud.Common.dll": "941AFCE9336A2D921357BD518181F002",
  "Dalamud.deps.json": "9F3152C5A97A09FD0ACB6A8BFAD1A54B",
  "Dalamud.dll": "276FE11D2E8777DA52C82D84D91E9362",
  "Dalamud.Injector.deps.json": "C1FA0941DC8B38E415776C60C508AAB9",
  "Dalamud.Injector.dll": "761C578A0E4D8A9E12A6C08A83769C9D",
  "Dalamud.Injector.exe": "D0B139F0F0CB791230D3DC72CB3473B3",
  "Dalamud.Injector.runtimeconfig.json": "B9BB65FFE7924D4D8BABE9FA66303200",
  "Dalamud.Injector.xml": "D41E5DF541D19A015215E777D7395C9C",
  "Dalamud.runtimeconfig.json": "2A9CD915428BDD175E0889BD0C225F75",
  "Dalamud.xml": "58A6237EA3714FF91E88755B24D484DB",
  "DalamudCrashHandler.exe": "5EF19E3D02821E09BD3F28111C8A3F66",
  "FASM-LICENSE.TXT": "ECEA1D10811221D5F0A3E96F9C38E2C7",
  "FASM.DLL": "2F8341ED6A1385E6821FE46D1955C58F",
  "FASMX64.DLL": "90C3420CD4243BDA7F6D0612421A029F",
  "FFXIVClientStructs.dll": "0BD5A58D3781B05AA75C798BA9C30B10",
  "FFXIVClientStructs.xml": "664A83D1B19DB2890BD03509449DBCCC",
  "goaaats.Reloaded.Assembler.targets": "CC22CB0A353E2136EE9E6E96DB9F7164",
  "Iced.dll": "F04E5990A2B6A0D3CDF03C3D88D33363",
  "ImGui.NET.dll": "71B15588A554E66FA5D7F8155C2A2E44",
  "ImGuiScene.dll": "9792CA19CFC7F8BE186FAC41C6398AF8",
  "InteropGenerator.Runtime.dll": "8F953A3C2AEA4E7330B65BD702CBD5B4",
  "JetBrains.Annotations.dll": "24FEB9FF546DB7EE247A9C74BE4530BE",
  "licenses.txt": "A159BE62AA91178EFC3E3983AE874D1D",
  "Lumina.dll": "AB63DB40D8C03F87357026910070011A",
  "Lumina.Excel.dll": "7629E572288EB7BF70895AEBB46A7E73",
  "Microsoft.Bcl.HashCode.dll": "613AB56061ADF2284E047025207467E0",
  "Microsoft.DotNet.PlatformAbstractions.dll": "00AB0F02B1114C57C758F5AD595224F1",
  "Microsoft.Extensions.DependencyModel.dll": "F39BC76C10CFEA478C936FC4521A9FC9",
  "Microsoft.Extensions.ObjectPool.dll": "FEE3CE8A84417360CC5ED787ED6F7DB1",
  "MinSharp.dll": "5477688A945F7ECEFCDBB99C3F5D908B",
  "Mono.Cecil.dll": "EA4AAE4395231DC4BB54108324CD3946",
  "Mono.Cecil.Mdb.dll": "895D7D3B19CA84D717520D9C0425F189",
  "Mono.Cecil.Pdb.dll": "4633910531403FD2BB586A1620D3DF6D",
  "Mono.Cecil.Rocks.dll": "BC603FFA8B1D9B694F9CEF4AAD4B9EDE",
  "nethost.dll": "012081214FE71F0F6ADCD9F4A71B2B00",
  "Newtonsoft.Json.dll": "86A83A63F12B55FD3718CFBFB577D7DC",
  "PeNet.Asn1.dll": "0BC3507E7BBB06C5D0AB554681AF30A4",
  "PeNet.dll": "DF86632BC8A238AB467C4FC7B99E969B",
  "PInvoke.AdvApi32.dll": "34EE461D05B403C3A15D0DEC32A3788C",
  "PInvoke.BCrypt.dll": "FD07758EE1440491F22923084109FF26",
  "PInvoke.Cabinet.dll": "333D950E3804735DA60CC41D614C63E2",
  "PInvoke.CfgMgr32.dll": "768BE7CC18EDCF78B296A72ABE891691",
  "PInvoke.Crypt32.dll": "E7B00B0851738F4A7F2C6D37DAA973B4",
  "PInvoke.DbgHelp.dll": "E701136169620D20E3A70B560DE20E44",
  "PInvoke.DwmApi.dll": "ACF223CC8962404056648815B486F7D9",
  "PInvoke.Gdi32.dll": "69FF434826F98582CE44D3136ECFFACB",
  "PInvoke.Hid.dll": "2E7A41257F8AD9B26073181F450CD8E5",
  "PInvoke.ImageHlp.dll": "79BE816E8D86EA66489D7780DD675D49",
  "PInvoke.IPHlpApi.dll": "E949FA3326D1BA8872B179AB4EE49D38",
  "PInvoke.Kernel32.dll": "234E15B122ED430DE99490CA1A204958",
  "PInvoke.Magnification.dll": "C9EA3D34F506741ECC044DB19C151F09",
  "PInvoke.Msi.dll": "69EE50CE2DA6B55755E52589F49A7EBC",
  "PInvoke.NCrypt.dll": "DA1DE76C14D99370CA3BEF19DC299B15",
  "PInvoke.NetApi32.dll": "AE79F9FA2E3864A5E0642AE4622ECDC5",
  "PInvoke.NewDev.dll": "B3E1992105D986EF9C5C8E4B630FBB07",
  "PInvoke.NTDll.dll": "3F6BDF840EB27DD0FD9EB8071822183A",
  "PInvoke.Ole32.dll": "3C49FB100B60519FFE725BCD12A538F6",
  "PInvoke.Psapi.dll": "A7683EE4B880227F01C8AE632A892B9E",
  "PInvoke.SetupApi.dll": "1B7AE321185D0081D1759A9AD829F9BA",
  "PInvoke.SHCore.dll": "F27E7F063D51480F6D2294C903E4A606",
  "PInvoke.Shell32.dll": "F71A1BCAF6478190691170DAEA77722F",
  "PInvoke.User32.dll": "8BEDE38311ED4F27127290B81B8079FD",
  "PInvoke.Userenv.dll": "FEB7BCA90B8C905EC2F4BB0789847131",
  "PInvoke.UxTheme.dll": "8E683C016250CB719FDB9AAAFC22B3C5",
  "PInvoke.Windows.Core.dll": "90015440A44935208FFEA9BF61740651",
  "PInvoke.Windows.ShellScalingApi.dll": "F351B34B8C9183A51CADFDC279357C49",
  "PInvoke.WinUsb.dll": "9EB8A0280F2848D1A32B560A939F7336",
  "PInvoke.WtsApi32.dll": "341C94455D2E5893DBE4293D4D67AA4D",
  "Reloaded.Assembler.dll": "8A1C83CBBAD78502EE83CBCBDE99C00F",
  "Reloaded.Hooks.Definitions.dll": "D969788004AE9365BA58A63A3B2C678B",
  "Reloaded.Hooks.dll": "7907B0C13A2B4F689AAB64D2BB9B9C21",
  "Reloaded.Memory.Buffers.dll": "7804AC7F1411FCDBE1C96E8FBC8C6DDD",
  "Reloaded.Memory.dll": "51126545B2F3C63A1660B841474F58D3",
  "revision.txt": "81374713D991042A0E18865AA693CC24",
  "SDL2-CS.config": "65557595FD5DF55D93B2BF881DE62C3A",
  "SDL2-CS.dll": "A3CBA099632E07CC709F2AB3125E0324",
  "Serilog.dll": "E1D074AC8AB0AA2E55B15CE11BB71055",
  "Serilog.Sinks.Async.dll": "E7A0F9D9971F9269AD2363D4FA11AF76",
  "Serilog.Sinks.Console.dll": "21B035E1FB6001502B64469701091355",
  "Serilog.Sinks.File.dll": "8EA79444E05DE0F6BD4C5C5B7986CDC2",
  "SharpDX.Direct3D11.dll": "0BD8609B92908B9E438B61ED94EA6B39",
  "SharpDX.dll": "45A9247DB17658FBDC0C57539B0BD80C",
  "SharpDX.DXGI.dll": "AEE89D009795F487F0F4A62F3A416C4D",
  "SharpDX.Mathematics.dll": "67D7218FE7B42E5976E4ED29131FBB1F",
  "Silk.NET.Core.dll": "0FDC2706C25005257F5EA482F061E218",
  "Silk.NET.GLFW.dll": "BE0D007DBC188D986850DFC7CDA5C00B",
  "Silk.NET.Maths.dll": "14ECCCA62859D582A24BE0B92122C899",
  "Silk.NET.OpenGL.dll": "9F07B67B8AC913C2A7755F29FF7EE42A",
  "Silk.NET.SDL.dll": "FD48E308C06D45B8A6BFC4B2306890CC",
  "Silk.NET.Windowing.Common.dll": "45F263379E8AD2377376359D073472B0",
  "Silk.NET.Windowing.Glfw.dll": "B7D906898DDA2D0643924F0A34584D40",
  "Silk.NET.Windowing.Sdl.dll": "CD34962B2933A144D8DBB677902244CD",
  "SQLite-net.dll": "74B4A6928CEA9BBA802050A95DCB6922",
  "SQLitePCLRaw.batteries_v2.dll": "1C9E8A71B5D222D5DD768B64BC41AFCB",
  "SQLitePCLRaw.core.dll": "9524C664B26B346EBE01501C33C370F0",
  "SQLitePCLRaw.nativelibrary.dll": "BD3518395FBF542EFA7D86FFC894BFE1",
  "SQLitePCLRaw.provider.dynamic_cdecl.dll": "5801C6DB46F8AFEDCCAC70BB47436D02",
  "StbiSharp.dll": "4621DCD5053BC2D6400BAFCCE095237D",
  "System.Reactive.dll": "EF5A00287AD15393D41B12AA4B726FF7",
  "System.Reflection.MetadataLoadContext.dll": "7EC41D41F4E1246757BA3E2EC862D562",
  "System.Security.Cryptography.Pkcs.dll": "8950E01996A37E808BE3F39063C37BF9",
  "TEMP_gitver.txt": "08F3FCE656726AB070BFEA2400925C8E",
  "TerraFX.Interop.Windows.dll": "84F7EF6B0DE91F8CC23F773D3FD6DEC0",
  "Validation.dll": "92FAD3D581096BB6FDE0EEC33E7D1DCC"
}
