{
  "runtimes\\alpine-arm\\native\\libe_sqlite3.so": "87AF85204A246154501382901F3F6812",
  "runtimes\\alpine-arm64\\native\\libe_sqlite3.so": "CD4B9AAB53400EFE96ABC32B339A866A",
  "runtimes\\alpine-x64\\native\\libe_sqlite3.so": "6C9D6E34F1E932668237404D6EB6FC66",
  "runtimes\\browser-wasm\\nativeassets\\net7.0\\e_sqlite3.a": "E25518AC5EAD5E787448F3258236888E",
  "runtimes\\linux-arm\\native\\libe_sqlite3.so": "B8DA0DB6A447B5CCE98207F6A250FB84",
  "runtimes\\linux-arm64\\native\\libe_sqlite3.so": "A888898B38395A15F2DE200BAA8B486F",
  "runtimes\\linux-armel\\native\\libe_sqlite3.so": "54F3F4183B81387F7928ED0BB9B67B32",
  "runtimes\\linux-mips64\\native\\libe_sqlite3.so": "D56886A2E2F081CDEA1621BB18132764",
  "runtimes\\linux-musl-arm\\native\\libe_sqlite3.so": "87AF85204A246154501382901F3F6812",
  "runtimes\\linux-musl-arm64\\native\\libe_sqlite3.so": "CD4B9AAB53400EFE96ABC32B339A866A",
  "runtimes\\linux-musl-x64\\native\\libe_sqlite3.so": "6C9D6E34F1E932668237404D6EB6FC66",
  "runtimes\\linux-s390x\\native\\libe_sqlite3.so": "CB751CC76F280849C0E2F718D6784E69",
  "runtimes\\linux-x64\\native\\libe_sqlite3.so": "30098E7FAEB947BF5A5AE2FDB34E4461",
  "runtimes\\linux-x86\\native\\libe_sqlite3.so": "68872BD5071077981504636C2353EAA8",
  "runtimes\\maccatalyst-arm64\\native\\libe_sqlite3.dylib": "B2597C8799A6D21E5B98DB28C9C725FD",
  "runtimes\\maccatalyst-x64\\native\\libe_sqlite3.dylib": "19DCF2A64A7B5D1B8C7705AC809653A5",
  "runtimes\\osx-arm64\\native\\libe_sqlite3.dylib": "FB6D0058E0E849FA8715911B49790350",
  "runtimes\\osx-x64\\native\\libe_sqlite3.dylib": "DE5735102E730C1518C029DB3A0040A9",
  "runtimes\\win-arm\\native\\e_sqlite3.dll": "3737DB6CB1C4E463E0DB9678F39FDA61",
  "runtimes\\win-arm64\\native\\e_sqlite3.dll": "57827BEC088B1C385BA403CCF3EC19BF",
  "runtimes\\win-x64\\native\\e_sqlite3.dll": "C02004AABC042A2EF178801C606BEDDE",
  "runtimes\\win-x64\\native\\minhook.x64d.dll": "C2BA8F9F09BB6447788079F07EF03F46",
  "runtimes\\win-x86\\native\\e_sqlite3.dll": "075B2FE9366E6EA29AAB48046E8F826E",
  "BCnEncoder.dll": "F52E23DBFB87C33AA6E715B88C8E39F1",
  "BitFaster.Caching.dll": "319C7CB964C6F0CD84628E12F7B34AAA",
  "CheapLoc.dll": "BF0C7BDFC92BFA2943F6B077CF65F592",
  "cimgui.dll": "1121EC29C439BC9E06F8C032606426A7",
  "cimguizmo.dll": "5C8BAFB4D4DD5E0FBD609BF016FF191B",
  "cimplot.dll": "7AFC99065E51B88FF61A5EF929FF9541",
  "commit_hash.txt": "137CE1E9C5F8CEED129B2D5B48401557",
  "CommunityToolkit.HighPerformance.dll": "66B64EC334625F2C5D341A45E28EEB43",
  "Dalamud.Bindings.ImGui.dll": "4DD3EB9D2192CC3FD0AE66011BF83A10",
  "Dalamud.Bindings.ImGuizmo.dll": "7014534C8E4648CE87CDC595AF5B3CF5",
  "Dalamud.Bindings.ImPlot.dll": "052FC57D0C07A2D2C7FEFBB4FFB34C42",
  "Dalamud.Boot.dll": "F244D5B530E8D510CA84B3A268CF3469",
  "Dalamud.Common.dll": "4A54784625680621C0C691730A48E83C",
  "Dalamud.deps.json": "6B45C131FE13B820CF1029D5B98D4AA2",
  "Dalamud.dll": "1EFC736F15B58D61C820571367DD6A94",
  "Dalamud.Injector.deps.json": "28C3C412E18C8E21BCEC052CCAF9CE11",
  "Dalamud.Injector.dll": "DBA92907AE740A0D1F55D4474AD2B4C5",
  "Dalamud.Injector.exe": "C417733A11224EC646D5AB7913E5E16F",
  "Dalamud.Injector.runtimeconfig.json": "481C4D4F6151485203242D25F632FCC5",
  "Dalamud.Injector.xml": "573870DEB8A9854EC20203EDE9D78425",
  "Dalamud.runtimeconfig.json": "9DB7F0D7C94CA1AA6CA3ACFA6F93A1D8",
  "Dalamud.xml": "DFAA841D9F8F1288EE2AD761F2043A31",
  "DalamudCrashHandler.exe": "8003E46694DC0473E59953C03993A2E6",
  "FASM-LICENSE.TXT": "ECEA1D10811221D5F0A3E96F9C38E2C7",
  "FASM.DLL": "F6C7A4D93937DEAB5F28E3A570253AB4",
  "FASMX64.DLL": "573CC2D331DDBE1B7D92991A7406C084",
  "FFXIVClientStructs.dll": "E7ECB928E26BB0CEE9BB2AB46640CAA3",
  "FFXIVClientStructs.xml": "FFE0626399FE000B13490EB2FF4159D4",
  "goatcorp.Reloaded.Assembler.dll": "D4DA592FB2B4D13CE0BF86C0C7150D18",
  "goatcorp.Reloaded.Assembler.targets": "CC22CB0A353E2136EE9E6E96DB9F7164",
  "goatcorp.Reloaded.Hooks.dll": "A6DC6D31BFDA37759D8A3D408DDE3DCD",
  "goatcorp.Reloaded.Memory.Buffers.dll": "FA412CF497C40EBF37BA626929B929A9",
  "HexaGen.Runtime.dll": "D55B1B7B01498A740741E2DB9637BD86",
  "Iced.dll": "F65272217735F8193279167503E553EF",
  "ImGuiScene.dll": "FFF9AE4CD999F7C7451EEE0AB9A19339",
  "InteropGenerator.Runtime.dll": "CFBEA04F942CA6B3569D953A93AF0BC1",
  "JetBrains.Annotations.dll": "D334483DFBCF8BE6062277E1FB3B94F3",
  "licenses.txt": "A159BE62AA91178EFC3E3983AE874D1D",
  "Lumina.dll": "E7634894DADAF241C97D9EEB64B11703",
  "Lumina.Excel.dll": "2C074EAD579DB2BE2AE21D8259BBA18A",
  "Lumina.Excel.xml": "8C361FFD52612B54A308E043847D6823",
  "Microsoft.Extensions.ObjectPool.dll": "CB2B8426DF93B062B631BC85B3369BED",
  "MinSharp.dll": "8F2BA8C3B8D6609DC0F37CCC342C0443",
  "Mono.Cecil.dll": "A774CD9B15699574F6A048B57740E065",
  "Mono.Cecil.Mdb.dll": "903B3FF7DA05DB76990E52FEAEB1EF6E",
  "Mono.Cecil.Pdb.dll": "92EF7D25056240F8CCB9BFC34C5CDD43",
  "Mono.Cecil.Rocks.dll": "FA7F89542670CFDA9966E49F9B140B63",
  "nethost.dll": "21F39F71E2F4B5BA9FB3F126872F2F9B",
  "Newtonsoft.Json.dll": "C252FE44B67A08E6DAB4EADE3764DB49",
  "PeNet.Asn1.dll": "A0A62A823E6659E2F9AE443E24989A1A",
  "PeNet.dll": "43546BC6B94E5169EEEAC88D5AADF033",
  "Reloaded.Hooks.Definitions.dll": "BB4DD2194CC4FEE25E6B84409EAA6B8E",
  "Reloaded.Memory.Buffers.dll": "38C95F26961091229F57F76208330C56",
  "Reloaded.Memory.dll": "13F1A2966A3EDA105C836C9097E5578A",
  "revision.txt": "3A2EE1496ACDEEECE4124055B3799C33",
  "Serilog.dll": "B3111B26C90922AC601FB61DC07E4CAD",
  "Serilog.Sinks.Async.dll": "C892A4C0BF59345CB847BFFC00AB2E63",
  "Serilog.Sinks.Console.dll": "664D79AEF4C378D39F7BC08085AE35C3",
  "Serilog.Sinks.File.dll": "64FF8079CBA2F6C37B6F344975BFC259",
  "SQLite-net.dll": "890B445671D169BB9DDEFC8D812E29DF",
  "SQLitePCLRaw.batteries_v2.dll": "1392818C92F94AB5E727DBA5BA721B26",
  "SQLitePCLRaw.core.dll": "BDED55F6905BBE8A808FC2DA078182DF",
  "SQLitePCLRaw.provider.e_sqlite3.dll": "55A85B20A0F1125D2AD76C39283E4644",
  "System.Reactive.dll": "C6016588304D55406E3D1C2FA7D42903",
  "System.Reflection.MetadataLoadContext.dll": "284C720DEE2524BCF10DD1B5648AA303",
  "System.Security.Cryptography.Pkcs.dll": "17945B2BF07D9377E36AD3EBE69FF693",
  "TEMP_gitver.txt": "F57EF75D60D48F8F1B821C994B905CE6",
  "TerraFX.Interop.Windows.dll": "C75D06E77DE5A095D45676A81CDE0DC9"
}
