{
  "runtimes\\alpine-x64\\native\\libe_sqlite3.so": "39C244FEDBCD3DFC37041D4FCE1AE21D",
  "runtimes\\linux-arm\\native\\libe_sqlite3.so": "96CF54BC0EFB83D6E3F5F3E04997A59D",
  "runtimes\\linux-arm64\\native\\libe_sqlite3.so": "F079E55E7F3F9966A4A2052A3234E068",
  "runtimes\\linux-armel\\native\\libe_sqlite3.so": "C5A67D49434FC65D64E9C15778078C76",
  "runtimes\\linux-mips64\\native\\libe_sqlite3.so": "5F8461214089CFC677D46C19B7162161",
  "runtimes\\linux-musl-x64\\native\\libe_sqlite3.so": "39C244FEDBCD3DFC37041D4FCE1AE21D",
  "runtimes\\linux-x64\\native\\libe_sqlite3.so": "6F49C540D3AB9964D67A4A704C3D262D",
  "runtimes\\linux-x64\\native\\libglfw.so.3": "9E3137144F68B9E9793F4C7AD5B1BEA7",
  "runtimes\\linux-x64\\native\\libSDL2-2.0.so": "99B95A708381FC66AB2370E45A260527",
  "runtimes\\linux-x64\\native\\libstbi.so": "0945355ED59677D06E3E88F48101BB26",
  "runtimes\\linux-x86\\native\\libe_sqlite3.so": "5E0659B414CBD6DDC38C65582485853E",
  "runtimes\\osx-x64\\native\\libe_sqlite3.dylib": "F82AE134FCD1C080A69D775591406673",
  "runtimes\\osx-x64\\native\\libglfw.3.dylib": "1E30FAB2F0C40E82290AD4B0BF14A880",
  "runtimes\\osx-x64\\native\\libSDL2-2.0.dylib": "AAC958490586C67395F0A90903AE3747",
  "runtimes\\osx-x64\\native\\libstbi.dylib": "0B84B0A6A80178266018081C3CAB68E6",
  "runtimes\\win-arm\\native\\e_sqlite3.dll": "7C85F117C39EE8A41CCACD54253D4BF0",
  "runtimes\\win-arm64\\native\\e_sqlite3.dll": "3927C691590E875B9AE8DAC44150D8B6",
  "runtimes\\win-x64\\native\\cimgui.dll": "D075EE73D8CEA7974E59D52EB24F3989",
  "runtimes\\win-x64\\native\\cimguizmo.dll": "F7B3D95896044147FD1DA2FA9661E1F8",
  "runtimes\\win-x64\\native\\cimplot.dll": "AA3D8D633BCDFD1B05D4524E7FC3BC7E",
  "runtimes\\win-x64\\native\\e_sqlite3.dll": "AB16AAC2387A9A998883187D0BA319E9",
  "runtimes\\win-x64\\native\\glfw3.dll": "30DD98E9303E566C0EDD97C94CA69D81",
  "runtimes\\win-x64\\native\\minhook.x64d.dll": "8CFD148907A50329E1AC43D06542C503",
  "runtimes\\win-x64\\native\\SDL2.dll": "29C21053212717A3460FBF04A45EA9D8",
  "runtimes\\win-x64\\native\\stbi.dll": "137434D9BEDBE03203C2C34CD71EBC8A",
  "runtimes\\win-x64\\native\\stbi.lib": "927C214DE576219E1F80DBE7798A0502",
  "runtimes\\win-x86\\native\\e_sqlite3.dll": "22009DB6D031A755F5DAA0A7FEB40F81",
  "runtimes\\win-x86\\native\\glfw3.dll": "3AE152B3AE400FA68AF3E45EFB416927",
  "runtimes\\win-x86\\native\\SDL2.dll": "C242AF1B0B397E547F283CBF360D9FD8",
  "targets\\Dalamud.Plugin.Bootstrap.targets": "C85635161398CD9852CF7212DB7EB904",
  "targets\\Dalamud.Plugin.targets": "DDD731601C06B16E10CF2F8990452A27",
  "BitFaster.Caching.dll": "5E2CE5FED6806DA5848D0D9FF24DEAC7",
  "CheapLoc.dll": "1DC7632B8D8339E1547F2B6F216F047D",
  "Costura.dll": "AB717E0F3786FDCC45FCB73A3CB019D8",
  "Dalamud.Boot.dll": "CAC1244E1AEF398FB217410015092C63",
  "Dalamud.Common.dll": "9C12382D91677994F8E880932FFCA3DD",
  "Dalamud.deps.json": "A736C763D55869EC3B05CE39FB863E50",
  "Dalamud.dll": "0FB409F60B4108842AA34BDF121565C2",
  "Dalamud.Injector.deps.json": "C1FA0941DC8B38E415776C60C508AAB9",
  "Dalamud.Injector.dll": "9DB79B826691B05C5453B85C36B1D476",
  "Dalamud.Injector.exe": "1E857DBD804A600A91F5654A35291266",
  "Dalamud.Injector.runtimeconfig.json": "B9BB65FFE7924D4D8BABE9FA66303200",
  "Dalamud.Injector.xml": "D41E5DF541D19A015215E777D7395C9C",
  "Dalamud.runtimeconfig.json": "2A9CD915428BDD175E0889BD0C225F75",
  "Dalamud.xml": "6D083C0A64DBD4274E54D6D5EB19523B",
  "DalamudCrashHandler.exe": "D88DA8C99D11C2662AF44C69D671D45A",
  "FASM-LICENSE.TXT": "ECEA1D10811221D5F0A3E96F9C38E2C7",
  "FASM.DLL": "0D0D8A15F8755644EDAAAA84FC822215",
  "FASMX64.DLL": "857E6446B3320F82EECC6A630A895EAE",
  "FFXIVClientStructs.dll": "881A630C8A63F71F154F4238474DE9B5",
  "FFXIVClientStructs.xml": "38523E90AE638DD79E1E3CCBD4D2C59E",
  "goaaats.Reloaded.Assembler.targets": "CC22CB0A353E2136EE9E6E96DB9F7164",
  "Iced.dll": "5C8C90295D9383FF6C2D87E07515CF85",
  "ImGui.NET.dll": "229EB127E7EBAB2FEFE357C3D886AE4E",
  "ImGuiScene.dll": "5AD43ED61D4400CD2A5C970C8C97A93C",
  "InteropGenerator.Runtime.dll": "9D819CAB352FE92133520850F45E06E0",
  "JetBrains.Annotations.dll": "1C3CAE5EE66474653C57F2EA3F52CDD2",
  "licenses.txt": "A159BE62AA91178EFC3E3983AE874D1D",
  "Lumina.dll": "B91352CC6833DA7EEE9A541DD89FDC8D",
  "Lumina.Excel.dll": "B44B10B2CA9EAE456092EC615E4852CA",
  "Microsoft.Bcl.HashCode.dll": "613AB56061ADF2284E047025207467E0",
  "Microsoft.DotNet.PlatformAbstractions.dll": "00AB0F02B1114C57C758F5AD595224F1",
  "Microsoft.Extensions.DependencyModel.dll": "F39BC76C10CFEA478C936FC4521A9FC9",
  "Microsoft.Extensions.ObjectPool.dll": "FEE3CE8A84417360CC5ED787ED6F7DB1",
  "MinSharp.dll": "E5534C2873338BFC4A94831556EB04C5",
  "Mono.Cecil.dll": "5C7472E6F2867B6D9DBEC1403156C12B",
  "Mono.Cecil.Mdb.dll": "0E12F6942B6836CD16751641D2696B45",
  "Mono.Cecil.Pdb.dll": "CACB4FC0B56AFE7C5E6D996E4B58FE9E",
  "Mono.Cecil.Rocks.dll": "87814066BDDAB83F8C7313EC91C742DA",
  "nethost.dll": "012081214FE71F0F6ADCD9F4A71B2B00",
  "Newtonsoft.Json.dll": "86A83A63F12B55FD3718CFBFB577D7DC",
  "PeNet.Asn1.dll": "09740875443A512BE6DA689A8D71A273",
  "PeNet.dll": "AC211262B0EBF5A6D142EB780F599B4C",
  "PInvoke.AdvApi32.dll": "34EE461D05B403C3A15D0DEC32A3788C",
  "PInvoke.BCrypt.dll": "FD07758EE1440491F22923084109FF26",
  "PInvoke.Cabinet.dll": "333D950E3804735DA60CC41D614C63E2",
  "PInvoke.CfgMgr32.dll": "768BE7CC18EDCF78B296A72ABE891691",
  "PInvoke.Crypt32.dll": "E7B00B0851738F4A7F2C6D37DAA973B4",
  "PInvoke.DbgHelp.dll": "E701136169620D20E3A70B560DE20E44",
  "PInvoke.DwmApi.dll": "ACF223CC8962404056648815B486F7D9",
  "PInvoke.Gdi32.dll": "69FF434826F98582CE44D3136ECFFACB",
  "PInvoke.Hid.dll": "2E7A41257F8AD9B26073181F450CD8E5",
  "PInvoke.ImageHlp.dll": "79BE816E8D86EA66489D7780DD675D49",
  "PInvoke.IPHlpApi.dll": "E949FA3326D1BA8872B179AB4EE49D38",
  "PInvoke.Kernel32.dll": "234E15B122ED430DE99490CA1A204958",
  "PInvoke.Magnification.dll": "C9EA3D34F506741ECC044DB19C151F09",
  "PInvoke.Msi.dll": "69EE50CE2DA6B55755E52589F49A7EBC",
  "PInvoke.NCrypt.dll": "DA1DE76C14D99370CA3BEF19DC299B15",
  "PInvoke.NetApi32.dll": "AE79F9FA2E3864A5E0642AE4622ECDC5",
  "PInvoke.NewDev.dll": "B3E1992105D986EF9C5C8E4B630FBB07",
  "PInvoke.NTDll.dll": "3F6BDF840EB27DD0FD9EB8071822183A",
  "PInvoke.Ole32.dll": "3C49FB100B60519FFE725BCD12A538F6",
  "PInvoke.Psapi.dll": "A7683EE4B880227F01C8AE632A892B9E",
  "PInvoke.SetupApi.dll": "1B7AE321185D0081D1759A9AD829F9BA",
  "PInvoke.SHCore.dll": "F27E7F063D51480F6D2294C903E4A606",
  "PInvoke.Shell32.dll": "F71A1BCAF6478190691170DAEA77722F",
  "PInvoke.User32.dll": "8BEDE38311ED4F27127290B81B8079FD",
  "PInvoke.Userenv.dll": "FEB7BCA90B8C905EC2F4BB0789847131",
  "PInvoke.UxTheme.dll": "8E683C016250CB719FDB9AAAFC22B3C5",
  "PInvoke.Windows.Core.dll": "90015440A44935208FFEA9BF61740651",
  "PInvoke.Windows.ShellScalingApi.dll": "F351B34B8C9183A51CADFDC279357C49",
  "PInvoke.WinUsb.dll": "9EB8A0280F2848D1A32B560A939F7336",
  "PInvoke.WtsApi32.dll": "341C94455D2E5893DBE4293D4D67AA4D",
  "Reloaded.Assembler.dll": "2E71190F8D874B4F0EEE51C35797CA55",
  "Reloaded.Hooks.Definitions.dll": "ED096CB44B857A51E5EEAC42453AA8A7",
  "Reloaded.Hooks.dll": "ADB45BA41FB001FAD98C6F77645B004F",
  "Reloaded.Memory.Buffers.dll": "094B9DB3230604B448DFF8891CF9EB2A",
  "Reloaded.Memory.dll": "3BA69C78FE2E8F06620B7BB32EC13620",
  "revision.txt": "3B8C6DC0B282E4AA77AC2A109DBC83C8",
  "SDL2-CS.config": "65557595FD5DF55D93B2BF881DE62C3A",
  "SDL2-CS.dll": "B42DFDD6B59B91B95B5A84DEC1472C84",
  "Serilog.dll": "942265FD86FEB29067D1638286DCEA45",
  "Serilog.Sinks.Async.dll": "84B4704F7E67BB4926B1166604628CDF",
  "Serilog.Sinks.Console.dll": "3B6DE2B42BB7420A050F5B2DD8CFE391",
  "Serilog.Sinks.File.dll": "679FD4AEB7CBD48D546777F11F3F6564",
  "SharpDX.Direct3D11.dll": "C4A1C81943AC5762F69809F761963191",
  "SharpDX.dll": "D83583D4C0E4725F9D94AF59D09A8B86",
  "SharpDX.DXGI.dll": "36213A7E004EDC25C03F90EEF96273D8",
  "SharpDX.Mathematics.dll": "41541D029CE09DCA18EAF6D9883AE3B9",
  "Silk.NET.Core.dll": "7F4A8ACEEEE6E40E40F983BF16AC1CCB",
  "Silk.NET.GLFW.dll": "46ADC554CB256635DF8AD8818E60BD1C",
  "Silk.NET.Maths.dll": "02973A1442B54C732CC68F3DB517E572",
  "Silk.NET.OpenGL.dll": "E0DC026308F35693D5632AC9C8560120",
  "Silk.NET.SDL.dll": "82715529D1147496E641B7A8970666BE",
  "Silk.NET.Windowing.Common.dll": "BEE14A97F67C8BFED4F0689C784019E2",
  "Silk.NET.Windowing.Glfw.dll": "D81AD2569F8720E5E1525381D08698F5",
  "Silk.NET.Windowing.Sdl.dll": "980695CA2AB7F44E55D8884CFC2FDEFC",
  "SQLite-net.dll": "BAD19628E8C6CF8EC2F968B042902445",
  "SQLitePCLRaw.batteries_v2.dll": "31E2A3E85E8822B58851C634D04C28E3",
  "SQLitePCLRaw.core.dll": "87088CFBB29A4DDB71CB483EE50D3AE3",
  "SQLitePCLRaw.nativelibrary.dll": "7BFBC7E3D2DD0AE29F48313BBAB487FF",
  "SQLitePCLRaw.provider.dynamic_cdecl.dll": "BA8A2A973BD495C2CFC597DDC158C57D",
  "StbiSharp.dll": "382DEE0A47350B6064AF8B50782ECA5F",
  "System.Reactive.dll": "EF5A00287AD15393D41B12AA4B726FF7",
  "System.Reflection.MetadataLoadContext.dll": "7EC41D41F4E1246757BA3E2EC862D562",
  "System.Security.Cryptography.Pkcs.dll": "8950E01996A37E808BE3F39063C37BF9",
  "TEMP_gitver.txt": "C94F81979B5C0A697A65CEF4403657D4",
  "TerraFX.Interop.Windows.dll": "84F7EF6B0DE91F8CC23F773D3FD6DEC0",
  "Validation.dll": "FA1C207080E2C9D1784C7CEAD251EE60"
}
