{
  "runtimes\\alpine-x64\\native\\libe_sqlite3.so": "39C244FEDBCD3DFC37041D4FCE1AE21D",
  "runtimes\\linux-arm\\native\\libe_sqlite3.so": "96CF54BC0EFB83D6E3F5F3E04997A59D",
  "runtimes\\linux-arm64\\native\\libe_sqlite3.so": "F079E55E7F3F9966A4A2052A3234E068",
  "runtimes\\linux-armel\\native\\libe_sqlite3.so": "C5A67D49434FC65D64E9C15778078C76",
  "runtimes\\linux-mips64\\native\\libe_sqlite3.so": "5F8461214089CFC677D46C19B7162161",
  "runtimes\\linux-musl-x64\\native\\libe_sqlite3.so": "39C244FEDBCD3DFC37041D4FCE1AE21D",
  "runtimes\\linux-x64\\native\\libe_sqlite3.so": "6F49C540D3AB9964D67A4A704C3D262D",
  "runtimes\\linux-x64\\native\\libglfw.so.3": "9E3137144F68B9E9793F4C7AD5B1BEA7",
  "runtimes\\linux-x64\\native\\libSDL2-2.0.so": "99B95A708381FC66AB2370E45A260527",
  "runtimes\\linux-x64\\native\\libstbi.so": "0945355ED59677D06E3E88F48101BB26",
  "runtimes\\linux-x86\\native\\libe_sqlite3.so": "5E0659B414CBD6DDC38C65582485853E",
  "runtimes\\osx-x64\\native\\libe_sqlite3.dylib": "F82AE134FCD1C080A69D775591406673",
  "runtimes\\osx-x64\\native\\libglfw.3.dylib": "1E30FAB2F0C40E82290AD4B0BF14A880",
  "runtimes\\osx-x64\\native\\libSDL2-2.0.dylib": "AAC958490586C67395F0A90903AE3747",
  "runtimes\\osx-x64\\native\\libstbi.dylib": "0B84B0A6A80178266018081C3CAB68E6",
  "runtimes\\win-arm\\native\\e_sqlite3.dll": "5D00CB53B5D03F945961C770F650B489",
  "runtimes\\win-arm64\\native\\e_sqlite3.dll": "0D964BAA2F09AA0D6DB11D78EAD3B1EC",
  "runtimes\\win-x64\\native\\cimgui.dll": "D9ACD5BA482E4744F440B08804AB6A94",
  "runtimes\\win-x64\\native\\cimguizmo.dll": "BD69F7380A15B29FCC9CCEA572DCCDE6",
  "runtimes\\win-x64\\native\\cimplot.dll": "ED01A97706463BBA712AC9A08C70AA45",
  "runtimes\\win-x64\\native\\e_sqlite3.dll": "3C735C23B188738826BAC0B25B4FAB3A",
  "runtimes\\win-x64\\native\\glfw3.dll": "D6790340B3B3A103CFC0917BCA55A788",
  "runtimes\\win-x64\\native\\minhook.x64d.dll": "D333FEF314F5BE8A747E8D290DFC8C82",
  "runtimes\\win-x64\\native\\SDL2.dll": "B0BA794C54FB2D82A4F26B17BD8620AE",
  "runtimes\\win-x64\\native\\stbi.dll": "5EB83F3FDFD195F472667373E055A27D",
  "runtimes\\win-x64\\native\\stbi.lib": "927C214DE576219E1F80DBE7798A0502",
  "runtimes\\win-x86\\native\\e_sqlite3.dll": "D83112A47A1C57C3F435C377A238F61B",
  "runtimes\\win-x86\\native\\glfw3.dll": "08EA8C1A95C45825BF7F7F34C8BB76F5",
  "runtimes\\win-x86\\native\\SDL2.dll": "16CB54A12D54E4F2634F5CA3279B92A6",
  "targets\\Dalamud.Plugin.Bootstrap.targets": "C85635161398CD9852CF7212DB7EB904",
  "targets\\Dalamud.Plugin.targets": "DDD731601C06B16E10CF2F8990452A27",
  "BitFaster.Caching.dll": "36B3C7C2995CDC9FE68573E6BC7257B3",
  "CheapLoc.dll": "37757EC8B6A6A0D23D3F815446E9D334",
  "commit_hash.txt": "B5506CD3FC2A496E4139BBE8A9739792",
  "Costura.dll": "8BD10D3146E793B4B6B795798B4DACAC",
  "Dalamud.Boot.dll": "4BC93496AA0B35E531A325C5DB10C9FD",
  "Dalamud.Common.dll": "6BFBB31025FB91F422DD43C17D4E7E4F",
  "Dalamud.deps.json": "5CA3392F3483441AE3198EC7FE9FD679",
  "Dalamud.dll": "A3E8E4E7449A0778A651B8AB5F184D33",
  "Dalamud.Injector.deps.json": "E30B9BD40106FFC14A5274A670979EDF",
  "Dalamud.Injector.dll": "2B7847FC79F21A8F21F016F720E5734C",
  "Dalamud.Injector.exe": "B0ACAC56A54B0D235F554743BDEE4B18",
  "Dalamud.Injector.runtimeconfig.json": "B9BB65FFE7924D4D8BABE9FA66303200",
  "Dalamud.Injector.xml": "D41E5DF541D19A015215E777D7395C9C",
  "Dalamud.runtimeconfig.json": "2A9CD915428BDD175E0889BD0C225F75",
  "Dalamud.xml": "02E1251539FC81DCDFB6473AAFE83045",
  "DalamudCrashHandler.exe": "666B479F974734956A0B057CB356565C",
  "FASM-LICENSE.TXT": "ECEA1D10811221D5F0A3E96F9C38E2C7",
  "FASM.DLL": "640BAAE937874B874ACCD05F548AFF28",
  "FASMX64.DLL": "B7DDB37707E5B47F6070F93D71E11ADD",
  "FFXIVClientStructs.dll": "3A459741947C2C95DFE07BE99F33F6D4",
  "FFXIVClientStructs.xml": "78E5CDB2C52123500196874FACA03FA6",
  "goaaats.Reloaded.Assembler.targets": "CC22CB0A353E2136EE9E6E96DB9F7164",
  "Iced.dll": "F8D752C787FDA7321440063D0D4D7E62",
  "ImGui.NET.dll": "CE2FF3F2204A8807CCD4F8B65AE4B952",
  "ImGuiScene.dll": "ABE9A0461041AD1F8AB6263CF3A3BF97",
  "InteropGenerator.Runtime.dll": "DAB0EE863B6DBF5C2BEC98F40A51F55B",
  "JetBrains.Annotations.dll": "DC052549F6E5E925C82D5CD38548D038",
  "licenses.txt": "A159BE62AA91178EFC3E3983AE874D1D",
  "Lumina.dll": "3D03667676B409C6458AB9100C287AD3",
  "Lumina.Excel.dll": "82C00DA89D144E291E420EC886F63316",
  "Microsoft.Bcl.HashCode.dll": "613AB56061ADF2284E047025207467E0",
  "Microsoft.DotNet.PlatformAbstractions.dll": "00AB0F02B1114C57C758F5AD595224F1",
  "Microsoft.Extensions.DependencyModel.dll": "F39BC76C10CFEA478C936FC4521A9FC9",
  "Microsoft.Extensions.ObjectPool.dll": "FEE3CE8A84417360CC5ED787ED6F7DB1",
  "MinSharp.dll": "D8C10C0E0C811916961E2C528F4C1DC4",
  "Mono.Cecil.dll": "0D3DF4998B27F1D709B447F7171CF8AD",
  "Mono.Cecil.Mdb.dll": "F015979B3D1B06B323431718B9F49B0F",
  "Mono.Cecil.Pdb.dll": "14EAE39924F8A2850DB1766A4C7FB1DF",
  "Mono.Cecil.Rocks.dll": "4BDDFED397729975DB6E12CD0983247E",
  "nethost.dll": "21F39F71E2F4B5BA9FB3F126872F2F9B",
  "Newtonsoft.Json.dll": "ADF3E3EECDE20B7C9661E9C47106A14A",
  "PeNet.Asn1.dll": "F98BE05B6B1BCD50B8A50FB083567115",
  "PeNet.dll": "1C4B5E776A0BDCAD3069451389085EB4",
  "PInvoke.AdvApi32.dll": "34EE461D05B403C3A15D0DEC32A3788C",
  "PInvoke.BCrypt.dll": "FD07758EE1440491F22923084109FF26",
  "PInvoke.Cabinet.dll": "333D950E3804735DA60CC41D614C63E2",
  "PInvoke.CfgMgr32.dll": "768BE7CC18EDCF78B296A72ABE891691",
  "PInvoke.Crypt32.dll": "E7B00B0851738F4A7F2C6D37DAA973B4",
  "PInvoke.DbgHelp.dll": "E701136169620D20E3A70B560DE20E44",
  "PInvoke.DwmApi.dll": "ACF223CC8962404056648815B486F7D9",
  "PInvoke.Gdi32.dll": "69FF434826F98582CE44D3136ECFFACB",
  "PInvoke.Hid.dll": "2E7A41257F8AD9B26073181F450CD8E5",
  "PInvoke.ImageHlp.dll": "79BE816E8D86EA66489D7780DD675D49",
  "PInvoke.IPHlpApi.dll": "E949FA3326D1BA8872B179AB4EE49D38",
  "PInvoke.Kernel32.dll": "234E15B122ED430DE99490CA1A204958",
  "PInvoke.Magnification.dll": "C9EA3D34F506741ECC044DB19C151F09",
  "PInvoke.Msi.dll": "69EE50CE2DA6B55755E52589F49A7EBC",
  "PInvoke.NCrypt.dll": "DA1DE76C14D99370CA3BEF19DC299B15",
  "PInvoke.NetApi32.dll": "AE79F9FA2E3864A5E0642AE4622ECDC5",
  "PInvoke.NewDev.dll": "B3E1992105D986EF9C5C8E4B630FBB07",
  "PInvoke.NTDll.dll": "3F6BDF840EB27DD0FD9EB8071822183A",
  "PInvoke.Ole32.dll": "3C49FB100B60519FFE725BCD12A538F6",
  "PInvoke.Psapi.dll": "A7683EE4B880227F01C8AE632A892B9E",
  "PInvoke.SetupApi.dll": "1B7AE321185D0081D1759A9AD829F9BA",
  "PInvoke.SHCore.dll": "F27E7F063D51480F6D2294C903E4A606",
  "PInvoke.Shell32.dll": "F71A1BCAF6478190691170DAEA77722F",
  "PInvoke.User32.dll": "8BEDE38311ED4F27127290B81B8079FD",
  "PInvoke.Userenv.dll": "FEB7BCA90B8C905EC2F4BB0789847131",
  "PInvoke.UxTheme.dll": "8E683C016250CB719FDB9AAAFC22B3C5",
  "PInvoke.Windows.Core.dll": "90015440A44935208FFEA9BF61740651",
  "PInvoke.Windows.ShellScalingApi.dll": "F351B34B8C9183A51CADFDC279357C49",
  "PInvoke.WinUsb.dll": "9EB8A0280F2848D1A32B560A939F7336",
  "PInvoke.WtsApi32.dll": "341C94455D2E5893DBE4293D4D67AA4D",
  "Reloaded.Assembler.dll": "47C143CC1F32B642FAA61B01F5DDAFC1",
  "Reloaded.Hooks.Definitions.dll": "97A2D72C6226961777A304D79AC89416",
  "Reloaded.Hooks.dll": "780050C9A8330FC10D6575C66FF4E6B1",
  "Reloaded.Memory.Buffers.dll": "849B990AAF5BE14D390C77094CCEB92B",
  "Reloaded.Memory.dll": "B3DC79DAD51156EDEC9D3752183A0F1E",
  "revision.txt": "4CFE94FCC9DB2F0A16BA44FA5B71D8EC",
  "SDL2-CS.config": "65557595FD5DF55D93B2BF881DE62C3A",
  "SDL2-CS.dll": "7EC7FF3C6C4AEF647E9015374D6C367C",
  "Serilog.dll": "8332604146282EE8908C5ABBC8965B51",
  "Serilog.Sinks.Async.dll": "474B31FA3A5643965F36B4E71BDBD7BC",
  "Serilog.Sinks.Console.dll": "D4C5B222574323B574C436FD46B80572",
  "Serilog.Sinks.File.dll": "2E0B8902AE86E02D38DC25A81EF907ED",
  "SharpDX.Direct3D11.dll": "057A7E80FB375036DA88B83BDB01ACD6",
  "SharpDX.dll": "127E2F632EE1F68326FAB09F29EA5019",
  "SharpDX.DXGI.dll": "0D74D5FF7D8C981E6AE72D766B4B2E14",
  "SharpDX.Mathematics.dll": "9F4CE29B1B44B453DDF3B4A7EDD36A40",
  "Silk.NET.Core.dll": "2CA40C3D1B511255E9FEE2336CC5A709",
  "Silk.NET.GLFW.dll": "B6E250589F3DDA7288093B27C9306196",
  "Silk.NET.Maths.dll": "6B97A6B72D3F1F5A40172A20FC767B4E",
  "Silk.NET.OpenGL.dll": "ECAD626102466E19E4756974A5009157",
  "Silk.NET.SDL.dll": "02A8B37C63BE9EE745C5CB461097B85A",
  "Silk.NET.Windowing.Common.dll": "2D11E3DD50E1D916C0C90039335ADFC2",
  "Silk.NET.Windowing.Glfw.dll": "10ECDAE91539FD2CBD5A122770299B77",
  "Silk.NET.Windowing.Sdl.dll": "EE1D5391F387EBD957AE062A1450D829",
  "SQLite-net.dll": "12735DDAE5244AB8A5487B55FD53A5E8",
  "SQLitePCLRaw.batteries_v2.dll": "C5967AB0CA7B78BF09C8E613C1D27ACE",
  "SQLitePCLRaw.core.dll": "E5C68C8F089C58050153EF641D677BE2",
  "SQLitePCLRaw.nativelibrary.dll": "E3D75262C1E4078FA7B7FDE95E99A951",
  "SQLitePCLRaw.provider.dynamic_cdecl.dll": "4010E2355B9585604F332DCF0FE43061",
  "StbiSharp.dll": "4D0485AADFA791145BD4C26A9A471274",
  "System.Reactive.dll": "EF5A00287AD15393D41B12AA4B726FF7",
  "System.Reflection.MetadataLoadContext.dll": "E88E3AF6D37736F339022C9ACC5F2F7B",
  "System.Security.Cryptography.Pkcs.dll": "8950E01996A37E808BE3F39063C37BF9",
  "TEMP_gitver.txt": "001133C5577225095494F46875CDE290",
  "TerraFX.Interop.Windows.dll": "84F7EF6B0DE91F8CC23F773D3FD6DEC0",
  "Validation.dll": "DBB6B416C4814B0388232180BE329912"
}
