{
  "runtimes\\alpine-x64\\native\\libe_sqlite3.so": "39C244FEDBCD3DFC37041D4FCE1AE21D",
  "runtimes\\linux-arm\\native\\libe_sqlite3.so": "96CF54BC0EFB83D6E3F5F3E04997A59D",
  "runtimes\\linux-arm64\\native\\libe_sqlite3.so": "F079E55E7F3F9966A4A2052A3234E068",
  "runtimes\\linux-armel\\native\\libe_sqlite3.so": "C5A67D49434FC65D64E9C15778078C76",
  "runtimes\\linux-mips64\\native\\libe_sqlite3.so": "5F8461214089CFC677D46C19B7162161",
  "runtimes\\linux-musl-x64\\native\\libe_sqlite3.so": "39C244FEDBCD3DFC37041D4FCE1AE21D",
  "runtimes\\linux-x64\\native\\libe_sqlite3.so": "6F49C540D3AB9964D67A4A704C3D262D",
  "runtimes\\linux-x64\\native\\libglfw.so.3": "9E3137144F68B9E9793F4C7AD5B1BEA7",
  "runtimes\\linux-x64\\native\\libSDL2-2.0.so": "99B95A708381FC66AB2370E45A260527",
  "runtimes\\linux-x64\\native\\libstbi.so": "0945355ED59677D06E3E88F48101BB26",
  "runtimes\\linux-x86\\native\\libe_sqlite3.so": "5E0659B414CBD6DDC38C65582485853E",
  "runtimes\\osx-x64\\native\\libe_sqlite3.dylib": "F82AE134FCD1C080A69D775591406673",
  "runtimes\\osx-x64\\native\\libglfw.3.dylib": "1E30FAB2F0C40E82290AD4B0BF14A880",
  "runtimes\\osx-x64\\native\\libSDL2-2.0.dylib": "AAC958490586C67395F0A90903AE3747",
  "runtimes\\osx-x64\\native\\libstbi.dylib": "0B84B0A6A80178266018081C3CAB68E6",
  "runtimes\\win-arm\\native\\e_sqlite3.dll": "D21A738FBCAC0D8A622C0FD84EE8BBDE",
  "runtimes\\win-arm64\\native\\e_sqlite3.dll": "FC4F96098A3FBF8FC885D541E9A4B72F",
  "runtimes\\win-x64\\native\\e_sqlite3.dll": "4B2D5E460DA0D5C39D9A2568935F74E8",
  "runtimes\\win-x64\\native\\glfw3.dll": "7243152C3EA9BE3C79EA23AC23EA13FA",
  "runtimes\\win-x64\\native\\minhook.x64d.dll": "A9622E954FC9A3F61D51655667E290E1",
  "runtimes\\win-x64\\native\\SDL2.dll": "E0E6D978A00449EFF5D82119F698B7D0",
  "runtimes\\win-x64\\native\\stbi.dll": "2D2A67E42C08355611B72BEC76EB05E4",
  "runtimes\\win-x64\\native\\stbi.lib": "927C214DE576219E1F80DBE7798A0502",
  "runtimes\\win-x86\\native\\e_sqlite3.dll": "3A16BF4676DF6202E83A234F4659A8B5",
  "runtimes\\win-x86\\native\\glfw3.dll": "64012F62D3A074857DEF98FFE06E85B3",
  "runtimes\\win-x86\\native\\SDL2.dll": "96F41662000A8C148B9B6E8DF1717C4B",
  "targets\\Dalamud.Plugin.Bootstrap.targets": "C85635161398CD9852CF7212DB7EB904",
  "targets\\Dalamud.Plugin.targets": "394EE2BEC70254F76ABBE2C33F62BBFA",
  "BitFaster.Caching.dll": "771A016544D3B5967124E7F5BA3FE1A2",
  "CheapLoc.dll": "36AF72C416486B6E5A1A743BDDFD1AE5",
  "cimgui.dll": "C468940D994F50F93CE32C140056113C",
  "cimguizmo.dll": "6BD7D4E7E29C6849DDD2A98764C2C5BB",
  "cimplot.dll": "33C34620345573854E9A84AA9FF83655",
  "commit_hash.txt": "C921B538682C33188D7DE2606BDFA364",
  "Dalamud.Boot.dll": "85F6CFC1BD18457B51E747FEC9A50389",
  "Dalamud.Common.dll": "6443E82B91AF659844262EDE23C8C34E",
  "Dalamud.deps.json": "205278BFFFCC93B4E237C92A506486EC",
  "Dalamud.dll": "EE30441BB7D0F01E66017E6C1AE06A78",
  "Dalamud.Injector.deps.json": "C21972522E8133995B2C9562B3E39983",
  "Dalamud.Injector.dll": "FF8B46EBAFEC40197B0DCCBC2ED3C897",
  "Dalamud.Injector.exe": "E441DFD0CDD6C1ECF05C88A90CB2C5E4",
  "Dalamud.Injector.runtimeconfig.json": "439C534917CEF268A731631073E50FE4",
  "Dalamud.Injector.xml": "6730B8BB13078B71889B5A56C5DFAC6D",
  "Dalamud.runtimeconfig.json": "CA3935E9C6B9E3300F2D7171E4AF6335",
  "Dalamud.xml": "1605368F57FD571354F4052EBCD4E8C3",
  "DalamudCrashHandler.exe": "D6A5B9084BF48DA28846D8122665546B",
  "FASM-LICENSE.TXT": "ECEA1D10811221D5F0A3E96F9C38E2C7",
  "FASM.DLL": "028180924C9B5DEA3CAA2626D1303FF6",
  "FASMX64.DLL": "535BEA0FC6D0BE995B671121CC21EA0E",
  "FFXIVClientStructs.dll": "31FDEAFEBDADF057CA2F8799B17F9CE8",
  "FFXIVClientStructs.xml": "97EAF03D1CB7FAF87CEF51435D137693",
  "goatcorp.Reloaded.Assembler.targets": "CC22CB0A353E2136EE9E6E96DB9F7164",
  "Iced.dll": "7087C55DA5B41F976FEC5FF76F8F761E",
  "ImGui.NET.dll": "C7BEE1D6D124BBEDCC8201287E68FA44",
  "ImGuiScene.dll": "F88B85BC9F2D15CB0320A6ADB947496E",
  "InteropGenerator.Runtime.dll": "7683146F96C8F718CAD09F3AC3278F8C",
  "JetBrains.Annotations.dll": "878B7FC01D66CC1EAD653DA398DDB909",
  "licenses.txt": "A159BE62AA91178EFC3E3983AE874D1D",
  "Lumina.dll": "5F880F7AFCAC72340DAB17BB9CA0CFBA",
  "Lumina.Excel.dll": "52EDF32C77114B44CDE28FF4A9341161",
  "Microsoft.Bcl.HashCode.dll": "613AB56061ADF2284E047025207467E0",
  "Microsoft.DotNet.PlatformAbstractions.dll": "00AB0F02B1114C57C758F5AD595224F1",
  "Microsoft.Extensions.DependencyModel.dll": "F39BC76C10CFEA478C936FC4521A9FC9",
  "Microsoft.Extensions.ObjectPool.dll": "B0558CE087EAE95853E35579300F3A77",
  "MinSharp.dll": "1C285C6D5B27A39CBFAB6923836DF868",
  "Mono.Cecil.dll": "EC981679A1A7ED727FDA2814A76FF2DC",
  "Mono.Cecil.Mdb.dll": "4A1770F2892A0BFBABFECE844949D41B",
  "Mono.Cecil.Pdb.dll": "023B8B4349F66860A229557F2461968F",
  "Mono.Cecil.Rocks.dll": "15D70E920B9275B00D03F32D26C79E86",
  "nethost.dll": "21F39F71E2F4B5BA9FB3F126872F2F9B",
  "Newtonsoft.Json.dll": "ADF3E3EECDE20B7C9661E9C47106A14A",
  "PeNet.Asn1.dll": "67FDB18F4915960322F117AC7B9B616E",
  "PeNet.dll": "A311D122C8A3DC5E3469DF1D2AEE3066",
  "PInvoke.AdvApi32.dll": "34EE461D05B403C3A15D0DEC32A3788C",
  "PInvoke.BCrypt.dll": "FD07758EE1440491F22923084109FF26",
  "PInvoke.Cabinet.dll": "333D950E3804735DA60CC41D614C63E2",
  "PInvoke.CfgMgr32.dll": "768BE7CC18EDCF78B296A72ABE891691",
  "PInvoke.Crypt32.dll": "E7B00B0851738F4A7F2C6D37DAA973B4",
  "PInvoke.DbgHelp.dll": "E701136169620D20E3A70B560DE20E44",
  "PInvoke.DwmApi.dll": "ACF223CC8962404056648815B486F7D9",
  "PInvoke.Gdi32.dll": "69FF434826F98582CE44D3136ECFFACB",
  "PInvoke.Hid.dll": "2E7A41257F8AD9B26073181F450CD8E5",
  "PInvoke.ImageHlp.dll": "79BE816E8D86EA66489D7780DD675D49",
  "PInvoke.IPHlpApi.dll": "E949FA3326D1BA8872B179AB4EE49D38",
  "PInvoke.Kernel32.dll": "234E15B122ED430DE99490CA1A204958",
  "PInvoke.Magnification.dll": "C9EA3D34F506741ECC044DB19C151F09",
  "PInvoke.Msi.dll": "69EE50CE2DA6B55755E52589F49A7EBC",
  "PInvoke.NCrypt.dll": "DA1DE76C14D99370CA3BEF19DC299B15",
  "PInvoke.NetApi32.dll": "AE79F9FA2E3864A5E0642AE4622ECDC5",
  "PInvoke.NewDev.dll": "B3E1992105D986EF9C5C8E4B630FBB07",
  "PInvoke.NTDll.dll": "3F6BDF840EB27DD0FD9EB8071822183A",
  "PInvoke.Ole32.dll": "3C49FB100B60519FFE725BCD12A538F6",
  "PInvoke.Psapi.dll": "A7683EE4B880227F01C8AE632A892B9E",
  "PInvoke.SetupApi.dll": "1B7AE321185D0081D1759A9AD829F9BA",
  "PInvoke.SHCore.dll": "F27E7F063D51480F6D2294C903E4A606",
  "PInvoke.Shell32.dll": "F71A1BCAF6478190691170DAEA77722F",
  "PInvoke.User32.dll": "8BEDE38311ED4F27127290B81B8079FD",
  "PInvoke.Userenv.dll": "FEB7BCA90B8C905EC2F4BB0789847131",
  "PInvoke.UxTheme.dll": "8E683C016250CB719FDB9AAAFC22B3C5",
  "PInvoke.Windows.Core.dll": "90015440A44935208FFEA9BF61740651",
  "PInvoke.Windows.ShellScalingApi.dll": "F351B34B8C9183A51CADFDC279357C49",
  "PInvoke.WinUsb.dll": "9EB8A0280F2848D1A32B560A939F7336",
  "PInvoke.WtsApi32.dll": "341C94455D2E5893DBE4293D4D67AA4D",
  "Reloaded.Assembler.dll": "276C9D062485F18486B35EFA93E773EF",
  "Reloaded.Hooks.Definitions.dll": "6B8F4576A10F9E3EA1C85FB117DF7485",
  "Reloaded.Hooks.dll": "61C897699EEF125A5C412FFE813DDB16",
  "Reloaded.Memory.Buffers.dll": "709E26C541E429B2D837DEC5B34136A2",
  "Reloaded.Memory.dll": "6DCC2083C18E21DE381D8E5EAF8D1643",
  "revision.txt": "25DAEB9B3072E9C53F66A2196A92A011",
  "SDL2-CS.config": "65557595FD5DF55D93B2BF881DE62C3A",
  "SDL2-CS.dll": "2BCB5AF3FF8A04CCEBB1E3672B1DECAE",
  "Serilog.dll": "C6679E649AF5EC153C920C8AF3522FFB",
  "Serilog.Sinks.Async.dll": "59B0E515C01897F350337DDC42CCD0CE",
  "Serilog.Sinks.Console.dll": "082CA7D738386B774974D4CCE2295BF8",
  "Serilog.Sinks.File.dll": "BC21F938FE62B768A1B3A7B5F384738F",
  "SharpDX.Direct3D11.dll": "971F5A4C87400F7BFCF370B616C15FB1",
  "SharpDX.dll": "985838ADE1EB6E9927353D03A1D55A2B",
  "SharpDX.DXGI.dll": "355B2B8EC611F23DC6004348B866CCF6",
  "SharpDX.Mathematics.dll": "54FA8425882A940332657B5447373C1D",
  "Silk.NET.Core.dll": "87185D06C06A504886D1E48A75017B89",
  "Silk.NET.GLFW.dll": "95FBFB5F1D362697C0A707E8818740E5",
  "Silk.NET.Maths.dll": "29701D75B0324BE514AE8C108CEAF6DB",
  "Silk.NET.OpenGL.dll": "71B42B7A4DBC85B8509C41702D6F6C68",
  "Silk.NET.SDL.dll": "A7A9C5E555CF017FCB98A96F26139CDB",
  "Silk.NET.Windowing.Common.dll": "BFEA6467BC8A32E85654CB02D8DA64A3",
  "Silk.NET.Windowing.Glfw.dll": "077E574AD897762B757E2075F56DA6DC",
  "Silk.NET.Windowing.Sdl.dll": "EC683890BA8C61EC8A2B5AEA84D0EEB6",
  "SQLite-net.dll": "1B7EE07B8F68987FBBE9D3FDD8298208",
  "SQLitePCLRaw.batteries_v2.dll": "12CEDAF8141AA093C6A6B778F2FB2C2E",
  "SQLitePCLRaw.core.dll": "844828B5D1A2342D609A7767E6AF8F3B",
  "SQLitePCLRaw.nativelibrary.dll": "A034E38EF1D9DDA62F5B9AAB8CD7D2D3",
  "SQLitePCLRaw.provider.dynamic_cdecl.dll": "E5E49DCC392E6E11C5D3404839C249D5",
  "StbiSharp.dll": "00BF111066181309CE66CED271B0D887",
  "System.Reactive.dll": "EF5A00287AD15393D41B12AA4B726FF7",
  "System.Reflection.MetadataLoadContext.dll": "E88E3AF6D37736F339022C9ACC5F2F7B",
  "System.Security.Cryptography.Pkcs.dll": "8950E01996A37E808BE3F39063C37BF9",
  "TEMP_gitver.txt": "CD95E9E489BE14C243271EF1DD6EEA73",
  "TerraFX.Interop.Windows.dll": "84F7EF6B0DE91F8CC23F773D3FD6DEC0",
  "Validation.dll": "2ACAA00EA80CF9CC0AC477E1921FBA54"
}
