{
  "runtimes\\alpine-x64\\native\\libe_sqlite3.so": "39C244FEDBCD3DFC37041D4FCE1AE21D",
  "runtimes\\linux-arm\\native\\libe_sqlite3.so": "96CF54BC0EFB83D6E3F5F3E04997A59D",
  "runtimes\\linux-arm64\\native\\libe_sqlite3.so": "F079E55E7F3F9966A4A2052A3234E068",
  "runtimes\\linux-armel\\native\\libe_sqlite3.so": "C5A67D49434FC65D64E9C15778078C76",
  "runtimes\\linux-mips64\\native\\libe_sqlite3.so": "5F8461214089CFC677D46C19B7162161",
  "runtimes\\linux-musl-x64\\native\\libe_sqlite3.so": "39C244FEDBCD3DFC37041D4FCE1AE21D",
  "runtimes\\linux-x64\\native\\libe_sqlite3.so": "6F49C540D3AB9964D67A4A704C3D262D",
  "runtimes\\linux-x86\\native\\libe_sqlite3.so": "5E0659B414CBD6DDC38C65582485853E",
  "runtimes\\osx-x64\\native\\libe_sqlite3.dylib": "F82AE134FCD1C080A69D775591406673",
  "runtimes\\win-arm\\native\\e_sqlite3.dll": "04A98398C4FBD51148B93D0F1CE0F1AB",
  "runtimes\\win-arm64\\native\\e_sqlite3.dll": "31B15BB6CC4031F09F3921E071FD806A",
  "runtimes\\win-x64\\native\\e_sqlite3.dll": "72AD57521D11D57D5E10A5C452C0950F",
  "runtimes\\win-x64\\native\\minhook.x64d.dll": "53026CE9FA57FFAA2B04766876310888",
  "runtimes\\win-x86\\native\\e_sqlite3.dll": "92B64D42AA96D5BB957B5B3DCB52D437",
  "targets\\Dalamud.Plugin.Bootstrap.targets": "C85635161398CD9852CF7212DB7EB904",
  "targets\\Dalamud.Plugin.targets": "394EE2BEC70254F76ABBE2C33F62BBFA",
  "BCnEncoder.dll": "CBC9EA455561A643E4818F9B8B99C9F7",
  "BitFaster.Caching.dll": "6F92A162B9ACE504DA1FF0F8DD09C2A9",
  "CheapLoc.dll": "9BAA24941361D893E7436E69A09C97E9",
  "cimgui.dll": "DF3CE66CD2BE7DABE4747D27393A2629",
  "cimguizmo.dll": "E71D4791E689A31C721618AEA6645A12",
  "cimplot.dll": "A4C1380AF8CEFBFEDA863BF4AD4229E7",
  "commit_hash.txt": "C326F4896C75079AAEC7CF3ED08BB91B",
  "CommunityToolkit.HighPerformance.dll": "66B64EC334625F2C5D341A45E28EEB43",
  "Dalamud.Bindings.ImGui.dll": "9353608E0D5F4A0B6C3C3FEA48FB384C",
  "Dalamud.Bindings.ImGuizmo.dll": "96A67A2015A5E46A9F1046B9AA10D548",
  "Dalamud.Bindings.ImPlot.dll": "AB94DDE1B67FA0A8DCEA4638DCE308B6",
  "Dalamud.Boot.dll": "9DA3063AD0BDFE1E3BBD00C4B1039361",
  "Dalamud.Common.dll": "3D19BA20DC935411ED423B9172DBACB3",
  "Dalamud.deps.json": "443CCE1EACB5B4927C9D7E079FA00A7F",
  "Dalamud.dll": "5A89E39234B9A766E37AEE52378E659A",
  "Dalamud.Injector.deps.json": "AE17A723819E88058C70AA4BDA14CA37",
  "Dalamud.Injector.dll": "6645B19BC24293717FA36D94162E3DBD",
  "Dalamud.Injector.exe": "201DC3A79718F3E7916CCE49511721D6",
  "Dalamud.Injector.runtimeconfig.json": "439C534917CEF268A731631073E50FE4",
  "Dalamud.Injector.xml": "07EC7B68C97460A1C8275C75BE82FAA9",
  "Dalamud.runtimeconfig.json": "CA3935E9C6B9E3300F2D7171E4AF6335",
  "Dalamud.xml": "9904C7C5CE1F773338B72086ECCCE91F",
  "DalamudCrashHandler.exe": "B8E77FBDAD5994EFE5CDDACFE3173E75",
  "FASM-LICENSE.TXT": "ECEA1D10811221D5F0A3E96F9C38E2C7",
  "FASM.DLL": "1C04A69AC3052540D00E9DED93224885",
  "FASMX64.DLL": "35C0C7C1DDA2F8D74B370C1863750881",
  "FFXIVClientStructs.dll": "FBA43029EC702018831DD36353D794A8",
  "FFXIVClientStructs.xml": "AF27831EE858B63D292F2CDD8B6F245E",
  "goatcorp.Reloaded.Assembler.dll": "47205E7FDF0DB123470B352B49AD761C",
  "goatcorp.Reloaded.Assembler.targets": "CC22CB0A353E2136EE9E6E96DB9F7164",
  "goatcorp.Reloaded.Hooks.dll": "5B80C8DAE5B38F49734421707E39A17F",
  "goatcorp.Reloaded.Memory.Buffers.dll": "8B72F944B51F3AFEAB947D502B1D57A8",
  "HexaGen.Runtime.dll": "320014E5DCFA3619E2AF2A0356A4D239",
  "Iced.dll": "641C6440AAEA13795ABDDAC6E935FF4C",
  "ImGuiScene.dll": "A1BECD48E93B47776B08438BDED64E12",
  "InteropGenerator.Runtime.dll": "60C97CC6F7DE1CE3FA7468296C1CB4F0",
  "JetBrains.Annotations.dll": "C57F921EEF04B6AF2252EA50F21F2DCE",
  "licenses.txt": "A159BE62AA91178EFC3E3983AE874D1D",
  "Lumina.dll": "912DB8B064A7074B0404BCED480490DA",
  "Lumina.Excel.dll": "FA8753FB8E506B2E78EFDB54B423A11F",
  "Lumina.Excel.xml": "3D3B7AD224A8A04B92B2B311FB8DA535",
  "Microsoft.Extensions.ObjectPool.dll": "5510583E2B50BE953814615586673C33",
  "MinSharp.dll": "7FDFD758739CB6C3C5893A1DCE5C926D",
  "Mono.Cecil.dll": "D307803FD002DC89E70B2A50085CE73F",
  "Mono.Cecil.Mdb.dll": "4FD07BF63045B1E140C209A63353D7AF",
  "Mono.Cecil.Pdb.dll": "303B9769D477E8ACECE0EBABC0B13407",
  "Mono.Cecil.Rocks.dll": "47E018687098753C135920617112EA93",
  "nethost.dll": "21F39F71E2F4B5BA9FB3F126872F2F9B",
  "Newtonsoft.Json.dll": "ADF3E3EECDE20B7C9661E9C47106A14A",
  "PeNet.Asn1.dll": "A364E6B587428E8D11A751E146D94303",
  "PeNet.dll": "8E63D7353D7E782738D2A7FABC4CCE26",
  "Reloaded.Hooks.Definitions.dll": "C4F6593C5EBFB1EB6534380E35EA61D9",
  "Reloaded.Memory.Buffers.dll": "35DA0977CFE72D98A84C8AF680044796",
  "Reloaded.Memory.dll": "122C822DE2ECBBAF00FE62715BBDDA3D",
  "revision.txt": "4CCB2D64B8159636A44B29FE2E62A841",
  "Serilog.dll": "0A23EFB114D32277276B4C6BC400B5A0",
  "Serilog.Sinks.Async.dll": "A34210C934AEA180870715A317CEA25A",
  "Serilog.Sinks.Console.dll": "E19FA13583D1EF1224567518A8391273",
  "Serilog.Sinks.File.dll": "AB3623E2E7FBD13935028158A25217F3",
  "SharpDX.Direct3D11.dll": "55794E232036081E0030AAD0966EB298",
  "SharpDX.dll": "26524D89F97B5979CF2DBDA03DAA5CBD",
  "SharpDX.DXGI.dll": "1EDC57D484A692EAF91FB8A067A8E268",
  "SharpDX.Mathematics.dll": "93CA156802C2BCC5B0B3D14BE295A3DC",
  "SQLite-net.dll": "BEBD8AEEDE4126C269D46EC9D0CFA409",
  "SQLitePCLRaw.batteries_v2.dll": "3032D17D04F2D758C6303EF2E828B798",
  "SQLitePCLRaw.core.dll": "C8EA058202C7806118FDFB2FC111C6BC",
  "SQLitePCLRaw.nativelibrary.dll": "8BB993A78F72DD8338A5EAD358B43185",
  "SQLitePCLRaw.provider.dynamic_cdecl.dll": "C1A0D798B30FA46F1F323EAA79143DC1",
  "System.Reactive.dll": "EF5A00287AD15393D41B12AA4B726FF7",
  "System.Reflection.MetadataLoadContext.dll": "E88E3AF6D37736F339022C9ACC5F2F7B",
  "System.Security.Cryptography.Pkcs.dll": "8950E01996A37E808BE3F39063C37BF9",
  "TEMP_gitver.txt": "8463113841C8F43556CEFDFFFBFBCA5D",
  "TerraFX.Interop.Windows.dll": "84F7EF6B0DE91F8CC23F773D3FD6DEC0"
}
