{
  "runtimes\\alpine-x64\\native\\libe_sqlite3.so": "39C244FEDBCD3DFC37041D4FCE1AE21D",
  "runtimes\\linux-arm\\native\\libe_sqlite3.so": "96CF54BC0EFB83D6E3F5F3E04997A59D",
  "runtimes\\linux-arm64\\native\\libe_sqlite3.so": "F079E55E7F3F9966A4A2052A3234E068",
  "runtimes\\linux-armel\\native\\libe_sqlite3.so": "C5A67D49434FC65D64E9C15778078C76",
  "runtimes\\linux-mips64\\native\\libe_sqlite3.so": "5F8461214089CFC677D46C19B7162161",
  "runtimes\\linux-musl-x64\\native\\libe_sqlite3.so": "39C244FEDBCD3DFC37041D4FCE1AE21D",
  "runtimes\\linux-x64\\native\\libe_sqlite3.so": "6F49C540D3AB9964D67A4A704C3D262D",
  "runtimes\\linux-x64\\native\\libglfw.so.3": "9E3137144F68B9E9793F4C7AD5B1BEA7",
  "runtimes\\linux-x64\\native\\libSDL2-2.0.so": "99B95A708381FC66AB2370E45A260527",
  "runtimes\\linux-x64\\native\\libstbi.so": "0945355ED59677D06E3E88F48101BB26",
  "runtimes\\linux-x86\\native\\libe_sqlite3.so": "5E0659B414CBD6DDC38C65582485853E",
  "runtimes\\osx-x64\\native\\libe_sqlite3.dylib": "F82AE134FCD1C080A69D775591406673",
  "runtimes\\osx-x64\\native\\libglfw.3.dylib": "1E30FAB2F0C40E82290AD4B0BF14A880",
  "runtimes\\osx-x64\\native\\libSDL2-2.0.dylib": "AAC958490586C67395F0A90903AE3747",
  "runtimes\\osx-x64\\native\\libstbi.dylib": "0B84B0A6A80178266018081C3CAB68E6",
  "runtimes\\win-arm\\native\\e_sqlite3.dll": "122F8763FBFE7F6BBCBE8082C254B002",
  "runtimes\\win-arm64\\native\\e_sqlite3.dll": "B454CAF591C227A111637A2283E1987A",
  "runtimes\\win-x64\\native\\cimgui.dll": "C42A3F5D7E508B3E5694F73A98F20503",
  "runtimes\\win-x64\\native\\cimguizmo.dll": "CF48630E044171E6488FE89B14AFF9F9",
  "runtimes\\win-x64\\native\\cimplot.dll": "045A29DD6B6E2FC12FFF65445A8B087A",
  "runtimes\\win-x64\\native\\e_sqlite3.dll": "D742C08BF2D684AF06BE76C3AD70820D",
  "runtimes\\win-x64\\native\\glfw3.dll": "842D6FED734A5FEA26CD86EA5BF3F810",
  "runtimes\\win-x64\\native\\minhook.x64d.dll": "A526DCEB7E786FAAF2A560847D98F444",
  "runtimes\\win-x64\\native\\SDL2.dll": "8D57AF7B7B791EA40D3ADB924179154A",
  "runtimes\\win-x64\\native\\stbi.dll": "4821A20EAB0F968FBADAD095ABECE0C0",
  "runtimes\\win-x64\\native\\stbi.lib": "927C214DE576219E1F80DBE7798A0502",
  "runtimes\\win-x86\\native\\e_sqlite3.dll": "78AA14CF0B6866E3A1707EB456547549",
  "runtimes\\win-x86\\native\\glfw3.dll": "30EB8F88181FDA9986E0B6E0E7D77F25",
  "runtimes\\win-x86\\native\\SDL2.dll": "29F545557340EE8DE7B968CEB21012C3",
  "targets\\Dalamud.Plugin.Bootstrap.targets": "C85635161398CD9852CF7212DB7EB904",
  "targets\\Dalamud.Plugin.targets": "DDD731601C06B16E10CF2F8990452A27",
  "BitFaster.Caching.dll": "991E9BDA99F9020DDCF8411AEE0A8A81",
  "CheapLoc.dll": "B58DC55698135DB5B16C1B8971F66B84",
  "Costura.dll": "5F878D0C94CD666199EF188806F21E91",
  "Dalamud.Boot.dll": "BA8B82C791BBA33328CF82A97A20057A",
  "Dalamud.Common.dll": "20C41C6759B2E659C4FB06E62E79993E",
  "Dalamud.deps.json": "9FA4487EEFC1908C9361F35453346AAE",
  "Dalamud.dll": "279E3A02DDDCD2E4B32872F29E1DE6EC",
  "Dalamud.Injector.deps.json": "C1FA0941DC8B38E415776C60C508AAB9",
  "Dalamud.Injector.dll": "4FBCA9CB1F805527E44015EBBA627052",
  "Dalamud.Injector.exe": "34989E0908D9F3163696B0EBE843FA02",
  "Dalamud.Injector.runtimeconfig.json": "B9BB65FFE7924D4D8BABE9FA66303200",
  "Dalamud.Injector.xml": "D41E5DF541D19A015215E777D7395C9C",
  "Dalamud.runtimeconfig.json": "2A9CD915428BDD175E0889BD0C225F75",
  "Dalamud.xml": "C59A5389E7E7B8E6E42E6B5FDA291B2D",
  "DalamudCrashHandler.exe": "F4C4AD9DE0CD9E55A293F22A367AA6EF",
  "FASM-LICENSE.TXT": "ECEA1D10811221D5F0A3E96F9C38E2C7",
  "FASM.DLL": "0A5434B0D46947B6B01B3BCC517B3DFB",
  "FASMX64.DLL": "45CE8B8901607A29F9DFAD44D1E7BA91",
  "FFXIVClientStructs.dll": "DA6A6DA0BC1433592D2EDDEC831D720D",
  "FFXIVClientStructs.xml": "F71F3FD235056182908FC10BA7FDCBA6",
  "goaaats.Reloaded.Assembler.targets": "CC22CB0A353E2136EE9E6E96DB9F7164",
  "Iced.dll": "17B5B079098D66EBCB882D0F57EBD7F5",
  "ImGui.NET.dll": "42C7D7AF91AFB00BACA722344F49F866",
  "ImGuiScene.dll": "57BC3A501274EC8075199CBF912033B5",
  "InteropGenerator.Runtime.dll": "8D47F9A40408E7CAB43D273958DA6ED2",
  "JetBrains.Annotations.dll": "CA7613E71049D5F39C16B34EBC090D43",
  "licenses.txt": "A159BE62AA91178EFC3E3983AE874D1D",
  "Lumina.dll": "678559779282E87D810C68F7BE38541B",
  "Lumina.Excel.dll": "6EA9279DA5825505EAFACAC53DE4E405",
  "Microsoft.Bcl.HashCode.dll": "613AB56061ADF2284E047025207467E0",
  "Microsoft.DotNet.PlatformAbstractions.dll": "00AB0F02B1114C57C758F5AD595224F1",
  "Microsoft.Extensions.DependencyModel.dll": "F39BC76C10CFEA478C936FC4521A9FC9",
  "Microsoft.Extensions.ObjectPool.dll": "FEE3CE8A84417360CC5ED787ED6F7DB1",
  "MinSharp.dll": "AD32003DE77C72814BCD63A83686A338",
  "Mono.Cecil.dll": "498CC8B2FD2FC66F56A98E0B1019F83B",
  "Mono.Cecil.Mdb.dll": "4E62EAE45D56371161A7E560A5CF79C4",
  "Mono.Cecil.Pdb.dll": "AFA90DC6B3237CA470B6AE9A6E4ED3C0",
  "Mono.Cecil.Rocks.dll": "2E2DFE99DA112938DF2358D851A5C516",
  "nethost.dll": "012081214FE71F0F6ADCD9F4A71B2B00",
  "Newtonsoft.Json.dll": "86A83A63F12B55FD3718CFBFB577D7DC",
  "PeNet.Asn1.dll": "69841FFA428CF747A998FA2B0C86B4DD",
  "PeNet.dll": "75C59E5EDC7060051C639BD0C1F2FC16",
  "PInvoke.AdvApi32.dll": "34EE461D05B403C3A15D0DEC32A3788C",
  "PInvoke.BCrypt.dll": "FD07758EE1440491F22923084109FF26",
  "PInvoke.Cabinet.dll": "333D950E3804735DA60CC41D614C63E2",
  "PInvoke.CfgMgr32.dll": "768BE7CC18EDCF78B296A72ABE891691",
  "PInvoke.Crypt32.dll": "E7B00B0851738F4A7F2C6D37DAA973B4",
  "PInvoke.DbgHelp.dll": "E701136169620D20E3A70B560DE20E44",
  "PInvoke.DwmApi.dll": "ACF223CC8962404056648815B486F7D9",
  "PInvoke.Gdi32.dll": "69FF434826F98582CE44D3136ECFFACB",
  "PInvoke.Hid.dll": "2E7A41257F8AD9B26073181F450CD8E5",
  "PInvoke.ImageHlp.dll": "79BE816E8D86EA66489D7780DD675D49",
  "PInvoke.IPHlpApi.dll": "E949FA3326D1BA8872B179AB4EE49D38",
  "PInvoke.Kernel32.dll": "234E15B122ED430DE99490CA1A204958",
  "PInvoke.Magnification.dll": "C9EA3D34F506741ECC044DB19C151F09",
  "PInvoke.Msi.dll": "69EE50CE2DA6B55755E52589F49A7EBC",
  "PInvoke.NCrypt.dll": "DA1DE76C14D99370CA3BEF19DC299B15",
  "PInvoke.NetApi32.dll": "AE79F9FA2E3864A5E0642AE4622ECDC5",
  "PInvoke.NewDev.dll": "B3E1992105D986EF9C5C8E4B630FBB07",
  "PInvoke.NTDll.dll": "3F6BDF840EB27DD0FD9EB8071822183A",
  "PInvoke.Ole32.dll": "3C49FB100B60519FFE725BCD12A538F6",
  "PInvoke.Psapi.dll": "A7683EE4B880227F01C8AE632A892B9E",
  "PInvoke.SetupApi.dll": "1B7AE321185D0081D1759A9AD829F9BA",
  "PInvoke.SHCore.dll": "F27E7F063D51480F6D2294C903E4A606",
  "PInvoke.Shell32.dll": "F71A1BCAF6478190691170DAEA77722F",
  "PInvoke.User32.dll": "8BEDE38311ED4F27127290B81B8079FD",
  "PInvoke.Userenv.dll": "FEB7BCA90B8C905EC2F4BB0789847131",
  "PInvoke.UxTheme.dll": "8E683C016250CB719FDB9AAAFC22B3C5",
  "PInvoke.Windows.Core.dll": "90015440A44935208FFEA9BF61740651",
  "PInvoke.Windows.ShellScalingApi.dll": "F351B34B8C9183A51CADFDC279357C49",
  "PInvoke.WinUsb.dll": "9EB8A0280F2848D1A32B560A939F7336",
  "PInvoke.WtsApi32.dll": "341C94455D2E5893DBE4293D4D67AA4D",
  "Reloaded.Assembler.dll": "652549AB2F213025BA8FA8366F4EB448",
  "Reloaded.Hooks.Definitions.dll": "F4E4C79DC8E35BA4D66D148D77FDC568",
  "Reloaded.Hooks.dll": "9DA6DAEB84EE49B8D608B8893886509E",
  "Reloaded.Memory.Buffers.dll": "8CF6F7D7B3563C0BDCEEF2D907B2E2C2",
  "Reloaded.Memory.dll": "32886E2BC2D912074E89B4EEA7671244",
  "revision.txt": "2DFE1946B3003933B7F8DDD71F24DBB1",
  "SDL2-CS.config": "65557595FD5DF55D93B2BF881DE62C3A",
  "SDL2-CS.dll": "3B9FD410A7C8BC4017E3F776D5DF333F",
  "Serilog.dll": "F4347B28316F40982666F2FCB7EBA687",
  "Serilog.Sinks.Async.dll": "208FAB6FAC5A989C71389222895FBCAA",
  "Serilog.Sinks.Console.dll": "574959D12BE6FD1073128D47D6051FD7",
  "Serilog.Sinks.File.dll": "F0D2DE84284B76D3C7EA69EC9DBA6247",
  "SharpDX.Direct3D11.dll": "74C5DA4D5DDBA26E2462F8EC6A39A93A",
  "SharpDX.dll": "4A02198F361CB729444AAA10BA842CFF",
  "SharpDX.DXGI.dll": "CAF46C30CDEEEBD454005F42AA87B992",
  "SharpDX.Mathematics.dll": "F5938E5F1806128A99848DB1FC9E737A",
  "Silk.NET.Core.dll": "6B7F7AE236E019B3C67E5A6AF81C3D86",
  "Silk.NET.GLFW.dll": "F47E37D2B66F23A9EAFF3FDE02202B82",
  "Silk.NET.Maths.dll": "915B12F17F6ABFEFBA817DE542EF6072",
  "Silk.NET.OpenGL.dll": "3C25B2A26DF6825EA60CBDA77E805C4A",
  "Silk.NET.SDL.dll": "F3325F1C8A3DB3A491AB355B605615E0",
  "Silk.NET.Windowing.Common.dll": "438E3B3EC6BC61A914B983F318760EC4",
  "Silk.NET.Windowing.Glfw.dll": "2F441D07F4E5AA212A538FC44C6C5F1B",
  "Silk.NET.Windowing.Sdl.dll": "293DA40BA73617CA846E00F6121D26B8",
  "SQLite-net.dll": "9A95C9C06AEF92A230E9BD0A5743EDF5",
  "SQLitePCLRaw.batteries_v2.dll": "2C93785A9003C7A22EC83014F82D7DFF",
  "SQLitePCLRaw.core.dll": "999D22824F688BC8B950E9493B77CDE2",
  "SQLitePCLRaw.nativelibrary.dll": "55661CC8F36C1A13D06E2EE9E2FD3C5C",
  "SQLitePCLRaw.provider.dynamic_cdecl.dll": "0270A8210F6F7B6778189EF7E71A5DF4",
  "StbiSharp.dll": "B0ADA846CE536C506C4EC2A99F9652D8",
  "System.Reactive.dll": "EF5A00287AD15393D41B12AA4B726FF7",
  "System.Reflection.MetadataLoadContext.dll": "7EC41D41F4E1246757BA3E2EC862D562",
  "System.Security.Cryptography.Pkcs.dll": "8950E01996A37E808BE3F39063C37BF9",
  "TEMP_gitver.txt": "97047DA61EC9FDCA776D9BAE2901A8A8",
  "TerraFX.Interop.Windows.dll": "84F7EF6B0DE91F8CC23F773D3FD6DEC0",
  "Validation.dll": "CD7CA3CA00FF3F469D5C6F8635552AB4"
}
