{
  "runtimes\\alpine-arm\\native\\libe_sqlite3.so": "87AF85204A246154501382901F3F6812",
  "runtimes\\alpine-arm64\\native\\libe_sqlite3.so": "CD4B9AAB53400EFE96ABC32B339A866A",
  "runtimes\\alpine-x64\\native\\libe_sqlite3.so": "6C9D6E34F1E932668237404D6EB6FC66",
  "runtimes\\browser-wasm\\nativeassets\\net7.0\\e_sqlite3.a": "E25518AC5EAD5E787448F3258236888E",
  "runtimes\\linux-arm\\native\\libe_sqlite3.so": "B8DA0DB6A447B5CCE98207F6A250FB84",
  "runtimes\\linux-arm64\\native\\libe_sqlite3.so": "A888898B38395A15F2DE200BAA8B486F",
  "runtimes\\linux-armel\\native\\libe_sqlite3.so": "54F3F4183B81387F7928ED0BB9B67B32",
  "runtimes\\linux-mips64\\native\\libe_sqlite3.so": "D56886A2E2F081CDEA1621BB18132764",
  "runtimes\\linux-musl-arm\\native\\libe_sqlite3.so": "87AF85204A246154501382901F3F6812",
  "runtimes\\linux-musl-arm64\\native\\libe_sqlite3.so": "CD4B9AAB53400EFE96ABC32B339A866A",
  "runtimes\\linux-musl-x64\\native\\libe_sqlite3.so": "6C9D6E34F1E932668237404D6EB6FC66",
  "runtimes\\linux-s390x\\native\\libe_sqlite3.so": "CB751CC76F280849C0E2F718D6784E69",
  "runtimes\\linux-x64\\native\\libe_sqlite3.so": "30098E7FAEB947BF5A5AE2FDB34E4461",
  "runtimes\\linux-x86\\native\\libe_sqlite3.so": "68872BD5071077981504636C2353EAA8",
  "runtimes\\maccatalyst-arm64\\native\\libe_sqlite3.dylib": "B2597C8799A6D21E5B98DB28C9C725FD",
  "runtimes\\maccatalyst-x64\\native\\libe_sqlite3.dylib": "19DCF2A64A7B5D1B8C7705AC809653A5",
  "runtimes\\osx-arm64\\native\\libe_sqlite3.dylib": "FB6D0058E0E849FA8715911B49790350",
  "runtimes\\osx-x64\\native\\libe_sqlite3.dylib": "DE5735102E730C1518C029DB3A0040A9",
  "runtimes\\win-arm\\native\\e_sqlite3.dll": "17A482A8B06A1CD61442A4B63D951A69",
  "runtimes\\win-arm64\\native\\e_sqlite3.dll": "68EC8AB369BA3F36A67261036FD9B1B7",
  "runtimes\\win-x64\\native\\e_sqlite3.dll": "9B2CCAAF642203DF171B7E08957C72E6",
  "runtimes\\win-x64\\native\\minhook.x64d.dll": "2DC76396630EBA5A7B2F7C3DF63C1A34",
  "runtimes\\win-x86\\native\\e_sqlite3.dll": "18B035635096A1C6FFD0BCFA27D03900",
  "BCnEncoder.dll": "288EB7CF5BEFD49F7C48C49D2D88D409",
  "BitFaster.Caching.dll": "FA83A187454C5D6839DA9D5754B07DF9",
  "CheapLoc.dll": "C0BD5A9B65AB134225CFE44075892330",
  "cimgui.dll": "14698718911A9EB7F4D0050316775ABA",
  "cimguizmo.dll": "059E1D024F29D624E6B3B8AAE53104BB",
  "cimplot.dll": "FC61E0D2B5441473B3754A107B4ECCFF",
  "commit_hash.txt": "04F7B298CEB8B85E03E96C736F7DFFFB",
  "CommunityToolkit.HighPerformance.dll": "66B64EC334625F2C5D341A45E28EEB43",
  "Dalamud.Bindings.ImGui.dll": "FDFDE745CD84750838D3ED7492D021D8",
  "Dalamud.Bindings.ImGuizmo.dll": "A8F557A5D17BC5199AB2B07683F313C2",
  "Dalamud.Bindings.ImPlot.dll": "C1BBD9D5C7932FE7EF9E2874FE07721D",
  "Dalamud.Boot.dll": "3CB632024B556422BE87E71BDDCB2B80",
  "Dalamud.Common.dll": "1B72E452EFC2A2DBD693CD960FE7DBA6",
  "Dalamud.deps.json": "F66F3A01A5532AECB9D411D8D78F0608",
  "Dalamud.dll": "41EFA0E2B73E5802AEEBE1FB0394D6B7",
  "Dalamud.Injector.deps.json": "28C3C412E18C8E21BCEC052CCAF9CE11",
  "Dalamud.Injector.dll": "B84E2036D762472B848157EED4652F40",
  "Dalamud.Injector.exe": "05E637BCB4CCCADE529EB7A0B3CEB84E",
  "Dalamud.Injector.runtimeconfig.json": "481C4D4F6151485203242D25F632FCC5",
  "Dalamud.Injector.xml": "573870DEB8A9854EC20203EDE9D78425",
  "Dalamud.runtimeconfig.json": "9DB7F0D7C94CA1AA6CA3ACFA6F93A1D8",
  "Dalamud.xml": "506DB8BA8E7132286ACCF8B57421CBCA",
  "DalamudCrashHandler.exe": "DB9E7E42412A5BF59BB0B83A683B153A",
  "FASM-LICENSE.TXT": "ECEA1D10811221D5F0A3E96F9C38E2C7",
  "FASM.DLL": "8A8B5C53290B33519106FE9762D141E9",
  "FASMX64.DLL": "F76C3ED5892780588E7BB065FBBDC682",
  "FFXIVClientStructs.dll": "9114A2C91D79A6291D73C8184A42DE6C",
  "FFXIVClientStructs.xml": "F34BF747EB67CBDDF361AE7F48E592C4",
  "goatcorp.Reloaded.Assembler.dll": "BFC94D7661251255AF042BAFBEF7518E",
  "goatcorp.Reloaded.Assembler.targets": "CC22CB0A353E2136EE9E6E96DB9F7164",
  "goatcorp.Reloaded.Hooks.dll": "FE0D3CA04871A8E540E9698048DD8939",
  "goatcorp.Reloaded.Memory.Buffers.dll": "7F5BE96E60C6C18FADEFF28EFCDBC6AB",
  "HexaGen.Runtime.dll": "B991C91034FD1BAB310DE0DD943389A2",
  "Iced.dll": "3E9E101CC8650A50A5174D7555A5C232",
  "ImGuiScene.dll": "72854D045514F19E3638BF300BE687EF",
  "InteropGenerator.Runtime.dll": "65320CEC5B39F902257EDE085657A05E",
  "JetBrains.Annotations.dll": "D334483DFBCF8BE6062277E1FB3B94F3",
  "licenses.txt": "A159BE62AA91178EFC3E3983AE874D1D",
  "Lumina.dll": "0285CD24A97047D5611E8B5C881B15C9",
  "Lumina.Excel.dll": "005B4285CB81AB28867633979F2D3C3F",
  "Lumina.Excel.xml": "8C361FFD52612B54A308E043847D6823",
  "Microsoft.Extensions.ObjectPool.dll": "CB2B8426DF93B062B631BC85B3369BED",
  "MinSharp.dll": "F3BBC0DDD409BA1E9B9F29C6BDBBFA4D",
  "Mono.Cecil.dll": "B9A08CA7AAFEDD43E73070C8985A62FC",
  "Mono.Cecil.Mdb.dll": "688CD85F797F698443A4FA16C32E419C",
  "Mono.Cecil.Pdb.dll": "3D3BE9001EFB5DCB695F4B3B28F80632",
  "Mono.Cecil.Rocks.dll": "458679414B40301CBD4450A93457BF99",
  "nethost.dll": "21F39F71E2F4B5BA9FB3F126872F2F9B",
  "Newtonsoft.Json.dll": "C252FE44B67A08E6DAB4EADE3764DB49",
  "PeNet.Asn1.dll": "487528ACB63B199674AB2637A13E7455",
  "PeNet.dll": "98EF8DC838A3A596B45310DBDE6553D3",
  "Reloaded.Hooks.Definitions.dll": "C63703B3611A2D00F64FECB9DC7650CE",
  "Reloaded.Memory.Buffers.dll": "394D9C9B83D14A9292D16BA0A63DF19A",
  "Reloaded.Memory.dll": "B7C063EA32502EB8B5BFC1DB9D7E2768",
  "revision.txt": "49562478DE4C54FAFD4EC46FDB297DE5",
  "Serilog.dll": "4F23E2DDAFE7F38A6B625B6B69DB1DAB",
  "Serilog.Sinks.Async.dll": "B2D048A82F2984668C9C3CAD1C873D06",
  "Serilog.Sinks.Console.dll": "36D3502ADFB5A05B30503B4FC1891447",
  "Serilog.Sinks.File.dll": "EA2CA1468AB24C3444AA27F1A0AF4BCC",
  "SQLite-net.dll": "881132105C3ADC848D238896CDEDAF92",
  "SQLitePCLRaw.batteries_v2.dll": "C5D5E3066B51979DCCCB67523D97D613",
  "SQLitePCLRaw.core.dll": "A235909E27F453686906A6C8DCD31069",
  "SQLitePCLRaw.provider.e_sqlite3.dll": "BC6EA6456E5CFA2147956825ADD1E56F",
  "System.Reactive.dll": "C6016588304D55406E3D1C2FA7D42903",
  "System.Reflection.MetadataLoadContext.dll": "284C720DEE2524BCF10DD1B5648AA303",
  "System.Security.Cryptography.Pkcs.dll": "17945B2BF07D9377E36AD3EBE69FF693",
  "TEMP_gitver.txt": "DD1E525AD050C57C36FEDA60BA93C40F",
  "TerraFX.Interop.Windows.dll": "C75D06E77DE5A095D45676A81CDE0DC9"
}
