{
  "runtimes\\linux-x64\\native\\libglfw.so.3": "9E3137144F68B9E9793F4C7AD5B1BEA7",
  "runtimes\\linux-x64\\native\\libSDL2-2.0.so": "99B95A708381FC66AB2370E45A260527",
  "runtimes\\linux-x64\\native\\libstbi.so": "0945355ED59677D06E3E88F48101BB26",
  "runtimes\\osx-x64\\native\\libglfw.3.dylib": "1E30FAB2F0C40E82290AD4B0BF14A880",
  "runtimes\\osx-x64\\native\\libSDL2-2.0.dylib": "AAC958490586C67395F0A90903AE3747",
  "runtimes\\osx-x64\\native\\libstbi.dylib": "0B84B0A6A80178266018081C3CAB68E6",
  "runtimes\\win-x64\\native\\cimgui.dll": "CD2ED2BF3E64C318985E413BBCC0CDDC",
  "runtimes\\win-x64\\native\\cimguizmo.dll": "A1DB6071B21A65AC604DE5DBE16C4EFF",
  "runtimes\\win-x64\\native\\cimplot.dll": "E4A4705DB20FDEF7899ACD9D608E7BC4",
  "runtimes\\win-x64\\native\\glfw3.dll": "FF1ABB7C61B6DFC93180A63BCEDBD286",
  "runtimes\\win-x64\\native\\minhook.x64d.dll": "1FB495B79A68A8FB55EF98F2DA7A99E3",
  "runtimes\\win-x64\\native\\SDL2.dll": "BC919C787A88B3EF17D58DCF133EDD30",
  "runtimes\\win-x64\\native\\stbi.dll": "68855D1518310BB74C3200D4E149EF15",
  "runtimes\\win-x64\\native\\stbi.lib": "927C214DE576219E1F80DBE7798A0502",
  "runtimes\\win-x86\\native\\glfw3.dll": "9AE2E41BF252EA2142929086878D97C9",
  "runtimes\\win-x86\\native\\SDL2.dll": "FD2EDE56D906D5299A4E84B7600E6A0F",
  "targets\\Dalamud.Plugin.Bootstrap.targets": "72C91AC1B4F7C83711BB4C5834FE49A8",
  "targets\\Dalamud.Plugin.targets": "CE55DF182FBC948D33DB41454A31EEF9",
  "CheapLoc.dll": "40962BAD4B8B2BF65BC976EFDB662771",
  "Costura.dll": "1E1C52F6C6FF5E50D764DA56647434AD",
  "Dalamud.Boot.dll": "B1C2F4AC5ABA32A34912B2886422EE47",
  "Dalamud.deps.json": "051357BD08583BEAB8CB20902199B7AC",
  "Dalamud.dll": "88C89B493CA540C10A4FFF1306A1DC3A",
  "Dalamud.Injector.deps.json": "D10EED2039C0151239F5EA4FE3A65A7B",
  "Dalamud.Injector.dll": "525899C83AB1A27DD46235825410E26B",
  "Dalamud.Injector.exe": "8B12FD3CE26D1AD8D1F933B011D6213A",
  "Dalamud.Injector.runtimeconfig.json": "AAAFA957BB3B382321D67ACC2D792553",
  "Dalamud.Injector.xml": "CC06A545B271F56E0781ECC82BDEF67F",
  "Dalamud.Interface.dll": "E1C91F197495F7F4B71EDCBF17FBF90D",
  "Dalamud.runtimeconfig.json": "454E2BA21742B08CF0A9827950A92B0F",
  "Dalamud.xml": "E5B36498C364B2EBA176FE56F2E9DD35",
  "DalamudCrashHandler.exe": "CE982A73715CAB279BCDCF7075058462",
  "FASM-LICENSE.TXT": "ECEA1D10811221D5F0A3E96F9C38E2C7",
  "FASM.DLL": "B204B2B052F87EFEF0E4A6A0790963DF",
  "FASMX64.DLL": "45831E1CC6F0E6929B0D15B277B86C55",
  "FFXIVClientStructs.dll": "CCB44086CF79CAF3D7B5ADD093DDFE6F",
  "FFXIVClientStructs.xml": "99D52300842511BA998676842AD0B2D7",
  "goaaats.Reloaded.Assembler.targets": "CC22CB0A353E2136EE9E6E96DB9F7164",
  "Iced.dll": "C777E997F0279793CE30DF6F07A76BCD",
  "ImGui.NET.dll": "E9EB6008354C5612BE820C6415A57E25",
  "ImGuiScene.dll": "A095E2DE5723DE059B92AE5210837629",
  "JetBrains.Annotations.dll": "92F51B7DDAD0895C585CC1D777DF26B7",
  "licenses.txt": "A159BE62AA91178EFC3E3983AE874D1D",
  "Lumina.dll": "D27D6967B618697D3ED6028B3C72CD47",
  "Lumina.Excel.dll": "FA4D67184BA9C8B6CA8F5E7B06869431",
  "Microsoft.Bcl.HashCode.dll": "613AB56061ADF2284E047025207467E0",
  "Microsoft.DotNet.PlatformAbstractions.dll": "00AB0F02B1114C57C758F5AD595224F1",
  "Microsoft.Extensions.DependencyModel.dll": "F39BC76C10CFEA478C936FC4521A9FC9",
  "MinSharp.dll": "B6D3D5995D4CA98E4A5DA341AC585DA9",
  "Mono.Cecil.dll": "22C91FD57665868455157956612C0E10",
  "Mono.Cecil.Mdb.dll": "BF1ECE9308D43FE24B3148126BD8FD63",
  "Mono.Cecil.Pdb.dll": "EF3ACD8332613A696715AFE923E05B90",
  "Mono.Cecil.Rocks.dll": "635DE83019631CB82FF6E8E1B27891A5",
  "MonoMod.Backports.dll": "2461C0B7D4407E299F3CBE10DD3AF8D7",
  "MonoMod.Core.dll": "0179722EEDCAF67F53BC9F865D16132D",
  "MonoMod.Iced.dll": "6F267478426E93C3E57C76FC6B63EF3A",
  "MonoMod.ILHelpers.dll": "6489329B61256ED71B916BDAC5A3A21B",
  "MonoMod.RuntimeDetour.dll": "674585B4C0E8F4F4785C86E825363701",
  "MonoMod.Utils.dll": "9F16237178CDEC8A962E400994415327",
  "nethost.dll": "012081214FE71F0F6ADCD9F4A71B2B00",
  "Newtonsoft.Json.dll": "86A83A63F12B55FD3718CFBFB577D7DC",
  "PeNet.Asn1.dll": "DCD5D207223DA3CF312152B90250BC95",
  "PeNet.dll": "446BA7FC02359071676AD077E4E9C5E0",
  "PInvoke.AdvApi32.dll": "34EE461D05B403C3A15D0DEC32A3788C",
  "PInvoke.BCrypt.dll": "FD07758EE1440491F22923084109FF26",
  "PInvoke.Cabinet.dll": "333D950E3804735DA60CC41D614C63E2",
  "PInvoke.CfgMgr32.dll": "768BE7CC18EDCF78B296A72ABE891691",
  "PInvoke.Crypt32.dll": "E7B00B0851738F4A7F2C6D37DAA973B4",
  "PInvoke.DbgHelp.dll": "E701136169620D20E3A70B560DE20E44",
  "PInvoke.DwmApi.dll": "ACF223CC8962404056648815B486F7D9",
  "PInvoke.Gdi32.dll": "69FF434826F98582CE44D3136ECFFACB",
  "PInvoke.Hid.dll": "2E7A41257F8AD9B26073181F450CD8E5",
  "PInvoke.ImageHlp.dll": "79BE816E8D86EA66489D7780DD675D49",
  "PInvoke.IPHlpApi.dll": "E949FA3326D1BA8872B179AB4EE49D38",
  "PInvoke.Kernel32.dll": "234E15B122ED430DE99490CA1A204958",
  "PInvoke.Magnification.dll": "C9EA3D34F506741ECC044DB19C151F09",
  "PInvoke.Msi.dll": "69EE50CE2DA6B55755E52589F49A7EBC",
  "PInvoke.NCrypt.dll": "DA1DE76C14D99370CA3BEF19DC299B15",
  "PInvoke.NetApi32.dll": "AE79F9FA2E3864A5E0642AE4622ECDC5",
  "PInvoke.NewDev.dll": "B3E1992105D986EF9C5C8E4B630FBB07",
  "PInvoke.NTDll.dll": "3F6BDF840EB27DD0FD9EB8071822183A",
  "PInvoke.Ole32.dll": "3C49FB100B60519FFE725BCD12A538F6",
  "PInvoke.Psapi.dll": "A7683EE4B880227F01C8AE632A892B9E",
  "PInvoke.SetupApi.dll": "1B7AE321185D0081D1759A9AD829F9BA",
  "PInvoke.SHCore.dll": "F27E7F063D51480F6D2294C903E4A606",
  "PInvoke.Shell32.dll": "F71A1BCAF6478190691170DAEA77722F",
  "PInvoke.User32.dll": "8BEDE38311ED4F27127290B81B8079FD",
  "PInvoke.Userenv.dll": "FEB7BCA90B8C905EC2F4BB0789847131",
  "PInvoke.UxTheme.dll": "8E683C016250CB719FDB9AAAFC22B3C5",
  "PInvoke.Windows.Core.dll": "90015440A44935208FFEA9BF61740651",
  "PInvoke.Windows.ShellScalingApi.dll": "F351B34B8C9183A51CADFDC279357C49",
  "PInvoke.WinUsb.dll": "9EB8A0280F2848D1A32B560A939F7336",
  "PInvoke.WtsApi32.dll": "341C94455D2E5893DBE4293D4D67AA4D",
  "Reloaded.Assembler.dll": "A85C767146C94E48153DB5179E2D4606",
  "Reloaded.Hooks.Definitions.dll": "653A3186A9A1C14E28B6019493D5F6C1",
  "Reloaded.Hooks.dll": "BC1D4AE6C08B1984011DBC69D1BE9154",
  "Reloaded.Memory.Buffers.dll": "013613D9944BFFC0A3C0199A5F320355",
  "Reloaded.Memory.dll": "A4DF71CE40B42BB95DF9EC82BB872F51",
  "revision.txt": "E3B21256183CF7C2C7A66BE163579D37",
  "SDL2-CS.config": "65557595FD5DF55D93B2BF881DE62C3A",
  "SDL2-CS.dll": "44CA8E14307C3983BC3AFBDB53B27ACB",
  "Serilog.dll": "37CFFADAEE9745BFC15BAB8D43D117DC",
  "Serilog.Sinks.Async.dll": "A95ED36561A6A32B3A3CB1DB6C877AC6",
  "Serilog.Sinks.Console.dll": "8C63F5CA8BC4D2EB20DC840E60A1C98A",
  "Serilog.Sinks.File.dll": "6ADD012FA27B75041D8B30B8C9E7AB1F",
  "SharpDX.Direct3D11.dll": "77633813F93FF47E5E19BF9E3EC65DA4",
  "SharpDX.dll": "16382900BF3620FEC62B5D2043FF8749",
  "SharpDX.DXGI.dll": "DE331C9E1C6656FD9C06F8CFCDBFF724",
  "SharpDX.Mathematics.dll": "08D8D2D97A8FC0E76C78C177E7051C11",
  "Silk.NET.Core.dll": "151B973829350B5FB058E121D8E2A722",
  "Silk.NET.GLFW.dll": "CA58E4056C4E17A44C660FC738A1B30F",
  "Silk.NET.Maths.dll": "5D25E3AD850F5AEB2ECA21C28C0975FA",
  "Silk.NET.OpenGL.dll": "CB4AD3AD98633D3DEEB4F087310D9197",
  "Silk.NET.SDL.dll": "16669811E47419BFC42EF407C69445C0",
  "Silk.NET.Windowing.Common.dll": "8CD0A55E3C70C42E527788203F9CE9CA",
  "Silk.NET.Windowing.Glfw.dll": "834C56D7380AED7477E8A4C5A471BE35",
  "Silk.NET.Windowing.Sdl.dll": "E9CC60CD328135C69604B1242FB7060E",
  "StbiSharp.dll": "9FAEFC9F38B12456732ED54AEF0AF757",
  "System.Reactive.dll": "EF5A00287AD15393D41B12AA4B726FF7",
  "System.Reflection.MetadataLoadContext.dll": "7EC41D41F4E1246757BA3E2EC862D562",
  "System.Security.Cryptography.Pkcs.dll": "8950E01996A37E808BE3F39063C37BF9",
  "TEMP_gitver.txt": "7E119249BE78C6CF3169AA8DCA5C1209",
  "Validation.dll": "2D4B9D761E09E5C19B902B19E7A73177"
}
