{
  "runtimes\\alpine-x64\\native\\libe_sqlite3.so": "39C244FEDBCD3DFC37041D4FCE1AE21D",
  "runtimes\\linux-arm\\native\\libe_sqlite3.so": "96CF54BC0EFB83D6E3F5F3E04997A59D",
  "runtimes\\linux-arm64\\native\\libe_sqlite3.so": "F079E55E7F3F9966A4A2052A3234E068",
  "runtimes\\linux-armel\\native\\libe_sqlite3.so": "C5A67D49434FC65D64E9C15778078C76",
  "runtimes\\linux-mips64\\native\\libe_sqlite3.so": "5F8461214089CFC677D46C19B7162161",
  "runtimes\\linux-musl-x64\\native\\libe_sqlite3.so": "39C244FEDBCD3DFC37041D4FCE1AE21D",
  "runtimes\\linux-x64\\native\\libe_sqlite3.so": "6F49C540D3AB9964D67A4A704C3D262D",
  "runtimes\\linux-x64\\native\\libglfw.so.3": "9E3137144F68B9E9793F4C7AD5B1BEA7",
  "runtimes\\linux-x64\\native\\libSDL2-2.0.so": "99B95A708381FC66AB2370E45A260527",
  "runtimes\\linux-x64\\native\\libstbi.so": "0945355ED59677D06E3E88F48101BB26",
  "runtimes\\linux-x86\\native\\libe_sqlite3.so": "5E0659B414CBD6DDC38C65582485853E",
  "runtimes\\osx-x64\\native\\libe_sqlite3.dylib": "F82AE134FCD1C080A69D775591406673",
  "runtimes\\osx-x64\\native\\libglfw.3.dylib": "1E30FAB2F0C40E82290AD4B0BF14A880",
  "runtimes\\osx-x64\\native\\libSDL2-2.0.dylib": "AAC958490586C67395F0A90903AE3747",
  "runtimes\\osx-x64\\native\\libstbi.dylib": "0B84B0A6A80178266018081C3CAB68E6",
  "runtimes\\win-arm\\native\\e_sqlite3.dll": "0B7030D58ABFFC0B2FB4444D8067DB8A",
  "runtimes\\win-arm64\\native\\e_sqlite3.dll": "102D7D227532D546F80379E32248DD6D",
  "runtimes\\win-x64\\native\\cimgui.dll": "6F6BB45E051EA40D285A7F9693BC4D6C",
  "runtimes\\win-x64\\native\\cimguizmo.dll": "FA0FA32DFB63440D379E131855B76FD5",
  "runtimes\\win-x64\\native\\cimplot.dll": "ABF5684EE9F2EA3C4B917FB71613B046",
  "runtimes\\win-x64\\native\\e_sqlite3.dll": "757AACFBF79321877F7D37E1F4FA0342",
  "runtimes\\win-x64\\native\\glfw3.dll": "B6CBF231695AE41C66D2941F950B248E",
  "runtimes\\win-x64\\native\\minhook.x64d.dll": "79337137EB0B45F0D813BE2D523CA13B",
  "runtimes\\win-x64\\native\\SDL2.dll": "210D8376A9D8B30E75C55C3A6B518B38",
  "runtimes\\win-x64\\native\\stbi.dll": "6D148B65D0A8C0A17B4826BC5B958E72",
  "runtimes\\win-x64\\native\\stbi.lib": "927C214DE576219E1F80DBE7798A0502",
  "runtimes\\win-x86\\native\\e_sqlite3.dll": "FD18F20B214A6CD27CFAB3551CA6797A",
  "runtimes\\win-x86\\native\\glfw3.dll": "9A57E10E77F53A7F19D4393EBD370691",
  "runtimes\\win-x86\\native\\SDL2.dll": "D9EC10A240676092540E0D43ACEAA352",
  "targets\\Dalamud.Plugin.Bootstrap.targets": "C85635161398CD9852CF7212DB7EB904",
  "targets\\Dalamud.Plugin.targets": "DDD731601C06B16E10CF2F8990452A27",
  "BitFaster.Caching.dll": "072DDE468CF011C559D989712F4FDF17",
  "CheapLoc.dll": "CF045D6376FC6F4A48018AEC775A0959",
  "commit_hash.txt": "BA9E1448C89B3DCCDECFFE964AFFFB26",
  "Costura.dll": "30F94EB2A806955C0556EB5F7C2751A4",
  "Dalamud.Boot.dll": "035FF4A712405A6A7BE38B5BC25B5D37",
  "Dalamud.Common.dll": "3FD0E5280636880E617D6690B4B3A345",
  "Dalamud.deps.json": "2055892670AB2F296AE4BE04B2CEA3FE",
  "Dalamud.dll": "6DED7A26A27E1370C5AE04BBD48E88CE",
  "Dalamud.Injector.deps.json": "973E5D437761614CB8BADBA9E2C0F6EA",
  "Dalamud.Injector.dll": "34AC161FFC5A92D8A623ABF8DDBA36A4",
  "Dalamud.Injector.exe": "90227C64DCB8EECAE833D457D903FBFC",
  "Dalamud.Injector.runtimeconfig.json": "B9BB65FFE7924D4D8BABE9FA66303200",
  "Dalamud.Injector.xml": "D41E5DF541D19A015215E777D7395C9C",
  "Dalamud.runtimeconfig.json": "2A9CD915428BDD175E0889BD0C225F75",
  "Dalamud.xml": "EC29735A01BCB296CEA76ED8688C0AD7",
  "DalamudCrashHandler.exe": "C424F61F814F73D7FE03EAC52CCEB115",
  "FASM-LICENSE.TXT": "ECEA1D10811221D5F0A3E96F9C38E2C7",
  "FASM.DLL": "589ABAAAC41D2B73DC1DF7CF2C49A30F",
  "FASMX64.DLL": "8816E825D3ABE03B2C0151AB08F7BA99",
  "FFXIVClientStructs.dll": "2E5E1272064C42BEE0A013612A1B2D63",
  "FFXIVClientStructs.xml": "BE0ECAB2862351FFBE1429DFDE25CD99",
  "goaaats.Reloaded.Assembler.targets": "CC22CB0A353E2136EE9E6E96DB9F7164",
  "Iced.dll": "8D1DB9EF53B22E99DB218FBECFF4F2FD",
  "ImGui.NET.dll": "95038709525AA0127FFC9E94F3E1F70C",
  "ImGuiScene.dll": "ADB9B70C1EBF2F649537F01E458B5024",
  "InteropGenerator.Runtime.dll": "A742F1EAD98543E1A65450BEA1F57783",
  "JetBrains.Annotations.dll": "07EFE973680A10D64112A0C41AD43FB3",
  "licenses.txt": "A159BE62AA91178EFC3E3983AE874D1D",
  "Lumina.dll": "54B0A7BDE97D94D10B1BE5170F5BAC2A",
  "Lumina.Excel.dll": "B998B63C9EE115F2DEE0DB531CFD18DD",
  "Microsoft.Bcl.HashCode.dll": "613AB56061ADF2284E047025207467E0",
  "Microsoft.DotNet.PlatformAbstractions.dll": "00AB0F02B1114C57C758F5AD595224F1",
  "Microsoft.Extensions.DependencyModel.dll": "F39BC76C10CFEA478C936FC4521A9FC9",
  "Microsoft.Extensions.ObjectPool.dll": "FEE3CE8A84417360CC5ED787ED6F7DB1",
  "MinSharp.dll": "DA44A40A928AF82BC51FA45923D03A84",
  "Mono.Cecil.dll": "8161E5B506292F9F43F6E64FC73B152B",
  "Mono.Cecil.Mdb.dll": "190864EE94689F0A0DD4CC063A464F64",
  "Mono.Cecil.Pdb.dll": "3D22952CCBB95AD0BDAB4B3898876C7A",
  "Mono.Cecil.Rocks.dll": "0F4F6757EF469AE7EEA3EFCBCF11D0CF",
  "nethost.dll": "21F39F71E2F4B5BA9FB3F126872F2F9B",
  "Newtonsoft.Json.dll": "ADF3E3EECDE20B7C9661E9C47106A14A",
  "PeNet.Asn1.dll": "BB35EC1122D0883C4EDFC2C677EF6D6E",
  "PeNet.dll": "FA99A8BC9009C2585F0A9F1DBB7ABFD1",
  "PInvoke.AdvApi32.dll": "34EE461D05B403C3A15D0DEC32A3788C",
  "PInvoke.BCrypt.dll": "FD07758EE1440491F22923084109FF26",
  "PInvoke.Cabinet.dll": "333D950E3804735DA60CC41D614C63E2",
  "PInvoke.CfgMgr32.dll": "768BE7CC18EDCF78B296A72ABE891691",
  "PInvoke.Crypt32.dll": "E7B00B0851738F4A7F2C6D37DAA973B4",
  "PInvoke.DbgHelp.dll": "E701136169620D20E3A70B560DE20E44",
  "PInvoke.DwmApi.dll": "ACF223CC8962404056648815B486F7D9",
  "PInvoke.Gdi32.dll": "69FF434826F98582CE44D3136ECFFACB",
  "PInvoke.Hid.dll": "2E7A41257F8AD9B26073181F450CD8E5",
  "PInvoke.ImageHlp.dll": "79BE816E8D86EA66489D7780DD675D49",
  "PInvoke.IPHlpApi.dll": "E949FA3326D1BA8872B179AB4EE49D38",
  "PInvoke.Kernel32.dll": "234E15B122ED430DE99490CA1A204958",
  "PInvoke.Magnification.dll": "C9EA3D34F506741ECC044DB19C151F09",
  "PInvoke.Msi.dll": "69EE50CE2DA6B55755E52589F49A7EBC",
  "PInvoke.NCrypt.dll": "DA1DE76C14D99370CA3BEF19DC299B15",
  "PInvoke.NetApi32.dll": "AE79F9FA2E3864A5E0642AE4622ECDC5",
  "PInvoke.NewDev.dll": "B3E1992105D986EF9C5C8E4B630FBB07",
  "PInvoke.NTDll.dll": "3F6BDF840EB27DD0FD9EB8071822183A",
  "PInvoke.Ole32.dll": "3C49FB100B60519FFE725BCD12A538F6",
  "PInvoke.Psapi.dll": "A7683EE4B880227F01C8AE632A892B9E",
  "PInvoke.SetupApi.dll": "1B7AE321185D0081D1759A9AD829F9BA",
  "PInvoke.SHCore.dll": "F27E7F063D51480F6D2294C903E4A606",
  "PInvoke.Shell32.dll": "F71A1BCAF6478190691170DAEA77722F",
  "PInvoke.User32.dll": "8BEDE38311ED4F27127290B81B8079FD",
  "PInvoke.Userenv.dll": "FEB7BCA90B8C905EC2F4BB0789847131",
  "PInvoke.UxTheme.dll": "8E683C016250CB719FDB9AAAFC22B3C5",
  "PInvoke.Windows.Core.dll": "90015440A44935208FFEA9BF61740651",
  "PInvoke.Windows.ShellScalingApi.dll": "F351B34B8C9183A51CADFDC279357C49",
  "PInvoke.WinUsb.dll": "9EB8A0280F2848D1A32B560A939F7336",
  "PInvoke.WtsApi32.dll": "341C94455D2E5893DBE4293D4D67AA4D",
  "Reloaded.Assembler.dll": "5FB732221DDE121F3DB226DC5D72D46A",
  "Reloaded.Hooks.Definitions.dll": "5AE06B7AAEC36D4077C6489E377C96AB",
  "Reloaded.Hooks.dll": "D5DB336FCE337303AB98DA3356DCEA53",
  "Reloaded.Memory.Buffers.dll": "D8DBBF5BCE0FAA9C60C7F658C63D208F",
  "Reloaded.Memory.dll": "D48791B6C4D0531593BEA79558B4A1E0",
  "revision.txt": "8073BD4ED0FE0C330290C58056A2CD5E",
  "SDL2-CS.config": "65557595FD5DF55D93B2BF881DE62C3A",
  "SDL2-CS.dll": "C3A85FEDED2254F96A74356ADB87F2FD",
  "Serilog.dll": "D1C404316E096C47AC59F0A24BC08A63",
  "Serilog.Sinks.Async.dll": "7D7FE31103E7199E030A807F5E6F4050",
  "Serilog.Sinks.Console.dll": "9033D34F8378E7EE44AD6FF317BA9AB7",
  "Serilog.Sinks.File.dll": "4B816E698F51F682C07940BE055AB212",
  "SharpDX.Direct3D11.dll": "B5636F7E117A5EEB7D986C707C847186",
  "SharpDX.dll": "A571015AC98798FF6BC97BB0FDD77FE0",
  "SharpDX.DXGI.dll": "283C9465D94C937DB51DB5B1907C7317",
  "SharpDX.Mathematics.dll": "48D48CB6019C7E944FC09E0BBC7E130F",
  "Silk.NET.Core.dll": "13FB96B9024168E2D384C370084C08D2",
  "Silk.NET.GLFW.dll": "40EE11C8DF415AEE5B65B85688821705",
  "Silk.NET.Maths.dll": "6559CE84ACB98348708406C85AD028F2",
  "Silk.NET.OpenGL.dll": "C81D7E7267EBFFC769E372C671DC092A",
  "Silk.NET.SDL.dll": "9F1C95C88D7595C6D342A478F7500FBB",
  "Silk.NET.Windowing.Common.dll": "A81893192DDCCDA5FD7F94DD8098D0D0",
  "Silk.NET.Windowing.Glfw.dll": "53CBE3FD1C332D5E6CC4E0DD0A7399FF",
  "Silk.NET.Windowing.Sdl.dll": "8242C99B946F4BFCD902FC543D934658",
  "SQLite-net.dll": "22FD122BD75EB85C0E52B998D04092D6",
  "SQLitePCLRaw.batteries_v2.dll": "B020A2BA6F0557E27ABEA7E9D637C469",
  "SQLitePCLRaw.core.dll": "8B4188DC890D36913A92B90635D89239",
  "SQLitePCLRaw.nativelibrary.dll": "291A9CBCF14FE91E859AFF6DFB619634",
  "SQLitePCLRaw.provider.dynamic_cdecl.dll": "8AF80CF722CB2191D7719853150B0611",
  "StbiSharp.dll": "F513813ED21480B6FAF37FA6B2CCF237",
  "System.Reactive.dll": "EF5A00287AD15393D41B12AA4B726FF7",
  "System.Reflection.MetadataLoadContext.dll": "E88E3AF6D37736F339022C9ACC5F2F7B",
  "System.Security.Cryptography.Pkcs.dll": "8950E01996A37E808BE3F39063C37BF9",
  "TEMP_gitver.txt": "DF35343394DDF731EACA64F9CEA51F03",
  "TerraFX.Interop.Windows.dll": "84F7EF6B0DE91F8CC23F773D3FD6DEC0",
  "Validation.dll": "5A8CA4DA5ADD104B1BC71470E8CC80DB"
}
