{
  "runtimes\\alpine-x64\\native\\libe_sqlite3.so": "39C244FEDBCD3DFC37041D4FCE1AE21D",
  "runtimes\\linux-arm\\native\\libe_sqlite3.so": "96CF54BC0EFB83D6E3F5F3E04997A59D",
  "runtimes\\linux-arm64\\native\\libe_sqlite3.so": "F079E55E7F3F9966A4A2052A3234E068",
  "runtimes\\linux-armel\\native\\libe_sqlite3.so": "C5A67D49434FC65D64E9C15778078C76",
  "runtimes\\linux-mips64\\native\\libe_sqlite3.so": "5F8461214089CFC677D46C19B7162161",
  "runtimes\\linux-musl-x64\\native\\libe_sqlite3.so": "39C244FEDBCD3DFC37041D4FCE1AE21D",
  "runtimes\\linux-x64\\native\\libe_sqlite3.so": "6F49C540D3AB9964D67A4A704C3D262D",
  "runtimes\\linux-x64\\native\\libglfw.so.3": "9E3137144F68B9E9793F4C7AD5B1BEA7",
  "runtimes\\linux-x64\\native\\libSDL2-2.0.so": "99B95A708381FC66AB2370E45A260527",
  "runtimes\\linux-x64\\native\\libstbi.so": "0945355ED59677D06E3E88F48101BB26",
  "runtimes\\linux-x86\\native\\libe_sqlite3.so": "5E0659B414CBD6DDC38C65582485853E",
  "runtimes\\osx-x64\\native\\libe_sqlite3.dylib": "F82AE134FCD1C080A69D775591406673",
  "runtimes\\osx-x64\\native\\libglfw.3.dylib": "1E30FAB2F0C40E82290AD4B0BF14A880",
  "runtimes\\osx-x64\\native\\libSDL2-2.0.dylib": "AAC958490586C67395F0A90903AE3747",
  "runtimes\\osx-x64\\native\\libstbi.dylib": "0B84B0A6A80178266018081C3CAB68E6",
  "runtimes\\win-arm\\native\\e_sqlite3.dll": "A9A9C74B9DC93686045C58CFE76B73A0",
  "runtimes\\win-arm64\\native\\e_sqlite3.dll": "E2D5815F96A8E318884882DC3644AECA",
  "runtimes\\win-x64\\native\\cimgui.dll": "8A9EF34B834CCE03869B311EDD365633",
  "runtimes\\win-x64\\native\\cimguizmo.dll": "D56B0B09A38D781F1E1FDAFAA474952A",
  "runtimes\\win-x64\\native\\cimplot.dll": "C53312D6399D008276B9082D7CB0FCE2",
  "runtimes\\win-x64\\native\\e_sqlite3.dll": "94F2C417967F8310890E8CC65A3C94B3",
  "runtimes\\win-x64\\native\\glfw3.dll": "8064F2061FBFC4F61D356A59D8027B6F",
  "runtimes\\win-x64\\native\\minhook.x64d.dll": "BDFD9B760BFE5356F63F5395859BCF77",
  "runtimes\\win-x64\\native\\SDL2.dll": "9FD74D98EBAB9E268EEB9AEB088F934F",
  "runtimes\\win-x64\\native\\stbi.dll": "4EDA8433645550974CD446D1FBFEE911",
  "runtimes\\win-x64\\native\\stbi.lib": "927C214DE576219E1F80DBE7798A0502",
  "runtimes\\win-x86\\native\\e_sqlite3.dll": "B41DEA095AB8EB35C4211EDB650E9484",
  "runtimes\\win-x86\\native\\glfw3.dll": "066BE03738CD464EE5E0659F82EF4B9C",
  "runtimes\\win-x86\\native\\SDL2.dll": "872F28F15318F8ADA050991422E7394E",
  "targets\\Dalamud.Plugin.Bootstrap.targets": "C85635161398CD9852CF7212DB7EB904",
  "targets\\Dalamud.Plugin.targets": "69D15EDFB3D4F0BEE3A099216E4DE057",
  "BitFaster.Caching.dll": "921F666F88B2EFC1AE775E212434186B",
  "CheapLoc.dll": "CE28B922695C68DC092B24A6357D29A6",
  "commit_hash.txt": "15E09CF4F4FF39571146ADF2B286AF2A",
  "Costura.dll": "79EA5D69F8AFB2291BE0673AF8E72771",
  "Dalamud.Boot.dll": "B2940B55D1B25DFA52BA4286E1BB49EE",
  "Dalamud.Common.dll": "3C762833C33D230626E3B14FB14B8EE0",
  "Dalamud.deps.json": "99E474A91BC04F641349B765EB53950D",
  "Dalamud.dll": "39A89912E1CF9EEAFD6C4320015E304C",
  "Dalamud.Injector.deps.json": "E30B9BD40106FFC14A5274A670979EDF",
  "Dalamud.Injector.dll": "5A6735D140CABF9589E5A633B78EEB30",
  "Dalamud.Injector.exe": "98D82F17B4BEB031F312C0F383286D3C",
  "Dalamud.Injector.runtimeconfig.json": "B9BB65FFE7924D4D8BABE9FA66303200",
  "Dalamud.Injector.xml": "D41E5DF541D19A015215E777D7395C9C",
  "Dalamud.runtimeconfig.json": "2A9CD915428BDD175E0889BD0C225F75",
  "Dalamud.xml": "EC8F8E1C59FD70D94973E8E88C9FD2D2",
  "DalamudCrashHandler.exe": "9E64039AFAE7F67BCE2E08834278BBD8",
  "FASM-LICENSE.TXT": "ECEA1D10811221D5F0A3E96F9C38E2C7",
  "FASM.DLL": "1657C47351AD8DA3030E4B278505A2E0",
  "FASMX64.DLL": "F56217F780A7188064B0FC7E82279460",
  "FFXIVClientStructs.dll": "8C969AC49C06D8ED1546A00C660327B5",
  "FFXIVClientStructs.xml": "A4CA82DF50F11752DB7ACA46957A67EA",
  "goaaats.Reloaded.Assembler.targets": "CC22CB0A353E2136EE9E6E96DB9F7164",
  "Iced.dll": "68F53EFD4805CF4E04F6E589322EF103",
  "ImGui.NET.dll": "E4A3E07171B9551324C9AF058D661D73",
  "ImGuiScene.dll": "CD897170501935142CC490C484CC090C",
  "InteropGenerator.Runtime.dll": "1B0907A0EBCE85280E899DC338A01349",
  "JetBrains.Annotations.dll": "FED51A08E6E01C106228E38063903866",
  "licenses.txt": "A159BE62AA91178EFC3E3983AE874D1D",
  "Lumina.dll": "B1C9DFC8DB3D77E6D44FD2F1E0DC2214",
  "Lumina.Excel.dll": "EF86CC0B6967FE0E50D7804B5CB152E4",
  "Microsoft.Bcl.HashCode.dll": "613AB56061ADF2284E047025207467E0",
  "Microsoft.DotNet.PlatformAbstractions.dll": "00AB0F02B1114C57C758F5AD595224F1",
  "Microsoft.Extensions.DependencyModel.dll": "F39BC76C10CFEA478C936FC4521A9FC9",
  "Microsoft.Extensions.ObjectPool.dll": "FEE3CE8A84417360CC5ED787ED6F7DB1",
  "MinSharp.dll": "DD1799EFDDB2B2A18FCCC5C20A69D2B1",
  "Mono.Cecil.dll": "5A0907511F6B7ACE14F95A4B0E2E607D",
  "Mono.Cecil.Mdb.dll": "EE9E2400B3B6701D386F392B7BBE0BA2",
  "Mono.Cecil.Pdb.dll": "063D566F53FB868079D9885E00D5C715",
  "Mono.Cecil.Rocks.dll": "237603FCF2B062E0C546727E71252FB4",
  "nethost.dll": "21F39F71E2F4B5BA9FB3F126872F2F9B",
  "Newtonsoft.Json.dll": "ADF3E3EECDE20B7C9661E9C47106A14A",
  "PeNet.Asn1.dll": "F216FFF8031885FDD93185A0DE85D5F3",
  "PeNet.dll": "55E4B7684EAE6683E298A665CD897B4D",
  "PInvoke.AdvApi32.dll": "34EE461D05B403C3A15D0DEC32A3788C",
  "PInvoke.BCrypt.dll": "FD07758EE1440491F22923084109FF26",
  "PInvoke.Cabinet.dll": "333D950E3804735DA60CC41D614C63E2",
  "PInvoke.CfgMgr32.dll": "768BE7CC18EDCF78B296A72ABE891691",
  "PInvoke.Crypt32.dll": "E7B00B0851738F4A7F2C6D37DAA973B4",
  "PInvoke.DbgHelp.dll": "E701136169620D20E3A70B560DE20E44",
  "PInvoke.DwmApi.dll": "ACF223CC8962404056648815B486F7D9",
  "PInvoke.Gdi32.dll": "69FF434826F98582CE44D3136ECFFACB",
  "PInvoke.Hid.dll": "2E7A41257F8AD9B26073181F450CD8E5",
  "PInvoke.ImageHlp.dll": "79BE816E8D86EA66489D7780DD675D49",
  "PInvoke.IPHlpApi.dll": "E949FA3326D1BA8872B179AB4EE49D38",
  "PInvoke.Kernel32.dll": "234E15B122ED430DE99490CA1A204958",
  "PInvoke.Magnification.dll": "C9EA3D34F506741ECC044DB19C151F09",
  "PInvoke.Msi.dll": "69EE50CE2DA6B55755E52589F49A7EBC",
  "PInvoke.NCrypt.dll": "DA1DE76C14D99370CA3BEF19DC299B15",
  "PInvoke.NetApi32.dll": "AE79F9FA2E3864A5E0642AE4622ECDC5",
  "PInvoke.NewDev.dll": "B3E1992105D986EF9C5C8E4B630FBB07",
  "PInvoke.NTDll.dll": "3F6BDF840EB27DD0FD9EB8071822183A",
  "PInvoke.Ole32.dll": "3C49FB100B60519FFE725BCD12A538F6",
  "PInvoke.Psapi.dll": "A7683EE4B880227F01C8AE632A892B9E",
  "PInvoke.SetupApi.dll": "1B7AE321185D0081D1759A9AD829F9BA",
  "PInvoke.SHCore.dll": "F27E7F063D51480F6D2294C903E4A606",
  "PInvoke.Shell32.dll": "F71A1BCAF6478190691170DAEA77722F",
  "PInvoke.User32.dll": "8BEDE38311ED4F27127290B81B8079FD",
  "PInvoke.Userenv.dll": "FEB7BCA90B8C905EC2F4BB0789847131",
  "PInvoke.UxTheme.dll": "8E683C016250CB719FDB9AAAFC22B3C5",
  "PInvoke.Windows.Core.dll": "90015440A44935208FFEA9BF61740651",
  "PInvoke.Windows.ShellScalingApi.dll": "F351B34B8C9183A51CADFDC279357C49",
  "PInvoke.WinUsb.dll": "9EB8A0280F2848D1A32B560A939F7336",
  "PInvoke.WtsApi32.dll": "341C94455D2E5893DBE4293D4D67AA4D",
  "Reloaded.Assembler.dll": "7E7248BEE6071B0764E973F72A0BD33A",
  "Reloaded.Hooks.Definitions.dll": "CCDC90A6402F33FCBB5E559C06FDCEC8",
  "Reloaded.Hooks.dll": "61780ED0CF420CBE17C4C33237A2818B",
  "Reloaded.Memory.Buffers.dll": "78D7C8C9A11E7DBE4E7072141CE0D539",
  "Reloaded.Memory.dll": "829C280159548F63BF681685C16B949C",
  "revision.txt": "587B7B833034299FDD5F4B10E7DC9FCA",
  "SDL2-CS.config": "65557595FD5DF55D93B2BF881DE62C3A",
  "SDL2-CS.dll": "70208C2662844D03FEA0885A99BA4A7B",
  "Serilog.dll": "4ADB208A0C0CE29138C8E719B04E91D4",
  "Serilog.Sinks.Async.dll": "011AFEA25EDF191825EFE869557CDB94",
  "Serilog.Sinks.Console.dll": "E98D48D9EFB59DDEF01FFA88A511A49B",
  "Serilog.Sinks.File.dll": "FC096CFA8EE4AE957950F9F76E9199BE",
  "SharpDX.Direct3D11.dll": "F31CAA0F9CCC0959FD322C0A4F7982EE",
  "SharpDX.dll": "4A8ECCFDEF1BA0116C81F96FF487FD1E",
  "SharpDX.DXGI.dll": "79171C04640CD11C15306BC89A503C00",
  "SharpDX.Mathematics.dll": "5B82C9598BAFC8C37CEB338AB8E67D83",
  "Silk.NET.Core.dll": "E72F65238005863A3F89F1B34431A3F0",
  "Silk.NET.GLFW.dll": "02BE8D3579F292D4C2FE1B66606BA695",
  "Silk.NET.Maths.dll": "7D39714C17A33D0F4983E72BCC179CDA",
  "Silk.NET.OpenGL.dll": "76D4EEEF2DB1E64260987EBF726DFE1D",
  "Silk.NET.SDL.dll": "1FBE038B8D9618CF153B63E9C57B2C5A",
  "Silk.NET.Windowing.Common.dll": "20C199D79A0A87FAE7CA19446316C76C",
  "Silk.NET.Windowing.Glfw.dll": "0A605128F56FAFB358FD6579C871D8B4",
  "Silk.NET.Windowing.Sdl.dll": "9988F99D4F271719E445BF6E8E3FB55F",
  "SQLite-net.dll": "2348DE9DB34590A488E64B0BEB9E16EA",
  "SQLitePCLRaw.batteries_v2.dll": "1D7390CF0DA9C184BA276D42E874A749",
  "SQLitePCLRaw.core.dll": "5209304E27BB491C3662682BE085C5E9",
  "SQLitePCLRaw.nativelibrary.dll": "C69FA08ADE5864D5EEFE654EE0CE7167",
  "SQLitePCLRaw.provider.dynamic_cdecl.dll": "82AC81DC3C2A08FD94817F90A53C651E",
  "StbiSharp.dll": "23588254E823B953D32E262F8A25F6C3",
  "System.Reactive.dll": "EF5A00287AD15393D41B12AA4B726FF7",
  "System.Reflection.MetadataLoadContext.dll": "E88E3AF6D37736F339022C9ACC5F2F7B",
  "System.Security.Cryptography.Pkcs.dll": "8950E01996A37E808BE3F39063C37BF9",
  "TEMP_gitver.txt": "89AB7ED836F2F6550AED29096422D142",
  "TerraFX.Interop.Windows.dll": "84F7EF6B0DE91F8CC23F773D3FD6DEC0",
  "Validation.dll": "15FAF52CD3E25C4C4B51E30A21DFDA33"
}
