{
  "runtimes\\alpine-x64\\native\\libe_sqlite3.so": "39C244FEDBCD3DFC37041D4FCE1AE21D",
  "runtimes\\linux-arm\\native\\libe_sqlite3.so": "96CF54BC0EFB83D6E3F5F3E04997A59D",
  "runtimes\\linux-arm64\\native\\libe_sqlite3.so": "F079E55E7F3F9966A4A2052A3234E068",
  "runtimes\\linux-armel\\native\\libe_sqlite3.so": "C5A67D49434FC65D64E9C15778078C76",
  "runtimes\\linux-mips64\\native\\libe_sqlite3.so": "5F8461214089CFC677D46C19B7162161",
  "runtimes\\linux-musl-x64\\native\\libe_sqlite3.so": "39C244FEDBCD3DFC37041D4FCE1AE21D",
  "runtimes\\linux-x64\\native\\libe_sqlite3.so": "6F49C540D3AB9964D67A4A704C3D262D",
  "runtimes\\linux-x64\\native\\libglfw.so.3": "9E3137144F68B9E9793F4C7AD5B1BEA7",
  "runtimes\\linux-x64\\native\\libSDL2-2.0.so": "99B95A708381FC66AB2370E45A260527",
  "runtimes\\linux-x64\\native\\libstbi.so": "0945355ED59677D06E3E88F48101BB26",
  "runtimes\\linux-x86\\native\\libe_sqlite3.so": "5E0659B414CBD6DDC38C65582485853E",
  "runtimes\\osx-x64\\native\\libe_sqlite3.dylib": "F82AE134FCD1C080A69D775591406673",
  "runtimes\\osx-x64\\native\\libglfw.3.dylib": "1E30FAB2F0C40E82290AD4B0BF14A880",
  "runtimes\\osx-x64\\native\\libSDL2-2.0.dylib": "AAC958490586C67395F0A90903AE3747",
  "runtimes\\osx-x64\\native\\libstbi.dylib": "0B84B0A6A80178266018081C3CAB68E6",
  "runtimes\\win-arm\\native\\e_sqlite3.dll": "4A93CFB183D238FE62A725F603367BA4",
  "runtimes\\win-arm64\\native\\e_sqlite3.dll": "35A4087C74B29713CE8A2C9CBFF157DD",
  "runtimes\\win-x64\\native\\cimgui.dll": "010786A3B76B04D267582546C305C444",
  "runtimes\\win-x64\\native\\cimguizmo.dll": "DC1847122E4A272249ADC728893461ED",
  "runtimes\\win-x64\\native\\cimplot.dll": "3F8FD9040ADC831B969BFDBC8A7C3671",
  "runtimes\\win-x64\\native\\e_sqlite3.dll": "92C675C2963B40F98AD9C498CBC0D6C6",
  "runtimes\\win-x64\\native\\glfw3.dll": "FFBAFEA988B959C24366AFC6D7448F9C",
  "runtimes\\win-x64\\native\\minhook.x64d.dll": "1E0312FB58B8D5DA57A9D6D6E90A31FF",
  "runtimes\\win-x64\\native\\SDL2.dll": "F904725AF1FF5DCD16F6EA7AEF64ACAC",
  "runtimes\\win-x64\\native\\stbi.dll": "4CE5CAD1B3D29EFC29E962FB293D05E9",
  "runtimes\\win-x64\\native\\stbi.lib": "927C214DE576219E1F80DBE7798A0502",
  "runtimes\\win-x86\\native\\e_sqlite3.dll": "254AB5F56F4870ADCF986A28C9EF11AF",
  "runtimes\\win-x86\\native\\glfw3.dll": "9B3817EEBB41FD2C5E38D736E0FA79C9",
  "runtimes\\win-x86\\native\\SDL2.dll": "4824E96365121B04518F01732CC3A302",
  "targets\\Dalamud.Plugin.Bootstrap.targets": "C85635161398CD9852CF7212DB7EB904",
  "targets\\Dalamud.Plugin.targets": "11001C983157350F50D99F1A827999B5",
  "CheapLoc.dll": "D5A17F8DD79A4E9DC6A7E714EB1F27EB",
  "Costura.dll": "8A7B394C81F7263A676ABAE727FD4956",
  "Dalamud.Boot.dll": "003EBB52879F546C3402548E64B7F8EB",
  "Dalamud.Common.dll": "1AE9CEF6B8107457D318D5B60057FEF7",
  "Dalamud.deps.json": "E9EA59FDBE3DF8C5A1A3D41B7C88EABF",
  "Dalamud.dll": "DCAAC0753F54D474FA36722245BE1DF3",
  "Dalamud.Injector.deps.json": "4E53ABE9A5D3E4592DA63EBF98DAAD86",
  "Dalamud.Injector.dll": "8DF377843F30A00BFD2D5AC5119BF800",
  "Dalamud.Injector.exe": "E6CBAB1A72BCD55ABAEBA9F415761FFF",
  "Dalamud.Injector.runtimeconfig.json": "AAAFA957BB3B382321D67ACC2D792553",
  "Dalamud.Injector.xml": "6CFC451561E67CE7788814C5B327D7EC",
  "Dalamud.runtimeconfig.json": "15719C111D02D5BD45F37285FC8B6040",
  "Dalamud.xml": "D5244B0E45758E3AC318131A3A3E382A",
  "DalamudCrashHandler.exe": "1B42AE92B80CA096B767713246ECADDF",
  "FASM-LICENSE.TXT": "ECEA1D10811221D5F0A3E96F9C38E2C7",
  "FASM.DLL": "961AC711E15B72ABB62F6598970D8F01",
  "FASMX64.DLL": "2588B57DAD5352CA44C0D51CDEE7872F",
  "FFXIVClientStructs.dll": "E507595F5BCB2C6BB40AD3CADA628A1C",
  "FFXIVClientStructs.xml": "982CA42C496670171A8A5A744FFD9321",
  "goaaats.Reloaded.Assembler.targets": "CC22CB0A353E2136EE9E6E96DB9F7164",
  "Iced.dll": "9C9CCD0A1617910A8BD08F17E60495A5",
  "ImGui.NET.dll": "A027D4B853806D58D07B744E65DAC7A8",
  "ImGuiScene.dll": "E790C214CA639F57FD550357A0163A24",
  "JetBrains.Annotations.dll": "3C3FEC7D8E3B09DF97A8C7DA8E7D387B",
  "licenses.txt": "A159BE62AA91178EFC3E3983AE874D1D",
  "Lumina.dll": "D66E30A76F862D80A4966E1C1ABA5896",
  "Lumina.Excel.dll": "F2C4CD012EB2F36FE2B6E6B7617AF28A",
  "Microsoft.Bcl.HashCode.dll": "613AB56061ADF2284E047025207467E0",
  "Microsoft.DotNet.PlatformAbstractions.dll": "00AB0F02B1114C57C758F5AD595224F1",
  "Microsoft.Extensions.DependencyModel.dll": "F39BC76C10CFEA478C936FC4521A9FC9",
  "MinSharp.dll": "61DA949DC9AD80A7BC8DB0D228853D07",
  "Mono.Cecil.dll": "59B47E3813C45A60B85E9AB35797D507",
  "Mono.Cecil.Mdb.dll": "AD5135AAB0F4983B6ADC4950F805A9B8",
  "Mono.Cecil.Pdb.dll": "49837EF277C7CDBD60808E0AF9C37FA9",
  "Mono.Cecil.Rocks.dll": "89C2D2EF80AFB6F05AFB2766189EF53A",
  "MonoMod.Backports.dll": "35EAA7695A64B49C1A751247B0A76C73",
  "MonoMod.Core.dll": "EDDC373B8BABAD14840D90606E78FF35",
  "MonoMod.Iced.dll": "83A688772CCD65FAB73C18BF8454150B",
  "MonoMod.ILHelpers.dll": "A6A10C944547D073D484BAFC67D9AC4D",
  "MonoMod.RuntimeDetour.dll": "F5E6E1964DAB35469928C2B0E6F59D4A",
  "MonoMod.Utils.dll": "DC9FF1396CBF7DF73AB3DDB82613379D",
  "nethost.dll": "012081214FE71F0F6ADCD9F4A71B2B00",
  "Newtonsoft.Json.dll": "86A83A63F12B55FD3718CFBFB577D7DC",
  "PeNet.Asn1.dll": "139E4F51A13ECF8AB4C15785BE19448A",
  "PeNet.dll": "7F219A31EA798F18076C84963544535C",
  "PInvoke.AdvApi32.dll": "34EE461D05B403C3A15D0DEC32A3788C",
  "PInvoke.BCrypt.dll": "FD07758EE1440491F22923084109FF26",
  "PInvoke.Cabinet.dll": "333D950E3804735DA60CC41D614C63E2",
  "PInvoke.CfgMgr32.dll": "768BE7CC18EDCF78B296A72ABE891691",
  "PInvoke.Crypt32.dll": "E7B00B0851738F4A7F2C6D37DAA973B4",
  "PInvoke.DbgHelp.dll": "E701136169620D20E3A70B560DE20E44",
  "PInvoke.DwmApi.dll": "ACF223CC8962404056648815B486F7D9",
  "PInvoke.Gdi32.dll": "69FF434826F98582CE44D3136ECFFACB",
  "PInvoke.Hid.dll": "2E7A41257F8AD9B26073181F450CD8E5",
  "PInvoke.ImageHlp.dll": "79BE816E8D86EA66489D7780DD675D49",
  "PInvoke.IPHlpApi.dll": "E949FA3326D1BA8872B179AB4EE49D38",
  "PInvoke.Kernel32.dll": "234E15B122ED430DE99490CA1A204958",
  "PInvoke.Magnification.dll": "C9EA3D34F506741ECC044DB19C151F09",
  "PInvoke.Msi.dll": "69EE50CE2DA6B55755E52589F49A7EBC",
  "PInvoke.NCrypt.dll": "DA1DE76C14D99370CA3BEF19DC299B15",
  "PInvoke.NetApi32.dll": "AE79F9FA2E3864A5E0642AE4622ECDC5",
  "PInvoke.NewDev.dll": "B3E1992105D986EF9C5C8E4B630FBB07",
  "PInvoke.NTDll.dll": "3F6BDF840EB27DD0FD9EB8071822183A",
  "PInvoke.Ole32.dll": "3C49FB100B60519FFE725BCD12A538F6",
  "PInvoke.Psapi.dll": "A7683EE4B880227F01C8AE632A892B9E",
  "PInvoke.SetupApi.dll": "1B7AE321185D0081D1759A9AD829F9BA",
  "PInvoke.SHCore.dll": "F27E7F063D51480F6D2294C903E4A606",
  "PInvoke.Shell32.dll": "F71A1BCAF6478190691170DAEA77722F",
  "PInvoke.User32.dll": "8BEDE38311ED4F27127290B81B8079FD",
  "PInvoke.Userenv.dll": "FEB7BCA90B8C905EC2F4BB0789847131",
  "PInvoke.UxTheme.dll": "8E683C016250CB719FDB9AAAFC22B3C5",
  "PInvoke.Windows.Core.dll": "90015440A44935208FFEA9BF61740651",
  "PInvoke.Windows.ShellScalingApi.dll": "F351B34B8C9183A51CADFDC279357C49",
  "PInvoke.WinUsb.dll": "9EB8A0280F2848D1A32B560A939F7336",
  "PInvoke.WtsApi32.dll": "341C94455D2E5893DBE4293D4D67AA4D",
  "Reloaded.Assembler.dll": "D3138349E71A3CD112CBD0A498D35CD6",
  "Reloaded.Hooks.Definitions.dll": "DE9E66FF9E5ACB913BE876D0C449134B",
  "Reloaded.Hooks.dll": "60D2EDEE1F835C03A6835EDFDBB30F28",
  "Reloaded.Memory.Buffers.dll": "B420706463AB65CCC61F340870021A05",
  "Reloaded.Memory.dll": "DA773643CCE8702E18429237CB5C126A",
  "revision.txt": "4607F7FFF0DCE694258E1C637512AA9D",
  "SDL2-CS.config": "65557595FD5DF55D93B2BF881DE62C3A",
  "SDL2-CS.dll": "377CAA47B6C00B6AE91FB614E1E058C6",
  "Serilog.dll": "CDB8D3C9E56E9CFBA8B12C5EA1891191",
  "Serilog.Sinks.Async.dll": "354E809BDB9E789AE06658DE8AAB0DD7",
  "Serilog.Sinks.Console.dll": "FF38C4673147732D9C5081D4E132BF5B",
  "Serilog.Sinks.File.dll": "37001958E9054DE1D27E04B319413E4D",
  "SharpDX.Direct3D11.dll": "D38441B5CA2A4856B343FCC53FA98AE8",
  "SharpDX.dll": "DDB8FFF902FE712E12B71EDFFBB98473",
  "SharpDX.DXGI.dll": "9807BEF9716EFC5A8CF101F7A1CA1D02",
  "SharpDX.Mathematics.dll": "030EFB9D229DAE6C387F22AF62FADE1C",
  "Silk.NET.Core.dll": "999C664E6B463150C3B838D4FE9F4FDE",
  "Silk.NET.GLFW.dll": "BDC1BBFB4155A9DCBB3225A9BD0FECD0",
  "Silk.NET.Maths.dll": "E5506D7DE13BD5F1335B6D3B46005A67",
  "Silk.NET.OpenGL.dll": "1D6A49D28A911B7906DBC5B96E198DE3",
  "Silk.NET.SDL.dll": "6401B7163BBE5A158638416362D05656",
  "Silk.NET.Windowing.Common.dll": "E12EDF771C739122E39D0D075C9CC76F",
  "Silk.NET.Windowing.Glfw.dll": "0BDC9E35643F78C9467D0C7BFC6F6FFE",
  "Silk.NET.Windowing.Sdl.dll": "5ADBA0113C8710B830E96DC18E7ED1F5",
  "SQLite-net.dll": "C24B8580C8411895363575ACD16BCA52",
  "SQLitePCLRaw.batteries_v2.dll": "04E9C098B6F1F7F5D254B88BBB458A04",
  "SQLitePCLRaw.core.dll": "6B685A0387DC5E2979E43A1966F83085",
  "SQLitePCLRaw.nativelibrary.dll": "5D23774B43CD01F1B35A144397A9DCEB",
  "SQLitePCLRaw.provider.dynamic_cdecl.dll": "5921BF109EA3A820BD5F4B99363E89ED",
  "StbiSharp.dll": "7245950E7D5780F18FF1485CABFAFBB6",
  "System.Reactive.dll": "EF5A00287AD15393D41B12AA4B726FF7",
  "System.Reflection.MetadataLoadContext.dll": "7EC41D41F4E1246757BA3E2EC862D562",
  "System.Security.Cryptography.Pkcs.dll": "8950E01996A37E808BE3F39063C37BF9",
  "TEMP_gitver.txt": "F9392B96FE823E33A7584D093260AE55",
  "TerraFX.Interop.Windows.dll": "84F7EF6B0DE91F8CC23F773D3FD6DEC0",
  "Validation.dll": "4C66F1FC2B250A591493B76BD7FA4C29"
}
