{
  "runtimes\\alpine-x64\\native\\libe_sqlite3.so": "39C244FEDBCD3DFC37041D4FCE1AE21D",
  "runtimes\\linux-arm\\native\\libe_sqlite3.so": "96CF54BC0EFB83D6E3F5F3E04997A59D",
  "runtimes\\linux-arm64\\native\\libe_sqlite3.so": "F079E55E7F3F9966A4A2052A3234E068",
  "runtimes\\linux-armel\\native\\libe_sqlite3.so": "C5A67D49434FC65D64E9C15778078C76",
  "runtimes\\linux-mips64\\native\\libe_sqlite3.so": "5F8461214089CFC677D46C19B7162161",
  "runtimes\\linux-musl-x64\\native\\libe_sqlite3.so": "39C244FEDBCD3DFC37041D4FCE1AE21D",
  "runtimes\\linux-x64\\native\\libe_sqlite3.so": "6F49C540D3AB9964D67A4A704C3D262D",
  "runtimes\\linux-x64\\native\\libglfw.so.3": "9E3137144F68B9E9793F4C7AD5B1BEA7",
  "runtimes\\linux-x64\\native\\libSDL2-2.0.so": "99B95A708381FC66AB2370E45A260527",
  "runtimes\\linux-x64\\native\\libstbi.so": "0945355ED59677D06E3E88F48101BB26",
  "runtimes\\linux-x86\\native\\libe_sqlite3.so": "5E0659B414CBD6DDC38C65582485853E",
  "runtimes\\osx-x64\\native\\libe_sqlite3.dylib": "F82AE134FCD1C080A69D775591406673",
  "runtimes\\osx-x64\\native\\libglfw.3.dylib": "1E30FAB2F0C40E82290AD4B0BF14A880",
  "runtimes\\osx-x64\\native\\libSDL2-2.0.dylib": "AAC958490586C67395F0A90903AE3747",
  "runtimes\\osx-x64\\native\\libstbi.dylib": "0B84B0A6A80178266018081C3CAB68E6",
  "runtimes\\win-arm\\native\\e_sqlite3.dll": "4DF3A9931ACCE98C16D362CEC74FEFE2",
  "runtimes\\win-arm64\\native\\e_sqlite3.dll": "0D31DCF2F739B65B28391FCD8ADDD3E7",
  "runtimes\\win-x64\\native\\cimgui.dll": "592F6E780EF8D0F9521189009B6AACAE",
  "runtimes\\win-x64\\native\\cimguizmo.dll": "BC1B77A05FD28B55FE6C158767B4BE13",
  "runtimes\\win-x64\\native\\cimplot.dll": "B1663A1A87BD6E8867247098B404597F",
  "runtimes\\win-x64\\native\\e_sqlite3.dll": "AE747B88286E61F835B27365113A1C05",
  "runtimes\\win-x64\\native\\glfw3.dll": "60EBF30BFE48408E0B2DA6FA5A8A199A",
  "runtimes\\win-x64\\native\\minhook.x64d.dll": "48B2DA1F8B196EB60CC746F3D8C37210",
  "runtimes\\win-x64\\native\\SDL2.dll": "282CF256FFF11B4CF0C17BC5B7ABD79D",
  "runtimes\\win-x64\\native\\stbi.dll": "28D3FBA69C5B9A0999D106413EC70BC3",
  "runtimes\\win-x64\\native\\stbi.lib": "927C214DE576219E1F80DBE7798A0502",
  "runtimes\\win-x86\\native\\e_sqlite3.dll": "D39C9CE351A24A27EAB989953FAA7132",
  "runtimes\\win-x86\\native\\glfw3.dll": "7F8E54998589019ECB436081C7C32CCB",
  "runtimes\\win-x86\\native\\SDL2.dll": "158BA5EC42A1AAE9DA23D5B138AEA9D8",
  "targets\\Dalamud.Plugin.Bootstrap.targets": "C85635161398CD9852CF7212DB7EB904",
  "targets\\Dalamud.Plugin.targets": "DDD731601C06B16E10CF2F8990452A27",
  "BitFaster.Caching.dll": "CCFC978E8FE5963BC3B427DFF1A45D22",
  "CheapLoc.dll": "8213ED84DBEDDB3A3C8447FD06E6CFCF",
  "commit_hash.txt": "EEEAB1DC4F61F32EB63081C41D50B9BD",
  "Costura.dll": "CB2A832ED80908E48ECC88F40048792E",
  "Dalamud.Boot.dll": "95C1E318F4D5741893AE9E0A0C3098DD",
  "Dalamud.Common.dll": "7CF753008659D79C4C9168F164F6C171",
  "Dalamud.deps.json": "0E3AF5193055262C8C19AA5FAFD707E2",
  "Dalamud.dll": "C8486F4AB9FD17E899380C860B28A398",
  "Dalamud.Injector.deps.json": "973E5D437761614CB8BADBA9E2C0F6EA",
  "Dalamud.Injector.dll": "B5A011351C8C2835F2D03D19F7BB2811",
  "Dalamud.Injector.exe": "F18E8819797B90DD086026B898CA6C39",
  "Dalamud.Injector.runtimeconfig.json": "B9BB65FFE7924D4D8BABE9FA66303200",
  "Dalamud.Injector.xml": "D41E5DF541D19A015215E777D7395C9C",
  "Dalamud.runtimeconfig.json": "2A9CD915428BDD175E0889BD0C225F75",
  "Dalamud.xml": "01ACCB9F971177F06C558A7C15FDA461",
  "DalamudCrashHandler.exe": "96B16B279CD7BB6C08DC6A5B2B74C4BE",
  "FASM-LICENSE.TXT": "ECEA1D10811221D5F0A3E96F9C38E2C7",
  "FASM.DLL": "A09BF6E8C061FEBF61FF5922AD372B15",
  "FASMX64.DLL": "E020F3B8FAA7BEB1E06EDB4E5509AD9E",
  "FFXIVClientStructs.dll": "7C0943A8C971F8B6E7E8DE3DD6B3F160",
  "FFXIVClientStructs.xml": "C9B2DA89ACF8549D52FC3EDF00FF7CC7",
  "goaaats.Reloaded.Assembler.targets": "CC22CB0A353E2136EE9E6E96DB9F7164",
  "Iced.dll": "A84C0E1441F3DE6C2AD9DFC9BBE5E78E",
  "ImGui.NET.dll": "45B2A475660F7B31AFBAC3A994EBFCA4",
  "ImGuiScene.dll": "D515F87745C959BC596D68888C1D3F02",
  "InteropGenerator.Runtime.dll": "FF3A8CE92212815EEE1D00DA2B378B1C",
  "JetBrains.Annotations.dll": "5B51457241701FF6C0478239AA2FD046",
  "licenses.txt": "A159BE62AA91178EFC3E3983AE874D1D",
  "Lumina.dll": "799307ABB7D1FECB0F6ED654038DD351",
  "Lumina.Excel.dll": "5DD5D3E1450B186B2B22CE43F50762E4",
  "Microsoft.Bcl.HashCode.dll": "613AB56061ADF2284E047025207467E0",
  "Microsoft.DotNet.PlatformAbstractions.dll": "00AB0F02B1114C57C758F5AD595224F1",
  "Microsoft.Extensions.DependencyModel.dll": "F39BC76C10CFEA478C936FC4521A9FC9",
  "Microsoft.Extensions.ObjectPool.dll": "FEE3CE8A84417360CC5ED787ED6F7DB1",
  "MinSharp.dll": "1F2423859D3B3DEA639B215B45CD1079",
  "Mono.Cecil.dll": "BA1D8163E62C0084F6287B8D1808EE67",
  "Mono.Cecil.Mdb.dll": "22FFE682EEF069B2187838DD9F0CD7C3",
  "Mono.Cecil.Pdb.dll": "0797325B1CCD02AC2EB0D24E695133BF",
  "Mono.Cecil.Rocks.dll": "A50F152F57C4C7BC10B1D24A076B3956",
  "nethost.dll": "21F39F71E2F4B5BA9FB3F126872F2F9B",
  "Newtonsoft.Json.dll": "ADF3E3EECDE20B7C9661E9C47106A14A",
  "PeNet.Asn1.dll": "57571A4B2AEDDDFDA1C06E10B214D28F",
  "PeNet.dll": "796672C461336D46EE2E9BE1F2CC7CA6",
  "PInvoke.AdvApi32.dll": "34EE461D05B403C3A15D0DEC32A3788C",
  "PInvoke.BCrypt.dll": "FD07758EE1440491F22923084109FF26",
  "PInvoke.Cabinet.dll": "333D950E3804735DA60CC41D614C63E2",
  "PInvoke.CfgMgr32.dll": "768BE7CC18EDCF78B296A72ABE891691",
  "PInvoke.Crypt32.dll": "E7B00B0851738F4A7F2C6D37DAA973B4",
  "PInvoke.DbgHelp.dll": "E701136169620D20E3A70B560DE20E44",
  "PInvoke.DwmApi.dll": "ACF223CC8962404056648815B486F7D9",
  "PInvoke.Gdi32.dll": "69FF434826F98582CE44D3136ECFFACB",
  "PInvoke.Hid.dll": "2E7A41257F8AD9B26073181F450CD8E5",
  "PInvoke.ImageHlp.dll": "79BE816E8D86EA66489D7780DD675D49",
  "PInvoke.IPHlpApi.dll": "E949FA3326D1BA8872B179AB4EE49D38",
  "PInvoke.Kernel32.dll": "234E15B122ED430DE99490CA1A204958",
  "PInvoke.Magnification.dll": "C9EA3D34F506741ECC044DB19C151F09",
  "PInvoke.Msi.dll": "69EE50CE2DA6B55755E52589F49A7EBC",
  "PInvoke.NCrypt.dll": "DA1DE76C14D99370CA3BEF19DC299B15",
  "PInvoke.NetApi32.dll": "AE79F9FA2E3864A5E0642AE4622ECDC5",
  "PInvoke.NewDev.dll": "B3E1992105D986EF9C5C8E4B630FBB07",
  "PInvoke.NTDll.dll": "3F6BDF840EB27DD0FD9EB8071822183A",
  "PInvoke.Ole32.dll": "3C49FB100B60519FFE725BCD12A538F6",
  "PInvoke.Psapi.dll": "A7683EE4B880227F01C8AE632A892B9E",
  "PInvoke.SetupApi.dll": "1B7AE321185D0081D1759A9AD829F9BA",
  "PInvoke.SHCore.dll": "F27E7F063D51480F6D2294C903E4A606",
  "PInvoke.Shell32.dll": "F71A1BCAF6478190691170DAEA77722F",
  "PInvoke.User32.dll": "8BEDE38311ED4F27127290B81B8079FD",
  "PInvoke.Userenv.dll": "FEB7BCA90B8C905EC2F4BB0789847131",
  "PInvoke.UxTheme.dll": "8E683C016250CB719FDB9AAAFC22B3C5",
  "PInvoke.Windows.Core.dll": "90015440A44935208FFEA9BF61740651",
  "PInvoke.Windows.ShellScalingApi.dll": "F351B34B8C9183A51CADFDC279357C49",
  "PInvoke.WinUsb.dll": "9EB8A0280F2848D1A32B560A939F7336",
  "PInvoke.WtsApi32.dll": "341C94455D2E5893DBE4293D4D67AA4D",
  "Reloaded.Assembler.dll": "C05736712327D80D2B95061F94CFD0D2",
  "Reloaded.Hooks.Definitions.dll": "BDC2B628CA52DED3FDEB0ED7B0583AF6",
  "Reloaded.Hooks.dll": "60FBA02F9DA43C7C22DACA5042E1912B",
  "Reloaded.Memory.Buffers.dll": "4DE04956C4D428A845FD00637F3DAAA5",
  "Reloaded.Memory.dll": "B98CB4D6D7DCA5F690E162B38027F2B9",
  "revision.txt": "764A9F2462BF088AF07B6AE6C107E62C",
  "SDL2-CS.config": "65557595FD5DF55D93B2BF881DE62C3A",
  "SDL2-CS.dll": "E82A3C545DEB180ED8CF77A068A97CC4",
  "Serilog.dll": "F2DFE45FE19C4E84A1E96E83BCE2CAE1",
  "Serilog.Sinks.Async.dll": "159B3D5357DC20651B33AD772C8B399C",
  "Serilog.Sinks.Console.dll": "BC7552C7BD7D205FFB86AE32A41A77D1",
  "Serilog.Sinks.File.dll": "7740B2096A3678042B6D8EC1CE3FE59D",
  "SharpDX.Direct3D11.dll": "A24FD310E138BC023AD69198C78797B5",
  "SharpDX.dll": "50A895ED2DBBB243CF74478054B0D22C",
  "SharpDX.DXGI.dll": "CB930689B28311C9ADDD6B6165E0507D",
  "SharpDX.Mathematics.dll": "A4610EE692FBBFEEBF0D214E31586390",
  "Silk.NET.Core.dll": "75E5B219E0211B27E716887F05D12440",
  "Silk.NET.GLFW.dll": "37C5792AA88D065350A077EEB4A57584",
  "Silk.NET.Maths.dll": "D4D3757B4489A00BE88F3F84C345858A",
  "Silk.NET.OpenGL.dll": "132181F86E3B8201FA9421247D0CC58C",
  "Silk.NET.SDL.dll": "834B8C1EC9419EAB19F666F273319BE3",
  "Silk.NET.Windowing.Common.dll": "BB32B2827337A913028EC93B0CDB651E",
  "Silk.NET.Windowing.Glfw.dll": "1FE7FFABDCDA8C305D8152FBE53D0211",
  "Silk.NET.Windowing.Sdl.dll": "23B0F0EE2AE2A7E0CDD8A286EECBB91B",
  "SQLite-net.dll": "212BFE5388DAA0FA49BE13101006BC58",
  "SQLitePCLRaw.batteries_v2.dll": "01383AE14FD11FEF88605D24EA787F54",
  "SQLitePCLRaw.core.dll": "69BA6054F4E94E33B5AE0DDA49FA6D7B",
  "SQLitePCLRaw.nativelibrary.dll": "1B966800121AB90F4062117432E4BED9",
  "SQLitePCLRaw.provider.dynamic_cdecl.dll": "35D7E6E42768E028D46E1E83C076A9CF",
  "StbiSharp.dll": "26F3A407FA23744F967BE509C77D929B",
  "System.Reactive.dll": "EF5A00287AD15393D41B12AA4B726FF7",
  "System.Reflection.MetadataLoadContext.dll": "E88E3AF6D37736F339022C9ACC5F2F7B",
  "System.Security.Cryptography.Pkcs.dll": "8950E01996A37E808BE3F39063C37BF9",
  "TEMP_gitver.txt": "6AF97B9F15B8E19997718D8248D98157",
  "TerraFX.Interop.Windows.dll": "84F7EF6B0DE91F8CC23F773D3FD6DEC0",
  "Validation.dll": "1F04D3BFDE9625F91594B5C3060F9670"
}
