{
  "runtimes\\alpine-x64\\native\\libe_sqlite3.so": "39C244FEDBCD3DFC37041D4FCE1AE21D",
  "runtimes\\linux-arm\\native\\libe_sqlite3.so": "96CF54BC0EFB83D6E3F5F3E04997A59D",
  "runtimes\\linux-arm64\\native\\libe_sqlite3.so": "F079E55E7F3F9966A4A2052A3234E068",
  "runtimes\\linux-armel\\native\\libe_sqlite3.so": "C5A67D49434FC65D64E9C15778078C76",
  "runtimes\\linux-mips64\\native\\libe_sqlite3.so": "5F8461214089CFC677D46C19B7162161",
  "runtimes\\linux-musl-x64\\native\\libe_sqlite3.so": "39C244FEDBCD3DFC37041D4FCE1AE21D",
  "runtimes\\linux-x64\\native\\libe_sqlite3.so": "6F49C540D3AB9964D67A4A704C3D262D",
  "runtimes\\linux-x64\\native\\libglfw.so.3": "9E3137144F68B9E9793F4C7AD5B1BEA7",
  "runtimes\\linux-x64\\native\\libSDL2-2.0.so": "99B95A708381FC66AB2370E45A260527",
  "runtimes\\linux-x64\\native\\libstbi.so": "0945355ED59677D06E3E88F48101BB26",
  "runtimes\\linux-x86\\native\\libe_sqlite3.so": "5E0659B414CBD6DDC38C65582485853E",
  "runtimes\\osx-x64\\native\\libe_sqlite3.dylib": "F82AE134FCD1C080A69D775591406673",
  "runtimes\\osx-x64\\native\\libglfw.3.dylib": "1E30FAB2F0C40E82290AD4B0BF14A880",
  "runtimes\\osx-x64\\native\\libSDL2-2.0.dylib": "AAC958490586C67395F0A90903AE3747",
  "runtimes\\osx-x64\\native\\libstbi.dylib": "0B84B0A6A80178266018081C3CAB68E6",
  "runtimes\\win-arm\\native\\e_sqlite3.dll": "2BCA3F8C9AF812120A4713FF61FA19D5",
  "runtimes\\win-arm64\\native\\e_sqlite3.dll": "ADCB6ED163A0598BBA7A0E0ED63A5E49",
  "runtimes\\win-x64\\native\\cimgui.dll": "75C59E993F00791858877DCEAC3B865F",
  "runtimes\\win-x64\\native\\cimguizmo.dll": "3BF967B6DEA434BEE4D559851B945469",
  "runtimes\\win-x64\\native\\cimplot.dll": "975D160316B73D6116B04892092CB284",
  "runtimes\\win-x64\\native\\e_sqlite3.dll": "E83CF0007AEFDDEF6FCDCFA990CA3978",
  "runtimes\\win-x64\\native\\glfw3.dll": "3948496A8DF957550A87FA05E2787D11",
  "runtimes\\win-x64\\native\\minhook.x64d.dll": "516345E428CC883E996921172363D823",
  "runtimes\\win-x64\\native\\SDL2.dll": "5103E51F7BBC21E6C358EE7B8F459154",
  "runtimes\\win-x64\\native\\stbi.dll": "5E0E6A9E34B20ADA0101F1E5BAFFC43C",
  "runtimes\\win-x64\\native\\stbi.lib": "927C214DE576219E1F80DBE7798A0502",
  "runtimes\\win-x86\\native\\e_sqlite3.dll": "82F7BB8358E1BA7BC70BE46189C6383E",
  "runtimes\\win-x86\\native\\glfw3.dll": "3997691E4F658DAEEE75F74FEAD935D2",
  "runtimes\\win-x86\\native\\SDL2.dll": "F827033A20F50223D8D4B1674BA8AB9A",
  "targets\\Dalamud.Plugin.Bootstrap.targets": "C85635161398CD9852CF7212DB7EB904",
  "targets\\Dalamud.Plugin.targets": "E2AA900DB1F6596D1C203D4112A10F5E",
  "CheapLoc.dll": "626B1FD39A8F67E22A30F5AB3FFD6487",
  "Costura.dll": "6207AD60416BCC784B3C74EFEBF9C805",
  "Dalamud.Boot.dll": "B215A40C7437FF0B363EA1A3A626CB49",
  "Dalamud.Common.dll": "2F40920F95D15E5EBD50F3C077A27B8B",
  "Dalamud.deps.json": "325983F264A0A95D4BF89E2FD1B89563",
  "Dalamud.dll": "7C33367AC64EA55798BADBBE50811FDC",
  "Dalamud.Injector.deps.json": "C1FA0941DC8B38E415776C60C508AAB9",
  "Dalamud.Injector.dll": "5C2637E2A0BFF51E5E75DF1AC87F21B3",
  "Dalamud.Injector.exe": "E4A8BDAD0B6A685FFFA4EA01AFBF9C7F",
  "Dalamud.Injector.runtimeconfig.json": "B9BB65FFE7924D4D8BABE9FA66303200",
  "Dalamud.Injector.xml": "D41E5DF541D19A015215E777D7395C9C",
  "Dalamud.runtimeconfig.json": "2A9CD915428BDD175E0889BD0C225F75",
  "Dalamud.xml": "D368F08C50CFE2F9E4E4EEC2C8ED510A",
  "DalamudCrashHandler.exe": "10369D1C638AEF3FF8B5B1613835A90F",
  "FASM-LICENSE.TXT": "ECEA1D10811221D5F0A3E96F9C38E2C7",
  "FASM.DLL": "3D30D2CE8DF146874929B26A23272A61",
  "FASMX64.DLL": "B70ABA30B83C0A4FE11C173FFB6B2F7E",
  "FFXIVClientStructs.dll": "A4C92D4D7E00D80345460D21272A5C74",
  "FFXIVClientStructs.xml": "1BC608E144B877A3EE42DFBFDD447B74",
  "goaaats.Reloaded.Assembler.targets": "CC22CB0A353E2136EE9E6E96DB9F7164",
  "Iced.dll": "C47C1D49AB646A9E52F8E6A896343E43",
  "ImGui.NET.dll": "9DE784269B9CE1899D529E0C23F97348",
  "ImGuiScene.dll": "F74ECE78900023CEB5C673E74E86DF19",
  "JetBrains.Annotations.dll": "AB251A6063C1B1457274F7A003FA96A3",
  "licenses.txt": "A159BE62AA91178EFC3E3983AE874D1D",
  "Lumina.dll": "4C765C1C3FCF6517CE7934B7966E327A",
  "Lumina.Excel.dll": "444BCA6B94E0E1C35CBD4D2D5FE352B4",
  "Microsoft.Bcl.HashCode.dll": "613AB56061ADF2284E047025207467E0",
  "Microsoft.DotNet.PlatformAbstractions.dll": "00AB0F02B1114C57C758F5AD595224F1",
  "Microsoft.Extensions.DependencyModel.dll": "F39BC76C10CFEA478C936FC4521A9FC9",
  "Microsoft.Extensions.ObjectPool.dll": "4EEE3E64BE561711391BF998FFBF65D3",
  "MinSharp.dll": "79C1AE66D1089FD6E07BD6ADAE4F670C",
  "Mono.Cecil.dll": "AEF0899E9B1F5A16868ADE427F4F194D",
  "Mono.Cecil.Mdb.dll": "DEE34BAAED5F1C1CBE8DE75C3E581559",
  "Mono.Cecil.Pdb.dll": "E1CF48C553CE1A9C079B47B883157246",
  "Mono.Cecil.Rocks.dll": "09CB53CD0FAEB3BC2920C879E73CF1A6",
  "nethost.dll": "012081214FE71F0F6ADCD9F4A71B2B00",
  "Newtonsoft.Json.dll": "86A83A63F12B55FD3718CFBFB577D7DC",
  "PeNet.Asn1.dll": "6C2E71F2416E91196EC065F34521F2E9",
  "PeNet.dll": "83AF5C7DC0F66C17CF878ABC2C9AE9F9",
  "PInvoke.AdvApi32.dll": "34EE461D05B403C3A15D0DEC32A3788C",
  "PInvoke.BCrypt.dll": "FD07758EE1440491F22923084109FF26",
  "PInvoke.Cabinet.dll": "333D950E3804735DA60CC41D614C63E2",
  "PInvoke.CfgMgr32.dll": "768BE7CC18EDCF78B296A72ABE891691",
  "PInvoke.Crypt32.dll": "E7B00B0851738F4A7F2C6D37DAA973B4",
  "PInvoke.DbgHelp.dll": "E701136169620D20E3A70B560DE20E44",
  "PInvoke.DwmApi.dll": "ACF223CC8962404056648815B486F7D9",
  "PInvoke.Gdi32.dll": "69FF434826F98582CE44D3136ECFFACB",
  "PInvoke.Hid.dll": "2E7A41257F8AD9B26073181F450CD8E5",
  "PInvoke.ImageHlp.dll": "79BE816E8D86EA66489D7780DD675D49",
  "PInvoke.IPHlpApi.dll": "E949FA3326D1BA8872B179AB4EE49D38",
  "PInvoke.Kernel32.dll": "234E15B122ED430DE99490CA1A204958",
  "PInvoke.Magnification.dll": "C9EA3D34F506741ECC044DB19C151F09",
  "PInvoke.Msi.dll": "69EE50CE2DA6B55755E52589F49A7EBC",
  "PInvoke.NCrypt.dll": "DA1DE76C14D99370CA3BEF19DC299B15",
  "PInvoke.NetApi32.dll": "AE79F9FA2E3864A5E0642AE4622ECDC5",
  "PInvoke.NewDev.dll": "B3E1992105D986EF9C5C8E4B630FBB07",
  "PInvoke.NTDll.dll": "3F6BDF840EB27DD0FD9EB8071822183A",
  "PInvoke.Ole32.dll": "3C49FB100B60519FFE725BCD12A538F6",
  "PInvoke.Psapi.dll": "A7683EE4B880227F01C8AE632A892B9E",
  "PInvoke.SetupApi.dll": "1B7AE321185D0081D1759A9AD829F9BA",
  "PInvoke.SHCore.dll": "F27E7F063D51480F6D2294C903E4A606",
  "PInvoke.Shell32.dll": "F71A1BCAF6478190691170DAEA77722F",
  "PInvoke.User32.dll": "8BEDE38311ED4F27127290B81B8079FD",
  "PInvoke.Userenv.dll": "FEB7BCA90B8C905EC2F4BB0789847131",
  "PInvoke.UxTheme.dll": "8E683C016250CB719FDB9AAAFC22B3C5",
  "PInvoke.Windows.Core.dll": "90015440A44935208FFEA9BF61740651",
  "PInvoke.Windows.ShellScalingApi.dll": "F351B34B8C9183A51CADFDC279357C49",
  "PInvoke.WinUsb.dll": "9EB8A0280F2848D1A32B560A939F7336",
  "PInvoke.WtsApi32.dll": "341C94455D2E5893DBE4293D4D67AA4D",
  "Reloaded.Assembler.dll": "E549A9A71CDAB57FA8355C608D234849",
  "Reloaded.Hooks.Definitions.dll": "0E4DE8A02B53CEB89F55D5F6D3F6580E",
  "Reloaded.Hooks.dll": "F6A85FC03BA2911E64ADEED61385D93A",
  "Reloaded.Memory.Buffers.dll": "C6D1941E3DDAA521568A5D739F644162",
  "Reloaded.Memory.dll": "C795F64BA4CF31A731956E0EEFC4B548",
  "revision.txt": "0C4A4DF48A930B56E7D71EC5A34B8257",
  "SDL2-CS.config": "65557595FD5DF55D93B2BF881DE62C3A",
  "SDL2-CS.dll": "8D14F8D35EAEC1EC8FFF9588A05AF385",
  "Serilog.dll": "736A8967E68344D802E2BCC37108C534",
  "Serilog.Sinks.Async.dll": "90B651DADB24B16E264ECE676A1CDD9F",
  "Serilog.Sinks.Console.dll": "95231E3FC93256C3B13D357E677E1A18",
  "Serilog.Sinks.File.dll": "B314F759D815D891810DDC2789F5BDFC",
  "SharpDX.Direct3D11.dll": "4320618EB29432C52EB30F669EF750A9",
  "SharpDX.dll": "DD5AA31098CF16B50B34B9343FB67F17",
  "SharpDX.DXGI.dll": "8FC73FCEA5ECB504D275B48487AC3322",
  "SharpDX.Mathematics.dll": "3DBE6B6C0F18CA61BACCC449770790D6",
  "Silk.NET.Core.dll": "33EFFEB43A8CC5CA2BC9F2BDBB6405A7",
  "Silk.NET.GLFW.dll": "C61B473CF481F6E2BEE151E3640D84FD",
  "Silk.NET.Maths.dll": "A5A3ADF44B111C2839E5BE4FA157D852",
  "Silk.NET.OpenGL.dll": "062112981793408706F7482346D6A627",
  "Silk.NET.SDL.dll": "4E8E583EA437335ED5EF321D2C9E6664",
  "Silk.NET.Windowing.Common.dll": "2436E4B76B31D44BF6ED13FD01CD0B19",
  "Silk.NET.Windowing.Glfw.dll": "62C64F8FC8D3EDC5A12B15BE4AFEB93D",
  "Silk.NET.Windowing.Sdl.dll": "E0EF1295DE42BAC952594B7E84EF5EAF",
  "SQLite-net.dll": "3215DFD4CCB31447FA1B81B90EC8EAB0",
  "SQLitePCLRaw.batteries_v2.dll": "4072F5107ACD4B48C15601894385BCCB",
  "SQLitePCLRaw.core.dll": "6391EC106FB66AD7224689EDC4691F8F",
  "SQLitePCLRaw.nativelibrary.dll": "F7ADA51B2767A141EA3A1EDD6437E581",
  "SQLitePCLRaw.provider.dynamic_cdecl.dll": "E9AA5CAEB8E17A028111CFAD5A73D7BF",
  "StbiSharp.dll": "19AC4AEFE04DD193F39CAEBB1B482BB4",
  "System.Reactive.dll": "EF5A00287AD15393D41B12AA4B726FF7",
  "System.Reflection.MetadataLoadContext.dll": "7EC41D41F4E1246757BA3E2EC862D562",
  "System.Security.Cryptography.Pkcs.dll": "8950E01996A37E808BE3F39063C37BF9",
  "TEMP_gitver.txt": "B3971FD5450DFF48B271CA0900F6C224",
  "TerraFX.Interop.Windows.dll": "84F7EF6B0DE91F8CC23F773D3FD6DEC0",
  "Validation.dll": "6CD8C959E5C76C967F95647AF67BF6DD"
}
