{
  "runtimes\\alpine-x64\\native\\libe_sqlite3.so": "39C244FEDBCD3DFC37041D4FCE1AE21D",
  "runtimes\\linux-arm\\native\\libe_sqlite3.so": "96CF54BC0EFB83D6E3F5F3E04997A59D",
  "runtimes\\linux-arm64\\native\\libe_sqlite3.so": "F079E55E7F3F9966A4A2052A3234E068",
  "runtimes\\linux-armel\\native\\libe_sqlite3.so": "C5A67D49434FC65D64E9C15778078C76",
  "runtimes\\linux-mips64\\native\\libe_sqlite3.so": "5F8461214089CFC677D46C19B7162161",
  "runtimes\\linux-musl-x64\\native\\libe_sqlite3.so": "39C244FEDBCD3DFC37041D4FCE1AE21D",
  "runtimes\\linux-x64\\native\\libe_sqlite3.so": "6F49C540D3AB9964D67A4A704C3D262D",
  "runtimes\\linux-x64\\native\\libglfw.so.3": "9E3137144F68B9E9793F4C7AD5B1BEA7",
  "runtimes\\linux-x64\\native\\libSDL2-2.0.so": "99B95A708381FC66AB2370E45A260527",
  "runtimes\\linux-x64\\native\\libstbi.so": "0945355ED59677D06E3E88F48101BB26",
  "runtimes\\linux-x86\\native\\libe_sqlite3.so": "5E0659B414CBD6DDC38C65582485853E",
  "runtimes\\osx-x64\\native\\libe_sqlite3.dylib": "F82AE134FCD1C080A69D775591406673",
  "runtimes\\osx-x64\\native\\libglfw.3.dylib": "1E30FAB2F0C40E82290AD4B0BF14A880",
  "runtimes\\osx-x64\\native\\libSDL2-2.0.dylib": "AAC958490586C67395F0A90903AE3747",
  "runtimes\\osx-x64\\native\\libstbi.dylib": "0B84B0A6A80178266018081C3CAB68E6",
  "runtimes\\win-arm\\native\\e_sqlite3.dll": "F5487AF4B859CE371E64BDD8B8D3AB0D",
  "runtimes\\win-arm64\\native\\e_sqlite3.dll": "F03BCCC5F905177E3CF3FE21CE867692",
  "runtimes\\win-x64\\native\\cimgui.dll": "0CB8AC941683B493B058A8CAFA64D1FC",
  "runtimes\\win-x64\\native\\cimguizmo.dll": "92D9C39F3F8A5CB796EC93383AA65D49",
  "runtimes\\win-x64\\native\\cimplot.dll": "21DBE5EBC7206F82E672645A6377B7B7",
  "runtimes\\win-x64\\native\\e_sqlite3.dll": "4AFF5FC4D4EE52385E754FBBA4622A7A",
  "runtimes\\win-x64\\native\\glfw3.dll": "A3A59330A7CA1DCC82B773CDFB0020B0",
  "runtimes\\win-x64\\native\\minhook.x64d.dll": "03BE96B2D36D82B3198AC19E959DD7C2",
  "runtimes\\win-x64\\native\\SDL2.dll": "150AA2AC5E8D054F2ADB933A2EFD411E",
  "runtimes\\win-x64\\native\\stbi.dll": "1E4DF83BCB7FDE45CC7C277F723359C7",
  "runtimes\\win-x64\\native\\stbi.lib": "927C214DE576219E1F80DBE7798A0502",
  "runtimes\\win-x86\\native\\e_sqlite3.dll": "7BEEC9FCBCCDA1B9052B8E239F2111F9",
  "runtimes\\win-x86\\native\\glfw3.dll": "640A7D9E76F0B606641B01E90F7F2D9B",
  "runtimes\\win-x86\\native\\SDL2.dll": "6B0E8A7E849FD66AB7B21FA8503F2642",
  "targets\\Dalamud.Plugin.Bootstrap.targets": "C85635161398CD9852CF7212DB7EB904",
  "targets\\Dalamud.Plugin.targets": "11001C983157350F50D99F1A827999B5",
  "CheapLoc.dll": "3D17F66E35EF232CAB4BD323523919BC",
  "Costura.dll": "27102B053947E61A84895E8E8CEADF74",
  "Dalamud.Boot.dll": "4AB9C65EE0AF3843DE4487620E201687",
  "Dalamud.Common.dll": "66018DD3C1917C2E4AFA9A8B693B2917",
  "Dalamud.deps.json": "ABC0D05889E5A449E9B839CB9BD13745",
  "Dalamud.dll": "BEEE369615068B64E0CF62AA736224BC",
  "Dalamud.Injector.deps.json": "4E53ABE9A5D3E4592DA63EBF98DAAD86",
  "Dalamud.Injector.dll": "78D1E60022797AFC2D7AADE740DB2D56",
  "Dalamud.Injector.exe": "1D37A1E0646D65D5818C387113B61BA7",
  "Dalamud.Injector.runtimeconfig.json": "AAAFA957BB3B382321D67ACC2D792553",
  "Dalamud.Injector.xml": "6CFC451561E67CE7788814C5B327D7EC",
  "Dalamud.runtimeconfig.json": "454E2BA21742B08CF0A9827950A92B0F",
  "Dalamud.xml": "AD3BAC5D2A542A40184FFE7F4E2B8375",
  "DalamudCrashHandler.exe": "ECFB7E48DA653857887261597F97CC75",
  "FASM-LICENSE.TXT": "ECEA1D10811221D5F0A3E96F9C38E2C7",
  "FASM.DLL": "E52C582E72C083743E8E3D8E575A8EC9",
  "FASMX64.DLL": "EACC2F691267B59ABCB1D9CA8DEFBADF",
  "FFXIVClientStructs.dll": "387344B88F2BDDEC7F9CD6961B6F38A8",
  "FFXIVClientStructs.xml": "6ECC87C75E3DE92B1BBA81EA04C87478",
  "goaaats.Reloaded.Assembler.targets": "CC22CB0A353E2136EE9E6E96DB9F7164",
  "Iced.dll": "F3908186DE63D642D0F68B855596D232",
  "ImGui.NET.dll": "EDF9AAABCA5E702783AF46D8BC4CE0CE",
  "ImGuiScene.dll": "D10B37115FFE11CEFE083EAA00535E0B",
  "JetBrains.Annotations.dll": "ABB7612E1BDBB86FCB47916138D36C16",
  "licenses.txt": "A159BE62AA91178EFC3E3983AE874D1D",
  "Lumina.dll": "5F6330110BBC030D1FFCAA5A63CB59F1",
  "Lumina.Excel.dll": "1D4F7EDE10BEC1A017953E331A61825C",
  "Microsoft.Bcl.HashCode.dll": "613AB56061ADF2284E047025207467E0",
  "Microsoft.DotNet.PlatformAbstractions.dll": "00AB0F02B1114C57C758F5AD595224F1",
  "Microsoft.Extensions.DependencyModel.dll": "F39BC76C10CFEA478C936FC4521A9FC9",
  "MinSharp.dll": "C53ADD0C7260DEBEBCFED2BE3C854372",
  "Mono.Cecil.dll": "9096039C5D00C398DF8BAEB8FC08F8D1",
  "Mono.Cecil.Mdb.dll": "EDF305FFE8B8A74046B933A5E2A94703",
  "Mono.Cecil.Pdb.dll": "D69786888FC92994A7D0137C12D421C8",
  "Mono.Cecil.Rocks.dll": "D2769173E9DCDA5EB3010D52C3D1C542",
  "MonoMod.Backports.dll": "0855F46CBA55F497A9687E7E45556D5B",
  "MonoMod.Core.dll": "7D99CE62B76D13F92915CF9CEB5FE5B9",
  "MonoMod.Iced.dll": "29AB5B96B77B1EF1A9BE6B85BF19E670",
  "MonoMod.ILHelpers.dll": "153DEA3805A89C0AFEE7B2867C074012",
  "MonoMod.RuntimeDetour.dll": "44D4A568C949760768E9B1D37592A561",
  "MonoMod.Utils.dll": "CB278678AC23C249E48324E7D4EE653C",
  "nethost.dll": "012081214FE71F0F6ADCD9F4A71B2B00",
  "Newtonsoft.Json.dll": "86A83A63F12B55FD3718CFBFB577D7DC",
  "PeNet.Asn1.dll": "FA79C0CC8308BD72A5F21AAC596A0D4E",
  "PeNet.dll": "BDAF9C877C0E899B593E646139BE1825",
  "PInvoke.AdvApi32.dll": "34EE461D05B403C3A15D0DEC32A3788C",
  "PInvoke.BCrypt.dll": "FD07758EE1440491F22923084109FF26",
  "PInvoke.Cabinet.dll": "333D950E3804735DA60CC41D614C63E2",
  "PInvoke.CfgMgr32.dll": "768BE7CC18EDCF78B296A72ABE891691",
  "PInvoke.Crypt32.dll": "E7B00B0851738F4A7F2C6D37DAA973B4",
  "PInvoke.DbgHelp.dll": "E701136169620D20E3A70B560DE20E44",
  "PInvoke.DwmApi.dll": "ACF223CC8962404056648815B486F7D9",
  "PInvoke.Gdi32.dll": "69FF434826F98582CE44D3136ECFFACB",
  "PInvoke.Hid.dll": "2E7A41257F8AD9B26073181F450CD8E5",
  "PInvoke.ImageHlp.dll": "79BE816E8D86EA66489D7780DD675D49",
  "PInvoke.IPHlpApi.dll": "E949FA3326D1BA8872B179AB4EE49D38",
  "PInvoke.Kernel32.dll": "234E15B122ED430DE99490CA1A204958",
  "PInvoke.Magnification.dll": "C9EA3D34F506741ECC044DB19C151F09",
  "PInvoke.Msi.dll": "69EE50CE2DA6B55755E52589F49A7EBC",
  "PInvoke.NCrypt.dll": "DA1DE76C14D99370CA3BEF19DC299B15",
  "PInvoke.NetApi32.dll": "AE79F9FA2E3864A5E0642AE4622ECDC5",
  "PInvoke.NewDev.dll": "B3E1992105D986EF9C5C8E4B630FBB07",
  "PInvoke.NTDll.dll": "3F6BDF840EB27DD0FD9EB8071822183A",
  "PInvoke.Ole32.dll": "3C49FB100B60519FFE725BCD12A538F6",
  "PInvoke.Psapi.dll": "A7683EE4B880227F01C8AE632A892B9E",
  "PInvoke.SetupApi.dll": "1B7AE321185D0081D1759A9AD829F9BA",
  "PInvoke.SHCore.dll": "F27E7F063D51480F6D2294C903E4A606",
  "PInvoke.Shell32.dll": "F71A1BCAF6478190691170DAEA77722F",
  "PInvoke.User32.dll": "8BEDE38311ED4F27127290B81B8079FD",
  "PInvoke.Userenv.dll": "FEB7BCA90B8C905EC2F4BB0789847131",
  "PInvoke.UxTheme.dll": "8E683C016250CB719FDB9AAAFC22B3C5",
  "PInvoke.Windows.Core.dll": "90015440A44935208FFEA9BF61740651",
  "PInvoke.Windows.ShellScalingApi.dll": "F351B34B8C9183A51CADFDC279357C49",
  "PInvoke.WinUsb.dll": "9EB8A0280F2848D1A32B560A939F7336",
  "PInvoke.WtsApi32.dll": "341C94455D2E5893DBE4293D4D67AA4D",
  "Reloaded.Assembler.dll": "93A73E68C8C7D0DB24C8393364072F0B",
  "Reloaded.Hooks.Definitions.dll": "85BBA89E9AA6FDCD59B92209783FE3CE",
  "Reloaded.Hooks.dll": "E318A7ADC707805AB9853E078BC7F65D",
  "Reloaded.Memory.Buffers.dll": "8B9C30D7165006CC6C4EC8F0DCE3E3F8",
  "Reloaded.Memory.dll": "0DDE5A745177DD4A1E4C6D83D53733AC",
  "revision.txt": "C793B3BE8F18731F2A4C627FB3C6C63D",
  "SDL2-CS.config": "65557595FD5DF55D93B2BF881DE62C3A",
  "SDL2-CS.dll": "FCC34F5E303559C42220F5503CF151AB",
  "Serilog.dll": "F4C562D9F36557D0E3320CC2F8ADEB3E",
  "Serilog.Sinks.Async.dll": "98E814FF604A6D8360B3B70AC49436AD",
  "Serilog.Sinks.Console.dll": "E39EE058E812EE32AFA856DFBB686761",
  "Serilog.Sinks.File.dll": "2499C445BD7556B5BC61763B51BC061B",
  "SharpDX.Direct3D11.dll": "490368A80EBE6D24892867E172D122C5",
  "SharpDX.dll": "46AF2CA8A06C782C9CCF9C5A0A019117",
  "SharpDX.DXGI.dll": "1F6DE20F2198396265AA24A18C01D7CD",
  "SharpDX.Mathematics.dll": "E8AD9EB3DF0FA8F5A3B08468325618C1",
  "Silk.NET.Core.dll": "09E949B10F5E3D959235EB822B17DD96",
  "Silk.NET.GLFW.dll": "EEDCD33E51FBACF855D127131D54B0B3",
  "Silk.NET.Maths.dll": "87E121413D7B8A78286ADD89D362180F",
  "Silk.NET.OpenGL.dll": "B96315A22ECF7D5249C3854F5466E37E",
  "Silk.NET.SDL.dll": "12CA6F4DF973CF130CDCA8F4E0096847",
  "Silk.NET.Windowing.Common.dll": "1ADD8765C8535D160EF13F323559C8D5",
  "Silk.NET.Windowing.Glfw.dll": "1404F4EA818DFDB280A60EED0C8C670E",
  "Silk.NET.Windowing.Sdl.dll": "EE04CB677E632C75A9F6C7975E7F5870",
  "SQLite-net.dll": "7B214339CF0984E1FEB5AD3439A7BACB",
  "SQLitePCLRaw.batteries_v2.dll": "25F6CBCE2B2EA83B7146547C51C46DB8",
  "SQLitePCLRaw.core.dll": "0295712637884FE73E81B7AB7262CD04",
  "SQLitePCLRaw.nativelibrary.dll": "D455F227478E5A02F959131C374B244C",
  "SQLitePCLRaw.provider.dynamic_cdecl.dll": "55CA9A85F3E1B1EE827987CD86BD9AAF",
  "StbiSharp.dll": "BDF4119632B8D615B55D57443F22F7AA",
  "System.Reactive.dll": "EF5A00287AD15393D41B12AA4B726FF7",
  "System.Reflection.MetadataLoadContext.dll": "7EC41D41F4E1246757BA3E2EC862D562",
  "System.Security.Cryptography.Pkcs.dll": "8950E01996A37E808BE3F39063C37BF9",
  "TEMP_gitver.txt": "F15B00B9453ED925AC1BCB9B65E3D5B0",
  "Validation.dll": "CCB244E0EC14B0E2E0B8F33744500440"
}
