{
  "runtimes\\alpine-x64\\native\\libe_sqlite3.so": "39C244FEDBCD3DFC37041D4FCE1AE21D",
  "runtimes\\linux-arm\\native\\libe_sqlite3.so": "96CF54BC0EFB83D6E3F5F3E04997A59D",
  "runtimes\\linux-arm64\\native\\libe_sqlite3.so": "F079E55E7F3F9966A4A2052A3234E068",
  "runtimes\\linux-armel\\native\\libe_sqlite3.so": "C5A67D49434FC65D64E9C15778078C76",
  "runtimes\\linux-mips64\\native\\libe_sqlite3.so": "5F8461214089CFC677D46C19B7162161",
  "runtimes\\linux-musl-x64\\native\\libe_sqlite3.so": "39C244FEDBCD3DFC37041D4FCE1AE21D",
  "runtimes\\linux-x64\\native\\libe_sqlite3.so": "6F49C540D3AB9964D67A4A704C3D262D",
  "runtimes\\linux-x64\\native\\libglfw.so.3": "9E3137144F68B9E9793F4C7AD5B1BEA7",
  "runtimes\\linux-x64\\native\\libSDL2-2.0.so": "99B95A708381FC66AB2370E45A260527",
  "runtimes\\linux-x64\\native\\libstbi.so": "0945355ED59677D06E3E88F48101BB26",
  "runtimes\\linux-x86\\native\\libe_sqlite3.so": "5E0659B414CBD6DDC38C65582485853E",
  "runtimes\\osx-x64\\native\\libe_sqlite3.dylib": "F82AE134FCD1C080A69D775591406673",
  "runtimes\\osx-x64\\native\\libglfw.3.dylib": "1E30FAB2F0C40E82290AD4B0BF14A880",
  "runtimes\\osx-x64\\native\\libSDL2-2.0.dylib": "AAC958490586C67395F0A90903AE3747",
  "runtimes\\osx-x64\\native\\libstbi.dylib": "0B84B0A6A80178266018081C3CAB68E6",
  "runtimes\\win-arm\\native\\e_sqlite3.dll": "C80572D2243C4DB28B1FE3F79CED5708",
  "runtimes\\win-arm64\\native\\e_sqlite3.dll": "B06C49BB17BEA5C093C75D6CC4269A20",
  "runtimes\\win-x64\\native\\cimgui.dll": "0B32DA839389FB34F4DE61425F88866E",
  "runtimes\\win-x64\\native\\cimguizmo.dll": "FDC0BA02644F9537BA316749ECE90250",
  "runtimes\\win-x64\\native\\cimplot.dll": "B5F583AF6E457C1498EC8C9FB8E18E8C",
  "runtimes\\win-x64\\native\\e_sqlite3.dll": "D938AB24BE956EBB08E21491C8AF3250",
  "runtimes\\win-x64\\native\\glfw3.dll": "056C3B2A051E60E2EBEE6311A373E99E",
  "runtimes\\win-x64\\native\\minhook.x64d.dll": "268DBD879429969AB5DBF85C2F5D83C1",
  "runtimes\\win-x64\\native\\SDL2.dll": "02E8BDE4DC28452343326A162808D136",
  "runtimes\\win-x64\\native\\stbi.dll": "D137A7BD4615E10031E15779F409C994",
  "runtimes\\win-x64\\native\\stbi.lib": "927C214DE576219E1F80DBE7798A0502",
  "runtimes\\win-x86\\native\\e_sqlite3.dll": "55CBEA6771BFB093FD58ADC57A3E080E",
  "runtimes\\win-x86\\native\\glfw3.dll": "9AEA94990329DB6654BEEC7114DCFCB0",
  "runtimes\\win-x86\\native\\SDL2.dll": "AB9B44930378E33FB19822583C040F2F",
  "targets\\Dalamud.Plugin.Bootstrap.targets": "C85635161398CD9852CF7212DB7EB904",
  "targets\\Dalamud.Plugin.targets": "11001C983157350F50D99F1A827999B5",
  "CheapLoc.dll": "203AAA86951AC9264188F14276FE3A24",
  "Costura.dll": "F1B197E70D3100AD842C27F00F9CA5D5",
  "Dalamud.Boot.dll": "19084DBD5660BFDEC5737755ADADCC7F",
  "Dalamud.Common.dll": "48E31A34F8D0FD5BE4BE70140B2E439C",
  "Dalamud.deps.json": "D75BF900B956799CBE1471BB9A393F1C",
  "Dalamud.dll": "150173EA29D9F172A44D81BC4B27542B",
  "Dalamud.Injector.deps.json": "4E53ABE9A5D3E4592DA63EBF98DAAD86",
  "Dalamud.Injector.dll": "05A977E58A1B5410CFDF9599E33F6899",
  "Dalamud.Injector.exe": "EFBE718A3F776B1F1032157B26F86679",
  "Dalamud.Injector.runtimeconfig.json": "AAAFA957BB3B382321D67ACC2D792553",
  "Dalamud.Injector.xml": "6CFC451561E67CE7788814C5B327D7EC",
  "Dalamud.runtimeconfig.json": "454E2BA21742B08CF0A9827950A92B0F",
  "Dalamud.xml": "F532D705AA91FC63D1391E847869E0AE",
  "DalamudCrashHandler.exe": "2EA7745022427FD8A80F170D8FE55622",
  "FASM-LICENSE.TXT": "ECEA1D10811221D5F0A3E96F9C38E2C7",
  "FASM.DLL": "608071B2E7DA69BDDDCA4DE70B6AFB12",
  "FASMX64.DLL": "85C67B794B4F2B0F4BBE7E3F8C226036",
  "FFXIVClientStructs.dll": "6D6D6AE60731933BF9171FC9F33A0280",
  "FFXIVClientStructs.xml": "00681CFAE07C16F767221EA004551644",
  "goaaats.Reloaded.Assembler.targets": "CC22CB0A353E2136EE9E6E96DB9F7164",
  "Iced.dll": "B2114F2C10705D48442CDE75AC9B8FB3",
  "ImGui.NET.dll": "8446598134A6A59289CF42A93E17BAC1",
  "ImGuiScene.dll": "070BBE3DDD1F17E8DA19ACC39C93DF0B",
  "JetBrains.Annotations.dll": "22CF16E13F19EF4F7D63B2872EA0E8A2",
  "licenses.txt": "A159BE62AA91178EFC3E3983AE874D1D",
  "Lumina.dll": "089702ADC49D1ED473971DD5E5940F95",
  "Lumina.Excel.dll": "05CD18E68AEA5DEF506AF75387CCDDFE",
  "Microsoft.Bcl.HashCode.dll": "613AB56061ADF2284E047025207467E0",
  "Microsoft.DotNet.PlatformAbstractions.dll": "00AB0F02B1114C57C758F5AD595224F1",
  "Microsoft.Extensions.DependencyModel.dll": "F39BC76C10CFEA478C936FC4521A9FC9",
  "MinSharp.dll": "FC8183D9C884C386DB91EAEC91BE67BB",
  "Mono.Cecil.dll": "12069918C763B490E53E42BAD6E31BAC",
  "Mono.Cecil.Mdb.dll": "6AF6116B1A860943D8F876748665D2FC",
  "Mono.Cecil.Pdb.dll": "6272CB48F00ADD45E2D3D78DC870E3F4",
  "Mono.Cecil.Rocks.dll": "85B099CC80795C42B8B24FE3DFBCDBCE",
  "MonoMod.Backports.dll": "A09CC6ABA7BCAAFDC19A8B914D07D0A0",
  "MonoMod.Core.dll": "3F8A5039BF3FCE8EDFCF2976E0EF04AA",
  "MonoMod.Iced.dll": "5F31B8B4F62FC7FD9F433D99C33C1207",
  "MonoMod.ILHelpers.dll": "45476C6F2D6845433FC9720C2ECE747B",
  "MonoMod.RuntimeDetour.dll": "AB6B8A8A3454941E29DC35EA3218EF8E",
  "MonoMod.Utils.dll": "76910E23380B479A203AF7A770A8AE41",
  "nethost.dll": "012081214FE71F0F6ADCD9F4A71B2B00",
  "Newtonsoft.Json.dll": "86A83A63F12B55FD3718CFBFB577D7DC",
  "PeNet.Asn1.dll": "3D35191A4584D96F01ED1D057028CC77",
  "PeNet.dll": "71DB3C55DDA278756C5E49F0952FE148",
  "PInvoke.AdvApi32.dll": "34EE461D05B403C3A15D0DEC32A3788C",
  "PInvoke.BCrypt.dll": "FD07758EE1440491F22923084109FF26",
  "PInvoke.Cabinet.dll": "333D950E3804735DA60CC41D614C63E2",
  "PInvoke.CfgMgr32.dll": "768BE7CC18EDCF78B296A72ABE891691",
  "PInvoke.Crypt32.dll": "E7B00B0851738F4A7F2C6D37DAA973B4",
  "PInvoke.DbgHelp.dll": "E701136169620D20E3A70B560DE20E44",
  "PInvoke.DwmApi.dll": "ACF223CC8962404056648815B486F7D9",
  "PInvoke.Gdi32.dll": "69FF434826F98582CE44D3136ECFFACB",
  "PInvoke.Hid.dll": "2E7A41257F8AD9B26073181F450CD8E5",
  "PInvoke.ImageHlp.dll": "79BE816E8D86EA66489D7780DD675D49",
  "PInvoke.IPHlpApi.dll": "E949FA3326D1BA8872B179AB4EE49D38",
  "PInvoke.Kernel32.dll": "234E15B122ED430DE99490CA1A204958",
  "PInvoke.Magnification.dll": "C9EA3D34F506741ECC044DB19C151F09",
  "PInvoke.Msi.dll": "69EE50CE2DA6B55755E52589F49A7EBC",
  "PInvoke.NCrypt.dll": "DA1DE76C14D99370CA3BEF19DC299B15",
  "PInvoke.NetApi32.dll": "AE79F9FA2E3864A5E0642AE4622ECDC5",
  "PInvoke.NewDev.dll": "B3E1992105D986EF9C5C8E4B630FBB07",
  "PInvoke.NTDll.dll": "3F6BDF840EB27DD0FD9EB8071822183A",
  "PInvoke.Ole32.dll": "3C49FB100B60519FFE725BCD12A538F6",
  "PInvoke.Psapi.dll": "A7683EE4B880227F01C8AE632A892B9E",
  "PInvoke.SetupApi.dll": "1B7AE321185D0081D1759A9AD829F9BA",
  "PInvoke.SHCore.dll": "F27E7F063D51480F6D2294C903E4A606",
  "PInvoke.Shell32.dll": "F71A1BCAF6478190691170DAEA77722F",
  "PInvoke.User32.dll": "8BEDE38311ED4F27127290B81B8079FD",
  "PInvoke.Userenv.dll": "FEB7BCA90B8C905EC2F4BB0789847131",
  "PInvoke.UxTheme.dll": "8E683C016250CB719FDB9AAAFC22B3C5",
  "PInvoke.Windows.Core.dll": "90015440A44935208FFEA9BF61740651",
  "PInvoke.Windows.ShellScalingApi.dll": "F351B34B8C9183A51CADFDC279357C49",
  "PInvoke.WinUsb.dll": "9EB8A0280F2848D1A32B560A939F7336",
  "PInvoke.WtsApi32.dll": "341C94455D2E5893DBE4293D4D67AA4D",
  "Reloaded.Assembler.dll": "C691C03710FE30CEEB9E0753287D5D13",
  "Reloaded.Hooks.Definitions.dll": "82B462BD6FEC9A4D4321E8B6384D5849",
  "Reloaded.Hooks.dll": "33C0E96053886963F1BA772281D717BD",
  "Reloaded.Memory.Buffers.dll": "B7EC58C675598EC0EB835F1672677686",
  "Reloaded.Memory.dll": "A66256740745A4C30413F1D4CF8A29F7",
  "revision.txt": "03593CE517FEAC573FDAAFA6DCEDEF61",
  "SDL2-CS.config": "65557595FD5DF55D93B2BF881DE62C3A",
  "SDL2-CS.dll": "C7DB6EB6BC35CA6631D3669D89721610",
  "Serilog.dll": "89F2903CBE7ACBF79037FF32FF1B3222",
  "Serilog.Sinks.Async.dll": "696F6949EA802FCB238887AAE21C0B48",
  "Serilog.Sinks.Console.dll": "5324138B25F2E6F7ACC0DBFD31106658",
  "Serilog.Sinks.File.dll": "27EB1B99B044D689BF13599F00CEE647",
  "SharpDX.Direct3D11.dll": "91D95CE277FADC2860550AE151A30914",
  "SharpDX.dll": "F7389E1C70CC91EA707E2413B866BF86",
  "SharpDX.DXGI.dll": "30CD02722928B19BCDEAC2FFA3BF672F",
  "SharpDX.Mathematics.dll": "E99BA1D06C4228BBD8B6C208B7B6DAAF",
  "Silk.NET.Core.dll": "2FD9E86D7B211278630BA1F641381E01",
  "Silk.NET.GLFW.dll": "1DBEE9F89BB1ADC92440A16F99B98502",
  "Silk.NET.Maths.dll": "E9B2499DA68B55B219AD79E04202FF65",
  "Silk.NET.OpenGL.dll": "68C8B8918CACA69FA028167F6523714F",
  "Silk.NET.SDL.dll": "9793E0E2139FB09F00AC7C9275E3BDE6",
  "Silk.NET.Windowing.Common.dll": "74A0B2DC035E40C987D956DAD90FF7D3",
  "Silk.NET.Windowing.Glfw.dll": "4C0A0736D35454D30026308AC385C346",
  "Silk.NET.Windowing.Sdl.dll": "CFEE3FB8101EEADF7D3809E867AD4432",
  "SQLite-net.dll": "E1D49F53A3DE9AEFFAD509194F2FDE8E",
  "SQLitePCLRaw.batteries_v2.dll": "2BF229C44DBDE7FFAA70E8A43C61244B",
  "SQLitePCLRaw.core.dll": "4B64263073F5E24AEF20F000F3D4FA98",
  "SQLitePCLRaw.nativelibrary.dll": "8B34DDA7065541B560D43BDD0FFFA48C",
  "SQLitePCLRaw.provider.dynamic_cdecl.dll": "505A5E953B8C546FE9A2DBDD353611E2",
  "StbiSharp.dll": "4972DF2768066E57798A506EB8A2D849",
  "System.Reactive.dll": "EF5A00287AD15393D41B12AA4B726FF7",
  "System.Reflection.MetadataLoadContext.dll": "7EC41D41F4E1246757BA3E2EC862D562",
  "System.Security.Cryptography.Pkcs.dll": "8950E01996A37E808BE3F39063C37BF9",
  "TEMP_gitver.txt": "2E170DC1DE3015E2F3483E38DDD7E287",
  "Validation.dll": "116E9644D42ADF641D234FECF1E72407"
}
