{
  "runtimes\\alpine-x64\\native\\libe_sqlite3.so": "39C244FEDBCD3DFC37041D4FCE1AE21D",
  "runtimes\\linux-arm\\native\\libe_sqlite3.so": "96CF54BC0EFB83D6E3F5F3E04997A59D",
  "runtimes\\linux-arm64\\native\\libe_sqlite3.so": "F079E55E7F3F9966A4A2052A3234E068",
  "runtimes\\linux-armel\\native\\libe_sqlite3.so": "C5A67D49434FC65D64E9C15778078C76",
  "runtimes\\linux-mips64\\native\\libe_sqlite3.so": "5F8461214089CFC677D46C19B7162161",
  "runtimes\\linux-musl-x64\\native\\libe_sqlite3.so": "39C244FEDBCD3DFC37041D4FCE1AE21D",
  "runtimes\\linux-x64\\native\\libe_sqlite3.so": "6F49C540D3AB9964D67A4A704C3D262D",
  "runtimes\\linux-x64\\native\\libglfw.so.3": "9E3137144F68B9E9793F4C7AD5B1BEA7",
  "runtimes\\linux-x64\\native\\libSDL2-2.0.so": "99B95A708381FC66AB2370E45A260527",
  "runtimes\\linux-x64\\native\\libstbi.so": "0945355ED59677D06E3E88F48101BB26",
  "runtimes\\linux-x86\\native\\libe_sqlite3.so": "5E0659B414CBD6DDC38C65582485853E",
  "runtimes\\osx-x64\\native\\libe_sqlite3.dylib": "F82AE134FCD1C080A69D775591406673",
  "runtimes\\osx-x64\\native\\libglfw.3.dylib": "1E30FAB2F0C40E82290AD4B0BF14A880",
  "runtimes\\osx-x64\\native\\libSDL2-2.0.dylib": "AAC958490586C67395F0A90903AE3747",
  "runtimes\\osx-x64\\native\\libstbi.dylib": "0B84B0A6A80178266018081C3CAB68E6",
  "runtimes\\win-arm\\native\\e_sqlite3.dll": "2F4D2F2BFC637010C4A9E7E99EED1FD3",
  "runtimes\\win-arm64\\native\\e_sqlite3.dll": "5C6DD22D50A9D630940472CACA649C86",
  "runtimes\\win-x64\\native\\cimgui.dll": "3830CBBDB212679E472184CE44774726",
  "runtimes\\win-x64\\native\\cimguizmo.dll": "67A003979510784BF8021A06511288AF",
  "runtimes\\win-x64\\native\\cimplot.dll": "F2365C761128FF7ADA7BA97F6E11309E",
  "runtimes\\win-x64\\native\\e_sqlite3.dll": "80EF6F08DE68257156B74F300B4A180B",
  "runtimes\\win-x64\\native\\glfw3.dll": "704D5AE51442F0A92AB587F1DACA0AC3",
  "runtimes\\win-x64\\native\\minhook.x64d.dll": "61E8518BA44122EDF3FAE15948A5E7C1",
  "runtimes\\win-x64\\native\\SDL2.dll": "3E8FE2F944A96FF1553546C10A7D7937",
  "runtimes\\win-x64\\native\\stbi.dll": "82320DEDD7E9C26079498D745AE7CA12",
  "runtimes\\win-x64\\native\\stbi.lib": "927C214DE576219E1F80DBE7798A0502",
  "runtimes\\win-x86\\native\\e_sqlite3.dll": "29CD96CA7C456707B0514A4CB6C9C869",
  "runtimes\\win-x86\\native\\glfw3.dll": "EE74A55FB3EF478DE399C1C87558552B",
  "runtimes\\win-x86\\native\\SDL2.dll": "DE5D093DD96FBEA33E9C62CDB8795852",
  "targets\\Dalamud.Plugin.Bootstrap.targets": "C85635161398CD9852CF7212DB7EB904",
  "targets\\Dalamud.Plugin.targets": "11001C983157350F50D99F1A827999B5",
  "CheapLoc.dll": "5F767E33BE571FD9ED1117329302582B",
  "Costura.dll": "1EB5FF1CD09648894941DBF26D8FDA1C",
  "Dalamud.Boot.dll": "837AC05F3C17DF8624E018283D77AE6B",
  "Dalamud.Common.dll": "01FAA0530C922225939CC596A9A981B8",
  "Dalamud.deps.json": "34E952AAD5CC21EC6ADD86A6C9914F5A",
  "Dalamud.dll": "F23A29C473202873DEB10EDFFDA1877E",
  "Dalamud.Injector.deps.json": "4E53ABE9A5D3E4592DA63EBF98DAAD86",
  "Dalamud.Injector.dll": "144808B6E4599A75956BA18797AA1360",
  "Dalamud.Injector.exe": "96A393234747E1E8E4C2016153CBF0D4",
  "Dalamud.Injector.runtimeconfig.json": "AAAFA957BB3B382321D67ACC2D792553",
  "Dalamud.Injector.xml": "6CFC451561E67CE7788814C5B327D7EC",
  "Dalamud.runtimeconfig.json": "454E2BA21742B08CF0A9827950A92B0F",
  "Dalamud.xml": "E6D440E73B6DFFB58BC1933FF7F2E738",
  "DalamudCrashHandler.exe": "48713BE62E31D43DA3A5AB7307606054",
  "FASM-LICENSE.TXT": "ECEA1D10811221D5F0A3E96F9C38E2C7",
  "FASM.DLL": "887ECD72979DEA71C025E116D68ED2B8",
  "FASMX64.DLL": "B4CB3C6AD79B30BB83CB3D18181E9A2A",
  "FFXIVClientStructs.dll": "3D644778DEB62786DB9C62233A049264",
  "FFXIVClientStructs.xml": "F3C7D36FFE97331BB5AA976D1CA1269B",
  "goaaats.Reloaded.Assembler.targets": "CC22CB0A353E2136EE9E6E96DB9F7164",
  "Iced.dll": "971E78CBFCAFD5A11F91BC5B06F5D7B1",
  "ImGui.NET.dll": "C9CB0BD0D01B3CA6D7CD521B29FE307B",
  "ImGuiScene.dll": "83F091C1A619291EE7C43954377DB71B",
  "JetBrains.Annotations.dll": "CF945AF2E365F75B12CBECA7A8CB9A9D",
  "licenses.txt": "A159BE62AA91178EFC3E3983AE874D1D",
  "Lumina.dll": "EA03D45A27C0125C43AEE43C7830F024",
  "Lumina.Excel.dll": "D12B4EBFF8C214E73E89E8A5510A9144",
  "Microsoft.Bcl.HashCode.dll": "613AB56061ADF2284E047025207467E0",
  "Microsoft.DotNet.PlatformAbstractions.dll": "00AB0F02B1114C57C758F5AD595224F1",
  "Microsoft.Extensions.DependencyModel.dll": "F39BC76C10CFEA478C936FC4521A9FC9",
  "MinSharp.dll": "A37B199AE9AB5A202CC2F752CF832E02",
  "Mono.Cecil.dll": "10C63CADBF9E083D4DC22BC025FB7548",
  "Mono.Cecil.Mdb.dll": "B55658A459150777A5BCF270CDD1A8E2",
  "Mono.Cecil.Pdb.dll": "482D9EDC286321D33D99FA1EDD84E29A",
  "Mono.Cecil.Rocks.dll": "B74BABEFDF6E1A8FB40B8EAFDF9E6960",
  "MonoMod.Backports.dll": "BA37C3553FA822C8CD678C0FBF66A0AC",
  "MonoMod.Core.dll": "55A74D10DE43F5CB395A71669D3441D5",
  "MonoMod.Iced.dll": "440D10C51612CB0CF6A85028D79D7E26",
  "MonoMod.ILHelpers.dll": "53D51679FE461AAE2477934543AA978F",
  "MonoMod.RuntimeDetour.dll": "FF9E8786AED9B1A0F07083016A26FBA0",
  "MonoMod.Utils.dll": "F6BD9B2DDE4FF1E9CB2FF9521493B200",
  "nethost.dll": "012081214FE71F0F6ADCD9F4A71B2B00",
  "Newtonsoft.Json.dll": "86A83A63F12B55FD3718CFBFB577D7DC",
  "PeNet.Asn1.dll": "12E2CB7C0AF468401DC2B7D1CDC8ECC6",
  "PeNet.dll": "4F71DB14D0918EB07B0A1B5ACEA98CD7",
  "PInvoke.AdvApi32.dll": "34EE461D05B403C3A15D0DEC32A3788C",
  "PInvoke.BCrypt.dll": "FD07758EE1440491F22923084109FF26",
  "PInvoke.Cabinet.dll": "333D950E3804735DA60CC41D614C63E2",
  "PInvoke.CfgMgr32.dll": "768BE7CC18EDCF78B296A72ABE891691",
  "PInvoke.Crypt32.dll": "E7B00B0851738F4A7F2C6D37DAA973B4",
  "PInvoke.DbgHelp.dll": "E701136169620D20E3A70B560DE20E44",
  "PInvoke.DwmApi.dll": "ACF223CC8962404056648815B486F7D9",
  "PInvoke.Gdi32.dll": "69FF434826F98582CE44D3136ECFFACB",
  "PInvoke.Hid.dll": "2E7A41257F8AD9B26073181F450CD8E5",
  "PInvoke.ImageHlp.dll": "79BE816E8D86EA66489D7780DD675D49",
  "PInvoke.IPHlpApi.dll": "E949FA3326D1BA8872B179AB4EE49D38",
  "PInvoke.Kernel32.dll": "234E15B122ED430DE99490CA1A204958",
  "PInvoke.Magnification.dll": "C9EA3D34F506741ECC044DB19C151F09",
  "PInvoke.Msi.dll": "69EE50CE2DA6B55755E52589F49A7EBC",
  "PInvoke.NCrypt.dll": "DA1DE76C14D99370CA3BEF19DC299B15",
  "PInvoke.NetApi32.dll": "AE79F9FA2E3864A5E0642AE4622ECDC5",
  "PInvoke.NewDev.dll": "B3E1992105D986EF9C5C8E4B630FBB07",
  "PInvoke.NTDll.dll": "3F6BDF840EB27DD0FD9EB8071822183A",
  "PInvoke.Ole32.dll": "3C49FB100B60519FFE725BCD12A538F6",
  "PInvoke.Psapi.dll": "A7683EE4B880227F01C8AE632A892B9E",
  "PInvoke.SetupApi.dll": "1B7AE321185D0081D1759A9AD829F9BA",
  "PInvoke.SHCore.dll": "F27E7F063D51480F6D2294C903E4A606",
  "PInvoke.Shell32.dll": "F71A1BCAF6478190691170DAEA77722F",
  "PInvoke.User32.dll": "8BEDE38311ED4F27127290B81B8079FD",
  "PInvoke.Userenv.dll": "FEB7BCA90B8C905EC2F4BB0789847131",
  "PInvoke.UxTheme.dll": "8E683C016250CB719FDB9AAAFC22B3C5",
  "PInvoke.Windows.Core.dll": "90015440A44935208FFEA9BF61740651",
  "PInvoke.Windows.ShellScalingApi.dll": "F351B34B8C9183A51CADFDC279357C49",
  "PInvoke.WinUsb.dll": "9EB8A0280F2848D1A32B560A939F7336",
  "PInvoke.WtsApi32.dll": "341C94455D2E5893DBE4293D4D67AA4D",
  "Reloaded.Assembler.dll": "5B7E61355EF92568B5C61FBC513E368D",
  "Reloaded.Hooks.Definitions.dll": "0FF6239207E065908E8EAD17D28EDB68",
  "Reloaded.Hooks.dll": "166FD3271A6F5E11C6FCF8BC4CDA5B83",
  "Reloaded.Memory.Buffers.dll": "79F5CA179C8D4AF37633BEFC804D6729",
  "Reloaded.Memory.dll": "0ABD65891B7773DCCF465537F09372BF",
  "revision.txt": "526C321538D951FE8D2B9ABF54DBDB91",
  "SDL2-CS.config": "65557595FD5DF55D93B2BF881DE62C3A",
  "SDL2-CS.dll": "30E063070C9C6D6895F533DCC367CEC6",
  "Serilog.dll": "3F56B1ACC199D6264BC6555E1CC04913",
  "Serilog.Sinks.Async.dll": "0B68986113DE8103A26A74788BAE3371",
  "Serilog.Sinks.Console.dll": "BED51DB7942D3794AE6551B2471D67BD",
  "Serilog.Sinks.File.dll": "7EFE6B9DB9F1698583FE23C2341E546A",
  "SharpDX.Direct3D11.dll": "94FFD62DE98BE5C5D727C0509DB34EC8",
  "SharpDX.dll": "416B792A688FFFBD648CE05F1C5B6D6F",
  "SharpDX.DXGI.dll": "4E7FF3B36ABF99DE90CBEE3F5B96AE09",
  "SharpDX.Mathematics.dll": "F1620210D718F1C52302F2F73426A49C",
  "Silk.NET.Core.dll": "EB62F0946E781FA74070A28498125875",
  "Silk.NET.GLFW.dll": "AB5C4D7B2F74823852F1EA6085FA9325",
  "Silk.NET.Maths.dll": "48A64E5668825E4607765151FB25D50A",
  "Silk.NET.OpenGL.dll": "4DDD13DD0C97DEF23D1DB3C4E8F1008B",
  "Silk.NET.SDL.dll": "B81BAA77972D085676B11EF560F97172",
  "Silk.NET.Windowing.Common.dll": "A4EE04DF8451CF31EF48F3970598FB14",
  "Silk.NET.Windowing.Glfw.dll": "4B7AE438BA80FBD9FBFFEAE7458A9893",
  "Silk.NET.Windowing.Sdl.dll": "5BF7A79A81CA4D78304AA00512D82E73",
  "SQLite-net.dll": "B73D79AAAD818CC1048FC134894C0E8D",
  "SQLitePCLRaw.batteries_v2.dll": "11840E922CCD9267E66290043BE9448A",
  "SQLitePCLRaw.core.dll": "5C4D21E05E3BE2B507576C7965DAD139",
  "SQLitePCLRaw.nativelibrary.dll": "F025795CCFED8BBCD5D9AD3E1776E5BA",
  "SQLitePCLRaw.provider.dynamic_cdecl.dll": "B9F7A75869B0D61015E2FD485059B3F3",
  "StbiSharp.dll": "41B6BEFEA5528EDE38647555255368BC",
  "System.Reactive.dll": "EF5A00287AD15393D41B12AA4B726FF7",
  "System.Reflection.MetadataLoadContext.dll": "7EC41D41F4E1246757BA3E2EC862D562",
  "System.Security.Cryptography.Pkcs.dll": "8950E01996A37E808BE3F39063C37BF9",
  "TEMP_gitver.txt": "079BC8216E8D3A817985AC7E1E5A3AD7",
  "Validation.dll": "6BAC73C195A78676FBEE4EFFDA7C8ACF"
}
