{
  "runtimes\\alpine-x64\\native\\libe_sqlite3.so": "39C244FEDBCD3DFC37041D4FCE1AE21D",
  "runtimes\\linux-arm\\native\\libe_sqlite3.so": "96CF54BC0EFB83D6E3F5F3E04997A59D",
  "runtimes\\linux-arm64\\native\\libe_sqlite3.so": "F079E55E7F3F9966A4A2052A3234E068",
  "runtimes\\linux-armel\\native\\libe_sqlite3.so": "C5A67D49434FC65D64E9C15778078C76",
  "runtimes\\linux-mips64\\native\\libe_sqlite3.so": "5F8461214089CFC677D46C19B7162161",
  "runtimes\\linux-musl-x64\\native\\libe_sqlite3.so": "39C244FEDBCD3DFC37041D4FCE1AE21D",
  "runtimes\\linux-x64\\native\\libe_sqlite3.so": "6F49C540D3AB9964D67A4A704C3D262D",
  "runtimes\\linux-x64\\native\\libglfw.so.3": "9E3137144F68B9E9793F4C7AD5B1BEA7",
  "runtimes\\linux-x64\\native\\libSDL2-2.0.so": "99B95A708381FC66AB2370E45A260527",
  "runtimes\\linux-x64\\native\\libstbi.so": "0945355ED59677D06E3E88F48101BB26",
  "runtimes\\linux-x86\\native\\libe_sqlite3.so": "5E0659B414CBD6DDC38C65582485853E",
  "runtimes\\osx-x64\\native\\libe_sqlite3.dylib": "F82AE134FCD1C080A69D775591406673",
  "runtimes\\osx-x64\\native\\libglfw.3.dylib": "1E30FAB2F0C40E82290AD4B0BF14A880",
  "runtimes\\osx-x64\\native\\libSDL2-2.0.dylib": "AAC958490586C67395F0A90903AE3747",
  "runtimes\\osx-x64\\native\\libstbi.dylib": "0B84B0A6A80178266018081C3CAB68E6",
  "runtimes\\win-arm\\native\\e_sqlite3.dll": "39DE32A192B8783C416CA6BF13422746",
  "runtimes\\win-arm64\\native\\e_sqlite3.dll": "0F5B0D4E3B5C8D76FB87E49EFDB65D9F",
  "runtimes\\win-x64\\native\\cimgui.dll": "966008B7962F55EC6261EA1C4DC3F08E",
  "runtimes\\win-x64\\native\\cimguizmo.dll": "986CAB02A183030AB37F6323B8C4FC7B",
  "runtimes\\win-x64\\native\\cimplot.dll": "7D7ED734CEB2B9AB8EC09B5870BAA1E1",
  "runtimes\\win-x64\\native\\e_sqlite3.dll": "313D45BD945FCFBF637009ACF24F3F63",
  "runtimes\\win-x64\\native\\glfw3.dll": "22C3817DBEA3B60A07975213CF0BA668",
  "runtimes\\win-x64\\native\\minhook.x64d.dll": "E3100A48A090B6ACCEEB48A57C3D133C",
  "runtimes\\win-x64\\native\\SDL2.dll": "19B5CC50F8083DEC09C25097EEA5898B",
  "runtimes\\win-x64\\native\\stbi.dll": "123CF4793DF13D85B99A8F73449A68C3",
  "runtimes\\win-x64\\native\\stbi.lib": "927C214DE576219E1F80DBE7798A0502",
  "runtimes\\win-x86\\native\\e_sqlite3.dll": "F470C9F63CAD8744AEDE4BEA55666CA8",
  "runtimes\\win-x86\\native\\glfw3.dll": "5FA982DEA7B56CA08D3D82575B19BABA",
  "runtimes\\win-x86\\native\\SDL2.dll": "DFF242B82E91FDF190994E28F53658F2",
  "targets\\Dalamud.Plugin.Bootstrap.targets": "C85635161398CD9852CF7212DB7EB904",
  "targets\\Dalamud.Plugin.targets": "DDD731601C06B16E10CF2F8990452A27",
  "BitFaster.Caching.dll": "DDC70F5574C86E82831972058E05088D",
  "CheapLoc.dll": "406F5468164972037139C1A36F332631",
  "Costura.dll": "521A840AA7586AF07D99595261DE9648",
  "Dalamud.Boot.dll": "E8974D5444276B2A3F8223B0FB16AFFB",
  "Dalamud.Common.dll": "ABD312AAC29A9842343C992770628444",
  "Dalamud.deps.json": "E2FF2B216EA2EB1026D39F9CC01E0AA9",
  "Dalamud.dll": "3FC785B2CB5439AF70E47DE54E93A18F",
  "Dalamud.Injector.deps.json": "973E5D437761614CB8BADBA9E2C0F6EA",
  "Dalamud.Injector.dll": "21F2C33E21F4D00A70998AFCD3C1220C",
  "Dalamud.Injector.exe": "77F2ABE8C62AB80A0033BDB58EF48E0E",
  "Dalamud.Injector.runtimeconfig.json": "B9BB65FFE7924D4D8BABE9FA66303200",
  "Dalamud.Injector.xml": "D41E5DF541D19A015215E777D7395C9C",
  "Dalamud.runtimeconfig.json": "2A9CD915428BDD175E0889BD0C225F75",
  "Dalamud.xml": "00447F62E47ACA9E0C2382BCEC5066A3",
  "DalamudCrashHandler.exe": "ADD2DCA2456CA1F1F515C505B4DD710A",
  "FASM-LICENSE.TXT": "ECEA1D10811221D5F0A3E96F9C38E2C7",
  "FASM.DLL": "6C8414CD987D0D63851D7A4AC4B10E2B",
  "FASMX64.DLL": "5733E3BC5CD06D5276E3BC7120550502",
  "FFXIVClientStructs.dll": "A1BA4F37B2A110A5CC0B1A42573F5A0A",
  "FFXIVClientStructs.xml": "D419FE35F1B38BD78A2010E32AAE848D",
  "goaaats.Reloaded.Assembler.targets": "CC22CB0A353E2136EE9E6E96DB9F7164",
  "Iced.dll": "97EC281B2C43726F5BA9F8B97947847A",
  "ImGui.NET.dll": "711A351EC49672BEB694E8A57D513DD5",
  "ImGuiScene.dll": "0543785FBD62C0EBA181F03DB50F40A9",
  "InteropGenerator.Runtime.dll": "C566BDA5DD7E5870EF459870DB373D03",
  "JetBrains.Annotations.dll": "F4066B4F7B95EDB0C1C433F13A871214",
  "licenses.txt": "A159BE62AA91178EFC3E3983AE874D1D",
  "Lumina.dll": "D78506B37A80EEAD0BA1018D91C58B39",
  "Lumina.Excel.dll": "FBC42AA9389D5CFCA30585D92480E478",
  "Microsoft.Bcl.HashCode.dll": "613AB56061ADF2284E047025207467E0",
  "Microsoft.DotNet.PlatformAbstractions.dll": "00AB0F02B1114C57C758F5AD595224F1",
  "Microsoft.Extensions.DependencyModel.dll": "F39BC76C10CFEA478C936FC4521A9FC9",
  "Microsoft.Extensions.ObjectPool.dll": "FEE3CE8A84417360CC5ED787ED6F7DB1",
  "MinSharp.dll": "1F4B6AAE85CBF7B1BD42E4F0BA9D6978",
  "Mono.Cecil.dll": "BD03E5E26697A7838ED8637FD8B1B8FA",
  "Mono.Cecil.Mdb.dll": "78A9E1EC000087CB28564823C2A70D5A",
  "Mono.Cecil.Pdb.dll": "23D871ED0CADF55B2CF18FBD22C5EF25",
  "Mono.Cecil.Rocks.dll": "9A5FB80942981FF19D61C5D8EDE1A63E",
  "nethost.dll": "21F39F71E2F4B5BA9FB3F126872F2F9B",
  "Newtonsoft.Json.dll": "ADF3E3EECDE20B7C9661E9C47106A14A",
  "PeNet.Asn1.dll": "6FAB9AEA954ED5A1B91ACDCEDBA27E34",
  "PeNet.dll": "DA2BF7A8A627FF2BDA78E8B4436C72A7",
  "PInvoke.AdvApi32.dll": "34EE461D05B403C3A15D0DEC32A3788C",
  "PInvoke.BCrypt.dll": "FD07758EE1440491F22923084109FF26",
  "PInvoke.Cabinet.dll": "333D950E3804735DA60CC41D614C63E2",
  "PInvoke.CfgMgr32.dll": "768BE7CC18EDCF78B296A72ABE891691",
  "PInvoke.Crypt32.dll": "E7B00B0851738F4A7F2C6D37DAA973B4",
  "PInvoke.DbgHelp.dll": "E701136169620D20E3A70B560DE20E44",
  "PInvoke.DwmApi.dll": "ACF223CC8962404056648815B486F7D9",
  "PInvoke.Gdi32.dll": "69FF434826F98582CE44D3136ECFFACB",
  "PInvoke.Hid.dll": "2E7A41257F8AD9B26073181F450CD8E5",
  "PInvoke.ImageHlp.dll": "79BE816E8D86EA66489D7780DD675D49",
  "PInvoke.IPHlpApi.dll": "E949FA3326D1BA8872B179AB4EE49D38",
  "PInvoke.Kernel32.dll": "234E15B122ED430DE99490CA1A204958",
  "PInvoke.Magnification.dll": "C9EA3D34F506741ECC044DB19C151F09",
  "PInvoke.Msi.dll": "69EE50CE2DA6B55755E52589F49A7EBC",
  "PInvoke.NCrypt.dll": "DA1DE76C14D99370CA3BEF19DC299B15",
  "PInvoke.NetApi32.dll": "AE79F9FA2E3864A5E0642AE4622ECDC5",
  "PInvoke.NewDev.dll": "B3E1992105D986EF9C5C8E4B630FBB07",
  "PInvoke.NTDll.dll": "3F6BDF840EB27DD0FD9EB8071822183A",
  "PInvoke.Ole32.dll": "3C49FB100B60519FFE725BCD12A538F6",
  "PInvoke.Psapi.dll": "A7683EE4B880227F01C8AE632A892B9E",
  "PInvoke.SetupApi.dll": "1B7AE321185D0081D1759A9AD829F9BA",
  "PInvoke.SHCore.dll": "F27E7F063D51480F6D2294C903E4A606",
  "PInvoke.Shell32.dll": "F71A1BCAF6478190691170DAEA77722F",
  "PInvoke.User32.dll": "8BEDE38311ED4F27127290B81B8079FD",
  "PInvoke.Userenv.dll": "FEB7BCA90B8C905EC2F4BB0789847131",
  "PInvoke.UxTheme.dll": "8E683C016250CB719FDB9AAAFC22B3C5",
  "PInvoke.Windows.Core.dll": "90015440A44935208FFEA9BF61740651",
  "PInvoke.Windows.ShellScalingApi.dll": "F351B34B8C9183A51CADFDC279357C49",
  "PInvoke.WinUsb.dll": "9EB8A0280F2848D1A32B560A939F7336",
  "PInvoke.WtsApi32.dll": "341C94455D2E5893DBE4293D4D67AA4D",
  "Reloaded.Assembler.dll": "EC9F6BBD5BCFB2ACE6C3CFC7A99DDFF8",
  "Reloaded.Hooks.Definitions.dll": "6E575C30EE55C16049C4D17DA44136B3",
  "Reloaded.Hooks.dll": "69C114CF9AB11A0A1A57B9089D2D492E",
  "Reloaded.Memory.Buffers.dll": "C8F313570E146C5FE951E383C56BE836",
  "Reloaded.Memory.dll": "EFB812DF5345BD3E28A21F29C8DCCB2D",
  "revision.txt": "47698C15FB83A1E5BB1400ACCBB17F82",
  "SDL2-CS.config": "65557595FD5DF55D93B2BF881DE62C3A",
  "SDL2-CS.dll": "D263C0A9A245CC46FADFB9BF91CD6CAD",
  "Serilog.dll": "616A6646FB249FDC3FFE3414A4A01578",
  "Serilog.Sinks.Async.dll": "7D2AE2FBE1EC4A4A0ACB5B331F6CAAAB",
  "Serilog.Sinks.Console.dll": "6E8E7FD48350F829D7C34B74E636C6D7",
  "Serilog.Sinks.File.dll": "CA1AC55AE79EC768541C31FBD72CEB18",
  "SharpDX.Direct3D11.dll": "F9886CB765B2A60B7EF4CCE13396455E",
  "SharpDX.dll": "A1A5E95993A0FC766D550FB192BCACC2",
  "SharpDX.DXGI.dll": "752790700C4955BB8C3DE672E312B4CC",
  "SharpDX.Mathematics.dll": "D4E50CB00FE5E134FC478713BC52212D",
  "Silk.NET.Core.dll": "82EBA1810D3604322B38D2CF8259EF1D",
  "Silk.NET.GLFW.dll": "80F253EDCE8D04B4E0F7F055A6563734",
  "Silk.NET.Maths.dll": "B4290FB27841A7FEB36F585F387703BF",
  "Silk.NET.OpenGL.dll": "35BD507E86C4AF49222C5B4B7BD1005C",
  "Silk.NET.SDL.dll": "7DEA14CB432E49116748CAAAF9C1E447",
  "Silk.NET.Windowing.Common.dll": "D7537384186BE4289267D822F7CCEAB8",
  "Silk.NET.Windowing.Glfw.dll": "AD33D7483DE612B1E8D9834302EB0596",
  "Silk.NET.Windowing.Sdl.dll": "33A66382CF839C4814F2C7DC01B9493A",
  "SQLite-net.dll": "89A04B004AC673EAF053DD6E50B1A9C9",
  "SQLitePCLRaw.batteries_v2.dll": "FEE7B681B2C24CCF99494CB3837E7641",
  "SQLitePCLRaw.core.dll": "5EE707B9DB70E971122CEE38440EBC21",
  "SQLitePCLRaw.nativelibrary.dll": "6BD09FE780EEA89CCCDFDD63F38DE25E",
  "SQLitePCLRaw.provider.dynamic_cdecl.dll": "604D207066D2BE7E8F9D8914D3B989D7",
  "StbiSharp.dll": "442E83B67F7399666E7A5713E4ABBBE6",
  "System.Reactive.dll": "EF5A00287AD15393D41B12AA4B726FF7",
  "System.Reflection.MetadataLoadContext.dll": "E88E3AF6D37736F339022C9ACC5F2F7B",
  "System.Security.Cryptography.Pkcs.dll": "8950E01996A37E808BE3F39063C37BF9",
  "TEMP_gitver.txt": "1162C2F48299D3B3F78ED5306230133A",
  "TerraFX.Interop.Windows.dll": "84F7EF6B0DE91F8CC23F773D3FD6DEC0",
  "Validation.dll": "B4FEEED764B294365F9D61239E627606"
}
