{
  "runtimes\\alpine-x64\\native\\libe_sqlite3.so": "39C244FEDBCD3DFC37041D4FCE1AE21D",
  "runtimes\\linux-arm\\native\\libe_sqlite3.so": "96CF54BC0EFB83D6E3F5F3E04997A59D",
  "runtimes\\linux-arm64\\native\\libe_sqlite3.so": "F079E55E7F3F9966A4A2052A3234E068",
  "runtimes\\linux-armel\\native\\libe_sqlite3.so": "C5A67D49434FC65D64E9C15778078C76",
  "runtimes\\linux-mips64\\native\\libe_sqlite3.so": "5F8461214089CFC677D46C19B7162161",
  "runtimes\\linux-musl-x64\\native\\libe_sqlite3.so": "39C244FEDBCD3DFC37041D4FCE1AE21D",
  "runtimes\\linux-x64\\native\\libe_sqlite3.so": "6F49C540D3AB9964D67A4A704C3D262D",
  "runtimes\\linux-x64\\native\\libglfw.so.3": "9E3137144F68B9E9793F4C7AD5B1BEA7",
  "runtimes\\linux-x64\\native\\libSDL2-2.0.so": "99B95A708381FC66AB2370E45A260527",
  "runtimes\\linux-x64\\native\\libstbi.so": "0945355ED59677D06E3E88F48101BB26",
  "runtimes\\linux-x86\\native\\libe_sqlite3.so": "5E0659B414CBD6DDC38C65582485853E",
  "runtimes\\osx-x64\\native\\libe_sqlite3.dylib": "F82AE134FCD1C080A69D775591406673",
  "runtimes\\osx-x64\\native\\libglfw.3.dylib": "1E30FAB2F0C40E82290AD4B0BF14A880",
  "runtimes\\osx-x64\\native\\libSDL2-2.0.dylib": "AAC958490586C67395F0A90903AE3747",
  "runtimes\\osx-x64\\native\\libstbi.dylib": "0B84B0A6A80178266018081C3CAB68E6",
  "runtimes\\win-arm\\native\\e_sqlite3.dll": "A7B2746B7B0D7EB2655DBA2395464BA3",
  "runtimes\\win-arm64\\native\\e_sqlite3.dll": "5B48378CB3CA32CD60E53EBF4F5497DD",
  "runtimes\\win-x64\\native\\cimgui.dll": "46C2625E4A871F0E5F1BAB8F1755C599",
  "runtimes\\win-x64\\native\\cimguizmo.dll": "E4C35A2939E19B564308D6B2D031AC2D",
  "runtimes\\win-x64\\native\\cimplot.dll": "306B65FFE47AB7DCBD51DEA0FED3B357",
  "runtimes\\win-x64\\native\\e_sqlite3.dll": "FDABC92649F7380592A4AC8F213EE02C",
  "runtimes\\win-x64\\native\\glfw3.dll": "E3DC2640634C26E9264D3C8F084784A2",
  "runtimes\\win-x64\\native\\minhook.x64d.dll": "48D256ACC93D166F92CE8452EDB279EA",
  "runtimes\\win-x64\\native\\SDL2.dll": "96DA73DC8D2899BE721E016B78A45825",
  "runtimes\\win-x64\\native\\stbi.dll": "8B70284E08E7BDC9A9B495D20F7389FD",
  "runtimes\\win-x64\\native\\stbi.lib": "927C214DE576219E1F80DBE7798A0502",
  "runtimes\\win-x86\\native\\e_sqlite3.dll": "B567AE4CE297D6817897BCEF627030A2",
  "runtimes\\win-x86\\native\\glfw3.dll": "11FA40DCC7E87910EC304D2197A19C11",
  "runtimes\\win-x86\\native\\SDL2.dll": "89DC71D4335FAC42B26A5E5A40D3313D",
  "targets\\Dalamud.Plugin.Bootstrap.targets": "C85635161398CD9852CF7212DB7EB904",
  "targets\\Dalamud.Plugin.targets": "DDD731601C06B16E10CF2F8990452A27",
  "BitFaster.Caching.dll": "73C812F1B28496F97A9629CEAA3B191C",
  "CheapLoc.dll": "F7F9002E862046C15C24EB5950E195CB",
  "Costura.dll": "7C4CE6F58C2C821243E16CA3D08B6938",
  "Dalamud.Boot.dll": "47C13E9EEC464D96AA9CD9AF0FBF7C30",
  "Dalamud.Common.dll": "217797DDC523211FD2AC829F23AA8F83",
  "Dalamud.deps.json": "18FC34CCFEF7A491DF3429A7BA56AF97",
  "Dalamud.dll": "9A27005602154F82FC026BCCF82789EE",
  "Dalamud.Injector.deps.json": "973E5D437761614CB8BADBA9E2C0F6EA",
  "Dalamud.Injector.dll": "3847AEBC3C89C4030B42CD06FED4737E",
  "Dalamud.Injector.exe": "9055F09F2D662DC7F1B23D69223B410A",
  "Dalamud.Injector.runtimeconfig.json": "B9BB65FFE7924D4D8BABE9FA66303200",
  "Dalamud.Injector.xml": "D41E5DF541D19A015215E777D7395C9C",
  "Dalamud.runtimeconfig.json": "2A9CD915428BDD175E0889BD0C225F75",
  "Dalamud.xml": "527BC1ACC6F720992A53BBCD925F91E1",
  "DalamudCrashHandler.exe": "92EF455D5C9DFDA65451DEA56EEDDFA0",
  "FASM-LICENSE.TXT": "ECEA1D10811221D5F0A3E96F9C38E2C7",
  "FASM.DLL": "35FC1E9CBE30AC824A74527A52840E27",
  "FASMX64.DLL": "18FC47CB1F9FAA7214808FA0C6EDB975",
  "FFXIVClientStructs.dll": "312D28DD1098BF8B8B5D55167324B2FC",
  "FFXIVClientStructs.xml": "6D1ECAD0E200598A1ED5496799FAD0C7",
  "goaaats.Reloaded.Assembler.targets": "CC22CB0A353E2136EE9E6E96DB9F7164",
  "Iced.dll": "3AE847CAE7FAAA3F2B41F9C83C96621E",
  "ImGui.NET.dll": "1319068F507E5BE3A67591D9BF271CC4",
  "ImGuiScene.dll": "FECE4EBC6F319AC5C809A87EC09B3705",
  "InteropGenerator.Runtime.dll": "6FE82C43D0608DE2D7CB041A2649A7B0",
  "JetBrains.Annotations.dll": "1B66F4CFE6DB0C85E5D7FF4DA2C359E1",
  "licenses.txt": "A159BE62AA91178EFC3E3983AE874D1D",
  "Lumina.dll": "73CB2A1B39644225DA9AC32CB4D7CF7A",
  "Lumina.Excel.dll": "D8D82724AD0B0FBE3129250BE1A29471",
  "Microsoft.Bcl.HashCode.dll": "613AB56061ADF2284E047025207467E0",
  "Microsoft.DotNet.PlatformAbstractions.dll": "00AB0F02B1114C57C758F5AD595224F1",
  "Microsoft.Extensions.DependencyModel.dll": "F39BC76C10CFEA478C936FC4521A9FC9",
  "Microsoft.Extensions.ObjectPool.dll": "FEE3CE8A84417360CC5ED787ED6F7DB1",
  "MinSharp.dll": "E7ED8BB5D7A4DB6ECAF1C6CBCE0B5046",
  "Mono.Cecil.dll": "3C1ABEEAE3E3770D1F55031A3D73FF4F",
  "Mono.Cecil.Mdb.dll": "4D4E8FD9BC331C74289F208C8459380C",
  "Mono.Cecil.Pdb.dll": "8029FE4F0B1D1963B2D969A82FF7B500",
  "Mono.Cecil.Rocks.dll": "30AFEBCCBA191226BD2E7CF18A59988C",
  "nethost.dll": "21F39F71E2F4B5BA9FB3F126872F2F9B",
  "Newtonsoft.Json.dll": "ADF3E3EECDE20B7C9661E9C47106A14A",
  "PeNet.Asn1.dll": "A8FEB005A73B2FD6885882B7A54567E9",
  "PeNet.dll": "1E2718AB6EC132546B8C037C364D7FF1",
  "PInvoke.AdvApi32.dll": "34EE461D05B403C3A15D0DEC32A3788C",
  "PInvoke.BCrypt.dll": "FD07758EE1440491F22923084109FF26",
  "PInvoke.Cabinet.dll": "333D950E3804735DA60CC41D614C63E2",
  "PInvoke.CfgMgr32.dll": "768BE7CC18EDCF78B296A72ABE891691",
  "PInvoke.Crypt32.dll": "E7B00B0851738F4A7F2C6D37DAA973B4",
  "PInvoke.DbgHelp.dll": "E701136169620D20E3A70B560DE20E44",
  "PInvoke.DwmApi.dll": "ACF223CC8962404056648815B486F7D9",
  "PInvoke.Gdi32.dll": "69FF434826F98582CE44D3136ECFFACB",
  "PInvoke.Hid.dll": "2E7A41257F8AD9B26073181F450CD8E5",
  "PInvoke.ImageHlp.dll": "79BE816E8D86EA66489D7780DD675D49",
  "PInvoke.IPHlpApi.dll": "E949FA3326D1BA8872B179AB4EE49D38",
  "PInvoke.Kernel32.dll": "234E15B122ED430DE99490CA1A204958",
  "PInvoke.Magnification.dll": "C9EA3D34F506741ECC044DB19C151F09",
  "PInvoke.Msi.dll": "69EE50CE2DA6B55755E52589F49A7EBC",
  "PInvoke.NCrypt.dll": "DA1DE76C14D99370CA3BEF19DC299B15",
  "PInvoke.NetApi32.dll": "AE79F9FA2E3864A5E0642AE4622ECDC5",
  "PInvoke.NewDev.dll": "B3E1992105D986EF9C5C8E4B630FBB07",
  "PInvoke.NTDll.dll": "3F6BDF840EB27DD0FD9EB8071822183A",
  "PInvoke.Ole32.dll": "3C49FB100B60519FFE725BCD12A538F6",
  "PInvoke.Psapi.dll": "A7683EE4B880227F01C8AE632A892B9E",
  "PInvoke.SetupApi.dll": "1B7AE321185D0081D1759A9AD829F9BA",
  "PInvoke.SHCore.dll": "F27E7F063D51480F6D2294C903E4A606",
  "PInvoke.Shell32.dll": "F71A1BCAF6478190691170DAEA77722F",
  "PInvoke.User32.dll": "8BEDE38311ED4F27127290B81B8079FD",
  "PInvoke.Userenv.dll": "FEB7BCA90B8C905EC2F4BB0789847131",
  "PInvoke.UxTheme.dll": "8E683C016250CB719FDB9AAAFC22B3C5",
  "PInvoke.Windows.Core.dll": "90015440A44935208FFEA9BF61740651",
  "PInvoke.Windows.ShellScalingApi.dll": "F351B34B8C9183A51CADFDC279357C49",
  "PInvoke.WinUsb.dll": "9EB8A0280F2848D1A32B560A939F7336",
  "PInvoke.WtsApi32.dll": "341C94455D2E5893DBE4293D4D67AA4D",
  "Reloaded.Assembler.dll": "6D0D16C81EB25911A73503382B500807",
  "Reloaded.Hooks.Definitions.dll": "2B248B734CA4814684DEE185DB4A6D85",
  "Reloaded.Hooks.dll": "4C44E85407C6575B9AD8ACD1C54CF609",
  "Reloaded.Memory.Buffers.dll": "750AC7965F5DDB06D9265BEDE116DEC0",
  "Reloaded.Memory.dll": "6AC332619DA0871B19F0ACF5B8F21E30",
  "revision.txt": "26B58A41DA329E0CBDE0CBF956640A58",
  "SDL2-CS.config": "65557595FD5DF55D93B2BF881DE62C3A",
  "SDL2-CS.dll": "223528765F33ECA572FCBEAF5B73B2B9",
  "Serilog.dll": "6FF88061ED8F13C5E075CEBE99F39CFE",
  "Serilog.Sinks.Async.dll": "B8D65C6B2FA8A8D187D3A000CC15A41B",
  "Serilog.Sinks.Console.dll": "59C194B43D5ACE1B185C545EFA4746AB",
  "Serilog.Sinks.File.dll": "C71C90EA00376E95843E4F6BEC6A66DB",
  "SharpDX.Direct3D11.dll": "6B3D93F4C840EE0C2180745BF6061BF9",
  "SharpDX.dll": "7BCB13A66C4E297332ECEF1240423C8E",
  "SharpDX.DXGI.dll": "798830E9DA03387B6C36941629D69D1C",
  "SharpDX.Mathematics.dll": "9612C865CD452F9E5FE3F891A121F429",
  "Silk.NET.Core.dll": "153C6597AC0C7D3FA58C687F3E9C56B9",
  "Silk.NET.GLFW.dll": "B609B53E7A5BFFB1A294C0A097AFEEC7",
  "Silk.NET.Maths.dll": "1C9C395F24AFE692FF7D8D985803DBFF",
  "Silk.NET.OpenGL.dll": "9167C3CE37DB2ECDAA48A482B468299C",
  "Silk.NET.SDL.dll": "56B3E5A83E9112BC4FC724A760B66948",
  "Silk.NET.Windowing.Common.dll": "590DA21EE5B6C53F4039BD69730D1BC0",
  "Silk.NET.Windowing.Glfw.dll": "2593A7EDCA0F72AFA17B48EEE5F4616D",
  "Silk.NET.Windowing.Sdl.dll": "97788CAFB300267C159D8DDA1EBE56CE",
  "SQLite-net.dll": "F6990C39B4C261B55BBB7B535FECE759",
  "SQLitePCLRaw.batteries_v2.dll": "EF1E3B1D247421C4B75692C2CEAE3B33",
  "SQLitePCLRaw.core.dll": "CAF1B12AFB14DFAA4AB0F34EE755FEED",
  "SQLitePCLRaw.nativelibrary.dll": "F6E7BD4C67F78E02C360320C284E6D64",
  "SQLitePCLRaw.provider.dynamic_cdecl.dll": "52173C8DFCE0E3077D47ABEE7CFB88D4",
  "StbiSharp.dll": "9CC3C117FA030F3C403E97DFCFC0993D",
  "System.Reactive.dll": "EF5A00287AD15393D41B12AA4B726FF7",
  "System.Reflection.MetadataLoadContext.dll": "E88E3AF6D37736F339022C9ACC5F2F7B",
  "System.Security.Cryptography.Pkcs.dll": "8950E01996A37E808BE3F39063C37BF9",
  "TEMP_gitver.txt": "09065FA14E9C6BFE8D47B7020C06AC75",
  "TerraFX.Interop.Windows.dll": "84F7EF6B0DE91F8CC23F773D3FD6DEC0",
  "Validation.dll": "42B0FCCF278041CCD626818782507A32"
}
