{
  "runtimes\\alpine-x64\\native\\libe_sqlite3.so": "39C244FEDBCD3DFC37041D4FCE1AE21D",
  "runtimes\\linux-arm\\native\\libe_sqlite3.so": "96CF54BC0EFB83D6E3F5F3E04997A59D",
  "runtimes\\linux-arm64\\native\\libe_sqlite3.so": "F079E55E7F3F9966A4A2052A3234E068",
  "runtimes\\linux-armel\\native\\libe_sqlite3.so": "C5A67D49434FC65D64E9C15778078C76",
  "runtimes\\linux-mips64\\native\\libe_sqlite3.so": "5F8461214089CFC677D46C19B7162161",
  "runtimes\\linux-musl-x64\\native\\libe_sqlite3.so": "39C244FEDBCD3DFC37041D4FCE1AE21D",
  "runtimes\\linux-x64\\native\\libe_sqlite3.so": "6F49C540D3AB9964D67A4A704C3D262D",
  "runtimes\\linux-x64\\native\\libglfw.so.3": "9E3137144F68B9E9793F4C7AD5B1BEA7",
  "runtimes\\linux-x64\\native\\libSDL2-2.0.so": "99B95A708381FC66AB2370E45A260527",
  "runtimes\\linux-x64\\native\\libstbi.so": "0945355ED59677D06E3E88F48101BB26",
  "runtimes\\linux-x86\\native\\libe_sqlite3.so": "5E0659B414CBD6DDC38C65582485853E",
  "runtimes\\osx-x64\\native\\libe_sqlite3.dylib": "F82AE134FCD1C080A69D775591406673",
  "runtimes\\osx-x64\\native\\libglfw.3.dylib": "1E30FAB2F0C40E82290AD4B0BF14A880",
  "runtimes\\osx-x64\\native\\libSDL2-2.0.dylib": "AAC958490586C67395F0A90903AE3747",
  "runtimes\\osx-x64\\native\\libstbi.dylib": "0B84B0A6A80178266018081C3CAB68E6",
  "runtimes\\win-arm\\native\\e_sqlite3.dll": "1DF3425F003787951CFF913F4239B183",
  "runtimes\\win-arm64\\native\\e_sqlite3.dll": "20F43D43D89B3966E4438D796C0B77AB",
  "runtimes\\win-x64\\native\\cimgui.dll": "7E2385B756D4481E37600AAB3A2135DF",
  "runtimes\\win-x64\\native\\cimguizmo.dll": "9D6B7794A7DA5C6CE45FB856423B6631",
  "runtimes\\win-x64\\native\\cimplot.dll": "B8CD5EA18CD5BDB261870CA82D618CD2",
  "runtimes\\win-x64\\native\\e_sqlite3.dll": "6614085C4FE69DF74C1D4B6A466C883C",
  "runtimes\\win-x64\\native\\glfw3.dll": "1C4C7C4214FE934B279522D184E2B17A",
  "runtimes\\win-x64\\native\\minhook.x64d.dll": "25616F3F53C3EB3E0581917912188E1A",
  "runtimes\\win-x64\\native\\SDL2.dll": "52DF336158E5F8136DD74139E9BAD5C5",
  "runtimes\\win-x64\\native\\stbi.dll": "A23EEAD3F92CA19DF0C40BEDBA4415AE",
  "runtimes\\win-x64\\native\\stbi.lib": "927C214DE576219E1F80DBE7798A0502",
  "runtimes\\win-x86\\native\\e_sqlite3.dll": "14C4EA98C0AAC4528EAE503315D1E8C2",
  "runtimes\\win-x86\\native\\glfw3.dll": "140786DE8E6B99196EAF8C7C21F87D01",
  "runtimes\\win-x86\\native\\SDL2.dll": "B514B86C3486B2DB467B78252BEA4DCE",
  "targets\\Dalamud.Plugin.Bootstrap.targets": "C85635161398CD9852CF7212DB7EB904",
  "targets\\Dalamud.Plugin.targets": "11001C983157350F50D99F1A827999B5",
  "CheapLoc.dll": "6FFBE57205ACED017A52FE426B650EEA",
  "Costura.dll": "971AD23776C9AE0C377DB4F0C31A9E47",
  "Dalamud.Boot.dll": "AD0406A5B1DDBE11F90BDF1FE8B9E4CC",
  "Dalamud.Common.dll": "0283C2A50ED0D3C46F27AB5DC052284C",
  "Dalamud.deps.json": "803382A9232DC7BEBC1A87678EE2D7FF",
  "Dalamud.dll": "DE89D287EE5A8B918F48B5AC9FE58833",
  "Dalamud.Injector.deps.json": "4E53ABE9A5D3E4592DA63EBF98DAAD86",
  "Dalamud.Injector.dll": "C8490C102DE10FEA6585DE80E0883698",
  "Dalamud.Injector.exe": "99CD17005599AC03C03AD12666E7D057",
  "Dalamud.Injector.runtimeconfig.json": "AAAFA957BB3B382321D67ACC2D792553",
  "Dalamud.Injector.xml": "6CFC451561E67CE7788814C5B327D7EC",
  "Dalamud.runtimeconfig.json": "15719C111D02D5BD45F37285FC8B6040",
  "Dalamud.xml": "A7C2A6CAD8D7ECC8473E91DB6032B7EB",
  "DalamudCrashHandler.exe": "E569AE4AFB13116DD59E8B5057DD6E95",
  "FASM-LICENSE.TXT": "ECEA1D10811221D5F0A3E96F9C38E2C7",
  "FASM.DLL": "A5646941C3BBD4D7CA47D935881F9181",
  "FASMX64.DLL": "3D8A65FCB3FB993CC369EFC58A04345F",
  "FFXIVClientStructs.dll": "95DE0EC4DBE392FBA221D64F0BCD7985",
  "FFXIVClientStructs.xml": "9E52BF48682B68FD172B27F57776BCAB",
  "goaaats.Reloaded.Assembler.targets": "CC22CB0A353E2136EE9E6E96DB9F7164",
  "Iced.dll": "42C4CFBCC259B9E7CEF1A3995AE01757",
  "ImGui.NET.dll": "A48FAC0D73DB2ACC3162889562259D04",
  "ImGuiScene.dll": "FA9F39C78D8E50C0F8E3D7F18EC35492",
  "JetBrains.Annotations.dll": "777DB4A5EDDE43439AEBC67DB3E71EF5",
  "licenses.txt": "A159BE62AA91178EFC3E3983AE874D1D",
  "Lumina.dll": "5AEE2C7863CA8EF12DFFF8E4D095B0AA",
  "Lumina.Excel.dll": "711EFAF0DDDF20D2AAA03EC5DC44D012",
  "Microsoft.Bcl.HashCode.dll": "613AB56061ADF2284E047025207467E0",
  "Microsoft.DotNet.PlatformAbstractions.dll": "00AB0F02B1114C57C758F5AD595224F1",
  "Microsoft.Extensions.DependencyModel.dll": "F39BC76C10CFEA478C936FC4521A9FC9",
  "MinSharp.dll": "2CF18B1A9A05F437D881E845FD87E939",
  "Mono.Cecil.dll": "E4AF26A4DC03B565315F1D00FAFE5615",
  "Mono.Cecil.Mdb.dll": "1EE07B440B76BD513094437E3A861235",
  "Mono.Cecil.Pdb.dll": "34E90307769F8AB80488D20C85850216",
  "Mono.Cecil.Rocks.dll": "5E595B235A995F3EBCBD999EAD4086A1",
  "MonoMod.Backports.dll": "6A476EC7D25730BDCA058EEC4487080D",
  "MonoMod.Core.dll": "068B500AE4E0F304CE011675C6DE41B7",
  "MonoMod.Iced.dll": "1CCA5097D30EFF33F6BA91506F332253",
  "MonoMod.ILHelpers.dll": "9C983414633529D9689100BAEB086373",
  "MonoMod.RuntimeDetour.dll": "A9D61ECF93D6B738A2F2DFC09F542DA8",
  "MonoMod.Utils.dll": "CD069A4F6B35EF5591FAE8403B611C8B",
  "nethost.dll": "012081214FE71F0F6ADCD9F4A71B2B00",
  "Newtonsoft.Json.dll": "86A83A63F12B55FD3718CFBFB577D7DC",
  "PeNet.Asn1.dll": "B1845E5696AAA0A56D6D79B04C4584F7",
  "PeNet.dll": "4677A602F21B6D5192801DA1FEC517D8",
  "PInvoke.AdvApi32.dll": "34EE461D05B403C3A15D0DEC32A3788C",
  "PInvoke.BCrypt.dll": "FD07758EE1440491F22923084109FF26",
  "PInvoke.Cabinet.dll": "333D950E3804735DA60CC41D614C63E2",
  "PInvoke.CfgMgr32.dll": "768BE7CC18EDCF78B296A72ABE891691",
  "PInvoke.Crypt32.dll": "E7B00B0851738F4A7F2C6D37DAA973B4",
  "PInvoke.DbgHelp.dll": "E701136169620D20E3A70B560DE20E44",
  "PInvoke.DwmApi.dll": "ACF223CC8962404056648815B486F7D9",
  "PInvoke.Gdi32.dll": "69FF434826F98582CE44D3136ECFFACB",
  "PInvoke.Hid.dll": "2E7A41257F8AD9B26073181F450CD8E5",
  "PInvoke.ImageHlp.dll": "79BE816E8D86EA66489D7780DD675D49",
  "PInvoke.IPHlpApi.dll": "E949FA3326D1BA8872B179AB4EE49D38",
  "PInvoke.Kernel32.dll": "234E15B122ED430DE99490CA1A204958",
  "PInvoke.Magnification.dll": "C9EA3D34F506741ECC044DB19C151F09",
  "PInvoke.Msi.dll": "69EE50CE2DA6B55755E52589F49A7EBC",
  "PInvoke.NCrypt.dll": "DA1DE76C14D99370CA3BEF19DC299B15",
  "PInvoke.NetApi32.dll": "AE79F9FA2E3864A5E0642AE4622ECDC5",
  "PInvoke.NewDev.dll": "B3E1992105D986EF9C5C8E4B630FBB07",
  "PInvoke.NTDll.dll": "3F6BDF840EB27DD0FD9EB8071822183A",
  "PInvoke.Ole32.dll": "3C49FB100B60519FFE725BCD12A538F6",
  "PInvoke.Psapi.dll": "A7683EE4B880227F01C8AE632A892B9E",
  "PInvoke.SetupApi.dll": "1B7AE321185D0081D1759A9AD829F9BA",
  "PInvoke.SHCore.dll": "F27E7F063D51480F6D2294C903E4A606",
  "PInvoke.Shell32.dll": "F71A1BCAF6478190691170DAEA77722F",
  "PInvoke.User32.dll": "8BEDE38311ED4F27127290B81B8079FD",
  "PInvoke.Userenv.dll": "FEB7BCA90B8C905EC2F4BB0789847131",
  "PInvoke.UxTheme.dll": "8E683C016250CB719FDB9AAAFC22B3C5",
  "PInvoke.Windows.Core.dll": "90015440A44935208FFEA9BF61740651",
  "PInvoke.Windows.ShellScalingApi.dll": "F351B34B8C9183A51CADFDC279357C49",
  "PInvoke.WinUsb.dll": "9EB8A0280F2848D1A32B560A939F7336",
  "PInvoke.WtsApi32.dll": "341C94455D2E5893DBE4293D4D67AA4D",
  "Reloaded.Assembler.dll": "B867ED95690AC4D38469171C283A610D",
  "Reloaded.Hooks.Definitions.dll": "47781EA29C1090C29D0F7D1BC711A1A9",
  "Reloaded.Hooks.dll": "3FB53AD1333B34C7797EA62857CBA662",
  "Reloaded.Memory.Buffers.dll": "A5825C502364C3A0B79AC441CBBB591E",
  "Reloaded.Memory.dll": "7474E960918775D9A06CE5ADBF82F734",
  "revision.txt": "989652EEF28BC49EEC908063BA36A854",
  "SDL2-CS.config": "65557595FD5DF55D93B2BF881DE62C3A",
  "SDL2-CS.dll": "2E56502B81A87BB4B45FB1FA24F74E97",
  "Serilog.dll": "C33D25E33EB1560B5B7AF116E1496C70",
  "Serilog.Sinks.Async.dll": "D41D6CBBA98A45B165FBBC0584328F07",
  "Serilog.Sinks.Console.dll": "125D07D7A32CDAB24CBE62947AA5E3E9",
  "Serilog.Sinks.File.dll": "12CC5BCB03450A9AF04537FF72561462",
  "SharpDX.Direct3D11.dll": "70C0BD264E43847B49B18A5D700EDA83",
  "SharpDX.dll": "6316B4B274EA86C5777C95DCCC467138",
  "SharpDX.DXGI.dll": "A79A5A18E93D0256924D389D627DCCC3",
  "SharpDX.Mathematics.dll": "085DBECBFB20D9AF39C38CDF96A6C527",
  "Silk.NET.Core.dll": "5504F810E88894D592ECCD8024678C63",
  "Silk.NET.GLFW.dll": "1DFDF10E3BDFB03AAE2E1BC7FE0187A9",
  "Silk.NET.Maths.dll": "FC7B8CF821BA94A09C1615A09A51AC88",
  "Silk.NET.OpenGL.dll": "463CBF6C08E3497868E3BFB9953D6C52",
  "Silk.NET.SDL.dll": "7C2DA6F3CB92BA4771A78BBA3F000FD7",
  "Silk.NET.Windowing.Common.dll": "177DFA59600DF36A15CAAC036B34D0BB",
  "Silk.NET.Windowing.Glfw.dll": "67868C17C2D8D5131FE2F2E64921DBCA",
  "Silk.NET.Windowing.Sdl.dll": "19231A93EB7D3B680C478134DF44E9A8",
  "SQLite-net.dll": "C883878E4B42930AF90B6A27255F537F",
  "SQLitePCLRaw.batteries_v2.dll": "83240DCB1D2889EDB909AD6BDDE5D7CA",
  "SQLitePCLRaw.core.dll": "AE2AC170032C64F16A751FA0FE95562C",
  "SQLitePCLRaw.nativelibrary.dll": "1E6C6077FF505611C99B1A3FDC82DE83",
  "SQLitePCLRaw.provider.dynamic_cdecl.dll": "EB09985689765B72C056FFA6EBE92889",
  "StbiSharp.dll": "26AD21BF4A235EE63BD97949C240DB34",
  "System.Reactive.dll": "EF5A00287AD15393D41B12AA4B726FF7",
  "System.Reflection.MetadataLoadContext.dll": "7EC41D41F4E1246757BA3E2EC862D562",
  "System.Security.Cryptography.Pkcs.dll": "8950E01996A37E808BE3F39063C37BF9",
  "TEMP_gitver.txt": "E99B1DBB26298CF6532A6CBC8B659826",
  "TerraFX.Interop.Windows.dll": "84F7EF6B0DE91F8CC23F773D3FD6DEC0",
  "Validation.dll": "68EE0CCB5001B1B4AFC6B65FCB48DCCB"
}
