{
  "runtimes\\alpine-x64\\native\\libe_sqlite3.so": "39C244FEDBCD3DFC37041D4FCE1AE21D",
  "runtimes\\linux-arm\\native\\libe_sqlite3.so": "96CF54BC0EFB83D6E3F5F3E04997A59D",
  "runtimes\\linux-arm64\\native\\libe_sqlite3.so": "F079E55E7F3F9966A4A2052A3234E068",
  "runtimes\\linux-armel\\native\\libe_sqlite3.so": "C5A67D49434FC65D64E9C15778078C76",
  "runtimes\\linux-mips64\\native\\libe_sqlite3.so": "5F8461214089CFC677D46C19B7162161",
  "runtimes\\linux-musl-x64\\native\\libe_sqlite3.so": "39C244FEDBCD3DFC37041D4FCE1AE21D",
  "runtimes\\linux-x64\\native\\libe_sqlite3.so": "6F49C540D3AB9964D67A4A704C3D262D",
  "runtimes\\linux-x64\\native\\libglfw.so.3": "9E3137144F68B9E9793F4C7AD5B1BEA7",
  "runtimes\\linux-x64\\native\\libSDL2-2.0.so": "99B95A708381FC66AB2370E45A260527",
  "runtimes\\linux-x64\\native\\libstbi.so": "0945355ED59677D06E3E88F48101BB26",
  "runtimes\\linux-x86\\native\\libe_sqlite3.so": "5E0659B414CBD6DDC38C65582485853E",
  "runtimes\\osx-x64\\native\\libe_sqlite3.dylib": "F82AE134FCD1C080A69D775591406673",
  "runtimes\\osx-x64\\native\\libglfw.3.dylib": "1E30FAB2F0C40E82290AD4B0BF14A880",
  "runtimes\\osx-x64\\native\\libSDL2-2.0.dylib": "AAC958490586C67395F0A90903AE3747",
  "runtimes\\osx-x64\\native\\libstbi.dylib": "0B84B0A6A80178266018081C3CAB68E6",
  "runtimes\\win-arm\\native\\e_sqlite3.dll": "7BD5984C381812CA6CC6D6891F2607A4",
  "runtimes\\win-arm64\\native\\e_sqlite3.dll": "CE33E920349A0113FF8E264BAC44F7F9",
  "runtimes\\win-x64\\native\\cimgui.dll": "8D89B30C8E56BDBA3504B5C80FEAC52D",
  "runtimes\\win-x64\\native\\cimguizmo.dll": "33CA063383A14A1E566859122EABAA81",
  "runtimes\\win-x64\\native\\cimplot.dll": "8414195D34BAAD24A977DABBA819B72D",
  "runtimes\\win-x64\\native\\e_sqlite3.dll": "7B402286B10593579705635F4B82FB91",
  "runtimes\\win-x64\\native\\glfw3.dll": "E7DBA15952DF827BA0311F4CD84C25D4",
  "runtimes\\win-x64\\native\\minhook.x64d.dll": "55ED40C5E1BB1E8B1A1C6208374F7745",
  "runtimes\\win-x64\\native\\SDL2.dll": "45A91F3C5CACC3258D10156078AD531E",
  "runtimes\\win-x64\\native\\stbi.dll": "A5E53995E92051FBDC6D9894C0B97EAF",
  "runtimes\\win-x64\\native\\stbi.lib": "927C214DE576219E1F80DBE7798A0502",
  "runtimes\\win-x86\\native\\e_sqlite3.dll": "792E3E7FBE0476D73F8A6A2CE9F07865",
  "runtimes\\win-x86\\native\\glfw3.dll": "A9D1F114108112F0BA042889B2F50E30",
  "runtimes\\win-x86\\native\\SDL2.dll": "EDECB1ED64519FD60B11252BB16640F4",
  "targets\\Dalamud.Plugin.Bootstrap.targets": "C85635161398CD9852CF7212DB7EB904",
  "targets\\Dalamud.Plugin.targets": "E2AA900DB1F6596D1C203D4112A10F5E",
  "CheapLoc.dll": "240C3603EFA634E898EE7700FA29F653",
  "Costura.dll": "ED02068CB48FB69DE699BD4E4D201428",
  "Dalamud.Boot.dll": "56BBDD1830E4B11D84EF0224750D2A3A",
  "Dalamud.Common.dll": "3BDDB25882207CEEF0AF3E9B62FD1E4D",
  "Dalamud.deps.json": "84CA9BDEBF4319BD9CD8A5CC867040D6",
  "Dalamud.dll": "C877E44BCF76AC6AE87519601749B442",
  "Dalamud.Injector.deps.json": "C1FA0941DC8B38E415776C60C508AAB9",
  "Dalamud.Injector.dll": "B0C6EB38D409DF21704C9DF0A6D21204",
  "Dalamud.Injector.exe": "16BD3A530CBE5172602B5DDF95B1B2E8",
  "Dalamud.Injector.runtimeconfig.json": "B9BB65FFE7924D4D8BABE9FA66303200",
  "Dalamud.Injector.xml": "D41E5DF541D19A015215E777D7395C9C",
  "Dalamud.runtimeconfig.json": "2A9CD915428BDD175E0889BD0C225F75",
  "Dalamud.xml": "DE0D9C08991AC6E6BE63D35D6056AEAC",
  "DalamudCrashHandler.exe": "7C10A161C7CCA1E0CD6589AB39C9CA19",
  "FASM-LICENSE.TXT": "ECEA1D10811221D5F0A3E96F9C38E2C7",
  "FASM.DLL": "A35B01B9F0C845EAB1026A36BAA79E48",
  "FASMX64.DLL": "5AB2D2B59EC59AE0105BEA537AAB494E",
  "FFXIVClientStructs.dll": "BFB0E214755BECAF29C5C4DA2DC81F55",
  "FFXIVClientStructs.xml": "107C5C0626723B72D8E194DF12799B5D",
  "goaaats.Reloaded.Assembler.targets": "CC22CB0A353E2136EE9E6E96DB9F7164",
  "Iced.dll": "97BB455698C74916B9F6B7A248FAEB4E",
  "ImGui.NET.dll": "ECEDE946A12ADB2070A153A24244AA13",
  "ImGuiScene.dll": "20C32EB3567BF0CCC69D4ADDA560F2DB",
  "JetBrains.Annotations.dll": "8F4A9B5241A07CBEC08CDC2096C0A081",
  "licenses.txt": "A159BE62AA91178EFC3E3983AE874D1D",
  "Lumina.dll": "EB0423F0216381EDBB9DFC03C90CC114",
  "Lumina.Excel.dll": "D3308FF32AFBD49D559DC0E3B8B0270B",
  "Microsoft.Bcl.HashCode.dll": "613AB56061ADF2284E047025207467E0",
  "Microsoft.DotNet.PlatformAbstractions.dll": "00AB0F02B1114C57C758F5AD595224F1",
  "Microsoft.Extensions.DependencyModel.dll": "F39BC76C10CFEA478C936FC4521A9FC9",
  "Microsoft.Extensions.ObjectPool.dll": "4EEE3E64BE561711391BF998FFBF65D3",
  "MinSharp.dll": "CBEDE31AE8012AAD72F0466C7D2521BA",
  "Mono.Cecil.dll": "FB5B1EDFDDFD63816E56B8DC96F82F68",
  "Mono.Cecil.Mdb.dll": "EB74E2BAB556F87A425AF92DA85E37CB",
  "Mono.Cecil.Pdb.dll": "80D63763859251ABC23DF76090CA9A00",
  "Mono.Cecil.Rocks.dll": "D11C7CE120697CC3C914C98328FD04E3",
  "nethost.dll": "012081214FE71F0F6ADCD9F4A71B2B00",
  "Newtonsoft.Json.dll": "86A83A63F12B55FD3718CFBFB577D7DC",
  "PeNet.Asn1.dll": "EFB4092CEF64D87ABFED20B9846DF3DC",
  "PeNet.dll": "DAFDEEE69AF3FFE4902A04A31C61BA9A",
  "PInvoke.AdvApi32.dll": "34EE461D05B403C3A15D0DEC32A3788C",
  "PInvoke.BCrypt.dll": "FD07758EE1440491F22923084109FF26",
  "PInvoke.Cabinet.dll": "333D950E3804735DA60CC41D614C63E2",
  "PInvoke.CfgMgr32.dll": "768BE7CC18EDCF78B296A72ABE891691",
  "PInvoke.Crypt32.dll": "E7B00B0851738F4A7F2C6D37DAA973B4",
  "PInvoke.DbgHelp.dll": "E701136169620D20E3A70B560DE20E44",
  "PInvoke.DwmApi.dll": "ACF223CC8962404056648815B486F7D9",
  "PInvoke.Gdi32.dll": "69FF434826F98582CE44D3136ECFFACB",
  "PInvoke.Hid.dll": "2E7A41257F8AD9B26073181F450CD8E5",
  "PInvoke.ImageHlp.dll": "79BE816E8D86EA66489D7780DD675D49",
  "PInvoke.IPHlpApi.dll": "E949FA3326D1BA8872B179AB4EE49D38",
  "PInvoke.Kernel32.dll": "234E15B122ED430DE99490CA1A204958",
  "PInvoke.Magnification.dll": "C9EA3D34F506741ECC044DB19C151F09",
  "PInvoke.Msi.dll": "69EE50CE2DA6B55755E52589F49A7EBC",
  "PInvoke.NCrypt.dll": "DA1DE76C14D99370CA3BEF19DC299B15",
  "PInvoke.NetApi32.dll": "AE79F9FA2E3864A5E0642AE4622ECDC5",
  "PInvoke.NewDev.dll": "B3E1992105D986EF9C5C8E4B630FBB07",
  "PInvoke.NTDll.dll": "3F6BDF840EB27DD0FD9EB8071822183A",
  "PInvoke.Ole32.dll": "3C49FB100B60519FFE725BCD12A538F6",
  "PInvoke.Psapi.dll": "A7683EE4B880227F01C8AE632A892B9E",
  "PInvoke.SetupApi.dll": "1B7AE321185D0081D1759A9AD829F9BA",
  "PInvoke.SHCore.dll": "F27E7F063D51480F6D2294C903E4A606",
  "PInvoke.Shell32.dll": "F71A1BCAF6478190691170DAEA77722F",
  "PInvoke.User32.dll": "8BEDE38311ED4F27127290B81B8079FD",
  "PInvoke.Userenv.dll": "FEB7BCA90B8C905EC2F4BB0789847131",
  "PInvoke.UxTheme.dll": "8E683C016250CB719FDB9AAAFC22B3C5",
  "PInvoke.Windows.Core.dll": "90015440A44935208FFEA9BF61740651",
  "PInvoke.Windows.ShellScalingApi.dll": "F351B34B8C9183A51CADFDC279357C49",
  "PInvoke.WinUsb.dll": "9EB8A0280F2848D1A32B560A939F7336",
  "PInvoke.WtsApi32.dll": "341C94455D2E5893DBE4293D4D67AA4D",
  "Reloaded.Assembler.dll": "E4840093B55F300E2F909B532C2F6FF9",
  "Reloaded.Hooks.Definitions.dll": "74339ACB2F2AC784EF673E64C3CFEC0B",
  "Reloaded.Hooks.dll": "484CEFCB893B2044E65A2A832256B0CF",
  "Reloaded.Memory.Buffers.dll": "026BAB71453261BB97B5A086C0A3F532",
  "Reloaded.Memory.dll": "AE748E33B238ABD9E3C23EA6B5FEBEBA",
  "revision.txt": "EC1F764517B7FFB52057AF6DF18142B7",
  "SDL2-CS.config": "65557595FD5DF55D93B2BF881DE62C3A",
  "SDL2-CS.dll": "665F1EEFA29EED4E9C95720149D13972",
  "Serilog.dll": "03E1214F430C60ED80D079C9F926DE9D",
  "Serilog.Sinks.Async.dll": "489783A36E79F707E9AA4B49CD65F3DF",
  "Serilog.Sinks.Console.dll": "186C31C719999FB678A5A70F5D49DE4E",
  "Serilog.Sinks.File.dll": "05571ADF775FCEC3B609EDE4AFD14201",
  "SharpDX.Direct3D11.dll": "30992048C8B64BDBAED91B93262761E1",
  "SharpDX.dll": "9A116D92C6781FC617E4ACC744C7C78F",
  "SharpDX.DXGI.dll": "E27D92C47FA751B0721C6FEE8856F031",
  "SharpDX.Mathematics.dll": "B4E4FCCDCA2BEDB6B0CE96A0F7240C79",
  "Silk.NET.Core.dll": "7DC86C520DA880A005A6F8F1898B8B10",
  "Silk.NET.GLFW.dll": "54759DB74AAAF27696E562F8380A976F",
  "Silk.NET.Maths.dll": "21626C0487DEA15EA36E82E9AE4D10DB",
  "Silk.NET.OpenGL.dll": "01BBF6BB4D8D148BD85176FA2B6933CF",
  "Silk.NET.SDL.dll": "510E2BCA97A39A999C016B582E7CF519",
  "Silk.NET.Windowing.Common.dll": "8D4E19C56BE2B810CD761B063B4085B4",
  "Silk.NET.Windowing.Glfw.dll": "A986CBCF07723FF4D070D4D634FC7752",
  "Silk.NET.Windowing.Sdl.dll": "F5710B3EFABA92E2EFC9E958C548B493",
  "SQLite-net.dll": "FB2176213FE20B7B6AEF081EA147FCFC",
  "SQLitePCLRaw.batteries_v2.dll": "7302D3CF513B30FF59E9733E79D72363",
  "SQLitePCLRaw.core.dll": "0B5897B6CC63139650ADACAC9A63B7FA",
  "SQLitePCLRaw.nativelibrary.dll": "593FCFD52777CDC42ABC762D183733DC",
  "SQLitePCLRaw.provider.dynamic_cdecl.dll": "9AC9DC732EBEFBAB1A1E7A5396C72262",
  "StbiSharp.dll": "E80760B2DAC787A80E2DF8BCA7839644",
  "System.Reactive.dll": "EF5A00287AD15393D41B12AA4B726FF7",
  "System.Reflection.MetadataLoadContext.dll": "7EC41D41F4E1246757BA3E2EC862D562",
  "System.Security.Cryptography.Pkcs.dll": "8950E01996A37E808BE3F39063C37BF9",
  "TEMP_gitver.txt": "5984483D6C77915E7208D64F5CC43617",
  "TerraFX.Interop.Windows.dll": "84F7EF6B0DE91F8CC23F773D3FD6DEC0",
  "Validation.dll": "6390566F097627B9FE551244AF0D1592"
}
