{
  "runtimes\\alpine-x64\\native\\libe_sqlite3.so": "39C244FEDBCD3DFC37041D4FCE1AE21D",
  "runtimes\\linux-arm\\native\\libe_sqlite3.so": "96CF54BC0EFB83D6E3F5F3E04997A59D",
  "runtimes\\linux-arm64\\native\\libe_sqlite3.so": "F079E55E7F3F9966A4A2052A3234E068",
  "runtimes\\linux-armel\\native\\libe_sqlite3.so": "C5A67D49434FC65D64E9C15778078C76",
  "runtimes\\linux-mips64\\native\\libe_sqlite3.so": "5F8461214089CFC677D46C19B7162161",
  "runtimes\\linux-musl-x64\\native\\libe_sqlite3.so": "39C244FEDBCD3DFC37041D4FCE1AE21D",
  "runtimes\\linux-x64\\native\\libe_sqlite3.so": "6F49C540D3AB9964D67A4A704C3D262D",
  "runtimes\\linux-x64\\native\\libglfw.so.3": "9E3137144F68B9E9793F4C7AD5B1BEA7",
  "runtimes\\linux-x64\\native\\libSDL2-2.0.so": "99B95A708381FC66AB2370E45A260527",
  "runtimes\\linux-x64\\native\\libstbi.so": "0945355ED59677D06E3E88F48101BB26",
  "runtimes\\linux-x86\\native\\libe_sqlite3.so": "5E0659B414CBD6DDC38C65582485853E",
  "runtimes\\osx-x64\\native\\libe_sqlite3.dylib": "F82AE134FCD1C080A69D775591406673",
  "runtimes\\osx-x64\\native\\libglfw.3.dylib": "1E30FAB2F0C40E82290AD4B0BF14A880",
  "runtimes\\osx-x64\\native\\libSDL2-2.0.dylib": "AAC958490586C67395F0A90903AE3747",
  "runtimes\\osx-x64\\native\\libstbi.dylib": "0B84B0A6A80178266018081C3CAB68E6",
  "runtimes\\win-arm\\native\\e_sqlite3.dll": "14D9467624AA356699F50882E5DCFF50",
  "runtimes\\win-arm64\\native\\e_sqlite3.dll": "FAF4BBBA8ADD439A09E1CA13E5F5155B",
  "runtimes\\win-x64\\native\\cimgui.dll": "E8FBA76C0BB8D688FFB6FDF8CB211AA6",
  "runtimes\\win-x64\\native\\cimguizmo.dll": "715D726614B215E310AD5DF38ABD2FF3",
  "runtimes\\win-x64\\native\\cimplot.dll": "D466F1FD115C759551A069020EF742A6",
  "runtimes\\win-x64\\native\\e_sqlite3.dll": "E2B4D0D5B54175626EB3319039409046",
  "runtimes\\win-x64\\native\\glfw3.dll": "1FC4A5CD8536FCAE2B2C7BCF40F1C0D1",
  "runtimes\\win-x64\\native\\minhook.x64d.dll": "1843B7E15C26F391E3FDF2C9736011B4",
  "runtimes\\win-x64\\native\\SDL2.dll": "83DBE765A351219DE2A0A9DCA1EB3136",
  "runtimes\\win-x64\\native\\stbi.dll": "FA0E366E2FAC29F552875DADE61EBEF5",
  "runtimes\\win-x64\\native\\stbi.lib": "927C214DE576219E1F80DBE7798A0502",
  "runtimes\\win-x86\\native\\e_sqlite3.dll": "D2F0995B4D24034AC61F6FAC10324333",
  "runtimes\\win-x86\\native\\glfw3.dll": "B2DCCE17E9069F42EB6B5A4B61ABC01F",
  "runtimes\\win-x86\\native\\SDL2.dll": "5F51CCC5FA4D5BA4670EA6EE91210564",
  "targets\\Dalamud.Plugin.Bootstrap.targets": "C85635161398CD9852CF7212DB7EB904",
  "targets\\Dalamud.Plugin.targets": "E2AA900DB1F6596D1C203D4112A10F5E",
  "CheapLoc.dll": "D6CFEBC668749919504CFFBC5FCF5507",
  "Costura.dll": "1C8565CC4175C4E28FF0219579EAB893",
  "Dalamud.Boot.dll": "1749504CA3182152E79699AC865E0EC9",
  "Dalamud.Common.dll": "A5C3B2DFF8DA49ED0588EF9A75861043",
  "Dalamud.deps.json": "53BE8D00F2198DD9B3D5B4C8FBC4B098",
  "Dalamud.dll": "55824E2AF4EFBFFEA0CE5E5E6C31DBC7",
  "Dalamud.Injector.deps.json": "C1FA0941DC8B38E415776C60C508AAB9",
  "Dalamud.Injector.dll": "45B9E67A7FA7B24ADD8F49D219FD6F1D",
  "Dalamud.Injector.exe": "2EF11D299E568D8E1B1CDBDF4A30BAAE",
  "Dalamud.Injector.runtimeconfig.json": "B9BB65FFE7924D4D8BABE9FA66303200",
  "Dalamud.Injector.xml": "D41E5DF541D19A015215E777D7395C9C",
  "Dalamud.runtimeconfig.json": "2A9CD915428BDD175E0889BD0C225F75",
  "Dalamud.xml": "3D7F22A5309298FE1B2957D30824D5E9",
  "DalamudCrashHandler.exe": "A634B2F700CA52D839A8A3CF195E7ACE",
  "FASM-LICENSE.TXT": "ECEA1D10811221D5F0A3E96F9C38E2C7",
  "FASM.DLL": "193B6F312F701B7C89703E91A36AEDFF",
  "FASMX64.DLL": "968E3990D78283AE42DA88E364E8920D",
  "FFXIVClientStructs.dll": "AFBF78A048C4E5B63764A201570FA67D",
  "FFXIVClientStructs.xml": "39D682805E3B23E9193A8220A5DF19AE",
  "goaaats.Reloaded.Assembler.targets": "CC22CB0A353E2136EE9E6E96DB9F7164",
  "Iced.dll": "875F990391036548FBFA74020650FCD4",
  "ImGui.NET.dll": "26CA52B804B3800A5C39A5F078EB347E",
  "ImGuiScene.dll": "66D5618AF4899A324EEB0BB088BBDAF7",
  "JetBrains.Annotations.dll": "2404B923AC4FC7D76667B370755E66C7",
  "licenses.txt": "A159BE62AA91178EFC3E3983AE874D1D",
  "Lumina.dll": "CFF24F2218B712DC942912A7ED6956BE",
  "Lumina.Excel.dll": "4C735E473FF3263F49016C98706ED570",
  "Microsoft.Bcl.HashCode.dll": "613AB56061ADF2284E047025207467E0",
  "Microsoft.DotNet.PlatformAbstractions.dll": "00AB0F02B1114C57C758F5AD595224F1",
  "Microsoft.Extensions.DependencyModel.dll": "F39BC76C10CFEA478C936FC4521A9FC9",
  "Microsoft.Extensions.ObjectPool.dll": "4EEE3E64BE561711391BF998FFBF65D3",
  "MinSharp.dll": "67F50E280F861B406578C5B7C852D43D",
  "Mono.Cecil.dll": "0022712490664F4298592A6B3079B8CB",
  "Mono.Cecil.Mdb.dll": "6E43BE486F31A26FDECF35CC0E956B01",
  "Mono.Cecil.Pdb.dll": "1C8387A8065DF55BF2738B5D60BBF550",
  "Mono.Cecil.Rocks.dll": "C9432C31C40C179BC390CB22EEC63FB7",
  "nethost.dll": "012081214FE71F0F6ADCD9F4A71B2B00",
  "Newtonsoft.Json.dll": "86A83A63F12B55FD3718CFBFB577D7DC",
  "PeNet.Asn1.dll": "0C15E512502C2B2B4B05E922725FE508",
  "PeNet.dll": "A0AFE18C7A528EF72F0437C1F0948201",
  "PInvoke.AdvApi32.dll": "34EE461D05B403C3A15D0DEC32A3788C",
  "PInvoke.BCrypt.dll": "FD07758EE1440491F22923084109FF26",
  "PInvoke.Cabinet.dll": "333D950E3804735DA60CC41D614C63E2",
  "PInvoke.CfgMgr32.dll": "768BE7CC18EDCF78B296A72ABE891691",
  "PInvoke.Crypt32.dll": "E7B00B0851738F4A7F2C6D37DAA973B4",
  "PInvoke.DbgHelp.dll": "E701136169620D20E3A70B560DE20E44",
  "PInvoke.DwmApi.dll": "ACF223CC8962404056648815B486F7D9",
  "PInvoke.Gdi32.dll": "69FF434826F98582CE44D3136ECFFACB",
  "PInvoke.Hid.dll": "2E7A41257F8AD9B26073181F450CD8E5",
  "PInvoke.ImageHlp.dll": "79BE816E8D86EA66489D7780DD675D49",
  "PInvoke.IPHlpApi.dll": "E949FA3326D1BA8872B179AB4EE49D38",
  "PInvoke.Kernel32.dll": "234E15B122ED430DE99490CA1A204958",
  "PInvoke.Magnification.dll": "C9EA3D34F506741ECC044DB19C151F09",
  "PInvoke.Msi.dll": "69EE50CE2DA6B55755E52589F49A7EBC",
  "PInvoke.NCrypt.dll": "DA1DE76C14D99370CA3BEF19DC299B15",
  "PInvoke.NetApi32.dll": "AE79F9FA2E3864A5E0642AE4622ECDC5",
  "PInvoke.NewDev.dll": "B3E1992105D986EF9C5C8E4B630FBB07",
  "PInvoke.NTDll.dll": "3F6BDF840EB27DD0FD9EB8071822183A",
  "PInvoke.Ole32.dll": "3C49FB100B60519FFE725BCD12A538F6",
  "PInvoke.Psapi.dll": "A7683EE4B880227F01C8AE632A892B9E",
  "PInvoke.SetupApi.dll": "1B7AE321185D0081D1759A9AD829F9BA",
  "PInvoke.SHCore.dll": "F27E7F063D51480F6D2294C903E4A606",
  "PInvoke.Shell32.dll": "F71A1BCAF6478190691170DAEA77722F",
  "PInvoke.User32.dll": "8BEDE38311ED4F27127290B81B8079FD",
  "PInvoke.Userenv.dll": "FEB7BCA90B8C905EC2F4BB0789847131",
  "PInvoke.UxTheme.dll": "8E683C016250CB719FDB9AAAFC22B3C5",
  "PInvoke.Windows.Core.dll": "90015440A44935208FFEA9BF61740651",
  "PInvoke.Windows.ShellScalingApi.dll": "F351B34B8C9183A51CADFDC279357C49",
  "PInvoke.WinUsb.dll": "9EB8A0280F2848D1A32B560A939F7336",
  "PInvoke.WtsApi32.dll": "341C94455D2E5893DBE4293D4D67AA4D",
  "Reloaded.Assembler.dll": "3C0E3E90AEC2CD037A615F933A83AC24",
  "Reloaded.Hooks.Definitions.dll": "B899B6F78A9E2E9C44A2E0AFCE67E36C",
  "Reloaded.Hooks.dll": "713C211812E89DEA644197D0E87B8144",
  "Reloaded.Memory.Buffers.dll": "1C45BD15BF277C51CF11ACDBD1074D2B",
  "Reloaded.Memory.dll": "2BCF0DAC602D6CB9A87ED2CF1DAD7AA0",
  "revision.txt": "9A02387B02CE7DE2DAC4B925892F68FB",
  "SDL2-CS.config": "65557595FD5DF55D93B2BF881DE62C3A",
  "SDL2-CS.dll": "C3F55970C490D349BC9F3FC9CECD0462",
  "Serilog.dll": "EAFCC5A459AC9CA604B5CBFC2F43BB17",
  "Serilog.Sinks.Async.dll": "4E3E2B2388F88599314EE4224FF3DF4F",
  "Serilog.Sinks.Console.dll": "1FE83246FCEE45511BA84DB83C7F39BC",
  "Serilog.Sinks.File.dll": "24F599673C58D24CB153A1D8CC51D297",
  "SharpDX.Direct3D11.dll": "9C9FA14160F97689AAF6C4A6A81AD387",
  "SharpDX.dll": "55BD4B58A149C1C7696CC70651615B7B",
  "SharpDX.DXGI.dll": "36903CBABF265EC7365557B70315EB77",
  "SharpDX.Mathematics.dll": "67B059EA1FD09D71BE1C4169990A6882",
  "Silk.NET.Core.dll": "4A08D3BAE8B9BE0898AC054D32D18131",
  "Silk.NET.GLFW.dll": "6FFF05558713EF2041D1128BD9CBBFD1",
  "Silk.NET.Maths.dll": "458353C2F7C892B303BE9CFE7DDFD62E",
  "Silk.NET.OpenGL.dll": "E060723B1762B6061948DADF7CD912C2",
  "Silk.NET.SDL.dll": "73658D0465674005D3CEC3A15319B090",
  "Silk.NET.Windowing.Common.dll": "9C8EDD477B3C294C5AF61F9F85C2D83C",
  "Silk.NET.Windowing.Glfw.dll": "69F4E9345843A4482B16534131CCE8DE",
  "Silk.NET.Windowing.Sdl.dll": "5F95118A973B0137C22D446BD5D5A7A9",
  "SQLite-net.dll": "A2564198E33B1BACA724270F3D565760",
  "SQLitePCLRaw.batteries_v2.dll": "ECC3912D344D77B1BDBB829620D7EB5A",
  "SQLitePCLRaw.core.dll": "67DF888655757B0DA2D3B6CD6A4370B1",
  "SQLitePCLRaw.nativelibrary.dll": "8725732BD71734C910679A4A411D6EAB",
  "SQLitePCLRaw.provider.dynamic_cdecl.dll": "E6B110C8C5EDCA62E89C5DB02884BF46",
  "StbiSharp.dll": "0802ABFA899FFF75FE403F2754B10A6F",
  "System.Reactive.dll": "EF5A00287AD15393D41B12AA4B726FF7",
  "System.Reflection.MetadataLoadContext.dll": "7EC41D41F4E1246757BA3E2EC862D562",
  "System.Security.Cryptography.Pkcs.dll": "8950E01996A37E808BE3F39063C37BF9",
  "TEMP_gitver.txt": "2226F9E2ED6549BC9A57EA77D3632B10",
  "TerraFX.Interop.Windows.dll": "84F7EF6B0DE91F8CC23F773D3FD6DEC0",
  "Validation.dll": "E0CEE6EA67190D1D8F9F4A1C40366734"
}
