{
  "runtimes\\alpine-x64\\native\\libe_sqlite3.so": "39C244FEDBCD3DFC37041D4FCE1AE21D",
  "runtimes\\linux-arm\\native\\libe_sqlite3.so": "96CF54BC0EFB83D6E3F5F3E04997A59D",
  "runtimes\\linux-arm64\\native\\libe_sqlite3.so": "F079E55E7F3F9966A4A2052A3234E068",
  "runtimes\\linux-armel\\native\\libe_sqlite3.so": "C5A67D49434FC65D64E9C15778078C76",
  "runtimes\\linux-mips64\\native\\libe_sqlite3.so": "5F8461214089CFC677D46C19B7162161",
  "runtimes\\linux-musl-x64\\native\\libe_sqlite3.so": "39C244FEDBCD3DFC37041D4FCE1AE21D",
  "runtimes\\linux-x64\\native\\libe_sqlite3.so": "6F49C540D3AB9964D67A4A704C3D262D",
  "runtimes\\linux-x64\\native\\libglfw.so.3": "9E3137144F68B9E9793F4C7AD5B1BEA7",
  "runtimes\\linux-x64\\native\\libSDL2-2.0.so": "99B95A708381FC66AB2370E45A260527",
  "runtimes\\linux-x64\\native\\libstbi.so": "0945355ED59677D06E3E88F48101BB26",
  "runtimes\\linux-x86\\native\\libe_sqlite3.so": "5E0659B414CBD6DDC38C65582485853E",
  "runtimes\\osx-x64\\native\\libe_sqlite3.dylib": "F82AE134FCD1C080A69D775591406673",
  "runtimes\\osx-x64\\native\\libglfw.3.dylib": "1E30FAB2F0C40E82290AD4B0BF14A880",
  "runtimes\\osx-x64\\native\\libSDL2-2.0.dylib": "AAC958490586C67395F0A90903AE3747",
  "runtimes\\osx-x64\\native\\libstbi.dylib": "0B84B0A6A80178266018081C3CAB68E6",
  "runtimes\\win-arm\\native\\e_sqlite3.dll": "269AF5E1AA78D8E222F10E1EFAD58536",
  "runtimes\\win-arm64\\native\\e_sqlite3.dll": "DF9A0E267A2A0F83590455184DCD9997",
  "runtimes\\win-x64\\native\\cimgui.dll": "4D3FB763274D359E6BEB924094CF22D8",
  "runtimes\\win-x64\\native\\cimguizmo.dll": "83776C454A00A24A69AC80825BBCBA5B",
  "runtimes\\win-x64\\native\\cimplot.dll": "F7612CBD8B1611FA3847DB390D8B619A",
  "runtimes\\win-x64\\native\\e_sqlite3.dll": "3CF6205642DB35B2A6952F168B467AA2",
  "runtimes\\win-x64\\native\\glfw3.dll": "36977574DD259E978540FD92CECA7E82",
  "runtimes\\win-x64\\native\\minhook.x64d.dll": "4AB5B6114BD216361D49EABE64429212",
  "runtimes\\win-x64\\native\\SDL2.dll": "8AF6DFB74408F4768978330F1150F11E",
  "runtimes\\win-x64\\native\\stbi.dll": "DAA9541866D0F4D2FDE2615538FAAAFC",
  "runtimes\\win-x64\\native\\stbi.lib": "927C214DE576219E1F80DBE7798A0502",
  "runtimes\\win-x86\\native\\e_sqlite3.dll": "5BC7866628C4C68A77B2E5D2DE311A07",
  "runtimes\\win-x86\\native\\glfw3.dll": "BF5A231686102B4164E3B5038B10F76E",
  "runtimes\\win-x86\\native\\SDL2.dll": "92B7CCA7EDA2E8C73F39FEE6BF165E75",
  "targets\\Dalamud.Plugin.Bootstrap.targets": "C85635161398CD9852CF7212DB7EB904",
  "targets\\Dalamud.Plugin.targets": "E2AA900DB1F6596D1C203D4112A10F5E",
  "CheapLoc.dll": "133BAFA12B9DDC0E14E898B2266124C4",
  "Costura.dll": "4ED199748214D795D70E59DF192D9F7D",
  "Dalamud.Boot.dll": "84CBAC2CA7F8A6062F1D600CD2A7EED5",
  "Dalamud.Common.dll": "A6CE689AD6E219496BD93CA6A3452C6E",
  "Dalamud.deps.json": "348ED6044CF9F6A622566FB11C6D37E6",
  "Dalamud.dll": "1DBE3BA2E4FDD2BFFC9BAFD167C301E6",
  "Dalamud.Injector.deps.json": "C1FA0941DC8B38E415776C60C508AAB9",
  "Dalamud.Injector.dll": "2D63C28656EF98D3CD15317ADB0366FC",
  "Dalamud.Injector.exe": "DBB065A43A539C55C8AAFD7C1D823622",
  "Dalamud.Injector.runtimeconfig.json": "B9BB65FFE7924D4D8BABE9FA66303200",
  "Dalamud.Injector.xml": "D41E5DF541D19A015215E777D7395C9C",
  "Dalamud.runtimeconfig.json": "2A9CD915428BDD175E0889BD0C225F75",
  "Dalamud.xml": "72246DF86779B0597FB53E74A84ABC2C",
  "DalamudCrashHandler.exe": "70731DC4A6375A7CE7840785869AB351",
  "FASM-LICENSE.TXT": "ECEA1D10811221D5F0A3E96F9C38E2C7",
  "FASM.DLL": "985486B9B9CBAABDB0EDCC0ACDA5E123",
  "FASMX64.DLL": "9BBE12209FD0A8D26D287FD56D97301C",
  "FFXIVClientStructs.dll": "D4132CC7C7C6DF091B4C7DB25615D354",
  "FFXIVClientStructs.xml": "1BC608E144B877A3EE42DFBFDD447B74",
  "goaaats.Reloaded.Assembler.targets": "CC22CB0A353E2136EE9E6E96DB9F7164",
  "Iced.dll": "6050DC48C705AC869F1B43FEA8B72DE3",
  "ImGui.NET.dll": "A0ABFC94221FA0EDE2F74BC66B71E626",
  "ImGuiScene.dll": "0BBD74092C661CC0A2FDB8F9A5C11544",
  "JetBrains.Annotations.dll": "3D5879FE15DE37086A3D3601E5E9A7F1",
  "licenses.txt": "A159BE62AA91178EFC3E3983AE874D1D",
  "Lumina.dll": "514C278B8AA03701FD6DFCA4A31EFE3C",
  "Lumina.Excel.dll": "CB1DC82631461A2E838C635FEA6E4CF5",
  "Microsoft.Bcl.HashCode.dll": "613AB56061ADF2284E047025207467E0",
  "Microsoft.DotNet.PlatformAbstractions.dll": "00AB0F02B1114C57C758F5AD595224F1",
  "Microsoft.Extensions.DependencyModel.dll": "F39BC76C10CFEA478C936FC4521A9FC9",
  "Microsoft.Extensions.ObjectPool.dll": "4EEE3E64BE561711391BF998FFBF65D3",
  "MinSharp.dll": "D831548EDAF040EAC653EAD75DB1AD2C",
  "Mono.Cecil.dll": "F78F3ACE787D4809FAF63AA76F5EF2F9",
  "Mono.Cecil.Mdb.dll": "0152B7D950D547CACF3180F72C28E1F5",
  "Mono.Cecil.Pdb.dll": "EF5550503115608E15B29FEED6FE9085",
  "Mono.Cecil.Rocks.dll": "0CA9B4E8AC53E84DFB59B14763964057",
  "nethost.dll": "012081214FE71F0F6ADCD9F4A71B2B00",
  "Newtonsoft.Json.dll": "86A83A63F12B55FD3718CFBFB577D7DC",
  "PeNet.Asn1.dll": "489D042237CECFC36B590018DD98ADB5",
  "PeNet.dll": "FBFD767FAC77AC89C9FDEAD353AE1E02",
  "PInvoke.AdvApi32.dll": "34EE461D05B403C3A15D0DEC32A3788C",
  "PInvoke.BCrypt.dll": "FD07758EE1440491F22923084109FF26",
  "PInvoke.Cabinet.dll": "333D950E3804735DA60CC41D614C63E2",
  "PInvoke.CfgMgr32.dll": "768BE7CC18EDCF78B296A72ABE891691",
  "PInvoke.Crypt32.dll": "E7B00B0851738F4A7F2C6D37DAA973B4",
  "PInvoke.DbgHelp.dll": "E701136169620D20E3A70B560DE20E44",
  "PInvoke.DwmApi.dll": "ACF223CC8962404056648815B486F7D9",
  "PInvoke.Gdi32.dll": "69FF434826F98582CE44D3136ECFFACB",
  "PInvoke.Hid.dll": "2E7A41257F8AD9B26073181F450CD8E5",
  "PInvoke.ImageHlp.dll": "79BE816E8D86EA66489D7780DD675D49",
  "PInvoke.IPHlpApi.dll": "E949FA3326D1BA8872B179AB4EE49D38",
  "PInvoke.Kernel32.dll": "234E15B122ED430DE99490CA1A204958",
  "PInvoke.Magnification.dll": "C9EA3D34F506741ECC044DB19C151F09",
  "PInvoke.Msi.dll": "69EE50CE2DA6B55755E52589F49A7EBC",
  "PInvoke.NCrypt.dll": "DA1DE76C14D99370CA3BEF19DC299B15",
  "PInvoke.NetApi32.dll": "AE79F9FA2E3864A5E0642AE4622ECDC5",
  "PInvoke.NewDev.dll": "B3E1992105D986EF9C5C8E4B630FBB07",
  "PInvoke.NTDll.dll": "3F6BDF840EB27DD0FD9EB8071822183A",
  "PInvoke.Ole32.dll": "3C49FB100B60519FFE725BCD12A538F6",
  "PInvoke.Psapi.dll": "A7683EE4B880227F01C8AE632A892B9E",
  "PInvoke.SetupApi.dll": "1B7AE321185D0081D1759A9AD829F9BA",
  "PInvoke.SHCore.dll": "F27E7F063D51480F6D2294C903E4A606",
  "PInvoke.Shell32.dll": "F71A1BCAF6478190691170DAEA77722F",
  "PInvoke.User32.dll": "8BEDE38311ED4F27127290B81B8079FD",
  "PInvoke.Userenv.dll": "FEB7BCA90B8C905EC2F4BB0789847131",
  "PInvoke.UxTheme.dll": "8E683C016250CB719FDB9AAAFC22B3C5",
  "PInvoke.Windows.Core.dll": "90015440A44935208FFEA9BF61740651",
  "PInvoke.Windows.ShellScalingApi.dll": "F351B34B8C9183A51CADFDC279357C49",
  "PInvoke.WinUsb.dll": "9EB8A0280F2848D1A32B560A939F7336",
  "PInvoke.WtsApi32.dll": "341C94455D2E5893DBE4293D4D67AA4D",
  "Reloaded.Assembler.dll": "96F8A1C8490E3339878099A9F9EC3E7D",
  "Reloaded.Hooks.Definitions.dll": "DBA53721B6A146E49DEE3B774A77A8C4",
  "Reloaded.Hooks.dll": "36209ACA5B962B151E6A1D523BDFE507",
  "Reloaded.Memory.Buffers.dll": "42DCF82890F1030DB8B6CD985468FAEF",
  "Reloaded.Memory.dll": "A693FDF8B4A9DA50E4816E16088EE783",
  "revision.txt": "810BF83C7ADFD8A04AC1F11508BAB9E0",
  "SDL2-CS.config": "65557595FD5DF55D93B2BF881DE62C3A",
  "SDL2-CS.dll": "EC74B2631FD7D9C5183E6D7D4D759D8F",
  "Serilog.dll": "065FB9B5BF98DE5986D5FB26D96FAD49",
  "Serilog.Sinks.Async.dll": "5817F440B1CD44971375A19AAB92F087",
  "Serilog.Sinks.Console.dll": "A4044D5A2951849ADE6F8F03B622CD81",
  "Serilog.Sinks.File.dll": "73D9CF377338B553DAD1DDBA3A77A3A5",
  "SharpDX.Direct3D11.dll": "DC9AA88ACFEED1DAC32849C148593F17",
  "SharpDX.dll": "A2F4D2FFA464EBA4D6EBF1311D921BA3",
  "SharpDX.DXGI.dll": "D928397DAB99C0171826C302CB2383B5",
  "SharpDX.Mathematics.dll": "46D66E0BD869E63402F235768C7DAAE6",
  "Silk.NET.Core.dll": "7FB85708DD90D1FFF914E5AED90F79C2",
  "Silk.NET.GLFW.dll": "FF7AF05F1F323D26A89748DBC6737AA7",
  "Silk.NET.Maths.dll": "F611FB4A7222BC27E55B89794F559D53",
  "Silk.NET.OpenGL.dll": "262288328E01609E7CB7FDAE73C242F4",
  "Silk.NET.SDL.dll": "FFD2E0C1659BD5E403E5F29BE21E0F68",
  "Silk.NET.Windowing.Common.dll": "FA8623873FDE306817DA8A785BDE85DE",
  "Silk.NET.Windowing.Glfw.dll": "8FF7F78B8471480BFF8891340B890BC4",
  "Silk.NET.Windowing.Sdl.dll": "EC7725CB0FA1F9BCB586E0608A7FB61A",
  "SQLite-net.dll": "290E71F31331F7480EBAC1A8514BF77D",
  "SQLitePCLRaw.batteries_v2.dll": "DAE27B37265BB6BA06E2FDA609A7C9EE",
  "SQLitePCLRaw.core.dll": "64B609D95BD95351D784DA0D55926B9C",
  "SQLitePCLRaw.nativelibrary.dll": "FFDC0547B87E4B202834472B823A035B",
  "SQLitePCLRaw.provider.dynamic_cdecl.dll": "82472778B9BBDC278F61D4352974401B",
  "StbiSharp.dll": "77C0E217D019FF8B0E6D270B661820C4",
  "System.Reactive.dll": "EF5A00287AD15393D41B12AA4B726FF7",
  "System.Reflection.MetadataLoadContext.dll": "7EC41D41F4E1246757BA3E2EC862D562",
  "System.Security.Cryptography.Pkcs.dll": "8950E01996A37E808BE3F39063C37BF9",
  "TEMP_gitver.txt": "34A7B3E27C67A20B26249C78E9F1053D",
  "TerraFX.Interop.Windows.dll": "84F7EF6B0DE91F8CC23F773D3FD6DEC0",
  "Validation.dll": "8D5F5CBBC29FF4B1DDE154B5F96C3B26"
}
