{
  "runtimes\\alpine-x64\\native\\libe_sqlite3.so": "39C244FEDBCD3DFC37041D4FCE1AE21D",
  "runtimes\\linux-arm\\native\\libe_sqlite3.so": "96CF54BC0EFB83D6E3F5F3E04997A59D",
  "runtimes\\linux-arm64\\native\\libe_sqlite3.so": "F079E55E7F3F9966A4A2052A3234E068",
  "runtimes\\linux-armel\\native\\libe_sqlite3.so": "C5A67D49434FC65D64E9C15778078C76",
  "runtimes\\linux-mips64\\native\\libe_sqlite3.so": "5F8461214089CFC677D46C19B7162161",
  "runtimes\\linux-musl-x64\\native\\libe_sqlite3.so": "39C244FEDBCD3DFC37041D4FCE1AE21D",
  "runtimes\\linux-x64\\native\\libe_sqlite3.so": "6F49C540D3AB9964D67A4A704C3D262D",
  "runtimes\\linux-x64\\native\\libglfw.so.3": "9E3137144F68B9E9793F4C7AD5B1BEA7",
  "runtimes\\linux-x64\\native\\libSDL2-2.0.so": "99B95A708381FC66AB2370E45A260527",
  "runtimes\\linux-x64\\native\\libstbi.so": "0945355ED59677D06E3E88F48101BB26",
  "runtimes\\linux-x86\\native\\libe_sqlite3.so": "5E0659B414CBD6DDC38C65582485853E",
  "runtimes\\osx-x64\\native\\libe_sqlite3.dylib": "F82AE134FCD1C080A69D775591406673",
  "runtimes\\osx-x64\\native\\libglfw.3.dylib": "1E30FAB2F0C40E82290AD4B0BF14A880",
  "runtimes\\osx-x64\\native\\libSDL2-2.0.dylib": "AAC958490586C67395F0A90903AE3747",
  "runtimes\\osx-x64\\native\\libstbi.dylib": "0B84B0A6A80178266018081C3CAB68E6",
  "runtimes\\win-arm\\native\\e_sqlite3.dll": "7ED1F08051D10F82E4CE1C8783551301",
  "runtimes\\win-arm64\\native\\e_sqlite3.dll": "FF4B0FE998E66577F24E12F9939A5A70",
  "runtimes\\win-x64\\native\\cimgui.dll": "D1C8C3525905114F8C78AFDE40EEB1B0",
  "runtimes\\win-x64\\native\\cimguizmo.dll": "196D9283BABB110CE134337AF8492C8F",
  "runtimes\\win-x64\\native\\cimplot.dll": "C59A2AC661B99A9E286CFD5F92805D30",
  "runtimes\\win-x64\\native\\e_sqlite3.dll": "77E4EA851147A70106BC026CE93E9FAE",
  "runtimes\\win-x64\\native\\glfw3.dll": "9F7988F57CFE15A0BDD4933DEA80486C",
  "runtimes\\win-x64\\native\\minhook.x64d.dll": "6C588058F95A5E0EDFB5D89F30E010BC",
  "runtimes\\win-x64\\native\\SDL2.dll": "5137E7E2C85CF13839687130B1C09F4A",
  "runtimes\\win-x64\\native\\stbi.dll": "8A5EACF2FCEC38DB20D18218FDC0AD55",
  "runtimes\\win-x64\\native\\stbi.lib": "927C214DE576219E1F80DBE7798A0502",
  "runtimes\\win-x86\\native\\e_sqlite3.dll": "43D8F94665A995741A9CFC12F1BFADD3",
  "runtimes\\win-x86\\native\\glfw3.dll": "D9E4FF17BA7F8D16976AC1118BC4760C",
  "runtimes\\win-x86\\native\\SDL2.dll": "C3F48AB40795CB729515331AB025B861",
  "targets\\Dalamud.Plugin.Bootstrap.targets": "C85635161398CD9852CF7212DB7EB904",
  "targets\\Dalamud.Plugin.targets": "E2AA900DB1F6596D1C203D4112A10F5E",
  "CheapLoc.dll": "2BFCAED7AFAA4B006951020192A6DAFE",
  "Costura.dll": "3BDBA329E9EE6DCF928146C2E2C27414",
  "Dalamud.Boot.dll": "807119C76CBA37DE329478EAD76A41A0",
  "Dalamud.Common.dll": "97291952B478EF315CF5E916D1F8EC1D",
  "Dalamud.deps.json": "84CA9BDEBF4319BD9CD8A5CC867040D6",
  "Dalamud.dll": "79A53384820BB34233AC01705C58D2D0",
  "Dalamud.Injector.deps.json": "C1FA0941DC8B38E415776C60C508AAB9",
  "Dalamud.Injector.dll": "6D8481867D822D741CA980897885CF74",
  "Dalamud.Injector.exe": "B79F3117D76C997B49380D869C30050D",
  "Dalamud.Injector.runtimeconfig.json": "B9BB65FFE7924D4D8BABE9FA66303200",
  "Dalamud.Injector.xml": "D41E5DF541D19A015215E777D7395C9C",
  "Dalamud.runtimeconfig.json": "2A9CD915428BDD175E0889BD0C225F75",
  "Dalamud.xml": "B0DCB6FF155256025143DF96472D569F",
  "DalamudCrashHandler.exe": "2F4D8410B86C562DEDC06FD1E6144B1B",
  "FASM-LICENSE.TXT": "ECEA1D10811221D5F0A3E96F9C38E2C7",
  "FASM.DLL": "C1C782DB7BC6F9D0A9D978F35F1A795E",
  "FASMX64.DLL": "C5B23ADBF63F0AB7272D1B485B76994F",
  "FFXIVClientStructs.dll": "85B5B7522B688FEB79BCFC01369C7783",
  "FFXIVClientStructs.xml": "F8865280C813EEF92551C6E5588F4263",
  "goaaats.Reloaded.Assembler.targets": "CC22CB0A353E2136EE9E6E96DB9F7164",
  "Iced.dll": "70EA6000FA238BD0A83C00A7617F8A29",
  "ImGui.NET.dll": "5F09B651573E9CF1F9C818EE6586D8DA",
  "ImGuiScene.dll": "C60C9633AA7F5AED49FC155083D13E39",
  "JetBrains.Annotations.dll": "C4C87629F9EDDA4C9F0FE1D34DC6ECD4",
  "licenses.txt": "A159BE62AA91178EFC3E3983AE874D1D",
  "Lumina.dll": "795CB67575038CD52DA64136428C4CBA",
  "Lumina.Excel.dll": "0F7226843396937CBC018D4BA0AC69E0",
  "Microsoft.Bcl.HashCode.dll": "613AB56061ADF2284E047025207467E0",
  "Microsoft.DotNet.PlatformAbstractions.dll": "00AB0F02B1114C57C758F5AD595224F1",
  "Microsoft.Extensions.DependencyModel.dll": "F39BC76C10CFEA478C936FC4521A9FC9",
  "Microsoft.Extensions.ObjectPool.dll": "4EEE3E64BE561711391BF998FFBF65D3",
  "MinSharp.dll": "77660506C5F91671CC8B9F9736282053",
  "Mono.Cecil.dll": "9C3A514A576DF1602D2D67438FC03A33",
  "Mono.Cecil.Mdb.dll": "2630356F1060C9E389B4E2C62FDB92B5",
  "Mono.Cecil.Pdb.dll": "841493EE7C4569D6B2BB7BE9F0C4A8A6",
  "Mono.Cecil.Rocks.dll": "EE92575A92797C6C5B7D2CC14FA39942",
  "nethost.dll": "012081214FE71F0F6ADCD9F4A71B2B00",
  "Newtonsoft.Json.dll": "86A83A63F12B55FD3718CFBFB577D7DC",
  "PeNet.Asn1.dll": "3A5EB046F7586DC54D8CEB21B801FC8A",
  "PeNet.dll": "0663DAF792519F5AF7281E8B59CE368A",
  "PInvoke.AdvApi32.dll": "34EE461D05B403C3A15D0DEC32A3788C",
  "PInvoke.BCrypt.dll": "FD07758EE1440491F22923084109FF26",
  "PInvoke.Cabinet.dll": "333D950E3804735DA60CC41D614C63E2",
  "PInvoke.CfgMgr32.dll": "768BE7CC18EDCF78B296A72ABE891691",
  "PInvoke.Crypt32.dll": "E7B00B0851738F4A7F2C6D37DAA973B4",
  "PInvoke.DbgHelp.dll": "E701136169620D20E3A70B560DE20E44",
  "PInvoke.DwmApi.dll": "ACF223CC8962404056648815B486F7D9",
  "PInvoke.Gdi32.dll": "69FF434826F98582CE44D3136ECFFACB",
  "PInvoke.Hid.dll": "2E7A41257F8AD9B26073181F450CD8E5",
  "PInvoke.ImageHlp.dll": "79BE816E8D86EA66489D7780DD675D49",
  "PInvoke.IPHlpApi.dll": "E949FA3326D1BA8872B179AB4EE49D38",
  "PInvoke.Kernel32.dll": "234E15B122ED430DE99490CA1A204958",
  "PInvoke.Magnification.dll": "C9EA3D34F506741ECC044DB19C151F09",
  "PInvoke.Msi.dll": "69EE50CE2DA6B55755E52589F49A7EBC",
  "PInvoke.NCrypt.dll": "DA1DE76C14D99370CA3BEF19DC299B15",
  "PInvoke.NetApi32.dll": "AE79F9FA2E3864A5E0642AE4622ECDC5",
  "PInvoke.NewDev.dll": "B3E1992105D986EF9C5C8E4B630FBB07",
  "PInvoke.NTDll.dll": "3F6BDF840EB27DD0FD9EB8071822183A",
  "PInvoke.Ole32.dll": "3C49FB100B60519FFE725BCD12A538F6",
  "PInvoke.Psapi.dll": "A7683EE4B880227F01C8AE632A892B9E",
  "PInvoke.SetupApi.dll": "1B7AE321185D0081D1759A9AD829F9BA",
  "PInvoke.SHCore.dll": "F27E7F063D51480F6D2294C903E4A606",
  "PInvoke.Shell32.dll": "F71A1BCAF6478190691170DAEA77722F",
  "PInvoke.User32.dll": "8BEDE38311ED4F27127290B81B8079FD",
  "PInvoke.Userenv.dll": "FEB7BCA90B8C905EC2F4BB0789847131",
  "PInvoke.UxTheme.dll": "8E683C016250CB719FDB9AAAFC22B3C5",
  "PInvoke.Windows.Core.dll": "90015440A44935208FFEA9BF61740651",
  "PInvoke.Windows.ShellScalingApi.dll": "F351B34B8C9183A51CADFDC279357C49",
  "PInvoke.WinUsb.dll": "9EB8A0280F2848D1A32B560A939F7336",
  "PInvoke.WtsApi32.dll": "341C94455D2E5893DBE4293D4D67AA4D",
  "Reloaded.Assembler.dll": "62E9D6855264C92668B32EA682CA5732",
  "Reloaded.Hooks.Definitions.dll": "9050BCEDB1C32A05A68BA8B423EE5BD1",
  "Reloaded.Hooks.dll": "F7725E23296D03433F2760243C447D4E",
  "Reloaded.Memory.Buffers.dll": "71B49E55FF9D23F9520E7523A66E1C70",
  "Reloaded.Memory.dll": "21C45B6956EC887B57DFC8D29154FC75",
  "revision.txt": "41071A1452B40720449779A233716395",
  "SDL2-CS.config": "65557595FD5DF55D93B2BF881DE62C3A",
  "SDL2-CS.dll": "0A9AF613813727CB15FE68FD3B0CEECB",
  "Serilog.dll": "7944BE55DA0D424FF3091F786C09D1D1",
  "Serilog.Sinks.Async.dll": "60D88AA7B039FD9C25EA7D57DC9EAADE",
  "Serilog.Sinks.Console.dll": "C0265F6418F35D645539CD80452F8CF8",
  "Serilog.Sinks.File.dll": "29A8DCABC961ED639230C123972113EB",
  "SharpDX.Direct3D11.dll": "42FBA3EF73D58A4915FFC9258BF41F7B",
  "SharpDX.dll": "6B89D3187EBA7077712096A8DE9F8827",
  "SharpDX.DXGI.dll": "10F7F5667F89425BA58CEA105A27E5DE",
  "SharpDX.Mathematics.dll": "AAF09CF560FE6E0AA1836691FFE54931",
  "Silk.NET.Core.dll": "8AD8A144AB6DEDD1836AE7A594DB424F",
  "Silk.NET.GLFW.dll": "40ACE3CF346FEE73C7A1665DE9FDD5D8",
  "Silk.NET.Maths.dll": "D31197D72B4AD2A851BB03ED3C6F3CD6",
  "Silk.NET.OpenGL.dll": "6F7BF673CF3FDE2A09CADD693310D17D",
  "Silk.NET.SDL.dll": "082C660E34FDD55225D0E7F63ACA8F24",
  "Silk.NET.Windowing.Common.dll": "79FD64126DC07BBD6FAFED9A22EBE5CE",
  "Silk.NET.Windowing.Glfw.dll": "64B2F7043836CC92B633D1DD20824CE3",
  "Silk.NET.Windowing.Sdl.dll": "11D40CE458517DE19EF9499D26A449B8",
  "SQLite-net.dll": "CEA00B7D1E5D600351C4CBDB9CB8AB63",
  "SQLitePCLRaw.batteries_v2.dll": "5D7A82336F59B06220B46D9A89AAB5A1",
  "SQLitePCLRaw.core.dll": "44626E0AE6460D9991C79F54E582888F",
  "SQLitePCLRaw.nativelibrary.dll": "FC3F9008B3BB7A42F72C2B5923EC9FD8",
  "SQLitePCLRaw.provider.dynamic_cdecl.dll": "6138B34B62AB40A086D146EE4D907797",
  "StbiSharp.dll": "72538E210D988C117C92839D205BCB79",
  "System.Reactive.dll": "EF5A00287AD15393D41B12AA4B726FF7",
  "System.Reflection.MetadataLoadContext.dll": "7EC41D41F4E1246757BA3E2EC862D562",
  "System.Security.Cryptography.Pkcs.dll": "8950E01996A37E808BE3F39063C37BF9",
  "TEMP_gitver.txt": "1129A33A3334E6C34F422A7BCC7BB730",
  "TerraFX.Interop.Windows.dll": "84F7EF6B0DE91F8CC23F773D3FD6DEC0",
  "Validation.dll": "6F43C9EFD77E187E9477FE2902DBFABA"
}
