{
  "runtimes\\linux-x64\\native\\libglfw.so.3": "9E3137144F68B9E9793F4C7AD5B1BEA7",
  "runtimes\\linux-x64\\native\\libSDL2-2.0.so": "99B95A708381FC66AB2370E45A260527",
  "runtimes\\linux-x64\\native\\libstbi.so": "0945355ED59677D06E3E88F48101BB26",
  "runtimes\\osx-x64\\native\\libglfw.3.dylib": "1E30FAB2F0C40E82290AD4B0BF14A880",
  "runtimes\\osx-x64\\native\\libSDL2-2.0.dylib": "AAC958490586C67395F0A90903AE3747",
  "runtimes\\osx-x64\\native\\libstbi.dylib": "0B84B0A6A80178266018081C3CAB68E6",
  "runtimes\\win-x64\\native\\cimgui.dll": "96DF7301D5D6257B696F116B65FAD8D7",
  "runtimes\\win-x64\\native\\cimguizmo.dll": "FCD905E5014BE2F5E913BB5C0DC95924",
  "runtimes\\win-x64\\native\\cimplot.dll": "FABFCE2ACFA740D17148E5E700DD9213",
  "runtimes\\win-x64\\native\\glfw3.dll": "92C97747A348B7D5729716B3AF3492D9",
  "runtimes\\win-x64\\native\\minhook.x64d.dll": "C3CCBB6E118A8AC93873F57C941B3984",
  "runtimes\\win-x64\\native\\SDL2.dll": "883AD52A208D58B196C633E9B096F2DB",
  "runtimes\\win-x64\\native\\stbi.dll": "608BA7BD4C4D55FBBF6549ECA6767FDD",
  "runtimes\\win-x64\\native\\stbi.lib": "927C214DE576219E1F80DBE7798A0502",
  "runtimes\\win-x86\\native\\glfw3.dll": "B6A477E8C9B2051CCBF261B72341859F",
  "runtimes\\win-x86\\native\\SDL2.dll": "3A49AB2CB06D5A9C90998C6A264DBE5E",
  "targets\\Dalamud.Plugin.Bootstrap.targets": "72C91AC1B4F7C83711BB4C5834FE49A8",
  "targets\\Dalamud.Plugin.targets": "CE55DF182FBC948D33DB41454A31EEF9",
  "CheapLoc.dll": "B8C191D19F9544518E81AAEEEA45599C",
  "Costura.dll": "A69A0E5A90C74C66173B69DB719C8E09",
  "Dalamud.Boot.dll": "EE0ECE3A266936CE2D9A5E47ADF096DE",
  "Dalamud.deps.json": "94159B929F3311C3B97DDCBDE9689818",
  "Dalamud.dll": "64A00483549FD95A9B6BC6AF265D2F75",
  "Dalamud.Injector.deps.json": "D10EED2039C0151239F5EA4FE3A65A7B",
  "Dalamud.Injector.dll": "16D1D65DA0A68FB8C2970815824A3E5A",
  "Dalamud.Injector.exe": "EFF5F0DD072A67671DF7A077CACC2954",
  "Dalamud.Injector.runtimeconfig.json": "AAAFA957BB3B382321D67ACC2D792553",
  "Dalamud.Injector.xml": "CC06A545B271F56E0781ECC82BDEF67F",
  "Dalamud.Interface.dll": "ED495CFB5C076C9618374694B0B4A678",
  "Dalamud.runtimeconfig.json": "454E2BA21742B08CF0A9827950A92B0F",
  "Dalamud.xml": "454FCAEB91D7740499E6C2040E7FB738",
  "DalamudCrashHandler.exe": "3A17288F9D7A493BE196636DBF9740A7",
  "FASM-LICENSE.TXT": "ECEA1D10811221D5F0A3E96F9C38E2C7",
  "FASM.DLL": "16B334C28FA6988B9B670336D02CBB0A",
  "FASMX64.DLL": "7792251BD031A9D74FBEF92D24EDC48C",
  "FFXIVClientStructs.dll": "EF4F565F0C54259C4F14D299BE1717A9",
  "FFXIVClientStructs.xml": "1E81062A8DE4667D1F3E043E2D8F18F0",
  "goaaats.Reloaded.Assembler.targets": "CC22CB0A353E2136EE9E6E96DB9F7164",
  "Iced.dll": "61DD752D174C623770AFE3562CA9544B",
  "ImGui.NET.dll": "4155D658F7E60D89DAEDEDA531C7D430",
  "ImGuiScene.dll": "16FDF3A3112F7EAFE0965BE0CA978F14",
  "JetBrains.Annotations.dll": "C59CFDB285D32FB65B044A69B1931E9C",
  "licenses.txt": "A159BE62AA91178EFC3E3983AE874D1D",
  "Lumina.dll": "F37E8CEAB5B911931B860DE0D9C18DF1",
  "Lumina.Excel.dll": "142E9CFDBA78540FA08E2DD4EE672363",
  "Microsoft.Bcl.HashCode.dll": "613AB56061ADF2284E047025207467E0",
  "Microsoft.DotNet.PlatformAbstractions.dll": "00AB0F02B1114C57C758F5AD595224F1",
  "Microsoft.Extensions.DependencyModel.dll": "F39BC76C10CFEA478C936FC4521A9FC9",
  "MinSharp.dll": "EDC23D6FA176BDF794B9B098A22EBD84",
  "Mono.Cecil.dll": "A241EF9C070A9D88A8F616E5AFC39E91",
  "Mono.Cecil.Mdb.dll": "44C4BF25DA0815851F0AAC822702664E",
  "Mono.Cecil.Pdb.dll": "FC28D41CDDD1B94ECB7E727A55644821",
  "Mono.Cecil.Rocks.dll": "904D9D63795E7F2125D6B0FBFE4FBDA2",
  "MonoMod.Backports.dll": "746AC5A207D7A014740A484464B4B3D2",
  "MonoMod.Core.dll": "31E15591CEB065DC16C968BAB237A80F",
  "MonoMod.Iced.dll": "ECDA268A8ADC1E64F159A46558277B53",
  "MonoMod.ILHelpers.dll": "C52612CE56EF7EF062370F8CFFEBB664",
  "MonoMod.RuntimeDetour.dll": "AD5C8355B69360AA19A269AE20D4B3C4",
  "MonoMod.Utils.dll": "D8A7B335437CFE04FFF85A4CAC17C2BF",
  "nethost.dll": "012081214FE71F0F6ADCD9F4A71B2B00",
  "Newtonsoft.Json.dll": "86A83A63F12B55FD3718CFBFB577D7DC",
  "PeNet.Asn1.dll": "10DDDAE0352F9A76B936F836C88F46C2",
  "PeNet.dll": "98B754492AC095F45170F23C02C0131E",
  "PInvoke.AdvApi32.dll": "34EE461D05B403C3A15D0DEC32A3788C",
  "PInvoke.BCrypt.dll": "FD07758EE1440491F22923084109FF26",
  "PInvoke.Cabinet.dll": "333D950E3804735DA60CC41D614C63E2",
  "PInvoke.CfgMgr32.dll": "768BE7CC18EDCF78B296A72ABE891691",
  "PInvoke.Crypt32.dll": "E7B00B0851738F4A7F2C6D37DAA973B4",
  "PInvoke.DbgHelp.dll": "E701136169620D20E3A70B560DE20E44",
  "PInvoke.DwmApi.dll": "ACF223CC8962404056648815B486F7D9",
  "PInvoke.Gdi32.dll": "69FF434826F98582CE44D3136ECFFACB",
  "PInvoke.Hid.dll": "2E7A41257F8AD9B26073181F450CD8E5",
  "PInvoke.ImageHlp.dll": "79BE816E8D86EA66489D7780DD675D49",
  "PInvoke.IPHlpApi.dll": "E949FA3326D1BA8872B179AB4EE49D38",
  "PInvoke.Kernel32.dll": "234E15B122ED430DE99490CA1A204958",
  "PInvoke.Magnification.dll": "C9EA3D34F506741ECC044DB19C151F09",
  "PInvoke.Msi.dll": "69EE50CE2DA6B55755E52589F49A7EBC",
  "PInvoke.NCrypt.dll": "DA1DE76C14D99370CA3BEF19DC299B15",
  "PInvoke.NetApi32.dll": "AE79F9FA2E3864A5E0642AE4622ECDC5",
  "PInvoke.NewDev.dll": "B3E1992105D986EF9C5C8E4B630FBB07",
  "PInvoke.NTDll.dll": "3F6BDF840EB27DD0FD9EB8071822183A",
  "PInvoke.Ole32.dll": "3C49FB100B60519FFE725BCD12A538F6",
  "PInvoke.Psapi.dll": "A7683EE4B880227F01C8AE632A892B9E",
  "PInvoke.SetupApi.dll": "1B7AE321185D0081D1759A9AD829F9BA",
  "PInvoke.SHCore.dll": "F27E7F063D51480F6D2294C903E4A606",
  "PInvoke.Shell32.dll": "F71A1BCAF6478190691170DAEA77722F",
  "PInvoke.User32.dll": "8BEDE38311ED4F27127290B81B8079FD",
  "PInvoke.Userenv.dll": "FEB7BCA90B8C905EC2F4BB0789847131",
  "PInvoke.UxTheme.dll": "8E683C016250CB719FDB9AAAFC22B3C5",
  "PInvoke.Windows.Core.dll": "90015440A44935208FFEA9BF61740651",
  "PInvoke.Windows.ShellScalingApi.dll": "F351B34B8C9183A51CADFDC279357C49",
  "PInvoke.WinUsb.dll": "9EB8A0280F2848D1A32B560A939F7336",
  "PInvoke.WtsApi32.dll": "341C94455D2E5893DBE4293D4D67AA4D",
  "Reloaded.Assembler.dll": "3CB3BE62ACC7B167DB4E8DB267900DC7",
  "Reloaded.Hooks.Definitions.dll": "90E241BEF2EB4DFE23F30814F1B5A03E",
  "Reloaded.Hooks.dll": "7BDC1B6460B481F2DF6E040919D96B6E",
  "Reloaded.Memory.Buffers.dll": "237039F274CDBA5EDB97FCC674E62A1F",
  "Reloaded.Memory.dll": "674AD2A7BE9741B9BD71E1D06091FB4C",
  "revision.txt": "DA0B566359C3862F20B5072C3D49BD0F",
  "SDL2-CS.config": "65557595FD5DF55D93B2BF881DE62C3A",
  "SDL2-CS.dll": "D0A2C1A6C2975CC76D5D7CA4DCFF7794",
  "Serilog.dll": "FEDA5A47E657D95755E4114C7B70C37E",
  "Serilog.Sinks.Async.dll": "855F16DAF695CACA55F98B2AAFA912E6",
  "Serilog.Sinks.Console.dll": "03C509D65F61E55CE60289EFBD09D8DE",
  "Serilog.Sinks.File.dll": "0F4B961C4C7CD1A64D0E793A89A15A49",
  "SharpDX.Direct3D11.dll": "B82AB7E3814D7DB7E99B025F653F8C0A",
  "SharpDX.dll": "F0A6764263970D38B6C24D429DB91A25",
  "SharpDX.DXGI.dll": "605FCA44DFEAE5C076A8BA5B38BEA34E",
  "SharpDX.Mathematics.dll": "D7989A6E1DF65ABEB9BA138E45540164",
  "Silk.NET.Core.dll": "7598768696DBD1E0DC6E2E3274E6966B",
  "Silk.NET.GLFW.dll": "61C48B2D87A98AA33BA0D51BA33FD3EB",
  "Silk.NET.Maths.dll": "B74003E837A304F33AFFF3D484D15F56",
  "Silk.NET.OpenGL.dll": "DB263078DA6C58E6520ADFC4EC24762F",
  "Silk.NET.SDL.dll": "3224EE53A67A4A5E4E0BAD8947A5929D",
  "Silk.NET.Windowing.Common.dll": "8B02753EDDAF7DD4F22ADCE2FA1B629F",
  "Silk.NET.Windowing.Glfw.dll": "353045569F8E91D34C17B6E246424569",
  "Silk.NET.Windowing.Sdl.dll": "F7BB9C0B0F54C7CD480608B9BED065B5",
  "StbiSharp.dll": "420C5938480BD072524C1E0A853A2D09",
  "System.Reactive.dll": "EF5A00287AD15393D41B12AA4B726FF7",
  "System.Reflection.MetadataLoadContext.dll": "7EC41D41F4E1246757BA3E2EC862D562",
  "System.Security.Cryptography.Pkcs.dll": "8950E01996A37E808BE3F39063C37BF9",
  "TEMP_gitver.txt": "DEBD8BB7715D5133E63FB4B9B2E08F6F",
  "Validation.dll": "E66F8727113FFA9C5C93AE54DD9FCBB9"
}
