{
  "runtimes\\alpine-x64\\native\\libe_sqlite3.so": "39C244FEDBCD3DFC37041D4FCE1AE21D",
  "runtimes\\linux-arm\\native\\libe_sqlite3.so": "96CF54BC0EFB83D6E3F5F3E04997A59D",
  "runtimes\\linux-arm64\\native\\libe_sqlite3.so": "F079E55E7F3F9966A4A2052A3234E068",
  "runtimes\\linux-armel\\native\\libe_sqlite3.so": "C5A67D49434FC65D64E9C15778078C76",
  "runtimes\\linux-mips64\\native\\libe_sqlite3.so": "5F8461214089CFC677D46C19B7162161",
  "runtimes\\linux-musl-x64\\native\\libe_sqlite3.so": "39C244FEDBCD3DFC37041D4FCE1AE21D",
  "runtimes\\linux-x64\\native\\libe_sqlite3.so": "6F49C540D3AB9964D67A4A704C3D262D",
  "runtimes\\linux-x64\\native\\libglfw.so.3": "9E3137144F68B9E9793F4C7AD5B1BEA7",
  "runtimes\\linux-x64\\native\\libSDL2-2.0.so": "99B95A708381FC66AB2370E45A260527",
  "runtimes\\linux-x64\\native\\libstbi.so": "0945355ED59677D06E3E88F48101BB26",
  "runtimes\\linux-x86\\native\\libe_sqlite3.so": "5E0659B414CBD6DDC38C65582485853E",
  "runtimes\\osx-x64\\native\\libe_sqlite3.dylib": "F82AE134FCD1C080A69D775591406673",
  "runtimes\\osx-x64\\native\\libglfw.3.dylib": "1E30FAB2F0C40E82290AD4B0BF14A880",
  "runtimes\\osx-x64\\native\\libSDL2-2.0.dylib": "AAC958490586C67395F0A90903AE3747",
  "runtimes\\osx-x64\\native\\libstbi.dylib": "0B84B0A6A80178266018081C3CAB68E6",
  "runtimes\\win-arm\\native\\e_sqlite3.dll": "58918A7FDF8759B4E12B932E9C53CCAB",
  "runtimes\\win-arm64\\native\\e_sqlite3.dll": "66BCFAD3B51507E853A65F628EDD9342",
  "runtimes\\win-x64\\native\\cimgui.dll": "A0D632753EF7084655E3733C9E531A3A",
  "runtimes\\win-x64\\native\\cimguizmo.dll": "4802F14DD29A96E37458D8F14CB3A25D",
  "runtimes\\win-x64\\native\\cimplot.dll": "56DD502CC6B855599F3E8CC525BA4E2D",
  "runtimes\\win-x64\\native\\e_sqlite3.dll": "2171B01065D56584B3C6B55CAA8C2E21",
  "runtimes\\win-x64\\native\\glfw3.dll": "54BD55BDB0E57F65A55EF98905EEFBCE",
  "runtimes\\win-x64\\native\\minhook.x64d.dll": "45596DD54C54E881C73BF37CA38C2DB8",
  "runtimes\\win-x64\\native\\SDL2.dll": "A9B1C22D7B7BA540FD6F4D745ADAC6CA",
  "runtimes\\win-x64\\native\\stbi.dll": "5ED25ED6929BBCC560E4050C6D4DBA2D",
  "runtimes\\win-x64\\native\\stbi.lib": "927C214DE576219E1F80DBE7798A0502",
  "runtimes\\win-x86\\native\\e_sqlite3.dll": "5863DA7C36FF999ADE6183615229E430",
  "runtimes\\win-x86\\native\\glfw3.dll": "333BCDB861DDBEF32A5D8CABA2ABF79A",
  "runtimes\\win-x86\\native\\SDL2.dll": "9B0A7C441C4515EBFC64687E8F872570",
  "targets\\Dalamud.Plugin.Bootstrap.targets": "C85635161398CD9852CF7212DB7EB904",
  "targets\\Dalamud.Plugin.targets": "11001C983157350F50D99F1A827999B5",
  "CheapLoc.dll": "6B2573669D1A5FFA26D205686E74698D",
  "Costura.dll": "33C4F499DD7CE97DB71E2C3CEB133C62",
  "Dalamud.Boot.dll": "83B9AA20A3A78BB0C7121F7200082F9B",
  "Dalamud.Common.dll": "DE9148ED49C7D4DDAB1F9030EF4B8690",
  "Dalamud.deps.json": "2C187D7EED0E7F3E3D5502617CAF0E19",
  "Dalamud.dll": "6FE3D31F52AE22510C329E641A13FD9D",
  "Dalamud.Injector.deps.json": "4E53ABE9A5D3E4592DA63EBF98DAAD86",
  "Dalamud.Injector.dll": "50033AAA770949A5C5A086031ECC1705",
  "Dalamud.Injector.exe": "1B2139354C27BFAD9F9F1BC169EF7534",
  "Dalamud.Injector.runtimeconfig.json": "AAAFA957BB3B382321D67ACC2D792553",
  "Dalamud.Injector.xml": "D41E5DF541D19A015215E777D7395C9C",
  "Dalamud.runtimeconfig.json": "15719C111D02D5BD45F37285FC8B6040",
  "Dalamud.xml": "BB6654DD96CB04CD5EE462D58003AF0C",
  "DalamudCrashHandler.exe": "6254866B8D35B5BCDF70C78F7B6F43D3",
  "FASM-LICENSE.TXT": "ECEA1D10811221D5F0A3E96F9C38E2C7",
  "FASM.DLL": "97DD821BB393340CA2E0D4CE6FCE5449",
  "FASMX64.DLL": "A67195287B0C81CAF7F7DE6D8E00DDEF",
  "FFXIVClientStructs.dll": "62C3D6D871F7593E99CDE9E27F61E63C",
  "FFXIVClientStructs.xml": "08C8C63D475C837BDE9528BC1D68B9C9",
  "goaaats.Reloaded.Assembler.targets": "CC22CB0A353E2136EE9E6E96DB9F7164",
  "Iced.dll": "2449B6C9616DF2457C8C53182485A999",
  "ImGui.NET.dll": "89AA37D88565929EE83BF3E28F44E2AC",
  "ImGuiScene.dll": "ECB7DB25F10EFB7E19FCE36D5D66A8EA",
  "JetBrains.Annotations.dll": "872592356C6F8BEAC49312152992BB77",
  "licenses.txt": "A159BE62AA91178EFC3E3983AE874D1D",
  "Lumina.dll": "A462E74D4CDA7BD4DCACEE6236DB0C87",
  "Lumina.Excel.dll": "BDC69CC12724F78979E8BC88D93E0EE4",
  "Microsoft.Bcl.HashCode.dll": "613AB56061ADF2284E047025207467E0",
  "Microsoft.DotNet.PlatformAbstractions.dll": "00AB0F02B1114C57C758F5AD595224F1",
  "Microsoft.Extensions.DependencyModel.dll": "F39BC76C10CFEA478C936FC4521A9FC9",
  "Microsoft.Extensions.ObjectPool.dll": "91B40FCF7D5A05DF428016DDFD05BABB",
  "MinSharp.dll": "FE8F97CBA2E371FA8E348F0D74595970",
  "Mono.Cecil.dll": "D476EDDD33F8DAF1C72B454A1118CDF3",
  "Mono.Cecil.Mdb.dll": "CD91B812AFDB915C1F9F6049B46009BB",
  "Mono.Cecil.Pdb.dll": "4F4B3ABEA891B4BDD3FD0B0DC9C78E7C",
  "Mono.Cecil.Rocks.dll": "7D3BC23FBB293D27C33235686E8995AB",
  "MonoMod.Backports.dll": "999C2881818507CF0D7EDCCDB657E215",
  "MonoMod.Core.dll": "D7848124497795DBBEB5DC41A95310C9",
  "MonoMod.Iced.dll": "2AB3874EDA0E70274B55AB2D04B2AFB6",
  "MonoMod.ILHelpers.dll": "48F89A4F33E3F26EF91A2BF57E055253",
  "MonoMod.RuntimeDetour.dll": "7C718E15A9C07F3A5864C4524E80B6FC",
  "MonoMod.Utils.dll": "8C503698E3E5BBCB0E3C61C5CA3E5CEC",
  "nethost.dll": "012081214FE71F0F6ADCD9F4A71B2B00",
  "Newtonsoft.Json.dll": "86A83A63F12B55FD3718CFBFB577D7DC",
  "PeNet.Asn1.dll": "9F94B18A88FFBC51078438CDC66E9D9B",
  "PeNet.dll": "3120F338862B169776FCD97F463C5C9A",
  "PInvoke.AdvApi32.dll": "34EE461D05B403C3A15D0DEC32A3788C",
  "PInvoke.BCrypt.dll": "FD07758EE1440491F22923084109FF26",
  "PInvoke.Cabinet.dll": "333D950E3804735DA60CC41D614C63E2",
  "PInvoke.CfgMgr32.dll": "768BE7CC18EDCF78B296A72ABE891691",
  "PInvoke.Crypt32.dll": "E7B00B0851738F4A7F2C6D37DAA973B4",
  "PInvoke.DbgHelp.dll": "E701136169620D20E3A70B560DE20E44",
  "PInvoke.DwmApi.dll": "ACF223CC8962404056648815B486F7D9",
  "PInvoke.Gdi32.dll": "69FF434826F98582CE44D3136ECFFACB",
  "PInvoke.Hid.dll": "2E7A41257F8AD9B26073181F450CD8E5",
  "PInvoke.ImageHlp.dll": "79BE816E8D86EA66489D7780DD675D49",
  "PInvoke.IPHlpApi.dll": "E949FA3326D1BA8872B179AB4EE49D38",
  "PInvoke.Kernel32.dll": "234E15B122ED430DE99490CA1A204958",
  "PInvoke.Magnification.dll": "C9EA3D34F506741ECC044DB19C151F09",
  "PInvoke.Msi.dll": "69EE50CE2DA6B55755E52589F49A7EBC",
  "PInvoke.NCrypt.dll": "DA1DE76C14D99370CA3BEF19DC299B15",
  "PInvoke.NetApi32.dll": "AE79F9FA2E3864A5E0642AE4622ECDC5",
  "PInvoke.NewDev.dll": "B3E1992105D986EF9C5C8E4B630FBB07",
  "PInvoke.NTDll.dll": "3F6BDF840EB27DD0FD9EB8071822183A",
  "PInvoke.Ole32.dll": "3C49FB100B60519FFE725BCD12A538F6",
  "PInvoke.Psapi.dll": "A7683EE4B880227F01C8AE632A892B9E",
  "PInvoke.SetupApi.dll": "1B7AE321185D0081D1759A9AD829F9BA",
  "PInvoke.SHCore.dll": "F27E7F063D51480F6D2294C903E4A606",
  "PInvoke.Shell32.dll": "F71A1BCAF6478190691170DAEA77722F",
  "PInvoke.User32.dll": "8BEDE38311ED4F27127290B81B8079FD",
  "PInvoke.Userenv.dll": "FEB7BCA90B8C905EC2F4BB0789847131",
  "PInvoke.UxTheme.dll": "8E683C016250CB719FDB9AAAFC22B3C5",
  "PInvoke.Windows.Core.dll": "90015440A44935208FFEA9BF61740651",
  "PInvoke.Windows.ShellScalingApi.dll": "F351B34B8C9183A51CADFDC279357C49",
  "PInvoke.WinUsb.dll": "9EB8A0280F2848D1A32B560A939F7336",
  "PInvoke.WtsApi32.dll": "341C94455D2E5893DBE4293D4D67AA4D",
  "Reloaded.Assembler.dll": "BB6531439E8A227E690CC9F1649DA7AE",
  "Reloaded.Hooks.Definitions.dll": "C4EB29C1028D0348D297210E8A00DA77",
  "Reloaded.Hooks.dll": "C0B4E8044CF4B493952DFF88FA9F2EB2",
  "Reloaded.Memory.Buffers.dll": "B8B9382332EF95F2666884D76F8BD6DD",
  "Reloaded.Memory.dll": "C06C70920B1E96F141E11E70850ED95B",
  "revision.txt": "B22ED7EAFE03B63112EF3FF52F0B99DB",
  "SDL2-CS.config": "65557595FD5DF55D93B2BF881DE62C3A",
  "SDL2-CS.dll": "5C3A268F0155FA713EB8163041ED080E",
  "Serilog.dll": "ECEFBC989825116068AD981ED0FA4180",
  "Serilog.Sinks.Async.dll": "2859AE425E2BDA5925297B1B311E6F1F",
  "Serilog.Sinks.Console.dll": "9B6F1B201E92BE204FC9565D2A558AB7",
  "Serilog.Sinks.File.dll": "122FB690D8AEEDFEDEA24E3C90B7E698",
  "SharpDX.Direct3D11.dll": "2E25B3EDADD2CA681D9F423E88F1EC3D",
  "SharpDX.dll": "CC18461A9892E12F563E8BEAC1938F6B",
  "SharpDX.DXGI.dll": "4FAC4D4B374F0600EADB364E8EF5EF60",
  "SharpDX.Mathematics.dll": "8FFBF9E21DD50D7E4E8824F818244DF6",
  "Silk.NET.Core.dll": "E7EC5E268C5F82A6D69C46C15C7EC496",
  "Silk.NET.GLFW.dll": "F9978E7A154983F8B822B9388C0D85C6",
  "Silk.NET.Maths.dll": "4934905D5BF29C387B0AB49E162C6618",
  "Silk.NET.OpenGL.dll": "00AE1871290226333AB7F3AEF0D0E517",
  "Silk.NET.SDL.dll": "A2B5A6CD1F64D789B16ED2E8ACCB6D1C",
  "Silk.NET.Windowing.Common.dll": "043583882CF4AACB9EDF877CB395A70F",
  "Silk.NET.Windowing.Glfw.dll": "CD44118824EFE3A20E69055D0A6B6D4F",
  "Silk.NET.Windowing.Sdl.dll": "B04B103E096BE2945FEE7A2083532505",
  "SQLite-net.dll": "87BCCD3065EC0097A70048812F5EA813",
  "SQLitePCLRaw.batteries_v2.dll": "2221CB138139EFF7F8870FFFF84CC313",
  "SQLitePCLRaw.core.dll": "2471E4C1A2D44D6817F176422EDF73C0",
  "SQLitePCLRaw.nativelibrary.dll": "382BBA4AC3C7064B3359023B488A9964",
  "SQLitePCLRaw.provider.dynamic_cdecl.dll": "F8F872DE4FE1F7DEFD18489732B111D1",
  "StbiSharp.dll": "B9D5F908DE769D23DCB5AA5640330135",
  "System.Reactive.dll": "EF5A00287AD15393D41B12AA4B726FF7",
  "System.Reflection.MetadataLoadContext.dll": "7EC41D41F4E1246757BA3E2EC862D562",
  "System.Security.Cryptography.Pkcs.dll": "8950E01996A37E808BE3F39063C37BF9",
  "TEMP_gitver.txt": "4A6D471FFA671AC838DF4F54EFC1E2FE",
  "TerraFX.Interop.Windows.dll": "84F7EF6B0DE91F8CC23F773D3FD6DEC0",
  "Validation.dll": "01D334C76B0C90B52648C393AB3217B7"
}
