{
  "runtimes\\alpine-x64\\native\\libe_sqlite3.so": "39C244FEDBCD3DFC37041D4FCE1AE21D",
  "runtimes\\linux-arm\\native\\libe_sqlite3.so": "96CF54BC0EFB83D6E3F5F3E04997A59D",
  "runtimes\\linux-arm64\\native\\libe_sqlite3.so": "F079E55E7F3F9966A4A2052A3234E068",
  "runtimes\\linux-armel\\native\\libe_sqlite3.so": "C5A67D49434FC65D64E9C15778078C76",
  "runtimes\\linux-mips64\\native\\libe_sqlite3.so": "5F8461214089CFC677D46C19B7162161",
  "runtimes\\linux-musl-x64\\native\\libe_sqlite3.so": "39C244FEDBCD3DFC37041D4FCE1AE21D",
  "runtimes\\linux-x64\\native\\libe_sqlite3.so": "6F49C540D3AB9964D67A4A704C3D262D",
  "runtimes\\linux-x64\\native\\libglfw.so.3": "9E3137144F68B9E9793F4C7AD5B1BEA7",
  "runtimes\\linux-x64\\native\\libSDL2-2.0.so": "99B95A708381FC66AB2370E45A260527",
  "runtimes\\linux-x64\\native\\libstbi.so": "0945355ED59677D06E3E88F48101BB26",
  "runtimes\\linux-x86\\native\\libe_sqlite3.so": "5E0659B414CBD6DDC38C65582485853E",
  "runtimes\\osx-x64\\native\\libe_sqlite3.dylib": "F82AE134FCD1C080A69D775591406673",
  "runtimes\\osx-x64\\native\\libglfw.3.dylib": "1E30FAB2F0C40E82290AD4B0BF14A880",
  "runtimes\\osx-x64\\native\\libSDL2-2.0.dylib": "AAC958490586C67395F0A90903AE3747",
  "runtimes\\osx-x64\\native\\libstbi.dylib": "0B84B0A6A80178266018081C3CAB68E6",
  "runtimes\\win-arm\\native\\e_sqlite3.dll": "71FEEEFB551BF73CF24CF3AFC4B00665",
  "runtimes\\win-arm64\\native\\e_sqlite3.dll": "9F703C0A80CF2C2AB8B2FBB685FDB3DF",
  "runtimes\\win-x64\\native\\cimgui.dll": "4A59365E4A42B41DC1B2B03D47355DB1",
  "runtimes\\win-x64\\native\\cimguizmo.dll": "DABF95268673A6F9BA6D46C8F7E393F7",
  "runtimes\\win-x64\\native\\cimplot.dll": "0D474FE8F652D2A31E50A0CBE9C47A8A",
  "runtimes\\win-x64\\native\\e_sqlite3.dll": "0636B0840AC020AE2F77688923F10E74",
  "runtimes\\win-x64\\native\\glfw3.dll": "1D64D2AB41080EA1B4840F8C267724C2",
  "runtimes\\win-x64\\native\\minhook.x64d.dll": "40D7E53E1CD86897AF09951FC29D2240",
  "runtimes\\win-x64\\native\\SDL2.dll": "9AFC5AC448CD67A44AC251C6AFDC8124",
  "runtimes\\win-x64\\native\\stbi.dll": "299C7601EAF3F23593FF546865650FDB",
  "runtimes\\win-x64\\native\\stbi.lib": "927C214DE576219E1F80DBE7798A0502",
  "runtimes\\win-x86\\native\\e_sqlite3.dll": "A03E8417777413AFAD0CA1278ECC8E68",
  "runtimes\\win-x86\\native\\glfw3.dll": "CFFC26EF0846999E4AD1129D90B9DD05",
  "runtimes\\win-x86\\native\\SDL2.dll": "67602E5D74EB2C77F4733F711ADA769A",
  "targets\\Dalamud.Plugin.Bootstrap.targets": "C85635161398CD9852CF7212DB7EB904",
  "targets\\Dalamud.Plugin.targets": "E2AA900DB1F6596D1C203D4112A10F5E",
  "CheapLoc.dll": "5FDD6020FF7EA69093CA180D3ED08B80",
  "Costura.dll": "4D8FC1E89E519D44FB8D28CD59E5564B",
  "Dalamud.Boot.dll": "F482962D140841BDE74A8137EC85B5D1",
  "Dalamud.Common.dll": "ADAE71617B4DE69C4931F05F832681D2",
  "Dalamud.deps.json": "518AC364A1135655167AA66260DC2FD1",
  "Dalamud.dll": "601F21436F4294E5BDDEF5A3A1EC720F",
  "Dalamud.Injector.deps.json": "C1FA0941DC8B38E415776C60C508AAB9",
  "Dalamud.Injector.dll": "3BA14024AA992CDC194C281CF8D73784",
  "Dalamud.Injector.exe": "4275EDB2A2713B79D320F09A53793E56",
  "Dalamud.Injector.runtimeconfig.json": "B9BB65FFE7924D4D8BABE9FA66303200",
  "Dalamud.Injector.xml": "D41E5DF541D19A015215E777D7395C9C",
  "Dalamud.runtimeconfig.json": "2A9CD915428BDD175E0889BD0C225F75",
  "Dalamud.xml": "DE39722DD6D8204179E4E0BF5EF8B0F0",
  "DalamudCrashHandler.exe": "58C85E8035B08C6A997938284CC177D9",
  "FASM-LICENSE.TXT": "ECEA1D10811221D5F0A3E96F9C38E2C7",
  "FASM.DLL": "4FABDCC03FE1E2E2F9AD56D0320FCDB7",
  "FASMX64.DLL": "D60CC38F91437751130E978C7AD29E6D",
  "FFXIVClientStructs.dll": "7B1DC6F9EB24B42C8D8671E99793C689",
  "FFXIVClientStructs.xml": "E33701E22DA31DB6D24AE981CD9647F8",
  "goaaats.Reloaded.Assembler.targets": "CC22CB0A353E2136EE9E6E96DB9F7164",
  "Iced.dll": "119A2397FD01F813D1B8B2F7A723BACC",
  "ImGui.NET.dll": "0B1FBF3163E47653AEC4F398D5A07905",
  "ImGuiScene.dll": "AF3FAF0C5A2E4D0FB1675E7F23722B3B",
  "JetBrains.Annotations.dll": "9DAD079546B52D6CB024D77977C91991",
  "licenses.txt": "A159BE62AA91178EFC3E3983AE874D1D",
  "Lumina.dll": "F14FD9D80D1F1223D1D9D43120749969",
  "Lumina.Excel.dll": "EAAF14946EF841F20A9F21BCD8E73D5B",
  "Microsoft.Bcl.HashCode.dll": "613AB56061ADF2284E047025207467E0",
  "Microsoft.DotNet.PlatformAbstractions.dll": "00AB0F02B1114C57C758F5AD595224F1",
  "Microsoft.Extensions.DependencyModel.dll": "F39BC76C10CFEA478C936FC4521A9FC9",
  "Microsoft.Extensions.ObjectPool.dll": "FEE3CE8A84417360CC5ED787ED6F7DB1",
  "MinSharp.dll": "2196E2C48820D4685276B5B243513ED1",
  "Mono.Cecil.dll": "0EE1F68975368460FA3FAF62BA437732",
  "Mono.Cecil.Mdb.dll": "0C47817770461A9B659C4423264F40F7",
  "Mono.Cecil.Pdb.dll": "4EDEA6A89EAFF9B140E8E1FEA012C7D7",
  "Mono.Cecil.Rocks.dll": "B6E4CF0C01C7496C066C7E68303B1E30",
  "nethost.dll": "012081214FE71F0F6ADCD9F4A71B2B00",
  "Newtonsoft.Json.dll": "86A83A63F12B55FD3718CFBFB577D7DC",
  "PeNet.Asn1.dll": "3453C4780DE5E61BD05C664862D6A484",
  "PeNet.dll": "AA75A212EE4528ADCC7A9B9FF8A9914F",
  "PInvoke.AdvApi32.dll": "34EE461D05B403C3A15D0DEC32A3788C",
  "PInvoke.BCrypt.dll": "FD07758EE1440491F22923084109FF26",
  "PInvoke.Cabinet.dll": "333D950E3804735DA60CC41D614C63E2",
  "PInvoke.CfgMgr32.dll": "768BE7CC18EDCF78B296A72ABE891691",
  "PInvoke.Crypt32.dll": "E7B00B0851738F4A7F2C6D37DAA973B4",
  "PInvoke.DbgHelp.dll": "E701136169620D20E3A70B560DE20E44",
  "PInvoke.DwmApi.dll": "ACF223CC8962404056648815B486F7D9",
  "PInvoke.Gdi32.dll": "69FF434826F98582CE44D3136ECFFACB",
  "PInvoke.Hid.dll": "2E7A41257F8AD9B26073181F450CD8E5",
  "PInvoke.ImageHlp.dll": "79BE816E8D86EA66489D7780DD675D49",
  "PInvoke.IPHlpApi.dll": "E949FA3326D1BA8872B179AB4EE49D38",
  "PInvoke.Kernel32.dll": "234E15B122ED430DE99490CA1A204958",
  "PInvoke.Magnification.dll": "C9EA3D34F506741ECC044DB19C151F09",
  "PInvoke.Msi.dll": "69EE50CE2DA6B55755E52589F49A7EBC",
  "PInvoke.NCrypt.dll": "DA1DE76C14D99370CA3BEF19DC299B15",
  "PInvoke.NetApi32.dll": "AE79F9FA2E3864A5E0642AE4622ECDC5",
  "PInvoke.NewDev.dll": "B3E1992105D986EF9C5C8E4B630FBB07",
  "PInvoke.NTDll.dll": "3F6BDF840EB27DD0FD9EB8071822183A",
  "PInvoke.Ole32.dll": "3C49FB100B60519FFE725BCD12A538F6",
  "PInvoke.Psapi.dll": "A7683EE4B880227F01C8AE632A892B9E",
  "PInvoke.SetupApi.dll": "1B7AE321185D0081D1759A9AD829F9BA",
  "PInvoke.SHCore.dll": "F27E7F063D51480F6D2294C903E4A606",
  "PInvoke.Shell32.dll": "F71A1BCAF6478190691170DAEA77722F",
  "PInvoke.User32.dll": "8BEDE38311ED4F27127290B81B8079FD",
  "PInvoke.Userenv.dll": "FEB7BCA90B8C905EC2F4BB0789847131",
  "PInvoke.UxTheme.dll": "8E683C016250CB719FDB9AAAFC22B3C5",
  "PInvoke.Windows.Core.dll": "90015440A44935208FFEA9BF61740651",
  "PInvoke.Windows.ShellScalingApi.dll": "F351B34B8C9183A51CADFDC279357C49",
  "PInvoke.WinUsb.dll": "9EB8A0280F2848D1A32B560A939F7336",
  "PInvoke.WtsApi32.dll": "341C94455D2E5893DBE4293D4D67AA4D",
  "Reloaded.Assembler.dll": "741CCF11FF992CAF427DF0AF2F484B9D",
  "Reloaded.Hooks.Definitions.dll": "583B43608DAB1DA2F23761B5EFE97859",
  "Reloaded.Hooks.dll": "1932B53625FE04632F6569067A931D9B",
  "Reloaded.Memory.Buffers.dll": "63402A7854BBC00AF9F3AC17CEFF7894",
  "Reloaded.Memory.dll": "E993E0759FA3D868DE08ED6E2BBF40C1",
  "revision.txt": "CF040FC71060367913E81AC1EB050AEA",
  "SDL2-CS.config": "65557595FD5DF55D93B2BF881DE62C3A",
  "SDL2-CS.dll": "E91DA28176915F693C37FB3EB120B7D9",
  "Serilog.dll": "AFDC97EE645DDA938560BC28BE3216FD",
  "Serilog.Sinks.Async.dll": "49CDA2878CC267B4B33320AA5161CBA6",
  "Serilog.Sinks.Console.dll": "419C55E87B13EB83E49A9BEEA84DF933",
  "Serilog.Sinks.File.dll": "7176E40390B98EED69BFFFFF08D9E3BB",
  "SharpDX.Direct3D11.dll": "B502E6182E32B73E5086608DB622ECC4",
  "SharpDX.dll": "2F3811C700FFE9954350A0FC104E1328",
  "SharpDX.DXGI.dll": "AE41B4C48EDD4C00CF480F83568FEEA3",
  "SharpDX.Mathematics.dll": "E3B5F3A40EBC5F723CC8424215F5BA3F",
  "Silk.NET.Core.dll": "5F520FBED1F6213B6F5E93CD85AABC93",
  "Silk.NET.GLFW.dll": "5EA85D9CAD1A88BC80A3E83A4D328A7D",
  "Silk.NET.Maths.dll": "12B226226C1BBE0C90116405BDA02C9B",
  "Silk.NET.OpenGL.dll": "2A25A1376AF458DAC326F22A02AE64F2",
  "Silk.NET.SDL.dll": "C2CD762921F9D14A723EBF58751A168F",
  "Silk.NET.Windowing.Common.dll": "E3D15F3D970BEACB3979DC48BE8FEBDD",
  "Silk.NET.Windowing.Glfw.dll": "9DF6CA15077CFE730C96D560A58466D0",
  "Silk.NET.Windowing.Sdl.dll": "D6D443347AC1994C71EA86AAFBE36E9D",
  "SQLite-net.dll": "55407AF2FC9046030B4928DF3D2A3A9D",
  "SQLitePCLRaw.batteries_v2.dll": "272527C67793295F6D47A6A9A91D3BC5",
  "SQLitePCLRaw.core.dll": "A77EF1DA1F91DB09F36958D9DE393DF0",
  "SQLitePCLRaw.nativelibrary.dll": "4C86626A3841724E097435869535EB20",
  "SQLitePCLRaw.provider.dynamic_cdecl.dll": "5F865CA0CABFC9727DE81A54046EB3FD",
  "StbiSharp.dll": "4DF302BDC8EAC1F542B253B00FC7D341",
  "System.Reactive.dll": "EF5A00287AD15393D41B12AA4B726FF7",
  "System.Reflection.MetadataLoadContext.dll": "7EC41D41F4E1246757BA3E2EC862D562",
  "System.Security.Cryptography.Pkcs.dll": "8950E01996A37E808BE3F39063C37BF9",
  "TEMP_gitver.txt": "0B12A78E32E55531697E1C56E9E63844",
  "TerraFX.Interop.Windows.dll": "84F7EF6B0DE91F8CC23F773D3FD6DEC0",
  "Validation.dll": "588F93E87A3C2C69C397AF0231BD9F51"
}
